Copyright 1986-2022 Xilinx, Inc. All Rights Reserved.
--------------------------------------------------------------------------------------------------------
| Tool Version : Vivado v.2022.2 (lin64) Build 3671981 Fri Oct 14 04:59:54 MDT 2022
| Date         : Wed Sep 16 11:44:14 2026
| Host         : finn_dev_thelegendiv running 64-bit Ubuntu 22.04.1 LTS
| Command      : report_utilization -hierarchical -hierarchical_depth 4 -file /tmp/hier_partition_2.rpt
| Design       : GenericPartition_2_wrapper
| Device       : xczu7ev-ffvc1156-2-e
| Speed File   : -2
| Design State : Routed
--------------------------------------------------------------------------------------------------------

Utilization Design Information

Table of Contents
-----------------
1. Utilization by Hierarchy

1. Utilization by Hierarchy
---------------------------

+---------------------------------------------+----------------------------------------------------------+------------+------------+---------+------+-------+--------+--------+------+------------+
|                   Instance                  |                          Module                          | Total LUTs | Logic LUTs | LUTRAMs | SRLs |  FFs  | RAMB36 | RAMB18 | URAM | DSP Blocks |
+---------------------------------------------+----------------------------------------------------------+------------+------------+---------+------+-------+--------+--------+------+------------+
| GenericPartition_2_wrapper                  |                                                    (top) |     128483 |     125687 |     956 | 1840 | 51480 |     30 |     49 |    0 |        325 |
|   (GenericPartition_2_wrapper)              |                                                    (top) |       1103 |       1103 |       0 |    0 |     0 |      0 |      0 |    0 |          0 |
|   GenericPartition_2_i                      |                                       GenericPartition_2 |     127381 |     124585 |     956 | 1840 | 51480 |     30 |     49 |    0 |        325 |
|     (GenericPartition_2_i)                  |                                       GenericPartition_2 |         97 |         97 |       0 |    0 |     0 |      0 |      0 |    0 |          0 |
|     AddStreams_hls_0                        |                    GenericPartition_2_AddStreams_hls_0_0 |         64 |         64 |       0 |    0 |    88 |      0 |      0 |    0 |          0 |
|       inst                                  |                                         AddStreams_hls_0 |         64 |         64 |       0 |    0 |    88 |      0 |      0 |    0 |          0 |
|         (inst)                              |                                         AddStreams_hls_0 |          0 |          0 |       0 |    0 |    25 |      0 |      0 |    0 |          0 |
|         flow_control_loop_pipe_no_ap_cont_U |       AddStreams_hls_0_flow_control_loop_pipe_no_ap_cont |         24 |         24 |       0 |    0 |     1 |      0 |      0 |    0 |          0 |
|         regslice_both_in0_V_U               |                           AddStreams_hls_0_regslice_both |          6 |          6 |       0 |    0 |    20 |      0 |      0 |    0 |          0 |
|         regslice_both_in1_V_U               |                       AddStreams_hls_0_regslice_both_554 |         18 |         18 |       0 |    0 |    20 |      0 |      0 |    0 |          0 |
|         regslice_both_out_V_U               |           AddStreams_hls_0_regslice_both__parameterized0 |         17 |         17 |       0 |    0 |    22 |      0 |      0 |    0 |          0 |
|     AddStreams_hls_1                        |                    GenericPartition_2_AddStreams_hls_1_0 |         66 |         66 |       0 |    0 |    88 |      0 |      0 |    0 |          0 |
|       inst                                  |                                         AddStreams_hls_1 |         66 |         66 |       0 |    0 |    88 |      0 |      0 |    0 |          0 |
|         (inst)                              |                                         AddStreams_hls_1 |          0 |          0 |       0 |    0 |    25 |      0 |      0 |    0 |          0 |
|         flow_control_loop_pipe_no_ap_cont_U |       AddStreams_hls_1_flow_control_loop_pipe_no_ap_cont |         26 |         26 |       0 |    0 |     1 |      0 |      0 |    0 |          0 |
|         regslice_both_in0_V_U               |                           AddStreams_hls_1_regslice_both |          6 |          6 |       0 |    0 |    20 |      0 |      0 |    0 |          0 |
|         regslice_both_in1_V_U               |                       AddStreams_hls_1_regslice_both_553 |         18 |         18 |       0 |    0 |    20 |      0 |      0 |    0 |          0 |
|         regslice_both_out_V_U               |           AddStreams_hls_1_regslice_both__parameterized0 |         17 |         17 |       0 |    0 |    22 |      0 |      0 |    0 |          0 |
|     AddStreams_hls_2                        |                    GenericPartition_2_AddStreams_hls_2_0 |         59 |         59 |       0 |    0 |    88 |      0 |      0 |    0 |          0 |
|       inst                                  |                                         AddStreams_hls_2 |         59 |         59 |       0 |    0 |    88 |      0 |      0 |    0 |          0 |
|         (inst)                              |                                         AddStreams_hls_2 |          0 |          0 |       0 |    0 |    25 |      0 |      0 |    0 |          0 |
|         flow_control_loop_pipe_no_ap_cont_U |       AddStreams_hls_2_flow_control_loop_pipe_no_ap_cont |         20 |         20 |       0 |    0 |     1 |      0 |      0 |    0 |          0 |
|         regslice_both_in0_V_U               |                           AddStreams_hls_2_regslice_both |          5 |          5 |       0 |    0 |    20 |      0 |      0 |    0 |          0 |
|         regslice_both_in1_V_U               |                       AddStreams_hls_2_regslice_both_552 |         17 |         17 |       0 |    0 |    20 |      0 |      0 |    0 |          0 |
|         regslice_both_out_V_U               |           AddStreams_hls_2_regslice_both__parameterized0 |         17 |         17 |       0 |    0 |    22 |      0 |      0 |    0 |          0 |
|     AddStreams_hls_3                        |                    GenericPartition_2_AddStreams_hls_3_0 |         68 |         68 |       0 |    0 |    88 |      0 |      0 |    0 |          0 |
|       inst                                  |                                         AddStreams_hls_3 |         68 |         68 |       0 |    0 |    88 |      0 |      0 |    0 |          0 |
|         (inst)                              |                                         AddStreams_hls_3 |          0 |          0 |       0 |    0 |    25 |      0 |      0 |    0 |          0 |
|         flow_control_loop_pipe_no_ap_cont_U |       AddStreams_hls_3_flow_control_loop_pipe_no_ap_cont |         24 |         24 |       0 |    0 |     1 |      0 |      0 |    0 |          0 |
|         regslice_both_in0_V_U               |                           AddStreams_hls_3_regslice_both |          5 |          5 |       0 |    0 |    20 |      0 |      0 |    0 |          0 |
|         regslice_both_in1_V_U               |                       AddStreams_hls_3_regslice_both_551 |         16 |         16 |       0 |    0 |    20 |      0 |      0 |    0 |          0 |
|         regslice_both_out_V_U               |           AddStreams_hls_3_regslice_both__parameterized0 |         23 |         23 |       0 |    0 |    22 |      0 |      0 |    0 |          0 |
|     AddStreams_hls_4                        |                    GenericPartition_2_AddStreams_hls_4_0 |         60 |         60 |       0 |    0 |    88 |      0 |      0 |    0 |          0 |
|       inst                                  |                                         AddStreams_hls_4 |         60 |         60 |       0 |    0 |    88 |      0 |      0 |    0 |          0 |
|         (inst)                              |                                         AddStreams_hls_4 |          0 |          0 |       0 |    0 |    25 |      0 |      0 |    0 |          0 |
|         flow_control_loop_pipe_no_ap_cont_U |       AddStreams_hls_4_flow_control_loop_pipe_no_ap_cont |         21 |         21 |       0 |    0 |     1 |      0 |      0 |    0 |          0 |
|         regslice_both_in0_V_U               |                           AddStreams_hls_4_regslice_both |          5 |          5 |       0 |    0 |    20 |      0 |      0 |    0 |          0 |
|         regslice_both_in1_V_U               |                       AddStreams_hls_4_regslice_both_550 |         17 |         17 |       0 |    0 |    20 |      0 |      0 |    0 |          0 |
|         regslice_both_out_V_U               |           AddStreams_hls_4_regslice_both__parameterized0 |         17 |         17 |       0 |    0 |    22 |      0 |      0 |    0 |          0 |
|     ConvolutionInputGenerator_rtl_0         |     GenericPartition_2_ConvolutionInputGenerator_rtl_0_0 |        219 |        179 |      40 |    0 |    85 |      0 |      0 |    0 |          0 |
|       inst                                  |                          ConvolutionInputGenerator_rtl_0 |        219 |        179 |      40 |    0 |    85 |      0 |      0 |    0 |          0 |
|         impl                                |                     ConvolutionInputGenerator_rtl_0_impl |        219 |        179 |      40 |    0 |    85 |      0 |      0 |    0 |          0 |
|     ConvolutionInputGenerator_rtl_1         |     GenericPartition_2_ConvolutionInputGenerator_rtl_1_0 |        161 |        153 |       8 |    0 |    79 |      0 |      0 |    0 |          0 |
|       inst                                  |                          ConvolutionInputGenerator_rtl_1 |        161 |        153 |       8 |    0 |    79 |      0 |      0 |    0 |          0 |
|         impl                                |                     ConvolutionInputGenerator_rtl_1_impl |        161 |        153 |       8 |    0 |    79 |      0 |      0 |    0 |          0 |
|     ConvolutionInputGenerator_rtl_2         |     GenericPartition_2_ConvolutionInputGenerator_rtl_2_0 |        267 |        195 |      72 |    0 |    87 |      0 |      0 |    0 |          0 |
|       inst                                  |                          ConvolutionInputGenerator_rtl_2 |        267 |        195 |      72 |    0 |    87 |      0 |      0 |    0 |          0 |
|         impl                                |                     ConvolutionInputGenerator_rtl_2_impl |        267 |        195 |      72 |    0 |    87 |      0 |      0 |    0 |          0 |
|     ConvolutionInputGenerator_rtl_3         |     GenericPartition_2_ConvolutionInputGenerator_rtl_3_0 |        185 |        169 |      16 |    0 |    79 |      0 |      0 |    0 |          0 |
|       inst                                  |                          ConvolutionInputGenerator_rtl_3 |        185 |        169 |      16 |    0 |    79 |      0 |      0 |    0 |          0 |
|         impl                                |                     ConvolutionInputGenerator_rtl_3_impl |        185 |        169 |      16 |    0 |    79 |      0 |      0 |    0 |          0 |
|     ConvolutionInputGenerator_rtl_4         |     GenericPartition_2_ConvolutionInputGenerator_rtl_4_0 |        374 |        238 |     136 |    0 |    92 |      0 |      0 |    0 |          0 |
|       inst                                  |                          ConvolutionInputGenerator_rtl_4 |        374 |        238 |     136 |    0 |    92 |      0 |      0 |    0 |          0 |
|         impl                                |                     ConvolutionInputGenerator_rtl_4_impl |        374 |        238 |     136 |    0 |    92 |      0 |      0 |    0 |          0 |
|     ConvolutionInputGenerator_rtl_5         |     GenericPartition_2_ConvolutionInputGenerator_rtl_5_0 |        203 |        179 |      24 |    0 |    86 |      0 |      0 |    0 |          0 |
|       inst                                  |                          ConvolutionInputGenerator_rtl_5 |        203 |        179 |      24 |    0 |    86 |      0 |      0 |    0 |          0 |
|         impl                                |                     ConvolutionInputGenerator_rtl_5_impl |        203 |        179 |      24 |    0 |    86 |      0 |      0 |    0 |          0 |
|     ConvolutionInputGenerator_rtl_6         |     GenericPartition_2_ConvolutionInputGenerator_rtl_6_0 |        563 |        299 |     264 |    0 |   105 |      0 |      0 |    0 |          0 |
|       inst                                  |                          ConvolutionInputGenerator_rtl_6 |        563 |        299 |     264 |    0 |   105 |      0 |      0 |    0 |          0 |
|         impl                                |                     ConvolutionInputGenerator_rtl_6_impl |        563 |        299 |     264 |    0 |   105 |      0 |      0 |    0 |          0 |
|     ConvolutionInputGenerator_rtl_7         |     GenericPartition_2_ConvolutionInputGenerator_rtl_7_0 |        237 |        197 |      40 |    0 |    89 |      0 |      0 |    0 |          0 |
|       inst                                  |                          ConvolutionInputGenerator_rtl_7 |        237 |        197 |      40 |    0 |    89 |      0 |      0 |    0 |          0 |
|         impl                                |                     ConvolutionInputGenerator_rtl_7_impl |        237 |        197 |      40 |    0 |    89 |      0 |      0 |    0 |          0 |
|     ConvolutionInputGenerator_rtl_8         |     GenericPartition_2_ConvolutionInputGenerator_rtl_8_0 |        212 |        172 |      40 |    0 |    83 |      0 |      0 |    0 |          0 |
|       inst                                  |                          ConvolutionInputGenerator_rtl_8 |        212 |        172 |      40 |    0 |    83 |      0 |      0 |    0 |          0 |
|         impl                                |                     ConvolutionInputGenerator_rtl_8_impl |        212 |        172 |      40 |    0 |    83 |      0 |      0 |    0 |          0 |
|     ConvolutionInputGenerator_rtl_9         |     GenericPartition_2_ConvolutionInputGenerator_rtl_9_0 |        159 |        151 |       8 |    0 |    77 |      0 |      0 |    0 |          0 |
|       inst                                  |                          ConvolutionInputGenerator_rtl_9 |        159 |        151 |       8 |    0 |    77 |      0 |      0 |    0 |          0 |
|         impl                                |                     ConvolutionInputGenerator_rtl_9_impl |        159 |        151 |       8 |    0 |    77 |      0 |      0 |    0 |          0 |
|     DuplicateStreams_hls_0                  |              GenericPartition_2_DuplicateStreams_hls_0_0 |         58 |         58 |       0 |    0 |    85 |      0 |      0 |    0 |          0 |
|       inst                                  |                                   DuplicateStreams_hls_0 |         58 |         58 |       0 |    0 |    85 |      0 |      0 |    0 |          0 |
|         (inst)                              |                                   DuplicateStreams_hls_0 |          1 |          1 |       0 |    0 |    24 |      0 |      0 |    0 |          0 |
|         flow_control_loop_pipe_no_ap_cont_U | DuplicateStreams_hls_0_flow_control_loop_pipe_no_ap_cont |         18 |         18 |       0 |    0 |     1 |      0 |      0 |    0 |          0 |
|         regslice_both_in0_V_U               |                     DuplicateStreams_hls_0_regslice_both |         13 |         13 |       0 |    0 |    20 |      0 |      0 |    0 |          0 |
|         regslice_both_out0_V_U              |                 DuplicateStreams_hls_0_regslice_both_545 |         10 |         10 |       0 |    0 |    20 |      0 |      0 |    0 |          0 |
|         regslice_both_out1_V_U              |                 DuplicateStreams_hls_0_regslice_both_546 |         18 |         18 |       0 |    0 |    20 |      0 |      0 |    0 |          0 |
|     DuplicateStreams_hls_1                  |              GenericPartition_2_DuplicateStreams_hls_1_0 |         60 |         60 |       0 |    0 |    85 |      0 |      0 |    0 |          0 |
|       inst                                  |                                   DuplicateStreams_hls_1 |         60 |         60 |       0 |    0 |    85 |      0 |      0 |    0 |          0 |
|         (inst)                              |                                   DuplicateStreams_hls_1 |          1 |          1 |       0 |    0 |    24 |      0 |      0 |    0 |          0 |
|         flow_control_loop_pipe_no_ap_cont_U | DuplicateStreams_hls_1_flow_control_loop_pipe_no_ap_cont |         18 |         18 |       0 |    0 |     1 |      0 |      0 |    0 |          0 |
|         regslice_both_in0_V_U               |                     DuplicateStreams_hls_1_regslice_both |         12 |         12 |       0 |    0 |    20 |      0 |      0 |    0 |          0 |
|         regslice_both_out0_V_U              |                 DuplicateStreams_hls_1_regslice_both_543 |         12 |         12 |       0 |    0 |    20 |      0 |      0 |    0 |          0 |
|         regslice_both_out1_V_U              |                 DuplicateStreams_hls_1_regslice_both_544 |         18 |         18 |       0 |    0 |    20 |      0 |      0 |    0 |          0 |
|     DuplicateStreams_hls_2                  |              GenericPartition_2_DuplicateStreams_hls_2_0 |         58 |         58 |       0 |    0 |    71 |      0 |      0 |    0 |          0 |
|       inst                                  |                                   DuplicateStreams_hls_2 |         58 |         58 |       0 |    0 |    71 |      0 |      0 |    0 |          0 |
|         (inst)                              |                                   DuplicateStreams_hls_2 |          1 |          1 |       0 |    0 |    22 |      0 |      0 |    0 |          0 |
|         flow_control_loop_pipe_no_ap_cont_U | DuplicateStreams_hls_2_flow_control_loop_pipe_no_ap_cont |         18 |         18 |       0 |    0 |     1 |      0 |      0 |    0 |          0 |
|         regslice_both_in0_V_U               |                     DuplicateStreams_hls_2_regslice_both |         11 |         11 |       0 |    0 |    16 |      0 |      0 |    0 |          0 |
|         regslice_both_out0_V_U              |                 DuplicateStreams_hls_2_regslice_both_541 |         11 |         11 |       0 |    0 |    16 |      0 |      0 |    0 |          0 |
|         regslice_both_out1_V_U              |                 DuplicateStreams_hls_2_regslice_both_542 |         18 |         18 |       0 |    0 |    16 |      0 |      0 |    0 |          0 |
|     DuplicateStreams_hls_3                  |              GenericPartition_2_DuplicateStreams_hls_3_0 |         61 |         61 |       0 |    0 |    71 |      0 |      0 |    0 |          0 |
|       inst                                  |                                   DuplicateStreams_hls_3 |         61 |         61 |       0 |    0 |    71 |      0 |      0 |    0 |          0 |
|         (inst)                              |                                   DuplicateStreams_hls_3 |          0 |          0 |       0 |    0 |    22 |      0 |      0 |    0 |          0 |
|         flow_control_loop_pipe_no_ap_cont_U | DuplicateStreams_hls_3_flow_control_loop_pipe_no_ap_cont |         27 |         27 |       0 |    0 |     1 |      0 |      0 |    0 |          0 |
|         regslice_both_in0_V_U               |                     DuplicateStreams_hls_3_regslice_both |         12 |         12 |       0 |    0 |    16 |      0 |      0 |    0 |          0 |
|         regslice_both_out0_V_U              |                 DuplicateStreams_hls_3_regslice_both_539 |         14 |         14 |       0 |    0 |    16 |      0 |      0 |    0 |          0 |
|         regslice_both_out1_V_U              |                 DuplicateStreams_hls_3_regslice_both_540 |          8 |          8 |       0 |    0 |    16 |      0 |      0 |    0 |          0 |
|     DuplicateStreams_hls_4                  |              GenericPartition_2_DuplicateStreams_hls_4_0 |         65 |         65 |       0 |    0 |    71 |      0 |      0 |    0 |          0 |
|       inst                                  |                                   DuplicateStreams_hls_4 |         65 |         65 |       0 |    0 |    71 |      0 |      0 |    0 |          0 |
|         (inst)                              |                                   DuplicateStreams_hls_4 |          0 |          0 |       0 |    0 |    22 |      0 |      0 |    0 |          0 |
|         flow_control_loop_pipe_no_ap_cont_U | DuplicateStreams_hls_4_flow_control_loop_pipe_no_ap_cont |         24 |         24 |       0 |    0 |     1 |      0 |      0 |    0 |          0 |
|         regslice_both_in0_V_U               |                     DuplicateStreams_hls_4_regslice_both |         10 |         10 |       0 |    0 |    16 |      0 |      0 |    0 |          0 |
|         regslice_both_out0_V_U              |                 DuplicateStreams_hls_4_regslice_both_537 |         19 |         19 |       0 |    0 |    16 |      0 |      0 |    0 |          0 |
|         regslice_both_out1_V_U              |                 DuplicateStreams_hls_4_regslice_both_538 |         14 |         14 |       0 |    0 |    16 |      0 |      0 |    0 |          0 |
|     FMPadding_rtl_0                         |                     GenericPartition_2_FMPadding_rtl_0_0 |         66 |         66 |       0 |    0 |   107 |      0 |      0 |    0 |          0 |
|       inst                                  |                                          FMPadding_rtl_0 |         66 |         66 |       0 |    0 |   107 |      0 |      0 |    0 |          0 |
|         impl                                |                                            fmpadding_axi |         66 |         66 |       0 |    0 |   107 |      0 |      0 |    0 |          0 |
|     FMPadding_rtl_1                         |                     GenericPartition_2_FMPadding_rtl_1_0 |         65 |         65 |       0 |    0 |   107 |      0 |      0 |    0 |          0 |
|       inst                                  |                                          FMPadding_rtl_1 |         65 |         65 |       0 |    0 |   107 |      0 |      0 |    0 |          0 |
|         impl                                |                            fmpadding_axi__parameterized0 |         65 |         65 |       0 |    0 |   107 |      0 |      0 |    0 |          0 |
|     FMPadding_rtl_2                         |                     GenericPartition_2_FMPadding_rtl_2_0 |         65 |         65 |       0 |    0 |   108 |      0 |      0 |    0 |          0 |
|       inst                                  |                                          FMPadding_rtl_2 |         65 |         65 |       0 |    0 |   108 |      0 |      0 |    0 |          0 |
|         impl                                |                            fmpadding_axi__parameterized1 |         65 |         65 |       0 |    0 |   108 |      0 |      0 |    0 |          0 |
|     FMPadding_rtl_3                         |                     GenericPartition_2_FMPadding_rtl_3_0 |         47 |         47 |       0 |    0 |    76 |      0 |      0 |    0 |          0 |
|       inst                                  |                                          FMPadding_rtl_3 |         47 |         47 |       0 |    0 |    76 |      0 |      0 |    0 |          0 |
|         impl                                |                            fmpadding_axi__parameterized2 |         47 |         47 |       0 |    0 |    76 |      0 |      0 |    0 |          0 |
|     FMPadding_rtl_4                         |                     GenericPartition_2_FMPadding_rtl_4_0 |         66 |         66 |       0 |    0 |   108 |      0 |      0 |    0 |          0 |
|       inst                                  |                                          FMPadding_rtl_4 |         66 |         66 |       0 |    0 |   108 |      0 |      0 |    0 |          0 |
|         impl                                |                            fmpadding_axi__parameterized3 |         66 |         66 |       0 |    0 |   108 |      0 |      0 |    0 |          0 |
|     FMPadding_rtl_5                         |                     GenericPartition_2_FMPadding_rtl_5_0 |         66 |         66 |       0 |    0 |   108 |      0 |      0 |    0 |          0 |
|       inst                                  |                                          FMPadding_rtl_5 |         66 |         66 |       0 |    0 |   108 |      0 |      0 |    0 |          0 |
|         impl                                |                            fmpadding_axi__parameterized4 |         66 |         66 |       0 |    0 |   108 |      0 |      0 |    0 |          0 |
|     FMPadding_rtl_6                         |                     GenericPartition_2_FMPadding_rtl_6_0 |         68 |         68 |       0 |    0 |   109 |      0 |      0 |    0 |          0 |
|       inst                                  |                                          FMPadding_rtl_6 |         68 |         68 |       0 |    0 |   109 |      0 |      0 |    0 |          0 |
|         impl                                |                            fmpadding_axi__parameterized5 |         68 |         68 |       0 |    0 |   109 |      0 |      0 |    0 |          0 |
|     FMPadding_rtl_7                         |                     GenericPartition_2_FMPadding_rtl_7_0 |         50 |         50 |       0 |    0 |    77 |      0 |      0 |    0 |          0 |
|       inst                                  |                                          FMPadding_rtl_7 |         50 |         50 |       0 |    0 |    77 |      0 |      0 |    0 |          0 |
|         impl                                |                            fmpadding_axi__parameterized6 |         50 |         50 |       0 |    0 |    77 |      0 |      0 |    0 |          0 |
|     FMPadding_rtl_8                         |                     GenericPartition_2_FMPadding_rtl_8_0 |         49 |         49 |       0 |    0 |    75 |      0 |      0 |    0 |          0 |
|       inst                                  |                                          FMPadding_rtl_8 |         49 |         49 |       0 |    0 |    75 |      0 |      0 |    0 |          0 |
|         impl                                |                            fmpadding_axi__parameterized7 |         49 |         49 |       0 |    0 |    75 |      0 |      0 |    0 |          0 |
|     FMPadding_rtl_9                         |                     GenericPartition_2_FMPadding_rtl_9_0 |         48 |         48 |       0 |    0 |    75 |      0 |      0 |    0 |          0 |
|       inst                                  |                                          FMPadding_rtl_9 |         48 |         48 |       0 |    0 |    75 |      0 |      0 |    0 |          0 |
|         impl                                |                            fmpadding_axi__parameterized8 |         48 |         48 |       0 |    0 |    75 |      0 |      0 |    0 |          0 |
|     MVAU_hls_0                              |                                   MVAU_hls_0_imp_1XLXVNX |       1652 |       1620 |      32 |    0 |   911 |      0 |      0 |    0 |         18 |
|       MVAU_hls_0                            |                          GenericPartition_2_MVAU_hls_0_0 |       1616 |       1616 |       0 |    0 |   837 |      0 |      0 |    0 |         18 |
|         inst                                |                                               MVAU_hls_0 |       1616 |       1616 |       0 |    0 |   837 |      0 |      0 |    0 |         18 |
|       MVAU_hls_0_wstrm                      |                    GenericPartition_2_MVAU_hls_0_wstrm_0 |         36 |          4 |      32 |    0 |    74 |      0 |      0 |    0 |          0 |
|         inst                                |                                    memstream_axi_wrapper |         36 |          4 |      32 |    0 |    74 |      0 |      0 |    0 |          0 |
|     MVAU_hls_1                              |                                    MVAU_hls_1_imp_CHKKWL |       1622 |       1586 |      36 |    0 |   701 |      0 |      0 |    0 |         12 |
|       MVAU_hls_1                            |                          GenericPartition_2_MVAU_hls_1_0 |       1582 |       1582 |       0 |    0 |   619 |      0 |      0 |    0 |         12 |
|         inst                                |                                               MVAU_hls_1 |       1582 |       1582 |       0 |    0 |   619 |      0 |      0 |    0 |         12 |
|       MVAU_hls_1_wstrm                      |                    GenericPartition_2_MVAU_hls_1_wstrm_0 |         40 |          4 |      36 |    0 |    82 |      0 |      0 |    0 |          0 |
|         inst                                |                    memstream_axi_wrapper__parameterized0 |         40 |          4 |      36 |    0 |    82 |      0 |      0 |    0 |          0 |
|     MVAU_hls_10                             |                                   MVAU_hls_10_imp_3L4JWA |       1430 |       1430 |       0 |    0 |   655 |      1 |      0 |    0 |         20 |
|       MVAU_hls_10                           |                         GenericPartition_2_MVAU_hls_10_0 |       1426 |       1426 |       0 |    0 |   644 |      0 |      0 |    0 |         20 |
|         inst                                |                                              MVAU_hls_10 |       1426 |       1426 |       0 |    0 |   644 |      0 |      0 |    0 |         20 |
|       MVAU_hls_10_wstrm                     |                   GenericPartition_2_MVAU_hls_10_wstrm_0 |          4 |          4 |       0 |    0 |    11 |      1 |      0 |    0 |          0 |
|         inst                                |                    memstream_axi_wrapper__parameterized1 |          4 |          4 |       0 |    0 |    11 |      1 |      0 |    0 |          0 |
|     MVAU_hls_11                             |                                  MVAU_hls_11_imp_1OS5DCY |      26997 |      26997 |       0 |    0 |  1138 |      1 |      0 |    0 |         16 |
|       MVAU_hls_11                           |                         GenericPartition_2_MVAU_hls_11_0 |      26992 |      26992 |       0 |    0 |  1128 |      0 |      0 |    0 |         16 |
|         inst                                |                                              MVAU_hls_11 |      26992 |      26992 |       0 |    0 |  1128 |      0 |      0 |    0 |         16 |
|       MVAU_hls_11_wstrm                     |                   GenericPartition_2_MVAU_hls_11_wstrm_0 |          5 |          5 |       0 |    0 |    10 |      1 |      0 |    0 |          0 |
|         inst                                |                    memstream_axi_wrapper__parameterized2 |          5 |          5 |       0 |    0 |    10 |      1 |      0 |    0 |          0 |
|     MVAU_hls_12                             |                                   MVAU_hls_12_imp_XE4RWR |       4103 |       4103 |       0 |    0 |   476 |      1 |      0 |    0 |         16 |
|       MVAU_hls_12                           |                         GenericPartition_2_MVAU_hls_12_0 |       4098 |       4098 |       0 |    0 |   466 |      0 |      0 |    0 |         16 |
|         inst                                |                                              MVAU_hls_12 |       4098 |       4098 |       0 |    0 |   466 |      0 |      0 |    0 |         16 |
|       MVAU_hls_12_wstrm                     |                   GenericPartition_2_MVAU_hls_12_wstrm_0 |          5 |          5 |       0 |    0 |    10 |      1 |      0 |    0 |          0 |
|         inst                                |                    memstream_axi_wrapper__parameterized3 |          5 |          5 |       0 |    0 |    10 |      1 |      0 |    0 |          0 |
|     MVAU_hls_13                             |                                  MVAU_hls_13_imp_1CRCSUR |       1326 |       1326 |       0 |    0 |   540 |      1 |      1 |    0 |         16 |
|       MVAU_hls_13                           |                         GenericPartition_2_MVAU_hls_13_0 |       1322 |       1322 |       0 |    0 |   529 |      0 |      0 |    0 |         16 |
|         inst                                |                                              MVAU_hls_13 |       1322 |       1322 |       0 |    0 |   529 |      0 |      0 |    0 |         16 |
|       MVAU_hls_13_wstrm                     |                   GenericPartition_2_MVAU_hls_13_wstrm_0 |          4 |          4 |       0 |    0 |    11 |      1 |      1 |    0 |          0 |
|         inst                                |                    memstream_axi_wrapper__parameterized4 |          4 |          4 |       0 |    0 |    11 |      1 |      1 |    0 |          0 |
|     MVAU_hls_14                             |                                  MVAU_hls_14_imp_1ROMAMW |        599 |        599 |       0 |    0 |   619 |      1 |      1 |    0 |         20 |
|       MVAU_hls_14                           |                         GenericPartition_2_MVAU_hls_14_0 |        595 |        595 |       0 |    0 |   608 |      0 |      0 |    0 |         20 |
|         inst                                |                                              MVAU_hls_14 |        595 |        595 |       0 |    0 |   608 |      0 |      0 |    0 |         20 |
|       MVAU_hls_14_wstrm                     |                   GenericPartition_2_MVAU_hls_14_wstrm_0 |          4 |          4 |       0 |    0 |    11 |      1 |      1 |    0 |          0 |
|         inst                                |                    memstream_axi_wrapper__parameterized5 |          4 |          4 |       0 |    0 |    11 |      1 |      1 |    0 |          0 |
|     MVAU_hls_15                             |                                   MVAU_hls_15_imp_DZHJB4 |       6151 |       6151 |       0 |    0 |  4671 |      1 |      0 |    0 |         20 |
|       MVAU_hls_15                           |                         GenericPartition_2_MVAU_hls_15_0 |       6146 |       6146 |       0 |    0 |  4661 |      0 |      0 |    0 |         20 |
|         inst                                |                                              MVAU_hls_15 |       6146 |       6146 |       0 |    0 |  4661 |      0 |      0 |    0 |         20 |
|       MVAU_hls_15_wstrm                     |                   GenericPartition_2_MVAU_hls_15_wstrm_0 |          5 |          5 |       0 |    0 |    10 |      1 |      0 |    0 |          0 |
|         inst                                |                    memstream_axi_wrapper__parameterized6 |          5 |          5 |       0 |    0 |    10 |      1 |      0 |    0 |          0 |
|     MVAU_hls_16                             |                                  MVAU_hls_16_imp_14AAF8P |       1374 |       1326 |      48 |    0 |   636 |      0 |      0 |    0 |         16 |
|       MVAU_hls_16                           |                         GenericPartition_2_MVAU_hls_16_0 |       1322 |       1322 |       0 |    0 |   530 |      0 |      0 |    0 |         16 |
|         inst                                |                                              MVAU_hls_16 |       1322 |       1322 |       0 |    0 |   530 |      0 |      0 |    0 |         16 |
|       MVAU_hls_16_wstrm                     |                   GenericPartition_2_MVAU_hls_16_wstrm_0 |         52 |          4 |      48 |    0 |   106 |      0 |      0 |    0 |          0 |
|         inst                                |                    memstream_axi_wrapper__parameterized7 |         52 |          4 |      48 |    0 |   106 |      0 |      0 |    0 |          0 |
|     MVAU_hls_17                             |                                   MVAU_hls_17_imp_JNH4VL |        944 |        896 |      48 |    0 |   720 |      0 |      0 |    0 |         16 |
|       MVAU_hls_17                           |                         GenericPartition_2_MVAU_hls_17_0 |        892 |        892 |       0 |    0 |   613 |      0 |      0 |    0 |         16 |
|         inst                                |                                              MVAU_hls_17 |        892 |        892 |       0 |    0 |   613 |      0 |      0 |    0 |         16 |
|       MVAU_hls_17_wstrm                     |                   GenericPartition_2_MVAU_hls_17_wstrm_0 |         52 |          4 |      48 |    0 |   107 |      0 |      0 |    0 |          0 |
|         inst                                |                    memstream_axi_wrapper__parameterized8 |         52 |          4 |      48 |    0 |   107 |      0 |      0 |    0 |          0 |
|     MVAU_hls_18                             |                                   MVAU_hls_18_imp_1GX3CV |       1259 |       1259 |       0 |    0 |   554 |      1 |      0 |    0 |         20 |
|       MVAU_hls_18                           |                         GenericPartition_2_MVAU_hls_18_0 |       1255 |       1255 |       0 |    0 |   543 |      0 |      0 |    0 |         20 |
|         inst                                |                                              MVAU_hls_18 |       1255 |       1255 |       0 |    0 |   543 |      0 |      0 |    0 |         20 |
|       MVAU_hls_18_wstrm                     |                   GenericPartition_2_MVAU_hls_18_wstrm_0 |          4 |          4 |       0 |    0 |    11 |      1 |      0 |    0 |          0 |
|         inst                                |                    memstream_axi_wrapper__parameterized9 |          4 |          4 |       0 |    0 |    11 |      1 |      0 |    0 |          0 |
|     MVAU_hls_19                             |                                  MVAU_hls_19_imp_1MGG7S7 |      18237 |      18237 |       0 |    0 | 12670 |      1 |      1 |    0 |         16 |
|       MVAU_hls_19                           |                         GenericPartition_2_MVAU_hls_19_0 |      18232 |      18232 |       0 |    0 | 12660 |      0 |      0 |    0 |         16 |
|         inst                                |                                              MVAU_hls_19 |      18232 |      18232 |       0 |    0 | 12660 |      0 |      0 |    0 |         16 |
|       MVAU_hls_19_wstrm                     |                   GenericPartition_2_MVAU_hls_19_wstrm_0 |          5 |          5 |       0 |    0 |    10 |      1 |      1 |    0 |          0 |
|         inst                                |                   memstream_axi_wrapper__parameterized10 |          5 |          5 |       0 |    0 |    10 |      1 |      1 |    0 |          0 |
|     MVAU_hls_2                              |                                   MVAU_hls_2_imp_13HP1MK |       1120 |       1120 |       0 |    0 |  1417 |      1 |      0 |    0 |         12 |
|       MVAU_hls_2                            |                          GenericPartition_2_MVAU_hls_2_0 |       1116 |       1116 |       0 |    0 |  1407 |      0 |      0 |    0 |         12 |
|         inst                                |                                               MVAU_hls_2 |       1116 |       1116 |       0 |    0 |  1407 |      0 |      0 |    0 |         12 |
|       MVAU_hls_2_wstrm                      |                    GenericPartition_2_MVAU_hls_2_wstrm_0 |          4 |          4 |       0 |    0 |    10 |      1 |      0 |    0 |          0 |
|         inst                                |                   memstream_axi_wrapper__parameterized11 |          4 |          4 |       0 |    0 |    10 |      1 |      0 |    0 |          0 |
|     MVAU_hls_3                              |                                    MVAU_hls_3_imp_OW3IN8 |      29641 |      29641 |       0 |    0 |  1332 |      1 |      0 |    0 |         16 |
|       MVAU_hls_3                            |                          GenericPartition_2_MVAU_hls_3_0 |      29636 |      29636 |       0 |    0 |  1322 |      0 |      0 |    0 |         16 |
|         inst                                |                                               MVAU_hls_3 |      29636 |      29636 |       0 |    0 |  1322 |      0 |      0 |    0 |         16 |
|       MVAU_hls_3_wstrm                      |                    GenericPartition_2_MVAU_hls_3_wstrm_0 |          5 |          5 |       0 |    0 |    10 |      1 |      0 |    0 |          0 |
|         inst                                |                   memstream_axi_wrapper__parameterized12 |          5 |          5 |       0 |    0 |    10 |      1 |      0 |    0 |          0 |
|     MVAU_hls_4                              |                                    MVAU_hls_4_imp_5F42UN |       1322 |       1274 |      48 |    0 |  1950 |      0 |      0 |    0 |         19 |
|       MVAU_hls_4                            |                          GenericPartition_2_MVAU_hls_4_0 |       1270 |       1270 |       0 |    0 |  1844 |      0 |      0 |    0 |         19 |
|         inst                                |                                               MVAU_hls_4 |       1270 |       1270 |       0 |    0 |  1844 |      0 |      0 |    0 |         19 |
|       MVAU_hls_4_wstrm                      |                    GenericPartition_2_MVAU_hls_4_wstrm_0 |         52 |          4 |      48 |    0 |   106 |      0 |      0 |    0 |          0 |
|         inst                                |                   memstream_axi_wrapper__parameterized13 |         52 |          4 |      48 |    0 |   106 |      0 |      0 |    0 |          0 |
|     MVAU_hls_5                              |                                   MVAU_hls_5_imp_1IHXD87 |       1374 |       1326 |      48 |    0 |   636 |      0 |      0 |    0 |         16 |
|       MVAU_hls_5                            |                          GenericPartition_2_MVAU_hls_5_0 |       1322 |       1322 |       0 |    0 |   529 |      0 |      0 |    0 |         16 |
|         inst                                |                                               MVAU_hls_5 |       1322 |       1322 |       0 |    0 |   529 |      0 |      0 |    0 |         16 |
|       MVAU_hls_5_wstrm                      |                    GenericPartition_2_MVAU_hls_5_wstrm_0 |         52 |          4 |      48 |    0 |   107 |      0 |      0 |    0 |          0 |
|         inst                                |                   memstream_axi_wrapper__parameterized14 |         52 |          4 |      48 |    0 |   107 |      0 |      0 |    0 |          0 |
|     MVAU_hls_6                              |                                    MVAU_hls_6_imp_SN789Q |        939 |        939 |       0 |    0 |  1181 |      1 |      0 |    0 |         12 |
|       MVAU_hls_6                            |                          GenericPartition_2_MVAU_hls_6_0 |        935 |        935 |       0 |    0 |  1171 |      0 |      0 |    0 |         12 |
|         inst                                |                                               MVAU_hls_6 |        935 |        935 |       0 |    0 |  1171 |      0 |      0 |    0 |         12 |
|       MVAU_hls_6_wstrm                      |                    GenericPartition_2_MVAU_hls_6_wstrm_0 |          4 |          4 |       0 |    0 |    10 |      1 |      0 |    0 |          0 |
|         inst                                |                   memstream_axi_wrapper__parameterized15 |          4 |          4 |       0 |    0 |    10 |      1 |      0 |    0 |          0 |
|     MVAU_hls_7                              |                                   MVAU_hls_7_imp_1D2OFYE |       8284 |       8284 |       0 |    0 |  5825 |      1 |      0 |    0 |         16 |
|       MVAU_hls_7                            |                          GenericPartition_2_MVAU_hls_7_0 |       8279 |       8279 |       0 |    0 |  5815 |      0 |      0 |    0 |         16 |
|         inst                                |                                               MVAU_hls_7 |       8279 |       8279 |       0 |    0 |  5815 |      0 |      0 |    0 |         16 |
|       MVAU_hls_7_wstrm                      |                    GenericPartition_2_MVAU_hls_7_wstrm_0 |          5 |          5 |       0 |    0 |    10 |      1 |      0 |    0 |          0 |
|         inst                                |                   memstream_axi_wrapper__parameterized16 |          5 |          5 |       0 |    0 |    10 |      1 |      0 |    0 |          0 |
|     MVAU_hls_8                              |                                   MVAU_hls_8_imp_1VHTHC8 |       4665 |       4617 |      48 |    0 |   668 |      0 |      0 |    0 |         16 |
|       MVAU_hls_8                            |                          GenericPartition_2_MVAU_hls_8_0 |       4612 |       4612 |       0 |    0 |   562 |      0 |      0 |    0 |         16 |
|         inst                                |                                               MVAU_hls_8 |       4612 |       4612 |       0 |    0 |   562 |      0 |      0 |    0 |         16 |
|       MVAU_hls_8_wstrm                      |                    GenericPartition_2_MVAU_hls_8_wstrm_0 |         53 |          5 |      48 |    0 |   106 |      0 |      0 |    0 |          0 |
|         inst                                |                   memstream_axi_wrapper__parameterized17 |         53 |          5 |      48 |    0 |   106 |      0 |      0 |    0 |          0 |
|     MVAU_hls_9                              |                                    MVAU_hls_9_imp_A5YHJK |       2741 |       2741 |       0 |    0 |   612 |      1 |      0 |    0 |         12 |
|       MVAU_hls_9                            |                          GenericPartition_2_MVAU_hls_9_0 |       2737 |       2737 |       0 |    0 |   602 |      0 |      0 |    0 |         12 |
|         inst                                |                                               MVAU_hls_9 |       2737 |       2737 |       0 |    0 |   602 |      0 |      0 |    0 |         12 |
|       MVAU_hls_9_wstrm                      |                    GenericPartition_2_MVAU_hls_9_wstrm_0 |          4 |          4 |       0 |    0 |    10 |      1 |      0 |    0 |          0 |
|         inst                                |                   memstream_axi_wrapper__parameterized18 |          4 |          4 |       0 |    0 |    10 |      1 |      0 |    0 |          0 |
|     StreamingDataWidthConverter_rtl_0       |   GenericPartition_2_StreamingDataWidthConverter_rtl_0_0 |         14 |         14 |       0 |    0 |    77 |      0 |      0 |    0 |          0 |
|       inst                                  |                        StreamingDataWidthConverter_rtl_0 |         14 |         14 |       0 |    0 |    77 |      0 |      0 |    0 |          0 |
|         impl                                |                                                  dwc_axi |         14 |         14 |       0 |    0 |    77 |      0 |      0 |    0 |          0 |
|     StreamingDataWidthConverter_rtl_1       |   GenericPartition_2_StreamingDataWidthConverter_rtl_1_0 |         18 |         18 |       0 |    0 |    64 |      0 |      0 |    0 |          0 |
|       inst                                  |                        StreamingDataWidthConverter_rtl_1 |         18 |         18 |       0 |    0 |    64 |      0 |      0 |    0 |          0 |
|         impl                                |                              dwc_axi__parameterized0_167 |         18 |         18 |       0 |    0 |    64 |      0 |      0 |    0 |          0 |
|     StreamingDataWidthConverter_rtl_10      |  GenericPartition_2_StreamingDataWidthConverter_rtl_10_0 |         55 |         55 |       0 |    0 |    66 |      0 |      0 |    0 |          0 |
|       inst                                  |                       StreamingDataWidthConverter_rtl_10 |         55 |         55 |       0 |    0 |    66 |      0 |      0 |    0 |          0 |
|         impl                                |                              dwc_axi__parameterized1_165 |         55 |         55 |       0 |    0 |    66 |      0 |      0 |    0 |          0 |
|     StreamingDataWidthConverter_rtl_11      |  GenericPartition_2_StreamingDataWidthConverter_rtl_11_0 |          9 |          9 |       0 |    0 |    21 |      0 |      0 |    0 |          0 |
|       inst                                  |                       StreamingDataWidthConverter_rtl_11 |          9 |          9 |       0 |    0 |    21 |      0 |      0 |    0 |          0 |
|         impl                                |                              dwc_axi__parameterized2_163 |          9 |          9 |       0 |    0 |    21 |      0 |      0 |    0 |          0 |
|     StreamingDataWidthConverter_rtl_12      |  GenericPartition_2_StreamingDataWidthConverter_rtl_12_0 |         37 |         37 |       0 |    0 |    46 |      0 |      0 |    0 |          0 |
|       inst                                  |                       StreamingDataWidthConverter_rtl_12 |         37 |         37 |       0 |    0 |    46 |      0 |      0 |    0 |          0 |
|         impl                                |                              dwc_axi__parameterized3_161 |         37 |         37 |       0 |    0 |    46 |      0 |      0 |    0 |          0 |
|     StreamingDataWidthConverter_rtl_13      |  GenericPartition_2_StreamingDataWidthConverter_rtl_13_0 |         11 |         11 |       0 |    0 |    58 |      0 |      0 |    0 |          0 |
|       inst                                  |                       StreamingDataWidthConverter_rtl_13 |         11 |         11 |       0 |    0 |    58 |      0 |      0 |    0 |          0 |
|         impl                                |                                  dwc_axi__parameterized4 |         11 |         11 |       0 |    0 |    58 |      0 |      0 |    0 |          0 |
|     StreamingDataWidthConverter_rtl_14      |  GenericPartition_2_StreamingDataWidthConverter_rtl_14_0 |         12 |         12 |       0 |    0 |    59 |      0 |      0 |    0 |          0 |
|       inst                                  |                       StreamingDataWidthConverter_rtl_14 |         12 |         12 |       0 |    0 |    59 |      0 |      0 |    0 |          0 |
|         impl                                |                              dwc_axi__parameterized5_159 |         12 |         12 |       0 |    0 |    59 |      0 |      0 |    0 |          0 |
|     StreamingDataWidthConverter_rtl_15      |  GenericPartition_2_StreamingDataWidthConverter_rtl_15_0 |         23 |         23 |       0 |    0 |    36 |      0 |      0 |    0 |          0 |
|       inst                                  |                       StreamingDataWidthConverter_rtl_15 |         23 |         23 |       0 |    0 |    36 |      0 |      0 |    0 |          0 |
|         impl                                |                              dwc_axi__parameterized6_157 |         23 |         23 |       0 |    0 |    36 |      0 |      0 |    0 |          0 |
|     StreamingDataWidthConverter_rtl_16      |  GenericPartition_2_StreamingDataWidthConverter_rtl_16_0 |          9 |          9 |       0 |    0 |    21 |      0 |      0 |    0 |          0 |
|       inst                                  |                       StreamingDataWidthConverter_rtl_16 |          9 |          9 |       0 |    0 |    21 |      0 |      0 |    0 |          0 |
|         impl                                |                              dwc_axi__parameterized2_155 |          9 |          9 |       0 |    0 |    21 |      0 |      0 |    0 |          0 |
|     StreamingDataWidthConverter_rtl_17      |  GenericPartition_2_StreamingDataWidthConverter_rtl_17_0 |         55 |         55 |       0 |    0 |    66 |      0 |      0 |    0 |          0 |
|       inst                                  |                       StreamingDataWidthConverter_rtl_17 |         55 |         55 |       0 |    0 |    66 |      0 |      0 |    0 |          0 |
|         impl                                |                              dwc_axi__parameterized1_153 |         55 |         55 |       0 |    0 |    66 |      0 |      0 |    0 |          0 |
|     StreamingDataWidthConverter_rtl_18      |  GenericPartition_2_StreamingDataWidthConverter_rtl_18_0 |         11 |         11 |       0 |    0 |    28 |      0 |      0 |    0 |          0 |
|       inst                                  |                       StreamingDataWidthConverter_rtl_18 |         11 |         11 |       0 |    0 |    28 |      0 |      0 |    0 |          0 |
|         impl                                |                                  dwc_axi__parameterized7 |         11 |         11 |       0 |    0 |    28 |      0 |      0 |    0 |          0 |
|     StreamingDataWidthConverter_rtl_19      |  GenericPartition_2_StreamingDataWidthConverter_rtl_19_0 |         26 |         26 |       0 |    0 |    75 |      0 |      0 |    0 |          0 |
|       inst                                  |                       StreamingDataWidthConverter_rtl_19 |         26 |         26 |       0 |    0 |    75 |      0 |      0 |    0 |          0 |
|         impl                                |                                  dwc_axi__parameterized8 |         26 |         26 |       0 |    0 |    75 |      0 |      0 |    0 |          0 |
|     StreamingDataWidthConverter_rtl_2       |   GenericPartition_2_StreamingDataWidthConverter_rtl_2_0 |         57 |         57 |       0 |    0 |    66 |      0 |      0 |    0 |          0 |
|       inst                                  |                        StreamingDataWidthConverter_rtl_2 |         57 |         57 |       0 |    0 |    66 |      0 |      0 |    0 |          0 |
|         impl                                |                              dwc_axi__parameterized1_151 |         57 |         57 |       0 |    0 |    66 |      0 |      0 |    0 |          0 |
|     StreamingDataWidthConverter_rtl_20      |  GenericPartition_2_StreamingDataWidthConverter_rtl_20_0 |         55 |         55 |       0 |    0 |    66 |      0 |      0 |    0 |          0 |
|       inst                                  |                       StreamingDataWidthConverter_rtl_20 |         55 |         55 |       0 |    0 |    66 |      0 |      0 |    0 |          0 |
|         impl                                |                              dwc_axi__parameterized1_149 |         55 |         55 |       0 |    0 |    66 |      0 |      0 |    0 |          0 |
|     StreamingDataWidthConverter_rtl_21      |  GenericPartition_2_StreamingDataWidthConverter_rtl_21_0 |         11 |         11 |       0 |    0 |    59 |      0 |      0 |    0 |          0 |
|       inst                                  |                       StreamingDataWidthConverter_rtl_21 |         11 |         11 |       0 |    0 |    59 |      0 |      0 |    0 |          0 |
|         impl                                |                              dwc_axi__parameterized5_147 |         11 |         11 |       0 |    0 |    59 |      0 |      0 |    0 |          0 |
|     StreamingDataWidthConverter_rtl_22      |  GenericPartition_2_StreamingDataWidthConverter_rtl_22_0 |         17 |         17 |       0 |    0 |    28 |      0 |      0 |    0 |          0 |
|       inst                                  |                       StreamingDataWidthConverter_rtl_22 |         17 |         17 |       0 |    0 |    28 |      0 |      0 |    0 |          0 |
|         impl                                |                                  dwc_axi__parameterized9 |         17 |         17 |       0 |    0 |    28 |      0 |      0 |    0 |          0 |
|     StreamingDataWidthConverter_rtl_23      |  GenericPartition_2_StreamingDataWidthConverter_rtl_23_0 |        136 |        136 |       0 |    0 |   151 |      0 |      0 |    0 |          0 |
|       inst                                  |                       StreamingDataWidthConverter_rtl_23 |        136 |        136 |       0 |    0 |   151 |      0 |      0 |    0 |          0 |
|         impl                                |                             dwc_axi__parameterized10_145 |        136 |        136 |       0 |    0 |   151 |      0 |      0 |    0 |          0 |
|     StreamingDataWidthConverter_rtl_24      |  GenericPartition_2_StreamingDataWidthConverter_rtl_24_0 |          9 |          9 |       0 |    0 |    21 |      0 |      0 |    0 |          0 |
|       inst                                  |                       StreamingDataWidthConverter_rtl_24 |          9 |          9 |       0 |    0 |    21 |      0 |      0 |    0 |          0 |
|         impl                                |                              dwc_axi__parameterized2_143 |          9 |          9 |       0 |    0 |    21 |      0 |      0 |    0 |          0 |
|     StreamingDataWidthConverter_rtl_25      |  GenericPartition_2_StreamingDataWidthConverter_rtl_25_0 |         56 |         56 |       0 |    0 |    66 |      0 |      0 |    0 |          0 |
|       inst                                  |                       StreamingDataWidthConverter_rtl_25 |         56 |         56 |       0 |    0 |    66 |      0 |      0 |    0 |          0 |
|         impl                                |                              dwc_axi__parameterized1_141 |         56 |         56 |       0 |    0 |    66 |      0 |      0 |    0 |          0 |
|     StreamingDataWidthConverter_rtl_26      |  GenericPartition_2_StreamingDataWidthConverter_rtl_26_0 |          9 |          9 |       0 |    0 |    21 |      0 |      0 |    0 |          0 |
|       inst                                  |                       StreamingDataWidthConverter_rtl_26 |          9 |          9 |       0 |    0 |    21 |      0 |      0 |    0 |          0 |
|         impl                                |                              dwc_axi__parameterized2_139 |          9 |          9 |       0 |    0 |    21 |      0 |      0 |    0 |          0 |
|     StreamingDataWidthConverter_rtl_27      |  GenericPartition_2_StreamingDataWidthConverter_rtl_27_0 |         39 |         39 |       0 |    0 |    46 |      0 |      0 |    0 |          0 |
|       inst                                  |                       StreamingDataWidthConverter_rtl_27 |         39 |         39 |       0 |    0 |    46 |      0 |      0 |    0 |          0 |
|         impl                                |                              dwc_axi__parameterized3_137 |         39 |         39 |       0 |    0 |    46 |      0 |      0 |    0 |          0 |
|     StreamingDataWidthConverter_rtl_28      |  GenericPartition_2_StreamingDataWidthConverter_rtl_28_0 |          9 |          9 |       0 |    0 |    41 |      0 |      0 |    0 |          0 |
|       inst                                  |                       StreamingDataWidthConverter_rtl_28 |          9 |          9 |       0 |    0 |    41 |      0 |      0 |    0 |          0 |
|         impl                                |                             dwc_axi__parameterized11_135 |          9 |          9 |       0 |    0 |    41 |      0 |      0 |    0 |          0 |
|     StreamingDataWidthConverter_rtl_29      |  GenericPartition_2_StreamingDataWidthConverter_rtl_29_0 |         13 |         13 |       0 |    0 |    44 |      0 |      0 |    0 |          0 |
|       inst                                  |                       StreamingDataWidthConverter_rtl_29 |         13 |         13 |       0 |    0 |    44 |      0 |      0 |    0 |          0 |
|         impl                                |                                 dwc_axi__parameterized12 |         13 |         13 |       0 |    0 |    44 |      0 |      0 |    0 |          0 |
|     StreamingDataWidthConverter_rtl_3       |   GenericPartition_2_StreamingDataWidthConverter_rtl_3_0 |         12 |         12 |       0 |    0 |    47 |      0 |      0 |    0 |          0 |
|       inst                                  |                        StreamingDataWidthConverter_rtl_3 |         12 |         12 |       0 |    0 |    47 |      0 |      0 |    0 |          0 |
|         impl                                |                                 dwc_axi__parameterized13 |         12 |         12 |       0 |    0 |    47 |      0 |      0 |    0 |          0 |
|     StreamingDataWidthConverter_rtl_30      |  GenericPartition_2_StreamingDataWidthConverter_rtl_30_0 |         22 |         22 |       0 |    0 |    36 |      0 |      0 |    0 |          0 |
|       inst                                  |                       StreamingDataWidthConverter_rtl_30 |         22 |         22 |       0 |    0 |    36 |      0 |      0 |    0 |          0 |
|         impl                                |                                  dwc_axi__parameterized6 |         22 |         22 |       0 |    0 |    36 |      0 |      0 |    0 |          0 |
|     StreamingDataWidthConverter_rtl_31      |  GenericPartition_2_StreamingDataWidthConverter_rtl_31_0 |         11 |         11 |       0 |    0 |    21 |      0 |      0 |    0 |          0 |
|       inst                                  |                       StreamingDataWidthConverter_rtl_31 |         11 |         11 |       0 |    0 |    21 |      0 |      0 |    0 |          0 |
|         impl                                |                                  dwc_axi__parameterized2 |         11 |         11 |       0 |    0 |    21 |      0 |      0 |    0 |          0 |
|     StreamingDataWidthConverter_rtl_32      |  GenericPartition_2_StreamingDataWidthConverter_rtl_32_0 |         39 |         39 |       0 |    0 |    46 |      0 |      0 |    0 |          0 |
|       inst                                  |                       StreamingDataWidthConverter_rtl_32 |         39 |         39 |       0 |    0 |    46 |      0 |      0 |    0 |          0 |
|         impl                                |                              dwc_axi__parameterized3_133 |         39 |         39 |       0 |    0 |    46 |      0 |      0 |    0 |          0 |
|     StreamingDataWidthConverter_rtl_33      |  GenericPartition_2_StreamingDataWidthConverter_rtl_33_0 |          7 |          7 |       0 |    0 |    24 |      0 |      0 |    0 |          0 |
|       inst                                  |                       StreamingDataWidthConverter_rtl_33 |          7 |          7 |       0 |    0 |    24 |      0 |      0 |    0 |          0 |
|         impl                                |                                 dwc_axi__parameterized14 |          7 |          7 |       0 |    0 |    24 |      0 |      0 |    0 |          0 |
|     StreamingDataWidthConverter_rtl_34      |  GenericPartition_2_StreamingDataWidthConverter_rtl_34_0 |         19 |         19 |       0 |    0 |    51 |      0 |      0 |    0 |          0 |
|       inst                                  |                       StreamingDataWidthConverter_rtl_34 |         19 |         19 |       0 |    0 |    51 |      0 |      0 |    0 |          0 |
|         impl                                |                                 dwc_axi__parameterized15 |         19 |         19 |       0 |    0 |    51 |      0 |      0 |    0 |          0 |
|     StreamingDataWidthConverter_rtl_35      |  GenericPartition_2_StreamingDataWidthConverter_rtl_35_0 |         39 |         39 |       0 |    0 |    46 |      0 |      0 |    0 |          0 |
|       inst                                  |                       StreamingDataWidthConverter_rtl_35 |         39 |         39 |       0 |    0 |    46 |      0 |      0 |    0 |          0 |
|         impl                                |                                  dwc_axi__parameterized3 |         39 |         39 |       0 |    0 |    46 |      0 |      0 |    0 |          0 |
|     StreamingDataWidthConverter_rtl_36      |  GenericPartition_2_StreamingDataWidthConverter_rtl_36_0 |         11 |         11 |       0 |    0 |    41 |      0 |      0 |    0 |          0 |
|       inst                                  |                       StreamingDataWidthConverter_rtl_36 |         11 |         11 |       0 |    0 |    41 |      0 |      0 |    0 |          0 |
|         impl                                |                                 dwc_axi__parameterized11 |         11 |         11 |       0 |    0 |    41 |      0 |      0 |    0 |          0 |
|     StreamingDataWidthConverter_rtl_37      |  GenericPartition_2_StreamingDataWidthConverter_rtl_37_0 |         16 |         16 |       0 |    0 |    39 |      0 |      0 |    0 |          0 |
|       inst                                  |                       StreamingDataWidthConverter_rtl_37 |         16 |         16 |       0 |    0 |    39 |      0 |      0 |    0 |          0 |
|         impl                                |                                 dwc_axi__parameterized16 |         16 |         16 |       0 |    0 |    39 |      0 |      0 |    0 |          0 |
|     StreamingDataWidthConverter_rtl_38      |  GenericPartition_2_StreamingDataWidthConverter_rtl_38_0 |         38 |         38 |       0 |    0 |    53 |      0 |      0 |    0 |          0 |
|       inst                                  |                       StreamingDataWidthConverter_rtl_38 |         38 |         38 |       0 |    0 |    53 |      0 |      0 |    0 |          0 |
|         impl                                |                                 dwc_axi__parameterized17 |         38 |         38 |       0 |    0 |    53 |      0 |      0 |    0 |          0 |
|     StreamingDataWidthConverter_rtl_4       |   GenericPartition_2_StreamingDataWidthConverter_rtl_4_0 |         18 |         18 |       0 |    0 |    64 |      0 |      0 |    0 |          0 |
|       inst                                  |                        StreamingDataWidthConverter_rtl_4 |         18 |         18 |       0 |    0 |    64 |      0 |      0 |    0 |          0 |
|         impl                                |                                  dwc_axi__parameterized0 |         18 |         18 |       0 |    0 |    64 |      0 |      0 |    0 |          0 |
|     StreamingDataWidthConverter_rtl_5       |   GenericPartition_2_StreamingDataWidthConverter_rtl_5_0 |         58 |         58 |       0 |    0 |    66 |      0 |      0 |    0 |          0 |
|       inst                                  |                        StreamingDataWidthConverter_rtl_5 |         58 |         58 |       0 |    0 |    66 |      0 |      0 |    0 |          0 |
|         impl                                |                                  dwc_axi__parameterized1 |         58 |         58 |       0 |    0 |    66 |      0 |      0 |    0 |          0 |
|     StreamingDataWidthConverter_rtl_6       |   GenericPartition_2_StreamingDataWidthConverter_rtl_6_0 |         14 |         14 |       0 |    0 |    84 |      0 |      0 |    0 |          0 |
|       inst                                  |                        StreamingDataWidthConverter_rtl_6 |         14 |         14 |       0 |    0 |    84 |      0 |      0 |    0 |          0 |
|         impl                                |                                 dwc_axi__parameterized18 |         14 |         14 |       0 |    0 |    84 |      0 |      0 |    0 |          0 |
|     StreamingDataWidthConverter_rtl_7       |   GenericPartition_2_StreamingDataWidthConverter_rtl_7_0 |        138 |        138 |       0 |    0 |   151 |      0 |      0 |    0 |          0 |
|       inst                                  |                        StreamingDataWidthConverter_rtl_7 |        138 |        138 |       0 |    0 |   151 |      0 |      0 |    0 |          0 |
|         impl                                |                                 dwc_axi__parameterized10 |        138 |        138 |       0 |    0 |   151 |      0 |      0 |    0 |          0 |
|     StreamingDataWidthConverter_rtl_8       |   GenericPartition_2_StreamingDataWidthConverter_rtl_8_0 |         16 |         16 |       0 |    0 |   142 |      0 |      0 |    0 |          0 |
|       inst                                  |                        StreamingDataWidthConverter_rtl_8 |         16 |         16 |       0 |    0 |   142 |      0 |      0 |    0 |          0 |
|         impl                                |                                 dwc_axi__parameterized19 |         16 |         16 |       0 |    0 |   142 |      0 |      0 |    0 |          0 |
|     StreamingDataWidthConverter_rtl_9       |   GenericPartition_2_StreamingDataWidthConverter_rtl_9_0 |         11 |         11 |       0 |    0 |    59 |      0 |      0 |    0 |          0 |
|       inst                                  |                        StreamingDataWidthConverter_rtl_9 |         11 |         11 |       0 |    0 |    59 |      0 |      0 |    0 |          0 |
|         impl                                |                                  dwc_axi__parameterized5 |         11 |         11 |       0 |    0 |    59 |      0 |      0 |    0 |          0 |
|     StreamingFIFO_rtl_0                     |                 GenericPartition_2_StreamingFIFO_rtl_0_0 |         15 |         15 |       0 |    0 |    23 |      0 |      0 |    0 |          0 |
|       inst                                  |                                      StreamingFIFO_rtl_0 |         15 |         15 |       0 |    0 |    23 |      0 |      0 |    0 |          0 |
|         impl                                |                                                Q_srl_132 |         15 |         15 |       0 |    0 |    23 |      0 |      0 |    0 |          0 |
|     StreamingFIFO_rtl_1                     |                 GenericPartition_2_StreamingFIFO_rtl_1_0 |         14 |         14 |       0 |    0 |    21 |      0 |      0 |    0 |          0 |
|       inst                                  |                                      StreamingFIFO_rtl_1 |         14 |         14 |       0 |    0 |    21 |      0 |      0 |    0 |          0 |
|         impl                                |                                Q_srl__parameterized0_131 |         14 |         14 |       0 |    0 |    21 |      0 |      0 |    0 |          0 |
|     StreamingFIFO_rtl_10                    |                GenericPartition_2_StreamingFIFO_rtl_10_0 |         95 |         53 |       0 |   42 |    20 |      0 |      0 |    0 |          0 |
|       inst                                  |                                     StreamingFIFO_rtl_10 |         95 |         53 |       0 |   42 |    20 |      0 |      0 |    0 |          0 |
|         impl                                |                                    Q_srl__parameterized1 |         95 |         53 |       0 |   42 |    20 |      0 |      0 |    0 |          0 |
|     StreamingFIFO_rtl_100                   |               GenericPartition_2_StreamingFIFO_rtl_100_0 |         37 |         37 |       0 |    0 |    69 |      0 |      0 |    0 |          0 |
|       inst                                  |                                    StreamingFIFO_rtl_100 |         37 |         37 |       0 |    0 |    69 |      0 |      0 |    0 |          0 |
|         impl                                |                                Q_srl__parameterized2_130 |         37 |         37 |       0 |    0 |    69 |      0 |      0 |    0 |          0 |
|     StreamingFIFO_rtl_101                   |               GenericPartition_2_StreamingFIFO_rtl_101_0 |         90 |         58 |       0 |   32 |    43 |      0 |      0 |    0 |          0 |
|       inst                                  |                                    StreamingFIFO_rtl_101 |         90 |         58 |       0 |   32 |    43 |      0 |      0 |    0 |          0 |
|         impl                                |                                Q_srl__parameterized3_129 |         90 |         58 |       0 |   32 |    43 |      0 |      0 |    0 |          0 |
|     StreamingFIFO_rtl_102                   |               GenericPartition_2_StreamingFIFO_rtl_102_0 |         31 |         27 |       0 |    4 |    15 |      0 |      0 |    0 |          0 |
|       inst                                  |                                    StreamingFIFO_rtl_102 |         31 |         27 |       0 |    4 |    15 |      0 |      0 |    0 |          0 |
|         impl                                |                                Q_srl__parameterized4_128 |         31 |         27 |       0 |    4 |    15 |      0 |      0 |    0 |          0 |
|     StreamingFIFO_rtl_103                   |               GenericPartition_2_StreamingFIFO_rtl_103_0 |         10 |         10 |       0 |    0 |    13 |      0 |      0 |    0 |          0 |
|       inst                                  |                                    StreamingFIFO_rtl_103 |         10 |         10 |       0 |    0 |    13 |      0 |      0 |    0 |          0 |
|         impl                                |                                Q_srl__parameterized0_127 |         10 |         10 |       0 |    0 |    13 |      0 |      0 |    0 |          0 |
|     StreamingFIFO_rtl_104                   |               GenericPartition_2_StreamingFIFO_rtl_104_0 |         38 |         38 |       0 |    0 |    69 |      0 |      0 |    0 |          0 |
|       inst                                  |                                    StreamingFIFO_rtl_104 |         38 |         38 |       0 |    0 |    69 |      0 |      0 |    0 |          0 |
|         impl                                |                                Q_srl__parameterized2_126 |         38 |         38 |       0 |    0 |    69 |      0 |      0 |    0 |          0 |
|     StreamingFIFO_rtl_105                   |               GenericPartition_2_StreamingFIFO_rtl_105_0 |         19 |         19 |       0 |    0 |    29 |      0 |      0 |    0 |          0 |
|       inst                                  |                                    StreamingFIFO_rtl_105 |         19 |         19 |       0 |    0 |    29 |      0 |      0 |    0 |          0 |
|         impl                                |                                                Q_srl_125 |         19 |         19 |       0 |    0 |    29 |      0 |      0 |    0 |          0 |
|     StreamingFIFO_rtl_106                   |               GenericPartition_2_StreamingFIFO_rtl_106_0 |         31 |         31 |       0 |    0 |    53 |      0 |      0 |    0 |          0 |
|       inst                                  |                                    StreamingFIFO_rtl_106 |         31 |         31 |       0 |    0 |    53 |      0 |      0 |    0 |          0 |
|         impl                                |                                Q_srl__parameterized5_124 |         31 |         31 |       0 |    0 |    53 |      0 |      0 |    0 |          0 |
|     StreamingFIFO_rtl_107                   |               GenericPartition_2_StreamingFIFO_rtl_107_0 |        126 |         62 |       0 |   64 |    44 |      0 |      0 |    0 |          0 |
|       inst                                  |                                    StreamingFIFO_rtl_107 |        126 |         62 |       0 |   64 |    44 |      0 |      0 |    0 |          0 |
|         impl                                |                                    Q_srl__parameterized6 |        126 |         62 |       0 |   64 |    44 |      0 |      0 |    0 |          0 |
|     StreamingFIFO_rtl_108                   |               GenericPartition_2_StreamingFIFO_rtl_108_0 |         15 |         15 |       0 |    0 |    21 |      0 |      0 |    0 |          0 |
|       inst                                  |                                    StreamingFIFO_rtl_108 |         15 |         15 |       0 |    0 |    21 |      0 |      0 |    0 |          0 |
|         impl                                |                                Q_srl__parameterized0_123 |         15 |         15 |       0 |    0 |    21 |      0 |      0 |    0 |          0 |
|     StreamingFIFO_rtl_109                   |               GenericPartition_2_StreamingFIFO_rtl_109_0 |         14 |         14 |       0 |    0 |    23 |      0 |      0 |    0 |          0 |
|       inst                                  |                                    StreamingFIFO_rtl_109 |         14 |         14 |       0 |    0 |    23 |      0 |      0 |    0 |          0 |
|         impl                                |                                                Q_srl_122 |         14 |         14 |       0 |    0 |    23 |      0 |      0 |    0 |          0 |
|     StreamingFIFO_rtl_11                    |                GenericPartition_2_StreamingFIFO_rtl_11_0 |         11 |         11 |       0 |    0 |    17 |      0 |      0 |    0 |          0 |
|       inst                                  |                                     StreamingFIFO_rtl_11 |         11 |         11 |       0 |    0 |    17 |      0 |      0 |    0 |          0 |
|         impl                                |                                Q_srl__parameterized0_121 |         11 |         11 |       0 |    0 |    17 |      0 |      0 |    0 |          0 |
|     StreamingFIFO_rtl_12                    |                GenericPartition_2_StreamingFIFO_rtl_12_0 |         42 |         42 |       0 |    0 |    77 |      0 |      0 |    0 |          0 |
|       inst                                  |                                     StreamingFIFO_rtl_12 |         42 |         42 |       0 |    0 |    77 |      0 |      0 |    0 |          0 |
|         impl                                |                                    Q_srl__parameterized7 |         42 |         42 |       0 |    0 |    77 |      0 |      0 |    0 |          0 |
|     StreamingFIFO_rtl_13                    |                GenericPartition_2_StreamingFIFO_rtl_13_0 |         19 |         19 |       0 |    0 |    29 |      0 |      0 |    0 |          0 |
|       inst                                  |                                     StreamingFIFO_rtl_13 |         19 |         19 |       0 |    0 |    29 |      0 |      0 |    0 |          0 |
|         impl                                |                                                Q_srl_120 |         19 |         19 |       0 |    0 |    29 |      0 |      0 |    0 |          0 |
|     StreamingFIFO_rtl_14                    |                GenericPartition_2_StreamingFIFO_rtl_14_0 |         54 |         54 |       0 |    0 |   101 |      0 |      0 |    0 |          0 |
|       inst                                  |                                     StreamingFIFO_rtl_14 |         54 |         54 |       0 |    0 |   101 |      0 |      0 |    0 |          0 |
|         impl                                |                                Q_srl__parameterized8_119 |         54 |         54 |       0 |    0 |   101 |      0 |      0 |    0 |          0 |
|     StreamingFIFO_rtl_15                    |                GenericPartition_2_StreamingFIFO_rtl_15_0 |        121 |         73 |       0 |   48 |    59 |      0 |      0 |    0 |          0 |
|       inst                                  |                                     StreamingFIFO_rtl_15 |        121 |         73 |       0 |   48 |    59 |      0 |      0 |    0 |          0 |
|         impl                                |                                Q_srl__parameterized9_118 |        121 |         73 |       0 |   48 |    59 |      0 |      0 |    0 |          0 |
|     StreamingFIFO_rtl_16                    |                GenericPartition_2_StreamingFIFO_rtl_16_0 |         38 |         32 |       0 |    6 |    17 |      0 |      0 |    0 |          0 |
|       inst                                  |                                     StreamingFIFO_rtl_16 |         38 |         32 |       0 |    6 |    17 |      0 |      0 |    0 |          0 |
|         impl                                |                                    Q_srl__parameterized4 |         38 |         32 |       0 |    6 |    17 |      0 |      0 |    0 |          0 |
|     StreamingFIFO_rtl_17                    |                GenericPartition_2_StreamingFIFO_rtl_17_0 |         11 |         11 |       0 |    0 |    17 |      0 |      0 |    0 |          0 |
|       inst                                  |                                     StreamingFIFO_rtl_17 |         11 |         11 |       0 |    0 |    17 |      0 |      0 |    0 |          0 |
|         impl                                |                                Q_srl__parameterized0_117 |         11 |         11 |       0 |    0 |    17 |      0 |      0 |    0 |          0 |
|     StreamingFIFO_rtl_18                    |                GenericPartition_2_StreamingFIFO_rtl_18_0 |         78 |         78 |       0 |    0 |   149 |      0 |      0 |    0 |          0 |
|       inst                                  |                                     StreamingFIFO_rtl_18 |         78 |         78 |       0 |    0 |   149 |      0 |      0 |    0 |          0 |
|         impl                                |                                   Q_srl__parameterized10 |         78 |         78 |       0 |    0 |   149 |      0 |      0 |    0 |          0 |
|     StreamingFIFO_rtl_19                    |                GenericPartition_2_StreamingFIFO_rtl_19_0 |         13 |         13 |       0 |    0 |    17 |      0 |      0 |    0 |          0 |
|       inst                                  |                                     StreamingFIFO_rtl_19 |         13 |         13 |       0 |    0 |    17 |      0 |      0 |    0 |          0 |
|         impl                                |                                Q_srl__parameterized0_116 |         13 |         13 |       0 |    0 |    17 |      0 |      0 |    0 |          0 |
|     StreamingFIFO_rtl_2                     |                 GenericPartition_2_StreamingFIFO_rtl_2_0 |         13 |         13 |       0 |    0 |    21 |      0 |      0 |    0 |          0 |
|       inst                                  |                                      StreamingFIFO_rtl_2 |         13 |         13 |       0 |    0 |    21 |      0 |      0 |    0 |          0 |
|         impl                                |                                Q_srl__parameterized0_115 |         13 |         13 |       0 |    0 |    21 |      0 |      0 |    0 |          0 |
|     StreamingFIFO_rtl_20                    |                GenericPartition_2_StreamingFIFO_rtl_20_0 |        155 |         27 |       0 |  128 |   139 |      0 |      0 |    0 |          0 |
|       inst                                  |                                     StreamingFIFO_rtl_20 |        155 |         27 |       0 |  128 |   139 |      0 |      0 |    0 |          0 |
|         impl                                |                               Q_srl__parameterized11_114 |        155 |         27 |       0 |  128 |   139 |      0 |      0 |    0 |          0 |
|     StreamingFIFO_rtl_21                    |                GenericPartition_2_StreamingFIFO_rtl_21_0 |         15 |         15 |       0 |    0 |    21 |      0 |      0 |    0 |          0 |
|       inst                                  |                                     StreamingFIFO_rtl_21 |         15 |         15 |       0 |    0 |    21 |      0 |      0 |    0 |          0 |
|         impl                                |                                Q_srl__parameterized0_113 |         15 |         15 |       0 |    0 |    21 |      0 |      0 |    0 |          0 |
|     StreamingFIFO_rtl_22                    |                GenericPartition_2_StreamingFIFO_rtl_22_0 |         15 |         15 |       0 |    0 |    23 |      0 |      0 |    0 |          0 |
|       inst                                  |                                     StreamingFIFO_rtl_22 |         15 |         15 |       0 |    0 |    23 |      0 |      0 |    0 |          0 |
|         impl                                |                                                Q_srl_112 |         15 |         15 |       0 |    0 |    23 |      0 |      0 |    0 |          0 |
|     StreamingFIFO_rtl_23                    |                GenericPartition_2_StreamingFIFO_rtl_23_0 |         14 |         14 |       0 |    0 |    21 |      0 |      0 |    0 |          0 |
|       inst                                  |                                     StreamingFIFO_rtl_23 |         14 |         14 |       0 |    0 |    21 |      0 |      0 |    0 |          0 |
|         impl                                |                                Q_srl__parameterized0_111 |         14 |         14 |       0 |    0 |    21 |      0 |      0 |    0 |          0 |
|     StreamingFIFO_rtl_24                    |                GenericPartition_2_StreamingFIFO_rtl_24_0 |         13 |         13 |       0 |    0 |    21 |      0 |      0 |    0 |          0 |
|       inst                                  |                                     StreamingFIFO_rtl_24 |         13 |         13 |       0 |    0 |    21 |      0 |      0 |    0 |          0 |
|         impl                                |                                Q_srl__parameterized0_110 |         13 |         13 |       0 |    0 |    21 |      0 |      0 |    0 |          0 |
|     StreamingFIFO_rtl_25                    |                GenericPartition_2_StreamingFIFO_rtl_25_0 |         14 |         14 |       0 |    0 |    21 |      0 |      0 |    0 |          0 |
|       inst                                  |                                     StreamingFIFO_rtl_25 |         14 |         14 |       0 |    0 |    21 |      0 |      0 |    0 |          0 |
|         impl                                |                                Q_srl__parameterized0_109 |         14 |         14 |       0 |    0 |    21 |      0 |      0 |    0 |          0 |
|     StreamingFIFO_rtl_26                    |                GenericPartition_2_StreamingFIFO_rtl_26_0 |         14 |         14 |       0 |    0 |    21 |      0 |      0 |    0 |          0 |
|       inst                                  |                                     StreamingFIFO_rtl_26 |         14 |         14 |       0 |    0 |    21 |      0 |      0 |    0 |          0 |
|         impl                                |                                Q_srl__parameterized0_108 |         14 |         14 |       0 |    0 |    21 |      0 |      0 |    0 |          0 |
|     StreamingFIFO_rtl_27                    |                GenericPartition_2_StreamingFIFO_rtl_27_0 |        133 |        133 |       0 |    0 |   261 |      0 |      0 |    0 |          0 |
|       inst                                  |                                     StreamingFIFO_rtl_27 |        133 |        133 |       0 |    0 |   261 |      0 |      0 |    0 |          0 |
|         impl                                |                                   Q_srl__parameterized12 |        133 |        133 |       0 |    0 |   261 |      0 |      0 |    0 |          0 |
|     StreamingFIFO_rtl_28                    |                          StreamingFIFO_rtl_28_imp_YO8443 |         78 |         78 |       0 |    0 |    63 |      0 |      1 |    0 |          0 |
|       fifo                                  |                                GenericPartition_2_fifo_1 |         78 |         78 |       0 |    0 |    63 |      0 |      1 |    0 |          0 |
|         inst                                |                     axis_data_fifo_v2_0_9_top__xdcDup__1 |         78 |         78 |       0 |    0 |    63 |      0 |      1 |    0 |          0 |
|     StreamingFIFO_rtl_29                    |                GenericPartition_2_StreamingFIFO_rtl_29_0 |         12 |         12 |       0 |    0 |    17 |      0 |      0 |    0 |          0 |
|       inst                                  |                                     StreamingFIFO_rtl_29 |         12 |         12 |       0 |    0 |    17 |      0 |      0 |    0 |          0 |
|         impl                                |                                Q_srl__parameterized0_101 |         12 |         12 |       0 |    0 |    17 |      0 |      0 |    0 |          0 |
|     StreamingFIFO_rtl_3                     |                 GenericPartition_2_StreamingFIFO_rtl_3_0 |         14 |         14 |       0 |    0 |    21 |      0 |      0 |    0 |          0 |
|       inst                                  |                                      StreamingFIFO_rtl_3 |         14 |         14 |       0 |    0 |    21 |      0 |      0 |    0 |          0 |
|         impl                                |                                Q_srl__parameterized0_100 |         14 |         14 |       0 |    0 |    21 |      0 |      0 |    0 |          0 |
|     StreamingFIFO_rtl_30                    |                GenericPartition_2_StreamingFIFO_rtl_30_0 |         55 |         55 |       0 |    0 |   101 |      0 |      0 |    0 |          0 |
|       inst                                  |                                     StreamingFIFO_rtl_30 |         55 |         55 |       0 |    0 |   101 |      0 |      0 |    0 |          0 |
|         impl                                |                                 Q_srl__parameterized8_99 |         55 |         55 |       0 |    0 |   101 |      0 |      0 |    0 |          0 |
|     StreamingFIFO_rtl_31                    |                GenericPartition_2_StreamingFIFO_rtl_31_0 |        174 |         78 |       0 |   96 |    60 |      0 |      0 |    0 |          0 |
|       inst                                  |                                     StreamingFIFO_rtl_31 |        174 |         78 |       0 |   96 |    60 |      0 |      0 |    0 |          0 |
|         impl                                |                                   Q_srl__parameterized13 |        174 |         78 |       0 |   96 |    60 |      0 |      0 |    0 |          0 |
|     StreamingFIFO_rtl_32                    |                          StreamingFIFO_rtl_32_imp_RW1JVL |         67 |         67 |       0 |    0 |    55 |      0 |      1 |    0 |          0 |
|       fifo                                  |                                GenericPartition_2_fifo_2 |         67 |         67 |       0 |    0 |    55 |      0 |      1 |    0 |          0 |
|         inst                                |     axis_data_fifo_v2_0_9_top__parameterized0__xdcDup__1 |         67 |         67 |       0 |    0 |    55 |      0 |      1 |    0 |          0 |
|     StreamingFIFO_rtl_33                    |                GenericPartition_2_StreamingFIFO_rtl_33_0 |         11 |         11 |       0 |    0 |    17 |      0 |      0 |    0 |          0 |
|       inst                                  |                                     StreamingFIFO_rtl_33 |         11 |         11 |       0 |    0 |    17 |      0 |      0 |    0 |          0 |
|         impl                                |                                 Q_srl__parameterized0_92 |         11 |         11 |       0 |    0 |    17 |      0 |      0 |    0 |          0 |
|     StreamingFIFO_rtl_34                    |                GenericPartition_2_StreamingFIFO_rtl_34_0 |         17 |         17 |       0 |    0 |    29 |      0 |      0 |    0 |          0 |
|       inst                                  |                                     StreamingFIFO_rtl_34 |         17 |         17 |       0 |    0 |    29 |      0 |      0 |    0 |          0 |
|         impl                                |                                                 Q_srl_91 |         17 |         17 |       0 |    0 |    29 |      0 |      0 |    0 |          0 |
|     StreamingFIFO_rtl_35                    |                GenericPartition_2_StreamingFIFO_rtl_35_0 |         37 |         37 |       0 |    0 |    69 |      0 |      0 |    0 |          0 |
|       inst                                  |                                     StreamingFIFO_rtl_35 |         37 |         37 |       0 |    0 |    69 |      0 |      0 |    0 |          0 |
|         impl                                |                                 Q_srl__parameterized2_90 |         37 |         37 |       0 |    0 |    69 |      0 |      0 |    0 |          0 |
|     StreamingFIFO_rtl_36                    |                GenericPartition_2_StreamingFIFO_rtl_36_0 |         89 |         57 |       0 |   32 |    43 |      0 |      0 |    0 |          0 |
|       inst                                  |                                     StreamingFIFO_rtl_36 |         89 |         57 |       0 |   32 |    43 |      0 |      0 |    0 |          0 |
|         impl                                |                                 Q_srl__parameterized3_89 |         89 |         57 |       0 |   32 |    43 |      0 |      0 |    0 |          0 |
|     StreamingFIFO_rtl_37                    |                GenericPartition_2_StreamingFIFO_rtl_37_0 |         55 |         43 |       0 |   12 |    17 |      0 |      0 |    0 |          0 |
|       inst                                  |                                     StreamingFIFO_rtl_37 |         55 |         43 |       0 |   12 |    17 |      0 |      0 |    0 |          0 |
|         impl                                |                                   Q_srl__parameterized14 |         55 |         43 |       0 |   12 |    17 |      0 |      0 |    0 |          0 |
|     StreamingFIFO_rtl_38                    |                GenericPartition_2_StreamingFIFO_rtl_38_0 |          9 |          9 |       0 |    0 |    13 |      0 |      0 |    0 |          0 |
|       inst                                  |                                     StreamingFIFO_rtl_38 |          9 |          9 |       0 |    0 |    13 |      0 |      0 |    0 |          0 |
|         impl                                |                                 Q_srl__parameterized0_88 |          9 |          9 |       0 |    0 |    13 |      0 |      0 |    0 |          0 |
|     StreamingFIFO_rtl_39                    |                GenericPartition_2_StreamingFIFO_rtl_39_0 |         54 |         54 |       0 |    0 |   101 |      0 |      0 |    0 |          0 |
|       inst                                  |                                     StreamingFIFO_rtl_39 |         54 |         54 |       0 |    0 |   101 |      0 |      0 |    0 |          0 |
|         impl                                |                                 Q_srl__parameterized8_87 |         54 |         54 |       0 |    0 |   101 |      0 |      0 |    0 |          0 |
|     StreamingFIFO_rtl_4                     |                 GenericPartition_2_StreamingFIFO_rtl_4_0 |         15 |         15 |       0 |    0 |    21 |      0 |      0 |    0 |          0 |
|       inst                                  |                                      StreamingFIFO_rtl_4 |         15 |         15 |       0 |    0 |    21 |      0 |      0 |    0 |          0 |
|         impl                                |                                 Q_srl__parameterized0_86 |         15 |         15 |       0 |    0 |    21 |      0 |      0 |    0 |          0 |
|     StreamingFIFO_rtl_40                    |                GenericPartition_2_StreamingFIFO_rtl_40_0 |         12 |         12 |       0 |    0 |    17 |      0 |      0 |    0 |          0 |
|       inst                                  |                                     StreamingFIFO_rtl_40 |         12 |         12 |       0 |    0 |    17 |      0 |      0 |    0 |          0 |
|         impl                                |                                 Q_srl__parameterized0_85 |         12 |         12 |       0 |    0 |    17 |      0 |      0 |    0 |          0 |
|     StreamingFIFO_rtl_41                    |                GenericPartition_2_StreamingFIFO_rtl_41_0 |         55 |         55 |       0 |    0 |   101 |      0 |      0 |    0 |          0 |
|       inst                                  |                                     StreamingFIFO_rtl_41 |         55 |         55 |       0 |    0 |   101 |      0 |      0 |    0 |          0 |
|         impl                                |                                 Q_srl__parameterized8_84 |         55 |         55 |       0 |    0 |   101 |      0 |      0 |    0 |          0 |
|     StreamingFIFO_rtl_42                    |                GenericPartition_2_StreamingFIFO_rtl_42_0 |        129 |         49 |       0 |   80 |    30 |      0 |      0 |    0 |          0 |
|       inst                                  |                                     StreamingFIFO_rtl_42 |        129 |         49 |       0 |   80 |    30 |      0 |      0 |    0 |          0 |
|         impl                                |                                   Q_srl__parameterized15 |        129 |         49 |       0 |   80 |    30 |      0 |      0 |    0 |          0 |
|     StreamingFIFO_rtl_43                    |                GenericPartition_2_StreamingFIFO_rtl_43_0 |         13 |         13 |       0 |    0 |    21 |      0 |      0 |    0 |          0 |
|       inst                                  |                                     StreamingFIFO_rtl_43 |         13 |         13 |       0 |    0 |    21 |      0 |      0 |    0 |          0 |
|         impl                                |                                 Q_srl__parameterized0_83 |         13 |         13 |       0 |    0 |    21 |      0 |      0 |    0 |          0 |
|     StreamingFIFO_rtl_44                    |                GenericPartition_2_StreamingFIFO_rtl_44_0 |         15 |         15 |       0 |    0 |    23 |      0 |      0 |    0 |          0 |
|       inst                                  |                                     StreamingFIFO_rtl_44 |         15 |         15 |       0 |    0 |    23 |      0 |      0 |    0 |          0 |
|         impl                                |                                                 Q_srl_82 |         15 |         15 |       0 |    0 |    23 |      0 |      0 |    0 |          0 |
|     StreamingFIFO_rtl_45                    |                GenericPartition_2_StreamingFIFO_rtl_45_0 |         14 |         14 |       0 |    0 |    21 |      0 |      0 |    0 |          0 |
|       inst                                  |                                     StreamingFIFO_rtl_45 |         14 |         14 |       0 |    0 |    21 |      0 |      0 |    0 |          0 |
|         impl                                |                                 Q_srl__parameterized0_81 |         14 |         14 |       0 |    0 |    21 |      0 |      0 |    0 |          0 |
|     StreamingFIFO_rtl_46                    |                GenericPartition_2_StreamingFIFO_rtl_46_0 |         11 |         11 |       0 |    0 |    17 |      0 |      0 |    0 |          0 |
|       inst                                  |                                     StreamingFIFO_rtl_46 |         11 |         11 |       0 |    0 |    17 |      0 |      0 |    0 |          0 |
|         impl                                |                                 Q_srl__parameterized0_80 |         11 |         11 |       0 |    0 |    17 |      0 |      0 |    0 |          0 |
|     StreamingFIFO_rtl_47                    |                GenericPartition_2_StreamingFIFO_rtl_47_0 |         93 |         45 |       0 |   48 |    20 |      0 |      0 |    0 |          0 |
|       inst                                  |                                     StreamingFIFO_rtl_47 |         93 |         45 |       0 |   48 |    20 |      0 |      0 |    0 |          0 |
|         impl                                |                                   Q_srl__parameterized16 |         93 |         45 |       0 |   48 |    20 |      0 |      0 |    0 |          0 |
|     StreamingFIFO_rtl_48                    |                GenericPartition_2_StreamingFIFO_rtl_48_0 |         11 |         11 |       0 |    0 |    17 |      0 |      0 |    0 |          0 |
|       inst                                  |                                     StreamingFIFO_rtl_48 |         11 |         11 |       0 |    0 |    17 |      0 |      0 |    0 |          0 |
|         impl                                |                                 Q_srl__parameterized0_79 |         11 |         11 |       0 |    0 |    17 |      0 |      0 |    0 |          0 |
|     StreamingFIFO_rtl_49                    |                GenericPartition_2_StreamingFIFO_rtl_49_0 |         17 |         17 |       0 |    0 |    29 |      0 |      0 |    0 |          0 |
|       inst                                  |                                     StreamingFIFO_rtl_49 |         17 |         17 |       0 |    0 |    29 |      0 |      0 |    0 |          0 |
|         impl                                |                                                 Q_srl_78 |         17 |         17 |       0 |    0 |    29 |      0 |      0 |    0 |          0 |
|     StreamingFIFO_rtl_5                     |                 GenericPartition_2_StreamingFIFO_rtl_5_0 |         70 |         70 |       0 |    0 |   133 |      0 |      0 |    0 |          0 |
|       inst                                  |                                      StreamingFIFO_rtl_5 |         70 |         70 |       0 |    0 |   133 |      0 |      0 |    0 |          0 |
|         impl                                |                                   Q_srl__parameterized17 |         70 |         70 |       0 |    0 |   133 |      0 |      0 |    0 |          0 |
|     StreamingFIFO_rtl_50                    |                         StreamingFIFO_rtl_50_imp_1532RB9 |         79 |         79 |       0 |    0 |    63 |      0 |      1 |    0 |          0 |
|       fifo                                  |                                GenericPartition_2_fifo_3 |         79 |         79 |       0 |    0 |    63 |      0 |      1 |    0 |          0 |
|         inst                                |                     axis_data_fifo_v2_0_9_top__xdcDup__2 |         79 |         79 |       0 |    0 |    63 |      0 |      1 |    0 |          0 |
|     StreamingFIFO_rtl_51                    |                GenericPartition_2_StreamingFIFO_rtl_51_0 |         54 |         54 |       0 |    0 |   101 |      0 |      0 |    0 |          0 |
|       inst                                  |                                     StreamingFIFO_rtl_51 |         54 |         54 |       0 |    0 |   101 |      0 |      0 |    0 |          0 |
|         impl                                |                                 Q_srl__parameterized8_71 |         54 |         54 |       0 |    0 |   101 |      0 |      0 |    0 |          0 |
|     StreamingFIFO_rtl_52                    |                GenericPartition_2_StreamingFIFO_rtl_52_0 |        274 |         82 |       0 |  192 |    66 |      0 |      0 |    0 |          0 |
|       inst                                  |                                     StreamingFIFO_rtl_52 |        274 |         82 |       0 |  192 |    66 |      0 |      0 |    0 |          0 |
|         impl                                |                                   Q_srl__parameterized18 |        274 |         82 |       0 |  192 |    66 |      0 |      0 |    0 |          0 |
|     StreamingFIFO_rtl_53                    |                          StreamingFIFO_rtl_53_imp_FC3FXO |         70 |         70 |       0 |    0 |    59 |      0 |      1 |    0 |          0 |
|       fifo                                  |                                GenericPartition_2_fifo_4 |         70 |         70 |       0 |    0 |    59 |      0 |      1 |    0 |          0 |
|         inst                                |     axis_data_fifo_v2_0_9_top__parameterized1__xdcDup__1 |         70 |         70 |       0 |    0 |    59 |      0 |      1 |    0 |          0 |
|     StreamingFIFO_rtl_54                    |                GenericPartition_2_StreamingFIFO_rtl_54_0 |         11 |         11 |       0 |    0 |    17 |      0 |      0 |    0 |          0 |
|       inst                                  |                                     StreamingFIFO_rtl_54 |         11 |         11 |       0 |    0 |    17 |      0 |      0 |    0 |          0 |
|         impl                                |                                 Q_srl__parameterized0_64 |         11 |         11 |       0 |    0 |    17 |      0 |      0 |    0 |          0 |
|     StreamingFIFO_rtl_55                    |                GenericPartition_2_StreamingFIFO_rtl_55_0 |         25 |         25 |       0 |    0 |    41 |      0 |      0 |    0 |          0 |
|       inst                                  |                                     StreamingFIFO_rtl_55 |         25 |         25 |       0 |    0 |    41 |      0 |      0 |    0 |          0 |
|         impl                                |                                 Q_srl__parameterized5_63 |         25 |         25 |       0 |    0 |    41 |      0 |      0 |    0 |          0 |
|     StreamingFIFO_rtl_56                    |                GenericPartition_2_StreamingFIFO_rtl_56_0 |         29 |         29 |       0 |    0 |    53 |      0 |      0 |    0 |          0 |
|       inst                                  |                                     StreamingFIFO_rtl_56 |         29 |         29 |       0 |    0 |    53 |      0 |      0 |    0 |          0 |
|         impl                                |                                    Q_srl__parameterized5 |         29 |         29 |       0 |    0 |    53 |      0 |      0 |    0 |          0 |
|     StreamingFIFO_rtl_57                    |                GenericPartition_2_StreamingFIFO_rtl_57_0 |         53 |         53 |       0 |    0 |   101 |      0 |      0 |    0 |          0 |
|       inst                                  |                                     StreamingFIFO_rtl_57 |         53 |         53 |       0 |    0 |   101 |      0 |      0 |    0 |          0 |
|         impl                                |                                 Q_srl__parameterized8_62 |         53 |         53 |       0 |    0 |   101 |      0 |      0 |    0 |          0 |
|     StreamingFIFO_rtl_58                    |                GenericPartition_2_StreamingFIFO_rtl_58_0 |        123 |         75 |       0 |   48 |    59 |      0 |      0 |    0 |          0 |
|       inst                                  |                                     StreamingFIFO_rtl_58 |        123 |         75 |       0 |   48 |    59 |      0 |      0 |    0 |          0 |
|         impl                                |                                 Q_srl__parameterized9_61 |        123 |         75 |       0 |   48 |    59 |      0 |      0 |    0 |          0 |
|     StreamingFIFO_rtl_59                    |                          StreamingFIFO_rtl_59_imp_KMB120 |         68 |         68 |       0 |    0 |    55 |      0 |      1 |    0 |          0 |
|       fifo                                  |                                GenericPartition_2_fifo_5 |         68 |         68 |       0 |    0 |    55 |      0 |      1 |    0 |          0 |
|         inst                                |                axis_data_fifo_v2_0_9_top__parameterized0 |         68 |         68 |       0 |    0 |    55 |      0 |      1 |    0 |          0 |
|     StreamingFIFO_rtl_6                     |                          StreamingFIFO_rtl_6_imp_190BUBI |         70 |         70 |       0 |    0 |    59 |      0 |      1 |    0 |          0 |
|       fifo                                  |                                GenericPartition_2_fifo_0 |         70 |         70 |       0 |    0 |    59 |      0 |      1 |    0 |          0 |
|         inst                                |     axis_data_fifo_v2_0_9_top__parameterized1__xdcDup__2 |         70 |         70 |       0 |    0 |    59 |      0 |      1 |    0 |          0 |
|     StreamingFIFO_rtl_60                    |                GenericPartition_2_StreamingFIFO_rtl_60_0 |         11 |         11 |       0 |    0 |    17 |      0 |      0 |    0 |          0 |
|       inst                                  |                                     StreamingFIFO_rtl_60 |         11 |         11 |       0 |    0 |    17 |      0 |      0 |    0 |          0 |
|         impl                                |                                 Q_srl__parameterized0_50 |         11 |         11 |       0 |    0 |    17 |      0 |      0 |    0 |          0 |
|     StreamingFIFO_rtl_61                    |                GenericPartition_2_StreamingFIFO_rtl_61_0 |         55 |         55 |       0 |    0 |   101 |      0 |      0 |    0 |          0 |
|       inst                                  |                                     StreamingFIFO_rtl_61 |         55 |         55 |       0 |    0 |   101 |      0 |      0 |    0 |          0 |
|         impl                                |                                 Q_srl__parameterized8_49 |         55 |         55 |       0 |    0 |   101 |      0 |      0 |    0 |          0 |
|     StreamingFIFO_rtl_62                    |                GenericPartition_2_StreamingFIFO_rtl_62_0 |         17 |         17 |       0 |    0 |    29 |      0 |      0 |    0 |          0 |
|       inst                                  |                                     StreamingFIFO_rtl_62 |         17 |         17 |       0 |    0 |    29 |      0 |      0 |    0 |          0 |
|         impl                                |                                                 Q_srl_48 |         17 |         17 |       0 |    0 |    29 |      0 |      0 |    0 |          0 |
|     StreamingFIFO_rtl_63                    |                GenericPartition_2_StreamingFIFO_rtl_63_0 |         11 |         11 |       0 |    0 |    17 |      0 |      0 |    0 |          0 |
|       inst                                  |                                     StreamingFIFO_rtl_63 |         11 |         11 |       0 |    0 |    17 |      0 |      0 |    0 |          0 |
|         impl                                |                                 Q_srl__parameterized0_47 |         11 |         11 |       0 |    0 |    17 |      0 |      0 |    0 |          0 |
|     StreamingFIFO_rtl_64                    |                GenericPartition_2_StreamingFIFO_rtl_64_0 |        155 |         27 |       0 |  128 |   139 |      0 |      0 |    0 |          0 |
|       inst                                  |                                     StreamingFIFO_rtl_64 |        155 |         27 |       0 |  128 |   139 |      0 |      0 |    0 |          0 |
|         impl                                |                                   Q_srl__parameterized11 |        155 |         27 |       0 |  128 |   139 |      0 |      0 |    0 |          0 |
|     StreamingFIFO_rtl_65                    |                GenericPartition_2_StreamingFIFO_rtl_65_0 |         14 |         14 |       0 |    0 |    21 |      0 |      0 |    0 |          0 |
|       inst                                  |                                     StreamingFIFO_rtl_65 |         14 |         14 |       0 |    0 |    21 |      0 |      0 |    0 |          0 |
|         impl                                |                                 Q_srl__parameterized0_46 |         14 |         14 |       0 |    0 |    21 |      0 |      0 |    0 |          0 |
|     StreamingFIFO_rtl_66                    |                GenericPartition_2_StreamingFIFO_rtl_66_0 |         15 |         15 |       0 |    0 |    23 |      0 |      0 |    0 |          0 |
|       inst                                  |                                     StreamingFIFO_rtl_66 |         15 |         15 |       0 |    0 |    23 |      0 |      0 |    0 |          0 |
|         impl                                |                                                 Q_srl_45 |         15 |         15 |       0 |    0 |    23 |      0 |      0 |    0 |          0 |
|     StreamingFIFO_rtl_67                    |                GenericPartition_2_StreamingFIFO_rtl_67_0 |         16 |         16 |       0 |    0 |    21 |      0 |      0 |    0 |          0 |
|       inst                                  |                                     StreamingFIFO_rtl_67 |         16 |         16 |       0 |    0 |    21 |      0 |      0 |    0 |          0 |
|         impl                                |                                 Q_srl__parameterized0_44 |         16 |         16 |       0 |    0 |    21 |      0 |      0 |    0 |          0 |
|     StreamingFIFO_rtl_68                    |                GenericPartition_2_StreamingFIFO_rtl_68_0 |         13 |         13 |       0 |    0 |    17 |      0 |      0 |    0 |          0 |
|       inst                                  |                                     StreamingFIFO_rtl_68 |         13 |         13 |       0 |    0 |    17 |      0 |      0 |    0 |          0 |
|         impl                                |                                 Q_srl__parameterized0_43 |         13 |         13 |       0 |    0 |    17 |      0 |      0 |    0 |          0 |
|     StreamingFIFO_rtl_69                    |                         StreamingFIFO_rtl_69_imp_1RT5WPE |         72 |         72 |       0 |    0 |    59 |      0 |      1 |    0 |          0 |
|       fifo                                  |                                GenericPartition_2_fifo_6 |         72 |         72 |       0 |    0 |    59 |      0 |      1 |    0 |          0 |
|         inst                                |     axis_data_fifo_v2_0_9_top__parameterized1__xdcDup__3 |         72 |         72 |       0 |    0 |    59 |      0 |      1 |    0 |          0 |
|     StreamingFIFO_rtl_7                     |                 GenericPartition_2_StreamingFIFO_rtl_7_0 |         18 |         18 |       0 |    0 |    29 |      0 |      0 |    0 |          0 |
|       inst                                  |                                      StreamingFIFO_rtl_7 |         18 |         18 |       0 |    0 |    29 |      0 |      0 |    0 |          0 |
|         impl                                |                                                 Q_srl_36 |         18 |         18 |       0 |    0 |    29 |      0 |      0 |    0 |          0 |
|     StreamingFIFO_rtl_70                    |                GenericPartition_2_StreamingFIFO_rtl_70_0 |         11 |         11 |       0 |    0 |    17 |      0 |      0 |    0 |          0 |
|       inst                                  |                                     StreamingFIFO_rtl_70 |         11 |         11 |       0 |    0 |    17 |      0 |      0 |    0 |          0 |
|         impl                                |                                 Q_srl__parameterized0_35 |         11 |         11 |       0 |    0 |    17 |      0 |      0 |    0 |          0 |
|     StreamingFIFO_rtl_71                    |                GenericPartition_2_StreamingFIFO_rtl_71_0 |         17 |         17 |       0 |    0 |    29 |      0 |      0 |    0 |          0 |
|       inst                                  |                                     StreamingFIFO_rtl_71 |         17 |         17 |       0 |    0 |    29 |      0 |      0 |    0 |          0 |
|         impl                                |                                                 Q_srl_34 |         17 |         17 |       0 |    0 |    29 |      0 |      0 |    0 |          0 |
|     StreamingFIFO_rtl_72                    |                          StreamingFIFO_rtl_72_imp_BRN1DK |         80 |         80 |       0 |    0 |    63 |      0 |      1 |    0 |          0 |
|       fifo                                  |                                GenericPartition_2_fifo_7 |         80 |         80 |       0 |    0 |    63 |      0 |      1 |    0 |          0 |
|         inst                                |                     axis_data_fifo_v2_0_9_top__xdcDup__3 |         80 |         80 |       0 |    0 |    63 |      0 |      1 |    0 |          0 |
|     StreamingFIFO_rtl_73                    |                GenericPartition_2_StreamingFIFO_rtl_73_0 |         54 |         54 |       0 |    0 |   101 |      0 |      0 |    0 |          0 |
|       inst                                  |                                     StreamingFIFO_rtl_73 |         54 |         54 |       0 |    0 |   101 |      0 |      0 |    0 |          0 |
|         impl                                |                                 Q_srl__parameterized8_27 |         54 |         54 |       0 |    0 |   101 |      0 |      0 |    0 |          0 |
|     StreamingFIFO_rtl_74                    |                GenericPartition_2_StreamingFIFO_rtl_74_0 |        484 |        100 |       0 |  384 |    73 |      0 |      0 |    0 |          0 |
|       inst                                  |                                     StreamingFIFO_rtl_74 |        484 |        100 |       0 |  384 |    73 |      0 |      0 |    0 |          0 |
|         impl                                |                                   Q_srl__parameterized19 |        484 |        100 |       0 |  384 |    73 |      0 |      0 |    0 |          0 |
|     StreamingFIFO_rtl_75                    |                          StreamingFIFO_rtl_75_imp_QQCHRN |         81 |         81 |       0 |    0 |    63 |      0 |      1 |    0 |          0 |
|       fifo                                  |                                GenericPartition_2_fifo_8 |         81 |         81 |       0 |    0 |    63 |      0 |      1 |    0 |          0 |
|         inst                                |                                axis_data_fifo_v2_0_9_top |         81 |         81 |       0 |    0 |    63 |      0 |      1 |    0 |          0 |
|     StreamingFIFO_rtl_76                    |                GenericPartition_2_StreamingFIFO_rtl_76_0 |         11 |         11 |       0 |    0 |    17 |      0 |      0 |    0 |          0 |
|       inst                                  |                                     StreamingFIFO_rtl_76 |         11 |         11 |       0 |    0 |    17 |      0 |      0 |    0 |          0 |
|         impl                                |                                 Q_srl__parameterized0_22 |         11 |         11 |       0 |    0 |    17 |      0 |      0 |    0 |          0 |
|     StreamingFIFO_rtl_77                    |                GenericPartition_2_StreamingFIFO_rtl_77_0 |         17 |         17 |       0 |    0 |    29 |      0 |      0 |    0 |          0 |
|       inst                                  |                                     StreamingFIFO_rtl_77 |         17 |         17 |       0 |    0 |    29 |      0 |      0 |    0 |          0 |
|         impl                                |                                                 Q_srl_21 |         17 |         17 |       0 |    0 |    29 |      0 |      0 |    0 |          0 |
|     StreamingFIFO_rtl_78                    |                GenericPartition_2_StreamingFIFO_rtl_78_0 |         37 |         37 |       0 |    0 |    69 |      0 |      0 |    0 |          0 |
|       inst                                  |                                     StreamingFIFO_rtl_78 |         37 |         37 |       0 |    0 |    69 |      0 |      0 |    0 |          0 |
|         impl                                |                                 Q_srl__parameterized2_20 |         37 |         37 |       0 |    0 |    69 |      0 |      0 |    0 |          0 |
|     StreamingFIFO_rtl_79                    |                GenericPartition_2_StreamingFIFO_rtl_79_0 |        259 |         99 |       0 |  160 |    46 |      0 |      0 |    0 |          0 |
|       inst                                  |                                     StreamingFIFO_rtl_79 |        259 |         99 |       0 |  160 |    46 |      0 |      0 |    0 |          0 |
|         impl                                |                                   Q_srl__parameterized20 |        259 |         99 |       0 |  160 |    46 |      0 |      0 |    0 |          0 |
|     StreamingFIFO_rtl_8                     |                 GenericPartition_2_StreamingFIFO_rtl_8_0 |         54 |         54 |       0 |    0 |   101 |      0 |      0 |    0 |          0 |
|       inst                                  |                                      StreamingFIFO_rtl_8 |         54 |         54 |       0 |    0 |   101 |      0 |      0 |    0 |          0 |
|         impl                                |                                    Q_srl__parameterized8 |         54 |         54 |       0 |    0 |   101 |      0 |      0 |    0 |          0 |
|     StreamingFIFO_rtl_80                    |                          StreamingFIFO_rtl_80_imp_9I71WO |         71 |         71 |       0 |    0 |    59 |      0 |      1 |    0 |          0 |
|       fifo                                  |                                GenericPartition_2_fifo_9 |         71 |         71 |       0 |    0 |    59 |      0 |      1 |    0 |          0 |
|         inst                                |     axis_data_fifo_v2_0_9_top__parameterized1__xdcDup__4 |         71 |         71 |       0 |    0 |    59 |      0 |      1 |    0 |          0 |
|     StreamingFIFO_rtl_81                    |                GenericPartition_2_StreamingFIFO_rtl_81_0 |          9 |          9 |       0 |    0 |    13 |      0 |      0 |    0 |          0 |
|       inst                                  |                                     StreamingFIFO_rtl_81 |          9 |          9 |       0 |    0 |    13 |      0 |      0 |    0 |          0 |
|         impl                                |                                 Q_srl__parameterized0_13 |          9 |          9 |       0 |    0 |    13 |      0 |      0 |    0 |          0 |
|     StreamingFIFO_rtl_82                    |                GenericPartition_2_StreamingFIFO_rtl_82_0 |         37 |         37 |       0 |    0 |    69 |      0 |      0 |    0 |          0 |
|       inst                                  |                                     StreamingFIFO_rtl_82 |         37 |         37 |       0 |    0 |    69 |      0 |      0 |    0 |          0 |
|         impl                                |                                 Q_srl__parameterized2_12 |         37 |         37 |       0 |    0 |    69 |      0 |      0 |    0 |          0 |
|     StreamingFIFO_rtl_83                    |                GenericPartition_2_StreamingFIFO_rtl_83_0 |         13 |         13 |       0 |    0 |    21 |      0 |      0 |    0 |          0 |
|       inst                                  |                                     StreamingFIFO_rtl_83 |         13 |         13 |       0 |    0 |    21 |      0 |      0 |    0 |          0 |
|         impl                                |                                 Q_srl__parameterized0_11 |         13 |         13 |       0 |    0 |    21 |      0 |      0 |    0 |          0 |
|     StreamingFIFO_rtl_84                    |                GenericPartition_2_StreamingFIFO_rtl_84_0 |         39 |         39 |       0 |    0 |    69 |      0 |      0 |    0 |          0 |
|       inst                                  |                                     StreamingFIFO_rtl_84 |         39 |         39 |       0 |    0 |    69 |      0 |      0 |    0 |          0 |
|         impl                                |                                 Q_srl__parameterized2_10 |         39 |         39 |       0 |    0 |    69 |      0 |      0 |    0 |          0 |
|     StreamingFIFO_rtl_85                    |                GenericPartition_2_StreamingFIFO_rtl_85_0 |         76 |         44 |       0 |   32 |    28 |      0 |      0 |    0 |          0 |
|       inst                                  |                                     StreamingFIFO_rtl_85 |         76 |         44 |       0 |   32 |    28 |      0 |      0 |    0 |          0 |
|         impl                                |                                   Q_srl__parameterized21 |         76 |         44 |       0 |   32 |    28 |      0 |      0 |    0 |          0 |
|     StreamingFIFO_rtl_86                    |                GenericPartition_2_StreamingFIFO_rtl_86_0 |         15 |         15 |       0 |    0 |    21 |      0 |      0 |    0 |          0 |
|       inst                                  |                                     StreamingFIFO_rtl_86 |         15 |         15 |       0 |    0 |    21 |      0 |      0 |    0 |          0 |
|         impl                                |                                  Q_srl__parameterized0_9 |         15 |         15 |       0 |    0 |    21 |      0 |      0 |    0 |          0 |
|     StreamingFIFO_rtl_87                    |                GenericPartition_2_StreamingFIFO_rtl_87_0 |         17 |         17 |       0 |    0 |    23 |      0 |      0 |    0 |          0 |
|       inst                                  |                                     StreamingFIFO_rtl_87 |         17 |         17 |       0 |    0 |    23 |      0 |      0 |    0 |          0 |
|         impl                                |                                                  Q_srl_8 |         17 |         17 |       0 |    0 |    23 |      0 |      0 |    0 |          0 |
|     StreamingFIFO_rtl_88                    |                GenericPartition_2_StreamingFIFO_rtl_88_0 |         16 |         16 |       0 |    0 |    21 |      0 |      0 |    0 |          0 |
|       inst                                  |                                     StreamingFIFO_rtl_88 |         16 |         16 |       0 |    0 |    21 |      0 |      0 |    0 |          0 |
|         impl                                |                                  Q_srl__parameterized0_7 |         16 |         16 |       0 |    0 |    21 |      0 |      0 |    0 |          0 |
|     StreamingFIFO_rtl_89                    |                GenericPartition_2_StreamingFIFO_rtl_89_0 |         13 |         13 |       0 |    0 |    17 |      0 |      0 |    0 |          0 |
|       inst                                  |                                     StreamingFIFO_rtl_89 |         13 |         13 |       0 |    0 |    17 |      0 |      0 |    0 |          0 |
|         impl                                |                                  Q_srl__parameterized0_6 |         13 |         13 |       0 |    0 |    17 |      0 |      0 |    0 |          0 |
|     StreamingFIFO_rtl_9                     |                 GenericPartition_2_StreamingFIFO_rtl_9_0 |        122 |         74 |       0 |   48 |    59 |      0 |      0 |    0 |          0 |
|       inst                                  |                                      StreamingFIFO_rtl_9 |        122 |         74 |       0 |   48 |    59 |      0 |      0 |    0 |          0 |
|         impl                                |                                    Q_srl__parameterized9 |        122 |         74 |       0 |   48 |    59 |      0 |      0 |    0 |          0 |
|     StreamingFIFO_rtl_90                    |                GenericPartition_2_StreamingFIFO_rtl_90_0 |         14 |         14 |       0 |    0 |    17 |      0 |      0 |    0 |          0 |
|       inst                                  |                                     StreamingFIFO_rtl_90 |         14 |         14 |       0 |    0 |    17 |      0 |      0 |    0 |          0 |
|         impl                                |                                  Q_srl__parameterized0_5 |         14 |         14 |       0 |    0 |    17 |      0 |      0 |    0 |          0 |
|     StreamingFIFO_rtl_91                    |                GenericPartition_2_StreamingFIFO_rtl_91_0 |         13 |         13 |       0 |    0 |    17 |      0 |      0 |    0 |          0 |
|       inst                                  |                                     StreamingFIFO_rtl_91 |         13 |         13 |       0 |    0 |    17 |      0 |      0 |    0 |          0 |
|         impl                                |                                  Q_srl__parameterized0_4 |         13 |         13 |       0 |    0 |    17 |      0 |      0 |    0 |          0 |
|     StreamingFIFO_rtl_92                    |                GenericPartition_2_StreamingFIFO_rtl_92_0 |         18 |         18 |       0 |    0 |    29 |      0 |      0 |    0 |          0 |
|       inst                                  |                                     StreamingFIFO_rtl_92 |         18 |         18 |       0 |    0 |    29 |      0 |      0 |    0 |          0 |
|         impl                                |                                                  Q_srl_3 |         18 |         18 |       0 |    0 |    29 |      0 |      0 |    0 |          0 |
|     StreamingFIFO_rtl_93                    |                         StreamingFIFO_rtl_93_imp_1RDXVGN |         70 |         70 |       0 |    0 |    59 |      0 |      1 |    0 |          0 |
|       fifo                                  |                               GenericPartition_2_fifo_10 |         70 |         70 |       0 |    0 |    59 |      0 |      1 |    0 |          0 |
|         inst                                |                axis_data_fifo_v2_0_9_top__parameterized1 |         70 |         70 |       0 |    0 |    59 |      0 |      1 |    0 |          0 |
|     StreamingFIFO_rtl_94                    |                GenericPartition_2_StreamingFIFO_rtl_94_0 |         37 |         37 |       0 |    0 |    69 |      0 |      0 |    0 |          0 |
|       inst                                  |                                     StreamingFIFO_rtl_94 |         37 |         37 |       0 |    0 |    69 |      0 |      0 |    0 |          0 |
|         impl                                |                                    Q_srl__parameterized2 |         37 |         37 |       0 |    0 |    69 |      0 |      0 |    0 |          0 |
|     StreamingFIFO_rtl_95                    |                GenericPartition_2_StreamingFIFO_rtl_95_0 |         89 |         57 |       0 |   32 |    43 |      0 |      0 |    0 |          0 |
|       inst                                  |                                     StreamingFIFO_rtl_95 |         89 |         57 |       0 |   32 |    43 |      0 |      0 |    0 |          0 |
|         impl                                |                                    Q_srl__parameterized3 |         89 |         57 |       0 |   32 |    43 |      0 |      0 |    0 |          0 |
|     StreamingFIFO_rtl_96                    |                GenericPartition_2_StreamingFIFO_rtl_96_0 |         63 |         43 |       0 |   20 |    18 |      0 |      0 |    0 |          0 |
|       inst                                  |                                     StreamingFIFO_rtl_96 |         63 |         43 |       0 |   20 |    18 |      0 |      0 |    0 |          0 |
|         impl                                |                                   Q_srl__parameterized22 |         63 |         43 |       0 |   20 |    18 |      0 |      0 |    0 |          0 |
|     StreamingFIFO_rtl_97                    |                GenericPartition_2_StreamingFIFO_rtl_97_0 |          9 |          9 |       0 |    0 |    13 |      0 |      0 |    0 |          0 |
|       inst                                  |                                     StreamingFIFO_rtl_97 |          9 |          9 |       0 |    0 |    13 |      0 |      0 |    0 |          0 |
|         impl                                |                                    Q_srl__parameterized0 |          9 |          9 |       0 |    0 |    13 |      0 |      0 |    0 |          0 |
|     StreamingFIFO_rtl_98                    |                GenericPartition_2_StreamingFIFO_rtl_98_0 |         21 |         21 |       0 |    0 |    37 |      0 |      0 |    0 |          0 |
|       inst                                  |                                     StreamingFIFO_rtl_98 |         21 |         21 |       0 |    0 |    37 |      0 |      0 |    0 |          0 |
|         impl                                |                                                  Q_srl_0 |         21 |         21 |       0 |    0 |    37 |      0 |      0 |    0 |          0 |
|     StreamingFIFO_rtl_99                    |                GenericPartition_2_StreamingFIFO_rtl_99_0 |         21 |         21 |       0 |    0 |    37 |      0 |      0 |    0 |          0 |
|       inst                                  |                                     StreamingFIFO_rtl_99 |         21 |         21 |       0 |    0 |    37 |      0 |      0 |    0 |          0 |
|         impl                                |                                                    Q_srl |         21 |         21 |       0 |    0 |    37 |      0 |      0 |    0 |          0 |
|     Thresholding_rtl_0                      |                  GenericPartition_2_Thresholding_rtl_0_0 |         73 |         64 |       0 |    9 |   324 |      2 |      3 |    0 |          0 |
|       inst                                  |                           Thresholding_rtl_0_axi_wrapper |         73 |         64 |       0 |    9 |   324 |      2 |      3 |    0 |          0 |
|         core                                |                                         thresholding_axi |         73 |         64 |       0 |    9 |   324 |      2 |      3 |    0 |          0 |
|     Thresholding_rtl_1                      |                  GenericPartition_2_Thresholding_rtl_1_0 |         76 |         60 |       0 |   16 |   242 |      1 |      2 |    0 |          0 |
|       inst                                  |                           Thresholding_rtl_1_axi_wrapper |         76 |         60 |       0 |   16 |   242 |      1 |      2 |    0 |          0 |
|         core                                |                         thresholding_axi__parameterized0 |         76 |         60 |       0 |   16 |   242 |      1 |      2 |    0 |          0 |
|     Thresholding_rtl_10                     |                 GenericPartition_2_Thresholding_rtl_10_0 |         69 |         55 |       0 |   14 |   154 |      0 |      1 |    0 |          0 |
|       inst                                  |                          Thresholding_rtl_10_axi_wrapper |         69 |         55 |       0 |   14 |   154 |      0 |      1 |    0 |          0 |
|         core                                |                         thresholding_axi__parameterized1 |         69 |         55 |       0 |   14 |   154 |      0 |      1 |    0 |          0 |
|     Thresholding_rtl_11                     |                 GenericPartition_2_Thresholding_rtl_11_0 |         65 |         49 |       0 |   16 |   207 |      1 |      2 |    0 |          0 |
|       (Thresholding_rtl_11)                 |                 GenericPartition_2_Thresholding_rtl_11_0 |          1 |          1 |       0 |    0 |     0 |      0 |      0 |    0 |          0 |
|       inst                                  |                          Thresholding_rtl_11_axi_wrapper |         64 |         48 |       0 |   16 |   207 |      1 |      2 |    0 |          0 |
|         core                                |                         thresholding_axi__parameterized2 |         64 |         48 |       0 |   16 |   207 |      1 |      2 |    0 |          0 |
|     Thresholding_rtl_12                     |                 GenericPartition_2_Thresholding_rtl_12_0 |         78 |         64 |       0 |   14 |   300 |      2 |      4 |    0 |          0 |
|       inst                                  |                          Thresholding_rtl_12_axi_wrapper |         78 |         64 |       0 |   14 |   300 |      2 |      4 |    0 |          0 |
|         core                                |                         thresholding_axi__parameterized3 |         78 |         64 |       0 |   14 |   300 |      2 |      4 |    0 |          0 |
|     Thresholding_rtl_13                     |                 GenericPartition_2_Thresholding_rtl_13_0 |         68 |         54 |       0 |   14 |   154 |      0 |      0 |    0 |          0 |
|       inst                                  |                          Thresholding_rtl_13_axi_wrapper |         68 |         54 |       0 |   14 |   154 |      0 |      0 |    0 |          0 |
|         core                                |                         thresholding_axi__parameterized4 |         68 |         54 |       0 |   14 |   154 |      0 |      0 |    0 |          0 |
|     Thresholding_rtl_14                     |                 GenericPartition_2_Thresholding_rtl_14_0 |         65 |         50 |       0 |   15 |   209 |      1 |      2 |    0 |          0 |
|       inst                                  |                          Thresholding_rtl_14_axi_wrapper |         65 |         50 |       0 |   15 |   209 |      1 |      2 |    0 |          0 |
|         core                                |                         thresholding_axi__parameterized5 |         65 |         50 |       0 |   15 |   209 |      1 |      2 |    0 |          0 |
|     Thresholding_rtl_2                      |                  GenericPartition_2_Thresholding_rtl_2_0 |         79 |         65 |       0 |   14 |   271 |      1 |      2 |    0 |          0 |
|       inst                                  |                           Thresholding_rtl_2_axi_wrapper |         79 |         65 |       0 |   14 |   271 |      1 |      2 |    0 |          0 |
|         core                                |                         thresholding_axi__parameterized6 |         79 |         65 |       0 |   14 |   271 |      1 |      2 |    0 |          0 |
|     Thresholding_rtl_3                      |                  GenericPartition_2_Thresholding_rtl_3_0 |         71 |         62 |       0 |    9 |   312 |      2 |      5 |    0 |          0 |
|       inst                                  |                           Thresholding_rtl_3_axi_wrapper |         71 |         62 |       0 |    9 |   312 |      2 |      5 |    0 |          0 |
|         core                                |                         thresholding_axi__parameterized7 |         71 |         62 |       0 |    9 |   312 |      2 |      5 |    0 |          0 |
|     Thresholding_rtl_4                      |                  GenericPartition_2_Thresholding_rtl_4_0 |         77 |         61 |       0 |   16 |   242 |      1 |      2 |    0 |          0 |
|       inst                                  |                           Thresholding_rtl_4_axi_wrapper |         77 |         61 |       0 |   16 |   242 |      1 |      2 |    0 |          0 |
|         core                                |                         thresholding_axi__parameterized8 |         77 |         61 |       0 |   16 |   242 |      1 |      2 |    0 |          0 |
|     Thresholding_rtl_5                      |                  GenericPartition_2_Thresholding_rtl_5_0 |         77 |         63 |       0 |   14 |   279 |      1 |      3 |    0 |          0 |
|       inst                                  |                           Thresholding_rtl_5_axi_wrapper |         77 |         63 |       0 |   14 |   279 |      1 |      3 |    0 |          0 |
|         core                                |                         thresholding_axi__parameterized9 |         77 |         63 |       0 |   14 |   279 |      1 |      3 |    0 |          0 |
|     Thresholding_rtl_6                      |                  GenericPartition_2_Thresholding_rtl_6_0 |         76 |         67 |       0 |    9 |   324 |      2 |      3 |    0 |          0 |
|       (Thresholding_rtl_6)                  |                  GenericPartition_2_Thresholding_rtl_6_0 |          1 |          1 |       0 |    0 |     0 |      0 |      0 |    0 |          0 |
|       inst                                  |                           Thresholding_rtl_6_axi_wrapper |         75 |         66 |       0 |    9 |   324 |      2 |      3 |    0 |          0 |
|         core                                |                        thresholding_axi__parameterized10 |         75 |         66 |       0 |    9 |   324 |      2 |      3 |    0 |          0 |
|     Thresholding_rtl_7                      |                  GenericPartition_2_Thresholding_rtl_7_0 |         64 |         50 |       0 |   14 |   154 |      0 |      0 |    0 |          0 |
|       inst                                  |                           Thresholding_rtl_7_axi_wrapper |         64 |         50 |       0 |   14 |   154 |      0 |      0 |    0 |          0 |
|         core                                |                        thresholding_axi__parameterized11 |         64 |         50 |       0 |   14 |   154 |      0 |      0 |    0 |          0 |
|     Thresholding_rtl_8                      |                  GenericPartition_2_Thresholding_rtl_8_0 |         61 |         45 |       0 |   16 |   213 |      1 |      3 |    0 |          0 |
|       inst                                  |                           Thresholding_rtl_8_axi_wrapper |         61 |         45 |       0 |   16 |   213 |      1 |      3 |    0 |          0 |
|         core                                |                        thresholding_axi__parameterized12 |         61 |         45 |       0 |   16 |   213 |      1 |      3 |    0 |          0 |
|     Thresholding_rtl_9                      |                  GenericPartition_2_Thresholding_rtl_9_0 |         86 |         72 |       0 |   14 |   327 |      2 |      3 |    0 |          0 |
|       inst                                  |                           Thresholding_rtl_9_axi_wrapper |         86 |         72 |       0 |   14 |   327 |      2 |      3 |    0 |          0 |
|         core                                |                        thresholding_axi__parameterized13 |         86 |         72 |       0 |   14 |   327 |      2 |      3 |    0 |          0 |
+---------------------------------------------+----------------------------------------------------------+------------+------------+---------+------+-------+--------+--------+------+------------+
* Note: The sum of lower-level cells may be larger than their parent cells total, due to cross-hierarchy LUT combining


