Copyright 1986-2022 Xilinx, Inc. All Rights Reserved.
--------------------------------------------------------------------------------------------------------
| Tool Version : Vivado v.2022.2 (lin64) Build 3671981 Fri Oct 14 04:59:54 MDT 2022
| Date         : Wed Sep 16 13:13:22 2026
| Host         : finn_dev_thelegendiv running 64-bit Ubuntu 22.04.1 LTS
| Command      : report_utilization -hierarchical -hierarchical_depth 4 -file /tmp/hier_partition_4.rpt
| Design       : GenericPartition_4_wrapper
| Device       : xczu7ev-ffvc1156-2-e
| Speed File   : -2
| Design State : Routed
--------------------------------------------------------------------------------------------------------

Utilization Design Information

Table of Contents
-----------------
1. Utilization by Hierarchy

1. Utilization by Hierarchy
---------------------------

+---------------------------------------------+----------------------------------------------------------+------------+------------+---------+------+-------+--------+--------+------+------------+
|                   Instance                  |                          Module                          | Total LUTs | Logic LUTs | LUTRAMs | SRLs |  FFs  | RAMB36 | RAMB18 | URAM | DSP Blocks |
+---------------------------------------------+----------------------------------------------------------+------------+------------+---------+------+-------+--------+--------+------+------------+
| GenericPartition_4_wrapper                  |                                                    (top) |     104953 |     102485 |     912 | 1556 | 33392 |     20 |     39 |    0 |        252 |
|   (GenericPartition_4_wrapper)              |                                                    (top) |        171 |        171 |       0 |    0 |     0 |      0 |      0 |    0 |          0 |
|   GenericPartition_4_i                      |                                       GenericPartition_4 |     104790 |     102322 |     912 | 1556 | 33392 |     20 |     39 |    0 |        252 |
|     (GenericPartition_4_i)                  |                                       GenericPartition_4 |        131 |        131 |       0 |    0 |     0 |      0 |      0 |    0 |          0 |
|     AddStreams_hls_0                        |                    GenericPartition_4_AddStreams_hls_0_0 |         61 |         61 |       0 |    0 |    88 |      0 |      0 |    0 |          0 |
|       inst                                  |                                         AddStreams_hls_0 |         61 |         61 |       0 |    0 |    88 |      0 |      0 |    0 |          0 |
|         (inst)                              |                                         AddStreams_hls_0 |          0 |          0 |       0 |    0 |    25 |      0 |      0 |    0 |          0 |
|         flow_control_loop_pipe_no_ap_cont_U |       AddStreams_hls_0_flow_control_loop_pipe_no_ap_cont |         22 |         22 |       0 |    0 |     1 |      0 |      0 |    0 |          0 |
|         regslice_both_in0_V_U               |                           AddStreams_hls_0_regslice_both |          5 |          5 |       0 |    0 |    20 |      0 |      0 |    0 |          0 |
|         regslice_both_in1_V_U               |                       AddStreams_hls_0_regslice_both_456 |         17 |         17 |       0 |    0 |    20 |      0 |      0 |    0 |          0 |
|         regslice_both_out_V_U               |           AddStreams_hls_0_regslice_both__parameterized0 |         17 |         17 |       0 |    0 |    22 |      0 |      0 |    0 |          0 |
|     AddStreams_hls_1                        |                    GenericPartition_4_AddStreams_hls_1_0 |         59 |         59 |       0 |    0 |    88 |      0 |      0 |    0 |          0 |
|       inst                                  |                                         AddStreams_hls_1 |         59 |         59 |       0 |    0 |    88 |      0 |      0 |    0 |          0 |
|         (inst)                              |                                         AddStreams_hls_1 |          0 |          0 |       0 |    0 |    25 |      0 |      0 |    0 |          0 |
|         flow_control_loop_pipe_no_ap_cont_U |       AddStreams_hls_1_flow_control_loop_pipe_no_ap_cont |         20 |         20 |       0 |    0 |     1 |      0 |      0 |    0 |          0 |
|         regslice_both_in0_V_U               |                           AddStreams_hls_1_regslice_both |          5 |          5 |       0 |    0 |    20 |      0 |      0 |    0 |          0 |
|         regslice_both_in1_V_U               |                       AddStreams_hls_1_regslice_both_455 |         17 |         17 |       0 |    0 |    20 |      0 |      0 |    0 |          0 |
|         regslice_both_out_V_U               |           AddStreams_hls_1_regslice_both__parameterized0 |         17 |         17 |       0 |    0 |    22 |      0 |      0 |    0 |          0 |
|     AddStreams_hls_2                        |                    GenericPartition_4_AddStreams_hls_2_0 |         60 |         60 |       0 |    0 |    88 |      0 |      0 |    0 |          0 |
|       inst                                  |                                         AddStreams_hls_2 |         60 |         60 |       0 |    0 |    88 |      0 |      0 |    0 |          0 |
|         (inst)                              |                                         AddStreams_hls_2 |          0 |          0 |       0 |    0 |    25 |      0 |      0 |    0 |          0 |
|         flow_control_loop_pipe_no_ap_cont_U |       AddStreams_hls_2_flow_control_loop_pipe_no_ap_cont |         21 |         21 |       0 |    0 |     1 |      0 |      0 |    0 |          0 |
|         regslice_both_in0_V_U               |                           AddStreams_hls_2_regslice_both |          5 |          5 |       0 |    0 |    20 |      0 |      0 |    0 |          0 |
|         regslice_both_in1_V_U               |                       AddStreams_hls_2_regslice_both_454 |         17 |         17 |       0 |    0 |    20 |      0 |      0 |    0 |          0 |
|         regslice_both_out_V_U               |           AddStreams_hls_2_regslice_both__parameterized0 |         17 |         17 |       0 |    0 |    22 |      0 |      0 |    0 |          0 |
|     AddStreams_hls_3                        |                    GenericPartition_4_AddStreams_hls_3_0 |         56 |         56 |       0 |    0 |    88 |      0 |      0 |    0 |          0 |
|       inst                                  |                                         AddStreams_hls_3 |         56 |         56 |       0 |    0 |    88 |      0 |      0 |    0 |          0 |
|         (inst)                              |                                         AddStreams_hls_3 |          0 |          0 |       0 |    0 |    25 |      0 |      0 |    0 |          0 |
|         flow_control_loop_pipe_no_ap_cont_U |       AddStreams_hls_3_flow_control_loop_pipe_no_ap_cont |         18 |         18 |       0 |    0 |     1 |      0 |      0 |    0 |          0 |
|         regslice_both_in0_V_U               |                           AddStreams_hls_3_regslice_both |          8 |          8 |       0 |    0 |    20 |      0 |      0 |    0 |          0 |
|         regslice_both_in1_V_U               |                       AddStreams_hls_3_regslice_both_453 |         16 |         16 |       0 |    0 |    20 |      0 |      0 |    0 |          0 |
|         regslice_both_out_V_U               |           AddStreams_hls_3_regslice_both__parameterized0 |         15 |         15 |       0 |    0 |    22 |      0 |      0 |    0 |          0 |
|     ConvolutionInputGenerator_rtl_0         |     GenericPartition_4_ConvolutionInputGenerator_rtl_0_0 |        267 |        195 |      72 |    0 |    87 |      0 |      0 |    0 |          0 |
|       (ConvolutionInputGenerator_rtl_0)     |     GenericPartition_4_ConvolutionInputGenerator_rtl_0_0 |         24 |         24 |       0 |    0 |     0 |      0 |      0 |    0 |          0 |
|       inst                                  |                          ConvolutionInputGenerator_rtl_0 |        244 |        172 |      72 |    0 |    87 |      0 |      0 |    0 |          0 |
|         impl                                |                     ConvolutionInputGenerator_rtl_0_impl |        244 |        172 |      72 |    0 |    87 |      0 |      0 |    0 |          0 |
|     ConvolutionInputGenerator_rtl_1         |     GenericPartition_4_ConvolutionInputGenerator_rtl_1_0 |        189 |        173 |      16 |    0 |    81 |      0 |      0 |    0 |          0 |
|       inst                                  |                          ConvolutionInputGenerator_rtl_1 |        189 |        173 |      16 |    0 |    81 |      0 |      0 |    0 |          0 |
|         impl                                |                     ConvolutionInputGenerator_rtl_1_impl |        189 |        173 |      16 |    0 |    81 |      0 |      0 |    0 |          0 |
|     ConvolutionInputGenerator_rtl_2         |     GenericPartition_4_ConvolutionInputGenerator_rtl_2_0 |        363 |        227 |     136 |    0 |    90 |      0 |      0 |    0 |          0 |
|       inst                                  |                          ConvolutionInputGenerator_rtl_2 |        363 |        227 |     136 |    0 |    90 |      0 |      0 |    0 |          0 |
|         impl                                |                     ConvolutionInputGenerator_rtl_2_impl |        363 |        227 |     136 |    0 |    90 |      0 |      0 |    0 |          0 |
|     ConvolutionInputGenerator_rtl_3         |     GenericPartition_4_ConvolutionInputGenerator_rtl_3_0 |        202 |        178 |      24 |    0 |    84 |      0 |      0 |    0 |          0 |
|       inst                                  |                          ConvolutionInputGenerator_rtl_3 |        202 |        178 |      24 |    0 |    84 |      0 |      0 |    0 |          0 |
|         impl                                |                     ConvolutionInputGenerator_rtl_3_impl |        202 |        178 |      24 |    0 |    84 |      0 |      0 |    0 |          0 |
|     ConvolutionInputGenerator_rtl_4         |     GenericPartition_4_ConvolutionInputGenerator_rtl_4_0 |        561 |        297 |     264 |    0 |    99 |      0 |      0 |    0 |          0 |
|       inst                                  |                          ConvolutionInputGenerator_rtl_4 |        561 |        297 |     264 |    0 |    99 |      0 |      0 |    0 |          0 |
|         impl                                |                     ConvolutionInputGenerator_rtl_4_impl |        561 |        297 |     264 |    0 |    99 |      0 |      0 |    0 |          0 |
|     ConvolutionInputGenerator_rtl_5         |     GenericPartition_4_ConvolutionInputGenerator_rtl_5_0 |        236 |        196 |      40 |    0 |    89 |      0 |      0 |    0 |          0 |
|       inst                                  |                          ConvolutionInputGenerator_rtl_5 |        236 |        196 |      40 |    0 |    89 |      0 |      0 |    0 |          0 |
|         impl                                |                     ConvolutionInputGenerator_rtl_5_impl |        236 |        196 |      40 |    0 |    89 |      0 |      0 |    0 |          0 |
|     ConvolutionInputGenerator_rtl_6         |     GenericPartition_4_ConvolutionInputGenerator_rtl_6_0 |        212 |        172 |      40 |    0 |    83 |      0 |      0 |    0 |          0 |
|       inst                                  |                          ConvolutionInputGenerator_rtl_6 |        212 |        172 |      40 |    0 |    83 |      0 |      0 |    0 |          0 |
|         impl                                |                     ConvolutionInputGenerator_rtl_6_impl |        212 |        172 |      40 |    0 |    83 |      0 |      0 |    0 |          0 |
|     ConvolutionInputGenerator_rtl_7         |     GenericPartition_4_ConvolutionInputGenerator_rtl_7_0 |        159 |        151 |       8 |    0 |    79 |      0 |      0 |    0 |          0 |
|       inst                                  |                          ConvolutionInputGenerator_rtl_7 |        159 |        151 |       8 |    0 |    79 |      0 |      0 |    0 |          0 |
|         impl                                |                     ConvolutionInputGenerator_rtl_7_impl |        159 |        151 |       8 |    0 |    79 |      0 |      0 |    0 |          0 |
|     DuplicateStreams_hls_0                  |              GenericPartition_4_DuplicateStreams_hls_0_0 |         54 |         54 |       0 |    0 |    71 |      0 |      0 |    0 |          0 |
|       inst                                  |                                   DuplicateStreams_hls_0 |         54 |         54 |       0 |    0 |    71 |      0 |      0 |    0 |          0 |
|         (inst)                              |                                   DuplicateStreams_hls_0 |          1 |          1 |       0 |    0 |    22 |      0 |      0 |    0 |          0 |
|         flow_control_loop_pipe_no_ap_cont_U | DuplicateStreams_hls_0_flow_control_loop_pipe_no_ap_cont |         18 |         18 |       0 |    0 |     1 |      0 |      0 |    0 |          0 |
|         regslice_both_in0_V_U               |                     DuplicateStreams_hls_0_regslice_both |         11 |         11 |       0 |    0 |    16 |      0 |      0 |    0 |          0 |
|         regslice_both_out0_V_U              |                 DuplicateStreams_hls_0_regslice_both_450 |          9 |          9 |       0 |    0 |    16 |      0 |      0 |    0 |          0 |
|         regslice_both_out1_V_U              |                 DuplicateStreams_hls_0_regslice_both_451 |         17 |         17 |       0 |    0 |    16 |      0 |      0 |    0 |          0 |
|     DuplicateStreams_hls_1                  |              GenericPartition_4_DuplicateStreams_hls_1_0 |         50 |         50 |       0 |    0 |    57 |      0 |      0 |    0 |          0 |
|       inst                                  |                                   DuplicateStreams_hls_1 |         50 |         50 |       0 |    0 |    57 |      0 |      0 |    0 |          0 |
|         (inst)                              |                                   DuplicateStreams_hls_1 |          1 |          1 |       0 |    0 |    20 |      0 |      0 |    0 |          0 |
|         flow_control_loop_pipe_no_ap_cont_U | DuplicateStreams_hls_1_flow_control_loop_pipe_no_ap_cont |         18 |         18 |       0 |    0 |     1 |      0 |      0 |    0 |          0 |
|         regslice_both_in0_V_U               |                     DuplicateStreams_hls_1_regslice_both |          9 |          9 |       0 |    0 |    12 |      0 |      0 |    0 |          0 |
|         regslice_both_out0_V_U              |                 DuplicateStreams_hls_1_regslice_both_448 |          8 |          8 |       0 |    0 |    12 |      0 |      0 |    0 |          0 |
|         regslice_both_out1_V_U              |                 DuplicateStreams_hls_1_regslice_both_449 |         16 |         16 |       0 |    0 |    12 |      0 |      0 |    0 |          0 |
|     DuplicateStreams_hls_2                  |              GenericPartition_4_DuplicateStreams_hls_2_0 |         54 |         54 |       0 |    0 |    71 |      0 |      0 |    0 |          0 |
|       inst                                  |                                   DuplicateStreams_hls_2 |         54 |         54 |       0 |    0 |    71 |      0 |      0 |    0 |          0 |
|         (inst)                              |                                   DuplicateStreams_hls_2 |          1 |          1 |       0 |    0 |    22 |      0 |      0 |    0 |          0 |
|         flow_control_loop_pipe_no_ap_cont_U | DuplicateStreams_hls_2_flow_control_loop_pipe_no_ap_cont |         18 |         18 |       0 |    0 |     1 |      0 |      0 |    0 |          0 |
|         regslice_both_in0_V_U               |                     DuplicateStreams_hls_2_regslice_both |         11 |         11 |       0 |    0 |    16 |      0 |      0 |    0 |          0 |
|         regslice_both_out0_V_U              |                 DuplicateStreams_hls_2_regslice_both_446 |          9 |          9 |       0 |    0 |    16 |      0 |      0 |    0 |          0 |
|         regslice_both_out1_V_U              |                 DuplicateStreams_hls_2_regslice_both_447 |         17 |         17 |       0 |    0 |    16 |      0 |      0 |    0 |          0 |
|     DuplicateStreams_hls_3                  |              GenericPartition_4_DuplicateStreams_hls_3_0 |         55 |         55 |       0 |    0 |    71 |      0 |      0 |    0 |          0 |
|       inst                                  |                                   DuplicateStreams_hls_3 |         55 |         55 |       0 |    0 |    71 |      0 |      0 |    0 |          0 |
|         (inst)                              |                                   DuplicateStreams_hls_3 |          1 |          1 |       0 |    0 |    22 |      0 |      0 |    0 |          0 |
|         flow_control_loop_pipe_no_ap_cont_U | DuplicateStreams_hls_3_flow_control_loop_pipe_no_ap_cont |         19 |         19 |       0 |    0 |     1 |      0 |      0 |    0 |          0 |
|         regslice_both_in0_V_U               |                     DuplicateStreams_hls_3_regslice_both |         11 |         11 |       0 |    0 |    16 |      0 |      0 |    0 |          0 |
|         regslice_both_out0_V_U              |                 DuplicateStreams_hls_3_regslice_both_444 |          9 |          9 |       0 |    0 |    16 |      0 |      0 |    0 |          0 |
|         regslice_both_out1_V_U              |                 DuplicateStreams_hls_3_regslice_both_445 |         17 |         17 |       0 |    0 |    16 |      0 |      0 |    0 |          0 |
|     FMPadding_rtl_0                         |                     GenericPartition_4_FMPadding_rtl_0_0 |         66 |         66 |       0 |    0 |   108 |      0 |      0 |    0 |          0 |
|       inst                                  |                                          FMPadding_rtl_0 |         66 |         66 |       0 |    0 |   108 |      0 |      0 |    0 |          0 |
|         impl                                |                                            fmpadding_axi |         66 |         66 |       0 |    0 |   108 |      0 |      0 |    0 |          0 |
|     FMPadding_rtl_1                         |                     GenericPartition_4_FMPadding_rtl_1_0 |         67 |         67 |       0 |    0 |   108 |      0 |      0 |    0 |          0 |
|       inst                                  |                                          FMPadding_rtl_1 |         67 |         67 |       0 |    0 |   108 |      0 |      0 |    0 |          0 |
|         impl                                |                            fmpadding_axi__parameterized0 |         67 |         67 |       0 |    0 |   108 |      0 |      0 |    0 |          0 |
|     FMPadding_rtl_2                         |                     GenericPartition_4_FMPadding_rtl_2_0 |         49 |         49 |       0 |    0 |    76 |      0 |      0 |    0 |          0 |
|       inst                                  |                                          FMPadding_rtl_2 |         49 |         49 |       0 |    0 |    76 |      0 |      0 |    0 |          0 |
|         impl                                |                            fmpadding_axi__parameterized1 |         49 |         49 |       0 |    0 |    76 |      0 |      0 |    0 |          0 |
|     FMPadding_rtl_3                         |                     GenericPartition_4_FMPadding_rtl_3_0 |         48 |         48 |       0 |    0 |    76 |      0 |      0 |    0 |          0 |
|       inst                                  |                                          FMPadding_rtl_3 |         48 |         48 |       0 |    0 |    76 |      0 |      0 |    0 |          0 |
|         impl                                |                            fmpadding_axi__parameterized2 |         48 |         48 |       0 |    0 |    76 |      0 |      0 |    0 |          0 |
|     FMPadding_rtl_4                         |                     GenericPartition_4_FMPadding_rtl_4_0 |         69 |         69 |       0 |    0 |   109 |      0 |      0 |    0 |          0 |
|       inst                                  |                                          FMPadding_rtl_4 |         69 |         69 |       0 |    0 |   109 |      0 |      0 |    0 |          0 |
|         impl                                |                            fmpadding_axi__parameterized3 |         69 |         69 |       0 |    0 |   109 |      0 |      0 |    0 |          0 |
|     FMPadding_rtl_5                         |                     GenericPartition_4_FMPadding_rtl_5_0 |         48 |         48 |       0 |    0 |    77 |      0 |      0 |    0 |          0 |
|       inst                                  |                                          FMPadding_rtl_5 |         48 |         48 |       0 |    0 |    77 |      0 |      0 |    0 |          0 |
|         impl                                |                            fmpadding_axi__parameterized4 |         48 |         48 |       0 |    0 |    77 |      0 |      0 |    0 |          0 |
|     FMPadding_rtl_6                         |                     GenericPartition_4_FMPadding_rtl_6_0 |         48 |         48 |       0 |    0 |    75 |      0 |      0 |    0 |          0 |
|       inst                                  |                                          FMPadding_rtl_6 |         48 |         48 |       0 |    0 |    75 |      0 |      0 |    0 |          0 |
|         impl                                |                            fmpadding_axi__parameterized5 |         48 |         48 |       0 |    0 |    75 |      0 |      0 |    0 |          0 |
|     FMPadding_rtl_7                         |                     GenericPartition_4_FMPadding_rtl_7_0 |         66 |         66 |       0 |    0 |   107 |      0 |      0 |    0 |          0 |
|       inst                                  |                                          FMPadding_rtl_7 |         66 |         66 |       0 |    0 |   107 |      0 |      0 |    0 |          0 |
|         impl                                |                            fmpadding_axi__parameterized6 |         66 |         66 |       0 |    0 |   107 |      0 |      0 |    0 |          0 |
|     MVAU_hls_0                              |                                    MVAU_hls_0_imp_5EWHIW |       4026 |       4026 |       0 |    0 |   484 |      1 |      0 |    0 |         16 |
|       MVAU_hls_0                            |                          GenericPartition_4_MVAU_hls_0_0 |       4021 |       4021 |       0 |    0 |   474 |      0 |      0 |    0 |         16 |
|         inst                                |                                               MVAU_hls_0 |       4021 |       4021 |       0 |    0 |   474 |      0 |      0 |    0 |         16 |
|       MVAU_hls_0_wstrm                      |                    GenericPartition_4_MVAU_hls_0_wstrm_0 |          5 |          5 |       0 |    0 |    10 |      1 |      0 |    0 |          0 |
|         inst                                |                                    memstream_axi_wrapper |          5 |          5 |       0 |    0 |    10 |      1 |      0 |    0 |          0 |
|     MVAU_hls_1                              |                                   MVAU_hls_1_imp_1IHLK9S |       2690 |       2690 |       0 |    0 |   608 |      1 |      0 |    0 |         12 |
|       MVAU_hls_1                            |                          GenericPartition_4_MVAU_hls_1_0 |       2686 |       2686 |       0 |    0 |   598 |      0 |      0 |    0 |         12 |
|         inst                                |                                               MVAU_hls_1 |       2686 |       2686 |       0 |    0 |   598 |      0 |      0 |    0 |         12 |
|       MVAU_hls_1_wstrm                      |                    GenericPartition_4_MVAU_hls_1_wstrm_0 |          4 |          4 |       0 |    0 |    10 |      1 |      0 |    0 |          0 |
|         inst                                |                    memstream_axi_wrapper__parameterized0 |          4 |          4 |       0 |    0 |    10 |      1 |      0 |    0 |          0 |
|     MVAU_hls_10                             |                                  MVAU_hls_10_imp_1ROZUZ3 |        367 |        367 |       0 |    0 |   418 |      1 |      0 |    0 |         16 |
|       MVAU_hls_10                           |                         GenericPartition_4_MVAU_hls_10_0 |        364 |        364 |       0 |    0 |   407 |      0 |      0 |    0 |         16 |
|         inst                                |                                              MVAU_hls_10 |        364 |        364 |       0 |    0 |   407 |      0 |      0 |    0 |         16 |
|       MVAU_hls_10_wstrm                     |                   GenericPartition_4_MVAU_hls_10_wstrm_0 |          4 |          4 |       0 |    0 |    11 |      1 |      0 |    0 |          0 |
|         inst                                |                    memstream_axi_wrapper__parameterized1 |          4 |          4 |       0 |    0 |    11 |      1 |      0 |    0 |          0 |
|     MVAU_hls_11                             |                                   MVAU_hls_11_imp_DZO2XJ |       7222 |       7222 |       0 |    0 |  5055 |      1 |      0 |    0 |         16 |
|       MVAU_hls_11                           |                         GenericPartition_4_MVAU_hls_11_0 |       7217 |       7217 |       0 |    0 |  5045 |      0 |      0 |    0 |         16 |
|         inst                                |                                              MVAU_hls_11 |       7217 |       7217 |       0 |    0 |  5045 |      0 |      0 |    0 |         16 |
|       MVAU_hls_11_wstrm                     |                   GenericPartition_4_MVAU_hls_11_wstrm_0 |          5 |          5 |       0 |    0 |    10 |      1 |      0 |    0 |          0 |
|         inst                                |                    memstream_axi_wrapper__parameterized2 |          5 |          5 |       0 |    0 |    10 |      1 |      0 |    0 |          0 |
|     MVAU_hls_12                             |                                  MVAU_hls_12_imp_14ANZI6 |       1063 |       1015 |      48 |    0 |   851 |      0 |      0 |    0 |         16 |
|       MVAU_hls_12                           |                         GenericPartition_4_MVAU_hls_12_0 |       1011 |       1011 |       0 |    0 |   745 |      0 |      0 |    0 |         16 |
|         inst                                |                                              MVAU_hls_12 |       1011 |       1011 |       0 |    0 |   745 |      0 |      0 |    0 |         16 |
|       MVAU_hls_12_wstrm                     |                   GenericPartition_4_MVAU_hls_12_wstrm_0 |         52 |          4 |      48 |    0 |   106 |      0 |      0 |    0 |          0 |
|         inst                                |                    memstream_axi_wrapper__parameterized3 |         52 |          4 |      48 |    0 |   106 |      0 |      0 |    0 |          0 |
|     MVAU_hls_13                             |                                   MVAU_hls_13_imp_JNNO6E |        968 |        932 |      36 |    0 |  1261 |      0 |      0 |    0 |         12 |
|       MVAU_hls_13                           |                         GenericPartition_4_MVAU_hls_13_0 |        928 |        928 |       0 |    0 |  1179 |      0 |      0 |    0 |         12 |
|         inst                                |                                              MVAU_hls_13 |        928 |        928 |       0 |    0 |  1179 |      0 |      0 |    0 |         12 |
|       MVAU_hls_13_wstrm                     |                   GenericPartition_4_MVAU_hls_13_wstrm_0 |         40 |          4 |      36 |    0 |    82 |      0 |      0 |    0 |          0 |
|         inst                                |                    memstream_axi_wrapper__parameterized4 |         40 |          4 |      36 |    0 |    82 |      0 |      0 |    0 |          0 |
|     MVAU_hls_14                             |                                   MVAU_hls_14_imp_3KVJVX |       1156 |       1120 |      36 |    0 |  1504 |      0 |      0 |    0 |         12 |
|       MVAU_hls_14                           |                         GenericPartition_4_MVAU_hls_14_0 |       1116 |       1116 |       0 |    0 |  1422 |      0 |      0 |    0 |         12 |
|         inst                                |                                              MVAU_hls_14 |       1116 |       1116 |       0 |    0 |  1422 |      0 |      0 |    0 |         12 |
|       MVAU_hls_14_wstrm                     |                   GenericPartition_4_MVAU_hls_14_wstrm_0 |         40 |          4 |      36 |    0 |    82 |      0 |      0 |    0 |          0 |
|         inst                                |                    memstream_axi_wrapper__parameterized5 |         40 |          4 |      36 |    0 |    82 |      0 |      0 |    0 |          0 |
|     MVAU_hls_15                             |                                  MVAU_hls_15_imp_1ORPCFP |      33542 |      33542 |       0 |    0 |  1570 |      1 |      1 |    0 |         16 |
|       MVAU_hls_15                           |                         GenericPartition_4_MVAU_hls_15_0 |      33537 |      33537 |       0 |    0 |  1560 |      0 |      0 |    0 |         16 |
|         inst                                |                                              MVAU_hls_15 |      33537 |      33537 |       0 |    0 |  1560 |      0 |      0 |    0 |         16 |
|       MVAU_hls_15_wstrm                     |                   GenericPartition_4_MVAU_hls_15_wstrm_0 |          5 |          5 |       0 |    0 |    10 |      1 |      1 |    0 |          0 |
|         inst                                |                    memstream_axi_wrapper__parameterized6 |          5 |          5 |       0 |    0 |    10 |      1 |      1 |    0 |          0 |
|     MVAU_hls_2                              |                                    MVAU_hls_2_imp_SMZMTL |       1433 |       1433 |       0 |    0 |   650 |      1 |      0 |    0 |         20 |
|       MVAU_hls_2                            |                          GenericPartition_4_MVAU_hls_2_0 |       1429 |       1429 |       0 |    0 |   639 |      0 |      0 |    0 |         20 |
|         inst                                |                                               MVAU_hls_2 |       1429 |       1429 |       0 |    0 |   639 |      0 |      0 |    0 |         20 |
|       MVAU_hls_2_wstrm                      |                    GenericPartition_4_MVAU_hls_2_wstrm_0 |          4 |          4 |       0 |    0 |    11 |      1 |      0 |    0 |          0 |
|         inst                                |                    memstream_axi_wrapper__parameterized7 |          4 |          4 |       0 |    0 |    11 |      1 |      0 |    0 |          0 |
|     MVAU_hls_3                              |                                   MVAU_hls_3_imp_1D2CMQ9 |       9859 |       9811 |      48 |    0 |  6715 |      0 |      0 |    0 |         20 |
|       MVAU_hls_3                            |                          GenericPartition_4_MVAU_hls_3_0 |       9806 |       9806 |       0 |    0 |  6609 |      0 |      0 |    0 |         20 |
|         inst                                |                                               MVAU_hls_3 |       9806 |       9806 |       0 |    0 |  6609 |      0 |      0 |    0 |         20 |
|       MVAU_hls_3_wstrm                      |                    GenericPartition_4_MVAU_hls_3_wstrm_0 |         53 |          5 |      48 |    0 |   106 |      0 |      0 |    0 |          0 |
|         inst                                |                    memstream_axi_wrapper__parameterized8 |         53 |          5 |      48 |    0 |   106 |      0 |      0 |    0 |          0 |
|     MVAU_hls_4                              |                                   MVAU_hls_4_imp_1XMCUHM |        947 |        899 |      48 |    0 |   752 |      0 |      0 |    0 |         16 |
|       MVAU_hls_4                            |                          GenericPartition_4_MVAU_hls_4_0 |        895 |        895 |       0 |    0 |   646 |      0 |      0 |    0 |         16 |
|         inst                                |                                               MVAU_hls_4 |        895 |        895 |       0 |    0 |   646 |      0 |      0 |    0 |         16 |
|       MVAU_hls_4_wstrm                      |                    GenericPartition_4_MVAU_hls_4_wstrm_0 |         52 |          4 |      48 |    0 |   106 |      0 |      0 |    0 |          0 |
|         inst                                |                    memstream_axi_wrapper__parameterized9 |         52 |          4 |      48 |    0 |   106 |      0 |      0 |    0 |          0 |
|     MVAU_hls_5                              |                                    MVAU_hls_5_imp_CHVBWI |        947 |        899 |      48 |    0 |   716 |      0 |      0 |    0 |         16 |
|       MVAU_hls_5                            |                          GenericPartition_4_MVAU_hls_5_0 |        895 |        895 |       0 |    0 |   610 |      0 |      0 |    0 |         16 |
|         inst                                |                                               MVAU_hls_5 |        895 |        895 |       0 |    0 |   610 |      0 |      0 |    0 |         16 |
|       MVAU_hls_5_wstrm                      |                    GenericPartition_4_MVAU_hls_5_wstrm_0 |         52 |          4 |      48 |    0 |   106 |      0 |      0 |    0 |          0 |
|         inst                                |                   memstream_axi_wrapper__parameterized10 |         52 |          4 |      48 |    0 |   106 |      0 |      0 |    0 |          0 |
|     MVAU_hls_6                              |                                   MVAU_hls_6_imp_13I40IZ |        361 |        361 |       0 |    0 |   418 |      1 |      0 |    0 |         16 |
|       MVAU_hls_6                            |                          GenericPartition_4_MVAU_hls_6_0 |        357 |        357 |       0 |    0 |   407 |      0 |      0 |    0 |         16 |
|         inst                                |                                               MVAU_hls_6 |        357 |        357 |       0 |    0 |   407 |      0 |      0 |    0 |         16 |
|       MVAU_hls_6_wstrm                      |                    GenericPartition_4_MVAU_hls_6_wstrm_0 |          4 |          4 |       0 |    0 |    11 |      1 |      0 |    0 |          0 |
|         inst                                |                   memstream_axi_wrapper__parameterized11 |          4 |          4 |       0 |    0 |    11 |      1 |      0 |    0 |          0 |
|     MVAU_hls_7                              |                                    MVAU_hls_7_imp_OWE9YR |      24997 |      24997 |       0 |    0 |  1105 |      1 |      0 |    0 |         16 |
|       MVAU_hls_7                            |                          GenericPartition_4_MVAU_hls_7_0 |      24992 |      24992 |       0 |    0 |  1095 |      0 |      0 |    0 |         16 |
|         inst                                |                                               MVAU_hls_7 |      24992 |      24992 |       0 |    0 |  1095 |      0 |      0 |    0 |         16 |
|       MVAU_hls_7_wstrm                      |                    GenericPartition_4_MVAU_hls_7_wstrm_0 |          5 |          5 |       0 |    0 |    10 |      1 |      0 |    0 |          0 |
|         inst                                |                   memstream_axi_wrapper__parameterized12 |          5 |          5 |       0 |    0 |    10 |      1 |      0 |    0 |          0 |
|     MVAU_hls_8                              |                                    MVAU_hls_8_imp_791JR1 |       4618 |       4570 |      48 |    0 |   668 |      0 |      0 |    0 |         16 |
|       MVAU_hls_8                            |                          GenericPartition_4_MVAU_hls_8_0 |       4565 |       4565 |       0 |    0 |   562 |      0 |      0 |    0 |         16 |
|         inst                                |                                               MVAU_hls_8 |       4565 |       4565 |       0 |    0 |   562 |      0 |      0 |    0 |         16 |
|       MVAU_hls_8_wstrm                      |                    GenericPartition_4_MVAU_hls_8_wstrm_0 |         53 |          5 |      48 |    0 |   106 |      0 |      0 |    0 |          0 |
|         inst                                |                   memstream_axi_wrapper__parameterized13 |         53 |          5 |      48 |    0 |   106 |      0 |      0 |    0 |          0 |
|     MVAU_hls_9                              |                                   MVAU_hls_9_imp_1L37IAT |       1324 |       1324 |       0 |    0 |   540 |      1 |      1 |    0 |         16 |
|       MVAU_hls_9                            |                          GenericPartition_4_MVAU_hls_9_0 |       1320 |       1320 |       0 |    0 |   529 |      0 |      0 |    0 |         16 |
|         inst                                |                                               MVAU_hls_9 |       1320 |       1320 |       0 |    0 |   529 |      0 |      0 |    0 |         16 |
|       MVAU_hls_9_wstrm                      |                    GenericPartition_4_MVAU_hls_9_wstrm_0 |          4 |          4 |       0 |    0 |    11 |      1 |      1 |    0 |          0 |
|         inst                                |                   memstream_axi_wrapper__parameterized14 |          4 |          4 |       0 |    0 |    11 |      1 |      1 |    0 |          0 |
|     StreamingDataWidthConverter_rtl_0       |   GenericPartition_4_StreamingDataWidthConverter_rtl_0_0 |          9 |          9 |       0 |    0 |    21 |      0 |      0 |    0 |          0 |
|       inst                                  |                        StreamingDataWidthConverter_rtl_0 |          9 |          9 |       0 |    0 |    21 |      0 |      0 |    0 |          0 |
|         impl                                |                                              dwc_axi_140 |          9 |          9 |       0 |    0 |    21 |      0 |      0 |    0 |          0 |
|     StreamingDataWidthConverter_rtl_1       |   GenericPartition_4_StreamingDataWidthConverter_rtl_1_0 |         56 |         56 |       0 |    0 |    66 |      0 |      0 |    0 |          0 |
|       inst                                  |                        StreamingDataWidthConverter_rtl_1 |         56 |         56 |       0 |    0 |    66 |      0 |      0 |    0 |          0 |
|         impl                                |                              dwc_axi__parameterized0_138 |         56 |         56 |       0 |    0 |    66 |      0 |      0 |    0 |          0 |
|     StreamingDataWidthConverter_rtl_10      |  GenericPartition_4_StreamingDataWidthConverter_rtl_10_0 |         38 |         38 |       0 |    0 |    46 |      0 |      0 |    0 |          0 |
|       inst                                  |                       StreamingDataWidthConverter_rtl_10 |         38 |         38 |       0 |    0 |    46 |      0 |      0 |    0 |          0 |
|         impl                                |                              dwc_axi__parameterized1_136 |         38 |         38 |       0 |    0 |    46 |      0 |      0 |    0 |          0 |
|     StreamingDataWidthConverter_rtl_11      |  GenericPartition_4_StreamingDataWidthConverter_rtl_11_0 |          6 |          6 |       0 |    0 |    24 |      0 |      0 |    0 |          0 |
|       inst                                  |                       StreamingDataWidthConverter_rtl_11 |          6 |          6 |       0 |    0 |    24 |      0 |      0 |    0 |          0 |
|         impl                                |                              dwc_axi__parameterized2_134 |          6 |          6 |       0 |    0 |    24 |      0 |      0 |    0 |          0 |
|     StreamingDataWidthConverter_rtl_12      |  GenericPartition_4_StreamingDataWidthConverter_rtl_12_0 |         19 |         19 |       0 |    0 |    51 |      0 |      0 |    0 |          0 |
|       inst                                  |                       StreamingDataWidthConverter_rtl_12 |         19 |         19 |       0 |    0 |    51 |      0 |      0 |    0 |          0 |
|         impl                                |                              dwc_axi__parameterized3_132 |         19 |         19 |       0 |    0 |    51 |      0 |      0 |    0 |          0 |
|     StreamingDataWidthConverter_rtl_13      |  GenericPartition_4_StreamingDataWidthConverter_rtl_13_0 |         37 |         37 |       0 |    0 |    46 |      0 |      0 |    0 |          0 |
|       inst                                  |                       StreamingDataWidthConverter_rtl_13 |         37 |         37 |       0 |    0 |    46 |      0 |      0 |    0 |          0 |
|         impl                                |                              dwc_axi__parameterized1_130 |         37 |         37 |       0 |    0 |    46 |      0 |      0 |    0 |          0 |
|     StreamingDataWidthConverter_rtl_14      |  GenericPartition_4_StreamingDataWidthConverter_rtl_14_0 |          7 |          7 |       0 |    0 |    15 |      0 |      0 |    0 |          0 |
|       inst                                  |                       StreamingDataWidthConverter_rtl_14 |          7 |          7 |       0 |    0 |    15 |      0 |      0 |    0 |          0 |
|         impl                                |                              dwc_axi__parameterized4_128 |          7 |          7 |       0 |    0 |    15 |      0 |      0 |    0 |          0 |
|     StreamingDataWidthConverter_rtl_15      |  GenericPartition_4_StreamingDataWidthConverter_rtl_15_0 |         37 |         37 |       0 |    0 |    46 |      0 |      0 |    0 |          0 |
|       inst                                  |                       StreamingDataWidthConverter_rtl_15 |         37 |         37 |       0 |    0 |    46 |      0 |      0 |    0 |          0 |
|         impl                                |                              dwc_axi__parameterized1_126 |         37 |         37 |       0 |    0 |    46 |      0 |      0 |    0 |          0 |
|     StreamingDataWidthConverter_rtl_16      |  GenericPartition_4_StreamingDataWidthConverter_rtl_16_0 |        136 |        136 |       0 |    0 |   151 |      0 |      0 |    0 |          0 |
|       inst                                  |                       StreamingDataWidthConverter_rtl_16 |        136 |        136 |       0 |    0 |   151 |      0 |      0 |    0 |          0 |
|         impl                                |                              dwc_axi__parameterized5_124 |        136 |        136 |       0 |    0 |   151 |      0 |      0 |    0 |          0 |
|     StreamingDataWidthConverter_rtl_17      |  GenericPartition_4_StreamingDataWidthConverter_rtl_17_0 |          9 |          9 |       0 |    0 |    21 |      0 |      0 |    0 |          0 |
|       inst                                  |                       StreamingDataWidthConverter_rtl_17 |          9 |          9 |       0 |    0 |    21 |      0 |      0 |    0 |          0 |
|         impl                                |                                              dwc_axi_122 |          9 |          9 |       0 |    0 |    21 |      0 |      0 |    0 |          0 |
|     StreamingDataWidthConverter_rtl_18      |  GenericPartition_4_StreamingDataWidthConverter_rtl_18_0 |         54 |         54 |       0 |    0 |    66 |      0 |      0 |    0 |          0 |
|       inst                                  |                       StreamingDataWidthConverter_rtl_18 |         54 |         54 |       0 |    0 |    66 |      0 |      0 |    0 |          0 |
|         impl                                |                              dwc_axi__parameterized0_120 |         54 |         54 |       0 |    0 |    66 |      0 |      0 |    0 |          0 |
|     StreamingDataWidthConverter_rtl_19      |  GenericPartition_4_StreamingDataWidthConverter_rtl_19_0 |          9 |          9 |       0 |    0 |    21 |      0 |      0 |    0 |          0 |
|       inst                                  |                       StreamingDataWidthConverter_rtl_19 |          9 |          9 |       0 |    0 |    21 |      0 |      0 |    0 |          0 |
|         impl                                |                                                  dwc_axi |          9 |          9 |       0 |    0 |    21 |      0 |      0 |    0 |          0 |
|     StreamingDataWidthConverter_rtl_2       |   GenericPartition_4_StreamingDataWidthConverter_rtl_2_0 |         12 |         12 |       0 |    0 |    28 |      0 |      0 |    0 |          0 |
|       inst                                  |                        StreamingDataWidthConverter_rtl_2 |         12 |         12 |       0 |    0 |    28 |      0 |      0 |    0 |          0 |
|         impl                                |                                  dwc_axi__parameterized6 |         12 |         12 |       0 |    0 |    28 |      0 |      0 |    0 |          0 |
|     StreamingDataWidthConverter_rtl_20      |  GenericPartition_4_StreamingDataWidthConverter_rtl_20_0 |         40 |         40 |       0 |    0 |    46 |      0 |      0 |    0 |          0 |
|       inst                                  |                       StreamingDataWidthConverter_rtl_20 |         40 |         40 |       0 |    0 |    46 |      0 |      0 |    0 |          0 |
|         impl                                |                              dwc_axi__parameterized1_118 |         40 |         40 |       0 |    0 |    46 |      0 |      0 |    0 |          0 |
|     StreamingDataWidthConverter_rtl_21      |  GenericPartition_4_StreamingDataWidthConverter_rtl_21_0 |          7 |          7 |       0 |    0 |    15 |      0 |      0 |    0 |          0 |
|       inst                                  |                       StreamingDataWidthConverter_rtl_21 |          7 |          7 |       0 |    0 |    15 |      0 |      0 |    0 |          0 |
|         impl                                |                                  dwc_axi__parameterized4 |          7 |          7 |       0 |    0 |    15 |      0 |      0 |    0 |          0 |
|     StreamingDataWidthConverter_rtl_22      |  GenericPartition_4_StreamingDataWidthConverter_rtl_22_0 |         22 |         22 |       0 |    0 |    36 |      0 |      0 |    0 |          0 |
|       inst                                  |                       StreamingDataWidthConverter_rtl_22 |         22 |         22 |       0 |    0 |    36 |      0 |      0 |    0 |          0 |
|         impl                                |                              dwc_axi__parameterized7_116 |         22 |         22 |       0 |    0 |    36 |      0 |      0 |    0 |          0 |
|     StreamingDataWidthConverter_rtl_23      |  GenericPartition_4_StreamingDataWidthConverter_rtl_23_0 |          9 |          9 |       0 |    0 |    34 |      0 |      0 |    0 |          0 |
|       inst                                  |                       StreamingDataWidthConverter_rtl_23 |          9 |          9 |       0 |    0 |    34 |      0 |      0 |    0 |          0 |
|         impl                                |                                  dwc_axi__parameterized8 |          9 |          9 |       0 |    0 |    34 |      0 |      0 |    0 |          0 |
|     StreamingDataWidthConverter_rtl_24      |  GenericPartition_4_StreamingDataWidthConverter_rtl_24_0 |         18 |         18 |       0 |    0 |    51 |      0 |      0 |    0 |          0 |
|       inst                                  |                       StreamingDataWidthConverter_rtl_24 |         18 |         18 |       0 |    0 |    51 |      0 |      0 |    0 |          0 |
|         impl                                |                              dwc_axi__parameterized3_114 |         18 |         18 |       0 |    0 |    51 |      0 |      0 |    0 |          0 |
|     StreamingDataWidthConverter_rtl_25      |  GenericPartition_4_StreamingDataWidthConverter_rtl_25_0 |         37 |         37 |       0 |    0 |    46 |      0 |      0 |    0 |          0 |
|       inst                                  |                       StreamingDataWidthConverter_rtl_25 |         37 |         37 |       0 |    0 |    46 |      0 |      0 |    0 |          0 |
|         impl                                |                                  dwc_axi__parameterized1 |         37 |         37 |       0 |    0 |    46 |      0 |      0 |    0 |          0 |
|     StreamingDataWidthConverter_rtl_26      |  GenericPartition_4_StreamingDataWidthConverter_rtl_26_0 |         11 |         11 |       0 |    0 |    58 |      0 |      0 |    0 |          0 |
|       inst                                  |                       StreamingDataWidthConverter_rtl_26 |         11 |         11 |       0 |    0 |    58 |      0 |      0 |    0 |          0 |
|         impl                                |                                  dwc_axi__parameterized9 |         11 |         11 |       0 |    0 |    58 |      0 |      0 |    0 |          0 |
|     StreamingDataWidthConverter_rtl_27      |  GenericPartition_4_StreamingDataWidthConverter_rtl_27_0 |         12 |         12 |       0 |    0 |    59 |      0 |      0 |    0 |          0 |
|       inst                                  |                       StreamingDataWidthConverter_rtl_27 |         12 |         12 |       0 |    0 |    59 |      0 |      0 |    0 |          0 |
|         impl                                |                             dwc_axi__parameterized10_112 |         12 |         12 |       0 |    0 |    59 |      0 |      0 |    0 |          0 |
|     StreamingDataWidthConverter_rtl_28      |  GenericPartition_4_StreamingDataWidthConverter_rtl_28_0 |         54 |         54 |       0 |    0 |    66 |      0 |      0 |    0 |          0 |
|       inst                                  |                       StreamingDataWidthConverter_rtl_28 |         54 |         54 |       0 |    0 |    66 |      0 |      0 |    0 |          0 |
|         impl                                |                              dwc_axi__parameterized0_110 |         54 |         54 |       0 |    0 |    66 |      0 |      0 |    0 |          0 |
|     StreamingDataWidthConverter_rtl_29      |  GenericPartition_4_StreamingDataWidthConverter_rtl_29_0 |         14 |         14 |       0 |    0 |    84 |      0 |      0 |    0 |          0 |
|       inst                                  |                       StreamingDataWidthConverter_rtl_29 |         14 |         14 |       0 |    0 |    84 |      0 |      0 |    0 |          0 |
|         impl                                |                                 dwc_axi__parameterized11 |         14 |         14 |       0 |    0 |    84 |      0 |      0 |    0 |          0 |
|     StreamingDataWidthConverter_rtl_3       |   GenericPartition_4_StreamingDataWidthConverter_rtl_3_0 |         26 |         26 |       0 |    0 |    75 |      0 |      0 |    0 |          0 |
|       inst                                  |                        StreamingDataWidthConverter_rtl_3 |         26 |         26 |       0 |    0 |    75 |      0 |      0 |    0 |          0 |
|         impl                                |                                 dwc_axi__parameterized12 |         26 |         26 |       0 |    0 |    75 |      0 |      0 |    0 |          0 |
|     StreamingDataWidthConverter_rtl_30      |  GenericPartition_4_StreamingDataWidthConverter_rtl_30_0 |        138 |        138 |       0 |    0 |   151 |      0 |      0 |    0 |          0 |
|       inst                                  |                       StreamingDataWidthConverter_rtl_30 |        138 |        138 |       0 |    0 |   151 |      0 |      0 |    0 |          0 |
|         impl                                |                                  dwc_axi__parameterized5 |        138 |        138 |       0 |    0 |   151 |      0 |      0 |    0 |          0 |
|     StreamingDataWidthConverter_rtl_4       |   GenericPartition_4_StreamingDataWidthConverter_rtl_4_0 |         54 |         54 |       0 |    0 |    66 |      0 |      0 |    0 |          0 |
|       inst                                  |                        StreamingDataWidthConverter_rtl_4 |         54 |         54 |       0 |    0 |    66 |      0 |      0 |    0 |          0 |
|         impl                                |                                  dwc_axi__parameterized0 |         54 |         54 |       0 |    0 |    66 |      0 |      0 |    0 |          0 |
|     StreamingDataWidthConverter_rtl_5       |   GenericPartition_4_StreamingDataWidthConverter_rtl_5_0 |         12 |         12 |       0 |    0 |    59 |      0 |      0 |    0 |          0 |
|       inst                                  |                        StreamingDataWidthConverter_rtl_5 |         12 |         12 |       0 |    0 |    59 |      0 |      0 |    0 |          0 |
|         impl                                |                                 dwc_axi__parameterized10 |         12 |         12 |       0 |    0 |    59 |      0 |      0 |    0 |          0 |
|     StreamingDataWidthConverter_rtl_6       |   GenericPartition_4_StreamingDataWidthConverter_rtl_6_0 |         14 |         14 |       0 |    0 |    64 |      0 |      0 |    0 |          0 |
|       inst                                  |                        StreamingDataWidthConverter_rtl_6 |         14 |         14 |       0 |    0 |    64 |      0 |      0 |    0 |          0 |
|         impl                                |                                 dwc_axi__parameterized13 |         14 |         14 |       0 |    0 |    64 |      0 |      0 |    0 |          0 |
|     StreamingDataWidthConverter_rtl_7       |   GenericPartition_4_StreamingDataWidthConverter_rtl_7_0 |         23 |         23 |       0 |    0 |    36 |      0 |      0 |    0 |          0 |
|       inst                                  |                        StreamingDataWidthConverter_rtl_7 |         23 |         23 |       0 |    0 |    36 |      0 |      0 |    0 |          0 |
|         impl                                |                                  dwc_axi__parameterized7 |         23 |         23 |       0 |    0 |    36 |      0 |      0 |    0 |          0 |
|     StreamingDataWidthConverter_rtl_8       |   GenericPartition_4_StreamingDataWidthConverter_rtl_8_0 |          6 |          6 |       0 |    0 |    24 |      0 |      0 |    0 |          0 |
|       inst                                  |                        StreamingDataWidthConverter_rtl_8 |          6 |          6 |       0 |    0 |    24 |      0 |      0 |    0 |          0 |
|         impl                                |                                  dwc_axi__parameterized2 |          6 |          6 |       0 |    0 |    24 |      0 |      0 |    0 |          0 |
|     StreamingDataWidthConverter_rtl_9       |   GenericPartition_4_StreamingDataWidthConverter_rtl_9_0 |         18 |         18 |       0 |    0 |    51 |      0 |      0 |    0 |          0 |
|       inst                                  |                        StreamingDataWidthConverter_rtl_9 |         18 |         18 |       0 |    0 |    51 |      0 |      0 |    0 |          0 |
|         impl                                |                                  dwc_axi__parameterized3 |         18 |         18 |       0 |    0 |    51 |      0 |      0 |    0 |          0 |
|     StreamingFIFO_rtl_0                     |                 GenericPartition_4_StreamingFIFO_rtl_0_0 |         15 |         15 |       0 |    0 |    23 |      0 |      0 |    0 |          0 |
|       inst                                  |                                      StreamingFIFO_rtl_0 |         15 |         15 |       0 |    0 |    23 |      0 |      0 |    0 |          0 |
|         impl                                |                                                Q_srl_109 |         15 |         15 |       0 |    0 |    23 |      0 |      0 |    0 |          0 |
|     StreamingFIFO_rtl_1                     |                 GenericPartition_4_StreamingFIFO_rtl_1_0 |         14 |         14 |       0 |    0 |    21 |      0 |      0 |    0 |          0 |
|       inst                                  |                                      StreamingFIFO_rtl_1 |         14 |         14 |       0 |    0 |    21 |      0 |      0 |    0 |          0 |
|         impl                                |                                Q_srl__parameterized0_108 |         14 |         14 |       0 |    0 |    21 |      0 |      0 |    0 |          0 |
|     StreamingFIFO_rtl_10                    |                GenericPartition_4_StreamingFIFO_rtl_10_0 |         13 |         13 |       0 |    0 |    17 |      0 |      0 |    0 |          0 |
|       inst                                  |                                     StreamingFIFO_rtl_10 |         13 |         13 |       0 |    0 |    17 |      0 |      0 |    0 |          0 |
|         impl                                |                                Q_srl__parameterized0_107 |         13 |         13 |       0 |    0 |    17 |      0 |      0 |    0 |          0 |
|     StreamingFIFO_rtl_11                    |                GenericPartition_4_StreamingFIFO_rtl_11_0 |         24 |         24 |       0 |    0 |    41 |      0 |      0 |    0 |          0 |
|       inst                                  |                                     StreamingFIFO_rtl_11 |         24 |         24 |       0 |    0 |    41 |      0 |      0 |    0 |          0 |
|         impl                                |                                Q_srl__parameterized1_106 |         24 |         24 |       0 |    0 |    41 |      0 |      0 |    0 |          0 |
|     StreamingFIFO_rtl_12                    |                GenericPartition_4_StreamingFIFO_rtl_12_0 |         31 |         31 |       0 |    0 |    53 |      0 |      0 |    0 |          0 |
|       inst                                  |                                     StreamingFIFO_rtl_12 |         31 |         31 |       0 |    0 |    53 |      0 |      0 |    0 |          0 |
|         impl                                |                                Q_srl__parameterized1_105 |         31 |         31 |       0 |    0 |    53 |      0 |      0 |    0 |          0 |
|     StreamingFIFO_rtl_13                    |                GenericPartition_4_StreamingFIFO_rtl_13_0 |         53 |         53 |       0 |    0 |   101 |      0 |      0 |    0 |          0 |
|       inst                                  |                                     StreamingFIFO_rtl_13 |         53 |         53 |       0 |    0 |   101 |      0 |      0 |    0 |          0 |
|         impl                                |                                Q_srl__parameterized2_104 |         53 |         53 |       0 |    0 |   101 |      0 |      0 |    0 |          0 |
|     StreamingFIFO_rtl_14                    |                GenericPartition_4_StreamingFIFO_rtl_14_0 |        123 |         75 |       0 |   48 |    59 |      0 |      0 |    0 |          0 |
|       inst                                  |                                     StreamingFIFO_rtl_14 |        123 |         75 |       0 |   48 |    59 |      0 |      0 |    0 |          0 |
|         impl                                |                                Q_srl__parameterized3_103 |        123 |         75 |       0 |   48 |    59 |      0 |      0 |    0 |          0 |
|     StreamingFIFO_rtl_15                    |                GenericPartition_4_StreamingFIFO_rtl_15_0 |         68 |         44 |       0 |   24 |    19 |      0 |      0 |    0 |          0 |
|       inst                                  |                                     StreamingFIFO_rtl_15 |         68 |         44 |       0 |   24 |    19 |      0 |      0 |    0 |          0 |
|         impl                                |                                    Q_srl__parameterized4 |         68 |         44 |       0 |   24 |    19 |      0 |      0 |    0 |          0 |
|     StreamingFIFO_rtl_16                    |                GenericPartition_4_StreamingFIFO_rtl_16_0 |         11 |         11 |       0 |    0 |    17 |      0 |      0 |    0 |          0 |
|       inst                                  |                                     StreamingFIFO_rtl_16 |         11 |         11 |       0 |    0 |    17 |      0 |      0 |    0 |          0 |
|         impl                                |                                Q_srl__parameterized0_102 |         11 |         11 |       0 |    0 |    17 |      0 |      0 |    0 |          0 |
|     StreamingFIFO_rtl_17                    |                GenericPartition_4_StreamingFIFO_rtl_17_0 |         53 |         53 |       0 |    0 |   101 |      0 |      0 |    0 |          0 |
|       inst                                  |                                     StreamingFIFO_rtl_17 |         53 |         53 |       0 |    0 |   101 |      0 |      0 |    0 |          0 |
|         impl                                |                                Q_srl__parameterized2_101 |         53 |         53 |       0 |    0 |   101 |      0 |      0 |    0 |          0 |
|     StreamingFIFO_rtl_18                    |                GenericPartition_4_StreamingFIFO_rtl_18_0 |         17 |         17 |       0 |    0 |    29 |      0 |      0 |    0 |          0 |
|       inst                                  |                                     StreamingFIFO_rtl_18 |         17 |         17 |       0 |    0 |    29 |      0 |      0 |    0 |          0 |
|         impl                                |                                                Q_srl_100 |         17 |         17 |       0 |    0 |    29 |      0 |      0 |    0 |          0 |
|     StreamingFIFO_rtl_19                    |                GenericPartition_4_StreamingFIFO_rtl_19_0 |         53 |         53 |       0 |    0 |   101 |      0 |      0 |    0 |          0 |
|       inst                                  |                                     StreamingFIFO_rtl_19 |         53 |         53 |       0 |    0 |   101 |      0 |      0 |    0 |          0 |
|         impl                                |                                 Q_srl__parameterized2_99 |         53 |         53 |       0 |    0 |   101 |      0 |      0 |    0 |          0 |
|     StreamingFIFO_rtl_2                     |                 GenericPartition_4_StreamingFIFO_rtl_2_0 |         11 |         11 |       0 |    0 |    17 |      0 |      0 |    0 |          0 |
|       inst                                  |                                      StreamingFIFO_rtl_2 |         11 |         11 |       0 |    0 |    17 |      0 |      0 |    0 |          0 |
|         impl                                |                                 Q_srl__parameterized0_98 |         11 |         11 |       0 |    0 |    17 |      0 |      0 |    0 |          0 |
|     StreamingFIFO_rtl_20                    |                GenericPartition_4_StreamingFIFO_rtl_20_0 |        148 |         52 |       0 |   96 |    30 |      0 |      0 |    0 |          0 |
|       inst                                  |                                     StreamingFIFO_rtl_20 |        148 |         52 |       0 |   96 |    30 |      0 |      0 |    0 |          0 |
|         impl                                |                                    Q_srl__parameterized5 |        148 |         52 |       0 |   96 |    30 |      0 |      0 |    0 |          0 |
|     StreamingFIFO_rtl_21                    |                GenericPartition_4_StreamingFIFO_rtl_21_0 |         13 |         13 |       0 |    0 |    21 |      0 |      0 |    0 |          0 |
|       inst                                  |                                     StreamingFIFO_rtl_21 |         13 |         13 |       0 |    0 |    21 |      0 |      0 |    0 |          0 |
|         impl                                |                                 Q_srl__parameterized0_97 |         13 |         13 |       0 |    0 |    21 |      0 |      0 |    0 |          0 |
|     StreamingFIFO_rtl_22                    |                GenericPartition_4_StreamingFIFO_rtl_22_0 |         15 |         15 |       0 |    0 |    23 |      0 |      0 |    0 |          0 |
|       inst                                  |                                     StreamingFIFO_rtl_22 |         15 |         15 |       0 |    0 |    23 |      0 |      0 |    0 |          0 |
|         impl                                |                                                 Q_srl_96 |         15 |         15 |       0 |    0 |    23 |      0 |      0 |    0 |          0 |
|     StreamingFIFO_rtl_23                    |                GenericPartition_4_StreamingFIFO_rtl_23_0 |         14 |         14 |       0 |    0 |    21 |      0 |      0 |    0 |          0 |
|       inst                                  |                                     StreamingFIFO_rtl_23 |         14 |         14 |       0 |    0 |    21 |      0 |      0 |    0 |          0 |
|         impl                                |                                 Q_srl__parameterized0_95 |         14 |         14 |       0 |    0 |    21 |      0 |      0 |    0 |          0 |
|     StreamingFIFO_rtl_24                    |                GenericPartition_4_StreamingFIFO_rtl_24_0 |          9 |          9 |       0 |    0 |    13 |      0 |      0 |    0 |          0 |
|       inst                                  |                                     StreamingFIFO_rtl_24 |          9 |          9 |       0 |    0 |    13 |      0 |      0 |    0 |          0 |
|         impl                                |                                 Q_srl__parameterized0_94 |          9 |          9 |       0 |    0 |    13 |      0 |      0 |    0 |          0 |
|     StreamingFIFO_rtl_25                    |                GenericPartition_4_StreamingFIFO_rtl_25_0 |         68 |         36 |       0 |   32 |    18 |      0 |      0 |    0 |          0 |
|       inst                                  |                                     StreamingFIFO_rtl_25 |         68 |         36 |       0 |   32 |    18 |      0 |      0 |    0 |          0 |
|         impl                                |                                    Q_srl__parameterized6 |         68 |         36 |       0 |   32 |    18 |      0 |      0 |    0 |          0 |
|     StreamingFIFO_rtl_26                    |                GenericPartition_4_StreamingFIFO_rtl_26_0 |          9 |          9 |       0 |    0 |    13 |      0 |      0 |    0 |          0 |
|       inst                                  |                                     StreamingFIFO_rtl_26 |          9 |          9 |       0 |    0 |    13 |      0 |      0 |    0 |          0 |
|         impl                                |                                 Q_srl__parameterized0_93 |          9 |          9 |       0 |    0 |    13 |      0 |      0 |    0 |          0 |
|     StreamingFIFO_rtl_27                    |                GenericPartition_4_StreamingFIFO_rtl_27_0 |         21 |         21 |       0 |    0 |    37 |      0 |      0 |    0 |          0 |
|       inst                                  |                                     StreamingFIFO_rtl_27 |         21 |         21 |       0 |    0 |    37 |      0 |      0 |    0 |          0 |
|         impl                                |                                                 Q_srl_92 |         21 |         21 |       0 |    0 |    37 |      0 |      0 |    0 |          0 |
|     StreamingFIFO_rtl_28                    |                         StreamingFIFO_rtl_28_imp_15I4TEU |         79 |         79 |       0 |    0 |    63 |      0 |      1 |    0 |          0 |
|       fifo                                  |                                GenericPartition_4_fifo_2 |         79 |         79 |       0 |    0 |    63 |      0 |      1 |    0 |          0 |
|         inst                                |                     axis_data_fifo_v2_0_9_top__xdcDup__1 |         79 |         79 |       0 |    0 |    63 |      0 |      1 |    0 |          0 |
|     StreamingFIFO_rtl_29                    |                GenericPartition_4_StreamingFIFO_rtl_29_0 |         21 |         21 |       0 |    0 |    37 |      0 |      0 |    0 |          0 |
|       inst                                  |                                     StreamingFIFO_rtl_29 |         21 |         21 |       0 |    0 |    37 |      0 |      0 |    0 |          0 |
|         impl                                |                                                 Q_srl_85 |         21 |         21 |       0 |    0 |    37 |      0 |      0 |    0 |          0 |
|     StreamingFIFO_rtl_3                     |                 GenericPartition_4_StreamingFIFO_rtl_3_0 |         12 |         12 |       0 |    0 |    17 |      0 |      0 |    0 |          0 |
|       inst                                  |                                      StreamingFIFO_rtl_3 |         12 |         12 |       0 |    0 |    17 |      0 |      0 |    0 |          0 |
|         impl                                |                                 Q_srl__parameterized0_84 |         12 |         12 |       0 |    0 |    17 |      0 |      0 |    0 |          0 |
|     StreamingFIFO_rtl_30                    |                GenericPartition_4_StreamingFIFO_rtl_30_0 |         37 |         37 |       0 |    0 |    69 |      0 |      0 |    0 |          0 |
|       inst                                  |                                     StreamingFIFO_rtl_30 |         37 |         37 |       0 |    0 |    69 |      0 |      0 |    0 |          0 |
|         impl                                |                                 Q_srl__parameterized7_83 |         37 |         37 |       0 |    0 |    69 |      0 |      0 |    0 |          0 |
|     StreamingFIFO_rtl_31                    |                GenericPartition_4_StreamingFIFO_rtl_31_0 |        193 |         65 |       0 |  128 |    45 |      0 |      0 |    0 |          0 |
|       inst                                  |                                     StreamingFIFO_rtl_31 |        193 |         65 |       0 |  128 |    45 |      0 |      0 |    0 |          0 |
|         impl                                |                                    Q_srl__parameterized8 |        193 |         65 |       0 |  128 |    45 |      0 |      0 |    0 |          0 |
|     StreamingFIFO_rtl_32                    |                         StreamingFIFO_rtl_32_imp_13DFF84 |         72 |         72 |       0 |    0 |    59 |      0 |      1 |    0 |          0 |
|       fifo                                  |                                GenericPartition_4_fifo_3 |         72 |         72 |       0 |    0 |    59 |      0 |      1 |    0 |          0 |
|         inst                                |     axis_data_fifo_v2_0_9_top__parameterized0__xdcDup__1 |         72 |         72 |       0 |    0 |    59 |      0 |      1 |    0 |          0 |
|     StreamingFIFO_rtl_33                    |                GenericPartition_4_StreamingFIFO_rtl_33_0 |          9 |          9 |       0 |    0 |    13 |      0 |      0 |    0 |          0 |
|       inst                                  |                                     StreamingFIFO_rtl_33 |          9 |          9 |       0 |    0 |    13 |      0 |      0 |    0 |          0 |
|         impl                                |                                 Q_srl__parameterized0_76 |          9 |          9 |       0 |    0 |    13 |      0 |      0 |    0 |          0 |
|     StreamingFIFO_rtl_34                    |                GenericPartition_4_StreamingFIFO_rtl_34_0 |         21 |         21 |       0 |    0 |    37 |      0 |      0 |    0 |          0 |
|       inst                                  |                                     StreamingFIFO_rtl_34 |         21 |         21 |       0 |    0 |    37 |      0 |      0 |    0 |          0 |
|         impl                                |                                                 Q_srl_75 |         21 |         21 |       0 |    0 |    37 |      0 |      0 |    0 |          0 |
|     StreamingFIFO_rtl_35                    |                GenericPartition_4_StreamingFIFO_rtl_35_0 |         21 |         21 |       0 |    0 |    37 |      0 |      0 |    0 |          0 |
|       inst                                  |                                     StreamingFIFO_rtl_35 |         21 |         21 |       0 |    0 |    37 |      0 |      0 |    0 |          0 |
|         impl                                |                                                 Q_srl_74 |         21 |         21 |       0 |    0 |    37 |      0 |      0 |    0 |          0 |
|     StreamingFIFO_rtl_36                    |                GenericPartition_4_StreamingFIFO_rtl_36_0 |         37 |         37 |       0 |    0 |    69 |      0 |      0 |    0 |          0 |
|       inst                                  |                                     StreamingFIFO_rtl_36 |         37 |         37 |       0 |    0 |    69 |      0 |      0 |    0 |          0 |
|         impl                                |                                 Q_srl__parameterized7_73 |         37 |         37 |       0 |    0 |    69 |      0 |      0 |    0 |          0 |
|     StreamingFIFO_rtl_37                    |                GenericPartition_4_StreamingFIFO_rtl_37_0 |         89 |         57 |       0 |   32 |    43 |      0 |      0 |    0 |          0 |
|       inst                                  |                                     StreamingFIFO_rtl_37 |         89 |         57 |       0 |   32 |    43 |      0 |      0 |    0 |          0 |
|         impl                                |                                 Q_srl__parameterized9_72 |         89 |         57 |       0 |   32 |    43 |      0 |      0 |    0 |          0 |
|     StreamingFIFO_rtl_38                    |                         StreamingFIFO_rtl_38_imp_1UUQSGW |         69 |         69 |       0 |    0 |    55 |      0 |      1 |    0 |          0 |
|       fifo                                  |                                GenericPartition_4_fifo_4 |         69 |         69 |       0 |    0 |    55 |      0 |      1 |    0 |          0 |
|         inst                                |     axis_data_fifo_v2_0_9_top__parameterized1__xdcDup__1 |         69 |         69 |       0 |    0 |    55 |      0 |      1 |    0 |          0 |
|     StreamingFIFO_rtl_39                    |                GenericPartition_4_StreamingFIFO_rtl_39_0 |          9 |          9 |       0 |    0 |    13 |      0 |      0 |    0 |          0 |
|       inst                                  |                                     StreamingFIFO_rtl_39 |          9 |          9 |       0 |    0 |    13 |      0 |      0 |    0 |          0 |
|         impl                                |                                 Q_srl__parameterized0_65 |          9 |          9 |       0 |    0 |    13 |      0 |      0 |    0 |          0 |
|     StreamingFIFO_rtl_4                     |                 GenericPartition_4_StreamingFIFO_rtl_4_0 |         11 |         11 |       0 |    0 |    17 |      0 |      0 |    0 |          0 |
|       inst                                  |                                      StreamingFIFO_rtl_4 |         11 |         11 |       0 |    0 |    17 |      0 |      0 |    0 |          0 |
|         impl                                |                                 Q_srl__parameterized0_64 |         11 |         11 |       0 |    0 |    17 |      0 |      0 |    0 |          0 |
|     StreamingFIFO_rtl_40                    |                GenericPartition_4_StreamingFIFO_rtl_40_0 |         13 |         13 |       0 |    0 |    21 |      0 |      0 |    0 |          0 |
|       inst                                  |                                     StreamingFIFO_rtl_40 |         13 |         13 |       0 |    0 |    21 |      0 |      0 |    0 |          0 |
|         impl                                |                                 Q_srl__parameterized0_63 |         13 |         13 |       0 |    0 |    21 |      0 |      0 |    0 |          0 |
|     StreamingFIFO_rtl_41                    |                GenericPartition_4_StreamingFIFO_rtl_41_0 |         37 |         37 |       0 |    0 |    69 |      0 |      0 |    0 |          0 |
|       inst                                  |                                     StreamingFIFO_rtl_41 |         37 |         37 |       0 |    0 |    69 |      0 |      0 |    0 |          0 |
|         impl                                |                                 Q_srl__parameterized7_62 |         37 |         37 |       0 |    0 |    69 |      0 |      0 |    0 |          0 |
|     StreamingFIFO_rtl_42                    |                GenericPartition_4_StreamingFIFO_rtl_42_0 |          9 |          9 |       0 |    0 |    13 |      0 |      0 |    0 |          0 |
|       inst                                  |                                     StreamingFIFO_rtl_42 |          9 |          9 |       0 |    0 |    13 |      0 |      0 |    0 |          0 |
|         impl                                |                                 Q_srl__parameterized0_61 |          9 |          9 |       0 |    0 |    13 |      0 |      0 |    0 |          0 |
|     StreamingFIFO_rtl_43                    |                GenericPartition_4_StreamingFIFO_rtl_43_0 |        153 |         25 |       0 |  128 |   139 |      0 |      0 |    0 |          0 |
|       inst                                  |                                     StreamingFIFO_rtl_43 |        153 |         25 |       0 |  128 |   139 |      0 |      0 |    0 |          0 |
|         impl                                |                                Q_srl__parameterized10_60 |        153 |         25 |       0 |  128 |   139 |      0 |      0 |    0 |          0 |
|     StreamingFIFO_rtl_44                    |                GenericPartition_4_StreamingFIFO_rtl_44_0 |         14 |         14 |       0 |    0 |    21 |      0 |      0 |    0 |          0 |
|       inst                                  |                                     StreamingFIFO_rtl_44 |         14 |         14 |       0 |    0 |    21 |      0 |      0 |    0 |          0 |
|         impl                                |                                 Q_srl__parameterized0_59 |         14 |         14 |       0 |    0 |    21 |      0 |      0 |    0 |          0 |
|     StreamingFIFO_rtl_45                    |                GenericPartition_4_StreamingFIFO_rtl_45_0 |         15 |         15 |       0 |    0 |    23 |      0 |      0 |    0 |          0 |
|       inst                                  |                                     StreamingFIFO_rtl_45 |         15 |         15 |       0 |    0 |    23 |      0 |      0 |    0 |          0 |
|         impl                                |                                                 Q_srl_58 |         15 |         15 |       0 |    0 |    23 |      0 |      0 |    0 |          0 |
|     StreamingFIFO_rtl_46                    |                GenericPartition_4_StreamingFIFO_rtl_46_0 |         14 |         14 |       0 |    0 |    21 |      0 |      0 |    0 |          0 |
|       inst                                  |                                     StreamingFIFO_rtl_46 |         14 |         14 |       0 |    0 |    21 |      0 |      0 |    0 |          0 |
|         impl                                |                                 Q_srl__parameterized0_57 |         14 |         14 |       0 |    0 |    21 |      0 |      0 |    0 |          0 |
|     StreamingFIFO_rtl_47                    |                GenericPartition_4_StreamingFIFO_rtl_47_0 |         12 |         12 |       0 |    0 |    17 |      0 |      0 |    0 |          0 |
|       inst                                  |                                     StreamingFIFO_rtl_47 |         12 |         12 |       0 |    0 |    17 |      0 |      0 |    0 |          0 |
|         impl                                |                                 Q_srl__parameterized0_56 |         12 |         12 |       0 |    0 |    17 |      0 |      0 |    0 |          0 |
|     StreamingFIFO_rtl_48                    |                          StreamingFIFO_rtl_48_imp_4WXM43 |         70 |         70 |       0 |    0 |    59 |      0 |      1 |    0 |          0 |
|       fifo                                  |                                GenericPartition_4_fifo_5 |         70 |         70 |       0 |    0 |    59 |      0 |      1 |    0 |          0 |
|         inst                                |     axis_data_fifo_v2_0_9_top__parameterized0__xdcDup__2 |         70 |         70 |       0 |    0 |    59 |      0 |      1 |    0 |          0 |
|     StreamingFIFO_rtl_49                    |                GenericPartition_4_StreamingFIFO_rtl_49_0 |         11 |         11 |       0 |    0 |    17 |      0 |      0 |    0 |          0 |
|       inst                                  |                                     StreamingFIFO_rtl_49 |         11 |         11 |       0 |    0 |    17 |      0 |      0 |    0 |          0 |
|         impl                                |                                 Q_srl__parameterized0_49 |         11 |         11 |       0 |    0 |    17 |      0 |      0 |    0 |          0 |
|     StreamingFIFO_rtl_5                     |                 GenericPartition_4_StreamingFIFO_rtl_5_0 |         45 |         33 |       0 |   12 |    23 |      0 |      0 |    0 |          0 |
|       inst                                  |                                      StreamingFIFO_rtl_5 |         45 |         33 |       0 |   12 |    23 |      0 |      0 |    0 |          0 |
|         impl                                |                                   Q_srl__parameterized11 |         45 |         33 |       0 |   12 |    23 |      0 |      0 |    0 |          0 |
|     StreamingFIFO_rtl_50                    |                GenericPartition_4_StreamingFIFO_rtl_50_0 |         17 |         17 |       0 |    0 |    29 |      0 |      0 |    0 |          0 |
|       inst                                  |                                     StreamingFIFO_rtl_50 |         17 |         17 |       0 |    0 |    29 |      0 |      0 |    0 |          0 |
|         impl                                |                                                 Q_srl_48 |         17 |         17 |       0 |    0 |    29 |      0 |      0 |    0 |          0 |
|     StreamingFIFO_rtl_51                    |                         StreamingFIFO_rtl_51_imp_1BBSD60 |         78 |         78 |       0 |    0 |    63 |      0 |      1 |    0 |          0 |
|       fifo                                  |                                GenericPartition_4_fifo_6 |         78 |         78 |       0 |    0 |    63 |      0 |      1 |    0 |          0 |
|         inst                                |                     axis_data_fifo_v2_0_9_top__xdcDup__2 |         78 |         78 |       0 |    0 |    63 |      0 |      1 |    0 |          0 |
|     StreamingFIFO_rtl_52                    |                GenericPartition_4_StreamingFIFO_rtl_52_0 |         53 |         53 |       0 |    0 |   101 |      0 |      0 |    0 |          0 |
|       inst                                  |                                     StreamingFIFO_rtl_52 |         53 |         53 |       0 |    0 |   101 |      0 |      0 |    0 |          0 |
|         impl                                |                                 Q_srl__parameterized2_41 |         53 |         53 |       0 |    0 |   101 |      0 |      0 |    0 |          0 |
|     StreamingFIFO_rtl_53                    |                GenericPartition_4_StreamingFIFO_rtl_53_0 |        467 |         83 |       0 |  384 |    62 |      0 |      0 |    0 |          0 |
|       inst                                  |                                     StreamingFIFO_rtl_53 |        467 |         83 |       0 |  384 |    62 |      0 |      0 |    0 |          0 |
|         impl                                |                                   Q_srl__parameterized12 |        467 |         83 |       0 |  384 |    62 |      0 |      0 |    0 |          0 |
|     StreamingFIFO_rtl_54                    |                         StreamingFIFO_rtl_54_imp_153AM1E |         79 |         79 |       0 |    0 |    63 |      0 |      1 |    0 |          0 |
|       fifo                                  |                                GenericPartition_4_fifo_7 |         79 |         79 |       0 |    0 |    63 |      0 |      1 |    0 |          0 |
|         inst                                |                     axis_data_fifo_v2_0_9_top__xdcDup__3 |         79 |         79 |       0 |    0 |    63 |      0 |      1 |    0 |          0 |
|     StreamingFIFO_rtl_55                    |                GenericPartition_4_StreamingFIFO_rtl_55_0 |         11 |         11 |       0 |    0 |    17 |      0 |      0 |    0 |          0 |
|       inst                                  |                                     StreamingFIFO_rtl_55 |         11 |         11 |       0 |    0 |    17 |      0 |      0 |    0 |          0 |
|         impl                                |                                 Q_srl__parameterized0_34 |         11 |         11 |       0 |    0 |    17 |      0 |      0 |    0 |          0 |
|     StreamingFIFO_rtl_56                    |                GenericPartition_4_StreamingFIFO_rtl_56_0 |         17 |         17 |       0 |    0 |    29 |      0 |      0 |    0 |          0 |
|       inst                                  |                                     StreamingFIFO_rtl_56 |         17 |         17 |       0 |    0 |    29 |      0 |      0 |    0 |          0 |
|         impl                                |                                                 Q_srl_33 |         17 |         17 |       0 |    0 |    29 |      0 |      0 |    0 |          0 |
|     StreamingFIFO_rtl_57                    |                GenericPartition_4_StreamingFIFO_rtl_57_0 |         37 |         37 |       0 |    0 |    69 |      0 |      0 |    0 |          0 |
|       inst                                  |                                     StreamingFIFO_rtl_57 |         37 |         37 |       0 |    0 |    69 |      0 |      0 |    0 |          0 |
|         impl                                |                                 Q_srl__parameterized7_32 |         37 |         37 |       0 |    0 |    69 |      0 |      0 |    0 |          0 |
|     StreamingFIFO_rtl_58                    |                GenericPartition_4_StreamingFIFO_rtl_58_0 |        259 |         99 |       0 |  160 |    46 |      0 |      0 |    0 |          0 |
|       inst                                  |                                     StreamingFIFO_rtl_58 |        259 |         99 |       0 |  160 |    46 |      0 |      0 |    0 |          0 |
|         impl                                |                                   Q_srl__parameterized13 |        259 |         99 |       0 |  160 |    46 |      0 |      0 |    0 |          0 |
|     StreamingFIFO_rtl_59                    |                         StreamingFIFO_rtl_59_imp_19A5NOT |         70 |         70 |       0 |    0 |    59 |      0 |      1 |    0 |          0 |
|       fifo                                  |                                GenericPartition_4_fifo_8 |         70 |         70 |       0 |    0 |    59 |      0 |      1 |    0 |          0 |
|         inst                                |     axis_data_fifo_v2_0_9_top__parameterized0__xdcDup__3 |         70 |         70 |       0 |    0 |    59 |      0 |      1 |    0 |          0 |
|     StreamingFIFO_rtl_6                     |                           StreamingFIFO_rtl_6_imp_KWGT1N |         80 |         80 |       0 |    0 |    63 |      0 |      1 |    0 |          0 |
|       fifo                                  |                                GenericPartition_4_fifo_0 |         80 |         80 |       0 |    0 |    63 |      0 |      1 |    0 |          0 |
|         inst                                |                                axis_data_fifo_v2_0_9_top |         80 |         80 |       0 |    0 |    63 |      0 |      1 |    0 |          0 |
|     StreamingFIFO_rtl_60                    |                GenericPartition_4_StreamingFIFO_rtl_60_0 |          9 |          9 |       0 |    0 |    13 |      0 |      0 |    0 |          0 |
|       inst                                  |                                     StreamingFIFO_rtl_60 |          9 |          9 |       0 |    0 |    13 |      0 |      0 |    0 |          0 |
|         impl                                |                                 Q_srl__parameterized0_21 |          9 |          9 |       0 |    0 |    13 |      0 |      0 |    0 |          0 |
|     StreamingFIFO_rtl_61                    |                GenericPartition_4_StreamingFIFO_rtl_61_0 |         13 |         13 |       0 |    0 |    21 |      0 |      0 |    0 |          0 |
|       inst                                  |                                     StreamingFIFO_rtl_61 |         13 |         13 |       0 |    0 |    21 |      0 |      0 |    0 |          0 |
|         impl                                |                                 Q_srl__parameterized0_20 |         13 |         13 |       0 |    0 |    21 |      0 |      0 |    0 |          0 |
|     StreamingFIFO_rtl_62                    |                GenericPartition_4_StreamingFIFO_rtl_62_0 |         39 |         39 |       0 |    0 |    69 |      0 |      0 |    0 |          0 |
|       inst                                  |                                     StreamingFIFO_rtl_62 |         39 |         39 |       0 |    0 |    69 |      0 |      0 |    0 |          0 |
|         impl                                |                                 Q_srl__parameterized7_19 |         39 |         39 |       0 |    0 |    69 |      0 |      0 |    0 |          0 |
|     StreamingFIFO_rtl_63                    |                GenericPartition_4_StreamingFIFO_rtl_63_0 |         77 |         45 |       0 |   32 |    28 |      0 |      0 |    0 |          0 |
|       inst                                  |                                     StreamingFIFO_rtl_63 |         77 |         45 |       0 |   32 |    28 |      0 |      0 |    0 |          0 |
|         impl                                |                                   Q_srl__parameterized14 |         77 |         45 |       0 |   32 |    28 |      0 |      0 |    0 |          0 |
|     StreamingFIFO_rtl_64                    |                GenericPartition_4_StreamingFIFO_rtl_64_0 |         13 |         13 |       0 |    0 |    21 |      0 |      0 |    0 |          0 |
|       inst                                  |                                     StreamingFIFO_rtl_64 |         13 |         13 |       0 |    0 |    21 |      0 |      0 |    0 |          0 |
|         impl                                |                                 Q_srl__parameterized0_18 |         13 |         13 |       0 |    0 |    21 |      0 |      0 |    0 |          0 |
|     StreamingFIFO_rtl_65                    |                GenericPartition_4_StreamingFIFO_rtl_65_0 |         15 |         15 |       0 |    0 |    23 |      0 |      0 |    0 |          0 |
|       inst                                  |                                     StreamingFIFO_rtl_65 |         15 |         15 |       0 |    0 |    23 |      0 |      0 |    0 |          0 |
|         impl                                |                                                 Q_srl_17 |         15 |         15 |       0 |    0 |    23 |      0 |      0 |    0 |          0 |
|     StreamingFIFO_rtl_66                    |                GenericPartition_4_StreamingFIFO_rtl_66_0 |         14 |         14 |       0 |    0 |    21 |      0 |      0 |    0 |          0 |
|       inst                                  |                                     StreamingFIFO_rtl_66 |         14 |         14 |       0 |    0 |    21 |      0 |      0 |    0 |          0 |
|         impl                                |                                 Q_srl__parameterized0_16 |         14 |         14 |       0 |    0 |    21 |      0 |      0 |    0 |          0 |
|     StreamingFIFO_rtl_67                    |                GenericPartition_4_StreamingFIFO_rtl_67_0 |         11 |         11 |       0 |    0 |    17 |      0 |      0 |    0 |          0 |
|       inst                                  |                                     StreamingFIFO_rtl_67 |         11 |         11 |       0 |    0 |    17 |      0 |      0 |    0 |          0 |
|         impl                                |                                 Q_srl__parameterized0_15 |         11 |         11 |       0 |    0 |    17 |      0 |      0 |    0 |          0 |
|     StreamingFIFO_rtl_68                    |                GenericPartition_4_StreamingFIFO_rtl_68_0 |         12 |         12 |       0 |    0 |    17 |      0 |      0 |    0 |          0 |
|       inst                                  |                                     StreamingFIFO_rtl_68 |         12 |         12 |       0 |    0 |    17 |      0 |      0 |    0 |          0 |
|         impl                                |                                 Q_srl__parameterized0_14 |         12 |         12 |       0 |    0 |    17 |      0 |      0 |    0 |          0 |
|     StreamingFIFO_rtl_69                    |                GenericPartition_4_StreamingFIFO_rtl_69_0 |         11 |         11 |       0 |    0 |    17 |      0 |      0 |    0 |          0 |
|       inst                                  |                                     StreamingFIFO_rtl_69 |         11 |         11 |       0 |    0 |    17 |      0 |      0 |    0 |          0 |
|         impl                                |                                 Q_srl__parameterized0_13 |         11 |         11 |       0 |    0 |    17 |      0 |      0 |    0 |          0 |
|     StreamingFIFO_rtl_7                     |                 GenericPartition_4_StreamingFIFO_rtl_7_0 |         53 |         53 |       0 |    0 |   101 |      0 |      0 |    0 |          0 |
|       inst                                  |                                      StreamingFIFO_rtl_7 |         53 |         53 |       0 |    0 |   101 |      0 |      0 |    0 |          0 |
|         impl                                |                                 Q_srl__parameterized2_12 |         53 |         53 |       0 |    0 |   101 |      0 |      0 |    0 |          0 |
|     StreamingFIFO_rtl_70                    |                GenericPartition_4_StreamingFIFO_rtl_70_0 |         29 |         29 |       0 |    0 |    53 |      0 |      0 |    0 |          0 |
|       inst                                  |                                     StreamingFIFO_rtl_70 |         29 |         29 |       0 |    0 |    53 |      0 |      0 |    0 |          0 |
|         impl                                |                                    Q_srl__parameterized1 |         29 |         29 |       0 |    0 |    53 |      0 |      0 |    0 |          0 |
|     StreamingFIFO_rtl_71                    |                          StreamingFIFO_rtl_71_imp_QQIOF8 |         70 |         70 |       0 |    0 |    59 |      0 |      1 |    0 |          0 |
|       fifo                                  |                                GenericPartition_4_fifo_9 |         70 |         70 |       0 |    0 |    59 |      0 |      1 |    0 |          0 |
|         inst                                |                axis_data_fifo_v2_0_9_top__parameterized0 |         70 |         70 |       0 |    0 |    59 |      0 |      1 |    0 |          0 |
|     StreamingFIFO_rtl_72                    |                GenericPartition_4_StreamingFIFO_rtl_72_0 |         21 |         21 |       0 |    0 |    37 |      0 |      0 |    0 |          0 |
|       inst                                  |                                     StreamingFIFO_rtl_72 |         21 |         21 |       0 |    0 |    37 |      0 |      0 |    0 |          0 |
|         impl                                |                                                  Q_srl_7 |         21 |         21 |       0 |    0 |    37 |      0 |      0 |    0 |          0 |
|     StreamingFIFO_rtl_73                    |                GenericPartition_4_StreamingFIFO_rtl_73_0 |         37 |         37 |       0 |    0 |    69 |      0 |      0 |    0 |          0 |
|       inst                                  |                                     StreamingFIFO_rtl_73 |         37 |         37 |       0 |    0 |    69 |      0 |      0 |    0 |          0 |
|         impl                                |                                    Q_srl__parameterized7 |         37 |         37 |       0 |    0 |    69 |      0 |      0 |    0 |          0 |
|     StreamingFIFO_rtl_74                    |                GenericPartition_4_StreamingFIFO_rtl_74_0 |         90 |         58 |       0 |   32 |    43 |      0 |      0 |    0 |          0 |
|       inst                                  |                                     StreamingFIFO_rtl_74 |         90 |         58 |       0 |   32 |    43 |      0 |      0 |    0 |          0 |
|         impl                                |                                    Q_srl__parameterized9 |         90 |         58 |       0 |   32 |    43 |      0 |      0 |    0 |          0 |
|     StreamingFIFO_rtl_75                    |                GenericPartition_4_StreamingFIFO_rtl_75_0 |         63 |         43 |       0 |   20 |    18 |      0 |      0 |    0 |          0 |
|       inst                                  |                                     StreamingFIFO_rtl_75 |         63 |         43 |       0 |   20 |    18 |      0 |      0 |    0 |          0 |
|         impl                                |                                   Q_srl__parameterized15 |         63 |         43 |       0 |   20 |    18 |      0 |      0 |    0 |          0 |
|     StreamingFIFO_rtl_76                    |                GenericPartition_4_StreamingFIFO_rtl_76_0 |          9 |          9 |       0 |    0 |    13 |      0 |      0 |    0 |          0 |
|       inst                                  |                                     StreamingFIFO_rtl_76 |          9 |          9 |       0 |    0 |    13 |      0 |      0 |    0 |          0 |
|         impl                                |                                  Q_srl__parameterized0_6 |          9 |          9 |       0 |    0 |    13 |      0 |      0 |    0 |          0 |
|     StreamingFIFO_rtl_77                    |                GenericPartition_4_StreamingFIFO_rtl_77_0 |         53 |         53 |       0 |    0 |   101 |      0 |      0 |    0 |          0 |
|       inst                                  |                                     StreamingFIFO_rtl_77 |         53 |         53 |       0 |    0 |   101 |      0 |      0 |    0 |          0 |
|         impl                                |                                  Q_srl__parameterized2_5 |         53 |         53 |       0 |    0 |   101 |      0 |      0 |    0 |          0 |
|     StreamingFIFO_rtl_78                    |                GenericPartition_4_StreamingFIFO_rtl_78_0 |         11 |         11 |       0 |    0 |    17 |      0 |      0 |    0 |          0 |
|       inst                                  |                                     StreamingFIFO_rtl_78 |         11 |         11 |       0 |    0 |    17 |      0 |      0 |    0 |          0 |
|         impl                                |                                  Q_srl__parameterized0_4 |         11 |         11 |       0 |    0 |    17 |      0 |      0 |    0 |          0 |
|     StreamingFIFO_rtl_79                    |                GenericPartition_4_StreamingFIFO_rtl_79_0 |         53 |         53 |       0 |    0 |   101 |      0 |      0 |    0 |          0 |
|       inst                                  |                                     StreamingFIFO_rtl_79 |         53 |         53 |       0 |    0 |   101 |      0 |      0 |    0 |          0 |
|         impl                                |                                    Q_srl__parameterized2 |         53 |         53 |       0 |    0 |   101 |      0 |      0 |    0 |          0 |
|     StreamingFIFO_rtl_8                     |                 GenericPartition_4_StreamingFIFO_rtl_8_0 |        171 |         75 |       0 |   96 |    60 |      0 |      0 |    0 |          0 |
|       inst                                  |                                      StreamingFIFO_rtl_8 |        171 |         75 |       0 |   96 |    60 |      0 |      0 |    0 |          0 |
|         impl                                |                                   Q_srl__parameterized16 |        171 |         75 |       0 |   96 |    60 |      0 |      0 |    0 |          0 |
|     StreamingFIFO_rtl_80                    |                GenericPartition_4_StreamingFIFO_rtl_80_0 |        123 |         75 |       0 |   48 |    59 |      0 |      0 |    0 |          0 |
|       inst                                  |                                     StreamingFIFO_rtl_80 |        123 |         75 |       0 |   48 |    59 |      0 |      0 |    0 |          0 |
|         impl                                |                                    Q_srl__parameterized3 |        123 |         75 |       0 |   48 |    59 |      0 |      0 |    0 |          0 |
|     StreamingFIFO_rtl_81                    |                GenericPartition_4_StreamingFIFO_rtl_81_0 |         33 |         27 |       0 |    6 |    17 |      0 |      0 |    0 |          0 |
|       inst                                  |                                     StreamingFIFO_rtl_81 |         33 |         27 |       0 |    6 |    17 |      0 |      0 |    0 |          0 |
|         impl                                |                                   Q_srl__parameterized17 |         33 |         27 |       0 |    6 |    17 |      0 |      0 |    0 |          0 |
|     StreamingFIFO_rtl_82                    |                GenericPartition_4_StreamingFIFO_rtl_82_0 |         13 |         13 |       0 |    0 |    17 |      0 |      0 |    0 |          0 |
|       inst                                  |                                     StreamingFIFO_rtl_82 |         13 |         13 |       0 |    0 |    17 |      0 |      0 |    0 |          0 |
|         impl                                |                                  Q_srl__parameterized0_3 |         13 |         13 |       0 |    0 |    17 |      0 |      0 |    0 |          0 |
|     StreamingFIFO_rtl_83                    |                GenericPartition_4_StreamingFIFO_rtl_83_0 |         77 |         77 |       0 |    0 |   149 |      0 |      0 |    0 |          0 |
|       inst                                  |                                     StreamingFIFO_rtl_83 |         77 |         77 |       0 |    0 |   149 |      0 |      0 |    0 |          0 |
|         impl                                |                                   Q_srl__parameterized18 |         77 |         77 |       0 |    0 |   149 |      0 |      0 |    0 |          0 |
|     StreamingFIFO_rtl_84                    |                GenericPartition_4_StreamingFIFO_rtl_84_0 |         12 |         12 |       0 |    0 |    17 |      0 |      0 |    0 |          0 |
|       inst                                  |                                     StreamingFIFO_rtl_84 |         12 |         12 |       0 |    0 |    17 |      0 |      0 |    0 |          0 |
|         impl                                |                                  Q_srl__parameterized0_2 |         12 |         12 |       0 |    0 |    17 |      0 |      0 |    0 |          0 |
|     StreamingFIFO_rtl_85                    |                GenericPartition_4_StreamingFIFO_rtl_85_0 |        152 |         24 |       0 |  128 |   139 |      0 |      0 |    0 |          0 |
|       inst                                  |                                     StreamingFIFO_rtl_85 |        152 |         24 |       0 |  128 |   139 |      0 |      0 |    0 |          0 |
|         impl                                |                                   Q_srl__parameterized10 |        152 |         24 |       0 |  128 |   139 |      0 |      0 |    0 |          0 |
|     StreamingFIFO_rtl_86                    |                GenericPartition_4_StreamingFIFO_rtl_86_0 |         15 |         15 |       0 |    0 |    21 |      0 |      0 |    0 |          0 |
|       inst                                  |                                     StreamingFIFO_rtl_86 |         15 |         15 |       0 |    0 |    21 |      0 |      0 |    0 |          0 |
|         impl                                |                                    Q_srl__parameterized0 |         15 |         15 |       0 |    0 |    21 |      0 |      0 |    0 |          0 |
|     StreamingFIFO_rtl_87                    |                GenericPartition_4_StreamingFIFO_rtl_87_0 |         14 |         14 |       0 |    0 |    23 |      0 |      0 |    0 |          0 |
|       inst                                  |                                     StreamingFIFO_rtl_87 |         14 |         14 |       0 |    0 |    23 |      0 |      0 |    0 |          0 |
|         impl                                |                                                    Q_srl |         14 |         14 |       0 |    0 |    23 |      0 |      0 |    0 |          0 |
|     StreamingFIFO_rtl_9                     |                           StreamingFIFO_rtl_9_imp_2FUITH |         68 |         68 |       0 |    0 |    55 |      0 |      1 |    0 |          0 |
|       fifo                                  |                                GenericPartition_4_fifo_1 |         68 |         68 |       0 |    0 |    55 |      0 |      1 |    0 |          0 |
|         inst                                |                axis_data_fifo_v2_0_9_top__parameterized1 |         68 |         68 |       0 |    0 |    55 |      0 |      1 |    0 |          0 |
|     Thresholding_rtl_0                      |                  GenericPartition_4_Thresholding_rtl_0_0 |         71 |         62 |       0 |    9 |   312 |      2 |      4 |    0 |          0 |
|       inst                                  |                           Thresholding_rtl_0_axi_wrapper |         71 |         62 |       0 |    9 |   312 |      2 |      4 |    0 |          0 |
|         core                                |                                         thresholding_axi |         71 |         62 |       0 |    9 |   312 |      2 |      4 |    0 |          0 |
|     Thresholding_rtl_1                      |                  GenericPartition_4_Thresholding_rtl_1_0 |         64 |         50 |       0 |   14 |   154 |      0 |      1 |    0 |          0 |
|       inst                                  |                           Thresholding_rtl_1_axi_wrapper |         64 |         50 |       0 |   14 |   154 |      0 |      1 |    0 |          0 |
|         core                                |                         thresholding_axi__parameterized0 |         64 |         50 |       0 |   14 |   154 |      0 |      1 |    0 |          0 |
|     Thresholding_rtl_10                     |                 GenericPartition_4_Thresholding_rtl_10_0 |         64 |         50 |       0 |   14 |   154 |      0 |      1 |    0 |          0 |
|       inst                                  |                          Thresholding_rtl_10_axi_wrapper |         64 |         50 |       0 |   14 |   154 |      0 |      1 |    0 |          0 |
|         core                                |                         thresholding_axi__parameterized1 |         64 |         50 |       0 |   14 |   154 |      0 |      1 |    0 |          0 |
|     Thresholding_rtl_11                     |                 GenericPartition_4_Thresholding_rtl_11_0 |         56 |         39 |       0 |   17 |   208 |      1 |      3 |    0 |          0 |
|       inst                                  |                          Thresholding_rtl_11_axi_wrapper |         56 |         39 |       0 |   17 |   208 |      1 |      3 |    0 |          0 |
|         core                                |                         thresholding_axi__parameterized2 |         56 |         39 |       0 |   17 |   208 |      1 |      3 |    0 |          0 |
|     Thresholding_rtl_2                      |                  GenericPartition_4_Thresholding_rtl_2_0 |         63 |         49 |       0 |   14 |   211 |      1 |      2 |    0 |          0 |
|       inst                                  |                           Thresholding_rtl_2_axi_wrapper |         63 |         49 |       0 |   14 |   211 |      1 |      2 |    0 |          0 |
|         core                                |                         thresholding_axi__parameterized3 |         63 |         49 |       0 |   14 |   211 |      1 |      2 |    0 |          0 |
|     Thresholding_rtl_3                      |                  GenericPartition_4_Thresholding_rtl_3_0 |         72 |         63 |       0 |    9 |   325 |      2 |      4 |    0 |          0 |
|       inst                                  |                           Thresholding_rtl_3_axi_wrapper |         72 |         63 |       0 |    9 |   325 |      2 |      4 |    0 |          0 |
|         core                                |                         thresholding_axi__parameterized4 |         72 |         63 |       0 |    9 |   325 |      2 |      4 |    0 |          0 |
|     Thresholding_rtl_4                      |                  GenericPartition_4_Thresholding_rtl_4_0 |         43 |         36 |       0 |    7 |    88 |      0 |      0 |    0 |          0 |
|       inst                                  |                           Thresholding_rtl_4_axi_wrapper |         43 |         36 |       0 |    7 |    88 |      0 |      0 |    0 |          0 |
|         core                                |                         thresholding_axi__parameterized5 |         43 |         36 |       0 |    7 |    88 |      0 |      0 |    0 |          0 |
|     Thresholding_rtl_5                      |                  GenericPartition_4_Thresholding_rtl_5_0 |         57 |         42 |       0 |   15 |   175 |      0 |      3 |    0 |          0 |
|       inst                                  |                           Thresholding_rtl_5_axi_wrapper |         57 |         42 |       0 |   15 |   175 |      0 |      3 |    0 |          0 |
|         core                                |                         thresholding_axi__parameterized6 |         57 |         42 |       0 |   15 |   175 |      0 |      3 |    0 |          0 |
|     Thresholding_rtl_6                      |                  GenericPartition_4_Thresholding_rtl_6_0 |         85 |         71 |       0 |   14 |   298 |      2 |      2 |    0 |          0 |
|       inst                                  |                           Thresholding_rtl_6_axi_wrapper |         85 |         71 |       0 |   14 |   298 |      2 |      2 |    0 |          0 |
|         core                                |                         thresholding_axi__parameterized7 |         85 |         71 |       0 |   14 |   298 |      2 |      2 |    0 |          0 |
|     Thresholding_rtl_7                      |                  GenericPartition_4_Thresholding_rtl_7_0 |         64 |         50 |       0 |   14 |   154 |      0 |      1 |    0 |          0 |
|       inst                                  |                           Thresholding_rtl_7_axi_wrapper |         64 |         50 |       0 |   14 |   154 |      0 |      1 |    0 |          0 |
|         core                                |                         thresholding_axi__parameterized8 |         64 |         50 |       0 |   14 |   154 |      0 |      1 |    0 |          0 |
|     Thresholding_rtl_8                      |                  GenericPartition_4_Thresholding_rtl_8_0 |         63 |         49 |       0 |   14 |   212 |      1 |      2 |    0 |          0 |
|       inst                                  |                           Thresholding_rtl_8_axi_wrapper |         63 |         49 |       0 |   14 |   212 |      1 |      2 |    0 |          0 |
|         core                                |                         thresholding_axi__parameterized9 |         63 |         49 |       0 |   14 |   212 |      1 |      2 |    0 |          0 |
|     Thresholding_rtl_9                      |                  GenericPartition_4_Thresholding_rtl_9_0 |         73 |         64 |       0 |    9 |   324 |      2 |      4 |    0 |          0 |
|       inst                                  |                           Thresholding_rtl_9_axi_wrapper |         73 |         64 |       0 |    9 |   324 |      2 |      4 |    0 |          0 |
|         core                                |                        thresholding_axi__parameterized10 |         73 |         64 |       0 |    9 |   324 |      2 |      4 |    0 |          0 |
+---------------------------------------------+----------------------------------------------------------+------------+------------+---------+------+-------+--------+--------+------+------------+
* Note: The sum of lower-level cells may be larger than their parent cells total, due to cross-hierarchy LUT combining


