Copyright 1986-2022 Xilinx, Inc. All Rights Reserved.
--------------------------------------------------------------------------------------------------------
| Tool Version : Vivado v.2022.2 (lin64) Build 3671981 Fri Oct 14 04:59:54 MDT 2022
| Date         : Wed Sep 16 13:14:51 2026
| Host         : finn_dev_thelegendiv running 64-bit Ubuntu 22.04.1 LTS
| Command      : report_utilization -hierarchical -hierarchical_depth 4 -file /tmp/hier_partition_5.rpt
| Design       : GenericPartition_5_wrapper
| Device       : xczu7ev-ffvc1156-2-e
| Speed File   : -2
| Design State : Routed
--------------------------------------------------------------------------------------------------------

Utilization Design Information

Table of Contents
-----------------
1. Utilization by Hierarchy

1. Utilization by Hierarchy
---------------------------

+---------------------------------------------+------------------------------------------------------------------+------------+------------+---------+------+-------+--------+--------+------+------------+
|                   Instance                  |                              Module                              | Total LUTs | Logic LUTs | LUTRAMs | SRLs |  FFs  | RAMB36 | RAMB18 | URAM | DSP Blocks |
+---------------------------------------------+------------------------------------------------------------------+------------+------------+---------+------+-------+--------+--------+------+------------+
| GenericPartition_5_wrapper                  |                                                            (top) |     122346 |     118288 |    1257 | 2801 | 32346 |     23 |     40 |    0 |        386 |
|   (GenericPartition_5_wrapper)              |                                                            (top) |       1796 |       1796 |       0 |    0 |     0 |      0 |      0 |    0 |          0 |
|   GenericPartition_5_i                      |                                               GenericPartition_5 |     120608 |     116550 |    1257 | 2801 | 32346 |     23 |     40 |    0 |        386 |
|     (GenericPartition_5_i)                  |                                               GenericPartition_5 |        155 |        155 |       0 |    0 |     0 |      0 |      0 |    0 |          0 |
|     AddStreams_hls_0                        |                            GenericPartition_5_AddStreams_hls_0_0 |         60 |         60 |       0 |    0 |    88 |      0 |      0 |    0 |          0 |
|       inst                                  |                                                 AddStreams_hls_0 |         60 |         60 |       0 |    0 |    88 |      0 |      0 |    0 |          0 |
|         (inst)                              |                                                 AddStreams_hls_0 |          0 |          0 |       0 |    0 |    25 |      0 |      0 |    0 |          0 |
|         flow_control_loop_pipe_no_ap_cont_U |               AddStreams_hls_0_flow_control_loop_pipe_no_ap_cont |         20 |         20 |       0 |    0 |     1 |      0 |      0 |    0 |          0 |
|         regslice_both_in0_V_U               |                                   AddStreams_hls_0_regslice_both |          5 |          5 |       0 |    0 |    20 |      0 |      0 |    0 |          0 |
|         regslice_both_in1_V_U               |                               AddStreams_hls_0_regslice_both_635 |         18 |         18 |       0 |    0 |    20 |      0 |      0 |    0 |          0 |
|         regslice_both_out_V_U               |                   AddStreams_hls_0_regslice_both__parameterized0 |         17 |         17 |       0 |    0 |    22 |      0 |      0 |    0 |          0 |
|     AddStreams_hls_1                        |                            GenericPartition_5_AddStreams_hls_1_0 |         59 |         59 |       0 |    0 |    88 |      0 |      0 |    0 |          0 |
|       inst                                  |                                                 AddStreams_hls_1 |         59 |         59 |       0 |    0 |    88 |      0 |      0 |    0 |          0 |
|         (inst)                              |                                                 AddStreams_hls_1 |          0 |          0 |       0 |    0 |    25 |      0 |      0 |    0 |          0 |
|         flow_control_loop_pipe_no_ap_cont_U |               AddStreams_hls_1_flow_control_loop_pipe_no_ap_cont |         20 |         20 |       0 |    0 |     1 |      0 |      0 |    0 |          0 |
|         regslice_both_in0_V_U               |                                   AddStreams_hls_1_regslice_both |          5 |          5 |       0 |    0 |    20 |      0 |      0 |    0 |          0 |
|         regslice_both_in1_V_U               |                               AddStreams_hls_1_regslice_both_634 |         17 |         17 |       0 |    0 |    20 |      0 |      0 |    0 |          0 |
|         regslice_both_out_V_U               |                   AddStreams_hls_1_regslice_both__parameterized0 |         17 |         17 |       0 |    0 |    22 |      0 |      0 |    0 |          0 |
|     AddStreams_hls_2                        |                            GenericPartition_5_AddStreams_hls_2_0 |         59 |         59 |       0 |    0 |    88 |      0 |      0 |    0 |          0 |
|       inst                                  |                                                 AddStreams_hls_2 |         59 |         59 |       0 |    0 |    88 |      0 |      0 |    0 |          0 |
|         (inst)                              |                                                 AddStreams_hls_2 |          0 |          0 |       0 |    0 |    25 |      0 |      0 |    0 |          0 |
|         flow_control_loop_pipe_no_ap_cont_U |               AddStreams_hls_2_flow_control_loop_pipe_no_ap_cont |         20 |         20 |       0 |    0 |     1 |      0 |      0 |    0 |          0 |
|         regslice_both_in0_V_U               |                                   AddStreams_hls_2_regslice_both |          5 |          5 |       0 |    0 |    20 |      0 |      0 |    0 |          0 |
|         regslice_both_in1_V_U               |                               AddStreams_hls_2_regslice_both_633 |         17 |         17 |       0 |    0 |    20 |      0 |      0 |    0 |          0 |
|         regslice_both_out_V_U               |                   AddStreams_hls_2_regslice_both__parameterized0 |         17 |         17 |       0 |    0 |    22 |      0 |      0 |    0 |          0 |
|     AddStreams_hls_3                        |                            GenericPartition_5_AddStreams_hls_3_0 |         62 |         62 |       0 |    0 |    89 |      0 |      0 |    0 |          0 |
|       inst                                  |                                                 AddStreams_hls_3 |         62 |         62 |       0 |    0 |    89 |      0 |      0 |    0 |          0 |
|         (inst)                              |                                                 AddStreams_hls_3 |          0 |          0 |       0 |    0 |    26 |      0 |      0 |    0 |          0 |
|         flow_control_loop_pipe_no_ap_cont_U |               AddStreams_hls_3_flow_control_loop_pipe_no_ap_cont |         18 |         18 |       0 |    0 |     1 |      0 |      0 |    0 |          0 |
|         regslice_both_in0_V_U               |                                   AddStreams_hls_3_regslice_both |          8 |          8 |       0 |    0 |    20 |      0 |      0 |    0 |          0 |
|         regslice_both_in1_V_U               |                               AddStreams_hls_3_regslice_both_632 |         17 |         17 |       0 |    0 |    20 |      0 |      0 |    0 |          0 |
|         regslice_both_out_V_U               |                   AddStreams_hls_3_regslice_both__parameterized0 |         19 |         19 |       0 |    0 |    22 |      0 |      0 |    0 |          0 |
|     ConvolutionInputGenerator_rtl_0         |             GenericPartition_5_ConvolutionInputGenerator_rtl_0_0 |        267 |        195 |      72 |    0 |    87 |      0 |      0 |    0 |          0 |
|       inst                                  |                                  ConvolutionInputGenerator_rtl_0 |        267 |        195 |      72 |    0 |    87 |      0 |      0 |    0 |          0 |
|         impl                                |                             ConvolutionInputGenerator_rtl_0_impl |        267 |        195 |      72 |    0 |    87 |      0 |      0 |    0 |          0 |
|     ConvolutionInputGenerator_rtl_1         |             GenericPartition_5_ConvolutionInputGenerator_rtl_1_0 |        184 |        168 |      16 |    0 |    79 |      0 |      0 |    0 |          0 |
|       inst                                  |                                  ConvolutionInputGenerator_rtl_1 |        184 |        168 |      16 |    0 |    79 |      0 |      0 |    0 |          0 |
|         impl                                |                             ConvolutionInputGenerator_rtl_1_impl |        184 |        168 |      16 |    0 |    79 |      0 |      0 |    0 |          0 |
|     ConvolutionInputGenerator_rtl_2         |             GenericPartition_5_ConvolutionInputGenerator_rtl_2_0 |        375 |        239 |     136 |    0 |    92 |      0 |      0 |    0 |          0 |
|       inst                                  |                                  ConvolutionInputGenerator_rtl_2 |        375 |        239 |     136 |    0 |    92 |      0 |      0 |    0 |          0 |
|         impl                                |                             ConvolutionInputGenerator_rtl_2_impl |        375 |        239 |     136 |    0 |    92 |      0 |      0 |    0 |          0 |
|     ConvolutionInputGenerator_rtl_3         |             GenericPartition_5_ConvolutionInputGenerator_rtl_3_0 |        201 |        177 |      24 |    0 |    84 |      0 |      0 |    0 |          0 |
|       inst                                  |                                  ConvolutionInputGenerator_rtl_3 |        201 |        177 |      24 |    0 |    84 |      0 |      0 |    0 |          0 |
|         impl                                |                             ConvolutionInputGenerator_rtl_3_impl |        201 |        177 |      24 |    0 |    84 |      0 |      0 |    0 |          0 |
|     ConvolutionInputGenerator_rtl_4         |             GenericPartition_5_ConvolutionInputGenerator_rtl_4_0 |        540 |        276 |     264 |    0 |   101 |      0 |      0 |    0 |          0 |
|       inst                                  |                                  ConvolutionInputGenerator_rtl_4 |        540 |        276 |     264 |    0 |   101 |      0 |      0 |    0 |          0 |
|         impl                                |                             ConvolutionInputGenerator_rtl_4_impl |        540 |        276 |     264 |    0 |   101 |      0 |      0 |    0 |          0 |
|     ConvolutionInputGenerator_rtl_5         |             GenericPartition_5_ConvolutionInputGenerator_rtl_5_0 |        236 |        196 |      40 |    0 |    89 |      0 |      0 |    0 |          0 |
|       inst                                  |                                  ConvolutionInputGenerator_rtl_5 |        236 |        196 |      40 |    0 |    89 |      0 |      0 |    0 |          0 |
|         impl                                |                             ConvolutionInputGenerator_rtl_5_impl |        236 |        196 |      40 |    0 |    89 |      0 |      0 |    0 |          0 |
|     ConvolutionInputGenerator_rtl_6         |             GenericPartition_5_ConvolutionInputGenerator_rtl_6_0 |        297 |        217 |      80 |    0 |    99 |      0 |      0 |    0 |          0 |
|       inst                                  |                                  ConvolutionInputGenerator_rtl_7 |        297 |        217 |      80 |    0 |    99 |      0 |      0 |    0 |          0 |
|         impl                                |                             ConvolutionInputGenerator_rtl_7_impl |        297 |        217 |      80 |    0 |    99 |      0 |      0 |    0 |          0 |
|     ConvolutionInputGenerator_rtl_7         |             GenericPartition_5_ConvolutionInputGenerator_rtl_7_0 |        211 |        187 |      24 |    0 |    89 |      0 |      0 |    0 |          0 |
|       inst                                  |                                  ConvolutionInputGenerator_rtl_6 |        211 |        187 |      24 |    0 |    89 |      0 |      0 |    0 |          0 |
|         impl                                |                             ConvolutionInputGenerator_rtl_6_impl |        211 |        187 |      24 |    0 |    89 |      0 |      0 |    0 |          0 |
|     DuplicateStreams_hls_0                  |                      GenericPartition_5_DuplicateStreams_hls_0_0 |         54 |         54 |       0 |    0 |    71 |      0 |      0 |    0 |          0 |
|       inst                                  |                                           DuplicateStreams_hls_0 |         54 |         54 |       0 |    0 |    71 |      0 |      0 |    0 |          0 |
|         (inst)                              |                                           DuplicateStreams_hls_0 |          1 |          1 |       0 |    0 |    22 |      0 |      0 |    0 |          0 |
|         flow_control_loop_pipe_no_ap_cont_U |         DuplicateStreams_hls_0_flow_control_loop_pipe_no_ap_cont |         18 |         18 |       0 |    0 |     1 |      0 |      0 |    0 |          0 |
|         regslice_both_in0_V_U               |                             DuplicateStreams_hls_0_regslice_both |         11 |         11 |       0 |    0 |    16 |      0 |      0 |    0 |          0 |
|         regslice_both_out0_V_U              |                         DuplicateStreams_hls_0_regslice_both_630 |          9 |          9 |       0 |    0 |    16 |      0 |      0 |    0 |          0 |
|         regslice_both_out1_V_U              |                         DuplicateStreams_hls_0_regslice_both_631 |         17 |         17 |       0 |    0 |    16 |      0 |      0 |    0 |          0 |
|     DuplicateStreams_hls_1                  |                      GenericPartition_5_DuplicateStreams_hls_1_0 |         50 |         50 |       0 |    0 |    57 |      0 |      0 |    0 |          0 |
|       inst                                  |                                           DuplicateStreams_hls_1 |         50 |         50 |       0 |    0 |    57 |      0 |      0 |    0 |          0 |
|         (inst)                              |                                           DuplicateStreams_hls_1 |          1 |          1 |       0 |    0 |    20 |      0 |      0 |    0 |          0 |
|         flow_control_loop_pipe_no_ap_cont_U |         DuplicateStreams_hls_1_flow_control_loop_pipe_no_ap_cont |         18 |         18 |       0 |    0 |     1 |      0 |      0 |    0 |          0 |
|         regslice_both_in0_V_U               |                             DuplicateStreams_hls_1_regslice_both |          9 |          9 |       0 |    0 |    12 |      0 |      0 |    0 |          0 |
|         regslice_both_out0_V_U              |                         DuplicateStreams_hls_1_regslice_both_628 |          8 |          8 |       0 |    0 |    12 |      0 |      0 |    0 |          0 |
|         regslice_both_out1_V_U              |                         DuplicateStreams_hls_1_regslice_both_629 |         16 |         16 |       0 |    0 |    12 |      0 |      0 |    0 |          0 |
|     DuplicateStreams_hls_2                  |                      GenericPartition_5_DuplicateStreams_hls_2_0 |         55 |         55 |       0 |    0 |    71 |      0 |      0 |    0 |          0 |
|       inst                                  |                                           DuplicateStreams_hls_2 |         55 |         55 |       0 |    0 |    71 |      0 |      0 |    0 |          0 |
|         (inst)                              |                                           DuplicateStreams_hls_2 |          1 |          1 |       0 |    0 |    22 |      0 |      0 |    0 |          0 |
|         flow_control_loop_pipe_no_ap_cont_U |         DuplicateStreams_hls_2_flow_control_loop_pipe_no_ap_cont |         18 |         18 |       0 |    0 |     1 |      0 |      0 |    0 |          0 |
|         regslice_both_in0_V_U               |                             DuplicateStreams_hls_2_regslice_both |         12 |         12 |       0 |    0 |    16 |      0 |      0 |    0 |          0 |
|         regslice_both_out0_V_U              |                         DuplicateStreams_hls_2_regslice_both_626 |          9 |          9 |       0 |    0 |    16 |      0 |      0 |    0 |          0 |
|         regslice_both_out1_V_U              |                         DuplicateStreams_hls_2_regslice_both_627 |         17 |         17 |       0 |    0 |    16 |      0 |      0 |    0 |          0 |
|     DuplicateStreams_hls_3                  |                      GenericPartition_5_DuplicateStreams_hls_3_0 |         54 |         54 |       0 |    0 |    71 |      0 |      0 |    0 |          0 |
|       inst                                  |                                           DuplicateStreams_hls_3 |         54 |         54 |       0 |    0 |    71 |      0 |      0 |    0 |          0 |
|         (inst)                              |                                           DuplicateStreams_hls_3 |          1 |          1 |       0 |    0 |    22 |      0 |      0 |    0 |          0 |
|         flow_control_loop_pipe_no_ap_cont_U |         DuplicateStreams_hls_3_flow_control_loop_pipe_no_ap_cont |         18 |         18 |       0 |    0 |     1 |      0 |      0 |    0 |          0 |
|         regslice_both_in0_V_U               |                             DuplicateStreams_hls_3_regslice_both |         11 |         11 |       0 |    0 |    16 |      0 |      0 |    0 |          0 |
|         regslice_both_out0_V_U              |                         DuplicateStreams_hls_3_regslice_both_624 |          9 |          9 |       0 |    0 |    16 |      0 |      0 |    0 |          0 |
|         regslice_both_out1_V_U              |                         DuplicateStreams_hls_3_regslice_both_625 |         17 |         17 |       0 |    0 |    16 |      0 |      0 |    0 |          0 |
|     FMPadding_Pixel_hls_0                   |                       GenericPartition_5_FMPadding_Pixel_hls_0_0 |        271 |        271 |       0 |    0 |   120 |      0 |      0 |    0 |          0 |
|       inst                                  |                                            FMPadding_Pixel_hls_0 |        271 |        271 |       0 |    0 |   120 |      0 |      0 |    0 |          0 |
|         (inst)                              |                                            FMPadding_Pixel_hls_0 |          2 |          2 |       0 |    0 |    95 |      0 |      0 |    0 |          0 |
|         flow_control_loop_pipe_no_ap_cont_U |          FMPadding_Pixel_hls_0_flow_control_loop_pipe_no_ap_cont |        247 |        247 |       0 |    0 |     1 |      0 |      0 |    0 |          0 |
|         regslice_both_in0_V_U               |                              FMPadding_Pixel_hls_0_regslice_both |          8 |          8 |       0 |    0 |    12 |      0 |      0 |    0 |          0 |
|         regslice_both_out_V_U               |                          FMPadding_Pixel_hls_0_regslice_both_623 |         17 |         17 |       0 |    0 |    12 |      0 |      0 |    0 |          0 |
|     FMPadding_rtl_0                         |                             GenericPartition_5_FMPadding_rtl_0_0 |         67 |         67 |       0 |    0 |   108 |      0 |      0 |    0 |          0 |
|       inst                                  |                                                  FMPadding_rtl_0 |         67 |         67 |       0 |    0 |   108 |      0 |      0 |    0 |          0 |
|         impl                                |                                                    fmpadding_axi |         67 |         67 |       0 |    0 |   108 |      0 |      0 |    0 |          0 |
|     FMPadding_rtl_1                         |                             GenericPartition_5_FMPadding_rtl_1_0 |         48 |         48 |       0 |    0 |    76 |      0 |      0 |    0 |          0 |
|       inst                                  |                                                  FMPadding_rtl_1 |         48 |         48 |       0 |    0 |    76 |      0 |      0 |    0 |          0 |
|         impl                                |                                    fmpadding_axi__parameterized0 |         48 |         48 |       0 |    0 |    76 |      0 |      0 |    0 |          0 |
|     FMPadding_rtl_2                         |                             GenericPartition_5_FMPadding_rtl_2_0 |         66 |         66 |       0 |    0 |   108 |      0 |      0 |    0 |          0 |
|       inst                                  |                                                  FMPadding_rtl_2 |         66 |         66 |       0 |    0 |   108 |      0 |      0 |    0 |          0 |
|         impl                                |                                    fmpadding_axi__parameterized1 |         66 |         66 |       0 |    0 |   108 |      0 |      0 |    0 |          0 |
|     FMPadding_rtl_3                         |                             GenericPartition_5_FMPadding_rtl_3_0 |         50 |         50 |       0 |    0 |    76 |      0 |      0 |    0 |          0 |
|       inst                                  |                                                  FMPadding_rtl_3 |         50 |         50 |       0 |    0 |    76 |      0 |      0 |    0 |          0 |
|         impl                                |                                    fmpadding_axi__parameterized2 |         50 |         50 |       0 |    0 |    76 |      0 |      0 |    0 |          0 |
|     FMPadding_rtl_4                         |                             GenericPartition_5_FMPadding_rtl_4_0 |         50 |         50 |       0 |    0 |    77 |      0 |      0 |    0 |          0 |
|       inst                                  |                                                  FMPadding_rtl_4 |         50 |         50 |       0 |    0 |    77 |      0 |      0 |    0 |          0 |
|         impl                                |                                    fmpadding_axi__parameterized3 |         50 |         50 |       0 |    0 |    77 |      0 |      0 |    0 |          0 |
|     FMPadding_rtl_5                         |                             GenericPartition_5_FMPadding_rtl_5_0 |         51 |         51 |       0 |    0 |    77 |      0 |      0 |    0 |          0 |
|       inst                                  |                                                  FMPadding_rtl_5 |         51 |         51 |       0 |    0 |    77 |      0 |      0 |    0 |          0 |
|         impl                                |                                    fmpadding_axi__parameterized4 |         51 |         51 |       0 |    0 |    77 |      0 |      0 |    0 |          0 |
|     FMPadding_rtl_6                         |                             GenericPartition_5_FMPadding_rtl_6_0 |        116 |        116 |       0 |    0 |   205 |      0 |      0 |    0 |          0 |
|       inst                                  |                                                  FMPadding_rtl_7 |        116 |        116 |       0 |    0 |   205 |      0 |      0 |    0 |          0 |
|         impl                                |                                    fmpadding_axi__parameterized5 |        116 |        116 |       0 |    0 |   205 |      0 |      0 |    0 |          0 |
|     FMPadding_rtl_7                         |                             GenericPartition_5_FMPadding_rtl_7_0 |         53 |         53 |       0 |    0 |    77 |      0 |      0 |    0 |          0 |
|       inst                                  |                                                  FMPadding_rtl_6 |         53 |         53 |       0 |    0 |    77 |      0 |      0 |    0 |          0 |
|         impl                                |                                    fmpadding_axi__parameterized6 |         53 |         53 |       0 |    0 |    77 |      0 |      0 |    0 |          0 |
|     MVAU_hls_0                              |                                            MVAU_hls_0_imp_RW0WTQ |       1465 |       1433 |      32 |    0 |   766 |      0 |      0 |    0 |         20 |
|       MVAU_hls_0                            |                                  GenericPartition_5_MVAU_hls_0_0 |       1429 |       1429 |       0 |    0 |   692 |      0 |      0 |    0 |         20 |
|         inst                                |                                                       MVAU_hls_0 |       1429 |       1429 |       0 |    0 |   692 |      0 |      0 |    0 |         20 |
|       MVAU_hls_0_wstrm                      |                            GenericPartition_5_MVAU_hls_0_wstrm_0 |         36 |          4 |      32 |    0 |    74 |      0 |      0 |    0 |          0 |
|         inst                                |                                            memstream_axi_wrapper |         36 |          4 |      32 |    0 |    74 |      0 |      0 |    0 |          0 |
|     MVAU_hls_1                              |                                           MVAU_hls_1_imp_1DRZED2 |       1048 |       1000 |      48 |    0 |   798 |      0 |      0 |    0 |         16 |
|       MVAU_hls_1                            |                                  GenericPartition_5_MVAU_hls_1_0 |        996 |        996 |       0 |    0 |   691 |      0 |      0 |    0 |         16 |
|         inst                                |                                                       MVAU_hls_1 |        996 |        996 |       0 |    0 |   691 |      0 |      0 |    0 |         16 |
|       MVAU_hls_1_wstrm                      |                            GenericPartition_5_MVAU_hls_1_wstrm_0 |         52 |          4 |      48 |    0 |   107 |      0 |      0 |    0 |          0 |
|         inst                                |                            memstream_axi_wrapper__parameterized0 |         52 |          4 |      48 |    0 |   107 |      0 |      0 |    0 |          0 |
|     MVAU_hls_10                             |                                          MVAU_hls_10_imp_14NQ9SP |        596 |        596 |       0 |    0 |   619 |      1 |      1 |    0 |         20 |
|       MVAU_hls_10                           |                                 GenericPartition_5_MVAU_hls_10_0 |        592 |        592 |       0 |    0 |   608 |      0 |      0 |    0 |         20 |
|         inst                                |                                                      MVAU_hls_10 |        592 |        592 |       0 |    0 |   608 |      0 |      0 |    0 |         20 |
|       MVAU_hls_10_wstrm                     |                           GenericPartition_5_MVAU_hls_10_wstrm_0 |          4 |          4 |       0 |    0 |    11 |      1 |      1 |    0 |          0 |
|         inst                                |                            memstream_axi_wrapper__parameterized1 |          4 |          4 |       0 |    0 |    11 |      1 |      1 |    0 |          0 |
|     MVAU_hls_11                             |                                           MVAU_hls_11_imp_J9EP1D |      29518 |      29518 |       0 |    0 |  1257 |      1 |      1 |    0 |         16 |
|       MVAU_hls_11                           |                                 GenericPartition_5_MVAU_hls_11_0 |      29513 |      29513 |       0 |    0 |  1247 |      0 |      0 |    0 |         16 |
|         inst                                |                                                      MVAU_hls_11 |      29513 |      29513 |       0 |    0 |  1247 |      0 |      0 |    0 |         16 |
|       MVAU_hls_11_wstrm                     |                           GenericPartition_5_MVAU_hls_11_wstrm_0 |          5 |          5 |       0 |    0 |    10 |      1 |      1 |    0 |          0 |
|         inst                                |                            memstream_axi_wrapper__parameterized2 |          5 |          5 |       0 |    0 |    10 |      1 |      1 |    0 |          0 |
|     MVAU_hls_12                             |                                          MVAU_hls_12_imp_1RVTFC8 |       2838 |       2742 |      96 |    0 |  1401 |      0 |      0 |    0 |         40 |
|       MVAU_hls_12                           |                                 GenericPartition_5_MVAU_hls_12_0 |       2737 |       2737 |       0 |    0 |  1199 |      0 |      0 |    0 |         40 |
|         inst                                |                                                      MVAU_hls_12 |       2737 |       2737 |       0 |    0 |  1199 |      0 |      0 |    0 |         40 |
|       MVAU_hls_12_wstrm                     |                           GenericPartition_5_MVAU_hls_12_wstrm_0 |        101 |          5 |      96 |    0 |   202 |      0 |      0 |    0 |          0 |
|         inst                                |                            memstream_axi_wrapper__parameterized3 |        101 |          5 |      96 |    0 |   202 |      0 |      0 |    0 |          0 |
|     MVAU_hls_13                             |                                           MVAU_hls_13_imp_DU5RQO |       1675 |       1505 |     170 |    0 |  1628 |      0 |      0 |    0 |         80 |
|       MVAU_hls_13                           |                                 GenericPartition_5_MVAU_hls_13_0 |       1503 |       1503 |       0 |    0 |  1282 |      0 |      0 |    0 |         80 |
|         inst                                |                                                      MVAU_hls_13 |       1503 |       1503 |       0 |    0 |  1282 |      0 |      0 |    0 |         80 |
|       MVAU_hls_13_wstrm                     |                           GenericPartition_5_MVAU_hls_13_wstrm_0 |        172 |          2 |     170 |    0 |   346 |      0 |      0 |    0 |          0 |
|         inst                                |                            memstream_axi_wrapper__parameterized4 |        172 |          2 |     170 |    0 |   346 |      0 |      0 |    0 |          0 |
|     MVAU_hls_14                             |                                           MVAU_hls_14_imp_YDF75N |        854 |        854 |       0 |    0 |  1226 |      2 |      0 |    0 |         32 |
|       MVAU_hls_14                           |                                 GenericPartition_5_MVAU_hls_14_0 |        851 |        851 |       0 |    0 |  1218 |      0 |      0 |    0 |         32 |
|         inst                                |                                                      MVAU_hls_14 |        851 |        851 |       0 |    0 |  1218 |      0 |      0 |    0 |         32 |
|       MVAU_hls_14_wstrm                     |                           GenericPartition_5_MVAU_hls_14_wstrm_0 |          3 |          3 |       0 |    0 |     8 |      2 |      0 |    0 |          0 |
|         inst                                |                            memstream_axi_wrapper__parameterized5 |          3 |          3 |       0 |    0 |     8 |      2 |      0 |    0 |          0 |
|     MVAU_hls_15                             |                                          MVAU_hls_15_imp_1BQ6RHF |      24326 |      24276 |      50 |    0 |  1366 |      0 |      0 |    0 |         32 |
|       MVAU_hls_15                           |                                 GenericPartition_5_MVAU_hls_15_0 |      24274 |      24274 |       0 |    0 |  1261 |      0 |      0 |    0 |         32 |
|         inst                                |                                                      MVAU_hls_15 |      24274 |      24274 |       0 |    0 |  1261 |      0 |      0 |    0 |         32 |
|       MVAU_hls_15_wstrm                     |                           GenericPartition_5_MVAU_hls_15_wstrm_0 |         53 |          3 |      50 |    0 |   105 |      0 |      0 |    0 |          0 |
|         inst                                |                            memstream_axi_wrapper__parameterized6 |         53 |          3 |      50 |    0 |   105 |      0 |      0 |    0 |          0 |
|     MVAU_hls_2                              |                                            MVAU_hls_2_imp_4HP1I7 |        909 |        909 |       0 |    0 |  1211 |      1 |      0 |    0 |         12 |
|       MVAU_hls_2                            |                                  GenericPartition_5_MVAU_hls_2_0 |        905 |        905 |       0 |    0 |  1201 |      0 |      0 |    0 |         12 |
|         inst                                |                                                       MVAU_hls_2 |        905 |        905 |       0 |    0 |  1201 |      0 |      0 |    0 |         12 |
|       MVAU_hls_2_wstrm                      |                            GenericPartition_5_MVAU_hls_2_wstrm_0 |          4 |          4 |       0 |    0 |    10 |      1 |      0 |    0 |          0 |
|         inst                                |                            memstream_axi_wrapper__parameterized7 |          4 |          4 |       0 |    0 |    10 |      1 |      0 |    0 |          0 |
|     MVAU_hls_3                              |                                           MVAU_hls_3_imp_1JFYZRB |      31711 |      31711 |       0 |    0 |  1439 |      1 |      1 |    0 |         16 |
|       MVAU_hls_3                            |                                  GenericPartition_5_MVAU_hls_3_0 |      31706 |      31706 |       0 |    0 |  1429 |      0 |      0 |    0 |         16 |
|         inst                                |                                                       MVAU_hls_3 |      31706 |      31706 |       0 |    0 |  1429 |      0 |      0 |    0 |         16 |
|       MVAU_hls_3_wstrm                      |                            GenericPartition_5_MVAU_hls_3_wstrm_0 |          5 |          5 |       0 |    0 |    10 |      1 |      1 |    0 |          0 |
|         inst                                |                            memstream_axi_wrapper__parameterized8 |          5 |          5 |       0 |    0 |    10 |      1 |      1 |    0 |          0 |
|     MVAU_hls_4                              |                                           MVAU_hls_4_imp_13DMF9O |        488 |        488 |       0 |    0 |   450 |      1 |      0 |    0 |         16 |
|       MVAU_hls_4                            |                                  GenericPartition_5_MVAU_hls_4_0 |        483 |        483 |       0 |    0 |   440 |      0 |      0 |    0 |         16 |
|         (MVAU_hls_4)                        |                                  GenericPartition_5_MVAU_hls_4_0 |         24 |         24 |       0 |    0 |     0 |      0 |      0 |    0 |          0 |
|         inst                                |                                                       MVAU_hls_4 |        479 |        479 |       0 |    0 |   440 |      0 |      0 |    0 |         16 |
|       MVAU_hls_4_wstrm                      |                            GenericPartition_5_MVAU_hls_4_wstrm_0 |          5 |          5 |       0 |    0 |    10 |      1 |      0 |    0 |          0 |
|         inst                                |                            memstream_axi_wrapper__parameterized9 |          5 |          5 |       0 |    0 |    10 |      1 |      0 |    0 |          0 |
|     MVAU_hls_5                              |                                            MVAU_hls_5_imp_OZJZX0 |       1041 |        993 |      48 |    0 |   798 |      0 |      0 |    0 |         16 |
|       MVAU_hls_5                            |                                  GenericPartition_5_MVAU_hls_5_0 |        989 |        989 |       0 |    0 |   691 |      0 |      0 |    0 |         16 |
|         inst                                |                                                       MVAU_hls_5 |        989 |        989 |       0 |    0 |   691 |      0 |      0 |    0 |         16 |
|       MVAU_hls_5_wstrm                      |                            GenericPartition_5_MVAU_hls_5_wstrm_0 |         52 |          4 |      48 |    0 |   107 |      0 |      0 |    0 |          0 |
|         inst                                |                           memstream_axi_wrapper__parameterized10 |         52 |          4 |      48 |    0 |   107 |      0 |      0 |    0 |          0 |
|     MVAU_hls_6                              |                                           MVAU_hls_6_imp_1X6MN99 |        888 |        888 |       0 |    0 |   624 |      1 |      1 |    0 |         16 |
|       MVAU_hls_6                            |                                  GenericPartition_5_MVAU_hls_6_0 |        884 |        884 |       0 |    0 |   613 |      0 |      0 |    0 |         16 |
|         inst                                |                                                       MVAU_hls_6 |        884 |        884 |       0 |    0 |   613 |      0 |      0 |    0 |         16 |
|       MVAU_hls_6_wstrm                      |                            GenericPartition_5_MVAU_hls_6_wstrm_0 |          4 |          4 |       0 |    0 |    11 |      1 |      1 |    0 |          0 |
|         inst                                |                           memstream_axi_wrapper__parameterized11 |          4 |          4 |       0 |    0 |    11 |      1 |      1 |    0 |          0 |
|     MVAU_hls_7                              |                                            MVAU_hls_7_imp_CYRFJ9 |       6843 |       6843 |       0 |    0 |  5154 |      1 |      0 |    0 |         16 |
|       MVAU_hls_7                            |                                  GenericPartition_5_MVAU_hls_7_0 |       6838 |       6838 |       0 |    0 |  5144 |      0 |      0 |    0 |         16 |
|         inst                                |                                                       MVAU_hls_7 |       6838 |       6838 |       0 |    0 |  5144 |      0 |      0 |    0 |         16 |
|       MVAU_hls_7_wstrm                      |                            GenericPartition_5_MVAU_hls_7_wstrm_0 |          5 |          5 |       0 |    0 |    10 |      1 |      0 |    0 |          0 |
|         inst                                |                           memstream_axi_wrapper__parameterized12 |          5 |          5 |       0 |    0 |    10 |      1 |      0 |    0 |          0 |
|     MVAU_hls_8                              |                                            MVAU_hls_8_imp_UA7STN |       1192 |       1160 |      32 |    0 |   508 |      0 |      0 |    0 |         16 |
|       MVAU_hls_8                            |                                  GenericPartition_5_MVAU_hls_8_0 |       1156 |       1156 |       0 |    0 |   434 |      0 |      0 |    0 |         16 |
|         inst                                |                                                       MVAU_hls_8 |       1156 |       1156 |       0 |    0 |   434 |      0 |      0 |    0 |         16 |
|       MVAU_hls_8_wstrm                      |                            GenericPartition_5_MVAU_hls_8_wstrm_0 |         36 |          4 |      32 |    0 |    74 |      0 |      0 |    0 |          0 |
|         inst                                |                           memstream_axi_wrapper__parameterized13 |         36 |          4 |      32 |    0 |    74 |      0 |      0 |    0 |          0 |
|     MVAU_hls_9                              |                                           MVAU_hls_9_imp_1FTOSMR |        942 |        894 |      48 |    0 |   716 |      0 |      0 |    0 |         16 |
|       MVAU_hls_9                            |                                  GenericPartition_5_MVAU_hls_9_0 |        890 |        890 |       0 |    0 |   610 |      0 |      0 |    0 |         16 |
|         inst                                |                                                       MVAU_hls_9 |        890 |        890 |       0 |    0 |   610 |      0 |      0 |    0 |         16 |
|       MVAU_hls_9_wstrm                      |                            GenericPartition_5_MVAU_hls_9_wstrm_0 |         52 |          4 |      48 |    0 |   106 |      0 |      0 |    0 |          0 |
|         inst                                |                           memstream_axi_wrapper__parameterized14 |         52 |          4 |      48 |    0 |   106 |      0 |      0 |    0 |          0 |
|     StreamingDataWidthConverter_rtl_0       |           GenericPartition_5_StreamingDataWidthConverter_rtl_0_0 |         12 |         12 |       0 |    0 |    59 |      0 |      0 |    0 |          0 |
|       inst                                  |                                StreamingDataWidthConverter_rtl_0 |         12 |         12 |       0 |    0 |    59 |      0 |      0 |    0 |          0 |
|         impl                                |                                                      dwc_axi_162 |         12 |         12 |       0 |    0 |    59 |      0 |      0 |    0 |          0 |
|     StreamingDataWidthConverter_rtl_1       |           GenericPartition_5_StreamingDataWidthConverter_rtl_1_0 |         14 |         14 |       0 |    0 |    64 |      0 |      0 |    0 |          0 |
|       inst                                  |                                StreamingDataWidthConverter_rtl_1 |         14 |         14 |       0 |    0 |    64 |      0 |      0 |    0 |          0 |
|         impl                                |                                          dwc_axi__parameterized0 |         14 |         14 |       0 |    0 |    64 |      0 |      0 |    0 |          0 |
|     StreamingDataWidthConverter_rtl_10      |          GenericPartition_5_StreamingDataWidthConverter_rtl_10_0 |          9 |          9 |       0 |    0 |    34 |      0 |      0 |    0 |          0 |
|       inst                                  |                               StreamingDataWidthConverter_rtl_10 |          9 |          9 |       0 |    0 |    34 |      0 |      0 |    0 |          0 |
|         impl                                |                                      dwc_axi__parameterized1_160 |          9 |          9 |       0 |    0 |    34 |      0 |      0 |    0 |          0 |
|     StreamingDataWidthConverter_rtl_11      |          GenericPartition_5_StreamingDataWidthConverter_rtl_11_0 |         19 |         19 |       0 |    0 |    51 |      0 |      0 |    0 |          0 |
|       inst                                  |                               StreamingDataWidthConverter_rtl_11 |         19 |         19 |       0 |    0 |    51 |      0 |      0 |    0 |          0 |
|         impl                                |                                      dwc_axi__parameterized2_158 |         19 |         19 |       0 |    0 |    51 |      0 |      0 |    0 |          0 |
|     StreamingDataWidthConverter_rtl_12      |          GenericPartition_5_StreamingDataWidthConverter_rtl_12_0 |         38 |         38 |       0 |    0 |    46 |      0 |      0 |    0 |          0 |
|       inst                                  |                               StreamingDataWidthConverter_rtl_12 |         38 |         38 |       0 |    0 |    46 |      0 |      0 |    0 |          0 |
|         impl                                |                                      dwc_axi__parameterized3_156 |         38 |         38 |       0 |    0 |    46 |      0 |      0 |    0 |          0 |
|     StreamingDataWidthConverter_rtl_13      |          GenericPartition_5_StreamingDataWidthConverter_rtl_13_0 |          7 |          7 |       0 |    0 |    24 |      0 |      0 |    0 |          0 |
|       inst                                  |                               StreamingDataWidthConverter_rtl_13 |          7 |          7 |       0 |    0 |    24 |      0 |      0 |    0 |          0 |
|         impl                                |                                      dwc_axi__parameterized4_154 |          7 |          7 |       0 |    0 |    24 |      0 |      0 |    0 |          0 |
|     StreamingDataWidthConverter_rtl_14      |          GenericPartition_5_StreamingDataWidthConverter_rtl_14_0 |         19 |         19 |       0 |    0 |    51 |      0 |      0 |    0 |          0 |
|       inst                                  |                               StreamingDataWidthConverter_rtl_14 |         19 |         19 |       0 |    0 |    51 |      0 |      0 |    0 |          0 |
|         impl                                |                                      dwc_axi__parameterized2_152 |         19 |         19 |       0 |    0 |    51 |      0 |      0 |    0 |          0 |
|     StreamingDataWidthConverter_rtl_15      |          GenericPartition_5_StreamingDataWidthConverter_rtl_15_0 |         22 |         22 |       0 |    0 |    36 |      0 |      0 |    0 |          0 |
|       inst                                  |                               StreamingDataWidthConverter_rtl_15 |         22 |         22 |       0 |    0 |    36 |      0 |      0 |    0 |          0 |
|         impl                                |                                      dwc_axi__parameterized5_150 |         22 |         22 |       0 |    0 |    36 |      0 |      0 |    0 |          0 |
|     StreamingDataWidthConverter_rtl_16      |          GenericPartition_5_StreamingDataWidthConverter_rtl_16_0 |          9 |          9 |       0 |    0 |    21 |      0 |      0 |    0 |          0 |
|       inst                                  |                               StreamingDataWidthConverter_rtl_16 |          9 |          9 |       0 |    0 |    21 |      0 |      0 |    0 |          0 |
|         impl                                |                                      dwc_axi__parameterized6_148 |          9 |          9 |       0 |    0 |    21 |      0 |      0 |    0 |          0 |
|     StreamingDataWidthConverter_rtl_17      |          GenericPartition_5_StreamingDataWidthConverter_rtl_17_0 |         38 |         38 |       0 |    0 |    46 |      0 |      0 |    0 |          0 |
|       inst                                  |                               StreamingDataWidthConverter_rtl_17 |         38 |         38 |       0 |    0 |    46 |      0 |      0 |    0 |          0 |
|         impl                                |                                      dwc_axi__parameterized3_146 |         38 |         38 |       0 |    0 |    46 |      0 |      0 |    0 |          0 |
|     StreamingDataWidthConverter_rtl_18      |          GenericPartition_5_StreamingDataWidthConverter_rtl_18_0 |          6 |          6 |       0 |    0 |    24 |      0 |      0 |    0 |          0 |
|       inst                                  |                               StreamingDataWidthConverter_rtl_18 |          6 |          6 |       0 |    0 |    24 |      0 |      0 |    0 |          0 |
|         impl                                |                                          dwc_axi__parameterized4 |          6 |          6 |       0 |    0 |    24 |      0 |      0 |    0 |          0 |
|     StreamingDataWidthConverter_rtl_19      |          GenericPartition_5_StreamingDataWidthConverter_rtl_19_0 |         19 |         19 |       0 |    0 |    51 |      0 |      0 |    0 |          0 |
|       inst                                  |                               StreamingDataWidthConverter_rtl_19 |         19 |         19 |       0 |    0 |    51 |      0 |      0 |    0 |          0 |
|         impl                                |                                      dwc_axi__parameterized2_144 |         19 |         19 |       0 |    0 |    51 |      0 |      0 |    0 |          0 |
|     StreamingDataWidthConverter_rtl_2       |           GenericPartition_5_StreamingDataWidthConverter_rtl_2_0 |         56 |         56 |       0 |    0 |    66 |      0 |      0 |    0 |          0 |
|       inst                                  |                                StreamingDataWidthConverter_rtl_2 |         56 |         56 |       0 |    0 |    66 |      0 |      0 |    0 |          0 |
|         impl                                |                                      dwc_axi__parameterized7_142 |         56 |         56 |       0 |    0 |    66 |      0 |      0 |    0 |          0 |
|     StreamingDataWidthConverter_rtl_20      |          GenericPartition_5_StreamingDataWidthConverter_rtl_20_0 |         40 |         40 |       0 |    0 |    46 |      0 |      0 |    0 |          0 |
|       inst                                  |                               StreamingDataWidthConverter_rtl_20 |         40 |         40 |       0 |    0 |    46 |      0 |      0 |    0 |          0 |
|         impl                                |                                      dwc_axi__parameterized3_140 |         40 |         40 |       0 |    0 |    46 |      0 |      0 |    0 |          0 |
|     StreamingDataWidthConverter_rtl_21      |          GenericPartition_5_StreamingDataWidthConverter_rtl_21_0 |          9 |          9 |       0 |    0 |    41 |      0 |      0 |    0 |          0 |
|       inst                                  |                               StreamingDataWidthConverter_rtl_21 |          9 |          9 |       0 |    0 |    41 |      0 |      0 |    0 |          0 |
|         impl                                |                                      dwc_axi__parameterized8_138 |          9 |          9 |       0 |    0 |    41 |      0 |      0 |    0 |          0 |
|     StreamingDataWidthConverter_rtl_22      |          GenericPartition_5_StreamingDataWidthConverter_rtl_22_0 |         11 |         11 |       0 |    0 |    20 |      0 |      0 |    0 |          0 |
|       inst                                  |                               StreamingDataWidthConverter_rtl_22 |         11 |         11 |       0 |    0 |    20 |      0 |      0 |    0 |          0 |
|         impl                                |                                          dwc_axi__parameterized9 |         11 |         11 |       0 |    0 |    20 |      0 |      0 |    0 |          0 |
|     StreamingDataWidthConverter_rtl_23      |          GenericPartition_5_StreamingDataWidthConverter_rtl_23_0 |        136 |        136 |       0 |    0 |   151 |      0 |      0 |    0 |          0 |
|       inst                                  |                               StreamingDataWidthConverter_rtl_23 |        136 |        136 |       0 |    0 |   151 |      0 |      0 |    0 |          0 |
|         impl                                |                                     dwc_axi__parameterized10_136 |        136 |        136 |       0 |    0 |   151 |      0 |      0 |    0 |          0 |
|     StreamingDataWidthConverter_rtl_24      |          GenericPartition_5_StreamingDataWidthConverter_rtl_24_0 |         12 |         12 |       0 |    0 |    59 |      0 |      0 |    0 |          0 |
|       inst                                  |                               StreamingDataWidthConverter_rtl_24 |         12 |         12 |       0 |    0 |    59 |      0 |      0 |    0 |          0 |
|         impl                                |                                                      dwc_axi_134 |         12 |         12 |       0 |    0 |    59 |      0 |      0 |    0 |          0 |
|     StreamingDataWidthConverter_rtl_25      |          GenericPartition_5_StreamingDataWidthConverter_rtl_25_0 |         11 |         11 |       0 |    0 |    59 |      0 |      0 |    0 |          0 |
|       inst                                  |                               StreamingDataWidthConverter_rtl_25 |         11 |         11 |       0 |    0 |    59 |      0 |      0 |    0 |          0 |
|         impl                                |                                                          dwc_axi |         11 |         11 |       0 |    0 |    59 |      0 |      0 |    0 |          0 |
|     StreamingDataWidthConverter_rtl_26      |          GenericPartition_5_StreamingDataWidthConverter_rtl_26_0 |         27 |         27 |       0 |    0 |   124 |      0 |      0 |    0 |          0 |
|       inst                                  |                               StreamingDataWidthConverter_rtl_26 |         27 |         27 |       0 |    0 |   124 |      0 |      0 |    0 |          0 |
|         impl                                |                                         dwc_axi__parameterized11 |         27 |         27 |       0 |    0 |   124 |      0 |      0 |    0 |          0 |
|     StreamingDataWidthConverter_rtl_27      |          GenericPartition_5_StreamingDataWidthConverter_rtl_27_0 |         38 |         38 |       0 |    0 |    46 |      0 |      0 |    0 |          0 |
|       inst                                  |                               StreamingDataWidthConverter_rtl_27 |         38 |         38 |       0 |    0 |    46 |      0 |      0 |    0 |          0 |
|         impl                                |                                      dwc_axi__parameterized3_132 |         38 |         38 |       0 |    0 |    46 |      0 |      0 |    0 |          0 |
|     StreamingDataWidthConverter_rtl_28      |          GenericPartition_5_StreamingDataWidthConverter_rtl_28_0 |          9 |          9 |       0 |    0 |    41 |      0 |      0 |    0 |          0 |
|       inst                                  |                               StreamingDataWidthConverter_rtl_28 |          9 |          9 |       0 |    0 |    41 |      0 |      0 |    0 |          0 |
|         impl                                |                                          dwc_axi__parameterized8 |          9 |          9 |       0 |    0 |    41 |      0 |      0 |    0 |          0 |
|     StreamingDataWidthConverter_rtl_29      |          GenericPartition_5_StreamingDataWidthConverter_rtl_29_0 |        106 |        106 |       0 |    0 |   115 |      0 |      0 |    0 |          0 |
|       inst                                  |                               StreamingDataWidthConverter_rtl_29 |        106 |        106 |       0 |    0 |   115 |      0 |      0 |    0 |          0 |
|         impl                                |                                         dwc_axi__parameterized12 |        106 |        106 |       0 |    0 |   115 |      0 |      0 |    0 |          0 |
|     StreamingDataWidthConverter_rtl_3       |           GenericPartition_5_StreamingDataWidthConverter_rtl_3_0 |          9 |          9 |       0 |    0 |    34 |      0 |      0 |    0 |          0 |
|       inst                                  |                                StreamingDataWidthConverter_rtl_3 |          9 |          9 |       0 |    0 |    34 |      0 |      0 |    0 |          0 |
|         impl                                |                                          dwc_axi__parameterized1 |          9 |          9 |       0 |    0 |    34 |      0 |      0 |    0 |          0 |
|     StreamingDataWidthConverter_rtl_30      |          GenericPartition_5_StreamingDataWidthConverter_rtl_30_0 |         39 |         39 |       0 |    0 |    46 |      0 |      0 |    0 |          0 |
|       inst                                  |                               StreamingDataWidthConverter_rtl_30 |         39 |         39 |       0 |    0 |    46 |      0 |      0 |    0 |          0 |
|         impl                                |                                      dwc_axi__parameterized3_130 |         39 |         39 |       0 |    0 |    46 |      0 |      0 |    0 |          0 |
|     StreamingDataWidthConverter_rtl_31      |          GenericPartition_5_StreamingDataWidthConverter_rtl_31_0 |         11 |         11 |       0 |    0 |    47 |      0 |      0 |    0 |          0 |
|       inst                                  |                               StreamingDataWidthConverter_rtl_31 |         11 |         11 |       0 |    0 |    47 |      0 |      0 |    0 |          0 |
|         impl                                |                                         dwc_axi__parameterized13 |         11 |         11 |       0 |    0 |    47 |      0 |      0 |    0 |          0 |
|     StreamingDataWidthConverter_rtl_32      |          GenericPartition_5_StreamingDataWidthConverter_rtl_32_0 |         13 |         13 |       0 |    0 |   139 |      0 |      0 |    0 |          0 |
|       inst                                  |                               StreamingDataWidthConverter_rtl_32 |         13 |         13 |       0 |    0 |   139 |      0 |      0 |    0 |          0 |
|         impl                                |                                         dwc_axi__parameterized14 |         13 |         13 |       0 |    0 |   139 |      0 |      0 |    0 |          0 |
|     StreamingDataWidthConverter_rtl_33      |          GenericPartition_5_StreamingDataWidthConverter_rtl_33_0 |         20 |         20 |       0 |    0 |    36 |      0 |      0 |    0 |          0 |
|       inst                                  |                               StreamingDataWidthConverter_rtl_33 |         20 |         20 |       0 |    0 |    36 |      0 |      0 |    0 |          0 |
|         impl                                |                                          dwc_axi__parameterized5 |         20 |         20 |       0 |    0 |    36 |      0 |      0 |    0 |          0 |
|     StreamingDataWidthConverter_rtl_34      |          GenericPartition_5_StreamingDataWidthConverter_rtl_34_0 |          9 |          9 |       0 |    0 |    21 |      0 |      0 |    0 |          0 |
|       inst                                  |                               StreamingDataWidthConverter_rtl_34 |          9 |          9 |       0 |    0 |    21 |      0 |      0 |    0 |          0 |
|         impl                                |                                          dwc_axi__parameterized6 |          9 |          9 |       0 |    0 |    21 |      0 |      0 |    0 |          0 |
|     StreamingDataWidthConverter_rtl_35      |          GenericPartition_5_StreamingDataWidthConverter_rtl_35_0 |        138 |        138 |       0 |    0 |   151 |      0 |      0 |    0 |          0 |
|       inst                                  |                               StreamingDataWidthConverter_rtl_35 |        138 |        138 |       0 |    0 |   151 |      0 |      0 |    0 |          0 |
|         impl                                |                                     dwc_axi__parameterized10_128 |        138 |        138 |       0 |    0 |   151 |      0 |      0 |    0 |          0 |
|     StreamingDataWidthConverter_rtl_4       |           GenericPartition_5_StreamingDataWidthConverter_rtl_4_0 |         19 |         19 |       0 |    0 |    51 |      0 |      0 |    0 |          0 |
|       inst                                  |                                StreamingDataWidthConverter_rtl_4 |         19 |         19 |       0 |    0 |    51 |      0 |      0 |    0 |          0 |
|         impl                                |                                          dwc_axi__parameterized2 |         19 |         19 |       0 |    0 |    51 |      0 |      0 |    0 |          0 |
|     StreamingDataWidthConverter_rtl_5       |           GenericPartition_5_StreamingDataWidthConverter_rtl_5_0 |         38 |         38 |       0 |    0 |    46 |      0 |      0 |    0 |          0 |
|       inst                                  |                                StreamingDataWidthConverter_rtl_5 |         38 |         38 |       0 |    0 |    46 |      0 |      0 |    0 |          0 |
|         impl                                |                                          dwc_axi__parameterized3 |         38 |         38 |       0 |    0 |    46 |      0 |      0 |    0 |          0 |
|     StreamingDataWidthConverter_rtl_6       |           GenericPartition_5_StreamingDataWidthConverter_rtl_6_0 |         11 |         11 |       0 |    0 |    58 |      0 |      0 |    0 |          0 |
|       inst                                  |                                StreamingDataWidthConverter_rtl_6 |         11 |         11 |       0 |    0 |    58 |      0 |      0 |    0 |          0 |
|         impl                                |                                         dwc_axi__parameterized15 |         11 |         11 |       0 |    0 |    58 |      0 |      0 |    0 |          0 |
|     StreamingDataWidthConverter_rtl_7       |           GenericPartition_5_StreamingDataWidthConverter_rtl_7_0 |        135 |        135 |       0 |    0 |   151 |      0 |      0 |    0 |          0 |
|       inst                                  |                                StreamingDataWidthConverter_rtl_7 |        135 |        135 |       0 |    0 |   151 |      0 |      0 |    0 |          0 |
|         impl                                |                                         dwc_axi__parameterized10 |        135 |        135 |       0 |    0 |   151 |      0 |      0 |    0 |          0 |
|     StreamingDataWidthConverter_rtl_8       |           GenericPartition_5_StreamingDataWidthConverter_rtl_8_0 |          7 |          7 |       0 |    0 |    15 |      0 |      0 |    0 |          0 |
|       inst                                  |                                StreamingDataWidthConverter_rtl_8 |          7 |          7 |       0 |    0 |    15 |      0 |      0 |    0 |          0 |
|         impl                                |                                         dwc_axi__parameterized16 |          7 |          7 |       0 |    0 |    15 |      0 |      0 |    0 |          0 |
|     StreamingDataWidthConverter_rtl_9       |           GenericPartition_5_StreamingDataWidthConverter_rtl_9_0 |         55 |         55 |       0 |    0 |    66 |      0 |      0 |    0 |          0 |
|       inst                                  |                                StreamingDataWidthConverter_rtl_9 |         55 |         55 |       0 |    0 |    66 |      0 |      0 |    0 |          0 |
|         impl                                |                                          dwc_axi__parameterized7 |         55 |         55 |       0 |    0 |    66 |      0 |      0 |    0 |          0 |
|     StreamingFIFO_rtl_0                     |                         GenericPartition_5_StreamingFIFO_rtl_0_0 |         15 |         15 |       0 |    0 |    23 |      0 |      0 |    0 |          0 |
|       inst                                  |                                              StreamingFIFO_rtl_0 |         15 |         15 |       0 |    0 |    23 |      0 |      0 |    0 |          0 |
|         impl                                |                                                        Q_srl_127 |         15 |         15 |       0 |    0 |    23 |      0 |      0 |    0 |          0 |
|     StreamingFIFO_rtl_1                     |                         GenericPartition_5_StreamingFIFO_rtl_1_0 |         14 |         14 |       0 |    0 |    21 |      0 |      0 |    0 |          0 |
|       inst                                  |                                              StreamingFIFO_rtl_1 |         14 |         14 |       0 |    0 |    21 |      0 |      0 |    0 |          0 |
|         impl                                |                                        Q_srl__parameterized0_126 |         14 |         14 |       0 |    0 |    21 |      0 |      0 |    0 |          0 |
|     StreamingFIFO_rtl_10                    |                                  StreamingFIFO_rtl_10_imp_J19933 |         69 |         69 |       0 |    0 |    55 |      0 |      1 |    0 |          0 |
|       fifo                                  |                                        GenericPartition_5_fifo_1 |         69 |         69 |       0 |    0 |    55 |      0 |      1 |    0 |          0 |
|         inst                                |                             axis_data_fifo_v2_0_9_top__xdcDup__1 |         69 |         69 |       0 |    0 |    55 |      0 |      1 |    0 |          0 |
|     StreamingFIFO_rtl_11                    |                        GenericPartition_5_StreamingFIFO_rtl_11_0 |         11 |         11 |       0 |    0 |    17 |      0 |      0 |    0 |          0 |
|       inst                                  |                                             StreamingFIFO_rtl_11 |         11 |         11 |       0 |    0 |    17 |      0 |      0 |    0 |          0 |
|         impl                                |                                        Q_srl__parameterized0_119 |         11 |         11 |       0 |    0 |    17 |      0 |      0 |    0 |          0 |
|     StreamingFIFO_rtl_12                    |                        GenericPartition_5_StreamingFIFO_rtl_12_0 |         29 |         29 |       0 |    0 |    53 |      0 |      0 |    0 |          0 |
|       inst                                  |                                             StreamingFIFO_rtl_12 |         29 |         29 |       0 |    0 |    53 |      0 |      0 |    0 |          0 |
|         impl                                |                                        Q_srl__parameterized1_118 |         29 |         29 |       0 |    0 |    53 |      0 |      0 |    0 |          0 |
|     StreamingFIFO_rtl_13                    |                        GenericPartition_5_StreamingFIFO_rtl_13_0 |         21 |         21 |       0 |    0 |    37 |      0 |      0 |    0 |          0 |
|       inst                                  |                                             StreamingFIFO_rtl_13 |         21 |         21 |       0 |    0 |    37 |      0 |      0 |    0 |          0 |
|         impl                                |                                                        Q_srl_117 |         21 |         21 |       0 |    0 |    37 |      0 |      0 |    0 |          0 |
|     StreamingFIFO_rtl_14                    |                        GenericPartition_5_StreamingFIFO_rtl_14_0 |         37 |         37 |       0 |    0 |    69 |      0 |      0 |    0 |          0 |
|       inst                                  |                                             StreamingFIFO_rtl_14 |         37 |         37 |       0 |    0 |    69 |      0 |      0 |    0 |          0 |
|         impl                                |                                        Q_srl__parameterized2_116 |         37 |         37 |       0 |    0 |    69 |      0 |      0 |    0 |          0 |
|     StreamingFIFO_rtl_15                    |                        GenericPartition_5_StreamingFIFO_rtl_15_0 |         90 |         58 |       0 |   32 |    43 |      0 |      0 |    0 |          0 |
|       inst                                  |                                             StreamingFIFO_rtl_15 |         90 |         58 |       0 |   32 |    43 |      0 |      0 |    0 |          0 |
|         impl                                |                                        Q_srl__parameterized3_115 |         90 |         58 |       0 |   32 |    43 |      0 |      0 |    0 |          0 |
|     StreamingFIFO_rtl_16                    |                        GenericPartition_5_StreamingFIFO_rtl_16_0 |         57 |         41 |       0 |   16 |    17 |      0 |      0 |    0 |          0 |
|       inst                                  |                                             StreamingFIFO_rtl_16 |         57 |         41 |       0 |   16 |    17 |      0 |      0 |    0 |          0 |
|         impl                                |                                            Q_srl__parameterized4 |         57 |         41 |       0 |   16 |    17 |      0 |      0 |    0 |          0 |
|     StreamingFIFO_rtl_17                    |                        GenericPartition_5_StreamingFIFO_rtl_17_0 |          9 |          9 |       0 |    0 |    13 |      0 |      0 |    0 |          0 |
|       inst                                  |                                             StreamingFIFO_rtl_17 |          9 |          9 |       0 |    0 |    13 |      0 |      0 |    0 |          0 |
|         impl                                |                                        Q_srl__parameterized0_114 |          9 |          9 |       0 |    0 |    13 |      0 |      0 |    0 |          0 |
|     StreamingFIFO_rtl_18                    |                        GenericPartition_5_StreamingFIFO_rtl_18_0 |         53 |         53 |       0 |    0 |   101 |      0 |      0 |    0 |          0 |
|       inst                                  |                                             StreamingFIFO_rtl_18 |         53 |         53 |       0 |    0 |   101 |      0 |      0 |    0 |          0 |
|         impl                                |                                        Q_srl__parameterized5_113 |         53 |         53 |       0 |    0 |   101 |      0 |      0 |    0 |          0 |
|     StreamingFIFO_rtl_19                    |                        GenericPartition_5_StreamingFIFO_rtl_19_0 |         11 |         11 |       0 |    0 |    17 |      0 |      0 |    0 |          0 |
|       inst                                  |                                             StreamingFIFO_rtl_19 |         11 |         11 |       0 |    0 |    17 |      0 |      0 |    0 |          0 |
|         impl                                |                                        Q_srl__parameterized0_112 |         11 |         11 |       0 |    0 |    17 |      0 |      0 |    0 |          0 |
|     StreamingFIFO_rtl_2                     |                         GenericPartition_5_StreamingFIFO_rtl_2_0 |         11 |         11 |       0 |    0 |    17 |      0 |      0 |    0 |          0 |
|       inst                                  |                                              StreamingFIFO_rtl_2 |         11 |         11 |       0 |    0 |    17 |      0 |      0 |    0 |          0 |
|         impl                                |                                        Q_srl__parameterized0_111 |         11 |         11 |       0 |    0 |    17 |      0 |      0 |    0 |          0 |
|     StreamingFIFO_rtl_20                    |                        GenericPartition_5_StreamingFIFO_rtl_20_0 |        152 |         24 |       0 |  128 |   139 |      0 |      0 |    0 |          0 |
|       inst                                  |                                             StreamingFIFO_rtl_20 |        152 |         24 |       0 |  128 |   139 |      0 |      0 |    0 |          0 |
|         impl                                |                                        Q_srl__parameterized6_110 |        152 |         24 |       0 |  128 |   139 |      0 |      0 |    0 |          0 |
|     StreamingFIFO_rtl_21                    |                        GenericPartition_5_StreamingFIFO_rtl_21_0 |         14 |         14 |       0 |    0 |    21 |      0 |      0 |    0 |          0 |
|       inst                                  |                                             StreamingFIFO_rtl_21 |         14 |         14 |       0 |    0 |    21 |      0 |      0 |    0 |          0 |
|         impl                                |                                        Q_srl__parameterized0_109 |         14 |         14 |       0 |    0 |    21 |      0 |      0 |    0 |          0 |
|     StreamingFIFO_rtl_22                    |                        GenericPartition_5_StreamingFIFO_rtl_22_0 |         15 |         15 |       0 |    0 |    23 |      0 |      0 |    0 |          0 |
|       inst                                  |                                             StreamingFIFO_rtl_22 |         15 |         15 |       0 |    0 |    23 |      0 |      0 |    0 |          0 |
|         impl                                |                                                        Q_srl_108 |         15 |         15 |       0 |    0 |    23 |      0 |      0 |    0 |          0 |
|     StreamingFIFO_rtl_23                    |                        GenericPartition_5_StreamingFIFO_rtl_23_0 |         14 |         14 |       0 |    0 |    21 |      0 |      0 |    0 |          0 |
|       inst                                  |                                             StreamingFIFO_rtl_23 |         14 |         14 |       0 |    0 |    21 |      0 |      0 |    0 |          0 |
|         impl                                |                                        Q_srl__parameterized0_107 |         14 |         14 |       0 |    0 |    21 |      0 |      0 |    0 |          0 |
|     StreamingFIFO_rtl_24                    |                        GenericPartition_5_StreamingFIFO_rtl_24_0 |          9 |          9 |       0 |    0 |    13 |      0 |      0 |    0 |          0 |
|       inst                                  |                                             StreamingFIFO_rtl_24 |          9 |          9 |       0 |    0 |    13 |      0 |      0 |    0 |          0 |
|         impl                                |                                        Q_srl__parameterized0_106 |          9 |          9 |       0 |    0 |    13 |      0 |      0 |    0 |          0 |
|     StreamingFIFO_rtl_25                    |                        GenericPartition_5_StreamingFIFO_rtl_25_0 |         71 |         39 |       0 |   32 |    18 |      0 |      0 |    0 |          0 |
|       inst                                  |                                             StreamingFIFO_rtl_25 |         71 |         39 |       0 |   32 |    18 |      0 |      0 |    0 |          0 |
|         impl                                |                                            Q_srl__parameterized7 |         71 |         39 |       0 |   32 |    18 |      0 |      0 |    0 |          0 |
|     StreamingFIFO_rtl_26                    |                        GenericPartition_5_StreamingFIFO_rtl_26_0 |          9 |          9 |       0 |    0 |    13 |      0 |      0 |    0 |          0 |
|       inst                                  |                                             StreamingFIFO_rtl_26 |          9 |          9 |       0 |    0 |    13 |      0 |      0 |    0 |          0 |
|         impl                                |                                        Q_srl__parameterized0_105 |          9 |          9 |       0 |    0 |    13 |      0 |      0 |    0 |          0 |
|     StreamingFIFO_rtl_27                    |                        GenericPartition_5_StreamingFIFO_rtl_27_0 |         13 |         13 |       0 |    0 |    21 |      0 |      0 |    0 |          0 |
|       inst                                  |                                             StreamingFIFO_rtl_27 |         13 |         13 |       0 |    0 |    21 |      0 |      0 |    0 |          0 |
|         impl                                |                                        Q_srl__parameterized0_104 |         13 |         13 |       0 |    0 |    21 |      0 |      0 |    0 |          0 |
|     StreamingFIFO_rtl_28                    |                                 StreamingFIFO_rtl_28_imp_1QV5LKG |         78 |         78 |       0 |    0 |    63 |      0 |      1 |    0 |          0 |
|       fifo                                  |                                        GenericPartition_5_fifo_2 |         78 |         78 |       0 |    0 |    63 |      0 |      1 |    0 |          0 |
|         inst                                |             axis_data_fifo_v2_0_9_top__parameterized0__xdcDup__1 |         78 |         78 |       0 |    0 |    63 |      0 |      1 |    0 |          0 |
|     StreamingFIFO_rtl_29                    |                        GenericPartition_5_StreamingFIFO_rtl_29_0 |         53 |         53 |       0 |    0 |   101 |      0 |      0 |    0 |          0 |
|       inst                                  |                                             StreamingFIFO_rtl_29 |         53 |         53 |       0 |    0 |   101 |      0 |      0 |    0 |          0 |
|         impl                                |                                         Q_srl__parameterized5_97 |         53 |         53 |       0 |    0 |   101 |      0 |      0 |    0 |          0 |
|     StreamingFIFO_rtl_3                     |                         GenericPartition_5_StreamingFIFO_rtl_3_0 |         12 |         12 |       0 |    0 |    17 |      0 |      0 |    0 |          0 |
|       inst                                  |                                              StreamingFIFO_rtl_3 |         12 |         12 |       0 |    0 |    17 |      0 |      0 |    0 |          0 |
|         impl                                |                                         Q_srl__parameterized0_96 |         12 |         12 |       0 |    0 |    17 |      0 |      0 |    0 |          0 |
|     StreamingFIFO_rtl_30                    |                        GenericPartition_5_StreamingFIFO_rtl_30_0 |        276 |         84 |       0 |  192 |    64 |      0 |      0 |    0 |          0 |
|       inst                                  |                                             StreamingFIFO_rtl_30 |        276 |         84 |       0 |  192 |    64 |      0 |      0 |    0 |          0 |
|         impl                                |                                            Q_srl__parameterized8 |        276 |         84 |       0 |  192 |    64 |      0 |      0 |    0 |          0 |
|     StreamingFIFO_rtl_31                    |                                  StreamingFIFO_rtl_31_imp_OW4C17 |         72 |         72 |       0 |    0 |    59 |      0 |      1 |    0 |          0 |
|       fifo                                  |                                        GenericPartition_5_fifo_3 |         72 |         72 |       0 |    0 |    59 |      0 |      1 |    0 |          0 |
|         inst                                |             axis_data_fifo_v2_0_9_top__parameterized1__xdcDup__1 |         72 |         72 |       0 |    0 |    59 |      0 |      1 |    0 |          0 |
|     StreamingFIFO_rtl_32                    |                        GenericPartition_5_StreamingFIFO_rtl_32_0 |         11 |         11 |       0 |    0 |    17 |      0 |      0 |    0 |          0 |
|       inst                                  |                                             StreamingFIFO_rtl_32 |         11 |         11 |       0 |    0 |    17 |      0 |      0 |    0 |          0 |
|         impl                                |                                         Q_srl__parameterized0_89 |         11 |         11 |       0 |    0 |    17 |      0 |      0 |    0 |          0 |
|     StreamingFIFO_rtl_33                    |                        GenericPartition_5_StreamingFIFO_rtl_33_0 |         29 |         29 |       0 |    0 |    53 |      0 |      0 |    0 |          0 |
|       inst                                  |                                             StreamingFIFO_rtl_33 |         29 |         29 |       0 |    0 |    53 |      0 |      0 |    0 |          0 |
|         impl                                |                                         Q_srl__parameterized1_88 |         29 |         29 |       0 |    0 |    53 |      0 |      0 |    0 |          0 |
|     StreamingFIFO_rtl_34                    |                        GenericPartition_5_StreamingFIFO_rtl_34_0 |         21 |         21 |       0 |    0 |    37 |      0 |      0 |    0 |          0 |
|       inst                                  |                                             StreamingFIFO_rtl_34 |         21 |         21 |       0 |    0 |    37 |      0 |      0 |    0 |          0 |
|         impl                                |                                                         Q_srl_87 |         21 |         21 |       0 |    0 |    37 |      0 |      0 |    0 |          0 |
|     StreamingFIFO_rtl_35                    |                        GenericPartition_5_StreamingFIFO_rtl_35_0 |         37 |         37 |       0 |    0 |    69 |      0 |      0 |    0 |          0 |
|       inst                                  |                                             StreamingFIFO_rtl_35 |         37 |         37 |       0 |    0 |    69 |      0 |      0 |    0 |          0 |
|         impl                                |                                         Q_srl__parameterized2_86 |         37 |         37 |       0 |    0 |    69 |      0 |      0 |    0 |          0 |
|     StreamingFIFO_rtl_36                    |                        GenericPartition_5_StreamingFIFO_rtl_36_0 |         90 |         58 |       0 |   32 |    43 |      0 |      0 |    0 |          0 |
|       inst                                  |                                             StreamingFIFO_rtl_36 |         90 |         58 |       0 |   32 |    43 |      0 |      0 |    0 |          0 |
|         impl                                |                                            Q_srl__parameterized3 |         90 |         58 |       0 |   32 |    43 |      0 |      0 |    0 |          0 |
|     StreamingFIFO_rtl_37                    |                                 StreamingFIFO_rtl_37_imp_1IHY6M0 |         67 |         67 |       0 |    0 |    55 |      0 |      1 |    0 |          0 |
|       fifo                                  |                                        GenericPartition_5_fifo_4 |         67 |         67 |       0 |    0 |    55 |      0 |      1 |    0 |          0 |
|         inst                                |                                        axis_data_fifo_v2_0_9_top |         67 |         67 |       0 |    0 |    55 |      0 |      1 |    0 |          0 |
|     StreamingFIFO_rtl_38                    |                        GenericPartition_5_StreamingFIFO_rtl_38_0 |          9 |          9 |       0 |    0 |    13 |      0 |      0 |    0 |          0 |
|       inst                                  |                                             StreamingFIFO_rtl_38 |          9 |          9 |       0 |    0 |    13 |      0 |      0 |    0 |          0 |
|         impl                                |                                         Q_srl__parameterized0_81 |          9 |          9 |       0 |    0 |    13 |      0 |      0 |    0 |          0 |
|     StreamingFIFO_rtl_39                    |                        GenericPartition_5_StreamingFIFO_rtl_39_0 |         21 |         21 |       0 |    0 |    37 |      0 |      0 |    0 |          0 |
|       inst                                  |                                             StreamingFIFO_rtl_39 |         21 |         21 |       0 |    0 |    37 |      0 |      0 |    0 |          0 |
|         impl                                |                                                         Q_srl_80 |         21 |         21 |       0 |    0 |    37 |      0 |      0 |    0 |          0 |
|     StreamingFIFO_rtl_4                     |                         GenericPartition_5_StreamingFIFO_rtl_4_0 |         11 |         11 |       0 |    0 |    17 |      0 |      0 |    0 |          0 |
|       inst                                  |                                              StreamingFIFO_rtl_4 |         11 |         11 |       0 |    0 |    17 |      0 |      0 |    0 |          0 |
|         impl                                |                                         Q_srl__parameterized0_79 |         11 |         11 |       0 |    0 |    17 |      0 |      0 |    0 |          0 |
|     StreamingFIFO_rtl_40                    |                        GenericPartition_5_StreamingFIFO_rtl_40_0 |         21 |         21 |       0 |    0 |    37 |      0 |      0 |    0 |          0 |
|       inst                                  |                                             StreamingFIFO_rtl_40 |         21 |         21 |       0 |    0 |    37 |      0 |      0 |    0 |          0 |
|         impl                                |                                                         Q_srl_78 |         21 |         21 |       0 |    0 |    37 |      0 |      0 |    0 |          0 |
|     StreamingFIFO_rtl_41                    |                        GenericPartition_5_StreamingFIFO_rtl_41_0 |         37 |         37 |       0 |    0 |    69 |      0 |      0 |    0 |          0 |
|       inst                                  |                                             StreamingFIFO_rtl_41 |         37 |         37 |       0 |    0 |    69 |      0 |      0 |    0 |          0 |
|         impl                                |                                         Q_srl__parameterized2_77 |         37 |         37 |       0 |    0 |    69 |      0 |      0 |    0 |          0 |
|     StreamingFIFO_rtl_42                    |                        GenericPartition_5_StreamingFIFO_rtl_42_0 |         77 |         45 |       0 |   32 |    28 |      0 |      0 |    0 |          0 |
|       inst                                  |                                             StreamingFIFO_rtl_42 |         77 |         45 |       0 |   32 |    28 |      0 |      0 |    0 |          0 |
|         impl                                |                                            Q_srl__parameterized9 |         77 |         45 |       0 |   32 |    28 |      0 |      0 |    0 |          0 |
|     StreamingFIFO_rtl_43                    |                        GenericPartition_5_StreamingFIFO_rtl_43_0 |         13 |         13 |       0 |    0 |    21 |      0 |      0 |    0 |          0 |
|       inst                                  |                                             StreamingFIFO_rtl_43 |         13 |         13 |       0 |    0 |    21 |      0 |      0 |    0 |          0 |
|         impl                                |                                         Q_srl__parameterized0_76 |         13 |         13 |       0 |    0 |    21 |      0 |      0 |    0 |          0 |
|     StreamingFIFO_rtl_44                    |                        GenericPartition_5_StreamingFIFO_rtl_44_0 |         15 |         15 |       0 |    0 |    23 |      0 |      0 |    0 |          0 |
|       inst                                  |                                             StreamingFIFO_rtl_44 |         15 |         15 |       0 |    0 |    23 |      0 |      0 |    0 |          0 |
|         impl                                |                                                         Q_srl_75 |         15 |         15 |       0 |    0 |    23 |      0 |      0 |    0 |          0 |
|     StreamingFIFO_rtl_45                    |                        GenericPartition_5_StreamingFIFO_rtl_45_0 |         14 |         14 |       0 |    0 |    21 |      0 |      0 |    0 |          0 |
|       inst                                  |                                             StreamingFIFO_rtl_45 |         14 |         14 |       0 |    0 |    21 |      0 |      0 |    0 |          0 |
|         impl                                |                                         Q_srl__parameterized0_74 |         14 |         14 |       0 |    0 |    21 |      0 |      0 |    0 |          0 |
|     StreamingFIFO_rtl_46                    |                        GenericPartition_5_StreamingFIFO_rtl_46_0 |         11 |         11 |       0 |    0 |    17 |      0 |      0 |    0 |          0 |
|       inst                                  |                                             StreamingFIFO_rtl_46 |         11 |         11 |       0 |    0 |    17 |      0 |      0 |    0 |          0 |
|         impl                                |                                         Q_srl__parameterized0_73 |         11 |         11 |       0 |    0 |    17 |      0 |      0 |    0 |          0 |
|     StreamingFIFO_rtl_47                    |                                  StreamingFIFO_rtl_47_imp_ABDWFF |         70 |         70 |       0 |    0 |    59 |      0 |      1 |    0 |          0 |
|       fifo                                  |                                        GenericPartition_5_fifo_5 |         70 |         70 |       0 |    0 |    59 |      0 |      1 |    0 |          0 |
|         inst                                |             axis_data_fifo_v2_0_9_top__parameterized1__xdcDup__2 |         70 |         70 |       0 |    0 |    59 |      0 |      1 |    0 |          0 |
|     StreamingFIFO_rtl_48                    |                        GenericPartition_5_StreamingFIFO_rtl_48_0 |         11 |         11 |       0 |    0 |    17 |      0 |      0 |    0 |          0 |
|       inst                                  |                                             StreamingFIFO_rtl_48 |         11 |         11 |       0 |    0 |    17 |      0 |      0 |    0 |          0 |
|         impl                                |                                         Q_srl__parameterized0_66 |         11 |         11 |       0 |    0 |    17 |      0 |      0 |    0 |          0 |
|     StreamingFIFO_rtl_49                    |                        GenericPartition_5_StreamingFIFO_rtl_49_0 |         17 |         17 |       0 |    0 |    29 |      0 |      0 |    0 |          0 |
|       inst                                  |                                             StreamingFIFO_rtl_49 |         17 |         17 |       0 |    0 |    29 |      0 |      0 |    0 |          0 |
|         impl                                |                                                         Q_srl_65 |         17 |         17 |       0 |    0 |    29 |      0 |      0 |    0 |          0 |
|     StreamingFIFO_rtl_5                     |                         GenericPartition_5_StreamingFIFO_rtl_5_0 |         53 |         53 |       0 |    0 |   101 |      0 |      0 |    0 |          0 |
|       inst                                  |                                              StreamingFIFO_rtl_5 |         53 |         53 |       0 |    0 |   101 |      0 |      0 |    0 |          0 |
|         impl                                |                                         Q_srl__parameterized5_64 |         53 |         53 |       0 |    0 |   101 |      0 |      0 |    0 |          0 |
|     StreamingFIFO_rtl_50                    |                                  StreamingFIFO_rtl_50_imp_2WJUCM |         79 |         79 |       0 |    0 |    63 |      0 |      1 |    0 |          0 |
|       fifo                                  |                                        GenericPartition_5_fifo_6 |         79 |         79 |       0 |    0 |    63 |      0 |      1 |    0 |          0 |
|         inst                                |             axis_data_fifo_v2_0_9_top__parameterized0__xdcDup__2 |         79 |         79 |       0 |    0 |    63 |      0 |      1 |    0 |          0 |
|     StreamingFIFO_rtl_51                    |                        GenericPartition_5_StreamingFIFO_rtl_51_0 |         37 |         37 |       0 |    0 |    69 |      0 |      0 |    0 |          0 |
|       inst                                  |                                             StreamingFIFO_rtl_51 |         37 |         37 |       0 |    0 |    69 |      0 |      0 |    0 |          0 |
|         impl                                |                                         Q_srl__parameterized2_57 |         37 |         37 |       0 |    0 |    69 |      0 |      0 |    0 |          0 |
|     StreamingFIFO_rtl_52                    |                        GenericPartition_5_StreamingFIFO_rtl_52_0 |        327 |         71 |       0 |  256 |    52 |      0 |      0 |    0 |          0 |
|       inst                                  |                                             StreamingFIFO_rtl_52 |        327 |         71 |       0 |  256 |    52 |      0 |      0 |    0 |          0 |
|         impl                                |                                           Q_srl__parameterized10 |        327 |         71 |       0 |  256 |    52 |      0 |      0 |    0 |          0 |
|     StreamingFIFO_rtl_53                    |                                 StreamingFIFO_rtl_53_imp_1AXDTCF |         79 |         79 |       0 |    0 |    63 |      0 |      1 |    0 |          0 |
|       fifo                                  |                                        GenericPartition_5_fifo_7 |         79 |         79 |       0 |    0 |    63 |      0 |      1 |    0 |          0 |
|         inst                                |             axis_data_fifo_v2_0_9_top__parameterized0__xdcDup__3 |         79 |         79 |       0 |    0 |    63 |      0 |      1 |    0 |          0 |
|     StreamingFIFO_rtl_54                    |                        GenericPartition_5_StreamingFIFO_rtl_54_0 |          9 |          9 |       0 |    0 |    13 |      0 |      0 |    0 |          0 |
|       inst                                  |                                             StreamingFIFO_rtl_54 |          9 |          9 |       0 |    0 |    13 |      0 |      0 |    0 |          0 |
|         impl                                |                                         Q_srl__parameterized0_50 |          9 |          9 |       0 |    0 |    13 |      0 |      0 |    0 |          0 |
|     StreamingFIFO_rtl_55                    |                        GenericPartition_5_StreamingFIFO_rtl_55_0 |         21 |         21 |       0 |    0 |    37 |      0 |      0 |    0 |          0 |
|       inst                                  |                                             StreamingFIFO_rtl_55 |         21 |         21 |       0 |    0 |    37 |      0 |      0 |    0 |          0 |
|         impl                                |                                                         Q_srl_49 |         21 |         21 |       0 |    0 |    37 |      0 |      0 |    0 |          0 |
|     StreamingFIFO_rtl_56                    |                        GenericPartition_5_StreamingFIFO_rtl_56_0 |         21 |         21 |       0 |    0 |    37 |      0 |      0 |    0 |          0 |
|       inst                                  |                                             StreamingFIFO_rtl_56 |         21 |         21 |       0 |    0 |    37 |      0 |      0 |    0 |          0 |
|         impl                                |                                                         Q_srl_48 |         21 |         21 |       0 |    0 |    37 |      0 |      0 |    0 |          0 |
|     StreamingFIFO_rtl_57                    |                        GenericPartition_5_StreamingFIFO_rtl_57_0 |         37 |         37 |       0 |    0 |    69 |      0 |      0 |    0 |          0 |
|       inst                                  |                                             StreamingFIFO_rtl_57 |         37 |         37 |       0 |    0 |    69 |      0 |      0 |    0 |          0 |
|         impl                                |                                         Q_srl__parameterized2_47 |         37 |         37 |       0 |    0 |    69 |      0 |      0 |    0 |          0 |
|     StreamingFIFO_rtl_58                    |                        GenericPartition_5_StreamingFIFO_rtl_58_0 |        259 |         99 |       0 |  160 |    46 |      0 |      0 |    0 |          0 |
|       inst                                  |                                             StreamingFIFO_rtl_58 |        259 |         99 |       0 |  160 |    46 |      0 |      0 |    0 |          0 |
|         impl                                |                                           Q_srl__parameterized11 |        259 |         99 |       0 |  160 |    46 |      0 |      0 |    0 |          0 |
|     StreamingFIFO_rtl_59                    |                                 StreamingFIFO_rtl_59_imp_1MVN2YJ |         71 |         71 |       0 |    0 |    59 |      0 |      1 |    0 |          0 |
|       fifo                                  |                                        GenericPartition_5_fifo_8 |         71 |         71 |       0 |    0 |    59 |      0 |      1 |    0 |          0 |
|         inst                                |                        axis_data_fifo_v2_0_9_top__parameterized1 |         71 |         71 |       0 |    0 |    59 |      0 |      1 |    0 |          0 |
|     StreamingFIFO_rtl_6                     |                                   StreamingFIFO_rtl_6_imp_GQLEOT |         78 |         78 |       0 |    0 |    63 |      0 |      1 |    0 |          0 |
|       fifo                                  |                                        GenericPartition_5_fifo_0 |         78 |         78 |       0 |    0 |    63 |      0 |      1 |    0 |          0 |
|         inst                                |                        axis_data_fifo_v2_0_9_top__parameterized0 |         78 |         78 |       0 |    0 |    63 |      0 |      1 |    0 |          0 |
|     StreamingFIFO_rtl_60                    |                        GenericPartition_5_StreamingFIFO_rtl_60_0 |          9 |          9 |       0 |    0 |    13 |      0 |      0 |    0 |          0 |
|       inst                                  |                                             StreamingFIFO_rtl_60 |          9 |          9 |       0 |    0 |    13 |      0 |      0 |    0 |          0 |
|         impl                                |                                         Q_srl__parameterized0_38 |          9 |          9 |       0 |    0 |    13 |      0 |      0 |    0 |          0 |
|     StreamingFIFO_rtl_61                    |                        GenericPartition_5_StreamingFIFO_rtl_61_0 |         37 |         37 |       0 |    0 |    69 |      0 |      0 |    0 |          0 |
|       inst                                  |                                             StreamingFIFO_rtl_61 |         37 |         37 |       0 |    0 |    69 |      0 |      0 |    0 |          0 |
|         impl                                |                                         Q_srl__parameterized2_37 |         37 |         37 |       0 |    0 |    69 |      0 |      0 |    0 |          0 |
|     StreamingFIFO_rtl_62                    |                        GenericPartition_5_StreamingFIFO_rtl_62_0 |         13 |         13 |       0 |    0 |    21 |      0 |      0 |    0 |          0 |
|       inst                                  |                                             StreamingFIFO_rtl_62 |         13 |         13 |       0 |    0 |    21 |      0 |      0 |    0 |          0 |
|         impl                                |                                         Q_srl__parameterized0_36 |         13 |         13 |       0 |    0 |    21 |      0 |      0 |    0 |          0 |
|     StreamingFIFO_rtl_63                    |                        GenericPartition_5_StreamingFIFO_rtl_63_0 |          9 |          9 |       0 |    0 |    13 |      0 |      0 |    0 |          0 |
|       inst                                  |                                             StreamingFIFO_rtl_63 |          9 |          9 |       0 |    0 |    13 |      0 |      0 |    0 |          0 |
|         impl                                |                                         Q_srl__parameterized0_35 |          9 |          9 |       0 |    0 |    13 |      0 |      0 |    0 |          0 |
|     StreamingFIFO_rtl_64                    |                        GenericPartition_5_StreamingFIFO_rtl_64_0 |        152 |         24 |       0 |  128 |   139 |      0 |      0 |    0 |          0 |
|       inst                                  |                                             StreamingFIFO_rtl_64 |        152 |         24 |       0 |  128 |   139 |      0 |      0 |    0 |          0 |
|         impl                                |                                            Q_srl__parameterized6 |        152 |         24 |       0 |  128 |   139 |      0 |      0 |    0 |          0 |
|     StreamingFIFO_rtl_65                    |                        GenericPartition_5_StreamingFIFO_rtl_65_0 |         14 |         14 |       0 |    0 |    21 |      0 |      0 |    0 |          0 |
|       inst                                  |                                             StreamingFIFO_rtl_65 |         14 |         14 |       0 |    0 |    21 |      0 |      0 |    0 |          0 |
|         impl                                |                                         Q_srl__parameterized0_34 |         14 |         14 |       0 |    0 |    21 |      0 |      0 |    0 |          0 |
|     StreamingFIFO_rtl_66                    |                        GenericPartition_5_StreamingFIFO_rtl_66_0 |         15 |         15 |       0 |    0 |    23 |      0 |      0 |    0 |          0 |
|       inst                                  |                                             StreamingFIFO_rtl_66 |         15 |         15 |       0 |    0 |    23 |      0 |      0 |    0 |          0 |
|         impl                                |                                                         Q_srl_33 |         15 |         15 |       0 |    0 |    23 |      0 |      0 |    0 |          0 |
|     StreamingFIFO_rtl_67                    |                        GenericPartition_5_StreamingFIFO_rtl_67_0 |         14 |         14 |       0 |    0 |    21 |      0 |      0 |    0 |          0 |
|       inst                                  |                                             StreamingFIFO_rtl_67 |         14 |         14 |       0 |    0 |    21 |      0 |      0 |    0 |          0 |
|         impl                                |                                         Q_srl__parameterized0_32 |         14 |         14 |       0 |    0 |    21 |      0 |      0 |    0 |          0 |
|     StreamingFIFO_rtl_68                    |                        GenericPartition_5_StreamingFIFO_rtl_68_0 |         11 |         11 |       0 |    0 |    17 |      0 |      0 |    0 |          0 |
|       inst                                  |                                             StreamingFIFO_rtl_68 |         11 |         11 |       0 |    0 |    17 |      0 |      0 |    0 |          0 |
|         impl                                |                                         Q_srl__parameterized0_31 |         11 |         11 |       0 |    0 |    17 |      0 |      0 |    0 |          0 |
|     StreamingFIFO_rtl_69                    |                        GenericPartition_5_StreamingFIFO_rtl_69_0 |         11 |         11 |       0 |    0 |    17 |      0 |      0 |    0 |          0 |
|       inst                                  |                                             StreamingFIFO_rtl_69 |         11 |         11 |       0 |    0 |    17 |      0 |      0 |    0 |          0 |
|         impl                                |                                         Q_srl__parameterized0_30 |         11 |         11 |       0 |    0 |    17 |      0 |      0 |    0 |          0 |
|     StreamingFIFO_rtl_7                     |                         GenericPartition_5_StreamingFIFO_rtl_7_0 |         17 |         17 |       0 |    0 |    29 |      0 |      0 |    0 |          0 |
|       inst                                  |                                              StreamingFIFO_rtl_7 |         17 |         17 |       0 |    0 |    29 |      0 |      0 |    0 |          0 |
|         impl                                |                                                         Q_srl_29 |         17 |         17 |       0 |    0 |    29 |      0 |      0 |    0 |          0 |
|     StreamingFIFO_rtl_70                    |                        GenericPartition_5_StreamingFIFO_rtl_70_0 |         11 |         11 |       0 |    0 |    17 |      0 |      0 |    0 |          0 |
|       inst                                  |                                             StreamingFIFO_rtl_70 |         11 |         11 |       0 |    0 |    17 |      0 |      0 |    0 |          0 |
|         impl                                |                                         Q_srl__parameterized0_28 |         11 |         11 |       0 |    0 |    17 |      0 |      0 |    0 |          0 |
|     StreamingFIFO_rtl_71                    |                        GenericPartition_5_StreamingFIFO_rtl_71_0 |         54 |         54 |       0 |    0 |   101 |      0 |      0 |    0 |          0 |
|       inst                                  |                                             StreamingFIFO_rtl_71 |         54 |         54 |       0 |    0 |   101 |      0 |      0 |    0 |          0 |
|         impl                                |                                         Q_srl__parameterized5_27 |         54 |         54 |       0 |    0 |   101 |      0 |      0 |    0 |          0 |
|     StreamingFIFO_rtl_72                    |                        GenericPartition_5_StreamingFIFO_rtl_72_0 |         53 |         53 |       0 |    0 |   101 |      0 |      0 |    0 |          0 |
|       inst                                  |                                             StreamingFIFO_rtl_72 |         53 |         53 |       0 |    0 |   101 |      0 |      0 |    0 |          0 |
|         impl                                |                                         Q_srl__parameterized5_26 |         53 |         53 |       0 |    0 |   101 |      0 |      0 |    0 |          0 |
|     StreamingFIFO_rtl_73                    |                        GenericPartition_5_StreamingFIFO_rtl_73_0 |         29 |         29 |       0 |    0 |    53 |      0 |      0 |    0 |          0 |
|       inst                                  |                                             StreamingFIFO_rtl_73 |         29 |         29 |       0 |    0 |    53 |      0 |      0 |    0 |          0 |
|         impl                                |                                            Q_srl__parameterized1 |         29 |         29 |       0 |    0 |    53 |      0 |      0 |    0 |          0 |
|     StreamingFIFO_rtl_74                    |                        GenericPartition_5_StreamingFIFO_rtl_74_0 |         39 |         39 |       0 |    0 |    69 |      0 |      0 |    0 |          0 |
|       inst                                  |                                             StreamingFIFO_rtl_74 |         39 |         39 |       0 |    0 |    69 |      0 |      0 |    0 |          0 |
|         impl                                |                                         Q_srl__parameterized2_25 |         39 |         39 |       0 |    0 |    69 |      0 |      0 |    0 |          0 |
|     StreamingFIFO_rtl_75                    |                        GenericPartition_5_StreamingFIFO_rtl_75_0 |        101 |        101 |       0 |    0 |   197 |      0 |      0 |    0 |          0 |
|       inst                                  |                                             StreamingFIFO_rtl_75 |        101 |        101 |       0 |    0 |   197 |      0 |      0 |    0 |          0 |
|         impl                                |                                           Q_srl__parameterized12 |        101 |        101 |       0 |    0 |   197 |      0 |      0 |    0 |          0 |
|     StreamingFIFO_rtl_76                    |                        GenericPartition_5_StreamingFIFO_rtl_76_0 |          9 |          9 |       0 |    0 |    13 |      0 |      0 |    0 |          0 |
|       inst                                  |                                             StreamingFIFO_rtl_76 |          9 |          9 |       0 |    0 |    13 |      0 |      0 |    0 |          0 |
|         impl                                |                                         Q_srl__parameterized0_24 |          9 |          9 |       0 |    0 |    13 |      0 |      0 |    0 |          0 |
|     StreamingFIFO_rtl_77                    |                        GenericPartition_5_StreamingFIFO_rtl_77_0 |        120 |         24 |       0 |   96 |   107 |      0 |      0 |    0 |          0 |
|       inst                                  |                                             StreamingFIFO_rtl_77 |        120 |         24 |       0 |   96 |   107 |      0 |      0 |    0 |          0 |
|         impl                                |                                           Q_srl__parameterized13 |        120 |         24 |       0 |   96 |   107 |      0 |      0 |    0 |          0 |
|     StreamingFIFO_rtl_78                    |                        GenericPartition_5_StreamingFIFO_rtl_78_0 |         10 |         10 |       0 |    0 |    13 |      0 |      0 |    0 |          0 |
|       inst                                  |                                             StreamingFIFO_rtl_78 |         10 |         10 |       0 |    0 |    13 |      0 |      0 |    0 |          0 |
|         impl                                |                                         Q_srl__parameterized0_23 |         10 |         10 |       0 |    0 |    13 |      0 |      0 |    0 |          0 |
|     StreamingFIFO_rtl_79                    |                        GenericPartition_5_StreamingFIFO_rtl_79_0 |         38 |         38 |       0 |    0 |    69 |      0 |      0 |    0 |          0 |
|       inst                                  |                                             StreamingFIFO_rtl_79 |         38 |         38 |       0 |    0 |    69 |      0 |      0 |    0 |          0 |
|         impl                                |                                            Q_srl__parameterized2 |         38 |         38 |       0 |    0 |    69 |      0 |      0 |    0 |          0 |
|     StreamingFIFO_rtl_8                     |                         GenericPartition_5_StreamingFIFO_rtl_8_0 |         53 |         53 |       0 |    0 |   101 |      0 |      0 |    0 |          0 |
|       inst                                  |                                              StreamingFIFO_rtl_8 |         53 |         53 |       0 |    0 |   101 |      0 |      0 |    0 |          0 |
|         impl                                |                                            Q_srl__parameterized5 |         53 |         53 |       0 |    0 |   101 |      0 |      0 |    0 |          0 |
|     StreamingFIFO_rtl_80                    |                        GenericPartition_5_StreamingFIFO_rtl_80_0 |        903 |        135 |       0 |  768 |   110 |      0 |      0 |    0 |          0 |
|       inst                                  |                                             StreamingFIFO_rtl_80 |        903 |        135 |       0 |  768 |   110 |      0 |      0 |    0 |          0 |
|         impl                                |                                           Q_srl__parameterized14 |        903 |        135 |       0 |  768 |   110 |      0 |      0 |    0 |          0 |
|     StreamingFIFO_rtl_81                    |                        GenericPartition_5_StreamingFIFO_rtl_81_0 |        126 |         62 |       0 |   64 |    44 |      0 |      0 |    0 |          0 |
|       inst                                  |                                             StreamingFIFO_rtl_81 |        126 |         62 |       0 |   64 |    44 |      0 |      0 |    0 |          0 |
|         impl                                |                                           Q_srl__parameterized15 |        126 |         62 |       0 |   64 |    44 |      0 |      0 |    0 |          0 |
|     StreamingFIFO_rtl_82                    |                                 StreamingFIFO_rtl_82_imp_1JNGMD6 |         93 |         93 |       0 |    0 |    71 |      2 |      0 |    0 |          0 |
|       fifo                                  |                                        GenericPartition_5_fifo_9 |         93 |         93 |       0 |    0 |    71 |      2 |      0 |    0 |          0 |
|         inst                                |                        axis_data_fifo_v2_0_9_top__parameterized2 |         93 |         93 |       0 |    0 |    71 |      2 |      0 |    0 |          0 |
|     StreamingFIFO_rtl_83                    |                                  StreamingFIFO_rtl_83_imp_8Q0S4I |         82 |         82 |       0 |    0 |    67 |      1 |      0 |    0 |          0 |
|       fifo                                  |                                       GenericPartition_5_fifo_10 |         82 |         82 |       0 |    0 |    67 |      1 |      0 |    0 |          0 |
|         inst                                |             axis_data_fifo_v2_0_9_top__parameterized3__xdcDup__1 |         82 |         82 |       0 |    0 |    67 |      1 |      0 |    0 |          0 |
|     StreamingFIFO_rtl_84                    |                        GenericPartition_5_StreamingFIFO_rtl_84_0 |         11 |         11 |       0 |    0 |    17 |      0 |      0 |    0 |          0 |
|       inst                                  |                                             StreamingFIFO_rtl_84 |         11 |         11 |       0 |    0 |    17 |      0 |      0 |    0 |          0 |
|         impl                                |                                         Q_srl__parameterized0_12 |         11 |         11 |       0 |    0 |    17 |      0 |      0 |    0 |          0 |
|     StreamingFIFO_rtl_85                    |                        GenericPartition_5_StreamingFIFO_rtl_85_0 |          9 |          9 |       0 |    0 |    13 |      0 |      0 |    0 |          0 |
|       inst                                  |                                             StreamingFIFO_rtl_85 |          9 |          9 |       0 |    0 |    13 |      0 |      0 |    0 |          0 |
|         impl                                |                                         Q_srl__parameterized0_11 |          9 |          9 |       0 |    0 |    13 |      0 |      0 |    0 |          0 |
|     StreamingFIFO_rtl_86                    |                        GenericPartition_5_StreamingFIFO_rtl_86_0 |         41 |         41 |       0 |    0 |    77 |      0 |      0 |    0 |          0 |
|       inst                                  |                                             StreamingFIFO_rtl_86 |         41 |         41 |       0 |    0 |    77 |      0 |      0 |    0 |          0 |
|         impl                                |                                           Q_srl__parameterized16 |         41 |         41 |       0 |    0 |    77 |      0 |      0 |    0 |          0 |
|     StreamingFIFO_rtl_87                    |                        GenericPartition_5_StreamingFIFO_rtl_87_0 |        133 |        133 |       0 |    0 |   261 |      0 |      0 |    0 |          0 |
|       inst                                  |                                             StreamingFIFO_rtl_87 |        133 |        133 |       0 |    0 |   261 |      0 |      0 |    0 |          0 |
|         impl                                |                                           Q_srl__parameterized17 |        133 |        133 |       0 |    0 |   261 |      0 |      0 |    0 |          0 |
|     StreamingFIFO_rtl_88                    |                        GenericPartition_5_StreamingFIFO_rtl_88_0 |         21 |         21 |       0 |    0 |    37 |      0 |      0 |    0 |          0 |
|       inst                                  |                                             StreamingFIFO_rtl_88 |         21 |         21 |       0 |    0 |    37 |      0 |      0 |    0 |          0 |
|         impl                                |                                                         Q_srl_10 |         21 |         21 |       0 |    0 |    37 |      0 |      0 |    0 |          0 |
|     StreamingFIFO_rtl_89                    |                        GenericPartition_5_StreamingFIFO_rtl_89_0 |         13 |         13 |       0 |    0 |    21 |      0 |      0 |    0 |          0 |
|       inst                                  |                                             StreamingFIFO_rtl_89 |         13 |         13 |       0 |    0 |    21 |      0 |      0 |    0 |          0 |
|         impl                                |                                          Q_srl__parameterized0_9 |         13 |         13 |       0 |    0 |    21 |      0 |      0 |    0 |          0 |
|     StreamingFIFO_rtl_9                     |                         GenericPartition_5_StreamingFIFO_rtl_9_0 |        171 |         75 |       0 |   96 |    60 |      0 |      0 |    0 |          0 |
|       inst                                  |                                              StreamingFIFO_rtl_9 |        171 |         75 |       0 |   96 |    60 |      0 |      0 |    0 |          0 |
|         impl                                |                                           Q_srl__parameterized18 |        171 |         75 |       0 |   96 |    60 |      0 |      0 |    0 |          0 |
|     StreamingFIFO_rtl_90                    |                        GenericPartition_5_StreamingFIFO_rtl_90_0 |         11 |         11 |       0 |    0 |    17 |      0 |      0 |    0 |          0 |
|       inst                                  |                                             StreamingFIFO_rtl_90 |         11 |         11 |       0 |    0 |    17 |      0 |      0 |    0 |          0 |
|         impl                                |                                            Q_srl__parameterized0 |         11 |         11 |       0 |    0 |    17 |      0 |      0 |    0 |          0 |
|     StreamingFIFO_rtl_91                    |                        GenericPartition_5_StreamingFIFO_rtl_91_0 |         17 |         17 |       0 |    0 |    29 |      0 |      0 |    0 |          0 |
|       inst                                  |                                             StreamingFIFO_rtl_91 |         17 |         17 |       0 |    0 |    29 |      0 |      0 |    0 |          0 |
|         impl                                |                                                          Q_srl_8 |         17 |         17 |       0 |    0 |    29 |      0 |      0 |    0 |          0 |
|     StreamingFIFO_rtl_92                    |                        GenericPartition_5_StreamingFIFO_rtl_92_0 |        811 |        171 |       0 |  640 |   147 |      0 |      0 |    0 |          0 |
|       inst                                  |                                             StreamingFIFO_rtl_92 |        811 |        171 |       0 |  640 |   147 |      0 |      0 |    0 |          0 |
|         impl                                |                                           Q_srl__parameterized19 |        811 |        171 |       0 |  640 |   147 |      0 |      0 |    0 |          0 |
|     StreamingFIFO_rtl_93                    |                                  StreamingFIFO_rtl_93_imp_XVJ1US |         87 |         87 |       0 |    0 |    67 |      1 |      0 |    0 |          0 |
|       fifo                                  |                                       GenericPartition_5_fifo_11 |         87 |         87 |       0 |    0 |    67 |      1 |      0 |    0 |          0 |
|         inst                                |                        axis_data_fifo_v2_0_9_top__parameterized3 |         87 |         87 |       0 |    0 |    67 |      1 |      0 |    0 |          0 |
|     StreamingFIFO_rtl_94                    |                        GenericPartition_5_StreamingFIFO_rtl_94_0 |         14 |         14 |       0 |    0 |    23 |      0 |      0 |    0 |          0 |
|       inst                                  |                                             StreamingFIFO_rtl_94 |         14 |         14 |       0 |    0 |    23 |      0 |      0 |    0 |          0 |
|         impl                                |                                                            Q_srl |         14 |         14 |       0 |    0 |    23 |      0 |      0 |    0 |          0 |
|     Thresholding_rtl_0                      |                          GenericPartition_5_Thresholding_rtl_0_0 |         71 |         62 |       0 |    9 |   328 |      2 |      5 |    0 |          0 |
|       inst                                  |                                   Thresholding_rtl_0_axi_wrapper |         71 |         62 |       0 |    9 |   328 |      2 |      5 |    0 |          0 |
|         core                                |                                                 thresholding_axi |         71 |         62 |       0 |    9 |   328 |      2 |      5 |    0 |          0 |
|     Thresholding_rtl_1                      |                          GenericPartition_5_Thresholding_rtl_1_0 |         65 |         51 |       0 |   14 |   154 |      0 |      1 |    0 |          0 |
|       inst                                  |                                   Thresholding_rtl_1_axi_wrapper |         65 |         51 |       0 |   14 |   154 |      0 |      1 |    0 |          0 |
|         core                                |                                 thresholding_axi__parameterized0 |         65 |         51 |       0 |   14 |   154 |      0 |      1 |    0 |          0 |
|     Thresholding_rtl_10                     |                         GenericPartition_5_Thresholding_rtl_10_0 |         64 |         50 |       0 |   14 |   154 |      0 |      0 |    0 |          0 |
|       inst                                  |                                  Thresholding_rtl_10_axi_wrapper |         64 |         50 |       0 |   14 |   154 |      0 |      0 |    0 |          0 |
|         core                                |                                 thresholding_axi__parameterized1 |         64 |         50 |       0 |   14 |   154 |      0 |      0 |    0 |          0 |
|     Thresholding_rtl_2                      |                          GenericPartition_5_Thresholding_rtl_2_0 |         64 |         49 |       0 |   15 |   210 |      1 |      2 |    0 |          0 |
|       inst                                  |                                   Thresholding_rtl_2_axi_wrapper |         64 |         49 |       0 |   15 |   210 |      1 |      2 |    0 |          0 |
|         core                                |                                 thresholding_axi__parameterized2 |         64 |         49 |       0 |   15 |   210 |      1 |      2 |    0 |          0 |
|     Thresholding_rtl_3                      |                          GenericPartition_5_Thresholding_rtl_3_0 |         71 |         62 |       0 |    9 |   313 |      2 |      4 |    0 |          0 |
|       inst                                  |                                   Thresholding_rtl_3_axi_wrapper |         71 |         62 |       0 |    9 |   313 |      2 |      4 |    0 |          0 |
|         core                                |                                 thresholding_axi__parameterized3 |         71 |         62 |       0 |    9 |   313 |      2 |      4 |    0 |          0 |
|     Thresholding_rtl_4                      |                          GenericPartition_5_Thresholding_rtl_4_0 |         43 |         36 |       0 |    7 |    88 |      0 |      0 |    0 |          0 |
|       inst                                  |                                   Thresholding_rtl_4_axi_wrapper |         43 |         36 |       0 |    7 |    88 |      0 |      0 |    0 |          0 |
|         core                                |                                 thresholding_axi__parameterized4 |         43 |         36 |       0 |    7 |    88 |      0 |      0 |    0 |          0 |
|     Thresholding_rtl_5                      |                          GenericPartition_5_Thresholding_rtl_5_0 |         57 |         42 |       0 |   15 |   175 |      0 |      3 |    0 |          0 |
|       inst                                  |                                   Thresholding_rtl_5_axi_wrapper |         57 |         42 |       0 |   15 |   175 |      0 |      3 |    0 |          0 |
|         core                                |                                 thresholding_axi__parameterized5 |         57 |         42 |       0 |   15 |   175 |      0 |      3 |    0 |          0 |
|     Thresholding_rtl_6                      |                          GenericPartition_5_Thresholding_rtl_6_0 |         71 |         62 |       0 |    9 |   313 |      2 |      5 |    0 |          0 |
|       inst                                  |                                   Thresholding_rtl_6_axi_wrapper |         71 |         62 |       0 |    9 |   313 |      2 |      5 |    0 |          0 |
|         core                                |                                 thresholding_axi__parameterized6 |         71 |         62 |       0 |    9 |   313 |      2 |      5 |    0 |          0 |
|     Thresholding_rtl_7                      |                          GenericPartition_5_Thresholding_rtl_7_0 |         64 |         50 |       0 |   14 |   154 |      0 |      1 |    0 |          0 |
|       inst                                  |                                   Thresholding_rtl_7_axi_wrapper |         64 |         50 |       0 |   14 |   154 |      0 |      1 |    0 |          0 |
|         core                                |                                 thresholding_axi__parameterized7 |         64 |         50 |       0 |   14 |   154 |      0 |      1 |    0 |          0 |
|     Thresholding_rtl_8                      |                          GenericPartition_5_Thresholding_rtl_8_0 |         63 |         49 |       0 |   14 |   211 |      1 |      2 |    0 |          0 |
|       inst                                  |                                   Thresholding_rtl_8_axi_wrapper |         63 |         49 |       0 |   14 |   211 |      1 |      2 |    0 |          0 |
|         core                                |                                 thresholding_axi__parameterized8 |         63 |         49 |       0 |   14 |   211 |      1 |      2 |    0 |          0 |
|     Thresholding_rtl_9                      |                          GenericPartition_5_Thresholding_rtl_9_0 |         71 |         62 |       0 |    9 |   312 |      2 |      4 |    0 |          0 |
|       inst                                  |                                   Thresholding_rtl_9_axi_wrapper |         71 |         62 |       0 |    9 |   312 |      2 |      4 |    0 |          0 |
|         core                                |                                 thresholding_axi__parameterized9 |         71 |         62 |       0 |    9 |   312 |      2 |      4 |    0 |          0 |
|     UpsampleNearestNeighbour_hls_0          |              GenericPartition_5_UpsampleNearestNeighbour_hls_0_0 |        303 |        247 |      56 |    0 |   519 |      0 |      0 |    0 |          0 |
|       inst                                  |                                   UpsampleNearestNeighbour_hls_0 |        303 |        247 |      56 |    0 |   519 |      0 |      0 |    0 |          0 |
|         (inst)                              |                                   UpsampleNearestNeighbour_hls_0 |          0 |          0 |       0 |    0 |    30 |      0 |      0 |    0 |          0 |
|         RowBuf_V_U                          |            UpsampleNearestNeighbour_hls_0_RowBuf_V_RAM_AUTO_1R1W |         56 |          0 |      56 |    0 |    96 |      0 |      0 |    0 |          0 |
|         flow_control_loop_pipe_no_ap_cont_U | UpsampleNearestNeighbour_hls_0_flow_control_loop_pipe_no_ap_cont |         36 |         36 |       0 |    0 |     1 |      0 |      0 |    0 |          0 |
|         regslice_both_in0_V_U               |                     UpsampleNearestNeighbour_hls_0_regslice_both |         54 |         54 |       0 |    0 |   196 |      0 |      0 |    0 |          0 |
|         regslice_both_out_V_U               |                   UpsampleNearestNeighbour_hls_0_regslice_both_5 |        159 |        159 |       0 |    0 |   196 |      0 |      0 |    0 |          0 |
|     VVAU_hls_0                              |                                            VVAU_hls_0_imp_V9DK4X |       2270 |       2249 |      21 |    0 |   376 |      0 |      0 |    0 |          6 |
|       VVAU_hls_0                            |                                  GenericPartition_5_VVAU_hls_0_0 |       2221 |       2221 |       0 |    0 |   341 |      0 |      0 |    0 |          6 |
|         inst                                |                                                       VVAU_hls_0 |       2221 |       2221 |       0 |    0 |   341 |      0 |      0 |    0 |          6 |
|       VVAU_hls_0_wstrm                      |                            GenericPartition_5_VVAU_hls_0_wstrm_0 |         50 |         29 |      21 |    0 |    35 |      0 |      0 |    0 |          0 |
|         (VVAU_hls_0_wstrm)                  |                            GenericPartition_5_VVAU_hls_0_wstrm_0 |          2 |          2 |       0 |    0 |     0 |      0 |      0 |    0 |          0 |
|         inst                                |                           memstream_axi_wrapper__parameterized15 |         48 |         27 |      21 |    0 |    35 |      0 |      0 |    0 |          0 |
+---------------------------------------------+------------------------------------------------------------------+------------+------------+---------+------+-------+--------+--------+------+------------+
* Note: The sum of lower-level cells may be larger than their parent cells total, due to cross-hierarchy LUT combining


