case_id,gt_vessel_px,dice_f1,precision,recall_sensitivity,accuracy
test_100_b0000,1860,0.577555396709873,0.8614072494577675,0.43440860214820215,0.8364013840818874
test_100_b0001,2303,0.8389214536908818,0.9118246687007553,0.7768128527973217,0.9049134948084361
test_100_b0002,477,0.3083451202241277,0.23265741728673792,0.4570230607870645,0.8646366781994953
test_100_b0003,0,0.0,0.0,0.0,0.9685813148775522
test_100_b0004,0,0.0,0.0,0.0,0.9759169550159503
test_100_b0100,0,0.0,0.0,0.0,0.959446366780679
test_100_b0101,1471,0.6891447368392717,0.8720083246527366,0.5696804894590777,0.8953633217980688
test_100_b0102,881,0.5304761904736645,0.45693191139904077,0.6322360953390211,0.8635294117635107
test_100_b0103,994,0.9035433070821677,0.8843930635752949,0.9235412474756183,0.9728719723169926
test_100_b0104,0,0.0,0.0,0.0,0.9914186851197351
test_100_b0200,0,0.0,0.0,0.0,0.9999999999986159
test_100_b0201,76,0.0,0.0,0.0,0.989480968856762
test_100_b0202,793,0.24267782426524395,0.7116564416741314,0.14627994955679344,0.8997923875420072
test_100_b0203,458,0.5474683544217173,0.9942528735060774,0.37772925763367404,0.9604152249121656
test_100_b0204,1447,0.5438681531723516,0.9107142856995014,0.38769868693581416,0.8697577854659242
test_100_b0300,0,0.0,0.0,0.0,0.9999999999986159
test_100_b0301,339,0.0,0.0,0.0,0.9516955017287866
test_100_b0302,281,0.0,0.0,0.0,0.9611072664346559
test_100_b0303,0,0.0,0.0,0.0,0.9999999999986159
test_100_b0304,471,0.6945500633625532,0.8616352200986906,0.581740976633084,0.966643598614579
test_100_b0400,0,0.0,0.0,0.0,0.9999999999986159
test_100_b0401,0,0.0,0.0,0.0,0.9999999999986159
test_100_b0402,0,0.0,0.0,0.0,0.9999999999986159
test_100_b0403,0,0.0,0.0,0.0,0.9999999999986159
test_100_b0404,0,0.0,0.0,0.0,0.9606920415211617
test_100_p0000,5,0.0,0.0,0.0,0.9993079584761255
test_100_p0001,808,0.5330915684448496,0.9966101694577421,0.3638613861341106,0.9295485636102195
test_100_p0002,705,0.6994468346607287,0.6171366594293152,0.8070921985701122,0.9323183390990556
test_100_p0003,0,0.0,0.0,0.0,0.9828373702408543
test_100_p0004,0,0.0,0.0,0.0,0.999999999998632
test_100_p0005,0,0.0,0.0,0.0,0.9915570934242331
test_100_p0100,668,0.0,0.0,0.0,0.9067031463735886
test_100_p0101,2199,0.15365239294645822,0.9999999999453552,0.0832196452929367,0.7274202271488271
test_100_p0102,1454,0.14504249291702526,0.41157556268773066,0.08803301237903692,0.7935704514353029
test_100_p0103,967,0.753358409453233,0.784116331087426,0.724922440530249,0.9372093023242993
test_100_p0104,0,0.0,0.0,0.0,0.9920227149797296
test_100_p0105,0,0.0,0.0,0.0,0.999999999998632
test_100_p0200,0,0.0,0.0,0.0,0.9999999999986159
test_100_p0201,9,0.0,0.0,0.0,0.9987688098481549
test_100_p0202,949,0.4219886822924658,0.906249999968533,0.27502634351659616,0.90103806228249
test_100_p0203,525,0.5575117370859302,0.4028837998269476,0.9047619047446712,0.8956401384070649
test_100_p0204,981,0.8574490889557479,0.9039548022496728,0.815494393467732,0.9636114911067529
test_100_p0205,160,0.38383838381899804,0.9999999997368421,0.23749999998515625,0.9831141868498504
test_100_p0300,0,0.0,0.0,0.0,0.9999999999986159
test_100_p0301,0,0.0,0.0,0.0,0.999999999998632
test_100_p0302,887,0.0,0.0,0.0,0.8772318339088204
test_100_p0303,0,0.0,0.0,0.0,0.9840830449813369
test_100_p0304,645,0.0,0.0,0.0,0.9117647058811057
test_100_p0305,789,0.2770562770532786,0.9481481480779149,0.162230671734319,0.9075432525938996
test_100_p0400,0,0.0,0.0,0.0,0.999999999998632
test_100_p0401,0,0.0,0.0,0.0,0.999999999998648
test_100_p0402,195,0.0,0.0,0.0,0.9733242134049612
test_100_p0403,0,0.0,0.0,0.0,0.999999999998632
test_100_p0404,0,0.0,0.0,0.0,0.999999999998648
test_100_p0405,0,0.0,0.0,0.0,0.999999999998632
test_100_p0500,0,0.0,0.0,0.0,0.9999999999986159
test_100_p0501,0,0.0,0.0,0.0,0.999999999998632
test_100_p0502,0,0.0,0.0,0.0,0.9999999999986159
test_100_p0503,0,0.0,0.0,0.0,0.9999999999986159
test_100_p0504,0,0.0,0.0,0.0,0.999999999998632
test_100_p0505,0,0.0,0.0,0.0,0.9999999999986159
test_101_b0000,0,0.0,0.0,0.0,0.998200692040141
test_101_b0001,1020,0.8105263157859188,0.7333333333275133,0.9058823529322952,0.940207612455446
test_101_b0002,0,0.0,0.0,0.0,0.993079584773712
test_101_b0003,0,0.0,0.0,0.0,0.9880968858117812
test_101_b0004,0,0.0,0.0,0.0,0.9999999999986159
test_101_b0100,1130,0.9583519928304597,0.9700815956394373,0.946902654858877,0.9871280276802946
test_101_b0101,241,0.4833836857860005,0.8888888887901235,0.3319502074551058,0.9763321799294445
test_101_b0102,599,0.8218749999935792,0.7723935389020207,0.8781302170137207,0.9684429065730541
test_101_b0103,29,0.15116279069328015,0.08253968253706223,0.8965517238287752,0.959584775085177
test_101_b0104,0,0.0,0.0,0.0,0.9999999999986159
test_101_b0200,1248,0.9452852153630373,0.9164785552978445,0.9759615384537184,0.9804844290643869
test_101_b0201,1387,0.9570011025323154,0.9760119939956822,0.9387166546435566,0.9838062283723408
test_101_b0202,435,0.9375736160078024,0.9613526569816098,0.914942528714599,0.9926643598602177
test_101_b0203,0,0.0,0.0,0.0,0.9961245674726698
test_101_b0204,0,0.0,0.0,0.0,0.9999999999986159
test_101_b0300,497,0.9402228976601801,0.9469387754908788,0.9336016096391629,0.9918339100332293
test_101_b0301,357,0.916111850853314,0.8730964466783477,0.9635854341466783,0.991280276815237
test_101_b0302,0,0.0,0.0,0.0,0.9817301038048696
test_101_b0303,0,0.0,0.0,0.0,0.9999999999986159
test_101_b0304,0,0.0,0.0,0.0,0.9994463667806236
test_101_b0400,0,0.0,0.0,0.0,0.9999999999986159
test_101_b0401,0,0.0,0.0,0.0,0.9999999999986159
test_101_b0402,0,0.0,0.0,0.0,0.9421453287184192
test_101_b0403,0,0.0,0.0,0.0,0.9327335640125498
test_101_b0404,0,0.0,0.0,0.0,0.9645674740471079
test_101_p0000,0,0.0,0.0,0.0,0.9998615916941178
test_101_p0001,0,0.0,0.0,0.0,0.999999999998632
test_101_p0002,0,0.0,0.0,0.0,0.9926643598602177
test_101_p0003,0,0.0,0.0,0.0,0.998200692040141
test_101_p0004,0,0.0,0.0,0.0,0.999999999998632
test_101_p0005,0,0.0,0.0,0.0,0.9999999999986159
test_101_p0100,0,0.0,0.0,0.0,0.999999999998632
test_101_p0101,1208,0.9640940982213616,0.9613168724200716,0.9668874172105391,0.9882368848012598
test_101_p0102,584,0.9258950874194347,0.9011345218654597,0.9520547945042456,0.9878248973994694
test_101_p0103,227,0.4972826086888956,0.35952848722279906,0.8061674008455433,0.9493844049234619
test_101_p0104,0,0.0,0.0,0.0,0.999999999998648
test_101_p0105,0,0.0,0.0,0.0,0.9891928864555551
test_101_p0200,62,0.0,0.0,0.0,0.9914186851197351
test_101_p0201,1403,0.9514356611097078,0.9464033850426912,0.9565217391236172,0.9812585499302582
test_101_p0202,1185,0.9367640645401799,0.9693140794136345,0.9063291139164024,0.9799307958463945
test_101_p0203,273,0.8051948051817338,0.7230320699497658,0.9084249083916328,0.9833910034588466
test_101_p0204,0,0.0,0.0,0.0,0.999999999998632
test_101_p0205,0,0.0,0.0,0.0,0.9846366781993292
test_101_p0300,321,0.7886792452681382,0.999999999952153,0.6510903426588445,0.9844982698948311
test_101_p0301,1742,0.9458589405883938,0.9647761193972253,0.9276693455744681,0.9746922024610469
test_101_p0302,1,0.0,0.0,0.0,0.9998615916941178
test_101_p0303,0,0.0,0.0,0.0,0.9883737024207774
test_101_p0304,0,0.0,0.0,0.0,0.9876880984938609
test_101_p0305,0,0.0,0.0,0.0,0.9901730103792523
test_101_p0400,0,0.0,0.0,0.0,0.999999999998632
test_101_p0401,0,0.0,0.0,0.0,0.999999999998648
test_101_p0402,0,0.0,0.0,0.0,0.9697674418591385
test_101_p0403,0,0.0,0.0,0.0,0.9997264021874149
test_101_p0404,0,0.0,0.0,0.0,0.9975662520267745
test_101_p0405,0,0.0,0.0,0.0,0.9995896032818063
test_101_p0500,0,0.0,0.0,0.0,0.9999999999986159
test_101_p0501,0,0.0,0.0,0.0,0.999999999998632
test_101_p0502,0,0.0,0.0,0.0,0.9999999999986159
test_101_p0503,0,0.0,0.0,0.0,0.9999999999986159
test_101_p0504,0,0.0,0.0,0.0,0.999999999998632
test_101_p0505,0,0.0,0.0,0.0,0.9999999999986159
test_102_b0000,0,0.0,0.0,0.0,0.8733564013828743
test_102_b0001,821,0.854245880856437,0.8903566710582516,0.8209500608913405,0.968166089964058
test_102_b0002,2321,0.8734693877532257,0.8710368466115209,0.8759155536368983,0.9184775086492478
test_102_b0003,736,0.6336228921786734,0.5077805077763491,0.8423913043363805,0.9007612456734938
test_102_b0004,0,0.0,0.0,0.0,0.8776470588223146
test_102_b0100,0,0.0,0.0,0.0,0.9987543252581332
test_102_b0101,0,0.0,0.0,0.0,0.9991695501716275
test_102_b0102,1853,0.9344490934423029,0.9670900692784811,0.9039395574694877,0.9674740484415675
test_102_b0103,1606,0.8736532810941116,0.9183253260060513,0.8331257783260703,0.9464359861578596
test_102_b0104,642,0.33333333333028087,0.4044444444354568,0.283489096568793,0.8992387543240149
test_102_b0200,0,0.0,0.0,0.0,0.9986159169536352
test_102_b0201,0,0.0,0.0,0.0,0.9552941176457367
test_102_b0202,1483,0.8963317384341425,0.8504842614960625,0.9474039109848457,0.9550173010367404
test_102_b0203,1191,0.8521739130397732,0.8836789900731861,0.8228379512945186,0.9529411764692693
test_102_b0204,1691,0.5837122777983311,0.9697802197668987,0.41750443524294795,0.8606228373690511
test_102_b0300,0,0.0,0.0,0.0,0.9995847750851217
test_102_b0301,299,0.026402640263155027,0.9999999975,0.01337792642095726,0.9591695501716828
test_102_b0302,870,0.8483835005526846,0.8235930735841602,0.8747126436681067,0.9623529411751386
test_102_b0303,0,0.0,0.0,0.0,0.9984775086491371
test_102_b0304,1211,0.7808090310405419,0.9071038251266983,0.6853839801760084,0.9355017301025115
test_102_b0400,0,0.0,0.0,0.0,0.9880968858117812
test_102_b0401,791,0.09156626505913776,0.9743589741091387,0.0480404551194938,0.8956401384070649
test_102_b0402,459,0.6090909090816804,0.9999999999502487,0.43790849672248566,0.9642906574381117
test_102_b0403,0,0.0,0.0,0.0,0.9999999999986159
test_102_b0404,0,0.0,0.0,0.0,0.9999999999986159
test_102_p0000,0,0.0,0.0,0.0,0.8942560553620841
test_102_p0001,1805,0.7070449473997226,0.832582582576332,0.6144044321295601,0.874281805744358
test_102_p0002,1832,0.681325124594895,0.7359088030352381,0.6342794759790705,0.8495501730092048
test_102_p0003,493,0.3030567685576286,0.19309961046080637,0.7038539553609766,0.7791003460196829
test_102_p0004,0,0.0,0.0,0.0,0.8009575923381655
test_102_p0005,0,0.0,0.0,0.0,0.9954325259501794
test_102_p0100,0,0.0,0.0,0.0,0.999999999998632
test_102_p0101,0,0.0,0.0,0.0,0.9732287723080405
test_102_p0102,1381,0.7658473479915229,0.9466950959387346,0.6430123099156915,0.9257181942531796
test_102_p0103,2319,0.9219763022559312,0.9572887650837638,0.8891763691207885,0.9522571819412418
test_102_p0104,792,0.7316770186289958,0.7200488997466986,0.7436868686774787,0.9415900486736863
test_102_p0105,0,0.0,0.0,0.0,0.9277701778373081
test_102_p0200,0,0.0,0.0,0.0,0.9999999999986159
test_102_p0201,0,0.0,0.0,0.0,0.9986320109425464
test_102_p0202,42,0.4691358024401768,0.3166666666402778,0.9047619045464852,0.9880968858117812
test_102_p0203,1839,0.9415730337052203,0.9738524113830689,0.9113648722082036,0.9712110726630157
test_102_p0204,1922,0.8388986526044555,0.959785522781771,0.7450572320460715,0.9247606019139196
test_102_p0205,617,0.19371069182146275,0.43258426963861885,0.12479740680510863,0.9112802768153477
test_102_p0300,0,0.0,0.0,0.0,0.9993079584761255
test_102_p0301,0,0.0,0.0,0.0,0.9606019151833645
test_102_p0302,1033,0.7955390334530242,0.8811764705778685,0.7250726040588087,0.9467128027668558
test_102_p0303,105,0.7300380227859301,0.6075949366704053,0.9142857141986395,0.9901730103792523
test_102_p0304,1080,0.7322654462200672,0.9580838323209867,0.5925925925871057,0.9359781121738222
test_102_p0305,1042,0.626582278477047,0.9200743494252774,0.4750479846403547,0.9183391003447497
test_102_p0400,0,0.0,0.0,0.0,0.999999999998632
test_102_p0401,0,0.0,0.0,0.0,0.9985127095713919
test_102_p0402,1253,0.05434782608653457,0.9999999997142857,0.02793296089363182,0.8333789329673962
test_102_p0403,0,0.0,0.0,0.0,0.999999999998632
test_102_p0404,69,0.2077922077652218,0.9999999987499999,0.11594202896870406,0.9917522985384103
test_102_p0405,865,0.4593639575931152,0.9737827714991092,0.30057803467860605,0.9162790697661884
test_102_p0500,0,0.0,0.0,0.0,0.9999999999986159
test_102_p0501,0,0.0,0.0,0.0,0.999999999998632
test_102_p0502,1076,0.0,0.0,0.0,0.8510726643586837
test_102_p0503,0,0.0,0.0,0.0,0.9999999999986159
test_102_p0504,0,0.0,0.0,0.0,0.999999999998632
test_102_p0505,0,0.0,0.0,0.0,0.9999999999986159
test_103_b0000,0,0.0,0.0,0.0,0.9611072664346559
test_103_b0001,397,0.0,0.0,0.0,0.8719723183378935
test_103_b0002,1288,0.47074586868927765,0.5541535226019542,0.40916149068005314,0.8359861591683931
test_103_b0003,929,0.5339168490123966,0.5428253615067539,0.5252960172171658,0.8820761245662532
test_103_b0004,0,0.0,0.0,0.0,0.9583391003446944
test_103_b0100,1084,0.2997050147474944,0.41571194762003744,0.23431734317127015,0.835709342559397
test_103_b0101,1073,0.37607973421677027,0.6550925925774284,0.26374650512335746,0.8700346020749203
test_103_b0102,123,0.13740458015004953,0.08977556109501807,0.2926829268054729,0.9374394463654845
test_103_b0103,947,0.8302561048193553,0.9521857923367187,0.7360084477219007,0.9605536332166636
test_103_b0104,1259,0.4942886812020027,0.7136431784000953,0.3780778395521996,0.8651903114174876
test_103_b0200,0,0.0,0.0,0.0,0.9033910034589573
test_103_b0201,0,0.0,0.0,0.0,0.9271972318326267
test_103_b0202,0,0.0,0.0,0.0,0.9999999999986159
test_103_b0203,0,0.0,0.0,0.0,0.998200692040141
test_103_b0204,855,0.7997520148741492,0.8509234828383783,0.7543859649034574,0.9552941176457367
test_103_b0300,0,0.0,0.0,0.0,0.9485121107253308
test_103_b0301,0,0.0,0.0,0.0,0.9808996539778811
test_103_b0302,0,0.0,0.0,0.0,0.9999999999986159
test_103_b0303,0,0.0,0.0,0.0,0.9410380622824346
test_103_b0304,708,0.0,0.0,0.0,0.8866435986146898
test_103_b0400,0,0.0,0.0,0.0,0.9731487889259888
test_103_b0401,0,0.0,0.0,0.0,0.9952941176456813
test_103_b0402,0,0.0,0.0,0.0,0.8869204152236859
test_103_b0403,0,0.0,0.0,0.0,0.8874740484416782
test_103_b0404,156,0.0,0.0,0.0,0.9784083044969157
test_103_p0000,0,0.0,0.0,0.0,0.9999999999986159
test_103_p0001,0,0.0,0.0,0.0,0.999999999998632
test_103_p0002,115,0.06060606060238751,0.09999999998,0.043478260865784504,0.9785467128014138
test_103_p0003,32,0.12449799196537152,0.06652360514878705,0.9687499996972656,0.9396539792374538
test_103_p0004,0,0.0,0.0,0.0,0.999999999998632
test_103_p0005,0,0.0,0.0,0.0,0.9999999999986159
test_103_p0100,0,0.0,0.0,0.0,0.999999999998632
test_103_p0101,1543,0.49240681085829546,0.8492063491928697,0.3467271548908184,0.8508653326110724
test_103_p0102,1673,0.33721898417844626,0.5555555555479348,0.24208009563513402,0.7822161422697917
test_103_p0103,1366,0.7215235357501922,0.7085391672497634,0.7349926793504028,0.8939808481519919
test_103_p0104,1336,0.5976597659739079,0.7494356659057626,0.49700598802023205,0.8791238507289357
test_103_p0105,0,0.0,0.0,0.0,0.999999999998632
test_103_p0200,15,0.0,0.0,0.0,0.9937716262962024
test_103_p0201,211,0.01621073961483069,0.010309278350382612,0.037914691941331055,0.8671682626527125
test_103_p0202,0,0.0,0.0,0.0,0.9994463667806236
test_103_p0203,0,0.0,0.0,0.0,0.9957093425591755
test_103_p0204,947,0.7806090739541293,0.9486404833693559,0.6631467792960597,0.9517099863188075
test_103_p0205,624,0.0,0.0,0.0,0.9136332179918151
test_103_p0300,0,0.0,0.0,0.0,0.9900346020747542
test_103_p0301,0,0.0,0.0,0.0,0.8994528043763346
test_103_p0302,0,0.0,0.0,0.0,0.9378546712789788
test_103_p0303,0,0.0,0.0,0.0,0.9999999999986159
test_103_p0304,0,0.0,0.0,0.0,0.9745554035554383
test_103_p0305,739,0.0,0.0,0.0,0.897716262974536
test_103_p0400,0,0.0,0.0,0.0,0.9608755129945816
test_103_p0401,0,0.0,0.0,0.0,0.9943212547309433
test_103_p0402,0,0.0,0.0,0.0,0.999999999998632
test_103_p0403,0,0.0,0.0,0.0,0.9068399452791972
test_103_p0404,0,0.0,0.0,0.0,0.9533531638710745
test_103_p0405,857,0.0,0.0,0.0,0.8827633378920893
test_103_p0500,0,0.0,0.0,0.0,0.9999999999986159
test_103_p0501,0,0.0,0.0,0.0,0.999999999998632
test_103_p0502,0,0.0,0.0,0.0,0.9021453287184745
test_103_p0503,0,0.0,0.0,0.0,0.8880276816596706
test_103_p0504,0,0.0,0.0,0.0,0.999999999998632
test_103_p0505,648,0.0,0.0,0.0,0.9103114186838612
test_104_b0000,0,0.0,0.0,0.0,0.9998615916941178
test_104_b0001,790,0.6617257808329183,0.5686988171012858,0.7911392404963147,0.9115570934243439
test_104_b0002,938,0.8263052208793861,0.7808349146035974,0.8773987206729489,0.9521107266422808
test_104_b0003,0,0.0,0.0,0.0,0.9999999999986159
test_104_b0004,0,0.0,0.0,0.0,0.9999999999986159
test_104_b0100,768,0.9454545454481789,0.9790794978942946,0.9140624999880982,0.9887889273342716
test_104_b0101,1400,0.9038759689887447,0.9881355932119651,0.8328571428511939,0.9656747404830925
test_104_b0102,242,0.0,0.0,0.0,0.9604152249121656
test_104_b0103,0,0.0,0.0,0.0,0.9999999999986159
test_104_b0104,0,0.0,0.0,0.0,0.9999999999986159
test_104_b0200,1335,0.9335907335871291,0.9633466135381408,0.9056179775213063,0.9761937716249465
test_104_b0201,1383,0.8710390567396057,0.8880540946589929,0.854663774397291,0.9515570934242885
test_104_b0202,922,0.8471053933654276,0.778889899901921,0.9284164858901474,0.9572318339087097
test_104_b0203,136,0.843749999967041,0.899999999925,0.7941176470004325,0.9944636678186928
test_104_b0204,0,0.0,0.0,0.0,0.9998615916941178
test_104_b0300,936,0.9513629075309923,0.9518716577438302,0.9508547008445422,0.9874048442892908
test_104_b0301,43,0.6165413533371021,0.4555555555049383,0.9534883718712818,0.992941176469214
test_104_b0302,40,0.0,0.0,0.0,0.9456055363308712
test_104_b0303,571,0.7414529914450699,0.9506849314808031,0.607705779323858,0.966505190310081
test_104_b0304,221,0.2162162162078681,0.7368421050692521,0.12669683257345263,0.971903114185506
test_104_b0400,0,0.0,0.0,0.0,0.9999999999986159
test_104_b0401,0,0.0,0.0,0.0,0.9993079584761255
test_104_b0402,0,0.0,0.0,0.0,0.9999999999986159
test_104_b0403,0,0.0,0.0,0.0,0.9853287197218197
test_104_b0404,0,0.0,0.0,0.0,0.9987543252581332
test_104_p0000,0,0.0,0.0,0.0,0.9999999999986159
test_104_p0001,0,0.0,0.0,0.0,0.9919288645677266
test_104_p0002,377,0.6689038031245089,0.578336557048775,0.7931034482548248,0.9590311418671847
test_104_p0003,0,0.0,0.0,0.0,0.9999999999986159
test_104_p0004,0,0.0,0.0,0.0,0.999999999998632
test_104_p0005,0,0.0,0.0,0.0,0.9999999999986159
test_104_p0100,0,0.0,0.0,0.0,0.999999999998632
test_104_p0101,1112,0.9555555555511317,0.9847328244180847,0.9280575539484888,0.9870200108153231
test_104_p0102,1314,0.9349529780527628,0.9636510500729916,0.9079147640722381,0.9772913816676098
test_104_p0103,0,0.0,0.0,0.0,0.999999999998632
test_104_p0104,0,0.0,0.0,0.0,0.999999999998648
test_104_p0105,0,0.0,0.0,0.0,0.9995896032818063
test_104_p0200,302,0.0,0.0,0.0,0.9582006920401963
test_104_p0201,1340,0.9215838509280995,0.9603559870472463,0.8858208955157775,0.9723666210657013
test_104_p0202,1272,0.7707875054959491,0.8751248751161326,0.6886792452776048,0.9278892733551172
test_104_p0203,0,0.0,0.0,0.0,0.9515570934242885
test_104_p0204,0,0.0,0.0,0.0,0.999999999998632
test_104_p0205,0,0.0,0.0,0.0,0.9999999999986159
test_104_p0300,751,0.0026595744680497396,0.9999999900000002,0.00133155792275191,0.8961937716250572
test_104_p0301,1466,0.8746397694492989,0.9267175572448343,0.8281036834868479,0.9523939808468503
test_104_p0302,412,0.7713920817270575,0.8140161724847974,0.7330097087200725,0.9752249134934599
test_104_p0303,840,0.8333333333285109,0.81081081080168,0.857142857132653,0.9601384083031693
test_104_p0304,587,0.5111111111048011,0.9282511210346075,0.35264054513879656,0.9458276333776391
test_104_p0305,0,0.0,0.0,0.0,0.9997231833896197
test_104_p0400,0,0.0,0.0,0.0,0.999999999998632
test_104_p0401,0,0.0,0.0,0.0,0.9967550027028167
test_104_p0402,0,0.0,0.0,0.0,0.9994528043761978
test_104_p0403,0,0.0,0.0,0.0,0.9882352941162952
test_104_p0404,15,0.0,0.0,0.0,0.9960789615995186
test_104_p0405,0,0.0,0.0,0.0,0.999999999998632
test_104_p0500,0,0.0,0.0,0.0,0.9999999999986159
test_104_p0501,0,0.0,0.0,0.0,0.999999999998632
test_104_p0502,0,0.0,0.0,0.0,0.9999999999986159
test_104_p0503,0,0.0,0.0,0.0,0.9999999999986159
test_104_p0504,0,0.0,0.0,0.0,0.999999999998632
test_104_p0505,0,0.0,0.0,0.0,0.9988927335626313
test_105_b0000,1977,0.5740060140308253,0.8454724409365603,0.4344967121879894,0.8235294117635661
test_105_b0001,2027,0.7498761763230563,0.7528592739892946,0.7469166255513227,0.8602076124555568
test_105_b0002,2055,0.6181001283677211,0.90763430724875,0.46861313868385107,0.8352941176459027
test_105_b0003,963,0.4481132075436469,0.9223300970575298,0.29595015576016664,0.902837370240965
test_105_b0004,287,0.3598200899496279,0.31578947367590027,0.4181184668843861,0.9408996539779365
test_105_b0100,47,0.0,0.0,0.0,0.9934948096872063
test_105_b0101,0,0.0,0.0,0.0,0.9999999999986159
test_105_b0102,75,0.0,0.0,0.0,0.98961937716126
test_105_b0103,1041,0.5393127548017512,0.6849112425934185,0.444764649371328,0.890519031140636
test_105_b0104,1582,0.6222596964560613,0.9341772151780484,0.4664981036632965,0.8759861591683378
test_105_b0200,0,0.0,0.0,0.0,0.9379930795834769
test_105_b0201,0,0.0,0.0,0.0,0.9988927335626313
test_105_b0202,0,0.0,0.0,0.0,0.9710726643585176
test_105_b0203,0,0.0,0.0,0.0,0.9875432525937888
test_105_b0204,750,0.39591078066546553,0.6533742331087922,0.28399999999621334,0.910034602074865
test_105_b0300,0,0.0,0.0,0.0,0.9999999999986159
test_105_b0301,0,0.0,0.0,0.0,0.9939100346007005
test_105_b0302,0,0.0,0.0,0.0,0.9999999999986159
test_105_b0303,0,0.0,0.0,0.0,0.9673356401370694
test_105_b0304,0,0.0,0.0,0.0,0.9972318339086543
test_105_b0400,0,0.0,0.0,0.0,0.9999999999986159
test_105_b0401,0,0.0,0.0,0.0,0.9987543252581332
test_105_b0402,0,0.0,0.0,0.0,0.9999999999986159
test_105_b0403,0,0.0,0.0,0.0,0.996678200690662
test_105_b0404,0,0.0,0.0,0.0,0.950588235292802
test_105_p0000,18,0.0,0.0,0.0,0.9164013840817766
test_105_p0001,413,0.29934640522680167,0.20501342882538037,0.5544794188727729,0.8533515731862471
test_105_p0002,1056,0.52483692924975,0.5581643543163483,0.4952651515104616,0.8689273356389358
test_105_p0003,784,0.8546433378138988,0.9045584045455191,0.8099489795815057,0.970103806227031
test_105_p0004,0,0.0,0.0,0.0,0.8783857729126151
test_105_p0005,0,0.0,0.0,0.0,0.9999999999986159
test_105_p0100,2110,0.384999999998625,0.7811594202785339,0.255450236965614,0.7644322845406779
test_105_p0101,1279,0.9296562749763003,0.9509403107035901,0.9093041438552831,0.9762033531625525
test_105_p0102,1261,0.859688195987262,0.9806910569006028,0.76526566216681,0.9569083447319331
test_105_p0103,1424,0.744804088583493,0.7233620119078534,0.7675561797698908,0.8975376196978146
test_105_p0104,1459,0.3916391639142374,0.9916434540113748,0.24400274160216587,0.8504597079490935
test_105_p0105,503,0.0,0.0,0.0,0.9311901504775223
test_105_p0200,0,0.0,0.0,0.0,0.9352249134935152
test_105_p0201,0,0.0,0.0,0.0,0.9980848153201121
test_105_p0202,0,0.0,0.0,0.0,0.9999999999986159
test_105_p0203,0,0.0,0.0,0.0,0.9999999999986159
test_105_p0204,794,0.324646314219474,0.3970856101931314,0.27455919395120204,0.8759233926116609
test_105_p0205,819,0.26735751295059734,0.8835616437750985,0.15750915750723432,0.9021453287184745
test_105_p0300,0,0.0,0.0,0.0,0.996539792386164
test_105_p0301,0,0.0,0.0,0.0,0.9963064295472007
test_105_p0302,0,0.0,0.0,0.0,0.9995847750851217
test_105_p0303,0,0.0,0.0,0.0,0.9999999999986159
test_105_p0304,0,0.0,0.0,0.0,0.9880984952106866
test_105_p0305,1,0.0,0.0,0.0,0.9998615916941178
test_105_p0400,0,0.0,0.0,0.0,0.9975376196976778
test_105_p0401,0,0.0,0.0,0.0,0.9985127095713919
test_105_p0402,0,0.0,0.0,0.0,0.9978112175088949
test_105_p0403,0,0.0,0.0,0.0,0.999042407659372
test_105_p0404,0,0.0,0.0,0.0,0.9760681449418929
test_105_p0405,0,0.0,0.0,0.0,0.999999999998632
test_105_p0500,0,0.0,0.0,0.0,0.9999999999986159
test_105_p0501,0,0.0,0.0,0.0,0.999999999998632
test_105_p0502,0,0.0,0.0,0.0,0.9999999999986159
test_105_p0503,0,0.0,0.0,0.0,0.9999999999986159
test_105_p0504,0,0.0,0.0,0.0,0.999999999998632
test_105_p0505,0,0.0,0.0,0.0,0.9999999999986159
test_106_b0000,146,0.7647058823208106,0.9891304346750945,0.6232876711901857,0.9922491349467235
test_106_b0001,1750,0.5324403516093242,0.9953051643036729,0.3634285714264947,0.8453979238742625
test_106_b0002,922,0.6131687242766812,0.583170254397425,0.6464208242879997,0.8959169550160611
test_106_b0003,0,0.0,0.0,0.0,0.9818685121093677
test_106_b0004,0,0.0,0.0,0.0,0.9749480968844637
test_106_b0100,157,0.09010989010889989,0.054448871181215816,0.2611464967986531,0.8853979238742071
test_106_b0101,1098,0.8654797230422083,0.9469696969594483,0.7969034608306294,0.9623529411751386
test_106_b0102,1632,0.6398046398020358,0.9527272727157245,0.48161764705587246,0.8775086505178166
test_106_b0103,938,0.9114898295716796,0.9409761634399435,0.8837953091590214,0.9777162629744253
test_106_b0104,0,0.0,0.0,0.0,0.9999999999986159
test_106_b0200,0,0.0,0.0,0.0,0.9999999999986159
test_106_b0201,0,0.0,0.0,0.0,0.9999999999986159
test_106_b0202,1410,0.931351733896209,0.929378531066883,0.933333333326714,0.9731487889259888
test_106_b0203,391,0.8656294200726219,0.9683544303491027,0.7826086956321583,0.9868512110712985
test_106_b0204,1443,0.21851851851716966,0.9999999999435027,0.12266112266027263,0.8247750865040487
test_106_b0300,0,0.0,0.0,0.0,0.9979238754311448
test_106_b0301,73,0.8198757763465915,0.7499999999147727,0.9041095889172454,0.9959861591681717
test_106_b0302,1597,0.8603827072967386,0.9910204081551754,0.7601753287366302,0.9454671280263731
test_106_b0303,0,0.0,0.0,0.0,0.9999999999986159
test_106_b0304,188,0.0,0.0,0.0,0.9739792387529772
test_106_b0400,266,0.05894736841981164,0.0669856459298093,0.052631578945389786,0.938131487887975
test_106_b0401,1458,0.4616935483847697,0.8707224334435224,0.31412894375641887,0.8521799307946683
test_106_b0402,1049,0.3629343629315604,0.9552845528066957,0.22402287893018094,0.8858131487877013
test_106_b0403,0,0.0,0.0,0.0,0.9955709342546775
test_106_b0404,0,0.0,0.0,0.0,0.9857439446353139
test_106_p0000,0,0.0,0.0,0.0,0.9999999999986159
test_106_p0001,0,0.0,0.0,0.0,0.999999999998632
test_106_p0002,20,0.0,0.0,0.0,0.9972318339086543
test_106_p0003,99,0.0,0.0,0.0,0.9727335640124946
test_106_p0004,0,0.0,0.0,0.0,0.9893296853611637
test_106_p0005,0,0.0,0.0,0.0,0.9990311418671294
test_106_p0100,0,0.0,0.0,0.0,0.9964432284528093
test_106_p0101,1498,0.6100386100362547,0.7234432234365986,0.5273698264317266,0.8634396971324183
test_106_p0102,2648,0.7476808905362995,0.9687499999941782,0.608761329302837,0.85116279069651
test_106_p0103,110,0.021352313166499916,0.01754385964809685,0.027272727270247935,0.9623803009562758
test_106_p0104,0,0.0,0.0,0.0,0.999999999998648
test_106_p0105,0,0.0,0.0,0.0,0.999999999998632
test_106_p0200,0,0.0,0.0,0.0,0.9999999999986159
test_106_p0201,0,0.0,0.0,0.0,0.999999999998632
test_106_p0202,1582,0.9083113456434423,0.9496551724072438,0.870417193420541,0.9615224913481502
test_106_p0203,1121,0.7376960519159671,0.9368131868003184,0.6083853701997468,0.932871972317048
test_106_p0204,1259,0.7141444114702565,0.9462647444174801,0.573471008732538,0.9209302325568798
test_106_p0205,124,0.0,0.0,0.0,0.9828373702408543
test_106_p0300,0,0.0,0.0,0.0,0.9999999999986159
test_106_p0301,0,0.0,0.0,0.0,0.9976744186032863
test_106_p0302,20,0.0,0.0,0.0,0.9972318339086543
test_106_p0303,1364,0.8872298624719559,0.9559695173500765,0.8277126099646063,0.9602768166076675
test_106_p0304,151,0.0,0.0,0.0,0.9793433652517383
test_106_p0305,1634,0.027761013880339403,0.9999999995652173,0.014075887392814714,0.7770242214522117
test_106_p0400,0,0.0,0.0,0.0,0.999999999998632
test_106_p0401,791,0.527956003661522,0.959999999968,0.3640960809056372,0.9303677663589368
test_106_p0402,1260,0.37404580152433814,0.9423076922774901,0.2333333333314815,0.8653898768798011
test_106_p0403,956,0.7407407407359277,0.9777015437225094,0.5962343096171941,0.9454172366608133
test_106_p0404,0,0.0,0.0,0.0,0.999999999998648
test_106_p0405,0,0.0,0.0,0.0,0.999999999998632
test_106_p0500,0,0.0,0.0,0.0,0.9998615916941178
test_106_p0501,0,0.0,0.0,0.0,0.999999999998632
test_106_p0502,792,0.022471910112079004,0.9999999988888888,0.011363636363492883,0.8916262975766206
test_106_p0503,0,0.0,0.0,0.0,0.9999999999986159
test_106_p0504,0,0.0,0.0,0.0,0.999999999998632
test_106_p0505,0,0.0,0.0,0.0,0.9999999999986159
test_107_b0000,11,0.026101141924533423,0.01328903654462975,0.7272727266115702,0.9173702422132631
test_107_b0001,1799,0.768643570168031,0.8145612943322057,0.7276264591399243,0.8909342560541302
test_107_b0002,15,0.0,0.0,0.0,0.9630449826976291
test_107_b0003,0,0.0,0.0,0.0,0.9299653979225883
test_107_b0004,0,0.0,0.0,0.0,0.9627681660886329
test_107_b0100,0,0.0,0.0,0.0,0.9871280276802946
test_107_b0101,132,0.01769911504372569,0.014492753622488272,0.022727272725550963,0.9539100346007559
test_107_b0102,2259,0.7432291666647312,0.9025932953769602,0.6316954404575844,0.8635294117635107
test_107_b0103,975,0.0020491803278478568,0.9999999900000002,0.0010256410256305063,0.8651903114174876
test_107_b0104,0,0.0,0.0,0.0,0.9933564013827082
test_107_b0200,0,0.0,0.0,0.0,0.9999999999986159
test_107_b0201,0,0.0,0.0,0.0,0.9998615916941178
test_107_b0202,303,0.0,0.0,0.0,0.9580622837356982
test_107_b0203,716,0.0,0.0,0.0,0.9008996539779919
test_107_b0204,0,0.0,0.0,0.0,0.8639446366770049
test_107_b0300,0,0.0,0.0,0.0,0.9999999999986159
test_107_b0301,0,0.0,0.0,0.0,0.9999999999986159
test_107_b0302,0,0.0,0.0,0.0,0.9999999999986159
test_107_b0303,0,0.0,0.0,0.0,0.9999999999986159
test_107_b0304,0,0.0,0.0,0.0,0.9551557093412385
test_107_b0400,0,0.0,0.0,0.0,0.998339100344639
test_107_b0401,0,0.0,0.0,0.0,0.9999999999986159
test_107_b0402,0,0.0,0.0,0.0,0.9999999999986159
test_107_b0403,0,0.0,0.0,0.0,0.9999999999986159
test_107_b0404,0,0.0,0.0,0.0,0.9999999999986159
test_107_p0000,0,0.0,0.0,0.0,0.998339100344639
test_107_p0001,0,0.0,0.0,0.0,0.999999999998632
test_107_p0002,83,0.47813411077323226,0.3153846153724852,0.9879518071098854,0.9752249134934599
test_107_p0003,0,0.0,0.0,0.0,0.9810380622823792
test_107_p0004,0,0.0,0.0,0.0,0.9715458276320499
test_107_p0005,0,0.0,0.0,0.0,0.9999999999986159
test_107_p0100,0,0.0,0.0,0.0,0.9746922024610469
test_107_p0101,713,0.8580858085751942,0.810473815451241,0.9116409537039041,0.9709302325568268
test_107_p0102,2002,0.7695227765705815,0.8416370106711647,0.7087912087876684,0.8837209302313492
test_107_p0103,1335,0.1295264623946412,0.9207920791167533,0.0696629213477928,0.829001367987922
test_107_p0104,0,0.0,0.0,0.0,0.9574094104908635
test_107_p0105,0,0.0,0.0,0.0,0.999999999998632
test_107_p0200,0,0.0,0.0,0.0,0.9977854671266467
test_107_p0201,0,0.0,0.0,0.0,0.999999999998632
test_107_p0202,0,0.0,0.0,0.0,0.9999999999986159
test_107_p0203,1754,0.0,0.0,0.0,0.7572318339089865
test_107_p0204,169,0.0,0.0,0.0,0.9673050615581843
test_107_p0205,0,0.0,0.0,0.0,0.9999999999986159
test_107_p0300,0,0.0,0.0,0.0,0.9997231833896197
test_107_p0301,0,0.0,0.0,0.0,0.999999999998632
test_107_p0302,0,0.0,0.0,0.0,0.9999999999986159
test_107_p0303,173,0.0,0.0,0.0,0.9760553633204484
test_107_p0304,16,0.07048458149624483,0.036529680364462795,0.999999999375,0.9422708618318163
test_107_p0305,0,0.0,0.0,0.0,0.9997231833896197
test_107_p0400,0,0.0,0.0,0.0,0.999999999998632
test_107_p0401,0,0.0,0.0,0.0,0.999999999998648
test_107_p0402,0,0.0,0.0,0.0,0.999999999998632
test_107_p0403,0,0.0,0.0,0.0,0.999999999998632
test_107_p0404,0,0.0,0.0,0.0,0.999999999998648
test_107_p0405,0,0.0,0.0,0.0,0.999999999998632
test_107_p0500,0,0.0,0.0,0.0,0.9851903114173215
test_107_p0501,0,0.0,0.0,0.0,0.999999999998632
test_107_p0502,0,0.0,0.0,0.0,0.9999999999986159
test_107_p0503,0,0.0,0.0,0.0,0.9999999999986159
test_107_p0504,0,0.0,0.0,0.0,0.999999999998632
test_107_p0505,0,0.0,0.0,0.0,0.9999999999986159
test_108_b0000,0,0.0,0.0,0.0,0.9240138408291709
test_108_b0001,1346,0.9608811241892865,0.9829059828983459,0.9398216939008929,0.9857439446353139
test_108_b0002,181,0.6811881187983923,0.5308641975144794,0.9502762430414211,0.9777162629744253
test_108_b0003,0,0.0,0.0,0.0,0.9844982698948311
test_108_b0004,0,0.0,0.0,0.0,0.91183391003334
test_108_b0100,0,0.0,0.0,0.0,0.9217993079572017
test_108_b0101,115,0.5910447761017599,0.44999999997954543,0.8608695651425331,0.9810380622823792
test_108_b0102,1032,0.7412298803106017,0.6455787203404344,0.8701550387512583,0.9132179930783209
test_108_b0103,544,0.6498002663072584,0.5093945720197349,0.8970588235129217,0.9271972318326267
test_108_b0104,0,0.0,0.0,0.0,0.975363321797958
test_108_b0200,0,0.0,0.0,0.0,0.9725951557079964
test_108_b0201,0,0.0,0.0,0.0,0.9911418685107389
test_108_b0202,0,0.0,0.0,0.0,0.9999999999986159
test_108_b0203,799,0.7671232876653948,0.9786407766800264,0.630788485599114,0.9576470588222039
test_108_b0204,0,0.0,0.0,0.0,0.9320415224900594
test_108_b0300,0,0.0,0.0,0.0,0.9944636678186928
test_108_b0301,0,0.0,0.0,0.0,0.9986159169536352
test_108_b0302,0,0.0,0.0,0.0,0.9999999999986159
test_108_b0303,902,0.3856893542723762,0.9057377048809123,0.2450110864717848,0.9025605536319687
test_108_b0304,0,0.0,0.0,0.0,0.9990311418671294
test_108_b0400,0,0.0,0.0,0.0,0.9969550172996582
test_108_b0401,0,0.0,0.0,0.0,0.9999999999986159
test_108_b0402,0,0.0,0.0,0.0,0.9640138408291156
test_108_b0403,700,0.5275016567228131,0.4919653893635109,0.5685714285633061,0.9013148788914861
test_108_b0404,0,0.0,0.0,0.0,0.9999999999986159
test_108_p0000,0,0.0,0.0,0.0,0.9999999999986159
test_108_p0001,0,0.0,0.0,0.0,0.999999999998632
test_108_p0002,0,0.0,0.0,0.0,0.9999999999986159
test_108_p0003,0,0.0,0.0,0.0,0.9999999999986159
test_108_p0004,0,0.0,0.0,0.0,0.999999999998632
test_108_p0005,0,0.0,0.0,0.0,0.9999999999986159
test_108_p0100,0,0.0,0.0,0.0,0.995896032830375
test_108_p0101,673,0.718569780849374,0.5871819038587448,0.9257057949342391,0.9340183883167469
test_108_p0102,1577,0.9028677150758468,0.8787515005949655,0.9283449587766117,0.9569083447319331
test_108_p0103,521,0.5094035464776496,0.35373134328094236,0.9097888675449176,0.8751025991780095
test_108_p0104,0,0.0,0.0,0.0,0.9936452136276451
test_108_p0105,0,0.0,0.0,0.0,0.999999999998632
test_108_p0200,0,0.0,0.0,0.0,0.9999999999986159
test_108_p0201,0,0.0,0.0,0.0,0.9266757865924395
test_108_p0202,0,0.0,0.0,0.0,0.9946020761231908
test_108_p0203,909,0.8916666666613592,0.9714656290405776,0.8239823982307592,0.9748096885799656
test_108_p0204,0,0.0,0.0,0.0,0.8740082079331409
test_108_p0205,0,0.0,0.0,0.0,0.9999999999986159
test_108_p0300,0,0.0,0.0,0.0,0.9999999999986159
test_108_p0301,0,0.0,0.0,0.0,0.9934336525294207
test_108_p0302,0,0.0,0.0,0.0,0.9999999999986159
test_108_p0303,658,0.2953367875609412,0.9999999999122807,0.17325227963262535,0.9247058823516613
test_108_p0304,59,0.0,0.0,0.0,0.9525307797524589
test_108_p0305,0,0.0,0.0,0.0,0.9999999999986159
test_108_p0400,0,0.0,0.0,0.0,0.999999999998632
test_108_p0401,0,0.0,0.0,0.0,0.9867495943740039
test_108_p0402,0,0.0,0.0,0.0,0.999999999998632
test_108_p0403,225,0.0,0.0,0.0,0.9692202462367042
test_108_p0404,691,0.011510791366740852,0.9999999975,0.005788712011493651,0.9071119524054798
test_108_p0405,0,0.0,0.0,0.0,0.999999999998632
test_108_p0500,0,0.0,0.0,0.0,0.9999999999986159
test_108_p0501,0,0.0,0.0,0.0,0.999999999998632
test_108_p0502,0,0.0,0.0,0.0,0.9999999999986159
test_108_p0503,138,0.0,0.0,0.0,0.9808996539778811
test_108_p0504,586,0.0,0.0,0.0,0.9198358413120111
test_108_p0505,0,0.0,0.0,0.0,0.9999999999986159
test_109_b0000,489,0.6383561643791894,0.47991761070566513,0.9529652351543361,0.9269204152236306
test_109_b0001,1390,0.750260507117922,0.7253190060394539,0.7769784172605974,0.9004844290644977
test_109_b0002,97,0.04926108374349571,0.026435045317020886,0.3608247422308428,0.8130103806217122
test_109_b0003,0,0.0,0.0,0.0,0.9999999999986159
test_109_b0004,0,0.0,0.0,0.0,0.9999999999986159
test_109_b0100,0,0.0,0.0,0.0,0.9999999999986159
test_109_b0101,15,0.0,0.0,0.0,0.9979238754311448
test_109_b0102,1896,0.8710881424034709,0.9558916194016642,0.8001054852278476,0.9378546712789788
test_109_b0103,57,0.0,0.0,0.0,0.9778546712789234
test_109_b0104,0,0.0,0.0,0.0,0.9997231833896197
test_109_b0200,0,0.0,0.0,0.0,0.9999999999986159
test_109_b0201,28,0.0,0.0,0.0,0.9923875432512216
test_109_b0202,1525,0.8765049879570812,0.9218523878370344,0.8354098360600958,0.9503114186838059
test_109_b0203,831,0.021428571428316327,0.9999999988888888,0.010830324909616964,0.8862283737011956
test_109_b0204,0,0.0,0.0,0.0,0.9994463667806236
test_109_b0300,0,0.0,0.0,0.0,0.9593079584761809
test_109_b0301,623,0.7644927536162637,0.8773388773206374,0.6773675762331081,0.9640138408291156
test_109_b0302,69,0.0,0.0,0.0,0.9904498269882486
test_109_b0303,197,0.0,0.0,0.0,0.9727335640124946
test_109_b0304,0,0.0,0.0,0.0,0.9999999999986159
test_109_b0400,0,0.0,0.0,0.0,0.9999999999986159
test_109_b0401,0,0.0,0.0,0.0,0.9999999999986159
test_109_b0402,0,0.0,0.0,0.0,0.9999999999986159
test_109_b0403,0,0.0,0.0,0.0,0.9999999999986159
test_109_b0404,0,0.0,0.0,0.0,0.9999999999986159
test_109_p0000,0,0.0,0.0,0.0,0.9159861591682824
test_109_p0001,575,0.8901623686638954,0.9872881355723032,0.8104347825946011,0.9842681258536468
test_109_p0002,0,0.0,0.0,0.0,0.98602076124431
test_109_p0003,0,0.0,0.0,0.0,0.9999999999986159
test_109_p0004,0,0.0,0.0,0.0,0.999999999998632
test_109_p0005,0,0.0,0.0,0.0,0.9999999999986159
test_109_p0100,0,0.0,0.0,0.0,0.9569083447319331
test_109_p0101,544,0.5010752688118164,0.6036269429895433,0.42830882352153843,0.937263385612578
test_109_p0102,1521,0.7318280235053145,0.69100467289316,0.7777777777726642,0.8813953488360036
test_109_p0103,300,0.3933434190590519,0.25440313111297064,0.8666666666377778,0.8902872777005605
test_109_p0104,0,0.0,0.0,0.0,0.9830989724161938
test_109_p0105,0,0.0,0.0,0.0,0.999042407659372
test_109_p0200,0,0.0,0.0,0.0,0.9993079584761255
test_109_p0201,0,0.0,0.0,0.0,0.999999999998632
test_109_p0202,965,0.9454360020349545,0.9307228915569205,0.9606217616480764,0.9851903114173215
test_109_p0203,1040,0.8472527472480921,0.9884615384488659,0.7413461538390256,0.9615224913481502
test_109_p0204,0,0.0,0.0,0.0,0.999999999998632
test_109_p0205,0,0.0,0.0,0.0,0.9976470588221485
test_109_p0300,0,0.0,0.0,0.0,0.9533564013827636
test_109_p0301,0,0.0,0.0,0.0,0.9677154582750099
test_109_p0302,989,0.8903826266758512,0.9111111111014697,0.8705763397283056,0.9706574394450234
test_109_p0303,557,0.6096654275017389,0.9839999999606399,0.4416517055576005,0.9564013840817213
test_109_p0304,510,0.0,0.0,0.0,0.9302325581382623
test_109_p0305,0,0.0,0.0,0.0,0.9997231833896197
test_109_p0400,0,0.0,0.0,0.0,0.9923392612845522
test_109_p0401,0,0.0,0.0,0.0,0.999999999998648
test_109_p0402,252,0.6222222222068587,0.8235294117108803,0.4999999999801587,0.9790697674405211
test_109_p0403,0,0.0,0.0,0.0,0.999999999998632
test_109_p0404,0,0.0,0.0,0.0,0.999999999998648
test_109_p0405,0,0.0,0.0,0.0,0.999999999998632
test_109_p0500,0,0.0,0.0,0.0,0.9653979238740964
test_109_p0501,0,0.0,0.0,0.0,0.999999999998632
test_109_p0502,0,0.0,0.0,0.0,0.9999999999986159
test_109_p0503,0,0.0,0.0,0.0,0.9999999999986159
test_109_p0504,0,0.0,0.0,0.0,0.999999999998632
test_109_p0505,0,0.0,0.0,0.0,0.9999999999986159
test_10_b0000,1644,0.7257657657631504,0.890362511044294,0.6125304136215783,0.8946712802755783
test_10_b0001,1583,0.8999052731263029,0.8996212121155328,0.9001895135761202,0.9561245674727251
test_10_b0002,884,0.9349179400060277,0.9354473386077525,0.9343891402609232,0.9840830449813369
test_10_b0003,0,0.0,0.0,0.0,0.9846366781993292
test_10_b0004,0,0.0,0.0,0.0,0.9792387543239042
test_10_b0100,0,0.0,0.0,0.0,0.9999999999986159
test_10_b0101,557,0.5257595772717866,0.99499999995025,0.35727109514618904,0.9503114186838059
test_10_b0102,1738,0.9045077105548502,0.9332925336540191,0.8774453394656074,0.9554325259502348
test_10_b0103,869,0.8995327102751196,0.9134045076997224,0.886075949356892,0.9761937716249465
test_10_b0104,488,0.79665071769382,0.9568965516966409,0.6823770491663447,0.9764705882339426
test_10_b0200,0,0.0,0.0,0.0,0.9999999999986159
test_10_b0201,0,0.0,0.0,0.0,0.9999999999986159
test_10_b0202,1208,0.9286012526057261,0.9368155012557977,0.9205298013168831,0.9763321799294445
test_10_b0203,381,0.12621359222994627,0.8387096771488033,0.06824146981448186,0.9501730103793077
test_10_b0204,313,0.44588744587779466,0.6912751677388406,0.3290734824176015,0.9645674740471079
test_10_b0300,0,0.0,0.0,0.0,0.9999999999986159
test_10_b0301,0,0.0,0.0,0.0,0.9999999999986159
test_10_b0302,440,0.8524590163826928,0.9575070821258497,0.7681818181643595,0.9838062283723408
test_10_b0303,632,0.7509829619872151,0.6409395973082669,0.9066455696059075,0.9474048442893461
test_10_b0304,0,0.0,0.0,0.0,0.9972318339086543
test_10_b0400,0,0.0,0.0,0.0,0.9999999999986159
test_10_b0401,0,0.0,0.0,0.0,0.9999999999986159
test_10_b0402,0,0.0,0.0,0.0,0.9999999999986159
test_10_b0403,1560,0.9344155844125507,0.9467105263095612,0.9224358974299844,0.9720415224900041
test_10_b0404,269,0.697115384598627,0.9863945577560276,0.5390334572290322,0.982560553631858
test_10_p0000,1007,0.7860011474424211,0.9307065217264849,0.6802383316714972,0.9483737024208327
test_10_p0001,1012,0.5090484530034498,0.6219686162536096,0.4308300395214345,0.8849521203818264
test_10_p0002,573,0.942206654982993,0.9455184534104478,0.9389179755508043,0.9908650519017428
test_10_p0003,0,0.0,0.0,0.0,0.9739792387529772
test_10_p0004,0,0.0,0.0,0.0,0.999999999998632
test_10_p0005,0,0.0,0.0,0.0,0.9999999999986159
test_10_p0100,0,0.0,0.0,0.0,0.9793433652517383
test_10_p0101,656,0.9061345158839162,0.879483500704742,0.9344512194979504,0.9828285559748745
test_10_p0102,1666,0.9209448818868632,0.9688535453878804,0.8775510204028959,0.9656634746908814
test_10_p0103,819,0.9199507389105915,0.9279503105474789,0.9120879120767754,0.9822161422695181
test_10_p0104,622,0.9404388714659841,0.9174311926465224,0.9646302250648773,0.9897241752285157
test_10_p0105,193,0.47430830037650956,0.9999999998333333,0.3108808289994362,0.9818057455526925
test_10_p0200,0,0.0,0.0,0.0,0.9999999999986159
test_10_p0201,0,0.0,0.0,0.0,0.999999999998632
test_10_p0202,1463,0.860150375936616,0.955722639925182,0.7819548872127003,0.9485121107253308
test_10_p0203,764,0.7829083390711034,0.8267831149806872,0.7434554973724679,0.9564013840817213
test_10_p0204,382,0.4944237918123713,0.852564102509451,0.3481675392579014,0.9627906976731015
test_10_p0205,140,0.0,0.0,0.0,0.980622837368885
test_10_p0300,0,0.0,0.0,0.0,0.9999999999986159
test_10_p0301,0,0.0,0.0,0.0,0.999999999998632
test_10_p0302,70,0.0,0.0,0.0,0.9903114186837505
test_10_p0303,1108,0.9324324324282324,0.9307553956750833,0.9341155234572734,0.9792387543239042
test_10_p0304,0,0.0,0.0,0.0,0.999999999998632
test_10_p0305,0,0.0,0.0,0.0,0.9999999999986159
test_10_p0400,0,0.0,0.0,0.0,0.999999999998632
test_10_p0401,0,0.0,0.0,0.0,0.999999999998648
test_10_p0402,0,0.0,0.0,0.0,0.999999999998632
test_10_p0403,1165,0.8940423830432066,0.8368263472991256,0.9596566523522777,0.9637482900123615
test_10_p0404,465,0.858585858577186,0.80952380950839,0.9139784946040005,0.9810708491062993
test_10_p0405,0,0.0,0.0,0.0,0.999999999998632
test_10_p0500,0,0.0,0.0,0.0,0.9999999999986159
test_10_p0501,0,0.0,0.0,0.0,0.999999999998632
test_10_p0502,0,0.0,0.0,0.0,0.9999999999986159
test_10_p0503,0,0.0,0.0,0.0,0.9999999999986159
test_10_p0504,994,0.008016032064047935,0.9999999975,0.004024144869174807,0.8645690834461497
test_10_p0505,0,0.0,0.0,0.0,0.9999999999986159
test_110_b0000,0,0.0,0.0,0.0,0.9420069204139211
test_110_b0001,0,0.0,0.0,0.0,0.9990311418671294
test_110_b0002,0,0.0,0.0,0.0,0.9584775086491925
test_110_b0003,0,0.0,0.0,0.0,0.9262283737011402
test_110_b0004,0,0.0,0.0,0.0,0.9569550172997136
test_110_b0100,0,0.0,0.0,0.0,0.9249826989606574
test_110_b0101,1467,0.83923705721785,0.8386657590140323,0.8398091342819373,0.9346712802755229
test_110_b0102,1320,0.7662593614475118,0.7986852916943412,0.7363636363580579,0.9179238754312555
test_110_b0103,0,0.0,0.0,0.0,0.8845674740472186
test_110_b0104,0,0.0,0.0,0.0,0.8907958477496322
test_110_b0200,0,0.0,0.0,0.0,0.9822837370228619
test_110_b0201,0,0.0,0.0,0.0,0.9998615916941178
test_110_b0202,902,0.630711610482167,0.9722863741114945,0.4667405764914995,0.9317647058810633
test_110_b0203,1086,0.6062948647122789,0.7572413792999001,0.5055248618737982,0.9013148788914861
test_110_b0204,0,0.0,0.0,0.0,0.994878892732187
test_110_b0300,0,0.0,0.0,0.0,0.9984775086491371
test_110_b0301,0,0.0,0.0,0.0,0.9999999999986159
test_110_b0302,328,0.0,0.0,0.0,0.9546020761232462
test_110_b0303,1488,0.4910237748641872,0.88307155321321,0.3400537634385749,0.8548096885801317
test_110_b0304,870,0.8394403730790178,0.9984152139302945,0.7241379310261593,0.966643598614579
test_110_b0400,0,0.0,0.0,0.0,0.9461591695488635
test_110_b0401,0,0.0,0.0,0.0,0.9998615916941178
test_110_b0402,0,0.0,0.0,0.0,0.9999999999986159
test_110_b0403,462,0.0,0.0,0.0,0.9298269896180902
test_110_b0404,854,0.4126394052006261,0.9999999999549549,0.2599531615894619,0.9125259515558304
test_110_p0000,0,0.0,0.0,0.0,0.9999999999986159
test_110_p0001,0,0.0,0.0,0.0,0.999999999998632
test_110_p0002,0,0.0,0.0,0.0,0.9999999999986159
test_110_p0003,0,0.0,0.0,0.0,0.9999999999986159
test_110_p0004,0,0.0,0.0,0.0,0.999999999998632
test_110_p0005,0,0.0,0.0,0.0,0.9999999999986159
test_110_p0100,0,0.0,0.0,0.0,0.9987688098481549
test_110_p0101,441,0.7738419618458325,0.6454545454447659,0.9659863945359186,0.9663331530543993
test_110_p0102,1048,0.8397193739835958,0.9664596273171868,0.7423664122066569,0.9593707250328873
test_110_p0103,91,0.31223628691324395,0.19321148824560805,0.813186813097452,0.9554035567702389
test_110_p0104,0,0.0,0.0,0.0,0.8716873985926559
test_110_p0105,0,0.0,0.0,0.0,0.999999999998632
test_110_p0200,0,0.0,0.0,0.0,0.9999999999986159
test_110_p0201,18,0.0689655172397939,0.03597122302072012,0.8333333328703704,0.944596443227162
test_110_p0202,1022,0.8844919786048958,0.9752358490451033,0.8091976516554873,0.970103806227031
test_110_p0203,1188,0.5249788314965073,0.5281090289563194,0.5218855218811289,0.844705882351772
test_110_p0204,0,0.0,0.0,0.0,0.9240766073858768
test_110_p0205,0,0.0,0.0,0.0,0.9999999999986159
test_110_p0300,0,0.0,0.0,0.0,0.9999999999986159
test_110_p0301,0,0.0,0.0,0.0,0.9885088919275123
test_110_p0302,0,0.0,0.0,0.0,0.9999999999986159
test_110_p0303,986,0.6108786610836062,0.9776785714067482,0.4442190669326144,0.9227681660886882
test_110_p0304,1297,0.6525773195842651,0.9844479004512527,0.4880493446377175,0.9077975376184572
test_110_p0305,0,0.0,0.0,0.0,0.9999999999986159
test_110_p0400,0,0.0,0.0,0.0,0.999999999998632
test_110_p0401,0,0.0,0.0,0.0,0.9666035694957185
test_110_p0402,1,0.0,0.0,0.0,0.9997264021874149
test_110_p0403,868,0.06359649122737285,0.6590909089411157,0.03341013824846302,0.8831737346089149
test_110_p0404,1485,0.5392927308421449,0.9963702359165812,0.3696969696944802,0.8731746890199119
test_110_p0405,228,0.0,0.0,0.0,0.9688098495198785
test_110_p0500,0,0.0,0.0,0.0,0.9999999999986159
test_110_p0501,0,0.0,0.0,0.0,0.999999999998632
test_110_p0502,0,0.0,0.0,0.0,0.9999999999986159
test_110_p0503,83,0.0,0.0,0.0,0.9885121107252755
test_110_p0504,91,0.0,0.0,0.0,0.9875512995882524
test_110_p0505,0,0.0,0.0,0.0,0.9999999999986159
test_111_b0000,0,0.0,0.0,0.0,0.9999999999986159
test_111_b0001,143,0.33832335328834845,0.21523809523399545,0.7902097901545307,0.9388235294104653
test_111_b0002,0,0.0,0.0,0.0,0.9999999999986159
test_111_b0003,0,0.0,0.0,0.0,0.9879584775072832
test_111_b0004,0,0.0,0.0,0.0,0.9426989619364115
test_111_b0100,0,0.0,0.0,0.0,0.9038062283724515
test_111_b0101,2118,0.5901345291462179,0.8044009779885543,0.46600566572017943,0.8102422145317505
test_111_b0102,990,0.7162162162118169,0.913793103433953,0.5888888888829406,0.9360553633205038
test_111_b0103,291,0.0,0.0,0.0,0.9597231833896751
test_111_b0104,0,0.0,0.0,0.0,0.9875432525937888
test_111_b0200,0,0.0,0.0,0.0,0.9997231833896197
test_111_b0201,102,0.0,0.0,0.0,0.985882352939812
test_111_b0202,788,0.6821589205346166,0.8333333333180708,0.5774111675053628,0.9413148788914307
test_111_b0203,596,0.0,0.0,0.0,0.9175086505177612
test_111_b0204,208,0.19424460430955953,0.3857142856591837,0.12980769230145156,0.9689965397910464
test_111_b0300,0,0.0,0.0,0.0,0.9807612456733831
test_111_b0301,0,0.0,0.0,0.0,0.9999999999986159
test_111_b0302,0,0.0,0.0,0.0,0.9999999999986159
test_111_b0303,169,0.0,0.0,0.0,0.9766089965384407
test_111_b0304,67,0.0,0.0,0.0,0.9685813148775522
test_111_b0400,0,0.0,0.0,0.0,0.9429757785454077
test_111_b0401,0,0.0,0.0,0.0,0.9999999999986159
test_111_b0402,0,0.0,0.0,0.0,0.9999999999986159
test_111_b0403,0,0.0,0.0,0.0,0.9999999999986159
test_111_b0404,0,0.0,0.0,0.0,0.998200692040141
test_111_p0000,0,0.0,0.0,0.0,0.9954325259501794
test_111_p0001,0,0.0,0.0,0.0,0.999999999998632
test_111_p0002,0,0.0,0.0,0.0,0.9999999999986159
test_111_p0003,0,0.0,0.0,0.0,0.9999999999986159
test_111_p0004,0,0.0,0.0,0.0,0.999999999998632
test_111_p0005,0,0.0,0.0,0.0,0.9999999999986159
test_111_p0100,0,0.0,0.0,0.0,0.9742818057442213
test_111_p0101,125,0.28191489360952354,0.2111553784776432,0.42399999996608,0.9634937804205469
test_111_p0102,1131,0.6798647996104304,0.7489361702047985,0.622458001762843,0.9093023255801514
test_111_p0103,155,0.0,0.0,0.0,0.9787961696293039
test_111_p0104,0,0.0,0.0,0.0,0.9103569497013111
test_111_p0105,0,0.0,0.0,0.0,0.9968536251696349
test_111_p0200,0,0.0,0.0,0.0,0.978961937714908
test_111_p0201,633,0.0,0.0,0.0,0.8558139534872014
test_111_p0202,1449,0.4670413898800867,0.8996062991948897,0.31538992408339966,0.8556401384071203
test_111_p0203,846,0.27626459143700133,0.780219780176911,0.16784869976160935,0.8970242214520456
test_111_p0204,348,0.11157024793157913,0.19852941175010813,0.07758620689432223,0.9411764705869478
test_111_p0205,0,0.0,0.0,0.0,0.9999999999986159
test_111_p0300,0,0.0,0.0,0.0,0.9999999999986159
test_111_p0301,0,0.0,0.0,0.0,0.999999999998632
test_111_p0302,0,0.0,0.0,0.0,0.9999999999986159
test_111_p0303,367,0.0,0.0,0.0,0.9492041522478212
test_111_p0304,445,0.0,0.0,0.0,0.9391244870028193
test_111_p0305,0,0.0,0.0,0.0,0.9990311418671294
test_111_p0400,0,0.0,0.0,0.0,0.999999999998632
test_111_p0401,0,0.0,0.0,0.0,0.999999999998648
test_111_p0402,0,0.0,0.0,0.0,0.999999999998632
test_111_p0403,0,0.0,0.0,0.0,0.999999999998632
test_111_p0404,0,0.0,0.0,0.0,0.999999999998648
test_111_p0405,0,0.0,0.0,0.0,0.999999999998632
test_111_p0500,0,0.0,0.0,0.0,0.9999999999986159
test_111_p0501,0,0.0,0.0,0.0,0.999999999998632
test_111_p0502,0,0.0,0.0,0.0,0.9999999999986159
test_111_p0503,0,0.0,0.0,0.0,0.9999999999986159
test_111_p0504,0,0.0,0.0,0.0,0.999999999998632
test_111_p0505,0,0.0,0.0,0.0,0.9999999999986159
test_112_b0000,0,0.0,0.0,0.0,0.998200692040141
test_112_b0001,0,0.0,0.0,0.0,0.9999999999986159
test_112_b0002,0,0.0,0.0,0.0,0.9053287197219304
test_112_b0003,0,0.0,0.0,0.0,0.9785467128014138
test_112_b0004,0,0.0,0.0,0.0,0.9867128027668004
test_112_b0100,0,0.0,0.0,0.0,0.9999999999986159
test_112_b0101,67,0.0,0.0,0.0,0.9904498269882486
test_112_b0102,1011,0.8665667166373485,0.8757575757487297,0.8575667655701527,0.9630449826976291
test_112_b0103,0,0.0,0.0,0.0,0.9999999999986159
test_112_b0104,0,0.0,0.0,0.0,0.9975086505176505
test_112_b0200,0,0.0,0.0,0.0,0.9999999999986159
test_112_b0201,649,0.7752808988691454,0.9880668257520747,0.637904468403114,0.9667820069190771
test_112_b0202,857,0.7988787666377094,0.9999999999824561,0.6651108518008738,0.9602768166076675
test_112_b0203,0,0.0,0.0,0.0,0.9997231833896197
test_112_b0204,0,0.0,0.0,0.0,0.9692733564000425
test_112_b0300,0,0.0,0.0,0.0,0.9999999999986159
test_112_b0301,1299,0.8463194145465075,0.9599609374906255,0.7567359507255064,0.950588235292802
test_112_b0302,897,0.9410443570974675,0.9479638008942538,0.9342251950843453,0.9854671280263178
test_112_b0303,924,0.850402761790274,0.9078624078512547,0.7997835497748941,0.9640138408291156
test_112_b0304,629,0.055641421946589775,0.9999999994444444,0.028616852145808953,0.9154325259502901
test_112_b0400,0,0.0,0.0,0.0,0.9999999999986159
test_112_b0401,19,0.08365019011088783,0.04508196721126713,0.5789473681163435,0.966643598614579
test_112_b0402,825,0.8586810228744369,0.9652042359914492,0.7733333333239596,0.9709342560540195
test_112_b0403,483,0.6974063400509376,0.6505376343969438,0.7515527950154958,0.9564013840817213
test_112_b0404,462,0.17863397547848275,0.4678899082139551,0.110389610387221,0.9350865051890171
test_112_p0000,0,0.0,0.0,0.0,0.9999999999986159
test_112_p0001,0,0.0,0.0,0.0,0.999999999998632
test_112_p0002,0,0.0,0.0,0.0,0.9999999999986159
test_112_p0003,0,0.0,0.0,0.0,0.9515570934242885
test_112_p0004,0,0.0,0.0,0.0,0.999999999998632
test_112_p0005,0,0.0,0.0,0.0,0.9999999999986159
test_112_p0100,0,0.0,0.0,0.0,0.999999999998632
test_112_p0101,0,0.0,0.0,0.0,0.999999999998648
test_112_p0102,59,0.7433628317926227,0.7777777776337449,0.7118644066590061,0.9960328317359836
test_112_p0103,152,0.3414071510917946,0.20699300699011197,0.9736842104622576,0.9218878248961397
test_112_p0104,0,0.0,0.0,0.0,0.9859383450500461
test_112_p0105,0,0.0,0.0,0.0,0.9998632010930235
test_112_p0200,0,0.0,0.0,0.0,0.9999999999986159
test_112_p0201,0,0.0,0.0,0.0,0.999999999998632
test_112_p0202,1596,0.8268196486166124,0.9664710812995267,0.7224310776897092,0.9331487889260441
test_112_p0203,66,0.619883040899422,0.5047619047138322,0.8030303029086319,0.9910034602062409
test_112_p0204,0,0.0,0.0,0.0,0.999042407659372
test_112_p0205,0,0.0,0.0,0.0,0.9999999999986159
test_112_p0300,0,0.0,0.0,0.0,0.9984775086491371
test_112_p0301,0,0.0,0.0,0.0,0.999999999998632
test_112_p0302,1353,0.8057675996573123,0.9452736318313903,0.7021433850650248,0.936608996538496
test_112_p0303,23,0.0,0.0,0.0,0.9951557093411831
test_112_p0304,588,0.25409836065226643,0.6458333332884838,0.15816326530343258,0.925307797536354
test_112_p0305,0,0.0,0.0,0.0,0.9999999999986159
test_112_p0400,0,0.0,0.0,0.0,0.999999999998632
test_112_p0401,0,0.0,0.0,0.0,0.9941860465102837
test_112_p0402,1599,0.8829750938216208,0.9714714714641782,0.80925578486048,0.9530779753748932
test_112_p0403,1627,0.8175746924400086,0.9548440065603051,0.714812538409866,0.9290013679877852
test_112_p0404,588,0.46506777893154255,0.6010781670997014,0.37925170067382225,0.930638182800256
test_112_p0405,765,0.0,0.0,0.0,0.8953488372080776
test_112_p0500,0,0.0,0.0,0.0,0.9969550172996582
test_112_p0501,0,0.0,0.0,0.0,0.999999999998632
test_112_p0502,0,0.0,0.0,0.0,0.9999999999986159
test_112_p0503,0,0.0,0.0,0.0,0.9999999999986159
test_112_p0504,0,0.0,0.0,0.0,0.999999999998632
test_112_p0505,0,0.0,0.0,0.0,0.9999999999986159
test_113_b0000,66,0.12374581939592398,0.06954887217914382,0.5606060605211204,0.9274740484416228
test_113_b0001,1061,0.7826961770584372,0.8392664509078828,0.7332704995218354,0.940207612455446
test_113_b0002,43,0.0,0.0,0.0,0.871003460206407
test_113_b0003,0,0.0,0.0,0.0,0.9444982698948865
test_113_b0004,0,0.0,0.0,0.0,0.9952941176456813
test_113_b0100,665,0.8222643896216176,0.7096069868918166,0.977443609007858,0.9611072664346559
test_113_b0101,1495,0.7489812550906725,0.958289885287192,0.6147157190594333,0.9147404844277996
test_113_b0102,874,0.5979869745376082,0.619631901832888,0.5778032036547162,0.9060207612444208
test_113_b0103,435,0.04835924006824941,0.09722222221547068,0.03218390804523715,0.9237370242201748
test_113_b0104,0,0.0,0.0,0.0,0.9880968858117812
test_113_b0200,0,0.0,0.0,0.0,0.9999999999986159
test_113_b0201,974,0.6643835616392851,0.9979423868107419,0.49794661190453854,0.9321799307945575
test_113_b0202,802,0.9149214659625987,0.9628099173421101,0.8715710723083345,0.9820069204138657
test_113_b0203,340,0.19628647214333458,0.9999999997297297,0.10882352940856402,0.9580622837356982
test_113_b0204,0,0.0,0.0,0.0,0.9999999999986159
test_113_b0300,0,0.0,0.0,0.0,0.9999999999986159
test_113_b0301,444,0.47694753576348253,0.8108108107669831,0.33783783783022886,0.9544636678187481
test_113_b0302,0,0.0,0.0,0.0,0.9972318339086543
test_113_b0303,890,0.8151041666613601,0.969040247663018,0.7033707865089509,0.9606920415211617
test_113_b0304,95,0.6619718309392977,0.999999999787234,0.49473684205318563,0.9933564013827082
test_113_b0400,0,0.0,0.0,0.0,0.9999999999986159
test_113_b0401,0,0.0,0.0,0.0,0.9876816608982869
test_113_b0402,0,0.0,0.0,0.0,0.994878892732187
test_113_b0403,88,0.0,0.0,0.0,0.9878200692027851
test_113_b0404,0,0.0,0.0,0.0,0.9999999999986159
test_113_p0000,0,0.0,0.0,0.0,0.9999999999986159
test_113_p0001,0,0.0,0.0,0.0,0.999999999998632
test_113_p0002,0,0.0,0.0,0.0,0.9869896193757965
test_113_p0003,0,0.0,0.0,0.0,0.9957093425591755
test_113_p0004,0,0.0,0.0,0.0,0.999999999998632
test_113_p0005,0,0.0,0.0,0.0,0.9999999999986159
test_113_p0100,0,0.0,0.0,0.0,0.9953488372079408
test_113_p0101,1840,0.7894245723148074,0.9229090909023789,0.68967391303973,0.9084640346120761
test_113_p0102,914,0.5942028985478541,0.5320069204106228,0.6728665207803843,0.8850889192874349
test_113_p0103,480,0.2032622333738817,0.14542190305075925,0.33749999999296876,0.8262653898757507
test_113_p0104,0,0.0,0.0,0.0,0.9469983775000717
test_113_p0105,0,0.0,0.0,0.0,0.999999999998632
test_113_p0200,0,0.0,0.0,0.0,0.9999999999986159
test_113_p0201,1120,0.8833819241939583,0.9690831556399885,0.8116071428498964,0.9671682626525757
test_113_p0202,928,0.8600723763518694,0.9767123287537437,0.7683189655089621,0.9678892733550618
test_113_p0203,483,0.3156565656525801,0.40453074432347796,0.25879917183729195,0.9249826989606574
test_113_p0204,117,0.3733333333084444,0.8484848482277318,0.23931623929578494,0.9871409028714266
test_113_p0205,0,0.0,0.0,0.0,0.9999999999986159
test_113_p0300,0,0.0,0.0,0.0,0.9999999999986159
test_113_p0301,433,0.6480620154938285,0.9858490565572713,0.4826789838225709,0.9689466484254871
test_113_p0302,320,0.0,0.0,0.0,0.9557093425592309
test_113_p0303,830,0.9198738170288968,0.9655629138944959,0.8783132530014661,0.9824221453273599
test_113_p0304,153,0.2613636363487861,0.9999999995652173,0.15032679737579563,0.9822161422695181
test_113_p0305,0,0.0,0.0,0.0,0.9999999999986159
test_113_p0400,0,0.0,0.0,0.0,0.999999999998632
test_113_p0401,4,0.0,0.0,0.0,0.9964845862614975
test_113_p0402,131,0.24242424240955004,0.5882352939446367,0.1526717557135365,0.982900136797561
test_113_p0403,50,0.0,0.0,0.0,0.9827633378919525
test_113_p0404,621,0.6830265848600917,0.9355742296656702,0.5378421900074422,0.9580854515941616
test_113_p0405,0,0.0,0.0,0.0,0.999999999998632
test_113_p0500,0,0.0,0.0,0.0,0.9999999999986159
test_113_p0501,0,0.0,0.0,0.0,0.999999999998632
test_113_p0502,0,0.0,0.0,0.0,0.9999999999986159
test_113_p0503,0,0.0,0.0,0.0,0.9999999999986159
test_113_p0504,0,0.0,0.0,0.0,0.999999999998632
test_113_p0505,0,0.0,0.0,0.0,0.9999999999986159
test_114_b0000,0,0.0,0.0,0.0,0.9367474048429941
test_114_b0001,0,0.0,0.0,0.0,0.9335640138395384
test_114_b0002,0,0.0,0.0,0.0,0.9950173010366851
test_114_b0003,0,0.0,0.0,0.0,0.9999999999986159
test_114_b0004,0,0.0,0.0,0.0,0.9460207612443654
test_114_b0100,154,0.22692307691871302,0.1612021857879453,0.38311688309200537,0.9443598615903884
test_114_b0101,1101,0.7606774668602332,0.6396284829681758,0.9382379654774002,0.910034602074865
test_114_b0102,0,0.0,0.0,0.0,0.9999999999986159
test_114_b0103,0,0.0,0.0,0.0,0.9940484429051986
test_114_b0104,0,0.0,0.0,0.0,0.9291349480955998
test_114_b0200,1610,0.8754929577440127,0.8010309278309226,0.9652173912983527,0.9388235294104653
test_114_b0201,13,0.0,0.0,0.0,0.9634602076111233
test_114_b0202,961,0.895833333328422,0.9466975666170718,0.8501560874001024,0.9737024221439811
test_114_b0203,695,0.8478425435212125,0.8945686900815564,0.8057553956718596,0.9721799307945022
test_114_b0204,35,0.0,0.0,0.0,0.9043598615904438
test_114_b0300,611,0.6337943475608311,0.5009505703374435,0.8625204582510225,0.9157093425592863
test_114_b0301,1080,0.5551839464851996,0.69747899158687,0.4611111111068416,0.8895501730091494
test_114_b0302,824,0.5676243868215304,0.6716417910336377,0.49150485436296715,0.9146020761233016
test_114_b0303,573,0.6439560439489675,0.8694362017546161,0.5113438045285978,0.9551557093412385
test_114_b0304,1053,0.5354469396717946,0.4991789819335043,0.5773979107257607,0.8539792387531433
test_114_b0400,0,0.0,0.0,0.0,0.8835986159157321
test_114_b0401,0,0.0,0.0,0.0,0.9653979238740964
test_114_b0402,0,0.0,0.0,0.0,0.9404844290644423
test_114_b0403,0,0.0,0.0,0.0,0.9990311418671294
test_114_b0404,0,0.0,0.0,0.0,0.890519031140636
test_114_p0000,0,0.0,0.0,0.0,0.9999999999986159
test_114_p0001,0,0.0,0.0,0.0,0.9703146374815728
test_114_p0002,0,0.0,0.0,0.0,0.9941868512096966
test_114_p0003,0,0.0,0.0,0.0,0.9975086505176505
test_114_p0004,0,0.0,0.0,0.0,0.999999999998632
test_114_p0005,0,0.0,0.0,0.0,0.9695501730090387
test_114_p0100,0,0.0,0.0,0.0,0.999999999998632
test_114_p0101,428,0.7459165154197286,0.6097922848574214,0.9602803738093392,0.9621416982139506
test_114_p0102,34,0.23050847456845733,0.13026819922872535,0.9999999997058824,0.9689466484254871
test_114_p0103,0,0.0,0.0,0.0,0.999999999998632
test_114_p0104,0,0.0,0.0,0.0,0.999999999998648
test_114_p0105,0,0.0,0.0,0.0,0.937619699041125
test_114_p0200,368,0.8641370868927278,0.7861915367308198,0.9592391304087163,0.9846366781993292
test_114_p0201,1411,0.8286426790137918,0.8330945558679579,0.8242381289806929,0.9341997264009109
test_114_p0202,0,0.0,0.0,0.0,0.9864359861578043
test_114_p0203,0,0.0,0.0,0.0,0.9999999999986159
test_114_p0204,0,0.0,0.0,0.0,0.9489740082066361
test_114_p0205,0,0.0,0.0,0.0,0.9936332179917043
test_114_p0300,833,0.6485049833843953,0.7261904761796698,0.5858343337264605,0.9267820069191325
test_114_p0301,924,0.5334069574791088,0.544532130771764,0.5227272727216155,0.884404924759392
test_114_p0302,1438,0.7211895910750881,0.8880976602147701,0.6070931849749159,0.9065743944624131
test_114_p0303,1239,0.7923322683669908,0.9117647058727756,0.7005649717457582,0.9370242214519903
test_114_p0304,1003,0.7089108910863013,0.5880420499304334,0.8923230308983816,0.8994528043763346
test_114_p0305,1134,0.06319385140851244,0.9999999997297297,0.03262786596091157,0.848166089964224
test_114_p0400,0,0.0,0.0,0.0,0.9975376196976778
test_114_p0401,0,0.0,0.0,0.0,0.9127906976731844
test_114_p0402,0,0.0,0.0,0.0,0.9968536251696349
test_114_p0403,405,0.6013605442095052,0.6696969696766758,0.5456790123322054,0.9599179206553216
test_114_p0404,51,0.0,0.0,0.0,0.8819632233627881
test_114_p0405,4,0.0,0.0,0.0,0.9994528043761978
test_114_p0500,0,0.0,0.0,0.0,0.9901730103792523
test_114_p0501,0,0.0,0.0,0.0,0.999999999998632
test_114_p0502,0,0.0,0.0,0.0,0.9999999999986159
test_114_p0503,0,0.0,0.0,0.0,0.9999999999986159
test_114_p0504,0,0.0,0.0,0.0,0.999999999998632
test_114_p0505,0,0.0,0.0,0.0,0.9999999999986159
test_115_b0000,0,0.0,0.0,0.0,0.9994463667806236
test_115_b0001,915,0.7390557939882444,0.6084805653667246,0.9409836065470931,0.9158477508637843
test_115_b0002,0,0.0,0.0,0.0,0.9918339100332293
test_115_b0003,0,0.0,0.0,0.0,0.9377162629744806
test_115_b0004,0,0.0,0.0,0.0,0.9270588235281286
test_115_b0100,0,0.0,0.0,0.0,0.8985467128015245
test_115_b0101,189,0.767624020867686,0.7577319587238283,0.7777777777366255,0.9876816608982869
test_115_b0102,991,0.4117647058790798,0.9700374531471896,0.2613521695230943,0.8975778546700379
test_115_b0103,0,0.0,0.0,0.0,0.9999999999986159
test_115_b0104,0,0.0,0.0,0.0,0.9869896193757965
test_115_b0200,0,0.0,0.0,0.0,0.9976470588221485
test_115_b0201,0,0.0,0.0,0.0,0.9999999999986159
test_115_b0202,1281,0.006225680933803691,0.9999999975,0.003122560499585304,0.8232525951545699
test_115_b0203,329,0.48165137613574194,0.9813084111232423,0.3191489361605122,0.9687197231820502
test_115_b0204,0,0.0,0.0,0.0,0.9999999999986159
test_115_b0300,0,0.0,0.0,0.0,0.993079584773712
test_115_b0301,0,0.0,0.0,0.0,0.998339100344639
test_115_b0302,804,0.47826086956088537,0.8799999999706667,0.3283582089511398,0.9202768166077228
test_115_b0303,690,0.0028943560057468256,0.9999999900000002,0.0014492753622978366,0.9046366781994399
test_115_b0304,484,0.0,0.0,0.0,0.9330103806215461
test_115_b0400,0,0.0,0.0,0.0,0.9961245674726698
test_115_b0401,0,0.0,0.0,0.0,0.9703806228360272
test_115_b0402,656,0.0,0.0,0.0,0.9092041522478765
test_115_b0403,0,0.0,0.0,0.0,0.9999999999986159
test_115_b0404,321,0.0,0.0,0.0,0.9555709342547328
test_115_p0000,0,0.0,0.0,0.0,0.9999999999986159
test_115_p0001,0,0.0,0.0,0.0,0.999999999998632
test_115_p0002,0,0.0,0.0,0.0,0.9999999999986159
test_115_p0003,0,0.0,0.0,0.0,0.9658131487875906
test_115_p0004,0,0.0,0.0,0.0,0.9655266757852728
test_115_p0005,0,0.0,0.0,0.0,0.9973702422131524
test_115_p0100,0,0.0,0.0,0.0,0.9734610123105698
test_115_p0101,555,0.623346751002741,0.457770270266404,0.9765765765589806,0.9114386154665881
test_115_p0102,861,0.6368260427231087,0.5665158370989456,0.7270615563214046,0.9023255813941145
test_115_p0103,0,0.0,0.0,0.0,0.999999999998632
test_115_p0104,0,0.0,0.0,0.0,0.9974310438061149
test_115_p0105,0,0.0,0.0,0.0,0.999999999998632
test_115_p0200,0,0.0,0.0,0.0,0.9999999999986159
test_115_p0201,0,0.0,0.0,0.0,0.999999999998632
test_115_p0202,863,0.459483526264831,0.9923076922695266,0.29895712630012794,0.9159861591682824
test_115_p0203,575,0.010362694300339158,0.7499999981250001,0.005217391304257089,0.9206920415212171
test_115_p0204,0,0.0,0.0,0.0,0.999999999998632
test_115_p0205,0,0.0,0.0,0.0,0.9999999999986159
test_115_p0300,0,0.0,0.0,0.0,0.9999999999986159
test_115_p0301,0,0.0,0.0,0.0,0.9965800273584178
test_115_p0302,754,0.7758620689594369,0.9482758620507993,0.6564986737313462,0.9604152249121656
test_115_p0303,540,0.04347826086877757,0.9999999991666666,0.022222222221810698,0.9269204152236306
test_115_p0304,548,0.35276532136991384,0.9752066114896524,0.21532846714935533,0.9407660738701221
test_115_p0305,0,0.0,0.0,0.0,0.9999999999986159
test_115_p0400,0,0.0,0.0,0.0,0.999999999998632
test_115_p0401,0,0.0,0.0,0.0,0.9748512709559561
test_115_p0402,609,0.38258575197384453,0.973154362350795,0.2380952380913285,0.9359781121738222
test_115_p0403,336,0.0,0.0,0.0,0.9540355677141532
test_115_p0404,672,0.0,0.0,0.0,0.9091400757153744
test_115_p0405,88,0.0,0.0,0.0,0.987961696305078
test_115_p0500,0,0.0,0.0,0.0,0.9999999999986159
test_115_p0501,0,0.0,0.0,0.0,0.999999999998632
test_115_p0502,0,0.0,0.0,0.0,0.9999999999986159
test_115_p0503,233,0.0,0.0,0.0,0.9677508650505637
test_115_p0504,67,0.0,0.0,0.0,0.990834473322858
test_115_p0505,0,0.0,0.0,0.0,0.9999999999986159
test_116_b0000,0,0.0,0.0,0.0,0.9208304498257152
test_116_b0001,0,0.0,0.0,0.0,0.8625605536320241
test_116_b0002,0,0.0,0.0,0.0,0.9999999999986159
test_116_b0003,0,0.0,0.0,0.0,0.996678200690662
test_116_b0004,0,0.0,0.0,0.0,0.9957093425591755
test_116_b0100,0,0.0,0.0,0.0,0.9946020761231908
test_116_b0101,1090,0.8178603006153057,0.789249146750945,0.8486238532032238,0.9429757785454077
test_116_b0102,994,0.09433962264061944,0.7575757574609734,0.05030181086468509,0.8671280276804607
test_116_b0103,311,0.0,0.0,0.0,0.9569550172997136
test_116_b0104,0,0.0,0.0,0.0,0.9905882352927466
test_116_b0200,3,0.0,0.0,0.0,0.9017301038049803
test_116_b0201,1581,0.6395550921076136,0.7098765432043992,0.5819101834245294,0.8564705882341087
test_116_b0202,910,0.6744989633678335,0.9087523277298184,0.5362637362578433,0.934809688580021
test_116_b0203,11,0.0,0.0,0.0,0.9984775086491371
test_116_b0204,0,0.0,0.0,0.0,0.9723183390990002
test_116_b0300,0,0.0,0.0,0.0,0.9785467128014138
test_116_b0301,0,0.0,0.0,0.0,0.9988927335626313
test_116_b0302,161,0.0,0.0,0.0,0.9777162629744253
test_116_b0303,1334,0.0,0.0,0.0,0.8153633217981794
test_116_b0304,0,0.0,0.0,0.0,0.9925259515557197
test_116_b0400,0,0.0,0.0,0.0,0.9999999999986159
test_116_b0401,0,0.0,0.0,0.0,0.9608304498256598
test_116_b0402,0,0.0,0.0,0.0,0.9999999999986159
test_116_b0403,231,0.31999999998836365,0.9999999997727272,0.19047619046794476,0.9741176470574753
test_116_b0404,0,0.0,0.0,0.0,0.9998615916941178
test_116_p0000,0,0.0,0.0,0.0,0.9833910034588466
test_116_p0001,0,0.0,0.0,0.0,0.9358413132682136
test_116_p0002,0,0.0,0.0,0.0,0.9770242214519349
test_116_p0003,0,0.0,0.0,0.0,0.9999999999986159
test_116_p0004,0,0.0,0.0,0.0,0.9192886456895769
test_116_p0005,0,0.0,0.0,0.0,0.9991695501716275
test_116_p0100,0,0.0,0.0,0.0,0.999999999998632
test_116_p0101,0,0.0,0.0,0.0,0.9786371011344259
test_116_p0102,643,0.29641185647271756,0.22265624999826053,0.4432348366960617,0.8149110807102395
test_116_p0103,770,0.0,0.0,0.0,0.8946648426800347
test_116_p0104,0,0.0,0.0,0.0,0.9939156300689644
test_116_p0105,0,0.0,0.0,0.0,0.999999999998632
test_116_p0200,0,0.0,0.0,0.0,0.9918339100332293
test_116_p0201,894,0.8215451577757261,0.799788135584748,0.8445190156505087,0.9551299589590218
test_116_p0202,1321,0.7986879868765941,0.8711985688651951,0.7373202119550544,0.9320415224900594
test_116_p0203,94,0.0,0.0,0.0,0.9869896193757965
test_116_p0204,0,0.0,0.0,0.0,0.999999999998632
test_116_p0205,0,0.0,0.0,0.0,0.9999999999986159
test_116_p0300,0,0.0,0.0,0.0,0.9987543252581332
test_116_p0301,0,0.0,0.0,0.0,0.9199726402176197
test_116_p0302,811,0.8049281314113285,0.9046153846014674,0.7250308261316273,0.9605536332166636
test_116_p0303,880,0.0,0.0,0.0,0.878200692040307
test_116_p0304,251,0.0,0.0,0.0,0.9656634746908814
test_116_p0305,0,0.0,0.0,0.0,0.9997231833896197
test_116_p0400,0,0.0,0.0,0.0,0.999999999998632
test_116_p0401,0,0.0,0.0,0.0,0.965657111951101
test_116_p0402,0,0.0,0.0,0.0,0.999999999998632
test_116_p0403,570,0.0,0.0,0.0,0.9220246238017483
test_116_p0404,419,0.0,0.0,0.0,0.9433477555422616
test_116_p0405,0,0.0,0.0,0.0,0.999999999998632
test_116_p0500,0,0.0,0.0,0.0,0.9999999999986159
test_116_p0501,0,0.0,0.0,0.0,0.999999999998632
test_116_p0502,0,0.0,0.0,0.0,0.9999999999986159
test_116_p0503,0,0.0,0.0,0.0,0.9999999999986159
test_116_p0504,0,0.0,0.0,0.0,0.999999999998632
test_116_p0505,0,0.0,0.0,0.0,0.9999999999986159
test_117_b0000,112,0.36718749999282835,0.234999999994125,0.8392857142107781,0.9551557093412385
test_117_b0001,0,0.0,0.0,0.0,0.8055363321788159
test_117_b0002,0,0.0,0.0,0.0,0.8682352941164454
test_117_b0003,0,0.0,0.0,0.0,0.9561245674727251
test_117_b0004,0,0.0,0.0,0.0,0.9335640138395384
test_117_b0100,1617,0.9185969556554646,0.9879003558648549,0.8583797155172642,0.9659515570920887
test_117_b0101,1068,0.8966521106215593,0.9305135951567924,0.865168539317742,0.9705190311405253
test_117_b0102,1277,0.7621268656680872,0.9423298731148521,0.6397807360952249,0.929411764704596
test_117_b0103,0,0.0,0.0,0.0,0.9999999999986159
test_117_b0104,0,0.0,0.0,0.0,0.9998615916941178
test_117_b0200,0,0.0,0.0,0.0,0.9999999999986159
test_117_b0201,0,0.0,0.0,0.0,0.9999999999986159
test_117_b0202,1177,0.7683341427840295,0.8968253968152288,0.6720475785839249,0.9339792387530326
test_117_b0203,786,0.7929515418443983,0.9374999999837239,0.687022900754618,0.9609688581301579
test_117_b0204,0,0.0,0.0,0.0,0.9999999999986159
test_117_b0300,0,0.0,0.0,0.0,0.9999999999986159
test_117_b0301,0,0.0,0.0,0.0,0.9999999999986159
test_117_b0302,837,0.4781849912698239,0.8867313915570637,0.3273596176782872,0.9172318339087651
test_117_b0303,219,0.6132596684913464,0.7762237761694948,0.5068493150453494,0.980622837368885
test_117_b0304,1141,0.099502487561364,0.9230769229349113,0.052585451357996624,0.8496885813137028
test_117_b0400,0,0.0,0.0,0.0,0.9999999999986159
test_117_b0401,0,0.0,0.0,0.0,0.9999999999986159
test_117_b0402,446,0.2186878727590718,0.9649122805324715,0.12331838564745923,0.9456055363308712
test_117_b0403,572,0.74773139745238,0.7773584905513706,0.7202797202671279,0.9615224913481502
test_117_b0404,312,0.17543859648609827,0.9999999996666666,0.09615384615076429,0.9609688581301579
test_117_p0000,0,0.0,0.0,0.0,0.9988927335626313
test_117_p0001,0,0.0,0.0,0.0,0.9644322845404043
test_117_p0002,0,0.0,0.0,0.0,0.8578546712790895
test_117_p0003,0,0.0,0.0,0.0,0.9508650519017982
test_117_p0004,0,0.0,0.0,0.0,0.999999999998632
test_117_p0005,0,0.0,0.0,0.0,0.9999999999986159
test_117_p0100,1391,0.9714489650215152,0.9645641389017395,0.9784327821640659,0.9890560875499466
test_117_p0101,1225,0.5923709798033195,0.546583850927905,0.6465306122396202,0.8526230394796477
test_117_p0102,506,0.4692802808632576,0.33333333333056253,0.7924901185614133,0.8759233926116609
test_117_p0103,0,0.0,0.0,0.0,0.999999999998632
test_117_p0104,0,0.0,0.0,0.0,0.9943212547309433
test_117_p0105,0,0.0,0.0,0.0,0.999999999998632
test_117_p0200,14,0.035862068965022594,0.01828410689144467,0.9285714279081632,0.9032525951544592
test_117_p0201,0,0.0,0.0,0.0,0.9993160054705892
test_117_p0202,1214,0.47892486255052585,0.9267139479686356,0.3228995057634028,0.8819377162617551
test_117_p0203,997,0.6623460790624606,0.935897435880295,0.5125376128333747,0.9278892733551172
test_117_p0204,0,0.0,0.0,0.0,0.999999999998632
test_117_p0205,0,0.0,0.0,0.0,0.9999999999986159
test_117_p0300,0,0.0,0.0,0.0,0.9979238754311448
test_117_p0301,0,0.0,0.0,0.0,0.999999999998632
test_117_p0302,420,0.8960893854648482,0.8442105262980166,0.9547619047391723,0.9871280276802946
test_117_p0303,755,0.5772432932416537,0.9570552146945689,0.4132450331071093,0.9367474048429941
test_117_p0304,936,0.22592592592383404,0.8472222221633873,0.1303418803404878,0.8856361149098692
test_117_p0305,477,0.0,0.0,0.0,0.9339792387530326
test_117_p0400,0,0.0,0.0,0.0,0.999999999998632
test_117_p0401,0,0.0,0.0,0.0,0.999999999998648
test_117_p0402,0,0.0,0.0,0.0,0.999999999998632
test_117_p0403,883,0.34547152193888453,0.9840425531391467,0.2095130237801867,0.9041039671670259
test_117_p0404,147,0.0,0.0,0.0,0.9798539751203625
test_117_p0405,639,0.0,0.0,0.0,0.9125854993147571
test_117_p0500,0,0.0,0.0,0.0,0.9999999999986159
test_117_p0501,0,0.0,0.0,0.0,0.999999999998632
test_117_p0502,0,0.0,0.0,0.0,0.9999999999986159
test_117_p0503,761,0.0,0.0,0.0,0.8946712802755783
test_117_p0504,255,0.0,0.0,0.0,0.9651162790684472
test_117_p0505,0,0.0,0.0,0.0,0.9999999999986159
test_118_b0000,0,0.0,0.0,0.0,0.9937716262962024
test_118_b0001,169,0.3099999999845,0.9999999996774194,0.18343195265186793,0.9808996539778811
test_118_b0002,94,0.14014598539941392,0.08121827411030087,0.5106382978180173,0.9184775086492478
test_118_b0003,0,0.0,0.0,0.0,0.9630449826976291
test_118_b0004,0,0.0,0.0,0.0,0.9667820069190771
test_118_b0100,943,0.5058164584209142,0.42597968069357056,0.6224814421991254,0.8412456747393201
test_118_b0101,1424,0.7246376811567276,0.7695343330641711,0.6846910112311468,0.8974394463655399
test_118_b0102,438,0.6962162162086896,0.6611909650788257,0.7351598173348137,0.9611072664346559
test_118_b0103,0,0.0,0.0,0.0,0.9728719723169926
test_118_b0104,0,0.0,0.0,0.0,0.9839446366768388
test_118_b0200,0,0.0,0.0,0.0,0.9687197231820502
test_118_b0201,0,0.0,0.0,0.0,0.9997231833896197
test_118_b0202,1142,0.4464043419237015,0.9909638553918384,0.28809106829870323,0.887058823528184
test_118_b0203,335,0.8192771084213964,0.8267477203396125,0.8119402984832257,0.9833910034588466
test_118_b0204,0,0.0,0.0,0.0,0.9999999999986159
test_118_b0300,0,0.0,0.0,0.0,0.9999999999986159
test_118_b0301,0,0.0,0.0,0.0,0.9999999999986159
test_118_b0302,335,0.0,0.0,0.0,0.9533564013827636
test_118_b0303,685,0.8759124087520203,0.9854014598360328,0.7883211678717034,0.97882352941041
test_118_b0304,64,0.8740740740093278,0.8309859153759176,0.9218749998559571,0.9976470588221485
test_118_b0400,0,0.0,0.0,0.0,0.9875432525937888
test_118_b0401,0,0.0,0.0,0.0,0.9999999999986159
test_118_b0402,0,0.0,0.0,0.0,0.9999999999986159
test_118_b0403,0,0.0,0.0,0.0,0.9828373702408543
test_118_b0404,0,0.0,0.0,0.0,0.9919723183377274
test_118_p0000,0,0.0,0.0,0.0,0.9999999999986159
test_118_p0001,0,0.0,0.0,0.0,0.999999999998632
test_118_p0002,0,0.0,0.0,0.0,0.9999999999986159
test_118_p0003,0,0.0,0.0,0.0,0.9999999999986159
test_118_p0004,0,0.0,0.0,0.0,0.999999999998632
test_118_p0005,0,0.0,0.0,0.0,0.9999999999986159
test_118_p0100,0,0.0,0.0,0.0,0.9552667578646303
test_118_p0101,1555,0.9014276002688599,0.9560201874480461,0.8527331189655774,0.9607896160073542
test_118_p0102,649,0.37856645789576504,0.3451776649702389,0.4191063174049444,0.8778385772901808
test_118_p0103,0,0.0,0.0,0.0,0.9564979480151075
test_118_p0104,0,0.0,0.0,0.0,0.9075175770674587
test_118_p0105,0,0.0,0.0,0.0,0.999999999998632
test_118_p0200,0,0.0,0.0,0.0,0.9987543252581332
test_118_p0201,122,0.0,0.0,0.0,0.9685362517086614
test_118_p0202,878,0.7784653465298362,0.8523035230236815,0.7164009111535717,0.9504498269883039
test_118_p0203,431,0.22992700729507431,0.5384615384155161,0.1461716937321074,0.9415916955004269
test_118_p0204,0,0.0,0.0,0.0,0.9874145006826438
test_118_p0205,0,0.0,0.0,0.0,0.9904498269882486
test_118_p0300,0,0.0,0.0,0.0,0.9999999999986159
test_118_p0301,0,0.0,0.0,0.0,0.9704514363871813
test_118_p0302,18,0.0,0.0,0.0,0.9975086505176505
test_118_p0303,1424,0.6066441983601029,0.9647779479178441,0.44241573033397186,0.8869204152236859
test_118_p0304,591,0.8916741271182483,0.9467680608185025,0.8426395938943716,0.9834473324199953
test_118_p0305,0,0.0,0.0,0.0,0.9999999999986159
test_118_p0400,0,0.0,0.0,0.0,0.999999999998632
test_118_p0401,0,0.0,0.0,0.0,0.9968902109234764
test_118_p0402,0,0.0,0.0,0.0,0.999999999998632
test_118_p0403,0,0.0,0.0,0.0,0.9987688098481549
test_118_p0404,0,0.0,0.0,0.0,0.999999999998648
test_118_p0405,0,0.0,0.0,0.0,0.9993160054705892
test_118_p0500,0,0.0,0.0,0.0,0.9999999999986159
test_118_p0501,0,0.0,0.0,0.0,0.999999999998632
test_118_p0502,0,0.0,0.0,0.0,0.9999999999986159
test_118_p0503,0,0.0,0.0,0.0,0.9999999999986159
test_118_p0504,0,0.0,0.0,0.0,0.999999999998632
test_118_p0505,0,0.0,0.0,0.0,0.9998615916941178
test_119_b0000,0,0.0,0.0,0.0,0.941868512109423
test_119_b0001,0,0.0,0.0,0.0,0.9999999999986159
test_119_b0002,0,0.0,0.0,0.0,0.9959861591681717
test_119_b0003,0,0.0,0.0,0.0,0.9649826989606021
test_119_b0004,0,0.0,0.0,0.0,0.9922491349467235
test_119_b0100,0,0.0,0.0,0.0,0.9615224913481502
test_119_b0101,23,0.0,0.0,0.0,0.9968166089951601
test_119_b0102,440,0.5832106038248659,0.4313725490149088,0.8999999999795454,0.9216608996527036
test_119_b0103,0,0.0,0.0,0.0,0.9999999999986159
test_119_b0104,0,0.0,0.0,0.0,0.9969550172996582
test_119_b0200,0,0.0,0.0,0.0,0.9660899653965868
test_119_b0201,1400,0.9460697920305039,0.9338900487060968,0.9585714285645817,0.97882352941041
test_119_b0202,485,0.92599999999074,0.8990291261961354,0.9546391752380486,0.9897577854657581
test_119_b0203,0,0.0,0.0,0.0,0.9984775086491371
test_119_b0204,0,0.0,0.0,0.0,0.9999999999986159
test_119_b0300,0,0.0,0.0,0.0,0.9999999999986159
test_119_b0301,1115,0.8726738491632093,0.9611650485333207,0.7991031390062862,0.9640138408291156
test_119_b0302,0,0.0,0.0,0.0,0.9986159169536352
test_119_b0303,1,0.0,0.0,0.0,0.998200692040141
test_119_b0304,2,0.0,0.0,0.0,0.9997231833896197
test_119_b0400,0,0.0,0.0,0.0,0.9475432525938442
test_119_b0401,113,0.5449101796244039,0.41176470586372105,0.805309734442008,0.978961937714908
test_119_b0402,932,0.8655504819844467,0.820981713177854,0.9152360514923258,0.9633217993066252
test_119_b0403,1319,0.5922077922047159,0.9405940593904192,0.4321455648185584,0.8913494809676245
test_119_b0404,263,0.0,0.0,0.0,0.9462975778533615
test_119_p0000,0,0.0,0.0,0.0,0.9999999999986159
test_119_p0001,0,0.0,0.0,0.0,0.999042407659372
test_119_p0002,0,0.0,0.0,0.0,0.9999999999986159
test_119_p0003,0,0.0,0.0,0.0,0.9904498269882486
test_119_p0004,0,0.0,0.0,0.0,0.9989056087537634
test_119_p0005,0,0.0,0.0,0.0,0.9999999999986159
test_119_p0100,0,0.0,0.0,0.0,0.999999999998632
test_119_p0101,0,0.0,0.0,0.0,0.9682260681436341
test_119_p0102,0,0.0,0.0,0.0,0.999999999998632
test_119_p0103,0,0.0,0.0,0.0,0.9177838577278826
test_119_p0104,0,0.0,0.0,0.0,0.9676852352609956
test_119_p0105,0,0.0,0.0,0.0,0.977838577290044
test_119_p0200,0,0.0,0.0,0.0,0.9999999999986159
test_119_p0201,141,0.9530685920233549,0.9705882352227508,0.9361702126995624,0.9982216142257206
test_119_p0202,1376,0.9495166487613694,0.9357798165071576,0.9636627906906712,0.9804844290643869
test_119_p0203,224,0.5285524568322901,0.37618147447304007,0.8883928571031967,0.9508650519017982
test_119_p0204,0,0.0,0.0,0.0,0.999999999998632
test_119_p0205,0,0.0,0.0,0.0,0.9999999999986159
test_119_p0300,0,0.0,0.0,0.0,0.9999999999986159
test_119_p0301,1072,0.8497053045144907,0.8973029045550073,0.8069029850670999,0.9581395348824102
test_119_p0302,1,0.0,0.0,0.0,0.9998615916941178
test_119_p0303,0,0.0,0.0,0.0,0.9999999999986159
test_119_p0304,0,0.0,0.0,0.0,0.9647058823516215
test_119_p0305,0,0.0,0.0,0.0,0.9997231833896197
test_119_p0400,0,0.0,0.0,0.0,0.999999999998632
test_119_p0401,182,0.16949152542181364,0.1066856329999049,0.4120879120652699,0.9006219578138175
test_119_p0402,1035,0.8661778185111542,0.8238884045263829,0.913043478252048,0.9600547195609301
test_119_p0403,1159,0.8271719038778782,0.8905472636727308,0.7722174288112837,0.9488372093010276
test_119_p0404,725,0.0,0.0,0.0,0.9019740400204138
test_119_p0405,0,0.0,0.0,0.0,0.999999999998632
test_119_p0500,0,0.0,0.0,0.0,0.9999999999986159
test_119_p0501,0,0.0,0.0,0.0,0.999999999998632
test_119_p0502,0,0.0,0.0,0.0,0.9999999999986159
test_119_p0503,0,0.0,0.0,0.0,0.9999999999986159
test_119_p0504,218,0.0,0.0,0.0,0.9701778385759642
test_119_p0505,0,0.0,0.0,0.0,0.9998615916941178
test_11_b0000,3092,0.023068050749645134,0.10638297872057492,0.01293661060797886,0.5310726643591266
test_11_b0001,1784,0.20782041998476533,0.29345603271683585,0.16087443946098165,0.6971626297568205
test_11_b0002,1523,0.6106043329515092,0.5395465994935036,0.7032173342041812,0.810934256054241
test_11_b0003,1089,0.5903649635019259,0.4327910958885583,0.928374655638858,0.8058131487878121
test_11_b0004,0,0.0,0.0,0.0,0.8416608996528143
test_11_b0100,0,0.0,0.0,0.0,0.8715570934243992
test_11_b0101,0,0.0,0.0,0.0,0.9905882352927466
test_11_b0102,0,0.0,0.0,0.0,0.8783391003448051
test_11_b0103,993,0.48023952095520817,0.5923190546441311,0.40382678750852136,0.8798615916942839
test_11_b0104,1054,0.7578947368376732,0.9878048780337225,0.6148007590074498,0.9426989619364115
test_11_b0200,0,0.0,0.0,0.0,0.9086505190298843
test_11_b0201,0,0.0,0.0,0.0,0.9999999999986159
test_11_b0202,0,0.0,0.0,0.0,0.9999999999986159
test_11_b0203,0,0.0,0.0,0.0,0.9999999999986159
test_11_b0204,2462,0.7263104838691373,0.9568393094225974,0.5852965069025781,0.8496885813137028
test_11_b0300,0,0.0,0.0,0.0,0.9999999999986159
test_11_b0301,0,0.0,0.0,0.0,0.9999999999986159
test_11_b0302,0,0.0,0.0,0.0,0.9999999999986159
test_11_b0303,0,0.0,0.0,0.0,0.9999999999986159
test_11_b0304,1233,0.9004854368895612,0.8983050847385126,0.9026763990194431,0.9659515570920887
test_11_b0400,0,0.0,0.0,0.0,0.9999999999986159
test_11_b0401,0,0.0,0.0,0.0,0.9999999999986159
test_11_b0402,0,0.0,0.0,0.0,0.9999999999986159
test_11_b0403,0,0.0,0.0,0.0,0.9999999999986159
test_11_b0404,539,0.8835489833559746,0.8802946592839724,0.8868274582395764,0.982560553631858
test_11_p0000,502,0.0,0.0,0.0,0.8798615916942839
test_11_p0001,2908,0.5238455715353928,0.9838862559148448,0.3569463548818537,0.7418604651152643
test_11_p0002,1228,0.24020319303251017,0.21662303664779697,0.2695439739391731,0.7101730103796399
test_11_p0003,376,0.05257142857112817,0.033478893740658815,0.12234042552866116,0.7705190311408021
test_11_p0004,0,0.0,0.0,0.0,0.9147742818044942
test_11_p0005,0,0.0,0.0,0.0,0.9946020761231908
test_11_p0100,1087,0.0,0.0,0.0,0.8506155950740758
test_11_p0101,423,0.23373173970473132,0.26666666665858585,0.2080378250541835,0.9219848566780395
test_11_p0102,279,0.33761232348948905,0.20562939796555413,0.9426523297153171,0.8588235294105898
test_11_p0103,1268,0.8133235724714007,0.7588797814155814,0.8761829652927746,0.9302325581382623
test_11_p0104,953,0.8559622195935304,0.9784075573417219,0.7607555089112198,0.9670091941576974
test_11_p0105,0,0.0,0.0,0.0,0.8997264021875517
test_11_p0200,0,0.0,0.0,0.0,0.98602076124431
test_11_p0201,0,0.0,0.0,0.0,0.999999999998632
test_11_p0202,0,0.0,0.0,0.0,0.9952941176456813
test_11_p0203,0,0.0,0.0,0.0,0.9878200692027851
test_11_p0204,1815,0.6731955023551933,0.9851380042358265,0.5112947658374034,0.8767441860453122
test_11_p0205,944,0.6330935251753015,0.9865470851796738,0.4661016949103167,0.929411764704596
test_11_p0300,0,0.0,0.0,0.0,0.9287197231821056
test_11_p0301,0,0.0,0.0,0.0,0.999999999998632
test_11_p0302,0,0.0,0.0,0.0,0.9999999999986159
test_11_p0303,0,0.0,0.0,0.0,0.9999999999986159
test_11_p0304,1003,0.8588426176265072,0.9385342789487171,0.7916251246182291,0.9642954856347958
test_11_p0305,1304,0.47326507394497574,0.9162995594511828,0.319018404905529,0.8718339100333954
test_11_p0400,0,0.0,0.0,0.0,0.999999999998632
test_11_p0401,0,0.0,0.0,0.0,0.999999999998648
test_11_p0402,0,0.0,0.0,0.0,0.999999999998632
test_11_p0403,0,0.0,0.0,0.0,0.999999999998632
test_11_p0404,34,0.14678899081222122,0.10666666665244445,0.23529411757785468,0.987425635477302
test_11_p0405,1134,0.4535666218004471,0.9573863636091652,0.29717813050884323,0.8889192886444748
test_11_p0500,0,0.0,0.0,0.0,0.9999999999986159
test_11_p0501,0,0.0,0.0,0.0,0.999999999998632
test_11_p0502,0,0.0,0.0,0.0,0.9999999999986159
test_11_p0503,0,0.0,0.0,0.0,0.9999999999986159
test_11_p0504,0,0.0,0.0,0.0,0.999999999998632
test_11_p0505,910,0.0,0.0,0.0,0.8740484429053647
test_120_b0000,591,0.6771752837283911,0.5396984924568875,0.9086294416089911,0.9291349480955998
test_120_b0001,1225,0.6296836982937729,0.7795180722797649,0.5281632653018109,0.8946712802755783
test_120_b0002,1226,0.6395233366403201,0.8172588832383596,0.5252854812355198,0.899515570933011
test_120_b0003,569,0.14355628058493383,0.9999999997727272,0.07732864674732287,0.9273356401371248
test_120_b0004,0,0.0,0.0,0.0,0.9186159169537459
test_120_b0100,0,0.0,0.0,0.0,0.8811072664347667
test_120_b0101,0,0.0,0.0,0.0,0.9999999999986159
test_120_b0102,749,0.823695345551314,0.8729446935594477,0.7797062750229679,0.9653979238740964
test_120_b0103,347,0.0,0.0,0.0,0.940069204150948
test_120_b0104,115,0.0,0.0,0.0,0.9840830449813369
test_120_b0200,0,0.0,0.0,0.0,0.9999999999986159
test_120_b0201,0,0.0,0.0,0.0,0.9647058823516059
test_120_b0202,557,0.8228176317992842,0.7933333333201111,0.8545780969325928,0.9716262975765099
test_120_b0203,48,0.0,0.0,0.0,0.9061591695489188
test_120_b0204,0,0.0,0.0,0.0,0.9910034602062409
test_120_b0300,0,0.0,0.0,0.0,0.9952941176456813
test_120_b0301,0,0.0,0.0,0.0,0.9980622837356429
test_120_b0302,606,0.7458937197995567,0.8997668997459262,0.636963696359126,0.9635986159156213
test_120_b0303,0,0.0,0.0,0.0,0.9944636678186928
test_120_b0304,0,0.0,0.0,0.0,0.9875432525937888
test_120_b0400,0,0.0,0.0,0.0,0.9804844290643869
test_120_b0401,0,0.0,0.0,0.0,0.9999999999986159
test_120_b0402,400,0.0,0.0,0.0,0.9446366781993846
test_120_b0403,73,0.0,0.0,0.0,0.9898961937702562
test_120_b0404,0,0.0,0.0,0.0,0.9533564013827636
test_120_p0000,0,0.0,0.0,0.0,0.9999999999986159
test_120_p0001,0,0.0,0.0,0.0,0.9655266757852728
test_120_p0002,691,0.30839002267224047,0.7120418847794742,0.19681620839078415,0.9155709342547882
test_120_p0003,495,0.01603206412793523,0.9999999975,0.008080808080644831,0.9320415224900594
test_120_p0004,0,0.0,0.0,0.0,0.9020519835828973
test_120_p0005,0,0.0,0.0,0.0,0.9968166089951601
test_120_p0100,0,0.0,0.0,0.0,0.999999999998632
test_120_p0101,1138,0.7385892116154712,0.6470588235251351,0.8602811950715266,0.906300703081522
test_120_p0102,730,0.6623481781322887,0.8099009900829722,0.5602739725950647,0.9429548563598592
test_120_p0103,889,0.6823697358980559,0.9335937499817657,0.5376827896452454,0.9391244870028193
test_120_p0104,487,0.14695340501528756,0.5774647886510613,0.08418891170258339,0.9356408869646625
test_120_p0105,0,0.0,0.0,0.0,0.9927496580013779
test_120_p0200,0,0.0,0.0,0.0,0.9550173010367404
test_120_p0201,0,0.0,0.0,0.0,0.990834473322858
test_120_p0202,0,0.0,0.0,0.0,0.9465743944623577
test_120_p0203,593,0.6352941176423876,0.5632333767853555,0.7284991568173946,0.9313494809675691
test_120_p0204,152,0.0,0.0,0.0,0.9328317373448252
test_120_p0205,0,0.0,0.0,0.0,0.9970934256041563
test_120_p0300,0,0.0,0.0,0.0,0.9999999999986159
test_120_p0301,0,0.0,0.0,0.0,0.999999999998632
test_120_p0302,0,0.0,0.0,0.0,0.9872664359847927
test_120_p0303,571,0.8504079782334506,0.88157894735185,0.8213660245040041,0.977162629756433
test_120_p0304,0,0.0,0.0,0.0,0.9808481532134325
test_120_p0305,0,0.0,0.0,0.0,0.9998615916941178
test_120_p0400,0,0.0,0.0,0.0,0.999999999998632
test_120_p0401,0,0.0,0.0,0.0,0.999999999998648
test_120_p0402,0,0.0,0.0,0.0,0.9969904240752435
test_120_p0403,703,0.3008423586004712,0.976562499923706,0.17780938833317483,0.920519835840054
test_120_p0404,0,0.0,0.0,0.0,0.9975662520267745
test_120_p0405,0,0.0,0.0,0.0,0.999999999998632
test_120_p0500,0,0.0,0.0,0.0,0.9999999999986159
test_120_p0501,0,0.0,0.0,0.0,0.999999999998632
test_120_p0502,0,0.0,0.0,0.0,0.9999999999986159
test_120_p0503,133,0.0,0.0,0.0,0.9815916955003715
test_120_p0504,0,0.0,0.0,0.0,0.999999999998632
test_120_p0505,0,0.0,0.0,0.0,0.994878892732187
test_121_b0000,0,0.0,0.0,0.0,0.9810380622823792
test_121_b0001,0,0.0,0.0,0.0,0.9723183390990002
test_121_b0002,0,0.0,0.0,0.0,0.9990311418671294
test_121_b0003,0,0.0,0.0,0.0,0.9694117647045406
test_121_b0004,0,0.0,0.0,0.0,0.9999999999986159
test_121_b0100,0,0.0,0.0,0.0,0.9431141868499058
test_121_b0101,0,0.0,0.0,0.0,0.9570934256042116
test_121_b0102,432,0.6860465116199297,0.6892523364324941,0.6828703703545632,0.9626297577841347
test_121_b0103,0,0.0,0.0,0.0,0.9871280276802946
test_121_b0104,0,0.0,0.0,0.0,0.9999999999986159
test_121_b0200,0,0.0,0.0,0.0,0.9954325259501794
test_121_b0201,1412,0.8882372108149618,0.8225709112804914,0.9652974504180929,0.952525951555775
test_121_b0202,596,0.8336594911855806,0.9999999999765258,0.7147651006591482,0.9764705882339426
test_121_b0203,211,0.44747612550549143,0.31417624520470927,0.7772511847972866,0.9439446366768942
test_121_b0204,0,0.0,0.0,0.0,0.9826989619363561
test_121_b0300,0,0.0,0.0,0.0,0.9999999999986159
test_121_b0301,1174,0.8998640688676943,0.9612778315492617,0.8458262350864922,0.9694117647045406
test_121_b0302,1704,0.6674225245628593,0.937367303599391,0.5181924882598697,0.878200692040307
test_121_b0303,905,0.6385372714441735,0.878143133445297,0.5016574585579927,0.9288581314866037
test_121_b0304,786,0.6843235504603843,0.7823240589069996,0.6081424936309396,0.9389619377149634
test_121_b0400,0,0.0,0.0,0.0,0.9999999999986159
test_121_b0401,0,0.0,0.0,0.0,0.993079584773712
test_121_b0402,0,0.0,0.0,0.0,0.9999999999986159
test_121_b0403,0,0.0,0.0,0.0,0.9999999999986159
test_121_b0404,0,0.0,0.0,0.0,0.998339100344639
test_121_p0000,0,0.0,0.0,0.0,0.9999999999986159
test_121_p0001,0,0.0,0.0,0.0,0.9993160054705892
test_121_p0002,0,0.0,0.0,0.0,0.998339100344639
test_121_p0003,0,0.0,0.0,0.0,0.9038062283724515
test_121_p0004,0,0.0,0.0,0.0,0.999999999998632
test_121_p0005,0,0.0,0.0,0.0,0.9999999999986159
test_121_p0100,0,0.0,0.0,0.0,0.999999999998632
test_121_p0101,0,0.0,0.0,0.0,0.9983775013507323
test_121_p0102,0,0.0,0.0,0.0,0.9980848153201121
test_121_p0103,0,0.0,0.0,0.0,0.9195622435007941
test_121_p0104,0,0.0,0.0,0.0,0.999999999998648
test_121_p0105,0,0.0,0.0,0.0,0.999999999998632
test_121_p0200,0,0.0,0.0,0.0,0.9999999999986159
test_121_p0201,151,0.318584070792936,0.19123505975841654,0.9536423840428051,0.9157318741437541
test_121_p0202,1367,0.9522111269580877,0.9290187891375852,0.9765910753403323,0.9814532871958734
test_121_p0203,326,0.6707616707534304,0.559426229496733,0.8374233128577477,0.962906574393131
test_121_p0204,0,0.0,0.0,0.0,0.9897400820779895
test_121_p0205,0,0.0,0.0,0.0,0.9999999999986159
test_121_p0300,0,0.0,0.0,0.0,0.9999999999986159
test_121_p0301,1094,0.8876298394670084,0.9179687499910355,0.8592321754948883,0.9674418604637929
test_121_p0302,623,0.6414201183393999,0.5079662605388194,0.8699839486216696,0.9161245674727805
test_121_p0303,1219,0.787499999996214,0.9512195121840741,0.6718621821109774,0.9388235294104653
test_121_p0304,619,0.49638205498917237,0.44954128439777796,0.5541195476485603,0.9047879616950687
test_121_p0305,201,0.0,0.0,0.0,0.9721799307945022
test_121_p0400,0,0.0,0.0,0.0,0.999999999998632
test_121_p0401,16,0.0,0.0,0.0,0.9978366684680938
test_121_p0402,952,0.754352030942912,0.9766277128384536,0.6144957983128729,0.9478796169617676
test_121_p0403,277,0.03257328990121911,0.1666666666111111,0.018050541515593842,0.9593707250328873
test_121_p0404,133,0.0,0.0,0.0,0.9820173066509167
test_121_p0405,635,0.30468749999603273,0.8796992480541579,0.1842519685010354,0.9269493844036567
test_121_p0500,0,0.0,0.0,0.0,0.9999999999986159
test_121_p0501,0,0.0,0.0,0.0,0.999999999998632
test_121_p0502,0,0.0,0.0,0.0,0.9999999999986159
test_121_p0503,0,0.0,0.0,0.0,0.9999999999986159
test_121_p0504,0,0.0,0.0,0.0,0.999999999998632
test_121_p0505,0,0.0,0.0,0.0,0.9999999999986159
test_122_b0000,0,0.0,0.0,0.0,0.9292733564000979
test_122_b0001,0,0.0,0.0,0.0,0.9451903114173769
test_122_b0002,0,0.0,0.0,0.0,0.9861591695488081
test_122_b0003,0,0.0,0.0,0.0,0.9999999999986159
test_122_b0004,0,0.0,0.0,0.0,0.9977854671266467
test_122_b0100,0,0.0,0.0,0.0,0.918754325258244
test_122_b0101,539,0.8968177434821909,0.9337349397402864,0.8627087198355713,0.9851903114173215
test_122_b0102,202,0.49253731341445756,0.999999999848485,0.32673267325115185,0.9811764705868773
test_122_b0103,0,0.0,0.0,0.0,0.9999999999986159
test_122_b0104,0,0.0,0.0,0.0,0.9999999999986159
test_122_b0200,0,0.0,0.0,0.0,0.9998615916941178
test_122_b0201,814,0.865712338099075,0.972434915758462,0.7800982800886965,0.9727335640124946
test_122_b0202,0,0.0,0.0,0.0,0.9857439446353139
test_122_b0203,39,0.0,0.0,0.0,0.9864359861578043
test_122_b0204,0,0.0,0.0,0.0,0.9999999999986159
test_122_b0300,0,0.0,0.0,0.0,0.8883044982686668
test_122_b0301,452,0.6534482758564358,0.535310734455716,0.8384955752026881,0.9443598615903884
test_122_b0302,747,0.7713226205143924,0.716417910439536,0.8353413654506647,0.948788927334327
test_122_b0303,618,0.6560134566807737,0.6830122591824341,0.6310679611548371,0.9433910034589019
test_122_b0304,0,0.0,0.0,0.0,0.9817301038048696
test_122_b0400,0,0.0,0.0,0.0,0.9999999999986159
test_122_b0401,0,0.0,0.0,0.0,0.9889273356387697
test_122_b0402,0,0.0,0.0,0.0,0.9994463667806236
test_122_b0403,0,0.0,0.0,0.0,0.9727335640124946
test_122_b0404,0,0.0,0.0,0.0,0.9923875432512216
test_122_p0000,0,0.0,0.0,0.0,0.9997231833896197
test_122_p0001,0,0.0,0.0,0.0,0.9935704514350293
test_122_p0002,0,0.0,0.0,0.0,0.9958477508636736
test_122_p0003,0,0.0,0.0,0.0,0.9955709342546775
test_122_p0004,0,0.0,0.0,0.0,0.9919288645677266
test_122_p0005,0,0.0,0.0,0.0,0.9993079584761255
test_122_p0100,0,0.0,0.0,0.0,0.999999999998632
test_122_p0101,0,0.0,0.0,0.0,0.999999999998648
test_122_p0102,60,0.017467248907915563,0.010050251256028889,0.06666666665555555,0.9384404924747765
test_122_p0103,0,0.0,0.0,0.0,0.999999999998632
test_122_p0104,0,0.0,0.0,0.0,0.999999999998648
test_122_p0105,0,0.0,0.0,0.0,0.9934336525294207
test_122_p0200,0,0.0,0.0,0.0,0.9999999999986159
test_122_p0201,682,0.9259818731047887,0.9548286604212644,0.8988269794589615,0.9865937072489923
test_122_p0202,471,0.8203939744980255,0.9030612244667586,0.7515923566719407,0.9785467128014138
test_122_p0203,0,0.0,0.0,0.0,0.9999999999986159
test_122_p0204,0,0.0,0.0,0.0,0.999999999998632
test_122_p0205,0,0.0,0.0,0.0,0.9836678200678427
test_122_p0300,0,0.0,0.0,0.0,0.9999999999986159
test_122_p0301,340,0.35997400909447713,0.2310258548771391,0.8147058823289792,0.8652530779741926
test_122_p0302,798,0.8735785953118825,0.9368723098861281,0.8182957393381166,0.9738408304484791
test_122_p0303,919,0.396258503397991,0.906614785956941,0.2535364526631824,0.9017301038049803
test_122_p0304,136,0.17834394903322648,0.6666666663492063,0.10294117646301902,0.9823529411751267
test_122_p0305,0,0.0,0.0,0.0,0.9999999999986159
test_122_p0400,0,0.0,0.0,0.0,0.999999999998632
test_122_p0401,0,0.0,0.0,0.0,0.999999999998648
test_122_p0402,0,0.0,0.0,0.0,0.999999999998632
test_122_p0403,5,0.0,0.0,0.0,0.9987688098481549
test_122_p0404,0,0.0,0.0,0.0,0.999999999998648
test_122_p0405,0,0.0,0.0,0.0,0.999999999998632
test_122_p0500,0,0.0,0.0,0.0,0.9999999999986159
test_122_p0501,0,0.0,0.0,0.0,0.999999999998632
test_122_p0502,0,0.0,0.0,0.0,0.9999999999986159
test_122_p0503,0,0.0,0.0,0.0,0.9999999999986159
test_122_p0504,0,0.0,0.0,0.0,0.999999999998632
test_122_p0505,0,0.0,0.0,0.0,0.9987543252581332
test_123_b0000,0,0.0,0.0,0.0,0.9076816608983976
test_123_b0001,0,0.0,0.0,0.0,0.9999999999986159
test_123_b0002,0,0.0,0.0,0.0,0.9999999999986159
test_123_b0003,0,0.0,0.0,0.0,0.9766089965384407
test_123_b0004,0,0.0,0.0,0.0,0.9597231833896751
test_123_b0100,0,0.0,0.0,0.0,0.9575086505177058
test_123_b0101,1770,0.9528676888104689,0.957762557072159,0.9480225988647005,0.9770242214519349
test_123_b0102,519,0.4485294117605834,0.4288224955987905,0.47013487475009375,0.9169550172997689
test_123_b0103,0,0.0,0.0,0.0,0.9454671280263731
test_123_b0104,0,0.0,0.0,0.0,0.9431141868499058
test_123_b0200,0,0.0,0.0,0.0,0.9786851211059119
test_123_b0201,293,0.8745980707254888,0.8267477203396125,0.9283276450195109,0.9892041522477658
test_123_b0202,1214,0.44288449265830965,0.9830028328333427,0.28583196045893056,0.8791695501717935
test_123_b0203,402,0.019704433497051616,0.9999999975,0.009950248755971386,0.9449134948083807
test_123_b0204,20,0.0,0.0,0.0,0.9972318339086543
test_123_b0300,0,0.0,0.0,0.0,0.9793771626284022
test_123_b0301,0,0.0,0.0,0.0,0.9999999999986159
test_123_b0302,360,0.0,0.0,0.0,0.9292733564000979
test_123_b0303,524,0.07692307692166807,0.9545454541115702,0.04007633587709778,0.9302422145315844
test_123_b0304,604,0.149847094798932,0.979999999804,0.08112582781322639,0.9230449826976844
test_123_b0400,0,0.0,0.0,0.0,0.9862975778533062
test_123_b0401,0,0.0,0.0,0.0,0.9999999999986159
test_123_b0402,0,0.0,0.0,0.0,0.9999999999986159
test_123_b0403,0,0.0,0.0,0.0,0.9979238754311448
test_123_b0404,0,0.0,0.0,0.0,0.9512802768152924
test_123_p0000,0,0.0,0.0,0.0,0.9999999999986159
test_123_p0001,0,0.0,0.0,0.0,0.999999999998632
test_123_p0002,0,0.0,0.0,0.0,0.9999999999986159
test_123_p0003,0,0.0,0.0,0.0,0.9999999999986159
test_123_p0004,0,0.0,0.0,0.0,0.999999999998632
test_123_p0005,0,0.0,0.0,0.0,0.9999999999986159
test_123_p0100,0,0.0,0.0,0.0,0.999999999998632
test_123_p0101,187,0.3409610983942682,0.2168850072748634,0.7967914438076582,0.9221200648986991
test_123_p0102,547,0.7247608926596731,0.8654822334805715,0.6234003656193162,0.9645690834460129
test_123_p0103,138,0.23324150596663693,0.13354363827409524,0.9202898550057761,0.8857729138154777
test_123_p0104,0,0.0,0.0,0.0,0.9283396430490423
test_123_p0105,0,0.0,0.0,0.0,0.999999999998632
test_123_p0200,0,0.0,0.0,0.0,0.9999999999986159
test_123_p0201,510,0.7976470588141453,0.9970588235000865,0.6647058823399077,0.9764705882339584
test_123_p0202,1448,0.7953169156205276,0.9572400388633894,0.6802486187798326,0.9298269896180902
test_123_p0203,0,0.0,0.0,0.0,0.9999999999986159
test_123_p0204,0,0.0,0.0,0.0,0.994938440491115
test_123_p0205,0,0.0,0.0,0.0,0.9999999999986159
test_123_p0300,0,0.0,0.0,0.0,0.9999999999986159
test_123_p0301,0,0.0,0.0,0.0,0.999999999998632
test_123_p0302,541,0.0,0.0,0.0,0.9251211072651555
test_123_p0303,1234,0.3802966101674773,0.5489296636001693,0.2909238249571238,0.8380622837358643
test_123_p0304,917,0.32310469313787815,0.9371727748200432,0.19520174481793673,0.8974008207922061
test_123_p0305,198,0.0,0.0,0.0,0.9725951557079964
test_123_p0400,0,0.0,0.0,0.0,0.999999999998632
test_123_p0401,0,0.0,0.0,0.0,0.9995943753366691
test_123_p0402,0,0.0,0.0,0.0,0.999999999998632
test_123_p0403,0,0.0,0.0,0.0,0.999999999998632
test_123_p0404,0,0.0,0.0,0.0,0.999999999998648
test_123_p0405,0,0.0,0.0,0.0,0.999999999998632
test_123_p0500,0,0.0,0.0,0.0,0.9999999999986159
test_123_p0501,0,0.0,0.0,0.0,0.999999999998632
test_123_p0502,0,0.0,0.0,0.0,0.9999999999986159
test_123_p0503,0,0.0,0.0,0.0,0.9999999999986159
test_123_p0504,0,0.0,0.0,0.0,0.999999999998632
test_123_p0505,0,0.0,0.0,0.0,0.9999999999986159
test_124_b0000,0,0.0,0.0,0.0,0.9991695501716275
test_124_b0001,0,0.0,0.0,0.0,0.9943252595141947
test_124_b0002,45,0.0,0.0,0.0,0.9677508650505637
test_124_b0003,0,0.0,0.0,0.0,0.9234602076111786
test_124_b0004,0,0.0,0.0,0.0,0.940069204150948
test_124_b0100,600,0.45077720206961935,0.36864406779270503,0.5799999999903334,0.8826297577842455
test_124_b0101,2113,0.9484282907638791,0.9857069933589295,0.9138665404594706,0.9709342560540195
test_124_b0102,1594,0.5812194036467235,0.999999999984686,0.4096612296084714,0.8697577854659242
test_124_b0103,1175,0.6347826086922023,0.8781954887085985,0.49702127659151474,0.9069896193759073
test_124_b0104,717,0.4603278688494405,0.4344059405886831,0.4895397489471473,0.8860899653966975
test_124_b0200,0,0.0,0.0,0.0,0.9921107266422254
test_124_b0201,603,0.6475770925038813,0.9639344261979038,0.4875621890466407,0.9557093425592309
test_124_b0202,1395,0.7728866380959374,0.8464163822453378,0.7111111111060135,0.9193079584762363
test_124_b0203,0,0.0,0.0,0.0,0.9605536332166636
test_124_b0204,250,0.3309859154871305,0.29559748426743404,0.37599999998496,0.9474048442893461
test_124_b0300,0,0.0,0.0,0.0,0.9999999999986159
test_124_b0301,0,0.0,0.0,0.0,0.9511418685107943
test_124_b0302,1435,0.7545375972309657,0.9931740614221481,0.6083623693337397,0.9213840830437074
test_124_b0303,882,0.33272727272424796,0.8394495412458968,0.2074829931949265,0.8984083044970265
test_124_b0304,102,0.07035175879220222,0.04729729729569941,0.13725490194732795,0.948788927334327
test_124_b0400,0,0.0,0.0,0.0,0.9999999999986159
test_124_b0401,467,0.36784741143913013,0.5056179775091528,0.28907922911586553,0.9357785467115076
test_124_b0402,294,0.0,0.0,0.0,0.8877508650506744
test_124_b0403,0,0.0,0.0,0.0,0.878200692040307
test_124_b0404,57,0.0,0.0,0.0,0.9385467128014692
test_124_p0000,0,0.0,0.0,0.0,0.9999999999986159
test_124_p0001,0,0.0,0.0,0.0,0.999999999998632
test_124_p0002,0,0.0,0.0,0.0,0.9999999999986159
test_124_p0003,0,0.0,0.0,0.0,0.9999999999986159
test_124_p0004,0,0.0,0.0,0.0,0.9994528043761978
test_124_p0005,0,0.0,0.0,0.0,0.9999999999986159
test_124_p0100,0,0.0,0.0,0.0,0.9771545827620012
test_124_p0101,1135,0.8360655737662087,0.9987760097796967,0.7189427312711988,0.9567333693875653
test_124_p0102,1505,0.8078703703672536,0.9632014719322614,0.6956810631183011,0.9318741450055652
test_124_p0103,1358,0.4556101246677159,0.46780449960847326,0.444035346093932,0.8028727770166856
test_124_p0104,151,0.20959843290685995,0.12298850574571278,0.708609271476251,0.8908869659263239
test_124_p0105,0,0.0,0.0,0.0,0.9924760601901608
test_124_p0200,0,0.0,0.0,0.0,0.9999999999986159
test_124_p0201,816,0.5530596436827804,0.7515789473525983,0.43749999999463846,0.9210670314624883
test_124_p0202,1026,0.7459653317349315,0.9644513137408894,0.6081871344969962,0.9411764705869327
test_124_p0203,0,0.0,0.0,0.0,0.9941868512096966
test_124_p0204,922,0.5867158671550633,0.6775568181721938,0.5173535791700937,0.9080711354296743
test_124_p0205,958,0.46417445482504543,0.9141104294198126,0.31106471815959225,0.904775086503938
test_124_p0300,0,0.0,0.0,0.0,0.9999999999986159
test_124_p0301,0,0.0,0.0,0.0,0.9998632010930235
test_124_p0302,1386,0.7695690413334672,0.985360360349264,0.6313131313085765,0.9274740484416228
test_124_p0303,897,0.8360049321773366,0.9351724137802045,0.7558528428009381,0.9631833910021271
test_124_p0304,0,0.0,0.0,0.0,0.958549931599236
test_124_p0305,0,0.0,0.0,0.0,0.9546020761232462
test_124_p0400,0,0.0,0.0,0.0,0.999999999998632
test_124_p0401,0,0.0,0.0,0.0,0.984856679284769
test_124_p0402,1018,0.39507860560222097,0.6494382022325969,0.2838899803508459,0.8789329685350493
test_124_p0403,346,0.0,0.0,0.0,0.9525307797524589
test_124_p0404,495,0.058394160583332695,0.06034482758490636,0.05656565656451382,0.877906976742999
test_124_p0405,0,0.0,0.0,0.0,0.9625170998618844
test_124_p0500,0,0.0,0.0,0.0,0.9999999999986159
test_124_p0501,0,0.0,0.0,0.0,0.999999999998632
test_124_p0502,255,0.49876543208645024,0.6733333332884444,0.39607843135701654,0.971903114185506
test_124_p0503,0,0.0,0.0,0.0,0.9999999999986159
test_124_p0504,0,0.0,0.0,0.0,0.999999999998632
test_124_p0505,0,0.0,0.0,0.0,0.998339100344639
test_125_b0000,0,0.0,0.0,0.0,0.964844290656104
test_125_b0001,0,0.0,0.0,0.0,0.9731487889259888
test_125_b0002,85,0.2643856920643175,0.15232974910121272,0.999999999882353,0.9345328719710249
test_125_b0003,0,0.0,0.0,0.0,0.9684429065730541
test_125_b0004,0,0.0,0.0,0.0,0.8833217993067359
test_125_b0100,0,0.0,0.0,0.0,0.9439446366768942
test_125_b0101,1516,0.8555145826320634,0.8698023176491493,0.84168865434801,0.9403460207599442
test_125_b0102,285,0.871544715432983,0.8121212120966024,0.9403508771599877,0.9890657439432677
test_125_b0103,0,0.0,0.0,0.0,0.9999999999986159
test_125_b0104,0,0.0,0.0,0.0,0.9184775086492478
test_125_b0200,0,0.0,0.0,0.0,0.9999999999986159
test_125_b0201,68,0.394557823102411,0.36708860754846984,0.4264705881725779,0.9876816608982869
test_125_b0202,1225,0.9309484192972922,0.9491094147502197,0.9134693877476452,0.9770242214519349
test_125_b0203,300,0.0,0.0,0.0,0.9584775086491925
test_125_b0204,0,0.0,0.0,0.0,0.915294117645792
test_125_b0300,0,0.0,0.0,0.0,0.9999999999986159
test_125_b0301,0,0.0,0.0,0.0,0.9999999999986159
test_125_b0302,55,0.0,0.0,0.0,0.9916955017287312
test_125_b0303,2013,0.32119205297880304,0.9627791563036531,0.1927471435658582,0.7730103806217675
test_125_b0304,0,0.0,0.0,0.0,0.9537716262962578
test_125_b0400,0,0.0,0.0,0.0,0.9999999999986159
test_125_b0401,0,0.0,0.0,0.0,0.9998615916941178
test_125_b0402,19,0.0,0.0,0.0,0.9973702422131524
test_125_b0403,0,0.0,0.0,0.0,0.9475432525938442
test_125_b0404,0,0.0,0.0,0.0,0.9999999999986159
test_125_p0000,0,0.0,0.0,0.0,0.9999999999986159
test_125_p0001,0,0.0,0.0,0.0,0.999999999998632
test_125_p0002,0,0.0,0.0,0.0,0.9999999999986159
test_125_p0003,0,0.0,0.0,0.0,0.9999999999986159
test_125_p0004,0,0.0,0.0,0.0,0.999999999998632
test_125_p0005,0,0.0,0.0,0.0,0.9999999999986159
test_125_p0100,0,0.0,0.0,0.0,0.999999999998632
test_125_p0101,307,0.5953389830445409,0.4411302982662303,0.915309446224257,0.948350459706668
test_125_p0102,1140,0.8138359891145984,0.7306350313975531,0.9184210526235227,0.9344733242121279
test_125_p0103,0,0.0,0.0,0.0,0.9995896032818063
test_125_p0104,0,0.0,0.0,0.0,0.932531097889491
test_125_p0105,0,0.0,0.0,0.0,0.999999999998632
test_125_p0200,0,0.0,0.0,0.0,0.9999999999986159
test_125_p0201,16,0.0,0.0,0.0,0.9834473324199953
test_125_p0202,1002,0.9357986646074177,0.9640211640109627,0.9091816367174732,0.9826989619363561
test_125_p0203,491,0.9426751592256616,0.984478935676619,0.9042769857249638,0.9925259515557197
test_125_p0204,0,0.0,0.0,0.0,0.9772913816676098
test_125_p0205,0,0.0,0.0,0.0,0.9911418685107389
test_125_p0300,0,0.0,0.0,0.0,0.9999999999986159
test_125_p0301,0,0.0,0.0,0.0,0.999999999998632
test_125_p0302,0,0.0,0.0,0.0,0.9947404844276889
test_125_p0303,1183,0.6294820717095647,0.9634146341295572,0.46745562129782375,0.9098961937703669
test_125_p0304,749,0.5776105362128165,0.9777070063382896,0.40987983978090947,0.938577291380385
test_125_p0305,0,0.0,0.0,0.0,0.9619377162616444
test_125_p0400,0,0.0,0.0,0.0,0.999999999998632
test_125_p0401,0,0.0,0.0,0.0,0.9901297998904947
test_125_p0402,0,0.0,0.0,0.0,0.9571819425431503
test_125_p0403,488,0.0,0.0,0.0,0.9332421340616508
test_125_p0404,213,0.6715867158547678,0.5531914893448878,0.854460093856598,0.9759329367212332
test_125_p0405,0,0.0,0.0,0.0,0.999999999998632
test_125_p0500,0,0.0,0.0,0.0,0.9999999999986159
test_125_p0501,0,0.0,0.0,0.0,0.999999999998632
test_125_p0502,0,0.0,0.0,0.0,0.9999999999986159
test_125_p0503,0,0.0,0.0,0.0,0.9962629757771678
test_125_p0504,0,0.0,0.0,0.0,0.999999999998632
test_125_p0505,0,0.0,0.0,0.0,0.9999999999986159
test_126_b0000,0,0.0,0.0,0.0,0.9908650519017428
test_126_b0001,0,0.0,0.0,0.0,0.9919723183377274
test_126_b0002,0,0.0,0.0,0.0,0.8786159169538013
test_126_b0003,0,0.0,0.0,0.0,0.9999999999986159
test_126_b0004,0,0.0,0.0,0.0,0.9642906574381117
test_126_b0100,28,0.3555555555160494,0.25806451608740893,0.5714285712244898,0.9919723183377274
test_126_b0101,1623,0.8589420654884794,0.8783000643858448,0.8404189771975329,0.9379930795834769
test_126_b0102,1121,0.22523461939402903,0.2710163111634753,0.19268510258525706,0.7943252595144715
test_126_b0103,0,0.0,0.0,0.0,0.9879584775072832
test_126_b0104,0,0.0,0.0,0.0,0.9835294117633446
test_126_b0200,1155,0.20541290770155857,0.5174825174644236,0.12813852813741872,0.8415224913483162
test_126_b0201,597,0.2588055130148637,0.2383638928034081,0.2830820770471846,0.8660207612444761
test_126_b0202,0,0.0,0.0,0.0,0.9997231833896197
test_126_b0203,0,0.0,0.0,0.0,0.993079584773712
test_126_b0204,759,0.8980679546908857,0.908355795136006,0.8880105401727535,0.97882352941041
test_126_b0300,1615,0.6276326874447025,0.9815546771939189,0.4613003095946669,0.8776470588223146
test_126_b0301,673,0.8024054982748935,0.9511201629134192,0.6939078751754248,0.968166089964058
test_126_b0302,2016,0.5979951607307363,0.9863169897264958,0.42906746031533205,0.8390311418673508
test_126_b0303,2661,0.7721119133556587,0.9661208356805979,0.6429913566304285,0.8602076124555568
test_126_b0304,2569,0.551172413791583,0.9460227272637688,0.3888672635251504,0.7748096885802425
test_126_b0400,112,0.9363636363210743,0.9537037036153979,0.9196428570607462,0.9980622837356429
test_126_b0401,1953,0.34011874469745496,0.9901234567656759,0.20532514080796047,0.784636678199606
test_126_b0402,221,0.0153256704974971,0.0499999999875,0.009049773755246616,0.9644290657426098
test_126_b0403,0,0.0,0.0,0.0,0.998200692040141
test_126_b0404,1000,0.6580645161247868,0.9272727272558677,0.5099999999949,0.9266435986146344
test_126_p0000,0,0.0,0.0,0.0,0.9999999999986159
test_126_p0001,0,0.0,0.0,0.0,0.999999999998632
test_126_p0002,0,0.0,0.0,0.0,0.9999999999986159
test_126_p0003,0,0.0,0.0,0.0,0.871141868510905
test_126_p0004,0,0.0,0.0,0.0,0.9839945280424296
test_126_p0005,0,0.0,0.0,0.0,0.9999999999986159
test_126_p0100,0,0.0,0.0,0.0,0.999999999998632
test_126_p0101,0,0.0,0.0,0.0,0.9928339643036874
test_126_p0102,0,0.0,0.0,0.0,0.9735978112161784
test_126_p0103,0,0.0,0.0,0.0,0.8674418604639297
test_126_p0104,0,0.0,0.0,0.0,0.9633585721998873
test_126_p0105,0,0.0,0.0,0.0,0.9685362517086614
test_126_p0200,0,0.0,0.0,0.0,0.9999999999986159
test_126_p0201,1731,0.8285240464317463,0.9727414330142311,0.7215482380085411,0.9292749657990024
test_126_p0202,1951,0.5927259632675811,0.9963680387288575,0.42183495643043656,0.8434602076112894
test_126_p0203,86,0.10423452768390115,0.07239819004197293,0.18604651160627367,0.9619377162616444
test_126_p0204,0,0.0,0.0,0.0,0.9942544459630722
test_126_p0205,0,0.0,0.0,0.0,0.9843598615903331
test_126_p0300,0,0.0,0.0,0.0,0.9999999999986159
test_126_p0301,1802,0.8102597829634651,0.9943502824778504,0.6836847946687921,0.9210670314624883
test_126_p0302,0,0.0,0.0,0.0,0.9521107266422808
test_126_p0303,0,0.0,0.0,0.0,0.9605536332166636
test_126_p0304,1583,0.7888970051103401,0.9350649350568393,0.6822488944997963,0.9209302325568798
test_126_p0305,1902,0.8853359979992872,0.8434079009955098,0.931650893791106,0.936470588233998
test_126_p0400,0,0.0,0.0,0.0,0.999999999998632
test_126_p0401,2385,0.816094791407514,0.9921968787455451,0.6930817610033834,0.8992698756072212
test_126_p0402,2339,0.7048773766858505,0.9914728682093685,0.546814878150719,0.8534883720918557
test_126_p0403,2211,0.6183514774475324,0.9900398406275892,0.4495703301653118,0.8321477428169191
test_126_p0404,2268,0.5781491798186996,0.9698857736140198,0.4118165784814294,0.8157111952395677
test_126_p0405,891,0.3106125970637566,0.6716417910197149,0.20202020201793466,0.8906976744173862
test_126_p0500,0,0.0,0.0,0.0,0.9999999999986159
test_126_p0501,0,0.0,0.0,0.0,0.999999999998632
test_126_p0502,0,0.0,0.0,0.0,0.9999999999986159
test_126_p0503,0,0.0,0.0,0.0,0.9999999999986159
test_126_p0504,0,0.0,0.0,0.0,0.999999999998632
test_126_p0505,749,0.0,0.0,0.0,0.8963321799295553
test_127_b0000,0,0.0,0.0,0.0,0.9862975778533062
test_127_b0001,0,0.0,0.0,0.0,0.938269896192473
test_127_b0002,0,0.0,0.0,0.0,0.9122491349468342
test_127_b0003,0,0.0,0.0,0.0,0.9999999999986159
test_127_b0004,0,0.0,0.0,0.0,0.9999999999986159
test_127_b0100,809,0.8617401668601804,0.8319907940065363,0.8936959208789407,0.9678892733550618
test_127_b0101,1387,0.9363166953496168,0.8959156785184723,0.9805335255877395,0.9743944636664714
test_127_b0102,0,0.0,0.0,0.0,0.8726643598603838
test_127_b0103,0,0.0,0.0,0.0,0.9999999999986159
test_127_b0104,0,0.0,0.0,0.0,0.9999999999986159
test_127_b0200,954,0.6684073107005979,0.8858131487736018,0.536687631021628,0.9296885813135921
test_127_b0201,384,0.7258064516031477,0.7499999999791667,0.7031249999816894,0.9717647058810079
test_127_b0202,0,0.0,0.0,0.0,0.9947404844276889
test_127_b0203,202,0.019607843136293733,0.999999995,0.009900990098519753,0.9723183390990002
test_127_b0204,584,0.8260135135065371,0.8149999999864167,0.8373287671089499,0.9714878892720118
test_127_b0300,528,0.9344729344640602,0.9371428571250068,0.9318181818005338,0.9904498269882486
test_127_b0301,809,0.94556962024718,0.9688715953181729,0.9233621755139263,0.9880968858117812
test_127_b0302,787,0.6371379897731079,0.9664082687088783,0.4752223633992983,0.9410380622824346
test_127_b0303,1181,0.6930693069268808,0.9890109889954629,0.533446232002257,0.9227681660886882
test_127_b0304,912,0.7689635205514247,0.8147239263703715,0.7280701754306133,0.9447750865038826
test_127_b0400,0,0.0,0.0,0.0,0.9999999999986159
test_127_b0401,0,0.0,0.0,0.0,0.9999999999986159
test_127_b0402,0,0.0,0.0,0.0,0.9999999999986159
test_127_b0403,0,0.0,0.0,0.0,0.9999999999986159
test_127_b0404,142,0.0,0.0,0.0,0.9709342560540195
test_127_p0000,0,0.0,0.0,0.0,0.9946020761231908
test_127_p0001,0,0.0,0.0,0.0,0.999999999998632
test_127_p0002,0,0.0,0.0,0.0,0.9882352941162793
test_127_p0003,0,0.0,0.0,0.0,0.9999999999986159
test_127_p0004,0,0.0,0.0,0.0,0.999999999998632
test_127_p0005,0,0.0,0.0,0.0,0.9999999999986159
test_127_p0100,0,0.0,0.0,0.0,0.9997264021874149
test_127_p0101,811,0.9643527204442505,0.9784263959266697,0.9506781750807561,0.9922931314210488
test_127_p0102,0,0.0,0.0,0.0,0.9042407660726345
test_127_p0103,0,0.0,0.0,0.0,0.9701778385759642
test_127_p0104,0,0.0,0.0,0.0,0.999999999998648
test_127_p0105,0,0.0,0.0,0.0,0.9930232558125951
test_127_p0200,0,0.0,0.0,0.0,0.9997231833896197
test_127_p0201,1279,0.6809839906260017,0.6801872074829939,0.6817826426842707,0.888235294116432
test_127_p0202,519,0.7227369921545066,0.573529411758218,0.9768786126979406,0.9461591695488635
test_127_p0203,0,0.0,0.0,0.0,0.9684429065730541
test_127_p0204,0,0.0,0.0,0.0,0.9931600547182037
test_127_p0205,0,0.0,0.0,0.0,0.9774394463654291
test_127_p0300,0,0.0,0.0,0.0,0.9999999999986159
test_127_p0301,1740,0.9397799652549514,0.9469078179641371,0.9327586206842945,0.9715458276320499
test_127_p0302,894,0.8047182175569809,0.9715189873264,0.6868008948469038,0.9587543252581886
test_127_p0303,1003,0.9436262061912463,0.9616977225573323,0.9262213359827894,0.9846366781993292
test_127_p0304,1195,0.5903337169125988,0.9447513811980709,0.42928870292527793,0.9025991792053316
test_127_p0305,1106,0.5683060109258563,0.7182320441889747,0.47016274863951035,0.8906574394451341
test_127_p0400,0,0.0,0.0,0.0,0.999999999998632
test_127_p0401,0,0.0,0.0,0.0,0.9982422931300727
test_127_p0402,0,0.0,0.0,0.0,0.999999999998632
test_127_p0403,0,0.0,0.0,0.0,0.9991792065649806
test_127_p0404,596,0.47508690613586224,0.7677902621435284,0.34395973153785303,0.9387506760398341
test_127_p0405,176,0.4290657439297901,0.5486725663231263,0.35227272725271175,0.9774281805732183
test_127_p0500,0,0.0,0.0,0.0,0.9999999999986159
test_127_p0501,0,0.0,0.0,0.0,0.9998632010930235
test_127_p0502,0,0.0,0.0,0.0,0.9999999999986159
test_127_p0503,0,0.0,0.0,0.0,0.9999999999986159
test_127_p0504,0,0.0,0.0,0.0,0.999999999998632
test_127_p0505,0,0.0,0.0,0.0,0.9991695501716275
test_128_b0000,0,0.0,0.0,0.0,0.9071280276804053
test_128_b0001,117,0.21138211381899003,0.11995386389711703,0.8888888888129155,0.8925951557081071
test_128_b0002,1095,0.8105726872214235,0.7218259629049799,0.924200913233569,0.9345328719710249
test_128_b0003,829,0.5081605646206081,0.4005563282308724,0.6948130277358888,0.8456747404832586
test_128_b0004,0,0.0,0.0,0.0,0.8712802768154031
test_128_b0100,0,0.0,0.0,0.0,0.9999999999986159
test_128_b0101,0,0.0,0.0,0.0,0.9923875432512216
test_128_b0102,0,0.0,0.0,0.0,0.8679584775074493
test_128_b0103,564,0.6311970979405611,0.4788990825644138,0.9255319148772069,0.9155709342547882
test_128_b0104,505,0.34152765583695555,0.21940214325877383,0.7702970296877168,0.7923875432514984
test_128_b0200,0,0.0,0.0,0.0,0.9988927335626313
test_128_b0201,0,0.0,0.0,0.0,0.9999999999986159
test_128_b0202,0,0.0,0.0,0.0,0.929411764704596
test_128_b0203,0,0.0,0.0,0.0,0.9813148788913754
test_128_b0204,873,0.6956055734153505,0.6535750251696518,0.7434135166008773,0.9213840830437074
test_128_b0300,0,0.0,0.0,0.0,0.9999999999986159
test_128_b0301,0,0.0,0.0,0.0,0.9999999999986159
test_128_b0302,0,0.0,0.0,0.0,0.8444290657427759
test_128_b0303,0,0.0,0.0,0.0,0.9999999999986159
test_128_b0304,802,0.9160104986816535,0.9667590027566931,0.8703241895153326,0.9822837370228619
test_128_b0400,0,0.0,0.0,0.0,0.9999999999986159
test_128_b0401,0,0.0,0.0,0.0,0.9998615916941178
test_128_b0402,0,0.0,0.0,0.0,0.8942560553620841
test_128_b0403,0,0.0,0.0,0.0,0.9854671280263178
test_128_b0404,639,0.9054487179414629,0.9277504104937971,0.8841940531943006,0.9836678200678427
test_128_p0000,0,0.0,0.0,0.0,0.9999999999986159
test_128_p0001,0,0.0,0.0,0.0,0.9916552667565094
test_128_p0002,106,0.37323943660657605,0.2977528089720363,0.49999999995283023,0.975363321797958
test_128_p0003,311,0.921568627435922,0.9368770763808346,0.9067524115464066,0.9933564013827082
test_128_p0004,0,0.0,0.0,0.0,0.9499316005458961
test_128_p0005,0,0.0,0.0,0.0,0.9999999999986159
test_128_p0100,0,0.0,0.0,0.0,0.999999999998632
test_128_p0101,0,0.0,0.0,0.0,0.9065711195228413
test_128_p0102,655,0.528483786150182,0.37062077442919106,0.9206106870088456,0.8528043775638129
test_128_p0103,654,0.5933917734282307,0.5307599517426929,0.6727828746074498,0.9175102599166656
test_128_p0104,866,0.4937957365558581,0.3407992973195398,0.8960739029919622,0.7848837209291714
test_128_p0105,0,0.0,0.0,0.0,0.9700410396703556
test_128_p0200,0,0.0,0.0,0.0,0.9999999999986159
test_128_p0201,0,0.0,0.0,0.0,0.999999999998632
test_128_p0202,0,0.0,0.0,0.0,0.8644982698949972
test_128_p0203,0,0.0,0.0,0.0,0.936608996538496
test_128_p0204,895,0.7762928529879356,0.808716707012001,0.7463687150754595,0.9473324213393334
test_128_p0205,106,0.006734006733779999,0.005235602093966722,0.009433962263260948,0.9591695501716828
test_128_p0300,0,0.0,0.0,0.0,0.9999999999986159
test_128_p0301,0,0.0,0.0,0.0,0.999999999998632
test_128_p0302,0,0.0,0.0,0.0,0.8127335640127159
test_128_p0303,0,0.0,0.0,0.0,0.9999999999986159
test_128_p0304,0,0.0,0.0,0.0,0.9986320109425464
test_128_p0305,871,0.07726269315588011,0.9999999997142857,0.04018369689965346,0.8842906574382224
test_128_p0400,0,0.0,0.0,0.0,0.999999999998632
test_128_p0401,0,0.0,0.0,0.0,0.999999999998648
test_128_p0402,0,0.0,0.0,0.0,0.8764705882340952
test_128_p0403,0,0.0,0.0,0.0,0.9567715458263245
test_128_p0404,0,0.0,0.0,0.0,0.9975662520267745
test_128_p0405,740,0.0,0.0,0.0,0.8987688098482917
test_128_p0500,0,0.0,0.0,0.0,0.9999999999986159
test_128_p0501,0,0.0,0.0,0.0,0.999999999998632
test_128_p0502,0,0.0,0.0,0.0,0.991280276815237
test_128_p0503,0,0.0,0.0,0.0,0.9999999999986159
test_128_p0504,0,0.0,0.0,0.0,0.999999999998632
test_128_p0505,599,0.0,0.0,0.0,0.917093425604267
test_129_b0000,0,0.0,0.0,0.0,0.9635986159156213
test_129_b0001,75,0.05405405405301054,0.03160270880289836,0.1866666666417778,0.9321799307945575
test_129_b0002,1203,0.9037620297423283,0.9538319482829749,0.8586866167842171,0.9695501730090387
test_129_b0003,146,0.7405063290904903,0.6882352940771626,0.8013698629588102,0.9886505190297735
test_129_b0004,0,0.0,0.0,0.0,0.9449134948083807
test_129_b0100,0,0.0,0.0,0.0,0.9988927335626313
test_129_b0101,244,0.6791862284713742,0.5493670885936869,0.8893442622586334,0.9716262975765099
test_129_b0102,1078,0.9157647058780435,0.9293218720064058,0.9025974025890298,0.9752249134934599
test_129_b0103,1143,0.5031525851166258,0.9006772008826032,0.3490813648263423,0.8909342560541302
test_129_b0104,83,0.0,0.0,0.0,0.9631833910021271
test_129_b0200,0,0.0,0.0,0.0,0.9849134948083254
test_129_b0201,0,0.0,0.0,0.0,0.9905882352927466
test_129_b0202,0,0.0,0.0,0.0,0.9998615916941178
test_129_b0203,341,0.0,0.0,0.0,0.9528027681647713
test_129_b0204,397,0.01002506265639035,0.999999995,0.0050377833751879654,0.945328719721875
test_129_b0300,0,0.0,0.0,0.0,0.9999999999986159
test_129_b0301,0,0.0,0.0,0.0,0.9876816608982869
test_129_b0302,0,0.0,0.0,0.0,0.9999999999986159
test_129_b0303,0,0.0,0.0,0.0,0.9979238754311448
test_129_b0304,0,0.0,0.0,0.0,0.9454671280263731
test_129_b0400,0,0.0,0.0,0.0,0.9792387543239042
test_129_b0401,0,0.0,0.0,0.0,0.9709342560540195
test_129_b0402,0,0.0,0.0,0.0,0.9993079584761255
test_129_b0403,0,0.0,0.0,0.0,0.9699653979225329
test_129_b0404,0,0.0,0.0,0.0,0.9555709342547328
test_129_p0000,0,0.0,0.0,0.0,0.9999999999986159
test_129_p0001,0,0.0,0.0,0.0,0.999999999998632
test_129_p0002,0,0.0,0.0,0.0,0.9999999999986159
test_129_p0003,0,0.0,0.0,0.0,0.9999999999986159
test_129_p0004,0,0.0,0.0,0.0,0.9989056087537634
test_129_p0005,0,0.0,0.0,0.0,0.9999999999986159
test_129_p0100,0,0.0,0.0,0.0,0.999999999998632
test_129_p0101,0,0.0,0.0,0.0,0.9317198485655331
test_129_p0102,1567,0.8912579957328929,0.8525641025591343,0.9336311423041888,0.9511627906963732
test_129_p0103,780,0.732330827062163,0.8854545454384463,0.6243589743509698,0.9512995896019818
test_129_p0104,0,0.0,0.0,0.0,0.9876960519186213
test_129_p0105,0,0.0,0.0,0.0,0.995896032830375
test_129_p0200,0,0.0,0.0,0.0,0.9868512110712985
test_129_p0201,0,0.0,0.0,0.0,0.9991792065649806
test_129_p0202,0,0.0,0.0,0.0,0.9998615916941178
test_129_p0203,1459,0.7643564356405372,0.9052532832935718,0.6614119259721631,0.9176470588222593
test_129_p0204,940,0.0989898989888991,0.979999999804,0.052127659573913535,0.8779753761957894
test_129_p0205,0,0.0,0.0,0.0,0.9999999999986159
test_129_p0300,0,0.0,0.0,0.0,0.9591695501716828
test_129_p0301,0,0.0,0.0,0.0,0.9876880984938609
test_129_p0302,0,0.0,0.0,0.0,0.9999999999986159
test_129_p0303,19,0.0,0.0,0.0,0.97882352941041
test_129_p0304,0,0.0,0.0,0.0,0.9885088919275123
test_129_p0305,0,0.0,0.0,0.0,0.9999999999986159
test_129_p0400,0,0.0,0.0,0.0,0.999999999998632
test_129_p0401,0,0.0,0.0,0.0,0.9853975121674076
test_129_p0402,0,0.0,0.0,0.0,0.999999999998632
test_129_p0403,0,0.0,0.0,0.0,0.999999999998632
test_129_p0404,0,0.0,0.0,0.0,0.9629529475379084
test_129_p0405,0,0.0,0.0,0.0,0.9845417236648638
test_129_p0500,0,0.0,0.0,0.0,0.9999999999986159
test_129_p0501,0,0.0,0.0,0.0,0.999999999998632
test_129_p0502,0,0.0,0.0,0.0,0.9999999999986159
test_129_p0503,0,0.0,0.0,0.0,0.9999999999986159
test_129_p0504,0,0.0,0.0,0.0,0.999999999998632
test_129_p0505,0,0.0,0.0,0.0,0.9999999999986159
test_12_b0000,598,0.925373134321089,0.8725925925796653,0.984949832759449,0.9868512110712985
test_12_b0001,1459,0.9032461392975001,0.8360560093300113,0.9821795750446732,0.9575086505177058
test_12_b0002,17,0.043290043289106274,0.022471910111854565,0.5882352937716263,0.9388235294104653
test_12_b0003,0,0.0,0.0,0.0,0.9714878892720118
test_12_b0004,0,0.0,0.0,0.0,0.955847750863729
test_12_b0100,305,0.34191555097485155,0.24924924924550676,0.5442622950641225,0.9115570934243439
test_12_b0101,630,0.5579302587113844,0.9575289574919873,0.3936507936445452,0.9456055363308712
test_12_b0102,300,0.3320463320399219,0.3944954128259406,0.2866666666571111,0.9521107266422808
test_12_b0103,0,0.0,0.0,0.0,0.9997231833896197
test_12_b0104,0,0.0,0.0,0.0,0.9431141868499058
test_12_b0200,0,0.0,0.0,0.0,0.9957093425591755
test_12_b0201,143,0.0,0.0,0.0,0.9800692041508926
test_12_b0202,996,0.3095823095797741,0.8399999999626666,0.1897590361426731,0.8833217993067359
test_12_b0203,0,0.0,0.0,0.0,0.9999999999986159
test_12_b0204,0,0.0,0.0,0.0,0.998339100344639
test_12_b0300,0,0.0,0.0,0.0,0.996678200690662
test_12_b0301,0,0.0,0.0,0.0,0.9379930795834769
test_12_b0302,44,0.0,0.0,0.0,0.9879584775072832
test_12_b0303,619,0.0,0.0,0.0,0.9143252595143054
test_12_b0304,78,0.0,0.0,0.0,0.9350865051890171
test_12_b0400,0,0.0,0.0,0.0,0.9615224913481502
test_12_b0401,0,0.0,0.0,0.0,0.9999999999986159
test_12_b0402,0,0.0,0.0,0.0,0.9999999999986159
test_12_b0403,0,0.0,0.0,0.0,0.9997231833896197
test_12_b0404,0,0.0,0.0,0.0,0.9998615916941178
test_12_p0000,0,0.0,0.0,0.0,0.9999999999986159
test_12_p0001,0,0.0,0.0,0.0,0.9982216142257206
test_12_p0002,585,0.9159465828679031,0.8473837209179159,0.996581196564161,0.9851903114173215
test_12_p0003,0,0.0,0.0,0.0,0.9724567474034983
test_12_p0004,0,0.0,0.0,0.0,0.999999999998632
test_12_p0005,0,0.0,0.0,0.0,0.9999999999986159
test_12_p0100,164,0.18970189701382922,0.1707317073087448,0.21341463413332837,0.9590971272216702
test_12_p0101,1909,0.9232426609186016,0.9501108647397445,0.897852278675234,0.9614656571106525
test_12_p0102,148,0.22023809523481788,0.14122137404310647,0.4999999999662162,0.9283173734597424
test_12_p0103,0,0.0,0.0,0.0,0.9991792065649806
test_12_p0104,0,0.0,0.0,0.0,0.9949972958342415
test_12_p0105,0,0.0,0.0,0.0,0.9989056087537634
test_12_p0200,0,0.0,0.0,0.0,0.9999999999986159
test_12_p0201,0,0.0,0.0,0.0,0.999999999998632
test_12_p0202,1083,0.4130434782578765,0.95959595956365,0.26315789473441226,0.8878892733551725
test_12_p0203,16,0.0,0.0,0.0,0.9977854671266467
test_12_p0204,0,0.0,0.0,0.0,0.999999999998632
test_12_p0205,0,0.0,0.0,0.0,0.9797923875418965
test_12_p0300,0,0.0,0.0,0.0,0.9999999999986159
test_12_p0301,0,0.0,0.0,0.0,0.9942544459630722
test_12_p0302,250,0.0,0.0,0.0,0.9508650519017982
test_12_p0303,723,0.2418379685581398,0.961538461446006,0.13831258644345348,0.9132179930783209
test_12_p0304,377,0.0,0.0,0.0,0.9484268125842019
test_12_p0305,0,0.0,0.0,0.0,0.9997231833896197
test_12_p0400,0,0.0,0.0,0.0,0.999999999998632
test_12_p0401,0,0.0,0.0,0.0,0.9521362898851378
test_12_p0402,0,0.0,0.0,0.0,0.999999999998632
test_12_p0403,0,0.0,0.0,0.0,0.9874145006826438
test_12_p0404,0,0.0,0.0,0.0,0.9463223363967735
test_12_p0405,0,0.0,0.0,0.0,0.9984952120369378
test_12_p0500,0,0.0,0.0,0.0,0.9999999999986159
test_12_p0501,0,0.0,0.0,0.0,0.999999999998632
test_12_p0502,0,0.0,0.0,0.0,0.9999999999986159
test_12_p0503,0,0.0,0.0,0.0,0.9999999999986159
test_12_p0504,0,0.0,0.0,0.0,0.999999999998632
test_12_p0505,0,0.0,0.0,0.0,0.9999999999986159
test_130_b0000,0,0.0,0.0,0.0,0.9999999999986159
test_130_b0001,546,0.1535407015211546,0.12020725388476469,0.21245421245032134,0.8229757785455738
test_130_b0002,1658,0.8271231957004797,0.9326267978733337,0.7430639324442517,0.9287197231821056
test_130_b0003,0,0.0,0.0,0.0,0.9233217993066806
test_130_b0004,987,0.8696985181355662,0.8773195876198214,0.8622087132638074,0.9647058823516059
test_130_b0100,0,0.0,0.0,0.0,0.9710726643585176
test_130_b0101,1831,0.6961325966826791,0.9464788732305496,0.550518842159746,0.878200692040307
test_130_b0102,0,0.0,0.0,0.0,0.9577854671267021
test_130_b0103,1314,0.9349289453966533,0.9191176470520653,0.951293759505698,0.9759169550159503
test_130_b0104,1395,0.9017725258460053,0.9299314546768475,0.8752688171980268,0.9631833910021271
test_130_b0200,0,0.0,0.0,0.0,0.9999999999986159
test_130_b0201,1270,0.2744599745852957,0.710526315766101,0.17007874015614113,0.8419377162618105
test_130_b0202,1024,0.8961175236049522,0.9682539682429903,0.8339843749918557,0.9725951557079964
test_130_b0203,1403,0.5987198424391988,0.9681528662266218,0.43335709194274163,0.8871972318326821
test_130_b0204,723,0.4529411764661476,0.77777777775159,0.3195020746843776,0.9227681660886882
test_130_b0300,0,0.0,0.0,0.0,0.9954325259501794
test_130_b0301,985,0.8196333530406882,0.9815864022523855,0.7035532994852431,0.9577854671267021
test_130_b0302,1062,0.8381158635579962,0.9859872611339364,0.7288135593151713,0.9586159169536905
test_130_b0303,0,0.0,0.0,0.0,0.9604152249121656
test_130_b0304,0,0.0,0.0,0.0,0.9716262975765099
test_130_b0400,0,0.0,0.0,0.0,0.9958477508636736
test_130_b0401,0,0.0,0.0,0.0,0.9997231833896197
test_130_b0402,0,0.0,0.0,0.0,0.9847750865038273
test_130_b0403,0,0.0,0.0,0.0,0.998200692040141
test_130_b0404,0,0.0,0.0,0.0,0.9820069204138657
test_130_p0000,0,0.0,0.0,0.0,0.9999999999986159
test_130_p0001,0,0.0,0.0,0.0,0.973734610121787
test_130_p0002,344,0.3909883720901818,0.26065891472615643,0.7819767441633146,0.8840138408292263
test_130_p0003,630,0.4666217127412905,0.405627198119512,0.5492063491976317,0.890519031140636
test_130_p0004,0,0.0,0.0,0.0,0.999999999998632
test_130_p0005,0,0.0,0.0,0.0,0.9999999999986159
test_130_p0100,0,0.0,0.0,0.0,0.999999999998632
test_130_p0101,146,0.0,0.0,0.0,0.9802595997823415
test_130_p0102,2129,0.7258021029907635,0.8518987341718235,0.6322217003258234,0.8608755129947184
test_130_p0103,6,0.0,0.0,0.0,0.9751025991778727
test_130_p0104,1909,0.856323487235858,0.946134347269036,0.7820848611797692,0.9322606814481716
test_130_p0105,1195,0.8681034482721203,0.8951111111031547,0.8426778242607308,0.9581395348824102
test_130_p0200,0,0.0,0.0,0.0,0.9999999999986159
test_130_p0201,1322,0.05869405722627518,0.9756097558596074,0.03025718608146553,0.8244870041028393
test_130_p0202,222,0.2907662082486172,0.18592964823887023,0.6666666666366367,0.9000692041510033
test_130_p0203,1349,0.8094623655879163,0.9641393442524167,0.697553743508543,0.9386851211059672
test_130_p0204,954,0.5863077823254166,0.6635761589316083,0.5251572326988977,0.9032831737333744
test_130_p0205,1304,0.6955252918254109,0.9507978723277819,0.548312883431378,0.9133564013828189
test_130_p0300,0,0.0,0.0,0.0,0.9999999999986159
test_130_p0301,433,0.666666666656426,0.995412843991036,0.5011547343995114,0.9703146374815728
test_130_p0302,2352,0.8077406383493145,0.987707436994544,0.683248299316823,0.894117647057586
test_130_p0303,975,0.7765293383222439,0.992025518325486,0.6379487179421749,0.9504498269883039
test_130_p0304,0,0.0,0.0,0.0,0.9842681258536468
test_130_p0305,430,0.8030112923362231,0.8719346048808737,0.7441860464943213,0.9782698961924177
test_130_p0400,0,0.0,0.0,0.0,0.999999999998632
test_130_p0401,0,0.0,0.0,0.0,0.9986479177920516
test_130_p0402,0,0.0,0.0,0.0,0.987961696305078
test_130_p0403,0,0.0,0.0,0.0,0.9266757865924395
test_130_p0404,0,0.0,0.0,0.0,0.9760681449418929
test_130_p0405,0,0.0,0.0,0.0,0.9975376196976778
test_130_p0500,0,0.0,0.0,0.0,0.9999999999986159
test_130_p0501,0,0.0,0.0,0.0,0.999999999998632
test_130_p0502,0,0.0,0.0,0.0,0.9999999999986159
test_130_p0503,0,0.0,0.0,0.0,0.9999999999986159
test_130_p0504,0,0.0,0.0,0.0,0.999999999998632
test_130_p0505,0,0.0,0.0,0.0,0.9999999999986159
test_131_b0000,397,0.5434462444731706,0.3839750260105726,0.9294710327221796,0.9141868512098074
test_131_b0001,1172,0.9121479613244551,0.8989229494540272,0.9257679180808382,0.9710726643585176
test_131_b0002,95,0.22142857142593536,0.12483221476342507,0.9789473683180056,0.9094809688568727
test_131_b0003,0,0.0,0.0,0.0,0.9359169550160057
test_131_b0004,0,0.0,0.0,0.0,0.9999999999986159
test_131_b0100,74,0.0,0.0,0.0,0.9897577854657581
test_131_b0101,1012,0.9226777374108839,0.9715846994429335,0.878458498015035,0.9793771626284022
test_131_b0102,0,0.0,0.0,0.0,0.97882352941041
test_131_b0103,0,0.0,0.0,0.0,0.9916955017287312
test_131_b0104,0,0.0,0.0,0.0,0.9914186851197351
test_131_b0200,0,0.0,0.0,0.0,0.9999999999986159
test_131_b0201,913,0.815571155068184,0.9770642201685464,0.6998904709671425,0.9599999999986712
test_131_b0202,0,0.0,0.0,0.0,0.9991695501716275
test_131_b0203,0,0.0,0.0,0.0,0.9999999999986159
test_131_b0204,0,0.0,0.0,0.0,0.9901730103792523
test_131_b0300,0,0.0,0.0,0.0,0.9999999999986159
test_131_b0301,671,0.7147487844350507,0.7833037300038489,0.6572280178739608,0.9512802768152924
test_131_b0302,1347,0.7466788822686822,0.9748803827634583,0.6050482553778394,0.9234602076111786
test_131_b0303,859,0.49037656903355337,0.8720238094978564,0.34109429568869504,0.9157093425592863
test_131_b0304,182,0.0,0.0,0.0,0.883460207611234
test_131_b0400,0,0.0,0.0,0.0,0.9793771626284022
test_131_b0401,0,0.0,0.0,0.0,0.948788927334327
test_131_b0402,239,0.13940520445967097,0.08960573476595453,0.3138075313676231,0.8718339100333954
test_131_b0403,169,0.0,0.0,0.0,0.9763321799294445
test_131_b0404,0,0.0,0.0,0.0,0.9999999999986159
test_131_p0000,0,0.0,0.0,0.0,0.9999999999986159
test_131_p0001,0,0.0,0.0,0.0,0.9723666210657013
test_131_p0002,0,0.0,0.0,0.0,0.9999999999986159
test_131_p0003,0,0.0,0.0,0.0,0.9791003460194061
test_131_p0004,0,0.0,0.0,0.0,0.999999999998632
test_131_p0005,0,0.0,0.0,0.0,0.9999999999986159
test_131_p0100,0,0.0,0.0,0.0,0.999999999998632
test_131_p0101,1548,0.7608841259184164,0.789986091788665,0.7338501291942259,0.9034613304476697
test_131_p0102,567,0.7534148094841595,0.6359223300893698,0.9241622574792917,0.9530779753748932
test_131_p0103,0,0.0,0.0,0.0,0.9722298221600927
test_131_p0104,0,0.0,0.0,0.0,0.999999999998648
test_131_p0105,0,0.0,0.0,0.0,0.999999999998632
test_131_p0200,0,0.0,0.0,0.0,0.9999999999986159
test_131_p0201,877,0.8752374920780542,0.9843304843164625,0.7879133409260215,0.9730506155937442
test_131_p0202,249,0.8454011741517534,0.8244274808845639,0.8674698794832341,0.9890657439432677
test_131_p0203,0,0.0,0.0,0.0,0.9482352941163347
test_131_p0204,0,0.0,0.0,0.0,0.9902872777004237
test_131_p0205,0,0.0,0.0,0.0,0.9998615916941178
test_131_p0300,0,0.0,0.0,0.0,0.9999999999986159
test_131_p0301,124,0.8019323671110177,0.9999999998795182,0.6693548386556972,0.9943912448686807
test_131_p0302,1350,0.8439597315400841,0.9729206963155425,0.7451851851796654,0.9485121107253308
test_131_p0303,20,0.0,0.0,0.0,0.9443598615903884
test_131_p0304,270,0.13793103447800237,0.9999999995,0.07407407407133058,0.96580027359649
test_131_p0305,0,0.0,0.0,0.0,0.9999999999986159
test_131_p0400,0,0.0,0.0,0.0,0.999999999998632
test_131_p0401,0,0.0,0.0,0.0,0.999999999998648
test_131_p0402,411,0.8792401628103224,0.9938650306443599,0.7883211678640311,0.9878248973994694
test_131_p0403,1525,0.21898660454153182,0.9791666666156683,0.1232786885237818,0.8165526675775423
test_131_p0404,300,0.6129032257923294,0.9925373133587658,0.44333333331855557,0.9772850189278295
test_131_p0405,0,0.0,0.0,0.0,0.9986320109425464
test_131_p0500,0,0.0,0.0,0.0,0.9999999999986159
test_131_p0501,0,0.0,0.0,0.0,0.999999999998632
test_131_p0502,0,0.0,0.0,0.0,0.9999999999986159
test_131_p0503,0,0.0,0.0,0.0,0.9999999999986159
test_131_p0504,0,0.0,0.0,0.0,0.999999999998632
test_131_p0505,0,0.0,0.0,0.0,0.9999999999986159
test_132_b0000,748,0.5759849906137338,0.9654088050010877,0.410427807481144,0.9374394463654845
test_132_b0001,1239,0.9221556886188104,0.9808917197362977,0.8700564971681191,0.9748096885799656
test_132_b0002,445,0.0516014234870854,0.042709867451506484,0.06516853932437823,0.8524567474036644
test_132_b0003,66,0.18461538461254437,0.10273972602563802,0.9090909089531681,0.9266435986146344
test_132_b0004,0,0.0,0.0,0.0,0.9713494809675137
test_132_b0100,47,0.045519203413292755,0.024390243902067222,0.34042553184246266,0.9071280276804053
test_132_b0101,257,0.7538126361491544,0.8564356435219586,0.67315175094657,0.9843598615903331
test_132_b0102,1448,0.5039761431386482,0.8989361701968274,0.35013812154454327,0.8618685121095337
test_132_b0103,787,0.0,0.0,0.0,0.8910726643586283
test_132_b0104,354,0.1606217616538699,0.9687499996972656,0.08757062146645281,0.9551557093412385
test_132_b0200,0,0.0,0.0,0.0,0.9598615916941732
test_132_b0201,0,0.0,0.0,0.0,0.9999999999986159
test_132_b0202,345,0.3293556085840249,0.9324324323064281,0.1999999999942029,0.9611072664346559
test_132_b0203,1212,0.31585845347106256,0.7675159235424358,0.19884488448680823,0.8555017301026222
test_132_b0204,644,0.0031007751937503756,0.9999999900000002,0.001552795031031789,0.9110034602063516
test_132_b0300,0,0.0,0.0,0.0,0.9999999999986159
test_132_b0301,0,0.0,0.0,0.0,0.9998615916941178
test_132_b0302,0,0.0,0.0,0.0,0.996539792386164
test_132_b0303,1074,0.6527093596018922,0.963636363618843,0.4934823091201725,0.9219377162616997
test_132_b0304,70,0.0,0.0,0.0,0.9903114186837505
test_132_b0400,0,0.0,0.0,0.0,0.9770242214519349
test_132_b0401,0,0.0,0.0,0.0,0.9994463667806236
test_132_b0402,0,0.0,0.0,0.0,0.9770242214519349
test_132_b0403,586,0.8971193415564024,0.8664546899703266,0.9300341296769619,0.9826989619363561
test_132_b0404,796,0.8681388012563525,0.8719898605719646,0.8643216080293427,0.9710726643585176
test_132_p0000,0,0.0,0.0,0.0,0.998339100344639
test_132_p0001,0,0.0,0.0,0.0,0.9704514363871813
test_132_p0002,0,0.0,0.0,0.0,0.9234602076111786
test_132_p0003,0,0.0,0.0,0.0,0.9421453287184192
test_132_p0004,0,0.0,0.0,0.0,0.9562243502038903
test_132_p0005,0,0.0,0.0,0.0,0.9999999999986159
test_132_p0100,0,0.0,0.0,0.0,0.976880984950784
test_132_p0101,1716,0.8056584708628978,0.9545091779652474,0.6969696969656354,0.9219848566780395
test_132_p0102,1333,0.8302344381534752,0.9000876424110422,0.7704426106468835,0.9425444596430335
test_132_p0103,1009,0.4787175234909966,0.5412499999932344,0.42913776015431976,0.8709986320097524
test_132_p0104,0,0.0,0.0,0.0,0.9972958355854553
test_132_p0105,0,0.0,0.0,0.0,0.999999999998632
test_132_p0200,0,0.0,0.0,0.0,0.9609688581301579
test_132_p0201,0,0.0,0.0,0.0,0.9961696306415921
test_132_p0202,0,0.0,0.0,0.0,0.9998615916941178
test_132_p0203,1318,0.018045112781819212,0.9999999991666666,0.009104704097047766,0.8192387543241256
test_132_p0204,1003,0.04101562499959946,0.9999999995238095,0.020937188434487167,0.8656634746910182
test_132_p0205,174,0.0,0.0,0.0,0.9759169550159503
test_132_p0300,0,0.0,0.0,0.0,0.9999999999986159
test_132_p0301,0,0.0,0.0,0.0,0.9997264021874149
test_132_p0302,0,0.0,0.0,0.0,0.9999999999986159
test_132_p0303,997,0.46536144577962835,0.9335347431742135,0.3099297893649957,0.9017301038049803
test_132_p0304,383,0.0,0.0,0.0,0.9476060191505505
test_132_p0305,307,0.0,0.0,0.0,0.9575086505177058
test_132_p0400,0,0.0,0.0,0.0,0.999999999998632
test_132_p0401,0,0.0,0.0,0.0,0.9744456462939772
test_132_p0402,0,0.0,0.0,0.0,0.9870041039658181
test_132_p0403,248,0.22516556291017936,0.1910112359496907,0.2741935483760406,0.9359781121738222
test_132_p0404,890,0.8512696493297989,0.9214659685743264,0.7910112359461684,0.9667387777163782
test_132_p0405,0,0.0,0.0,0.0,0.999999999998632
test_132_p0500,0,0.0,0.0,0.0,0.9999999999986159
test_132_p0501,0,0.0,0.0,0.0,0.999999999998632
test_132_p0502,0,0.0,0.0,0.0,0.9999999999986159
test_132_p0503,0,0.0,0.0,0.0,0.9999999999986159
test_132_p0504,456,0.0,0.0,0.0,0.937619699041125
test_132_p0505,596,0.0,0.0,0.0,0.9175086505177612
test_133_b0000,2073,0.7171223021562098,0.8887303851577124,0.6010612638658898,0.8639446366770049
test_133_b0001,1416,0.8179884533551566,0.717866666662838,0.9505649717446994,0.917093425604267
test_133_b0002,410,0.7820895522310239,0.6605042016695714,0.9585365853424747,0.9696885813135367
test_133_b0003,0,0.0,0.0,0.0,0.968304498268556
test_133_b0004,0,0.0,0.0,0.0,0.9397923875419518
test_133_b0100,0,0.0,0.0,0.0,0.9984775086491371
test_133_b0101,0,0.0,0.0,0.0,0.9638754325246175
test_133_b0102,1474,0.7975806451580743,0.9831013916403271,0.6709633649886638,0.9305190311405807
test_133_b0103,0,0.0,0.0,0.0,0.9984775086491371
test_133_b0104,0,0.0,0.0,0.0,0.9688581314865483
test_133_b0200,0,0.0,0.0,0.0,0.9878200692027851
test_133_b0201,0,0.0,0.0,0.0,0.9709342560540195
test_133_b0202,583,0.7911714770730801,0.7831932772977614,0.7993138936398059,0.9659515570920887
test_133_b0203,1264,0.8560606060570032,0.9145683453155166,0.8045886075885713,0.9526643598602731
test_133_b0204,727,0.18633540372439333,0.9615384614151875,0.10316368638097437,0.9093425605523746
test_133_b0300,0,0.0,0.0,0.0,0.9878200692027851
test_133_b0301,0,0.0,0.0,0.0,0.9997231833896197
test_133_b0302,8,0.0,0.0,0.0,0.9871280276802946
test_133_b0303,1698,0.8630003254120957,0.9643636363566229,0.7809187279105954,0.941730103804925
test_133_b0304,270,0.7531083481216144,0.7235494880299129,0.7851851851561042,0.9807612456733831
test_133_b0400,0,0.0,0.0,0.0,0.9950173010366851
test_133_b0401,0,0.0,0.0,0.0,0.9999999999986159
test_133_b0402,0,0.0,0.0,0.0,0.9997231833896197
test_133_b0403,556,0.8339160839087946,0.811224489782122,0.8579136690493181,0.9737024221439811
test_133_b0404,984,0.7813688212890619,0.7339285714220186,0.8353658536500471,0.9363321799294999
test_133_p0000,1424,0.018093249825900534,0.9999999992307692,0.009129213483081959,0.8047058823518274
test_133_p0001,1275,0.3266903914579121,0.2990228013009836,0.3599999999971765,0.7411764705872214
test_133_p0002,35,0.0,0.0,0.0,0.9951557093411831
test_133_p0003,0,0.0,0.0,0.0,0.9999999999986159
test_133_p0004,0,0.0,0.0,0.0,0.9555403556758474
test_133_p0005,0,0.0,0.0,0.0,0.9999999999986159
test_133_p0100,0,0.0,0.0,0.0,0.999999999998632
test_133_p0101,605,0.9728353140834225,0.999999999982548,0.9471074380008743,0.9956733369375397
test_133_p0102,1524,0.8771278242003184,0.8301113063806087,0.9297900262406182,0.9456908344720305
test_133_p0103,379,0.8575498575376417,0.9318885448627898,0.7941952506386756,0.9863201094377753
test_133_p0104,0,0.0,0.0,0.0,0.8497836668457953
test_133_p0105,0,0.0,0.0,0.0,0.9995896032818063
test_133_p0200,0,0.0,0.0,0.0,0.9999999999986159
test_133_p0201,0,0.0,0.0,0.0,0.9703146374815728
test_133_p0202,1,0.0,0.0,0.0,0.9375778546699826
test_133_p0203,1345,0.9155418434210739,0.9511217948641738,0.8825278810343307,0.9696885813135367
test_133_p0204,2,0.0,0.0,0.0,0.9941176470574636
test_133_p0205,229,0.0,0.0,0.0,0.968304498268556
test_133_p0300,0,0.0,0.0,0.0,0.9999999999986159
test_133_p0301,0,0.0,0.0,0.0,0.999999999998632
test_133_p0302,0,0.0,0.0,0.0,0.9979238754311448
test_133_p0303,1161,0.8116591928214724,0.846585594005177,0.7795004306565074,0.941868512109423
test_133_p0304,1429,0.7952302631546249,0.9641076769594805,0.6766969908979937,0.9318741450055652
test_133_p0305,392,0.0,0.0,0.0,0.9457439446353693
test_133_p0400,0,0.0,0.0,0.0,0.999999999998632
test_133_p0401,0,0.0,0.0,0.0,0.9862087614913654
test_133_p0402,0,0.0,0.0,0.0,0.9912448700396836
test_133_p0403,623,0.8745003996732654,0.8710191082663851,0.8780096308045263,0.9785225718180869
test_133_p0404,1105,0.8837420526753691,0.8869644484878126,0.8805429864173707,0.9653866955097818
test_133_p0405,16,0.0,0.0,0.0,0.991792065662118
test_133_p0500,0,0.0,0.0,0.0,0.9999999999986159
test_133_p0501,0,0.0,0.0,0.0,0.999999999998632
test_133_p0502,0,0.0,0.0,0.0,0.9999999999986159
test_133_p0503,0,0.0,0.0,0.0,0.9999999999986159
test_133_p0504,130,0.0,0.0,0.0,0.9822161422695181
test_133_p0505,467,0.01694915254201379,0.7999999984,0.008565310492321941,0.9357785467115076
test_134_b0000,0,0.0,0.0,0.0,0.9869896193757965
test_134_b0001,0,0.0,0.0,0.0,0.9999999999986159
test_134_b0002,0,0.0,0.0,0.0,0.9999999999986159
test_134_b0003,0,0.0,0.0,0.0,0.9760553633204484
test_134_b0004,0,0.0,0.0,0.0,0.952387543251277
test_134_b0100,34,0.0,0.0,0.0,0.9642906574381117
test_134_b0101,741,0.4833759590761933,0.45929526123378744,0.5101214574829943,0.8881660899641687
test_134_b0102,0,0.0,0.0,0.0,0.9939100346007005
test_134_b0103,0,0.0,0.0,0.0,0.9999999999986159
test_134_b0104,0,0.0,0.0,0.0,0.9958477508636736
test_134_b0200,228,0.020408163264889628,0.01908396946492046,0.021929824560441673,0.9335640138395384
test_134_b0201,650,0.7667844522900461,0.9004149377406553,0.6676923076820355,0.9634602076111233
test_134_b0202,1691,0.8860119987341775,0.9505420054136143,0.8296865759856317,0.9500346020748096
test_134_b0203,465,0.9060190073821962,0.890041493757468,0.9225806451414499,0.9876816608982869
test_134_b0204,278,0.0,0.0,0.0,0.9615224913481502
test_134_b0300,0,0.0,0.0,0.0,0.9999999999986159
test_134_b0301,262,0.0,0.0,0.0,0.9637370242201194
test_134_b0302,1169,0.8406488549578214,0.9503775620177952,0.7536355859644686,0.9537716262962578
test_134_b0303,971,0.8104723961251539,0.9058524172912741,0.7332646755846214,0.9539100346007559
test_134_b0304,738,0.7755775577493765,0.9915611814136801,0.6368563685550561,0.9623529411751386
test_134_b0400,0,0.0,0.0,0.0,0.9987543252581332
test_134_b0401,994,0.6322751322709506,0.9227799227621085,0.4808853118663895,0.9230449826976844
test_134_b0402,1154,0.8729128014801814,0.9391217564776535,0.8154246100449271,0.9620761245661424
test_134_b0403,0,0.0,0.0,0.0,0.9999999999986159
test_134_b0404,38,0.0,0.0,0.0,0.9853287197218197
test_134_p0000,0,0.0,0.0,0.0,0.9872664359847927
test_134_p0001,0,0.0,0.0,0.0,0.999999999998632
test_134_p0002,0,0.0,0.0,0.0,0.9999999999986159
test_134_p0003,0,0.0,0.0,0.0,0.9847750865038273
test_134_p0004,0,0.0,0.0,0.0,0.999999999998632
test_134_p0005,0,0.0,0.0,0.0,0.9997231833896197
test_134_p0100,0,0.0,0.0,0.0,0.9961696306415921
test_134_p0101,0,0.0,0.0,0.0,0.999999999998648
test_134_p0102,0,0.0,0.0,0.0,0.9573187414487588
test_134_p0103,0,0.0,0.0,0.0,0.999999999998632
test_134_p0104,0,0.0,0.0,0.0,0.9967550027028167
test_134_p0105,0,0.0,0.0,0.0,0.999999999998632
test_134_p0200,0,0.0,0.0,0.0,0.9921107266422254
test_134_p0201,1019,0.6640755135998664,0.7647058823431623,0.5868498527911006,0.9172366621054484
test_134_p0202,1158,0.8358092259545121,0.7635714285659746,0.9231433505965188,0.941868512109423
test_134_p0203,23,0.0,0.0,0.0,0.9918339100332293
test_134_p0204,0,0.0,0.0,0.0,0.999999999998632
test_134_p0205,76,0.0,0.0,0.0,0.989480968856762
test_134_p0300,0,0.0,0.0,0.0,0.9995847750851217
test_134_p0301,0,0.0,0.0,0.0,0.999999999998632
test_134_p0302,220,0.0,0.0,0.0,0.9695501730090387
test_134_p0303,2035,0.9220716360093851,0.9084406294663403,0.936117936113336,0.9554325259502348
test_134_p0304,803,0.8014492753565113,0.9584055459105996,0.6886674968780988,0.9625170998618844
test_134_p0305,322,0.5196581196492366,0.5779467680388614,0.47204968942633385,0.9611072664346559
test_134_p0400,0,0.0,0.0,0.0,0.999999999998632
test_134_p0401,419,0.5059829059742567,0.8915662650065321,0.35322195703214265,0.960924824228014
test_134_p0402,617,0.12405446293307028,0.931818181606405,0.06645056725986304,0.9207934336512712
test_134_p0403,1209,0.9326077856804831,0.944067796602169,0.9214226633505259,0.9779753761956526
test_134_p0404,777,0.687290969893919,0.9809069212176394,0.5289575289507212,0.9494321254719451
test_134_p0405,0,0.0,0.0,0.0,0.9998632010930235
test_134_p0500,0,0.0,0.0,0.0,0.9999999999986159
test_134_p0501,94,0.0,0.0,0.0,0.9871409028714266
test_134_p0502,711,0.5881207400137477,0.955696202501402,0.42475386778586843,0.9414532871959288
test_134_p0503,0,0.0,0.0,0.0,0.9999999999986159
test_134_p0504,0,0.0,0.0,0.0,0.999999999998632
test_134_p0505,0,0.0,0.0,0.0,0.998339100344639
test_135_b0000,0,0.0,0.0,0.0,0.9724567474034983
test_135_b0001,340,0.5200764818305921,0.3852691218075741,0.7999999999764705,0.9305190311405807
test_135_b0002,427,0.3778735632156762,0.2725388601008027,0.6159250585335849,0.88013840830328
test_135_b0003,0,0.0,0.0,0.0,0.9999999999986159
test_135_b0004,0,0.0,0.0,0.0,0.9850519031128234
test_135_b0100,243,0.5272206303649395,0.40439560438671657,0.7572016460593743,0.9543252595142501
test_135_b0101,889,0.8427594779313689,0.941666666653588,0.7626546681579004,0.9649826989606021
test_135_b0102,1344,0.22295514511726283,0.9825581394777582,0.12574404761811203,0.8369550172998796
test_135_b0103,743,0.0,0.0,0.0,0.8963321799295553
test_135_b0104,0,0.0,0.0,0.0,0.9994463667806236
test_135_b0200,0,0.0,0.0,0.0,0.9997231833896197
test_135_b0201,0,0.0,0.0,0.0,0.9999999999986159
test_135_b0202,1005,0.8281842818383297,0.9095238095129818,0.7601990049675602,0.9561245674727251
test_135_b0203,969,0.03248730964434023,0.999999999375,0.01651186790488636,0.8680968858119473
test_135_b0204,62,0.0,0.0,0.0,0.9914186851197351
test_135_b0300,0,0.0,0.0,0.0,0.9999999999986159
test_135_b0301,0,0.0,0.0,0.0,0.9999999999986159
test_135_b0302,689,0.8457059679705553,0.8481751824693697,0.8432510885218686,0.9706574394450234
test_135_b0303,408,0.352705410814575,0.9670329669266997,0.2156862745045175,0.9552941176457367
test_135_b0304,121,0.0,0.0,0.0,0.9832525951543485
test_135_b0400,0,0.0,0.0,0.0,0.9999999999986159
test_135_b0401,0,0.0,0.0,0.0,0.9999999999986159
test_135_b0402,337,0.8727272727140496,0.8916408668454601,0.8545994065028308,0.9883737024207774
test_135_b0403,409,0.0,0.0,0.0,0.9433910034589019
test_135_b0404,0,0.0,0.0,0.0,0.9999999999986159
test_135_p0000,0,0.0,0.0,0.0,0.9999999999986159
test_135_p0001,0,0.0,0.0,0.0,0.999999999998632
test_135_p0002,0,0.0,0.0,0.0,0.9738408304484791
test_135_p0003,0,0.0,0.0,0.0,0.9986159169536352
test_135_p0004,0,0.0,0.0,0.0,0.999999999998632
test_135_p0005,0,0.0,0.0,0.0,0.9999999999986159
test_135_p0100,0,0.0,0.0,0.0,0.9993160054705892
test_135_p0101,1007,0.8493741907602531,0.751145038162205,0.9771598808244571,0.9528123309884359
test_135_p0102,1279,0.600917431189904,0.7269700332882689,0.5121188428419694,0.8809849521191778
test_135_p0103,828,0.009592326138973713,0.6666666655555555,0.004830917874337791,0.8870041039659549
test_135_p0104,10,0.0,0.0,0.0,0.9783666846931066
test_135_p0105,0,0.0,0.0,0.0,0.999999999998632
test_135_p0200,0,0.0,0.0,0.0,0.9999999999986159
test_135_p0201,0,0.0,0.0,0.0,0.999999999998632
test_135_p0202,611,0.7266251113025235,0.796874999984436,0.667757774129824,0.9575086505177058
test_135_p0203,801,0.6746221161441955,0.9298245613831179,0.5293383270845277,0.9433910034589019
test_135_p0204,391,0.0,0.0,0.0,0.9465116279056819
test_135_p0205,0,0.0,0.0,0.0,0.9999999999986159
test_135_p0300,0,0.0,0.0,0.0,0.9999999999986159
test_135_p0301,0,0.0,0.0,0.0,0.999999999998632
test_135_p0302,390,0.7664335664228471,0.8430769230509823,0.702564102546088,0.9768858131474368
test_135_p0303,915,0.3268892794347374,0.8340807174513865,0.20327868852236855,0.8939792387530879
test_135_p0304,799,0.0,0.0,0.0,0.8906976744173862
test_135_p0305,0,0.0,0.0,0.0,0.9999999999986159
test_135_p0400,0,0.0,0.0,0.0,0.999999999998632
test_135_p0401,0,0.0,0.0,0.0,0.999999999998648
test_135_p0402,0,0.0,0.0,0.0,0.999999999998632
test_135_p0403,806,0.7639871382587525,0.7930574098692516,0.7369727047054966,0.9497948016402876
test_135_p0404,0,0.0,0.0,0.0,0.999999999998648
test_135_p0405,0,0.0,0.0,0.0,0.999999999998632
test_135_p0500,0,0.0,0.0,0.0,0.9999999999986159
test_135_p0501,0,0.0,0.0,0.0,0.999999999998632
test_135_p0502,0,0.0,0.0,0.0,0.9999999999986159
test_135_p0503,289,0.0,0.0,0.0,0.9599999999986712
test_135_p0504,22,0.0,0.0,0.0,0.9969904240752435
test_135_p0505,0,0.0,0.0,0.0,0.9999999999986159
test_136_b0000,0,0.0,0.0,0.0,0.9999999999986159
test_136_b0001,103,0.26724137930650516,0.15682967959263355,0.9029126212715619,0.929411764704596
test_136_b0002,0,0.0,0.0,0.0,0.9778546712789234
test_136_b0003,0,0.0,0.0,0.0,0.9987543252581332
test_136_b0004,0,0.0,0.0,0.0,0.9999999999986159
test_136_b0100,0,0.0,0.0,0.0,0.9999999999986159
test_136_b0101,1422,0.9100145137847968,0.9400299850004497,0.8818565400781867,0.9656747404830925
test_136_b0102,0,0.0,0.0,0.0,0.9875432525937888
test_136_b0103,15,0.0,0.0,0.0,0.9979238754311448
test_136_b0104,0,0.0,0.0,0.0,0.9999999999986159
test_136_b0200,726,0.7615838247619076,0.9804772234060634,0.6225895316718651,0.9608304498256598
test_136_b0201,123,0.0,0.0,0.0,0.9775778546699272
test_136_b0202,563,0.6450939457135167,0.7822784809928537,0.548845470682969,0.9529411764692693
test_136_b0203,430,0.5326797385533876,0.8956043955551866,0.3790697674330449,0.9604152249121656
test_136_b0204,0,0.0,0.0,0.0,0.9997231833896197
test_136_b0300,373,0.942779291540289,0.9584487534360541,0.9276139409938977,0.9941868512096966
test_136_b0301,925,0.8877338877292738,0.8548548548462978,0.9232432432332622,0.970103806227031
test_136_b0302,1159,0.7249224405339973,0.9045161290205869,0.6048317515047038,0.9263667820056383
test_136_b0303,517,0.3734087694430918,0.694736842068698,0.25531914893123175,0.9386851211059672
test_136_b0304,0,0.0,0.0,0.0,0.9999999999986159
test_136_b0400,0,0.0,0.0,0.0,0.9878200692027851
test_136_b0401,0,0.0,0.0,0.0,0.9810380622823792
test_136_b0402,6,0.0,0.0,0.0,0.9764705882339426
test_136_b0403,0,0.0,0.0,0.0,0.9937716262962024
test_136_b0404,0,0.0,0.0,0.0,0.9999999999986159
test_136_p0000,0,0.0,0.0,0.0,0.9999999999986159
test_136_p0001,0,0.0,0.0,0.0,0.999999999998632
test_136_p0002,0,0.0,0.0,0.0,0.9941868512096966
test_136_p0003,0,0.0,0.0,0.0,0.9999999999986159
test_136_p0004,0,0.0,0.0,0.0,0.999999999998632
test_136_p0005,0,0.0,0.0,0.0,0.9999999999986159
test_136_p0100,0,0.0,0.0,0.0,0.999999999998632
test_136_p0101,489,0.9416419386652657,0.9118773946185464,0.9734151329044292,0.9920227149797296
test_136_p0102,653,0.7854828256591998,0.6808988763968439,0.9280245022828786,0.954719562242196
test_136_p0103,0,0.0,0.0,0.0,0.9729138166881356
test_136_p0104,0,0.0,0.0,0.0,0.999999999998648
test_136_p0105,0,0.0,0.0,0.0,0.9984952120369378
test_136_p0200,0,0.0,0.0,0.0,0.9999999999986159
test_136_p0201,752,0.7796610169431459,0.9267399267229535,0.6728723404165842,0.9608755129945816
test_136_p0202,0,0.0,0.0,0.0,0.9564013840817213
test_136_p0203,250,0.3620178041435603,0.7011494252067645,0.24399999999024,0.9702422145315291
test_136_p0204,0,0.0,0.0,0.0,0.999999999998632
test_136_p0205,0,0.0,0.0,0.0,0.9943252595141947
test_136_p0300,0,0.0,0.0,0.0,0.9999999999986159
test_136_p0301,1319,0.9035687167771315,0.904942965772586,0.9021986353229553,0.9652530779740558
test_136_p0302,780,0.9076823757204153,0.9141742522637949,0.9012820512704963,0.9802076124553907
test_136_p0303,1527,0.512261580379145,0.835555555543177,0.3693516699386421,0.8513494809676798
test_136_p0304,208,0.009569377989972757,0.9999999900000002,0.004807692307461168,0.9716826265376585
test_136_p0305,0,0.0,0.0,0.0,0.98961937716126
test_136_p0400,0,0.0,0.0,0.0,0.999999999998632
test_136_p0401,49,0.0,0.0,0.0,0.9897241752285157
test_136_p0402,332,0.2198275862021589,0.3863636363343664,0.15361445782669836,0.9504787961683304
test_136_p0403,61,0.0,0.0,0.0,0.9913816689452922
test_136_p0404,0,0.0,0.0,0.0,0.9928339643036874
test_136_p0405,0,0.0,0.0,0.0,0.999042407659372
test_136_p0500,0,0.0,0.0,0.0,0.9999999999986159
test_136_p0501,0,0.0,0.0,0.0,0.999999999998632
test_136_p0502,0,0.0,0.0,0.0,0.9999999999986159
test_136_p0503,0,0.0,0.0,0.0,0.9999999999986159
test_136_p0504,0,0.0,0.0,0.0,0.999999999998632
test_136_p0505,0,0.0,0.0,0.0,0.9999999999986159
test_137_b0000,1154,0.30778443113588155,0.4980620154942236,0.22270363951280156,0.8399999999988373
test_137_b0001,32,0.0,0.0,0.0,0.9147404844277996
test_137_b0002,0,0.0,0.0,0.0,0.9669204152235752
test_137_b0003,0,0.0,0.0,0.0,0.832387543251443
test_137_b0004,0,0.0,0.0,0.0,0.9998615916941178
test_137_b0100,216,0.0,0.0,0.0,0.970103806227031
test_137_b0101,1554,0.7178683385551808,0.9178356713334886,0.5894465894427964,0.9003460207599996
test_137_b0102,627,0.6588693957050793,0.8471177944649845,0.539074960118994,0.9515570934242885
test_137_b0103,0,0.0,0.0,0.0,0.9999999999986159
test_137_b0104,0,0.0,0.0,0.0,0.9943252595141947
test_137_b0200,0,0.0,0.0,0.0,0.9999999999986159
test_137_b0201,464,0.7944862155288911,0.9491017963787693,0.6831896551576898,0.977301038060931
test_137_b0202,1383,0.9003170130295868,0.8777472527412243,0.924078091099609,0.9608304498256598
test_137_b0203,305,0.8260869565089117,0.7846607669385056,0.8721311475123891,0.9844982698948311
test_137_b0204,0,0.0,0.0,0.0,0.9928027681647159
test_137_b0300,0,0.0,0.0,0.0,0.9999999999986159
test_137_b0301,0,0.0,0.0,0.0,0.9745328719709695
test_137_b0302,958,0.9107142857097683,0.8676748582148613,0.958246346545321,0.9750865051889618
test_137_b0303,737,0.8363410080844037,0.7724137930945699,0.9118046132847788,0.9635986159156213
test_137_b0304,1080,0.373493975900802,0.9999999999596774,0.22962962962750344,0.8848442906562147
test_137_b0400,0,0.0,0.0,0.0,0.9999999999986159
test_137_b0401,0,0.0,0.0,0.0,0.9766089965384407
test_137_b0402,1214,0.8695652173876691,0.8828522920128791,0.8566721581478034,0.9568166089952155
test_137_b0403,14,0.0,0.0,0.0,0.9980622837356429
test_137_b0404,1119,0.6207715133494317,0.9240282685349112,0.46738159070181073,0.9115570934243439
test_137_p0000,0,0.0,0.0,0.0,0.9999999999986159
test_137_p0001,0,0.0,0.0,0.0,0.7647058823518951
test_137_p0002,0,0.0,0.0,0.0,0.9199999999987266
test_137_p0003,0,0.0,0.0,0.0,0.8513494809676798
test_137_p0004,0,0.0,0.0,0.0,0.999042407659372
test_137_p0005,0,0.0,0.0,0.0,0.9999999999986159
test_137_p0100,1821,0.6606971538194414,0.7909647779418763,0.5672707303648146,0.8548563611479414
test_137_p0101,1279,0.4941406249975872,0.6579973992112094,0.39562157935578096,0.8599242833952678
test_137_p0102,435,0.11976047903952573,0.45454545447658407,0.0689655172397939,0.9396716826252536
test_137_p0103,0,0.0,0.0,0.0,0.9997264021874149
test_137_p0104,0,0.0,0.0,0.0,0.9319902650068523
test_137_p0105,0,0.0,0.0,0.0,0.999999999998632
test_137_p0200,0,0.0,0.0,0.0,0.9702422145315291
test_137_p0201,0,0.0,0.0,0.0,0.999999999998632
test_137_p0202,1572,0.7283950617255849,0.9254901960693579,0.6005089058485973,0.9025605536319687
test_137_p0203,538,0.8931552587571524,0.8106060605937787,0.9944237918030776,0.9822837370228619
test_137_p0204,0,0.0,0.0,0.0,0.9610123119001901
test_137_p0205,0,0.0,0.0,0.0,0.9999999999986159
test_137_p0300,0,0.0,0.0,0.0,0.9995847750851217
test_137_p0301,0,0.0,0.0,0.0,0.999999999998632
test_137_p0302,983,0.892307692303264,0.8711240309993109,0.9145473041616018,0.9699653979225329
test_137_p0303,886,0.8760504201634661,0.8192534381059012,0.9413092550683825,0.9673356401370694
test_137_p0304,780,0.7921623512890682,0.8721109398941123,0.7256410256317225,0.9593707250328873
test_137_p0305,82,0.0,0.0,0.0,0.9886505190297735
test_137_p0400,0,0.0,0.0,0.0,0.999999999998632
test_137_p0401,0,0.0,0.0,0.0,0.999999999998648
test_137_p0402,1046,0.8420146362426086,0.7658574784591554,0.9349904397616159,0.9497948016402876
test_137_p0403,39,0.6451612902185223,0.8695652170132325,0.5128205126890204,0.9969904240752435
test_137_p0404,963,0.808510638293094,0.938271604925401,0.7102803738244,0.9561925365049267
test_137_p0405,863,0.0,0.0,0.0,0.8819425444584379
test_137_p0500,0,0.0,0.0,0.0,0.9999999999986159
test_137_p0501,0,0.0,0.0,0.0,0.999999999998632
test_137_p0502,43,0.0,0.0,0.0,0.9940484429051986
test_137_p0503,1158,0.11841038118314348,0.9733333332035556,0.06303972366094095,0.8495501730092048
test_137_p0504,0,0.0,0.0,0.0,0.999999999998632
test_137_p0505,341,0.0,0.0,0.0,0.9528027681647713
test_138_b0000,0,0.0,0.0,0.0,0.9880968858117812
test_138_b0001,0,0.0,0.0,0.0,0.9449134948083807
test_138_b0002,0,0.0,0.0,0.0,0.9422837370229172
test_138_b0003,0,0.0,0.0,0.0,0.9994463667806236
test_138_b0004,0,0.0,0.0,0.0,0.9217993079572017
test_138_b0100,17,0.05309734513039392,0.02870813396991827,0.3529411762629758,0.9703806228360272
test_138_b0101,1151,0.7131147540947075,0.8689138576670548,0.604691572540359,0.922491349479692
test_138_b0102,0,0.0,0.0,0.0,0.9469896193758519
test_138_b0103,0,0.0,0.0,0.0,0.9396539792374538
test_138_b0104,0,0.0,0.0,0.0,0.9879584775072832
test_138_b0200,228,0.790450928360996,0.9999999999328859,0.6535087719011619,0.9890657439432677
test_138_b0201,579,0.3760262725749095,0.3583724569583979,0.39550949912961125,0.8948096885800764
test_138_b0202,0,0.0,0.0,0.0,0.9999999999986159
test_138_b0203,0,0.0,0.0,0.0,0.9874048442892908
test_138_b0204,0,0.0,0.0,0.0,0.9923875432512216
test_138_b0300,0,0.0,0.0,0.0,0.9999999999986159
test_138_b0301,748,0.8146989835745528,0.9811676082677746,0.6965240641618111,0.9671972318325713
test_138_b0302,1177,0.8020027309931634,0.8637254901876106,0.7485131690675573,0.9397923875419518
test_138_b0303,1400,0.8526645767991667,0.9444444444362462,0.7771428571373061,0.9479584775073385
test_138_b0304,830,0.6172839506125211,0.8583690986940264,0.48192771083756714,0.9313494809675691
test_138_b0400,0,0.0,0.0,0.0,0.9999999999986159
test_138_b0401,0,0.0,0.0,0.0,0.9999999999986159
test_138_b0402,0,0.0,0.0,0.0,0.9832525951543485
test_138_b0403,0,0.0,0.0,0.0,0.9999999999986159
test_138_b0404,0,0.0,0.0,0.0,0.9590311418671847
test_138_p0000,0,0.0,0.0,0.0,0.9999999999986159
test_138_p0001,0,0.0,0.0,0.0,0.999999999998632
test_138_p0002,0,0.0,0.0,0.0,0.9939100346007005
test_138_p0003,0,0.0,0.0,0.0,0.9999999999986159
test_138_p0004,0,0.0,0.0,0.0,0.9998632010930235
test_138_p0005,0,0.0,0.0,0.0,0.9999999999986159
test_138_p0100,0,0.0,0.0,0.0,0.999999999998632
test_138_p0101,156,0.9278350515145074,0.9999999999259259,0.865384615329142,0.9971606273647956
test_138_p0102,534,0.5956187092919146,0.435497835494065,0.9419475655254317,0.90656634746798
test_138_p0103,0,0.0,0.0,0.0,0.9703146374815728
test_138_p0104,0,0.0,0.0,0.0,0.9684964845849534
test_138_p0105,0,0.0,0.0,0.0,0.9984952120369378
test_138_p0200,0,0.0,0.0,0.0,0.9999999999986159
test_138_p0201,943,0.5461413923338039,0.5560439560378456,0.5365853658479683,0.8849521203818264
test_138_p0202,0,0.0,0.0,0.0,0.966505190310081
test_138_p0203,0,0.0,0.0,0.0,0.9887889273342716
test_138_p0204,0,0.0,0.0,0.0,0.999999999998632
test_138_p0205,0,0.0,0.0,0.0,0.9846366781993292
test_138_p0300,0,0.0,0.0,0.0,0.9999999999986159
test_138_p0301,713,0.666666666660511,0.975675675649306,0.5063113604417067,0.950615595073939
test_138_p0302,697,0.908563134971636,0.9192364170202755,0.8981348636886924,0.982560553631858
test_138_p0303,701,0.8988613529745556,0.847222222211525,0.9572039942802111,0.9791003460194061
test_138_p0304,590,0.052805280527181434,0.999999999375,0.02711864406733697,0.921477428179314
test_138_p0305,501,0.019762845849411802,0.9999999980000001,0.009980039919960479,0.9313494809675691
test_138_p0400,0,0.0,0.0,0.0,0.999999999998632
test_138_p0401,0,0.0,0.0,0.0,0.999999999998648
test_138_p0402,220,0.7533875338549217,0.9328859059776586,0.6318181817894628,0.9875512995882524
test_138_p0403,706,0.9008885850929537,0.870541611613335,0.9334277620264387,0.9801641586853896
test_138_p0404,673,0.9134545454479022,0.8945868945741512,0.9331352154393293,0.9839102217401515
test_138_p0405,7,0.0,0.0,0.0,0.9954856361135492
test_138_p0500,0,0.0,0.0,0.0,0.9999999999986159
test_138_p0501,0,0.0,0.0,0.0,0.999999999998632
test_138_p0502,0,0.0,0.0,0.0,0.9999999999986159
test_138_p0503,0,0.0,0.0,0.0,0.9999999999986159
test_138_p0504,0,0.0,0.0,0.0,0.999999999998632
test_138_p0505,0,0.0,0.0,0.0,0.9999999999986159
test_139_b0000,0,0.0,0.0,0.0,0.9786851211059119
test_139_b0001,0,0.0,0.0,0.0,0.9810380622823792
test_139_b0002,15,0.0,0.0,0.0,0.9439446366768942
test_139_b0003,0,0.0,0.0,0.0,0.9562629757772232
test_139_b0004,0,0.0,0.0,0.0,0.9999999999986159
test_139_b0100,0,0.0,0.0,0.0,0.9818685121093677
test_139_b0101,822,0.8704038577403834,0.862604540013589,0.8783454987727695,0.9702422145315291
test_139_b0102,750,0.7799999999944286,0.8399999999870769,0.7279999999902933,0.9573702422132078
test_139_b0103,0,0.0,0.0,0.0,0.9836678200678427
test_139_b0104,0,0.0,0.0,0.0,0.9999999999986159
test_139_b0200,0,0.0,0.0,0.0,0.9990311418671294
test_139_b0201,1598,0.9203367875617865,0.9536912751613847,0.889236545676538,0.9659515570920887
test_139_b0202,1028,0.9245007306335875,0.9258536585275527,0.9231517509637827,0.9785467128014138
test_139_b0203,865,0.8214471629316947,0.7471590909020156,0.9121387283131545,0.952525951555775
test_139_b0204,429,0.9304556354804502,0.9580246913343697,0.9044289044078222,0.9919723183377274
test_139_b0300,0,0.0,0.0,0.0,0.9684429065730541
test_139_b0301,46,0.0,0.0,0.0,0.9674740484415675
test_139_b0302,0,0.0,0.0,0.0,0.9539100346007559
test_139_b0303,0,0.0,0.0,0.0,0.9815916955003715
test_139_b0304,441,0.9111880046031005,0.9272300469265908,0.8956916099570138,0.9893425605522639
test_139_b0400,0,0.0,0.0,0.0,0.9980622837356429
test_139_b0401,0,0.0,0.0,0.0,0.9633217993066252
test_139_b0402,0,0.0,0.0,0.0,0.9331487889260441
test_139_b0403,0,0.0,0.0,0.0,0.9655363321785945
test_139_b0404,0,0.0,0.0,0.0,0.9999999999986159
test_139_p0000,0,0.0,0.0,0.0,0.9872664359847927
test_139_p0001,0,0.0,0.0,0.0,0.999999999998632
test_139_p0002,0,0.0,0.0,0.0,0.9999999999986159
test_139_p0003,0,0.0,0.0,0.0,0.9997231833896197
test_139_p0004,0,0.0,0.0,0.0,0.999999999998632
test_139_p0005,0,0.0,0.0,0.0,0.9999999999986159
test_139_p0100,0,0.0,0.0,0.0,0.999999999998632
test_139_p0101,0,0.0,0.0,0.0,0.9828285559748745
test_139_p0102,727,0.8015513897815026,0.756097560966389,0.8528198074160548,0.9580027359768016
test_139_p0103,313,0.5398773006068727,0.4382470119434612,0.7028753993385662,0.9487004103954191
test_139_p0104,0,0.0,0.0,0.0,0.9296917252556386
test_139_p0105,0,0.0,0.0,0.0,0.999999999998632
test_139_p0200,0,0.0,0.0,0.0,0.9999999999986159
test_139_p0201,369,0.8994413407695608,0.9279538904631713,0.8726287262636144,0.9901504787948151
test_139_p0202,731,0.7878338278873307,0.8606158832923725,0.7264021887725526,0.9604152249121656
test_139_p0203,0,0.0,0.0,0.0,0.9424221453274153
test_139_p0204,0,0.0,0.0,0.0,0.9414500683981649
test_139_p0205,0,0.0,0.0,0.0,0.9999999999986159
test_139_p0300,0,0.0,0.0,0.0,0.9999999999986159
test_139_p0301,566,0.9484162895841773,0.9721706864383641,0.9257950529871768,0.9922024623789436
test_139_p0302,1102,0.9487771112092812,0.9652582159533779,0.9328493647828237,0.9846366781993292
test_139_p0303,888,0.9291784702496931,0.9350057012436145,0.9234234234130245,0.9826989619363561
test_139_p0304,903,0.9377828054245602,0.9583815028790938,0.9180509412965886,0.9849521203816896
test_139_p0305,412,0.2579281183877816,0.9999999998360656,0.1480582524235908,0.9514186851197904
test_139_p0400,0,0.0,0.0,0.0,0.999999999998632
test_139_p0401,0,0.0,0.0,0.0,0.9986479177920516
test_139_p0402,0,0.0,0.0,0.0,0.9630642954843187
test_139_p0403,0,0.0,0.0,0.0,0.9233926128578339
test_139_p0404,0,0.0,0.0,0.0,0.9537587885330533
test_139_p0405,0,0.0,0.0,0.0,0.999999999998632
test_139_p0500,0,0.0,0.0,0.0,0.9999999999986159
test_139_p0501,0,0.0,0.0,0.0,0.9953488372079408
test_139_p0502,0,0.0,0.0,0.0,0.9999999999986159
test_139_p0503,0,0.0,0.0,0.0,0.9999999999986159
test_139_p0504,0,0.0,0.0,0.0,0.999999999998632
test_139_p0505,0,0.0,0.0,0.0,0.9999999999986159
test_13_b0000,0,0.0,0.0,0.0,0.9999999999986159
test_13_b0001,1028,0.9508515815038888,0.9513145082672706,0.9503891050491208,0.98602076124431
test_13_b0002,1606,0.9543052533386562,0.9528243327066864,0.9557907845519565,0.9796539792373984
test_13_b0003,0,0.0,0.0,0.0,0.9861591695488081
test_13_b0004,0,0.0,0.0,0.0,0.9368858131474922
test_13_b0100,0,0.0,0.0,0.0,0.9579238754312002
test_13_b0101,914,0.43898305084373745,0.9736842104897111,0.28336980306035703,0.9083737024208881
test_13_b0102,833,0.5294117647036257,0.4104428288142073,0.7454981992707623,0.8471972318327374
test_13_b0103,0,0.0,0.0,0.0,0.9914186851197351
test_13_b0104,0,0.0,0.0,0.0,0.9991695501716275
test_13_b0200,0,0.0,0.0,0.0,0.9999999999986159
test_13_b0201,1130,0.0,0.0,0.0,0.8435986159157874
test_13_b0202,453,0.0,0.0,0.0,0.9373010380609864
test_13_b0203,0,0.0,0.0,0.0,0.9999999999986159
test_13_b0204,0,0.0,0.0,0.0,0.9766089965384407
test_13_b0300,0,0.0,0.0,0.0,0.9999999999986159
test_13_b0301,1569,0.6469093988118252,0.9634300125981913,0.4869343530880374,0.8845674740472186
test_13_b0302,845,0.6260080645129737,0.5452151009609727,0.7349112425948531,0.8973010380610418
test_13_b0303,0,0.0,0.0,0.0,0.9649826989606021
test_13_b0304,0,0.0,0.0,0.0,0.9998615916941178
test_13_b0400,0,0.0,0.0,0.0,0.9999999999986159
test_13_b0401,0,0.0,0.0,0.0,0.9999999999986159
test_13_b0402,0,0.0,0.0,0.0,0.9999999999986159
test_13_b0403,0,0.0,0.0,0.0,0.9262283737011402
test_13_b0404,0,0.0,0.0,0.0,0.9550173010367404
test_13_p0000,0,0.0,0.0,0.0,0.9446366781993846
test_13_p0001,0,0.0,0.0,0.0,0.9273597811204825
test_13_p0002,1491,0.7558991049603097,0.9607032057811716,0.6230717639126555,0.9169550172997689
test_13_p0003,734,0.8028059236102666,0.9380692167406545,0.7016348773746371,0.9649826989606021
test_13_p0004,0,0.0,0.0,0.0,0.9755129958946983
test_13_p0005,0,0.0,0.0,0.0,0.9999999999986159
test_13_p0100,0,0.0,0.0,0.0,0.976880984950784
test_13_p0101,0,0.0,0.0,0.0,0.988912925904558
test_13_p0102,1826,0.7100225225205236,0.730590961757065,0.690580503829734,0.859097127221807
test_13_p0103,0,0.0,0.0,0.0,0.9157318741437541
test_13_p0104,0,0.0,0.0,0.0,0.9667387777163782
test_13_p0105,0,0.0,0.0,0.0,0.999999999998632
test_13_p0200,0,0.0,0.0,0.0,0.9764705882339426
test_13_p0201,0,0.0,0.0,0.0,0.999999999998632
test_13_p0202,1587,0.39255158530250356,0.974999999975625,0.2457466918699071,0.8329411764694354
test_13_p0203,0,0.0,0.0,0.0,0.9999999999986159
test_13_p0204,0,0.0,0.0,0.0,0.9826265389863439
test_13_p0205,0,0.0,0.0,0.0,0.9999999999986159
test_13_p0300,0,0.0,0.0,0.0,0.9999999999986159
test_13_p0301,0,0.0,0.0,0.0,0.999999999998632
test_13_p0302,1780,0.38458169075609033,0.8727634194657502,0.24662921348176053,0.8055363321788159
test_13_p0303,0,0.0,0.0,0.0,0.9999999999986159
test_13_p0304,0,0.0,0.0,0.0,0.9986320109425464
test_13_p0305,0,0.0,0.0,0.0,0.9999999999986159
test_13_p0400,0,0.0,0.0,0.0,0.999999999998632
test_13_p0401,0,0.0,0.0,0.0,0.999999999998648
test_13_p0402,1449,0.7849150435110447,0.9823651452180252,0.6535541752887954,0.9290013679877852
test_13_p0403,117,0.2263779527536774,0.1279199110108129,0.982905982821974,0.8924760601902976
test_13_p0404,0,0.0,0.0,0.0,0.880881557597511
test_13_p0405,0,0.0,0.0,0.0,0.999999999998632
test_13_p0500,0,0.0,0.0,0.0,0.9999999999986159
test_13_p0501,0,0.0,0.0,0.0,0.999999999998632
test_13_p0502,0,0.0,0.0,0.0,0.9999999999986159
test_13_p0503,0,0.0,0.0,0.0,0.9999999999986159
test_13_p0504,0,0.0,0.0,0.0,0.999999999998632
test_13_p0505,0,0.0,0.0,0.0,0.9999999999986159
test_140_b0000,0,0.0,0.0,0.0,0.9999999999986159
test_140_b0001,0,0.0,0.0,0.0,0.9407612456734384
test_140_b0002,0,0.0,0.0,0.0,0.9498961937703115
test_140_b0003,0,0.0,0.0,0.0,0.9999999999986159
test_140_b0004,0,0.0,0.0,0.0,0.9999999999986159
test_140_b0100,292,0.43859649122165795,0.38265306121472825,0.5136986301193939,0.9468512110713538
test_140_b0101,298,0.5223880596966196,0.3617571059384786,0.9395973154047115,0.9291349480955998
test_140_b0102,0,0.0,0.0,0.0,0.9999999999986159
test_140_b0103,0,0.0,0.0,0.0,0.9999999999986159
test_140_b0104,0,0.0,0.0,0.0,0.9999999999986159
test_140_b0200,902,0.7056837366308065,0.7165714285632392,0.6951219512118058,0.9276124567461209
test_140_b0201,0,0.0,0.0,0.0,0.9804844290643869
test_140_b0202,0,0.0,0.0,0.0,0.9999999999986159
test_140_b0203,0,0.0,0.0,0.0,0.9999999999986159
test_140_b0204,0,0.0,0.0,0.0,0.9999999999986159
test_140_b0300,580,0.07628524046307984,0.9999999995652173,0.039655172413109396,0.9229065743931864
test_140_b0301,486,0.7438794726860276,0.6857638888769833,0.8127572016293672,0.9623529411751386
test_140_b0302,264,0.0,0.0,0.0,0.962906574393131
test_140_b0303,0,0.0,0.0,0.0,0.9999999999986159
test_140_b0304,0,0.0,0.0,0.0,0.9999999999986159
test_140_b0400,0,0.0,0.0,0.0,0.9999999999986159
test_140_b0401,368,0.7252032520207284,0.902834008060614,0.6059782608530984,0.9766089965384407
test_140_b0402,908,0.031847133757623707,0.4411764704584775,0.016519823788364318,0.8737716262963685
test_140_b0403,2,0.0,0.0,0.0,0.9990311418671294
test_140_b0404,0,0.0,0.0,0.0,0.9999999999986159
test_140_p0000,0,0.0,0.0,0.0,0.9999999999986159
test_140_p0001,0,0.0,0.0,0.0,0.999999999998632
test_140_p0002,0,0.0,0.0,0.0,0.9626297577841347
test_140_p0003,0,0.0,0.0,0.0,0.9999999999986159
test_140_p0004,0,0.0,0.0,0.0,0.999999999998632
test_140_p0005,0,0.0,0.0,0.0,0.9999999999986159
test_140_p0100,0,0.0,0.0,0.0,0.999999999998632
test_140_p0101,29,0.07528641571071544,0.03951890034296359,0.7931034480023781,0.9236073553259551
test_140_p0102,0,0.0,0.0,0.0,0.9523939808468503
test_140_p0103,0,0.0,0.0,0.0,0.9998632010930235
test_140_p0104,0,0.0,0.0,0.0,0.999999999998648
test_140_p0105,0,0.0,0.0,0.0,0.999999999998632
test_140_p0200,0,0.0,0.0,0.0,0.9970934256041563
test_140_p0201,967,0.5277777777742872,0.732110091729686,0.4126163391891146,0.9023255813941145
test_140_p0202,0,0.0,0.0,0.0,0.9990311418671294
test_140_p0203,0,0.0,0.0,0.0,0.9999999999986159
test_140_p0204,0,0.0,0.0,0.0,0.999999999998632
test_140_p0205,0,0.0,0.0,0.0,0.9999999999986159
test_140_p0300,0,0.0,0.0,0.0,0.9999999999986159
test_140_p0301,987,0.5681492108997981,0.972972972949067,0.4012158054670596,0.917647058822274
test_140_p0302,0,0.0,0.0,0.0,0.9832525951543485
test_140_p0303,0,0.0,0.0,0.0,0.9999999999986159
test_140_p0304,0,0.0,0.0,0.0,0.9963064295472007
test_140_p0305,0,0.0,0.0,0.0,0.9999999999986159
test_140_p0400,0,0.0,0.0,0.0,0.999999999998632
test_140_p0401,655,0.8091954022926499,0.8123076922951953,0.8061068702167007,0.9663331530543993
test_140_p0402,955,0.47308567095926396,0.8571428571193093,0.3267015706772073,0.9049247606006773
test_140_p0403,597,0.0,0.0,0.0,0.918331053350317
test_140_p0404,0,0.0,0.0,0.0,0.999999999998648
test_140_p0405,0,0.0,0.0,0.0,0.999999999998632
test_140_p0500,0,0.0,0.0,0.0,0.9999999999986159
test_140_p0501,0,0.0,0.0,0.0,0.999999999998632
test_140_p0502,0,0.0,0.0,0.0,0.9999999999986159
test_140_p0503,0,0.0,0.0,0.0,0.9999999999986159
test_140_p0504,0,0.0,0.0,0.0,0.999999999998632
test_140_p0505,0,0.0,0.0,0.0,0.9999999999986159
test_141_b0000,9,0.0,0.0,0.0,0.8689273356389358
test_141_b0001,1288,0.9136612021824639,0.8606726149563441,0.9736024844644907,0.9671972318325713
test_141_b0002,25,0.06640106241611685,0.03434065934018763,0.9999999996,0.9026989619364668
test_141_b0003,0,0.0,0.0,0.0,0.9717647058810079
test_141_b0004,0,0.0,0.0,0.0,0.9724567474034983
test_141_b0100,0,0.0,0.0,0.0,0.9438062283723961
test_141_b0101,827,0.9061224489743084,0.8749999999901464,0.9395405078483732,0.9777162629744253
test_141_b0102,540,0.7391304347761816,0.6967213114639882,0.7870370370224623,0.9584775086491925
test_141_b0103,0,0.0,0.0,0.0,0.9879584775072832
test_141_b0104,0,0.0,0.0,0.0,0.998200692040141
test_141_b0200,0,0.0,0.0,0.0,0.9678892733550618
test_141_b0201,553,0.8120989917432438,0.8234200743341371,0.8010849909439225,0.9716262975765099
test_141_b0202,1182,0.8876548483516119,0.8964624676367864,0.8790186125137139,0.9635986159156213
test_141_b0203,269,0.5426136363559287,0.43908045976002114,0.7100371746947941,0.9554325259502348
test_141_b0204,0,0.0,0.0,0.0,0.9999999999986159
test_141_b0300,0,0.0,0.0,0.0,0.948788927334327
test_141_b0301,697,0.0,0.0,0.0,0.8960553633205591
test_141_b0302,0,0.0,0.0,0.0,0.9916955017287312
test_141_b0303,866,0.9076212471079237,0.9076212471026833,0.9076212471026833,0.9778546712789234
test_141_b0304,683,0.6965699208382009,0.8722466960160298,0.5797950219534437,0.9522491349467789
test_141_b0400,0,0.0,0.0,0.0,0.996539792386164
test_141_b0401,316,0.6496815286486267,0.9870967741298646,0.48417721517455137,0.977162629756433
test_141_b0402,548,0.8231644260514668,0.9498806682350863,0.7262773722495205,0.9763321799294445
test_141_b0403,243,0.41194029849516595,0.7499999999184783,0.2839506172722654,0.9727335640124946
test_141_b0404,69,0.0,0.0,0.0,0.966643598614579
test_141_p0000,0,0.0,0.0,0.0,0.9999999999986159
test_141_p0001,0,0.0,0.0,0.0,0.999999999998632
test_141_p0002,0,0.0,0.0,0.0,0.9999999999986159
test_141_p0003,0,0.0,0.0,0.0,0.9999999999986159
test_141_p0004,0,0.0,0.0,0.0,0.999999999998632
test_141_p0005,0,0.0,0.0,0.0,0.9994463667806236
test_141_p0100,0,0.0,0.0,0.0,0.9960328317359836
test_141_p0101,818,0.6776611694119058,0.5731191884989593,0.8288508557355886,0.9127906976731844
test_141_p0102,981,0.7690355329916708,0.657266811275074,0.9266055045777104,0.925307797536354
test_141_p0103,0,0.0,0.0,0.0,0.9422708618318163
test_141_p0104,0,0.0,0.0,0.0,0.999999999998648
test_141_p0105,0,0.0,0.0,0.0,0.990834473322858
test_141_p0200,0,0.0,0.0,0.0,0.9999999999986159
test_141_p0201,0,0.0,0.0,0.0,0.9984952120369378
test_141_p0202,1636,0.8962444302963201,0.9349269588251333,0.8606356968162553,0.9548788927322424
test_141_p0203,202,0.5999999999909091,0.4323144104709102,0.9801980197534556,0.9634602076111233
test_141_p0204,0,0.0,0.0,0.0,0.999999999998632
test_141_p0205,0,0.0,0.0,0.0,0.9999999999986159
test_141_p0300,0,0.0,0.0,0.0,0.9999999999986159
test_141_p0301,0,0.0,0.0,0.0,0.9629274965787101
test_141_p0302,703,0.6235741444827404,0.5622857142792882,0.6998577524793761,0.9177854671267573
test_141_p0303,1004,0.8719832109083318,0.9212860310319148,0.8276892430196445,0.9662283737010848
test_141_p0304,374,0.9005102040701466,0.8609756097350981,0.9438502673544424,0.9893296853611637
test_141_p0305,0,0.0,0.0,0.0,0.9999999999986159
test_141_p0400,0,0.0,0.0,0.0,0.999999999998632
test_141_p0401,0,0.0,0.0,0.0,0.9955381287168801
test_141_p0402,1068,0.6895761741083072,0.887905604706668,0.563670411979741,0.9258549931587882
test_141_p0403,462,0.5736196318930427,0.9842105262639889,0.40476190475314366,0.9619699042394502
test_141_p0404,605,0.5582112567420339,0.5231213872756775,0.5983471074281265,0.922525689560678
test_141_p0405,331,0.4152744629972488,0.9886363635240186,0.26283987914613777,0.9664842681245329
test_141_p0500,0,0.0,0.0,0.0,0.9999999999986159
test_141_p0501,0,0.0,0.0,0.0,0.999999999998632
test_141_p0502,0,0.0,0.0,0.0,0.9999999999986159
test_141_p0503,0,0.0,0.0,0.0,0.9999999999986159
test_141_p0504,0,0.0,0.0,0.0,0.999999999998632
test_141_p0505,0,0.0,0.0,0.0,0.9999999999986159
test_142_b0000,1516,0.2686223756103865,0.23814380418032563,0.308047493401662,0.6480276816600027
test_142_b0001,601,0.4357541899400768,0.49471458772738447,0.38935108152430364,0.9161245674727805
test_142_b0002,927,0.6991473812381295,0.8027972027859749,0.6192017259911629,0.9316262975765652
test_142_b0003,925,0.27923844061396885,0.8651685392772377,0.16648648648468664,0.8899653979226436
test_142_b0004,203,0.03257328990121911,0.0480769230723003,0.024630541870707855,0.9588927335626867
test_142_b0100,0,0.0,0.0,0.0,0.8845674740472186
test_142_b0101,0,0.0,0.0,0.0,0.959584775085177
test_142_b0102,0,0.0,0.0,0.0,0.9999999999986159
test_142_b0103,652,0.0,0.0,0.0,0.9097577854658688
test_142_b0104,9,0.0,0.0,0.0,0.9987543252581332
test_142_b0200,0,0.0,0.0,0.0,0.9999999999986159
test_142_b0201,0,0.0,0.0,0.0,0.9999999999986159
test_142_b0202,0,0.0,0.0,0.0,0.9999999999986159
test_142_b0203,660,0.0,0.0,0.0,0.9086505190298843
test_142_b0204,0,0.0,0.0,0.0,0.9999999999986159
test_142_b0300,0,0.0,0.0,0.0,0.9999999999986159
test_142_b0301,0,0.0,0.0,0.0,0.9999999999986159
test_142_b0302,0,0.0,0.0,0.0,0.996678200690662
test_142_b0303,68,0.0,0.0,0.0,0.9905882352927466
test_142_b0304,768,0.0,0.0,0.0,0.8937024221440918
test_142_b0400,0,0.0,0.0,0.0,0.9999999999986159
test_142_b0401,0,0.0,0.0,0.0,0.9999999999986159
test_142_b0402,0,0.0,0.0,0.0,0.9979238754311448
test_142_b0403,0,0.0,0.0,0.0,0.9999999999986159
test_142_b0404,517,0.0,0.0,0.0,0.9273356401371248
test_142_p0000,1132,0.351958895309236,0.6447058823377716,0.24204946996252608,0.8603460207600548
test_142_p0001,1059,0.4791764155335556,0.4749536178063548,0.4834749763882581,0.8477428180562958
test_142_p0002,1176,0.5448992058610574,0.967462039024567,0.3792517006770472,0.8968858131475476
test_142_p0003,1448,0.46891464699436824,0.9888888888669136,0.3073204419868279,0.860484429064553
test_142_p0004,256,0.0,0.0,0.0,0.9649794801628386
test_142_p0005,0,0.0,0.0,0.0,0.9999999999986159
test_142_p0100,234,0.0,0.0,0.0,0.9367989056074736
test_142_p0101,0,0.0,0.0,0.0,0.8570849107614156
test_142_p0102,0,0.0,0.0,0.0,0.9994528043761978
test_142_p0103,817,0.4333076329958882,0.5854166666544705,0.34394124846580243,0.8994528043763346
test_142_p0104,256,0.0,0.0,0.0,0.94023796646709
test_142_p0105,0,0.0,0.0,0.0,0.999999999998632
test_142_p0200,0,0.0,0.0,0.0,0.9999999999986159
test_142_p0201,0,0.0,0.0,0.0,0.9763337893283498
test_142_p0202,0,0.0,0.0,0.0,0.9999999999986159
test_142_p0203,82,0.0,0.0,0.0,0.9886505190297735
test_142_p0204,506,0.0,0.0,0.0,0.9307797537606967
test_142_p0205,0,0.0,0.0,0.0,0.9999999999986159
test_142_p0300,0,0.0,0.0,0.0,0.9999999999986159
test_142_p0301,0,0.0,0.0,0.0,0.999999999998632
test_142_p0302,0,0.0,0.0,0.0,0.9998615916941178
test_142_p0303,0,0.0,0.0,0.0,0.9951557093411831
test_142_p0304,823,0.0,0.0,0.0,0.8874145006827806
test_142_p0305,0,0.0,0.0,0.0,0.9999999999986159
test_142_p0400,0,0.0,0.0,0.0,0.999999999998632
test_142_p0401,0,0.0,0.0,0.0,0.9991887506746902
test_142_p0402,0,0.0,0.0,0.0,0.999999999998632
test_142_p0403,0,0.0,0.0,0.0,0.999999999998632
test_142_p0404,851,0.0,0.0,0.0,0.8849378042173
test_142_p0405,0,0.0,0.0,0.0,0.999999999998632
test_142_p0500,0,0.0,0.0,0.0,0.9999999999986159
test_142_p0501,0,0.0,0.0,0.0,0.999999999998632
test_142_p0502,0,0.0,0.0,0.0,0.9999999999986159
test_142_p0503,0,0.0,0.0,0.0,0.9999999999986159
test_142_p0504,83,0.0,0.0,0.0,0.9886456908331209
test_142_p0505,0,0.0,0.0,0.0,0.9999999999986159
test_143_b0000,0,0.0,0.0,0.0,0.9999999999986159
test_143_b0001,435,0.8682170542523486,0.9911504424486386,0.7724137930856916,0.985882352939812
test_143_b0002,1426,0.9021864211703023,0.9957662997375465,0.8246844319717764,0.9647058823516059
test_143_b0003,334,0.31208997188232385,0.18499999999897224,0.9970059879941016,0.7968166089954369
test_143_b0004,0,0.0,0.0,0.0,0.945328719721875
test_143_b0100,0,0.0,0.0,0.0,0.9198615916942285
test_143_b0101,1449,0.8582061778903677,0.9313408723672751,0.7957211870200434,0.947266435984848
test_143_b0102,0,0.0,0.0,0.0,0.9999999999986159
test_143_b0103,0,0.0,0.0,0.0,0.9999999999986159
test_143_b0104,0,0.0,0.0,0.0,0.9833910034588466
test_143_b0200,824,0.7127659574433619,0.5924437298987746,0.8944174757173008,0.9177854671267573
test_143_b0201,353,0.9181286549573373,0.9486404833550259,0.8895184135725349,0.9922491349467235
test_143_b0202,0,0.0,0.0,0.0,0.9980622837356429
test_143_b0203,0,0.0,0.0,0.0,0.9999999999986159
test_143_b0204,0,0.0,0.0,0.0,0.9998615916941178
test_143_b0300,756,0.8166134185251335,0.7898640296564912,0.8452380952269148,0.9602768166076675
test_143_b0301,484,0.9230769230674556,0.9164969449915173,0.9297520660964927,0.98961937716126
test_143_b0302,0,0.0,0.0,0.0,0.9897577854657581
test_143_b0303,0,0.0,0.0,0.0,0.9669204152235752
test_143_b0304,0,0.0,0.0,0.0,0.9936332179917043
test_143_b0400,0,0.0,0.0,0.0,0.9928027681647159
test_143_b0401,981,0.9395348837160749,0.9528301886692575,0.9266055045777104,0.9838062283723408
test_143_b0402,1602,0.9224652087444584,0.9830508474506847,0.8689138576724788,0.9676124567460656
test_143_b0403,1303,0.670559610702333,0.9162234042431353,0.528779739059641,0.9062975778534169
test_143_b0404,339,0.0,0.0,0.0,0.9530795847737674
test_143_p0000,0,0.0,0.0,0.0,0.9999999999986159
test_143_p0001,0,0.0,0.0,0.0,0.999999999998632
test_143_p0002,0,0.0,0.0,0.0,0.9997231833896197
test_143_p0003,0,0.0,0.0,0.0,0.9512802768152924
test_143_p0004,0,0.0,0.0,0.0,0.8528043775638129
test_143_p0005,0,0.0,0.0,0.0,0.9999999999986159
test_143_p0100,0,0.0,0.0,0.0,0.999999999998632
test_143_p0101,59,0.010282776349350056,0.006060606060422405,0.03389830507900029,0.9479448350446891
test_143_p0102,1559,0.8659432971618273,0.9530046224888059,0.7934573444464821,0.9476060191505505
test_143_p0103,1218,0.8231266641277173,0.766832034012992,0.8883415435066639,0.936388508890648
test_143_p0104,0,0.0,0.0,0.0,0.9640346133031855
test_143_p0105,0,0.0,0.0,0.0,0.999999999998632
test_143_p0200,0,0.0,0.0,0.0,0.9999999999986159
test_143_p0201,1317,0.7874782608668262,0.7265725288785201,0.8595292330990165,0.916415868671797
test_143_p0202,112,0.4454545454342975,0.4537037036616941,0.4374999999609375,0.9831141868498504
test_143_p0203,0,0.0,0.0,0.0,0.9999999999986159
test_143_p0204,0,0.0,0.0,0.0,0.933515731872868
test_143_p0205,0,0.0,0.0,0.0,0.9999999999986159
test_143_p0300,0,0.0,0.0,0.0,0.9999999999986159
test_143_p0301,1162,0.938647559333011,0.9785247432214891,0.9018932874276946,0.9812585499302582
test_143_p0302,0,0.0,0.0,0.0,0.9921107266422254
test_143_p0303,0,0.0,0.0,0.0,0.9999999999986159
test_143_p0304,0,0.0,0.0,0.0,0.9935704514350293
test_143_p0305,0,0.0,0.0,0.0,0.9999999999986159
test_143_p0400,0,0.0,0.0,0.0,0.999999999998632
test_143_p0401,1064,0.9468779123907415,0.9390018484201572,0.9548872180361384,0.9845862628434497
test_143_p0402,436,0.8577494692053318,0.7984189723162368,0.9266055045659035,0.9816689466470839
test_143_p0403,0,0.0,0.0,0.0,0.9942544459630722
test_143_p0404,169,0.5037593984773022,0.6907216494133277,0.39644970411855324,0.9821525148715763
test_143_p0405,0,0.0,0.0,0.0,0.999999999998632
test_143_p0500,0,0.0,0.0,0.0,0.9999999999986159
test_143_p0501,0,0.0,0.0,0.0,0.994938440491115
test_143_p0502,832,0.7762148337546279,0.8292349726662672,0.7295673076835388,0.9515570934242885
test_143_p0503,2070,0.7126934984498059,0.9922413793017911,0.5560386473403091,0.8715570934243992
test_143_p0504,1674,0.6165656565631654,0.9525593008620155,0.4557945041788782,0.870177838576101
test_143_p0505,618,0.6846307385161214,0.8932291666434055,0.5550161812207927,0.9562629757772232
test_144_b0000,1124,0.9645776566713689,0.9851576994342751,0.9448398576428396,0.9892041522477658
test_144_b0001,472,0.8274582560220088,0.7359735973475912,0.9449152542172687,0.9742560553619733
test_144_b0002,0,0.0,0.0,0.0,0.9999999999986159
test_144_b0003,0,0.0,0.0,0.0,0.970103806227031
test_144_b0004,0,0.0,0.0,0.0,0.9321799307945575
test_144_b0100,1579,0.9038828771454365,0.9085092770255374,0.8993033565490862,0.9582006920401963
test_144_b0101,0,0.0,0.0,0.0,0.9296885813135921
test_144_b0102,88,0.24783861670755508,0.16602316601675585,0.4886363635808368,0.9638754325246175
test_144_b0103,0,0.0,0.0,0.0,0.9807612456733831
test_144_b0104,0,0.0,0.0,0.0,0.9669204152235752
test_144_b0200,1168,0.9241011983980288,0.9594470045994522,0.8912671232800407,0.9763321799294445
test_144_b0201,1283,0.7576628352454136,0.9826086956399676,0.6165237724036124,0.9299653979225883
test_144_b0202,872,0.8148558758269687,0.7886266094335984,0.8428899082472145,0.9537716262962578
test_144_b0203,317,0.4468546637647103,0.7152777777281056,0.3249211356364378,0.9647058823516059
test_144_b0204,83,0.0,0.0,0.0,0.9880968858117812
test_144_b0300,187,0.5256198347020559,0.38038277511051716,0.8502673796336755,0.9602768166076675
test_144_b0301,266,0.6651053864012856,0.8819875775849697,0.5338345864460964,0.9802076124553907
test_144_b0302,941,0.8583599573969204,0.8601921024454622,0.8565356004159773,0.9631833910021271
test_144_b0303,906,0.498899486423339,0.7439824945132608,0.3752759381857034,0.9054671280264285
test_144_b0304,320,0.0,0.0,0.0,0.8920415224901148
test_144_b0400,0,0.0,0.0,0.0,0.9999999999986159
test_144_b0401,0,0.0,0.0,0.0,0.9717647058810079
test_144_b0402,0,0.0,0.0,0.0,0.9828373702408543
test_144_b0403,0,0.0,0.0,0.0,0.9839446366768388
test_144_b0404,0,0.0,0.0,0.0,0.9640138408291156
test_144_p0000,0,0.0,0.0,0.0,0.9999999999986159
test_144_p0001,915,0.8031037827313138,0.7218831734897831,0.9049180327769955,0.9444596443215534
test_144_p0002,0,0.0,0.0,0.0,0.9987543252581332
test_144_p0003,0,0.0,0.0,0.0,0.9947404844276889
test_144_p0004,0,0.0,0.0,0.0,0.9953488372079408
test_144_p0005,0,0.0,0.0,0.0,0.9910034602062409
test_144_p0100,548,0.31124807395514253,0.9999999999009902,0.18430656933970244,0.9388508891916021
test_144_p0101,860,0.9245861434645949,0.9779507133465895,0.8767441860363169,0.983369388857513
test_144_p0102,0,0.0,0.0,0.0,0.999999999998632
test_144_p0103,0,0.0,0.0,0.0,0.9998632010930235
test_144_p0104,0,0.0,0.0,0.0,0.999999999998648
test_144_p0105,0,0.0,0.0,0.0,0.999999999998632
test_144_p0200,1496,0.6305732484047745,0.9871794871654248,0.4632352941145506,0.8876124567461763
test_144_p0201,2,0.0,0.0,0.0,0.969904240764747
test_144_p0202,884,0.6215199397996877,0.9280898876195934,0.4671945701304616,0.9303806228360826
test_144_p0203,256,0.8649706457756365,0.8666666666326797,0.8632812499662781,0.9904498269882486
test_144_p0204,0,0.0,0.0,0.0,0.9811217510246496
test_144_p0205,0,0.0,0.0,0.0,0.9999999999986159
test_144_p0300,510,0.7411042944694343,0.990163934393765,0.5921568627334871,0.9707958477495214
test_144_p0301,771,0.6533449174573993,0.9894736841844876,0.48767833981209235,0.9454172366608133
test_144_p0302,1223,0.49049662783267634,0.9803921568387158,0.3270645952548891,0.8849826989607128
test_144_p0303,949,0.737014762161088,0.7659090909003874,0.7102212855562674,0.9334256055350403
test_144_p0304,484,0.6570397111834291,0.7867435158274714,0.5640495867652056,0.9610123119001901
test_144_p0305,347,0.0,0.0,0.0,0.9519723183377827
test_144_p0400,0,0.0,0.0,0.0,0.999999999998632
test_144_p0401,0,0.0,0.0,0.0,0.9916170903177507
test_144_p0402,0,0.0,0.0,0.0,0.9834473324199953
test_144_p0403,496,0.7856430707798041,0.7771203155665262,0.7943548386936622,0.9705882352927899
test_144_p0404,126,0.005154639175124881,0.003816793892984092,0.007936507935878055,0.9478096268240295
test_144_p0405,0,0.0,0.0,0.0,0.9604651162777559
test_144_p0500,0,0.0,0.0,0.0,0.9999999999986159
test_144_p0501,0,0.0,0.0,0.0,0.999999999998632
test_144_p0502,0,0.0,0.0,0.0,0.9999999999986159
test_144_p0503,0,0.0,0.0,0.0,0.9999999999986159
test_144_p0504,0,0.0,0.0,0.0,0.999999999998632
test_144_p0505,0,0.0,0.0,0.0,0.9999999999986159
test_145_b0000,429,0.5264550264515446,0.3674976915940213,0.9277389277173022,0.9008996539779919
test_145_b0001,1171,0.8411287205224541,0.7683615819154778,0.9291204098981288,0.9431141868499058
test_145_b0002,998,0.5317784256528759,0.6359832635894563,0.4569138276507323,0.888858131486659
test_145_b0003,609,0.6019261637190857,0.5886970172592041,0.6157635467879184,0.9313494809675691
test_145_b0004,0,0.0,0.0,0.0,0.9454671280263731
test_145_b0100,0,0.0,0.0,0.0,0.9995847750851217
test_145_b0101,0,0.0,0.0,0.0,0.9999999999986159
test_145_b0102,679,0.0029411764705449825,0.9999999900000002,0.0014727540500519476,0.9061591695489188
test_145_b0103,425,0.08108108107925494,0.9473684205540166,0.04235294117547405,0.9435294117634
test_145_b0104,568,0.09075630251948309,0.9999999996296296,0.04753521126676875,0.9251211072651555
test_145_b0200,0,0.0,0.0,0.0,0.9662283737010848
test_145_b0201,0,0.0,0.0,0.0,0.9999999999986159
test_145_b0202,705,0.2738386308034983,0.9911504423901637,0.15886524822469694,0.9177854671267573
test_145_b0203,1044,0.5315436241575064,0.8878923766617064,0.379310344823953,0.9033910034589573
test_145_b0204,1081,0.34377387318301167,0.9868421052198754,0.2081406105438655,0.8811072664347667
test_145_b0300,0,0.0,0.0,0.0,0.9821453287183638
test_145_b0301,0,0.0,0.0,0.0,0.9999999999986159
test_145_b0302,131,0.8220338982702527,0.923809523721542,0.740458015210652,0.9941868512096966
test_145_b0303,464,0.6616915422803272,0.7823529411534602,0.5732758620566104,0.9623529411751386
test_145_b0304,355,0.4142259414139283,0.8048780487150506,0.27887323942876413,0.961245674739154
test_145_b0400,0,0.0,0.0,0.0,0.9749480968844637
test_145_b0401,0,0.0,0.0,0.0,0.9897577854657581
test_145_b0402,0,0.0,0.0,0.0,0.9799307958463945
test_145_b0403,581,0.4648786717692863,0.9009900989652975,0.31325301204280115,0.9420069204139211
test_145_b0404,0,0.0,0.0,0.0,0.9999999999986159
test_145_p0000,0,0.0,0.0,0.0,0.9999999999986159
test_145_p0001,1090,0.8977321352122477,0.8412189254142646,0.9623853210920883,0.9673050615581843
test_145_p0002,665,0.4682585905622117,0.38212927756290754,0.6045112781863983,0.8736332179918704
test_145_p0003,2,0.0,0.0,0.0,0.9112802768153477
test_145_p0004,0,0.0,0.0,0.0,0.9482900136785933
test_145_p0005,0,0.0,0.0,0.0,0.9999999999986159
test_145_p0100,0,0.0,0.0,0.0,0.9804377564966068
test_145_p0101,0,0.0,0.0,0.0,0.9918875067590699
test_145_p0102,427,0.21721311474964727,0.8688524588739586,0.12412177985657794,0.947742818056159
test_145_p0103,1124,0.640346133041426,0.8165517241266682,0.5266903914543889,0.9090287277689343
test_145_p0104,796,0.43152709359180763,0.9999999999543379,0.27512562813724717,0.9219848566780395
test_145_p0105,0,0.0,0.0,0.0,0.999999999998632
test_145_p0200,0,0.0,0.0,0.0,0.9999999999986159
test_145_p0201,0,0.0,0.0,0.0,0.9997264021874149
test_145_p0202,0,0.0,0.0,0.0,0.9999999999986159
test_145_p0203,1382,0.008645533141148088,0.9999999983333333,0.004341534008651653,0.8095501730092601
test_145_p0204,855,0.5399673735681896,0.8921832883856554,0.38713450291944873,0.9228454172353997
test_145_p0205,226,0.0,0.0,0.0,0.9687197231820502
test_145_p0300,0,0.0,0.0,0.0,0.9999999999986159
test_145_p0301,0,0.0,0.0,0.0,0.999042407659372
test_145_p0302,0,0.0,0.0,0.0,0.9987543252581332
test_145_p0303,682,0.845861807131011,0.877165354316895,0.8167155425100189,0.971903114185506
test_145_p0304,704,0.7099999999940834,0.8588709677246196,0.605113636355041,0.9523939808468503
test_145_p0305,520,0.23129251700286918,0.9999999998529413,0.13076923076671598,0.9374394463654845
test_145_p0400,0,0.0,0.0,0.0,0.999999999998632
test_145_p0401,0,0.0,0.0,0.0,0.9871552190359828
test_145_p0402,0,0.0,0.0,0.0,0.999999999998632
test_145_p0403,517,0.16591251885119288,0.37671232874132105,0.10638297872134655,0.9243502051970939
test_145_p0404,0,0.0,0.0,0.0,0.999999999998648
test_145_p0405,440,0.0,0.0,0.0,0.9398084815308622
test_145_p0500,0,0.0,0.0,0.0,0.9999999999986159
test_145_p0501,0,0.0,0.0,0.0,0.999999999998632
test_145_p0502,0,0.0,0.0,0.0,0.9999999999986159
test_145_p0503,142,0.0,0.0,0.0,0.9803460207598889
test_145_p0504,417,0.0,0.0,0.0,0.9429548563598592
test_145_p0505,0,0.0,0.0,0.0,0.9997231833896197
test_146_b0000,0,0.0,0.0,0.0,0.8726643598603838
test_146_b0001,1231,0.7476935419143695,0.7385103011034984,0.7571080422359293,0.9129411764693247
test_146_b0002,522,0.576609247501572,0.5473321858769822,0.6091954022871802,0.9353633217980134
test_146_b0003,0,0.0,0.0,0.0,0.9611072664346559
test_146_b0004,0,0.0,0.0,0.0,0.862422145327526
test_146_b0100,0,0.0,0.0,0.0,0.9543252595142501
test_146_b0101,0,0.0,0.0,0.0,0.9999999999986159
test_146_b0102,0,0.0,0.0,0.0,0.9999999999986159
test_146_b0103,0,0.0,0.0,0.0,0.9991695501716275
test_146_b0104,0,0.0,0.0,0.0,0.8716955017288973
test_146_b0200,0,0.0,0.0,0.0,0.9999999999986159
test_146_b0201,0,0.0,0.0,0.0,0.9999999999986159
test_146_b0202,0,0.0,0.0,0.0,0.9999999999986159
test_146_b0203,0,0.0,0.0,0.0,0.9999999999986159
test_146_b0204,0,0.0,0.0,0.0,0.906435986157915
test_146_b0300,0,0.0,0.0,0.0,0.9997231833896197
test_146_b0301,0,0.0,0.0,0.0,0.9999999999986159
test_146_b0302,0,0.0,0.0,0.0,0.9999999999986159
test_146_b0303,0,0.0,0.0,0.0,0.9999999999986159
test_146_b0304,0,0.0,0.0,0.0,0.9968166089951601
test_146_b0400,0,0.0,0.0,0.0,0.9994463667806236
test_146_b0401,0,0.0,0.0,0.0,0.9957093425591755
test_146_b0402,0,0.0,0.0,0.0,0.9999999999986159
test_146_b0403,0,0.0,0.0,0.0,0.9999999999986159
test_146_b0404,0,0.0,0.0,0.0,0.9999999999986159
test_146_p0000,0,0.0,0.0,0.0,0.9013148788914861
test_146_p0001,737,0.7749036873925432,0.6518518518458163,0.9552238805840539,0.9440492476047277
test_146_p0002,959,0.6562929061754861,0.5848287112513473,0.7476538060401704,0.8960553633205591
test_146_p0003,198,0.2015018773454224,0.11499999999917858,0.8131313130902459,0.823391003459068
test_146_p0004,0,0.0,0.0,0.0,0.8303693570440077
test_146_p0005,0,0.0,0.0,0.0,0.9999999999986159
test_146_p0100,0,0.0,0.0,0.0,0.8852257181930435
test_146_p0101,0,0.0,0.0,0.0,0.9177934018375908
test_146_p0102,0,0.0,0.0,0.0,0.999999999998632
test_146_p0103,0,0.0,0.0,0.0,0.977838577290044
test_146_p0104,0,0.0,0.0,0.0,0.9659275283924204
test_146_p0105,0,0.0,0.0,0.0,0.9067031463735886
test_146_p0200,0,0.0,0.0,0.0,0.9999999999986159
test_146_p0201,0,0.0,0.0,0.0,0.999999999998632
test_146_p0202,0,0.0,0.0,0.0,0.9999999999986159
test_146_p0203,0,0.0,0.0,0.0,0.9999999999986159
test_146_p0204,0,0.0,0.0,0.0,0.999999999998632
test_146_p0205,0,0.0,0.0,0.0,0.8793079584762916
test_146_p0300,0,0.0,0.0,0.0,0.9999999999986159
test_146_p0301,0,0.0,0.0,0.0,0.999999999998632
test_146_p0302,0,0.0,0.0,0.0,0.9999999999986159
test_146_p0303,0,0.0,0.0,0.0,0.9999999999986159
test_146_p0304,0,0.0,0.0,0.0,0.999999999998632
test_146_p0305,0,0.0,0.0,0.0,0.9276124567461209
test_146_p0400,0,0.0,0.0,0.0,0.999999999998632
test_146_p0401,0,0.0,0.0,0.0,0.999999999998648
test_146_p0402,0,0.0,0.0,0.0,0.999999999998632
test_146_p0403,0,0.0,0.0,0.0,0.999999999998632
test_146_p0404,0,0.0,0.0,0.0,0.999999999998648
test_146_p0405,0,0.0,0.0,0.0,0.9997264021874149
test_146_p0500,0,0.0,0.0,0.0,0.9999999999986159
test_146_p0501,0,0.0,0.0,0.0,0.999999999998632
test_146_p0502,0,0.0,0.0,0.0,0.9999999999986159
test_146_p0503,0,0.0,0.0,0.0,0.9999999999986159
test_146_p0504,0,0.0,0.0,0.0,0.999999999998632
test_146_p0505,0,0.0,0.0,0.0,0.9999999999986159
test_147_b0000,0,0.0,0.0,0.0,0.8743252595143608
test_147_b0001,479,0.18571428571239068,0.1816367265432807,0.1899791231693115,0.8895501730091494
test_147_b0002,1835,0.7121303560630292,0.7978363759242878,0.6430517711136619,0.8679584775074493
test_147_b0003,746,0.12477718359960092,0.18617021276100612,0.09383378015960009,0.864083044981503
test_147_b0004,0,0.0,0.0,0.0,0.998339100344639
test_147_b0100,0,0.0,0.0,0.0,0.9999999999986159
test_147_b0101,0,0.0,0.0,0.0,0.9778546712789234
test_147_b0102,0,0.0,0.0,0.0,0.9932179930782101
test_147_b0103,2301,0.5574074074056871,0.9616613418427938,0.3924380704024666,0.8015224913483716
test_147_b0104,1378,0.7258581235664721,0.9826517967660142,0.5754716981090314,0.917093425604267
test_147_b0200,0,0.0,0.0,0.0,0.9775778546699272
test_147_b0201,0,0.0,0.0,0.0,0.9759169550159503
test_147_b0202,11,0.0,0.0,0.0,0.9843598615903331
test_147_b0203,1351,0.6571848945529319,0.973837209288171,0.49592894152112565,0.9032525951544592
test_147_b0204,0,0.0,0.0,0.0,0.9999999999986159
test_147_b0300,0,0.0,0.0,0.0,0.9999999999986159
test_147_b0301,0,0.0,0.0,0.0,0.9999999999986159
test_147_b0302,723,0.8266464799331822,0.9130434782456013,0.755186721981256,0.968304498268556
test_147_b0303,1309,0.7455782312891357,0.9174107142754753,0.6279602750143013,0.922352941175194
test_147_b0304,1151,0.7457081545024372,0.9747545581910974,0.6038227628096975,0.9343944636665268
test_147_b0400,0,0.0,0.0,0.0,0.9955709342546775
test_147_b0401,0,0.0,0.0,0.0,0.9973702422131524
test_147_b0402,894,0.691085003450649,0.9041591319908832,0.5592841163248402,0.938131487887975
test_147_b0403,514,0.4289772727211793,0.7947368420634349,0.2937743190604324,0.9443598615903884
test_147_b0404,701,0.5776930409859133,0.8706896551473939,0.4322396576257883,0.9386851211059672
test_147_p0000,0,0.0,0.0,0.0,0.9944636678186928
test_147_p0001,266,0.0991304347817467,0.06447963800832036,0.2142857142776584,0.8582763337881556
test_147_p0002,1961,0.9477890250374327,0.9921918572169984,0.9071902090723755,0.9728719723169926
test_147_p0003,452,0.48739495797909754,0.3929539295339708,0.6415929203397878,0.9155709342547882
test_147_p0004,0,0.0,0.0,0.0,0.9751025991778727
test_147_p0005,0,0.0,0.0,0.0,0.8620069204140318
test_147_p0100,0,0.0,0.0,0.0,0.9108071135418457
test_147_p0101,0,0.0,0.0,0.0,0.9659275283924204
test_147_p0102,0,0.0,0.0,0.0,0.9830369357031696
test_147_p0103,1976,0.6659946236536761,0.99099999999009,0.5015182186209438,0.8640218878237155
test_147_p0104,1471,0.5619277108406654,0.9652317880634895,0.3963290278695015,0.8770957274190413
test_147_p0105,118,0.23694779115990064,0.15526315789065095,0.4999999999576272,0.9480164158673762
test_147_p0200,0,0.0,0.0,0.0,0.9999999999986159
test_147_p0201,0,0.0,0.0,0.0,0.9805745554022154
test_147_p0202,0,0.0,0.0,0.0,0.9889273356387697
test_147_p0203,1000,0.6560424966755908,0.976284584960943,0.49399999999506,0.9283044982686114
test_147_p0204,441,0.0,0.0,0.0,0.9396716826252536
test_147_p0205,883,0.5820777160937187,0.9708994708737857,0.41562853906664066,0.9270588235281286
test_147_p0300,0,0.0,0.0,0.0,0.9999999999986159
test_147_p0301,0,0.0,0.0,0.0,0.9772913816676098
test_147_p0302,0,0.0,0.0,0.0,0.9995847750851217
test_147_p0303,1168,0.5772357723543715,0.8971119133412073,0.4255136986264939,0.8992387543240149
test_147_p0304,1526,0.8691099476409455,0.9297983569758791,0.8158584534677861,0.9487004103954191
test_147_p0305,123,0.586206896518034,0.9999999998039215,0.41463414630775336,0.9900346020747542
test_147_p0400,0,0.0,0.0,0.0,0.999999999998632
test_147_p0401,0,0.0,0.0,0.0,0.9908058409937929
test_147_p0402,0,0.0,0.0,0.0,0.9941176470574636
test_147_p0403,1209,0.6985446985410679,0.9398601398469949,0.5558312655040875,0.9206566347456626
test_147_p0404,507,0.0,0.0,0.0,0.9314494321242138
test_147_p0405,1127,0.5448676565490971,0.9999999999763033,0.374445430342729,0.9035567715445916
test_147_p0500,0,0.0,0.0,0.0,0.9999999999986159
test_147_p0501,0,0.0,0.0,0.0,0.999999999998632
test_147_p0502,0,0.0,0.0,0.0,0.9999999999986159
test_147_p0503,756,0.0,0.0,0.0,0.8953633217980688
test_147_p0504,0,0.0,0.0,0.0,0.999999999998632
test_147_p0505,441,0.0,0.0,0.0,0.9389619377149634
test_148_b0000,0,0.0,0.0,0.0,0.9346712802755229
test_148_b0001,1191,0.9017673653888132,0.8832528180283152,0.9210747271123336,0.9669204152235752
test_148_b0002,618,0.5959104186894264,0.7481662591504116,0.4951456310599491,0.9425605536319134
test_148_b0003,0,0.0,0.0,0.0,0.9925259515557197
test_148_b0004,0,0.0,0.0,0.0,0.9987543252581332
test_148_b0100,0,0.0,0.0,0.0,0.7993079584764023
test_148_b0101,302,0.5554311310128172,0.41962774956988785,0.8211920529529406,0.9450519031128788
test_148_b0102,1639,0.877496671102272,0.9655677655606919,0.8041488712580589,0.9490657439433231
test_148_b0103,604,0.3518758085336109,0.8047337277630334,0.22516556291017936,0.9306574394450787
test_148_b0104,112,0.14354066984959135,0.15463917524178977,0.13392857141661352,0.9752249134934599
test_148_b0200,0,0.0,0.0,0.0,0.9999999999986159
test_148_b0201,0,0.0,0.0,0.0,0.9999999999986159
test_148_b0202,1321,0.6450324513197951,0.9472140762324456,0.48902346706669936,0.9015916955004822
test_148_b0203,1683,0.8447653429575164,0.9435483870898568,0.7647058823483975,0.9345328719710249
test_148_b0204,1054,0.9244917715347315,0.9436758893187384,0.9060721062532632,0.9784083044969157
test_148_b0300,0,0.0,0.0,0.0,0.9999999999986159
test_148_b0301,0,0.0,0.0,0.0,0.9999999999986159
test_148_b0302,126,0.04651162790337119,0.9999999966666667,0.023809523807634167,0.9829757785453523
test_148_b0303,1263,0.3065693430636591,0.9467213114366098,0.18289786223133098,0.8553633217981241
test_148_b0304,474,0.7265415549500464,0.9963235293751351,0.5717299577938454,0.9717647058810079
test_148_b0400,0,0.0,0.0,0.0,0.9999999999986159
test_148_b0401,0,0.0,0.0,0.0,0.9999999999986159
test_148_b0402,0,0.0,0.0,0.0,0.9999999999986159
test_148_b0403,0,0.0,0.0,0.0,0.9952941176456813
test_148_b0404,0,0.0,0.0,0.0,0.9760553633204484
test_148_p0000,0,0.0,0.0,0.0,0.9999999999986159
test_148_p0001,0,0.0,0.0,0.0,0.999999999998632
test_148_p0002,0,0.0,0.0,0.0,0.9999999999986159
test_148_p0003,0,0.0,0.0,0.0,0.9997231833896197
test_148_p0004,0,0.0,0.0,0.0,0.9913816689452922
test_148_p0005,0,0.0,0.0,0.0,0.9999999999986159
test_148_p0100,0,0.0,0.0,0.0,0.9798905608741725
test_148_p0101,595,0.44708680142510077,0.29253112033043294,0.9478991596479345,0.8113845321784595
test_148_p0102,2045,0.8515645894601456,0.939787485236483,0.7784841075756553,0.9240766073858768
test_148_p0103,658,0.6799999999935239,0.9107142856910532,0.5425531914811162,0.9540355677141532
test_148_p0104,299,0.17536534446397983,0.23333333332037037,0.14046822742005122,0.9465927528380927
test_148_p0105,0,0.0,0.0,0.0,0.999999999998632
test_148_p0200,0,0.0,0.0,0.0,0.9999999999986159
test_148_p0201,0,0.0,0.0,0.0,0.9634746922011443
test_148_p0202,734,0.9045226130588334,0.9559939301827618,0.8583106266913036,0.9815916955003715
test_148_p0203,1534,0.8118361153231721,0.9709618874685032,0.6975228161623369,0.9313494809675691
test_148_p0204,376,0.7188019966602529,0.9599999999573333,0.5744680850911046,0.976880984950784
test_148_p0205,118,0.0,0.0,0.0,0.9766089965384407
test_148_p0300,0,0.0,0.0,0.0,0.9999999999986159
test_148_p0301,0,0.0,0.0,0.0,0.999999999998632
test_148_p0302,359,0.09042553191248869,0.9999999994117647,0.0473537604443634,0.9526643598602731
test_148_p0303,1136,0.648679033161053,0.8973561430653599,0.5079225352067965,0.913494809687317
test_148_p0304,1340,0.832701222078244,0.9564375604941294,0.7373134328303186,0.9456908344720305
test_148_p0305,1637,0.6554352186094848,0.9544392523252986,0.4990836896731883,0.8811072664347667
test_148_p0400,0,0.0,0.0,0.0,0.999999999998632
test_148_p0401,0,0.0,0.0,0.0,0.999999999998648
test_148_p0402,0,0.0,0.0,0.0,0.999999999998632
test_148_p0403,159,0.022813688212060316,0.028846153843380178,0.018867924527115224,0.96484268125723
test_148_p0404,438,0.353383458639974,0.9999999998936171,0.2146118721412189,0.9534883720917341
test_148_p0405,0,0.0,0.0,0.0,0.999999999998632
test_148_p0500,0,0.0,0.0,0.0,0.9999999999986159
test_148_p0501,0,0.0,0.0,0.0,0.999999999998632
test_148_p0502,0,0.0,0.0,0.0,0.9999999999986159
test_148_p0503,0,0.0,0.0,0.0,0.9999999999986159
test_148_p0504,0,0.0,0.0,0.0,0.999999999998632
test_148_p0505,0,0.0,0.0,0.0,0.9999999999986159
test_149_b0000,1153,0.7989397955289703,0.7090053763393213,0.9150043365055074,0.9265051903101363
test_149_b0001,403,0.4476295479553734,0.4027777777697861,0.5037220843547463,0.9306574394450787
test_149_b0002,0,0.0,0.0,0.0,0.9878200692027851
test_149_b0003,0,0.0,0.0,0.0,0.9993079584761255
test_149_b0004,0,0.0,0.0,0.0,0.9999999999986159
test_149_b0100,1133,0.9564032697504251,0.9850327408701121,0.9293909973439596,0.9867128027668004
test_149_b0101,1245,0.7799337434889734,0.949308755749432,0.661847389552917,0.9356401384070095
test_149_b0102,920,0.7030147530423155,0.8575899843371269,0.595652173906569,0.9359169550160057
test_149_b0103,585,0.6123260437314878,0.731591448913739,0.5264957264867266,0.9460207612443654
test_149_b0104,463,0.008602150537449416,0.999999995,0.004319654427552491,0.9361937716250018
test_149_b0200,0,0.0,0.0,0.0,0.9995847750851217
test_149_b0201,350,0.9009009008873738,0.9493670885775517,0.8571428571183674,0.9908650519017428
test_149_b0202,1124,0.7796451914062575,0.8202357563770114,0.7428825622709708,0.9346712802755229
test_149_b0203,591,0.46938775509605374,0.9533678755982711,0.31133671742282004,0.9424221453274153
test_149_b0204,0,0.0,0.0,0.0,0.9892041522477658
test_149_b0300,0,0.0,0.0,0.0,0.9939100346007005
test_149_b0301,0,0.0,0.0,0.0,0.9947404844276889
test_149_b0302,0,0.0,0.0,0.0,0.9916955017287312
test_149_b0303,294,0.04624277456513749,0.15384615381656805,0.027210884352815955,0.9543252595142501
test_149_b0304,0,0.0,0.0,0.0,0.9934948096872063
test_149_b0400,0,0.0,0.0,0.0,0.9988927335626313
test_149_b0401,0,0.0,0.0,0.0,0.9934948096872063
test_149_b0402,0,0.0,0.0,0.0,0.9826989619363561
test_149_b0403,0,0.0,0.0,0.0,0.9598615916941732
test_149_b0404,0,0.0,0.0,0.0,0.9835294117633446
test_149_p0000,831,0.43714821763192174,0.9914893616599366,0.2803850782156392,0.9169550172997689
test_149_p0001,1007,0.8275862068926954,0.7796312554804248,0.8818272095245101,0.9493844049234619
test_149_p0002,0,0.0,0.0,0.0,0.9601384083031693
test_149_p0003,0,0.0,0.0,0.0,0.9964013840816659
test_149_p0004,0,0.0,0.0,0.0,0.999999999998632
test_149_p0005,0,0.0,0.0,0.0,0.9999999999986159
test_149_p0100,1181,0.0,0.0,0.0,0.8376196990412618
test_149_p0101,4,0.0,0.0,0.0,0.9690373174675919
test_149_p0102,302,0.6045548654119139,0.8066298342095785,0.48344370859326347,0.9738714090273956
test_149_p0103,469,0.31149567366734865,0.370588235283218,0.26865671641218214,0.9238030095746597
test_149_p0104,0,0.0,0.0,0.0,0.9982422931300727
test_149_p0105,0,0.0,0.0,0.0,0.999999999998632
test_149_p0200,726,0.9115044247720391,0.9809523809368103,0.8512396694097625,0.9833910034588466
test_149_p0201,1164,0.8868188169497587,0.9684638860532201,0.8178694158005338,0.96675786593575
test_149_p0202,1734,0.8273427471090266,0.9327062228586636,0.743367935405171,0.9255363321786498
test_149_p0203,701,0.6011644832561779,0.6136701337204507,0.5891583452127082,0.924152249133669
test_149_p0204,608,0.25706214688902457,0.909999999909,0.14967105262911726,0.9280437756485252
test_149_p0205,414,0.0,0.0,0.0,0.9426989619364115
test_149_p0300,0,0.0,0.0,0.0,0.9999999999986159
test_149_p0301,0,0.0,0.0,0.0,0.9911080711340751
test_149_p0302,43,0.0,0.0,0.0,0.9712110726630157
test_149_p0303,855,0.6850909090859266,0.9057692307518121,0.5508771929760131,0.940069204150948
test_149_p0304,92,0.22058823527789792,0.3409090908316116,0.16304347824314747,0.9854993160041238
test_149_p0305,0,0.0,0.0,0.0,0.9999999999986159
test_149_p0400,0,0.0,0.0,0.0,0.999999999998632
test_149_p0401,0,0.0,0.0,0.0,0.9613304488899929
test_149_p0402,0,0.0,0.0,0.0,0.9730506155937442
test_149_p0403,0,0.0,0.0,0.0,0.9761969904227412
test_149_p0404,0,0.0,0.0,0.0,0.999999999998648
test_149_p0405,0,0.0,0.0,0.0,0.999999999998632
test_149_p0500,0,0.0,0.0,0.0,0.9999999999986159
test_149_p0501,0,0.0,0.0,0.0,0.999999999998632
test_149_p0502,0,0.0,0.0,0.0,0.9999999999986159
test_149_p0503,0,0.0,0.0,0.0,0.9999999999986159
test_149_p0504,0,0.0,0.0,0.0,0.999999999998632
test_149_p0505,0,0.0,0.0,0.0,0.9999999999986159
test_14_b0000,0,0.0,0.0,0.0,0.9994463667806236
test_14_b0001,429,0.5780590717258928,0.4138972809625992,0.958041958019626,0.9169550172997689
test_14_b0002,0,0.0,0.0,0.0,0.9951557093411831
test_14_b0003,0,0.0,0.0,0.0,0.9999999999986159
test_14_b0004,0,0.0,0.0,0.0,0.9933564013827082
test_14_b0100,737,0.6129032258019582,0.666666666656034,0.5671641790967821,0.9269204152236306
test_14_b0101,2342,0.8439444710367546,0.960239651410892,0.7527754056329942,0.9097577854658688
test_14_b0102,39,0.0,0.0,0.0,0.9454671280263731
test_14_b0103,0,0.0,0.0,0.0,0.9999999999986159
test_14_b0104,0,0.0,0.0,0.0,0.9997231833896197
test_14_b0200,0,0.0,0.0,0.0,0.9947404844276889
test_14_b0201,261,0.7129032257949531,0.6155988857767243,0.8467432949867147,0.975363321797958
test_14_b0202,1718,0.49253094323306645,0.9231999999852288,0.3358556460981615,0.8354325259504009
test_14_b0203,1298,0.8618090452225218,0.9440366972390456,0.7927580893621514,0.9543252595142501
test_14_b0204,547,0.5766423357594083,0.861818181786843,0.43327239487324914,0.9518339100332847
test_14_b0300,0,0.0,0.0,0.0,0.9999999999986159
test_14_b0301,0,0.0,0.0,0.0,0.9999999999986159
test_14_b0302,0,0.0,0.0,0.0,0.9975086505176505
test_14_b0303,267,0.11971830985493949,0.9999999994117647,0.06367041198263407,0.9653979238740964
test_14_b0304,1217,0.6474181010513748,0.9982876712157828,0.47904683647921903,0.9121107266423362
test_14_b0400,0,0.0,0.0,0.0,0.9999999999986159
test_14_b0401,0,0.0,0.0,0.0,0.9999999999986159
test_14_b0402,0,0.0,0.0,0.0,0.9976470588221485
test_14_b0403,0,0.0,0.0,0.0,0.9999999999986159
test_14_b0404,0,0.0,0.0,0.0,0.9695501730090387
test_14_p0000,0,0.0,0.0,0.0,0.9999999999986159
test_14_p0001,0,0.0,0.0,0.0,0.999999999998632
test_14_p0002,0,0.0,0.0,0.0,0.9601384083031693
test_14_p0003,0,0.0,0.0,0.0,0.9999999999986159
test_14_p0004,0,0.0,0.0,0.0,0.9900136798892065
test_14_p0005,0,0.0,0.0,0.0,0.9998615916941178
test_14_p0100,0,0.0,0.0,0.0,0.999999999998632
test_14_p0101,1062,0.9213051823372299,0.9393346379555838,0.9039548022513753,0.9778258518104681
test_14_p0102,771,0.7588235294073011,0.6942949407890818,0.8365758754755308,0.9439124486991192
test_14_p0103,0,0.0,0.0,0.0,0.999999999998632
test_14_p0104,0,0.0,0.0,0.0,0.999999999998648
test_14_p0105,0,0.0,0.0,0.0,0.9984952120369378
test_14_p0200,0,0.0,0.0,0.0,0.9984775086491371
test_14_p0201,710,0.08108108107998539,0.9999999996666666,0.04225352112616544,0.9069767441848058
test_14_p0202,2292,0.8164876123639191,0.820625826351606,0.8123909249528256,0.8841522491337244
test_14_p0203,819,0.7693324520768716,0.8386167146853225,0.7106227106140339,0.9516955017287866
test_14_p0204,21,0.0,0.0,0.0,0.9971272229808521
test_14_p0205,626,0.0,0.0,0.0,0.9133564013828189
test_14_p0300,0,0.0,0.0,0.0,0.9999999999986159
test_14_p0301,0,0.0,0.0,0.0,0.9666210670301414
test_14_p0302,91,0.08928571427774235,0.23809523798185941,0.05494505493901703,0.985882352939812
test_14_p0303,571,0.0,0.0,0.0,0.9209688581302132
test_14_p0304,1547,0.8322889789869802,0.9682675814668246,0.7297996121478358,0.9377564979467335
test_14_p0305,1067,0.011183597390389715,0.9999999983333333,0.005623242736592098,0.8531487889261549
test_14_p0400,0,0.0,0.0,0.0,0.999999999998632
test_14_p0401,0,0.0,0.0,0.0,0.999999999998648
test_14_p0402,0,0.0,0.0,0.0,0.9931600547182037
test_14_p0403,0,0.0,0.0,0.0,0.999999999998632
test_14_p0404,0,0.0,0.0,0.0,0.999999999998648
test_14_p0405,0,0.0,0.0,0.0,0.999999999998632
test_14_p0500,0,0.0,0.0,0.0,0.9999999999986159
test_14_p0501,0,0.0,0.0,0.0,0.999999999998632
test_14_p0502,0,0.0,0.0,0.0,0.9999999999986159
test_14_p0503,0,0.0,0.0,0.0,0.9999999999986159
test_14_p0504,0,0.0,0.0,0.0,0.999999999998632
test_14_p0505,0,0.0,0.0,0.0,0.9999999999986159
test_150_b0000,0,0.0,0.0,0.0,0.9997231833896197
test_150_b0001,0,0.0,0.0,0.0,0.9709342560540195
test_150_b0002,0,0.0,0.0,0.0,0.9882352941162793
test_150_b0003,0,0.0,0.0,0.0,0.9002076124555014
test_150_b0004,0,0.0,0.0,0.0,0.9880968858117812
test_150_b0100,1081,0.8885714285671973,0.9156035328663827,0.8630897317218956,0.9676124567460656
test_150_b0101,1723,0.9556151325559857,0.9816401468728174,0.930934416709629,0.9793771626284022
test_150_b0102,1492,0.8640120210335688,0.9829059828975821,0.7707774798875954,0.9498961937703115
test_150_b0103,0,0.0,0.0,0.0,0.9853287197218197
test_150_b0104,0,0.0,0.0,0.0,0.9583391003446944
test_150_b0200,1867,0.9113636363610473,0.9703569267938879,0.859132297799362,0.9568166089952155
test_150_b0201,0,0.0,0.0,0.0,0.8656055363309819
test_150_b0202,0,0.0,0.0,0.0,0.9999999999986159
test_150_b0203,190,0.8039702233051124,0.7605633802459829,0.8526315789024931,0.9890657439432677
test_150_b0204,1985,0.9332979006087343,0.9876265466761102,0.8846347607008331,0.9652595155695983
test_150_b0300,1109,0.8598351001144098,0.761474269813898,0.9873760144185089,0.950588235292802
test_150_b0301,1916,0.9631213254918143,0.9868565169715945,0.9405010438364275,0.9808996539778811
test_150_b0302,2036,0.7721518987318501,0.9992199687909578,0.6291748526491692,0.8953633217980688
test_150_b0303,2441,0.84008331404573,0.9654255319097584,0.7435477263386172,0.9043598615904438
test_150_b0304,1393,0.5729068673538433,0.8308321964415984,0.4371859296451028,0.8743252595143608
test_150_b0400,0,0.0,0.0,0.0,0.9964013840816659
test_150_b0401,0,0.0,0.0,0.0,0.9999999999986159
test_150_b0402,0,0.0,0.0,0.0,0.9999999999986159
test_150_b0403,0,0.0,0.0,0.0,0.9980622837356429
test_150_b0404,721,0.18364779873982834,0.9864864863531776,0.1012482662954057,0.910173010379363
test_150_p0000,0,0.0,0.0,0.0,0.9999999999986159
test_150_p0001,0,0.0,0.0,0.0,0.999999999998632
test_150_p0002,0,0.0,0.0,0.0,0.9979238754311448
test_150_p0003,0,0.0,0.0,0.0,0.8938408304485899
test_150_p0004,0,0.0,0.0,0.0,0.9735978112161784
test_150_p0005,0,0.0,0.0,0.0,0.9993079584761255
test_150_p0100,0,0.0,0.0,0.0,0.999999999998632
test_150_p0101,580,0.8528015194600874,0.9492600422632291,0.7741379310211356,0.9790427257964047
test_150_p0102,391,0.9182561307776804,0.982507288601093,0.8618925830981613,0.991792065662118
test_150_p0103,321,0.4951541850176639,0.3452088452046043,0.8753894080724177,0.9216142270849226
test_150_p0104,0,0.0,0.0,0.0,0.9998647917779883
test_150_p0105,0,0.0,0.0,0.0,0.9997264021874149
test_150_p0200,0,0.0,0.0,0.0,0.9892041522477658
test_150_p0201,2184,0.7897631133655039,0.7338836477958574,0.8548534798495657,0.8640218878237155
test_150_p0202,1557,0.87971274685501,0.9975570032492056,0.7867694283828724,0.9536332179917597
test_150_p0203,156,0.7449856733310892,0.6735751294987785,0.8333333332799144,0.9876816608982869
test_150_p0204,0,0.0,0.0,0.0,0.9885088919275123
test_150_p0205,639,0.6786004881962686,0.7067796610049698,0.6525821596142006,0.945328719721875
test_150_p0300,140,0.0,0.0,0.0,0.980622837368885
test_150_p0301,2809,0.8631155778877123,0.9912280701708623,0.7643289426815083,0.9068399452791972
test_150_p0302,1882,0.8002536461610645,0.9921383647720745,0.6705632306021756,0.9128027681648266
test_150_p0303,2068,0.7721481481458603,0.9969395562280265,0.6300773694360248,0.8935640138395937
test_150_p0304,2549,0.8763129689155921,0.9659735349670796,0.8018830914052496,0.9210670314624883
test_150_p0305,1369,0.8656141701930473,0.915309446246618,0.8210372534636886,0.9516955017287866
test_150_p0400,0,0.0,0.0,0.0,0.999999999998632
test_150_p0401,172,0.3989769820920847,0.25573770491384035,0.9069767441333153,0.9364521362886202
test_150_p0402,23,0.6486486484733381,0.8571428565306122,0.5217391302079395,0.9982216142257206
test_150_p0403,2,0.0,0.0,0.0,0.9757865937059155
test_150_p0404,953,0.8634453781467256,0.8643533122937502,0.8625393494138244,0.9648458626271432
test_150_p0405,1173,0.024729520865342122,0.1322314049477495,0.01364023870406104,0.8273597811206193
test_150_p0500,0,0.0,0.0,0.0,0.9999999999986159
test_150_p0501,0,0.0,0.0,0.0,0.999999999998632
test_150_p0502,0,0.0,0.0,0.0,0.9999999999986159
test_150_p0503,0,0.0,0.0,0.0,0.9999999999986159
test_150_p0504,0,0.0,0.0,0.0,0.999999999998632
test_150_p0505,300,0.0,0.0,0.0,0.9584775086491925
test_151_b0000,0,0.0,0.0,0.0,0.9936332179917043
test_151_b0001,0,0.0,0.0,0.0,0.982560553631858
test_151_b0002,293,0.22352176737996413,0.13804173354624366,0.5870307167035143,0.8346020761234123
test_151_b0003,830,0.8995633187716809,0.932729624826226,0.8686746987847147,0.9777162629744253
test_151_b0004,548,0.7043756670148946,0.8483290488213797,0.6021897810109089,0.9616608996526482
test_151_b0100,643,0.9471228615789493,0.9471228615715844,0.9471228615715844,0.9905882352927466
test_151_b0101,1640,0.9230277866466847,0.9691482226628495,0.8810975609702373,0.966643598614579
test_151_b0102,1707,0.6960811181126444,0.6539649845486408,0.7439953134109901,0.8465051903102471
test_151_b0103,1823,0.8501600232736394,0.9052044609609343,0.8014262205112375,0.9287197231821056
test_151_b0104,1456,0.7434689507462807,0.9874857792834189,0.5961538461497518,0.917093425604267
test_151_b0200,39,0.6352941175723184,0.5869565216115312,0.6923076921301775,0.9957093425591755
test_151_b0201,2102,0.9427561837433622,0.9337377508122551,0.9519505233066036,0.9663667820055829
test_151_b0202,103,0.7232472324456366,0.583333333298611,0.9514563105872373,0.98961937716126
test_151_b0203,114,0.8634361233099808,0.8672566370913932,0.8596491227316098,0.9957093425591755
test_151_b0204,728,0.732704402509963,0.8566176470430769,0.6401098901010974,0.9529411764692693
test_151_b0300,0,0.0,0.0,0.0,0.9995847750851217
test_151_b0301,724,0.9648033126227412,0.9641379310211843,0.9654696132463333,0.992941176469214
test_151_b0302,9,0.0,0.0,0.0,0.9689965397910464
test_151_b0303,0,0.0,0.0,0.0,0.9998615916941178
test_151_b0304,0,0.0,0.0,0.0,0.9999999999986159
test_151_b0400,0,0.0,0.0,0.0,0.9808996539778811
test_151_b0401,0,0.0,0.0,0.0,0.9961245674726698
test_151_b0402,0,0.0,0.0,0.0,0.9999999999986159
test_151_b0403,0,0.0,0.0,0.0,0.9630449826976291
test_151_b0404,0,0.0,0.0,0.0,0.9999999999986159
test_151_p0000,0,0.0,0.0,0.0,0.9999999999986159
test_151_p0001,0,0.0,0.0,0.0,0.999999999998632
test_151_p0002,0,0.0,0.0,0.0,0.984221453285835
test_151_p0003,66,0.0,0.0,0.0,0.9872664359847927
test_151_p0004,527,0.0075614366728249255,0.999999995,0.0037950664135902265,0.9281805745541338
test_151_p0005,261,0.0,0.0,0.0,0.9638754325246175
test_151_p0100,0,0.0,0.0,0.0,0.999999999998632
test_151_p0101,949,0.9704641350159786,0.971488912344546,0.9694415173765074,0.9924283396417085
test_151_p0102,995,0.6186648025144402,0.47427652732864806,0.8894472361719653,0.8507523939796844
test_151_p0103,1640,0.820179510984772,0.8328095537345519,0.8079268292633663,0.920519835840054
test_151_p0104,929,0.9194776931397199,0.9295929592857031,0.9095801937469367,0.9799891833410223
test_151_p0105,858,0.5818181818133734,0.9999999999715908,0.41025641025162873,0.9307797537606967
test_151_p0200,0,0.0,0.0,0.0,0.9999999999986159
test_151_p0201,976,0.8203299152883624,0.7261247040195256,0.9426229508100141,0.9448700410383791
test_151_p0202,1210,0.9479338842936036,0.9479338842896866,0.9479338842896866,0.982560553631858
test_151_p0203,865,0.7631103074095051,0.7972292191335362,0.7317919075059909,0.9456055363308712
test_151_p0204,1303,0.7901234567866398,0.9284974093168031,0.6876438986900412,0.9348837209289537
test_151_p0205,604,0.0,0.0,0.0,0.9164013840817766
test_151_p0300,0,0.0,0.0,0.0,0.9999999999986159
test_151_p0301,357,0.9247910863380948,0.9196675900022252,0.9299719887694685,0.9926128590957694
test_151_p0302,1626,0.9540334855374307,0.9445449065645296,0.9637146371404446,0.9791003460194061
test_151_p0303,0,0.0,0.0,0.0,0.9892041522477658
test_151_p0304,0,0.0,0.0,0.0,0.9926128590957694
test_151_p0305,278,0.0,0.0,0.0,0.9615224913481502
test_151_p0400,0,0.0,0.0,0.0,0.999999999998632
test_151_p0401,0,0.0,0.0,0.0,0.9922931314210488
test_151_p0402,0,0.0,0.0,0.0,0.999999999998632
test_151_p0403,0,0.0,0.0,0.0,0.999999999998632
test_151_p0404,0,0.0,0.0,0.0,0.9994591671160094
test_151_p0405,0,0.0,0.0,0.0,0.999999999998632
test_151_p0500,0,0.0,0.0,0.0,0.9998615916941178
test_151_p0501,0,0.0,0.0,0.0,0.999999999998632
test_151_p0502,0,0.0,0.0,0.0,0.9999999999986159
test_151_p0503,0,0.0,0.0,0.0,0.9999999999986159
test_151_p0504,0,0.0,0.0,0.0,0.999999999998632
test_151_p0505,0,0.0,0.0,0.0,0.9999999999986159
test_152_b0000,919,0.6366459627304478,0.4948702474321372,0.8922742110893115,0.8704498269884147
test_152_b0001,955,0.65826538176183,0.5094664371743577,0.9298429319274362,0.8723875432513877
test_152_b0002,357,0.9222065063518783,0.9314285714019591,0.9131652660808637,0.9923875432512216
test_152_b0003,0,0.0,0.0,0.0,0.9298269896180902
test_152_b0004,0,0.0,0.0,0.0,0.9777162629744253
test_152_b0100,0,0.0,0.0,0.0,0.86574394463548
test_152_b0101,0,0.0,0.0,0.0,0.8267128027670219
test_152_b0102,429,0.2964743589719834,0.22588522588246782,0.4312354312253791,0.8784775086493032
test_152_b0103,857,0.8910179640665209,0.9151291512802567,0.8681446907716669,0.9748096885799656
test_152_b0104,0,0.0,0.0,0.0,0.9641522491336136
test_152_b0200,0,0.0,0.0,0.0,0.929550173009094
test_152_b0201,0,0.0,0.0,0.0,0.9332871972305422
test_152_b0202,0,0.0,0.0,0.0,0.9635986159156213
test_152_b0203,197,0.4948453608077373,0.7659574467270258,0.3654822334839857,0.9796539792373984
test_152_b0204,574,0.6661251015380494,0.6240487062309886,0.7142857142732703,0.9431141868499058
test_152_b0300,0,0.0,0.0,0.0,0.9162629757772786
test_152_b0301,0,0.0,0.0,0.0,0.9999999999986159
test_152_b0302,0,0.0,0.0,0.0,0.9970934256041563
test_152_b0303,0,0.0,0.0,0.0,0.9999999999986159
test_152_b0304,545,0.7615894039651039,0.9556786703336377,0.6330275229241646,0.970103806227031
test_152_b0400,0,0.0,0.0,0.0,0.9955709342546775
test_152_b0401,0,0.0,0.0,0.0,0.9998615916941178
test_152_b0402,53,0.0,0.0,0.0,0.9926643598602177
test_152_b0403,419,0.1368653421603341,0.9117647056141869,0.07398568018916502,0.9458823529398673
test_152_b0404,309,0.8689407540238969,0.9758064515735562,0.7831715210102533,0.9898961937702562
test_152_p0000,0,0.0,0.0,0.0,0.9999999999986159
test_152_p0001,236,0.9223744292026855,0.999999999950495,0.8559322033535621,0.9953488372079408
test_152_p0002,0,0.0,0.0,0.0,0.9999999999986159
test_152_p0003,0,0.0,0.0,0.0,0.9999999999986159
test_152_p0004,0,0.0,0.0,0.0,0.999999999998632
test_152_p0005,0,0.0,0.0,0.0,0.9999999999986159
test_152_p0100,497,0.6527777777727409,0.5294117646992564,0.8511066398219093,0.9384404924747765
test_152_p0101,651,0.26790830945462785,0.17468472676237887,0.5745007680403302,0.7236343969703575
test_152_p0102,948,0.6682134570739822,0.5274725274693073,0.9113924050536772,0.8826265389864807
test_152_p0103,728,0.8472775564352771,0.8200514138712075,0.8763736263615882,0.9685362517086614
test_152_p0104,0,0.0,0.0,0.0,0.8756084369917853
test_152_p0105,0,0.0,0.0,0.0,0.999999999998632
test_152_p0200,0,0.0,0.0,0.0,0.9986159169536352
test_152_p0201,0,0.0,0.0,0.0,0.9560875512982817
test_152_p0202,0,0.0,0.0,0.0,0.8690657439434338
test_152_p0203,91,0.0,0.0,0.0,0.9068512110714092
test_152_p0204,817,0.9036458333274503,0.9652294853829593,0.8494492043959676,0.979753761968564
test_152_p0205,0,0.0,0.0,0.0,0.9999999999986159
test_152_p0300,0,0.0,0.0,0.0,0.993079584773712
test_152_p0301,0,0.0,0.0,0.0,0.9310533515719137
test_152_p0302,0,0.0,0.0,0.0,0.9918339100332293
test_152_p0303,0,0.0,0.0,0.0,0.9999999999986159
test_152_p0304,635,0.08157099697761977,0.9999999996296296,0.042519685038700475,0.9168262653886227
test_152_p0305,0,0.0,0.0,0.0,0.9999999999986159
test_152_p0400,0,0.0,0.0,0.0,0.9939808481518551
test_152_p0401,0,0.0,0.0,0.0,0.9909410492144525
test_152_p0402,0,0.0,0.0,0.0,0.999999999998632
test_152_p0403,23,0.0,0.0,0.0,0.9968536251696349
test_152_p0404,634,0.5604519773947971,0.9880478087255757,0.39116719242285225,0.9474040021620506
test_152_p0405,0,0.0,0.0,0.0,0.999999999998632
test_152_p0500,0,0.0,0.0,0.0,0.9999999999986159
test_152_p0501,0,0.0,0.0,0.0,0.999999999998632
test_152_p0502,0,0.0,0.0,0.0,0.9999999999986159
test_152_p0503,243,0.0,0.0,0.0,0.9663667820055829
test_152_p0504,168,0.0,0.0,0.0,0.9770177838563926
test_152_p0505,0,0.0,0.0,0.0,0.9999999999986159
test_153_b0000,0,0.0,0.0,0.0,0.9875432525937888
test_153_b0001,413,0.7930535455746301,0.9856115107559132,0.6634382566425318,0.9802076124553907
test_153_b0002,536,0.72790535838046,0.5804661487171979,0.9757462686385122,0.9458823529398673
test_153_b0003,0,0.0,0.0,0.0,0.9999999999986159
test_153_b0004,0,0.0,0.0,0.0,0.9990311418671294
test_153_b0100,0,0.0,0.0,0.0,0.8636678200680088
test_153_b0101,1645,0.047742605085377574,0.1631205673701021,0.027963525835696272,0.7460207612446422
test_153_b0102,1455,0.8909025009028964,0.9424846625694595,0.8446735395130951,0.9583391003446944
test_153_b0103,1036,0.38294689603303705,0.8504983388421761,0.24710424710186196,0.8858131487877013
test_153_b0104,549,0.0,0.0,0.0,0.9240138408291709
test_153_b0200,0,0.0,0.0,0.0,0.9999999999986159
test_153_b0201,0,0.0,0.0,0.0,0.9709342560540195
test_153_b0202,0,0.0,0.0,0.0,0.9999999999986159
test_153_b0203,1134,0.0743801652886415,0.5921052630799862,0.03968253968218975,0.8449826989607682
test_153_b0204,591,0.0,0.0,0.0,0.9165397923862747
test_153_b0300,0,0.0,0.0,0.0,0.984221453285835
test_153_b0301,0,0.0,0.0,0.0,0.9835294117633446
test_153_b0302,0,0.0,0.0,0.0,0.9928027681647159
test_153_b0303,46,0.0,0.0,0.0,0.9936332179917043
test_153_b0304,317,0.0,0.0,0.0,0.9561245674727251
test_153_b0400,0,0.0,0.0,0.0,0.9999999999986159
test_153_b0401,0,0.0,0.0,0.0,0.9893425605522639
test_153_b0402,0,0.0,0.0,0.0,0.9901730103792523
test_153_b0403,0,0.0,0.0,0.0,0.9988927335626313
test_153_b0404,0,0.0,0.0,0.0,0.9999999999986159
test_153_p0000,0,0.0,0.0,0.0,0.9999999999986159
test_153_p0001,0,0.0,0.0,0.0,0.9882352941162952
test_153_p0002,0,0.0,0.0,0.0,0.9955709342546775
test_153_p0003,0,0.0,0.0,0.0,0.9999999999986159
test_153_p0004,0,0.0,0.0,0.0,0.9968536251696349
test_153_p0005,0,0.0,0.0,0.0,0.9897577854657581
test_153_p0100,0,0.0,0.0,0.0,0.9229822161410083
test_153_p0101,356,0.034165571615845394,0.0320987654313062,0.03651685393155851,0.9006219578138175
test_153_p0102,2552,0.4871287128699091,0.8758901322393093,0.3373824451397438,0.7519835841302983
test_153_p0103,0,0.0,0.0,0.0,0.9384404924747765
test_153_p0104,0,0.0,0.0,0.0,0.999999999998648
test_153_p0105,0,0.0,0.0,0.0,0.9740082079330041
test_153_p0200,0,0.0,0.0,0.0,0.9999999999986159
test_153_p0201,36,0.025437201907385736,0.013490725126248049,0.2222222221604938,0.9161422708605799
test_153_p0202,444,0.9038461538352903,0.9690721649234775,0.8468468468277737,0.9889273356387697
test_153_p0203,1629,0.8203716448698543,0.9334377447068644,0.7317372621195105,0.927750865050619
test_153_p0204,1270,0.1303074670561471,0.9270833332367622,0.07007874015692853,0.8374829001356533
test_153_p0205,708,0.0,0.0,0.0,0.9020069204139765
test_153_p0300,0,0.0,0.0,0.0,0.9999999999986159
test_153_p0301,0,0.0,0.0,0.0,0.9937072503406379
test_153_p0302,0,0.0,0.0,0.0,0.9998615916941178
test_153_p0303,0,0.0,0.0,0.0,0.9954325259501794
test_153_p0304,795,0.0,0.0,0.0,0.8912448700398204
test_153_p0305,0,0.0,0.0,0.0,0.9999999999986159
test_153_p0400,0,0.0,0.0,0.0,0.999999999998632
test_153_p0401,0,0.0,0.0,0.0,0.9740400216319983
test_153_p0402,0,0.0,0.0,0.0,0.9942544459630722
test_153_p0403,0,0.0,0.0,0.0,0.9998632010930235
test_153_p0404,45,0.0,0.0,0.0,0.9939156300689644
test_153_p0405,0,0.0,0.0,0.0,0.999999999998632
test_153_p0500,0,0.0,0.0,0.0,0.9999999999986159
test_153_p0501,0,0.0,0.0,0.0,0.999999999998632
test_153_p0502,0,0.0,0.0,0.0,0.9995847750851217
test_153_p0503,0,0.0,0.0,0.0,0.9999999999986159
test_153_p0504,0,0.0,0.0,0.0,0.999999999998632
test_153_p0505,0,0.0,0.0,0.0,0.9999999999986159
test_154_b0000,0,0.0,0.0,0.0,0.9658131487875906
test_154_b0001,523,0.6852846401644975,0.7818627450788759,0.6099426386116645,0.959446366780679
test_154_b0002,1523,0.8435852372558771,0.7615018508685273,0.9455022980896554,0.9260899653966421
test_154_b0003,650,0.4771784232315645,0.7324840764097935,0.35384615384071005,0.9302422145315844
test_154_b0004,0,0.0,0.0,0.0,0.9999999999986159
test_154_b0100,495,0.8466819221871089,0.9762532981272756,0.7474747474596469,0.9814532871958734
test_154_b0101,1302,0.8481675392633152,0.9818181818082644,0.7465437787961096,0.9518339100332847
test_154_b0102,0,0.0,0.0,0.0,0.994878892732187
test_154_b0103,0,0.0,0.0,0.0,0.9999999999986159
test_154_b0104,0,0.0,0.0,0.0,0.9999999999986159
test_154_b0200,727,0.9634146341398143,0.9492656875707708,0.9779917468916369,0.9925259515557197
test_154_b0201,1100,0.9473222124629178,0.915959252963362,0.9809090909001736,0.9833910034588466
test_154_b0202,846,0.922988505741822,0.8982102908176934,0.9491725768209318,0.9814532871958734
test_154_b0203,958,0.8447058823479724,0.9676549865098699,0.7494780793241181,0.9634602076111233
test_154_b0204,0,0.0,0.0,0.0,0.9886505190297735
test_154_b0300,0,0.0,0.0,0.0,0.9999999999986159
test_154_b0301,0,0.0,0.0,0.0,0.9998615916941178
test_154_b0302,0,0.0,0.0,0.0,0.9999999999986159
test_154_b0303,0,0.0,0.0,0.0,0.9999999999986159
test_154_b0304,0,0.0,0.0,0.0,0.9999999999986159
test_154_b0400,0,0.0,0.0,0.0,0.9959861591681717
test_154_b0401,0,0.0,0.0,0.0,0.9998615916941178
test_154_b0402,0,0.0,0.0,0.0,0.9999999999986159
test_154_b0403,0,0.0,0.0,0.0,0.9999999999986159
test_154_b0404,0,0.0,0.0,0.0,0.9957093425591755
test_154_p0000,0,0.0,0.0,0.0,0.9998615916941178
test_154_p0001,0,0.0,0.0,0.0,0.999999999998632
test_154_p0002,0,0.0,0.0,0.0,0.9939100346007005
test_154_p0003,355,0.0,0.0,0.0,0.9049134948084361
test_154_p0004,0,0.0,0.0,0.0,0.9993160054705892
test_154_p0005,0,0.0,0.0,0.0,0.9997231833896197
test_154_p0100,0,0.0,0.0,0.0,0.999999999998632
test_154_p0101,701,0.8013582342886133,0.9895178196857544,0.6733238231002379,0.9683612763642937
test_154_p0102,1795,0.9084928229637904,0.9806326662299508,0.8462395543128344,0.9581395348824102
test_154_p0103,908,0.909844559580778,0.8590998042968777,0.9669603524122581,0.9761969904227412
test_154_p0104,0,0.0,0.0,0.0,0.9983775013507323
test_154_p0105,0,0.0,0.0,0.0,0.999999999998632
test_154_p0200,0,0.0,0.0,0.0,0.9999999999986159
test_154_p0201,1973,0.9240342234873632,0.9458598726064446,0.9031931069391628,0.9599179206553216
test_154_p0202,922,0.937567276636504,0.9305555555456138,0.9446854663671943,0.9839446366768388
test_154_p0203,877,0.8989424206762695,0.9272727272614876,0.8722919042089818,0.9761937716249465
test_154_p0204,1,0.0,0.0,0.0,0.9998632010930235
test_154_p0205,0,0.0,0.0,0.0,0.9849134948083254
test_154_p0300,0,0.0,0.0,0.0,0.9999999999986159
test_154_p0301,155,0.9290322580345474,0.9290322580045786,0.9290322580045786,0.9969904240752435
test_154_p0302,0,0.0,0.0,0.0,0.9999999999986159
test_154_p0303,84,0.5882352940682155,0.9999999997142857,0.41666666661706353,0.9932179930782101
test_154_p0304,419,0.8349249658821974,0.9745222929625948,0.730310262512403,0.9834473324199953
test_154_p0305,0,0.0,0.0,0.0,0.9923875432512216
test_154_p0400,0,0.0,0.0,0.0,0.9995896032818063
test_154_p0401,0,0.0,0.0,0.0,0.999999999998648
test_154_p0402,0,0.0,0.0,0.0,0.999999999998632
test_154_p0403,0,0.0,0.0,0.0,0.9998632010930235
test_154_p0404,0,0.0,0.0,0.0,0.999999999998648
test_154_p0405,0,0.0,0.0,0.0,0.9982216142257206
test_154_p0500,0,0.0,0.0,0.0,0.9999999999986159
test_154_p0501,0,0.0,0.0,0.0,0.999999999998632
test_154_p0502,0,0.0,0.0,0.0,0.9999999999986159
test_154_p0503,0,0.0,0.0,0.0,0.9999999999986159
test_154_p0504,0,0.0,0.0,0.0,0.999999999998632
test_154_p0505,0,0.0,0.0,0.0,0.9999999999986159
test_155_b0000,0,0.0,0.0,0.0,0.9797923875418965
test_155_b0001,0,0.0,0.0,0.0,0.9999999999986159
test_155_b0002,0,0.0,0.0,0.0,0.8804152249122763
test_155_b0003,0,0.0,0.0,0.0,0.9450519031128788
test_155_b0004,0,0.0,0.0,0.0,0.9597231833896751
test_155_b0100,0,0.0,0.0,0.0,0.9968166089951601
test_155_b0101,1476,0.7372643401494695,0.9036381514168768,0.6226287262830446,0.9093425605523746
test_155_b0102,254,0.5917312661422257,0.4403846153761464,0.9015748031141112,0.9562629757772232
test_155_b0103,0,0.0,0.0,0.0,0.9999999999986159
test_155_b0104,0,0.0,0.0,0.0,0.9939100346007005
test_155_b0200,546,0.22666666666364443,0.4166666666462418,0.15567765567480443,0.9197231833897305
test_155_b0201,273,0.0,0.0,0.0,0.9622145328706405
test_155_b0202,0,0.0,0.0,0.0,0.9874048442892908
test_155_b0203,0,0.0,0.0,0.0,0.9579238754312002
test_155_b0204,0,0.0,0.0,0.0,0.908096885811892
test_155_b0300,943,0.8092753623141492,0.8925831201931894,0.7401908801618219,0.9544636678187481
test_155_b0301,0,0.0,0.0,0.0,0.9821453287183638
test_155_b0302,0,0.0,0.0,0.0,0.9999999999986159
test_155_b0303,0,0.0,0.0,0.0,0.9973702422131524
test_155_b0304,0,0.0,0.0,0.0,0.9939100346007005
test_155_b0400,632,0.9289099525992978,0.9274447949380529,0.9303797468207218,0.9875432525937888
test_155_b0401,805,0.9596083231275422,0.9457177321960709,0.9739130434661626,0.9908650519017428
test_155_b0402,677,0.6977611940233418,0.9468354430140041,0.5524372230346759,0.9551557093412385
test_155_b0403,687,0.4250825082480193,0.38888888888419215,0.4687045123658122,0.8794463667807897
test_155_b0404,797,0.5630550621619622,0.9635258358369748,0.39774153073528556,0.9319031141855614
test_155_p0000,0,0.0,0.0,0.0,0.9999999999986159
test_155_p0001,0,0.0,0.0,0.0,0.999999999998632
test_155_p0002,0,0.0,0.0,0.0,0.9943252595141947
test_155_p0003,0,0.0,0.0,0.0,0.9969550172996582
test_155_p0004,0,0.0,0.0,0.0,0.9332421340616508
test_155_p0005,0,0.0,0.0,0.0,0.9919723183377274
test_155_p0100,0,0.0,0.0,0.0,0.999999999998632
test_155_p0101,298,0.918660287066688,0.8753799391831192,0.9664429529877032,0.9931043807450066
test_155_p0102,969,0.426152398869115,0.39152981849272667,0.46749226005709504,0.8331053351561791
test_155_p0103,0,0.0,0.0,0.0,0.999999999998632
test_155_p0104,0,0.0,0.0,0.0,0.999999999998648
test_155_p0105,0,0.0,0.0,0.0,0.9859097127209495
test_155_p0200,0,0.0,0.0,0.0,0.9999999999986159
test_155_p0201,877,0.5778443113729204,0.8409586056461664,0.4401368300976039,0.9228454172353997
test_155_p0202,0,0.0,0.0,0.0,0.9761937716249465
test_155_p0203,0,0.0,0.0,0.0,0.9908650519017428
test_155_p0204,0,0.0,0.0,0.0,0.9054719562231115
test_155_p0205,0,0.0,0.0,0.0,0.9980622837356429
test_155_p0300,0,0.0,0.0,0.0,0.9999999999986159
test_155_p0301,837,0.192028985505507,0.397003745303483,0.12664277180254907,0.8779753761957894
test_155_p0302,0,0.0,0.0,0.0,0.9997231833896197
test_155_p0303,0,0.0,0.0,0.0,0.9975086505176505
test_155_p0304,0,0.0,0.0,0.0,0.9538987688085446
test_155_p0305,0,0.0,0.0,0.0,0.913494809687317
test_155_p0400,636,0.17241379310097107,0.9999999998333333,0.0943396226400261,0.9212038303680968
test_155_p0401,965,0.8604417670639537,0.834469328132089,0.8880829015452012,0.9624121146552699
test_155_p0402,739,0.9259506337496601,0.9131578947248269,0.9391069012051542,0.984815321476081
test_155_p0403,617,0.06885758998327296,0.9999999995454545,0.035656401944316754,0.9186046511615341
test_155_p0404,892,0.6099585062198482,0.7960288808520573,0.4943946188285382,0.9237425635466148
test_155_p0405,7,0.0,0.0,0.0,0.9742818057442213
test_155_p0500,0,0.0,0.0,0.0,0.9999999999986159
test_155_p0501,0,0.0,0.0,0.0,0.999999999998632
test_155_p0502,0,0.0,0.0,0.0,0.9999999999986159
test_155_p0503,0,0.0,0.0,0.0,0.9933564013827082
test_155_p0504,109,0.7471264367386709,0.999999999846154,0.5963302751746486,0.9939808481518551
test_155_p0505,198,0.010050251255776368,0.9999999900000002,0.005050505050249975,0.9727335640124946
test_156_b0000,0,0.0,0.0,0.0,0.9923875432512216
test_156_b0001,0,0.0,0.0,0.0,0.993079584773712
test_156_b0002,0,0.0,0.0,0.0,0.9068512110714092
test_156_b0003,0,0.0,0.0,0.0,0.9999999999986159
test_156_b0004,0,0.0,0.0,0.0,0.9999999999986159
test_156_b0100,529,0.8583264291561035,0.7640117993987608,0.9792060491308279,0.9763321799294445
test_156_b0101,1485,0.9633898305052089,0.9699658703005464,0.9569023568959132,0.9850519031128234
test_156_b0102,208,0.36893203883136966,0.23114355230862355,0.913461538417622,0.910034602074865
test_156_b0103,279,0.6811779769439029,0.529880478077094,0.9534050178869747,0.9655363321785945
test_156_b0104,0,0.0,0.0,0.0,0.9957093425591755
test_156_b0200,1366,0.9404163675486704,0.9225352112611089,0.9590043923795095,0.9770242214519349
test_156_b0201,585,0.9206066012406726,0.9626865671462185,0.8820512820362042,0.9876816608982869
test_156_b0202,1695,0.8865468071888204,0.9340300457156497,0.8436578171041673,0.9493425605523192
test_156_b0203,662,0.5593667546124946,0.6694736841964322,0.4803625377570942,0.9306574394450787
test_156_b0204,0,0.0,0.0,0.0,0.9663667820055829
test_156_b0300,456,0.9504741833408802,0.9148073022126814,0.9890350876976088,0.9934948096872063
test_156_b0301,669,0.958271236952621,0.9554234769546,0.9611360239019262,0.9922491349467235
test_156_b0302,199,0.5602968460007366,0.44411764704576123,0.7587939698111158,0.9671972318325713
test_156_b0303,1005,0.7932636469175769,0.9525801952447339,0.679601990042989,0.9507266435973001
test_156_b0304,923,0.34255129348490143,0.969696969647995,0.20801733477564444,0.8979930795835322
test_156_b0400,0,0.0,0.0,0.0,0.9829757785453523
test_156_b0401,0,0.0,0.0,0.0,0.9355017301025115
test_156_b0402,0,0.0,0.0,0.0,0.9997231833896197
test_156_b0403,0,0.0,0.0,0.0,0.9446366781993846
test_156_b0404,0,0.0,0.0,0.0,0.9999999999986159
test_156_p0000,0,0.0,0.0,0.0,0.9980622837356429
test_156_p0001,0,0.0,0.0,0.0,0.999999999998632
test_156_p0002,0,0.0,0.0,0.0,0.9932179930782101
test_156_p0003,0,0.0,0.0,0.0,0.9739792387529772
test_156_p0004,0,0.0,0.0,0.0,0.999999999998632
test_156_p0005,0,0.0,0.0,0.0,0.9999999999986159
test_156_p0100,0,0.0,0.0,0.0,0.999999999998632
test_156_p0101,505,0.8378650553792762,0.8524590163759742,0.8237623762213117,0.978231476472447
test_156_p0102,936,0.7375677006364473,0.684018264833936,0.8002136752051259,0.9270861833092653
test_156_p0103,0,0.0,0.0,0.0,0.9845417236648638
test_156_p0104,0,0.0,0.0,0.0,0.999999999998648
test_156_p0105,0,0.0,0.0,0.0,0.991792065662118
test_156_p0200,0,0.0,0.0,0.0,0.9987543252581332
test_156_p0201,1531,0.9495289367397391,0.979181124212497,0.9216198562970502,0.9794801641573468
test_156_p0202,5,0.0,0.0,0.0,0.9915570934242331
test_156_p0203,1237,0.6464563703373762,0.6553156146124974,0.63783346806275,0.8805536332167744
test_156_p0204,0,0.0,0.0,0.0,0.9831737346087782
test_156_p0205,0,0.0,0.0,0.0,0.9999999999986159
test_156_p0300,0,0.0,0.0,0.0,0.9999999999986159
test_156_p0301,1777,0.9607351712588117,0.9509371554523102,0.970737197518454,0.980711354307824
test_156_p0302,1410,0.9560243117591848,0.9639509733167705,0.948226950347885,0.9829757785453523
test_156_p0303,881,0.8723404255267593,0.9099876695325525,0.8376844494797084,0.970103806227031
test_156_p0304,659,0.12640449438024712,0.8490566036133855,0.06828528072734014,0.9149110807101027
test_156_p0305,348,0.13192612136855075,0.8064516126430801,0.07183908045770578,0.9544636678187481
test_156_p0400,0,0.0,0.0,0.0,0.999999999998632
test_156_p0401,0,0.0,0.0,0.0,0.9307733910209157
test_156_p0402,0,0.0,0.0,0.0,0.9824897400807353
test_156_p0403,203,0.4999999999929775,0.3497053045117936,0.8768472905971996,0.9512995896019818
test_156_p0404,538,0.5360544217614143,0.9999999999492385,0.36617100371066597,0.953893996753713
test_156_p0405,309,0.0,0.0,0.0,0.9577291381655845
test_156_p0500,0,0.0,0.0,0.0,0.9999999999986159
test_156_p0501,0,0.0,0.0,0.0,0.999999999998632
test_156_p0502,0,0.0,0.0,0.0,0.9999999999986159
test_156_p0503,0,0.0,0.0,0.0,0.9999999999986159
test_156_p0504,0,0.0,0.0,0.0,0.999999999998632
test_156_p0505,0,0.0,0.0,0.0,0.9999999999986159
test_157_b0000,34,0.0,0.0,0.0,0.9936332179917043
test_157_b0001,1545,0.06666666666637037,0.10638297872189527,0.048543689320074156,0.7093425605526514
test_157_b0002,221,0.029455081001255858,0.017590149516116184,0.09049773755246616,0.8175778546701487
test_157_b0003,0,0.0,0.0,0.0,0.9739792387529772
test_157_b0004,0,0.0,0.0,0.0,0.9934948096872063
test_157_b0100,7,0.00614754098354357,0.003095975232166192,0.4285714279591837,0.86574394463548
test_157_b0101,68,0.0,0.0,0.0,0.982560553631858
test_157_b0102,1361,0.4974619289320677,0.5308333333289098,0.4680382071971489,0.8218685121095891
test_157_b0103,657,0.6424517593607125,0.5122171945655003,0.8614916286018037,0.9128027681648266
test_157_b0104,0,0.0,0.0,0.0,0.890519031140636
test_157_b0200,0,0.0,0.0,0.0,0.9999999999986159
test_157_b0201,0,0.0,0.0,0.0,0.9999999999986159
test_157_b0202,96,0.2702702702459216,0.9999999993333333,0.15624999998372396,0.9887889273342716
test_157_b0203,1784,0.720027481962487,0.929902395732654,0.587443946185048,0.8871972318326821
test_157_b0204,1521,0.5272473218419784,0.9041533546181445,0.3721236028903871,0.8595155709330664
test_157_b0300,0,0.0,0.0,0.0,0.9606920415211617
test_157_b0301,0,0.0,0.0,0.0,0.9998615916941178
test_157_b0302,0,0.0,0.0,0.0,0.9212456747392094
test_157_b0303,1014,0.5483568075091627,0.5232974910347375,0.5759368836235115,0.8668512110714646
test_157_b0304,1116,0.5873388042169558,0.8491525423584889,0.44892473117877313,0.9025605536319687
test_157_b0400,0,0.0,0.0,0.0,0.9980622837356429
test_157_b0401,0,0.0,0.0,0.0,0.9808996539778811
test_157_b0402,0,0.0,0.0,0.0,0.959446366780679
test_157_b0403,228,0.46580406653482803,0.4025559105302698,0.5526315789231302,0.9599999999986712
test_157_b0404,944,0.5415778251560656,0.8228941684487495,0.4036016949109788,0.9107266435973554
test_157_p0000,0,0.0,0.0,0.0,0.9999999999986159
test_157_p0001,0,0.0,0.0,0.0,0.999999999998632
test_157_p0002,0,0.0,0.0,0.0,0.9958477508636736
test_157_p0003,0,0.0,0.0,0.0,0.9826989619363561
test_157_p0004,0,0.0,0.0,0.0,0.999999999998632
test_157_p0005,0,0.0,0.0,0.0,0.9998615916941178
test_157_p0100,0,0.0,0.0,0.0,0.999999999998632
test_157_p0101,1197,0.09028213166087598,0.18090452260852,0.06015037593934712,0.8038128718215201
test_157_p0102,1240,0.18800888230870463,0.1737346101219307,0.20483870967576745,0.6998632010934338
test_157_p0103,201,0.33088235293712154,0.2195121951183819,0.6716417910113611,0.925307797536354
test_157_p0104,0,0.0,0.0,0.0,0.8770957274190413
test_157_p0105,0,0.0,0.0,0.0,0.9645690834460129
test_157_p0200,0,0.0,0.0,0.0,0.9869896193757965
test_157_p0201,0,0.0,0.0,0.0,0.999999999998632
test_157_p0202,0,0.0,0.0,0.0,0.968166089964058
test_157_p0203,1813,0.6645525017594625,0.9199999999910244,0.5201323772723655,0.8682352941164454
test_157_p0204,1313,0.7276908923609582,0.9186991869811998,0.6024371667890143,0.9190150478783597
test_157_p0205,6,0.0,0.0,0.0,0.8999307958465053
test_157_p0300,0,0.0,0.0,0.0,0.9999999999986159
test_157_p0301,0,0.0,0.0,0.0,0.999999999998632
test_157_p0302,0,0.0,0.0,0.0,0.9692733564000425
test_157_p0303,272,0.4030858244898449,0.2732026143755137,0.7683823529129271,0.9143252595143054
test_157_p0304,1513,0.7344854673969581,0.9051306873097278,0.6179775280858032,0.9075239398072401
test_157_p0305,1685,0.3915009041573621,0.821631878542284,0.25697329376702094,0.8137024221442025
test_157_p0400,0,0.0,0.0,0.0,0.999999999998632
test_157_p0401,0,0.0,0.0,0.0,0.9977014602474341
test_157_p0402,0,0.0,0.0,0.0,0.999999999998632
test_157_p0403,0,0.0,0.0,0.0,0.96867305061427
test_157_p0404,1167,0.40024183796614127,0.6796714578915879,0.2836332476411,0.8658734451042917
test_157_p0405,925,0.3993399339901045,0.843205574883512,0.26162162161879327,0.9004103967155945
test_157_p0500,0,0.0,0.0,0.0,0.9999999999986159
test_157_p0501,0,0.0,0.0,0.0,0.999999999998632
test_157_p0502,0,0.0,0.0,0.0,0.9999999999986159
test_157_p0503,0,0.0,0.0,0.0,0.9999999999986159
test_157_p0504,691,0.0,0.0,0.0,0.9054719562231115
test_157_p0505,245,0.0,0.0,0.0,0.9660899653965868
test_158_b0000,0,0.0,0.0,0.0,0.9926643598602177
test_158_b0001,0,0.0,0.0,0.0,0.9680276816595599
test_158_b0002,0,0.0,0.0,0.0,0.9999999999986159
test_158_b0003,0,0.0,0.0,0.0,0.9925259515557197
test_158_b0004,0,0.0,0.0,0.0,0.9853287197218197
test_158_b0100,0,0.0,0.0,0.0,0.9587543252581886
test_158_b0101,259,0.4296788482787411,0.30124223602016703,0.7490347490058288,0.9287197231821056
test_158_b0102,1366,0.8264094955458962,0.8375939849561084,0.815519765733415,0.9352249134935152
test_158_b0103,565,0.5554987212247801,0.3906474820115781,0.961061946885645,0.8797231833897858
test_158_b0104,0,0.0,0.0,0.0,0.8775086505178166
test_158_b0200,0,0.0,0.0,0.0,0.9597231833896751
test_158_b0201,0,0.0,0.0,0.0,0.989480968856762
test_158_b0202,0,0.0,0.0,0.0,0.9999999999986159
test_158_b0203,1213,0.9126466753545736,0.9650735294028946,0.8656224237356503,0.9721799307945022
test_158_b0204,0,0.0,0.0,0.0,0.9999999999986159
test_158_b0300,0,0.0,0.0,0.0,0.9998615916941178
test_158_b0301,0,0.0,0.0,0.0,0.9999999999986159
test_158_b0302,0,0.0,0.0,0.0,0.9999999999986159
test_158_b0303,993,0.9635627530315609,0.9684638860532201,0.9587109768282104,0.9900346020747542
test_158_b0304,0,0.0,0.0,0.0,0.9999999999986159
test_158_b0400,0,0.0,0.0,0.0,0.9087889273343823
test_158_b0401,0,0.0,0.0,0.0,0.9973702422131524
test_158_b0402,0,0.0,0.0,0.0,0.9995847750851217
test_158_b0403,894,0.8902501276115863,0.8187793427153167,0.9753914988705213,0.9702422145315291
test_158_b0404,0,0.0,0.0,0.0,0.9687197231820502
test_158_p0000,0,0.0,0.0,0.0,0.9999999999986159
test_158_p0001,0,0.0,0.0,0.0,0.9700410396703556
test_158_p0002,0,0.0,0.0,0.0,0.9999999999986159
test_158_p0003,0,0.0,0.0,0.0,0.9999999999986159
test_158_p0004,0,0.0,0.0,0.0,0.999999999998632
test_158_p0005,0,0.0,0.0,0.0,0.9999999999986159
test_158_p0100,0,0.0,0.0,0.0,0.999999999998632
test_158_p0101,0,0.0,0.0,0.0,0.932531097889491
test_158_p0102,774,0.8181818181766529,0.7999999999901235,0.8372093023147648,0.9606019151833645
test_158_p0103,537,0.7769110764369976,0.6684563758299537,0.927374301658708,0.9608755129945816
test_158_p0104,0,0.0,0.0,0.0,0.8665494862075899
test_158_p0105,0,0.0,0.0,0.0,0.999999999998632
test_158_p0200,0,0.0,0.0,0.0,0.9991695501716275
test_158_p0201,0,0.0,0.0,0.0,0.9299589603270452
test_158_p0202,0,0.0,0.0,0.0,0.9988927335626313
test_158_p0203,1024,0.9319319319272676,0.9558521560476811,0.9091796874911214,0.9811764705868773
test_158_p0204,512,0.9175355450149998,0.8913443830406751,0.9453124999815369,0.9880984952106866
test_158_p0205,0,0.0,0.0,0.0,0.9999999999986159
test_158_p0300,0,0.0,0.0,0.0,0.9999999999986159
test_158_p0301,0,0.0,0.0,0.0,0.9902872777004237
test_158_p0302,0,0.0,0.0,0.0,0.9999999999986159
test_158_p0303,0,0.0,0.0,0.0,0.9999999999986159
test_158_p0304,1058,0.9563967417299646,0.9698736637417895,0.9432892249438254,0.9875512995882524
test_158_p0305,0,0.0,0.0,0.0,0.9997231833896197
test_158_p0400,0,0.0,0.0,0.0,0.999999999998632
test_158_p0401,0,0.0,0.0,0.0,0.999999999998648
test_158_p0402,0,0.0,0.0,0.0,0.999999999998632
test_158_p0403,0,0.0,0.0,0.0,0.999999999998632
test_158_p0404,958,0.9068389876095486,0.936596218009604,0.8789144050012639,0.9766089778245314
test_158_p0405,0,0.0,0.0,0.0,0.999999999998632
test_158_p0500,0,0.0,0.0,0.0,0.9999999999986159
test_158_p0501,0,0.0,0.0,0.0,0.999999999998632
test_158_p0502,0,0.0,0.0,0.0,0.9999999999986159
test_158_p0503,0,0.0,0.0,0.0,0.9999999999986159
test_158_p0504,800,0.14285714285549703,0.91176470574827,0.07749999999903125,0.8982216142258574
test_158_p0505,0,0.0,0.0,0.0,0.9999999999986159
test_159_b0000,1227,0.8307804522216238,0.7518151815131894,0.9282803585906416,0.9357785467115076
test_159_b0001,802,0.815892557354136,0.7401015228351259,0.9089775560983918,0.9544636678187481
test_159_b0002,0,0.0,0.0,0.0,0.8822145328707512
test_159_b0003,0,0.0,0.0,0.0,0.936470588233998
test_159_b0004,0,0.0,0.0,0.0,0.9999999999986159
test_159_b0100,315,0.7478042659881079,0.6182572613979614,0.9460317460017132,0.9721799307945022
test_159_b0101,1677,0.8824306472890276,0.9888971132421251,0.7966607036326974,0.9507266435973001
test_159_b0102,729,0.9590562109579525,0.9705056179638973,0.9478737997126492,0.9918339100332293
test_159_b0103,0,0.0,0.0,0.0,0.9777162629744253
test_159_b0104,0,0.0,0.0,0.0,0.9968166089951601
test_159_b0200,0,0.0,0.0,0.0,0.9289965397911017
test_159_b0201,385,0.18156808803051488,0.1929824561347081,0.17142857142411874,0.9176470588222593
test_159_b0202,959,0.878096163181748,0.8218181818107109,0.9426485922737993,0.9652595155695983
test_159_b0203,309,0.7612156295114151,0.6884816753746471,0.8511326860565976,0.977162629756433
test_159_b0204,0,0.0,0.0,0.0,0.9999999999986159
test_159_b0300,0,0.0,0.0,0.0,0.9766089965384407
test_159_b0301,446,0.0,0.0,0.0,0.938269896192473
test_159_b0302,0,0.0,0.0,0.0,0.9734256055349849
test_159_b0303,1243,0.7661157024761731,0.7875955819814139,0.7457763475402593,0.9216608996527036
test_159_b0304,983,0.6210746685232305,0.9888888888669136,0.4526958290900031,0.9248442906561594
test_159_b0400,0,0.0,0.0,0.0,0.962906574393131
test_159_b0401,47,0.0,0.0,0.0,0.9934948096872063
test_159_b0402,0,0.0,0.0,0.0,0.9999999999986159
test_159_b0403,549,0.35066864784025753,0.9516129031490635,0.2149362477192179,0.9395155709329557
test_159_b0404,412,0.2616033755219071,0.9999999998387097,0.15048543688955132,0.9515570934242885
test_159_p0000,0,0.0,0.0,0.0,0.9999999999986159
test_159_p0001,0,0.0,0.0,0.0,0.999999999998632
test_159_p0002,0,0.0,0.0,0.0,0.9957093425591755
test_159_p0003,0,0.0,0.0,0.0,0.9822837370228619
test_159_p0004,0,0.0,0.0,0.0,0.999999999998632
test_159_p0005,0,0.0,0.0,0.0,0.9999999999986159
test_159_p0100,379,0.0,0.0,0.0,0.9481532147729848
test_159_p0101,2303,0.9381307591028124,0.9481152993306071,0.9283543204475538,0.9618712817726314
test_159_p0102,903,0.7051056337997135,0.5850986121213653,0.8870431893589474,0.9083447332408915
test_159_p0103,0,0.0,0.0,0.0,0.9761969904227412
test_159_p0104,0,0.0,0.0,0.0,0.9921579232003892
test_159_p0105,0,0.0,0.0,0.0,0.9860465116265581
test_159_p0200,0,0.0,0.0,0.0,0.9999999999986159
test_159_p0201,201,0.6342710997280238,0.6526315789130194,0.6169154228548798,0.9804377564966068
test_159_p0202,1278,0.8558989986902225,0.9646712463104546,0.7691705790237154,0.954186851209752
test_159_p0203,552,0.941176470579718,0.9403254972705185,0.9420289854901807,0.9910034602062409
test_159_p0204,0,0.0,0.0,0.0,0.9418604651149907
test_159_p0205,0,0.0,0.0,0.0,0.9800692041508926
test_159_p0300,0,0.0,0.0,0.0,0.9999999999986159
test_159_p0301,459,0.0,0.0,0.0,0.9027359781109402
test_159_p0302,0,0.0,0.0,0.0,0.9918339100332293
test_159_p0303,1100,0.8509532062354812,0.8129139072780389,0.8927272727191571,0.952387543251277
test_159_p0304,137,0.0,0.0,0.0,0.9697674418591385
test_159_p0305,0,0.0,0.0,0.0,0.9997231833896197
test_159_p0400,0,0.0,0.0,0.0,0.999999999998632
test_159_p0401,243,0.0,0.0,0.0,0.9207679826921028
test_159_p0402,0,0.0,0.0,0.0,0.9774281805732183
test_159_p0403,18,0.0,0.0,0.0,0.9682626538974443
test_159_p0404,1998,0.6129692832743585,0.9635193132943828,0.4494494494472,0.8466738777706238
test_159_p0405,376,0.051764705881134944,0.2244897958725531,0.029255319148158102,0.9448700410383791
test_159_p0500,0,0.0,0.0,0.0,0.9999999999986159
test_159_p0501,0,0.0,0.0,0.0,0.999999999998632
test_159_p0502,0,0.0,0.0,0.0,0.9999999999986159
test_159_p0503,209,0.0,0.0,0.0,0.9710726643585176
test_159_p0504,18,0.0,0.0,0.0,0.9975376196976778
test_159_p0505,0,0.0,0.0,0.0,0.9999999999986159
test_15_b0000,966,0.7975646879716004,0.7820895522310239,0.8136645962648689,0.9447750865038826
test_15_b0001,1046,0.8531746031703712,0.8865979381351897,0.8221797323057154,0.9590311418671847
test_15_b0002,1103,0.9115401885904287,0.9030249110239945,0.9202175883869428,0.9727335640124946
test_15_b0003,66,0.10393700787237894,0.05799648506049215,0.4999999999242425,0.9212456747392094
test_15_b0004,0,0.0,0.0,0.0,0.9914186851197351
test_15_b0100,537,0.6165413533768362,0.7284263959205983,0.534450651759135,0.950588235292802
test_15_b0101,0,0.0,0.0,0.0,0.9999999999986159
test_15_b0102,0,0.0,0.0,0.0,0.9998615916941178
test_15_b0103,735,0.4940577249533612,0.656884875831673,0.3959183673415521,0.9175086505177612
test_15_b0104,0,0.0,0.0,0.0,0.9777162629744253
test_15_b0200,482,0.8726042840938827,0.9555555555319616,0.802904564298695,0.9843598615903331
test_15_b0201,188,0.17040358743630477,0.5428571427020408,0.10106382978185831,0.9743944636664714
test_15_b0202,0,0.0,0.0,0.0,0.9999999999986159
test_15_b0203,93,0.43979057589320464,0.4285714285276968,0.45161290317724595,0.9851903114173215
test_15_b0204,341,0.0,0.0,0.0,0.9528027681647713
test_15_b0300,0,0.0,0.0,0.0,0.9987543252581332
test_15_b0301,70,0.08196721311139478,0.05747126436451314,0.1428571428367347,0.9689965397910464
test_15_b0302,0,0.0,0.0,0.0,0.9997231833896197
test_15_b0303,0,0.0,0.0,0.0,0.9999999999986159
test_15_b0304,373,0.0,0.0,0.0,0.947266435984848
test_15_b0400,0,0.0,0.0,0.0,0.9633217993066252
test_15_b0401,0,0.0,0.0,0.0,0.9999999999986159
test_15_b0402,0,0.0,0.0,0.0,0.998339100344639
test_15_b0403,67,0.0,0.0,0.0,0.9907266435972447
test_15_b0404,128,0.0,0.0,0.0,0.9822837370228619
test_15_p0000,0,0.0,0.0,0.0,0.9998615916941178
test_15_p0001,2,0.0,0.0,0.0,0.9997264021874149
test_15_p0002,665,0.41371158391945967,0.9668508286758646,0.26315789473288487,0.9313494809675691
test_15_p0003,0,0.0,0.0,0.0,0.9999999999986159
test_15_p0004,0,0.0,0.0,0.0,0.999999999998632
test_15_p0005,0,0.0,0.0,0.0,0.9999999999986159
test_15_p0100,82,0.759358288729446,0.6761904761260772,0.8658536584309935,0.9938440492462465
test_15_p0101,1743,0.8675853804647466,0.9078369905899196,0.8307515777347634,0.94023796646709
test_15_p0102,354,0.7751937984375938,0.8591065291800994,0.7062146892455872,0.9801641586853896
test_15_p0103,1026,0.7487227124907166,0.7151730257256862,0.7855750487252868,0.9259917920643967
test_15_p0104,38,0.0,0.0,0.0,0.932531097889491
test_15_p0105,0,0.0,0.0,0.0,0.999042407659372
test_15_p0200,0,0.0,0.0,0.0,0.9999999999986159
test_15_p0201,614,0.8574023614817675,0.9691991786248624,0.768729641681291,0.9785225718180869
test_15_p0202,0,0.0,0.0,0.0,0.9999999999986159
test_15_p0203,1,0.0,0.0,0.0,0.9986159169536352
test_15_p0204,554,0.01077199281847806,0.9999999966666667,0.0054151624547758995,0.924623803008311
test_15_p0205,0,0.0,0.0,0.0,0.9849134948083254
test_15_p0300,0,0.0,0.0,0.0,0.9999999999986159
test_15_p0301,411,0.2225755166896252,0.32110091741646324,0.17031630169901907,0.9331053351560423
test_15_p0302,0,0.0,0.0,0.0,0.9641522491336136
test_15_p0303,0,0.0,0.0,0.0,0.9811764705868773
test_15_p0304,399,0.09954751130996499,0.5116279068577609,0.05513784461014692,0.9455540355664219
test_15_p0305,0,0.0,0.0,0.0,0.9975086505176505
test_15_p0400,0,0.0,0.0,0.0,0.999999999998632
test_15_p0401,0,0.0,0.0,0.0,0.9995943753366691
test_15_p0402,0,0.0,0.0,0.0,0.9835841313256038
test_15_p0403,0,0.0,0.0,0.0,0.9998632010930235
test_15_p0404,395,0.0,0.0,0.0,0.9461871281761138
test_15_p0405,0,0.0,0.0,0.0,0.9971272229808521
test_15_p0500,0,0.0,0.0,0.0,0.9999999999986159
test_15_p0501,0,0.0,0.0,0.0,0.999999999998632
test_15_p0502,0,0.0,0.0,0.0,0.9999999999986159
test_15_p0503,0,0.0,0.0,0.0,0.9999999999986159
test_15_p0504,1,0.0,0.0,0.0,0.9998632010930235
test_15_p0505,0,0.0,0.0,0.0,0.9999999999986159
test_160_b0000,98,0.12835249042022653,0.07082452431214774,0.6836734693179926,0.8740484429053647
test_160_b0001,1291,0.8493041749469213,0.8725490196007145,0.8272656855086967,0.9475432525938442
test_160_b0002,481,0.15041782729595518,0.22784810125620894,0.11226611226377825,0.9155709342547882
test_160_b0003,0,0.0,0.0,0.0,0.8984083044970265
test_160_b0004,0,0.0,0.0,0.0,0.9964013840816659
test_160_b0100,0,0.0,0.0,0.0,0.9999999999986159
test_160_b0101,0,0.0,0.0,0.0,0.9999999999986159
test_160_b0102,1493,0.860255447029075,0.9794696321558644,0.7669122571951312,0.9485121107253308
test_160_b0103,350,0.011363636363313534,0.999999995,0.005714285714122449,0.9518339100332847
test_160_b0104,0,0.0,0.0,0.0,0.9999999999986159
test_160_b0200,0,0.0,0.0,0.0,0.9916955017287312
test_160_b0201,0,0.0,0.0,0.0,0.9986159169536352
test_160_b0202,788,0.7606060606002985,0.943609022538654,0.6370558375553673,0.9562629757772232
test_160_b0203,34,0.0,0.0,0.0,0.9817301038048696
test_160_b0204,0,0.0,0.0,0.0,0.9999999999986159
test_160_b0300,0,0.0,0.0,0.0,0.989480968856762
test_160_b0301,0,0.0,0.0,0.0,0.977162629756433
test_160_b0302,339,0.8027777777666281,0.7585301837071252,0.8525073746061207,0.9803460207598889
test_160_b0303,519,0.6966292134760304,0.7413043478099717,0.6570327552859917,0.9588927335626867
test_160_b0304,0,0.0,0.0,0.0,0.9999999999986159
test_160_b0400,0,0.0,0.0,0.0,0.9561245674727251
test_160_b0401,0,0.0,0.0,0.0,0.998339100344639
test_160_b0402,52,0.0,0.0,0.0,0.9907266435972447
test_160_b0403,552,0.1212121212100806,0.8571428569387755,0.06521739130316635,0.927750865050619
test_160_b0404,0,0.0,0.0,0.0,0.9999999999986159
test_160_p0000,0,0.0,0.0,0.0,0.998200692040141
test_160_p0001,683,0.880281690134646,0.8480325644389684,0.9150805270729856,0.9767441860451754
test_160_p0002,161,0.9111747850741784,0.8457446808060773,0.9875776396902125,0.9957093425591755
test_160_p0003,0,0.0,0.0,0.0,0.9784083044969157
test_160_p0004,0,0.0,0.0,0.0,0.9902872777004237
test_160_p0005,0,0.0,0.0,0.0,0.9946020761231908
test_160_p0100,0,0.0,0.0,0.0,0.9818057455526925
test_160_p0101,2,0.004576659038796873,0.0022988505746597966,0.4999999975,0.9411844240117074
test_160_p0102,1428,0.6402997502054942,0.7895277207311137,0.5385154061586939,0.8818057455528293
test_160_p0103,710,0.33164983164704004,0.41213389120476707,0.2774647887284864,0.891381668945429
test_160_p0104,0,0.0,0.0,0.0,0.9786371011344259
test_160_p0105,0,0.0,0.0,0.0,0.9890560875499466
test_160_p0200,0,0.0,0.0,0.0,0.9999999999986159
test_160_p0201,0,0.0,0.0,0.0,0.999999999998632
test_160_p0202,0,0.0,0.0,0.0,0.9999999999986159
test_160_p0203,1236,0.8471849865913889,0.9461077844216955,0.7669902912559305,0.9526643598602731
test_160_p0204,0,0.0,0.0,0.0,0.999999999998632
test_160_p0205,0,0.0,0.0,0.0,0.9994463667806236
test_160_p0300,0,0.0,0.0,0.0,0.9999999999986159
test_160_p0301,0,0.0,0.0,0.0,0.999999999998632
test_160_p0302,0,0.0,0.0,0.0,0.9999999999986159
test_160_p0303,761,0.5351351351303142,0.8510028653051288,0.39027595268869547,0.9285813148776075
test_160_p0304,0,0.0,0.0,0.0,0.9938440492462465
test_160_p0305,0,0.0,0.0,0.0,0.9999999999986159
test_160_p0400,0,0.0,0.0,0.0,0.999999999998632
test_160_p0401,0,0.0,0.0,0.0,0.9709302325568268
test_160_p0402,0,0.0,0.0,0.0,0.9478796169617676
test_160_p0403,766,0.6821589205346166,0.801056338014066,0.5939947780601306,0.9419972640205992
test_160_p0404,0,0.0,0.0,0.0,0.9759329367212332
test_160_p0405,0,0.0,0.0,0.0,0.999999999998632
test_160_p0500,0,0.0,0.0,0.0,0.9999999999986159
test_160_p0501,0,0.0,0.0,0.0,0.999999999998632
test_160_p0502,0,0.0,0.0,0.0,0.9999999999986159
test_160_p0503,447,0.0,0.0,0.0,0.938131487887975
test_160_p0504,0,0.0,0.0,0.0,0.999999999998632
test_160_p0505,0,0.0,0.0,0.0,0.9999999999986159
test_161_b0000,626,0.49543256313543566,0.3732793522236982,0.7364217252278527,0.8700346020749203
test_161_b0001,1191,0.8673084972755659,0.8647746243667381,0.8698572627970625,0.9561245674727251
test_161_b0002,1000,0.37769594949827623,0.3984461709167764,0.35899999999641,0.8362629757773893
test_161_b0003,30,0.06172839506077579,0.0323624595464019,0.6666666664444444,0.9158477508637843
test_161_b0004,0,0.0,0.0,0.0,0.9092041522478765
test_161_b0100,0,0.0,0.0,0.0,0.9973702422131524
test_161_b0101,0,0.0,0.0,0.0,0.998200692040141
test_161_b0102,81,0.2293233082663661,0.1352549889105265,0.7530864196601128,0.9432525951544039
test_161_b0103,1124,0.3402722177728572,0.3093158660821739,0.3781138790001948,0.7719031141857828
test_161_b0104,0,0.0,0.0,0.0,0.9403460207599442
test_161_b0200,0,0.0,0.0,0.0,0.9454671280263731
test_161_b0201,0,0.0,0.0,0.0,0.9151557093412939
test_161_b0202,0,0.0,0.0,0.0,0.9999999999986159
test_161_b0203,1179,0.3386759581857932,0.9492187499629211,0.20610687022725951,0.8686505190299396
test_161_b0204,221,0.0,0.0,0.0,0.8916262975766206
test_161_b0300,0,0.0,0.0,0.0,0.9999999999986159
test_161_b0301,0,0.0,0.0,0.0,0.9999999999986159
test_161_b0302,0,0.0,0.0,0.0,0.9999999999986159
test_161_b0303,540,0.7622097678081489,0.6713681241090075,0.8814814814651577,0.9588927335626867
test_161_b0304,831,0.6826863832367056,0.6994949494861175,0.6666666666586442,0.9287197231821056
test_161_b0400,0,0.0,0.0,0.0,0.9999999999986159
test_161_b0401,0,0.0,0.0,0.0,0.9999999999986159
test_161_b0402,0,0.0,0.0,0.0,0.9999999999986159
test_161_b0403,606,0.9006622516481734,0.903654485034823,0.8976897689620843,0.9833910034588466
test_161_b0404,504,0.6187050359638044,0.7818181817944904,0.5119047618946051,0.955986159168227
test_161_p0000,0,0.0,0.0,0.0,0.9999999999986159
test_161_p0001,38,0.0,0.0,0.0,0.9948016415855064
test_161_p0002,0,0.0,0.0,0.0,0.9915570934242331
test_161_p0003,0,0.0,0.0,0.0,0.9999999999986159
test_161_p0004,0,0.0,0.0,0.0,0.9998632010930235
test_161_p0005,0,0.0,0.0,0.0,0.9995847750851217
test_161_p0100,0,0.0,0.0,0.0,0.9930232558125951
test_161_p0101,1195,0.7077039274897745,0.6448726772151075,0.7841004184034804,0.8953488372080918
test_161_p0102,1101,0.6121930567289916,0.5733544805664287,0.6566757493128368,0.8746922024611837
test_161_p0103,1191,0.5645097260795375,0.5353915662610287,0.5969773299697987,0.8499316005460329
test_161_p0104,2,0.0,0.0,0.0,0.9303677663589368
test_161_p0105,0,0.0,0.0,0.0,0.999999999998632
test_161_p0200,0,0.0,0.0,0.0,0.9999999999986159
test_161_p0201,0,0.0,0.0,0.0,0.9424076607374249
test_161_p0202,0,0.0,0.0,0.0,0.9755017301024561
test_161_p0203,616,0.11857018308527839,0.12806026365107231,0.11038961038781835,0.8600692041510587
test_161_p0204,648,0.0,0.0,0.0,0.8984952120370746
test_161_p0205,0,0.0,0.0,0.0,0.9999999999986159
test_161_p0300,0,0.0,0.0,0.0,0.9999999999986159
test_161_p0301,0,0.0,0.0,0.0,0.9972640218864607
test_161_p0302,0,0.0,0.0,0.0,0.9999999999986159
test_161_p0303,353,0.8588410103884273,0.9031249999717773,0.8186968838294987,0.9868512110712985
test_161_p0304,1051,0.5299657534223888,0.4817120622530606,0.5889628924777455,0.8497948016404244
test_161_p0305,142,0.0,0.0,0.0,0.9803460207598889
test_161_p0400,0,0.0,0.0,0.0,0.999999999998632
test_161_p0401,0,0.0,0.0,0.0,0.999999999998648
test_161_p0402,0,0.0,0.0,0.0,0.999999999998632
test_161_p0403,0,0.0,0.0,0.0,0.9900136798892065
test_161_p0404,563,0.8118971061027983,0.7415565344971872,0.8969804617957907,0.9683612763642937
test_161_p0405,606,0.0,0.0,0.0,0.9170998631998398
test_161_p0500,0,0.0,0.0,0.0,0.9999999999986159
test_161_p0501,0,0.0,0.0,0.0,0.999999999998632
test_161_p0502,0,0.0,0.0,0.0,0.9999999999986159
test_161_p0503,0,0.0,0.0,0.0,0.9999999999986159
test_161_p0504,787,0.0,0.0,0.0,0.892339261284689
test_161_p0505,74,0.0,0.0,0.0,0.9897577854657581
test_162_b0000,0,0.0,0.0,0.0,0.8754325259503455
test_162_b0001,0,0.0,0.0,0.0,0.9988927335626313
test_162_b0002,0,0.0,0.0,0.0,0.9501730103793077
test_162_b0003,0,0.0,0.0,0.0,0.9494809688568173
test_162_b0004,0,0.0,0.0,0.0,0.9039446366769496
test_162_b0100,0,0.0,0.0,0.0,0.9999999999986159
test_162_b0101,0,0.0,0.0,0.0,0.8704498269884147
test_162_b0102,0,0.0,0.0,0.0,0.9338408304485345
test_162_b0103,0,0.0,0.0,0.0,0.9999999999986159
test_162_b0104,0,0.0,0.0,0.0,0.9565397923862193
test_162_b0200,842,0.6539682539630638,0.985645932990774,0.48931116388967566,0.9396539792374538
test_162_b0201,1712,0.7243703440910807,0.9223125564505664,0.5963785046694137,0.892456747403609
test_162_b0202,1092,0.2792156862723199,0.9726775955752635,0.1630036630021703,0.8728027681648819
test_162_b0203,310,0.0,0.0,0.0,0.9570934256042116
test_162_b0204,0,0.0,0.0,0.0,0.9774394463654291
test_162_b0300,24,0.0,0.0,0.0,0.9779930795834215
test_162_b0301,900,0.7564766839329244,0.9068322981225647,0.6488888888816791,0.9479584775073385
test_162_b0302,1510,0.08497146480605598,0.9999999998507464,0.04437086092685848,0.8002768166078889
test_162_b0303,261,0.0,0.0,0.0,0.9638754325246175
test_162_b0304,0,0.0,0.0,0.0,0.9150173010367958
test_162_b0400,0,0.0,0.0,0.0,0.9999999999986159
test_162_b0401,0,0.0,0.0,0.0,0.9999999999986159
test_162_b0402,399,0.0,0.0,0.0,0.9447750865038826
test_162_b0403,928,0.0,0.0,0.0,0.8715570934243992
test_162_b0404,0,0.0,0.0,0.0,0.9457439446353693
test_162_p0000,0,0.0,0.0,0.0,0.9898961937702562
test_162_p0001,0,0.0,0.0,0.0,0.9324213406279994
test_162_p0002,0,0.0,0.0,0.0,0.9999999999986159
test_162_p0003,0,0.0,0.0,0.0,0.9999999999986159
test_162_p0004,0,0.0,0.0,0.0,0.999999999998632
test_162_p0005,0,0.0,0.0,0.0,0.9999999999986159
test_162_p0100,0,0.0,0.0,0.0,0.9393980848140364
test_162_p0101,0,0.0,0.0,0.0,0.999999999998648
test_162_p0102,0,0.0,0.0,0.0,0.999999999998632
test_162_p0103,0,0.0,0.0,0.0,0.9742818057442213
test_162_p0104,0,0.0,0.0,0.0,0.98080043266498
test_162_p0105,0,0.0,0.0,0.0,0.999999999998632
test_162_p0200,0,0.0,0.0,0.0,0.9999999999986159
test_162_p0201,268,0.6776859504038886,0.5371179039184035,0.9179104477269436,0.9679890560862271
test_162_p0202,909,0.18664383561563938,0.15276804484826373,0.2398239823956015,0.7370242214522671
test_162_p0203,342,0.0,0.0,0.0,0.9526643598602731
test_162_p0204,0,0.0,0.0,0.0,0.9972640218864607
test_162_p0205,0,0.0,0.0,0.0,0.9999999999986159
test_162_p0300,17,0.0,0.0,0.0,0.9528027681647713
test_162_p0301,1780,0.6664320900750653,0.8917137476375546,0.5320224719071235,0.8703146374817096
test_162_p0302,1563,0.4313146233361334,0.9358974358774381,0.2802303262937925,0.8401384083033354
test_162_p0303,843,0.0,0.0,0.0,0.8833217993067359
test_162_p0304,43,0.0,0.0,0.0,0.936662106701865
test_162_p0305,0,0.0,0.0,0.0,0.998339100344639
test_162_p0400,0,0.0,0.0,0.0,0.999999999998632
test_162_p0401,0,0.0,0.0,0.0,0.999999999998648
test_162_p0402,182,0.0,0.0,0.0,0.9751025991778727
test_162_p0403,1441,0.0,0.0,0.0,0.8028727770166856
test_162_p0404,36,0.0,0.0,0.0,0.9948620876135819
test_162_p0405,0,0.0,0.0,0.0,0.999999999998632
test_162_p0500,0,0.0,0.0,0.0,0.9999999999986159
test_162_p0501,0,0.0,0.0,0.0,0.999999999998632
test_162_p0502,0,0.0,0.0,0.0,0.9999999999986159
test_162_p0503,762,0.0,0.0,0.0,0.8945328719710802
test_162_p0504,0,0.0,0.0,0.0,0.999999999998632
test_162_p0505,0,0.0,0.0,0.0,0.9999999999986159
test_163_b0000,1242,0.735969868170486,0.6914366595846325,0.7866344605411705,0.9029757785454631
test_163_b0001,1460,0.59865092748567,0.5076263107697444,0.7294520547895244,0.80235294117536
test_163_b0002,1061,0.6150466776462655,0.7368421052534626,0.5278039585247144,0.9029757785454631
test_163_b0003,203,0.5989010988846456,0.6770186334983218,0.5369458127814312,0.9797923875418965
test_163_b0004,0,0.0,0.0,0.0,0.9857439446353139
test_163_b0100,0,0.0,0.0,0.0,0.9999999999986159
test_163_b0101,0,0.0,0.0,0.0,0.9999999999986159
test_163_b0102,308,0.0,0.0,0.0,0.7411764705872095
test_163_b0103,1333,0.39876670092292515,0.6329526916699355,0.29107276818986444,0.8380622837358643
test_163_b0104,134,0.0,0.0,0.0,0.970103806227031
test_163_b0200,0,0.0,0.0,0.0,0.9999999999986159
test_163_b0201,0,0.0,0.0,0.0,0.9999999999986159
test_163_b0202,0,0.0,0.0,0.0,0.9950173010366851
test_163_b0203,1047,0.7364620938594926,0.6980325064097688,0.7793696274997196,0.9191695501717382
test_163_b0204,284,0.3244837758016376,0.9999999998181818,0.19366197182416683,0.968304498268556
test_163_b0300,0,0.0,0.0,0.0,0.9890657439432677
test_163_b0301,0,0.0,0.0,0.0,0.9999999999986159
test_163_b0302,0,0.0,0.0,0.0,0.9999999999986159
test_163_b0303,614,0.5517241379248974,0.8701754385659587,0.4039087947816953,0.9442214532858904
test_163_b0304,422,0.0,0.0,0.0,0.9415916955004269
test_163_b0400,0,0.0,0.0,0.0,0.9999999999986159
test_163_b0401,0,0.0,0.0,0.0,0.9999999999986159
test_163_b0402,0,0.0,0.0,0.0,0.9976470588221485
test_163_b0403,120,0.0,0.0,0.0,0.9833910034588466
test_163_b0404,551,0.8127490039759686,0.900662251635747,0.7404718693150549,0.9739792387529772
test_163_p0000,0,0.0,0.0,0.0,0.9993079584761255
test_163_p0001,12,0.01642710472262395,0.008316008315921872,0.666666666111111,0.8689466484256239
test_163_p0002,274,0.8111111110960906,0.8233082706457403,0.7992700729635303,0.985882352939812
test_163_p0003,0,0.0,0.0,0.0,0.9999999999986159
test_163_p0004,0,0.0,0.0,0.0,0.999999999998632
test_163_p0005,0,0.0,0.0,0.0,0.9997231833896197
test_163_p0100,1126,0.6953528399271638,0.9821717990116342,0.5381882770822541,0.9273597811204825
test_163_p0101,1235,0.7643064985413952,0.9528415961190708,0.638056680156777,0.9342888047580662
test_163_p0102,1218,0.5189466923554305,0.426160337550495,0.6633825944116307,0.7950752393969972
test_163_p0103,1192,0.10701107011004299,0.20046082948846863,0.07298657718059576,0.8013679890549913
test_163_p0104,322,0.204999999994875,0.5256410255736358,0.12732919254262953,0.9570037858288846
test_163_p0105,0,0.0,0.0,0.0,0.999999999998632
test_163_p0200,0,0.0,0.0,0.0,0.9999999999986159
test_163_p0201,0,0.0,0.0,0.0,0.999999999998632
test_163_p0202,0,0.0,0.0,0.0,0.973564013839483
test_163_p0203,917,0.5473289596975289,0.47986852916614736,0.6368593238752797,0.8662975778534723
test_163_p0204,594,0.573714285707729,0.8932384341319132,0.42255892255180877,0.9489740082066361
test_163_p0205,0,0.0,0.0,0.0,0.9999999999986159
test_163_p0300,0,0.0,0.0,0.0,0.9999999999986159
test_163_p0301,0,0.0,0.0,0.0,0.999999999998632
test_163_p0302,0,0.0,0.0,0.0,0.9999999999986159
test_163_p0303,296,0.0,0.0,0.0,0.9590311418671847
test_163_p0304,785,0.7103202846924533,0.804838709664438,0.6356687898008195,0.9443228454159448
test_163_p0305,189,0.0,0.0,0.0,0.9738408304484791
test_163_p0400,0,0.0,0.0,0.0,0.999999999998632
test_163_p0401,0,0.0,0.0,0.0,0.9987831260127112
test_163_p0402,0,0.0,0.0,0.0,0.9993160054705892
test_163_p0403,0,0.0,0.0,0.0,0.999999999998632
test_163_p0404,595,0.8648648648570734,0.9320388349333585,0.8067226890620719,0.9797187668997029
test_163_p0405,272,0.0,0.0,0.0,0.9627906976731015
test_163_p0500,0,0.0,0.0,0.0,0.9999999999986159
test_163_p0501,0,0.0,0.0,0.0,0.999999999998632
test_163_p0502,0,0.0,0.0,0.0,0.9999999999986159
test_163_p0503,0,0.0,0.0,0.0,0.9999999999986159
test_163_p0504,629,0.0,0.0,0.0,0.9139534883708428
test_163_p0505,0,0.0,0.0,0.0,0.9999999999986159
test_164_b0000,0,0.0,0.0,0.0,0.9879584775072832
test_164_b0001,0,0.0,0.0,0.0,0.9999999999986159
test_164_b0002,0,0.0,0.0,0.0,0.9018685121094784
test_164_b0003,0,0.0,0.0,0.0,0.985882352939812
test_164_b0004,0,0.0,0.0,0.0,0.9775778546699272
test_164_b0100,196,0.4804177545629188,0.32280701753819635,0.9387755101561849,0.9449134948083807
test_164_b0101,2026,0.9488325881744938,0.954999999995225,0.9427443237860674,0.9714878892720118
test_164_b0102,770,0.8689087165348737,0.9213973798992519,0.8220779220672457,0.973564013839483
test_164_b0103,0,0.0,0.0,0.0,0.9999999999986159
test_164_b0104,46,0.0,0.0,0.0,0.9864359861578043
test_164_b0200,0,0.0,0.0,0.0,0.9392387543239595
test_164_b0201,0,0.0,0.0,0.0,0.9998615916941178
test_164_b0202,890,0.43776824033959,0.9272727272390082,0.286516853929365,0.9093425605523746
test_164_b0203,798,0.20578778134827666,0.7111111110584362,0.12030075187819173,0.8974394463655399
test_164_b0204,588,0.0,0.0,0.0,0.9186159169537459
test_164_b0300,0,0.0,0.0,0.0,0.9999999999986159
test_164_b0301,0,0.0,0.0,0.0,0.9926643598602177
test_164_b0302,0,0.0,0.0,0.0,0.9999999999986159
test_164_b0303,692,0.08575380359494117,0.9999999996774194,0.04479768786062431,0.9085121107253862
test_164_b0304,422,0.0,0.0,0.0,0.9415916955004269
test_164_b0400,0,0.0,0.0,0.0,0.9999999999986159
test_164_b0401,0,0.0,0.0,0.0,0.9999999999986159
test_164_b0402,0,0.0,0.0,0.0,0.9998615916941178
test_164_b0403,0,0.0,0.0,0.0,0.9999999999986159
test_164_b0404,0,0.0,0.0,0.0,0.9968166089951601
test_164_p0000,0,0.0,0.0,0.0,0.9999999999986159
test_164_p0001,0,0.0,0.0,0.0,0.999999999998632
test_164_p0002,0,0.0,0.0,0.0,0.9999999999986159
test_164_p0003,0,0.0,0.0,0.0,0.9999999999986159
test_164_p0004,0,0.0,0.0,0.0,0.999999999998632
test_164_p0005,0,0.0,0.0,0.0,0.9999999999986159
test_164_p0100,0,0.0,0.0,0.0,0.999999999998632
test_164_p0101,1051,0.959357277878264,0.9530516431835395,0.9657469076977571,0.9883720930219194
test_164_p0102,821,0.8020942408334969,0.7033976124820626,0.9330085261762118,0.9482900136785933
test_164_p0103,0,0.0,0.0,0.0,0.9383036935691679
test_164_p0104,0,0.0,0.0,0.0,0.999999999998648
test_164_p0105,0,0.0,0.0,0.0,0.999999999998632
test_164_p0200,0,0.0,0.0,0.0,0.9738408304484791
test_164_p0201,114,0.1314102564081505,0.08039215686116878,0.3596491227754694,0.9258549931587882
test_164_p0202,942,0.9127516778472442,0.9645390070807974,0.8662420382073647,0.9784083044969157
test_164_p0203,1062,0.2544283413828146,0.8777777777290123,0.14877589453720552,0.8718339100333954
test_164_p0204,683,0.0,0.0,0.0,0.90656634746798
test_164_p0205,73,0.0,0.0,0.0,0.9898961937702562
test_164_p0300,0,0.0,0.0,0.0,0.9999999999986159
test_164_p0301,0,0.0,0.0,0.0,0.9964432284528093
test_164_p0302,0,0.0,0.0,0.0,0.9999999999986159
test_164_p0303,815,0.37709772951256565,0.9646464645977451,0.23435582821798337,0.9126643598603285
test_164_p0304,597,0.4057971014439289,0.9506172838919371,0.2579564489069019,0.9383036935691679
test_164_p0305,309,0.0,0.0,0.0,0.9565397923862193
test_164_p0400,0,0.0,0.0,0.0,0.999999999998632
test_164_p0401,0,0.0,0.0,0.0,0.999999999998648
test_164_p0402,0,0.0,0.0,0.0,0.9998632010930235
test_164_p0403,0,0.0,0.0,0.0,0.999999999998632
test_164_p0404,0,0.0,0.0,0.0,0.9993239588953498
test_164_p0405,0,0.0,0.0,0.0,0.999999999998632
test_164_p0500,0,0.0,0.0,0.0,0.9999999999986159
test_164_p0501,0,0.0,0.0,0.0,0.999999999998632
test_164_p0502,0,0.0,0.0,0.0,0.9999999999986159
test_164_p0503,0,0.0,0.0,0.0,0.9999999999986159
test_164_p0504,0,0.0,0.0,0.0,0.999999999998632
test_164_p0505,0,0.0,0.0,0.0,0.9999999999986159
test_165_b0000,0,0.0,0.0,0.0,0.9803460207598889
test_165_b0001,1749,0.8850855745694222,0.9507550886345979,0.8279016580856038,0.9479584775073385
test_165_b0002,1518,0.889363215934225,0.9667440061796849,0.8234519104030076,0.9569550172997136
test_165_b0003,465,0.8144690781701929,0.8903061224262677,0.7505376343924616,0.9779930795834215
test_165_b0004,0,0.0,0.0,0.0,0.9999999999986159
test_165_b0100,0,0.0,0.0,0.0,0.9999999999986159
test_165_b0101,1382,0.6607559496002765,0.9303547963084053,0.5123010130208951,0.899377162628513
test_165_b0102,0,0.0,0.0,0.0,0.9999999999986159
test_165_b0103,0,0.0,0.0,0.0,0.9999999999986159
test_165_b0104,0,0.0,0.0,0.0,0.9999999999986159
test_165_b0200,0,0.0,0.0,0.0,0.9999999999986159
test_165_b0201,1166,0.7163538873956228,0.9556509298861853,0.5728987993089804,0.9267820069191325
test_165_b0202,1069,0.7633905356174551,0.8594847775075002,0.6866230121544751,0.9370242214519903
test_165_b0203,677,0.3447432762794041,0.999999999929078,0.20827178729382168,0.925813148787646
test_165_b0204,942,0.6103983794692074,0.838589981431566,0.4798301486148638,0.9201384083032247
test_165_b0300,0,0.0,0.0,0.0,0.9999999999986159
test_165_b0301,0,0.0,0.0,0.0,0.9990311418671294
test_165_b0302,0,0.0,0.0,0.0,0.9999999999986159
test_165_b0303,883,0.3062200956908496,0.9876543209266879,0.1812004529990804,0.8996539792375091
test_165_b0304,1060,0.7967479674756264,0.8634361233385084,0.7396226415024565,0.9446366781993846
test_165_b0400,0,0.0,0.0,0.0,0.9999999999986159
test_165_b0401,0,0.0,0.0,0.0,0.9999999999986159
test_165_b0402,0,0.0,0.0,0.0,0.9880968858117812
test_165_b0403,0,0.0,0.0,0.0,0.9999999999986159
test_165_b0404,0,0.0,0.0,0.0,0.9999999999986159
test_165_p0000,0,0.0,0.0,0.0,0.9999999999986159
test_165_p0001,152,0.6175438596274546,0.6616541352885974,0.578947368382964,0.9850889192872981
test_165_p0002,1709,0.9251944943120132,0.9467238211822001,0.9046225863024892,0.9653979238740964
test_165_p0003,1480,0.7389690721619012,0.9481481481381149,0.6054054054013148,0.9123875432513323
test_165_p0004,3,0.0,0.0,0.0,0.9946648426798979
test_165_p0005,0,0.0,0.0,0.0,0.985882352939812
test_165_p0100,0,0.0,0.0,0.0,0.999999999998632
test_165_p0101,1447,0.9292786421466434,0.9514844315644354,0.9080856945341529,0.9729583558667213
test_165_p0102,8,0.0,0.0,0.0,0.9989056087537634
test_165_p0103,0,0.0,0.0,0.0,0.999999999998632
test_165_p0104,0,0.0,0.0,0.0,0.999999999998648
test_165_p0105,0,0.0,0.0,0.0,0.999999999998632
test_165_p0200,0,0.0,0.0,0.0,0.9999999999986159
test_165_p0201,1137,0.653488372089224,0.9639794167930706,0.49428320140286475,0.9184678522559255
test_165_p0202,218,0.05357142856903699,0.9999999983333333,0.027522935778553994,0.9706574394450234
test_165_p0203,0,0.0,0.0,0.0,0.9999999999986159
test_165_p0204,0,0.0,0.0,0.0,0.999999999998632
test_165_p0205,397,0.0,0.0,0.0,0.9450519031128788
test_165_p0300,0,0.0,0.0,0.0,0.9999999999986159
test_165_p0301,0,0.0,0.0,0.0,0.999999999998632
test_165_p0302,980,0.23741007194031108,0.9999999999242424,0.13469387754964599,0.8826297577842455
test_165_p0303,1274,0.8409361364504525,0.8500400962241377,0.8320251177328727,0.9444982698948865
test_165_p0304,1883,0.1320197044328472,0.9115646257883289,0.07116303770541071,0.7589603283163352
test_165_p0305,642,0.4698672114354457,0.6824925815821219,0.3582554517078153,0.9281660899641133
test_165_p0400,0,0.0,0.0,0.0,0.999999999998632
test_165_p0401,0,0.0,0.0,0.0,0.999999999998648
test_165_p0402,0,0.0,0.0,0.0,0.999999999998632
test_165_p0403,0,0.0,0.0,0.0,0.999999999998632
test_165_p0404,8,0.0,0.0,0.0,0.9989183342333708
test_165_p0405,859,0.8250930356149649,0.7592954990140969,0.9033760186157931,0.9549931600534132
test_165_p0500,0,0.0,0.0,0.0,0.9999999999986159
test_165_p0501,0,0.0,0.0,0.0,0.999999999998632
test_165_p0502,0,0.0,0.0,0.0,0.9999999999986159
test_165_p0503,0,0.0,0.0,0.0,0.9999999999986159
test_165_p0504,0,0.0,0.0,0.0,0.999999999998632
test_165_p0505,0,0.0,0.0,0.0,0.9999999999986159
test_166_b0000,1124,0.5212371133999124,0.4857801690969579,0.562277580066172,0.839307958476347
test_166_b0001,1162,0.8175675675644987,0.7250332889432421,0.9371772805427094,0.9327335640125498
test_166_b0002,1417,0.4374164810670939,0.5929951690749639,0.34650670430242414,0.825190311417543
test_166_b0003,347,0.0,0.0,0.0,0.8300346020749757
test_166_b0004,0,0.0,0.0,0.0,0.9829757785453523
test_166_b0100,0,0.0,0.0,0.0,0.955986159168227
test_166_b0101,0,0.0,0.0,0.0,0.9999999999986159
test_166_b0102,1158,0.9292929292886626,0.992156862735371,0.8739205526694827,0.9786851211059119
test_166_b0103,913,0.6130584192397729,0.8228782287671056,0.4884994523495236,0.9220761245661978
test_166_b0104,0,0.0,0.0,0.0,0.9361937716250018
test_166_b0200,0,0.0,0.0,0.0,0.973564013839483
test_166_b0201,0,0.0,0.0,0.0,0.9999999999986159
test_166_b0202,943,0.9266702878819845,0.9498886414148119,0.9045599151547766,0.9813148788913754
test_166_b0203,1155,0.5069532237641786,0.939110070235618,0.3471861471831413,0.8920415224901148
test_166_b0204,27,0.0,0.0,0.0,0.9962629757771678
test_166_b0300,0,0.0,0.0,0.0,0.9999999999986159
test_166_b0301,0,0.0,0.0,0.0,0.9968166089951601
test_166_b0302,53,0.5185185184910837,0.36029411762056657,0.9245283017123531,0.9874048442892908
test_166_b0303,1237,0.572400388724138,0.7174177831824918,0.4761519805943723,0.878200692040307
test_166_b0304,676,0.16141235813163415,0.5470085469617941,0.09467455621161724,0.9079584775073939
test_166_b0400,0,0.0,0.0,0.0,0.9764705882339426
test_166_b0401,0,0.0,0.0,0.0,0.9988927335626313
test_166_b0402,0,0.0,0.0,0.0,0.9999999999986159
test_166_b0403,693,0.7761194029782607,0.9910313901123087,0.6378066377974343,0.9647058823516059
test_166_b0404,795,0.5575539568295185,0.977917981041706,0.3899371069133341,0.9319031141855614
test_166_p0000,11,0.0,0.0,0.0,0.9984775086491371
test_166_p0001,1428,0.852748691096686,0.8003685503636342,0.9124649859880081,0.9384404924747765
test_166_p0002,903,0.4054152945466322,0.30273224043550423,0.6135105204804705,0.7750865051892386
test_166_p0003,500,0.08939393939326218,0.07195121951131767,0.11799999999763999,0.8336332179919258
test_166_p0004,0,0.0,0.0,0.0,0.9129958960315828
test_166_p0005,0,0.0,0.0,0.0,0.9955709342546775
test_166_p0100,109,0.0,0.0,0.0,0.9641586867291873
test_166_p0101,220,0.016632016631843743,0.010781671158884345,0.03636363636198347,0.8720930232546348
test_166_p0102,387,0.816728167271627,0.7793427229864004,0.8578811369287369,0.9796169630629554
test_166_p0103,1358,0.5330428467664015,0.5257879656122795,0.540500736373045,0.8240766073860136
test_166_p0104,28,0.0,0.0,0.0,0.8826392644660862
test_166_p0105,0,0.0,0.0,0.0,0.999999999998632
test_166_p0200,0,0.0,0.0,0.0,0.9999999999986159
test_166_p0201,0,0.0,0.0,0.0,0.9997264021874149
test_166_p0202,0,0.0,0.0,0.0,0.9999999999986159
test_166_p0203,1703,0.7392571012354725,0.9731543624067771,0.5960070463852261,0.9008996539779919
test_166_p0204,350,0.10749999999865625,0.09555555555343209,0.12285714285363265,0.9023255813941145
test_166_p0205,0,0.0,0.0,0.0,0.9904498269882486
test_166_p0300,0,0.0,0.0,0.0,0.9999999999986159
test_166_p0301,0,0.0,0.0,0.0,0.9901504787948151
test_166_p0302,0,0.0,0.0,0.0,0.9987543252581332
test_166_p0303,1631,0.6647909967818939,0.9649941656830222,0.5070508890220291,0.8845674740472186
test_166_p0304,581,0.055105348459398615,0.47222222209104936,0.029259896729272636,0.9202462380288369
test_166_p0305,113,0.0,0.0,0.0,0.9843598615903331
test_166_p0400,0,0.0,0.0,0.0,0.999999999998632
test_166_p0401,0,0.0,0.0,0.0,0.9717414818807846
test_166_p0402,0,0.0,0.0,0.0,0.9965800273584178
test_166_p0403,411,0.6908665105305519,0.6659142212039297,0.7177615571601518,0.9638850889179701
test_166_p0404,1648,0.5076791808852061,0.8548850574589816,0.3610436893181976,0.8439697133574311
test_166_p0405,563,0.058620689654161715,0.9999999994117647,0.03019538188223454,0.925307797536354
test_166_p0500,0,0.0,0.0,0.0,0.9999999999986159
test_166_p0501,0,0.0,0.0,0.0,0.999999999998632
test_166_p0502,0,0.0,0.0,0.0,0.9999999999986159
test_166_p0503,0,0.0,0.0,0.0,0.9999999999986159
test_166_p0504,0,0.0,0.0,0.0,0.999999999998632
test_166_p0505,0,0.0,0.0,0.0,0.9999999999986159
test_167_b0000,0,0.0,0.0,0.0,0.9814532871958734
test_167_b0001,1797,0.7833557046958837,0.7567427385852866,0.81190873677901,0.8883044982686668
test_167_b0002,1229,0.8287037036998671,0.9613319011711995,0.7282343368533097,0.948788927334327
test_167_b0003,850,0.738323016315485,0.7076591154184718,0.7717647058732734,0.9356401384070095
test_167_b0004,0,0.0,0.0,0.0,0.9999999999986159
test_167_b0100,1241,0.6402173913008684,0.9833055091655541,0.4746172441541127,0.9083737024208881
test_167_b0101,598,0.5391621129276943,0.59199999998816,0.4949832775836959,0.9299653979225883
test_167_b0102,0,0.0,0.0,0.0,0.9999999999986159
test_167_b0103,0,0.0,0.0,0.0,0.9999999999986159
test_167_b0104,691,0.844106463871908,0.8894230769088234,0.8031837915947441,0.9716262975765099
test_167_b0200,1029,0.605348988906684,0.9206349206166541,0.4509232264290484,0.9162629757772786
test_167_b0201,929,0.4822695035422989,0.8999999999735294,0.3293864370255179,0.9090657439433785
test_167_b0202,1497,0.45111226073227567,0.9999999999770642,0.2912491649947145,0.8531487889261549
test_167_b0203,2039,0.8851317752340002,0.8976298537524073,0.8729769494807603,0.9360553633205038
test_167_b0204,1101,0.8347193347149963,0.9756986634146331,0.7293369663875628,0.955986159168227
test_167_b0300,0,0.0,0.0,0.0,0.9999999999986159
test_167_b0301,652,0.8731665228570047,0.9980276133925439,0.7760736196199989,0.9796539792373984
test_167_b0302,147,0.0,0.0,0.0,0.9557093425592309
test_167_b0303,0,0.0,0.0,0.0,0.9954325259501794
test_167_b0304,754,0.7726550079429837,0.9642857142665816,0.644562334208958,0.9604152249121656
test_167_b0400,0,0.0,0.0,0.0,0.9919723183377274
test_167_b0401,0,0.0,0.0,0.0,0.9979238754311448
test_167_b0402,0,0.0,0.0,0.0,0.9908650519017428
test_167_b0403,0,0.0,0.0,0.0,0.9440830449813923
test_167_b0404,0,0.0,0.0,0.0,0.9999999999986159
test_167_p0000,0,0.0,0.0,0.0,0.9999999999986159
test_167_p0001,117,0.17031070195431172,0.09840425531784036,0.6324786324245745,0.9013679890548545
test_167_p0002,1370,0.9057453999214955,0.9327146171621601,0.8802919707964942,0.9652595155695983
test_167_p0003,1391,0.764926931103278,0.9123505976004745,0.6585190510376815,0.9220761245661978
test_167_p0004,2,0.00537634408587698,0.0027027027026296567,0.4999999975,0.9493844049234619
test_167_p0005,0,0.0,0.0,0.0,0.9952941176456813
test_167_p0100,0,0.0,0.0,0.0,0.999999999998632
test_167_p0101,1877,0.43644220381549714,0.6733333333258519,0.3228556206695639,0.7883991346663218
test_167_p0102,52,0.0,0.0,0.0,0.9928864569069865
test_167_p0103,71,0.0,0.0,0.0,0.9902872777004237
test_167_p0104,0,0.0,0.0,0.0,0.999999999998648
test_167_p0105,292,0.5280373831652327,0.8308823528800822,0.38698630135661005,0.9723666210657013
test_167_p0200,0,0.0,0.0,0.0,0.9999999999986159
test_167_p0201,1754,0.757479760644993,0.9898804047747022,0.6134549600877226,0.9057455540343287
test_167_p0202,0,0.0,0.0,0.0,0.9999999999986159
test_167_p0203,0,0.0,0.0,0.0,0.9999999999986159
test_167_p0204,829,0.8700056274571187,0.8154008438732553,0.9324487334025037,0.9683994528030528
test_167_p0205,683,0.9077809798205492,0.8936170212639203,0.9224011712895696,0.9822837370228619
test_167_p0300,0,0.0,0.0,0.0,0.9999999999986159
test_167_p0301,1117,0.9014869888433946,0.9371980676237953,0.8683974932778121,0.9709986320096156
test_167_p0302,1538,0.45004849660305507,0.8854961831892081,0.3016905071501841,0.8430449826977952
test_167_p0303,1627,0.9104180491011599,0.9891852919899843,0.8432698217526536,0.9626297577841347
test_167_p0304,1593,0.8201337557169303,0.9334935897361099,0.7313245448792761,0.9300957592326538
test_167_p0305,1112,0.7949260042241283,0.9641025640902038,0.6762589927996739,0.9462975778533615
test_167_p0400,0,0.0,0.0,0.0,0.999999999998632
test_167_p0401,0,0.0,0.0,0.0,0.9710654407774864
test_167_p0402,0,0.0,0.0,0.0,0.999999999998632
test_167_p0403,0,0.0,0.0,0.0,0.991792065662118
test_167_p0404,0,0.0,0.0,0.0,0.9399675500257707
test_167_p0405,467,0.2790697674375338,0.5056179774996844,0.19271948607724368,0.936388508890648
test_167_p0500,0,0.0,0.0,0.0,0.9999999999986159
test_167_p0501,0,0.0,0.0,0.0,0.999999999998632
test_167_p0502,0,0.0,0.0,0.0,0.9999999999986159
test_167_p0503,0,0.0,0.0,0.0,0.9999999999986159
test_167_p0504,0,0.0,0.0,0.0,0.999999999998632
test_167_p0505,0,0.0,0.0,0.0,0.9999999999986159
test_168_b0000,0,0.0,0.0,0.0,0.9999999999986159
test_168_b0001,0,0.0,0.0,0.0,0.9995847750851217
test_168_b0002,0,0.0,0.0,0.0,0.9462975778533615
test_168_b0003,0,0.0,0.0,0.0,0.9818685121093677
test_168_b0004,0,0.0,0.0,0.0,0.9438062283723961
test_168_b0100,0,0.0,0.0,0.0,0.9999999999986159
test_168_b0101,1104,0.5623422513853491,0.6351197263325528,0.5045289855026764,0.879999999998782
test_168_b0102,0,0.0,0.0,0.0,0.9433910034589019
test_168_b0103,0,0.0,0.0,0.0,0.9999999999986159
test_168_b0104,0,0.0,0.0,0.0,0.9933564013827082
test_168_b0200,1407,0.6628721541126845,0.8631698973675808,0.5380241648860127,0.8934256055350956
test_168_b0201,1359,0.8360049321790547,0.9469273742928592,0.7483443708554206,0.9447750865038826
test_168_b0202,1139,0.8441064638743151,0.9202072538764745,0.7796312554804248,0.9546020761232462
test_168_b0203,437,0.4360655737633432,0.7687861271231915,0.30434782607999206,0.952387543251277
test_168_b0204,0,0.0,0.0,0.0,0.9994463667806236
test_168_b0300,0,0.0,0.0,0.0,0.9890657439432677
test_168_b0301,0,0.0,0.0,0.0,0.9904498269882486
test_168_b0302,0,0.0,0.0,0.0,0.9922491349467235
test_168_b0303,688,0.1643489254087946,0.6310679611037798,0.0944767441846733,0.9085121107253862
test_168_b0304,0,0.0,0.0,0.0,0.9999999999986159
test_168_b0400,0,0.0,0.0,0.0,0.9997231833896197
test_168_b0401,0,0.0,0.0,0.0,0.9997231833896197
test_168_b0402,0,0.0,0.0,0.0,0.9939100346007005
test_168_b0403,52,0.0,0.0,0.0,0.9928027681647159
test_168_b0404,0,0.0,0.0,0.0,0.9999999999986159
test_168_p0000,0,0.0,0.0,0.0,0.9999999999986159
test_168_p0001,0,0.0,0.0,0.0,0.999999999998632
test_168_p0002,0,0.0,0.0,0.0,0.9993079584761255
test_168_p0003,0,0.0,0.0,0.0,0.9667820069190771
test_168_p0004,0,0.0,0.0,0.0,0.999999999998632
test_168_p0005,0,0.0,0.0,0.0,0.9999999999986159
test_168_p0100,0,0.0,0.0,0.0,0.999999999998632
test_168_p0101,233,0.8544061302518313,0.7716262975511547,0.9570815450233012,0.9897241752285157
test_168_p0102,253,0.07221006564472418,0.04992435703404048,0.13043478260354013,0.8839945280425664
test_168_p0103,0,0.0,0.0,0.0,0.9741450068386127
test_168_p0104,0,0.0,0.0,0.0,0.9810708491062993
test_168_p0105,0,0.0,0.0,0.0,0.999999999998632
test_168_p0200,0,0.0,0.0,0.0,0.9987543252581332
test_168_p0201,2215,0.7294384571732007,0.9809305873304278,0.5805869074465888,0.8694938440480582
test_168_p0202,731,0.12082262210641616,0.999999999787234,0.06429548563523535,0.9053287197219304
test_168_p0203,256,0.023166023165128724,0.9999999966666667,0.011718749999542236,0.9649826989606021
test_168_p0204,0,0.0,0.0,0.0,0.999999999998632
test_168_p0205,0,0.0,0.0,0.0,0.9999999999986159
test_168_p0300,37,0.0,0.0,0.0,0.994878892732187
test_168_p0301,521,0.4606345475856565,0.5939393939213957,0.37619961611562,0.9372093023242993
test_168_p0302,484,0.6008010680827663,0.849056603741545,0.4648760330482464,0.9586159169536905
test_168_p0303,893,0.786690433744583,0.8379746835336965,0.7413213885695261,0.9503114186838059
test_168_p0304,188,0.0,0.0,0.0,0.9742818057442213
test_168_p0305,0,0.0,0.0,0.0,0.9999999999986159
test_168_p0400,0,0.0,0.0,0.0,0.999999999998632
test_168_p0401,0,0.0,0.0,0.0,0.9921579232003892
test_168_p0402,0,0.0,0.0,0.0,0.9957592339247664
test_168_p0403,13,0.0,0.0,0.0,0.9982216142257206
test_168_p0404,396,0.0,0.0,0.0,0.9464575446174331
test_168_p0405,0,0.0,0.0,0.0,0.999999999998632
test_168_p0500,0,0.0,0.0,0.0,0.9999999999986159
test_168_p0501,0,0.0,0.0,0.0,0.999999999998632
test_168_p0502,0,0.0,0.0,0.0,0.9999999999986159
test_168_p0503,0,0.0,0.0,0.0,0.9999999999986159
test_168_p0504,0,0.0,0.0,0.0,0.999999999998632
test_168_p0505,0,0.0,0.0,0.0,0.9999999999986159
test_169_b0000,921,0.5742496050530244,0.45127250154903,0.7893593919566845,0.8507958477496875
test_169_b0001,1687,0.7660847880280147,0.6612139474788583,0.9104919976235301,0.8701730103794184
test_169_b0002,585,0.4422667234748945,0.294551645855309,0.8871794871643217,0.8188235294106314
test_169_b0003,0,0.0,0.0,0.0,0.9458823529398673
test_169_b0004,0,0.0,0.0,0.0,0.9540484429052539
test_169_b0100,0,0.0,0.0,0.0,0.9057439446354246
test_169_b0101,0,0.0,0.0,0.0,0.984221453285835
test_169_b0102,1650,0.6860015467877572,0.9476495726394482,0.5375757575724995,0.8876124567461763
test_169_b0103,34,0.0,0.0,0.0,0.9449134948083807
test_169_b0104,0,0.0,0.0,0.0,0.9944636678186928
test_169_b0200,0,0.0,0.0,0.0,0.9932179930782101
test_169_b0201,368,0.884848484835078,0.9999999999657534,0.7934782608480033,0.989480968856762
test_169_b0202,918,0.5357423409227358,0.960563380254632,0.3714596949850604,0.9182006920402517
test_169_b0203,747,0.041939711663932636,0.999999999375,0.021419009370529866,0.8988235294105207
test_169_b0204,0,0.0,0.0,0.0,0.994878892732187
test_169_b0300,0,0.0,0.0,0.0,0.9998615916941178
test_169_b0301,294,0.8074712643562145,0.6990049751069899,0.9557823128926605,0.9814532871958734
test_169_b0302,416,0.8604353392975617,0.920547945180259,0.807692307672892,0.9849134948083254
test_169_b0303,0,0.0,0.0,0.0,0.9999999999986159
test_169_b0304,0,0.0,0.0,0.0,0.9999999999986159
test_169_b0400,0,0.0,0.0,0.0,0.971903114185506
test_169_b0401,0,0.0,0.0,0.0,0.9986159169536352
test_169_b0402,543,0.792307692300074,0.8289738430416705,0.758747697960244,0.970103806227031
test_169_b0403,0,0.0,0.0,0.0,0.9999999999986159
test_169_b0404,0,0.0,0.0,0.0,0.9999999999986159
test_169_p0000,0,0.0,0.0,0.0,0.9995847750851217
test_169_p0001,954,0.8882978723357006,0.9017278617613205,0.8752620544981629,0.9712722298208327
test_169_p0002,177,0.129147982061622,0.07675906183287037,0.40677966099396723,0.8656055363309819
test_169_p0003,0,0.0,0.0,0.0,0.9256747404831479
test_169_p0004,0,0.0,0.0,0.0,0.9827633378919525
test_169_p0005,0,0.0,0.0,0.0,0.9999999999986159
test_169_p0100,0,0.0,0.0,0.0,0.994938440491115
test_169_p0101,851,0.6042385411502995,0.520373514426822,0.7203290246683862,0.8914277988089624
test_169_p0102,1726,0.8772989294513388,0.8335941575334711,0.9258400926945201,0.9388508891916021
test_169_p0103,391,0.37621202326841496,0.2517301038040508,0.7442455242776408,0.8679890560863639
test_169_p0104,0,0.0,0.0,0.0,0.9928339643036874
test_169_p0105,0,0.0,0.0,0.0,0.999999999998632
test_169_p0200,0,0.0,0.0,0.0,0.9944636678186928
test_169_p0201,0,0.0,0.0,0.0,0.999999999998632
test_169_p0202,821,0.935606060600154,0.9711664482179402,0.9025578562618446,0.985882352939812
test_169_p0203,1210,0.4239271781506897,0.9939024389940884,0.2694214876010792,0.8773702422133185
test_169_p0204,33,0.0,0.0,0.0,0.9954856361135492
test_169_p0205,0,0.0,0.0,0.0,0.9999999999986159
test_169_p0300,0,0.0,0.0,0.0,0.9999999999986159
test_169_p0301,0,0.0,0.0,0.0,0.9685362517086614
test_169_p0302,698,0.9154013015118193,0.9240875912273856,0.906876790817953,0.9838062283723408
test_169_p0303,373,0.0,0.0,0.0,0.9483737024208327
test_169_p0304,72,0.0,0.0,0.0,0.9901504787948151
test_169_p0305,0,0.0,0.0,0.0,0.9999999999986159
test_169_p0400,0,0.0,0.0,0.0,0.999999999998632
test_169_p0401,0,0.0,0.0,0.0,0.9995943753366691
test_169_p0402,663,0.8771407297030742,0.8661764705754974,0.8883861236668418,0.9774281805732183
test_169_p0403,0,0.0,0.0,0.0,0.999042407659372
test_169_p0404,0,0.0,0.0,0.0,0.999999999998648
test_169_p0405,0,0.0,0.0,0.0,0.9826265389863439
test_169_p0500,0,0.0,0.0,0.0,0.9999999999986159
test_169_p0501,0,0.0,0.0,0.0,0.999999999998632
test_169_p0502,195,0.0,0.0,0.0,0.9730103806214907
test_169_p0503,107,0.0,0.0,0.0,0.9851903114173215
test_169_p0504,0,0.0,0.0,0.0,0.999999999998632
test_169_p0505,0,0.0,0.0,0.0,0.9999999999986159
test_16_b0000,0,0.0,0.0,0.0,0.9076816608983976
test_16_b0001,1292,0.9241223103022872,0.9019896831178925,0.9473684210452991,0.9721799307945022
test_16_b0002,158,0.34023991275528637,0.2055335968352367,0.9873417720894087,0.9162629757772786
test_16_b0003,0,0.0,0.0,0.0,0.9959861591681717
test_16_b0004,0,0.0,0.0,0.0,0.9584775086491925
test_16_b0100,0,0.0,0.0,0.0,0.9186159169537459
test_16_b0101,0,0.0,0.0,0.0,0.9763321799294445
test_16_b0102,1370,0.6271186440652659,0.7012635378998081,0.5671532846673931,0.8721107266423915
test_16_b0103,579,0.7544802867315907,0.7839851024062573,0.7271157167404643,0.9620761245661424
test_16_b0104,0,0.0,0.0,0.0,0.9961245674726698
test_16_b0200,0,0.0,0.0,0.0,0.9998615916941178
test_16_b0201,0,0.0,0.0,0.0,0.9999999999986159
test_16_b0202,324,0.7412587412457822,0.8548387096429501,0.6543209876341258,0.9795155709329003
test_16_b0203,1164,0.4401850627862513,0.9541547277663566,0.2860824742243464,0.8827681660887435
test_16_b0204,307,0.03194888178811665,0.8333333319444445,0.016286644950609556,0.9580622837356982
test_16_b0300,0,0.0,0.0,0.0,0.9999999999986159
test_16_b0301,0,0.0,0.0,0.0,0.9999999999986159
test_16_b0302,0,0.0,0.0,0.0,0.9999999999986159
test_16_b0303,966,0.8487439871680987,0.877348066288648,0.821946169763748,0.9608304498256598
test_16_b0304,0,0.0,0.0,0.0,0.9999999999986159
test_16_b0400,0,0.0,0.0,0.0,0.9999999999986159
test_16_b0401,0,0.0,0.0,0.0,0.9999999999986159
test_16_b0402,188,0.8715365239075179,0.8277511961326435,0.9202127659084993,0.992941176469214
test_16_b0403,559,0.9188224799204388,0.9163701067452603,0.9212880142947891,0.9874048442892908
test_16_b0404,0,0.0,0.0,0.0,0.9999999999986159
test_16_p0000,0,0.0,0.0,0.0,0.9911418685107389
test_16_p0001,0,0.0,0.0,0.0,0.999999999998632
test_16_p0002,0,0.0,0.0,0.0,0.9999999999986159
test_16_p0003,0,0.0,0.0,0.0,0.9999999999986159
test_16_p0004,0,0.0,0.0,0.0,0.9953488372079408
test_16_p0005,0,0.0,0.0,0.0,0.9999999999986159
test_16_p0100,0,0.0,0.0,0.0,0.9746922024610469
test_16_p0101,663,0.6169863013664822,0.4845094664330077,0.8491704373929235,0.9054894537575643
test_16_p0102,1234,0.8548907201689184,0.7662170841312382,0.9667747163616955,0.944596443227162
test_16_p0103,397,0.12170753860016616,0.0951704545441027,0.16876574306879683,0.8677154582751467
test_16_p0104,0,0.0,0.0,0.0,0.994050838289624
test_16_p0105,0,0.0,0.0,0.0,0.999999999998632
test_16_p0200,0,0.0,0.0,0.0,0.9999999999986159
test_16_p0201,0,0.0,0.0,0.0,0.999999999998632
test_16_p0202,0,0.0,0.0,0.0,0.9786851211059119
test_16_p0203,1507,0.5973333333306785,0.9044414535544489,0.4459190444562315,0.8746020761233569
test_16_p0204,622,0.3362445414810454,0.5238095237917072,0.24758842443331852,0.9168262653886227
test_16_p0205,0,0.0,0.0,0.0,0.9999999999986159
test_16_p0300,0,0.0,0.0,0.0,0.9999999999986159
test_16_p0301,0,0.0,0.0,0.0,0.999999999998632
test_16_p0302,0,0.0,0.0,0.0,0.9999999999986159
test_16_p0303,788,0.8884488448786242,0.9257221457919433,0.8540609136947455,0.9766089965384407
test_16_p0304,586,0.0,0.0,0.0,0.9198358413120111
test_16_p0305,0,0.0,0.0,0.0,0.9999999999986159
test_16_p0400,0,0.0,0.0,0.0,0.999999999998632
test_16_p0401,0,0.0,0.0,0.0,0.999999999998648
test_16_p0402,0,0.0,0.0,0.0,0.999999999998632
test_16_p0403,796,0.9341389728040234,0.8998835855541341,0.9711055276259911,0.9850889192872981
test_16_p0404,0,0.0,0.0,0.0,0.999999999998648
test_16_p0405,0,0.0,0.0,0.0,0.999999999998632
test_16_p0500,0,0.0,0.0,0.0,0.9999999999986159
test_16_p0501,0,0.0,0.0,0.0,0.999999999998632
test_16_p0502,0,0.0,0.0,0.0,0.9999999999986159
test_16_p0503,673,0.005925925925838135,0.999999995,0.0029717682020360806,0.9071280276804053
test_16_p0504,0,0.0,0.0,0.0,0.999999999998632
test_16_p0505,0,0.0,0.0,0.0,0.9999999999986159
test_170_b0000,1492,0.9292004226807707,0.9792130660654847,0.884048257366729,0.9721799307945022
test_170_b0001,1207,0.8629629629597668,0.7803081044823824,0.9652029825934947,0.948788927334327
test_170_b0002,0,0.0,0.0,0.0,0.795294117645958
test_170_b0003,0,0.0,0.0,0.0,0.9067128027669111
test_170_b0004,0,0.0,0.0,0.0,0.9742560553619733
test_170_b0100,1430,0.9054545454512529,0.943181818174673,0.8706293706232824,0.9640138408291156
test_170_b0101,692,0.6746987951764446,0.6011299434960324,0.7687861271565204,0.9289965397911017
test_170_b0102,0,0.0,0.0,0.0,0.9950173010366851
test_170_b0103,0,0.0,0.0,0.0,0.8611764705870434
test_170_b0104,0,0.0,0.0,0.0,0.9976470588221485
test_170_b0200,0,0.0,0.0,0.0,0.9999999999986159
test_170_b0201,344,0.8448540706475445,0.8957654722835255,0.7994186046279239,0.98602076124431
test_170_b0202,1404,0.8185719859507664,0.9050905953330018,0.7471509971456756,0.9356401384070095
test_170_b0203,928,0.7044632086823303,0.561898652979077,0.9439655172312073,0.8982698961925284
test_170_b0204,861,0.5195020746844855,0.9098837209037824,0.3635307781607023,0.9198615916942285
test_170_b0300,0,0.0,0.0,0.0,0.9999999999986159
test_170_b0301,0,0.0,0.0,0.0,0.9999999999986159
test_170_b0302,0,0.0,0.0,0.0,0.9999999999986159
test_170_b0303,0,0.0,0.0,0.0,0.9999999999986159
test_170_b0304,0,0.0,0.0,0.0,0.9271972318326267
test_170_b0400,0,0.0,0.0,0.0,0.9991695501716275
test_170_b0401,0,0.0,0.0,0.0,0.9999999999986159
test_170_b0402,0,0.0,0.0,0.0,0.9999999999986159
test_170_b0403,0,0.0,0.0,0.0,0.9999999999986159
test_170_b0404,0,0.0,0.0,0.0,0.9999999999986159
test_170_p0000,0,0.0,0.0,0.0,0.9970934256041563
test_170_p0001,0,0.0,0.0,0.0,0.999999999998632
test_170_p0002,0,0.0,0.0,0.0,0.9555709342547328
test_170_p0003,0,0.0,0.0,0.0,0.9676124567460656
test_170_p0004,0,0.0,0.0,0.0,0.999999999998632
test_170_p0005,0,0.0,0.0,0.0,0.9999999999986159
test_170_p0100,897,0.16865671641665184,0.25507900676625106,0.12597547380015633,0.8476060191506872
test_170_p0101,2393,0.907892107890294,0.8698315467041737,0.9494358545718787,0.937669010274557
test_170_p0102,381,0.6716141001792987,0.5193687230915442,0.9501312335708627,0.951573187413199
test_170_p0103,0,0.0,0.0,0.0,0.8259917920645335
test_170_p0104,0,0.0,0.0,0.0,0.9875608436979617
test_170_p0105,0,0.0,0.0,0.0,0.999999999998632
test_170_p0200,0,0.0,0.0,0.0,0.9388235294104653
test_170_p0201,1018,0.8986272439234497,0.9714611872035221,0.8359528487147745,0.973734610121787
test_170_p0202,1286,0.8510281158168232,0.9243391066460863,0.7884914463391254,0.9508650519017982
test_170_p0203,128,0.016713091921540024,0.012987012986450778,0.023437499998168944,0.9511418685107943
test_170_p0204,0,0.0,0.0,0.0,0.8757865937060523
test_170_p0205,0,0.0,0.0,0.0,0.9999999999986159
test_170_p0300,0,0.0,0.0,0.0,0.9911418685107389
test_170_p0301,0,0.0,0.0,0.0,0.999999999998632
test_170_p0302,141,0.0,0.0,0.0,0.9804844290643869
test_170_p0303,934,0.8967813540460778,0.930875576026142,0.8650963597337784,0.9742560553619733
test_170_p0304,968,0.7085455574379822,0.7834793491766774,0.6466942148693523,0.9295485636102195
test_170_p0305,344,0.0,0.0,0.0,0.952387543251277
test_170_p0400,0,0.0,0.0,0.0,0.9782489740068697
test_170_p0401,0,0.0,0.0,0.0,0.999999999998648
test_170_p0402,0,0.0,0.0,0.0,0.999999999998632
test_170_p0403,0,0.0,0.0,0.0,0.999999999998632
test_170_p0404,0,0.0,0.0,0.0,0.9921579232003892
test_170_p0405,0,0.0,0.0,0.0,0.999042407659372
test_170_p0500,0,0.0,0.0,0.0,0.9994463667806236
test_170_p0501,0,0.0,0.0,0.0,0.999999999998632
test_170_p0502,0,0.0,0.0,0.0,0.9999999999986159
test_170_p0503,0,0.0,0.0,0.0,0.9999999999986159
test_170_p0504,0,0.0,0.0,0.0,0.999999999998632
test_170_p0505,0,0.0,0.0,0.0,0.9999999999986159
test_171_b0000,846,0.034239677743864654,0.11564625849553427,0.020094562647516613,0.8672664359849588
test_171_b0001,1448,0.6655935613655308,0.7974927675911525,0.5711325966811386,0.8849826989607128
test_171_b0002,2,0.0023894862604254543,0.0011976047904048192,0.4999999975,0.8844290657427205
test_171_b0003,0,0.0,0.0,0.0,0.962906574393131
test_171_b0004,0,0.0,0.0,0.0,0.9998615916941178
test_171_b0100,47,0.006276150627549413,0.003300330032966993,0.06382978722046175,0.8685121107254415
test_171_b0101,296,0.6863753213279387,0.5539419087022004,0.9020270269965531,0.9662283737010848
test_171_b0102,1899,0.7563598216607491,0.753396029254162,0.7593470247458697,0.8714186851199012
test_171_b0103,90,0.0354706684851914,0.02021772939315369,0.14444444442839507,0.9021453287184745
test_171_b0104,0,0.0,0.0,0.0,0.9829757785453523
test_171_b0200,0,0.0,0.0,0.0,0.9999999999986159
test_171_b0201,0,0.0,0.0,0.0,0.9999999999986159
test_171_b0202,90,0.0,0.0,0.0,0.959446366780679
test_171_b0203,1217,0.7782178217783257,0.9788293897761042,0.6458504519256709,0.9379930795834769
test_171_b0204,0,0.0,0.0,0.0,0.9999999999986159
test_171_b0300,0,0.0,0.0,0.0,0.9999999999986159
test_171_b0301,0,0.0,0.0,0.0,0.9617993079571463
test_171_b0302,1175,0.9145860709552581,0.9422382671395105,0.8885106382903106,0.9730103806214907
test_171_b0303,1010,0.8665231431600295,0.9492924528189942,0.7970297029624056,0.9656747404830925
test_171_b0304,0,0.0,0.0,0.0,0.9999999999986159
test_171_b0400,0,0.0,0.0,0.0,0.9973702422131524
test_171_b0401,0,0.0,0.0,0.0,0.9999999999986159
test_171_b0402,1029,0.7254196642642361,0.9467918622700032,0.5879494654947722,0.936608996538496
test_171_b0403,2131,0.628907458989078,0.9236363636279671,0.47677146879175614,0.83404844290542
test_171_b0404,112,0.0,0.0,0.0,0.9844982698948311
test_171_p0000,0,0.0,0.0,0.0,0.9586159169536905
test_171_p0001,0,0.0,0.0,0.0,0.9725034199713098
test_171_p0002,0,0.0,0.0,0.0,0.9999999999986159
test_171_p0003,0,0.0,0.0,0.0,0.9407612456734384
test_171_p0004,0,0.0,0.0,0.0,0.9554035567702389
test_171_p0005,0,0.0,0.0,0.0,0.9999999999986159
test_171_p0100,0,0.0,0.0,0.0,0.9964432284528093
test_171_p0101,1857,0.7054337464229252,0.8604651162723995,0.5977382875573628,0.8746619794471678
test_171_p0102,1642,0.4419642857126415,0.5678776290576685,0.3617539585848858,0.79480164158578
test_171_p0103,186,0.2616822429886162,0.15300546447948085,0.9032258064030524,0.8703146374817096
test_171_p0104,0,0.0,0.0,0.0,0.950919415899201
test_171_p0105,0,0.0,0.0,0.0,0.999999999998632
test_171_p0200,0,0.0,0.0,0.0,0.876401384081832
test_171_p0201,0,0.0,0.0,0.0,0.999999999998632
test_171_p0202,8,0.0,0.0,0.0,0.9222145328706959
test_171_p0203,1528,0.8868060562332848,0.9871589084993005,0.8049738219842607,0.9565397923862193
test_171_p0204,0,0.0,0.0,0.0,0.9887824897387294
test_171_p0205,0,0.0,0.0,0.0,0.9999999999986159
test_171_p0300,0,0.0,0.0,0.0,0.9999999999986159
test_171_p0301,0,0.0,0.0,0.0,0.9963064295472007
test_171_p0302,0,0.0,0.0,0.0,0.9526643598602731
test_171_p0303,1819,0.8712811171801115,0.9728813559256076,0.7888949972469,0.9413148788914307
test_171_p0304,54,0.034782608694139884,0.022727272725981403,0.07407407406035665,0.96963064295353
test_171_p0305,0,0.0,0.0,0.0,0.9999999999986159
test_171_p0400,0,0.0,0.0,0.0,0.999999999998632
test_171_p0401,0,0.0,0.0,0.0,0.9883720930219194
test_171_p0402,506,0.6251588309958683,0.8754448398264966,0.4861660078955303,0.9596443228441045
test_171_p0403,1678,0.8950381679360845,0.959754433827014,0.8384982121523332,0.9548563611478046
test_171_p0404,623,0.5937499999933733,0.9743589743232836,0.42696629212797804,0.9507842076785414
test_171_p0405,0,0.0,0.0,0.0,0.9997264021874149
test_171_p0500,0,0.0,0.0,0.0,0.9999999999986159
test_171_p0501,0,0.0,0.0,0.0,0.999999999998632
test_171_p0502,346,0.0,0.0,0.0,0.9521107266422808
test_171_p0503,1293,0.0,0.0,0.0,0.8210380622826007
test_171_p0504,691,0.0,0.0,0.0,0.9054719562231115
test_171_p0505,0,0.0,0.0,0.0,0.9999999999986159
test_172_b0000,0,0.0,0.0,0.0,0.9961245674726698
test_172_b0001,71,0.13611111110922067,0.0755007704148613,0.6901408449732197,0.9139100346008112
test_172_b0002,0,0.0,0.0,0.0,0.9999999999986159
test_172_b0003,0,0.0,0.0,0.0,0.9999999999986159
test_172_b0004,0,0.0,0.0,0.0,0.9999999999986159
test_172_b0100,1594,0.8211036992091537,0.7946009389624731,0.8494353826797401,0.9183391003447497
test_172_b0101,611,0.6301587301537289,0.611710323565305,0.6497545008076964,0.9355017301025115
test_172_b0102,0,0.0,0.0,0.0,0.9991695501716275
test_172_b0103,0,0.0,0.0,0.0,0.9999999999986159
test_172_b0104,0,0.0,0.0,0.0,0.9999999999986159
test_172_b0200,1380,0.9250089702155544,0.9161336176196437,0.9340579710077243,0.9710726643585176
test_172_b0201,243,0.6829268292497852,0.9999999999206349,0.5185185184971803,0.9838062283723408
test_172_b0202,22,0.0,0.0,0.0,0.9006228373689957
test_172_b0203,865,0.06053811659124957,0.9999999996296296,0.031213872832009087,0.8840138408292263
test_172_b0204,242,0.0,0.0,0.0,0.966505190310081
test_172_b0300,109,0.864583333288303,0.9999999998795182,0.7614678898383975,0.9964013840816659
test_172_b0301,897,0.9351955307210325,0.9372900335841289,0.9331103678825741,0.9839446366768388
test_172_b0302,1602,0.327970939282159,0.9723076922777751,0.1972534332072581,0.8207612456736045
test_172_b0303,840,0.5606694560622538,0.9436619718044039,0.3988095238047761,0.9273356401371248
test_172_b0304,252,0.0,0.0,0.0,0.9645674740471079
test_172_b0400,0,0.0,0.0,0.0,0.9999999999986159
test_172_b0401,0,0.0,0.0,0.0,0.9999999999986159
test_172_b0402,0,0.0,0.0,0.0,0.9999999999986159
test_172_b0403,0,0.0,0.0,0.0,0.9999999999986159
test_172_b0404,0,0.0,0.0,0.0,0.9999999999986159
test_172_p0000,0,0.0,0.0,0.0,0.938269896192473
test_172_p0001,0,0.0,0.0,0.0,0.999999999998632
test_172_p0002,0,0.0,0.0,0.0,0.9993079584761255
test_172_p0003,0,0.0,0.0,0.0,0.9999999999986159
test_172_p0004,0,0.0,0.0,0.0,0.999999999998632
test_172_p0005,0,0.0,0.0,0.0,0.9897577854657581
test_172_p0100,256,0.3977485928630816,0.3826714801305895,0.41406249998382566,0.9560875512982817
test_172_p0101,1347,0.7950481430509111,0.740550928886992,0.8582034149899169,0.9194159004855065
test_172_p0102,4,0.0,0.0,0.0,0.9608755129945816
test_172_p0103,0,0.0,0.0,0.0,0.999999999998632
test_172_p0104,0,0.0,0.0,0.0,0.999999999998648
test_172_p0105,0,0.0,0.0,0.0,0.999999999998632
test_172_p0200,1174,0.22695738354694275,0.2713270142147947,0.1950596252112857,0.7840830449816137
test_172_p0201,90,0.4451612903082206,0.31363636362210745,0.7666666665814815,0.9764705882339584
test_172_p0202,0,0.0,0.0,0.0,0.9291349480955998
test_172_p0203,0,0.0,0.0,0.0,0.9999999999986159
test_172_p0204,0,0.0,0.0,0.0,0.999999999998632
test_172_p0205,0,0.0,0.0,0.0,0.9999999999986159
test_172_p0300,203,0.0,0.0,0.0,0.9049134948084361
test_172_p0301,1424,0.9541414859546601,0.9661627069764855,0.9424157303304607,0.9823529411751267
test_172_p0302,1182,0.8307839388105603,0.954945054934561,0.7351945854421728,0.9510034602062962
test_172_p0303,1569,0.8549099558244821,0.9155749636032346,0.8017845761580511,0.9408996539779365
test_172_p0304,726,0.28672150410943925,0.9759999999219201,0.16804407713267155,0.9169630642942312
test_172_p0305,0,0.0,0.0,0.0,0.9968166089951601
test_172_p0400,0,0.0,0.0,0.0,0.8448700410385159
test_172_p0401,0,0.0,0.0,0.0,0.999999999998648
test_172_p0402,105,0.0,0.0,0.0,0.9856361149097324
test_172_p0403,186,0.0,0.0,0.0,0.9745554035554383
test_172_p0404,489,0.0,0.0,0.0,0.9338831800960873
test_172_p0405,45,0.0,0.0,0.0,0.9938440492462465
test_172_p0500,0,0.0,0.0,0.0,0.9485121107253308
test_172_p0501,0,0.0,0.0,0.0,0.999999999998632
test_172_p0502,0,0.0,0.0,0.0,0.9999999999986159
test_172_p0503,0,0.0,0.0,0.0,0.9999999999986159
test_172_p0504,0,0.0,0.0,0.0,0.999999999998632
test_172_p0505,0,0.0,0.0,0.0,0.9999999999986159
test_173_b0000,0,0.0,0.0,0.0,0.8643598615904992
test_173_b0001,0,0.0,0.0,0.0,0.9573702422132078
test_173_b0002,1260,0.5235342691968475,0.5456110154858381,0.5031746031706098,0.8402768166078335
test_173_b0003,522,0.4642475987168397,0.32174556212779776,0.833333333317369,0.8610380622825453
test_173_b0004,0,0.0,0.0,0.0,0.9410380622824346
test_173_b0100,0,0.0,0.0,0.0,0.992941176469214
test_173_b0101,0,0.0,0.0,0.0,0.9642906574381117
test_173_b0102,21,0.0,0.0,0.0,0.9255363321786498
test_173_b0103,1058,0.7770419426005682,0.9336870026401368,0.6654064272148829,0.9440830449813923
test_173_b0104,0,0.0,0.0,0.0,0.9662283737010848
test_173_b0200,0,0.0,0.0,0.0,0.9988927335626313
test_173_b0201,10,0.0,0.0,0.0,0.9732871972304868
test_173_b0202,1611,0.783136834580982,0.922558922551157,0.6803227808772172,0.9159861591682824
test_173_b0203,714,0.7234042553129924,0.9219088936893295,0.5952380952297586,0.9550173010367404
test_173_b0204,0,0.0,0.0,0.0,0.9999999999986159
test_173_b0300,0,0.0,0.0,0.0,0.9880968858117812
test_173_b0301,863,0.7088948787014225,0.8470209339638161,0.6095017381157648,0.940207612455446
test_173_b0302,1071,0.5120109814652574,0.9663212434982819,0.34827264238703765,0.9015916955004822
test_173_b0303,107,0.0,0.0,0.0,0.9850519031128234
test_173_b0304,0,0.0,0.0,0.0,0.9582006920401963
test_173_b0400,0,0.0,0.0,0.0,0.9988927335626313
test_173_b0401,818,0.0,0.0,0.0,0.8867820069191878
test_173_b0402,984,0.17863720073500336,0.9509803920636294,0.09857723577135592,0.8765397923863301
test_173_b0403,682,0.0,0.0,0.0,0.9056055363309266
test_173_b0404,433,0.015296367112518234,0.044444444439506174,0.009237875288470256,0.9287197231821056
test_173_p0000,0,0.0,0.0,0.0,0.899377162628513
test_173_p0001,496,0.4064587973251311,0.28076923076707105,0.7358870967593572,0.8541723666198986
test_173_p0002,1982,0.8630952380929029,0.9305717619548975,0.8047426841533566,0.9299653979225883
test_173_p0003,739,0.5319049836957062,0.4055397727243925,0.7726657645362291,0.8608996539780472
test_173_p0004,0,0.0,0.0,0.0,0.880300957591135
test_173_p0005,0,0.0,0.0,0.0,0.9503114186838059
test_173_p0100,0,0.0,0.0,0.0,0.999999999998632
test_173_p0101,0,0.0,0.0,0.0,0.9601135749040561
test_173_p0102,0,0.0,0.0,0.0,0.9674418604637929
test_173_p0103,1397,0.8054583624884344,0.78781656399187,0.8239083750835798,0.9239398084802682
test_173_p0104,0,0.0,0.0,0.0,0.9486208761479873
test_173_p0105,0,0.0,0.0,0.0,0.999999999998632
test_173_p0200,0,0.0,0.0,0.0,0.9999999999986159
test_173_p0201,0,0.0,0.0,0.0,0.9716826265376585
test_173_p0202,63,0.14117647058638985,0.07692307692198115,0.8571428570068027,0.9090657439433785
test_173_p0203,1706,0.8383272966715893,0.9564237415405228,0.7461899179323201,0.9320415224900594
test_173_p0204,0,0.0,0.0,0.0,0.999999999998632
test_173_p0205,0,0.0,0.0,0.0,0.9999999999986159
test_173_p0300,0,0.0,0.0,0.0,0.9999999999986159
test_173_p0301,0,0.0,0.0,0.0,0.9870041039658181
test_173_p0302,1081,0.8705985915454639,0.8303946263574274,0.9148936170128132,0.9593079584761809
test_173_p0303,976,0.8278965129312267,0.9177057356494052,0.7540983606480113,0.9576470588222039
test_173_p0304,0,0.0,0.0,0.0,0.9566347469207159
test_173_p0305,0,0.0,0.0,0.0,0.9811764705868773
test_173_p0400,0,0.0,0.0,0.0,0.999999999998632
test_173_p0401,0,0.0,0.0,0.0,0.999999999998648
test_173_p0402,932,0.1432777232566901,0.839080459673669,0.07832618025667032,0.8805745554023522
test_173_p0403,1708,0.13575628006341126,0.7791411042466784,0.07435597189652017,0.7787961696295775
test_173_p0404,579,0.1938461538431716,0.8873239435369967,0.10880829015356117,0.9291508923730001
test_173_p0405,61,0.0,0.0,0.0,0.9916552667565094
test_173_p0500,0,0.0,0.0,0.0,0.9999999999986159
test_173_p0501,0,0.0,0.0,0.0,0.999999999998632
test_173_p0502,1235,0.0,0.0,0.0,0.8290657439434892
test_173_p0503,79,0.0,0.0,0.0,0.9890657439432677
test_173_p0504,0,0.0,0.0,0.0,0.999999999998632
test_173_p0505,69,0.0,0.0,0.0,0.9904498269882486
test_174_b0000,0,0.0,0.0,0.0,0.9999999999986159
test_174_b0001,0,0.0,0.0,0.0,0.9319031141855614
test_174_b0002,0,0.0,0.0,0.0,0.9999999999986159
test_174_b0003,0,0.0,0.0,0.0,0.8653287197219857
test_174_b0004,0,0.0,0.0,0.0,0.9984775086491371
test_174_b0100,538,0.9550239234358372,0.9842209072784177,0.9275092936630575,0.9934948096872063
test_174_b0101,1505,0.9154557463642158,0.9100459619112933,0.9209302325520204,0.9645674740471079
test_174_b0102,940,0.812839059670828,0.7067610062837519,0.95638297871323,0.9426989619364115
test_174_b0103,0,0.0,0.0,0.0,0.9410380622824346
test_174_b0104,0,0.0,0.0,0.0,0.9999999999986159
test_174_b0200,2167,0.7622606258739789,0.7716312056701106,0.753114905395694,0.8591003460195722
test_174_b0201,197,0.0,0.0,0.0,0.8920415224901148
test_174_b0202,439,0.7180156657869711,0.8409785932464532,0.6264236901907421,0.970103806227031
test_174_b0203,0,0.0,0.0,0.0,0.9970934256041563
test_174_b0204,0,0.0,0.0,0.0,0.9986159169536352
test_174_b0300,2134,0.9696394686884022,0.9817483189193961,0.9578256794706757,0.9822837370228619
test_174_b0301,0,0.0,0.0,0.0,0.8437370242202855
test_174_b0302,0,0.0,0.0,0.0,0.9997231833896197
test_174_b0303,0,0.0,0.0,0.0,0.9999999999986159
test_174_b0304,0,0.0,0.0,0.0,0.9999999999986159
test_174_b0400,463,0.8424999999894688,0.9999999999703264,0.7278617710425948,0.982560553631858
test_174_b0401,2424,0.8698661744326953,0.9869109947592309,0.7776402640231946,0.9219377162616997
test_174_b0402,2362,0.8734597156377406,0.9919268030086549,0.780270956812954,0.9260899653966421
test_174_b0403,2396,0.8433502293004023,0.9999999999942759,0.7291318864744194,0.910173010379363
test_174_b0404,2188,0.616536661464535,0.9714847590858261,0.4515539305281008,0.8298961937704776
test_174_p0000,0,0.0,0.0,0.0,0.9999999999986159
test_174_p0001,0,0.0,0.0,0.0,0.999999999998632
test_174_p0002,0,0.0,0.0,0.0,0.9987543252581332
test_174_p0003,0,0.0,0.0,0.0,0.9999999999986159
test_174_p0004,0,0.0,0.0,0.0,0.8774281805733551
test_174_p0005,0,0.0,0.0,0.0,0.9867128027668004
test_174_p0100,0,0.0,0.0,0.0,0.999999999998632
test_174_p0101,0,0.0,0.0,0.0,0.9259058950771689
test_174_p0102,0,0.0,0.0,0.0,0.9745554035554383
test_174_p0103,0,0.0,0.0,0.0,0.8677154582751467
test_174_p0104,0,0.0,0.0,0.0,0.9975662520267745
test_174_p0105,0,0.0,0.0,0.0,0.9969904240752435
test_174_p0200,0,0.0,0.0,0.0,0.9919723183377274
test_174_p0201,2424,0.8664602683160652,0.8669971086292152,0.8659240924056687,0.9114911080698885
test_174_p0202,1922,0.825457525264066,0.8688901667575107,0.786160249735764,0.9115570934243439
test_174_p0203,459,0.5982444294355285,0.4334637964732538,0.9651416121794086,0.9176470588222593
test_174_p0204,0,0.0,0.0,0.0,0.9964432284528093
test_174_p0205,0,0.0,0.0,0.0,0.9964013840816659
test_174_p0300,0,0.0,0.0,0.0,0.9678892733550618
test_174_p0301,1988,0.763305928167972,0.6697038724348151,0.8873239436575084,0.8503419972628586
test_174_p0302,0,0.0,0.0,0.0,0.9760553633204484
test_174_p0303,0,0.0,0.0,0.0,0.9999999999986159
test_174_p0304,0,0.0,0.0,0.0,0.9935704514350293
test_174_p0305,0,0.0,0.0,0.0,0.9999999999986159
test_174_p0400,0,0.0,0.0,0.0,0.999999999998632
test_174_p0401,2702,0.8948004836741338,0.9823008849514058,0.8216136195380399,0.9294213088143194
test_174_p0402,541,0.950047125344486,0.9692307692121301,0.9316081330696561,0.9927496580013779
test_174_p0403,73,0.3023255813601947,0.9999999992307692,0.17808219175642712,0.991792065662118
test_174_p0404,0,0.0,0.0,0.0,0.9812060573269589
test_174_p0405,449,0.6675749318710139,0.8596491227768543,0.5456570155780477,0.9666210670301414
test_174_p0500,0,0.0,0.0,0.0,0.9999999999986159
test_174_p0501,265,0.8884381338562183,0.9605263157473453,0.8264150943084372,0.9924760601901608
test_174_p0502,1778,0.0,0.0,0.0,0.7539100346010327
test_174_p0503,2329,0.008550662676320861,0.9999999989999999,0.0042936882782125645,0.6790311418675723
test_174_p0504,2859,0.40977234869403173,0.9932705248856895,0.25813221405995757,0.7091655266748165
test_174_p0505,2798,0.17457789104754834,0.8035190615600141,0.09792709077877797,0.641384083044095
test_175_b0000,1821,0.8755667506275175,0.8087482549985633,0.9544206479903656,0.9316262975765652
test_175_b0001,1139,0.5703703703680232,0.5367931835744633,0.6084284459999261,0.8555017301026222
test_175_b0002,959,0.6073781291132584,0.8246869409512578,0.48070907194493523,0.9175086505177612
test_175_b0003,240,0.260355029578096,0.44897959179092045,0.18333333332569443,0.9653979238740964
test_175_b0004,0,0.0,0.0,0.0,0.9892041522477658
test_175_b0100,0,0.0,0.0,0.0,0.9964013840816659
test_175_b0101,7,0.0,0.0,0.0,0.8935640138395937
test_175_b0102,1543,0.8463114754069457,0.8945848375386674,0.8029812054387364,0.9377162629744806
test_175_b0103,854,0.31637372802667557,0.753303964724524,0.20023419203512607,0.897716262974536
test_175_b0104,105,0.0,0.0,0.0,0.9854671280263178
test_175_b0200,0,0.0,0.0,0.0,0.9999999999986159
test_175_b0201,0,0.0,0.0,0.0,0.9533564013827636
test_175_b0202,727,0.8617771509107068,0.8842257597556552,0.8404401650503378,0.9728719723169926
test_175_b0203,774,0.9137931034426491,0.8729411764603183,0.9586563307369682,0.980622837368885
test_175_b0204,538,0.8247787610546481,0.7871621621488655,0.8661710037013722,0.9725951557079964
test_175_b0300,0,0.0,0.0,0.0,0.9999999999986159
test_175_b0301,0,0.0,0.0,0.0,0.9999999999986159
test_175_b0302,568,0.868101028990944,0.9261477045723324,0.8169014084363222,0.9804844290643869
test_175_b0303,0,0.0,0.0,0.0,0.9999999999986159
test_175_b0304,6,0.0,0.0,0.0,0.9991695501716275
test_175_b0400,0,0.0,0.0,0.0,0.9995847750851217
test_175_b0401,0,0.0,0.0,0.0,0.9999999999986159
test_175_b0402,289,0.9018987341629446,0.8309037900632389,0.9861591695160499,0.9914186851197351
test_175_b0403,399,0.8715365239184945,0.8759493670664317,0.8671679197777652,0.985882352939812
test_175_b0404,0,0.0,0.0,0.0,0.9999999999986159
test_175_p0000,1968,0.5096408317561072,0.9955686853619561,0.34247967479500774,0.8204844290646084
test_175_p0001,183,0.2157394843947372,0.12316034082011496,0.8688524589689152,0.8418604651151275
test_175_p0002,0,0.0,0.0,0.0,0.8473356401372355
test_175_p0003,0,0.0,0.0,0.0,0.9384083044969711
test_175_p0004,0,0.0,0.0,0.0,0.9725034199713098
test_175_p0005,0,0.0,0.0,0.0,0.9999999999986159
test_175_p0100,314,0.0,0.0,0.0,0.9560875512982817
test_175_p0101,993,0.8236994219613503,0.7894736842032367,0.8610271903236553,0.9505137912372221
test_175_p0102,1852,0.6925979680676557,0.7489014438119969,0.6441684665192,0.8551299589591586
test_175_p0103,1236,0.3760356915208666,0.8858858858592827,0.23867313915664506,0.866073871407844
test_175_p0104,550,0.1602671118504129,0.9795918365347771,0.0872727272711405,0.9319902650068523
test_175_p0105,0,0.0,0.0,0.0,0.999999999998632
test_175_p0200,0,0.0,0.0,0.0,0.9999999999986159
test_175_p0201,0,0.0,0.0,0.0,0.999999999998632
test_175_p0202,326,0.47619047618669696,0.32119914346551176,0.9202453987447777,0.9086505190298843
test_175_p0203,1313,0.8379888268122986,0.8801341156673921,0.7996953541447092,0.9438062283723961
test_175_p0204,63,0.0,0.0,0.0,0.9905608755116408
test_175_p0205,0,0.0,0.0,0.0,0.9999999999986159
test_175_p0300,0,0.0,0.0,0.0,0.9995847750851217
test_175_p0301,0,0.0,0.0,0.0,0.9783857729124783
test_175_p0302,0,0.0,0.0,0.0,0.9986159169536352
test_175_p0303,683,0.8945783132462758,0.9209302325438615,0.8696925329301656,0.980622837368885
test_175_p0304,609,0.93299832495031,0.9521367521204763,0.9146141214956549,0.9890560875499466
test_175_p0305,404,0.0,0.0,0.0,0.9440830449813923
test_175_p0400,0,0.0,0.0,0.0,0.999999999998632
test_175_p0401,0,0.0,0.0,0.0,0.999999999998648
test_175_p0402,0,0.0,0.0,0.0,0.999999999998632
test_175_p0403,632,0.8834080717422765,0.8371104815745452,0.9351265822636847,0.9786593707236955
test_175_p0404,0,0.0,0.0,0.0,0.999999999998648
test_175_p0405,0,0.0,0.0,0.0,0.999999999998632
test_175_p0500,0,0.0,0.0,0.0,0.9999999999986159
test_175_p0501,0,0.0,0.0,0.0,0.999999999998632
test_175_p0502,0,0.0,0.0,0.0,0.9999999999986159
test_175_p0503,634,0.0,0.0,0.0,0.9122491349468342
test_175_p0504,0,0.0,0.0,0.0,0.999999999998632
test_175_p0505,0,0.0,0.0,0.0,0.9999999999986159
test_176_b0000,0,0.0,0.0,0.0,0.911695501728842
test_176_b0001,0,0.0,0.0,0.0,0.9609688581301579
test_176_b0002,0,0.0,0.0,0.0,0.9999999999986159
test_176_b0003,0,0.0,0.0,0.0,0.9709342560540195
test_176_b0004,0,0.0,0.0,0.0,0.991280276815237
test_176_b0100,0,0.0,0.0,0.0,0.8894117647046513
test_176_b0101,1927,0.9371688115040697,0.9120825147302943,0.9636741048211538,0.9655363321785945
test_176_b0102,705,0.7734741783992167,0.6596596596530565,0.9347517730363865,0.9465743944623577
test_176_b0103,0,0.0,0.0,0.0,0.890380622836138
test_176_b0104,0,0.0,0.0,0.0,0.9511418685107943
test_176_b0200,0,0.0,0.0,0.0,0.9656747404830925
test_176_b0201,1022,0.8977272727230222,0.8697247706342228,0.927592954981139,0.970103806227031
test_176_b0202,1322,0.9403323262804368,0.9389140271422406,0.9417549167856146,0.9781314878879196
test_176_b0203,0,0.0,0.0,0.0,0.9999999999986159
test_176_b0204,0,0.0,0.0,0.0,0.9849134948083254
test_176_b0300,0,0.0,0.0,0.0,0.9999999999986159
test_176_b0301,867,0.8350383631660164,0.9368723098861281,0.7531718569693983,0.9642906574381117
test_176_b0302,1338,0.9318181818146523,0.9447004608222374,0.9192825112038918,0.9750865051889618
test_176_b0303,794,0.6893819334335232,0.9294871794673186,0.5478589420585912,0.9457439446353693
test_176_b0304,110,0.004282655246160971,0.002801120448100809,0.009090909090082646,0.9356401384070095
test_176_b0400,0,0.0,0.0,0.0,0.9191695501717382
test_176_b0401,828,0.6320132013149174,0.9973958333073595,0.4625603864678435,0.938269896192473
test_176_b0402,921,0.6070623591239139,0.9853658536345032,0.4386536373459429,0.9276124567461209
test_176_b0403,1241,0.5740423098880845,0.9881889763585002,0.4045124899242183,0.8968858131475476
test_176_b0404,849,0.11145510835798292,0.4499999999625,0.06360424028193634,0.8808304498257705
test_176_p0000,0,0.0,0.0,0.0,0.9999999999986159
test_176_p0001,0,0.0,0.0,0.0,0.999999999998632
test_176_p0002,0,0.0,0.0,0.0,0.9991695501716275
test_176_p0003,0,0.0,0.0,0.0,0.9999999999986159
test_176_p0004,0,0.0,0.0,0.0,0.999999999998632
test_176_p0005,0,0.0,0.0,0.0,0.9999999999986159
test_176_p0100,0,0.0,0.0,0.0,0.9965800273584178
test_176_p0101,511,0.7554552294901772,0.61369193153284,0.9823874755189357,0.9560573282842671
test_176_p0102,244,0.8633405639725956,0.9170506912019792,0.8155737704583781,0.9913816689452922
test_176_p0103,0,0.0,0.0,0.0,0.9767441860451754
test_176_p0104,0,0.0,0.0,0.0,0.9826933477542149
test_176_p0105,0,0.0,0.0,0.0,0.999999999998632
test_176_p0200,0,0.0,0.0,0.0,0.8388927335628528
test_176_p0201,365,0.38140082401188113,0.24287856071781952,0.8876712328523926,0.8562243502040271
test_176_p0202,2027,0.9471848530120898,0.9567186713590503,0.9378391711843225,0.9706574394450234
test_176_p0203,213,0.3881773398976534,0.2456359102213761,0.9248826290645594,0.9140484429053093
test_176_p0204,0,0.0,0.0,0.0,0.9232558139522253
test_176_p0205,0,0.0,0.0,0.0,0.9999999999986159
test_176_p0300,0,0.0,0.0,0.0,0.9637370242201194
test_176_p0301,88,0.10752688170886808,0.9999999980000001,0.05681818181172521,0.9886456908331209
test_176_p0302,1767,0.8976470588208894,0.9344764237542286,0.8636106394970934,0.9518339100332847
test_176_p0303,812,0.9415347137579688,0.9313253011935985,0.9519704433380299,0.9867128027668004
test_176_p0304,0,0.0,0.0,0.0,0.999999999998632
test_176_p0305,0,0.0,0.0,0.0,0.9999999999986159
test_176_p0400,0,0.0,0.0,0.0,0.9564979480151075
test_176_p0401,906,0.7046263345145579,0.9919839679159923,0.5463576158880092,0.9438885884249001
test_176_p0402,824,0.7387785136075146,0.9383177569918071,0.6092233009634803,0.9514363885075904
test_176_p0403,1488,0.839150227614419,0.9634146341379495,0.743279569887478,0.9419972640205992
test_176_p0404,1162,0.40055058499380214,0.9999999999656357,0.25043029259681215,0.8822336398041073
test_176_p0405,244,0.0,0.0,0.0,0.9666210670301414
test_176_p0500,0,0.0,0.0,0.0,0.9988927335626313
test_176_p0501,22,0.0,0.0,0.0,0.9969904240752435
test_176_p0502,254,0.0,0.0,0.0,0.964844290656104
test_176_p0503,584,0.0,0.0,0.0,0.9191695501717382
test_176_p0504,399,0.0,0.0,0.0,0.9454172366608133
test_176_p0505,103,0.0,0.0,0.0,0.9857439446353139
test_177_b0000,0,0.0,0.0,0.0,0.9075432525938996
test_177_b0001,0,0.0,0.0,0.0,0.9951557093411831
test_177_b0002,1191,0.7847304210909692,0.7385185185130481,0.8371116708577909,0.9242906574381671
test_177_b0003,78,0.074303405570455,0.04897959183473553,0.15384615382643,0.9586159169536905
test_177_b0004,0,0.0,0.0,0.0,0.9313494809675691
test_177_b0100,0,0.0,0.0,0.0,0.9826989619363561
test_177_b0101,225,0.32432432431994157,0.23300970873333962,0.5333333333096296,0.9307958477495768
test_177_b0102,1632,0.37320099255397915,0.9817232375722788,0.2303921568613334,0.825190311417543
test_177_b0103,1443,0.8319773611572976,0.8497109826528201,0.8149688149631673,0.9342560553620287
test_177_b0104,532,0.14765100670893203,0.6874999998925782,0.0827067669157386,0.9296885813135921
test_177_b0200,0,0.0,0.0,0.0,0.9465743944623577
test_177_b0201,0,0.0,0.0,0.0,0.8539792387531433
test_177_b0202,0,0.0,0.0,0.0,0.9997231833896197
test_177_b0203,68,0.0,0.0,0.0,0.9795155709329003
test_177_b0204,1437,0.7198986058271234,0.9161290322482136,0.5929018789102791,0.90823529411639
test_177_b0300,0,0.0,0.0,0.0,0.9159861591682824
test_177_b0301,0,0.0,0.0,0.0,0.9820069204138657
test_177_b0302,0,0.0,0.0,0.0,0.9991695501716275
test_177_b0303,0,0.0,0.0,0.0,0.9988927335626313
test_177_b0304,975,0.5952552120733627,0.9951923076683847,0.4246153846110296,0.9220761245661978
test_177_b0400,0,0.0,0.0,0.0,0.9999999999986159
test_177_b0401,0,0.0,0.0,0.0,0.9987543252581332
test_177_b0402,0,0.0,0.0,0.0,0.9999999999986159
test_177_b0403,0,0.0,0.0,0.0,0.9999999999986159
test_177_b0404,224,0.0,0.0,0.0,0.9689965397910464
test_177_p0000,0,0.0,0.0,0.0,0.9562629757772232
test_177_p0001,0,0.0,0.0,0.0,0.999999999998632
test_177_p0002,0,0.0,0.0,0.0,0.9999999999986159
test_177_p0003,186,0.27456258411474344,0.18312387791412704,0.5483870967447103,0.9253979238741518
test_177_p0004,0,0.0,0.0,0.0,0.9905608755116408
test_177_p0005,0,0.0,0.0,0.0,0.98961937716126
test_177_p0100,0,0.0,0.0,0.0,0.9714090287264413
test_177_p0101,0,0.0,0.0,0.0,0.9145484045417597
test_177_p0102,1170,0.8666959964766093,0.8930190389764913,0.8418803418731464,0.958549931599236
test_177_p0103,1700,0.7405268855981937,0.9579831932683662,0.6035294117611557,0.9016415868660717
test_177_p0104,0,0.0,0.0,0.0,0.9530827474297552
test_177_p0105,0,0.0,0.0,0.0,0.9813953488358668
test_177_p0200,0,0.0,0.0,0.0,0.9919723183377274
test_177_p0201,0,0.0,0.0,0.0,0.9924760601901608
test_177_p0202,40,0.03091557669404381,0.016229712858723724,0.32499999991875,0.8871972318326821
test_177_p0203,643,0.7328244274747004,0.8059701492386946,0.6718506998340303,0.9564013840817213
test_177_p0204,1888,0.8531587933954093,0.9218942189365198,0.7939618644025744,0.929411764704611
test_177_p0205,824,0.151063829785627,0.6120689654644769,0.08616504854264363,0.8895501730091494
test_177_p0300,0,0.0,0.0,0.0,0.9976470588221485
test_177_p0301,0,0.0,0.0,0.0,0.8231190150467537
test_177_p0302,0,0.0,0.0,0.0,0.9999999999986159
test_177_p0303,0,0.0,0.0,0.0,0.9964013840816659
test_177_p0304,1,0.0,0.0,0.0,0.9993160054705892
test_177_p0305,1347,0.33271490414141797,0.9962962962593964,0.19970304379955678,0.8506574394451895
test_177_p0400,0,0.0,0.0,0.0,0.999999999998632
test_177_p0401,0,0.0,0.0,0.0,0.9789075175757451
test_177_p0402,0,0.0,0.0,0.0,0.999999999998632
test_177_p0403,0,0.0,0.0,0.0,0.9975376196976778
test_177_p0404,0,0.0,0.0,0.0,0.999999999998648
test_177_p0405,673,0.0,0.0,0.0,0.9079343365240657
test_177_p0500,0,0.0,0.0,0.0,0.9999999999986159
test_177_p0501,0,0.0,0.0,0.0,0.9994528043761978
test_177_p0502,0,0.0,0.0,0.0,0.9999999999986159
test_177_p0503,0,0.0,0.0,0.0,0.9999999999986159
test_177_p0504,0,0.0,0.0,0.0,0.999999999998632
test_177_p0505,0,0.0,0.0,0.0,0.9999999999986159
test_178_b0000,0,0.0,0.0,0.0,0.9373010380609864
test_178_b0001,0,0.0,0.0,0.0,0.9999999999986159
test_178_b0002,0,0.0,0.0,0.0,0.9818685121093677
test_178_b0003,0,0.0,0.0,0.0,0.9310726643585729
test_178_b0004,0,0.0,0.0,0.0,0.9934948096872063
test_178_b0100,0,0.0,0.0,0.0,0.948927335638825
test_178_b0101,1528,0.6002644336685753,0.9190283400685691,0.4456806282693346,0.8744636678188589
test_178_b0102,464,0.5461346633348362,0.6479289940636708,0.4719827586105176,0.9496193771613154
test_178_b0103,0,0.0,0.0,0.0,0.9317647058810633
test_178_b0104,0,0.0,0.0,0.0,0.9389619377149634
test_178_b0200,0,0.0,0.0,0.0,0.9086505190298843
test_178_b0201,0,0.0,0.0,0.0,0.9379930795834769
test_178_b0202,0,0.0,0.0,0.0,0.9757785467114523
test_178_b0203,0,0.0,0.0,0.0,0.9999999999986159
test_178_b0204,0,0.0,0.0,0.0,0.9846366781993292
test_178_b0300,0,0.0,0.0,0.0,0.9999999999986159
test_178_b0301,0,0.0,0.0,0.0,0.9970934256041563
test_178_b0302,0,0.0,0.0,0.0,0.9999999999986159
test_178_b0303,0,0.0,0.0,0.0,0.9999999999986159
test_178_b0304,0,0.0,0.0,0.0,0.9817301038048696
test_178_b0400,0,0.0,0.0,0.0,0.9999999999986159
test_178_b0401,0,0.0,0.0,0.0,0.978961937714908
test_178_b0402,0,0.0,0.0,0.0,0.9817301038048696
test_178_b0403,0,0.0,0.0,0.0,0.9984775086491371
test_178_b0404,0,0.0,0.0,0.0,0.9951557093411831
test_178_p0000,0,0.0,0.0,0.0,0.9999999999986159
test_178_p0001,0,0.0,0.0,0.0,0.999999999998632
test_178_p0002,0,0.0,0.0,0.0,0.9999999999986159
test_178_p0003,0,0.0,0.0,0.0,0.9999999999986159
test_178_p0004,0,0.0,0.0,0.0,0.999999999998632
test_178_p0005,0,0.0,0.0,0.0,0.9999999999986159
test_178_p0100,0,0.0,0.0,0.0,0.999999999998632
test_178_p0101,101,0.9368421052138504,0.9999999998876405,0.8811881187246349,0.9983775013507323
test_178_p0102,436,0.6646153846085681,0.6011131725305916,0.7431192660380018,0.9552667578646303
test_178_p0103,0,0.0,0.0,0.0,0.9771545827620012
test_178_p0104,0,0.0,0.0,0.0,0.9476744186033699
test_178_p0105,0,0.0,0.0,0.0,0.999999999998632
test_178_p0200,0,0.0,0.0,0.0,0.9999999999986159
test_178_p0201,663,0.13725490195943868,0.19607843136705663,0.10558069381439546,0.8796169630630922
test_178_p0202,792,0.7594553706447849,0.9471698113028836,0.6338383838303808,0.955986159168227
test_178_p0203,0,0.0,0.0,0.0,0.9637370242201194
test_178_p0204,0,0.0,0.0,0.0,0.973734610121787
test_178_p0205,0,0.0,0.0,0.0,0.9999999999986159
test_178_p0300,0,0.0,0.0,0.0,0.9999999999986159
test_178_p0301,0,0.0,0.0,0.0,0.9086183310521087
test_178_p0302,0,0.0,0.0,0.0,0.9905882352927466
test_178_p0303,0,0.0,0.0,0.0,0.9999999999986159
test_178_p0304,0,0.0,0.0,0.0,0.9964432284528093
test_178_p0305,0,0.0,0.0,0.0,0.9999999999986159
test_178_p0400,0,0.0,0.0,0.0,0.999999999998632
test_178_p0401,0,0.0,0.0,0.0,0.999999999998648
test_178_p0402,0,0.0,0.0,0.0,0.9913816689452922
test_178_p0403,0,0.0,0.0,0.0,0.999999999998632
test_178_p0404,0,0.0,0.0,0.0,0.999999999998648
test_178_p0405,0,0.0,0.0,0.0,0.999999999998632
test_178_p0500,0,0.0,0.0,0.0,0.9999999999986159
test_178_p0501,0,0.0,0.0,0.0,0.999999999998632
test_178_p0502,0,0.0,0.0,0.0,0.9999999999986159
test_178_p0503,0,0.0,0.0,0.0,0.9999999999986159
test_178_p0504,0,0.0,0.0,0.0,0.999999999998632
test_178_p0505,0,0.0,0.0,0.0,0.9999999999986159
test_179_b0000,0,0.0,0.0,0.0,0.9512802768152924
test_179_b0001,823,0.6780870806518339,0.8217993079442595,0.5771567436138864,0.9375778546699826
test_179_b0002,945,0.4554888039297898,0.47065462753419124,0.44126984126517177,0.8620069204140318
test_179_b0003,16,0.0,0.0,0.0,0.985882352939812
test_179_b0004,0,0.0,0.0,0.0,0.9904498269882486
test_179_b0100,345,0.4832826747683642,0.3274974253313337,0.9217391304080655,0.9058823529399227
test_179_b0101,1069,0.930053063188953,0.9601593625402375,0.9017773620121443,0.9799307958463945
test_179_b0102,1237,0.46250604740947027,0.5759036144508928,0.3864187550494227,0.8462283737012509
test_179_b0103,1238,0.3656330749330386,0.9129032257770031,0.22859450726794353,0.864083044981503
test_179_b0104,34,0.27488151657465015,0.1638418079003479,0.8529411762197232,0.97882352941041
test_179_b0200,0,0.0,0.0,0.0,0.975363321797958
test_179_b0201,0,0.0,0.0,0.0,0.9961245674726698
test_179_b0202,506,0.3200589970477872,0.25529411764405535,0.4288537549322361,0.8723875432513877
test_179_b0203,759,0.023437499999694824,0.9999999988888888,0.011857707509725195,0.8961937716250572
test_179_b0204,0,0.0,0.0,0.0,0.9939100346007005
test_179_b0300,0,0.0,0.0,0.0,0.9515570934242885
test_179_b0301,0,0.0,0.0,0.0,0.9999999999986159
test_179_b0302,0,0.0,0.0,0.0,0.9743944636664714
test_179_b0303,38,0.0,0.0,0.0,0.9943252595141947
test_179_b0304,0,0.0,0.0,0.0,0.9999999999986159
test_179_b0400,0,0.0,0.0,0.0,0.994878892732187
test_179_b0401,0,0.0,0.0,0.0,0.9998615916941178
test_179_b0402,0,0.0,0.0,0.0,0.9601384083031693
test_179_b0403,0,0.0,0.0,0.0,0.9999999999986159
test_179_b0404,0,0.0,0.0,0.0,0.9999999999986159
test_179_p0000,0,0.0,0.0,0.0,0.9999999999986159
test_179_p0001,0,0.0,0.0,0.0,0.999999999998632
test_179_p0002,0,0.0,0.0,0.0,0.9999999999986159
test_179_p0003,0,0.0,0.0,0.0,0.9775778546699272
test_179_p0004,0,0.0,0.0,0.0,0.999999999998632
test_179_p0005,0,0.0,0.0,0.0,0.9999999999986159
test_179_p0100,0,0.0,0.0,0.0,0.9953488372079408
test_179_p0101,958,0.7648412333144738,0.6839506172783214,0.8674321503040978,0.9309085992415753
test_179_p0102,2320,0.7754125807204606,0.871037076835728,0.6987068965487125,0.8715458276321867
test_179_p0103,807,0.03536067892478529,0.04118616144907436,0.030978934324275353,0.8134062927485453
test_179_p0104,427,0.6523076922976568,0.9506726456972793,0.49648711942631174,0.9694429421295708
test_179_p0105,0,0.0,0.0,0.0,0.999999999998632
test_179_p0200,0,0.0,0.0,0.0,0.9999999999986159
test_179_p0201,0,0.0,0.0,0.0,0.9184678522559255
test_179_p0202,711,0.7309377738761531,0.9697674418379124,0.5864978902871097,0.9575086505177058
test_179_p0203,1057,0.302558398218562,0.36707152496130807,0.2573320718991738,0.8264359861580257
test_179_p0204,325,0.0,0.0,0.0,0.9554035567702389
test_179_p0205,0,0.0,0.0,0.0,0.9999999999986159
test_179_p0300,0,0.0,0.0,0.0,0.9999999999986159
test_179_p0301,0,0.0,0.0,0.0,0.9911080711340751
test_179_p0302,133,0.7589285713946906,0.9340659339632895,0.6390977443128497,0.9925259515557197
test_179_p0303,177,0.0,0.0,0.0,0.910034602074865
test_179_p0304,223,0.0,0.0,0.0,0.9681258549918357
test_179_p0305,0,0.0,0.0,0.0,0.9999999999986159
test_179_p0400,0,0.0,0.0,0.0,0.999999999998632
test_179_p0401,0,0.0,0.0,0.0,0.953893996753713
test_179_p0402,0,0.0,0.0,0.0,0.9504787961683304
test_179_p0403,0,0.0,0.0,0.0,0.999999999998632
test_179_p0404,0,0.0,0.0,0.0,0.999999999998648
test_179_p0405,0,0.0,0.0,0.0,0.999999999998632
test_179_p0500,0,0.0,0.0,0.0,0.9999999999986159
test_179_p0501,0,0.0,0.0,0.0,0.999999999998632
test_179_p0502,0,0.0,0.0,0.0,0.9999999999986159
test_179_p0503,0,0.0,0.0,0.0,0.9999999999986159
test_179_p0504,0,0.0,0.0,0.0,0.999999999998632
test_179_p0505,0,0.0,0.0,0.0,0.9999999999986159
test_17_b0000,1502,0.7921462423805277,0.8057851239613927,0.7789613848150536,0.9150173010367958
test_17_b0001,1095,0.6100355590651519,0.5376044568207689,0.7050228310437898,0.8633910034590127
test_17_b0002,107,0.844221105485215,0.9130434781616258,0.7850467288985938,0.9957093425591755
test_17_b0003,0,0.0,0.0,0.0,0.9997231833896197
test_17_b0004,0,0.0,0.0,0.0,0.8984083044970265
test_17_b0100,0,0.0,0.0,0.0,0.9669204152235752
test_17_b0101,8,0.0,0.0,0.0,0.9901730103792523
test_17_b0102,679,0.4306651634675235,0.9182692307250832,0.281296023559922,0.9301038062270863
test_17_b0103,0,0.0,0.0,0.0,0.9946020761231908
test_17_b0104,0,0.0,0.0,0.0,0.911695501728842
test_17_b0200,0,0.0,0.0,0.0,0.9999999999986159
test_17_b0201,0,0.0,0.0,0.0,0.9999999999986159
test_17_b0202,577,0.7121057985685442,0.8620689654960081,0.6065857885510124,0.9608304498256598
test_17_b0203,0,0.0,0.0,0.0,0.9999999999986159
test_17_b0204,0,0.0,0.0,0.0,0.9976470588221485
test_17_b0300,0,0.0,0.0,0.0,0.9999999999986159
test_17_b0301,0,0.0,0.0,0.0,0.9897577854657581
test_17_b0302,315,0.5820433436442408,0.5679758307985505,0.59682539680645,0.9626297577841347
test_17_b0303,103,0.0705128205116905,0.04222648752318183,0.21359223298897165,0.9197231833897305
test_17_b0304,0,0.0,0.0,0.0,0.9999999999986159
test_17_b0400,0,0.0,0.0,0.0,0.9757785467114523
test_17_b0401,0,0.0,0.0,0.0,0.9999999999986159
test_17_b0402,0,0.0,0.0,0.0,0.9999999999986159
test_17_b0403,382,0.5014836795177822,0.5787671232678504,0.4424083769517694,0.9534948096872616
test_17_b0404,0,0.0,0.0,0.0,0.9864359861578043
test_17_p0000,28,0.0,0.0,0.0,0.9961245674726698
test_17_p0001,1049,0.4833197721705317,0.4215755855186546,0.5662535748277765,0.8262653898757507
test_17_p0002,72,0.4502617800811381,0.361344537784761,0.5972222221392748,0.9854671280263178
test_17_p0003,0,0.0,0.0,0.0,0.9999999999986159
test_17_p0004,0,0.0,0.0,0.0,0.935704514362605
test_17_p0005,0,0.0,0.0,0.0,0.9991695501716275
test_17_p0100,604,0.0,0.0,0.0,0.8827633378920893
test_17_p0101,369,0.8670694863917361,0.9795221842669105,0.7777777777566998,0.9881016765806002
test_17_p0102,940,0.7349778621079383,0.9063962558360936,0.6180851063764033,0.942681258548642
test_17_p0103,0,0.0,0.0,0.0,0.9818057455526925
test_17_p0104,0,0.0,0.0,0.0,0.9425365062183038
test_17_p0105,0,0.0,0.0,0.0,0.9596443228441045
test_17_p0200,0,0.0,0.0,0.0,0.9999999999986159
test_17_p0201,0,0.0,0.0,0.0,0.999999999998632
test_17_p0202,298,0.6681127982501494,0.9447852760156573,0.5167785234725913,0.97882352941041
test_17_p0203,310,0.0,0.0,0.0,0.9570934256042116
test_17_p0204,0,0.0,0.0,0.0,0.999999999998632
test_17_p0205,0,0.0,0.0,0.0,0.9997231833896197
test_17_p0300,0,0.0,0.0,0.0,0.9999999999986159
test_17_p0301,0,0.0,0.0,0.0,0.994938440491115
test_17_p0302,0,0.0,0.0,0.0,0.977162629756433
test_17_p0303,554,0.6705796038101939,0.5648949320078505,0.8249097472775286,0.9378546712789788
test_17_p0304,0,0.0,0.0,0.0,0.999999999998632
test_17_p0305,0,0.0,0.0,0.0,0.9999999999986159
test_17_p0400,0,0.0,0.0,0.0,0.999999999998632
test_17_p0401,0,0.0,0.0,0.0,0.98080043266498
test_17_p0402,0,0.0,0.0,0.0,0.9994528043761978
test_17_p0403,513,0.312576312572496,0.4183006535811013,0.24951267056043835,0.9229822161410083
test_17_p0404,53,0.0,0.0,0.0,0.9555164954016285
test_17_p0405,0,0.0,0.0,0.0,0.999999999998632
test_17_p0500,0,0.0,0.0,0.0,0.9999999999986159
test_17_p0501,0,0.0,0.0,0.0,0.999999999998632
test_17_p0502,0,0.0,0.0,0.0,0.9999999999986159
test_17_p0503,13,0.0,0.0,0.0,0.998200692040141
test_17_p0504,0,0.0,0.0,0.0,0.999999999998632
test_17_p0505,0,0.0,0.0,0.0,0.9999999999986159
test_180_b0000,471,0.5655589123832897,0.3952702702669319,0.9936305732273114,0.9004844290644977
test_180_b0001,700,0.8067837674088021,0.7003154574058852,0.9514285714149796,0.955847750863729
test_180_b0002,0,0.0,0.0,0.0,0.8705882352929127
test_180_b0003,0,0.0,0.0,0.0,0.9280276816596152
test_180_b0004,0,0.0,0.0,0.0,0.9676124567460656
test_180_b0100,556,0.18211382113525018,0.9491525422120081,0.10071942445862016,0.9303806228360826
test_180_b0101,721,0.7414294015064414,0.63799999999362,0.884882108170806,0.9384083044969711
test_180_b0102,0,0.0,0.0,0.0,0.973564013839483
test_180_b0103,0,0.0,0.0,0.0,0.9999999999986159
test_180_b0104,0,0.0,0.0,0.0,0.9969550172996582
test_180_b0200,0,0.0,0.0,0.0,0.9999999999986159
test_180_b0201,0,0.0,0.0,0.0,0.9999999999986159
test_180_b0202,0,0.0,0.0,0.0,0.9800692041508926
test_180_b0203,0,0.0,0.0,0.0,0.9999999999986159
test_180_b0204,0,0.0,0.0,0.0,0.9999999999986159
test_180_b0300,0,0.0,0.0,0.0,0.9999999999986159
test_180_b0301,0,0.0,0.0,0.0,0.9999999999986159
test_180_b0302,0,0.0,0.0,0.0,0.9999999999986159
test_180_b0303,0,0.0,0.0,0.0,0.9839446366768388
test_180_b0304,0,0.0,0.0,0.0,0.9997231833896197
test_180_b0400,0,0.0,0.0,0.0,0.9904498269882486
test_180_b0401,0,0.0,0.0,0.0,0.9999999999986159
test_180_b0402,0,0.0,0.0,0.0,0.9999999999986159
test_180_b0403,0,0.0,0.0,0.0,0.9995847750851217
test_180_b0404,0,0.0,0.0,0.0,0.9999999999986159
test_180_p0000,0,0.0,0.0,0.0,0.9975086505176505
test_180_p0001,0,0.0,0.0,0.0,0.9938440492462465
test_180_p0002,0,0.0,0.0,0.0,0.9617993079571463
test_180_p0003,0,0.0,0.0,0.0,0.9598615916941732
test_180_p0004,0,0.0,0.0,0.0,0.9589603283160616
test_180_p0005,0,0.0,0.0,0.0,0.9999999999986159
test_180_p0100,0,0.0,0.0,0.0,0.9943912448686807
test_180_p0101,2048,0.8941641938652469,0.9058116232419549,0.8828124999956894,0.9421308815563249
test_180_p0102,405,0.4092485549085636,0.3847826086872873,0.43703703702624597,0.9300957592326538
test_180_p0103,0,0.0,0.0,0.0,0.9268125854980481
test_180_p0104,0,0.0,0.0,0.0,0.9456462952934753
test_180_p0105,0,0.0,0.0,0.0,0.999999999998632
test_180_p0200,0,0.0,0.0,0.0,0.9980622837356429
test_180_p0201,11,0.0,0.0,0.0,0.9842681258536468
test_180_p0202,37,0.0063795853268520004,0.0033898305084171213,0.05405405403944485,0.9137716262963131
test_180_p0203,0,0.0,0.0,0.0,0.9987543252581332
test_180_p0204,0,0.0,0.0,0.0,0.9968536251696349
test_180_p0205,0,0.0,0.0,0.0,0.9999999999986159
test_180_p0300,0,0.0,0.0,0.0,0.9999999999986159
test_180_p0301,0,0.0,0.0,0.0,0.999999999998632
test_180_p0302,0,0.0,0.0,0.0,0.9999999999986159
test_180_p0303,0,0.0,0.0,0.0,0.996539792386164
test_180_p0304,0,0.0,0.0,0.0,0.9953488372079408
test_180_p0305,0,0.0,0.0,0.0,0.9999999999986159
test_180_p0400,0,0.0,0.0,0.0,0.9991792065649806
test_180_p0401,0,0.0,0.0,0.0,0.999999999998648
test_180_p0402,0,0.0,0.0,0.0,0.999999999998632
test_180_p0403,0,0.0,0.0,0.0,0.9998632010930235
test_180_p0404,0,0.0,0.0,0.0,0.999999999998648
test_180_p0405,0,0.0,0.0,0.0,0.999999999998632
test_180_p0500,0,0.0,0.0,0.0,0.9999999999986159
test_180_p0501,0,0.0,0.0,0.0,0.999999999998632
test_180_p0502,0,0.0,0.0,0.0,0.9999999999986159
test_180_p0503,0,0.0,0.0,0.0,0.9999999999986159
test_180_p0504,0,0.0,0.0,0.0,0.999999999998632
test_180_p0505,0,0.0,0.0,0.0,0.9999999999986159
test_181_b0000,0,0.0,0.0,0.0,0.9999999999986159
test_181_b0001,25,0.1012658227805373,0.056603773582235666,0.479999999808,0.9705190311405253
test_181_b0002,0,0.0,0.0,0.0,0.8714186851199012
test_181_b0003,0,0.0,0.0,0.0,0.9957093425591755
test_181_b0004,0,0.0,0.0,0.0,0.9605536332166636
test_181_b0100,254,0.8046421663287303,0.7908745246847576,0.8188976377630355,0.98602076124431
test_181_b0101,1785,0.7450302506460817,0.7669039145861987,0.7243697478951017,0.8775086505178166
test_181_b0102,450,0.43789473683749586,0.41599999999167997,0.4622222222119506,0.9260899653966421
test_181_b0103,0,0.0,0.0,0.0,0.9995847750851217
test_181_b0104,0,0.0,0.0,0.0,0.9784083044969157
test_181_b0200,424,0.2002688172029552,0.14003759398364626,0.35141509433133455,0.8352941176459027
test_181_b0201,1527,0.8730929264879574,0.9277818717691395,0.8244924688878553,0.9493425605523192
test_181_b0202,419,0.6775407779086883,0.7142857142668179,0.6443914080991792,0.9644290657426098
test_181_b0203,699,0.6803571428510683,0.9049881234939433,0.5450643776746057,0.9504498269883039
test_181_b0204,1572,0.27813267813131143,0.6112311014986775,0.18002544529147568,0.7966782006909389
test_181_b0300,0,0.0,0.0,0.0,0.9999999999986159
test_181_b0301,103,0.0,0.0,0.0,0.9814532871958734
test_181_b0302,1621,0.4646464646443313,0.9084380610249831,0.31215299197833346,0.8386159169538566
test_181_b0303,983,0.36794766966175024,0.9374999999609375,0.2288911495398892,0.8930103806216014
test_181_b0304,685,0.23715415019528505,0.3669724770529978,0.1751824817492674,0.8931487889260995
test_181_b0400,0,0.0,0.0,0.0,0.9829757785453523
test_181_b0401,0,0.0,0.0,0.0,0.9991695501716275
test_181_b0402,604,0.40276179516222366,0.6603773584656462,0.2897350993329514,0.9281660899641133
test_181_b0403,744,0.005361930294834291,0.999999995,0.002688172042974621,0.8973010380610418
test_181_b0404,0,0.0,0.0,0.0,0.9999999999986159
test_181_p0000,0,0.0,0.0,0.0,0.9999999999986159
test_181_p0001,0,0.0,0.0,0.0,0.999999999998632
test_181_p0002,0,0.0,0.0,0.0,0.98961937716126
test_181_p0003,0,0.0,0.0,0.0,0.9999999999986159
test_181_p0004,0,0.0,0.0,0.0,0.999999999998632
test_181_p0005,0,0.0,0.0,0.0,0.9999999999986159
test_181_p0100,0,0.0,0.0,0.0,0.999999999998632
test_181_p0101,302,0.9187396351423095,0.9202657807003234,0.9172185430159862,0.9933747971863259
test_181_p0102,588,0.49467858663050374,0.32992617830590615,0.9880952380784337,0.8376196990412618
test_181_p0103,0,0.0,0.0,0.0,0.9766073871395669
test_181_p0104,0,0.0,0.0,0.0,0.9872904272566424
test_181_p0105,0,0.0,0.0,0.0,0.999999999998632
test_181_p0200,0,0.0,0.0,0.0,0.9811764705868773
test_181_p0201,1939,0.649746192891461,0.7716312056682864,0.5611139762735373,0.8395348837197818
test_181_p0202,828,0.8883693746295245,0.8607021517456319,0.9178743961241802,0.973564013839483
test_181_p0203,634,0.856300663221398,0.8035961272364648,0.9164037854745046,0.9730103806214907
test_181_p0204,882,0.663287472840961,0.9178356713242919,0.5192743764113461,0.936388508890648
test_181_p0205,459,0.0,0.0,0.0,0.936470588233998
test_181_p0300,0,0.0,0.0,0.0,0.9999999999986159
test_181_p0301,198,0.23809523808713962,0.3645833332953559,0.1767676767587491,0.9693570451423128
test_181_p0302,1351,0.7649034424820953,0.8836081474211096,0.6743153219787246,0.922491349479692
test_181_p0303,555,0.569999999992875,0.930612244859975,0.4108108108034088,0.952387543251277
test_181_p0304,251,0.0,0.0,0.0,0.9656634746908814
test_181_p0305,561,0.0,0.0,0.0,0.9157093425592863
test_181_p0400,0,0.0,0.0,0.0,0.999999999998632
test_181_p0401,0,0.0,0.0,0.0,0.9925635478623681
test_181_p0402,805,0.6932599724849158,0.7765793528385735,0.6260869565139616,0.9389876880972107
test_181_p0403,1060,0.3074484944508126,0.960396039556416,0.18301886792280173,0.8804377564967436
test_181_p0404,1047,0.030103480714674478,0.999999999375,0.015281757401955285,0.8606003244985659
test_181_p0405,45,0.0,0.0,0.0,0.9938440492462465
test_181_p0500,0,0.0,0.0,0.0,0.9999999999986159
test_181_p0501,0,0.0,0.0,0.0,0.999999999998632
test_181_p0502,204,0.0,0.0,0.0,0.9717647058810079
test_181_p0503,14,0.0,0.0,0.0,0.9980622837356429
test_181_p0504,253,0.0,0.0,0.0,0.9653898768796644
test_181_p0505,0,0.0,0.0,0.0,0.9999999999986159
test_182_b0000,40,0.21428571427933674,0.12162162161751278,0.899999999775,0.9634602076111233
test_182_b0001,811,0.756195965413509,0.7099567099490265,0.80887792847338,0.9414532871959288
test_182_b0002,0,0.0,0.0,0.0,0.9345328719710249
test_182_b0003,0,0.0,0.0,0.0,0.9667820069190771
test_182_b0004,0,0.0,0.0,0.0,0.9999999999986159
test_182_b0100,0,0.0,0.0,0.0,0.9375778546699826
test_182_b0101,101,0.0,0.0,0.0,0.98602076124431
test_182_b0102,921,0.33968516983977065,0.7167832167581544,0.22258414766316412,0.8896885813136475
test_182_b0103,0,0.0,0.0,0.0,0.9999999999986159
test_182_b0104,0,0.0,0.0,0.0,0.9999999999986159
test_182_b0200,0,0.0,0.0,0.0,0.9999999999986159
test_182_b0201,0,0.0,0.0,0.0,0.9999999999986159
test_182_b0202,1095,0.7192575405990763,0.9856915739111972,0.5662100456569297,0.9330103806215461
test_182_b0203,193,0.0,0.0,0.0,0.9732871972304868
test_182_b0204,0,0.0,0.0,0.0,0.9999999999986159
test_182_b0300,0,0.0,0.0,0.0,0.9990311418671294
test_182_b0301,0,0.0,0.0,0.0,0.9999999999986159
test_182_b0302,31,0.2358974358853386,0.14024390243047294,0.7419354836316336,0.9793771626284022
test_182_b0303,0,0.0,0.0,0.0,0.9999999999986159
test_182_b0304,0,0.0,0.0,0.0,0.9999999999986159
test_182_b0400,0,0.0,0.0,0.0,0.9999999999986159
test_182_b0401,0,0.0,0.0,0.0,0.9999999999986159
test_182_b0402,0,0.0,0.0,0.0,0.9999999999986159
test_182_b0403,0,0.0,0.0,0.0,0.9999999999986159
test_182_b0404,0,0.0,0.0,0.0,0.9999999999986159
test_182_p0000,0,0.0,0.0,0.0,0.9999999999986159
test_182_p0001,0,0.0,0.0,0.0,0.999999999998632
test_182_p0002,0,0.0,0.0,0.0,0.9921107266422254
test_182_p0003,0,0.0,0.0,0.0,0.9998615916941178
test_182_p0004,0,0.0,0.0,0.0,0.999999999998632
test_182_p0005,0,0.0,0.0,0.0,0.9999999999986159
test_182_p0100,0,0.0,0.0,0.0,0.939534883719645
test_182_p0101,523,0.5394932935876342,0.44200244199704514,0.6921606118414501,0.9164413196309945
test_182_p0102,992,0.40502978159890785,0.5895953757111831,0.3084677419323743,0.8770177838565294
test_182_p0103,0,0.0,0.0,0.0,0.9471956224337248
test_182_p0104,0,0.0,0.0,0.0,0.9881016765806002
test_182_p0105,0,0.0,0.0,0.0,0.999999999998632
test_182_p0200,0,0.0,0.0,0.0,0.9999999999986159
test_182_p0201,0,0.0,0.0,0.0,0.999999999998632
test_182_p0202,50,0.0,0.0,0.0,0.993079584773712
test_182_p0203,994,0.6215846994493062,0.9680851063623811,0.45774647886863434,0.9233217993066806
test_182_p0204,0,0.0,0.0,0.0,0.999999999998632
test_182_p0205,0,0.0,0.0,0.0,0.9999999999986159
test_182_p0300,0,0.0,0.0,0.0,0.9999999999986159
test_182_p0301,0,0.0,0.0,0.0,0.999999999998632
test_182_p0302,0,0.0,0.0,0.0,0.9999999999986159
test_182_p0303,654,0.6358078602564559,0.7413441955042496,0.5565749235388903,0.9422837370229172
test_182_p0304,0,0.0,0.0,0.0,0.999999999998632
test_182_p0305,0,0.0,0.0,0.0,0.9999999999986159
test_182_p0400,0,0.0,0.0,0.0,0.999999999998632
test_182_p0401,0,0.0,0.0,0.0,0.999999999998648
test_182_p0402,0,0.0,0.0,0.0,0.9905608755116408
test_182_p0403,0,0.0,0.0,0.0,0.999999999998632
test_182_p0404,0,0.0,0.0,0.0,0.999999999998648
test_182_p0405,0,0.0,0.0,0.0,0.999999999998632
test_182_p0500,0,0.0,0.0,0.0,0.9980622837356429
test_182_p0501,0,0.0,0.0,0.0,0.999999999998632
test_182_p0502,0,0.0,0.0,0.0,0.9999999999986159
test_182_p0503,0,0.0,0.0,0.0,0.9999999999986159
test_182_p0504,0,0.0,0.0,0.0,0.999999999998632
test_182_p0505,0,0.0,0.0,0.0,0.9999999999986159
test_183_b0000,1281,0.675829383883053,0.8600723763466819,0.5565964090510804,0.9053287197219304
test_183_b0001,1579,0.9318925998659728,0.9647457627053239,0.9012032932178519,0.9712110726630157
test_183_b0002,9,0.01240035429572719,0.006249999999944197,0.7777777769135802,0.8456747404832586
test_183_b0003,0,0.0,0.0,0.0,0.9450519031128788
test_183_b0004,0,0.0,0.0,0.0,0.9737024221439811
test_183_b0100,1288,0.8896377422034978,0.9723756905987812,0.8198757763911501,0.9637370242201194
test_183_b0101,581,0.9259259259177609,0.9493670885904274,0.9036144578157725,0.9883737024207774
test_183_b0102,779,0.8176470588175173,0.9569707400867992,0.7137355583990534,0.9656747404830925
test_183_b0103,181,0.7611111110899691,0.7653631284488623,0.7569060773062483,0.9880968858117812
test_183_b0104,0,0.0,0.0,0.0,0.9986159169536352
test_183_b0200,856,0.38873239436254714,0.9904306219621803,0.24182242990371702,0.9098961937703669
test_183_b0201,1200,0.6067665002739503,0.9071310115935799,0.45583333332953474,0.9018685121094784
test_183_b0202,191,0.6593406593285835,0.5070422535068438,0.94240837691401,0.9742560553619733
test_183_b0203,1291,0.4360993337344876,0.9999999999722222,0.27885360185686403,0.871141868510905
test_183_b0204,404,0.21052631578485687,0.9230769228994082,0.11881188118517792,0.9501730103793077
test_183_b0300,408,0.5162454873553024,0.9794520547274347,0.35049019606984094,0.962906574393131
test_183_b0301,513,0.4999999999935567,0.7376425855232835,0.3781676413181644,0.9462975778533615
test_183_b0302,675,0.3742690058435758,0.8888888888395061,0.23703703703352538,0.925951557092144
test_183_b0303,360,0.17577197149226195,0.6065573769497447,0.10277777777492283,0.9519723183377827
test_183_b0304,0,0.0,0.0,0.0,0.9952941176456813
test_183_b0400,0,0.0,0.0,0.0,0.9999999999986159
test_183_b0401,0,0.0,0.0,0.0,0.9792387543239042
test_183_b0402,0,0.0,0.0,0.0,0.9914186851197351
test_183_b0403,0,0.0,0.0,0.0,0.9999999999986159
test_183_b0404,0,0.0,0.0,0.0,0.9898961937702562
test_183_p0000,0,0.0,0.0,0.0,0.9999999999986159
test_183_p0001,326,0.9373040752204184,0.9583333333026175,0.9171779140822951,0.9945280437742893
test_183_p0002,520,0.5960737656121591,0.4315245477999008,0.9634615384430103,0.9060207612444208
test_183_p0003,0,0.0,0.0,0.0,0.9035294117634554
test_183_p0004,0,0.0,0.0,0.0,0.9993160054705892
test_183_p0005,0,0.0,0.0,0.0,0.9999999999986159
test_183_p0100,860,0.6102889358660304,0.7745974955138712,0.5034883720871688,0.9243502051970939
test_183_p0101,1932,0.7599111956842376,0.9811629811549455,0.6200828157317801,0.8976473769593055
test_183_p0102,617,0.8578088578021927,0.8238805970026286,0.8946515396937658,0.9749658002722641
test_183_p0103,0,0.0,0.0,0.0,0.999999999998632
test_183_p0104,0,0.0,0.0,0.0,0.999999999998648
test_183_p0105,0,0.0,0.0,0.0,0.999999999998632
test_183_p0200,5,0.0,0.0,0.0,0.9993079584761255
test_183_p0201,1556,0.5722021660623998,0.960606060591506,0.40745501285085184,0.8703146374817096
test_183_p0202,207,0.6688102893675624,0.9999999999038462,0.5024154589129267,0.9857439446353139
test_183_p0203,1052,0.7080890972994837,0.9235474005974993,0.5741444866865576,0.9310726643585729
test_183_p0204,850,0.5906148867266132,0.9455958548977824,0.4294117647008304,0.9307797537606967
test_183_p0205,6,0.0,0.0,0.0,0.9991695501716275
test_183_p0300,15,0.0,0.0,0.0,0.9979238754311448
test_183_p0301,1473,0.5797988631369488,0.8144963144863084,0.4501018329908344,0.8685362517087982
test_183_p0302,787,0.7562408223145651,0.8956521738974669,0.6543837356968948,0.9540484429052539
test_183_p0303,501,0.015503875968691785,0.26666666648888887,0.007984031935968382,0.9296885813135921
test_183_p0304,556,0.22929936305367357,0.9999999998611112,0.12949640287536876,0.9337893296840851
test_183_p0305,15,0.0,0.0,0.0,0.9979238754311448
test_183_p0400,0,0.0,0.0,0.0,0.999999999998632
test_183_p0401,37,0.0,0.0,0.0,0.9949972958342415
test_183_p0402,385,0.0,0.0,0.0,0.9291381668933938
test_183_p0403,0,0.0,0.0,0.0,0.9964432284528093
test_183_p0404,0,0.0,0.0,0.0,0.9587614926974598
test_183_p0405,0,0.0,0.0,0.0,0.999999999998632
test_183_p0500,0,0.0,0.0,0.0,0.9999999999986159
test_183_p0501,0,0.0,0.0,0.0,0.999999999998632
test_183_p0502,0,0.0,0.0,0.0,0.9999999999986159
test_183_p0503,0,0.0,0.0,0.0,0.9999999999986159
test_183_p0504,0,0.0,0.0,0.0,0.999999999998632
test_183_p0505,0,0.0,0.0,0.0,0.9999999999986159
test_184_b0000,1292,0.5781309118404158,0.5655070318240896,0.5913312693452684,0.8456747404832586
test_184_b0001,1896,0.7211431123002431,0.6252419667029607,0.8517932489406551,0.8271280276805161
test_184_b0002,157,0.48208469054589437,0.32385120349400764,0.9426751591756257,0.955986159168227
test_184_b0003,0,0.0,0.0,0.0,0.9738408304484791
test_184_b0004,0,0.0,0.0,0.0,0.9999999999986159
test_184_b0100,178,0.23831347387499258,0.14238773274761898,0.7303370786106552,0.8849826989607128
test_184_b0101,52,0.0,0.0,0.0,0.9928027681647159
test_184_b0102,1829,0.9121495327078447,0.8914405010391888,0.9338436303940195,0.9544636678187481
test_184_b0103,989,0.9010466222602235,0.8508535489591119,0.9575328614665568,0.9712110726630157
test_184_b0104,244,0.8387096774000297,0.9578947367916897,0.7459016393136926,0.9903114186837505
test_184_b0200,0,0.0,0.0,0.0,0.9984775086491371
test_184_b0201,0,0.0,0.0,0.0,0.9999999999986159
test_184_b0202,0,0.0,0.0,0.0,0.9914186851197351
test_184_b0203,1121,0.9361514751169698,0.9243478260789189,0.9482604817042976,0.9799307958463945
test_184_b0204,779,0.9162087912024987,0.9852289512409863,0.856225930669368,0.9831141868498504
test_184_b0300,0,0.0,0.0,0.0,0.9999999999986159
test_184_b0301,0,0.0,0.0,0.0,0.9999999999986159
test_184_b0302,0,0.0,0.0,0.0,0.9999999999986159
test_184_b0303,665,0.9151234567830624,0.9397781299375629,0.8917293232948612,0.9847750865038273
test_184_b0304,231,0.9216589861538788,0.9852216748283141,0.8658008657633852,0.9952941176456813
test_184_b0400,0,0.0,0.0,0.0,0.9999999999986159
test_184_b0401,0,0.0,0.0,0.0,0.9999999999986159
test_184_b0402,0,0.0,0.0,0.0,0.9999999999986159
test_184_b0403,0,0.0,0.0,0.0,0.9999999999986159
test_184_b0404,913,0.7034574468038335,0.8950930625906075,0.5794085432576187,0.938269896192473
test_184_p0000,0,0.0,0.0,0.0,0.9075432525938996
test_184_p0001,0,0.0,0.0,0.0,0.8976744186034231
test_184_p0002,0,0.0,0.0,0.0,0.9604152249121656
test_184_p0003,0,0.0,0.0,0.0,0.9999999999986159
test_184_p0004,0,0.0,0.0,0.0,0.999999999998632
test_184_p0005,0,0.0,0.0,0.0,0.9999999999986159
test_184_p0100,210,0.3458333333297309,0.22133333333038221,0.7904761904385488,0.9140902872764514
test_184_p0101,2379,0.5935119887148279,0.9022298456183343,0.4422026061351736,0.8051649540281164
test_184_p0102,1783,0.9479574706185004,0.9458403126692025,0.9500841278690405,0.9745554035554383
test_184_p0103,872,0.9288214702396219,0.94536817101015,0.9128440366867793,0.9833105335143867
test_184_p0104,0,0.0,0.0,0.0,0.9998647917779883
test_184_p0105,0,0.0,0.0,0.0,0.999999999998632
test_184_p0200,0,0.0,0.0,0.0,0.8437370242202855
test_184_p0201,0,0.0,0.0,0.0,0.999999999998632
test_184_p0202,0,0.0,0.0,0.0,0.9995847750851217
test_184_p0203,1364,0.8749096167719634,0.8630527817342151,0.8870967741870448,0.9521107266422808
test_184_p0204,1024,0.9078630004780133,0.8970448045672351,0.9189453124910261,0.9738714090273956
test_184_p0205,1278,0.6063829787201789,0.9468438538048697,0.4460093896678716,0.8975778546700379
test_184_p0300,0,0.0,0.0,0.0,0.9936332179917043
test_184_p0301,0,0.0,0.0,0.0,0.999999999998632
test_184_p0302,0,0.0,0.0,0.0,0.9999999999986159
test_184_p0303,0,0.0,0.0,0.0,0.9999999999986159
test_184_p0304,930,0.93119503362167,0.8973080757637357,0.9677419354734651,0.9818057455526925
test_184_p0305,0,0.0,0.0,0.0,0.9997231833896197
test_184_p0400,0,0.0,0.0,0.0,0.9986320109425464
test_184_p0401,0,0.0,0.0,0.0,0.999999999998648
test_184_p0402,0,0.0,0.0,0.0,0.999999999998632
test_184_p0403,0,0.0,0.0,0.0,0.999999999998632
test_184_p0404,886,0.8926096997638996,0.9137115839135495,0.8724604966041483,0.9748512709559561
test_184_p0405,0,0.0,0.0,0.0,0.9950752393967236
test_184_p0500,0,0.0,0.0,0.0,0.9999999999986159
test_184_p0501,0,0.0,0.0,0.0,0.999999999998632
test_184_p0502,0,0.0,0.0,0.0,0.9999999999986159
test_184_p0503,0,0.0,0.0,0.0,0.9999999999986159
test_184_p0504,303,0.0,0.0,0.0,0.958549931599236
test_184_p0505,610,0.0,0.0,0.0,0.9155709342547882
test_185_b0000,18,0.0352941176466436,0.01802884615362946,0.8333333328703704,0.8865051903101917
test_185_b0001,784,0.8876117496750472,0.8887468030576886,0.8864795918254276,0.9756401384069542
test_185_b0002,842,0.9093941078326326,0.8547544409524059,0.9714964370430939,0.9774394463654291
test_185_b0003,1220,0.8293595137876141,0.9651795429709992,0.7270491803219095,0.9494809688568173
test_185_b0004,0,0.0,0.0,0.0,0.9838062283723408
test_185_b0100,0,0.0,0.0,0.0,0.9820069204138657
test_185_b0101,0,0.0,0.0,0.0,0.9999999999986159
test_185_b0102,0,0.0,0.0,0.0,0.9999999999986159
test_185_b0103,206,0.0,0.0,0.0,0.9714878892720118
test_185_b0104,845,0.9266789895198603,0.9665809768513293,0.889940828391835,0.9835294117633446
test_185_b0200,0,0.0,0.0,0.0,0.9898961937702562
test_185_b0201,0,0.0,0.0,0.0,0.9998615916941178
test_185_b0202,0,0.0,0.0,0.0,0.9836678200678427
test_185_b0203,0,0.0,0.0,0.0,0.9975086505176505
test_185_b0204,770,0.6946264744384363,0.7010582010489278,0.6883116883027492,0.9355017301025115
test_185_b0300,0,0.0,0.0,0.0,0.9988927335626313
test_185_b0301,0,0.0,0.0,0.0,0.98961937716126
test_185_b0302,0,0.0,0.0,0.0,0.98961937716126
test_185_b0303,0,0.0,0.0,0.0,0.9964013840816659
test_185_b0304,543,0.9080675422053653,0.9254302103073532,0.8913443830406751,0.9864359861578043
test_185_b0400,0,0.0,0.0,0.0,0.9892041522477658
test_185_b0401,0,0.0,0.0,0.0,0.9916955017287312
test_185_b0402,0,0.0,0.0,0.0,0.9999999999986159
test_185_b0403,0,0.0,0.0,0.0,0.9999999999986159
test_185_b0404,0,0.0,0.0,0.0,0.9979238754311448
test_185_p0000,0,0.0,0.0,0.0,0.9903114186837505
test_185_p0001,883,0.6245120999194984,0.47647409171842486,0.906002264995402,0.8683994528031896
test_185_p0002,976,0.5976627712829814,0.5042253521091252,0.7336065573695327,0.8665743944624684
test_185_p0003,1275,0.9085365853623912,0.883617494433776,0.9349019607769813,0.9667820069190771
test_185_p0004,0,0.0,0.0,0.0,0.9887824897387294
test_185_p0005,0,0.0,0.0,0.0,0.9999999999986159
test_185_p0100,0,0.0,0.0,0.0,0.9083447332408915
test_185_p0101,0,0.0,0.0,0.0,0.9568685776082249
test_185_p0102,0,0.0,0.0,0.0,0.9983584131313292
test_185_p0103,99,0.8223350253389677,0.8265306121605581,0.8181818180991736,0.9952120383023322
test_185_p0104,955,0.6001386001344412,0.8872950819490308,0.4534031413565089,0.9219848566780395
test_185_p0105,0,0.0,0.0,0.0,0.999999999998632
test_185_p0200,0,0.0,0.0,0.0,0.9999999999986159
test_185_p0201,0,0.0,0.0,0.0,0.9782489740068697
test_185_p0202,0,0.0,0.0,0.0,0.9999999999986159
test_185_p0203,0,0.0,0.0,0.0,0.9977854671266467
test_185_p0204,889,0.8637499999946017,0.9718706047683281,0.7772778402612229,0.9701778385759642
test_185_p0205,0,0.0,0.0,0.0,0.9999999999986159
test_185_p0300,0,0.0,0.0,0.0,0.9999999999986159
test_185_p0301,0,0.0,0.0,0.0,0.975923392611524
test_185_p0302,0,0.0,0.0,0.0,0.9897577854657581
test_185_p0303,0,0.0,0.0,0.0,0.9975086505176505
test_185_p0304,182,0.628336755633915,0.5016393442458479,0.8406593406131505,0.9752393980834813
test_185_p0305,683,0.2620865139915765,0.9999999999029127,0.15080527086162804,0.9197231833897305
test_185_p0400,0,0.0,0.0,0.0,0.999999999998632
test_185_p0401,0,0.0,0.0,0.0,0.9268523526217863
test_185_p0402,0,0.0,0.0,0.0,0.9849521203816896
test_185_p0403,0,0.0,0.0,0.0,0.999999999998632
test_185_p0404,0,0.0,0.0,0.0,0.9902650081111544
test_185_p0405,897,0.17682926829088588,0.9999999998850575,0.09698996655410268,0.8891928864556919
test_185_p0500,0,0.0,0.0,0.0,0.9999999999986159
test_185_p0501,0,0.0,0.0,0.0,0.999999999998632
test_185_p0502,0,0.0,0.0,0.0,0.9999999999986159
test_185_p0503,0,0.0,0.0,0.0,0.9999999999986159
test_185_p0504,0,0.0,0.0,0.0,0.999999999998632
test_185_p0505,7,0.0,0.0,0.0,0.9990311418671294
test_186_b0000,0,0.0,0.0,0.0,0.906435986157915
test_186_b0001,1270,0.9086809470089866,0.8691588784984245,0.9519685039295122,0.9663667820055829
test_186_b0002,776,0.9020356234039312,0.8907035175767499,0.913659793802659,0.9786851211059119
test_186_b0003,0,0.0,0.0,0.0,0.9739792387529772
test_186_b0004,0,0.0,0.0,0.0,0.9539100346007559
test_186_b0100,0,0.0,0.0,0.0,0.8898269896181455
test_186_b0101,0,0.0,0.0,0.0,0.9685813148775522
test_186_b0102,1189,0.9081214109888921,0.8863090472306941,0.9310344827507904,0.9689965397910464
test_186_b0103,0,0.0,0.0,0.0,0.9155709342547882
test_186_b0104,0,0.0,0.0,0.0,0.9999999999986159
test_186_b0200,0,0.0,0.0,0.0,0.8906574394451341
test_186_b0201,136,0.763888888862365,0.7236842104787049,0.8088235293522923,0.9905882352927466
test_186_b0202,892,0.9231607629377485,0.8981972428324687,0.9495515694960812,0.9804844290643869
test_186_b0203,0,0.0,0.0,0.0,0.9512802768152924
test_186_b0204,0,0.0,0.0,0.0,0.9892041522477658
test_186_b0300,0,0.0,0.0,0.0,0.9573702422132078
test_186_b0301,896,0.3948811700164768,0.3343653250748114,0.48214285713747607,0.8167474048431602
test_186_b0302,8,0.0,0.0,0.0,0.8921799307946129
test_186_b0303,0,0.0,0.0,0.0,0.985882352939812
test_186_b0304,0,0.0,0.0,0.0,0.9731487889259888
test_186_b0400,0,0.0,0.0,0.0,0.9811764705868773
test_186_b0401,0,0.0,0.0,0.0,0.9950173010366851
test_186_b0402,0,0.0,0.0,0.0,0.9835294117633446
test_186_b0403,0,0.0,0.0,0.0,0.9999999999986159
test_186_b0404,0,0.0,0.0,0.0,0.9999999999986159
test_186_p0000,0,0.0,0.0,0.0,0.9999999999986159
test_186_p0001,0,0.0,0.0,0.0,0.999999999998632
test_186_p0002,669,0.8965517241307415,0.9671280276649286,0.8355754857872111,0.9821453287183638
test_186_p0003,147,0.8700906344148008,0.7826086956096407,0.9795918366680549,0.9940484429051986
test_186_p0004,0,0.0,0.0,0.0,0.999999999998632
test_186_p0005,0,0.0,0.0,0.0,0.9999999999986159
test_186_p0100,0,0.0,0.0,0.0,0.999999999998632
test_186_p0101,219,0.3762200532353486,0.23348017620888237,0.9680365296361627,0.9049486208749257
test_186_p0102,1349,0.9264816204016262,0.9377372816937151,0.9154929577396925,0.9731874144993528
test_186_p0103,310,0.767045454534559,0.685279187799866,0.8709677419073881,0.9775649794788269
test_186_p0104,0,0.0,0.0,0.0,0.999999999998648
test_186_p0105,0,0.0,0.0,0.0,0.999999999998632
test_186_p0200,0,0.0,0.0,0.0,0.9853287197218197
test_186_p0201,0,0.0,0.0,0.0,0.9615595075226244
test_186_p0202,392,0.902829028279178,0.8717339667251369,0.9362244897720351,0.9890657439432677
test_186_p0203,702,0.7699265121494069,0.638238050603203,0.9700854700716512,0.9436678200678981
test_186_p0204,0,0.0,0.0,0.0,0.9600547195609301
test_186_p0205,0,0.0,0.0,0.0,0.9999999999986159
test_186_p0300,0,0.0,0.0,0.0,0.9999999999986159
test_186_p0301,121,0.18432203389635252,0.10571081409349076,0.7190082644033878,0.8946648426800347
test_186_p0302,1126,0.6249999999972492,0.619546247813093,0.6305506216640271,0.8820761245662532
test_186_p0303,0,0.0,0.0,0.0,0.9867128027668004
test_186_p0304,0,0.0,0.0,0.0,0.9652530779740558
test_186_p0305,0,0.0,0.0,0.0,0.9999999999986159
test_186_p0400,0,0.0,0.0,0.0,0.999999999998632
test_186_p0401,142,0.5637982195678398,0.4871794871545036,0.6690140844599285,0.9801243915616819
test_186_p0402,0,0.0,0.0,0.0,0.9268125854980481
test_186_p0403,0,0.0,0.0,0.0,0.9560875512982817
test_186_p0404,0,0.0,0.0,0.0,0.9979718766887534
test_186_p0405,0,0.0,0.0,0.0,0.999999999998632
test_186_p0500,0,0.0,0.0,0.0,0.9999999999986159
test_186_p0501,0,0.0,0.0,0.0,0.999999999998632
test_186_p0502,0,0.0,0.0,0.0,0.9999999999986159
test_186_p0503,0,0.0,0.0,0.0,0.9999999999986159
test_186_p0504,0,0.0,0.0,0.0,0.999999999998632
test_186_p0505,0,0.0,0.0,0.0,0.9999999999986159
test_187_b0000,1572,0.8138169257312131,0.8904006046795889,0.7493638676797115,0.9253979238741518
test_187_b0001,1231,0.9414047341833861,0.9011887072741368,0.9853777416654316,0.9791003460194061
test_187_b0002,824,0.583072100309824,0.6031128404591036,0.564320388342666,0.9079584775073939
test_187_b0003,499,0.5505154639118504,0.5668789808796841,0.5350701402698382,0.9396539792374538
test_187_b0004,0,0.0,0.0,0.0,0.9656747404830925
test_187_b0100,803,0.8627671541008843,0.7866666666585983,0.9551681195397862,0.9662283737010848
test_187_b0101,0,0.0,0.0,0.0,0.9831141868498504
test_187_b0102,0,0.0,0.0,0.0,0.9821453287183638
test_187_b0103,439,0.003976143141074033,0.015624999997558595,0.0022779043279663345,0.9306574394450787
test_187_b0104,395,0.4559193954602529,0.4536340852016633,0.4582278480896651,0.940207612455446
test_187_b0200,0,0.0,0.0,0.0,0.9999999999986159
test_187_b0201,0,0.0,0.0,0.0,0.9999999999986159
test_187_b0202,0,0.0,0.0,0.0,0.9999999999986159
test_187_b0203,0,0.0,0.0,0.0,0.9999999999986159
test_187_b0204,735,0.5291536050123564,0.49069767441289885,0.574149659856134,0.8960553633205591
test_187_b0300,0,0.0,0.0,0.0,0.970103806227031
test_187_b0301,0,0.0,0.0,0.0,0.9550173010367404
test_187_b0302,0,0.0,0.0,0.0,0.9977854671266467
test_187_b0303,0,0.0,0.0,0.0,0.9999999999986159
test_187_b0304,289,0.0,0.0,0.0,0.9265051903101363
test_187_b0400,0,0.0,0.0,0.0,0.9999999999986159
test_187_b0401,0,0.0,0.0,0.0,0.9999999999986159
test_187_b0402,0,0.0,0.0,0.0,0.9999999999986159
test_187_b0403,0,0.0,0.0,0.0,0.9999999999986159
test_187_b0404,0,0.0,0.0,0.0,0.9969550172996582
test_187_p0000,426,0.56992481202579,0.41924778760598175,0.8896713614814631,0.9208304498257152
test_187_p0001,927,0.5118326912464952,0.5224719101064891,0.5016181229719351,0.8786593707238323
test_187_p0002,1211,0.3527027027003196,0.970260223012258,0.21552436003125086,0.8674048442894569
test_187_p0003,73,0.13924050632617635,0.0822942643370999,0.4520547944586227,0.9435294117634
test_187_p0004,0,0.0,0.0,0.0,0.977838577290044
test_187_p0005,0,0.0,0.0,0.0,0.9999999999986159
test_187_p0100,1344,0.5274261603356982,0.4999999999966667,0.5580357142815623,0.8161422708607167
test_187_p0101,1019,0.9396426846888477,0.9249049429569877,0.9548577036216402,0.9830989724161938
test_187_p0102,103,0.0,0.0,0.0,0.9785225718180869
test_187_p0103,797,0.8210116731464266,0.8496644295187964,0.7942283563262957,0.9622435020506672
test_187_p0104,519,0.5099206349155762,0.5255623721773913,0.49518304430645116,0.9332071389927891
test_187_p0105,0,0.0,0.0,0.0,0.999999999998632
test_187_p0200,18,0.04183006535893032,0.021419009370529866,0.8888888883950616,0.8985467128015245
test_187_p0201,0,0.0,0.0,0.0,0.999999999998632
test_187_p0202,0,0.0,0.0,0.0,0.9999999999986159
test_187_p0203,0,0.0,0.0,0.0,0.9999999999986159
test_187_p0204,604,0.7966417910373449,0.9123931623736667,0.7069536423724014,0.9701778385759642
test_187_p0205,180,0.0,0.0,0.0,0.9738408304484791
test_187_p0300,0,0.0,0.0,0.0,0.9999999999986159
test_187_p0301,0,0.0,0.0,0.0,0.9454172366608133
test_187_p0302,0,0.0,0.0,0.0,0.9764705882339426
test_187_p0303,0,0.0,0.0,0.0,0.9999999999986159
test_187_p0304,0,0.0,0.0,0.0,0.9871409028714266
test_187_p0305,564,0.0,0.0,0.0,0.9219377162616997
test_187_p0400,0,0.0,0.0,0.0,0.999999999998632
test_187_p0401,0,0.0,0.0,0.0,0.9991887506746902
test_187_p0402,0,0.0,0.0,0.0,0.999999999998632
test_187_p0403,0,0.0,0.0,0.0,0.999999999998632
test_187_p0404,0,0.0,0.0,0.0,0.9990535424540306
test_187_p0405,38,0.0,0.0,0.0,0.9948016415855064
test_187_p0500,0,0.0,0.0,0.0,0.9999999999986159
test_187_p0501,0,0.0,0.0,0.0,0.999999999998632
test_187_p0502,0,0.0,0.0,0.0,0.9999999999986159
test_187_p0503,0,0.0,0.0,0.0,0.9999999999986159
test_187_p0504,0,0.0,0.0,0.0,0.999999999998632
test_187_p0505,0,0.0,0.0,0.0,0.9999999999986159
test_188_b0000,177,0.9065155807108636,0.9090909090392562,0.9039548022088161,0.9954325259501794
test_188_b0001,818,0.8367768594998101,0.7245080500829651,0.9902200488876501,0.9562629757772232
test_188_b0002,0,0.0,0.0,0.0,0.98961937716126
test_188_b0003,0,0.0,0.0,0.0,0.9198615916942285
test_188_b0004,0,0.0,0.0,0.0,0.9998615916941178
test_188_b0100,1170,0.43899948953323636,0.5449936628574779,0.36752136751822634,0.8478892733552279
test_188_b0101,268,0.3499005964145149,0.37446808509044816,0.3283582089429717,0.9547404844277443
test_188_b0102,0,0.0,0.0,0.0,0.9999999999986159
test_188_b0103,0,0.0,0.0,0.0,0.9684429065730541
test_188_b0104,0,0.0,0.0,0.0,0.9536332179917597
test_188_b0200,6,0.0,0.0,0.0,0.9688581314865483
test_188_b0201,987,0.2151675484996169,0.2563025210048137,0.18541033434462603,0.8152249134936813
test_188_b0202,0,0.0,0.0,0.0,0.9946020761231908
test_188_b0203,0,0.0,0.0,0.0,0.9999999999986159
test_188_b0204,0,0.0,0.0,0.0,0.9811764705868773
test_188_b0300,956,0.4997295835559777,0.5173572228385515,0.4832635983213048,0.8719723183378935
test_188_b0301,121,0.21378621378407806,0.12159090908952737,0.8842975205880746,0.8910726643586283
test_188_b0302,0,0.0,0.0,0.0,0.9038062283724515
test_188_b0303,0,0.0,0.0,0.0,0.9486505190298289
test_188_b0304,0,0.0,0.0,0.0,0.9662283737010848
test_188_b0400,78,0.6290322580391519,0.45882352938477505,0.999999999871795,0.9872664359847927
test_188_b0401,0,0.0,0.0,0.0,0.9987543252581332
test_188_b0402,0,0.0,0.0,0.0,0.9937716262962024
test_188_b0403,0,0.0,0.0,0.0,0.9817301038048696
test_188_b0404,0,0.0,0.0,0.0,0.9990311418671294
test_188_p0000,0,0.0,0.0,0.0,0.9999999999986159
test_188_p0001,0,0.0,0.0,0.0,0.999999999998632
test_188_p0002,0,0.0,0.0,0.0,0.9999999999986159
test_188_p0003,0,0.0,0.0,0.0,0.9763321799294445
test_188_p0004,0,0.0,0.0,0.0,0.999999999998632
test_188_p0005,0,0.0,0.0,0.0,0.9999999999986159
test_188_p0100,26,0.0,0.0,0.0,0.9964432284528093
test_188_p0101,1582,0.8992346938746836,0.9073359073300686,0.8912768647225584,0.9572742022702038
test_188_p0102,377,0.8196347031869905,0.7194388777410934,0.9522546418845556,0.9783857729124783
test_188_p0103,0,0.0,0.0,0.0,0.9763337893283498
test_188_p0104,0,0.0,0.0,0.0,0.9730935640873809
test_188_p0105,0,0.0,0.0,0.0,0.999999999998632
test_188_p0200,0,0.0,0.0,0.0,0.9561245674727251
test_188_p0201,950,0.4407988587700371,0.6836283185689462,0.325263157891313,0.8927496580015147
test_188_p0202,0,0.0,0.0,0.0,0.9887889273342716
test_188_p0203,0,0.0,0.0,0.0,0.9999999999986159
test_188_p0204,0,0.0,0.0,0.0,0.9983584131313292
test_188_p0205,0,0.0,0.0,0.0,0.9999999999986159
test_188_p0300,0,0.0,0.0,0.0,0.9869896193757965
test_188_p0301,1206,0.2618151401076461,0.26413502109481746,0.2595356550558911,0.7585499315995096
test_188_p0302,0,0.0,0.0,0.0,0.8412456747393201
test_188_p0303,0,0.0,0.0,0.0,0.9147404844277996
test_188_p0304,0,0.0,0.0,0.0,0.9934336525294207
test_188_p0305,0,0.0,0.0,0.0,0.9999999999986159
test_188_p0400,145,0.442953020119364,0.43137254899141353,0.45517241376171225,0.9772913816676098
test_188_p0401,390,0.6697819314537417,0.853174603140747,0.5512820512679159,0.9713358572188057
test_188_p0402,0,0.0,0.0,0.0,0.9898768809835979
test_188_p0403,0,0.0,0.0,0.0,0.9781121751012611
test_188_p0404,0,0.0,0.0,0.0,0.9713358572188057
test_188_p0405,0,0.0,0.0,0.0,0.999999999998632
test_188_p0500,0,0.0,0.0,0.0,0.9999999999986159
test_188_p0501,0,0.0,0.0,0.0,0.999999999998632
test_188_p0502,0,0.0,0.0,0.0,0.9999999999986159
test_188_p0503,0,0.0,0.0,0.0,0.9999999999986159
test_188_p0504,0,0.0,0.0,0.0,0.999999999998632
test_188_p0505,0,0.0,0.0,0.0,0.9999999999986159
test_189_b0000,0,0.0,0.0,0.0,0.9216608996527036
test_189_b0001,1108,0.3546798029537237,0.4506258692565977,0.2924187725605378,0.8368166089953816
test_189_b0002,909,0.47581989994176865,0.480898876399091,0.470847084703291,0.869480968856928
test_189_b0003,0,0.0,0.0,0.0,0.8867820069191878
test_189_b0004,0,0.0,0.0,0.0,0.9474048442893461
test_189_b0100,0,0.0,0.0,0.0,0.9252595155696536
test_189_b0101,0,0.0,0.0,0.0,0.8690657439434338
test_189_b0102,848,0.5867469879482726,0.5997536945738946,0.5742924528234163,0.9050519031129342
test_189_b0103,545,0.7886710239565504,0.9705093833519971,0.664220183474051,0.9731487889259888
test_189_b0104,0,0.0,0.0,0.0,0.9777162629744253
test_189_b0200,0,0.0,0.0,0.0,0.9321799307945575
test_189_b0201,0,0.0,0.0,0.0,0.9616608996526482
test_189_b0202,0,0.0,0.0,0.0,0.9530795847737674
test_189_b0203,929,0.7900311526430528,0.9378698224713333,0.6824542518763999,0.9533564013827636
test_189_b0204,0,0.0,0.0,0.0,0.9999999999986159
test_189_b0300,0,0.0,0.0,0.0,0.9991695501716275
test_189_b0301,0,0.0,0.0,0.0,0.9865743944623023
test_189_b0302,0,0.0,0.0,0.0,0.9999999999986159
test_189_b0303,721,0.6338729763347829,0.5751412429313544,0.7059639389638562,0.9186159169537459
test_189_b0304,0,0.0,0.0,0.0,0.9774394463654291
test_189_b0400,0,0.0,0.0,0.0,0.9999999999986159
test_189_b0401,0,0.0,0.0,0.0,0.9670588235280733
test_189_b0402,0,0.0,0.0,0.0,0.993079584773712
test_189_b0403,729,0.8886138613806398,0.8094701240044028,0.9849108367491781,0.9750865051889618
test_189_b0404,0,0.0,0.0,0.0,0.9999999999986159
test_189_p0000,0,0.0,0.0,0.0,0.9999999999986159
test_189_p0001,0,0.0,0.0,0.0,0.9374829001355165
test_189_p0002,0,0.0,0.0,0.0,0.9598615916941732
test_189_p0003,0,0.0,0.0,0.0,0.8808304498257705
test_189_p0004,0,0.0,0.0,0.0,0.953761969902936
test_189_p0005,0,0.0,0.0,0.0,0.9999999999986159
test_189_p0100,0,0.0,0.0,0.0,0.9803009575909982
test_189_p0101,458,0.014749262536764387,0.011135857460900492,0.02183406113489445,0.8193618171973779
test_189_p0102,1337,0.2824392480500576,0.3649289099482828,0.23036649214487387,0.7859097127212231
test_189_p0103,1097,0.7381404174538039,0.769535113741152,0.7092069279789499,0.9244870041027025
test_189_p0104,0,0.0,0.0,0.0,0.94023796646709
test_189_p0105,0,0.0,0.0,0.0,0.9272229822148739
test_189_p0200,0,0.0,0.0,0.0,0.9999999999986159
test_189_p0201,0,0.0,0.0,0.0,0.9383036935691679
test_189_p0202,0,0.0,0.0,0.0,0.9850519031128234
test_189_p0203,962,0.6411238824990989,0.8311258278008091,0.5218295218240974,0.9222145328706959
test_189_p0204,0,0.0,0.0,0.0,0.9733242134049612
test_189_p0205,0,0.0,0.0,0.0,0.9898961937702562
test_189_p0300,0,0.0,0.0,0.0,0.9999999999986159
test_189_p0301,0,0.0,0.0,0.0,0.995896032830375
test_189_p0302,0,0.0,0.0,0.0,0.9528027681647713
test_189_p0303,858,0.8815047021888307,0.9538670284809516,0.8193473193377698,0.9738408304484791
test_189_p0304,0,0.0,0.0,0.0,0.9922024623789436
test_189_p0305,0,0.0,0.0,0.0,0.9905882352927466
test_189_p0400,0,0.0,0.0,0.0,0.999999999998632
test_189_p0401,0,0.0,0.0,0.0,0.999999999998648
test_189_p0402,0,0.0,0.0,0.0,0.9857729138153409
test_189_p0403,752,0.8593380614606423,0.7734042553109213,0.9667553191360804,0.9674418604637929
test_189_p0404,0,0.0,0.0,0.0,0.9095457003773533
test_189_p0405,0,0.0,0.0,0.0,0.9864569083433838
test_189_p0500,0,0.0,0.0,0.0,0.9999999999986159
test_189_p0501,0,0.0,0.0,0.0,0.999999999998632
test_189_p0502,0,0.0,0.0,0.0,0.9999999999986159
test_189_p0503,680,0.3614457831281753,0.9999999999333333,0.2205882352908737,0.9266435986146344
test_189_p0504,43,0.0,0.0,0.0,0.9941176470574636
test_189_p0505,0,0.0,0.0,0.0,0.9999999999986159
test_18_b0000,0,0.0,0.0,0.0,0.9999999999986159
test_18_b0001,0,0.0,0.0,0.0,0.9969550172996582
test_18_b0002,149,0.833802816877921,0.7184466019068715,0.9932885905373632,0.9918339100332293
test_18_b0003,0,0.0,0.0,0.0,0.9999999999986159
test_18_b0004,0,0.0,0.0,0.0,0.9662283737010848
test_18_b0100,0,0.0,0.0,0.0,0.8793079584762916
test_18_b0101,1509,0.9364504445145326,0.9306282722452185,0.9423459244470356,0.9732871972304868
test_18_b0102,675,0.8188865398110016,0.7809139784841275,0.860740740727989,0.9644290657426098
test_18_b0103,0,0.0,0.0,0.0,0.9999999999986159
test_18_b0104,0,0.0,0.0,0.0,0.9999999999986159
test_18_b0200,0,0.0,0.0,0.0,0.9999999999986159
test_18_b0201,0,0.0,0.0,0.0,0.9999999999986159
test_18_b0202,541,0.7835051546310979,0.8857808857602382,0.7024029574731534,0.9709342560540195
test_18_b0203,728,0.5753424657481705,0.85831062667961,0.43269230768636413,0.9356401384070095
test_18_b0204,0,0.0,0.0,0.0,0.9999999999986159
test_18_b0300,0,0.0,0.0,0.0,0.9999999999986159
test_18_b0301,0,0.0,0.0,0.0,0.9797923875418965
test_18_b0302,0,0.0,0.0,0.0,0.9999999999986159
test_18_b0303,765,0.015564202334428479,0.9999999983333333,0.007843137254799437,0.8949480968845744
test_18_b0304,981,0.03012048192740843,0.9999999993333333,0.015290519877519974,0.8662975778534723
test_18_b0400,0,0.0,0.0,0.0,0.9999999999986159
test_18_b0401,0,0.0,0.0,0.0,0.9604152249121656
test_18_b0402,0,0.0,0.0,0.0,0.9999999999986159
test_18_b0403,89,0.0,0.0,0.0,0.98602076124431
test_18_b0404,574,0.0770519262968668,0.9999999995652173,0.04006968641045175,0.9237370242201748
test_18_p0000,0,0.0,0.0,0.0,0.994878892732187
test_18_p0001,0,0.0,0.0,0.0,0.999999999998632
test_18_p0002,0,0.0,0.0,0.0,0.9999999999986159
test_18_p0003,0,0.0,0.0,0.0,0.9999999999986159
test_18_p0004,0,0.0,0.0,0.0,0.9964432284528093
test_18_p0005,0,0.0,0.0,0.0,0.9999999999986159
test_18_p0100,0,0.0,0.0,0.0,0.931600547194348
test_18_p0101,0,0.0,0.0,0.0,0.9826933477542149
test_18_p0102,778,0.9114832535830654,0.8523489932790564,0.9794344472881821,0.979753761968564
test_18_p0103,0,0.0,0.0,0.0,0.9854993160041238
test_18_p0104,0,0.0,0.0,0.0,0.999999999998648
test_18_p0105,0,0.0,0.0,0.0,0.999999999998632
test_18_p0200,0,0.0,0.0,0.0,0.9999999999986159
test_18_p0201,293,0.5653409090828787,0.4841849148300685,0.6791808873488334,0.9581395348824102
test_18_p0202,1291,0.8318739054254297,0.9566968781373948,0.7358636715667246,0.9468512110713538
test_18_p0203,819,0.9038348082542548,0.8744292237343102,0.9352869352755154,0.9774394463654291
test_18_p0204,0,0.0,0.0,0.0,0.999999999998632
test_18_p0205,0,0.0,0.0,0.0,0.9991695501716275
test_18_p0300,0,0.0,0.0,0.0,0.9999999999986159
test_18_p0301,0,0.0,0.0,0.0,0.999999999998632
test_18_p0302,0,0.0,0.0,0.0,0.9999999999986159
test_18_p0303,302,0.49427917619006223,0.7999999999407407,0.3576158940278935,0.9694117647045406
test_18_p0304,769,0.058080808080074736,0.9999999995652173,0.02990897269141861,0.8979480164146403
test_18_p0305,217,0.0,0.0,0.0,0.9699653979225329
test_18_p0400,0,0.0,0.0,0.0,0.999999999998632
test_18_p0401,0,0.0,0.0,0.0,0.999999999998648
test_18_p0402,0,0.0,0.0,0.0,0.9983584131313292
test_18_p0403,16,0.0,0.0,0.0,0.9972640218864607
test_18_p0404,1092,0.0,0.0,0.0,0.8523526230383284
test_18_p0405,567,0.03466204506005785,0.9999999989999999,0.017636684303039916,0.9238030095746597
test_18_p0500,0,0.0,0.0,0.0,0.9999999999986159
test_18_p0501,0,0.0,0.0,0.0,0.999999999998632
test_18_p0502,0,0.0,0.0,0.0,0.9999999999986159
test_18_p0503,0,0.0,0.0,0.0,0.9999999999986159
test_18_p0504,0,0.0,0.0,0.0,0.999999999998632
test_18_p0505,0,0.0,0.0,0.0,0.9999999999986159
test_190_b0000,260,0.2395437262311874,0.23684210525425406,0.24230769229837276,0.9446366781993846
test_190_b0001,1898,0.9628466771298723,0.9563409563359858,0.9694415173816152,0.9803460207598889
test_190_b0002,345,0.664634146334709,0.5117370891938695,0.9478260869290485,0.9543252595142501
test_190_b0003,0,0.0,0.0,0.0,0.9442214532858904
test_190_b0004,0,0.0,0.0,0.0,0.9397923875419518
test_190_b0100,0,0.0,0.0,0.0,0.8633910034590127
test_190_b0101,1058,0.9243614931192321,0.962167689151716,0.8894139886494385,0.9786851211059119
test_190_b0102,0,0.0,0.0,0.0,0.9999999999986159
test_190_b0103,0,0.0,0.0,0.0,0.9999999999986159
test_190_b0104,0,0.0,0.0,0.0,0.9893425605522639
test_190_b0200,0,0.0,0.0,0.0,0.9864359861578043
test_190_b0201,832,0.8393782383365326,0.9101123595377794,0.7788461538367927,0.9656747404830925
test_190_b0202,677,0.8309975267862243,0.9402985074451436,0.7444608567098308,0.9716262975765099
test_190_b0203,0,0.0,0.0,0.0,0.9999999999986159
test_190_b0204,0,0.0,0.0,0.0,0.9969550172996582
test_190_b0300,0,0.0,0.0,0.0,0.9999999999986159
test_190_b0301,1012,0.801156069359531,0.9651810584823791,0.6847826086888855,0.952387543251277
test_190_b0302,905,0.668613138681251,0.9849462365379581,0.5060773480607064,0.9371626297564883
test_190_b0303,1042,0.11060743426916948,0.9999999998360656,0.058541266794063906,0.8642214532860011
test_190_b0304,0,0.0,0.0,0.0,0.9999999999986159
test_190_b0400,0,0.0,0.0,0.0,0.998200692040141
test_190_b0401,372,0.705882352928964,0.9902912620878499,0.548387096759452,0.9764705882339426
test_190_b0402,675,0.5690550363388468,0.9513888888558545,0.4059259259199122,0.9425605536319134
test_190_b0403,33,0.0,0.0,0.0,0.9954325259501794
test_190_b0404,0,0.0,0.0,0.0,0.9950173010366851
test_190_p0000,0,0.0,0.0,0.0,0.9993079584761255
test_190_p0001,365,0.63551401867971,0.9999999999411764,0.4657534246447739,0.9733242134049612
test_190_p0002,813,0.8503144654034572,0.8700128700016729,0.8314883148729214,0.9670588235280733
test_190_p0003,0,0.0,0.0,0.0,0.9444982698948865
test_190_p0004,0,0.0,0.0,0.0,0.999999999998632
test_190_p0005,0,0.0,0.0,0.0,0.9999999999986159
test_190_p0100,0,0.0,0.0,0.0,0.9685362517086614
test_190_p0101,1684,0.6361614235759894,0.6842105263111128,0.5944180522530023,0.8451865873433678
test_190_p0102,235,0.7673267326542741,0.9171597632593396,0.6595744680570393,0.9871409028714266
test_190_p0103,0,0.0,0.0,0.0,0.9986320109425464
test_190_p0104,0,0.0,0.0,0.0,0.9292861005936597
test_190_p0105,0,0.0,0.0,0.0,0.999999999998632
test_190_p0200,0,0.0,0.0,0.0,0.9999999999986159
test_190_p0201,115,0.0,0.0,0.0,0.9798905608741725
test_190_p0202,920,0.8716735659321605,0.9559014267061491,0.8010869565130316,0.9699653979225329
test_190_p0203,0,0.0,0.0,0.0,0.9999999999986159
test_190_p0204,0,0.0,0.0,0.0,0.9430916552654678
test_190_p0205,0,0.0,0.0,0.0,0.9999999999986159
test_190_p0300,0,0.0,0.0,0.0,0.9999999999986159
test_190_p0301,0,0.0,0.0,0.0,0.999999999998632
test_190_p0302,1630,0.8587859424892691,0.8959999999940267,0.824539877295555,0.9388235294104653
test_190_p0303,1044,0.4161676646675437,0.9520547944879433,0.26628352490166396,0.8920415224901148
test_190_p0304,422,0.046189376442351285,0.9090909082644627,0.023696682463893445,0.9435020519822934
test_190_p0305,0,0.0,0.0,0.0,0.9999999999986159
test_190_p0400,0,0.0,0.0,0.0,0.999999999998632
test_190_p0401,180,0.0,0.0,0.0,0.9663331530543993
test_190_p0402,1246,0.7413706853389627,0.9840637450068518,0.5947030497544566,0.9292749657990024
test_190_p0403,530,0.14010507880665315,0.9756097558596074,0.07547169811178356,0.9328317373448252
test_190_p0404,0,0.0,0.0,0.0,0.9985127095713919
test_190_p0405,0,0.0,0.0,0.0,0.9975376196976778
test_190_p0500,0,0.0,0.0,0.0,0.9999999999986159
test_190_p0501,0,0.0,0.0,0.0,0.999999999998632
test_190_p0502,0,0.0,0.0,0.0,0.9999999999986159
test_190_p0503,0,0.0,0.0,0.0,0.9999999999986159
test_190_p0504,0,0.0,0.0,0.0,0.999999999998632
test_190_p0505,0,0.0,0.0,0.0,0.9999999999986159
test_191_b0000,918,0.9749999999947011,0.9728850325274091,0.9771241829958919,0.9936332179917043
test_191_b0001,1142,0.5515280739141737,0.46411483253310937,0.679509632218218,0.825328719722041
test_191_b0002,590,0.17318099819498992,0.1342031686846766,0.24406779660603276,0.8096885813137582
test_191_b0003,267,0.06800348735773319,0.0443181818176782,0.1460674157248664,0.8520415224901702
test_191_b0004,0,0.0,0.0,0.0,0.9226297577841901
test_191_b0100,279,0.5239085239030778,0.3689604685158278,0.9032258064192392,0.936608996538496
test_191_b0101,57,0.0,0.0,0.0,0.9568166089952155
test_191_b0102,1189,0.8496110630905376,0.873777777770011,0.826745163996411,0.9518339100332847
test_191_b0103,444,0.0,0.0,0.0,0.888858131486659
test_191_b0104,134,0.0,0.0,0.0,0.9637370242201194
test_191_b0200,0,0.0,0.0,0.0,0.9958477508636736
test_191_b0201,0,0.0,0.0,0.0,0.973564013839483
test_191_b0202,784,0.9130158730100761,0.9089759797609485,0.9170918367229963,0.9810380622823792
test_191_b0203,963,0.6478873239393167,0.914772727255402,0.5015576323935456,0.9273356401371248
test_191_b0204,267,0.5804878048638905,0.8321678321096385,0.4456928838784385,0.9761937716249465
test_191_b0300,0,0.0,0.0,0.0,0.9926643598602177
test_191_b0301,0,0.0,0.0,0.0,0.9707958477495214
test_191_b0302,14,0.23188405793740813,0.14545454542809916,0.5714285710204081,0.9926643598602177
test_191_b0303,767,0.8567725210573119,0.8518041237003633,0.8617992177201851,0.9694117647045406
test_191_b0304,3,0.0,0.0,0.0,0.9994463667806236
test_191_b0400,0,0.0,0.0,0.0,0.9988927335626313
test_191_b0401,0,0.0,0.0,0.0,0.9991695501716275
test_191_b0402,0,0.0,0.0,0.0,0.9984775086491371
test_191_b0403,706,0.6819431713961326,0.9662337662086692,0.5269121812956528,0.9519723183377827
test_191_b0404,139,0.0,0.0,0.0,0.945328719721875
test_191_p0000,0,0.0,0.0,0.0,0.9999999999986159
test_191_p0001,0,0.0,0.0,0.0,0.999999999998632
test_191_p0002,0,0.0,0.0,0.0,0.858823529410576
test_191_p0003,0,0.0,0.0,0.0,0.8934256055350956
test_191_p0004,0,0.0,0.0,0.0,0.9901504787948151
test_191_p0005,0,0.0,0.0,0.0,0.9951557093411831
test_191_p0100,348,0.48366013070841696,0.99999999990991,0.3189655172322136,0.9675786593694015
test_191_p0101,1522,0.9299405155289824,0.9355053191427162,0.9244415243040445,0.9713358572188057
test_191_p0102,1295,0.490425531912285,0.7880341880207173,0.3559845559818071,0.8689466484256239
test_191_p0103,892,0.4412371133990293,0.5701598578939581,0.3598654708479836,0.8887824897388662
test_191_p0104,400,0.0,0.0,0.0,0.8953488372080918
test_191_p0105,0,0.0,0.0,0.0,0.999999999998632
test_191_p0200,0,0.0,0.0,0.0,0.9987543252581332
test_191_p0201,0,0.0,0.0,0.0,0.9700410396703556
test_191_p0202,0,0.0,0.0,0.0,0.9803460207598889
test_191_p0203,1295,0.7653880463837405,0.9060190073821962,0.6625482625431464,0.9271972318326267
test_191_p0204,81,0.0,0.0,0.0,0.9701778385759642
test_191_p0205,0,0.0,0.0,0.0,0.9999999999986159
test_191_p0300,0,0.0,0.0,0.0,0.9999999999986159
test_191_p0301,0,0.0,0.0,0.0,0.9997264021874149
test_191_p0302,0,0.0,0.0,0.0,0.9757785467114523
test_191_p0303,1036,0.827166751136203,0.870864461036597,0.7876447876371849,0.9528027681647713
test_191_p0304,637,0.7726465364052164,0.8895705521290477,0.6828885400206768,0.9649794801628386
test_191_p0305,32,0.0,0.0,0.0,0.9955709342546775
test_191_p0400,0,0.0,0.0,0.0,0.999999999998632
test_191_p0401,0,0.0,0.0,0.0,0.9457815035141349
test_191_p0402,0,0.0,0.0,0.0,0.9886456908331209
test_191_p0403,472,0.8866213151826914,0.9536585365621059,0.828389830490924,0.9863201094377753
test_191_p0404,249,0.661538461521499,0.9148936169563905,0.5180722891358204,0.9821525148715763
test_191_p0405,0,0.0,0.0,0.0,0.999999999998632
test_191_p0500,0,0.0,0.0,0.0,0.9999999999986159
test_191_p0501,0,0.0,0.0,0.0,0.999999999998632
test_191_p0502,0,0.0,0.0,0.0,0.9999999999986159
test_191_p0503,0,0.0,0.0,0.0,0.9999999999986159
test_191_p0504,548,0.0,0.0,0.0,0.9250341997251368
test_191_p0505,8,0.0,0.0,0.0,0.9988927335626313
test_192_b0000,578,0.5736179529251582,0.4195356284994433,0.9065743944479832,0.8921799307946129
test_192_b0001,988,0.586649550702268,0.8017543859508464,0.4625506072827677,0.9108650519018535
test_192_b0002,899,0.5909774436045792,0.9118329466145746,0.43715239154129976,0.9247058823516613
test_192_b0003,119,0.0,0.0,0.0,0.9835294117633446
test_192_b0004,0,0.0,0.0,0.0,0.9111418685108497
test_192_b0100,0,0.0,0.0,0.0,0.9356401384070095
test_192_b0101,0,0.0,0.0,0.0,0.9999999999986159
test_192_b0102,1321,0.3603936039338229,0.960655737673421,0.2218016654033172,0.8560553633206145
test_192_b0103,1241,0.4921212121182296,0.9926650366505461,0.32715551973950724,0.8840138408292263
test_192_b0104,294,0.0,0.0,0.0,0.9593079584761809
test_192_b0200,0,0.0,0.0,0.0,0.9999999999986159
test_192_b0201,0,0.0,0.0,0.0,0.9999999999986159
test_192_b0202,889,0.86085343227668,0.9560439560308236,0.7829021372240393,0.9688581314865483
test_192_b0203,537,0.39774330041752126,0.8197674418128041,0.26256983239734505,0.9408996539779365
test_192_b0204,551,0.2218798150967353,0.7346938774760516,0.13067150634971558,0.9301038062270863
test_192_b0300,0,0.0,0.0,0.0,0.9999999999986159
test_192_b0301,0,0.0,0.0,0.0,0.9999999999986159
test_192_b0302,286,0.8514190317053185,0.8146964855969745,0.8916083915772165,0.9876816608982869
test_192_b0303,7,0.0,0.0,0.0,0.9990311418671294
test_192_b0304,0,0.0,0.0,0.0,0.9999999999986159
test_192_b0400,0,0.0,0.0,0.0,0.9973702422131524
test_192_b0401,0,0.0,0.0,0.0,0.9999999999986159
test_192_b0402,0,0.0,0.0,0.0,0.9999999999986159
test_192_b0403,0,0.0,0.0,0.0,0.9999999999986159
test_192_b0404,0,0.0,0.0,0.0,0.9999999999986159
test_192_p0000,0,0.0,0.0,0.0,0.9999999999986159
test_192_p0001,105,0.0,0.0,0.0,0.9640218878235787
test_192_p0002,56,0.0,0.0,0.0,0.9922491349467235
test_192_p0003,0,0.0,0.0,0.0,0.9999999999986159
test_192_p0004,0,0.0,0.0,0.0,0.999999999998632
test_192_p0005,0,0.0,0.0,0.0,0.9979238754311448
test_192_p0100,23,0.050583657586564516,0.026476578410866057,0.5652173910586011,0.9332421340616508
test_192_p0101,868,0.5838580423549865,0.5802047781503958,0.5875576036798669,0.9017036235790945
test_192_p0102,1355,0.13232253618103157,0.9999999998958334,0.07084870848656201,0.8277701778374449
test_192_p0103,1467,0.5946453734119557,0.9561933534598762,0.43149284253284603,0.8819425444584379
test_192_p0104,281,0.0,0.0,0.0,0.962006489993291
test_192_p0105,0,0.0,0.0,0.0,0.999999999998632
test_192_p0200,0,0.0,0.0,0.0,0.9999999999986159
test_192_p0201,0,0.0,0.0,0.0,0.999999999998632
test_192_p0202,210,0.6168831168630882,0.9693877550031238,0.4523809523594104,0.9836678200678427
test_192_p0203,1101,0.6557377049140514,0.9890109889928752,0.49046321525440095,0.9215224913482055
test_192_p0204,772,0.4912621359175606,0.9806201550007512,0.3277202072496409,0.9283173734597424
test_192_p0205,267,0.0,0.0,0.0,0.9630449826976291
test_192_p0300,0,0.0,0.0,0.0,0.9999999999986159
test_192_p0301,0,0.0,0.0,0.0,0.999999999998632
test_192_p0302,1,0.0,0.0,0.0,0.9998615916941178
test_192_p0303,871,0.7548430193670351,0.9025559105287132,0.6486796785229773,0.9492041522478212
test_192_p0304,248,0.0,0.0,0.0,0.9660738714077072
test_192_p0305,135,0.0,0.0,0.0,0.9813148788913754
test_192_p0400,0,0.0,0.0,0.0,0.999999999998632
test_192_p0401,0,0.0,0.0,0.0,0.999999999998648
test_192_p0402,0,0.0,0.0,0.0,0.999999999998632
test_192_p0403,0,0.0,0.0,0.0,0.999999999998632
test_192_p0404,0,0.0,0.0,0.0,0.999999999998648
test_192_p0405,0,0.0,0.0,0.0,0.999999999998632
test_192_p0500,0,0.0,0.0,0.0,0.9999999999986159
test_192_p0501,0,0.0,0.0,0.0,0.999999999998632
test_192_p0502,0,0.0,0.0,0.0,0.9999999999986159
test_192_p0503,0,0.0,0.0,0.0,0.9999999999986159
test_192_p0504,0,0.0,0.0,0.0,0.999999999998632
test_192_p0505,0,0.0,0.0,0.0,0.9999999999986159
test_193_b0000,0,0.0,0.0,0.0,0.9999999999986159
test_193_b0001,0,0.0,0.0,0.0,0.9850519031128234
test_193_b0002,0,0.0,0.0,0.0,0.9959861591681717
test_193_b0003,0,0.0,0.0,0.0,0.9998615916941178
test_193_b0004,0,0.0,0.0,0.0,0.9994463667806236
test_193_b0100,0,0.0,0.0,0.0,0.9999999999986159
test_193_b0101,0,0.0,0.0,0.0,0.9464359861578596
test_193_b0102,0,0.0,0.0,0.0,0.966505190310081
test_193_b0103,0,0.0,0.0,0.0,0.9998615916941178
test_193_b0104,0,0.0,0.0,0.0,0.9999999999986159
test_193_b0200,0,0.0,0.0,0.0,0.9999999999986159
test_193_b0201,1203,0.7658536585328495,0.9268004722440756,0.652535328340378,0.9335640138395384
test_193_b0202,404,0.6378986866731905,0.5135951661553837,0.8415841583950103,0.9465743944623577
test_193_b0203,0,0.0,0.0,0.0,0.9750865051889618
test_193_b0204,0,0.0,0.0,0.0,0.9994463667806236
test_193_b0300,618,0.7260168841080122,0.6905109488950291,0.765372168272405,0.950588235292802
test_193_b0301,267,0.6835443037878545,0.5472972972849708,0.9101123595164752,0.9688581314865483
test_193_b0302,0,0.0,0.0,0.0,0.9533564013827636
test_193_b0303,0,0.0,0.0,0.0,0.9456055363308712
test_193_b0304,0,0.0,0.0,0.0,0.9777162629744253
test_193_b0400,486,0.848368522064795,0.7949640287626805,0.9094650205574184,0.9781314878879196
test_193_b0401,1072,0.9476688867699921,0.9669902912527477,0.9291044776032734,0.9847750865038273
test_193_b0402,595,0.7826086956449343,0.8703703703524615,0.7109243697359509,0.9674740484415675
test_193_b0403,34,0.21428571427875695,0.12043795619998401,0.9705882350086505,0.966505190310081
test_193_b0404,0,0.0,0.0,0.0,0.9999999999986159
test_193_p0000,0,0.0,0.0,0.0,0.9999999999986159
test_193_p0001,0,0.0,0.0,0.0,0.999999999998632
test_193_p0002,0,0.0,0.0,0.0,0.9999999999986159
test_193_p0003,0,0.0,0.0,0.0,0.9999999999986159
test_193_p0004,0,0.0,0.0,0.0,0.999999999998632
test_193_p0005,0,0.0,0.0,0.0,0.9999999999986159
test_193_p0100,0,0.0,0.0,0.0,0.999999999998632
test_193_p0101,0,0.0,0.0,0.0,0.9733639805287002
test_193_p0102,0,0.0,0.0,0.0,0.9372093023242993
test_193_p0103,0,0.0,0.0,0.0,0.9432284541710763
test_193_p0104,0,0.0,0.0,0.0,0.999999999998648
test_193_p0105,0,0.0,0.0,0.0,0.999999999998632
test_193_p0200,0,0.0,0.0,0.0,0.9999999999986159
test_193_p0201,19,0.0,0.0,0.0,0.9863201094377753
test_193_p0202,923,0.6966993755544304,0.5921152388127967,0.8461538461446787,0.9058823529399227
test_193_p0203,0,0.0,0.0,0.0,0.9999999999986159
test_193_p0204,0,0.0,0.0,0.0,0.999999999998632
test_193_p0205,0,0.0,0.0,0.0,0.9995847750851217
test_193_p0300,0,0.0,0.0,0.0,0.9999999999986159
test_193_p0301,1074,0.8055832502452365,0.8669527896902688,0.7523277467341497,0.9466484268112905
test_193_p0302,81,0.0,0.0,0.0,0.9887889273342716
test_193_p0303,0,0.0,0.0,0.0,0.9817301038048696
test_193_p0304,0,0.0,0.0,0.0,0.9860465116265581
test_193_p0305,0,0.0,0.0,0.0,0.9998615916941178
test_193_p0400,0,0.0,0.0,0.0,0.999999999998632
test_193_p0401,971,0.9190628327959581,0.9514884233632691,0.8887744593111352,0.9794483504583836
test_193_p0402,0,0.0,0.0,0.0,0.999999999998632
test_193_p0403,0,0.0,0.0,0.0,0.9469220246225076
test_193_p0404,0,0.0,0.0,0.0,0.9655219037304414
test_193_p0405,0,0.0,0.0,0.0,0.999999999998632
test_193_p0500,0,0.0,0.0,0.0,0.9999999999986159
test_193_p0501,601,0.9320388349432301,0.9924812029888631,0.8785357736958647,0.9894664842667723
test_193_p0502,942,0.8073394495363466,0.9523809523672095,0.7006369426677215,0.9564013840817213
test_193_p0503,960,0.17836812144043296,0.9999999998936171,0.0979166666656467,0.88013840830328
test_193_p0504,489,0.0,0.0,0.0,0.9331053351560423
test_193_p0505,0,0.0,0.0,0.0,0.9999999999986159
test_194_b0000,2477,0.5389991613068521,0.8763636363556695,0.38918046023258307,0.7717647058812848
test_194_b0001,571,0.7512544802813531,0.6359223300893698,0.9176882661835781,0.9519723183377827
test_194_b0002,0,0.0,0.0,0.0,0.9375778546699826
test_194_b0003,0,0.0,0.0,0.0,0.8729411764693801
test_194_b0004,0,0.0,0.0,0.0,0.9999999999986159
test_194_b0100,697,0.6976336546827553,0.8963963963762073,0.5710186513547917,0.9522491349467789
test_194_b0101,1163,0.7011494252836931,0.8934753661665316,0.5769561478884183,0.9208304498257152
test_194_b0102,433,0.0,0.0,0.0,0.8999307958465053
test_194_b0103,0,0.0,0.0,0.0,0.881660899652759
test_194_b0104,0,0.0,0.0,0.0,0.9979238754311448
test_194_b0200,340,0.21989528795235877,0.9999999997619048,0.12352941176107265,0.9587543252581886
test_194_b0201,592,0.8300781249918938,0.9837962962735232,0.7179054053932786,0.9759169550159503
test_194_b0202,728,0.0,0.0,0.0,0.8992387543240149
test_194_b0203,323,0.0,0.0,0.0,0.9374394463654845
test_194_b0204,0,0.0,0.0,0.0,0.9396539792374538
test_194_b0300,845,0.21852237252634213,0.9051724137150714,0.12426035502811526,0.8960553633205591
test_194_b0301,352,0.0,0.0,0.0,0.9512802768152924
test_194_b0302,1174,0.8427968090058996,0.9383490073047195,0.764906303230282,0.9536332179917597
test_194_b0303,941,0.8899082568756314,0.9663760896517263,0.8246546227330005,0.9734256055349849
test_194_b0304,73,0.07894736841066483,0.9999999966666667,0.041095890405329336,0.9903114186837505
test_194_b0400,150,0.0,0.0,0.0,0.9792387543239042
test_194_b0401,656,0.6613616268730207,0.7873684210360554,0.5701219512108213,0.9469896193758519
test_194_b0402,0,0.0,0.0,0.0,0.9999999999986159
test_194_b0403,0,0.0,0.0,0.0,0.9999999999986159
test_194_b0404,706,0.704710144921153,0.9773869346488093,0.5509915014086262,0.9548788927322424
test_194_p0000,138,0.0,0.0,0.0,0.9808996539778811
test_194_p0001,1011,0.6308813783921082,0.9558232931534975,0.47082096933263284,0.9238030095746597
test_194_p0002,54,0.0,0.0,0.0,0.9872664359847927
test_194_p0003,0,0.0,0.0,0.0,0.9276124567461209
test_194_p0004,0,0.0,0.0,0.0,0.999999999998632
test_194_p0005,0,0.0,0.0,0.0,0.9999999999986159
test_194_p0100,1415,0.018880647336352797,0.20588235291089968,0.00989399293279227,0.8009575923381655
test_194_p0101,1215,0.6215644820263131,0.8685376661614691,0.4839506172799675,0.9031909140063504
test_194_p0102,39,0.19587628865474546,0.1088825214868515,0.9743589741091387,0.9573187414487588
test_194_p0103,0,0.0,0.0,0.0,0.8481532147731216
test_194_p0104,0,0.0,0.0,0.0,0.9459167117347946
test_194_p0105,0,0.0,0.0,0.0,0.9733242134049612
test_194_p0200,0,0.0,0.0,0.0,0.9999999999986159
test_194_p0201,1204,0.7691527143542916,0.9882659713039339,0.6295681063070634,0.9377564979467335
test_194_p0202,658,0.2839352428358165,0.786206896497503,0.17325227963262535,0.9204152249122209
test_194_p0203,306,0.1929824561347081,0.916666666412037,0.10784313725137767,0.9617993079571463
test_194_p0204,0,0.0,0.0,0.0,0.9010943912436373
test_194_p0205,0,0.0,0.0,0.0,0.9987543252581332
test_194_p0300,0,0.0,0.0,0.0,0.9999999999986159
test_194_p0301,1171,0.3997271487012297,0.9932203389493823,0.2502134927391101,0.8796169630630922
test_194_p0302,548,0.4738292010954018,0.9662921347771746,0.3138686131329586,0.94712802768035
test_194_p0303,1105,0.6254589963242017,0.9659735349533842,0.4624434389098422,0.915294117645792
test_194_p0304,69,0.0,0.0,0.0,0.9298221614214367
test_194_p0305,0,0.0,0.0,0.0,0.9970934256041563
test_194_p0400,337,0.0,0.0,0.0,0.9538987688085446
test_194_p0401,822,0.0048543689319799225,0.999999995,0.0024330900243013007,0.8891292590577486
test_194_p0402,705,0.554027504906149,0.9009584664248895,0.3999999999943262,0.9378932968523421
test_194_p0403,496,0.9108079748068121,0.9496717724081034,0.8749999999823589,0.9883720930219038
test_194_p0404,901,0.853946550647272,0.970338983037142,0.7624861265176195,0.9682260681436341
test_194_p0405,590,0.0,0.0,0.0,0.9192886456895769
test_194_p0500,0,0.0,0.0,0.0,0.9999999999986159
test_194_p0501,42,0.0,0.0,0.0,0.9942544459630722
test_194_p0502,0,0.0,0.0,0.0,0.9999999999986159
test_194_p0503,0,0.0,0.0,0.0,0.9999999999986159
test_194_p0504,0,0.0,0.0,0.0,0.999999999998632
test_194_p0505,0,0.0,0.0,0.0,0.9999999999986159
test_195_b0000,0,0.0,0.0,0.0,0.991280276815237
test_195_b0001,0,0.0,0.0,0.0,0.9999999999986159
test_195_b0002,0,0.0,0.0,0.0,0.9622145328706405
test_195_b0003,0,0.0,0.0,0.0,0.8716955017288973
test_195_b0004,0,0.0,0.0,0.0,0.9728719723169926
test_195_b0100,0,0.0,0.0,0.0,0.9999999999986159
test_195_b0101,1183,0.9027027026986365,0.9662487945904895,0.8469991546843028,0.970103806227031
test_195_b0102,1111,0.8061309030621122,0.7467382962337166,0.875787578749993,0.9352249134935152
test_195_b0103,0,0.0,0.0,0.0,0.9624913494796367
test_195_b0104,0,0.0,0.0,0.0,0.9373010380609864
test_195_b0200,0,0.0,0.0,0.0,0.9999999999986159
test_195_b0201,1497,0.918346429788458,0.9398601398535675,0.8977955911763675,0.9669204152235752
test_195_b0202,0,0.0,0.0,0.0,0.9821453287183638
test_195_b0203,0,0.0,0.0,0.0,0.9759169550159503
test_195_b0204,0,0.0,0.0,0.0,0.9630449826976291
test_195_b0300,192,0.8594594594362308,0.893258426916109,0.8281249999568685,0.9928027681647159
test_195_b0301,1459,0.756437315319728,0.9846153846045647,0.6141192597627545,0.9201384083032247
test_195_b0302,0,0.0,0.0,0.0,0.9515570934242885
test_195_b0303,463,0.7981109799197389,0.8802083333104113,0.730021598256371,0.9763321799294445
test_195_b0304,113,0.021276595744303607,0.013303769401035392,0.05309734512804449,0.9235986159156767
test_195_b0400,0,0.0,0.0,0.0,0.9213840830437074
test_195_b0401,1472,0.9697811740153881,0.9921819473987763,0.9483695652109486,0.9879584775072832
test_195_b0402,1710,0.9321461467579609,0.9812540400712266,0.8877192982404227,0.9694117647045406
test_195_b0403,1579,0.8401764506249061,0.9049707602273029,0.7840405319773018,0.934809688580021
test_195_b0404,554,0.6393700787351231,0.5670391061373319,0.7328519855463383,0.936608996538496
test_195_p0000,0,0.0,0.0,0.0,0.9999999999986159
test_195_p0001,0,0.0,0.0,0.0,0.999999999998632
test_195_p0002,0,0.0,0.0,0.0,0.9999999999986159
test_195_p0003,0,0.0,0.0,0.0,0.9880968858117812
test_195_p0004,0,0.0,0.0,0.0,0.9374829001355165
test_195_p0005,0,0.0,0.0,0.0,0.9999999999986159
test_195_p0100,0,0.0,0.0,0.0,0.999999999998632
test_195_p0101,0,0.0,0.0,0.0,0.999999999998648
test_195_p0102,1070,0.9492017416499797,0.983951855556831,0.9168224298979737,0.9856361149097324
test_195_p0103,433,0.2058640049893583,0.14102564102443568,0.3810623556493981,0.825854993158925
test_195_p0104,0,0.0,0.0,0.0,0.9530827474297552
test_195_p0105,0,0.0,0.0,0.0,0.9545827633365874
test_195_p0200,0,0.0,0.0,0.0,0.9957093425591755
test_195_p0201,0,0.0,0.0,0.0,0.9861833105321667
test_195_p0202,1510,0.8803998571907162,0.9550735863597594,0.8165562913853209,0.9536332179917597
test_195_p0203,0,0.0,0.0,0.0,0.9999999999986159
test_195_p0204,0,0.0,0.0,0.0,0.9831737346087782
test_195_p0205,0,0.0,0.0,0.0,0.9515570934242885
test_195_p0300,0,0.0,0.0,0.0,0.9999999999986159
test_195_p0301,1226,0.9348817917837624,0.9510548523126494,0.9192495921621595,0.9785225718180869
test_195_p0302,318,0.9255150554528444,0.9329073482130061,0.9182389936818164,0.9934948096872063
test_195_p0303,0,0.0,0.0,0.0,0.9861591695488081
