partition,node_name,op_type,node_kind,MH,MW,PE,SIMD,weightDataType,inputDataType,outputDataType,weight_bits,act_bits,resType,ram_style,mem_mode,NumChannels,numSteps,IFMChannels,IFMDim_h,IFMDim_w,OFMDim_h,OFMDim_w,ConvKernelDim_h,ConvKernelDim_w,Stride_h,Stride_w,Dilation_h,Dilation_w,depthwise,parallel_window,dataType,bits,depth,folded_shape,impl_style,shape,inWidth,outWidth,Padding,numInputVectors,real_LUT,real_LUTRAM,real_SRL,real_FF,real_BRAM36,real_BRAM18,real_URAM,real_DSP
0,StreamingFIFO_rtl_0,StreamingFIFO_rtl,FIFO,,,,,,,,,,,auto,,,,,,,,,,,,,,,,,UINT8,8,2,1x256x256x1x1,rtl,,,,,,15,0,0,21,0,0,0,0
0,Thresholding_rtl_0,Thresholding_rtl,Thresholding,,,1,,UINT8,UINT8,INT8,8,8,,,,1,255,,,,,,,,,,,,,,,,,,,,,,,,50,0,14,168,0,0,0,0
0,StreamingFIFO_rtl_1,StreamingFIFO_rtl,FIFO,,,,,,,,,,,auto,,,,,,,,,,,,,,,,,INT8,8,2,1x256x256x1x1,rtl,,,,,,14,0,0,21,0,0,0,0
0,DuplicateStreams_hls_0,DuplicateStreams_hls,DuplicateStreams,,,1,,,INT8,,,8,,,,1,,,,,,,,,,,,,,,,,,,,,,,,,66,0,0,90,0,0,0,0
0,StreamingFIFO_rtl_2,StreamingFIFO_rtl,FIFO,,,,,,,,,,,auto,,,,,,,,,,,,,,,,,INT8,8,7083,1x256x256x1x1,vivado,,,,,,84,0,0,67,1,0,0,0
0,StreamingFIFO_rtl_3,StreamingFIFO_rtl,FIFO,,,,,,,,,,,ultra,,,,,,,,,,,,,,,,,INT8,8,25293,1x256x256x1x1,vivado,,,,,,99,0,0,83,0,0,4,0
0,Thresholding_rtl_1,Thresholding_rtl,Thresholding,,,1,,INT9,INT8,INT8,9,8,,,,1,255,,,,,,,,,,,,,,,,,,,,,,,,82,0,9,249,0,1,0,0
0,FMPadding_rtl_0,FMPadding_rtl,FMPadding,,,,1,,INT8,,,8,,,,1,,,256,256,,,,,,,,,,,,,,,,,,,1x1x1x1,1,60,0,0,37,0,0,0,0
0,StreamingFIFO_rtl_4,StreamingFIFO_rtl,FIFO,,,,,,,,,,,auto,,,,,,,,,,,,,,,,,INT8,8,65536,1x256x256x1x1,vivado,,,,,,80,0,0,63,0,1,0,0
0,StreamingFIFO_rtl_5,StreamingFIFO_rtl,FIFO,,,,,,,,,,,auto,,,,,,,,,,,,,,,,,INT8,8,66564,1x258x258x1x1,vivado,,,,,,91,0,0,79,0,0,2,0
0,ConvolutionInputGenerator_rtl_0,ConvolutionInputGenerator_rtl,SWU,,,,1,,INT8,INT8,,8,,distributed,,,,1,258,258,128,128,3,3,2,2,1,1,0,0,,,,,,,,,,,364,120,0,114,0,0,0,0
0,StreamingMaxPool_hls_0,StreamingMaxPool_hls,MaxPool,,,1,,,,,,,,,,1,,,,,,,,,,,,,,,,,,,,,,,,,175,16,0,158,0,0,0,0
0,StreamingFIFO_rtl_6,StreamingFIFO_rtl,FIFO,,,,,,,,,,,auto,,,,,,,,,,,,,,,,,INT8,8,2,1x128x128x9x1,rtl,,,,,,66,0,0,55,0,1,0,0
0,StreamingFIFO_rtl_7,StreamingFIFO_rtl,FIFO,,,,,,,,,,,auto,,,,,,,,,,,,,,,,,INT8,8,2,1x128x128x1x1,rtl,,,,,,67,0,0,63,0,0,1,0
0,StreamingDataWidthConverter_rtl_0,StreamingDataWidthConverter_rtl,DWC,,,,,,,,,,,,,,,,,,,,,,,,,,,,INT8,8,,,,1x128x128x9,8,24,,,12,0,0,36,0,0,0,0
0,StreamingFIFO_rtl_8,StreamingFIFO_rtl,FIFO,,,,,,,,,,,auto,,,,,,,,,,,,,,,,,INT8,8,2,1x128x128x3x3,rtl,,,,,,111,0,64,22,0,0,0,0
0,MVAU_rtl_0,MVAU_rtl,MVAU,3,9,1,3,INT8,INT8,INT19,8,8,dsp,auto,internal_decoupled,,,,,,,,,,,,,,,,,,,,,,,,,,89,28,0,157,0,0,0,3
0,StreamingFIFO_rtl_9,StreamingFIFO_rtl,FIFO,,,,,,,,,,,auto,,,,,,,,,,,,,,,,,INT19,19,2,1x128x128x3x1,rtl,,,,,,106,0,56,22,0,0,0,0
0,Thresholding_rtl_2,Thresholding_rtl,Thresholding,,,1,,INT19,INT19,INT8,19,19,,,,3,255,,,,,,,,,,,,,,,,,,,,,,,,325,0,9,548,0,1,0,0
0,StreamingFIFO_rtl_10,StreamingFIFO_rtl,FIFO,,,,,,,,,,,auto,,,,,,,,,,,,,,,,,INT8,8,2,1x128x128x3x1,rtl,,,,,,98,0,48,22,0,0,0,0
0,StreamingDataWidthConverter_rtl_1,StreamingDataWidthConverter_rtl,DWC,,,,,,,,,,,,,,,,,,,,,,,,,,,,INT8,8,,,,1x128x128x3,8,24,,,13,0,0,36,0,0,0,0
0,StreamingFIFO_rtl_11,StreamingFIFO_rtl,FIFO,,,,,,,,,,,ultra,,,,,,,,,,,,,,,,,INT8,8,10170,1x128x128x1x3,vivado,,,,,,82,0,0,79,8,0,0,0
0,StreamingConcat_hls_0,StreamingConcat_hls,Concat,,,,,,INT8,,,8,,,,,,,,,,,,,,,,,,,,,,,,,,,,,128,0,0,192,0,0,0,0
0,StreamingFIFO_rtl_12,StreamingFIFO_rtl,FIFO,,,,,,,,,,,auto,,,,,,,,,,,,,,,,,INT8,8,96,1x128x128x4,rtl,,,,,,81,0,0,79,8,0,0,0
0,StreamingDataWidthConverter_rtl_2,StreamingDataWidthConverter_rtl,DWC,,,,,,,,,,,,,,,,,,,,,,,,,,,,INT8,8,,,,1x128x128x4,32,8,,,38,0,0,53,0,0,0,0
0,StreamingFIFO_rtl_13,StreamingFIFO_rtl,FIFO,,,,,,,,,,,auto,,,,,,,,,,,,,,,,,INT8,8,2,1x128x128x4x1,rtl,,,,,,82,0,0,79,8,0,0,0
0,Thresholding_rtl_3,Thresholding_rtl,Thresholding,,,1,,INT9,INT8,UINT8,9,8,,,,4,255,,,,,,,,,,,,,,,,,,,,,,,,96,0,9,294,0,3,0,0
0,StreamingFIFO_rtl_14,StreamingFIFO_rtl,FIFO,,,,,,,,,,,auto,,,,,,,,,,,,,,,,,UINT8,8,2,1x128x128x4x1,rtl,,,,,,83,0,0,79,8,0,0,0
1,StreamingFIFO_rtl_0,StreamingFIFO_rtl,FIFO,,,,,,,,,,,auto,,,,,,,,,,,,,,,,,UINT8,8,2,1x128x128x4x1,rtl,,,,,,13,0,0,21,0,0,0,0
1,DuplicateStreams_hls_0,DuplicateStreams_hls,DuplicateStreams,,,1,,,UINT8,,,8,,,,4,,,,,,,,,,,,,,,,,,,,,,,,,65,0,0,90,0,0,0,0
1,StreamingFIFO_rtl_1,StreamingFIFO_rtl,FIFO,,,,,,,,,,,ultra,,,,,,,,,,,,,,,,,UINT8,8,506,1x128x128x4x1,vivado,,,,,,109,0,64,22,0,0,0,0
1,StreamingFIFO_rtl_2,StreamingFIFO_rtl,FIFO,,,,,,,,,,,auto,,,,,,,,,,,,,,,,,UINT8,8,2,1x128x128x4x1,rtl,,,,,,13,0,0,21,0,0,0,0
1,StreamingDataWidthConverter_rtl_0,StreamingDataWidthConverter_rtl,DWC,,,,,,,,,,,,,,,,,,,,,,,,,,,,UINT8,8,,,,1x128x128x4,8,32,,,12,0,0,44,0,0,0,0
1,ConvolutionInputGenerator_rtl_0,ConvolutionInputGenerator_rtl,SWU,,,,1,,UINT8,UINT8,,8,,distributed,,,,4,128,128,64,64,2,2,2,2,1,1,0,0,,,,,,,,,,,412,160,0,111,0,0,0,0
1,StreamingFIFO_rtl_3,StreamingFIFO_rtl,FIFO,,,,,,,,,,,auto,,,,,,,,,,,,,,,,,UINT8,8,33,1x128x128x1x4,rtl,,,,,,115,0,64,22,0,0,0,0
1,StreamingFIFO_rtl_4,StreamingFIFO_rtl,FIFO,,,,,,,,,,,auto,,,,,,,,,,,,,,,,,UINT8,8,2,1x64x64x16x1,rtl,,,,,,92,0,32,44,0,0,0,0
1,StreamingDataWidthConverter_rtl_1,StreamingDataWidthConverter_rtl,DWC,,,,,,,,,,,,,,,,,,,,,,,,,,,,UINT8,8,,,,1x64x64x16,8,64,,,13,0,0,77,0,0,0,0
1,StreamingMaxPool_hls_0,StreamingMaxPool_hls,MaxPool,,,1,,,,,,,,,,4,,,,,,,,,,,,,,,,,,,,,,,,,332,32,0,317,0,0,0,0
1,StreamingFIFO_rtl_5,StreamingFIFO_rtl,FIFO,,,,,,,,,,,auto,,,,,,,,,,,,,,,,,UINT8,8,55,1x64x64x1x4,rtl,,,,,,13,0,0,21,0,0,0,0
1,StreamingFIFO_rtl_6,StreamingFIFO_rtl,FIFO,,,,,,,,,,,auto,,,,,,,,,,,,,,,,,UINT8,8,2,1x64x64x2x8,rtl,,,,,,92,0,64,44,0,0,0,0
1,MVAU_rtl_0,MVAU_rtl,MVAU,2,16,1,8,INT8,UINT8,INT18,8,8,dsp,auto,internal_decoupled,,,,,,,,,,,,,,,,,,,,,,,,,,103,34,0,150,0,0,0,4
1,MVAU_rtl_1,MVAU_rtl,MVAU,8,4,1,4,UINT7,UINT8,INT16,7,8,dsp,auto,internal_decoupled,,,,,,,,,,,,,,,,,,,,,,,,,,143,66,0,211,0,0,0,8
1,StreamingFIFO_rtl_7,StreamingFIFO_rtl,FIFO,,,,,,,,,,,auto,,,,,,,,,,,,,,,,,INT18,18,2,1x64x64x2x1,rtl,,,,,,69,0,0,133,0,0,0,0
1,StreamingFIFO_rtl_8,StreamingFIFO_rtl,FIFO,,,,,,,,,,,auto,,,,,,,,,,,,,,,,,INT16,16,2,1x64x64x8x1,rtl,,,,,,22,0,0,37,0,0,0,0
1,Thresholding_rtl_0,Thresholding_rtl,Thresholding,,,1,,INT16,INT16,INT8,16,16,,,,8,255,,,,,,,,,,,,,,,,,,,,,,,,149,0,9,446,0,0,0,0
1,Thresholding_rtl_1,Thresholding_rtl,Thresholding,,,1,,INT18,INT18,UINT8,18,18,,,,2,255,,,,,,,,,,,,,,,,,,,,,,,,139,0,9,468,0,3,0,0
1,StreamingFIFO_rtl_9,StreamingFIFO_rtl,FIFO,,,,,,,,,,,ultra,,,,,,,,,,,,,,,,,INT8,8,7889,1x64x64x8x1,vivado,,,,,,24,0,0,41,0,0,0,0
1,StreamingFIFO_rtl_10,StreamingFIFO_rtl,FIFO,,,,,,,,,,,auto,,,,,,,,,,,,,,,,,UINT8,8,2,1x64x64x2x1,rtl,,,,,,85,0,0,75,0,0,1,0
1,StreamingDataWidthConverter_rtl_2,StreamingDataWidthConverter_rtl,DWC,,,,,,,,,,,,,,,,,,,,,,,,,,,,UINT8,8,,,,1x64x64x2,8,16,,,11,0,0,27,0,0,0,0
1,StreamingFIFO_rtl_11,StreamingFIFO_rtl,FIFO,,,,,,,,,,,auto,,,,,,,,,,,,,,,,,UINT8,8,2,1x64x64x1x2,rtl,,,,,,80,0,0,71,0,0,1,0
1,FMPadding_rtl_0,FMPadding_rtl,FMPadding,,,,2,,UINT8,,,8,,,,2,,,64,64,,,,,,,,,,,,,,,,,,,1x1x1x1,1,55,0,0,49,0,0,0,0
1,StreamingFIFO_rtl_12,StreamingFIFO_rtl,FIFO,,,,,,,,,,,auto,,,,,,,,,,,,,,,,,UINT8,8,68,1x66x66x1x2,rtl,,,,,,13,0,0,21,0,0,0,0
1,StreamingDataWidthConverter_rtl_3,StreamingDataWidthConverter_rtl,DWC,,,,,,,,,,,,,,,,,,,,,,,,,,,,UINT8,8,,,,1x66x66x2,16,8,,,21,0,0,36,0,0,0,0
1,StreamingFIFO_rtl_13,StreamingFIFO_rtl,FIFO,,,,,,,,,,,ultra,,,,,,,,,,,,,,,,,UINT8,8,2066,1x66x66x2x1,vivado,,,,,,71,0,0,67,0,0,1,0
1,ConvolutionInputGenerator_rtl_1,ConvolutionInputGenerator_rtl,SWU,,,,1,,UINT8,UINT8,,8,,distributed,,,,2,66,66,64,64,3,3,1,1,1,1,0,0,,,,,,,,,,,272,50,0,106,0,0,0,0
1,StreamingFIFO_rtl_14,StreamingFIFO_rtl,FIFO,,,,,,,,,,,auto,,,,,,,,,,,,,,,,,UINT8,8,2,1x64x64x18x1,rtl,,,,,,66,0,0,63,0,0,1,0
1,StreamingDataWidthConverter_rtl_4,StreamingDataWidthConverter_rtl,DWC,,,,,,,,,,,,,,,,,,,,,,,,,,,,UINT8,8,,,,1x64x64x18,8,72,,,16,0,0,86,0,0,0,0
1,StreamingFIFO_rtl_15,StreamingFIFO_rtl,FIFO,,,,,,,,,,,auto,,,,,,,,,,,,,,,,,UINT8,8,2,1x64x64x2x9,rtl,,,,,,21,0,0,37,0,0,0,0
1,MVAU_rtl_2,MVAU_rtl,MVAU,2,18,1,9,INT8,UINT8,INT18,8,8,dsp,auto,internal_decoupled,,,,,,,,,,,,,,,,,,,,,,,,,,164,72,0,227,0,0,0,9
1,StreamingFIFO_rtl_16,StreamingFIFO_rtl,FIFO,,,,,,,,,,,auto,,,,,,,,,,,,,,,,,INT18,18,2,1x64x64x2x1,rtl,,,,,,108,0,56,22,0,0,0,0
1,Thresholding_rtl_2,Thresholding_rtl,Thresholding,,,1,,INT18,INT18,UINT8,18,18,,,,2,255,,,,,,,,,,,,,,,,,,,,,,,,190,0,9,518,0,0,0,0
1,StreamingFIFO_rtl_17,StreamingFIFO_rtl,FIFO,,,,,,,,,,,auto,,,,,,,,,,,,,,,,,UINT8,8,2,1x64x64x2x1,rtl,,,,,,112,0,48,29,0,0,0,0
1,MVAU_rtl_3,MVAU_rtl,MVAU,8,2,1,1,INT8,UINT8,INT18,8,8,dsp,auto,internal_decoupled,,,,,,,,,,,,,,,,,,,,,,,,,,54,12,0,118,0,0,0,1
1,StreamingFIFO_rtl_18,StreamingFIFO_rtl,FIFO,,,,,,,,,,,auto,,,,,,,,,,,,,,,,,INT18,18,2,1x64x64x8x1,rtl,,,,,,79,0,0,71,0,0,1,0
1,Thresholding_rtl_3,Thresholding_rtl,Thresholding,,,1,,INT18,INT18,INT8,18,18,,,,8,255,,,,,,,,,,,,,,,,,,,,,,,,128,0,9,457,0,5,0,0
1,StreamingFIFO_rtl_19,StreamingFIFO_rtl,FIFO,,,,,,,,,,,auto,,,,,,,,,,,,,,,,,INT8,8,2,1x64x64x8x1,rtl,,,,,,44,0,8,34,0,0,0,0
1,AddStreams_hls_0,AddStreams_hls,AddStreams,,,1,,,INT8,,,8,,,,8,,,,,,,,,,,,,,,,,,,,,,,,,67,0,0,92,0,0,0,0
1,StreamingFIFO_rtl_20,StreamingFIFO_rtl,FIFO,,,,,,,,,,,auto,,,,,,,,,,,,,,,,,INT9,9,2,1x64x64x8x1,rtl,,,,,,13,0,0,21,0,0,0,0
1,Thresholding_rtl_4,Thresholding_rtl,Thresholding,,,1,,INT10,INT9,INT8,10,9,,,,8,255,,,,,,,,,,,,,,,,,,,,,,,,81,0,12,283,0,0,0,0
1,StreamingFIFO_rtl_21,StreamingFIFO_rtl,FIFO,,,,,,,,,,,auto,,,,,,,,,,,,,,,,,INT8,8,2,1x64x64x8x1,rtl,,,,,,77,0,0,149,0,0,0,0
1,Thresholding_rtl_5,Thresholding_rtl,Thresholding,,,1,,INT9,INT8,UINT8,9,8,,,,8,255,,,,,,,,,,,,,,,,,,,,,,,,74,0,16,200,0,0,0,0
1,StreamingFIFO_rtl_22,StreamingFIFO_rtl,FIFO,,,,,,,,,,,auto,,,,,,,,,,,,,,,,,UINT8,8,2,1x64x64x8x1,rtl,,,,,,24,0,0,41,0,0,0,0
1,DuplicateStreams_hls_1,DuplicateStreams_hls,DuplicateStreams,,,1,,,UINT8,,,8,,,,8,,,,,,,,,,,,,,,,,,,,,,,,,70,0,0,89,0,0,0,0
1,StreamingFIFO_rtl_23,StreamingFIFO_rtl,FIFO,,,,,,,,,,,auto,,,,,,,,,,,,,,,,,UINT8,8,2,1x64x64x8x1,rtl,,,,,,13,0,0,21,0,0,0,0
1,StreamingFIFO_rtl_24,StreamingFIFO_rtl,FIFO,,,,,,,,,,,auto,,,,,,,,,,,,,,,,,UINT8,8,2,1x64x64x8x1,rtl,,,,,,24,0,0,41,0,0,0,0
1,StreamingDataWidthConverter_rtl_5,StreamingDataWidthConverter_rtl,DWC,,,,,,,,,,,,,,,,,,,,,,,,,,,,UINT8,8,,,,1x64x64x8,8,32,,,10,0,0,44,0,0,0,0
1,Thresholding_rtl_6,Thresholding_rtl,Thresholding,,,1,,UINT8,UINT8,INT8,8,8,,,,8,255,,,,,,,,,,,,,,,,,,,,,,,,65,0,12,253,0,4,0,0
1,StreamingFIFO_rtl_25,StreamingFIFO_rtl,FIFO,,,,,,,,,,,auto,,,,,,,,,,,,,,,,,UINT8,8,2,1x64x64x2x4,rtl,,,,,,13,0,0,21,0,0,0,0
1,StreamingFIFO_rtl_26,StreamingFIFO_rtl,FIFO,,,,,,,,,,,ultra,,,,,,,,,,,,,,,,,INT8,8,564,1x64x64x8x1,vivado,,,,,,15,0,0,23,0,0,0,0
1,MVAU_rtl_4,MVAU_rtl,MVAU,2,8,1,4,INT8,UINT8,INT18,8,8,dsp,auto,internal_decoupled,,,,,,,,,,,,,,,,,,,,,,,,,,107,35,0,157,0,0,0,4
1,StreamingFIFO_rtl_27,StreamingFIFO_rtl,FIFO,,,,,,,,,,,auto,,,,,,,,,,,,,,,,,INT18,18,2,1x64x64x2x1,rtl,,,,,,14,0,0,21,0,0,0,0
1,Thresholding_rtl_7,Thresholding_rtl,Thresholding,,,1,,INT18,INT18,UINT8,18,18,,,,2,255,,,,,,,,,,,,,,,,,,,,,,,,204,0,9,526,0,0,0,0
1,StreamingFIFO_rtl_28,StreamingFIFO_rtl,FIFO,,,,,,,,,,,auto,,,,,,,,,,,,,,,,,UINT8,8,2,1x64x64x2x1,rtl,,,,,,13,0,0,21,0,0,0,0
1,StreamingDataWidthConverter_rtl_6,StreamingDataWidthConverter_rtl,DWC,,,,,,,,,,,,,,,,,,,,,,,,,,,,UINT8,8,,,,1x64x64x2,8,16,,,10,0,0,27,0,0,0,0
1,StreamingFIFO_rtl_29,StreamingFIFO_rtl,FIFO,,,,,,,,,,,auto,,,,,,,,,,,,,,,,,UINT8,8,2,1x64x64x1x2,rtl,,,,,,14,0,0,21,0,0,0,0
1,FMPadding_rtl_1,FMPadding_rtl,FMPadding,,,,2,,UINT8,,,8,,,,2,,,64,64,,,,,,,,,,,,,,,,,,,1x1x1x1,1,57,0,0,49,0,0,0,0
1,StreamingFIFO_rtl_30,StreamingFIFO_rtl,FIFO,,,,,,,,,,,auto,,,,,,,,,,,,,,,,,UINT8,8,68,1x66x66x1x2,rtl,,,,,,13,0,0,21,0,0,0,0
1,StreamingDataWidthConverter_rtl_7,StreamingDataWidthConverter_rtl,DWC,,,,,,,,,,,,,,,,,,,,,,,,,,,,UINT8,8,,,,1x66x66x2,16,8,,,23,0,0,36,0,0,0,0
1,StreamingFIFO_rtl_31,StreamingFIFO_rtl,FIFO,,,,,,,,,,,auto,,,,,,,,,,,,,,,,,UINT8,8,236,1x66x66x2x1,rtl,,,,,,37,0,0,69,0,0,0,0
1,ConvolutionInputGenerator_rtl_2,ConvolutionInputGenerator_rtl,SWU,,,,1,,UINT8,UINT8,,8,,distributed,,,,2,66,66,64,64,3,3,1,1,1,1,0,0,,,,,,,,,,,273,50,0,104,0,0,0,0
1,StreamingFIFO_rtl_32,StreamingFIFO_rtl,FIFO,,,,,,,,,,,auto,,,,,,,,,,,,,,,,,UINT8,8,2,1x64x64x18x1,rtl,,,,,,70,0,0,63,0,0,1,0
1,StreamingDataWidthConverter_rtl_8,StreamingDataWidthConverter_rtl,DWC,,,,,,,,,,,,,,,,,,,,,,,,,,,,UINT8,8,,,,1x64x64x18,8,72,,,16,0,0,86,0,0,0,0
1,StreamingFIFO_rtl_33,StreamingFIFO_rtl,FIFO,,,,,,,,,,,auto,,,,,,,,,,,,,,,,,UINT8,8,2,1x64x64x2x9,rtl,,,,,,50,0,16,20,0,0,0,0
1,MVAU_rtl_5,MVAU_rtl,MVAU,2,18,1,9,INT8,UINT8,INT18,8,8,dsp,auto,internal_decoupled,,,,,,,,,,,,,,,,,,,,,,,,,,165,72,0,226,0,0,0,9
1,StreamingFIFO_rtl_34,StreamingFIFO_rtl,FIFO,,,,,,,,,,,auto,,,,,,,,,,,,,,,,,INT18,18,2,1x64x64x2x1,rtl,,,,,,24,0,0,41,0,0,0,0
1,Thresholding_rtl_8,Thresholding_rtl,Thresholding,,,1,,INT18,INT18,UINT8,18,18,,,,2,255,,,,,,,,,,,,,,,,,,,,,,,,196,0,9,528,0,0,0,0
1,StreamingFIFO_rtl_35,StreamingFIFO_rtl,FIFO,,,,,,,,,,,auto,,,,,,,,,,,,,,,,,UINT8,8,2,1x64x64x2x1,rtl,,,,,,13,0,0,21,0,0,0,0
1,MVAU_rtl_6,MVAU_rtl,MVAU,8,2,1,1,INT4,UINT8,INT14,4,8,dsp,auto,internal_decoupled,,,,,,,,,,,,,,,,,,,,,,,,,,48,10,0,98,0,0,0,1
1,StreamingFIFO_rtl_36,StreamingFIFO_rtl,FIFO,,,,,,,,,,,auto,,,,,,,,,,,,,,,,,INT14,14,2,1x64x64x8x1,rtl,,,,,,21,0,0,37,0,0,0,0
1,Thresholding_rtl_9,Thresholding_rtl,Thresholding,,,1,,INT14,INT14,INT8,14,14,,,,8,255,,,,,,,,,,,,,,,,,,,,,,,,108,0,9,399,0,4,0,0
1,StreamingFIFO_rtl_37,StreamingFIFO_rtl,FIFO,,,,,,,,,,,auto,,,,,,,,,,,,,,,,,INT8,8,2,1x64x64x8x1,rtl,,,,,,111,0,48,29,0,0,0,0
1,AddStreams_hls_1,AddStreams_hls,AddStreams,,,1,,,INT8,,,8,,,,8,,,,,,,,,,,,,,,,,,,,,,,,,69,0,0,92,0,0,0,0
1,StreamingFIFO_rtl_38,StreamingFIFO_rtl,FIFO,,,,,,,,,,,auto,,,,,,,,,,,,,,,,,INT9,9,2,1x64x64x8x1,rtl,,,,,,111,0,64,46,0,0,0,0
1,Thresholding_rtl_10,Thresholding_rtl,Thresholding,,,1,,INT10,INT9,INT8,10,9,,,,8,255,,,,,,,,,,,,,,,,,,,,,,,,81,0,12,283,0,3,0,0
1,StreamingFIFO_rtl_39,StreamingFIFO_rtl,FIFO,,,,,,,,,,,auto,,,,,,,,,,,,,,,,,INT8,8,2,1x64x64x8x1,rtl,,,,,,13,0,0,21,0,0,0,0
1,Thresholding_rtl_11,Thresholding_rtl,Thresholding,,,1,,INT9,INT8,UINT8,9,8,,,,8,255,,,,,,,,,,,,,,,,,,,,,,,,75,0,16,200,0,1,0,0
1,StreamingFIFO_rtl_40,StreamingFIFO_rtl,FIFO,,,,,,,,,,,auto,,,,,,,,,,,,,,,,,UINT8,8,2,1x64x64x8x1,rtl,,,,,,77,0,0,149,0,0,0,0
1,DuplicateStreams_hls_2,DuplicateStreams_hls,DuplicateStreams,,,1,,,UINT8,,,8,,,,8,,,,,,,,,,,,,,,,,,,,,,,,,68,0,0,89,0,0,0,0
1,StreamingFIFO_rtl_41,StreamingFIFO_rtl,FIFO,,,,,,,,,,,auto,,,,,,,,,,,,,,,,,UINT8,8,2,1x64x64x8x1,rtl,,,,,,25,0,0,41,0,0,0,0
1,StreamingFIFO_rtl_42,StreamingFIFO_rtl,FIFO,,,,,,,,,,,auto,,,,,,,,,,,,,,,,,UINT8,8,2,1x64x64x8x1,rtl,,,,,,13,0,0,21,0,0,0,0
1,StreamingDataWidthConverter_rtl_9,StreamingDataWidthConverter_rtl,DWC,,,,,,,,,,,,,,,,,,,,,,,,,,,,UINT8,8,,,,1x64x64x8,8,32,,,11,0,0,44,0,0,0,0
1,Thresholding_rtl_12,Thresholding_rtl,Thresholding,,,1,,UINT8,UINT8,INT8,8,8,,,,8,255,,,,,,,,,,,,,,,,,,,,,,,,65,0,12,253,0,4,0,0
1,StreamingFIFO_rtl_43,StreamingFIFO_rtl,FIFO,,,,,,,,,,,auto,,,,,,,,,,,,,,,,,UINT8,8,2,1x64x64x2x4,rtl,,,,,,20,0,0,33,0,0,0,0
1,StreamingFIFO_rtl_44,StreamingFIFO_rtl,FIFO,,,,,,,,,,,ultra,,,,,,,,,,,,,,,,,INT8,8,564,1x64x64x8x1,vivado,,,,,,13,0,0,21,0,0,0,0
1,MVAU_rtl_7,MVAU_rtl,MVAU,2,8,1,4,INT8,UINT8,INT17,8,8,dsp,auto,internal_decoupled,,,,,,,,,,,,,,,,,,,,,,,,,,103,35,0,153,0,0,0,4
1,StreamingFIFO_rtl_45,StreamingFIFO_rtl,FIFO,,,,,,,,,,,auto,,,,,,,,,,,,,,,,,INT17,17,2,1x64x64x2x1,rtl,,,,,,15,0,0,23,0,0,0,0
1,Thresholding_rtl_13,Thresholding_rtl,Thresholding,,,1,,INT17,INT17,UINT8,17,17,,,,2,255,,,,,,,,,,,,,,,,,,,,,,,,203,0,9,500,0,0,0,0
1,StreamingFIFO_rtl_46,StreamingFIFO_rtl,FIFO,,,,,,,,,,,auto,,,,,,,,,,,,,,,,,UINT8,8,2,1x64x64x2x1,rtl,,,,,,14,0,0,21,0,0,0,0
1,StreamingDataWidthConverter_rtl_10,StreamingDataWidthConverter_rtl,DWC,,,,,,,,,,,,,,,,,,,,,,,,,,,,UINT8,8,,,,1x64x64x2,8,16,,,11,0,0,27,0,0,0,0
1,StreamingFIFO_rtl_47,StreamingFIFO_rtl,FIFO,,,,,,,,,,,auto,,,,,,,,,,,,,,,,,UINT8,8,2,1x64x64x1x2,rtl,,,,,,13,0,0,21,0,0,0,0
1,FMPadding_rtl_2,FMPadding_rtl,FMPadding,,,,2,,UINT8,,,8,,,,2,,,64,64,,,,,,,,,,,,,,,,,,,1x1x1x1,1,60,0,0,49,0,0,0,0
1,StreamingFIFO_rtl_48,StreamingFIFO_rtl,FIFO,,,,,,,,,,,auto,,,,,,,,,,,,,,,,,UINT8,8,68,1x66x66x1x2,rtl,,,,,,14,0,0,21,0,0,0,0
1,StreamingDataWidthConverter_rtl_11,StreamingDataWidthConverter_rtl,DWC,,,,,,,,,,,,,,,,,,,,,,,,,,,,UINT8,8,,,,1x66x66x2,16,8,,,22,0,0,36,0,0,0,0
1,StreamingFIFO_rtl_49,StreamingFIFO_rtl,FIFO,,,,,,,,,,,auto,,,,,,,,,,,,,,,,,UINT8,8,236,1x66x66x2x1,rtl,,,,,,13,0,0,21,0,0,0,0
1,ConvolutionInputGenerator_rtl_3,ConvolutionInputGenerator_rtl,SWU,,,,1,,UINT8,UINT8,,8,,distributed,,,,2,66,66,64,64,3,3,1,1,1,1,0,0,,,,,,,,,,,281,50,0,184,0,0,0,0
1,StreamingFIFO_rtl_50,StreamingFIFO_rtl,FIFO,,,,,,,,,,,auto,,,,,,,,,,,,,,,,,UINT8,8,2,1x64x64x18x1,rtl,,,,,,37,0,0,69,0,0,0,0
1,StreamingDataWidthConverter_rtl_12,StreamingDataWidthConverter_rtl,DWC,,,,,,,,,,,,,,,,,,,,,,,,,,,,UINT8,8,,,,1x64x64x18,8,72,,,16,0,0,86,0,0,0,0
1,StreamingFIFO_rtl_51,StreamingFIFO_rtl,FIFO,,,,,,,,,,,auto,,,,,,,,,,,,,,,,,UINT8,8,2,1x64x64x2x9,rtl,,,,,,69,0,0,63,0,0,1,0
1,MVAU_rtl_8,MVAU_rtl,MVAU,2,18,1,9,INT8,UINT8,INT18,8,8,dsp,auto,internal_decoupled,,,,,,,,,,,,,,,,,,,,,,,,,,162,71,0,225,0,0,0,9
1,StreamingFIFO_rtl_52,StreamingFIFO_rtl,FIFO,,,,,,,,,,,auto,,,,,,,,,,,,,,,,,INT18,18,2,1x64x64x2x1,rtl,,,,,,50,0,16,20,0,0,0,0
1,Thresholding_rtl_14,Thresholding_rtl,Thresholding,,,1,,INT18,INT18,UINT8,18,18,,,,2,255,,,,,,,,,,,,,,,,,,,,,,,,195,0,9,526,0,0,0,0
1,StreamingFIFO_rtl_53,StreamingFIFO_rtl,FIFO,,,,,,,,,,,auto,,,,,,,,,,,,,,,,,UINT8,8,2,1x64x64x2x1,rtl,,,,,,23,0,0,39,0,0,0,0
1,MVAU_rtl_9,MVAU_rtl,MVAU,8,2,1,1,INT8,UINT8,INT17,8,8,dsp,auto,internal_decoupled,,,,,,,,,,,,,,,,,,,,,,,,,,53,12,0,114,0,0,0,1
1,StreamingFIFO_rtl_54,StreamingFIFO_rtl,FIFO,,,,,,,,,,,auto,,,,,,,,,,,,,,,,,INT17,17,2,1x64x64x8x1,rtl,,,,,,13,0,0,21,0,0,0,0
1,Thresholding_rtl_15,Thresholding_rtl,Thresholding,,,1,,INT17,INT17,INT8,17,17,,,,8,255,,,,,,,,,,,,,,,,,,,,,,,,253,0,9,565,0,0,0,0
1,StreamingFIFO_rtl_55,StreamingFIFO_rtl,FIFO,,,,,,,,,,,auto,,,,,,,,,,,,,,,,,INT8,8,2,1x64x64x8x1,rtl,,,,,,21,0,0,37,0,0,0,0
1,AddStreams_hls_2,AddStreams_hls,AddStreams,,,1,,,INT8,,,8,,,,8,,,,,,,,,,,,,,,,,,,,,,,,,67,0,0,92,0,0,0,0
1,StreamingFIFO_rtl_56,StreamingFIFO_rtl,FIFO,,,,,,,,,,,auto,,,,,,,,,,,,,,,,,INT9,9,2,1x64x64x8x1,rtl,,,,,,111,0,48,29,0,0,0,0
1,Thresholding_rtl_16,Thresholding_rtl,Thresholding,,,1,,INT10,INT9,INT8,10,9,,,,8,255,,,,,,,,,,,,,,,,,,,,,,,,81,0,12,283,0,3,0,0
1,StreamingFIFO_rtl_57,StreamingFIFO_rtl,FIFO,,,,,,,,,,,auto,,,,,,,,,,,,,,,,,INT8,8,2,1x64x64x8x1,rtl,,,,,,112,0,64,100,0,0,0,0
1,Thresholding_rtl_17,Thresholding_rtl,Thresholding,,,1,,INT9,INT8,UINT6,9,8,,,,8,63,,,,,,,,,,,,,,,,,,,,,,,,57,0,11,130,0,0,0,0
1,StreamingFIFO_rtl_58,StreamingFIFO_rtl,FIFO,,,,,,,,,,,auto,,,,,,,,,,,,,,,,,UINT6,6,2,1x64x64x8x1,rtl,,,,,,13,0,0,21,0,0,0,0
1,DuplicateStreams_hls_3,DuplicateStreams_hls,DuplicateStreams,,,1,,,UINT6,,,6,,,,8,,,,,,,,,,,,,,,,,,,,,,,,,66,0,0,75,0,0,0,0
1,StreamingFIFO_rtl_59,StreamingFIFO_rtl,FIFO,,,,,,,,,,,auto,,,,,,,,,,,,,,,,,UINT6,6,2,1x64x64x8x1,rtl,,,,,,77,0,0,149,0,0,0,0
1,StreamingFIFO_rtl_60,StreamingFIFO_rtl,FIFO,,,,,,,,,,,auto,,,,,,,,,,,,,,,,,UINT6,6,2,1x64x64x8x1,rtl,,,,,,25,0,0,41,0,0,0,0
1,StreamingDataWidthConverter_rtl_13,StreamingDataWidthConverter_rtl,DWC,,,,,,,,,,,,,,,,,,,,,,,,,,,,UINT6,6,,,,1x64x64x8,6,24,,,9,0,0,34,0,0,0,0
1,Thresholding_rtl_18,Thresholding_rtl,Thresholding,,,1,,UINT6,UINT6,INT8,6,6,,,,8,255,,,,,,,,,,,,,,,,,,,,,,,,55,0,17,171,0,3,0,0
1,StreamingFIFO_rtl_61,StreamingFIFO_rtl,FIFO,,,,,,,,,,,auto,,,,,,,,,,,,,,,,,UINT6,6,2,1x64x64x2x4,rtl,,,,,,13,0,0,21,0,0,0,0
1,StreamingFIFO_rtl_62,StreamingFIFO_rtl,FIFO,,,,,,,,,,,ultra,,,,,,,,,,,,,,,,,INT8,8,564,1x64x64x8x1,vivado,,,,,,23,0,0,39,0,0,0,0
1,MVAU_rtl_10,MVAU_rtl,MVAU,2,8,1,4,INT8,UINT6,INT15,8,6,dsp,auto,internal_decoupled,,,,,,,,,,,,,,,,,,,,,,,,,,95,31,0,136,0,0,0,4
1,StreamingFIFO_rtl_63,StreamingFIFO_rtl,FIFO,,,,,,,,,,,auto,,,,,,,,,,,,,,,,,INT15,15,2,1x64x64x2x1,rtl,,,,,,13,0,0,21,0,0,0,0
1,Thresholding_rtl_19,Thresholding_rtl,Thresholding,,,1,,INT15,INT15,UINT8,15,15,,,,2,255,,,,,,,,,,,,,,,,,,,,,,,,197,0,9,452,0,0,0,0
1,StreamingFIFO_rtl_64,StreamingFIFO_rtl,FIFO,,,,,,,,,,,auto,,,,,,,,,,,,,,,,,UINT8,8,2,1x64x64x2x1,rtl,,,,,,15,0,0,23,0,0,0,0
1,StreamingDataWidthConverter_rtl_14,StreamingDataWidthConverter_rtl,DWC,,,,,,,,,,,,,,,,,,,,,,,,,,,,UINT8,8,,,,1x64x64x2,8,16,,,11,0,0,27,0,0,0,0
1,StreamingFIFO_rtl_65,StreamingFIFO_rtl,FIFO,,,,,,,,,,,auto,,,,,,,,,,,,,,,,,UINT8,8,2,1x64x64x1x2,rtl,,,,,,14,0,0,21,0,0,0,0
1,FMPadding_rtl_3,FMPadding_rtl,FMPadding,,,,2,,UINT8,,,8,,,,2,,,64,64,,,,,,,,,,,,,,,,,,,1x1x1x1,1,58,0,0,49,0,0,0,0
1,StreamingFIFO_rtl_66,StreamingFIFO_rtl,FIFO,,,,,,,,,,,auto,,,,,,,,,,,,,,,,,UINT8,8,68,1x66x66x1x2,rtl,,,,,,11,0,0,17,0,0,0,0
1,StreamingDataWidthConverter_rtl_15,StreamingDataWidthConverter_rtl,DWC,,,,,,,,,,,,,,,,,,,,,,,,,,,,UINT8,8,,,,1x66x66x2,16,8,,,23,0,0,36,0,0,0,0
1,StreamingFIFO_rtl_67,StreamingFIFO_rtl,FIFO,,,,,,,,,,,auto,,,,,,,,,,,,,,,,,UINT8,8,236,1x66x66x2x1,rtl,,,,,,12,0,0,17,0,0,0,0
1,ConvolutionInputGenerator_rtl_4,ConvolutionInputGenerator_rtl,SWU,,,,1,,UINT8,UINT8,,8,,distributed,,,,2,66,66,64,64,3,3,1,1,1,1,0,0,,,,,,,,,,,282,50,0,184,0,0,0,0
1,StreamingFIFO_rtl_68,StreamingFIFO_rtl,FIFO,,,,,,,,,,,auto,,,,,,,,,,,,,,,,,UINT8,8,2,1x64x64x18x1,rtl,,,,,,11,0,0,17,0,0,0,0
1,StreamingDataWidthConverter_rtl_16,StreamingDataWidthConverter_rtl,DWC,,,,,,,,,,,,,,,,,,,,,,,,,,,,UINT8,8,,,,1x64x64x18,8,72,,,16,0,0,86,0,0,0,0
1,StreamingFIFO_rtl_69,StreamingFIFO_rtl,FIFO,,,,,,,,,,,auto,,,,,,,,,,,,,,,,,UINT8,8,2,1x64x64x2x9,rtl,,,,,,29,0,0,53,0,0,0,0
1,MVAU_rtl_11,MVAU_rtl,MVAU,2,18,1,9,INT8,UINT8,INT19,8,8,dsp,auto,internal_decoupled,,,,,,,,,,,,,,,,,,,,,,,,,,173,76,0,238,0,0,0,9
1,StreamingFIFO_rtl_70,StreamingFIFO_rtl,FIFO,,,,,,,,,,,auto,,,,,,,,,,,,,,,,,INT19,19,2,1x64x64x2x1,rtl,,,,,,66,0,0,63,0,0,1,0
1,Thresholding_rtl_20,Thresholding_rtl,Thresholding,,,1,,INT19,INT19,UINT8,19,19,,,,2,255,,,,,,,,,,,,,,,,,,,,,,,,220,0,9,548,0,0,0,0
1,StreamingFIFO_rtl_71,StreamingFIFO_rtl,FIFO,,,,,,,,,,,auto,,,,,,,,,,,,,,,,,UINT8,8,2,1x64x64x2x1,rtl,,,,,,49,0,16,20,0,0,0,0
1,MVAU_rtl_12,MVAU_rtl,MVAU,8,2,1,1,INT8,UINT8,INT17,8,8,dsp,auto,internal_decoupled,,,,,,,,,,,,,,,,,,,,,,,,,,52,12,0,114,0,0,0,1
1,StreamingFIFO_rtl_72,StreamingFIFO_rtl,FIFO,,,,,,,,,,,auto,,,,,,,,,,,,,,,,,INT17,17,2,1x64x64x8x1,rtl,,,,,,21,0,0,35,0,0,0,0
1,Thresholding_rtl_21,Thresholding_rtl,Thresholding,,,1,,INT17,INT17,INT8,17,17,,,,8,255,,,,,,,,,,,,,,,,,,,,,,,,131,0,9,438,0,5,0,0
1,StreamingFIFO_rtl_73,StreamingFIFO_rtl,FIFO,,,,,,,,,,,auto,,,,,,,,,,,,,,,,,INT8,8,2,1x64x64x8x1,rtl,,,,,,13,0,0,21,0,0,0,0
1,AddStreams_hls_3,AddStreams_hls,AddStreams,,,1,,,INT8,,,8,,,,8,,,,,,,,,,,,,,,,,,,,,,,,,66,0,0,92,0,0,0,0
1,StreamingFIFO_rtl_74,StreamingFIFO_rtl,FIFO,,,,,,,,,,,auto,,,,,,,,,,,,,,,,,INT9,9,2,1x64x64x8x1,rtl,,,,,,21,0,0,37,0,0,0,0
1,Thresholding_rtl_22,Thresholding_rtl,Thresholding,,,1,,INT10,INT9,INT8,10,9,,,,8,255,,,,,,,,,,,,,,,,,,,,,,,,81,0,12,283,0,0,0,0
1,StreamingFIFO_rtl_75,StreamingFIFO_rtl,FIFO,,,,,,,,,,,auto,,,,,,,,,,,,,,,,,INT8,8,2,1x64x64x8x1,rtl,,,,,,111,0,48,29,0,0,0,0
1,Thresholding_rtl_23,Thresholding_rtl,Thresholding,,,1,,INT9,INT8,UINT6,9,8,,,,8,63,,,,,,,,,,,,,,,,,,,,,,,,57,0,11,130,0,0,0,0
1,StreamingFIFO_rtl_76,StreamingFIFO_rtl,FIFO,,,,,,,,,,,auto,,,,,,,,,,,,,,,,,UINT6,6,2,1x64x64x8x1,rtl,,,,,,112,0,64,100,0,0,0,0
1,DuplicateStreams_hls_4,DuplicateStreams_hls,DuplicateStreams,,,1,,,UINT6,,,6,,,,8,,,,,,,,,,,,,,,,,,,,,,,,,65,0,0,75,0,0,0,0
1,StreamingFIFO_rtl_77,StreamingFIFO_rtl,FIFO,,,,,,,,,,,auto,,,,,,,,,,,,,,,,,UINT6,6,2,1x64x64x8x1,rtl,,,,,,13,0,0,21,0,0,0,0
1,StreamingFIFO_rtl_78,StreamingFIFO_rtl,FIFO,,,,,,,,,,,auto,,,,,,,,,,,,,,,,,UINT6,6,2,1x64x64x8x1,rtl,,,,,,77,0,0,149,0,0,0,0
1,StreamingDataWidthConverter_rtl_17,StreamingDataWidthConverter_rtl,DWC,,,,,,,,,,,,,,,,,,,,,,,,,,,,UINT6,6,,,,1x64x64x8,6,24,,,9,0,0,34,0,0,0,0
1,Thresholding_rtl_24,Thresholding_rtl,Thresholding,,,1,,UINT6,UINT6,INT8,6,6,,,,8,255,,,,,,,,,,,,,,,,,,,,,,,,55,0,17,171,0,3,0,0
1,StreamingFIFO_rtl_79,StreamingFIFO_rtl,FIFO,,,,,,,,,,,auto,,,,,,,,,,,,,,,,,UINT6,6,2,1x64x64x2x4,rtl,,,,,,26,0,0,43,0,0,0,0
1,StreamingFIFO_rtl_80,StreamingFIFO_rtl,FIFO,,,,,,,,,,,ultra,,,,,,,,,,,,,,,,,INT8,8,558,1x64x64x8x1,vivado,,,,,,13,0,0,21,0,0,0,0
1,MVAU_rtl_13,MVAU_rtl,MVAU,2,8,1,4,INT8,UINT6,INT16,8,6,dsp,auto,internal_decoupled,,,,,,,,,,,,,,,,,,,,,,,,,,96,29,0,136,0,0,0,4
1,StreamingFIFO_rtl_81,StreamingFIFO_rtl,FIFO,,,,,,,,,,,auto,,,,,,,,,,,,,,,,,INT16,16,2,1x64x64x2x1,rtl,,,,,,23,0,0,39,0,0,0,0
1,Thresholding_rtl_25,Thresholding_rtl,Thresholding,,,1,,INT16,INT16,UINT6,16,16,,,,2,63,,,,,,,,,,,,,,,,,,,,,,,,110,0,7,332,0,0,0,0
1,StreamingFIFO_rtl_82,StreamingFIFO_rtl,FIFO,,,,,,,,,,,auto,,,,,,,,,,,,,,,,,UINT6,6,2,1x64x64x2x1,rtl,,,,,,13,0,0,21,0,0,0,0
1,StreamingDataWidthConverter_rtl_18,StreamingDataWidthConverter_rtl,DWC,,,,,,,,,,,,,,,,,,,,,,,,,,,,UINT6,6,,,,1x64x64x2,6,12,,,8,0,0,21,0,0,0,0
1,StreamingFIFO_rtl_83,StreamingFIFO_rtl,FIFO,,,,,,,,,,,auto,,,,,,,,,,,,,,,,,UINT6,6,2,1x64x64x1x2,rtl,,,,,,15,0,0,23,0,0,0,0
1,FMPadding_rtl_4,FMPadding_rtl,FMPadding,,,,2,,UINT6,,,6,,,,2,,,64,64,,,,,,,,,,,,,,,,,,,1x1x1x1,1,55,0,0,41,0,0,0,0
1,StreamingFIFO_rtl_84,StreamingFIFO_rtl,FIFO,,,,,,,,,,,auto,,,,,,,,,,,,,,,,,UINT6,6,68,1x66x66x1x2,rtl,,,,,,14,0,0,21,0,0,0,0
1,StreamingDataWidthConverter_rtl_19,StreamingDataWidthConverter_rtl,DWC,,,,,,,,,,,,,,,,,,,,,,,,,,,,UINT6,6,,,,1x66x66x2,12,6,,,17,0,0,28,0,0,0,0
1,StreamingFIFO_rtl_85,StreamingFIFO_rtl,FIFO,,,,,,,,,,,auto,,,,,,,,,,,,,,,,,UINT6,6,236,1x66x66x2x1,rtl,,,,,,11,0,0,17,0,0,0,0
1,ConvolutionInputGenerator_rtl_5,ConvolutionInputGenerator_rtl,SWU,,,,1,,UINT6,UINT6,,6,,distributed,,,,2,66,66,64,64,3,3,1,1,1,1,0,0,,,,,,,,,,,260,40,0,102,0,0,0,0
1,StreamingFIFO_rtl_86,StreamingFIFO_rtl,FIFO,,,,,,,,,,,auto,,,,,,,,,,,,,,,,,UINT6,6,2,1x64x64x18x1,rtl,,,,,,12,0,0,17,0,0,0,0
1,StreamingDataWidthConverter_rtl_20,StreamingDataWidthConverter_rtl,DWC,,,,,,,,,,,,,,,,,,,,,,,,,,,,UINT6,6,,,,1x64x64x18,6,54,,,14,0,0,66,0,0,0,0
1,StreamingFIFO_rtl_87,StreamingFIFO_rtl,FIFO,,,,,,,,,,,auto,,,,,,,,,,,,,,,,,UINT6,6,2,1x64x64x2x9,rtl,,,,,,11,0,0,17,0,0,0,0
1,MVAU_rtl_14,MVAU_rtl,MVAU,2,18,1,9,INT8,UINT6,INT17,8,6,dsp,auto,internal_decoupled,,,,,,,,,,,,,,,,,,,,,,,,,,152,65,0,210,0,0,0,9
1,StreamingFIFO_rtl_88,StreamingFIFO_rtl,FIFO,,,,,,,,,,,auto,,,,,,,,,,,,,,,,,INT17,17,2,1x64x64x2x1,rtl,,,,,,29,0,0,53,0,0,0,0
1,Thresholding_rtl_26,Thresholding_rtl,Thresholding,,,1,,INT17,INT17,UINT4,17,17,,,,2,15,,,,,,,,,,,,,,,,,,,,,,,,94,0,5,224,0,0,0,0
1,StreamingFIFO_rtl_89,StreamingFIFO_rtl,FIFO,,,,,,,,,,,auto,,,,,,,,,,,,,,,,,UINT4,4,2,1x64x64x2x1,rtl,,,,,,68,0,0,63,0,0,1,0
1,MVAU_rtl_15,MVAU_rtl,MVAU,8,2,1,1,INT8,UINT4,INT13,8,4,dsp,auto,internal_decoupled,,,,,,,,,,,,,,,,,,,,,,,,,,45,8,0,94,0,0,0,1
1,StreamingFIFO_rtl_90,StreamingFIFO_rtl,FIFO,,,,,,,,,,,auto,,,,,,,,,,,,,,,,,INT13,13,2,1x64x64x8x1,rtl,,,,,,51,0,16,20,0,0,0,0
1,Thresholding_rtl_27,Thresholding_rtl,Thresholding,,,1,,INT13,INT13,INT8,13,13,,,,8,255,,,,,,,,,,,,,,,,,,,,,,,,364,0,9,466,0,0,0,0
1,StreamingFIFO_rtl_91,StreamingFIFO_rtl,FIFO,,,,,,,,,,,auto,,,,,,,,,,,,,,,,,INT8,8,2,1x64x64x8x1,rtl,,,,,,22,0,0,37,0,0,0,0
1,AddStreams_hls_4,AddStreams_hls,AddStreams,,,1,,,INT8,,,8,,,,8,,,,,,,,,,,,,,,,,,,,,,,,,68,0,0,92,0,0,0,0
1,StreamingFIFO_rtl_92,StreamingFIFO_rtl,FIFO,,,,,,,,,,,auto,,,,,,,,,,,,,,,,,INT9,9,2,1x64x64x8x1,rtl,,,,,,11,0,0,17,0,0,0,0
1,Thresholding_rtl_28,Thresholding_rtl,Thresholding,,,1,,INT10,INT9,INT8,10,9,,,,8,255,,,,,,,,,,,,,,,,,,,,,,,,80,0,12,283,0,3,0,0
1,StreamingFIFO_rtl_93,StreamingFIFO_rtl,FIFO,,,,,,,,,,,auto,,,,,,,,,,,,,,,,,INT8,8,2,1x64x64x8x1,rtl,,,,,,17,0,0,29,0,0,0,0
1,Thresholding_rtl_29,Thresholding_rtl,Thresholding,,,1,,INT9,INT8,UINT6,9,8,,,,8,63,,,,,,,,,,,,,,,,,,,,,,,,57,0,11,130,0,0,0,0
1,StreamingFIFO_rtl_94,StreamingFIFO_rtl,FIFO,,,,,,,,,,,auto,,,,,,,,,,,,,,,,,UINT6,6,2,1x64x64x8x1,rtl,,,,,,92,0,36,25,0,0,0,0
1,DuplicateStreams_hls_5,DuplicateStreams_hls,DuplicateStreams,,,1,,,UINT6,,,6,,,,8,,,,,,,,,,,,,,,,,,,,,,,,,65,0,0,75,0,0,0,0
1,StreamingFIFO_rtl_95,StreamingFIFO_rtl,FIFO,,,,,,,,,,,auto,,,,,,,,,,,,,,,,,UINT6,6,2,1x64x64x8x1,rtl,,,,,,91,0,48,40,0,0,0,0
1,StreamingFIFO_rtl_96,StreamingFIFO_rtl,FIFO,,,,,,,,,,,auto,,,,,,,,,,,,,,,,,UINT6,6,2,1x64x64x8x1,rtl,,,,,,11,0,0,17,0,0,0,0
1,StreamingDataWidthConverter_rtl_21,StreamingDataWidthConverter_rtl,DWC,,,,,,,,,,,,,,,,,,,,,,,,,,,,UINT6,6,,,,1x64x64x8,6,48,,,11,0,0,59,0,0,0,0
1,ConvolutionInputGenerator_rtl_6,ConvolutionInputGenerator_rtl,SWU,,,,1,,UINT6,UINT6,,6,,distributed,,,,8,64,64,32,32,2,2,2,2,1,1,0,0,,,,,,,,,,,371,128,0,106,0,0,0,0
1,StreamingFIFO_rtl_97,StreamingFIFO_rtl,FIFO,,,,,,,,,,,auto,,,,,,,,,,,,,,,,,UINT6,6,2,1x64x64x1x8,rtl,,,,,,59,0,0,113,0,0,0,0
1,StreamingFIFO_rtl_98,StreamingFIFO_rtl,FIFO,,,,,,,,,,,auto,,,,,,,,,,,,,,,,,UINT6,6,2,1x32x32x32x1,rtl,,,,,,23,0,0,39,0,0,0,0
1,StreamingDataWidthConverter_rtl_22,StreamingDataWidthConverter_rtl,DWC,,,,,,,,,,,,,,,,,,,,,,,,,,,,UINT6,6,,,,1x32x32x32,6,96,,,14,0,0,108,0,0,0,0
1,StreamingMaxPool_hls_1,StreamingMaxPool_hls,MaxPool,,,1,,,,,,,,,,8,,,,,,,,,,,,,,,,,,,,,,,,,403,24,0,424,0,0,0,0
1,StreamingFIFO_rtl_99,StreamingFIFO_rtl,FIFO,,,,,,,,,,,auto,,,,,,,,,,,,,,,,,UINT6,6,32,1x32x32x1x8,rtl,,,,,,9,0,0,13,0,0,0,0
1,StreamingFIFO_rtl_100,StreamingFIFO_rtl,FIFO,,,,,,,,,,,auto,,,,,,,,,,,,,,,,,UINT6,6,2,1x32x32x2x16,rtl,,,,,,19,0,0,31,0,0,0,0
1,MVAU_rtl_16,MVAU_rtl,MVAU,4,32,1,16,INT8,UINT6,INT17,8,6,dsp,auto,internal_decoupled,,,,,,,,,,,,,,,,,,,,,,,,,,272,119,0,317,0,0,0,16
1,MVAU_rtl_17,MVAU_rtl,MVAU,16,8,1,8,UINT7,UINT6,INT14,7,6,dsp,auto,internal_decoupled,,,,,,,,,,,,,,,,,,,,,,,,,,135,56,0,189,0,0,0,8
1,StreamingFIFO_rtl_101,StreamingFIFO_rtl,FIFO,,,,,,,,,,,auto,,,,,,,,,,,,,,,,,INT17,17,2,1x32x32x4x1,rtl,,,,,,13,0,0,21,0,0,0,0
1,StreamingFIFO_rtl_102,StreamingFIFO_rtl,FIFO,,,,,,,,,,,auto,,,,,,,,,,,,,,,,,INT14,14,2,1x32x32x16x1,rtl,,,,,,15,0,0,23,0,0,0,0
1,Thresholding_rtl_30,Thresholding_rtl,Thresholding,,,1,,INT17,INT17,UINT6,17,17,,,,4,63,,,,,,,,,,,,,,,,,,,,,,,,110,0,7,333,0,2,0,0
1,Thresholding_rtl_31,Thresholding_rtl,Thresholding,,,1,,INT14,INT14,INT8,14,14,,,,16,255,,,,,,,,,,,,,,,,,,,,,,,,95,0,13,358,1,4,0,0
1,StreamingFIFO_rtl_103,StreamingFIFO_rtl,FIFO,,,,,,,,,,,auto,,,,,,,,,,,,,,,,,UINT6,6,2,1x32x32x4x1,rtl,,,,,,14,0,0,21,0,0,0,0
1,StreamingFIFO_rtl_104,StreamingFIFO_rtl,FIFO,,,,,,,,,,,ultra,,,,,,,,,,,,,,,,,INT8,8,510,1x32x32x16x1,vivado,,,,,,11,0,0,17,0,0,0,0
1,StreamingDataWidthConverter_rtl_23,StreamingDataWidthConverter_rtl,DWC,,,,,,,,,,,,,,,,,,,,,,,,,,,,UINT6,6,,,,1x32x32x4,6,24,,,9,0,0,34,0,0,0,0
1,StreamingFIFO_rtl_105,StreamingFIFO_rtl,FIFO,,,,,,,,,,,auto,,,,,,,,,,,,,,,,,UINT6,6,2,1x32x32x1x4,rtl,,,,,,11,0,0,17,0,0,0,0
1,FMPadding_rtl_5,FMPadding_rtl,FMPadding,,,,4,,UINT6,,,6,,,,4,,,32,32,,,,,,,,,,,,,,,,,,,1x1x1x1,1,51,0,0,63,0,0,0,0
1,StreamingFIFO_rtl_106,StreamingFIFO_rtl,FIFO,,,,,,,,,,,auto,,,,,,,,,,,,,,,,,UINT6,6,53,1x34x34x1x4,rtl,,,,,,11,0,0,17,0,0,0,0
1,StreamingDataWidthConverter_rtl_24,StreamingDataWidthConverter_rtl,DWC,,,,,,,,,,,,,,,,,,,,,,,,,,,,UINT6,6,,,,1x34x34x4,24,6,,,32,0,0,41,0,0,0,0
1,StreamingFIFO_rtl_107,StreamingFIFO_rtl,FIFO,,,,,,,,,,,auto,,,,,,,,,,,,,,,,,UINT6,6,236,1x34x34x4x1,rtl,,,,,,53,0,0,101,0,0,0,0
1,ConvolutionInputGenerator_rtl_7,ConvolutionInputGenerator_rtl,SWU,,,,1,,UINT6,UINT6,,6,,distributed,,,,4,34,34,32,32,3,3,1,1,1,1,0,0,,,,,,,,,,,259,40,0,124,0,0,0,0
1,StreamingFIFO_rtl_108,StreamingFIFO_rtl,FIFO,,,,,,,,,,,auto,,,,,,,,,,,,,,,,,UINT6,6,2,1x32x32x36x1,rtl,,,,,,11,0,0,17,0,0,0,0
1,StreamingDataWidthConverter_rtl_25,StreamingDataWidthConverter_rtl,DWC,,,,,,,,,,,,,,,,,,,,,,,,,,,,UINT6,6,,,,1x32x32x36,6,108,,,15,0,0,121,0,0,0,0
1,StreamingFIFO_rtl_109,StreamingFIFO_rtl,FIFO,,,,,,,,,,,auto,,,,,,,,,,,,,,,,,UINT6,6,2,1x32x32x2x18,rtl,,,,,,73,0,48,59,0,0,0,0
1,MVAU_rtl_18,MVAU_rtl,MVAU,4,36,1,18,INT8,UINT6,INT17,8,6,dsp,auto,internal_decoupled,,,,,,,,,,,,,,,,,,,,,,,,,,319,135,0,345,0,0,0,18
1,StreamingFIFO_rtl_110,StreamingFIFO_rtl,FIFO,,,,,,,,,,,auto,,,,,,,,,,,,,,,,,INT17,17,2,1x32x32x4x1,rtl,,,,,,100,0,0,197,0,0,0,0
1,Thresholding_rtl_32,Thresholding_rtl,Thresholding,,,1,,INT17,INT17,UINT6,17,17,,,,4,63,,,,,,,,,,,,,,,,,,,,,,,,110,0,7,330,0,2,0,0
1,StreamingFIFO_rtl_111,StreamingFIFO_rtl,FIFO,,,,,,,,,,,auto,,,,,,,,,,,,,,,,,UINT6,6,2,1x32x32x4x1,rtl,,,,,,23,0,0,39,0,0,0,0
1,StreamingDataWidthConverter_rtl_26,StreamingDataWidthConverter_rtl,DWC,,,,,,,,,,,,,,,,,,,,,,,,,,,,UINT6,6,,,,1x32x32x4,6,12,,,8,0,0,21,0,0,0,0
1,StreamingFIFO_rtl_112,StreamingFIFO_rtl,FIFO,,,,,,,,,,,auto,,,,,,,,,,,,,,,,,UINT6,6,2,1x32x32x2x2,rtl,,,,,,20,0,0,33,0,0,0,0
1,MVAU_rtl_19,MVAU_rtl,MVAU,16,4,1,2,INT8,UINT6,INT16,8,6,dsp,auto,internal_decoupled,,,,,,,,,,,,,,,,,,,,,,,,,,73,16,0,125,0,0,0,2
1,StreamingFIFO_rtl_113,StreamingFIFO_rtl,FIFO,,,,,,,,,,,auto,,,,,,,,,,,,,,,,,INT16,16,2,1x32x32x16x1,rtl,,,,,,11,0,0,17,0,0,0,0
1,Thresholding_rtl_33,Thresholding_rtl,Thresholding,,,1,,INT16,INT16,INT8,16,16,,,,16,255,,,,,,,,,,,,,,,,,,,,,,,,300,0,9,579,0,0,0,0
1,StreamingFIFO_rtl_114,StreamingFIFO_rtl,FIFO,,,,,,,,,,,auto,,,,,,,,,,,,,,,,,INT8,8,2,1x32x32x16x1,rtl,,,,,,110,0,64,22,0,0,0,0
1,AddStreams_hls_5,AddStreams_hls,AddStreams,,,1,,,INT8,,,8,,,,16,,,,,,,,,,,,,,,,,,,,,,,,,66,0,0,91,0,0,0,0
1,StreamingFIFO_rtl_115,StreamingFIFO_rtl,FIFO,,,,,,,,,,,auto,,,,,,,,,,,,,,,,,INT9,9,2,1x32x32x16x1,rtl,,,,,,109,0,64,22,0,0,0,0
2,StreamingFIFO_rtl_0,StreamingFIFO_rtl,FIFO,,,,,,,,,,,auto,,,,,,,,,,,,,,,,,INT9,9,2,1x32x32x16x1,rtl,,,,,,15,0,0,23,0,0,0,0
2,Thresholding_rtl_0,Thresholding_rtl,Thresholding,,,1,,INT10,INT9,INT8,10,9,,,,16,255,,,,,,,,,,,,,,,,,,,,,,,,83,0,13,289,1,2,0,0
2,StreamingFIFO_rtl_1,StreamingFIFO_rtl,FIFO,,,,,,,,,,,auto,,,,,,,,,,,,,,,,,INT8,8,2,1x32x32x16x1,rtl,,,,,,14,0,0,21,0,0,0,0
2,Thresholding_rtl_1,Thresholding_rtl,Thresholding,,,1,,INT9,INT8,UINT6,9,8,,,,16,63,,,,,,,,,,,,,,,,,,,,,,,,57,0,11,130,0,0,0,0
2,StreamingFIFO_rtl_2,StreamingFIFO_rtl,FIFO,,,,,,,,,,,auto,,,,,,,,,,,,,,,,,UINT6,6,2,1x32x32x16x1,rtl,,,,,,11,0,0,17,0,0,0,0
2,DuplicateStreams_hls_0,DuplicateStreams_hls,DuplicateStreams,,,1,,,UINT6,,,6,,,,16,,,,,,,,,,,,,,,,,,,,,,,,,65,0,0,74,0,0,0,0
2,StreamingFIFO_rtl_3,StreamingFIFO_rtl,FIFO,,,,,,,,,,,ultra,,,,,,,,,,,,,,,,,UINT6,6,2091,1x32x32x16x1,vivado,,,,,,79,0,0,69,0,0,1,0
2,StreamingFIFO_rtl_4,StreamingFIFO_rtl,FIFO,,,,,,,,,,,auto,,,,,,,,,,,,,,,,,UINT6,6,2,1x32x32x16x1,rtl,,,,,,11,0,0,17,0,0,0,0
2,StreamingDataWidthConverter_rtl_0,StreamingDataWidthConverter_rtl,DWC,,,,,,,,,,,,,,,,,,,,,,,,,,,,UINT6,6,,,,1x32x32x16,6,48,,,12,0,0,59,0,0,0,0
2,Thresholding_rtl_2,Thresholding_rtl,Thresholding,,,1,,UINT6,UINT6,INT8,6,6,,,,16,255,,,,,,,,,,,,,,,,,,,,,,,,57,0,18,177,0,3,0,0
2,StreamingFIFO_rtl_5,StreamingFIFO_rtl,FIFO,,,,,,,,,,,auto,,,,,,,,,,,,,,,,,UINT6,6,2,1x32x32x2x8,rtl,,,,,,49,0,12,18,0,0,0,0
2,StreamingFIFO_rtl_6,StreamingFIFO_rtl,FIFO,,,,,,,,,,,ultra,,,,,,,,,,,,,,,,,INT8,8,16384,1x32x32x16x1,vivado,,,,,,53,0,0,101,0,0,0,0
2,MVAU_rtl_0,MVAU_rtl,MVAU,4,16,1,8,INT8,UINT6,INT17,8,6,dsp,auto,internal_decoupled,,,,,,,,,,,,,,,,,,,,,,,,,,135,60,0,206,0,0,0,8
2,StreamingFIFO_rtl_7,StreamingFIFO_rtl,FIFO,,,,,,,,,,,auto,,,,,,,,,,,,,,,,,INT17,17,2,1x32x32x4x1,rtl,,,,,,97,0,0,83,0,0,4,0
2,Thresholding_rtl_3,Thresholding_rtl,Thresholding,,,1,,INT17,INT17,UINT6,17,17,,,,4,63,,,,,,,,,,,,,,,,,,,,,,,,112,0,7,332,0,2,0,0
2,StreamingFIFO_rtl_8,StreamingFIFO_rtl,FIFO,,,,,,,,,,,auto,,,,,,,,,,,,,,,,,UINT6,6,2,1x32x32x4x1,rtl,,,,,,23,0,0,39,0,0,0,0
2,StreamingDataWidthConverter_rtl_1,StreamingDataWidthConverter_rtl,DWC,,,,,,,,,,,,,,,,,,,,,,,,,,,,UINT6,6,,,,1x32x32x4,6,24,,,9,0,0,34,0,0,0,0
2,StreamingFIFO_rtl_9,StreamingFIFO_rtl,FIFO,,,,,,,,,,,auto,,,,,,,,,,,,,,,,,UINT6,6,32,1x32x32x1x4,rtl,,,,,,11,0,0,17,0,0,0,0
2,FMPadding_rtl_0,FMPadding_rtl,FMPadding,,,,4,,UINT6,,,6,,,,4,,,32,32,,,,,,,,,,,,,,,,,,,1x1x1x1,1,51,0,0,63,0,0,0,0
2,StreamingFIFO_rtl_10,StreamingFIFO_rtl,FIFO,,,,,,,,,,,auto,,,,,,,,,,,,,,,,,UINT6,6,165,1x34x34x1x4,rtl,,,,,,75,0,24,35,0,0,0,0
2,StreamingDataWidthConverter_rtl_2,StreamingDataWidthConverter_rtl,DWC,,,,,,,,,,,,,,,,,,,,,,,,,,,,UINT6,6,,,,1x34x34x4,24,6,,,30,0,0,41,0,0,0,0
2,StreamingFIFO_rtl_11,StreamingFIFO_rtl,FIFO,,,,,,,,,,,ultra,,,,,,,,,,,,,,,,,UINT6,6,4624,1x34x34x4x1,vivado,,,,,,230,0,144,38,0,0,0,0
2,ConvolutionInputGenerator_rtl_0,ConvolutionInputGenerator_rtl,SWU,,,,1,,UINT6,UINT6,,6,,distributed,,,,4,34,34,32,32,3,3,1,1,1,1,0,0,,,,,,,,,,,253,40,0,102,0,0,0,0
2,StreamingFIFO_rtl_12,StreamingFIFO_rtl,FIFO,,,,,,,,,,,auto,,,,,,,,,,,,,,,,,UINT6,6,2,1x32x32x36x1,rtl,,,,,,85,0,0,75,0,0,1,0
2,StreamingDataWidthConverter_rtl_3,StreamingDataWidthConverter_rtl,DWC,,,,,,,,,,,,,,,,,,,,,,,,,,,,UINT6,6,,,,1x32x32x36,6,108,,,15,0,0,121,0,0,0,0
2,StreamingFIFO_rtl_13,StreamingFIFO_rtl,FIFO,,,,,,,,,,,auto,,,,,,,,,,,,,,,,,UINT6,6,2,1x32x32x2x18,rtl,,,,,,65,0,0,61,0,0,1,0
2,MVAU_rtl_1,MVAU_rtl,MVAU,4,36,1,18,INT8,UINT6,INT18,8,6,dsp,auto,internal_decoupled,,,,,,,,,,,,,,,,,,,,,,,,,,312,136,0,350,0,0,0,18
2,StreamingFIFO_rtl_14,StreamingFIFO_rtl,FIFO,,,,,,,,,,,auto,,,,,,,,,,,,,,,,,INT18,18,2,1x32x32x4x1,rtl,,,,,,34,0,6,36,0,0,0,0
2,Thresholding_rtl_4,Thresholding_rtl,Thresholding,,,1,,INT18,INT18,UINT8,18,18,,,,4,255,,,,,,,,,,,,,,,,,,,,,,,,133,0,9,457,0,4,0,0
2,StreamingFIFO_rtl_15,StreamingFIFO_rtl,FIFO,,,,,,,,,,,auto,,,,,,,,,,,,,,,,,UINT8,8,2,1x32x32x4x1,rtl,,,,,,12,0,0,17,0,0,0,0
2,StreamingDataWidthConverter_rtl_4,StreamingDataWidthConverter_rtl,DWC,,,,,,,,,,,,,,,,,,,,,,,,,,,,UINT8,8,,,,1x32x32x4,8,16,,,10,0,0,27,0,0,0,0
2,StreamingFIFO_rtl_16,StreamingFIFO_rtl,FIFO,,,,,,,,,,,auto,,,,,,,,,,,,,,,,,UINT8,8,2,1x32x32x2x2,rtl,,,,,,113,0,0,221,0,0,0,0
2,MVAU_rtl_2,MVAU_rtl,MVAU,16,4,1,2,INT8,UINT8,INT18,8,8,dsp,auto,internal_decoupled,,,,,,,,,,,,,,,,,,,,,,,,,,80,18,0,137,0,0,0,2
2,StreamingFIFO_rtl_17,StreamingFIFO_rtl,FIFO,,,,,,,,,,,auto,,,,,,,,,,,,,,,,,INT18,18,2,1x32x32x16x1,rtl,,,,,,25,0,0,41,0,0,0,0
2,Thresholding_rtl_5,Thresholding_rtl,Thresholding,,,1,,INT18,INT18,INT8,18,18,,,,16,255,,,,,,,,,,,,,,,,,,,,,,,,115,0,9,453,1,5,0,0
2,StreamingFIFO_rtl_18,StreamingFIFO_rtl,FIFO,,,,,,,,,,,auto,,,,,,,,,,,,,,,,,INT8,8,2,1x32x32x16x1,rtl,,,,,,13,0,0,21,0,0,0,0
2,AddStreams_hls_0,AddStreams_hls,AddStreams,,,1,,,INT8,,,8,,,,16,,,,,,,,,,,,,,,,,,,,,,,,,69,0,0,91,0,0,0,0
2,StreamingFIFO_rtl_19,StreamingFIFO_rtl,FIFO,,,,,,,,,,,auto,,,,,,,,,,,,,,,,,INT9,9,2,1x32x32x16x1,rtl,,,,,,21,0,0,37,0,0,0,0
2,Thresholding_rtl_6,Thresholding_rtl,Thresholding,,,1,,INT10,INT9,INT8,10,9,,,,16,255,,,,,,,,,,,,,,,,,,,,,,,,83,0,13,289,1,2,0,0
2,StreamingFIFO_rtl_20,StreamingFIFO_rtl,FIFO,,,,,,,,,,,auto,,,,,,,,,,,,,,,,,INT8,8,2,1x32x32x16x1,rtl,,,,,,24,0,0,41,0,0,0,0
2,Thresholding_rtl_7,Thresholding_rtl,Thresholding,,,1,,INT9,INT8,UINT6,9,8,,,,16,63,,,,,,,,,,,,,,,,,,,,,,,,57,0,11,130,0,0,0,0
2,StreamingFIFO_rtl_21,StreamingFIFO_rtl,FIFO,,,,,,,,,,,auto,,,,,,,,,,,,,,,,,UINT6,6,2,1x32x32x16x1,rtl,,,,,,13,0,0,21,0,0,0,0
2,DuplicateStreams_hls_1,DuplicateStreams_hls,DuplicateStreams,,,1,,,UINT6,,,6,,,,16,,,,,,,,,,,,,,,,,,,,,,,,,65,0,0,74,0,0,0,0
2,StreamingFIFO_rtl_22,StreamingFIFO_rtl,FIFO,,,,,,,,,,,auto,,,,,,,,,,,,,,,,,UINT6,6,2,1x32x32x16x1,rtl,,,,,,15,0,0,23,0,0,0,0
2,StreamingFIFO_rtl_23,StreamingFIFO_rtl,FIFO,,,,,,,,,,,auto,,,,,,,,,,,,,,,,,UINT6,6,2,1x32x32x16x1,rtl,,,,,,14,0,0,21,0,0,0,0
2,StreamingDataWidthConverter_rtl_5,StreamingDataWidthConverter_rtl,DWC,,,,,,,,,,,,,,,,,,,,,,,,,,,,UINT6,6,,,,1x32x32x16,6,48,,,12,0,0,59,0,0,0,0
2,Thresholding_rtl_8,Thresholding_rtl,Thresholding,,,1,,UINT6,UINT6,INT8,6,6,,,,16,255,,,,,,,,,,,,,,,,,,,,,,,,56,0,18,177,0,0,0,0
2,StreamingFIFO_rtl_24,StreamingFIFO_rtl,FIFO,,,,,,,,,,,auto,,,,,,,,,,,,,,,,,UINT6,6,2,1x32x32x2x8,rtl,,,,,,11,0,0,17,0,0,0,0
2,StreamingFIFO_rtl_25,StreamingFIFO_rtl,FIFO,,,,,,,,,,,auto,,,,,,,,,,,,,,,,,INT8,8,1245,1x32x32x16x1,vivado,,,,,,12,0,0,17,0,0,0,0
2,MVAU_rtl_3,MVAU_rtl,MVAU,4,16,1,8,INT8,UINT6,INT17,8,6,dsp,auto,internal_decoupled,,,,,,,,,,,,,,,,,,,,,,,,,,134,59,0,205,0,0,0,8
2,StreamingFIFO_rtl_26,StreamingFIFO_rtl,FIFO,,,,,,,,,,,auto,,,,,,,,,,,,,,,,,INT17,17,2,1x32x32x4x1,rtl,,,,,,11,0,0,17,0,0,0,0
2,Thresholding_rtl_9,Thresholding_rtl,Thresholding,,,1,,INT17,INT17,UINT4,17,17,,,,4,15,,,,,,,,,,,,,,,,,,,,,,,,95,0,5,237,0,0,0,0
2,StreamingFIFO_rtl_27,StreamingFIFO_rtl,FIFO,,,,,,,,,,,auto,,,,,,,,,,,,,,,,,UINT4,4,2,1x32x32x4x1,rtl,,,,,,53,0,0,101,0,0,0,0
2,StreamingDataWidthConverter_rtl_6,StreamingDataWidthConverter_rtl,DWC,,,,,,,,,,,,,,,,,,,,,,,,,,,,UINT4,4,,,,1x32x32x4,4,16,,,7,0,0,24,0,0,0,0
2,StreamingFIFO_rtl_28,StreamingFIFO_rtl,FIFO,,,,,,,,,,,auto,,,,,,,,,,,,,,,,,UINT4,4,2,1x32x32x1x4,rtl,,,,,,72,0,0,59,0,1,0,0
2,FMPadding_rtl_1,FMPadding_rtl,FMPadding,,,,4,,UINT4,,,4,,,,4,,,32,32,,,,,,,,,,,,,,,,,,,2x2x2x2,1,38,0,0,47,0,0,0,0
2,StreamingFIFO_rtl_29,StreamingFIFO_rtl,FIFO,,,,,,,,,,,auto,,,,,,,,,,,,,,,,,UINT4,4,112,1x36x36x1x4,rtl,,,,,,108,0,56,22,0,0,0,0
2,StreamingDataWidthConverter_rtl_7,StreamingDataWidthConverter_rtl,DWC,,,,,,,,,,,,,,,,,,,,,,,,,,,,UINT4,4,,,,1x36x36x4,16,4,,,23,0,0,29,0,0,0,0
2,StreamingFIFO_rtl_30,StreamingFIFO_rtl,FIFO,,,,,,,,,,,auto,,,,,,,,,,,,,,,,,UINT4,4,548,1x36x36x4x1,vivado,,,,,,23,0,0,39,0,0,0,0
2,ConvolutionInputGenerator_rtl_1,ConvolutionInputGenerator_rtl,SWU,,,,1,,UINT4,UINT4,,4,,distributed,,,,4,36,36,32,32,3,3,1,1,2,2,0,0,,,,,,,,,,,315,80,0,105,0,0,0,0
2,StreamingFIFO_rtl_31,StreamingFIFO_rtl,FIFO,,,,,,,,,,,auto,,,,,,,,,,,,,,,,,UINT4,4,2,1x32x32x36x1,rtl,,,,,,9,0,0,13,0,0,0,0
2,StreamingDataWidthConverter_rtl_8,StreamingDataWidthConverter_rtl,DWC,,,,,,,,,,,,,,,,,,,,,,,,,,,,UINT4,4,,,,1x32x32x36,4,72,,,13,0,0,83,0,0,0,0
2,StreamingFIFO_rtl_32,StreamingFIFO_rtl,FIFO,,,,,,,,,,,auto,,,,,,,,,,,,,,,,,UINT4,4,2,1x32x32x2x18,rtl,,,,,,21,0,0,37,0,0,0,0
2,MVAU_rtl_4,MVAU_rtl,MVAU,4,36,1,18,INT8,UINT4,INT15,8,4,dsp,auto,internal_decoupled,,,,,,,,,,,,,,,,,,,,,,,,,,263,113,0,300,0,0,0,18
2,StreamingFIFO_rtl_33,StreamingFIFO_rtl,FIFO,,,,,,,,,,,auto,,,,,,,,,,,,,,,,,INT15,15,2,1x32x32x4x1,rtl,,,,,,111,0,64,29,0,0,0,0
2,Thresholding_rtl_10,Thresholding_rtl,Thresholding,,,1,,INT15,INT15,UINT4,15,15,,,,4,15,,,,,,,,,,,,,,,,,,,,,,,,88,0,5,213,0,0,0,0
2,StreamingFIFO_rtl_34,StreamingFIFO_rtl,FIFO,,,,,,,,,,,auto,,,,,,,,,,,,,,,,,UINT4,4,2,1x32x32x4x1,rtl,,,,,,69,0,0,55,0,1,0,0
2,StreamingDataWidthConverter_rtl_9,StreamingDataWidthConverter_rtl,DWC,,,,,,,,,,,,,,,,,,,,,,,,,,,,UINT4,4,,,,1x32x32x4,4,8,,,8,0,0,15,0,0,0,0
2,StreamingFIFO_rtl_35,StreamingFIFO_rtl,FIFO,,,,,,,,,,,auto,,,,,,,,,,,,,,,,,UINT4,4,2,1x32x32x2x2,rtl,,,,,,44,0,8,46,0,0,0,0
2,MVAU_rtl_5,MVAU_rtl,MVAU,16,4,1,2,INT8,UINT4,INT13,8,4,dsp,auto,internal_decoupled,,,,,,,,,,,,,,,,,,,,,,,,,,67,16,0,109,0,0,0,2
2,StreamingFIFO_rtl_36,StreamingFIFO_rtl,FIFO,,,,,,,,,,,auto,,,,,,,,,,,,,,,,,INT13,13,2,1x32x32x16x1,rtl,,,,,,10,0,0,13,0,0,0,0
2,Thresholding_rtl_11,Thresholding_rtl,Thresholding,,,1,,INT13,INT13,INT8,13,13,,,,16,255,,,,,,,,,,,,,,,,,,,,,,,,231,0,9,504,0,0,0,0
2,StreamingFIFO_rtl_37,StreamingFIFO_rtl,FIFO,,,,,,,,,,,auto,,,,,,,,,,,,,,,,,INT8,8,2,1x32x32x16x1,rtl,,,,,,77,0,0,149,0,0,0,0
2,AddStreams_hls_1,AddStreams_hls,AddStreams,,,1,,,INT8,,,8,,,,16,,,,,,,,,,,,,,,,,,,,,,,,,71,0,0,91,0,0,0,0
2,StreamingFIFO_rtl_38,StreamingFIFO_rtl,FIFO,,,,,,,,,,,auto,,,,,,,,,,,,,,,,,INT9,9,2,1x32x32x16x1,rtl,,,,,,22,0,0,35,0,0,0,0
2,Thresholding_rtl_12,Thresholding_rtl,Thresholding,,,1,,INT10,INT9,INT8,10,9,,,,16,255,,,,,,,,,,,,,,,,,,,,,,,,83,0,13,289,0,0,0,0
2,StreamingFIFO_rtl_39,StreamingFIFO_rtl,FIFO,,,,,,,,,,,auto,,,,,,,,,,,,,,,,,INT8,8,2,1x32x32x16x1,rtl,,,,,,10,0,0,13,0,0,0,0
2,Thresholding_rtl_13,Thresholding_rtl,Thresholding,,,1,,INT9,INT8,UINT6,9,8,,,,16,63,,,,,,,,,,,,,,,,,,,,,,,,57,0,11,130,0,0,0,0
2,StreamingFIFO_rtl_40,StreamingFIFO_rtl,FIFO,,,,,,,,,,,auto,,,,,,,,,,,,,,,,,UINT6,6,2,1x32x32x16x1,rtl,,,,,,13,0,0,21,0,0,0,0
2,DuplicateStreams_hls_2,DuplicateStreams_hls,DuplicateStreams,,,1,,,UINT6,,,6,,,,16,,,,,,,,,,,,,,,,,,,,,,,,,65,0,0,74,0,0,0,0
2,StreamingFIFO_rtl_41,StreamingFIFO_rtl,FIFO,,,,,,,,,,,auto,,,,,,,,,,,,,,,,,UINT6,6,2,1x32x32x16x1,rtl,,,,,,19,0,0,31,0,0,0,0
2,StreamingFIFO_rtl_42,StreamingFIFO_rtl,FIFO,,,,,,,,,,,auto,,,,,,,,,,,,,,,,,UINT6,6,2,1x32x32x16x1,rtl,,,,,,13,0,0,21,0,0,0,0
2,StreamingDataWidthConverter_rtl_10,StreamingDataWidthConverter_rtl,DWC,,,,,,,,,,,,,,,,,,,,,,,,,,,,UINT6,6,,,,1x32x32x16,6,48,,,12,0,0,59,0,0,0,0
2,Thresholding_rtl_14,Thresholding_rtl,Thresholding,,,1,,UINT6,UINT6,INT8,6,6,,,,16,255,,,,,,,,,,,,,,,,,,,,,,,,57,0,18,177,0,3,0,0
2,StreamingFIFO_rtl_43,StreamingFIFO_rtl,FIFO,,,,,,,,,,,auto,,,,,,,,,,,,,,,,,UINT6,6,2,1x32x32x2x8,rtl,,,,,,15,0,0,23,0,0,0,0
2,StreamingFIFO_rtl_44,StreamingFIFO_rtl,FIFO,,,,,,,,,,,ultra,,,,,,,,,,,,,,,,,INT8,8,2481,1x32x32x16x1,vivado,,,,,,14,0,0,21,0,0,0,0
2,MVAU_rtl_6,MVAU_rtl,MVAU,4,16,1,8,INT4,UINT6,INT14,4,6,dsp,auto,internal_decoupled,,,,,,,,,,,,,,,,,,,,,,,,,,121,44,0,163,0,0,0,8
2,StreamingFIFO_rtl_45,StreamingFIFO_rtl,FIFO,,,,,,,,,,,auto,,,,,,,,,,,,,,,,,INT14,14,2,1x32x32x4x1,rtl,,,,,,11,0,0,17,0,0,0,0
2,Thresholding_rtl_15,Thresholding_rtl,Thresholding,,,1,,INT14,INT14,UINT4,14,14,,,,4,15,,,,,,,,,,,,,,,,,,,,,,,,83,0,5,204,0,0,0,0
2,StreamingFIFO_rtl_46,StreamingFIFO_rtl,FIFO,,,,,,,,,,,auto,,,,,,,,,,,,,,,,,UINT4,4,2,1x32x32x4x1,rtl,,,,,,12,0,0,17,0,0,0,0
2,StreamingDataWidthConverter_rtl_11,StreamingDataWidthConverter_rtl,DWC,,,,,,,,,,,,,,,,,,,,,,,,,,,,UINT4,4,,,,1x32x32x4,4,16,,,7,0,0,24,0,0,0,0
2,StreamingFIFO_rtl_47,StreamingFIFO_rtl,FIFO,,,,,,,,,,,auto,,,,,,,,,,,,,,,,,UINT4,4,2,1x32x32x1x4,rtl,,,,,,11,0,0,17,0,0,0,0
2,FMPadding_rtl_2,FMPadding_rtl,FMPadding,,,,4,,UINT4,,,4,,,,4,,,32,32,,,,,,,,,,,,,,,,,,,4x4x4x4,1,39,0,0,47,0,0,0,0
2,StreamingFIFO_rtl_48,StreamingFIFO_rtl,FIFO,,,,,,,,,,,auto,,,,,,,,,,,,,,,,,UINT4,4,247,1x40x40x1x4,rtl,,,,,,53,0,0,101,0,0,0,0
2,StreamingDataWidthConverter_rtl_12,StreamingDataWidthConverter_rtl,DWC,,,,,,,,,,,,,,,,,,,,,,,,,,,,UINT4,4,,,,1x40x40x4,16,4,,,24,0,0,29,0,0,0,0
2,StreamingFIFO_rtl_49,StreamingFIFO_rtl,FIFO,,,,,,,,,,,auto,,,,,,,,,,,,,,,,,UINT4,4,1216,1x40x40x4x1,vivado,,,,,,79,0,0,71,0,0,1,0
2,ConvolutionInputGenerator_rtl_2,ConvolutionInputGenerator_rtl,SWU,,,,1,,UINT4,UINT4,,4,,distributed,,,,4,40,40,32,32,3,3,1,1,4,4,0,0,,,,,,,,,,,451,168,0,102,0,0,0,0
2,StreamingFIFO_rtl_50,StreamingFIFO_rtl,FIFO,,,,,,,,,,,auto,,,,,,,,,,,,,,,,,UINT4,4,2,1x32x32x36x1,rtl,,,,,,110,0,64,22,0,0,0,0
2,StreamingDataWidthConverter_rtl_13,StreamingDataWidthConverter_rtl,DWC,,,,,,,,,,,,,,,,,,,,,,,,,,,,UINT4,4,,,,1x32x32x36,4,72,,,13,0,0,83,0,0,0,0
2,StreamingFIFO_rtl_51,StreamingFIFO_rtl,FIFO,,,,,,,,,,,auto,,,,,,,,,,,,,,,,,UINT4,4,2,1x32x32x2x18,rtl,,,,,,99,0,48,22,0,0,0,0
2,MVAU_rtl_7,MVAU_rtl,MVAU,4,36,1,18,INT8,UINT4,INT15,8,4,dsp,auto,internal_decoupled,,,,,,,,,,,,,,,,,,,,,,,,,,265,114,0,302,0,0,0,18
2,StreamingFIFO_rtl_52,StreamingFIFO_rtl,FIFO,,,,,,,,,,,auto,,,,,,,,,,,,,,,,,INT15,15,2,1x32x32x4x1,rtl,,,,,,21,0,0,33,0,0,0,0
2,Thresholding_rtl_16,Thresholding_rtl,Thresholding,,,1,,INT15,INT15,UINT4,15,15,,,,4,15,,,,,,,,,,,,,,,,,,,,,,,,84,0,5,214,0,0,0,0
2,StreamingFIFO_rtl_53,StreamingFIFO_rtl,FIFO,,,,,,,,,,,auto,,,,,,,,,,,,,,,,,UINT4,4,2,1x32x32x4x1,rtl,,,,,,9,0,0,13,0,0,0,0
2,StreamingDataWidthConverter_rtl_14,StreamingDataWidthConverter_rtl,DWC,,,,,,,,,,,,,,,,,,,,,,,,,,,,UINT4,4,,,,1x32x32x4,4,8,,,7,0,0,15,0,0,0,0
2,StreamingFIFO_rtl_54,StreamingFIFO_rtl,FIFO,,,,,,,,,,,auto,,,,,,,,,,,,,,,,,UINT4,4,2,1x32x32x2x2,rtl,,,,,,21,0,0,37,0,0,0,0
2,MVAU_rtl_8,MVAU_rtl,MVAU,16,4,1,2,INT8,UINT4,INT14,8,4,dsp,auto,internal_decoupled,,,,,,,,,,,,,,,,,,,,,,,,,,68,16,0,113,0,0,0,2
2,StreamingFIFO_rtl_55,StreamingFIFO_rtl,FIFO,,,,,,,,,,,auto,,,,,,,,,,,,,,,,,INT14,14,2,1x32x32x16x1,rtl,,,,,,182,0,128,30,0,0,0,0
2,Thresholding_rtl_17,Thresholding_rtl,Thresholding,,,1,,INT14,INT14,INT8,14,14,,,,16,255,,,,,,,,,,,,,,,,,,,,,,,,235,0,9,526,0,0,0,0
2,StreamingFIFO_rtl_56,StreamingFIFO_rtl,FIFO,,,,,,,,,,,auto,,,,,,,,,,,,,,,,,INT8,8,2,1x32x32x16x1,rtl,,,,,,72,0,0,59,0,1,0,0
2,AddStreams_hls_2,AddStreams_hls,AddStreams,,,1,,,INT8,,,8,,,,16,,,,,,,,,,,,,,,,,,,,,,,,,70,0,0,91,0,0,0,0
2,StreamingFIFO_rtl_57,StreamingFIFO_rtl,FIFO,,,,,,,,,,,auto,,,,,,,,,,,,,,,,,INT9,9,2,1x32x32x16x1,rtl,,,,,,71,0,24,18,0,0,0,0
2,Thresholding_rtl_18,Thresholding_rtl,Thresholding,,,1,,INT10,INT9,INT8,10,9,,,,16,255,,,,,,,,,,,,,,,,,,,,,,,,83,0,13,304,1,2,0,0
2,StreamingFIFO_rtl_58,StreamingFIFO_rtl,FIFO,,,,,,,,,,,auto,,,,,,,,,,,,,,,,,INT8,8,2,1x32x32x16x1,rtl,,,,,,10,0,0,13,0,0,0,0
2,Thresholding_rtl_19,Thresholding_rtl,Thresholding,,,1,,INT9,INT8,UINT6,9,8,,,,16,63,,,,,,,,,,,,,,,,,,,,,,,,57,0,11,130,0,0,0,0
2,StreamingFIFO_rtl_59,StreamingFIFO_rtl,FIFO,,,,,,,,,,,auto,,,,,,,,,,,,,,,,,UINT6,6,2,1x32x32x16x1,rtl,,,,,,77,0,0,149,0,0,0,0
2,DuplicateStreams_hls_3,DuplicateStreams_hls,DuplicateStreams,,,1,,,UINT6,,,6,,,,16,,,,,,,,,,,,,,,,,,,,,,,,,65,0,0,74,0,0,0,0
2,StreamingFIFO_rtl_60,StreamingFIFO_rtl,FIFO,,,,,,,,,,,auto,,,,,,,,,,,,,,,,,UINT6,6,2,1x32x32x16x1,rtl,,,,,,22,0,0,35,0,0,0,0
2,StreamingFIFO_rtl_61,StreamingFIFO_rtl,FIFO,,,,,,,,,,,auto,,,,,,,,,,,,,,,,,UINT6,6,2,1x32x32x16x1,rtl,,,,,,10,0,0,13,0,0,0,0
2,StreamingDataWidthConverter_rtl_15,StreamingDataWidthConverter_rtl,DWC,,,,,,,,,,,,,,,,,,,,,,,,,,,,UINT6,6,,,,1x32x32x16,6,48,,,11,0,0,59,0,0,0,0
2,Thresholding_rtl_20,Thresholding_rtl,Thresholding,,,1,,UINT6,UINT6,INT8,6,6,,,,16,255,,,,,,,,,,,,,,,,,,,,,,,,57,0,18,177,0,3,0,0
2,StreamingFIFO_rtl_62,StreamingFIFO_rtl,FIFO,,,,,,,,,,,auto,,,,,,,,,,,,,,,,,UINT6,6,2,1x32x32x2x8,rtl,,,,,,13,0,0,21,0,0,0,0
2,StreamingFIFO_rtl_63,StreamingFIFO_rtl,FIFO,,,,,,,,,,,ultra,,,,,,,,,,,,,,,,,INT8,8,5086,1x32x32x16x1,vivado,,,,,,20,0,0,33,0,0,0,0
2,MVAU_rtl_9,MVAU_rtl,MVAU,4,16,1,8,INT8,UINT6,INT17,8,6,dsp,auto,internal_decoupled,,,,,,,,,,,,,,,,,,,,,,,,,,134,60,0,207,0,0,0,8
2,StreamingFIFO_rtl_64,StreamingFIFO_rtl,FIFO,,,,,,,,,,,auto,,,,,,,,,,,,,,,,,INT17,17,2,1x32x32x4x1,rtl,,,,,,13,0,0,21,0,0,0,0
2,Thresholding_rtl_21,Thresholding_rtl,Thresholding,,,1,,INT17,INT17,UINT6,17,17,,,,4,63,,,,,,,,,,,,,,,,,,,,,,,,114,0,7,332,0,2,0,0
2,StreamingFIFO_rtl_65,StreamingFIFO_rtl,FIFO,,,,,,,,,,,auto,,,,,,,,,,,,,,,,,UINT6,6,2,1x32x32x4x1,rtl,,,,,,15,0,0,23,0,0,0,0
2,StreamingDataWidthConverter_rtl_16,StreamingDataWidthConverter_rtl,DWC,,,,,,,,,,,,,,,,,,,,,,,,,,,,UINT6,6,,,,1x32x32x4,6,24,,,8,0,0,34,0,0,0,0
2,StreamingFIFO_rtl_66,StreamingFIFO_rtl,FIFO,,,,,,,,,,,auto,,,,,,,,,,,,,,,,,UINT6,6,2,1x32x32x1x4,rtl,,,,,,14,0,0,21,0,0,0,0
2,FMPadding_rtl_3,FMPadding_rtl,FMPadding,,,,4,,UINT6,,,6,,,,4,,,32,32,,,,,,,,,,,,,,,,,,,8x8x8x8,1,46,0,0,63,0,0,0,0
2,StreamingFIFO_rtl_67,StreamingFIFO_rtl,FIFO,,,,,,,,,,,auto,,,,,,,,,,,,,,,,,UINT6,6,589,1x48x48x1x4,vivado,,,,,,11,0,0,17,0,0,0,0
2,StreamingDataWidthConverter_rtl_17,StreamingDataWidthConverter_rtl,DWC,,,,,,,,,,,,,,,,,,,,,,,,,,,,UINT6,6,,,,1x48x48x4,24,6,,,29,0,0,41,0,0,0,0
2,StreamingFIFO_rtl_68,StreamingFIFO_rtl,FIFO,,,,,,,,,,,ultra,,,,,,,,,,,,,,,,,UINT6,6,2928,1x48x48x4x1,vivado,,,,,,12,0,0,17,0,0,0,0
2,ConvolutionInputGenerator_rtl_3,ConvolutionInputGenerator_rtl,SWU,,,,1,,UINT6,UINT6,,6,,distributed,,,,4,48,48,32,32,3,3,1,1,8,8,0,0,,,,,,,,,,,791,400,0,127,0,0,0,0
2,StreamingFIFO_rtl_69,StreamingFIFO_rtl,FIFO,,,,,,,,,,,auto,,,,,,,,,,,,,,,,,UINT6,6,2,1x32x32x36x1,rtl,,,,,,11,0,0,17,0,0,0,0
2,StreamingDataWidthConverter_rtl_18,StreamingDataWidthConverter_rtl,DWC,,,,,,,,,,,,,,,,,,,,,,,,,,,,UINT6,6,,,,1x32x32x36,6,108,,,15,0,0,121,0,0,0,0
2,StreamingFIFO_rtl_70,StreamingFIFO_rtl,FIFO,,,,,,,,,,,auto,,,,,,,,,,,,,,,,,UINT6,6,2,1x32x32x2x18,rtl,,,,,,53,0,0,101,0,0,0,0
2,MVAU_rtl_10,MVAU_rtl,MVAU,4,36,1,18,INT8,UINT6,INT18,8,6,dsp,auto,internal_decoupled,,,,,,,,,,,,,,,,,,,,,,,,,,312,136,0,351,0,0,0,18
2,StreamingFIFO_rtl_71,StreamingFIFO_rtl,FIFO,,,,,,,,,,,auto,,,,,,,,,,,,,,,,,INT18,18,2,1x32x32x4x1,rtl,,,,,,87,0,0,75,0,0,1,0
2,Thresholding_rtl_22,Thresholding_rtl,Thresholding,,,1,,INT18,INT18,UINT4,18,18,,,,4,15,,,,,,,,,,,,,,,,,,,,,,,,92,0,5,249,0,0,0,0
2,StreamingFIFO_rtl_72,StreamingFIFO_rtl,FIFO,,,,,,,,,,,auto,,,,,,,,,,,,,,,,,UINT4,4,2,1x32x32x4x1,rtl,,,,,,67,0,0,63,0,0,1,0
2,StreamingDataWidthConverter_rtl_19,StreamingDataWidthConverter_rtl,DWC,,,,,,,,,,,,,,,,,,,,,,,,,,,,UINT4,4,,,,1x32x32x4,4,8,,,7,0,0,15,0,0,0,0
2,StreamingFIFO_rtl_73,StreamingFIFO_rtl,FIFO,,,,,,,,,,,auto,,,,,,,,,,,,,,,,,UINT4,4,2,1x32x32x2x2,rtl,,,,,,110,0,64,22,0,0,0,0
2,MVAU_rtl_11,MVAU_rtl,MVAU,16,4,1,2,INT8,UINT4,INT14,8,4,dsp,auto,internal_decoupled,,,,,,,,,,,,,,,,,,,,,,,,,,68,16,0,113,0,0,0,2
2,StreamingFIFO_rtl_74,StreamingFIFO_rtl,FIFO,,,,,,,,,,,auto,,,,,,,,,,,,,,,,,INT14,14,2,1x32x32x16x1,rtl,,,,,,24,0,0,39,0,0,0,0
2,Thresholding_rtl_23,Thresholding_rtl,Thresholding,,,1,,INT14,INT14,INT8,14,14,,,,16,255,,,,,,,,,,,,,,,,,,,,,,,,259,0,9,528,0,0,0,0
2,StreamingFIFO_rtl_75,StreamingFIFO_rtl,FIFO,,,,,,,,,,,auto,,,,,,,,,,,,,,,,,INT8,8,2,1x32x32x16x1,rtl,,,,,,109,0,56,22,0,0,0,0
2,AddStreams_hls_3,AddStreams_hls,AddStreams,,,1,,,INT8,,,8,,,,16,,,,,,,,,,,,,,,,,,,,,,,,,66,0,0,91,0,0,0,0
2,StreamingFIFO_rtl_76,StreamingFIFO_rtl,FIFO,,,,,,,,,,,auto,,,,,,,,,,,,,,,,,INT9,9,2,1x32x32x16x1,rtl,,,,,,11,0,0,17,0,0,0,0
2,Thresholding_rtl_24,Thresholding_rtl,Thresholding,,,1,,INT10,INT9,INT8,10,9,,,,16,255,,,,,,,,,,,,,,,,,,,,,,,,83,0,13,289,1,2,0,0
2,StreamingFIFO_rtl_77,StreamingFIFO_rtl,FIFO,,,,,,,,,,,auto,,,,,,,,,,,,,,,,,INT8,8,2,1x32x32x16x1,rtl,,,,,,29,0,0,53,0,0,0,0
2,Thresholding_rtl_25,Thresholding_rtl,Thresholding,,,1,,INT9,INT8,UINT4,9,8,,,,16,15,,,,,,,,,,,,,,,,,,,,,,,,43,0,7,88,0,0,0,0
2,StreamingFIFO_rtl_78,StreamingFIFO_rtl,FIFO,,,,,,,,,,,auto,,,,,,,,,,,,,,,,,UINT4,4,2,1x32x32x16x1,rtl,,,,,,67,0,0,55,0,1,0,0
2,DuplicateStreams_hls_4,DuplicateStreams_hls,DuplicateStreams,,,1,,,UINT4,,,4,,,,16,,,,,,,,,,,,,,,,,,,,,,,,,56,0,0,60,0,0,0,0
2,StreamingFIFO_rtl_79,StreamingFIFO_rtl,FIFO,,,,,,,,,,,auto,,,,,,,,,,,,,,,,,UINT4,4,2,1x32x32x16x1,rtl,,,,,,151,0,72,37,0,0,0,0
2,StreamingFIFO_rtl_80,StreamingFIFO_rtl,FIFO,,,,,,,,,,,auto,,,,,,,,,,,,,,,,,UINT4,4,2,1x32x32x16x1,rtl,,,,,,78,0,0,69,0,0,1,0
2,StreamingDataWidthConverter_rtl_20,StreamingDataWidthConverter_rtl,DWC,,,,,,,,,,,,,,,,,,,,,,,,,,,,UINT4,4,,,,1x32x32x16,4,32,,,9,0,0,41,0,0,0,0
2,Thresholding_rtl_26,Thresholding_rtl,Thresholding,,,1,,UINT4,UINT4,INT8,4,4,,,,16,255,,,,,,,,,,,,,,,,,,,,,,,,45,0,16,150,0,4,0,0
2,StreamingFIFO_rtl_81,StreamingFIFO_rtl,FIFO,,,,,,,,,,,auto,,,,,,,,,,,,,,,,,UINT4,4,2,1x32x32x2x8,rtl,,,,,,68,0,0,61,0,0,1,0
2,StreamingFIFO_rtl_82,StreamingFIFO_rtl,FIFO,,,,,,,,,,,auto,,,,,,,,,,,,,,,,,INT8,8,579,1x32x32x16x1,vivado,,,,,,88,0,48,20,0,0,0,0
2,MVAU_rtl_12,MVAU_rtl,MVAU,4,16,1,8,INT8,UINT4,INT16,8,4,dsp,auto,internal_decoupled,,,,,,,,,,,,,,,,,,,,,,,,,,140,52,0,187,0,0,0,8
2,StreamingFIFO_rtl_83,StreamingFIFO_rtl,FIFO,,,,,,,,,,,auto,,,,,,,,,,,,,,,,,INT16,16,2,1x32x32x4x1,rtl,,,,,,64,0,24,19,0,0,0,0
2,Thresholding_rtl_27,Thresholding_rtl,Thresholding,,,1,,INT16,INT16,UINT6,16,16,,,,4,63,,,,,,,,,,,,,,,,,,,,,,,,135,0,7,346,0,0,0,0
2,StreamingFIFO_rtl_84,StreamingFIFO_rtl,FIFO,,,,,,,,,,,auto,,,,,,,,,,,,,,,,,UINT6,6,2,1x32x32x4x1,rtl,,,,,,12,0,0,17,0,0,0,0
2,StreamingDataWidthConverter_rtl_21,StreamingDataWidthConverter_rtl,DWC,,,,,,,,,,,,,,,,,,,,,,,,,,,,UINT6,6,,,,1x32x32x4,6,24,,,9,0,0,34,0,0,0,0
2,StreamingFIFO_rtl_85,StreamingFIFO_rtl,FIFO,,,,,,,,,,,auto,,,,,,,,,,,,,,,,,UINT6,6,2,1x32x32x1x4,rtl,,,,,,113,0,0,221,0,0,0,0
2,FMPadding_rtl_4,FMPadding_rtl,FMPadding,,,,4,,UINT6,,,6,,,,4,,,32,32,,,,,,,,,,,,,,,,,,,1x1x1x1,1,49,0,0,63,0,0,0,0
2,StreamingFIFO_rtl_86,StreamingFIFO_rtl,FIFO,,,,,,,,,,,auto,,,,,,,,,,,,,,,,,UINT6,6,53,1x34x34x1x4,rtl,,,,,,24,0,0,41,0,0,0,0
2,StreamingDataWidthConverter_rtl_22,StreamingDataWidthConverter_rtl,DWC,,,,,,,,,,,,,,,,,,,,,,,,,,,,UINT6,6,,,,1x34x34x4,24,6,,,30,0,0,41,0,0,0,0
2,StreamingFIFO_rtl_87,StreamingFIFO_rtl,FIFO,,,,,,,,,,,auto,,,,,,,,,,,,,,,,,UINT6,6,236,1x34x34x4x1,rtl,,,,,,10,0,0,13,0,0,0,0
2,ConvolutionInputGenerator_rtl_4,ConvolutionInputGenerator_rtl,SWU,,,,1,,UINT6,UINT6,,6,,distributed,,,,4,34,34,32,32,3,3,1,1,1,1,0,0,,,,,,,,,,,256,40,0,105,0,0,0,0
2,StreamingFIFO_rtl_88,StreamingFIFO_rtl,FIFO,,,,,,,,,,,auto,,,,,,,,,,,,,,,,,UINT6,6,2,1x32x32x36x1,rtl,,,,,,13,0,0,21,0,0,0,0
2,StreamingDataWidthConverter_rtl_23,StreamingDataWidthConverter_rtl,DWC,,,,,,,,,,,,,,,,,,,,,,,,,,,,UINT6,6,,,,1x32x32x36,6,108,,,15,0,0,121,0,0,0,0
2,StreamingFIFO_rtl_89,StreamingFIFO_rtl,FIFO,,,,,,,,,,,auto,,,,,,,,,,,,,,,,,UINT6,6,2,1x32x32x2x18,rtl,,,,,,20,0,0,33,0,0,0,0
2,MVAU_rtl_13,MVAU_rtl,MVAU,4,36,1,18,INT8,UINT6,INT17,8,6,dsp,auto,internal_decoupled,,,,,,,,,,,,,,,,,,,,,,,,,,300,136,0,347,0,0,0,18
2,StreamingFIFO_rtl_90,StreamingFIFO_rtl,FIFO,,,,,,,,,,,auto,,,,,,,,,,,,,,,,,INT17,17,2,1x32x32x4x1,rtl,,,,,,13,0,0,21,0,0,0,0
2,Thresholding_rtl_28,Thresholding_rtl,Thresholding,,,1,,INT17,INT17,UINT4,17,17,,,,4,15,,,,,,,,,,,,,,,,,,,,,,,,91,0,5,238,0,0,0,0
2,StreamingFIFO_rtl_91,StreamingFIFO_rtl,FIFO,,,,,,,,,,,auto,,,,,,,,,,,,,,,,,UINT4,4,2,1x32x32x4x1,rtl,,,,,,15,0,0,23,0,0,0,0
2,StreamingDataWidthConverter_rtl_24,StreamingDataWidthConverter_rtl,DWC,,,,,,,,,,,,,,,,,,,,,,,,,,,,UINT4,4,,,,1x32x32x4,4,8,,,8,0,0,15,0,0,0,0
2,StreamingFIFO_rtl_92,StreamingFIFO_rtl,FIFO,,,,,,,,,,,auto,,,,,,,,,,,,,,,,,UINT4,4,2,1x32x32x2x2,rtl,,,,,,14,0,0,21,0,0,0,0
2,MVAU_rtl_14,MVAU_rtl,MVAU,16,4,1,2,INT4,UINT4,INT9,4,4,dsp,auto,internal_decoupled,,,,,,,,,,,,,,,,,,,,,,,,,,56,12,0,85,0,0,0,2
2,StreamingFIFO_rtl_93,StreamingFIFO_rtl,FIFO,,,,,,,,,,,auto,,,,,,,,,,,,,,,,,INT9,9,2,1x32x32x16x1,rtl,,,,,,9,0,0,13,0,0,0,0
2,Thresholding_rtl_29,Thresholding_rtl,Thresholding,,,1,,INT9,INT9,INT8,9,9,,,,16,255,,,,,,,,,,,,,,,,,,,,,,,,74,0,9,309,0,5,0,0
2,StreamingFIFO_rtl_94,StreamingFIFO_rtl,FIFO,,,,,,,,,,,auto,,,,,,,,,,,,,,,,,INT8,8,2,1x32x32x16x1,rtl,,,,,,10,0,0,13,0,0,0,0
2,AddStreams_hls_4,AddStreams_hls,AddStreams,,,1,,,INT8,,,8,,,,16,,,,,,,,,,,,,,,,,,,,,,,,,65,0,0,91,0,0,0,0
2,StreamingFIFO_rtl_95,StreamingFIFO_rtl,FIFO,,,,,,,,,,,auto,,,,,,,,,,,,,,,,,INT9,9,2,1x32x32x16x1,rtl,,,,,,9,0,0,13,0,0,0,0
3,StreamingFIFO_rtl_0,StreamingFIFO_rtl,FIFO,,,,,,,,,,,auto,,,,,,,,,,,,,,,,,INT9,9,2,1x32x32x16x1,rtl,,,,,,16,0,0,23,0,0,0,0
3,Thresholding_rtl_0,Thresholding_rtl,Thresholding,,,1,,INT10,INT9,INT8,10,9,,,,16,255,,,,,,,,,,,,,,,,,,,,,,,,82,0,13,289,1,2,0,0
3,StreamingFIFO_rtl_1,StreamingFIFO_rtl,FIFO,,,,,,,,,,,auto,,,,,,,,,,,,,,,,,INT8,8,2,1x32x32x16x1,rtl,,,,,,15,0,0,21,0,0,0,0
3,Thresholding_rtl_1,Thresholding_rtl,Thresholding,,,1,,INT9,INT8,UINT6,9,8,,,,16,63,,,,,,,,,,,,,,,,,,,,,,,,57,0,11,130,0,0,0,0
3,StreamingFIFO_rtl_2,StreamingFIFO_rtl,FIFO,,,,,,,,,,,auto,,,,,,,,,,,,,,,,,UINT6,6,2,1x32x32x16x1,rtl,,,,,,12,0,0,17,0,0,0,0
3,DuplicateStreams_hls_0,DuplicateStreams_hls,DuplicateStreams,,,1,,,UINT6,,,6,,,,16,,,,,,,,,,,,,,,,,,,,,,,,,64,0,0,74,0,0,0,0
3,StreamingFIFO_rtl_3,StreamingFIFO_rtl,FIFO,,,,,,,,,,,ultra,,,,,,,,,,,,,,,,,UINT6,6,2322,1x32x32x16x1,vivado,,,,,,79,0,0,69,0,0,1,0
3,StreamingFIFO_rtl_4,StreamingFIFO_rtl,FIFO,,,,,,,,,,,auto,,,,,,,,,,,,,,,,,UINT6,6,2,1x32x32x16x1,rtl,,,,,,13,0,0,17,0,0,0,0
3,StreamingDataWidthConverter_rtl_0,StreamingDataWidthConverter_rtl,DWC,,,,,,,,,,,,,,,,,,,,,,,,,,,,UINT6,6,,,,1x32x32x16,6,48,,,12,0,0,59,0,0,0,0
3,Thresholding_rtl_2,Thresholding_rtl,Thresholding,,,1,,UINT6,UINT6,INT8,6,6,,,,16,255,,,,,,,,,,,,,,,,,,,,,,,,57,0,18,177,0,3,0,0
3,StreamingFIFO_rtl_5,StreamingFIFO_rtl,FIFO,,,,,,,,,,,auto,,,,,,,,,,,,,,,,,UINT6,6,2,1x32x32x2x8,rtl,,,,,,91,0,48,20,0,0,0,0
3,StreamingFIFO_rtl_6,StreamingFIFO_rtl,FIFO,,,,,,,,,,,ultra,,,,,,,,,,,,,,,,,INT8,8,16384,1x32x32x16x1,vivado,,,,,,37,0,6,17,0,0,0,0
3,MVAU_rtl_0,MVAU_rtl,MVAU,4,16,1,8,INT8,UINT6,INT17,8,6,dsp,auto,internal_decoupled,,,,,,,,,,,,,,,,,,,,,,,,,,134,60,0,207,0,0,0,8
3,StreamingFIFO_rtl_7,StreamingFIFO_rtl,FIFO,,,,,,,,,,,auto,,,,,,,,,,,,,,,,,INT17,17,2,1x32x32x4x1,rtl,,,,,,53,0,0,101,0,0,0,0
3,Thresholding_rtl_3,Thresholding_rtl,Thresholding,,,1,,INT17,INT17,UINT4,17,17,,,,4,15,,,,,,,,,,,,,,,,,,,,,,,,93,0,5,236,0,0,0,0
3,StreamingFIFO_rtl_8,StreamingFIFO_rtl,FIFO,,,,,,,,,,,auto,,,,,,,,,,,,,,,,,UINT4,4,2,1x32x32x4x1,rtl,,,,,,96,0,0,83,0,0,4,0
3,StreamingDataWidthConverter_rtl_1,StreamingDataWidthConverter_rtl,DWC,,,,,,,,,,,,,,,,,,,,,,,,,,,,UINT4,4,,,,1x32x32x4,4,16,,,8,0,0,24,0,0,0,0
3,StreamingFIFO_rtl_9,StreamingFIFO_rtl,FIFO,,,,,,,,,,,auto,,,,,,,,,,,,,,,,,UINT4,4,32,1x32x32x1x4,rtl,,,,,,25,0,0,39,0,0,0,0
3,FMPadding_rtl_0,FMPadding_rtl,FMPadding,,,,4,,UINT4,,,4,,,,4,,,32,32,,,,,,,,,,,,,,,,,,,2x2x2x2,1,37,0,0,47,0,0,0,0
3,StreamingFIFO_rtl_10,StreamingFIFO_rtl,FIFO,,,,,,,,,,,auto,,,,,,,,,,,,,,,,,UINT4,4,226,1x36x36x1x4,rtl,,,,,,10,0,0,13,0,0,0,0
3,StreamingDataWidthConverter_rtl_2,StreamingDataWidthConverter_rtl,DWC,,,,,,,,,,,,,,,,,,,,,,,,,,,,UINT4,4,,,,1x36x36x4,16,4,,,20,0,0,29,0,0,0,0
3,StreamingFIFO_rtl_11,StreamingFIFO_rtl,FIFO,,,,,,,,,,,ultra,,,,,,,,,,,,,,,,,UINT4,4,5184,1x36x36x4x1,vivado,,,,,,56,0,16,27,0,0,0,0
3,ConvolutionInputGenerator_rtl_0,ConvolutionInputGenerator_rtl,SWU,,,,1,,UINT4,UINT4,,4,,distributed,,,,4,36,36,32,32,3,3,1,1,2,2,0,0,,,,,,,,,,,314,80,0,100,0,0,0,0
3,StreamingFIFO_rtl_12,StreamingFIFO_rtl,FIFO,,,,,,,,,,,auto,,,,,,,,,,,,,,,,,UINT4,4,2,1x32x32x36x1,rtl,,,,,,179,0,128,30,0,0,0,0
3,StreamingDataWidthConverter_rtl_3,StreamingDataWidthConverter_rtl,DWC,,,,,,,,,,,,,,,,,,,,,,,,,,,,UINT4,4,,,,1x32x32x36,4,72,,,12,0,0,83,0,0,0,0
3,StreamingFIFO_rtl_13,StreamingFIFO_rtl,FIFO,,,,,,,,,,,auto,,,,,,,,,,,,,,,,,UINT4,4,2,1x32x32x2x18,rtl,,,,,,86,0,0,71,0,0,1,0
3,MVAU_rtl_1,MVAU_rtl,MVAU,4,36,1,18,INT8,UINT4,INT16,8,4,dsp,auto,internal_decoupled,,,,,,,,,,,,,,,,,,,,,,,,,,302,114,0,307,0,0,0,18
3,StreamingFIFO_rtl_14,StreamingFIFO_rtl,FIFO,,,,,,,,,,,auto,,,,,,,,,,,,,,,,,INT16,16,2,1x32x32x4x1,rtl,,,,,,70,0,0,63,0,0,1,0
3,Thresholding_rtl_4,Thresholding_rtl,Thresholding,,,1,,INT16,INT16,UINT6,16,16,,,,4,63,,,,,,,,,,,,,,,,,,,,,,,,101,0,7,316,0,2,0,0
3,StreamingFIFO_rtl_15,StreamingFIFO_rtl,FIFO,,,,,,,,,,,auto,,,,,,,,,,,,,,,,,UINT6,6,2,1x32x32x4x1,rtl,,,,,,41,0,8,16,0,0,0,0
3,StreamingDataWidthConverter_rtl_4,StreamingDataWidthConverter_rtl,DWC,,,,,,,,,,,,,,,,,,,,,,,,,,,,UINT6,6,,,,1x32x32x4,6,12,,,10,0,0,21,0,0,0,0
3,StreamingFIFO_rtl_16,StreamingFIFO_rtl,FIFO,,,,,,,,,,,auto,,,,,,,,,,,,,,,,,UINT6,6,2,1x32x32x2x2,rtl,,,,,,12,0,0,13,0,0,0,0
3,MVAU_rtl_2,MVAU_rtl,MVAU,16,4,1,2,INT8,UINT6,INT15,8,6,dsp,auto,internal_decoupled,,,,,,,,,,,,,,,,,,,,,,,,,,71,16,0,121,0,0,0,2
3,StreamingFIFO_rtl_17,StreamingFIFO_rtl,FIFO,,,,,,,,,,,auto,,,,,,,,,,,,,,,,,INT15,15,2,1x32x32x16x1,rtl,,,,,,79,0,0,149,0,0,0,0
3,Thresholding_rtl_5,Thresholding_rtl,Thresholding,,,1,,INT15,INT15,INT8,15,15,,,,16,255,,,,,,,,,,,,,,,,,,,,,,,,105,0,9,417,1,4,0,0
3,StreamingFIFO_rtl_18,StreamingFIFO_rtl,FIFO,,,,,,,,,,,auto,,,,,,,,,,,,,,,,,INT8,8,2,1x32x32x16x1,rtl,,,,,,24,0,0,37,0,0,0,0
3,AddStreams_hls_0,AddStreams_hls,AddStreams,,,1,,,INT8,,,8,,,,16,,,,,,,,,,,,,,,,,,,,,,,,,70,0,0,91,0,0,0,0
3,StreamingFIFO_rtl_19,StreamingFIFO_rtl,FIFO,,,,,,,,,,,auto,,,,,,,,,,,,,,,,,INT9,9,2,1x32x32x16x1,rtl,,,,,,12,0,0,17,0,0,0,0
3,Thresholding_rtl_6,Thresholding_rtl,Thresholding,,,1,,INT10,INT9,INT8,10,9,,,,16,255,,,,,,,,,,,,,,,,,,,,,,,,83,0,13,289,1,2,0,0
3,StreamingFIFO_rtl_20,StreamingFIFO_rtl,FIFO,,,,,,,,,,,auto,,,,,,,,,,,,,,,,,INT8,8,2,1x32x32x16x1,rtl,,,,,,19,0,0,29,0,0,0,0
3,Thresholding_rtl_7,Thresholding_rtl,Thresholding,,,1,,INT9,INT8,UINT6,9,8,,,,16,63,,,,,,,,,,,,,,,,,,,,,,,,57,0,11,130,0,0,0,0
3,StreamingFIFO_rtl_21,StreamingFIFO_rtl,FIFO,,,,,,,,,,,auto,,,,,,,,,,,,,,,,,UINT6,6,2,1x32x32x16x1,rtl,,,,,,23,0,0,35,0,0,0,0
3,DuplicateStreams_hls_1,DuplicateStreams_hls,DuplicateStreams,,,1,,,UINT6,,,6,,,,16,,,,,,,,,,,,,,,,,,,,,,,,,65,0,0,74,0,0,0,0
3,StreamingFIFO_rtl_22,StreamingFIFO_rtl,FIFO,,,,,,,,,,,auto,,,,,,,,,,,,,,,,,UINT6,6,2,1x32x32x16x1,rtl,,,,,,14,0,0,21,0,0,0,0
3,StreamingFIFO_rtl_23,StreamingFIFO_rtl,FIFO,,,,,,,,,,,auto,,,,,,,,,,,,,,,,,UINT6,6,2,1x32x32x16x1,rtl,,,,,,16,0,0,23,0,0,0,0
3,StreamingDataWidthConverter_rtl_5,StreamingDataWidthConverter_rtl,DWC,,,,,,,,,,,,,,,,,,,,,,,,,,,,UINT6,6,,,,1x32x32x16,6,48,,,11,0,0,59,0,0,0,0
3,Thresholding_rtl_8,Thresholding_rtl,Thresholding,,,1,,UINT6,UINT6,INT8,6,6,,,,16,255,,,,,,,,,,,,,,,,,,,,,,,,57,0,18,177,0,0,0,0
3,StreamingFIFO_rtl_24,StreamingFIFO_rtl,FIFO,,,,,,,,,,,auto,,,,,,,,,,,,,,,,,UINT6,6,2,1x32x32x2x8,rtl,,,,,,15,0,0,21,0,0,0,0
3,StreamingFIFO_rtl_25,StreamingFIFO_rtl,FIFO,,,,,,,,,,,ultra,,,,,,,,,,,,,,,,,INT8,8,2486,1x32x32x16x1,vivado,,,,,,12,0,0,17,0,0,0,0
3,MVAU_rtl_3,MVAU_rtl,MVAU,4,16,1,8,INT8,UINT6,INT17,8,6,dsp,auto,internal_decoupled,,,,,,,,,,,,,,,,,,,,,,,,,,136,60,0,207,0,0,0,8
3,StreamingFIFO_rtl_26,StreamingFIFO_rtl,FIFO,,,,,,,,,,,auto,,,,,,,,,,,,,,,,,INT17,17,2,1x32x32x4x1,rtl,,,,,,13,0,0,17,0,0,0,0
3,Thresholding_rtl_9,Thresholding_rtl,Thresholding,,,1,,INT17,INT17,UINT6,17,17,,,,4,63,,,,,,,,,,,,,,,,,,,,,,,,116,0,7,332,0,2,0,0
3,StreamingFIFO_rtl_27,StreamingFIFO_rtl,FIFO,,,,,,,,,,,auto,,,,,,,,,,,,,,,,,UINT6,6,2,1x32x32x4x1,rtl,,,,,,13,0,0,17,0,0,0,0
3,StreamingDataWidthConverter_rtl_6,StreamingDataWidthConverter_rtl,DWC,,,,,,,,,,,,,,,,,,,,,,,,,,,,UINT6,6,,,,1x32x32x4,6,24,,,11,0,0,34,0,0,0,0
3,StreamingFIFO_rtl_28,StreamingFIFO_rtl,FIFO,,,,,,,,,,,auto,,,,,,,,,,,,,,,,,UINT6,6,2,1x32x32x1x4,rtl,,,,,,53,0,0,101,0,0,0,0
3,FMPadding_rtl_1,FMPadding_rtl,FMPadding,,,,4,,UINT6,,,6,,,,4,,,32,32,,,,,,,,,,,,,,,,,,,4x4x4x4,1,47,0,0,63,0,0,0,0
3,StreamingFIFO_rtl_29,StreamingFIFO_rtl,FIFO,,,,,,,,,,,auto,,,,,,,,,,,,,,,,,UINT6,6,247,1x40x40x1x4,rtl,,,,,,79,0,0,71,0,0,1,0
3,StreamingDataWidthConverter_rtl_7,StreamingDataWidthConverter_rtl,DWC,,,,,,,,,,,,,,,,,,,,,,,,,,,,UINT6,6,,,,1x40x40x4,24,6,,,31,0,0,41,0,0,0,0
3,StreamingFIFO_rtl_30,StreamingFIFO_rtl,FIFO,,,,,,,,,,,auto,,,,,,,,,,,,,,,,,UINT6,6,1216,1x40x40x4x1,vivado,,,,,,110,0,64,22,0,0,0,0
3,ConvolutionInputGenerator_rtl_1,ConvolutionInputGenerator_rtl,SWU,,,,1,,UINT6,UINT6,,6,,distributed,,,,4,40,40,32,32,3,3,1,1,4,4,0,0,,,,,,,,,,,463,168,0,104,0,0,0,0
3,StreamingFIFO_rtl_31,StreamingFIFO_rtl,FIFO,,,,,,,,,,,auto,,,,,,,,,,,,,,,,,UINT6,6,2,1x32x32x36x1,rtl,,,,,,101,0,48,22,0,0,0,0
3,StreamingDataWidthConverter_rtl_8,StreamingDataWidthConverter_rtl,DWC,,,,,,,,,,,,,,,,,,,,,,,,,,,,UINT6,6,,,,1x32x32x36,6,24,,,10,0,0,34,0,0,0,0
3,StreamingFIFO_rtl_32,StreamingFIFO_rtl,FIFO,,,,,,,,,,,auto,,,,,,,,,,,,,,,,,UINT6,6,2,1x32x32x9x4,rtl,,,,,,25,0,0,39,0,0,0,0
3,MVAU_rtl_4,MVAU_rtl,MVAU,4,36,4,4,INT8,UINT6,INT17,8,6,dsp,auto,internal_decoupled,,,,,,,,,,,,,,,,,,,,,,,,,,366,63,0,474,0,0,0,8
3,StreamingFIFO_rtl_33,StreamingFIFO_rtl,FIFO,,,,,,,,,,,auto,,,,,,,,,,,,,,,,,INT17,17,2,1x32x32x1x4,rtl,,,,,,12,0,0,17,0,0,0,0
3,StreamingDataWidthConverter_rtl_9,StreamingDataWidthConverter_rtl,DWC,,,,,,,,,,,,,,,,,,,,,,,,,,,,INT17,17,,,,1x32x32x4,68,17,,,74,0,0,107,0,0,0,0
3,StreamingFIFO_rtl_34,StreamingFIFO_rtl,FIFO,,,,,,,,,,,auto,,,,,,,,,,,,,,,,,INT17,17,2,1x32x32x4x1,rtl,,,,,,31,0,0,53,0,0,0,0
3,Thresholding_rtl_10,Thresholding_rtl,Thresholding,,,1,,INT17,INT17,UINT8,17,17,,,,4,255,,,,,,,,,,,,,,,,,,,,,,,,127,0,9,455,0,4,0,0
3,StreamingFIFO_rtl_35,StreamingFIFO_rtl,FIFO,,,,,,,,,,,auto,,,,,,,,,,,,,,,,,UINT8,8,2,1x32x32x4x1,rtl,,,,,,252,0,192,38,0,0,0,0
3,StreamingDataWidthConverter_rtl_10,StreamingDataWidthConverter_rtl,DWC,,,,,,,,,,,,,,,,,,,,,,,,,,,,UINT8,8,,,,1x32x32x4,8,16,,,12,0,0,27,0,0,0,0
3,StreamingFIFO_rtl_36,StreamingFIFO_rtl,FIFO,,,,,,,,,,,auto,,,,,,,,,,,,,,,,,UINT8,8,2,1x32x32x2x2,rtl,,,,,,72,0,0,59,0,1,0,0
3,MVAU_rtl_5,MVAU_rtl,MVAU,16,4,1,2,INT4,UINT8,INT15,4,8,dsp,auto,internal_decoupled,,,,,,,,,,,,,,,,,,,,,,,,,,70,14,0,117,0,0,0,2
3,StreamingFIFO_rtl_37,StreamingFIFO_rtl,FIFO,,,,,,,,,,,auto,,,,,,,,,,,,,,,,,INT15,15,2,1x32x32x16x1,rtl,,,,,,86,0,36,20,0,0,0,0
3,Thresholding_rtl_11,Thresholding_rtl,Thresholding,,,1,,INT15,INT15,INT8,15,15,,,,16,255,,,,,,,,,,,,,,,,,,,,,,,,292,0,9,549,0,0,0,0
3,StreamingFIFO_rtl_38,StreamingFIFO_rtl,FIFO,,,,,,,,,,,auto,,,,,,,,,,,,,,,,,INT8,8,2,1x32x32x16x1,rtl,,,,,,13,0,0,17,0,0,0,0
3,AddStreams_hls_1,AddStreams_hls,AddStreams,,,1,,,INT8,,,8,,,,16,,,,,,,,,,,,,,,,,,,,,,,,,71,0,0,91,0,0,0,0
3,StreamingFIFO_rtl_39,StreamingFIFO_rtl,FIFO,,,,,,,,,,,auto,,,,,,,,,,,,,,,,,INT9,9,2,1x32x32x16x1,rtl,,,,,,30,0,0,53,0,0,0,0
3,Thresholding_rtl_12,Thresholding_rtl,Thresholding,,,1,,INT10,INT9,INT8,10,9,,,,16,255,,,,,,,,,,,,,,,,,,,,,,,,83,0,13,289,0,0,0,0
3,StreamingFIFO_rtl_40,StreamingFIFO_rtl,FIFO,,,,,,,,,,,auto,,,,,,,,,,,,,,,,,INT8,8,2,1x32x32x16x1,rtl,,,,,,73,0,0,141,0,0,0,0
3,Thresholding_rtl_13,Thresholding_rtl,Thresholding,,,1,,INT9,INT8,UINT6,9,8,,,,16,63,,,,,,,,,,,,,,,,,,,,,,,,57,0,11,130,0,0,0,0
3,StreamingFIFO_rtl_41,StreamingFIFO_rtl,FIFO,,,,,,,,,,,auto,,,,,,,,,,,,,,,,,UINT6,6,2,1x32x32x16x1,rtl,,,,,,23,0,0,39,0,0,0,0
3,DuplicateStreams_hls_2,DuplicateStreams_hls,DuplicateStreams,,,1,,,UINT6,,,6,,,,16,,,,,,,,,,,,,,,,,,,,,,,,,58,0,0,74,0,0,0,0
3,StreamingFIFO_rtl_42,StreamingFIFO_rtl,FIFO,,,,,,,,,,,auto,,,,,,,,,,,,,,,,,UINT6,6,2,1x32x32x16x1,rtl,,,,,,15,0,0,21,0,0,0,0
3,StreamingFIFO_rtl_43,StreamingFIFO_rtl,FIFO,,,,,,,,,,,auto,,,,,,,,,,,,,,,,,UINT6,6,2,1x32x32x16x1,rtl,,,,,,23,0,0,37,0,0,0,0
3,StreamingDataWidthConverter_rtl_11,StreamingDataWidthConverter_rtl,DWC,,,,,,,,,,,,,,,,,,,,,,,,,,,,UINT6,6,,,,1x32x32x16,6,48,,,12,0,0,59,0,0,0,0
3,Thresholding_rtl_14,Thresholding_rtl,Thresholding,,,1,,UINT6,UINT6,INT8,6,6,,,,16,255,,,,,,,,,,,,,,,,,,,,,,,,57,0,18,177,0,3,0,0
3,StreamingFIFO_rtl_44,StreamingFIFO_rtl,FIFO,,,,,,,,,,,auto,,,,,,,,,,,,,,,,,UINT6,6,2,1x32x32x2x8,rtl,,,,,,23,0,0,35,0,0,0,0
3,StreamingFIFO_rtl_45,StreamingFIFO_rtl,FIFO,,,,,,,,,,,ultra,,,,,,,,,,,,,,,,,INT8,8,5089,1x32x32x16x1,vivado,,,,,,14,0,0,21,0,0,0,0
3,MVAU_rtl_6,MVAU_rtl,MVAU,4,16,1,8,INT8,UINT6,INT17,8,6,dsp,auto,internal_decoupled,,,,,,,,,,,,,,,,,,,,,,,,,,134,60,0,207,0,0,0,8
3,StreamingFIFO_rtl_46,StreamingFIFO_rtl,FIFO,,,,,,,,,,,auto,,,,,,,,,,,,,,,,,INT17,17,2,1x32x32x4x1,rtl,,,,,,16,0,0,23,0,0,0,0
3,Thresholding_rtl_15,Thresholding_rtl,Thresholding,,,1,,INT17,INT17,UINT6,17,17,,,,4,63,,,,,,,,,,,,,,,,,,,,,,,,116,0,7,371,0,0,0,0
3,StreamingFIFO_rtl_47,StreamingFIFO_rtl,FIFO,,,,,,,,,,,auto,,,,,,,,,,,,,,,,,UINT6,6,2,1x32x32x4x1,rtl,,,,,,15,0,0,21,0,0,0,0
3,StreamingDataWidthConverter_rtl_12,StreamingDataWidthConverter_rtl,DWC,,,,,,,,,,,,,,,,,,,,,,,,,,,,UINT6,6,,,,1x32x32x4,6,24,,,8,0,0,34,0,0,0,0
3,StreamingFIFO_rtl_48,StreamingFIFO_rtl,FIFO,,,,,,,,,,,auto,,,,,,,,,,,,,,,,,UINT6,6,2,1x32x32x1x4,rtl,,,,,,12,0,0,17,0,0,0,0
3,FMPadding_rtl_2,FMPadding_rtl,FMPadding,,,,4,,UINT6,,,6,,,,4,,,32,32,,,,,,,,,,,,,,,,,,,8x8x8x8,1,46,0,0,63,0,0,0,0
3,StreamingFIFO_rtl_49,StreamingFIFO_rtl,FIFO,,,,,,,,,,,auto,,,,,,,,,,,,,,,,,UINT6,6,589,1x48x48x1x4,vivado,,,,,,12,0,0,17,0,0,0,0
3,StreamingDataWidthConverter_rtl_13,StreamingDataWidthConverter_rtl,DWC,,,,,,,,,,,,,,,,,,,,,,,,,,,,UINT6,6,,,,1x48x48x4,24,6,,,29,0,0,41,0,0,0,0
3,StreamingFIFO_rtl_50,StreamingFIFO_rtl,FIFO,,,,,,,,,,,ultra,,,,,,,,,,,,,,,,,UINT6,6,2928,1x48x48x4x1,vivado,,,,,,11,0,0,17,0,0,0,0
3,ConvolutionInputGenerator_rtl_2,ConvolutionInputGenerator_rtl,SWU,,,,1,,UINT6,UINT6,,6,,distributed,,,,4,48,48,32,32,3,3,1,1,8,8,0,0,,,,,,,,,,,797,400,0,285,0,0,0,0
3,StreamingFIFO_rtl_51,StreamingFIFO_rtl,FIFO,,,,,,,,,,,auto,,,,,,,,,,,,,,,,,UINT6,6,2,1x32x32x36x1,rtl,,,,,,53,0,0,101,0,0,0,0
3,StreamingDataWidthConverter_rtl_14,StreamingDataWidthConverter_rtl,DWC,,,,,,,,,,,,,,,,,,,,,,,,,,,,UINT6,6,,,,1x32x32x36,6,108,,,14,0,0,121,0,0,0,0
3,StreamingFIFO_rtl_52,StreamingFIFO_rtl,FIFO,,,,,,,,,,,auto,,,,,,,,,,,,,,,,,UINT6,6,2,1x32x32x2x18,rtl,,,,,,84,0,0,75,0,0,1,0
3,MVAU_rtl_7,MVAU_rtl,MVAU,4,36,1,18,INT8,UINT6,INT18,8,6,dsp,auto,internal_decoupled,,,,,,,,,,,,,,,,,,,,,,,,,,332,136,0,350,0,0,0,18
3,StreamingFIFO_rtl_53,StreamingFIFO_rtl,FIFO,,,,,,,,,,,auto,,,,,,,,,,,,,,,,,INT18,18,2,1x32x32x4x1,rtl,,,,,,68,0,0,63,0,0,1,0
3,Thresholding_rtl_16,Thresholding_rtl,Thresholding,,,1,,INT18,INT18,UINT8,18,18,,,,4,255,,,,,,,,,,,,,,,,,,,,,,,,127,0,9,458,0,4,0,0
3,StreamingFIFO_rtl_54,StreamingFIFO_rtl,FIFO,,,,,,,,,,,auto,,,,,,,,,,,,,,,,,UINT8,8,2,1x32x32x4x1,rtl,,,,,,111,0,64,22,0,0,0,0
3,StreamingDataWidthConverter_rtl_15,StreamingDataWidthConverter_rtl,DWC,,,,,,,,,,,,,,,,,,,,,,,,,,,,UINT8,8,,,,1x32x32x4,8,16,,,12,0,0,27,0,0,0,0
3,StreamingFIFO_rtl_55,StreamingFIFO_rtl,FIFO,,,,,,,,,,,auto,,,,,,,,,,,,,,,,,UINT8,8,2,1x32x32x2x2,rtl,,,,,,23,0,0,39,0,0,0,0
3,MVAU_rtl_8,MVAU_rtl,MVAU,16,4,1,2,INT4,UINT8,INT15,4,8,dsp,auto,internal_decoupled,,,,,,,,,,,,,,,,,,,,,,,,,,69,14,0,117,0,0,0,2
3,StreamingFIFO_rtl_56,StreamingFIFO_rtl,FIFO,,,,,,,,,,,auto,,,,,,,,,,,,,,,,,INT15,15,2,1x32x32x16x1,rtl,,,,,,109,0,56,22,0,0,0,0
3,Thresholding_rtl_17,Thresholding_rtl,Thresholding,,,1,,INT15,INT15,INT8,15,15,,,,16,255,,,,,,,,,,,,,,,,,,,,,,,,104,0,9,417,1,4,0,0
3,StreamingFIFO_rtl_57,StreamingFIFO_rtl,FIFO,,,,,,,,,,,auto,,,,,,,,,,,,,,,,,INT8,8,2,1x32x32x16x1,rtl,,,,,,11,0,0,17,0,0,0,0
3,AddStreams_hls_2,AddStreams_hls,AddStreams,,,1,,,INT8,,,8,,,,16,,,,,,,,,,,,,,,,,,,,,,,,,66,0,0,91,0,0,0,0
3,StreamingFIFO_rtl_58,StreamingFIFO_rtl,FIFO,,,,,,,,,,,auto,,,,,,,,,,,,,,,,,INT9,9,2,1x32x32x16x1,rtl,,,,,,29,0,0,53,0,0,0,0
3,Thresholding_rtl_18,Thresholding_rtl,Thresholding,,,1,,INT10,INT9,INT8,10,9,,,,16,255,,,,,,,,,,,,,,,,,,,,,,,,83,0,13,289,1,2,0,0
3,StreamingFIFO_rtl_59,StreamingFIFO_rtl,FIFO,,,,,,,,,,,auto,,,,,,,,,,,,,,,,,INT8,8,2,1x32x32x16x1,rtl,,,,,,66,0,0,55,0,1,0,0
3,Thresholding_rtl_19,Thresholding_rtl,Thresholding,,,1,,INT9,INT8,UINT6,9,8,,,,16,63,,,,,,,,,,,,,,,,,,,,,,,,57,0,11,130,0,0,0,0
3,StreamingFIFO_rtl_60,StreamingFIFO_rtl,FIFO,,,,,,,,,,,auto,,,,,,,,,,,,,,,,,UINT6,6,2,1x32x32x16x1,rtl,,,,,,152,0,72,37,0,0,0,0
3,DuplicateStreams_hls_3,DuplicateStreams_hls,DuplicateStreams,,,1,,,UINT6,,,6,,,,16,,,,,,,,,,,,,,,,,,,,,,,,,60,0,0,74,0,0,0,0
3,StreamingFIFO_rtl_61,StreamingFIFO_rtl,FIFO,,,,,,,,,,,auto,,,,,,,,,,,,,,,,,UINT6,6,2,1x32x32x16x1,rtl,,,,,,80,0,0,69,0,0,1,0
3,StreamingFIFO_rtl_62,StreamingFIFO_rtl,FIFO,,,,,,,,,,,auto,,,,,,,,,,,,,,,,,UINT6,6,2,1x32x32x16x1,rtl,,,,,,68,0,0,61,0,0,1,0
3,StreamingDataWidthConverter_rtl_16,StreamingDataWidthConverter_rtl,DWC,,,,,,,,,,,,,,,,,,,,,,,,,,,,UINT6,6,,,,1x32x32x16,6,48,,,12,0,0,59,0,0,0,0
3,Thresholding_rtl_20,Thresholding_rtl,Thresholding,,,1,,UINT6,UINT6,INT8,6,6,,,,16,255,,,,,,,,,,,,,,,,,,,,,,,,57,0,18,177,0,3,0,0
3,StreamingFIFO_rtl_63,StreamingFIFO_rtl,FIFO,,,,,,,,,,,auto,,,,,,,,,,,,,,,,,UINT6,6,2,1x32x32x2x8,rtl,,,,,,89,0,48,20,0,0,0,0
3,StreamingFIFO_rtl_64,StreamingFIFO_rtl,FIFO,,,,,,,,,,,auto,,,,,,,,,,,,,,,,,INT8,8,581,1x32x32x16x1,vivado,,,,,,64,0,24,48,0,0,0,0
3,MVAU_rtl_9,MVAU_rtl,MVAU,4,16,1,8,INT8,UINT6,INT18,8,6,dsp,auto,internal_decoupled,,,,,,,,,,,,,,,,,,,,,,,,,,139,59,0,208,0,0,0,8
3,StreamingFIFO_rtl_65,StreamingFIFO_rtl,FIFO,,,,,,,,,,,auto,,,,,,,,,,,,,,,,,INT18,18,2,1x32x32x4x1,rtl,,,,,,12,0,0,17,0,0,0,0
3,Thresholding_rtl_21,Thresholding_rtl,Thresholding,,,1,,INT18,INT18,UINT6,18,18,,,,4,63,,,,,,,,,,,,,,,,,,,,,,,,119,0,7,343,0,2,0,0
3,StreamingFIFO_rtl_66,StreamingFIFO_rtl,FIFO,,,,,,,,,,,auto,,,,,,,,,,,,,,,,,UINT6,6,2,1x32x32x4x1,rtl,,,,,,113,0,0,221,0,0,0,0
3,StreamingDataWidthConverter_rtl_17,StreamingDataWidthConverter_rtl,DWC,,,,,,,,,,,,,,,,,,,,,,,,,,,,UINT6,6,,,,1x32x32x4,6,24,,,9,0,0,34,0,0,0,0
3,StreamingFIFO_rtl_67,StreamingFIFO_rtl,FIFO,,,,,,,,,,,auto,,,,,,,,,,,,,,,,,UINT6,6,2,1x32x32x1x4,rtl,,,,,,25,0,0,41,0,0,0,0
3,FMPadding_rtl_3,FMPadding_rtl,FMPadding,,,,4,,UINT6,,,6,,,,4,,,32,32,,,,,,,,,,,,,,,,,,,1x1x1x1,1,49,0,0,63,0,0,0,0
3,StreamingFIFO_rtl_68,StreamingFIFO_rtl,FIFO,,,,,,,,,,,auto,,,,,,,,,,,,,,,,,UINT6,6,53,1x34x34x1x4,rtl,,,,,,14,0,0,21,0,0,0,0
3,StreamingDataWidthConverter_rtl_18,StreamingDataWidthConverter_rtl,DWC,,,,,,,,,,,,,,,,,,,,,,,,,,,,UINT6,6,,,,1x34x34x4,24,6,,,29,0,0,41,0,0,0,0
3,StreamingFIFO_rtl_69,StreamingFIFO_rtl,FIFO,,,,,,,,,,,auto,,,,,,,,,,,,,,,,,UINT6,6,236,1x34x34x4x1,rtl,,,,,,23,0,0,37,0,0,0,0
3,ConvolutionInputGenerator_rtl_3,ConvolutionInputGenerator_rtl,SWU,,,,1,,UINT6,UINT6,,6,,distributed,,,,4,34,34,32,32,3,3,1,1,1,1,0,0,,,,,,,,,,,253,40,0,105,0,0,0,0
3,StreamingFIFO_rtl_70,StreamingFIFO_rtl,FIFO,,,,,,,,,,,auto,,,,,,,,,,,,,,,,,UINT6,6,2,1x32x32x36x1,rtl,,,,,,23,0,0,35,0,0,0,0
3,StreamingDataWidthConverter_rtl_19,StreamingDataWidthConverter_rtl,DWC,,,,,,,,,,,,,,,,,,,,,,,,,,,,UINT6,6,,,,1x32x32x36,6,72,,,14,0,0,84,0,0,0,0
3,StreamingFIFO_rtl_71,StreamingFIFO_rtl,FIFO,,,,,,,,,,,auto,,,,,,,,,,,,,,,,,UINT6,6,2,1x32x32x3x12,rtl,,,,,,14,0,0,21,0,0,0,0
3,MVAU_rtl_10,MVAU_rtl,MVAU,4,36,2,12,INT8,UINT6,INT17,8,6,dsp,auto,internal_decoupled,,,,,,,,,,,,,,,,,,,,,,,,,,489,135,0,501,0,0,0,12
3,StreamingFIFO_rtl_72,StreamingFIFO_rtl,FIFO,,,,,,,,,,,auto,,,,,,,,,,,,,,,,,INT17,17,2,1x32x32x2x2,rtl,,,,,,16,0,0,23,0,0,0,0
3,StreamingDataWidthConverter_rtl_20,StreamingDataWidthConverter_rtl,DWC,,,,,,,,,,,,,,,,,,,,,,,,,,,,INT17,17,,,,1x32x32x4,34,17,,,40,0,0,72,0,0,0,0
3,StreamingFIFO_rtl_73,StreamingFIFO_rtl,FIFO,,,,,,,,,,,auto,,,,,,,,,,,,,,,,,INT17,17,2,1x32x32x4x1,rtl,,,,,,15,0,0,21,0,0,0,0
3,Thresholding_rtl_22,Thresholding_rtl,Thresholding,,,1,,INT17,INT17,UINT6,17,17,,,,4,63,,,,,,,,,,,,,,,,,,,,,,,,110,0,7,331,0,2,0,0
3,StreamingFIFO_rtl_74,StreamingFIFO_rtl,FIFO,,,,,,,,,,,auto,,,,,,,,,,,,,,,,,UINT6,6,2,1x32x32x4x1,rtl,,,,,,12,0,0,17,0,0,0,0
3,StreamingDataWidthConverter_rtl_21,StreamingDataWidthConverter_rtl,DWC,,,,,,,,,,,,,,,,,,,,,,,,,,,,UINT6,6,,,,1x32x32x4,6,12,,,9,0,0,21,0,0,0,0
3,StreamingFIFO_rtl_75,StreamingFIFO_rtl,FIFO,,,,,,,,,,,auto,,,,,,,,,,,,,,,,,UINT6,6,2,1x32x32x2x2,rtl,,,,,,13,0,0,17,0,0,0,0
3,MVAU_rtl_11,MVAU_rtl,MVAU,16,4,1,2,INT8,UINT6,INT15,8,6,dsp,auto,internal_decoupled,,,,,,,,,,,,,,,,,,,,,,,,,,71,16,0,121,0,0,0,2
3,StreamingFIFO_rtl_76,StreamingFIFO_rtl,FIFO,,,,,,,,,,,auto,,,,,,,,,,,,,,,,,INT15,15,2,1x32x32x16x1,rtl,,,,,,13,0,0,17,0,0,0,0
3,Thresholding_rtl_23,Thresholding_rtl,Thresholding,,,1,,INT15,INT15,INT8,15,15,,,,16,255,,,,,,,,,,,,,,,,,,,,,,,,104,0,9,417,1,4,0,0
3,StreamingFIFO_rtl_77,StreamingFIFO_rtl,FIFO,,,,,,,,,,,auto,,,,,,,,,,,,,,,,,INT8,8,2,1x32x32x16x1,rtl,,,,,,53,0,0,101,0,0,0,0
3,AddStreams_hls_3,AddStreams_hls,AddStreams,,,1,,,INT8,,,8,,,,16,,,,,,,,,,,,,,,,,,,,,,,,,65,0,0,91,0,0,0,0
3,StreamingFIFO_rtl_78,StreamingFIFO_rtl,FIFO,,,,,,,,,,,auto,,,,,,,,,,,,,,,,,INT9,9,2,1x32x32x16x1,rtl,,,,,,68,0,0,55,0,1,0,0
4,StreamingFIFO_rtl_0,StreamingFIFO_rtl,FIFO,,,,,,,,,,,auto,,,,,,,,,,,,,,,,,INT9,9,2,1x32x32x16x1,rtl,,,,,,16,0,0,23,0,0,0,0
4,Thresholding_rtl_0,Thresholding_rtl,Thresholding,,,1,,INT10,INT9,INT8,10,9,,,,16,255,,,,,,,,,,,,,,,,,,,,,,,,83,0,13,289,1,2,0,0
4,StreamingFIFO_rtl_1,StreamingFIFO_rtl,FIFO,,,,,,,,,,,auto,,,,,,,,,,,,,,,,,INT8,8,2,1x32x32x16x1,rtl,,,,,,15,0,0,21,0,0,0,0
4,Thresholding_rtl_1,Thresholding_rtl,Thresholding,,,1,,INT9,INT8,UINT6,9,8,,,,16,63,,,,,,,,,,,,,,,,,,,,,,,,57,0,11,130,0,0,0,0
4,StreamingFIFO_rtl_2,StreamingFIFO_rtl,FIFO,,,,,,,,,,,auto,,,,,,,,,,,,,,,,,UINT6,6,2,1x32x32x16x1,rtl,,,,,,12,0,0,17,0,0,0,0
4,DuplicateStreams_hls_0,DuplicateStreams_hls,DuplicateStreams,,,1,,,UINT6,,,6,,,,16,,,,,,,,,,,,,,,,,,,,,,,,,60,0,0,74,0,0,0,0
4,StreamingFIFO_rtl_3,StreamingFIFO_rtl,FIFO,,,,,,,,,,,ultra,,,,,,,,,,,,,,,,,UINT6,6,2322,1x32x32x16x1,vivado,,,,,,78,0,0,69,0,0,1,0
4,StreamingFIFO_rtl_4,StreamingFIFO_rtl,FIFO,,,,,,,,,,,auto,,,,,,,,,,,,,,,,,UINT6,6,2,1x32x32x16x1,rtl,,,,,,13,0,0,17,0,0,0,0
4,StreamingDataWidthConverter_rtl_0,StreamingDataWidthConverter_rtl,DWC,,,,,,,,,,,,,,,,,,,,,,,,,,,,UINT6,6,,,,1x32x32x16,6,48,,,12,0,0,59,0,0,0,0
4,Thresholding_rtl_2,Thresholding_rtl,Thresholding,,,1,,UINT6,UINT6,INT8,6,6,,,,16,255,,,,,,,,,,,,,,,,,,,,,,,,57,0,18,177,0,3,0,0
4,StreamingFIFO_rtl_5,StreamingFIFO_rtl,FIFO,,,,,,,,,,,auto,,,,,,,,,,,,,,,,,UINT6,6,2,1x32x32x2x8,rtl,,,,,,91,0,48,20,0,0,0,0
4,StreamingFIFO_rtl_6,StreamingFIFO_rtl,FIFO,,,,,,,,,,,ultra,,,,,,,,,,,,,,,,,INT8,8,16384,1x32x32x16x1,vivado,,,,,,37,0,6,17,0,0,0,0
4,MVAU_rtl_0,MVAU_rtl,MVAU,4,16,1,8,INT8,UINT6,INT17,8,6,dsp,auto,internal_decoupled,,,,,,,,,,,,,,,,,,,,,,,,,,137,60,0,207,0,0,0,8
4,StreamingFIFO_rtl_7,StreamingFIFO_rtl,FIFO,,,,,,,,,,,auto,,,,,,,,,,,,,,,,,INT17,17,2,1x32x32x4x1,rtl,,,,,,53,0,0,101,0,0,0,0
4,Thresholding_rtl_3,Thresholding_rtl,Thresholding,,,1,,INT17,INT17,UINT6,17,17,,,,4,63,,,,,,,,,,,,,,,,,,,,,,,,117,0,7,330,0,2,0,0
4,StreamingFIFO_rtl_8,StreamingFIFO_rtl,FIFO,,,,,,,,,,,auto,,,,,,,,,,,,,,,,,UINT6,6,2,1x32x32x4x1,rtl,,,,,,97,0,0,83,0,0,4,0
4,StreamingDataWidthConverter_rtl_1,StreamingDataWidthConverter_rtl,DWC,,,,,,,,,,,,,,,,,,,,,,,,,,,,UINT6,6,,,,1x32x32x4,6,24,,,11,0,0,34,0,0,0,0
4,StreamingFIFO_rtl_9,StreamingFIFO_rtl,FIFO,,,,,,,,,,,auto,,,,,,,,,,,,,,,,,UINT6,6,32,1x32x32x1x4,rtl,,,,,,25,0,0,39,0,0,0,0
4,FMPadding_rtl_0,FMPadding_rtl,FMPadding,,,,4,,UINT6,,,6,,,,4,,,32,32,,,,,,,,,,,,,,,,,,,2x2x2x2,1,45,0,0,63,0,0,0,0
4,StreamingFIFO_rtl_10,StreamingFIFO_rtl,FIFO,,,,,,,,,,,auto,,,,,,,,,,,,,,,,,UINT6,6,226,1x36x36x1x4,rtl,,,,,,13,0,0,17,0,0,0,0
4,StreamingDataWidthConverter_rtl_2,StreamingDataWidthConverter_rtl,DWC,,,,,,,,,,,,,,,,,,,,,,,,,,,,UINT6,6,,,,1x36x36x4,24,6,,,31,0,0,41,0,0,0,0
4,StreamingFIFO_rtl_11,StreamingFIFO_rtl,FIFO,,,,,,,,,,,ultra,,,,,,,,,,,,,,,,,UINT6,6,5184,1x36x36x4x1,vivado,,,,,,69,0,24,35,0,0,0,0
4,ConvolutionInputGenerator_rtl_0,ConvolutionInputGenerator_rtl,SWU,,,,1,,UINT6,UINT6,,6,,distributed,,,,4,36,36,32,32,3,3,1,1,2,2,0,0,,,,,,,,,,,324,80,0,102,0,0,0,0
4,StreamingFIFO_rtl_12,StreamingFIFO_rtl,FIFO,,,,,,,,,,,auto,,,,,,,,,,,,,,,,,UINT6,6,2,1x32x32x36x1,rtl,,,,,,255,0,192,43,0,0,0,0
4,StreamingDataWidthConverter_rtl_3,StreamingDataWidthConverter_rtl,DWC,,,,,,,,,,,,,,,,,,,,,,,,,,,,UINT6,6,,,,1x32x32x36,6,108,,,15,0,0,121,0,0,0,0
4,StreamingFIFO_rtl_13,StreamingFIFO_rtl,FIFO,,,,,,,,,,,auto,,,,,,,,,,,,,,,,,UINT6,6,2,1x32x32x2x18,rtl,,,,,,84,0,0,75,0,0,1,0
4,MVAU_rtl_1,MVAU_rtl,MVAU,4,36,1,18,INT8,UINT6,INT17,8,6,dsp,auto,internal_decoupled,,,,,,,,,,,,,,,,,,,,,,,,,,301,135,0,345,0,0,0,18
4,StreamingFIFO_rtl_14,StreamingFIFO_rtl,FIFO,,,,,,,,,,,auto,,,,,,,,,,,,,,,,,INT17,17,2,1x32x32x4x1,rtl,,,,,,70,0,0,65,0,0,1,0
4,Thresholding_rtl_4,Thresholding_rtl,Thresholding,,,1,,INT17,INT17,UINT4,17,17,,,,4,15,,,,,,,,,,,,,,,,,,,,,,,,88,0,5,235,0,0,0,0
4,StreamingFIFO_rtl_15,StreamingFIFO_rtl,FIFO,,,,,,,,,,,auto,,,,,,,,,,,,,,,,,UINT4,4,2,1x32x32x4x1,rtl,,,,,,51,0,12,18,0,0,0,0
4,StreamingDataWidthConverter_rtl_4,StreamingDataWidthConverter_rtl,DWC,,,,,,,,,,,,,,,,,,,,,,,,,,,,UINT4,4,,,,1x32x32x4,4,8,,,7,0,0,15,0,0,0,0
4,StreamingFIFO_rtl_16,StreamingFIFO_rtl,FIFO,,,,,,,,,,,auto,,,,,,,,,,,,,,,,,UINT4,4,2,1x32x32x2x2,rtl,,,,,,14,0,0,17,0,0,0,0
4,MVAU_rtl_2,MVAU_rtl,MVAU,16,4,1,2,INT8,UINT4,INT14,8,4,dsp,auto,internal_decoupled,,,,,,,,,,,,,,,,,,,,,,,,,,69,16,0,113,0,0,0,2
4,StreamingFIFO_rtl_17,StreamingFIFO_rtl,FIFO,,,,,,,,,,,auto,,,,,,,,,,,,,,,,,INT14,14,2,1x32x32x16x1,rtl,,,,,,113,0,0,221,0,0,0,0
4,Thresholding_rtl_5,Thresholding_rtl,Thresholding,,,1,,INT14,INT14,INT8,14,14,,,,16,255,,,,,,,,,,,,,,,,,,,,,,,,269,0,9,526,0,0,0,0
4,StreamingFIFO_rtl_18,StreamingFIFO_rtl,FIFO,,,,,,,,,,,auto,,,,,,,,,,,,,,,,,INT8,8,2,1x32x32x16x1,rtl,,,,,,24,0,0,39,0,0,0,0
4,AddStreams_hls_0,AddStreams_hls,AddStreams,,,1,,,INT8,,,8,,,,16,,,,,,,,,,,,,,,,,,,,,,,,,65,0,0,91,0,0,0,0
4,StreamingFIFO_rtl_19,StreamingFIFO_rtl,FIFO,,,,,,,,,,,auto,,,,,,,,,,,,,,,,,INT9,9,2,1x32x32x16x1,rtl,,,,,,10,0,0,13,0,0,0,0
4,Thresholding_rtl_6,Thresholding_rtl,Thresholding,,,1,,INT10,INT9,INT8,10,9,,,,16,255,,,,,,,,,,,,,,,,,,,,,,,,83,0,13,289,0,0,0,0
4,StreamingFIFO_rtl_20,StreamingFIFO_rtl,FIFO,,,,,,,,,,,auto,,,,,,,,,,,,,,,,,INT8,8,2,1x32x32x16x1,rtl,,,,,,15,0,0,21,0,0,0,0
4,Thresholding_rtl_7,Thresholding_rtl,Thresholding,,,1,,INT9,INT8,UINT6,9,8,,,,16,63,,,,,,,,,,,,,,,,,,,,,,,,57,0,11,130,0,0,0,0
4,StreamingFIFO_rtl_21,StreamingFIFO_rtl,FIFO,,,,,,,,,,,auto,,,,,,,,,,,,,,,,,UINT6,6,2,1x32x32x16x1,rtl,,,,,,22,0,0,33,0,0,0,0
4,DuplicateStreams_hls_1,DuplicateStreams_hls,DuplicateStreams,,,1,,,UINT6,,,6,,,,16,,,,,,,,,,,,,,,,,,,,,,,,,60,0,0,74,0,0,0,0
4,StreamingFIFO_rtl_22,StreamingFIFO_rtl,FIFO,,,,,,,,,,,auto,,,,,,,,,,,,,,,,,UINT6,6,2,1x32x32x16x1,rtl,,,,,,14,0,0,21,0,0,0,0
4,StreamingFIFO_rtl_23,StreamingFIFO_rtl,FIFO,,,,,,,,,,,auto,,,,,,,,,,,,,,,,,UINT6,6,2,1x32x32x16x1,rtl,,,,,,16,0,0,23,0,0,0,0
4,StreamingDataWidthConverter_rtl_5,StreamingDataWidthConverter_rtl,DWC,,,,,,,,,,,,,,,,,,,,,,,,,,,,UINT6,6,,,,1x32x32x16,6,48,,,12,0,0,59,0,0,0,0
4,Thresholding_rtl_8,Thresholding_rtl,Thresholding,,,1,,UINT6,UINT6,INT8,6,6,,,,16,255,,,,,,,,,,,,,,,,,,,,,,,,57,0,18,177,0,0,0,0
4,StreamingFIFO_rtl_24,StreamingFIFO_rtl,FIFO,,,,,,,,,,,auto,,,,,,,,,,,,,,,,,UINT6,6,2,1x32x32x2x8,rtl,,,,,,15,0,0,21,0,0,0,0
4,StreamingFIFO_rtl_25,StreamingFIFO_rtl,FIFO,,,,,,,,,,,ultra,,,,,,,,,,,,,,,,,INT8,8,2485,1x32x32x16x1,vivado,,,,,,12,0,0,17,0,0,0,0
4,MVAU_rtl_3,MVAU_rtl,MVAU,4,16,1,8,INT6,UINT6,INT15,6,6,dsp,auto,internal_decoupled,,,,,,,,,,,,,,,,,,,,,,,,,,133,52,0,182,0,0,0,8
4,StreamingFIFO_rtl_26,StreamingFIFO_rtl,FIFO,,,,,,,,,,,auto,,,,,,,,,,,,,,,,,INT15,15,2,1x32x32x4x1,rtl,,,,,,13,0,0,17,0,0,0,0
4,Thresholding_rtl_9,Thresholding_rtl,Thresholding,,,1,,INT15,INT15,UINT6,15,15,,,,4,63,,,,,,,,,,,,,,,,,,,,,,,,105,0,7,338,0,0,0,0
4,StreamingFIFO_rtl_27,StreamingFIFO_rtl,FIFO,,,,,,,,,,,auto,,,,,,,,,,,,,,,,,UINT6,6,2,1x32x32x4x1,rtl,,,,,,13,0,0,17,0,0,0,0
4,StreamingDataWidthConverter_rtl_6,StreamingDataWidthConverter_rtl,DWC,,,,,,,,,,,,,,,,,,,,,,,,,,,,UINT6,6,,,,1x32x32x4,6,24,,,9,0,0,34,0,0,0,0
4,StreamingFIFO_rtl_28,StreamingFIFO_rtl,FIFO,,,,,,,,,,,auto,,,,,,,,,,,,,,,,,UINT6,6,2,1x32x32x1x4,rtl,,,,,,53,0,0,101,0,0,0,0
4,FMPadding_rtl_1,FMPadding_rtl,FMPadding,,,,4,,UINT6,,,6,,,,4,,,32,32,,,,,,,,,,,,,,,,,,,4x4x4x4,1,47,0,0,63,0,0,0,0
4,StreamingFIFO_rtl_29,StreamingFIFO_rtl,FIFO,,,,,,,,,,,auto,,,,,,,,,,,,,,,,,UINT6,6,247,1x40x40x1x4,rtl,,,,,,81,0,0,71,0,0,1,0
4,StreamingDataWidthConverter_rtl_7,StreamingDataWidthConverter_rtl,DWC,,,,,,,,,,,,,,,,,,,,,,,,,,,,UINT6,6,,,,1x40x40x4,24,6,,,31,0,0,41,0,0,0,0
4,StreamingFIFO_rtl_30,StreamingFIFO_rtl,FIFO,,,,,,,,,,,auto,,,,,,,,,,,,,,,,,UINT6,6,1216,1x40x40x4x1,vivado,,,,,,110,0,64,22,0,0,0,0
4,ConvolutionInputGenerator_rtl_1,ConvolutionInputGenerator_rtl,SWU,,,,1,,UINT6,UINT6,,6,,distributed,,,,4,40,40,32,32,3,3,1,1,4,4,0,0,,,,,,,,,,,465,168,0,104,0,0,0,0
4,StreamingFIFO_rtl_31,StreamingFIFO_rtl,FIFO,,,,,,,,,,,auto,,,,,,,,,,,,,,,,,UINT6,6,2,1x32x32x36x1,rtl,,,,,,98,0,48,22,0,0,0,0
4,StreamingDataWidthConverter_rtl_8,StreamingDataWidthConverter_rtl,DWC,,,,,,,,,,,,,,,,,,,,,,,,,,,,UINT6,6,,,,1x32x32x36,6,108,,,15,0,0,121,0,0,0,0
4,StreamingFIFO_rtl_32,StreamingFIFO_rtl,FIFO,,,,,,,,,,,auto,,,,,,,,,,,,,,,,,UINT6,6,2,1x32x32x2x18,rtl,,,,,,21,0,0,35,0,0,0,0
4,MVAU_rtl_4,MVAU_rtl,MVAU,4,36,1,18,INT8,UINT6,INT18,8,6,dsp,auto,internal_decoupled,,,,,,,,,,,,,,,,,,,,,,,,,,312,136,0,350,0,0,0,18
4,StreamingFIFO_rtl_33,StreamingFIFO_rtl,FIFO,,,,,,,,,,,auto,,,,,,,,,,,,,,,,,INT18,18,2,1x32x32x4x1,rtl,,,,,,11,0,0,17,0,0,0,0
4,Thresholding_rtl_10,Thresholding_rtl,Thresholding,,,1,,INT18,INT18,UINT6,18,18,,,,4,63,,,,,,,,,,,,,,,,,,,,,,,,110,0,7,348,0,2,0,0
4,StreamingFIFO_rtl_34,StreamingFIFO_rtl,FIFO,,,,,,,,,,,auto,,,,,,,,,,,,,,,,,UINT6,6,2,1x32x32x4x1,rtl,,,,,,29,0,0,53,0,0,0,0
4,StreamingDataWidthConverter_rtl_9,StreamingDataWidthConverter_rtl,DWC,,,,,,,,,,,,,,,,,,,,,,,,,,,,UINT6,6,,,,1x32x32x4,6,12,,,9,0,0,21,0,0,0,0
4,StreamingFIFO_rtl_35,StreamingFIFO_rtl,FIFO,,,,,,,,,,,auto,,,,,,,,,,,,,,,,,UINT6,6,2,1x32x32x2x2,rtl,,,,,,252,0,192,38,0,0,0,0
4,MVAU_rtl_5,MVAU_rtl,MVAU,16,4,1,2,INT4,UINT6,INT15,4,6,dsp,auto,internal_decoupled,,,,,,,,,,,,,,,,,,,,,,,,,,67,12,0,113,0,0,0,2
4,StreamingFIFO_rtl_36,StreamingFIFO_rtl,FIFO,,,,,,,,,,,auto,,,,,,,,,,,,,,,,,INT15,15,2,1x32x32x16x1,rtl,,,,,,71,0,0,59,0,1,0,0
4,Thresholding_rtl_11,Thresholding_rtl,Thresholding,,,1,,INT15,INT15,INT8,15,15,,,,16,255,,,,,,,,,,,,,,,,,,,,,,,,102,0,9,417,1,4,0,0
4,StreamingFIFO_rtl_37,StreamingFIFO_rtl,FIFO,,,,,,,,,,,auto,,,,,,,,,,,,,,,,,INT8,8,2,1x32x32x16x1,rtl,,,,,,87,0,36,20,0,0,0,0
4,AddStreams_hls_1,AddStreams_hls,AddStreams,,,1,,,INT8,,,8,,,,16,,,,,,,,,,,,,,,,,,,,,,,,,65,0,0,91,0,0,0,0
4,StreamingFIFO_rtl_38,StreamingFIFO_rtl,FIFO,,,,,,,,,,,auto,,,,,,,,,,,,,,,,,INT9,9,2,1x32x32x16x1,rtl,,,,,,12,0,0,17,0,0,0,0
4,Thresholding_rtl_12,Thresholding_rtl,Thresholding,,,1,,INT10,INT9,INT8,10,9,,,,16,255,,,,,,,,,,,,,,,,,,,,,,,,83,0,13,304,1,2,0,0
4,StreamingFIFO_rtl_39,StreamingFIFO_rtl,FIFO,,,,,,,,,,,auto,,,,,,,,,,,,,,,,,INT8,8,2,1x32x32x16x1,rtl,,,,,,113,0,0,221,0,0,0,0
4,Thresholding_rtl_13,Thresholding_rtl,Thresholding,,,1,,INT9,INT8,UINT6,9,8,,,,16,63,,,,,,,,,,,,,,,,,,,,,,,,57,0,11,130,0,0,0,0
4,StreamingFIFO_rtl_40,StreamingFIFO_rtl,FIFO,,,,,,,,,,,auto,,,,,,,,,,,,,,,,,UINT6,6,2,1x32x32x16x1,rtl,,,,,,24,0,0,41,0,0,0,0
4,DuplicateStreams_hls_2,DuplicateStreams_hls,DuplicateStreams,,,1,,,UINT6,,,6,,,,16,,,,,,,,,,,,,,,,,,,,,,,,,60,0,0,74,0,0,0,0
4,StreamingFIFO_rtl_41,StreamingFIFO_rtl,FIFO,,,,,,,,,,,auto,,,,,,,,,,,,,,,,,UINT6,6,2,1x32x32x16x1,rtl,,,,,,11,0,0,17,0,0,0,0
4,StreamingFIFO_rtl_42,StreamingFIFO_rtl,FIFO,,,,,,,,,,,auto,,,,,,,,,,,,,,,,,UINT6,6,2,1x32x32x16x1,rtl,,,,,,18,0,0,29,0,0,0,0
4,StreamingDataWidthConverter_rtl_10,StreamingDataWidthConverter_rtl,DWC,,,,,,,,,,,,,,,,,,,,,,,,,,,,UINT6,6,,,,1x32x32x16,6,48,,,11,0,0,59,0,0,0,0
4,Thresholding_rtl_14,Thresholding_rtl,Thresholding,,,1,,UINT6,UINT6,INT8,6,6,,,,16,255,,,,,,,,,,,,,,,,,,,,,,,,57,0,18,177,0,3,0,0
4,StreamingFIFO_rtl_43,StreamingFIFO_rtl,FIFO,,,,,,,,,,,auto,,,,,,,,,,,,,,,,,UINT6,6,2,1x32x32x2x8,rtl,,,,,,23,0,0,35,0,0,0,0
4,StreamingFIFO_rtl_44,StreamingFIFO_rtl,FIFO,,,,,,,,,,,ultra,,,,,,,,,,,,,,,,,INT8,8,5087,1x32x32x16x1,vivado,,,,,,14,0,0,21,0,0,0,0
4,MVAU_rtl_6,MVAU_rtl,MVAU,4,16,1,8,INT8,UINT6,INT17,8,6,dsp,auto,internal_decoupled,,,,,,,,,,,,,,,,,,,,,,,,,,134,59,0,205,0,0,0,8
4,StreamingFIFO_rtl_45,StreamingFIFO_rtl,FIFO,,,,,,,,,,,auto,,,,,,,,,,,,,,,,,INT17,17,2,1x32x32x4x1,rtl,,,,,,16,0,0,23,0,0,0,0
4,Thresholding_rtl_15,Thresholding_rtl,Thresholding,,,1,,INT17,INT17,UINT6,17,17,,,,4,63,,,,,,,,,,,,,,,,,,,,,,,,115,0,7,373,0,0,0,0
4,StreamingFIFO_rtl_46,StreamingFIFO_rtl,FIFO,,,,,,,,,,,auto,,,,,,,,,,,,,,,,,UINT6,6,2,1x32x32x4x1,rtl,,,,,,15,0,0,21,0,0,0,0
4,StreamingDataWidthConverter_rtl_11,StreamingDataWidthConverter_rtl,DWC,,,,,,,,,,,,,,,,,,,,,,,,,,,,UINT6,6,,,,1x32x32x4,6,24,,,10,0,0,34,0,0,0,0
4,StreamingFIFO_rtl_47,StreamingFIFO_rtl,FIFO,,,,,,,,,,,auto,,,,,,,,,,,,,,,,,UINT6,6,2,1x32x32x1x4,rtl,,,,,,12,0,0,17,0,0,0,0
4,FMPadding_rtl_2,FMPadding_rtl,FMPadding,,,,4,,UINT6,,,6,,,,4,,,32,32,,,,,,,,,,,,,,,,,,,8x8x8x8,1,45,0,0,63,0,0,0,0
4,StreamingFIFO_rtl_48,StreamingFIFO_rtl,FIFO,,,,,,,,,,,auto,,,,,,,,,,,,,,,,,UINT6,6,589,1x48x48x1x4,vivado,,,,,,13,0,0,17,0,0,0,0
4,StreamingDataWidthConverter_rtl_12,StreamingDataWidthConverter_rtl,DWC,,,,,,,,,,,,,,,,,,,,,,,,,,,,UINT6,6,,,,1x48x48x4,24,6,,,30,0,0,41,0,0,0,0
4,StreamingFIFO_rtl_49,StreamingFIFO_rtl,FIFO,,,,,,,,,,,ultra,,,,,,,,,,,,,,,,,UINT6,6,2928,1x48x48x4x1,vivado,,,,,,13,0,0,17,0,0,0,0
4,ConvolutionInputGenerator_rtl_2,ConvolutionInputGenerator_rtl,SWU,,,,1,,UINT6,UINT6,,6,,distributed,,,,4,48,48,32,32,3,3,1,1,8,8,0,0,,,,,,,,,,,768,400,0,112,0,0,0,0
4,StreamingFIFO_rtl_50,StreamingFIFO_rtl,FIFO,,,,,,,,,,,auto,,,,,,,,,,,,,,,,,UINT6,6,2,1x32x32x36x1,rtl,,,,,,55,0,0,101,0,0,0,0
4,StreamingDataWidthConverter_rtl_13,StreamingDataWidthConverter_rtl,DWC,,,,,,,,,,,,,,,,,,,,,,,,,,,,UINT6,6,,,,1x32x32x36,6,108,,,15,0,0,121,0,0,0,0
4,StreamingFIFO_rtl_51,StreamingFIFO_rtl,FIFO,,,,,,,,,,,auto,,,,,,,,,,,,,,,,,UINT6,6,2,1x32x32x2x18,rtl,,,,,,86,0,0,75,0,0,1,0
4,MVAU_rtl_7,MVAU_rtl,MVAU,4,36,1,18,INT4,UINT6,INT14,4,6,dsp,auto,internal_decoupled,,,,,,,,,,,,,,,,,,,,,,,,,,246,100,0,263,0,0,0,18
4,StreamingFIFO_rtl_52,StreamingFIFO_rtl,FIFO,,,,,,,,,,,auto,,,,,,,,,,,,,,,,,INT14,14,2,1x32x32x4x1,rtl,,,,,,66,0,0,63,0,0,1,0
4,Thresholding_rtl_16,Thresholding_rtl,Thresholding,,,1,,INT14,INT14,UINT6,14,14,,,,4,63,,,,,,,,,,,,,,,,,,,,,,,,93,0,7,302,0,1,0,0
4,StreamingFIFO_rtl_53,StreamingFIFO_rtl,FIFO,,,,,,,,,,,auto,,,,,,,,,,,,,,,,,UINT6,6,2,1x32x32x4x1,rtl,,,,,,110,0,64,22,0,0,0,0
4,StreamingDataWidthConverter_rtl_14,StreamingDataWidthConverter_rtl,DWC,,,,,,,,,,,,,,,,,,,,,,,,,,,,UINT6,6,,,,1x32x32x4,6,12,,,10,0,0,21,0,0,0,0
4,StreamingFIFO_rtl_54,StreamingFIFO_rtl,FIFO,,,,,,,,,,,auto,,,,,,,,,,,,,,,,,UINT6,6,2,1x32x32x2x2,rtl,,,,,,24,0,0,39,0,0,0,0
4,MVAU_rtl_8,MVAU_rtl,MVAU,16,4,1,2,INT4,UINT6,INT13,4,6,dsp,auto,internal_decoupled,,,,,,,,,,,,,,,,,,,,,,,,,,63,12,0,105,0,0,0,2
4,StreamingFIFO_rtl_55,StreamingFIFO_rtl,FIFO,,,,,,,,,,,auto,,,,,,,,,,,,,,,,,INT13,13,2,1x32x32x16x1,rtl,,,,,,109,0,56,22,0,0,0,0
4,Thresholding_rtl_17,Thresholding_rtl,Thresholding,,,1,,INT13,INT13,INT8,13,13,,,,16,255,,,,,,,,,,,,,,,,,,,,,,,,92,0,9,381,1,4,0,0
4,StreamingFIFO_rtl_56,StreamingFIFO_rtl,FIFO,,,,,,,,,,,auto,,,,,,,,,,,,,,,,,INT8,8,2,1x32x32x16x1,rtl,,,,,,12,0,0,17,0,0,0,0
4,AddStreams_hls_2,AddStreams_hls,AddStreams,,,1,,,INT8,,,8,,,,16,,,,,,,,,,,,,,,,,,,,,,,,,70,0,0,91,0,0,0,0
4,StreamingFIFO_rtl_57,StreamingFIFO_rtl,FIFO,,,,,,,,,,,auto,,,,,,,,,,,,,,,,,INT9,9,2,1x32x32x16x1,rtl,,,,,,31,0,0,53,0,0,0,0
4,Thresholding_rtl_18,Thresholding_rtl,Thresholding,,,1,,INT10,INT9,INT8,10,9,,,,16,255,,,,,,,,,,,,,,,,,,,,,,,,83,0,13,289,1,2,0,0
4,StreamingFIFO_rtl_58,StreamingFIFO_rtl,FIFO,,,,,,,,,,,auto,,,,,,,,,,,,,,,,,INT8,8,2,1x32x32x16x1,rtl,,,,,,66,0,0,55,0,1,0,0
4,Thresholding_rtl_19,Thresholding_rtl,Thresholding,,,1,,INT9,INT8,UINT6,9,8,,,,16,63,,,,,,,,,,,,,,,,,,,,,,,,57,0,11,130,0,0,0,0
4,StreamingFIFO_rtl_59,StreamingFIFO_rtl,FIFO,,,,,,,,,,,auto,,,,,,,,,,,,,,,,,UINT6,6,2,1x32x32x16x1,rtl,,,,,,152,0,72,37,0,0,0,0
4,DuplicateStreams_hls_3,DuplicateStreams_hls,DuplicateStreams,,,1,,,UINT6,,,6,,,,16,,,,,,,,,,,,,,,,,,,,,,,,,64,0,0,74,0,0,0,0
4,StreamingFIFO_rtl_60,StreamingFIFO_rtl,FIFO,,,,,,,,,,,auto,,,,,,,,,,,,,,,,,UINT6,6,2,1x32x32x16x1,rtl,,,,,,80,0,0,71,0,0,1,0
4,StreamingFIFO_rtl_61,StreamingFIFO_rtl,FIFO,,,,,,,,,,,auto,,,,,,,,,,,,,,,,,UINT6,6,2,1x32x32x16x1,rtl,,,,,,67,0,0,61,0,0,1,0
4,StreamingDataWidthConverter_rtl_15,StreamingDataWidthConverter_rtl,DWC,,,,,,,,,,,,,,,,,,,,,,,,,,,,UINT6,6,,,,1x32x32x16,6,48,,,12,0,0,59,0,0,0,0
4,Thresholding_rtl_20,Thresholding_rtl,Thresholding,,,1,,UINT6,UINT6,INT8,6,6,,,,16,255,,,,,,,,,,,,,,,,,,,,,,,,57,0,18,177,0,0,0,0
4,StreamingFIFO_rtl_62,StreamingFIFO_rtl,FIFO,,,,,,,,,,,auto,,,,,,,,,,,,,,,,,UINT6,6,2,1x32x32x2x8,rtl,,,,,,93,0,48,20,0,0,0,0
4,StreamingFIFO_rtl_63,StreamingFIFO_rtl,FIFO,,,,,,,,,,,auto,,,,,,,,,,,,,,,,,INT8,8,579,1x32x32x16x1,vivado,,,,,,71,0,24,19,0,0,0,0
4,MVAU_rtl_9,MVAU_rtl,MVAU,4,16,1,8,INT8,UINT6,INT18,8,6,dsp,auto,internal_decoupled,,,,,,,,,,,,,,,,,,,,,,,,,,140,60,0,211,0,0,0,8
4,StreamingFIFO_rtl_64,StreamingFIFO_rtl,FIFO,,,,,,,,,,,auto,,,,,,,,,,,,,,,,,INT18,18,2,1x32x32x4x1,rtl,,,,,,14,0,0,17,0,0,0,0
4,Thresholding_rtl_21,Thresholding_rtl,Thresholding,,,1,,INT18,INT18,UINT6,18,18,,,,4,63,,,,,,,,,,,,,,,,,,,,,,,,112,0,7,389,0,0,0,0
4,StreamingFIFO_rtl_65,StreamingFIFO_rtl,FIFO,,,,,,,,,,,auto,,,,,,,,,,,,,,,,,UINT6,6,2,1x32x32x4x1,rtl,,,,,,113,0,0,221,0,0,0,0
4,StreamingDataWidthConverter_rtl_16,StreamingDataWidthConverter_rtl,DWC,,,,,,,,,,,,,,,,,,,,,,,,,,,,UINT6,6,,,,1x32x32x4,6,24,,,10,0,0,34,0,0,0,0
4,StreamingFIFO_rtl_66,StreamingFIFO_rtl,FIFO,,,,,,,,,,,auto,,,,,,,,,,,,,,,,,UINT6,6,2,1x32x32x1x4,rtl,,,,,,21,0,0,33,0,0,0,0
4,FMPadding_rtl_3,FMPadding_rtl,FMPadding,,,,4,,UINT6,,,6,,,,4,,,32,32,,,,,,,,,,,,,,,,,,,1x1x1x1,1,49,0,0,63,0,0,0,0
4,StreamingFIFO_rtl_67,StreamingFIFO_rtl,FIFO,,,,,,,,,,,auto,,,,,,,,,,,,,,,,,UINT6,6,53,1x34x34x1x4,rtl,,,,,,13,0,0,17,0,0,0,0
4,StreamingDataWidthConverter_rtl_17,StreamingDataWidthConverter_rtl,DWC,,,,,,,,,,,,,,,,,,,,,,,,,,,,UINT6,6,,,,1x34x34x4,24,6,,,32,0,0,41,0,0,0,0
4,StreamingFIFO_rtl_68,StreamingFIFO_rtl,FIFO,,,,,,,,,,,auto,,,,,,,,,,,,,,,,,UINT6,6,236,1x34x34x4x1,rtl,,,,,,19,0,0,29,0,0,0,0
4,ConvolutionInputGenerator_rtl_3,ConvolutionInputGenerator_rtl,SWU,,,,1,,UINT6,UINT6,,6,,distributed,,,,4,34,34,32,32,3,3,1,1,1,1,0,0,,,,,,,,,,,255,40,0,100,0,0,0,0
4,StreamingFIFO_rtl_69,StreamingFIFO_rtl,FIFO,,,,,,,,,,,auto,,,,,,,,,,,,,,,,,UINT6,6,2,1x32x32x36x1,rtl,,,,,,21,0,0,31,0,0,0,0
4,StreamingDataWidthConverter_rtl_18,StreamingDataWidthConverter_rtl,DWC,,,,,,,,,,,,,,,,,,,,,,,,,,,,UINT6,6,,,,1x32x32x36,6,108,,,15,0,0,121,0,0,0,0
4,StreamingFIFO_rtl_70,StreamingFIFO_rtl,FIFO,,,,,,,,,,,auto,,,,,,,,,,,,,,,,,UINT6,6,2,1x32x32x2x18,rtl,,,,,,14,0,0,21,0,0,0,0
4,MVAU_rtl_10,MVAU_rtl,MVAU,4,36,1,18,INT4,UINT6,INT14,4,6,dsp,auto,internal_decoupled,,,,,,,,,,,,,,,,,,,,,,,,,,245,100,0,262,0,0,0,18
4,StreamingFIFO_rtl_71,StreamingFIFO_rtl,FIFO,,,,,,,,,,,auto,,,,,,,,,,,,,,,,,INT14,14,2,1x32x32x4x1,rtl,,,,,,16,0,0,23,0,0,0,0
4,Thresholding_rtl_22,Thresholding_rtl,Thresholding,,,1,,INT14,INT14,UINT4,14,14,,,,4,15,,,,,,,,,,,,,,,,,,,,,,,,77,0,5,204,0,0,0,0
4,StreamingFIFO_rtl_72,StreamingFIFO_rtl,FIFO,,,,,,,,,,,auto,,,,,,,,,,,,,,,,,UINT4,4,2,1x32x32x4x1,rtl,,,,,,15,0,0,21,0,0,0,0
4,StreamingDataWidthConverter_rtl_19,StreamingDataWidthConverter_rtl,DWC,,,,,,,,,,,,,,,,,,,,,,,,,,,,UINT4,4,,,,1x32x32x4,4,8,,,7,0,0,15,0,0,0,0
4,StreamingFIFO_rtl_73,StreamingFIFO_rtl,FIFO,,,,,,,,,,,auto,,,,,,,,,,,,,,,,,UINT4,4,2,1x32x32x2x2,rtl,,,,,,12,0,0,17,0,0,0,0
4,MVAU_rtl_11,MVAU_rtl,MVAU,16,4,1,2,INT8,UINT4,INT13,8,4,dsp,auto,internal_decoupled,,,,,,,,,,,,,,,,,,,,,,,,,,68,16,0,109,0,0,0,2
4,StreamingFIFO_rtl_74,StreamingFIFO_rtl,FIFO,,,,,,,,,,,auto,,,,,,,,,,,,,,,,,INT13,13,2,1x32x32x16x1,rtl,,,,,,13,0,0,17,0,0,0,0
4,Thresholding_rtl_23,Thresholding_rtl,Thresholding,,,1,,INT13,INT13,INT8,13,13,,,,16,255,,,,,,,,,,,,,,,,,,,,,,,,251,0,9,505,0,0,0,0
4,StreamingFIFO_rtl_75,StreamingFIFO_rtl,FIFO,,,,,,,,,,,auto,,,,,,,,,,,,,,,,,INT8,8,2,1x32x32x16x1,rtl,,,,,,13,0,0,17,0,0,0,0
4,AddStreams_hls_3,AddStreams_hls,AddStreams,,,1,,,INT8,,,8,,,,16,,,,,,,,,,,,,,,,,,,,,,,,,70,0,0,91,0,0,0,0
4,StreamingFIFO_rtl_76,StreamingFIFO_rtl,FIFO,,,,,,,,,,,auto,,,,,,,,,,,,,,,,,INT9,9,2,1x32x32x16x1,rtl,,,,,,55,0,0,101,0,0,0,0
4,Thresholding_rtl_24,Thresholding_rtl,Thresholding,,,1,,INT10,INT9,INT8,10,9,,,,16,255,,,,,,,,,,,,,,,,,,,,,,,,83,0,13,289,0,0,0,0
4,StreamingFIFO_rtl_77,StreamingFIFO_rtl,FIFO,,,,,,,,,,,auto,,,,,,,,,,,,,,,,,INT8,8,2,1x32x32x16x1,rtl,,,,,,68,0,0,55,0,1,0,0
4,Thresholding_rtl_25,Thresholding_rtl,Thresholding,,,1,,INT9,INT8,UINT6,9,8,,,,16,63,,,,,,,,,,,,,,,,,,,,,,,,57,0,11,130,0,0,0,0
4,StreamingFIFO_rtl_78,StreamingFIFO_rtl,FIFO,,,,,,,,,,,auto,,,,,,,,,,,,,,,,,UINT6,6,2,1x32x32x16x1,rtl,,,,,,71,0,24,21,0,0,0,0
4,DuplicateStreams_hls_4,DuplicateStreams_hls,DuplicateStreams,,,1,,,UINT6,,,6,,,,16,,,,,,,,,,,,,,,,,,,,,,,,,66,0,0,74,0,0,0,0
4,StreamingFIFO_rtl_79,StreamingFIFO_rtl,FIFO,,,,,,,,,,,auto,,,,,,,,,,,,,,,,,UINT6,6,2,1x32x32x16x1,rtl,,,,,,25,0,0,41,0,0,0,0
4,StreamingFIFO_rtl_80,StreamingFIFO_rtl,FIFO,,,,,,,,,,,auto,,,,,,,,,,,,,,,,,UINT6,6,2,1x32x32x16x1,rtl,,,,,,12,0,0,17,0,0,0,0
4,StreamingDataWidthConverter_rtl_20,StreamingDataWidthConverter_rtl,DWC,,,,,,,,,,,,,,,,,,,,,,,,,,,,UINT6,6,,,,1x32x32x16,6,48,,,12,0,0,59,0,0,0,0
4,Thresholding_rtl_26,Thresholding_rtl,Thresholding,,,1,,UINT6,UINT6,INT8,6,6,,,,16,255,,,,,,,,,,,,,,,,,,,,,,,,57,0,18,177,0,3,0,0
4,StreamingFIFO_rtl_81,StreamingFIFO_rtl,FIFO,,,,,,,,,,,auto,,,,,,,,,,,,,,,,,UINT6,6,2,1x32x32x2x8,rtl,,,,,,31,0,0,53,0,0,0,0
4,StreamingFIFO_rtl_82,StreamingFIFO_rtl,FIFO,,,,,,,,,,,auto,,,,,,,,,,,,,,,,,INT8,8,1107,1x32x32x16x1,vivado,,,,,,100,0,48,36,0,0,0,0
4,MVAU_rtl_12,MVAU_rtl,MVAU,4,16,1,8,INT8,UINT6,INT18,8,6,dsp,auto,internal_decoupled,,,,,,,,,,,,,,,,,,,,,,,,,,141,60,0,211,0,0,0,8
4,StreamingFIFO_rtl_83,StreamingFIFO_rtl,FIFO,,,,,,,,,,,auto,,,,,,,,,,,,,,,,,INT18,18,2,1x32x32x4x1,rtl,,,,,,93,0,48,44,0,0,0,0
4,Thresholding_rtl_27,Thresholding_rtl,Thresholding,,,1,,INT18,INT18,UINT6,18,18,,,,4,63,,,,,,,,,,,,,,,,,,,,,,,,112,0,7,347,0,2,0,0
4,StreamingFIFO_rtl_84,StreamingFIFO_rtl,FIFO,,,,,,,,,,,auto,,,,,,,,,,,,,,,,,UINT6,6,2,1x32x32x4x1,rtl,,,,,,12,0,0,17,0,0,0,0
4,StreamingDataWidthConverter_rtl_21,StreamingDataWidthConverter_rtl,DWC,,,,,,,,,,,,,,,,,,,,,,,,,,,,UINT6,6,,,,1x32x32x4,6,24,,,11,0,0,34,0,0,0,0
4,StreamingFIFO_rtl_85,StreamingFIFO_rtl,FIFO,,,,,,,,,,,auto,,,,,,,,,,,,,,,,,UINT6,6,2,1x32x32x1x4,rtl,,,,,,113,0,0,221,0,0,0,0
4,FMPadding_rtl_4,FMPadding_rtl,FMPadding,,,,4,,UINT6,,,6,,,,4,,,32,32,,,,,,,,,,,,,,,,,,,2x2x2x2,1,46,0,0,63,0,0,0,0
4,StreamingFIFO_rtl_86,StreamingFIFO_rtl,FIFO,,,,,,,,,,,auto,,,,,,,,,,,,,,,,,UINT6,6,112,1x36x36x1x4,rtl,,,,,,22,0,0,33,0,0,0,0
4,StreamingDataWidthConverter_rtl_22,StreamingDataWidthConverter_rtl,DWC,,,,,,,,,,,,,,,,,,,,,,,,,,,,UINT6,6,,,,1x36x36x4,24,6,,,31,0,0,41,0,0,0,0
4,StreamingFIFO_rtl_87,StreamingFIFO_rtl,FIFO,,,,,,,,,,,auto,,,,,,,,,,,,,,,,,UINT6,6,504,1x36x36x4x1,vivado,,,,,,10,0,0,13,0,0,0,0
4,ConvolutionInputGenerator_rtl_4,ConvolutionInputGenerator_rtl,SWU,,,,1,,UINT6,UINT6,,6,,distributed,,,,4,36,36,32,32,3,3,1,1,2,2,0,0,,,,,,,,,,,321,80,0,107,0,0,0,0
4,StreamingFIFO_rtl_88,StreamingFIFO_rtl,FIFO,,,,,,,,,,,auto,,,,,,,,,,,,,,,,,UINT6,6,2,1x32x32x36x1,rtl,,,,,,15,0,0,21,0,0,0,0
4,StreamingDataWidthConverter_rtl_23,StreamingDataWidthConverter_rtl,DWC,,,,,,,,,,,,,,,,,,,,,,,,,,,,UINT6,6,,,,1x32x32x36,6,108,,,16,0,0,121,0,0,0,0
4,StreamingFIFO_rtl_89,StreamingFIFO_rtl,FIFO,,,,,,,,,,,auto,,,,,,,,,,,,,,,,,UINT6,6,2,1x32x32x2x18,rtl,,,,,,21,0,0,31,0,0,0,0
4,MVAU_rtl_13,MVAU_rtl,MVAU,4,36,1,18,INT4,UINT6,INT13,4,6,dsp,auto,internal_decoupled,,,,,,,,,,,,,,,,,,,,,,,,,,231,99,0,257,0,0,0,18
4,StreamingFIFO_rtl_90,StreamingFIFO_rtl,FIFO,,,,,,,,,,,auto,,,,,,,,,,,,,,,,,INT13,13,2,1x32x32x4x1,rtl,,,,,,14,0,0,21,0,0,0,0
4,Thresholding_rtl_28,Thresholding_rtl,Thresholding,,,1,,INT13,INT13,UINT4,13,13,,,,4,15,,,,,,,,,,,,,,,,,,,,,,,,75,0,5,192,0,0,0,0
4,StreamingFIFO_rtl_91,StreamingFIFO_rtl,FIFO,,,,,,,,,,,auto,,,,,,,,,,,,,,,,,UINT4,4,2,1x32x32x4x1,rtl,,,,,,16,0,0,23,0,0,0,0
4,StreamingDataWidthConverter_rtl_24,StreamingDataWidthConverter_rtl,DWC,,,,,,,,,,,,,,,,,,,,,,,,,,,,UINT4,4,,,,1x32x32x4,4,8,,,8,0,0,15,0,0,0,0
4,StreamingFIFO_rtl_92,StreamingFIFO_rtl,FIFO,,,,,,,,,,,auto,,,,,,,,,,,,,,,,,UINT4,4,2,1x32x32x2x2,rtl,,,,,,15,0,0,21,0,0,0,0
4,MVAU_rtl_14,MVAU_rtl,MVAU,16,4,1,2,INT4,UINT4,INT11,4,4,dsp,auto,internal_decoupled,,,,,,,,,,,,,,,,,,,,,,,,,,58,12,0,93,0,0,0,2
4,StreamingFIFO_rtl_93,StreamingFIFO_rtl,FIFO,,,,,,,,,,,auto,,,,,,,,,,,,,,,,,INT11,11,2,1x32x32x16x1,rtl,,,,,,12,0,0,17,0,0,0,0
4,Thresholding_rtl_29,Thresholding_rtl,Thresholding,,,1,,INT11,INT11,INT8,11,11,,,,16,255,,,,,,,,,,,,,,,,,,,,,,,,83,0,9,345,1,4,0,0
4,StreamingFIFO_rtl_94,StreamingFIFO_rtl,FIFO,,,,,,,,,,,auto,,,,,,,,,,,,,,,,,INT8,8,2,1x32x32x16x1,rtl,,,,,,13,0,0,17,0,0,0,0
4,AddStreams_hls_4,AddStreams_hls,AddStreams,,,1,,,INT8,,,8,,,,16,,,,,,,,,,,,,,,,,,,,,,,,,70,0,0,91,0,0,0,0
4,StreamingFIFO_rtl_95,StreamingFIFO_rtl,FIFO,,,,,,,,,,,auto,,,,,,,,,,,,,,,,,INT9,9,2,1x32x32x16x1,rtl,,,,,,13,0,0,17,0,0,0,0
5,StreamingFIFO_rtl_0,StreamingFIFO_rtl,FIFO,,,,,,,,,,,auto,,,,,,,,,,,,,,,,,INT9,9,2,1x32x32x16x1,rtl,,,,,,15,0,0,23,0,0,0,0
5,Thresholding_rtl_0,Thresholding_rtl,Thresholding,,,1,,INT10,INT9,INT8,10,9,,,,16,255,,,,,,,,,,,,,,,,,,,,,,,,83,0,13,304,1,2,0,0
5,StreamingFIFO_rtl_1,StreamingFIFO_rtl,FIFO,,,,,,,,,,,auto,,,,,,,,,,,,,,,,,INT8,8,2,1x32x32x16x1,rtl,,,,,,14,0,0,21,0,0,0,0
5,Thresholding_rtl_1,Thresholding_rtl,Thresholding,,,1,,INT9,INT8,UINT6,9,8,,,,16,63,,,,,,,,,,,,,,,,,,,,,,,,57,0,11,130,0,0,0,0
5,StreamingFIFO_rtl_2,StreamingFIFO_rtl,FIFO,,,,,,,,,,,auto,,,,,,,,,,,,,,,,,UINT6,6,2,1x32x32x16x1,rtl,,,,,,11,0,0,17,0,0,0,0
5,DuplicateStreams_hls_0,DuplicateStreams_hls,DuplicateStreams,,,1,,,UINT6,,,6,,,,16,,,,,,,,,,,,,,,,,,,,,,,,,61,0,0,74,0,0,0,0
5,StreamingFIFO_rtl_3,StreamingFIFO_rtl,FIFO,,,,,,,,,,,auto,,,,,,,,,,,,,,,,,UINT6,6,2792,1x32x32x16x1,vivado,,,,,,80,0,0,63,0,1,0,0
5,StreamingFIFO_rtl_4,StreamingFIFO_rtl,FIFO,,,,,,,,,,,auto,,,,,,,,,,,,,,,,,UINT6,6,2,1x32x32x16x1,rtl,,,,,,11,0,0,17,0,0,0,0
5,StreamingDataWidthConverter_rtl_0,StreamingDataWidthConverter_rtl,DWC,,,,,,,,,,,,,,,,,,,,,,,,,,,,UINT6,6,,,,1x32x32x16,6,48,,,12,0,0,59,0,0,0,0
5,Thresholding_rtl_2,Thresholding_rtl,Thresholding,,,1,,UINT6,UINT6,INT8,6,6,,,,16,255,,,,,,,,,,,,,,,,,,,,,,,,58,0,18,177,0,3,0,0
5,StreamingFIFO_rtl_5,StreamingFIFO_rtl,FIFO,,,,,,,,,,,auto,,,,,,,,,,,,,,,,,UINT6,6,2,1x32x32x2x8,rtl,,,,,,68,0,0,55,0,1,0,0
5,StreamingFIFO_rtl_6,StreamingFIFO_rtl,FIFO,,,,,,,,,,,auto,,,,,,,,,,,,,,,,,INT8,8,16384,1x32x32x16x1,vivado,,,,,,89,0,48,20,0,0,0,0
5,MVAU_rtl_0,MVAU_rtl,MVAU,4,16,1,8,INT8,UINT6,INT17,8,6,dsp,auto,internal_decoupled,,,,,,,,,,,,,,,,,,,,,,,,,,135,60,0,207,0,0,0,8
5,StreamingFIFO_rtl_7,StreamingFIFO_rtl,FIFO,,,,,,,,,,,auto,,,,,,,,,,,,,,,,,INT17,17,2,1x32x32x4x1,rtl,,,,,,53,0,0,101,0,0,0,0
5,Thresholding_rtl_3,Thresholding_rtl,Thresholding,,,1,,INT17,INT17,UINT6,17,17,,,,4,63,,,,,,,,,,,,,,,,,,,,,,,,115,0,7,333,0,2,0,0
5,StreamingFIFO_rtl_8,StreamingFIFO_rtl,FIFO,,,,,,,,,,,auto,,,,,,,,,,,,,,,,,UINT6,6,2,1x32x32x4x1,rtl,,,,,,103,0,0,75,4,0,0,0
5,StreamingDataWidthConverter_rtl_1,StreamingDataWidthConverter_rtl,DWC,,,,,,,,,,,,,,,,,,,,,,,,,,,,UINT6,6,,,,1x32x32x4,6,24,,,8,0,0,34,0,0,0,0
5,StreamingFIFO_rtl_9,StreamingFIFO_rtl,FIFO,,,,,,,,,,,auto,,,,,,,,,,,,,,,,,UINT6,6,32,1x32x32x1x4,rtl,,,,,,24,0,0,39,0,0,0,0
5,FMPadding_rtl_0,FMPadding_rtl,FMPadding,,,,4,,UINT6,,,6,,,,4,,,32,32,,,,,,,,,,,,,,,,,,,4x4x4x4,1,46,0,0,63,0,0,0,0
5,StreamingFIFO_rtl_10,StreamingFIFO_rtl,FIFO,,,,,,,,,,,auto,,,,,,,,,,,,,,,,,UINT6,6,365,1x40x40x1x4,vivado,,,,,,11,0,0,17,0,0,0,0
5,StreamingDataWidthConverter_rtl_2,StreamingDataWidthConverter_rtl,DWC,,,,,,,,,,,,,,,,,,,,,,,,,,,,UINT6,6,,,,1x40x40x4,24,6,,,31,0,0,41,0,0,0,0
5,StreamingFIFO_rtl_11,StreamingFIFO_rtl,FIFO,,,,,,,,,,,ultra,,,,,,,,,,,,,,,,,UINT6,6,6400,1x40x40x4x1,vivado,,,,,,73,0,24,35,0,0,0,0
5,ConvolutionInputGenerator_rtl_0,ConvolutionInputGenerator_rtl,SWU,,,,1,,UINT6,UINT6,,6,,distributed,,,,4,40,40,32,32,3,3,1,1,4,4,0,0,,,,,,,,,,,463,168,0,104,0,0,0,0
5,StreamingFIFO_rtl_12,StreamingFIFO_rtl,FIFO,,,,,,,,,,,auto,,,,,,,,,,,,,,,,,UINT6,6,2,1x32x32x36x1,rtl,,,,,,253,0,192,39,0,0,0,0
5,StreamingDataWidthConverter_rtl_3,StreamingDataWidthConverter_rtl,DWC,,,,,,,,,,,,,,,,,,,,,,,,,,,,UINT6,6,,,,1x32x32x36,6,108,,,15,0,0,121,0,0,0,0
5,StreamingFIFO_rtl_13,StreamingFIFO_rtl,FIFO,,,,,,,,,,,auto,,,,,,,,,,,,,,,,,UINT6,6,2,1x32x32x2x18,rtl,,,,,,151,0,96,37,0,0,0,0
5,MVAU_rtl_1,MVAU_rtl,MVAU,4,36,1,18,INT8,UINT6,INT17,8,6,dsp,auto,internal_decoupled,,,,,,,,,,,,,,,,,,,,,,,,,,319,136,0,347,0,0,0,18
5,StreamingFIFO_rtl_14,StreamingFIFO_rtl,FIFO,,,,,,,,,,,auto,,,,,,,,,,,,,,,,,INT17,17,2,1x32x32x4x1,rtl,,,,,,85,0,0,75,0,0,1,0
5,Thresholding_rtl_4,Thresholding_rtl,Thresholding,,,1,,INT17,INT17,UINT4,17,17,,,,4,15,,,,,,,,,,,,,,,,,,,,,,,,90,0,5,236,0,0,0,0
5,StreamingFIFO_rtl_15,StreamingFIFO_rtl,FIFO,,,,,,,,,,,auto,,,,,,,,,,,,,,,,,UINT4,4,2,1x32x32x4x1,rtl,,,,,,79,0,0,69,0,0,1,0
5,StreamingDataWidthConverter_rtl_4,StreamingDataWidthConverter_rtl,DWC,,,,,,,,,,,,,,,,,,,,,,,,,,,,UINT4,4,,,,1x32x32x4,4,8,,,8,0,0,15,0,0,0,0
5,StreamingFIFO_rtl_16,StreamingFIFO_rtl,FIFO,,,,,,,,,,,auto,,,,,,,,,,,,,,,,,UINT4,4,2,1x32x32x2x2,rtl,,,,,,96,0,48,20,0,0,0,0
5,MVAU_rtl_2,MVAU_rtl,MVAU,16,4,1,2,INT8,UINT4,INT15,8,4,dsp,auto,internal_decoupled,,,,,,,,,,,,,,,,,,,,,,,,,,71,16,0,117,0,0,0,2
5,StreamingFIFO_rtl_17,StreamingFIFO_rtl,FIFO,,,,,,,,,,,auto,,,,,,,,,,,,,,,,,INT15,15,2,1x32x32x16x1,rtl,,,,,,12,0,0,17,0,0,0,0
5,Thresholding_rtl_5,Thresholding_rtl,Thresholding,,,1,,INT15,INT15,INT8,15,15,,,,16,255,,,,,,,,,,,,,,,,,,,,,,,,103,0,9,417,1,4,0,0
5,StreamingFIFO_rtl_18,StreamingFIFO_rtl,FIFO,,,,,,,,,,,auto,,,,,,,,,,,,,,,,,INT8,8,2,1x32x32x16x1,rtl,,,,,,113,0,0,221,0,0,0,0
5,AddStreams_hls_0,AddStreams_hls,AddStreams,,,1,,,INT8,,,8,,,,16,,,,,,,,,,,,,,,,,,,,,,,,,65,0,0,91,0,0,0,0
5,StreamingFIFO_rtl_19,StreamingFIFO_rtl,FIFO,,,,,,,,,,,auto,,,,,,,,,,,,,,,,,INT9,9,2,1x32x32x16x1,rtl,,,,,,23,0,0,39,0,0,0,0
5,Thresholding_rtl_6,Thresholding_rtl,Thresholding,,,1,,INT10,INT9,INT8,10,9,,,,16,255,,,,,,,,,,,,,,,,,,,,,,,,83,0,13,289,1,2,0,0
5,StreamingFIFO_rtl_20,StreamingFIFO_rtl,FIFO,,,,,,,,,,,auto,,,,,,,,,,,,,,,,,INT8,8,2,1x32x32x16x1,rtl,,,,,,9,0,0,13,0,0,0,0
5,Thresholding_rtl_7,Thresholding_rtl,Thresholding,,,1,,INT9,INT8,UINT6,9,8,,,,16,63,,,,,,,,,,,,,,,,,,,,,,,,57,0,11,130,0,0,0,0
5,StreamingFIFO_rtl_21,StreamingFIFO_rtl,FIFO,,,,,,,,,,,auto,,,,,,,,,,,,,,,,,UINT6,6,2,1x32x32x16x1,rtl,,,,,,13,0,0,21,0,0,0,0
5,DuplicateStreams_hls_1,DuplicateStreams_hls,DuplicateStreams,,,1,,,UINT6,,,6,,,,16,,,,,,,,,,,,,,,,,,,,,,,,,61,0,0,74,0,0,0,0
5,StreamingFIFO_rtl_22,StreamingFIFO_rtl,FIFO,,,,,,,,,,,auto,,,,,,,,,,,,,,,,,UINT6,6,2,1x32x32x16x1,rtl,,,,,,21,0,0,35,0,0,0,0
5,StreamingFIFO_rtl_23,StreamingFIFO_rtl,FIFO,,,,,,,,,,,auto,,,,,,,,,,,,,,,,,UINT6,6,2,1x32x32x16x1,rtl,,,,,,13,0,0,21,0,0,0,0
5,StreamingDataWidthConverter_rtl_5,StreamingDataWidthConverter_rtl,DWC,,,,,,,,,,,,,,,,,,,,,,,,,,,,UINT6,6,,,,1x32x32x16,6,48,,,11,0,0,59,0,0,0,0
5,Thresholding_rtl_8,Thresholding_rtl,Thresholding,,,1,,UINT6,UINT6,INT8,6,6,,,,16,255,,,,,,,,,,,,,,,,,,,,,,,,57,0,18,177,0,0,0,0
5,StreamingFIFO_rtl_24,StreamingFIFO_rtl,FIFO,,,,,,,,,,,auto,,,,,,,,,,,,,,,,,UINT6,6,2,1x32x32x2x8,rtl,,,,,,15,0,0,23,0,0,0,0
5,StreamingFIFO_rtl_25,StreamingFIFO_rtl,FIFO,,,,,,,,,,,auto,,,,,,,,,,,,,,,,,INT8,8,5087,1x32x32x16x1,vivado,,,,,,14,0,0,21,0,0,0,0
5,MVAU_rtl_3,MVAU_rtl,MVAU,4,16,1,8,INT8,UINT6,INT17,8,6,dsp,auto,internal_decoupled,,,,,,,,,,,,,,,,,,,,,,,,,,135,60,0,207,0,0,0,8
5,StreamingFIFO_rtl_26,StreamingFIFO_rtl,FIFO,,,,,,,,,,,auto,,,,,,,,,,,,,,,,,INT17,17,2,1x32x32x4x1,rtl,,,,,,11,0,0,17,0,0,0,0
5,Thresholding_rtl_9,Thresholding_rtl,Thresholding,,,1,,INT17,INT17,UINT6,17,17,,,,4,63,,,,,,,,,,,,,,,,,,,,,,,,114,0,7,373,0,0,0,0
5,StreamingFIFO_rtl_27,StreamingFIFO_rtl,FIFO,,,,,,,,,,,auto,,,,,,,,,,,,,,,,,UINT6,6,2,1x32x32x4x1,rtl,,,,,,12,0,0,17,0,0,0,0
5,StreamingDataWidthConverter_rtl_6,StreamingDataWidthConverter_rtl,DWC,,,,,,,,,,,,,,,,,,,,,,,,,,,,UINT6,6,,,,1x32x32x4,6,24,,,9,0,0,34,0,0,0,0
5,StreamingFIFO_rtl_28,StreamingFIFO_rtl,FIFO,,,,,,,,,,,auto,,,,,,,,,,,,,,,,,UINT6,6,2,1x32x32x1x4,rtl,,,,,,11,0,0,17,0,0,0,0
5,FMPadding_rtl_1,FMPadding_rtl,FMPadding,,,,4,,UINT6,,,6,,,,4,,,32,32,,,,,,,,,,,,,,,,,,,8x8x8x8,1,45,0,0,63,0,0,0,0
5,StreamingFIFO_rtl_29,StreamingFIFO_rtl,FIFO,,,,,,,,,,,auto,,,,,,,,,,,,,,,,,UINT6,6,589,1x48x48x1x4,vivado,,,,,,53,0,0,101,0,0,0,0
5,StreamingDataWidthConverter_rtl_7,StreamingDataWidthConverter_rtl,DWC,,,,,,,,,,,,,,,,,,,,,,,,,,,,UINT6,6,,,,1x48x48x4,24,6,,,30,0,0,41,0,0,0,0
5,StreamingFIFO_rtl_30,StreamingFIFO_rtl,FIFO,,,,,,,,,,,auto,,,,,,,,,,,,,,,,,UINT6,6,2928,1x48x48x4x1,vivado,,,,,,84,0,0,67,1,0,0,0
5,ConvolutionInputGenerator_rtl_1,ConvolutionInputGenerator_rtl,SWU,,,,1,,UINT6,UINT6,,6,,distributed,,,,4,48,48,32,32,3,3,1,1,8,8,0,0,,,,,,,,,,,789,400,0,124,0,0,0,0
5,StreamingFIFO_rtl_31,StreamingFIFO_rtl,FIFO,,,,,,,,,,,auto,,,,,,,,,,,,,,,,,UINT6,6,2,1x32x32x36x1,rtl,,,,,,67,0,0,55,0,1,0,0
5,StreamingDataWidthConverter_rtl_8,StreamingDataWidthConverter_rtl,DWC,,,,,,,,,,,,,,,,,,,,,,,,,,,,UINT6,6,,,,1x32x32x36,6,108,,,15,0,0,121,0,0,0,0
5,StreamingFIFO_rtl_32,StreamingFIFO_rtl,FIFO,,,,,,,,,,,auto,,,,,,,,,,,,,,,,,UINT6,6,2,1x32x32x2x18,rtl,,,,,,110,0,64,22,0,0,0,0
5,MVAU_rtl_4,MVAU_rtl,MVAU,4,36,1,18,INT6,UINT6,INT16,6,6,dsp,auto,internal_decoupled,,,,,,,,,,,,,,,,,,,,,,,,,,301,118,0,306,0,0,0,18
5,StreamingFIFO_rtl_33,StreamingFIFO_rtl,FIFO,,,,,,,,,,,auto,,,,,,,,,,,,,,,,,INT16,16,2,1x32x32x4x1,rtl,,,,,,24,0,0,39,0,0,0,0
5,Thresholding_rtl_10,Thresholding_rtl,Thresholding,,,1,,INT16,INT16,UINT6,16,16,,,,4,63,,,,,,,,,,,,,,,,,,,,,,,,103,0,7,357,0,0,0,0
5,StreamingFIFO_rtl_34,StreamingFIFO_rtl,FIFO,,,,,,,,,,,auto,,,,,,,,,,,,,,,,,UINT6,6,2,1x32x32x4x1,rtl,,,,,,110,0,56,22,0,0,0,0
5,StreamingDataWidthConverter_rtl_9,StreamingDataWidthConverter_rtl,DWC,,,,,,,,,,,,,,,,,,,,,,,,,,,,UINT6,6,,,,1x32x32x4,6,12,,,8,0,0,21,0,0,0,0
5,StreamingFIFO_rtl_35,StreamingFIFO_rtl,FIFO,,,,,,,,,,,auto,,,,,,,,,,,,,,,,,UINT6,6,2,1x32x32x2x2,rtl,,,,,,11,0,0,17,0,0,0,0
5,MVAU_rtl_5,MVAU_rtl,MVAU,16,4,1,2,INT8,UINT6,INT16,8,6,dsp,auto,internal_decoupled,,,,,,,,,,,,,,,,,,,,,,,,,,72,16,0,125,0,0,0,2
5,StreamingFIFO_rtl_36,StreamingFIFO_rtl,FIFO,,,,,,,,,,,auto,,,,,,,,,,,,,,,,,INT16,16,2,1x32x32x16x1,rtl,,,,,,29,0,0,53,0,0,0,0
5,Thresholding_rtl_11,Thresholding_rtl,Thresholding,,,1,,INT16,INT16,INT8,16,16,,,,16,255,,,,,,,,,,,,,,,,,,,,,,,,105,0,9,419,1,5,0,0
5,StreamingFIFO_rtl_37,StreamingFIFO_rtl,FIFO,,,,,,,,,,,auto,,,,,,,,,,,,,,,,,INT8,8,2,1x32x32x16x1,rtl,,,,,,68,0,0,55,0,1,0,0
5,AddStreams_hls_1,AddStreams_hls,AddStreams,,,1,,,INT8,,,8,,,,16,,,,,,,,,,,,,,,,,,,,,,,,,67,0,0,91,0,0,0,0
5,StreamingFIFO_rtl_38,StreamingFIFO_rtl,FIFO,,,,,,,,,,,auto,,,,,,,,,,,,,,,,,INT9,9,2,1x32x32x16x1,rtl,,,,,,151,0,72,37,0,0,0,0
5,Thresholding_rtl_12,Thresholding_rtl,Thresholding,,,1,,INT10,INT9,INT8,10,9,,,,16,255,,,,,,,,,,,,,,,,,,,,,,,,83,0,13,289,0,0,0,0
5,StreamingFIFO_rtl_39,StreamingFIFO_rtl,FIFO,,,,,,,,,,,auto,,,,,,,,,,,,,,,,,INT8,8,2,1x32x32x16x1,rtl,,,,,,81,0,0,63,0,1,0,0
5,Thresholding_rtl_13,Thresholding_rtl,Thresholding,,,1,,INT9,INT8,UINT6,9,8,,,,16,63,,,,,,,,,,,,,,,,,,,,,,,,57,0,11,130,0,0,0,0
5,StreamingFIFO_rtl_40,StreamingFIFO_rtl,FIFO,,,,,,,,,,,auto,,,,,,,,,,,,,,,,,UINT6,6,2,1x32x32x16x1,rtl,,,,,,68,0,0,55,0,1,0,0
5,DuplicateStreams_hls_2,DuplicateStreams_hls,DuplicateStreams,,,1,,,UINT6,,,6,,,,16,,,,,,,,,,,,,,,,,,,,,,,,,59,0,0,74,0,0,0,0
5,StreamingFIFO_rtl_41,StreamingFIFO_rtl,FIFO,,,,,,,,,,,auto,,,,,,,,,,,,,,,,,UINT6,6,2,1x32x32x16x1,rtl,,,,,,89,0,48,20,0,0,0,0
5,StreamingFIFO_rtl_42,StreamingFIFO_rtl,FIFO,,,,,,,,,,,auto,,,,,,,,,,,,,,,,,UINT6,6,2,1x32x32x16x1,rtl,,,,,,64,0,24,19,0,0,0,0
5,StreamingDataWidthConverter_rtl_10,StreamingDataWidthConverter_rtl,DWC,,,,,,,,,,,,,,,,,,,,,,,,,,,,UINT6,6,,,,1x32x32x16,6,24,,,9,0,0,34,0,0,0,0
5,StreamingDataWidthConverter_rtl_11,StreamingDataWidthConverter_rtl,DWC,,,,,,,,,,,,,,,,,,,,,,,,,,,,UINT6,6,,,,1x32x32x16,6,48,,,12,0,0,59,0,0,0,0
5,StreamingFIFO_rtl_43,StreamingFIFO_rtl,FIFO,,,,,,,,,,,auto,,,,,,,,,,,,,,,,,UINT6,6,2,1x32x32x4x4,rtl,,,,,,12,0,0,17,0,0,0,0
5,StreamingFIFO_rtl_44,StreamingFIFO_rtl,FIFO,,,,,,,,,,,auto,,,,,,,,,,,,,,,,,UINT6,6,2,1x32x32x2x8,rtl,,,,,,113,0,0,221,0,0,0,0
5,MVAU_rtl_6,MVAU_rtl,MVAU,8,16,1,8,INT8,UINT6,INT18,8,6,dsp,auto,internal_decoupled,,,,,,,,,,,,,,,,,,,,,,,,,,141,60,0,214,0,0,0,8
5,MVAU_rtl_7,MVAU_rtl,MVAU,4,16,4,4,INT8,UINT6,INT17,8,6,dsp,auto,internal_decoupled,,,,,,,,,,,,,,,,,,,,,,,,,,357,56,0,451,0,0,0,8
5,StreamingFIFO_rtl_45,StreamingFIFO_rtl,FIFO,,,,,,,,,,,auto,,,,,,,,,,,,,,,,,INT18,18,2,1x32x32x8x1,rtl,,,,,,23,0,0,37,0,0,0,0
5,StreamingFIFO_rtl_46,StreamingFIFO_rtl,FIFO,,,,,,,,,,,auto,,,,,,,,,,,,,,,,,INT17,17,2,1x32x32x1x4,rtl,,,,,,12,0,0,17,0,0,0,0
5,StreamingDataWidthConverter_rtl_12,StreamingDataWidthConverter_rtl,DWC,,,,,,,,,,,,,,,,,,,,,,,,,,,,INT17,17,,,,1x32x32x4,68,17,,,73,0,0,107,0,0,0,0
5,Thresholding_rtl_14,Thresholding_rtl,Thresholding,,,1,,INT18,INT18,INT6,18,18,,,,8,63,,,,,,,,,,,,,,,,,,,,,,,,114,0,7,341,0,3,0,0
5,StreamingFIFO_rtl_47,StreamingFIFO_rtl,FIFO,,,,,,,,,,,auto,,,,,,,,,,,,,,,,,INT17,17,2,1x32x32x4x1,rtl,,,,,,17,0,0,29,0,0,0,0
5,StreamingFIFO_rtl_48,StreamingFIFO_rtl,FIFO,,,,,,,,,,,auto,,,,,,,,,,,,,,,,,INT6,6,2,1x32x32x8x1,rtl,,,,,,22,0,0,37,0,0,0,0
5,StreamingDataWidthConverter_rtl_13,StreamingDataWidthConverter_rtl,DWC,,,,,,,,,,,,,,,,,,,,,,,,,,,,INT6,6,,,,1x32x32x8,6,48,,,11,0,0,59,0,0,0,0
5,Thresholding_rtl_15,Thresholding_rtl,Thresholding,,,1,,INT17,INT17,UINT6,17,17,,,,4,63,,,,,,,,,,,,,,,,,,,,,,,,117,0,7,332,0,2,0,0
5,StreamingFIFO_rtl_49,StreamingFIFO_rtl,FIFO,,,,,,,,,,,auto,,,,,,,,,,,,,,,,,UINT6,6,32,1x32x32x4x1,rtl,,,,,,13,0,0,21,0,0,0,0
5,StreamingFIFO_rtl_50,StreamingFIFO_rtl,FIFO,,,,,,,,,,,auto,,,,,,,,,,,,,,,,,INT6,6,2,1x32x32x1x8,rtl,,,,,,15,0,0,23,0,0,0,0
5,UpsampleNearestNeighbour_hls_0,UpsampleNearestNeighbour_hls,Upsample,,,,,,INT6,,,6,,,,8,,,,,,,,,,,,,,,,,,,,,,,,,203,28,0,289,0,0,0,0
5,FMPadding_Pixel_hls_0,FMPadding_Pixel_hls,FMPadding,,,,1,,UINT6,,,6,,,,4,,,32,32,,,,,2,2,,,,,,,,,,,,,,1,254,0,0,134,0,0,0,0
5,StreamingFIFO_rtl_51,StreamingFIFO_rtl,FIFO,,,,,,,,,,,auto,,,,,,,,,,,,,,,,,INT6,6,32,1x64x64x8,rtl,,,,,,14,0,0,21,0,0,0,0
5,StreamingFIFO_rtl_52,StreamingFIFO_rtl,FIFO,,,,,,,,,,,auto,,,,,,,,,,,,,,,,,UINT6,6,2,1x63x63x4x1,rtl,,,,,,11,0,0,17,0,0,0,0
5,StreamingDataWidthConverter_rtl_14,StreamingDataWidthConverter_rtl,DWC,,,,,,,,,,,,,,,,,,,,,,,,,,,,UINT6,6,,,,1x63x63x4,6,24,,,9,0,0,34,0,0,0,0
5,FMPadding_rtl_2,FMPadding_rtl,FMPadding,,,,8,,INT6,,,6,,,,8,,,64,64,,,,,,,,,,,,,,,,,,,1x1x1x1,1,89,0,0,113,0,0,0,0
5,StreamingFIFO_rtl_53,StreamingFIFO_rtl,FIFO,,,,,,,,,,,auto,,,,,,,,,,,,,,,,,UINT6,6,2,1x63x63x1x4,rtl,,,,,,11,0,0,17,0,0,0,0
5,StreamingFIFO_rtl_54,StreamingFIFO_rtl,FIFO,,,,,,,,,,,auto,,,,,,,,,,,,,,,,,INT6,6,3203,1x66x66x1x8,vivado,,,,,,11,0,0,17,0,0,0,0
5,StreamingDataWidthConverter_rtl_15,StreamingDataWidthConverter_rtl,DWC,,,,,,,,,,,,,,,,,,,,,,,,,,,,INT6,6,,,,1x66x66x8,48,6,,,55,0,0,66,0,0,0,0
5,FMPadding_rtl_3,FMPadding_rtl,FMPadding,,,,4,,UINT6,,,6,,,,4,,,63,63,,,,,,,,,,,,,,,,,,,1x1x1x1,1,55,0,0,65,0,0,0,0
5,StreamingFIFO_rtl_55,StreamingFIFO_rtl,FIFO,,,,,,,,,,,auto,,,,,,,,,,,,,,,,,UINT6,6,100,1x65x65x1x4,rtl,,,,,,30,0,0,53,0,0,0,0
5,StreamingFIFO_rtl_56,StreamingFIFO_rtl,FIFO,,,,,,,,,,,ultra,,,,,,,,,,,,,,,,,INT6,6,34848,1x66x66x8x1,vivado,,,,,,53,0,0,101,0,0,0,0
5,StreamingDataWidthConverter_rtl_16,StreamingDataWidthConverter_rtl,DWC,,,,,,,,,,,,,,,,,,,,,,,,,,,,UINT6,6,,,,1x65x65x4,24,6,,,29,0,0,41,0,0,0,0
5,ConvolutionInputGenerator_rtl_2,ConvolutionInputGenerator_rtl,SWU,,,,1,,INT6,INT6,,6,,distributed,,,,8,66,66,64,64,3,3,1,1,1,1,0,0,,,,,,,,,,,415,136,0,117,0,0,0,0
5,StreamingFIFO_rtl_57,StreamingFIFO_rtl,FIFO,,,,,,,,,,,auto,,,,,,,,,,,,,,,,,UINT6,6,13995,1x65x65x4x1,vivado,,,,,,25,0,0,41,0,0,0,0
5,StreamingFIFO_rtl_58,StreamingFIFO_rtl,FIFO,,,,,,,,,,,auto,,,,,,,,,,,,,,,,,INT6,6,2,1x64x64x72x1,rtl,,,,,,73,0,0,141,0,0,0,0
5,StreamingDataWidthConverter_rtl_17,StreamingDataWidthConverter_rtl,DWC,,,,,,,,,,,,,,,,,,,,,,,,,,,,INT6,6,,,,1x64x64x72,6,48,,,12,0,0,59,0,0,0,0
5,ConvolutionInputGenerator_rtl_3,ConvolutionInputGenerator_rtl,SWU,,,,1,,UINT6,UINT6,,6,,distributed,,,,4,65,65,64,64,2,2,1,1,1,1,0,0,,,,,,,,,,,264,40,0,104,0,0,0,0
5,StreamingFIFO_rtl_59,StreamingFIFO_rtl,FIFO,,,,,,,,,,,auto,,,,,,,,,,,,,,,,,UINT6,6,2,1x64x64x16x1,rtl,,,,,,23,0,0,39,0,0,0,0
5,StreamingFIFO_rtl_60,StreamingFIFO_rtl,FIFO,,,,,,,,,,,auto,,,,,,,,,,,,,,,,,INT6,6,2,1x64x64x9x8,rtl,,,,,,11,0,0,17,0,0,0,0
5,StreamingDataWidthConverter_rtl_18,StreamingDataWidthConverter_rtl,DWC,,,,,,,,,,,,,,,,,,,,,,,,,,,,UINT6,6,,,,1x64x64x16,6,48,,,12,0,0,59,0,0,0,0
5,MVAU_rtl_8,MVAU_rtl,MVAU,8,72,1,8,INT8,INT6,INT18,8,6,dsp,auto,internal_decoupled,,,,,,,,,,,,,,,,,,,,,,,,,,285,124,0,237,0,0,0,8
5,StreamingFIFO_rtl_61,StreamingFIFO_rtl,FIFO,,,,,,,,,,,auto,,,,,,,,,,,,,,,,,UINT6,6,2,1x64x64x2x8,rtl,,,,,,35,0,6,17,0,0,0,0
5,StreamingFIFO_rtl_62,StreamingFIFO_rtl,FIFO,,,,,,,,,,,auto,,,,,,,,,,,,,,,,,INT18,18,2,1x64x64x8x1,rtl,,,,,,53,0,0,101,0,0,0,0
5,MVAU_rtl_9,MVAU_rtl,MVAU,4,16,1,8,INT8,UINT6,INT16,8,6,dsp,auto,internal_decoupled,,,,,,,,,,,,,,,,,,,,,,,,,,146,60,0,203,0,0,0,8
5,Thresholding_rtl_16,Thresholding_rtl,Thresholding,,,1,,INT18,INT18,UINT4,18,18,,,,8,15,,,,,,,,,,,,,,,,,,,,,,,,93,0,5,256,0,0,0,0
5,StreamingFIFO_rtl_63,StreamingFIFO_rtl,FIFO,,,,,,,,,,,auto,,,,,,,,,,,,,,,,,INT16,16,2,1x64x64x4x1,rtl,,,,,,72,0,48,59,0,0,0,0
5,StreamingFIFO_rtl_64,StreamingFIFO_rtl,FIFO,,,,,,,,,,,auto,,,,,,,,,,,,,,,,,UINT4,4,2,1x64x64x8x1,rtl,,,,,,11,0,0,17,0,0,0,0
5,Thresholding_rtl_17,Thresholding_rtl,Thresholding,,,1,,INT16,INT16,UINT6,16,16,,,,4,63,,,,,,,,,,,,,,,,,,,,,,,,126,0,7,339,0,0,0,0
5,Thresholding_rtl_18,Thresholding_rtl,Thresholding,,,1,,UINT4,UINT4,INT8,4,4,,,,8,255,,,,,,,,,,,,,,,,,,,,,,,,44,0,15,139,0,3,0,0
5,StreamingFIFO_rtl_65,StreamingFIFO_rtl,FIFO,,,,,,,,,,,auto,,,,,,,,,,,,,,,,,UINT6,6,2,1x64x64x4x1,rtl,,,,,,29,0,0,53,0,0,0,0
5,StreamingFIFO_rtl_66,StreamingFIFO_rtl,FIFO,,,,,,,,,,,auto,,,,,,,,,,,,,,,,,INT8,8,2,1x64x64x8x1,rtl,,,,,,83,0,0,111,0,0,1,0
5,StreamingDataWidthConverter_rtl_19,StreamingDataWidthConverter_rtl,DWC,,,,,,,,,,,,,,,,,,,,,,,,,,,,UINT6,6,,,,1x64x64x4,6,12,,,8,0,0,21,0,0,0,0
5,StreamingFIFO_rtl_67,StreamingFIFO_rtl,FIFO,,,,,,,,,,,auto,,,,,,,,,,,,,,,,,UINT6,6,2,1x64x64x2x2,rtl,,,,,,69,0,0,59,1,1,0,0
5,MVAU_rtl_10,MVAU_rtl,MVAU,8,4,1,2,INT4,UINT6,INT12,4,6,dsp,auto,internal_decoupled,,,,,,,,,,,,,,,,,,,,,,,,,,57,12,0,98,0,0,0,2
5,StreamingFIFO_rtl_68,StreamingFIFO_rtl,FIFO,,,,,,,,,,,auto,,,,,,,,,,,,,,,,,INT12,12,18299,1x64x64x8x1,vivado,,,,,,379,0,240,69,0,0,0,0
5,Thresholding_rtl_19,Thresholding_rtl,Thresholding,,,1,,INT12,INT12,INT8,12,12,,,,8,255,,,,,,,,,,,,,,,,,,,,,,,,181,0,9,443,0,0,0,0
5,StreamingFIFO_rtl_69,StreamingFIFO_rtl,FIFO,,,,,,,,,,,auto,,,,,,,,,,,,,,,,,INT8,8,32768,1x64x64x8x1,vivado,,,,,,149,0,96,37,0,0,0,0
5,AddStreams_hls_2,AddStreams_hls,AddStreams,,,1,,,INT8,,,8,,,,8,,,,,,,,,,,,,,,,,,,,,,,,,68,0,0,92,0,0,0,0
5,StreamingFIFO_rtl_70,StreamingFIFO_rtl,FIFO,,,,,,,,,,,auto,,,,,,,,,,,,,,,,,INT9,9,2,1x64x64x8x1,rtl,,,,,,69,0,0,87,0,0,8,0
6,StreamingFIFO_rtl_0,StreamingFIFO_rtl,FIFO,,,,,,,,,,,auto,,,,,,,,,,,,,,,,,INT9,9,2,1x64x64x8x1,rtl,,,,,,15,0,0,23,0,0,0,0
6,Thresholding_rtl_0,Thresholding_rtl,Thresholding,,,1,,INT10,INT9,INT8,10,9,,,,8,255,,,,,,,,,,,,,,,,,,,,,,,,81,0,12,283,0,3,0,0
6,StreamingFIFO_rtl_1,StreamingFIFO_rtl,FIFO,,,,,,,,,,,auto,,,,,,,,,,,,,,,,,INT8,8,2,1x64x64x8x1,rtl,,,,,,14,0,0,21,0,0,0,0
6,Thresholding_rtl_1,Thresholding_rtl,Thresholding,,,1,,INT9,INT8,UINT6,9,8,,,,8,63,,,,,,,,,,,,,,,,,,,,,,,,57,0,11,130,0,0,0,0
6,StreamingFIFO_rtl_2,StreamingFIFO_rtl,FIFO,,,,,,,,,,,auto,,,,,,,,,,,,,,,,,UINT6,6,2,1x64x64x8x1,rtl,,,,,,11,0,0,17,0,0,0,0
6,DuplicateStreams_hls_0,DuplicateStreams_hls,DuplicateStreams,,,1,,,UINT6,,,6,,,,8,,,,,,,,,,,,,,,,,,,,,,,,,64,0,0,75,0,0,0,0
6,StreamingFIFO_rtl_3,StreamingFIFO_rtl,FIFO,,,,,,,,,,,ultra,,,,,,,,,,,,,,,,,UINT6,6,3899,1x64x64x8x1,vivado,,,,,,79,0,0,69,0,0,1,0
6,StreamingFIFO_rtl_4,StreamingFIFO_rtl,FIFO,,,,,,,,,,,auto,,,,,,,,,,,,,,,,,UINT6,6,2,1x64x64x8x1,rtl,,,,,,11,0,0,17,0,0,0,0
6,StreamingDataWidthConverter_rtl_0,StreamingDataWidthConverter_rtl,DWC,,,,,,,,,,,,,,,,,,,,,,,,,,,,UINT6,6,,,,1x64x64x8,6,24,,,9,0,0,34,0,0,0,0
6,Thresholding_rtl_2,Thresholding_rtl,Thresholding,,,1,,UINT6,UINT6,INT8,6,6,,,,8,255,,,,,,,,,,,,,,,,,,,,,,,,55,0,17,171,0,3,0,0
6,StreamingFIFO_rtl_5,StreamingFIFO_rtl,FIFO,,,,,,,,,,,auto,,,,,,,,,,,,,,,,,UINT6,6,2,1x64x64x2x4,rtl,,,,,,70,0,0,67,0,0,1,0
6,StreamingFIFO_rtl_6,StreamingFIFO_rtl,FIFO,,,,,,,,,,,auto,,,,,,,,,,,,,,,,,INT8,8,32768,1x64x64x8x1,vivado,,,,,,68,0,0,61,0,0,1,0
6,MVAU_rtl_0,MVAU_rtl,MVAU,2,8,1,4,INT8,UINT6,INT15,8,6,dsp,auto,internal_decoupled,,,,,,,,,,,,,,,,,,,,,,,,,,94,31,0,136,0,0,0,4
6,StreamingFIFO_rtl_7,StreamingFIFO_rtl,FIFO,,,,,,,,,,,auto,,,,,,,,,,,,,,,,,INT15,15,2,1x64x64x2x1,rtl,,,,,,29,0,0,53,0,0,0,0
6,Thresholding_rtl_3,Thresholding_rtl,Thresholding,,,1,,INT15,INT15,UINT8,15,15,,,,2,255,,,,,,,,,,,,,,,,,,,,,,,,169,0,9,450,0,0,0,0
6,StreamingFIFO_rtl_8,StreamingFIFO_rtl,FIFO,,,,,,,,,,,auto,,,,,,,,,,,,,,,,,UINT8,8,2,1x64x64x2x1,rtl,,,,,,92,0,48,20,0,0,0,0
6,StreamingDataWidthConverter_rtl_1,StreamingDataWidthConverter_rtl,DWC,,,,,,,,,,,,,,,,,,,,,,,,,,,,UINT8,8,,,,1x64x64x2,8,16,,,10,0,0,27,0,0,0,0
6,StreamingFIFO_rtl_9,StreamingFIFO_rtl,FIFO,,,,,,,,,,,auto,,,,,,,,,,,,,,,,,UINT8,8,32,1x64x64x1x2,rtl,,,,,,48,0,12,18,0,0,0,0
6,FMPadding_rtl_0,FMPadding_rtl,FMPadding,,,,2,,UINT8,,,8,,,,2,,,64,64,,,,,,,,,,,,,,,,,,,1x1x1x1,1,58,0,0,49,0,0,0,0
6,StreamingFIFO_rtl_10,StreamingFIFO_rtl,FIFO,,,,,,,,,,,auto,,,,,,,,,,,,,,,,,UINT8,8,554,1x66x66x1x2,vivado,,,,,,21,0,0,35,0,0,0,0
6,StreamingDataWidthConverter_rtl_2,StreamingDataWidthConverter_rtl,DWC,,,,,,,,,,,,,,,,,,,,,,,,,,,,UINT8,8,,,,1x66x66x2,16,8,,,21,0,0,36,0,0,0,0
6,StreamingFIFO_rtl_11,StreamingFIFO_rtl,FIFO,,,,,,,,,,,auto,,,,,,,,,,,,,,,,,UINT8,8,8712,1x66x66x2x1,vivado,,,,,,81,0,0,79,8,0,0,0
6,ConvolutionInputGenerator_rtl_0,ConvolutionInputGenerator_rtl,SWU,,,,1,,UINT8,UINT8,,8,,distributed,,,,2,66,66,64,64,3,3,1,1,1,1,0,0,,,,,,,,,,,275,50,0,104,0,0,0,0
6,StreamingFIFO_rtl_12,StreamingFIFO_rtl,FIFO,,,,,,,,,,,auto,,,,,,,,,,,,,,,,,UINT8,8,2,1x64x64x18x1,rtl,,,,,,13,0,0,21,0,0,0,0
6,StreamingDataWidthConverter_rtl_3,StreamingDataWidthConverter_rtl,DWC,,,,,,,,,,,,,,,,,,,,,,,,,,,,UINT8,8,,,,1x64x64x18,8,72,,,16,0,0,86,0,0,0,0
6,StreamingFIFO_rtl_13,StreamingFIFO_rtl,FIFO,,,,,,,,,,,auto,,,,,,,,,,,,,,,,,UINT8,8,2,1x64x64x2x9,rtl,,,,,,53,0,16,27,0,0,0,0
6,MVAU_rtl_1,MVAU_rtl,MVAU,2,18,1,9,INT8,UINT8,INT19,8,8,dsp,auto,internal_decoupled,,,,,,,,,,,,,,,,,,,,,,,,,,171,73,0,233,0,0,0,9
6,StreamingFIFO_rtl_14,StreamingFIFO_rtl,FIFO,,,,,,,,,,,auto,,,,,,,,,,,,,,,,,INT19,19,2,1x64x64x2x1,rtl,,,,,,69,0,0,55,0,1,0,0
6,Thresholding_rtl_4,Thresholding_rtl,Thresholding,,,1,,INT19,INT19,UINT6,19,19,,,,2,63,,,,,,,,,,,,,,,,,,,,,,,,156,0,7,371,0,0,0,0
6,StreamingFIFO_rtl_15,StreamingFIFO_rtl,FIFO,,,,,,,,,,,auto,,,,,,,,,,,,,,,,,UINT6,6,2,1x64x64x2x1,rtl,,,,,,74,0,32,28,0,0,0,0
6,MVAU_rtl_2,MVAU_rtl,MVAU,8,2,1,1,INT8,UINT6,INT16,8,6,dsp,auto,internal_decoupled,,,,,,,,,,,,,,,,,,,,,,,,,,48,8,0,108,0,0,0,1
6,StreamingFIFO_rtl_16,StreamingFIFO_rtl,FIFO,,,,,,,,,,,auto,,,,,,,,,,,,,,,,,INT16,16,2,1x64x64x8x1,rtl,,,,,,92,0,0,71,2,0,0,0
6,Thresholding_rtl_5,Thresholding_rtl,Thresholding,,,1,,INT16,INT16,INT8,16,16,,,,8,255,,,,,,,,,,,,,,,,,,,,,,,,236,0,9,536,0,0,0,0
6,StreamingFIFO_rtl_17,StreamingFIFO_rtl,FIFO,,,,,,,,,,,auto,,,,,,,,,,,,,,,,,INT8,8,2,1x64x64x8x1,rtl,,,,,,67,0,0,55,0,1,0,0
6,AddStreams_hls_0,AddStreams_hls,AddStreams,,,1,,,INT8,,,8,,,,8,,,,,,,,,,,,,,,,,,,,,,,,,66,0,0,92,0,0,0,0
6,StreamingFIFO_rtl_18,StreamingFIFO_rtl,FIFO,,,,,,,,,,,auto,,,,,,,,,,,,,,,,,INT9,9,2,1x64x64x8x1,rtl,,,,,,34,0,8,17,0,0,0,0
6,Thresholding_rtl_6,Thresholding_rtl,Thresholding,,,1,,INT10,INT9,INT8,10,9,,,,8,255,,,,,,,,,,,,,,,,,,,,,,,,81,0,12,283,0,3,0,0
6,StreamingFIFO_rtl_19,StreamingFIFO_rtl,FIFO,,,,,,,,,,,auto,,,,,,,,,,,,,,,,,INT8,8,2,1x64x64x8x1,rtl,,,,,,13,0,0,21,0,0,0,0
6,Thresholding_rtl_7,Thresholding_rtl,Thresholding,,,1,,INT9,INT8,UINT6,9,8,,,,8,63,,,,,,,,,,,,,,,,,,,,,,,,57,0,11,130,0,0,0,0
6,StreamingFIFO_rtl_20,StreamingFIFO_rtl,FIFO,,,,,,,,,,,auto,,,,,,,,,,,,,,,,,UINT6,6,2,1x64x64x8x1,rtl,,,,,,78,0,0,149,0,0,0,0
6,DuplicateStreams_hls_1,DuplicateStreams_hls,DuplicateStreams,,,1,,,UINT6,,,6,,,,8,,,,,,,,,,,,,,,,,,,,,,,,,64,0,0,75,0,0,0,0
6,StreamingFIFO_rtl_21,StreamingFIFO_rtl,FIFO,,,,,,,,,,,auto,,,,,,,,,,,,,,,,,UINT6,6,2,1x64x64x8x1,rtl,,,,,,26,0,0,43,0,0,0,0
6,StreamingFIFO_rtl_22,StreamingFIFO_rtl,FIFO,,,,,,,,,,,auto,,,,,,,,,,,,,,,,,UINT6,6,2,1x64x64x8x1,rtl,,,,,,12,0,0,17,0,0,0,0
6,StreamingDataWidthConverter_rtl_4,StreamingDataWidthConverter_rtl,DWC,,,,,,,,,,,,,,,,,,,,,,,,,,,,UINT6,6,,,,1x64x64x8,6,24,,,8,0,0,34,0,0,0,0
6,Thresholding_rtl_8,Thresholding_rtl,Thresholding,,,1,,UINT6,UINT6,INT8,6,6,,,,8,255,,,,,,,,,,,,,,,,,,,,,,,,55,0,17,171,0,3,0,0
6,StreamingFIFO_rtl_23,StreamingFIFO_rtl,FIFO,,,,,,,,,,,auto,,,,,,,,,,,,,,,,,UINT6,6,2,1x64x64x2x4,rtl,,,,,,22,0,0,37,0,0,0,0
6,StreamingFIFO_rtl_24,StreamingFIFO_rtl,FIFO,,,,,,,,,,,ultra,,,,,,,,,,,,,,,,,INT8,8,560,1x64x64x8x1,vivado,,,,,,13,0,0,21,0,0,0,0
6,MVAU_rtl_3,MVAU_rtl,MVAU,2,8,1,4,INT8,UINT6,INT16,8,6,dsp,auto,internal_decoupled,,,,,,,,,,,,,,,,,,,,,,,,,,96,29,0,137,0,0,0,4
6,StreamingFIFO_rtl_25,StreamingFIFO_rtl,FIFO,,,,,,,,,,,auto,,,,,,,,,,,,,,,,,INT16,16,2,1x64x64x2x1,rtl,,,,,,15,0,0,23,0,0,0,0
6,Thresholding_rtl_9,Thresholding_rtl,Thresholding,,,1,,INT16,INT16,UINT6,16,16,,,,2,63,,,,,,,,,,,,,,,,,,,,,,,,109,0,7,317,0,1,0,0
6,StreamingFIFO_rtl_26,StreamingFIFO_rtl,FIFO,,,,,,,,,,,auto,,,,,,,,,,,,,,,,,UINT6,6,2,1x64x64x2x1,rtl,,,,,,14,0,0,21,0,0,0,0
6,StreamingDataWidthConverter_rtl_5,StreamingDataWidthConverter_rtl,DWC,,,,,,,,,,,,,,,,,,,,,,,,,,,,UINT6,6,,,,1x64x64x2,6,12,,,8,0,0,21,0,0,0,0
6,StreamingFIFO_rtl_27,StreamingFIFO_rtl,FIFO,,,,,,,,,,,auto,,,,,,,,,,,,,,,,,UINT6,6,2,1x64x64x1x2,rtl,,,,,,11,0,0,17,0,0,0,0
6,FMPadding_rtl_1,FMPadding_rtl,FMPadding,,,,2,,UINT6,,,6,,,,2,,,64,64,,,,,,,,,,,,,,,,,,,1x1x1x1,1,53,0,0,41,0,0,0,0
6,StreamingFIFO_rtl_28,StreamingFIFO_rtl,FIFO,,,,,,,,,,,auto,,,,,,,,,,,,,,,,,UINT6,6,68,1x66x66x1x2,rtl,,,,,,12,0,0,17,0,0,0,0
6,StreamingDataWidthConverter_rtl_6,StreamingDataWidthConverter_rtl,DWC,,,,,,,,,,,,,,,,,,,,,,,,,,,,UINT6,6,,,,1x66x66x2,12,6,,,18,0,0,28,0,0,0,0
6,StreamingFIFO_rtl_29,StreamingFIFO_rtl,FIFO,,,,,,,,,,,auto,,,,,,,,,,,,,,,,,UINT6,6,236,1x66x66x2x1,rtl,,,,,,11,0,0,17,0,0,0,0
6,ConvolutionInputGenerator_rtl_1,ConvolutionInputGenerator_rtl,SWU,,,,1,,UINT6,UINT6,,6,,distributed,,,,2,66,66,64,64,3,3,1,1,1,1,0,0,,,,,,,,,,,263,40,0,182,0,0,0,0
6,StreamingFIFO_rtl_30,StreamingFIFO_rtl,FIFO,,,,,,,,,,,auto,,,,,,,,,,,,,,,,,UINT6,6,2,1x64x64x18x1,rtl,,,,,,29,0,0,53,0,0,0,0
6,StreamingDataWidthConverter_rtl_7,StreamingDataWidthConverter_rtl,DWC,,,,,,,,,,,,,,,,,,,,,,,,,,,,UINT6,6,,,,1x64x64x18,6,54,,,14,0,0,66,0,0,0,0
6,StreamingFIFO_rtl_31,StreamingFIFO_rtl,FIFO,,,,,,,,,,,auto,,,,,,,,,,,,,,,,,UINT6,6,2,1x64x64x2x9,rtl,,,,,,69,0,0,63,0,0,1,0
6,MVAU_rtl_4,MVAU_rtl,MVAU,2,18,2,9,INT8,UINT6,INT16,8,6,dsp,auto,internal_decoupled,,,,,,,,,,,,,,,,,,,,,,,,,,274,35,0,266,0,0,0,9
6,StreamingFIFO_rtl_32,StreamingFIFO_rtl,FIFO,,,,,,,,,,,auto,,,,,,,,,,,,,,,,,INT16,16,2,1x64x64x1x2,rtl,,,,,,52,0,16,20,0,0,0,0
6,StreamingDataWidthConverter_rtl_8,StreamingDataWidthConverter_rtl,DWC,,,,,,,,,,,,,,,,,,,,,,,,,,,,INT16,16,,,,1x64x64x2,32,16,,,36,0,0,68,0,0,0,0
6,StreamingFIFO_rtl_33,StreamingFIFO_rtl,FIFO,,,,,,,,,,,auto,,,,,,,,,,,,,,,,,INT16,16,2,1x64x64x2x1,rtl,,,,,,22,0,0,37,0,0,0,0
6,Thresholding_rtl_10,Thresholding_rtl,Thresholding,,,1,,INT16,INT16,UINT6,16,16,,,,2,63,,,,,,,,,,,,,,,,,,,,,,,,118,0,7,323,0,0,0,0
6,StreamingFIFO_rtl_34,StreamingFIFO_rtl,FIFO,,,,,,,,,,,auto,,,,,,,,,,,,,,,,,UINT6,6,2,1x64x64x2x1,rtl,,,,,,12,0,0,17,0,0,0,0
6,MVAU_rtl_5,MVAU_rtl,MVAU,8,2,1,1,INT8,UINT6,INT17,8,6,dsp,auto,internal_decoupled,,,,,,,,,,,,,,,,,,,,,,,,,,49,8,0,112,0,0,0,1
6,StreamingFIFO_rtl_35,StreamingFIFO_rtl,FIFO,,,,,,,,,,,auto,,,,,,,,,,,,,,,,,INT17,17,2,1x64x64x8x1,rtl,,,,,,17,0,0,29,0,0,0,0
6,Thresholding_rtl_11,Thresholding_rtl,Thresholding,,,1,,INT17,INT17,INT8,17,17,,,,8,255,,,,,,,,,,,,,,,,,,,,,,,,240,0,9,578,0,0,0,0
6,StreamingFIFO_rtl_36,StreamingFIFO_rtl,FIFO,,,,,,,,,,,auto,,,,,,,,,,,,,,,,,INT8,8,2,1x64x64x8x1,rtl,,,,,,92,0,36,25,0,0,0,0
6,AddStreams_hls_1,AddStreams_hls,AddStreams,,,1,,,INT8,,,8,,,,8,,,,,,,,,,,,,,,,,,,,,,,,,69,0,0,92,0,0,0,0
6,StreamingFIFO_rtl_37,StreamingFIFO_rtl,FIFO,,,,,,,,,,,auto,,,,,,,,,,,,,,,,,INT9,9,2,1x64x64x8x1,rtl,,,,,,94,0,48,117,0,0,0,0
6,Thresholding_rtl_12,Thresholding_rtl,Thresholding,,,1,,INT10,INT9,INT8,10,9,,,,8,255,,,,,,,,,,,,,,,,,,,,,,,,81,0,12,283,0,3,0,0
6,StreamingFIFO_rtl_38,StreamingFIFO_rtl,FIFO,,,,,,,,,,,auto,,,,,,,,,,,,,,,,,INT8,8,2,1x64x64x8x1,rtl,,,,,,11,0,0,17,0,0,0,0
6,Thresholding_rtl_13,Thresholding_rtl,Thresholding,,,1,,INT9,INT8,UINT6,9,8,,,,8,63,,,,,,,,,,,,,,,,,,,,,,,,57,0,11,130,0,0,0,0
6,StreamingFIFO_rtl_39,StreamingFIFO_rtl,FIFO,,,,,,,,,,,auto,,,,,,,,,,,,,,,,,UINT6,6,2,1x64x64x8x1,rtl,,,,,,60,0,0,113,0,0,0,0
6,DuplicateStreams_hls_2,DuplicateStreams_hls,DuplicateStreams,,,1,,,UINT6,,,6,,,,8,,,,,,,,,,,,,,,,,,,,,,,,,66,0,0,75,0,0,0,0
6,StreamingFIFO_rtl_40,StreamingFIFO_rtl,FIFO,,,,,,,,,,,auto,,,,,,,,,,,,,,,,,UINT6,6,2,1x64x64x8x1,rtl,,,,,,38,0,0,69,0,0,0,0
6,StreamingFIFO_rtl_41,StreamingFIFO_rtl,FIFO,,,,,,,,,,,auto,,,,,,,,,,,,,,,,,UINT6,6,2,1x64x64x8x1,rtl,,,,,,22,0,0,37,0,0,0,0
6,StreamingDataWidthConverter_rtl_9,StreamingDataWidthConverter_rtl,DWC,,,,,,,,,,,,,,,,,,,,,,,,,,,,UINT6,6,,,,1x64x64x8,6,24,,,9,0,0,34,0,0,0,0
6,StreamingDataWidthConverter_rtl_10,StreamingDataWidthConverter_rtl,DWC,,,,,,,,,,,,,,,,,,,,,,,,,,,,UINT6,6,,,,1x64x64x8,6,24,,,9,0,0,34,0,0,0,0
6,StreamingFIFO_rtl_42,StreamingFIFO_rtl,FIFO,,,,,,,,,,,auto,,,,,,,,,,,,,,,,,UINT6,6,2,1x64x64x2x4,rtl,,,,,,11,0,0,17,0,0,0,0
6,StreamingFIFO_rtl_43,StreamingFIFO_rtl,FIFO,,,,,,,,,,,auto,,,,,,,,,,,,,,,,,UINT6,6,2,1x64x64x2x4,rtl,,,,,,23,0,0,39,0,0,0,0
6,MVAU_rtl_6,MVAU_rtl,MVAU,4,8,1,4,INT8,UINT6,INT15,8,6,dsp,auto,internal_decoupled,,,,,,,,,,,,,,,,,,,,,,,,,,98,32,0,142,0,0,0,4
6,MVAU_rtl_7,MVAU_rtl,MVAU,2,8,2,4,INT4,UINT6,INT12,4,6,dsp,auto,internal_decoupled,,,,,,,,,,,,,,,,,,,,,,,,,,124,7,0,150,0,0,0,4
6,StreamingFIFO_rtl_44,StreamingFIFO_rtl,FIFO,,,,,,,,,,,auto,,,,,,,,,,,,,,,,,INT15,15,2,1x64x64x4x1,rtl,,,,,,13,0,0,21,0,0,0,0
6,StreamingFIFO_rtl_45,StreamingFIFO_rtl,FIFO,,,,,,,,,,,auto,,,,,,,,,,,,,,,,,INT12,12,2,1x64x64x1x2,rtl,,,,,,15,0,0,23,0,0,0,0
6,StreamingDataWidthConverter_rtl_11,StreamingDataWidthConverter_rtl,DWC,,,,,,,,,,,,,,,,,,,,,,,,,,,,INT12,12,,,,1x64x64x2,24,12,,,29,0,0,52,0,0,0,0
6,Thresholding_rtl_14,Thresholding_rtl,Thresholding,,,1,,INT15,INT15,INT6,15,15,,,,4,63,,,,,,,,,,,,,,,,,,,,,,,,107,0,7,339,0,0,0,0
6,StreamingFIFO_rtl_46,StreamingFIFO_rtl,FIFO,,,,,,,,,,,auto,,,,,,,,,,,,,,,,,INT12,12,2,1x64x64x2x1,rtl,,,,,,14,0,0,21,0,0,0,0
6,StreamingFIFO_rtl_47,StreamingFIFO_rtl,FIFO,,,,,,,,,,,auto,,,,,,,,,,,,,,,,,INT6,6,2,1x64x64x4x1,rtl,,,,,,11,0,0,17,0,0,0,0
6,StreamingDataWidthConverter_rtl_12,StreamingDataWidthConverter_rtl,DWC,,,,,,,,,,,,,,,,,,,,,,,,,,,,INT6,6,,,,1x64x64x4,6,24,,,9,0,0,34,0,0,0,0
6,Thresholding_rtl_15,Thresholding_rtl,Thresholding,,,1,,INT12,INT12,UINT6,12,12,,,,2,63,,,,,,,,,,,,,,,,,,,,,,,,88,0,7,265,0,0,0,0
6,StreamingFIFO_rtl_48,StreamingFIFO_rtl,FIFO,,,,,,,,,,,auto,,,,,,,,,,,,,,,,,INT6,6,32,1x64x64x1x4,rtl,,,,,,11,0,0,17,0,0,0,0
6,StreamingFIFO_rtl_49,StreamingFIFO_rtl,FIFO,,,,,,,,,,,auto,,,,,,,,,,,,,,,,,UINT6,6,32,1x64x64x2x1,rtl,,,,,,11,0,0,17,0,0,0,0
6,UpsampleNearestNeighbour_hls_0,UpsampleNearestNeighbour_hls,Upsample,,,,,,INT6,,,6,,,,4,,,,,,,,,,,,,,,,,,,,,,,,,157,28,0,174,0,0,0,0
6,FMPadding_Pixel_hls_0,FMPadding_Pixel_hls,FMPadding,,,,1,,UINT6,,,6,,,,2,,,64,64,,,,,2,2,,,,,,,,,,,,,,1,272,0,0,133,0,0,0,0
6,StreamingFIFO_rtl_50,StreamingFIFO_rtl,FIFO,,,,,,,,,,,auto,,,,,,,,,,,,,,,,,INT6,6,32,1x128x128x4,rtl,,,,,,30,0,0,53,0,0,0,0
6,StreamingFIFO_rtl_51,StreamingFIFO_rtl,FIFO,,,,,,,,,,,auto,,,,,,,,,,,,,,,,,UINT6,6,2,1x127x127x2x1,rtl,,,,,,29,0,0,53,0,0,0,0
6,StreamingDataWidthConverter_rtl_13,StreamingDataWidthConverter_rtl,DWC,,,,,,,,,,,,,,,,,,,,,,,,,,,,UINT6,6,,,,1x127x127x2,6,12,,,8,0,0,21,0,0,0,0
6,FMPadding_rtl_2,FMPadding_rtl,FMPadding,,,,4,,INT6,,,6,,,,4,,,128,128,,,,,,,,,,,,,,,,,,,1x1x1x1,1,72,0,0,67,0,0,0,0
6,StreamingFIFO_rtl_52,StreamingFIFO_rtl,FIFO,,,,,,,,,,,auto,,,,,,,,,,,,,,,,,UINT6,6,2,1x127x127x1x2,rtl,,,,,,21,0,0,35,0,0,0,0
6,StreamingFIFO_rtl_53,StreamingFIFO_rtl,FIFO,,,,,,,,,,,auto,,,,,,,,,,,,,,,,,INT6,6,8479,1x130x130x1x4,vivado,,,,,,29,0,0,53,0,0,0,0
6,StreamingDataWidthConverter_rtl_14,StreamingDataWidthConverter_rtl,DWC,,,,,,,,,,,,,,,,,,,,,,,,,,,,INT6,6,,,,1x130x130x4,24,12,,,29,0,0,52,0,0,0,0
6,FMPadding_rtl_3,FMPadding_rtl,FMPadding,,,,2,,UINT6,,,6,,,,2,,,127,127,,,,,,,,,,,,,,,,,,,1x1x1x1,1,47,0,0,43,0,0,0,0
6,StreamingFIFO_rtl_54,StreamingFIFO_rtl,FIFO,,,,,,,,,,,auto,,,,,,,,,,,,,,,,,UINT6,6,131,1x129x129x1x2,rtl,,,,,,18,0,0,29,0,0,0,0
6,StreamingFIFO_rtl_55,StreamingFIFO_rtl,FIFO,,,,,,,,,,,auto,,,,,,,,,,,,,,,,,INT6,6,33800,1x130x130x2x2,vivado,,,,,,11,0,0,17,0,0,0,0
6,StreamingDataWidthConverter_rtl_15,StreamingDataWidthConverter_rtl,DWC,,,,,,,,,,,,,,,,,,,,,,,,,,,,UINT6,6,,,,1x129x129x2,12,6,,,15,0,0,28,0,0,0,0
6,ConvolutionInputGenerator_rtl_2,ConvolutionInputGenerator_rtl,SWU,,,,2,,INT6,INT6,,6,,distributed,,,,4,130,130,128,128,3,3,1,1,1,1,0,0,,,,,,,,,,,417,144,0,118,0,0,0,0
6,StreamingFIFO_rtl_56,StreamingFIFO_rtl,FIFO,,,,,,,,,,,auto,,,,,,,,,,,,,,,,,UINT6,6,29056,1x129x129x2x1,vivado,,,,,,69,0,24,35,0,0,0,0
6,StreamingFIFO_rtl_57,StreamingFIFO_rtl,FIFO,,,,,,,,,,,auto,,,,,,,,,,,,,,,,,INT6,6,2,1x128x128x18x2,rtl,,,,,,36,0,6,17,0,0,0,0
6,StreamingDataWidthConverter_rtl_16,StreamingDataWidthConverter_rtl,DWC,,,,,,,,,,,,,,,,,,,,,,,,,,,,INT6,6,,,,1x128x128x36,12,24,,,15,0,0,39,0,0,0,0
6,ConvolutionInputGenerator_rtl_3,ConvolutionInputGenerator_rtl,SWU,,,,1,,UINT6,UINT6,,6,,distributed,,,,2,129,129,128,128,2,2,1,1,1,1,0,0,,,,,,,,,,,265,40,0,106,0,0,0,0
6,StreamingFIFO_rtl_58,StreamingFIFO_rtl,FIFO,,,,,,,,,,,auto,,,,,,,,,,,,,,,,,UINT6,6,2,1x128x128x8x1,rtl,,,,,,46,0,24,35,0,0,0,0
6,StreamingFIFO_rtl_59,StreamingFIFO_rtl,FIFO,,,,,,,,,,,auto,,,,,,,,,,,,,,,,,INT6,6,147321,1x128x128x9x4,vivado,,,,,,11,0,0,17,0,0,0,0
6,StreamingDataWidthConverter_rtl_17,StreamingDataWidthConverter_rtl,DWC,,,,,,,,,,,,,,,,,,,,,,,,,,,,UINT6,6,,,,1x128x128x8,6,24,,,8,0,0,34,0,0,0,0
6,MVAU_rtl_8,MVAU_rtl,MVAU,4,36,1,4,INT8,INT6,INT17,8,6,dsp,auto,internal_decoupled,,,,,,,,,,,,,,,,,,,,,,,,,,95,29,0,137,0,0,0,4
6,StreamingFIFO_rtl_60,StreamingFIFO_rtl,FIFO,,,,,,,,,,,auto,,,,,,,,,,,,,,,,,UINT6,6,2,1x128x128x2x4,rtl,,,,,,17,0,0,29,0,0,0,0
6,StreamingFIFO_rtl_61,StreamingFIFO_rtl,FIFO,,,,,,,,,,,auto,,,,,,,,,,,,,,,,,INT17,17,2,1x128x128x4x1,rtl,,,,,,96,0,0,71,5,1,0,0
6,MVAU_rtl_9,MVAU_rtl,MVAU,2,8,1,4,INT8,UINT6,INT16,8,6,dsp,auto,internal_decoupled,,,,,,,,,,,,,,,,,,,,,,,,,,44,8,0,99,0,0,0,1
6,Thresholding_rtl_16,Thresholding_rtl,Thresholding,,,1,,INT17,INT17,UINT6,17,17,,,,4,63,,,,,,,,,,,,,,,,,,,,,,,,83,0,5,195,0,0,0,0
6,StreamingFIFO_rtl_62,StreamingFIFO_rtl,FIFO,,,,,,,,,,,auto,,,,,,,,,,,,,,,,,INT16,16,2,1x128x128x2x1,rtl,,,,,,254,0,192,41,0,0,0,0
6,StreamingFIFO_rtl_63,StreamingFIFO_rtl,FIFO,,,,,,,,,,,auto,,,,,,,,,,,,,,,,,UINT6,6,2,1x128x128x4x1,rtl,,,,,,69,0,24,35,0,0,0,0
6,Thresholding_rtl_17,Thresholding_rtl,Thresholding,,,1,,INT16,INT16,UINT4,16,16,,,,2,15,,,,,,,,,,,,,,,,,,,,,,,,117,0,7,372,0,0,0,0
6,Thresholding_rtl_18,Thresholding_rtl,Thresholding,,,1,,UINT6,UINT6,INT8,6,6,,,,4,255,,,,,,,,,,,,,,,,,,,,,,,,281,0,9,482,0,0,0,0
6,StreamingFIFO_rtl_64,StreamingFIFO_rtl,FIFO,,,,,,,,,,,auto,,,,,,,,,,,,,,,,,UINT4,4,2,1x128x128x2x1,rtl,,,,,,121,0,60,26,0,0,0,0
6,StreamingFIFO_rtl_65,StreamingFIFO_rtl,FIFO,,,,,,,,,,,auto,,,,,,,,,,,,,,,,,INT8,8,2,1x128x128x4x1,rtl,,,,,,92,0,0,79,15,0,0,0
6,MVAU_rtl_10,MVAU_rtl,MVAU,4,2,1,1,INT8,UINT4,INT15,8,4,dsp,auto,internal_decoupled,,,,,,,,,,,,,,,,,,,,,,,,,,153,46,0,174,0,0,0,4
6,StreamingFIFO_rtl_66,StreamingFIFO_rtl,FIFO,,,,,,,,,,,ultra,,,,,,,,,,,,,,,,,INT15,15,36489,1x128x128x4x1,vivado,,,,,,102,0,0,75,3,0,0,0
6,Thresholding_rtl_19,Thresholding_rtl,Thresholding,,,1,,INT15,INT15,INT8,15,15,,,,4,255,,,,,,,,,,,,,,,,,,,,,,,,56,0,16,167,0,2,0,0
6,StreamingFIFO_rtl_67,StreamingFIFO_rtl,FIFO,,,,,,,,,,,auto,,,,,,,,,,,,,,,,,INT8,8,65536,1x128x128x4x1,vivado,,,,,,70,0,0,59,0,1,0,0
6,AddStreams_hls_2,AddStreams_hls,AddStreams,,,1,,,INT8,,,8,,,,4,,,,,,,,,,,,,,,,,,,,,,,,,66,0,0,93,0,0,0,0
6,StreamingFIFO_rtl_68,StreamingFIFO_rtl,FIFO,,,,,,,,,,,auto,,,,,,,,,,,,,,,,,INT9,9,2,1x128x128x4x1,rtl,,,,,,93,0,0,71,2,0,0,0
7,StreamingFIFO_rtl_0,StreamingFIFO_rtl,FIFO,,,,,,,,,,,auto,,,,,,,,,,,,,,,,,INT9,9,2,1x128x128x4x1,rtl,,,,,,16,0,0,23,0,0,0,0
7,Thresholding_rtl_0,Thresholding_rtl,Thresholding,,,1,,INT10,INT9,INT8,10,9,,,,4,255,,,,,,,,,,,,,,,,,,,,,,,,78,0,11,291,0,3,0,0
7,StreamingFIFO_rtl_1,StreamingFIFO_rtl,FIFO,,,,,,,,,,,auto,,,,,,,,,,,,,,,,,INT8,8,2,1x128x128x4x1,rtl,,,,,,15,0,0,21,0,0,0,0
7,Thresholding_rtl_1,Thresholding_rtl,Thresholding,,,1,,INT9,INT8,UINT6,9,8,,,,4,63,,,,,,,,,,,,,,,,,,,,,,,,56,0,11,130,0,0,0,0
7,StreamingFIFO_rtl_2,StreamingFIFO_rtl,FIFO,,,,,,,,,,,auto,,,,,,,,,,,,,,,,,UINT6,6,2,1x128x128x4x1,rtl,,,,,,12,0,0,17,0,0,0,0
7,DuplicateStreams_hls_0,DuplicateStreams_hls,DuplicateStreams,,,1,,,UINT6,,,6,,,,4,,,,,,,,,,,,,,,,,,,,,,,,,61,0,0,76,0,0,0,0
7,StreamingFIFO_rtl_3,StreamingFIFO_rtl,FIFO,,,,,,,,,,,ultra,,,,,,,,,,,,,,,,,UINT6,6,7531,1x128x128x4x1,vivado,,,,,,86,0,0,73,0,0,1,0
7,StreamingFIFO_rtl_4,StreamingFIFO_rtl,FIFO,,,,,,,,,,,auto,,,,,,,,,,,,,,,,,UINT6,6,2,1x128x128x4x1,rtl,,,,,,13,0,0,17,0,0,0,0
7,StreamingDataWidthConverter_rtl_0,StreamingDataWidthConverter_rtl,DWC,,,,,,,,,,,,,,,,,,,,,,,,,,,,UINT6,6,,,,1x128x128x4,6,12,,,10,0,0,21,0,0,0,0
7,Thresholding_rtl_2,Thresholding_rtl,Thresholding,,,1,,UINT6,UINT6,INT8,6,6,,,,4,255,,,,,,,,,,,,,,,,,,,,,,,,56,0,16,167,0,2,0,0
7,StreamingFIFO_rtl_5,StreamingFIFO_rtl,FIFO,,,,,,,,,,,auto,,,,,,,,,,,,,,,,,UINT6,6,2,1x128x128x2x2,rtl,,,,,,79,0,0,71,0,0,1,0
7,StreamingFIFO_rtl_6,StreamingFIFO_rtl,FIFO,,,,,,,,,,,auto,,,,,,,,,,,,,,,,,INT8,8,65536,1x128x128x4x1,vivado,,,,,,70,0,0,65,0,0,1,0
7,MVAU_rtl_0,MVAU_rtl,MVAU,1,4,1,2,UINT7,UINT6,UINT17,7,6,dsp,auto,internal_decoupled,,,,,,,,,,,,,,,,,,,,,,,,,,45,4,0,88,0,0,0,2
7,StreamingFIFO_rtl_7,StreamingFIFO_rtl,FIFO,,,,,,,,,,,auto,,,,,,,,,,,,,,,,,UINT17,17,2,1x128x128x1x1,rtl,,,,,,20,0,0,29,0,0,0,0
7,Thresholding_rtl_3,Thresholding_rtl,Thresholding,,,1,,UINT17,UINT17,UINT8,17,17,,,,1,255,,,,,,,,,,,,,,,,,,,,,,,,144,0,9,423,0,2,0,0
7,StreamingFIFO_rtl_8,StreamingFIFO_rtl,FIFO,,,,,,,,,,,ultra,,,,,,,,,,,,,,,,,UINT8,8,1745,1x128x128x1x1,vivado,,,,,,92,0,48,20,0,0,0,0
7,FMPadding_rtl_0,FMPadding_rtl,FMPadding,,,,1,,UINT8,,,8,,,,1,,,128,128,,,,,,,,,,,,,,,,,,,1x1x1x1,1,53,0,0,35,0,0,0,0
7,StreamingFIFO_rtl_9,StreamingFIFO_rtl,FIFO,,,,,,,,,,,ultra,,,,,,,,,,,,,,,,,UINT8,8,16900,1x130x130x1x1,vivado,,,,,,63,0,24,19,0,0,0,0
7,ConvolutionInputGenerator_rtl_0,ConvolutionInputGenerator_rtl,SWU,,,,1,,UINT8,UINT8,,8,,distributed,,,,1,130,130,128,128,3,3,1,1,1,1,1,0,,,,,,,,,,,278,50,0,107,0,0,0,0
7,StreamingFIFO_rtl_10,StreamingFIFO_rtl,FIFO,,,,,,,,,,,auto,,,,,,,,,,,,,,,,,UINT8,8,2,1x128x128x9x1,rtl,,,,,,25,0,0,39,0,0,0,0
7,StreamingDataWidthConverter_rtl_1,StreamingDataWidthConverter_rtl,DWC,,,,,,,,,,,,,,,,,,,,,,,,,,,,UINT8,8,,,,1x128x128x9,8,72,,,16,0,0,86,0,0,0,0
7,StreamingFIFO_rtl_11,StreamingFIFO_rtl,FIFO,,,,,,,,,,,auto,,,,,,,,,,,,,,,,,UINT8,8,2,1x128x128x1x9,rtl,,,,,,83,0,0,79,8,0,0,0
7,VVAU_hls_0,VVAU_hls,VVAU,1,9,1,9,INT8,UINT8,INT18,8,8,dsp,auto,internal_decoupled,,,,,,,,,,,,,,,,,,,,,,,,,,132,0,0,269,0,0,0,11
7,StreamingFIFO_rtl_12,StreamingFIFO_rtl,FIFO,,,,,,,,,,,auto,,,,,,,,,,,,,,,,,INT18,18,2,1x128x128x1x1,rtl,,,,,,70,0,0,67,0,0,1,0
7,Thresholding_rtl_4,Thresholding_rtl,Thresholding,,,1,,INT18,INT18,UINT6,18,18,,,,1,63,,,,,,,,,,,,,,,,,,,,,,,,131,0,7,332,0,0,0,0
7,StreamingFIFO_rtl_13,StreamingFIFO_rtl,FIFO,,,,,,,,,,,auto,,,,,,,,,,,,,,,,,UINT6,6,2,1x128x128x1x1,rtl,,,,,,82,0,0,79,8,0,0,0
7,MVAU_rtl_1,MVAU_rtl,MVAU,4,1,1,1,INT6,UINT6,INT12,6,6,dsp,auto,internal_decoupled,,,,,,,,,,,,,,,,,,,,,,,,,,35,6,0,81,0,0,0,1
7,StreamingFIFO_rtl_14,StreamingFIFO_rtl,FIFO,,,,,,,,,,,auto,,,,,,,,,,,,,,,,,INT12,12,2,1x128x128x4x1,rtl,,,,,,67,0,0,63,0,0,1,0
7,Thresholding_rtl_5,Thresholding_rtl,Thresholding,,,1,,INT12,INT12,INT8,12,12,,,,4,255,,,,,,,,,,,,,,,,,,,,,,,,248,0,9,417,0,0,0,0
7,StreamingFIFO_rtl_15,StreamingFIFO_rtl,FIFO,,,,,,,,,,,auto,,,,,,,,,,,,,,,,,INT8,8,2,1x128x128x4x1,rtl,,,,,,108,0,56,22,0,0,0,0
7,AddStreams_hls_0,AddStreams_hls,AddStreams,,,1,,,INT8,,,8,,,,4,,,,,,,,,,,,,,,,,,,,,,,,,66,0,0,93,0,0,0,0
7,StreamingFIFO_rtl_16,StreamingFIFO_rtl,FIFO,,,,,,,,,,,auto,,,,,,,,,,,,,,,,,INT9,9,2,1x128x128x4x1,rtl,,,,,,98,0,0,83,0,0,4,0
7,Thresholding_rtl_6,Thresholding_rtl,Thresholding,,,1,,INT10,INT9,INT8,10,9,,,,4,255,,,,,,,,,,,,,,,,,,,,,,,,79,0,11,276,0,0,0,0
7,StreamingFIFO_rtl_17,StreamingFIFO_rtl,FIFO,,,,,,,,,,,auto,,,,,,,,,,,,,,,,,INT8,8,2,1x128x128x4x1,rtl,,,,,,68,0,0,63,0,0,1,0
7,Thresholding_rtl_7,Thresholding_rtl,Thresholding,,,1,,INT9,INT8,UINT6,9,8,,,,4,63,,,,,,,,,,,,,,,,,,,,,,,,57,0,11,130,0,0,0,0
7,StreamingFIFO_rtl_18,StreamingFIFO_rtl,FIFO,,,,,,,,,,,auto,,,,,,,,,,,,,,,,,UINT6,6,56718,1x128x128x4x1,vivado,,,,,,26,0,0,40,0,0,0,0
7,FMPadding_Pixel_hls_0,FMPadding_Pixel_hls,FMPadding,,,,1,,UINT6,,,6,,,,4,,,128,128,,,,,2,2,,,,,,,,,,,,,,1,263,0,0,140,0,0,0,0
7,StreamingFIFO_rtl_19,StreamingFIFO_rtl,FIFO,,,,,,,,,,,auto,,,,,,,,,,,,,,,,,UINT6,6,2,1x255x255x4x1,rtl,,,,,,15,0,0,21,0,0,0,0
7,StreamingDataWidthConverter_rtl_2,StreamingDataWidthConverter_rtl,DWC,,,,,,,,,,,,,,,,,,,,,,,,,,,,UINT6,6,,,,1x255x255x4,6,24,,,10,0,0,34,0,0,0,0
7,StreamingFIFO_rtl_20,StreamingFIFO_rtl,FIFO,,,,,,,,,,,auto,,,,,,,,,,,,,,,,,UINT6,6,128,1x255x255x1x4,rtl,,,,,,78,0,0,149,0,0,0,0
7,FMPadding_rtl_1,FMPadding_rtl,FMPadding,,,,4,,UINT6,,,6,,,,4,,,255,255,,,,,,,,,,,,,,,,,,,1x1x1x1,1,65,0,0,69,0,0,0,0
7,StreamingFIFO_rtl_21,StreamingFIFO_rtl,FIFO,,,,,,,,,,,ultra,,,,,,,,,,,,,,,,,UINT6,6,1217,1x257x257x1x4,vivado,,,,,,25,0,0,41,0,0,0,0
7,ConvolutionInputGenerator_rtl_1,ConvolutionInputGenerator_rtl,SWU,,,,4,,UINT6,UINT6,,6,,distributed,,,,4,257,257,256,256,2,2,1,1,1,1,0,0,,,,,,,,,,,411,140,0,127,0,0,0,0
7,StreamingFIFO_rtl_22,StreamingFIFO_rtl,FIFO,,,,,,,,,,,auto,,,,,,,,,,,,,,,,,UINT6,6,2,1x256x256x4x4,rtl,,,,,,12,0,0,17,0,0,0,0
7,StreamingDataWidthConverter_rtl_3,StreamingDataWidthConverter_rtl,DWC,,,,,,,,,,,,,,,,,,,,,,,,,,,,UINT6,6,,,,1x256x256x16,24,96,,,29,0,0,124,0,0,0,0
7,StreamingFIFO_rtl_23,StreamingFIFO_rtl,FIFO,,,,,,,,,,,auto,,,,,,,,,,,,,,,,,UINT6,6,26137,1x256x256x1x16,vivado,,,,,,20,0,0,29,0,0,0,0
7,MVAU_rtl_2,MVAU_rtl,MVAU,5,16,1,16,INT8,UINT6,INT17,8,6,dsp,auto,internal_decoupled,,,,,,,,,,,,,,,,,,,,,,,,,,326,118,0,313,0,0,0,16
7,StreamingFIFO_rtl_24,StreamingFIFO_rtl,FIFO,,,,,,,,,,,auto,,,,,,,,,,,,,,,,,INT17,17,2,1x256x256x5x1,rtl,,,,,,14,0,0,21,0,0,0,0
7,StreamingFIFO_rtl_25,StreamingFIFO_rtl,FIFO,,,,,,,,,,,auto,,,,,,,,,,,,,,,,,INT18,18,2,1x256x256x5x1,rtl,,,,,,16,0,0,23,0,0,0,0
