/home/thelegendiv/finn/src/finn/custom_op/fpgadataflow/rtl/streamingfifo_rtl.py:70: UserWarning: StreamingFIFO_rtl_2: rounding-up FIFO depth from 98277 to 131072 for impl_style=vivado
  warnings.warn(
/home/thelegendiv/finn/src/finn/custom_op/fpgadataflow/rtl/streamingfifo_rtl.py:70: UserWarning: StreamingFIFO_rtl_3: rounding-up FIFO depth from 4204 to 8192 for impl_style=vivado
  warnings.warn(
/home/thelegendiv/finn/src/finn/custom_op/fpgadataflow/rtl/streamingfifo_rtl.py:70: UserWarning: StreamingFIFO_rtl_10: rounding-up FIFO depth from 1984 to 2048 for impl_style=vivado
  warnings.warn(
/home/thelegendiv/finn/src/finn/custom_op/fpgadataflow/rtl/streamingfifo_rtl.py:70: UserWarning: StreamingFIFO_rtl_26: rounding-up FIFO depth from 10974 to 16384 for impl_style=vivado
  warnings.warn(
/home/thelegendiv/finn/src/finn/custom_op/fpgadataflow/rtl/streamingfifo_rtl.py:70: UserWarning: StreamingFIFO_rtl_31: rounding-up FIFO depth from 4080 to 4096 for impl_style=vivado
  warnings.warn(
/home/thelegendiv/finn/src/finn/custom_op/fpgadataflow/rtl/streamingfifo_rtl.py:70: UserWarning: StreamingFIFO_rtl_33: rounding-up FIFO depth from 5856 to 8192 for impl_style=vivado
  warnings.warn(
/home/thelegendiv/finn/src/finn/custom_op/fpgadataflow/rtl/streamingfifo_rtl.py:70: UserWarning: StreamingFIFO_rtl_44: rounding-up FIFO depth from 3136 to 4096 for impl_style=vivado
  warnings.warn(
/home/thelegendiv/finn/src/finn/custom_op/fpgadataflow/rtl/streamingfifo_rtl.py:70: UserWarning: StreamingFIFO_rtl_46: rounding-up FIFO depth from 19838 to 32768 for impl_style=vivado
  warnings.warn(
/home/thelegendiv/finn/src/finn/custom_op/fpgadataflow/rtl/streamingfifo_rtl.py:70: UserWarning: StreamingFIFO_rtl_49: rounding-up FIFO depth from 1139 to 2048 for impl_style=vivado
  warnings.warn(
/home/thelegendiv/finn/src/finn/custom_op/fpgadataflow/rtl/streamingfifo_rtl.py:70: UserWarning: StreamingFIFO_rtl_50: rounding-up FIFO depth from 9112 to 16384 for impl_style=vivado
  warnings.warn(
/home/thelegendiv/finn/src/finn/custom_op/fpgadataflow/rtl/streamingfifo_rtl.py:70: UserWarning: StreamingFIFO_rtl_51: rounding-up FIFO depth from 18665 to 32768 for impl_style=vivado
  warnings.warn(
/home/thelegendiv/finn/src/finn/custom_op/fpgadataflow/rtl/streamingfifo_rtl.py:70: UserWarning: StreamingFIFO_rtl_62: rounding-up FIFO depth from 32619 to 32768 for impl_style=vivado
  warnings.warn(
/home/thelegendiv/finn/src/finn/custom_op/fpgadataflow/rtl/streamingfifo_rtl.py:70: UserWarning: StreamingFIFO_rtl_63: rounding-up FIFO depth from 7296 to 8192 for impl_style=vivado
  warnings.warn(
/home/thelegendiv/finn/src/finn/custom_op/fpgadataflow/rtl/streamingfifo_rtl.py:70: UserWarning: StreamingFIFO_rtl_68: rounding-up FIFO depth from 2727 to 4096 for impl_style=vivado
  warnings.warn(
/home/thelegendiv/finn/src/finn/custom_op/fpgadataflow/rtl/streamingfifo_rtl.py:70: UserWarning: StreamingFIFO_rtl_69: rounding-up FIFO depth from 22720 to 32768 for impl_style=vivado
  warnings.warn(
/home/thelegendiv/finn/src/finn/custom_op/fpgadataflow/rtl/streamingfifo_rtl.py:70: UserWarning: StreamingFIFO_rtl_70: rounding-up FIFO depth from 294912 to 524288 for impl_style=vivado
  warnings.warn(
/home/thelegendiv/finn/src/finn/custom_op/fpgadataflow/rtl/streamingfifo_rtl.py:70: UserWarning: StreamingFIFO_rtl_83: rounding-up FIFO depth from 4191 to 8192 for impl_style=vivado
  warnings.warn(
/home/thelegendiv/finn/src/finn/custom_op/fpgadataflow/rtl/streamingfifo_rtl.py:70: UserWarning: StreamingFIFO_rtl_87: rounding-up FIFO depth from 1944 to 2048 for impl_style=vivado
  warnings.warn(
/home/thelegendiv/finn/src/finn/custom_op/fpgadataflow/rtl/streamingfifo_rtl.py:70: UserWarning: StreamingFIFO_rtl_92: rounding-up FIFO depth from 752 to 1024 for impl_style=vivado
  warnings.warn(
[baseline_both_off_milpfold] loading prefifo-autosize checkpoint: finn_deployment_outputs/S12_dense_nearest_upsample_512_hwsweep_wm_baseline_both_off_milpfold_partition2_20260929_172638/partition2_baseline_both_off_milpfold_prefifo_autosize.onnx
[baseline_both_off_milpfold] Running: SplitLargeFIFOs
[baseline_both_off_milpfold] Running: PrepareIP + HLSSynthIP (regenerates all per-node IP -- old paths pointed at the now-wiped /tmp)
[baseline_both_off_milpfold] Running: CreateStitchedIP
[baseline_both_off_milpfold] Running: step_out_of_context_synthesis
ap_clk
xczu7ev-ffvc1156-2-e
10.000000
0

****** Vivado v2022.2 (64-bit)
  **** SW Build 3671981 on Fri Oct 14 04:59:54 MDT 2022
  **** IP Build 3669848 on Fri Oct 14 08:30:02 MDT 2022
    ** Copyright 1986-2022 Xilinx, Inc. All Rights Reserved.

source finn_design_wrapper.tcl
# set fpga_part "xczu7ev-ffvc1156-2-e"
# set origin_dir "."
# if { [info exists ::origin_dir_loc] } {
#   set origin_dir $::origin_dir_loc
# }
# variable script_file
# set script_file "vivadocompile.tcl"
# proc help {} {
#   variable script_file
#   puts "\nDescription:"
#   puts "Recreate a Vivado project from this script. The created project will be"
#   puts "functionally equivalent to the original project for which this script was"
#   puts "generated. The script contains commands for creating a project, filesets,"
#   puts "runs, adding/importing sources and setting properties on various objects.\n"
#   puts "Syntax:"
#   puts "$script_file"
#   puts "$script_file -tclargs \[--origin_dir <path>\]"
#   puts "$script_file -tclargs \[--help\]\n"
#   puts "Usage:"
#   puts "Name                   Description"
#   puts "-------------------------------------------------------------------------"
#   puts "\[--origin_dir <path>\]  Determine source file paths wrt this path. Default"
#   puts "                       origin_dir path value is \".\", otherwise, the value"
#   puts "                       that was set with the \"-paths_relative_to\" switch"
#   puts "                       when this script was generated.\n"
#   puts "\[--help\]               Print help information for this script"
#   puts "-------------------------------------------------------------------------\n"
#   exit 0
# }
# if { $::argc > 0 } {
#   for {set i 0} {$i < [llength $::argc]} {incr i} {
#     set option [string trim [lindex $::argv $i]]
#     switch -regexp -- $option {
#       "--origin_dir" { incr i; set origin_dir [lindex $::argv $i] }
#       "--help"       { help }
#       default {
#         if { [regexp {^-} $option] } {
#           puts "ERROR: Unknown option '$option' specified, please type '$script_file -tclargs --help' for usage info.\n"
#           return 1
#         }
#       }
#     }
#   }
# }
# set orig_proj_dir "[file normalize "$origin_dir/vivadocompile"]"
# create_project -force vivadocompile ./vivadocompile -part $fpga_part
# set proj_dir [get_property directory [current_project]]
# set obj [get_projects vivadocompile]
# set_property "default_lib" "xil_defaultlib" $obj
# set_property "sim.ip.auto_export_scripts" "1" $obj
# set_property "simulator_language" "Mixed" $obj
# if {[string equal [get_filesets -quiet sources_1] ""]} {
#   create_fileset -srcset sources_1
# }
# set obj [get_filesets sources_1]
# source sources.tcl
## set files [list \
## "[file normalize "$origin_dir/dummy_nachiket_fooling_zsh_for_loops.h"]"\
## "[file normalize "$origin_dir/AddStreams_hls_0.v"]"\
## "[file normalize "$origin_dir/AddStreams_hls_0_flow_control_loop_pipe_no_ap_cont.v"]"\
## "[file normalize "$origin_dir/AddStreams_hls_0_hls_deadlock_idx0_monitor.v"]"\
## "[file normalize "$origin_dir/AddStreams_hls_0_regslice_both.v"]"\
## "[file normalize "$origin_dir/AddStreams_hls_1.v"]"\
## "[file normalize "$origin_dir/AddStreams_hls_1_flow_control_loop_pipe_no_ap_cont.v"]"\
## "[file normalize "$origin_dir/AddStreams_hls_1_hls_deadlock_idx0_monitor.v"]"\
## "[file normalize "$origin_dir/AddStreams_hls_1_regslice_both.v"]"\
## "[file normalize "$origin_dir/AddStreams_hls_2.v"]"\
## "[file normalize "$origin_dir/AddStreams_hls_2_flow_control_loop_pipe_no_ap_cont.v"]"\
## "[file normalize "$origin_dir/AddStreams_hls_2_hls_deadlock_idx0_monitor.v"]"\
## "[file normalize "$origin_dir/AddStreams_hls_2_regslice_both.v"]"\
## "[file normalize "$origin_dir/AddStreams_hls_3.v"]"\
## "[file normalize "$origin_dir/AddStreams_hls_3_flow_control_loop_pipe_no_ap_cont.v"]"\
## "[file normalize "$origin_dir/AddStreams_hls_3_hls_deadlock_idx0_monitor.v"]"\
## "[file normalize "$origin_dir/AddStreams_hls_3_regslice_both.v"]"\
## "[file normalize "$origin_dir/AddStreams_hls_4.v"]"\
## "[file normalize "$origin_dir/AddStreams_hls_4_flow_control_loop_pipe_no_ap_cont.v"]"\
## "[file normalize "$origin_dir/AddStreams_hls_4_hls_deadlock_idx0_monitor.v"]"\
## "[file normalize "$origin_dir/AddStreams_hls_4_regslice_both.v"]"\
## "[file normalize "$origin_dir/ConvolutionInputGenerator_rtl_0_wrapper.v"]"\
## "[file normalize "$origin_dir/ConvolutionInputGenerator_rtl_1_wrapper.v"]"\
## "[file normalize "$origin_dir/ConvolutionInputGenerator_rtl_2_wrapper.v"]"\
## "[file normalize "$origin_dir/ConvolutionInputGenerator_rtl_3_wrapper.v"]"\
## "[file normalize "$origin_dir/ConvolutionInputGenerator_rtl_4_wrapper.v"]"\
## "[file normalize "$origin_dir/DuplicateStreams_hls_0.v"]"\
## "[file normalize "$origin_dir/DuplicateStreams_hls_0_flow_control_loop_pipe_no_ap_cont.v"]"\
## "[file normalize "$origin_dir/DuplicateStreams_hls_0_hls_deadlock_idx0_monitor.v"]"\
## "[file normalize "$origin_dir/DuplicateStreams_hls_0_regslice_both.v"]"\
## "[file normalize "$origin_dir/DuplicateStreams_hls_1.v"]"\
## "[file normalize "$origin_dir/DuplicateStreams_hls_1_flow_control_loop_pipe_no_ap_cont.v"]"\
## "[file normalize "$origin_dir/DuplicateStreams_hls_1_hls_deadlock_idx0_monitor.v"]"\
## "[file normalize "$origin_dir/DuplicateStreams_hls_1_regslice_both.v"]"\
## "[file normalize "$origin_dir/DuplicateStreams_hls_2.v"]"\
## "[file normalize "$origin_dir/DuplicateStreams_hls_2_flow_control_loop_pipe_no_ap_cont.v"]"\
## "[file normalize "$origin_dir/DuplicateStreams_hls_2_hls_deadlock_idx0_monitor.v"]"\
## "[file normalize "$origin_dir/DuplicateStreams_hls_2_regslice_both.v"]"\
## "[file normalize "$origin_dir/DuplicateStreams_hls_3.v"]"\
## "[file normalize "$origin_dir/DuplicateStreams_hls_3_flow_control_loop_pipe_no_ap_cont.v"]"\
## "[file normalize "$origin_dir/DuplicateStreams_hls_3_hls_deadlock_idx0_monitor.v"]"\
## "[file normalize "$origin_dir/DuplicateStreams_hls_3_regslice_both.v"]"\
## "[file normalize "$origin_dir/DuplicateStreams_hls_4.v"]"\
## "[file normalize "$origin_dir/DuplicateStreams_hls_4_flow_control_loop_pipe_no_ap_cont.v"]"\
## "[file normalize "$origin_dir/DuplicateStreams_hls_4_hls_deadlock_idx0_monitor.v"]"\
## "[file normalize "$origin_dir/DuplicateStreams_hls_4_regslice_both.v"]"\
## "[file normalize "$origin_dir/FMPadding_rtl_0.v"]"\
## "[file normalize "$origin_dir/FMPadding_rtl_1.v"]"\
## "[file normalize "$origin_dir/FMPadding_rtl_2.v"]"\
## "[file normalize "$origin_dir/FMPadding_rtl_3.v"]"\
## "[file normalize "$origin_dir/FMPadding_rtl_4.v"]"\
## "[file normalize "$origin_dir/MVAU_rtl_0_wrapper.v"]"\
## "[file normalize "$origin_dir/MVAU_rtl_10_wrapper.v"]"\
## "[file normalize "$origin_dir/MVAU_rtl_11_wrapper.v"]"\
## "[file normalize "$origin_dir/MVAU_rtl_12_wrapper.v"]"\
## "[file normalize "$origin_dir/MVAU_rtl_13_wrapper.v"]"\
## "[file normalize "$origin_dir/MVAU_rtl_14_wrapper.v"]"\
## "[file normalize "$origin_dir/MVAU_rtl_1_wrapper.v"]"\
## "[file normalize "$origin_dir/MVAU_rtl_2_wrapper.v"]"\
## "[file normalize "$origin_dir/MVAU_rtl_3_wrapper.v"]"\
## "[file normalize "$origin_dir/MVAU_rtl_4_wrapper.v"]"\
## "[file normalize "$origin_dir/MVAU_rtl_5_wrapper.v"]"\
## "[file normalize "$origin_dir/MVAU_rtl_6_wrapper.v"]"\
## "[file normalize "$origin_dir/MVAU_rtl_7_wrapper.v"]"\
## "[file normalize "$origin_dir/MVAU_rtl_8_wrapper.v"]"\
## "[file normalize "$origin_dir/MVAU_rtl_9_wrapper.v"]"\
## "[file normalize "$origin_dir/Q_srl.v"]"\
## "[file normalize "$origin_dir/StreamingDataWidthConverter_rtl_0.v"]"\
## "[file normalize "$origin_dir/StreamingDataWidthConverter_rtl_1.v"]"\
## "[file normalize "$origin_dir/StreamingDataWidthConverter_rtl_10.v"]"\
## "[file normalize "$origin_dir/StreamingDataWidthConverter_rtl_11.v"]"\
## "[file normalize "$origin_dir/StreamingDataWidthConverter_rtl_12.v"]"\
## "[file normalize "$origin_dir/StreamingDataWidthConverter_rtl_13.v"]"\
## "[file normalize "$origin_dir/StreamingDataWidthConverter_rtl_14.v"]"\
## "[file normalize "$origin_dir/StreamingDataWidthConverter_rtl_15.v"]"\
## "[file normalize "$origin_dir/StreamingDataWidthConverter_rtl_16.v"]"\
## "[file normalize "$origin_dir/StreamingDataWidthConverter_rtl_17.v"]"\
## "[file normalize "$origin_dir/StreamingDataWidthConverter_rtl_18.v"]"\
## "[file normalize "$origin_dir/StreamingDataWidthConverter_rtl_19.v"]"\
## "[file normalize "$origin_dir/StreamingDataWidthConverter_rtl_2.v"]"\
## "[file normalize "$origin_dir/StreamingDataWidthConverter_rtl_20.v"]"\
## "[file normalize "$origin_dir/StreamingDataWidthConverter_rtl_21.v"]"\
## "[file normalize "$origin_dir/StreamingDataWidthConverter_rtl_22.v"]"\
## "[file normalize "$origin_dir/StreamingDataWidthConverter_rtl_23.v"]"\
## "[file normalize "$origin_dir/StreamingDataWidthConverter_rtl_24.v"]"\
## "[file normalize "$origin_dir/StreamingDataWidthConverter_rtl_3.v"]"\
## "[file normalize "$origin_dir/StreamingDataWidthConverter_rtl_4.v"]"\
## "[file normalize "$origin_dir/StreamingDataWidthConverter_rtl_5.v"]"\
## "[file normalize "$origin_dir/StreamingDataWidthConverter_rtl_6.v"]"\
## "[file normalize "$origin_dir/StreamingDataWidthConverter_rtl_7.v"]"\
## "[file normalize "$origin_dir/StreamingDataWidthConverter_rtl_8.v"]"\
## "[file normalize "$origin_dir/StreamingDataWidthConverter_rtl_9.v"]"\
## "[file normalize "$origin_dir/StreamingFIFO_rtl_0.v"]"\
## "[file normalize "$origin_dir/StreamingFIFO_rtl_1.v"]"\
## "[file normalize "$origin_dir/StreamingFIFO_rtl_10.v"]"\
## "[file normalize "$origin_dir/StreamingFIFO_rtl_100.v"]"\
## "[file normalize "$origin_dir/StreamingFIFO_rtl_101.v"]"\
## "[file normalize "$origin_dir/StreamingFIFO_rtl_102.v"]"\
## "[file normalize "$origin_dir/StreamingFIFO_rtl_11.v"]"\
## "[file normalize "$origin_dir/StreamingFIFO_rtl_110.v"]"\
## "[file normalize "$origin_dir/StreamingFIFO_rtl_113.v"]"\
## "[file normalize "$origin_dir/StreamingFIFO_rtl_114.v"]"\
## "[file normalize "$origin_dir/StreamingFIFO_rtl_115.v"]"\
## "[file normalize "$origin_dir/StreamingFIFO_rtl_116.v"]"\
## "[file normalize "$origin_dir/StreamingFIFO_rtl_118.v"]"\
## "[file normalize "$origin_dir/StreamingFIFO_rtl_124.v"]"\
## "[file normalize "$origin_dir/StreamingFIFO_rtl_128.v"]"\
## "[file normalize "$origin_dir/StreamingFIFO_rtl_138.v"]"\
## "[file normalize "$origin_dir/StreamingFIFO_rtl_139.v"]"\
## "[file normalize "$origin_dir/StreamingFIFO_rtl_14.v"]"\
## "[file normalize "$origin_dir/StreamingFIFO_rtl_140.v"]"\
## "[file normalize "$origin_dir/StreamingFIFO_rtl_141.v"]"\
## "[file normalize "$origin_dir/StreamingFIFO_rtl_142.v"]"\
## "[file normalize "$origin_dir/StreamingFIFO_rtl_143.v"]"\
## "[file normalize "$origin_dir/StreamingFIFO_rtl_144.v"]"\
## "[file normalize "$origin_dir/StreamingFIFO_rtl_145.v"]"\
## "[file normalize "$origin_dir/StreamingFIFO_rtl_146.v"]"\
## "[file normalize "$origin_dir/StreamingFIFO_rtl_147.v"]"\
## "[file normalize "$origin_dir/StreamingFIFO_rtl_148.v"]"\
## "[file normalize "$origin_dir/StreamingFIFO_rtl_149.v"]"\
## "[file normalize "$origin_dir/StreamingFIFO_rtl_151.v"]"\
## "[file normalize "$origin_dir/StreamingFIFO_rtl_152.v"]"\
## "[file normalize "$origin_dir/StreamingFIFO_rtl_153.v"]"\
## "[file normalize "$origin_dir/StreamingFIFO_rtl_154.v"]"\
## "[file normalize "$origin_dir/StreamingFIFO_rtl_157.v"]"\
## "[file normalize "$origin_dir/StreamingFIFO_rtl_158.v"]"\
## "[file normalize "$origin_dir/StreamingFIFO_rtl_159.v"]"\
## "[file normalize "$origin_dir/StreamingFIFO_rtl_160.v"]"\
## "[file normalize "$origin_dir/StreamingFIFO_rtl_161.v"]"\
## "[file normalize "$origin_dir/StreamingFIFO_rtl_162.v"]"\
## "[file normalize "$origin_dir/StreamingFIFO_rtl_164.v"]"\
## "[file normalize "$origin_dir/StreamingFIFO_rtl_165.v"]"\
## "[file normalize "$origin_dir/StreamingFIFO_rtl_166.v"]"\
## "[file normalize "$origin_dir/StreamingFIFO_rtl_167.v"]"\
## "[file normalize "$origin_dir/StreamingFIFO_rtl_20.v"]"\
## "[file normalize "$origin_dir/StreamingFIFO_rtl_23.v"]"\
## "[file normalize "$origin_dir/StreamingFIFO_rtl_24.v"]"\
## "[file normalize "$origin_dir/StreamingFIFO_rtl_25.v"]"\
## "[file normalize "$origin_dir/StreamingFIFO_rtl_28.v"]"\
## "[file normalize "$origin_dir/StreamingFIFO_rtl_29.v"]"\
## "[file normalize "$origin_dir/StreamingFIFO_rtl_30.v"]"\
## "[file normalize "$origin_dir/StreamingFIFO_rtl_31.v"]"\
## "[file normalize "$origin_dir/StreamingFIFO_rtl_32.v"]"\
## "[file normalize "$origin_dir/StreamingFIFO_rtl_33.v"]"\
## "[file normalize "$origin_dir/StreamingFIFO_rtl_34.v"]"\
## "[file normalize "$origin_dir/StreamingFIFO_rtl_35.v"]"\
## "[file normalize "$origin_dir/StreamingFIFO_rtl_36.v"]"\
## "[file normalize "$origin_dir/StreamingFIFO_rtl_37.v"]"\
## "[file normalize "$origin_dir/StreamingFIFO_rtl_38.v"]"\
## "[file normalize "$origin_dir/StreamingFIFO_rtl_39.v"]"\
## "[file normalize "$origin_dir/StreamingFIFO_rtl_40.v"]"\
## "[file normalize "$origin_dir/StreamingFIFO_rtl_41.v"]"\
## "[file normalize "$origin_dir/StreamingFIFO_rtl_42.v"]"\
## "[file normalize "$origin_dir/StreamingFIFO_rtl_43.v"]"\
## "[file normalize "$origin_dir/StreamingFIFO_rtl_44.v"]"\
## "[file normalize "$origin_dir/StreamingFIFO_rtl_48.v"]"\
## "[file normalize "$origin_dir/StreamingFIFO_rtl_49.v"]"\
## "[file normalize "$origin_dir/StreamingFIFO_rtl_50.v"]"\
## "[file normalize "$origin_dir/StreamingFIFO_rtl_51.v"]"\
## "[file normalize "$origin_dir/StreamingFIFO_rtl_56.v"]"\
## "[file normalize "$origin_dir/StreamingFIFO_rtl_57.v"]"\
## "[file normalize "$origin_dir/StreamingFIFO_rtl_58.v"]"\
## "[file normalize "$origin_dir/StreamingFIFO_rtl_62.v"]"\
## "[file normalize "$origin_dir/StreamingFIFO_rtl_63.v"]"\
## "[file normalize "$origin_dir/StreamingFIFO_rtl_64.v"]"\
## "[file normalize "$origin_dir/StreamingFIFO_rtl_65.v"]"\
## "[file normalize "$origin_dir/StreamingFIFO_rtl_66.v"]"\
## "[file normalize "$origin_dir/StreamingFIFO_rtl_67.v"]"\
## "[file normalize "$origin_dir/StreamingFIFO_rtl_68.v"]"\
## "[file normalize "$origin_dir/StreamingFIFO_rtl_69.v"]"\
## "[file normalize "$origin_dir/StreamingFIFO_rtl_70.v"]"\
## "[file normalize "$origin_dir/StreamingFIFO_rtl_71.v"]"\
## "[file normalize "$origin_dir/StreamingFIFO_rtl_72.v"]"\
## "[file normalize "$origin_dir/StreamingFIFO_rtl_75.v"]"\
## "[file normalize "$origin_dir/StreamingFIFO_rtl_78.v"]"\
## "[file normalize "$origin_dir/StreamingFIFO_rtl_80.v"]"\
## "[file normalize "$origin_dir/StreamingFIFO_rtl_81.v"]"\
## "[file normalize "$origin_dir/StreamingFIFO_rtl_82.v"]"\
## "[file normalize "$origin_dir/StreamingFIFO_rtl_83.v"]"\
## "[file normalize "$origin_dir/StreamingFIFO_rtl_85.v"]"\
## "[file normalize "$origin_dir/StreamingFIFO_rtl_88.v"]"\
## "[file normalize "$origin_dir/StreamingFIFO_rtl_89.v"]"\
## "[file normalize "$origin_dir/StreamingFIFO_rtl_92.v"]"\
## "[file normalize "$origin_dir/StreamingFIFO_rtl_93.v"]"\
## "[file normalize "$origin_dir/StreamingFIFO_rtl_94.v"]"\
## "[file normalize "$origin_dir/StreamingFIFO_rtl_95.v"]"\
## "[file normalize "$origin_dir/StreamingFIFO_rtl_96.v"]"\
## "[file normalize "$origin_dir/StreamingFIFO_rtl_97.v"]"\
## "[file normalize "$origin_dir/StreamingFIFO_rtl_98.v"]"\
## "[file normalize "$origin_dir/StreamingFIFO_rtl_99.v"]"\
## "[file normalize "$origin_dir/Thresholding_rtl_0_axi_wrapper.v"]"\
## "[file normalize "$origin_dir/Thresholding_rtl_10_axi_wrapper.v"]"\
## "[file normalize "$origin_dir/Thresholding_rtl_11_axi_wrapper.v"]"\
## "[file normalize "$origin_dir/Thresholding_rtl_12_axi_wrapper.v"]"\
## "[file normalize "$origin_dir/Thresholding_rtl_13_axi_wrapper.v"]"\
## "[file normalize "$origin_dir/Thresholding_rtl_14_axi_wrapper.v"]"\
## "[file normalize "$origin_dir/Thresholding_rtl_15_axi_wrapper.v"]"\
## "[file normalize "$origin_dir/Thresholding_rtl_16_axi_wrapper.v"]"\
## "[file normalize "$origin_dir/Thresholding_rtl_17_axi_wrapper.v"]"\
## "[file normalize "$origin_dir/Thresholding_rtl_18_axi_wrapper.v"]"\
## "[file normalize "$origin_dir/Thresholding_rtl_19_axi_wrapper.v"]"\
## "[file normalize "$origin_dir/Thresholding_rtl_1_axi_wrapper.v"]"\
## "[file normalize "$origin_dir/Thresholding_rtl_20_axi_wrapper.v"]"\
## "[file normalize "$origin_dir/Thresholding_rtl_21_axi_wrapper.v"]"\
## "[file normalize "$origin_dir/Thresholding_rtl_22_axi_wrapper.v"]"\
## "[file normalize "$origin_dir/Thresholding_rtl_23_axi_wrapper.v"]"\
## "[file normalize "$origin_dir/Thresholding_rtl_24_axi_wrapper.v"]"\
## "[file normalize "$origin_dir/Thresholding_rtl_25_axi_wrapper.v"]"\
## "[file normalize "$origin_dir/Thresholding_rtl_26_axi_wrapper.v"]"\
## "[file normalize "$origin_dir/Thresholding_rtl_27_axi_wrapper.v"]"\
## "[file normalize "$origin_dir/Thresholding_rtl_28_axi_wrapper.v"]"\
## "[file normalize "$origin_dir/Thresholding_rtl_29_axi_wrapper.v"]"\
## "[file normalize "$origin_dir/Thresholding_rtl_2_axi_wrapper.v"]"\
## "[file normalize "$origin_dir/Thresholding_rtl_3_axi_wrapper.v"]"\
## "[file normalize "$origin_dir/Thresholding_rtl_4_axi_wrapper.v"]"\
## "[file normalize "$origin_dir/Thresholding_rtl_5_axi_wrapper.v"]"\
## "[file normalize "$origin_dir/Thresholding_rtl_6_axi_wrapper.v"]"\
## "[file normalize "$origin_dir/Thresholding_rtl_7_axi_wrapper.v"]"\
## "[file normalize "$origin_dir/Thresholding_rtl_8_axi_wrapper.v"]"\
## "[file normalize "$origin_dir/Thresholding_rtl_9_axi_wrapper.v"]"\
## "[file normalize "$origin_dir/axilite_if.v"]"\
## "[file normalize "$origin_dir/axis_data_fifo_v2_0_vl_rfs.v"]"\
## "[file normalize "$origin_dir/axis_infrastructure_v1_1_vl_rfs.v"]"\
## "[file normalize "$origin_dir/finn_design.v"]"\
## "[file normalize "$origin_dir/finn_design_AddStreams_hls_0_0.v"]"\
## "[file normalize "$origin_dir/finn_design_AddStreams_hls_1_0.v"]"\
## "[file normalize "$origin_dir/finn_design_AddStreams_hls_2_0.v"]"\
## "[file normalize "$origin_dir/finn_design_AddStreams_hls_3_0.v"]"\
## "[file normalize "$origin_dir/finn_design_AddStreams_hls_4_0.v"]"\
## "[file normalize "$origin_dir/finn_design_ConvolutionInputGenerator_rtl_0_0.v"]"\
## "[file normalize "$origin_dir/finn_design_ConvolutionInputGenerator_rtl_1_0.v"]"\
## "[file normalize "$origin_dir/finn_design_ConvolutionInputGenerator_rtl_2_0.v"]"\
## "[file normalize "$origin_dir/finn_design_ConvolutionInputGenerator_rtl_3_0.v"]"\
## "[file normalize "$origin_dir/finn_design_ConvolutionInputGenerator_rtl_4_0.v"]"\
## "[file normalize "$origin_dir/finn_design_DuplicateStreams_hls_0_0.v"]"\
## "[file normalize "$origin_dir/finn_design_DuplicateStreams_hls_1_0.v"]"\
## "[file normalize "$origin_dir/finn_design_DuplicateStreams_hls_2_0.v"]"\
## "[file normalize "$origin_dir/finn_design_DuplicateStreams_hls_3_0.v"]"\
## "[file normalize "$origin_dir/finn_design_DuplicateStreams_hls_4_0.v"]"\
## "[file normalize "$origin_dir/finn_design_FMPadding_rtl_0_0.v"]"\
## "[file normalize "$origin_dir/finn_design_FMPadding_rtl_1_0.v"]"\
## "[file normalize "$origin_dir/finn_design_FMPadding_rtl_2_0.v"]"\
## "[file normalize "$origin_dir/finn_design_FMPadding_rtl_3_0.v"]"\
## "[file normalize "$origin_dir/finn_design_FMPadding_rtl_4_0.v"]"\
## "[file normalize "$origin_dir/finn_design_MVAU_rtl_0_0.v"]"\
## "[file normalize "$origin_dir/finn_design_MVAU_rtl_0_wstrm_0.v"]"\
## "[file normalize "$origin_dir/finn_design_MVAU_rtl_10_0.v"]"\
## "[file normalize "$origin_dir/finn_design_MVAU_rtl_10_wstrm_0.v"]"\
## "[file normalize "$origin_dir/finn_design_MVAU_rtl_11_0.v"]"\
## "[file normalize "$origin_dir/finn_design_MVAU_rtl_11_wstrm_0.v"]"\
## "[file normalize "$origin_dir/finn_design_MVAU_rtl_12_0.v"]"\
## "[file normalize "$origin_dir/finn_design_MVAU_rtl_12_wstrm_0.v"]"\
## "[file normalize "$origin_dir/finn_design_MVAU_rtl_13_0.v"]"\
## "[file normalize "$origin_dir/finn_design_MVAU_rtl_13_wstrm_0.v"]"\
## "[file normalize "$origin_dir/finn_design_MVAU_rtl_14_0.v"]"\
## "[file normalize "$origin_dir/finn_design_MVAU_rtl_14_wstrm_0.v"]"\
## "[file normalize "$origin_dir/finn_design_MVAU_rtl_1_0.v"]"\
## "[file normalize "$origin_dir/finn_design_MVAU_rtl_1_wstrm_0.v"]"\
## "[file normalize "$origin_dir/finn_design_MVAU_rtl_2_0.v"]"\
## "[file normalize "$origin_dir/finn_design_MVAU_rtl_2_wstrm_0.v"]"\
## "[file normalize "$origin_dir/finn_design_MVAU_rtl_3_0.v"]"\
## "[file normalize "$origin_dir/finn_design_MVAU_rtl_3_wstrm_0.v"]"\
## "[file normalize "$origin_dir/finn_design_MVAU_rtl_4_0.v"]"\
## "[file normalize "$origin_dir/finn_design_MVAU_rtl_4_wstrm_0.v"]"\
## "[file normalize "$origin_dir/finn_design_MVAU_rtl_5_0.v"]"\
## "[file normalize "$origin_dir/finn_design_MVAU_rtl_5_wstrm_0.v"]"\
## "[file normalize "$origin_dir/finn_design_MVAU_rtl_6_0.v"]"\
## "[file normalize "$origin_dir/finn_design_MVAU_rtl_6_wstrm_0.v"]"\
## "[file normalize "$origin_dir/finn_design_MVAU_rtl_7_0.v"]"\
## "[file normalize "$origin_dir/finn_design_MVAU_rtl_7_wstrm_0.v"]"\
## "[file normalize "$origin_dir/finn_design_MVAU_rtl_8_0.v"]"\
## "[file normalize "$origin_dir/finn_design_MVAU_rtl_8_wstrm_0.v"]"\
## "[file normalize "$origin_dir/finn_design_MVAU_rtl_9_0.v"]"\
## "[file normalize "$origin_dir/finn_design_MVAU_rtl_9_wstrm_0.v"]"\
## "[file normalize "$origin_dir/finn_design_StreamingDataWidthConverter_rtl_0_0.v"]"\
## "[file normalize "$origin_dir/finn_design_StreamingDataWidthConverter_rtl_10_0.v"]"\
## "[file normalize "$origin_dir/finn_design_StreamingDataWidthConverter_rtl_11_0.v"]"\
## "[file normalize "$origin_dir/finn_design_StreamingDataWidthConverter_rtl_12_0.v"]"\
## "[file normalize "$origin_dir/finn_design_StreamingDataWidthConverter_rtl_13_0.v"]"\
## "[file normalize "$origin_dir/finn_design_StreamingDataWidthConverter_rtl_14_0.v"]"\
## "[file normalize "$origin_dir/finn_design_StreamingDataWidthConverter_rtl_15_0.v"]"\
## "[file normalize "$origin_dir/finn_design_StreamingDataWidthConverter_rtl_16_0.v"]"\
## "[file normalize "$origin_dir/finn_design_StreamingDataWidthConverter_rtl_17_0.v"]"\
## "[file normalize "$origin_dir/finn_design_StreamingDataWidthConverter_rtl_18_0.v"]"\
## "[file normalize "$origin_dir/finn_design_StreamingDataWidthConverter_rtl_19_0.v"]"\
## "[file normalize "$origin_dir/finn_design_StreamingDataWidthConverter_rtl_1_0.v"]"\
## "[file normalize "$origin_dir/finn_design_StreamingDataWidthConverter_rtl_20_0.v"]"\
## "[file normalize "$origin_dir/finn_design_StreamingDataWidthConverter_rtl_21_0.v"]"\
## "[file normalize "$origin_dir/finn_design_StreamingDataWidthConverter_rtl_22_0.v"]"\
## "[file normalize "$origin_dir/finn_design_StreamingDataWidthConverter_rtl_23_0.v"]"\
## "[file normalize "$origin_dir/finn_design_StreamingDataWidthConverter_rtl_24_0.v"]"\
## "[file normalize "$origin_dir/finn_design_StreamingDataWidthConverter_rtl_2_0.v"]"\
## "[file normalize "$origin_dir/finn_design_StreamingDataWidthConverter_rtl_3_0.v"]"\
## "[file normalize "$origin_dir/finn_design_StreamingDataWidthConverter_rtl_4_0.v"]"\
## "[file normalize "$origin_dir/finn_design_StreamingDataWidthConverter_rtl_5_0.v"]"\
## "[file normalize "$origin_dir/finn_design_StreamingDataWidthConverter_rtl_6_0.v"]"\
## "[file normalize "$origin_dir/finn_design_StreamingDataWidthConverter_rtl_7_0.v"]"\
## "[file normalize "$origin_dir/finn_design_StreamingDataWidthConverter_rtl_8_0.v"]"\
## "[file normalize "$origin_dir/finn_design_StreamingDataWidthConverter_rtl_9_0.v"]"\
## "[file normalize "$origin_dir/finn_design_StreamingFIFO_rtl_0_0.v"]"\
## "[file normalize "$origin_dir/finn_design_StreamingFIFO_rtl_100_0.v"]"\
## "[file normalize "$origin_dir/finn_design_StreamingFIFO_rtl_101_0.v"]"\
## "[file normalize "$origin_dir/finn_design_StreamingFIFO_rtl_102_0.v"]"\
## "[file normalize "$origin_dir/finn_design_StreamingFIFO_rtl_10_0.v"]"\
## "[file normalize "$origin_dir/finn_design_StreamingFIFO_rtl_110_0.v"]"\
## "[file normalize "$origin_dir/finn_design_StreamingFIFO_rtl_113_0.v"]"\
## "[file normalize "$origin_dir/finn_design_StreamingFIFO_rtl_114_0.v"]"\
## "[file normalize "$origin_dir/finn_design_StreamingFIFO_rtl_115_0.v"]"\
## "[file normalize "$origin_dir/finn_design_StreamingFIFO_rtl_116_0.v"]"\
## "[file normalize "$origin_dir/finn_design_StreamingFIFO_rtl_118_0.v"]"\
## "[file normalize "$origin_dir/finn_design_StreamingFIFO_rtl_11_0.v"]"\
## "[file normalize "$origin_dir/finn_design_StreamingFIFO_rtl_124_0.v"]"\
## "[file normalize "$origin_dir/finn_design_StreamingFIFO_rtl_128_0.v"]"\
## "[file normalize "$origin_dir/finn_design_StreamingFIFO_rtl_138_0.v"]"\
## "[file normalize "$origin_dir/finn_design_StreamingFIFO_rtl_139_0.v"]"\
## "[file normalize "$origin_dir/finn_design_StreamingFIFO_rtl_140_0.v"]"\
## "[file normalize "$origin_dir/finn_design_StreamingFIFO_rtl_141_0.v"]"\
## "[file normalize "$origin_dir/finn_design_StreamingFIFO_rtl_142_0.v"]"\
## "[file normalize "$origin_dir/finn_design_StreamingFIFO_rtl_143_0.v"]"\
## "[file normalize "$origin_dir/finn_design_StreamingFIFO_rtl_144_0.v"]"\
## "[file normalize "$origin_dir/finn_design_StreamingFIFO_rtl_145_0.v"]"\
## "[file normalize "$origin_dir/finn_design_StreamingFIFO_rtl_146_0.v"]"\
## "[file normalize "$origin_dir/finn_design_StreamingFIFO_rtl_147_0.v"]"\
## "[file normalize "$origin_dir/finn_design_StreamingFIFO_rtl_148_0.v"]"\
## "[file normalize "$origin_dir/finn_design_StreamingFIFO_rtl_149_0.v"]"\
## "[file normalize "$origin_dir/finn_design_StreamingFIFO_rtl_14_0.v"]"\
## "[file normalize "$origin_dir/finn_design_StreamingFIFO_rtl_151_0.v"]"\
## "[file normalize "$origin_dir/finn_design_StreamingFIFO_rtl_152_0.v"]"\
## "[file normalize "$origin_dir/finn_design_StreamingFIFO_rtl_153_0.v"]"\
## "[file normalize "$origin_dir/finn_design_StreamingFIFO_rtl_154_0.v"]"\
## "[file normalize "$origin_dir/finn_design_StreamingFIFO_rtl_157_0.v"]"\
## "[file normalize "$origin_dir/finn_design_StreamingFIFO_rtl_158_0.v"]"\
## "[file normalize "$origin_dir/finn_design_StreamingFIFO_rtl_159_0.v"]"\
## "[file normalize "$origin_dir/finn_design_StreamingFIFO_rtl_160_0.v"]"\
## "[file normalize "$origin_dir/finn_design_StreamingFIFO_rtl_161_0.v"]"\
## "[file normalize "$origin_dir/finn_design_StreamingFIFO_rtl_162_0.v"]"\
## "[file normalize "$origin_dir/finn_design_StreamingFIFO_rtl_164_0.v"]"\
## "[file normalize "$origin_dir/finn_design_StreamingFIFO_rtl_165_0.v"]"\
## "[file normalize "$origin_dir/finn_design_StreamingFIFO_rtl_166_0.v"]"\
## "[file normalize "$origin_dir/finn_design_StreamingFIFO_rtl_167_0.v"]"\
## "[file normalize "$origin_dir/finn_design_StreamingFIFO_rtl_1_0.v"]"\
## "[file normalize "$origin_dir/finn_design_StreamingFIFO_rtl_20_0.v"]"\
## "[file normalize "$origin_dir/finn_design_StreamingFIFO_rtl_23_0.v"]"\
## "[file normalize "$origin_dir/finn_design_StreamingFIFO_rtl_24_0.v"]"\
## "[file normalize "$origin_dir/finn_design_StreamingFIFO_rtl_25_0.v"]"\
## "[file normalize "$origin_dir/finn_design_StreamingFIFO_rtl_28_0.v"]"\
## "[file normalize "$origin_dir/finn_design_StreamingFIFO_rtl_29_0.v"]"\
## "[file normalize "$origin_dir/finn_design_StreamingFIFO_rtl_30_0.v"]"\
## "[file normalize "$origin_dir/finn_design_StreamingFIFO_rtl_31_0.v"]"\
## "[file normalize "$origin_dir/finn_design_StreamingFIFO_rtl_32_0.v"]"\
## "[file normalize "$origin_dir/finn_design_StreamingFIFO_rtl_33_0.v"]"\
## "[file normalize "$origin_dir/finn_design_StreamingFIFO_rtl_34_0.v"]"\
## "[file normalize "$origin_dir/finn_design_StreamingFIFO_rtl_35_0.v"]"\
## "[file normalize "$origin_dir/finn_design_StreamingFIFO_rtl_36_0.v"]"\
## "[file normalize "$origin_dir/finn_design_StreamingFIFO_rtl_37_0.v"]"\
## "[file normalize "$origin_dir/finn_design_StreamingFIFO_rtl_38_0.v"]"\
## "[file normalize "$origin_dir/finn_design_StreamingFIFO_rtl_39_0.v"]"\
## "[file normalize "$origin_dir/finn_design_StreamingFIFO_rtl_40_0.v"]"\
## "[file normalize "$origin_dir/finn_design_StreamingFIFO_rtl_41_0.v"]"\
## "[file normalize "$origin_dir/finn_design_StreamingFIFO_rtl_42_0.v"]"\
## "[file normalize "$origin_dir/finn_design_StreamingFIFO_rtl_43_0.v"]"\
## "[file normalize "$origin_dir/finn_design_StreamingFIFO_rtl_44_0.v"]"\
## "[file normalize "$origin_dir/finn_design_StreamingFIFO_rtl_48_0.v"]"\
## "[file normalize "$origin_dir/finn_design_StreamingFIFO_rtl_49_0.v"]"\
## "[file normalize "$origin_dir/finn_design_StreamingFIFO_rtl_50_0.v"]"\
## "[file normalize "$origin_dir/finn_design_StreamingFIFO_rtl_51_0.v"]"\
## "[file normalize "$origin_dir/finn_design_StreamingFIFO_rtl_56_0.v"]"\
## "[file normalize "$origin_dir/finn_design_StreamingFIFO_rtl_57_0.v"]"\
## "[file normalize "$origin_dir/finn_design_StreamingFIFO_rtl_58_0.v"]"\
## "[file normalize "$origin_dir/finn_design_StreamingFIFO_rtl_62_0.v"]"\
## "[file normalize "$origin_dir/finn_design_StreamingFIFO_rtl_63_0.v"]"\
## "[file normalize "$origin_dir/finn_design_StreamingFIFO_rtl_64_0.v"]"\
## "[file normalize "$origin_dir/finn_design_StreamingFIFO_rtl_65_0.v"]"\
## "[file normalize "$origin_dir/finn_design_StreamingFIFO_rtl_66_0.v"]"\
## "[file normalize "$origin_dir/finn_design_StreamingFIFO_rtl_67_0.v"]"\
## "[file normalize "$origin_dir/finn_design_StreamingFIFO_rtl_68_0.v"]"\
## "[file normalize "$origin_dir/finn_design_StreamingFIFO_rtl_69_0.v"]"\
## "[file normalize "$origin_dir/finn_design_StreamingFIFO_rtl_70_0.v"]"\
## "[file normalize "$origin_dir/finn_design_StreamingFIFO_rtl_71_0.v"]"\
## "[file normalize "$origin_dir/finn_design_StreamingFIFO_rtl_72_0.v"]"\
## "[file normalize "$origin_dir/finn_design_StreamingFIFO_rtl_75_0.v"]"\
## "[file normalize "$origin_dir/finn_design_StreamingFIFO_rtl_78_0.v"]"\
## "[file normalize "$origin_dir/finn_design_StreamingFIFO_rtl_80_0.v"]"\
## "[file normalize "$origin_dir/finn_design_StreamingFIFO_rtl_81_0.v"]"\
## "[file normalize "$origin_dir/finn_design_StreamingFIFO_rtl_82_0.v"]"\
## "[file normalize "$origin_dir/finn_design_StreamingFIFO_rtl_83_0.v"]"\
## "[file normalize "$origin_dir/finn_design_StreamingFIFO_rtl_85_0.v"]"\
## "[file normalize "$origin_dir/finn_design_StreamingFIFO_rtl_88_0.v"]"\
## "[file normalize "$origin_dir/finn_design_StreamingFIFO_rtl_89_0.v"]"\
## "[file normalize "$origin_dir/finn_design_StreamingFIFO_rtl_92_0.v"]"\
## "[file normalize "$origin_dir/finn_design_StreamingFIFO_rtl_93_0.v"]"\
## "[file normalize "$origin_dir/finn_design_StreamingFIFO_rtl_94_0.v"]"\
## "[file normalize "$origin_dir/finn_design_StreamingFIFO_rtl_95_0.v"]"\
## "[file normalize "$origin_dir/finn_design_StreamingFIFO_rtl_96_0.v"]"\
## "[file normalize "$origin_dir/finn_design_StreamingFIFO_rtl_97_0.v"]"\
## "[file normalize "$origin_dir/finn_design_StreamingFIFO_rtl_98_0.v"]"\
## "[file normalize "$origin_dir/finn_design_StreamingFIFO_rtl_99_0.v"]"\
## "[file normalize "$origin_dir/finn_design_Thresholding_rtl_0_0.v"]"\
## "[file normalize "$origin_dir/finn_design_Thresholding_rtl_10_0.v"]"\
## "[file normalize "$origin_dir/finn_design_Thresholding_rtl_11_0.v"]"\
## "[file normalize "$origin_dir/finn_design_Thresholding_rtl_12_0.v"]"\
## "[file normalize "$origin_dir/finn_design_Thresholding_rtl_13_0.v"]"\
## "[file normalize "$origin_dir/finn_design_Thresholding_rtl_14_0.v"]"\
## "[file normalize "$origin_dir/finn_design_Thresholding_rtl_15_0.v"]"\
## "[file normalize "$origin_dir/finn_design_Thresholding_rtl_16_0.v"]"\
## "[file normalize "$origin_dir/finn_design_Thresholding_rtl_17_0.v"]"\
## "[file normalize "$origin_dir/finn_design_Thresholding_rtl_18_0.v"]"\
## "[file normalize "$origin_dir/finn_design_Thresholding_rtl_19_0.v"]"\
## "[file normalize "$origin_dir/finn_design_Thresholding_rtl_1_0.v"]"\
## "[file normalize "$origin_dir/finn_design_Thresholding_rtl_20_0.v"]"\
## "[file normalize "$origin_dir/finn_design_Thresholding_rtl_21_0.v"]"\
## "[file normalize "$origin_dir/finn_design_Thresholding_rtl_22_0.v"]"\
## "[file normalize "$origin_dir/finn_design_Thresholding_rtl_23_0.v"]"\
## "[file normalize "$origin_dir/finn_design_Thresholding_rtl_24_0.v"]"\
## "[file normalize "$origin_dir/finn_design_Thresholding_rtl_25_0.v"]"\
## "[file normalize "$origin_dir/finn_design_Thresholding_rtl_26_0.v"]"\
## "[file normalize "$origin_dir/finn_design_Thresholding_rtl_27_0.v"]"\
## "[file normalize "$origin_dir/finn_design_Thresholding_rtl_28_0.v"]"\
## "[file normalize "$origin_dir/finn_design_Thresholding_rtl_29_0.v"]"\
## "[file normalize "$origin_dir/finn_design_Thresholding_rtl_2_0.v"]"\
## "[file normalize "$origin_dir/finn_design_Thresholding_rtl_3_0.v"]"\
## "[file normalize "$origin_dir/finn_design_Thresholding_rtl_4_0.v"]"\
## "[file normalize "$origin_dir/finn_design_Thresholding_rtl_5_0.v"]"\
## "[file normalize "$origin_dir/finn_design_Thresholding_rtl_6_0.v"]"\
## "[file normalize "$origin_dir/finn_design_Thresholding_rtl_7_0.v"]"\
## "[file normalize "$origin_dir/finn_design_Thresholding_rtl_8_0.v"]"\
## "[file normalize "$origin_dir/finn_design_Thresholding_rtl_9_0.v"]"\
## "[file normalize "$origin_dir/finn_design_fifo_0.v"]"\
## "[file normalize "$origin_dir/finn_design_fifo_1.v"]"\
## "[file normalize "$origin_dir/finn_design_fifo_10.v"]"\
## "[file normalize "$origin_dir/finn_design_fifo_11.v"]"\
## "[file normalize "$origin_dir/finn_design_fifo_12.v"]"\
## "[file normalize "$origin_dir/finn_design_fifo_13.v"]"\
## "[file normalize "$origin_dir/finn_design_fifo_14.v"]"\
## "[file normalize "$origin_dir/finn_design_fifo_15.v"]"\
## "[file normalize "$origin_dir/finn_design_fifo_16.v"]"\
## "[file normalize "$origin_dir/finn_design_fifo_17.v"]"\
## "[file normalize "$origin_dir/finn_design_fifo_18.v"]"\
## "[file normalize "$origin_dir/finn_design_fifo_19.v"]"\
## "[file normalize "$origin_dir/finn_design_fifo_2.v"]"\
## "[file normalize "$origin_dir/finn_design_fifo_20.v"]"\
## "[file normalize "$origin_dir/finn_design_fifo_21.v"]"\
## "[file normalize "$origin_dir/finn_design_fifo_22.v"]"\
## "[file normalize "$origin_dir/finn_design_fifo_23.v"]"\
## "[file normalize "$origin_dir/finn_design_fifo_24.v"]"\
## "[file normalize "$origin_dir/finn_design_fifo_25.v"]"\
## "[file normalize "$origin_dir/finn_design_fifo_26.v"]"\
## "[file normalize "$origin_dir/finn_design_fifo_27.v"]"\
## "[file normalize "$origin_dir/finn_design_fifo_28.v"]"\
## "[file normalize "$origin_dir/finn_design_fifo_29.v"]"\
## "[file normalize "$origin_dir/finn_design_fifo_3.v"]"\
## "[file normalize "$origin_dir/finn_design_fifo_30.v"]"\
## "[file normalize "$origin_dir/finn_design_fifo_31.v"]"\
## "[file normalize "$origin_dir/finn_design_fifo_32.v"]"\
## "[file normalize "$origin_dir/finn_design_fifo_33.v"]"\
## "[file normalize "$origin_dir/finn_design_fifo_34.v"]"\
## "[file normalize "$origin_dir/finn_design_fifo_35.v"]"\
## "[file normalize "$origin_dir/finn_design_fifo_36.v"]"\
## "[file normalize "$origin_dir/finn_design_fifo_37.v"]"\
## "[file normalize "$origin_dir/finn_design_fifo_38.v"]"\
## "[file normalize "$origin_dir/finn_design_fifo_39.v"]"\
## "[file normalize "$origin_dir/finn_design_fifo_4.v"]"\
## "[file normalize "$origin_dir/finn_design_fifo_40.v"]"\
## "[file normalize "$origin_dir/finn_design_fifo_41.v"]"\
## "[file normalize "$origin_dir/finn_design_fifo_42.v"]"\
## "[file normalize "$origin_dir/finn_design_fifo_43.v"]"\
## "[file normalize "$origin_dir/finn_design_fifo_44.v"]"\
## "[file normalize "$origin_dir/finn_design_fifo_45.v"]"\
## "[file normalize "$origin_dir/finn_design_fifo_46.v"]"\
## "[file normalize "$origin_dir/finn_design_fifo_47.v"]"\
## "[file normalize "$origin_dir/finn_design_fifo_48.v"]"\
## "[file normalize "$origin_dir/finn_design_fifo_49.v"]"\
## "[file normalize "$origin_dir/finn_design_fifo_5.v"]"\
## "[file normalize "$origin_dir/finn_design_fifo_50.v"]"\
## "[file normalize "$origin_dir/finn_design_fifo_51.v"]"\
## "[file normalize "$origin_dir/finn_design_fifo_52.v"]"\
## "[file normalize "$origin_dir/finn_design_fifo_53.v"]"\
## "[file normalize "$origin_dir/finn_design_fifo_54.v"]"\
## "[file normalize "$origin_dir/finn_design_fifo_55.v"]"\
## "[file normalize "$origin_dir/finn_design_fifo_56.v"]"\
## "[file normalize "$origin_dir/finn_design_fifo_57.v"]"\
## "[file normalize "$origin_dir/finn_design_fifo_58.v"]"\
## "[file normalize "$origin_dir/finn_design_fifo_59.v"]"\
## "[file normalize "$origin_dir/finn_design_fifo_6.v"]"\
## "[file normalize "$origin_dir/finn_design_fifo_60.v"]"\
## "[file normalize "$origin_dir/finn_design_fifo_61.v"]"\
## "[file normalize "$origin_dir/finn_design_fifo_62.v"]"\
## "[file normalize "$origin_dir/finn_design_fifo_63.v"]"\
## "[file normalize "$origin_dir/finn_design_fifo_64.v"]"\
## "[file normalize "$origin_dir/finn_design_fifo_65.v"]"\
## "[file normalize "$origin_dir/finn_design_fifo_66.v"]"\
## "[file normalize "$origin_dir/finn_design_fifo_67.v"]"\
## "[file normalize "$origin_dir/finn_design_fifo_68.v"]"\
## "[file normalize "$origin_dir/finn_design_fifo_69.v"]"\
## "[file normalize "$origin_dir/finn_design_fifo_7.v"]"\
## "[file normalize "$origin_dir/finn_design_fifo_8.v"]"\
## "[file normalize "$origin_dir/finn_design_fifo_9.v"]"\
## "[file normalize "$origin_dir/finn_design_wrapper.v"]"\
## "[file normalize "$origin_dir/memstream_axi_wrapper.v"]"\
## "[file normalize "$origin_dir/ConvolutionInputGenerator_rtl_0_impl.sv"]"\
## "[file normalize "$origin_dir/ConvolutionInputGenerator_rtl_1_impl.sv"]"\
## "[file normalize "$origin_dir/ConvolutionInputGenerator_rtl_2_impl.sv"]"\
## "[file normalize "$origin_dir/ConvolutionInputGenerator_rtl_3_impl.sv"]"\
## "[file normalize "$origin_dir/ConvolutionInputGenerator_rtl_4_impl.sv"]"\
## "[file normalize "$origin_dir/axi2we.sv"]"\
## "[file normalize "$origin_dir/dummy_sv_file.sv"]"\
## "[file normalize "$origin_dir/dwc.sv"]"\
## "[file normalize "$origin_dir/dwc_axi.sv"]"\
## "[file normalize "$origin_dir/fmpadding.sv"]"\
## "[file normalize "$origin_dir/fmpadding_axi.sv"]"\
## "[file normalize "$origin_dir/memstream.sv"]"\
## "[file normalize "$origin_dir/memstream_axi.sv"]"\
## "[file normalize "$origin_dir/mvu_4sx4u.sv"]"\
## "[file normalize "$origin_dir/mvu_8sx8u_dsp48.sv"]"\
## "[file normalize "$origin_dir/mvu_vvu_8sx9_dsp58.sv"]"\
## "[file normalize "$origin_dir/mvu_vvu_axi.sv"]"\
## "[file normalize "$origin_dir/replay_buffer.sv"]"\
## "[file normalize "$origin_dir/swg_common.sv"]"\
## "[file normalize "$origin_dir/swg_pkg.sv"]"\
## "[file normalize "$origin_dir/thresholding.sv"]"\
## "[file normalize "$origin_dir/thresholding_axi.sv"]"\
## "[file normalize "$origin_dir/dummy_vhdl_file.vhd"]"\
## ]
## add_files -norecurse -fileset $obj $files
# add_files -norecurse -fileset $obj $files
WARNING: [filemgmt 56-12] File '/home/thelegendiv/finn/notebooks/enet/finn_build_tmp/synth_out_of_context_g9h37tuq/results_finn_design_wrapper/dummy_nachiket_fooling_zsh_for_loops.h' cannot be added to the project because it already exists in the project, skipping this file
WARNING: [filemgmt 56-12] File '/home/thelegendiv/finn/notebooks/enet/finn_build_tmp/synth_out_of_context_g9h37tuq/results_finn_design_wrapper/AddStreams_hls_0.v' cannot be added to the project because it already exists in the project, skipping this file
WARNING: [filemgmt 56-12] File '/home/thelegendiv/finn/notebooks/enet/finn_build_tmp/synth_out_of_context_g9h37tuq/results_finn_design_wrapper/AddStreams_hls_0_flow_control_loop_pipe_no_ap_cont.v' cannot be added to the project because it already exists in the project, skipping this file
WARNING: [filemgmt 56-12] File '/home/thelegendiv/finn/notebooks/enet/finn_build_tmp/synth_out_of_context_g9h37tuq/results_finn_design_wrapper/AddStreams_hls_0_hls_deadlock_idx0_monitor.v' cannot be added to the project because it already exists in the project, skipping this file
WARNING: [filemgmt 56-12] File '/home/thelegendiv/finn/notebooks/enet/finn_build_tmp/synth_out_of_context_g9h37tuq/results_finn_design_wrapper/AddStreams_hls_0_regslice_both.v' cannot be added to the project because it already exists in the project, skipping this file
WARNING: [filemgmt 56-12] File '/home/thelegendiv/finn/notebooks/enet/finn_build_tmp/synth_out_of_context_g9h37tuq/results_finn_design_wrapper/AddStreams_hls_1.v' cannot be added to the project because it already exists in the project, skipping this file
WARNING: [filemgmt 56-12] File '/home/thelegendiv/finn/notebooks/enet/finn_build_tmp/synth_out_of_context_g9h37tuq/results_finn_design_wrapper/AddStreams_hls_1_flow_control_loop_pipe_no_ap_cont.v' cannot be added to the project because it already exists in the project, skipping this file
WARNING: [filemgmt 56-12] File '/home/thelegendiv/finn/notebooks/enet/finn_build_tmp/synth_out_of_context_g9h37tuq/results_finn_design_wrapper/AddStreams_hls_1_hls_deadlock_idx0_monitor.v' cannot be added to the project because it already exists in the project, skipping this file
WARNING: [filemgmt 56-12] File '/home/thelegendiv/finn/notebooks/enet/finn_build_tmp/synth_out_of_context_g9h37tuq/results_finn_design_wrapper/AddStreams_hls_1_regslice_both.v' cannot be added to the project because it already exists in the project, skipping this file
WARNING: [filemgmt 56-12] File '/home/thelegendiv/finn/notebooks/enet/finn_build_tmp/synth_out_of_context_g9h37tuq/results_finn_design_wrapper/AddStreams_hls_2.v' cannot be added to the project because it already exists in the project, skipping this file
WARNING: [filemgmt 56-12] File '/home/thelegendiv/finn/notebooks/enet/finn_build_tmp/synth_out_of_context_g9h37tuq/results_finn_design_wrapper/AddStreams_hls_2_flow_control_loop_pipe_no_ap_cont.v' cannot be added to the project because it already exists in the project, skipping this file
WARNING: [filemgmt 56-12] File '/home/thelegendiv/finn/notebooks/enet/finn_build_tmp/synth_out_of_context_g9h37tuq/results_finn_design_wrapper/AddStreams_hls_2_hls_deadlock_idx0_monitor.v' cannot be added to the project because it already exists in the project, skipping this file
WARNING: [filemgmt 56-12] File '/home/thelegendiv/finn/notebooks/enet/finn_build_tmp/synth_out_of_context_g9h37tuq/results_finn_design_wrapper/AddStreams_hls_2_regslice_both.v' cannot be added to the project because it already exists in the project, skipping this file
WARNING: [filemgmt 56-12] File '/home/thelegendiv/finn/notebooks/enet/finn_build_tmp/synth_out_of_context_g9h37tuq/results_finn_design_wrapper/AddStreams_hls_3.v' cannot be added to the project because it already exists in the project, skipping this file
WARNING: [filemgmt 56-12] File '/home/thelegendiv/finn/notebooks/enet/finn_build_tmp/synth_out_of_context_g9h37tuq/results_finn_design_wrapper/AddStreams_hls_3_flow_control_loop_pipe_no_ap_cont.v' cannot be added to the project because it already exists in the project, skipping this file
WARNING: [filemgmt 56-12] File '/home/thelegendiv/finn/notebooks/enet/finn_build_tmp/synth_out_of_context_g9h37tuq/results_finn_design_wrapper/AddStreams_hls_3_hls_deadlock_idx0_monitor.v' cannot be added to the project because it already exists in the project, skipping this file
WARNING: [filemgmt 56-12] File '/home/thelegendiv/finn/notebooks/enet/finn_build_tmp/synth_out_of_context_g9h37tuq/results_finn_design_wrapper/AddStreams_hls_3_regslice_both.v' cannot be added to the project because it already exists in the project, skipping this file
WARNING: [filemgmt 56-12] File '/home/thelegendiv/finn/notebooks/enet/finn_build_tmp/synth_out_of_context_g9h37tuq/results_finn_design_wrapper/AddStreams_hls_4.v' cannot be added to the project because it already exists in the project, skipping this file
WARNING: [filemgmt 56-12] File '/home/thelegendiv/finn/notebooks/enet/finn_build_tmp/synth_out_of_context_g9h37tuq/results_finn_design_wrapper/AddStreams_hls_4_flow_control_loop_pipe_no_ap_cont.v' cannot be added to the project because it already exists in the project, skipping this file
WARNING: [filemgmt 56-12] File '/home/thelegendiv/finn/notebooks/enet/finn_build_tmp/synth_out_of_context_g9h37tuq/results_finn_design_wrapper/AddStreams_hls_4_hls_deadlock_idx0_monitor.v' cannot be added to the project because it already exists in the project, skipping this file
WARNING: [filemgmt 56-12] File '/home/thelegendiv/finn/notebooks/enet/finn_build_tmp/synth_out_of_context_g9h37tuq/results_finn_design_wrapper/AddStreams_hls_4_regslice_both.v' cannot be added to the project because it already exists in the project, skipping this file
WARNING: [filemgmt 56-12] File '/home/thelegendiv/finn/notebooks/enet/finn_build_tmp/synth_out_of_context_g9h37tuq/results_finn_design_wrapper/ConvolutionInputGenerator_rtl_0_wrapper.v' cannot be added to the project because it already exists in the project, skipping this file
WARNING: [filemgmt 56-12] File '/home/thelegendiv/finn/notebooks/enet/finn_build_tmp/synth_out_of_context_g9h37tuq/results_finn_design_wrapper/ConvolutionInputGenerator_rtl_1_wrapper.v' cannot be added to the project because it already exists in the project, skipping this file
WARNING: [filemgmt 56-12] File '/home/thelegendiv/finn/notebooks/enet/finn_build_tmp/synth_out_of_context_g9h37tuq/results_finn_design_wrapper/ConvolutionInputGenerator_rtl_2_wrapper.v' cannot be added to the project because it already exists in the project, skipping this file
WARNING: [filemgmt 56-12] File '/home/thelegendiv/finn/notebooks/enet/finn_build_tmp/synth_out_of_context_g9h37tuq/results_finn_design_wrapper/ConvolutionInputGenerator_rtl_3_wrapper.v' cannot be added to the project because it already exists in the project, skipping this file
WARNING: [filemgmt 56-12] File '/home/thelegendiv/finn/notebooks/enet/finn_build_tmp/synth_out_of_context_g9h37tuq/results_finn_design_wrapper/ConvolutionInputGenerator_rtl_4_wrapper.v' cannot be added to the project because it already exists in the project, skipping this file
WARNING: [filemgmt 56-12] File '/home/thelegendiv/finn/notebooks/enet/finn_build_tmp/synth_out_of_context_g9h37tuq/results_finn_design_wrapper/DuplicateStreams_hls_0.v' cannot be added to the project because it already exists in the project, skipping this file
WARNING: [filemgmt 56-12] File '/home/thelegendiv/finn/notebooks/enet/finn_build_tmp/synth_out_of_context_g9h37tuq/results_finn_design_wrapper/DuplicateStreams_hls_0_flow_control_loop_pipe_no_ap_cont.v' cannot be added to the project because it already exists in the project, skipping this file
WARNING: [filemgmt 56-12] File '/home/thelegendiv/finn/notebooks/enet/finn_build_tmp/synth_out_of_context_g9h37tuq/results_finn_design_wrapper/DuplicateStreams_hls_0_hls_deadlock_idx0_monitor.v' cannot be added to the project because it already exists in the project, skipping this file
WARNING: [filemgmt 56-12] File '/home/thelegendiv/finn/notebooks/enet/finn_build_tmp/synth_out_of_context_g9h37tuq/results_finn_design_wrapper/DuplicateStreams_hls_0_regslice_both.v' cannot be added to the project because it already exists in the project, skipping this file
WARNING: [filemgmt 56-12] File '/home/thelegendiv/finn/notebooks/enet/finn_build_tmp/synth_out_of_context_g9h37tuq/results_finn_design_wrapper/DuplicateStreams_hls_1.v' cannot be added to the project because it already exists in the project, skipping this file
WARNING: [filemgmt 56-12] File '/home/thelegendiv/finn/notebooks/enet/finn_build_tmp/synth_out_of_context_g9h37tuq/results_finn_design_wrapper/DuplicateStreams_hls_1_flow_control_loop_pipe_no_ap_cont.v' cannot be added to the project because it already exists in the project, skipping this file
WARNING: [filemgmt 56-12] File '/home/thelegendiv/finn/notebooks/enet/finn_build_tmp/synth_out_of_context_g9h37tuq/results_finn_design_wrapper/DuplicateStreams_hls_1_hls_deadlock_idx0_monitor.v' cannot be added to the project because it already exists in the project, skipping this file
WARNING: [filemgmt 56-12] File '/home/thelegendiv/finn/notebooks/enet/finn_build_tmp/synth_out_of_context_g9h37tuq/results_finn_design_wrapper/DuplicateStreams_hls_1_regslice_both.v' cannot be added to the project because it already exists in the project, skipping this file
WARNING: [filemgmt 56-12] File '/home/thelegendiv/finn/notebooks/enet/finn_build_tmp/synth_out_of_context_g9h37tuq/results_finn_design_wrapper/DuplicateStreams_hls_2.v' cannot be added to the project because it already exists in the project, skipping this file
WARNING: [filemgmt 56-12] File '/home/thelegendiv/finn/notebooks/enet/finn_build_tmp/synth_out_of_context_g9h37tuq/results_finn_design_wrapper/DuplicateStreams_hls_2_flow_control_loop_pipe_no_ap_cont.v' cannot be added to the project because it already exists in the project, skipping this file
WARNING: [filemgmt 56-12] File '/home/thelegendiv/finn/notebooks/enet/finn_build_tmp/synth_out_of_context_g9h37tuq/results_finn_design_wrapper/DuplicateStreams_hls_2_hls_deadlock_idx0_monitor.v' cannot be added to the project because it already exists in the project, skipping this file
WARNING: [filemgmt 56-12] File '/home/thelegendiv/finn/notebooks/enet/finn_build_tmp/synth_out_of_context_g9h37tuq/results_finn_design_wrapper/DuplicateStreams_hls_2_regslice_both.v' cannot be added to the project because it already exists in the project, skipping this file
WARNING: [filemgmt 56-12] File '/home/thelegendiv/finn/notebooks/enet/finn_build_tmp/synth_out_of_context_g9h37tuq/results_finn_design_wrapper/DuplicateStreams_hls_3.v' cannot be added to the project because it already exists in the project, skipping this file
WARNING: [filemgmt 56-12] File '/home/thelegendiv/finn/notebooks/enet/finn_build_tmp/synth_out_of_context_g9h37tuq/results_finn_design_wrapper/DuplicateStreams_hls_3_flow_control_loop_pipe_no_ap_cont.v' cannot be added to the project because it already exists in the project, skipping this file
WARNING: [filemgmt 56-12] File '/home/thelegendiv/finn/notebooks/enet/finn_build_tmp/synth_out_of_context_g9h37tuq/results_finn_design_wrapper/DuplicateStreams_hls_3_hls_deadlock_idx0_monitor.v' cannot be added to the project because it already exists in the project, skipping this file
WARNING: [filemgmt 56-12] File '/home/thelegendiv/finn/notebooks/enet/finn_build_tmp/synth_out_of_context_g9h37tuq/results_finn_design_wrapper/DuplicateStreams_hls_3_regslice_both.v' cannot be added to the project because it already exists in the project, skipping this file
WARNING: [filemgmt 56-12] File '/home/thelegendiv/finn/notebooks/enet/finn_build_tmp/synth_out_of_context_g9h37tuq/results_finn_design_wrapper/DuplicateStreams_hls_4.v' cannot be added to the project because it already exists in the project, skipping this file
WARNING: [filemgmt 56-12] File '/home/thelegendiv/finn/notebooks/enet/finn_build_tmp/synth_out_of_context_g9h37tuq/results_finn_design_wrapper/DuplicateStreams_hls_4_flow_control_loop_pipe_no_ap_cont.v' cannot be added to the project because it already exists in the project, skipping this file
WARNING: [filemgmt 56-12] File '/home/thelegendiv/finn/notebooks/enet/finn_build_tmp/synth_out_of_context_g9h37tuq/results_finn_design_wrapper/DuplicateStreams_hls_4_hls_deadlock_idx0_monitor.v' cannot be added to the project because it already exists in the project, skipping this file
WARNING: [filemgmt 56-12] File '/home/thelegendiv/finn/notebooks/enet/finn_build_tmp/synth_out_of_context_g9h37tuq/results_finn_design_wrapper/DuplicateStreams_hls_4_regslice_both.v' cannot be added to the project because it already exists in the project, skipping this file
WARNING: [filemgmt 56-12] File '/home/thelegendiv/finn/notebooks/enet/finn_build_tmp/synth_out_of_context_g9h37tuq/results_finn_design_wrapper/FMPadding_rtl_0.v' cannot be added to the project because it already exists in the project, skipping this file
WARNING: [filemgmt 56-12] File '/home/thelegendiv/finn/notebooks/enet/finn_build_tmp/synth_out_of_context_g9h37tuq/results_finn_design_wrapper/FMPadding_rtl_1.v' cannot be added to the project because it already exists in the project, skipping this file
WARNING: [filemgmt 56-12] File '/home/thelegendiv/finn/notebooks/enet/finn_build_tmp/synth_out_of_context_g9h37tuq/results_finn_design_wrapper/FMPadding_rtl_2.v' cannot be added to the project because it already exists in the project, skipping this file
WARNING: [filemgmt 56-12] File '/home/thelegendiv/finn/notebooks/enet/finn_build_tmp/synth_out_of_context_g9h37tuq/results_finn_design_wrapper/FMPadding_rtl_3.v' cannot be added to the project because it already exists in the project, skipping this file
WARNING: [filemgmt 56-12] File '/home/thelegendiv/finn/notebooks/enet/finn_build_tmp/synth_out_of_context_g9h37tuq/results_finn_design_wrapper/FMPadding_rtl_4.v' cannot be added to the project because it already exists in the project, skipping this file
WARNING: [filemgmt 56-12] File '/home/thelegendiv/finn/notebooks/enet/finn_build_tmp/synth_out_of_context_g9h37tuq/results_finn_design_wrapper/MVAU_rtl_0_wrapper.v' cannot be added to the project because it already exists in the project, skipping this file
WARNING: [filemgmt 56-12] File '/home/thelegendiv/finn/notebooks/enet/finn_build_tmp/synth_out_of_context_g9h37tuq/results_finn_design_wrapper/MVAU_rtl_10_wrapper.v' cannot be added to the project because it already exists in the project, skipping this file
WARNING: [filemgmt 56-12] File '/home/thelegendiv/finn/notebooks/enet/finn_build_tmp/synth_out_of_context_g9h37tuq/results_finn_design_wrapper/MVAU_rtl_11_wrapper.v' cannot be added to the project because it already exists in the project, skipping this file
WARNING: [filemgmt 56-12] File '/home/thelegendiv/finn/notebooks/enet/finn_build_tmp/synth_out_of_context_g9h37tuq/results_finn_design_wrapper/MVAU_rtl_12_wrapper.v' cannot be added to the project because it already exists in the project, skipping this file
WARNING: [filemgmt 56-12] File '/home/thelegendiv/finn/notebooks/enet/finn_build_tmp/synth_out_of_context_g9h37tuq/results_finn_design_wrapper/MVAU_rtl_13_wrapper.v' cannot be added to the project because it already exists in the project, skipping this file
WARNING: [filemgmt 56-12] File '/home/thelegendiv/finn/notebooks/enet/finn_build_tmp/synth_out_of_context_g9h37tuq/results_finn_design_wrapper/MVAU_rtl_14_wrapper.v' cannot be added to the project because it already exists in the project, skipping this file
WARNING: [filemgmt 56-12] File '/home/thelegendiv/finn/notebooks/enet/finn_build_tmp/synth_out_of_context_g9h37tuq/results_finn_design_wrapper/MVAU_rtl_1_wrapper.v' cannot be added to the project because it already exists in the project, skipping this file
WARNING: [filemgmt 56-12] File '/home/thelegendiv/finn/notebooks/enet/finn_build_tmp/synth_out_of_context_g9h37tuq/results_finn_design_wrapper/MVAU_rtl_2_wrapper.v' cannot be added to the project because it already exists in the project, skipping this file
WARNING: [filemgmt 56-12] File '/home/thelegendiv/finn/notebooks/enet/finn_build_tmp/synth_out_of_context_g9h37tuq/results_finn_design_wrapper/MVAU_rtl_3_wrapper.v' cannot be added to the project because it already exists in the project, skipping this file
WARNING: [filemgmt 56-12] File '/home/thelegendiv/finn/notebooks/enet/finn_build_tmp/synth_out_of_context_g9h37tuq/results_finn_design_wrapper/MVAU_rtl_4_wrapper.v' cannot be added to the project because it already exists in the project, skipping this file
WARNING: [filemgmt 56-12] File '/home/thelegendiv/finn/notebooks/enet/finn_build_tmp/synth_out_of_context_g9h37tuq/results_finn_design_wrapper/MVAU_rtl_5_wrapper.v' cannot be added to the project because it already exists in the project, skipping this file
WARNING: [filemgmt 56-12] File '/home/thelegendiv/finn/notebooks/enet/finn_build_tmp/synth_out_of_context_g9h37tuq/results_finn_design_wrapper/MVAU_rtl_6_wrapper.v' cannot be added to the project because it already exists in the project, skipping this file
WARNING: [filemgmt 56-12] File '/home/thelegendiv/finn/notebooks/enet/finn_build_tmp/synth_out_of_context_g9h37tuq/results_finn_design_wrapper/MVAU_rtl_7_wrapper.v' cannot be added to the project because it already exists in the project, skipping this file
WARNING: [filemgmt 56-12] File '/home/thelegendiv/finn/notebooks/enet/finn_build_tmp/synth_out_of_context_g9h37tuq/results_finn_design_wrapper/MVAU_rtl_8_wrapper.v' cannot be added to the project because it already exists in the project, skipping this file
WARNING: [filemgmt 56-12] File '/home/thelegendiv/finn/notebooks/enet/finn_build_tmp/synth_out_of_context_g9h37tuq/results_finn_design_wrapper/MVAU_rtl_9_wrapper.v' cannot be added to the project because it already exists in the project, skipping this file
WARNING: [filemgmt 56-12] File '/home/thelegendiv/finn/notebooks/enet/finn_build_tmp/synth_out_of_context_g9h37tuq/results_finn_design_wrapper/Q_srl.v' cannot be added to the project because it already exists in the project, skipping this file
WARNING: [filemgmt 56-12] File '/home/thelegendiv/finn/notebooks/enet/finn_build_tmp/synth_out_of_context_g9h37tuq/results_finn_design_wrapper/StreamingDataWidthConverter_rtl_0.v' cannot be added to the project because it already exists in the project, skipping this file
WARNING: [filemgmt 56-12] File '/home/thelegendiv/finn/notebooks/enet/finn_build_tmp/synth_out_of_context_g9h37tuq/results_finn_design_wrapper/StreamingDataWidthConverter_rtl_1.v' cannot be added to the project because it already exists in the project, skipping this file
WARNING: [filemgmt 56-12] File '/home/thelegendiv/finn/notebooks/enet/finn_build_tmp/synth_out_of_context_g9h37tuq/results_finn_design_wrapper/StreamingDataWidthConverter_rtl_10.v' cannot be added to the project because it already exists in the project, skipping this file
WARNING: [filemgmt 56-12] File '/home/thelegendiv/finn/notebooks/enet/finn_build_tmp/synth_out_of_context_g9h37tuq/results_finn_design_wrapper/StreamingDataWidthConverter_rtl_11.v' cannot be added to the project because it already exists in the project, skipping this file
WARNING: [filemgmt 56-12] File '/home/thelegendiv/finn/notebooks/enet/finn_build_tmp/synth_out_of_context_g9h37tuq/results_finn_design_wrapper/StreamingDataWidthConverter_rtl_12.v' cannot be added to the project because it already exists in the project, skipping this file
WARNING: [filemgmt 56-12] File '/home/thelegendiv/finn/notebooks/enet/finn_build_tmp/synth_out_of_context_g9h37tuq/results_finn_design_wrapper/StreamingDataWidthConverter_rtl_13.v' cannot be added to the project because it already exists in the project, skipping this file
WARNING: [filemgmt 56-12] File '/home/thelegendiv/finn/notebooks/enet/finn_build_tmp/synth_out_of_context_g9h37tuq/results_finn_design_wrapper/StreamingDataWidthConverter_rtl_14.v' cannot be added to the project because it already exists in the project, skipping this file
WARNING: [filemgmt 56-12] File '/home/thelegendiv/finn/notebooks/enet/finn_build_tmp/synth_out_of_context_g9h37tuq/results_finn_design_wrapper/StreamingDataWidthConverter_rtl_15.v' cannot be added to the project because it already exists in the project, skipping this file
WARNING: [filemgmt 56-12] File '/home/thelegendiv/finn/notebooks/enet/finn_build_tmp/synth_out_of_context_g9h37tuq/results_finn_design_wrapper/StreamingDataWidthConverter_rtl_16.v' cannot be added to the project because it already exists in the project, skipping this file
WARNING: [filemgmt 56-12] File '/home/thelegendiv/finn/notebooks/enet/finn_build_tmp/synth_out_of_context_g9h37tuq/results_finn_design_wrapper/StreamingDataWidthConverter_rtl_17.v' cannot be added to the project because it already exists in the project, skipping this file
WARNING: [filemgmt 56-12] File '/home/thelegendiv/finn/notebooks/enet/finn_build_tmp/synth_out_of_context_g9h37tuq/results_finn_design_wrapper/StreamingDataWidthConverter_rtl_18.v' cannot be added to the project because it already exists in the project, skipping this file
WARNING: [filemgmt 56-12] File '/home/thelegendiv/finn/notebooks/enet/finn_build_tmp/synth_out_of_context_g9h37tuq/results_finn_design_wrapper/StreamingDataWidthConverter_rtl_19.v' cannot be added to the project because it already exists in the project, skipping this file
WARNING: [filemgmt 56-12] File '/home/thelegendiv/finn/notebooks/enet/finn_build_tmp/synth_out_of_context_g9h37tuq/results_finn_design_wrapper/StreamingDataWidthConverter_rtl_2.v' cannot be added to the project because it already exists in the project, skipping this file
WARNING: [filemgmt 56-12] File '/home/thelegendiv/finn/notebooks/enet/finn_build_tmp/synth_out_of_context_g9h37tuq/results_finn_design_wrapper/StreamingDataWidthConverter_rtl_20.v' cannot be added to the project because it already exists in the project, skipping this file
WARNING: [filemgmt 56-12] File '/home/thelegendiv/finn/notebooks/enet/finn_build_tmp/synth_out_of_context_g9h37tuq/results_finn_design_wrapper/StreamingDataWidthConverter_rtl_21.v' cannot be added to the project because it already exists in the project, skipping this file
WARNING: [filemgmt 56-12] File '/home/thelegendiv/finn/notebooks/enet/finn_build_tmp/synth_out_of_context_g9h37tuq/results_finn_design_wrapper/StreamingDataWidthConverter_rtl_22.v' cannot be added to the project because it already exists in the project, skipping this file
WARNING: [filemgmt 56-12] File '/home/thelegendiv/finn/notebooks/enet/finn_build_tmp/synth_out_of_context_g9h37tuq/results_finn_design_wrapper/StreamingDataWidthConverter_rtl_23.v' cannot be added to the project because it already exists in the project, skipping this file
WARNING: [filemgmt 56-12] File '/home/thelegendiv/finn/notebooks/enet/finn_build_tmp/synth_out_of_context_g9h37tuq/results_finn_design_wrapper/StreamingDataWidthConverter_rtl_24.v' cannot be added to the project because it already exists in the project, skipping this file
WARNING: [filemgmt 56-12] File '/home/thelegendiv/finn/notebooks/enet/finn_build_tmp/synth_out_of_context_g9h37tuq/results_finn_design_wrapper/StreamingDataWidthConverter_rtl_3.v' cannot be added to the project because it already exists in the project, skipping this file
WARNING: [filemgmt 56-12] File '/home/thelegendiv/finn/notebooks/enet/finn_build_tmp/synth_out_of_context_g9h37tuq/results_finn_design_wrapper/StreamingDataWidthConverter_rtl_4.v' cannot be added to the project because it already exists in the project, skipping this file
WARNING: [filemgmt 56-12] File '/home/thelegendiv/finn/notebooks/enet/finn_build_tmp/synth_out_of_context_g9h37tuq/results_finn_design_wrapper/StreamingDataWidthConverter_rtl_5.v' cannot be added to the project because it already exists in the project, skipping this file
WARNING: [filemgmt 56-12] File '/home/thelegendiv/finn/notebooks/enet/finn_build_tmp/synth_out_of_context_g9h37tuq/results_finn_design_wrapper/StreamingDataWidthConverter_rtl_6.v' cannot be added to the project because it already exists in the project, skipping this file
WARNING: [filemgmt 56-12] File '/home/thelegendiv/finn/notebooks/enet/finn_build_tmp/synth_out_of_context_g9h37tuq/results_finn_design_wrapper/StreamingDataWidthConverter_rtl_7.v' cannot be added to the project because it already exists in the project, skipping this file
WARNING: [filemgmt 56-12] File '/home/thelegendiv/finn/notebooks/enet/finn_build_tmp/synth_out_of_context_g9h37tuq/results_finn_design_wrapper/StreamingDataWidthConverter_rtl_8.v' cannot be added to the project because it already exists in the project, skipping this file
WARNING: [filemgmt 56-12] File '/home/thelegendiv/finn/notebooks/enet/finn_build_tmp/synth_out_of_context_g9h37tuq/results_finn_design_wrapper/StreamingDataWidthConverter_rtl_9.v' cannot be added to the project because it already exists in the project, skipping this file
WARNING: [filemgmt 56-12] File '/home/thelegendiv/finn/notebooks/enet/finn_build_tmp/synth_out_of_context_g9h37tuq/results_finn_design_wrapper/StreamingFIFO_rtl_0.v' cannot be added to the project because it already exists in the project, skipping this file
WARNING: [filemgmt 56-12] File '/home/thelegendiv/finn/notebooks/enet/finn_build_tmp/synth_out_of_context_g9h37tuq/results_finn_design_wrapper/StreamingFIFO_rtl_1.v' cannot be added to the project because it already exists in the project, skipping this file
WARNING: [filemgmt 56-12] File '/home/thelegendiv/finn/notebooks/enet/finn_build_tmp/synth_out_of_context_g9h37tuq/results_finn_design_wrapper/StreamingFIFO_rtl_10.v' cannot be added to the project because it already exists in the project, skipping this file
WARNING: [filemgmt 56-12] File '/home/thelegendiv/finn/notebooks/enet/finn_build_tmp/synth_out_of_context_g9h37tuq/results_finn_design_wrapper/StreamingFIFO_rtl_100.v' cannot be added to the project because it already exists in the project, skipping this file
WARNING: [filemgmt 56-12] File '/home/thelegendiv/finn/notebooks/enet/finn_build_tmp/synth_out_of_context_g9h37tuq/results_finn_design_wrapper/StreamingFIFO_rtl_101.v' cannot be added to the project because it already exists in the project, skipping this file
WARNING: [filemgmt 56-12] File '/home/thelegendiv/finn/notebooks/enet/finn_build_tmp/synth_out_of_context_g9h37tuq/results_finn_design_wrapper/StreamingFIFO_rtl_102.v' cannot be added to the project because it already exists in the project, skipping this file
WARNING: [filemgmt 56-12] File '/home/thelegendiv/finn/notebooks/enet/finn_build_tmp/synth_out_of_context_g9h37tuq/results_finn_design_wrapper/StreamingFIFO_rtl_11.v' cannot be added to the project because it already exists in the project, skipping this file
WARNING: [filemgmt 56-12] File '/home/thelegendiv/finn/notebooks/enet/finn_build_tmp/synth_out_of_context_g9h37tuq/results_finn_design_wrapper/StreamingFIFO_rtl_110.v' cannot be added to the project because it already exists in the project, skipping this file
INFO: [Common 17-14] Message 'filemgmt 56-12' appears 100 times and further instances of the messages will be disabled. Use the Tcl command set_msg_config to change the current settings.
# source headers.tcl
## set file "$origin_dir/dummy_nachiket_fooling_zsh_for_loops.h"
## set file [file normalize $file]
## set file_obj [get_files -of_objects [get_filesets sources_1] [list "*$file"]]
## set_property "file_type" "Verilog Header" $file_obj
# set obj [get_filesets sources_1]
# set_property "top" "$argv" $obj
# if {[string equal [get_filesets -quiet constrs_1] ""]} {
#   create_fileset -constrset constrs_1
# }
# set obj [get_filesets constrs_1]
# set file "[file normalize "$origin_dir/$argv.xdc"]"
# set file_added [add_files -norecurse -fileset $obj $file]
# set file "$origin_dir/$argv.xdc"
# set file [file normalize $file]
# set file_obj [get_files -of_objects [get_filesets constrs_1] [list "*$file"]]
# set_property "file_type" "XDC" $file_obj
# set obj [get_filesets constrs_1]
# if {[string equal [get_filesets -quiet sim_1] ""]} {
#   create_fileset -simset sim_1
# }
# set obj [get_filesets sim_1]
# set obj [get_filesets sim_1]
# set_property "top" "$argv" $obj
# set_property "xelab.nosort" "1" $obj
# set_property "xelab.unifast" "" $obj
# set_property strategy "Vivado Synthesis Defaults" [get_runs synth_1]
# set_property strategy "Flow_PerfOptimized_high" [get_runs synth_1]
# set_param synth.elaboration.rodinMoreOptions {rt::set_parameter ignoreVhdlAssertStmts false}
# set obj [get_runs synth_1]
# set_property -name {steps.synth_design.args.more options} -value {-mode out_of_context} -objects $obj
# set_property STEPS.SYNTH_DESIGN.ARGS.RETIMING true [get_runs synth_1]
# current_run -synthesis [get_runs synth_1]
# set_property strategy "Vivado Implementation Defaults" [get_runs impl_1]
# current_run -implementation [get_runs impl_1]
# puts "INFO: Project created:vivadocompile"
INFO: Project created:vivadocompile
# launch_runs -jobs 8 impl_1 -to_step route_design
[Wed Sep 30 10:48:58 2026] Launched synth_1...
Run output will be captured here: /home/thelegendiv/finn/notebooks/enet/finn_build_tmp/synth_out_of_context_g9h37tuq/results_finn_design_wrapper/vivadocompile/vivadocompile.runs/synth_1/runme.log
[Wed Sep 30 10:48:59 2026] Launched impl_1...
Run output will be captured here: /home/thelegendiv/finn/notebooks/enet/finn_build_tmp/synth_out_of_context_g9h37tuq/results_finn_design_wrapper/vivadocompile/vivadocompile.runs/impl_1/runme.log
# wait_on_run impl_1
[Wed Sep 30 10:48:59 2026] Waiting for impl_1 to finish...

*** Running vivado
    with args -log finn_design_wrapper.vdi -applog -m64 -product Vivado -messageDb vivado.pb -mode batch -source finn_design_wrapper.tcl -notrace


****** Vivado v2022.2 (64-bit)
  **** SW Build 3671981 on Fri Oct 14 04:59:54 MDT 2022
  **** IP Build 3669848 on Fri Oct 14 08:30:02 MDT 2022
    ** Copyright 1986-2022 Xilinx, Inc. All Rights Reserved.

source finn_design_wrapper.tcl -notrace
Command: link_design -top finn_design_wrapper -part xczu7ev-ffvc1156-2-e
Design is defaulting to srcset: sources_1
Design is defaulting to constrset: constrs_1
INFO: [Device 21-403] Loading part xczu7ev-ffvc1156-2-e
Netlist sorting complete. Time (s): cpu = 00:00:00.41 ; elapsed = 00:00:00.4 . Memory (MB): peak = 2311.754 ; gain = 0.000 ; free physical = 68432 ; free virtual = 93325
INFO: [Netlist 29-17] Analyzing 8060 Unisim elements for replacement
INFO: [Netlist 29-28] Unisim Transformation completed in 7 CPU seconds
INFO: [Project 1-479] Netlist was created with Vivado 2022.2
INFO: [Project 1-570] Preparing netlist for logic optimization
Parsing XDC File [/home/thelegendiv/finn/notebooks/enet/finn_build_tmp/synth_out_of_context_g9h37tuq/results_finn_design_wrapper/finn_design_wrapper.xdc]
Finished Parsing XDC File [/home/thelegendiv/finn/notebooks/enet/finn_build_tmp/synth_out_of_context_g9h37tuq/results_finn_design_wrapper/finn_design_wrapper.xdc]
INFO: [Project 1-1714] 140 XPM XDC files have been applied to the design.
INFO: [Opt 31-138] Pushed 0 inverter(s) to 0 load pin(s).
Netlist sorting complete. Time (s): cpu = 00:00:00.01 ; elapsed = 00:00:00.01 . Memory (MB): peak = 2543.633 ; gain = 0.000 ; free physical = 67484 ; free virtual = 92380
INFO: [Project 1-111] Unisim Transformation Summary:
  A total of 2405 instances were transformed.
  DSP48E1 => DSP48E2 (DSP_ALU, DSP_A_B_DATA, DSP_C_DATA, DSP_MULTIPLIER, DSP_M_DATA, DSP_OUTPUT, DSP_PREADD, DSP_PREADD_DATA): 48 instances
  DSP48E2 => DSP48E2 (inverted pins: OPMODE[5], OPMODE[2], OPMODE[0]) (DSP_ALU, DSP_A_B_DATA, DSP_C_DATA, DSP_MULTIPLIER, DSP_M_DATA, DSP_OUTPUT, DSP_PREADD, DSP_PREADD_DATA): 5 instances
  LUT6_2 => LUT6_2 (LUT5, LUT6): 52 instances
  RAM128X1S => RAM128X1S (MUXF7, RAMS64E(x2)): 40 instances
  RAM16X1S => RAM32X1S (RAMS32): 496 instances
  RAM256X1S => RAM256X1S (MUXF7(x2), MUXF8, RAMS64E(x4)): 36 instances
  RAM32M => RAM32M (RAMD32(x6), RAMS32(x2)): 3 instances
  RAM32M16 => RAM32M16 (RAMD32(x14), RAMS32(x2)): 10 instances
  RAM32X1S => RAM32X1S (RAMS32): 128 instances
  RAM64M => RAM64M (RAMD64E(x4)): 1 instance 
  RAM64M8 => RAM64M8 (RAMD64E(x8)): 798 instances
  RAM64X1D => RAM64X1D (RAMD64E(x2)): 700 instances
  RAM64X1S => RAM64X1S (RAMS64E): 88 instances

8 Infos, 0 Warnings, 0 Critical Warnings and 0 Errors encountered.
link_design completed successfully
link_design: Time (s): cpu = 00:00:25 ; elapsed = 00:00:27 . Memory (MB): peak = 2543.633 ; gain = 1228.309 ; free physical = 67484 ; free virtual = 92380
Command: opt_design
Attempting to get a license for feature 'Implementation' and/or device 'xczu7ev'
INFO: [Common 17-349] Got license for feature 'Implementation' and/or device 'xczu7ev'
Running DRC as a precondition to command opt_design

Starting DRC Task
INFO: [DRC 23-27] Running DRC with 8 threads
INFO: [Project 1-461] DRC finished with 0 Errors
INFO: [Project 1-462] Please refer to the DRC report (report_drc) for more information.

Time (s): cpu = 00:00:03 ; elapsed = 00:00:02 . Memory (MB): peak = 2625.508 ; gain = 81.875 ; free physical = 67481 ; free virtual = 92376

Starting Cache Timing Information Task
INFO: [Timing 38-35] Done setting XDC timing constraints.
Ending Cache Timing Information Task | Checksum: e9fc991d

Time (s): cpu = 00:00:13 ; elapsed = 00:00:05 . Memory (MB): peak = 3061.344 ; gain = 435.836 ; free physical = 67293 ; free virtual = 92188

Starting Logic Optimization Task

Phase 1 Retarget
INFO: [Opt 31-1287] Pulled Inverter finn_design_i/ConvolutionInputGenerator_rtl_0/inst/impl/Newest_buffered_elem[16]_i_2__1 into driver instance finn_design_i/ConvolutionInputGenerator_rtl_0/inst/impl/window_buffer_inst/Ram_reg_0_63_0_6_i_3, which resulted in an inversion of 35 pins
INFO: [Opt 31-1287] Pulled Inverter finn_design_i/ConvolutionInputGenerator_rtl_1/inst/impl/Newest_buffered_elem[16]_i_2__0 into driver instance finn_design_i/ConvolutionInputGenerator_rtl_1/inst/impl/window_buffer_inst/Newest_buffered_elem[16]_i_5__0, which resulted in an inversion of 26 pins
INFO: [Opt 31-1287] Pulled Inverter finn_design_i/ConvolutionInputGenerator_rtl_3/inst/impl/Newest_buffered_elem[17]_fret_i_2 into driver instance finn_design_i/ConvolutionInputGenerator_rtl_3/inst/impl/window_buffer_inst/Ram_reg_0_63_0_6_i_2__0, which resulted in an inversion of 73 pins
INFO: [Opt 31-138] Pushed 46 inverter(s) to 8523 load pin(s).
INFO: [Opt 31-49] Retargeted 0 cell(s).
Phase 1 Retarget | Checksum: 30a0817b

Time (s): cpu = 00:00:07 ; elapsed = 00:00:03 . Memory (MB): peak = 3338.141 ; gain = 0.000 ; free physical = 67126 ; free virtual = 92021
INFO: [Opt 31-389] Phase Retarget created 3 cells and removed 48 cells

Phase 2 Constant propagation
INFO: [Opt 31-138] Pushed 0 inverter(s) to 0 load pin(s).
Phase 2 Constant propagation | Checksum: 113cd487f

Time (s): cpu = 00:00:08 ; elapsed = 00:00:04 . Memory (MB): peak = 3338.141 ; gain = 0.000 ; free physical = 67125 ; free virtual = 92021
INFO: [Opt 31-389] Phase Constant propagation created 0 cells and removed 0 cells

Phase 3 Sweep
Phase 3 Sweep | Checksum: 7396abfb

Time (s): cpu = 00:00:09 ; elapsed = 00:00:05 . Memory (MB): peak = 3338.141 ; gain = 0.000 ; free physical = 67690 ; free virtual = 92586
INFO: [Opt 31-389] Phase Sweep created 0 cells and removed 0 cells

Phase 4 BUFG optimization
INFO: [Opt 31-1077] Phase BUFG optimization inserted 0 global clock buffer(s) for CLOCK_LOW_FANOUT.
Phase 4 BUFG optimization | Checksum: 7396abfb

Time (s): cpu = 00:00:09 ; elapsed = 00:00:06 . Memory (MB): peak = 3370.156 ; gain = 32.016 ; free physical = 67690 ; free virtual = 92586
INFO: [Opt 31-662] Phase BUFG optimization created 0 cells of which 0 are BUFGs and removed 0 cells.

Phase 5 Shift Register Optimization
INFO: [Opt 31-1064] SRL Remap converted 0 SRLs to 0 registers and converted 0 registers of register chains to 0 SRLs
Phase 5 Shift Register Optimization | Checksum: 7396abfb

Time (s): cpu = 00:00:09 ; elapsed = 00:00:06 . Memory (MB): peak = 3370.156 ; gain = 32.016 ; free physical = 67690 ; free virtual = 92586
INFO: [Opt 31-389] Phase Shift Register Optimization created 0 cells and removed 0 cells

Phase 6 Post Processing Netlist
Phase 6 Post Processing Netlist | Checksum: 7396abfb

Time (s): cpu = 00:00:10 ; elapsed = 00:00:06 . Memory (MB): peak = 3370.156 ; gain = 32.016 ; free physical = 67690 ; free virtual = 92586
INFO: [Opt 31-389] Phase Post Processing Netlist created 0 cells and removed 0 cells
Opt_design Change Summary
=========================


-------------------------------------------------------------------------------------------------------------------------
|  Phase                        |  #Cells created  |  #Cells Removed  |  #Constrained objects preventing optimizations  |
-------------------------------------------------------------------------------------------------------------------------
|  Retarget                     |               3  |              48  |                                              0  |
|  Constant propagation         |               0  |               0  |                                              0  |
|  Sweep                        |               0  |               0  |                                              0  |
|  BUFG optimization            |               0  |               0  |                                              0  |
|  Shift Register Optimization  |               0  |               0  |                                              0  |
|  Post Processing Netlist      |               0  |               0  |                                              0  |
-------------------------------------------------------------------------------------------------------------------------



Starting Connectivity Check Task

Time (s): cpu = 00:00:00.14 ; elapsed = 00:00:00.14 . Memory (MB): peak = 3370.156 ; gain = 0.000 ; free physical = 67851 ; free virtual = 92747
Ending Logic Optimization Task | Checksum: 154006598

Time (s): cpu = 00:00:11 ; elapsed = 00:00:07 . Memory (MB): peak = 3370.156 ; gain = 32.016 ; free physical = 67851 ; free virtual = 92747

Starting Power Optimization Task
INFO: [Pwropt 34-132] Skipping clock gating for clocks with a period < 2.00 ns.
INFO: [Timing 38-35] Done setting XDC timing constraints.
Running Vector-less Activity Propagation...
INFO: [Pwropt 34-9] Applying IDT optimizations ...
INFO: [Pwropt 34-10] Applying ODC optimizations ...

Finished Running Vector-less Activity Propagation


Starting PowerOpt Patch Enables Task
INFO: [Pwropt 34-162] WRITE_MODE attribute of 0 BRAM(s) out of a total of 352 has been updated to save power. Run report_power_opt to get a complete listing of the BRAMs updated.
INFO: [Timing 38-35] Done setting XDC timing constraints.
INFO: [Pwropt 34-201] Structural ODC has moved 239 WE to EN ports
Number of BRAM Ports augmented: 45 newly gated: 242 Total Ports: 704
Ending PowerOpt Patch Enables Task | Checksum: 18e1efc91

Time (s): cpu = 00:00:14 ; elapsed = 00:00:05 . Memory (MB): peak = 4677.070 ; gain = 0.000 ; free physical = 66213 ; free virtual = 91255
Ending Power Optimization Task | Checksum: 18e1efc91

Time (s): cpu = 00:01:07 ; elapsed = 00:00:33 . Memory (MB): peak = 4677.070 ; gain = 1306.914 ; free physical = 66234 ; free virtual = 91276

Starting Final Cleanup Task
Ending Final Cleanup Task | Checksum: 18e1efc91

Time (s): cpu = 00:00:00 ; elapsed = 00:00:00.01 . Memory (MB): peak = 4677.070 ; gain = 0.000 ; free physical = 66234 ; free virtual = 91276

Starting Netlist Obfuscation Task
Netlist sorting complete. Time (s): cpu = 00:00:00.07 ; elapsed = 00:00:00.07 . Memory (MB): peak = 4677.070 ; gain = 0.000 ; free physical = 66234 ; free virtual = 91276
Ending Netlist Obfuscation Task | Checksum: 18a73e561

Time (s): cpu = 00:00:00.08 ; elapsed = 00:00:00.07 . Memory (MB): peak = 4677.070 ; gain = 0.000 ; free physical = 66234 ; free virtual = 91276
INFO: [Common 17-83] Releasing license: Implementation
35 Infos, 0 Warnings, 0 Critical Warnings and 0 Errors encountered.
opt_design completed successfully
opt_design: Time (s): cpu = 00:01:37 ; elapsed = 00:00:49 . Memory (MB): peak = 4677.070 ; gain = 2133.438 ; free physical = 66234 ; free virtual = 91276
INFO: [Timing 38-35] Done setting XDC timing constraints.
INFO: [Timing 38-480] Writing timing data to binary archive.
INFO: [Common 17-1381] The checkpoint '/home/thelegendiv/finn/notebooks/enet/finn_build_tmp/synth_out_of_context_g9h37tuq/results_finn_design_wrapper/vivadocompile/vivadocompile.runs/impl_1/finn_design_wrapper_opt.dcp' has been generated.
write_checkpoint: Time (s): cpu = 00:00:19 ; elapsed = 00:00:07 . Memory (MB): peak = 4677.070 ; gain = 0.000 ; free physical = 65978 ; free virtual = 91040
INFO: [runtcl-4] Executing : report_drc -file finn_design_wrapper_drc_opted.rpt -pb finn_design_wrapper_drc_opted.pb -rpx finn_design_wrapper_drc_opted.rpx
Command: report_drc -file finn_design_wrapper_drc_opted.rpt -pb finn_design_wrapper_drc_opted.pb -rpx finn_design_wrapper_drc_opted.rpx
INFO: [IP_Flow 19-234] Refreshing IP repositories
INFO: [IP_Flow 19-1704] No user IP repositories specified
INFO: [IP_Flow 19-2313] Loaded Vivado IP repository '/tools/Xilinx/Vivado/2022.2/data/ip'.
INFO: [DRC 23-27] Running DRC with 8 threads
INFO: [Vivado_Tcl 2-168] The results of DRC are in file /home/thelegendiv/finn/notebooks/enet/finn_build_tmp/synth_out_of_context_g9h37tuq/results_finn_design_wrapper/vivadocompile/vivadocompile.runs/impl_1/finn_design_wrapper_drc_opted.rpt.
report_drc completed successfully
Command: place_design
Attempting to get a license for feature 'Implementation' and/or device 'xczu7ev'
INFO: [Common 17-349] Got license for feature 'Implementation' and/or device 'xczu7ev'
INFO: [DRC 23-27] Running DRC with 8 threads
INFO: [Vivado_Tcl 4-198] DRC finished with 0 Errors
INFO: [Vivado_Tcl 4-199] Please refer to the DRC report (report_drc) for more information.
Running DRC as a precondition to command place_design
INFO: [DRC 23-27] Running DRC with 8 threads
INFO: [Vivado_Tcl 4-198] DRC finished with 0 Errors
INFO: [Vivado_Tcl 4-199] Please refer to the DRC report (report_drc) for more information.

Starting Placer Task
INFO: [Place 30-611] Multithreading enabled for place_design using a maximum of 8 CPUs

Phase 1 Placer Initialization

Phase 1.1 Placer Initialization Netlist Sorting
Netlist sorting complete. Time (s): cpu = 00:00:00.02 ; elapsed = 00:00:00.02 . Memory (MB): peak = 4685.074 ; gain = 0.000 ; free physical = 65902 ; free virtual = 90965
Phase 1.1 Placer Initialization Netlist Sorting | Checksum: 9b784bf9

Time (s): cpu = 00:00:00.03 ; elapsed = 00:00:00.03 . Memory (MB): peak = 4685.074 ; gain = 0.000 ; free physical = 65902 ; free virtual = 90965
Netlist sorting complete. Time (s): cpu = 00:00:00.01 ; elapsed = 00:00:00.01 . Memory (MB): peak = 4685.074 ; gain = 0.000 ; free physical = 65902 ; free virtual = 90965

Phase 1.2 IO Placement/ Clock Placement/ Build Placer Device
Phase 1.2 IO Placement/ Clock Placement/ Build Placer Device | Checksum: 5149c559

Time (s): cpu = 00:00:22 ; elapsed = 00:00:20 . Memory (MB): peak = 4975.457 ; gain = 290.383 ; free physical = 65834 ; free virtual = 90950

Phase 1.3 Build Placer Netlist Model
Phase 1.3 Build Placer Netlist Model | Checksum: fee2dcc9

Time (s): cpu = 00:00:57 ; elapsed = 00:00:36 . Memory (MB): peak = 5007.473 ; gain = 322.398 ; free physical = 65292 ; free virtual = 90407

Phase 1.4 Constrain Clocks/Macros
Phase 1.4 Constrain Clocks/Macros | Checksum: fee2dcc9

Time (s): cpu = 00:00:58 ; elapsed = 00:00:36 . Memory (MB): peak = 5007.473 ; gain = 322.398 ; free physical = 65292 ; free virtual = 90407
Phase 1 Placer Initialization | Checksum: fee2dcc9

Time (s): cpu = 00:00:58 ; elapsed = 00:00:36 . Memory (MB): peak = 5007.473 ; gain = 322.398 ; free physical = 65280 ; free virtual = 90396

Phase 2 Global Placement

Phase 2.1 Floorplanning

Phase 2.1.1 Partition Driven Placement

Phase 2.1.1.1 PBP: Partition Driven Placement
Phase 2.1.1.1 PBP: Partition Driven Placement | Checksum: dc1ca171

Time (s): cpu = 00:01:29 ; elapsed = 00:00:49 . Memory (MB): peak = 5007.473 ; gain = 322.398 ; free physical = 65042 ; free virtual = 90158

Phase 2.1.1.2 PBP: Clock Region Placement
Phase 2.1.1.2 PBP: Clock Region Placement | Checksum: dc1ca171

Time (s): cpu = 00:01:30 ; elapsed = 00:00:50 . Memory (MB): peak = 5007.473 ; gain = 322.398 ; free physical = 65042 ; free virtual = 90158

Phase 2.1.1.3 PBP: Discrete Incremental
Phase 2.1.1.3 PBP: Discrete Incremental | Checksum: bc4ab94c

Time (s): cpu = 00:01:31 ; elapsed = 00:00:51 . Memory (MB): peak = 5007.473 ; gain = 322.398 ; free physical = 65042 ; free virtual = 90158

Phase 2.1.1.4 PBP: Compute Congestion
Phase 2.1.1.4 PBP: Compute Congestion | Checksum: bc4ab94c

Time (s): cpu = 00:01:34 ; elapsed = 00:00:52 . Memory (MB): peak = 5053.836 ; gain = 368.762 ; free physical = 65026 ; free virtual = 90142

Phase 2.1.1.5 PBP: Macro Placement
Phase 2.1.1.5 PBP: Macro Placement | Checksum: 1819f33f5

Time (s): cpu = 00:01:35 ; elapsed = 00:00:53 . Memory (MB): peak = 5053.836 ; gain = 368.762 ; free physical = 65016 ; free virtual = 90132

Phase 2.1.1.6 PBP: UpdateTiming
Phase 2.1.1.6 PBP: UpdateTiming | Checksum: 1aa0345d2

Time (s): cpu = 00:01:43 ; elapsed = 00:00:56 . Memory (MB): peak = 5083.852 ; gain = 398.777 ; free physical = 64742 ; free virtual = 89858

Phase 2.1.1.7 PBP: Add part constraints
Phase 2.1.1.7 PBP: Add part constraints | Checksum: 1aa0345d2

Time (s): cpu = 00:01:44 ; elapsed = 00:00:56 . Memory (MB): peak = 5083.852 ; gain = 398.777 ; free physical = 64742 ; free virtual = 89858
Phase 2.1.1 Partition Driven Placement | Checksum: 1aa0345d2

Time (s): cpu = 00:01:44 ; elapsed = 00:00:57 . Memory (MB): peak = 5083.852 ; gain = 398.777 ; free physical = 64718 ; free virtual = 89834
Phase 2.1 Floorplanning | Checksum: d6258f96

Time (s): cpu = 00:01:44 ; elapsed = 00:00:57 . Memory (MB): peak = 5083.852 ; gain = 398.777 ; free physical = 64718 ; free virtual = 89834

Phase 2.2 Update Timing before SLR Path Opt
Phase 2.2 Update Timing before SLR Path Opt | Checksum: d6258f96

Time (s): cpu = 00:01:44 ; elapsed = 00:00:57 . Memory (MB): peak = 5083.852 ; gain = 398.777 ; free physical = 64718 ; free virtual = 89834

Phase 2.3 Post-Processing in Floorplanning
Phase 2.3 Post-Processing in Floorplanning | Checksum: d6258f96

Time (s): cpu = 00:01:44 ; elapsed = 00:00:57 . Memory (MB): peak = 5083.852 ; gain = 398.777 ; free physical = 64718 ; free virtual = 89834

Phase 2.4 Global Placement Core

Phase 2.4.1 UpdateTiming Before Physical Synthesis
Phase 2.4.1 UpdateTiming Before Physical Synthesis | Checksum: dd5b3f25

Time (s): cpu = 00:03:01 ; elapsed = 00:01:35 . Memory (MB): peak = 5086.863 ; gain = 401.789 ; free physical = 64699 ; free virtual = 89815

Phase 2.4.2 Physical Synthesis In Placer
INFO: [Physopt 32-1035] Found 0 LUTNM shape to break, 3071 LUT instances to create LUTNM shape
INFO: [Physopt 32-1044] Break lutnm for timing: one critical 0, two critical 0, total 0, new lutff created 0
INFO: [Physopt 32-1138] End 1 Pass. Optimized 1370 nets or LUTs. Breaked 0 LUT, combined 1370 existing LUTs and moved 0 existing LUT
INFO: [Physopt 32-1030] Pass 1. Identified 119 candidate driver sets for equivalent driver rewiring.
INFO: [Physopt 32-661] Optimized 65 nets.  Re-placed 238 instances.
INFO: [Physopt 32-775] End 1 Pass. Optimized 65 nets or cells. Created 0 new cell, deleted 1 existing cell and moved 238 existing cells
Netlist sorting complete. Time (s): cpu = 00:00:00.09 ; elapsed = 00:00:00.1 . Memory (MB): peak = 5086.863 ; gain = 0.000 ; free physical = 64688 ; free virtual = 89804
INFO: [Physopt 32-1132] Very high fanout net 'finn_design_i/ConvolutionInputGenerator_rtl_2/inst/impl/write_addr[2]' is not considered as a candidate in VHFN optimzation. The fanout considered for this optimization is changed from 1963 to 334 due to a timing constraint that prevent optimization on all of the loads. To force replication, set the FORCE_MAX_FANOUT property on the net to a number less than 334.
INFO: [Physopt 32-1132] Very high fanout net 'finn_design_i/ConvolutionInputGenerator_rtl_2/inst/impl/write_addr[3]' is not considered as a candidate in VHFN optimzation. The fanout considered for this optimization is changed from 1963 to 334 due to a timing constraint that prevent optimization on all of the loads. To force replication, set the FORCE_MAX_FANOUT property on the net to a number less than 334.
INFO: [Physopt 32-1132] Very high fanout net 'finn_design_i/ConvolutionInputGenerator_rtl_2/inst/impl/write_addr[4]' is not considered as a candidate in VHFN optimzation. The fanout considered for this optimization is changed from 1962 to 333 due to a timing constraint that prevent optimization on all of the loads. To force replication, set the FORCE_MAX_FANOUT property on the net to a number less than 333.
INFO: [Physopt 32-1132] Very high fanout net 'finn_design_i/ConvolutionInputGenerator_rtl_2/inst/impl/write_addr[5]' is not considered as a candidate in VHFN optimzation. The fanout considered for this optimization is changed from 1961 to 332 due to a timing constraint that prevent optimization on all of the loads. To force replication, set the FORCE_MAX_FANOUT property on the net to a number less than 332.
INFO: [Physopt 32-1132] Very high fanout net 'finn_design_i/ConvolutionInputGenerator_rtl_3/inst/impl/Window_buffer_write_addr_reg_reg[14]_0[4]' is not considered as a candidate in VHFN optimzation. The fanout considered for this optimization is changed from 4672 to 783 due to a timing constraint that prevent optimization on all of the loads. To force replication, set the FORCE_MAX_FANOUT property on the net to a number less than 783.
INFO: [Physopt 32-1132] Very high fanout net 'finn_design_i/ConvolutionInputGenerator_rtl_3/inst/impl/Window_buffer_write_addr_reg_reg[14]_0[5]' is not considered as a candidate in VHFN optimzation. The fanout considered for this optimization is changed from 4671 to 782 due to a timing constraint that prevent optimization on all of the loads. To force replication, set the FORCE_MAX_FANOUT property on the net to a number less than 782.
INFO: [Physopt 32-65] No nets found for high-fanout optimization.
INFO: [Physopt 32-232] Optimized 0 net. Created 0 new instance.
INFO: [Physopt 32-775] End 1 Pass. Optimized 0 net or cell. Created 0 new cell, deleted 0 existing cell and moved 0 existing cell
INFO: [Physopt 32-670] No setup violation found.  DSP Register Optimization was not performed.
INFO: [Physopt 32-670] No setup violation found.  Shift Register to Pipeline Optimization was not performed.
INFO: [Physopt 32-670] No setup violation found.  Shift Register Optimization was not performed.
INFO: [Physopt 32-670] No setup violation found.  BRAM Register Optimization was not performed.
INFO: [Physopt 32-670] No setup violation found.  URAM Register Optimization was not performed.
INFO: [Physopt 32-949] No candidate nets found for dynamic/static region interface net replication
INFO: [Physopt 32-775] End 1 Pass. Optimized 0 net or cell. Created 0 new cell, deleted 0 existing cell and moved 0 existing cell
Netlist sorting complete. Time (s): cpu = 00:00:00.01 ; elapsed = 00:00:00.01 . Memory (MB): peak = 5086.863 ; gain = 0.000 ; free physical = 64688 ; free virtual = 89804

Summary of Physical Synthesis Optimizations
============================================


-----------------------------------------------------------------------------------------------------------------------------------------------------------
|  Optimization                                     |  Added Cells  |  Removed Cells  |  Optimized Cells/Nets  |  Dont Touch  |  Iterations  |  Elapsed   |
-----------------------------------------------------------------------------------------------------------------------------------------------------------
|  LUT Combining                                    |            0  |           1370  |                  1370  |           0  |           1  |  00:00:02  |
|  Retime                                           |            0  |              0  |                     0  |           0  |           1  |  00:00:00  |
|  Equivalent Driver Rewiring                       |            0  |              1  |                    65  |           0  |           1  |  00:00:02  |
|  Very High Fanout                                 |            0  |              0  |                     0  |           0  |           1  |  00:00:00  |
|  DSP Register                                     |            0  |              0  |                     0  |           0  |           0  |  00:00:00  |
|  Shift Register to Pipeline                       |            0  |              0  |                     0  |           0  |           0  |  00:00:00  |
|  Shift Register                                   |            0  |              0  |                     0  |           0  |           0  |  00:00:00  |
|  BRAM Register                                    |            0  |              0  |                     0  |           0  |           0  |  00:00:00  |
|  URAM Register                                    |            0  |              0  |                     0  |           0  |           0  |  00:00:00  |
|  Dynamic/Static Region Interface Net Replication  |            0  |              0  |                     0  |           0  |           1  |  00:00:00  |
|  Total                                            |            0  |           1371  |                  1435  |           0  |           5  |  00:00:04  |
-----------------------------------------------------------------------------------------------------------------------------------------------------------


Phase 2.4.2 Physical Synthesis In Placer | Checksum: 12c4bd0f8

Time (s): cpu = 00:03:14 ; elapsed = 00:01:45 . Memory (MB): peak = 5086.863 ; gain = 401.789 ; free physical = 64628 ; free virtual = 89744
Phase 2.4 Global Placement Core | Checksum: 13ad70d80

Time (s): cpu = 00:03:29 ; elapsed = 00:01:51 . Memory (MB): peak = 5086.863 ; gain = 401.789 ; free physical = 64766 ; free virtual = 89945
Phase 2 Global Placement | Checksum: 13ad70d80

Time (s): cpu = 00:03:29 ; elapsed = 00:01:51 . Memory (MB): peak = 5086.863 ; gain = 401.789 ; free physical = 64766 ; free virtual = 89946

Phase 3 Detail Placement

Phase 3.1 Commit Multi Column Macros
Phase 3.1 Commit Multi Column Macros | Checksum: eb1e4dd2

Time (s): cpu = 00:03:38 ; elapsed = 00:01:54 . Memory (MB): peak = 5086.863 ; gain = 401.789 ; free physical = 64766 ; free virtual = 89967

Phase 3.2 Commit Most Macros & LUTRAMs
Phase 3.2 Commit Most Macros & LUTRAMs | Checksum: 128509a72

Time (s): cpu = 00:04:02 ; elapsed = 00:02:08 . Memory (MB): peak = 5086.863 ; gain = 401.789 ; free physical = 64846 ; free virtual = 89996

Phase 3.3 Small Shape DP

Phase 3.3.1 Small Shape Clustering
Phase 3.3.1 Small Shape Clustering | Checksum: 18eb550c8

Time (s): cpu = 00:04:05 ; elapsed = 00:02:11 . Memory (MB): peak = 5086.863 ; gain = 401.789 ; free physical = 64902 ; free virtual = 90099

Phase 3.3.2 Flow Legalize Slice Clusters
Phase 3.3.2 Flow Legalize Slice Clusters | Checksum: 18039ce07

Time (s): cpu = 00:04:06 ; elapsed = 00:02:11 . Memory (MB): peak = 5086.863 ; gain = 401.789 ; free physical = 64898 ; free virtual = 90102

Phase 3.3.3 Slice Area Swap

Phase 3.3.3.1 Slice Area Swap Initial
Phase 3.3.3.1 Slice Area Swap Initial | Checksum: 13f61e7d0

Time (s): cpu = 00:04:14 ; elapsed = 00:02:23 . Memory (MB): peak = 5086.863 ; gain = 401.789 ; free physical = 64936 ; free virtual = 90103
Phase 3.3.3 Slice Area Swap | Checksum: 13f61e7d0

Time (s): cpu = 00:04:14 ; elapsed = 00:02:24 . Memory (MB): peak = 5086.863 ; gain = 401.789 ; free physical = 64936 ; free virtual = 90103
Phase 3.3 Small Shape DP | Checksum: 12663aff1

Time (s): cpu = 00:04:30 ; elapsed = 00:02:29 . Memory (MB): peak = 5086.863 ; gain = 401.789 ; free physical = 64971 ; free virtual = 90139

Phase 3.4 Re-assign LUT pins
Phase 3.4 Re-assign LUT pins | Checksum: 1ae47f3e4

Time (s): cpu = 00:04:33 ; elapsed = 00:02:32 . Memory (MB): peak = 5086.863 ; gain = 401.789 ; free physical = 64968 ; free virtual = 90135

Phase 3.5 Pipeline Register Optimization
Phase 3.5 Pipeline Register Optimization | Checksum: 177f79108

Time (s): cpu = 00:04:34 ; elapsed = 00:02:33 . Memory (MB): peak = 5086.863 ; gain = 401.789 ; free physical = 64956 ; free virtual = 90123
Phase 3 Detail Placement | Checksum: 177f79108

Time (s): cpu = 00:04:35 ; elapsed = 00:02:33 . Memory (MB): peak = 5086.863 ; gain = 401.789 ; free physical = 64956 ; free virtual = 90123

Phase 4 Post Placement Optimization and Clean-Up

Phase 4.1 Post Commit Optimization
INFO: [Timing 38-35] Done setting XDC timing constraints.

Phase 4.1.1 Post Placement Optimization
Post Placement Optimization Initialization | Checksum: 12a75db5d

Phase 4.1.1.1 BUFG Insertion

Starting Physical Synthesis Task

Phase 1 Physical Synthesis Initialization
INFO: [Physopt 32-721] Multithreading enabled for phys_opt_design using a maximum of 8 CPUs
INFO: [Physopt 32-619] Estimated Timing Summary | WNS=3.882 | TNS=0.000 |
Phase 1 Physical Synthesis Initialization | Checksum: 118f78fca

Time (s): cpu = 00:00:04 ; elapsed = 00:00:00.8 . Memory (MB): peak = 5086.863 ; gain = 0.000 ; free physical = 65139 ; free virtual = 90307
INFO: [Place 46-56] BUFG insertion identified 0 candidate nets. Inserted BUFG: 0, Replicated BUFG Driver: 0, Skipped due to Placement/Routing Conflicts: 0, Skipped due to Timing Degradation: 0, Skipped due to Illegal Netlist: 0.
Ending Physical Synthesis Task | Checksum: e7010cb6

Time (s): cpu = 00:00:06 ; elapsed = 00:00:02 . Memory (MB): peak = 5086.863 ; gain = 0.000 ; free physical = 65137 ; free virtual = 90305
Phase 4.1.1.1 BUFG Insertion | Checksum: 12a75db5d

Time (s): cpu = 00:05:38 ; elapsed = 00:02:51 . Memory (MB): peak = 5086.863 ; gain = 401.789 ; free physical = 65137 ; free virtual = 90305

Phase 4.1.1.2 Post Placement Timing Optimization
INFO: [Place 30-746] Post Placement Timing Summary WNS=3.882. For the most accurate timing information please run report_timing.
Phase 4.1.1.2 Post Placement Timing Optimization | Checksum: 979f6589

Time (s): cpu = 00:05:39 ; elapsed = 00:02:51 . Memory (MB): peak = 5086.863 ; gain = 401.789 ; free physical = 65137 ; free virtual = 90304

Time (s): cpu = 00:05:39 ; elapsed = 00:02:51 . Memory (MB): peak = 5086.863 ; gain = 401.789 ; free physical = 65137 ; free virtual = 90304
Phase 4.1 Post Commit Optimization | Checksum: 979f6589

Time (s): cpu = 00:05:39 ; elapsed = 00:02:52 . Memory (MB): peak = 5086.863 ; gain = 401.789 ; free physical = 65137 ; free virtual = 90304

Phase 4.2 Post Placement Cleanup
Phase 4.2 Post Placement Cleanup | Checksum: 979f6589

Time (s): cpu = 00:05:48 ; elapsed = 00:02:59 . Memory (MB): peak = 5161.863 ; gain = 476.789 ; free physical = 64980 ; free virtual = 90148

Phase 4.3 Placer Reporting

Phase 4.3.1 Print Estimated Congestion
INFO: [Place 30-612] Post-Placement Estimated Congestion 
 ________________________________________________________________________
|           | Global Congestion | Long Congestion   | Short Congestion  |
| Direction | Region Size       | Region Size       | Region Size       |
|___________|___________________|___________________|___________________|
|      North|                1x1|                1x1|                2x2|
|___________|___________________|___________________|___________________|
|      South|                1x1|                1x1|                1x1|
|___________|___________________|___________________|___________________|
|       East|                1x1|                1x1|                2x2|
|___________|___________________|___________________|___________________|
|       West|                1x1|                1x1|                1x1|
|___________|___________________|___________________|___________________|

Phase 4.3.1 Print Estimated Congestion | Checksum: 979f6589

Time (s): cpu = 00:05:48 ; elapsed = 00:02:59 . Memory (MB): peak = 5161.863 ; gain = 476.789 ; free physical = 64985 ; free virtual = 90152
Phase 4.3 Placer Reporting | Checksum: 979f6589

Time (s): cpu = 00:05:49 ; elapsed = 00:03:00 . Memory (MB): peak = 5161.863 ; gain = 476.789 ; free physical = 64985 ; free virtual = 90152

Phase 4.4 Final Placement Cleanup
Netlist sorting complete. Time (s): cpu = 00:00:00.01 ; elapsed = 00:00:00.01 . Memory (MB): peak = 5161.863 ; gain = 0.000 ; free physical = 64986 ; free virtual = 90153

Time (s): cpu = 00:05:49 ; elapsed = 00:03:00 . Memory (MB): peak = 5161.863 ; gain = 476.789 ; free physical = 64986 ; free virtual = 90153
Phase 4 Post Placement Optimization and Clean-Up | Checksum: 10e043445

Time (s): cpu = 00:05:49 ; elapsed = 00:03:00 . Memory (MB): peak = 5161.863 ; gain = 476.789 ; free physical = 64986 ; free virtual = 90153
Ending Placer Task | Checksum: 1007e622c

Time (s): cpu = 00:05:50 ; elapsed = 00:03:01 . Memory (MB): peak = 5161.863 ; gain = 476.789 ; free physical = 64986 ; free virtual = 90153
INFO: [Common 17-83] Releasing license: Implementation
81 Infos, 0 Warnings, 0 Critical Warnings and 0 Errors encountered.
place_design completed successfully
place_design: Time (s): cpu = 00:05:57 ; elapsed = 00:03:03 . Memory (MB): peak = 5161.863 ; gain = 476.789 ; free physical = 65215 ; free virtual = 90383
INFO: [Timing 38-480] Writing timing data to binary archive.
Writing XDEF routing.
Writing XDEF routing logical nets.
Writing XDEF routing special nets.
Write XDEF Complete: Time (s): cpu = 00:00:15 ; elapsed = 00:00:06 . Memory (MB): peak = 5161.863 ; gain = 0.000 ; free physical = 65213 ; free virtual = 90485
INFO: [Common 17-1381] The checkpoint '/home/thelegendiv/finn/notebooks/enet/finn_build_tmp/synth_out_of_context_g9h37tuq/results_finn_design_wrapper/vivadocompile/vivadocompile.runs/impl_1/finn_design_wrapper_placed.dcp' has been generated.
write_checkpoint: Time (s): cpu = 00:00:27 ; elapsed = 00:00:13 . Memory (MB): peak = 5161.863 ; gain = 0.000 ; free physical = 65231 ; free virtual = 90427
INFO: [runtcl-4] Executing : report_io -file finn_design_wrapper_io_placed.rpt
report_io: Time (s): cpu = 00:00:00.26 ; elapsed = 00:00:00.41 . Memory (MB): peak = 5161.863 ; gain = 0.000 ; free physical = 65234 ; free virtual = 90430
INFO: [runtcl-4] Executing : report_utilization -file finn_design_wrapper_utilization_placed.rpt -pb finn_design_wrapper_utilization_placed.pb
INFO: [runtcl-4] Executing : report_control_sets -verbose -file finn_design_wrapper_control_sets_placed.rpt
report_control_sets: Time (s): cpu = 00:00:00.3 ; elapsed = 00:00:00.47 . Memory (MB): peak = 5161.863 ; gain = 0.000 ; free physical = 65232 ; free virtual = 90428
Command: phys_opt_design
Attempting to get a license for feature 'Implementation' and/or device 'xczu7ev'
INFO: [Common 17-349] Got license for feature 'Implementation' and/or device 'xczu7ev'

Starting Initial Update Timing Task
WARNING: [Timing 38-242] The property HD.CLK_SRC of clock port "ap_clk" is not set. In out-of-context mode, this prevents timing estimation for clock delay/skew
Resolution: Set the HD.CLK_SRC property of the out-of-context port to the location of the clock buffer instance in the top-level design

Time (s): cpu = 00:00:40 ; elapsed = 00:00:10 . Memory (MB): peak = 5161.863 ; gain = 0.000 ; free physical = 65228 ; free virtual = 90425
INFO: [Vivado_Tcl 4-383] Design worst setup slack (WNS) is greater than or equal to 0.000 ns. Skipping all physical synthesis optimizations.
INFO: [Vivado_Tcl 4-232] No setup violation found. The netlist was not modified.
INFO: [Common 17-83] Releasing license: Implementation
90 Infos, 1 Warnings, 0 Critical Warnings and 0 Errors encountered.
phys_opt_design completed successfully
phys_opt_design: Time (s): cpu = 00:00:41 ; elapsed = 00:00:11 . Memory (MB): peak = 5161.863 ; gain = 0.000 ; free physical = 65228 ; free virtual = 90425
INFO: [Timing 38-480] Writing timing data to binary archive.
Writing XDEF routing.
Writing XDEF routing logical nets.
Writing XDEF routing special nets.
Write XDEF Complete: Time (s): cpu = 00:00:14 ; elapsed = 00:00:06 . Memory (MB): peak = 5161.863 ; gain = 0.000 ; free physical = 65207 ; free virtual = 90508
INFO: [Common 17-1381] The checkpoint '/home/thelegendiv/finn/notebooks/enet/finn_build_tmp/synth_out_of_context_g9h37tuq/results_finn_design_wrapper/vivadocompile/vivadocompile.runs/impl_1/finn_design_wrapper_physopt.dcp' has been generated.
write_checkpoint: Time (s): cpu = 00:00:16 ; elapsed = 00:00:09 . Memory (MB): peak = 5161.863 ; gain = 0.000 ; free physical = 65321 ; free virtual = 90546
Command: route_design
Attempting to get a license for feature 'Implementation' and/or device 'xczu7ev'
INFO: [Common 17-349] Got license for feature 'Implementation' and/or device 'xczu7ev'
Running DRC as a precondition to command route_design
INFO: [DRC 23-27] Running DRC with 8 threads
INFO: [Vivado_Tcl 4-198] DRC finished with 0 Errors
INFO: [Vivado_Tcl 4-199] Please refer to the DRC report (report_drc) for more information.


Starting Routing Task
INFO: [Route 35-254] Multithreading enabled for route_design using a maximum of 8 CPUs

Phase 1 Build RT Design
Checksum: PlaceDB: 6e65c4d9 ConstDB: 0 ShapeSum: 92189d53 RouteDB: 0
Nodegraph reading from file.  Time (s): cpu = 00:00:00.79 ; elapsed = 00:00:00.83 . Memory (MB): peak = 5161.863 ; gain = 0.000 ; free physical = 65123 ; free virtual = 90348
WARNING: [Route 35-197] Clock port "ap_clk" does not have an associated HD.CLK_SRC. Without this constraint, timing analysis may not be accurate and upstream checks cannot be done to ensure correct clock placement.
WARNING: [Route 35-198] Port "ap_rst_n" does not have an associated HD.PARTPIN_LOCS, which will prevent the partial routing of the signal "ap_rst_n". Without this partial route, timing analysis to/from this port will not be accurate, and no routing information for this port can be exported.
WARNING: [Route 35-198] Port "s_axis_0_tvalid" does not have an associated HD.PARTPIN_LOCS, which will prevent the partial routing of the signal "s_axis_0_tvalid". Without this partial route, timing analysis to/from this port will not be accurate, and no routing information for this port can be exported.
WARNING: [Route 35-198] Port "s_axis_0_tdata[1]" does not have an associated HD.PARTPIN_LOCS, which will prevent the partial routing of the signal "s_axis_0_tdata[1]". Without this partial route, timing analysis to/from this port will not be accurate, and no routing information for this port can be exported.
WARNING: [Route 35-198] Port "s_axis_0_tdata[3]" does not have an associated HD.PARTPIN_LOCS, which will prevent the partial routing of the signal "s_axis_0_tdata[3]". Without this partial route, timing analysis to/from this port will not be accurate, and no routing information for this port can be exported.
WARNING: [Route 35-198] Port "s_axis_0_tdata[7]" does not have an associated HD.PARTPIN_LOCS, which will prevent the partial routing of the signal "s_axis_0_tdata[7]". Without this partial route, timing analysis to/from this port will not be accurate, and no routing information for this port can be exported.
WARNING: [Route 35-198] Port "s_axis_0_tdata[8]" does not have an associated HD.PARTPIN_LOCS, which will prevent the partial routing of the signal "s_axis_0_tdata[8]". Without this partial route, timing analysis to/from this port will not be accurate, and no routing information for this port can be exported.
WARNING: [Route 35-198] Port "s_axis_0_tdata[2]" does not have an associated HD.PARTPIN_LOCS, which will prevent the partial routing of the signal "s_axis_0_tdata[2]". Without this partial route, timing analysis to/from this port will not be accurate, and no routing information for this port can be exported.
WARNING: [Route 35-198] Port "s_axis_0_tdata[4]" does not have an associated HD.PARTPIN_LOCS, which will prevent the partial routing of the signal "s_axis_0_tdata[4]". Without this partial route, timing analysis to/from this port will not be accurate, and no routing information for this port can be exported.
WARNING: [Route 35-198] Port "s_axis_0_tdata[5]" does not have an associated HD.PARTPIN_LOCS, which will prevent the partial routing of the signal "s_axis_0_tdata[5]". Without this partial route, timing analysis to/from this port will not be accurate, and no routing information for this port can be exported.
WARNING: [Route 35-198] Port "s_axis_0_tdata[6]" does not have an associated HD.PARTPIN_LOCS, which will prevent the partial routing of the signal "s_axis_0_tdata[6]". Without this partial route, timing analysis to/from this port will not be accurate, and no routing information for this port can be exported.
WARNING: [Route 35-198] Port "s_axis_0_tdata[0]" does not have an associated HD.PARTPIN_LOCS, which will prevent the partial routing of the signal "s_axis_0_tdata[0]". Without this partial route, timing analysis to/from this port will not be accurate, and no routing information for this port can be exported.
WARNING: [Route 35-198] Port "m_axis_0_tready" does not have an associated HD.PARTPIN_LOCS, which will prevent the partial routing of the signal "m_axis_0_tready". Without this partial route, timing analysis to/from this port will not be accurate, and no routing information for this port can be exported.
Post Restoration Checksum: NetGraph: 85e191e9 NumContArr: b77d806a Constraints: 0 Timing: 0
Phase 1 Build RT Design | Checksum: 13d5f1253

Time (s): cpu = 00:01:08 ; elapsed = 00:00:15 . Memory (MB): peak = 5161.863 ; gain = 0.000 ; free physical = 65141 ; free virtual = 90366

Phase 2 Router Initialization

Phase 2.1 Fix Topology Constraints
Phase 2.1 Fix Topology Constraints | Checksum: 13d5f1253

Time (s): cpu = 00:01:09 ; elapsed = 00:00:16 . Memory (MB): peak = 5161.863 ; gain = 0.000 ; free physical = 65084 ; free virtual = 90309

Phase 2.2 Pre Route Cleanup
Phase 2.2 Pre Route Cleanup | Checksum: 13d5f1253

Time (s): cpu = 00:01:09 ; elapsed = 00:00:16 . Memory (MB): peak = 5161.863 ; gain = 0.000 ; free physical = 65083 ; free virtual = 90308

Phase 2.3 Global Clock Net Routing
Phase 2.3 Global Clock Net Routing | Checksum: 13d5f1253

Time (s): cpu = 00:01:12 ; elapsed = 00:00:17 . Memory (MB): peak = 5161.863 ; gain = 0.000 ; free physical = 64965 ; free virtual = 90190

Phase 2.4 Update Timing
Phase 2.4 Update Timing | Checksum: 21e8dde84

Time (s): cpu = 00:01:35 ; elapsed = 00:00:25 . Memory (MB): peak = 5161.863 ; gain = 0.000 ; free physical = 64984 ; free virtual = 90209
INFO: [Route 35-416] Intermediate Timing Summary | WNS=4.015  | TNS=0.000  | WHS=-0.025 | THS=-0.471 |


Router Utilization Summary
  Global Vertical Routing Utilization    = 0 %
  Global Horizontal Routing Utilization  = 0 %
  Routable Net Status*
  *Does not include unroutable nets such as driverless and loadless.
  Run report_route_status for detailed report.
  Number of Failed Nets               = 59676
    (Failed Nets is the sum of unrouted and partially routed nets)
  Number of Unrouted Nets             = 48437
  Number of Partially Routed Nets     = 11239
  Number of Node Overlaps             = 0

Phase 2 Router Initialization | Checksum: 1c3c599fa

Time (s): cpu = 00:02:14 ; elapsed = 00:00:39 . Memory (MB): peak = 5161.863 ; gain = 0.000 ; free physical = 65004 ; free virtual = 90229

Phase 3 Initial Routing

Phase 3.1 Global Routing
Phase 3.1 Global Routing | Checksum: 1c3c599fa

Time (s): cpu = 00:02:14 ; elapsed = 00:00:39 . Memory (MB): peak = 5161.863 ; gain = 0.000 ; free physical = 65004 ; free virtual = 90229
Phase 3 Initial Routing | Checksum: 20f9c955e

Time (s): cpu = 00:02:43 ; elapsed = 00:00:48 . Memory (MB): peak = 5182.125 ; gain = 20.262 ; free physical = 64943 ; free virtual = 90245

Phase 4 Rip-up And Reroute

Phase 4.1 Global Iteration 0
 Number of Nodes with overlaps = 11259
 Number of Nodes with overlaps = 588
 Number of Nodes with overlaps = 28
 Number of Nodes with overlaps = 6
 Number of Nodes with overlaps = 2
 Number of Nodes with overlaps = 1
 Number of Nodes with overlaps = 0
INFO: [Route 35-416] Intermediate Timing Summary | WNS=3.421  | TNS=0.000  | WHS=0.014  | THS=0.000  |

Phase 4.1 Global Iteration 0 | Checksum: 2ce2a8d4

Time (s): cpu = 00:04:53 ; elapsed = 00:01:51 . Memory (MB): peak = 5182.125 ; gain = 20.262 ; free physical = 67384 ; free virtual = 92647

Phase 4.2 Additional Iteration for Hold
Phase 4.2 Additional Iteration for Hold | Checksum: 3191f6cb

Time (s): cpu = 00:04:54 ; elapsed = 00:01:51 . Memory (MB): peak = 5182.125 ; gain = 20.262 ; free physical = 67384 ; free virtual = 92647
Phase 4 Rip-up And Reroute | Checksum: 3191f6cb

Time (s): cpu = 00:04:54 ; elapsed = 00:01:52 . Memory (MB): peak = 5182.125 ; gain = 20.262 ; free physical = 67384 ; free virtual = 92647

Phase 5 Delay and Skew Optimization

Phase 5.1 Delay CleanUp
Phase 5.1 Delay CleanUp | Checksum: 3191f6cb

Time (s): cpu = 00:04:55 ; elapsed = 00:01:52 . Memory (MB): peak = 5182.125 ; gain = 20.262 ; free physical = 67384 ; free virtual = 92647

Phase 5.2 Clock Skew Optimization
Phase 5.2 Clock Skew Optimization | Checksum: 3191f6cb

Time (s): cpu = 00:04:55 ; elapsed = 00:01:52 . Memory (MB): peak = 5182.125 ; gain = 20.262 ; free physical = 67384 ; free virtual = 92647
Phase 5 Delay and Skew Optimization | Checksum: 3191f6cb

Time (s): cpu = 00:04:55 ; elapsed = 00:01:52 . Memory (MB): peak = 5182.125 ; gain = 20.262 ; free physical = 67384 ; free virtual = 92647

Phase 6 Post Hold Fix

Phase 6.1 Hold Fix Iter

Phase 6.1.1 Update Timing
Phase 6.1.1 Update Timing | Checksum: 7118c197

Time (s): cpu = 00:05:14 ; elapsed = 00:01:59 . Memory (MB): peak = 5182.125 ; gain = 20.262 ; free physical = 67266 ; free virtual = 92529
INFO: [Route 35-416] Intermediate Timing Summary | WNS=3.421  | TNS=0.000  | WHS=0.014  | THS=0.000  |

Phase 6.1 Hold Fix Iter | Checksum: 7118c197

Time (s): cpu = 00:05:14 ; elapsed = 00:01:59 . Memory (MB): peak = 5182.125 ; gain = 20.262 ; free physical = 67263 ; free virtual = 92526
Phase 6 Post Hold Fix | Checksum: 7118c197

Time (s): cpu = 00:05:14 ; elapsed = 00:01:59 . Memory (MB): peak = 5182.125 ; gain = 20.262 ; free physical = 67263 ; free virtual = 92526

Phase 7 Route finalize

Router Utilization Summary
  Global Vertical Routing Utilization    = 3.69448 %
  Global Horizontal Routing Utilization  = 3.67904 %
  Routable Net Status*
  *Does not include unroutable nets such as driverless and loadless.
  Run report_route_status for detailed report.
  Number of Failed Nets               = 0
    (Failed Nets is the sum of unrouted and partially routed nets)
  Number of Unrouted Nets             = 0
  Number of Partially Routed Nets     = 0
  Number of Node Overlaps             = 0

Phase 7 Route finalize | Checksum: 70e58f4d

Time (s): cpu = 00:05:16 ; elapsed = 00:02:00 . Memory (MB): peak = 5182.125 ; gain = 20.262 ; free physical = 67233 ; free virtual = 92497

Phase 8 Verifying routed nets

 Verification completed successfully
Phase 8 Verifying routed nets | Checksum: 70e58f4d

Time (s): cpu = 00:05:16 ; elapsed = 00:02:00 . Memory (MB): peak = 5182.125 ; gain = 20.262 ; free physical = 67207 ; free virtual = 92470

Phase 9 Depositing Routes
Phase 9 Depositing Routes | Checksum: 70e58f4d

Time (s): cpu = 00:05:22 ; elapsed = 00:02:04 . Memory (MB): peak = 5198.133 ; gain = 36.270 ; free physical = 66902 ; free virtual = 92165

Phase 10 Resolve XTalk
Phase 10 Resolve XTalk | Checksum: 70e58f4d

Time (s): cpu = 00:05:22 ; elapsed = 00:02:05 . Memory (MB): peak = 5198.133 ; gain = 36.270 ; free physical = 66901 ; free virtual = 92164

Phase 11 Post Router Timing
INFO: [Route 35-57] Estimated Timing Summary | WNS=3.421  | TNS=0.000  | WHS=0.014  | THS=0.000  |

INFO: [Route 35-327] The final timing numbers are based on the router estimated timing analysis. For a complete and accurate timing signoff, please run report_timing_summary.
Phase 11 Post Router Timing | Checksum: 70e58f4d

Time (s): cpu = 00:05:28 ; elapsed = 00:02:06 . Memory (MB): peak = 5198.133 ; gain = 36.270 ; free physical = 66908 ; free virtual = 92172
INFO: [Route 35-16] Router Completed Successfully

Time (s): cpu = 00:05:28 ; elapsed = 00:02:06 . Memory (MB): peak = 5198.133 ; gain = 36.270 ; free physical = 66999 ; free virtual = 92262

Routing Is Done.
INFO: [Common 17-83] Releasing license: Implementation
104 Infos, 14 Warnings, 0 Critical Warnings and 0 Errors encountered.
route_design completed successfully
route_design: Time (s): cpu = 00:05:38 ; elapsed = 00:02:10 . Memory (MB): peak = 5198.133 ; gain = 36.270 ; free physical = 67001 ; free virtual = 92264
INFO: [Timing 38-480] Writing timing data to binary archive.
Writing XDEF routing.
Writing XDEF routing logical nets.
Writing XDEF routing special nets.
Write XDEF Complete: Time (s): cpu = 00:00:13 ; elapsed = 00:00:06 . Memory (MB): peak = 5198.133 ; gain = 0.000 ; free physical = 66913 ; free virtual = 92294
INFO: [Common 17-1381] The checkpoint '/home/thelegendiv/finn/notebooks/enet/finn_build_tmp/synth_out_of_context_g9h37tuq/results_finn_design_wrapper/vivadocompile/vivadocompile.runs/impl_1/finn_design_wrapper_routed.dcp' has been generated.
write_checkpoint: Time (s): cpu = 00:00:29 ; elapsed = 00:00:14 . Memory (MB): peak = 5206.137 ; gain = 8.004 ; free physical = 66801 ; free virtual = 92098
INFO: [runtcl-4] Executing : report_drc -file finn_design_wrapper_drc_routed.rpt -pb finn_design_wrapper_drc_routed.pb -rpx finn_design_wrapper_drc_routed.rpx
Command: report_drc -file finn_design_wrapper_drc_routed.rpt -pb finn_design_wrapper_drc_routed.pb -rpx finn_design_wrapper_drc_routed.rpx
INFO: [IP_Flow 19-1839] IP Catalog is up to date.
INFO: [DRC 23-27] Running DRC with 8 threads
INFO: [Vivado_Tcl 2-168] The results of DRC are in file /home/thelegendiv/finn/notebooks/enet/finn_build_tmp/synth_out_of_context_g9h37tuq/results_finn_design_wrapper/vivadocompile/vivadocompile.runs/impl_1/finn_design_wrapper_drc_routed.rpt.
report_drc completed successfully
report_drc: Time (s): cpu = 00:00:14 ; elapsed = 00:00:06 . Memory (MB): peak = 5221.078 ; gain = 14.941 ; free physical = 66704 ; free virtual = 92001
INFO: [runtcl-4] Executing : report_methodology -file finn_design_wrapper_methodology_drc_routed.rpt -pb finn_design_wrapper_methodology_drc_routed.pb -rpx finn_design_wrapper_methodology_drc_routed.rpx
Command: report_methodology -file finn_design_wrapper_methodology_drc_routed.rpt -pb finn_design_wrapper_methodology_drc_routed.pb -rpx finn_design_wrapper_methodology_drc_routed.rpx
INFO: [Timing 38-35] Done setting XDC timing constraints.
WARNING: [Timing 38-242] The property HD.CLK_SRC of clock port "ap_clk" is not set. In out-of-context mode, this prevents timing estimation for clock delay/skew
Resolution: Set the HD.CLK_SRC property of the out-of-context port to the location of the clock buffer instance in the top-level design
INFO: [DRC 23-133] Running Methodology with 8 threads
INFO: [Vivado_Tcl 2-1520] The results of Report Methodology are in file /home/thelegendiv/finn/notebooks/enet/finn_build_tmp/synth_out_of_context_g9h37tuq/results_finn_design_wrapper/vivadocompile/vivadocompile.runs/impl_1/finn_design_wrapper_methodology_drc_routed.rpt.
report_methodology completed successfully
report_methodology: Time (s): cpu = 00:01:11 ; elapsed = 00:00:16 . Memory (MB): peak = 5221.078 ; gain = 0.000 ; free physical = 66612 ; free virtual = 91910
INFO: [runtcl-4] Executing : report_power -file finn_design_wrapper_power_routed.rpt -pb finn_design_wrapper_power_summary_routed.pb -rpx finn_design_wrapper_power_routed.rpx
Command: report_power -file finn_design_wrapper_power_routed.rpt -pb finn_design_wrapper_power_summary_routed.pb -rpx finn_design_wrapper_power_routed.rpx
INFO: [Timing 38-35] Done setting XDC timing constraints.
Running Vector-less Activity Propagation...

Finished Running Vector-less Activity Propagation
116 Infos, 15 Warnings, 0 Critical Warnings and 0 Errors encountered.
report_power completed successfully
report_power: Time (s): cpu = 00:00:35 ; elapsed = 00:00:13 . Memory (MB): peak = 5245.090 ; gain = 24.012 ; free physical = 68642 ; free virtual = 93950
INFO: [runtcl-4] Executing : report_route_status -file finn_design_wrapper_route_status.rpt -pb finn_design_wrapper_route_status.pb
INFO: [runtcl-4] Executing : report_timing_summary -max_paths 10 -report_unconstrained -file finn_design_wrapper_timing_summary_routed.rpt -pb finn_design_wrapper_timing_summary_routed.pb -rpx finn_design_wrapper_timing_summary_routed.rpx -warn_on_violation 
INFO: [Timing 38-91] UpdateTimingParams: Speed grade: -2, Temperature grade: E, Delay Type: min_max.
INFO: [Timing 38-191] Multithreading enabled for timing update using a maximum of 8 CPUs
INFO: [runtcl-4] Executing : report_incremental_reuse -file finn_design_wrapper_incremental_reuse_routed.rpt
INFO: [Vivado_Tcl 4-1062] Incremental flow is disabled. No incremental reuse Info to report.
INFO: [runtcl-4] Executing : report_clock_utilization -file finn_design_wrapper_clock_utilization_routed.rpt
INFO: [runtcl-4] Executing : report_bus_skew -warn_on_violation -file finn_design_wrapper_bus_skew_routed.rpt -pb finn_design_wrapper_bus_skew_routed.pb -rpx finn_design_wrapper_bus_skew_routed.rpx
INFO: [Timing 38-91] UpdateTimingParams: Speed grade: -2, Temperature grade: E, Delay Type: min_max.
INFO: [Timing 38-191] Multithreading enabled for timing update using a maximum of 8 CPUs
INFO: [Common 17-206] Exiting Vivado at Wed Sep 30 11:04:06 2026...
[Wed Sep 30 11:04:11 2026] impl_1 finished
wait_on_runs: Time (s): cpu = 00:05:49 ; elapsed = 00:15:13 . Memory (MB): peak = 1257.230 ; gain = 0.000 ; free physical = 71791 ; free virtual = 97099
# open_run impl_1
INFO: [Device 21-403] Loading part xczu7ev-ffvc1156-2-e
Netlist sorting complete. Time (s): cpu = 00:00:00.42 ; elapsed = 00:00:00.42 . Memory (MB): peak = 2321.652 ; gain = 0.000 ; free physical = 71439 ; free virtual = 96747
INFO: [Netlist 29-17] Analyzing 8057 Unisim elements for replacement
INFO: [Netlist 29-28] Unisim Transformation completed in 6 CPU seconds
INFO: [Project 1-479] Netlist was created with Vivado 2022.2
INFO: [Project 1-570] Preparing netlist for logic optimization
INFO: [Timing 38-478] Restoring timing data from binary archive.
INFO: [Timing 38-479] Binary timing data restore complete.
INFO: [Project 1-856] Restoring constraints from binary archive.
INFO: [Project 1-853] Binary constraint restore complete.
Reading XDEF placement.
Reading placer database...
Reading XDEF routing.
Read XDEF Files: Time (s): cpu = 00:00:06 ; elapsed = 00:00:06 . Memory (MB): peak = 3108.699 ; gain = 86.000 ; free physical = 70819 ; free virtual = 96127
Restored from archive | CPU: 5.880000 secs | Memory: 94.878242 MB |
Finished XDEF File Restore: Time (s): cpu = 00:00:06 ; elapsed = 00:00:06 . Memory (MB): peak = 3108.699 ; gain = 86.000 ; free physical = 70819 ; free virtual = 96127
Netlist sorting complete. Time (s): cpu = 00:00:00.01 ; elapsed = 00:00:00.01 . Memory (MB): peak = 3499.184 ; gain = 0.000 ; free physical = 70474 ; free virtual = 95783
INFO: [Project 1-111] Unisim Transformation Summary:
  A total of 2405 instances were transformed.
  DSP48E1 => DSP48E2 (inverted pins: OPMODE[5], RSTD, RSTM, RSTP) (DSP_ALU, DSP_A_B_DATA, DSP_C_DATA, DSP_MULTIPLIER, DSP_M_DATA, DSP_OUTPUT, DSP_PREADD, DSP_PREADD_DATA): 48 instances
  DSP48E2 => DSP48E2 (inverted pins: OPMODE[5], OPMODE[2], OPMODE[0], RSTD, RSTM, RSTP) (DSP_ALU, DSP_A_B_DATA, DSP_C_DATA, DSP_MULTIPLIER, DSP_M_DATA, DSP_OUTPUT, DSP_PREADD, DSP_PREADD_DATA): 5 instances
  LUT6_2 => LUT6_2 (LUT5, LUT6): 52 instances
  RAM128X1S => RAM128X1S (MUXF7, RAMS64E(x2)): 40 instances
  RAM16X1S => RAM32X1S (RAMS32): 496 instances
  RAM256X1S => RAM256X1S (MUXF7(x2), MUXF8, RAMS64E(x4)): 36 instances
  RAM32M => RAM32M (RAMD32(x6), RAMS32(x2)): 3 instances
  RAM32M16 => RAM32M16 (RAMD32(x14), RAMS32(x2)): 10 instances
  RAM32X1S => RAM32X1S (RAMS32): 128 instances
  RAM64M => RAM64M (RAMD64E(x4)): 1 instance 
  RAM64M8 => RAM64M8 (RAMD64E(x8)): 798 instances
  RAM64X1D => RAM64X1D (RAMD64E(x2)): 700 instances
  RAM64X1S => RAM64X1S (RAMS64E): 88 instances

open_run: Time (s): cpu = 00:00:37 ; elapsed = 00:00:39 . Memory (MB): peak = 3499.184 ; gain = 2241.953 ; free physical = 70474 ; free virtual = 95783
# report_utilization
Copyright 1986-2022 Xilinx, Inc. All Rights Reserved.
------------------------------------------------------------------------------------
| Tool Version : Vivado v.2022.2 (lin64) Build 3671981 Fri Oct 14 04:59:54 MDT 2022
| Date         : Wed Sep 30 11:04:50 2026
| Host         : finn_dev_thelegendiv running 64-bit Ubuntu 22.04.1 LTS
| Command      : report_utilization
| Design       : finn_design_wrapper
| Device       : xczu7ev-ffvc1156-2-e
| Speed File   : -2
| Design State : Routed
------------------------------------------------------------------------------------

Utilization Design Information

Table of Contents
-----------------
1. CLB Logic
1.1 Summary of Registers by Type
2. CLB Logic Distribution
3. BLOCKRAM
4. ARITHMETIC
5. I/O
6. CLOCK
7. ADVANCED
8. CONFIGURATION
9. Primitives
10. Black Boxes
11. Instantiated Netlists

1. CLB Logic
------------

+----------------------------+-------+-------+------------+-----------+-------+
|          Site Type         |  Used | Fixed | Prohibited | Available | Util% |
+----------------------------+-------+-------+------------+-----------+-------+
| CLB LUTs                   | 38804 |     0 |          0 |    230400 | 16.84 |
|   LUT as Logic             | 26874 |     0 |          0 |    230400 | 11.66 |
|   LUT as Memory            | 11930 |     0 |          0 |    101760 | 11.72 |
|     LUT as Distributed RAM |  8504 |     0 |            |           |       |
|     LUT as Shift Register  |  3426 |     0 |            |           |       |
| CLB Registers              | 35745 |     0 |          0 |    460800 |  7.76 |
|   Register as Flip Flop    | 35745 |     0 |          0 |    460800 |  7.76 |
|   Register as Latch        |     0 |     0 |          0 |    460800 |  0.00 |
| CARRY8                     |   787 |     0 |          0 |     28800 |  2.73 |
| F7 Muxes                   |  3584 |     0 |          0 |    115200 |  3.11 |
| F8 Muxes                   |  1429 |     0 |          0 |     57600 |  2.48 |
| F9 Muxes                   |     0 |     0 |          0 |     28800 |  0.00 |
+----------------------------+-------+-------+------------+-----------+-------+
* Warning! LUT value is adjusted to account for LUT combining.


1.1 Summary of Registers by Type
--------------------------------

+-------+--------------+-------------+--------------+
| Total | Clock Enable | Synchronous | Asynchronous |
+-------+--------------+-------------+--------------+
| 0     |            _ |           - |            - |
| 0     |            _ |           - |          Set |
| 0     |            _ |           - |        Reset |
| 0     |            _ |         Set |            - |
| 0     |            _ |       Reset |            - |
| 0     |          Yes |           - |            - |
| 0     |          Yes |           - |          Set |
| 0     |          Yes |           - |        Reset |
| 1222  |          Yes |         Set |            - |
| 34523 |          Yes |       Reset |            - |
+-------+--------------+-------------+--------------+


2. CLB Logic Distribution
-------------------------

+--------------------------------------------+-------+-------+------------+-----------+-------+
|                  Site Type                 |  Used | Fixed | Prohibited | Available | Util% |
+--------------------------------------------+-------+-------+------------+-----------+-------+
| CLB                                        |  8563 |     0 |          0 |     28800 | 29.73 |
|   CLBL                                     |  4267 |     0 |            |           |       |
|   CLBM                                     |  4296 |     0 |            |           |       |
| LUT as Logic                               | 26874 |     0 |          0 |    230400 | 11.66 |
|   using O5 output only                     |  1463 |       |            |           |       |
|   using O6 output only                     | 21586 |       |            |           |       |
|   using O5 and O6                          |  3825 |       |            |           |       |
| LUT as Memory                              | 11930 |     0 |          0 |    101760 | 11.72 |
|   LUT as Distributed RAM                   |  8504 |     0 |            |           |       |
|     using O5 output only                   |     0 |       |            |           |       |
|     using O6 output only                   |  8100 |       |            |           |       |
|     using O5 and O6                        |   404 |       |            |           |       |
|   LUT as Shift Register                    |  3426 |     0 |            |           |       |
|     using O5 output only                   |     0 |       |            |           |       |
|     using O6 output only                   |  3426 |       |            |           |       |
|     using O5 and O6                        |     0 |       |            |           |       |
| CLB Registers                              | 35745 |     0 |          0 |    460800 |  7.76 |
|   Register driven from within the CLB      | 17519 |       |            |           |       |
|   Register driven from outside the CLB     | 18226 |       |            |           |       |
|     LUT in front of the register is unused | 14417 |       |            |           |       |
|     LUT in front of the register is used   |  3809 |       |            |           |       |
| Unique Control Sets                        |  1698 |       |          0 |     57600 |  2.95 |
+--------------------------------------------+-------+-------+------------+-----------+-------+
* * Note: Available Control Sets calculated as Slices * 2, Review the Control Sets Report for more information regarding control sets.


3. BLOCKRAM
-----------

+-------------------+------+-------+------------+-----------+-------+
|     Site Type     | Used | Fixed | Prohibited | Available | Util% |
+-------------------+------+-------+------------+-----------+-------+
| Block RAM Tile    |  305 |     0 |          0 |       312 | 97.76 |
|   RAMB36/FIFO*    |  258 |     0 |          0 |       312 | 82.69 |
|     RAMB36E2 only |  258 |       |            |           |       |
|   RAMB18          |   94 |     0 |          0 |       624 | 15.06 |
|     RAMB18E2 only |   94 |       |            |           |       |
| URAM              |    1 |     0 |          0 |        96 |  1.04 |
+-------------------+------+-------+------------+-----------+-------+
* Note: Each Block RAM Tile only has one FIFO logic available and therefore can accommodate only one FIFO36E2 or one FIFO18E2. However, if a FIFO18E2 occupies a Block RAM Tile, that tile can still accommodate a RAMB18E2


4. ARITHMETIC
-------------

+----------------+------+-------+------------+-----------+-------+
|    Site Type   | Used | Fixed | Prohibited | Available | Util% |
+----------------+------+-------+------------+-----------+-------+
| DSPs           |   53 |     0 |          0 |      1728 |  3.07 |
|   DSP48E2 only |   53 |       |            |           |       |
+----------------+------+-------+------------+-----------+-------+


5. I/O
------

+------------------+------+-------+------------+-----------+-------+
|     Site Type    | Used | Fixed | Prohibited | Available | Util% |
+------------------+------+-------+------------+-----------+-------+
| Bonded IOB       |    0 |     0 |          0 |       360 |  0.00 |
| HPIOB_M          |    0 |     0 |          0 |       144 |  0.00 |
| HPIOB_S          |    0 |     0 |          0 |       144 |  0.00 |
| HDIOB_M          |    0 |     0 |          0 |        24 |  0.00 |
| HDIOB_S          |    0 |     0 |          0 |        24 |  0.00 |
| HPIOB_SNGL       |    0 |     0 |          0 |        24 |  0.00 |
| HPIOBDIFFINBUF   |    0 |     0 |          0 |       192 |  0.00 |
| HPIOBDIFFOUTBUF  |    0 |     0 |          0 |       192 |  0.00 |
| HDIOBDIFFINBUF   |    0 |     0 |          0 |        48 |  0.00 |
| BITSLICE_CONTROL |    0 |     0 |          0 |        64 |  0.00 |
| BITSLICE_RX_TX   |    0 |     0 |          0 |      2496 |  0.00 |
| BITSLICE_TX      |    0 |     0 |          0 |        64 |  0.00 |
| RIU_OR           |    0 |     0 |          0 |        32 |  0.00 |
+------------------+------+-------+------------+-----------+-------+


6. CLOCK
--------

+----------------------+------+-------+------------+-----------+-------+
|       Site Type      | Used | Fixed | Prohibited | Available | Util% |
+----------------------+------+-------+------------+-----------+-------+
| GLOBAL CLOCK BUFFERs |    0 |     0 |          0 |       544 |  0.00 |
|   BUFGCE             |    0 |     0 |          0 |       208 |  0.00 |
|   BUFGCE_DIV         |    0 |     0 |          0 |        32 |  0.00 |
|   BUFG_GT            |    0 |     0 |          0 |       144 |  0.00 |
|   BUFG_PS            |    0 |     0 |          0 |        96 |  0.00 |
|   BUFGCTRL*          |    0 |     0 |          0 |        64 |  0.00 |
| PLL                  |    0 |     0 |          0 |        16 |  0.00 |
| MMCM                 |    0 |     0 |          0 |         8 |  0.00 |
+----------------------+------+-------+------------+-----------+-------+
* Note: Each used BUFGCTRL counts as two GLOBAL CLOCK BUFFERs. This table does not include global clocking resources, only buffer cell usage. See the Clock Utilization Report (report_clock_utilization) for detailed accounting of global clocking resource availability.


7. ADVANCED
-----------

+-----------------+------+-------+------------+-----------+-------+
|    Site Type    | Used | Fixed | Prohibited | Available | Util% |
+-----------------+------+-------+------------+-----------+-------+
| GTHE4_CHANNEL   |    0 |     0 |          0 |        20 |  0.00 |
| GTHE4_COMMON    |    0 |     0 |          0 |         5 |  0.00 |
| OBUFDS_GTE4     |    0 |     0 |          0 |        10 |  0.00 |
| OBUFDS_GTE4_ADV |    0 |     0 |          0 |        10 |  0.00 |
| PCIE40E4        |    0 |     0 |          0 |         2 |  0.00 |
| PS8             |    0 |     0 |          0 |         1 |  0.00 |
| SYSMONE4        |    0 |     0 |          0 |         1 |  0.00 |
| VCU             |    0 |     0 |          0 |         1 |  0.00 |
+-----------------+------+-------+------------+-----------+-------+


8. CONFIGURATION
----------------

+-------------+------+-------+------------+-----------+-------+
|  Site Type  | Used | Fixed | Prohibited | Available | Util% |
+-------------+------+-------+------------+-----------+-------+
| BSCANE2     |    0 |     0 |          0 |         4 |  0.00 |
| DNA_PORTE2  |    0 |     0 |          0 |         1 |  0.00 |
| EFUSE_USR   |    0 |     0 |          0 |         1 |  0.00 |
| FRAME_ECCE4 |    0 |     0 |          0 |         1 |  0.00 |
| ICAPE3      |    0 |     0 |          0 |         2 |  0.00 |
| MASTER_JTAG |    0 |     0 |          0 |         1 |  0.00 |
| STARTUPE3   |    0 |     0 |          0 |         1 |  0.00 |
+-------------+------+-------+------------+-----------+-------+


9. Primitives
-------------

+----------+-------+---------------------+
| Ref Name |  Used | Functional Category |
+----------+-------+---------------------+
| FDRE     | 34523 |            Register |
| LUT6     |  9279 |                 CLB |
| RAMD64E  |  7788 |                 CLB |
| LUT4     |  6862 |                 CLB |
| LUT5     |  5719 |                 CLB |
| LUT3     |  4816 |                 CLB |
| MUXF7    |  3584 |                 CLB |
| LUT2     |  3399 |                 CLB |
| SRLC32E  |  3312 |                 CLB |
| MUXF8    |  1429 |                 CLB |
| FDSE     |  1222 |            Register |
| CARRY8   |   787 |                 CLB |
| RAMS32   |   650 |                 CLB |
| LUT1     |   624 |                 CLB |
| RAMS64E  |   312 |                 CLB |
| RAMB36E2 |   258 |            BLOCKRAM |
| RAMD32   |   158 |                 CLB |
| SRL16E   |   114 |                 CLB |
| RAMB18E2 |    94 |            BLOCKRAM |
| DSP48E2  |    53 |          Arithmetic |
| URAM288  |     1 |            BLOCKRAM |
+----------+-------+---------------------+


10. Black Boxes
---------------

+----------+------+
| Ref Name | Used |
+----------+------+


11. Instantiated Netlists
-------------------------

+----------+------+
| Ref Name | Used |
+----------+------+


# report_timing
INFO: [Timing 38-91] UpdateTimingParams: Speed grade: -2, Temperature grade: E, Delay Type: max.
INFO: [Timing 38-191] Multithreading enabled for timing update using a maximum of 8 CPUs
WARNING: [Timing 38-242] The property HD.CLK_SRC of clock port "ap_clk" is not set. In out-of-context mode, this prevents timing estimation for clock delay/skew
Resolution: Set the HD.CLK_SRC property of the out-of-context port to the location of the clock buffer instance in the top-level design
INFO: [Timing 38-78] ReportTimingParams: -max_paths 1 -nworst 1 -delay_type max -sort_by slack.
Copyright 1986-2022 Xilinx, Inc. All Rights Reserved.
-----------------------------------------------------------------------------------------
| Tool Version      : Vivado v.2022.2 (lin64) Build 3671981 Fri Oct 14 04:59:54 MDT 2022
| Date              : Wed Sep 30 11:04:57 2026
| Host              : finn_dev_thelegendiv running 64-bit Ubuntu 22.04.1 LTS
| Command           : report_timing
| Design            : finn_design_wrapper
| Device            : xczu7ev-ffvc1156
| Speed File        : -2  PRODUCTION 1.30 05-15-2022
| Temperature Grade : E
-----------------------------------------------------------------------------------------

Timing Report

Slack (MET) :             3.420ns  (required time - arrival time)
  Source:                 finn_design_i/StreamingFIFO_rtl_19/fifo/inst/gen_fifo.xpm_fifo_axis_inst/xpm_fifo_base_inst/gen_fwft.gdvld_fwft.data_valid_fwft_reg/C
                            (rising edge-triggered cell FDRE clocked by ap_clk  {rise@0.000ns fall@5.000ns period=10.000ns})
  Destination:            finn_design_i/StreamingFIFO_rtl_18/fifo/inst/gen_fifo.xpm_fifo_axis_inst/xpm_fifo_base_inst/gen_sdpram.xpm_memory_base_inst/gen_wr_a.gen_word_narrow.mem_reg_bram_7/REGCEB
                            (rising edge-triggered cell RAMB36E2 clocked by ap_clk  {rise@0.000ns fall@5.000ns period=10.000ns})
  Path Group:             ap_clk
  Path Type:              Setup (Max at Slow Process Corner)
  Requirement:            10.000ns  (ap_clk rise@10.000ns - ap_clk rise@0.000ns)
  Data Path Delay:        6.324ns  (logic 0.443ns (7.005%)  route 5.881ns (92.995%))
  Logic Levels:           4  (LUT2=1 LUT4=1 LUT6=2)
  Clock Path Skew:        0.012ns (DCD - SCD + CPR)
    Destination Clock Delay (DCD):    0.040ns = ( 10.040 - 10.000 ) 
    Source Clock Delay      (SCD):    0.028ns
    Clock Pessimism Removal (CPR):    0.000ns
  Clock Uncertainty:      0.035ns  ((TSJ^2 + TIJ^2)^1/2 + DJ) / 2 + PE
    Total System Jitter     (TSJ):    0.071ns
    Total Input Jitter      (TIJ):    0.000ns
    Discrete Jitter          (DJ):    0.000ns
    Phase Error              (PE):    0.000ns

    Location             Delay type                Incr(ns)  Path(ns)    Netlist Resource(s)
  -------------------------------------------------------------------    -------------------
                         (clock ap_clk rise edge)     0.000     0.000 r  
                                                      0.000     0.000 r  ap_clk (IN)
                         net (fo=49032, unset)        0.028     0.028    finn_design_i/StreamingFIFO_rtl_19/fifo/inst/gen_fifo.xpm_fifo_axis_inst/xpm_fifo_base_inst/wr_clk
    SLICE_X51Y137        FDRE                                         r  finn_design_i/StreamingFIFO_rtl_19/fifo/inst/gen_fifo.xpm_fifo_axis_inst/xpm_fifo_base_inst/gen_fwft.gdvld_fwft.data_valid_fwft_reg/C
  -------------------------------------------------------------------    -------------------
    SLICE_X51Y137        FDRE (Prop_CFF_SLICEL_C_Q)
                                                      0.079     0.107 r  finn_design_i/StreamingFIFO_rtl_19/fifo/inst/gen_fifo.xpm_fifo_axis_inst/xpm_fifo_base_inst/gen_fwft.gdvld_fwft.data_valid_fwft_reg/Q
                         net (fo=4, routed)           1.779     1.886    finn_design_i/StreamingFIFO_rtl_19/fifo/inst/gen_fifo.xpm_fifo_axis_inst/m_axis_tvalid
    SLICE_X101Y137       LUT2 (Prop_D6LUT_SLICEL_I0_O)
                                                      0.099     1.985 r  finn_design_i/StreamingFIFO_rtl_19/fifo/inst/gen_fifo.xpm_fifo_axis_inst/xpm_fifo_base_inst_i_1/O
                         net (fo=8, routed)           1.591     3.576    finn_design_i/StreamingFIFO_rtl_19/fifo/inst/gen_fifo.xpm_fifo_axis_inst/xpm_fifo_base_inst/rdpp1_inst/rd_en
    SLICE_X51Y137        LUT6 (Prop_B6LUT_SLICEL_I2_O)
                                                      0.124     3.700 r  finn_design_i/StreamingFIFO_rtl_19/fifo/inst/gen_fifo.xpm_fifo_axis_inst/xpm_fifo_base_inst/rdpp1_inst/gen_sdpram.xpm_memory_base_inst_i_2/O
                         net (fo=50, routed)          0.431     4.131    finn_design_i/StreamingFIFO_rtl_19/fifo/inst/gen_fifo.xpm_fifo_axis_inst/xpm_fifo_base_inst/rdp_inst/count_value_i_reg[0]_0
    SLICE_X51Y163        LUT6 (Prop_H6LUT_SLICEL_I2_O)
                                                      0.090     4.221 f  finn_design_i/StreamingFIFO_rtl_19/fifo/inst/gen_fifo.xpm_fifo_axis_inst/xpm_fifo_base_inst/rdp_inst/gen_pntr_flags_cc.gen_full_rst_val.ram_full_i_i_1/O
                         net (fo=2, routed)           0.647     4.868    finn_design_i/StreamingFIFO_rtl_18/fifo/inst/gen_fifo.xpm_fifo_axis_inst/xpm_fifo_base_inst/gen_sdpram.xpm_memory_base_inst/pwropt_1
    SLICE_X64Y183        LUT4 (Prop_F6LUT_SLICEM_I1_O)
                                                      0.051     4.919 r  finn_design_i/StreamingFIFO_rtl_18/fifo/inst/gen_fifo.xpm_fifo_axis_inst/xpm_fifo_base_inst/gen_sdpram.xpm_memory_base_inst/gen_wr_a.gen_word_narrow.mem_reg_bram_7_REGCEB_cooolgate_en_gate_49/O
                         net (fo=1, routed)           1.432     6.352    finn_design_i/StreamingFIFO_rtl_18/fifo/inst/gen_fifo.xpm_fifo_axis_inst/xpm_fifo_base_inst/gen_sdpram.xpm_memory_base_inst/gen_wr_a.gen_word_narrow.mem_reg_bram_7_REGCEB_cooolgate_en_sig_25
    RAMB36_X2Y55         RAMB36E2                                     r  finn_design_i/StreamingFIFO_rtl_18/fifo/inst/gen_fifo.xpm_fifo_axis_inst/xpm_fifo_base_inst/gen_sdpram.xpm_memory_base_inst/gen_wr_a.gen_word_narrow.mem_reg_bram_7/REGCEB
  -------------------------------------------------------------------    -------------------

                         (clock ap_clk rise edge)    10.000    10.000 r  
                                                      0.000    10.000 r  ap_clk (IN)
                         net (fo=49032, unset)        0.040    10.040    finn_design_i/StreamingFIFO_rtl_18/fifo/inst/gen_fifo.xpm_fifo_axis_inst/xpm_fifo_base_inst/gen_sdpram.xpm_memory_base_inst/clka
    RAMB36_X2Y55         RAMB36E2                                     r  finn_design_i/StreamingFIFO_rtl_18/fifo/inst/gen_fifo.xpm_fifo_axis_inst/xpm_fifo_base_inst/gen_sdpram.xpm_memory_base_inst/gen_wr_a.gen_word_narrow.mem_reg_bram_7/CLKBWRCLK
                         clock pessimism              0.000    10.040    
                         clock uncertainty           -0.035    10.005    
    RAMB36_X2Y55         RAMB36E2 (Setup_RAMB36E2_RAMB36_CLKBWRCLK_REGCEB)
                                                     -0.233     9.772    finn_design_i/StreamingFIFO_rtl_18/fifo/inst/gen_fifo.xpm_fifo_axis_inst/xpm_fifo_base_inst/gen_sdpram.xpm_memory_base_inst/gen_wr_a.gen_word_narrow.mem_reg_bram_7
  -------------------------------------------------------------------
                         required time                          9.772    
                         arrival time                          -6.352    
  -------------------------------------------------------------------
                         slack                                  3.420    




report_timing: Time (s): cpu = 00:00:33 ; elapsed = 00:00:07 . Memory (MB): peak = 3649.383 ; gain = 150.199 ; free physical = 70476 ; free virtual = 95784
# report_power
Command: report_power
Running Vector-less Activity Propagation...

Finished Running Vector-less Activity Propagation
Copyright 1986-2022 Xilinx, Inc. All Rights Reserved.
----------------------------------------------------------------------------------------
| Tool Version     : Vivado v.2022.2 (lin64) Build 3671981 Fri Oct 14 04:59:54 MDT 2022
| Date             : Wed Sep 30 11:05:07 2026
| Host             : finn_dev_thelegendiv running 64-bit Ubuntu 22.04.1 LTS
| Command          : report_power
| Design           : finn_design_wrapper
| Device           : xczu7ev-ffvc1156-2-e
| Design State     : routed
| Grade            : extended
| Process          : typical
| Characterization : Production
----------------------------------------------------------------------------------------

Power Report

Table of Contents
-----------------
1. Summary
1.1 On-Chip Components
1.2 Power Supply Summary
1.3 Confidence Level
2. Settings
2.1 Environment
2.2 Clock Constraints
3. Detailed Reports
3.1 By Hierarchy

1. Summary
----------

+--------------------------+--------------+
| Total On-Chip Power (W)  | 1.187        |
| Design Power Budget (W)  | Unspecified* |
| Power Budget Margin (W)  | NA           |
| Dynamic (W)              | 0.590        |
| Device Static (W)        | 0.597        |
| Effective TJA (C/W)      | 1.0          |
| Max Ambient (C)          | 98.8         |
| Junction Temperature (C) | 26.2         |
| Confidence Level         | Medium       |
| Setting File             | ---          |
| Simulation Activity File | ---          |
| Design Nets Matched      | NA           |
+--------------------------+--------------+
* Specify Design Power Budget using, set_operating_conditions -design_power_budget <value in Watts>


1.1 On-Chip Components
----------------------

+--------------------------+-----------+----------+-----------+-----------------+
| On-Chip                  | Power (W) | Used     | Available | Utilization (%) |
+--------------------------+-----------+----------+-----------+-----------------+
| Clocks                   |     0.127 |        3 |       --- |             --- |
| CLB Logic                |     0.135 |    86016 |       --- |             --- |
|   LUT as Logic           |     0.079 |    26874 |    230400 |           11.66 |
|   LUT as Distributed RAM |     0.030 |     8504 |    101760 |            8.36 |
|   LUT as Shift Register  |     0.015 |     3426 |    101760 |            3.37 |
|   Register               |     0.010 |    35745 |    460800 |            7.76 |
|   CARRY8                 |     0.002 |      787 |     28800 |            2.73 |
|   Others                 |     0.000 |     1438 |       --- |             --- |
|   F7/F8 Muxes            |     0.000 |     5013 |    230400 |            2.18 |
| Signals                  |     0.115 |    59674 |       --- |             --- |
| Block RAM                |     0.202 |      305 |       312 |           97.76 |
| URAM                     |     0.003 |        1 |        96 |            1.04 |
| DSPs                     |     0.008 |       53 |      1728 |            3.07 |
| Static Power             |     0.597 |          |           |                 |
| Total                    |     1.187 |          |           |                 |
+--------------------------+-----------+----------+-----------+-----------------+


1.2 Power Supply Summary
------------------------

+-----------------+-------------+-----------+-------------+------------+-------------+-------------+------------+
| Source          | Voltage (V) | Total (A) | Dynamic (A) | Static (A) | Powerup (A) | Budget (A)  | Margin (A) |
+-----------------+-------------+-----------+-------------+------------+-------------+-------------+------------+
| Vccint          |       0.850 |     0.821 |       0.680 |      0.141 |       NA    | Unspecified | NA         |
| Vccint_io       |       0.850 |     0.070 |       0.000 |      0.070 |       NA    | Unspecified | NA         |
| Vccbram         |       0.850 |     0.016 |       0.014 |      0.002 |       NA    | Unspecified | NA         |
| Vccaux          |       1.800 |     0.148 |       0.000 |      0.148 |       NA    | Unspecified | NA         |
| Vccaux_io       |       1.800 |     0.055 |       0.000 |      0.055 |       NA    | Unspecified | NA         |
| Vcco33          |       3.300 |     0.000 |       0.000 |      0.000 |       NA    | Unspecified | NA         |
| Vcco25          |       2.500 |     0.000 |       0.000 |      0.000 |       NA    | Unspecified | NA         |
| Vcco18          |       1.800 |     0.000 |       0.000 |      0.000 |       NA    | Unspecified | NA         |
| Vcco15          |       1.500 |     0.000 |       0.000 |      0.000 |       NA    | Unspecified | NA         |
| Vcco135         |       1.350 |     0.000 |       0.000 |      0.000 |       NA    | Unspecified | NA         |
| Vcco12          |       1.200 |     0.000 |       0.000 |      0.000 |       NA    | Unspecified | NA         |
| Vcco10          |       1.000 |     0.000 |       0.000 |      0.000 |       NA    | Unspecified | NA         |
| Vccadc          |       1.800 |     0.008 |       0.000 |      0.008 |       NA    | Unspecified | NA         |
| VCC_PSINTFP     |       0.850 |     0.000 |       0.000 |      0.000 |       NA    | Unspecified | NA         |
| VCC_PSINTLP     |       0.850 |     0.005 |       0.000 |      0.005 |       NA    | Unspecified | NA         |
| VPS_MGTRAVCC    |       0.850 |     0.000 |       0.000 |      0.000 |       NA    | Unspecified | NA         |
| VCC_PSINTFP_DDR |       0.850 |     0.000 |       0.000 |      0.000 |       NA    | Unspecified | NA         |
| VCC_PSPLL       |       1.200 |     0.002 |       0.000 |      0.002 |       NA    | Unspecified | NA         |
| VPS_MGTRAVTT    |       1.800 |     0.000 |       0.000 |      0.000 |       NA    | Unspecified | NA         |
| VCCO_PSDDR_504  |       1.200 |     0.000 |       0.000 |      0.000 |       NA    | Unspecified | NA         |
| VCC_PSAUX       |       1.800 |     0.002 |       0.000 |      0.002 |       NA    | Unspecified | NA         |
| VCC_PSBATT      |       1.200 |     0.000 |       0.000 |      0.000 |       NA    | Unspecified | NA         |
| VCC_PSDDR_PLL   |       1.800 |     0.000 |       0.000 |      0.000 |       NA    | Unspecified | NA         |
| VCCO_PSIO0_500  |       3.300 |     0.000 |       0.000 |      0.000 |       NA    | Unspecified | NA         |
| VCCO_PSIO1_501  |       3.300 |     0.000 |       0.000 |      0.000 |       NA    | Unspecified | NA         |
| VCCO_PSIO2_502  |       3.300 |     0.000 |       0.000 |      0.000 |       NA    | Unspecified | NA         |
| VCCO_PSIO3_503  |       3.300 |     0.000 |       0.000 |      0.000 |       NA    | Unspecified | NA         |
| VCC_PSADC       |       1.800 |     0.002 |       0.000 |      0.002 |       NA    | Unspecified | NA         |
| VCCINT_VCU      |       0.900 |     0.025 |       0.000 |      0.025 |       NA    | Unspecified | NA         |
| MGTAVcc         |       0.900 |     0.000 |       0.000 |      0.000 |       NA    | Unspecified | NA         |
| MGTAVtt         |       1.200 |     0.000 |       0.000 |      0.000 |       NA    | Unspecified | NA         |
| MGTVccaux       |       1.800 |     0.000 |       0.000 |      0.000 |       NA    | Unspecified | NA         |
+-----------------+-------------+-----------+-------------+------------+-------------+-------------+------------+


1.3 Confidence Level
--------------------

+-----------------------------+------------+------------------------------------------------+------------------------------------------------------------------------------------------------------------+
| User Input Data             | Confidence | Details                                        | Action                                                                                                     |
+-----------------------------+------------+------------------------------------------------+------------------------------------------------------------------------------------------------------------+
| Design implementation state | High       | Design is routed                               |                                                                                                            |
| Clock nodes activity        | High       | User specified more than 95% of clocks         |                                                                                                            |
| I/O nodes activity          | High       | User specified more than 95% of inputs         |                                                                                                            |
| Internal nodes activity     | Medium     | User specified less than 25% of internal nodes | Provide missing internal nodes activity with simulation results or by editing the "By Resource Type" views |
| Device models               | High       | Device models are Production                   |                                                                                                            |
|                             |            |                                                |                                                                                                            |
| Overall confidence level    | Medium     |                                                |                                                                                                            |
+-----------------------------+------------+------------------------------------------------+------------------------------------------------------------------------------------------------------------+


2. Settings
-----------

2.1 Environment
---------------

+-----------------------+--------------------------+
| Ambient Temp (C)      | 25.0                     |
| ThetaJA (C/W)         | 1.0                      |
| Airflow (LFM)         | 250                      |
| Heat Sink             | medium (Medium Profile)  |
| ThetaSA (C/W)         | 1.5                      |
| Board Selection       | medium (10"x10")         |
| # of Board Layers     | 12to15 (12 to 15 Layers) |
| Board Temperature (C) | 25.0                     |
+-----------------------+--------------------------+


2.2 Clock Constraints
---------------------

+--------+--------+-----------------+
| Clock  | Domain | Constraint (ns) |
+--------+--------+-----------------+
| ap_clk | ap_clk |            10.0 |
+--------+--------+-----------------+


3. Detailed Reports
-------------------

3.1 By Hierarchy
----------------

+----------------------------------------+-----------+
| Name                                   | Power (W) |
+----------------------------------------+-----------+
| finn_design_wrapper                    |     0.590 |
|   finn_design_i                        |     0.571 |
|     ConvolutionInputGenerator_rtl_0    |     0.002 |
|       inst                             |     0.002 |
|     ConvolutionInputGenerator_rtl_1    |     0.006 |
|       inst                             |     0.006 |
|     ConvolutionInputGenerator_rtl_2    |     0.015 |
|       inst                             |     0.015 |
|     ConvolutionInputGenerator_rtl_3    |     0.013 |
|       inst                             |     0.011 |
|     ConvolutionInputGenerator_rtl_4    |     0.005 |
|       inst                             |     0.005 |
|     MVAU_rtl_0                         |     0.002 |
|       MVAU_rtl_0                       |     0.001 |
|     MVAU_rtl_1                         |     0.009 |
|       MVAU_rtl_1                       |     0.006 |
|       MVAU_rtl_1_wstrm                 |     0.003 |
|     MVAU_rtl_10                        |     0.004 |
|       MVAU_rtl_10                      |     0.003 |
|     MVAU_rtl_11                        |     0.014 |
|       MVAU_rtl_11                      |     0.011 |
|       MVAU_rtl_11_wstrm                |     0.003 |
|     MVAU_rtl_12                        |     0.002 |
|       MVAU_rtl_12                      |     0.001 |
|     MVAU_rtl_13                        |     0.010 |
|       MVAU_rtl_13                      |     0.006 |
|       MVAU_rtl_13_wstrm                |     0.004 |
|     MVAU_rtl_14                        |     0.001 |
|     MVAU_rtl_2                         |     0.011 |
|       MVAU_rtl_2                       |     0.009 |
|       MVAU_rtl_2_wstrm                 |     0.002 |
|     MVAU_rtl_3                         |     0.005 |
|       MVAU_rtl_3                       |     0.004 |
|     MVAU_rtl_4                         |     0.004 |
|       MVAU_rtl_4                       |     0.003 |
|       MVAU_rtl_4_wstrm                 |     0.002 |
|     MVAU_rtl_5                         |     0.011 |
|       MVAU_rtl_5                       |     0.010 |
|       MVAU_rtl_5_wstrm                 |     0.002 |
|     MVAU_rtl_6                         |     0.002 |
|       MVAU_rtl_6                       |     0.001 |
|     MVAU_rtl_7                         |     0.005 |
|       MVAU_rtl_7                       |     0.003 |
|       MVAU_rtl_7_wstrm                 |     0.001 |
|     MVAU_rtl_8                         |     0.009 |
|       MVAU_rtl_8                       |     0.007 |
|       MVAU_rtl_8_wstrm                 |     0.001 |
|     MVAU_rtl_9                         |     0.002 |
|       MVAU_rtl_9                       |     0.001 |
|     StreamingDataWidthConverter_rtl_10 |     0.003 |
|       inst                             |     0.003 |
|     StreamingDataWidthConverter_rtl_15 |     0.002 |
|       inst                             |     0.002 |
|     StreamingDataWidthConverter_rtl_19 |     0.003 |
|       inst                             |     0.003 |
|     StreamingDataWidthConverter_rtl_24 |     0.001 |
|       inst                             |     0.001 |
|     StreamingDataWidthConverter_rtl_4  |     0.002 |
|       inst                             |     0.002 |
|     StreamingDataWidthConverter_rtl_6  |     0.001 |
|       inst                             |     0.001 |
|     StreamingFIFO_rtl_103              |     0.003 |
|       fifo                             |     0.003 |
|     StreamingFIFO_rtl_104              |     0.001 |
|       fifo                             |     0.001 |
|     StreamingFIFO_rtl_105              |     0.002 |
|       fifo                             |     0.002 |
|     StreamingFIFO_rtl_107              |     0.001 |
|       fifo                             |     0.001 |
|     StreamingFIFO_rtl_117              |     0.003 |
|       fifo                             |     0.003 |
|     StreamingFIFO_rtl_119              |     0.003 |
|       fifo                             |     0.003 |
|     StreamingFIFO_rtl_12               |     0.001 |
|       fifo                             |     0.001 |
|     StreamingFIFO_rtl_120              |     0.003 |
|       fifo                             |     0.003 |
|     StreamingFIFO_rtl_121              |     0.004 |
|       fifo                             |     0.004 |
|     StreamingFIFO_rtl_122              |     0.003 |
|       fifo                             |     0.003 |
|     StreamingFIFO_rtl_123              |     0.002 |
|       fifo                             |     0.002 |
|     StreamingFIFO_rtl_124              |     0.004 |
|       inst                             |     0.004 |
|     StreamingFIFO_rtl_125              |     0.002 |
|       fifo                             |     0.002 |
|     StreamingFIFO_rtl_126              |     0.001 |
|       fifo                             |     0.001 |
|     StreamingFIFO_rtl_128              |     0.001 |
|       inst                             |     0.001 |
|     StreamingFIFO_rtl_129              |     0.003 |
|       fifo                             |     0.003 |
|     StreamingFIFO_rtl_13               |     0.003 |
|       fifo                             |     0.003 |
|     StreamingFIFO_rtl_130              |     0.003 |
|       fifo                             |     0.003 |
|     StreamingFIFO_rtl_131              |     0.003 |
|       fifo                             |     0.003 |
|     StreamingFIFO_rtl_132              |     0.003 |
|       fifo                             |     0.003 |
|     StreamingFIFO_rtl_133              |     0.003 |
|       fifo                             |     0.003 |
|     StreamingFIFO_rtl_134              |     0.003 |
|       fifo                             |     0.003 |
|     StreamingFIFO_rtl_135              |     0.003 |
|       fifo                             |     0.003 |
|     StreamingFIFO_rtl_136              |     0.003 |
|       fifo                             |     0.003 |
|     StreamingFIFO_rtl_137              |     0.003 |
|       fifo                             |     0.003 |
|     StreamingFIFO_rtl_140              |     0.003 |
|       inst                             |     0.003 |
|     StreamingFIFO_rtl_15               |     0.003 |
|       fifo                             |     0.003 |
|     StreamingFIFO_rtl_150              |     0.001 |
|       fifo                             |     0.001 |
|     StreamingFIFO_rtl_154              |     0.006 |
|       inst                             |     0.006 |
|     StreamingFIFO_rtl_155              |     0.002 |
|       fifo                             |     0.002 |
|     StreamingFIFO_rtl_156              |     0.001 |
|       fifo                             |     0.001 |
|     StreamingFIFO_rtl_16               |     0.003 |
|       fifo                             |     0.003 |
|     StreamingFIFO_rtl_17               |     0.003 |
|       fifo                             |     0.003 |
|     StreamingFIFO_rtl_18               |     0.004 |
|       fifo                             |     0.004 |
|     StreamingFIFO_rtl_19               |     0.004 |
|       fifo                             |     0.004 |
|     StreamingFIFO_rtl_2                |     0.003 |
|       fifo                             |     0.003 |
|     StreamingFIFO_rtl_21               |     0.003 |
|       fifo                             |     0.003 |
|     StreamingFIFO_rtl_22               |     0.003 |
|       fifo                             |     0.003 |
|     StreamingFIFO_rtl_25               |     0.006 |
|       inst                             |     0.006 |
|     StreamingFIFO_rtl_26               |     0.002 |
|       fifo                             |     0.002 |
|     StreamingFIFO_rtl_27               |     0.001 |
|       fifo                             |     0.001 |
|     StreamingFIFO_rtl_3                |     0.003 |
|       fifo                             |     0.003 |
|     StreamingFIFO_rtl_35               |     0.002 |
|       inst                             |     0.002 |
|     StreamingFIFO_rtl_4                |     0.002 |
|       fifo                             |     0.002 |
|     StreamingFIFO_rtl_44               |     0.001 |
|       inst                             |     0.001 |
|     StreamingFIFO_rtl_45               |     0.002 |
|       fifo                             |     0.002 |
|     StreamingFIFO_rtl_5                |     0.002 |
|       fifo                             |     0.002 |
|     StreamingFIFO_rtl_52               |     0.002 |
|       fifo                             |     0.002 |
|     StreamingFIFO_rtl_59               |     0.003 |
|       fifo                             |     0.003 |
|     StreamingFIFO_rtl_6                |     0.001 |
|       fifo                             |     0.001 |
|     StreamingFIFO_rtl_60               |     0.001 |
|       fifo                             |     0.001 |
|     StreamingFIFO_rtl_61               |     0.001 |
|       fifo                             |     0.001 |
|     StreamingFIFO_rtl_62               |     0.002 |
|       inst                             |     0.002 |
|     StreamingFIFO_rtl_65               |     0.002 |
|       inst                             |     0.002 |
|     StreamingFIFO_rtl_76               |     0.002 |
|       fifo                             |     0.002 |
|     StreamingFIFO_rtl_84               |     0.003 |
|       fifo                             |     0.003 |
|     StreamingFIFO_rtl_85               |     0.003 |
|       inst                             |     0.003 |
|     StreamingFIFO_rtl_86               |     0.002 |
|       fifo                             |     0.002 |
|     StreamingFIFO_rtl_90               |     0.002 |
|       fifo                             |     0.002 |
|     StreamingFIFO_rtl_96               |     0.002 |
|       inst                             |     0.002 |
|     Thresholding_rtl_0                 |     0.008 |
|       inst                             |     0.008 |
|     Thresholding_rtl_1                 |     0.004 |
|       inst                             |     0.004 |
|     Thresholding_rtl_10                |     0.010 |
|       inst                             |     0.008 |
|     Thresholding_rtl_11                |     0.012 |
|       inst                             |     0.010 |
|     Thresholding_rtl_12                |     0.002 |
|       inst                             |     0.002 |
|     Thresholding_rtl_13                |     0.003 |
|       inst                             |     0.003 |
|     Thresholding_rtl_14                |     0.006 |
|       inst                             |     0.006 |
|     Thresholding_rtl_15                |     0.009 |
|       inst                             |     0.008 |
|     Thresholding_rtl_16                |     0.001 |
|       inst                             |     0.001 |
|     Thresholding_rtl_17                |     0.011 |
|       inst                             |     0.008 |
|     Thresholding_rtl_18                |     0.004 |
|       inst                             |     0.004 |
|     Thresholding_rtl_19                |     0.002 |
|       inst                             |     0.002 |
|     Thresholding_rtl_2                 |     0.011 |
|       inst                             |     0.011 |
|     Thresholding_rtl_20                |     0.006 |
|       inst                             |     0.004 |
|     Thresholding_rtl_21                |     0.004 |
|       inst                             |     0.004 |
|     Thresholding_rtl_22                |     0.009 |
|       inst                             |     0.008 |
|     Thresholding_rtl_23                |     0.014 |
|       inst                             |     0.014 |
|     Thresholding_rtl_24                |     0.005 |
|       inst                             |     0.005 |
|     Thresholding_rtl_25                |     0.003 |
|       inst                             |     0.003 |
|     Thresholding_rtl_26                |     0.005 |
|       inst                             |     0.005 |
|     Thresholding_rtl_27                |     0.008 |
|       inst                             |     0.007 |
|     Thresholding_rtl_28                |     0.002 |
|       inst                             |     0.002 |
|     Thresholding_rtl_29                |     0.007 |
|       inst                             |     0.007 |
|     Thresholding_rtl_3                 |     0.009 |
|       inst                             |     0.008 |
|     Thresholding_rtl_4                 |     0.010 |
|       inst                             |     0.008 |
|     Thresholding_rtl_5                 |     0.012 |
|       inst                             |     0.010 |
|     Thresholding_rtl_6                 |     0.005 |
|       inst                             |     0.005 |
|     Thresholding_rtl_7                 |     0.004 |
|       inst                             |     0.004 |
|     Thresholding_rtl_8                 |     0.001 |
|       inst                             |     0.001 |
|     Thresholding_rtl_9                 |     0.005 |
|       inst                             |     0.004 |
+----------------------------------------+-----------+


0 Infos, 0 Warnings, 0 Critical Warnings and 0 Errors encountered.
report_power completed successfully
report_power: Time (s): cpu = 00:00:33 ; elapsed = 00:00:09 . Memory (MB): peak = 4091.348 ; gain = 441.965 ; free physical = 70448 ; free virtual = 95757
# set util [report_utilization -return_string]
# set util_lut [exec echo $util | grep LUT | head -n 1 | cut -d| -f3 | tr -d " "]
# set util_lutram [exec echo $util | grep LUT | head -n 3 | tail -1 | cut -d| -f3 | tr -d " "]
# set util_ff [llength [get_cells -hier -filter {PRIMITIVE_TYPE =~ *.F*E*}]]
WARNING: [Vivado 12-180] No cells matched 'get_cells -hier -filter {PRIMITIVE_GROUP == DSP}'.
# set util_dsp [llength [get_cells -hier -filter {PRIMITIVE_GROUP == DSP}]]
# set time_wns [get_property SLACK [get_timing_paths]]
# set util_bram18 [llength [get_cells -hier -filter {PRIMITIVE_TYPE =~ *RAMB18*}]]
# set util_bram36 [llength [get_cells -hier -filter {PRIMITIVE_TYPE =~ *RAMB36*}]]
# set util_carry [llength [get_cells -hier -filter {PRIMITIVE_TYPE =~ *CARRY*}]]
# set util_uram [llength [get_cells -hier -filter {PRIMITIVE_TYPE =~ *URAM*}]]
# set vivado_version [version -short]
# set vivado_build_no [exec echo $util | grep Build | head -n 1 | cut -d\  -f9]
# set util_bram [expr $util_bram18/2 + $util_bram36]
# puts "LUT: $util_lut FF: $util_ff DSP: $util_dsp BRAM: $util_bram"
LUT: 38804 FF: 35745 DSP: 0 BRAM: 305
# set fp [open res.txt w]
# puts $fp "LUT=$util_lut"
# puts $fp "LUTRAM=$util_lutram"
# puts $fp "FF=$util_ff"
# puts $fp "DSP=$util_dsp"
# puts $fp "BRAM=$util_bram"
# puts $fp "BRAM_18K=$util_bram18"
# puts $fp "BRAM_36K=$util_bram36"
# puts $fp "URAM=$util_uram"
# puts $fp "Carry=$util_carry"
# puts $fp "WNS=$time_wns"
# puts $fp "Delay=$time_wns"
# puts $fp "vivado_version=$vivado_version"
# puts $fp "vivado_build_no=$vivado_build_no"
# close $fp
# exit
INFO: [Common 17-206] Exiting Vivado at Wed Sep 30 11:05:10 2026...
cp: missing destination file operand after '.'
Try 'cp --help' for more information.
cp: missing destination file operand after '.'
Try 'cp --help' for more information.
cp: missing destination file operand after '.'
Try 'cp --help' for more information.
cat: finn_design_wrapper.xdc: input file is output file
['LUT', '38804']
['LUTRAM', '11930']
['FF', '35745']
['DSP', '0']
['BRAM', '305']
['BRAM_18K', '94']
['BRAM_36K', '258']
['URAM', '1']
['Carry', '787']
['WNS', '3.420']
['Delay', '3.420']
['vivado_version', '2022.2']
['vivado_build_no', '3671981']
['']
[baseline_both_off_milpfold] Done. Reports in finn_deployment_outputs/S12_dense_nearest_upsample_512_hwsweep_wm_baseline_both_off_milpfold_partition2_20260929_172638/report
