Copyright 1986-2022 Xilinx, Inc. All Rights Reserved.
--------------------------------------------------------------------------------------------------------
| Tool Version : Vivado v.2022.2 (lin64) Build 3671981 Fri Oct 14 04:59:54 MDT 2022
| Date         : Wed Sep 16 13:12:17 2026
| Host         : finn_dev_thelegendiv running 64-bit Ubuntu 22.04.1 LTS
| Command      : report_utilization -hierarchical -hierarchical_depth 4 -file /tmp/hier_partition_3.rpt
| Design       : GenericPartition_3_wrapper
| Device       : xczu7ev-ffvc1156-2-e
| Speed File   : -2
| Design State : Routed
--------------------------------------------------------------------------------------------------------

Utilization Design Information

Table of Contents
-----------------
1. Utilization by Hierarchy

1. Utilization by Hierarchy
---------------------------

+---------------------------------------------+----------------------------------------------------------+------------+------------+---------+------+-------+--------+--------+------+------------+
|                   Instance                  |                          Module                          | Total LUTs | Logic LUTs | LUTRAMs | SRLs |  FFs  | RAMB36 | RAMB18 | URAM | DSP Blocks |
+---------------------------------------------+----------------------------------------------------------+------------+------------+---------+------+-------+--------+--------+------+------------+
| GenericPartition_3_wrapper                  |                                                    (top) |     147322 |     144663 |    1052 | 1607 | 26566 |     18 |     40 |    0 |        254 |
|   (GenericPartition_3_wrapper)              |                                                    (top) |        591 |        591 |       0 |    0 |     0 |      0 |      0 |    0 |          0 |
|   GenericPartition_3_i                      |                                       GenericPartition_3 |     146731 |     144072 |    1052 | 1607 | 26566 |     18 |     40 |    0 |        254 |
|     (GenericPartition_3_i)                  |                                       GenericPartition_3 |         87 |         87 |       0 |    0 |     0 |      0 |      0 |    0 |          0 |
|     AddStreams_hls_0                        |                    GenericPartition_3_AddStreams_hls_0_0 |         63 |         63 |       0 |    0 |    88 |      0 |      0 |    0 |          0 |
|       inst                                  |                                         AddStreams_hls_0 |         63 |         63 |       0 |    0 |    88 |      0 |      0 |    0 |          0 |
|         (inst)                              |                                         AddStreams_hls_0 |          0 |          0 |       0 |    0 |    25 |      0 |      0 |    0 |          0 |
|         flow_control_loop_pipe_no_ap_cont_U |       AddStreams_hls_0_flow_control_loop_pipe_no_ap_cont |         27 |         27 |       0 |    0 |     1 |      0 |      0 |    0 |          0 |
|         regslice_both_in0_V_U               |                           AddStreams_hls_0_regslice_both |          4 |          4 |       0 |    0 |    20 |      0 |      0 |    0 |          0 |
|         regslice_both_in1_V_U               |                       AddStreams_hls_0_regslice_both_466 |         17 |         17 |       0 |    0 |    20 |      0 |      0 |    0 |          0 |
|         regslice_both_out_V_U               |           AddStreams_hls_0_regslice_both__parameterized0 |         16 |         16 |       0 |    0 |    22 |      0 |      0 |    0 |          0 |
|     AddStreams_hls_1                        |                    GenericPartition_3_AddStreams_hls_1_0 |         70 |         70 |       0 |    0 |    88 |      0 |      0 |    0 |          0 |
|       inst                                  |                                         AddStreams_hls_1 |         70 |         70 |       0 |    0 |    88 |      0 |      0 |    0 |          0 |
|         (inst)                              |                                         AddStreams_hls_1 |          0 |          0 |       0 |    0 |    25 |      0 |      0 |    0 |          0 |
|         flow_control_loop_pipe_no_ap_cont_U |       AddStreams_hls_1_flow_control_loop_pipe_no_ap_cont |         28 |         28 |       0 |    0 |     1 |      0 |      0 |    0 |          0 |
|         regslice_both_in0_V_U               |                           AddStreams_hls_1_regslice_both |          5 |          5 |       0 |    0 |    20 |      0 |      0 |    0 |          0 |
|         regslice_both_in1_V_U               |                       AddStreams_hls_1_regslice_both_465 |         16 |         16 |       0 |    0 |    20 |      0 |      0 |    0 |          0 |
|         regslice_both_out_V_U               |           AddStreams_hls_1_regslice_both__parameterized0 |         21 |         21 |       0 |    0 |    22 |      0 |      0 |    0 |          0 |
|     AddStreams_hls_2                        |                    GenericPartition_3_AddStreams_hls_2_0 |         69 |         69 |       0 |    0 |    88 |      0 |      0 |    0 |          0 |
|       inst                                  |                                         AddStreams_hls_2 |         69 |         69 |       0 |    0 |    88 |      0 |      0 |    0 |          0 |
|         (inst)                              |                                         AddStreams_hls_2 |          0 |          0 |       0 |    0 |    25 |      0 |      0 |    0 |          0 |
|         flow_control_loop_pipe_no_ap_cont_U |       AddStreams_hls_2_flow_control_loop_pipe_no_ap_cont |         27 |         27 |       0 |    0 |     1 |      0 |      0 |    0 |          0 |
|         regslice_both_in0_V_U               |                           AddStreams_hls_2_regslice_both |          5 |          5 |       0 |    0 |    20 |      0 |      0 |    0 |          0 |
|         regslice_both_in1_V_U               |                       AddStreams_hls_2_regslice_both_464 |         17 |         17 |       0 |    0 |    20 |      0 |      0 |    0 |          0 |
|         regslice_both_out_V_U               |           AddStreams_hls_2_regslice_both__parameterized0 |         21 |         21 |       0 |    0 |    22 |      0 |      0 |    0 |          0 |
|     AddStreams_hls_3                        |                    GenericPartition_3_AddStreams_hls_3_0 |         59 |         59 |       0 |    0 |    88 |      0 |      0 |    0 |          0 |
|       inst                                  |                                         AddStreams_hls_3 |         59 |         59 |       0 |    0 |    88 |      0 |      0 |    0 |          0 |
|         (inst)                              |                                         AddStreams_hls_3 |          0 |          0 |       0 |    0 |    25 |      0 |      0 |    0 |          0 |
|         flow_control_loop_pipe_no_ap_cont_U |       AddStreams_hls_3_flow_control_loop_pipe_no_ap_cont |         20 |         20 |       0 |    0 |     1 |      0 |      0 |    0 |          0 |
|         regslice_both_in0_V_U               |                           AddStreams_hls_3_regslice_both |          5 |          5 |       0 |    0 |    20 |      0 |      0 |    0 |          0 |
|         regslice_both_in1_V_U               |                       AddStreams_hls_3_regslice_both_463 |         17 |         17 |       0 |    0 |    20 |      0 |      0 |    0 |          0 |
|         regslice_both_out_V_U               |           AddStreams_hls_3_regslice_both__parameterized0 |         17 |         17 |       0 |    0 |    22 |      0 |      0 |    0 |          0 |
|     ConvolutionInputGenerator_rtl_0         |     GenericPartition_3_ConvolutionInputGenerator_rtl_0_0 |        270 |        198 |      72 |    0 |    87 |      0 |      0 |    0 |          0 |
|       inst                                  |                          ConvolutionInputGenerator_rtl_0 |        270 |        198 |      72 |    0 |    87 |      0 |      0 |    0 |          0 |
|         impl                                |                     ConvolutionInputGenerator_rtl_0_impl |        270 |        198 |      72 |    0 |    87 |      0 |      0 |    0 |          0 |
|     ConvolutionInputGenerator_rtl_1         |     GenericPartition_3_ConvolutionInputGenerator_rtl_1_0 |        187 |        171 |      16 |    0 |    79 |      0 |      0 |    0 |          0 |
|       inst                                  |                          ConvolutionInputGenerator_rtl_1 |        187 |        171 |      16 |    0 |    79 |      0 |      0 |    0 |          0 |
|         impl                                |                     ConvolutionInputGenerator_rtl_1_impl |        187 |        171 |      16 |    0 |    79 |      0 |      0 |    0 |          0 |
|     ConvolutionInputGenerator_rtl_2         |     GenericPartition_3_ConvolutionInputGenerator_rtl_2_0 |        374 |        238 |     136 |    0 |    92 |      0 |      0 |    0 |          0 |
|       inst                                  |                          ConvolutionInputGenerator_rtl_2 |        374 |        238 |     136 |    0 |    92 |      0 |      0 |    0 |          0 |
|         impl                                |                     ConvolutionInputGenerator_rtl_2_impl |        374 |        238 |     136 |    0 |    92 |      0 |      0 |    0 |          0 |
|     ConvolutionInputGenerator_rtl_3         |     GenericPartition_3_ConvolutionInputGenerator_rtl_3_0 |        204 |        180 |      24 |    0 |    86 |      0 |      0 |    0 |          0 |
|       inst                                  |                          ConvolutionInputGenerator_rtl_3 |        204 |        180 |      24 |    0 |    86 |      0 |      0 |    0 |          0 |
|         impl                                |                     ConvolutionInputGenerator_rtl_3_impl |        204 |        180 |      24 |    0 |    86 |      0 |      0 |    0 |          0 |
|     ConvolutionInputGenerator_rtl_4         |     GenericPartition_3_ConvolutionInputGenerator_rtl_4_0 |        537 |        273 |     264 |    0 |    97 |      0 |      0 |    0 |          0 |
|       inst                                  |                          ConvolutionInputGenerator_rtl_4 |        537 |        273 |     264 |    0 |    97 |      0 |      0 |    0 |          0 |
|         impl                                |                     ConvolutionInputGenerator_rtl_4_impl |        537 |        273 |     264 |    0 |    97 |      0 |      0 |    0 |          0 |
|     ConvolutionInputGenerator_rtl_5         |     GenericPartition_3_ConvolutionInputGenerator_rtl_5_0 |        234 |        194 |      40 |    0 |    89 |      0 |      0 |    0 |          0 |
|       (ConvolutionInputGenerator_rtl_5)     |     GenericPartition_3_ConvolutionInputGenerator_rtl_5_0 |         11 |         11 |       0 |    0 |     0 |      0 |      0 |    0 |          0 |
|       inst                                  |                          ConvolutionInputGenerator_rtl_5 |        224 |        184 |      40 |    0 |    89 |      0 |      0 |    0 |          0 |
|         impl                                |                     ConvolutionInputGenerator_rtl_5_impl |        224 |        184 |      40 |    0 |    89 |      0 |      0 |    0 |          0 |
|     ConvolutionInputGenerator_rtl_6         |     GenericPartition_3_ConvolutionInputGenerator_rtl_6_0 |        216 |        176 |      40 |    0 |    83 |      0 |      0 |    0 |          0 |
|       inst                                  |                          ConvolutionInputGenerator_rtl_6 |        216 |        176 |      40 |    0 |    83 |      0 |      0 |    0 |          0 |
|         impl                                |                     ConvolutionInputGenerator_rtl_6_impl |        216 |        176 |      40 |    0 |    83 |      0 |      0 |    0 |          0 |
|     ConvolutionInputGenerator_rtl_7         |     GenericPartition_3_ConvolutionInputGenerator_rtl_7_0 |        158 |        150 |       8 |    0 |    77 |      0 |      0 |    0 |          0 |
|       inst                                  |                          ConvolutionInputGenerator_rtl_7 |        158 |        150 |       8 |    0 |    77 |      0 |      0 |    0 |          0 |
|         impl                                |                     ConvolutionInputGenerator_rtl_7_impl |        158 |        150 |       8 |    0 |    77 |      0 |      0 |    0 |          0 |
|     DuplicateStreams_hls_0                  |              GenericPartition_3_DuplicateStreams_hls_0_0 |         67 |         67 |       0 |    0 |    71 |      0 |      0 |    0 |          0 |
|       inst                                  |                                   DuplicateStreams_hls_0 |         67 |         67 |       0 |    0 |    71 |      0 |      0 |    0 |          0 |
|         (inst)                              |                                   DuplicateStreams_hls_0 |          0 |          0 |       0 |    0 |    22 |      0 |      0 |    0 |          0 |
|         flow_control_loop_pipe_no_ap_cont_U | DuplicateStreams_hls_0_flow_control_loop_pipe_no_ap_cont |         24 |         24 |       0 |    0 |     1 |      0 |      0 |    0 |          0 |
|         regslice_both_in0_V_U               |                     DuplicateStreams_hls_0_regslice_both |         11 |         11 |       0 |    0 |    16 |      0 |      0 |    0 |          0 |
|         regslice_both_out0_V_U              |                 DuplicateStreams_hls_0_regslice_both_460 |         21 |         21 |       0 |    0 |    16 |      0 |      0 |    0 |          0 |
|         regslice_both_out1_V_U              |                 DuplicateStreams_hls_0_regslice_both_461 |         12 |         12 |       0 |    0 |    16 |      0 |      0 |    0 |          0 |
|     DuplicateStreams_hls_1                  |              GenericPartition_3_DuplicateStreams_hls_1_0 |         61 |         61 |       0 |    0 |    71 |      0 |      0 |    0 |          0 |
|       inst                                  |                                   DuplicateStreams_hls_1 |         61 |         61 |       0 |    0 |    71 |      0 |      0 |    0 |          0 |
|         (inst)                              |                                   DuplicateStreams_hls_1 |          0 |          0 |       0 |    0 |    22 |      0 |      0 |    0 |          0 |
|         flow_control_loop_pipe_no_ap_cont_U | DuplicateStreams_hls_1_flow_control_loop_pipe_no_ap_cont |         25 |         25 |       0 |    0 |     1 |      0 |      0 |    0 |          0 |
|         regslice_both_in0_V_U               |                     DuplicateStreams_hls_1_regslice_both |          9 |          9 |       0 |    0 |    16 |      0 |      0 |    0 |          0 |
|         regslice_both_out0_V_U              |                 DuplicateStreams_hls_1_regslice_both_458 |         19 |         19 |       0 |    0 |    16 |      0 |      0 |    0 |          0 |
|         regslice_both_out1_V_U              |                 DuplicateStreams_hls_1_regslice_both_459 |          8 |          8 |       0 |    0 |    16 |      0 |      0 |    0 |          0 |
|     DuplicateStreams_hls_2                  |              GenericPartition_3_DuplicateStreams_hls_2_0 |         63 |         63 |       0 |    0 |    71 |      0 |      0 |    0 |          0 |
|       inst                                  |                                   DuplicateStreams_hls_2 |         63 |         63 |       0 |    0 |    71 |      0 |      0 |    0 |          0 |
|         (inst)                              |                                   DuplicateStreams_hls_2 |          0 |          0 |       0 |    0 |    22 |      0 |      0 |    0 |          0 |
|         flow_control_loop_pipe_no_ap_cont_U | DuplicateStreams_hls_2_flow_control_loop_pipe_no_ap_cont |         25 |         25 |       0 |    0 |     1 |      0 |      0 |    0 |          0 |
|         regslice_both_in0_V_U               |                     DuplicateStreams_hls_2_regslice_both |         10 |         10 |       0 |    0 |    16 |      0 |      0 |    0 |          0 |
|         regslice_both_out0_V_U              |                 DuplicateStreams_hls_2_regslice_both_456 |         21 |         21 |       0 |    0 |    16 |      0 |      0 |    0 |          0 |
|         regslice_both_out1_V_U              |                 DuplicateStreams_hls_2_regslice_both_457 |          8 |          8 |       0 |    0 |    16 |      0 |      0 |    0 |          0 |
|     DuplicateStreams_hls_3                  |              GenericPartition_3_DuplicateStreams_hls_3_0 |         54 |         54 |       0 |    0 |    71 |      0 |      0 |    0 |          0 |
|       inst                                  |                                   DuplicateStreams_hls_3 |         54 |         54 |       0 |    0 |    71 |      0 |      0 |    0 |          0 |
|         (inst)                              |                                   DuplicateStreams_hls_3 |          0 |          0 |       0 |    0 |    22 |      0 |      0 |    0 |          0 |
|         flow_control_loop_pipe_no_ap_cont_U | DuplicateStreams_hls_3_flow_control_loop_pipe_no_ap_cont |         18 |         18 |       0 |    0 |     1 |      0 |      0 |    0 |          0 |
|         regslice_both_in0_V_U               |                     DuplicateStreams_hls_3_regslice_both |         11 |         11 |       0 |    0 |    16 |      0 |      0 |    0 |          0 |
|         regslice_both_out0_V_U              |                 DuplicateStreams_hls_3_regslice_both_454 |          9 |          9 |       0 |    0 |    16 |      0 |      0 |    0 |          0 |
|         regslice_both_out1_V_U              |                 DuplicateStreams_hls_3_regslice_both_455 |         17 |         17 |       0 |    0 |    16 |      0 |      0 |    0 |          0 |
|     FMPadding_rtl_0                         |                     GenericPartition_3_FMPadding_rtl_0_0 |         65 |         65 |       0 |    0 |   108 |      0 |      0 |    0 |          0 |
|       inst                                  |                                          FMPadding_rtl_0 |         65 |         65 |       0 |    0 |   108 |      0 |      0 |    0 |          0 |
|         impl                                |                                            fmpadding_axi |         65 |         65 |       0 |    0 |   108 |      0 |      0 |    0 |          0 |
|     FMPadding_rtl_1                         |                     GenericPartition_3_FMPadding_rtl_1_0 |         49 |         49 |       0 |    0 |    76 |      0 |      0 |    0 |          0 |
|       inst                                  |                                          FMPadding_rtl_1 |         49 |         49 |       0 |    0 |    76 |      0 |      0 |    0 |          0 |
|         impl                                |                            fmpadding_axi__parameterized0 |         49 |         49 |       0 |    0 |    76 |      0 |      0 |    0 |          0 |
|     FMPadding_rtl_2                         |                     GenericPartition_3_FMPadding_rtl_2_0 |         65 |         65 |       0 |    0 |   108 |      0 |      0 |    0 |          0 |
|       inst                                  |                                          FMPadding_rtl_2 |         65 |         65 |       0 |    0 |   108 |      0 |      0 |    0 |          0 |
|         impl                                |                            fmpadding_axi__parameterized1 |         65 |         65 |       0 |    0 |   108 |      0 |      0 |    0 |          0 |
|     FMPadding_rtl_3                         |                     GenericPartition_3_FMPadding_rtl_3_0 |         65 |         65 |       0 |    0 |   108 |      0 |      0 |    0 |          0 |
|       inst                                  |                                          FMPadding_rtl_3 |         65 |         65 |       0 |    0 |   108 |      0 |      0 |    0 |          0 |
|         impl                                |                            fmpadding_axi__parameterized2 |         65 |         65 |       0 |    0 |   108 |      0 |      0 |    0 |          0 |
|     FMPadding_rtl_4                         |                     GenericPartition_3_FMPadding_rtl_4_0 |         52 |         52 |       0 |    0 |    77 |      0 |      0 |    0 |          0 |
|       inst                                  |                                          FMPadding_rtl_4 |         52 |         52 |       0 |    0 |    77 |      0 |      0 |    0 |          0 |
|         impl                                |                            fmpadding_axi__parameterized3 |         52 |         52 |       0 |    0 |    77 |      0 |      0 |    0 |          0 |
|     FMPadding_rtl_5                         |                     GenericPartition_3_FMPadding_rtl_5_0 |         50 |         50 |       0 |    0 |    77 |      0 |      0 |    0 |          0 |
|       inst                                  |                                          FMPadding_rtl_5 |         50 |         50 |       0 |    0 |    77 |      0 |      0 |    0 |          0 |
|         impl                                |                            fmpadding_axi__parameterized4 |         50 |         50 |       0 |    0 |    77 |      0 |      0 |    0 |          0 |
|     FMPadding_rtl_6                         |                     GenericPartition_3_FMPadding_rtl_6_0 |         49 |         49 |       0 |    0 |    75 |      0 |      0 |    0 |          0 |
|       inst                                  |                                          FMPadding_rtl_6 |         49 |         49 |       0 |    0 |    75 |      0 |      0 |    0 |          0 |
|         impl                                |                            fmpadding_axi__parameterized5 |         49 |         49 |       0 |    0 |    75 |      0 |      0 |    0 |          0 |
|     FMPadding_rtl_7                         |                     GenericPartition_3_FMPadding_rtl_7_0 |         49 |         49 |       0 |    0 |    75 |      0 |      0 |    0 |          0 |
|       inst                                  |                                          FMPadding_rtl_7 |         49 |         49 |       0 |    0 |    75 |      0 |      0 |    0 |          0 |
|         impl                                |                            fmpadding_axi__parameterized6 |         49 |         49 |       0 |    0 |    75 |      0 |      0 |    0 |          0 |
|     MVAU_hls_0                              |                                   MVAU_hls_0_imp_13DG8BF |       1092 |       1060 |      32 |    0 |  1452 |      0 |      0 |    0 |         19 |
|       MVAU_hls_0                            |                          GenericPartition_3_MVAU_hls_0_0 |       1056 |       1056 |       0 |    0 |  1378 |      0 |      0 |    0 |         19 |
|         inst                                |                                               MVAU_hls_0 |       1056 |       1056 |       0 |    0 |  1378 |      0 |      0 |    0 |         19 |
|       MVAU_hls_0_wstrm                      |                    GenericPartition_3_MVAU_hls_0_wstrm_0 |         36 |          4 |      32 |    0 |    74 |      0 |      0 |    0 |          0 |
|         inst                                |                                    memstream_axi_wrapper |         36 |          4 |      32 |    0 |    74 |      0 |      0 |    0 |          0 |
|     MVAU_hls_1                              |                                    MVAU_hls_1_imp_OZ6S77 |       1045 |        997 |      48 |    0 |   798 |      0 |      0 |    0 |         16 |
|       MVAU_hls_1                            |                          GenericPartition_3_MVAU_hls_1_0 |        993 |        993 |       0 |    0 |   691 |      0 |      0 |    0 |         16 |
|         inst                                |                                               MVAU_hls_1 |        993 |        993 |       0 |    0 |   691 |      0 |      0 |    0 |         16 |
|       MVAU_hls_1_wstrm                      |                    GenericPartition_3_MVAU_hls_1_wstrm_0 |         52 |          4 |      48 |    0 |   107 |      0 |      0 |    0 |          0 |
|         inst                                |                    memstream_axi_wrapper__parameterized0 |         52 |          4 |      48 |    0 |   107 |      0 |      0 |    0 |          0 |
|     MVAU_hls_10                             |                                   MVAU_hls_10_imp_YDRCQ4 |       1185 |       1185 |       0 |    0 |   542 |      1 |      0 |    0 |         12 |
|       MVAU_hls_10                           |                         GenericPartition_3_MVAU_hls_10_0 |       1181 |       1181 |       0 |    0 |   532 |      0 |      0 |    0 |         12 |
|         inst                                |                                              MVAU_hls_10 |       1181 |       1181 |       0 |    0 |   532 |      0 |      0 |    0 |         12 |
|       MVAU_hls_10_wstrm                     |                   GenericPartition_3_MVAU_hls_10_wstrm_0 |          4 |          4 |       0 |    0 |    10 |      1 |      0 |    0 |          0 |
|         inst                                |                    memstream_axi_wrapper__parameterized1 |          4 |          4 |       0 |    0 |    10 |      1 |      0 |    0 |          0 |
|     MVAU_hls_11                             |                                  MVAU_hls_11_imp_1BQEPH0 |      28792 |      28792 |       0 |    0 |  1321 |      1 |      0 |    0 |         16 |
|       MVAU_hls_11                           |                         GenericPartition_3_MVAU_hls_11_0 |      28787 |      28787 |       0 |    0 |  1311 |      0 |      0 |    0 |         16 |
|         inst                                |                                              MVAU_hls_11 |      28787 |      28787 |       0 |    0 |  1311 |      0 |      0 |    0 |         16 |
|       MVAU_hls_11_wstrm                     |                   GenericPartition_3_MVAU_hls_11_wstrm_0 |          5 |          5 |       0 |    0 |    10 |      1 |      0 |    0 |          0 |
|         inst                                |                    memstream_axi_wrapper__parameterized2 |          5 |          5 |       0 |    0 |    10 |      1 |      0 |    0 |          0 |
|     MVAU_hls_12                             |                                   MVAU_hls_12_imp_49IIU5 |        715 |        667 |      48 |    0 |  1114 |      0 |      0 |    0 |         19 |
|       MVAU_hls_12                           |                         GenericPartition_3_MVAU_hls_12_0 |        663 |        663 |       0 |    0 |  1008 |      0 |      0 |    0 |         19 |
|         inst                                |                                              MVAU_hls_12 |        663 |        663 |       0 |    0 |  1008 |      0 |      0 |    0 |         19 |
|       MVAU_hls_12_wstrm                     |                   GenericPartition_3_MVAU_hls_12_wstrm_0 |         52 |          4 |      48 |    0 |   106 |      0 |      0 |    0 |          0 |
|         inst                                |                    memstream_axi_wrapper__parameterized3 |         52 |          4 |      48 |    0 |   106 |      0 |      0 |    0 |          0 |
|     MVAU_hls_13                             |                                  MVAU_hls_13_imp_1O4XND1 |       1246 |       1198 |      48 |    0 |   610 |      0 |      0 |    0 |         16 |
|       MVAU_hls_13                           |                         GenericPartition_3_MVAU_hls_13_0 |       1194 |       1194 |       0 |    0 |   503 |      0 |      0 |    0 |         16 |
|         inst                                |                                              MVAU_hls_13 |       1194 |       1194 |       0 |    0 |   503 |      0 |      0 |    0 |         16 |
|       MVAU_hls_13_wstrm                     |                   GenericPartition_3_MVAU_hls_13_wstrm_0 |         52 |          4 |      48 |    0 |   107 |      0 |      0 |    0 |          0 |
|         inst                                |                    memstream_axi_wrapper__parameterized4 |         52 |          4 |      48 |    0 |   107 |      0 |      0 |    0 |          0 |
|     MVAU_hls_14                             |                                  MVAU_hls_14_imp_14NFVF2 |        964 |        928 |      36 |    0 |  1236 |      0 |      0 |    0 |         12 |
|       MVAU_hls_14                           |                         GenericPartition_3_MVAU_hls_14_0 |        924 |        924 |       0 |    0 |  1154 |      0 |      0 |    0 |         12 |
|         inst                                |                                              MVAU_hls_14 |        924 |        924 |       0 |    0 |  1154 |      0 |      0 |    0 |         12 |
|       MVAU_hls_14_wstrm                     |                   GenericPartition_3_MVAU_hls_14_wstrm_0 |         40 |          4 |      36 |    0 |    82 |      0 |      0 |    0 |          0 |
|         inst                                |                    memstream_axi_wrapper__parameterized5 |         40 |          4 |      36 |    0 |    82 |      0 |      0 |    0 |          0 |
|     MVAU_hls_15                             |                                   MVAU_hls_15_imp_J902VQ |      29453 |      29453 |       0 |    0 |  1360 |      1 |      0 |    0 |         16 |
|       MVAU_hls_15                           |                         GenericPartition_3_MVAU_hls_15_0 |      29448 |      29448 |       0 |    0 |  1350 |      0 |      0 |    0 |         16 |
|         inst                                |                                              MVAU_hls_15 |      29448 |      29448 |       0 |    0 |  1350 |      0 |      0 |    0 |         16 |
|       MVAU_hls_15_wstrm                     |                   GenericPartition_3_MVAU_hls_15_wstrm_0 |          5 |          5 |       0 |    0 |    10 |      1 |      0 |    0 |          0 |
|         inst                                |                    memstream_axi_wrapper__parameterized6 |          5 |          5 |       0 |    0 |    10 |      1 |      0 |    0 |          0 |
|     MVAU_hls_2                              |                                   MVAU_hls_2_imp_1X6GGKQ |       1144 |       1144 |       0 |    0 |   539 |      1 |      0 |    0 |         12 |
|       MVAU_hls_2                            |                          GenericPartition_3_MVAU_hls_2_0 |       1140 |       1140 |       0 |    0 |   529 |      0 |      0 |    0 |         12 |
|         inst                                |                                               MVAU_hls_2 |       1140 |       1140 |       0 |    0 |   529 |      0 |      0 |    0 |         12 |
|       MVAU_hls_2_wstrm                      |                    GenericPartition_3_MVAU_hls_2_wstrm_0 |          4 |          4 |       0 |    0 |    10 |      1 |      0 |    0 |          0 |
|         inst                                |                    memstream_axi_wrapper__parameterized7 |          4 |          4 |       0 |    0 |    10 |      1 |      0 |    0 |          0 |
|     MVAU_hls_3                              |                                    MVAU_hls_3_imp_CYE7XU |      33392 |      33344 |      48 |    0 |  1616 |      0 |      0 |    0 |         16 |
|       MVAU_hls_3                            |                          GenericPartition_3_MVAU_hls_3_0 |      33339 |      33339 |       0 |    0 |  1510 |      0 |      0 |    0 |         16 |
|         inst                                |                                               MVAU_hls_3 |      33339 |      33339 |       0 |    0 |  1510 |      0 |      0 |    0 |         16 |
|       MVAU_hls_3_wstrm                      |                    GenericPartition_3_MVAU_hls_3_wstrm_0 |         53 |          5 |      48 |    0 |   106 |      0 |      0 |    0 |          0 |
|         inst                                |                    memstream_axi_wrapper__parameterized8 |         53 |          5 |      48 |    0 |   106 |      0 |      0 |    0 |          0 |
|     MVAU_hls_4                              |                                    MVAU_hls_4_imp_RWHAEX |       2850 |       2802 |      48 |    0 |   880 |      0 |      0 |    0 |         16 |
|       MVAU_hls_4                            |                          GenericPartition_3_MVAU_hls_4_0 |       2798 |       2798 |       0 |    0 |   774 |      0 |      0 |    0 |         16 |
|         inst                                |                                               MVAU_hls_4 |       2798 |       2798 |       0 |    0 |   774 |      0 |      0 |    0 |         16 |
|       MVAU_hls_4_wstrm                      |                    GenericPartition_3_MVAU_hls_4_wstrm_0 |         52 |          4 |      48 |    0 |   106 |      0 |      0 |    0 |          0 |
|         inst                                |                    memstream_axi_wrapper__parameterized9 |         52 |          4 |      48 |    0 |   106 |      0 |      0 |    0 |          0 |
|     MVAU_hls_5                              |                                   MVAU_hls_5_imp_1DS8QZL |       2743 |       2743 |       0 |    0 |   609 |      1 |      0 |    0 |         12 |
|       MVAU_hls_5                            |                          GenericPartition_3_MVAU_hls_5_0 |       2739 |       2739 |       0 |    0 |   599 |      0 |      0 |    0 |         12 |
|         inst                                |                                               MVAU_hls_5 |       2739 |       2739 |       0 |    0 |   599 |      0 |      0 |    0 |         12 |
|       MVAU_hls_5_wstrm                      |                    GenericPartition_3_MVAU_hls_5_wstrm_0 |          4 |          4 |       0 |    0 |    10 |      1 |      0 |    0 |          0 |
|         inst                                |                   memstream_axi_wrapper__parameterized10 |          4 |          4 |       0 |    0 |    10 |      1 |      0 |    0 |          0 |
|     MVAU_hls_6                              |                                    MVAU_hls_6_imp_4I5ERS |        718 |        670 |      48 |    0 |   809 |      0 |      0 |    0 |         20 |
|       MVAU_hls_6                            |                          GenericPartition_3_MVAU_hls_6_0 |        666 |        666 |       0 |    0 |   702 |      0 |      0 |    0 |         20 |
|         inst                                |                                               MVAU_hls_6 |        666 |        666 |       0 |    0 |   702 |      0 |      0 |    0 |         20 |
|       MVAU_hls_6_wstrm                      |                    GenericPartition_3_MVAU_hls_6_wstrm_0 |         52 |          4 |      48 |    0 |   107 |      0 |      0 |    0 |          0 |
|         inst                                |                   memstream_axi_wrapper__parameterized11 |         52 |          4 |      48 |    0 |   107 |      0 |      0 |    0 |          0 |
|     MVAU_hls_7                              |                                   MVAU_hls_7_imp_1JG8CB4 |      29858 |      29810 |      48 |    0 |  1348 |      0 |      0 |    0 |         16 |
|       MVAU_hls_7                            |                          GenericPartition_3_MVAU_hls_7_0 |      29805 |      29805 |       0 |    0 |  1242 |      0 |      0 |    0 |         16 |
|         inst                                |                                               MVAU_hls_7 |      29805 |      29805 |       0 |    0 |  1242 |      0 |      0 |    0 |         16 |
|       MVAU_hls_7_wstrm                      |                    GenericPartition_3_MVAU_hls_7_wstrm_0 |         53 |          5 |      48 |    0 |   106 |      0 |      0 |    0 |          0 |
|         inst                                |                   memstream_axi_wrapper__parameterized12 |         53 |          5 |      48 |    0 |   106 |      0 |      0 |    0 |          0 |
|     MVAU_hls_8                              |                                   MVAU_hls_8_imp_10P9NZ2 |        722 |        674 |      48 |    0 |   857 |      0 |      0 |    0 |         20 |
|       MVAU_hls_8                            |                          GenericPartition_3_MVAU_hls_8_0 |        670 |        670 |       0 |    0 |   751 |      0 |      0 |    0 |         20 |
|         inst                                |                                               MVAU_hls_8 |        670 |        670 |       0 |    0 |   751 |      0 |      0 |    0 |         20 |
|       MVAU_hls_8_wstrm                      |                    GenericPartition_3_MVAU_hls_8_wstrm_0 |         52 |          4 |      48 |    0 |   106 |      0 |      0 |    0 |          0 |
|         inst                                |                   memstream_axi_wrapper__parameterized13 |         52 |          4 |      48 |    0 |   106 |      0 |      0 |    0 |          0 |
|     MVAU_hls_9                              |                                    MVAU_hls_9_imp_N7GWCM |       1184 |       1184 |       0 |    0 |   514 |      1 |      1 |    0 |         16 |
|       MVAU_hls_9                            |                          GenericPartition_3_MVAU_hls_9_0 |       1180 |       1180 |       0 |    0 |   503 |      0 |      0 |    0 |         16 |
|         inst                                |                                               MVAU_hls_9 |       1180 |       1180 |       0 |    0 |   503 |      0 |      0 |    0 |         16 |
|       MVAU_hls_9_wstrm                      |                    GenericPartition_3_MVAU_hls_9_wstrm_0 |          4 |          4 |       0 |    0 |    11 |      1 |      1 |    0 |          0 |
|         inst                                |                   memstream_axi_wrapper__parameterized14 |          4 |          4 |       0 |    0 |    11 |      1 |      1 |    0 |          0 |
|     StreamingDataWidthConverter_rtl_0       |   GenericPartition_3_StreamingDataWidthConverter_rtl_0_0 |         14 |         14 |       0 |    0 |   108 |      0 |      0 |    0 |          0 |
|       inst                                  |                        StreamingDataWidthConverter_rtl_0 |         14 |         14 |       0 |    0 |   108 |      0 |      0 |    0 |          0 |
|         impl                                |                                              dwc_axi_147 |         14 |         14 |       0 |    0 |   108 |      0 |      0 |    0 |          0 |
|     StreamingDataWidthConverter_rtl_1       |   GenericPartition_3_StreamingDataWidthConverter_rtl_1_0 |         11 |         11 |       0 |    0 |    59 |      0 |      0 |    0 |          0 |
|       inst                                  |                        StreamingDataWidthConverter_rtl_1 |         11 |         11 |       0 |    0 |    59 |      0 |      0 |    0 |          0 |
|         impl                                |                              dwc_axi__parameterized0_145 |         11 |         11 |       0 |    0 |    59 |      0 |      0 |    0 |          0 |
|     StreamingDataWidthConverter_rtl_10      |  GenericPartition_3_StreamingDataWidthConverter_rtl_10_0 |         27 |         27 |       0 |    0 |    75 |      0 |      0 |    0 |          0 |
|       inst                                  |                       StreamingDataWidthConverter_rtl_10 |         27 |         27 |       0 |    0 |    75 |      0 |      0 |    0 |          0 |
|         impl                                |                              dwc_axi__parameterized1_143 |         27 |         27 |       0 |    0 |    75 |      0 |      0 |    0 |          0 |
|     StreamingDataWidthConverter_rtl_11      |  GenericPartition_3_StreamingDataWidthConverter_rtl_11_0 |         55 |         55 |       0 |    0 |    66 |      0 |      0 |    0 |          0 |
|       inst                                  |                       StreamingDataWidthConverter_rtl_11 |         55 |         55 |       0 |    0 |    66 |      0 |      0 |    0 |          0 |
|         impl                                |                              dwc_axi__parameterized2_141 |         55 |         55 |       0 |    0 |    66 |      0 |      0 |    0 |          0 |
|     StreamingDataWidthConverter_rtl_12      |  GenericPartition_3_StreamingDataWidthConverter_rtl_12_0 |          8 |          8 |       0 |    0 |    28 |      0 |      0 |    0 |          0 |
|       inst                                  |                       StreamingDataWidthConverter_rtl_12 |          8 |          8 |       0 |    0 |    28 |      0 |      0 |    0 |          0 |
|         impl                                |                                  dwc_axi__parameterized3 |          8 |          8 |       0 |    0 |    28 |      0 |      0 |    0 |          0 |
|     StreamingDataWidthConverter_rtl_13      |  GenericPartition_3_StreamingDataWidthConverter_rtl_13_0 |         26 |         26 |       0 |    0 |    75 |      0 |      0 |    0 |          0 |
|       inst                                  |                       StreamingDataWidthConverter_rtl_13 |         26 |         26 |       0 |    0 |    75 |      0 |      0 |    0 |          0 |
|         impl                                |                                  dwc_axi__parameterized1 |         26 |         26 |       0 |    0 |    75 |      0 |      0 |    0 |          0 |
|     StreamingDataWidthConverter_rtl_14      |  GenericPartition_3_StreamingDataWidthConverter_rtl_14_0 |         55 |         55 |       0 |    0 |    66 |      0 |      0 |    0 |          0 |
|       inst                                  |                       StreamingDataWidthConverter_rtl_14 |         55 |         55 |       0 |    0 |    66 |      0 |      0 |    0 |          0 |
|         impl                                |                              dwc_axi__parameterized2_139 |         55 |         55 |       0 |    0 |    66 |      0 |      0 |    0 |          0 |
|     StreamingDataWidthConverter_rtl_15      |  GenericPartition_3_StreamingDataWidthConverter_rtl_15_0 |         12 |         12 |       0 |    0 |    59 |      0 |      0 |    0 |          0 |
|       inst                                  |                       StreamingDataWidthConverter_rtl_15 |         12 |         12 |       0 |    0 |    59 |      0 |      0 |    0 |          0 |
|         impl                                |                              dwc_axi__parameterized0_137 |         12 |         12 |       0 |    0 |    59 |      0 |      0 |    0 |          0 |
|     StreamingDataWidthConverter_rtl_16      |  GenericPartition_3_StreamingDataWidthConverter_rtl_16_0 |         12 |         12 |       0 |    0 |    20 |      0 |      0 |    0 |          0 |
|       inst                                  |                       StreamingDataWidthConverter_rtl_16 |         12 |         12 |       0 |    0 |    20 |      0 |      0 |    0 |          0 |
|         impl                                |                                  dwc_axi__parameterized4 |         12 |         12 |       0 |    0 |    20 |      0 |      0 |    0 |          0 |
|     StreamingDataWidthConverter_rtl_17      |  GenericPartition_3_StreamingDataWidthConverter_rtl_17_0 |        137 |        137 |       0 |    0 |   151 |      0 |      0 |    0 |          0 |
|       inst                                  |                       StreamingDataWidthConverter_rtl_17 |        137 |        137 |       0 |    0 |   151 |      0 |      0 |    0 |          0 |
|         impl                                |                              dwc_axi__parameterized5_135 |        137 |        137 |       0 |    0 |   151 |      0 |      0 |    0 |          0 |
|     StreamingDataWidthConverter_rtl_18      |  GenericPartition_3_StreamingDataWidthConverter_rtl_18_0 |         11 |         11 |       0 |    0 |    59 |      0 |      0 |    0 |          0 |
|       inst                                  |                       StreamingDataWidthConverter_rtl_18 |         11 |         11 |       0 |    0 |    59 |      0 |      0 |    0 |          0 |
|         impl                                |                                  dwc_axi__parameterized0 |         11 |         11 |       0 |    0 |    59 |      0 |      0 |    0 |          0 |
|     StreamingDataWidthConverter_rtl_19      |  GenericPartition_3_StreamingDataWidthConverter_rtl_19_0 |         11 |         11 |       0 |    0 |    44 |      0 |      0 |    0 |          0 |
|       inst                                  |                       StreamingDataWidthConverter_rtl_19 |         11 |         11 |       0 |    0 |    44 |      0 |      0 |    0 |          0 |
|         impl                                |                                  dwc_axi__parameterized6 |         11 |         11 |       0 |    0 |    44 |      0 |      0 |    0 |          0 |
|     StreamingDataWidthConverter_rtl_2       |   GenericPartition_3_StreamingDataWidthConverter_rtl_2_0 |         55 |         55 |       0 |    0 |    66 |      0 |      0 |    0 |          0 |
|       inst                                  |                        StreamingDataWidthConverter_rtl_2 |         55 |         55 |       0 |    0 |    66 |      0 |      0 |    0 |          0 |
|         impl                                |                                  dwc_axi__parameterized2 |         55 |         55 |       0 |    0 |    66 |      0 |      0 |    0 |          0 |
|     StreamingDataWidthConverter_rtl_20      |  GenericPartition_3_StreamingDataWidthConverter_rtl_20_0 |         37 |         37 |       0 |    0 |    46 |      0 |      0 |    0 |          0 |
|       inst                                  |                       StreamingDataWidthConverter_rtl_20 |         37 |         37 |       0 |    0 |    46 |      0 |      0 |    0 |          0 |
|         impl                                |                              dwc_axi__parameterized7_133 |         37 |         37 |       0 |    0 |    46 |      0 |      0 |    0 |          0 |
|     StreamingDataWidthConverter_rtl_21      |  GenericPartition_3_StreamingDataWidthConverter_rtl_21_0 |          7 |          7 |       0 |    0 |    15 |      0 |      0 |    0 |          0 |
|       inst                                  |                       StreamingDataWidthConverter_rtl_21 |          7 |          7 |       0 |    0 |    15 |      0 |      0 |    0 |          0 |
|         impl                                |                              dwc_axi__parameterized8_131 |          7 |          7 |       0 |    0 |    15 |      0 |      0 |    0 |          0 |
|     StreamingDataWidthConverter_rtl_22      |  GenericPartition_3_StreamingDataWidthConverter_rtl_22_0 |         40 |         40 |       0 |    0 |    46 |      0 |      0 |    0 |          0 |
|       inst                                  |                       StreamingDataWidthConverter_rtl_22 |         40 |         40 |       0 |    0 |    46 |      0 |      0 |    0 |          0 |
|         impl                                |                              dwc_axi__parameterized7_129 |         40 |         40 |       0 |    0 |    46 |      0 |      0 |    0 |          0 |
|     StreamingDataWidthConverter_rtl_23      |  GenericPartition_3_StreamingDataWidthConverter_rtl_23_0 |          9 |          9 |       0 |    0 |    33 |      0 |      0 |    0 |          0 |
|       inst                                  |                       StreamingDataWidthConverter_rtl_23 |          9 |          9 |       0 |    0 |    33 |      0 |      0 |    0 |          0 |
|         impl                                |                              dwc_axi__parameterized9_127 |          9 |          9 |       0 |    0 |    33 |      0 |      0 |    0 |          0 |
|     StreamingDataWidthConverter_rtl_24      |  GenericPartition_3_StreamingDataWidthConverter_rtl_24_0 |         17 |         17 |       0 |    0 |    28 |      0 |      0 |    0 |          0 |
|       inst                                  |                       StreamingDataWidthConverter_rtl_24 |         17 |         17 |       0 |    0 |    28 |      0 |      0 |    0 |          0 |
|         impl                                |                             dwc_axi__parameterized10_125 |         17 |         17 |       0 |    0 |    28 |      0 |      0 |    0 |          0 |
|     StreamingDataWidthConverter_rtl_25      |  GenericPartition_3_StreamingDataWidthConverter_rtl_25_0 |        138 |        138 |       0 |    0 |   151 |      0 |      0 |    0 |          0 |
|       inst                                  |                       StreamingDataWidthConverter_rtl_25 |        138 |        138 |       0 |    0 |   151 |      0 |      0 |    0 |          0 |
|         impl                                |                              dwc_axi__parameterized5_123 |        138 |        138 |       0 |    0 |   151 |      0 |      0 |    0 |          0 |
|     StreamingDataWidthConverter_rtl_26      |  GenericPartition_3_StreamingDataWidthConverter_rtl_26_0 |         14 |         14 |       0 |    0 |   108 |      0 |      0 |    0 |          0 |
|       inst                                  |                       StreamingDataWidthConverter_rtl_26 |         14 |         14 |       0 |    0 |   108 |      0 |      0 |    0 |          0 |
|         impl                                |                                                  dwc_axi |         14 |         14 |       0 |    0 |   108 |      0 |      0 |    0 |          0 |
|     StreamingDataWidthConverter_rtl_27      |  GenericPartition_3_StreamingDataWidthConverter_rtl_27_0 |          9 |          9 |       0 |    0 |    41 |      0 |      0 |    0 |          0 |
|       inst                                  |                       StreamingDataWidthConverter_rtl_27 |          9 |          9 |       0 |    0 |    41 |      0 |      0 |    0 |          0 |
|         impl                                |                                 dwc_axi__parameterized11 |          9 |          9 |       0 |    0 |    41 |      0 |      0 |    0 |          0 |
|     StreamingDataWidthConverter_rtl_28      |  GenericPartition_3_StreamingDataWidthConverter_rtl_28_0 |         37 |         37 |       0 |    0 |    46 |      0 |      0 |    0 |          0 |
|       inst                                  |                       StreamingDataWidthConverter_rtl_28 |         37 |         37 |       0 |    0 |    46 |      0 |      0 |    0 |          0 |
|         impl                                |                              dwc_axi__parameterized7_121 |         37 |         37 |       0 |    0 |    46 |      0 |      0 |    0 |          0 |
|     StreamingDataWidthConverter_rtl_29      |  GenericPartition_3_StreamingDataWidthConverter_rtl_29_0 |          8 |          8 |       0 |    0 |    15 |      0 |      0 |    0 |          0 |
|       inst                                  |                       StreamingDataWidthConverter_rtl_29 |          8 |          8 |       0 |    0 |    15 |      0 |      0 |    0 |          0 |
|         impl                                |                                  dwc_axi__parameterized8 |          8 |          8 |       0 |    0 |    15 |      0 |      0 |    0 |          0 |
|     StreamingDataWidthConverter_rtl_3       |   GenericPartition_3_StreamingDataWidthConverter_rtl_3_0 |          9 |          9 |       0 |    0 |    34 |      0 |      0 |    0 |          0 |
|       inst                                  |                        StreamingDataWidthConverter_rtl_3 |          9 |          9 |       0 |    0 |    34 |      0 |      0 |    0 |          0 |
|         impl                                |                             dwc_axi__parameterized12_119 |          9 |          9 |       0 |    0 |    34 |      0 |      0 |    0 |          0 |
|     StreamingDataWidthConverter_rtl_30      |  GenericPartition_3_StreamingDataWidthConverter_rtl_30_0 |         39 |         39 |       0 |    0 |    46 |      0 |      0 |    0 |          0 |
|       inst                                  |                       StreamingDataWidthConverter_rtl_30 |         39 |         39 |       0 |    0 |    46 |      0 |      0 |    0 |          0 |
|         impl                                |                              dwc_axi__parameterized7_117 |         39 |         39 |       0 |    0 |    46 |      0 |      0 |    0 |          0 |
|     StreamingDataWidthConverter_rtl_31      |  GenericPartition_3_StreamingDataWidthConverter_rtl_31_0 |         11 |         11 |       0 |    0 |    58 |      0 |      0 |    0 |          0 |
|       inst                                  |                       StreamingDataWidthConverter_rtl_31 |         11 |         11 |       0 |    0 |    58 |      0 |      0 |    0 |          0 |
|         impl                                |                                 dwc_axi__parameterized13 |         11 |         11 |       0 |    0 |    58 |      0 |      0 |    0 |          0 |
|     StreamingDataWidthConverter_rtl_32      |  GenericPartition_3_StreamingDataWidthConverter_rtl_32_0 |        136 |        136 |       0 |    0 |   151 |      0 |      0 |    0 |          0 |
|       inst                                  |                       StreamingDataWidthConverter_rtl_32 |        136 |        136 |       0 |    0 |   151 |      0 |      0 |    0 |          0 |
|         impl                                |                              dwc_axi__parameterized5_115 |        136 |        136 |       0 |    0 |   151 |      0 |      0 |    0 |          0 |
|     StreamingDataWidthConverter_rtl_4       |   GenericPartition_3_StreamingDataWidthConverter_rtl_4_0 |         19 |         19 |       0 |    0 |    51 |      0 |      0 |    0 |          0 |
|       inst                                  |                        StreamingDataWidthConverter_rtl_4 |         19 |         19 |       0 |    0 |    51 |      0 |      0 |    0 |          0 |
|         impl                                |                                 dwc_axi__parameterized14 |         19 |         19 |       0 |    0 |    51 |      0 |      0 |    0 |          0 |
|     StreamingDataWidthConverter_rtl_5       |   GenericPartition_3_StreamingDataWidthConverter_rtl_5_0 |         37 |         37 |       0 |    0 |    46 |      0 |      0 |    0 |          0 |
|       inst                                  |                        StreamingDataWidthConverter_rtl_5 |         37 |         37 |       0 |    0 |    46 |      0 |      0 |    0 |          0 |
|         impl                                |                                  dwc_axi__parameterized7 |         37 |         37 |       0 |    0 |    46 |      0 |      0 |    0 |          0 |
|     StreamingDataWidthConverter_rtl_6       |   GenericPartition_3_StreamingDataWidthConverter_rtl_6_0 |         10 |         10 |       0 |    0 |    33 |      0 |      0 |    0 |          0 |
|       inst                                  |                        StreamingDataWidthConverter_rtl_6 |         10 |         10 |       0 |    0 |    33 |      0 |      0 |    0 |          0 |
|         impl                                |                                  dwc_axi__parameterized9 |         10 |         10 |       0 |    0 |    33 |      0 |      0 |    0 |          0 |
|     StreamingDataWidthConverter_rtl_7       |   GenericPartition_3_StreamingDataWidthConverter_rtl_7_0 |         18 |         18 |       0 |    0 |    28 |      0 |      0 |    0 |          0 |
|       inst                                  |                        StreamingDataWidthConverter_rtl_7 |         18 |         18 |       0 |    0 |    28 |      0 |      0 |    0 |          0 |
|         impl                                |                                 dwc_axi__parameterized10 |         18 |         18 |       0 |    0 |    28 |      0 |      0 |    0 |          0 |
|     StreamingDataWidthConverter_rtl_8       |   GenericPartition_3_StreamingDataWidthConverter_rtl_8_0 |        138 |        138 |       0 |    0 |   151 |      0 |      0 |    0 |          0 |
|       inst                                  |                        StreamingDataWidthConverter_rtl_8 |        138 |        138 |       0 |    0 |   151 |      0 |      0 |    0 |          0 |
|         impl                                |                                  dwc_axi__parameterized5 |        138 |        138 |       0 |    0 |   151 |      0 |      0 |    0 |          0 |
|     StreamingDataWidthConverter_rtl_9       |   GenericPartition_3_StreamingDataWidthConverter_rtl_9_0 |         12 |         12 |       0 |    0 |    34 |      0 |      0 |    0 |          0 |
|       inst                                  |                        StreamingDataWidthConverter_rtl_9 |         12 |         12 |       0 |    0 |    34 |      0 |      0 |    0 |          0 |
|         impl                                |                                 dwc_axi__parameterized12 |         12 |         12 |       0 |    0 |    34 |      0 |      0 |    0 |          0 |
|     StreamingFIFO_rtl_0                     |                 GenericPartition_3_StreamingFIFO_rtl_0_0 |         16 |         16 |       0 |    0 |    23 |      0 |      0 |    0 |          0 |
|       inst                                  |                                      StreamingFIFO_rtl_0 |         16 |         16 |       0 |    0 |    23 |      0 |      0 |    0 |          0 |
|         impl                                |                                                Q_srl_114 |         16 |         16 |       0 |    0 |    23 |      0 |      0 |    0 |          0 |
|     StreamingFIFO_rtl_1                     |                 GenericPartition_3_StreamingFIFO_rtl_1_0 |         16 |         16 |       0 |    0 |    21 |      0 |      0 |    0 |          0 |
|       inst                                  |                                      StreamingFIFO_rtl_1 |         16 |         16 |       0 |    0 |    21 |      0 |      0 |    0 |          0 |
|         impl                                |                                Q_srl__parameterized0_113 |         16 |         16 |       0 |    0 |    21 |      0 |      0 |    0 |          0 |
|     StreamingFIFO_rtl_10                    |                         StreamingFIFO_rtl_10_imp_1C9SLQI |         69 |         69 |       0 |    0 |    55 |      0 |      1 |    0 |          0 |
|       fifo                                  |                                GenericPartition_3_fifo_1 |         69 |         69 |       0 |    0 |    55 |      0 |      1 |    0 |          0 |
|         inst                                |                     axis_data_fifo_v2_0_9_top__xdcDup__1 |         69 |         69 |       0 |    0 |    55 |      0 |      1 |    0 |          0 |
|     StreamingFIFO_rtl_11                    |                GenericPartition_3_StreamingFIFO_rtl_11_0 |         11 |         11 |       0 |    0 |    17 |      0 |      0 |    0 |          0 |
|       inst                                  |                                     StreamingFIFO_rtl_11 |         11 |         11 |       0 |    0 |    17 |      0 |      0 |    0 |          0 |
|         impl                                |                                Q_srl__parameterized0_106 |         11 |         11 |       0 |    0 |    17 |      0 |      0 |    0 |          0 |
|     StreamingFIFO_rtl_12                    |                GenericPartition_3_StreamingFIFO_rtl_12_0 |         29 |         29 |       0 |    0 |    53 |      0 |      0 |    0 |          0 |
|       inst                                  |                                     StreamingFIFO_rtl_12 |         29 |         29 |       0 |    0 |    53 |      0 |      0 |    0 |          0 |
|         impl                                |                                Q_srl__parameterized1_105 |         29 |         29 |       0 |    0 |    53 |      0 |      0 |    0 |          0 |
|     StreamingFIFO_rtl_13                    |                GenericPartition_3_StreamingFIFO_rtl_13_0 |         21 |         21 |       0 |    0 |    37 |      0 |      0 |    0 |          0 |
|       inst                                  |                                     StreamingFIFO_rtl_13 |         21 |         21 |       0 |    0 |    37 |      0 |      0 |    0 |          0 |
|         impl                                |                                                Q_srl_104 |         21 |         21 |       0 |    0 |    37 |      0 |      0 |    0 |          0 |
|     StreamingFIFO_rtl_14                    |                GenericPartition_3_StreamingFIFO_rtl_14_0 |         37 |         37 |       0 |    0 |    69 |      0 |      0 |    0 |          0 |
|       inst                                  |                                     StreamingFIFO_rtl_14 |         37 |         37 |       0 |    0 |    69 |      0 |      0 |    0 |          0 |
|         impl                                |                                Q_srl__parameterized2_103 |         37 |         37 |       0 |    0 |    69 |      0 |      0 |    0 |          0 |
|     StreamingFIFO_rtl_15                    |                GenericPartition_3_StreamingFIFO_rtl_15_0 |         90 |         58 |       0 |   32 |    43 |      0 |      0 |    0 |          0 |
|       inst                                  |                                     StreamingFIFO_rtl_15 |         90 |         58 |       0 |   32 |    43 |      0 |      0 |    0 |          0 |
|         impl                                |                                Q_srl__parameterized3_102 |         90 |         58 |       0 |   32 |    43 |      0 |      0 |    0 |          0 |
|     StreamingFIFO_rtl_16                    |                GenericPartition_3_StreamingFIFO_rtl_16_0 |         59 |         43 |       0 |   16 |    17 |      0 |      0 |    0 |          0 |
|       inst                                  |                                     StreamingFIFO_rtl_16 |         59 |         43 |       0 |   16 |    17 |      0 |      0 |    0 |          0 |
|         impl                                |                                    Q_srl__parameterized4 |         59 |         43 |       0 |   16 |    17 |      0 |      0 |    0 |          0 |
|     StreamingFIFO_rtl_17                    |                GenericPartition_3_StreamingFIFO_rtl_17_0 |         10 |         10 |       0 |    0 |    13 |      0 |      0 |    0 |          0 |
|       inst                                  |                                     StreamingFIFO_rtl_17 |         10 |         10 |       0 |    0 |    13 |      0 |      0 |    0 |          0 |
|         impl                                |                                Q_srl__parameterized0_101 |         10 |         10 |       0 |    0 |    13 |      0 |      0 |    0 |          0 |
|     StreamingFIFO_rtl_18                    |                GenericPartition_3_StreamingFIFO_rtl_18_0 |         30 |         30 |       0 |    0 |    53 |      0 |      0 |    0 |          0 |
|       inst                                  |                                     StreamingFIFO_rtl_18 |         30 |         30 |       0 |    0 |    53 |      0 |      0 |    0 |          0 |
|         impl                                |                                Q_srl__parameterized1_100 |         30 |         30 |       0 |    0 |    53 |      0 |      0 |    0 |          0 |
|     StreamingFIFO_rtl_19                    |                GenericPartition_3_StreamingFIFO_rtl_19_0 |         18 |         18 |       0 |    0 |    29 |      0 |      0 |    0 |          0 |
|       inst                                  |                                     StreamingFIFO_rtl_19 |         18 |         18 |       0 |    0 |    29 |      0 |      0 |    0 |          0 |
|         impl                                |                                                 Q_srl_99 |         18 |         18 |       0 |    0 |    29 |      0 |      0 |    0 |          0 |
|     StreamingFIFO_rtl_2                     |                 GenericPartition_3_StreamingFIFO_rtl_2_0 |         13 |         13 |       0 |    0 |    17 |      0 |      0 |    0 |          0 |
|       inst                                  |                                      StreamingFIFO_rtl_2 |         13 |         13 |       0 |    0 |    17 |      0 |      0 |    0 |          0 |
|         impl                                |                                 Q_srl__parameterized0_98 |         13 |         13 |       0 |    0 |    17 |      0 |      0 |    0 |          0 |
|     StreamingFIFO_rtl_20                    |                GenericPartition_3_StreamingFIFO_rtl_20_0 |         13 |         13 |       0 |    0 |    17 |      0 |      0 |    0 |          0 |
|       inst                                  |                                     StreamingFIFO_rtl_20 |         13 |         13 |       0 |    0 |    17 |      0 |      0 |    0 |          0 |
|         impl                                |                                 Q_srl__parameterized0_97 |         13 |         13 |       0 |    0 |    17 |      0 |      0 |    0 |          0 |
|     StreamingFIFO_rtl_21                    |                GenericPartition_3_StreamingFIFO_rtl_21_0 |        153 |         25 |       0 |  128 |   139 |      0 |      0 |    0 |          0 |
|       inst                                  |                                     StreamingFIFO_rtl_21 |        153 |         25 |       0 |  128 |   139 |      0 |      0 |    0 |          0 |
|         impl                                |                                 Q_srl__parameterized5_96 |        153 |         25 |       0 |  128 |   139 |      0 |      0 |    0 |          0 |
|     StreamingFIFO_rtl_22                    |                GenericPartition_3_StreamingFIFO_rtl_22_0 |         15 |         15 |       0 |    0 |    21 |      0 |      0 |    0 |          0 |
|       inst                                  |                                     StreamingFIFO_rtl_22 |         15 |         15 |       0 |    0 |    21 |      0 |      0 |    0 |          0 |
|         impl                                |                                 Q_srl__parameterized0_95 |         15 |         15 |       0 |    0 |    21 |      0 |      0 |    0 |          0 |
|     StreamingFIFO_rtl_23                    |                GenericPartition_3_StreamingFIFO_rtl_23_0 |         16 |         16 |       0 |    0 |    23 |      0 |      0 |    0 |          0 |
|       inst                                  |                                     StreamingFIFO_rtl_23 |         16 |         16 |       0 |    0 |    23 |      0 |      0 |    0 |          0 |
|         impl                                |                                                 Q_srl_94 |         16 |         16 |       0 |    0 |    23 |      0 |      0 |    0 |          0 |
|     StreamingFIFO_rtl_24                    |                GenericPartition_3_StreamingFIFO_rtl_24_0 |         15 |         15 |       0 |    0 |    21 |      0 |      0 |    0 |          0 |
|       inst                                  |                                     StreamingFIFO_rtl_24 |         15 |         15 |       0 |    0 |    21 |      0 |      0 |    0 |          0 |
|         impl                                |                                 Q_srl__parameterized0_93 |         15 |         15 |       0 |    0 |    21 |      0 |      0 |    0 |          0 |
|     StreamingFIFO_rtl_25                    |                GenericPartition_3_StreamingFIFO_rtl_25_0 |         12 |         12 |       0 |    0 |    17 |      0 |      0 |    0 |          0 |
|       inst                                  |                                     StreamingFIFO_rtl_25 |         12 |         12 |       0 |    0 |    17 |      0 |      0 |    0 |          0 |
|         impl                                |                                 Q_srl__parameterized0_92 |         12 |         12 |       0 |    0 |    17 |      0 |      0 |    0 |          0 |
|     StreamingFIFO_rtl_26                    |                GenericPartition_3_StreamingFIFO_rtl_26_0 |         92 |         44 |       0 |   48 |    20 |      0 |      0 |    0 |          0 |
|       inst                                  |                                     StreamingFIFO_rtl_26 |         92 |         44 |       0 |   48 |    20 |      0 |      0 |    0 |          0 |
|         impl                                |                                    Q_srl__parameterized6 |         92 |         44 |       0 |   48 |    20 |      0 |      0 |    0 |          0 |
|     StreamingFIFO_rtl_27                    |                GenericPartition_3_StreamingFIFO_rtl_27_0 |         13 |         13 |       0 |    0 |    17 |      0 |      0 |    0 |          0 |
|       inst                                  |                                     StreamingFIFO_rtl_27 |         13 |         13 |       0 |    0 |    17 |      0 |      0 |    0 |          0 |
|         impl                                |                                 Q_srl__parameterized0_91 |         13 |         13 |       0 |    0 |    17 |      0 |      0 |    0 |          0 |
|     StreamingFIFO_rtl_28                    |                GenericPartition_3_StreamingFIFO_rtl_28_0 |         30 |         30 |       0 |    0 |    53 |      0 |      0 |    0 |          0 |
|       inst                                  |                                     StreamingFIFO_rtl_28 |         30 |         30 |       0 |    0 |    53 |      0 |      0 |    0 |          0 |
|         impl                                |                                 Q_srl__parameterized1_90 |         30 |         30 |       0 |    0 |    53 |      0 |      0 |    0 |          0 |
|     StreamingFIFO_rtl_29                    |                         StreamingFIFO_rtl_29_imp_1P29HCT |         81 |         81 |       0 |    0 |    63 |      0 |      1 |    0 |          0 |
|       fifo                                  |                                GenericPartition_3_fifo_2 |         81 |         81 |       0 |    0 |    63 |      0 |      1 |    0 |          0 |
|         inst                                |     axis_data_fifo_v2_0_9_top__parameterized0__xdcDup__1 |         81 |         81 |       0 |    0 |    63 |      0 |      1 |    0 |          0 |
|     StreamingFIFO_rtl_3                     |                 GenericPartition_3_StreamingFIFO_rtl_3_0 |         14 |         14 |       0 |    0 |    17 |      0 |      0 |    0 |          0 |
|       inst                                  |                                      StreamingFIFO_rtl_3 |         14 |         14 |       0 |    0 |    17 |      0 |      0 |    0 |          0 |
|         impl                                |                                 Q_srl__parameterized0_83 |         14 |         14 |       0 |    0 |    17 |      0 |      0 |    0 |          0 |
|     StreamingFIFO_rtl_30                    |                GenericPartition_3_StreamingFIFO_rtl_30_0 |         31 |         31 |       0 |    0 |    53 |      0 |      0 |    0 |          0 |
|       inst                                  |                                     StreamingFIFO_rtl_30 |         31 |         31 |       0 |    0 |    53 |      0 |      0 |    0 |          0 |
|         impl                                |                                 Q_srl__parameterized1_82 |         31 |         31 |       0 |    0 |    53 |      0 |      0 |    0 |          0 |
|     StreamingFIFO_rtl_31                    |                GenericPartition_3_StreamingFIFO_rtl_31_0 |         53 |         53 |       0 |    0 |   101 |      0 |      0 |    0 |          0 |
|       inst                                  |                                     StreamingFIFO_rtl_31 |         53 |         53 |       0 |    0 |   101 |      0 |      0 |    0 |          0 |
|         impl                                |                                 Q_srl__parameterized7_81 |         53 |         53 |       0 |    0 |   101 |      0 |      0 |    0 |          0 |
|     StreamingFIFO_rtl_32                    |                GenericPartition_3_StreamingFIFO_rtl_32_0 |        277 |         85 |       0 |  192 |    64 |      0 |      0 |    0 |          0 |
|       inst                                  |                                     StreamingFIFO_rtl_32 |        277 |         85 |       0 |  192 |    64 |      0 |      0 |    0 |          0 |
|         impl                                |                                    Q_srl__parameterized8 |        277 |         85 |       0 |  192 |    64 |      0 |      0 |    0 |          0 |
|     StreamingFIFO_rtl_33                    |                         StreamingFIFO_rtl_33_imp_1IHKYSV |         72 |         72 |       0 |    0 |    59 |      0 |      1 |    0 |          0 |
|       fifo                                  |                                GenericPartition_3_fifo_3 |         72 |         72 |       0 |    0 |    59 |      0 |      1 |    0 |          0 |
|         inst                                |     axis_data_fifo_v2_0_9_top__parameterized1__xdcDup__1 |         72 |         72 |       0 |    0 |    59 |      0 |      1 |    0 |          0 |
|     StreamingFIFO_rtl_34                    |                GenericPartition_3_StreamingFIFO_rtl_34_0 |         11 |         11 |       0 |    0 |    17 |      0 |      0 |    0 |          0 |
|       inst                                  |                                     StreamingFIFO_rtl_34 |         11 |         11 |       0 |    0 |    17 |      0 |      0 |    0 |          0 |
|         impl                                |                                 Q_srl__parameterized0_74 |         11 |         11 |       0 |    0 |    17 |      0 |      0 |    0 |          0 |
|     StreamingFIFO_rtl_35                    |                GenericPartition_3_StreamingFIFO_rtl_35_0 |         23 |         23 |       0 |    0 |    41 |      0 |      0 |    0 |          0 |
|       inst                                  |                                     StreamingFIFO_rtl_35 |         23 |         23 |       0 |    0 |    41 |      0 |      0 |    0 |          0 |
|         impl                                |                                 Q_srl__parameterized1_73 |         23 |         23 |       0 |    0 |    41 |      0 |      0 |    0 |          0 |
|     StreamingFIFO_rtl_36                    |                GenericPartition_3_StreamingFIFO_rtl_36_0 |         31 |         31 |       0 |    0 |    53 |      0 |      0 |    0 |          0 |
|       inst                                  |                                     StreamingFIFO_rtl_36 |         31 |         31 |       0 |    0 |    53 |      0 |      0 |    0 |          0 |
|         impl                                |                                 Q_srl__parameterized1_72 |         31 |         31 |       0 |    0 |    53 |      0 |      0 |    0 |          0 |
|     StreamingFIFO_rtl_37                    |                GenericPartition_3_StreamingFIFO_rtl_37_0 |         53 |         53 |       0 |    0 |   101 |      0 |      0 |    0 |          0 |
|       inst                                  |                                     StreamingFIFO_rtl_37 |         53 |         53 |       0 |    0 |   101 |      0 |      0 |    0 |          0 |
|         impl                                |                                 Q_srl__parameterized7_71 |         53 |         53 |       0 |    0 |   101 |      0 |      0 |    0 |          0 |
|     StreamingFIFO_rtl_38                    |                GenericPartition_3_StreamingFIFO_rtl_38_0 |        123 |         75 |       0 |   48 |    59 |      0 |      0 |    0 |          0 |
|       inst                                  |                                     StreamingFIFO_rtl_38 |        123 |         75 |       0 |   48 |    59 |      0 |      0 |    0 |          0 |
|         impl                                |                                    Q_srl__parameterized9 |        123 |         75 |       0 |   48 |    59 |      0 |      0 |    0 |          0 |
|     StreamingFIFO_rtl_39                    |                         StreamingFIFO_rtl_39_imp_1FGG2MZ |         69 |         69 |       0 |    0 |    55 |      0 |      1 |    0 |          0 |
|       fifo                                  |                                GenericPartition_3_fifo_4 |         69 |         69 |       0 |    0 |    55 |      0 |      1 |    0 |          0 |
|         inst                                |                                axis_data_fifo_v2_0_9_top |         69 |         69 |       0 |    0 |    55 |      0 |      1 |    0 |          0 |
|     StreamingFIFO_rtl_4                     |                 GenericPartition_3_StreamingFIFO_rtl_4_0 |         13 |         13 |       0 |    0 |    17 |      0 |      0 |    0 |          0 |
|       inst                                  |                                      StreamingFIFO_rtl_4 |         13 |         13 |       0 |    0 |    17 |      0 |      0 |    0 |          0 |
|         impl                                |                                 Q_srl__parameterized0_66 |         13 |         13 |       0 |    0 |    17 |      0 |      0 |    0 |          0 |
|     StreamingFIFO_rtl_40                    |                GenericPartition_3_StreamingFIFO_rtl_40_0 |         11 |         11 |       0 |    0 |    17 |      0 |      0 |    0 |          0 |
|       inst                                  |                                     StreamingFIFO_rtl_40 |         11 |         11 |       0 |    0 |    17 |      0 |      0 |    0 |          0 |
|         impl                                |                                 Q_srl__parameterized0_65 |         11 |         11 |       0 |    0 |    17 |      0 |      0 |    0 |          0 |
|     StreamingFIFO_rtl_41                    |                GenericPartition_3_StreamingFIFO_rtl_41_0 |         53 |         53 |       0 |    0 |   101 |      0 |      0 |    0 |          0 |
|       inst                                  |                                     StreamingFIFO_rtl_41 |         53 |         53 |       0 |    0 |   101 |      0 |      0 |    0 |          0 |
|         impl                                |                                 Q_srl__parameterized7_64 |         53 |         53 |       0 |    0 |   101 |      0 |      0 |    0 |          0 |
|     StreamingFIFO_rtl_42                    |                GenericPartition_3_StreamingFIFO_rtl_42_0 |         13 |         13 |       0 |    0 |    21 |      0 |      0 |    0 |          0 |
|       inst                                  |                                     StreamingFIFO_rtl_42 |         13 |         13 |       0 |    0 |    21 |      0 |      0 |    0 |          0 |
|         impl                                |                                 Q_srl__parameterized0_63 |         13 |         13 |       0 |    0 |    21 |      0 |      0 |    0 |          0 |
|     StreamingFIFO_rtl_43                    |                GenericPartition_3_StreamingFIFO_rtl_43_0 |          9 |          9 |       0 |    0 |    13 |      0 |      0 |    0 |          0 |
|       inst                                  |                                     StreamingFIFO_rtl_43 |          9 |          9 |       0 |    0 |    13 |      0 |      0 |    0 |          0 |
|         impl                                |                                 Q_srl__parameterized0_62 |          9 |          9 |       0 |    0 |    13 |      0 |      0 |    0 |          0 |
|     StreamingFIFO_rtl_44                    |                GenericPartition_3_StreamingFIFO_rtl_44_0 |        152 |         24 |       0 |  128 |   139 |      0 |      0 |    0 |          0 |
|       inst                                  |                                     StreamingFIFO_rtl_44 |        152 |         24 |       0 |  128 |   139 |      0 |      0 |    0 |          0 |
|         impl                                |                                 Q_srl__parameterized5_61 |        152 |         24 |       0 |  128 |   139 |      0 |      0 |    0 |          0 |
|     StreamingFIFO_rtl_45                    |                GenericPartition_3_StreamingFIFO_rtl_45_0 |         15 |         15 |       0 |    0 |    21 |      0 |      0 |    0 |          0 |
|       inst                                  |                                     StreamingFIFO_rtl_45 |         15 |         15 |       0 |    0 |    21 |      0 |      0 |    0 |          0 |
|         impl                                |                                 Q_srl__parameterized0_60 |         15 |         15 |       0 |    0 |    21 |      0 |      0 |    0 |          0 |
|     StreamingFIFO_rtl_46                    |                GenericPartition_3_StreamingFIFO_rtl_46_0 |         17 |         17 |       0 |    0 |    23 |      0 |      0 |    0 |          0 |
|       inst                                  |                                     StreamingFIFO_rtl_46 |         17 |         17 |       0 |    0 |    23 |      0 |      0 |    0 |          0 |
|         impl                                |                                                 Q_srl_59 |         17 |         17 |       0 |    0 |    23 |      0 |      0 |    0 |          0 |
|     StreamingFIFO_rtl_47                    |                GenericPartition_3_StreamingFIFO_rtl_47_0 |         16 |         16 |       0 |    0 |    21 |      0 |      0 |    0 |          0 |
|       inst                                  |                                     StreamingFIFO_rtl_47 |         16 |         16 |       0 |    0 |    21 |      0 |      0 |    0 |          0 |
|         impl                                |                                 Q_srl__parameterized0_58 |         16 |         16 |       0 |    0 |    21 |      0 |      0 |    0 |          0 |
|     StreamingFIFO_rtl_48                    |                GenericPartition_3_StreamingFIFO_rtl_48_0 |         13 |         13 |       0 |    0 |    17 |      0 |      0 |    0 |          0 |
|       inst                                  |                                     StreamingFIFO_rtl_48 |         13 |         13 |       0 |    0 |    17 |      0 |      0 |    0 |          0 |
|         impl                                |                                 Q_srl__parameterized0_57 |         13 |         13 |       0 |    0 |    17 |      0 |      0 |    0 |          0 |
|     StreamingFIFO_rtl_49                    |                          StreamingFIFO_rtl_49_imp_OGWGJS |         70 |         70 |       0 |    0 |    59 |      0 |      1 |    0 |          0 |
|       fifo                                  |                                GenericPartition_3_fifo_5 |         70 |         70 |       0 |    0 |    59 |      0 |      1 |    0 |          0 |
|         inst                                |     axis_data_fifo_v2_0_9_top__parameterized1__xdcDup__2 |         70 |         70 |       0 |    0 |    59 |      0 |      1 |    0 |          0 |
|     StreamingFIFO_rtl_5                     |                 GenericPartition_3_StreamingFIFO_rtl_5_0 |        101 |        101 |       0 |    0 |   197 |      0 |      0 |    0 |          0 |
|       inst                                  |                                      StreamingFIFO_rtl_5 |        101 |        101 |       0 |    0 |   197 |      0 |      0 |    0 |          0 |
|         impl                                |                                Q_srl__parameterized10_50 |        101 |        101 |       0 |    0 |   197 |      0 |      0 |    0 |          0 |
|     StreamingFIFO_rtl_50                    |                GenericPartition_3_StreamingFIFO_rtl_50_0 |         13 |         13 |       0 |    0 |    17 |      0 |      0 |    0 |          0 |
|       inst                                  |                                     StreamingFIFO_rtl_50 |         13 |         13 |       0 |    0 |    17 |      0 |      0 |    0 |          0 |
|         impl                                |                                 Q_srl__parameterized0_49 |         13 |         13 |       0 |    0 |    17 |      0 |      0 |    0 |          0 |
|     StreamingFIFO_rtl_51                    |                GenericPartition_3_StreamingFIFO_rtl_51_0 |         53 |         53 |       0 |    0 |   101 |      0 |      0 |    0 |          0 |
|       inst                                  |                                     StreamingFIFO_rtl_51 |         53 |         53 |       0 |    0 |   101 |      0 |      0 |    0 |          0 |
|         impl                                |                                 Q_srl__parameterized7_48 |         53 |         53 |       0 |    0 |   101 |      0 |      0 |    0 |          0 |
|     StreamingFIFO_rtl_52                    |                         StreamingFIFO_rtl_52_imp_162JO9U |         80 |         80 |       0 |    0 |    63 |      0 |      1 |    0 |          0 |
|       fifo                                  |                                GenericPartition_3_fifo_6 |         80 |         80 |       0 |    0 |    63 |      0 |      1 |    0 |          0 |
|         inst                                |     axis_data_fifo_v2_0_9_top__parameterized0__xdcDup__2 |         80 |         80 |       0 |    0 |    63 |      0 |      1 |    0 |          0 |
|     StreamingFIFO_rtl_53                    |                GenericPartition_3_StreamingFIFO_rtl_53_0 |         13 |         13 |       0 |    0 |    21 |      0 |      0 |    0 |          0 |
|       inst                                  |                                     StreamingFIFO_rtl_53 |         13 |         13 |       0 |    0 |    21 |      0 |      0 |    0 |          0 |
|         impl                                |                                 Q_srl__parameterized0_41 |         13 |         13 |       0 |    0 |    21 |      0 |      0 |    0 |          0 |
|     StreamingFIFO_rtl_54                    |                GenericPartition_3_StreamingFIFO_rtl_54_0 |         37 |         37 |       0 |    0 |    69 |      0 |      0 |    0 |          0 |
|       inst                                  |                                     StreamingFIFO_rtl_54 |         37 |         37 |       0 |    0 |    69 |      0 |      0 |    0 |          0 |
|         impl                                |                                 Q_srl__parameterized2_40 |         37 |         37 |       0 |    0 |    69 |      0 |      0 |    0 |          0 |
|     StreamingFIFO_rtl_55                    |                GenericPartition_3_StreamingFIFO_rtl_55_0 |        327 |         71 |       0 |  256 |    52 |      0 |      0 |    0 |          0 |
|       inst                                  |                                     StreamingFIFO_rtl_55 |        327 |         71 |       0 |  256 |    52 |      0 |      0 |    0 |          0 |
|         impl                                |                                   Q_srl__parameterized11 |        327 |         71 |       0 |  256 |    52 |      0 |      0 |    0 |          0 |
|     StreamingFIFO_rtl_56                    |                          StreamingFIFO_rtl_56_imp_Z6DZCW |         78 |         78 |       0 |    0 |    63 |      0 |      1 |    0 |          0 |
|       fifo                                  |                                GenericPartition_3_fifo_7 |         78 |         78 |       0 |    0 |    63 |      0 |      1 |    0 |          0 |
|         inst                                |     axis_data_fifo_v2_0_9_top__parameterized0__xdcDup__3 |         78 |         78 |       0 |    0 |    63 |      0 |      1 |    0 |          0 |
|     StreamingFIFO_rtl_57                    |                GenericPartition_3_StreamingFIFO_rtl_57_0 |          9 |          9 |       0 |    0 |    13 |      0 |      0 |    0 |          0 |
|       inst                                  |                                     StreamingFIFO_rtl_57 |          9 |          9 |       0 |    0 |    13 |      0 |      0 |    0 |          0 |
|         impl                                |                                 Q_srl__parameterized0_33 |          9 |          9 |       0 |    0 |    13 |      0 |      0 |    0 |          0 |
|     StreamingFIFO_rtl_58                    |                GenericPartition_3_StreamingFIFO_rtl_58_0 |         13 |         13 |       0 |    0 |    21 |      0 |      0 |    0 |          0 |
|       inst                                  |                                     StreamingFIFO_rtl_58 |         13 |         13 |       0 |    0 |    21 |      0 |      0 |    0 |          0 |
|         impl                                |                                 Q_srl__parameterized0_32 |         13 |         13 |       0 |    0 |    21 |      0 |      0 |    0 |          0 |
|     StreamingFIFO_rtl_59                    |                GenericPartition_3_StreamingFIFO_rtl_59_0 |         37 |         37 |       0 |    0 |    69 |      0 |      0 |    0 |          0 |
|       inst                                  |                                     StreamingFIFO_rtl_59 |         37 |         37 |       0 |    0 |    69 |      0 |      0 |    0 |          0 |
|         impl                                |                                 Q_srl__parameterized2_31 |         37 |         37 |       0 |    0 |    69 |      0 |      0 |    0 |          0 |
|     StreamingFIFO_rtl_6                     |                          StreamingFIFO_rtl_6_imp_1N5HKFC |         76 |         76 |       0 |    0 |    63 |      0 |      1 |    0 |          0 |
|       fifo                                  |                                GenericPartition_3_fifo_0 |         76 |         76 |       0 |    0 |    63 |      0 |      1 |    0 |          0 |
|         inst                                |                axis_data_fifo_v2_0_9_top__parameterized0 |         76 |         76 |       0 |    0 |    63 |      0 |      1 |    0 |          0 |
|     StreamingFIFO_rtl_60                    |                GenericPartition_3_StreamingFIFO_rtl_60_0 |        258 |         98 |       0 |  160 |    46 |      0 |      0 |    0 |          0 |
|       inst                                  |                                     StreamingFIFO_rtl_60 |        258 |         98 |       0 |  160 |    46 |      0 |      0 |    0 |          0 |
|         impl                                |                                   Q_srl__parameterized12 |        258 |         98 |       0 |  160 |    46 |      0 |      0 |    0 |          0 |
|     StreamingFIFO_rtl_61                    |                         StreamingFIFO_rtl_61_imp_173ZQO1 |         69 |         69 |       0 |    0 |    59 |      0 |      1 |    0 |          0 |
|       fifo                                  |                                GenericPartition_3_fifo_8 |         69 |         69 |       0 |    0 |    59 |      0 |      1 |    0 |          0 |
|         inst                                |     axis_data_fifo_v2_0_9_top__parameterized1__xdcDup__3 |         69 |         69 |       0 |    0 |    59 |      0 |      1 |    0 |          0 |
|     StreamingFIFO_rtl_62                    |                GenericPartition_3_StreamingFIFO_rtl_62_0 |         11 |         11 |       0 |    0 |    13 |      0 |      0 |    0 |          0 |
|       inst                                  |                                     StreamingFIFO_rtl_62 |         11 |         11 |       0 |    0 |    13 |      0 |      0 |    0 |          0 |
|         impl                                |                                 Q_srl__parameterized0_20 |         11 |         11 |       0 |    0 |    13 |      0 |      0 |    0 |          0 |
|     StreamingFIFO_rtl_63                    |                GenericPartition_3_StreamingFIFO_rtl_63_0 |         31 |         31 |       0 |    0 |    53 |      0 |      0 |    0 |          0 |
|       inst                                  |                                     StreamingFIFO_rtl_63 |         31 |         31 |       0 |    0 |    53 |      0 |      0 |    0 |          0 |
|         impl                                |                                    Q_srl__parameterized1 |         31 |         31 |       0 |    0 |    53 |      0 |      0 |    0 |          0 |
|     StreamingFIFO_rtl_64                    |                GenericPartition_3_StreamingFIFO_rtl_64_0 |         17 |         17 |       0 |    0 |    29 |      0 |      0 |    0 |          0 |
|       inst                                  |                                     StreamingFIFO_rtl_64 |         17 |         17 |       0 |    0 |    29 |      0 |      0 |    0 |          0 |
|         impl                                |                                                 Q_srl_19 |         17 |         17 |       0 |    0 |    29 |      0 |      0 |    0 |          0 |
|     StreamingFIFO_rtl_65                    |                GenericPartition_3_StreamingFIFO_rtl_65_0 |         11 |         11 |       0 |    0 |    17 |      0 |      0 |    0 |          0 |
|       inst                                  |                                     StreamingFIFO_rtl_65 |         11 |         11 |       0 |    0 |    17 |      0 |      0 |    0 |          0 |
|         impl                                |                                 Q_srl__parameterized0_18 |         11 |         11 |       0 |    0 |    17 |      0 |      0 |    0 |          0 |
|     StreamingFIFO_rtl_66                    |                GenericPartition_3_StreamingFIFO_rtl_66_0 |        153 |         25 |       0 |  128 |   139 |      0 |      0 |    0 |          0 |
|       inst                                  |                                     StreamingFIFO_rtl_66 |        153 |         25 |       0 |  128 |   139 |      0 |      0 |    0 |          0 |
|         impl                                |                                 Q_srl__parameterized5_17 |        153 |         25 |       0 |  128 |   139 |      0 |      0 |    0 |          0 |
|     StreamingFIFO_rtl_67                    |                GenericPartition_3_StreamingFIFO_rtl_67_0 |         15 |         15 |       0 |    0 |    21 |      0 |      0 |    0 |          0 |
|       inst                                  |                                     StreamingFIFO_rtl_67 |         15 |         15 |       0 |    0 |    21 |      0 |      0 |    0 |          0 |
|         impl                                |                                 Q_srl__parameterized0_16 |         15 |         15 |       0 |    0 |    21 |      0 |      0 |    0 |          0 |
|     StreamingFIFO_rtl_68                    |                GenericPartition_3_StreamingFIFO_rtl_68_0 |         17 |         17 |       0 |    0 |    23 |      0 |      0 |    0 |          0 |
|       inst                                  |                                     StreamingFIFO_rtl_68 |         17 |         17 |       0 |    0 |    23 |      0 |      0 |    0 |          0 |
|         impl                                |                                                 Q_srl_15 |         17 |         17 |       0 |    0 |    23 |      0 |      0 |    0 |          0 |
|     StreamingFIFO_rtl_69                    |                GenericPartition_3_StreamingFIFO_rtl_69_0 |         16 |         16 |       0 |    0 |    21 |      0 |      0 |    0 |          0 |
|       inst                                  |                                     StreamingFIFO_rtl_69 |         16 |         16 |       0 |    0 |    21 |      0 |      0 |    0 |          0 |
|         impl                                |                                 Q_srl__parameterized0_14 |         16 |         16 |       0 |    0 |    21 |      0 |      0 |    0 |          0 |
|     StreamingFIFO_rtl_7                     |                 GenericPartition_3_StreamingFIFO_rtl_7_0 |         11 |         11 |       0 |    0 |    17 |      0 |      0 |    0 |          0 |
|       inst                                  |                                      StreamingFIFO_rtl_7 |         11 |         11 |       0 |    0 |    17 |      0 |      0 |    0 |          0 |
|         impl                                |                                 Q_srl__parameterized0_13 |         11 |         11 |       0 |    0 |    17 |      0 |      0 |    0 |          0 |
|     StreamingFIFO_rtl_70                    |                GenericPartition_3_StreamingFIFO_rtl_70_0 |         13 |         13 |       0 |    0 |    17 |      0 |      0 |    0 |          0 |
|       inst                                  |                                     StreamingFIFO_rtl_70 |         13 |         13 |       0 |    0 |    17 |      0 |      0 |    0 |          0 |
|         impl                                |                                 Q_srl__parameterized0_12 |         13 |         13 |       0 |    0 |    17 |      0 |      0 |    0 |          0 |
|     StreamingFIFO_rtl_71                    |                GenericPartition_3_StreamingFIFO_rtl_71_0 |         12 |         12 |       0 |    0 |    17 |      0 |      0 |    0 |          0 |
|       inst                                  |                                     StreamingFIFO_rtl_71 |         12 |         12 |       0 |    0 |    17 |      0 |      0 |    0 |          0 |
|         impl                                |                                 Q_srl__parameterized0_11 |         12 |         12 |       0 |    0 |    17 |      0 |      0 |    0 |          0 |
|     StreamingFIFO_rtl_72                    |                GenericPartition_3_StreamingFIFO_rtl_72_0 |         11 |         11 |       0 |    0 |    17 |      0 |      0 |    0 |          0 |
|       inst                                  |                                     StreamingFIFO_rtl_72 |         11 |         11 |       0 |    0 |    17 |      0 |      0 |    0 |          0 |
|         impl                                |                                 Q_srl__parameterized0_10 |         11 |         11 |       0 |    0 |    17 |      0 |      0 |    0 |          0 |
|     StreamingFIFO_rtl_73                    |                GenericPartition_3_StreamingFIFO_rtl_73_0 |        101 |        101 |       0 |    0 |   197 |      0 |      0 |    0 |          0 |
|       inst                                  |                                     StreamingFIFO_rtl_73 |        101 |        101 |       0 |    0 |   197 |      0 |      0 |    0 |          0 |
|         impl                                |                                   Q_srl__parameterized10 |        101 |        101 |       0 |    0 |   197 |      0 |      0 |    0 |          0 |
|     StreamingFIFO_rtl_74                    |                         StreamingFIFO_rtl_74_imp_1HGSJLP |         73 |         73 |       0 |    0 |    59 |      0 |      1 |    0 |          0 |
|       fifo                                  |                                GenericPartition_3_fifo_9 |         73 |         73 |       0 |    0 |    59 |      0 |      1 |    0 |          0 |
|         inst                                |                axis_data_fifo_v2_0_9_top__parameterized1 |         73 |         73 |       0 |    0 |    59 |      0 |      1 |    0 |          0 |
|     StreamingFIFO_rtl_75                    |                GenericPartition_3_StreamingFIFO_rtl_75_0 |          9 |          9 |       0 |    0 |    13 |      0 |      0 |    0 |          0 |
|       inst                                  |                                     StreamingFIFO_rtl_75 |          9 |          9 |       0 |    0 |    13 |      0 |      0 |    0 |          0 |
|         impl                                |                                  Q_srl__parameterized0_7 |          9 |          9 |       0 |    0 |    13 |      0 |      0 |    0 |          0 |
|     StreamingFIFO_rtl_76                    |                GenericPartition_3_StreamingFIFO_rtl_76_0 |         37 |         37 |       0 |    0 |    69 |      0 |      0 |    0 |          0 |
|       inst                                  |                                     StreamingFIFO_rtl_76 |         37 |         37 |       0 |    0 |    69 |      0 |      0 |    0 |          0 |
|         impl                                |                                  Q_srl__parameterized2_6 |         37 |         37 |       0 |    0 |    69 |      0 |      0 |    0 |          0 |
|     StreamingFIFO_rtl_77                    |                GenericPartition_3_StreamingFIFO_rtl_77_0 |         90 |         58 |       0 |   32 |    43 |      0 |      0 |    0 |          0 |
|       inst                                  |                                     StreamingFIFO_rtl_77 |         90 |         58 |       0 |   32 |    43 |      0 |      0 |    0 |          0 |
|         impl                                |                                  Q_srl__parameterized3_5 |         90 |         58 |       0 |   32 |    43 |      0 |      0 |    0 |          0 |
|     StreamingFIFO_rtl_78                    |                GenericPartition_3_StreamingFIFO_rtl_78_0 |         65 |         45 |       0 |   20 |    18 |      0 |      0 |    0 |          0 |
|       inst                                  |                                     StreamingFIFO_rtl_78 |         65 |         45 |       0 |   20 |    18 |      0 |      0 |    0 |          0 |
|         impl                                |                                   Q_srl__parameterized13 |         65 |         45 |       0 |   20 |    18 |      0 |      0 |    0 |          0 |
|     StreamingFIFO_rtl_79                    |                GenericPartition_3_StreamingFIFO_rtl_79_0 |          9 |          9 |       0 |    0 |    13 |      0 |      0 |    0 |          0 |
|       inst                                  |                                     StreamingFIFO_rtl_79 |          9 |          9 |       0 |    0 |    13 |      0 |      0 |    0 |          0 |
|         impl                                |                                  Q_srl__parameterized0_4 |          9 |          9 |       0 |    0 |    13 |      0 |      0 |    0 |          0 |
|     StreamingFIFO_rtl_8                     |                 GenericPartition_3_StreamingFIFO_rtl_8_0 |         53 |         53 |       0 |    0 |   101 |      0 |      0 |    0 |          0 |
|       inst                                  |                                      StreamingFIFO_rtl_8 |         53 |         53 |       0 |    0 |   101 |      0 |      0 |    0 |          0 |
|         impl                                |                                  Q_srl__parameterized7_3 |         53 |         53 |       0 |    0 |   101 |      0 |      0 |    0 |          0 |
|     StreamingFIFO_rtl_80                    |                GenericPartition_3_StreamingFIFO_rtl_80_0 |         13 |         13 |       0 |    0 |    21 |      0 |      0 |    0 |          0 |
|       inst                                  |                                     StreamingFIFO_rtl_80 |         13 |         13 |       0 |    0 |    21 |      0 |      0 |    0 |          0 |
|         impl                                |                                  Q_srl__parameterized0_2 |         13 |         13 |       0 |    0 |    21 |      0 |      0 |    0 |          0 |
|     StreamingFIFO_rtl_81                    |                GenericPartition_3_StreamingFIFO_rtl_81_0 |         37 |         37 |       0 |    0 |    69 |      0 |      0 |    0 |          0 |
|       inst                                  |                                     StreamingFIFO_rtl_81 |         37 |         37 |       0 |    0 |    69 |      0 |      0 |    0 |          0 |
|         impl                                |                                    Q_srl__parameterized2 |         37 |         37 |       0 |    0 |    69 |      0 |      0 |    0 |          0 |
|     StreamingFIFO_rtl_82                    |                GenericPartition_3_StreamingFIFO_rtl_82_0 |         90 |         58 |       0 |   32 |    43 |      0 |      0 |    0 |          0 |
|       inst                                  |                                     StreamingFIFO_rtl_82 |         90 |         58 |       0 |   32 |    43 |      0 |      0 |    0 |          0 |
|         impl                                |                                    Q_srl__parameterized3 |         90 |         58 |       0 |   32 |    43 |      0 |      0 |    0 |          0 |
|     StreamingFIFO_rtl_83                    |                GenericPartition_3_StreamingFIFO_rtl_83_0 |         33 |         29 |       0 |    4 |    15 |      0 |      0 |    0 |          0 |
|       inst                                  |                                     StreamingFIFO_rtl_83 |         33 |         29 |       0 |    4 |    15 |      0 |      0 |    0 |          0 |
|         impl                                |                                   Q_srl__parameterized14 |         33 |         29 |       0 |    4 |    15 |      0 |      0 |    0 |          0 |
|     StreamingFIFO_rtl_84                    |                GenericPartition_3_StreamingFIFO_rtl_84_0 |          9 |          9 |       0 |    0 |    13 |      0 |      0 |    0 |          0 |
|       inst                                  |                                     StreamingFIFO_rtl_84 |          9 |          9 |       0 |    0 |    13 |      0 |      0 |    0 |          0 |
|         impl                                |                                  Q_srl__parameterized0_1 |          9 |          9 |       0 |    0 |    13 |      0 |      0 |    0 |          0 |
|     StreamingFIFO_rtl_85                    |                GenericPartition_3_StreamingFIFO_rtl_85_0 |         53 |         53 |       0 |    0 |   101 |      0 |      0 |    0 |          0 |
|       inst                                  |                                     StreamingFIFO_rtl_85 |         53 |         53 |       0 |    0 |   101 |      0 |      0 |    0 |          0 |
|         impl                                |                                    Q_srl__parameterized7 |         53 |         53 |       0 |    0 |   101 |      0 |      0 |    0 |          0 |
|     StreamingFIFO_rtl_86                    |                GenericPartition_3_StreamingFIFO_rtl_86_0 |         11 |         11 |       0 |    0 |    17 |      0 |      0 |    0 |          0 |
|       inst                                  |                                     StreamingFIFO_rtl_86 |         11 |         11 |       0 |    0 |    17 |      0 |      0 |    0 |          0 |
|         impl                                |                                  Q_srl__parameterized0_0 |         11 |         11 |       0 |    0 |    17 |      0 |      0 |    0 |          0 |
|     StreamingFIFO_rtl_87                    |                GenericPartition_3_StreamingFIFO_rtl_87_0 |        152 |         24 |       0 |  128 |   139 |      0 |      0 |    0 |          0 |
|       inst                                  |                                     StreamingFIFO_rtl_87 |        152 |         24 |       0 |  128 |   139 |      0 |      0 |    0 |          0 |
|         impl                                |                                    Q_srl__parameterized5 |        152 |         24 |       0 |  128 |   139 |      0 |      0 |    0 |          0 |
|     StreamingFIFO_rtl_88                    |                GenericPartition_3_StreamingFIFO_rtl_88_0 |         14 |         14 |       0 |    0 |    21 |      0 |      0 |    0 |          0 |
|       inst                                  |                                     StreamingFIFO_rtl_88 |         14 |         14 |       0 |    0 |    21 |      0 |      0 |    0 |          0 |
|         impl                                |                                    Q_srl__parameterized0 |         14 |         14 |       0 |    0 |    21 |      0 |      0 |    0 |          0 |
|     StreamingFIFO_rtl_89                    |                GenericPartition_3_StreamingFIFO_rtl_89_0 |         14 |         14 |       0 |    0 |    23 |      0 |      0 |    0 |          0 |
|       inst                                  |                                     StreamingFIFO_rtl_89 |         14 |         14 |       0 |    0 |    23 |      0 |      0 |    0 |          0 |
|         impl                                |                                                    Q_srl |         14 |         14 |       0 |    0 |    23 |      0 |      0 |    0 |          0 |
|     StreamingFIFO_rtl_9                     |                 GenericPartition_3_StreamingFIFO_rtl_9_0 |        171 |         75 |       0 |   96 |    60 |      0 |      0 |    0 |          0 |
|       inst                                  |                                      StreamingFIFO_rtl_9 |        171 |         75 |       0 |   96 |    60 |      0 |      0 |    0 |          0 |
|         impl                                |                                   Q_srl__parameterized15 |        171 |         75 |       0 |   96 |    60 |      0 |      0 |    0 |          0 |
|     Thresholding_rtl_0                      |                  GenericPartition_3_Thresholding_rtl_0_0 |         71 |         62 |       0 |    9 |   312 |      2 |      5 |    0 |          0 |
|       inst                                  |                           Thresholding_rtl_0_axi_wrapper |         71 |         62 |       0 |    9 |   312 |      2 |      5 |    0 |          0 |
|         core                                |                                         thresholding_axi |         71 |         62 |       0 |    9 |   312 |      2 |      5 |    0 |          0 |
|     Thresholding_rtl_1                      |                  GenericPartition_3_Thresholding_rtl_1_0 |         68 |         54 |       0 |   14 |   154 |      0 |      1 |    0 |          0 |
|       inst                                  |                           Thresholding_rtl_1_axi_wrapper |         68 |         54 |       0 |   14 |   154 |      0 |      1 |    0 |          0 |
|         core                                |                         thresholding_axi__parameterized0 |         68 |         54 |       0 |   14 |   154 |      0 |      1 |    0 |          0 |
|     Thresholding_rtl_10                     |                 GenericPartition_3_Thresholding_rtl_10_0 |         68 |         54 |       0 |   14 |   154 |      0 |      1 |    0 |          0 |
|       inst                                  |                          Thresholding_rtl_10_axi_wrapper |         68 |         54 |       0 |   14 |   154 |      0 |      1 |    0 |          0 |
|         core                                |                         thresholding_axi__parameterized1 |         68 |         54 |       0 |   14 |   154 |      0 |      1 |    0 |          0 |
|     Thresholding_rtl_11                     |                 GenericPartition_3_Thresholding_rtl_11_0 |         63 |         48 |       0 |   15 |   224 |      1 |      2 |    0 |          0 |
|       inst                                  |                          Thresholding_rtl_11_axi_wrapper |         63 |         48 |       0 |   15 |   224 |      1 |      2 |    0 |          0 |
|         core                                |                         thresholding_axi__parameterized2 |         63 |         48 |       0 |   15 |   224 |      1 |      2 |    0 |          0 |
|     Thresholding_rtl_2                      |                  GenericPartition_3_Thresholding_rtl_2_0 |         65 |         50 |       0 |   15 |   209 |      1 |      2 |    0 |          0 |
|       inst                                  |                           Thresholding_rtl_2_axi_wrapper |         65 |         50 |       0 |   15 |   209 |      1 |      2 |    0 |          0 |
|         core                                |                         thresholding_axi__parameterized3 |         65 |         50 |       0 |   15 |   209 |      1 |      2 |    0 |          0 |
|     Thresholding_rtl_3                      |                  GenericPartition_3_Thresholding_rtl_3_0 |         71 |         62 |       0 |    9 |   312 |      2 |      5 |    0 |          0 |
|       inst                                  |                           Thresholding_rtl_3_axi_wrapper |         71 |         62 |       0 |    9 |   312 |      2 |      5 |    0 |          0 |
|         core                                |                         thresholding_axi__parameterized4 |         71 |         62 |       0 |    9 |   312 |      2 |      5 |    0 |          0 |
|     Thresholding_rtl_4                      |                  GenericPartition_3_Thresholding_rtl_4_0 |         64 |         50 |       0 |   14 |   154 |      0 |      0 |    0 |          0 |
|       inst                                  |                           Thresholding_rtl_4_axi_wrapper |         64 |         50 |       0 |   14 |   154 |      0 |      0 |    0 |          0 |
|         core                                |                         thresholding_axi__parameterized5 |         64 |         50 |       0 |   14 |   154 |      0 |      0 |    0 |          0 |
|     Thresholding_rtl_5                      |                  GenericPartition_3_Thresholding_rtl_5_0 |         61 |         45 |       0 |   16 |   213 |      1 |      3 |    0 |          0 |
|       inst                                  |                           Thresholding_rtl_5_axi_wrapper |         61 |         45 |       0 |   16 |   213 |      1 |      3 |    0 |          0 |
|         core                                |                         thresholding_axi__parameterized6 |         61 |         45 |       0 |   16 |   213 |      1 |      3 |    0 |          0 |
|     Thresholding_rtl_6                      |                  GenericPartition_3_Thresholding_rtl_6_0 |         78 |         64 |       0 |   14 |   300 |      2 |      3 |    0 |          0 |
|       inst                                  |                           Thresholding_rtl_6_axi_wrapper |         78 |         64 |       0 |   14 |   300 |      2 |      3 |    0 |          0 |
|         core                                |                         thresholding_axi__parameterized7 |         78 |         64 |       0 |   14 |   300 |      2 |      3 |    0 |          0 |
|     Thresholding_rtl_7                      |                  GenericPartition_3_Thresholding_rtl_7_0 |         67 |         53 |       0 |   14 |   154 |      0 |      0 |    0 |          0 |
|       inst                                  |                           Thresholding_rtl_7_axi_wrapper |         67 |         53 |       0 |   14 |   154 |      0 |      0 |    0 |          0 |
|         core                                |                         thresholding_axi__parameterized8 |         67 |         53 |       0 |   14 |   154 |      0 |      0 |    0 |          0 |
|     Thresholding_rtl_8                      |                  GenericPartition_3_Thresholding_rtl_8_0 |         60 |         44 |       0 |   16 |   215 |      1 |      3 |    0 |          0 |
|       inst                                  |                           Thresholding_rtl_8_axi_wrapper |         60 |         44 |       0 |   16 |   215 |      1 |      3 |    0 |          0 |
|         core                                |                         thresholding_axi__parameterized9 |         60 |         44 |       0 |   16 |   215 |      1 |      3 |    0 |          0 |
|     Thresholding_rtl_9                      |                  GenericPartition_3_Thresholding_rtl_9_0 |         71 |         62 |       0 |    9 |   313 |      2 |      4 |    0 |          0 |
|       (Thresholding_rtl_9)                  |                  GenericPartition_3_Thresholding_rtl_9_0 |          1 |          1 |       0 |    0 |     0 |      0 |      0 |    0 |          0 |
|       inst                                  |                           Thresholding_rtl_9_axi_wrapper |         70 |         61 |       0 |    9 |   313 |      2 |      4 |    0 |          0 |
|         core                                |                        thresholding_axi__parameterized10 |         70 |         61 |       0 |    9 |   313 |      2 |      4 |    0 |          0 |
+---------------------------------------------+----------------------------------------------------------+------------+------------+---------+------+-------+--------+--------+------+------------+
* Note: The sum of lower-level cells may be larger than their parent cells total, due to cross-hierarchy LUT combining


