model_name,config,channels,bottlenecks,bit_width,auto_fifo_strategy,target_fps,synth_clk_period_ns,fpga_part,output_dir,build_start,build_end,build_duration_hours,LUT,LUT_pct,LUTRAM,FF,DSP,DSP_pct,BRAM,BRAM_18K,BRAM_18K_pct,BRAM_36K,URAM,Carry,WNS_ns,fmax_mhz,estimated_throughput_fps,latency_ms,rtlsim_cycles,rtlsim_inputs,rtlsim_outputs,vivado_version,status,notes
quantEnet_original_int8,original_paper_baseline,"16,64,128,64,16","4,8,8,2,1",8,,,5.0,xczu7ev-ffvc1156-2-e,hardware/outputs/quantEnet_original_int8_unfolded_report_20260817_193906,2026-08-17 19:39:06,2026-08-17 19:47:57,0.1476,487708.0,211.68,,,87.0,5.03,,219.0,35.1,,0.0,,,,0.3725290298461914,13485.36563,,,,,estimate_only_fully_unfolded,"PE=SIMD=1 fully unfolded analytical estimate (no synthesis/rtlsim); LUT-bound, does not fit (211.7% of 230400 LUT budget); DSP 5.0% of 1728; BRAM_18K 35.1% of 624"
quantEnet_s19_double_mid_int8,s19_double_mid_8way_partitioned_ooc_synth_TOTAL,"4,16,32,16,4","4,12,12,2,1",8,largefifo_rtlsim,250.0,10.0,xczu7ev-ffvc1156-2-e,finn/notebooks/enet/finn_deployment_outputs/stitched_ip_partitioned8way_quantEnet_s19_double_mid_int8_largefifo_rtlsim_20260820_101224/per_partition_reports,2026-08-20 10:12:24,,,830689.0,360.54,20888.0,660326.0,0.0,0.0,,696.0,145.19,105.0,0.0,,,122.0,,,,,,2022.2,does_not_fit_sum_of_8_independent_partitions,"SUM of 8 real Vivado OOC-synth + rtlsim runs, one per StreamingDataflowPartition, each using FINN's stock (unmodified) SynthOutOfContext/rtlsim steps directly on that partition's own already-valid stitched-IP (no combined/merged bitstream was built -- the combine step had unresolved bugs, see PARTITIONED_BUILD_LOG.md). CLB LUT (LUT+LUTRAM)=851577=369.7% of 230400 -- does NOT fit. FF=660326=143.3% of 460800. BRAM_18K-equivalent(18K_count+2*36K_count)=906=145.2% of 624. DSP=0/1728 (resType left at FINN default 'auto', which chose LUT-based MAC at this fold point -- see quantEnet_s19_single_block_int8 rows for a forced resType=dsp probe). fmax_mhz here is the MIN across the 8 partitions (range 122.0-170.1 MHz); each partition is an independently clocked/synthesized kernel, not one chained design. Per-partition breakdown in the 8 rows below."
quantEnet_s19_double_mid_int8,s19_double_mid_partition_0_ooc_synth,,,8,largefifo_rtlsim,250.0,10.0,xczu7ev-ffvc1156-2-e,finn/notebooks/enet/finn_deployment_outputs/stitched_ip_partitioned8way_quantEnet_s19_double_mid_int8_largefifo_rtlsim_20260820_101224/per_partition_reports/GenericPartition_0/report,2026-08-20 10:12:24,,,3463.0,1.5,96.0,889.0,0.0,0.0,,3.0,0.48,0.0,0.0,,,170.1,,,,,,2022.2,real_ooc_synth_standalone_partition,"Smallest of the 8 partitions. Independent stock FINN SynthOutOfContext + rtlsim on this partition's own stitched IP (reused from the earlier step_build_all_partitions run, no combine/merge step)."
quantEnet_s19_double_mid_int8,s19_double_mid_partition_1_ooc_synth,,,8,largefifo_rtlsim,250.0,10.0,xczu7ev-ffvc1156-2-e,finn/notebooks/enet/finn_deployment_outputs/stitched_ip_partitioned8way_quantEnet_s19_double_mid_int8_largefifo_rtlsim_20260820_101224/per_partition_reports/GenericPartition_1/report,2026-08-20 10:12:24,,,74105.0,32.16,1846.0,46400.0,0.0,0.0,,94.0,16.67,5.0,0.0,,,146.8,,,,,,2022.2,real_ooc_synth_standalone_partition,"Independent stock FINN SynthOutOfContext + rtlsim on this partition's own stitched IP (reused from the earlier step_build_all_partitions run, no combine/merge step)."
quantEnet_s19_double_mid_int8,s19_double_mid_partition_2_ooc_synth,,,8,largefifo_rtlsim,250.0,10.0,xczu7ev-ffvc1156-2-e,finn/notebooks/enet/finn_deployment_outputs/stitched_ip_partitioned8way_quantEnet_s19_double_mid_int8_largefifo_rtlsim_20260820_101224/per_partition_reports/GenericPartition_2/report,2026-08-20 10:12:24,,,179084.0,77.73,5043.0,146866.0,0.0,0.0,,145.0,30.29,22.0,0.0,,,127.6,977.2,,,,,2022.2,real_ooc_synth_standalone_partition,"Largest of the 8 partitions by LUT. Independent stock FINN SynthOutOfContext + rtlsim on this partition's own stitched IP (reused from the earlier step_build_all_partitions run, no combine/merge step)."
quantEnet_s19_double_mid_int8,s19_double_mid_partition_3_ooc_synth,,,8,largefifo_rtlsim,250.0,10.0,xczu7ev-ffvc1156-2-e,finn/notebooks/enet/finn_deployment_outputs/stitched_ip_partitioned8way_quantEnet_s19_double_mid_int8_largefifo_rtlsim_20260820_101224/per_partition_reports/GenericPartition_3/report,2026-08-20 10:12:24,,,174473.0,75.73,4258.0,142586.0,0.0,0.0,,126.0,27.88,24.0,0.0,,,125.7,830.6,,,,,2022.2,real_ooc_synth_standalone_partition,"Independent stock FINN SynthOutOfContext + rtlsim on this partition's own stitched IP (reused from the earlier step_build_all_partitions run, no combine/merge step)."
quantEnet_s19_double_mid_int8,s19_double_mid_partition_4_ooc_synth,,,8,largefifo_rtlsim,250.0,10.0,xczu7ev-ffvc1156-2-e,finn/notebooks/enet/finn_deployment_outputs/stitched_ip_partitioned8way_quantEnet_s19_double_mid_int8_largefifo_rtlsim_20260820_101224/per_partition_reports/GenericPartition_4/report,2026-08-20 10:12:24,,,169769.0,73.69,3868.0,141784.0,0.0,0.0,,139.0,30.29,25.0,0.0,,,128.9,853.8,,,,,2022.2,real_ooc_synth_standalone_partition,"Independent stock FINN SynthOutOfContext + rtlsim on this partition's own stitched IP (reused from the earlier step_build_all_partitions run, no combine/merge step)."
quantEnet_s19_double_mid_int8,s19_double_mid_partition_5_ooc_synth,,,8,largefifo_rtlsim,250.0,10.0,xczu7ev-ffvc1156-2-e,finn/notebooks/enet/finn_deployment_outputs/stitched_ip_partitioned8way_quantEnet_s19_double_mid_int8_largefifo_rtlsim_20260820_101224/per_partition_reports/GenericPartition_5/report,2026-08-20 10:12:24,,,160103.0,69.49,3718.0,140793.0,0.0,0.0,,130.0,28.53,24.0,0.0,,,135.8,854.1,,,,,2022.2,real_ooc_synth_standalone_partition,"Independent stock FINN SynthOutOfContext + rtlsim on this partition's own stitched IP (reused from the earlier step_build_all_partitions run, no combine/merge step)."
quantEnet_s19_double_mid_int8,s19_double_mid_partition_6_ooc_synth,,,8,largefifo_rtlsim,250.0,10.0,xczu7ev-ffvc1156-2-e,finn/notebooks/enet/finn_deployment_outputs/stitched_ip_partitioned8way_quantEnet_s19_double_mid_int8_largefifo_rtlsim_20260820_101224/per_partition_reports/GenericPartition_6/report,2026-08-20 10:12:24,,,48191.0,20.92,1018.0,31879.0,0.0,0.0,,45.0,8.49,4.0,0.0,,,140.5,372.6,,,,,2022.2,real_ooc_synth_standalone_partition,"Independent stock FINN SynthOutOfContext + rtlsim on this partition's own stitched IP (reused from the earlier step_build_all_partitions run, no combine/merge step)."
quantEnet_s19_double_mid_int8,s19_double_mid_partition_7_ooc_synth,,,8,largefifo_rtlsim,250.0,10.0,xczu7ev-ffvc1156-2-e,finn/notebooks/enet/finn_deployment_outputs/stitched_ip_partitioned8way_quantEnet_s19_double_mid_int8_largefifo_rtlsim_20260820_101224/per_partition_reports/GenericPartition_7/report,2026-08-20 10:12:24,,,21501.0,9.33,1041.0,9129.0,0.0,0.0,,14.0,2.56,1.0,0.0,,,122.0,294.1,,,,,2022.2,real_ooc_synth_standalone_partition,"Smallest by FF/BRAM among the non-trivial partitions. Independent stock FINN SynthOutOfContext + rtlsim on this partition's own stitched IP (reused from the earlier step_build_all_partitions run, no combine/merge step)."
quantEnet_s19_single_block_int8,s19_single_block_force_dsp_uram_ooc_synth,32,1,8,largefifo_rtlsim,250.0,10.0,xczu7ev-ffvc1156-2-e,finn/notebooks/enet/finn_deployment_outputs/stitched_ip_quantEnet_s19_single_block_int8_force_dsp_uram_20260821_220018,2026-08-21 22:00:18,2026-08-21 22:21:00,0.35,24473.0,10.62,602.0,18466.0,4.0,0.23,42.0,24.0,3.85,30.0,2.0,2119.0,3.127,145.5,555.03,,279858.0,32768.0,32768.0,2022.2,real_ooc_synth_forced_resType_ram_style,"Single standalone S19-style bottleneck (1x1 reduce -> separable dilated 3x3 d=2 as (3,1)+(1,3) -> 1x1 expand), int8, with a custom build step forcing resType=dsp on all 4 MVAU_hls nodes and ram_style=ultra on both ConvolutionInputGenerator_rtl (SWU) nodes. BOTH forcing directives CONFIRMED WORKING in the real routed Vivado netlist via 'report_utilization -hierarchical' on the impl_1 routed.dcp checkpoint: URAM288 x2 attributed 1-each to ConvolutionInputGenerator_rtl_0/_1 (the SWU line buffers, NOT MVAU weight memory -- each MVAU_hls_N_wstrm weight-stream submodule shows 0 BRAM/URAM, using LUTRAM instead), and DSP48E2 x4 attributed 1-each to MVAU_hls_0/1/2/3 (the compute nodes), exactly matching FINN's own analytical estimate_layer_resources.json total (URAM=2, DSP=4). NOTE: FINN's own report/ooc_synth_and_timing.json initially appeared to show DSP=0 -- this was a parser artifact/bug in that summary report, NOT the real synthesis result; the underlying vivado utilization_synth.rpt/utilization_placed.rpt and the hierarchical checkpoint query both agree on DSP=4. rtlsim throughput 357.3 img/s @ fixed 100MHz rtlsim fclk (not the 145.5MHz real fmax); estimated_throughput_fps=555.03 is FINN's post-synth analytical estimate at real fmax. See hardware/resource_equivalence_int8.md for the LUT/DSP and URAM/BRAM equivalence background."
quantEnet_s19_double_mid_int8,s19_double_mid_partition_2_force_dsp_uram_ooc_synth,,,8,largefifo_rtlsim,250.0,10.0,xczu7ev-ffvc1156-2-e,finn/notebooks/enet/finn_deployment_outputs/partition2_force_dsp_uram_20260821_232732/report,2026-08-21 23:27:32,2026-08-22 04:50:20,5.38,177903.0,77.21,4233.0,146666.0,24.0,1.39,,145.0,30.29,22.0,10.0,13028.0,2.434,132.17,3585.35,,102334.0,,,2022.2,real_ooc_synth_forced_resType_ram_style,"Real (not toy) partition 2 of the S19 8-way build (largest partition, 24 MVAU_hls nodes), rebuilt from the pre-split intermediate_models/assign_stage_partition_ids_8way.onnx checkpoint of the original run with resType=dsp forced on all 24 MVAU_hls nodes and ram_style=ultra forced on all ConvolutionInputGenerator_rtl (SWU) nodes, through real Vivado OOC synthesis. FINN's report/ooc_synth_and_timing.json again showed the same DSP=0 parser bug seen in the single-block probe; cross-checked and CORRECTED to DSP=24 via the raw GenericPartition_2_wrapper_utilization_synth.rpt and _utilization_placed.rpt (both agree: 'DSPs | 24 | ... | DSP48E2 only | 24'). Comparison vs unforced baseline (s19_double_mid_partition_2_ooc_synth row): LUT 179084->177903 (-1181, -0.66%), LUTRAM 5043->4233 (-810), FF 146866->146666 (-200), DSP 0->24, URAM 0->10 (out of 96 budget), BRAM_18K/BRAM_36K UNCHANGED at 145/22 (URAM forcing was purely additive, moving some LUTRAM-based SWU buffers to URAM rather than displacing existing BRAM), fmax_mhz 127.6->132.17 (+3.7%). Net LUT savings from DSP-forcing a full-size partition is small (~0.7%), far below the ~80-88 LUT/DSP equivalence rate implied by resource_equivalence_int8.md -- most of a real partition's LUT usage is control/FIFO/thresholding logic, not MVAU multiplier logic. rtlsim throughput 977.19 img/s @ fixed 100MHz fclk (cycles=102334, essentially unchanged from the unforced baseline's 977.2, confirming forcing resType/ram_style does not change dataflow scheduling); estimated_throughput_fps=3585.35 is FINN's post-synth analytical (II-based) estimate at real fmax, not directly comparable to rtlsim latency-based throughput."
quantEnet_s19_hawq_block_int8,s19_hawq_block_partition_2_ooc_synth,,,2/4/8_mixed,largefifo_rtlsim,250.0,10.0,xczu7ev-ffvc1156-2-e,finn/notebooks/enet/finn_deployment_outputs/partition2_hawq_block_20260824_220316/report,2026-08-24 22:03:16,2026-08-25 04:57:48,6.91,22436.0,9.74,3371.0,22992.0,148.0,8.56,11.0,22.0,3.53,0.0,0.0,651.0,4.962,198.49,6057.48,0.474,47439.0,1.0,1.0,2022.2,real_ooc_synth_hawq_per_block_bitwidth,"First real OOC-synth of an HAWQ per-block-bit-width (2/4/8, see compression/hawq/block_bits_s19.json) S19 variant, using the ILP-derived per-layer PE/SIMD folding config (compression/hawq/folding_block_s19.json) applied via a name-bridging script (hardware/finn_hawq_folding_bridge.py) that maps logical layer names to FINNs post-specialize_layers node names (GiveUniqueNodeNames() called a SECOND time, unprefixed, to match what step_apply_folding_config does internally -- see hardware/finn_hawq_folding_bridge.py). This is the SAME 8-way partition_id=2 node-index range (down2 downsample + stage2.0..stage2.5 partial, 24 MVAU_hls nodes) as the s19_double_mid_partition_2_ooc_synth baseline, making this a direct apples-to-apples comparison of per-block HAWQ bit-widths + ILP folding vs uniform INT8 + FINNs target_fps=250 auto-folding. down2.shortcut_proj.0 (1 of 24 MVAU nodes) had no folding_block_s19.json entry (ILP cost model did not cost the residual shortcut projection) and was left on FINNs default folding. IMPORTANT: FINNs report/ooc_synth_and_timing.json again showed the known DSP=0 parser bug (see partition_2_force_dsp_uram row) -- cross-checked and CORRECTED to DSP=148 via the raw GenericPartition_2_wrapper_utilization_synth.rpt and _utilization_placed.rpt (both agree Used=148, 8.56% of 1728). This is a real and interesting result: unlike the uniform-INT8 baseline (auto resType chose DSP=0, i.e. all-LUT MACs), FINNs auto resType heuristic chose DSP48E2 packing for many of the low-bit-width (2/4-bit) MVAU nodes here, presumably because narrow weight/act products pack efficiently into DSP48E2 SIMD-in-DSP mode. Results vs baseline (LUT 179084/LUTRAM 5043/FF 146866/DSP 0/BRAM_18K 145/BRAM_36K 22/fmax 127.6MHz/rtlsim cycles ~102334 at fixed 100MHz fclk -> 977.2 img/s): LUT -87.5% (22436), LUTRAM -33.2% (3371), FF -84.3% (22992), DSP 0->148 (used instead of LUT for MACs), BRAM_18K -84.8% (22)/BRAM_36K 22->0, fmax +55.6% (198.49MHz), rtlsim cycles -53.6% (47439, i.e. 2.16x fewer cycles than baseline) -> rtlsim throughput @ fixed 100MHz fclk 2108.0 img/s (+115.7% vs baseline 977.2). estimated_throughput_fps=6057.48 is FINNs post-synth analytical (fmax-scaled) estimate. Caveat: fresh (untrained, torch.manual_seed(0)) weights used throughout (same convention as every other FINN-safe resource probe in this repo) -- these numbers measure architecture+bit-width+folding resource/timing impact only, NOT model accuracy."
quantEnet_s19_hawq_block_joint_int8,s19_hawq_joint_partition_2_ooc_synth,,,2/4/8_mixed_joint,largefifo_rtlsim,250.0,10.0,xczu7ev-ffvc1156-2-e,finn/notebooks/enet/finn_deployment_outputs/partition2_hawq_joint_20260825_163705/report,2026-08-25 16:37:05,2026-08-26 02:02:50,9.43,23939.0,10.39,3060.0,24160.0,0.0,0.0,10.0,21.0,3.37,0.0,0.0,878.0,4.637,186.46,5690.39,0.43242,43242.0,1.0,1.0,2022.2,real_ooc_synth_hawq_joint_bitwidth,"OOC-synth of the JOINT (w,a)-pair HAWQ bit-width scheme (compression/hawq/block_bits_s19_joint.json, generated via compression/hawq/ilp_search.py --joint solve_joint_bits, one combined MIP per stage over all 9 (w,a) pairs with exact LUT/BRAM lookup, vs the block schemes two-pass additive approximation), using the matching folding_block_s19_joint.json bridged via hardware/finn_hawq_folding_bridge.py (extended this task with an optional 2nd CLI arg for the folding-block JSON path; also fixed a latent sys.argv collision bug where finn_enet_ip_build_partitioned_8way.py reads sys.argv[1]/[2] as MODEL_NAME/FIFO_STRATEGY at import time). SAME 8-way partition_id=2 node-index range (down2 + stage2.0..stage2.5 partial, 24 MVAU_hls nodes) as both the uniform-INT8 baseline (s19_double_mid_partition_2_ooc_synth) and the block-scheme HAWQ row (s19_hawq_block_partition_2_ooc_synth) -- down2.shortcut_proj.0 again had no folding_block_s19_joint.json entry and was left on FINNs default folding (23/24 matched). RESULT: joint schemes real synthesis (LUT 23939, LUTRAM 3060, FF 24160, BRAM_18K 21, fmax 186.46MHz, rtlsim 43242 cycles) is very close to the block schemes real result (LUT 22436 +6.7%, LUTRAM 3371 -9.2%, FF 22992 +5.1%, BRAM_18K 22 -4.5%, fmax 198.49MHz -6.1%, rtlsim cycles 47439 -8.8% i.e. joint is slightly faster/fewer cycles) -- both land around 10% of the XCZU7EV LUT budget, both drastically better than the uniform-INT8 baseline (LUT 179084). This REBUTS the joint schemes own ILP-model diagnostic, which claimed a notably higher total_lut_calibrated (472892, 205.25% of budget) than the block schemes own diagnostic (400718, 173.9%) -- real per-partition synthesis shows the two schemes are near-equivalent in resource usage for this partition, suggesting the joint ILP models calibration factor is miscalibrated relative to the block model (or the discrepancy is concentrated in other partitions not yet tested). CAVEAT: the PC was rebooted mid-session (this build had already completed successfully at 2026-08-26 02:02:50 BEFORE the reboot, confirmed via file timestamps on resume) which also destroyed the FINN container (brave_lewin -> recreated as lucid_pasteur); the raw GenericPartition_2_wrapper_utilization_synth/placed.rpt files (needed to cross-check the known report/ooc_synth_and_timing.json DSP=0 parser bug) lived only in the container-ephemeral /tmp/finn_dev_thelegendiv and were NOT bind-mounted, so they were lost when the container was destroyed -- DSP is reported as 0 here WITHOUT the usual raw-rpt cross-check/correction (unlike the block-scheme rows corrected DSP=148). report/estimate_layer_resources_hls.json per-node analytical HLS DSP estimates sum to ~270 DSP48E across the 24 MVAU/VVAU nodes, strongly suggesting real DSP usage is nonzero (comparable order of magnitude to the block schemes real 148) and that the DSP=0 here is very likely the same known parser bug, just uncorrected/unverified this time due to lost raw reports."
quantEnet_26_9_w24_hawq_joint_ptq_int8,hawq_26_9_w24_ptq_joint_8way_partitioned_ooc_synth_TOTAL,"4,12,24,12,4","4,8,8,2,1",2/4_mixed_joint_ptq,largefifo_rtlsim,250.0,10.0,xczu7ev-ffvc1156-2-e,finn/notebooks/enet/finn_deployment_outputs/hawq_26_9_w24_ptq_8way_full_20260829_094221/report,2026-08-29 09:42:21,2026-08-30 07:11:00,21.48,91995.0,39.93,6130.0,102034.0,0.0,0.0,23.0,50.0,8.01,0.0,0.0,1853.0,-0.289,97.19117504130624,1519.6644580876543,7.47134,,,,2022.2,real_ooc_synth_fits_sum_of_8_independent_partitions,"SUM of 8 real Vivado OOC-synth runs, one per StreamingDataflowPartition, each using FINN's stock (unmodified) SynthOutOfContext directly on that partition's own already-valid stitched-IP -- the custom combined-design synth path (step_combine_partitions -> step_out_of_context_synthesis_multi merging all 8 partitions into one flat finn_design_wrapper.v top) was attempted first but hit a genuinely bug-prone Verilog/Tcl merge issue ('package' is an unknown type for the merged 0_swg_pkg.sv SystemVerilog package file -- the THIRD distinct combine-merge synthesis bug seen across sessions, see finn_gotchas memory), so per-partition synthesis (FINN's own proven, unmodified path) was used instead -- see finn_ooc_26_9_w24_ptq_joint_8way_per_partition_synth.py. Real PTQ-calibrated (not QAT), per-block-HAWQ-bit-width (JOINT w/a scheme) 26_9_w24_s14w12_nonneg_block architecture (CHANNELS=(4,12,24,12,4), same BOTTLENECKS_PER_STAGE=(4,8,8,2,1) as every other ENet variant in this file), resType left at FINN default (auto -- chose all-LUT MACs, DSP=0 for every partition, consistent with every other non-forced row in this file). CLB LUT (LUT+LUTRAM)=98125=42.59% of 230400 -- FITS (unlike the uniform-INT8 s19_double_mid TOTAL row's 369.7%, or the original unfolded baseline's 211.7%). FF=102034=22.15% of 460800. BRAM_18K-equivalent(18K_count+2*36K_count)=50=8.01% of 624. DSP=0/1728. fmax_mhz is the MIN across the 8 partitions (range 97.19-280.98 MHz, bottleneck=partition 6, which does NOT meet timing at the 10ns/100MHz target clock -- WNS=-0.289ns); each partition is an independently clocked/synthesized kernel, not one chained design. estimated_throughput_fps/latency_ms are FINN's analytical (II-based) estimate from report/estimate_network_performance.json (max_cycles=65804 at GenericPartition_7_ConvolutionInputGenerator_rtl_3, critical_path_cycles=747134) -- the actual combined-design rtlsim (report/rtlsim_performance.json) produced N_OUT_TXNS=0 (no output transaction observed within the sim horizon), i.e. unreliable, likely a symptom of the same combine-wrapper issues that broke the combined OOC synth, so rtlsim cycle/throughput fields are left blank here rather than reporting the bogus ~1 img/s figure. Journey to this result involved fixing a defensive-clamp regression in the pre-existing MH/PE-divisibility fix, discovering+fixing a NEW FINN library bug (MinimizeWeightBitWidth mis-assigns BIPOLAR to a real {-1,0} weight tensor, based only on w_min not w_max -- crashes deep in step_hw_codegen's array2hexstring with no node identity in the traceback), and only rebuilding the 2 affected partitions (6,7) via a targeted resume script without disturbing the 6 already-completed ones. Per-partition breakdown in the 8 rows below."
quantEnet_26_9_w24_hawq_joint_ptq_int8,hawq_26_9_w24_ptq_joint_partition_0_ooc_synth,,,2/4_mixed_joint_ptq,largefifo_rtlsim,250.0,10.0,xczu7ev-ffvc1156-2-e,finn/notebooks/enet/finn_deployment_outputs/hawq_26_9_w24_ptq_8way_full_20260829_094221/report/ooc_synth_partition_0.json,2026-08-29 09:42:21,2026-08-30 07:11:00,21.48,1585.0,0.688,103.0,1332.0,0.0,0.0,0.0,1.0,0.16,0.0,0.0,68.0,6.441,280.97780275358247,,,,,,2022.2,real_ooc_synth_standalone_partition,"Smallest of the 8 partitions (initial block + down1). Independent stock FINN SynthOutOfContext on this partition's own stitched IP (reused from the earlier step_build_all_partitions run, no combine/merge step)."
quantEnet_26_9_w24_hawq_joint_ptq_int8,hawq_26_9_w24_ptq_joint_partition_1_ooc_synth,,,2/4_mixed_joint_ptq,largefifo_rtlsim,250.0,10.0,xczu7ev-ffvc1156-2-e,finn/notebooks/enet/finn_deployment_outputs/hawq_26_9_w24_ptq_8way_full_20260829_094221/report/ooc_synth_partition_1.json,2026-08-29 09:42:21,2026-08-30 07:11:00,21.48,11327.0,4.916,630.0,13927.0,0.0,0.0,0.0,0.0,0.0,0.0,0.0,246.0,5.577,226.090888537192,,,,,,2022.2,real_ooc_synth_standalone_partition,"Independent stock FINN SynthOutOfContext on this partition's own stitched IP (reused from the earlier step_build_all_partitions run, no combine/merge step)."
quantEnet_26_9_w24_hawq_joint_ptq_int8,hawq_26_9_w24_ptq_joint_partition_2_ooc_synth,,,2/4_mixed_joint_ptq,largefifo_rtlsim,250.0,10.0,xczu7ev-ffvc1156-2-e,finn/notebooks/enet/finn_deployment_outputs/hawq_26_9_w24_ptq_8way_full_20260829_094221/report/ooc_synth_partition_2.json,2026-08-29 09:42:21,2026-08-30 07:11:00,21.48,18726.0,8.128,1083.0,22136.0,0.0,0.0,5.0,11.0,1.763,0.0,0.0,496.0,2.035,125.54927809165098,,,,,,2022.2,real_ooc_synth_standalone_partition,"Largest of the 8 partitions by LUT/FF (stage2/3 region). Independent stock FINN SynthOutOfContext on this partition's own stitched IP (reused from the earlier step_build_all_partitions run, no combine/merge step)."
quantEnet_26_9_w24_hawq_joint_ptq_int8,hawq_26_9_w24_ptq_joint_partition_3_ooc_synth,,,2/4_mixed_joint_ptq,largefifo_rtlsim,250.0,10.0,xczu7ev-ffvc1156-2-e,finn/notebooks/enet/finn_deployment_outputs/hawq_26_9_w24_ptq_8way_full_20260829_094221/report/ooc_synth_partition_3.json,2026-08-29 09:42:21,2026-08-30 07:11:00,21.48,15267.0,6.627,743.0,16347.0,0.0,0.0,5.0,10.0,1.603,0.0,0.0,295.0,2.612,135.3546291283162,,,,,,2022.2,real_ooc_synth_standalone_partition,"Independent stock FINN SynthOutOfContext on this partition's own stitched IP (reused from the earlier step_build_all_partitions run, no combine/merge step)."
quantEnet_26_9_w24_hawq_joint_ptq_int8,hawq_26_9_w24_ptq_joint_partition_4_ooc_synth,,,2/4_mixed_joint_ptq,largefifo_rtlsim,250.0,10.0,xczu7ev-ffvc1156-2-e,finn/notebooks/enet/finn_deployment_outputs/hawq_26_9_w24_ptq_8way_full_20260829_094221/report/ooc_synth_partition_4.json,2026-08-29 09:42:21,2026-08-30 07:11:00,21.48,15565.0,6.756,1004.0,16296.0,0.0,0.0,5.0,11.0,1.763,0.0,0.0,259.0,1.44,116.82242990654206,,,,,,2022.2,real_ooc_synth_standalone_partition,"Independent stock FINN SynthOutOfContext on this partition's own stitched IP (reused from the earlier step_build_all_partitions run, no combine/merge step)."
quantEnet_26_9_w24_hawq_joint_ptq_int8,hawq_26_9_w24_ptq_joint_partition_5_ooc_synth,,,2/4_mixed_joint_ptq,largefifo_rtlsim,250.0,10.0,xczu7ev-ffvc1156-2-e,finn/notebooks/enet/finn_deployment_outputs/hawq_26_9_w24_ptq_8way_full_20260829_094221/report/ooc_synth_partition_5.json,2026-08-29 09:42:21,2026-08-30 07:11:00,21.48,13499.0,5.859,1265.0,14103.0,0.0,0.0,5.0,10.0,1.603,0.0,0.0,146.0,1.424,116.6044776119403,,,,,,2022.2,real_ooc_synth_standalone_partition,"Independent stock FINN SynthOutOfContext on this partition's own stitched IP (reused from the earlier step_build_all_partitions run, no combine/merge step)."
quantEnet_26_9_w24_hawq_joint_ptq_int8,hawq_26_9_w24_ptq_joint_partition_6_ooc_synth,,,2/4_mixed_joint_ptq,largefifo_rtlsim,250.0,10.0,xczu7ev-ffvc1156-2-e,finn/notebooks/enet/finn_deployment_outputs/hawq_26_9_w24_ptq_8way_full_20260829_094221/report/ooc_synth_partition_6.json,2026-08-29 09:42:21,2026-08-30 07:11:00,21.48,9351.0,4.059,883.0,11287.0,0.0,0.0,2.0,4.0,0.641,0.0,0.0,187.0,-0.289,97.19117504130624,,,,,,2022.2,real_ooc_synth_standalone_partition,"Bottleneck partition -- does NOT meet timing at the 10ns/100MHz target clock (WNS=-0.289ns, real fmax=97.19MHz). Contains regular4.1.conv.0, whose weight tensor triggered the MinimizeWeightBitWidth BIPOLAR mis-assignment bug (see TOTAL row notes); rebuilt from raw state after the fix (step_fix_weight_dtype_bipolar_bug correcting BIPOLAR->INT2 for this node)."
quantEnet_26_9_w24_hawq_joint_ptq_int8,hawq_26_9_w24_ptq_joint_partition_7_ooc_synth,,,2/4_mixed_joint_ptq,largefifo_rtlsim,250.0,10.0,xczu7ev-ffvc1156-2-e,finn/notebooks/enet/finn_deployment_outputs/hawq_26_9_w24_ptq_8way_full_20260829_094221/report/ooc_synth_partition_7.json,2026-08-29 09:42:21,2026-08-30 07:11:00,21.48,6675.0,2.898,419.0,6606.0,0.0,0.0,1.0,3.0,0.481,0.0,0.0,156.0,4.432,179.5977011494253,,,,,,2022.2,real_ooc_synth_standalone_partition,"Smallest by FF/LUT among the non-trivial partitions (up5 + final block). Independent stock FINN SynthOutOfContext on this partition's own stitched IP (reused from the earlier step_build_all_partitions run, no combine/merge step). Contains regular5.0.conv.0 (VVAU_hls_0), whose weight tensor also triggered the BIPOLAR mis-assignment bug (see TOTAL row notes); rebuilt from raw state after the fix."
quantEnet_8_2_relu_no_reg_w20_acc2x_hawq_dummy,hawq_8_2_w20_acc2x_dummy_8way_partitioned_ooc_synth_TOTAL,"4,10,20,10,4","4,8,8,2,1",2/4/8_mixed_joint_dummy,largefifo_rtlsim,250.0,10.0,xczu7ev-ffvc1156-2-e,finn/notebooks/enet/finn_deployment_outputs/hawq_8_2_w20_acc2x_dummy_8way_full_20260901_135031/report,2026-09-01 13:50:31,2026-09-01 22:46:13,8.93,154662.0,67.13,28262.0,143493.0,0.0,0.0,95.0,91.0,30.61,50.0,0.0,7964.0,3.116,145.26438117373618,0.997809409222992,1002.1954,100219540.0,4096.0,150.0,2022.2,real_ooc_synth_fits_sum_of_8_independent_partitions,"SUM of 8 real Vivado OOC-synth runs, one per StreamingDataflowPartition, each using FINN's stock (unmodified) SynthOutOfContext directly on that partition's own already-valid stitched IP -- the custom combined-design synth path (step_combine_partitions -> step_out_of_context_synthesis_multi merging all 8 partitions into one flat top) was skipped in favor of the proven per-partition workaround (see finn_gotchas memory / finn_ooc_8_2_relu_no_reg_w20_acc2x_8way_per_partition_synth.py). Dummy/random weights (torch.manual_seed(0), NOT the real trained checkpoint), architecturally CHANNELS=(4,10,20,10,4), BOTTLENECKS_PER_STAGE=(4,8,8,2,1), dense_dilation context pattern, DSC-no-projection bottlenecks, plain ReLU (no PReLU). Per-block HAWQ JOINT scheme (weight_bits 2-8 per block) from compression/hawq/block_bits_8_2_relu_no_reg_w20_acc2x_joint.json, folded via the 100%-LUT-budget-cap folding ILP (folding_block_8_2_relu_no_reg_w20_acc2x_hardcap100.json), resType forced to dsp on every MVAU node. CLB LUT (LUT+LUTRAM)=182924=79.41% of 230400 (LUT alone=154662=67.13%). BRAM_18K-equivalent(18K_count+2*36K_count)=191=30.61% of 624. DSP=0 (JSON field known unreliable, not re-verified across all 8 partitions this run). fmax_mhz is the MIN across the 8 partitions (range 145.26-189.18 MHz, bottleneck=partition_1); ALL 8 partitions MEET TIMING at the 10ns/100MHz build clock (every WNS positive, unlike the w24/s19 HAWQ builds' bottleneck partitions). estimated_throughput_fps/latency_ms/rtlsim_cycles/rtlsim_inputs/rtlsim_outputs are the ACTUAL rtlsim-measured values (not analytic estimates) from the earlier full-build stage, measured at the conservative 10ns/100MHz build clock -- extrapolating (not re-simulated) to the real 145.26MHz bottleneck fmax gives ~1.45 images/s / ~690ms latency."
quantEnet_8_2_relu_no_reg_w20_acc2x_hawq_dummy,hawq_8_2_w20_dummy_partition_0_ooc_synth,,,2/4/8_mixed_joint_dummy,largefifo_rtlsim,250.0,10.0,xczu7ev-ffvc1156-2-e,finn/notebooks/enet/finn_deployment_outputs/hawq_8_2_w20_acc2x_dummy_8way_full_20260901_135031/report/ooc_synth_partition_0.json,2026-09-01 13:50:31,2026-09-01 22:46:13,8.93,30793.0,13.37,583.0,8233.0,0.0,0.0,7.0,11.0,2.4,2.0,0.0,4902.0,3.303,149.32059130954158,,,,,,2022.2,real_ooc_synth_standalone_partition,"Largest partition by LUT (30793=13.37% of 230400). Independent stock FINN SynthOutOfContext on this partition's own stitched IP (reused from the earlier step_build_all_partitions run, no combine/merge step)."
quantEnet_8_2_relu_no_reg_w20_acc2x_hawq_dummy,hawq_8_2_w20_dummy_partition_1_ooc_synth,,,2/4/8_mixed_joint_dummy,largefifo_rtlsim,250.0,10.0,xczu7ev-ffvc1156-2-e,finn/notebooks/enet/finn_deployment_outputs/hawq_8_2_w20_acc2x_dummy_8way_full_20260901_135031/report/ooc_synth_partition_1.json,2026-09-01 13:50:31,2026-09-01 22:46:13,8.93,20333.0,8.82,2180.0,27136.0,0.0,0.0,9.0,14.0,2.88,2.0,0.0,893.0,3.116,145.26438117373618,,,,,,2022.2,real_ooc_synth_standalone_partition,"Bottleneck partition -- lowest fmax of the 8 (145.26MHz, still positive WNS=3.116ns, meets 100MHz build clock timing). Independent stock FINN SynthOutOfContext on this partition's own stitched IP (reused from the earlier step_build_all_partitions run, no combine/merge step)."
quantEnet_8_2_relu_no_reg_w20_acc2x_hawq_dummy,hawq_8_2_w20_dummy_partition_2_ooc_synth,,,2/4/8_mixed_joint_dummy,largefifo_rtlsim,250.0,10.0,xczu7ev-ffvc1156-2-e,finn/notebooks/enet/finn_deployment_outputs/hawq_8_2_w20_acc2x_dummy_8way_full_20260901_135031/report/ooc_synth_partition_2.json,2026-09-01 13:50:31,2026-09-01 22:46:13,8.93,22164.0,9.62,6221.0,21597.0,0.0,0.0,20.0,16.0,6.41,12.0,0.0,312.0,4.151,170.96939647803043,,,,,,2022.2,real_ooc_synth_standalone_partition,"Independent stock FINN SynthOutOfContext on this partition's own stitched IP (reused from the earlier step_build_all_partitions run, no combine/merge step)."
quantEnet_8_2_relu_no_reg_w20_acc2x_hawq_dummy,hawq_8_2_w20_dummy_partition_3_ooc_synth,,,2/4/8_mixed_joint_dummy,largefifo_rtlsim,250.0,10.0,xczu7ev-ffvc1156-2-e,finn/notebooks/enet/finn_deployment_outputs/hawq_8_2_w20_acc2x_dummy_8way_full_20260901_135031/report/ooc_synth_partition_3.json,2026-09-01 13:50:31,2026-09-01 22:46:13,8.93,20966.0,9.1,6243.0,20375.0,0.0,0.0,20.0,16.0,6.41,12.0,0.0,569.0,3.977,166.03021749958492,,,,,,2022.2,real_ooc_synth_standalone_partition,"Independent stock FINN SynthOutOfContext on this partition's own stitched IP (reused from the earlier step_build_all_partitions run, no combine/merge step)."
quantEnet_8_2_relu_no_reg_w20_acc2x_hawq_dummy,hawq_8_2_w20_dummy_partition_4_ooc_synth,,,2/4/8_mixed_joint_dummy,largefifo_rtlsim,250.0,10.0,xczu7ev-ffvc1156-2-e,finn/notebooks/enet/finn_deployment_outputs/hawq_8_2_w20_acc2x_dummy_8way_full_20260901_135031/report/ooc_synth_partition_4.json,2026-09-01 13:50:31,2026-09-01 22:46:13,8.93,26319.0,11.42,6492.0,32176.0,0.0,0.0,21.0,18.0,6.73,12.0,0.0,522.0,3.723,159.31177314003506,,,,,,2022.2,real_ooc_synth_standalone_partition,"Independent stock FINN SynthOutOfContext on this partition's own stitched IP (reused from the earlier step_build_all_partitions run, no combine/merge step)."
quantEnet_8_2_relu_no_reg_w20_acc2x_hawq_dummy,hawq_8_2_w20_dummy_partition_5_ooc_synth,,,2/4/8_mixed_joint_dummy,largefifo_rtlsim,250.0,10.0,xczu7ev-ffvc1156-2-e,finn/notebooks/enet/finn_deployment_outputs/hawq_8_2_w20_acc2x_dummy_8way_full_20260901_135031/report/ooc_synth_partition_5.json,2026-09-01 13:50:31,2026-09-01 22:46:13,8.93,17283.0,7.5,5516.0,15129.0,0.0,0.0,16.0,12.0,5.13,10.0,0.0,372.0,4.24,173.61111111111111,,,,,,2022.2,real_ooc_synth_standalone_partition,"Independent stock FINN SynthOutOfContext on this partition's own stitched IP (reused from the earlier step_build_all_partitions run, no combine/merge step)."
quantEnet_8_2_relu_no_reg_w20_acc2x_hawq_dummy,hawq_8_2_w20_dummy_partition_6_ooc_synth,,,2/4/8_mixed_joint_dummy,largefifo_rtlsim,250.0,10.0,xczu7ev-ffvc1156-2-e,finn/notebooks/enet/finn_deployment_outputs/hawq_8_2_w20_acc2x_dummy_8way_full_20260901_135031/report/ooc_synth_partition_6.json,2026-09-01 13:50:31,2026-09-01 22:46:13,8.93,10001.0,4.34,633.0,12268.0,0.0,0.0,1.0,2.0,0.32,0.0,0.0,254.0,4.619,185.8390633711206,,,,,,2022.2,real_ooc_synth_standalone_partition,"Independent stock FINN SynthOutOfContext on this partition's own stitched IP (reused from the earlier step_build_all_partitions run, no combine/merge step)."
quantEnet_8_2_relu_no_reg_w20_acc2x_hawq_dummy,hawq_8_2_w20_dummy_partition_7_ooc_synth,,,2/4/8_mixed_joint_dummy,largefifo_rtlsim,250.0,10.0,xczu7ev-ffvc1156-2-e,finn/notebooks/enet/finn_deployment_outputs/hawq_8_2_w20_acc2x_dummy_8way_full_20260901_135031/report/ooc_synth_partition_7.json,2026-09-01 13:50:31,2026-09-01 22:46:13,8.93,6803.0,2.95,394.0,6579.0,0.0,0.0,1.0,2.0,0.32,0.0,0.0,140.0,4.714,189.17896329928112,,,,,,2022.2,real_ooc_synth_standalone_partition,"Smallest partition by LUT/FF (6803 LUT=2.95% of 230400). Independent stock FINN SynthOutOfContext on this partition's own stitched IP (reused from the earlier step_build_all_partitions run, no combine/merge step)."
quantEnet_8_2_relu_no_reg_w16_acc2x_hawq_dummy,hawq_8_2_w16_acc2x_dummy_8way_partitioned_ooc_synth_TOTAL,"4,8,16,8,4","4,8,8,2,1",4/8_mixed_joint_dummy,largefifo_rtlsim,250.0,10.0,xczu7ev-ffvc1156-2-e,finn/notebooks/enet/finn_deployment_outputs/hawq_8_2_w16_acc2x_dummy_8way_full_20260901_232446/report,2026-09-01 23:24:46,2026-09-02 08:40:42,9.27,186890.0,81.12,23299.0,110823.0,503.0,29.11,113.0,132.0,36.86,49.0,0.0,16777.0,2.853,139.91884706870016,0.998080929911204,1001.92276,100192276.0,4096.0,162.0,2022.2,real_ooc_synth_fits_sum_of_8_independent_partitions,"SUM of 8 real Vivado OOC-synth runs, one per StreamingDataflowPartition, each using FINN's stock (unmodified) SynthOutOfContext directly on that partition's own already-valid stitched IP -- the custom combined-design synth path (step_combine_partitions -> step_out_of_context_synthesis_multi merging all 8 partitions into one flat top) hit the same known combine-merge Vivado bug as every prior HAWQ build in this repo, so was skipped in favor of the proven per-partition workaround (see finn_gotchas memory / finn_ooc_8_2_relu_no_reg_w16_acc2x_8way_per_partition_synth.py). Dummy/random weights (torch.manual_seed(0), NOT the real trained checkpoint -- real checkpoint had not synced to this workspace yet), architecturally CHANNELS=(4,8,16,8,4), BOTTLENECKS_PER_STAGE=(4,8,8,2,1), dense_dilation context pattern, DSC-no-projection bottlenecks, plain ReLU (no PReLU) -- architecturally IDENTICAL to w20 except channel widths. Per-block HAWQ JOINT scheme (weight_bits 4 or 8 per block, acc2x_min4) from compression/hawq/block_bits_8_2_relu_no_reg_w16_acc2x_min4_joint.json, folded via the 100%-LUT-budget-cap folding ILP (folding_block_8_2_relu_no_reg_w16_acc2x_min4_hardcap100.json), resType forced to dsp on every MVAU AND VVAU node (fixed this session -- every PRIOR build including w20 only forced MVAU, silently leaving depthwise VVAU nodes at FINN's auto default). CLB LUT (LUT+LUTRAM)=210189=91.23% of 230400 (LUT alone=186890=81.12%) -- notably tighter than w20's 79.41%/67.13%, driven almost entirely by partition_1 (down1+regular1.0-3, the widest-early-channel/highest-spatial-resolution stage) at 73729 LUT=32.00% of budget alone vs w20's largest partition of only 30793 LUT=13.37%; only 2352/73729=3.2% of partition_1's LUT is LUTRAM, so this is a LUT-as-logic (likely PE/SIMD folding parallelism) issue, not a memory/storage one. BRAM_18K-equivalent(18K_count+2*36K_count)=230=36.86% of 624. DSP=503=29.11% of 1728 (FINN's own report/ooc_synth_and_timing.json again showed the known DSP=0 parser bug -- CROSS-CHECKED and CORRECTED via the raw GenericPartition_N_wrapper_utilization_placed.rpt 'DSPs' line for all 8 partitions, per-partition: 10/72/90/83/109/54/61/24, confirming resType=dsp forcing on MVAU+VVAU nodes IS working). fmax_mhz is the MIN across the 8 partitions (range 139.92-208.72 MHz, bottleneck=partition_1); ALL 8 partitions MEET TIMING at the 10ns/100MHz build clock (every WNS positive). estimated_throughput_fps/latency_ms/rtlsim_cycles are FINN's own rtlsim numbers at the fixed 100MHz rtlsim clock (not rescaled to the real synthesized fmax above)."
quantEnet_8_2_relu_no_reg_w16_acc2x_hawq_dummy,hawq_8_2_w16_dummy_partition_0_ooc_synth,,,4/8_mixed_joint_dummy,largefifo_rtlsim,250.0,10.0,xczu7ev-ffvc1156-2-e,finn/notebooks/enet/finn_deployment_outputs/hawq_8_2_w16_acc2x_dummy_8way_full_20260901_232446/report/ooc_synth_partition_0.json,2026-09-01 23:24:46,2026-09-02 08:40:42,9.27,17797.0,7.72,498.0,11818.0,10.0,0.58,8.0,11.0,2.72,3.0,0.0,2800.0,3.684,158.32805573147562,,,,,,2022.2,real_ooc_synth_standalone_partition,"DSP=10 verified via raw GenericPartition_0_wrapper_utilization_placed.rpt (JSON field showed 0, known parser bug). Independent stock FINN SynthOutOfContext on this partition's own stitched IP (reused from the earlier step_build_all_partitions run, no combine/merge step)."
quantEnet_8_2_relu_no_reg_w16_acc2x_hawq_dummy,hawq_8_2_w16_dummy_partition_1_ooc_synth,,,4/8_mixed_joint_dummy,largefifo_rtlsim,250.0,10.0,xczu7ev-ffvc1156-2-e,finn/notebooks/enet/finn_deployment_outputs/hawq_8_2_w16_acc2x_dummy_8way_full_20260901_232446/report/ooc_synth_partition_1.json,2026-09-01 23:24:46,2026-09-02 08:40:42,9.27,73729.0,32.0,2352.0,33997.0,72.0,4.17,34.0,67.0,11.06,1.0,0.0,8232.0,2.853,139.91884706870016,,,,,,2022.2,real_ooc_synth_standalone_partition,"Bottleneck partition -- lowest fmax of the 8 (139.92MHz, still positive WNS=2.853ns, meets 100MHz build clock timing). ALSO the clear LUT outlier (73729 LUT=32.00% of budget alone, vs 5-8% for other partitions) -- contains down1 (initial downsampling, widest early channels + shortcut projection/maxpool) plus all of regular1.0-3 (4 repeated DSC-no-projection blocks at the largest spatial resolution in the encoder). Only 2352/73729=3.2% of this partition's LUT is LUTRAM (memory-mode), so the blowup is LUT-as-logic, likely high PE/SIMD folding parallelism at this early/wide/high-resolution stage, not a memory/storage issue. DSP=72 verified via raw GenericPartition_1_wrapper_utilization_placed.rpt (JSON field showed 0, known parser bug) -- 2nd-highest DSP count of the 8 partitions despite being the LUT outlier, confirming the bloat is genuinely extra logic, not DSP-forcing overhead. Independent stock FINN SynthOutOfContext on this partition's own stitched IP (reused from the earlier step_build_all_partitions run, no combine/merge step)."
quantEnet_8_2_relu_no_reg_w16_acc2x_hawq_dummy,hawq_8_2_w16_dummy_partition_2_ooc_synth,,,4/8_mixed_joint_dummy,largefifo_rtlsim,250.0,10.0,xczu7ev-ffvc1156-2-e,finn/notebooks/enet/finn_deployment_outputs/hawq_8_2_w16_acc2x_dummy_8way_full_20260901_232446/report/ooc_synth_partition_2.json,2026-09-01 23:24:46,2026-09-02 08:40:42,9.27,17385.0,7.55,5096.0,12695.0,90.0,5.21,18.0,14.0,5.77,11.0,0.0,663.0,4.438,179.79144192736425,,,,,,2022.2,real_ooc_synth_standalone_partition,"DSP=90 verified via raw GenericPartition_2_wrapper_utilization_placed.rpt (JSON field showed 0, known parser bug) -- highest DSP count of the 8 partitions. Independent stock FINN SynthOutOfContext on this partition's own stitched IP (reused from the earlier step_build_all_partitions run, no combine/merge step)."
quantEnet_8_2_relu_no_reg_w16_acc2x_hawq_dummy,hawq_8_2_w16_dummy_partition_3_ooc_synth,,,4/8_mixed_joint_dummy,largefifo_rtlsim,250.0,10.0,xczu7ev-ffvc1156-2-e,finn/notebooks/enet/finn_deployment_outputs/hawq_8_2_w16_acc2x_dummy_8way_full_20260901_232446/report/ooc_synth_partition_3.json,2026-09-01 23:24:46,2026-09-02 08:40:42,9.27,16077.0,6.98,4724.0,11099.0,83.0,4.8,15.0,5.0,4.97,13.0,0.0,602.0,5.209,208.72469213107908,,,,,,2022.2,real_ooc_synth_standalone_partition,"DSP=83 verified via raw GenericPartition_3_wrapper_utilization_placed.rpt (JSON field showed 0, known parser bug). Independent stock FINN SynthOutOfContext on this partition's own stitched IP (reused from the earlier step_build_all_partitions run, no combine/merge step)."
quantEnet_8_2_relu_no_reg_w16_acc2x_hawq_dummy,hawq_8_2_w16_dummy_partition_4_ooc_synth,,,4/8_mixed_joint_dummy,largefifo_rtlsim,250.0,10.0,xczu7ev-ffvc1156-2-e,finn/notebooks/enet/finn_deployment_outputs/hawq_8_2_w16_acc2x_dummy_8way_full_20260901_232446/report/ooc_synth_partition_4.json,2026-09-01 23:24:46,2026-09-02 08:40:42,9.27,18191.0,7.9,5033.0,13110.0,109.0,6.31,16.0,8.0,5.13,12.0,0.0,721.0,4.694,188.46588767433096,,,,,,2022.2,real_ooc_synth_standalone_partition,"DSP=109 verified via raw GenericPartition_4_wrapper_utilization_placed.rpt (JSON field showed 0, known parser bug). Independent stock FINN SynthOutOfContext on this partition's own stitched IP (reused from the earlier step_build_all_partitions run, no combine/merge step)."
quantEnet_8_2_relu_no_reg_w16_acc2x_hawq_dummy,hawq_8_2_w16_dummy_partition_5_ooc_synth,,,4/8_mixed_joint_dummy,largefifo_rtlsim,250.0,10.0,xczu7ev-ffvc1156-2-e,finn/notebooks/enet/finn_deployment_outputs/hawq_8_2_w16_acc2x_dummy_8way_full_20260901_232446/report/ooc_synth_partition_5.json,2026-09-01 23:24:46,2026-09-02 08:40:42,9.27,12651.0,5.49,4207.0,8016.0,54.0,3.13,10.0,4.0,3.21,8.0,0.0,411.0,4.389,178.22135091783997,,,,,,2022.2,real_ooc_synth_standalone_partition,"DSP=54 verified via raw GenericPartition_5_wrapper_utilization_placed.rpt (JSON field showed 0, known parser bug). Independent stock FINN SynthOutOfContext on this partition's own stitched IP (reused from the earlier step_build_all_partitions run, no combine/merge step)."
quantEnet_8_2_relu_no_reg_w16_acc2x_hawq_dummy,hawq_8_2_w16_dummy_partition_6_ooc_synth,,,4/8_mixed_joint_dummy,largefifo_rtlsim,250.0,10.0,xczu7ev-ffvc1156-2-e,finn/notebooks/enet/finn_deployment_outputs/hawq_8_2_w16_acc2x_dummy_8way_full_20260901_232446/report/ooc_synth_partition_6.json,2026-09-01 23:24:46,2026-09-02 08:40:42,9.27,11521.0,5.0,630.0,8772.0,61.0,3.53,1.0,3.0,0.48,0.0,0.0,719.0,3.258,148.3239394838327,,,,,,2022.2,real_ooc_synth_standalone_partition,"Smallest partition by LUT (11521 LUT=5.00% of 230400). DSP=61 verified via raw GenericPartition_6_wrapper_utilization_placed.rpt (JSON field showed 0, known parser bug). Independent stock FINN SynthOutOfContext on this partition's own stitched IP (reused from the earlier step_build_all_partitions run, no combine/merge step)."
quantEnet_8_2_relu_no_reg_w16_acc2x_hawq_dummy,hawq_8_2_w16_dummy_partition_7_ooc_synth,,,4/8_mixed_joint_dummy,largefifo_rtlsim,250.0,10.0,xczu7ev-ffvc1156-2-e,finn/notebooks/enet/finn_deployment_outputs/hawq_8_2_w16_acc2x_dummy_8way_full_20260901_232446/report/ooc_synth_partition_7.json,2026-09-01 23:24:46,2026-09-02 08:40:42,9.27,19539.0,8.48,759.0,11316.0,24.0,1.39,11.0,20.0,3.53,1.0,0.0,2629.0,4.296,175.3155680224404,,,,,,2022.2,real_ooc_synth_standalone_partition,"DSP=24 verified via raw GenericPartition_7_wrapper_utilization_placed.rpt (JSON field showed 0, known parser bug). Independent stock FINN SynthOutOfContext on this partition's own stitched IP (reused from the earlier step_build_all_partitions run, no combine/merge step)."
quantEnet_12_separable_dense_relu_min4_hawq_trained,hawq_12_sep_dense_relu_min4_trained_hardcap131_8way_partitioned_ooc_synth_TOTAL,"4,16,32,16,4","4,8,8,2,1",4/8_mixed_min4,largefifo_rtlsim,250.0,10.0,xczu7ev-ffvc1156-2-e,finn/notebooks/enet/finn_deployment_outputs/hawq_12_sep_dense_relu_min4_trained_hardcap131_8way_full_20260904_061905,2026-09-04 06:19:05,2026-09-05 00:05:00,17.7653,134473.0,58.365,11332.0,133509.0,0.0,0.0,,109.0,42.7885,79.0,0.0,7039.0,3.657,157.65410688948447,1512.950859356088,10.18989,,,,2022.2,real_ooc_synth_fits_sum_of_8_independent_partitions,"SUM of 8 real Vivado OOC-synth runs, one per StreamingDataflowPartition, each using FINN's stock (unmodified) SynthOutOfContext directly on that partition's own already-valid stitched IP (no combined/merged bitstream). CLB LUT (LUT+LUTRAM)=145805.0=63.2834% of 230400 (FITS). FF=133509.0=28.9733% of 460800. BRAM_18K-equivalent(18K_count+2*36K_count)=267.0=42.7885% of 624. DSP=0.0/1728 (see per-partition rows/module docstring re: known JSON DSP=0 parser bug -- pass --dsp-rpt-dir to correct this sum with verified counts). fmax_mhz is the MIN across the 8 partitions (bottleneck=partition_1, 157.65410688948447 MHz); each partition is an independently clocked/synthesized kernel, not one chained design. Real trained checkpoint_best.pth (epoch 50, fold_0) weights, hardcap131 (131% LUT hardcap) folding config (vs prior hardcap100 dummy-weight sibling build); OOC synth auto-chained via '&&' after full build completed, no manual gap."
quantEnet_12_separable_dense_relu_min4_hawq_trained,hawq_12_sep_dense_relu_min4_trained_hardcap131_partition_0_ooc_synth,"4,16,32,16,4","4,8,8,2,1",4/8_mixed_min4,largefifo_rtlsim,250.0,10.0,xczu7ev-ffvc1156-2-e,finn/notebooks/enet/finn_deployment_outputs/hawq_12_sep_dense_relu_min4_trained_hardcap131_8way_full_20260904_061905,2026-09-04 06:19:05,2026-09-05 00:05:00,,4297.0,1.865,213.0,2958.0,0.0,0.0,,6.0,0.9615,0.0,0.0,564.0,3.985,166.25103906899415,,,,,,2022.2,real_ooc_synth_standalone_partition,"Partition 0 of the 8-way build. Real Vivado OOC synth via FINN's stock (unmodified) SynthOutOfContext on this partition's own stitched IP. DSP field is FINN's known-unreliable JSON summary value (see module docstring) -- NOT independently verified against a raw Vivado utilization report for this partition; pass --dsp-rpt-dir to verify. Real trained checkpoint_best.pth (epoch 50, fold_0) weights, hardcap131 (131% LUT hardcap) folding config (vs prior hardcap100 dummy-weight sibling build); OOC synth auto-chained via '&&' after full build completed, no manual gap."
quantEnet_12_separable_dense_relu_min4_hawq_trained,hawq_12_sep_dense_relu_min4_trained_hardcap131_partition_1_ooc_synth,"4,16,32,16,4","4,8,8,2,1",4/8_mixed_min4,largefifo_rtlsim,250.0,10.0,xczu7ev-ffvc1156-2-e,finn/notebooks/enet/finn_deployment_outputs/hawq_12_sep_dense_relu_min4_trained_hardcap131_8way_full_20260904_061905,2026-09-04 06:19:05,2026-09-05 00:05:00,,23339.0,10.1298,1494.0,23039.0,0.0,0.0,,7.0,5.2885,13.0,0.0,1325.0,3.657,157.65410688948447,,,,,,2022.2,real_ooc_synth_standalone_partition,"Partition 1 of the 8-way build. Real Vivado OOC synth via FINN's stock (unmodified) SynthOutOfContext on this partition's own stitched IP. DSP field is FINN's known-unreliable JSON summary value (see module docstring) -- NOT independently verified against a raw Vivado utilization report for this partition; pass --dsp-rpt-dir to verify. Real trained checkpoint_best.pth (epoch 50, fold_0) weights, hardcap131 (131% LUT hardcap) folding config (vs prior hardcap100 dummy-weight sibling build); OOC synth auto-chained via '&&' after full build completed, no manual gap."
quantEnet_12_separable_dense_relu_min4_hawq_trained,hawq_12_sep_dense_relu_min4_trained_hardcap131_partition_2_ooc_synth,"4,16,32,16,4","4,8,8,2,1",4/8_mixed_min4,largefifo_rtlsim,250.0,10.0,xczu7ev-ffvc1156-2-e,finn/notebooks/enet/finn_deployment_outputs/hawq_12_sep_dense_relu_min4_trained_hardcap131_8way_full_20260904_061905,2026-09-04 06:19:05,2026-09-05 00:05:00,,21042.0,9.1328,1929.0,21572.0,0.0,0.0,,20.0,8.3333,16.0,0.0,1064.0,4.312,175.8087201125176,,,,,,2022.2,real_ooc_synth_standalone_partition,"Partition 2 of the 8-way build. Real Vivado OOC synth via FINN's stock (unmodified) SynthOutOfContext on this partition's own stitched IP. DSP field is FINN's known-unreliable JSON summary value (see module docstring) -- NOT independently verified against a raw Vivado utilization report for this partition; pass --dsp-rpt-dir to verify. Real trained checkpoint_best.pth (epoch 50, fold_0) weights, hardcap131 (131% LUT hardcap) folding config (vs prior hardcap100 dummy-weight sibling build); OOC synth auto-chained via '&&' after full build completed, no manual gap."
quantEnet_12_separable_dense_relu_min4_hawq_trained,hawq_12_sep_dense_relu_min4_trained_hardcap131_partition_3_ooc_synth,"4,16,32,16,4","4,8,8,2,1",4/8_mixed_min4,largefifo_rtlsim,250.0,10.0,xczu7ev-ffvc1156-2-e,finn/notebooks/enet/finn_deployment_outputs/hawq_12_sep_dense_relu_min4_trained_hardcap131_8way_full_20260904_061905,2026-09-04 06:19:05,2026-09-05 00:05:00,,20536.0,8.9132,1994.0,21094.0,0.0,0.0,,22.0,8.0128,14.0,0.0,1001.0,4.572,184.22991893883568,,,,,,2022.2,real_ooc_synth_standalone_partition,"Partition 3 of the 8-way build. Real Vivado OOC synth via FINN's stock (unmodified) SynthOutOfContext on this partition's own stitched IP. DSP field is FINN's known-unreliable JSON summary value (see module docstring) -- NOT independently verified against a raw Vivado utilization report for this partition; pass --dsp-rpt-dir to verify. Real trained checkpoint_best.pth (epoch 50, fold_0) weights, hardcap131 (131% LUT hardcap) folding config (vs prior hardcap100 dummy-weight sibling build); OOC synth auto-chained via '&&' after full build completed, no manual gap."
quantEnet_12_separable_dense_relu_min4_hawq_trained,hawq_12_sep_dense_relu_min4_trained_hardcap131_partition_4_ooc_synth,"4,16,32,16,4","4,8,8,2,1",4/8_mixed_min4,largefifo_rtlsim,250.0,10.0,xczu7ev-ffvc1156-2-e,finn/notebooks/enet/finn_deployment_outputs/hawq_12_sep_dense_relu_min4_trained_hardcap131_8way_full_20260904_061905,2026-09-04 06:19:05,2026-09-05 00:05:00,,27822.0,12.0755,2410.0,25468.0,0.0,0.0,,21.0,9.1346,18.0,0.0,1454.0,3.964,165.6726308813784,,,,,,2022.2,real_ooc_synth_standalone_partition,"Partition 4 of the 8-way build. Real Vivado OOC synth via FINN's stock (unmodified) SynthOutOfContext on this partition's own stitched IP. DSP field is FINN's known-unreliable JSON summary value (see module docstring) -- NOT independently verified against a raw Vivado utilization report for this partition; pass --dsp-rpt-dir to verify. Real trained checkpoint_best.pth (epoch 50, fold_0) weights, hardcap131 (131% LUT hardcap) folding config (vs prior hardcap100 dummy-weight sibling build); OOC synth auto-chained via '&&' after full build completed, no manual gap."
quantEnet_12_separable_dense_relu_min4_hawq_trained,hawq_12_sep_dense_relu_min4_trained_hardcap131_partition_5_ooc_synth,"4,16,32,16,4","4,8,8,2,1",4/8_mixed_min4,largefifo_rtlsim,250.0,10.0,xczu7ev-ffvc1156-2-e,finn/notebooks/enet/finn_deployment_outputs/hawq_12_sep_dense_relu_min4_trained_hardcap131_8way_full_20260904_061905,2026-09-04 06:19:05,2026-09-05 00:05:00,,15304.0,6.6424,1700.0,15065.0,0.0,0.0,,15.0,4.6474,7.0,0.0,702.0,5.331,214.1786249732277,,,,,,2022.2,real_ooc_synth_standalone_partition,"Partition 5 of the 8-way build. Real Vivado OOC synth via FINN's stock (unmodified) SynthOutOfContext on this partition's own stitched IP. DSP field is FINN's known-unreliable JSON summary value (see module docstring) -- NOT independently verified against a raw Vivado utilization report for this partition; pass --dsp-rpt-dir to verify. Real trained checkpoint_best.pth (epoch 50, fold_0) weights, hardcap131 (131% LUT hardcap) folding config (vs prior hardcap100 dummy-weight sibling build); OOC synth auto-chained via '&&' after full build completed, no manual gap."
quantEnet_12_separable_dense_relu_min4_hawq_trained,hawq_12_sep_dense_relu_min4_trained_hardcap131_partition_6_ooc_synth,"4,16,32,16,4","4,8,8,2,1",4/8_mixed_min4,largefifo_rtlsim,250.0,10.0,xczu7ev-ffvc1156-2-e,finn/notebooks/enet/finn_deployment_outputs/hawq_12_sep_dense_relu_min4_trained_hardcap131_8way_full_20260904_061905,2026-09-04 06:19:05,2026-09-05 00:05:00,,13256.0,5.7535,935.0,14936.0,0.0,0.0,,5.0,3.6859,9.0,0.0,533.0,3.778,160.72002571520412,,,,,,2022.2,real_ooc_synth_standalone_partition,"Partition 6 of the 8-way build. Real Vivado OOC synth via FINN's stock (unmodified) SynthOutOfContext on this partition's own stitched IP. DSP field is FINN's known-unreliable JSON summary value (see module docstring) -- NOT independently verified against a raw Vivado utilization report for this partition; pass --dsp-rpt-dir to verify. Real trained checkpoint_best.pth (epoch 50, fold_0) weights, hardcap131 (131% LUT hardcap) folding config (vs prior hardcap100 dummy-weight sibling build); OOC synth auto-chained via '&&' after full build completed, no manual gap."
quantEnet_12_separable_dense_relu_min4_hawq_trained,hawq_12_sep_dense_relu_min4_trained_hardcap131_partition_7_ooc_synth,"4,16,32,16,4","4,8,8,2,1",4/8_mixed_min4,largefifo_rtlsim,250.0,10.0,xczu7ev-ffvc1156-2-e,finn/notebooks/enet/finn_deployment_outputs/hawq_12_sep_dense_relu_min4_trained_hardcap131_8way_full_20260904_061905,2026-09-04 06:19:05,2026-09-05 00:05:00,,8877.0,3.8529,657.0,9377.0,0.0,0.0,,13.0,2.7244,2.0,0.0,396.0,4.152,170.9986320109439,,,,,,2022.2,real_ooc_synth_standalone_partition,"Partition 7 of the 8-way build. Real Vivado OOC synth via FINN's stock (unmodified) SynthOutOfContext on this partition's own stitched IP. DSP field is FINN's known-unreliable JSON summary value (see module docstring) -- NOT independently verified against a raw Vivado utilization report for this partition; pass --dsp-rpt-dir to verify. Real trained checkpoint_best.pth (epoch 50, fold_0) weights, hardcap131 (131% LUT hardcap) folding config (vs prior hardcap100 dummy-weight sibling build); OOC synth auto-chained via '&&' after full build completed, no manual gap."
quantEnet_12_separable_dense_relu_min4_hawq_dummy,hawq_12_sep_dense_relu_min4_dummy_hardcap100_8way_partitioned_ooc_synth_TOTAL,"4,16,32,16,4","4,8,8,2,1",4/8_mixed_min4,largefifo_rtlsim,250.0,10.0,xczu7ev-ffvc1156-2-e,finn/notebooks/enet/finn_deployment_outputs/hawq_12_sep_dense_relu_min4_dummy_8way_full_20260903_001821,2026-09-03 00:18:21,2026-09-03 16:54:00,16.5942,122926.0,53.3533,10636.0,106526.0,844.0,48.8426,,170.0,27.5641,1.0,0.0,7023.0,3.258,148.3239394838327,1512.950859356088,12.51181,,,,2022.2,real_ooc_synth_fits_sum_of_8_independent_partitions,"SUM of 8 real Vivado OOC-synth runs, one per StreamingDataflowPartition, each using FINN's stock (unmodified) SynthOutOfContext directly on that partition's own already-valid stitched IP (no combined/merged bitstream). CLB LUT (LUT+LUTRAM)=133562.0=57.9696% of 230400 (FITS). FF=106526.0=23.1176% of 460800. BRAM_18K-equivalent(18K_count+2*36K_count)=172.0=27.5641% of 624. DSP=0.0/1728 (see per-partition rows/module docstring re: known JSON DSP=0 parser bug -- pass --dsp-rpt-dir to correct this sum with verified counts). fmax_mhz is the MIN across the 8 partitions (bottleneck=partition_0, 148.3239394838327 MHz); each partition is an independently clocked/synthesized kernel, not one chained design. Dummy/fresh weights (torch.manual_seed(0)), NOT the trained checkpoint -- sibling/precursor build to the trained hardcap131 run, using 100%-LUT-budget-cap folding ILP (folding_nodewise_12_separable_dense_relu_min4_hardcap100_maxspeed.json, node-level ILP, 0 depthwise/VVAU) with resType forced to dsp on every MVAU/VVAU node. DSP=844/1728 manually verified per-partition against raw utilization_placed.rpt files during the original 2026-09-03 build session (raw rpts no longer exist post container-removal, so not independently re-verifiable now, but were cross-checked at the time; see per-partition rows)."
quantEnet_12_separable_dense_relu_min4_hawq_dummy,hawq_12_sep_dense_relu_min4_dummy_hardcap100_partition_0_ooc_synth,"4,16,32,16,4","4,8,8,2,1",4/8_mixed_min4,largefifo_rtlsim,250.0,10.0,xczu7ev-ffvc1156-2-e,finn/notebooks/enet/finn_deployment_outputs/hawq_12_sep_dense_relu_min4_dummy_8way_full_20260903_001821,2026-09-03 00:18:21,2026-09-03 16:54:00,,8909.0,3.8668,196.0,3230.0,3.0,0.1736,,6.0,0.9615,0.0,0.0,1216.0,3.258,148.3239394838327,,,,,,2022.2,real_ooc_synth_standalone_partition,"Partition 0 of the 8-way build. Real Vivado OOC synth via FINN's stock (unmodified) SynthOutOfContext on this partition's own stitched IP. DSP=3 manually verified against this partition's raw GenericPartition_0_wrapper_utilization_placed.rpt during the original 2026-09-03 build session (JSON field showed 0, known parser bug; raw rpt no longer exists post container-removal for re-verification). Dummy/fresh weights (torch.manual_seed(0)), NOT the trained checkpoint -- sibling/precursor build to the trained hardcap131 run, using 100%-LUT-budget-cap folding ILP (folding_nodewise_12_separable_dense_relu_min4_hardcap100_maxspeed.json, node-level ILP, 0 depthwise/VVAU) with resType forced to dsp on every MVAU/VVAU node. DSP field will be corrected post-hoc from raw utilization_placed.rpt values recorded by hand during the original session (raw rpts no longer exist -- container removed -- but were verified at build time)."
quantEnet_12_separable_dense_relu_min4_hawq_dummy,hawq_12_sep_dense_relu_min4_dummy_hardcap100_partition_1_ooc_synth,"4,16,32,16,4","4,8,8,2,1",4/8_mixed_min4,largefifo_rtlsim,250.0,10.0,xczu7ev-ffvc1156-2-e,finn/notebooks/enet/finn_deployment_outputs/hawq_12_sep_dense_relu_min4_dummy_8way_full_20260903_001821,2026-09-03 00:18:21,2026-09-03 16:54:00,,20428.0,8.8663,1255.0,19439.0,168.0,9.7222,,26.0,4.1667,0.0,0.0,1059.0,4.974,198.96538002387587,,,,,,2022.2,real_ooc_synth_standalone_partition,"Partition 1 of the 8-way build. Real Vivado OOC synth via FINN's stock (unmodified) SynthOutOfContext on this partition's own stitched IP. DSP=168 manually verified against this partition's raw GenericPartition_1_wrapper_utilization_placed.rpt during the original 2026-09-03 build session (JSON field showed 0, known parser bug; raw rpt no longer exists post container-removal for re-verification). Dummy/fresh weights (torch.manual_seed(0)), NOT the trained checkpoint -- sibling/precursor build to the trained hardcap131 run, using 100%-LUT-budget-cap folding ILP (folding_nodewise_12_separable_dense_relu_min4_hardcap100_maxspeed.json, node-level ILP, 0 depthwise/VVAU) with resType forced to dsp on every MVAU/VVAU node. DSP field will be corrected post-hoc from raw utilization_placed.rpt values recorded by hand during the original session (raw rpts no longer exist -- container removed -- but were verified at build time)."
quantEnet_12_separable_dense_relu_min4_hawq_dummy,hawq_12_sep_dense_relu_min4_dummy_hardcap100_partition_2_ooc_synth,"4,16,32,16,4","4,8,8,2,1",4/8_mixed_min4,largefifo_rtlsim,250.0,10.0,xczu7ev-ffvc1156-2-e,finn/notebooks/enet/finn_deployment_outputs/hawq_12_sep_dense_relu_min4_dummy_8way_full_20260903_001821,2026-09-03 00:18:21,2026-09-03 16:54:00,,17631.0,7.6523,1970.0,15778.0,116.0,6.713,,26.0,4.1667,0.0,0.0,792.0,4.938,197.55037534571315,,,,,,2022.2,real_ooc_synth_standalone_partition,"Partition 2 of the 8-way build. Real Vivado OOC synth via FINN's stock (unmodified) SynthOutOfContext on this partition's own stitched IP. DSP=116 manually verified against this partition's raw GenericPartition_2_wrapper_utilization_placed.rpt during the original 2026-09-03 build session (JSON field showed 0, known parser bug; raw rpt no longer exists post container-removal for re-verification). Dummy/fresh weights (torch.manual_seed(0)), NOT the trained checkpoint -- sibling/precursor build to the trained hardcap131 run, using 100%-LUT-budget-cap folding ILP (folding_nodewise_12_separable_dense_relu_min4_hardcap100_maxspeed.json, node-level ILP, 0 depthwise/VVAU) with resType forced to dsp on every MVAU/VVAU node. DSP field will be corrected post-hoc from raw utilization_placed.rpt values recorded by hand during the original session (raw rpts no longer exist -- container removed -- but were verified at build time)."
quantEnet_12_separable_dense_relu_min4_hawq_dummy,hawq_12_sep_dense_relu_min4_dummy_hardcap100_partition_3_ooc_synth,"4,16,32,16,4","4,8,8,2,1",4/8_mixed_min4,largefifo_rtlsim,250.0,10.0,xczu7ev-ffvc1156-2-e,finn/notebooks/enet/finn_deployment_outputs/hawq_12_sep_dense_relu_min4_dummy_8way_full_20260903_001821,2026-09-03 00:18:21,2026-09-03 16:54:00,,17818.0,7.7335,1854.0,16217.0,118.0,6.8287,,28.0,4.4872,0.0,0.0,901.0,5.27,211.4164904862579,,,,,,2022.2,real_ooc_synth_standalone_partition,"Partition 3 of the 8-way build. Real Vivado OOC synth via FINN's stock (unmodified) SynthOutOfContext on this partition's own stitched IP. DSP=118 manually verified against this partition's raw GenericPartition_3_wrapper_utilization_placed.rpt during the original 2026-09-03 build session (JSON field showed 0, known parser bug; raw rpt no longer exists post container-removal for re-verification). Dummy/fresh weights (torch.manual_seed(0)), NOT the trained checkpoint -- sibling/precursor build to the trained hardcap131 run, using 100%-LUT-budget-cap folding ILP (folding_nodewise_12_separable_dense_relu_min4_hardcap100_maxspeed.json, node-level ILP, 0 depthwise/VVAU) with resType forced to dsp on every MVAU/VVAU node. DSP field will be corrected post-hoc from raw utilization_placed.rpt values recorded by hand during the original session (raw rpts no longer exist -- container removed -- but were verified at build time)."
quantEnet_12_separable_dense_relu_min4_hawq_dummy,hawq_12_sep_dense_relu_min4_dummy_hardcap100_partition_4_ooc_synth,"4,16,32,16,4","4,8,8,2,1",4/8_mixed_min4,largefifo_rtlsim,250.0,10.0,xczu7ev-ffvc1156-2-e,finn/notebooks/enet/finn_deployment_outputs/hawq_12_sep_dense_relu_min4_dummy_8way_full_20260903_001821,2026-09-03 00:18:21,2026-09-03 16:54:00,,21918.0,9.513,2095.0,19530.0,145.0,8.3912,,36.0,5.7692,0.0,0.0,1114.0,5.477,221.0921954455008,,,,,,2022.2,real_ooc_synth_standalone_partition,"Partition 4 of the 8-way build. Real Vivado OOC synth via FINN's stock (unmodified) SynthOutOfContext on this partition's own stitched IP. DSP=145 manually verified against this partition's raw GenericPartition_4_wrapper_utilization_placed.rpt during the original 2026-09-03 build session (JSON field showed 0, known parser bug; raw rpt no longer exists post container-removal for re-verification). Dummy/fresh weights (torch.manual_seed(0)), NOT the trained checkpoint -- sibling/precursor build to the trained hardcap131 run, using 100%-LUT-budget-cap folding ILP (folding_nodewise_12_separable_dense_relu_min4_hardcap100_maxspeed.json, node-level ILP, 0 depthwise/VVAU) with resType forced to dsp on every MVAU/VVAU node. DSP field will be corrected post-hoc from raw utilization_placed.rpt values recorded by hand during the original session (raw rpts no longer exist -- container removed -- but were verified at build time)."
quantEnet_12_separable_dense_relu_min4_hawq_dummy,hawq_12_sep_dense_relu_min4_dummy_hardcap100_partition_5_ooc_synth,"4,16,32,16,4","4,8,8,2,1",4/8_mixed_min4,largefifo_rtlsim,250.0,10.0,xczu7ev-ffvc1156-2-e,finn/notebooks/enet/finn_deployment_outputs/hawq_12_sep_dense_relu_min4_dummy_8way_full_20260903_001821,2026-09-03 00:18:21,2026-09-03 16:54:00,,12685.0,5.5056,1629.0,11862.0,84.0,4.8611,,19.0,3.0449,0.0,0.0,509.0,5.512,222.8163992869875,,,,,,2022.2,real_ooc_synth_standalone_partition,"Partition 5 of the 8-way build. Real Vivado OOC synth via FINN's stock (unmodified) SynthOutOfContext on this partition's own stitched IP. DSP=84 manually verified against this partition's raw GenericPartition_5_wrapper_utilization_placed.rpt during the original 2026-09-03 build session (JSON field showed 0, known parser bug; raw rpt no longer exists post container-removal for re-verification). Dummy/fresh weights (torch.manual_seed(0)), NOT the trained checkpoint -- sibling/precursor build to the trained hardcap131 run, using 100%-LUT-budget-cap folding ILP (folding_nodewise_12_separable_dense_relu_min4_hardcap100_maxspeed.json, node-level ILP, 0 depthwise/VVAU) with resType forced to dsp on every MVAU/VVAU node. DSP field will be corrected post-hoc from raw utilization_placed.rpt values recorded by hand during the original session (raw rpts no longer exist -- container removed -- but were verified at build time)."
quantEnet_12_separable_dense_relu_min4_hawq_dummy,hawq_12_sep_dense_relu_min4_dummy_hardcap100_partition_6_ooc_synth,"4,16,32,16,4","4,8,8,2,1",4/8_mixed_min4,largefifo_rtlsim,250.0,10.0,xczu7ev-ffvc1156-2-e,finn/notebooks/enet/finn_deployment_outputs/hawq_12_sep_dense_relu_min4_dummy_8way_full_20260903_001821,2026-09-03 00:18:21,2026-09-03 16:54:00,,11536.0,5.0069,867.0,11886.0,154.0,8.912,,11.0,2.0833,1.0,0.0,503.0,5.201,208.37674515524063,,,,,,2022.2,real_ooc_synth_standalone_partition,"Partition 6 of the 8-way build. Real Vivado OOC synth via FINN's stock (unmodified) SynthOutOfContext on this partition's own stitched IP. DSP=154 manually verified against this partition's raw GenericPartition_6_wrapper_utilization_placed.rpt during the original 2026-09-03 build session (JSON field showed 0, known parser bug; raw rpt no longer exists post container-removal for re-verification). Dummy/fresh weights (torch.manual_seed(0)), NOT the trained checkpoint -- sibling/precursor build to the trained hardcap131 run, using 100%-LUT-budget-cap folding ILP (folding_nodewise_12_separable_dense_relu_min4_hardcap100_maxspeed.json, node-level ILP, 0 depthwise/VVAU) with resType forced to dsp on every MVAU/VVAU node. DSP field will be corrected post-hoc from raw utilization_placed.rpt values recorded by hand during the original session (raw rpts no longer exist -- container removed -- but were verified at build time)."
quantEnet_12_separable_dense_relu_min4_hawq_dummy,hawq_12_sep_dense_relu_min4_dummy_hardcap100_partition_7_ooc_synth,"4,16,32,16,4","4,8,8,2,1",4/8_mixed_min4,largefifo_rtlsim,250.0,10.0,xczu7ev-ffvc1156-2-e,finn/notebooks/enet/finn_deployment_outputs/hawq_12_sep_dense_relu_min4_dummy_8way_full_20260903_001821,2026-09-03 00:18:21,2026-09-03 16:54:00,,12001.0,5.2088,770.0,8584.0,56.0,3.2407,,18.0,2.8846,0.0,0.0,929.0,4.142,170.70672584499832,,,,,,2022.2,real_ooc_synth_standalone_partition,"Partition 7 of the 8-way build. Real Vivado OOC synth via FINN's stock (unmodified) SynthOutOfContext on this partition's own stitched IP. DSP=56 manually verified against this partition's raw GenericPartition_7_wrapper_utilization_placed.rpt during the original 2026-09-03 build session (JSON field showed 0, known parser bug; raw rpt no longer exists post container-removal for re-verification). Dummy/fresh weights (torch.manual_seed(0)), NOT the trained checkpoint -- sibling/precursor build to the trained hardcap131 run, using 100%-LUT-budget-cap folding ILP (folding_nodewise_12_separable_dense_relu_min4_hardcap100_maxspeed.json, node-level ILP, 0 depthwise/VVAU) with resType forced to dsp on every MVAU/VVAU node. DSP field will be corrected post-hoc from raw utilization_placed.rpt values recorded by hand during the original session (raw rpts no longer exist -- container removed -- but were verified at build time)."
quantEnet_12_dense_relu_warmstart150ep_alpha025_finn_calibrated_int8,12_dense_relu_warmstart150ep_alpha025_finn_calibrated_8way_partitioned_ooc_synth_TOTAL,"4,16,32,16,4","4,8,8,2,1",4/6/8_mixed_joint_alpha0.25,largefifo_rtlsim,,10.0,xczu7ev-ffvc1156-2-e,finn/notebooks/enet/finn_deployment_outputs/12_dense_relu_warmstart150ep_alpha025_finn_calibrated_8way_full_20260914_221145,2026-09-14 22:11:45,2026-09-15 07:57:31,9.7628,760217.0,329.9553,14926.0,207508.0,2249.0,130.1505,,245.0,100.8013,192.0,2.0,85945.0,0.934,110.30222810500771,1519.6644580876543,8.47711,158810.0,4096.0,20480.0,2022.2,real_ooc_synth_does_not_fit_sum_of_8_independent_partitions,"SUM of 8 real Vivado OOC-synth runs, one per StreamingDataflowPartition, each using FINN's stock (unmodified) SynthOutOfContext directly on that partition's own already-valid stitched IP (no combined/merged bitstream). CLB LUT (LUT+LUTRAM)=775143.0=336.4336% of 230400 (does NOT fit). FF=207508.0=45.0321% of 460800. BRAM_18K-equivalent(18K_count+2*36K_count)=629.0=100.8013% of 624. DSP=2249/1728 (verified against raw utilization_placed.rpt for all partitions). fmax_mhz is the MIN across the 8 partitions (bottleneck=partition_5, 110.30222810500771 MHz); each partition is an independently clocked/synthesized kernel, not one chained design. New FINN-native checkpoint (LayerQuantEnetFINN trainer), main_up topology changed 2026-09-14 (Upsample+depthwise QuantConv2d replacing QuantConvTranspose2d); finn_stage_partition.py boundary-detection fixed for this topology this session. DSP counts verified against raw utilization_placed.rpt for all 8 partitions."
quantEnet_12_dense_relu_warmstart150ep_alpha025_finn_calibrated_int8,12_dense_relu_warmstart150ep_alpha025_finn_calibrated_partition_0_ooc_synth,"4,16,32,16,4","4,8,8,2,1",4/6/8_mixed_joint_alpha0.25,largefifo_rtlsim,,10.0,xczu7ev-ffvc1156-2-e,finn/notebooks/enet/finn_deployment_outputs/12_dense_relu_warmstart150ep_alpha025_finn_calibrated_8way_full_20260914_221145,2026-09-14 22:11:45,2026-09-15 07:57:31,,7577.0,3.2886,97.0,3409.0,27.0,1.5625,,3.0,1.7628,4.0,0.0,801.0,4.714,189.17896329928112,,,,,,2022.2,real_ooc_synth_standalone_partition,"Partition 0 of the 8-way build. Real Vivado OOC synth via FINN's stock (unmodified) SynthOutOfContext on this partition's own stitched IP. DSP=27 verified via raw utilization_placed.rpt (JSON field showed 0.0, known parser bug -- see module docstring). New FINN-native checkpoint (LayerQuantEnetFINN trainer), main_up topology changed 2026-09-14 (Upsample+depthwise QuantConv2d replacing QuantConvTranspose2d); finn_stage_partition.py boundary-detection fixed for this topology this session. DSP counts verified against raw utilization_placed.rpt for all 8 partitions."
quantEnet_12_dense_relu_warmstart150ep_alpha025_finn_calibrated_int8,12_dense_relu_warmstart150ep_alpha025_finn_calibrated_partition_1_ooc_synth,"4,16,32,16,4","4,8,8,2,1",4/6/8_mixed_joint_alpha0.25,largefifo_rtlsim,,10.0,xczu7ev-ffvc1156-2-e,finn/notebooks/enet/finn_deployment_outputs/12_dense_relu_warmstart150ep_alpha025_finn_calibrated_8way_full_20260914_221145,2026-09-14 22:11:45,2026-09-15 07:57:31,,185311.0,80.4301,1800.0,41209.0,386.0,22.338,,43.0,15.5449,27.0,0.0,21145.0,1.76,121.35922330097088,,,,,,2022.2,real_ooc_synth_standalone_partition,"Partition 1 of the 8-way build. Real Vivado OOC synth via FINN's stock (unmodified) SynthOutOfContext on this partition's own stitched IP. DSP=386 verified via raw utilization_placed.rpt (JSON field showed 0.0, known parser bug -- see module docstring). New FINN-native checkpoint (LayerQuantEnetFINN trainer), main_up topology changed 2026-09-14 (Upsample+depthwise QuantConv2d replacing QuantConvTranspose2d); finn_stage_partition.py boundary-detection fixed for this topology this session. DSP counts verified against raw utilization_placed.rpt for all 8 partitions."
quantEnet_12_dense_relu_warmstart150ep_alpha025_finn_calibrated_int8,12_dense_relu_warmstart150ep_alpha025_finn_calibrated_partition_2_ooc_synth,"4,16,32,16,4","4,8,8,2,1",4/6/8_mixed_joint_alpha0.25,largefifo_rtlsim,,10.0,xczu7ev-ffvc1156-2-e,finn/notebooks/enet/finn_deployment_outputs/12_dense_relu_warmstart150ep_alpha025_finn_calibrated_8way_full_20260914_221145,2026-09-14 22:11:45,2026-09-15 07:57:31,,95677.0,41.5265,2970.0,42906.0,380.0,21.9907,,57.0,20.9936,37.0,1.0,8809.0,2.254,129.09888974954814,,,,,,2022.2,real_ooc_synth_standalone_partition,"Partition 2 of the 8-way build. Real Vivado OOC synth via FINN's stock (unmodified) SynthOutOfContext on this partition's own stitched IP. DSP=380 verified via raw utilization_placed.rpt (JSON field showed 0.0, known parser bug -- see module docstring). New FINN-native checkpoint (LayerQuantEnetFINN trainer), main_up topology changed 2026-09-14 (Upsample+depthwise QuantConv2d replacing QuantConvTranspose2d); finn_stage_partition.py boundary-detection fixed for this topology this session. DSP counts verified against raw utilization_placed.rpt for all 8 partitions."
quantEnet_12_dense_relu_warmstart150ep_alpha025_finn_calibrated_int8,12_dense_relu_warmstart150ep_alpha025_finn_calibrated_partition_3_ooc_synth,"4,16,32,16,4","4,8,8,2,1",4/6/8_mixed_joint_alpha0.25,largefifo_rtlsim,,10.0,xczu7ev-ffvc1156-2-e,finn/notebooks/enet/finn_deployment_outputs/12_dense_relu_warmstart150ep_alpha025_finn_calibrated_8way_full_20260914_221145,2026-09-14 22:11:45,2026-09-15 07:57:31,,147695.0,64.1037,2522.0,36183.0,334.0,19.3287,,42.0,17.3077,33.0,0.0,17738.0,2.044,125.6913021618904,,,,,,2022.2,real_ooc_synth_standalone_partition,"Partition 3 of the 8-way build. Real Vivado OOC synth via FINN's stock (unmodified) SynthOutOfContext on this partition's own stitched IP. DSP=334 verified via raw utilization_placed.rpt (JSON field showed 0.0, known parser bug -- see module docstring). New FINN-native checkpoint (LayerQuantEnetFINN trainer), main_up topology changed 2026-09-14 (Upsample+depthwise QuantConv2d replacing QuantConvTranspose2d); finn_stage_partition.py boundary-detection fixed for this topology this session. DSP counts verified against raw utilization_placed.rpt for all 8 partitions."
quantEnet_12_dense_relu_warmstart150ep_alpha025_finn_calibrated_int8,12_dense_relu_warmstart150ep_alpha025_finn_calibrated_partition_4_ooc_synth,"4,16,32,16,4","4,8,8,2,1",4/6/8_mixed_joint_alpha0.25,largefifo_rtlsim,,10.0,xczu7ev-ffvc1156-2-e,finn/notebooks/enet/finn_deployment_outputs/12_dense_relu_warmstart150ep_alpha025_finn_calibrated_8way_full_20260914_221145,2026-09-14 22:11:45,2026-09-15 07:57:31,,144340.0,62.6476,2795.0,28994.0,318.0,18.4028,,42.0,17.6282,34.0,0.0,18343.0,1.698,120.45290291496026,,,,,,2022.2,real_ooc_synth_standalone_partition,"Partition 4 of the 8-way build. Real Vivado OOC synth via FINN's stock (unmodified) SynthOutOfContext on this partition's own stitched IP. DSP=318 verified via raw utilization_placed.rpt (JSON field showed 0.0, known parser bug -- see module docstring). New FINN-native checkpoint (LayerQuantEnetFINN trainer), main_up topology changed 2026-09-14 (Upsample+depthwise QuantConv2d replacing QuantConvTranspose2d); finn_stage_partition.py boundary-detection fixed for this topology this session. DSP counts verified against raw utilization_placed.rpt for all 8 partitions."
quantEnet_12_dense_relu_warmstart150ep_alpha025_finn_calibrated_int8,12_dense_relu_warmstart150ep_alpha025_finn_calibrated_partition_5_ooc_synth,"4,16,32,16,4","4,8,8,2,1",4/6/8_mixed_joint_alpha0.25,largefifo_rtlsim,,10.0,xczu7ev-ffvc1156-2-e,finn/notebooks/enet/finn_deployment_outputs/12_dense_relu_warmstart150ep_alpha025_finn_calibrated_8way_full_20260914_221145,2026-09-14 22:11:45,2026-09-15 07:57:31,,122130.0,53.0078,3802.0,35722.0,434.0,25.1157,,29.0,15.8654,35.0,0.0,13157.0,0.934,110.30222810500771,,,,,,2022.2,real_ooc_synth_standalone_partition,"Partition 5 of the 8-way build. Real Vivado OOC synth via FINN's stock (unmodified) SynthOutOfContext on this partition's own stitched IP. DSP=434 verified via raw utilization_placed.rpt (JSON field showed 0.0, known parser bug -- see module docstring). New FINN-native checkpoint (LayerQuantEnetFINN trainer), main_up topology changed 2026-09-14 (Upsample+depthwise QuantConv2d replacing QuantConvTranspose2d); finn_stage_partition.py boundary-detection fixed for this topology this session. DSP counts verified against raw utilization_placed.rpt for all 8 partitions."
quantEnet_12_dense_relu_warmstart150ep_alpha025_finn_calibrated_int8,12_dense_relu_warmstart150ep_alpha025_finn_calibrated_partition_6_ooc_synth,"4,16,32,16,4","4,8,8,2,1",4/6/8_mixed_joint_alpha0.25,largefifo_rtlsim,,10.0,xczu7ev-ffvc1156-2-e,finn/notebooks/enet/finn_deployment_outputs/12_dense_relu_warmstart150ep_alpha025_finn_calibrated_8way_full_20260914_221145,2026-09-14 22:11:45,2026-09-15 07:57:31,,48070.0,20.8637,779.0,14371.0,303.0,17.5347,,21.0,7.8526,14.0,0.0,4980.0,3.341,150.1726986033939,,,,,,2022.2,real_ooc_synth_standalone_partition,"Partition 6 of the 8-way build. Real Vivado OOC synth via FINN's stock (unmodified) SynthOutOfContext on this partition's own stitched IP. DSP=303 verified via raw utilization_placed.rpt (JSON field showed 0.0, known parser bug -- see module docstring). New FINN-native checkpoint (LayerQuantEnetFINN trainer), main_up topology changed 2026-09-14 (Upsample+depthwise QuantConv2d replacing QuantConvTranspose2d); finn_stage_partition.py boundary-detection fixed for this topology this session. DSP counts verified against raw utilization_placed.rpt for all 8 partitions."
quantEnet_12_dense_relu_warmstart150ep_alpha025_finn_calibrated_int8,12_dense_relu_warmstart150ep_alpha025_finn_calibrated_partition_7_ooc_synth,"4,16,32,16,4","4,8,8,2,1",4/6/8_mixed_joint_alpha0.25,largefifo_rtlsim,,10.0,xczu7ev-ffvc1156-2-e,finn/notebooks/enet/finn_deployment_outputs/12_dense_relu_warmstart150ep_alpha025_finn_calibrated_8way_full_20260914_221145,2026-09-14 22:11:45,2026-09-15 07:57:31,,9417.0,4.0872,161.0,4714.0,67.0,3.8773,,8.0,3.8462,8.0,1.0,972.0,3.23,147.7104874446086,,,,,,2022.2,real_ooc_synth_standalone_partition,"Partition 7 of the 8-way build. Real Vivado OOC synth via FINN's stock (unmodified) SynthOutOfContext on this partition's own stitched IP. DSP=67 verified via raw utilization_placed.rpt (JSON field showed 0.0, known parser bug -- see module docstring). New FINN-native checkpoint (LayerQuantEnetFINN trainer), main_up topology changed 2026-09-14 (Upsample+depthwise QuantConv2d replacing QuantConvTranspose2d); finn_stage_partition.py boundary-detection fixed for this topology this session. DSP counts verified against raw utilization_placed.rpt for all 8 partitions."
probe_s12_context_dense_int4,s12_context_dense_int4_probe_ooc_synth,,2,4,,,10.0,xczu7ev-ffvc1156-2-e,finn/notebooks/enet/finn_deployment_outputs/probe_s12_context_dense_int4_20260915_155515,2026-09-15 15:55:15,,0.42,6174.0,2.68,1805.0,6151.0,7.0,0.41,,20.0,3.21,55.0,0.0,114.0,6.627,296.4719833975689,,6.84462,684462.0,1024.0,32768.0,2022.2,fits_real_ooc_synth_single_partition,"S12 dense-vs-separable context-block probe pair (stem + 2x QuantRegularBottleneck only, not full ENet), INT4 weights/activations, PE=SIMD=1 (target_fps=None default folding, no SetFolding). Custom step_fix_signed_thresholds re-applied right before to_hw.InferThresholdingLayer fixes a real conflict: QuantIdentityHandler forces signed=1 on QuantRegularBottleneck.input_quants identity Quant->MultiThreshold conversion, but convert_to_hw_layers.py asserts actval (out_bias attr) < 0 for any signed MultiThreshold output -- downgrades to unsigned whenever out_bias>=0 (matches real never-negative data). step_force_dsp sets resType=dsp on all MVAU/VVAU nodes, but step_specialize_layers chose MVAU_rtl (RTL, not HLS) for all of them here. reports/ooc_synth_and_timing.jsons DSP field showed 0.0 -- this is the KNOWN JSON-parser bug (see collect_results.py docstring + many prior rows in this file), NOT a real RTL-vs-HLS resType difference -- CORRECTED to real DSP=7 (0.41% of 1728) via raw finn_design_wrapper_utilization_placed.rpt DSPs Used line (cross-checked against /tmp/finn_dev_thelegendiv/synth_out_of_context_xiefs7uj). build_duration_hours summed from time_per_step.json (not wall-clock measured); build_end left blank accordingly. rtlsim cycles/latency are real cycle-accurate Verilator rtlsim via step_measure_rtlsim_performance, not an analytical estimate."
probe_s12_context_separable_int4,s12_context_separable_int4_probe_ooc_synth,,2,4,,,10.0,xczu7ev-ffvc1156-2-e,finn/notebooks/enet/finn_deployment_outputs/probe_s12_context_separable_int4_20260915_155521,2026-09-15 15:55:21,,0.74,7377.0,3.2,2123.0,7258.0,9.0,0.52,,28.0,4.49,22.0,0.0,116.0,7.259,364.8303538854433,,3.14594,314594.0,1024.0,32768.0,2022.2,fits_real_ooc_synth_single_partition,"S12 dense-vs-separable context-block probe pair (stem + 2x QuantRegularBottleneck only, not full ENet), INT4 weights/activations, PE=SIMD=1 (target_fps=None default folding, no SetFolding). Same step_fix_signed_thresholds / step_force_dsp custom steps as the dense sibling row. All MVAU/VVAU nodes specialized as _rtl (not _hls) here too. reports/ooc_synth_and_timing.jsons DSP field showed 0.0 -- KNOWN JSON-parser bug (see collect_results.py docstring), CORRECTED to real DSP=9 (0.52% of 1728) via raw finn_design_wrapper_utilization_placed.rpt DSPs Used line (cross-checked against /tmp/finn_dev_thelegendiv/synth_out_of_context_mf0avxb4). Uses ~2.2x fewer rtlsim cycles than the dense sibling (314594 vs 684462) despite slightly higher LUT/FF, and a higher achievable fmax (364.83 vs 296.47 MHz). build_duration_hours summed from time_per_step.json (not wall-clock measured); build_end left blank accordingly. rtlsim cycles/latency are real cycle-accurate Verilator rtlsim via step_measure_rtlsim_performance, not an analytical estimate."
probe_s12_context_dense_int8_pemh,s12_context_dense_int8_pemh_simd1_probe_ooc_synth,,2,8,,,10.0,xczu7ev-ffvc1156-2-e,finn/notebooks/enet/finn_deployment_outputs/probe_s12_context_dense_int8_pemh_simd1_20260915_182427,2026-09-15 18:24:27,,0.65,15252.0,6.62,2792.0,24891.0,64.0,3.7,80.0,42.0,6.73,59.0,0.0,388.0,6.347,273.7476047084588,0.999286319703331,1000.71419,100071419.0,1024.0,26400.0,2022.2,fits_real_ooc_synth_single_partition,"S12 dense context-block probe (stem + 2x QuantRegularBottleneck, dilations 2/4), INT8 weights/activations, folding FORCED to PE=MH/SIMD=1 on every MVAU node (--force-pe-mh-simd1) + step_force_dsp (resType=dsp on all nodes). report/ooc_synth_result.json DSP field showed 0.0 -- KNOWN JSON-parser bug, CORRECTED to real DSP=64 (3.70% of 1728) via raw finn_design_wrapper_utilization_placed.rpt DSPs-Used line (cross-checked against /tmp/finn_dev_thelegendiv/synth_out_of_context_uyyx8enr). FINN's own pre-synthesis analytical estimate (report/estimate_layer_resources.json total, i.e. the 'underrated' raw model output before any of this repo's calibration): LUT=13660, DSP=32, BRAM_18K=32 -- real/raw ratio LUT=1.117x, DSP=2.0x (real DSP is EXACTLY 2x the FINN estimate under PE=MH/SIMD=1 folding, unlike the PE=1/SIMD=1 int6 sibling rows where DSP matches 1:1 -- a real, repeatable finding, not noise), BRAM_18K=1.31x. Applying this repo's ACTIVE force_dsp calibration factor (finn_cost_model.py's _S12_DENSE_DSP_FORCED_LUT_FACTOR=4.4639, fit on the FULL 8-way PRODUCTION build's per-partition totals, not a single context-block probe) massively OVER-predicts at this tiny scale: derated_LUT=60985 (vs real 15252, ~4x too high), derated_BRAM_18K=14.7 (vs real 42, ~2.9x too low) -- confirms the production-build calibration factor does not transfer down to single-block-probe granularity; the real/raw ratios above are a better local correction at this scale."
probe_s12_context_dense_int6,s12_context_dense_int6_probe_ooc_synth,,2,6,,,10.0,xczu7ev-ffvc1156-2-e,finn/notebooks/enet/finn_deployment_outputs/probe_s12_context_dense_int6_20260915_192708,2026-09-15 19:27:08,,0.52,7378.0,3.2,2477.0,7655.0,7.0,0.41,75.0,30.0,4.81,60.0,0.0,139.0,6.739,306.65440049064705,146.09417230346682,6.8449,684490.0,1024.0,32768.0,2022.2,fits_real_ooc_synth_single_partition,"S12 dense context-block probe (stem + 2x QuantRegularBottleneck, dilations 2/4), INT6 weights/activations, DEFAULT folding (PE=1/SIMD=1 on every MVAU node, no SetFolding) + step_force_dsp (resType=dsp on all nodes). report/ooc_synth_result.json DSP field showed 0.0 -- KNOWN JSON-parser bug, CORRECTED to real DSP=7 (0.41% of 1728) via raw utilization_placed.rpt (cross-checked against /tmp/finn_dev_thelegendiv/synth_out_of_context_hpamu10s). FINN's own pre-synthesis estimate (report/estimate_layer_resources.json total): LUT=8668, DSP=7, BRAM_18K=7 -- real/raw ratio LUT=0.851x (real LUT is UNDER the raw estimate here, unlike every other probe in this batch), DSP=1.0x (exact match at PE=1/SIMD=1, contrast with the pemh siblings' 2.0x), BRAM_18K=4.29x (real BRAM usage far exceeds the tiny raw estimate -- BRAM estimation is the weakest part of this model at small scale, consistent with finn_cost_model.py's own documented R^2=0.462 for its BRAM affine fit). Applying the ACTIVE force_dsp calibration factor (dense, 4.4639x) over-predicts LUT by ~5.2x (derated=38695 vs real 7378) -- same production-scale-vs-probe-scale mismatch as the int8_pemh sibling row."
probe_s12_context_separable_int6,s12_context_separable_int6_probe_ooc_synth,,2,6,,,10.0,xczu7ev-ffvc1156-2-e,finn/notebooks/enet/finn_deployment_outputs/probe_s12_context_separable_int6_20260915_192725,2026-09-15 19:27:25,,0.89,9089.0,3.95,2959.0,9392.0,9.0,0.52,51.0,45.0,7.21,29.0,0.0,134.0,6.608,294.811320754717,317.83364586975176,3.1463,314630.0,1024.0,32768.0,2022.2,fits_real_ooc_synth_single_partition,"S12 SEPARABLE context-block probe (stem + 2x QuantRegularBottleneck w/ depthwise+pointwise decomposition, dilations 2/4), INT6 weights/activations, DEFAULT folding (PE=1/SIMD=1) + step_force_dsp. report/ooc_synth_result.json DSP field showed 0.0 -- KNOWN JSON-parser bug, CORRECTED to real DSP=9 (0.52% of 1728) via raw utilization_placed.rpt (cross-checked against /tmp/finn_dev_thelegendiv/synth_out_of_context_anw5oa39). FINN's own pre-synthesis estimate: LUT=9440, DSP=9, BRAM_18K=9 -- real/raw ratio LUT=0.963x (close match), DSP=1.0x, BRAM_18K=5.0x (again the weak spot). Applying this repo's SEPARABLE-architecture force_dsp calibration factor (_S12_SEPARABLE_DSP_FORCED_LUT_FACTOR=1.261221175430389, the architecture-appropriate factor here vs. the currently globally-ACTIVE dense factor) gives derated_LUT=11906 (vs real 9089, ~1.31x over) -- much closer than the dense factor would be, but still a probe-vs-full-partition scale mismatch; derated_BRAM_18K=1.75 (vs real 45, ~26x too low)."
probe_s12_context_separable_int8_pemh,s12_context_separable_int8_pemh_simd1_probe_ooc_synth,,2,8,,,10.0,xczu7ev-ffvc1156-2-e,finn/notebooks/enet/finn_deployment_outputs/probe_s12_context_separable_int8_pemh_simd1_20260915_191126,2026-09-15 19:11:26,,1.33,20560.0,8.92,5406.0,28305.0,72.0,4.17,57.0,48.0,7.69,33.0,0.0,441.0,6.671,300.390507659958,0.9996647624219216,1000.33535,100033535.0,1024.0,26400.0,2022.2,fits_real_ooc_synth_single_partition,"S12 SEPARABLE context-block probe (stem + 2x QuantRegularBottleneck w/ depthwise+pointwise decomposition, dilations 2/4), INT8 weights/activations, folding FORCED to PE=MH/SIMD=1 on every MVAU node + step_force_dsp. report/ooc_synth_result.json DSP field showed 0.0 -- KNOWN JSON-parser bug, CORRECTED to real DSP=72 (4.17% of 1728) via raw utilization_placed.rpt (cross-checked against /tmp/finn_dev_thelegendiv/synth_out_of_context_6x1wovnb). FINN's own pre-synthesis estimate: LUT=13408, DSP=36, BRAM_18K=36 -- real/raw ratio LUT=1.533x (largest LUT under-estimate in this batch), DSP=2.0x (matches the dense_int8_pemh sibling's exact 2.0x pattern under PE=MH/SIMD=1), BRAM_18K=1.33x. Applying the SEPARABLE-architecture force_dsp factor (1.2612x) under-predicts here: derated_LUT=16910 (vs real 20560, 0.82x -- the one case in this batch where the derated number lands closer to real than the raw FINN estimate does, but only by coincidence of this factor's fit point, not a validated match)."
probe_s12_context_dense_int6_pemh,s12_context_dense_int6_pemh_simd1_probe_ooc_synth,,2,6,,,10.0,xczu7ev-ffvc1156-2-e,finn/notebooks/enet/finn_deployment_outputs/probe_s12_context_dense_int6_pemh_simd1_20260916_170945,2026-09-16 17:09:45,,0.6587,12379.0,5.37,2184.0,19904.0,64.0,3.7,59.0,33.0,5.29,43.0,0.0,267.0,6.558,290.5287623474724,1356.3368055555557,6.45422,100071391.0,1024.0,26400.0,2022.2,fits_real_ooc_synth_single_partition,"S12 dense context-block probe (stem + 2x QuantRegularBottleneck, dilations 2/4), INT6 weights/activations, folding FORCED to PE=MH/SIMD=1 on every MVAU node (finn_build_probe_s12_context_v2.py dense --bitwidth 6 --force-pe-mh-simd1) + step_force_dsp (resType=dsp on all nodes). All 7 MVAU nodes specialized as MVAU_rtl (not _hls). report/ooc_synth_result.json DSP field showed 0.0 -- KNOWN JSON-parser bug, CORRECTED to real DSP=64 (3.70% of 1728) via raw finn_design_wrapper_utilization_{synth,placed}.rpt DSPs-Used line (cross-checked against /tmp/finn_dev_thelegendiv/synth_out_of_context_al5lxv0p). FINN's own pre-synthesis analytical estimate (report/estimate_layer_resources.json total): LUT=8668, DSP=32, BRAM_18K=26 -- real/raw ratio LUT=1.428x, DSP=2.0x (matches BOTH int8_pemh sibling rows' exact 2.0x pattern under PE=MH/SIMD=1, now confirmed a 3rd time at a different bitwidth), BRAM_18K=1.269x. Per-node breakdown (real Vivado hierarchical utilization + landed nodeattrs, all PE==MH/SIMD==1 as intended) dumped to hardware/mvau_lut_calibration_dataset_s12_context_dense_int6_pemh_simd1.csv via hardware/build_probe_calibration_csv.py -- node DSP counts are exactly PE/2 rounded up per node (MH=32 nodes: 16 DSP each; MH=8 nodes: 4 DSP each), summing to the real 64. build_duration_hours summed from time_per_step.json (not wall-clock measured); build_end left blank accordingly. rtlsim cycles/latency are real cycle-accurate Verilator rtlsim via step_measure_rtlsim_performance, not an analytical estimate."
quantEnet_12_dense_relu_warmstart150ep_alpha025_trained_rtl_mvau_int8,12_dense_relu_warmstart150ep_alpha025_rtl_mvau_candidatebits468_forcedsp_lut70_8way_partitioned_ooc_synth_TOTAL,"4,16,32,16,4","4,8,8,2,1",4/6/8_mixed_joint_alpha0.25_forcedsp_lut70cap,largefifo_rtlsim,,10.0,xczu7ev-ffvc1156-2-e,finn/notebooks/enet/finn_deployment_outputs/12_dense_relu_warmstart150ep_alpha025_trained_rtl_mvau_8way_full_20260917_011115,2026-09-17 01:11:15,2026-09-17 16:29:49,15.3094,164909.0,71.5751,20909.0,245221.0,1827.0,105.7292,,780.0,193.2692,213.0,2.0,6701.0,4.745,190.29495718363464,1503.4880923743085,9.57589,166864.0,4096.0,20480.0,2022.2,real_ooc_synth_fits_sum_of_8_independent_partitions,"SUM of 8 real Vivado OOC-synth runs, one per StreamingDataflowPartition, each using FINN's stock (unmodified) SynthOutOfContext directly on that partition's own already-valid stitched IP (no combined/merged bitstream). CLB LUT (LUT+LUTRAM)=185818.0=80.6502% of 230400 (FITS). FF=245221.0=53.2164% of 460800. BRAM_18K-equivalent(18K_count+2*36K_count)=1206.0=193.2692% of 624. DSP=1827/1728 (verified against raw utilization_placed.rpt for all partitions). fmax_mhz is the MIN across the 8 partitions (bottleneck=partition_2, 190.29495718363464 MHz); each partition is an independently clocked/synthesized kernel, not one chained design. RTL-MVAU variant (standalone Thresholding nodes, noActivation=1 forced everywhere), folding from ILP solve candidatebits468_forcedsp_lut70 (DSP-cap + BRAM-cap + 70pct-LUT-cap). Partition 1 required step_minimize_bit_width_standalone_thresh_aware fix (accumulator-width assertion) via a resume script; partitions 0,2-7 completed before the fix existed but never hit the triggering assertion so are unaffected. Per-node calibration dataset: hardware/datasets/mvau_lut_calibration_dataset_12_dense_relu_warmstart150ep_alpha025_rtl_mvau.csv."
quantEnet_12_dense_relu_warmstart150ep_alpha025_trained_rtl_mvau_int8,12_dense_relu_warmstart150ep_alpha025_rtl_mvau_candidatebits468_forcedsp_lut70_partition_0_ooc_synth,"4,16,32,16,4","4,8,8,2,1",4/6/8_mixed_joint_alpha0.25_forcedsp_lut70cap,largefifo_rtlsim,,10.0,xczu7ev-ffvc1156-2-e,finn/notebooks/enet/finn_deployment_outputs/12_dense_relu_warmstart150ep_alpha025_trained_rtl_mvau_8way_full_20260917_011115,2026-09-17 01:11:15,2026-09-17 16:29:49,,1823.0,0.7912,123.0,2780.0,6.0,0.3472,,6.0,2.2436,4.0,0.0,55.0,6.526,287.85261945883707,,,,,,2022.2,real_ooc_synth_standalone_partition,"Partition 0 of the 8-way build. Real Vivado OOC synth via FINN's stock (unmodified) SynthOutOfContext on this partition's own stitched IP. DSP=6 verified via raw utilization_placed.rpt (JSON field showed 0.0, known parser bug -- see module docstring). RTL-MVAU variant (standalone Thresholding nodes, noActivation=1 forced everywhere), folding from ILP solve candidatebits468_forcedsp_lut70 (DSP-cap + BRAM-cap + 70pct-LUT-cap). Partition 1 required step_minimize_bit_width_standalone_thresh_aware fix (accumulator-width assertion) via a resume script; partitions 0,2-7 completed before the fix existed but never hit the triggering assertion so are unaffected. Per-node calibration dataset: hardware/datasets/mvau_lut_calibration_dataset_12_dense_relu_warmstart150ep_alpha025_rtl_mvau.csv."
quantEnet_12_dense_relu_warmstart150ep_alpha025_trained_rtl_mvau_int8,12_dense_relu_warmstart150ep_alpha025_rtl_mvau_candidatebits468_forcedsp_lut70_partition_1_ooc_synth,"4,16,32,16,4","4,8,8,2,1",4/6/8_mixed_joint_alpha0.25_forcedsp_lut70cap,largefifo_rtlsim,,10.0,xczu7ev-ffvc1156-2-e,finn/notebooks/enet/finn_deployment_outputs/12_dense_relu_warmstart150ep_alpha025_trained_rtl_mvau_8way_full_20260917_011115,2026-09-17 01:11:15,2026-09-17 16:29:49,,40004.0,17.3628,3107.0,66065.0,476.0,27.5463,,194.0,44.2308,41.0,0.0,1878.0,5.362,215.610176800345,,,,,,2022.2,real_ooc_synth_standalone_partition,"Partition 1 of the 8-way build. Real Vivado OOC synth via FINN's stock (unmodified) SynthOutOfContext on this partition's own stitched IP. DSP=476 verified via raw utilization_placed.rpt (JSON field showed 0.0, known parser bug -- see module docstring). RTL-MVAU variant (standalone Thresholding nodes, noActivation=1 forced everywhere), folding from ILP solve candidatebits468_forcedsp_lut70 (DSP-cap + BRAM-cap + 70pct-LUT-cap). Partition 1 required step_minimize_bit_width_standalone_thresh_aware fix (accumulator-width assertion) via a resume script; partitions 0,2-7 completed before the fix existed but never hit the triggering assertion so are unaffected. Per-node calibration dataset: hardware/datasets/mvau_lut_calibration_dataset_12_dense_relu_warmstart150ep_alpha025_rtl_mvau.csv."
quantEnet_12_dense_relu_warmstart150ep_alpha025_trained_rtl_mvau_int8,12_dense_relu_warmstart150ep_alpha025_rtl_mvau_candidatebits468_forcedsp_lut70_partition_2_ooc_synth,"4,16,32,16,4","4,8,8,2,1",4/6/8_mixed_joint_alpha0.25_forcedsp_lut70cap,largefifo_rtlsim,,10.0,xczu7ev-ffvc1156-2-e,finn/notebooks/enet/finn_deployment_outputs/12_dense_relu_warmstart150ep_alpha025_trained_rtl_mvau_8way_full_20260917_011115,2026-09-17 01:11:15,2026-09-17 16:29:49,,28626.0,12.4245,4085.0,41812.0,288.0,16.6667,,144.0,36.2179,41.0,1.0,1058.0,4.745,190.29495718363464,,,,,,2022.2,real_ooc_synth_standalone_partition,"Partition 2 of the 8-way build. Real Vivado OOC synth via FINN's stock (unmodified) SynthOutOfContext on this partition's own stitched IP. DSP=288 verified via raw utilization_placed.rpt (JSON field showed 0.0, known parser bug -- see module docstring). RTL-MVAU variant (standalone Thresholding nodes, noActivation=1 forced everywhere), folding from ILP solve candidatebits468_forcedsp_lut70 (DSP-cap + BRAM-cap + 70pct-LUT-cap). Partition 1 required step_minimize_bit_width_standalone_thresh_aware fix (accumulator-width assertion) via a resume script; partitions 0,2-7 completed before the fix existed but never hit the triggering assertion so are unaffected. Per-node calibration dataset: hardware/datasets/mvau_lut_calibration_dataset_12_dense_relu_warmstart150ep_alpha025_rtl_mvau.csv."
quantEnet_12_dense_relu_warmstart150ep_alpha025_trained_rtl_mvau_int8,12_dense_relu_warmstart150ep_alpha025_rtl_mvau_candidatebits468_forcedsp_lut70_partition_3_ooc_synth,"4,16,32,16,4","4,8,8,2,1",4/6/8_mixed_joint_alpha0.25_forcedsp_lut70cap,largefifo_rtlsim,,10.0,xczu7ev-ffvc1156-2-e,finn/notebooks/enet/finn_deployment_outputs/12_dense_relu_warmstart150ep_alpha025_trained_rtl_mvau_8way_full_20260917_011115,2026-09-17 01:11:15,2026-09-17 16:29:49,,21424.0,9.2986,3350.0,30038.0,224.0,12.963,,110.0,30.4487,40.0,0.0,797.0,5.727,234.02761525860052,,,,,,2022.2,real_ooc_synth_standalone_partition,"Partition 3 of the 8-way build. Real Vivado OOC synth via FINN's stock (unmodified) SynthOutOfContext on this partition's own stitched IP. DSP=224 verified via raw utilization_placed.rpt (JSON field showed 0.0, known parser bug -- see module docstring). RTL-MVAU variant (standalone Thresholding nodes, noActivation=1 forced everywhere), folding from ILP solve candidatebits468_forcedsp_lut70 (DSP-cap + BRAM-cap + 70pct-LUT-cap). Partition 1 required step_minimize_bit_width_standalone_thresh_aware fix (accumulator-width assertion) via a resume script; partitions 0,2-7 completed before the fix existed but never hit the triggering assertion so are unaffected. Per-node calibration dataset: hardware/datasets/mvau_lut_calibration_dataset_12_dense_relu_warmstart150ep_alpha025_rtl_mvau.csv."
quantEnet_12_dense_relu_warmstart150ep_alpha025_trained_rtl_mvau_int8,12_dense_relu_warmstart150ep_alpha025_rtl_mvau_candidatebits468_forcedsp_lut70_partition_4_ooc_synth,"4,16,32,16,4","4,8,8,2,1",4/6/8_mixed_joint_alpha0.25_forcedsp_lut70cap,largefifo_rtlsim,,10.0,xczu7ev-ffvc1156-2-e,finn/notebooks/enet/finn_deployment_outputs/12_dense_relu_warmstart150ep_alpha025_trained_rtl_mvau_8way_full_20260917_011115,2026-09-17 01:11:15,2026-09-17 16:29:49,,22964.0,9.967,3699.0,33172.0,240.0,13.8889,,118.0,30.1282,35.0,0.0,808.0,5.883,242.89531212047606,,,,,,2022.2,real_ooc_synth_standalone_partition,"Partition 4 of the 8-way build. Real Vivado OOC synth via FINN's stock (unmodified) SynthOutOfContext on this partition's own stitched IP. DSP=240 verified via raw utilization_placed.rpt (JSON field showed 0.0, known parser bug -- see module docstring). RTL-MVAU variant (standalone Thresholding nodes, noActivation=1 forced everywhere), folding from ILP solve candidatebits468_forcedsp_lut70 (DSP-cap + BRAM-cap + 70pct-LUT-cap). Partition 1 required step_minimize_bit_width_standalone_thresh_aware fix (accumulator-width assertion) via a resume script; partitions 0,2-7 completed before the fix existed but never hit the triggering assertion so are unaffected. Per-node calibration dataset: hardware/datasets/mvau_lut_calibration_dataset_12_dense_relu_warmstart150ep_alpha025_rtl_mvau.csv."
quantEnet_12_dense_relu_warmstart150ep_alpha025_trained_rtl_mvau_int8,12_dense_relu_warmstart150ep_alpha025_rtl_mvau_candidatebits468_forcedsp_lut70_partition_5_ooc_synth,"4,16,32,16,4","4,8,8,2,1",4/6/8_mixed_joint_alpha0.25_forcedsp_lut70cap,largefifo_rtlsim,,10.0,xczu7ev-ffvc1156-2-e,finn/notebooks/enet/finn_deployment_outputs/12_dense_relu_warmstart150ep_alpha025_trained_rtl_mvau_8way_full_20260917_011115,2026-09-17 01:11:15,2026-09-17 16:29:49,,28133.0,12.2105,5146.0,36795.0,316.0,18.287,,116.0,27.2436,27.0,0.0,1078.0,5.571,225.78460149017835,,,,,,2022.2,real_ooc_synth_standalone_partition,"Partition 5 of the 8-way build. Real Vivado OOC synth via FINN's stock (unmodified) SynthOutOfContext on this partition's own stitched IP. DSP=316 verified via raw utilization_placed.rpt (JSON field showed 0.0, known parser bug -- see module docstring). RTL-MVAU variant (standalone Thresholding nodes, noActivation=1 forced everywhere), folding from ILP solve candidatebits468_forcedsp_lut70 (DSP-cap + BRAM-cap + 70pct-LUT-cap). Partition 1 required step_minimize_bit_width_standalone_thresh_aware fix (accumulator-width assertion) via a resume script; partitions 0,2-7 completed before the fix existed but never hit the triggering assertion so are unaffected. Per-node calibration dataset: hardware/datasets/mvau_lut_calibration_dataset_12_dense_relu_warmstart150ep_alpha025_rtl_mvau.csv."
quantEnet_12_dense_relu_warmstart150ep_alpha025_trained_rtl_mvau_int8,12_dense_relu_warmstart150ep_alpha025_rtl_mvau_candidatebits468_forcedsp_lut70_partition_6_ooc_synth,"4,16,32,16,4","4,8,8,2,1",4/6/8_mixed_joint_alpha0.25_forcedsp_lut70cap,largefifo_rtlsim,,10.0,xczu7ev-ffvc1156-2-e,finn/notebooks/enet/finn_deployment_outputs/12_dense_relu_warmstart150ep_alpha025_trained_rtl_mvau_8way_full_20260917_011115,2026-09-17 01:11:15,2026-09-17 16:29:49,,17117.0,7.4293,1186.0,27416.0,212.0,12.2685,,75.0,17.4679,17.0,0.0,787.0,5.488,221.6312056737589,,,,,,2022.2,real_ooc_synth_standalone_partition,"Partition 6 of the 8-way build. Real Vivado OOC synth via FINN's stock (unmodified) SynthOutOfContext on this partition's own stitched IP. DSP=212 verified via raw utilization_placed.rpt (JSON field showed 0.0, known parser bug -- see module docstring). RTL-MVAU variant (standalone Thresholding nodes, noActivation=1 forced everywhere), folding from ILP solve candidatebits468_forcedsp_lut70 (DSP-cap + BRAM-cap + 70pct-LUT-cap). Partition 1 required step_minimize_bit_width_standalone_thresh_aware fix (accumulator-width assertion) via a resume script; partitions 0,2-7 completed before the fix existed but never hit the triggering assertion so are unaffected. Per-node calibration dataset: hardware/datasets/mvau_lut_calibration_dataset_12_dense_relu_warmstart150ep_alpha025_rtl_mvau.csv."
quantEnet_12_dense_relu_warmstart150ep_alpha025_trained_rtl_mvau_int8,12_dense_relu_warmstart150ep_alpha025_rtl_mvau_candidatebits468_forcedsp_lut70_partition_7_ooc_synth,"4,16,32,16,4","4,8,8,2,1",4/6/8_mixed_joint_alpha0.25_forcedsp_lut70cap,largefifo_rtlsim,,10.0,xczu7ev-ffvc1156-2-e,finn/notebooks/enet/finn_deployment_outputs/12_dense_relu_warmstart150ep_alpha025_trained_rtl_mvau_8way_full_20260917_011115,2026-09-17 01:11:15,2026-09-17 16:29:49,,4818.0,2.0911,213.0,7143.0,65.0,3.7616,,17.0,5.2885,8.0,1.0,240.0,5.818,239.1200382592061,,,,,,2022.2,real_ooc_synth_standalone_partition,"Partition 7 of the 8-way build. Real Vivado OOC synth via FINN's stock (unmodified) SynthOutOfContext on this partition's own stitched IP. DSP=65 verified via raw utilization_placed.rpt (JSON field showed 0.0, known parser bug -- see module docstring). RTL-MVAU variant (standalone Thresholding nodes, noActivation=1 forced everywhere), folding from ILP solve candidatebits468_forcedsp_lut70 (DSP-cap + BRAM-cap + 70pct-LUT-cap). Partition 1 required step_minimize_bit_width_standalone_thresh_aware fix (accumulator-width assertion) via a resume script; partitions 0,2-7 completed before the fix existed but never hit the triggering assertion so are unaffected. Per-node calibration dataset: hardware/datasets/mvau_lut_calibration_dataset_12_dense_relu_warmstart150ep_alpha025_rtl_mvau.csv."
quantEnet_12_dense_relu_warmstart150ep_alpha025_trained_int8,12_dense_relu_warmstart150ep_alpha025_rtl_mvau_candidatebits468_forcedsp_lut70_bram90_dsp90_uram_8way_partitioned_ooc_synth_v2_TOTAL,"4,16,32,16,4","4,8,8,2,1",4/6/8_mixed_joint_alpha0.25_forcedsp_lut70_bram90_dsp90_uram,largefifo_rtlsim,250.0,10.0,xczu7ev-ffvc1156-2-e,finn/notebooks/enet/finn_deployment_outputs/12_dense_relu_warmstart150ep_alpha025_trained_rtl_mvau_8way_full_v2_20260918/report,2026-09-18 10:34,2026-09-18 11:17,,171184.0,74.3056,28580.0,263121.0,1543.0,89.2940,,830.0,187.8205,171.0,1.0,7206.0,4.23,173.3102253032929,,,,,,2022.2,real_ooc_synth_fits_sum_of_8_independent_partitions,"SUM of 8 real Vivado OOC-synth runs (per-partition SynthOutOfContext, no combined/merged bitstream). CLB LUT (LUT+LUTRAM)=199764=86.70% of 230400 (FITS). FF=263121=57.10% of 460800 (FITS). DSP=1543/1728=89.29% (FITS) -- CORRECTED from the raw JSON field's DSP=0.0: FINN's vivadocompile.tcl computes util_dsp via `get_cells -hier -filter {PRIMITIVE_GROUP == DSP}`, which matches ZERO cells on this Vivado 2022.2/UltraScale+ combo (DSP48E2 cells are categorized under 'Arithmetic', not 'DSP', in this version's report_utilization) -- a known, pre-existing parser bug, not a real 0-DSP design. Real counts extracted directly from each partition's post-synth utilization_placed.rpt (`grep DSP48E2`). BRAM_18K-equivalent(18K_count+2*36K_count)=1172=187.82% of 624 -- does NOT fit if all 8 partitions had to share one chip simultaneously (each is in fact an independently-synthesized OOC kernel, not one combined design). fmax_mhz is the MIN across partitions (bottleneck=partition_2, 173.31 MHz). This is the bram90_dsp90_uram-targeted MILP-v2 folding config (candidatebits468_forcedsp_lut70_bram90_dsp90_uram JSON) -- its per-layer choices originally forwarded depth_trigger_uram=1 onto every standalone Thresholding node regardless of actual table depth, which crashed Vivado 2022.2 synthesis (HARTGRamGen.cxx internal assertion when ram_style=ultra is infeasible for a too-shallow RAM, e.g. depth=3). Fixed by reverting all Thresholding depth_trigger_uram/bram back to FINN's own 'auto' default (see hardware/finn_ooc_12_dense_relu_warmstart150ep_alpha025_trained_rtl_mvau_8way_full.py) and patching the already-built persistent per-partition vivado_stitch_proj_* RTL sources in place (no full rebuild needed) before re-running OOC synth successfully for all 8 partitions."
quantEnet_12_dense_relu_warmstart150ep_alpha025_trained_int8,12_dense_relu_warmstart150ep_alpha025_rtl_mvau_candidatebits468_forcedsp_lut70_bram90_dsp90_uram_partition_0_ooc_synth_v2,,,4/6/8_mixed_joint_alpha0.25_forcedsp_lut70_bram90_dsp90_uram,largefifo_rtlsim,,10.0,xczu7ev-ffvc1156-2-e,/tmp/finn_dev_thelegendiv/synth_out_of_context_qeuk5r9b/results_GenericPartition_0_wrapper,2026-09-18 10:34,2026-09-18 10:38,,1822.0,0.7908,123.0,2803.0,6.0,0.3472,,6.0,2.2436,4.0,0.0,55.0,6.624,296.2085308056872,,,,,,2022.2,real_ooc_synth_standalone_partition,"Partition 0 of the v2 8-way build (bram90_dsp90_uram MILP folding, after depth_trigger_uram Thresholding fix). Real Vivado OOC synth via FINN's stock SynthOutOfContext on this partition's own stitched IP. DSP=6 verified via raw utilization_placed.rpt (JSON field showed 0.0, known vivadocompile.tcl PRIMITIVE_GROUP==DSP parser bug -- see TOTAL row notes)."
quantEnet_12_dense_relu_warmstart150ep_alpha025_trained_int8,12_dense_relu_warmstart150ep_alpha025_rtl_mvau_candidatebits468_forcedsp_lut70_bram90_dsp90_uram_partition_1_ooc_synth_v2,,,4/6/8_mixed_joint_alpha0.25_forcedsp_lut70_bram90_dsp90_uram,largefifo_rtlsim,,10.0,xczu7ev-ffvc1156-2-e,/tmp/finn_dev_thelegendiv/synth_out_of_context_k1ano6ty/results_GenericPartition_1_wrapper,2026-09-18 10:34,2026-09-18 10:58,,33782.0,14.6624,4145.0,57142.0,288.0,16.6667,,192.0,35.8974,16.0,0.0,1665.0,5.51,222.71714922048997,,,,,,2022.2,real_ooc_synth_standalone_partition,"Partition 1 of the v2 8-way build (bram90_dsp90_uram MILP folding, after depth_trigger_uram Thresholding fix). Real Vivado OOC synth via FINN's stock SynthOutOfContext on this partition's own stitched IP. DSP=288 verified via raw utilization_placed.rpt (JSON field showed 0.0, known vivadocompile.tcl PRIMITIVE_GROUP==DSP parser bug -- see TOTAL row notes)."
quantEnet_12_dense_relu_warmstart150ep_alpha025_trained_int8,12_dense_relu_warmstart150ep_alpha025_rtl_mvau_candidatebits468_forcedsp_lut70_bram90_dsp90_uram_partition_2_ooc_synth_v2,,,4/6/8_mixed_joint_alpha0.25_forcedsp_lut70_bram90_dsp90_uram,largefifo_rtlsim,,10.0,xczu7ev-ffvc1156-2-e,/tmp/finn_dev_thelegendiv/synth_out_of_context_a0vcyztf/results_GenericPartition_2_wrapper,2026-09-18 10:34,2026-09-18 11:15,,29020.0,12.5955,5538.0,44329.0,248.0,14.3519,,140.0,33.0128,33.0,0.0,1050.0,4.23,173.3102253032929,,,,,,2022.2,real_ooc_synth_standalone_partition,"Partition 2 of the v2 8-way build (bram90_dsp90_uram MILP folding, after depth_trigger_uram Thresholding fix). Real Vivado OOC synth via FINN's stock SynthOutOfContext on this partition's own stitched IP. DSP=248 verified via raw utilization_placed.rpt (JSON field showed 0.0, known vivadocompile.tcl PRIMITIVE_GROUP==DSP parser bug -- see TOTAL row notes)."
quantEnet_12_dense_relu_warmstart150ep_alpha025_trained_int8,12_dense_relu_warmstart150ep_alpha025_rtl_mvau_candidatebits468_forcedsp_lut70_bram90_dsp90_uram_partition_3_ooc_synth_v2,,,4/6/8_mixed_joint_alpha0.25_forcedsp_lut70_bram90_dsp90_uram,largefifo_rtlsim,,10.0,xczu7ev-ffvc1156-2-e,/tmp/finn_dev_thelegendiv/synth_out_of_context__gmct6tr/results_GenericPartition_3_wrapper,2026-09-18 11:17,2026-09-18 11:17,,24472.0,10.6215,5231.0,35508.0,226.0,13.0787,,115.0,28.3654,31.0,0.0,867.0,5.302,212.85653469561512,,,,,,2022.2,real_ooc_synth_standalone_partition,"Partition 3 of the v2 8-way build, run in parallel with partitions 4-7 (bram90_dsp90_uram MILP folding, after depth_trigger_uram Thresholding fix). Real Vivado OOC synth via FINN's stock SynthOutOfContext on this partition's own stitched IP. DSP=226 verified via raw utilization_placed.rpt (JSON field showed 0.0, known vivadocompile.tcl PRIMITIVE_GROUP==DSP parser bug -- see TOTAL row notes)."
quantEnet_12_dense_relu_warmstart150ep_alpha025_trained_int8,12_dense_relu_warmstart150ep_alpha025_rtl_mvau_candidatebits468_forcedsp_lut70_bram90_dsp90_uram_partition_4_ooc_synth_v2,,,4/6/8_mixed_joint_alpha0.25_forcedsp_lut70_bram90_dsp90_uram,largefifo_rtlsim,,10.0,xczu7ev-ffvc1156-2-e,/tmp/finn_dev_thelegendiv/synth_out_of_context_z3_puuae/results_GenericPartition_4_wrapper,2026-09-18 11:17,2026-09-18 11:17,,25844.0,11.2170,5353.0,37928.0,220.0,12.7315,,139.0,33.8141,36.0,0.0,1008.0,5.446,219.58717610891523,,,,,,2022.2,real_ooc_synth_standalone_partition,"Partition 4 of the v2 8-way build, run in parallel with partitions 3,5,6,7 (bram90_dsp90_uram MILP folding, after depth_trigger_uram Thresholding fix). Real Vivado OOC synth via FINN's stock SynthOutOfContext on this partition's own stitched IP. DSP=220 verified via raw utilization_placed.rpt (JSON field showed 0.0, known vivadocompile.tcl PRIMITIVE_GROUP==DSP parser bug -- see TOTAL row notes)."
quantEnet_12_dense_relu_warmstart150ep_alpha025_trained_int8,12_dense_relu_warmstart150ep_alpha025_rtl_mvau_candidatebits468_forcedsp_lut70_bram90_dsp90_uram_partition_5_ooc_synth_v2,,,4/6/8_mixed_joint_alpha0.25_forcedsp_lut70_bram90_dsp90_uram,largefifo_rtlsim,,10.0,xczu7ev-ffvc1156-2-e,/tmp/finn_dev_thelegendiv/synth_out_of_context_c_nco0wv/results_GenericPartition_5_wrapper,2026-09-18 11:17,2026-09-18 11:17,,31241.0,13.5595,6121.0,42826.0,312.0,18.0556,,121.0,29.6474,32.0,0.0,1169.0,5.222,209.2925910422771,,,,,,2022.2,real_ooc_synth_standalone_partition,"Partition 5 of the v2 8-way build, run in parallel with partitions 3,4,6,7 (bram90_dsp90_uram MILP folding, after depth_trigger_uram Thresholding fix). Real Vivado OOC synth via FINN's stock SynthOutOfContext on this partition's own stitched IP. DSP=312 verified via raw utilization_placed.rpt (JSON field showed 0.0, known vivadocompile.tcl PRIMITIVE_GROUP==DSP parser bug -- see TOTAL row notes)."
quantEnet_12_dense_relu_warmstart150ep_alpha025_trained_int8,12_dense_relu_warmstart150ep_alpha025_rtl_mvau_candidatebits468_forcedsp_lut70_bram90_dsp90_uram_partition_6_ooc_synth_v2,,,4/6/8_mixed_joint_alpha0.25_forcedsp_lut70_bram90_dsp90_uram,largefifo_rtlsim,,10.0,xczu7ev-ffvc1156-2-e,/tmp/finn_dev_thelegendiv/synth_out_of_context_powsx2ia/results_GenericPartition_6_wrapper,2026-09-18 11:17,2026-09-18 11:17,,19631.0,8.5203,1831.0,34689.0,180.0,10.4167,,100.0,18.9103,9.0,0.0,1090.0,5.283,211.999152003392,,,,,,2022.2,real_ooc_synth_standalone_partition,"Partition 6 of the v2 8-way build, run in parallel with partitions 3,4,5,7 (bram90_dsp90_uram MILP folding, after depth_trigger_uram Thresholding fix). Real Vivado OOC synth via FINN's stock SynthOutOfContext on this partition's own stitched IP. DSP=180 verified via raw utilization_placed.rpt (JSON field showed 0.0, known vivadocompile.tcl PRIMITIVE_GROUP==DSP parser bug -- see TOTAL row notes)."
quantEnet_12_dense_relu_warmstart150ep_alpha025_trained_int8,12_dense_relu_warmstart150ep_alpha025_rtl_mvau_candidatebits468_forcedsp_lut70_bram90_dsp90_uram_partition_7_ooc_synth_v2,,,4/6/8_mixed_joint_alpha0.25_forcedsp_lut70_bram90_dsp90_uram,largefifo_rtlsim,,10.0,xczu7ev-ffvc1156-2-e,/tmp/finn_dev_thelegendiv/synth_out_of_context_n4mguj0u/results_GenericPartition_7_wrapper,2026-09-18 11:12,2026-09-18 11:17,,5372.0,2.3316,238.0,7896.0,63.0,3.6458,,17.0,5.9295,10.0,1.0,302.0,5.228,209.55574182732605,,,,,,2022.2,real_ooc_synth_standalone_partition,"Partition 7 of the v2 8-way build, launched first in parallel (before partitions 3-6) (bram90_dsp90_uram MILP folding, after depth_trigger_uram Thresholding fix). Real Vivado OOC synth via FINN's stock SynthOutOfContext on this partition's own stitched IP. DSP=63 verified via raw utilization_placed.rpt (JSON field showed 0.0, known vivadocompile.tcl PRIMITIVE_GROUP==DSP parser bug -- see TOTAL row notes)."
