ynth_out_of_context_9up_ufkh/results_finn_design_wrapper/GenericPartition_1_axi2we_2223.sv' cannot be added to the project because it already exists in the project, skipping this file
[2026-08-21 13:13:40,103] WARNING: [filemgmt 56-12] File '/tmp/finn_dev_thelegendiv/synth_out_of_context_9up_ufkh/results_finn_design_wrapper/GenericPartition_1_axi2we_2295.sv' cannot be added to the project because it already exists in the project, skipping this file
[2026-08-21 13:13:40,104] WARNING: [filemgmt 56-12] File '/tmp/finn_dev_thelegendiv/synth_out_of_context_9up_ufkh/results_finn_design_wrapper/GenericPartition_1_axi2we_2367.sv' cannot be added to the project because it already exists in the project, skipping this file
[2026-08-21 13:13:40,104] WARNING: [filemgmt 56-12] File '/tmp/finn_dev_thelegendiv/synth_out_of_context_9up_ufkh/results_finn_design_wrapper/GenericPartition_1_dwc.sv' cannot be added to the project because it already exists in the project, skipping this file
[2026-08-21 13:13:40,104] WARNING: [filemgmt 56-12] File '/tmp/finn_dev_thelegendiv/synth_out_of_context_9up_ufkh/results_finn_design_wrapper/GenericPartition_1_dwc_2063.sv' cannot be added to the project because it already exists in the project, skipping this file
[2026-08-21 13:13:40,104] WARNING: [filemgmt 56-12] File '/tmp/finn_dev_thelegendiv/synth_out_of_context_9up_ufkh/results_finn_design_wrapper/GenericPartition_1_dwc_2080.sv' cannot be added to the project because it already exists in the project, skipping this file
[2026-08-21 13:13:40,104] WARNING: [filemgmt 56-12] File '/tmp/finn_dev_thelegendiv/synth_out_of_context_9up_ufkh/results_finn_design_wrapper/GenericPartition_1_dwc_2145.sv' cannot be added to the project because it already exists in the project, skipping this file
[2026-08-21 13:13:40,104] WARNING: [filemgmt 56-12] File '/tmp/finn_dev_thelegendiv/synth_out_of_context_9up_ufkh/results_finn_design_wrapper/GenericPartition_1_dwc_2156.sv' cannot be added to the project because it already exists in the project, skipping this file
[2026-08-21 13:13:40,104] WARNING: [filemgmt 56-12] File '/tmp/finn_dev_thelegendiv/synth_out_of_context_9up_ufkh/results_finn_design_wrapper/GenericPartition_1_dwc_2217.sv' cannot be added to the project because it already exists in the project, skipping this file
[2026-08-21 13:13:40,104] WARNING: [filemgmt 56-12] File '/tmp/finn_dev_thelegendiv/synth_out_of_context_9up_ufkh/results_finn_design_wrapper/GenericPartition_1_dwc_2228.sv' cannot be added to the project because it already exists in the project, skipping this file
[2026-08-21 13:13:40,104] WARNING: [filemgmt 56-12] File '/tmp/finn_dev_thelegendiv/synth_out_of_context_9up_ufkh/results_finn_design_wrapper/GenericPartition_1_dwc_2289.sv' cannot be added to the project because it already exists in the project, skipping this file
[2026-08-21 13:13:40,104] WARNING: [filemgmt 56-12] File '/tmp/finn_dev_thelegendiv/synth_out_of_context_9up_ufkh/results_finn_design_wrapper/GenericPartition_1_dwc_2300.sv' cannot be added to the project because it already exists in the project, skipping this file
[2026-08-21 13:13:40,104] WARNING: [filemgmt 56-12] File '/tmp/finn_dev_thelegendiv/synth_out_of_context_9up_ufkh/results_finn_design_wrapper/GenericPartition_1_dwc_2361.sv' cannot be added to the project because it already exists in the project, skipping this file
[2026-08-21 13:13:40,104] WARNING: [filemgmt 56-12] File '/tmp/finn_dev_thelegendiv/synth_out_of_context_9up_ufkh/results_finn_design_wrapper/GenericPartition_1_dwc_2372.sv' cannot be added to the project because it already exists in the project, skipping this file
[2026-08-21 13:13:40,104] WARNING: [filemgmt 56-12] File '/tmp/finn_dev_thelegendiv/synth_out_of_context_9up_ufkh/results_finn_design_wrapper/GenericPartition_1_dwc_axi.sv' cannot be added to the project because it already exists in the project, skipping this file
[2026-08-21 13:13:40,104] WARNING: [filemgmt 56-12] File '/tmp/finn_dev_thelegendiv/synth_out_of_context_9up_ufkh/results_finn_design_wrapper/GenericPartition_1_dwc_axi_2062.sv' cannot be added to the project because it already exists in the project, skipping this file
[2026-08-21 13:13:40,104] WARNING: [filemgmt 56-12] File '/tmp/finn_dev_thelegendiv/synth_out_of_context_9up_ufkh/results_finn_design_wrapper/GenericPartition_1_dwc_axi_2079.sv' cannot be added to the project because it already exists in the project, skipping this file
[2026-08-21 13:13:40,104] WARNING: [filemgmt 56-12] File '/tmp/finn_dev_thelegendiv/synth_out_of_context_9up_ufkh/results_finn_design_wrapper/GenericPartition_1_dwc_axi_2144.sv' cannot be added to the project because it already exists in the project, skipping this file
[2026-08-21 13:13:40,104] WARNING: [filemgmt 56-12] File '/tmp/finn_dev_thelegendiv/synth_out_of_context_9up_ufkh/results_finn_design_wrapper/GenericPartition_1_dwc_axi_2155.sv' cannot be added to the project because it already exists in the project, skipping this file
[2026-08-21 13:13:40,104] WARNING: [filemgmt 56-12] File '/tmp/finn_dev_thelegendiv/synth_out_of_context_9up_ufkh/results_finn_design_wrapper/GenericPartition_1_dwc_axi_2216.sv' cannot be added to the project because it already exists in the project, skipping this file
[2026-08-21 13:13:40,104] WARNING: [filemgmt 56-12] File '/tmp/finn_dev_thelegendiv/synth_out_of_context_9up_ufkh/results_finn_design_wrapper/GenericPartition_1_dwc_axi_2227.sv' cannot be added to the project because it already exists in the project, skipping this file
[2026-08-21 13:13:40,104] WARNING: [filemgmt 56-12] File '/tmp/finn_dev_thelegendiv/synth_out_of_context_9up_ufkh/results_finn_design_wrapper/GenericPartition_1_dwc_axi_2288.sv' cannot be added to the project because it already exists in the project, skipping this file
[2026-08-21 13:13:40,104] WARNING: [filemgmt 56-12] File '/tmp/finn_dev_thelegendiv/synth_out_of_context_9up_ufkh/results_finn_design_wrapper/GenericPartition_1_dwc_axi_2299.sv' cannot be added to the project because it already exists in the project, skipping this file
[2026-08-21 13:13:40,104] WARNING: [filemgmt 56-12] File '/tmp/finn_dev_thelegendiv/synth_out_of_context_9up_ufkh/results_finn_design_wrapper/GenericPartition_1_dwc_axi_2360.sv' cannot be added to the project because it already exists in the project, skipping this file
[2026-08-21 13:13:40,104] WARNING: [filemgmt 56-12] File '/tmp/finn_dev_thelegendiv/synth_out_of_context_9up_ufkh/results_finn_design_wrapper/GenericPartition_1_dwc_axi_2371.sv' cannot be added to the project because it already exists in the project, skipping this file
[2026-08-21 13:13:40,104] WARNING: [filemgmt 56-12] File '/tmp/finn_dev_thelegendiv/synth_out_of_context_9up_ufkh/results_finn_design_wrapper/GenericPartition_1_fmpadding.sv' cannot be added to the project because it already exists in the project, skipping this file
[2026-08-21 13:13:40,104] WARNING: [filemgmt 56-12] File '/tmp/finn_dev_thelegendiv/synth_out_of_context_9up_ufkh/results_finn_design_wrapper/GenericPartition_1_fmpadding_2150.sv' cannot be added to the project because it already exists in the project, skipping this file
[2026-08-21 13:13:40,104] WARNING: [filemgmt 56-12] File '/tmp/finn_dev_thelegendiv/synth_out_of_context_9up_ufkh/results_finn_design_wrapper/GenericPartition_1_fmpadding_2222.sv' cannot be added to the project because it already exists in the project, skipping this file
[2026-08-21 13:13:40,104] WARNING: [filemgmt 56-12] File '/tmp/finn_dev_thelegendiv/synth_out_of_context_9up_ufkh/results_finn_design_wrapper/GenericPartition_1_fmpadding_2294.sv' cannot be added to the project because it already exists in the project, skipping this file
[2026-08-21 13:13:40,104] WARNING: [filemgmt 56-12] File '/tmp/finn_dev_thelegendiv/synth_out_of_context_9up_ufkh/results_finn_design_wrapper/GenericPartition_1_fmpadding_2366.sv' cannot be added to the project because it already exists in the project, skipping this file
[2026-08-21 13:13:40,104] WARNING: [filemgmt 56-12] File '/tmp/finn_dev_thelegendiv/synth_out_of_context_9up_ufkh/results_finn_design_wrapper/GenericPartition_1_fmpadding_axi.sv' cannot be added to the project because it already exists in the project, skipping this file
[2026-08-21 13:13:40,104] WARNING: [filemgmt 56-12] File '/tmp/finn_dev_thelegendiv/synth_out_of_context_9up_ufkh/results_finn_design_wrapper/GenericPartition_1_fmpadding_axi_2149.sv' cannot be added to the project because it already exists in the project, skipping this file
[2026-08-21 13:13:40,104] WARNING: [filemgmt 56-12] File '/tmp/finn_dev_thelegendiv/synth_out_of_context_9up_ufkh/results_finn_design_wrapper/GenericPartition_1_fmpadding_axi_2221.sv' cannot be added to the project because it already exists in the project, skipping this file
[2026-08-21 13:13:40,104] WARNING: [filemgmt 56-12] File '/tmp/finn_dev_thelegendiv/synth_out_of_context_9up_ufkh/results_finn_design_wrapper/GenericPartition_1_fmpadding_axi_2293.sv' cannot be added to the project because it already exists in the project, skipping this file
[2026-08-21 13:13:40,104] WARNING: [filemgmt 56-12] File '/tmp/finn_dev_thelegendiv/synth_out_of_context_9up_ufkh/results_finn_design_wrapper/GenericPartition_1_fmpadding_axi_2365.sv' cannot be added to the project because it already exists in the project, skipping this file
[2026-08-21 13:13:40,104] WARNING: [filemgmt 56-12] File '/tmp/finn_dev_thelegendiv/synth_out_of_context_9up_ufkh/results_finn_design_wrapper/GenericPartition_1_memstream.sv' cannot be added to the project because it already exists in the project, skipping this file
[2026-08-21 13:13:40,104] WARNING: [filemgmt 56-12] File '/tmp/finn_dev_thelegendiv/synth_out_of_context_9up_ufkh/results_finn_design_wrapper/GenericPartition_1_memstream_1004.sv' cannot be added to the project because it already exists in the project, skipping this file
[2026-08-21 13:13:40,104] WARNING: [filemgmt 56-12] File '/tmp/finn_dev_thelegendiv/synth_out_of_context_9up_ufkh/results_finn_design_wrapper/GenericPartition_1_memstream_1039.sv' cannot be added to the project because it already exists in the project, skipping this file
[2026-08-21 13:13:40,104] WARNING: [filemgmt 56-12] File '/tmp/finn_dev_thelegendiv/synth_out_of_context_9up_ufkh/results_finn_design_wrapper/GenericPartition_1_memstream_1312.sv' cannot be added to the project because it already exists in the project, skipping this file
[2026-08-21 13:13:40,104] WARNING: [filemgmt 56-12] File '/tmp/finn_dev_thelegendiv/synth_out_of_context_9up_ufkh/results_finn_design_wrapper/GenericPartition_1_memstream_1352.sv' cannot be added to the project because it already exists in the project, skipping this file
[2026-08-21 13:13:40,104] WARNING: [filemgmt 56-12] File '/tmp/finn_dev_thelegendiv/synth_out_of_context_9up_ufkh/results_finn_design_wrapper/GenericPartition_1_memstream_1387.sv' cannot be added to the project because it already exists in the project, skipping this file
[2026-08-21 13:13:40,104] WARNING: [filemgmt 56-12] File '/tmp/finn_dev_thelegendiv/synth_out_of_context_9up_ufkh/results_finn_design_wrapper/GenericPartition_1_memstream_1660.sv' cannot be added to the project because it already exists in the project, skipping this file
[2026-08-21 13:13:40,104] WARNING: [filemgmt 56-12] File '/tmp/finn_dev_thelegendiv/synth_out_of_context_9up_ufkh/results_finn_design_wrapper/GenericPartition_1_memstream_1700.sv' cannot be added to the project because it already exists in the project, skipping this file
[2026-08-21 13:13:40,104] WARNING: [filemgmt 56-12] File '/tmp/finn_dev_thelegendiv/synth_out_of_context_9up_ufkh/results_finn_design_wrapper/GenericPartition_1_memstream_1735.sv' cannot be added to the project because it already exists in the project, skipping this file
[2026-08-21 13:13:40,104] WARNING: [filemgmt 56-12] File '/tmp/finn_dev_thelegendiv/synth_out_of_context_9up_ufkh/results_finn_design_wrapper/GenericPartition_1_memstream_2008.sv' cannot be added to the project because it already exists in the project, skipping this file
[2026-08-21 13:13:40,104] WARNING: [filemgmt 56-12] File '/tmp/finn_dev_thelegendiv/synth_out_of_context_9up_ufkh/results_finn_design_wrapper/GenericPartition_1_memstream_306.sv' cannot be added to the project because it already exists in the project, skipping this file
[2026-08-21 13:13:40,104] WARNING: [filemgmt 56-12] File '/tmp/finn_dev_thelegendiv/synth_out_of_context_9up_ufkh/results_finn_design_wrapper/GenericPartition_1_memstream_343.sv' cannot be added to the project because it already exists in the project, skipping this file
[2026-08-21 13:13:40,104] WARNING: [filemgmt 56-12] File '/tmp/finn_dev_thelegendiv/synth_out_of_context_9up_ufkh/results_finn_design_wrapper/GenericPartition_1_memstream_616.sv' cannot be added to the project because it already exists in the project, skipping this file
[2026-08-21 13:13:40,104] WARNING: [filemgmt 56-12] File '/tmp/finn_dev_thelegendiv/synth_out_of_context_9up_ufkh/results_finn_design_wrapper/GenericPartition_1_memstream_656.sv' cannot be added to the project because it already exists in the project, skipping this file
[2026-08-21 13:13:40,104] WARNING: [filemgmt 56-12] File '/tmp/finn_dev_thelegendiv/synth_out_of_context_9up_ufkh/results_finn_design_wrapper/GenericPartition_1_memstream_691.sv' cannot be added to the project because it already exists in the project, skipping this file
[2026-08-21 13:13:40,104] WARNING: [filemgmt 56-12] File '/tmp/finn_dev_thelegendiv/synth_out_of_context_9up_ufkh/results_finn_design_wrapper/GenericPartition_1_memstream_964.sv' cannot be added to the project because it already exists in the project, skipping this file
[2026-08-21 13:13:40,104] WARNING: [filemgmt 56-12] File '/tmp/finn_dev_thelegendiv/synth_out_of_context_9up_ufkh/results_finn_design_wrapper/GenericPartition_1_memstream_axi.sv' cannot be added to the project because it already exists in the project, skipping this file
[2026-08-21 13:13:40,104] WARNING: [filemgmt 56-12] File '/tmp/finn_dev_thelegendiv/synth_out_of_context_9up_ufkh/results_finn_design_wrapper/GenericPartition_1_memstream_axi_1005.sv' cannot be added to the project because it already exists in the project, skipping this file
[2026-08-21 13:13:40,104] WARNING: [filemgmt 56-12] File '/tmp/finn_dev_thelegendiv/synth_out_of_context_9up_ufkh/results_finn_design_wrapper/GenericPartition_1_memstream_axi_1040.sv' cannot be added to the project because it already exists in the project, skipping this file
[2026-08-21 13:13:40,104] WARNING: [filemgmt 56-12] File '/tmp/finn_dev_thelegendiv/synth_out_of_context_9up_ufkh/results_finn_design_wrapper/GenericPartition_1_memstream_axi_1313.sv' cannot be added to the project because it already exists in the project, skipping this file
[2026-08-21 13:13:40,104] WARNING: [filemgmt 56-12] File '/tmp/finn_dev_thelegendiv/synth_out_of_context_9up_ufkh/results_finn_design_wrapper/GenericPartition_1_memstream_axi_1353.sv' cannot be added to the project because it already exists in the project, skipping this file
[2026-08-21 13:13:40,104] WARNING: [filemgmt 56-12] File '/tmp/finn_dev_thelegendiv/synth_out_of_context_9up_ufkh/results_finn_design_wrapper/GenericPartition_1_memstream_axi_1388.sv' cannot be added to the project because it already exists in the project, skipping this file
[2026-08-21 13:13:40,104] WARNING: [filemgmt 56-12] File '/tmp/finn_dev_thelegendiv/synth_out_of_context_9up_ufkh/results_finn_design_wrapper/GenericPartition_1_memstream_axi_1661.sv' cannot be added to the project because it already exists in the project, skipping this file
[2026-08-21 13:13:40,104] WARNING: [filemgmt 56-12] File '/tmp/finn_dev_thelegendiv/synth_out_of_context_9up_ufkh/results_finn_design_wrapper/GenericPartition_1_memstream_axi_1701.sv' cannot be added to the project because it already exists in the project, skipping this file
[2026-08-21 13:13:40,104] WARNING: [filemgmt 56-12] File '/tmp/finn_dev_thelegendiv/synth_out_of_context_9up_ufkh/results_finn_design_wrapper/GenericPartition_1_memstream_axi_1736.sv' cannot be added to the project because it already exists in the project, skipping this file
[2026-08-21 13:13:40,104] WARNING: [filemgmt 56-12] File '/tmp/finn_dev_thelegendiv/synth_out_of_context_9up_ufkh/results_finn_design_wrapper/GenericPartition_1_memstream_axi_2009.sv' cannot be added to the project because it already exists in the project, skipping this file
[2026-08-21 13:13:40,104] WARNING: [filemgmt 56-12] File '/tmp/finn_dev_thelegendiv/synth_out_of_context_9up_ufkh/results_finn_design_wrapper/GenericPartition_1_memstream_axi_307.sv' cannot be added to the project because it already exists in the project, skipping this file
[2026-08-21 13:13:40,104] WARNING: [filemgmt 56-12] File '/tmp/finn_dev_thelegendiv/synth_out_of_context_9up_ufkh/results_finn_design_wrapper/GenericPartition_1_memstream_axi_344.sv' cannot be added to the project because it already exists in the project, skipping this file
[2026-08-21 13:13:40,104] WARNING: [filemgmt 56-12] File '/tmp/finn_dev_thelegendiv/synth_out_of_context_9up_ufkh/results_finn_design_wrapper/GenericPartition_1_memstream_axi_617.sv' cannot be added to the project because it already exists in the project, skipping this file
[2026-08-21 13:13:40,104] WARNING: [filemgmt 56-12] File '/tmp/finn_dev_thelegendiv/synth_out_of_context_9up_ufkh/results_finn_design_wrapper/GenericPartition_1_memstream_axi_657.sv' cannot be added to the project because it already exists in the project, skipping this file
[2026-08-21 13:13:40,104] WARNING: [filemgmt 56-12] File '/tmp/finn_dev_thelegendiv/synth_out_of_context_9up_ufkh/results_finn_design_wrapper/GenericPartition_1_memstream_axi_692.sv' cannot be added to the project because it already exists in the project, skipping this file
[2026-08-21 13:13:40,104] WARNING: [filemgmt 56-12] File '/tmp/finn_dev_thelegendiv/synth_out_of_context_9up_ufkh/results_finn_design_wrapper/GenericPartition_1_memstream_axi_965.sv' cannot be added to the project because it already exists in the project, skipping this file
[2026-08-21 13:13:40,104] WARNING: [filemgmt 56-12] File '/tmp/finn_dev_thelegendiv/synth_out_of_context_9up_ufkh/results_finn_design_wrapper/GenericPartition_1_swg_common.sv' cannot be added to the project because it already exists in the project, skipping this file
[2026-08-21 13:13:40,104] WARNING: [filemgmt 56-12] File '/tmp/finn_dev_thelegendiv/synth_out_of_context_9up_ufkh/results_finn_design_wrapper/GenericPartition_1_swg_common_2091.sv' cannot be added to the project because it already exists in the project, skipping this file
[2026-08-21 13:13:40,104] WARNING: [filemgmt 56-12] File '/tmp/finn_dev_thelegendiv/synth_out_of_context_9up_ufkh/results_finn_design_wrapper/GenericPartition_1_swg_common_2163.sv' cannot be added to the project because it already exists in the project, skipping this file
[2026-08-21 13:13:40,104] WARNING: [filemgmt 56-12] File '/tmp/finn_dev_thelegendiv/synth_out_of_context_9up_ufkh/results_finn_design_wrapper/GenericPartition_1_swg_common_2235.sv' cannot be added to the project because it already exists in the project, skipping this file
[2026-08-21 13:13:40,104] WARNING: [filemgmt 56-12] File '/tmp/finn_dev_thelegendiv/synth_out_of_context_9up_ufkh/results_finn_design_wrapper/GenericPartition_1_swg_common_2307.sv' cannot be added to the project because it already exists in the project, skipping this file
[2026-08-21 13:13:40,104] WARNING: [filemgmt 56-12] File '/tmp/finn_dev_thelegendiv/synth_out_of_context_9up_ufkh/results_finn_design_wrapper/GenericPartition_1_swg_common_2379.sv' cannot be added to the project because it already exists in the project, skipping this file
[2026-08-21 13:13:40,104] WARNING: [filemgmt 56-12] File '/tmp/finn_dev_thelegendiv/synth_out_of_context_9up_ufkh/results_finn_design_wrapper/GenericPartition_1_thresholding.sv' cannot be added to the project because it already exists in the project, skipping this file
[2026-08-21 13:13:40,105] WARNING: [filemgmt 56-12] File '/tmp/finn_dev_thelegendiv/synth_out_of_context_9up_ufkh/results_finn_design_wrapper/GenericPartition_1_thresholding_2070.sv' cannot be added to the project because it already exists in the project, skipping this file
[2026-08-21 13:13:40,105] WARNING: [filemgmt 56-12] File '/tmp/finn_dev_thelegendiv/synth_out_of_context_9up_ufkh/results_finn_design_wrapper/GenericPartition_1_thresholding_2083.sv' cannot be added to the project because it already exists in the project, skipping this file
[2026-08-21 13:13:40,105] WARNING: [filemgmt 56-12] File '/tmp/finn_dev_thelegendiv/synth_out_of_context_9up_ufkh/results_finn_design_wrapper/GenericPartition_1_thresholding_2095.sv' cannot be added to the project because it already exists in the project, skipping this file
[2026-08-21 13:13:40,105] WARNING: [filemgmt 56-12] File '/tmp/finn_dev_thelegendiv/synth_out_of_context_9up_ufkh/results_finn_design_wrapper/GenericPartition_1_thresholding_2103.sv' cannot be added to the project because it already exists in the project, skipping this file
[2026-08-21 13:13:40,105] WARNING: [filemgmt 56-12] File '/tmp/finn_dev_thelegendiv/synth_out_of_context_9up_ufkh/results_finn_design_wrapper/GenericPartition_1_thresholding_2109.sv' cannot be added to the project because it already exists in the project, skipping this file
[2026-08-21 13:13:40,105] INFO: [Common 17-14] Message 'filemgmt 56-12' appears 100 times and further instances of the messages will be disabled. Use the Tcl command set_msg_config to change the current settings.
[2026-08-21 13:13:40,105] # source headers.tcl
[2026-08-21 13:13:40,105] ## set file "$origin_dir/dummy_nachiket_fooling_zsh_for_loops.h"
[2026-08-21 13:13:40,105] ## set file [file normalize $file]
[2026-08-21 13:13:40,105] ## set file_obj [get_files -of_objects [get_filesets sources_1] [list "*$file"]]
[2026-08-21 13:13:40,105] ## set_property "file_type" "Verilog Header" $file_obj
[2026-08-21 13:13:40,105] # set obj [get_filesets sources_1]
[2026-08-21 13:13:40,105] # set_property "top" "$argv" $obj
[2026-08-21 13:13:40,105] # if {[string equal [get_filesets -quiet constrs_1] ""]} {
[2026-08-21 13:13:40,105] #   create_fileset -constrset constrs_1
[2026-08-21 13:13:40,105] # }
[2026-08-21 13:13:40,105] # set obj [get_filesets constrs_1]
[2026-08-21 13:13:40,105] # set file "[file normalize "$origin_dir/$argv.xdc"]"
[2026-08-21 13:13:40,105] # set file_added [add_files -norecurse -fileset $obj $file]
[2026-08-21 13:13:40,105] # set file "$origin_dir/$argv.xdc"
[2026-08-21 13:13:40,105] # set file [file normalize $file]
[2026-08-21 13:13:40,105] # set file_obj [get_files -of_objects [get_filesets constrs_1] [list "*$file"]]
[2026-08-21 13:13:40,105] # set_property "file_type" "XDC" $file_obj
[2026-08-21 13:13:40,105] # set obj [get_filesets constrs_1]
[2026-08-21 13:13:40,105] # if {[string equal [get_filesets -quiet sim_1] ""]} {
[2026-08-21 13:13:40,105] #   create_fileset -simset sim_1
[2026-08-21 13:13:40,105] # }
[2026-08-21 13:13:40,105] # set obj [get_filesets sim_1]
[2026-08-21 13:13:40,105] # set obj [get_filesets sim_1]
[2026-08-21 13:13:40,105] # set_property "top" "$argv" $obj
[2026-08-21 13:13:40,105] # set_property "xelab.nosort" "1" $obj
[2026-08-21 13:13:40,105] # set_property "xelab.unifast" "" $obj
[2026-08-21 13:13:40,105] # set_property strategy "Vivado Synthesis Defaults" [get_runs synth_1]
[2026-08-21 13:13:40,105] # set_property strategy "Flow_PerfOptimized_high" [get_runs synth_1]
[2026-08-21 13:13:40,105] # set_param synth.elaboration.rodinMoreOptions {rt::set_parameter ignoreVhdlAssertStmts false}
[2026-08-21 13:13:40,105] # set obj [get_runs synth_1]
[2026-08-21 13:13:40,105] # set_property -name {steps.synth_design.args.more options} -value {-mode out_of_context} -objects $obj
[2026-08-21 13:13:40,105] # set_property STEPS.SYNTH_DESIGN.ARGS.RETIMING true [get_runs synth_1]
[2026-08-21 13:13:40,105] # current_run -synthesis [get_runs synth_1]
[2026-08-21 13:13:40,105] # set_property strategy "Vivado Implementation Defaults" [get_runs impl_1]
[2026-08-21 13:13:40,105] # current_run -implementation [get_runs impl_1]
[2026-08-21 13:13:40,105] # puts "INFO: Project created:vivadocompile"
[2026-08-21 13:13:40,105] INFO: Project created:vivadocompile
[2026-08-21 13:13:40,105] # launch_runs -jobs 8 impl_1 -to_step route_design
[2026-08-21 13:13:40,105] CRITICAL WARNING: [filemgmt 20-742] The top module "finn_design_wrapper" specified for this project can not be validated. The current project is using automatic hierarchy update mode, and hence a new suitable replacement top will be automatically selected. If this is not desired, please change the hierarchy update mode to one of the manual compile order modes first, and then set top to any desired value.
[2026-08-21 13:13:40,105] Resolution: To switch to manual update order go to the Sources view, right-click on any node in the hierarchy and in the context menu select: 'Hierarchy Update' option 'No Update' or run the following Tcl Command: set_property source_mgmt_mode None [current_project] (which is the Manual Compile Order mode).
[2026-08-21 13:13:40,105] [Fri Aug 21 13:13:16 2026] Launched synth_1...
[2026-08-21 13:13:40,105] Run output will be captured here: /tmp/finn_dev_thelegendiv/synth_out_of_context_9up_ufkh/results_finn_design_wrapper/vivadocompile/vivadocompile.runs/synth_1/runme.log
[2026-08-21 13:13:40,105] [Fri Aug 21 13:13:16 2026] Launched impl_1...
[2026-08-21 13:13:40,105] Run output will be captured here: /tmp/finn_dev_thelegendiv/synth_out_of_context_9up_ufkh/results_finn_design_wrapper/vivadocompile/vivadocompile.runs/impl_1/runme.log
[2026-08-21 13:13:40,105] launch_runs: Time (s): cpu = 00:00:06 ; elapsed = 00:00:07 . Memory (MB): peak = 1315.918 ; gain = 0.602 ; free physical = 68372 ; free virtual = 97043
[2026-08-21 13:13:40,105] # wait_on_run impl_1
[2026-08-21 13:13:40,105] [Fri Aug 21 13:13:16 2026] Waiting for impl_1 to finish...
[2026-08-21 13:13:40,105] [Fri Aug 21 13:13:39 2026] impl_1 finished
[2026-08-21 13:13:40,105] WARNING: [Vivado 12-13638] Failed runs(s) : 'synth_1'
[2026-08-21 13:13:40,105]  'synth_1' run failed with below errors.
[2026-08-21 13:13:40,105] ERROR: [Synth 8-36] 'swg' is not declared [/tmp/finn_dev_thelegendiv/synth_out_of_context_9up_ufkh/results_finn_design_wrapper/GenericPartition_7_swg_common_341.sv:35]
[2026-08-21 13:13:40,105] 
[2026-08-21 13:13:40,105] ERROR: [Synth 8-36] 'STATE_START' is not declared [/tmp/finn_dev_thelegendiv/synth_out_of_context_9up_ufkh/results_finn_design_wrapper/GenericPartition_7_swg_common_341.sv:78]
[2026-08-21 13:13:40,105] 
[2026-08-21 13:13:40,105] ERROR: [Synth 8-36] 'STATE_LOOP_SIMD' is not declared [/tmp/finn_dev_thelegendiv/synth_out_of_context_9up_ufkh/results_finn_design_wrapper/GenericPartition_7_swg_common_341.sv:79]
[2026-08-21 13:13:40,105] 
[2026-08-21 13:13:40,105] ERROR: [Synth 8-36] 'STATE_LOOP_KW' is not declared [/tmp/finn_dev_thelegendiv/synth_out_of_context_9up_ufkh/results_finn_design_wrapper/GenericPartition_7_swg_common_341.sv:80]
[2026-08-21 13:13:40,105] 
[2026-08-21 13:13:40,105] ERROR: [Synth 8-36] 'STATE_LOOP_KH' is not declared [/tmp/finn_dev_thelegendiv/synth_out_of_context_9up_ufkh/results_finn_design_wrapper/GenericPartition_7_swg_common_341.sv:81]
[2026-08-21 13:13:40,105] 
[2026-08-21 13:13:40,105] ERROR: [Synth 8-36] 'STATE_LOOP_W' is not declared [/tmp/finn_dev_thelegendiv/synth_out_of_context_9up_ufkh/results_finn_design_wrapper/GenericPartition_7_swg_common_341.sv:82]
[2026-08-21 13:13:40,105] 
[2026-08-21 13:13:40,105] ERROR: [Synth 8-36] 'STATE_LOOP_H' is not declared [/tmp/finn_dev_thelegendiv/synth_out_of_context_9up_ufkh/results_finn_design_wrapper/GenericPartition_7_swg_common_341.sv:83]
[2026-08-21 13:13:40,105] 
[2026-08-21 13:13:40,105] ERROR: [Synth 8-36] 'STATE_LOOP_KW' is not declared [/tmp/finn_dev_thelegendiv/synth_out_of_context_9up_ufkh/results_finn_design_wrapper/GenericPartition_7_swg_common_341.sv:102]
[2026-08-21 13:13:40,105] 
[2026-08-21 13:13:40,105] ERROR: [Synth 8-36] 'STATE_LOOP_KH' is not declared [/tmp/finn_dev_thelegendiv/synth_out_of_context_9up_ufkh/results_finn_design_wrapper/GenericPartition_7_swg_common_341.sv:103]
[2026-08-21 13:13:40,105] 
[2026-08-21 13:13:40,106] ERROR: [Synth 8-36] 'STATE_LOOP_W' is not declared [/tmp/finn_dev_thelegendiv/synth_out_of_context_9up_ufkh/results_finn_design_wrapper/GenericPartition_7_swg_common_341.sv:104]
[2026-08-21 13:13:40,106] 
[2026-08-21 13:13:40,106] ERROR: [Synth 8-36] 'STATE_LOOP_H' is not declared [/tmp/finn_dev_thelegendiv/synth_out_of_context_9up_ufkh/results_finn_design_wrapper/GenericPartition_7_swg_common_341.sv:105]
[2026-08-21 13:13:40,106] 
[2026-08-21 13:13:40,106] ERROR: [Synth 8-36] 'STATE_START' is not declared [/tmp/finn_dev_thelegendiv/synth_out_of_context_9up_ufkh/results_finn_design_wrapper/GenericPartition_7_swg_common_341.sv:106]
[2026-08-21 13:13:40,106] 
[2026-08-21 13:13:40,106] ERROR: [Common 17-69] Command failed: Synthesis failed - please see the console or run log file for details
[2026-08-21 13:13:40,106] 
[2026-08-21 13:13:40,106] wait_on_runs: Time (s): cpu = 00:00:24 ; elapsed = 00:00:23 . Memory (MB): peak = 1315.918 ; gain = 0.000 ; free physical = 67565 ; free virtual = 96238
[2026-08-21 13:13:40,106] # open_run impl_1
[2026-08-21 13:13:40,106] INFO: [Common 17-206] Exiting Vivado at Fri Aug 21 13:13:40 2026...
[2026-08-21 13:13:40,106] cp: missing destination file operand after '.'
[2026-08-21 13:13:40,106] Try 'cp --help' for more information.
[2026-08-21 13:13:40,106] /home/thelegendiv/finn/deps/oh-my-xilinx/vivadoprojgen.sh:32: argument list too long: cp
[2026-08-21 13:13:40,106] cp: missing destination file operand after '.'
[2026-08-21 13:13:40,106] Try 'cp --help' for more information.
[2026-08-21 13:13:40,106] cp: missing destination file operand after '.'
[2026-08-21 13:13:40,106] Try 'cp --help' for more information.
[2026-08-21 13:13:40,106] cat: finn_design_wrapper.xdc: input file is output file
[2026-08-21 13:13:40,106] ERROR: [Common 17-69] Command failed: Run 'impl_1' has not been launched. Unable to open
[2026-08-21 13:23:15,775] Running step: step_out_of_context_synthesis_multi [1/1]
[2026-08-21 13:23:53,225] ap_clk
[2026-08-21 13:23:53,226] xczu7ev-ffvc1156-2-e
[2026-08-21 13:23:53,226] 10.000000
[2026-08-21 13:23:53,226] 0
[2026-08-21 13:23:53,226] 
[2026-08-21 13:23:53,226] ****** Vivado v2022.2 (64-bit)
[2026-08-21 13:23:53,226]   **** SW Build 3671981 on Fri Oct 14 04:59:54 MDT 2022
[2026-08-21 13:23:53,226]   **** IP Build 3669848 on Fri Oct 14 08:30:02 MDT 2022
[2026-08-21 13:23:53,226]     ** Copyright 1986-2022 Xilinx, Inc. All Rights Reserved.
[2026-08-21 13:23:53,226] 
[2026-08-21 13:23:53,226] source finn_design_wrapper.tcl
[2026-08-21 13:23:53,226] # set fpga_part "xczu7ev-ffvc1156-2-e"
[2026-08-21 13:23:53,226] # set origin_dir "."
[2026-08-21 13:23:53,226] # if { [info exists ::origin_dir_loc] } {
[2026-08-21 13:23:53,226] #   set origin_dir $::origin_dir_loc
[2026-08-21 13:23:53,226] # }
[2026-08-21 13:23:53,226] # variable script_file
[2026-08-21 13:23:53,226] # set script_file "vivadocompile.tcl"
[2026-08-21 13:23:53,226] # proc help {} {
[2026-08-21 13:23:53,226] #   variable script_file
[2026-08-21 13:23:53,226] #   puts "\nDescription:"
[2026-08-21 13:23:53,226] #   puts "Recreate a Vivado project from this script. The created project will be"
[2026-08-21 13:23:53,226] #   puts "functionally equivalent to the original project for which this script was"
[2026-08-21 13:23:53,226] #   puts "generated. The script contains commands for creating a project, filesets,"
[2026-08-21 13:23:53,226] #   puts "runs, adding/importing sources and setting properties on various objects.\n"
[2026-08-21 13:23:53,226] #   puts "Syntax:"
[2026-08-21 13:23:53,226] #   puts "$script_file"
[2026-08-21 13:23:53,226] #   puts "$script_file -tclargs \[--origin_dir <path>\]"
[2026-08-21 13:23:53,226] #   puts "$script_file -tclargs \[--help\]\n"
[2026-08-21 13:23:53,226] #   puts "Usage:"
[2026-08-21 13:23:53,226] #   puts "Name                   Description"
[2026-08-21 13:23:53,226] #   puts "-------------------------------------------------------------------------"
[2026-08-21 13:23:53,226] #   puts "\[--origin_dir <path>\]  Determine source file paths wrt this path. Default"
[2026-08-21 13:23:53,226] #   puts "                       origin_dir path value is \".\", otherwise, the value"
[2026-08-21 13:23:53,226] #   puts "                       that was set with the \"-paths_relative_to\" switch"
[2026-08-21 13:23:53,226] #   puts "                       when this script was generated.\n"
[2026-08-21 13:23:53,226] #   puts "\[--help\]               Print help information for this script"
[2026-08-21 13:23:53,226] #   puts "-------------------------------------------------------------------------\n"
[2026-08-21 13:23:53,226] #   exit 0
[2026-08-21 13:23:53,226] # }
[2026-08-21 13:23:53,226] # if { $::argc > 0 } {
[2026-08-21 13:23:53,226] #   for {set i 0} {$i < [llength $::argc]} {incr i} {
[2026-08-21 13:23:53,226] #     set option [string trim [lindex $::argv $i]]
[2026-08-21 13:23:53,226] #     switch -regexp -- $option {
[2026-08-21 13:23:53,226] #       "--origin_dir" { incr i; set origin_dir [lindex $::argv $i] }
[2026-08-21 13:23:53,226] #       "--help"       { help }
[2026-08-21 13:23:53,226] #       default {
[2026-08-21 13:23:53,226] #         if { [regexp {^-} $option] } {
[2026-08-21 13:23:53,226] #           puts "ERROR: Unknown option '$option' specified, please type '$script_file -tclargs --help' for usage info.\n"
[2026-08-21 13:23:53,226] #           return 1
[2026-08-21 13:23:53,226] #         }
[2026-08-21 13:23:53,226] #       }
[2026-08-21 13:23:53,226] #     }
[2026-08-21 13:23:53,226] #   }
[2026-08-21 13:23:53,226] # }
[2026-08-21 13:23:53,226] # set orig_proj_dir "[file normalize "$origin_dir/vivadocompile"]"
[2026-08-21 13:23:53,227] # create_project -force vivadocompile ./vivadocompile -part $fpga_part
[2026-08-21 13:23:53,227] # set proj_dir [get_property directory [current_project]]
[2026-08-21 13:23:53,227] # set obj [get_projects vivadocompile]
[2026-08-21 13:23:53,227] # set_property "default_lib" "xil_defaultlib" $obj
[2026-08-21 13:23:53,227] # set_property "sim.ip.auto_export_scripts" "1" $obj
[2026-08-21 13:23:53,227] # set_property "simulator_language" "Mixed" $obj
[2026-08-21 13:23:53,227] # if {[string equal [get_filesets -quiet sources_1] ""]} {
[2026-08-21 13:23:53,227] #   create_fileset -srcset sources_1
[2026-08-21 13:23:53,227] # }
[2026-08-21 13:23:53,227] # set obj [get_filesets sources_1]
[2026-08-21 13:23:53,227] # source sources.tcl
[2026-08-21 13:23:53,227] ## set files [list \
[2026-08-21 13:23:53,227] ## "[file normalize "$origin_dir/dummy_nachiket_fooling_zsh_for_loops.h"]"\
[2026-08-21 13:23:53,227] ## "[file normalize "$origin_dir/0_swg_pkg.sv"]"\
[2026-08-21 13:23:53,227] ## "[file normalize "$origin_dir/GenericPartition_0_ConvolutionInputGenerator_rtl_0_impl.sv"]"\
[2026-08-21 13:23:53,227] ## "[file normalize "$origin_dir/GenericPartition_0_ConvolutionInputGenerator_rtl_1_impl.sv"]"\
[2026-08-21 13:23:53,227] ## "[file normalize "$origin_dir/GenericPartition_0_axi2we.sv"]"\
[2026-08-21 13:23:53,227] ## "[file normalize "$origin_dir/GenericPartition_0_fmpadding.sv"]"\
[2026-08-21 13:23:53,227] ## "[file normalize "$origin_dir/GenericPartition_0_fmpadding_axi.sv"]"\
[2026-08-21 13:23:53,227] ## "[file normalize "$origin_dir/GenericPartition_0_memstream.sv"]"\
[2026-08-21 13:23:53,227] ## "[file normalize "$origin_dir/GenericPartition_0_memstream_axi.sv"]"\
[2026-08-21 13:23:53,227] ## "[file normalize "$origin_dir/GenericPartition_0_swg_common.sv"]"\
[2026-08-21 13:23:53,227] ## "[file normalize "$origin_dir/GenericPartition_0_swg_common_54.sv"]"\
[2026-08-21 13:23:53,227] ## "[file normalize "$origin_dir/GenericPartition_0_thresholding.sv"]"\
[2026-08-21 13:23:53,227] ## "[file normalize "$origin_dir/GenericPartition_0_thresholding_axi.sv"]"\
[2026-08-21 13:23:53,227] ## "[file normalize "$origin_dir/GenericPartition_1_ConvolutionInputGenerator_rtl_0_impl.sv"]"\
[2026-08-21 13:23:53,227] ## "[file normalize "$origin_dir/GenericPartition_1_ConvolutionInputGenerator_rtl_1_impl.sv"]"\
[2026-08-21 13:23:53,227] ## "[file normalize "$origin_dir/GenericPartition_1_ConvolutionInputGenerator_rtl_2_impl.sv"]"\
[2026-08-21 13:23:53,227] ## "[file normalize "$origin_dir/GenericPartition_1_ConvolutionInputGenerator_rtl_3_impl.sv"]"\
[2026-08-21 13:23:53,227] ## "[file normalize "$origin_dir/GenericPartition_1_ConvolutionInputGenerator_rtl_4_impl.sv"]"\
[2026-08-21 13:23:53,227] ## "[file normalize "$origin_dir/GenericPartition_1_ConvolutionInputGenerator_rtl_5_impl.sv"]"\
[2026-08-21 13:23:53,227] ## "[file normalize "$origin_dir/GenericPartition_1_axi2we.sv"]"\
[2026-08-21 13:23:53,227] ## "[file normalize "$origin_dir/GenericPartition_1_axi2we_2151.sv"]"\
[2026-08-21 13:23:53,227] ## "[file normalize "$origin_dir/GenericPartition_1_axi2we_2223.sv"]"\
[2026-08-21 13:23:53,227] ## "[file normalize "$origin_dir/GenericPartition_1_axi2we_2295.sv"]"\
[2026-08-21 13:23:53,227] ## "[file normalize "$origin_dir/GenericPartition_1_axi2we_2367.sv"]"\
[2026-08-21 13:23:53,227] ## "[file normalize "$origin_dir/GenericPartition_1_dwc.sv"]"\
[2026-08-21 13:23:53,227] ## "[file normalize "$origin_dir/GenericPartition_1_dwc_2063.sv"]"\
[2026-08-21 13:23:53,227] ## "[file normalize "$origin_dir/GenericPartition_1_dwc_2080.sv"]"\
[2026-08-21 13:23:53,227] ## "[file normalize "$origin_dir/GenericPartition_1_dwc_2145.sv"]"\
[2026-08-21 13:23:53,227] ## "[file normalize "$origin_dir/GenericPartition_1_dwc_2156.sv"]"\
[2026-08-21 13:23:53,227] ## "[file normalize "$origin_dir/GenericPartition_1_dwc_2217.sv"]"\
[2026-08-21 13:23:53,227] ## "[file normalize "$origin_dir/GenericPartition_1_dwc_2228.sv"]"\
[2026-08-21 13:23:53,227] ## "[file normalize "$origin_dir/GenericPartition_1_dwc_2289.sv"]"\
[2026-08-21 13:23:53,227] ## "[file normalize "$origin_dir/GenericPartition_1_dwc_2300.sv"]"\
[2026-08-21 13:23:53,227] ## "[file normalize "$origin_dir/GenericPartition_1_dwc_2361.sv"]"\
[2026-08-21 13:23:53,227] ## "[file normalize "$origin_dir/GenericPartition_1_dwc_2372.sv"]"\
[2026-08-21 13:23:53,227] ## "[file normalize "$origin_dir/GenericPartition_1_dwc_axi.sv"]"\
[2026-08-21 13:23:53,227] ## "[file normalize "$origin_dir/GenericPartition_1_dwc_axi_2062.sv"]"\
[2026-08-21 13:23:53,227] ## "[file normalize "$origin_dir/GenericPartition_1_dwc_axi_2079.sv"]"\
[2026-08-21 13:23:53,227] ## "[file normalize "$origin_dir/GenericPartition_1_dwc_axi_2144.sv"]"\
[2026-08-21 13:23:53,227] ## "[file normalize "$origin_dir/GenericPartition_1_dwc_axi_2155.sv"]"\
[2026-08-21 13:23:53,227] ## "[file normalize "$origin_dir/GenericPartition_1_dwc_axi_2216.sv"]"\
[2026-08-21 13:23:53,227] ## "[file normalize "$origin_dir/GenericPartition_1_dwc_axi_2227.sv"]"\
[2026-08-21 13:23:53,227] ## "[file normalize "$origin_dir/GenericPartition_1_dwc_axi_2288.sv"]"\
[2026-08-21 13:23:53,227] ## "[file normalize "$origin_dir/GenericPartition_1_dwc_axi_2299.sv"]"\
[2026-08-21 13:23:53,227] ## "[file normalize "$origin_dir/GenericPartition_1_dwc_axi_2360.sv"]"\
[2026-08-21 13:23:53,227] ## "[file normalize "$origin_dir/GenericPartition_1_dwc_axi_2371.sv"]"\
[2026-08-21 13:23:53,227] ## "[file normalize "$origin_dir/GenericPartition_1_fmpadding.sv"]"\
[2026-08-21 13:23:53,227] ## "[file normalize "$origin_dir/GenericPartition_1_fmpadding_2150.sv"]"\
[2026-08-21 13:23:53,227] ## "[file normalize "$origin_dir/GenericPartition_1_fmpadding_2222.sv"]"\
[2026-08-21 13:23:53,227] ## "[file normalize "$origin_dir/GenericPartition_1_fmpadding_2294.sv"]"\
[2026-08-21 13:23:53,228] ## "[file normalize "$origin_dir/GenericPartition_1_fmpadding_2366.sv"]"\
[2026-08-21 13:23:53,228] ## "[file normalize "$origin_dir/GenericPartition_1_fmpadding_axi.sv"]"\
[2026-08-21 13:23:53,228] ## "[file normalize "$origin_dir/GenericPartition_1_fmpadding_axi_2149.sv"]"\
[2026-08-21 13:23:53,228] ## "[file normalize "$origin_dir/GenericPartition_1_fmpadding_axi_2221.sv"]"\
[2026-08-21 13:23:53,228] ## "[file normalize "$origin_dir/GenericPartition_1_fmpadding_axi_2293.sv"]"\
[2026-08-21 13:23:53,228] ## "[file normalize "$origin_dir/GenericPartition_1_fmpadding_axi_2365.sv"]"\
[2026-08-21 13:23:53,228] ## "[file normalize "$origin_dir/GenericPartition_1_memstream.sv"]"\
[2026-08-21 13:23:53,228] ## "[file normalize "$origin_dir/GenericPartition_1_memstream_1004.sv"]"\
[2026-08-21 13:23:53,228] ## "[file normalize "$origin_dir/GenericPartition_1_memstream_1039.sv"]"\
[2026-08-21 13:23:53,228] ## "[file normalize "$origin_dir/GenericPartition_1_memstream_1312.sv"]"\
[2026-08-21 13:23:53,228] ## "[file normalize "$origin_dir/GenericPartition_1_memstream_1352.sv"]"\
[2026-08-21 13:23:53,228] ## "[file normalize "$origin_dir/GenericPartition_1_memstream_1387.sv"]"\
[2026-08-21 13:23:53,228] ## "[file normalize "$origin_dir/GenericPartition_1_memstream_1660.sv"]"\
[2026-08-21 13:23:53,228] ## "[file normalize "$origin_dir/GenericPartition_1_memstream_1700.sv"]"\
[2026-08-21 13:23:53,228] ## "[file normalize "$origin_dir/GenericPartition_1_memstream_1735.sv"]"\
[2026-08-21 13:23:53,228] ## "[file normalize "$origin_dir/GenericPartition_1_memstream_2008.sv"]"\
[2026-08-21 13:23:53,228] ## "[file normalize "$origin_dir/GenericPartition_1_memstream_306.sv"]"\
[2026-08-21 13:23:53,228] ## "[file normalize "$origin_dir/GenericPartition_1_memstream_343.sv"]"\
[2026-08-21 13:23:53,228] ## "[file normalize "$origin_dir/GenericPartition_1_memstream_616.sv"]"\
[2026-08-21 13:23:53,228] ## "[file normalize "$origin_dir/GenericPartition_1_memstream_656.sv"]"\
[2026-08-21 13:23:53,228] ## "[file normalize "$origin_dir/GenericPartition_1_memstream_691.sv"]"\
[2026-08-21 13:23:53,228] ## "[file normalize "$origin_dir/GenericPartition_1_memstream_964.sv"]"\
[2026-08-21 13:23:53,228] ## "[file normalize "$origin_dir/GenericPartition_1_memstream_axi.sv"]"\
[2026-08-21 13:23:53,228] ## "[file normalize "$origin_dir/GenericPartition_1_memstream_axi_1005.sv"]"\
[2026-08-21 13:23:53,228] ## "[file normalize "$origin_dir/GenericPartition_1_memstream_axi_1040.sv"]"\
[2026-08-21 13:23:53,228] ## "[file normalize "$origin_dir/GenericPartition_1_memstream_axi_1313.sv"]"\
[2026-08-21 13:23:53,228] ## "[file normalize "$origin_dir/GenericPartition_1_memstream_axi_1353.sv"]"\
[2026-08-21 13:23:53,228] ## "[file normalize "$origin_dir/GenericPartition_1_memstream_axi_1388.sv"]"\
[2026-08-21 13:23:53,228] ## "[file normalize "$origin_dir/GenericPartition_1_memstream_axi_1661.sv"]"\
[2026-08-21 13:23:53,228] ## "[file normalize "$origin_dir/GenericPartition_1_memstream_axi_1701.sv"]"\
[2026-08-21 13:23:53,228] ## "[file normalize "$origin_dir/GenericPartition_1_memstream_axi_1736.sv"]"\
[2026-08-21 13:23:53,228] ## "[file normalize "$origin_dir/GenericPartition_1_memstream_axi_2009.sv"]"\
[2026-08-21 13:23:53,228] ## "[file normalize "$origin_dir/GenericPartition_1_memstream_axi_307.sv"]"\
[2026-08-21 13:23:53,228] ## "[file normalize "$origin_dir/GenericPartition_1_memstream_axi_344.sv"]"\
[2026-08-21 13:23:53,228] ## "[file normalize "$origin_dir/GenericPartition_1_memstream_axi_617.sv"]"\
[2026-08-21 13:23:53,228] ## "[file normalize "$origin_dir/GenericPartition_1_memstream_axi_657.sv"]"\
[2026-08-21 13:23:53,228] ## "[file normalize "$origin_dir/GenericPartition_1_memstream_axi_692.sv"]"\
[2026-08-21 13:23:53,228] ## "[file normalize "$origin_dir/GenericPartition_1_memstream_axi_965.sv"]"\
[2026-08-21 13:23:53,228] ## "[file normalize "$origin_dir/GenericPartition_1_swg_common.sv"]"\
[2026-08-21 13:23:53,228] ## "[file normalize "$origin_dir/GenericPartition_1_swg_common_2091.sv"]"\
[2026-08-21 13:23:53,228] ## "[file normalize "$origin_dir/GenericPartition_1_swg_common_2163.sv"]"\
[2026-08-21 13:23:53,228] ## "[file normalize "$origin_dir/GenericPartition_1_swg_common_2235.sv"]"\
[2026-08-21 13:23:53,228] ## "[file normalize "$origin_dir/GenericPartition_1_swg_common_2307.sv"]"\
[2026-08-21 13:23:53,228] ## "[file normalize "$origin_dir/GenericPartition_1_swg_common_2379.sv"]"\
[2026-08-21 13:23:53,228] ## "[file normalize "$origin_dir/GenericPartition_1_thresholding.sv"]"\
[2026-08-21 13:23:53,228] ## "[file normalize "$origin_dir/GenericPartition_1_thresholding_2070.sv"]"\
[2026-08-21 13:23:53,228] ## "[file normalize "$origin_dir/GenericPartition_1_thresholding_2083.sv"]"\
[2026-08-21 13:23:53,228] ## "[file normalize "$origin_dir/GenericPartition_1_thresholding_2095.sv"]"\
[2026-08-21 13:23:53,228] ## "[file normalize "$origin_dir/GenericPartition_1_thresholding_2103.sv"]"\
[2026-08-21 13:23:53,228] ## "[file normalize "$origin_dir/GenericPartition_1_thresholding_2109.sv"]"\
[2026-08-21 13:23:53,228] ## "[file normalize "$origin_dir/GenericPartition_1_thresholding_2117.sv"]"\
[2026-08-21 13:23:53,228] ## "[file normalize "$origin_dir/GenericPartition_1_thresholding_2123.sv"]"\
[2026-08-21 13:23:53,228] ## "[file normalize "$origin_dir/GenericPartition_1_thresholding_2133.sv"]"\
[2026-08-21 13:23:53,228] ## "[file normalize "$origin_dir/GenericPartition_1_thresholding_2139.sv"]"\
[2026-08-21 13:23:53,228] ## "[file normalize "$origin_dir/GenericPartition_1_thresholding_2167.sv"]"\
[2026-08-21 13:23:53,228] ## "[file normalize "$origin_dir/GenericPartition_1_thresholding_2175.sv"]"\
[2026-08-21 13:23:53,228] ## "[file normalize "$origin_dir/GenericPartition_1_thresholding_2181.sv"]"\
[2026-08-21 13:23:53,229] ## "[file normalize "$origin_dir/GenericPartition_1_thresholding_2189.sv"]"\
[2026-08-21 13:23:53,229] ## "[file normalize "$origin_dir/GenericPartition_1_thresholding_2195.sv"]"\
[2026-08-21 13:23:53,229] ## "[file normalize "$origin_dir/GenericPartition_1_thresholding_2205.sv"]"\
[2026-08-21 13:23:53,229] ## "[file normalize "$origin_dir/GenericPartition_1_thresholding_2211.sv"]"\
[2026-08-21 13:23:53,229] ## "[file normalize "$origin_dir/GenericPartition_1_thresholding_2239.sv"]"\
[2026-08-21 13:23:53,229] ## "[file normalize "$origin_dir/GenericPartition_1_thresholding_2247.sv"]"\
[2026-08-21 13:23:53,229] ## "[file normalize "$origin_dir/GenericPartition_1_thresholding_2253.sv"]"\
[2026-08-21 13:23:53,229] ## "[file normalize "$origin_dir/GenericPartition_1_thresholding_2261.sv"]"\
[2026-08-21 13:23:53,229] ## "[file normalize "$origin_dir/GenericPartition_1_thresholding_2267.sv"]"\
[2026-08-21 13:23:53,229] ## "[file normalize "$origin_dir/GenericPartition_1_thresholding_2277.sv"]"\
[2026-08-21 13:23:53,229] ## "[file normalize "$origin_dir/GenericPartition_1_thresholding_2283.sv"]"\
[2026-08-21 13:23:53,229] ## "[file normalize "$origin_dir/GenericPartition_1_thresholding_2311.sv"]"\
[2026-08-21 13:23:53,229] ## "[file normalize "$origin_dir/GenericPartition_1_thresholding_2319.sv"]"\
[2026-08-21 13:23:53,229] ## "[file normalize "$origin_dir/GenericPartition_1_thresholding_2325.sv"]"\
[2026-08-21 13:23:53,229] ## "[file normalize "$origin_dir/GenericPartition_1_thresholding_2333.sv"]"\
[2026-08-21 13:23:53,229] ## "[file normalize "$origin_dir/GenericPartition_1_thresholding_2339.sv"]"\
[2026-08-21 13:23:53,229] ## "[file normalize "$origin_dir/GenericPartition_1_thresholding_2349.sv"]"\
[2026-08-21 13:23:53,229] ## "[file normalize "$origin_dir/GenericPartition_1_thresholding_2355.sv"]"\
[2026-08-21 13:23:53,229] ## "[file normalize "$origin_dir/GenericPartition_1_thresholding_2383.sv"]"\
[2026-08-21 13:23:53,229] ## "[file normalize "$origin_dir/GenericPartition_1_thresholding_2391.sv"]"\
[2026-08-21 13:23:53,229] ## "[file normalize "$origin_dir/GenericPartition_1_thresholding_2397.sv"]"\
[2026-08-21 13:23:53,229] ## "[file normalize "$origin_dir/GenericPartition_1_thresholding_2405.sv"]"\
[2026-08-21 13:23:53,229] ## "[file normalize "$origin_dir/GenericPartition_1_thresholding_2411.sv"]"\
[2026-08-21 13:23:53,229] ## "[file normalize "$origin_dir/GenericPartition_1_thresholding_axi.sv"]"\
[2026-08-21 13:23:53,229] ## "[file normalize "$origin_dir/GenericPartition_1_thresholding_axi_2071.sv"]"\
[2026-08-21 13:23:53,229] ## "[file normalize "$origin_dir/GenericPartition_1_thresholding_axi_2084.sv"]"\
[2026-08-21 13:23:53,229] ## "[file normalize "$origin_dir/GenericPartition_1_thresholding_axi_2096.sv"]"\
[2026-08-21 13:23:53,229] ## "[file normalize "$origin_dir/GenericPartition_1_thresholding_axi_2104.sv"]"\
[2026-08-21 13:23:53,229] ## "[file normalize "$origin_dir/GenericPartition_1_thresholding_axi_2110.sv"]"\
[2026-08-21 13:23:53,229] ## "[file normalize "$origin_dir/GenericPartition_1_thresholding_axi_2118.sv"]"\
[2026-08-21 13:23:53,229] ## "[file normalize "$origin_dir/GenericPartition_1_thresholding_axi_2124.sv"]"\
[2026-08-21 13:23:53,229] ## "[file normalize "$origin_dir/GenericPartition_1_thresholding_axi_2134.sv"]"\
[2026-08-21 13:23:53,229] ## "[file normalize "$origin_dir/GenericPartition_1_thresholding_axi_2140.sv"]"\
[2026-08-21 13:23:53,229] ## "[file normalize "$origin_dir/GenericPartition_1_thresholding_axi_2168.sv"]"\
[2026-08-21 13:23:53,229] ## "[file normalize "$origin_dir/GenericPartition_1_thresholding_axi_2176.sv"]"\
[2026-08-21 13:23:53,229] ## "[file normalize "$origin_dir/GenericPartition_1_thresholding_axi_2182.sv"]"\
[2026-08-21 13:23:53,229] ## "[file normalize "$origin_dir/GenericPartition_1_thresholding_axi_2190.sv"]"\
[2026-08-21 13:23:53,229] ## "[file normalize "$origin_dir/GenericPartition_1_thresholding_axi_2196.sv"]"\
[2026-08-21 13:23:53,229] ## "[file normalize "$origin_dir/GenericPartition_1_thresholding_axi_2206.sv"]"\
[2026-08-21 13:23:53,229] ## "[file normalize "$origin_dir/GenericPartition_1_thresholding_axi_2212.sv"]"\
[2026-08-21 13:23:53,229] ## "[file normalize "$origin_dir/GenericPartition_1_thresholding_axi_2240.sv"]"\
[2026-08-21 13:23:53,229] ## "[file normalize "$origin_dir/GenericPartition_1_thresholding_axi_2248.sv"]"\
[2026-08-21 13:23:53,229] ## "[file normalize "$origin_dir/GenericPartition_1_thresholding_axi_2254.sv"]"\
[2026-08-21 13:23:53,229] ## "[file normalize "$origin_dir/GenericPartition_1_thresholding_axi_2262.sv"]"\
[2026-08-21 13:23:53,229] ## "[file normalize "$origin_dir/GenericPartition_1_thresholding_axi_2268.sv"]"\
[2026-08-21 13:23:53,229] ## "[file normalize "$origin_dir/GenericPartition_1_thresholding_axi_2278.sv"]"\
[2026-08-21 13:23:53,229] ## "[file normalize "$origin_dir/GenericPartition_1_thresholding_axi_2284.sv"]"\
[2026-08-21 13:23:53,229] ## "[file normalize "$origin_dir/GenericPartition_1_thresholding_axi_2312.sv"]"\
[2026-08-21 13:23:53,229] ## "[file normalize "$origin_dir/GenericPartition_1_thresholding_axi_2320.sv"]"\
[2026-08-21 13:23:53,229] ## "[file normalize "$origin_dir/GenericPartition_1_thresholding_axi_2326.sv"]"\
[2026-08-21 13:23:53,229] ## "[file normalize "$origin_dir/GenericPartition_1_thresholding_axi_2334.sv"]"\
[2026-08-21 13:23:53,229] ## "[file normalize "$origin_dir/GenericPartition_1_thresholding_axi_2340.sv"]"\
[2026-08-21 13:23:53,229] ## "[file normalize "$origin_dir/GenericPartition_1_thresholding_axi_2350.sv"]"\
[2026-08-21 13:23:53,229] ## "[file normalize "$origin_dir/GenericPartition_1_thresholding_axi_2356.sv"]"\
[2026-08-21 13:23:53,229] ## "[file normalize "$origin_dir/GenericPartition_1_thresholding_axi_2384.sv"]"\
[2026-08-21 13:23:53,229] ## "[file normalize "$origin_dir/GenericPartition_1_thresholding_axi_2392.sv"]"\
[2026-08-21 13:23:53,229] ## "[file normalize "$origin_dir/GenericPartition_1_thresholding_axi_2398.sv"]"\
[2026-08-21 13:23:53,229] ## "[file normalize "$origin_dir/GenericPartition_1_thresholding_axi_2406.sv"]"\
[2026-08-21 13:23:53,229] ## "[file normalize "$origin_dir/GenericPartition_1_thresholding_axi_2412.sv"]"\
[2026-08-21 13:23:53,229] ## "[file normalize "$origin_dir/GenericPartition_2_ConvolutionInputGenerator_rtl_0_impl.sv"]"\
[2026-08-21 13:23:53,230] ## "[file normalize "$origin_dir/GenericPartition_2_ConvolutionInputGenerator_rtl_1_impl.sv"]"\
[2026-08-21 13:23:53,230] ## "[file normalize "$origin_dir/GenericPartition_2_ConvolutionInputGenerator_rtl_2_impl.sv"]"\
[2026-08-21 13:23:53,230] ## "[file normalize "$origin_dir/GenericPartition_2_ConvolutionInputGenerator_rtl_3_impl.sv"]"\
[2026-08-21 13:23:53,230] ## "[file normalize "$origin_dir/GenericPartition_2_ConvolutionInputGenerator_rtl_4_impl.sv"]"\
[2026-08-21 13:23:53,230] ## "[file normalize "$origin_dir/GenericPartition_2_ConvolutionInputGenerator_rtl_5_impl.sv"]"\
[2026-08-21 13:23:53,230] ## "[file normalize "$origin_dir/GenericPartition_2_ConvolutionInputGenerator_rtl_6_impl.sv"]"\
[2026-08-21 13:23:53,230] ## "[file normalize "$origin_dir/GenericPartition_2_ConvolutionInputGenerator_rtl_7_impl.sv"]"\
[2026-08-21 13:23:53,230] ## "[file normalize "$origin_dir/GenericPartition_2_ConvolutionInputGenerator_rtl_8_impl.sv"]"\
[2026-08-21 13:23:53,230] ## "[file normalize "$origin_dir/GenericPartition_2_ConvolutionInputGenerator_rtl_9_impl.sv"]"\
[2026-08-21 13:23:53,230] ## "[file normalize "$origin_dir/GenericPartition_2_axi2we.sv"]"\
[2026-08-21 13:23:53,230] ## "[file normalize "$origin_dir/GenericPartition_2_axi2we_6944.sv"]"\
[2026-08-21 13:23:53,230] ## "[file normalize "$origin_dir/GenericPartition_2_axi2we_7016.sv"]"\
[2026-08-21 13:23:53,230] ## "[file normalize "$origin_dir/GenericPartition_2_axi2we_7044.sv"]"\
[2026-08-21 13:23:53,230] ## "[file normalize "$origin_dir/GenericPartition_2_axi2we_7118.sv"]"\
[2026-08-21 13:23:53,230] ## "[file normalize "$origin_dir/GenericPartition_2_axi2we_7144.sv"]"\
[2026-08-21 13:23:53,230] ## "[file normalize "$origin_dir/GenericPartition_2_axi2we_7218.sv"]"\
[2026-08-21 13:23:53,230] ## "[file normalize "$origin_dir/GenericPartition_2_axi2we_7244.sv"]"\
[2026-08-21 13:23:53,230] ## "[file normalize "$origin_dir/GenericPartition_2_axi2we_7318.sv"]"\
[2026-08-21 13:23:53,230] ## "[file normalize "$origin_dir/GenericPartition_2_axi2we_7344.sv"]"\
[2026-08-21 13:23:53,230] ## "[file normalize "$origin_dir/GenericPartition_2_dwc.sv"]"\
[2026-08-21 13:23:53,230] ## "[file normalize "$origin_dir/GenericPartition_2_dwc_6854.sv"]"\
[2026-08-21 13:23:53,230] ## "[file normalize "$origin_dir/GenericPartition_2_dwc_6873.sv"]"\
[2026-08-21 13:23:53,230] ## "[file normalize "$origin_dir/GenericPartition_2_dwc_6938.sv"]"\
[2026-08-21 13:23:53,230] ## "[file normalize "$origin_dir/GenericPartition_2_dwc_6949.sv"]"\
[2026-08-21 13:23:53,230] ## "[file normalize "$origin_dir/GenericPartition_2_dwc_7010.sv"]"\
[2026-08-21 13:23:53,230] ## "[file normalize "$origin_dir/GenericPartition_2_dwc_7021.sv"]"\
[2026-08-21 13:23:53,230] ## "[file normalize "$origin_dir/GenericPartition_2_dwc_7038.sv"]"\
[2026-08-21 13:23:53,230] ## "[file normalize "$origin_dir/GenericPartition_2_dwc_7049.sv"]"\
[2026-08-21 13:23:53,230] ## "[file normalize "$origin_dir/GenericPartition_2_dwc_7112.sv"]"\
[2026-08-21 13:23:53,230] ## "[file normalize "$origin_dir/GenericPartition_2_dwc_7123.sv"]"\
[2026-08-21 13:23:53,230] ## "[file normalize "$origin_dir/GenericPartition_2_dwc_7138.sv"]"\
[2026-08-21 13:23:53,230] ## "[file normalize "$origin_dir/GenericPartition_2_dwc_7149.sv"]"\
[2026-08-21 13:23:53,230] ## "[file normalize "$origin_dir/GenericPartition_2_dwc_7212.sv"]"\
[2026-08-21 13:23:53,230] ## "[file normalize "$origin_dir/GenericPartition_2_dwc_7223.sv"]"\
[2026-08-21 13:23:53,230] ## "[file normalize "$origin_dir/GenericPartition_2_dwc_7238.sv"]"\
[2026-08-21 13:23:53,230] ## "[file normalize "$origin_dir/GenericPartition_2_dwc_7249.sv"]"\
[2026-08-21 13:23:53,230] ## "[file normalize "$origin_dir/GenericPartition_2_dwc_7312.sv"]"\
[2026-08-21 13:23:53,230] ## "[file normalize "$origin_dir/GenericPartition_2_dwc_7323.sv"]"\
[2026-08-21 13:23:53,230] ## "[file normalize "$origin_dir/GenericPartition_2_dwc_7338.sv"]"\
[2026-08-21 13:23:53,230] ## "[file normalize "$origin_dir/GenericPartition_2_dwc_7349.sv"]"\
[2026-08-21 13:23:53,230] ## "[file normalize "$origin_dir/GenericPartition_2_dwc_axi.sv"]"\
[2026-08-21 13:23:53,230] ## "[file normalize "$origin_dir/GenericPartition_2_dwc_axi_6853.sv"]"\
[2026-08-21 13:23:53,230] ## "[file normalize "$origin_dir/GenericPartition_2_dwc_axi_6872.sv"]"\
[2026-08-21 13:23:53,230] ## "[file normalize "$origin_dir/GenericPartition_2_dwc_axi_6937.sv"]"\
[2026-08-21 13:23:53,230] ## "[file normalize "$origin_dir/GenericPartition_2_dwc_axi_6948.sv"]"\
[2026-08-21 13:23:53,230] ## "[file normalize "$origin_dir/GenericPartition_2_dwc_axi_7009.sv"]"\
[2026-08-21 13:23:53,230] ## "[file normalize "$origin_dir/GenericPartition_2_dwc_axi_7020.sv"]"\
[2026-08-21 13:23:53,230] ## "[file normalize "$origin_dir/GenericPartition_2_dwc_axi_7037.sv"]"\
[2026-08-21 13:23:53,230] ## "[file normalize "$origin_dir/GenericPartition_2_dwc_axi_7048.sv"]"\
[2026-08-21 13:23:53,230] ## "[file normalize "$origin_dir/GenericPartition_2_dwc_axi_7111.sv"]"\
[2026-08-21 13:23:53,230] ## "[file normalize "$origin_dir/GenericPartition_2_dwc_axi_7122.sv"]"\
[2026-08-21 13:23:53,230] ## "[file normalize "$origin_dir/GenericPartition_2_dwc_axi_7137.sv"]"\
[2026-08-21 13:23:53,230] ## "[file normalize "$origin_dir/GenericPartition_2_dwc_axi_7148.sv"]"\
[2026-08-21 13:23:53,230] ## "[file normalize "$origin_dir/GenericPartition_2_dwc_axi_7211.sv"]"\
[2026-08-21 13:23:53,230] ## "[file normalize "$origin_dir/GenericPartition_2_dwc_axi_7222.sv"]"\
[2026-08-21 13:23:53,230] ## "[file normalize "$origin_dir/GenericPartition_2_dwc_axi_7237.sv"]"\
[2026-08-21 13:23:53,230] ## "[file normalize "$origin_dir/GenericPartition_2_dwc_axi_7248.sv"]"\
[2026-08-21 13:23:53,230] ## "[file normalize "$origin_dir/GenericPartition_2_dwc_axi_7311.sv"]"\
[2026-08-21 13:23:53,230] ## "[file normalize "$origin_dir/GenericPartition_2_dwc_axi_7322.sv"]"\
[2026-08-21 13:23:53,230] ## "[file normalize "$origin_dir/GenericPartition_2_dwc_axi_7337.sv"]"\
[2026-08-21 13:23:53,230] ## "[file normalize "$origin_dir/GenericPartition_2_dwc_axi_7348.sv"]"\
[2026-08-21 13:23:53,230] ## "[file normalize "$origin_dir/GenericPartition_2_fmpadding.sv"]"\
[2026-08-21 13:23:53,230] ## "[file normalize "$origin_dir/GenericPartition_2_fmpadding_6943.sv"]"\
[2026-08-21 13:23:53,231] ## "[file normalize "$origin_dir/GenericPartition_2_fmpadding_7015.sv"]"\
[2026-08-21 13:23:53,231] ## "[file normalize "$origin_dir/GenericPartition_2_fmpadding_7043.sv"]"\
[2026-08-21 13:23:53,231] ## "[file normalize "$origin_dir/GenericPartition_2_fmpadding_7117.sv"]"\
[2026-08-21 13:23:53,231] ## "[file normalize "$origin_dir/GenericPartition_2_fmpadding_7143.sv"]"\
[2026-08-21 13:23:53,231] ## "[file normalize "$origin_dir/GenericPartition_2_fmpadding_7217.sv"]"\
[2026-08-21 13:23:53,231] ## "[file normalize "$origin_dir/GenericPartition_2_fmpadding_7243.sv"]"\
[2026-08-21 13:23:53,231] ## "[file normalize "$origin_dir/GenericPartition_2_fmpadding_7317.sv"]"\
[2026-08-21 13:23:53,231] ## "[file normalize "$origin_dir/GenericPartition_2_fmpadding_7343.sv"]"\
[2026-08-21 13:23:53,231] ## "[file normalize "$origin_dir/GenericPartition_2_fmpadding_axi.sv"]"\
[2026-08-21 13:23:53,231] ## "[file normalize "$origin_dir/GenericPartition_2_fmpadding_axi_6942.sv"]"\
[2026-08-21 13:23:53,231] ## "[file normalize "$origin_dir/GenericPartition_2_fmpadding_axi_7014.sv"]"\
[2026-08-21 13:23:53,231] ## "[file normalize "$origin_dir/GenericPartition_2_fmpadding_axi_7042.sv"]"\
[2026-08-21 13:23:53,231] ## "[file normalize "$origin_dir/GenericPartition_2_fmpadding_axi_7116.sv"]"\
[2026-08-21 13:23:53,231] ## "[file normalize "$origin_dir/GenericPartition_2_fmpadding_axi_7142.sv"]"\
[2026-08-21 13:23:53,231] ## "[file normalize "$origin_dir/GenericPartition_2_fmpadding_axi_7216.sv"]"\
[2026-08-21 13:23:53,231] ## "[file normalize "$origin_dir/GenericPartition_2_fmpadding_axi_7242.sv"]"\
[2026-08-21 13:23:53,231] ## "[file normalize "$origin_dir/GenericPartition_2_fmpadding_axi_7316.sv"]"\
[2026-08-21 13:23:53,231] ## "[file normalize "$origin_dir/GenericPartition_2_fmpadding_axi_7342.sv"]"\
[2026-08-21 13:23:53,231] ## "[file normalize "$origin_dir/GenericPartition_2_memstream.sv"]"\
[2026-08-21 13:23:53,231] ## "[file normalize "$origin_dir/GenericPartition_2_memstream_1120.sv"]"\
[2026-08-21 13:23:53,231] ## "[file normalize "$origin_dir/GenericPartition_2_memstream_1414.sv"]"\
[2026-08-21 13:23:53,231] ## "[file normalize "$origin_dir/GenericPartition_2_memstream_1703.sv"]"\
[2026-08-21 13:23:53,231] ## "[file normalize "$origin_dir/GenericPartition_2_memstream_1976.sv"]"\
[2026-08-21 13:23:53,231] ## "[file normalize "$origin_dir/GenericPartition_2_memstream_2270.sv"]"\
[2026-08-21 13:23:53,231] ## "[file normalize "$origin_dir/GenericPartition_2_memstream_2559.sv"]"\
[2026-08-21 13:23:53,231] ## "[file normalize "$origin_dir/GenericPartition_2_memstream_2840.sv"]"\
[2026-08-21 13:23:53,231] ## "[file normalize "$origin_dir/GenericPartition_2_memstream_3113.sv"]"\
[2026-08-21 13:23:53,231] ## "[file normalize "$origin_dir/GenericPartition_2_memstream_3407.sv"]"\
[2026-08-21 13:23:53,231] ## "[file normalize "$origin_dir/GenericPartition_2_memstream_3699.sv"]"\
[2026-08-21 13:23:53,231] ## "[file normalize "$origin_dir/GenericPartition_2_memstream_3980.sv"]"\
[2026-08-21 13:23:53,231] ## "[file normalize "$origin_dir/GenericPartition_2_memstream_4253.sv"]"\
[2026-08-21 13:23:53,231] ## "[file normalize "$origin_dir/GenericPartition_2_memstream_4547.sv"]"\
[2026-08-21 13:23:53,231] ## "[file normalize "$origin_dir/GenericPartition_2_memstream_4839.sv"]"\
[2026-08-21 13:23:53,231] ## "[file normalize "$origin_dir/GenericPartition_2_memstream_5120.sv"]"\
[2026-08-21 13:23:53,231] ## "[file normalize "$origin_dir/GenericPartition_2_memstream_5393.sv"]"\
[2026-08-21 13:23:53,231] ## "[file normalize "$origin_dir/GenericPartition_2_memstream_559.sv"]"\
[2026-08-21 13:23:53,231] ## "[file normalize "$origin_dir/GenericPartition_2_memstream_5687.sv"]"\
[2026-08-21 13:23:53,231] ## "[file normalize "$origin_dir/GenericPartition_2_memstream_5979.sv"]"\
[2026-08-21 13:23:53,231] ## "[file normalize "$origin_dir/GenericPartition_2_memstream_6260.sv"]"\
[2026-08-21 13:23:53,231] ## "[file normalize "$origin_dir/GenericPartition_2_memstream_6533.sv"]"\
[2026-08-21 13:23:53,231] ## "[file normalize "$origin_dir/GenericPartition_2_memstream_6827.sv"]"\
[2026-08-21 13:23:53,231] ## "[file normalize "$origin_dir/GenericPartition_2_memstream_847.sv"]"\
[2026-08-21 13:23:53,231] ## "[file normalize "$origin_dir/GenericPartition_2_memstream_axi.sv"]"\
[2026-08-21 13:23:53,231] ## "[file normalize "$origin_dir/GenericPartition_2_memstream_axi_1121.sv"]"\
[2026-08-21 13:23:53,231] ## "[file normalize "$origin_dir/GenericPartition_2_memstream_axi_1415.sv"]"\
[2026-08-21 13:23:53,231] ## "[file normalize "$origin_dir/GenericPartition_2_memstream_axi_1704.sv"]"\
[2026-08-21 13:23:53,231] ## "[file normalize "$origin_dir/GenericPartition_2_memstream_axi_1977.sv"]"\
[2026-08-21 13:23:53,231] ## "[file normalize "$origin_dir/GenericPartition_2_memstream_axi_2271.sv"]"\
[2026-08-21 13:23:53,231] ## "[file normalize "$origin_dir/GenericPartition_2_memstream_axi_2560.sv"]"\
[2026-08-21 13:23:53,231] ## "[file normalize "$origin_dir/GenericPartition_2_memstream_axi_2841.sv"]"\
[2026-08-21 13:23:53,231] ## "[file normalize "$origin_dir/GenericPartition_2_memstream_axi_3114.sv"]"\
[2026-08-21 13:23:53,231] ## "[file normalize "$origin_dir/GenericPartition_2_memstream_axi_3408.sv"]"\
[2026-08-21 13:23:53,231] ## "[file normalize "$origin_dir/GenericPartition_2_memstream_axi_3700.sv"]"\
[2026-08-21 13:23:53,231] ## "[file normalize "$origin_dir/GenericPartition_2_memstream_axi_3981.sv"]"\
[2026-08-21 13:23:53,231] ## "[file normalize "$origin_dir/GenericPartition_2_memstream_axi_4254.sv"]"\
[2026-08-21 13:23:53,231] ## "[file normalize "$origin_dir/GenericPartition_2_memstream_axi_4548.sv"]"\
[2026-08-21 13:23:53,231] ## "[file normalize "$origin_dir/GenericPartition_2_memstream_axi_4840.sv"]"\
[2026-08-21 13:23:53,231] ## "[file normalize "$origin_dir/GenericPartition_2_memstream_axi_5121.sv"]"\
[2026-08-21 13:23:53,231] ## "[file normalize "$origin_dir/GenericPartition_2_memstream_axi_5394.sv"]"\
[2026-08-21 13:23:53,231] ## "[file normalize "$origin_dir/GenericPartition_2_memstream_axi_560.sv"]"\
[2026-08-21 13:23:53,231] ## "[file normalize "$origin_dir/GenericPartition_2_memstream_axi_5688.sv"]"\
[2026-08-21 13:23:53,231] ## "[file normalize "$origin_dir/GenericPartition_2_memstream_axi_5980.sv"]"\
[2026-08-21 13:23:53,231] ## "[file normalize "$origin_dir/GenericPartition_2_memstream_axi_6261.sv"]"\
[2026-08-21 13:23:53,231] ## "[file normalize "$origin_dir/GenericPartition_2_memstream_axi_6534.sv"]"\
[2026-08-21 13:23:53,232] ## "[file normalize "$origin_dir/GenericPartition_2_memstream_axi_6828.sv"]"\
[2026-08-21 13:23:53,232] ## "[file normalize "$origin_dir/GenericPartition_2_memstream_axi_848.sv"]"\
[2026-08-21 13:23:53,232] ## "[file normalize "$origin_dir/GenericPartition_2_swg_common.sv"]"\
[2026-08-21 13:23:53,232] ## "[file normalize "$origin_dir/GenericPartition_2_swg_common_6956.sv"]"\
[2026-08-21 13:23:53,232] ## "[file normalize "$origin_dir/GenericPartition_2_swg_common_7028.sv"]"\
[2026-08-21 13:23:53,232] ## "[file normalize "$origin_dir/GenericPartition_2_swg_common_7056.sv"]"\
[2026-08-21 13:23:53,232] ## "[file normalize "$origin_dir/GenericPartition_2_swg_common_7128.sv"]"\
[2026-08-21 13:23:53,232] ## "[file normalize "$origin_dir/GenericPartition_2_swg_common_7156.sv"]"\
[2026-08-21 13:23:53,232] ## "[file normalize "$origin_dir/GenericPartition_2_swg_common_7228.sv"]"\
[2026-08-21 13:23:53,232] ## "[file normalize "$origin_dir/GenericPartition_2_swg_common_7256.sv"]"\
[2026-08-21 13:23:53,232] ## "[file normalize "$origin_dir/GenericPartition_2_swg_common_7328.sv"]"\
[2026-08-21 13:23:53,232] ## "[file normalize "$origin_dir/GenericPartition_2_swg_common_7356.sv"]"\
[2026-08-21 13:23:53,232] ## "[file normalize "$origin_dir/GenericPartition_2_thresholding.sv"]"\
[2026-08-21 13:23:53,232] ## "[file normalize "$origin_dir/GenericPartition_2_thresholding_6861.sv"]"\
[2026-08-21 13:23:53,232] ## "[file normalize "$origin_dir/GenericPartition_2_thresholding_6876.sv"]"\
[2026-08-21 13:23:53,232] ## "[file normalize "$origin_dir/GenericPartition_2_thresholding_6888.sv"]"\
[2026-08-21 13:23:53,232] ## "[file normalize "$origin_dir/GenericPartition_2_thresholding_6896.sv"]"\
[2026-08-21 13:23:53,232] ## "[file normalize "$origin_dir/GenericPartition_2_thresholding_6902.sv"]"\
[2026-08-21 13:23:53,232] ## "[file normalize "$origin_dir/GenericPartition_2_thresholding_6910.sv"]"\
[2026-08-21 13:23:53,232] ## "[file normalize "$origin_dir/GenericPartition_2_thresholding_6916.sv"]"\
[2026-08-21 13:23:53,232] ## "[file normalize "$origin_dir/GenericPartition_2_thresholding_6926.sv"]"\
[2026-08-21 13:23:53,232] ## "[file normalize "$origin_dir/GenericPartition_2_thresholding_6932.sv"]"\
[2026-08-21 13:23:53,232] ## "[file normalize "$origin_dir/GenericPartition_2_thresholding_6960.sv"]"\
[2026-08-21 13:23:53,232] ## "[file normalize "$origin_dir/GenericPartition_2_thresholding_6968.sv"]"\
[2026-08-21 13:23:53,232] ## "[file normalize "$origin_dir/GenericPartition_2_thresholding_6974.sv"]"\
[2026-08-21 13:23:53,232] ## "[file normalize "$origin_dir/GenericPartition_2_thresholding_6982.sv"]"\
[2026-08-21 13:23:53,232] ## "[file normalize "$origin_dir/GenericPartition_2_thresholding_6988.sv"]"\
[2026-08-21 13:23:53,232] ## "[file normalize "$origin_dir/GenericPartition_2_thresholding_6998.sv"]"\
[2026-08-21 13:23:53,232] ## "[file normalize "$origin_dir/GenericPartition_2_thresholding_7004.sv"]"\
[2026-08-21 13:23:53,232] ## "[file normalize "$origin_dir/GenericPartition_2_thresholding_7032.sv"]"\
[2026-08-21 13:23:53,232] ## "[file normalize "$origin_dir/GenericPartition_2_thresholding_7062.sv"]"\
[2026-08-21 13:23:53,232] ## "[file normalize "$origin_dir/GenericPartition_2_thresholding_7070.sv"]"\
[2026-08-21 13:23:53,232] ## "[file normalize "$origin_dir/GenericPartition_2_thresholding_7076.sv"]"\
[2026-08-21 13:23:53,232] ## "[file normalize "$origin_dir/GenericPartition_2_thresholding_7084.sv"]"\
[2026-08-21 13:23:53,232] ## "[file normalize "$origin_dir/GenericPartition_2_thresholding_7090.sv"]"\
[2026-08-21 13:23:53,232] ## "[file normalize "$origin_dir/GenericPartition_2_thresholding_7100.sv"]"\
[2026-08-21 13:23:53,232] ## "[file normalize "$origin_dir/GenericPartition_2_thresholding_7106.sv"]"\
[2026-08-21 13:23:53,232] ## "[file normalize "$origin_dir/GenericPartition_2_thresholding_7132.sv"]"\
[2026-08-21 13:23:53,232] ## "[file normalize "$origin_dir/GenericPartition_2_thresholding_7162.sv"]"\
[2026-08-21 13:23:53,232] ## "[file normalize "$origin_dir/GenericPartition_2_thresholding_7170.sv"]"\
[2026-08-21 13:23:53,232] ## "[file normalize "$origin_dir/GenericPartition_2_thresholding_7176.sv"]"\
[2026-08-21 13:23:53,232] ## "[file normalize "$origin_dir/GenericPartition_2_thresholding_7184.sv"]"\
[2026-08-21 13:23:53,232] ## "[file normalize "$origin_dir/GenericPartition_2_thresholding_7190.sv"]"\
[2026-08-21 13:23:53,232] ## "[file normalize "$origin_dir/GenericPartition_2_thresholding_7200.sv"]"\
[2026-08-21 13:23:53,232] ## "[file normalize "$origin_dir/GenericPartition_2_thresholding_7206.sv"]"\
[2026-08-21 13:23:53,232] ## "[file normalize "$origin_dir/GenericPartition_2_thresholding_7232.sv"]"\
[2026-08-21 13:23:53,232] ## "[file normalize "$origin_dir/GenericPartition_2_thresholding_7262.sv"]"\
[2026-08-21 13:23:53,232] ## "[file normalize "$origin_dir/GenericPartition_2_thresholding_7270.sv"]"\
[2026-08-21 13:23:53,232] ## "[file normalize "$origin_dir/GenericPartition_2_thresholding_7276.sv"]"\
[2026-08-21 13:23:53,232] ## "[file normalize "$origin_dir/GenericPartition_2_thresholding_7284.sv"]"\
[2026-08-21 13:23:53,232] ## "[file normalize "$origin_dir/GenericPartition_2_thresholding_7290.sv"]"\
[2026-08-21 13:23:53,232] ## "[file normalize "$origin_dir/GenericPartition_2_thresholding_7300.sv"]"\
[2026-08-21 13:23:53,232] ## "[file normalize "$origin_dir/GenericPartition_2_thresholding_7306.sv"]"\
[2026-08-21 13:23:53,232] ## "[file normalize "$origin_dir/GenericPartition_2_thresholding_7332.sv"]"\
[2026-08-21 13:23:53,232] ## "[file normalize "$origin_dir/GenericPartition_2_thresholding_7362.sv"]"\
[2026-08-21 13:23:53,232] ## "[file normalize "$origin_dir/GenericPartition_2_thresholding_7370.sv"]"\
[2026-08-21 13:23:53,232] ## "[file normalize "$origin_dir/GenericPartition_2_thresholding_7376.sv"]"\
[2026-08-21 13:23:53,232] ## "[file normalize "$origin_dir/GenericPartition_2_thresholding_7384.sv"]"\
[2026-08-21 13:23:53,232] ## "[file normalize "$origin_dir/GenericPartition_2_thresholding_7390.sv"]"\
[2026-08-21 13:23:53,232] ## "[file normalize "$origin_dir/GenericPartition_2_thresholding_7400.sv"]"\
[2026-08-21 13:23:53,232] ## "[file normalize "$origin_dir/GenericPartition_2_thresholding_axi.sv"]"\
[2026-08-21 13:23:53,232] ## "[file normalize "$origin_dir/GenericPartition_2_thresholding_axi_6862.sv"]"\
[2026-08-21 13:23:53,233] ## "[file normalize "$origin_dir/GenericPartition_2_thresholding_axi_6877.sv"]"\
[2026-08-21 13:23:53,233] ## "[file normalize "$origin_dir/GenericPartition_2_thresholding_axi_6889.sv"]"\
[2026-08-21 13:23:53,233] ## "[file normalize "$origin_dir/GenericPartition_2_thresholding_axi_6897.sv"]"\
[2026-08-21 13:23:53,233] ## "[file normalize "$origin_dir/GenericPartition_2_thresholding_axi_6903.sv"]"\
[2026-08-21 13:23:53,233] ## "[file normalize "$origin_dir/GenericPartition_2_thresholding_axi_6911.sv"]"\
[2026-08-21 13:23:53,233] ## "[file normalize "$origin_dir/GenericPartition_2_thresholding_axi_6917.sv"]"\
[2026-08-21 13:23:53,233] ## "[file normalize "$origin_dir/GenericPartition_2_thresholding_axi_6927.sv"]"\
[2026-08-21 13:23:53,233] ## "[file normalize "$origin_dir/GenericPartition_2_thresholding_axi_6933.sv"]"\
[2026-08-21 13:23:53,233] ## "[file normalize "$origin_dir/GenericPartition_2_thresholding_axi_6961.sv"]"\
[2026-08-21 13:23:53,233] ## "[file normalize "$origin_dir/GenericPartition_2_thresholding_axi_6969.sv"]"\
[2026-08-21 13:23:53,233] ## "[file normalize "$origin_dir/GenericPartition_2_thresholding_axi_6975.sv"]"\
[2026-08-21 13:23:53,233] ## "[file normalize "$origin_dir/GenericPartition_2_thresholding_axi_6983.sv"]"\
[2026-08-21 13:23:53,233] ## "[file normalize "$origin_dir/GenericPartition_2_thresholding_axi_6989.sv"]"\
[2026-08-21 13:23:53,233] ## "[file normalize "$origin_dir/GenericPartition_2_thresholding_axi_6999.sv"]"\
[2026-08-21 13:23:53,233] ## "[file normalize "$origin_dir/GenericPartition_2_thresholding_axi_7005.sv"]"\
[2026-08-21 13:23:53,233] ## "[file normalize "$origin_dir/GenericPartition_2_thresholding_axi_7033.sv"]"\
[2026-08-21 13:23:53,233] ## "[file normalize "$origin_dir/GenericPartition_2_thresholding_axi_7063.sv"]"\
[2026-08-21 13:23:53,233] ## "[file normalize "$origin_dir/GenericPartition_2_thresholding_axi_7071.sv"]"\
[2026-08-21 13:23:53,233] ## "[file normalize "$origin_dir/GenericPartition_2_thresholding_axi_7077.sv"]"\
[2026-08-21 13:23:53,233] ## "[file normalize "$origin_dir/GenericPartition_2_thresholding_axi_7085.sv"]"\
[2026-08-21 13:23:53,233] ## "[file normalize "$origin_dir/GenericPartition_2_thresholding_axi_7091.sv"]"\
[2026-08-21 13:23:53,233] ## "[file normalize "$origin_dir/GenericPartition_2_thresholding_axi_7101.sv"]"\
[2026-08-21 13:23:53,233] ## "[file normalize "$origin_dir/GenericPartition_2_thresholding_axi_7107.sv"]"\
[2026-08-21 13:23:53,233] ## "[file normalize "$origin_dir/GenericPartition_2_thresholding_axi_7133.sv"]"\
[2026-08-21 13:23:53,233] ## "[file normalize "$origin_dir/GenericPartition_2_thresholding_axi_7163.sv"]"\
[2026-08-21 13:23:53,233] ## "[file normalize "$origin_dir/GenericPartition_2_thresholding_axi_7171.sv"]"\
[2026-08-21 13:23:53,233] ## "[file normalize "$origin_dir/GenericPartition_2_thresholding_axi_7177.sv"]"\
[2026-08-21 13:23:53,233] ## "[file normalize "$origin_dir/GenericPartition_2_thresholding_axi_7185.sv"]"\
[2026-08-21 13:23:53,233] ## "[file normalize "$origin_dir/GenericPartition_2_thresholding_axi_7191.sv"]"\
[2026-08-21 13:23:53,233] ## "[file normalize "$origin_dir/GenericPartition_2_thresholding_axi_7201.sv"]"\
[2026-08-21 13:23:53,233] ## "[file normalize "$origin_dir/GenericPartition_2_thresholding_axi_7207.sv"]"\
[2026-08-21 13:23:53,233] ## "[file normalize "$origin_dir/GenericPartition_2_thresholding_axi_7233.sv"]"\
[2026-08-21 13:23:53,233] ## "[file normalize "$origin_dir/GenericPartition_2_thresholding_axi_7263.sv"]"\
[2026-08-21 13:23:53,233] ## "[file normalize "$origin_dir/GenericPartition_2_thresholding_axi_7271.sv"]"\
[2026-08-21 13:23:53,233] ## "[file normalize "$origin_dir/GenericPartition_2_thresholding_axi_7277.sv"]"\
[2026-08-21 13:23:53,233] ## "[file normalize "$origin_dir/GenericPartition_2_thresholding_axi_7285.sv"]"\
[2026-08-21 13:23:53,233] ## "[file normalize "$origin_dir/GenericPartition_2_thresholding_axi_7291.sv"]"\
[2026-08-21 13:23:53,233] ## "[file normalize "$origin_dir/GenericPartition_2_thresholding_axi_7301.sv"]"\
[2026-08-21 13:23:53,233] ## "[file normalize "$origin_dir/GenericPartition_2_thresholding_axi_7307.sv"]"\
[2026-08-21 13:23:53,233] ## "[file normalize "$origin_dir/GenericPartition_2_thresholding_axi_7333.sv"]"\
[2026-08-21 13:23:53,233] ## "[file normalize "$origin_dir/GenericPartition_2_thresholding_axi_7363.sv"]"\
[2026-08-21 13:23:53,233] ## "[file normalize "$origin_dir/GenericPartition_2_thresholding_axi_7371.sv"]"\
[2026-08-21 13:23:53,233] ## "[file normalize "$origin_dir/GenericPartition_2_thresholding_axi_7377.sv"]"\
[2026-08-21 13:23:53,233] ## "[file normalize "$origin_dir/GenericPartition_2_thresholding_axi_7385.sv"]"\
[2026-08-21 13:23:53,233] ## "[file normalize "$origin_dir/GenericPartition_2_thresholding_axi_7391.sv"]"\
[2026-08-21 13:23:53,233] ## "[file normalize "$origin_dir/GenericPartition_2_thresholding_axi_7401.sv"]"\
[2026-08-21 13:23:53,233] ## "[file normalize "$origin_dir/GenericPartition_3_ConvolutionInputGenerator_rtl_0_impl.sv"]"\
[2026-08-21 13:23:53,233] ## "[file normalize "$origin_dir/GenericPartition_3_ConvolutionInputGenerator_rtl_10_impl.sv"]"\
[2026-08-21 13:23:53,233] ## "[file normalize "$origin_dir/GenericPartition_3_ConvolutionInputGenerator_rtl_1_impl.sv"]"\
[2026-08-21 13:23:53,233] ## "[file normalize "$origin_dir/GenericPartition_3_ConvolutionInputGenerator_rtl_2_impl.sv"]"\
[2026-08-21 13:23:53,233] ## "[file normalize "$origin_dir/GenericPartition_3_ConvolutionInputGenerator_rtl_3_impl.sv"]"\
[2026-08-21 13:23:53,233] ## "[file normalize "$origin_dir/GenericPartition_3_ConvolutionInputGenerator_rtl_4_impl.sv"]"\
[2026-08-21 13:23:53,233] ## "[file normalize "$origin_dir/GenericPartition_3_ConvolutionInputGenerator_rtl_5_impl.sv"]"\
[2026-08-21 13:23:53,233] ## "[file normalize "$origin_dir/GenericPartition_3_ConvolutionInputGenerator_rtl_6_impl.sv"]"\
[2026-08-21 13:23:53,233] ## "[file normalize "$origin_dir/GenericPartition_3_ConvolutionInputGenerator_rtl_7_impl.sv"]"\
[2026-08-21 13:23:53,234] ## "[file normalize "$origin_dir/GenericPartition_3_ConvolutionInputGenerator_rtl_8_impl.sv"]"\
[2026-08-21 13:23:53,234] ## "[file normalize "$origin_dir/GenericPartition_3_ConvolutionInputGenerator_rtl_9_impl.sv"]"\
[2026-08-21 13:23:53,234] ## "[file normalize "$origin_dir/GenericPartition_3_axi2we.sv"]"\
[2026-08-21 13:23:53,234] ## "[file normalize "$origin_dir/GenericPartition_3_axi2we_6646.sv"]"\
[2026-08-21 13:23:53,234] ## "[file normalize "$origin_dir/GenericPartition_3_axi2we_6718.sv"]"\
[2026-08-21 13:23:53,234] ## "[file normalize "$origin_dir/GenericPartition_3_axi2we_6746.sv"]"\
[2026-08-21 13:23:53,234] ## "[file normalize "$origin_dir/GenericPartition_3_axi2we_6820.sv"]"\
[2026-08-21 13:23:53,234] ## "[file normalize "$origin_dir/GenericPartition_3_axi2we_6846.sv"]"\
[2026-08-21 13:23:53,234] ## "[file normalize "$origin_dir/GenericPartition_3_axi2we_6920.sv"]"\
[2026-08-21 13:23:53,234] ## "[file normalize "$origin_dir/GenericPartition_3_axi2we_6946.sv"]"\
[2026-08-21 13:23:53,234] ## "[file normalize "$origin_dir/GenericPartition_3_axi2we_7020.sv"]"\
[2026-08-21 13:23:53,234] ## "[file normalize "$origin_dir/GenericPartition_3_axi2we_7046.sv"]"\
[2026-08-21 13:23:53,234] ## "[file normalize "$origin_dir/GenericPartition_3_axi2we_7122.sv"]"\
[2026-08-21 13:23:53,234] ## "[file normalize "$origin_dir/GenericPartition_3_dwc.sv"]"\
[2026-08-21 13:23:53,234] ## "[file normalize "$origin_dir/GenericPartition_3_dwc_6581.sv"]"\
[2026-08-21 13:23:53,234] ## "[file normalize "$origin_dir/GenericPartition_3_dwc_6640.sv"]"\
[2026-08-21 13:23:53,234] ## "[file normalize "$origin_dir/GenericPartition_3_dwc_6651.sv"]"\
[2026-08-21 13:23:53,234] ## "[file normalize "$origin_dir/GenericPartition_3_dwc_6712.sv"]"\
[2026-08-21 13:23:53,234] ## "[file normalize "$origin_dir/GenericPartition_3_dwc_6723.sv"]"\
[2026-08-21 13:23:53,234] ## "[file normalize "$origin_dir/GenericPartition_3_dwc_6740.sv"]"\
[2026-08-21 13:23:53,234] ## "[file normalize "$origin_dir/GenericPartition_3_dwc_6751.sv"]"\
[2026-08-21 13:23:53,234] ## "[file normalize "$origin_dir/GenericPartition_3_dwc_6814.sv"]"\
[2026-08-21 13:23:53,234] ## "[file normalize "$origin_dir/GenericPartition_3_dwc_6825.sv"]"\
[2026-08-21 13:23:53,234] ## "[file normalize "$origin_dir/GenericPartition_3_dwc_6840.sv"]"\
[2026-08-21 13:23:53,234] ## "[file normalize "$origin_dir/GenericPartition_3_dwc_6851.sv"]"\
[2026-08-21 13:23:53,234] ## "[file normalize "$origin_dir/GenericPartition_3_dwc_6914.sv"]"\
[2026-08-21 13:23:53,234] ## "[file normalize "$origin_dir/GenericPartition_3_dwc_6925.sv"]"\
[2026-08-21 13:23:53,234] ## "[file normalize "$origin_dir/GenericPartition_3_dwc_6940.sv"]"\
[2026-08-21 13:23:53,234] ## "[file normalize "$origin_dir/GenericPartition_3_dwc_6951.sv"]"\
[2026-08-21 13:23:53,234] ## "[file normalize "$origin_dir/GenericPartition_3_dwc_7014.sv"]"\
[2026-08-21 13:23:53,234] ## "[file normalize "$origin_dir/GenericPartition_3_dwc_7025.sv"]"\
[2026-08-21 13:23:53,234] ## "[file normalize "$origin_dir/GenericPartition_3_dwc_7040.sv"]"\
[2026-08-21 13:23:53,234] ## "[file normalize "$origin_dir/GenericPartition_3_dwc_7051.sv"]"\
[2026-08-21 13:23:53,234] ## "[file normalize "$origin_dir/GenericPartition_3_dwc_7116.sv"]"\
[2026-08-21 13:23:53,234] ## "[file normalize "$origin_dir/GenericPartition_3_dwc_7127.sv"]"\
[2026-08-21 13:23:53,234] ## "[file normalize "$origin_dir/GenericPartition_3_dwc_axi.sv"]"\
[2026-08-21 13:23:53,234] ## "[file normalize "$origin_dir/GenericPartition_3_dwc_axi_6580.sv"]"\
[2026-08-21 13:23:53,234] ## "[file normalize "$origin_dir/GenericPartition_3_dwc_axi_6639.sv"]"\
[2026-08-21 13:23:53,234] ## "[file normalize "$origin_dir/GenericPartition_3_dwc_axi_6650.sv"]"\
[2026-08-21 13:23:53,234] ## "[file normalize "$origin_dir/GenericPartition_3_dwc_axi_6711.sv"]"\
[2026-08-21 13:23:53,234] ## "[file normalize "$origin_dir/GenericPartition_3_dwc_axi_6722.sv"]"\
[2026-08-21 13:23:53,234] ## "[file normalize "$origin_dir/GenericPartition_3_dwc_axi_6739.sv"]"\
[2026-08-21 13:23:53,234] ## "[file normalize "$origin_dir/GenericPartition_3_dwc_axi_6750.sv"]"\
[2026-08-21 13:23:53,234] ## "[file normalize "$origin_dir/GenericPartition_3_dwc_axi_6813.sv"]"\
[2026-08-21 13:23:53,234] ## "[file normalize "$origin_dir/GenericPartition_3_dwc_axi_6824.sv"]"\
[2026-08-21 13:23:53,234] ## "[file normalize "$origin_dir/GenericPartition_3_dwc_axi_6839.sv"]"\
[2026-08-21 13:23:53,234] ## "[file normalize "$origin_dir/GenericPartition_3_dwc_axi_6850.sv"]"\
[2026-08-21 13:23:53,234] ## "[file normalize "$origin_dir/GenericPartition_3_dwc_axi_6913.sv"]"\
[2026-08-21 13:23:53,234] ## "[file normalize "$origin_dir/GenericPartition_3_dwc_axi_6924.sv"]"\
[2026-08-21 13:23:53,234] ## "[file normalize "$origin_dir/GenericPartition_3_dwc_axi_6939.sv"]"\
[2026-08-21 13:23:53,234] ## "[file normalize "$origin_dir/GenericPartition_3_dwc_axi_6950.sv"]"\
[2026-08-21 13:23:53,234] ## "[file normalize "$origin_dir/GenericPartition_3_dwc_axi_7013.sv"]"\
[2026-08-21 13:23:53,234] ## "[file normalize "$origin_dir/GenericPartition_3_dwc_axi_7024.sv"]"\
[2026-08-21 13:23:53,234] ## "[file normalize "$origin_dir/GenericPartition_3_dwc_axi_7039.sv"]"\
[2026-08-21 13:23:53,234] ## "[file normalize "$origin_dir/GenericPartition_3_dwc_axi_7050.sv"]"\
[2026-08-21 13:23:53,234] ## "[file normalize "$origin_dir/GenericPartition_3_dwc_axi_7115.sv"]"\
[2026-08-21 13:23:53,234] ## "[file normalize "$origin_dir/GenericPartition_3_dwc_axi_7126.sv"]"\
[2026-08-21 13:23:53,234] ## "[file normalize "$origin_dir/GenericPartition_3_fmpadding.sv"]"\
[2026-08-21 13:23:53,234] ## "[file normalize "$origin_dir/GenericPartition_3_fmpadding_6645.sv"]"\
[2026-08-21 13:23:53,235] ## "[file normalize "$origin_dir/GenericPartition_3_fmpadding_6717.sv"]"\
[2026-08-21 13:23:53,235] ## "[file normalize "$origin_dir/GenericPartition_3_fmpadding_6745.sv"]"\
[2026-08-21 13:23:53,235] ## "[file normalize "$origin_dir/GenericPartition_3_fmpadding_6819.sv"]"\
[2026-08-21 13:23:53,235] ## "[file normalize "$origin_dir/GenericPartition_3_fmpadding_6845.sv"]"\
[2026-08-21 13:23:53,235] ## "[file normalize "$origin_dir/GenericPartition_3_fmpadding_6919.sv"]"\
[2026-08-21 13:23:53,235] ## "[file normalize "$origin_dir/GenericPartition_3_fmpadding_6945.sv"]"\
[2026-08-21 13:23:53,235] ## "[file normalize "$origin_dir/GenericPartition_3_fmpadding_7019.sv"]"\
[2026-08-21 13:23:53,235] ## "[file normalize "$origin_dir/GenericPartition_3_fmpadding_7045.sv"]"\
[2026-08-21 13:23:53,235] ## "[file normalize "$origin_dir/GenericPartition_3_fmpadding_7121.sv"]"\
[2026-08-21 13:23:53,235] ## "[file normalize "$origin_dir/GenericPartition_3_fmpadding_axi.sv"]"\
[2026-08-21 13:23:53,235] ## "[file normalize "$origin_dir/GenericPartition_3_fmpadding_axi_6644.sv"]"\
[2026-08-21 13:23:53,235] ## "[file normalize "$origin_dir/GenericPartition_3_fmpadding_axi_6716.sv"]"\
[2026-08-21 13:23:53,235] ## "[file normalize "$origin_dir/GenericPartition_3_fmpadding_axi_6744.sv"]"\
[2026-08-21 13:23:53,235] ## "[file normalize "$origin_dir/GenericPartition_3_fmpadding_axi_6818.sv"]"\
[2026-08-21 13:23:53,235] ## "[file normalize "$origin_dir/GenericPartition_3_fmpadding_axi_6844.sv"]"\
[2026-08-21 13:23:53,235] ## "[file normalize "$origin_dir/GenericPartition_3_fmpadding_axi_6918.sv"]"\
[2026-08-21 13:23:53,235] ## "[file normalize "$origin_dir/GenericPartition_3_fmpadding_axi_6944.sv"]"\
[2026-08-21 13:23:53,235] ## "[file normalize "$origin_dir/GenericPartition_3_fmpadding_axi_7018.sv"]"\
[2026-08-21 13:23:53,235] ## "[file normalize "$origin_dir/GenericPartition_3_fmpadding_axi_7044.sv"]"\
[2026-08-21 13:23:53,235] ## "[file normalize "$origin_dir/GenericPartition_3_fmpadding_axi_7120.sv"]"\
[2026-08-21 13:23:53,235] ## "[file normalize "$origin_dir/GenericPartition_3_memstream.sv"]"\
[2026-08-21 13:23:53,235] ## "[file normalize "$origin_dir/GenericPartition_3_memstream_1142.sv"]"\
[2026-08-21 13:23:53,235] ## "[file normalize "$origin_dir/GenericPartition_3_memstream_1415.sv"]"\
[2026-08-21 13:23:53,235] ## "[file normalize "$origin_dir/GenericPartition_3_memstream_1709.sv"]"\
[2026-08-21 13:23:53,235] ## "[file normalize "$origin_dir/GenericPartition_3_memstream_1998.sv"]"\
[2026-08-21 13:23:53,235] ## "[file normalize "$origin_dir/GenericPartition_3_memstream_2279.sv"]"\
[2026-08-21 13:23:53,235] ## "[file normalize "$origin_dir/GenericPartition_3_memstream_2552.sv"]"\
[2026-08-21 13:23:53,235] ## "[file normalize "$origin_dir/GenericPartition_3_memstream_2846.sv"]"\
[2026-08-21 13:23:53,235] ## "[file normalize "$origin_dir/GenericPartition_3_memstream_3138.sv"]"\
[2026-08-21 13:23:53,235] ## "[file normalize "$origin_dir/GenericPartition_3_memstream_3419.sv"]"\
[2026-08-21 13:23:53,235] ## "[file normalize "$origin_dir/GenericPartition_3_memstream_3692.sv"]"\
[2026-08-21 13:23:53,235] ## "[file normalize "$origin_dir/GenericPartition_3_memstream_3986.sv"]"\
[2026-08-21 13:23:53,235] ## "[file normalize "$origin_dir/GenericPartition_3_memstream_4278.sv"]"\
[2026-08-21 13:23:53,235] ## "[file normalize "$origin_dir/GenericPartition_3_memstream_4559.sv"]"\
[2026-08-21 13:23:53,235] ## "[file normalize "$origin_dir/GenericPartition_3_memstream_4832.sv"]"\
[2026-08-21 13:23:53,235] ## "[file normalize "$origin_dir/GenericPartition_3_memstream_5126.sv"]"\
[2026-08-21 13:23:53,235] ## "[file normalize "$origin_dir/GenericPartition_3_memstream_5418.sv"]"\
[2026-08-21 13:23:53,235] ## "[file normalize "$origin_dir/GenericPartition_3_memstream_559.sv"]"\
[2026-08-21 13:23:53,235] ## "[file normalize "$origin_dir/GenericPartition_3_memstream_5699.sv"]"\
[2026-08-21 13:23:53,235] ## "[file normalize "$origin_dir/GenericPartition_3_memstream_5972.sv"]"\
[2026-08-21 13:23:53,235] ## "[file normalize "$origin_dir/GenericPartition_3_memstream_6266.sv"]"\
[2026-08-21 13:23:53,235] ## "[file normalize "$origin_dir/GenericPartition_3_memstream_6552.sv"]"\
[2026-08-21 13:23:53,235] ## "[file normalize "$origin_dir/GenericPartition_3_memstream_853.sv"]"\
[2026-08-21 13:23:53,235] ## "[file normalize "$origin_dir/GenericPartition_3_memstream_axi.sv"]"\
[2026-08-21 13:23:53,235] ## "[file normalize "$origin_dir/GenericPartition_3_memstream_axi_1143.sv"]"\
[2026-08-21 13:23:53,235] ## "[file normalize "$origin_dir/GenericPartition_3_memstream_axi_1416.sv"]"\
[2026-08-21 13:23:53,235] ## "[file normalize "$origin_dir/GenericPartition_3_memstream_axi_1710.sv"]"\
[2026-08-21 13:23:53,235] ## "[file normalize "$origin_dir/GenericPartition_3_memstream_axi_1999.sv"]"\
[2026-08-21 13:23:53,235] ## "[file normalize "$origin_dir/GenericPartition_3_memstream_axi_2280.sv"]"\
[2026-08-21 13:23:53,235] ## "[file normalize "$origin_dir/GenericPartition_3_memstream_axi_2553.sv"]"\
[2026-08-21 13:23:53,235] ## "[file normalize "$origin_dir/GenericPartition_3_memstream_axi_2847.sv"]"\
[2026-08-21 13:23:53,235] ## "[file normalize "$origin_dir/GenericPartition_3_memstream_axi_3139.sv"]"\
[2026-08-21 13:23:53,235] ## "[file normalize "$origin_dir/GenericPartition_3_memstream_axi_3420.sv"]"\
[2026-08-21 13:23:53,235] ## "[file normalize "$origin_dir/GenericPartition_3_memstream_axi_3693.sv"]"\
[2026-08-21 13:23:53,235] ## "[file normalize "$origin_dir/GenericPartition_3_memstream_axi_3987.sv"]"\
[2026-08-21 13:23:53,235] ## "[file normalize "$origin_dir/GenericPartition_3_memstream_axi_4279.sv"]"\
[2026-08-21 13:23:53,235] ## "[file normalize "$origin_dir/GenericPartition_3_memstream_axi_4560.sv"]"\
[2026-08-21 13:23:53,235] ## "[file normalize "$origin_dir/GenericPartition_3_memstream_axi_4833.sv"]"\
[2026-08-21 13:23:53,235] ## "[file normalize "$origin_dir/GenericPartition_3_memstream_axi_5127.sv"]"\
[2026-08-21 13:23:53,235] ## "[file normalize "$origin_dir/GenericPartition_3_memstream_axi_5419.sv"]"\
[2026-08-21 13:23:53,235] ## "[file normalize "$origin_dir/GenericPartition_3_memstream_axi_560.sv"]"\
[2026-08-21 13:23:53,235] ## "[file normalize "$origin_dir/GenericPartition_3_memstream_axi_5700.sv"]"\
[2026-08-21 13:23:53,235] ## "[file normalize "$origin_dir/GenericPartition_3_memstream_axi_5973.sv"]"\
[2026-08-21 13:23:53,235] ## "[file normalize "$origin_dir/GenericPartition_3_memstream_axi_6267.sv"]"\
[2026-08-21 13:23:53,236] ## "[file normalize "$origin_dir/GenericPartition_3_memstream_axi_6553.sv"]"\
[2026-08-21 13:23:53,236] ## "[file normalize "$origin_dir/GenericPartition_3_memstream_axi_854.sv"]"\
[2026-08-21 13:23:53,236] ## "[file normalize "$origin_dir/GenericPartition_3_swg_common.sv"]"\
[2026-08-21 13:23:53,236] ## "[file normalize "$origin_dir/GenericPartition_3_swg_common_6658.sv"]"\
[2026-08-21 13:23:53,236] ## "[file normalize "$origin_dir/GenericPartition_3_swg_common_6730.sv"]"\
[2026-08-21 13:23:53,236] ## "[file normalize "$origin_dir/GenericPartition_3_swg_common_6758.sv"]"\
[2026-08-21 13:23:53,236] ## "[file normalize "$origin_dir/GenericPartition_3_swg_common_6830.sv"]"\
[2026-08-21 13:23:53,236] ## "[file normalize "$origin_dir/GenericPartition_3_swg_common_6858.sv"]"\
[2026-08-21 13:23:53,236] ## "[file normalize "$origin_dir/GenericPartition_3_swg_common_6930.sv"]"\
[2026-08-21 13:23:53,236] ## "[file normalize "$origin_dir/GenericPartition_3_swg_common_6958.sv"]"\
[2026-08-21 13:23:53,236] ## "[file normalize "$origin_dir/GenericPartition_3_swg_common_7030.sv"]"\
[2026-08-21 13:23:53,236] ## "[file normalize "$origin_dir/GenericPartition_3_swg_common_7058.sv"]"\
[2026-08-21 13:23:53,236] ## "[file normalize "$origin_dir/GenericPartition_3_swg_common_7134.sv"]"\
[2026-08-21 13:23:53,236] ## "[file normalize "$origin_dir/GenericPartition_3_thresholding.sv"]"\
[2026-08-21 13:23:53,236] ## "[file normalize "$origin_dir/GenericPartition_3_thresholding_6590.sv"]"\
[2026-08-21 13:23:53,236] ## "[file normalize "$origin_dir/GenericPartition_3_thresholding_6598.sv"]"\
[2026-08-21 13:23:53,236] ## "[file normalize "$origin_dir/GenericPartition_3_thresholding_6604.sv"]"\
[2026-08-21 13:23:53,236] ## "[file normalize "$origin_dir/GenericPartition_3_thresholding_6612.sv"]"\
[2026-08-21 13:23:53,236] ## "[file normalize "$origin_dir/GenericPartition_3_thresholding_6618.sv"]"\
[2026-08-21 13:23:53,236] ## "[file normalize "$origin_dir/GenericPartition_3_thresholding_6628.sv"]"\
[2026-08-21 13:23:53,236] ## "[file normalize "$origin_dir/GenericPartition_3_thresholding_6634.sv"]"\
[2026-08-21 13:23:53,236] ## "[file normalize "$origin_dir/GenericPartition_3_thresholding_6662.sv"]"\
[2026-08-21 13:23:53,236] ## "[file normalize "$origin_dir/GenericPartition_3_thresholding_6670.sv"]"\
[2026-08-21 13:23:53,236] ## "[file normalize "$origin_dir/GenericPartition_3_thresholding_6676.sv"]"\
[2026-08-21 13:23:53,236] ## "[file normalize "$origin_dir/GenericPartition_3_thresholding_6684.sv"]"\
[2026-08-21 13:23:53,236] ## "[file normalize "$origin_dir/GenericPartition_3_thresholding_6690.sv"]"\
[2026-08-21 13:23:53,236] ## "[file normalize "$origin_dir/GenericPartition_3_thresholding_6700.sv"]"\
[2026-08-21 13:23:53,236] ## "[file normalize "$origin_dir/GenericPartition_3_thresholding_6706.sv"]"\
[2026-08-21 13:23:53,236] ## "[file normalize "$origin_dir/GenericPartition_3_thresholding_6734.sv"]"\
[2026-08-21 13:23:53,236] ## "[file normalize "$origin_dir/GenericPartition_3_thresholding_6764.sv"]"\
[2026-08-21 13:23:53,236] ## "[file normalize "$origin_dir/GenericPartition_3_thresholding_6772.sv"]"\
[2026-08-21 13:23:53,236] ## "[file normalize "$origin_dir/GenericPartition_3_thresholding_6778.sv"]"\
[2026-08-21 13:23:53,236] ## "[file normalize "$origin_dir/GenericPartition_3_thresholding_6786.sv"]"\
[2026-08-21 13:23:53,236] ## "[file normalize "$origin_dir/GenericPartition_3_thresholding_6792.sv"]"\
[2026-08-21 13:23:53,236] ## "[file normalize "$origin_dir/GenericPartition_3_thresholding_6802.sv"]"\
[2026-08-21 13:23:53,236] ## "[file normalize "$origin_dir/GenericPartition_3_thresholding_6808.sv"]"\
[2026-08-21 13:23:53,236] ## "[file normalize "$origin_dir/GenericPartition_3_thresholding_6834.sv"]"\
[2026-08-21 13:23:53,236] ## "[file normalize "$origin_dir/GenericPartition_3_thresholding_6864.sv"]"\
[2026-08-21 13:23:53,236] ## "[file normalize "$origin_dir/GenericPartition_3_thresholding_6872.sv"]"\
[2026-08-21 13:23:53,236] ## "[file normalize "$origin_dir/GenericPartition_3_thresholding_6878.sv"]"\
[2026-08-21 13:23:53,236] ## "[file normalize "$origin_dir/GenericPartition_3_thresholding_6886.sv"]"\
[2026-08-21 13:23:53,236] ## "[file normalize "$origin_dir/GenericPartition_3_thresholding_6892.sv"]"\
[2026-08-21 13:23:53,236] ## "[file normalize "$origin_dir/GenericPartition_3_thresholding_6902.sv"]"\
[2026-08-21 13:23:53,236] ## "[file normalize "$origin_dir/GenericPartition_3_thresholding_6908.sv"]"\
[2026-08-21 13:23:53,236] ## "[file normalize "$origin_dir/GenericPartition_3_thresholding_6934.sv"]"\
[2026-08-21 13:23:53,236] ## "[file normalize "$origin_dir/GenericPartition_3_thresholding_6964.sv"]"\
[2026-08-21 13:23:53,236] ## "[file normalize "$origin_dir/GenericPartition_3_thresholding_6972.sv"]"\
[2026-08-21 13:23:53,236] ## "[file normalize "$origin_dir/GenericPartition_3_thresholding_6978.sv"]"\
[2026-08-21 13:23:53,236] ## "[file normalize "$origin_dir/GenericPartition_3_thresholding_6986.sv"]"\
[2026-08-21 13:23:53,236] ## "[file normalize "$origin_dir/GenericPartition_3_thresholding_6992.sv"]"\
[2026-08-21 13:23:53,236] ## "[file normalize "$origin_dir/GenericPartition_3_thresholding_7002.sv"]"\
[2026-08-21 13:23:53,236] ## "[file normalize "$origin_dir/GenericPartition_3_thresholding_7008.sv"]"\
[2026-08-21 13:23:53,236] ## "[file normalize "$origin_dir/GenericPartition_3_thresholding_7034.sv"]"\
[2026-08-21 13:23:53,236] ## "[file normalize "$origin_dir/GenericPartition_3_thresholding_7064.sv"]"\
[2026-08-21 13:23:53,236] ## "[file normalize "$origin_dir/GenericPartition_3_thresholding_7072.sv"]"\
[2026-08-21 13:23:53,236] ## "[file normalize "$origin_dir/GenericPartition_3_thresholding_7078.sv"]"\
[2026-08-21 13:23:53,236] ## "[file normalize "$origin_dir/GenericPartition_3_thresholding_7086.sv"]"\
[2026-08-21 13:23:53,236] ## "[file normalize "$origin_dir/GenericPartition_3_thresholding_7092.sv"]"\
[2026-08-21 13:23:53,237] ## "[file normalize "$origin_dir/GenericPartition_3_thresholding_7102.sv"]"\
[2026-08-21 13:23:53,237] ## "[file normalize "$origin_dir/GenericPartition_3_thresholding_7110.sv"]"\
[2026-08-21 13:23:53,237] ## "[file normalize "$origin_dir/GenericPartition_3_thresholding_7138.sv"]"\
[2026-08-21 13:23:53,237] ## "[file normalize "$origin_dir/GenericPartition_3_thresholding_axi.sv"]"\
[2026-08-21 13:23:53,237] ## "[file normalize "$origin_dir/GenericPartition_3_thresholding_axi_6591.sv"]"\
[2026-08-21 13:23:53,237] ## "[file normalize "$origin_dir/GenericPartition_3_thresholding_axi_6599.sv"]"\
[2026-08-21 13:23:53,237] ## "[file normalize "$origin_dir/GenericPartition_3_thresholding_axi_6605.sv"]"\
[2026-08-21 13:23:53,237] ## "[file normalize "$origin_dir/GenericPartition_3_thresholding_axi_6613.sv"]"\
[2026-08-21 13:23:53,237] ## "[file normalize "$origin_dir/GenericPartition_3_thresholding_axi_6619.sv"]"\
[2026-08-21 13:23:53,237] ## "[file normalize "$origin_dir/GenericPartition_3_thresholding_axi_6629.sv"]"\
[2026-08-21 13:23:53,237] ## "[file normalize "$origin_dir/GenericPartition_3_thresholding_axi_6635.sv"]"\
[2026-08-21 13:23:53,237] ## "[file normalize "$origin_dir/GenericPartition_3_thresholding_axi_6663.sv"]"\
[2026-08-21 13:23:53,237] ## "[file normalize "$origin_dir/GenericPartition_3_thresholding_axi_6671.sv"]"\
[2026-08-21 13:23:53,237] ## "[file normalize "$origin_dir/GenericPartition_3_thresholding_axi_6677.sv"]"\
[2026-08-21 13:23:53,237] ## "[file normalize "$origin_dir/GenericPartition_3_thresholding_axi_6685.sv"]"\
[2026-08-21 13:23:53,237] ## "[file normalize "$origin_dir/GenericPartition_3_thresholding_axi_6691.sv"]"\
[2026-08-21 13:23:53,237] ## "[file normalize "$origin_dir/GenericPartition_3_thresholding_axi_6701.sv"]"\
[2026-08-21 13:23:53,237] ## "[file normalize "$origin_dir/GenericPartition_3_thresholding_axi_6707.sv"]"\
[2026-08-21 13:23:53,237] ## "[file normalize "$origin_dir/GenericPartition_3_thresholding_axi_6735.sv"]"\
[2026-08-21 13:23:53,237] ## "[file normalize "$origin_dir/GenericPartition_3_thresholding_axi_6765.sv"]"\
[2026-08-21 13:23:53,237] ## "[file normalize "$origin_dir/GenericPartition_3_thresholding_axi_6773.sv"]"\
[2026-08-21 13:23:53,237] ## "[file normalize "$origin_dir/GenericPartition_3_thresholding_axi_6779.sv"]"\
[2026-08-21 13:23:53,237] ## "[file normalize "$origin_dir/GenericPartition_3_thresholding_axi_6787.sv"]"\
[2026-08-21 13:23:53,237] ## "[file normalize "$origin_dir/GenericPartition_3_thresholding_axi_6793.sv"]"\
[2026-08-21 13:23:53,237] ## "[file normalize "$origin_dir/GenericPartition_3_thresholding_axi_6803.sv"]"\
[2026-08-21 13:23:53,237] ## "[file normalize "$origin_dir/GenericPartition_3_thresholding_axi_6809.sv"]"\
[2026-08-21 13:23:53,237] ## "[file normalize "$origin_dir/GenericPartition_3_thresholding_axi_6835.sv"]"\
[2026-08-21 13:23:53,237] ## "[file normalize "$origin_dir/GenericPartition_3_thresholding_axi_6865.sv"]"\
[2026-08-21 13:23:53,237] ## "[file normalize "$origin_dir/GenericPartition_3_thresholding_axi_6873.sv"]"\
[2026-08-21 13:23:53,237] ## "[file normalize "$origin_dir/GenericPartition_3_thresholding_axi_6879.sv"]"\
[2026-08-21 13:23:53,237] ## "[file normalize "$origin_dir/GenericPartition_3_thresholding_axi_6887.sv"]"\
[2026-08-21 13:23:53,237] ## "[file normalize "$origin_dir/GenericPartition_3_thresholding_axi_6893.sv"]"\
[2026-08-21 13:23:53,237] ## "[file normalize "$origin_dir/GenericPartition_3_thresholding_axi_6903.sv"]"\
[2026-08-21 13:23:53,237] ## "[file normalize "$origin_dir/GenericPartition_3_thresholding_axi_6909.sv"]"\
[2026-08-21 13:23:53,237] ## "[file normalize "$origin_dir/GenericPartition_3_thresholding_axi_6935.sv"]"\
[2026-08-21 13:23:53,237] ## "[file normalize "$origin_dir/GenericPartition_3_thresholding_axi_6965.sv"]"\
[2026-08-21 13:23:53,237] ## "[file normalize "$origin_dir/GenericPartition_3_thresholding_axi_6973.sv"]"\
[2026-08-21 13:23:53,237] ## "[file normalize "$origin_dir/GenericPartition_3_thresholding_axi_6979.sv"]"\
[2026-08-21 13:23:53,237] ## "[file normalize "$origin_dir/GenericPartition_3_thresholding_axi_6987.sv"]"\
[2026-08-21 13:23:53,237] ## "[file normalize "$origin_dir/GenericPartition_3_thresholding_axi_6993.sv"]"\
[2026-08-21 13:23:53,237] ## "[file normalize "$origin_dir/GenericPartition_3_thresholding_axi_7003.sv"]"\
[2026-08-21 13:23:53,237] ## "[file normalize "$origin_dir/GenericPartition_3_thresholding_axi_7009.sv"]"\
[2026-08-21 13:23:53,237] ## "[file normalize "$origin_dir/GenericPartition_3_thresholding_axi_7035.sv"]"\
[2026-08-21 13:23:53,237] ## "[file normalize "$origin_dir/GenericPartition_3_thresholding_axi_7065.sv"]"\
[2026-08-21 13:23:53,237] ## "[file normalize "$origin_dir/GenericPartition_3_thresholding_axi_7073.sv"]"\
[2026-08-21 13:23:53,237] ## "[file normalize "$origin_dir/GenericPartition_3_thresholding_axi_7079.sv"]"\
[2026-08-21 13:23:53,237] ## "[file normalize "$origin_dir/GenericPartition_3_thresholding_axi_7087.sv"]"\
[2026-08-21 13:23:53,237] ## "[file normalize "$origin_dir/GenericPartition_3_thresholding_axi_7093.sv"]"\
[2026-08-21 13:23:53,237] ## "[file normalize "$origin_dir/GenericPartition_3_thresholding_axi_7103.sv"]"\
[2026-08-21 13:23:53,237] ## "[file normalize "$origin_dir/GenericPartition_3_thresholding_axi_7111.sv"]"\
[2026-08-21 13:23:53,237] ## "[file normalize "$origin_dir/GenericPartition_3_thresholding_axi_7139.sv"]"\
[2026-08-21 13:23:53,237] ## "[file normalize "$origin_dir/GenericPartition_4_ConvolutionInputGenerator_rtl_0_impl.sv"]"\
[2026-08-21 13:23:53,237] ## "[file normalize "$origin_dir/GenericPartition_4_ConvolutionInputGenerator_rtl_1_impl.sv"]"\
[2026-08-21 13:23:53,237] ## "[file normalize "$origin_dir/GenericPartition_4_ConvolutionInputGenerator_rtl_2_impl.sv"]"\
[2026-08-21 13:23:53,237] ## "[file normalize "$origin_dir/GenericPartition_4_ConvolutionInputGenerator_rtl_3_impl.sv"]"\
[2026-08-21 13:23:53,237] ## "[file normalize "$origin_dir/GenericPartition_4_ConvolutionInputGenerator_rtl_4_impl.sv"]"\
[2026-08-21 13:23:53,237] ## "[file normalize "$origin_dir/GenericPartition_4_ConvolutionInputGenerator_rtl_5_impl.sv"]"\
[2026-08-21 13:23:53,237] ## "[file normalize "$origin_dir/GenericPartition_4_ConvolutionInputGenerator_rtl_6_impl.sv"]"\
[2026-08-21 13:23:53,237] ## "[file normalize "$origin_dir/GenericPartition_4_ConvolutionInputGenerator_rtl_7_impl.sv"]"\
[2026-08-21 13:23:53,237] ## "[file normalize "$origin_dir/GenericPartition_4_ConvolutionInputGenerator_rtl_8_impl.sv"]"\
[2026-08-21 13:23:53,237] ## "[file normalize "$origin_dir/GenericPartition_4_ConvolutionInputGenerator_rtl_9_impl.sv"]"\
[2026-08-21 13:23:53,237] ## "[file normalize "$origin_dir/GenericPartition_4_axi2we.sv"]"\
[2026-08-21 13:23:53,237] ## "[file normalize "$origin_dir/GenericPartition_4_axi2we_6686.sv"]"\
[2026-08-21 13:23:53,237] ## "[file normalize "$origin_dir/GenericPartition_4_axi2we_6714.sv"]"\
[2026-08-21 13:23:53,237] ## "[file normalize "$origin_dir/GenericPartition_4_axi2we_6788.sv"]"\
[2026-08-21 13:23:53,238] ## "[file normalize "$origin_dir/GenericPartition_4_axi2we_6814.sv"]"\
[2026-08-21 13:23:53,238] ## "[file normalize "$origin_dir/GenericPartition_4_axi2we_6888.sv"]"\
[2026-08-21 13:23:53,238] ## "[file normalize "$origin_dir/GenericPartition_4_axi2we_6914.sv"]"\
[2026-08-21 13:23:53,238] ## "[file normalize "$origin_dir/GenericPartition_4_axi2we_6988.sv"]"\
[2026-08-21 13:23:53,238] ## "[file normalize "$origin_dir/GenericPartition_4_axi2we_7014.sv"]"\
[2026-08-21 13:23:53,238] ## "[file normalize "$origin_dir/GenericPartition_4_axi2we_7088.sv"]"\
[2026-08-21 13:23:53,238] ## "[file normalize "$origin_dir/GenericPartition_4_dwc.sv"]"\
[2026-08-21 13:23:53,238] ## "[file normalize "$origin_dir/GenericPartition_4_dwc_6619.sv"]"\
[2026-08-21 13:23:53,238] ## "[file normalize "$origin_dir/GenericPartition_4_dwc_6680.sv"]"\
[2026-08-21 13:23:53,238] ## "[file normalize "$origin_dir/GenericPartition_4_dwc_6691.sv"]"\
[2026-08-21 13:23:53,238] ## "[file normalize "$origin_dir/GenericPartition_4_dwc_6708.sv"]"\
[2026-08-21 13:23:53,238] ## "[file normalize "$origin_dir/GenericPartition_4_dwc_6719.sv"]"\
[2026-08-21 13:23:53,238] ## "[file normalize "$origin_dir/GenericPartition_4_dwc_6782.sv"]"\
[2026-08-21 13:23:53,238] ## "[file normalize "$origin_dir/GenericPartition_4_dwc_6793.sv"]"\
[2026-08-21 13:23:53,238] ## "[file normalize "$origin_dir/GenericPartition_4_dwc_6808.sv"]"\
[2026-08-21 13:23:53,238] ## "[file normalize "$origin_dir/GenericPartition_4_dwc_6819.sv"]"\
[2026-08-21 13:23:53,238] ## "[file normalize "$origin_dir/GenericPartition_4_dwc_6882.sv"]"\
[2026-08-21 13:23:53,238] ## "[file normalize "$origin_dir/GenericPartition_4_dwc_6893.sv"]"\
[2026-08-21 13:23:53,238] ## "[file normalize "$origin_dir/GenericPartition_4_dwc_6908.sv"]"\
[2026-08-21 13:23:53,238] ## "[file normalize "$origin_dir/GenericPartition_4_dwc_6919.sv"]"\
[2026-08-21 13:23:53,238] ## "[file normalize "$origin_dir/GenericPartition_4_dwc_6982.sv"]"\
[2026-08-21 13:23:53,238] ## "[file normalize "$origin_dir/GenericPartition_4_dwc_6993.sv"]"\
[2026-08-21 13:23:53,238] ## "[file normalize "$origin_dir/GenericPartition_4_dwc_7008.sv"]"\
[2026-08-21 13:23:53,238] ## "[file normalize "$origin_dir/GenericPartition_4_dwc_7019.sv"]"\
[2026-08-21 13:23:53,238] ## "[file normalize "$origin_dir/GenericPartition_4_dwc_7082.sv"]"\
[2026-08-21 13:23:53,238] ## "[file normalize "$origin_dir/GenericPartition_4_dwc_7093.sv"]"\
[2026-08-21 13:23:53,238] ## "[file normalize "$origin_dir/GenericPartition_4_dwc_axi.sv"]"\
[2026-08-21 13:23:53,238] ## "[file normalize "$origin_dir/GenericPartition_4_dwc_axi_6618.sv"]"\
[2026-08-21 13:23:53,238] ## "[file normalize "$origin_dir/GenericPartition_4_dwc_axi_6679.sv"]"\
[2026-08-21 13:23:53,238] ## "[file normalize "$origin_dir/GenericPartition_4_dwc_axi_6690.sv"]"\
[2026-08-21 13:23:53,238] ## "[file normalize "$origin_dir/GenericPartition_4_dwc_axi_6707.sv"]"\
[2026-08-21 13:23:53,238] ## "[file normalize "$origin_dir/GenericPartition_4_dwc_axi_6718.sv"]"\
[2026-08-21 13:23:53,238] ## "[file normalize "$origin_dir/GenericPartition_4_dwc_axi_6781.sv"]"\
[2026-08-21 13:23:53,238] ## "[file normalize "$origin_dir/GenericPartition_4_dwc_axi_6792.sv"]"\
[2026-08-21 13:23:53,238] ## "[file normalize "$origin_dir/GenericPartition_4_dwc_axi_6807.sv"]"\
[2026-08-21 13:23:53,238] ## "[file normalize "$origin_dir/GenericPartition_4_dwc_axi_6818.sv"]"\
[2026-08-21 13:23:53,238] ## "[file normalize "$origin_dir/GenericPartition_4_dwc_axi_6881.sv"]"\
[2026-08-21 13:23:53,238] ## "[file normalize "$origin_dir/GenericPartition_4_dwc_axi_6892.sv"]"\
[2026-08-21 13:23:53,238] ## "[file normalize "$origin_dir/GenericPartition_4_dwc_axi_6907.sv"]"\
[2026-08-21 13:23:53,238] ## "[file normalize "$origin_dir/GenericPartition_4_dwc_axi_6918.sv"]"\
[2026-08-21 13:23:53,238] ## "[file normalize "$origin_dir/GenericPartition_4_dwc_axi_6981.sv"]"\
[2026-08-21 13:23:53,238] ## "[file normalize "$origin_dir/GenericPartition_4_dwc_axi_6992.sv"]"\
[2026-08-21 13:23:53,238] ## "[file normalize "$origin_dir/GenericPartition_4_dwc_axi_7007.sv"]"\
[2026-08-21 13:23:53,238] ## "[file normalize "$origin_dir/GenericPartition_4_dwc_axi_7018.sv"]"\
[2026-08-21 13:23:53,238] ## "[file normalize "$origin_dir/GenericPartition_4_dwc_axi_7081.sv"]"\
[2026-08-21 13:23:53,238] ## "[file normalize "$origin_dir/GenericPartition_4_dwc_axi_7092.sv"]"\
[2026-08-21 13:23:53,238] ## "[file normalize "$origin_dir/GenericPartition_4_fmpadding.sv"]"\
[2026-08-21 13:23:53,238] ## "[file normalize "$origin_dir/GenericPartition_4_fmpadding_6685.sv"]"\
[2026-08-21 13:23:53,238] ## "[file normalize "$origin_dir/GenericPartition_4_fmpadding_6713.sv"]"\
[2026-08-21 13:23:53,238] ## "[file normalize "$origin_dir/GenericPartition_4_fmpadding_6787.sv"]"\
[2026-08-21 13:23:53,238] ## "[file normalize "$origin_dir/GenericPartition_4_fmpadding_6813.sv"]"\
[2026-08-21 13:23:53,238] ## "[file normalize "$origin_dir/GenericPartition_4_fmpadding_6887.sv"]"\
[2026-08-21 13:23:53,238] ## "[file normalize "$origin_dir/GenericPartition_4_fmpadding_6913.sv"]"\
[2026-08-21 13:23:53,238] ## "[file normalize "$origin_dir/GenericPartition_4_fmpadding_6987.sv"]"\
[2026-08-21 13:23:53,238] ## "[file normalize "$origin_dir/GenericPartition_4_fmpadding_7013.sv"]"\
[2026-08-21 13:23:53,238] ## "[file normalize "$origin_dir/GenericPartition_4_fmpadding_7087.sv"]"\
[2026-08-21 13:23:53,238] ## "[file normalize "$origin_dir/GenericPartition_4_fmpadding_axi.sv"]"\
[2026-08-21 13:23:53,238] ## "[file normalize "$origin_dir/GenericPartition_4_fmpadding_axi_6684.sv"]"\
[2026-08-21 13:23:53,238] ## "[file normalize "$origin_dir/GenericPartition_4_fmpadding_axi_6712.sv"]"\
[2026-08-21 13:23:53,238] ## "[file normalize "$origin_dir/GenericPartition_4_fmpadding_axi_6786.sv"]"\
[2026-08-21 13:23:53,238] ## "[file normalize "$origin_dir/GenericPartition_4_fmpadding_axi_6812.sv"]"\
[2026-08-21 13:23:53,238] ## "[file normalize "$origin_dir/GenericPartition_4_fmpadding_axi_6886.sv"]"\
[2026-08-21 13:23:53,238] ## "[file normalize "$origin_dir/GenericPartition_4_fmpadding_axi_6912.sv"]"\
[2026-08-21 13:23:53,239] ## "[file normalize "$origin_dir/GenericPartition_4_fmpadding_axi_6986.sv"]"\
[2026-08-21 13:23:53,239] ## "[file normalize "$origin_dir/GenericPartition_4_fmpadding_axi_7012.sv"]"\
[2026-08-21 13:23:53,239] ## "[file normalize "$origin_dir/GenericPartition_4_fmpadding_axi_7086.sv"]"\
[2026-08-21 13:23:53,239] ## "[file normalize "$origin_dir/GenericPartition_4_memstream.sv"]"\
[2026-08-21 13:23:53,239] ## "[file normalize "$origin_dir/GenericPartition_4_memstream_1132.sv"]"\
[2026-08-21 13:23:53,239] ## "[file normalize "$origin_dir/GenericPartition_4_memstream_1426.sv"]"\
[2026-08-21 13:23:53,239] ## "[file normalize "$origin_dir/GenericPartition_4_memstream_1715.sv"]"\
[2026-08-21 13:23:53,239] ## "[file normalize "$origin_dir/GenericPartition_4_memstream_1996.sv"]"\
[2026-08-21 13:23:53,239] ## "[file normalize "$origin_dir/GenericPartition_4_memstream_2269.sv"]"\
[2026-08-21 13:23:53,239] ## "[file normalize "$origin_dir/GenericPartition_4_memstream_2563.sv"]"\
[2026-08-21 13:23:53,239] ## "[file normalize "$origin_dir/GenericPartition_4_memstream_2855.sv"]"\
[2026-08-21 13:23:53,239] ## "[file normalize "$origin_dir/GenericPartition_4_memstream_3136.sv"]"\
[2026-08-21 13:23:53,239] ## "[file normalize "$origin_dir/GenericPartition_4_memstream_3409.sv"]"\
[2026-08-21 13:23:53,239] ## "[file normalize "$origin_dir/GenericPartition_4_memstream_3703.sv"]"\
[2026-08-21 13:23:53,239] ## "[file normalize "$origin_dir/GenericPartition_4_memstream_3995.sv"]"\
[2026-08-21 13:23:53,239] ## "[file normalize "$origin_dir/GenericPartition_4_memstream_4276.sv"]"\
[2026-08-21 13:23:53,239] ## "[file normalize "$origin_dir/GenericPartition_4_memstream_4549.sv"]"\
[2026-08-21 13:23:53,239] ## "[file normalize "$origin_dir/GenericPartition_4_memstream_4843.sv"]"\
[2026-08-21 13:23:53,239] ## "[file normalize "$origin_dir/GenericPartition_4_memstream_5135.sv"]"\
[2026-08-21 13:23:53,239] ## "[file normalize "$origin_dir/GenericPartition_4_memstream_5416.sv"]"\
[2026-08-21 13:23:53,239] ## "[file normalize "$origin_dir/GenericPartition_4_memstream_5689.sv"]"\
[2026-08-21 13:23:53,239] ## "[file normalize "$origin_dir/GenericPartition_4_memstream_570.sv"]"\
[2026-08-21 13:23:53,239] ## "[file normalize "$origin_dir/GenericPartition_4_memstream_5983.sv"]"\
[2026-08-21 13:23:53,239] ## "[file normalize "$origin_dir/GenericPartition_4_memstream_6272.sv"]"\
[2026-08-21 13:23:53,239] ## "[file normalize "$origin_dir/GenericPartition_4_memstream_6545.sv"]"\
[2026-08-21 13:23:53,239] ## "[file normalize "$origin_dir/GenericPartition_4_memstream_859.sv"]"\
[2026-08-21 13:23:53,239] ## "[file normalize "$origin_dir/GenericPartition_4_memstream_axi.sv"]"\
[2026-08-21 13:23:53,239] ## "[file normalize "$origin_dir/GenericPartition_4_memstream_axi_1133.sv"]"\
[2026-08-21 13:23:53,239] ## "[file normalize "$origin_dir/GenericPartition_4_memstream_axi_1427.sv"]"\
[2026-08-21 13:23:53,239] ## "[file normalize "$origin_dir/GenericPartition_4_memstream_axi_1716.sv"]"\
[2026-08-21 13:23:53,239] ## "[file normalize "$origin_dir/GenericPartition_4_memstream_axi_1997.sv"]"\
[2026-08-21 13:23:53,239] ## "[file normalize "$origin_dir/GenericPartition_4_memstream_axi_2270.sv"]"\
[2026-08-21 13:23:53,239] ## "[file normalize "$origin_dir/GenericPartition_4_memstream_axi_2564.sv"]"\
[2026-08-21 13:23:53,239] ## "[file normalize "$origin_dir/GenericPartition_4_memstream_axi_2856.sv"]"\
[2026-08-21 13:23:53,239] ## "[file normalize "$origin_dir/GenericPartition_4_memstream_axi_3137.sv"]"\
[2026-08-21 13:23:53,239] ## "[file normalize "$origin_dir/GenericPartition_4_memstream_axi_3410.sv"]"\
[2026-08-21 13:23:53,239] ## "[file normalize "$origin_dir/GenericPartition_4_memstream_axi_3704.sv"]"\
[2026-08-21 13:23:53,239] ## "[file normalize "$origin_dir/GenericPartition_4_memstream_axi_3996.sv"]"\
[2026-08-21 13:23:53,239] ## "[file normalize "$origin_dir/GenericPartition_4_memstream_axi_4277.sv"]"\
[2026-08-21 13:23:53,239] ## "[file normalize "$origin_dir/GenericPartition_4_memstream_axi_4550.sv"]"\
[2026-08-21 13:23:53,239] ## "[file normalize "$origin_dir/GenericPartition_4_memstream_axi_4844.sv"]"\
[2026-08-21 13:23:53,239] ## "[file normalize "$origin_dir/GenericPartition_4_memstream_axi_5136.sv"]"\
[2026-08-21 13:23:53,239] ## "[file normalize "$origin_dir/GenericPartition_4_memstream_axi_5417.sv"]"\
[2026-08-21 13:23:53,239] ## "[file normalize "$origin_dir/GenericPartition_4_memstream_axi_5690.sv"]"\
[2026-08-21 13:23:53,239] ## "[file normalize "$origin_dir/GenericPartition_4_memstream_axi_571.sv"]"\
[2026-08-21 13:23:53,239] ## "[file normalize "$origin_dir/GenericPartition_4_memstream_axi_5984.sv"]"\
[2026-08-21 13:23:53,239] ## "[file normalize "$origin_dir/GenericPartition_4_memstream_axi_6273.sv"]"\
[2026-08-21 13:23:53,239] ## "[file normalize "$origin_dir/GenericPartition_4_memstream_axi_6546.sv"]"\
[2026-08-21 13:23:53,239] ## "[file normalize "$origin_dir/GenericPartition_4_memstream_axi_860.sv"]"\
[2026-08-21 13:23:53,239] ## "[file normalize "$origin_dir/GenericPartition_4_swg_common.sv"]"\
[2026-08-21 13:23:53,239] ## "[file normalize "$origin_dir/GenericPartition_4_swg_common_6698.sv"]"\
[2026-08-21 13:23:53,239] ## "[file normalize "$origin_dir/GenericPartition_4_swg_common_6726.sv"]"\
[2026-08-21 13:23:53,239] ## "[file normalize "$origin_dir/GenericPartition_4_swg_common_6798.sv"]"\
[2026-08-21 13:23:53,239] ## "[file normalize "$origin_dir/GenericPartition_4_swg_common_6826.sv"]"\
[2026-08-21 13:23:53,239] ## "[file normalize "$origin_dir/GenericPartition_4_swg_common_6898.sv"]"\
[2026-08-21 13:23:53,239] ## "[file normalize "$origin_dir/GenericPartition_4_swg_common_6926.sv"]"\
[2026-08-21 13:23:53,239] ## "[file normalize "$origin_dir/GenericPartition_4_swg_common_6998.sv"]"\
[2026-08-21 13:23:53,239] ## "[file normalize "$origin_dir/GenericPartition_4_swg_common_7026.sv"]"\
[2026-08-21 13:23:53,239] ## "[file normalize "$origin_dir/GenericPartition_4_swg_common_7100.sv"]"\
[2026-08-21 13:23:53,239] ## "[file normalize "$origin_dir/GenericPartition_4_thresholding.sv"]"\
[2026-08-21 13:23:53,239] ## "[file normalize "$origin_dir/GenericPartition_4_thresholding_6574.sv"]"\
[2026-08-21 13:23:53,239] ## "[file normalize "$origin_dir/GenericPartition_4_thresholding_6580.sv"]"\
[2026-08-21 13:23:53,239] ## "[file normalize "$origin_dir/GenericPartition_4_thresholding_6586.sv"]"\
[2026-08-21 13:23:53,239] ## "[file normalize "$origin_dir/GenericPartition_4_thresholding_6596.sv"]"\
[2026-08-21 13:23:53,239] ## "[file normalize "$origin_dir/GenericPartition_4_thresholding_6602.sv"]"\
[2026-08-21 13:23:53,240] ## "[file normalize "$origin_dir/GenericPartition_4_thresholding_6630.sv"]"\
[2026-08-21 13:23:53,240] ## "[file normalize "$origin_dir/GenericPartition_4_thresholding_6638.sv"]"\
[2026-08-21 13:23:53,240] ## "[file normalize "$origin_dir/GenericPartition_4_thresholding_6644.sv"]"\
[2026-08-21 13:23:53,240] ## "[file normalize "$origin_dir/GenericPartition_4_thresholding_6652.sv"]"\
[2026-08-21 13:23:53,240] ## "[file normalize "$origin_dir/GenericPartition_4_thresholding_6658.sv"]"\
[2026-08-21 13:23:53,240] ## "[file normalize "$origin_dir/GenericPartition_4_thresholding_6668.sv"]"\
[2026-08-21 13:23:53,240] ## "[file normalize "$origin_dir/GenericPartition_4_thresholding_6674.sv"]"\
[2026-08-21 13:23:53,240] ## "[file normalize "$origin_dir/GenericPartition_4_thresholding_6702.sv"]"\
[2026-08-21 13:23:53,240] ## "[file normalize "$origin_dir/GenericPartition_4_thresholding_6732.sv"]"\
[2026-08-21 13:23:53,240] ## "[file normalize "$origin_dir/GenericPartition_4_thresholding_6740.sv"]"\
[2026-08-21 13:23:53,240] ## "[file normalize "$origin_dir/GenericPartition_4_thresholding_6746.sv"]"\
[2026-08-21 13:23:53,240] ## "[file normalize "$origin_dir/GenericPartition_4_thresholding_6754.sv"]"\
[2026-08-21 13:23:53,240] ## "[file normalize "$origin_dir/GenericPartition_4_thresholding_6760.sv"]"\
[2026-08-21 13:23:53,240] ## "[file normalize "$origin_dir/GenericPartition_4_thresholding_6770.sv"]"\
[2026-08-21 13:23:53,240] ## "[file normalize "$origin_dir/GenericPartition_4_thresholding_6776.sv"]"\
[2026-08-21 13:23:53,240] ## "[file normalize "$origin_dir/GenericPartition_4_thresholding_6802.sv"]"\
[2026-08-21 13:23:53,240] ## "[file normalize "$origin_dir/GenericPartition_4_thresholding_6832.sv"]"\
[2026-08-21 13:23:53,240] ## "[file normalize "$origin_dir/GenericPartition_4_thresholding_6840.sv"]"\
[2026-08-21 13:23:53,240] ## "[file normalize "$origin_dir/GenericPartition_4_thresholding_6846.sv"]"\
[2026-08-21 13:23:53,240] ## "[file normalize "$origin_dir/GenericPartition_4_thresholding_6854.sv"]"\
[2026-08-21 13:23:53,240] ## "[file normalize "$origin_dir/GenericPartition_4_thresholding_6860.sv"]"\
[2026-08-21 13:23:53,240] ## "[file normalize "$origin_dir/GenericPartition_4_thresholding_6870.sv"]"\
[2026-08-21 13:23:53,240] ## "[file normalize "$origin_dir/GenericPartition_4_thresholding_6876.sv"]"\
[2026-08-21 13:23:53,240] ## "[file normalize "$origin_dir/GenericPartition_4_thresholding_6902.sv"]"\
[2026-08-21 13:23:53,240] ## "[file normalize "$origin_dir/GenericPartition_4_thresholding_6932.sv"]"\
[2026-08-21 13:23:53,240] ## "[file normalize "$origin_dir/GenericPartition_4_thresholding_6940.sv"]"\
[2026-08-21 13:23:53,240] ## "[file normalize "$origin_dir/GenericPartition_4_thresholding_6946.sv"]"\
[2026-08-21 13:23:53,240] ## "[file normalize "$origin_dir/GenericPartition_4_thresholding_6954.sv"]"\
[2026-08-21 13:23:53,240] ## "[file normalize "$origin_dir/GenericPartition_4_thresholding_6960.sv"]"\
[2026-08-21 13:23:53,240] ## "[file normalize "$origin_dir/GenericPartition_4_thresholding_6970.sv"]"\
[2026-08-21 13:23:53,240] ## "[file normalize "$origin_dir/GenericPartition_4_thresholding_6976.sv"]"\
[2026-08-21 13:23:53,240] ## "[file normalize "$origin_dir/GenericPartition_4_thresholding_7002.sv"]"\
[2026-08-21 13:23:53,240] ## "[file normalize "$origin_dir/GenericPartition_4_thresholding_7032.sv"]"\
[2026-08-21 13:23:53,240] ## "[file normalize "$origin_dir/GenericPartition_4_thresholding_7040.sv"]"\
[2026-08-21 13:23:53,240] ## "[file normalize "$origin_dir/GenericPartition_4_thresholding_7046.sv"]"\
[2026-08-21 13:23:53,240] ## "[file normalize "$origin_dir/GenericPartition_4_thresholding_7054.sv"]"\
[2026-08-21 13:23:53,240] ## "[file normalize "$origin_dir/GenericPartition_4_thresholding_7060.sv"]"\
[2026-08-21 13:23:53,240] ## "[file normalize "$origin_dir/GenericPartition_4_thresholding_7070.sv"]"\
[2026-08-21 13:23:53,240] ## "[file normalize "$origin_dir/GenericPartition_4_thresholding_7076.sv"]"\
[2026-08-21 13:23:53,240] ## "[file normalize "$origin_dir/GenericPartition_4_thresholding_7104.sv"]"\
[2026-08-21 13:23:53,240] ## "[file normalize "$origin_dir/GenericPartition_4_thresholding_7112.sv"]"\
[2026-08-21 13:23:53,240] ## "[file normalize "$origin_dir/GenericPartition_4_thresholding_7118.sv"]"\
[2026-08-21 13:23:53,240] ## "[file normalize "$origin_dir/GenericPartition_4_thresholding_7126.sv"]"\
[2026-08-21 13:23:53,240] ## "[file normalize "$origin_dir/GenericPartition_4_thresholding_axi.sv"]"\
[2026-08-21 13:23:53,240] ## "[file normalize "$origin_dir/GenericPartition_4_thresholding_axi_6575.sv"]"\
[2026-08-21 13:23:53,240] ## "[file normalize "$origin_dir/GenericPartition_4_thresholding_axi_6581.sv"]"\
[2026-08-21 13:23:53,240] ## "[file normalize "$origin_dir/GenericPartition_4_thresholding_axi_6587.sv"]"\
[2026-08-21 13:23:53,240] ## "[file normalize "$origin_dir/GenericPartition_4_thresholding_axi_6597.sv"]"\
[2026-08-21 13:23:53,240] ## "[file normalize "$origin_dir/GenericPartition_4_thresholding_axi_6603.sv"]"\
[2026-08-21 13:23:53,240] ## "[file normalize "$origin_dir/GenericPartition_4_thresholding_axi_6631.sv"]"\
[2026-08-21 13:23:53,240] ## "[file normalize "$origin_dir/GenericPartition_4_thresholding_axi_6639.sv"]"\
[2026-08-21 13:23:53,240] ## "[file normalize "$origin_dir/GenericPartition_4_thresholding_axi_6645.sv"]"\
[2026-08-21 13:23:53,240] ## "[file normalize "$origin_dir/GenericPartition_4_thresholding_axi_6653.sv"]"\
[2026-08-21 13:23:53,240] ## "[file normalize "$origin_dir/GenericPartition_4_thresholding_axi_6659.sv"]"\
[2026-08-21 13:23:53,240] ## "[file normalize "$origin_dir/GenericPartition_4_thresholding_axi_6669.sv"]"\
[2026-08-21 13:23:53,240] ## "[file normalize "$origin_dir/GenericPartition_4_thresholding_axi_6675.sv"]"\
[2026-08-21 13:23:53,240] ## "[file normalize "$origin_dir/GenericPartition_4_thresholding_axi_6703.sv"]"\
[2026-08-21 13:23:53,240] ## "[file normalize "$origin_dir/GenericPartition_4_thresholding_axi_6733.sv"]"\
[2026-08-21 13:23:53,240] ## "[file normalize "$origin_dir/GenericPartition_4_thresholding_axi_6741.sv"]"\
[2026-08-21 13:23:53,240] ## "[file normalize "$origin_dir/GenericPartition_4_thresholding_axi_6747.sv"]"\
[2026-08-21 13:23:53,240] ## "[file normalize "$origin_dir/GenericPartition_4_thresholding_axi_6755.sv"]"\
[2026-08-21 13:23:53,240] ## "[file normalize "$origin_dir/GenericPartition_4_thresholding_axi_6761.sv"]"\
[2026-08-21 13:23:53,241] ## "[file normalize "$origin_dir/GenericPartition_4_thresholding_axi_6771.sv"]"\
[2026-08-21 13:23:53,241] ## "[file normalize "$origin_dir/GenericPartition_4_thresholding_axi_6777.sv"]"\
[2026-08-21 13:23:53,241] ## "[file normalize "$origin_dir/GenericPartition_4_thresholding_axi_6803.sv"]"\
[2026-08-21 13:23:53,241] ## "[file normalize "$origin_dir/GenericPartition_4_thresholding_axi_6833.sv"]"\
[2026-08-21 13:23:53,241] ## "[file normalize "$origin_dir/GenericPartition_4_thresholding_axi_6841.sv"]"\
[2026-08-21 13:23:53,241] ## "[file normalize "$origin_dir/GenericPartition_4_thresholding_axi_6847.sv"]"\
[2026-08-21 13:23:53,241] ## "[file normalize "$origin_dir/GenericPartition_4_thresholding_axi_6855.sv"]"\
[2026-08-21 13:23:53,241] ## "[file normalize "$origin_dir/GenericPartition_4_thresholding_axi_6861.sv"]"\
[2026-08-21 13:23:53,241] ## "[file normalize "$origin_dir/GenericPartition_4_thresholding_axi_6871.sv"]"\
[2026-08-21 13:23:53,241] ## "[file normalize "$origin_dir/GenericPartition_4_thresholding_axi_6877.sv"]"\
[2026-08-21 13:23:53,241] ## "[file normalize "$origin_dir/GenericPartition_4_thresholding_axi_6903.sv"]"\
[2026-08-21 13:23:53,241] ## "[file normalize "$origin_dir/GenericPartition_4_thresholding_axi_6933.sv"]"\
[2026-08-21 13:23:53,241] ## "[file normalize "$origin_dir/GenericPartition_4_thresholding_axi_6941.sv"]"\
[2026-08-21 13:23:53,241] ## "[file normalize "$origin_dir/GenericPartition_4_thresholding_axi_6947.sv"]"\
[2026-08-21 13:23:53,241] ## "[file normalize "$origin_dir/GenericPartition_4_thresholding_axi_6955.sv"]"\
[2026-08-21 13:23:53,241] ## "[file normalize "$origin_dir/GenericPartition_4_thresholding_axi_6961.sv"]"\
[2026-08-21 13:23:53,241] ## "[file normalize "$origin_dir/GenericPartition_4_thresholding_axi_6971.sv"]"\
[2026-08-21 13:23:53,241] ## "[file normalize "$origin_dir/GenericPartition_4_thresholding_axi_6977.sv"]"\
[2026-08-21 13:23:53,241] ## "[file normalize "$origin_dir/GenericPartition_4_thresholding_axi_7003.sv"]"\
[2026-08-21 13:23:53,241] ## "[file normalize "$origin_dir/GenericPartition_4_thresholding_axi_7033.sv"]"\
[2026-08-21 13:23:53,241] ## "[file normalize "$origin_dir/GenericPartition_4_thresholding_axi_7041.sv"]"\
[2026-08-21 13:23:53,241] ## "[file normalize "$origin_dir/GenericPartition_4_thresholding_axi_7047.sv"]"\
[2026-08-21 13:23:53,241] ## "[file normalize "$origin_dir/GenericPartition_4_thresholding_axi_7055.sv"]"\
[2026-08-21 13:23:53,241] ## "[file normalize "$origin_dir/GenericPartition_4_thresholding_axi_7061.sv"]"\
[2026-08-21 13:23:53,241] ## "[file normalize "$origin_dir/GenericPartition_4_thresholding_axi_7071.sv"]"\
[2026-08-21 13:23:53,241] ## "[file normalize "$origin_dir/GenericPartition_4_thresholding_axi_7077.sv"]"\
[2026-08-21 13:23:53,241] ## "[file normalize "$origin_dir/GenericPartition_4_thresholding_axi_7105.sv"]"\
[2026-08-21 13:23:53,241] ## "[file normalize "$origin_dir/GenericPartition_4_thresholding_axi_7113.sv"]"\
[2026-08-21 13:23:53,241] ## "[file normalize "$origin_dir/GenericPartition_4_thresholding_axi_7119.sv"]"\
[2026-08-21 13:23:53,241] ## "[file normalize "$origin_dir/GenericPartition_4_thresholding_axi_7127.sv"]"\
[2026-08-21 13:23:53,241] ## "[file normalize "$origin_dir/GenericPartition_5_ConvolutionInputGenerator_rtl_0_impl.sv"]"\
[2026-08-21 13:23:53,241] ## "[file normalize "$origin_dir/GenericPartition_5_ConvolutionInputGenerator_rtl_1_impl.sv"]"\
[2026-08-21 13:23:53,241] ## "[file normalize "$origin_dir/GenericPartition_5_ConvolutionInputGenerator_rtl_2_impl.sv"]"\
[2026-08-21 13:23:53,241] ## "[file normalize "$origin_dir/GenericPartition_5_ConvolutionInputGenerator_rtl_3_impl.sv"]"\
[2026-08-21 13:23:53,241] ## "[file normalize "$origin_dir/GenericPartition_5_ConvolutionInputGenerator_rtl_4_impl.sv"]"\
[2026-08-21 13:23:53,241] ## "[file normalize "$origin_dir/GenericPartition_5_ConvolutionInputGenerator_rtl_5_impl.sv"]"\
[2026-08-21 13:23:53,241] ## "[file normalize "$origin_dir/GenericPartition_5_ConvolutionInputGenerator_rtl_6_impl.sv"]"\
[2026-08-21 13:23:53,241] ## "[file normalize "$origin_dir/GenericPartition_5_ConvolutionInputGenerator_rtl_7_impl.sv"]"\
[2026-08-21 13:23:53,241] ## "[file normalize "$origin_dir/GenericPartition_5_ConvolutionInputGenerator_rtl_8_impl.sv"]"\
[2026-08-21 13:23:53,241] ## "[file normalize "$origin_dir/GenericPartition_5_ConvolutionInputGenerator_rtl_9_impl.sv"]"\
[2026-08-21 13:23:53,241] ## "[file normalize "$origin_dir/GenericPartition_5_axi2we.sv"]"\
[2026-08-21 13:23:53,241] ## "[file normalize "$origin_dir/GenericPartition_5_axi2we_6657.sv"]"\
[2026-08-21 13:23:53,241] ## "[file normalize "$origin_dir/GenericPartition_5_axi2we_6685.sv"]"\
[2026-08-21 13:23:53,241] ## "[file normalize "$origin_dir/GenericPartition_5_axi2we_6759.sv"]"\
[2026-08-21 13:23:53,241] ## "[file normalize "$origin_dir/GenericPartition_5_axi2we_6785.sv"]"\
[2026-08-21 13:23:53,241] ## "[file normalize "$origin_dir/GenericPartition_5_axi2we_6859.sv"]"\
[2026-08-21 13:23:53,241] ## "[file normalize "$origin_dir/GenericPartition_5_axi2we_6885.sv"]"\
[2026-08-21 13:23:53,241] ## "[file normalize "$origin_dir/GenericPartition_5_axi2we_6959.sv"]"\
[2026-08-21 13:23:53,241] ## "[file normalize "$origin_dir/GenericPartition_5_axi2we_6985.sv"]"\
[2026-08-21 13:23:53,241] ## "[file normalize "$origin_dir/GenericPartition_5_axi2we_7059.sv"]"\
[2026-08-21 13:23:53,241] ## "[file normalize "$origin_dir/GenericPartition_5_dwc.sv"]"\
[2026-08-21 13:23:53,241] ## "[file normalize "$origin_dir/GenericPartition_5_dwc_6590.sv"]"\
[2026-08-21 13:23:53,241] ## "[file normalize "$origin_dir/GenericPartition_5_dwc_6651.sv"]"\
[2026-08-21 13:23:53,241] ## "[file normalize "$origin_dir/GenericPartition_5_dwc_6662.sv"]"\
[2026-08-21 13:23:53,241] ## "[file normalize "$origin_dir/GenericPartition_5_dwc_6679.sv"]"\
[2026-08-21 13:23:53,241] ## "[file normalize "$origin_dir/GenericPartition_5_dwc_6690.sv"]"\
[2026-08-21 13:23:53,241] ## "[file normalize "$origin_dir/GenericPartition_5_dwc_6753.sv"]"\
[2026-08-21 13:23:53,241] ## "[file normalize "$origin_dir/GenericPartition_5_dwc_6764.sv"]"\
[2026-08-21 13:23:53,241] ## "[file normalize "$origin_dir/GenericPartition_5_dwc_6779.sv"]"\
[2026-08-21 13:23:53,241] ## "[file normalize "$origin_dir/GenericPartition_5_dwc_6790.sv"]"\
[2026-08-21 13:23:53,242] ## "[file normalize "$origin_dir/GenericPartition_5_dwc_6853.sv"]"\
[2026-08-21 13:23:53,242] ## "[file normalize "$origin_dir/GenericPartition_5_dwc_6864.sv"]"\
[2026-08-21 13:23:53,242] ## "[file normalize "$origin_dir/GenericPartition_5_dwc_6879.sv"]"\
[2026-08-21 13:23:53,242] ## "[file normalize "$origin_dir/GenericPartition_5_dwc_6890.sv"]"\
[2026-08-21 13:23:53,242] ## "[file normalize "$origin_dir/GenericPartition_5_dwc_6953.sv"]"\
[2026-08-21 13:23:53,242] ## "[file normalize "$origin_dir/GenericPartition_5_dwc_6964.sv"]"\
[2026-08-21 13:23:53,242] ## "[file normalize "$origin_dir/GenericPartition_5_dwc_6979.sv"]"\
[2026-08-21 13:23:53,242] ## "[file normalize "$origin_dir/GenericPartition_5_dwc_6990.sv"]"\
[2026-08-21 13:23:53,242] ## "[file normalize "$origin_dir/GenericPartition_5_dwc_7053.sv"]"\
[2026-08-21 13:23:53,242] ## "[file normalize "$origin_dir/GenericPartition_5_dwc_7064.sv"]"\
[2026-08-21 13:23:53,242] ## "[file normalize "$origin_dir/GenericPartition_5_dwc_axi.sv"]"\
[2026-08-21 13:23:53,242] ## "[file normalize "$origin_dir/GenericPartition_5_dwc_axi_6589.sv"]"\
[2026-08-21 13:23:53,242] ## "[file normalize "$origin_dir/GenericPartition_5_dwc_axi_6650.sv"]"\
[2026-08-21 13:23:53,242] ## "[file normalize "$origin_dir/GenericPartition_5_dwc_axi_6661.sv"]"\
[2026-08-21 13:23:53,242] ## "[file normalize "$origin_dir/GenericPartition_5_dwc_axi_6678.sv"]"\
[2026-08-21 13:23:53,242] ## "[file normalize "$origin_dir/GenericPartition_5_dwc_axi_6689.sv"]"\
[2026-08-21 13:23:53,242] ## "[file normalize "$origin_dir/GenericPartition_5_dwc_axi_6752.sv"]"\
[2026-08-21 13:23:53,242] ## "[file normalize "$origin_dir/GenericPartition_5_dwc_axi_6763.sv"]"\
[2026-08-21 13:23:53,242] ## "[file normalize "$origin_dir/GenericPartition_5_dwc_axi_6778.sv"]"\
[2026-08-21 13:23:53,242] ## "[file normalize "$origin_dir/GenericPartition_5_dwc_axi_6789.sv"]"\
[2026-08-21 13:23:53,242] ## "[file normalize "$origin_dir/GenericPartition_5_dwc_axi_6852.sv"]"\
[2026-08-21 13:23:53,242] ## "[file normalize "$origin_dir/GenericPartition_5_dwc_axi_6863.sv"]"\
[2026-08-21 13:23:53,242] ## "[file normalize "$origin_dir/GenericPartition_5_dwc_axi_6878.sv"]"\
[2026-08-21 13:23:53,242] ## "[file normalize "$origin_dir/GenericPartition_5_dwc_axi_6889.sv"]"\
[2026-08-21 13:23:53,242] ## "[file normalize "$origin_dir/GenericPartition_5_dwc_axi_6952.sv"]"\
[2026-08-21 13:23:53,242] ## "[file normalize "$origin_dir/GenericPartition_5_dwc_axi_6963.sv"]"\
[2026-08-21 13:23:53,242] ## "[file normalize "$origin_dir/GenericPartition_5_dwc_axi_6978.sv"]"\
[2026-08-21 13:23:53,242] ## "[file normalize "$origin_dir/GenericPartition_5_dwc_axi_6989.sv"]"\
[2026-08-21 13:23:53,242] ## "[file normalize "$origin_dir/GenericPartition_5_dwc_axi_7052.sv"]"\
[2026-08-21 13:23:53,242] ## "[file normalize "$origin_dir/GenericPartition_5_dwc_axi_7063.sv"]"\
[2026-08-21 13:23:53,242] ## "[file normalize "$origin_dir/GenericPartition_5_fmpadding.sv"]"\
[2026-08-21 13:23:53,242] ## "[file normalize "$origin_dir/GenericPartition_5_fmpadding_6656.sv"]"\
[2026-08-21 13:23:53,242] ## "[file normalize "$origin_dir/GenericPartition_5_fmpadding_6684.sv"]"\
[2026-08-21 13:23:53,242] ## "[file normalize "$origin_dir/GenericPartition_5_fmpadding_6758.sv"]"\
[2026-08-21 13:23:53,242] ## "[file normalize "$origin_dir/GenericPartition_5_fmpadding_6784.sv"]"\
[2026-08-21 13:23:53,242] ## "[file normalize "$origin_dir/GenericPartition_5_fmpadding_6858.sv"]"\
[2026-08-21 13:23:53,242] ## "[file normalize "$origin_dir/GenericPartition_5_fmpadding_6884.sv"]"\
[2026-08-21 13:23:53,242] ## "[file normalize "$origin_dir/GenericPartition_5_fmpadding_6958.sv"]"\
[2026-08-21 13:23:53,242] ## "[file normalize "$origin_dir/GenericPartition_5_fmpadding_6984.sv"]"\
[2026-08-21 13:23:53,242] ## "[file normalize "$origin_dir/GenericPartition_5_fmpadding_7058.sv"]"\
[2026-08-21 13:23:53,242] ## "[file normalize "$origin_dir/GenericPartition_5_fmpadding_axi.sv"]"\
[2026-08-21 13:23:53,242] ## "[file normalize "$origin_dir/GenericPartition_5_fmpadding_axi_6655.sv"]"\
[2026-08-21 13:23:53,242] ## "[file normalize "$origin_dir/GenericPartition_5_fmpadding_axi_6683.sv"]"\
[2026-08-21 13:23:53,242] ## "[file normalize "$origin_dir/GenericPartition_5_fmpadding_axi_6757.sv"]"\
[2026-08-21 13:23:53,242] ## "[file normalize "$origin_dir/GenericPartition_5_fmpadding_axi_6783.sv"]"\
[2026-08-21 13:23:53,242] ## "[file normalize "$origin_dir/GenericPartition_5_fmpadding_axi_6857.sv"]"\
[2026-08-21 13:23:53,242] ## "[file normalize "$origin_dir/GenericPartition_5_fmpadding_axi_6883.sv"]"\
[2026-08-21 13:23:53,242] ## "[file normalize "$origin_dir/GenericPartition_5_fmpadding_axi_6957.sv"]"\
[2026-08-21 13:23:53,242] ## "[file normalize "$origin_dir/GenericPartition_5_fmpadding_axi_6983.sv"]"\
[2026-08-21 13:23:53,242] ## "[file normalize "$origin_dir/GenericPartition_5_fmpadding_axi_7057.sv"]"\
[2026-08-21 13:23:53,242] ## "[file normalize "$origin_dir/GenericPartition_5_memstream.sv"]"\
[2026-08-21 13:23:53,242] ## "[file normalize "$origin_dir/GenericPartition_5_memstream_1132.sv"]"\
[2026-08-21 13:23:53,242] ## "[file normalize "$origin_dir/GenericPartition_5_memstream_1421.sv"]"\
[2026-08-21 13:23:53,242] ## "[file normalize "$origin_dir/GenericPartition_5_memstream_1702.sv"]"\
[2026-08-21 13:23:53,242] ## "[file normalize "$origin_dir/GenericPartition_5_memstream_1975.sv"]"\
[2026-08-21 13:23:53,242] ## "[file normalize "$origin_dir/GenericPartition_5_memstream_2269.sv"]"\
[2026-08-21 13:23:53,242] ## "[file normalize "$origin_dir/GenericPartition_5_memstream_2561.sv"]"\
[2026-08-21 13:23:53,242] ## "[file normalize "$origin_dir/GenericPartition_5_memstream_2842.sv"]"\
[2026-08-21 13:23:53,242] ## "[file normalize "$origin_dir/GenericPartition_5_memstream_3115.sv"]"\
[2026-08-21 13:23:53,242] ## "[file normalize "$origin_dir/GenericPartition_5_memstream_3409.sv"]"\
[2026-08-21 13:23:53,242] ## "[file normalize "$origin_dir/GenericPartition_5_memstream_3701.sv"]"\
[2026-08-21 13:23:53,243] ## "[file normalize "$origin_dir/GenericPartition_5_memstream_3982.sv"]"\
[2026-08-21 13:23:53,243] ## "[file normalize "$origin_dir/GenericPartition_5_memstream_4255.sv"]"\
[2026-08-21 13:23:53,243] ## "[file normalize "$origin_dir/GenericPartition_5_memstream_4549.sv"]"\
[2026-08-21 13:23:53,243] ## "[file normalize "$origin_dir/GenericPartition_5_memstream_4841.sv"]"\
[2026-08-21 13:23:53,243] ## "[file normalize "$origin_dir/GenericPartition_5_memstream_5122.sv"]"\
[2026-08-21 13:23:53,243] ## "[file normalize "$origin_dir/GenericPartition_5_memstream_5395.sv"]"\
[2026-08-21 13:23:53,243] ## "[file normalize "$origin_dir/GenericPartition_5_memstream_565.sv"]"\
[2026-08-21 13:23:53,243] ## "[file normalize "$origin_dir/GenericPartition_5_memstream_5689.sv"]"\
[2026-08-21 13:23:53,243] ## "[file normalize "$origin_dir/GenericPartition_5_memstream_5978.sv"]"\
[2026-08-21 13:23:53,243] ## "[file normalize "$origin_dir/GenericPartition_5_memstream_6251.sv"]"\
[2026-08-21 13:23:53,243] ## "[file normalize "$origin_dir/GenericPartition_5_memstream_6547.sv"]"\
[2026-08-21 13:23:53,243] ## "[file normalize "$origin_dir/GenericPartition_5_memstream_838.sv"]"\
[2026-08-21 13:23:53,243] ## "[file normalize "$origin_dir/GenericPartition_5_memstream_axi.sv"]"\
[2026-08-21 13:23:53,243] ## "[file normalize "$origin_dir/GenericPartition_5_memstream_axi_1133.sv"]"\
[2026-08-21 13:23:53,243] ## "[file normalize "$origin_dir/GenericPartition_5_memstream_axi_1422.sv"]"\
[2026-08-21 13:23:53,243] ## "[file normalize "$origin_dir/GenericPartition_5_memstream_axi_1703.sv"]"\
[2026-08-21 13:23:53,243] ## "[file normalize "$origin_dir/GenericPartition_5_memstream_axi_1976.sv"]"\
[2026-08-21 13:23:53,243] ## "[file normalize "$origin_dir/GenericPartition_5_memstream_axi_2270.sv"]"\
[2026-08-21 13:23:53,243] ## "[file normalize "$origin_dir/GenericPartition_5_memstream_axi_2562.sv"]"\
[2026-08-21 13:23:53,243] ## "[file normalize "$origin_dir/GenericPartition_5_memstream_axi_2843.sv"]"\
[2026-08-21 13:23:53,243] ## "[file normalize "$origin_dir/GenericPartition_5_memstream_axi_3116.sv"]"\
[2026-08-21 13:23:53,243] ## "[file normalize "$origin_dir/GenericPartition_5_memstream_axi_3410.sv"]"\
[2026-08-21 13:23:53,243] ## "[file normalize "$origin_dir/GenericPartition_5_memstream_axi_3702.sv"]"\
[2026-08-21 13:23:53,243] ## "[file normalize "$origin_dir/GenericPartition_5_memstream_axi_3983.sv"]"\
[2026-08-21 13:23:53,243] ## "[file normalize "$origin_dir/GenericPartition_5_memstream_axi_4256.sv"]"\
[2026-08-21 13:23:53,243] ## "[file normalize "$origin_dir/GenericPartition_5_memstream_axi_4550.sv"]"\
[2026-08-21 13:23:53,243] ## "[file normalize "$origin_dir/GenericPartition_5_memstream_axi_4842.sv"]"\
[2026-08-21 13:23:53,243] ## "[file normalize "$origin_dir/GenericPartition_5_memstream_axi_5123.sv"]"\
[2026-08-21 13:23:53,243] ## "[file normalize "$origin_dir/GenericPartition_5_memstream_axi_5396.sv"]"\
[2026-08-21 13:23:53,243] ## "[file normalize "$origin_dir/GenericPartition_5_memstream_axi_566.sv"]"\
[2026-08-21 13:23:53,243] ## "[file normalize "$origin_dir/GenericPartition_5_memstream_axi_5690.sv"]"\
[2026-08-21 13:23:53,243] ## "[file normalize "$origin_dir/GenericPartition_5_memstream_axi_5979.sv"]"\
[2026-08-21 13:23:53,243] ## "[file normalize "$origin_dir/GenericPartition_5_memstream_axi_6252.sv"]"\
[2026-08-21 13:23:53,243] ## "[file normalize "$origin_dir/GenericPartition_5_memstream_axi_6548.sv"]"\
[2026-08-21 13:23:53,243] ## "[file normalize "$origin_dir/GenericPartition_5_memstream_axi_839.sv"]"\
[2026-08-21 13:23:53,243] ## "[file normalize "$origin_dir/GenericPartition_5_swg_common.sv"]"\
[2026-08-21 13:23:53,243] ## "[file normalize "$origin_dir/GenericPartition_5_swg_common_6669.sv"]"\
[2026-08-21 13:23:53,243] ## "[file normalize "$origin_dir/GenericPartition_5_swg_common_6697.sv"]"\
[2026-08-21 13:23:53,243] ## "[file normalize "$origin_dir/GenericPartition_5_swg_common_6769.sv"]"\
[2026-08-21 13:23:53,243] ## "[file normalize "$origin_dir/GenericPartition_5_swg_common_6797.sv"]"\
[2026-08-21 13:23:53,243] ## "[file normalize "$origin_dir/GenericPartition_5_swg_common_6869.sv"]"\
[2026-08-21 13:23:53,243] ## "[file normalize "$origin_dir/GenericPartition_5_swg_common_6897.sv"]"\
[2026-08-21 13:23:53,243] ## "[file normalize "$origin_dir/GenericPartition_5_swg_common_6969.sv"]"\
[2026-08-21 13:23:53,243] ## "[file normalize "$origin_dir/GenericPartition_5_swg_common_6997.sv"]"\
[2026-08-21 13:23:53,243] ## "[file normalize "$origin_dir/GenericPartition_5_swg_common_7071.sv"]"\
[2026-08-21 13:23:53,243] ## "[file normalize "$origin_dir/GenericPartition_5_thresholding.sv"]"\
[2026-08-21 13:23:53,243] ## "[file normalize "$origin_dir/GenericPartition_5_thresholding_6567.sv"]"\
[2026-08-21 13:23:53,243] ## "[file normalize "$origin_dir/GenericPartition_5_thresholding_6573.sv"]"\
[2026-08-21 13:23:53,243] ## "[file normalize "$origin_dir/GenericPartition_5_thresholding_6601.sv"]"\
[2026-08-21 13:23:53,243] ## "[file normalize "$origin_dir/GenericPartition_5_thresholding_6609.sv"]"\
[2026-08-21 13:23:53,243] ## "[file normalize "$origin_dir/GenericPartition_5_thresholding_6615.sv"]"\
[2026-08-21 13:23:53,243] ## "[file normalize "$origin_dir/GenericPartition_5_thresholding_6623.sv"]"\
[2026-08-21 13:23:53,243] ## "[file normalize "$origin_dir/GenericPartition_5_thresholding_6629.sv"]"\
[2026-08-21 13:23:53,243] ## "[file normalize "$origin_dir/GenericPartition_5_thresholding_6639.sv"]"\
[2026-08-21 13:23:53,244] ## "[file normalize "$origin_dir/GenericPartition_5_thresholding_6645.sv"]"\
[2026-08-21 13:23:53,244] ## "[file normalize "$origin_dir/GenericPartition_5_thresholding_6673.sv"]"\
[2026-08-21 13:23:53,244] ## "[file normalize "$origin_dir/GenericPartition_5_thresholding_6703.sv"]"\
[2026-08-21 13:23:53,244] ## "[file normalize "$origin_dir/GenericPartition_5_thresholding_6711.sv"]"\
[2026-08-21 13:23:53,244] ## "[file normalize "$origin_dir/GenericPartition_5_thresholding_6717.sv"]"\
[2026-08-21 13:23:53,244] ## "[file normalize "$origin_dir/GenericPartition_5_thresholding_6725.sv"]"\
[2026-08-21 13:23:53,244] ## "[file normalize "$origin_dir/GenericPartition_5_thresholding_6731.sv"]"\
[2026-08-21 13:23:53,244] ## "[file normalize "$origin_dir/GenericPartition_5_thresholding_6741.sv"]"\
[2026-08-21 13:23:53,244] ## "[file normalize "$origin_dir/GenericPartition_5_thresholding_6747.sv"]"\
[2026-08-21 13:23:53,244] ## "[file normalize "$origin_dir/GenericPartition_5_thresholding_6773.sv"]"\
[2026-08-21 13:23:53,244] ## "[file normalize "$origin_dir/GenericPartition_5_thresholding_6803.sv"]"\
[2026-08-21 13:23:53,244] ## "[file normalize "$origin_dir/GenericPartition_5_thresholding_6811.sv"]"\
[2026-08-21 13:23:53,244] ## "[file normalize "$origin_dir/GenericPartition_5_thresholding_6817.sv"]"\
[2026-08-21 13:23:53,244] ## "[file normalize "$origin_dir/GenericPartition_5_thresholding_6825.sv"]"\
[2026-08-21 13:23:53,244] ## "[file normalize "$origin_dir/GenericPartition_5_thresholding_6831.sv"]"\
[2026-08-21 13:23:53,244] ## "[file normalize "$origin_dir/GenericPartition_5_thresholding_6841.sv"]"\
[2026-08-21 13:23:53,244] ## "[file normalize "$origin_dir/GenericPartition_5_thresholding_6847.sv"]"\
[2026-08-21 13:23:53,244] ## "[file normalize "$origin_dir/GenericPartition_5_thresholding_6873.sv"]"\
[2026-08-21 13:23:53,244] ## "[file normalize "$origin_dir/GenericPartition_5_thresholding_6903.sv"]"\
[2026-08-21 13:23:53,244] ## "[file normalize "$origin_dir/GenericPartition_5_thresholding_6911.sv"]"\
[2026-08-21 13:23:53,244] ## "[file normalize "$origin_dir/GenericPartition_5_thresholding_6917.sv"]"\
[2026-08-21 13:23:53,244] ## "[file normalize "$origin_dir/GenericPartition_5_thresholding_6925.sv"]"\
[2026-08-21 13:23:53,244] ## "[file normalize "$origin_dir/GenericPartition_5_thresholding_6931.sv"]"\
[2026-08-21 13:23:53,244] ## "[file normalize "$origin_dir/GenericPartition_5_thresholding_6941.sv"]"\
[2026-08-21 13:23:53,244] ## "[file normalize "$origin_dir/GenericPartition_5_thresholding_6947.sv"]"\
[2026-08-21 13:23:53,244] ## "[file normalize "$origin_dir/GenericPartition_5_thresholding_6973.sv"]"\
[2026-08-21 13:23:53,244] ## "[file normalize "$origin_dir/GenericPartition_5_thresholding_7003.sv"]"\
[2026-08-21 13:23:53,244] ## "[file normalize "$origin_dir/GenericPartition_5_thresholding_7011.sv"]"\
[2026-08-21 13:23:53,244] ## "[file normalize "$origin_dir/GenericPartition_5_thresholding_7017.sv"]"\
[2026-08-21 13:23:53,244] ## "[file normalize "$origin_dir/GenericPartition_5_thresholding_7025.sv"]"\
[2026-08-21 13:23:53,244] ## "[file normalize "$origin_dir/GenericPartition_5_thresholding_7031.sv"]"\
[2026-08-21 13:23:53,244] ## "[file normalize "$origin_dir/GenericPartition_5_thresholding_7041.sv"]"\
[2026-08-21 13:23:53,244] ## "[file normalize "$origin_dir/GenericPartition_5_thresholding_7047.sv"]"\
[2026-08-21 13:23:53,244] ## "[file normalize "$origin_dir/GenericPartition_5_thresholding_7075.sv"]"\
[2026-08-21 13:23:53,244] ## "[file normalize "$origin_dir/GenericPartition_5_thresholding_7083.sv"]"\
[2026-08-21 13:23:53,244] ## "[file normalize "$origin_dir/GenericPartition_5_thresholding_7089.sv"]"\
[2026-08-21 13:23:53,244] ## "[file normalize "$origin_dir/GenericPartition_5_thresholding_7097.sv"]"\
[2026-08-21 13:23:53,244] ## "[file normalize "$origin_dir/GenericPartition_5_thresholding_7107.sv"]"\
[2026-08-21 13:23:53,244] ## "[file normalize "$origin_dir/GenericPartition_5_thresholding_7111.sv"]"\
[2026-08-21 13:23:53,244] ## "[file normalize "$origin_dir/GenericPartition_5_thresholding_axi.sv"]"\
[2026-08-21 13:23:53,244] ## "[file normalize "$origin_dir/GenericPartition_5_thresholding_axi_6568.sv"]"\
[2026-08-21 13:23:53,244] ## "[file normalize "$origin_dir/GenericPartition_5_thresholding_axi_6574.sv"]"\
[2026-08-21 13:23:53,244] ## "[file normalize "$origin_dir/GenericPartition_5_thresholding_axi_6602.sv"]"\
[2026-08-21 13:23:53,244] ## "[file normalize "$origin_dir/GenericPartition_5_thresholding_axi_6610.sv"]"\
[2026-08-21 13:23:53,244] ## "[file normalize "$origin_dir/GenericPartition_5_thresholding_axi_6616.sv"]"\
[2026-08-21 13:23:53,244] ## "[file normalize "$origin_dir/GenericPartition_5_thresholding_axi_6624.sv"]"\
[2026-08-21 13:23:53,244] ## "[file normalize "$origin_dir/GenericPartition_5_thresholding_axi_6630.sv"]"\
[2026-08-21 13:23:53,244] ## "[file normalize "$origin_dir/GenericPartition_5_thresholding_axi_6640.sv"]"\
[2026-08-21 13:23:53,244] ## "[file normalize "$origin_dir/GenericPartition_5_thresholding_axi_6646.sv"]"\
[2026-08-21 13:23:53,244] ## "[file normalize "$origin_dir/GenericPartition_5_thresholding_axi_6674.sv"]"\
[2026-08-21 13:23:53,244] ## "[file normalize "$origin_dir/GenericPartition_5_thresholding_axi_6704.sv"]"\
[2026-08-21 13:23:53,244] ## "[file normalize "$origin_dir/GenericPartition_5_thresholding_axi_6712.sv"]"\
[2026-08-21 13:23:53,244] ## "[file normalize "$origin_dir/GenericPartition_5_thresholding_axi_6718.sv"]"\
[2026-08-21 13:23:53,244] ## "[file normalize "$origin_dir/GenericPartition_5_thresholding_axi_6726.sv"]"\
[2026-08-21 13:23:53,244] ## "[file normalize "$origin_dir/GenericPartition_5_thresholding_axi_6732.sv"]"\
[2026-08-21 13:23:53,244] ## "[file normalize "$origin_dir/GenericPartition_5_thresholding_axi_6742.sv"]"\
[2026-08-21 13:23:53,244] ## "[file normalize "$origin_dir/GenericPartition_5_thresholding_axi_6748.sv"]"\
[2026-08-21 13:23:53,244] ## "[file normalize "$origin_dir/GenericPartition_5_thresholding_axi_6774.sv"]"\
[2026-08-21 13:23:53,244] ## "[file normalize "$origin_dir/GenericPartition_5_thresholding_axi_6804.sv"]"\
[2026-08-21 13:23:53,244] ## "[file normalize "$origin_dir/GenericPartition_5_thresholding_axi_6812.sv"]"\
[2026-08-21 13:23:53,244] ## "[file normalize "$origin_dir/GenericPartition_5_thresholding_axi_6818.sv"]"\
[2026-08-21 13:23:53,245] ## "[file normalize "$origin_dir/GenericPartition_5_thresholding_axi_6826.sv"]"\
[2026-08-21 13:23:53,245] ## "[file normalize "$origin_dir/GenericPartition_5_thresholding_axi_6832.sv"]"\
[2026-08-21 13:23:53,245] ## "[file normalize "$origin_dir/GenericPartition_5_thresholding_axi_6842.sv"]"\
[2026-08-21 13:23:53,245] ## "[file normalize "$origin_dir/GenericPartition_5_thresholding_axi_6848.sv"]"\
[2026-08-21 13:23:53,245] ## "[file normalize "$origin_dir/GenericPartition_5_thresholding_axi_6874.sv"]"\
[2026-08-21 13:23:53,245] ## "[file normalize "$origin_dir/GenericPartition_5_thresholding_axi_6904.sv"]"\
[2026-08-21 13:23:53,245] ## "[file normalize "$origin_dir/GenericPartition_5_thresholding_axi_6912.sv"]"\
[2026-08-21 13:23:53,245] ## "[file normalize "$origin_dir/GenericPartition_5_thresholding_axi_6918.sv"]"\
[2026-08-21 13:23:53,245] ## "[file normalize "$origin_dir/GenericPartition_5_thresholding_axi_6926.sv"]"\
[2026-08-21 13:23:53,245] ## "[file normalize "$origin_dir/GenericPartition_5_thresholding_axi_6932.sv"]"\
[2026-08-21 13:23:53,245] ## "[file normalize "$origin_dir/GenericPartition_5_thresholding_axi_6942.sv"]"\
[2026-08-21 13:23:53,245] ## "[file normalize "$origin_dir/GenericPartition_5_thresholding_axi_6948.sv"]"\
[2026-08-21 13:23:53,245] ## "[file normalize "$origin_dir/GenericPartition_5_thresholding_axi_6974.sv"]"\
[2026-08-21 13:23:53,245] ## "[file normalize "$origin_dir/GenericPartition_5_thresholding_axi_7004.sv"]"\
[2026-08-21 13:23:53,245] ## "[file normalize "$origin_dir/GenericPartition_5_thresholding_axi_7012.sv"]"\
[2026-08-21 13:23:53,245] ## "[file normalize "$origin_dir/GenericPartition_5_thresholding_axi_7018.sv"]"\
[2026-08-21 13:23:53,245] ## "[file normalize "$origin_dir/GenericPartition_5_thresholding_axi_7026.sv"]"\
[2026-08-21 13:23:53,245] ## "[file normalize "$origin_dir/GenericPartition_5_thresholding_axi_7032.sv"]"\
[2026-08-21 13:23:53,245] ## "[file normalize "$origin_dir/GenericPartition_5_thresholding_axi_7042.sv"]"\
[2026-08-21 13:23:53,245] ## "[file normalize "$origin_dir/GenericPartition_5_thresholding_axi_7048.sv"]"\
[2026-08-21 13:23:53,245] ## "[file normalize "$origin_dir/GenericPartition_5_thresholding_axi_7076.sv"]"\
[2026-08-21 13:23:53,245] ## "[file normalize "$origin_dir/GenericPartition_5_thresholding_axi_7084.sv"]"\
[2026-08-21 13:23:53,245] ## "[file normalize "$origin_dir/GenericPartition_5_thresholding_axi_7090.sv"]"\
[2026-08-21 13:23:53,245] ## "[file normalize "$origin_dir/GenericPartition_5_thresholding_axi_7098.sv"]"\
[2026-08-21 13:23:53,245] ## "[file normalize "$origin_dir/GenericPartition_5_thresholding_axi_7108.sv"]"\
[2026-08-21 13:23:53,245] ## "[file normalize "$origin_dir/GenericPartition_5_thresholding_axi_7112.sv"]"\
[2026-08-21 13:23:53,245] ## "[file normalize "$origin_dir/GenericPartition_6_ConvolutionInputGenerator_rtl_0_impl.sv"]"\
[2026-08-21 13:23:53,245] ## "[file normalize "$origin_dir/GenericPartition_6_ConvolutionInputGenerator_rtl_1_impl.sv"]"\
[2026-08-21 13:23:53,245] ## "[file normalize "$origin_dir/GenericPartition_6_ConvolutionInputGenerator_rtl_2_impl.sv"]"\
[2026-08-21 13:23:53,245] ## "[file normalize "$origin_dir/GenericPartition_6_ConvolutionInputGenerator_rtl_3_impl.sv"]"\
[2026-08-21 13:23:53,245] ## "[file normalize "$origin_dir/GenericPartition_6_axi2we.sv"]"\
[2026-08-21 13:23:53,245] ## "[file normalize "$origin_dir/GenericPartition_6_axi2we_1601.sv"]"\
[2026-08-21 13:23:53,245] ## "[file normalize "$origin_dir/GenericPartition_6_axi2we_1673.sv"]"\
[2026-08-21 13:23:53,245] ## "[file normalize "$origin_dir/GenericPartition_6_axi2we_1747.sv"]"\
[2026-08-21 13:23:53,245] ## "[file normalize "$origin_dir/GenericPartition_6_dwc.sv"]"\
[2026-08-21 13:23:53,245] ## "[file normalize "$origin_dir/GenericPartition_6_dwc_1589.sv"]"\
[2026-08-21 13:23:53,245] ## "[file normalize "$origin_dir/GenericPartition_6_dwc_1608.sv"]"\
[2026-08-21 13:23:53,245] ## "[file normalize "$origin_dir/GenericPartition_6_dwc_1611.sv"]"\
[2026-08-21 13:23:53,245] ## "[file normalize "$origin_dir/GenericPartition_6_dwc_1626.sv"]"\
[2026-08-21 13:23:53,245] ## "[file normalize "$origin_dir/GenericPartition_6_dwc_1667.sv"]"\
[2026-08-21 13:23:53,245] ## "[file normalize "$origin_dir/GenericPartition_6_dwc_1678.sv"]"\
[2026-08-21 13:23:53,245] ## "[file normalize "$origin_dir/GenericPartition_6_dwc_1741.sv"]"\
[2026-08-21 13:23:53,245] ## "[file normalize "$origin_dir/GenericPartition_6_dwc_1752.sv"]"\
[2026-08-21 13:23:53,245] ## "[file normalize "$origin_dir/GenericPartition_6_dwc_axi.sv"]"\
[2026-08-21 13:23:53,245] ## "[file normalize "$origin_dir/GenericPartition_6_dwc_axi_1588.sv"]"\
[2026-08-21 13:23:53,245] ## "[file normalize "$origin_dir/GenericPartition_6_dwc_axi_1607.sv"]"\
[2026-08-21 13:23:53,245] ## "[file normalize "$origin_dir/GenericPartition_6_dwc_axi_1610.sv"]"\
[2026-08-21 13:23:53,245] ## "[file normalize "$origin_dir/GenericPartition_6_dwc_axi_1625.sv"]"\
[2026-08-21 13:23:53,245] ## "[file normalize "$origin_dir/GenericPartition_6_dwc_axi_1666.sv"]"\
[2026-08-21 13:23:53,245] ## "[file normalize "$origin_dir/GenericPartition_6_dwc_axi_1677.sv"]"\
[2026-08-21 13:23:53,245] ## "[file normalize "$origin_dir/GenericPartition_6_dwc_axi_1740.sv"]"\
[2026-08-21 13:23:53,245] ## "[file normalize "$origin_dir/GenericPartition_6_dwc_axi_1751.sv"]"\
[2026-08-21 13:23:53,245] ## "[file normalize "$origin_dir/GenericPartition_6_fmpadding.sv"]"\
[2026-08-21 13:23:53,245] ## "[file normalize "$origin_dir/GenericPartition_6_fmpadding_1600.sv"]"\
[2026-08-21 13:23:53,245] ## "[file normalize "$origin_dir/GenericPartition_6_fmpadding_1672.sv"]"\
[2026-08-21 13:23:53,245] ## "[file normalize "$origin_dir/GenericPartition_6_fmpadding_1746.sv"]"\
[2026-08-21 13:23:53,245] ## "[file normalize "$origin_dir/GenericPartition_6_fmpadding_axi.sv"]"\
[2026-08-21 13:23:53,245] ## "[file normalize "$origin_dir/GenericPartition_6_fmpadding_axi_1599.sv"]"\
[2026-08-21 13:23:53,245] ## "[file normalize "$origin_dir/GenericPartition_6_fmpadding_axi_1671.sv"]"\
[2026-08-21 13:23:53,245] ## "[file normalize "$origin_dir/GenericPartition_6_fmpadding_axi_1745.sv"]"\
[2026-08-21 13:23:53,245] ## "[file normalize "$origin_dir/GenericPartition_6_memstream.sv"]"\
[2026-08-21 13:23:53,245] ## "[file normalize "$origin_dir/GenericPartition_6_memstream_1200.sv"]"\
[2026-08-21 13:23:53,245] ## "[file normalize "$origin_dir/GenericPartition_6_memstream_1240.sv"]"\
[2026-08-21 13:23:53,245] ## "[file normalize "$origin_dir/GenericPartition_6_memstream_1272.sv"]"\
[2026-08-21 13:23:53,245] ## "[file normalize "$origin_dir/GenericPartition_6_memstream_1545.sv"]"\
[2026-08-21 13:23:53,245] ## "[file normalize "$origin_dir/GenericPartition_6_memstream_580.sv"]"\
[2026-08-21 13:23:53,246] ## "[file normalize "$origin_dir/GenericPartition_6_memstream_850.sv"]"\
[2026-08-21 13:23:53,246] ## "[file normalize "$origin_dir/GenericPartition_6_memstream_895.sv"]"\
[2026-08-21 13:23:53,246] ## "[file normalize "$origin_dir/GenericPartition_6_memstream_927.sv"]"\
[2026-08-21 13:23:53,246] ## "[file normalize "$origin_dir/GenericPartition_6_memstream_axi.sv"]"\
[2026-08-21 13:23:53,246] ## "[file normalize "$origin_dir/GenericPartition_6_memstream_axi_1201.sv"]"\
[2026-08-21 13:23:53,246] ## "[file normalize "$origin_dir/GenericPartition_6_memstream_axi_1241.sv"]"\
[2026-08-21 13:23:53,246] ## "[file normalize "$origin_dir/GenericPartition_6_memstream_axi_1273.sv"]"\
[2026-08-21 13:23:53,246] ## "[file normalize "$origin_dir/GenericPartition_6_memstream_axi_1546.sv"]"\
[2026-08-21 13:23:53,246] ## "[file normalize "$origin_dir/GenericPartition_6_memstream_axi_581.sv"]"\
[2026-08-21 13:23:53,246] ## "[file normalize "$origin_dir/GenericPartition_6_memstream_axi_851.sv"]"\
[2026-08-21 13:23:53,246] ## "[file normalize "$origin_dir/GenericPartition_6_memstream_axi_896.sv"]"\
[2026-08-21 13:23:53,246] ## "[file normalize "$origin_dir/GenericPartition_6_memstream_axi_928.sv"]"\
[2026-08-21 13:23:53,246] ## "[file normalize "$origin_dir/GenericPartition_6_swg_common.sv"]"\
[2026-08-21 13:23:53,246] ## "[file normalize "$origin_dir/GenericPartition_6_swg_common_1622.sv"]"\
[2026-08-21 13:23:53,246] ## "[file normalize "$origin_dir/GenericPartition_6_swg_common_1685.sv"]"\
[2026-08-21 13:23:53,246] ## "[file normalize "$origin_dir/GenericPartition_6_swg_common_1759.sv"]"\
[2026-08-21 13:23:53,246] ## "[file normalize "$origin_dir/GenericPartition_6_thresholding.sv"]"\
[2026-08-21 13:23:53,246] ## "[file normalize "$origin_dir/GenericPartition_6_thresholding_1637.sv"]"\
[2026-08-21 13:23:53,246] ## "[file normalize "$origin_dir/GenericPartition_6_thresholding_1645.sv"]"\
[2026-08-21 13:23:53,246] ## "[file normalize "$origin_dir/GenericPartition_6_thresholding_1655.sv"]"\
[2026-08-21 13:23:53,246] ## "[file normalize "$origin_dir/GenericPartition_6_thresholding_1661.sv"]"\
[2026-08-21 13:23:53,246] ## "[file normalize "$origin_dir/GenericPartition_6_thresholding_1691.sv"]"\
[2026-08-21 13:23:53,246] ## "[file normalize "$origin_dir/GenericPartition_6_thresholding_1699.sv"]"\
[2026-08-21 13:23:53,246] ## "[file normalize "$origin_dir/GenericPartition_6_thresholding_1705.sv"]"\
[2026-08-21 13:23:53,246] ## "[file normalize "$origin_dir/GenericPartition_6_thresholding_1713.sv"]"\
[2026-08-21 13:23:53,246] ## "[file normalize "$origin_dir/GenericPartition_6_thresholding_1719.sv"]"\
[2026-08-21 13:23:53,246] ## "[file normalize "$origin_dir/GenericPartition_6_thresholding_1729.sv"]"\
[2026-08-21 13:23:53,246] ## "[file normalize "$origin_dir/GenericPartition_6_thresholding_1735.sv"]"\
[2026-08-21 13:23:53,246] ## "[file normalize "$origin_dir/GenericPartition_6_thresholding_1765.sv"]"\
[2026-08-21 13:23:53,246] ## "[file normalize "$origin_dir/GenericPartition_6_thresholding_1773.sv"]"\
[2026-08-21 13:23:53,246] ## "[file normalize "$origin_dir/GenericPartition_6_thresholding_1779.sv"]"\
[2026-08-21 13:23:53,246] ## "[file normalize "$origin_dir/GenericPartition_6_thresholding_1787.sv"]"\
[2026-08-21 13:23:53,246] ## "[file normalize "$origin_dir/GenericPartition_6_thresholding_1797.sv"]"\
[2026-08-21 13:23:53,246] ## "[file normalize "$origin_dir/GenericPartition_6_thresholding_1801.sv"]"\
[2026-08-21 13:23:53,246] ## "[file normalize "$origin_dir/GenericPartition_6_thresholding_axi.sv"]"\
[2026-08-21 13:23:53,246] ## "[file normalize "$origin_dir/GenericPartition_6_thresholding_axi_1638.sv"]"\
[2026-08-21 13:23:53,246] ## "[file normalize "$origin_dir/GenericPartition_6_thresholding_axi_1646.sv"]"\
[2026-08-21 13:23:53,246] ## "[file normalize "$origin_dir/GenericPartition_6_thresholding_axi_1656.sv"]"\
[2026-08-21 13:23:53,246] ## "[file normalize "$origin_dir/GenericPartition_6_thresholding_axi_1662.sv"]"\
[2026-08-21 13:23:53,246] ## "[file normalize "$origin_dir/GenericPartition_6_thresholding_axi_1692.sv"]"\
[2026-08-21 13:23:53,246] ## "[file normalize "$origin_dir/GenericPartition_6_thresholding_axi_1700.sv"]"\
[2026-08-21 13:23:53,246] ## "[file normalize "$origin_dir/GenericPartition_6_thresholding_axi_1706.sv"]"\
[2026-08-21 13:23:53,246] ## "[file normalize "$origin_dir/GenericPartition_6_thresholding_axi_1714.sv"]"\
[2026-08-21 13:23:53,246] ## "[file normalize "$origin_dir/GenericPartition_6_thresholding_axi_1720.sv"]"\
[2026-08-21 13:23:53,246] ## "[file normalize "$origin_dir/GenericPartition_6_thresholding_axi_1730.sv"]"\
[2026-08-21 13:23:53,246] ## "[file normalize "$origin_dir/GenericPartition_6_thresholding_axi_1736.sv"]"\
[2026-08-21 13:23:53,246] ## "[file normalize "$origin_dir/GenericPartition_6_thresholding_axi_1766.sv"]"\
[2026-08-21 13:23:53,246] ## "[file normalize "$origin_dir/GenericPartition_6_thresholding_axi_1774.sv"]"\
[2026-08-21 13:23:53,246] ## "[file normalize "$origin_dir/GenericPartition_6_thresholding_axi_1780.sv"]"\
[2026-08-21 13:23:53,246] ## "[file normalize "$origin_dir/GenericPartition_6_thresholding_axi_1788.sv"]"\
[2026-08-21 13:23:53,246] ## "[file normalize "$origin_dir/GenericPartition_6_thresholding_axi_1798.sv"]"\
[2026-08-21 13:23:53,246] ## "[file normalize "$origin_dir/GenericPartition_6_thresholding_axi_1802.sv"]"\
[2026-08-21 13:23:53,246] ## "[file normalize "$origin_dir/GenericPartition_7_ConvolutionInputGenerator_rtl_0_impl.sv"]"\
[2026-08-21 13:23:53,246] ## "[file normalize "$origin_dir/GenericPartition_7_ConvolutionInputGenerator_rtl_1_impl.sv"]"\
[2026-08-21 13:23:53,246] ## "[file normalize "$origin_dir/GenericPartition_7_ConvolutionInputGenerator_rtl_2_impl.sv"]"\
[2026-08-21 13:23:53,246] ## "[file normalize "$origin_dir/GenericPartition_7_ConvolutionInputGenerator_rtl_3_impl.sv"]"\
[2026-08-21 13:23:53,246] ## "[file normalize "$origin_dir/GenericPartition_7_axi2we.sv"]"\
[2026-08-21 13:23:53,246] ## "[file normalize "$origin_dir/GenericPartition_7_axi2we_271.sv"]"\
[2026-08-21 13:23:53,246] ## "[file normalize "$origin_dir/GenericPartition_7_axi2we_334.sv"]"\
[2026-08-21 13:23:53,246] ## "[file normalize "$origin_dir/GenericPartition_7_axi2we_399.sv"]"\
[2026-08-21 13:23:53,246] ## "[file normalize "$origin_dir/GenericPartition_7_dwc.sv"]"\
[2026-08-21 13:23:53,246] ## "[file normalize "$origin_dir/GenericPartition_7_dwc_256.sv"]"\
[2026-08-21 13:23:53,246] ## "[file normalize "$origin_dir/GenericPartition_7_dwc_267.sv"]"\
[2026-08-21 13:23:53,246] ## "[file normalize "$origin_dir/GenericPartition_7_dwc_276.sv"]"\
[2026-08-21 13:23:53,246] ## "[file normalize "$origin_dir/GenericPartition_7_dwc_393.sv"]"\
[2026-08-21 13:23:53,246] ## "[file normalize "$origin_dir/GenericPartition_7_dwc_404.sv"]"\
[2026-08-21 13:23:53,246] ## "[file normalize "$origin_dir/GenericPartition_7_dwc_axi.sv"]"\
[2026-08-21 13:23:53,246] ## "[file normalize "$origin_dir/GenericPartition_7_dwc_axi_255.sv"]"\
[2026-08-21 13:23:53,246] ## "[file normalize "$origin_dir/GenericPartition_7_dwc_axi_266.sv"]"\
[2026-08-21 13:23:53,246] ## "[file normalize "$origin_dir/GenericPartition_7_dwc_axi_275.sv"]"\
[2026-08-21 13:23:53,246] ## "[file normalize "$origin_dir/GenericPartition_7_dwc_axi_392.sv"]"\
[2026-08-21 13:23:53,247] ## "[file normalize "$origin_dir/GenericPartition_7_dwc_axi_403.sv"]"\
[2026-08-21 13:23:53,247] ## "[file normalize "$origin_dir/GenericPartition_7_fmpadding.sv"]"\
[2026-08-21 13:23:53,247] ## "[file normalize "$origin_dir/GenericPartition_7_fmpadding_270.sv"]"\
[2026-08-21 13:23:53,247] ## "[file normalize "$origin_dir/GenericPartition_7_fmpadding_333.sv"]"\
[2026-08-21 13:23:53,247] ## "[file normalize "$origin_dir/GenericPartition_7_fmpadding_398.sv"]"\
[2026-08-21 13:23:53,247] ## "[file normalize "$origin_dir/GenericPartition_7_fmpadding_axi.sv"]"\
[2026-08-21 13:23:53,247] ## "[file normalize "$origin_dir/GenericPartition_7_fmpadding_axi_269.sv"]"\
[2026-08-21 13:23:53,247] ## "[file normalize "$origin_dir/GenericPartition_7_fmpadding_axi_332.sv"]"\
[2026-08-21 13:23:53,247] ## "[file normalize "$origin_dir/GenericPartition_7_fmpadding_axi_397.sv"]"\
[2026-08-21 13:23:53,247] ## "[file normalize "$origin_dir/GenericPartition_7_memstream.sv"]"\
[2026-08-21 13:23:53,247] ## "[file normalize "$origin_dir/GenericPartition_7_memstream_105.sv"]"\
[2026-08-21 13:23:53,247] ## "[file normalize "$origin_dir/GenericPartition_7_memstream_139.sv"]"\
[2026-08-21 13:23:53,247] ## "[file normalize "$origin_dir/GenericPartition_7_memstream_162.sv"]"\
[2026-08-21 13:23:53,247] ## "[file normalize "$origin_dir/GenericPartition_7_memstream_180.sv"]"\
[2026-08-21 13:23:53,247] ## "[file normalize "$origin_dir/GenericPartition_7_memstream_233.sv"]"\
[2026-08-21 13:23:53,247] ## "[file normalize "$origin_dir/GenericPartition_7_memstream_64.sv"]"\
[2026-08-21 13:23:53,247] ## "[file normalize "$origin_dir/GenericPartition_7_memstream_87.sv"]"\
[2026-08-21 13:23:53,247] ## "[file normalize "$origin_dir/GenericPartition_7_memstream_axi.sv"]"\
[2026-08-21 13:23:53,247] ## "[file normalize "$origin_dir/GenericPartition_7_memstream_axi_106.sv"]"\
[2026-08-21 13:23:53,247] ## "[file normalize "$origin_dir/GenericPartition_7_memstream_axi_140.sv"]"\
[2026-08-21 13:23:53,247] ## "[file normalize "$origin_dir/GenericPartition_7_memstream_axi_163.sv"]"\
[2026-08-21 13:23:53,247] ## "[file normalize "$origin_dir/GenericPartition_7_memstream_axi_181.sv"]"\
[2026-08-21 13:23:53,247] ## "[file normalize "$origin_dir/GenericPartition_7_memstream_axi_234.sv"]"\
[2026-08-21 13:23:53,247] ## "[file normalize "$origin_dir/GenericPartition_7_memstream_axi_65.sv"]"\
[2026-08-21 13:23:53,247] ## "[file normalize "$origin_dir/GenericPartition_7_memstream_axi_88.sv"]"\
[2026-08-21 13:23:53,247] ## "[file normalize "$origin_dir/GenericPartition_7_mvu_4sx4u.sv"]"\
[2026-08-21 13:23:53,247] ## "[file normalize "$origin_dir/GenericPartition_7_mvu_8sx8u_dsp48.sv"]"\
[2026-08-21 13:23:53,247] ## "[file normalize "$origin_dir/GenericPartition_7_mvu_vvu_8sx9_dsp58.sv"]"\
[2026-08-21 13:23:53,247] ## "[file normalize "$origin_dir/GenericPartition_7_mvu_vvu_axi.sv"]"\
[2026-08-21 13:23:53,247] ## "[file normalize "$origin_dir/GenericPartition_7_replay_buffer.sv"]"\
[2026-08-21 13:23:53,247] ## "[file normalize "$origin_dir/GenericPartition_7_swg_common.sv"]"\
[2026-08-21 13:23:53,247] ## "[file normalize "$origin_dir/GenericPartition_7_swg_common_287.sv"]"\
[2026-08-21 13:23:53,247] ## "[file normalize "$origin_dir/GenericPartition_7_swg_common_341.sv"]"\
[2026-08-21 13:23:53,247] ## "[file normalize "$origin_dir/GenericPartition_7_swg_common_409.sv"]"\
[2026-08-21 13:23:53,247] ## "[file normalize "$origin_dir/GenericPartition_7_thresholding.sv"]"\
[2026-08-21 13:23:53,247] ## "[file normalize "$origin_dir/GenericPartition_7_thresholding_301.sv"]"\
[2026-08-21 13:23:53,247] ## "[file normalize "$origin_dir/GenericPartition_7_thresholding_309.sv"]"\
[2026-08-21 13:23:53,247] ## "[file normalize "$origin_dir/GenericPartition_7_thresholding_319.sv"]"\
[2026-08-21 13:23:53,247] ## "[file normalize "$origin_dir/GenericPartition_7_thresholding_327.sv"]"\
[2026-08-21 13:23:53,247] ## "[file normalize "$origin_dir/GenericPartition_7_thresholding_347.sv"]"\
[2026-08-21 13:23:53,247] ## "[file normalize "$origin_dir/GenericPartition_7_thresholding_355.sv"]"\
[2026-08-21 13:23:53,247] ## "[file normalize "$origin_dir/GenericPartition_7_thresholding_361.sv"]"\
[2026-08-21 13:23:53,247] ## "[file normalize "$origin_dir/GenericPartition_7_thresholding_369.sv"]"\
[2026-08-21 13:23:53,247] ## "[file normalize "$origin_dir/GenericPartition_7_thresholding_379.sv"]"\
[2026-08-21 13:23:53,247] ## "[file normalize "$origin_dir/GenericPartition_7_thresholding_383.sv"]"\
[2026-08-21 13:23:53,247] ## "[file normalize "$origin_dir/GenericPartition_7_thresholding_axi.sv"]"\
[2026-08-21 13:23:53,247] ## "[file normalize "$origin_dir/GenericPartition_7_thresholding_axi_302.sv"]"\
[2026-08-21 13:23:53,247] ## "[file normalize "$origin_dir/GenericPartition_7_thresholding_axi_310.sv"]"\
[2026-08-21 13:23:53,247] ## "[file normalize "$origin_dir/GenericPartition_7_thresholding_axi_320.sv"]"\
[2026-08-21 13:23:53,247] ## "[file normalize "$origin_dir/GenericPartition_7_thresholding_axi_328.sv"]"\
[2026-08-21 13:23:53,247] ## "[file normalize "$origin_dir/GenericPartition_7_thresholding_axi_348.sv"]"\
[2026-08-21 13:23:53,247] ## "[file normalize "$origin_dir/GenericPartition_7_thresholding_axi_356.sv"]"\
[2026-08-21 13:23:53,247] ## "[file normalize "$origin_dir/GenericPartition_7_thresholding_axi_362.sv"]"\
[2026-08-21 13:23:53,247] ## "[file normalize "$origin_dir/GenericPartition_7_thresholding_axi_370.sv"]"\
[2026-08-21 13:23:53,247] ## "[file normalize "$origin_dir/GenericPartition_7_thresholding_axi_380.sv"]"\
[2026-08-21 13:23:53,247] ## "[file normalize "$origin_dir/GenericPartition_7_thresholding_axi_384.sv"]"\
[2026-08-21 13:23:53,247] ## "[file normalize "$origin_dir/dummy_sv_file.sv"]"\
[2026-08-21 13:23:53,247] ## "[file normalize "$origin_dir/dummy_vhdl_file.vhd"]"\
[2026-08-21 13:23:53,247] ## ]
[2026-08-21 13:23:53,247] ## add_files -norecurse -fileset $obj $files
[2026-08-21 13:23:53,247] # add_files -norecurse -fileset $obj $files
[2026-08-21 13:23:53,247] WARNING: [filemgmt 56-12] File '/tmp/finn_dev_thelegendiv/synth_out_of_context_fpwc_pbs/results_finn_design_wrapper/dummy_nachiket_fooling_zsh_for_loops.h' cannot be added to the project because it already exists in the project, skipping this file
[2026-08-21 13:23:53,247] WARNING: [filemgmt 56-12] File '/tmp/finn_dev_thelegendiv/synth_out_of_context_fpwc_pbs/results_finn_design_wrapper/0_swg_pkg.sv' cannot be added to the project because it already exists in the project, skipping this file
[2026-08-21 13:23:53,247] WARNING: [filemgmt 56-12] File '/tmp/finn_dev_thelegendiv/synth_out_of_context_fpwc_pbs/results_finn_design_wrapper/GenericPartition_0_ConvolutionInputGenerator_rtl_0_impl.sv' cannot be added to the project because it already exists in the project, skipping this file
[2026-08-21 13:23:53,247] WARNING: [filemgmt 56-12] File '/tmp/finn_dev_thelegendiv/synth_out_of_context_fpwc_pbs/results_finn_design_wrapper/GenericPartition_0_ConvolutionInputGenerator_rtl_1_impl.sv' cannot be added to the project because it already exists in the project, skipping this file
[2026-08-21 13:23:53,247] WARNING: [filemgmt 56-12] File '/tmp/finn_dev_thelegendiv/synth_out_of_context_fpwc_pbs/results_finn_design_wrapper/GenericPartition_0_axi2we.sv' cannot be added to the project because it already exists in the project, skipping this file
[2026-08-21 13:23:53,247] WARNING: [filemgmt 56-12] File '/tmp/finn_dev_thelegendiv/synth_out_of_context_fpwc_pbs/results_finn_design_wrapper/GenericPartition_0_fmpadding.sv' cannot be added to the project because it already exists in the project, skipping this file
[2026-08-21 13:23:53,247] WARNING: [filemgmt 56-12] File '/tmp/finn_dev_thelegendiv/synth_out_of_context_fpwc_pbs/results_finn_design_wrapper/GenericPartition_0_fmpadding_axi.sv' cannot be added to the project because it already exists in the project, skipping this file
[2026-08-21 13:23:53,247] WARNING: [filemgmt 56-12] File '/tmp/finn_dev_thelegendiv/synth_out_of_context_fpwc_pbs/results_finn_design_wrapper/GenericPartition_0_memstream.sv' cannot be added to the project because it already exists in the project, skipping this file
[2026-08-21 13:23:53,247] WARNING: [filemgmt 56-12] File '/tmp/finn_dev_thelegendiv/synth_out_of_context_fpwc_pbs/results_finn_design_wrapper/GenericPartition_0_memstream_axi.sv' cannot be added to the project because it already exists in the project, skipping this file
[2026-08-21 13:23:53,247] WARNING: [filemgmt 56-12] File '/tmp/finn_dev_thelegendiv/synth_out_of_context_fpwc_pbs/results_finn_design_wrapper/GenericPartition_0_swg_common.sv' cannot be added to the project because it already exists in the project, skipping this file
[2026-08-21 13:23:53,248] WARNING: [filemgmt 56-12] File '/tmp/finn_dev_thelegendiv/synth_out_of_context_fpwc_pbs/results_finn_design_wrapper/GenericPartition_0_swg_common_54.sv' cannot be added to the project because it already exists in the project, skipping this file
[2026-08-21 13:23:53,248] WARNING: [filemgmt 56-12] File '/tmp/finn_dev_thelegendiv/synth_out_of_context_fpwc_pbs/results_finn_design_wrapper/GenericPartition_0_thresholding.sv' cannot be added to the project because it already exists in the project, skipping this file
[2026-08-21 13:23:53,248] WARNING: [filemgmt 56-12] File '/tmp/finn_dev_thelegendiv/synth_out_of_context_fpwc_pbs/results_finn_design_wrapper/GenericPartition_0_thresholding_axi.sv' cannot be added to the project because it already exists in the project, skipping this file
[2026-08-21 13:23:53,248] WARNING: [filemgmt 56-12] File '/tmp/finn_dev_thelegendiv/synth_out_of_context_fpwc_pbs/results_finn_design_wrapper/GenericPartition_1_ConvolutionInputGenerator_rtl_0_impl.sv' cannot be added to the project because it already exists in the project, skipping this file
[2026-08-21 13:23:53,248] WARNING: [filemgmt 56-12] File '/tmp/finn_dev_thelegendiv/synth_out_of_context_fpwc_pbs/results_finn_design_wrapper/GenericPartition_1_ConvolutionInputGenerator_rtl_1_impl.sv' cannot be added to the project because it already exists in the project, skipping this file
[2026-08-21 13:23:53,248] WARNING: [filemgmt 56-12] File '/tmp/finn_dev_thelegendiv/synth_out_of_context_fpwc_pbs/results_finn_design_wrapper/GenericPartition_1_ConvolutionInputGenerator_rtl_2_impl.sv' cannot be added to the project because it already exists in the project, skipping this file
[2026-08-21 13:23:53,248] WARNING: [filemgmt 56-12] File '/tmp/finn_dev_thelegendiv/synth_out_of_context_fpwc_pbs/results_finn_design_wrapper/GenericPartition_1_ConvolutionInputGenerator_rtl_3_impl.sv' cannot be added to the project because it already exists in the project, skipping this file
[2026-08-21 13:23:53,248] WARNING: [filemgmt 56-12] File '/tmp/finn_dev_thelegendiv/synth_out_of_context_fpwc_pbs/results_finn_design_wrapper/GenericPartition_1_ConvolutionInputGenerator_rtl_4_impl.sv' cannot be added to the project because it already exists in the project, skipping this file
[2026-08-21 13:23:53,248] WARNING: [filemgmt 56-12] File '/tmp/finn_dev_thelegendiv/synth_out_of_context_fpwc_pbs/results_finn_design_wrapper/GenericPartition_1_ConvolutionInputGenerator_rtl_5_impl.sv' cannot be added to the project because it already exists in the project, skipping this file
[2026-08-21 13:23:53,248] WARNING: [filemgmt 56-12] File '/tmp/finn_dev_thelegendiv/synth_out_of_context_fpwc_pbs/results_finn_design_wrapper/GenericPartition_1_axi2we.sv' cannot be added to the project because it already exists in the project, skipping this file
[2026-08-21 13:23:53,248] WARNING: [filemgmt 56-12] File '/tmp/finn_dev_thelegendiv/synth_out_of_context_fpwc_pbs/results_finn_design_wrapper/GenericPartition_1_axi2we_2151.sv' cannot be added to the project because it already exists in the project, skipping this file
[2026-08-21 13:23:53,248] WARNING: [filemgmt 56-12] File '/tmp/finn_dev_thelegendiv/synth_out_of_context_fpwc_pbs/results_finn_design_wrapper/GenericPartition_1_axi2we_2223.sv' cannot be added to the project because it already exists in the project, skipping this file
[2026-08-21 13:23:53,248] WARNING: [filemgmt 56-12] File '/tmp/finn_dev_thelegendiv/synth_out_of_context_fpwc_pbs/results_finn_design_wrapper/GenericPartition_1_axi2we_2295.sv' cannot be added to the project because it already exists in the project, skipping this file
[2026-08-21 13:23:53,248] WARNING: [filemgmt 56-12] File '/tmp/finn_dev_thelegendiv/synth_out_of_context_fpwc_pbs/results_finn_design_wrapper/GenericPartition_1_axi2we_2367.sv' cannot be added to the project because it already exists in the project, skipping this file
[2026-08-21 13:23:53,248] WARNING: [filemgmt 56-12] File '/tmp/finn_dev_thelegendiv/synth_out_of_context_fpwc_pbs/results_finn_design_wrapper/GenericPartition_1_dwc.sv' cannot be added to the project because it already exists in the project, skipping this file
[2026-08-21 13:23:53,248] WARNING: [filemgmt 56-12] File '/tmp/finn_dev_thelegendiv/synth_out_of_context_fpwc_pbs/results_finn_design_wrapper/GenericPartition_1_dwc_2063.sv' cannot be added to the project because it already exists in the project, skipping this file
[2026-08-21 13:23:53,248] WARNING: [filemgmt 56-12] File '/tmp/finn_dev_thelegendiv/synth_out_of_context_fpwc_pbs/results_finn_design_wrapper/GenericPartition_1_dwc_2080.sv' cannot be added to the project because it already exists in the project, skipping this file
[2026-08-21 13:23:53,248] WARNING: [filemgmt 56-12] File '/tmp/finn_dev_thelegendiv/synth_out_of_context_fpwc_pbs/results_finn_design_wrapper/GenericPartition_1_dwc_2145.sv' cannot be added to the project because it already exists in the project, skipping this file
[2026-08-21 13:23:53,248] WARNING: [filemgmt 56-12] File '/tmp/finn_dev_thelegendiv/synth_out_of_context_fpwc_pbs/results_finn_design_wrapper/GenericPartition_1_dwc_2156.sv' cannot be added to the project because it already exists in the project, skipping this file
[2026-08-21 13:23:53,248] WARNING: [filemgmt 56-12] File '/tmp/finn_dev_thelegendiv/synth_out_of_context_fpwc_pbs/results_finn_design_wrapper/GenericPartition_1_dwc_2217.sv' cannot be added to the project because it already exists in the project, skipping this file
[2026-08-21 13:23:53,248] WARNING: [filemgmt 56-12] File '/tmp/finn_dev_thelegendiv/synth_out_of_context_fpwc_pbs/results_finn_design_wrapper/GenericPartition_1_dwc_2228.sv' cannot be added to the project because it already exists in the project, skipping this file
[2026-08-21 13:23:53,248] WARNING: [filemgmt 56-12] File '/tmp/finn_dev_thelegendiv/synth_out_of_context_fpwc_pbs/results_finn_design_wrapper/GenericPartition_1_dwc_2289.sv' cannot be added to the project because it already exists in the project, skipping this file
[2026-08-21 13:23:53,248] WARNING: [filemgmt 56-12] File '/tmp/finn_dev_thelegendiv/synth_out_of_context_fpwc_pbs/results_finn_design_wrapper/GenericPartition_1_dwc_2300.sv' cannot be added to the project because it already exists in the project, skipping this file
[2026-08-21 13:23:53,248] WARNING: [filemgmt 56-12] File '/tmp/finn_dev_thelegendiv/synth_out_of_context_fpwc_pbs/results_finn_design_wrapper/GenericPartition_1_dwc_2361.sv' cannot be added to the project because it already exists in the project, skipping this file
[2026-08-21 13:23:53,248] WARNING: [filemgmt 56-12] File '/tmp/finn_dev_thelegendiv/synth_out_of_context_fpwc_pbs/results_finn_design_wrapper/GenericPartition_1_dwc_2372.sv' cannot be added to the project because it already exists in the project, skipping this file
[2026-08-21 13:23:53,248] WARNING: [filemgmt 56-12] File '/tmp/finn_dev_thelegendiv/synth_out_of_context_fpwc_pbs/results_finn_design_wrapper/GenericPartition_1_dwc_axi.sv' cannot be added to the project because it already exists in the project, skipping this file
[2026-08-21 13:23:53,248] WARNING: [filemgmt 56-12] File '/tmp/finn_dev_thelegendiv/synth_out_of_context_fpwc_pbs/results_finn_design_wrapper/GenericPartition_1_dwc_axi_2062.sv' cannot be added to the project because it already exists in the project, skipping this file
[2026-08-21 13:23:53,248] WARNING: [filemgmt 56-12] File '/tmp/finn_dev_thelegendiv/synth_out_of_context_fpwc_pbs/results_finn_design_wrapper/GenericPartition_1_dwc_axi_2079.sv' cannot be added to the project because it already exists in the project, skipping this file
[2026-08-21 13:23:53,248] WARNING: [filemgmt 56-12] File '/tmp/finn_dev_thelegendiv/synth_out_of_context_fpwc_pbs/results_finn_design_wrapper/GenericPartition_1_dwc_axi_2144.sv' cannot be added to the project because it already exists in the project, skipping this file
[2026-08-21 13:23:53,248] WARNING: [filemgmt 56-12] File '/tmp/finn_dev_thelegendiv/synth_out_of_context_fpwc_pbs/results_finn_design_wrapper/GenericPartition_1_dwc_axi_2155.sv' cannot be added to the project because it already exists in the project, skipping this file
[2026-08-21 13:23:53,248] WARNING: [filemgmt 56-12] File '/tmp/finn_dev_thelegendiv/synth_out_of_context_fpwc_pbs/results_finn_design_wrapper/GenericPartition_1_dwc_axi_2216.sv' cannot be added to the project because it already exists in the project, skipping this file
[2026-08-21 13:23:53,248] WARNING: [filemgmt 56-12] File '/tmp/finn_dev_thelegendiv/synth_out_of_context_fpwc_pbs/results_finn_design_wrapper/GenericPartition_1_dwc_axi_2227.sv' cannot be added to the project because it already exists in the project, skipping this file
[2026-08-21 13:23:53,248] WARNING: [filemgmt 56-12] File '/tmp/finn_dev_thelegendiv/synth_out_of_context_fpwc_pbs/results_finn_design_wrapper/GenericPartition_1_dwc_axi_2288.sv' cannot be added to the project because it already exists in the project, skipping this file
[2026-08-21 13:23:53,248] WARNING: [filemgmt 56-12] File '/tmp/finn_dev_thelegendiv/synth_out_of_context_fpwc_pbs/results_finn_design_wrapper/GenericPartition_1_dwc_axi_2299.sv' cannot be added to the project because it already exists in the project, skipping this file
[2026-08-21 13:23:53,248] WARNING: [filemgmt 56-12] File '/tmp/finn_dev_thelegendiv/synth_out_of_context_fpwc_pbs/results_finn_design_wrapper/GenericPartition_1_dwc_axi_2360.sv' cannot be added to the project because it already exists in the project, skipping this file
[2026-08-21 13:23:53,248] WARNING: [filemgmt 56-12] File '/tmp/finn_dev_thelegendiv/synth_out_of_context_fpwc_pbs/results_finn_design_wrapper/GenericPartition_1_dwc_axi_2371.sv' cannot be added to the project because it already exists in the project, skipping this file
[2026-08-21 13:23:53,248] WARNING: [filemgmt 56-12] File '/tmp/finn_dev_thelegendiv/synth_out_of_context_fpwc_pbs/results_finn_design_wrapper/GenericPartition_1_fmpadding.sv' cannot be added to the project because it already exists in the project, skipping this file
[2026-08-21 13:23:53,248] WARNING: [filemgmt 56-12] File '/tmp/finn_dev_thelegendiv/synth_out_of_context_fpwc_pbs/results_finn_design_wrapper/GenericPartition_1_fmpadding_2150.sv' cannot be added to the project because it already exists in the project, skipping this file
[2026-08-21 13:23:53,248] WARNING: [filemgmt 56-12] File '/tmp/finn_dev_thelegendiv/synth_out_of_context_fpwc_pbs/results_finn_design_wrapper/GenericPartition_1_fmpadding_2222.sv' cannot be added to the project because it already exists in the project, skipping this file
[2026-08-21 13:23:53,248] WARNING: [filemgmt 56-12] File '/tmp/finn_dev_thelegendiv/synth_out_of_context_fpwc_pbs/results_finn_design_wrapper/GenericPartition_1_fmpadding_2294.sv' cannot be added to the project because it already exists in the project, skipping this file
[2026-08-21 13:23:53,248] WARNING: [filemgmt 56-12] File '/tmp/finn_dev_thelegendiv/synth_out_of_context_fpwc_pbs/results_finn_design_wrapper/GenericPartition_1_fmpadding_2366.sv' cannot be added to the project because it already exists in the project, skipping this file
[2026-08-21 13:23:53,248] WARNING: [filemgmt 56-12] File '/tmp/finn_dev_thelegendiv/synth_out_of_context_fpwc_pbs/results_finn_design_wrapper/GenericPartition_1_fmpadding_axi.sv' cannot be added to the project because it already exists in the project, skipping this file
[2026-08-21 13:23:53,248] WARNING: [filemgmt 56-12] File '/tmp/finn_dev_thelegendiv/synth_out_of_context_fpwc_pbs/results_finn_design_wrapper/GenericPartition_1_fmpadding_axi_2149.sv' cannot be added to the project because it already exists in the project, skipping this file
[2026-08-21 13:23:53,248] WARNING: [filemgmt 56-12] File '/tmp/finn_dev_thelegendiv/synth_out_of_context_fpwc_pbs/results_finn_design_wrapper/GenericPartition_1_fmpadding_axi_2221.sv' cannot be added to the project because it already exists in the project, skipping this file
[2026-08-21 13:23:53,248] WARNING: [filemgmt 56-12] File '/tmp/finn_dev_thelegendiv/synth_out_of_context_fpwc_pbs/results_finn_design_wrapper/GenericPartition_1_fmpadding_axi_2293.sv' cannot be added to the project because it already exists in the project, skipping this file
[2026-08-21 13:23:53,248] WARNING: [filemgmt 56-12] File '/tmp/finn_dev_thelegendiv/synth_out_of_context_fpwc_pbs/results_finn_design_wrapper/GenericPartition_1_fmpadding_axi_2365.sv' cannot be added to the project because it already exists in the project, skipping this file
[2026-08-21 13:23:53,248] WARNING: [filemgmt 56-12] File '/tmp/finn_dev_thelegendiv/synth_out_of_context_fpwc_pbs/results_finn_design_wrapper/GenericPartition_1_memstream.sv' cannot be added to the project because it already exists in the project, skipping this file
[2026-08-21 13:23:53,248] WARNING: [filemgmt 56-12] File '/tmp/finn_dev_thelegendiv/synth_out_of_context_fpwc_pbs/results_finn_design_wrapper/GenericPartition_1_memstream_1004.sv' cannot be added to the project because it already exists in the project, skipping this file
[2026-08-21 13:23:53,248] WARNING: [filemgmt 56-12] File '/tmp/finn_dev_thelegendiv/synth_out_of_context_fpwc_pbs/results_finn_design_wrapper/GenericPartition_1_memstream_1039.sv' cannot be added to the project because it already exists in the project, skipping this file
[2026-08-21 13:23:53,248] WARNING: [filemgmt 56-12] File '/tmp/finn_dev_thelegendiv/synth_out_of_context_fpwc_pbs/results_finn_design_wrapper/GenericPartition_1_memstream_1312.sv' cannot be added to the project because it already exists in the project, skipping this file
[2026-08-21 13:23:53,248] WARNING: [filemgmt 56-12] File '/tmp/finn_dev_thelegendiv/synth_out_of_context_fpwc_pbs/results_finn_design_wrapper/GenericPartition_1_memstream_1352.sv' cannot be added to the project because it already exists in the project, skipping this file
[2026-08-21 13:23:53,248] WARNING: [filemgmt 56-12] File '/tmp/finn_dev_thelegendiv/synth_out_of_context_fpwc_pbs/results_finn_design_wrapper/GenericPartition_1_memstream_1387.sv' cannot be added to the project because it already exists in the project, skipping this file
[2026-08-21 13:23:53,248] WARNING: [filemgmt 56-12] File '/tmp/finn_dev_thelegendiv/synth_out_of_context_fpwc_pbs/results_finn_design_wrapper/GenericPartition_1_memstream_1660.sv' cannot be added to the project because it already exists in the project, skipping this file
[2026-08-21 13:23:53,248] WARNING: [filemgmt 56-12] File '/tmp/finn_dev_thelegendiv/synth_out_of_context_fpwc_pbs/results_finn_design_wrapper/GenericPartition_1_memstream_1700.sv' cannot be added to the project because it already exists in the project, skipping this file
[2026-08-21 13:23:53,248] WARNING: [filemgmt 56-12] File '/tmp/finn_dev_thelegendiv/synth_out_of_context_fpwc_pbs/results_finn_design_wrapper/GenericPartition_1_memstream_1735.sv' cannot be added to the project because it already exists in the project, skipping this file
[2026-08-21 13:23:53,248] WARNING: [filemgmt 56-12] File '/tmp/finn_dev_thelegendiv/synth_out_of_context_fpwc_pbs/results_finn_design_wrapper/GenericPartition_1_memstream_2008.sv' cannot be added to the project because it already exists in the project, skipping this file
[2026-08-21 13:23:53,248] WARNING: [filemgmt 56-12] File '/tmp/finn_dev_thelegendiv/synth_out_of_context_fpwc_pbs/results_finn_design_wrapper/GenericPartition_1_memstream_306.sv' cannot be added to the project because it already exists in the project, skipping this file
[2026-08-21 13:23:53,248] WARNING: [filemgmt 56-12] File '/tmp/finn_dev_thelegendiv/synth_out_of_context_fpwc_pbs/results_finn_design_wrapper/GenericPartition_1_memstream_343.sv' cannot be added to the project because it already exists in the project, skipping this file
[2026-08-21 13:23:53,248] WARNING: [filemgmt 56-12] File '/tmp/finn_dev_thelegendiv/synth_out_of_context_fpwc_pbs/results_finn_design_wrapper/GenericPartition_1_memstream_616.sv' cannot be added to the project because it already exists in the project, skipping this file
[2026-08-21 13:23:53,248] WARNING: [filemgmt 56-12] File '/tmp/finn_dev_thelegendiv/synth_out_of_context_fpwc_pbs/results_finn_design_wrapper/GenericPartition_1_memstream_656.sv' cannot be added to the project because it already exists in the project, skipping this file
[2026-08-21 13:23:53,248] WARNING: [filemgmt 56-12] File '/tmp/finn_dev_thelegendiv/synth_out_of_context_fpwc_pbs/results_finn_design_wrapper/GenericPartition_1_memstream_691.sv' cannot be added to the project because it already exists in the project, skipping this file
[2026-08-21 13:23:53,248] WARNING: [filemgmt 56-12] File '/tmp/finn_dev_thelegendiv/synth_out_of_context_fpwc_pbs/results_finn_design_wrapper/GenericPartition_1_memstream_964.sv' cannot be added to the project because it already exists in the project, skipping this file
[2026-08-21 13:23:53,248] WARNING: [filemgmt 56-12] File '/tmp/finn_dev_thelegendiv/synth_out_of_context_fpwc_pbs/results_finn_design_wrapper/GenericPartition_1_memstream_axi.sv' cannot be added to the project because it already exists in the project, skipping this file
[2026-08-21 13:23:53,248] WARNING: [filemgmt 56-12] File '/tmp/finn_dev_thelegendiv/synth_out_of_context_fpwc_pbs/results_finn_design_wrapper/GenericPartition_1_memstream_axi_1005.sv' cannot be added to the project because it already exists in the project, skipping this file
[2026-08-21 13:23:53,248] WARNING: [filemgmt 56-12] File '/tmp/finn_dev_thelegendiv/synth_out_of_context_fpwc_pbs/results_finn_design_wrapper/GenericPartition_1_memstream_axi_1040.sv' cannot be added to the project because it already exists in the project, skipping this file
[2026-08-21 13:23:53,248] WARNING: [filemgmt 56-12] File '/tmp/finn_dev_thelegendiv/synth_out_of_context_fpwc_pbs/results_finn_design_wrapper/GenericPartition_1_memstream_axi_1313.sv' cannot be added to the project because it already exists in the project, skipping this file
[2026-08-21 13:23:53,248] WARNING: [filemgmt 56-12] File '/tmp/finn_dev_thelegendiv/synth_out_of_context_fpwc_pbs/results_finn_design_wrapper/GenericPartition_1_memstream_axi_1353.sv' cannot be added to the project because it already exists in the project, skipping this file
[2026-08-21 13:23:53,249] WARNING: [filemgmt 56-12] File '/tmp/finn_dev_thelegendiv/synth_out_of_context_fpwc_pbs/results_finn_design_wrapper/GenericPartition_1_memstream_axi_1388.sv' cannot be added to the project because it already exists in the project, skipping this file
[2026-08-21 13:23:53,249] WARNING: [filemgmt 56-12] File '/tmp/finn_dev_thelegendiv/synth_out_of_context_fpwc_pbs/results_finn_design_wrapper/GenericPartition_1_memstream_axi_1661.sv' cannot be added to the project because it already exists in the project, skipping this file
[2026-08-21 13:23:53,249] WARNING: [filemgmt 56-12] File '/tmp/finn_dev_thelegendiv/synth_out_of_context_fpwc_pbs/results_finn_design_wrapper/GenericPartition_1_memstream_axi_1701.sv' cannot be added to the project because it already exists in the project, skipping this file
[2026-08-21 13:23:53,249] WARNING: [filemgmt 56-12] File '/tmp/finn_dev_thelegendiv/synth_out_of_context_fpwc_pbs/results_finn_design_wrapper/GenericPartition_1_memstream_axi_1736.sv' cannot be added to the project because it already exists in the project, skipping this file
[2026-08-21 13:23:53,249] WARNING: [filemgmt 56-12] File '/tmp/finn_dev_thelegendiv/synth_out_of_context_fpwc_pbs/results_finn_design_wrapper/GenericPartition_1_memstream_axi_2009.sv' cannot be added to the project because it already exists in the project, skipping this file
[2026-08-21 13:23:53,249] WARNING: [filemgmt 56-12] File '/tmp/finn_dev_thelegendiv/synth_out_of_context_fpwc_pbs/results_finn_design_wrapper/GenericPartition_1_memstream_axi_307.sv' cannot be added to the project because it already exists in the project, skipping this file
[2026-08-21 13:23:53,249] WARNING: [filemgmt 56-12] File '/tmp/finn_dev_thelegendiv/synth_out_of_context_fpwc_pbs/results_finn_design_wrapper/GenericPartition_1_memstream_axi_344.sv' cannot be added to the project because it already exists in the project, skipping this file
[2026-08-21 13:23:53,249] WARNING: [filemgmt 56-12] File '/tmp/finn_dev_thelegendiv/synth_out_of_context_fpwc_pbs/results_finn_design_wrapper/GenericPartition_1_memstream_axi_617.sv' cannot be added to the project because it already exists in the project, skipping this file
[2026-08-21 13:23:53,249] WARNING: [filemgmt 56-12] File '/tmp/finn_dev_thelegendiv/synth_out_of_context_fpwc_pbs/results_finn_design_wrapper/GenericPartition_1_memstream_axi_657.sv' cannot be added to the project because it already exists in the project, skipping this file
[2026-08-21 13:23:53,249] WARNING: [filemgmt 56-12] File '/tmp/finn_dev_thelegendiv/synth_out_of_context_fpwc_pbs/results_finn_design_wrapper/GenericPartition_1_memstream_axi_692.sv' cannot be added to the project because it already exists in the project, skipping this file
[2026-08-21 13:23:53,249] WARNING: [filemgmt 56-12] File '/tmp/finn_dev_thelegendiv/synth_out_of_context_fpwc_pbs/results_finn_design_wrapper/GenericPartition_1_memstream_axi_965.sv' cannot be added to the project because it already exists in the project, skipping this file
[2026-08-21 13:23:53,249] WARNING: [filemgmt 56-12] File '/tmp/finn_dev_thelegendiv/synth_out_of_context_fpwc_pbs/results_finn_design_wrapper/GenericPartition_1_swg_common.sv' cannot be added to the project because it already exists in the project, skipping this file
[2026-08-21 13:23:53,249] WARNING: [filemgmt 56-12] File '/tmp/finn_dev_thelegendiv/synth_out_of_context_fpwc_pbs/results_finn_design_wrapper/GenericPartition_1_swg_common_2091.sv' cannot be added to the project because it already exists in the project, skipping this file
[2026-08-21 13:23:53,249] WARNING: [filemgmt 56-12] File '/tmp/finn_dev_thelegendiv/synth_out_of_context_fpwc_pbs/results_finn_design_wrapper/GenericPartition_1_swg_common_2163.sv' cannot be added to the project because it already exists in the project, skipping this file
[2026-08-21 13:23:53,249] WARNING: [filemgmt 56-12] File '/tmp/finn_dev_thelegendiv/synth_out_of_context_fpwc_pbs/results_finn_design_wrapper/GenericPartition_1_swg_common_2235.sv' cannot be added to the project because it already exists in the project, skipping this file
[2026-08-21 13:23:53,249] WARNING: [filemgmt 56-12] File '/tmp/finn_dev_thelegendiv/synth_out_of_context_fpwc_pbs/results_finn_design_wrapper/GenericPartition_1_swg_common_2307.sv' cannot be added to the project because it already exists in the project, skipping this file
[2026-08-21 13:23:53,249] WARNING: [filemgmt 56-12] File '/tmp/finn_dev_thelegendiv/synth_out_of_context_fpwc_pbs/results_finn_design_wrapper/GenericPartition_1_swg_common_2379.sv' cannot be added to the project because it already exists in the project, skipping this file
[2026-08-21 13:23:53,249] WARNING: [filemgmt 56-12] File '/tmp/finn_dev_thelegendiv/synth_out_of_context_fpwc_pbs/results_finn_design_wrapper/GenericPartition_1_thresholding.sv' cannot be added to the project because it already exists in the project, skipping this file
[2026-08-21 13:23:53,249] WARNING: [filemgmt 56-12] File '/tmp/finn_dev_thelegendiv/synth_out_of_context_fpwc_pbs/results_finn_design_wrapper/GenericPartition_1_thresholding_2070.sv' cannot be added to the project because it already exists in the project, skipping this file
[2026-08-21 13:23:53,249] WARNING: [filemgmt 56-12] File '/tmp/finn_dev_thelegendiv/synth_out_of_context_fpwc_pbs/results_finn_design_wrapper/GenericPartition_1_thresholding_2083.sv' cannot be added to the project because it already exists in the project, skipping this file
[2026-08-21 13:23:53,249] WARNING: [filemgmt 56-12] File '/tmp/finn_dev_thelegendiv/synth_out_of_context_fpwc_pbs/results_finn_design_wrapper/GenericPartition_1_thresholding_2095.sv' cannot be added to the project because it already exists in the project, skipping this file
[2026-08-21 13:23:53,249] WARNING: [filemgmt 56-12] File '/tmp/finn_dev_thelegendiv/synth_out_of_context_fpwc_pbs/results_finn_design_wrapper/GenericPartition_1_thresholding_2103.sv' cannot be added to the project because it already exists in the project, skipping this file
[2026-08-21 13:23:53,249] WARNING: [filemgmt 56-12] File '/tmp/finn_dev_thelegendiv/synth_out_of_context_fpwc_pbs/results_finn_design_wrapper/GenericPartition_1_thresholding_2109.sv' cannot be added to the project because it already exists in the project, skipping this file
[2026-08-21 13:23:53,249] INFO: [Common 17-14] Message 'filemgmt 56-12' appears 100 times and further instances of the messages will be disabled. Use the Tcl command set_msg_config to change the current settings.
[2026-08-21 13:23:53,249] # source headers.tcl
[2026-08-21 13:23:53,249] ## set file "$origin_dir/dummy_nachiket_fooling_zsh_for_loops.h"
[2026-08-21 13:23:53,249] ## set file [file normalize $file]
[2026-08-21 13:23:53,249] ## set file_obj [get_files -of_objects [get_filesets sources_1] [list "*$file"]]
[2026-08-21 13:23:53,249] ## set_property "file_type" "Verilog Header" $file_obj
[2026-08-21 13:23:53,249] ## set file "$origin_dir/0_swg_pkg.sv"
[2026-08-21 13:23:53,249] ## set file [file normalize $file]
[2026-08-21 13:23:53,249] ## set file_obj [get_files -of_objects [get_filesets sources_1] [list "*$file"]]
[2026-08-21 13:23:53,249] ## set_property "file_type" "Verilog Header" $file_obj
[2026-08-21 13:23:53,249] ## set_property "is_global_include" "1" $file_obj
[2026-08-21 13:23:53,249] # set obj [get_filesets sources_1]
[2026-08-21 13:23:53,249] # set_property "top" "$argv" $obj
[2026-08-21 13:23:53,249] # if {[string equal [get_filesets -quiet constrs_1] ""]} {
[2026-08-21 13:23:53,249] #   create_fileset -constrset constrs_1
[2026-08-21 13:23:53,249] # }
[2026-08-21 13:23:53,249] # set obj [get_filesets constrs_1]
[2026-08-21 13:23:53,249] # set file "[file normalize "$origin_dir/$argv.xdc"]"
[2026-08-21 13:23:53,249] # set file_added [add_files -norecurse -fileset $obj $file]
[2026-08-21 13:23:53,249] # set file "$origin_dir/$argv.xdc"
[2026-08-21 13:23:53,249] # set file [file normalize $file]
[2026-08-21 13:23:53,249] # set file_obj [get_files -of_objects [get_filesets constrs_1] [list "*$file"]]
[2026-08-21 13:23:53,249] # set_property "file_type" "XDC" $file_obj
[2026-08-21 13:23:53,249] # set obj [get_filesets constrs_1]
[2026-08-21 13:23:53,249] # if {[string equal [get_filesets -quiet sim_1] ""]} {
[2026-08-21 13:23:53,249] #   create_fileset -simset sim_1
[2026-08-21 13:23:53,249] # }
[2026-08-21 13:23:53,249] # set obj [get_filesets sim_1]
[2026-08-21 13:23:53,249] # set obj [get_filesets sim_1]
[2026-08-21 13:23:53,249] # set_property "top" "$argv" $obj
[2026-08-21 13:23:53,249] # set_property "xelab.nosort" "1" $obj
[2026-08-21 13:23:53,249] # set_property "xelab.unifast" "" $obj
[2026-08-21 13:23:53,249] # set_property strategy "Vivado Synthesis Defaults" [get_runs synth_1]
[2026-08-21 13:23:53,249] # set_property strategy "Flow_PerfOptimized_high" [get_runs synth_1]
[2026-08-21 13:23:53,249] # set_param synth.elaboration.rodinMoreOptions {rt::set_parameter ignoreVhdlAssertStmts false}
[2026-08-21 13:23:53,249] # set obj [get_runs synth_1]
[2026-08-21 13:23:53,249] # set_property -name {steps.synth_design.args.more options} -value {-mode out_of_context} -objects $obj
[2026-08-21 13:23:53,249] # set_property STEPS.SYNTH_DESIGN.ARGS.RETIMING true [get_runs synth_1]
[2026-08-21 13:23:53,249] # current_run -synthesis [get_runs synth_1]
[2026-08-21 13:23:53,249] # set_property strategy "Vivado Implementation Defaults" [get_runs impl_1]
[2026-08-21 13:23:53,249] # current_run -implementation [get_runs impl_1]
[2026-08-21 13:23:53,249] # puts "INFO: Project created:vivadocompile"
[2026-08-21 13:23:53,249] INFO: Project created:vivadocompile
[2026-08-21 13:23:53,249] # launch_runs -jobs 8 impl_1 -to_step route_design
[2026-08-21 13:23:53,249] CRITICAL WARNING: [filemgmt 20-742] The top module "finn_design_wrapper" specified for this project can not be validated. The current project is using automatic hierarchy update mode, and hence a new suitable replacement top will be automatically selected. If this is not desired, please change the hierarchy update mode to one of the manual compile order modes first, and then set top to any desired value.
[2026-08-21 13:23:53,249] Resolution: To switch to manual update order go to the Sources view, right-click on any node in the hierarchy and in the context menu select: 'Hierarchy Update' option 'No Update' or run the following Tcl Command: set_property source_mgmt_mode None [current_project] (which is the Manual Compile Order mode).
[2026-08-21 13:23:53,249] [Fri Aug 21 13:23:31 2026] Launched synth_1...
[2026-08-21 13:23:53,250] Run output will be captured here: /tmp/finn_dev_thelegendiv/synth_out_of_context_fpwc_pbs/results_finn_design_wrapper/vivadocompile/vivadocompile.runs/synth_1/runme.log
[2026-08-21 13:23:53,250] [Fri Aug 21 13:23:31 2026] Launched impl_1...
[2026-08-21 13:23:53,250] Run output will be captured here: /tmp/finn_dev_thelegendiv/synth_out_of_context_fpwc_pbs/results_finn_design_wrapper/vivadocompile/vivadocompile.runs/impl_1/runme.log
[2026-08-21 13:23:53,250] launch_runs: Time (s): cpu = 00:00:05 ; elapsed = 00:00:05 . Memory (MB): peak = 1271.711 ; gain = 12.875 ; free physical = 68341 ; free virtual = 97246
[2026-08-21 13:23:53,250] # wait_on_run impl_1
[2026-08-21 13:23:53,250] [Fri Aug 21 13:23:31 2026] Waiting for impl_1 to finish...
[2026-08-21 13:23:53,250] [Fri Aug 21 13:23:53 2026] impl_1 finished
[2026-08-21 13:23:53,250] WARNING: [Vivado 12-13638] Failed runs(s) : 'synth_1'
[2026-08-21 13:23:53,250]  'synth_1' run failed with below errors.
[2026-08-21 13:23:53,250] ERROR: [Synth 8-3524] parameter 'IS_MVU' is not assigned a value [/tmp/finn_dev_thelegendiv/synth_out_of_context_fpwc_pbs/results_finn_design_wrapper/GenericPartition_7_mvu_vvu_axi.sv:47]
[2026-08-21 13:23:53,250] 
[2026-08-21 13:23:53,250] ERROR: [Synth 8-6156] failed synthesizing module 'GenericPartition_7_r_mvu_vvu_axi' [/tmp/finn_dev_thelegendiv/synth_out_of_context_fpwc_pbs/results_finn_design_wrapper/GenericPartition_7_mvu_vvu_axi.sv:46]
[2026-08-21 13:23:53,250] 
[2026-08-21 13:23:53,250] ERROR: [Common 17-69] Command failed: Synthesis failed - please see the console or run log file for details
[2026-08-21 13:23:53,250] 
[2026-08-21 13:23:53,250] wait_on_runs: Time (s): cpu = 00:00:21 ; elapsed = 00:00:21 . Memory (MB): peak = 1286.555 ; gain = 14.844 ; free physical = 67800 ; free virtual = 96708
[2026-08-21 13:23:53,250] # open_run impl_1
[2026-08-21 13:23:53,250] INFO: [Common 17-206] Exiting Vivado at Fri Aug 21 13:23:53 2026...
[2026-08-21 13:23:53,250] cp: missing destination file operand after '.'
[2026-08-21 13:23:53,250] Try 'cp --help' for more information.
[2026-08-21 13:23:53,250] /home/thelegendiv/finn/deps/oh-my-xilinx/vivadoprojgen.sh:32: argument list too long: cp
[2026-08-21 13:23:53,250] cp: missing destination file operand after '.'
[2026-08-21 13:23:53,250] Try 'cp --help' for more information.
[2026-08-21 13:23:53,250] cp: missing destination file operand after '.'
[2026-08-21 13:23:53,250] Try 'cp --help' for more information.
[2026-08-21 13:23:53,250] cat: finn_design_wrapper.xdc: input file is output file
[2026-08-21 13:23:53,250] ERROR: [Common 17-69] Command failed: Run 'impl_1' has not been launched. Unable to open
