Copyright 1986-2022 Xilinx, Inc. All Rights Reserved.
------------------------------------------------------------------------------------------------------------------------------------------------------------------
| Tool Version : Vivado v.2022.2 (lin64) Build 3671981 Fri Oct 14 04:59:54 MDT 2022
| Date         : Thu Oct  1 12:33:56 2026
| Host         : finn_dev_thelegendiv running 64-bit Ubuntu 22.04.1 LTS
| Command      : report_utilization -hierarchical -hierarchical_depth 4 -file /home/thelegendiv/finn/notebooks/enet/hier_reports_partition2_wm/hier_armC_dsr2.rpt
| Design       : finn_design_wrapper
| Device       : xczu7ev-ffvc1156-2-e
| Speed File   : -2
| Design State : Routed
------------------------------------------------------------------------------------------------------------------------------------------------------------------

Utilization Design Information

Table of Contents
-----------------
1. Utilization by Hierarchy

1. Utilization by Hierarchy
---------------------------

+------------------------------------------------------------+---------------------------------------------------------------------+------------+------------+---------+-------+-------+--------+--------+------+------------+
|                          Instance                          |                                Module                               | Total LUTs | Logic LUTs | LUTRAMs |  SRLs |  FFs  | RAMB36 | RAMB18 | URAM | DSP Blocks |
+------------------------------------------------------------+---------------------------------------------------------------------+------------+------------+---------+-------+-------+--------+--------+------+------------+
| finn_design_wrapper                                        |                                                               (top) |      59787 |      27635 |    8190 | 23962 | 48308 |    105 |     92 |    1 |        140 |
|   (finn_design_wrapper)                                    |                                                               (top) |        310 |        310 |       0 |     0 |     0 |      0 |      0 |    0 |          0 |
|   finn_design_i                                            |                                                         finn_design |      59483 |      27331 |    8190 | 23962 | 48308 |    105 |     92 |    1 |        140 |
|     (finn_design_i)                                        |                                                         finn_design |        461 |        461 |       0 |     0 |    42 |      0 |      0 |    0 |          0 |
|     GenericPartition_2_AddStreams_hls_0                    |                   finn_design_GenericPartition_2_AddStreams_hls_0_0 |         70 |         70 |       0 |     0 |    94 |      0 |      0 |    0 |          0 |
|       inst                                                 |                                                    AddStreams_hls_0 |         70 |         70 |       0 |     0 |    94 |      0 |      0 |    0 |          0 |
|         (inst)                                             |                                                    AddStreams_hls_0 |          0 |          0 |       0 |     0 |    31 |      0 |      0 |    0 |          0 |
|         flow_control_loop_pipe_no_ap_cont_U                |                  AddStreams_hls_0_flow_control_loop_pipe_no_ap_cont |         23 |         23 |       0 |     0 |     1 |      0 |      0 |    0 |          0 |
|         regslice_both_in0_V_U                              |                                      AddStreams_hls_0_regslice_both |         11 |         11 |       0 |     0 |    20 |      0 |      0 |    0 |          0 |
|         regslice_both_in1_V_U                              |                                  AddStreams_hls_0_regslice_both_306 |         19 |         19 |       0 |     0 |    20 |      0 |      0 |    0 |          0 |
|         regslice_both_out_V_U                              |                      AddStreams_hls_0_regslice_both__parameterized0 |         19 |         19 |       0 |     0 |    22 |      0 |      0 |    0 |          0 |
|     GenericPartition_2_AddStreams_hls_1                    |                   finn_design_GenericPartition_2_AddStreams_hls_1_0 |         70 |         70 |       0 |     0 |    94 |      0 |      0 |    0 |          0 |
|       inst                                                 |                                                    AddStreams_hls_1 |         70 |         70 |       0 |     0 |    94 |      0 |      0 |    0 |          0 |
|         (inst)                                             |                                                    AddStreams_hls_1 |          2 |          2 |       0 |     0 |    31 |      0 |      0 |    0 |          0 |
|         flow_control_loop_pipe_no_ap_cont_U                |                  AddStreams_hls_1_flow_control_loop_pipe_no_ap_cont |         23 |         23 |       0 |     0 |     1 |      0 |      0 |    0 |          0 |
|         regslice_both_in0_V_U                              |                                      AddStreams_hls_1_regslice_both |         10 |         10 |       0 |     0 |    20 |      0 |      0 |    0 |          0 |
|         regslice_both_in1_V_U                              |                                  AddStreams_hls_1_regslice_both_305 |         17 |         17 |       0 |     0 |    20 |      0 |      0 |    0 |          0 |
|         regslice_both_out_V_U                              |                      AddStreams_hls_1_regslice_both__parameterized0 |         19 |         19 |       0 |     0 |    22 |      0 |      0 |    0 |          0 |
|     GenericPartition_2_AddStreams_hls_2                    |                   finn_design_GenericPartition_2_AddStreams_hls_2_0 |         69 |         69 |       0 |     0 |    94 |      0 |      0 |    0 |          0 |
|       inst                                                 |                                                    AddStreams_hls_2 |         69 |         69 |       0 |     0 |    94 |      0 |      0 |    0 |          0 |
|         (inst)                                             |                                                    AddStreams_hls_2 |          2 |          2 |       0 |     0 |    31 |      0 |      0 |    0 |          0 |
|         flow_control_loop_pipe_no_ap_cont_U                |                  AddStreams_hls_2_flow_control_loop_pipe_no_ap_cont |         23 |         23 |       0 |     0 |     1 |      0 |      0 |    0 |          0 |
|         regslice_both_in0_V_U                              |                                      AddStreams_hls_2_regslice_both |          9 |          9 |       0 |     0 |    20 |      0 |      0 |    0 |          0 |
|         regslice_both_in1_V_U                              |                                  AddStreams_hls_2_regslice_both_304 |         17 |         17 |       0 |     0 |    20 |      0 |      0 |    0 |          0 |
|         regslice_both_out_V_U                              |                      AddStreams_hls_2_regslice_both__parameterized0 |         19 |         19 |       0 |     0 |    22 |      0 |      0 |    0 |          0 |
|     GenericPartition_2_AddStreams_hls_3                    |                   finn_design_GenericPartition_2_AddStreams_hls_3_0 |         70 |         70 |       0 |     0 |    94 |      0 |      0 |    0 |          0 |
|       inst                                                 |                                                    AddStreams_hls_3 |         70 |         70 |       0 |     0 |    94 |      0 |      0 |    0 |          0 |
|         (inst)                                             |                                                    AddStreams_hls_3 |          0 |          0 |       0 |     0 |    31 |      0 |      0 |    0 |          0 |
|         flow_control_loop_pipe_no_ap_cont_U                |                  AddStreams_hls_3_flow_control_loop_pipe_no_ap_cont |         23 |         23 |       0 |     0 |     1 |      0 |      0 |    0 |          0 |
|         regslice_both_in0_V_U                              |                                      AddStreams_hls_3_regslice_both |         11 |         11 |       0 |     0 |    20 |      0 |      0 |    0 |          0 |
|         regslice_both_in1_V_U                              |                                  AddStreams_hls_3_regslice_both_303 |         19 |         19 |       0 |     0 |    20 |      0 |      0 |    0 |          0 |
|         regslice_both_out_V_U                              |                      AddStreams_hls_3_regslice_both__parameterized0 |         19 |         19 |       0 |     0 |    22 |      0 |      0 |    0 |          0 |
|     GenericPartition_2_AddStreams_hls_4                    |                   finn_design_GenericPartition_2_AddStreams_hls_4_0 |         69 |         69 |       0 |     0 |    94 |      0 |      0 |    0 |          0 |
|       inst                                                 |                                                    AddStreams_hls_4 |         69 |         69 |       0 |     0 |    94 |      0 |      0 |    0 |          0 |
|         (inst)                                             |                                                    AddStreams_hls_4 |          2 |          2 |       0 |     0 |    31 |      0 |      0 |    0 |          0 |
|         flow_control_loop_pipe_no_ap_cont_U                |                  AddStreams_hls_4_flow_control_loop_pipe_no_ap_cont |         23 |         23 |       0 |     0 |     1 |      0 |      0 |    0 |          0 |
|         regslice_both_in0_V_U                              |                                      AddStreams_hls_4_regslice_both |          9 |          9 |       0 |     0 |    20 |      0 |      0 |    0 |          0 |
|         regslice_both_in1_V_U                              |                                  AddStreams_hls_4_regslice_both_302 |         17 |         17 |       0 |     0 |    20 |      0 |      0 |    0 |          0 |
|         regslice_both_out_V_U                              |                      AddStreams_hls_4_regslice_both__parameterized0 |         19 |         19 |       0 |     0 |    22 |      0 |      0 |    0 |          0 |
|     GenericPartition_2_ConvolutionInputGenerator_rtl_0     |    finn_design_GenericPartition_2_ConvolutionInputGenerator_rtl_0_0 |        717 |        273 |     444 |     0 |  1438 |      0 |      0 |    0 |          0 |
|       inst                                                 |                                     ConvolutionInputGenerator_rtl_0 |        717 |        273 |     444 |     0 |  1438 |      0 |      0 |    0 |          0 |
|         impl                                               |                                ConvolutionInputGenerator_rtl_0_impl |        717 |        273 |     444 |     0 |  1438 |      0 |      0 |    0 |          0 |
|     GenericPartition_2_ConvolutionInputGenerator_rtl_1     |    finn_design_GenericPartition_2_ConvolutionInputGenerator_rtl_1_0 |       1157 |        417 |     740 |     0 |  2473 |      0 |      0 |    0 |          0 |
|       inst                                                 |                                     ConvolutionInputGenerator_rtl_1 |       1157 |        417 |     740 |     0 |  2473 |      0 |      0 |    0 |          0 |
|         impl                                               |                                ConvolutionInputGenerator_rtl_1_impl |       1157 |        417 |     740 |     0 |  2473 |      0 |      0 |    0 |          0 |
|     GenericPartition_2_ConvolutionInputGenerator_rtl_2     |    finn_design_GenericPartition_2_ConvolutionInputGenerator_rtl_2_0 |       2398 |        726 |    1480 |   192 |  2003 |      0 |      0 |    0 |          0 |
|       (GenericPartition_2_ConvolutionInputGenerator_rtl_2) |    finn_design_GenericPartition_2_ConvolutionInputGenerator_rtl_2_0 |        384 |        384 |       0 |     0 |     0 |      0 |      0 |    0 |          0 |
|       inst                                                 |                                     ConvolutionInputGenerator_rtl_2 |       2014 |        342 |    1480 |   192 |  2003 |      0 |      0 |    0 |          0 |
|         impl                                               |                                ConvolutionInputGenerator_rtl_2_impl |       2014 |        342 |    1480 |   192 |  2003 |      0 |      0 |    0 |          0 |
|     GenericPartition_2_ConvolutionInputGenerator_rtl_3     |    finn_design_GenericPartition_2_ConvolutionInputGenerator_rtl_3_0 |       5004 |       1260 |    3552 |   192 |  3898 |      0 |      0 |    0 |          0 |
|       inst                                                 |                                     ConvolutionInputGenerator_rtl_3 |       5004 |       1260 |    3552 |   192 |  3898 |      0 |      0 |    0 |          0 |
|         impl                                               |                                ConvolutionInputGenerator_rtl_3_impl |       5004 |       1260 |    3552 |   192 |  3898 |      0 |      0 |    0 |          0 |
|     GenericPartition_2_ConvolutionInputGenerator_rtl_4     |    finn_design_GenericPartition_2_ConvolutionInputGenerator_rtl_4_0 |        719 |        275 |     444 |     0 |  1438 |      0 |      0 |    0 |          0 |
|       inst                                                 |                                     ConvolutionInputGenerator_rtl_4 |        719 |        275 |     444 |     0 |  1438 |      0 |      0 |    0 |          0 |
|         impl                                               |                                ConvolutionInputGenerator_rtl_4_impl |        719 |        275 |     444 |     0 |  1438 |      0 |      0 |    0 |          0 |
|     GenericPartition_2_DuplicateStreams_hls_0              |             finn_design_GenericPartition_2_DuplicateStreams_hls_0_0 |         68 |         68 |       0 |     0 |    91 |      0 |      0 |    0 |          0 |
|       inst                                                 |                                              DuplicateStreams_hls_0 |         68 |         68 |       0 |     0 |    91 |      0 |      0 |    0 |          0 |
|         (inst)                                             |                                              DuplicateStreams_hls_0 |          1 |          1 |       0 |     0 |    30 |      0 |      0 |    0 |          0 |
|         flow_control_loop_pipe_no_ap_cont_U                |            DuplicateStreams_hls_0_flow_control_loop_pipe_no_ap_cont |         24 |         24 |       0 |     0 |     1 |      0 |      0 |    0 |          0 |
|         regslice_both_in0_V_U                              |                                DuplicateStreams_hls_0_regslice_both |         13 |         13 |       0 |     0 |    20 |      0 |      0 |    0 |          0 |
|         regslice_both_out0_V_U                             |                            DuplicateStreams_hls_0_regslice_both_282 |          9 |          9 |       0 |     0 |    20 |      0 |      0 |    0 |          0 |
|         regslice_both_out1_V_U                             |                            DuplicateStreams_hls_0_regslice_both_283 |         21 |         21 |       0 |     0 |    20 |      0 |      0 |    0 |          0 |
|     GenericPartition_2_DuplicateStreams_hls_1              |             finn_design_GenericPartition_2_DuplicateStreams_hls_1_0 |         70 |         70 |       0 |     0 |    91 |      0 |      0 |    0 |          0 |
|       inst                                                 |                                              DuplicateStreams_hls_1 |         70 |         70 |       0 |     0 |    91 |      0 |      0 |    0 |          0 |
|         (inst)                                             |                                              DuplicateStreams_hls_1 |          1 |          1 |       0 |     0 |    30 |      0 |      0 |    0 |          0 |
|         flow_control_loop_pipe_no_ap_cont_U                |            DuplicateStreams_hls_1_flow_control_loop_pipe_no_ap_cont |         24 |         24 |       0 |     0 |     1 |      0 |      0 |    0 |          0 |
|         regslice_both_in0_V_U                              |                                DuplicateStreams_hls_1_regslice_both |         15 |         15 |       0 |     0 |    20 |      0 |      0 |    0 |          0 |
|         regslice_both_out0_V_U                             |                            DuplicateStreams_hls_1_regslice_both_280 |         10 |         10 |       0 |     0 |    20 |      0 |      0 |    0 |          0 |
|         regslice_both_out1_V_U                             |                            DuplicateStreams_hls_1_regslice_both_281 |         21 |         21 |       0 |     0 |    20 |      0 |      0 |    0 |          0 |
|     GenericPartition_2_DuplicateStreams_hls_2              |             finn_design_GenericPartition_2_DuplicateStreams_hls_2_0 |         69 |         69 |       0 |     0 |    91 |      0 |      0 |    0 |          0 |
|       inst                                                 |                                              DuplicateStreams_hls_2 |         69 |         69 |       0 |     0 |    91 |      0 |      0 |    0 |          0 |
|         (inst)                                             |                                              DuplicateStreams_hls_2 |          1 |          1 |       0 |     0 |    30 |      0 |      0 |    0 |          0 |
|         flow_control_loop_pipe_no_ap_cont_U                |            DuplicateStreams_hls_2_flow_control_loop_pipe_no_ap_cont |         24 |         24 |       0 |     0 |     1 |      0 |      0 |    0 |          0 |
|         regslice_both_in0_V_U                              |                                DuplicateStreams_hls_2_regslice_both |         14 |         14 |       0 |     0 |    20 |      0 |      0 |    0 |          0 |
|         regslice_both_out0_V_U                             |                            DuplicateStreams_hls_2_regslice_both_278 |          9 |          9 |       0 |     0 |    20 |      0 |      0 |    0 |          0 |
|         regslice_both_out1_V_U                             |                            DuplicateStreams_hls_2_regslice_both_279 |         21 |         21 |       0 |     0 |    20 |      0 |      0 |    0 |          0 |
|     GenericPartition_2_DuplicateStreams_hls_3              |             finn_design_GenericPartition_2_DuplicateStreams_hls_3_0 |         70 |         70 |       0 |     0 |    91 |      0 |      0 |    0 |          0 |
|       inst                                                 |                                              DuplicateStreams_hls_3 |         70 |         70 |       0 |     0 |    91 |      0 |      0 |    0 |          0 |
|         (inst)                                             |                                              DuplicateStreams_hls_3 |          1 |          1 |       0 |     0 |    30 |      0 |      0 |    0 |          0 |
|         flow_control_loop_pipe_no_ap_cont_U                |            DuplicateStreams_hls_3_flow_control_loop_pipe_no_ap_cont |         24 |         24 |       0 |     0 |     1 |      0 |      0 |    0 |          0 |
|         regslice_both_in0_V_U                              |                                DuplicateStreams_hls_3_regslice_both |         15 |         15 |       0 |     0 |    20 |      0 |      0 |    0 |          0 |
|         regslice_both_out0_V_U                             |                            DuplicateStreams_hls_3_regslice_both_276 |         10 |         10 |       0 |     0 |    20 |      0 |      0 |    0 |          0 |
|         regslice_both_out1_V_U                             |                            DuplicateStreams_hls_3_regslice_both_277 |         21 |         21 |       0 |     0 |    20 |      0 |      0 |    0 |          0 |
|     GenericPartition_2_DuplicateStreams_hls_4              |             finn_design_GenericPartition_2_DuplicateStreams_hls_4_0 |         69 |         69 |       0 |     0 |    91 |      0 |      0 |    0 |          0 |
|       inst                                                 |                                              DuplicateStreams_hls_4 |         69 |         69 |       0 |     0 |    91 |      0 |      0 |    0 |          0 |
|         (inst)                                             |                                              DuplicateStreams_hls_4 |          1 |          1 |       0 |     0 |    30 |      0 |      0 |    0 |          0 |
|         flow_control_loop_pipe_no_ap_cont_U                |            DuplicateStreams_hls_4_flow_control_loop_pipe_no_ap_cont |         24 |         24 |       0 |     0 |     1 |      0 |      0 |    0 |          0 |
|         regslice_both_in0_V_U                              |                                DuplicateStreams_hls_4_regslice_both |         14 |         14 |       0 |     0 |    20 |      0 |      0 |    0 |          0 |
|         regslice_both_out0_V_U                             |                            DuplicateStreams_hls_4_regslice_both_274 |         10 |         10 |       0 |     0 |    20 |      0 |      0 |    0 |          0 |
|         regslice_both_out1_V_U                             |                            DuplicateStreams_hls_4_regslice_both_275 |         21 |         21 |       0 |     0 |    20 |      0 |      0 |    0 |          0 |
|     GenericPartition_2_FMPadding_rtl_0                     |                    finn_design_GenericPartition_2_FMPadding_rtl_0_0 |        104 |        104 |       0 |     0 |   145 |      0 |      0 |    0 |          0 |
|       inst                                                 |                                                     FMPadding_rtl_0 |        104 |        104 |       0 |     0 |   145 |      0 |      0 |    0 |          0 |
|         impl                                               |                                                   fmpadding_axi_272 |        104 |        104 |       0 |     0 |   145 |      0 |      0 |    0 |          0 |
|     GenericPartition_2_FMPadding_rtl_1                     |                    finn_design_GenericPartition_2_FMPadding_rtl_1_0 |        103 |        103 |       0 |     0 |   145 |      0 |      0 |    0 |          0 |
|       inst                                                 |                                                     FMPadding_rtl_1 |        103 |        103 |       0 |     0 |   145 |      0 |      0 |    0 |          0 |
|         impl                                               |                                       fmpadding_axi__parameterized0 |        103 |        103 |       0 |     0 |   145 |      0 |      0 |    0 |          0 |
|     GenericPartition_2_FMPadding_rtl_2                     |                    finn_design_GenericPartition_2_FMPadding_rtl_2_0 |        103 |        103 |       0 |     0 |   145 |      0 |      0 |    0 |          0 |
|       inst                                                 |                                                     FMPadding_rtl_2 |        103 |        103 |       0 |     0 |   145 |      0 |      0 |    0 |          0 |
|         impl                                               |                                       fmpadding_axi__parameterized1 |        103 |        103 |       0 |     0 |   145 |      0 |      0 |    0 |          0 |
|     GenericPartition_2_FMPadding_rtl_3                     |                    finn_design_GenericPartition_2_FMPadding_rtl_3_0 |        100 |        100 |       0 |     0 |   145 |      0 |      0 |    0 |          0 |
|       inst                                                 |                                                     FMPadding_rtl_3 |        100 |        100 |       0 |     0 |   145 |      0 |      0 |    0 |          0 |
|         impl                                               |                                       fmpadding_axi__parameterized2 |        100 |        100 |       0 |     0 |   145 |      0 |      0 |    0 |          0 |
|     GenericPartition_2_FMPadding_rtl_4                     |                    finn_design_GenericPartition_2_FMPadding_rtl_4_0 |        105 |        105 |       0 |     0 |   145 |      0 |      0 |    0 |          0 |
|       inst                                                 |                                                     FMPadding_rtl_4 |        105 |        105 |       0 |     0 |   145 |      0 |      0 |    0 |          0 |
|         impl                                               |                                                       fmpadding_axi |        105 |        105 |       0 |     0 |   145 |      0 |      0 |    0 |          0 |
|     GenericPartition_2_MVAU_rtl_0                          |                           GenericPartition_2_MVAU_rtl_0_imp_1DU7NZ9 |        372 |        268 |     104 |     0 |   443 |      0 |      0 |    0 |          8 |
|       GenericPartition_2_MVAU_rtl_0                        |                         finn_design_GenericPartition_2_MVAU_rtl_0_0 |        304 |        264 |      40 |     0 |   305 |      0 |      0 |    0 |          8 |
|         inst                                               |                                                          MVAU_rtl_0 |        304 |        264 |      40 |     0 |   305 |      0 |      0 |    0 |          8 |
|       GenericPartition_2_MVAU_rtl_0_wstrm                  |                   finn_design_GenericPartition_2_MVAU_rtl_0_wstrm_0 |         68 |          4 |      64 |     0 |   138 |      0 |      0 |    0 |          0 |
|         inst                                               |                                               memstream_axi_wrapper |         68 |          4 |      64 |     0 |   138 |      0 |      0 |    0 |          0 |
|     GenericPartition_2_MVAU_rtl_1                          |                            GenericPartition_2_MVAU_rtl_1_imp_B5ULVU |        745 |        559 |     186 |     0 |   840 |      0 |      0 |    0 |         18 |
|       GenericPartition_2_MVAU_rtl_1                        |                         finn_design_GenericPartition_2_MVAU_rtl_1_0 |        597 |        555 |      42 |     0 |   538 |      0 |      0 |    0 |         18 |
|         inst                                               |                                                          MVAU_rtl_1 |        597 |        555 |      42 |     0 |   538 |      0 |      0 |    0 |         18 |
|       GenericPartition_2_MVAU_rtl_1_wstrm                  |                   finn_design_GenericPartition_2_MVAU_rtl_1_wstrm_0 |        148 |          4 |     144 |     0 |   302 |      0 |      0 |    0 |          0 |
|         inst                                               |                               memstream_axi_wrapper__parameterized0 |        148 |          4 |     144 |     0 |   302 |      0 |      0 |    0 |          0 |
|     GenericPartition_2_MVAU_rtl_10                         |                           GenericPartition_2_MVAU_rtl_10_imp_UVPSHS |        754 |        568 |     186 |     0 |   906 |      0 |      0 |    0 |         18 |
|       GenericPartition_2_MVAU_rtl_10                       |                        finn_design_GenericPartition_2_MVAU_rtl_10_0 |        606 |        564 |      42 |     0 |   604 |      0 |      0 |    0 |         18 |
|         inst                                               |                                                         MVAU_rtl_10 |        606 |        564 |      42 |     0 |   604 |      0 |      0 |    0 |         18 |
|       GenericPartition_2_MVAU_rtl_10_wstrm                 |                  finn_design_GenericPartition_2_MVAU_rtl_10_wstrm_0 |        148 |          4 |     144 |     0 |   302 |      0 |      0 |    0 |          0 |
|         inst                                               |                               memstream_axi_wrapper__parameterized1 |        148 |          4 |     144 |     0 |   302 |      0 |      0 |    0 |          0 |
|     GenericPartition_2_MVAU_rtl_11                         |                          GenericPartition_2_MVAU_rtl_11_imp_1VYCQNJ |        172 |        130 |      42 |     0 |   246 |      0 |      0 |    0 |          2 |
|       GenericPartition_2_MVAU_rtl_11                       |                        finn_design_GenericPartition_2_MVAU_rtl_11_0 |        134 |        124 |      10 |     0 |   200 |      0 |      0 |    0 |          2 |
|         inst                                               |                                                         MVAU_rtl_11 |        134 |        124 |      10 |     0 |   200 |      0 |      0 |    0 |          2 |
|       GenericPartition_2_MVAU_rtl_11_wstrm                 |                  finn_design_GenericPartition_2_MVAU_rtl_11_wstrm_0 |         38 |          6 |      32 |     0 |    46 |      0 |      0 |    0 |          0 |
|         inst                                               |                               memstream_axi_wrapper__parameterized2 |         38 |          6 |      32 |     0 |    46 |      0 |      0 |    0 |          0 |
|     GenericPartition_2_MVAU_rtl_12                         |                          GenericPartition_2_MVAU_rtl_12_imp_10H6QLB |        379 |        275 |     104 |     0 |   450 |      0 |      0 |    0 |          8 |
|       GenericPartition_2_MVAU_rtl_12                       |                        finn_design_GenericPartition_2_MVAU_rtl_12_0 |        311 |        271 |      40 |     0 |   312 |      0 |      0 |    0 |          8 |
|         inst                                               |                                                         MVAU_rtl_12 |        311 |        271 |      40 |     0 |   312 |      0 |      0 |    0 |          8 |
|       GenericPartition_2_MVAU_rtl_12_wstrm                 |                  finn_design_GenericPartition_2_MVAU_rtl_12_wstrm_0 |         68 |          4 |      64 |     0 |   138 |      0 |      0 |    0 |          0 |
|         inst                                               |                               memstream_axi_wrapper__parameterized3 |         68 |          4 |      64 |     0 |   138 |      0 |      0 |    0 |          0 |
|     GenericPartition_2_MVAU_rtl_13                         |                           GenericPartition_2_MVAU_rtl_13_imp_6VYANK |        744 |        558 |     186 |     0 |   840 |      0 |      0 |    0 |         18 |
|       GenericPartition_2_MVAU_rtl_13                       |                        finn_design_GenericPartition_2_MVAU_rtl_13_0 |        596 |        554 |      42 |     0 |   538 |      0 |      0 |    0 |         18 |
|         inst                                               |                                                         MVAU_rtl_13 |        596 |        554 |      42 |     0 |   538 |      0 |      0 |    0 |         18 |
|       GenericPartition_2_MVAU_rtl_13_wstrm                 |                  finn_design_GenericPartition_2_MVAU_rtl_13_wstrm_0 |        148 |          4 |     144 |     0 |   302 |      0 |      0 |    0 |          0 |
|         inst                                               |                               memstream_axi_wrapper__parameterized4 |        148 |          4 |     144 |     0 |   302 |      0 |      0 |    0 |          0 |
|     GenericPartition_2_MVAU_rtl_14                         |                           GenericPartition_2_MVAU_rtl_14_imp_U1OBGF |        119 |         95 |      24 |     0 |   158 |      0 |      0 |    0 |          2 |
|       GenericPartition_2_MVAU_rtl_14                       |                        finn_design_GenericPartition_2_MVAU_rtl_14_0 |         98 |         90 |       8 |     0 |   128 |      0 |      0 |    0 |          2 |
|         inst                                               |                                                         MVAU_rtl_14 |         98 |         90 |       8 |     0 |   128 |      0 |      0 |    0 |          2 |
|       GenericPartition_2_MVAU_rtl_14_wstrm                 |                  finn_design_GenericPartition_2_MVAU_rtl_14_wstrm_0 |         22 |          6 |      16 |     0 |    30 |      0 |      0 |    0 |          0 |
|         inst                                               |                               memstream_axi_wrapper__parameterized5 |         22 |          6 |      16 |     0 |    30 |      0 |      0 |    0 |          0 |
|     GenericPartition_2_MVAU_rtl_2                          |                            GenericPartition_2_MVAU_rtl_2_imp_QJC0QI |        135 |        109 |      26 |     0 |   198 |      0 |      0 |    0 |          2 |
|       GenericPartition_2_MVAU_rtl_2                        |                         finn_design_GenericPartition_2_MVAU_rtl_2_0 |        113 |        103 |      10 |     0 |   168 |      0 |      0 |    0 |          2 |
|         inst                                               |                                                          MVAU_rtl_2 |        113 |        103 |      10 |     0 |   168 |      0 |      0 |    0 |          2 |
|       GenericPartition_2_MVAU_rtl_2_wstrm                  |                   finn_design_GenericPartition_2_MVAU_rtl_2_wstrm_0 |         22 |          6 |      16 |     0 |    30 |      0 |      0 |    0 |          0 |
|         inst                                               |                               memstream_axi_wrapper__parameterized6 |         22 |          6 |      16 |     0 |    30 |      0 |      0 |    0 |          0 |
|     GenericPartition_2_MVAU_rtl_3                          |                           GenericPartition_2_MVAU_rtl_3_imp_1IDUDP1 |        320 |        248 |      72 |     0 |   354 |      0 |      0 |    0 |          8 |
|       GenericPartition_2_MVAU_rtl_3                        |                         finn_design_GenericPartition_2_MVAU_rtl_3_0 |        284 |        244 |      40 |     0 |   280 |      0 |      0 |    0 |          8 |
|         inst                                               |                                                          MVAU_rtl_3 |        284 |        244 |      40 |     0 |   280 |      0 |      0 |    0 |          8 |
|       GenericPartition_2_MVAU_rtl_3_wstrm                  |                   finn_design_GenericPartition_2_MVAU_rtl_3_wstrm_0 |         36 |          4 |      32 |     0 |    74 |      0 |      0 |    0 |          0 |
|         inst                                               |                               memstream_axi_wrapper__parameterized7 |         36 |          4 |      32 |     0 |    74 |      0 |      0 |    0 |          0 |
|     GenericPartition_2_MVAU_rtl_4                          |                           GenericPartition_2_MVAU_rtl_4_imp_1D007YY |        756 |        570 |     186 |     0 |   906 |      0 |      0 |    0 |         18 |
|       GenericPartition_2_MVAU_rtl_4                        |                         finn_design_GenericPartition_2_MVAU_rtl_4_0 |        608 |        566 |      42 |     0 |   604 |      0 |      0 |    0 |         18 |
|         inst                                               |                                                          MVAU_rtl_4 |        608 |        566 |      42 |     0 |   604 |      0 |      0 |    0 |         18 |
|       GenericPartition_2_MVAU_rtl_4_wstrm                  |                   finn_design_GenericPartition_2_MVAU_rtl_4_wstrm_0 |        148 |          4 |     144 |     0 |   302 |      0 |      0 |    0 |          0 |
|         inst                                               |                               memstream_axi_wrapper__parameterized8 |        148 |          4 |     144 |     0 |   302 |      0 |      0 |    0 |          0 |
|     GenericPartition_2_MVAU_rtl_5                          |                            GenericPartition_2_MVAU_rtl_5_imp_BZVVHX |        135 |        109 |      26 |     0 |   198 |      0 |      0 |    0 |          2 |
|       GenericPartition_2_MVAU_rtl_5                        |                         finn_design_GenericPartition_2_MVAU_rtl_5_0 |        113 |        103 |      10 |     0 |   168 |      0 |      0 |    0 |          2 |
|         inst                                               |                                                          MVAU_rtl_5 |        113 |        103 |      10 |     0 |   168 |      0 |      0 |    0 |          2 |
|       GenericPartition_2_MVAU_rtl_5_wstrm                  |                   finn_design_GenericPartition_2_MVAU_rtl_5_wstrm_0 |         22 |          6 |      16 |     0 |    30 |      0 |      0 |    0 |          0 |
|         inst                                               |                               memstream_axi_wrapper__parameterized9 |         22 |          6 |      16 |     0 |    30 |      0 |      0 |    0 |          0 |
|     GenericPartition_2_MVAU_rtl_6                          |                            GenericPartition_2_MVAU_rtl_6_imp_PPAAX1 |        379 |        275 |     104 |     0 |   450 |      0 |      0 |    0 |          8 |
|       GenericPartition_2_MVAU_rtl_6                        |                         finn_design_GenericPartition_2_MVAU_rtl_6_0 |        311 |        271 |      40 |     0 |   312 |      0 |      0 |    0 |          8 |
|         inst                                               |                                                          MVAU_rtl_6 |        311 |        271 |      40 |     0 |   312 |      0 |      0 |    0 |          8 |
|       GenericPartition_2_MVAU_rtl_6_wstrm                  |                   finn_design_GenericPartition_2_MVAU_rtl_6_wstrm_0 |         68 |          4 |      64 |     0 |   138 |      0 |      0 |    0 |          0 |
|         inst                                               |                              memstream_axi_wrapper__parameterized10 |         68 |          4 |      64 |     0 |   138 |      0 |      0 |    0 |          0 |
|     GenericPartition_2_MVAU_rtl_7                          |                           GenericPartition_2_MVAU_rtl_7_imp_1J81JU2 |        696 |        540 |     156 |     0 |   578 |      0 |      0 |    0 |         18 |
|       GenericPartition_2_MVAU_rtl_7                        |                         finn_design_GenericPartition_2_MVAU_rtl_7_0 |        620 |        536 |      84 |     0 |   424 |      0 |      0 |    0 |         18 |
|         inst                                               |                                                          MVAU_rtl_7 |        620 |        536 |      84 |     0 |   424 |      0 |      0 |    0 |         18 |
|       GenericPartition_2_MVAU_rtl_7_wstrm                  |                   finn_design_GenericPartition_2_MVAU_rtl_7_wstrm_0 |         76 |          4 |      72 |     0 |   154 |      0 |      0 |    0 |          0 |
|         inst                                               |                              memstream_axi_wrapper__parameterized11 |         76 |          4 |      72 |     0 |   154 |      0 |      0 |    0 |          0 |
|     GenericPartition_2_MVAU_rtl_8                          |                           GenericPartition_2_MVAU_rtl_8_imp_1EDQ21N |        119 |         95 |      24 |     0 |   165 |      0 |      0 |    0 |          2 |
|       GenericPartition_2_MVAU_rtl_8                        |                         finn_design_GenericPartition_2_MVAU_rtl_8_0 |         97 |         89 |       8 |     0 |   135 |      0 |      0 |    0 |          2 |
|         inst                                               |                                                          MVAU_rtl_8 |         97 |         89 |       8 |     0 |   135 |      0 |      0 |    0 |          2 |
|       GenericPartition_2_MVAU_rtl_8_wstrm                  |                   finn_design_GenericPartition_2_MVAU_rtl_8_wstrm_0 |         22 |          6 |      16 |     0 |    30 |      0 |      0 |    0 |          0 |
|         inst                                               |                              memstream_axi_wrapper__parameterized12 |         22 |          6 |      16 |     0 |    30 |      0 |      0 |    0 |          0 |
|     GenericPartition_2_MVAU_rtl_9                          |                            GenericPartition_2_MVAU_rtl_9_imp_CTLY9G |        370 |        266 |     104 |     0 |   443 |      0 |      0 |    0 |          8 |
|       GenericPartition_2_MVAU_rtl_9                        |                         finn_design_GenericPartition_2_MVAU_rtl_9_0 |        302 |        262 |      40 |     0 |   305 |      0 |      0 |    0 |          8 |
|         inst                                               |                                                          MVAU_rtl_9 |        302 |        262 |      40 |     0 |   305 |      0 |      0 |    0 |          8 |
|       GenericPartition_2_MVAU_rtl_9_wstrm                  |                   finn_design_GenericPartition_2_MVAU_rtl_9_wstrm_0 |         68 |          4 |      64 |     0 |   138 |      0 |      0 |    0 |          0 |
|         inst                                               |                              memstream_axi_wrapper__parameterized13 |         68 |          4 |      64 |     0 |   138 |      0 |      0 |    0 |          0 |
|     GenericPartition_2_StreamingDataWidthConverter_rtl_0   |  finn_design_GenericPartition_2_StreamingDataWidthConverter_rtl_0_0 |         13 |         13 |       0 |     0 |    77 |      0 |      0 |    0 |          0 |
|       inst                                                 |                                   StreamingDataWidthConverter_rtl_0 |         13 |         13 |       0 |     0 |    77 |      0 |      0 |    0 |          0 |
|         impl                                               |                                                         dwc_axi_246 |         13 |         13 |       0 |     0 |    77 |      0 |      0 |    0 |          0 |
|     GenericPartition_2_StreamingDataWidthConverter_rtl_1   |  finn_design_GenericPartition_2_StreamingDataWidthConverter_rtl_1_0 |         40 |         40 |       0 |     0 |    80 |      0 |      0 |    0 |          0 |
|       inst                                                 |                                   StreamingDataWidthConverter_rtl_1 |         40 |         40 |       0 |     0 |    80 |      0 |      0 |    0 |          0 |
|         impl                                               |                                         dwc_axi__parameterized0_244 |         40 |         40 |       0 |     0 |    80 |      0 |      0 |    0 |          0 |
|     GenericPartition_2_StreamingDataWidthConverter_rtl_10  | finn_design_GenericPartition_2_StreamingDataWidthConverter_rtl_10_0 |        585 |        585 |       0 |     0 |   726 |      0 |      0 |    0 |          0 |
|       inst                                                 |                                  StreamingDataWidthConverter_rtl_10 |        585 |        585 |       0 |     0 |   726 |      0 |      0 |    0 |          0 |
|         impl                                               |                                         dwc_axi__parameterized1_242 |        585 |        585 |       0 |     0 |   726 |      0 |      0 |    0 |          0 |
|     GenericPartition_2_StreamingDataWidthConverter_rtl_11  | finn_design_GenericPartition_2_StreamingDataWidthConverter_rtl_11_0 |         84 |         84 |       0 |     0 |   125 |      0 |      0 |    0 |          0 |
|       inst                                                 |                                  StreamingDataWidthConverter_rtl_11 |         84 |         84 |       0 |     0 |   125 |      0 |      0 |    0 |          0 |
|         impl                                               |                                         dwc_axi__parameterized2_240 |         84 |         84 |       0 |     0 |   125 |      0 |      0 |    0 |          0 |
|     GenericPartition_2_StreamingDataWidthConverter_rtl_12  | finn_design_GenericPartition_2_StreamingDataWidthConverter_rtl_12_0 |         10 |         10 |       0 |     0 |    27 |      0 |      0 |    0 |          0 |
|       inst                                                 |                                  StreamingDataWidthConverter_rtl_12 |         10 |         10 |       0 |     0 |    27 |      0 |      0 |    0 |          0 |
|         impl                                               |                                         dwc_axi__parameterized3_238 |         10 |         10 |       0 |     0 |    27 |      0 |      0 |    0 |          0 |
|     GenericPartition_2_StreamingDataWidthConverter_rtl_13  | finn_design_GenericPartition_2_StreamingDataWidthConverter_rtl_13_0 |         32 |         32 |       0 |     0 |    60 |      0 |      0 |    0 |          0 |
|       inst                                                 |                                  StreamingDataWidthConverter_rtl_13 |         32 |         32 |       0 |     0 |    60 |      0 |      0 |    0 |          0 |
|         impl                                               |                                         dwc_axi__parameterized4_236 |         32 |         32 |       0 |     0 |    60 |      0 |      0 |    0 |          0 |
|     GenericPartition_2_StreamingDataWidthConverter_rtl_14  | finn_design_GenericPartition_2_StreamingDataWidthConverter_rtl_14_0 |         14 |         14 |       0 |     0 |    77 |      0 |      0 |    0 |          0 |
|       inst                                                 |                                  StreamingDataWidthConverter_rtl_14 |         14 |         14 |       0 |     0 |    77 |      0 |      0 |    0 |          0 |
|         impl                                               |                                                         dwc_axi_234 |         14 |         14 |       0 |     0 |    77 |      0 |      0 |    0 |          0 |
|     GenericPartition_2_StreamingDataWidthConverter_rtl_15  | finn_design_GenericPartition_2_StreamingDataWidthConverter_rtl_15_0 |         44 |         44 |       0 |     0 |    84 |      0 |      0 |    0 |          0 |
|       inst                                                 |                                  StreamingDataWidthConverter_rtl_15 |         44 |         44 |       0 |     0 |    84 |      0 |      0 |    0 |          0 |
|         impl                                               |                                         dwc_axi__parameterized5_232 |         44 |         44 |       0 |     0 |    84 |      0 |      0 |    0 |          0 |
|     GenericPartition_2_StreamingDataWidthConverter_rtl_16  | finn_design_GenericPartition_2_StreamingDataWidthConverter_rtl_16_0 |         14 |         14 |       0 |     0 |    77 |      0 |      0 |    0 |          0 |
|       inst                                                 |                                  StreamingDataWidthConverter_rtl_16 |         14 |         14 |       0 |     0 |    77 |      0 |      0 |    0 |          0 |
|         impl                                               |                                                         dwc_axi_230 |         14 |         14 |       0 |     0 |    77 |      0 |      0 |    0 |          0 |
|     GenericPartition_2_StreamingDataWidthConverter_rtl_17  | finn_design_GenericPartition_2_StreamingDataWidthConverter_rtl_17_0 |        511 |        511 |       0 |     0 |   869 |      0 |      0 |    0 |          0 |
|       inst                                                 |                                  StreamingDataWidthConverter_rtl_17 |        511 |        511 |       0 |     0 |   869 |      0 |      0 |    0 |          0 |
|         impl                                               |                                             dwc_axi__parameterized6 |        511 |        511 |       0 |     0 |   869 |      0 |      0 |    0 |          0 |
|     GenericPartition_2_StreamingDataWidthConverter_rtl_18  | finn_design_GenericPartition_2_StreamingDataWidthConverter_rtl_18_0 |         37 |         37 |       0 |     0 |    68 |      0 |      0 |    0 |          0 |
|       inst                                                 |                                  StreamingDataWidthConverter_rtl_18 |         37 |         37 |       0 |     0 |    68 |      0 |      0 |    0 |          0 |
|         impl                                               |                                         dwc_axi__parameterized7_228 |         37 |         37 |       0 |     0 |    68 |      0 |      0 |    0 |          0 |
|     GenericPartition_2_StreamingDataWidthConverter_rtl_19  | finn_design_GenericPartition_2_StreamingDataWidthConverter_rtl_19_0 |          7 |          7 |       0 |     0 |    15 |      0 |      0 |    0 |          0 |
|       inst                                                 |                                  StreamingDataWidthConverter_rtl_19 |          7 |          7 |       0 |     0 |    15 |      0 |      0 |    0 |          0 |
|         impl                                               |                                         dwc_axi__parameterized8_226 |          7 |          7 |       0 |     0 |    15 |      0 |      0 |    0 |          0 |
|     GenericPartition_2_StreamingDataWidthConverter_rtl_2   |  finn_design_GenericPartition_2_StreamingDataWidthConverter_rtl_2_0 |         14 |         14 |       0 |     0 |    77 |      0 |      0 |    0 |          0 |
|       inst                                                 |                                   StreamingDataWidthConverter_rtl_2 |         14 |         14 |       0 |     0 |    77 |      0 |      0 |    0 |          0 |
|         impl                                               |                                                         dwc_axi_224 |         14 |         14 |       0 |     0 |    77 |      0 |      0 |    0 |          0 |
|     GenericPartition_2_StreamingDataWidthConverter_rtl_20  | finn_design_GenericPartition_2_StreamingDataWidthConverter_rtl_20_0 |         24 |         24 |       0 |     0 |    44 |      0 |      0 |    0 |          0 |
|       inst                                                 |                                  StreamingDataWidthConverter_rtl_20 |         24 |         24 |       0 |     0 |    44 |      0 |      0 |    0 |          0 |
|         impl                                               |                                         dwc_axi__parameterized9_222 |         24 |         24 |       0 |     0 |    44 |      0 |      0 |    0 |          0 |
|     GenericPartition_2_StreamingDataWidthConverter_rtl_21  | finn_design_GenericPartition_2_StreamingDataWidthConverter_rtl_21_0 |         13 |         13 |       0 |     0 |    77 |      0 |      0 |    0 |          0 |
|       inst                                                 |                                  StreamingDataWidthConverter_rtl_21 |         13 |         13 |       0 |     0 |    77 |      0 |      0 |    0 |          0 |
|         impl                                               |                                                         dwc_axi_220 |         13 |         13 |       0 |     0 |    77 |      0 |      0 |    0 |          0 |
|     GenericPartition_2_StreamingDataWidthConverter_rtl_22  | finn_design_GenericPartition_2_StreamingDataWidthConverter_rtl_22_0 |         43 |         43 |       0 |     0 |    80 |      0 |      0 |    0 |          0 |
|       inst                                                 |                                  StreamingDataWidthConverter_rtl_22 |         43 |         43 |       0 |     0 |    80 |      0 |      0 |    0 |          0 |
|         impl                                               |                                             dwc_axi__parameterized0 |         43 |         43 |       0 |     0 |    80 |      0 |      0 |    0 |          0 |
|     GenericPartition_2_StreamingDataWidthConverter_rtl_23  | finn_design_GenericPartition_2_StreamingDataWidthConverter_rtl_23_0 |         15 |         15 |       0 |     0 |    77 |      0 |      0 |    0 |          0 |
|       inst                                                 |                                  StreamingDataWidthConverter_rtl_23 |         15 |         15 |       0 |     0 |    77 |      0 |      0 |    0 |          0 |
|         impl                                               |                                                         dwc_axi_218 |         15 |         15 |       0 |     0 |    77 |      0 |      0 |    0 |          0 |
|     GenericPartition_2_StreamingDataWidthConverter_rtl_24  | finn_design_GenericPartition_2_StreamingDataWidthConverter_rtl_24_0 |        550 |        550 |       0 |     0 |   726 |      0 |      0 |    0 |          0 |
|       inst                                                 |                                  StreamingDataWidthConverter_rtl_24 |        550 |        550 |       0 |     0 |   726 |      0 |      0 |    0 |          0 |
|         impl                                               |                                         dwc_axi__parameterized1_216 |        550 |        550 |       0 |     0 |   726 |      0 |      0 |    0 |          0 |
|     GenericPartition_2_StreamingDataWidthConverter_rtl_25  | finn_design_GenericPartition_2_StreamingDataWidthConverter_rtl_25_0 |         85 |         85 |       0 |     0 |   125 |      0 |      0 |    0 |          0 |
|       inst                                                 |                                  StreamingDataWidthConverter_rtl_25 |         85 |         85 |       0 |     0 |   125 |      0 |      0 |    0 |          0 |
|         impl                                               |                                         dwc_axi__parameterized2_214 |         85 |         85 |       0 |     0 |   125 |      0 |      0 |    0 |          0 |
|     GenericPartition_2_StreamingDataWidthConverter_rtl_26  | finn_design_GenericPartition_2_StreamingDataWidthConverter_rtl_26_0 |         10 |         10 |       0 |     0 |    27 |      0 |      0 |    0 |          0 |
|       inst                                                 |                                  StreamingDataWidthConverter_rtl_26 |         10 |         10 |       0 |     0 |    27 |      0 |      0 |    0 |          0 |
|         impl                                               |                                         dwc_axi__parameterized3_212 |         10 |         10 |       0 |     0 |    27 |      0 |      0 |    0 |          0 |
|     GenericPartition_2_StreamingDataWidthConverter_rtl_27  | finn_design_GenericPartition_2_StreamingDataWidthConverter_rtl_27_0 |         41 |         41 |       0 |     0 |    76 |      0 |      0 |    0 |          0 |
|       inst                                                 |                                  StreamingDataWidthConverter_rtl_27 |         41 |         41 |       0 |     0 |    76 |      0 |      0 |    0 |          0 |
|         impl                                               |                                            dwc_axi__parameterized10 |         41 |         41 |       0 |     0 |    76 |      0 |      0 |    0 |          0 |
|     GenericPartition_2_StreamingDataWidthConverter_rtl_28  | finn_design_GenericPartition_2_StreamingDataWidthConverter_rtl_28_0 |         13 |         13 |       0 |     0 |    77 |      0 |      0 |    0 |          0 |
|       inst                                                 |                                  StreamingDataWidthConverter_rtl_28 |         13 |         13 |       0 |     0 |    77 |      0 |      0 |    0 |          0 |
|         impl                                               |                                                         dwc_axi_210 |         13 |         13 |       0 |     0 |    77 |      0 |      0 |    0 |          0 |
|     GenericPartition_2_StreamingDataWidthConverter_rtl_29  | finn_design_GenericPartition_2_StreamingDataWidthConverter_rtl_29_0 |         43 |         43 |       0 |     0 |    84 |      0 |      0 |    0 |          0 |
|       inst                                                 |                                  StreamingDataWidthConverter_rtl_29 |         43 |         43 |       0 |     0 |    84 |      0 |      0 |    0 |          0 |
|         impl                                               |                                             dwc_axi__parameterized5 |         43 |         43 |       0 |     0 |    84 |      0 |      0 |    0 |          0 |
|     GenericPartition_2_StreamingDataWidthConverter_rtl_3   |  finn_design_GenericPartition_2_StreamingDataWidthConverter_rtl_3_0 |        584 |        584 |       0 |     0 |   726 |      0 |      0 |    0 |          0 |
|       inst                                                 |                                   StreamingDataWidthConverter_rtl_3 |        584 |        584 |       0 |     0 |   726 |      0 |      0 |    0 |          0 |
|         impl                                               |                                         dwc_axi__parameterized1_208 |        584 |        584 |       0 |     0 |   726 |      0 |      0 |    0 |          0 |
|     GenericPartition_2_StreamingDataWidthConverter_rtl_30  | finn_design_GenericPartition_2_StreamingDataWidthConverter_rtl_30_0 |         14 |         14 |       0 |     0 |    77 |      0 |      0 |    0 |          0 |
|       inst                                                 |                                  StreamingDataWidthConverter_rtl_30 |         14 |         14 |       0 |     0 |    77 |      0 |      0 |    0 |          0 |
|         impl                                               |                                                         dwc_axi_206 |         14 |         14 |       0 |     0 |    77 |      0 |      0 |    0 |          0 |
|     GenericPartition_2_StreamingDataWidthConverter_rtl_31  | finn_design_GenericPartition_2_StreamingDataWidthConverter_rtl_31_0 |        584 |        584 |       0 |     0 |   726 |      0 |      0 |    0 |          0 |
|       inst                                                 |                                  StreamingDataWidthConverter_rtl_31 |        584 |        584 |       0 |     0 |   726 |      0 |      0 |    0 |          0 |
|         impl                                               |                                             dwc_axi__parameterized1 |        584 |        584 |       0 |     0 |   726 |      0 |      0 |    0 |          0 |
|     GenericPartition_2_StreamingDataWidthConverter_rtl_32  | finn_design_GenericPartition_2_StreamingDataWidthConverter_rtl_32_0 |         86 |         86 |       0 |     0 |   125 |      0 |      0 |    0 |          0 |
|       inst                                                 |                                  StreamingDataWidthConverter_rtl_32 |         86 |         86 |       0 |     0 |   125 |      0 |      0 |    0 |          0 |
|         impl                                               |                                         dwc_axi__parameterized2_204 |         86 |         86 |       0 |     0 |   125 |      0 |      0 |    0 |          0 |
|     GenericPartition_2_StreamingDataWidthConverter_rtl_33  | finn_design_GenericPartition_2_StreamingDataWidthConverter_rtl_33_0 |          7 |          7 |       0 |     0 |    15 |      0 |      0 |    0 |          0 |
|       inst                                                 |                                  StreamingDataWidthConverter_rtl_33 |          7 |          7 |       0 |     0 |    15 |      0 |      0 |    0 |          0 |
|         impl                                               |                                             dwc_axi__parameterized8 |          7 |          7 |       0 |     0 |    15 |      0 |      0 |    0 |          0 |
|     GenericPartition_2_StreamingDataWidthConverter_rtl_34  | finn_design_GenericPartition_2_StreamingDataWidthConverter_rtl_34_0 |         24 |         24 |       0 |     0 |    44 |      0 |      0 |    0 |          0 |
|       inst                                                 |                                  StreamingDataWidthConverter_rtl_34 |         24 |         24 |       0 |     0 |    44 |      0 |      0 |    0 |          0 |
|         impl                                               |                                             dwc_axi__parameterized9 |         24 |         24 |       0 |     0 |    44 |      0 |      0 |    0 |          0 |
|     GenericPartition_2_StreamingDataWidthConverter_rtl_4   |  finn_design_GenericPartition_2_StreamingDataWidthConverter_rtl_4_0 |         85 |         85 |       0 |     0 |   125 |      0 |      0 |    0 |          0 |
|       inst                                                 |                                   StreamingDataWidthConverter_rtl_4 |         85 |         85 |       0 |     0 |   125 |      0 |      0 |    0 |          0 |
|         impl                                               |                                             dwc_axi__parameterized2 |         85 |         85 |       0 |     0 |   125 |      0 |      0 |    0 |          0 |
|     GenericPartition_2_StreamingDataWidthConverter_rtl_5   |  finn_design_GenericPartition_2_StreamingDataWidthConverter_rtl_5_0 |         10 |         10 |       0 |     0 |    27 |      0 |      0 |    0 |          0 |
|       inst                                                 |                                   StreamingDataWidthConverter_rtl_5 |         10 |         10 |       0 |     0 |    27 |      0 |      0 |    0 |          0 |
|         impl                                               |                                             dwc_axi__parameterized3 |         10 |         10 |       0 |     0 |    27 |      0 |      0 |    0 |          0 |
|     GenericPartition_2_StreamingDataWidthConverter_rtl_6   |  finn_design_GenericPartition_2_StreamingDataWidthConverter_rtl_6_0 |         32 |         32 |       0 |     0 |    60 |      0 |      0 |    0 |          0 |
|       inst                                                 |                                   StreamingDataWidthConverter_rtl_6 |         32 |         32 |       0 |     0 |    60 |      0 |      0 |    0 |          0 |
|         impl                                               |                                             dwc_axi__parameterized4 |         32 |         32 |       0 |     0 |    60 |      0 |      0 |    0 |          0 |
|     GenericPartition_2_StreamingDataWidthConverter_rtl_7   |  finn_design_GenericPartition_2_StreamingDataWidthConverter_rtl_7_0 |         14 |         14 |       0 |     0 |    77 |      0 |      0 |    0 |          0 |
|       inst                                                 |                                   StreamingDataWidthConverter_rtl_7 |         14 |         14 |       0 |     0 |    77 |      0 |      0 |    0 |          0 |
|         impl                                               |                                                         dwc_axi_202 |         14 |         14 |       0 |     0 |    77 |      0 |      0 |    0 |          0 |
|     GenericPartition_2_StreamingDataWidthConverter_rtl_8   |  finn_design_GenericPartition_2_StreamingDataWidthConverter_rtl_8_0 |         37 |         37 |       0 |     0 |    68 |      0 |      0 |    0 |          0 |
|       inst                                                 |                                   StreamingDataWidthConverter_rtl_8 |         37 |         37 |       0 |     0 |    68 |      0 |      0 |    0 |          0 |
|         impl                                               |                                             dwc_axi__parameterized7 |         37 |         37 |       0 |     0 |    68 |      0 |      0 |    0 |          0 |
|     GenericPartition_2_StreamingDataWidthConverter_rtl_9   |  finn_design_GenericPartition_2_StreamingDataWidthConverter_rtl_9_0 |         14 |         14 |       0 |     0 |    77 |      0 |      0 |    0 |          0 |
|       inst                                                 |                                   StreamingDataWidthConverter_rtl_9 |         14 |         14 |       0 |     0 |    77 |      0 |      0 |    0 |          0 |
|         impl                                               |                                                             dwc_axi |         14 |         14 |       0 |     0 |    77 |      0 |      0 |    0 |          0 |
|     GenericPartition_2_StreamingFIFO_rtl_0                 |                finn_design_GenericPartition_2_StreamingFIFO_rtl_0_0 |         15 |         15 |       0 |     0 |    23 |      0 |      0 |    0 |          0 |
|       inst                                                 |                                                 StreamingFIFO_rtl_0 |         15 |         15 |       0 |     0 |    23 |      0 |      0 |    0 |          0 |
|         impl                                               |                                                           Q_srl_201 |         15 |         15 |       0 |     0 |    23 |      0 |      0 |    0 |          0 |
|     GenericPartition_2_StreamingFIFO_rtl_1                 |                finn_design_GenericPartition_2_StreamingFIFO_rtl_1_0 |         14 |         14 |       0 |     0 |    21 |      0 |      0 |    0 |          0 |
|       inst                                                 |                                                 StreamingFIFO_rtl_1 |         14 |         14 |       0 |     0 |    21 |      0 |      0 |    0 |          0 |
|         impl                                               |                                           Q_srl__parameterized0_200 |         14 |         14 |       0 |     0 |    21 |      0 |      0 |    0 |          0 |
|     GenericPartition_2_StreamingFIFO_rtl_10                |                  GenericPartition_2_StreamingFIFO_rtl_10_imp_ICQ499 |         82 |         82 |       0 |     0 |    79 |      8 |      0 |    0 |          0 |
|       fifo                                                 |                                                  finn_design_fifo_3 |         82 |         82 |       0 |     0 |    79 |      8 |      0 |    0 |          0 |
|         inst                                               |                                axis_data_fifo_v2_0_9_top__xdcDup__1 |         82 |         82 |       0 |     0 |    79 |      8 |      0 |    0 |          0 |
|     GenericPartition_2_StreamingFIFO_rtl_100               |              finn_design_GenericPartition_2_StreamingFIFO_rtl_100_0 |         26 |         26 |       0 |     0 |    45 |      0 |      0 |    0 |          0 |
|       inst                                                 |                                                StreamingFIFO_rtl_78 |         26 |         26 |       0 |     0 |    45 |      0 |      0 |    0 |          0 |
|         impl                                               |                                           Q_srl__parameterized1_193 |         26 |         26 |       0 |     0 |    45 |      0 |      0 |    0 |          0 |
|     GenericPartition_2_StreamingFIFO_rtl_101               |              finn_design_GenericPartition_2_StreamingFIFO_rtl_101_0 |         13 |         13 |       0 |     0 |    21 |      0 |      0 |    0 |          0 |
|       inst                                                 |                                                StreamingFIFO_rtl_79 |         13 |         13 |       0 |     0 |    21 |      0 |      0 |    0 |          0 |
|         impl                                               |                                           Q_srl__parameterized0_192 |         13 |         13 |       0 |     0 |    21 |      0 |      0 |    0 |          0 |
|     GenericPartition_2_StreamingFIFO_rtl_102               |                 GenericPartition_2_StreamingFIFO_rtl_102_imp_TV8PKR |         82 |         82 |       0 |     0 |    63 |      1 |      0 |    0 |          0 |
|       fifo                                                 |                                                 finn_design_fifo_19 |         82 |         82 |       0 |     0 |    63 |      1 |      0 |    0 |          0 |
|         inst                                               |                           axis_data_fifo_v2_0_9_top__parameterized0 |         82 |         82 |       0 |     0 |    63 |      1 |      0 |    0 |          0 |
|     GenericPartition_2_StreamingFIFO_rtl_103               |                GenericPartition_2_StreamingFIFO_rtl_103_imp_1ULALUC |         71 |         71 |       0 |     0 |    59 |      0 |      1 |    0 |          0 |
|       fifo                                                 |                                                 finn_design_fifo_20 |         71 |         71 |       0 |     0 |    59 |      0 |      1 |    0 |          0 |
|         inst                                               |                           axis_data_fifo_v2_0_9_top__parameterized1 |         71 |         71 |       0 |     0 |    59 |      0 |      1 |    0 |          0 |
|     GenericPartition_2_StreamingFIFO_rtl_104               |              finn_design_GenericPartition_2_StreamingFIFO_rtl_104_0 |         76 |         44 |       0 |    32 |    28 |      0 |      0 |    0 |          0 |
|       inst                                                 |                            GenericPartition_2_StreamingFIFO_rtl_104 |         76 |         44 |       0 |    32 |    28 |      0 |      0 |    0 |          0 |
|         impl                                               |                                               Q_srl__parameterized2 |         76 |         44 |       0 |    32 |    28 |      0 |      0 |    0 |          0 |
|     GenericPartition_2_StreamingFIFO_rtl_105               |              finn_design_GenericPartition_2_StreamingFIFO_rtl_105_0 |         41 |         41 |       0 |     0 |    77 |      0 |      0 |    0 |          0 |
|       inst                                                 |                                                StreamingFIFO_rtl_81 |         41 |         41 |       0 |     0 |    77 |      0 |      0 |    0 |          0 |
|         impl                                               |                                           Q_srl__parameterized3_179 |         41 |         41 |       0 |     0 |    77 |      0 |      0 |    0 |          0 |
|     GenericPartition_2_StreamingFIFO_rtl_106               |              finn_design_GenericPartition_2_StreamingFIFO_rtl_106_0 |         24 |         24 |       0 |     0 |    41 |      0 |      0 |    0 |          0 |
|       inst                                                 |                                                StreamingFIFO_rtl_82 |         24 |         24 |       0 |     0 |    41 |      0 |      0 |    0 |          0 |
|         impl                                               |                                           Q_srl__parameterized1_178 |         24 |         24 |       0 |     0 |    41 |      0 |      0 |    0 |          0 |
|     GenericPartition_2_StreamingFIFO_rtl_107               |              finn_design_GenericPartition_2_StreamingFIFO_rtl_107_0 |         13 |         13 |       0 |     0 |    21 |      0 |      0 |    0 |          0 |
|       inst                                                 |                                                StreamingFIFO_rtl_83 |         13 |         13 |       0 |     0 |    21 |      0 |      0 |    0 |          0 |
|         impl                                               |                                           Q_srl__parameterized0_177 |         13 |         13 |       0 |     0 |    21 |      0 |      0 |    0 |          0 |
|     GenericPartition_2_StreamingFIFO_rtl_108               |              finn_design_GenericPartition_2_StreamingFIFO_rtl_108_0 |         15 |         15 |       0 |     0 |    23 |      0 |      0 |    0 |          0 |
|       inst                                                 |                                                StreamingFIFO_rtl_84 |         15 |         15 |       0 |     0 |    23 |      0 |      0 |    0 |          0 |
|         impl                                               |                                                           Q_srl_176 |         15 |         15 |       0 |     0 |    23 |      0 |      0 |    0 |          0 |
|     GenericPartition_2_StreamingFIFO_rtl_109               |              finn_design_GenericPartition_2_StreamingFIFO_rtl_109_0 |         14 |         14 |       0 |     0 |    21 |      0 |      0 |    0 |          0 |
|       inst                                                 |                                                StreamingFIFO_rtl_85 |         14 |         14 |       0 |     0 |    21 |      0 |      0 |    0 |          0 |
|         impl                                               |                                           Q_srl__parameterized0_175 |         14 |         14 |       0 |     0 |    21 |      0 |      0 |    0 |          0 |
|     GenericPartition_2_StreamingFIFO_rtl_11                |                 GenericPartition_2_StreamingFIFO_rtl_11_imp_1OCKX2A |         81 |         81 |       0 |     0 |    79 |      8 |      0 |    0 |          0 |
|       fifo                                                 |                                                  finn_design_fifo_4 |         81 |         81 |       0 |     0 |    79 |      8 |      0 |    0 |          0 |
|         inst                                               |                                axis_data_fifo_v2_0_9_top__xdcDup__2 |         81 |         81 |       0 |     0 |    79 |      8 |      0 |    0 |          0 |
|     GenericPartition_2_StreamingFIFO_rtl_110               |              finn_design_GenericPartition_2_StreamingFIFO_rtl_110_0 |         13 |         13 |       0 |     0 |    21 |      0 |      0 |    0 |          0 |
|       inst                                                 |                                                StreamingFIFO_rtl_86 |         13 |         13 |       0 |     0 |    21 |      0 |      0 |    0 |          0 |
|         impl                                               |                                           Q_srl__parameterized0_168 |         13 |         13 |       0 |     0 |    21 |      0 |      0 |    0 |          0 |
|     GenericPartition_2_StreamingFIFO_rtl_111               |              finn_design_GenericPartition_2_StreamingFIFO_rtl_111_0 |         14 |         14 |       0 |     0 |    21 |      0 |      0 |    0 |          0 |
|       inst                                                 |                                                StreamingFIFO_rtl_87 |         14 |         14 |       0 |     0 |    21 |      0 |      0 |    0 |          0 |
|         impl                                               |                                           Q_srl__parameterized0_167 |         14 |         14 |       0 |     0 |    21 |      0 |      0 |    0 |          0 |
|     GenericPartition_2_StreamingFIFO_rtl_112               |              finn_design_GenericPartition_2_StreamingFIFO_rtl_112_0 |         13 |         13 |       0 |     0 |    21 |      0 |      0 |    0 |          0 |
|       inst                                                 |                                                StreamingFIFO_rtl_88 |         13 |         13 |       0 |     0 |    21 |      0 |      0 |    0 |          0 |
|         impl                                               |                                           Q_srl__parameterized0_166 |         13 |         13 |       0 |     0 |    21 |      0 |      0 |    0 |          0 |
|     GenericPartition_2_StreamingFIFO_rtl_113               |              finn_design_GenericPartition_2_StreamingFIFO_rtl_113_0 |         70 |         70 |       0 |     0 |   133 |      0 |      0 |    0 |          0 |
|       inst                                                 |                                                StreamingFIFO_rtl_89 |         70 |         70 |       0 |     0 |   133 |      0 |      0 |    0 |          0 |
|         impl                                               |                                           Q_srl__parameterized4_165 |         70 |         70 |       0 |     0 |   133 |      0 |      0 |    0 |          0 |
|     GenericPartition_2_StreamingFIFO_rtl_114               |                 GenericPartition_2_StreamingFIFO_rtl_114_imp_OPJUHQ |         82 |         82 |       0 |     0 |    67 |      1 |      0 |    0 |          0 |
|       fifo                                                 |                                                 finn_design_fifo_21 |         82 |         82 |       0 |     0 |    67 |      1 |      0 |    0 |          0 |
|         inst                                               |                           axis_data_fifo_v2_0_9_top__parameterized2 |         82 |         82 |       0 |     0 |    67 |      1 |      0 |    0 |          0 |
|     GenericPartition_2_StreamingFIFO_rtl_115               |              finn_design_GenericPartition_2_StreamingFIFO_rtl_115_0 |         92 |         52 |       0 |    40 |    22 |      0 |      0 |    0 |          0 |
|       inst                                                 |                            GenericPartition_2_StreamingFIFO_rtl_115 |         92 |         52 |       0 |    40 |    22 |      0 |      0 |    0 |          0 |
|         impl                                               |                                               Q_srl__parameterized5 |         92 |         52 |       0 |    40 |    22 |      0 |      0 |    0 |          0 |
|     GenericPartition_2_StreamingFIFO_rtl_116               |              finn_design_GenericPartition_2_StreamingFIFO_rtl_116_0 |         45 |         45 |       0 |     0 |    85 |      0 |      0 |    0 |          0 |
|       inst                                                 |                                                StreamingFIFO_rtl_91 |         45 |         45 |       0 |     0 |    85 |      0 |      0 |    0 |          0 |
|         impl                                               |                                           Q_srl__parameterized3_158 |         45 |         45 |       0 |     0 |    85 |      0 |      0 |    0 |          0 |
|     GenericPartition_2_StreamingFIFO_rtl_117               |              finn_design_GenericPartition_2_StreamingFIFO_rtl_117_0 |         26 |         26 |       0 |     0 |    45 |      0 |      0 |    0 |          0 |
|       inst                                                 |                                                StreamingFIFO_rtl_92 |         26 |         26 |       0 |     0 |    45 |      0 |      0 |    0 |          0 |
|         impl                                               |                                           Q_srl__parameterized1_157 |         26 |         26 |       0 |     0 |    45 |      0 |      0 |    0 |          0 |
|     GenericPartition_2_StreamingFIFO_rtl_118               |              finn_design_GenericPartition_2_StreamingFIFO_rtl_118_0 |         13 |         13 |       0 |     0 |    21 |      0 |      0 |    0 |          0 |
|       inst                                                 |                                                StreamingFIFO_rtl_93 |         13 |         13 |       0 |     0 |    21 |      0 |      0 |    0 |          0 |
|         impl                                               |                                           Q_srl__parameterized0_156 |         13 |         13 |       0 |     0 |    21 |      0 |      0 |    0 |          0 |
|     GenericPartition_2_StreamingFIFO_rtl_119               |              finn_design_GenericPartition_2_StreamingFIFO_rtl_119_0 |        153 |         89 |       0 |    64 |    75 |      0 |      0 |    0 |          0 |
|       inst                                                 |                                                StreamingFIFO_rtl_94 |        153 |         89 |       0 |    64 |    75 |      0 |      0 |    0 |          0 |
|         impl                                               |                                           Q_srl__parameterized6_155 |        153 |         89 |       0 |    64 |    75 |      0 |      0 |    0 |          0 |
|     GenericPartition_2_StreamingFIFO_rtl_12                |               finn_design_GenericPartition_2_StreamingFIFO_rtl_12_0 |         25 |         25 |       0 |     0 |    43 |      0 |      0 |    0 |          0 |
|       inst                                                 |                                                 StreamingFIFO_rtl_8 |         25 |         25 |       0 |     0 |    43 |      0 |      0 |    0 |          0 |
|         impl                                               |                                           Q_srl__parameterized1_154 |         25 |         25 |       0 |     0 |    43 |      0 |      0 |    0 |          0 |
|     GenericPartition_2_StreamingFIFO_rtl_120               |              finn_design_GenericPartition_2_StreamingFIFO_rtl_120_0 |         70 |         70 |       0 |     0 |   133 |      0 |      0 |    0 |          0 |
|       inst                                                 |                                                StreamingFIFO_rtl_95 |         70 |         70 |       0 |     0 |   133 |      0 |      0 |    0 |          0 |
|         impl                                               |                                           Q_srl__parameterized4_153 |         70 |         70 |       0 |     0 |   133 |      0 |      0 |    0 |          0 |
|     GenericPartition_2_StreamingFIFO_rtl_121               |              finn_design_GenericPartition_2_StreamingFIFO_rtl_121_0 |       2965 |        661 |       0 |  2304 |   694 |      0 |      0 |    0 |          0 |
|       inst                                                 |                                                StreamingFIFO_rtl_96 |       2965 |        661 |       0 |  2304 |   694 |      0 |      0 |    0 |          0 |
|         impl                                               |                                           Q_srl__parameterized7_152 |       2965 |        661 |       0 |  2304 |   694 |      0 |      0 |    0 |          0 |
|     GenericPartition_2_StreamingFIFO_rtl_122               |                 GenericPartition_2_StreamingFIFO_rtl_122_imp_3BMMNK |         69 |         69 |       0 |     0 |    55 |      1 |      0 |    0 |          0 |
|       fifo                                                 |                                                 finn_design_fifo_22 |         69 |         69 |       0 |     0 |    55 |      1 |      0 |    0 |          0 |
|         inst                                               |                axis_data_fifo_v2_0_9_top__parameterized3__xdcDup__1 |         69 |         69 |       0 |     0 |    55 |      1 |      0 |    0 |          0 |
|     GenericPartition_2_StreamingFIFO_rtl_123               |              finn_design_GenericPartition_2_StreamingFIFO_rtl_123_0 |        128 |         88 |       0 |    40 |    81 |      0 |      0 |    0 |          0 |
|       inst                                                 |                            GenericPartition_2_StreamingFIFO_rtl_123 |        128 |         88 |       0 |    40 |    81 |      0 |      0 |    0 |          0 |
|         impl                                               |                                           Q_srl__parameterized8_145 |        128 |         88 |       0 |    40 |    81 |      0 |      0 |    0 |          0 |
|     GenericPartition_2_StreamingFIFO_rtl_124               |              finn_design_GenericPartition_2_StreamingFIFO_rtl_124_0 |         85 |         85 |       0 |     0 |   165 |      0 |      0 |    0 |          0 |
|       inst                                                 |                                                StreamingFIFO_rtl_98 |         85 |         85 |       0 |     0 |   165 |      0 |      0 |    0 |          0 |
|         impl                                               |                                           Q_srl__parameterized9_144 |         85 |         85 |       0 |     0 |   165 |      0 |      0 |    0 |          0 |
|     GenericPartition_2_StreamingFIFO_rtl_125               |              finn_design_GenericPartition_2_StreamingFIFO_rtl_125_0 |         26 |         26 |       0 |     0 |    45 |      0 |      0 |    0 |          0 |
|       inst                                                 |                                                StreamingFIFO_rtl_99 |         26 |         26 |       0 |     0 |    45 |      0 |      0 |    0 |          0 |
|         impl                                               |                                           Q_srl__parameterized1_143 |         26 |         26 |       0 |     0 |    45 |      0 |      0 |    0 |          0 |
|     GenericPartition_2_StreamingFIFO_rtl_126               |              finn_design_GenericPartition_2_StreamingFIFO_rtl_126_0 |         10 |         10 |       0 |     0 |    13 |      0 |      0 |    0 |          0 |
|       inst                                                 |                                               StreamingFIFO_rtl_100 |         10 |         10 |       0 |     0 |    13 |      0 |      0 |    0 |          0 |
|         impl                                               |                                           Q_srl__parameterized0_142 |         10 |         10 |       0 |     0 |    13 |      0 |      0 |    0 |          0 |
|     GenericPartition_2_StreamingFIFO_rtl_127               |              finn_design_GenericPartition_2_StreamingFIFO_rtl_127_0 |        111 |         47 |       0 |    64 |    22 |      0 |      0 |    0 |          0 |
|       inst                                                 |                            GenericPartition_2_StreamingFIFO_rtl_127 |        111 |         47 |       0 |    64 |    22 |      0 |      0 |    0 |          0 |
|         impl                                               |                                          Q_srl__parameterized10_141 |        111 |         47 |       0 |    64 |    22 |      0 |      0 |    0 |          0 |
|     GenericPartition_2_StreamingFIFO_rtl_128               |              finn_design_GenericPartition_2_StreamingFIFO_rtl_128_0 |         92 |         52 |       0 |    40 |    22 |      0 |      0 |    0 |          0 |
|       inst                                                 |                            GenericPartition_2_StreamingFIFO_rtl_128 |         92 |         52 |       0 |    40 |    22 |      0 |      0 |    0 |          0 |
|         impl                                               |                                              Q_srl__parameterized11 |         92 |         52 |       0 |    40 |    22 |      0 |      0 |    0 |          0 |
|     GenericPartition_2_StreamingFIFO_rtl_129               |              finn_design_GenericPartition_2_StreamingFIFO_rtl_129_0 |         25 |         25 |       0 |     0 |    45 |      0 |      0 |    0 |          0 |
|       inst                                                 |                                               StreamingFIFO_rtl_102 |         25 |         25 |       0 |     0 |    45 |      0 |      0 |    0 |          0 |
|         impl                                               |                                           Q_srl__parameterized1_140 |         25 |         25 |       0 |     0 |    45 |      0 |      0 |    0 |          0 |
|     GenericPartition_2_StreamingFIFO_rtl_13                |               finn_design_GenericPartition_2_StreamingFIFO_rtl_13_0 |         13 |         13 |       0 |     0 |    21 |      0 |      0 |    0 |          0 |
|       inst                                                 |                                                 StreamingFIFO_rtl_9 |         13 |         13 |       0 |     0 |    21 |      0 |      0 |    0 |          0 |
|         impl                                               |                                           Q_srl__parameterized0_139 |         13 |         13 |       0 |     0 |    21 |      0 |      0 |    0 |          0 |
|     GenericPartition_2_StreamingFIFO_rtl_130               |              finn_design_GenericPartition_2_StreamingFIFO_rtl_130_0 |         16 |         16 |       0 |     0 |    25 |      0 |      0 |    0 |          0 |
|       inst                                                 |                                               StreamingFIFO_rtl_103 |         16 |         16 |       0 |     0 |    25 |      0 |      0 |    0 |          0 |
|         impl                                               |                                                           Q_srl_138 |         16 |         16 |       0 |     0 |    25 |      0 |      0 |    0 |          0 |
|     GenericPartition_2_StreamingFIFO_rtl_131               |              finn_design_GenericPartition_2_StreamingFIFO_rtl_131_0 |         13 |         13 |       0 |     0 |    21 |      0 |      0 |    0 |          0 |
|       inst                                                 |                                               StreamingFIFO_rtl_104 |         13 |         13 |       0 |     0 |    21 |      0 |      0 |    0 |          0 |
|         impl                                               |                                           Q_srl__parameterized0_137 |         13 |         13 |       0 |     0 |    21 |      0 |      0 |    0 |          0 |
|     GenericPartition_2_StreamingFIFO_rtl_132               |              finn_design_GenericPartition_2_StreamingFIFO_rtl_132_0 |         14 |         14 |       0 |     0 |    23 |      0 |      0 |    0 |          0 |
|       inst                                                 |                                               StreamingFIFO_rtl_105 |         14 |         14 |       0 |     0 |    23 |      0 |      0 |    0 |          0 |
|         impl                                               |                                                           Q_srl_136 |         14 |         14 |       0 |     0 |    23 |      0 |      0 |    0 |          0 |
|     GenericPartition_2_StreamingFIFO_rtl_14                |               finn_design_GenericPartition_2_StreamingFIFO_rtl_14_0 |        153 |         89 |       0 |    64 |    75 |      0 |      0 |    0 |          0 |
|       inst                                                 |                                                StreamingFIFO_rtl_10 |        153 |         89 |       0 |    64 |    75 |      0 |      0 |    0 |          0 |
|         impl                                               |                                           Q_srl__parameterized6_135 |        153 |         89 |       0 |    64 |    75 |      0 |      0 |    0 |          0 |
|     GenericPartition_2_StreamingFIFO_rtl_15                |               finn_design_GenericPartition_2_StreamingFIFO_rtl_15_0 |         70 |         70 |       0 |     0 |   133 |      0 |      0 |    0 |          0 |
|       inst                                                 |                                                StreamingFIFO_rtl_11 |         70 |         70 |       0 |     0 |   133 |      0 |      0 |    0 |          0 |
|         impl                                               |                                           Q_srl__parameterized4_134 |         70 |         70 |       0 |     0 |   133 |      0 |      0 |    0 |          0 |
|     GenericPartition_2_StreamingFIFO_rtl_16                |               finn_design_GenericPartition_2_StreamingFIFO_rtl_16_0 |       2966 |        662 |       0 |  2304 |   696 |      0 |      0 |    0 |          0 |
|       inst                                                 |                                                StreamingFIFO_rtl_12 |       2966 |        662 |       0 |  2304 |   696 |      0 |      0 |    0 |          0 |
|         impl                                               |                                               Q_srl__parameterized7 |       2966 |        662 |       0 |  2304 |   696 |      0 |      0 |    0 |          0 |
|     GenericPartition_2_StreamingFIFO_rtl_17                |                  GenericPartition_2_StreamingFIFO_rtl_17_imp_F6RXQA |         67 |         67 |       0 |     0 |    55 |      1 |      0 |    0 |          0 |
|       fifo                                                 |                                                  finn_design_fifo_5 |         67 |         67 |       0 |     0 |    55 |      1 |      0 |    0 |          0 |
|         inst                                               |                           axis_data_fifo_v2_0_9_top__parameterized3 |         67 |         67 |       0 |     0 |    55 |      1 |      0 |    0 |          0 |
|     GenericPartition_2_StreamingFIFO_rtl_18                |               finn_design_GenericPartition_2_StreamingFIFO_rtl_18_0 |        128 |         88 |       0 |    40 |    81 |      0 |      0 |    0 |          0 |
|       inst                                                 |                             GenericPartition_2_StreamingFIFO_rtl_18 |        128 |         88 |       0 |    40 |    81 |      0 |      0 |    0 |          0 |
|         impl                                               |                                               Q_srl__parameterized8 |        128 |         88 |       0 |    40 |    81 |      0 |      0 |    0 |          0 |
|     GenericPartition_2_StreamingFIFO_rtl_19                |               finn_design_GenericPartition_2_StreamingFIFO_rtl_19_0 |         85 |         85 |       0 |     0 |   165 |      0 |      0 |    0 |          0 |
|       inst                                                 |                                                StreamingFIFO_rtl_14 |         85 |         85 |       0 |     0 |   165 |      0 |      0 |    0 |          0 |
|         impl                                               |                                           Q_srl__parameterized9_127 |         85 |         85 |       0 |     0 |   165 |      0 |      0 |    0 |          0 |
|     GenericPartition_2_StreamingFIFO_rtl_2                 |                finn_design_GenericPartition_2_StreamingFIFO_rtl_2_0 |         13 |         13 |       0 |     0 |    21 |      0 |      0 |    0 |          0 |
|       inst                                                 |                                                 StreamingFIFO_rtl_2 |         13 |         13 |       0 |     0 |    21 |      0 |      0 |    0 |          0 |
|         impl                                               |                                           Q_srl__parameterized0_126 |         13 |         13 |       0 |     0 |    21 |      0 |      0 |    0 |          0 |
|     GenericPartition_2_StreamingFIFO_rtl_20                |               finn_design_GenericPartition_2_StreamingFIFO_rtl_20_0 |         26 |         26 |       0 |     0 |    45 |      0 |      0 |    0 |          0 |
|       inst                                                 |                                                StreamingFIFO_rtl_15 |         26 |         26 |       0 |     0 |    45 |      0 |      0 |    0 |          0 |
|         impl                                               |                                           Q_srl__parameterized1_125 |         26 |         26 |       0 |     0 |    45 |      0 |      0 |    0 |          0 |
|     GenericPartition_2_StreamingFIFO_rtl_21                |               finn_design_GenericPartition_2_StreamingFIFO_rtl_21_0 |        110 |         46 |       0 |    64 |    22 |      0 |      0 |    0 |          0 |
|       inst                                                 |                             GenericPartition_2_StreamingFIFO_rtl_21 |        110 |         46 |       0 |    64 |    22 |      0 |      0 |    0 |          0 |
|         impl                                               |                                          Q_srl__parameterized10_124 |        110 |         46 |       0 |    64 |    22 |      0 |      0 |    0 |          0 |
|     GenericPartition_2_StreamingFIFO_rtl_22                |               finn_design_GenericPartition_2_StreamingFIFO_rtl_22_0 |         19 |         19 |       0 |     0 |    32 |      0 |      0 |    0 |          0 |
|       inst                                                 |                             GenericPartition_2_StreamingFIFO_rtl_22 |         19 |         19 |       0 |     0 |    32 |      0 |      0 |    0 |          0 |
|         impl                                               |                                              Q_srl__parameterized12 |         19 |         19 |       0 |     0 |    32 |      0 |      0 |    0 |          0 |
|     GenericPartition_2_StreamingFIFO_rtl_23                |                 GenericPartition_2_StreamingFIFO_rtl_23_imp_11UVLTF |        105 |        105 |       0 |     0 |    75 |      7 |      1 |    0 |          0 |
|       fifo                                                 |                                                  finn_design_fifo_6 |        105 |        105 |       0 |     0 |    75 |      7 |      1 |    0 |          0 |
|         inst                                               |                           axis_data_fifo_v2_0_9_top__parameterized4 |        105 |        105 |       0 |     0 |    75 |      7 |      1 |    0 |          0 |
|     GenericPartition_2_StreamingFIFO_rtl_24                |               finn_design_GenericPartition_2_StreamingFIFO_rtl_24_0 |         33 |         33 |       0 |     0 |    61 |      0 |      0 |    0 |          0 |
|       inst                                                 |                                                StreamingFIFO_rtl_18 |         33 |         33 |       0 |     0 |    61 |      0 |      0 |    0 |          0 |
|         impl                                               |                                          Q_srl__parameterized13_117 |         33 |         33 |       0 |     0 |    61 |      0 |      0 |    0 |          0 |
|     GenericPartition_2_StreamingFIFO_rtl_25                |               finn_design_GenericPartition_2_StreamingFIFO_rtl_25_0 |         20 |         20 |       0 |     0 |    33 |      0 |      0 |    0 |          0 |
|       inst                                                 |                                                StreamingFIFO_rtl_19 |         20 |         20 |       0 |     0 |    33 |      0 |      0 |    0 |          0 |
|         impl                                               |                                                           Q_srl_116 |         20 |         20 |       0 |     0 |    33 |      0 |      0 |    0 |          0 |
|     GenericPartition_2_StreamingFIFO_rtl_26                |               finn_design_GenericPartition_2_StreamingFIFO_rtl_26_0 |         13 |         13 |       0 |     0 |    21 |      0 |      0 |    0 |          0 |
|       inst                                                 |                                                StreamingFIFO_rtl_20 |         13 |         13 |       0 |     0 |    21 |      0 |      0 |    0 |          0 |
|         impl                                               |                                           Q_srl__parameterized0_115 |         13 |         13 |       0 |     0 |    21 |      0 |      0 |    0 |          0 |
|     GenericPartition_2_StreamingFIFO_rtl_27                |               finn_design_GenericPartition_2_StreamingFIFO_rtl_27_0 |         15 |         15 |       0 |     0 |    23 |      0 |      0 |    0 |          0 |
|       inst                                                 |                                                StreamingFIFO_rtl_21 |         15 |         15 |       0 |     0 |    23 |      0 |      0 |    0 |          0 |
|         impl                                               |                                                           Q_srl_114 |         15 |         15 |       0 |     0 |    23 |      0 |      0 |    0 |          0 |
|     GenericPartition_2_StreamingFIFO_rtl_28                |               finn_design_GenericPartition_2_StreamingFIFO_rtl_28_0 |         14 |         14 |       0 |     0 |    21 |      0 |      0 |    0 |          0 |
|       inst                                                 |                                                StreamingFIFO_rtl_22 |         14 |         14 |       0 |     0 |    21 |      0 |      0 |    0 |          0 |
|         impl                                               |                                           Q_srl__parameterized0_113 |         14 |         14 |       0 |     0 |    21 |      0 |      0 |    0 |          0 |
|     GenericPartition_2_StreamingFIFO_rtl_29                |               finn_design_GenericPartition_2_StreamingFIFO_rtl_29_0 |         14 |         14 |       0 |     0 |    21 |      0 |      0 |    0 |          0 |
|       inst                                                 |                                                StreamingFIFO_rtl_23 |         14 |         14 |       0 |     0 |    21 |      0 |      0 |    0 |          0 |
|         impl                                               |                                           Q_srl__parameterized0_112 |         14 |         14 |       0 |     0 |    21 |      0 |      0 |    0 |          0 |
|     GenericPartition_2_StreamingFIFO_rtl_3                 |                  GenericPartition_2_StreamingFIFO_rtl_3_imp_1CN79YI |         76 |         76 |       0 |     0 |    63 |      0 |      1 |    0 |          0 |
|       fifo                                                 |                                                  finn_design_fifo_0 |         76 |         76 |       0 |     0 |    63 |      0 |      1 |    0 |          0 |
|         inst                                               |                           axis_data_fifo_v2_0_9_top__parameterized5 |         76 |         76 |       0 |     0 |    63 |      0 |      1 |    0 |          0 |
|     GenericPartition_2_StreamingFIFO_rtl_30                |               finn_design_GenericPartition_2_StreamingFIFO_rtl_30_0 |         14 |         14 |       0 |     0 |    21 |      0 |      0 |    0 |          0 |
|       inst                                                 |                                                StreamingFIFO_rtl_24 |         14 |         14 |       0 |     0 |    21 |      0 |      0 |    0 |          0 |
|         impl                                               |                                           Q_srl__parameterized0_107 |         14 |         14 |       0 |     0 |    21 |      0 |      0 |    0 |          0 |
|     GenericPartition_2_StreamingFIFO_rtl_31                |               finn_design_GenericPartition_2_StreamingFIFO_rtl_31_0 |         13 |         13 |       0 |     0 |    21 |      0 |      0 |    0 |          0 |
|       inst                                                 |                                                StreamingFIFO_rtl_25 |         13 |         13 |       0 |     0 |    21 |      0 |      0 |    0 |          0 |
|         impl                                               |                                           Q_srl__parameterized0_106 |         13 |         13 |       0 |     0 |    21 |      0 |      0 |    0 |          0 |
|     GenericPartition_2_StreamingFIFO_rtl_32                |               finn_design_GenericPartition_2_StreamingFIFO_rtl_32_0 |         70 |         70 |       0 |     0 |   133 |      0 |      0 |    0 |          0 |
|       inst                                                 |                                                StreamingFIFO_rtl_26 |         70 |         70 |       0 |     0 |   133 |      0 |      0 |    0 |          0 |
|         impl                                               |                                           Q_srl__parameterized4_105 |         70 |         70 |       0 |     0 |   133 |      0 |      0 |    0 |          0 |
|     GenericPartition_2_StreamingFIFO_rtl_33                |                  GenericPartition_2_StreamingFIFO_rtl_33_imp_NU32YE |         94 |         94 |       0 |     0 |    71 |      2 |      0 |    0 |          0 |
|       fifo                                                 |                                                  finn_design_fifo_7 |         94 |         94 |       0 |     0 |    71 |      2 |      0 |    0 |          0 |
|         inst                                               |                           axis_data_fifo_v2_0_9_top__parameterized6 |         94 |         94 |       0 |     0 |    71 |      2 |      0 |    0 |          0 |
|     GenericPartition_2_StreamingFIFO_rtl_34                |               finn_design_GenericPartition_2_StreamingFIFO_rtl_34_0 |        107 |         51 |       0 |    56 |    22 |      0 |      0 |    0 |          0 |
|       inst                                                 |                             GenericPartition_2_StreamingFIFO_rtl_34 |        107 |         51 |       0 |    56 |    22 |      0 |      0 |    0 |          0 |
|         impl                                               |                                              Q_srl__parameterized14 |        107 |         51 |       0 |    56 |    22 |      0 |      0 |    0 |          0 |
|     GenericPartition_2_StreamingFIFO_rtl_35                |               finn_design_GenericPartition_2_StreamingFIFO_rtl_35_0 |         37 |         37 |       0 |     0 |    69 |      0 |      0 |    0 |          0 |
|       inst                                                 |                                                StreamingFIFO_rtl_28 |         37 |         37 |       0 |     0 |    69 |      0 |      0 |    0 |          0 |
|         impl                                               |                                          Q_srl__parameterized13_100 |         37 |         37 |       0 |     0 |    69 |      0 |      0 |    0 |          0 |
|     GenericPartition_2_StreamingFIFO_rtl_36                |               finn_design_GenericPartition_2_StreamingFIFO_rtl_36_0 |         22 |         22 |       0 |     0 |    37 |      0 |      0 |    0 |          0 |
|       inst                                                 |                                                StreamingFIFO_rtl_29 |         22 |         22 |       0 |     0 |    37 |      0 |      0 |    0 |          0 |
|         impl                                               |                                                            Q_srl_99 |         22 |         22 |       0 |     0 |    37 |      0 |      0 |    0 |          0 |
|     GenericPartition_2_StreamingFIFO_rtl_37                |               finn_design_GenericPartition_2_StreamingFIFO_rtl_37_0 |         13 |         13 |       0 |     0 |    21 |      0 |      0 |    0 |          0 |
|       inst                                                 |                                                StreamingFIFO_rtl_30 |         13 |         13 |       0 |     0 |    21 |      0 |      0 |    0 |          0 |
|         impl                                               |                                            Q_srl__parameterized0_98 |         13 |         13 |       0 |     0 |    21 |      0 |      0 |    0 |          0 |
|     GenericPartition_2_StreamingFIFO_rtl_38                |               finn_design_GenericPartition_2_StreamingFIFO_rtl_38_0 |        152 |         88 |       0 |    64 |    75 |      0 |      0 |    0 |          0 |
|       inst                                                 |                                                StreamingFIFO_rtl_31 |        152 |         88 |       0 |    64 |    75 |      0 |      0 |    0 |          0 |
|         impl                                               |                                            Q_srl__parameterized6_97 |        152 |         88 |       0 |    64 |    75 |      0 |      0 |    0 |          0 |
|     GenericPartition_2_StreamingFIFO_rtl_39                |               finn_design_GenericPartition_2_StreamingFIFO_rtl_39_0 |         71 |         71 |       0 |     0 |   133 |      0 |      0 |    0 |          0 |
|       inst                                                 |                                                StreamingFIFO_rtl_32 |         71 |         71 |       0 |     0 |   133 |      0 |      0 |    0 |          0 |
|         impl                                               |                                            Q_srl__parameterized4_96 |         71 |         71 |       0 |     0 |   133 |      0 |      0 |    0 |          0 |
|     GenericPartition_2_StreamingFIFO_rtl_4                 |                finn_design_GenericPartition_2_StreamingFIFO_rtl_4_0 |         13 |         13 |       0 |     0 |    21 |      0 |      0 |    0 |          0 |
|       inst                                                 |                                                 StreamingFIFO_rtl_4 |         13 |         13 |       0 |     0 |    21 |      0 |      0 |    0 |          0 |
|         impl                                               |                                            Q_srl__parameterized0_95 |         13 |         13 |       0 |     0 |    21 |      0 |      0 |    0 |          0 |
|     GenericPartition_2_StreamingFIFO_rtl_40                |               finn_design_GenericPartition_2_StreamingFIFO_rtl_40_0 |       5388 |       1356 |       0 |  4032 |   749 |      0 |      0 |    0 |          0 |
|       inst                                                 |                                                StreamingFIFO_rtl_33 |       5388 |       1356 |       0 |  4032 |   749 |      0 |      0 |    0 |          0 |
|         impl                                               |                                              Q_srl__parameterized15 |       5388 |       1356 |       0 |  4032 |   749 |      0 |      0 |    0 |          0 |
|     GenericPartition_2_StreamingFIFO_rtl_41                |                 GenericPartition_2_StreamingFIFO_rtl_41_imp_1IKMOVL |         70 |         70 |       0 |     0 |    59 |      2 |      0 |    0 |          0 |
|       fifo                                                 |                                                  finn_design_fifo_8 |         70 |         70 |       0 |     0 |    59 |      2 |      0 |    0 |          0 |
|         inst                                               |                           axis_data_fifo_v2_0_9_top__parameterized7 |         70 |         70 |       0 |     0 |    59 |      2 |      0 |    0 |          0 |
|     GenericPartition_2_StreamingFIFO_rtl_42                |               finn_design_GenericPartition_2_StreamingFIFO_rtl_42_0 |        134 |         94 |       0 |    40 |    82 |      0 |      0 |    0 |          0 |
|       inst                                                 |                             GenericPartition_2_StreamingFIFO_rtl_42 |        134 |         94 |       0 |    40 |    82 |      0 |      0 |    0 |          0 |
|         impl                                               |                                              Q_srl__parameterized16 |        134 |         94 |       0 |    40 |    82 |      0 |      0 |    0 |          0 |
|     GenericPartition_2_StreamingFIFO_rtl_43                |               finn_design_GenericPartition_2_StreamingFIFO_rtl_43_0 |         85 |         85 |       0 |     0 |   165 |      0 |      0 |    0 |          0 |
|       inst                                                 |                                                StreamingFIFO_rtl_35 |         85 |         85 |       0 |     0 |   165 |      0 |      0 |    0 |          0 |
|         impl                                               |                                            Q_srl__parameterized9_88 |         85 |         85 |       0 |     0 |   165 |      0 |      0 |    0 |          0 |
|     GenericPartition_2_StreamingFIFO_rtl_44                |               finn_design_GenericPartition_2_StreamingFIFO_rtl_44_0 |         26 |         26 |       0 |     0 |    45 |      0 |      0 |    0 |          0 |
|       inst                                                 |                                                StreamingFIFO_rtl_36 |         26 |         26 |       0 |     0 |    45 |      0 |      0 |    0 |          0 |
|         impl                                               |                                            Q_srl__parameterized1_87 |         26 |         26 |       0 |     0 |    45 |      0 |      0 |    0 |          0 |
|     GenericPartition_2_StreamingFIFO_rtl_45                |               finn_design_GenericPartition_2_StreamingFIFO_rtl_45_0 |         13 |         13 |       0 |     0 |    21 |      0 |      0 |    0 |          0 |
|       inst                                                 |                                                StreamingFIFO_rtl_37 |         13 |         13 |       0 |     0 |    21 |      0 |      0 |    0 |          0 |
|         impl                                               |                                            Q_srl__parameterized0_86 |         13 |         13 |       0 |     0 |    21 |      0 |      0 |    0 |          0 |
|     GenericPartition_2_StreamingFIFO_rtl_46                |                 GenericPartition_2_StreamingFIFO_rtl_46_imp_1CW6TJ2 |         66 |         66 |       0 |     0 |    55 |      0 |      1 |    0 |          0 |
|       fifo                                                 |                                                  finn_design_fifo_9 |         66 |         66 |       0 |     0 |    55 |      0 |      1 |    0 |          0 |
|         inst                                               |                           axis_data_fifo_v2_0_9_top__parameterized8 |         66 |         66 |       0 |     0 |    55 |      0 |      1 |    0 |          0 |
|     GenericPartition_2_StreamingFIFO_rtl_47                |               finn_design_GenericPartition_2_StreamingFIFO_rtl_47_0 |        181 |         53 |       0 |   128 |   110 |      0 |      0 |    0 |          0 |
|       inst                                                 |                             GenericPartition_2_StreamingFIFO_rtl_47 |        181 |         53 |       0 |   128 |   110 |      0 |      0 |    0 |          0 |
|         impl                                               |                                              Q_srl__parameterized17 |        181 |         53 |       0 |   128 |   110 |      0 |      0 |    0 |          0 |
|     GenericPartition_2_StreamingFIFO_rtl_48                |               finn_design_GenericPartition_2_StreamingFIFO_rtl_48_0 |         43 |         35 |       0 |     8 |    26 |      0 |      0 |    0 |          0 |
|       inst                                                 |                             GenericPartition_2_StreamingFIFO_rtl_48 |         43 |         35 |       0 |     8 |    26 |      0 |      0 |    0 |          0 |
|         impl                                               |                                              Q_srl__parameterized18 |         43 |         35 |       0 |     8 |    26 |      0 |      0 |    0 |          0 |
|     GenericPartition_2_StreamingFIFO_rtl_49                |               finn_design_GenericPartition_2_StreamingFIFO_rtl_49_0 |         33 |         33 |       0 |     0 |    61 |      0 |      0 |    0 |          0 |
|       inst                                                 |                                                StreamingFIFO_rtl_39 |         33 |         33 |       0 |     0 |    61 |      0 |      0 |    0 |          0 |
|         impl                                               |                                           Q_srl__parameterized13_79 |         33 |         33 |       0 |     0 |    61 |      0 |      0 |    0 |          0 |
|     GenericPartition_2_StreamingFIFO_rtl_5                 |                finn_design_GenericPartition_2_StreamingFIFO_rtl_5_0 |         71 |         47 |       0 |    24 |    21 |      0 |      0 |    0 |          0 |
|       inst                                                 |                              GenericPartition_2_StreamingFIFO_rtl_5 |         71 |         47 |       0 |    24 |    21 |      0 |      0 |    0 |          0 |
|         impl                                               |                                              Q_srl__parameterized19 |         71 |         47 |       0 |    24 |    21 |      0 |      0 |    0 |          0 |
|     GenericPartition_2_StreamingFIFO_rtl_50                |               finn_design_GenericPartition_2_StreamingFIFO_rtl_50_0 |         20 |         20 |       0 |     0 |    33 |      0 |      0 |    0 |          0 |
|       inst                                                 |                                                StreamingFIFO_rtl_40 |         20 |         20 |       0 |     0 |    33 |      0 |      0 |    0 |          0 |
|         impl                                               |                                                            Q_srl_78 |         20 |         20 |       0 |     0 |    33 |      0 |      0 |    0 |          0 |
|     GenericPartition_2_StreamingFIFO_rtl_51                |               finn_design_GenericPartition_2_StreamingFIFO_rtl_51_0 |         13 |         13 |       0 |     0 |    21 |      0 |      0 |    0 |          0 |
|       inst                                                 |                                                StreamingFIFO_rtl_41 |         13 |         13 |       0 |     0 |    21 |      0 |      0 |    0 |          0 |
|         impl                                               |                                            Q_srl__parameterized0_77 |         13 |         13 |       0 |     0 |    21 |      0 |      0 |    0 |          0 |
|     GenericPartition_2_StreamingFIFO_rtl_52                |               finn_design_GenericPartition_2_StreamingFIFO_rtl_52_0 |         15 |         15 |       0 |     0 |    23 |      0 |      0 |    0 |          0 |
|       inst                                                 |                                                StreamingFIFO_rtl_42 |         15 |         15 |       0 |     0 |    23 |      0 |      0 |    0 |          0 |
|         impl                                               |                                                            Q_srl_76 |         15 |         15 |       0 |     0 |    23 |      0 |      0 |    0 |          0 |
|     GenericPartition_2_StreamingFIFO_rtl_53                |               finn_design_GenericPartition_2_StreamingFIFO_rtl_53_0 |         14 |         14 |       0 |     0 |    21 |      0 |      0 |    0 |          0 |
|       inst                                                 |                                                StreamingFIFO_rtl_43 |         14 |         14 |       0 |     0 |    21 |      0 |      0 |    0 |          0 |
|         impl                                               |                                            Q_srl__parameterized0_75 |         14 |         14 |       0 |     0 |    21 |      0 |      0 |    0 |          0 |
|     GenericPartition_2_StreamingFIFO_rtl_54                |               finn_design_GenericPartition_2_StreamingFIFO_rtl_54_0 |         13 |         13 |       0 |     0 |    21 |      0 |      0 |    0 |          0 |
|       inst                                                 |                                                StreamingFIFO_rtl_44 |         13 |         13 |       0 |     0 |    21 |      0 |      0 |    0 |          0 |
|         impl                                               |                                            Q_srl__parameterized0_74 |         13 |         13 |       0 |     0 |    21 |      0 |      0 |    0 |          0 |
|     GenericPartition_2_StreamingFIFO_rtl_55                |               finn_design_GenericPartition_2_StreamingFIFO_rtl_55_0 |         14 |         14 |       0 |     0 |    21 |      0 |      0 |    0 |          0 |
|       inst                                                 |                                                StreamingFIFO_rtl_45 |         14 |         14 |       0 |     0 |    21 |      0 |      0 |    0 |          0 |
|         impl                                               |                                            Q_srl__parameterized0_73 |         14 |         14 |       0 |     0 |    21 |      0 |      0 |    0 |          0 |
|     GenericPartition_2_StreamingFIFO_rtl_56                |               finn_design_GenericPartition_2_StreamingFIFO_rtl_56_0 |         13 |         13 |       0 |     0 |    21 |      0 |      0 |    0 |          0 |
|       inst                                                 |                                                StreamingFIFO_rtl_46 |         13 |         13 |       0 |     0 |    21 |      0 |      0 |    0 |          0 |
|         impl                                               |                                            Q_srl__parameterized0_72 |         13 |         13 |       0 |     0 |    21 |      0 |      0 |    0 |          0 |
|     GenericPartition_2_StreamingFIFO_rtl_57                |               finn_design_GenericPartition_2_StreamingFIFO_rtl_57_0 |         70 |         70 |       0 |     0 |   133 |      0 |      0 |    0 |          0 |
|       inst                                                 |                                                StreamingFIFO_rtl_47 |         70 |         70 |       0 |     0 |   133 |      0 |      0 |    0 |          0 |
|         impl                                               |                                            Q_srl__parameterized4_71 |         70 |         70 |       0 |     0 |   133 |      0 |      0 |    0 |          0 |
|     GenericPartition_2_StreamingFIFO_rtl_58                |                 GenericPartition_2_StreamingFIFO_rtl_58_imp_10S5N51 |        104 |        104 |       0 |     0 |    75 |      4 |      0 |    0 |          0 |
|       fifo                                                 |                                                 finn_design_fifo_10 |        104 |        104 |       0 |     0 |    75 |      4 |      0 |    0 |          0 |
|         inst                                               |                           axis_data_fifo_v2_0_9_top__parameterized9 |        104 |        104 |       0 |     0 |    75 |      4 |      0 |    0 |          0 |
|     GenericPartition_2_StreamingFIFO_rtl_59                |               finn_design_GenericPartition_2_StreamingFIFO_rtl_59_0 |        110 |         46 |       0 |    64 |    22 |      0 |      0 |    0 |          0 |
|       inst                                                 |                             GenericPartition_2_StreamingFIFO_rtl_59 |        110 |         46 |       0 |    64 |    22 |      0 |      0 |    0 |          0 |
|         impl                                               |                                              Q_srl__parameterized10 |        110 |         46 |       0 |    64 |    22 |      0 |      0 |    0 |          0 |
|     GenericPartition_2_StreamingFIFO_rtl_6                 |                finn_design_GenericPartition_2_StreamingFIFO_rtl_6_0 |         70 |         70 |       0 |     0 |   133 |      0 |      0 |    0 |          0 |
|       inst                                                 |                                                 StreamingFIFO_rtl_5 |         70 |         70 |       0 |     0 |   133 |      0 |      0 |    0 |          0 |
|         impl                                               |                                            Q_srl__parameterized4_66 |         70 |         70 |       0 |     0 |   133 |      0 |      0 |    0 |          0 |
|     GenericPartition_2_StreamingFIFO_rtl_60                |               finn_design_GenericPartition_2_StreamingFIFO_rtl_60_0 |         72 |         48 |       0 |    24 |    21 |      0 |      0 |    0 |          0 |
|       inst                                                 |                             GenericPartition_2_StreamingFIFO_rtl_60 |         72 |         48 |       0 |    24 |    21 |      0 |      0 |    0 |          0 |
|         impl                                               |                                              Q_srl__parameterized20 |         72 |         48 |       0 |    24 |    21 |      0 |      0 |    0 |          0 |
|     GenericPartition_2_StreamingFIFO_rtl_61                |               finn_design_GenericPartition_2_StreamingFIFO_rtl_61_0 |         45 |         45 |       0 |     0 |    85 |      0 |      0 |    0 |          0 |
|       inst                                                 |                                                StreamingFIFO_rtl_49 |         45 |         45 |       0 |     0 |    85 |      0 |      0 |    0 |          0 |
|         impl                                               |                                            Q_srl__parameterized3_65 |         45 |         45 |       0 |     0 |    85 |      0 |      0 |    0 |          0 |
|     GenericPartition_2_StreamingFIFO_rtl_62                |               finn_design_GenericPartition_2_StreamingFIFO_rtl_62_0 |         26 |         26 |       0 |     0 |    45 |      0 |      0 |    0 |          0 |
|       inst                                                 |                                                StreamingFIFO_rtl_50 |         26 |         26 |       0 |     0 |    45 |      0 |      0 |    0 |          0 |
|         impl                                               |                                            Q_srl__parameterized1_64 |         26 |         26 |       0 |     0 |    45 |      0 |      0 |    0 |          0 |
|     GenericPartition_2_StreamingFIFO_rtl_63                |               finn_design_GenericPartition_2_StreamingFIFO_rtl_63_0 |         13 |         13 |       0 |     0 |    21 |      0 |      0 |    0 |          0 |
|       inst                                                 |                                                StreamingFIFO_rtl_51 |         13 |         13 |       0 |     0 |    21 |      0 |      0 |    0 |          0 |
|         impl                                               |                                            Q_srl__parameterized0_63 |         13 |         13 |       0 |     0 |    21 |      0 |      0 |    0 |          0 |
|     GenericPartition_2_StreamingFIFO_rtl_64                |               finn_design_GenericPartition_2_StreamingFIFO_rtl_64_0 |        152 |         88 |       0 |    64 |    75 |      0 |      0 |    0 |          0 |
|       inst                                                 |                                                StreamingFIFO_rtl_52 |        152 |         88 |       0 |    64 |    75 |      0 |      0 |    0 |          0 |
|         impl                                               |                                               Q_srl__parameterized6 |        152 |         88 |       0 |    64 |    75 |      0 |      0 |    0 |          0 |
|     GenericPartition_2_StreamingFIFO_rtl_65                |               finn_design_GenericPartition_2_StreamingFIFO_rtl_65_0 |         70 |         70 |       0 |     0 |   133 |      0 |      0 |    0 |          0 |
|       inst                                                 |                                                StreamingFIFO_rtl_53 |         70 |         70 |       0 |     0 |   133 |      0 |      0 |    0 |          0 |
|         impl                                               |                                            Q_srl__parameterized4_62 |         70 |         70 |       0 |     0 |   133 |      0 |      0 |    0 |          0 |
|     GenericPartition_2_StreamingFIFO_rtl_66                |               finn_design_GenericPartition_2_StreamingFIFO_rtl_66_0 |       5420 |        812 |       0 |  4608 |   776 |      0 |      0 |    0 |          0 |
|       inst                                                 |                             GenericPartition_2_StreamingFIFO_rtl_66 |       5420 |        812 |       0 |  4608 |   776 |      0 |      0 |    0 |          0 |
|         impl                                               |                                           Q_srl__parameterized21_61 |       5420 |        812 |       0 |  4608 |   776 |      0 |      0 |    0 |          0 |
|     GenericPartition_2_StreamingFIFO_rtl_67                |               finn_design_GenericPartition_2_StreamingFIFO_rtl_67_0 |       2994 |        690 |       0 |  2304 |   661 |      0 |      0 |    0 |          0 |
|       inst                                                 |                             GenericPartition_2_StreamingFIFO_rtl_67 |       2994 |        690 |       0 |  2304 |   661 |      0 |      0 |    0 |          0 |
|         impl                                               |                                              Q_srl__parameterized22 |       2994 |        690 |       0 |  2304 |   661 |      0 |      0 |    0 |          0 |
|     GenericPartition_2_StreamingFIFO_rtl_68                |                  GenericPartition_2_StreamingFIFO_rtl_68_imp_FWWHIJ |         71 |         71 |       0 |     0 |    59 |      4 |      0 |    0 |          0 |
|       fifo                                                 |                                                 finn_design_fifo_11 |         71 |         71 |       0 |     0 |    59 |      4 |      0 |    0 |          0 |
|         inst                                               |                          axis_data_fifo_v2_0_9_top__parameterized10 |         71 |         71 |       0 |     0 |    59 |      4 |      0 |    0 |          0 |
|     GenericPartition_2_StreamingFIFO_rtl_69                |                 GenericPartition_2_StreamingFIFO_rtl_69_imp_19857ES |         67 |         67 |       0 |     0 |    55 |      2 |      0 |    0 |          0 |
|       fifo                                                 |                                                 finn_design_fifo_12 |         67 |         67 |       0 |     0 |    55 |      2 |      0 |    0 |          0 |
|         inst                                               |                          axis_data_fifo_v2_0_9_top__parameterized11 |         67 |         67 |       0 |     0 |    55 |      2 |      0 |    0 |          0 |
|     GenericPartition_2_StreamingFIFO_rtl_7                 |                  GenericPartition_2_StreamingFIFO_rtl_7_imp_1BTGVV9 |         82 |         82 |       0 |     0 |    79 |      8 |      0 |    0 |          0 |
|       fifo                                                 |                                                  finn_design_fifo_1 |         82 |         82 |       0 |     0 |    79 |      8 |      0 |    0 |          0 |
|         inst                                               |                                axis_data_fifo_v2_0_9_top__xdcDup__3 |         82 |         82 |       0 |     0 |    79 |      8 |      0 |    0 |          0 |
|     GenericPartition_2_StreamingFIFO_rtl_70                |               finn_design_GenericPartition_2_StreamingFIFO_rtl_70_0 |        311 |        167 |       0 |   144 |   155 |      0 |      0 |    0 |          0 |
|       inst                                                 |                             GenericPartition_2_StreamingFIFO_rtl_70 |        311 |        167 |       0 |   144 |   155 |      0 |      0 |    0 |          0 |
|         impl                                               |                                              Q_srl__parameterized23 |        311 |        167 |       0 |   144 |   155 |      0 |      0 |    0 |          0 |
|     GenericPartition_2_StreamingFIFO_rtl_71                |               finn_design_GenericPartition_2_StreamingFIFO_rtl_71_0 |         38 |         38 |       0 |     0 |    69 |      0 |      0 |    0 |          0 |
|       inst                                                 |                                                StreamingFIFO_rtl_56 |         38 |         38 |       0 |     0 |    69 |      0 |      0 |    0 |          0 |
|         impl                                               |                                              Q_srl__parameterized13 |         38 |         38 |       0 |     0 |    69 |      0 |      0 |    0 |          0 |
|     GenericPartition_2_StreamingFIFO_rtl_72                |               finn_design_GenericPartition_2_StreamingFIFO_rtl_72_0 |         22 |         22 |       0 |     0 |    37 |      0 |      0 |    0 |          0 |
|       inst                                                 |                                                StreamingFIFO_rtl_57 |         22 |         22 |       0 |     0 |    37 |      0 |      0 |    0 |          0 |
|         impl                                               |                                                            Q_srl_42 |         22 |         22 |       0 |     0 |    37 |      0 |      0 |    0 |          0 |
|     GenericPartition_2_StreamingFIFO_rtl_73                |               finn_design_GenericPartition_2_StreamingFIFO_rtl_73_0 |          9 |          9 |       0 |     0 |    13 |      0 |      0 |    0 |          0 |
|       inst                                                 |                                                StreamingFIFO_rtl_58 |          9 |          9 |       0 |     0 |    13 |      0 |      0 |    0 |          0 |
|         impl                                               |                                            Q_srl__parameterized0_41 |          9 |          9 |       0 |     0 |    13 |      0 |      0 |    0 |          0 |
|     GenericPartition_2_StreamingFIFO_rtl_74                |                 GenericPartition_2_StreamingFIFO_rtl_74_imp_1QN75WV |         71 |         71 |       0 |     0 |    59 |      0 |      1 |    0 |          0 |
|       fifo                                                 |                                                 finn_design_fifo_13 |         71 |         71 |       0 |     0 |    59 |      0 |      1 |    0 |          0 |
|         inst                                               |                          axis_data_fifo_v2_0_9_top__parameterized12 |         71 |         71 |       0 |     0 |    59 |      0 |      1 |    0 |          0 |
|     GenericPartition_2_StreamingFIFO_rtl_75                |                  GenericPartition_2_StreamingFIFO_rtl_75_imp_XYHJUO |         68 |         68 |       0 |     0 |    55 |      0 |      1 |    0 |          0 |
|       fifo                                                 |                                                 finn_design_fifo_14 |         68 |         68 |       0 |     0 |    55 |      0 |      1 |    0 |          0 |
|         inst                                               |               axis_data_fifo_v2_0_9_top__parameterized13__xdcDup__1 |         68 |         68 |       0 |     0 |    55 |      0 |      1 |    0 |          0 |
|     GenericPartition_2_StreamingFIFO_rtl_76                |               finn_design_GenericPartition_2_StreamingFIFO_rtl_76_0 |         43 |         35 |       0 |     8 |    19 |      0 |      0 |    0 |          0 |
|       inst                                                 |                             GenericPartition_2_StreamingFIFO_rtl_76 |         43 |         35 |       0 |     8 |    19 |      0 |      0 |    0 |          0 |
|         impl                                               |                                              Q_srl__parameterized24 |         43 |         35 |       0 |     8 |    19 |      0 |      0 |    0 |          0 |
|     GenericPartition_2_StreamingFIFO_rtl_77                |               finn_design_GenericPartition_2_StreamingFIFO_rtl_77_0 |         25 |         25 |       0 |     0 |    45 |      0 |      0 |    0 |          0 |
|       inst                                                 |                                                StreamingFIFO_rtl_60 |         25 |         25 |       0 |     0 |    45 |      0 |      0 |    0 |          0 |
|         impl                                               |                                            Q_srl__parameterized1_30 |         25 |         25 |       0 |     0 |    45 |      0 |      0 |    0 |          0 |
|     GenericPartition_2_StreamingFIFO_rtl_78                |               finn_design_GenericPartition_2_StreamingFIFO_rtl_78_0 |         16 |         16 |       0 |     0 |    25 |      0 |      0 |    0 |          0 |
|       inst                                                 |                                                StreamingFIFO_rtl_61 |         16 |         16 |       0 |     0 |    25 |      0 |      0 |    0 |          0 |
|         impl                                               |                                                            Q_srl_29 |         16 |         16 |       0 |     0 |    25 |      0 |      0 |    0 |          0 |
|     GenericPartition_2_StreamingFIFO_rtl_79                |               finn_design_GenericPartition_2_StreamingFIFO_rtl_79_0 |         13 |         13 |       0 |     0 |    21 |      0 |      0 |    0 |          0 |
|       inst                                                 |                                                StreamingFIFO_rtl_62 |         13 |         13 |       0 |     0 |    21 |      0 |      0 |    0 |          0 |
|         impl                                               |                                            Q_srl__parameterized0_28 |         13 |         13 |       0 |     0 |    21 |      0 |      0 |    0 |          0 |
|     GenericPartition_2_StreamingFIFO_rtl_8                 |                  GenericPartition_2_StreamingFIFO_rtl_8_imp_1PT4TUS |         81 |         81 |       0 |     0 |    79 |      8 |      0 |    0 |          0 |
|       fifo                                                 |                                                  finn_design_fifo_2 |         81 |         81 |       0 |     0 |    79 |      8 |      0 |    0 |          0 |
|         inst                                               |                                axis_data_fifo_v2_0_9_top__xdcDup__4 |         81 |         81 |       0 |     0 |    79 |      8 |      0 |    0 |          0 |
|     GenericPartition_2_StreamingFIFO_rtl_80                |               finn_design_GenericPartition_2_StreamingFIFO_rtl_80_0 |         15 |         15 |       0 |     0 |    23 |      0 |      0 |    0 |          0 |
|       inst                                                 |                                                StreamingFIFO_rtl_63 |         15 |         15 |       0 |     0 |    23 |      0 |      0 |    0 |          0 |
|         impl                                               |                                                               Q_srl |         15 |         15 |       0 |     0 |    23 |      0 |      0 |    0 |          0 |
|     GenericPartition_2_StreamingFIFO_rtl_81                |               finn_design_GenericPartition_2_StreamingFIFO_rtl_81_0 |         14 |         14 |       0 |     0 |    21 |      0 |      0 |    0 |          0 |
|       inst                                                 |                                                StreamingFIFO_rtl_64 |         14 |         14 |       0 |     0 |    21 |      0 |      0 |    0 |          0 |
|         impl                                               |                                            Q_srl__parameterized0_21 |         14 |         14 |       0 |     0 |    21 |      0 |      0 |    0 |          0 |
|     GenericPartition_2_StreamingFIFO_rtl_82                |               finn_design_GenericPartition_2_StreamingFIFO_rtl_82_0 |         13 |         13 |       0 |     0 |    21 |      0 |      0 |    0 |          0 |
|       inst                                                 |                                                StreamingFIFO_rtl_65 |         13 |         13 |       0 |     0 |    21 |      0 |      0 |    0 |          0 |
|         impl                                               |                                            Q_srl__parameterized0_20 |         13 |         13 |       0 |     0 |    21 |      0 |      0 |    0 |          0 |
|     GenericPartition_2_StreamingFIFO_rtl_83                |               finn_design_GenericPartition_2_StreamingFIFO_rtl_83_0 |         14 |         14 |       0 |     0 |    21 |      0 |      0 |    0 |          0 |
|       inst                                                 |                                                StreamingFIFO_rtl_66 |         14 |         14 |       0 |     0 |    21 |      0 |      0 |    0 |          0 |
|         impl                                               |                                            Q_srl__parameterized0_19 |         14 |         14 |       0 |     0 |    21 |      0 |      0 |    0 |          0 |
|     GenericPartition_2_StreamingFIFO_rtl_84                |               finn_design_GenericPartition_2_StreamingFIFO_rtl_84_0 |         13 |         13 |       0 |     0 |    21 |      0 |      0 |    0 |          0 |
|       inst                                                 |                                                StreamingFIFO_rtl_67 |         13 |         13 |       0 |     0 |    21 |      0 |      0 |    0 |          0 |
|         impl                                               |                                            Q_srl__parameterized0_18 |         13 |         13 |       0 |     0 |    21 |      0 |      0 |    0 |          0 |
|     GenericPartition_2_StreamingFIFO_rtl_85                |               finn_design_GenericPartition_2_StreamingFIFO_rtl_85_0 |         70 |         70 |       0 |     0 |   133 |      0 |      0 |    0 |          0 |
|       inst                                                 |                                                StreamingFIFO_rtl_68 |         70 |         70 |       0 |     0 |   133 |      0 |      0 |    0 |          0 |
|         impl                                               |                                            Q_srl__parameterized4_17 |         70 |         70 |       0 |     0 |   133 |      0 |      0 |    0 |          0 |
|     GenericPartition_2_StreamingFIFO_rtl_86                |                  GenericPartition_2_StreamingFIFO_rtl_86_imp_BT10QT |         81 |         81 |       0 |     0 |    79 |      8 |      0 |    0 |          0 |
|       fifo                                                 |                                                 finn_design_fifo_15 |         81 |         81 |       0 |     0 |    79 |      8 |      0 |    0 |          0 |
|         inst                                               |                                           axis_data_fifo_v2_0_9_top |         81 |         81 |       0 |     0 |    79 |      8 |      0 |    0 |          0 |
|     GenericPartition_2_StreamingFIFO_rtl_87                |                 GenericPartition_2_StreamingFIFO_rtl_87_imp_1D5KR56 |         67 |         67 |       0 |     0 |    55 |      0 |      1 |    0 |          0 |
|       fifo                                                 |                                                 finn_design_fifo_16 |         67 |         67 |       0 |     0 |    55 |      0 |      1 |    0 |          0 |
|         inst                                               |                          axis_data_fifo_v2_0_9_top__parameterized13 |         67 |         67 |       0 |     0 |    55 |      0 |      1 |    0 |          0 |
|     GenericPartition_2_StreamingFIFO_rtl_88                |               finn_design_GenericPartition_2_StreamingFIFO_rtl_88_0 |         75 |         51 |       0 |    24 |    21 |      0 |      0 |    0 |          0 |
|       inst                                                 |                             GenericPartition_2_StreamingFIFO_rtl_88 |         75 |         51 |       0 |    24 |    21 |      0 |      0 |    0 |          0 |
|         impl                                               |                                              Q_srl__parameterized25 |         75 |         51 |       0 |    24 |    21 |      0 |      0 |    0 |          0 |
|     GenericPartition_2_StreamingFIFO_rtl_89                |               finn_design_GenericPartition_2_StreamingFIFO_rtl_89_0 |         43 |         43 |       0 |     0 |    81 |      0 |      0 |    0 |          0 |
|       inst                                                 |                                                StreamingFIFO_rtl_70 |         43 |         43 |       0 |     0 |    81 |      0 |      0 |    0 |          0 |
|         impl                                               |                                             Q_srl__parameterized3_6 |         43 |         43 |       0 |     0 |    81 |      0 |      0 |    0 |          0 |
|     GenericPartition_2_StreamingFIFO_rtl_9                 |                finn_design_GenericPartition_2_StreamingFIFO_rtl_9_0 |         43 |         43 |       0 |     0 |    81 |      0 |      0 |    0 |          0 |
|       inst                                                 |                                                 StreamingFIFO_rtl_7 |         43 |         43 |       0 |     0 |    81 |      0 |      0 |    0 |          0 |
|         impl                                               |                                               Q_srl__parameterized3 |         43 |         43 |       0 |     0 |    81 |      0 |      0 |    0 |          0 |
|     GenericPartition_2_StreamingFIFO_rtl_90                |               finn_design_GenericPartition_2_StreamingFIFO_rtl_90_0 |         25 |         25 |       0 |     0 |    43 |      0 |      0 |    0 |          0 |
|       inst                                                 |                                                StreamingFIFO_rtl_71 |         25 |         25 |       0 |     0 |    43 |      0 |      0 |    0 |          0 |
|         impl                                               |                                               Q_srl__parameterized1 |         25 |         25 |       0 |     0 |    43 |      0 |      0 |    0 |          0 |
|     GenericPartition_2_StreamingFIFO_rtl_91                |               finn_design_GenericPartition_2_StreamingFIFO_rtl_91_0 |         13 |         13 |       0 |     0 |    21 |      0 |      0 |    0 |          0 |
|       inst                                                 |                                                StreamingFIFO_rtl_72 |         13 |         13 |       0 |     0 |    21 |      0 |      0 |    0 |          0 |
|         impl                                               |                                               Q_srl__parameterized0 |         13 |         13 |       0 |     0 |    21 |      0 |      0 |    0 |          0 |
|     GenericPartition_2_StreamingFIFO_rtl_92                |               finn_design_GenericPartition_2_StreamingFIFO_rtl_92_0 |        217 |         89 |       0 |   128 |    76 |      0 |      0 |    0 |          0 |
|       inst                                                 |                                                StreamingFIFO_rtl_73 |        217 |         89 |       0 |   128 |    76 |      0 |      0 |    0 |          0 |
|         impl                                               |                                              Q_srl__parameterized26 |        217 |         89 |       0 |   128 |    76 |      0 |      0 |    0 |          0 |
|     GenericPartition_2_StreamingFIFO_rtl_93                |               finn_design_GenericPartition_2_StreamingFIFO_rtl_93_0 |         71 |         71 |       0 |     0 |   133 |      0 |      0 |    0 |          0 |
|       inst                                                 |                                                StreamingFIFO_rtl_74 |         71 |         71 |       0 |     0 |   133 |      0 |      0 |    0 |          0 |
|         impl                                               |                                               Q_srl__parameterized4 |         71 |         71 |       0 |     0 |   133 |      0 |      0 |    0 |          0 |
|     GenericPartition_2_StreamingFIFO_rtl_94                |                  GenericPartition_2_StreamingFIFO_rtl_94_imp_7IYCYN |         69 |         69 |       0 |     0 |    55 |      8 |      0 |    0 |          0 |
|       fifo                                                 |                                                 finn_design_fifo_17 |         69 |         69 |       0 |     0 |    55 |      8 |      0 |    0 |          0 |
|         inst                                               |                          axis_data_fifo_v2_0_9_top__parameterized14 |         69 |         69 |       0 |     0 |    55 |      8 |      0 |    0 |          0 |
|     GenericPartition_2_StreamingFIFO_rtl_95                |               finn_design_GenericPartition_2_StreamingFIFO_rtl_95_0 |       5414 |        806 |       0 |  4608 |   776 |      0 |      0 |    0 |          0 |
|       inst                                                 |                             GenericPartition_2_StreamingFIFO_rtl_95 |       5414 |        806 |       0 |  4608 |   776 |      0 |      0 |    0 |          0 |
|         impl                                               |                                              Q_srl__parameterized21 |       5414 |        806 |       0 |  4608 |   776 |      0 |      0 |    0 |          0 |
|     GenericPartition_2_StreamingFIFO_rtl_96                |               finn_design_GenericPartition_2_StreamingFIFO_rtl_96_0 |       2966 |       1238 |       0 |  1728 |   634 |      0 |      0 |    0 |          0 |
|       inst                                                 |                             GenericPartition_2_StreamingFIFO_rtl_96 |       2966 |       1238 |       0 |  1728 |   634 |      0 |      0 |    0 |          0 |
|         impl                                               |                                              Q_srl__parameterized27 |       2966 |       1238 |       0 |  1728 |   634 |      0 |      0 |    0 |          0 |
|     GenericPartition_2_StreamingFIFO_rtl_97                |                  GenericPartition_2_StreamingFIFO_rtl_97_imp_U67V1R |         87 |         87 |       0 |     0 |   139 |      0 |      0 |    1 |          0 |
|       fifo                                                 |                                                 finn_design_fifo_18 |         87 |         87 |       0 |     0 |   139 |      0 |      0 |    1 |          0 |
|         inst                                               |                          axis_data_fifo_v2_0_9_top__parameterized15 |         87 |         87 |       0 |     0 |   139 |      0 |      0 |    1 |          0 |
|     GenericPartition_2_StreamingFIFO_rtl_98                |               finn_design_GenericPartition_2_StreamingFIFO_rtl_98_0 |        246 |        102 |       0 |   144 |    84 |      0 |      0 |    0 |          0 |
|       inst                                                 |                             GenericPartition_2_StreamingFIFO_rtl_98 |        246 |        102 |       0 |   144 |    84 |      0 |      0 |    0 |          0 |
|         impl                                               |                                              Q_srl__parameterized28 |        246 |        102 |       0 |   144 |    84 |      0 |      0 |    0 |          0 |
|     GenericPartition_2_StreamingFIFO_rtl_99                |               finn_design_GenericPartition_2_StreamingFIFO_rtl_99_0 |         85 |         85 |       0 |     0 |   165 |      0 |      0 |    0 |          0 |
|       inst                                                 |                                                StreamingFIFO_rtl_77 |         85 |         85 |       0 |     0 |   165 |      0 |      0 |    0 |          0 |
|         impl                                               |                                               Q_srl__parameterized9 |         85 |         85 |       0 |     0 |   165 |      0 |      0 |    0 |          0 |
|     GenericPartition_2_Thresholding_rtl_0                  |                 finn_design_GenericPartition_2_Thresholding_rtl_0_0 |         85 |         71 |       0 |    14 |   295 |      2 |      2 |    0 |          0 |
|       inst                                                 |                                      Thresholding_rtl_0_axi_wrapper |         85 |         71 |       0 |    14 |   295 |      2 |      2 |    0 |          0 |
|         core                                               |                                                    thresholding_axi |         85 |         71 |       0 |    14 |   295 |      2 |      2 |    0 |          0 |
|     GenericPartition_2_Thresholding_rtl_1                  |                 finn_design_GenericPartition_2_Thresholding_rtl_1_0 |         79 |         63 |       0 |    16 |   242 |      1 |      2 |    0 |          0 |
|       inst                                                 |                                      Thresholding_rtl_1_axi_wrapper |         79 |         63 |       0 |    16 |   242 |      1 |      2 |    0 |          0 |
|         core                                               |                                    thresholding_axi__parameterized0 |         79 |         63 |       0 |    16 |   242 |      1 |      2 |    0 |          0 |
|     GenericPartition_2_Thresholding_rtl_10                 |                finn_design_GenericPartition_2_Thresholding_rtl_10_0 |        138 |        129 |       0 |     9 |   493 |      1 |      4 |    0 |          0 |
|       (GenericPartition_2_Thresholding_rtl_10)             |                finn_design_GenericPartition_2_Thresholding_rtl_10_0 |          0 |          0 |       0 |     0 |     0 |      0 |      1 |    0 |          0 |
|       inst                                                 |                                     Thresholding_rtl_10_axi_wrapper |        138 |        129 |       0 |     9 |   493 |      1 |      3 |    0 |          0 |
|         core                                               |                                    thresholding_axi__parameterized1 |        138 |        129 |       0 |     9 |   493 |      1 |      3 |    0 |          0 |
|     GenericPartition_2_Thresholding_rtl_11                 |                finn_design_GenericPartition_2_Thresholding_rtl_11_0 |         85 |         76 |       0 |     9 |   395 |      3 |      4 |    0 |          0 |
|       inst                                                 |                                     Thresholding_rtl_11_axi_wrapper |         85 |         76 |       0 |     9 |   395 |      3 |      4 |    0 |          0 |
|         core                                               |                                    thresholding_axi__parameterized2 |         85 |         76 |       0 |     9 |   395 |      3 |      4 |    0 |          0 |
|     GenericPartition_2_Thresholding_rtl_12                 |                finn_design_GenericPartition_2_Thresholding_rtl_12_0 |         85 |         71 |       0 |    14 |   295 |      0 |      0 |    0 |          0 |
|       inst                                                 |                                     Thresholding_rtl_12_axi_wrapper |         85 |         71 |       0 |    14 |   295 |      0 |      0 |    0 |          0 |
|         core                                               |                                    thresholding_axi__parameterized3 |         85 |         71 |       0 |    14 |   295 |      0 |      0 |    0 |          0 |
|     GenericPartition_2_Thresholding_rtl_13                 |                finn_design_GenericPartition_2_Thresholding_rtl_13_0 |         76 |         60 |       0 |    16 |   242 |      0 |      0 |    0 |          0 |
|       inst                                                 |                                     Thresholding_rtl_13_axi_wrapper |         76 |         60 |       0 |    16 |   242 |      0 |      0 |    0 |          0 |
|         core                                               |                                    thresholding_axi__parameterized4 |         76 |         60 |       0 |    16 |   242 |      0 |      0 |    0 |          0 |
|     GenericPartition_2_Thresholding_rtl_14                 |                finn_design_GenericPartition_2_Thresholding_rtl_14_0 |         61 |         52 |       0 |     9 |   284 |      1 |      5 |    0 |          0 |
|       inst                                                 |                                     Thresholding_rtl_14_axi_wrapper |         61 |         52 |       0 |     9 |   284 |      1 |      5 |    0 |          0 |
|         core                                               |                                    thresholding_axi__parameterized5 |         61 |         52 |       0 |     9 |   284 |      1 |      5 |    0 |          0 |
|     GenericPartition_2_Thresholding_rtl_15                 |                finn_design_GenericPartition_2_Thresholding_rtl_15_0 |        143 |        134 |       0 |     9 |   493 |      1 |      4 |    0 |          0 |
|       (GenericPartition_2_Thresholding_rtl_15)             |                finn_design_GenericPartition_2_Thresholding_rtl_15_0 |          0 |          0 |       0 |     0 |     0 |      0 |      1 |    0 |          0 |
|       inst                                                 |                                     Thresholding_rtl_15_axi_wrapper |        143 |        134 |       0 |     9 |   493 |      1 |      3 |    0 |          0 |
|         core                                               |                                    thresholding_axi__parameterized6 |        143 |        134 |       0 |     9 |   493 |      1 |      3 |    0 |          0 |
|     GenericPartition_2_Thresholding_rtl_16                 |                finn_design_GenericPartition_2_Thresholding_rtl_16_0 |         81 |         76 |       0 |     5 |   215 |      0 |      1 |    0 |          0 |
|       (GenericPartition_2_Thresholding_rtl_16)             |                finn_design_GenericPartition_2_Thresholding_rtl_16_0 |          0 |          0 |       0 |     0 |     0 |      0 |      1 |    0 |          0 |
|       inst                                                 |                                     Thresholding_rtl_16_axi_wrapper |         81 |         76 |       0 |     5 |   215 |      0 |      0 |    0 |          0 |
|         core                                               |                                    thresholding_axi__parameterized7 |         81 |         76 |       0 |     5 |   215 |      0 |      0 |    0 |          0 |
|     GenericPartition_2_Thresholding_rtl_17                 |                finn_design_GenericPartition_2_Thresholding_rtl_17_0 |         70 |         61 |       0 |     9 |   327 |      2 |      5 |    0 |          0 |
|       inst                                                 |                                     Thresholding_rtl_17_axi_wrapper |         70 |         61 |       0 |     9 |   327 |      2 |      5 |    0 |          0 |
|         core                                               |                                    thresholding_axi__parameterized8 |         70 |         61 |       0 |     9 |   327 |      2 |      5 |    0 |          0 |
|     GenericPartition_2_Thresholding_rtl_18                 |                finn_design_GenericPartition_2_Thresholding_rtl_18_0 |         85 |         71 |       0 |    14 |   295 |      0 |      0 |    0 |          0 |
|       inst                                                 |                                     Thresholding_rtl_18_axi_wrapper |         85 |         71 |       0 |    14 |   295 |      0 |      0 |    0 |          0 |
|         core                                               |                                    thresholding_axi__parameterized9 |         85 |         71 |       0 |    14 |   295 |      0 |      0 |    0 |          0 |
|     GenericPartition_2_Thresholding_rtl_19                 |                finn_design_GenericPartition_2_Thresholding_rtl_19_0 |         76 |         60 |       0 |    16 |   242 |      0 |      0 |    0 |          0 |
|       inst                                                 |                                     Thresholding_rtl_19_axi_wrapper |         76 |         60 |       0 |    16 |   242 |      0 |      0 |    0 |          0 |
|         core                                               |                                   thresholding_axi__parameterized10 |         76 |         60 |       0 |    16 |   242 |      0 |      0 |    0 |          0 |
|     GenericPartition_2_Thresholding_rtl_2                  |                 finn_design_GenericPartition_2_Thresholding_rtl_2_0 |         61 |         52 |       0 |     9 |   284 |      0 |      0 |    0 |          0 |
|       inst                                                 |                                      Thresholding_rtl_2_axi_wrapper |         61 |         52 |       0 |     9 |   284 |      0 |      0 |    0 |          0 |
|         core                                               |                                   thresholding_axi__parameterized11 |         61 |         52 |       0 |     9 |   284 |      0 |      0 |    0 |          0 |
|     GenericPartition_2_Thresholding_rtl_20                 |                finn_design_GenericPartition_2_Thresholding_rtl_20_0 |         61 |         52 |       0 |     9 |   284 |      1 |      5 |    0 |          0 |
|       inst                                                 |                                     Thresholding_rtl_20_axi_wrapper |         61 |         52 |       0 |     9 |   284 |      1 |      5 |    0 |          0 |
|         core                                               |                                   thresholding_axi__parameterized12 |         61 |         52 |       0 |     9 |   284 |      1 |      5 |    0 |          0 |
|     GenericPartition_2_Thresholding_rtl_21                 |                finn_design_GenericPartition_2_Thresholding_rtl_21_0 |        145 |        136 |       0 |     9 |   475 |      1 |      4 |    0 |          0 |
|       (GenericPartition_2_Thresholding_rtl_21)             |                finn_design_GenericPartition_2_Thresholding_rtl_21_0 |          0 |          0 |       0 |     0 |     0 |      0 |      1 |    0 |          0 |
|       inst                                                 |                                     Thresholding_rtl_21_axi_wrapper |        145 |        136 |       0 |     9 |   475 |      1 |      3 |    0 |          0 |
|         core                                               |                                   thresholding_axi__parameterized13 |        145 |        136 |       0 |     9 |   475 |      1 |      3 |    0 |          0 |
|     GenericPartition_2_Thresholding_rtl_22                 |                finn_design_GenericPartition_2_Thresholding_rtl_22_0 |        139 |        130 |       0 |     9 |   493 |      1 |      4 |    0 |          0 |
|       (GenericPartition_2_Thresholding_rtl_22)             |                finn_design_GenericPartition_2_Thresholding_rtl_22_0 |          0 |          0 |       0 |     0 |     0 |      0 |      1 |    0 |          0 |
|       inst                                                 |                                     Thresholding_rtl_22_axi_wrapper |        139 |        130 |       0 |     9 |   493 |      1 |      3 |    0 |          0 |
|         core                                               |                                   thresholding_axi__parameterized14 |        139 |        130 |       0 |     9 |   493 |      1 |      3 |    0 |          0 |
|     GenericPartition_2_Thresholding_rtl_23                 |                finn_design_GenericPartition_2_Thresholding_rtl_23_0 |        101 |         92 |       0 |     9 |   445 |      3 |      5 |    0 |          0 |
|       (GenericPartition_2_Thresholding_rtl_23)             |                finn_design_GenericPartition_2_Thresholding_rtl_23_0 |          0 |          0 |       0 |     0 |     0 |      0 |      1 |    0 |          0 |
|       inst                                                 |                                     Thresholding_rtl_23_axi_wrapper |        101 |         92 |       0 |     9 |   445 |      3 |      4 |    0 |          0 |
|         core                                               |                                   thresholding_axi__parameterized15 |        101 |         92 |       0 |     9 |   445 |      3 |      4 |    0 |          0 |
|     GenericPartition_2_Thresholding_rtl_24                 |                finn_design_GenericPartition_2_Thresholding_rtl_24_0 |         85 |         71 |       0 |    14 |   295 |      2 |      2 |    0 |          0 |
|       inst                                                 |                                     Thresholding_rtl_24_axi_wrapper |         85 |         71 |       0 |    14 |   295 |      2 |      2 |    0 |          0 |
|         core                                               |                                   thresholding_axi__parameterized16 |         85 |         71 |       0 |    14 |   295 |      2 |      2 |    0 |          0 |
|     GenericPartition_2_Thresholding_rtl_25                 |                finn_design_GenericPartition_2_Thresholding_rtl_25_0 |         79 |         63 |       0 |    16 |   242 |      1 |      2 |    0 |          0 |
|       inst                                                 |                                     Thresholding_rtl_25_axi_wrapper |         79 |         63 |       0 |    16 |   242 |      1 |      2 |    0 |          0 |
|         core                                               |                                   thresholding_axi__parameterized17 |         79 |         63 |       0 |    16 |   242 |      1 |      2 |    0 |          0 |
|     GenericPartition_2_Thresholding_rtl_26                 |                finn_design_GenericPartition_2_Thresholding_rtl_26_0 |         61 |         52 |       0 |     9 |   284 |      0 |      0 |    0 |          0 |
|       inst                                                 |                                     Thresholding_rtl_26_axi_wrapper |         61 |         52 |       0 |     9 |   284 |      0 |      0 |    0 |          0 |
|         core                                               |                                   thresholding_axi__parameterized18 |         61 |         52 |       0 |     9 |   284 |      0 |      0 |    0 |          0 |
|     GenericPartition_2_Thresholding_rtl_27                 |                finn_design_GenericPartition_2_Thresholding_rtl_27_0 |        147 |        138 |       0 |     9 |   493 |      1 |      4 |    0 |          0 |
|       (GenericPartition_2_Thresholding_rtl_27)             |                finn_design_GenericPartition_2_Thresholding_rtl_27_0 |          0 |          0 |       0 |     0 |     0 |      0 |      1 |    0 |          0 |
|       inst                                                 |                                     Thresholding_rtl_27_axi_wrapper |        147 |        138 |       0 |     9 |   493 |      1 |      3 |    0 |          0 |
|         core                                               |                                   thresholding_axi__parameterized19 |        147 |        138 |       0 |     9 |   493 |      1 |      3 |    0 |          0 |
|     GenericPartition_2_Thresholding_rtl_28                 |                finn_design_GenericPartition_2_Thresholding_rtl_28_0 |         96 |         91 |       0 |     5 |   255 |      0 |      1 |    0 |          0 |
|       (GenericPartition_2_Thresholding_rtl_28)             |                finn_design_GenericPartition_2_Thresholding_rtl_28_0 |          0 |          0 |       0 |     0 |     0 |      0 |      1 |    0 |          0 |
|       inst                                                 |                                     Thresholding_rtl_28_axi_wrapper |         96 |         91 |       0 |     5 |   255 |      0 |      0 |    0 |          0 |
|         core                                               |                                   thresholding_axi__parameterized20 |         96 |         91 |       0 |     5 |   255 |      0 |      0 |    0 |          0 |
|     GenericPartition_2_Thresholding_rtl_29                 |                finn_design_GenericPartition_2_Thresholding_rtl_29_0 |         70 |         61 |       0 |     9 |   327 |      2 |      5 |    0 |          0 |
|       inst                                                 |                                     Thresholding_rtl_29_axi_wrapper |         70 |         61 |       0 |     9 |   327 |      2 |      5 |    0 |          0 |
|         core                                               |                                   thresholding_axi__parameterized21 |         70 |         61 |       0 |     9 |   327 |      2 |      5 |    0 |          0 |
|     GenericPartition_2_Thresholding_rtl_3                  |                 finn_design_GenericPartition_2_Thresholding_rtl_3_0 |        138 |        129 |       0 |     9 |   474 |      1 |      4 |    0 |          0 |
|       (GenericPartition_2_Thresholding_rtl_3)              |                 finn_design_GenericPartition_2_Thresholding_rtl_3_0 |          0 |          0 |       0 |     0 |     0 |      0 |      1 |    0 |          0 |
|       inst                                                 |                                      Thresholding_rtl_3_axi_wrapper |        138 |        129 |       0 |     9 |   474 |      1 |      3 |    0 |          0 |
|         core                                               |                                   thresholding_axi__parameterized22 |        138 |        129 |       0 |     9 |   474 |      1 |      3 |    0 |          0 |
|     GenericPartition_2_Thresholding_rtl_4                  |                 finn_design_GenericPartition_2_Thresholding_rtl_4_0 |        133 |        124 |       0 |     9 |   508 |      1 |      4 |    0 |          0 |
|       (GenericPartition_2_Thresholding_rtl_4)              |                 finn_design_GenericPartition_2_Thresholding_rtl_4_0 |          0 |          0 |       0 |     0 |     0 |      0 |      1 |    0 |          0 |
|       inst                                                 |                                      Thresholding_rtl_4_axi_wrapper |        133 |        124 |       0 |     9 |   508 |      1 |      3 |    0 |          0 |
|         core                                               |                                   thresholding_axi__parameterized23 |        133 |        124 |       0 |     9 |   508 |      1 |      3 |    0 |          0 |
|     GenericPartition_2_Thresholding_rtl_5                  |                 finn_design_GenericPartition_2_Thresholding_rtl_5_0 |         86 |         77 |       0 |     9 |   395 |      3 |      4 |    0 |          0 |
|       inst                                                 |                                      Thresholding_rtl_5_axi_wrapper |         86 |         77 |       0 |     9 |   395 |      3 |      4 |    0 |          0 |
|         core                                               |                                   thresholding_axi__parameterized24 |         86 |         77 |       0 |     9 |   395 |      3 |      4 |    0 |          0 |
|     GenericPartition_2_Thresholding_rtl_6                  |                 finn_design_GenericPartition_2_Thresholding_rtl_6_0 |         85 |         71 |       0 |    14 |   295 |      2 |      2 |    0 |          0 |
|       inst                                                 |                                      Thresholding_rtl_6_axi_wrapper |         85 |         71 |       0 |    14 |   295 |      2 |      2 |    0 |          0 |
|         core                                               |                                   thresholding_axi__parameterized25 |         85 |         71 |       0 |    14 |   295 |      2 |      2 |    0 |          0 |
|     GenericPartition_2_Thresholding_rtl_7                  |                 finn_design_GenericPartition_2_Thresholding_rtl_7_0 |         75 |         59 |       0 |    16 |   242 |      1 |      2 |    0 |          0 |
|       inst                                                 |                                      Thresholding_rtl_7_axi_wrapper |         75 |         59 |       0 |    16 |   242 |      1 |      2 |    0 |          0 |
|         core                                               |                                   thresholding_axi__parameterized26 |         75 |         59 |       0 |    16 |   242 |      1 |      2 |    0 |          0 |
|     GenericPartition_2_Thresholding_rtl_8                  |                 finn_design_GenericPartition_2_Thresholding_rtl_8_0 |         61 |         52 |       0 |     9 |   284 |      1 |      5 |    0 |          0 |
|       inst                                                 |                                      Thresholding_rtl_8_axi_wrapper |         61 |         52 |       0 |     9 |   284 |      1 |      5 |    0 |          0 |
|         core                                               |                                   thresholding_axi__parameterized27 |         61 |         52 |       0 |     9 |   284 |      1 |      5 |    0 |          0 |
|     GenericPartition_2_Thresholding_rtl_9                  |                 finn_design_GenericPartition_2_Thresholding_rtl_9_0 |        120 |        111 |       0 |     9 |   421 |      0 |      5 |    0 |          0 |
|       (GenericPartition_2_Thresholding_rtl_9)              |                 finn_design_GenericPartition_2_Thresholding_rtl_9_0 |          0 |          0 |       0 |     0 |     0 |      0 |      1 |    0 |          0 |
|       inst                                                 |                                      Thresholding_rtl_9_axi_wrapper |        120 |        111 |       0 |     9 |   421 |      0 |      4 |    0 |          0 |
|         core                                               |                                   thresholding_axi__parameterized28 |        120 |        111 |       0 |     9 |   421 |      0 |      4 |    0 |          0 |
+------------------------------------------------------------+---------------------------------------------------------------------+------------+------------+---------+-------+-------+--------+--------+------+------------+
* Note: The sum of lower-level cells may be larger than their parent cells total, due to cross-hierarchy LUT combining


