Copyright 1986-2022 Xilinx, Inc. All Rights Reserved.
-----------------------------------------------------------------------------------------------------------------------------------------------------------------------------------
| Tool Version : Vivado v.2022.2 (lin64) Build 3671981 Fri Oct 14 04:59:54 MDT 2022
| Date         : Thu Oct  1 12:35:34 2026
| Host         : finn_dev_thelegendiv running 64-bit Ubuntu 22.04.1 LTS
| Command      : report_utilization -hierarchical -hierarchical_depth 4 -file /home/thelegendiv/finn/notebooks/enet/hier_reports_partition2_wm/hier_baseline_both_off_autofold.rpt
| Design       : finn_design_wrapper
| Device       : xczu7ev-ffvc1156-2-e
| Speed File   : -2
| Design State : Routed
-----------------------------------------------------------------------------------------------------------------------------------------------------------------------------------

Utilization Design Information

Table of Contents
-----------------
1. Utilization by Hierarchy

1. Utilization by Hierarchy
---------------------------

+---------------------------------------------+----------------------------------------------------------+------------+------------+---------+------+-------+--------+--------+------+------------+
|                   Instance                  |                          Module                          | Total LUTs | Logic LUTs | LUTRAMs | SRLs |  FFs  | RAMB36 | RAMB18 | URAM | DSP Blocks |
+---------------------------------------------+----------------------------------------------------------+------------+------------+---------+------+-------+--------+--------+------+------------+
| finn_design_wrapper                         |                                                    (top) |      29060 |      16834 |    7840 | 4386 | 23638 |    166 |    105 |    3 |         70 |
|   (finn_design_wrapper)                     |                                                    (top) |          0 |          0 |       0 |    0 |     0 |      0 |      0 |    0 |          0 |
|   finn_design_i                             |                                              finn_design |      29060 |      16834 |    7840 | 4386 | 23638 |    166 |    105 |    3 |         70 |
|     (finn_design_i)                         |                                              finn_design |        440 |        440 |       0 |    0 |     0 |      0 |      0 |    0 |          0 |
|     AddStreams_hls_0                        |                           finn_design_AddStreams_hls_0_0 |         69 |         69 |       0 |    0 |    94 |      0 |      0 |    0 |          0 |
|       inst                                  |                                         AddStreams_hls_0 |         69 |         69 |       0 |    0 |    94 |      0 |      0 |    0 |          0 |
|         (inst)                              |                                         AddStreams_hls_0 |          2 |          2 |       0 |    0 |    31 |      0 |      0 |    0 |          0 |
|         flow_control_loop_pipe_no_ap_cont_U |       AddStreams_hls_0_flow_control_loop_pipe_no_ap_cont |         23 |         23 |       0 |    0 |     1 |      0 |      0 |    0 |          0 |
|         regslice_both_in0_V_U               |                           AddStreams_hls_0_regslice_both |          9 |          9 |       0 |    0 |    20 |      0 |      0 |    0 |          0 |
|         regslice_both_in1_V_U               |                       AddStreams_hls_0_regslice_both_380 |         17 |         17 |       0 |    0 |    20 |      0 |      0 |    0 |          0 |
|         regslice_both_out_V_U               |           AddStreams_hls_0_regslice_both__parameterized0 |         19 |         19 |       0 |    0 |    22 |      0 |      0 |    0 |          0 |
|     AddStreams_hls_1                        |                           finn_design_AddStreams_hls_1_0 |         69 |         69 |       0 |    0 |    94 |      0 |      0 |    0 |          0 |
|       inst                                  |                                         AddStreams_hls_1 |         69 |         69 |       0 |    0 |    94 |      0 |      0 |    0 |          0 |
|         (inst)                              |                                         AddStreams_hls_1 |          0 |          0 |       0 |    0 |    31 |      0 |      0 |    0 |          0 |
|         flow_control_loop_pipe_no_ap_cont_U |       AddStreams_hls_1_flow_control_loop_pipe_no_ap_cont |         22 |         22 |       0 |    0 |     1 |      0 |      0 |    0 |          0 |
|         regslice_both_in0_V_U               |                           AddStreams_hls_1_regslice_both |         11 |         11 |       0 |    0 |    20 |      0 |      0 |    0 |          0 |
|         regslice_both_in1_V_U               |                       AddStreams_hls_1_regslice_both_379 |         19 |         19 |       0 |    0 |    20 |      0 |      0 |    0 |          0 |
|         regslice_both_out_V_U               |           AddStreams_hls_1_regslice_both__parameterized0 |         19 |         19 |       0 |    0 |    22 |      0 |      0 |    0 |          0 |
|     AddStreams_hls_2                        |                           finn_design_AddStreams_hls_2_0 |         71 |         71 |       0 |    0 |    94 |      0 |      0 |    0 |          0 |
|       inst                                  |                                         AddStreams_hls_2 |         71 |         71 |       0 |    0 |    94 |      0 |      0 |    0 |          0 |
|         (inst)                              |                                         AddStreams_hls_2 |          0 |          0 |       0 |    0 |    31 |      0 |      0 |    0 |          0 |
|         flow_control_loop_pipe_no_ap_cont_U |       AddStreams_hls_2_flow_control_loop_pipe_no_ap_cont |         23 |         23 |       0 |    0 |     1 |      0 |      0 |    0 |          0 |
|         regslice_both_in0_V_U               |                           AddStreams_hls_2_regslice_both |         12 |         12 |       0 |    0 |    20 |      0 |      0 |    0 |          0 |
|         regslice_both_in1_V_U               |                       AddStreams_hls_2_regslice_both_378 |         19 |         19 |       0 |    0 |    20 |      0 |      0 |    0 |          0 |
|         regslice_both_out_V_U               |           AddStreams_hls_2_regslice_both__parameterized0 |         19 |         19 |       0 |    0 |    22 |      0 |      0 |    0 |          0 |
|     AddStreams_hls_3                        |                           finn_design_AddStreams_hls_3_0 |         71 |         71 |       0 |    0 |    94 |      0 |      0 |    0 |          0 |
|       inst                                  |                                         AddStreams_hls_3 |         71 |         71 |       0 |    0 |    94 |      0 |      0 |    0 |          0 |
|         (inst)                              |                                         AddStreams_hls_3 |          0 |          0 |       0 |    0 |    31 |      0 |      0 |    0 |          0 |
|         flow_control_loop_pipe_no_ap_cont_U |       AddStreams_hls_3_flow_control_loop_pipe_no_ap_cont |         23 |         23 |       0 |    0 |     1 |      0 |      0 |    0 |          0 |
|         regslice_both_in0_V_U               |                           AddStreams_hls_3_regslice_both |         12 |         12 |       0 |    0 |    20 |      0 |      0 |    0 |          0 |
|         regslice_both_in1_V_U               |                       AddStreams_hls_3_regslice_both_377 |         19 |         19 |       0 |    0 |    20 |      0 |      0 |    0 |          0 |
|         regslice_both_out_V_U               |           AddStreams_hls_3_regslice_both__parameterized0 |         19 |         19 |       0 |    0 |    22 |      0 |      0 |    0 |          0 |
|     AddStreams_hls_4                        |                           finn_design_AddStreams_hls_4_0 |         71 |         71 |       0 |    0 |    94 |      0 |      0 |    0 |          0 |
|       inst                                  |                                         AddStreams_hls_4 |         71 |         71 |       0 |    0 |    94 |      0 |      0 |    0 |          0 |
|         (inst)                              |                                         AddStreams_hls_4 |          0 |          0 |       0 |    0 |    31 |      0 |      0 |    0 |          0 |
|         flow_control_loop_pipe_no_ap_cont_U |       AddStreams_hls_4_flow_control_loop_pipe_no_ap_cont |         23 |         23 |       0 |    0 |     1 |      0 |      0 |    0 |          0 |
|         regslice_both_in0_V_U               |                           AddStreams_hls_4_regslice_both |         12 |         12 |       0 |    0 |    20 |      0 |      0 |    0 |          0 |
|         regslice_both_in1_V_U               |                       AddStreams_hls_4_regslice_both_376 |         19 |         19 |       0 |    0 |    20 |      0 |      0 |    0 |          0 |
|         regslice_both_out_V_U               |           AddStreams_hls_4_regslice_both__parameterized0 |         19 |         19 |       0 |    0 |    22 |      0 |      0 |    0 |          0 |
|     ConvolutionInputGenerator_rtl_0         |            finn_design_ConvolutionInputGenerator_rtl_0_0 |        714 |        364 |     350 |    0 |   133 |      0 |      0 |    0 |          0 |
|       inst                                  |                          ConvolutionInputGenerator_rtl_0 |        714 |        364 |     350 |    0 |   133 |      0 |      0 |    0 |          0 |
|         impl                                |                     ConvolutionInputGenerator_rtl_0_impl |        714 |        364 |     350 |    0 |   133 |      0 |      0 |    0 |          0 |
|     ConvolutionInputGenerator_rtl_1         |            finn_design_ConvolutionInputGenerator_rtl_1_0 |       1220 |        480 |     740 |    0 |   129 |      0 |      0 |    0 |          0 |
|       inst                                  |                          ConvolutionInputGenerator_rtl_1 |       1220 |        480 |     740 |    0 |   129 |      0 |      0 |    0 |          0 |
|         impl                                |                     ConvolutionInputGenerator_rtl_1_impl |       1220 |        480 |     740 |    0 |   129 |      0 |      0 |    0 |          0 |
|     ConvolutionInputGenerator_rtl_2         |            finn_design_ConvolutionInputGenerator_rtl_2_0 |       2475 |        845 |    1630 |    0 |   195 |      0 |      0 |    0 |          0 |
|       inst                                  |                          ConvolutionInputGenerator_rtl_2 |       2475 |        845 |    1630 |    0 |   195 |      0 |      0 |    0 |          0 |
|         impl                                |                     ConvolutionInputGenerator_rtl_2_impl |       2475 |        845 |    1630 |    0 |   195 |      0 |      0 |    0 |          0 |
|     ConvolutionInputGenerator_rtl_3         |            finn_design_ConvolutionInputGenerator_rtl_3_0 |       5544 |       1654 |    3890 |    0 |   319 |      0 |      0 |    0 |          0 |
|       inst                                  |                          ConvolutionInputGenerator_rtl_3 |       5544 |       1654 |    3890 |    0 |   319 |      0 |      0 |    0 |          0 |
|         impl                                |                     ConvolutionInputGenerator_rtl_3_impl |       5544 |       1654 |    3890 |    0 |   319 |      0 |      0 |    0 |          0 |
|     ConvolutionInputGenerator_rtl_4         |            finn_design_ConvolutionInputGenerator_rtl_4_0 |        716 |        366 |     350 |    0 |   133 |      0 |      0 |    0 |          0 |
|       inst                                  |                          ConvolutionInputGenerator_rtl_4 |        716 |        366 |     350 |    0 |   133 |      0 |      0 |    0 |          0 |
|         impl                                |                     ConvolutionInputGenerator_rtl_4_impl |        716 |        366 |     350 |    0 |   133 |      0 |      0 |    0 |          0 |
|     DuplicateStreams_hls_0                  |                     finn_design_DuplicateStreams_hls_0_0 |         68 |         68 |       0 |    0 |    91 |      0 |      0 |    0 |          0 |
|       inst                                  |                                   DuplicateStreams_hls_0 |         68 |         68 |       0 |    0 |    91 |      0 |      0 |    0 |          0 |
|         (inst)                              |                                   DuplicateStreams_hls_0 |          1 |          1 |       0 |    0 |    30 |      0 |      0 |    0 |          0 |
|         flow_control_loop_pipe_no_ap_cont_U | DuplicateStreams_hls_0_flow_control_loop_pipe_no_ap_cont |         23 |         23 |       0 |    0 |     1 |      0 |      0 |    0 |          0 |
|         regslice_both_in0_V_U               |                     DuplicateStreams_hls_0_regslice_both |         14 |         14 |       0 |    0 |    20 |      0 |      0 |    0 |          0 |
|         regslice_both_out0_V_U              |                 DuplicateStreams_hls_0_regslice_both_372 |         10 |         10 |       0 |    0 |    20 |      0 |      0 |    0 |          0 |
|         regslice_both_out1_V_U              |                 DuplicateStreams_hls_0_regslice_both_373 |         21 |         21 |       0 |    0 |    20 |      0 |      0 |    0 |          0 |
|     DuplicateStreams_hls_1                  |                     finn_design_DuplicateStreams_hls_1_0 |         65 |         65 |       0 |    0 |    91 |      0 |      0 |    0 |          0 |
|       inst                                  |                                   DuplicateStreams_hls_1 |         65 |         65 |       0 |    0 |    91 |      0 |      0 |    0 |          0 |
|         (inst)                              |                                   DuplicateStreams_hls_1 |          1 |          1 |       0 |    0 |    30 |      0 |      0 |    0 |          0 |
|         flow_control_loop_pipe_no_ap_cont_U | DuplicateStreams_hls_1_flow_control_loop_pipe_no_ap_cont |         25 |         25 |       0 |    0 |     1 |      0 |      0 |    0 |          0 |
|         regslice_both_in0_V_U               |                     DuplicateStreams_hls_1_regslice_both |         13 |         13 |       0 |    0 |    20 |      0 |      0 |    0 |          0 |
|         regslice_both_out0_V_U              |                 DuplicateStreams_hls_1_regslice_both_370 |          9 |          9 |       0 |    0 |    20 |      0 |      0 |    0 |          0 |
|         regslice_both_out1_V_U              |                 DuplicateStreams_hls_1_regslice_both_371 |         17 |         17 |       0 |    0 |    20 |      0 |      0 |    0 |          0 |
|     DuplicateStreams_hls_2                  |                     finn_design_DuplicateStreams_hls_2_0 |         66 |         66 |       0 |    0 |    91 |      0 |      0 |    0 |          0 |
|       inst                                  |                                   DuplicateStreams_hls_2 |         66 |         66 |       0 |    0 |    91 |      0 |      0 |    0 |          0 |
|         (inst)                              |                                   DuplicateStreams_hls_2 |          1 |          1 |       0 |    0 |    30 |      0 |      0 |    0 |          0 |
|         flow_control_loop_pipe_no_ap_cont_U | DuplicateStreams_hls_2_flow_control_loop_pipe_no_ap_cont |         26 |         26 |       0 |    0 |     1 |      0 |      0 |    0 |          0 |
|         regslice_both_in0_V_U               |                     DuplicateStreams_hls_2_regslice_both |         13 |         13 |       0 |    0 |    20 |      0 |      0 |    0 |          0 |
|         regslice_both_out0_V_U              |                 DuplicateStreams_hls_2_regslice_both_368 |          9 |          9 |       0 |    0 |    20 |      0 |      0 |    0 |          0 |
|         regslice_both_out1_V_U              |                 DuplicateStreams_hls_2_regslice_both_369 |         18 |         18 |       0 |    0 |    20 |      0 |      0 |    0 |          0 |
|     DuplicateStreams_hls_3                  |                     finn_design_DuplicateStreams_hls_3_0 |         65 |         65 |       0 |    0 |    77 |      0 |      0 |    0 |          0 |
|       inst                                  |                                   DuplicateStreams_hls_3 |         65 |         65 |       0 |    0 |    77 |      0 |      0 |    0 |          0 |
|         (inst)                              |                                   DuplicateStreams_hls_3 |          1 |          1 |       0 |    0 |    28 |      0 |      0 |    0 |          0 |
|         flow_control_loop_pipe_no_ap_cont_U | DuplicateStreams_hls_3_flow_control_loop_pipe_no_ap_cont |         24 |         24 |       0 |    0 |     1 |      0 |      0 |    0 |          0 |
|         regslice_both_in0_V_U               |                     DuplicateStreams_hls_3_regslice_both |         12 |         12 |       0 |    0 |    16 |      0 |      0 |    0 |          0 |
|         regslice_both_out0_V_U              |                 DuplicateStreams_hls_3_regslice_both_366 |          9 |          9 |       0 |    0 |    16 |      0 |      0 |    0 |          0 |
|         regslice_both_out1_V_U              |                 DuplicateStreams_hls_3_regslice_both_367 |         20 |         20 |       0 |    0 |    16 |      0 |      0 |    0 |          0 |
|     DuplicateStreams_hls_4                  |                     finn_design_DuplicateStreams_hls_4_0 |         69 |         69 |       0 |    0 |    91 |      0 |      0 |    0 |          0 |
|       inst                                  |                                   DuplicateStreams_hls_4 |         69 |         69 |       0 |    0 |    91 |      0 |      0 |    0 |          0 |
|         (inst)                              |                                   DuplicateStreams_hls_4 |          1 |          1 |       0 |    0 |    30 |      0 |      0 |    0 |          0 |
|         flow_control_loop_pipe_no_ap_cont_U | DuplicateStreams_hls_4_flow_control_loop_pipe_no_ap_cont |         24 |         24 |       0 |    0 |     1 |      0 |      0 |    0 |          0 |
|         regslice_both_in0_V_U               |                     DuplicateStreams_hls_4_regslice_both |         14 |         14 |       0 |    0 |    20 |      0 |      0 |    0 |          0 |
|         regslice_both_out0_V_U              |                 DuplicateStreams_hls_4_regslice_both_364 |         10 |         10 |       0 |    0 |    20 |      0 |      0 |    0 |          0 |
|         regslice_both_out1_V_U              |                 DuplicateStreams_hls_4_regslice_both_365 |         21 |         21 |       0 |    0 |    20 |      0 |      0 |    0 |          0 |
|     FMPadding_rtl_0                         |                            finn_design_FMPadding_rtl_0_0 |        107 |        107 |       0 |    0 |   145 |      0 |      0 |    0 |          0 |
|       inst                                  |                                          FMPadding_rtl_0 |        107 |        107 |       0 |    0 |   145 |      0 |      0 |    0 |          0 |
|         impl                                |                                        fmpadding_axi_362 |        107 |        107 |       0 |    0 |   145 |      0 |      0 |    0 |          0 |
|     FMPadding_rtl_1                         |                            finn_design_FMPadding_rtl_1_0 |        107 |        107 |       0 |    0 |   145 |      0 |      0 |    0 |          0 |
|       inst                                  |                                          FMPadding_rtl_1 |        107 |        107 |       0 |    0 |   145 |      0 |      0 |    0 |          0 |
|         impl                                |                            fmpadding_axi__parameterized0 |        107 |        107 |       0 |    0 |   145 |      0 |      0 |    0 |          0 |
|     FMPadding_rtl_2                         |                            finn_design_FMPadding_rtl_2_0 |        105 |        105 |       0 |    0 |   145 |      0 |      0 |    0 |          0 |
|       inst                                  |                                          FMPadding_rtl_2 |        105 |        105 |       0 |    0 |   145 |      0 |      0 |    0 |          0 |
|         impl                                |                            fmpadding_axi__parameterized1 |        105 |        105 |       0 |    0 |   145 |      0 |      0 |    0 |          0 |
|     FMPadding_rtl_3                         |                            finn_design_FMPadding_rtl_3_0 |        102 |        102 |       0 |    0 |   145 |      0 |      0 |    0 |          0 |
|       inst                                  |                                          FMPadding_rtl_3 |        102 |        102 |       0 |    0 |   145 |      0 |      0 |    0 |          0 |
|         impl                                |                            fmpadding_axi__parameterized2 |        102 |        102 |       0 |    0 |   145 |      0 |      0 |    0 |          0 |
|     FMPadding_rtl_4                         |                            finn_design_FMPadding_rtl_4_0 |        105 |        105 |       0 |    0 |   145 |      0 |      0 |    0 |          0 |
|       inst                                  |                                          FMPadding_rtl_4 |        105 |        105 |       0 |    0 |   145 |      0 |      0 |    0 |          0 |
|         impl                                |                                            fmpadding_axi |        105 |        105 |       0 |    0 |   145 |      0 |      0 |    0 |          0 |
|     MVAU_rtl_0                              |                                   MVAU_rtl_0_imp_1DNJB9Y |        142 |         90 |      52 |    0 |   183 |      0 |      0 |    0 |          4 |
|       MVAU_rtl_0                            |                                 finn_design_MVAU_rtl_0_0 |        104 |         84 |      20 |    0 |   137 |      0 |      0 |    0 |          4 |
|         inst                                |                                               MVAU_rtl_0 |        104 |         84 |      20 |    0 |   137 |      0 |      0 |    0 |          4 |
|       MVAU_rtl_0_wstrm                      |                           finn_design_MVAU_rtl_0_wstrm_0 |         38 |          6 |      32 |    0 |    46 |      0 |      0 |    0 |          0 |
|         inst                                |                                    memstream_axi_wrapper |         38 |          6 |      32 |    0 |    46 |      0 |      0 |    0 |          0 |
|     MVAU_rtl_1                              |                                    MVAU_rtl_1_imp_BGQB3T |        267 |        167 |     100 |    0 |   230 |      0 |      0 |    0 |          6 |
|       MVAU_rtl_1                            |                                 finn_design_MVAU_rtl_1_0 |        139 |        111 |      28 |    0 |   165 |      0 |      0 |    0 |          6 |
|         inst                                |                                               MVAU_rtl_1 |        139 |        111 |      28 |    0 |   165 |      0 |      0 |    0 |          6 |
|       MVAU_rtl_1_wstrm                      |                           finn_design_MVAU_rtl_1_wstrm_0 |        128 |         56 |      72 |    0 |    65 |      0 |      0 |    0 |          0 |
|         inst                                |                    memstream_axi_wrapper__parameterized0 |        128 |         56 |      72 |    0 |    65 |      0 |      0 |    0 |          0 |
|     MVAU_rtl_10                             |                                   MVAU_rtl_10_imp_L2WIDN |        268 |        168 |     100 |    0 |   230 |      0 |      0 |    0 |          6 |
|       MVAU_rtl_10                           |                                finn_design_MVAU_rtl_10_0 |        140 |        112 |      28 |    0 |   165 |      0 |      0 |    0 |          6 |
|         inst                                |                                              MVAU_rtl_10 |        140 |        112 |      28 |    0 |   165 |      0 |      0 |    0 |          6 |
|       MVAU_rtl_10_wstrm                     |                          finn_design_MVAU_rtl_10_wstrm_0 |        128 |         56 |      72 |    0 |    65 |      0 |      0 |    0 |          0 |
|         inst                                |                    memstream_axi_wrapper__parameterized1 |        128 |         56 |      72 |    0 |    65 |      0 |      0 |    0 |          0 |
|     MVAU_rtl_11                             |                                  MVAU_rtl_11_imp_1LT9LR8 |        133 |         81 |      52 |    0 |   172 |      0 |      0 |    0 |          4 |
|       MVAU_rtl_11                           |                                finn_design_MVAU_rtl_11_0 |         95 |         75 |      20 |    0 |   126 |      0 |      0 |    0 |          4 |
|         inst                                |                                              MVAU_rtl_11 |         95 |         75 |      20 |    0 |   126 |      0 |      0 |    0 |          4 |
|       MVAU_rtl_11_wstrm                     |                          finn_design_MVAU_rtl_11_wstrm_0 |         38 |          6 |      32 |    0 |    46 |      0 |      0 |    0 |          0 |
|         inst                                |                    memstream_axi_wrapper__parameterized2 |         38 |          6 |      32 |    0 |    46 |      0 |      0 |    0 |          0 |
|     MVAU_rtl_12                             |                                  MVAU_rtl_12_imp_1AJP2TW |        144 |         92 |      52 |    0 |   187 |      0 |      0 |    0 |          4 |
|       MVAU_rtl_12                           |                                finn_design_MVAU_rtl_12_0 |        106 |         86 |      20 |    0 |   141 |      0 |      0 |    0 |          4 |
|         inst                                |                                              MVAU_rtl_12 |        106 |         86 |      20 |    0 |   141 |      0 |      0 |    0 |          4 |
|       MVAU_rtl_12_wstrm                     |                          finn_design_MVAU_rtl_12_wstrm_0 |         38 |          6 |      32 |    0 |    46 |      0 |      0 |    0 |          0 |
|         inst                                |                    memstream_axi_wrapper__parameterized3 |         38 |          6 |      32 |    0 |    46 |      0 |      0 |    0 |          0 |
|     MVAU_rtl_13                             |                                   MVAU_rtl_13_imp_GRCDFF |        266 |        166 |     100 |    0 |   230 |      0 |      0 |    0 |          6 |
|       MVAU_rtl_13                           |                                finn_design_MVAU_rtl_13_0 |        138 |        110 |      28 |    0 |   165 |      0 |      0 |    0 |          6 |
|         inst                                |                                              MVAU_rtl_13 |        138 |        110 |      28 |    0 |   165 |      0 |      0 |    0 |          6 |
|       MVAU_rtl_13_wstrm                     |                          finn_design_MVAU_rtl_13_wstrm_0 |        128 |         56 |      72 |    0 |    65 |      0 |      0 |    0 |          0 |
|         inst                                |                    memstream_axi_wrapper__parameterized4 |        128 |         56 |      72 |    0 |    65 |      0 |      0 |    0 |          0 |
|     MVAU_rtl_14                             |                                   MVAU_rtl_14_imp_K966PG |         83 |         57 |      26 |    0 |   108 |      0 |      0 |    0 |          4 |
|       MVAU_rtl_14                           |                                finn_design_MVAU_rtl_14_0 |         61 |         51 |      10 |    0 |    78 |      0 |      0 |    0 |          4 |
|         inst                                |                                              MVAU_rtl_14 |         61 |         51 |      10 |    0 |    78 |      0 |      0 |    0 |          4 |
|       MVAU_rtl_14_wstrm                     |                          finn_design_MVAU_rtl_14_wstrm_0 |         22 |          6 |      16 |    0 |    30 |      0 |      0 |    0 |          0 |
|         inst                                |                    memstream_axi_wrapper__parameterized5 |         22 |          6 |      16 |    0 |    30 |      0 |      0 |    0 |          0 |
|     MVAU_rtl_2                              |                                    MVAU_rtl_2_imp_QB0MDL |        106 |         70 |      36 |    0 |   140 |      0 |      0 |    0 |          4 |
|       MVAU_rtl_2                            |                                 finn_design_MVAU_rtl_2_0 |         84 |         64 |      20 |    0 |   110 |      0 |      0 |    0 |          4 |
|         inst                                |                                               MVAU_rtl_2 |         84 |         64 |      20 |    0 |   110 |      0 |      0 |    0 |          4 |
|       MVAU_rtl_2_wstrm                      |                           finn_design_MVAU_rtl_2_wstrm_0 |         22 |          6 |      16 |    0 |    30 |      0 |      0 |    0 |          0 |
|         inst                                |                    memstream_axi_wrapper__parameterized6 |         22 |          6 |      16 |    0 |    30 |      0 |      0 |    0 |          0 |
|     MVAU_rtl_3                              |                                   MVAU_rtl_3_imp_1IRXAUE |        118 |         82 |      36 |    0 |   155 |      0 |      0 |    0 |          4 |
|       MVAU_rtl_3                            |                                 finn_design_MVAU_rtl_3_0 |         96 |         76 |      20 |    0 |   125 |      0 |      0 |    0 |          4 |
|         inst                                |                                               MVAU_rtl_3 |         96 |         76 |      20 |    0 |   125 |      0 |      0 |    0 |          4 |
|       MVAU_rtl_3_wstrm                      |                           finn_design_MVAU_rtl_3_wstrm_0 |         22 |          6 |      16 |    0 |    30 |      0 |      0 |    0 |          0 |
|         inst                                |                    memstream_axi_wrapper__parameterized7 |         22 |          6 |      16 |    0 |    30 |      0 |      0 |    0 |          0 |
|     MVAU_rtl_4                              |                                   MVAU_rtl_4_imp_1DDGY3T |        268 |        168 |     100 |    0 |   230 |      0 |      0 |    0 |          6 |
|       MVAU_rtl_4                            |                                 finn_design_MVAU_rtl_4_0 |        140 |        112 |      28 |    0 |   165 |      0 |      0 |    0 |          6 |
|         inst                                |                                               MVAU_rtl_4 |        140 |        112 |      28 |    0 |   165 |      0 |      0 |    0 |          6 |
|       MVAU_rtl_4_wstrm                      |                           finn_design_MVAU_rtl_4_wstrm_0 |        128 |         56 |      72 |    0 |    65 |      0 |      0 |    0 |          0 |
|         inst                                |                    memstream_axi_wrapper__parameterized8 |        128 |         56 |      72 |    0 |    65 |      0 |      0 |    0 |          0 |
|     MVAU_rtl_5                              |                                    MVAU_rtl_5_imp_BQYGG6 |        106 |         70 |      36 |    0 |   140 |      0 |      0 |    0 |          4 |
|       MVAU_rtl_5                            |                                 finn_design_MVAU_rtl_5_0 |         84 |         64 |      20 |    0 |   110 |      0 |      0 |    0 |          4 |
|         inst                                |                                               MVAU_rtl_5 |         84 |         64 |      20 |    0 |   110 |      0 |      0 |    0 |          4 |
|       MVAU_rtl_5_wstrm                      |                           finn_design_MVAU_rtl_5_wstrm_0 |         22 |          6 |      16 |    0 |    30 |      0 |      0 |    0 |          0 |
|         inst                                |                    memstream_axi_wrapper__parameterized9 |         22 |          6 |      16 |    0 |    30 |      0 |      0 |    0 |          0 |
|     MVAU_rtl_6                              |                                    MVAU_rtl_6_imp_Q0SX86 |        145 |         93 |      52 |    0 |   187 |      0 |      0 |    0 |          4 |
|       MVAU_rtl_6                            |                                 finn_design_MVAU_rtl_6_0 |        107 |         87 |      20 |    0 |   141 |      0 |      0 |    0 |          4 |
|         inst                                |                                               MVAU_rtl_6 |        107 |         87 |      20 |    0 |   141 |      0 |      0 |    0 |          4 |
|       MVAU_rtl_6_wstrm                      |                           finn_design_MVAU_rtl_6_wstrm_0 |         38 |          6 |      32 |    0 |    46 |      0 |      0 |    0 |          0 |
|         inst                                |                   memstream_axi_wrapper__parameterized10 |         38 |          6 |      32 |    0 |    46 |      0 |      0 |    0 |          0 |
|     MVAU_rtl_7                              |                                   MVAU_rtl_7_imp_1J1ZXW9 |        191 |        127 |      64 |    0 |   190 |      0 |      0 |    0 |          6 |
|       MVAU_rtl_7                            |                                 finn_design_MVAU_rtl_7_0 |        123 |         95 |      28 |    0 |   149 |      0 |      0 |    0 |          6 |
|         inst                                |                                               MVAU_rtl_7 |        123 |         95 |      28 |    0 |   149 |      0 |      0 |    0 |          6 |
|       MVAU_rtl_7_wstrm                      |                           finn_design_MVAU_rtl_7_wstrm_0 |         68 |         32 |      36 |    0 |    41 |      0 |      0 |    0 |          0 |
|         inst                                |                   memstream_axi_wrapper__parameterized11 |         68 |         32 |      36 |    0 |    41 |      0 |      0 |    0 |          0 |
|     MVAU_rtl_8                              |                                   MVAU_rtl_8_imp_1E7OKDK |         85 |         59 |      26 |    0 |   108 |      0 |      0 |    0 |          4 |
|       MVAU_rtl_8                            |                                 finn_design_MVAU_rtl_8_0 |         63 |         53 |      10 |    0 |    78 |      0 |      0 |    0 |          4 |
|         inst                                |                                               MVAU_rtl_8 |         63 |         53 |      10 |    0 |    78 |      0 |      0 |    0 |          4 |
|       MVAU_rtl_8_wstrm                      |                           finn_design_MVAU_rtl_8_wstrm_0 |         22 |          6 |      16 |    0 |    30 |      0 |      0 |    0 |          0 |
|         inst                                |                   memstream_axi_wrapper__parameterized12 |         22 |          6 |      16 |    0 |    30 |      0 |      0 |    0 |          0 |
|     MVAU_rtl_9                              |                                    MVAU_rtl_9_imp_D54FGN |        132 |         84 |      48 |    0 |   167 |      0 |      0 |    0 |          4 |
|       MVAU_rtl_9                            |                                 finn_design_MVAU_rtl_9_0 |         94 |         78 |      16 |    0 |   121 |      0 |      0 |    0 |          4 |
|         inst                                |                                               MVAU_rtl_9 |         94 |         78 |      16 |    0 |   121 |      0 |      0 |    0 |          4 |
|       MVAU_rtl_9_wstrm                      |                           finn_design_MVAU_rtl_9_wstrm_0 |         38 |          6 |      32 |    0 |    46 |      0 |      0 |    0 |          0 |
|         inst                                |                   memstream_axi_wrapper__parameterized13 |         38 |          6 |      32 |    0 |    46 |      0 |      0 |    0 |          0 |
|     StreamingDataWidthConverter_rtl_0       |          finn_design_StreamingDataWidthConverter_rtl_0_0 |         11 |         11 |       0 |    0 |    44 |      0 |      0 |    0 |          0 |
|       inst                                  |                        StreamingDataWidthConverter_rtl_0 |         11 |         11 |       0 |    0 |    44 |      0 |      0 |    0 |          0 |
|         impl                                |                                              dwc_axi_338 |         11 |         11 |       0 |    0 |    44 |      0 |      0 |    0 |          0 |
|     StreamingDataWidthConverter_rtl_1       |          finn_design_StreamingDataWidthConverter_rtl_1_0 |         14 |         14 |       0 |    0 |    77 |      0 |      0 |    0 |          0 |
|       inst                                  |                        StreamingDataWidthConverter_rtl_1 |         14 |         14 |       0 |    0 |    77 |      0 |      0 |    0 |          0 |
|         impl                                |                              dwc_axi__parameterized0_336 |         14 |         14 |       0 |    0 |    77 |      0 |      0 |    0 |          0 |
|     StreamingDataWidthConverter_rtl_10      |         finn_design_StreamingDataWidthConverter_rtl_10_0 |         11 |         11 |       0 |    0 |    44 |      0 |      0 |    0 |          0 |
|       inst                                  |                       StreamingDataWidthConverter_rtl_10 |         11 |         11 |       0 |    0 |    44 |      0 |      0 |    0 |          0 |
|         impl                                |                                              dwc_axi_334 |         11 |         11 |       0 |    0 |    44 |      0 |      0 |    0 |          0 |
|     StreamingDataWidthConverter_rtl_11      |         finn_design_StreamingDataWidthConverter_rtl_11_0 |         14 |         14 |       0 |    0 |    77 |      0 |      0 |    0 |          0 |
|       inst                                  |                       StreamingDataWidthConverter_rtl_11 |         14 |         14 |       0 |    0 |    77 |      0 |      0 |    0 |          0 |
|         impl                                |                              dwc_axi__parameterized0_332 |         14 |         14 |       0 |    0 |    77 |      0 |      0 |    0 |          0 |
|     StreamingDataWidthConverter_rtl_12      |         finn_design_StreamingDataWidthConverter_rtl_12_0 |         71 |         71 |       0 |    0 |    86 |      0 |      0 |    0 |          0 |
|       inst                                  |                       StreamingDataWidthConverter_rtl_12 |         71 |         71 |       0 |    0 |    86 |      0 |      0 |    0 |          0 |
|         impl                                |                              dwc_axi__parameterized1_330 |         71 |         71 |       0 |    0 |    86 |      0 |      0 |    0 |          0 |
|     StreamingDataWidthConverter_rtl_13      |         finn_design_StreamingDataWidthConverter_rtl_13_0 |         14 |         14 |       0 |    0 |    61 |      0 |      0 |    0 |          0 |
|       inst                                  |                       StreamingDataWidthConverter_rtl_13 |         14 |         14 |       0 |    0 |    61 |      0 |      0 |    0 |          0 |
|         impl                                |                              dwc_axi__parameterized2_328 |         14 |         14 |       0 |    0 |    61 |      0 |      0 |    0 |          0 |
|     StreamingDataWidthConverter_rtl_14      |         finn_design_StreamingDataWidthConverter_rtl_14_0 |          6 |          6 |       0 |    0 |    24 |      0 |      0 |    0 |          0 |
|       inst                                  |                       StreamingDataWidthConverter_rtl_14 |          6 |          6 |       0 |    0 |    24 |      0 |      0 |    0 |          0 |
|         impl                                |                              dwc_axi__parameterized3_326 |          6 |          6 |       0 |    0 |    24 |      0 |      0 |    0 |          0 |
|     StreamingDataWidthConverter_rtl_15      |         finn_design_StreamingDataWidthConverter_rtl_15_0 |          9 |          9 |       0 |    0 |    34 |      0 |      0 |    0 |          0 |
|       inst                                  |                       StreamingDataWidthConverter_rtl_15 |          9 |          9 |       0 |    0 |    34 |      0 |      0 |    0 |          0 |
|         impl                                |                                  dwc_axi__parameterized4 |          9 |          9 |       0 |    0 |    34 |      0 |      0 |    0 |          0 |
|     StreamingDataWidthConverter_rtl_16      |         finn_design_StreamingDataWidthConverter_rtl_16_0 |         14 |         14 |       0 |    0 |    77 |      0 |      0 |    0 |          0 |
|       inst                                  |                       StreamingDataWidthConverter_rtl_16 |         14 |         14 |       0 |    0 |    77 |      0 |      0 |    0 |          0 |
|         impl                                |                              dwc_axi__parameterized0_324 |         14 |         14 |       0 |    0 |    77 |      0 |      0 |    0 |          0 |
|     StreamingDataWidthConverter_rtl_17      |         finn_design_StreamingDataWidthConverter_rtl_17_0 |         73 |         73 |       0 |    0 |    86 |      0 |      0 |    0 |          0 |
|       inst                                  |                       StreamingDataWidthConverter_rtl_17 |         73 |         73 |       0 |    0 |    86 |      0 |      0 |    0 |          0 |
|         impl                                |                              dwc_axi__parameterized1_322 |         73 |         73 |       0 |    0 |    86 |      0 |      0 |    0 |          0 |
|     StreamingDataWidthConverter_rtl_18      |         finn_design_StreamingDataWidthConverter_rtl_18_0 |         14 |         14 |       0 |    0 |    61 |      0 |      0 |    0 |          0 |
|       inst                                  |                       StreamingDataWidthConverter_rtl_18 |         14 |         14 |       0 |    0 |    61 |      0 |      0 |    0 |          0 |
|         impl                                |                              dwc_axi__parameterized2_320 |         14 |         14 |       0 |    0 |    61 |      0 |      0 |    0 |          0 |
|     StreamingDataWidthConverter_rtl_19      |         finn_design_StreamingDataWidthConverter_rtl_19_0 |         11 |         11 |       0 |    0 |    44 |      0 |      0 |    0 |          0 |
|       inst                                  |                       StreamingDataWidthConverter_rtl_19 |         11 |         11 |       0 |    0 |    44 |      0 |      0 |    0 |          0 |
|         impl                                |                                              dwc_axi_318 |         11 |         11 |       0 |    0 |    44 |      0 |      0 |    0 |          0 |
|     StreamingDataWidthConverter_rtl_2       |          finn_design_StreamingDataWidthConverter_rtl_2_0 |         72 |         72 |       0 |    0 |    86 |      0 |      0 |    0 |          0 |
|       inst                                  |                        StreamingDataWidthConverter_rtl_2 |         72 |         72 |       0 |    0 |    86 |      0 |      0 |    0 |          0 |
|         impl                                |                              dwc_axi__parameterized1_316 |         72 |         72 |       0 |    0 |    86 |      0 |      0 |    0 |          0 |
|     StreamingDataWidthConverter_rtl_20      |         finn_design_StreamingDataWidthConverter_rtl_20_0 |         11 |         11 |       0 |    0 |    44 |      0 |      0 |    0 |          0 |
|       inst                                  |                       StreamingDataWidthConverter_rtl_20 |         11 |         11 |       0 |    0 |    44 |      0 |      0 |    0 |          0 |
|         impl                                |                                              dwc_axi_314 |         11 |         11 |       0 |    0 |    44 |      0 |      0 |    0 |          0 |
|     StreamingDataWidthConverter_rtl_21      |         finn_design_StreamingDataWidthConverter_rtl_21_0 |         13 |         13 |       0 |    0 |    77 |      0 |      0 |    0 |          0 |
|       inst                                  |                       StreamingDataWidthConverter_rtl_21 |         13 |         13 |       0 |    0 |    77 |      0 |      0 |    0 |          0 |
|         impl                                |                              dwc_axi__parameterized0_312 |         13 |         13 |       0 |    0 |    77 |      0 |      0 |    0 |          0 |
|     StreamingDataWidthConverter_rtl_22      |         finn_design_StreamingDataWidthConverter_rtl_22_0 |         70 |         70 |       0 |    0 |    86 |      0 |      0 |    0 |          0 |
|       inst                                  |                       StreamingDataWidthConverter_rtl_22 |         70 |         70 |       0 |    0 |    86 |      0 |      0 |    0 |          0 |
|         impl                                |                              dwc_axi__parameterized1_310 |         70 |         70 |       0 |    0 |    86 |      0 |      0 |    0 |          0 |
|     StreamingDataWidthConverter_rtl_23      |         finn_design_StreamingDataWidthConverter_rtl_23_0 |         14 |         14 |       0 |    0 |    61 |      0 |      0 |    0 |          0 |
|       inst                                  |                       StreamingDataWidthConverter_rtl_23 |         14 |         14 |       0 |    0 |    61 |      0 |      0 |    0 |          0 |
|         impl                                |                              dwc_axi__parameterized2_308 |         14 |         14 |       0 |    0 |    61 |      0 |      0 |    0 |          0 |
|     StreamingDataWidthConverter_rtl_24      |         finn_design_StreamingDataWidthConverter_rtl_24_0 |          6 |          6 |       0 |    0 |    24 |      0 |      0 |    0 |          0 |
|       inst                                  |                       StreamingDataWidthConverter_rtl_24 |          6 |          6 |       0 |    0 |    24 |      0 |      0 |    0 |          0 |
|         impl                                |                                  dwc_axi__parameterized3 |          6 |          6 |       0 |    0 |    24 |      0 |      0 |    0 |          0 |
|     StreamingDataWidthConverter_rtl_3       |          finn_design_StreamingDataWidthConverter_rtl_3_0 |         14 |         14 |       0 |    0 |    61 |      0 |      0 |    0 |          0 |
|       inst                                  |                        StreamingDataWidthConverter_rtl_3 |         14 |         14 |       0 |    0 |    61 |      0 |      0 |    0 |          0 |
|         impl                                |                              dwc_axi__parameterized2_306 |         14 |         14 |       0 |    0 |    61 |      0 |      0 |    0 |          0 |
|     StreamingDataWidthConverter_rtl_4       |          finn_design_StreamingDataWidthConverter_rtl_4_0 |         11 |         11 |       0 |    0 |    44 |      0 |      0 |    0 |          0 |
|       inst                                  |                        StreamingDataWidthConverter_rtl_4 |         11 |         11 |       0 |    0 |    44 |      0 |      0 |    0 |          0 |
|         impl                                |                                              dwc_axi_304 |         11 |         11 |       0 |    0 |    44 |      0 |      0 |    0 |          0 |
|     StreamingDataWidthConverter_rtl_5       |          finn_design_StreamingDataWidthConverter_rtl_5_0 |         11 |         11 |       0 |    0 |    44 |      0 |      0 |    0 |          0 |
|       inst                                  |                        StreamingDataWidthConverter_rtl_5 |         11 |         11 |       0 |    0 |    44 |      0 |      0 |    0 |          0 |
|         impl                                |                                              dwc_axi_302 |         11 |         11 |       0 |    0 |    44 |      0 |      0 |    0 |          0 |
|     StreamingDataWidthConverter_rtl_6       |          finn_design_StreamingDataWidthConverter_rtl_6_0 |         14 |         14 |       0 |    0 |    77 |      0 |      0 |    0 |          0 |
|       inst                                  |                        StreamingDataWidthConverter_rtl_6 |         14 |         14 |       0 |    0 |    77 |      0 |      0 |    0 |          0 |
|         impl                                |                                  dwc_axi__parameterized0 |         14 |         14 |       0 |    0 |    77 |      0 |      0 |    0 |          0 |
|     StreamingDataWidthConverter_rtl_7       |          finn_design_StreamingDataWidthConverter_rtl_7_0 |         69 |         69 |       0 |    0 |    86 |      0 |      0 |    0 |          0 |
|       inst                                  |                        StreamingDataWidthConverter_rtl_7 |         69 |         69 |       0 |    0 |    86 |      0 |      0 |    0 |          0 |
|         impl                                |                                  dwc_axi__parameterized1 |         69 |         69 |       0 |    0 |    86 |      0 |      0 |    0 |          0 |
|     StreamingDataWidthConverter_rtl_8       |          finn_design_StreamingDataWidthConverter_rtl_8_0 |         14 |         14 |       0 |    0 |    61 |      0 |      0 |    0 |          0 |
|       inst                                  |                        StreamingDataWidthConverter_rtl_8 |         14 |         14 |       0 |    0 |    61 |      0 |      0 |    0 |          0 |
|         impl                                |                                  dwc_axi__parameterized2 |         14 |         14 |       0 |    0 |    61 |      0 |      0 |    0 |          0 |
|     StreamingDataWidthConverter_rtl_9       |          finn_design_StreamingDataWidthConverter_rtl_9_0 |         10 |         10 |       0 |    0 |    44 |      0 |      0 |    0 |          0 |
|       inst                                  |                        StreamingDataWidthConverter_rtl_9 |         10 |         10 |       0 |    0 |    44 |      0 |      0 |    0 |          0 |
|         impl                                |                                                  dwc_axi |         10 |         10 |       0 |    0 |    44 |      0 |      0 |    0 |          0 |
|     StreamingFIFO_rtl_0                     |                        finn_design_StreamingFIFO_rtl_0_0 |         15 |         15 |       0 |    0 |    23 |      0 |      0 |    0 |          0 |
|       inst                                  |                                      StreamingFIFO_rtl_0 |         15 |         15 |       0 |    0 |    23 |      0 |      0 |    0 |          0 |
|         impl                                |                                                Q_srl_301 |         15 |         15 |       0 |    0 |    23 |      0 |      0 |    0 |          0 |
|     StreamingFIFO_rtl_1                     |                        finn_design_StreamingFIFO_rtl_1_0 |         14 |         14 |       0 |    0 |    21 |      0 |      0 |    0 |          0 |
|       inst                                  |                                      StreamingFIFO_rtl_1 |         14 |         14 |       0 |    0 |    21 |      0 |      0 |    0 |          0 |
|         impl                                |                                Q_srl__parameterized0_300 |         14 |         14 |       0 |    0 |    21 |      0 |      0 |    0 |          0 |
|     StreamingFIFO_rtl_10                    |                       finn_design_StreamingFIFO_rtl_10_0 |         25 |         25 |       0 |    0 |    43 |      0 |      0 |    0 |          0 |
|       inst                                  |                                     StreamingFIFO_rtl_10 |         25 |         25 |       0 |    0 |    43 |      0 |      0 |    0 |          0 |
|         impl                                |                                Q_srl__parameterized1_299 |         25 |         25 |       0 |    0 |    43 |      0 |      0 |    0 |          0 |
|     StreamingFIFO_rtl_100                   |                         StreamingFIFO_rtl_100_imp_HMAN7Y |         67 |         67 |       0 |    0 |    55 |      1 |      0 |    0 |          0 |
|       fifo                                  |                                      finn_design_fifo_31 |         67 |         67 |       0 |    0 |    55 |      1 |      0 |    0 |          0 |
|         inst                                |                     axis_data_fifo_v2_0_9_top__xdcDup__1 |         67 |         67 |       0 |    0 |    55 |      1 |      0 |    0 |          0 |
|     StreamingFIFO_rtl_101                   |                      finn_design_StreamingFIFO_rtl_101_0 |        561 |        177 |       0 |  384 |    91 |      0 |      0 |    0 |          0 |
|       inst                                  |                                    StreamingFIFO_rtl_101 |        561 |        177 |       0 |  384 |    91 |      0 |      0 |    0 |          0 |
|         impl                                |                                    Q_srl__parameterized2 |        561 |        177 |       0 |  384 |    91 |      0 |      0 |    0 |          0 |
|     StreamingFIFO_rtl_102                   |                        StreamingFIFO_rtl_102_imp_1MQY55D |        104 |        104 |       0 |    0 |    75 |      4 |      0 |    0 |          0 |
|       fifo                                  |                                      finn_design_fifo_32 |        104 |        104 |       0 |    0 |    75 |      4 |      0 |    0 |          0 |
|         inst                                |     axis_data_fifo_v2_0_9_top__parameterized0__xdcDup__1 |        104 |        104 |       0 |    0 |    75 |      4 |      0 |    0 |          0 |
|     StreamingFIFO_rtl_103                   |                         StreamingFIFO_rtl_103_imp_K0DRLQ |         84 |         84 |       0 |    0 |    67 |      1 |      0 |    0 |          0 |
|       fifo                                  |                                      finn_design_fifo_33 |         84 |         84 |       0 |    0 |    67 |      1 |      0 |    0 |          0 |
|         inst                                |     axis_data_fifo_v2_0_9_top__parameterized1__xdcDup__1 |         84 |         84 |       0 |    0 |    67 |      1 |      0 |    0 |          0 |
|     StreamingFIFO_rtl_104                   |                         StreamingFIFO_rtl_104_imp_GSKI9D |         79 |         79 |       0 |    0 |    63 |      0 |      1 |    0 |          0 |
|       fifo                                  |                                      finn_design_fifo_34 |         79 |         79 |       0 |    0 |    63 |      0 |      1 |    0 |          0 |
|         inst                                |                axis_data_fifo_v2_0_9_top__parameterized2 |         79 |         79 |       0 |    0 |    63 |      0 |      1 |    0 |          0 |
|     StreamingFIFO_rtl_105                   |                        StreamingFIFO_rtl_105_imp_1ADHO2M |         70 |         70 |       0 |    0 |    59 |      0 |      1 |    0 |          0 |
|       fifo                                  |                                      finn_design_fifo_35 |         70 |         70 |       0 |    0 |    59 |      0 |      1 |    0 |          0 |
|         inst                                |     axis_data_fifo_v2_0_9_top__parameterized3__xdcDup__1 |         70 |         70 |       0 |    0 |    59 |      0 |      1 |    0 |          0 |
|     StreamingFIFO_rtl_106                   |                      finn_design_StreamingFIFO_rtl_106_0 |        101 |         85 |       0 |   16 |    68 |      0 |      0 |    0 |          0 |
|       inst                                  |                                    StreamingFIFO_rtl_106 |        101 |         85 |       0 |   16 |    68 |      0 |      0 |    0 |          0 |
|         impl                                |                                    Q_srl__parameterized3 |        101 |         85 |       0 |   16 |    68 |      0 |      0 |    0 |          0 |
|     StreamingFIFO_rtl_107                   |                      finn_design_StreamingFIFO_rtl_107_0 |         13 |         13 |       0 |    0 |    21 |      0 |      0 |    0 |          0 |
|       inst                                  |                                    StreamingFIFO_rtl_107 |         13 |         13 |       0 |    0 |    21 |      0 |      0 |    0 |          0 |
|         impl                                |                                Q_srl__parameterized0_268 |         13 |         13 |       0 |    0 |    21 |      0 |      0 |    0 |          0 |
|     StreamingFIFO_rtl_108                   |                         StreamingFIFO_rtl_108_imp_FYTTKG |         81 |         81 |       0 |    0 |   111 |      0 |      0 |    1 |          0 |
|       fifo                                  |                                      finn_design_fifo_36 |         81 |         81 |       0 |    0 |   111 |      0 |      0 |    1 |          0 |
|         inst                                |     axis_data_fifo_v2_0_9_top__parameterized4__xdcDup__1 |         81 |         81 |       0 |    0 |   111 |      0 |      0 |    1 |          0 |
|     StreamingFIFO_rtl_109                   |                        StreamingFIFO_rtl_109_imp_18ZSGBJ |         69 |         69 |       0 |    0 |    59 |      1 |      1 |    0 |          0 |
|       fifo                                  |                                      finn_design_fifo_37 |         69 |         69 |       0 |    0 |    59 |      1 |      1 |    0 |          0 |
|         inst                                |     axis_data_fifo_v2_0_9_top__parameterized5__xdcDup__1 |         69 |         69 |       0 |    0 |    59 |      1 |      1 |    0 |          0 |
|     StreamingFIFO_rtl_11                    |                       finn_design_StreamingFIFO_rtl_11_0 |        108 |         52 |       0 |   56 |    22 |      0 |      0 |    0 |          0 |
|       inst                                  |                                     StreamingFIFO_rtl_11 |        108 |         52 |       0 |   56 |    22 |      0 |      0 |    0 |          0 |
|         impl                                |                                    Q_srl__parameterized4 |        108 |         52 |       0 |   56 |    22 |      0 |      0 |    0 |          0 |
|     StreamingFIFO_rtl_110                   |                      finn_design_StreamingFIFO_rtl_110_0 |        117 |         69 |       0 |   48 |    59 |      0 |      0 |    0 |          0 |
|       inst                                  |                                    StreamingFIFO_rtl_110 |        117 |         69 |       0 |   48 |    59 |      0 |      0 |    0 |          0 |
|         impl                                |                                    Q_srl__parameterized5 |        117 |         69 |       0 |   48 |    59 |      0 |      0 |    0 |          0 |
|     StreamingFIFO_rtl_111                   |                      finn_design_StreamingFIFO_rtl_111_0 |         26 |         26 |       0 |    0 |    45 |      0 |      0 |    0 |          0 |
|       inst                                  |                                    StreamingFIFO_rtl_111 |         26 |         26 |       0 |    0 |    45 |      0 |      0 |    0 |          0 |
|         impl                                |                                Q_srl__parameterized1_255 |         26 |         26 |       0 |    0 |    45 |      0 |      0 |    0 |          0 |
|     StreamingFIFO_rtl_112                   |                      finn_design_StreamingFIFO_rtl_112_0 |         13 |         13 |       0 |    0 |    21 |      0 |      0 |    0 |          0 |
|       inst                                  |                                    StreamingFIFO_rtl_112 |         13 |         13 |       0 |    0 |    21 |      0 |      0 |    0 |          0 |
|         impl                                |                                Q_srl__parameterized0_254 |         13 |         13 |       0 |    0 |    21 |      0 |      0 |    0 |          0 |
|     StreamingFIFO_rtl_113                   |                      finn_design_StreamingFIFO_rtl_113_0 |         37 |         37 |       0 |    0 |    69 |      0 |      0 |    0 |          0 |
|       inst                                  |                                    StreamingFIFO_rtl_113 |         37 |         37 |       0 |    0 |    69 |      0 |      0 |    0 |          0 |
|         impl                                |                                Q_srl__parameterized6_253 |         37 |         37 |       0 |    0 |    69 |      0 |      0 |    0 |          0 |
|     StreamingFIFO_rtl_114                   |                      finn_design_StreamingFIFO_rtl_114_0 |         24 |         24 |       0 |    0 |    41 |      0 |      0 |    0 |          0 |
|       inst                                  |                                    StreamingFIFO_rtl_114 |         24 |         24 |       0 |    0 |    41 |      0 |      0 |    0 |          0 |
|         impl                                |                                Q_srl__parameterized1_252 |         24 |         24 |       0 |    0 |    41 |      0 |      0 |    0 |          0 |
|     StreamingFIFO_rtl_115                   |                      finn_design_StreamingFIFO_rtl_115_0 |         13 |         13 |       0 |    0 |    21 |      0 |      0 |    0 |          0 |
|       inst                                  |                                    StreamingFIFO_rtl_115 |         13 |         13 |       0 |    0 |    21 |      0 |      0 |    0 |          0 |
|         impl                                |                                Q_srl__parameterized0_251 |         13 |         13 |       0 |    0 |    21 |      0 |      0 |    0 |          0 |
|     StreamingFIFO_rtl_116                   |                      finn_design_StreamingFIFO_rtl_116_0 |         15 |         15 |       0 |    0 |    23 |      0 |      0 |    0 |          0 |
|       inst                                  |                                    StreamingFIFO_rtl_116 |         15 |         15 |       0 |    0 |    23 |      0 |      0 |    0 |          0 |
|         impl                                |                                                Q_srl_250 |         15 |         15 |       0 |    0 |    23 |      0 |      0 |    0 |          0 |
|     StreamingFIFO_rtl_117                   |                      finn_design_StreamingFIFO_rtl_117_0 |         14 |         14 |       0 |    0 |    21 |      0 |      0 |    0 |          0 |
|       inst                                  |                                    StreamingFIFO_rtl_117 |         14 |         14 |       0 |    0 |    21 |      0 |      0 |    0 |          0 |
|         impl                                |                                Q_srl__parameterized0_249 |         14 |         14 |       0 |    0 |    21 |      0 |      0 |    0 |          0 |
|     StreamingFIFO_rtl_118                   |                      finn_design_StreamingFIFO_rtl_118_0 |         13 |         13 |       0 |    0 |    21 |      0 |      0 |    0 |          0 |
|       inst                                  |                                    StreamingFIFO_rtl_118 |         13 |         13 |       0 |    0 |    21 |      0 |      0 |    0 |          0 |
|         impl                                |                                Q_srl__parameterized0_248 |         13 |         13 |       0 |    0 |    21 |      0 |      0 |    0 |          0 |
|     StreamingFIFO_rtl_119                   |                      finn_design_StreamingFIFO_rtl_119_0 |         14 |         14 |       0 |    0 |    21 |      0 |      0 |    0 |          0 |
|       inst                                  |                                    StreamingFIFO_rtl_119 |         14 |         14 |       0 |    0 |    21 |      0 |      0 |    0 |          0 |
|         impl                                |                                Q_srl__parameterized0_247 |         14 |         14 |       0 |    0 |    21 |      0 |      0 |    0 |          0 |
|     StreamingFIFO_rtl_12                    |                       finn_design_StreamingFIFO_rtl_12_0 |         13 |         13 |       0 |    0 |    21 |      0 |      0 |    0 |          0 |
|       inst                                  |                                     StreamingFIFO_rtl_12 |         13 |         13 |       0 |    0 |    21 |      0 |      0 |    0 |          0 |
|         impl                                |                                Q_srl__parameterized0_246 |         13 |         13 |       0 |    0 |    21 |      0 |      0 |    0 |          0 |
|     StreamingFIFO_rtl_120                   |                      finn_design_StreamingFIFO_rtl_120_0 |         13 |         13 |       0 |    0 |    21 |      0 |      0 |    0 |          0 |
|       inst                                  |                                    StreamingFIFO_rtl_120 |         13 |         13 |       0 |    0 |    21 |      0 |      0 |    0 |          0 |
|         impl                                |                                Q_srl__parameterized0_245 |         13 |         13 |       0 |    0 |    21 |      0 |      0 |    0 |          0 |
|     StreamingFIFO_rtl_121                   |                      finn_design_StreamingFIFO_rtl_121_0 |         38 |         38 |       0 |    0 |    69 |      0 |      0 |    0 |          0 |
|       inst                                  |                                    StreamingFIFO_rtl_121 |         38 |         38 |       0 |    0 |    69 |      0 |      0 |    0 |          0 |
|         impl                                |                                Q_srl__parameterized6_244 |         38 |         38 |       0 |    0 |    69 |      0 |      0 |    0 |          0 |
|     StreamingFIFO_rtl_122                   |                        StreamingFIFO_rtl_122_imp_1DX0CT6 |         83 |         83 |       0 |    0 |    67 |      1 |      0 |    0 |          0 |
|       fifo                                  |                                      finn_design_fifo_38 |         83 |         83 |       0 |    0 |    67 |      1 |      0 |    0 |          0 |
|         inst                                |     axis_data_fifo_v2_0_9_top__parameterized1__xdcDup__2 |         83 |         83 |       0 |    0 |    67 |      1 |      0 |    0 |          0 |
|     StreamingFIFO_rtl_123                   |                      finn_design_StreamingFIFO_rtl_123_0 |         92 |         52 |       0 |   40 |    22 |      0 |      0 |    0 |          0 |
|       inst                                  |                                    StreamingFIFO_rtl_123 |         92 |         52 |       0 |   40 |    22 |      0 |      0 |    0 |          0 |
|         impl                                |                                    Q_srl__parameterized7 |         92 |         52 |       0 |   40 |    22 |      0 |      0 |    0 |          0 |
|     StreamingFIFO_rtl_124                   |                      finn_design_StreamingFIFO_rtl_124_0 |         26 |         26 |       0 |    0 |    45 |      0 |      0 |    0 |          0 |
|       inst                                  |                                    StreamingFIFO_rtl_124 |         26 |         26 |       0 |    0 |    45 |      0 |      0 |    0 |          0 |
|         impl                                |                                Q_srl__parameterized1_237 |         26 |         26 |       0 |    0 |    45 |      0 |      0 |    0 |          0 |
|     StreamingFIFO_rtl_125                   |                      finn_design_StreamingFIFO_rtl_125_0 |         13 |         13 |       0 |    0 |    21 |      0 |      0 |    0 |          0 |
|       inst                                  |                                    StreamingFIFO_rtl_125 |         13 |         13 |       0 |    0 |    21 |      0 |      0 |    0 |          0 |
|         impl                                |                                Q_srl__parameterized0_236 |         13 |         13 |       0 |    0 |    21 |      0 |      0 |    0 |          0 |
|     StreamingFIFO_rtl_126                   |                      finn_design_StreamingFIFO_rtl_126_0 |         69 |         69 |       0 |    0 |   133 |      0 |      0 |    0 |          0 |
|       inst                                  |                                    StreamingFIFO_rtl_126 |         69 |         69 |       0 |    0 |   133 |      0 |      0 |    0 |          0 |
|         impl                                |                                    Q_srl__parameterized8 |         69 |         69 |       0 |    0 |   133 |      0 |      0 |    0 |          0 |
|     StreamingFIFO_rtl_127                   |                      finn_design_StreamingFIFO_rtl_127_0 |        623 |        111 |       0 |  512 |    90 |      0 |      0 |    0 |          0 |
|       inst                                  |                                    StreamingFIFO_rtl_127 |        623 |        111 |       0 |  512 |    90 |      0 |      0 |    0 |          0 |
|         impl                                |                                    Q_srl__parameterized9 |        623 |        111 |       0 |  512 |    90 |      0 |      0 |    0 |          0 |
|     StreamingFIFO_rtl_128                   |                         StreamingFIFO_rtl_128_imp_OX4T6J |         72 |         72 |       0 |    0 |    59 |      0 |      1 |    0 |          0 |
|       fifo                                  |                                      finn_design_fifo_39 |         72 |         72 |       0 |    0 |    59 |      0 |      1 |    0 |          0 |
|         inst                                |     axis_data_fifo_v2_0_9_top__parameterized3__xdcDup__2 |         72 |         72 |       0 |    0 |    59 |      0 |      1 |    0 |          0 |
|     StreamingFIFO_rtl_129                   |                        StreamingFIFO_rtl_129_imp_1HYEMZ8 |         68 |         68 |       0 |    0 |    55 |      0 |      1 |    0 |          0 |
|       fifo                                  |                                      finn_design_fifo_40 |         68 |         68 |       0 |    0 |    55 |      0 |      1 |    0 |          0 |
|         inst                                |     axis_data_fifo_v2_0_9_top__parameterized6__xdcDup__1 |         68 |         68 |       0 |    0 |    55 |      0 |      1 |    0 |          0 |
|     StreamingFIFO_rtl_13                    |                         StreamingFIFO_rtl_13_imp_15RMZEY |         82 |         82 |       0 |    0 |    79 |      8 |      0 |    0 |          0 |
|       fifo                                  |                                       finn_design_fifo_5 |         82 |         82 |       0 |    0 |    79 |      8 |      0 |    0 |          0 |
|         inst                                |     axis_data_fifo_v2_0_9_top__parameterized7__xdcDup__1 |         82 |         82 |       0 |    0 |    79 |      8 |      0 |    0 |          0 |
|     StreamingFIFO_rtl_130                   |                      finn_design_StreamingFIFO_rtl_130_0 |        109 |         45 |       0 |   64 |    22 |      0 |      0 |    0 |          0 |
|       inst                                  |                                    StreamingFIFO_rtl_130 |        109 |         45 |       0 |   64 |    22 |      0 |      0 |    0 |          0 |
|         impl                                |                               Q_srl__parameterized10_217 |        109 |         45 |       0 |   64 |    22 |      0 |      0 |    0 |          0 |
|     StreamingFIFO_rtl_131                   |                      finn_design_StreamingFIFO_rtl_131_0 |         97 |         57 |       0 |   40 |    22 |      0 |      0 |    0 |          0 |
|       inst                                  |                                    StreamingFIFO_rtl_131 |         97 |         57 |       0 |   40 |    22 |      0 |      0 |    0 |          0 |
|         impl                                |                                   Q_srl__parameterized11 |         97 |         57 |       0 |   40 |    22 |      0 |      0 |    0 |          0 |
|     StreamingFIFO_rtl_132                   |                      finn_design_StreamingFIFO_rtl_132_0 |         13 |         13 |       0 |    0 |    21 |      0 |      0 |    0 |          0 |
|       inst                                  |                                    StreamingFIFO_rtl_132 |         13 |         13 |       0 |    0 |    21 |      0 |      0 |    0 |          0 |
|         impl                                |                                Q_srl__parameterized0_216 |         13 |         13 |       0 |    0 |    21 |      0 |      0 |    0 |          0 |
|     StreamingFIFO_rtl_133                   |                      finn_design_StreamingFIFO_rtl_133_0 |        470 |         86 |       0 |  384 |    62 |      0 |      0 |    0 |          0 |
|       inst                                  |                                    StreamingFIFO_rtl_133 |        470 |         86 |       0 |  384 |    62 |      0 |      0 |    0 |          0 |
|         impl                                |                               Q_srl__parameterized12_215 |        470 |         86 |       0 |  384 |    62 |      0 |      0 |    0 |          0 |
|     StreamingFIFO_rtl_134                   |                      finn_design_StreamingFIFO_rtl_134_0 |        377 |        137 |       0 |  240 |    67 |      0 |      0 |    0 |          0 |
|       inst                                  |                                    StreamingFIFO_rtl_134 |        377 |        137 |       0 |  240 |    67 |      0 |      0 |    0 |          0 |
|         impl                                |                                   Q_srl__parameterized13 |        377 |        137 |       0 |  240 |    67 |      0 |      0 |    0 |          0 |
|     StreamingFIFO_rtl_135                   |                      finn_design_StreamingFIFO_rtl_135_0 |         26 |         26 |       0 |    0 |    45 |      0 |      0 |    0 |          0 |
|       inst                                  |                                    StreamingFIFO_rtl_135 |         26 |         26 |       0 |    0 |    45 |      0 |      0 |    0 |          0 |
|         impl                                |                                Q_srl__parameterized1_214 |         26 |         26 |       0 |    0 |    45 |      0 |      0 |    0 |          0 |
|     StreamingFIFO_rtl_136                   |                      finn_design_StreamingFIFO_rtl_136_0 |         10 |         10 |       0 |    0 |    13 |      0 |      0 |    0 |          0 |
|       inst                                  |                                    StreamingFIFO_rtl_136 |         10 |         10 |       0 |    0 |    13 |      0 |      0 |    0 |          0 |
|         impl                                |                                Q_srl__parameterized0_213 |         10 |         10 |       0 |    0 |    13 |      0 |      0 |    0 |          0 |
|     StreamingFIFO_rtl_137                   |                      finn_design_StreamingFIFO_rtl_137_0 |         21 |         21 |       0 |    0 |    37 |      0 |      0 |    0 |          0 |
|       inst                                  |                                    StreamingFIFO_rtl_137 |         21 |         21 |       0 |    0 |    37 |      0 |      0 |    0 |          0 |
|         impl                                |                                                Q_srl_212 |         21 |         21 |       0 |    0 |    37 |      0 |      0 |    0 |          0 |
|     StreamingFIFO_rtl_138                   |                      finn_design_StreamingFIFO_rtl_138_0 |         16 |         16 |       0 |    0 |    25 |      0 |      0 |    0 |          0 |
|       inst                                  |                                    StreamingFIFO_rtl_138 |         16 |         16 |       0 |    0 |    25 |      0 |      0 |    0 |          0 |
|         impl                                |                                                Q_srl_211 |         16 |         16 |       0 |    0 |    25 |      0 |      0 |    0 |          0 |
|     StreamingFIFO_rtl_139                   |                      finn_design_StreamingFIFO_rtl_139_0 |         13 |         13 |       0 |    0 |    21 |      0 |      0 |    0 |          0 |
|       inst                                  |                                    StreamingFIFO_rtl_139 |         13 |         13 |       0 |    0 |    21 |      0 |      0 |    0 |          0 |
|         impl                                |                                Q_srl__parameterized0_210 |         13 |         13 |       0 |    0 |    21 |      0 |      0 |    0 |          0 |
|     StreamingFIFO_rtl_14                    |                         StreamingFIFO_rtl_14_imp_1QQ3C5H |         80 |         80 |       0 |    0 |    79 |      8 |      0 |    0 |          0 |
|       fifo                                  |                                       finn_design_fifo_6 |         80 |         80 |       0 |    0 |    79 |      8 |      0 |    0 |          0 |
|         inst                                |     axis_data_fifo_v2_0_9_top__parameterized7__xdcDup__2 |         80 |         80 |       0 |    0 |    79 |      8 |      0 |    0 |          0 |
|     StreamingFIFO_rtl_140                   |                      finn_design_StreamingFIFO_rtl_140_0 |         14 |         14 |       0 |    0 |    23 |      0 |      0 |    0 |          0 |
|       inst                                  |                                    StreamingFIFO_rtl_140 |         14 |         14 |       0 |    0 |    23 |      0 |      0 |    0 |          0 |
|         impl                                |                                                Q_srl_203 |         14 |         14 |       0 |    0 |    23 |      0 |      0 |    0 |          0 |
|     StreamingFIFO_rtl_15                    |                       finn_design_StreamingFIFO_rtl_15_0 |        152 |         88 |       0 |   64 |    75 |      0 |      0 |    0 |          0 |
|       inst                                  |                                     StreamingFIFO_rtl_15 |        152 |         88 |       0 |   64 |    75 |      0 |      0 |    0 |          0 |
|         impl                                |                               Q_srl__parameterized14_202 |        152 |         88 |       0 |   64 |    75 |      0 |      0 |    0 |          0 |
|     StreamingFIFO_rtl_16                    |                          StreamingFIFO_rtl_16_imp_3XK0KA |         81 |         81 |       0 |    0 |    79 |      8 |      0 |    0 |          0 |
|       fifo                                  |                                       finn_design_fifo_7 |         81 |         81 |       0 |    0 |    79 |      8 |      0 |    0 |          0 |
|         inst                                |     axis_data_fifo_v2_0_9_top__parameterized7__xdcDup__3 |         81 |         81 |       0 |    0 |    79 |      8 |      0 |    0 |          0 |
|     StreamingFIFO_rtl_17                    |                         StreamingFIFO_rtl_17_imp_15HVUET |         81 |         81 |       0 |    0 |    79 |      8 |      0 |    0 |          0 |
|       fifo                                  |                                       finn_design_fifo_8 |         81 |         81 |       0 |    0 |    79 |      8 |      0 |    0 |          0 |
|         inst                                |     axis_data_fifo_v2_0_9_top__parameterized7__xdcDup__4 |         81 |         81 |       0 |    0 |    79 |      8 |      0 |    0 |          0 |
|     StreamingFIFO_rtl_18                    |                       finn_design_StreamingFIFO_rtl_18_0 |        615 |        103 |       0 |  512 |    82 |      0 |      0 |    0 |          0 |
|       inst                                  |                                     StreamingFIFO_rtl_18 |        615 |        103 |       0 |  512 |    82 |      0 |      0 |    0 |          0 |
|         impl                                |                                   Q_srl__parameterized15 |        615 |        103 |       0 |  512 |    82 |      0 |      0 |    0 |          0 |
|     StreamingFIFO_rtl_19                    |                          StreamingFIFO_rtl_19_imp_YM2KRV |         95 |         95 |       0 |    0 |    71 |      2 |      0 |    0 |          0 |
|       fifo                                  |                                       finn_design_fifo_9 |         95 |         95 |       0 |    0 |    71 |      2 |      0 |    0 |          0 |
|         inst                                |     axis_data_fifo_v2_0_9_top__parameterized8__xdcDup__1 |         95 |         95 |       0 |    0 |    71 |      2 |      0 |    0 |          0 |
|     StreamingFIFO_rtl_2                     |                        finn_design_StreamingFIFO_rtl_2_0 |         13 |         13 |       0 |    0 |    21 |      0 |      0 |    0 |          0 |
|       inst                                  |                                      StreamingFIFO_rtl_2 |         13 |         13 |       0 |    0 |    21 |      0 |      0 |    0 |          0 |
|         impl                                |                                Q_srl__parameterized0_183 |         13 |         13 |       0 |    0 |    21 |      0 |      0 |    0 |          0 |
|     StreamingFIFO_rtl_20                    |                          StreamingFIFO_rtl_20_imp_PRJVN8 |         73 |         73 |       0 |    0 |    59 |      0 |      1 |    0 |          0 |
|       fifo                                  |                                      finn_design_fifo_10 |         73 |         73 |       0 |    0 |    59 |      0 |      1 |    0 |          0 |
|         inst                                |     axis_data_fifo_v2_0_9_top__parameterized3__xdcDup__3 |         73 |         73 |       0 |    0 |    59 |      0 |      1 |    0 |          0 |
|     StreamingFIFO_rtl_21                    |                         StreamingFIFO_rtl_21_imp_1JCHQQJ |         68 |         68 |       0 |    0 |    55 |      0 |      1 |    0 |          0 |
|       fifo                                  |                                      finn_design_fifo_11 |         68 |         68 |       0 |    0 |    55 |      0 |      1 |    0 |          0 |
|         inst                                |     axis_data_fifo_v2_0_9_top__parameterized6__xdcDup__2 |         68 |         68 |       0 |    0 |    55 |      0 |      1 |    0 |          0 |
|     StreamingFIFO_rtl_22                    |                       finn_design_StreamingFIFO_rtl_22_0 |         74 |         50 |       0 |   24 |    21 |      0 |      0 |    0 |          0 |
|       inst                                  |                                     StreamingFIFO_rtl_22 |         74 |         50 |       0 |   24 |    21 |      0 |      0 |    0 |          0 |
|         impl                                |                                   Q_srl__parameterized16 |         74 |         50 |       0 |   24 |    21 |      0 |      0 |    0 |          0 |
|     StreamingFIFO_rtl_23                    |                       finn_design_StreamingFIFO_rtl_23_0 |         13 |         13 |       0 |    0 |    21 |      0 |      0 |    0 |          0 |
|       inst                                  |                                     StreamingFIFO_rtl_23 |         13 |         13 |       0 |    0 |    21 |      0 |      0 |    0 |          0 |
|         impl                                |                                Q_srl__parameterized0_170 |         13 |         13 |       0 |    0 |    21 |      0 |      0 |    0 |          0 |
|     StreamingFIFO_rtl_24                    |                          StreamingFIFO_rtl_24_imp_QLFT6Z |        158 |        158 |       0 |    0 |   112 |     21 |      1 |    0 |          0 |
|       fifo                                  |                                      finn_design_fifo_12 |        158 |        158 |       0 |    0 |   112 |     21 |      1 |    0 |          0 |
|         inst                                |                axis_data_fifo_v2_0_9_top__parameterized9 |        158 |        158 |       0 |    0 |   112 |     21 |      1 |    0 |          0 |
|     StreamingFIFO_rtl_25                    |                         StreamingFIFO_rtl_25_imp_1IIR9IC |         85 |         85 |       0 |    0 |   115 |      0 |      0 |    1 |          0 |
|       fifo                                  |                                      finn_design_fifo_13 |         85 |         85 |       0 |    0 |   115 |      0 |      0 |    1 |          0 |
|         inst                                |               axis_data_fifo_v2_0_9_top__parameterized10 |         85 |         85 |       0 |    0 |   115 |      0 |      0 |    1 |          0 |
|     StreamingFIFO_rtl_26                    |                         StreamingFIFO_rtl_26_imp_1DWS2L0 |         79 |         79 |       0 |    0 |   111 |      0 |      0 |    1 |          0 |
|       fifo                                  |                                      finn_design_fifo_14 |         79 |         79 |       0 |    0 |   111 |      0 |      0 |    1 |          0 |
|         inst                                |                axis_data_fifo_v2_0_9_top__parameterized4 |         79 |         79 |       0 |    0 |   111 |      0 |      0 |    1 |          0 |
|     StreamingFIFO_rtl_27                    |                          StreamingFIFO_rtl_27_imp_B68EBF |         72 |         72 |       0 |    0 |    59 |      1 |      1 |    0 |          0 |
|       fifo                                  |                                      finn_design_fifo_15 |         72 |         72 |       0 |    0 |    59 |      1 |      1 |    0 |          0 |
|         inst                                |     axis_data_fifo_v2_0_9_top__parameterized5__xdcDup__2 |         72 |         72 |       0 |    0 |    59 |      1 |      1 |    0 |          0 |
|     StreamingFIFO_rtl_28                    |                          StreamingFIFO_rtl_28_imp_P742YY |         69 |         69 |       0 |    0 |    55 |      1 |      0 |    0 |          0 |
|       fifo                                  |                                      finn_design_fifo_16 |         69 |         69 |       0 |    0 |    55 |      1 |      0 |    0 |          0 |
|         inst                                |    axis_data_fifo_v2_0_9_top__parameterized11__xdcDup__1 |         69 |         69 |       0 |    0 |    55 |      1 |      0 |    0 |          0 |
|     StreamingFIFO_rtl_29                    |                       finn_design_StreamingFIFO_rtl_29_0 |        475 |         91 |       0 |  384 |    68 |      0 |      0 |    0 |          0 |
|       inst                                  |                                     StreamingFIFO_rtl_29 |        475 |         91 |       0 |  384 |    68 |      0 |      0 |    0 |          0 |
|         impl                                |                                   Q_srl__parameterized17 |        475 |         91 |       0 |  384 |    68 |      0 |      0 |    0 |          0 |
|     StreamingFIFO_rtl_3                     |                           StreamingFIFO_rtl_3_imp_92O214 |         81 |         81 |       0 |    0 |    79 |      8 |      0 |    0 |          0 |
|       fifo                                  |                                       finn_design_fifo_0 |         81 |         81 |       0 |    0 |    79 |      8 |      0 |    0 |          0 |
|         inst                                |     axis_data_fifo_v2_0_9_top__parameterized7__xdcDup__5 |         81 |         81 |       0 |    0 |    79 |      8 |      0 |    0 |          0 |
|     StreamingFIFO_rtl_30                    |                       finn_design_StreamingFIFO_rtl_30_0 |         27 |         27 |       0 |    0 |    45 |      0 |      0 |    0 |          0 |
|       inst                                  |                                     StreamingFIFO_rtl_30 |         27 |         27 |       0 |    0 |    45 |      0 |      0 |    0 |          0 |
|         impl                                |                                Q_srl__parameterized1_133 |         27 |         27 |       0 |    0 |    45 |      0 |      0 |    0 |          0 |
|     StreamingFIFO_rtl_31                    |                       finn_design_StreamingFIFO_rtl_31_0 |         13 |         13 |       0 |    0 |    21 |      0 |      0 |    0 |          0 |
|       inst                                  |                                     StreamingFIFO_rtl_31 |         13 |         13 |       0 |    0 |    21 |      0 |      0 |    0 |          0 |
|         impl                                |                                Q_srl__parameterized0_132 |         13 |         13 |       0 |    0 |    21 |      0 |      0 |    0 |          0 |
|     StreamingFIFO_rtl_32                    |                       finn_design_StreamingFIFO_rtl_32_0 |         37 |         37 |       0 |    0 |    69 |      0 |      0 |    0 |          0 |
|       inst                                  |                                     StreamingFIFO_rtl_32 |         37 |         37 |       0 |    0 |    69 |      0 |      0 |    0 |          0 |
|         impl                                |                                Q_srl__parameterized6_131 |         37 |         37 |       0 |    0 |    69 |      0 |      0 |    0 |          0 |
|     StreamingFIFO_rtl_33                    |                       finn_design_StreamingFIFO_rtl_33_0 |         20 |         20 |       0 |    0 |    33 |      0 |      0 |    0 |          0 |
|       inst                                  |                                     StreamingFIFO_rtl_33 |         20 |         20 |       0 |    0 |    33 |      0 |      0 |    0 |          0 |
|         impl                                |                                                Q_srl_130 |         20 |         20 |       0 |    0 |    33 |      0 |      0 |    0 |          0 |
|     StreamingFIFO_rtl_34                    |                       finn_design_StreamingFIFO_rtl_34_0 |         13 |         13 |       0 |    0 |    21 |      0 |      0 |    0 |          0 |
|       inst                                  |                                     StreamingFIFO_rtl_34 |         13 |         13 |       0 |    0 |    21 |      0 |      0 |    0 |          0 |
|         impl                                |                                Q_srl__parameterized0_129 |         13 |         13 |       0 |    0 |    21 |      0 |      0 |    0 |          0 |
|     StreamingFIFO_rtl_35                    |                       finn_design_StreamingFIFO_rtl_35_0 |         15 |         15 |       0 |    0 |    23 |      0 |      0 |    0 |          0 |
|       inst                                  |                                     StreamingFIFO_rtl_35 |         15 |         15 |       0 |    0 |    23 |      0 |      0 |    0 |          0 |
|         impl                                |                                                Q_srl_128 |         15 |         15 |       0 |    0 |    23 |      0 |      0 |    0 |          0 |
|     StreamingFIFO_rtl_36                    |                       finn_design_StreamingFIFO_rtl_36_0 |         14 |         14 |       0 |    0 |    21 |      0 |      0 |    0 |          0 |
|       inst                                  |                                     StreamingFIFO_rtl_36 |         14 |         14 |       0 |    0 |    21 |      0 |      0 |    0 |          0 |
|         impl                                |                                Q_srl__parameterized0_127 |         14 |         14 |       0 |    0 |    21 |      0 |      0 |    0 |          0 |
|     StreamingFIFO_rtl_37                    |                       finn_design_StreamingFIFO_rtl_37_0 |         13 |         13 |       0 |    0 |    21 |      0 |      0 |    0 |          0 |
|       inst                                  |                                     StreamingFIFO_rtl_37 |         13 |         13 |       0 |    0 |    21 |      0 |      0 |    0 |          0 |
|         impl                                |                                Q_srl__parameterized0_126 |         13 |         13 |       0 |    0 |    21 |      0 |      0 |    0 |          0 |
|     StreamingFIFO_rtl_38                    |                       finn_design_StreamingFIFO_rtl_38_0 |         14 |         14 |       0 |    0 |    21 |      0 |      0 |    0 |          0 |
|       inst                                  |                                     StreamingFIFO_rtl_38 |         14 |         14 |       0 |    0 |    21 |      0 |      0 |    0 |          0 |
|         impl                                |                                Q_srl__parameterized0_125 |         14 |         14 |       0 |    0 |    21 |      0 |      0 |    0 |          0 |
|     StreamingFIFO_rtl_39                    |                       finn_design_StreamingFIFO_rtl_39_0 |         13 |         13 |       0 |    0 |    21 |      0 |      0 |    0 |          0 |
|       inst                                  |                                     StreamingFIFO_rtl_39 |         13 |         13 |       0 |    0 |    21 |      0 |      0 |    0 |          0 |
|         impl                                |                                Q_srl__parameterized0_124 |         13 |         13 |       0 |    0 |    21 |      0 |      0 |    0 |          0 |
|     StreamingFIFO_rtl_4                     |                        finn_design_StreamingFIFO_rtl_4_0 |         13 |         13 |       0 |    0 |    21 |      0 |      0 |    0 |          0 |
|       inst                                  |                                      StreamingFIFO_rtl_4 |         13 |         13 |       0 |    0 |    21 |      0 |      0 |    0 |          0 |
|         impl                                |                                Q_srl__parameterized0_123 |         13 |         13 |       0 |    0 |    21 |      0 |      0 |    0 |          0 |
|     StreamingFIFO_rtl_40                    |                       finn_design_StreamingFIFO_rtl_40_0 |         38 |         38 |       0 |    0 |    69 |      0 |      0 |    0 |          0 |
|       inst                                  |                                     StreamingFIFO_rtl_40 |         38 |         38 |       0 |    0 |    69 |      0 |      0 |    0 |          0 |
|         impl                                |                                Q_srl__parameterized6_122 |         38 |         38 |       0 |    0 |    69 |      0 |      0 |    0 |          0 |
|     StreamingFIFO_rtl_41                    |                          StreamingFIFO_rtl_41_imp_SQYB0M |         92 |         92 |       0 |    0 |    71 |      2 |      0 |    0 |          0 |
|       fifo                                  |                                      finn_design_fifo_17 |         92 |         92 |       0 |    0 |    71 |      2 |      0 |    0 |          0 |
|         inst                                |     axis_data_fifo_v2_0_9_top__parameterized8__xdcDup__2 |         92 |         92 |       0 |    0 |    71 |      2 |      0 |    0 |          0 |
|     StreamingFIFO_rtl_42                    |                       finn_design_StreamingFIFO_rtl_42_0 |        109 |         53 |       0 |   56 |    22 |      0 |      0 |    0 |          0 |
|       inst                                  |                                     StreamingFIFO_rtl_42 |        109 |         53 |       0 |   56 |    22 |      0 |      0 |    0 |          0 |
|         impl                                |                                   Q_srl__parameterized18 |        109 |         53 |       0 |   56 |    22 |      0 |      0 |    0 |          0 |
|     StreamingFIFO_rtl_43                    |                       finn_design_StreamingFIFO_rtl_43_0 |         22 |         22 |       0 |    0 |    37 |      0 |      0 |    0 |          0 |
|       inst                                  |                                     StreamingFIFO_rtl_43 |         22 |         22 |       0 |    0 |    37 |      0 |      0 |    0 |          0 |
|         impl                                |                                                Q_srl_115 |         22 |         22 |       0 |    0 |    37 |      0 |      0 |    0 |          0 |
|     StreamingFIFO_rtl_44                    |                       finn_design_StreamingFIFO_rtl_44_0 |         13 |         13 |       0 |    0 |    21 |      0 |      0 |    0 |          0 |
|       inst                                  |                                     StreamingFIFO_rtl_44 |         13 |         13 |       0 |    0 |    21 |      0 |      0 |    0 |          0 |
|         impl                                |                                Q_srl__parameterized0_114 |         13 |         13 |       0 |    0 |    21 |      0 |      0 |    0 |          0 |
|     StreamingFIFO_rtl_45                    |                       finn_design_StreamingFIFO_rtl_45_0 |        153 |         89 |       0 |   64 |    75 |      0 |      0 |    0 |          0 |
|       inst                                  |                                     StreamingFIFO_rtl_45 |        153 |         89 |       0 |   64 |    75 |      0 |      0 |    0 |          0 |
|         impl                                |                               Q_srl__parameterized14_113 |        153 |         89 |       0 |   64 |    75 |      0 |      0 |    0 |          0 |
|     StreamingFIFO_rtl_46                    |                          StreamingFIFO_rtl_46_imp_59YFGP |         69 |         69 |       0 |    0 |    55 |      1 |      0 |    0 |          0 |
|       fifo                                  |                                      finn_design_fifo_18 |         69 |         69 |       0 |    0 |    55 |      1 |      0 |    0 |          0 |
|         inst                                |                                axis_data_fifo_v2_0_9_top |         69 |         69 |       0 |    0 |    55 |      1 |      0 |    0 |          0 |
|     StreamingFIFO_rtl_47                    |                       finn_design_StreamingFIFO_rtl_47_0 |        145 |        145 |       0 |    0 |   329 |      0 |      0 |    0 |          0 |
|       inst                                  |                                     StreamingFIFO_rtl_47 |        145 |        145 |       0 |    0 |   329 |      0 |      0 |    0 |          0 |
|         impl                                |                                   Q_srl__parameterized19 |        145 |        145 |       0 |    0 |   329 |      0 |      0 |    0 |          0 |
|     StreamingFIFO_rtl_48                    |                         StreamingFIFO_rtl_48_imp_1XF9PLJ |         84 |         84 |       0 |    0 |    67 |      1 |      0 |    0 |          0 |
|       fifo                                  |                                      finn_design_fifo_19 |         84 |         84 |       0 |    0 |    67 |      1 |      0 |    0 |          0 |
|         inst                                |     axis_data_fifo_v2_0_9_top__parameterized1__xdcDup__3 |         84 |         84 |       0 |    0 |    67 |      1 |      0 |    0 |          0 |
|     StreamingFIFO_rtl_49                    |                       finn_design_StreamingFIFO_rtl_49_0 |        110 |         46 |       0 |   64 |    22 |      0 |      0 |    0 |          0 |
|       inst                                  |                                     StreamingFIFO_rtl_49 |        110 |         46 |       0 |   64 |    22 |      0 |      0 |    0 |          0 |
|         impl                                |                               Q_srl__parameterized10_100 |        110 |         46 |       0 |   64 |    22 |      0 |      0 |    0 |          0 |
|     StreamingFIFO_rtl_5                     |                          StreamingFIFO_rtl_5_imp_1LL1414 |         95 |         95 |       0 |    0 |    71 |      2 |      0 |    0 |          0 |
|       fifo                                  |                                       finn_design_fifo_1 |         95 |         95 |       0 |    0 |    71 |      2 |      0 |    0 |          0 |
|         inst                                |     axis_data_fifo_v2_0_9_top__parameterized8__xdcDup__3 |         95 |         95 |       0 |    0 |    71 |      2 |      0 |    0 |          0 |
|     StreamingFIFO_rtl_50                    |                       finn_design_StreamingFIFO_rtl_50_0 |         75 |         51 |       0 |   24 |    21 |      0 |      0 |    0 |          0 |
|       inst                                  |                                     StreamingFIFO_rtl_50 |         75 |         51 |       0 |   24 |    21 |      0 |      0 |    0 |          0 |
|         impl                                |                                   Q_srl__parameterized20 |         75 |         51 |       0 |   24 |    21 |      0 |      0 |    0 |          0 |
|     StreamingFIFO_rtl_51                    |                       finn_design_StreamingFIFO_rtl_51_0 |         13 |         13 |       0 |    0 |    21 |      0 |      0 |    0 |          0 |
|       inst                                  |                                     StreamingFIFO_rtl_51 |         13 |         13 |       0 |    0 |    21 |      0 |      0 |    0 |          0 |
|         impl                                |                                 Q_srl__parameterized0_93 |         13 |         13 |       0 |    0 |    21 |      0 |      0 |    0 |          0 |
|     StreamingFIFO_rtl_52                    |                         StreamingFIFO_rtl_52_imp_1L1HOVN |         67 |         67 |       0 |    0 |    55 |      1 |      0 |    0 |          0 |
|       fifo                                  |                                      finn_design_fifo_20 |         67 |         67 |       0 |    0 |    55 |      1 |      0 |    0 |          0 |
|         inst                                |    axis_data_fifo_v2_0_9_top__parameterized11__xdcDup__2 |         67 |         67 |       0 |    0 |    55 |      1 |      0 |    0 |          0 |
|     StreamingFIFO_rtl_53                    |                       finn_design_StreamingFIFO_rtl_53_0 |        481 |         97 |       0 |  384 |    74 |      0 |      0 |    0 |          0 |
|       inst                                  |                                     StreamingFIFO_rtl_53 |        481 |         97 |       0 |  384 |    74 |      0 |      0 |    0 |          0 |
|         impl                                |                                   Q_srl__parameterized12 |        481 |         97 |       0 |  384 |    74 |      0 |      0 |    0 |          0 |
|     StreamingFIFO_rtl_54                    |                       finn_design_StreamingFIFO_rtl_54_0 |         94 |         70 |       0 |   24 |    58 |      0 |      0 |    0 |          0 |
|       inst                                  |                                     StreamingFIFO_rtl_54 |         94 |         70 |       0 |   24 |    58 |      0 |      0 |    0 |          0 |
|         impl                                |                                   Q_srl__parameterized21 |         94 |         70 |       0 |   24 |    58 |      0 |      0 |    0 |          0 |
|     StreamingFIFO_rtl_55                    |                       finn_design_StreamingFIFO_rtl_55_0 |         26 |         26 |       0 |    0 |    45 |      0 |      0 |    0 |          0 |
|       inst                                  |                                     StreamingFIFO_rtl_55 |         26 |         26 |       0 |    0 |    45 |      0 |      0 |    0 |          0 |
|         impl                                |                                 Q_srl__parameterized1_86 |         26 |         26 |       0 |    0 |    45 |      0 |      0 |    0 |          0 |
|     StreamingFIFO_rtl_56                    |                       finn_design_StreamingFIFO_rtl_56_0 |         13 |         13 |       0 |    0 |    21 |      0 |      0 |    0 |          0 |
|       inst                                  |                                     StreamingFIFO_rtl_56 |         13 |         13 |       0 |    0 |    21 |      0 |      0 |    0 |          0 |
|         impl                                |                                 Q_srl__parameterized0_85 |         13 |         13 |       0 |    0 |    21 |      0 |      0 |    0 |          0 |
|     StreamingFIFO_rtl_57                    |                       finn_design_StreamingFIFO_rtl_57_0 |         37 |         37 |       0 |    0 |    69 |      0 |      0 |    0 |          0 |
|       inst                                  |                                     StreamingFIFO_rtl_57 |         37 |         37 |       0 |    0 |    69 |      0 |      0 |    0 |          0 |
|         impl                                |                                 Q_srl__parameterized6_84 |         37 |         37 |       0 |    0 |    69 |      0 |      0 |    0 |          0 |
|     StreamingFIFO_rtl_58                    |                       finn_design_StreamingFIFO_rtl_58_0 |         20 |         20 |       0 |    0 |    33 |      0 |      0 |    0 |          0 |
|       inst                                  |                                     StreamingFIFO_rtl_58 |         20 |         20 |       0 |    0 |    33 |      0 |      0 |    0 |          0 |
|         impl                                |                                                 Q_srl_83 |         20 |         20 |       0 |    0 |    33 |      0 |      0 |    0 |          0 |
|     StreamingFIFO_rtl_59                    |                       finn_design_StreamingFIFO_rtl_59_0 |         13 |         13 |       0 |    0 |    21 |      0 |      0 |    0 |          0 |
|       inst                                  |                                     StreamingFIFO_rtl_59 |         13 |         13 |       0 |    0 |    21 |      0 |      0 |    0 |          0 |
|         impl                                |                                 Q_srl__parameterized0_82 |         13 |         13 |       0 |    0 |    21 |      0 |      0 |    0 |          0 |
|     StreamingFIFO_rtl_6                     |                          StreamingFIFO_rtl_6_imp_1F2U1JS |         82 |         82 |       0 |    0 |    67 |      1 |      0 |    0 |          0 |
|       fifo                                  |                                       finn_design_fifo_2 |         82 |         82 |       0 |    0 |    67 |      1 |      0 |    0 |          0 |
|         inst                                |                axis_data_fifo_v2_0_9_top__parameterized1 |         82 |         82 |       0 |    0 |    67 |      1 |      0 |    0 |          0 |
|     StreamingFIFO_rtl_60                    |                       finn_design_StreamingFIFO_rtl_60_0 |         15 |         15 |       0 |    0 |    23 |      0 |      0 |    0 |          0 |
|       inst                                  |                                     StreamingFIFO_rtl_60 |         15 |         15 |       0 |    0 |    23 |      0 |      0 |    0 |          0 |
|         impl                                |                                                 Q_srl_77 |         15 |         15 |       0 |    0 |    23 |      0 |      0 |    0 |          0 |
|     StreamingFIFO_rtl_61                    |                       finn_design_StreamingFIFO_rtl_61_0 |         14 |         14 |       0 |    0 |    21 |      0 |      0 |    0 |          0 |
|       inst                                  |                                     StreamingFIFO_rtl_61 |         14 |         14 |       0 |    0 |    21 |      0 |      0 |    0 |          0 |
|         impl                                |                                 Q_srl__parameterized0_76 |         14 |         14 |       0 |    0 |    21 |      0 |      0 |    0 |          0 |
|     StreamingFIFO_rtl_62                    |                       finn_design_StreamingFIFO_rtl_62_0 |         13 |         13 |       0 |    0 |    21 |      0 |      0 |    0 |          0 |
|       inst                                  |                                     StreamingFIFO_rtl_62 |         13 |         13 |       0 |    0 |    21 |      0 |      0 |    0 |          0 |
|         impl                                |                                 Q_srl__parameterized0_75 |         13 |         13 |       0 |    0 |    21 |      0 |      0 |    0 |          0 |
|     StreamingFIFO_rtl_63                    |                       finn_design_StreamingFIFO_rtl_63_0 |         14 |         14 |       0 |    0 |    21 |      0 |      0 |    0 |          0 |
|       inst                                  |                                     StreamingFIFO_rtl_63 |         14 |         14 |       0 |    0 |    21 |      0 |      0 |    0 |          0 |
|         impl                                |                                 Q_srl__parameterized0_74 |         14 |         14 |       0 |    0 |    21 |      0 |      0 |    0 |          0 |
|     StreamingFIFO_rtl_64                    |                       finn_design_StreamingFIFO_rtl_64_0 |         13 |         13 |       0 |    0 |    21 |      0 |      0 |    0 |          0 |
|       inst                                  |                                     StreamingFIFO_rtl_64 |         13 |         13 |       0 |    0 |    21 |      0 |      0 |    0 |          0 |
|         impl                                |                                 Q_srl__parameterized0_73 |         13 |         13 |       0 |    0 |    21 |      0 |      0 |    0 |          0 |
|     StreamingFIFO_rtl_65                    |                       finn_design_StreamingFIFO_rtl_65_0 |         38 |         38 |       0 |    0 |    69 |      0 |      0 |    0 |          0 |
|       inst                                  |                                     StreamingFIFO_rtl_65 |         38 |         38 |       0 |    0 |    69 |      0 |      0 |    0 |          0 |
|         impl                                |                                    Q_srl__parameterized6 |         38 |         38 |       0 |    0 |    69 |      0 |      0 |    0 |          0 |
|     StreamingFIFO_rtl_66                    |                          StreamingFIFO_rtl_66_imp_W067B6 |        104 |        104 |       0 |    0 |    75 |      4 |      0 |    0 |          0 |
|       fifo                                  |                                      finn_design_fifo_21 |        104 |        104 |       0 |    0 |    75 |      4 |      0 |    0 |          0 |
|         inst                                |                axis_data_fifo_v2_0_9_top__parameterized0 |        104 |        104 |       0 |    0 |    75 |      4 |      0 |    0 |          0 |
|     StreamingFIFO_rtl_67                    |                       finn_design_StreamingFIFO_rtl_67_0 |        109 |         45 |       0 |   64 |    22 |      0 |      0 |    0 |          0 |
|       inst                                  |                                     StreamingFIFO_rtl_67 |        109 |         45 |       0 |   64 |    22 |      0 |      0 |    0 |          0 |
|         impl                                |                                Q_srl__parameterized10_68 |        109 |         45 |       0 |   64 |    22 |      0 |      0 |    0 |          0 |
|     StreamingFIFO_rtl_68                    |                       finn_design_StreamingFIFO_rtl_68_0 |         72 |         48 |       0 |   24 |    21 |      0 |      0 |    0 |          0 |
|       inst                                  |                                     StreamingFIFO_rtl_68 |         72 |         48 |       0 |   24 |    21 |      0 |      0 |    0 |          0 |
|         impl                                |                                   Q_srl__parameterized22 |         72 |         48 |       0 |   24 |    21 |      0 |      0 |    0 |          0 |
|     StreamingFIFO_rtl_69                    |                       finn_design_StreamingFIFO_rtl_69_0 |         26 |         26 |       0 |    0 |    45 |      0 |      0 |    0 |          0 |
|       inst                                  |                                     StreamingFIFO_rtl_69 |         26 |         26 |       0 |    0 |    45 |      0 |      0 |    0 |          0 |
|         impl                                |                                 Q_srl__parameterized1_67 |         26 |         26 |       0 |    0 |    45 |      0 |      0 |    0 |          0 |
|     StreamingFIFO_rtl_7                     |                           StreamingFIFO_rtl_7_imp_9WJZ93 |        128 |        128 |       0 |    0 |    98 |     29 |      0 |    0 |          0 |
|       fifo                                  |                                       finn_design_fifo_3 |        128 |        128 |       0 |    0 |    98 |     29 |      0 |    0 |          0 |
|         inst                                |               axis_data_fifo_v2_0_9_top__parameterized12 |        128 |        128 |       0 |    0 |    98 |     29 |      0 |    0 |          0 |
|     StreamingFIFO_rtl_70                    |                       finn_design_StreamingFIFO_rtl_70_0 |         13 |         13 |       0 |    0 |    21 |      0 |      0 |    0 |          0 |
|       inst                                  |                                     StreamingFIFO_rtl_70 |         13 |         13 |       0 |    0 |    21 |      0 |      0 |    0 |          0 |
|         impl                                |                                 Q_srl__parameterized0_60 |         13 |         13 |       0 |    0 |    21 |      0 |      0 |    0 |          0 |
|     StreamingFIFO_rtl_71                    |                       finn_design_StreamingFIFO_rtl_71_0 |        153 |         89 |       0 |   64 |    75 |      0 |      0 |    0 |          0 |
|       inst                                  |                                     StreamingFIFO_rtl_71 |        153 |         89 |       0 |   64 |    75 |      0 |      0 |    0 |          0 |
|         impl                                |                                Q_srl__parameterized14_59 |        153 |         89 |       0 |   64 |    75 |      0 |      0 |    0 |          0 |
|     StreamingFIFO_rtl_72                    |                         StreamingFIFO_rtl_72_imp_1C7UQGO |         69 |         69 |       0 |    0 |    59 |      2 |      0 |    0 |          0 |
|       fifo                                  |                                      finn_design_fifo_22 |         69 |         69 |       0 |    0 |    59 |      2 |      0 |    0 |          0 |
|         inst                                |               axis_data_fifo_v2_0_9_top__parameterized13 |         69 |         69 |       0 |    0 |    59 |      2 |      0 |    0 |          0 |
|     StreamingFIFO_rtl_73                    |                       finn_design_StreamingFIFO_rtl_73_0 |        360 |        104 |       0 |  256 |    84 |      0 |      0 |    0 |          0 |
|       inst                                  |                                     StreamingFIFO_rtl_73 |        360 |        104 |       0 |  256 |    84 |      0 |      0 |    0 |          0 |
|         impl                                |                                   Q_srl__parameterized23 |        360 |        104 |       0 |  256 |    84 |      0 |      0 |    0 |          0 |
|     StreamingFIFO_rtl_74                    |                          StreamingFIFO_rtl_74_imp_IKUAOO |         93 |         93 |       0 |    0 |    71 |      2 |      0 |    0 |          0 |
|       fifo                                  |                                      finn_design_fifo_23 |         93 |         93 |       0 |    0 |    71 |      2 |      0 |    0 |          0 |
|         inst                                |                axis_data_fifo_v2_0_9_top__parameterized8 |         93 |         93 |       0 |    0 |    71 |      2 |      0 |    0 |          0 |
|     StreamingFIFO_rtl_75                    |                         StreamingFIFO_rtl_75_imp_1OAPI47 |         71 |         71 |       0 |    0 |    59 |      0 |      1 |    0 |          0 |
|       fifo                                  |                                      finn_design_fifo_24 |         71 |         71 |       0 |    0 |    59 |      0 |      1 |    0 |          0 |
|         inst                                |     axis_data_fifo_v2_0_9_top__parameterized3__xdcDup__4 |         71 |         71 |       0 |    0 |    59 |      0 |      1 |    0 |          0 |
|     StreamingFIFO_rtl_76                    |                         StreamingFIFO_rtl_76_imp_1CI2ZNR |         66 |         66 |       0 |    0 |    55 |      0 |      1 |    0 |          0 |
|       fifo                                  |                                      finn_design_fifo_25 |         66 |         66 |       0 |    0 |    55 |      0 |      1 |    0 |          0 |
|         inst                                |                axis_data_fifo_v2_0_9_top__parameterized6 |         66 |         66 |       0 |    0 |    55 |      0 |      1 |    0 |          0 |
|     StreamingFIFO_rtl_77                    |                       finn_design_StreamingFIFO_rtl_77_0 |         97 |         57 |       0 |   40 |    22 |      0 |      0 |    0 |          0 |
|       inst                                  |                                     StreamingFIFO_rtl_77 |         97 |         57 |       0 |   40 |    22 |      0 |      0 |    0 |          0 |
|         impl                                |                                   Q_srl__parameterized24 |         97 |         57 |       0 |   40 |    22 |      0 |      0 |    0 |          0 |
|     StreamingFIFO_rtl_78                    |                       finn_design_StreamingFIFO_rtl_78_0 |         13 |         13 |       0 |    0 |    21 |      0 |      0 |    0 |          0 |
|       inst                                  |                                     StreamingFIFO_rtl_78 |         13 |         13 |       0 |    0 |    21 |      0 |      0 |    0 |          0 |
|         impl                                |                                 Q_srl__parameterized0_36 |         13 |         13 |       0 |    0 |    21 |      0 |      0 |    0 |          0 |
|     StreamingFIFO_rtl_79                    |                         StreamingFIFO_rtl_79_imp_1P521DI |         71 |         71 |       0 |    0 |    59 |      1 |      1 |    0 |          0 |
|       fifo                                  |                                      finn_design_fifo_26 |         71 |         71 |       0 |    0 |    59 |      1 |      1 |    0 |          0 |
|         inst                                |                axis_data_fifo_v2_0_9_top__parameterized5 |         71 |         71 |       0 |    0 |    59 |      1 |      1 |    0 |          0 |
|     StreamingFIFO_rtl_8                     |                           StreamingFIFO_rtl_8_imp_MIL7BA |         72 |         72 |       0 |    0 |    59 |      0 |      1 |    0 |          0 |
|       fifo                                  |                                       finn_design_fifo_4 |         72 |         72 |       0 |    0 |    59 |      0 |      1 |    0 |          0 |
|         inst                                |     axis_data_fifo_v2_0_9_top__parameterized3__xdcDup__5 |         72 |         72 |       0 |    0 |    59 |      0 |      1 |    0 |          0 |
|     StreamingFIFO_rtl_80                    |                          StreamingFIFO_rtl_80_imp_SFYYTU |         66 |         66 |       0 |    0 |    55 |      1 |      0 |    0 |          0 |
|       fifo                                  |                                      finn_design_fifo_27 |         66 |         66 |       0 |    0 |    55 |      1 |      0 |    0 |          0 |
|         inst                                |               axis_data_fifo_v2_0_9_top__parameterized11 |         66 |         66 |       0 |    0 |    55 |      1 |      0 |    0 |          0 |
|     StreamingFIFO_rtl_81                    |                       finn_design_StreamingFIFO_rtl_81_0 |        118 |         70 |       0 |   48 |    59 |      0 |      0 |    0 |          0 |
|       inst                                  |                                     StreamingFIFO_rtl_81 |        118 |         70 |       0 |   48 |    59 |      0 |      0 |    0 |          0 |
|         impl                                |                                   Q_srl__parameterized25 |        118 |         70 |       0 |   48 |    59 |      0 |      0 |    0 |          0 |
|     StreamingFIFO_rtl_82                    |                       finn_design_StreamingFIFO_rtl_82_0 |         22 |         22 |       0 |    0 |    37 |      0 |      0 |    0 |          0 |
|       inst                                  |                                     StreamingFIFO_rtl_82 |         22 |         22 |       0 |    0 |    37 |      0 |      0 |    0 |          0 |
|         impl                                |                                                 Q_srl_19 |         22 |         22 |       0 |    0 |    37 |      0 |      0 |    0 |          0 |
|     StreamingFIFO_rtl_83                    |                       finn_design_StreamingFIFO_rtl_83_0 |          9 |          9 |       0 |    0 |    13 |      0 |      0 |    0 |          0 |
|       inst                                  |                                     StreamingFIFO_rtl_83 |          9 |          9 |       0 |    0 |    13 |      0 |      0 |    0 |          0 |
|         impl                                |                                 Q_srl__parameterized0_18 |          9 |          9 |       0 |    0 |    13 |      0 |      0 |    0 |          0 |
|     StreamingFIFO_rtl_84                    |                       finn_design_StreamingFIFO_rtl_84_0 |         21 |         21 |       0 |    0 |    37 |      0 |      0 |    0 |          0 |
|       inst                                  |                                     StreamingFIFO_rtl_84 |         21 |         21 |       0 |    0 |    37 |      0 |      0 |    0 |          0 |
|         impl                                |                                                 Q_srl_17 |         21 |         21 |       0 |    0 |    37 |      0 |      0 |    0 |          0 |
|     StreamingFIFO_rtl_85                    |                       finn_design_StreamingFIFO_rtl_85_0 |         16 |         16 |       0 |    0 |    25 |      0 |      0 |    0 |          0 |
|       inst                                  |                                     StreamingFIFO_rtl_85 |         16 |         16 |       0 |    0 |    25 |      0 |      0 |    0 |          0 |
|         impl                                |                                                 Q_srl_16 |         16 |         16 |       0 |    0 |    25 |      0 |      0 |    0 |          0 |
|     StreamingFIFO_rtl_86                    |                       finn_design_StreamingFIFO_rtl_86_0 |         13 |         13 |       0 |    0 |    21 |      0 |      0 |    0 |          0 |
|       inst                                  |                                     StreamingFIFO_rtl_86 |         13 |         13 |       0 |    0 |    21 |      0 |      0 |    0 |          0 |
|         impl                                |                                 Q_srl__parameterized0_15 |         13 |         13 |       0 |    0 |    21 |      0 |      0 |    0 |          0 |
|     StreamingFIFO_rtl_87                    |                       finn_design_StreamingFIFO_rtl_87_0 |         15 |         15 |       0 |    0 |    23 |      0 |      0 |    0 |          0 |
|       inst                                  |                                     StreamingFIFO_rtl_87 |         15 |         15 |       0 |    0 |    23 |      0 |      0 |    0 |          0 |
|         impl                                |                                                    Q_srl |         15 |         15 |       0 |    0 |    23 |      0 |      0 |    0 |          0 |
|     StreamingFIFO_rtl_88                    |                       finn_design_StreamingFIFO_rtl_88_0 |         14 |         14 |       0 |    0 |    21 |      0 |      0 |    0 |          0 |
|       inst                                  |                                     StreamingFIFO_rtl_88 |         14 |         14 |       0 |    0 |    21 |      0 |      0 |    0 |          0 |
|         impl                                |                                 Q_srl__parameterized0_14 |         14 |         14 |       0 |    0 |    21 |      0 |      0 |    0 |          0 |
|     StreamingFIFO_rtl_89                    |                       finn_design_StreamingFIFO_rtl_89_0 |         11 |         11 |       0 |    0 |    17 |      0 |      0 |    0 |          0 |
|       inst                                  |                                     StreamingFIFO_rtl_89 |         11 |         11 |       0 |    0 |    17 |      0 |      0 |    0 |          0 |
|         impl                                |                                 Q_srl__parameterized0_13 |         11 |         11 |       0 |    0 |    17 |      0 |      0 |    0 |          0 |
|     StreamingFIFO_rtl_9                     |                        finn_design_StreamingFIFO_rtl_9_0 |        109 |         45 |       0 |   64 |    22 |      0 |      0 |    0 |          0 |
|       inst                                  |                                      StreamingFIFO_rtl_9 |        109 |         45 |       0 |   64 |    22 |      0 |      0 |    0 |          0 |
|         impl                                |                                   Q_srl__parameterized10 |        109 |         45 |       0 |   64 |    22 |      0 |      0 |    0 |          0 |
|     StreamingFIFO_rtl_90                    |                       finn_design_StreamingFIFO_rtl_90_0 |         12 |         12 |       0 |    0 |    17 |      0 |      0 |    0 |          0 |
|       inst                                  |                                     StreamingFIFO_rtl_90 |         12 |         12 |       0 |    0 |    17 |      0 |      0 |    0 |          0 |
|         impl                                |                                 Q_srl__parameterized0_12 |         12 |         12 |       0 |    0 |    17 |      0 |      0 |    0 |          0 |
|     StreamingFIFO_rtl_91                    |                       finn_design_StreamingFIFO_rtl_91_0 |         11 |         11 |       0 |    0 |    17 |      0 |      0 |    0 |          0 |
|       inst                                  |                                     StreamingFIFO_rtl_91 |         11 |         11 |       0 |    0 |    17 |      0 |      0 |    0 |          0 |
|         impl                                |                                 Q_srl__parameterized0_11 |         11 |         11 |       0 |    0 |    17 |      0 |      0 |    0 |          0 |
|     StreamingFIFO_rtl_92                    |                       finn_design_StreamingFIFO_rtl_92_0 |         30 |         30 |       0 |    0 |    53 |      0 |      0 |    0 |          0 |
|       inst                                  |                                     StreamingFIFO_rtl_92 |         30 |         30 |       0 |    0 |    53 |      0 |      0 |    0 |          0 |
|         impl                                |                                 Q_srl__parameterized1_10 |         30 |         30 |       0 |    0 |    53 |      0 |      0 |    0 |          0 |
|     StreamingFIFO_rtl_93                    |                         StreamingFIFO_rtl_93_imp_1KR4TD3 |         81 |         81 |       0 |    0 |    79 |      8 |      0 |    0 |          0 |
|       fifo                                  |                                      finn_design_fifo_28 |         81 |         81 |       0 |    0 |    79 |      8 |      0 |    0 |          0 |
|         inst                                |                axis_data_fifo_v2_0_9_top__parameterized7 |         81 |         81 |       0 |    0 |    79 |      8 |      0 |    0 |          0 |
|     StreamingFIFO_rtl_94                    |                         StreamingFIFO_rtl_94_imp_1F2OV1K |         70 |         70 |       0 |    0 |    59 |      0 |      1 |    0 |          0 |
|       fifo                                  |                                      finn_design_fifo_29 |         70 |         70 |       0 |    0 |    59 |      0 |      1 |    0 |          0 |
|         inst                                |                axis_data_fifo_v2_0_9_top__parameterized3 |         70 |         70 |       0 |    0 |    59 |      0 |      1 |    0 |          0 |
|     StreamingFIFO_rtl_95                    |                       finn_design_StreamingFIFO_rtl_95_0 |         98 |         50 |       0 |   48 |    22 |      0 |      0 |    0 |          0 |
|       inst                                  |                                     StreamingFIFO_rtl_95 |         98 |         50 |       0 |   48 |    22 |      0 |      0 |    0 |          0 |
|         impl                                |                                   Q_srl__parameterized26 |         98 |         50 |       0 |   48 |    22 |      0 |      0 |    0 |          0 |
|     StreamingFIFO_rtl_96                    |                       finn_design_StreamingFIFO_rtl_96_0 |         23 |         23 |       0 |    0 |    39 |      0 |      0 |    0 |          0 |
|       inst                                  |                                     StreamingFIFO_rtl_96 |         23 |         23 |       0 |    0 |    39 |      0 |      0 |    0 |          0 |
|         impl                                |                                    Q_srl__parameterized1 |         23 |         23 |       0 |    0 |    39 |      0 |      0 |    0 |          0 |
|     StreamingFIFO_rtl_97                    |                       finn_design_StreamingFIFO_rtl_97_0 |         14 |         14 |       0 |    0 |    21 |      0 |      0 |    0 |          0 |
|       inst                                  |                                     StreamingFIFO_rtl_97 |         14 |         14 |       0 |    0 |    21 |      0 |      0 |    0 |          0 |
|         impl                                |                                    Q_srl__parameterized0 |         14 |         14 |       0 |    0 |    21 |      0 |      0 |    0 |          0 |
|     StreamingFIFO_rtl_98                    |                       finn_design_StreamingFIFO_rtl_98_0 |        152 |         88 |       0 |   64 |    75 |      0 |      0 |    0 |          0 |
|       inst                                  |                                     StreamingFIFO_rtl_98 |        152 |         88 |       0 |   64 |    75 |      0 |      0 |    0 |          0 |
|         impl                                |                                   Q_srl__parameterized14 |        152 |         88 |       0 |   64 |    75 |      0 |      0 |    0 |          0 |
|     StreamingFIFO_rtl_99                    |                          StreamingFIFO_rtl_99_imp_AQXJ2E |         86 |         86 |       0 |    0 |    63 |      4 |      0 |    0 |          0 |
|       fifo                                  |                                      finn_design_fifo_30 |         86 |         86 |       0 |    0 |    63 |      4 |      0 |    0 |          0 |
|         inst                                |               axis_data_fifo_v2_0_9_top__parameterized14 |         86 |         86 |       0 |    0 |    63 |      4 |      0 |    0 |          0 |
|     Thresholding_rtl_0                      |                         finn_design_Thresholding_rtl_0_0 |         84 |         70 |       0 |   14 |   295 |      2 |      2 |    0 |          0 |
|       inst                                  |                           Thresholding_rtl_0_axi_wrapper |         84 |         70 |       0 |   14 |   295 |      2 |      2 |    0 |          0 |
|         core                                |                                         thresholding_axi |         84 |         70 |       0 |   14 |   295 |      2 |      2 |    0 |          0 |
|     Thresholding_rtl_1                      |                         finn_design_Thresholding_rtl_1_0 |         79 |         63 |       0 |   16 |   242 |      1 |      2 |    0 |          0 |
|       inst                                  |                           Thresholding_rtl_1_axi_wrapper |         79 |         63 |       0 |   16 |   242 |      1 |      2 |    0 |          0 |
|         core                                |                         thresholding_axi__parameterized0 |         79 |         63 |       0 |   16 |   242 |      1 |      2 |    0 |          0 |
|     Thresholding_rtl_10                     |                        finn_design_Thresholding_rtl_10_0 |        142 |        133 |       0 |    9 |   508 |      1 |      4 |    0 |          0 |
|       (Thresholding_rtl_10)                 |                        finn_design_Thresholding_rtl_10_0 |          0 |          0 |       0 |    0 |     0 |      0 |      1 |    0 |          0 |
|       inst                                  |                          Thresholding_rtl_10_axi_wrapper |        142 |        133 |       0 |    9 |   508 |      1 |      3 |    0 |          0 |
|         core                                |                         thresholding_axi__parameterized1 |        142 |        133 |       0 |    9 |   508 |      1 |      3 |    0 |          0 |
|     Thresholding_rtl_11                     |                        finn_design_Thresholding_rtl_11_0 |         86 |         77 |       0 |    9 |   395 |      3 |      4 |    0 |          0 |
|       inst                                  |                          Thresholding_rtl_11_axi_wrapper |         86 |         77 |       0 |    9 |   395 |      3 |      4 |    0 |          0 |
|         core                                |                         thresholding_axi__parameterized2 |         86 |         77 |       0 |    9 |   395 |      3 |      4 |    0 |          0 |
|     Thresholding_rtl_12                     |                        finn_design_Thresholding_rtl_12_0 |         85 |         71 |       0 |   14 |   295 |      2 |      2 |    0 |          0 |
|       inst                                  |                          Thresholding_rtl_12_axi_wrapper |         85 |         71 |       0 |   14 |   295 |      2 |      2 |    0 |          0 |
|         core                                |                         thresholding_axi__parameterized3 |         85 |         71 |       0 |   14 |   295 |      2 |      2 |    0 |          0 |
|     Thresholding_rtl_13                     |                        finn_design_Thresholding_rtl_13_0 |         76 |         60 |       0 |   16 |   242 |      1 |      2 |    0 |          0 |
|       inst                                  |                          Thresholding_rtl_13_axi_wrapper |         76 |         60 |       0 |   16 |   242 |      1 |      2 |    0 |          0 |
|         core                                |                         thresholding_axi__parameterized4 |         76 |         60 |       0 |   16 |   242 |      1 |      2 |    0 |          0 |
|     Thresholding_rtl_14                     |                        finn_design_Thresholding_rtl_14_0 |         61 |         52 |       0 |    9 |   284 |      1 |      5 |    0 |          0 |
|       inst                                  |                          Thresholding_rtl_14_axi_wrapper |         61 |         52 |       0 |    9 |   284 |      1 |      5 |    0 |          0 |
|         core                                |                         thresholding_axi__parameterized5 |         61 |         52 |       0 |    9 |   284 |      1 |      5 |    0 |          0 |
|     Thresholding_rtl_15                     |                        finn_design_Thresholding_rtl_15_0 |        146 |        137 |       0 |    9 |   493 |      1 |      4 |    0 |          0 |
|       (Thresholding_rtl_15)                 |                        finn_design_Thresholding_rtl_15_0 |          0 |          0 |       0 |    0 |     0 |      0 |      1 |    0 |          0 |
|       inst                                  |                          Thresholding_rtl_15_axi_wrapper |        146 |        137 |       0 |    9 |   493 |      1 |      3 |    0 |          0 |
|         core                                |                         thresholding_axi__parameterized6 |        146 |        137 |       0 |    9 |   493 |      1 |      3 |    0 |          0 |
|     Thresholding_rtl_16                     |                        finn_design_Thresholding_rtl_16_0 |         82 |         77 |       0 |    5 |   214 |      0 |      1 |    0 |          0 |
|       (Thresholding_rtl_16)                 |                        finn_design_Thresholding_rtl_16_0 |          0 |          0 |       0 |    0 |     0 |      0 |      1 |    0 |          0 |
|       inst                                  |                          Thresholding_rtl_16_axi_wrapper |         82 |         77 |       0 |    5 |   214 |      0 |      0 |    0 |          0 |
|         core                                |                         thresholding_axi__parameterized7 |         82 |         77 |       0 |    5 |   214 |      0 |      0 |    0 |          0 |
|     Thresholding_rtl_17                     |                        finn_design_Thresholding_rtl_17_0 |         69 |         60 |       0 |    9 |   327 |      2 |      5 |    0 |          0 |
|       inst                                  |                          Thresholding_rtl_17_axi_wrapper |         69 |         60 |       0 |    9 |   327 |      2 |      5 |    0 |          0 |
|         core                                |                         thresholding_axi__parameterized8 |         69 |         60 |       0 |    9 |   327 |      2 |      5 |    0 |          0 |
|     Thresholding_rtl_18                     |                        finn_design_Thresholding_rtl_18_0 |         85 |         71 |       0 |   14 |   295 |      0 |      0 |    0 |          0 |
|       inst                                  |                          Thresholding_rtl_18_axi_wrapper |         85 |         71 |       0 |   14 |   295 |      0 |      0 |    0 |          0 |
|         core                                |                         thresholding_axi__parameterized9 |         85 |         71 |       0 |   14 |   295 |      0 |      0 |    0 |          0 |
|     Thresholding_rtl_19                     |                        finn_design_Thresholding_rtl_19_0 |         64 |         50 |       0 |   14 |   154 |      0 |      0 |    0 |          0 |
|       inst                                  |                          Thresholding_rtl_19_axi_wrapper |         64 |         50 |       0 |   14 |   154 |      0 |      0 |    0 |          0 |
|         core                                |                        thresholding_axi__parameterized10 |         64 |         50 |       0 |   14 |   154 |      0 |      0 |    0 |          0 |
|     Thresholding_rtl_2                      |                         finn_design_Thresholding_rtl_2_0 |        139 |        130 |       0 |    9 |   473 |      1 |      4 |    0 |          0 |
|       (Thresholding_rtl_2)                  |                         finn_design_Thresholding_rtl_2_0 |          0 |          0 |       0 |    0 |     0 |      0 |      1 |    0 |          0 |
|       inst                                  |                           Thresholding_rtl_2_axi_wrapper |        139 |        130 |       0 |    9 |   473 |      1 |      3 |    0 |          0 |
|         core                                |                        thresholding_axi__parameterized11 |        139 |        130 |       0 |    9 |   473 |      1 |      3 |    0 |          0 |
|     Thresholding_rtl_20                     |                        finn_design_Thresholding_rtl_20_0 |         59 |         40 |       0 |   19 |   183 |      1 |      2 |    0 |          0 |
|       inst                                  |                          Thresholding_rtl_20_axi_wrapper |         59 |         40 |       0 |   19 |   183 |      1 |      2 |    0 |          0 |
|         core                                |                        thresholding_axi__parameterized12 |         59 |         40 |       0 |   19 |   183 |      1 |      2 |    0 |          0 |
|     Thresholding_rtl_21                     |                        finn_design_Thresholding_rtl_21_0 |        124 |        115 |       0 |    9 |   439 |      0 |      5 |    0 |          0 |
|       (Thresholding_rtl_21)                 |                        finn_design_Thresholding_rtl_21_0 |          0 |          0 |       0 |    0 |     0 |      0 |      1 |    0 |          0 |
|       inst                                  |                          Thresholding_rtl_21_axi_wrapper |        124 |        115 |       0 |    9 |   439 |      0 |      4 |    0 |          0 |
|         core                                |                        thresholding_axi__parameterized13 |        124 |        115 |       0 |    9 |   439 |      0 |      4 |    0 |          0 |
|     Thresholding_rtl_22                     |                        finn_design_Thresholding_rtl_22_0 |        139 |        130 |       0 |    9 |   493 |      1 |      4 |    0 |          0 |
|       (Thresholding_rtl_22)                 |                        finn_design_Thresholding_rtl_22_0 |          0 |          0 |       0 |    0 |     0 |      0 |      1 |    0 |          0 |
|       inst                                  |                          Thresholding_rtl_22_axi_wrapper |        139 |        130 |       0 |    9 |   493 |      1 |      3 |    0 |          0 |
|         core                                |                        thresholding_axi__parameterized14 |        139 |        130 |       0 |    9 |   493 |      1 |      3 |    0 |          0 |
|     Thresholding_rtl_23                     |                        finn_design_Thresholding_rtl_23_0 |        101 |         92 |       0 |    9 |   445 |      3 |      5 |    0 |          0 |
|       (Thresholding_rtl_23)                 |                        finn_design_Thresholding_rtl_23_0 |          0 |          0 |       0 |    0 |     0 |      0 |      1 |    0 |          0 |
|       inst                                  |                          Thresholding_rtl_23_axi_wrapper |        101 |         92 |       0 |    9 |   445 |      3 |      4 |    0 |          0 |
|         core                                |                        thresholding_axi__parameterized15 |        101 |         92 |       0 |    9 |   445 |      3 |      4 |    0 |          0 |
|     Thresholding_rtl_24                     |                        finn_design_Thresholding_rtl_24_0 |         85 |         71 |       0 |   14 |   295 |      2 |      2 |    0 |          0 |
|       inst                                  |                          Thresholding_rtl_24_axi_wrapper |         85 |         71 |       0 |   14 |   295 |      2 |      2 |    0 |          0 |
|         core                                |                        thresholding_axi__parameterized16 |         85 |         71 |       0 |   14 |   295 |      2 |      2 |    0 |          0 |
|     Thresholding_rtl_25                     |                        finn_design_Thresholding_rtl_25_0 |         76 |         60 |       0 |   16 |   242 |      0 |      1 |    0 |          0 |
|       inst                                  |                          Thresholding_rtl_25_axi_wrapper |         76 |         60 |       0 |   16 |   242 |      0 |      1 |    0 |          0 |
|         core                                |                        thresholding_axi__parameterized17 |         76 |         60 |       0 |   16 |   242 |      0 |      1 |    0 |          0 |
|     Thresholding_rtl_26                     |                        finn_design_Thresholding_rtl_26_0 |         61 |         52 |       0 |    9 |   284 |      0 |      0 |    0 |          0 |
|       inst                                  |                          Thresholding_rtl_26_axi_wrapper |         61 |         52 |       0 |    9 |   284 |      0 |      0 |    0 |          0 |
|         core                                |                        thresholding_axi__parameterized18 |         61 |         52 |       0 |    9 |   284 |      0 |      0 |    0 |          0 |
|     Thresholding_rtl_27                     |                        finn_design_Thresholding_rtl_27_0 |        146 |        137 |       0 |    9 |   493 |      1 |      4 |    0 |          0 |
|       (Thresholding_rtl_27)                 |                        finn_design_Thresholding_rtl_27_0 |          0 |          0 |       0 |    0 |     0 |      0 |      1 |    0 |          0 |
|       inst                                  |                          Thresholding_rtl_27_axi_wrapper |        146 |        137 |       0 |    9 |   493 |      1 |      3 |    0 |          0 |
|         core                                |                        thresholding_axi__parameterized19 |        146 |        137 |       0 |    9 |   493 |      1 |      3 |    0 |          0 |
|     Thresholding_rtl_28                     |                        finn_design_Thresholding_rtl_28_0 |         95 |         90 |       0 |    5 |   255 |      0 |      1 |    0 |          0 |
|       (Thresholding_rtl_28)                 |                        finn_design_Thresholding_rtl_28_0 |          0 |          0 |       0 |    0 |     0 |      0 |      1 |    0 |          0 |
|       inst                                  |                          Thresholding_rtl_28_axi_wrapper |         95 |         90 |       0 |    5 |   255 |      0 |      0 |    0 |          0 |
|         core                                |                        thresholding_axi__parameterized20 |         95 |         90 |       0 |    5 |   255 |      0 |      0 |    0 |          0 |
|     Thresholding_rtl_29                     |                        finn_design_Thresholding_rtl_29_0 |         70 |         61 |       0 |    9 |   327 |      2 |      5 |    0 |          0 |
|       inst                                  |                          Thresholding_rtl_29_axi_wrapper |         70 |         61 |       0 |    9 |   327 |      2 |      5 |    0 |          0 |
|         core                                |                        thresholding_axi__parameterized21 |         70 |         61 |       0 |    9 |   327 |      2 |      5 |    0 |          0 |
|     Thresholding_rtl_3                      |                         finn_design_Thresholding_rtl_3_0 |         62 |         53 |       0 |    9 |   284 |      1 |      5 |    0 |          0 |
|       inst                                  |                           Thresholding_rtl_3_axi_wrapper |         62 |         53 |       0 |    9 |   284 |      1 |      5 |    0 |          0 |
|         core                                |                        thresholding_axi__parameterized22 |         62 |         53 |       0 |    9 |   284 |      1 |      5 |    0 |          0 |
|     Thresholding_rtl_4                      |                         finn_design_Thresholding_rtl_4_0 |        141 |        132 |       0 |    9 |   493 |      1 |      4 |    0 |          0 |
|       (Thresholding_rtl_4)                  |                         finn_design_Thresholding_rtl_4_0 |          0 |          0 |       0 |    0 |     0 |      0 |      1 |    0 |          0 |
|       inst                                  |                           Thresholding_rtl_4_axi_wrapper |        141 |        132 |       0 |    9 |   493 |      1 |      3 |    0 |          0 |
|         core                                |                        thresholding_axi__parameterized23 |        141 |        132 |       0 |    9 |   493 |      1 |      3 |    0 |          0 |
|     Thresholding_rtl_5                      |                         finn_design_Thresholding_rtl_5_0 |         86 |         77 |       0 |    9 |   395 |      3 |      4 |    0 |          0 |
|       inst                                  |                           Thresholding_rtl_5_axi_wrapper |         86 |         77 |       0 |    9 |   395 |      3 |      4 |    0 |          0 |
|         core                                |                        thresholding_axi__parameterized24 |         86 |         77 |       0 |    9 |   395 |      3 |      4 |    0 |          0 |
|     Thresholding_rtl_6                      |                         finn_design_Thresholding_rtl_6_0 |         85 |         71 |       0 |   14 |   295 |      2 |      2 |    0 |          0 |
|       inst                                  |                           Thresholding_rtl_6_axi_wrapper |         85 |         71 |       0 |   14 |   295 |      2 |      2 |    0 |          0 |
|         core                                |                        thresholding_axi__parameterized25 |         85 |         71 |       0 |   14 |   295 |      2 |      2 |    0 |          0 |
|     Thresholding_rtl_7                      |                         finn_design_Thresholding_rtl_7_0 |         76 |         60 |       0 |   16 |   242 |      1 |      2 |    0 |          0 |
|       inst                                  |                           Thresholding_rtl_7_axi_wrapper |         76 |         60 |       0 |   16 |   242 |      1 |      2 |    0 |          0 |
|         core                                |                        thresholding_axi__parameterized26 |         76 |         60 |       0 |   16 |   242 |      1 |      2 |    0 |          0 |
|     Thresholding_rtl_8                      |                         finn_design_Thresholding_rtl_8_0 |         61 |         52 |       0 |    9 |   284 |      1 |      5 |    0 |          0 |
|       inst                                  |                           Thresholding_rtl_8_axi_wrapper |         61 |         52 |       0 |    9 |   284 |      1 |      5 |    0 |          0 |
|         core                                |                        thresholding_axi__parameterized27 |         61 |         52 |       0 |    9 |   284 |      1 |      5 |    0 |          0 |
|     Thresholding_rtl_9                      |                         finn_design_Thresholding_rtl_9_0 |        117 |        108 |       0 |    9 |   421 |      0 |      5 |    0 |          0 |
|       (Thresholding_rtl_9)                  |                         finn_design_Thresholding_rtl_9_0 |          0 |          0 |       0 |    0 |     0 |      0 |      1 |    0 |          0 |
|       inst                                  |                           Thresholding_rtl_9_axi_wrapper |        117 |        108 |       0 |    9 |   421 |      0 |      4 |    0 |          0 |
|         core                                |                        thresholding_axi__parameterized28 |        117 |        108 |       0 |    9 |   421 |      0 |      4 |    0 |          0 |
+---------------------------------------------+----------------------------------------------------------+------------+------------+---------+------+-------+--------+--------+------+------------+
* Note: The sum of lower-level cells may be larger than their parent cells total, due to cross-hierarchy LUT combining


