Copyright 1986-2022 Xilinx, Inc. All Rights Reserved.
------------------------------------------------------------------------------------------------------------------------------------------------------------------
| Tool Version : Vivado v.2022.2 (lin64) Build 3671981 Fri Oct 14 04:59:54 MDT 2022
| Date         : Thu Oct  1 12:31:25 2026
| Host         : finn_dev_thelegendiv running 64-bit Ubuntu 22.04.1 LTS
| Command      : report_utilization -hierarchical -hierarchical_depth 4 -file /home/thelegendiv/finn/notebooks/enet/hier_reports_partition2_wm/hier_dsrmin_8x.rpt
| Design       : finn_design_wrapper
| Device       : xczu7ev-ffvc1156-2-e
| Speed File   : -2
| Design State : Routed
------------------------------------------------------------------------------------------------------------------------------------------------------------------

Utilization Design Information

Table of Contents
-----------------
1. Utilization by Hierarchy

1. Utilization by Hierarchy
---------------------------

+-----------------------------------------------------------+---------------------------------------------------------------------+------------+------------+---------+------+-------+--------+--------+------+------------+
|                          Instance                         |                                Module                               | Total LUTs | Logic LUTs | LUTRAMs | SRLs |  FFs  | RAMB36 | RAMB18 | URAM | DSP Blocks |
+-----------------------------------------------------------+---------------------------------------------------------------------+------------+------------+---------+------+-------+--------+--------+------+------------+
| finn_design_wrapper                                       |                                                               (top) |      19452 |      13191 |    4060 | 2201 | 17671 |     84 |     71 |    0 |         50 |
|   (finn_design_wrapper)                                   |                                                               (top) |          0 |          0 |       0 |    0 |     0 |      0 |      0 |    0 |          0 |
|   finn_design_i                                           |                                                         finn_design |      19452 |      13191 |    4060 | 2201 | 17671 |     84 |     71 |    0 |         50 |
|     (finn_design_i)                                       |                                                         finn_design |        479 |        479 |       0 |    0 |     0 |      0 |      0 |    0 |          0 |
|     GenericPartition_2_AddStreams_hls_0                   |                   finn_design_GenericPartition_2_AddStreams_hls_0_0 |         69 |         69 |       0 |    0 |    94 |      0 |      0 |    0 |          0 |
|       inst                                                |                                                    AddStreams_hls_0 |         69 |         69 |       0 |    0 |    94 |      0 |      0 |    0 |          0 |
|         (inst)                                            |                                                    AddStreams_hls_0 |          0 |          0 |       0 |    0 |    31 |      0 |      0 |    0 |          0 |
|         flow_control_loop_pipe_no_ap_cont_U               |                  AddStreams_hls_0_flow_control_loop_pipe_no_ap_cont |         22 |         22 |       0 |    0 |     1 |      0 |      0 |    0 |          0 |
|         regslice_both_in0_V_U                             |                                      AddStreams_hls_0_regslice_both |         11 |         11 |       0 |    0 |    20 |      0 |      0 |    0 |          0 |
|         regslice_both_in1_V_U                             |                                  AddStreams_hls_0_regslice_both_350 |         19 |         19 |       0 |    0 |    20 |      0 |      0 |    0 |          0 |
|         regslice_both_out_V_U                             |                      AddStreams_hls_0_regslice_both__parameterized0 |         19 |         19 |       0 |    0 |    22 |      0 |      0 |    0 |          0 |
|     GenericPartition_2_AddStreams_hls_1                   |                   finn_design_GenericPartition_2_AddStreams_hls_1_0 |         70 |         70 |       0 |    0 |    94 |      0 |      0 |    0 |          0 |
|       inst                                                |                                                    AddStreams_hls_1 |         70 |         70 |       0 |    0 |    94 |      0 |      0 |    0 |          0 |
|         (inst)                                            |                                                    AddStreams_hls_1 |          0 |          0 |       0 |    0 |    31 |      0 |      0 |    0 |          0 |
|         flow_control_loop_pipe_no_ap_cont_U               |                  AddStreams_hls_1_flow_control_loop_pipe_no_ap_cont |         22 |         22 |       0 |    0 |     1 |      0 |      0 |    0 |          0 |
|         regslice_both_in0_V_U                             |                                      AddStreams_hls_1_regslice_both |         11 |         11 |       0 |    0 |    20 |      0 |      0 |    0 |          0 |
|         regslice_both_in1_V_U                             |                                  AddStreams_hls_1_regslice_both_349 |         19 |         19 |       0 |    0 |    20 |      0 |      0 |    0 |          0 |
|         regslice_both_out_V_U                             |                      AddStreams_hls_1_regslice_both__parameterized0 |         19 |         19 |       0 |    0 |    22 |      0 |      0 |    0 |          0 |
|     GenericPartition_2_AddStreams_hls_2                   |                   finn_design_GenericPartition_2_AddStreams_hls_2_0 |         68 |         68 |       0 |    0 |    94 |      0 |      0 |    0 |          0 |
|       inst                                                |                                                    AddStreams_hls_2 |         68 |         68 |       0 |    0 |    94 |      0 |      0 |    0 |          0 |
|         (inst)                                            |                                                    AddStreams_hls_2 |          0 |          0 |       0 |    0 |    31 |      0 |      0 |    0 |          0 |
|         flow_control_loop_pipe_no_ap_cont_U               |                  AddStreams_hls_2_flow_control_loop_pipe_no_ap_cont |         22 |         22 |       0 |    0 |     1 |      0 |      0 |    0 |          0 |
|         regslice_both_in0_V_U                             |                                      AddStreams_hls_2_regslice_both |         10 |         10 |       0 |    0 |    20 |      0 |      0 |    0 |          0 |
|         regslice_both_in1_V_U                             |                                  AddStreams_hls_2_regslice_both_348 |         17 |         17 |       0 |    0 |    20 |      0 |      0 |    0 |          0 |
|         regslice_both_out_V_U                             |                      AddStreams_hls_2_regslice_both__parameterized0 |         19 |         19 |       0 |    0 |    22 |      0 |      0 |    0 |          0 |
|     GenericPartition_2_AddStreams_hls_3                   |                   finn_design_GenericPartition_2_AddStreams_hls_3_0 |         69 |         69 |       0 |    0 |    94 |      0 |      0 |    0 |          0 |
|       inst                                                |                                                    AddStreams_hls_3 |         69 |         69 |       0 |    0 |    94 |      0 |      0 |    0 |          0 |
|         (inst)                                            |                                                    AddStreams_hls_3 |          2 |          2 |       0 |    0 |    31 |      0 |      0 |    0 |          0 |
|         flow_control_loop_pipe_no_ap_cont_U               |                  AddStreams_hls_3_flow_control_loop_pipe_no_ap_cont |         22 |         22 |       0 |    0 |     1 |      0 |      0 |    0 |          0 |
|         regslice_both_in0_V_U                             |                                      AddStreams_hls_3_regslice_both |         10 |         10 |       0 |    0 |    20 |      0 |      0 |    0 |          0 |
|         regslice_both_in1_V_U                             |                                  AddStreams_hls_3_regslice_both_347 |         17 |         17 |       0 |    0 |    20 |      0 |      0 |    0 |          0 |
|         regslice_both_out_V_U                             |                      AddStreams_hls_3_regslice_both__parameterized0 |         19 |         19 |       0 |    0 |    22 |      0 |      0 |    0 |          0 |
|     GenericPartition_2_AddStreams_hls_4                   |                   finn_design_GenericPartition_2_AddStreams_hls_4_0 |         70 |         70 |       0 |    0 |    94 |      0 |      0 |    0 |          0 |
|       inst                                                |                                                    AddStreams_hls_4 |         70 |         70 |       0 |    0 |    94 |      0 |      0 |    0 |          0 |
|         (inst)                                            |                                                    AddStreams_hls_4 |          2 |          2 |       0 |    0 |    31 |      0 |      0 |    0 |          0 |
|         flow_control_loop_pipe_no_ap_cont_U               |                  AddStreams_hls_4_flow_control_loop_pipe_no_ap_cont |         23 |         23 |       0 |    0 |     1 |      0 |      0 |    0 |          0 |
|         regslice_both_in0_V_U                             |                                      AddStreams_hls_4_regslice_both |         10 |         10 |       0 |    0 |    20 |      0 |      0 |    0 |          0 |
|         regslice_both_in1_V_U                             |                                  AddStreams_hls_4_regslice_both_346 |         17 |         17 |       0 |    0 |    20 |      0 |      0 |    0 |          0 |
|         regslice_both_out_V_U                             |                      AddStreams_hls_4_regslice_both__parameterized0 |         19 |         19 |       0 |    0 |    22 |      0 |      0 |    0 |          0 |
|     GenericPartition_2_ConvolutionInputGenerator_rtl_0    |    finn_design_GenericPartition_2_ConvolutionInputGenerator_rtl_0_0 |        485 |        305 |     180 |    0 |   114 |      0 |      0 |    0 |          0 |
|       inst                                                |                                     ConvolutionInputGenerator_rtl_0 |        485 |        305 |     180 |    0 |   114 |      0 |      0 |    0 |          0 |
|         impl                                              |                                ConvolutionInputGenerator_rtl_0_impl |        485 |        305 |     180 |    0 |   114 |      0 |      0 |    0 |          0 |
|     GenericPartition_2_ConvolutionInputGenerator_rtl_1    |    finn_design_GenericPartition_2_ConvolutionInputGenerator_rtl_1_0 |        758 |        388 |     370 |    0 |   143 |      0 |      0 |    0 |          0 |
|       inst                                                |                                     ConvolutionInputGenerator_rtl_1 |        758 |        388 |     370 |    0 |   143 |      0 |      0 |    0 |          0 |
|         impl                                              |                                ConvolutionInputGenerator_rtl_1_impl |        758 |        388 |     370 |    0 |   143 |      0 |      0 |    0 |          0 |
|     GenericPartition_2_ConvolutionInputGenerator_rtl_2    |    finn_design_GenericPartition_2_ConvolutionInputGenerator_rtl_2_0 |       1336 |        516 |     820 |    0 |   156 |      0 |      0 |    0 |          0 |
|       inst                                                |                                     ConvolutionInputGenerator_rtl_2 |       1336 |        516 |     820 |    0 |   156 |      0 |      0 |    0 |          0 |
|         impl                                              |                                ConvolutionInputGenerator_rtl_2_impl |       1336 |        516 |     820 |    0 |   156 |      0 |      0 |    0 |          0 |
|     GenericPartition_2_ConvolutionInputGenerator_rtl_3    |    finn_design_GenericPartition_2_ConvolutionInputGenerator_rtl_3_0 |       2928 |        978 |    1950 |    0 |   231 |      0 |      0 |    0 |          0 |
|       inst                                                |                                     ConvolutionInputGenerator_rtl_3 |       2928 |        978 |    1950 |    0 |   231 |      0 |      0 |    0 |          0 |
|         impl                                              |                                ConvolutionInputGenerator_rtl_3_impl |       2928 |        978 |    1950 |    0 |   231 |      0 |      0 |    0 |          0 |
|     GenericPartition_2_ConvolutionInputGenerator_rtl_4    |    finn_design_GenericPartition_2_ConvolutionInputGenerator_rtl_4_0 |        486 |        306 |     180 |    0 |   118 |      0 |      0 |    0 |          0 |
|       inst                                                |                                     ConvolutionInputGenerator_rtl_4 |        486 |        306 |     180 |    0 |   118 |      0 |      0 |    0 |          0 |
|         impl                                              |                                ConvolutionInputGenerator_rtl_4_impl |        486 |        306 |     180 |    0 |   118 |      0 |      0 |    0 |          0 |
|     GenericPartition_2_DuplicateStreams_hls_0             |             finn_design_GenericPartition_2_DuplicateStreams_hls_0_0 |         59 |         59 |       0 |    0 |    63 |      0 |      0 |    0 |          0 |
|       inst                                                |                                              DuplicateStreams_hls_0 |         59 |         59 |       0 |    0 |    63 |      0 |      0 |    0 |          0 |
|         (inst)                                            |                                              DuplicateStreams_hls_0 |          1 |          1 |       0 |    0 |    26 |      0 |      0 |    0 |          0 |
|         flow_control_loop_pipe_no_ap_cont_U               |            DuplicateStreams_hls_0_flow_control_loop_pipe_no_ap_cont |         24 |         24 |       0 |    0 |     1 |      0 |      0 |    0 |          0 |
|         regslice_both_in0_V_U                             |                                DuplicateStreams_hls_0_regslice_both |          9 |          9 |       0 |    0 |    12 |      0 |      0 |    0 |          0 |
|         regslice_both_out0_V_U                            |                            DuplicateStreams_hls_0_regslice_both_342 |          7 |          7 |       0 |    0 |    12 |      0 |      0 |    0 |          0 |
|         regslice_both_out1_V_U                            |                            DuplicateStreams_hls_0_regslice_both_343 |         18 |         18 |       0 |    0 |    12 |      0 |      0 |    0 |          0 |
|     GenericPartition_2_DuplicateStreams_hls_1             |             finn_design_GenericPartition_2_DuplicateStreams_hls_1_0 |         58 |         58 |       0 |    0 |    63 |      0 |      0 |    0 |          0 |
|       inst                                                |                                              DuplicateStreams_hls_1 |         58 |         58 |       0 |    0 |    63 |      0 |      0 |    0 |          0 |
|         (inst)                                            |                                              DuplicateStreams_hls_1 |          1 |          1 |       0 |    0 |    26 |      0 |      0 |    0 |          0 |
|         flow_control_loop_pipe_no_ap_cont_U               |            DuplicateStreams_hls_1_flow_control_loop_pipe_no_ap_cont |         25 |         25 |       0 |    0 |     1 |      0 |      0 |    0 |          0 |
|         regslice_both_in0_V_U                             |                                DuplicateStreams_hls_1_regslice_both |          9 |          9 |       0 |    0 |    12 |      0 |      0 |    0 |          0 |
|         regslice_both_out0_V_U                            |                            DuplicateStreams_hls_1_regslice_both_340 |          7 |          7 |       0 |    0 |    12 |      0 |      0 |    0 |          0 |
|         regslice_both_out1_V_U                            |                            DuplicateStreams_hls_1_regslice_both_341 |         16 |         16 |       0 |    0 |    12 |      0 |      0 |    0 |          0 |
|     GenericPartition_2_DuplicateStreams_hls_2             |             finn_design_GenericPartition_2_DuplicateStreams_hls_2_0 |         58 |         58 |       0 |    0 |    63 |      0 |      0 |    0 |          0 |
|       inst                                                |                                              DuplicateStreams_hls_2 |         58 |         58 |       0 |    0 |    63 |      0 |      0 |    0 |          0 |
|         (inst)                                            |                                              DuplicateStreams_hls_2 |          0 |          0 |       0 |    0 |    26 |      0 |      0 |    0 |          0 |
|         flow_control_loop_pipe_no_ap_cont_U               |            DuplicateStreams_hls_2_flow_control_loop_pipe_no_ap_cont |         26 |         26 |       0 |    0 |     1 |      0 |      0 |    0 |          0 |
|         regslice_both_in0_V_U                             |                                DuplicateStreams_hls_2_regslice_both |          9 |          9 |       0 |    0 |    12 |      0 |      0 |    0 |          0 |
|         regslice_both_out0_V_U                            |                            DuplicateStreams_hls_2_regslice_both_338 |          7 |          7 |       0 |    0 |    12 |      0 |      0 |    0 |          0 |
|         regslice_both_out1_V_U                            |                            DuplicateStreams_hls_2_regslice_both_339 |         16 |         16 |       0 |    0 |    12 |      0 |      0 |    0 |          0 |
|     GenericPartition_2_DuplicateStreams_hls_3             |             finn_design_GenericPartition_2_DuplicateStreams_hls_3_0 |         58 |         58 |       0 |    0 |    63 |      0 |      0 |    0 |          0 |
|       inst                                                |                                              DuplicateStreams_hls_3 |         58 |         58 |       0 |    0 |    63 |      0 |      0 |    0 |          0 |
|         (inst)                                            |                                              DuplicateStreams_hls_3 |          0 |          0 |       0 |    0 |    26 |      0 |      0 |    0 |          0 |
|         flow_control_loop_pipe_no_ap_cont_U               |            DuplicateStreams_hls_3_flow_control_loop_pipe_no_ap_cont |         26 |         26 |       0 |    0 |     1 |      0 |      0 |    0 |          0 |
|         regslice_both_in0_V_U                             |                                DuplicateStreams_hls_3_regslice_both |          9 |          9 |       0 |    0 |    12 |      0 |      0 |    0 |          0 |
|         regslice_both_out0_V_U                            |                            DuplicateStreams_hls_3_regslice_both_336 |          7 |          7 |       0 |    0 |    12 |      0 |      0 |    0 |          0 |
|         regslice_both_out1_V_U                            |                            DuplicateStreams_hls_3_regslice_both_337 |         16 |         16 |       0 |    0 |    12 |      0 |      0 |    0 |          0 |
|     GenericPartition_2_DuplicateStreams_hls_4             |             finn_design_GenericPartition_2_DuplicateStreams_hls_4_0 |         61 |         61 |       0 |    0 |    63 |      0 |      0 |    0 |          0 |
|       inst                                                |                                              DuplicateStreams_hls_4 |         61 |         61 |       0 |    0 |    63 |      0 |      0 |    0 |          0 |
|         (inst)                                            |                                              DuplicateStreams_hls_4 |          1 |          1 |       0 |    0 |    26 |      0 |      0 |    0 |          0 |
|         flow_control_loop_pipe_no_ap_cont_U               |            DuplicateStreams_hls_4_flow_control_loop_pipe_no_ap_cont |         24 |         24 |       0 |    0 |     1 |      0 |      0 |    0 |          0 |
|         regslice_both_in0_V_U                             |                                DuplicateStreams_hls_4_regslice_both |         10 |         10 |       0 |    0 |    12 |      0 |      0 |    0 |          0 |
|         regslice_both_out0_V_U                            |                            DuplicateStreams_hls_4_regslice_both_334 |          7 |          7 |       0 |    0 |    12 |      0 |      0 |    0 |          0 |
|         regslice_both_out1_V_U                            |                            DuplicateStreams_hls_4_regslice_both_335 |         19 |         19 |       0 |    0 |    12 |      0 |      0 |    0 |          0 |
|     GenericPartition_2_FMPadding_rtl_0                    |                    finn_design_GenericPartition_2_FMPadding_rtl_0_0 |         54 |         54 |       0 |    0 |    35 |      0 |      0 |    0 |          0 |
|       inst                                                |                                                     FMPadding_rtl_0 |         54 |         54 |       0 |    0 |    35 |      0 |      0 |    0 |          0 |
|         impl                                              |                                                   fmpadding_axi_332 |         54 |         54 |       0 |    0 |    35 |      0 |      0 |    0 |          0 |
|     GenericPartition_2_FMPadding_rtl_1                    |                    finn_design_GenericPartition_2_FMPadding_rtl_1_0 |         51 |         51 |       0 |    0 |    35 |      0 |      0 |    0 |          0 |
|       inst                                                |                                                     FMPadding_rtl_1 |         51 |         51 |       0 |    0 |    35 |      0 |      0 |    0 |          0 |
|         impl                                              |                                       fmpadding_axi__parameterized0 |         51 |         51 |       0 |    0 |    35 |      0 |      0 |    0 |          0 |
|     GenericPartition_2_FMPadding_rtl_2                    |                    finn_design_GenericPartition_2_FMPadding_rtl_2_0 |         50 |         50 |       0 |    0 |    35 |      0 |      0 |    0 |          0 |
|       inst                                                |                                                     FMPadding_rtl_2 |         50 |         50 |       0 |    0 |    35 |      0 |      0 |    0 |          0 |
|         impl                                              |                                       fmpadding_axi__parameterized1 |         50 |         50 |       0 |    0 |    35 |      0 |      0 |    0 |          0 |
|     GenericPartition_2_FMPadding_rtl_3                    |                    finn_design_GenericPartition_2_FMPadding_rtl_3_0 |         48 |         48 |       0 |    0 |    35 |      0 |      0 |    0 |          0 |
|       inst                                                |                                                     FMPadding_rtl_3 |         48 |         48 |       0 |    0 |    35 |      0 |      0 |    0 |          0 |
|         impl                                              |                                       fmpadding_axi__parameterized2 |         48 |         48 |       0 |    0 |    35 |      0 |      0 |    0 |          0 |
|     GenericPartition_2_FMPadding_rtl_4                    |                    finn_design_GenericPartition_2_FMPadding_rtl_4_0 |         54 |         54 |       0 |    0 |    35 |      0 |      0 |    0 |          0 |
|       inst                                                |                                                     FMPadding_rtl_4 |         54 |         54 |       0 |    0 |    35 |      0 |      0 |    0 |          0 |
|         impl                                              |                                                       fmpadding_axi |         54 |         54 |       0 |    0 |    35 |      0 |      0 |    0 |          0 |
|     GenericPartition_2_MVAU_rtl_0                         |                           GenericPartition_2_MVAU_rtl_0_imp_1DU7NZ9 |        129 |        105 |      24 |    0 |   176 |      0 |      0 |    0 |          2 |
|       GenericPartition_2_MVAU_rtl_0                       |                         finn_design_GenericPartition_2_MVAU_rtl_0_0 |        107 |         99 |       8 |    0 |   146 |      0 |      0 |    0 |          2 |
|         inst                                              |                                                          MVAU_rtl_0 |        107 |         99 |       8 |    0 |   146 |      0 |      0 |    0 |          2 |
|       GenericPartition_2_MVAU_rtl_0_wstrm                 |                   finn_design_GenericPartition_2_MVAU_rtl_0_wstrm_0 |         22 |          6 |      16 |    0 |    30 |      0 |      0 |    0 |          0 |
|         inst                                              |                                               memstream_axi_wrapper |         22 |          6 |      16 |    0 |    30 |      0 |      0 |    0 |          0 |
|     GenericPartition_2_MVAU_rtl_1                         |                            GenericPartition_2_MVAU_rtl_1_imp_B5ULVU |        297 |        233 |      64 |    0 |   386 |      0 |      0 |    0 |          6 |
|       GenericPartition_2_MVAU_rtl_1                       |                         finn_design_GenericPartition_2_MVAU_rtl_1_0 |        194 |        178 |      16 |    0 |   323 |      0 |      0 |    0 |          6 |
|         inst                                              |                                                          MVAU_rtl_1 |        194 |        178 |      16 |    0 |   323 |      0 |      0 |    0 |          6 |
|       GenericPartition_2_MVAU_rtl_1_wstrm                 |                   finn_design_GenericPartition_2_MVAU_rtl_1_wstrm_0 |        103 |         55 |      48 |    0 |    63 |      0 |      0 |    0 |          0 |
|         inst                                              |                               memstream_axi_wrapper__parameterized0 |        103 |         55 |      48 |    0 |    63 |      0 |      0 |    0 |          0 |
|     GenericPartition_2_MVAU_rtl_10                        |                           GenericPartition_2_MVAU_rtl_10_imp_UVPSHS |        297 |        233 |      64 |    0 |   405 |      0 |      0 |    0 |          6 |
|       GenericPartition_2_MVAU_rtl_10                      |                        finn_design_GenericPartition_2_MVAU_rtl_10_0 |        194 |        178 |      16 |    0 |   342 |      0 |      0 |    0 |          6 |
|         inst                                              |                                                         MVAU_rtl_10 |        194 |        178 |      16 |    0 |   342 |      0 |      0 |    0 |          6 |
|       GenericPartition_2_MVAU_rtl_10_wstrm                |                  finn_design_GenericPartition_2_MVAU_rtl_10_wstrm_0 |        103 |         55 |      48 |    0 |    63 |      0 |      0 |    0 |          0 |
|         inst                                              |                               memstream_axi_wrapper__parameterized1 |        103 |         55 |      48 |    0 |    63 |      0 |      0 |    0 |          0 |
|     GenericPartition_2_MVAU_rtl_11                        |                          GenericPartition_2_MVAU_rtl_11_imp_1VYCQNJ |        119 |         95 |      24 |    0 |   158 |      0 |      0 |    0 |          2 |
|       GenericPartition_2_MVAU_rtl_11                      |                        finn_design_GenericPartition_2_MVAU_rtl_11_0 |         97 |         89 |       8 |    0 |   128 |      0 |      0 |    0 |          2 |
|         inst                                              |                                                         MVAU_rtl_11 |         97 |         89 |       8 |    0 |   128 |      0 |      0 |    0 |          2 |
|       GenericPartition_2_MVAU_rtl_11_wstrm                |                  finn_design_GenericPartition_2_MVAU_rtl_11_wstrm_0 |         22 |          6 |      16 |    0 |    30 |      0 |      0 |    0 |          0 |
|         inst                                              |                               memstream_axi_wrapper__parameterized2 |         22 |          6 |      16 |    0 |    30 |      0 |      0 |    0 |          0 |
|     GenericPartition_2_MVAU_rtl_12                        |                          GenericPartition_2_MVAU_rtl_12_imp_10H6QLB |        136 |        112 |      24 |    0 |   184 |      0 |      0 |    0 |          2 |
|       GenericPartition_2_MVAU_rtl_12                      |                        finn_design_GenericPartition_2_MVAU_rtl_12_0 |        114 |        106 |       8 |    0 |   154 |      0 |      0 |    0 |          2 |
|         inst                                              |                                                         MVAU_rtl_12 |        114 |        106 |       8 |    0 |   154 |      0 |      0 |    0 |          2 |
|       GenericPartition_2_MVAU_rtl_12_wstrm                |                  finn_design_GenericPartition_2_MVAU_rtl_12_wstrm_0 |         22 |          6 |      16 |    0 |    30 |      0 |      0 |    0 |          0 |
|         inst                                              |                               memstream_axi_wrapper__parameterized3 |         22 |          6 |      16 |    0 |    30 |      0 |      0 |    0 |          0 |
|     GenericPartition_2_MVAU_rtl_13                        |                           GenericPartition_2_MVAU_rtl_13_imp_6VYANK |        314 |        250 |      64 |    0 |   455 |      0 |      0 |    0 |          6 |
|       GenericPartition_2_MVAU_rtl_13                      |                        finn_design_GenericPartition_2_MVAU_rtl_13_0 |        211 |        195 |      16 |    0 |   392 |      0 |      0 |    0 |          6 |
|         inst                                              |                                                         MVAU_rtl_13 |        211 |        195 |      16 |    0 |   392 |      0 |      0 |    0 |          6 |
|       GenericPartition_2_MVAU_rtl_13_wstrm                |                  finn_design_GenericPartition_2_MVAU_rtl_13_wstrm_0 |        103 |         55 |      48 |    0 |    63 |      0 |      0 |    0 |          0 |
|         inst                                              |                               memstream_axi_wrapper__parameterized4 |        103 |         55 |      48 |    0 |    63 |      0 |      0 |    0 |          0 |
|     GenericPartition_2_MVAU_rtl_14                        |                           GenericPartition_2_MVAU_rtl_14_imp_U1OBGF |        117 |         93 |      24 |    0 |   158 |      0 |      0 |    0 |          2 |
|       GenericPartition_2_MVAU_rtl_14                      |                        finn_design_GenericPartition_2_MVAU_rtl_14_0 |         95 |         87 |       8 |    0 |   128 |      0 |      0 |    0 |          2 |
|         inst                                              |                                                         MVAU_rtl_14 |         95 |         87 |       8 |    0 |   128 |      0 |      0 |    0 |          2 |
|       GenericPartition_2_MVAU_rtl_14_wstrm                |                  finn_design_GenericPartition_2_MVAU_rtl_14_wstrm_0 |         22 |          6 |      16 |    0 |    30 |      0 |      0 |    0 |          0 |
|         inst                                              |                               memstream_axi_wrapper__parameterized5 |         22 |          6 |      16 |    0 |    30 |      0 |      0 |    0 |          0 |
|     GenericPartition_2_MVAU_rtl_2                         |                            GenericPartition_2_MVAU_rtl_2_imp_QJC0QI |        119 |         95 |      24 |    0 |   158 |      0 |      0 |    0 |          2 |
|       GenericPartition_2_MVAU_rtl_2                       |                         finn_design_GenericPartition_2_MVAU_rtl_2_0 |         97 |         89 |       8 |    0 |   128 |      0 |      0 |    0 |          2 |
|         inst                                              |                                                          MVAU_rtl_2 |         97 |         89 |       8 |    0 |   128 |      0 |      0 |    0 |          2 |
|       GenericPartition_2_MVAU_rtl_2_wstrm                 |                   finn_design_GenericPartition_2_MVAU_rtl_2_wstrm_0 |         22 |          6 |      16 |    0 |    30 |      0 |      0 |    0 |          0 |
|         inst                                              |                               memstream_axi_wrapper__parameterized6 |         22 |          6 |      16 |    0 |    30 |      0 |      0 |    0 |          0 |
|     GenericPartition_2_MVAU_rtl_3                         |                           GenericPartition_2_MVAU_rtl_3_imp_1IDUDP1 |        134 |        110 |      24 |    0 |   184 |      0 |      0 |    0 |          2 |
|       GenericPartition_2_MVAU_rtl_3                       |                         finn_design_GenericPartition_2_MVAU_rtl_3_0 |        112 |        104 |       8 |    0 |   154 |      0 |      0 |    0 |          2 |
|         inst                                              |                                                          MVAU_rtl_3 |        112 |        104 |       8 |    0 |   154 |      0 |      0 |    0 |          2 |
|       GenericPartition_2_MVAU_rtl_3_wstrm                 |                   finn_design_GenericPartition_2_MVAU_rtl_3_wstrm_0 |         22 |          6 |      16 |    0 |    30 |      0 |      0 |    0 |          0 |
|         inst                                              |                               memstream_axi_wrapper__parameterized7 |         22 |          6 |      16 |    0 |    30 |      0 |      0 |    0 |          0 |
|     GenericPartition_2_MVAU_rtl_4                         |                           GenericPartition_2_MVAU_rtl_4_imp_1D007YY |        307 |        243 |      64 |    0 |   410 |      0 |      0 |    0 |          6 |
|       GenericPartition_2_MVAU_rtl_4                       |                         finn_design_GenericPartition_2_MVAU_rtl_4_0 |        203 |        187 |      16 |    0 |   347 |      0 |      0 |    0 |          6 |
|         inst                                              |                                                          MVAU_rtl_4 |        203 |        187 |      16 |    0 |   347 |      0 |      0 |    0 |          6 |
|       GenericPartition_2_MVAU_rtl_4_wstrm                 |                   finn_design_GenericPartition_2_MVAU_rtl_4_wstrm_0 |        104 |         56 |      48 |    0 |    63 |      0 |      0 |    0 |          0 |
|         inst                                              |                               memstream_axi_wrapper__parameterized8 |        104 |         56 |      48 |    0 |    63 |      0 |      0 |    0 |          0 |
|     GenericPartition_2_MVAU_rtl_5                         |                            GenericPartition_2_MVAU_rtl_5_imp_BZVVHX |        118 |         94 |      24 |    0 |   158 |      0 |      0 |    0 |          2 |
|       GenericPartition_2_MVAU_rtl_5                       |                         finn_design_GenericPartition_2_MVAU_rtl_5_0 |         96 |         88 |       8 |    0 |   128 |      0 |      0 |    0 |          2 |
|         inst                                              |                                                          MVAU_rtl_5 |         96 |         88 |       8 |    0 |   128 |      0 |      0 |    0 |          2 |
|       GenericPartition_2_MVAU_rtl_5_wstrm                 |                   finn_design_GenericPartition_2_MVAU_rtl_5_wstrm_0 |         22 |          6 |      16 |    0 |    30 |      0 |      0 |    0 |          0 |
|         inst                                              |                               memstream_axi_wrapper__parameterized9 |         22 |          6 |      16 |    0 |    30 |      0 |      0 |    0 |          0 |
|     GenericPartition_2_MVAU_rtl_6                         |                            GenericPartition_2_MVAU_rtl_6_imp_PPAAX1 |        133 |        109 |      24 |    0 |   184 |      0 |      0 |    0 |          2 |
|       GenericPartition_2_MVAU_rtl_6                       |                         finn_design_GenericPartition_2_MVAU_rtl_6_0 |        111 |        103 |       8 |    0 |   154 |      0 |      0 |    0 |          2 |
|         inst                                              |                                                          MVAU_rtl_6 |        111 |        103 |       8 |    0 |   154 |      0 |      0 |    0 |          2 |
|       GenericPartition_2_MVAU_rtl_6_wstrm                 |                   finn_design_GenericPartition_2_MVAU_rtl_6_wstrm_0 |         22 |          6 |      16 |    0 |    30 |      0 |      0 |    0 |          0 |
|         inst                                              |                              memstream_axi_wrapper__parameterized10 |         22 |          6 |      16 |    0 |    30 |      0 |      0 |    0 |          0 |
|     GenericPartition_2_MVAU_rtl_7                         |                           GenericPartition_2_MVAU_rtl_7_imp_1J81JU2 |        308 |        244 |      64 |    0 |   442 |      0 |      0 |    0 |          6 |
|       GenericPartition_2_MVAU_rtl_7                       |                         finn_design_GenericPartition_2_MVAU_rtl_7_0 |        205 |        189 |      16 |    0 |   379 |      0 |      0 |    0 |          6 |
|         inst                                              |                                                          MVAU_rtl_7 |        205 |        189 |      16 |    0 |   379 |      0 |      0 |    0 |          6 |
|       GenericPartition_2_MVAU_rtl_7_wstrm                 |                   finn_design_GenericPartition_2_MVAU_rtl_7_wstrm_0 |        103 |         55 |      48 |    0 |    63 |      0 |      0 |    0 |          0 |
|         inst                                              |                              memstream_axi_wrapper__parameterized11 |        103 |         55 |      48 |    0 |    63 |      0 |      0 |    0 |          0 |
|     GenericPartition_2_MVAU_rtl_8                         |                           GenericPartition_2_MVAU_rtl_8_imp_1EDQ21N |        119 |         95 |      24 |    0 |   158 |      0 |      0 |    0 |          2 |
|       GenericPartition_2_MVAU_rtl_8                       |                         finn_design_GenericPartition_2_MVAU_rtl_8_0 |         97 |         89 |       8 |    0 |   128 |      0 |      0 |    0 |          2 |
|         inst                                              |                                                          MVAU_rtl_8 |         97 |         89 |       8 |    0 |   128 |      0 |      0 |    0 |          2 |
|       GenericPartition_2_MVAU_rtl_8_wstrm                 |                   finn_design_GenericPartition_2_MVAU_rtl_8_wstrm_0 |         22 |          6 |      16 |    0 |    30 |      0 |      0 |    0 |          0 |
|         inst                                              |                              memstream_axi_wrapper__parameterized12 |         22 |          6 |      16 |    0 |    30 |      0 |      0 |    0 |          0 |
|     GenericPartition_2_MVAU_rtl_9                         |                            GenericPartition_2_MVAU_rtl_9_imp_CTLY9G |        131 |        107 |      24 |    0 |   176 |      0 |      0 |    0 |          2 |
|       GenericPartition_2_MVAU_rtl_9                       |                         finn_design_GenericPartition_2_MVAU_rtl_9_0 |        109 |        101 |       8 |    0 |   146 |      0 |      0 |    0 |          2 |
|         inst                                              |                                                          MVAU_rtl_9 |        109 |        101 |       8 |    0 |   146 |      0 |      0 |    0 |          2 |
|       GenericPartition_2_MVAU_rtl_9_wstrm                 |                   finn_design_GenericPartition_2_MVAU_rtl_9_wstrm_0 |         22 |          6 |      16 |    0 |    30 |      0 |      0 |    0 |          0 |
|         inst                                              |                              memstream_axi_wrapper__parameterized13 |         22 |          6 |      16 |    0 |    30 |      0 |      0 |    0 |          0 |
|     GenericPartition_2_StreamingDataWidthConverter_rtl_0  |  finn_design_GenericPartition_2_StreamingDataWidthConverter_rtl_0_0 |          7 |          7 |       0 |    0 |    15 |      0 |      0 |    0 |          0 |
|       inst                                                |                                   StreamingDataWidthConverter_rtl_0 |          7 |          7 |       0 |    0 |    15 |      0 |      0 |    0 |          0 |
|         impl                                              |                                                         dwc_axi_298 |          7 |          7 |       0 |    0 |    15 |      0 |      0 |    0 |          0 |
|     GenericPartition_2_StreamingDataWidthConverter_rtl_1  |  finn_design_GenericPartition_2_StreamingDataWidthConverter_rtl_1_0 |         26 |         26 |       0 |    0 |    48 |      0 |      0 |    0 |          0 |
|       inst                                                |                                   StreamingDataWidthConverter_rtl_1 |         26 |         26 |       0 |    0 |    48 |      0 |      0 |    0 |          0 |
|         impl                                              |                                         dwc_axi__parameterized0_296 |         26 |         26 |       0 |    0 |    48 |      0 |      0 |    0 |          0 |
|     GenericPartition_2_StreamingDataWidthConverter_rtl_10 | finn_design_GenericPartition_2_StreamingDataWidthConverter_rtl_10_0 |         11 |         11 |       0 |    0 |    36 |      0 |      0 |    0 |          0 |
|       inst                                                |                                  StreamingDataWidthConverter_rtl_10 |         11 |         11 |       0 |    0 |    36 |      0 |      0 |    0 |          0 |
|         impl                                              |                                         dwc_axi__parameterized1_294 |         11 |         11 |       0 |    0 |    36 |      0 |      0 |    0 |          0 |
|     GenericPartition_2_StreamingDataWidthConverter_rtl_11 | finn_design_GenericPartition_2_StreamingDataWidthConverter_rtl_11_0 |         27 |         27 |       0 |    0 |    48 |      0 |      0 |    0 |          0 |
|       inst                                                |                                  StreamingDataWidthConverter_rtl_11 |         27 |         27 |       0 |    0 |    48 |      0 |      0 |    0 |          0 |
|         impl                                              |                                         dwc_axi__parameterized0_292 |         27 |         27 |       0 |    0 |    48 |      0 |      0 |    0 |          0 |
|     GenericPartition_2_StreamingDataWidthConverter_rtl_12 | finn_design_GenericPartition_2_StreamingDataWidthConverter_rtl_12_0 |          7 |          7 |       0 |    0 |    15 |      0 |      0 |    0 |          0 |
|       inst                                                |                                  StreamingDataWidthConverter_rtl_12 |          7 |          7 |       0 |    0 |    15 |      0 |      0 |    0 |          0 |
|         impl                                              |                                                         dwc_axi_290 |          7 |          7 |       0 |    0 |    15 |      0 |      0 |    0 |          0 |
|     GenericPartition_2_StreamingDataWidthConverter_rtl_13 | finn_design_GenericPartition_2_StreamingDataWidthConverter_rtl_13_0 |         23 |         23 |       0 |    0 |    44 |      0 |      0 |    0 |          0 |
|       inst                                                |                                  StreamingDataWidthConverter_rtl_13 |         23 |         23 |       0 |    0 |    44 |      0 |      0 |    0 |          0 |
|         impl                                              |                                         dwc_axi__parameterized2_288 |         23 |         23 |       0 |    0 |    44 |      0 |      0 |    0 |          0 |
|     GenericPartition_2_StreamingDataWidthConverter_rtl_14 | finn_design_GenericPartition_2_StreamingDataWidthConverter_rtl_14_0 |          7 |          7 |       0 |    0 |    15 |      0 |      0 |    0 |          0 |
|       inst                                                |                                  StreamingDataWidthConverter_rtl_14 |          7 |          7 |       0 |    0 |    15 |      0 |      0 |    0 |          0 |
|         impl                                              |                                                         dwc_axi_286 |          7 |          7 |       0 |    0 |    15 |      0 |      0 |    0 |          0 |
|     GenericPartition_2_StreamingDataWidthConverter_rtl_15 | finn_design_GenericPartition_2_StreamingDataWidthConverter_rtl_15_0 |         29 |         29 |       0 |    0 |    52 |      0 |      0 |    0 |          0 |
|       inst                                                |                                  StreamingDataWidthConverter_rtl_15 |         29 |         29 |       0 |    0 |    52 |      0 |      0 |    0 |          0 |
|         impl                                              |                                         dwc_axi__parameterized3_284 |         29 |         29 |       0 |    0 |    52 |      0 |      0 |    0 |          0 |
|     GenericPartition_2_StreamingDataWidthConverter_rtl_16 | finn_design_GenericPartition_2_StreamingDataWidthConverter_rtl_16_0 |          8 |          8 |       0 |    0 |    15 |      0 |      0 |    0 |          0 |
|       inst                                                |                                  StreamingDataWidthConverter_rtl_16 |          8 |          8 |       0 |    0 |    15 |      0 |      0 |    0 |          0 |
|         impl                                              |                                                         dwc_axi_282 |          8 |          8 |       0 |    0 |    15 |      0 |      0 |    0 |          0 |
|     GenericPartition_2_StreamingDataWidthConverter_rtl_17 | finn_design_GenericPartition_2_StreamingDataWidthConverter_rtl_17_0 |         11 |         11 |       0 |    0 |    36 |      0 |      0 |    0 |          0 |
|       inst                                                |                                  StreamingDataWidthConverter_rtl_17 |         11 |         11 |       0 |    0 |    36 |      0 |      0 |    0 |          0 |
|         impl                                              |                                         dwc_axi__parameterized1_280 |         11 |         11 |       0 |    0 |    36 |      0 |      0 |    0 |          0 |
|     GenericPartition_2_StreamingDataWidthConverter_rtl_18 | finn_design_GenericPartition_2_StreamingDataWidthConverter_rtl_18_0 |         28 |         28 |       0 |    0 |    52 |      0 |      0 |    0 |          0 |
|       inst                                                |                                  StreamingDataWidthConverter_rtl_18 |         28 |         28 |       0 |    0 |    52 |      0 |      0 |    0 |          0 |
|         impl                                              |                                         dwc_axi__parameterized3_278 |         28 |         28 |       0 |    0 |    52 |      0 |      0 |    0 |          0 |
|     GenericPartition_2_StreamingDataWidthConverter_rtl_19 | finn_design_GenericPartition_2_StreamingDataWidthConverter_rtl_19_0 |          8 |          8 |       0 |    0 |    15 |      0 |      0 |    0 |          0 |
|       inst                                                |                                  StreamingDataWidthConverter_rtl_19 |          8 |          8 |       0 |    0 |    15 |      0 |      0 |    0 |          0 |
|         impl                                              |                                                         dwc_axi_276 |          8 |          8 |       0 |    0 |    15 |      0 |      0 |    0 |          0 |
|     GenericPartition_2_StreamingDataWidthConverter_rtl_2  |  finn_design_GenericPartition_2_StreamingDataWidthConverter_rtl_2_0 |          8 |          8 |       0 |    0 |    15 |      0 |      0 |    0 |          0 |
|       inst                                                |                                   StreamingDataWidthConverter_rtl_2 |          8 |          8 |       0 |    0 |    15 |      0 |      0 |    0 |          0 |
|         impl                                              |                                                         dwc_axi_274 |          8 |          8 |       0 |    0 |    15 |      0 |      0 |    0 |          0 |
|     GenericPartition_2_StreamingDataWidthConverter_rtl_20 | finn_design_GenericPartition_2_StreamingDataWidthConverter_rtl_20_0 |         23 |         23 |       0 |    0 |    44 |      0 |      0 |    0 |          0 |
|       inst                                                |                                  StreamingDataWidthConverter_rtl_20 |         23 |         23 |       0 |    0 |    44 |      0 |      0 |    0 |          0 |
|         impl                                              |                                         dwc_axi__parameterized2_272 |         23 |         23 |       0 |    0 |    44 |      0 |      0 |    0 |          0 |
|     GenericPartition_2_StreamingDataWidthConverter_rtl_21 | finn_design_GenericPartition_2_StreamingDataWidthConverter_rtl_21_0 |          7 |          7 |       0 |    0 |    15 |      0 |      0 |    0 |          0 |
|       inst                                                |                                  StreamingDataWidthConverter_rtl_21 |          7 |          7 |       0 |    0 |    15 |      0 |      0 |    0 |          0 |
|         impl                                              |                                                         dwc_axi_270 |          7 |          7 |       0 |    0 |    15 |      0 |      0 |    0 |          0 |
|     GenericPartition_2_StreamingDataWidthConverter_rtl_22 | finn_design_GenericPartition_2_StreamingDataWidthConverter_rtl_22_0 |         27 |         27 |       0 |    0 |    48 |      0 |      0 |    0 |          0 |
|       inst                                                |                                  StreamingDataWidthConverter_rtl_22 |         27 |         27 |       0 |    0 |    48 |      0 |      0 |    0 |          0 |
|         impl                                              |                                             dwc_axi__parameterized0 |         27 |         27 |       0 |    0 |    48 |      0 |      0 |    0 |          0 |
|     GenericPartition_2_StreamingDataWidthConverter_rtl_23 | finn_design_GenericPartition_2_StreamingDataWidthConverter_rtl_23_0 |          7 |          7 |       0 |    0 |    15 |      0 |      0 |    0 |          0 |
|       inst                                                |                                  StreamingDataWidthConverter_rtl_23 |          7 |          7 |       0 |    0 |    15 |      0 |      0 |    0 |          0 |
|         impl                                              |                                                         dwc_axi_268 |          7 |          7 |       0 |    0 |    15 |      0 |      0 |    0 |          0 |
|     GenericPartition_2_StreamingDataWidthConverter_rtl_24 | finn_design_GenericPartition_2_StreamingDataWidthConverter_rtl_24_0 |         11 |         11 |       0 |    0 |    36 |      0 |      0 |    0 |          0 |
|       inst                                                |                                  StreamingDataWidthConverter_rtl_24 |         11 |         11 |       0 |    0 |    36 |      0 |      0 |    0 |          0 |
|         impl                                              |                                         dwc_axi__parameterized1_266 |         11 |         11 |       0 |    0 |    36 |      0 |      0 |    0 |          0 |
|     GenericPartition_2_StreamingDataWidthConverter_rtl_25 | finn_design_GenericPartition_2_StreamingDataWidthConverter_rtl_25_0 |         29 |         29 |       0 |    0 |    52 |      0 |      0 |    0 |          0 |
|       inst                                                |                                  StreamingDataWidthConverter_rtl_25 |         29 |         29 |       0 |    0 |    52 |      0 |      0 |    0 |          0 |
|         impl                                              |                                         dwc_axi__parameterized3_264 |         29 |         29 |       0 |    0 |    52 |      0 |      0 |    0 |          0 |
|     GenericPartition_2_StreamingDataWidthConverter_rtl_26 | finn_design_GenericPartition_2_StreamingDataWidthConverter_rtl_26_0 |          8 |          8 |       0 |    0 |    15 |      0 |      0 |    0 |          0 |
|       inst                                                |                                  StreamingDataWidthConverter_rtl_26 |          8 |          8 |       0 |    0 |    15 |      0 |      0 |    0 |          0 |
|         impl                                              |                                                         dwc_axi_262 |          8 |          8 |       0 |    0 |    15 |      0 |      0 |    0 |          0 |
|     GenericPartition_2_StreamingDataWidthConverter_rtl_27 | finn_design_GenericPartition_2_StreamingDataWidthConverter_rtl_27_0 |         26 |         26 |       0 |    0 |    44 |      0 |      0 |    0 |          0 |
|       inst                                                |                                  StreamingDataWidthConverter_rtl_27 |         26 |         26 |       0 |    0 |    44 |      0 |      0 |    0 |          0 |
|         impl                                              |                                         dwc_axi__parameterized2_260 |         26 |         26 |       0 |    0 |    44 |      0 |      0 |    0 |          0 |
|     GenericPartition_2_StreamingDataWidthConverter_rtl_28 | finn_design_GenericPartition_2_StreamingDataWidthConverter_rtl_28_0 |          8 |          8 |       0 |    0 |    15 |      0 |      0 |    0 |          0 |
|       inst                                                |                                  StreamingDataWidthConverter_rtl_28 |          8 |          8 |       0 |    0 |    15 |      0 |      0 |    0 |          0 |
|         impl                                              |                                                         dwc_axi_258 |          8 |          8 |       0 |    0 |    15 |      0 |      0 |    0 |          0 |
|     GenericPartition_2_StreamingDataWidthConverter_rtl_29 | finn_design_GenericPartition_2_StreamingDataWidthConverter_rtl_29_0 |         29 |         29 |       0 |    0 |    52 |      0 |      0 |    0 |          0 |
|       inst                                                |                                  StreamingDataWidthConverter_rtl_29 |         29 |         29 |       0 |    0 |    52 |      0 |      0 |    0 |          0 |
|         impl                                              |                                         dwc_axi__parameterized3_256 |         29 |         29 |       0 |    0 |    52 |      0 |      0 |    0 |          0 |
|     GenericPartition_2_StreamingDataWidthConverter_rtl_3  |  finn_design_GenericPartition_2_StreamingDataWidthConverter_rtl_3_0 |         11 |         11 |       0 |    0 |    36 |      0 |      0 |    0 |          0 |
|       inst                                                |                                   StreamingDataWidthConverter_rtl_3 |         11 |         11 |       0 |    0 |    36 |      0 |      0 |    0 |          0 |
|         impl                                              |                                         dwc_axi__parameterized1_254 |         11 |         11 |       0 |    0 |    36 |      0 |      0 |    0 |          0 |
|     GenericPartition_2_StreamingDataWidthConverter_rtl_30 | finn_design_GenericPartition_2_StreamingDataWidthConverter_rtl_30_0 |          9 |          9 |       0 |    0 |    15 |      0 |      0 |    0 |          0 |
|       inst                                                |                                  StreamingDataWidthConverter_rtl_30 |          9 |          9 |       0 |    0 |    15 |      0 |      0 |    0 |          0 |
|         impl                                              |                                                         dwc_axi_252 |          9 |          9 |       0 |    0 |    15 |      0 |      0 |    0 |          0 |
|     GenericPartition_2_StreamingDataWidthConverter_rtl_31 | finn_design_GenericPartition_2_StreamingDataWidthConverter_rtl_31_0 |         11 |         11 |       0 |    0 |    36 |      0 |      0 |    0 |          0 |
|       inst                                                |                                  StreamingDataWidthConverter_rtl_31 |         11 |         11 |       0 |    0 |    36 |      0 |      0 |    0 |          0 |
|         impl                                              |                                             dwc_axi__parameterized1 |         11 |         11 |       0 |    0 |    36 |      0 |      0 |    0 |          0 |
|     GenericPartition_2_StreamingDataWidthConverter_rtl_32 | finn_design_GenericPartition_2_StreamingDataWidthConverter_rtl_32_0 |         29 |         29 |       0 |    0 |    52 |      0 |      0 |    0 |          0 |
|       inst                                                |                                  StreamingDataWidthConverter_rtl_32 |         29 |         29 |       0 |    0 |    52 |      0 |      0 |    0 |          0 |
|         impl                                              |                                         dwc_axi__parameterized3_250 |         29 |         29 |       0 |    0 |    52 |      0 |      0 |    0 |          0 |
|     GenericPartition_2_StreamingDataWidthConverter_rtl_33 | finn_design_GenericPartition_2_StreamingDataWidthConverter_rtl_33_0 |          9 |          9 |       0 |    0 |    15 |      0 |      0 |    0 |          0 |
|       inst                                                |                                  StreamingDataWidthConverter_rtl_33 |          9 |          9 |       0 |    0 |    15 |      0 |      0 |    0 |          0 |
|         impl                                              |                                                         dwc_axi_248 |          9 |          9 |       0 |    0 |    15 |      0 |      0 |    0 |          0 |
|     GenericPartition_2_StreamingDataWidthConverter_rtl_34 | finn_design_GenericPartition_2_StreamingDataWidthConverter_rtl_34_0 |         23 |         23 |       0 |    0 |    44 |      0 |      0 |    0 |          0 |
|       inst                                                |                                  StreamingDataWidthConverter_rtl_34 |         23 |         23 |       0 |    0 |    44 |      0 |      0 |    0 |          0 |
|         impl                                              |                                         dwc_axi__parameterized2_246 |         23 |         23 |       0 |    0 |    44 |      0 |      0 |    0 |          0 |
|     GenericPartition_2_StreamingDataWidthConverter_rtl_4  |  finn_design_GenericPartition_2_StreamingDataWidthConverter_rtl_4_0 |         28 |         28 |       0 |    0 |    52 |      0 |      0 |    0 |          0 |
|       inst                                                |                                   StreamingDataWidthConverter_rtl_4 |         28 |         28 |       0 |    0 |    52 |      0 |      0 |    0 |          0 |
|         impl                                              |                                         dwc_axi__parameterized3_244 |         28 |         28 |       0 |    0 |    52 |      0 |      0 |    0 |          0 |
|     GenericPartition_2_StreamingDataWidthConverter_rtl_5  |  finn_design_GenericPartition_2_StreamingDataWidthConverter_rtl_5_0 |          8 |          8 |       0 |    0 |    15 |      0 |      0 |    0 |          0 |
|       inst                                                |                                   StreamingDataWidthConverter_rtl_5 |          8 |          8 |       0 |    0 |    15 |      0 |      0 |    0 |          0 |
|         impl                                              |                                                         dwc_axi_242 |          8 |          8 |       0 |    0 |    15 |      0 |      0 |    0 |          0 |
|     GenericPartition_2_StreamingDataWidthConverter_rtl_6  |  finn_design_GenericPartition_2_StreamingDataWidthConverter_rtl_6_0 |         24 |         24 |       0 |    0 |    44 |      0 |      0 |    0 |          0 |
|       inst                                                |                                   StreamingDataWidthConverter_rtl_6 |         24 |         24 |       0 |    0 |    44 |      0 |      0 |    0 |          0 |
|         impl                                              |                                             dwc_axi__parameterized2 |         24 |         24 |       0 |    0 |    44 |      0 |      0 |    0 |          0 |
|     GenericPartition_2_StreamingDataWidthConverter_rtl_7  |  finn_design_GenericPartition_2_StreamingDataWidthConverter_rtl_7_0 |          7 |          7 |       0 |    0 |    15 |      0 |      0 |    0 |          0 |
|       inst                                                |                                   StreamingDataWidthConverter_rtl_7 |          7 |          7 |       0 |    0 |    15 |      0 |      0 |    0 |          0 |
|         impl                                              |                                                         dwc_axi_240 |          7 |          7 |       0 |    0 |    15 |      0 |      0 |    0 |          0 |
|     GenericPartition_2_StreamingDataWidthConverter_rtl_8  |  finn_design_GenericPartition_2_StreamingDataWidthConverter_rtl_8_0 |         29 |         29 |       0 |    0 |    52 |      0 |      0 |    0 |          0 |
|       inst                                                |                                   StreamingDataWidthConverter_rtl_8 |         29 |         29 |       0 |    0 |    52 |      0 |      0 |    0 |          0 |
|         impl                                              |                                             dwc_axi__parameterized3 |         29 |         29 |       0 |    0 |    52 |      0 |      0 |    0 |          0 |
|     GenericPartition_2_StreamingDataWidthConverter_rtl_9  |  finn_design_GenericPartition_2_StreamingDataWidthConverter_rtl_9_0 |          7 |          7 |       0 |    0 |    15 |      0 |      0 |    0 |          0 |
|       inst                                                |                                   StreamingDataWidthConverter_rtl_9 |          7 |          7 |       0 |    0 |    15 |      0 |      0 |    0 |          0 |
|         impl                                              |                                                             dwc_axi |          7 |          7 |       0 |    0 |    15 |      0 |      0 |    0 |          0 |
|     GenericPartition_2_StreamingFIFO_rtl_0                |                finn_design_GenericPartition_2_StreamingFIFO_rtl_0_0 |         15 |         15 |       0 |    0 |    23 |      0 |      0 |    0 |          0 |
|       inst                                                |                                                 StreamingFIFO_rtl_0 |         15 |         15 |       0 |    0 |    23 |      0 |      0 |    0 |          0 |
|         impl                                              |                                                           Q_srl_239 |         15 |         15 |       0 |    0 |    23 |      0 |      0 |    0 |          0 |
|     GenericPartition_2_StreamingFIFO_rtl_1                |                finn_design_GenericPartition_2_StreamingFIFO_rtl_1_0 |         14 |         14 |       0 |    0 |    21 |      0 |      0 |    0 |          0 |
|       inst                                                |                                                 StreamingFIFO_rtl_1 |         14 |         14 |       0 |    0 |    21 |      0 |      0 |    0 |          0 |
|         impl                                              |                                           Q_srl__parameterized0_238 |         14 |         14 |       0 |    0 |    21 |      0 |      0 |    0 |          0 |
|     GenericPartition_2_StreamingFIFO_rtl_10               |                  GenericPartition_2_StreamingFIFO_rtl_10_imp_ICQ499 |         83 |         83 |       0 |    0 |    79 |      8 |      0 |    0 |          0 |
|       fifo                                                |                                                  finn_design_fifo_5 |         83 |         83 |       0 |    0 |    79 |      8 |      0 |    0 |          0 |
|         inst                                              |                                axis_data_fifo_v2_0_9_top__xdcDup__1 |         83 |         83 |       0 |    0 |    79 |      8 |      0 |    0 |          0 |
|     GenericPartition_2_StreamingFIFO_rtl_100              |                GenericPartition_2_StreamingFIFO_rtl_100_imp_11MOB8K |         69 |         69 |       0 |    0 |    59 |      0 |      1 |    0 |          0 |
|       fifo                                                |                                                 finn_design_fifo_22 |         69 |         69 |       0 |    0 |    59 |      0 |      1 |    0 |          0 |
|         inst                                              |                axis_data_fifo_v2_0_9_top__parameterized0__xdcDup__1 |         69 |         69 |       0 |    0 |    59 |      0 |      1 |    0 |          0 |
|     GenericPartition_2_StreamingFIFO_rtl_101              |              finn_design_GenericPartition_2_StreamingFIFO_rtl_101_0 |        105 |         65 |       0 |   40 |    38 |      0 |      0 |    0 |          0 |
|       inst                                                |                            GenericPartition_2_StreamingFIFO_rtl_101 |        105 |         65 |       0 |   40 |    38 |      0 |      0 |    0 |          0 |
|         impl                                              |                                               Q_srl__parameterized1 |        105 |         65 |       0 |   40 |    38 |      0 |      0 |    0 |          0 |
|     GenericPartition_2_StreamingFIFO_rtl_102              |              finn_design_GenericPartition_2_StreamingFIFO_rtl_102_0 |         13 |         13 |       0 |    0 |    21 |      0 |      0 |    0 |          0 |
|       inst                                                |                                                StreamingFIFO_rtl_75 |         13 |         13 |       0 |    0 |    21 |      0 |      0 |    0 |          0 |
|         impl                                              |                                           Q_srl__parameterized0_225 |         13 |         13 |       0 |    0 |    21 |      0 |      0 |    0 |          0 |
|     GenericPartition_2_StreamingFIFO_rtl_103              |                GenericPartition_2_StreamingFIFO_rtl_103_imp_1ULALUC |         80 |         80 |       0 |    0 |    63 |      1 |      1 |    0 |          0 |
|       fifo                                                |                                                 finn_design_fifo_23 |         80 |         80 |       0 |    0 |    63 |      1 |      1 |    0 |          0 |
|         inst                                              |                           axis_data_fifo_v2_0_9_top__parameterized1 |         80 |         80 |       0 |    0 |    63 |      1 |      1 |    0 |          0 |
|     GenericPartition_2_StreamingFIFO_rtl_104              |                GenericPartition_2_StreamingFIFO_rtl_104_imp_10SH5SR |         67 |         67 |       0 |    0 |    55 |      0 |      1 |    0 |          0 |
|       fifo                                                |                                                 finn_design_fifo_24 |         67 |         67 |       0 |    0 |    55 |      0 |      1 |    0 |          0 |
|         inst                                              |                axis_data_fifo_v2_0_9_top__parameterized2__xdcDup__1 |         67 |         67 |       0 |    0 |    55 |      0 |      1 |    0 |          0 |
|     GenericPartition_2_StreamingFIFO_rtl_105              |              finn_design_GenericPartition_2_StreamingFIFO_rtl_105_0 |        257 |         65 |       0 |  192 |    42 |      0 |      0 |    0 |          0 |
|       inst                                                |                            GenericPartition_2_StreamingFIFO_rtl_105 |        257 |         65 |       0 |  192 |    42 |      0 |      0 |    0 |          0 |
|         impl                                              |                                           Q_srl__parameterized2_212 |        257 |         65 |       0 |  192 |    42 |      0 |      0 |    0 |          0 |
|     GenericPartition_2_StreamingFIFO_rtl_106              |              finn_design_GenericPartition_2_StreamingFIFO_rtl_106_0 |        100 |         52 |       0 |   48 |    36 |      0 |      0 |    0 |          0 |
|       inst                                                |                            GenericPartition_2_StreamingFIFO_rtl_106 |        100 |         52 |       0 |   48 |    36 |      0 |      0 |    0 |          0 |
|         impl                                              |                                               Q_srl__parameterized3 |        100 |         52 |       0 |   48 |    36 |      0 |      0 |    0 |          0 |
|     GenericPartition_2_StreamingFIFO_rtl_107              |              finn_design_GenericPartition_2_StreamingFIFO_rtl_107_0 |         29 |         29 |       0 |    0 |    53 |      0 |      0 |    0 |          0 |
|       inst                                                |                                                StreamingFIFO_rtl_77 |         29 |         29 |       0 |    0 |    53 |      0 |      0 |    0 |          0 |
|         impl                                              |                                           Q_srl__parameterized4_211 |         29 |         29 |       0 |    0 |    53 |      0 |      0 |    0 |          0 |
|     GenericPartition_2_StreamingFIFO_rtl_108              |              finn_design_GenericPartition_2_StreamingFIFO_rtl_108_0 |         18 |         18 |       0 |    0 |    29 |      0 |      0 |    0 |          0 |
|       inst                                                |                                                StreamingFIFO_rtl_78 |         18 |         18 |       0 |    0 |    29 |      0 |      0 |    0 |          0 |
|         impl                                              |                                                           Q_srl_210 |         18 |         18 |       0 |    0 |    29 |      0 |      0 |    0 |          0 |
|     GenericPartition_2_StreamingFIFO_rtl_109              |              finn_design_GenericPartition_2_StreamingFIFO_rtl_109_0 |          9 |          9 |       0 |    0 |    13 |      0 |      0 |    0 |          0 |
|       inst                                                |                                                StreamingFIFO_rtl_79 |          9 |          9 |       0 |    0 |    13 |      0 |      0 |    0 |          0 |
|         impl                                              |                                           Q_srl__parameterized0_209 |          9 |          9 |       0 |    0 |    13 |      0 |      0 |    0 |          0 |
|     GenericPartition_2_StreamingFIFO_rtl_11               |               finn_design_GenericPartition_2_StreamingFIFO_rtl_11_0 |         27 |         27 |       0 |    0 |    49 |      0 |      0 |    0 |          0 |
|       inst                                                |                                                 StreamingFIFO_rtl_7 |         27 |         27 |       0 |    0 |    49 |      0 |      0 |    0 |          0 |
|         impl                                              |                                           Q_srl__parameterized4_208 |         27 |         27 |       0 |    0 |    49 |      0 |      0 |    0 |          0 |
|     GenericPartition_2_StreamingFIFO_rtl_110              |                 GenericPartition_2_StreamingFIFO_rtl_110_imp_OZAP9D |         70 |         70 |       0 |    0 |    59 |      0 |      1 |    0 |          0 |
|       fifo                                                |                                                 finn_design_fifo_25 |         70 |         70 |       0 |    0 |    59 |      0 |      1 |    0 |          0 |
|         inst                                              |                axis_data_fifo_v2_0_9_top__parameterized0__xdcDup__2 |         70 |         70 |       0 |    0 |    59 |      0 |      1 |    0 |          0 |
|     GenericPartition_2_StreamingFIFO_rtl_111              |              finn_design_GenericPartition_2_StreamingFIFO_rtl_111_0 |         39 |         31 |       0 |    8 |    19 |      0 |      0 |    0 |          0 |
|       inst                                                |                            GenericPartition_2_StreamingFIFO_rtl_111 |         39 |         31 |       0 |    8 |    19 |      0 |      0 |    0 |          0 |
|         impl                                              |                                               Q_srl__parameterized5 |         39 |         31 |       0 |    8 |    19 |      0 |      0 |    0 |          0 |
|     GenericPartition_2_StreamingFIFO_rtl_112              |              finn_design_GenericPartition_2_StreamingFIFO_rtl_112_0 |         24 |         24 |       0 |    0 |    45 |      0 |      0 |    0 |          0 |
|       inst                                                |                                                StreamingFIFO_rtl_81 |         24 |         24 |       0 |    0 |    45 |      0 |      0 |    0 |          0 |
|         impl                                              |                                           Q_srl__parameterized4_201 |         24 |         24 |       0 |    0 |    45 |      0 |      0 |    0 |          0 |
|     GenericPartition_2_StreamingFIFO_rtl_113              |              finn_design_GenericPartition_2_StreamingFIFO_rtl_113_0 |         16 |         16 |       0 |    0 |    25 |      0 |      0 |    0 |          0 |
|       inst                                                |                                                StreamingFIFO_rtl_82 |         16 |         16 |       0 |    0 |    25 |      0 |      0 |    0 |          0 |
|         impl                                              |                                                           Q_srl_200 |         16 |         16 |       0 |    0 |    25 |      0 |      0 |    0 |          0 |
|     GenericPartition_2_StreamingFIFO_rtl_114              |              finn_design_GenericPartition_2_StreamingFIFO_rtl_114_0 |         13 |         13 |       0 |    0 |    21 |      0 |      0 |    0 |          0 |
|       inst                                                |                                                StreamingFIFO_rtl_83 |         13 |         13 |       0 |    0 |    21 |      0 |      0 |    0 |          0 |
|         impl                                              |                                           Q_srl__parameterized0_199 |         13 |         13 |       0 |    0 |    21 |      0 |      0 |    0 |          0 |
|     GenericPartition_2_StreamingFIFO_rtl_115              |              finn_design_GenericPartition_2_StreamingFIFO_rtl_115_0 |         15 |         15 |       0 |    0 |    23 |      0 |      0 |    0 |          0 |
|       inst                                                |                                                StreamingFIFO_rtl_84 |         15 |         15 |       0 |    0 |    23 |      0 |      0 |    0 |          0 |
|         impl                                              |                                                           Q_srl_198 |         15 |         15 |       0 |    0 |    23 |      0 |      0 |    0 |          0 |
|     GenericPartition_2_StreamingFIFO_rtl_116              |              finn_design_GenericPartition_2_StreamingFIFO_rtl_116_0 |         14 |         14 |       0 |    0 |    21 |      0 |      0 |    0 |          0 |
|       inst                                                |                                                StreamingFIFO_rtl_85 |         14 |         14 |       0 |    0 |    21 |      0 |      0 |    0 |          0 |
|         impl                                              |                                           Q_srl__parameterized0_197 |         14 |         14 |       0 |    0 |    21 |      0 |      0 |    0 |          0 |
|     GenericPartition_2_StreamingFIFO_rtl_117              |              finn_design_GenericPartition_2_StreamingFIFO_rtl_117_0 |          9 |          9 |       0 |    0 |    13 |      0 |      0 |    0 |          0 |
|       inst                                                |                                                StreamingFIFO_rtl_86 |          9 |          9 |       0 |    0 |    13 |      0 |      0 |    0 |          0 |
|         impl                                              |                                           Q_srl__parameterized0_196 |          9 |          9 |       0 |    0 |    13 |      0 |      0 |    0 |          0 |
|     GenericPartition_2_StreamingFIFO_rtl_118              |              finn_design_GenericPartition_2_StreamingFIFO_rtl_118_0 |         10 |         10 |       0 |    0 |    13 |      0 |      0 |    0 |          0 |
|       inst                                                |                                                StreamingFIFO_rtl_87 |         10 |         10 |       0 |    0 |    13 |      0 |      0 |    0 |          0 |
|         impl                                              |                                           Q_srl__parameterized0_195 |         10 |         10 |       0 |    0 |    13 |      0 |      0 |    0 |          0 |
|     GenericPartition_2_StreamingFIFO_rtl_119              |              finn_design_GenericPartition_2_StreamingFIFO_rtl_119_0 |          9 |          9 |       0 |    0 |    13 |      0 |      0 |    0 |          0 |
|       inst                                                |                                                StreamingFIFO_rtl_88 |          9 |          9 |       0 |    0 |    13 |      0 |      0 |    0 |          0 |
|         impl                                              |                                           Q_srl__parameterized0_194 |          9 |          9 |       0 |    0 |    13 |      0 |      0 |    0 |          0 |
|     GenericPartition_2_StreamingFIFO_rtl_12               |                 GenericPartition_2_StreamingFIFO_rtl_12_imp_1CB7RMA |         80 |         80 |       0 |    0 |    79 |      8 |      0 |    0 |          0 |
|       fifo                                                |                                                  finn_design_fifo_6 |         80 |         80 |       0 |    0 |    79 |      8 |      0 |    0 |          0 |
|         inst                                              |                                axis_data_fifo_v2_0_9_top__xdcDup__2 |         80 |         80 |       0 |    0 |    79 |      8 |      0 |    0 |          0 |
|     GenericPartition_2_StreamingFIFO_rtl_120              |              finn_design_GenericPartition_2_StreamingFIFO_rtl_120_0 |         42 |         34 |       0 |    8 |    19 |      0 |      0 |    0 |          0 |
|       inst                                                |                                                StreamingFIFO_rtl_89 |         42 |         34 |       0 |    8 |    19 |      0 |      0 |    0 |          0 |
|         impl                                              |                                           Q_srl__parameterized6_187 |         42 |         34 |       0 |    8 |    19 |      0 |      0 |    0 |          0 |
|     GenericPartition_2_StreamingFIFO_rtl_121              |                 GenericPartition_2_StreamingFIFO_rtl_121_imp_YIMIM8 |         82 |         82 |       0 |    0 |    67 |      1 |      0 |    0 |          0 |
|       fifo                                                |                                                 finn_design_fifo_26 |         82 |         82 |       0 |    0 |    67 |      1 |      0 |    0 |          0 |
|         inst                                              |                axis_data_fifo_v2_0_9_top__parameterized3__xdcDup__1 |         82 |         82 |       0 |    0 |    67 |      1 |      0 |    0 |          0 |
|     GenericPartition_2_StreamingFIFO_rtl_122              |              finn_design_GenericPartition_2_StreamingFIFO_rtl_122_0 |         98 |         50 |       0 |   48 |    22 |      0 |      0 |    0 |          0 |
|       inst                                                |                            GenericPartition_2_StreamingFIFO_rtl_122 |         98 |         50 |       0 |   48 |    22 |      0 |      0 |    0 |          0 |
|         impl                                              |                                               Q_srl__parameterized7 |         98 |         50 |       0 |   48 |    22 |      0 |      0 |    0 |          0 |
|     GenericPartition_2_StreamingFIFO_rtl_123              |              finn_design_GenericPartition_2_StreamingFIFO_rtl_123_0 |         29 |         29 |       0 |    0 |    53 |      0 |      0 |    0 |          0 |
|       inst                                                |                                                StreamingFIFO_rtl_91 |         29 |         29 |       0 |    0 |    53 |      0 |      0 |    0 |          0 |
|         impl                                              |                                           Q_srl__parameterized4_180 |         29 |         29 |       0 |    0 |    53 |      0 |      0 |    0 |          0 |
|     GenericPartition_2_StreamingFIFO_rtl_124              |              finn_design_GenericPartition_2_StreamingFIFO_rtl_124_0 |         18 |         18 |       0 |    0 |    29 |      0 |      0 |    0 |          0 |
|       inst                                                |                                                StreamingFIFO_rtl_92 |         18 |         18 |       0 |    0 |    29 |      0 |      0 |    0 |          0 |
|         impl                                              |                                                           Q_srl_179 |         18 |         18 |       0 |    0 |    29 |      0 |      0 |    0 |          0 |
|     GenericPartition_2_StreamingFIFO_rtl_125              |              finn_design_GenericPartition_2_StreamingFIFO_rtl_125_0 |          9 |          9 |       0 |    0 |    13 |      0 |      0 |    0 |          0 |
|       inst                                                |                                                StreamingFIFO_rtl_93 |          9 |          9 |       0 |    0 |    13 |      0 |      0 |    0 |          0 |
|         impl                                              |                                           Q_srl__parameterized0_178 |          9 |          9 |       0 |    0 |    13 |      0 |      0 |    0 |          0 |
|     GenericPartition_2_StreamingFIFO_rtl_126              |              finn_design_GenericPartition_2_StreamingFIFO_rtl_126_0 |         72 |         48 |       0 |   24 |    21 |      0 |      0 |    0 |          0 |
|       inst                                                |                                                StreamingFIFO_rtl_94 |         72 |         48 |       0 |   24 |    21 |      0 |      0 |    0 |          0 |
|         impl                                              |                                           Q_srl__parameterized8_177 |         72 |         48 |       0 |   24 |    21 |      0 |      0 |    0 |          0 |
|     GenericPartition_2_StreamingFIFO_rtl_127              |                GenericPartition_2_StreamingFIFO_rtl_127_imp_14VVGGW |         71 |         71 |       0 |    0 |    59 |      0 |      1 |    0 |          0 |
|       fifo                                                |                                                 finn_design_fifo_27 |         71 |         71 |       0 |    0 |    59 |      0 |      1 |    0 |          0 |
|         inst                                              |                axis_data_fifo_v2_0_9_top__parameterized0__xdcDup__3 |         71 |         71 |       0 |    0 |    59 |      0 |      1 |    0 |          0 |
|     GenericPartition_2_StreamingFIFO_rtl_128              |              finn_design_GenericPartition_2_StreamingFIFO_rtl_128_0 |         13 |         13 |       0 |    0 |    21 |      0 |      0 |    0 |          0 |
|       inst                                                |                            GenericPartition_2_StreamingFIFO_rtl_128 |         13 |         13 |       0 |    0 |    21 |      0 |      0 |    0 |          0 |
|         impl                                              |                                           Q_srl__parameterized0_170 |         13 |         13 |       0 |    0 |    21 |      0 |      0 |    0 |          0 |
|     GenericPartition_2_StreamingFIFO_rtl_129              |              finn_design_GenericPartition_2_StreamingFIFO_rtl_129_0 |         13 |         13 |       0 |    0 |    21 |      0 |      0 |    0 |          0 |
|       inst                                                |                                                StreamingFIFO_rtl_96 |         13 |         13 |       0 |    0 |    21 |      0 |      0 |    0 |          0 |
|         impl                                              |                                           Q_srl__parameterized0_169 |         13 |         13 |       0 |    0 |    21 |      0 |      0 |    0 |          0 |
|     GenericPartition_2_StreamingFIFO_rtl_13               |               finn_design_GenericPartition_2_StreamingFIFO_rtl_13_0 |         17 |         17 |       0 |    0 |    27 |      0 |      0 |    0 |          0 |
|       inst                                                |                                                 StreamingFIFO_rtl_8 |         17 |         17 |       0 |    0 |    27 |      0 |      0 |    0 |          0 |
|         impl                                              |                                                           Q_srl_168 |         17 |         17 |       0 |    0 |    27 |      0 |      0 |    0 |          0 |
|     GenericPartition_2_StreamingFIFO_rtl_130              |              finn_design_GenericPartition_2_StreamingFIFO_rtl_130_0 |        254 |         62 |       0 |  192 |    38 |      0 |      0 |    0 |          0 |
|       inst                                                |                            GenericPartition_2_StreamingFIFO_rtl_130 |        254 |         62 |       0 |  192 |    38 |      0 |      0 |    0 |          0 |
|         impl                                              |                                           Q_srl__parameterized2_167 |        254 |         62 |       0 |  192 |    38 |      0 |      0 |    0 |          0 |
|     GenericPartition_2_StreamingFIFO_rtl_131              |              finn_design_GenericPartition_2_StreamingFIFO_rtl_131_0 |        207 |         87 |       0 |  120 |    38 |      0 |      0 |    0 |          0 |
|       inst                                                |                            GenericPartition_2_StreamingFIFO_rtl_131 |        207 |         87 |       0 |  120 |    38 |      0 |      0 |    0 |          0 |
|         impl                                              |                                           Q_srl__parameterized9_166 |        207 |         87 |       0 |  120 |    38 |      0 |      0 |    0 |          0 |
|     GenericPartition_2_StreamingFIFO_rtl_132              |              finn_design_GenericPartition_2_StreamingFIFO_rtl_132_0 |         29 |         29 |       0 |    0 |    53 |      0 |      0 |    0 |          0 |
|       inst                                                |                                                StreamingFIFO_rtl_98 |         29 |         29 |       0 |    0 |    53 |      0 |      0 |    0 |          0 |
|         impl                                              |                                           Q_srl__parameterized4_165 |         29 |         29 |       0 |    0 |    53 |      0 |      0 |    0 |          0 |
|     GenericPartition_2_StreamingFIFO_rtl_133              |              finn_design_GenericPartition_2_StreamingFIFO_rtl_133_0 |         18 |         18 |       0 |    0 |    29 |      0 |      0 |    0 |          0 |
|       inst                                                |                                                StreamingFIFO_rtl_99 |         18 |         18 |       0 |    0 |    29 |      0 |      0 |    0 |          0 |
|         impl                                              |                                                           Q_srl_164 |         18 |         18 |       0 |    0 |    29 |      0 |      0 |    0 |          0 |
|     GenericPartition_2_StreamingFIFO_rtl_134              |              finn_design_GenericPartition_2_StreamingFIFO_rtl_134_0 |          9 |          9 |       0 |    0 |    13 |      0 |      0 |    0 |          0 |
|       inst                                                |                                               StreamingFIFO_rtl_100 |          9 |          9 |       0 |    0 |    13 |      0 |      0 |    0 |          0 |
|         impl                                              |                                           Q_srl__parameterized0_163 |          9 |          9 |       0 |    0 |    13 |      0 |      0 |    0 |          0 |
|     GenericPartition_2_StreamingFIFO_rtl_135              |              finn_design_GenericPartition_2_StreamingFIFO_rtl_135_0 |         92 |         52 |       0 |   40 |    22 |      0 |      0 |    0 |          0 |
|       inst                                                |                                               StreamingFIFO_rtl_101 |         92 |         52 |       0 |   40 |    22 |      0 |      0 |    0 |          0 |
|         impl                                              |                                          Q_srl__parameterized10_162 |         92 |         52 |       0 |   40 |    22 |      0 |      0 |    0 |          0 |
|     GenericPartition_2_StreamingFIFO_rtl_136              |              finn_design_GenericPartition_2_StreamingFIFO_rtl_136_0 |         25 |         25 |       0 |    0 |    45 |      0 |      0 |    0 |          0 |
|       inst                                                |                                               StreamingFIFO_rtl_102 |         25 |         25 |       0 |    0 |    45 |      0 |      0 |    0 |          0 |
|         impl                                              |                                           Q_srl__parameterized4_161 |         25 |         25 |       0 |    0 |    45 |      0 |      0 |    0 |          0 |
|     GenericPartition_2_StreamingFIFO_rtl_137              |              finn_design_GenericPartition_2_StreamingFIFO_rtl_137_0 |         16 |         16 |       0 |    0 |    25 |      0 |      0 |    0 |          0 |
|       inst                                                |                                               StreamingFIFO_rtl_103 |         16 |         16 |       0 |    0 |    25 |      0 |      0 |    0 |          0 |
|         impl                                              |                                                           Q_srl_160 |         16 |         16 |       0 |    0 |    25 |      0 |      0 |    0 |          0 |
|     GenericPartition_2_StreamingFIFO_rtl_138              |              finn_design_GenericPartition_2_StreamingFIFO_rtl_138_0 |         13 |         13 |       0 |    0 |    21 |      0 |      0 |    0 |          0 |
|       inst                                                |                                               StreamingFIFO_rtl_104 |         13 |         13 |       0 |    0 |    21 |      0 |      0 |    0 |          0 |
|         impl                                              |                                           Q_srl__parameterized0_159 |         13 |         13 |       0 |    0 |    21 |      0 |      0 |    0 |          0 |
|     GenericPartition_2_StreamingFIFO_rtl_139              |              finn_design_GenericPartition_2_StreamingFIFO_rtl_139_0 |         14 |         14 |       0 |    0 |    23 |      0 |      0 |    0 |          0 |
|       inst                                                |                                               StreamingFIFO_rtl_105 |         14 |         14 |       0 |    0 |    23 |      0 |      0 |    0 |          0 |
|         impl                                              |                                                           Q_srl_158 |         14 |         14 |       0 |    0 |    23 |      0 |      0 |    0 |          0 |
|     GenericPartition_2_StreamingFIFO_rtl_14               |               finn_design_GenericPartition_2_StreamingFIFO_rtl_14_0 |          9 |          9 |       0 |    0 |    13 |      0 |      0 |    0 |          0 |
|       inst                                                |                                                 StreamingFIFO_rtl_9 |          9 |          9 |       0 |    0 |    13 |      0 |      0 |    0 |          0 |
|         impl                                              |                                           Q_srl__parameterized0_157 |          9 |          9 |       0 |    0 |    13 |      0 |      0 |    0 |          0 |
|     GenericPartition_2_StreamingFIFO_rtl_15               |               finn_design_GenericPartition_2_StreamingFIFO_rtl_15_0 |         72 |         48 |       0 |   24 |    21 |      0 |      0 |    0 |          0 |
|       inst                                                |                                                StreamingFIFO_rtl_10 |         72 |         48 |       0 |   24 |    21 |      0 |      0 |    0 |          0 |
|         impl                                              |                                               Q_srl__parameterized8 |         72 |         48 |       0 |   24 |    21 |      0 |      0 |    0 |          0 |
|     GenericPartition_2_StreamingFIFO_rtl_16               |                 GenericPartition_2_StreamingFIFO_rtl_16_imp_1C0ZIST |         72 |         72 |       0 |    0 |    59 |      0 |      1 |    0 |          0 |
|       fifo                                                |                                                  finn_design_fifo_7 |         72 |         72 |       0 |    0 |    59 |      0 |      1 |    0 |          0 |
|         inst                                              |                           axis_data_fifo_v2_0_9_top__parameterized0 |         72 |         72 |       0 |    0 |    59 |      0 |      1 |    0 |          0 |
|     GenericPartition_2_StreamingFIFO_rtl_17               |               finn_design_GenericPartition_2_StreamingFIFO_rtl_17_0 |         13 |         13 |       0 |    0 |    21 |      0 |      0 |    0 |          0 |
|       inst                                                |                             GenericPartition_2_StreamingFIFO_rtl_17 |         13 |         13 |       0 |    0 |    21 |      0 |      0 |    0 |          0 |
|         impl                                              |                                           Q_srl__parameterized0_150 |         13 |         13 |       0 |    0 |    21 |      0 |      0 |    0 |          0 |
|     GenericPartition_2_StreamingFIFO_rtl_18               |               finn_design_GenericPartition_2_StreamingFIFO_rtl_18_0 |         13 |         13 |       0 |    0 |    21 |      0 |      0 |    0 |          0 |
|       inst                                                |                                                StreamingFIFO_rtl_12 |         13 |         13 |       0 |    0 |    21 |      0 |      0 |    0 |          0 |
|         impl                                              |                                           Q_srl__parameterized0_149 |         13 |         13 |       0 |    0 |    21 |      0 |      0 |    0 |          0 |
|     GenericPartition_2_StreamingFIFO_rtl_19               |               finn_design_GenericPartition_2_StreamingFIFO_rtl_19_0 |        254 |         62 |       0 |  192 |    38 |      0 |      0 |    0 |          0 |
|       inst                                                |                             GenericPartition_2_StreamingFIFO_rtl_19 |        254 |         62 |       0 |  192 |    38 |      0 |      0 |    0 |          0 |
|         impl                                              |                                           Q_srl__parameterized2_148 |        254 |         62 |       0 |  192 |    38 |      0 |      0 |    0 |          0 |
|     GenericPartition_2_StreamingFIFO_rtl_2                |                finn_design_GenericPartition_2_StreamingFIFO_rtl_2_0 |          9 |          9 |       0 |    0 |    13 |      0 |      0 |    0 |          0 |
|       inst                                                |                                                 StreamingFIFO_rtl_2 |          9 |          9 |       0 |    0 |    13 |      0 |      0 |    0 |          0 |
|         impl                                              |                                           Q_srl__parameterized0_147 |          9 |          9 |       0 |    0 |    13 |      0 |      0 |    0 |          0 |
|     GenericPartition_2_StreamingFIFO_rtl_20               |               finn_design_GenericPartition_2_StreamingFIFO_rtl_20_0 |        207 |         87 |       0 |  120 |    38 |      0 |      0 |    0 |          0 |
|       inst                                                |                             GenericPartition_2_StreamingFIFO_rtl_20 |        207 |         87 |       0 |  120 |    38 |      0 |      0 |    0 |          0 |
|         impl                                              |                                               Q_srl__parameterized9 |        207 |         87 |       0 |  120 |    38 |      0 |      0 |    0 |          0 |
|     GenericPartition_2_StreamingFIFO_rtl_21               |               finn_design_GenericPartition_2_StreamingFIFO_rtl_21_0 |         29 |         29 |       0 |    0 |    53 |      0 |      0 |    0 |          0 |
|       inst                                                |                                                StreamingFIFO_rtl_14 |         29 |         29 |       0 |    0 |    53 |      0 |      0 |    0 |          0 |
|         impl                                              |                                           Q_srl__parameterized4_146 |         29 |         29 |       0 |    0 |    53 |      0 |      0 |    0 |          0 |
|     GenericPartition_2_StreamingFIFO_rtl_22               |               finn_design_GenericPartition_2_StreamingFIFO_rtl_22_0 |         18 |         18 |       0 |    0 |    29 |      0 |      0 |    0 |          0 |
|       inst                                                |                                                StreamingFIFO_rtl_15 |         18 |         18 |       0 |    0 |    29 |      0 |      0 |    0 |          0 |
|         impl                                              |                                                           Q_srl_145 |         18 |         18 |       0 |    0 |    29 |      0 |      0 |    0 |          0 |
|     GenericPartition_2_StreamingFIFO_rtl_23               |               finn_design_GenericPartition_2_StreamingFIFO_rtl_23_0 |          9 |          9 |       0 |    0 |    13 |      0 |      0 |    0 |          0 |
|       inst                                                |                                                StreamingFIFO_rtl_16 |          9 |          9 |       0 |    0 |    13 |      0 |      0 |    0 |          0 |
|         impl                                              |                                           Q_srl__parameterized0_144 |          9 |          9 |       0 |    0 |    13 |      0 |      0 |    0 |          0 |
|     GenericPartition_2_StreamingFIFO_rtl_24               |               finn_design_GenericPartition_2_StreamingFIFO_rtl_24_0 |         92 |         52 |       0 |   40 |    22 |      0 |      0 |    0 |          0 |
|       inst                                                |                                                StreamingFIFO_rtl_17 |         92 |         52 |       0 |   40 |    22 |      0 |      0 |    0 |          0 |
|         impl                                              |                                              Q_srl__parameterized10 |         92 |         52 |       0 |   40 |    22 |      0 |      0 |    0 |          0 |
|     GenericPartition_2_StreamingFIFO_rtl_25               |               finn_design_GenericPartition_2_StreamingFIFO_rtl_25_0 |         25 |         25 |       0 |    0 |    45 |      0 |      0 |    0 |          0 |
|       inst                                                |                                                StreamingFIFO_rtl_18 |         25 |         25 |       0 |    0 |    45 |      0 |      0 |    0 |          0 |
|         impl                                              |                                           Q_srl__parameterized4_143 |         25 |         25 |       0 |    0 |    45 |      0 |      0 |    0 |          0 |
|     GenericPartition_2_StreamingFIFO_rtl_26               |               finn_design_GenericPartition_2_StreamingFIFO_rtl_26_0 |         16 |         16 |       0 |    0 |    25 |      0 |      0 |    0 |          0 |
|       inst                                                |                                                StreamingFIFO_rtl_19 |         16 |         16 |       0 |    0 |    25 |      0 |      0 |    0 |          0 |
|         impl                                              |                                                           Q_srl_142 |         16 |         16 |       0 |    0 |    25 |      0 |      0 |    0 |          0 |
|     GenericPartition_2_StreamingFIFO_rtl_27               |               finn_design_GenericPartition_2_StreamingFIFO_rtl_27_0 |         13 |         13 |       0 |    0 |    21 |      0 |      0 |    0 |          0 |
|       inst                                                |                                                StreamingFIFO_rtl_20 |         13 |         13 |       0 |    0 |    21 |      0 |      0 |    0 |          0 |
|         impl                                              |                                           Q_srl__parameterized0_141 |         13 |         13 |       0 |    0 |    21 |      0 |      0 |    0 |          0 |
|     GenericPartition_2_StreamingFIFO_rtl_28               |               finn_design_GenericPartition_2_StreamingFIFO_rtl_28_0 |         15 |         15 |       0 |    0 |    23 |      0 |      0 |    0 |          0 |
|       inst                                                |                                                StreamingFIFO_rtl_21 |         15 |         15 |       0 |    0 |    23 |      0 |      0 |    0 |          0 |
|         impl                                              |                                                           Q_srl_140 |         15 |         15 |       0 |    0 |    23 |      0 |      0 |    0 |          0 |
|     GenericPartition_2_StreamingFIFO_rtl_29               |               finn_design_GenericPartition_2_StreamingFIFO_rtl_29_0 |         14 |         14 |       0 |    0 |    21 |      0 |      0 |    0 |          0 |
|       inst                                                |                                                StreamingFIFO_rtl_22 |         14 |         14 |       0 |    0 |    21 |      0 |      0 |    0 |          0 |
|         impl                                              |                                           Q_srl__parameterized0_139 |         14 |         14 |       0 |    0 |    21 |      0 |      0 |    0 |          0 |
|     GenericPartition_2_StreamingFIFO_rtl_3                |                  GenericPartition_2_StreamingFIFO_rtl_3_imp_1CN79YI |         84 |         84 |       0 |    0 |    67 |      0 |      1 |    0 |          0 |
|       fifo                                                |                                                  finn_design_fifo_0 |         84 |         84 |       0 |    0 |    67 |      0 |      1 |    0 |          0 |
|         inst                                              |                axis_data_fifo_v2_0_9_top__parameterized3__xdcDup__2 |         84 |         84 |       0 |    0 |    67 |      0 |      1 |    0 |          0 |
|     GenericPartition_2_StreamingFIFO_rtl_30               |               finn_design_GenericPartition_2_StreamingFIFO_rtl_30_0 |          9 |          9 |       0 |    0 |    13 |      0 |      0 |    0 |          0 |
|       inst                                                |                                                StreamingFIFO_rtl_23 |          9 |          9 |       0 |    0 |    13 |      0 |      0 |    0 |          0 |
|         impl                                              |                                           Q_srl__parameterized0_132 |          9 |          9 |       0 |    0 |    13 |      0 |      0 |    0 |          0 |
|     GenericPartition_2_StreamingFIFO_rtl_31               |               finn_design_GenericPartition_2_StreamingFIFO_rtl_31_0 |         10 |         10 |       0 |    0 |    13 |      0 |      0 |    0 |          0 |
|       inst                                                |                                                StreamingFIFO_rtl_24 |         10 |         10 |       0 |    0 |    13 |      0 |      0 |    0 |          0 |
|         impl                                              |                                           Q_srl__parameterized0_131 |         10 |         10 |       0 |    0 |    13 |      0 |      0 |    0 |          0 |
|     GenericPartition_2_StreamingFIFO_rtl_32               |               finn_design_GenericPartition_2_StreamingFIFO_rtl_32_0 |          9 |          9 |       0 |    0 |    13 |      0 |      0 |    0 |          0 |
|       inst                                                |                                                StreamingFIFO_rtl_25 |          9 |          9 |       0 |    0 |    13 |      0 |      0 |    0 |          0 |
|         impl                                              |                                           Q_srl__parameterized0_130 |          9 |          9 |       0 |    0 |    13 |      0 |      0 |    0 |          0 |
|     GenericPartition_2_StreamingFIFO_rtl_33               |               finn_design_GenericPartition_2_StreamingFIFO_rtl_33_0 |         41 |         33 |       0 |    8 |    19 |      0 |      0 |    0 |          0 |
|       inst                                                |                                                StreamingFIFO_rtl_26 |         41 |         33 |       0 |    8 |    19 |      0 |      0 |    0 |          0 |
|         impl                                              |                                           Q_srl__parameterized6_129 |         41 |         33 |       0 |    8 |    19 |      0 |      0 |    0 |          0 |
|     GenericPartition_2_StreamingFIFO_rtl_34               |                  GenericPartition_2_StreamingFIFO_rtl_34_imp_9AL6IH |         94 |         94 |       0 |    0 |    71 |      2 |      0 |    0 |          0 |
|       fifo                                                |                                                  finn_design_fifo_8 |         94 |         94 |       0 |    0 |    71 |      2 |      0 |    0 |          0 |
|         inst                                              |                axis_data_fifo_v2_0_9_top__parameterized4__xdcDup__1 |         94 |         94 |       0 |    0 |    71 |      2 |      0 |    0 |          0 |
|     GenericPartition_2_StreamingFIFO_rtl_35               |               finn_design_GenericPartition_2_StreamingFIFO_rtl_35_0 |        106 |         42 |       0 |   64 |    22 |      0 |      0 |    0 |          0 |
|       inst                                                |                             GenericPartition_2_StreamingFIFO_rtl_35 |        106 |         42 |       0 |   64 |    22 |      0 |      0 |    0 |          0 |
|         impl                                              |                                              Q_srl__parameterized11 |        106 |         42 |       0 |   64 |    22 |      0 |      0 |    0 |          0 |
|     GenericPartition_2_StreamingFIFO_rtl_36               |               finn_design_GenericPartition_2_StreamingFIFO_rtl_36_0 |         29 |         29 |       0 |    0 |    53 |      0 |      0 |    0 |          0 |
|       inst                                                |                                                StreamingFIFO_rtl_28 |         29 |         29 |       0 |    0 |    53 |      0 |      0 |    0 |          0 |
|         impl                                              |                                           Q_srl__parameterized4_122 |         29 |         29 |       0 |    0 |    53 |      0 |      0 |    0 |          0 |
|     GenericPartition_2_StreamingFIFO_rtl_37               |               finn_design_GenericPartition_2_StreamingFIFO_rtl_37_0 |         18 |         18 |       0 |    0 |    29 |      0 |      0 |    0 |          0 |
|       inst                                                |                                                StreamingFIFO_rtl_29 |         18 |         18 |       0 |    0 |    29 |      0 |      0 |    0 |          0 |
|         impl                                              |                                                           Q_srl_121 |         18 |         18 |       0 |    0 |    29 |      0 |      0 |    0 |          0 |
|     GenericPartition_2_StreamingFIFO_rtl_38               |               finn_design_GenericPartition_2_StreamingFIFO_rtl_38_0 |          9 |          9 |       0 |    0 |    13 |      0 |      0 |    0 |          0 |
|       inst                                                |                                                StreamingFIFO_rtl_30 |          9 |          9 |       0 |    0 |    13 |      0 |      0 |    0 |          0 |
|         impl                                              |                                           Q_srl__parameterized0_120 |          9 |          9 |       0 |    0 |    13 |      0 |      0 |    0 |          0 |
|     GenericPartition_2_StreamingFIFO_rtl_39               |               finn_design_GenericPartition_2_StreamingFIFO_rtl_39_0 |         93 |         53 |       0 |   40 |    22 |      0 |      0 |    0 |          0 |
|       inst                                                |                                                StreamingFIFO_rtl_31 |         93 |         53 |       0 |   40 |    22 |      0 |      0 |    0 |          0 |
|         impl                                              |                                              Q_srl__parameterized12 |         93 |         53 |       0 |   40 |    22 |      0 |      0 |    0 |          0 |
|     GenericPartition_2_StreamingFIFO_rtl_4                |                finn_design_GenericPartition_2_StreamingFIFO_rtl_4_0 |          9 |          9 |       0 |    0 |    13 |      0 |      0 |    0 |          0 |
|       inst                                                |                                                 StreamingFIFO_rtl_4 |          9 |          9 |       0 |    0 |    13 |      0 |      0 |    0 |          0 |
|         impl                                              |                                           Q_srl__parameterized0_119 |          9 |          9 |       0 |    0 |    13 |      0 |      0 |    0 |          0 |
|     GenericPartition_2_StreamingFIFO_rtl_40               |                  GenericPartition_2_StreamingFIFO_rtl_40_imp_QDBN6M |         80 |         80 |       0 |    0 |    63 |      0 |      1 |    0 |          0 |
|       fifo                                                |                                                  finn_design_fifo_9 |         80 |         80 |       0 |    0 |    63 |      0 |      1 |    0 |          0 |
|         inst                                              |                axis_data_fifo_v2_0_9_top__parameterized5__xdcDup__1 |         80 |         80 |       0 |    0 |    63 |      0 |      1 |    0 |          0 |
|     GenericPartition_2_StreamingFIFO_rtl_41               |               finn_design_GenericPartition_2_StreamingFIFO_rtl_41_0 |         73 |         49 |       0 |   24 |    56 |      0 |      0 |    0 |          0 |
|       inst                                                |                             GenericPartition_2_StreamingFIFO_rtl_41 |         73 |         49 |       0 |   24 |    56 |      0 |      0 |    0 |          0 |
|         impl                                              |                                              Q_srl__parameterized13 |         73 |         49 |       0 |   24 |    56 |      0 |      0 |    0 |          0 |
|     GenericPartition_2_StreamingFIFO_rtl_42               |               finn_design_GenericPartition_2_StreamingFIFO_rtl_42_0 |         13 |         13 |       0 |    0 |    21 |      0 |      0 |    0 |          0 |
|       inst                                                |                                                StreamingFIFO_rtl_33 |         13 |         13 |       0 |    0 |    21 |      0 |      0 |    0 |          0 |
|         impl                                              |                                           Q_srl__parameterized0_112 |         13 |         13 |       0 |    0 |    21 |      0 |      0 |    0 |          0 |
|     GenericPartition_2_StreamingFIFO_rtl_43               |                  GenericPartition_2_StreamingFIFO_rtl_43_imp_B9CS1A |         68 |         68 |       0 |    0 |    55 |      0 |      1 |    0 |          0 |
|       fifo                                                |                                                 finn_design_fifo_10 |         68 |         68 |       0 |    0 |    55 |      0 |      1 |    0 |          0 |
|         inst                                              |                axis_data_fifo_v2_0_9_top__parameterized2__xdcDup__2 |         68 |         68 |       0 |    0 |    55 |      0 |      1 |    0 |          0 |
|     GenericPartition_2_StreamingFIFO_rtl_44               |               finn_design_GenericPartition_2_StreamingFIFO_rtl_44_0 |        258 |         66 |       0 |  192 |    42 |      0 |      0 |    0 |          0 |
|       inst                                                |                             GenericPartition_2_StreamingFIFO_rtl_44 |        258 |         66 |       0 |  192 |    42 |      0 |      0 |    0 |          0 |
|         impl                                              |                                               Q_srl__parameterized2 |        258 |         66 |       0 |  192 |    42 |      0 |      0 |    0 |          0 |
|     GenericPartition_2_StreamingFIFO_rtl_45               |               finn_design_GenericPartition_2_StreamingFIFO_rtl_45_0 |         60 |         44 |       0 |   16 |    34 |      0 |      0 |    0 |          0 |
|       inst                                                |                             GenericPartition_2_StreamingFIFO_rtl_45 |         60 |         44 |       0 |   16 |    34 |      0 |      0 |    0 |          0 |
|         impl                                              |                                              Q_srl__parameterized14 |         60 |         44 |       0 |   16 |    34 |      0 |      0 |    0 |          0 |
|     GenericPartition_2_StreamingFIFO_rtl_46               |               finn_design_GenericPartition_2_StreamingFIFO_rtl_46_0 |         27 |         27 |       0 |    0 |    49 |      0 |      0 |    0 |          0 |
|       inst                                                |                                                StreamingFIFO_rtl_35 |         27 |         27 |       0 |    0 |    49 |      0 |      0 |    0 |          0 |
|         impl                                              |                                           Q_srl__parameterized4_105 |         27 |         27 |       0 |    0 |    49 |      0 |      0 |    0 |          0 |
|     GenericPartition_2_StreamingFIFO_rtl_47               |               finn_design_GenericPartition_2_StreamingFIFO_rtl_47_0 |         17 |         17 |       0 |    0 |    27 |      0 |      0 |    0 |          0 |
|       inst                                                |                                                StreamingFIFO_rtl_36 |         17 |         17 |       0 |    0 |    27 |      0 |      0 |    0 |          0 |
|         impl                                              |                                                           Q_srl_104 |         17 |         17 |       0 |    0 |    27 |      0 |      0 |    0 |          0 |
|     GenericPartition_2_StreamingFIFO_rtl_48               |               finn_design_GenericPartition_2_StreamingFIFO_rtl_48_0 |          9 |          9 |       0 |    0 |    13 |      0 |      0 |    0 |          0 |
|       inst                                                |                                                StreamingFIFO_rtl_37 |          9 |          9 |       0 |    0 |    13 |      0 |      0 |    0 |          0 |
|         impl                                              |                                           Q_srl__parameterized0_103 |          9 |          9 |       0 |    0 |    13 |      0 |      0 |    0 |          0 |
|     GenericPartition_2_StreamingFIFO_rtl_49               |               finn_design_GenericPartition_2_StreamingFIFO_rtl_49_0 |        110 |         46 |       0 |   64 |    22 |      0 |      0 |    0 |          0 |
|       inst                                                |                             GenericPartition_2_StreamingFIFO_rtl_49 |        110 |         46 |       0 |   64 |    22 |      0 |      0 |    0 |          0 |
|         impl                                              |                                          Q_srl__parameterized15_102 |        110 |         46 |       0 |   64 |    22 |      0 |      0 |    0 |          0 |
|     GenericPartition_2_StreamingFIFO_rtl_5                |                finn_design_GenericPartition_2_StreamingFIFO_rtl_5_0 |         64 |         44 |       0 |   20 |    18 |      0 |      0 |    0 |          0 |
|       inst                                                |                              GenericPartition_2_StreamingFIFO_rtl_5 |         64 |         44 |       0 |   20 |    18 |      0 |      0 |    0 |          0 |
|         impl                                              |                                              Q_srl__parameterized16 |         64 |         44 |       0 |   20 |    18 |      0 |      0 |    0 |          0 |
|     GenericPartition_2_StreamingFIFO_rtl_50               |               finn_design_GenericPartition_2_StreamingFIFO_rtl_50_0 |         35 |         27 |       0 |    8 |    17 |      0 |      0 |    0 |          0 |
|       inst                                                |                             GenericPartition_2_StreamingFIFO_rtl_50 |         35 |         27 |       0 |    8 |    17 |      0 |      0 |    0 |          0 |
|         impl                                              |                                          Q_srl__parameterized17_101 |         35 |         27 |       0 |    8 |    17 |      0 |      0 |    0 |          0 |
|     GenericPartition_2_StreamingFIFO_rtl_51               |               finn_design_GenericPartition_2_StreamingFIFO_rtl_51_0 |         25 |         25 |       0 |    0 |    45 |      0 |      0 |    0 |          0 |
|       inst                                                |                                                StreamingFIFO_rtl_39 |         25 |         25 |       0 |    0 |    45 |      0 |      0 |    0 |          0 |
|         impl                                              |                                           Q_srl__parameterized4_100 |         25 |         25 |       0 |    0 |    45 |      0 |      0 |    0 |          0 |
|     GenericPartition_2_StreamingFIFO_rtl_52               |               finn_design_GenericPartition_2_StreamingFIFO_rtl_52_0 |         16 |         16 |       0 |    0 |    25 |      0 |      0 |    0 |          0 |
|       inst                                                |                                                StreamingFIFO_rtl_40 |         16 |         16 |       0 |    0 |    25 |      0 |      0 |    0 |          0 |
|         impl                                              |                                                            Q_srl_99 |         16 |         16 |       0 |    0 |    25 |      0 |      0 |    0 |          0 |
|     GenericPartition_2_StreamingFIFO_rtl_53               |               finn_design_GenericPartition_2_StreamingFIFO_rtl_53_0 |         13 |         13 |       0 |    0 |    21 |      0 |      0 |    0 |          0 |
|       inst                                                |                                                StreamingFIFO_rtl_41 |         13 |         13 |       0 |    0 |    21 |      0 |      0 |    0 |          0 |
|         impl                                              |                                            Q_srl__parameterized0_98 |         13 |         13 |       0 |    0 |    21 |      0 |      0 |    0 |          0 |
|     GenericPartition_2_StreamingFIFO_rtl_54               |               finn_design_GenericPartition_2_StreamingFIFO_rtl_54_0 |         15 |         15 |       0 |    0 |    23 |      0 |      0 |    0 |          0 |
|       inst                                                |                                                StreamingFIFO_rtl_42 |         15 |         15 |       0 |    0 |    23 |      0 |      0 |    0 |          0 |
|         impl                                              |                                                            Q_srl_97 |         15 |         15 |       0 |    0 |    23 |      0 |      0 |    0 |          0 |
|     GenericPartition_2_StreamingFIFO_rtl_55               |               finn_design_GenericPartition_2_StreamingFIFO_rtl_55_0 |         14 |         14 |       0 |    0 |    21 |      0 |      0 |    0 |          0 |
|       inst                                                |                                                StreamingFIFO_rtl_43 |         14 |         14 |       0 |    0 |    21 |      0 |      0 |    0 |          0 |
|         impl                                              |                                            Q_srl__parameterized0_96 |         14 |         14 |       0 |    0 |    21 |      0 |      0 |    0 |          0 |
|     GenericPartition_2_StreamingFIFO_rtl_56               |               finn_design_GenericPartition_2_StreamingFIFO_rtl_56_0 |          9 |          9 |       0 |    0 |    13 |      0 |      0 |    0 |          0 |
|       inst                                                |                                                StreamingFIFO_rtl_44 |          9 |          9 |       0 |    0 |    13 |      0 |      0 |    0 |          0 |
|         impl                                              |                                            Q_srl__parameterized0_95 |          9 |          9 |       0 |    0 |    13 |      0 |      0 |    0 |          0 |
|     GenericPartition_2_StreamingFIFO_rtl_57               |               finn_design_GenericPartition_2_StreamingFIFO_rtl_57_0 |         10 |         10 |       0 |    0 |    13 |      0 |      0 |    0 |          0 |
|       inst                                                |                                                StreamingFIFO_rtl_45 |         10 |         10 |       0 |    0 |    13 |      0 |      0 |    0 |          0 |
|         impl                                              |                                            Q_srl__parameterized0_94 |         10 |         10 |       0 |    0 |    13 |      0 |      0 |    0 |          0 |
|     GenericPartition_2_StreamingFIFO_rtl_58               |               finn_design_GenericPartition_2_StreamingFIFO_rtl_58_0 |          9 |          9 |       0 |    0 |    13 |      0 |      0 |    0 |          0 |
|       inst                                                |                                                StreamingFIFO_rtl_46 |          9 |          9 |       0 |    0 |    13 |      0 |      0 |    0 |          0 |
|         impl                                              |                                            Q_srl__parameterized0_93 |          9 |          9 |       0 |    0 |    13 |      0 |      0 |    0 |          0 |
|     GenericPartition_2_StreamingFIFO_rtl_59               |               finn_design_GenericPartition_2_StreamingFIFO_rtl_59_0 |         41 |         33 |       0 |    8 |    19 |      0 |      0 |    0 |          0 |
|       inst                                                |                                                StreamingFIFO_rtl_47 |         41 |         33 |       0 |    8 |    19 |      0 |      0 |    0 |          0 |
|         impl                                              |                                            Q_srl__parameterized6_92 |         41 |         33 |       0 |    8 |    19 |      0 |      0 |    0 |          0 |
|     GenericPartition_2_StreamingFIFO_rtl_6                |                   GenericPartition_2_StreamingFIFO_rtl_6_imp_FITP2Y |         82 |         82 |       0 |    0 |    79 |      8 |      0 |    0 |          0 |
|       fifo                                                |                                                  finn_design_fifo_1 |         82 |         82 |       0 |    0 |    79 |      8 |      0 |    0 |          0 |
|         inst                                              |                                axis_data_fifo_v2_0_9_top__xdcDup__3 |         82 |         82 |       0 |    0 |    79 |      8 |      0 |    0 |          0 |
|     GenericPartition_2_StreamingFIFO_rtl_60               |                  GenericPartition_2_StreamingFIFO_rtl_60_imp_HKO5LH |        102 |        102 |       0 |    0 |    75 |      4 |      0 |    0 |          0 |
|       fifo                                                |                                                 finn_design_fifo_11 |        102 |        102 |       0 |    0 |    75 |      4 |      0 |    0 |          0 |
|         inst                                              |                           axis_data_fifo_v2_0_9_top__parameterized6 |        102 |        102 |       0 |    0 |    75 |      4 |      0 |    0 |          0 |
|     GenericPartition_2_StreamingFIFO_rtl_61               |               finn_design_GenericPartition_2_StreamingFIFO_rtl_61_0 |        109 |         45 |       0 |   64 |    22 |      0 |      0 |    0 |          0 |
|       inst                                                |                             GenericPartition_2_StreamingFIFO_rtl_61 |        109 |         45 |       0 |   64 |    22 |      0 |      0 |    0 |          0 |
|         impl                                              |                                           Q_srl__parameterized15_81 |        109 |         45 |       0 |   64 |    22 |      0 |      0 |    0 |          0 |
|     GenericPartition_2_StreamingFIFO_rtl_62               |               finn_design_GenericPartition_2_StreamingFIFO_rtl_62_0 |         71 |         39 |       0 |   32 |    21 |      0 |      0 |    0 |          0 |
|       inst                                                |                             GenericPartition_2_StreamingFIFO_rtl_62 |         71 |         39 |       0 |   32 |    21 |      0 |      0 |    0 |          0 |
|         impl                                              |                                           Q_srl__parameterized18_80 |         71 |         39 |       0 |   32 |    21 |      0 |      0 |    0 |          0 |
|     GenericPartition_2_StreamingFIFO_rtl_63               |               finn_design_GenericPartition_2_StreamingFIFO_rtl_63_0 |         29 |         29 |       0 |    0 |    53 |      0 |      0 |    0 |          0 |
|       inst                                                |                                                StreamingFIFO_rtl_49 |         29 |         29 |       0 |    0 |    53 |      0 |      0 |    0 |          0 |
|         impl                                              |                                            Q_srl__parameterized4_79 |         29 |         29 |       0 |    0 |    53 |      0 |      0 |    0 |          0 |
|     GenericPartition_2_StreamingFIFO_rtl_64               |               finn_design_GenericPartition_2_StreamingFIFO_rtl_64_0 |         18 |         18 |       0 |    0 |    29 |      0 |      0 |    0 |          0 |
|       inst                                                |                                                StreamingFIFO_rtl_50 |         18 |         18 |       0 |    0 |    29 |      0 |      0 |    0 |          0 |
|         impl                                              |                                                            Q_srl_78 |         18 |         18 |       0 |    0 |    29 |      0 |      0 |    0 |          0 |
|     GenericPartition_2_StreamingFIFO_rtl_65               |               finn_design_GenericPartition_2_StreamingFIFO_rtl_65_0 |          9 |          9 |       0 |    0 |    13 |      0 |      0 |    0 |          0 |
|       inst                                                |                                                StreamingFIFO_rtl_51 |          9 |          9 |       0 |    0 |    13 |      0 |      0 |    0 |          0 |
|         impl                                              |                                            Q_srl__parameterized0_77 |          9 |          9 |       0 |    0 |    13 |      0 |      0 |    0 |          0 |
|     GenericPartition_2_StreamingFIFO_rtl_66               |               finn_design_GenericPartition_2_StreamingFIFO_rtl_66_0 |        110 |         46 |       0 |   64 |    22 |      0 |      0 |    0 |          0 |
|       inst                                                |                             GenericPartition_2_StreamingFIFO_rtl_66 |        110 |         46 |       0 |   64 |    22 |      0 |      0 |    0 |          0 |
|         impl                                              |                                           Q_srl__parameterized15_76 |        110 |         46 |       0 |   64 |    22 |      0 |      0 |    0 |          0 |
|     GenericPartition_2_StreamingFIFO_rtl_67               |               finn_design_GenericPartition_2_StreamingFIFO_rtl_67_0 |         72 |         48 |       0 |   24 |    21 |      0 |      0 |    0 |          0 |
|       inst                                                |                             GenericPartition_2_StreamingFIFO_rtl_67 |         72 |         48 |       0 |   24 |    21 |      0 |      0 |    0 |          0 |
|         impl                                              |                                              Q_srl__parameterized19 |         72 |         48 |       0 |   24 |    21 |      0 |      0 |    0 |          0 |
|     GenericPartition_2_StreamingFIFO_rtl_68               |                  GenericPartition_2_StreamingFIFO_rtl_68_imp_FWWHIJ |         85 |         85 |       0 |    0 |    67 |      1 |      0 |    0 |          0 |
|       fifo                                                |                                                 finn_design_fifo_12 |         85 |         85 |       0 |    0 |    67 |      1 |      0 |    0 |          0 |
|         inst                                              |                           axis_data_fifo_v2_0_9_top__parameterized3 |         85 |         85 |       0 |    0 |    67 |      1 |      0 |    0 |          0 |
|     GenericPartition_2_StreamingFIFO_rtl_69               |                 GenericPartition_2_StreamingFIFO_rtl_69_imp_19857ES |         68 |         68 |       0 |    0 |    55 |      0 |      1 |    0 |          0 |
|       fifo                                                |                                                 finn_design_fifo_13 |         68 |         68 |       0 |    0 |    55 |      0 |      1 |    0 |          0 |
|         inst                                              |                axis_data_fifo_v2_0_9_top__parameterized7__xdcDup__1 |         68 |         68 |       0 |    0 |    55 |      0 |      1 |    0 |          0 |
|     GenericPartition_2_StreamingFIFO_rtl_7                |                  GenericPartition_2_StreamingFIFO_rtl_7_imp_1BTGVV9 |         81 |         81 |       0 |    0 |    79 |      8 |      0 |    0 |          0 |
|       fifo                                                |                                                  finn_design_fifo_2 |         81 |         81 |       0 |    0 |    79 |      8 |      0 |    0 |          0 |
|         inst                                              |                                axis_data_fifo_v2_0_9_top__xdcDup__4 |         81 |         81 |       0 |    0 |    79 |      8 |      0 |    0 |          0 |
|     GenericPartition_2_StreamingFIFO_rtl_70               |               finn_design_GenericPartition_2_StreamingFIFO_rtl_70_0 |        101 |         53 |       0 |   48 |    52 |      0 |      0 |    0 |          0 |
|       inst                                                |                             GenericPartition_2_StreamingFIFO_rtl_70 |        101 |         53 |       0 |   48 |    52 |      0 |      0 |    0 |          0 |
|         impl                                              |                                              Q_srl__parameterized20 |        101 |         53 |       0 |   48 |    52 |      0 |      0 |    0 |          0 |
|     GenericPartition_2_StreamingFIFO_rtl_71               |               finn_design_GenericPartition_2_StreamingFIFO_rtl_71_0 |         13 |         13 |       0 |    0 |    21 |      0 |      0 |    0 |          0 |
|       inst                                                |                                                StreamingFIFO_rtl_54 |         13 |         13 |       0 |    0 |    21 |      0 |      0 |    0 |          0 |
|         impl                                              |                                            Q_srl__parameterized0_59 |         13 |         13 |       0 |    0 |    21 |      0 |      0 |    0 |          0 |
|     GenericPartition_2_StreamingFIFO_rtl_72               |                  GenericPartition_2_StreamingFIFO_rtl_72_imp_45O6RZ |         72 |         72 |       0 |    0 |    59 |      1 |      0 |    0 |          0 |
|       fifo                                                |                                                 finn_design_fifo_14 |         72 |         72 |       0 |    0 |    59 |      1 |      0 |    0 |          0 |
|         inst                                              |                           axis_data_fifo_v2_0_9_top__parameterized8 |         72 |         72 |       0 |    0 |    59 |      1 |      0 |    0 |          0 |
|     GenericPartition_2_StreamingFIFO_rtl_73               |                 GenericPartition_2_StreamingFIFO_rtl_73_imp_15G0F8G |         68 |         68 |       0 |    0 |    55 |      0 |      1 |    0 |          0 |
|       fifo                                                |                                                 finn_design_fifo_15 |         68 |         68 |       0 |    0 |    55 |      0 |      1 |    0 |          0 |
|         inst                                              |                           axis_data_fifo_v2_0_9_top__parameterized2 |         68 |         68 |       0 |    0 |    55 |      0 |      1 |    0 |          0 |
|     GenericPartition_2_StreamingFIFO_rtl_74               |               finn_design_GenericPartition_2_StreamingFIFO_rtl_74_0 |         69 |         45 |       0 |   24 |    35 |      0 |      0 |    0 |          0 |
|       inst                                                |                             GenericPartition_2_StreamingFIFO_rtl_74 |         69 |         45 |       0 |   24 |    35 |      0 |      0 |    0 |          0 |
|         impl                                              |                                              Q_srl__parameterized21 |         69 |         45 |       0 |   24 |    35 |      0 |      0 |    0 |          0 |
|     GenericPartition_2_StreamingFIFO_rtl_75               |               finn_design_GenericPartition_2_StreamingFIFO_rtl_75_0 |         29 |         29 |       0 |    0 |    53 |      0 |      0 |    0 |          0 |
|       inst                                                |                                                StreamingFIFO_rtl_56 |         29 |         29 |       0 |    0 |    53 |      0 |      0 |    0 |          0 |
|         impl                                              |                                            Q_srl__parameterized4_48 |         29 |         29 |       0 |    0 |    53 |      0 |      0 |    0 |          0 |
|     GenericPartition_2_StreamingFIFO_rtl_76               |               finn_design_GenericPartition_2_StreamingFIFO_rtl_76_0 |         18 |         18 |       0 |    0 |    29 |      0 |      0 |    0 |          0 |
|       inst                                                |                                                StreamingFIFO_rtl_57 |         18 |         18 |       0 |    0 |    29 |      0 |      0 |    0 |          0 |
|         impl                                              |                                                            Q_srl_47 |         18 |         18 |       0 |    0 |    29 |      0 |      0 |    0 |          0 |
|     GenericPartition_2_StreamingFIFO_rtl_77               |               finn_design_GenericPartition_2_StreamingFIFO_rtl_77_0 |          9 |          9 |       0 |    0 |    13 |      0 |      0 |    0 |          0 |
|       inst                                                |                                                StreamingFIFO_rtl_58 |          9 |          9 |       0 |    0 |    13 |      0 |      0 |    0 |          0 |
|         impl                                              |                                            Q_srl__parameterized0_46 |          9 |          9 |       0 |    0 |    13 |      0 |      0 |    0 |          0 |
|     GenericPartition_2_StreamingFIFO_rtl_78               |                 GenericPartition_2_StreamingFIFO_rtl_78_imp_1RHE04U |         68 |         68 |       0 |    0 |    55 |      0 |      1 |    0 |          0 |
|       fifo                                                |                                                 finn_design_fifo_16 |         68 |         68 |       0 |    0 |    55 |      0 |      1 |    0 |          0 |
|         inst                                              |                axis_data_fifo_v2_0_9_top__parameterized7__xdcDup__2 |         68 |         68 |       0 |    0 |    55 |      0 |      1 |    0 |          0 |
|     GenericPartition_2_StreamingFIFO_rtl_79               |               finn_design_GenericPartition_2_StreamingFIFO_rtl_79_0 |         35 |         27 |       0 |    8 |    18 |      0 |      0 |    0 |          0 |
|       inst                                                |                             GenericPartition_2_StreamingFIFO_rtl_79 |         35 |         27 |       0 |    8 |    18 |      0 |      0 |    0 |          0 |
|         impl                                              |                                              Q_srl__parameterized22 |         35 |         27 |       0 |    8 |    18 |      0 |      0 |    0 |          0 |
|     GenericPartition_2_StreamingFIFO_rtl_8                |                  GenericPartition_2_StreamingFIFO_rtl_8_imp_1PT4TUS |         82 |         82 |       0 |    0 |    79 |      8 |      0 |    0 |          0 |
|       fifo                                                |                                                  finn_design_fifo_3 |         82 |         82 |       0 |    0 |    79 |      8 |      0 |    0 |          0 |
|         inst                                              |                                axis_data_fifo_v2_0_9_top__xdcDup__5 |         82 |         82 |       0 |    0 |    79 |      8 |      0 |    0 |          0 |
|     GenericPartition_2_StreamingFIFO_rtl_80               |               finn_design_GenericPartition_2_StreamingFIFO_rtl_80_0 |         25 |         25 |       0 |    0 |    45 |      0 |      0 |    0 |          0 |
|       inst                                                |                                                StreamingFIFO_rtl_60 |         25 |         25 |       0 |    0 |    45 |      0 |      0 |    0 |          0 |
|         impl                                              |                                            Q_srl__parameterized4_33 |         25 |         25 |       0 |    0 |    45 |      0 |      0 |    0 |          0 |
|     GenericPartition_2_StreamingFIFO_rtl_81               |               finn_design_GenericPartition_2_StreamingFIFO_rtl_81_0 |         16 |         16 |       0 |    0 |    25 |      0 |      0 |    0 |          0 |
|       inst                                                |                                                StreamingFIFO_rtl_61 |         16 |         16 |       0 |    0 |    25 |      0 |      0 |    0 |          0 |
|         impl                                              |                                                            Q_srl_32 |         16 |         16 |       0 |    0 |    25 |      0 |      0 |    0 |          0 |
|     GenericPartition_2_StreamingFIFO_rtl_82               |               finn_design_GenericPartition_2_StreamingFIFO_rtl_82_0 |         13 |         13 |       0 |    0 |    21 |      0 |      0 |    0 |          0 |
|       inst                                                |                                                StreamingFIFO_rtl_62 |         13 |         13 |       0 |    0 |    21 |      0 |      0 |    0 |          0 |
|         impl                                              |                                            Q_srl__parameterized0_31 |         13 |         13 |       0 |    0 |    21 |      0 |      0 |    0 |          0 |
|     GenericPartition_2_StreamingFIFO_rtl_83               |               finn_design_GenericPartition_2_StreamingFIFO_rtl_83_0 |         15 |         15 |       0 |    0 |    23 |      0 |      0 |    0 |          0 |
|       inst                                                |                                                StreamingFIFO_rtl_63 |         15 |         15 |       0 |    0 |    23 |      0 |      0 |    0 |          0 |
|         impl                                              |                                                            Q_srl_30 |         15 |         15 |       0 |    0 |    23 |      0 |      0 |    0 |          0 |
|     GenericPartition_2_StreamingFIFO_rtl_84               |               finn_design_GenericPartition_2_StreamingFIFO_rtl_84_0 |         14 |         14 |       0 |    0 |    21 |      0 |      0 |    0 |          0 |
|       inst                                                |                                                StreamingFIFO_rtl_64 |         14 |         14 |       0 |    0 |    21 |      0 |      0 |    0 |          0 |
|         impl                                              |                                            Q_srl__parameterized0_29 |         14 |         14 |       0 |    0 |    21 |      0 |      0 |    0 |          0 |
|     GenericPartition_2_StreamingFIFO_rtl_85               |               finn_design_GenericPartition_2_StreamingFIFO_rtl_85_0 |          9 |          9 |       0 |    0 |    13 |      0 |      0 |    0 |          0 |
|       inst                                                |                                                StreamingFIFO_rtl_65 |          9 |          9 |       0 |    0 |    13 |      0 |      0 |    0 |          0 |
|         impl                                              |                                            Q_srl__parameterized0_28 |          9 |          9 |       0 |    0 |    13 |      0 |      0 |    0 |          0 |
|     GenericPartition_2_StreamingFIFO_rtl_86               |               finn_design_GenericPartition_2_StreamingFIFO_rtl_86_0 |         10 |         10 |       0 |    0 |    13 |      0 |      0 |    0 |          0 |
|       inst                                                |                                                StreamingFIFO_rtl_66 |         10 |         10 |       0 |    0 |    13 |      0 |      0 |    0 |          0 |
|         impl                                              |                                            Q_srl__parameterized0_27 |         10 |         10 |       0 |    0 |    13 |      0 |      0 |    0 |          0 |
|     GenericPartition_2_StreamingFIFO_rtl_87               |               finn_design_GenericPartition_2_StreamingFIFO_rtl_87_0 |          9 |          9 |       0 |    0 |    13 |      0 |      0 |    0 |          0 |
|       inst                                                |                                                StreamingFIFO_rtl_67 |          9 |          9 |       0 |    0 |    13 |      0 |      0 |    0 |          0 |
|         impl                                              |                                            Q_srl__parameterized0_26 |          9 |          9 |       0 |    0 |    13 |      0 |      0 |    0 |          0 |
|     GenericPartition_2_StreamingFIFO_rtl_88               |               finn_design_GenericPartition_2_StreamingFIFO_rtl_88_0 |         40 |         32 |       0 |    8 |    19 |      0 |      0 |    0 |          0 |
|       inst                                                |                                                StreamingFIFO_rtl_68 |         40 |         32 |       0 |    8 |    19 |      0 |      0 |    0 |          0 |
|         impl                                              |                                               Q_srl__parameterized6 |         40 |         32 |       0 |    8 |    19 |      0 |      0 |    0 |          0 |
|     GenericPartition_2_StreamingFIFO_rtl_89               |                  GenericPartition_2_StreamingFIFO_rtl_89_imp_OG08S4 |         82 |         82 |       0 |    0 |    79 |      8 |      0 |    0 |          0 |
|       fifo                                                |                                                 finn_design_fifo_17 |         82 |         82 |       0 |    0 |    79 |      8 |      0 |    0 |          0 |
|         inst                                              |                                axis_data_fifo_v2_0_9_top__xdcDup__6 |         82 |         82 |       0 |    0 |    79 |      8 |      0 |    0 |          0 |
|     GenericPartition_2_StreamingFIFO_rtl_9                |                   GenericPartition_2_StreamingFIFO_rtl_9_imp_J9818R |         81 |         81 |       0 |    0 |    79 |      8 |      0 |    0 |          0 |
|       fifo                                                |                                                  finn_design_fifo_4 |         81 |         81 |       0 |    0 |    79 |      8 |      0 |    0 |          0 |
|         inst                                              |                                           axis_data_fifo_v2_0_9_top |         81 |         81 |       0 |    0 |    79 |      8 |      0 |    0 |          0 |
|     GenericPartition_2_StreamingFIFO_rtl_90               |                  GenericPartition_2_StreamingFIFO_rtl_90_imp_6P8BXC |         66 |         66 |       0 |    0 |    55 |      0 |      1 |    0 |          0 |
|       fifo                                                |                                                 finn_design_fifo_18 |         66 |         66 |       0 |    0 |    55 |      0 |      1 |    0 |          0 |
|         inst                                              |                axis_data_fifo_v2_0_9_top__parameterized7__xdcDup__3 |         66 |         66 |       0 |    0 |    55 |      0 |      1 |    0 |          0 |
|     GenericPartition_2_StreamingFIFO_rtl_91               |               finn_design_GenericPartition_2_StreamingFIFO_rtl_91_0 |         70 |         38 |       0 |   32 |    21 |      0 |      0 |    0 |          0 |
|       inst                                                |                             GenericPartition_2_StreamingFIFO_rtl_91 |         70 |         38 |       0 |   32 |    21 |      0 |      0 |    0 |          0 |
|         impl                                              |                                              Q_srl__parameterized18 |         70 |         38 |       0 |   32 |    21 |      0 |      0 |    0 |          0 |
|     GenericPartition_2_StreamingFIFO_rtl_92               |               finn_design_GenericPartition_2_StreamingFIFO_rtl_92_0 |         27 |         27 |       0 |    0 |    49 |      0 |      0 |    0 |          0 |
|       inst                                                |                                                StreamingFIFO_rtl_70 |         27 |         27 |       0 |    0 |    49 |      0 |      0 |    0 |          0 |
|         impl                                              |                                               Q_srl__parameterized4 |         27 |         27 |       0 |    0 |    49 |      0 |      0 |    0 |          0 |
|     GenericPartition_2_StreamingFIFO_rtl_93               |               finn_design_GenericPartition_2_StreamingFIFO_rtl_93_0 |         17 |         17 |       0 |    0 |    27 |      0 |      0 |    0 |          0 |
|       inst                                                |                                                StreamingFIFO_rtl_71 |         17 |         17 |       0 |    0 |    27 |      0 |      0 |    0 |          0 |
|         impl                                              |                                                               Q_srl |         17 |         17 |       0 |    0 |    27 |      0 |      0 |    0 |          0 |
|     GenericPartition_2_StreamingFIFO_rtl_94               |               finn_design_GenericPartition_2_StreamingFIFO_rtl_94_0 |         10 |         10 |       0 |    0 |    13 |      0 |      0 |    0 |          0 |
|       inst                                                |                                                StreamingFIFO_rtl_72 |         10 |         10 |       0 |    0 |    13 |      0 |      0 |    0 |          0 |
|         impl                                              |                                               Q_srl__parameterized0 |         10 |         10 |       0 |    0 |    13 |      0 |      0 |    0 |          0 |
|     GenericPartition_2_StreamingFIFO_rtl_95               |                  GenericPartition_2_StreamingFIFO_rtl_95_imp_ZNQW6O |         67 |         67 |       0 |    0 |    55 |      0 |      1 |    0 |          0 |
|       fifo                                                |                                                 finn_design_fifo_19 |         67 |         67 |       0 |    0 |    55 |      0 |      1 |    0 |          0 |
|         inst                                              |                           axis_data_fifo_v2_0_9_top__parameterized7 |         67 |         67 |       0 |    0 |    55 |      0 |      1 |    0 |          0 |
|     GenericPartition_2_StreamingFIFO_rtl_96               |               finn_design_GenericPartition_2_StreamingFIFO_rtl_96_0 |        109 |         45 |       0 |   64 |    22 |      0 |      0 |    0 |          0 |
|       inst                                                |                             GenericPartition_2_StreamingFIFO_rtl_96 |        109 |         45 |       0 |   64 |    22 |      0 |      0 |    0 |          0 |
|         impl                                              |                                              Q_srl__parameterized15 |        109 |         45 |       0 |   64 |    22 |      0 |      0 |    0 |          0 |
|     GenericPartition_2_StreamingFIFO_rtl_97               |               finn_design_GenericPartition_2_StreamingFIFO_rtl_97_0 |         32 |         24 |       0 |    8 |    17 |      0 |      0 |    0 |          0 |
|       inst                                                |                             GenericPartition_2_StreamingFIFO_rtl_97 |         32 |         24 |       0 |    8 |    17 |      0 |      0 |    0 |          0 |
|         impl                                              |                                              Q_srl__parameterized17 |         32 |         24 |       0 |    8 |    17 |      0 |      0 |    0 |          0 |
|     GenericPartition_2_StreamingFIFO_rtl_98               |                  GenericPartition_2_StreamingFIFO_rtl_98_imp_8DAV8E |         96 |         96 |       0 |    0 |    71 |      2 |      0 |    0 |          0 |
|       fifo                                                |                                                 finn_design_fifo_20 |         96 |         96 |       0 |    0 |    71 |      2 |      0 |    0 |          0 |
|         inst                                              |                           axis_data_fifo_v2_0_9_top__parameterized4 |         96 |         96 |       0 |    0 |    71 |      2 |      0 |    0 |          0 |
|     GenericPartition_2_StreamingFIFO_rtl_99               |                 GenericPartition_2_StreamingFIFO_rtl_99_imp_11238XD |         78 |         78 |       0 |    0 |    63 |      0 |      1 |    0 |          0 |
|       fifo                                                |                                                 finn_design_fifo_21 |         78 |         78 |       0 |    0 |    63 |      0 |      1 |    0 |          0 |
|         inst                                              |                           axis_data_fifo_v2_0_9_top__parameterized5 |         78 |         78 |       0 |    0 |    63 |      0 |      1 |    0 |          0 |
|     GenericPartition_2_Thresholding_rtl_0                 |                 finn_design_GenericPartition_2_Thresholding_rtl_0_0 |         85 |         71 |       0 |   14 |   295 |      0 |      0 |    0 |          0 |
|       inst                                                |                                      Thresholding_rtl_0_axi_wrapper |         85 |         71 |       0 |   14 |   295 |      0 |      0 |    0 |          0 |
|         core                                              |                                                    thresholding_axi |         85 |         71 |       0 |   14 |   295 |      0 |      0 |    0 |          0 |
|     GenericPartition_2_Thresholding_rtl_1                 |                 finn_design_GenericPartition_2_Thresholding_rtl_1_0 |         43 |         36 |       0 |    7 |    88 |      0 |      0 |    0 |          0 |
|       inst                                                |                                      Thresholding_rtl_1_axi_wrapper |         43 |         36 |       0 |    7 |    88 |      0 |      0 |    0 |          0 |
|         core                                              |                                    thresholding_axi__parameterized0 |         43 |         36 |       0 |    7 |    88 |      0 |      0 |    0 |          0 |
|     GenericPartition_2_Thresholding_rtl_10                |                finn_design_GenericPartition_2_Thresholding_rtl_10_0 |         65 |         60 |       0 |    5 |   179 |      0 |      0 |    0 |          0 |
|       inst                                                |                                     Thresholding_rtl_10_axi_wrapper |         65 |         60 |       0 |    5 |   179 |      0 |      0 |    0 |          0 |
|         core                                              |                                    thresholding_axi__parameterized1 |         65 |         60 |       0 |    5 |   179 |      0 |      0 |    0 |          0 |
|     GenericPartition_2_Thresholding_rtl_11                |                finn_design_GenericPartition_2_Thresholding_rtl_11_0 |         70 |         61 |       0 |    9 |   327 |      2 |      5 |    0 |          0 |
|       inst                                                |                                     Thresholding_rtl_11_axi_wrapper |         70 |         61 |       0 |    9 |   327 |      2 |      5 |    0 |          0 |
|         core                                              |                                    thresholding_axi__parameterized2 |         70 |         61 |       0 |    9 |   327 |      2 |      5 |    0 |          0 |
|     GenericPartition_2_Thresholding_rtl_12                |                finn_design_GenericPartition_2_Thresholding_rtl_12_0 |         85 |         71 |       0 |   14 |   295 |      2 |      2 |    0 |          0 |
|       inst                                                |                                     Thresholding_rtl_12_axi_wrapper |         85 |         71 |       0 |   14 |   295 |      2 |      2 |    0 |          0 |
|         core                                              |                                    thresholding_axi__parameterized3 |         85 |         71 |       0 |   14 |   295 |      2 |      2 |    0 |          0 |
|     GenericPartition_2_Thresholding_rtl_13                |                finn_design_GenericPartition_2_Thresholding_rtl_13_0 |         43 |         36 |       0 |    7 |    88 |      0 |      0 |    0 |          0 |
|       inst                                                |                                     Thresholding_rtl_13_axi_wrapper |         43 |         36 |       0 |    7 |    88 |      0 |      0 |    0 |          0 |
|         core                                              |                                    thresholding_axi__parameterized4 |         43 |         36 |       0 |    7 |    88 |      0 |      0 |    0 |          0 |
|     GenericPartition_2_Thresholding_rtl_14                |                finn_design_GenericPartition_2_Thresholding_rtl_14_0 |         48 |         31 |       0 |   17 |   168 |      0 |      5 |    0 |          0 |
|       inst                                                |                                     Thresholding_rtl_14_axi_wrapper |         48 |         31 |       0 |   17 |   168 |      0 |      5 |    0 |          0 |
|         core                                              |                                    thresholding_axi__parameterized5 |         48 |         31 |       0 |   17 |   168 |      0 |      5 |    0 |          0 |
|     GenericPartition_2_Thresholding_rtl_15                |                finn_design_GenericPartition_2_Thresholding_rtl_15_0 |         70 |         65 |       0 |    5 |   190 |      0 |      0 |    0 |          0 |
|       inst                                                |                                     Thresholding_rtl_15_axi_wrapper |         70 |         65 |       0 |    5 |   190 |      0 |      0 |    0 |          0 |
|         core                                              |                                    thresholding_axi__parameterized6 |         70 |         65 |       0 |    5 |   190 |      0 |      0 |    0 |          0 |
|     GenericPartition_2_Thresholding_rtl_16                |                finn_design_GenericPartition_2_Thresholding_rtl_16_0 |         66 |         61 |       0 |    5 |   190 |      0 |      0 |    0 |          0 |
|       inst                                                |                                     Thresholding_rtl_16_axi_wrapper |         66 |         61 |       0 |    5 |   190 |      0 |      0 |    0 |          0 |
|         core                                              |                                    thresholding_axi__parameterized7 |         66 |         61 |       0 |    5 |   190 |      0 |      0 |    0 |          0 |
|     GenericPartition_2_Thresholding_rtl_17                |                finn_design_GenericPartition_2_Thresholding_rtl_17_0 |         70 |         61 |       0 |    9 |   327 |      2 |      5 |    0 |          0 |
|       inst                                                |                                     Thresholding_rtl_17_axi_wrapper |         70 |         61 |       0 |    9 |   327 |      2 |      5 |    0 |          0 |
|         core                                              |                                    thresholding_axi__parameterized8 |         70 |         61 |       0 |    9 |   327 |      2 |      5 |    0 |          0 |
|     GenericPartition_2_Thresholding_rtl_18                |                finn_design_GenericPartition_2_Thresholding_rtl_18_0 |         85 |         71 |       0 |   14 |   295 |      0 |      0 |    0 |          0 |
|       inst                                                |                                     Thresholding_rtl_18_axi_wrapper |         85 |         71 |       0 |   14 |   295 |      0 |      0 |    0 |          0 |
|         core                                              |                                    thresholding_axi__parameterized9 |         85 |         71 |       0 |   14 |   295 |      0 |      0 |    0 |          0 |
|     GenericPartition_2_Thresholding_rtl_19                |                finn_design_GenericPartition_2_Thresholding_rtl_19_0 |         43 |         36 |       0 |    7 |    88 |      0 |      0 |    0 |          0 |
|       inst                                                |                                     Thresholding_rtl_19_axi_wrapper |         43 |         36 |       0 |    7 |    88 |      0 |      0 |    0 |          0 |
|         core                                              |                                   thresholding_axi__parameterized10 |         43 |         36 |       0 |    7 |    88 |      0 |      0 |    0 |          0 |
|     GenericPartition_2_Thresholding_rtl_2                 |                 finn_design_GenericPartition_2_Thresholding_rtl_2_0 |         48 |         31 |       0 |   17 |   168 |      0 |      5 |    0 |          0 |
|       inst                                                |                                      Thresholding_rtl_2_axi_wrapper |         48 |         31 |       0 |   17 |   168 |      0 |      5 |    0 |          0 |
|         core                                              |                                   thresholding_axi__parameterized11 |         48 |         31 |       0 |   17 |   168 |      0 |      5 |    0 |          0 |
|     GenericPartition_2_Thresholding_rtl_20                |                finn_design_GenericPartition_2_Thresholding_rtl_20_0 |         48 |         31 |       0 |   17 |   168 |      0 |      5 |    0 |          0 |
|       inst                                                |                                     Thresholding_rtl_20_axi_wrapper |         48 |         31 |       0 |   17 |   168 |      0 |      5 |    0 |          0 |
|         core                                              |                                   thresholding_axi__parameterized12 |         48 |         31 |       0 |   17 |   168 |      0 |      5 |    0 |          0 |
|     GenericPartition_2_Thresholding_rtl_21                |                finn_design_GenericPartition_2_Thresholding_rtl_21_0 |         65 |         60 |       0 |    5 |   179 |      0 |      0 |    0 |          0 |
|       inst                                                |                                     Thresholding_rtl_21_axi_wrapper |         65 |         60 |       0 |    5 |   179 |      0 |      0 |    0 |          0 |
|         core                                              |                                   thresholding_axi__parameterized13 |         65 |         60 |       0 |    5 |   179 |      0 |      0 |    0 |          0 |
|     GenericPartition_2_Thresholding_rtl_22                |                finn_design_GenericPartition_2_Thresholding_rtl_22_0 |         65 |         60 |       0 |    5 |   190 |      0 |      0 |    0 |          0 |
|       inst                                                |                                     Thresholding_rtl_22_axi_wrapper |         65 |         60 |       0 |    5 |   190 |      0 |      0 |    0 |          0 |
|         core                                              |                                   thresholding_axi__parameterized14 |         65 |         60 |       0 |    5 |   190 |      0 |      0 |    0 |          0 |
|     GenericPartition_2_Thresholding_rtl_23                |                finn_design_GenericPartition_2_Thresholding_rtl_23_0 |         70 |         61 |       0 |    9 |   327 |      2 |      5 |    0 |          0 |
|       inst                                                |                                     Thresholding_rtl_23_axi_wrapper |         70 |         61 |       0 |    9 |   327 |      2 |      5 |    0 |          0 |
|         core                                              |                                   thresholding_axi__parameterized15 |         70 |         61 |       0 |    9 |   327 |      2 |      5 |    0 |          0 |
|     GenericPartition_2_Thresholding_rtl_24                |                finn_design_GenericPartition_2_Thresholding_rtl_24_0 |         85 |         71 |       0 |   14 |   295 |      2 |      2 |    0 |          0 |
|       inst                                                |                                     Thresholding_rtl_24_axi_wrapper |         85 |         71 |       0 |   14 |   295 |      2 |      2 |    0 |          0 |
|         core                                              |                                   thresholding_axi__parameterized16 |         85 |         71 |       0 |   14 |   295 |      2 |      2 |    0 |          0 |
|     GenericPartition_2_Thresholding_rtl_25                |                finn_design_GenericPartition_2_Thresholding_rtl_25_0 |         43 |         36 |       0 |    7 |    88 |      0 |      0 |    0 |          0 |
|       inst                                                |                                     Thresholding_rtl_25_axi_wrapper |         43 |         36 |       0 |    7 |    88 |      0 |      0 |    0 |          0 |
|         core                                              |                                   thresholding_axi__parameterized17 |         43 |         36 |       0 |    7 |    88 |      0 |      0 |    0 |          0 |
|     GenericPartition_2_Thresholding_rtl_26                |                finn_design_GenericPartition_2_Thresholding_rtl_26_0 |         48 |         31 |       0 |   17 |   168 |      0 |      5 |    0 |          0 |
|       inst                                                |                                     Thresholding_rtl_26_axi_wrapper |         48 |         31 |       0 |   17 |   168 |      0 |      5 |    0 |          0 |
|         core                                              |                                   thresholding_axi__parameterized18 |         48 |         31 |       0 |   17 |   168 |      0 |      5 |    0 |          0 |
|     GenericPartition_2_Thresholding_rtl_27                |                finn_design_GenericPartition_2_Thresholding_rtl_27_0 |         68 |         63 |       0 |    5 |   190 |      0 |      0 |    0 |          0 |
|       inst                                                |                                     Thresholding_rtl_27_axi_wrapper |         68 |         63 |       0 |    5 |   190 |      0 |      0 |    0 |          0 |
|         core                                              |                                   thresholding_axi__parameterized19 |         68 |         63 |       0 |    5 |   190 |      0 |      0 |    0 |          0 |
|     GenericPartition_2_Thresholding_rtl_28                |                finn_design_GenericPartition_2_Thresholding_rtl_28_0 |         66 |         61 |       0 |    5 |   190 |      0 |      0 |    0 |          0 |
|       inst                                                |                                     Thresholding_rtl_28_axi_wrapper |         66 |         61 |       0 |    5 |   190 |      0 |      0 |    0 |          0 |
|         core                                              |                                   thresholding_axi__parameterized20 |         66 |         61 |       0 |    5 |   190 |      0 |      0 |    0 |          0 |
|     GenericPartition_2_Thresholding_rtl_29                |                finn_design_GenericPartition_2_Thresholding_rtl_29_0 |         70 |         61 |       0 |    9 |   327 |      2 |      5 |    0 |          0 |
|       inst                                                |                                     Thresholding_rtl_29_axi_wrapper |         70 |         61 |       0 |    9 |   327 |      2 |      5 |    0 |          0 |
|         core                                              |                                   thresholding_axi__parameterized21 |         70 |         61 |       0 |    9 |   327 |      2 |      5 |    0 |          0 |
|     GenericPartition_2_Thresholding_rtl_3                 |                 finn_design_GenericPartition_2_Thresholding_rtl_3_0 |         66 |         61 |       0 |    5 |   177 |      0 |      0 |    0 |          0 |
|       inst                                                |                                      Thresholding_rtl_3_axi_wrapper |         66 |         61 |       0 |    5 |   177 |      0 |      0 |    0 |          0 |
|         core                                              |                                   thresholding_axi__parameterized22 |         66 |         61 |       0 |    5 |   177 |      0 |      0 |    0 |          0 |
|     GenericPartition_2_Thresholding_rtl_4                 |                 finn_design_GenericPartition_2_Thresholding_rtl_4_0 |         64 |         59 |       0 |    5 |   190 |      0 |      0 |    0 |          0 |
|       inst                                                |                                      Thresholding_rtl_4_axi_wrapper |         64 |         59 |       0 |    5 |   190 |      0 |      0 |    0 |          0 |
|         core                                              |                                   thresholding_axi__parameterized23 |         64 |         59 |       0 |    5 |   190 |      0 |      0 |    0 |          0 |
|     GenericPartition_2_Thresholding_rtl_5                 |                 finn_design_GenericPartition_2_Thresholding_rtl_5_0 |         70 |         61 |       0 |    9 |   327 |      2 |      5 |    0 |          0 |
|       inst                                                |                                      Thresholding_rtl_5_axi_wrapper |         70 |         61 |       0 |    9 |   327 |      2 |      5 |    0 |          0 |
|         core                                              |                                   thresholding_axi__parameterized24 |         70 |         61 |       0 |    9 |   327 |      2 |      5 |    0 |          0 |
|     GenericPartition_2_Thresholding_rtl_6                 |                 finn_design_GenericPartition_2_Thresholding_rtl_6_0 |         85 |         71 |       0 |   14 |   295 |      2 |      2 |    0 |          0 |
|       inst                                                |                                      Thresholding_rtl_6_axi_wrapper |         85 |         71 |       0 |   14 |   295 |      2 |      2 |    0 |          0 |
|         core                                              |                                   thresholding_axi__parameterized25 |         85 |         71 |       0 |   14 |   295 |      2 |      2 |    0 |          0 |
|     GenericPartition_2_Thresholding_rtl_7                 |                 finn_design_GenericPartition_2_Thresholding_rtl_7_0 |         43 |         36 |       0 |    7 |    88 |      0 |      0 |    0 |          0 |
|       inst                                                |                                      Thresholding_rtl_7_axi_wrapper |         43 |         36 |       0 |    7 |    88 |      0 |      0 |    0 |          0 |
|         core                                              |                                   thresholding_axi__parameterized26 |         43 |         36 |       0 |    7 |    88 |      0 |      0 |    0 |          0 |
|     GenericPartition_2_Thresholding_rtl_8                 |                 finn_design_GenericPartition_2_Thresholding_rtl_8_0 |         48 |         31 |       0 |   17 |   183 |      0 |      5 |    0 |          0 |
|       inst                                                |                                      Thresholding_rtl_8_axi_wrapper |         48 |         31 |       0 |   17 |   183 |      0 |      5 |    0 |          0 |
|         core                                              |                                   thresholding_axi__parameterized27 |         48 |         31 |       0 |   17 |   183 |      0 |      5 |    0 |          0 |
|     GenericPartition_2_Thresholding_rtl_9                 |                 finn_design_GenericPartition_2_Thresholding_rtl_9_0 |         69 |         64 |       0 |    5 |   190 |      0 |      0 |    0 |          0 |
|       inst                                                |                                      Thresholding_rtl_9_axi_wrapper |         69 |         64 |       0 |    5 |   190 |      0 |      0 |    0 |          0 |
|         core                                              |                                   thresholding_axi__parameterized28 |         69 |         64 |       0 |    5 |   190 |      0 |      0 |    0 |          0 |
+-----------------------------------------------------------+---------------------------------------------------------------------+------------+------------+---------+------+-------+--------+--------+------+------------+
* Note: The sum of lower-level cells may be larger than their parent cells total, due to cross-hierarchy LUT combining


