Copyright 1986-2022 Xilinx, Inc. All Rights Reserved.
-----------------------------------------------------------------------------------------------------------------------------------------------------------------------------------
| Tool Version : Vivado v.2022.2 (lin64) Build 3671981 Fri Oct 14 04:59:54 MDT 2022
| Date         : Thu Oct  1 12:36:43 2026
| Host         : finn_dev_thelegendiv running 64-bit Ubuntu 22.04.1 LTS
| Command      : report_utilization -hierarchical -hierarchical_depth 4 -file /home/thelegendiv/finn/notebooks/enet/hier_reports_partition2_wm/hier_baseline_both_off_milpfold.rpt
| Design       : finn_design_wrapper
| Device       : xczu7ev-ffvc1156-2-e
| Speed File   : -2
| Design State : Routed
-----------------------------------------------------------------------------------------------------------------------------------------------------------------------------------

Utilization Design Information

Table of Contents
-----------------
1. Utilization by Hierarchy

1. Utilization by Hierarchy
---------------------------

+---------------------------------------------+----------------------------------------------------------+------------+------------+---------+------+-------+--------+--------+------+------------+
|                   Instance                  |                          Module                          | Total LUTs | Logic LUTs | LUTRAMs | SRLs |  FFs  | RAMB36 | RAMB18 | URAM | DSP Blocks |
+---------------------------------------------+----------------------------------------------------------+------------+------------+---------+------+-------+--------+--------+------+------------+
| finn_design_wrapper                         |                                                    (top) |      38804 |      26874 |    8504 | 3426 | 35745 |    258 |     94 |    1 |         53 |
|   (finn_design_wrapper)                     |                                                    (top) |       4240 |          0 |    4240 |    0 |     0 |      0 |      0 |    0 |          0 |
|   finn_design_i                             |                                              finn_design |      34564 |      26874 |    4264 | 3426 | 35745 |    258 |     94 |    1 |         53 |
|     (finn_design_i)                         |                                              finn_design |       2684 |       2684 |       0 |    0 |     0 |      0 |      0 |    0 |          0 |
|     AddStreams_hls_0                        |                           finn_design_AddStreams_hls_0_0 |         69 |         69 |       0 |    0 |    94 |      0 |      0 |    0 |          0 |
|       inst                                  |                                         AddStreams_hls_0 |         69 |         69 |       0 |    0 |    94 |      0 |      0 |    0 |          0 |
|         (inst)                              |                                         AddStreams_hls_0 |          1 |          1 |       0 |    0 |    31 |      0 |      0 |    0 |          0 |
|         flow_control_loop_pipe_no_ap_cont_U |       AddStreams_hls_0_flow_control_loop_pipe_no_ap_cont |         25 |         25 |       0 |    0 |     1 |      0 |      0 |    0 |          0 |
|         regslice_both_in0_V_U               |                           AddStreams_hls_0_regslice_both |          5 |          5 |       0 |    0 |    20 |      0 |      0 |    0 |          0 |
|         regslice_both_in1_V_U               |                       AddStreams_hls_0_regslice_both_526 |         17 |         17 |       0 |    0 |    20 |      0 |      0 |    0 |          0 |
|         regslice_both_out_V_U               |           AddStreams_hls_0_regslice_both__parameterized0 |         22 |         22 |       0 |    0 |    22 |      0 |      0 |    0 |          0 |
|     AddStreams_hls_1                        |                           finn_design_AddStreams_hls_1_0 |         70 |         70 |       0 |    0 |    94 |      0 |      0 |    0 |          0 |
|       inst                                  |                                         AddStreams_hls_1 |         70 |         70 |       0 |    0 |    94 |      0 |      0 |    0 |          0 |
|         (inst)                              |                                         AddStreams_hls_1 |          2 |          2 |       0 |    0 |    31 |      0 |      0 |    0 |          0 |
|         flow_control_loop_pipe_no_ap_cont_U |       AddStreams_hls_1_flow_control_loop_pipe_no_ap_cont |         23 |         23 |       0 |    0 |     1 |      0 |      0 |    0 |          0 |
|         regslice_both_in0_V_U               |                           AddStreams_hls_1_regslice_both |         10 |         10 |       0 |    0 |    20 |      0 |      0 |    0 |          0 |
|         regslice_both_in1_V_U               |                       AddStreams_hls_1_regslice_both_525 |         17 |         17 |       0 |    0 |    20 |      0 |      0 |    0 |          0 |
|         regslice_both_out_V_U               |           AddStreams_hls_1_regslice_both__parameterized0 |         19 |         19 |       0 |    0 |    22 |      0 |      0 |    0 |          0 |
|     AddStreams_hls_2                        |                           finn_design_AddStreams_hls_2_0 |         70 |         70 |       0 |    0 |    94 |      0 |      0 |    0 |          0 |
|       inst                                  |                                         AddStreams_hls_2 |         70 |         70 |       0 |    0 |    94 |      0 |      0 |    0 |          0 |
|         (inst)                              |                                         AddStreams_hls_2 |          0 |          0 |       0 |    0 |    31 |      0 |      0 |    0 |          0 |
|         flow_control_loop_pipe_no_ap_cont_U |       AddStreams_hls_2_flow_control_loop_pipe_no_ap_cont |         22 |         22 |       0 |    0 |     1 |      0 |      0 |    0 |          0 |
|         regslice_both_in0_V_U               |                           AddStreams_hls_2_regslice_both |         12 |         12 |       0 |    0 |    20 |      0 |      0 |    0 |          0 |
|         regslice_both_in1_V_U               |                       AddStreams_hls_2_regslice_both_524 |         19 |         19 |       0 |    0 |    20 |      0 |      0 |    0 |          0 |
|         regslice_both_out_V_U               |           AddStreams_hls_2_regslice_both__parameterized0 |         19 |         19 |       0 |    0 |    22 |      0 |      0 |    0 |          0 |
|     AddStreams_hls_3                        |                           finn_design_AddStreams_hls_3_0 |         69 |         69 |       0 |    0 |    94 |      0 |      0 |    0 |          0 |
|       inst                                  |                                         AddStreams_hls_3 |         69 |         69 |       0 |    0 |    94 |      0 |      0 |    0 |          0 |
|         (inst)                              |                                         AddStreams_hls_3 |          2 |          2 |       0 |    0 |    31 |      0 |      0 |    0 |          0 |
|         flow_control_loop_pipe_no_ap_cont_U |       AddStreams_hls_3_flow_control_loop_pipe_no_ap_cont |         23 |         23 |       0 |    0 |     1 |      0 |      0 |    0 |          0 |
|         regslice_both_in0_V_U               |                           AddStreams_hls_3_regslice_both |          9 |          9 |       0 |    0 |    20 |      0 |      0 |    0 |          0 |
|         regslice_both_in1_V_U               |                       AddStreams_hls_3_regslice_both_523 |         17 |         17 |       0 |    0 |    20 |      0 |      0 |    0 |          0 |
|         regslice_both_out_V_U               |           AddStreams_hls_3_regslice_both__parameterized0 |         19 |         19 |       0 |    0 |    22 |      0 |      0 |    0 |          0 |
|     AddStreams_hls_4                        |                           finn_design_AddStreams_hls_4_0 |         70 |         70 |       0 |    0 |    94 |      0 |      0 |    0 |          0 |
|       inst                                  |                                         AddStreams_hls_4 |         70 |         70 |       0 |    0 |    94 |      0 |      0 |    0 |          0 |
|         (inst)                              |                                         AddStreams_hls_4 |          2 |          2 |       0 |    0 |    31 |      0 |      0 |    0 |          0 |
|         flow_control_loop_pipe_no_ap_cont_U |       AddStreams_hls_4_flow_control_loop_pipe_no_ap_cont |         23 |         23 |       0 |    0 |     1 |      0 |      0 |    0 |          0 |
|         regslice_both_in0_V_U               |                           AddStreams_hls_4_regslice_both |         10 |         10 |       0 |    0 |    20 |      0 |      0 |    0 |          0 |
|         regslice_both_in1_V_U               |                       AddStreams_hls_4_regslice_both_522 |         17 |         17 |       0 |    0 |    20 |      0 |      0 |    0 |          0 |
|         regslice_both_out_V_U               |           AddStreams_hls_4_regslice_both__parameterized0 |         19 |         19 |       0 |    0 |    22 |      0 |      0 |    0 |          0 |
|     ConvolutionInputGenerator_rtl_0         |            finn_design_ConvolutionInputGenerator_rtl_0_0 |        363 |        363 |       0 |    0 |   133 |      0 |      0 |    0 |          0 |
|       (ConvolutionInputGenerator_rtl_0)     |            finn_design_ConvolutionInputGenerator_rtl_0_0 |        112 |        112 |       0 |    0 |     0 |      0 |      0 |    0 |          0 |
|       inst                                  |                          ConvolutionInputGenerator_rtl_0 |        254 |        254 |       0 |    0 |   133 |      0 |      0 |    0 |          0 |
|         impl                                |                     ConvolutionInputGenerator_rtl_0_impl |        254 |        254 |       0 |    0 |   133 |      0 |      0 |    0 |          0 |
|     ConvolutionInputGenerator_rtl_1         |            finn_design_ConvolutionInputGenerator_rtl_1_0 |       1218 |        478 |     740 |    0 |   129 |      0 |      0 |    0 |          0 |
|       (ConvolutionInputGenerator_rtl_1)     |            finn_design_ConvolutionInputGenerator_rtl_1_0 |        224 |        224 |       0 |    0 |     0 |      0 |      0 |    0 |          0 |
|       inst                                  |                          ConvolutionInputGenerator_rtl_1 |        995 |        255 |     740 |    0 |   129 |      0 |      0 |    0 |          0 |
|         impl                                |                     ConvolutionInputGenerator_rtl_1_impl |        995 |        255 |     740 |    0 |   129 |      0 |      0 |    0 |          0 |
|     ConvolutionInputGenerator_rtl_2         |            finn_design_ConvolutionInputGenerator_rtl_2_0 |       2475 |        845 |    1630 |    0 |   192 |      0 |      0 |    0 |          0 |
|       inst                                  |                          ConvolutionInputGenerator_rtl_2 |       2475 |        845 |    1630 |    0 |   192 |      0 |      0 |    0 |          0 |
|         impl                                |                     ConvolutionInputGenerator_rtl_2_impl |       2475 |        845 |    1630 |    0 |   192 |      0 |      0 |    0 |          0 |
|     ConvolutionInputGenerator_rtl_3         |            finn_design_ConvolutionInputGenerator_rtl_3_0 |       1685 |       1685 |       0 |    0 |   364 |      0 |      0 |    0 |          0 |
|       (ConvolutionInputGenerator_rtl_3)     |            finn_design_ConvolutionInputGenerator_rtl_3_0 |       1261 |       1261 |       0 |    0 |     0 |      0 |      0 |    0 |          0 |
|       inst                                  |                          ConvolutionInputGenerator_rtl_3 |        430 |        430 |       0 |    0 |   364 |      0 |      0 |    0 |          0 |
|         impl                                |                     ConvolutionInputGenerator_rtl_3_impl |        430 |        430 |       0 |    0 |   364 |      0 |      0 |    0 |          0 |
|     ConvolutionInputGenerator_rtl_4         |            finn_design_ConvolutionInputGenerator_rtl_4_0 |        732 |        382 |     350 |    0 |   165 |      0 |      0 |    0 |          0 |
|       inst                                  |                          ConvolutionInputGenerator_rtl_4 |        732 |        382 |     350 |    0 |   165 |      0 |      0 |    0 |          0 |
|         impl                                |                     ConvolutionInputGenerator_rtl_4_impl |        732 |        382 |     350 |    0 |   165 |      0 |      0 |    0 |          0 |
|     DuplicateStreams_hls_0                  |                     finn_design_DuplicateStreams_hls_0_0 |         69 |         69 |       0 |    0 |    91 |      0 |      0 |    0 |          0 |
|       inst                                  |                                   DuplicateStreams_hls_0 |         69 |         69 |       0 |    0 |    91 |      0 |      0 |    0 |          0 |
|         (inst)                              |                                   DuplicateStreams_hls_0 |          1 |          1 |       0 |    0 |    30 |      0 |      0 |    0 |          0 |
|         flow_control_loop_pipe_no_ap_cont_U | DuplicateStreams_hls_0_flow_control_loop_pipe_no_ap_cont |         24 |         24 |       0 |    0 |     1 |      0 |      0 |    0 |          0 |
|         regslice_both_in0_V_U               |                     DuplicateStreams_hls_0_regslice_both |         14 |         14 |       0 |    0 |    20 |      0 |      0 |    0 |          0 |
|         regslice_both_out0_V_U              |                 DuplicateStreams_hls_0_regslice_both_518 |          9 |          9 |       0 |    0 |    20 |      0 |      0 |    0 |          0 |
|         regslice_both_out1_V_U              |                 DuplicateStreams_hls_0_regslice_both_519 |         21 |         21 |       0 |    0 |    20 |      0 |      0 |    0 |          0 |
|     DuplicateStreams_hls_1                  |                     finn_design_DuplicateStreams_hls_1_0 |         78 |         78 |       0 |    0 |    91 |      0 |      0 |    0 |          0 |
|       inst                                  |                                   DuplicateStreams_hls_1 |         78 |         78 |       0 |    0 |    91 |      0 |      0 |    0 |          0 |
|         (inst)                              |                                   DuplicateStreams_hls_1 |          1 |          1 |       0 |    0 |    30 |      0 |      0 |    0 |          0 |
|         flow_control_loop_pipe_no_ap_cont_U | DuplicateStreams_hls_1_flow_control_loop_pipe_no_ap_cont |         24 |         24 |       0 |    0 |     1 |      0 |      0 |    0 |          0 |
|         regslice_both_in0_V_U               |                     DuplicateStreams_hls_1_regslice_both |         13 |         13 |       0 |    0 |    20 |      0 |      0 |    0 |          0 |
|         regslice_both_out0_V_U              |                 DuplicateStreams_hls_1_regslice_both_516 |         14 |         14 |       0 |    0 |    20 |      0 |      0 |    0 |          0 |
|         regslice_both_out1_V_U              |                 DuplicateStreams_hls_1_regslice_both_517 |         26 |         26 |       0 |    0 |    20 |      0 |      0 |    0 |          0 |
|     DuplicateStreams_hls_2                  |                     finn_design_DuplicateStreams_hls_2_0 |         69 |         69 |       0 |    0 |    91 |      0 |      0 |    0 |          0 |
|       inst                                  |                                   DuplicateStreams_hls_2 |         69 |         69 |       0 |    0 |    91 |      0 |      0 |    0 |          0 |
|         (inst)                              |                                   DuplicateStreams_hls_2 |          1 |          1 |       0 |    0 |    30 |      0 |      0 |    0 |          0 |
|         flow_control_loop_pipe_no_ap_cont_U | DuplicateStreams_hls_2_flow_control_loop_pipe_no_ap_cont |         24 |         24 |       0 |    0 |     1 |      0 |      0 |    0 |          0 |
|         regslice_both_in0_V_U               |                     DuplicateStreams_hls_2_regslice_both |         14 |         14 |       0 |    0 |    20 |      0 |      0 |    0 |          0 |
|         regslice_both_out0_V_U              |                 DuplicateStreams_hls_2_regslice_both_514 |          9 |          9 |       0 |    0 |    20 |      0 |      0 |    0 |          0 |
|         regslice_both_out1_V_U              |                 DuplicateStreams_hls_2_regslice_both_515 |         21 |         21 |       0 |    0 |    20 |      0 |      0 |    0 |          0 |
|     DuplicateStreams_hls_3                  |                     finn_design_DuplicateStreams_hls_3_0 |         64 |         64 |       0 |    0 |    77 |      0 |      0 |    0 |          0 |
|       inst                                  |                                   DuplicateStreams_hls_3 |         64 |         64 |       0 |    0 |    77 |      0 |      0 |    0 |          0 |
|         (inst)                              |                                   DuplicateStreams_hls_3 |          1 |          1 |       0 |    0 |    28 |      0 |      0 |    0 |          0 |
|         flow_control_loop_pipe_no_ap_cont_U | DuplicateStreams_hls_3_flow_control_loop_pipe_no_ap_cont |         24 |         24 |       0 |    0 |     1 |      0 |      0 |    0 |          0 |
|         regslice_both_in0_V_U               |                     DuplicateStreams_hls_3_regslice_both |         11 |         11 |       0 |    0 |    16 |      0 |      0 |    0 |          0 |
|         regslice_both_out0_V_U              |                 DuplicateStreams_hls_3_regslice_both_512 |          8 |          8 |       0 |    0 |    16 |      0 |      0 |    0 |          0 |
|         regslice_both_out1_V_U              |                 DuplicateStreams_hls_3_regslice_both_513 |         20 |         20 |       0 |    0 |    16 |      0 |      0 |    0 |          0 |
|     DuplicateStreams_hls_4                  |                     finn_design_DuplicateStreams_hls_4_0 |         69 |         69 |       0 |    0 |    91 |      0 |      0 |    0 |          0 |
|       inst                                  |                                   DuplicateStreams_hls_4 |         69 |         69 |       0 |    0 |    91 |      0 |      0 |    0 |          0 |
|         (inst)                              |                                   DuplicateStreams_hls_4 |          1 |          1 |       0 |    0 |    30 |      0 |      0 |    0 |          0 |
|         flow_control_loop_pipe_no_ap_cont_U | DuplicateStreams_hls_4_flow_control_loop_pipe_no_ap_cont |         24 |         24 |       0 |    0 |     1 |      0 |      0 |    0 |          0 |
|         regslice_both_in0_V_U               |                     DuplicateStreams_hls_4_regslice_both |         14 |         14 |       0 |    0 |    20 |      0 |      0 |    0 |          0 |
|         regslice_both_out0_V_U              |                 DuplicateStreams_hls_4_regslice_both_510 |          9 |          9 |       0 |    0 |    20 |      0 |      0 |    0 |          0 |
|         regslice_both_out1_V_U              |                 DuplicateStreams_hls_4_regslice_both_511 |         21 |         21 |       0 |    0 |    20 |      0 |      0 |    0 |          0 |
|     FMPadding_rtl_0                         |                            finn_design_FMPadding_rtl_0_0 |        107 |        107 |       0 |    0 |   145 |      0 |      0 |    0 |          0 |
|       inst                                  |                                          FMPadding_rtl_0 |        107 |        107 |       0 |    0 |   145 |      0 |      0 |    0 |          0 |
|         impl                                |                                        fmpadding_axi_508 |        107 |        107 |       0 |    0 |   145 |      0 |      0 |    0 |          0 |
|     FMPadding_rtl_1                         |                            finn_design_FMPadding_rtl_1_0 |        104 |        104 |       0 |    0 |   145 |      0 |      0 |    0 |          0 |
|       inst                                  |                                          FMPadding_rtl_1 |        104 |        104 |       0 |    0 |   145 |      0 |      0 |    0 |          0 |
|         impl                                |                            fmpadding_axi__parameterized0 |        104 |        104 |       0 |    0 |   145 |      0 |      0 |    0 |          0 |
|     FMPadding_rtl_2                         |                            finn_design_FMPadding_rtl_2_0 |        107 |        107 |       0 |    0 |   145 |      0 |      0 |    0 |          0 |
|       inst                                  |                                          FMPadding_rtl_2 |        107 |        107 |       0 |    0 |   145 |      0 |      0 |    0 |          0 |
|         impl                                |                            fmpadding_axi__parameterized1 |        107 |        107 |       0 |    0 |   145 |      0 |      0 |    0 |          0 |
|     FMPadding_rtl_3                         |                            finn_design_FMPadding_rtl_3_0 |        101 |        101 |       0 |    0 |   145 |      0 |      0 |    0 |          0 |
|       inst                                  |                                          FMPadding_rtl_3 |        101 |        101 |       0 |    0 |   145 |      0 |      0 |    0 |          0 |
|         impl                                |                            fmpadding_axi__parameterized2 |        101 |        101 |       0 |    0 |   145 |      0 |      0 |    0 |          0 |
|     FMPadding_rtl_4                         |                            finn_design_FMPadding_rtl_4_0 |        108 |        108 |       0 |    0 |   145 |      0 |      0 |    0 |          0 |
|       inst                                  |                                          FMPadding_rtl_4 |        108 |        108 |       0 |    0 |   145 |      0 |      0 |    0 |          0 |
|         impl                                |                                            fmpadding_axi |        108 |        108 |       0 |    0 |   145 |      0 |      0 |    0 |          0 |
|     MVAU_rtl_0                              |                                   MVAU_rtl_0_imp_1DNJB9Y |        106 |         66 |      40 |    0 |   152 |      0 |      0 |    0 |          1 |
|       MVAU_rtl_0                            |                                 finn_design_MVAU_rtl_0_0 |         66 |         58 |       8 |    0 |   126 |      0 |      0 |    0 |          1 |
|         inst                                |                                               MVAU_rtl_0 |         66 |         58 |       8 |    0 |   126 |      0 |      0 |    0 |          1 |
|       MVAU_rtl_0_wstrm                      |                           finn_design_MVAU_rtl_0_wstrm_0 |         40 |          8 |      32 |    0 |    26 |      0 |      0 |    0 |          0 |
|         inst                                |                                    memstream_axi_wrapper |         40 |          8 |      32 |    0 |    26 |      0 |      0 |    0 |          0 |
|     MVAU_rtl_1                              |                                    MVAU_rtl_1_imp_BGQB3T |        460 |        344 |     116 |    0 |   489 |      0 |      0 |    0 |          4 |
|       MVAU_rtl_1                            |                                 finn_design_MVAU_rtl_1_0 |        292 |        272 |      20 |    0 |   408 |      0 |      0 |    0 |          4 |
|         inst                                |                                               MVAU_rtl_1 |        292 |        272 |      20 |    0 |   408 |      0 |      0 |    0 |          4 |
|       MVAU_rtl_1_wstrm                      |                           finn_design_MVAU_rtl_1_wstrm_0 |        168 |         72 |      96 |    0 |    81 |      0 |      0 |    0 |          0 |
|         inst                                |                    memstream_axi_wrapper__parameterized0 |        168 |         72 |      96 |    0 |    81 |      0 |      0 |    0 |          0 |
|     MVAU_rtl_10                             |                                   MVAU_rtl_10_imp_L2WIDN |        104 |         84 |      20 |    0 |   163 |      0 |      1 |    0 |          1 |
|       MVAU_rtl_10                           |                                finn_design_MVAU_rtl_10_0 |         98 |         78 |      20 |    0 |   140 |      0 |      0 |    0 |          1 |
|         inst                                |                                              MVAU_rtl_10 |         98 |         78 |      20 |    0 |   140 |      0 |      0 |    0 |          1 |
|       MVAU_rtl_10_wstrm                     |                          finn_design_MVAU_rtl_10_wstrm_0 |          6 |          6 |       0 |    0 |    23 |      0 |      1 |    0 |          0 |
|         inst                                |                    memstream_axi_wrapper__parameterized1 |          6 |          6 |       0 |    0 |    23 |      0 |      1 |    0 |          0 |
|     MVAU_rtl_11                             |                                  MVAU_rtl_11_imp_1LT9LR8 |        595 |        523 |      72 |    0 |  1380 |      0 |      0 |    0 |          8 |
|       MVAU_rtl_11                           |                                finn_design_MVAU_rtl_11_0 |        527 |        519 |       8 |    0 |  1242 |      0 |      0 |    0 |          8 |
|         inst                                |                                              MVAU_rtl_11 |        527 |        519 |       8 |    0 |  1242 |      0 |      0 |    0 |          8 |
|       MVAU_rtl_11_wstrm                     |                          finn_design_MVAU_rtl_11_wstrm_0 |         68 |          4 |      64 |    0 |   138 |      0 |      0 |    0 |          0 |
|         inst                                |                    memstream_axi_wrapper__parameterized2 |         68 |          4 |      64 |    0 |   138 |      0 |      0 |    0 |          0 |
|     MVAU_rtl_12                             |                                  MVAU_rtl_12_imp_1AJP2TW |        107 |         67 |      40 |    0 |   156 |      0 |      0 |    0 |          1 |
|       MVAU_rtl_12                           |                                finn_design_MVAU_rtl_12_0 |         66 |         58 |       8 |    0 |   130 |      0 |      0 |    0 |          1 |
|         inst                                |                                              MVAU_rtl_12 |         66 |         58 |       8 |    0 |   130 |      0 |      0 |    0 |          1 |
|       MVAU_rtl_12_wstrm                     |                          finn_design_MVAU_rtl_12_wstrm_0 |         41 |          9 |      32 |    0 |    26 |      0 |      0 |    0 |          0 |
|         inst                                |                    memstream_axi_wrapper__parameterized3 |         41 |          9 |      32 |    0 |    26 |      0 |      0 |    0 |          0 |
|     MVAU_rtl_13                             |                                   MVAU_rtl_13_imp_GRCDFF |        490 |        378 |     112 |    0 |   541 |      0 |      0 |    0 |          6 |
|       MVAU_rtl_13                           |                                finn_design_MVAU_rtl_13_0 |        291 |        275 |      16 |    0 |   425 |      0 |      0 |    0 |          6 |
|         inst                                |                                              MVAU_rtl_13 |        291 |        275 |      16 |    0 |   425 |      0 |      0 |    0 |          6 |
|       MVAU_rtl_13_wstrm                     |                          finn_design_MVAU_rtl_13_wstrm_0 |        199 |        103 |      96 |    0 |   116 |      0 |      0 |    0 |          0 |
|         inst                                |                    memstream_axi_wrapper__parameterized4 |        199 |        103 |      96 |    0 |   116 |      0 |      0 |    0 |          0 |
|     MVAU_rtl_14                             |                                   MVAU_rtl_14_imp_K966PG |         64 |         44 |      20 |    0 |    97 |      0 |      0 |    0 |          1 |
|       MVAU_rtl_14                           |                                finn_design_MVAU_rtl_14_0 |         39 |         35 |       4 |    0 |    75 |      0 |      0 |    0 |          1 |
|         inst                                |                                              MVAU_rtl_14 |         39 |         35 |       4 |    0 |    75 |      0 |      0 |    0 |          1 |
|       MVAU_rtl_14_wstrm                     |                          finn_design_MVAU_rtl_14_wstrm_0 |         26 |         10 |      16 |    0 |    22 |      0 |      0 |    0 |          0 |
|         inst                                |                    memstream_axi_wrapper__parameterized5 |         26 |         10 |      16 |    0 |    22 |      0 |      0 |    0 |          0 |
|     MVAU_rtl_2                              |                                    MVAU_rtl_2_imp_QB0MDL |        467 |        427 |      40 |    0 |  1060 |      0 |      0 |    0 |          8 |
|       MVAU_rtl_2                            |                                 finn_design_MVAU_rtl_2_0 |        431 |        423 |       8 |    0 |   986 |      0 |      0 |    0 |          8 |
|         inst                                |                                               MVAU_rtl_2 |        431 |        423 |       8 |    0 |   986 |      0 |      0 |    0 |          8 |
|       MVAU_rtl_2_wstrm                      |                           finn_design_MVAU_rtl_2_wstrm_0 |         36 |          4 |      32 |    0 |    74 |      0 |      0 |    0 |          0 |
|         inst                                |                    memstream_axi_wrapper__parameterized6 |         36 |          4 |      32 |    0 |    74 |      0 |      0 |    0 |          0 |
|     MVAU_rtl_3                              |                                   MVAU_rtl_3_imp_1IRXAUE |        271 |        255 |      16 |    0 |   597 |      0 |      0 |    0 |          4 |
|       (MVAU_rtl_3)                          |                                   MVAU_rtl_3_imp_1IRXAUE |          2 |          2 |       0 |    0 |     0 |      0 |      0 |    0 |          0 |
|       MVAU_rtl_3                            |                                 finn_design_MVAU_rtl_3_0 |        249 |        249 |       0 |    0 |   553 |      0 |      0 |    0 |          4 |
|         inst                                |                                               MVAU_rtl_3 |        249 |        249 |       0 |    0 |   553 |      0 |      0 |    0 |          4 |
|       MVAU_rtl_3_wstrm                      |                           finn_design_MVAU_rtl_3_wstrm_0 |         22 |          6 |      16 |    0 |    44 |      0 |      0 |    0 |          0 |
|         inst                                |                    memstream_axi_wrapper__parameterized7 |         22 |          6 |      16 |    0 |    44 |      0 |      0 |    0 |          0 |
|     MVAU_rtl_4                              |                                   MVAU_rtl_4_imp_1DDGY3T |        191 |        103 |      88 |    0 |   189 |      0 |      0 |    0 |          3 |
|       MVAU_rtl_4                            |                                 finn_design_MVAU_rtl_4_0 |         85 |         69 |      16 |    0 |   146 |      0 |      0 |    0 |          3 |
|         inst                                |                                               MVAU_rtl_4 |         85 |         69 |      16 |    0 |   146 |      0 |      0 |    0 |          3 |
|       MVAU_rtl_4_wstrm                      |                           finn_design_MVAU_rtl_4_wstrm_0 |        106 |         34 |      72 |    0 |    43 |      0 |      0 |    0 |          0 |
|         inst                                |                    memstream_axi_wrapper__parameterized8 |        106 |         34 |      72 |    0 |    43 |      0 |      0 |    0 |          0 |
|     MVAU_rtl_5                              |                                    MVAU_rtl_5_imp_BQYGG6 |        469 |        429 |      40 |    0 |  1060 |      0 |      0 |    0 |          8 |
|       MVAU_rtl_5                            |                                 finn_design_MVAU_rtl_5_0 |        433 |        425 |       8 |    0 |   986 |      0 |      0 |    0 |          8 |
|         inst                                |                                               MVAU_rtl_5 |        433 |        425 |       8 |    0 |   986 |      0 |      0 |    0 |          8 |
|       MVAU_rtl_5_wstrm                      |                           finn_design_MVAU_rtl_5_wstrm_0 |         36 |          4 |      32 |    0 |    74 |      0 |      0 |    0 |          0 |
|         inst                                |                    memstream_axi_wrapper__parameterized9 |         36 |          4 |      32 |    0 |    74 |      0 |      0 |    0 |          0 |
|     MVAU_rtl_6                              |                                    MVAU_rtl_6_imp_Q0SX86 |        111 |         71 |      40 |    0 |   156 |      0 |      0 |    0 |          1 |
|       MVAU_rtl_6                            |                                 finn_design_MVAU_rtl_6_0 |         70 |         62 |       8 |    0 |   130 |      0 |      0 |    0 |          1 |
|         inst                                |                                               MVAU_rtl_6 |         70 |         62 |       8 |    0 |   130 |      0 |      0 |    0 |          1 |
|       MVAU_rtl_6_wstrm                      |                           finn_design_MVAU_rtl_6_wstrm_0 |         41 |          9 |      32 |    0 |    26 |      0 |      0 |    0 |          0 |
|         inst                                |                   memstream_axi_wrapper__parameterized10 |         41 |          9 |      32 |    0 |    26 |      0 |      0 |    0 |          0 |
|     MVAU_rtl_7                              |                                   MVAU_rtl_7_imp_1J1ZXW9 |        256 |        196 |      60 |    0 |   362 |      0 |      0 |    0 |          2 |
|       MVAU_rtl_7                            |                                 finn_design_MVAU_rtl_7_0 |        194 |        174 |      20 |    0 |   327 |      0 |      0 |    0 |          2 |
|         inst                                |                                               MVAU_rtl_7 |        194 |        174 |      20 |    0 |   327 |      0 |      0 |    0 |          2 |
|       MVAU_rtl_7_wstrm                      |                           finn_design_MVAU_rtl_7_wstrm_0 |         62 |         22 |      40 |    0 |    35 |      0 |      0 |    0 |          0 |
|         inst                                |                   memstream_axi_wrapper__parameterized11 |         62 |         22 |      40 |    0 |    35 |      0 |      0 |    0 |          0 |
|     MVAU_rtl_8                              |                                   MVAU_rtl_8_imp_1E7OKDK |        446 |        410 |      36 |    0 |   828 |      0 |      0 |    0 |          4 |
|       MVAU_rtl_8                            |                                 finn_design_MVAU_rtl_8_0 |        410 |        406 |       4 |    0 |   754 |      0 |      0 |    0 |          4 |
|         inst                                |                                               MVAU_rtl_8 |        410 |        406 |       4 |    0 |   754 |      0 |      0 |    0 |          4 |
|       MVAU_rtl_8_wstrm                      |                           finn_design_MVAU_rtl_8_wstrm_0 |         36 |          4 |      32 |    0 |    74 |      0 |      0 |    0 |          0 |
|         inst                                |                   memstream_axi_wrapper__parameterized12 |         36 |          4 |      32 |    0 |    74 |      0 |      0 |    0 |          0 |
|     MVAU_rtl_9                              |                                    MVAU_rtl_9_imp_D54FGN |        101 |         65 |      36 |    0 |   142 |      0 |      0 |    0 |          1 |
|       MVAU_rtl_9                            |                                 finn_design_MVAU_rtl_9_0 |         62 |         58 |       4 |    0 |   116 |      0 |      0 |    0 |          1 |
|         inst                                |                                               MVAU_rtl_9 |         62 |         58 |       4 |    0 |   116 |      0 |      0 |    0 |          1 |
|       MVAU_rtl_9_wstrm                      |                           finn_design_MVAU_rtl_9_wstrm_0 |         39 |          7 |      32 |    0 |    26 |      0 |      0 |    0 |          0 |
|         inst                                |                   memstream_axi_wrapper__parameterized13 |         39 |          7 |      32 |    0 |    26 |      0 |      0 |    0 |          0 |
|     StreamingDataWidthConverter_rtl_0       |          finn_design_StreamingDataWidthConverter_rtl_0_0 |         14 |         14 |       0 |    0 |    77 |      0 |      0 |    0 |          0 |
|       inst                                  |                        StreamingDataWidthConverter_rtl_0 |         14 |         14 |       0 |    0 |    77 |      0 |      0 |    0 |          0 |
|         impl                                |                                              dwc_axi_497 |         14 |         14 |       0 |    0 |    77 |      0 |      0 |    0 |          0 |
|     StreamingDataWidthConverter_rtl_1       |          finn_design_StreamingDataWidthConverter_rtl_1_0 |         70 |         70 |       0 |    0 |    86 |      0 |      0 |    0 |          0 |
|       inst                                  |                        StreamingDataWidthConverter_rtl_1 |         70 |         70 |       0 |    0 |    86 |      0 |      0 |    0 |          0 |
|         impl                                |                              dwc_axi__parameterized0_495 |         70 |         70 |       0 |    0 |    86 |      0 |      0 |    0 |          0 |
|     StreamingDataWidthConverter_rtl_10      |         finn_design_StreamingDataWidthConverter_rtl_10_0 |        235 |        235 |       0 |    0 |   288 |      0 |      0 |    0 |          0 |
|       inst                                  |                       StreamingDataWidthConverter_rtl_10 |        235 |        235 |       0 |    0 |   288 |      0 |      0 |    0 |          0 |
|         impl                                |                              dwc_axi__parameterized1_493 |        235 |        235 |       0 |    0 |   288 |      0 |      0 |    0 |          0 |
|     StreamingDataWidthConverter_rtl_11      |         finn_design_StreamingDataWidthConverter_rtl_11_0 |         20 |         20 |       0 |    0 |    36 |      0 |      0 |    0 |          0 |
|       inst                                  |                       StreamingDataWidthConverter_rtl_11 |         20 |         20 |       0 |    0 |    36 |      0 |      0 |    0 |          0 |
|         impl                                |                              dwc_axi__parameterized2_491 |         20 |         20 |       0 |    0 |    36 |      0 |      0 |    0 |          0 |
|     StreamingDataWidthConverter_rtl_12      |         finn_design_StreamingDataWidthConverter_rtl_12_0 |         14 |         14 |       0 |    0 |    77 |      0 |      0 |    0 |          0 |
|       inst                                  |                       StreamingDataWidthConverter_rtl_12 |         14 |         14 |       0 |    0 |    77 |      0 |      0 |    0 |          0 |
|         impl                                |                                              dwc_axi_489 |         14 |         14 |       0 |    0 |    77 |      0 |      0 |    0 |          0 |
|     StreamingDataWidthConverter_rtl_13      |         finn_design_StreamingDataWidthConverter_rtl_13_0 |         70 |         70 |       0 |    0 |    86 |      0 |      0 |    0 |          0 |
|       inst                                  |                       StreamingDataWidthConverter_rtl_13 |         70 |         70 |       0 |    0 |    86 |      0 |      0 |    0 |          0 |
|         impl                                |                              dwc_axi__parameterized0_487 |         70 |         70 |       0 |    0 |    86 |      0 |      0 |    0 |          0 |
|     StreamingDataWidthConverter_rtl_14      |         finn_design_StreamingDataWidthConverter_rtl_14_0 |         70 |         70 |       0 |    0 |   101 |      0 |      0 |    0 |          0 |
|       inst                                  |                       StreamingDataWidthConverter_rtl_14 |         70 |         70 |       0 |    0 |   101 |      0 |      0 |    0 |          0 |
|         impl                                |                                  dwc_axi__parameterized3 |         70 |         70 |       0 |    0 |   101 |      0 |      0 |    0 |          0 |
|     StreamingDataWidthConverter_rtl_15      |         finn_design_StreamingDataWidthConverter_rtl_15_0 |        168 |        168 |       0 |    0 |   206 |      0 |      0 |    0 |          0 |
|       inst                                  |                       StreamingDataWidthConverter_rtl_15 |        168 |        168 |       0 |    0 |   206 |      0 |      0 |    0 |          0 |
|         impl                                |                                  dwc_axi__parameterized4 |        168 |        168 |       0 |    0 |   206 |      0 |      0 |    0 |          0 |
|     StreamingDataWidthConverter_rtl_16      |         finn_design_StreamingDataWidthConverter_rtl_16_0 |         22 |         22 |       0 |    0 |    36 |      0 |      0 |    0 |          0 |
|       inst                                  |                       StreamingDataWidthConverter_rtl_16 |         22 |         22 |       0 |    0 |    36 |      0 |      0 |    0 |          0 |
|         impl                                |                              dwc_axi__parameterized2_485 |         22 |         22 |       0 |    0 |    36 |      0 |      0 |    0 |          0 |
|     StreamingDataWidthConverter_rtl_17      |         finn_design_StreamingDataWidthConverter_rtl_17_0 |         14 |         14 |       0 |    0 |    77 |      0 |      0 |    0 |          0 |
|       inst                                  |                       StreamingDataWidthConverter_rtl_17 |         14 |         14 |       0 |    0 |    77 |      0 |      0 |    0 |          0 |
|         impl                                |                                              dwc_axi_483 |         14 |         14 |       0 |    0 |    77 |      0 |      0 |    0 |          0 |
|     StreamingDataWidthConverter_rtl_18      |         finn_design_StreamingDataWidthConverter_rtl_18_0 |         73 |         73 |       0 |    0 |    86 |      0 |      0 |    0 |          0 |
|       inst                                  |                       StreamingDataWidthConverter_rtl_18 |         73 |         73 |       0 |    0 |    86 |      0 |      0 |    0 |          0 |
|         impl                                |                              dwc_axi__parameterized0_481 |         73 |         73 |       0 |    0 |    86 |      0 |      0 |    0 |          0 |
|     StreamingDataWidthConverter_rtl_19      |         finn_design_StreamingDataWidthConverter_rtl_19_0 |        302 |        302 |       0 |    0 |   369 |      0 |      0 |    0 |          0 |
|       inst                                  |                       StreamingDataWidthConverter_rtl_19 |        302 |        302 |       0 |    0 |   369 |      0 |      0 |    0 |          0 |
|         impl                                |                                  dwc_axi__parameterized5 |        302 |        302 |       0 |    0 |   369 |      0 |      0 |    0 |          0 |
|     StreamingDataWidthConverter_rtl_2       |          finn_design_StreamingDataWidthConverter_rtl_2_0 |         13 |         13 |       0 |    0 |    27 |      0 |      0 |    0 |          0 |
|       inst                                  |                        StreamingDataWidthConverter_rtl_2 |         13 |         13 |       0 |    0 |    27 |      0 |      0 |    0 |          0 |
|         impl                                |                                  dwc_axi__parameterized6 |         13 |         13 |       0 |    0 |    27 |      0 |      0 |    0 |          0 |
|     StreamingDataWidthConverter_rtl_20      |         finn_design_StreamingDataWidthConverter_rtl_20_0 |         20 |         20 |       0 |    0 |    36 |      0 |      0 |    0 |          0 |
|       inst                                  |                       StreamingDataWidthConverter_rtl_20 |         20 |         20 |       0 |    0 |    36 |      0 |      0 |    0 |          0 |
|         impl                                |                              dwc_axi__parameterized2_479 |         20 |         20 |       0 |    0 |    36 |      0 |      0 |    0 |          0 |
|     StreamingDataWidthConverter_rtl_21      |         finn_design_StreamingDataWidthConverter_rtl_21_0 |         14 |         14 |       0 |    0 |    77 |      0 |      0 |    0 |          0 |
|       inst                                  |                       StreamingDataWidthConverter_rtl_21 |         14 |         14 |       0 |    0 |    77 |      0 |      0 |    0 |          0 |
|         impl                                |                                              dwc_axi_477 |         14 |         14 |       0 |    0 |    77 |      0 |      0 |    0 |          0 |
|     StreamingDataWidthConverter_rtl_22      |         finn_design_StreamingDataWidthConverter_rtl_22_0 |         72 |         72 |       0 |    0 |    86 |      0 |      0 |    0 |          0 |
|       inst                                  |                       StreamingDataWidthConverter_rtl_22 |         72 |         72 |       0 |    0 |    86 |      0 |      0 |    0 |          0 |
|         impl                                |                              dwc_axi__parameterized0_475 |         72 |         72 |       0 |    0 |    86 |      0 |      0 |    0 |          0 |
|     StreamingDataWidthConverter_rtl_23      |         finn_design_StreamingDataWidthConverter_rtl_23_0 |         11 |         11 |       0 |    0 |    36 |      0 |      0 |    0 |          0 |
|       inst                                  |                       StreamingDataWidthConverter_rtl_23 |         11 |         11 |       0 |    0 |    36 |      0 |      0 |    0 |          0 |
|         impl                                |                              dwc_axi__parameterized7_473 |         11 |         11 |       0 |    0 |    36 |      0 |      0 |    0 |          0 |
|     StreamingDataWidthConverter_rtl_24      |         finn_design_StreamingDataWidthConverter_rtl_24_0 |         84 |         84 |       0 |    0 |   125 |      0 |      0 |    0 |          0 |
|       inst                                  |                       StreamingDataWidthConverter_rtl_24 |         84 |         84 |       0 |    0 |   125 |      0 |      0 |    0 |          0 |
|         impl                                |                              dwc_axi__parameterized8_471 |         84 |         84 |       0 |    0 |   125 |      0 |      0 |    0 |          0 |
|     StreamingDataWidthConverter_rtl_3       |          finn_design_StreamingDataWidthConverter_rtl_3_0 |         86 |         86 |       0 |    0 |   125 |      0 |      0 |    0 |          0 |
|       inst                                  |                        StreamingDataWidthConverter_rtl_3 |         86 |         86 |       0 |    0 |   125 |      0 |      0 |    0 |          0 |
|         impl                                |                                  dwc_axi__parameterized8 |         86 |         86 |       0 |    0 |   125 |      0 |      0 |    0 |          0 |
|     StreamingDataWidthConverter_rtl_4       |          finn_design_StreamingDataWidthConverter_rtl_4_0 |        234 |        234 |       0 |    0 |   288 |      0 |      0 |    0 |          0 |
|       inst                                  |                        StreamingDataWidthConverter_rtl_4 |        234 |        234 |       0 |    0 |   288 |      0 |      0 |    0 |          0 |
|         impl                                |                                  dwc_axi__parameterized1 |        234 |        234 |       0 |    0 |   288 |      0 |      0 |    0 |          0 |
|     StreamingDataWidthConverter_rtl_5       |          finn_design_StreamingDataWidthConverter_rtl_5_0 |         22 |         22 |       0 |    0 |    36 |      0 |      0 |    0 |          0 |
|       inst                                  |                        StreamingDataWidthConverter_rtl_5 |         22 |         22 |       0 |    0 |    36 |      0 |      0 |    0 |          0 |
|         impl                                |                                  dwc_axi__parameterized2 |         22 |         22 |       0 |    0 |    36 |      0 |      0 |    0 |          0 |
|     StreamingDataWidthConverter_rtl_6       |          finn_design_StreamingDataWidthConverter_rtl_6_0 |        134 |        134 |       0 |    0 |   166 |      0 |      0 |    0 |          0 |
|       inst                                  |                        StreamingDataWidthConverter_rtl_6 |        134 |        134 |       0 |    0 |   166 |      0 |      0 |    0 |          0 |
|         impl                                |                                  dwc_axi__parameterized9 |        134 |        134 |       0 |    0 |   166 |      0 |      0 |    0 |          0 |
|     StreamingDataWidthConverter_rtl_7       |          finn_design_StreamingDataWidthConverter_rtl_7_0 |         14 |         14 |       0 |    0 |    77 |      0 |      0 |    0 |          0 |
|       inst                                  |                        StreamingDataWidthConverter_rtl_7 |         14 |         14 |       0 |    0 |    77 |      0 |      0 |    0 |          0 |
|         impl                                |                                                  dwc_axi |         14 |         14 |       0 |    0 |    77 |      0 |      0 |    0 |          0 |
|     StreamingDataWidthConverter_rtl_8       |          finn_design_StreamingDataWidthConverter_rtl_8_0 |         69 |         69 |       0 |    0 |    86 |      0 |      0 |    0 |          0 |
|       inst                                  |                        StreamingDataWidthConverter_rtl_8 |         69 |         69 |       0 |    0 |    86 |      0 |      0 |    0 |          0 |
|         impl                                |                                  dwc_axi__parameterized0 |         69 |         69 |       0 |    0 |    86 |      0 |      0 |    0 |          0 |
|     StreamingDataWidthConverter_rtl_9       |          finn_design_StreamingDataWidthConverter_rtl_9_0 |         12 |         12 |       0 |    0 |    36 |      0 |      0 |    0 |          0 |
|       inst                                  |                        StreamingDataWidthConverter_rtl_9 |         12 |         12 |       0 |    0 |    36 |      0 |      0 |    0 |          0 |
|         impl                                |                                  dwc_axi__parameterized7 |         12 |         12 |       0 |    0 |    36 |      0 |      0 |    0 |          0 |
|     StreamingFIFO_rtl_0                     |                        finn_design_StreamingFIFO_rtl_0_0 |         15 |         15 |       0 |    0 |    23 |      0 |      0 |    0 |          0 |
|       inst                                  |                                      StreamingFIFO_rtl_0 |         15 |         15 |       0 |    0 |    23 |      0 |      0 |    0 |          0 |
|         impl                                |                                                Q_srl_470 |         15 |         15 |       0 |    0 |    23 |      0 |      0 |    0 |          0 |
|     StreamingFIFO_rtl_1                     |                        finn_design_StreamingFIFO_rtl_1_0 |         16 |         16 |       0 |    0 |    21 |      0 |      0 |    0 |          0 |
|       inst                                  |                                      StreamingFIFO_rtl_1 |         16 |         16 |       0 |    0 |    21 |      0 |      0 |    0 |          0 |
|         impl                                |                                Q_srl__parameterized0_469 |         16 |         16 |       0 |    0 |    21 |      0 |      0 |    0 |          0 |
|     StreamingFIFO_rtl_10                    |                       finn_design_StreamingFIFO_rtl_10_0 |        110 |         46 |       0 |   64 |    22 |      0 |      0 |    0 |          0 |
|       inst                                  |                                     StreamingFIFO_rtl_10 |        110 |         46 |       0 |   64 |    22 |      0 |      0 |    0 |          0 |
|         impl                                |                                Q_srl__parameterized1_468 |        110 |         46 |       0 |   64 |    22 |      0 |      0 |    0 |          0 |
|     StreamingFIFO_rtl_100                   |                      finn_design_StreamingFIFO_rtl_100_0 |         15 |         15 |       0 |    0 |    23 |      0 |      0 |    0 |          0 |
|       inst                                  |                                    StreamingFIFO_rtl_100 |         15 |         15 |       0 |    0 |    23 |      0 |      0 |    0 |          0 |
|         impl                                |                                                Q_srl_467 |         15 |         15 |       0 |    0 |    23 |      0 |      0 |    0 |          0 |
|     StreamingFIFO_rtl_101                   |                      finn_design_StreamingFIFO_rtl_101_0 |         14 |         14 |       0 |    0 |    21 |      0 |      0 |    0 |          0 |
|       inst                                  |                                    StreamingFIFO_rtl_101 |         14 |         14 |       0 |    0 |    21 |      0 |      0 |    0 |          0 |
|         impl                                |                                Q_srl__parameterized0_466 |         14 |         14 |       0 |    0 |    21 |      0 |      0 |    0 |          0 |
|     StreamingFIFO_rtl_102                   |                      finn_design_StreamingFIFO_rtl_102_0 |         11 |         11 |       0 |    0 |    17 |      0 |      0 |    0 |          0 |
|       inst                                  |                                    StreamingFIFO_rtl_102 |         11 |         11 |       0 |    0 |    17 |      0 |      0 |    0 |          0 |
|         impl                                |                                Q_srl__parameterized0_465 |         11 |         11 |       0 |    0 |    17 |      0 |      0 |    0 |          0 |
|     StreamingFIFO_rtl_103                   |                         StreamingFIFO_rtl_103_imp_K0DRLQ |         99 |         99 |       0 |    0 |    75 |      3 |      0 |    0 |          0 |
|       fifo                                  |                                      finn_design_fifo_39 |         99 |         99 |       0 |    0 |    75 |      3 |      0 |    0 |          0 |
|         inst                                |                     axis_data_fifo_v2_0_9_top__xdcDup__1 |         99 |         99 |       0 |    0 |    75 |      3 |      0 |    0 |          0 |
|     StreamingFIFO_rtl_104                   |                         StreamingFIFO_rtl_104_imp_GSKI9D |         84 |         84 |       0 |    0 |    67 |      1 |      0 |    0 |          0 |
|       fifo                                  |                                      finn_design_fifo_40 |         84 |         84 |       0 |    0 |    67 |      1 |      0 |    0 |          0 |
|         inst                                |     axis_data_fifo_v2_0_9_top__parameterized0__xdcDup__1 |         84 |         84 |       0 |    0 |    67 |      1 |      0 |    0 |          0 |
|     StreamingFIFO_rtl_105                   |                        StreamingFIFO_rtl_105_imp_1ADHO2M |         94 |         94 |       0 |    0 |    71 |      2 |      0 |    0 |          0 |
|       fifo                                  |                                      finn_design_fifo_41 |         94 |         94 |       0 |    0 |    71 |      2 |      0 |    0 |          0 |
|         inst                                |     axis_data_fifo_v2_0_9_top__parameterized1__xdcDup__1 |         94 |         94 |       0 |    0 |    71 |      2 |      0 |    0 |          0 |
|     StreamingFIFO_rtl_106                   |                        StreamingFIFO_rtl_106_imp_1LX2BJI |         80 |         80 |       0 |    0 |    63 |      0 |      1 |    0 |          0 |
|       fifo                                  |                                      finn_design_fifo_42 |         80 |         80 |       0 |    0 |    63 |      0 |      1 |    0 |          0 |
|         inst                                |     axis_data_fifo_v2_0_9_top__parameterized2__xdcDup__1 |         80 |         80 |       0 |    0 |    63 |      0 |      1 |    0 |          0 |
|     StreamingFIFO_rtl_107                   |                         StreamingFIFO_rtl_107_imp_KU46F5 |         84 |         84 |       0 |    0 |    67 |      1 |      0 |    0 |          0 |
|       fifo                                  |                                      finn_design_fifo_43 |         84 |         84 |       0 |    0 |    67 |      1 |      0 |    0 |          0 |
|         inst                                |     axis_data_fifo_v2_0_9_top__parameterized0__xdcDup__2 |         84 |         84 |       0 |    0 |    67 |      1 |      0 |    0 |          0 |
|     StreamingFIFO_rtl_108                   |                         StreamingFIFO_rtl_108_imp_FYTTKG |         70 |         70 |       0 |    0 |    59 |      0 |      1 |    0 |          0 |
|       fifo                                  |                                      finn_design_fifo_44 |         70 |         70 |       0 |    0 |    59 |      0 |      1 |    0 |          0 |
|         inst                                |     axis_data_fifo_v2_0_9_top__parameterized3__xdcDup__1 |         70 |         70 |       0 |    0 |    59 |      0 |      1 |    0 |          0 |
|     StreamingFIFO_rtl_109                   |                        StreamingFIFO_rtl_109_imp_18ZSGBJ |         79 |         79 |       0 |    0 |    63 |      0 |      1 |    0 |          0 |
|       fifo                                  |                                      finn_design_fifo_45 |         79 |         79 |       0 |    0 |    63 |      0 |      1 |    0 |          0 |
|         inst                                |     axis_data_fifo_v2_0_9_top__parameterized2__xdcDup__2 |         79 |         79 |       0 |    0 |    63 |      0 |      1 |    0 |          0 |
|     StreamingFIFO_rtl_11                    |                       finn_design_StreamingFIFO_rtl_11_0 |        108 |         44 |       0 |   64 |    22 |      0 |      0 |    0 |          0 |
|       inst                                  |                                     StreamingFIFO_rtl_11 |        108 |         44 |       0 |   64 |    22 |      0 |      0 |    0 |          0 |
|         impl                                |                                    Q_srl__parameterized2 |        108 |         44 |       0 |   64 |    22 |      0 |      0 |    0 |          0 |
|     StreamingFIFO_rtl_110                   |                      finn_design_StreamingFIFO_rtl_110_0 |         64 |         40 |       0 |   24 |    19 |      0 |      0 |    0 |          0 |
|       inst                                  |                                    StreamingFIFO_rtl_110 |         64 |         40 |       0 |   24 |    19 |      0 |      0 |    0 |          0 |
|         impl                                |                                    Q_srl__parameterized3 |         64 |         40 |       0 |   24 |    19 |      0 |      0 |    0 |          0 |
|     StreamingFIFO_rtl_111                   |                         StreamingFIFO_rtl_111_imp_XRNIEC |         72 |         72 |       0 |    0 |    59 |      0 |      1 |    0 |          0 |
|       fifo                                  |                                      finn_design_fifo_46 |         72 |         72 |       0 |    0 |    59 |      0 |      1 |    0 |          0 |
|         inst                                |     axis_data_fifo_v2_0_9_top__parameterized3__xdcDup__2 |         72 |         72 |       0 |    0 |    59 |      0 |      1 |    0 |          0 |
|     StreamingFIFO_rtl_112                   |                         StreamingFIFO_rtl_112_imp_3XLKPG |         68 |         68 |       0 |    0 |    55 |      0 |      1 |    0 |          0 |
|       fifo                                  |                                      finn_design_fifo_47 |         68 |         68 |       0 |    0 |    55 |      0 |      1 |    0 |          0 |
|         inst                                |     axis_data_fifo_v2_0_9_top__parameterized4__xdcDup__1 |         68 |         68 |       0 |    0 |    55 |      0 |      1 |    0 |          0 |
|     StreamingFIFO_rtl_113                   |                      finn_design_StreamingFIFO_rtl_113_0 |         23 |         23 |       0 |    0 |    39 |      0 |      0 |    0 |          0 |
|       inst                                  |                                    StreamingFIFO_rtl_113 |         23 |         23 |       0 |    0 |    39 |      0 |      0 |    0 |          0 |
|         impl                                |                                Q_srl__parameterized4_410 |         23 |         23 |       0 |    0 |    39 |      0 |      0 |    0 |          0 |
|     StreamingFIFO_rtl_114                   |                      finn_design_StreamingFIFO_rtl_114_0 |         92 |         44 |       0 |   48 |    20 |      0 |      0 |    0 |          0 |
|       inst                                  |                                    StreamingFIFO_rtl_114 |         92 |         44 |       0 |   48 |    20 |      0 |      0 |    0 |          0 |
|         impl                                |                                Q_srl__parameterized1_409 |         92 |         44 |       0 |   48 |    20 |      0 |      0 |    0 |          0 |
|     StreamingFIFO_rtl_115                   |                      finn_design_StreamingFIFO_rtl_115_0 |         62 |         38 |       0 |   24 |    19 |      0 |      0 |    0 |          0 |
|       inst                                  |                                    StreamingFIFO_rtl_115 |         62 |         38 |       0 |   24 |    19 |      0 |      0 |    0 |          0 |
|         impl                                |                                    Q_srl__parameterized5 |         62 |         38 |       0 |   24 |    19 |      0 |      0 |    0 |          0 |
|     StreamingFIFO_rtl_116                   |                      finn_design_StreamingFIFO_rtl_116_0 |         13 |         13 |       0 |    0 |    21 |      0 |      0 |    0 |          0 |
|       inst                                  |                                    StreamingFIFO_rtl_116 |         13 |         13 |       0 |    0 |    21 |      0 |      0 |    0 |          0 |
|         impl                                |                                Q_srl__parameterized0_408 |         13 |         13 |       0 |    0 |    21 |      0 |      0 |    0 |          0 |
|     StreamingFIFO_rtl_117                   |                        StreamingFIFO_rtl_117_imp_15RV8XW |         83 |         83 |       0 |    0 |    79 |      8 |      0 |    0 |          0 |
|       fifo                                  |                                      finn_design_fifo_48 |         83 |         83 |       0 |    0 |    79 |      8 |      0 |    0 |          0 |
|         inst                                |     axis_data_fifo_v2_0_9_top__parameterized5__xdcDup__1 |         83 |         83 |       0 |    0 |    79 |      8 |      0 |    0 |          0 |
|     StreamingFIFO_rtl_118                   |                      finn_design_StreamingFIFO_rtl_118_0 |        153 |         89 |       0 |   64 |    75 |      0 |      0 |    0 |          0 |
|       inst                                  |                                    StreamingFIFO_rtl_118 |        153 |         89 |       0 |   64 |    75 |      0 |      0 |    0 |          0 |
|         impl                                |                                Q_srl__parameterized6_401 |        153 |         89 |       0 |   64 |    75 |      0 |      0 |    0 |          0 |
|     StreamingFIFO_rtl_119                   |                         StreamingFIFO_rtl_119_imp_ZG1O9M |         82 |         82 |       0 |    0 |    79 |      8 |      0 |    0 |          0 |
|       fifo                                  |                                      finn_design_fifo_49 |         82 |         82 |       0 |    0 |    79 |      8 |      0 |    0 |          0 |
|         inst                                |     axis_data_fifo_v2_0_9_top__parameterized5__xdcDup__2 |         82 |         82 |       0 |    0 |    79 |      8 |      0 |    0 |          0 |
|     StreamingFIFO_rtl_12                    |                          StreamingFIFO_rtl_12_imp_3NN44L |         85 |         85 |       0 |    0 |    67 |      1 |      0 |    0 |          0 |
|       fifo                                  |                                       finn_design_fifo_8 |         85 |         85 |       0 |    0 |    67 |      1 |      0 |    0 |          0 |
|         inst                                |     axis_data_fifo_v2_0_9_top__parameterized0__xdcDup__3 |         85 |         85 |       0 |    0 |    67 |      1 |      0 |    0 |          0 |
|     StreamingFIFO_rtl_120                   |                         StreamingFIFO_rtl_120_imp_QLJTXH |         82 |         82 |       0 |    0 |    79 |      8 |      0 |    0 |          0 |
|       fifo                                  |                                      finn_design_fifo_50 |         82 |         82 |       0 |    0 |    79 |      8 |      0 |    0 |          0 |
|         inst                                |     axis_data_fifo_v2_0_9_top__parameterized5__xdcDup__3 |         82 |         82 |       0 |    0 |    79 |      8 |      0 |    0 |          0 |
|     StreamingFIFO_rtl_121                   |                        StreamingFIFO_rtl_121_imp_1IIJDWQ |         84 |         84 |       0 |    0 |    63 |      4 |      0 |    0 |          0 |
|       fifo                                  |                                      finn_design_fifo_51 |         84 |         84 |       0 |    0 |    63 |      4 |      0 |    0 |          0 |
|         inst                                |                axis_data_fifo_v2_0_9_top__parameterized6 |         84 |         84 |       0 |    0 |    63 |      4 |      0 |    0 |          0 |
|     StreamingFIFO_rtl_122                   |                        StreamingFIFO_rtl_122_imp_1DX0CT6 |         80 |         80 |       0 |    0 |    79 |      8 |      0 |    0 |          0 |
|       fifo                                  |                                      finn_design_fifo_52 |         80 |         80 |       0 |    0 |    79 |      8 |      0 |    0 |          0 |
|         inst                                |     axis_data_fifo_v2_0_9_top__parameterized5__xdcDup__4 |         80 |         80 |       0 |    0 |    79 |      8 |      0 |    0 |          0 |
|     StreamingFIFO_rtl_123                   |                         StreamingFIFO_rtl_123_imp_B64P11 |         66 |         66 |       0 |    0 |    55 |      1 |      0 |    0 |          0 |
|       fifo                                  |                                      finn_design_fifo_53 |         66 |         66 |       0 |    0 |    55 |      1 |      0 |    0 |          0 |
|         inst                                |     axis_data_fifo_v2_0_9_top__parameterized7__xdcDup__1 |         66 |         66 |       0 |    0 |    55 |      1 |      0 |    0 |          0 |
|     StreamingFIFO_rtl_124                   |                      finn_design_StreamingFIFO_rtl_124_0 |        557 |        173 |       0 |  384 |    89 |      0 |      0 |    0 |          0 |
|       inst                                  |                                    StreamingFIFO_rtl_124 |        557 |        173 |       0 |  384 |    89 |      0 |      0 |    0 |          0 |
|         impl                                |                                    Q_srl__parameterized7 |        557 |        173 |       0 |  384 |    89 |      0 |      0 |    0 |          0 |
|     StreamingFIFO_rtl_125                   |                        StreamingFIFO_rtl_125_imp_1JCQD05 |        103 |        103 |       0 |    0 |    75 |      4 |      0 |    0 |          0 |
|       fifo                                  |                                      finn_design_fifo_54 |        103 |        103 |       0 |    0 |    75 |      4 |      0 |    0 |          0 |
|         inst                                |                     axis_data_fifo_v2_0_9_top__xdcDup__2 |        103 |        103 |       0 |    0 |    75 |      4 |      0 |    0 |          0 |
|     StreamingFIFO_rtl_126                   |                        StreamingFIFO_rtl_126_imp_1D2T3TX |         85 |         85 |       0 |    0 |    67 |      1 |      0 |    0 |          0 |
|       fifo                                  |                                      finn_design_fifo_55 |         85 |         85 |       0 |    0 |    67 |      1 |      0 |    0 |          0 |
|         inst                                |     axis_data_fifo_v2_0_9_top__parameterized0__xdcDup__4 |         85 |         85 |       0 |    0 |    67 |      1 |      0 |    0 |          0 |
|     StreamingFIFO_rtl_127                   |                         StreamingFIFO_rtl_127_imp_C065SA |         80 |         80 |       0 |    0 |    63 |      0 |      1 |    0 |          0 |
|       fifo                                  |                                      finn_design_fifo_56 |         80 |         80 |       0 |    0 |    63 |      0 |      1 |    0 |          0 |
|         inst                                |     axis_data_fifo_v2_0_9_top__parameterized2__xdcDup__3 |         80 |         80 |       0 |    0 |    63 |      0 |      1 |    0 |          0 |
|     StreamingFIFO_rtl_128                   |                      finn_design_StreamingFIFO_rtl_128_0 |        156 |        108 |       0 |   48 |    70 |      0 |      0 |    0 |          0 |
|       inst                                  |                                    StreamingFIFO_rtl_128 |        156 |        108 |       0 |   48 |    70 |      0 |      0 |    0 |          0 |
|         impl                                |                                Q_srl__parameterized8_346 |        156 |        108 |       0 |   48 |    70 |      0 |      0 |    0 |          0 |
|     StreamingFIFO_rtl_129                   |                        StreamingFIFO_rtl_129_imp_1HYEMZ8 |         82 |         82 |       0 |    0 |    79 |      8 |      0 |    0 |          0 |
|       fifo                                  |                                      finn_design_fifo_57 |         82 |         82 |       0 |    0 |    79 |      8 |      0 |    0 |          0 |
|         inst                                |     axis_data_fifo_v2_0_9_top__parameterized5__xdcDup__5 |         82 |         82 |       0 |    0 |    79 |      8 |      0 |    0 |          0 |
|     StreamingFIFO_rtl_13                    |                         StreamingFIFO_rtl_13_imp_15RMZEY |         82 |         82 |       0 |    0 |    79 |      8 |      0 |    0 |          0 |
|       fifo                                  |                                       finn_design_fifo_9 |         82 |         82 |       0 |    0 |    79 |      8 |      0 |    0 |          0 |
|         inst                                |     axis_data_fifo_v2_0_9_top__parameterized5__xdcDup__6 |         82 |         82 |       0 |    0 |    79 |      8 |      0 |    0 |          0 |
|     StreamingFIFO_rtl_130                   |                        StreamingFIFO_rtl_130_imp_105FCN4 |         83 |         83 |       0 |    0 |    79 |      8 |      0 |    0 |          0 |
|       fifo                                  |                                      finn_design_fifo_58 |         83 |         83 |       0 |    0 |    79 |      8 |      0 |    0 |          0 |
|         inst                                |     axis_data_fifo_v2_0_9_top__parameterized5__xdcDup__7 |         83 |         83 |       0 |    0 |    79 |      8 |      0 |    0 |          0 |
|     StreamingFIFO_rtl_131                   |                         StreamingFIFO_rtl_131_imp_77265R |         79 |         79 |       0 |    0 |    79 |      8 |      0 |    0 |          0 |
|       fifo                                  |                                      finn_design_fifo_59 |         79 |         79 |       0 |    0 |    79 |      8 |      0 |    0 |          0 |
|         inst                                |     axis_data_fifo_v2_0_9_top__parameterized5__xdcDup__8 |         79 |         79 |       0 |    0 |    79 |      8 |      0 |    0 |          0 |
|     StreamingFIFO_rtl_132                   |                         StreamingFIFO_rtl_132_imp_UN73HB |         82 |         82 |       0 |    0 |    79 |      8 |      0 |    0 |          0 |
|       fifo                                  |                                      finn_design_fifo_60 |         82 |         82 |       0 |    0 |    79 |      8 |      0 |    0 |          0 |
|         inst                                |     axis_data_fifo_v2_0_9_top__parameterized5__xdcDup__9 |         82 |         82 |       0 |    0 |    79 |      8 |      0 |    0 |          0 |
|     StreamingFIFO_rtl_133                   |                        StreamingFIFO_rtl_133_imp_1W7JMLS |         83 |         83 |       0 |    0 |    79 |      8 |      0 |    0 |          0 |
|       fifo                                  |                                      finn_design_fifo_61 |         83 |         83 |       0 |    0 |    79 |      8 |      0 |    0 |          0 |
|         inst                                |    axis_data_fifo_v2_0_9_top__parameterized5__xdcDup__10 |         83 |         83 |       0 |    0 |    79 |      8 |      0 |    0 |          0 |
|     StreamingFIFO_rtl_134                   |                         StreamingFIFO_rtl_134_imp_ZVIIM7 |         82 |         82 |       0 |    0 |    79 |      8 |      0 |    0 |          0 |
|       fifo                                  |                                      finn_design_fifo_62 |         82 |         82 |       0 |    0 |    79 |      8 |      0 |    0 |          0 |
|         inst                                |    axis_data_fifo_v2_0_9_top__parameterized5__xdcDup__11 |         82 |         82 |       0 |    0 |    79 |      8 |      0 |    0 |          0 |
|     StreamingFIFO_rtl_135                   |                         StreamingFIFO_rtl_135_imp_7GT780 |         80 |         80 |       0 |    0 |    79 |      8 |      0 |    0 |          0 |
|       fifo                                  |                                      finn_design_fifo_63 |         80 |         80 |       0 |    0 |    79 |      8 |      0 |    0 |          0 |
|         inst                                |    axis_data_fifo_v2_0_9_top__parameterized5__xdcDup__12 |         80 |         80 |       0 |    0 |    79 |      8 |      0 |    0 |          0 |
|     StreamingFIFO_rtl_136                   |                         StreamingFIFO_rtl_136_imp_UDFMZK |         82 |         82 |       0 |    0 |    79 |      8 |      0 |    0 |          0 |
|       fifo                                  |                                      finn_design_fifo_64 |         82 |         82 |       0 |    0 |    79 |      8 |      0 |    0 |          0 |
|         inst                                |    axis_data_fifo_v2_0_9_top__parameterized5__xdcDup__13 |         82 |         82 |       0 |    0 |    79 |      8 |      0 |    0 |          0 |
|     StreamingFIFO_rtl_137                   |                        StreamingFIFO_rtl_137_imp_1WHG7KF |         80 |         80 |       0 |    0 |    79 |      8 |      0 |    0 |          0 |
|       fifo                                  |                                      finn_design_fifo_65 |         80 |         80 |       0 |    0 |    79 |      8 |      0 |    0 |          0 |
|         inst                                |    axis_data_fifo_v2_0_9_top__parameterized5__xdcDup__14 |         80 |         80 |       0 |    0 |    79 |      8 |      0 |    0 |          0 |
|     StreamingFIFO_rtl_138                   |                      finn_design_StreamingFIFO_rtl_138_0 |         28 |         28 |       0 |    0 |    45 |      0 |      0 |    0 |          0 |
|       inst                                  |                                    StreamingFIFO_rtl_138 |         28 |         28 |       0 |    0 |    45 |      0 |      0 |    0 |          0 |
|         impl                                |                                Q_srl__parameterized4_285 |         28 |         28 |       0 |    0 |    45 |      0 |      0 |    0 |          0 |
|     StreamingFIFO_rtl_139                   |                      finn_design_StreamingFIFO_rtl_139_0 |         14 |         14 |       0 |    0 |    21 |      0 |      0 |    0 |          0 |
|       inst                                  |                                    StreamingFIFO_rtl_139 |         14 |         14 |       0 |    0 |    21 |      0 |      0 |    0 |          0 |
|         impl                                |                                Q_srl__parameterized0_284 |         14 |         14 |       0 |    0 |    21 |      0 |      0 |    0 |          0 |
|     StreamingFIFO_rtl_14                    |                       finn_design_StreamingFIFO_rtl_14_0 |         71 |         39 |       0 |   32 |    21 |      0 |      0 |    0 |          0 |
|       inst                                  |                                     StreamingFIFO_rtl_14 |         71 |         39 |       0 |   32 |    21 |      0 |      0 |    0 |          0 |
|         impl                                |                                    Q_srl__parameterized9 |         71 |         39 |       0 |   32 |    21 |      0 |      0 |    0 |          0 |
|     StreamingFIFO_rtl_140                   |                      finn_design_StreamingFIFO_rtl_140_0 |        295 |        295 |       0 |    0 |   590 |      0 |      0 |    0 |          0 |
|       inst                                  |                                    StreamingFIFO_rtl_140 |        295 |        295 |       0 |    0 |   590 |      0 |      0 |    0 |          0 |
|         impl                                |                                   Q_srl__parameterized10 |        295 |        295 |       0 |    0 |   590 |      0 |      0 |    0 |          0 |
|     StreamingFIFO_rtl_141                   |                      finn_design_StreamingFIFO_rtl_141_0 |         44 |         44 |       0 |    0 |    77 |      0 |      0 |    0 |          0 |
|       inst                                  |                                    StreamingFIFO_rtl_141 |         44 |         44 |       0 |    0 |    77 |      0 |      0 |    0 |          0 |
|         impl                                |                                   Q_srl__parameterized11 |         44 |         44 |       0 |    0 |    77 |      0 |      0 |    0 |          0 |
|     StreamingFIFO_rtl_142                   |                      finn_design_StreamingFIFO_rtl_142_0 |         57 |         41 |       0 |   16 |    27 |      0 |      0 |    0 |          0 |
|       inst                                  |                                    StreamingFIFO_rtl_142 |         57 |         41 |       0 |   16 |    27 |      0 |      0 |    0 |          0 |
|         impl                                |                               Q_srl__parameterized12_283 |         57 |         41 |       0 |   16 |    27 |      0 |      0 |    0 |          0 |
|     StreamingFIFO_rtl_143                   |                      finn_design_StreamingFIFO_rtl_143_0 |         13 |         13 |       0 |    0 |    21 |      0 |      0 |    0 |          0 |
|       inst                                  |                                    StreamingFIFO_rtl_143 |         13 |         13 |       0 |    0 |    21 |      0 |      0 |    0 |          0 |
|         impl                                |                                Q_srl__parameterized0_282 |         13 |         13 |       0 |    0 |    21 |      0 |      0 |    0 |          0 |
|     StreamingFIFO_rtl_144                   |                      finn_design_StreamingFIFO_rtl_144_0 |         15 |         15 |       0 |    0 |    23 |      0 |      0 |    0 |          0 |
|       inst                                  |                                    StreamingFIFO_rtl_144 |         15 |         15 |       0 |    0 |    23 |      0 |      0 |    0 |          0 |
|         impl                                |                                                Q_srl_281 |         15 |         15 |       0 |    0 |    23 |      0 |      0 |    0 |          0 |
|     StreamingFIFO_rtl_145                   |                      finn_design_StreamingFIFO_rtl_145_0 |         14 |         14 |       0 |    0 |    21 |      0 |      0 |    0 |          0 |
|       inst                                  |                                    StreamingFIFO_rtl_145 |         14 |         14 |       0 |    0 |    21 |      0 |      0 |    0 |          0 |
|         impl                                |                                Q_srl__parameterized0_280 |         14 |         14 |       0 |    0 |    21 |      0 |      0 |    0 |          0 |
|     StreamingFIFO_rtl_146                   |                      finn_design_StreamingFIFO_rtl_146_0 |         13 |         13 |       0 |    0 |    21 |      0 |      0 |    0 |          0 |
|       inst                                  |                                    StreamingFIFO_rtl_146 |         13 |         13 |       0 |    0 |    21 |      0 |      0 |    0 |          0 |
|         impl                                |                                Q_srl__parameterized0_279 |         13 |         13 |       0 |    0 |    21 |      0 |      0 |    0 |          0 |
|     StreamingFIFO_rtl_147                   |                      finn_design_StreamingFIFO_rtl_147_0 |         14 |         14 |       0 |    0 |    21 |      0 |      0 |    0 |          0 |
|       inst                                  |                                    StreamingFIFO_rtl_147 |         14 |         14 |       0 |    0 |    21 |      0 |      0 |    0 |          0 |
|         impl                                |                                Q_srl__parameterized0_278 |         14 |         14 |       0 |    0 |    21 |      0 |      0 |    0 |          0 |
|     StreamingFIFO_rtl_148                   |                      finn_design_StreamingFIFO_rtl_148_0 |         13 |         13 |       0 |    0 |    21 |      0 |      0 |    0 |          0 |
|       inst                                  |                                    StreamingFIFO_rtl_148 |         13 |         13 |       0 |    0 |    21 |      0 |      0 |    0 |          0 |
|         impl                                |                                Q_srl__parameterized0_277 |         13 |         13 |       0 |    0 |    21 |      0 |      0 |    0 |          0 |
|     StreamingFIFO_rtl_149                   |                      finn_design_StreamingFIFO_rtl_149_0 |         28 |         28 |       0 |    0 |    45 |      0 |      0 |    0 |          0 |
|       inst                                  |                                    StreamingFIFO_rtl_149 |         28 |         28 |       0 |    0 |    45 |      0 |      0 |    0 |          0 |
|         impl                                |                                Q_srl__parameterized4_276 |         28 |         28 |       0 |    0 |    45 |      0 |      0 |    0 |          0 |
|     StreamingFIFO_rtl_15                    |                          StreamingFIFO_rtl_15_imp_XRPGDM |         81 |         81 |       0 |    0 |    79 |      8 |      0 |    0 |          0 |
|       fifo                                  |                                      finn_design_fifo_10 |         81 |         81 |       0 |    0 |    79 |      8 |      0 |    0 |          0 |
|         inst                                |    axis_data_fifo_v2_0_9_top__parameterized5__xdcDup__15 |         81 |         81 |       0 |    0 |    79 |      8 |      0 |    0 |          0 |
|     StreamingFIFO_rtl_150                   |                         StreamingFIFO_rtl_150_imp_9MHEE5 |         86 |         86 |       0 |    0 |    67 |      1 |      0 |    0 |          0 |
|       fifo                                  |                                      finn_design_fifo_66 |         86 |         86 |       0 |    0 |    67 |      1 |      0 |    0 |          0 |
|         inst                                |     axis_data_fifo_v2_0_9_top__parameterized0__xdcDup__5 |         86 |         86 |       0 |    0 |    67 |      1 |      0 |    0 |          0 |
|     StreamingFIFO_rtl_151                   |                      finn_design_StreamingFIFO_rtl_151_0 |         69 |         45 |       0 |   24 |    21 |      0 |      0 |    0 |          0 |
|       inst                                  |                                    StreamingFIFO_rtl_151 |         69 |         45 |       0 |   24 |    21 |      0 |      0 |    0 |          0 |
|         impl                                |                                   Q_srl__parameterized13 |         69 |         45 |       0 |   24 |    21 |      0 |      0 |    0 |          0 |
|     StreamingFIFO_rtl_152                   |                      finn_design_StreamingFIFO_rtl_152_0 |         14 |         14 |       0 |    0 |    21 |      0 |      0 |    0 |          0 |
|       inst                                  |                                    StreamingFIFO_rtl_152 |         14 |         14 |       0 |    0 |    21 |      0 |      0 |    0 |          0 |
|         impl                                |                                Q_srl__parameterized0_263 |         14 |         14 |       0 |    0 |    21 |      0 |      0 |    0 |          0 |
|     StreamingFIFO_rtl_153                   |                      finn_design_StreamingFIFO_rtl_153_0 |         70 |         70 |       0 |    0 |   133 |      0 |      0 |    0 |          0 |
|       inst                                  |                                    StreamingFIFO_rtl_153 |         70 |         70 |       0 |    0 |   133 |      0 |      0 |    0 |          0 |
|         impl                                |                               Q_srl__parameterized14_262 |         70 |         70 |       0 |    0 |   133 |      0 |      0 |    0 |          0 |
|     StreamingFIFO_rtl_154                   |                      finn_design_StreamingFIFO_rtl_154_0 |        623 |        111 |       0 |  512 |    90 |      0 |      0 |    0 |          0 |
|       inst                                  |                                    StreamingFIFO_rtl_154 |        623 |        111 |       0 |  512 |    90 |      0 |      0 |    0 |          0 |
|         impl                                |                                   Q_srl__parameterized15 |        623 |        111 |       0 |  512 |    90 |      0 |      0 |    0 |          0 |
|     StreamingFIFO_rtl_155                   |                        StreamingFIFO_rtl_155_imp_1FME39P |        363 |        107 |     256 |    0 |    75 |      0 |      0 |    0 |          0 |
|       fifo                                  |                                      finn_design_fifo_67 |        363 |        107 |     256 |    0 |    75 |      0 |      0 |    0 |          0 |
|         inst                                |     axis_data_fifo_v2_0_9_top__parameterized3__xdcDup__3 |        363 |        107 |     256 |    0 |    75 |      0 |      0 |    0 |          0 |
|     StreamingFIFO_rtl_156                   |                        StreamingFIFO_rtl_156_imp_1L1EBY5 |        210 |         82 |     128 |    0 |    71 |      0 |      0 |    0 |          0 |
|       fifo                                  |                                      finn_design_fifo_68 |        210 |         82 |     128 |    0 |    71 |      0 |      0 |    0 |          0 |
|         inst                                |     axis_data_fifo_v2_0_9_top__parameterized4__xdcDup__2 |        210 |         82 |     128 |    0 |    71 |      0 |      0 |    0 |          0 |
|     StreamingFIFO_rtl_157                   |                      finn_design_StreamingFIFO_rtl_157_0 |        110 |         46 |       0 |   64 |    22 |      0 |      0 |    0 |          0 |
|       inst                                  |                                    StreamingFIFO_rtl_157 |        110 |         46 |       0 |   64 |    22 |      0 |      0 |    0 |          0 |
|         impl                                |                                Q_srl__parameterized1_249 |        110 |         46 |       0 |   64 |    22 |      0 |      0 |    0 |          0 |
|     StreamingFIFO_rtl_158                   |                      finn_design_StreamingFIFO_rtl_158_0 |        101 |         61 |       0 |   40 |    64 |      0 |      0 |    0 |          0 |
|       inst                                  |                                    StreamingFIFO_rtl_158 |        101 |         61 |       0 |   40 |    64 |      0 |      0 |    0 |          0 |
|         impl                                |                               Q_srl__parameterized16_248 |        101 |         61 |       0 |   40 |    64 |      0 |      0 |    0 |          0 |
|     StreamingFIFO_rtl_159                   |                      finn_design_StreamingFIFO_rtl_159_0 |         13 |         13 |       0 |    0 |    21 |      0 |      0 |    0 |          0 |
|       inst                                  |                                    StreamingFIFO_rtl_159 |         13 |         13 |       0 |    0 |    21 |      0 |      0 |    0 |          0 |
|         impl                                |                                Q_srl__parameterized0_247 |         13 |         13 |       0 |    0 |    21 |      0 |      0 |    0 |          0 |
|     StreamingFIFO_rtl_16                    |                          StreamingFIFO_rtl_16_imp_3XK0KA |         81 |         81 |       0 |    0 |    79 |      8 |      0 |    0 |          0 |
|       fifo                                  |                                      finn_design_fifo_11 |         81 |         81 |       0 |    0 |    79 |      8 |      0 |    0 |          0 |
|         inst                                |    axis_data_fifo_v2_0_9_top__parameterized5__xdcDup__16 |         81 |         81 |       0 |    0 |    79 |      8 |      0 |    0 |          0 |
|     StreamingFIFO_rtl_160                   |                      finn_design_StreamingFIFO_rtl_160_0 |         29 |         29 |       0 |    0 |    53 |      0 |      0 |    0 |          0 |
|       inst                                  |                                    StreamingFIFO_rtl_160 |         29 |         29 |       0 |    0 |    53 |      0 |      0 |    0 |          0 |
|         impl                                |                                Q_srl__parameterized4_240 |         29 |         29 |       0 |    0 |    53 |      0 |      0 |    0 |          0 |
|     StreamingFIFO_rtl_161                   |                      finn_design_StreamingFIFO_rtl_161_0 |         85 |         85 |       0 |    0 |   165 |      0 |      0 |    0 |          0 |
|       inst                                  |                                    StreamingFIFO_rtl_161 |         85 |         85 |       0 |    0 |   165 |      0 |      0 |    0 |          0 |
|         impl                                |                               Q_srl__parameterized17_239 |         85 |         85 |       0 |    0 |   165 |      0 |      0 |    0 |          0 |
|     StreamingFIFO_rtl_162                   |                      finn_design_StreamingFIFO_rtl_162_0 |         26 |         26 |       0 |    0 |    45 |      0 |      0 |    0 |          0 |
|       inst                                  |                                    StreamingFIFO_rtl_162 |         26 |         26 |       0 |    0 |    45 |      0 |      0 |    0 |          0 |
|         impl                                |                                Q_srl__parameterized4_238 |         26 |         26 |       0 |    0 |    45 |      0 |      0 |    0 |          0 |
|     StreamingFIFO_rtl_163                   |                        StreamingFIFO_rtl_163_imp_1SN6QLF |         69 |         69 |       0 |    0 |    55 |      0 |      1 |    0 |          0 |
|       fifo                                  |                                      finn_design_fifo_69 |         69 |         69 |       0 |    0 |    55 |      0 |      1 |    0 |          0 |
|         inst                                |     axis_data_fifo_v2_0_9_top__parameterized4__xdcDup__3 |         69 |         69 |       0 |    0 |    55 |      0 |      1 |    0 |          0 |
|     StreamingFIFO_rtl_164                   |                      finn_design_StreamingFIFO_rtl_164_0 |         79 |         47 |       0 |   32 |    18 |      0 |      0 |    0 |          0 |
|       inst                                  |                                    StreamingFIFO_rtl_164 |         79 |         47 |       0 |   32 |    18 |      0 |      0 |    0 |          0 |
|         impl                                |                               Q_srl__parameterized18_231 |         79 |         47 |       0 |   32 |    18 |      0 |      0 |    0 |          0 |
|     StreamingFIFO_rtl_165                   |                      finn_design_StreamingFIFO_rtl_165_0 |         18 |         18 |       0 |    0 |    25 |      0 |      0 |    0 |          0 |
|       inst                                  |                                    StreamingFIFO_rtl_165 |         18 |         18 |       0 |    0 |    25 |      0 |      0 |    0 |          0 |
|         impl                                |                                                Q_srl_230 |         18 |         18 |       0 |    0 |    25 |      0 |      0 |    0 |          0 |
|     StreamingFIFO_rtl_166                   |                      finn_design_StreamingFIFO_rtl_166_0 |         13 |         13 |       0 |    0 |    21 |      0 |      0 |    0 |          0 |
|       inst                                  |                                    StreamingFIFO_rtl_166 |         13 |         13 |       0 |    0 |    21 |      0 |      0 |    0 |          0 |
|         impl                                |                                Q_srl__parameterized0_229 |         13 |         13 |       0 |    0 |    21 |      0 |      0 |    0 |          0 |
|     StreamingFIFO_rtl_167                   |                      finn_design_StreamingFIFO_rtl_167_0 |         14 |         14 |       0 |    0 |    23 |      0 |      0 |    0 |          0 |
|       inst                                  |                                    StreamingFIFO_rtl_167 |         14 |         14 |       0 |    0 |    23 |      0 |      0 |    0 |          0 |
|         impl                                |                                                Q_srl_228 |         14 |         14 |       0 |    0 |    23 |      0 |      0 |    0 |          0 |
|     StreamingFIFO_rtl_17                    |                         StreamingFIFO_rtl_17_imp_15HVUET |         80 |         80 |       0 |    0 |    79 |      8 |      0 |    0 |          0 |
|       fifo                                  |                                      finn_design_fifo_12 |         80 |         80 |       0 |    0 |    79 |      8 |      0 |    0 |          0 |
|         inst                                |    axis_data_fifo_v2_0_9_top__parameterized5__xdcDup__17 |         80 |         80 |       0 |    0 |    79 |      8 |      0 |    0 |          0 |
|     StreamingFIFO_rtl_18                    |                         StreamingFIFO_rtl_18_imp_1S4F2RO |         82 |         82 |       0 |    0 |    79 |      8 |      0 |    0 |          0 |
|       fifo                                  |                                      finn_design_fifo_13 |         82 |         82 |       0 |    0 |    79 |      8 |      0 |    0 |          0 |
|         inst                                |    axis_data_fifo_v2_0_9_top__parameterized5__xdcDup__18 |         82 |         82 |       0 |    0 |    79 |      8 |      0 |    0 |          0 |
|     StreamingFIFO_rtl_19                    |                          StreamingFIFO_rtl_19_imp_YM2KRV |         82 |         82 |       0 |    0 |    79 |      8 |      0 |    0 |          0 |
|       fifo                                  |                                      finn_design_fifo_14 |         82 |         82 |       0 |    0 |    79 |      8 |      0 |    0 |          0 |
|         inst                                |    axis_data_fifo_v2_0_9_top__parameterized5__xdcDup__19 |         82 |         82 |       0 |    0 |    79 |      8 |      0 |    0 |          0 |
|     StreamingFIFO_rtl_2                     |                          StreamingFIFO_rtl_2_imp_1FWKJ6V |         81 |         81 |       0 |    0 |    79 |      8 |      0 |    0 |          0 |
|       fifo                                  |                                       finn_design_fifo_0 |         81 |         81 |       0 |    0 |    79 |      8 |      0 |    0 |          0 |
|         inst                                |    axis_data_fifo_v2_0_9_top__parameterized5__xdcDup__20 |         81 |         81 |       0 |    0 |    79 |      8 |      0 |    0 |          0 |
|     StreamingFIFO_rtl_20                    |                       finn_design_StreamingFIFO_rtl_20_0 |         25 |         25 |       0 |    0 |    43 |      0 |      0 |    0 |          0 |
|       inst                                  |                                     StreamingFIFO_rtl_20 |         25 |         25 |       0 |    0 |    43 |      0 |      0 |    0 |          0 |
|         impl                                |                                Q_srl__parameterized4_203 |         25 |         25 |       0 |    0 |    43 |      0 |      0 |    0 |          0 |
|     StreamingFIFO_rtl_21                    |                         StreamingFIFO_rtl_21_imp_1JCHQQJ |         82 |         82 |       0 |    0 |    79 |      8 |      0 |    0 |          0 |
|       fifo                                  |                                      finn_design_fifo_15 |         82 |         82 |       0 |    0 |    79 |      8 |      0 |    0 |          0 |
|         inst                                |    axis_data_fifo_v2_0_9_top__parameterized5__xdcDup__21 |         82 |         82 |       0 |    0 |    79 |      8 |      0 |    0 |          0 |
|     StreamingFIFO_rtl_22                    |                         StreamingFIFO_rtl_22_imp_1D321KB |         81 |         81 |       0 |    0 |    79 |      8 |      0 |    0 |          0 |
|       fifo                                  |                                      finn_design_fifo_16 |         81 |         81 |       0 |    0 |    79 |      8 |      0 |    0 |          0 |
|         inst                                |    axis_data_fifo_v2_0_9_top__parameterized5__xdcDup__22 |         81 |         81 |       0 |    0 |    79 |      8 |      0 |    0 |          0 |
|     StreamingFIFO_rtl_23                    |                       finn_design_StreamingFIFO_rtl_23_0 |         13 |         13 |       0 |    0 |    21 |      0 |      0 |    0 |          0 |
|       inst                                  |                                     StreamingFIFO_rtl_23 |         13 |         13 |       0 |    0 |    21 |      0 |      0 |    0 |          0 |
|         impl                                |                                Q_srl__parameterized0_190 |         13 |         13 |       0 |    0 |    21 |      0 |      0 |    0 |          0 |
|     StreamingFIFO_rtl_24                    |                       finn_design_StreamingFIFO_rtl_24_0 |         69 |         69 |       0 |    0 |   133 |      0 |      0 |    0 |          0 |
|       inst                                  |                                     StreamingFIFO_rtl_24 |         69 |         69 |       0 |    0 |   133 |      0 |      0 |    0 |          0 |
|         impl                                |                               Q_srl__parameterized14_189 |         69 |         69 |       0 |    0 |   133 |      0 |      0 |    0 |          0 |
|     StreamingFIFO_rtl_25                    |                       finn_design_StreamingFIFO_rtl_25_0 |        631 |        119 |       0 |  512 |    95 |      0 |      0 |    0 |          0 |
|       inst                                  |                                     StreamingFIFO_rtl_25 |        631 |        119 |       0 |  512 |    95 |      0 |      0 |    0 |          0 |
|         impl                                |                                   Q_srl__parameterized19 |        631 |        119 |       0 |  512 |    95 |      0 |      0 |    0 |          0 |
|     StreamingFIFO_rtl_26                    |                         StreamingFIFO_rtl_26_imp_1DWS2L0 |        365 |        109 |     256 |    0 |    75 |      0 |      0 |    0 |          0 |
|       fifo                                  |                                      finn_design_fifo_17 |        365 |        109 |     256 |    0 |    75 |      0 |      0 |    0 |          0 |
|         inst                                |     axis_data_fifo_v2_0_9_top__parameterized3__xdcDup__4 |        365 |        109 |     256 |    0 |    75 |      0 |      0 |    0 |          0 |
|     StreamingFIFO_rtl_27                    |                          StreamingFIFO_rtl_27_imp_B68EBF |        209 |         81 |     128 |    0 |    71 |      0 |      0 |    0 |          0 |
|       fifo                                  |                                      finn_design_fifo_18 |        209 |         81 |     128 |    0 |    71 |      0 |      0 |    0 |          0 |
|         inst                                |     axis_data_fifo_v2_0_9_top__parameterized4__xdcDup__4 |        209 |         81 |     128 |    0 |    71 |      0 |      0 |    0 |          0 |
|     StreamingFIFO_rtl_28                    |                       finn_design_StreamingFIFO_rtl_28_0 |        111 |         47 |       0 |   64 |    22 |      0 |      0 |    0 |          0 |
|       inst                                  |                                     StreamingFIFO_rtl_28 |        111 |         47 |       0 |   64 |    22 |      0 |      0 |    0 |          0 |
|         impl                                |                                Q_srl__parameterized1_176 |        111 |         47 |       0 |   64 |    22 |      0 |      0 |    0 |          0 |
|     StreamingFIFO_rtl_29                    |                       finn_design_StreamingFIFO_rtl_29_0 |        101 |         53 |       0 |   48 |    22 |      0 |      0 |    0 |          0 |
|       inst                                  |                                     StreamingFIFO_rtl_29 |        101 |         53 |       0 |   48 |    22 |      0 |      0 |    0 |          0 |
|         impl                                |                                    Q_srl__parameterized8 |        101 |         53 |       0 |   48 |    22 |      0 |      0 |    0 |          0 |
|     StreamingFIFO_rtl_3                     |                           StreamingFIFO_rtl_3_imp_92O214 |         81 |         81 |       0 |    0 |    79 |      8 |      0 |    0 |          0 |
|       fifo                                  |                                       finn_design_fifo_1 |         81 |         81 |       0 |    0 |    79 |      8 |      0 |    0 |          0 |
|         inst                                |                axis_data_fifo_v2_0_9_top__parameterized5 |         81 |         81 |       0 |    0 |    79 |      8 |      0 |    0 |          0 |
|     StreamingFIFO_rtl_30                    |                       finn_design_StreamingFIFO_rtl_30_0 |         15 |         15 |       0 |    0 |    21 |      0 |      0 |    0 |          0 |
|       inst                                  |                                     StreamingFIFO_rtl_30 |         15 |         15 |       0 |    0 |    21 |      0 |      0 |    0 |          0 |
|         impl                                |                                Q_srl__parameterized0_171 |         15 |         15 |       0 |    0 |    21 |      0 |      0 |    0 |          0 |
|     StreamingFIFO_rtl_31                    |                       finn_design_StreamingFIFO_rtl_31_0 |         22 |         22 |       0 |    0 |    37 |      0 |      0 |    0 |          0 |
|       inst                                  |                                     StreamingFIFO_rtl_31 |         22 |         22 |       0 |    0 |    37 |      0 |      0 |    0 |          0 |
|         impl                                |                                                Q_srl_170 |         22 |         22 |       0 |    0 |    37 |      0 |      0 |    0 |          0 |
|     StreamingFIFO_rtl_32                    |                       finn_design_StreamingFIFO_rtl_32_0 |         85 |         85 |       0 |    0 |   165 |      0 |      0 |    0 |          0 |
|       inst                                  |                                     StreamingFIFO_rtl_32 |         85 |         85 |       0 |    0 |   165 |      0 |      0 |    0 |          0 |
|         impl                                |                                   Q_srl__parameterized17 |         85 |         85 |       0 |    0 |   165 |      0 |      0 |    0 |          0 |
|     StreamingFIFO_rtl_33                    |                       finn_design_StreamingFIFO_rtl_33_0 |         26 |         26 |       0 |    0 |    45 |      0 |      0 |    0 |          0 |
|       inst                                  |                                     StreamingFIFO_rtl_33 |         26 |         26 |       0 |    0 |    45 |      0 |      0 |    0 |          0 |
|         impl                                |                                Q_srl__parameterized4_169 |         26 |         26 |       0 |    0 |    45 |      0 |      0 |    0 |          0 |
|     StreamingFIFO_rtl_34                    |                       finn_design_StreamingFIFO_rtl_34_0 |         13 |         13 |       0 |    0 |    21 |      0 |      0 |    0 |          0 |
|       inst                                  |                                     StreamingFIFO_rtl_34 |         13 |         13 |       0 |    0 |    21 |      0 |      0 |    0 |          0 |
|         impl                                |                                Q_srl__parameterized0_168 |         13 |         13 |       0 |    0 |    21 |      0 |      0 |    0 |          0 |
|     StreamingFIFO_rtl_35                    |                       finn_design_StreamingFIFO_rtl_35_0 |        230 |        230 |       0 |    0 |   459 |      0 |      0 |    0 |          0 |
|       inst                                  |                                     StreamingFIFO_rtl_35 |        230 |        230 |       0 |    0 |   459 |      0 |      0 |    0 |          0 |
|         impl                                |                               Q_srl__parameterized20_167 |        230 |        230 |       0 |    0 |   459 |      0 |      0 |    0 |          0 |
|     StreamingFIFO_rtl_36                    |                       finn_design_StreamingFIFO_rtl_36_0 |         34 |         34 |       0 |    0 |    61 |      0 |      0 |    0 |          0 |
|       inst                                  |                                     StreamingFIFO_rtl_36 |         34 |         34 |       0 |    0 |    61 |      0 |      0 |    0 |          0 |
|         impl                                |                               Q_srl__parameterized21_166 |         34 |         34 |       0 |    0 |    61 |      0 |      0 |    0 |          0 |
|     StreamingFIFO_rtl_37                    |                       finn_design_StreamingFIFO_rtl_37_0 |         58 |         42 |       0 |   16 |    27 |      0 |      0 |    0 |          0 |
|       inst                                  |                                     StreamingFIFO_rtl_37 |         58 |         42 |       0 |   16 |    27 |      0 |      0 |    0 |          0 |
|         impl                                |                               Q_srl__parameterized12_165 |         58 |         42 |       0 |   16 |    27 |      0 |      0 |    0 |          0 |
|     StreamingFIFO_rtl_38                    |                       finn_design_StreamingFIFO_rtl_38_0 |         15 |         15 |       0 |    0 |    21 |      0 |      0 |    0 |          0 |
|       inst                                  |                                     StreamingFIFO_rtl_38 |         15 |         15 |       0 |    0 |    21 |      0 |      0 |    0 |          0 |
|         impl                                |                                Q_srl__parameterized0_164 |         15 |         15 |       0 |    0 |    21 |      0 |      0 |    0 |          0 |
|     StreamingFIFO_rtl_39                    |                       finn_design_StreamingFIFO_rtl_39_0 |         17 |         17 |       0 |    0 |    23 |      0 |      0 |    0 |          0 |
|       inst                                  |                                     StreamingFIFO_rtl_39 |         17 |         17 |       0 |    0 |    23 |      0 |      0 |    0 |          0 |
|         impl                                |                                                Q_srl_163 |         17 |         17 |       0 |    0 |    23 |      0 |      0 |    0 |          0 |
|     StreamingFIFO_rtl_4                     |                           StreamingFIFO_rtl_4_imp_NCSU6F |        102 |        102 |       0 |    0 |    75 |      4 |      0 |    0 |          0 |
|       fifo                                  |                                       finn_design_fifo_2 |        102 |        102 |       0 |    0 |    75 |      4 |      0 |    0 |          0 |
|         inst                                |                     axis_data_fifo_v2_0_9_top__xdcDup__3 |        102 |        102 |       0 |    0 |    75 |      4 |      0 |    0 |          0 |
|     StreamingFIFO_rtl_40                    |                       finn_design_StreamingFIFO_rtl_40_0 |         15 |         15 |       0 |    0 |    21 |      0 |      0 |    0 |          0 |
|       inst                                  |                                     StreamingFIFO_rtl_40 |         15 |         15 |       0 |    0 |    21 |      0 |      0 |    0 |          0 |
|         impl                                |                                Q_srl__parameterized0_156 |         15 |         15 |       0 |    0 |    21 |      0 |      0 |    0 |          0 |
|     StreamingFIFO_rtl_41                    |                       finn_design_StreamingFIFO_rtl_41_0 |         14 |         14 |       0 |    0 |    21 |      0 |      0 |    0 |          0 |
|       inst                                  |                                     StreamingFIFO_rtl_41 |         14 |         14 |       0 |    0 |    21 |      0 |      0 |    0 |          0 |
|         impl                                |                                Q_srl__parameterized0_155 |         14 |         14 |       0 |    0 |    21 |      0 |      0 |    0 |          0 |
|     StreamingFIFO_rtl_42                    |                       finn_design_StreamingFIFO_rtl_42_0 |         16 |         16 |       0 |    0 |    21 |      0 |      0 |    0 |          0 |
|       inst                                  |                                     StreamingFIFO_rtl_42 |         16 |         16 |       0 |    0 |    21 |      0 |      0 |    0 |          0 |
|         impl                                |                                Q_srl__parameterized0_154 |         16 |         16 |       0 |    0 |    21 |      0 |      0 |    0 |          0 |
|     StreamingFIFO_rtl_43                    |                       finn_design_StreamingFIFO_rtl_43_0 |         14 |         14 |       0 |    0 |    21 |      0 |      0 |    0 |          0 |
|       inst                                  |                                     StreamingFIFO_rtl_43 |         14 |         14 |       0 |    0 |    21 |      0 |      0 |    0 |          0 |
|         impl                                |                                Q_srl__parameterized0_153 |         14 |         14 |       0 |    0 |    21 |      0 |      0 |    0 |          0 |
|     StreamingFIFO_rtl_44                    |                       finn_design_StreamingFIFO_rtl_44_0 |        133 |        133 |       0 |    0 |   261 |      0 |      0 |    0 |          0 |
|       inst                                  |                                     StreamingFIFO_rtl_44 |        133 |        133 |       0 |    0 |   261 |      0 |      0 |    0 |          0 |
|         impl                                |                                   Q_srl__parameterized22 |        133 |        133 |       0 |    0 |   261 |      0 |      0 |    0 |          0 |
|     StreamingFIFO_rtl_45                    |                          StreamingFIFO_rtl_45_imp_RWWHMH |         94 |         94 |       0 |    0 |    71 |      2 |      0 |    0 |          0 |
|       fifo                                  |                                      finn_design_fifo_19 |         94 |         94 |       0 |    0 |    71 |      2 |      0 |    0 |          0 |
|         inst                                |     axis_data_fifo_v2_0_9_top__parameterized1__xdcDup__2 |         94 |         94 |       0 |    0 |    71 |      2 |      0 |    0 |          0 |
|     StreamingFIFO_rtl_46                    |                          StreamingFIFO_rtl_46_imp_59YFGP |         79 |         79 |       0 |    0 |    63 |      0 |      1 |    0 |          0 |
|       fifo                                  |                                      finn_design_fifo_20 |         79 |         79 |       0 |    0 |    63 |      0 |      1 |    0 |          0 |
|         inst                                |     axis_data_fifo_v2_0_9_top__parameterized2__xdcDup__4 |         79 |         79 |       0 |    0 |    63 |      0 |      1 |    0 |          0 |
|     StreamingFIFO_rtl_47                    |                         StreamingFIFO_rtl_47_imp_11WR1D2 |         67 |         67 |       0 |    0 |    55 |      0 |      1 |    0 |          0 |
|       fifo                                  |                                      finn_design_fifo_21 |         67 |         67 |       0 |    0 |    55 |      0 |      1 |    0 |          0 |
|         inst                                |     axis_data_fifo_v2_0_9_top__parameterized4__xdcDup__5 |         67 |         67 |       0 |    0 |    55 |      0 |      1 |    0 |          0 |
|     StreamingFIFO_rtl_48                    |                       finn_design_StreamingFIFO_rtl_48_0 |         23 |         23 |       0 |    0 |    37 |      0 |      0 |    0 |          0 |
|       inst                                  |                                     StreamingFIFO_rtl_48 |         23 |         23 |       0 |    0 |    37 |      0 |      0 |    0 |          0 |
|         impl                                |                                                Q_srl_134 |         23 |         23 |       0 |    0 |    37 |      0 |      0 |    0 |          0 |
|     StreamingFIFO_rtl_49                    |                       finn_design_StreamingFIFO_rtl_49_0 |        108 |         52 |       0 |   56 |    22 |      0 |      0 |    0 |          0 |
|       inst                                  |                                     StreamingFIFO_rtl_49 |        108 |         52 |       0 |   56 |    22 |      0 |      0 |    0 |          0 |
|         impl                                |                                   Q_srl__parameterized23 |        108 |         52 |       0 |   56 |    22 |      0 |      0 |    0 |          0 |
|     StreamingFIFO_rtl_5                     |                          StreamingFIFO_rtl_5_imp_1LL1414 |         94 |         94 |       0 |    0 |    71 |      2 |      0 |    0 |          0 |
|       fifo                                  |                                       finn_design_fifo_3 |         94 |         94 |       0 |    0 |    71 |      2 |      0 |    0 |          0 |
|         inst                                |     axis_data_fifo_v2_0_9_top__parameterized1__xdcDup__3 |         94 |         94 |       0 |    0 |    71 |      2 |      0 |    0 |          0 |
|     StreamingFIFO_rtl_50                    |                       finn_design_StreamingFIFO_rtl_50_0 |         13 |         13 |       0 |    0 |    21 |      0 |      0 |    0 |          0 |
|       inst                                  |                                     StreamingFIFO_rtl_50 |         13 |         13 |       0 |    0 |    21 |      0 |      0 |    0 |          0 |
|         impl                                |                                Q_srl__parameterized0_127 |         13 |         13 |       0 |    0 |    21 |      0 |      0 |    0 |          0 |
|     StreamingFIFO_rtl_51                    |                       finn_design_StreamingFIFO_rtl_51_0 |         69 |         69 |       0 |    0 |   133 |      0 |      0 |    0 |          0 |
|       inst                                  |                                     StreamingFIFO_rtl_51 |         69 |         69 |       0 |    0 |   133 |      0 |      0 |    0 |          0 |
|         impl                                |                               Q_srl__parameterized14_126 |         69 |         69 |       0 |    0 |   133 |      0 |      0 |    0 |          0 |
|     StreamingFIFO_rtl_52                    |                         StreamingFIFO_rtl_52_imp_1L1HOVN |         69 |         69 |       0 |    0 |    55 |      1 |      0 |    0 |          0 |
|       fifo                                  |                                      finn_design_fifo_22 |         69 |         69 |       0 |    0 |    55 |      1 |      0 |    0 |          0 |
|         inst                                |                axis_data_fifo_v2_0_9_top__parameterized7 |         69 |         69 |       0 |    0 |    55 |      1 |      0 |    0 |          0 |
|     StreamingFIFO_rtl_53                    |                          StreamingFIFO_rtl_53_imp_NWZ8F0 |         80 |         80 |       0 |    0 |    63 |      0 |      1 |    0 |          0 |
|       fifo                                  |                                      finn_design_fifo_23 |         80 |         80 |       0 |    0 |    63 |      0 |      1 |    0 |          0 |
|         inst                                |     axis_data_fifo_v2_0_9_top__parameterized2__xdcDup__5 |         80 |         80 |       0 |    0 |    63 |      0 |      1 |    0 |          0 |
|     StreamingFIFO_rtl_54                    |                          StreamingFIFO_rtl_54_imp_9M7PW3 |         72 |         72 |       0 |    0 |    59 |      0 |      1 |    0 |          0 |
|       fifo                                  |                                      finn_design_fifo_24 |         72 |         72 |       0 |    0 |    59 |      0 |      1 |    0 |          0 |
|         inst                                |     axis_data_fifo_v2_0_9_top__parameterized3__xdcDup__5 |         72 |         72 |       0 |    0 |    59 |      0 |      1 |    0 |          0 |
|     StreamingFIFO_rtl_55                    |                         StreamingFIFO_rtl_55_imp_1FCE7CS |         68 |         68 |       0 |    0 |    55 |      0 |      1 |    0 |          0 |
|       fifo                                  |                                      finn_design_fifo_25 |         68 |         68 |       0 |    0 |    55 |      0 |      1 |    0 |          0 |
|         inst                                |     axis_data_fifo_v2_0_9_top__parameterized4__xdcDup__6 |         68 |         68 |       0 |    0 |    55 |      0 |      1 |    0 |          0 |
|     StreamingFIFO_rtl_56                    |                       finn_design_StreamingFIFO_rtl_56_0 |        112 |         48 |       0 |   64 |    22 |      0 |      0 |    0 |          0 |
|       inst                                  |                                     StreamingFIFO_rtl_56 |        112 |         48 |       0 |   64 |    22 |      0 |      0 |    0 |          0 |
|         impl                                |                                Q_srl__parameterized1_101 |        112 |         48 |       0 |   64 |    22 |      0 |      0 |    0 |          0 |
|     StreamingFIFO_rtl_57                    |                       finn_design_StreamingFIFO_rtl_57_0 |        121 |         57 |       0 |   64 |    26 |      0 |      0 |    0 |          0 |
|       inst                                  |                                     StreamingFIFO_rtl_57 |        121 |         57 |       0 |   64 |    26 |      0 |      0 |    0 |          0 |
|         impl                                |                                   Q_srl__parameterized18 |        121 |         57 |       0 |   64 |    26 |      0 |      0 |    0 |          0 |
|     StreamingFIFO_rtl_58                    |                       finn_design_StreamingFIFO_rtl_58_0 |         15 |         15 |       0 |    0 |    21 |      0 |      0 |    0 |          0 |
|       inst                                  |                                     StreamingFIFO_rtl_58 |         15 |         15 |       0 |    0 |    21 |      0 |      0 |    0 |          0 |
|         impl                                |                                Q_srl__parameterized0_100 |         15 |         15 |       0 |    0 |    21 |      0 |      0 |    0 |          0 |
|     StreamingFIFO_rtl_59                    |                         StreamingFIFO_rtl_59_imp_1G648CD |         84 |         84 |       0 |    0 |    91 |      0 |      0 |    1 |          0 |
|       fifo                                  |                                      finn_design_fifo_26 |         84 |         84 |       0 |    0 |    91 |      0 |      0 |    1 |          0 |
|         inst                                |                axis_data_fifo_v2_0_9_top__parameterized8 |         84 |         84 |       0 |    0 |    91 |      0 |      0 |    1 |          0 |
|     StreamingFIFO_rtl_6                     |                          StreamingFIFO_rtl_6_imp_1F2U1JS |         85 |         85 |       0 |    0 |    67 |      1 |      0 |    0 |          0 |
|       fifo                                  |                                       finn_design_fifo_4 |         85 |         85 |       0 |    0 |    67 |      1 |      0 |    0 |          0 |
|         inst                                |                axis_data_fifo_v2_0_9_top__parameterized0 |         85 |         85 |       0 |    0 |    67 |      1 |      0 |    0 |          0 |
|     StreamingFIFO_rtl_60                    |                         StreamingFIFO_rtl_60_imp_17E6YQQ |         71 |         71 |       0 |    0 |    59 |      1 |      0 |    0 |          0 |
|       fifo                                  |                                      finn_design_fifo_27 |         71 |         71 |       0 |    0 |    59 |      1 |      0 |    0 |          0 |
|         inst                                |                axis_data_fifo_v2_0_9_top__parameterized9 |         71 |         71 |       0 |    0 |    59 |      1 |      0 |    0 |          0 |
|     StreamingFIFO_rtl_61                    |                          StreamingFIFO_rtl_61_imp_25EVBH |         67 |         67 |       0 |    0 |    55 |      0 |      1 |    0 |          0 |
|       fifo                                  |                                      finn_design_fifo_28 |         67 |         67 |       0 |    0 |    55 |      0 |      1 |    0 |          0 |
|         inst                                |               axis_data_fifo_v2_0_9_top__parameterized10 |         67 |         67 |       0 |    0 |    55 |      0 |      1 |    0 |          0 |
|     StreamingFIFO_rtl_62                    |                       finn_design_StreamingFIFO_rtl_62_0 |        255 |         87 |       0 |  168 |    38 |      0 |      0 |    0 |          0 |
|       inst                                  |                                     StreamingFIFO_rtl_62 |        255 |         87 |       0 |  168 |    38 |      0 |      0 |    0 |          0 |
|         impl                                |                                   Q_srl__parameterized24 |        255 |         87 |       0 |  168 |    38 |      0 |      0 |    0 |          0 |
|     StreamingFIFO_rtl_63                    |                       finn_design_StreamingFIFO_rtl_63_0 |         28 |         28 |       0 |    0 |    45 |      0 |      0 |    0 |          0 |
|       inst                                  |                                     StreamingFIFO_rtl_63 |         28 |         28 |       0 |    0 |    45 |      0 |      0 |    0 |          0 |
|         impl                                |                                 Q_srl__parameterized4_77 |         28 |         28 |       0 |    0 |    45 |      0 |      0 |    0 |          0 |
|     StreamingFIFO_rtl_64                    |                       finn_design_StreamingFIFO_rtl_64_0 |         15 |         15 |       0 |    0 |    21 |      0 |      0 |    0 |          0 |
|       inst                                  |                                     StreamingFIFO_rtl_64 |         15 |         15 |       0 |    0 |    21 |      0 |      0 |    0 |          0 |
|         impl                                |                                 Q_srl__parameterized0_76 |         15 |         15 |       0 |    0 |    21 |      0 |      0 |    0 |          0 |
|     StreamingFIFO_rtl_65                    |                       finn_design_StreamingFIFO_rtl_65_0 |        230 |        230 |       0 |    0 |   459 |      0 |      0 |    0 |          0 |
|       inst                                  |                                     StreamingFIFO_rtl_65 |        230 |        230 |       0 |    0 |   459 |      0 |      0 |    0 |          0 |
|         impl                                |                                   Q_srl__parameterized20 |        230 |        230 |       0 |    0 |   459 |      0 |      0 |    0 |          0 |
|     StreamingFIFO_rtl_66                    |                       finn_design_StreamingFIFO_rtl_66_0 |         35 |         35 |       0 |    0 |    61 |      0 |      0 |    0 |          0 |
|       inst                                  |                                     StreamingFIFO_rtl_66 |         35 |         35 |       0 |    0 |    61 |      0 |      0 |    0 |          0 |
|         impl                                |                                   Q_srl__parameterized21 |         35 |         35 |       0 |    0 |    61 |      0 |      0 |    0 |          0 |
|     StreamingFIFO_rtl_67                    |                       finn_design_StreamingFIFO_rtl_67_0 |         58 |         42 |       0 |   16 |    27 |      0 |      0 |    0 |          0 |
|       inst                                  |                                     StreamingFIFO_rtl_67 |         58 |         42 |       0 |   16 |    27 |      0 |      0 |    0 |          0 |
|         impl                                |                                Q_srl__parameterized12_75 |         58 |         42 |       0 |   16 |    27 |      0 |      0 |    0 |          0 |
|     StreamingFIFO_rtl_68                    |                       finn_design_StreamingFIFO_rtl_68_0 |         13 |         13 |       0 |    0 |    21 |      0 |      0 |    0 |          0 |
|       inst                                  |                                     StreamingFIFO_rtl_68 |         13 |         13 |       0 |    0 |    21 |      0 |      0 |    0 |          0 |
|         impl                                |                                 Q_srl__parameterized0_74 |         13 |         13 |       0 |    0 |    21 |      0 |      0 |    0 |          0 |
|     StreamingFIFO_rtl_69                    |                       finn_design_StreamingFIFO_rtl_69_0 |         15 |         15 |       0 |    0 |    23 |      0 |      0 |    0 |          0 |
|       inst                                  |                                     StreamingFIFO_rtl_69 |         15 |         15 |       0 |    0 |    23 |      0 |      0 |    0 |          0 |
|         impl                                |                                                 Q_srl_73 |         15 |         15 |       0 |    0 |    23 |      0 |      0 |    0 |          0 |
|     StreamingFIFO_rtl_7                     |                           StreamingFIFO_rtl_7_imp_9WJZ93 |         76 |         76 |       0 |    0 |    63 |      0 |      1 |    0 |          0 |
|       fifo                                  |                                       finn_design_fifo_5 |         76 |         76 |       0 |    0 |    63 |      0 |      1 |    0 |          0 |
|         inst                                |     axis_data_fifo_v2_0_9_top__parameterized2__xdcDup__6 |         76 |         76 |       0 |    0 |    63 |      0 |      1 |    0 |          0 |
|     StreamingFIFO_rtl_70                    |                       finn_design_StreamingFIFO_rtl_70_0 |         14 |         14 |       0 |    0 |    21 |      0 |      0 |    0 |          0 |
|       inst                                  |                                     StreamingFIFO_rtl_70 |         14 |         14 |       0 |    0 |    21 |      0 |      0 |    0 |          0 |
|         impl                                |                                 Q_srl__parameterized0_66 |         14 |         14 |       0 |    0 |    21 |      0 |      0 |    0 |          0 |
|     StreamingFIFO_rtl_71                    |                       finn_design_StreamingFIFO_rtl_71_0 |         13 |         13 |       0 |    0 |    21 |      0 |      0 |    0 |          0 |
|       inst                                  |                                     StreamingFIFO_rtl_71 |         13 |         13 |       0 |    0 |    21 |      0 |      0 |    0 |          0 |
|         impl                                |                                 Q_srl__parameterized0_65 |         13 |         13 |       0 |    0 |    21 |      0 |      0 |    0 |          0 |
|     StreamingFIFO_rtl_72                    |                       finn_design_StreamingFIFO_rtl_72_0 |         14 |         14 |       0 |    0 |    21 |      0 |      0 |    0 |          0 |
|       inst                                  |                                     StreamingFIFO_rtl_72 |         14 |         14 |       0 |    0 |    21 |      0 |      0 |    0 |          0 |
|         impl                                |                                 Q_srl__parameterized0_64 |         14 |         14 |       0 |    0 |    21 |      0 |      0 |    0 |          0 |
|     StreamingFIFO_rtl_73                    |                          StreamingFIFO_rtl_73_imp_F3NK0N |         80 |         80 |       0 |    0 |    63 |      0 |      1 |    0 |          0 |
|       fifo                                  |                                      finn_design_fifo_29 |         80 |         80 |       0 |    0 |    63 |      0 |      1 |    0 |          0 |
|         inst                                |     axis_data_fifo_v2_0_9_top__parameterized2__xdcDup__7 |         80 |         80 |       0 |    0 |    63 |      0 |      1 |    0 |          0 |
|     StreamingFIFO_rtl_74                    |                          StreamingFIFO_rtl_74_imp_IKUAOO |         70 |         70 |       0 |    0 |    59 |      0 |      1 |    0 |          0 |
|       fifo                                  |                                      finn_design_fifo_30 |         70 |         70 |       0 |    0 |    59 |      0 |      1 |    0 |          0 |
|         inst                                |     axis_data_fifo_v2_0_9_top__parameterized3__xdcDup__6 |         70 |         70 |       0 |    0 |    59 |      0 |      1 |    0 |          0 |
|     StreamingFIFO_rtl_75                    |                       finn_design_StreamingFIFO_rtl_75_0 |         57 |         41 |       0 |   16 |    20 |      0 |      0 |    0 |          0 |
|       inst                                  |                                     StreamingFIFO_rtl_75 |         57 |         41 |       0 |   16 |    20 |      0 |      0 |    0 |          0 |
|         impl                                |                                   Q_srl__parameterized25 |         57 |         41 |       0 |   16 |    20 |      0 |      0 |    0 |          0 |
|     StreamingFIFO_rtl_76                    |                         StreamingFIFO_rtl_76_imp_1CI2ZNR |        100 |        100 |       0 |    0 |    75 |      4 |      0 |    0 |          0 |
|       fifo                                  |                                      finn_design_fifo_31 |        100 |        100 |       0 |    0 |    75 |      4 |      0 |    0 |          0 |
|         inst                                |                     axis_data_fifo_v2_0_9_top__xdcDup__4 |        100 |        100 |       0 |    0 |    75 |      4 |      0 |    0 |          0 |
|     StreamingFIFO_rtl_77                    |                          StreamingFIFO_rtl_77_imp_ETLH7S |         79 |         79 |       0 |    0 |    63 |      0 |      1 |    0 |          0 |
|       fifo                                  |                                      finn_design_fifo_32 |         79 |         79 |       0 |    0 |    63 |      0 |      1 |    0 |          0 |
|         inst                                |     axis_data_fifo_v2_0_9_top__parameterized2__xdcDup__8 |         79 |         79 |       0 |    0 |    63 |      0 |      1 |    0 |          0 |
|     StreamingFIFO_rtl_78                    |                       finn_design_StreamingFIFO_rtl_78_0 |         26 |         26 |       0 |    0 |    45 |      0 |      0 |    0 |          0 |
|       inst                                  |                                     StreamingFIFO_rtl_78 |         26 |         26 |       0 |    0 |    45 |      0 |      0 |    0 |          0 |
|         impl                                |                                 Q_srl__parameterized4_39 |         26 |         26 |       0 |    0 |    45 |      0 |      0 |    0 |          0 |
|     StreamingFIFO_rtl_79                    |                         StreamingFIFO_rtl_79_imp_1P521DI |         70 |         70 |       0 |    0 |    59 |      0 |      1 |    0 |          0 |
|       fifo                                  |                                      finn_design_fifo_33 |         70 |         70 |       0 |    0 |    59 |      0 |      1 |    0 |          0 |
|         inst                                |     axis_data_fifo_v2_0_9_top__parameterized3__xdcDup__7 |         70 |         70 |       0 |    0 |    59 |      0 |      1 |    0 |          0 |
|     StreamingFIFO_rtl_8                     |                           StreamingFIFO_rtl_8_imp_MIL7BA |         71 |         71 |       0 |    0 |    59 |      0 |      1 |    0 |          0 |
|       fifo                                  |                                       finn_design_fifo_6 |         71 |         71 |       0 |    0 |    59 |      0 |      1 |    0 |          0 |
|         inst                                |                axis_data_fifo_v2_0_9_top__parameterized3 |         71 |         71 |       0 |    0 |    59 |      0 |      1 |    0 |          0 |
|     StreamingFIFO_rtl_80                    |                       finn_design_StreamingFIFO_rtl_80_0 |        110 |         46 |       0 |   64 |    22 |      0 |      0 |    0 |          0 |
|       inst                                  |                                     StreamingFIFO_rtl_80 |        110 |         46 |       0 |   64 |    22 |      0 |      0 |    0 |          0 |
|         impl                                |                                 Q_srl__parameterized1_26 |        110 |         46 |       0 |   64 |    22 |      0 |      0 |    0 |          0 |
|     StreamingFIFO_rtl_81                    |                       finn_design_StreamingFIFO_rtl_81_0 |         71 |         39 |       0 |   32 |    21 |      0 |      0 |    0 |          0 |
|       inst                                  |                                     StreamingFIFO_rtl_81 |         71 |         39 |       0 |   32 |    21 |      0 |      0 |    0 |          0 |
|         impl                                |                                   Q_srl__parameterized26 |         71 |         39 |       0 |   32 |    21 |      0 |      0 |    0 |          0 |
|     StreamingFIFO_rtl_82                    |                       finn_design_StreamingFIFO_rtl_82_0 |         13 |         13 |       0 |    0 |    21 |      0 |      0 |    0 |          0 |
|       inst                                  |                                     StreamingFIFO_rtl_82 |         13 |         13 |       0 |    0 |    21 |      0 |      0 |    0 |          0 |
|         impl                                |                                 Q_srl__parameterized0_25 |         13 |         13 |       0 |    0 |    21 |      0 |      0 |    0 |          0 |
|     StreamingFIFO_rtl_83                    |                       finn_design_StreamingFIFO_rtl_83_0 |        153 |         89 |       0 |   64 |    75 |      0 |      0 |    0 |          0 |
|       inst                                  |                                     StreamingFIFO_rtl_83 |        153 |         89 |       0 |   64 |    75 |      0 |      0 |    0 |          0 |
|         impl                                |                                    Q_srl__parameterized6 |        153 |         89 |       0 |   64 |    75 |      0 |      0 |    0 |          0 |
|     StreamingFIFO_rtl_84                    |                          StreamingFIFO_rtl_84_imp_S62H0T |         71 |         71 |       0 |    0 |    59 |      2 |      0 |    0 |          0 |
|       fifo                                  |                                      finn_design_fifo_34 |         71 |         71 |       0 |    0 |    59 |      2 |      0 |    0 |          0 |
|         inst                                |               axis_data_fifo_v2_0_9_top__parameterized11 |         71 |         71 |       0 |    0 |    59 |      2 |      0 |    0 |          0 |
|     StreamingFIFO_rtl_85                    |                       finn_design_StreamingFIFO_rtl_85_0 |        359 |        103 |       0 |  256 |    84 |      0 |      0 |    0 |          0 |
|       inst                                  |                                     StreamingFIFO_rtl_85 |        359 |        103 |       0 |  256 |    84 |      0 |      0 |    0 |          0 |
|         impl                                |                                   Q_srl__parameterized27 |        359 |        103 |       0 |  256 |    84 |      0 |      0 |    0 |          0 |
|     StreamingFIFO_rtl_86                    |                         StreamingFIFO_rtl_86_imp_127WISY |         93 |         93 |       0 |    0 |    71 |      2 |      0 |    0 |          0 |
|       fifo                                  |                                      finn_design_fifo_35 |         93 |         93 |       0 |    0 |    71 |      2 |      0 |    0 |          0 |
|         inst                                |                axis_data_fifo_v2_0_9_top__parameterized1 |         93 |         93 |       0 |    0 |    71 |      2 |      0 |    0 |          0 |
|     StreamingFIFO_rtl_87                    |                          StreamingFIFO_rtl_87_imp_50VJVH |         67 |         67 |       0 |    0 |    55 |      0 |      1 |    0 |          0 |
|       fifo                                  |                                      finn_design_fifo_36 |         67 |         67 |       0 |    0 |    55 |      0 |      1 |    0 |          0 |
|         inst                                |     axis_data_fifo_v2_0_9_top__parameterized4__xdcDup__7 |         67 |         67 |       0 |    0 |    55 |      0 |      1 |    0 |          0 |
|     StreamingFIFO_rtl_88                    |                       finn_design_StreamingFIFO_rtl_88_0 |        109 |         45 |       0 |   64 |    22 |      0 |      0 |    0 |          0 |
|       inst                                  |                                     StreamingFIFO_rtl_88 |        109 |         45 |       0 |   64 |    22 |      0 |      0 |    0 |          0 |
|         impl                                |                                    Q_srl__parameterized1 |        109 |         45 |       0 |   64 |    22 |      0 |      0 |    0 |          0 |
|     StreamingFIFO_rtl_89                    |                       finn_design_StreamingFIFO_rtl_89_0 |         98 |         58 |       0 |   40 |    22 |      0 |      0 |    0 |          0 |
|       inst                                  |                                     StreamingFIFO_rtl_89 |         98 |         58 |       0 |   40 |    22 |      0 |      0 |    0 |          0 |
|         impl                                |                                   Q_srl__parameterized16 |         98 |         58 |       0 |   40 |    22 |      0 |      0 |    0 |          0 |
|     StreamingFIFO_rtl_9                     |                          StreamingFIFO_rtl_9_imp_1K6V4FD |         68 |         68 |       0 |    0 |    55 |      0 |      1 |    0 |          0 |
|       fifo                                  |                                       finn_design_fifo_7 |         68 |         68 |       0 |    0 |    55 |      0 |      1 |    0 |          0 |
|         inst                                |                axis_data_fifo_v2_0_9_top__parameterized4 |         68 |         68 |       0 |    0 |    55 |      0 |      1 |    0 |          0 |
|     StreamingFIFO_rtl_90                    |                         StreamingFIFO_rtl_90_imp_1FWQEZB |        102 |        102 |       0 |    0 |    75 |      4 |      0 |    0 |          0 |
|       fifo                                  |                                      finn_design_fifo_37 |        102 |        102 |       0 |    0 |    75 |      4 |      0 |    0 |          0 |
|         inst                                |                                axis_data_fifo_v2_0_9_top |        102 |        102 |       0 |    0 |    75 |      4 |      0 |    0 |          0 |
|     StreamingFIFO_rtl_91                    |                          StreamingFIFO_rtl_91_imp_92JEIG |         78 |         78 |       0 |    0 |    63 |      0 |      1 |    0 |          0 |
|       fifo                                  |                                      finn_design_fifo_38 |         78 |         78 |       0 |    0 |    63 |      0 |      1 |    0 |          0 |
|         inst                                |                axis_data_fifo_v2_0_9_top__parameterized2 |         78 |         78 |       0 |    0 |    63 |      0 |      1 |    0 |          0 |
|     StreamingFIFO_rtl_92                    |                       finn_design_StreamingFIFO_rtl_92_0 |        108 |         44 |       0 |   64 |    22 |      0 |      0 |    0 |          0 |
|       inst                                  |                                     StreamingFIFO_rtl_92 |        108 |         44 |       0 |   64 |    22 |      0 |      0 |    0 |          0 |
|         impl                                |                                   Q_srl__parameterized28 |        108 |         44 |       0 |   64 |    22 |      0 |      0 |    0 |          0 |
|     StreamingFIFO_rtl_93                    |                       finn_design_StreamingFIFO_rtl_93_0 |         70 |         70 |       0 |    0 |   133 |      0 |      0 |    0 |          0 |
|       inst                                  |                                     StreamingFIFO_rtl_93 |         70 |         70 |       0 |    0 |   133 |      0 |      0 |    0 |          0 |
|         impl                                |                                   Q_srl__parameterized14 |         70 |         70 |       0 |    0 |   133 |      0 |      0 |    0 |          0 |
|     StreamingFIFO_rtl_94                    |                       finn_design_StreamingFIFO_rtl_94_0 |         22 |         22 |       0 |    0 |    37 |      0 |      0 |    0 |          0 |
|       inst                                  |                                     StreamingFIFO_rtl_94 |         22 |         22 |       0 |    0 |    37 |      0 |      0 |    0 |          0 |
|         impl                                |                                                    Q_srl |         22 |         22 |       0 |    0 |    37 |      0 |      0 |    0 |          0 |
|     StreamingFIFO_rtl_95                    |                       finn_design_StreamingFIFO_rtl_95_0 |          9 |          9 |       0 |    0 |    13 |      0 |      0 |    0 |          0 |
|       inst                                  |                                     StreamingFIFO_rtl_95 |          9 |          9 |       0 |    0 |    13 |      0 |      0 |    0 |          0 |
|         impl                                |                                  Q_srl__parameterized0_0 |          9 |          9 |       0 |    0 |    13 |      0 |      0 |    0 |          0 |
|     StreamingFIFO_rtl_96                    |                       finn_design_StreamingFIFO_rtl_96_0 |        164 |        164 |       0 |    0 |   325 |      0 |      0 |    0 |          0 |
|       inst                                  |                                     StreamingFIFO_rtl_96 |        164 |        164 |       0 |    0 |   325 |      0 |      0 |    0 |          0 |
|         impl                                |                                   Q_srl__parameterized29 |        164 |        164 |       0 |    0 |   325 |      0 |      0 |    0 |          0 |
|     StreamingFIFO_rtl_97                    |                       finn_design_StreamingFIFO_rtl_97_0 |         27 |         27 |       0 |    0 |    45 |      0 |      0 |    0 |          0 |
|       inst                                  |                                     StreamingFIFO_rtl_97 |         27 |         27 |       0 |    0 |    45 |      0 |      0 |    0 |          0 |
|         impl                                |                                    Q_srl__parameterized4 |         27 |         27 |       0 |    0 |    45 |      0 |      0 |    0 |          0 |
|     StreamingFIFO_rtl_98                    |                       finn_design_StreamingFIFO_rtl_98_0 |         53 |         37 |       0 |   16 |    27 |      0 |      0 |    0 |          0 |
|       inst                                  |                                     StreamingFIFO_rtl_98 |         53 |         37 |       0 |   16 |    27 |      0 |      0 |    0 |          0 |
|         impl                                |                                   Q_srl__parameterized12 |         53 |         37 |       0 |   16 |    27 |      0 |      0 |    0 |          0 |
|     StreamingFIFO_rtl_99                    |                       finn_design_StreamingFIFO_rtl_99_0 |         13 |         13 |       0 |    0 |    21 |      0 |      0 |    0 |          0 |
|       inst                                  |                                     StreamingFIFO_rtl_99 |         13 |         13 |       0 |    0 |    21 |      0 |      0 |    0 |          0 |
|         impl                                |                                    Q_srl__parameterized0 |         13 |         13 |       0 |    0 |    21 |      0 |      0 |    0 |          0 |
|     Thresholding_rtl_0                      |                         finn_design_Thresholding_rtl_0_0 |         84 |         70 |       0 |   14 |   295 |      2 |      2 |    0 |          0 |
|       inst                                  |                           Thresholding_rtl_0_axi_wrapper |         84 |         70 |       0 |   14 |   295 |      2 |      2 |    0 |          0 |
|         core                                |                                         thresholding_axi |         84 |         70 |       0 |   14 |   295 |      2 |      2 |    0 |          0 |
|     Thresholding_rtl_1                      |                         finn_design_Thresholding_rtl_1_0 |         75 |         59 |       0 |   16 |   242 |      1 |      2 |    0 |          0 |
|       inst                                  |                           Thresholding_rtl_1_axi_wrapper |         75 |         59 |       0 |   16 |   242 |      1 |      2 |    0 |          0 |
|         core                                |                         thresholding_axi__parameterized0 |         75 |         59 |       0 |   16 |   242 |      1 |      2 |    0 |          0 |
|     Thresholding_rtl_10                     |                        finn_design_Thresholding_rtl_10_0 |        142 |        133 |       0 |    9 |   493 |      1 |      4 |    0 |          0 |
|       (Thresholding_rtl_10)                 |                        finn_design_Thresholding_rtl_10_0 |          0 |          0 |       0 |    0 |     0 |      0 |      1 |    0 |          0 |
|       inst                                  |                          Thresholding_rtl_10_axi_wrapper |        142 |        133 |       0 |    9 |   493 |      1 |      3 |    0 |          0 |
|         core                                |                         thresholding_axi__parameterized1 |        142 |        133 |       0 |    9 |   493 |      1 |      3 |    0 |          0 |
|     Thresholding_rtl_11                     |                        finn_design_Thresholding_rtl_11_0 |        358 |        341 |       0 |   17 |   982 |      2 |      0 |    0 |          0 |
|       (Thresholding_rtl_11)                 |                        finn_design_Thresholding_rtl_11_0 |        184 |        184 |       0 |    0 |     0 |      0 |      0 |    0 |          0 |
|       inst                                  |                          Thresholding_rtl_11_axi_wrapper |        174 |        157 |       0 |   17 |   982 |      2 |      0 |    0 |          0 |
|         core                                |                         thresholding_axi__parameterized2 |        174 |        157 |       0 |   17 |   982 |      2 |      0 |    0 |          0 |
|     Thresholding_rtl_12                     |                        finn_design_Thresholding_rtl_12_0 |         85 |         71 |       0 |   14 |   295 |      0 |      0 |    0 |          0 |
|       inst                                  |                          Thresholding_rtl_12_axi_wrapper |         85 |         71 |       0 |   14 |   295 |      0 |      0 |    0 |          0 |
|         core                                |                         thresholding_axi__parameterized3 |         85 |         71 |       0 |   14 |   295 |      0 |      0 |    0 |          0 |
|     Thresholding_rtl_13                     |                        finn_design_Thresholding_rtl_13_0 |         76 |         60 |       0 |   16 |   242 |      1 |      2 |    0 |          0 |
|       inst                                  |                          Thresholding_rtl_13_axi_wrapper |         76 |         60 |       0 |   16 |   242 |      1 |      2 |    0 |          0 |
|         core                                |                         thresholding_axi__parameterized4 |         76 |         60 |       0 |   16 |   242 |      1 |      2 |    0 |          0 |
|     Thresholding_rtl_14                     |                        finn_design_Thresholding_rtl_14_0 |         61 |         52 |       0 |    9 |   284 |      1 |      5 |    0 |          0 |
|       inst                                  |                          Thresholding_rtl_14_axi_wrapper |         61 |         52 |       0 |    9 |   284 |      1 |      5 |    0 |          0 |
|         core                                |                         thresholding_axi__parameterized5 |         61 |         52 |       0 |    9 |   284 |      1 |      5 |    0 |          0 |
|     Thresholding_rtl_15                     |                        finn_design_Thresholding_rtl_15_0 |        147 |        138 |       0 |    9 |   493 |      1 |      4 |    0 |          0 |
|       (Thresholding_rtl_15)                 |                        finn_design_Thresholding_rtl_15_0 |          0 |          0 |       0 |    0 |     0 |      0 |      1 |    0 |          0 |
|       inst                                  |                          Thresholding_rtl_15_axi_wrapper |        147 |        138 |       0 |    9 |   493 |      1 |      3 |    0 |          0 |
|         core                                |                         thresholding_axi__parameterized6 |        147 |        138 |       0 |    9 |   493 |      1 |      3 |    0 |          0 |
|     Thresholding_rtl_16                     |                        finn_design_Thresholding_rtl_16_0 |         82 |         77 |       0 |    5 |   233 |      0 |      0 |    0 |          0 |
|       inst                                  |                          Thresholding_rtl_16_axi_wrapper |         82 |         77 |       0 |    5 |   233 |      0 |      0 |    0 |          0 |
|         core                                |                         thresholding_axi__parameterized7 |         82 |         77 |       0 |    5 |   233 |      0 |      0 |    0 |          0 |
|     Thresholding_rtl_17                     |                        finn_design_Thresholding_rtl_17_0 |        528 |        511 |       0 |   17 |   783 |      2 |      0 |    0 |          0 |
|       (Thresholding_rtl_17)                 |                        finn_design_Thresholding_rtl_17_0 |        394 |        394 |       0 |    0 |     0 |      0 |      0 |    0 |          0 |
|       inst                                  |                          Thresholding_rtl_17_axi_wrapper |        136 |        119 |       0 |   17 |   783 |      2 |      0 |    0 |          0 |
|         core                                |                         thresholding_axi__parameterized8 |        136 |        119 |       0 |   17 |   783 |      2 |      0 |    0 |          0 |
|     Thresholding_rtl_18                     |                        finn_design_Thresholding_rtl_18_0 |         85 |         71 |       0 |   14 |   297 |      2 |      1 |    0 |          0 |
|       inst                                  |                          Thresholding_rtl_18_axi_wrapper |         85 |         71 |       0 |   14 |   297 |      2 |      1 |    0 |          0 |
|         core                                |                         thresholding_axi__parameterized9 |         85 |         71 |       0 |   14 |   297 |      2 |      1 |    0 |          0 |
|     Thresholding_rtl_19                     |                        finn_design_Thresholding_rtl_19_0 |         65 |         51 |       0 |   14 |   154 |      0 |      1 |    0 |          0 |
|       inst                                  |                          Thresholding_rtl_19_axi_wrapper |         65 |         51 |       0 |   14 |   154 |      0 |      1 |    0 |          0 |
|         core                                |                        thresholding_axi__parameterized10 |         65 |         51 |       0 |   14 |   154 |      0 |      1 |    0 |          0 |
|     Thresholding_rtl_2                      |                         finn_design_Thresholding_rtl_2_0 |         61 |         52 |       0 |    9 |   284 |      1 |      5 |    0 |          0 |
|       inst                                  |                           Thresholding_rtl_2_axi_wrapper |         61 |         52 |       0 |    9 |   284 |      1 |      5 |    0 |          0 |
|         core                                |                        thresholding_axi__parameterized11 |         61 |         52 |       0 |    9 |   284 |      1 |      5 |    0 |          0 |
|     Thresholding_rtl_20                     |                        finn_design_Thresholding_rtl_20_0 |        244 |        235 |       0 |    9 |   575 |      0 |      0 |    0 |          0 |
|       (Thresholding_rtl_20)                 |                        finn_design_Thresholding_rtl_20_0 |        117 |        117 |       0 |    0 |     6 |      0 |      0 |    0 |          0 |
|       inst                                  |                          Thresholding_rtl_20_axi_wrapper |        127 |        118 |       0 |    9 |   569 |      0 |      0 |    0 |          0 |
|         core                                |                        thresholding_axi__parameterized12 |        127 |        118 |       0 |    9 |   569 |      0 |      0 |    0 |          0 |
|     Thresholding_rtl_21                     |                        finn_design_Thresholding_rtl_21_0 |         60 |         41 |       0 |   19 |   183 |      1 |      2 |    0 |          0 |
|       inst                                  |                          Thresholding_rtl_21_axi_wrapper |         60 |         41 |       0 |   19 |   183 |      1 |      2 |    0 |          0 |
|         core                                |                        thresholding_axi__parameterized13 |         60 |         41 |       0 |   19 |   183 |      1 |      2 |    0 |          0 |
|     Thresholding_rtl_22                     |                        finn_design_Thresholding_rtl_22_0 |        157 |        148 |       0 |    9 |   493 |      1 |      4 |    0 |          0 |
|       (Thresholding_rtl_22)                 |                        finn_design_Thresholding_rtl_22_0 |          0 |          0 |       0 |    0 |     0 |      0 |      1 |    0 |          0 |
|       inst                                  |                          Thresholding_rtl_22_axi_wrapper |        157 |        148 |       0 |    9 |   493 |      1 |      3 |    0 |          0 |
|         core                                |                        thresholding_axi__parameterized14 |        157 |        148 |       0 |    9 |   493 |      1 |      3 |    0 |          0 |
|     Thresholding_rtl_23                     |                        finn_design_Thresholding_rtl_23_0 |        242 |        225 |       0 |   17 |   887 |      2 |     10 |    0 |          0 |
|       inst                                  |                          Thresholding_rtl_23_axi_wrapper |        242 |        225 |       0 |   17 |   887 |      2 |     10 |    0 |          0 |
|         core                                |                        thresholding_axi__parameterized15 |        242 |        225 |       0 |   17 |   887 |      2 |     10 |    0 |          0 |
|     Thresholding_rtl_24                     |                        finn_design_Thresholding_rtl_24_0 |         85 |         71 |       0 |   14 |   295 |      2 |      2 |    0 |          0 |
|       inst                                  |                          Thresholding_rtl_24_axi_wrapper |         85 |         71 |       0 |   14 |   295 |      2 |      2 |    0 |          0 |
|         core                                |                        thresholding_axi__parameterized16 |         85 |         71 |       0 |   14 |   295 |      2 |      2 |    0 |          0 |
|     Thresholding_rtl_25                     |                        finn_design_Thresholding_rtl_25_0 |         76 |         60 |       0 |   16 |   242 |      1 |      1 |    0 |          0 |
|       inst                                  |                          Thresholding_rtl_25_axi_wrapper |         76 |         60 |       0 |   16 |   242 |      1 |      1 |    0 |          0 |
|         core                                |                        thresholding_axi__parameterized17 |         76 |         60 |       0 |   16 |   242 |      1 |      1 |    0 |          0 |
|     Thresholding_rtl_26                     |                        finn_design_Thresholding_rtl_26_0 |         61 |         52 |       0 |    9 |   284 |      1 |      5 |    0 |          0 |
|       inst                                  |                          Thresholding_rtl_26_axi_wrapper |         61 |         52 |       0 |    9 |   284 |      1 |      5 |    0 |          0 |
|         core                                |                        thresholding_axi__parameterized18 |         61 |         52 |       0 |    9 |   284 |      1 |      5 |    0 |          0 |
|     Thresholding_rtl_27                     |                        finn_design_Thresholding_rtl_27_0 |        166 |        157 |       0 |    9 |   493 |      1 |      4 |    0 |          0 |
|       (Thresholding_rtl_27)                 |                        finn_design_Thresholding_rtl_27_0 |          0 |          0 |       0 |    0 |     0 |      0 |      1 |    0 |          0 |
|       inst                                  |                          Thresholding_rtl_27_axi_wrapper |        166 |        157 |       0 |    9 |   493 |      1 |      3 |    0 |          0 |
|         core                                |                        thresholding_axi__parameterized19 |        166 |        157 |       0 |    9 |   493 |      1 |      3 |    0 |          0 |
|     Thresholding_rtl_28                     |                        finn_design_Thresholding_rtl_28_0 |         95 |         90 |       0 |    5 |   281 |      0 |      0 |    0 |          0 |
|       (Thresholding_rtl_28)                 |                        finn_design_Thresholding_rtl_28_0 |          0 |          0 |       0 |    0 |     6 |      0 |      0 |    0 |          0 |
|       inst                                  |                          Thresholding_rtl_28_axi_wrapper |         95 |         90 |       0 |    5 |   275 |      0 |      0 |    0 |          0 |
|         core                                |                        thresholding_axi__parameterized20 |         95 |         90 |       0 |    5 |   275 |      0 |      0 |    0 |          0 |
|     Thresholding_rtl_29                     |                        finn_design_Thresholding_rtl_29_0 |         86 |         77 |       0 |    9 |   327 |      2 |      5 |    0 |          0 |
|       inst                                  |                          Thresholding_rtl_29_axi_wrapper |         86 |         77 |       0 |    9 |   327 |      2 |      5 |    0 |          0 |
|         core                                |                        thresholding_axi__parameterized21 |         86 |         77 |       0 |    9 |   327 |      2 |      5 |    0 |          0 |
|     Thresholding_rtl_3                      |                         finn_design_Thresholding_rtl_3_0 |        140 |        131 |       0 |    9 |   473 |      1 |      4 |    0 |          0 |
|       (Thresholding_rtl_3)                  |                         finn_design_Thresholding_rtl_3_0 |          0 |          0 |       0 |    0 |     0 |      0 |      1 |    0 |          0 |
|       inst                                  |                           Thresholding_rtl_3_axi_wrapper |        140 |        131 |       0 |    9 |   473 |      1 |      3 |    0 |          0 |
|         core                                |                        thresholding_axi__parameterized22 |        140 |        131 |       0 |    9 |   473 |      1 |      3 |    0 |          0 |
|     Thresholding_rtl_4                      |                         finn_design_Thresholding_rtl_4_0 |        140 |        131 |       0 |    9 |   493 |      1 |      4 |    0 |          0 |
|       (Thresholding_rtl_4)                  |                         finn_design_Thresholding_rtl_4_0 |          0 |          0 |       0 |    0 |     0 |      0 |      1 |    0 |          0 |
|       inst                                  |                           Thresholding_rtl_4_axi_wrapper |        140 |        131 |       0 |    9 |   493 |      1 |      3 |    0 |          0 |
|         core                                |                        thresholding_axi__parameterized23 |        140 |        131 |       0 |    9 |   493 |      1 |      3 |    0 |          0 |
|     Thresholding_rtl_5                      |                         finn_design_Thresholding_rtl_5_0 |        366 |        349 |       0 |   17 |   966 |      2 |      0 |    0 |          0 |
|       (Thresholding_rtl_5)                  |                         finn_design_Thresholding_rtl_5_0 |        192 |        192 |       0 |    0 |     0 |      0 |      0 |    0 |          0 |
|       inst                                  |                           Thresholding_rtl_5_axi_wrapper |        174 |        157 |       0 |   17 |   966 |      2 |      0 |    0 |          0 |
|         core                                |                        thresholding_axi__parameterized24 |        174 |        157 |       0 |   17 |   966 |      2 |      0 |    0 |          0 |
|     Thresholding_rtl_6                      |                         finn_design_Thresholding_rtl_6_0 |         86 |         72 |       0 |   14 |   295 |      2 |      2 |    0 |          0 |
|       inst                                  |                           Thresholding_rtl_6_axi_wrapper |         86 |         72 |       0 |   14 |   295 |      2 |      2 |    0 |          0 |
|         core                                |                        thresholding_axi__parameterized25 |         86 |         72 |       0 |   14 |   295 |      2 |      2 |    0 |          0 |
|     Thresholding_rtl_7                      |                         finn_design_Thresholding_rtl_7_0 |         77 |         61 |       0 |   16 |   242 |      1 |      2 |    0 |          0 |
|       inst                                  |                           Thresholding_rtl_7_axi_wrapper |         77 |         61 |       0 |   16 |   242 |      1 |      2 |    0 |          0 |
|         core                                |                        thresholding_axi__parameterized26 |         77 |         61 |       0 |   16 |   242 |      1 |      2 |    0 |          0 |
|     Thresholding_rtl_8                      |                         finn_design_Thresholding_rtl_8_0 |         61 |         52 |       0 |    9 |   284 |      0 |      0 |    0 |          0 |
|       inst                                  |                           Thresholding_rtl_8_axi_wrapper |         61 |         52 |       0 |    9 |   284 |      0 |      0 |    0 |          0 |
|         core                                |                        thresholding_axi__parameterized27 |         61 |         52 |       0 |    9 |   284 |      0 |      0 |    0 |          0 |
|     Thresholding_rtl_9                      |                         finn_design_Thresholding_rtl_9_0 |        226 |        217 |       0 |    9 |   547 |      0 |      0 |    0 |          0 |
|       (Thresholding_rtl_9)                  |                         finn_design_Thresholding_rtl_9_0 |        107 |        107 |       0 |    0 |     6 |      0 |      0 |    0 |          0 |
|       inst                                  |                           Thresholding_rtl_9_axi_wrapper |        119 |        110 |       0 |    9 |   541 |      0 |      0 |    0 |          0 |
|         core                                |                        thresholding_axi__parameterized28 |        119 |        110 |       0 |    9 |   541 |      0 |      0 |    0 |          0 |
+---------------------------------------------+----------------------------------------------------------+------------+------------+---------+------+-------+--------+--------+------+------------+
* Note: The sum of lower-level cells may be larger than their parent cells total, due to cross-hierarchy LUT combining


