Copyright 1986-2022 Xilinx, Inc. All Rights Reserved.
---------------------------------------------------------------------------------------------------------------------------------------------------------------------------
| Tool Version : Vivado v.2022.2 (lin64) Build 3671981 Fri Oct 14 04:59:54 MDT 2022
| Date         : Thu Oct  1 12:34:28 2026
| Host         : finn_dev_thelegendiv running 64-bit Ubuntu 22.04.1 LTS
| Command      : report_utilization -hierarchical -hierarchical_depth 4 -file /home/thelegendiv/finn/notebooks/enet/hier_reports_partition2_wm/hier_armB_finn_autofold.rpt
| Design       : finn_design_wrapper
| Device       : xczu7ev-ffvc1156-2-e
| Speed File   : -2
| Design State : Routed
---------------------------------------------------------------------------------------------------------------------------------------------------------------------------

Utilization Design Information

Table of Contents
-----------------
1. Utilization by Hierarchy

1. Utilization by Hierarchy
---------------------------

+------------------------------------------------------------+---------------------------------------------------------------------+------------+------------+---------+------+-------+--------+--------+------+------------+
|                          Instance                          |                                Module                               | Total LUTs | Logic LUTs | LUTRAMs | SRLs |  FFs  | RAMB36 | RAMB18 | URAM | DSP Blocks |
+------------------------------------------------------------+---------------------------------------------------------------------+------------+------------+---------+------+-------+--------+--------+------+------------+
| finn_design_wrapper                                        |                                                               (top) |      26805 |      16032 |    8011 | 2762 | 23465 |    136 |     99 |    0 |         80 |
|   (finn_design_wrapper)                                    |                                                               (top) |        139 |        139 |       0 |    0 |     0 |      0 |      0 |    0 |          0 |
|   finn_design_i                                            |                                                         finn_design |      26671 |      15898 |    8011 | 2762 | 23465 |    136 |     99 |    0 |         80 |
|     (finn_design_i)                                        |                                                         finn_design |        282 |        282 |       0 |    0 |     0 |      0 |      0 |    0 |          0 |
|     GenericPartition_2_AddStreams_hls_0                    |                   finn_design_GenericPartition_2_AddStreams_hls_0_0 |         69 |         69 |       0 |    0 |    94 |      0 |      0 |    0 |          0 |
|       inst                                                 |                                                    AddStreams_hls_0 |         69 |         69 |       0 |    0 |    94 |      0 |      0 |    0 |          0 |
|         (inst)                                             |                                                    AddStreams_hls_0 |          2 |          2 |       0 |    0 |    31 |      0 |      0 |    0 |          0 |
|         flow_control_loop_pipe_no_ap_cont_U                |                  AddStreams_hls_0_flow_control_loop_pipe_no_ap_cont |         23 |         23 |       0 |    0 |     1 |      0 |      0 |    0 |          0 |
|         regslice_both_in0_V_U                              |                                      AddStreams_hls_0_regslice_both |          5 |          5 |       0 |    0 |    20 |      0 |      0 |    0 |          0 |
|         regslice_both_in1_V_U                              |                                  AddStreams_hls_0_regslice_both_344 |         21 |         21 |       0 |    0 |    20 |      0 |      0 |    0 |          0 |
|         regslice_both_out_V_U                              |                      AddStreams_hls_0_regslice_both__parameterized0 |         19 |         19 |       0 |    0 |    22 |      0 |      0 |    0 |          0 |
|     GenericPartition_2_AddStreams_hls_1                    |                   finn_design_GenericPartition_2_AddStreams_hls_1_0 |         69 |         69 |       0 |    0 |    94 |      0 |      0 |    0 |          0 |
|       inst                                                 |                                                    AddStreams_hls_1 |         69 |         69 |       0 |    0 |    94 |      0 |      0 |    0 |          0 |
|         (inst)                                             |                                                    AddStreams_hls_1 |          2 |          2 |       0 |    0 |    31 |      0 |      0 |    0 |          0 |
|         flow_control_loop_pipe_no_ap_cont_U                |                  AddStreams_hls_1_flow_control_loop_pipe_no_ap_cont |         23 |         23 |       0 |    0 |     1 |      0 |      0 |    0 |          0 |
|         regslice_both_in0_V_U                              |                                      AddStreams_hls_1_regslice_both |          5 |          5 |       0 |    0 |    20 |      0 |      0 |    0 |          0 |
|         regslice_both_in1_V_U                              |                                  AddStreams_hls_1_regslice_both_343 |         21 |         21 |       0 |    0 |    20 |      0 |      0 |    0 |          0 |
|         regslice_both_out_V_U                              |                      AddStreams_hls_1_regslice_both__parameterized0 |         19 |         19 |       0 |    0 |    22 |      0 |      0 |    0 |          0 |
|     GenericPartition_2_AddStreams_hls_2                    |                   finn_design_GenericPartition_2_AddStreams_hls_2_0 |         69 |         69 |       0 |    0 |    94 |      0 |      0 |    0 |          0 |
|       inst                                                 |                                                    AddStreams_hls_2 |         69 |         69 |       0 |    0 |    94 |      0 |      0 |    0 |          0 |
|         (inst)                                             |                                                    AddStreams_hls_2 |          2 |          2 |       0 |    0 |    31 |      0 |      0 |    0 |          0 |
|         flow_control_loop_pipe_no_ap_cont_U                |                  AddStreams_hls_2_flow_control_loop_pipe_no_ap_cont |         23 |         23 |       0 |    0 |     1 |      0 |      0 |    0 |          0 |
|         regslice_both_in0_V_U                              |                                      AddStreams_hls_2_regslice_both |          9 |          9 |       0 |    0 |    20 |      0 |      0 |    0 |          0 |
|         regslice_both_in1_V_U                              |                                  AddStreams_hls_2_regslice_both_342 |         17 |         17 |       0 |    0 |    20 |      0 |      0 |    0 |          0 |
|         regslice_both_out_V_U                              |                      AddStreams_hls_2_regslice_both__parameterized0 |         19 |         19 |       0 |    0 |    22 |      0 |      0 |    0 |          0 |
|     GenericPartition_2_AddStreams_hls_3                    |                   finn_design_GenericPartition_2_AddStreams_hls_3_0 |         73 |         73 |       0 |    0 |    94 |      0 |      0 |    0 |          0 |
|       inst                                                 |                                                    AddStreams_hls_3 |         73 |         73 |       0 |    0 |    94 |      0 |      0 |    0 |          0 |
|         (inst)                                             |                                                    AddStreams_hls_3 |          1 |          1 |       0 |    0 |    31 |      0 |      0 |    0 |          0 |
|         flow_control_loop_pipe_no_ap_cont_U                |                  AddStreams_hls_3_flow_control_loop_pipe_no_ap_cont |         25 |         25 |       0 |    0 |     1 |      0 |      0 |    0 |          0 |
|         regslice_both_in0_V_U                              |                                      AddStreams_hls_3_regslice_both |          7 |          7 |       0 |    0 |    20 |      0 |      0 |    0 |          0 |
|         regslice_both_in1_V_U                              |                                  AddStreams_hls_3_regslice_both_341 |         17 |         17 |       0 |    0 |    20 |      0 |      0 |    0 |          0 |
|         regslice_both_out_V_U                              |                      AddStreams_hls_3_regslice_both__parameterized0 |         24 |         24 |       0 |    0 |    22 |      0 |      0 |    0 |          0 |
|     GenericPartition_2_AddStreams_hls_4                    |                   finn_design_GenericPartition_2_AddStreams_hls_4_0 |         70 |         70 |       0 |    0 |    94 |      0 |      0 |    0 |          0 |
|       inst                                                 |                                                    AddStreams_hls_4 |         70 |         70 |       0 |    0 |    94 |      0 |      0 |    0 |          0 |
|         (inst)                                             |                                                    AddStreams_hls_4 |          0 |          0 |       0 |    0 |    31 |      0 |      0 |    0 |          0 |
|         flow_control_loop_pipe_no_ap_cont_U                |                  AddStreams_hls_4_flow_control_loop_pipe_no_ap_cont |         22 |         22 |       0 |    0 |     1 |      0 |      0 |    0 |          0 |
|         regslice_both_in0_V_U                              |                                      AddStreams_hls_4_regslice_both |         12 |         12 |       0 |    0 |    20 |      0 |      0 |    0 |          0 |
|         regslice_both_in1_V_U                              |                                  AddStreams_hls_4_regslice_both_340 |         19 |         19 |       0 |    0 |    20 |      0 |      0 |    0 |          0 |
|         regslice_both_out_V_U                              |                      AddStreams_hls_4_regslice_both__parameterized0 |         19 |         19 |       0 |    0 |    22 |      0 |      0 |    0 |          0 |
|     GenericPartition_2_ConvolutionInputGenerator_rtl_0     |    finn_design_GenericPartition_2_ConvolutionInputGenerator_rtl_0_0 |        716 |        366 |     350 |    0 |   133 |      0 |      0 |    0 |          0 |
|       inst                                                 |                                     ConvolutionInputGenerator_rtl_0 |        716 |        366 |     350 |    0 |   133 |      0 |      0 |    0 |          0 |
|         impl                                               |                                ConvolutionInputGenerator_rtl_0_impl |        716 |        366 |     350 |    0 |   133 |      0 |      0 |    0 |          0 |
|     GenericPartition_2_ConvolutionInputGenerator_rtl_1     |    finn_design_GenericPartition_2_ConvolutionInputGenerator_rtl_1_0 |       1229 |        489 |     740 |    0 |   141 |      0 |      0 |    0 |          0 |
|       (GenericPartition_2_ConvolutionInputGenerator_rtl_1) |    finn_design_GenericPartition_2_ConvolutionInputGenerator_rtl_1_0 |        224 |        224 |       0 |    0 |     0 |      0 |      0 |    0 |          0 |
|       inst                                                 |                                     ConvolutionInputGenerator_rtl_1 |       1006 |        266 |     740 |    0 |   141 |      0 |      0 |    0 |          0 |
|         impl                                               |                                ConvolutionInputGenerator_rtl_1_impl |       1006 |        266 |     740 |    0 |   141 |      0 |      0 |    0 |          0 |
|     GenericPartition_2_ConvolutionInputGenerator_rtl_2     |    finn_design_GenericPartition_2_ConvolutionInputGenerator_rtl_2_0 |       2480 |        850 |    1630 |    0 |   194 |      0 |      0 |    0 |          0 |
|       inst                                                 |                                     ConvolutionInputGenerator_rtl_2 |       2480 |        850 |    1630 |    0 |   194 |      0 |      0 |    0 |          0 |
|         impl                                               |                                ConvolutionInputGenerator_rtl_2_impl |       2480 |        850 |    1630 |    0 |   194 |      0 |      0 |    0 |          0 |
|     GenericPartition_2_ConvolutionInputGenerator_rtl_3     |    finn_design_GenericPartition_2_ConvolutionInputGenerator_rtl_3_0 |       5544 |       1654 |    3890 |    0 |   322 |      0 |      0 |    0 |          0 |
|       inst                                                 |                                     ConvolutionInputGenerator_rtl_3 |       5544 |       1654 |    3890 |    0 |   322 |      0 |      0 |    0 |          0 |
|         impl                                               |                                ConvolutionInputGenerator_rtl_3_impl |       5544 |       1654 |    3890 |    0 |   322 |      0 |      0 |    0 |          0 |
|     GenericPartition_2_ConvolutionInputGenerator_rtl_4     |    finn_design_GenericPartition_2_ConvolutionInputGenerator_rtl_4_0 |        716 |        366 |     350 |    0 |   133 |      0 |      0 |    0 |          0 |
|       inst                                                 |                                     ConvolutionInputGenerator_rtl_4 |        716 |        366 |     350 |    0 |   133 |      0 |      0 |    0 |          0 |
|         impl                                               |                                ConvolutionInputGenerator_rtl_4_impl |        716 |        366 |     350 |    0 |   133 |      0 |      0 |    0 |          0 |
|     GenericPartition_2_DuplicateStreams_hls_0              |             finn_design_GenericPartition_2_DuplicateStreams_hls_0_0 |         72 |         72 |       0 |    0 |    91 |      0 |      0 |    0 |          0 |
|       inst                                                 |                                              DuplicateStreams_hls_0 |         72 |         72 |       0 |    0 |    91 |      0 |      0 |    0 |          0 |
|         (inst)                                             |                                              DuplicateStreams_hls_0 |          0 |          0 |       0 |    0 |    30 |      0 |      0 |    0 |          0 |
|         flow_control_loop_pipe_no_ap_cont_U                |            DuplicateStreams_hls_0_flow_control_loop_pipe_no_ap_cont |         32 |         32 |       0 |    0 |     1 |      0 |      0 |    0 |          0 |
|         regslice_both_in0_V_U                              |                                DuplicateStreams_hls_0_regslice_both |         11 |         11 |       0 |    0 |    20 |      0 |      0 |    0 |          0 |
|         regslice_both_out0_V_U                             |                            DuplicateStreams_hls_0_regslice_both_336 |         20 |         20 |       0 |    0 |    20 |      0 |      0 |    0 |          0 |
|         regslice_both_out1_V_U                             |                            DuplicateStreams_hls_0_regslice_both_337 |         10 |         10 |       0 |    0 |    20 |      0 |      0 |    0 |          0 |
|     GenericPartition_2_DuplicateStreams_hls_1              |             finn_design_GenericPartition_2_DuplicateStreams_hls_1_0 |         63 |         63 |       0 |    0 |    91 |      0 |      0 |    0 |          0 |
|       inst                                                 |                                              DuplicateStreams_hls_1 |         63 |         63 |       0 |    0 |    91 |      0 |      0 |    0 |          0 |
|         (inst)                                             |                                              DuplicateStreams_hls_1 |          0 |          0 |       0 |    0 |    30 |      0 |      0 |    0 |          0 |
|         flow_control_loop_pipe_no_ap_cont_U                |            DuplicateStreams_hls_1_flow_control_loop_pipe_no_ap_cont |         22 |         22 |       0 |    0 |     1 |      0 |      0 |    0 |          0 |
|         regslice_both_in0_V_U                              |                                DuplicateStreams_hls_1_regslice_both |         13 |         13 |       0 |    0 |    20 |      0 |      0 |    0 |          0 |
|         regslice_both_out0_V_U                             |                            DuplicateStreams_hls_1_regslice_both_334 |         19 |         19 |       0 |    0 |    20 |      0 |      0 |    0 |          0 |
|         regslice_both_out1_V_U                             |                            DuplicateStreams_hls_1_regslice_both_335 |          9 |          9 |       0 |    0 |    20 |      0 |      0 |    0 |          0 |
|     GenericPartition_2_DuplicateStreams_hls_2              |             finn_design_GenericPartition_2_DuplicateStreams_hls_2_0 |         68 |         68 |       0 |    0 |    91 |      0 |      0 |    0 |          0 |
|       inst                                                 |                                              DuplicateStreams_hls_2 |         68 |         68 |       0 |    0 |    91 |      0 |      0 |    0 |          0 |
|         (inst)                                             |                                              DuplicateStreams_hls_2 |          1 |          1 |       0 |    0 |    30 |      0 |      0 |    0 |          0 |
|         flow_control_loop_pipe_no_ap_cont_U                |            DuplicateStreams_hls_2_flow_control_loop_pipe_no_ap_cont |         24 |         24 |       0 |    0 |     1 |      0 |      0 |    0 |          0 |
|         regslice_both_in0_V_U                              |                                DuplicateStreams_hls_2_regslice_both |         13 |         13 |       0 |    0 |    20 |      0 |      0 |    0 |          0 |
|         regslice_both_out0_V_U                             |                            DuplicateStreams_hls_2_regslice_both_332 |          9 |          9 |       0 |    0 |    20 |      0 |      0 |    0 |          0 |
|         regslice_both_out1_V_U                             |                            DuplicateStreams_hls_2_regslice_both_333 |         21 |         21 |       0 |    0 |    20 |      0 |      0 |    0 |          0 |
|     GenericPartition_2_DuplicateStreams_hls_3              |             finn_design_GenericPartition_2_DuplicateStreams_hls_3_0 |         75 |         75 |       0 |    0 |    91 |      0 |      0 |    0 |          0 |
|       inst                                                 |                                              DuplicateStreams_hls_3 |         75 |         75 |       0 |    0 |    91 |      0 |      0 |    0 |          0 |
|         (inst)                                             |                                              DuplicateStreams_hls_3 |          1 |          1 |       0 |    0 |    30 |      0 |      0 |    0 |          0 |
|         flow_control_loop_pipe_no_ap_cont_U                |            DuplicateStreams_hls_3_flow_control_loop_pipe_no_ap_cont |         27 |         27 |       0 |    0 |     1 |      0 |      0 |    0 |          0 |
|         regslice_both_in0_V_U                              |                                DuplicateStreams_hls_3_regslice_both |         12 |         12 |       0 |    0 |    20 |      0 |      0 |    0 |          0 |
|         regslice_both_out0_V_U                             |                            DuplicateStreams_hls_3_regslice_both_330 |         15 |         15 |       0 |    0 |    20 |      0 |      0 |    0 |          0 |
|         regslice_both_out1_V_U                             |                            DuplicateStreams_hls_3_regslice_both_331 |         23 |         23 |       0 |    0 |    20 |      0 |      0 |    0 |          0 |
|     GenericPartition_2_DuplicateStreams_hls_4              |             finn_design_GenericPartition_2_DuplicateStreams_hls_4_0 |         70 |         70 |       0 |    0 |    91 |      0 |      0 |    0 |          0 |
|       inst                                                 |                                              DuplicateStreams_hls_4 |         70 |         70 |       0 |    0 |    91 |      0 |      0 |    0 |          0 |
|         (inst)                                             |                                              DuplicateStreams_hls_4 |          1 |          1 |       0 |    0 |    30 |      0 |      0 |    0 |          0 |
|         flow_control_loop_pipe_no_ap_cont_U                |            DuplicateStreams_hls_4_flow_control_loop_pipe_no_ap_cont |         26 |         26 |       0 |    0 |     1 |      0 |      0 |    0 |          0 |
|         regslice_both_in0_V_U                              |                                DuplicateStreams_hls_4_regslice_both |         12 |         12 |       0 |    0 |    20 |      0 |      0 |    0 |          0 |
|         regslice_both_out0_V_U                             |                            DuplicateStreams_hls_4_regslice_both_328 |         10 |         10 |       0 |    0 |    20 |      0 |      0 |    0 |          0 |
|         regslice_both_out1_V_U                             |                            DuplicateStreams_hls_4_regslice_both_329 |         23 |         23 |       0 |    0 |    20 |      0 |      0 |    0 |          0 |
|     GenericPartition_2_FMPadding_rtl_0                     |                    finn_design_GenericPartition_2_FMPadding_rtl_0_0 |        109 |        109 |       0 |    0 |   145 |      0 |      0 |    0 |          0 |
|       inst                                                 |                                                     FMPadding_rtl_0 |        109 |        109 |       0 |    0 |   145 |      0 |      0 |    0 |          0 |
|         impl                                               |                                                   fmpadding_axi_326 |        109 |        109 |       0 |    0 |   145 |      0 |      0 |    0 |          0 |
|     GenericPartition_2_FMPadding_rtl_1                     |                    finn_design_GenericPartition_2_FMPadding_rtl_1_0 |        105 |        105 |       0 |    0 |   145 |      0 |      0 |    0 |          0 |
|       inst                                                 |                                                     FMPadding_rtl_1 |        105 |        105 |       0 |    0 |   145 |      0 |      0 |    0 |          0 |
|         impl                                               |                                       fmpadding_axi__parameterized0 |        105 |        105 |       0 |    0 |   145 |      0 |      0 |    0 |          0 |
|     GenericPartition_2_FMPadding_rtl_2                     |                    finn_design_GenericPartition_2_FMPadding_rtl_2_0 |        105 |        105 |       0 |    0 |   145 |      0 |      0 |    0 |          0 |
|       inst                                                 |                                                     FMPadding_rtl_2 |        105 |        105 |       0 |    0 |   145 |      0 |      0 |    0 |          0 |
|         impl                                               |                                       fmpadding_axi__parameterized1 |        105 |        105 |       0 |    0 |   145 |      0 |      0 |    0 |          0 |
|     GenericPartition_2_FMPadding_rtl_3                     |                    finn_design_GenericPartition_2_FMPadding_rtl_3_0 |        105 |        105 |       0 |    0 |   145 |      0 |      0 |    0 |          0 |
|       inst                                                 |                                                     FMPadding_rtl_3 |        105 |        105 |       0 |    0 |   145 |      0 |      0 |    0 |          0 |
|         impl                                               |                                       fmpadding_axi__parameterized2 |        105 |        105 |       0 |    0 |   145 |      0 |      0 |    0 |          0 |
|     GenericPartition_2_FMPadding_rtl_4                     |                    finn_design_GenericPartition_2_FMPadding_rtl_4_0 |        109 |        109 |       0 |    0 |   145 |      0 |      0 |    0 |          0 |
|       inst                                                 |                                                     FMPadding_rtl_4 |        109 |        109 |       0 |    0 |   145 |      0 |      0 |    0 |          0 |
|         impl                                               |                                                       fmpadding_axi |        109 |        109 |       0 |    0 |   145 |      0 |      0 |    0 |          0 |
|     GenericPartition_2_MVAU_rtl_0                          |                           GenericPartition_2_MVAU_rtl_0_imp_1DU7NZ9 |        143 |         91 |      52 |    0 |   183 |      0 |      0 |    0 |          4 |
|       GenericPartition_2_MVAU_rtl_0                        |                         finn_design_GenericPartition_2_MVAU_rtl_0_0 |        105 |         85 |      20 |    0 |   137 |      0 |      0 |    0 |          4 |
|         inst                                               |                                                          MVAU_rtl_0 |        105 |         85 |      20 |    0 |   137 |      0 |      0 |    0 |          4 |
|       GenericPartition_2_MVAU_rtl_0_wstrm                  |                   finn_design_GenericPartition_2_MVAU_rtl_0_wstrm_0 |         38 |          6 |      32 |    0 |    46 |      0 |      0 |    0 |          0 |
|         inst                                               |                                               memstream_axi_wrapper |         38 |          6 |      32 |    0 |    46 |      0 |      0 |    0 |          0 |
|     GenericPartition_2_MVAU_rtl_1                          |                            GenericPartition_2_MVAU_rtl_1_imp_B5ULVU |        309 |        173 |     136 |    0 |   261 |      0 |      0 |    0 |          8 |
|       GenericPartition_2_MVAU_rtl_1                        |                         finn_design_GenericPartition_2_MVAU_rtl_1_0 |        140 |        100 |      40 |    0 |   180 |      0 |      0 |    0 |          8 |
|         inst                                               |                                                          MVAU_rtl_1 |        140 |        100 |      40 |    0 |   180 |      0 |      0 |    0 |          8 |
|       GenericPartition_2_MVAU_rtl_1_wstrm                  |                   finn_design_GenericPartition_2_MVAU_rtl_1_wstrm_0 |        169 |         73 |      96 |    0 |    81 |      0 |      0 |    0 |          0 |
|         inst                                               |                               memstream_axi_wrapper__parameterized0 |        169 |         73 |      96 |    0 |    81 |      0 |      0 |    0 |          0 |
|     GenericPartition_2_MVAU_rtl_10                         |                           GenericPartition_2_MVAU_rtl_10_imp_UVPSHS |        307 |        171 |     136 |    0 |   261 |      0 |      0 |    0 |          8 |
|       GenericPartition_2_MVAU_rtl_10                       |                        finn_design_GenericPartition_2_MVAU_rtl_10_0 |        139 |         99 |      40 |    0 |   180 |      0 |      0 |    0 |          8 |
|         inst                                               |                                                         MVAU_rtl_10 |        139 |         99 |      40 |    0 |   180 |      0 |      0 |    0 |          8 |
|       GenericPartition_2_MVAU_rtl_10_wstrm                 |                  finn_design_GenericPartition_2_MVAU_rtl_10_wstrm_0 |        168 |         72 |      96 |    0 |    81 |      0 |      0 |    0 |          0 |
|         inst                                               |                               memstream_axi_wrapper__parameterized1 |        168 |         72 |      96 |    0 |    81 |      0 |      0 |    0 |          0 |
|     GenericPartition_2_MVAU_rtl_11                         |                          GenericPartition_2_MVAU_rtl_11_imp_1VYCQNJ |        133 |         81 |      52 |    0 |   172 |      0 |      0 |    0 |          4 |
|       GenericPartition_2_MVAU_rtl_11                       |                        finn_design_GenericPartition_2_MVAU_rtl_11_0 |         95 |         75 |      20 |    0 |   126 |      0 |      0 |    0 |          4 |
|         inst                                               |                                                         MVAU_rtl_11 |         95 |         75 |      20 |    0 |   126 |      0 |      0 |    0 |          4 |
|       GenericPartition_2_MVAU_rtl_11_wstrm                 |                  finn_design_GenericPartition_2_MVAU_rtl_11_wstrm_0 |         38 |          6 |      32 |    0 |    46 |      0 |      0 |    0 |          0 |
|         inst                                               |                               memstream_axi_wrapper__parameterized2 |         38 |          6 |      32 |    0 |    46 |      0 |      0 |    0 |          0 |
|     GenericPartition_2_MVAU_rtl_12                         |                          GenericPartition_2_MVAU_rtl_12_imp_10H6QLB |        142 |         90 |      52 |    0 |   187 |      0 |      0 |    0 |          4 |
|       GenericPartition_2_MVAU_rtl_12                       |                        finn_design_GenericPartition_2_MVAU_rtl_12_0 |        104 |         84 |      20 |    0 |   141 |      0 |      0 |    0 |          4 |
|         inst                                               |                                                         MVAU_rtl_12 |        104 |         84 |      20 |    0 |   141 |      0 |      0 |    0 |          4 |
|       GenericPartition_2_MVAU_rtl_12_wstrm                 |                  finn_design_GenericPartition_2_MVAU_rtl_12_wstrm_0 |         38 |          6 |      32 |    0 |    46 |      0 |      0 |    0 |          0 |
|         inst                                               |                               memstream_axi_wrapper__parameterized3 |         38 |          6 |      32 |    0 |    46 |      0 |      0 |    0 |          0 |
|     GenericPartition_2_MVAU_rtl_13                         |                           GenericPartition_2_MVAU_rtl_13_imp_6VYANK |        308 |        173 |     135 |    0 |   261 |      0 |      0 |    0 |          8 |
|       GenericPartition_2_MVAU_rtl_13                       |                        finn_design_GenericPartition_2_MVAU_rtl_13_0 |        140 |        100 |      40 |    0 |   180 |      0 |      0 |    0 |          8 |
|         inst                                               |                                                         MVAU_rtl_13 |        140 |        100 |      40 |    0 |   180 |      0 |      0 |    0 |          8 |
|       GenericPartition_2_MVAU_rtl_13_wstrm                 |                  finn_design_GenericPartition_2_MVAU_rtl_13_wstrm_0 |        168 |         73 |      95 |    0 |    81 |      0 |      0 |    0 |          0 |
|         inst                                               |                               memstream_axi_wrapper__parameterized4 |        168 |         73 |      95 |    0 |    81 |      0 |      0 |    0 |          0 |
|     GenericPartition_2_MVAU_rtl_14                         |                           GenericPartition_2_MVAU_rtl_14_imp_U1OBGF |         83 |         57 |      26 |    0 |   108 |      0 |      0 |    0 |          4 |
|       GenericPartition_2_MVAU_rtl_14                       |                        finn_design_GenericPartition_2_MVAU_rtl_14_0 |         61 |         51 |      10 |    0 |    78 |      0 |      0 |    0 |          4 |
|         inst                                               |                                                         MVAU_rtl_14 |         61 |         51 |      10 |    0 |    78 |      0 |      0 |    0 |          4 |
|       GenericPartition_2_MVAU_rtl_14_wstrm                 |                  finn_design_GenericPartition_2_MVAU_rtl_14_wstrm_0 |         22 |          6 |      16 |    0 |    30 |      0 |      0 |    0 |          0 |
|         inst                                               |                               memstream_axi_wrapper__parameterized5 |         22 |          6 |      16 |    0 |    30 |      0 |      0 |    0 |          0 |
|     GenericPartition_2_MVAU_rtl_2                          |                            GenericPartition_2_MVAU_rtl_2_imp_QJC0QI |        107 |         71 |      36 |    0 |   140 |      0 |      0 |    0 |          4 |
|       GenericPartition_2_MVAU_rtl_2                        |                         finn_design_GenericPartition_2_MVAU_rtl_2_0 |         85 |         65 |      20 |    0 |   110 |      0 |      0 |    0 |          4 |
|         inst                                               |                                                          MVAU_rtl_2 |         85 |         65 |      20 |    0 |   110 |      0 |      0 |    0 |          4 |
|       GenericPartition_2_MVAU_rtl_2_wstrm                  |                   finn_design_GenericPartition_2_MVAU_rtl_2_wstrm_0 |         22 |          6 |      16 |    0 |    30 |      0 |      0 |    0 |          0 |
|         inst                                               |                               memstream_axi_wrapper__parameterized6 |         22 |          6 |      16 |    0 |    30 |      0 |      0 |    0 |          0 |
|     GenericPartition_2_MVAU_rtl_3                          |                           GenericPartition_2_MVAU_rtl_3_imp_1IDUDP1 |        118 |         82 |      36 |    0 |   155 |      0 |      0 |    0 |          4 |
|       GenericPartition_2_MVAU_rtl_3                        |                         finn_design_GenericPartition_2_MVAU_rtl_3_0 |         96 |         76 |      20 |    0 |   125 |      0 |      0 |    0 |          4 |
|         inst                                               |                                                          MVAU_rtl_3 |         96 |         76 |      20 |    0 |   125 |      0 |      0 |    0 |          4 |
|       GenericPartition_2_MVAU_rtl_3_wstrm                  |                   finn_design_GenericPartition_2_MVAU_rtl_3_wstrm_0 |         22 |          6 |      16 |    0 |    30 |      0 |      0 |    0 |          0 |
|         inst                                               |                               memstream_axi_wrapper__parameterized7 |         22 |          6 |      16 |    0 |    30 |      0 |      0 |    0 |          0 |
|     GenericPartition_2_MVAU_rtl_4                          |                           GenericPartition_2_MVAU_rtl_4_imp_1D007YY |        308 |        172 |     136 |    0 |   261 |      0 |      0 |    0 |          8 |
|       GenericPartition_2_MVAU_rtl_4                        |                         finn_design_GenericPartition_2_MVAU_rtl_4_0 |        140 |        100 |      40 |    0 |   180 |      0 |      0 |    0 |          8 |
|         inst                                               |                                                          MVAU_rtl_4 |        140 |        100 |      40 |    0 |   180 |      0 |      0 |    0 |          8 |
|       GenericPartition_2_MVAU_rtl_4_wstrm                  |                   finn_design_GenericPartition_2_MVAU_rtl_4_wstrm_0 |        168 |         72 |      96 |    0 |    81 |      0 |      0 |    0 |          0 |
|         inst                                               |                               memstream_axi_wrapper__parameterized8 |        168 |         72 |      96 |    0 |    81 |      0 |      0 |    0 |          0 |
|     GenericPartition_2_MVAU_rtl_5                          |                            GenericPartition_2_MVAU_rtl_5_imp_BZVVHX |        106 |         70 |      36 |    0 |   140 |      0 |      0 |    0 |          4 |
|       GenericPartition_2_MVAU_rtl_5                        |                         finn_design_GenericPartition_2_MVAU_rtl_5_0 |         84 |         64 |      20 |    0 |   110 |      0 |      0 |    0 |          4 |
|         inst                                               |                                                          MVAU_rtl_5 |         84 |         64 |      20 |    0 |   110 |      0 |      0 |    0 |          4 |
|       GenericPartition_2_MVAU_rtl_5_wstrm                  |                   finn_design_GenericPartition_2_MVAU_rtl_5_wstrm_0 |         22 |          6 |      16 |    0 |    30 |      0 |      0 |    0 |          0 |
|         inst                                               |                               memstream_axi_wrapper__parameterized9 |         22 |          6 |      16 |    0 |    30 |      0 |      0 |    0 |          0 |
|     GenericPartition_2_MVAU_rtl_6                          |                            GenericPartition_2_MVAU_rtl_6_imp_PPAAX1 |        142 |         90 |      52 |    0 |   187 |      0 |      0 |    0 |          4 |
|       GenericPartition_2_MVAU_rtl_6                        |                         finn_design_GenericPartition_2_MVAU_rtl_6_0 |        104 |         84 |      20 |    0 |   141 |      0 |      0 |    0 |          4 |
|         inst                                               |                                                          MVAU_rtl_6 |        104 |         84 |      20 |    0 |   141 |      0 |      0 |    0 |          4 |
|       GenericPartition_2_MVAU_rtl_6_wstrm                  |                   finn_design_GenericPartition_2_MVAU_rtl_6_wstrm_0 |         38 |          6 |      32 |    0 |    46 |      0 |      0 |    0 |          0 |
|         inst                                               |                              memstream_axi_wrapper__parameterized10 |         38 |          6 |      32 |    0 |    46 |      0 |      0 |    0 |          0 |
|     GenericPartition_2_MVAU_rtl_7                          |                           GenericPartition_2_MVAU_rtl_7_imp_1J81JU2 |        224 |        136 |      88 |    0 |   213 |      0 |      0 |    0 |          8 |
|       GenericPartition_2_MVAU_rtl_7                        |                         finn_design_GenericPartition_2_MVAU_rtl_7_0 |        136 |         96 |      40 |    0 |   164 |      0 |      0 |    0 |          8 |
|         inst                                               |                                                          MVAU_rtl_7 |        136 |         96 |      40 |    0 |   164 |      0 |      0 |    0 |          8 |
|       GenericPartition_2_MVAU_rtl_7_wstrm                  |                   finn_design_GenericPartition_2_MVAU_rtl_7_wstrm_0 |         88 |         40 |      48 |    0 |    49 |      0 |      0 |    0 |          0 |
|         inst                                               |                              memstream_axi_wrapper__parameterized11 |         88 |         40 |      48 |    0 |    49 |      0 |      0 |    0 |          0 |
|     GenericPartition_2_MVAU_rtl_8                          |                           GenericPartition_2_MVAU_rtl_8_imp_1EDQ21N |         85 |         59 |      26 |    0 |   108 |      0 |      0 |    0 |          4 |
|       GenericPartition_2_MVAU_rtl_8                        |                         finn_design_GenericPartition_2_MVAU_rtl_8_0 |         63 |         53 |      10 |    0 |    78 |      0 |      0 |    0 |          4 |
|         inst                                               |                                                          MVAU_rtl_8 |         63 |         53 |      10 |    0 |    78 |      0 |      0 |    0 |          4 |
|       GenericPartition_2_MVAU_rtl_8_wstrm                  |                   finn_design_GenericPartition_2_MVAU_rtl_8_wstrm_0 |         22 |          6 |      16 |    0 |    30 |      0 |      0 |    0 |          0 |
|         inst                                               |                              memstream_axi_wrapper__parameterized12 |         22 |          6 |      16 |    0 |    30 |      0 |      0 |    0 |          0 |
|     GenericPartition_2_MVAU_rtl_9                          |                            GenericPartition_2_MVAU_rtl_9_imp_CTLY9G |        141 |         89 |      52 |    0 |   183 |      0 |      0 |    0 |          4 |
|       GenericPartition_2_MVAU_rtl_9                        |                         finn_design_GenericPartition_2_MVAU_rtl_9_0 |        103 |         83 |      20 |    0 |   137 |      0 |      0 |    0 |          4 |
|         inst                                               |                                                          MVAU_rtl_9 |        103 |         83 |      20 |    0 |   137 |      0 |      0 |    0 |          4 |
|       GenericPartition_2_MVAU_rtl_9_wstrm                  |                   finn_design_GenericPartition_2_MVAU_rtl_9_wstrm_0 |         38 |          6 |      32 |    0 |    46 |      0 |      0 |    0 |          0 |
|         inst                                               |                              memstream_axi_wrapper__parameterized13 |         38 |          6 |      32 |    0 |    46 |      0 |      0 |    0 |          0 |
|     GenericPartition_2_StreamingDataWidthConverter_rtl_0   |  finn_design_GenericPartition_2_StreamingDataWidthConverter_rtl_0_0 |         12 |         12 |       0 |    0 |    44 |      0 |      0 |    0 |          0 |
|       inst                                                 |                                   StreamingDataWidthConverter_rtl_0 |         12 |         12 |       0 |    0 |    44 |      0 |      0 |    0 |          0 |
|         impl                                               |                                                         dwc_axi_299 |         12 |         12 |       0 |    0 |    44 |      0 |      0 |    0 |          0 |
|     GenericPartition_2_StreamingDataWidthConverter_rtl_1   |  finn_design_GenericPartition_2_StreamingDataWidthConverter_rtl_1_0 |         13 |         13 |       0 |    0 |    77 |      0 |      0 |    0 |          0 |
|       inst                                                 |                                   StreamingDataWidthConverter_rtl_1 |         13 |         13 |       0 |    0 |    77 |      0 |      0 |    0 |          0 |
|         impl                                               |                                         dwc_axi__parameterized0_297 |         13 |         13 |       0 |    0 |    77 |      0 |      0 |    0 |          0 |
|     GenericPartition_2_StreamingDataWidthConverter_rtl_10  | finn_design_GenericPartition_2_StreamingDataWidthConverter_rtl_10_0 |         12 |         12 |       0 |    0 |    44 |      0 |      0 |    0 |          0 |
|       inst                                                 |                                  StreamingDataWidthConverter_rtl_10 |         12 |         12 |       0 |    0 |    44 |      0 |      0 |    0 |          0 |
|         impl                                               |                                                         dwc_axi_295 |         12 |         12 |       0 |    0 |    44 |      0 |      0 |    0 |          0 |
|     GenericPartition_2_StreamingDataWidthConverter_rtl_11  | finn_design_GenericPartition_2_StreamingDataWidthConverter_rtl_11_0 |         14 |         14 |       0 |    0 |    77 |      0 |      0 |    0 |          0 |
|       inst                                                 |                                  StreamingDataWidthConverter_rtl_11 |         14 |         14 |       0 |    0 |    77 |      0 |      0 |    0 |          0 |
|         impl                                               |                                         dwc_axi__parameterized0_293 |         14 |         14 |       0 |    0 |    77 |      0 |      0 |    0 |          0 |
|     GenericPartition_2_StreamingDataWidthConverter_rtl_12  | finn_design_GenericPartition_2_StreamingDataWidthConverter_rtl_12_0 |         71 |         71 |       0 |    0 |    86 |      0 |      0 |    0 |          0 |
|       inst                                                 |                                  StreamingDataWidthConverter_rtl_12 |         71 |         71 |       0 |    0 |    86 |      0 |      0 |    0 |          0 |
|         impl                                               |                                         dwc_axi__parameterized1_291 |         71 |         71 |       0 |    0 |    86 |      0 |      0 |    0 |          0 |
|     GenericPartition_2_StreamingDataWidthConverter_rtl_13  | finn_design_GenericPartition_2_StreamingDataWidthConverter_rtl_13_0 |         14 |         14 |       0 |    0 |    77 |      0 |      0 |    0 |          0 |
|       inst                                                 |                                  StreamingDataWidthConverter_rtl_13 |         14 |         14 |       0 |    0 |    77 |      0 |      0 |    0 |          0 |
|         impl                                               |                                         dwc_axi__parameterized0_289 |         14 |         14 |       0 |    0 |    77 |      0 |      0 |    0 |          0 |
|     GenericPartition_2_StreamingDataWidthConverter_rtl_14  | finn_design_GenericPartition_2_StreamingDataWidthConverter_rtl_14_0 |          9 |          9 |       0 |    0 |    24 |      0 |      0 |    0 |          0 |
|       inst                                                 |                                  StreamingDataWidthConverter_rtl_14 |          9 |          9 |       0 |    0 |    24 |      0 |      0 |    0 |          0 |
|         impl                                               |                                         dwc_axi__parameterized2_287 |          9 |          9 |       0 |    0 |    24 |      0 |      0 |    0 |          0 |
|     GenericPartition_2_StreamingDataWidthConverter_rtl_15  | finn_design_GenericPartition_2_StreamingDataWidthConverter_rtl_15_0 |         13 |         13 |       0 |    0 |    44 |      0 |      0 |    0 |          0 |
|       inst                                                 |                                  StreamingDataWidthConverter_rtl_15 |         13 |         13 |       0 |    0 |    44 |      0 |      0 |    0 |          0 |
|         impl                                               |                                                         dwc_axi_285 |         13 |         13 |       0 |    0 |    44 |      0 |      0 |    0 |          0 |
|     GenericPartition_2_StreamingDataWidthConverter_rtl_16  | finn_design_GenericPartition_2_StreamingDataWidthConverter_rtl_16_0 |         13 |         13 |       0 |    0 |    77 |      0 |      0 |    0 |          0 |
|       inst                                                 |                                  StreamingDataWidthConverter_rtl_16 |         13 |         13 |       0 |    0 |    77 |      0 |      0 |    0 |          0 |
|         impl                                               |                                         dwc_axi__parameterized0_283 |         13 |         13 |       0 |    0 |    77 |      0 |      0 |    0 |          0 |
|     GenericPartition_2_StreamingDataWidthConverter_rtl_17  | finn_design_GenericPartition_2_StreamingDataWidthConverter_rtl_17_0 |         72 |         72 |       0 |    0 |    86 |      0 |      0 |    0 |          0 |
|       inst                                                 |                                  StreamingDataWidthConverter_rtl_17 |         72 |         72 |       0 |    0 |    86 |      0 |      0 |    0 |          0 |
|         impl                                               |                                         dwc_axi__parameterized1_281 |         72 |         72 |       0 |    0 |    86 |      0 |      0 |    0 |          0 |
|     GenericPartition_2_StreamingDataWidthConverter_rtl_18  | finn_design_GenericPartition_2_StreamingDataWidthConverter_rtl_18_0 |         14 |         14 |       0 |    0 |    77 |      0 |      0 |    0 |          0 |
|       inst                                                 |                                  StreamingDataWidthConverter_rtl_18 |         14 |         14 |       0 |    0 |    77 |      0 |      0 |    0 |          0 |
|         impl                                               |                                         dwc_axi__parameterized0_279 |         14 |         14 |       0 |    0 |    77 |      0 |      0 |    0 |          0 |
|     GenericPartition_2_StreamingDataWidthConverter_rtl_19  | finn_design_GenericPartition_2_StreamingDataWidthConverter_rtl_19_0 |         13 |         13 |       0 |    0 |    44 |      0 |      0 |    0 |          0 |
|       inst                                                 |                                  StreamingDataWidthConverter_rtl_19 |         13 |         13 |       0 |    0 |    44 |      0 |      0 |    0 |          0 |
|         impl                                               |                                                         dwc_axi_277 |         13 |         13 |       0 |    0 |    44 |      0 |      0 |    0 |          0 |
|     GenericPartition_2_StreamingDataWidthConverter_rtl_2   |  finn_design_GenericPartition_2_StreamingDataWidthConverter_rtl_2_0 |         73 |         73 |       0 |    0 |    86 |      0 |      0 |    0 |          0 |
|       inst                                                 |                                   StreamingDataWidthConverter_rtl_2 |         73 |         73 |       0 |    0 |    86 |      0 |      0 |    0 |          0 |
|         impl                                               |                                         dwc_axi__parameterized1_275 |         73 |         73 |       0 |    0 |    86 |      0 |      0 |    0 |          0 |
|     GenericPartition_2_StreamingDataWidthConverter_rtl_20  | finn_design_GenericPartition_2_StreamingDataWidthConverter_rtl_20_0 |         12 |         12 |       0 |    0 |    44 |      0 |      0 |    0 |          0 |
|       inst                                                 |                                  StreamingDataWidthConverter_rtl_20 |         12 |         12 |       0 |    0 |    44 |      0 |      0 |    0 |          0 |
|         impl                                               |                                                         dwc_axi_273 |         12 |         12 |       0 |    0 |    44 |      0 |      0 |    0 |          0 |
|     GenericPartition_2_StreamingDataWidthConverter_rtl_21  | finn_design_GenericPartition_2_StreamingDataWidthConverter_rtl_21_0 |         14 |         14 |       0 |    0 |    77 |      0 |      0 |    0 |          0 |
|       inst                                                 |                                  StreamingDataWidthConverter_rtl_21 |         14 |         14 |       0 |    0 |    77 |      0 |      0 |    0 |          0 |
|         impl                                               |                                         dwc_axi__parameterized0_271 |         14 |         14 |       0 |    0 |    77 |      0 |      0 |    0 |          0 |
|     GenericPartition_2_StreamingDataWidthConverter_rtl_22  | finn_design_GenericPartition_2_StreamingDataWidthConverter_rtl_22_0 |         72 |         72 |       0 |    0 |    86 |      0 |      0 |    0 |          0 |
|       inst                                                 |                                  StreamingDataWidthConverter_rtl_22 |         72 |         72 |       0 |    0 |    86 |      0 |      0 |    0 |          0 |
|         impl                                               |                                         dwc_axi__parameterized1_269 |         72 |         72 |       0 |    0 |    86 |      0 |      0 |    0 |          0 |
|     GenericPartition_2_StreamingDataWidthConverter_rtl_23  | finn_design_GenericPartition_2_StreamingDataWidthConverter_rtl_23_0 |         14 |         14 |       0 |    0 |    77 |      0 |      0 |    0 |          0 |
|       inst                                                 |                                  StreamingDataWidthConverter_rtl_23 |         14 |         14 |       0 |    0 |    77 |      0 |      0 |    0 |          0 |
|         impl                                               |                                         dwc_axi__parameterized0_267 |         14 |         14 |       0 |    0 |    77 |      0 |      0 |    0 |          0 |
|     GenericPartition_2_StreamingDataWidthConverter_rtl_24  | finn_design_GenericPartition_2_StreamingDataWidthConverter_rtl_24_0 |          9 |          9 |       0 |    0 |    24 |      0 |      0 |    0 |          0 |
|       inst                                                 |                                  StreamingDataWidthConverter_rtl_24 |          9 |          9 |       0 |    0 |    24 |      0 |      0 |    0 |          0 |
|         impl                                               |                                             dwc_axi__parameterized2 |          9 |          9 |       0 |    0 |    24 |      0 |      0 |    0 |          0 |
|     GenericPartition_2_StreamingDataWidthConverter_rtl_3   |  finn_design_GenericPartition_2_StreamingDataWidthConverter_rtl_3_0 |         13 |         13 |       0 |    0 |    77 |      0 |      0 |    0 |          0 |
|       inst                                                 |                                   StreamingDataWidthConverter_rtl_3 |         13 |         13 |       0 |    0 |    77 |      0 |      0 |    0 |          0 |
|         impl                                               |                                         dwc_axi__parameterized0_265 |         13 |         13 |       0 |    0 |    77 |      0 |      0 |    0 |          0 |
|     GenericPartition_2_StreamingDataWidthConverter_rtl_4   |  finn_design_GenericPartition_2_StreamingDataWidthConverter_rtl_4_0 |         13 |         13 |       0 |    0 |    44 |      0 |      0 |    0 |          0 |
|       inst                                                 |                                   StreamingDataWidthConverter_rtl_4 |         13 |         13 |       0 |    0 |    44 |      0 |      0 |    0 |          0 |
|         impl                                               |                                                         dwc_axi_263 |         13 |         13 |       0 |    0 |    44 |      0 |      0 |    0 |          0 |
|     GenericPartition_2_StreamingDataWidthConverter_rtl_5   |  finn_design_GenericPartition_2_StreamingDataWidthConverter_rtl_5_0 |         13 |         13 |       0 |    0 |    44 |      0 |      0 |    0 |          0 |
|       inst                                                 |                                   StreamingDataWidthConverter_rtl_5 |         13 |         13 |       0 |    0 |    44 |      0 |      0 |    0 |          0 |
|         impl                                               |                                                         dwc_axi_261 |         13 |         13 |       0 |    0 |    44 |      0 |      0 |    0 |          0 |
|     GenericPartition_2_StreamingDataWidthConverter_rtl_6   |  finn_design_GenericPartition_2_StreamingDataWidthConverter_rtl_6_0 |         13 |         13 |       0 |    0 |    77 |      0 |      0 |    0 |          0 |
|       inst                                                 |                                   StreamingDataWidthConverter_rtl_6 |         13 |         13 |       0 |    0 |    77 |      0 |      0 |    0 |          0 |
|         impl                                               |                                         dwc_axi__parameterized0_259 |         13 |         13 |       0 |    0 |    77 |      0 |      0 |    0 |          0 |
|     GenericPartition_2_StreamingDataWidthConverter_rtl_7   |  finn_design_GenericPartition_2_StreamingDataWidthConverter_rtl_7_0 |         71 |         71 |       0 |    0 |    86 |      0 |      0 |    0 |          0 |
|       inst                                                 |                                   StreamingDataWidthConverter_rtl_7 |         71 |         71 |       0 |    0 |    86 |      0 |      0 |    0 |          0 |
|         impl                                               |                                             dwc_axi__parameterized1 |         71 |         71 |       0 |    0 |    86 |      0 |      0 |    0 |          0 |
|     GenericPartition_2_StreamingDataWidthConverter_rtl_8   |  finn_design_GenericPartition_2_StreamingDataWidthConverter_rtl_8_0 |         13 |         13 |       0 |    0 |    77 |      0 |      0 |    0 |          0 |
|       inst                                                 |                                   StreamingDataWidthConverter_rtl_8 |         13 |         13 |       0 |    0 |    77 |      0 |      0 |    0 |          0 |
|         impl                                               |                                             dwc_axi__parameterized0 |         13 |         13 |       0 |    0 |    77 |      0 |      0 |    0 |          0 |
|     GenericPartition_2_StreamingDataWidthConverter_rtl_9   |  finn_design_GenericPartition_2_StreamingDataWidthConverter_rtl_9_0 |         13 |         13 |       0 |    0 |    44 |      0 |      0 |    0 |          0 |
|       inst                                                 |                                   StreamingDataWidthConverter_rtl_9 |         13 |         13 |       0 |    0 |    44 |      0 |      0 |    0 |          0 |
|         impl                                               |                                                             dwc_axi |         13 |         13 |       0 |    0 |    44 |      0 |      0 |    0 |          0 |
|     GenericPartition_2_StreamingFIFO_rtl_0                 |                finn_design_GenericPartition_2_StreamingFIFO_rtl_0_0 |         16 |         16 |       0 |    0 |    23 |      0 |      0 |    0 |          0 |
|       inst                                                 |                                                 StreamingFIFO_rtl_0 |         16 |         16 |       0 |    0 |    23 |      0 |      0 |    0 |          0 |
|         impl                                               |                                                           Q_srl_258 |         16 |         16 |       0 |    0 |    23 |      0 |      0 |    0 |          0 |
|     GenericPartition_2_StreamingFIFO_rtl_1                 |                finn_design_GenericPartition_2_StreamingFIFO_rtl_1_0 |         16 |         16 |       0 |    0 |    21 |      0 |      0 |    0 |          0 |
|       inst                                                 |                                                 StreamingFIFO_rtl_1 |         16 |         16 |       0 |    0 |    21 |      0 |      0 |    0 |          0 |
|         impl                                               |                                           Q_srl__parameterized0_257 |         16 |         16 |       0 |    0 |    21 |      0 |      0 |    0 |          0 |
|     GenericPartition_2_StreamingFIFO_rtl_10                |               finn_design_GenericPartition_2_StreamingFIFO_rtl_10_0 |         26 |         26 |       0 |    0 |    43 |      0 |      0 |    0 |          0 |
|       inst                                                 |                                                 StreamingFIFO_rtl_7 |         26 |         26 |       0 |    0 |    43 |      0 |      0 |    0 |          0 |
|         impl                                               |                                           Q_srl__parameterized1_256 |         26 |         26 |       0 |    0 |    43 |      0 |      0 |    0 |          0 |
|     GenericPartition_2_StreamingFIFO_rtl_100               |              finn_design_GenericPartition_2_StreamingFIFO_rtl_100_0 |         14 |         14 |       0 |    0 |    21 |      0 |      0 |    0 |          0 |
|       inst                                                 |                                                StreamingFIFO_rtl_69 |         14 |         14 |       0 |    0 |    21 |      0 |      0 |    0 |          0 |
|         impl                                               |                                           Q_srl__parameterized0_255 |         14 |         14 |       0 |    0 |    21 |      0 |      0 |    0 |          0 |
|     GenericPartition_2_StreamingFIFO_rtl_101               |              finn_design_GenericPartition_2_StreamingFIFO_rtl_101_0 |         72 |         72 |       0 |    0 |   133 |      0 |      0 |    0 |          0 |
|       inst                                                 |                                                StreamingFIFO_rtl_70 |         72 |         72 |       0 |    0 |   133 |      0 |      0 |    0 |          0 |
|         impl                                               |                                           Q_srl__parameterized2_254 |         72 |         72 |       0 |    0 |   133 |      0 |      0 |    0 |          0 |
|     GenericPartition_2_StreamingFIFO_rtl_102               |              finn_design_GenericPartition_2_StreamingFIFO_rtl_102_0 |         28 |         28 |       0 |    0 |    45 |      0 |      0 |    0 |          0 |
|       inst                                                 |                                                StreamingFIFO_rtl_71 |         28 |         28 |       0 |    0 |    45 |      0 |      0 |    0 |          0 |
|         impl                                               |                                           Q_srl__parameterized1_253 |         28 |         28 |       0 |    0 |    45 |      0 |      0 |    0 |          0 |
|     GenericPartition_2_StreamingFIFO_rtl_103               |              finn_design_GenericPartition_2_StreamingFIFO_rtl_103_0 |         15 |         15 |       0 |    0 |    21 |      0 |      0 |    0 |          0 |
|       inst                                                 |                                                StreamingFIFO_rtl_72 |         15 |         15 |       0 |    0 |    21 |      0 |      0 |    0 |          0 |
|         impl                                               |                                           Q_srl__parameterized0_252 |         15 |         15 |       0 |    0 |    21 |      0 |      0 |    0 |          0 |
|     GenericPartition_2_StreamingFIFO_rtl_104               |              finn_design_GenericPartition_2_StreamingFIFO_rtl_104_0 |         39 |         39 |       0 |    0 |    69 |      0 |      0 |    0 |          0 |
|       inst                                                 |                                                StreamingFIFO_rtl_73 |         39 |         39 |       0 |    0 |    69 |      0 |      0 |    0 |          0 |
|         impl                                               |                                           Q_srl__parameterized3_251 |         39 |         39 |       0 |    0 |    69 |      0 |      0 |    0 |          0 |
|     GenericPartition_2_StreamingFIFO_rtl_105               |              finn_design_GenericPartition_2_StreamingFIFO_rtl_105_0 |         25 |         25 |       0 |    0 |    41 |      0 |      0 |    0 |          0 |
|       inst                                                 |                                                StreamingFIFO_rtl_74 |         25 |         25 |       0 |    0 |    41 |      0 |      0 |    0 |          0 |
|         impl                                               |                                           Q_srl__parameterized1_250 |         25 |         25 |       0 |    0 |    41 |      0 |      0 |    0 |          0 |
|     GenericPartition_2_StreamingFIFO_rtl_106               |              finn_design_GenericPartition_2_StreamingFIFO_rtl_106_0 |         15 |         15 |       0 |    0 |    21 |      0 |      0 |    0 |          0 |
|       inst                                                 |                                                StreamingFIFO_rtl_75 |         15 |         15 |       0 |    0 |    21 |      0 |      0 |    0 |          0 |
|         impl                                               |                                           Q_srl__parameterized0_249 |         15 |         15 |       0 |    0 |    21 |      0 |      0 |    0 |          0 |
|     GenericPartition_2_StreamingFIFO_rtl_107               |              finn_design_GenericPartition_2_StreamingFIFO_rtl_107_0 |         17 |         17 |       0 |    0 |    23 |      0 |      0 |    0 |          0 |
|       inst                                                 |                                                StreamingFIFO_rtl_76 |         17 |         17 |       0 |    0 |    23 |      0 |      0 |    0 |          0 |
|         impl                                               |                                                           Q_srl_248 |         17 |         17 |       0 |    0 |    23 |      0 |      0 |    0 |          0 |
|     GenericPartition_2_StreamingFIFO_rtl_108               |              finn_design_GenericPartition_2_StreamingFIFO_rtl_108_0 |         16 |         16 |       0 |    0 |    21 |      0 |      0 |    0 |          0 |
|       inst                                                 |                                                StreamingFIFO_rtl_77 |         16 |         16 |       0 |    0 |    21 |      0 |      0 |    0 |          0 |
|         impl                                               |                                           Q_srl__parameterized0_247 |         16 |         16 |       0 |    0 |    21 |      0 |      0 |    0 |          0 |
|     GenericPartition_2_StreamingFIFO_rtl_109               |              finn_design_GenericPartition_2_StreamingFIFO_rtl_109_0 |         14 |         14 |       0 |    0 |    21 |      0 |      0 |    0 |          0 |
|       inst                                                 |                                                StreamingFIFO_rtl_78 |         14 |         14 |       0 |    0 |    21 |      0 |      0 |    0 |          0 |
|         impl                                               |                                           Q_srl__parameterized0_246 |         14 |         14 |       0 |    0 |    21 |      0 |      0 |    0 |          0 |
|     GenericPartition_2_StreamingFIFO_rtl_11                |                 GenericPartition_2_StreamingFIFO_rtl_11_imp_1OCKX2A |         81 |         81 |       0 |    0 |    79 |      8 |      0 |    0 |          0 |
|       fifo                                                 |                                                  finn_design_fifo_4 |         81 |         81 |       0 |    0 |    79 |      8 |      0 |    0 |          0 |
|         inst                                               |                                axis_data_fifo_v2_0_9_top__xdcDup__1 |         81 |         81 |       0 |    0 |    79 |      8 |      0 |    0 |          0 |
|     GenericPartition_2_StreamingFIFO_rtl_110               |              finn_design_GenericPartition_2_StreamingFIFO_rtl_110_0 |         16 |         16 |       0 |    0 |    21 |      0 |      0 |    0 |          0 |
|       inst                                                 |                                                StreamingFIFO_rtl_79 |         16 |         16 |       0 |    0 |    21 |      0 |      0 |    0 |          0 |
|         impl                                               |                                           Q_srl__parameterized0_239 |         16 |         16 |       0 |    0 |    21 |      0 |      0 |    0 |          0 |
|     GenericPartition_2_StreamingFIFO_rtl_111               |              finn_design_GenericPartition_2_StreamingFIFO_rtl_111_0 |         14 |         14 |       0 |    0 |    21 |      0 |      0 |    0 |          0 |
|       inst                                                 |                                                StreamingFIFO_rtl_80 |         14 |         14 |       0 |    0 |    21 |      0 |      0 |    0 |          0 |
|         impl                                               |                                           Q_srl__parameterized0_238 |         14 |         14 |       0 |    0 |    21 |      0 |      0 |    0 |          0 |
|     GenericPartition_2_StreamingFIFO_rtl_112               |              finn_design_GenericPartition_2_StreamingFIFO_rtl_112_0 |         89 |         57 |       0 |   32 |    43 |      0 |      0 |    0 |          0 |
|       inst                                                 |                                                StreamingFIFO_rtl_81 |         89 |         57 |       0 |   32 |    43 |      0 |      0 |    0 |          0 |
|         impl                                               |                                           Q_srl__parameterized4_237 |         89 |         57 |       0 |   32 |    43 |      0 |      0 |    0 |          0 |
|     GenericPartition_2_StreamingFIFO_rtl_113               |                 GenericPartition_2_StreamingFIFO_rtl_113_imp_CNDL75 |         83 |         83 |       0 |    0 |    67 |      1 |      0 |    0 |          0 |
|       fifo                                                 |                                                 finn_design_fifo_30 |         83 |         83 |       0 |    0 |    67 |      1 |      0 |    0 |          0 |
|         inst                                               |                axis_data_fifo_v2_0_9_top__parameterized0__xdcDup__1 |         83 |         83 |       0 |    0 |    67 |      1 |      0 |    0 |          0 |
|     GenericPartition_2_StreamingFIFO_rtl_114               |              finn_design_GenericPartition_2_StreamingFIFO_rtl_114_0 |         99 |         51 |       0 |   48 |    22 |      0 |      0 |    0 |          0 |
|       inst                                                 |                            GenericPartition_2_StreamingFIFO_rtl_114 |         99 |         51 |       0 |   48 |    22 |      0 |      0 |    0 |          0 |
|         impl                                               |                                               Q_srl__parameterized5 |         99 |         51 |       0 |   48 |    22 |      0 |      0 |    0 |          0 |
|     GenericPartition_2_StreamingFIFO_rtl_115               |              finn_design_GenericPartition_2_StreamingFIFO_rtl_115_0 |         27 |         27 |       0 |    0 |    45 |      0 |      0 |    0 |          0 |
|       inst                                                 |                                                StreamingFIFO_rtl_83 |         27 |         27 |       0 |    0 |    45 |      0 |      0 |    0 |          0 |
|         impl                                               |                                           Q_srl__parameterized1_230 |         27 |         27 |       0 |    0 |    45 |      0 |      0 |    0 |          0 |
|     GenericPartition_2_StreamingFIFO_rtl_116               |              finn_design_GenericPartition_2_StreamingFIFO_rtl_116_0 |         14 |         14 |       0 |    0 |    21 |      0 |      0 |    0 |          0 |
|       inst                                                 |                                                StreamingFIFO_rtl_84 |         14 |         14 |       0 |    0 |    21 |      0 |      0 |    0 |          0 |
|         impl                                               |                                           Q_srl__parameterized0_229 |         14 |         14 |       0 |    0 |    21 |      0 |      0 |    0 |          0 |
|     GenericPartition_2_StreamingFIFO_rtl_117               |              finn_design_GenericPartition_2_StreamingFIFO_rtl_117_0 |         71 |         71 |       0 |    0 |   133 |      0 |      0 |    0 |          0 |
|       inst                                                 |                                                StreamingFIFO_rtl_85 |         71 |         71 |       0 |    0 |   133 |      0 |      0 |    0 |          0 |
|         impl                                               |                                           Q_srl__parameterized2_228 |         71 |         71 |       0 |    0 |   133 |      0 |      0 |    0 |          0 |
|     GenericPartition_2_StreamingFIFO_rtl_118               |              finn_design_GenericPartition_2_StreamingFIFO_rtl_118_0 |        623 |        111 |       0 |  512 |    90 |      0 |      0 |    0 |          0 |
|       inst                                                 |                                                StreamingFIFO_rtl_86 |        623 |        111 |       0 |  512 |    90 |      0 |      0 |    0 |          0 |
|         impl                                               |                                               Q_srl__parameterized6 |        623 |        111 |       0 |  512 |    90 |      0 |      0 |    0 |          0 |
|     GenericPartition_2_StreamingFIFO_rtl_119               |                GenericPartition_2_StreamingFIFO_rtl_119_imp_1JE1OFK |         71 |         71 |       0 |    0 |    59 |      0 |      1 |    0 |          0 |
|       fifo                                                 |                                                 finn_design_fifo_31 |         71 |         71 |       0 |    0 |    59 |      0 |      1 |    0 |          0 |
|         inst                                               |                axis_data_fifo_v2_0_9_top__parameterized1__xdcDup__1 |         71 |         71 |       0 |    0 |    59 |      0 |      1 |    0 |          0 |
|     GenericPartition_2_StreamingFIFO_rtl_12                |               finn_design_GenericPartition_2_StreamingFIFO_rtl_12_0 |         14 |         14 |       0 |    0 |    21 |      0 |      0 |    0 |          0 |
|       inst                                                 |                                                 StreamingFIFO_rtl_8 |         14 |         14 |       0 |    0 |    21 |      0 |      0 |    0 |          0 |
|         impl                                               |                                           Q_srl__parameterized0_221 |         14 |         14 |       0 |    0 |    21 |      0 |      0 |    0 |          0 |
|     GenericPartition_2_StreamingFIFO_rtl_120               |                GenericPartition_2_StreamingFIFO_rtl_120_imp_1SAZB8V |         68 |         68 |       0 |    0 |    55 |      0 |      1 |    0 |          0 |
|       fifo                                                 |                                                 finn_design_fifo_32 |         68 |         68 |       0 |    0 |    55 |      0 |      1 |    0 |          0 |
|         inst                                               |                axis_data_fifo_v2_0_9_top__parameterized2__xdcDup__1 |         68 |         68 |       0 |    0 |    55 |      0 |      1 |    0 |          0 |
|     GenericPartition_2_StreamingFIFO_rtl_121               |              finn_design_GenericPartition_2_StreamingFIFO_rtl_121_0 |        109 |         45 |       0 |   64 |    22 |      0 |      0 |    0 |          0 |
|       inst                                                 |                            GenericPartition_2_StreamingFIFO_rtl_121 |        109 |         45 |       0 |   64 |    22 |      0 |      0 |    0 |          0 |
|         impl                                               |                                           Q_srl__parameterized7_214 |        109 |         45 |       0 |   64 |    22 |      0 |      0 |    0 |          0 |
|     GenericPartition_2_StreamingFIFO_rtl_122               |              finn_design_GenericPartition_2_StreamingFIFO_rtl_122_0 |         76 |         44 |       0 |   32 |    21 |      0 |      0 |    0 |          0 |
|       inst                                                 |                            GenericPartition_2_StreamingFIFO_rtl_122 |         76 |         44 |       0 |   32 |    21 |      0 |      0 |    0 |          0 |
|         impl                                               |                                               Q_srl__parameterized8 |         76 |         44 |       0 |   32 |    21 |      0 |      0 |    0 |          0 |
|     GenericPartition_2_StreamingFIFO_rtl_123               |              finn_design_GenericPartition_2_StreamingFIFO_rtl_123_0 |         15 |         15 |       0 |    0 |    21 |      0 |      0 |    0 |          0 |
|       inst                                                 |                                                StreamingFIFO_rtl_88 |         15 |         15 |       0 |    0 |    21 |      0 |      0 |    0 |          0 |
|         impl                                               |                                           Q_srl__parameterized0_213 |         15 |         15 |       0 |    0 |    21 |      0 |      0 |    0 |          0 |
|     GenericPartition_2_StreamingFIFO_rtl_124               |              finn_design_GenericPartition_2_StreamingFIFO_rtl_124_0 |         72 |         72 |       0 |    0 |   133 |      0 |      0 |    0 |          0 |
|       inst                                                 |                                                StreamingFIFO_rtl_89 |         72 |         72 |       0 |    0 |   133 |      0 |      0 |    0 |          0 |
|         impl                                               |                                           Q_srl__parameterized2_212 |         72 |         72 |       0 |    0 |   133 |      0 |      0 |    0 |          0 |
|     GenericPartition_2_StreamingFIFO_rtl_125               |              finn_design_GenericPartition_2_StreamingFIFO_rtl_125_0 |         27 |         27 |       0 |    0 |    45 |      0 |      0 |    0 |          0 |
|       inst                                                 |                                                StreamingFIFO_rtl_90 |         27 |         27 |       0 |    0 |    45 |      0 |      0 |    0 |          0 |
|         impl                                               |                                           Q_srl__parameterized1_211 |         27 |         27 |       0 |    0 |    45 |      0 |      0 |    0 |          0 |
|     GenericPartition_2_StreamingFIFO_rtl_126               |              finn_design_GenericPartition_2_StreamingFIFO_rtl_126_0 |         11 |         11 |       0 |    0 |    13 |      0 |      0 |    0 |          0 |
|       inst                                                 |                                                StreamingFIFO_rtl_91 |         11 |         11 |       0 |    0 |    13 |      0 |      0 |    0 |          0 |
|         impl                                               |                                           Q_srl__parameterized0_210 |         11 |         11 |       0 |    0 |    13 |      0 |      0 |    0 |          0 |
|     GenericPartition_2_StreamingFIFO_rtl_127               |              finn_design_GenericPartition_2_StreamingFIFO_rtl_127_0 |         23 |         23 |       0 |    0 |    37 |      0 |      0 |    0 |          0 |
|       inst                                                 |                                                StreamingFIFO_rtl_92 |         23 |         23 |       0 |    0 |    37 |      0 |      0 |    0 |          0 |
|         impl                                               |                                                           Q_srl_209 |         23 |         23 |       0 |    0 |    37 |      0 |      0 |    0 |          0 |
|     GenericPartition_2_StreamingFIFO_rtl_128               |              finn_design_GenericPartition_2_StreamingFIFO_rtl_128_0 |         18 |         18 |       0 |    0 |    25 |      0 |      0 |    0 |          0 |
|       inst                                                 |                                                StreamingFIFO_rtl_93 |         18 |         18 |       0 |    0 |    25 |      0 |      0 |    0 |          0 |
|         impl                                               |                                                           Q_srl_208 |         18 |         18 |       0 |    0 |    25 |      0 |      0 |    0 |          0 |
|     GenericPartition_2_StreamingFIFO_rtl_129               |              finn_design_GenericPartition_2_StreamingFIFO_rtl_129_0 |         15 |         15 |       0 |    0 |    21 |      0 |      0 |    0 |          0 |
|       inst                                                 |                                                StreamingFIFO_rtl_94 |         15 |         15 |       0 |    0 |    21 |      0 |      0 |    0 |          0 |
|         impl                                               |                                           Q_srl__parameterized0_207 |         15 |         15 |       0 |    0 |    21 |      0 |      0 |    0 |          0 |
|     GenericPartition_2_StreamingFIFO_rtl_13                |                  GenericPartition_2_StreamingFIFO_rtl_13_imp_EWPUKD |         81 |         81 |       0 |    0 |    79 |      8 |      0 |    0 |          0 |
|       fifo                                                 |                                                  finn_design_fifo_5 |         81 |         81 |       0 |    0 |    79 |      8 |      0 |    0 |          0 |
|         inst                                               |                                axis_data_fifo_v2_0_9_top__xdcDup__2 |         81 |         81 |       0 |    0 |    79 |      8 |      0 |    0 |          0 |
|     GenericPartition_2_StreamingFIFO_rtl_130               |              finn_design_GenericPartition_2_StreamingFIFO_rtl_130_0 |         15 |         15 |       0 |    0 |    23 |      0 |      0 |    0 |          0 |
|       inst                                                 |                                                StreamingFIFO_rtl_95 |         15 |         15 |       0 |    0 |    23 |      0 |      0 |    0 |          0 |
|         impl                                               |                                                           Q_srl_200 |         15 |         15 |       0 |    0 |    23 |      0 |      0 |    0 |          0 |
|     GenericPartition_2_StreamingFIFO_rtl_14                |                  GenericPartition_2_StreamingFIFO_rtl_14_imp_I2NLO2 |         80 |         80 |       0 |    0 |    79 |      8 |      0 |    0 |          0 |
|       fifo                                                 |                                                  finn_design_fifo_6 |         80 |         80 |       0 |    0 |    79 |      8 |      0 |    0 |          0 |
|         inst                                               |                                axis_data_fifo_v2_0_9_top__xdcDup__3 |         80 |         80 |       0 |    0 |    79 |      8 |      0 |    0 |          0 |
|     GenericPartition_2_StreamingFIFO_rtl_15                |               finn_design_GenericPartition_2_StreamingFIFO_rtl_15_0 |        154 |         90 |       0 |   64 |    75 |      0 |      0 |    0 |          0 |
|       inst                                                 |                                                 StreamingFIFO_rtl_9 |        154 |         90 |       0 |   64 |    75 |      0 |      0 |    0 |          0 |
|         impl                                               |                                               Q_srl__parameterized9 |        154 |         90 |       0 |   64 |    75 |      0 |      0 |    0 |          0 |
|     GenericPartition_2_StreamingFIFO_rtl_16                |                 GenericPartition_2_StreamingFIFO_rtl_16_imp_1C0ZIST |         79 |         79 |       0 |    0 |    79 |      8 |      0 |    0 |          0 |
|       fifo                                                 |                                                  finn_design_fifo_7 |         79 |         79 |       0 |    0 |    79 |      8 |      0 |    0 |          0 |
|         inst                                               |                                axis_data_fifo_v2_0_9_top__xdcDup__4 |         79 |         79 |       0 |    0 |    79 |      8 |      0 |    0 |          0 |
|     GenericPartition_2_StreamingFIFO_rtl_17                |               finn_design_GenericPartition_2_StreamingFIFO_rtl_17_0 |        617 |        105 |       0 |  512 |    82 |      0 |      0 |    0 |          0 |
|       inst                                                 |                                                StreamingFIFO_rtl_10 |        617 |        105 |       0 |  512 |    82 |      0 |      0 |    0 |          0 |
|         impl                                               |                                              Q_srl__parameterized10 |        617 |        105 |       0 |  512 |    82 |      0 |      0 |    0 |          0 |
|     GenericPartition_2_StreamingFIFO_rtl_18                |                  GenericPartition_2_StreamingFIFO_rtl_18_imp_IWV6K3 |         95 |         95 |       0 |    0 |    71 |      2 |      0 |    0 |          0 |
|       fifo                                                 |                                                  finn_design_fifo_8 |         95 |         95 |       0 |    0 |    71 |      2 |      0 |    0 |          0 |
|         inst                                               |                axis_data_fifo_v2_0_9_top__parameterized3__xdcDup__1 |         95 |         95 |       0 |    0 |    71 |      2 |      0 |    0 |          0 |
|     GenericPartition_2_StreamingFIFO_rtl_19                |                 GenericPartition_2_StreamingFIFO_rtl_19_imp_1Q0YXLO |         72 |         72 |       0 |    0 |    59 |      0 |      1 |    0 |          0 |
|       fifo                                                 |                                                  finn_design_fifo_9 |         72 |         72 |       0 |    0 |    59 |      0 |      1 |    0 |          0 |
|         inst                                               |                axis_data_fifo_v2_0_9_top__parameterized1__xdcDup__2 |         72 |         72 |       0 |    0 |    59 |      0 |      1 |    0 |          0 |
|     GenericPartition_2_StreamingFIFO_rtl_2                 |                finn_design_GenericPartition_2_StreamingFIFO_rtl_2_0 |         15 |         15 |       0 |    0 |    21 |      0 |      0 |    0 |          0 |
|       inst                                                 |                                                 StreamingFIFO_rtl_2 |         15 |         15 |       0 |    0 |    21 |      0 |      0 |    0 |          0 |
|         impl                                               |                                           Q_srl__parameterized0_175 |         15 |         15 |       0 |    0 |    21 |      0 |      0 |    0 |          0 |
|     GenericPartition_2_StreamingFIFO_rtl_20                |                 GenericPartition_2_StreamingFIFO_rtl_20_imp_1Z0H8EB |         68 |         68 |       0 |    0 |    55 |      0 |      1 |    0 |          0 |
|       fifo                                                 |                                                 finn_design_fifo_10 |         68 |         68 |       0 |    0 |    55 |      0 |      1 |    0 |          0 |
|         inst                                               |                axis_data_fifo_v2_0_9_top__parameterized2__xdcDup__2 |         68 |         68 |       0 |    0 |    55 |      0 |      1 |    0 |          0 |
|     GenericPartition_2_StreamingFIFO_rtl_21                |               finn_design_GenericPartition_2_StreamingFIFO_rtl_21_0 |         74 |         50 |       0 |   24 |    21 |      0 |      0 |    0 |          0 |
|       inst                                                 |                             GenericPartition_2_StreamingFIFO_rtl_21 |         74 |         50 |       0 |   24 |    21 |      0 |      0 |    0 |          0 |
|         impl                                               |                                              Q_srl__parameterized11 |         74 |         50 |       0 |   24 |    21 |      0 |      0 |    0 |          0 |
|     GenericPartition_2_StreamingFIFO_rtl_22                |               finn_design_GenericPartition_2_StreamingFIFO_rtl_22_0 |         15 |         15 |       0 |    0 |    21 |      0 |      0 |    0 |          0 |
|       inst                                                 |                                                StreamingFIFO_rtl_12 |         15 |         15 |       0 |    0 |    21 |      0 |      0 |    0 |          0 |
|         impl                                               |                                           Q_srl__parameterized0_168 |         15 |         15 |       0 |    0 |    21 |      0 |      0 |    0 |          0 |
|     GenericPartition_2_StreamingFIFO_rtl_23                |               finn_design_GenericPartition_2_StreamingFIFO_rtl_23_0 |         72 |         72 |       0 |    0 |   133 |      0 |      0 |    0 |          0 |
|       inst                                                 |                                                StreamingFIFO_rtl_13 |         72 |         72 |       0 |    0 |   133 |      0 |      0 |    0 |          0 |
|         impl                                               |                                           Q_srl__parameterized2_167 |         72 |         72 |       0 |    0 |   133 |      0 |      0 |    0 |          0 |
|     GenericPartition_2_StreamingFIFO_rtl_24                |               finn_design_GenericPartition_2_StreamingFIFO_rtl_24_0 |         27 |         27 |       0 |    0 |    45 |      0 |      0 |    0 |          0 |
|       inst                                                 |                                                StreamingFIFO_rtl_14 |         27 |         27 |       0 |    0 |    45 |      0 |      0 |    0 |          0 |
|         impl                                               |                                           Q_srl__parameterized1_166 |         27 |         27 |       0 |    0 |    45 |      0 |      0 |    0 |          0 |
|     GenericPartition_2_StreamingFIFO_rtl_25                |               finn_design_GenericPartition_2_StreamingFIFO_rtl_25_0 |         14 |         14 |       0 |    0 |    21 |      0 |      0 |    0 |          0 |
|       inst                                                 |                                                StreamingFIFO_rtl_15 |         14 |         14 |       0 |    0 |    21 |      0 |      0 |    0 |          0 |
|         impl                                               |                                           Q_srl__parameterized0_165 |         14 |         14 |       0 |    0 |    21 |      0 |      0 |    0 |          0 |
|     GenericPartition_2_StreamingFIFO_rtl_26                |               finn_design_GenericPartition_2_StreamingFIFO_rtl_26_0 |         39 |         39 |       0 |    0 |    69 |      0 |      0 |    0 |          0 |
|       inst                                                 |                                                StreamingFIFO_rtl_16 |         39 |         39 |       0 |    0 |    69 |      0 |      0 |    0 |          0 |
|         impl                                               |                                           Q_srl__parameterized3_164 |         39 |         39 |       0 |    0 |    69 |      0 |      0 |    0 |          0 |
|     GenericPartition_2_StreamingFIFO_rtl_27                |               finn_design_GenericPartition_2_StreamingFIFO_rtl_27_0 |         22 |         22 |       0 |    0 |    33 |      0 |      0 |    0 |          0 |
|       inst                                                 |                                                StreamingFIFO_rtl_17 |         22 |         22 |       0 |    0 |    33 |      0 |      0 |    0 |          0 |
|         impl                                               |                                                           Q_srl_163 |         22 |         22 |       0 |    0 |    33 |      0 |      0 |    0 |          0 |
|     GenericPartition_2_StreamingFIFO_rtl_28                |               finn_design_GenericPartition_2_StreamingFIFO_rtl_28_0 |         14 |         14 |       0 |    0 |    21 |      0 |      0 |    0 |          0 |
|       inst                                                 |                                                StreamingFIFO_rtl_18 |         14 |         14 |       0 |    0 |    21 |      0 |      0 |    0 |          0 |
|         impl                                               |                                           Q_srl__parameterized0_162 |         14 |         14 |       0 |    0 |    21 |      0 |      0 |    0 |          0 |
|     GenericPartition_2_StreamingFIFO_rtl_29                |               finn_design_GenericPartition_2_StreamingFIFO_rtl_29_0 |         17 |         17 |       0 |    0 |    23 |      0 |      0 |    0 |          0 |
|       inst                                                 |                                                StreamingFIFO_rtl_19 |         17 |         17 |       0 |    0 |    23 |      0 |      0 |    0 |          0 |
|         impl                                               |                                                           Q_srl_161 |         17 |         17 |       0 |    0 |    23 |      0 |      0 |    0 |          0 |
|     GenericPartition_2_StreamingFIFO_rtl_3                 |                  GenericPartition_2_StreamingFIFO_rtl_3_imp_1CN79YI |        102 |        102 |       0 |    0 |    75 |      4 |      0 |    0 |          0 |
|       fifo                                                 |                                                  finn_design_fifo_0 |        102 |        102 |       0 |    0 |    75 |      4 |      0 |    0 |          0 |
|         inst                                               |                axis_data_fifo_v2_0_9_top__parameterized4__xdcDup__1 |        102 |        102 |       0 |    0 |    75 |      4 |      0 |    0 |          0 |
|     GenericPartition_2_StreamingFIFO_rtl_30                |               finn_design_GenericPartition_2_StreamingFIFO_rtl_30_0 |         15 |         15 |       0 |    0 |    21 |      0 |      0 |    0 |          0 |
|       inst                                                 |                                                StreamingFIFO_rtl_20 |         15 |         15 |       0 |    0 |    21 |      0 |      0 |    0 |          0 |
|         impl                                               |                                           Q_srl__parameterized0_154 |         15 |         15 |       0 |    0 |    21 |      0 |      0 |    0 |          0 |
|     GenericPartition_2_StreamingFIFO_rtl_31                |               finn_design_GenericPartition_2_StreamingFIFO_rtl_31_0 |         14 |         14 |       0 |    0 |    21 |      0 |      0 |    0 |          0 |
|       inst                                                 |                                                StreamingFIFO_rtl_21 |         14 |         14 |       0 |    0 |    21 |      0 |      0 |    0 |          0 |
|         impl                                               |                                           Q_srl__parameterized0_153 |         14 |         14 |       0 |    0 |    21 |      0 |      0 |    0 |          0 |
|     GenericPartition_2_StreamingFIFO_rtl_32                |               finn_design_GenericPartition_2_StreamingFIFO_rtl_32_0 |         15 |         15 |       0 |    0 |    21 |      0 |      0 |    0 |          0 |
|       inst                                                 |                                                StreamingFIFO_rtl_22 |         15 |         15 |       0 |    0 |    21 |      0 |      0 |    0 |          0 |
|         impl                                               |                                           Q_srl__parameterized0_152 |         15 |         15 |       0 |    0 |    21 |      0 |      0 |    0 |          0 |
|     GenericPartition_2_StreamingFIFO_rtl_33                |               finn_design_GenericPartition_2_StreamingFIFO_rtl_33_0 |         14 |         14 |       0 |    0 |    21 |      0 |      0 |    0 |          0 |
|       inst                                                 |                                                StreamingFIFO_rtl_23 |         14 |         14 |       0 |    0 |    21 |      0 |      0 |    0 |          0 |
|         impl                                               |                                           Q_srl__parameterized0_151 |         14 |         14 |       0 |    0 |    21 |      0 |      0 |    0 |          0 |
|     GenericPartition_2_StreamingFIFO_rtl_34                |               finn_design_GenericPartition_2_StreamingFIFO_rtl_34_0 |         89 |         57 |       0 |   32 |    43 |      0 |      0 |    0 |          0 |
|       inst                                                 |                                                StreamingFIFO_rtl_24 |         89 |         57 |       0 |   32 |    43 |      0 |      0 |    0 |          0 |
|         impl                                               |                                           Q_srl__parameterized4_150 |         89 |         57 |       0 |   32 |    43 |      0 |      0 |    0 |          0 |
|     GenericPartition_2_StreamingFIFO_rtl_35                |                 GenericPartition_2_StreamingFIFO_rtl_35_imp_1FUFAS6 |         95 |         95 |       0 |    0 |    71 |      2 |      0 |    0 |          0 |
|       fifo                                                 |                                                 finn_design_fifo_11 |         95 |         95 |       0 |    0 |    71 |      2 |      0 |    0 |          0 |
|         inst                                               |                axis_data_fifo_v2_0_9_top__parameterized3__xdcDup__2 |         95 |         95 |       0 |    0 |    71 |      2 |      0 |    0 |          0 |
|     GenericPartition_2_StreamingFIFO_rtl_36                |                 GenericPartition_2_StreamingFIFO_rtl_36_imp_1KYDBC6 |         70 |         70 |       0 |    0 |    59 |      0 |      1 |    0 |          0 |
|       fifo                                                 |                                                 finn_design_fifo_12 |         70 |         70 |       0 |    0 |    59 |      0 |      1 |    0 |          0 |
|         inst                                               |                axis_data_fifo_v2_0_9_top__parameterized1__xdcDup__3 |         70 |         70 |       0 |    0 |    59 |      0 |      1 |    0 |          0 |
|     GenericPartition_2_StreamingFIFO_rtl_37                |               finn_design_GenericPartition_2_StreamingFIFO_rtl_37_0 |        109 |         45 |       0 |   64 |    22 |      0 |      0 |    0 |          0 |
|       inst                                                 |                             GenericPartition_2_StreamingFIFO_rtl_37 |        109 |         45 |       0 |   64 |    22 |      0 |      0 |    0 |          0 |
|         impl                                               |                                           Q_srl__parameterized7_137 |        109 |         45 |       0 |   64 |    22 |      0 |      0 |    0 |          0 |
|     GenericPartition_2_StreamingFIFO_rtl_38                |               finn_design_GenericPartition_2_StreamingFIFO_rtl_38_0 |         24 |         24 |       0 |    0 |    37 |      0 |      0 |    0 |          0 |
|       inst                                                 |                                                StreamingFIFO_rtl_26 |         24 |         24 |       0 |    0 |    37 |      0 |      0 |    0 |          0 |
|         impl                                               |                                                           Q_srl_136 |         24 |         24 |       0 |    0 |    37 |      0 |      0 |    0 |          0 |
|     GenericPartition_2_StreamingFIFO_rtl_39                |               finn_design_GenericPartition_2_StreamingFIFO_rtl_39_0 |         51 |         35 |       0 |   16 |    20 |      0 |      0 |    0 |          0 |
|       inst                                                 |                             GenericPartition_2_StreamingFIFO_rtl_39 |         51 |         35 |       0 |   16 |    20 |      0 |      0 |    0 |          0 |
|         impl                                               |                                              Q_srl__parameterized12 |         51 |         35 |       0 |   16 |    20 |      0 |      0 |    0 |          0 |
|     GenericPartition_2_StreamingFIFO_rtl_4                 |                finn_design_GenericPartition_2_StreamingFIFO_rtl_4_0 |         15 |         15 |       0 |    0 |    21 |      0 |      0 |    0 |          0 |
|       inst                                                 |                                                 StreamingFIFO_rtl_4 |         15 |         15 |       0 |    0 |    21 |      0 |      0 |    0 |          0 |
|         impl                                               |                                           Q_srl__parameterized0_135 |         15 |         15 |       0 |    0 |    21 |      0 |      0 |    0 |          0 |
|     GenericPartition_2_StreamingFIFO_rtl_40                |               finn_design_GenericPartition_2_StreamingFIFO_rtl_40_0 |         14 |         14 |       0 |    0 |    21 |      0 |      0 |    0 |          0 |
|       inst                                                 |                                                StreamingFIFO_rtl_27 |         14 |         14 |       0 |    0 |    21 |      0 |      0 |    0 |          0 |
|         impl                                               |                                           Q_srl__parameterized0_134 |         14 |         14 |       0 |    0 |    21 |      0 |      0 |    0 |          0 |
|     GenericPartition_2_StreamingFIFO_rtl_41                |               finn_design_GenericPartition_2_StreamingFIFO_rtl_41_0 |         71 |         71 |       0 |    0 |   133 |      0 |      0 |    0 |          0 |
|       inst                                                 |                                                StreamingFIFO_rtl_28 |         71 |         71 |       0 |    0 |   133 |      0 |      0 |    0 |          0 |
|         impl                                               |                                           Q_srl__parameterized2_133 |         71 |         71 |       0 |    0 |   133 |      0 |      0 |    0 |          0 |
|     GenericPartition_2_StreamingFIFO_rtl_42                |                 GenericPartition_2_StreamingFIFO_rtl_42_imp_1DPWUWX |         68 |         68 |       0 |    0 |    55 |      1 |      0 |    0 |          0 |
|       fifo                                                 |                                                 finn_design_fifo_13 |         68 |         68 |       0 |    0 |    55 |      1 |      0 |    0 |          0 |
|         inst                                               |                axis_data_fifo_v2_0_9_top__parameterized5__xdcDup__1 |         68 |         68 |       0 |    0 |    55 |      1 |      0 |    0 |          0 |
|     GenericPartition_2_StreamingFIFO_rtl_43                |                  GenericPartition_2_StreamingFIFO_rtl_43_imp_B9CS1A |         84 |         84 |       0 |    0 |    67 |      1 |      0 |    0 |          0 |
|       fifo                                                 |                                                 finn_design_fifo_14 |         84 |         84 |       0 |    0 |    67 |      1 |      0 |    0 |          0 |
|         inst                                               |                axis_data_fifo_v2_0_9_top__parameterized0__xdcDup__2 |         84 |         84 |       0 |    0 |    67 |      1 |      0 |    0 |          0 |
|     GenericPartition_2_StreamingFIFO_rtl_44                |               finn_design_GenericPartition_2_StreamingFIFO_rtl_44_0 |        111 |         47 |       0 |   64 |    22 |      0 |      0 |    0 |          0 |
|       inst                                                 |                             GenericPartition_2_StreamingFIFO_rtl_44 |        111 |         47 |       0 |   64 |    22 |      0 |      0 |    0 |          0 |
|         impl                                               |                                           Q_srl__parameterized7_120 |        111 |         47 |       0 |   64 |    22 |      0 |      0 |    0 |          0 |
|     GenericPartition_2_StreamingFIFO_rtl_45                |               finn_design_GenericPartition_2_StreamingFIFO_rtl_45_0 |         37 |         29 |       0 |    8 |    18 |      0 |      0 |    0 |          0 |
|       inst                                                 |                             GenericPartition_2_StreamingFIFO_rtl_45 |         37 |         29 |       0 |    8 |    18 |      0 |      0 |    0 |          0 |
|         impl                                               |                                              Q_srl__parameterized13 |         37 |         29 |       0 |    8 |    18 |      0 |      0 |    0 |          0 |
|     GenericPartition_2_StreamingFIFO_rtl_46                |               finn_design_GenericPartition_2_StreamingFIFO_rtl_46_0 |         15 |         15 |       0 |    0 |    21 |      0 |      0 |    0 |          0 |
|       inst                                                 |                                                StreamingFIFO_rtl_31 |         15 |         15 |       0 |    0 |    21 |      0 |      0 |    0 |          0 |
|         impl                                               |                                           Q_srl__parameterized0_119 |         15 |         15 |       0 |    0 |    21 |      0 |      0 |    0 |          0 |
|     GenericPartition_2_StreamingFIFO_rtl_47                |               finn_design_GenericPartition_2_StreamingFIFO_rtl_47_0 |         72 |         72 |       0 |    0 |   133 |      0 |      0 |    0 |          0 |
|       inst                                                 |                                                StreamingFIFO_rtl_32 |         72 |         72 |       0 |    0 |   133 |      0 |      0 |    0 |          0 |
|         impl                                               |                                           Q_srl__parameterized2_118 |         72 |         72 |       0 |    0 |   133 |      0 |      0 |    0 |          0 |
|     GenericPartition_2_StreamingFIFO_rtl_48                |               finn_design_GenericPartition_2_StreamingFIFO_rtl_48_0 |         28 |         28 |       0 |    0 |    45 |      0 |      0 |    0 |          0 |
|       inst                                                 |                                                StreamingFIFO_rtl_33 |         28 |         28 |       0 |    0 |    45 |      0 |      0 |    0 |          0 |
|         impl                                               |                                           Q_srl__parameterized1_117 |         28 |         28 |       0 |    0 |    45 |      0 |      0 |    0 |          0 |
|     GenericPartition_2_StreamingFIFO_rtl_49                |               finn_design_GenericPartition_2_StreamingFIFO_rtl_49_0 |         14 |         14 |       0 |    0 |    21 |      0 |      0 |    0 |          0 |
|       inst                                                 |                                                StreamingFIFO_rtl_34 |         14 |         14 |       0 |    0 |    21 |      0 |      0 |    0 |          0 |
|         impl                                               |                                           Q_srl__parameterized0_116 |         14 |         14 |       0 |    0 |    21 |      0 |      0 |    0 |          0 |
|     GenericPartition_2_StreamingFIFO_rtl_5                 |                   GenericPartition_2_StreamingFIFO_rtl_5_imp_HVIRWQ |         71 |         71 |       0 |    0 |    59 |      0 |      1 |    0 |          0 |
|       fifo                                                 |                                                  finn_design_fifo_1 |         71 |         71 |       0 |    0 |    59 |      0 |      1 |    0 |          0 |
|         inst                                               |                axis_data_fifo_v2_0_9_top__parameterized1__xdcDup__4 |         71 |         71 |       0 |    0 |    59 |      0 |      1 |    0 |          0 |
|     GenericPartition_2_StreamingFIFO_rtl_50                |               finn_design_GenericPartition_2_StreamingFIFO_rtl_50_0 |         39 |         39 |       0 |    0 |    69 |      0 |      0 |    0 |          0 |
|       inst                                                 |                                                StreamingFIFO_rtl_35 |         39 |         39 |       0 |    0 |    69 |      0 |      0 |    0 |          0 |
|         impl                                               |                                               Q_srl__parameterized3 |         39 |         39 |       0 |    0 |    69 |      0 |      0 |    0 |          0 |
|     GenericPartition_2_StreamingFIFO_rtl_51                |               finn_design_GenericPartition_2_StreamingFIFO_rtl_51_0 |         22 |         22 |       0 |    0 |    33 |      0 |      0 |    0 |          0 |
|       inst                                                 |                                                StreamingFIFO_rtl_36 |         22 |         22 |       0 |    0 |    33 |      0 |      0 |    0 |          0 |
|         impl                                               |                                                           Q_srl_109 |         22 |         22 |       0 |    0 |    33 |      0 |      0 |    0 |          0 |
|     GenericPartition_2_StreamingFIFO_rtl_52                |               finn_design_GenericPartition_2_StreamingFIFO_rtl_52_0 |         14 |         14 |       0 |    0 |    21 |      0 |      0 |    0 |          0 |
|       inst                                                 |                                                StreamingFIFO_rtl_37 |         14 |         14 |       0 |    0 |    21 |      0 |      0 |    0 |          0 |
|         impl                                               |                                           Q_srl__parameterized0_108 |         14 |         14 |       0 |    0 |    21 |      0 |      0 |    0 |          0 |
|     GenericPartition_2_StreamingFIFO_rtl_53                |               finn_design_GenericPartition_2_StreamingFIFO_rtl_53_0 |         17 |         17 |       0 |    0 |    23 |      0 |      0 |    0 |          0 |
|       inst                                                 |                                                StreamingFIFO_rtl_38 |         17 |         17 |       0 |    0 |    23 |      0 |      0 |    0 |          0 |
|         impl                                               |                                                           Q_srl_107 |         17 |         17 |       0 |    0 |    23 |      0 |      0 |    0 |          0 |
|     GenericPartition_2_StreamingFIFO_rtl_54                |               finn_design_GenericPartition_2_StreamingFIFO_rtl_54_0 |         15 |         15 |       0 |    0 |    21 |      0 |      0 |    0 |          0 |
|       inst                                                 |                                                StreamingFIFO_rtl_39 |         15 |         15 |       0 |    0 |    21 |      0 |      0 |    0 |          0 |
|         impl                                               |                                           Q_srl__parameterized0_106 |         15 |         15 |       0 |    0 |    21 |      0 |      0 |    0 |          0 |
|     GenericPartition_2_StreamingFIFO_rtl_55                |               finn_design_GenericPartition_2_StreamingFIFO_rtl_55_0 |         14 |         14 |       0 |    0 |    21 |      0 |      0 |    0 |          0 |
|       inst                                                 |                                                StreamingFIFO_rtl_40 |         14 |         14 |       0 |    0 |    21 |      0 |      0 |    0 |          0 |
|         impl                                               |                                           Q_srl__parameterized0_105 |         14 |         14 |       0 |    0 |    21 |      0 |      0 |    0 |          0 |
|     GenericPartition_2_StreamingFIFO_rtl_56                |               finn_design_GenericPartition_2_StreamingFIFO_rtl_56_0 |         15 |         15 |       0 |    0 |    21 |      0 |      0 |    0 |          0 |
|       inst                                                 |                                                StreamingFIFO_rtl_41 |         15 |         15 |       0 |    0 |    21 |      0 |      0 |    0 |          0 |
|         impl                                               |                                           Q_srl__parameterized0_104 |         15 |         15 |       0 |    0 |    21 |      0 |      0 |    0 |          0 |
|     GenericPartition_2_StreamingFIFO_rtl_57                |               finn_design_GenericPartition_2_StreamingFIFO_rtl_57_0 |         14 |         14 |       0 |    0 |    21 |      0 |      0 |    0 |          0 |
|       inst                                                 |                                                StreamingFIFO_rtl_42 |         14 |         14 |       0 |    0 |    21 |      0 |      0 |    0 |          0 |
|         impl                                               |                                           Q_srl__parameterized0_103 |         14 |         14 |       0 |    0 |    21 |      0 |      0 |    0 |          0 |
|     GenericPartition_2_StreamingFIFO_rtl_58                |               finn_design_GenericPartition_2_StreamingFIFO_rtl_58_0 |         89 |         57 |       0 |   32 |    43 |      0 |      0 |    0 |          0 |
|       inst                                                 |                                                StreamingFIFO_rtl_43 |         89 |         57 |       0 |   32 |    43 |      0 |      0 |    0 |          0 |
|         impl                                               |                                           Q_srl__parameterized4_102 |         89 |         57 |       0 |   32 |    43 |      0 |      0 |    0 |          0 |
|     GenericPartition_2_StreamingFIFO_rtl_59                |                  GenericPartition_2_StreamingFIFO_rtl_59_imp_8NR8QY |        102 |        102 |       0 |    0 |    75 |      4 |      0 |    0 |          0 |
|       fifo                                                 |                                                 finn_design_fifo_15 |        102 |        102 |       0 |    0 |    75 |      4 |      0 |    0 |          0 |
|         inst                                               |                axis_data_fifo_v2_0_9_top__parameterized4__xdcDup__2 |        102 |        102 |       0 |    0 |    75 |      4 |      0 |    0 |          0 |
|     GenericPartition_2_StreamingFIFO_rtl_6                 |                   GenericPartition_2_StreamingFIFO_rtl_6_imp_FITP2Y |         69 |         69 |       0 |    0 |    55 |      0 |      1 |    0 |          0 |
|       fifo                                                 |                                                  finn_design_fifo_2 |         69 |         69 |       0 |    0 |    55 |      0 |      1 |    0 |          0 |
|         inst                                               |                axis_data_fifo_v2_0_9_top__parameterized2__xdcDup__3 |         69 |         69 |       0 |    0 |    55 |      0 |      1 |    0 |          0 |
|     GenericPartition_2_StreamingFIFO_rtl_60                |                  GenericPartition_2_StreamingFIFO_rtl_60_imp_HKO5LH |         80 |         80 |       0 |    0 |    63 |      0 |      1 |    0 |          0 |
|       fifo                                                 |                                                 finn_design_fifo_16 |         80 |         80 |       0 |    0 |    63 |      0 |      1 |    0 |          0 |
|         inst                                               |                           axis_data_fifo_v2_0_9_top__parameterized6 |         80 |         80 |       0 |    0 |    63 |      0 |      1 |    0 |          0 |
|     GenericPartition_2_StreamingFIFO_rtl_61                |                 GenericPartition_2_StreamingFIFO_rtl_61_imp_19RO08Q |         68 |         68 |       0 |    0 |    55 |      0 |      1 |    0 |          0 |
|       fifo                                                 |                                                 finn_design_fifo_17 |         68 |         68 |       0 |    0 |    55 |      0 |      1 |    0 |          0 |
|         inst                                               |                axis_data_fifo_v2_0_9_top__parameterized2__xdcDup__4 |         68 |         68 |       0 |    0 |    55 |      0 |      1 |    0 |          0 |
|     GenericPartition_2_StreamingFIFO_rtl_62                |               finn_design_GenericPartition_2_StreamingFIFO_rtl_62_0 |         27 |         27 |       0 |    0 |    45 |      0 |      0 |    0 |          0 |
|       inst                                                 |                                                StreamingFIFO_rtl_45 |         27 |         27 |       0 |    0 |    45 |      0 |      0 |    0 |          0 |
|         impl                                               |                                            Q_srl__parameterized1_77 |         27 |         27 |       0 |    0 |    45 |      0 |      0 |    0 |          0 |
|     GenericPartition_2_StreamingFIFO_rtl_63                |               finn_design_GenericPartition_2_StreamingFIFO_rtl_63_0 |        110 |         46 |       0 |   64 |    22 |      0 |      0 |    0 |          0 |
|       inst                                                 |                             GenericPartition_2_StreamingFIFO_rtl_63 |        110 |         46 |       0 |   64 |    22 |      0 |      0 |    0 |          0 |
|         impl                                               |                                            Q_srl__parameterized7_76 |        110 |         46 |       0 |   64 |    22 |      0 |      0 |    0 |          0 |
|     GenericPartition_2_StreamingFIFO_rtl_64                |               finn_design_GenericPartition_2_StreamingFIFO_rtl_64_0 |         74 |         50 |       0 |   24 |    21 |      0 |      0 |    0 |          0 |
|       inst                                                 |                             GenericPartition_2_StreamingFIFO_rtl_64 |         74 |         50 |       0 |   24 |    21 |      0 |      0 |    0 |          0 |
|         impl                                               |                                              Q_srl__parameterized14 |         74 |         50 |       0 |   24 |    21 |      0 |      0 |    0 |          0 |
|     GenericPartition_2_StreamingFIFO_rtl_65                |               finn_design_GenericPartition_2_StreamingFIFO_rtl_65_0 |         14 |         14 |       0 |    0 |    21 |      0 |      0 |    0 |          0 |
|       inst                                                 |                                                StreamingFIFO_rtl_46 |         14 |         14 |       0 |    0 |    21 |      0 |      0 |    0 |          0 |
|         impl                                               |                                            Q_srl__parameterized0_75 |         14 |         14 |       0 |    0 |    21 |      0 |      0 |    0 |          0 |
|     GenericPartition_2_StreamingFIFO_rtl_66                |               finn_design_GenericPartition_2_StreamingFIFO_rtl_66_0 |         71 |         71 |       0 |    0 |   133 |      0 |      0 |    0 |          0 |
|       inst                                                 |                                                StreamingFIFO_rtl_47 |         71 |         71 |       0 |    0 |   133 |      0 |      0 |    0 |          0 |
|         impl                                               |                                            Q_srl__parameterized2_74 |         71 |         71 |       0 |    0 |   133 |      0 |      0 |    0 |          0 |
|     GenericPartition_2_StreamingFIFO_rtl_67                |                  GenericPartition_2_StreamingFIFO_rtl_67_imp_L17A3E |         72 |         72 |       0 |    0 |    59 |      2 |      0 |    0 |          0 |
|       fifo                                                 |                                                 finn_design_fifo_18 |         72 |         72 |       0 |    0 |    59 |      2 |      0 |    0 |          0 |
|         inst                                               |                           axis_data_fifo_v2_0_9_top__parameterized7 |         72 |         72 |       0 |    0 |    59 |      2 |      0 |    0 |          0 |
|     GenericPartition_2_StreamingFIFO_rtl_68                |               finn_design_GenericPartition_2_StreamingFIFO_rtl_68_0 |        353 |         97 |       0 |  256 |    81 |      0 |      0 |    0 |          0 |
|       inst                                                 |                             GenericPartition_2_StreamingFIFO_rtl_68 |        353 |         97 |       0 |  256 |    81 |      0 |      0 |    0 |          0 |
|         impl                                               |                                              Q_srl__parameterized15 |        353 |         97 |       0 |  256 |    81 |      0 |      0 |    0 |          0 |
|     GenericPartition_2_StreamingFIFO_rtl_69                |                 GenericPartition_2_StreamingFIFO_rtl_69_imp_19857ES |         92 |         92 |       0 |    0 |    71 |      2 |      0 |    0 |          0 |
|       fifo                                                 |                                                 finn_design_fifo_19 |         92 |         92 |       0 |    0 |    71 |      2 |      0 |    0 |          0 |
|         inst                                               |                axis_data_fifo_v2_0_9_top__parameterized3__xdcDup__3 |         92 |         92 |       0 |    0 |    71 |      2 |      0 |    0 |          0 |
|     GenericPartition_2_StreamingFIFO_rtl_7                 |                  GenericPartition_2_StreamingFIFO_rtl_7_imp_1BTGVV9 |        130 |        130 |       0 |    0 |    98 |     29 |      0 |    0 |          0 |
|       fifo                                                 |                                                  finn_design_fifo_3 |        130 |        130 |       0 |    0 |    98 |     29 |      0 |    0 |          0 |
|         inst                                               |                           axis_data_fifo_v2_0_9_top__parameterized8 |        130 |        130 |       0 |    0 |    98 |     29 |      0 |    0 |          0 |
|     GenericPartition_2_StreamingFIFO_rtl_70                |                 GenericPartition_2_StreamingFIFO_rtl_70_imp_1QWYKEO |         71 |         71 |       0 |    0 |    59 |      0 |      1 |    0 |          0 |
|       fifo                                                 |                                                 finn_design_fifo_20 |         71 |         71 |       0 |    0 |    59 |      0 |      1 |    0 |          0 |
|         inst                                               |                           axis_data_fifo_v2_0_9_top__parameterized1 |         71 |         71 |       0 |    0 |    59 |      0 |      1 |    0 |          0 |
|     GenericPartition_2_StreamingFIFO_rtl_71                |                  GenericPartition_2_StreamingFIFO_rtl_71_imp_XOL39B |         67 |         67 |       0 |    0 |    55 |      0 |      1 |    0 |          0 |
|       fifo                                                 |                                                 finn_design_fifo_21 |         67 |         67 |       0 |    0 |    55 |      0 |      1 |    0 |          0 |
|         inst                                               |                axis_data_fifo_v2_0_9_top__parameterized2__xdcDup__5 |         67 |         67 |       0 |    0 |    55 |      0 |      1 |    0 |          0 |
|     GenericPartition_2_StreamingFIFO_rtl_72                |               finn_design_GenericPartition_2_StreamingFIFO_rtl_72_0 |         14 |         14 |       0 |    0 |    21 |      0 |      0 |    0 |          0 |
|       inst                                                 |                                                StreamingFIFO_rtl_50 |         14 |         14 |       0 |    0 |    21 |      0 |      0 |    0 |          0 |
|         impl                                               |                                            Q_srl__parameterized0_45 |         14 |         14 |       0 |    0 |    21 |      0 |      0 |    0 |          0 |
|     GenericPartition_2_StreamingFIFO_rtl_73                |               finn_design_GenericPartition_2_StreamingFIFO_rtl_73_0 |         72 |         72 |       0 |    0 |   133 |      0 |      0 |    0 |          0 |
|       inst                                                 |                                                StreamingFIFO_rtl_51 |         72 |         72 |       0 |    0 |   133 |      0 |      0 |    0 |          0 |
|         impl                                               |                                            Q_srl__parameterized2_44 |         72 |         72 |       0 |    0 |   133 |      0 |      0 |    0 |          0 |
|     GenericPartition_2_StreamingFIFO_rtl_74                |               finn_design_GenericPartition_2_StreamingFIFO_rtl_74_0 |         23 |         23 |       0 |    0 |    37 |      0 |      0 |    0 |          0 |
|       inst                                                 |                                                StreamingFIFO_rtl_52 |         23 |         23 |       0 |    0 |    37 |      0 |      0 |    0 |          0 |
|         impl                                               |                                                            Q_srl_43 |         23 |         23 |       0 |    0 |    37 |      0 |      0 |    0 |          0 |
|     GenericPartition_2_StreamingFIFO_rtl_75                |               finn_design_GenericPartition_2_StreamingFIFO_rtl_75_0 |         10 |         10 |       0 |    0 |    13 |      0 |      0 |    0 |          0 |
|       inst                                                 |                                                StreamingFIFO_rtl_53 |         10 |         10 |       0 |    0 |    13 |      0 |      0 |    0 |          0 |
|         impl                                               |                                            Q_srl__parameterized0_42 |         10 |         10 |       0 |    0 |    13 |      0 |      0 |    0 |          0 |
|     GenericPartition_2_StreamingFIFO_rtl_76                |               finn_design_GenericPartition_2_StreamingFIFO_rtl_76_0 |         23 |         23 |       0 |    0 |    37 |      0 |      0 |    0 |          0 |
|       inst                                                 |                                                StreamingFIFO_rtl_54 |         23 |         23 |       0 |    0 |    37 |      0 |      0 |    0 |          0 |
|         impl                                               |                                                            Q_srl_41 |         23 |         23 |       0 |    0 |    37 |      0 |      0 |    0 |          0 |
|     GenericPartition_2_StreamingFIFO_rtl_77                |               finn_design_GenericPartition_2_StreamingFIFO_rtl_77_0 |         18 |         18 |       0 |    0 |    25 |      0 |      0 |    0 |          0 |
|       inst                                                 |                                                StreamingFIFO_rtl_55 |         18 |         18 |       0 |    0 |    25 |      0 |      0 |    0 |          0 |
|         impl                                               |                                                            Q_srl_40 |         18 |         18 |       0 |    0 |    25 |      0 |      0 |    0 |          0 |
|     GenericPartition_2_StreamingFIFO_rtl_78                |               finn_design_GenericPartition_2_StreamingFIFO_rtl_78_0 |         14 |         14 |       0 |    0 |    21 |      0 |      0 |    0 |          0 |
|       inst                                                 |                                                StreamingFIFO_rtl_56 |         14 |         14 |       0 |    0 |    21 |      0 |      0 |    0 |          0 |
|         impl                                               |                                            Q_srl__parameterized0_39 |         14 |         14 |       0 |    0 |    21 |      0 |      0 |    0 |          0 |
|     GenericPartition_2_StreamingFIFO_rtl_79                |               finn_design_GenericPartition_2_StreamingFIFO_rtl_79_0 |         16 |         16 |       0 |    0 |    23 |      0 |      0 |    0 |          0 |
|       inst                                                 |                                                StreamingFIFO_rtl_57 |         16 |         16 |       0 |    0 |    23 |      0 |      0 |    0 |          0 |
|         impl                                               |                                                               Q_srl |         16 |         16 |       0 |    0 |    23 |      0 |      0 |    0 |          0 |
|     GenericPartition_2_StreamingFIFO_rtl_8                 |                finn_design_GenericPartition_2_StreamingFIFO_rtl_8_0 |        109 |         45 |       0 |   64 |    22 |      0 |      0 |    0 |          0 |
|       inst                                                 |                              GenericPartition_2_StreamingFIFO_rtl_8 |        109 |         45 |       0 |   64 |    22 |      0 |      0 |    0 |          0 |
|         impl                                               |                                            Q_srl__parameterized7_38 |        109 |         45 |       0 |   64 |    22 |      0 |      0 |    0 |          0 |
|     GenericPartition_2_StreamingFIFO_rtl_80                |               finn_design_GenericPartition_2_StreamingFIFO_rtl_80_0 |         16 |         16 |       0 |    0 |    21 |      0 |      0 |    0 |          0 |
|       inst                                                 |                                                StreamingFIFO_rtl_58 |         16 |         16 |       0 |    0 |    21 |      0 |      0 |    0 |          0 |
|         impl                                               |                                            Q_srl__parameterized0_37 |         16 |         16 |       0 |    0 |    21 |      0 |      0 |    0 |          0 |
|     GenericPartition_2_StreamingFIFO_rtl_81                |               finn_design_GenericPartition_2_StreamingFIFO_rtl_81_0 |         15 |         15 |       0 |    0 |    21 |      0 |      0 |    0 |          0 |
|       inst                                                 |                                                StreamingFIFO_rtl_59 |         15 |         15 |       0 |    0 |    21 |      0 |      0 |    0 |          0 |
|         impl                                               |                                            Q_srl__parameterized0_36 |         15 |         15 |       0 |    0 |    21 |      0 |      0 |    0 |          0 |
|     GenericPartition_2_StreamingFIFO_rtl_82                |               finn_design_GenericPartition_2_StreamingFIFO_rtl_82_0 |         16 |         16 |       0 |    0 |    21 |      0 |      0 |    0 |          0 |
|       inst                                                 |                                                StreamingFIFO_rtl_60 |         16 |         16 |       0 |    0 |    21 |      0 |      0 |    0 |          0 |
|         impl                                               |                                            Q_srl__parameterized0_35 |         16 |         16 |       0 |    0 |    21 |      0 |      0 |    0 |          0 |
|     GenericPartition_2_StreamingFIFO_rtl_83                |               finn_design_GenericPartition_2_StreamingFIFO_rtl_83_0 |         15 |         15 |       0 |    0 |    21 |      0 |      0 |    0 |          0 |
|       inst                                                 |                                                StreamingFIFO_rtl_61 |         15 |         15 |       0 |    0 |    21 |      0 |      0 |    0 |          0 |
|         impl                                               |                                            Q_srl__parameterized0_34 |         15 |         15 |       0 |    0 |    21 |      0 |      0 |    0 |          0 |
|     GenericPartition_2_StreamingFIFO_rtl_84                |               finn_design_GenericPartition_2_StreamingFIFO_rtl_84_0 |         89 |         57 |       0 |   32 |    43 |      0 |      0 |    0 |          0 |
|       inst                                                 |                                                StreamingFIFO_rtl_62 |         89 |         57 |       0 |   32 |    43 |      0 |      0 |    0 |          0 |
|         impl                                               |                                               Q_srl__parameterized4 |         89 |         57 |       0 |   32 |    43 |      0 |      0 |    0 |          0 |
|     GenericPartition_2_StreamingFIFO_rtl_85                |                  GenericPartition_2_StreamingFIFO_rtl_85_imp_PTQ2UT |         83 |         83 |       0 |    0 |    79 |      8 |      0 |    0 |          0 |
|       fifo                                                 |                                                 finn_design_fifo_22 |         83 |         83 |       0 |    0 |    79 |      8 |      0 |    0 |          0 |
|         inst                                               |                                           axis_data_fifo_v2_0_9_top |         83 |         83 |       0 |    0 |    79 |      8 |      0 |    0 |          0 |
|     GenericPartition_2_StreamingFIFO_rtl_86                |                  GenericPartition_2_StreamingFIFO_rtl_86_imp_BT10QT |         94 |         94 |       0 |    0 |    71 |      2 |      0 |    0 |          0 |
|       fifo                                                 |                                                 finn_design_fifo_23 |         94 |         94 |       0 |    0 |    71 |      2 |      0 |    0 |          0 |
|         inst                                               |                axis_data_fifo_v2_0_9_top__parameterized3__xdcDup__4 |         94 |         94 |       0 |    0 |    71 |      2 |      0 |    0 |          0 |
|     GenericPartition_2_StreamingFIFO_rtl_87                |                 GenericPartition_2_StreamingFIFO_rtl_87_imp_1D5KR56 |         83 |         83 |       0 |    0 |    67 |      1 |      0 |    0 |          0 |
|       fifo                                                 |                                                 finn_design_fifo_24 |         83 |         83 |       0 |    0 |    67 |      1 |      0 |    0 |          0 |
|         inst                                               |                           axis_data_fifo_v2_0_9_top__parameterized0 |         83 |         83 |       0 |    0 |    67 |      1 |      0 |    0 |          0 |
|     GenericPartition_2_StreamingFIFO_rtl_88                |               finn_design_GenericPartition_2_StreamingFIFO_rtl_88_0 |         26 |         26 |       0 |    0 |    43 |      0 |      0 |    0 |          0 |
|       inst                                                 |                                                StreamingFIFO_rtl_64 |         26 |         26 |       0 |    0 |    43 |      0 |      0 |    0 |          0 |
|         impl                                               |                                               Q_srl__parameterized1 |         26 |         26 |       0 |    0 |    43 |      0 |      0 |    0 |          0 |
|     GenericPartition_2_StreamingFIFO_rtl_89                |               finn_design_GenericPartition_2_StreamingFIFO_rtl_89_0 |        111 |         47 |       0 |   64 |    22 |      0 |      0 |    0 |          0 |
|       inst                                                 |                             GenericPartition_2_StreamingFIFO_rtl_89 |        111 |         47 |       0 |   64 |    22 |      0 |      0 |    0 |          0 |
|         impl                                               |                                               Q_srl__parameterized7 |        111 |         47 |       0 |   64 |    22 |      0 |      0 |    0 |          0 |
|     GenericPartition_2_StreamingFIFO_rtl_9                 |                finn_design_GenericPartition_2_StreamingFIFO_rtl_9_0 |         99 |         51 |       0 |   48 |    22 |      0 |      0 |    0 |          0 |
|       inst                                                 |                              GenericPartition_2_StreamingFIFO_rtl_9 |         99 |         51 |       0 |   48 |    22 |      0 |      0 |    0 |          0 |
|         impl                                               |                                              Q_srl__parameterized16 |         99 |         51 |       0 |   48 |    22 |      0 |      0 |    0 |          0 |
|     GenericPartition_2_StreamingFIFO_rtl_90                |               finn_design_GenericPartition_2_StreamingFIFO_rtl_90_0 |         95 |         55 |       0 |   40 |    22 |      0 |      0 |    0 |          0 |
|       inst                                                 |                             GenericPartition_2_StreamingFIFO_rtl_90 |         95 |         55 |       0 |   40 |    22 |      0 |      0 |    0 |          0 |
|         impl                                               |                                              Q_srl__parameterized17 |         95 |         55 |       0 |   40 |    22 |      0 |      0 |    0 |          0 |
|     GenericPartition_2_StreamingFIFO_rtl_91                |               finn_design_GenericPartition_2_StreamingFIFO_rtl_91_0 |         14 |         14 |       0 |    0 |    21 |      0 |      0 |    0 |          0 |
|       inst                                                 |                                                StreamingFIFO_rtl_65 |         14 |         14 |       0 |    0 |    21 |      0 |      0 |    0 |          0 |
|         impl                                               |                                               Q_srl__parameterized0 |         14 |         14 |       0 |    0 |    21 |      0 |      0 |    0 |          0 |
|     GenericPartition_2_StreamingFIFO_rtl_92                |               finn_design_GenericPartition_2_StreamingFIFO_rtl_92_0 |         72 |         72 |       0 |    0 |   133 |      0 |      0 |    0 |          0 |
|       inst                                                 |                                                StreamingFIFO_rtl_66 |         72 |         72 |       0 |    0 |   133 |      0 |      0 |    0 |          0 |
|         impl                                               |                                               Q_srl__parameterized2 |         72 |         72 |       0 |    0 |   133 |      0 |      0 |    0 |          0 |
|     GenericPartition_2_StreamingFIFO_rtl_93                |                  GenericPartition_2_StreamingFIFO_rtl_93_imp_UZYC9C |         83 |         83 |       0 |    0 |    63 |      4 |      0 |    0 |          0 |
|       fifo                                                 |                                                 finn_design_fifo_25 |         83 |         83 |       0 |    0 |    63 |      4 |      0 |    0 |          0 |
|         inst                                               |                           axis_data_fifo_v2_0_9_top__parameterized9 |         83 |         83 |       0 |    0 |    63 |      4 |      0 |    0 |          0 |
|     GenericPartition_2_StreamingFIFO_rtl_94                |                  GenericPartition_2_StreamingFIFO_rtl_94_imp_7IYCYN |         66 |         66 |       0 |    0 |    55 |      1 |      0 |    0 |          0 |
|       fifo                                                 |                                                 finn_design_fifo_26 |         66 |         66 |       0 |    0 |    55 |      1 |      0 |    0 |          0 |
|         inst                                               |                           axis_data_fifo_v2_0_9_top__parameterized5 |         66 |         66 |       0 |    0 |    55 |      1 |      0 |    0 |          0 |
|     GenericPartition_2_StreamingFIFO_rtl_95                |               finn_design_GenericPartition_2_StreamingFIFO_rtl_95_0 |        496 |        176 |       0 |  320 |    90 |      0 |      0 |    0 |          0 |
|       inst                                                 |                             GenericPartition_2_StreamingFIFO_rtl_95 |        496 |        176 |       0 |  320 |    90 |      0 |      0 |    0 |          0 |
|         impl                                               |                                              Q_srl__parameterized18 |        496 |        176 |       0 |  320 |    90 |      0 |      0 |    0 |          0 |
|     GenericPartition_2_StreamingFIFO_rtl_96                |                 GenericPartition_2_StreamingFIFO_rtl_96_imp_1WKAU0W |        103 |        103 |       0 |    0 |    75 |      4 |      0 |    0 |          0 |
|       fifo                                                 |                                                 finn_design_fifo_27 |        103 |        103 |       0 |    0 |    75 |      4 |      0 |    0 |          0 |
|         inst                                               |                           axis_data_fifo_v2_0_9_top__parameterized4 |        103 |        103 |       0 |    0 |    75 |      4 |      0 |    0 |          0 |
|     GenericPartition_2_StreamingFIFO_rtl_97                |                  GenericPartition_2_StreamingFIFO_rtl_97_imp_U67V1R |         93 |         93 |       0 |    0 |    71 |      2 |      0 |    0 |          0 |
|       fifo                                                 |                                                 finn_design_fifo_28 |         93 |         93 |       0 |    0 |    71 |      2 |      0 |    0 |          0 |
|         inst                                               |                           axis_data_fifo_v2_0_9_top__parameterized3 |         93 |         93 |       0 |    0 |    71 |      2 |      0 |    0 |          0 |
|     GenericPartition_2_StreamingFIFO_rtl_98                |                  GenericPartition_2_StreamingFIFO_rtl_98_imp_8DAV8E |         66 |         66 |       0 |    0 |    55 |      0 |      1 |    0 |          0 |
|       fifo                                                 |                                                 finn_design_fifo_29 |         66 |         66 |       0 |    0 |    55 |      0 |      1 |    0 |          0 |
|         inst                                               |                           axis_data_fifo_v2_0_9_top__parameterized2 |         66 |         66 |       0 |    0 |    55 |      0 |      1 |    0 |          0 |
|     GenericPartition_2_StreamingFIFO_rtl_99                |               finn_design_GenericPartition_2_StreamingFIFO_rtl_99_0 |        117 |         93 |       0 |   24 |    69 |      0 |      0 |    0 |          0 |
|       inst                                                 |                             GenericPartition_2_StreamingFIFO_rtl_99 |        117 |         93 |       0 |   24 |    69 |      0 |      0 |    0 |          0 |
|         impl                                               |                                              Q_srl__parameterized19 |        117 |         93 |       0 |   24 |    69 |      0 |      0 |    0 |          0 |
|     GenericPartition_2_Thresholding_rtl_0                  |                 finn_design_GenericPartition_2_Thresholding_rtl_0_0 |         84 |         70 |       0 |   14 |   295 |      2 |      2 |    0 |          0 |
|       inst                                                 |                                      Thresholding_rtl_0_axi_wrapper |         84 |         70 |       0 |   14 |   295 |      2 |      2 |    0 |          0 |
|         core                                               |                                                    thresholding_axi |         84 |         70 |       0 |   14 |   295 |      2 |      2 |    0 |          0 |
|     GenericPartition_2_Thresholding_rtl_1                  |                 finn_design_GenericPartition_2_Thresholding_rtl_1_0 |         76 |         60 |       0 |   16 |   242 |      1 |      2 |    0 |          0 |
|       inst                                                 |                                      Thresholding_rtl_1_axi_wrapper |         76 |         60 |       0 |   16 |   242 |      1 |      2 |    0 |          0 |
|         core                                               |                                    thresholding_axi__parameterized0 |         76 |         60 |       0 |   16 |   242 |      1 |      2 |    0 |          0 |
|     GenericPartition_2_Thresholding_rtl_10                 |                finn_design_GenericPartition_2_Thresholding_rtl_10_0 |        139 |        130 |       0 |    9 |   493 |      1 |      4 |    0 |          0 |
|       (GenericPartition_2_Thresholding_rtl_10)             |                finn_design_GenericPartition_2_Thresholding_rtl_10_0 |          0 |          0 |       0 |    0 |     0 |      0 |      1 |    0 |          0 |
|       inst                                                 |                                     Thresholding_rtl_10_axi_wrapper |        139 |        130 |       0 |    9 |   493 |      1 |      3 |    0 |          0 |
|         core                                               |                                    thresholding_axi__parameterized1 |        139 |        130 |       0 |    9 |   493 |      1 |      3 |    0 |          0 |
|     GenericPartition_2_Thresholding_rtl_11                 |                finn_design_GenericPartition_2_Thresholding_rtl_11_0 |         86 |         77 |       0 |    9 |   395 |      3 |      4 |    0 |          0 |
|       inst                                                 |                                     Thresholding_rtl_11_axi_wrapper |         86 |         77 |       0 |    9 |   395 |      3 |      4 |    0 |          0 |
|         core                                               |                                    thresholding_axi__parameterized2 |         86 |         77 |       0 |    9 |   395 |      3 |      4 |    0 |          0 |
|     GenericPartition_2_Thresholding_rtl_12                 |                finn_design_GenericPartition_2_Thresholding_rtl_12_0 |         85 |         71 |       0 |   14 |   295 |      2 |      2 |    0 |          0 |
|       inst                                                 |                                     Thresholding_rtl_12_axi_wrapper |         85 |         71 |       0 |   14 |   295 |      2 |      2 |    0 |          0 |
|         core                                               |                                    thresholding_axi__parameterized3 |         85 |         71 |       0 |   14 |   295 |      2 |      2 |    0 |          0 |
|     GenericPartition_2_Thresholding_rtl_13                 |                finn_design_GenericPartition_2_Thresholding_rtl_13_0 |         79 |         63 |       0 |   16 |   242 |      1 |      2 |    0 |          0 |
|       inst                                                 |                                     Thresholding_rtl_13_axi_wrapper |         79 |         63 |       0 |   16 |   242 |      1 |      2 |    0 |          0 |
|         core                                               |                                    thresholding_axi__parameterized4 |         79 |         63 |       0 |   16 |   242 |      1 |      2 |    0 |          0 |
|     GenericPartition_2_Thresholding_rtl_14                 |                finn_design_GenericPartition_2_Thresholding_rtl_14_0 |         61 |         52 |       0 |    9 |   284 |      1 |      5 |    0 |          0 |
|       inst                                                 |                                     Thresholding_rtl_14_axi_wrapper |         61 |         52 |       0 |    9 |   284 |      1 |      5 |    0 |          0 |
|         core                                               |                                    thresholding_axi__parameterized5 |         61 |         52 |       0 |    9 |   284 |      1 |      5 |    0 |          0 |
|     GenericPartition_2_Thresholding_rtl_15                 |                finn_design_GenericPartition_2_Thresholding_rtl_15_0 |        143 |        134 |       0 |    9 |   508 |      1 |      4 |    0 |          0 |
|       (GenericPartition_2_Thresholding_rtl_15)             |                finn_design_GenericPartition_2_Thresholding_rtl_15_0 |          0 |          0 |       0 |    0 |     0 |      0 |      1 |    0 |          0 |
|       inst                                                 |                                     Thresholding_rtl_15_axi_wrapper |        143 |        134 |       0 |    9 |   508 |      1 |      3 |    0 |          0 |
|         core                                               |                                    thresholding_axi__parameterized6 |        143 |        134 |       0 |    9 |   508 |      1 |      3 |    0 |          0 |
|     GenericPartition_2_Thresholding_rtl_16                 |                finn_design_GenericPartition_2_Thresholding_rtl_16_0 |         81 |         76 |       0 |    5 |   215 |      0 |      1 |    0 |          0 |
|       (GenericPartition_2_Thresholding_rtl_16)             |                finn_design_GenericPartition_2_Thresholding_rtl_16_0 |          0 |          0 |       0 |    0 |     0 |      0 |      1 |    0 |          0 |
|       inst                                                 |                                     Thresholding_rtl_16_axi_wrapper |         81 |         76 |       0 |    5 |   215 |      0 |      0 |    0 |          0 |
|         core                                               |                                    thresholding_axi__parameterized7 |         81 |         76 |       0 |    5 |   215 |      0 |      0 |    0 |          0 |
|     GenericPartition_2_Thresholding_rtl_17                 |                finn_design_GenericPartition_2_Thresholding_rtl_17_0 |         70 |         61 |       0 |    9 |   327 |      2 |      5 |    0 |          0 |
|       inst                                                 |                                     Thresholding_rtl_17_axi_wrapper |         70 |         61 |       0 |    9 |   327 |      2 |      5 |    0 |          0 |
|         core                                               |                                    thresholding_axi__parameterized8 |         70 |         61 |       0 |    9 |   327 |      2 |      5 |    0 |          0 |
|     GenericPartition_2_Thresholding_rtl_18                 |                finn_design_GenericPartition_2_Thresholding_rtl_18_0 |         85 |         71 |       0 |   14 |   295 |      2 |      2 |    0 |          0 |
|       inst                                                 |                                     Thresholding_rtl_18_axi_wrapper |         85 |         71 |       0 |   14 |   295 |      2 |      2 |    0 |          0 |
|         core                                               |                                    thresholding_axi__parameterized9 |         85 |         71 |       0 |   14 |   295 |      2 |      2 |    0 |          0 |
|     GenericPartition_2_Thresholding_rtl_19                 |                finn_design_GenericPartition_2_Thresholding_rtl_19_0 |         76 |         60 |       0 |   16 |   242 |      0 |      0 |    0 |          0 |
|       inst                                                 |                                     Thresholding_rtl_19_axi_wrapper |         76 |         60 |       0 |   16 |   242 |      0 |      0 |    0 |          0 |
|         core                                               |                                   thresholding_axi__parameterized10 |         76 |         60 |       0 |   16 |   242 |      0 |      0 |    0 |          0 |
|     GenericPartition_2_Thresholding_rtl_2                  |                 finn_design_GenericPartition_2_Thresholding_rtl_2_0 |         61 |         52 |       0 |    9 |   284 |      1 |      5 |    0 |          0 |
|       inst                                                 |                                      Thresholding_rtl_2_axi_wrapper |         61 |         52 |       0 |    9 |   284 |      1 |      5 |    0 |          0 |
|         core                                               |                                   thresholding_axi__parameterized11 |         61 |         52 |       0 |    9 |   284 |      1 |      5 |    0 |          0 |
|     GenericPartition_2_Thresholding_rtl_20                 |                finn_design_GenericPartition_2_Thresholding_rtl_20_0 |         61 |         52 |       0 |    9 |   284 |      1 |      5 |    0 |          0 |
|       inst                                                 |                                     Thresholding_rtl_20_axi_wrapper |         61 |         52 |       0 |    9 |   284 |      1 |      5 |    0 |          0 |
|         core                                               |                                   thresholding_axi__parameterized12 |         61 |         52 |       0 |    9 |   284 |      1 |      5 |    0 |          0 |
|     GenericPartition_2_Thresholding_rtl_21                 |                finn_design_GenericPartition_2_Thresholding_rtl_21_0 |        145 |        136 |       0 |    9 |   475 |      1 |      4 |    0 |          0 |
|       (GenericPartition_2_Thresholding_rtl_21)             |                finn_design_GenericPartition_2_Thresholding_rtl_21_0 |          0 |          0 |       0 |    0 |     0 |      0 |      1 |    0 |          0 |
|       inst                                                 |                                     Thresholding_rtl_21_axi_wrapper |        145 |        136 |       0 |    9 |   475 |      1 |      3 |    0 |          0 |
|         core                                               |                                   thresholding_axi__parameterized13 |        145 |        136 |       0 |    9 |   475 |      1 |      3 |    0 |          0 |
|     GenericPartition_2_Thresholding_rtl_22                 |                finn_design_GenericPartition_2_Thresholding_rtl_22_0 |        139 |        130 |       0 |    9 |   493 |      1 |      4 |    0 |          0 |
|       (GenericPartition_2_Thresholding_rtl_22)             |                finn_design_GenericPartition_2_Thresholding_rtl_22_0 |          0 |          0 |       0 |    0 |     0 |      0 |      1 |    0 |          0 |
|       inst                                                 |                                     Thresholding_rtl_22_axi_wrapper |        139 |        130 |       0 |    9 |   493 |      1 |      3 |    0 |          0 |
|         core                                               |                                   thresholding_axi__parameterized14 |        139 |        130 |       0 |    9 |   493 |      1 |      3 |    0 |          0 |
|     GenericPartition_2_Thresholding_rtl_23                 |                finn_design_GenericPartition_2_Thresholding_rtl_23_0 |        102 |         93 |       0 |    9 |   445 |      3 |      5 |    0 |          0 |
|       (GenericPartition_2_Thresholding_rtl_23)             |                finn_design_GenericPartition_2_Thresholding_rtl_23_0 |          0 |          0 |       0 |    0 |     0 |      0 |      1 |    0 |          0 |
|       inst                                                 |                                     Thresholding_rtl_23_axi_wrapper |        102 |         93 |       0 |    9 |   445 |      3 |      4 |    0 |          0 |
|         core                                               |                                   thresholding_axi__parameterized15 |        102 |         93 |       0 |    9 |   445 |      3 |      4 |    0 |          0 |
|     GenericPartition_2_Thresholding_rtl_24                 |                finn_design_GenericPartition_2_Thresholding_rtl_24_0 |         85 |         71 |       0 |   14 |   295 |      2 |      2 |    0 |          0 |
|       inst                                                 |                                     Thresholding_rtl_24_axi_wrapper |         85 |         71 |       0 |   14 |   295 |      2 |      2 |    0 |          0 |
|         core                                               |                                   thresholding_axi__parameterized16 |         85 |         71 |       0 |   14 |   295 |      2 |      2 |    0 |          0 |
|     GenericPartition_2_Thresholding_rtl_25                 |                finn_design_GenericPartition_2_Thresholding_rtl_25_0 |         80 |         64 |       0 |   16 |   242 |      1 |      2 |    0 |          0 |
|       inst                                                 |                                     Thresholding_rtl_25_axi_wrapper |         80 |         64 |       0 |   16 |   242 |      1 |      2 |    0 |          0 |
|         core                                               |                                   thresholding_axi__parameterized17 |         80 |         64 |       0 |   16 |   242 |      1 |      2 |    0 |          0 |
|     GenericPartition_2_Thresholding_rtl_26                 |                finn_design_GenericPartition_2_Thresholding_rtl_26_0 |         61 |         52 |       0 |    9 |   284 |      0 |      0 |    0 |          0 |
|       inst                                                 |                                     Thresholding_rtl_26_axi_wrapper |         61 |         52 |       0 |    9 |   284 |      0 |      0 |    0 |          0 |
|         core                                               |                                   thresholding_axi__parameterized18 |         61 |         52 |       0 |    9 |   284 |      0 |      0 |    0 |          0 |
|     GenericPartition_2_Thresholding_rtl_27                 |                finn_design_GenericPartition_2_Thresholding_rtl_27_0 |        147 |        138 |       0 |    9 |   493 |      1 |      4 |    0 |          0 |
|       (GenericPartition_2_Thresholding_rtl_27)             |                finn_design_GenericPartition_2_Thresholding_rtl_27_0 |          0 |          0 |       0 |    0 |     0 |      0 |      1 |    0 |          0 |
|       inst                                                 |                                     Thresholding_rtl_27_axi_wrapper |        147 |        138 |       0 |    9 |   493 |      1 |      3 |    0 |          0 |
|         core                                               |                                   thresholding_axi__parameterized19 |        147 |        138 |       0 |    9 |   493 |      1 |      3 |    0 |          0 |
|     GenericPartition_2_Thresholding_rtl_28                 |                finn_design_GenericPartition_2_Thresholding_rtl_28_0 |         96 |         91 |       0 |    5 |   255 |      0 |      1 |    0 |          0 |
|       (GenericPartition_2_Thresholding_rtl_28)             |                finn_design_GenericPartition_2_Thresholding_rtl_28_0 |          0 |          0 |       0 |    0 |     0 |      0 |      1 |    0 |          0 |
|       inst                                                 |                                     Thresholding_rtl_28_axi_wrapper |         96 |         91 |       0 |    5 |   255 |      0 |      0 |    0 |          0 |
|         core                                               |                                   thresholding_axi__parameterized20 |         96 |         91 |       0 |    5 |   255 |      0 |      0 |    0 |          0 |
|     GenericPartition_2_Thresholding_rtl_29                 |                finn_design_GenericPartition_2_Thresholding_rtl_29_0 |         69 |         60 |       0 |    9 |   327 |      2 |      5 |    0 |          0 |
|       inst                                                 |                                     Thresholding_rtl_29_axi_wrapper |         69 |         60 |       0 |    9 |   327 |      2 |      5 |    0 |          0 |
|         core                                               |                                   thresholding_axi__parameterized21 |         69 |         60 |       0 |    9 |   327 |      2 |      5 |    0 |          0 |
|     GenericPartition_2_Thresholding_rtl_3                  |                 finn_design_GenericPartition_2_Thresholding_rtl_3_0 |        138 |        129 |       0 |    9 |   474 |      1 |      4 |    0 |          0 |
|       (GenericPartition_2_Thresholding_rtl_3)              |                 finn_design_GenericPartition_2_Thresholding_rtl_3_0 |          0 |          0 |       0 |    0 |     0 |      0 |      1 |    0 |          0 |
|       inst                                                 |                                      Thresholding_rtl_3_axi_wrapper |        138 |        129 |       0 |    9 |   474 |      1 |      3 |    0 |          0 |
|         core                                               |                                   thresholding_axi__parameterized22 |        138 |        129 |       0 |    9 |   474 |      1 |      3 |    0 |          0 |
|     GenericPartition_2_Thresholding_rtl_4                  |                 finn_design_GenericPartition_2_Thresholding_rtl_4_0 |        134 |        125 |       0 |    9 |   493 |      1 |      4 |    0 |          0 |
|       (GenericPartition_2_Thresholding_rtl_4)              |                 finn_design_GenericPartition_2_Thresholding_rtl_4_0 |          0 |          0 |       0 |    0 |     0 |      0 |      1 |    0 |          0 |
|       inst                                                 |                                      Thresholding_rtl_4_axi_wrapper |        134 |        125 |       0 |    9 |   493 |      1 |      3 |    0 |          0 |
|         core                                               |                                   thresholding_axi__parameterized23 |        134 |        125 |       0 |    9 |   493 |      1 |      3 |    0 |          0 |
|     GenericPartition_2_Thresholding_rtl_5                  |                 finn_design_GenericPartition_2_Thresholding_rtl_5_0 |         86 |         77 |       0 |    9 |   395 |      3 |      4 |    0 |          0 |
|       inst                                                 |                                      Thresholding_rtl_5_axi_wrapper |         86 |         77 |       0 |    9 |   395 |      3 |      4 |    0 |          0 |
|         core                                               |                                   thresholding_axi__parameterized24 |         86 |         77 |       0 |    9 |   395 |      3 |      4 |    0 |          0 |
|     GenericPartition_2_Thresholding_rtl_6                  |                 finn_design_GenericPartition_2_Thresholding_rtl_6_0 |         85 |         71 |       0 |   14 |   295 |      0 |      0 |    0 |          0 |
|       inst                                                 |                                      Thresholding_rtl_6_axi_wrapper |         85 |         71 |       0 |   14 |   295 |      0 |      0 |    0 |          0 |
|         core                                               |                                   thresholding_axi__parameterized25 |         85 |         71 |       0 |   14 |   295 |      0 |      0 |    0 |          0 |
|     GenericPartition_2_Thresholding_rtl_7                  |                 finn_design_GenericPartition_2_Thresholding_rtl_7_0 |         76 |         60 |       0 |   16 |   242 |      0 |      0 |    0 |          0 |
|       inst                                                 |                                      Thresholding_rtl_7_axi_wrapper |         76 |         60 |       0 |   16 |   242 |      0 |      0 |    0 |          0 |
|         core                                               |                                   thresholding_axi__parameterized26 |         76 |         60 |       0 |   16 |   242 |      0 |      0 |    0 |          0 |
|     GenericPartition_2_Thresholding_rtl_8                  |                 finn_design_GenericPartition_2_Thresholding_rtl_8_0 |         61 |         52 |       0 |    9 |   284 |      0 |      0 |    0 |          0 |
|       inst                                                 |                                      Thresholding_rtl_8_axi_wrapper |         61 |         52 |       0 |    9 |   284 |      0 |      0 |    0 |          0 |
|         core                                               |                                   thresholding_axi__parameterized27 |         61 |         52 |       0 |    9 |   284 |      0 |      0 |    0 |          0 |
|     GenericPartition_2_Thresholding_rtl_9                  |                 finn_design_GenericPartition_2_Thresholding_rtl_9_0 |        121 |        112 |       0 |    9 |   421 |      0 |      5 |    0 |          0 |
|       (GenericPartition_2_Thresholding_rtl_9)              |                 finn_design_GenericPartition_2_Thresholding_rtl_9_0 |          0 |          0 |       0 |    0 |     0 |      0 |      1 |    0 |          0 |
|       inst                                                 |                                      Thresholding_rtl_9_axi_wrapper |        121 |        112 |       0 |    9 |   421 |      0 |      4 |    0 |          0 |
|         core                                               |                                   thresholding_axi__parameterized28 |        121 |        112 |       0 |    9 |   421 |      0 |      4 |    0 |          0 |
+------------------------------------------------------------+---------------------------------------------------------------------+------------+------------+---------+------+-------+--------+--------+------+------------+
* Note: The sum of lower-level cells may be larger than their parent cells total, due to cross-hierarchy LUT combining


