Copyright 1986-2022 Xilinx, Inc. All Rights Reserved.
------------------------------------------------------------------------------------------------------------------------------------------------------------------
| Tool Version : Vivado v.2022.2 (lin64) Build 3671981 Fri Oct 14 04:59:54 MDT 2022
| Date         : Thu Oct  1 12:33:06 2026
| Host         : finn_dev_thelegendiv running 64-bit Ubuntu 22.04.1 LTS
| Command      : report_utilization -hierarchical -hierarchical_depth 4 -file /home/thelegendiv/finn/notebooks/enet/hier_reports_partition2_wm/hier_dsrmin_1x.rpt
| Design       : finn_design_wrapper
| Device       : xczu7ev-ffvc1156-2-e
| Speed File   : -2
| Design State : Routed
------------------------------------------------------------------------------------------------------------------------------------------------------------------

Utilization Design Information

Table of Contents
-----------------
1. Utilization by Hierarchy

1. Utilization by Hierarchy
---------------------------

+------------------------------------------------------------+---------------------------------------------------------------------+------------+------------+---------+-------+-------+--------+--------+------+------------+
|                          Instance                          |                                Module                               | Total LUTs | Logic LUTs | LUTRAMs |  SRLs |  FFs  | RAMB36 | RAMB18 | URAM | DSP Blocks |
+------------------------------------------------------------+---------------------------------------------------------------------+------------+------------+---------+-------+-------+--------+--------+------+------------+
| finn_design_wrapper                                        |                                                               (top) |      38765 |      22341 |    5163 | 11261 | 35969 |     45 |     57 |    0 |        190 |
|   (finn_design_wrapper)                                    |                                                               (top) |          0 |          0 |       0 |     0 |     0 |      0 |      0 |    0 |          0 |
|   finn_design_i                                            |                                                         finn_design |      38765 |      22341 |    5163 | 11261 | 35969 |     45 |     57 |    0 |        190 |
|     (finn_design_i)                                        |                                                         finn_design |        439 |        439 |       0 |     0 |    32 |      0 |      0 |    0 |          0 |
|     GenericPartition_2_AddStreams_hls_0                    |                   finn_design_GenericPartition_2_AddStreams_hls_0_0 |         69 |         69 |       0 |     0 |    94 |      0 |      0 |    0 |          0 |
|       inst                                                 |                                                    AddStreams_hls_0 |         69 |         69 |       0 |     0 |    94 |      0 |      0 |    0 |          0 |
|         (inst)                                             |                                                    AddStreams_hls_0 |          2 |          2 |       0 |     0 |    31 |      0 |      0 |    0 |          0 |
|         flow_control_loop_pipe_no_ap_cont_U                |                  AddStreams_hls_0_flow_control_loop_pipe_no_ap_cont |         22 |         22 |       0 |     0 |     1 |      0 |      0 |    0 |          0 |
|         regslice_both_in0_V_U                              |                                      AddStreams_hls_0_regslice_both |         10 |         10 |       0 |     0 |    20 |      0 |      0 |    0 |          0 |
|         regslice_both_in1_V_U                              |                                  AddStreams_hls_0_regslice_both_264 |         17 |         17 |       0 |     0 |    20 |      0 |      0 |    0 |          0 |
|         regslice_both_out_V_U                              |                      AddStreams_hls_0_regslice_both__parameterized0 |         19 |         19 |       0 |     0 |    22 |      0 |      0 |    0 |          0 |
|     GenericPartition_2_AddStreams_hls_1                    |                   finn_design_GenericPartition_2_AddStreams_hls_1_0 |         70 |         70 |       0 |     0 |    94 |      0 |      0 |    0 |          0 |
|       inst                                                 |                                                    AddStreams_hls_1 |         70 |         70 |       0 |     0 |    94 |      0 |      0 |    0 |          0 |
|         (inst)                                             |                                                    AddStreams_hls_1 |          2 |          2 |       0 |     0 |    31 |      0 |      0 |    0 |          0 |
|         flow_control_loop_pipe_no_ap_cont_U                |                  AddStreams_hls_1_flow_control_loop_pipe_no_ap_cont |         23 |         23 |       0 |     0 |     1 |      0 |      0 |    0 |          0 |
|         regslice_both_in0_V_U                              |                                      AddStreams_hls_1_regslice_both |         10 |         10 |       0 |     0 |    20 |      0 |      0 |    0 |          0 |
|         regslice_both_in1_V_U                              |                                  AddStreams_hls_1_regslice_both_263 |         17 |         17 |       0 |     0 |    20 |      0 |      0 |    0 |          0 |
|         regslice_both_out_V_U                              |                      AddStreams_hls_1_regslice_both__parameterized0 |         19 |         19 |       0 |     0 |    22 |      0 |      0 |    0 |          0 |
|     GenericPartition_2_AddStreams_hls_2                    |                   finn_design_GenericPartition_2_AddStreams_hls_2_0 |         70 |         70 |       0 |     0 |    94 |      0 |      0 |    0 |          0 |
|       inst                                                 |                                                    AddStreams_hls_2 |         70 |         70 |       0 |     0 |    94 |      0 |      0 |    0 |          0 |
|         (inst)                                             |                                                    AddStreams_hls_2 |          2 |          2 |       0 |     0 |    31 |      0 |      0 |    0 |          0 |
|         flow_control_loop_pipe_no_ap_cont_U                |                  AddStreams_hls_2_flow_control_loop_pipe_no_ap_cont |         23 |         23 |       0 |     0 |     1 |      0 |      0 |    0 |          0 |
|         regslice_both_in0_V_U                              |                                      AddStreams_hls_2_regslice_both |         10 |         10 |       0 |     0 |    20 |      0 |      0 |    0 |          0 |
|         regslice_both_in1_V_U                              |                                  AddStreams_hls_2_regslice_both_262 |         17 |         17 |       0 |     0 |    20 |      0 |      0 |    0 |          0 |
|         regslice_both_out_V_U                              |                      AddStreams_hls_2_regslice_both__parameterized0 |         19 |         19 |       0 |     0 |    22 |      0 |      0 |    0 |          0 |
|     GenericPartition_2_AddStreams_hls_3                    |                   finn_design_GenericPartition_2_AddStreams_hls_3_0 |         70 |         70 |       0 |     0 |    94 |      0 |      0 |    0 |          0 |
|       inst                                                 |                                                    AddStreams_hls_3 |         70 |         70 |       0 |     0 |    94 |      0 |      0 |    0 |          0 |
|         (inst)                                             |                                                    AddStreams_hls_3 |          2 |          2 |       0 |     0 |    31 |      0 |      0 |    0 |          0 |
|         flow_control_loop_pipe_no_ap_cont_U                |                  AddStreams_hls_3_flow_control_loop_pipe_no_ap_cont |         23 |         23 |       0 |     0 |     1 |      0 |      0 |    0 |          0 |
|         regslice_both_in0_V_U                              |                                      AddStreams_hls_3_regslice_both |         10 |         10 |       0 |     0 |    20 |      0 |      0 |    0 |          0 |
|         regslice_both_in1_V_U                              |                                  AddStreams_hls_3_regslice_both_261 |         17 |         17 |       0 |     0 |    20 |      0 |      0 |    0 |          0 |
|         regslice_both_out_V_U                              |                      AddStreams_hls_3_regslice_both__parameterized0 |         19 |         19 |       0 |     0 |    22 |      0 |      0 |    0 |          0 |
|     GenericPartition_2_AddStreams_hls_4                    |                   finn_design_GenericPartition_2_AddStreams_hls_4_0 |         70 |         70 |       0 |     0 |    94 |      0 |      0 |    0 |          0 |
|       inst                                                 |                                                    AddStreams_hls_4 |         70 |         70 |       0 |     0 |    94 |      0 |      0 |    0 |          0 |
|         (inst)                                             |                                                    AddStreams_hls_4 |          2 |          2 |       0 |     0 |    31 |      0 |      0 |    0 |          0 |
|         flow_control_loop_pipe_no_ap_cont_U                |                  AddStreams_hls_4_flow_control_loop_pipe_no_ap_cont |         23 |         23 |       0 |     0 |     1 |      0 |      0 |    0 |          0 |
|         regslice_both_in0_V_U                              |                                      AddStreams_hls_4_regslice_both |         10 |         10 |       0 |     0 |    20 |      0 |      0 |    0 |          0 |
|         regslice_both_in1_V_U                              |                                  AddStreams_hls_4_regslice_both_260 |         17 |         17 |       0 |     0 |    20 |      0 |      0 |    0 |          0 |
|         regslice_both_out_V_U                              |                      AddStreams_hls_4_regslice_both__parameterized0 |         19 |         19 |       0 |     0 |    22 |      0 |      0 |    0 |          0 |
|     GenericPartition_2_ConvolutionInputGenerator_rtl_0     |    finn_design_GenericPartition_2_ConvolutionInputGenerator_rtl_0_0 |        439 |        199 |     240 |     0 |   758 |      0 |      0 |    0 |          0 |
|       (GenericPartition_2_ConvolutionInputGenerator_rtl_0) |    finn_design_GenericPartition_2_ConvolutionInputGenerator_rtl_0_0 |          0 |          0 |       0 |     0 |     4 |      0 |      0 |    0 |          0 |
|       inst                                                 |                                     ConvolutionInputGenerator_rtl_0 |        439 |        199 |     240 |     0 |   754 |      0 |      0 |    0 |          0 |
|         impl                                               |                                ConvolutionInputGenerator_rtl_0_impl |        439 |        199 |     240 |     0 |   754 |      0 |      0 |    0 |          0 |
|     GenericPartition_2_ConvolutionInputGenerator_rtl_1     |    finn_design_GenericPartition_2_ConvolutionInputGenerator_rtl_1_0 |        676 |        276 |     400 |     0 |  1270 |      0 |      0 |    0 |          0 |
|       (GenericPartition_2_ConvolutionInputGenerator_rtl_1) |    finn_design_GenericPartition_2_ConvolutionInputGenerator_rtl_1_0 |        128 |        128 |       0 |     0 |     0 |      0 |      0 |    0 |          0 |
|       inst                                                 |                                     ConvolutionInputGenerator_rtl_1 |        548 |        148 |     400 |     0 |  1270 |      0 |      0 |    0 |          0 |
|         impl                                               |                                ConvolutionInputGenerator_rtl_1_impl |        548 |        148 |     400 |     0 |  1270 |      0 |      0 |    0 |          0 |
|     GenericPartition_2_ConvolutionInputGenerator_rtl_2     |    finn_design_GenericPartition_2_ConvolutionInputGenerator_rtl_2_0 |       1333 |        437 |     800 |    96 |  1033 |      0 |      0 |    0 |          0 |
|       (GenericPartition_2_ConvolutionInputGenerator_rtl_2) |    finn_design_GenericPartition_2_ConvolutionInputGenerator_rtl_2_0 |        192 |        192 |       0 |     0 |     0 |      0 |      0 |    0 |          0 |
|       inst                                                 |                                     ConvolutionInputGenerator_rtl_2 |       1141 |        245 |     800 |    96 |  1033 |      0 |      0 |    0 |          0 |
|         impl                                               |                                ConvolutionInputGenerator_rtl_2_impl |       1141 |        245 |     800 |    96 |  1033 |      0 |      0 |    0 |          0 |
|     GenericPartition_2_ConvolutionInputGenerator_rtl_3     |    finn_design_GenericPartition_2_ConvolutionInputGenerator_rtl_3_0 |       2736 |        720 |    1920 |    96 |  1983 |      0 |      0 |    0 |          0 |
|       (GenericPartition_2_ConvolutionInputGenerator_rtl_3) |    finn_design_GenericPartition_2_ConvolutionInputGenerator_rtl_3_0 |        496 |        496 |       0 |     0 |     0 |      0 |      0 |    0 |          0 |
|       inst                                                 |                                     ConvolutionInputGenerator_rtl_3 |       2240 |        224 |    1920 |    96 |  1983 |      0 |      0 |    0 |          0 |
|         impl                                               |                                ConvolutionInputGenerator_rtl_3_impl |       2240 |        224 |    1920 |    96 |  1983 |      0 |      0 |    0 |          0 |
|     GenericPartition_2_ConvolutionInputGenerator_rtl_4     |    finn_design_GenericPartition_2_ConvolutionInputGenerator_rtl_4_0 |        440 |        200 |     240 |     0 |   754 |      0 |      0 |    0 |          0 |
|       inst                                                 |                                     ConvolutionInputGenerator_rtl_4 |        440 |        200 |     240 |     0 |   754 |      0 |      0 |    0 |          0 |
|         impl                                               |                                ConvolutionInputGenerator_rtl_4_impl |        440 |        200 |     240 |     0 |   754 |      0 |      0 |    0 |          0 |
|     GenericPartition_2_DuplicateStreams_hls_0              |             finn_design_GenericPartition_2_DuplicateStreams_hls_0_0 |         59 |         59 |       0 |     0 |    63 |      0 |      0 |    0 |          0 |
|       inst                                                 |                                              DuplicateStreams_hls_0 |         59 |         59 |       0 |     0 |    63 |      0 |      0 |    0 |          0 |
|         (inst)                                             |                                              DuplicateStreams_hls_0 |          0 |          0 |       0 |     0 |    26 |      0 |      0 |    0 |          0 |
|         flow_control_loop_pipe_no_ap_cont_U                |            DuplicateStreams_hls_0_flow_control_loop_pipe_no_ap_cont |         26 |         26 |       0 |     0 |     1 |      0 |      0 |    0 |          0 |
|         regslice_both_in0_V_U                              |                                DuplicateStreams_hls_0_regslice_both |         10 |         10 |       0 |     0 |    12 |      0 |      0 |    0 |          0 |
|         regslice_both_out0_V_U                             |                            DuplicateStreams_hls_0_regslice_both_240 |          7 |          7 |       0 |     0 |    12 |      0 |      0 |    0 |          0 |
|         regslice_both_out1_V_U                             |                            DuplicateStreams_hls_0_regslice_both_241 |         16 |         16 |       0 |     0 |    12 |      0 |      0 |    0 |          0 |
|     GenericPartition_2_DuplicateStreams_hls_1              |             finn_design_GenericPartition_2_DuplicateStreams_hls_1_0 |         60 |         60 |       0 |     0 |    63 |      0 |      0 |    0 |          0 |
|       inst                                                 |                                              DuplicateStreams_hls_1 |         60 |         60 |       0 |     0 |    63 |      0 |      0 |    0 |          0 |
|         (inst)                                             |                                              DuplicateStreams_hls_1 |          1 |          1 |       0 |     0 |    26 |      0 |      0 |    0 |          0 |
|         flow_control_loop_pipe_no_ap_cont_U                |            DuplicateStreams_hls_1_flow_control_loop_pipe_no_ap_cont |         24 |         24 |       0 |     0 |     1 |      0 |      0 |    0 |          0 |
|         regslice_both_in0_V_U                              |                                DuplicateStreams_hls_1_regslice_both |          9 |          9 |       0 |     0 |    12 |      0 |      0 |    0 |          0 |
|         regslice_both_out0_V_U                             |                            DuplicateStreams_hls_1_regslice_both_238 |          7 |          7 |       0 |     0 |    12 |      0 |      0 |    0 |          0 |
|         regslice_both_out1_V_U                             |                            DuplicateStreams_hls_1_regslice_both_239 |         19 |         19 |       0 |     0 |    12 |      0 |      0 |    0 |          0 |
|     GenericPartition_2_DuplicateStreams_hls_2              |             finn_design_GenericPartition_2_DuplicateStreams_hls_2_0 |         60 |         60 |       0 |     0 |    63 |      0 |      0 |    0 |          0 |
|       inst                                                 |                                              DuplicateStreams_hls_2 |         60 |         60 |       0 |     0 |    63 |      0 |      0 |    0 |          0 |
|         (inst)                                             |                                              DuplicateStreams_hls_2 |          1 |          1 |       0 |     0 |    26 |      0 |      0 |    0 |          0 |
|         flow_control_loop_pipe_no_ap_cont_U                |            DuplicateStreams_hls_2_flow_control_loop_pipe_no_ap_cont |         24 |         24 |       0 |     0 |     1 |      0 |      0 |    0 |          0 |
|         regslice_both_in0_V_U                              |                                DuplicateStreams_hls_2_regslice_both |          9 |          9 |       0 |     0 |    12 |      0 |      0 |    0 |          0 |
|         regslice_both_out0_V_U                             |                            DuplicateStreams_hls_2_regslice_both_236 |          7 |          7 |       0 |     0 |    12 |      0 |      0 |    0 |          0 |
|         regslice_both_out1_V_U                             |                            DuplicateStreams_hls_2_regslice_both_237 |         19 |         19 |       0 |     0 |    12 |      0 |      0 |    0 |          0 |
|     GenericPartition_2_DuplicateStreams_hls_3              |             finn_design_GenericPartition_2_DuplicateStreams_hls_3_0 |         60 |         60 |       0 |     0 |    63 |      0 |      0 |    0 |          0 |
|       inst                                                 |                                              DuplicateStreams_hls_3 |         60 |         60 |       0 |     0 |    63 |      0 |      0 |    0 |          0 |
|         (inst)                                             |                                              DuplicateStreams_hls_3 |          1 |          1 |       0 |     0 |    26 |      0 |      0 |    0 |          0 |
|         flow_control_loop_pipe_no_ap_cont_U                |            DuplicateStreams_hls_3_flow_control_loop_pipe_no_ap_cont |         24 |         24 |       0 |     0 |     1 |      0 |      0 |    0 |          0 |
|         regslice_both_in0_V_U                              |                                DuplicateStreams_hls_3_regslice_both |          9 |          9 |       0 |     0 |    12 |      0 |      0 |    0 |          0 |
|         regslice_both_out0_V_U                             |                            DuplicateStreams_hls_3_regslice_both_234 |          7 |          7 |       0 |     0 |    12 |      0 |      0 |    0 |          0 |
|         regslice_both_out1_V_U                             |                            DuplicateStreams_hls_3_regslice_both_235 |         19 |         19 |       0 |     0 |    12 |      0 |      0 |    0 |          0 |
|     GenericPartition_2_DuplicateStreams_hls_4              |             finn_design_GenericPartition_2_DuplicateStreams_hls_4_0 |         60 |         60 |       0 |     0 |    63 |      0 |      0 |    0 |          0 |
|       inst                                                 |                                              DuplicateStreams_hls_4 |         60 |         60 |       0 |     0 |    63 |      0 |      0 |    0 |          0 |
|         (inst)                                             |                                              DuplicateStreams_hls_4 |          1 |          1 |       0 |     0 |    26 |      0 |      0 |    0 |          0 |
|         flow_control_loop_pipe_no_ap_cont_U                |            DuplicateStreams_hls_4_flow_control_loop_pipe_no_ap_cont |         24 |         24 |       0 |     0 |     1 |      0 |      0 |    0 |          0 |
|         regslice_both_in0_V_U                              |                                DuplicateStreams_hls_4_regslice_both |          9 |          9 |       0 |     0 |    12 |      0 |      0 |    0 |          0 |
|         regslice_both_out0_V_U                             |                            DuplicateStreams_hls_4_regslice_both_232 |          7 |          7 |       0 |     0 |    12 |      0 |      0 |    0 |          0 |
|         regslice_both_out1_V_U                             |                            DuplicateStreams_hls_4_regslice_both_233 |         19 |         19 |       0 |     0 |    12 |      0 |      0 |    0 |          0 |
|     GenericPartition_2_FMPadding_rtl_0                     |                    finn_design_GenericPartition_2_FMPadding_rtl_0_0 |         72 |         72 |       0 |     0 |    81 |      0 |      0 |    0 |          0 |
|       inst                                                 |                                                     FMPadding_rtl_0 |         72 |         72 |       0 |     0 |    81 |      0 |      0 |    0 |          0 |
|         impl                                               |                                                   fmpadding_axi_230 |         72 |         72 |       0 |     0 |    81 |      0 |      0 |    0 |          0 |
|     GenericPartition_2_FMPadding_rtl_1                     |                    finn_design_GenericPartition_2_FMPadding_rtl_1_0 |         72 |         72 |       0 |     0 |    81 |      0 |      0 |    0 |          0 |
|       inst                                                 |                                                     FMPadding_rtl_1 |         72 |         72 |       0 |     0 |    81 |      0 |      0 |    0 |          0 |
|         impl                                               |                                       fmpadding_axi__parameterized0 |         72 |         72 |       0 |     0 |    81 |      0 |      0 |    0 |          0 |
|     GenericPartition_2_FMPadding_rtl_2                     |                    finn_design_GenericPartition_2_FMPadding_rtl_2_0 |         73 |         73 |       0 |     0 |    81 |      0 |      0 |    0 |          0 |
|       inst                                                 |                                                     FMPadding_rtl_2 |         73 |         73 |       0 |     0 |    81 |      0 |      0 |    0 |          0 |
|         impl                                               |                                       fmpadding_axi__parameterized1 |         73 |         73 |       0 |     0 |    81 |      0 |      0 |    0 |          0 |
|     GenericPartition_2_FMPadding_rtl_3                     |                    finn_design_GenericPartition_2_FMPadding_rtl_3_0 |         72 |         72 |       0 |     0 |    81 |      0 |      0 |    0 |          0 |
|       inst                                                 |                                                     FMPadding_rtl_3 |         72 |         72 |       0 |     0 |    81 |      0 |      0 |    0 |          0 |
|         impl                                               |                                       fmpadding_axi__parameterized2 |         72 |         72 |       0 |     0 |    81 |      0 |      0 |    0 |          0 |
|     GenericPartition_2_FMPadding_rtl_4                     |                    finn_design_GenericPartition_2_FMPadding_rtl_4_0 |         78 |         78 |       0 |     0 |    81 |      0 |      0 |    0 |          0 |
|       inst                                                 |                                                     FMPadding_rtl_4 |         78 |         78 |       0 |     0 |    81 |      0 |      0 |    0 |          0 |
|         impl                                               |                                                       fmpadding_axi |         78 |         78 |       0 |     0 |    81 |      0 |      0 |    0 |          0 |
|     GenericPartition_2_MVAU_rtl_0                          |                           GenericPartition_2_MVAU_rtl_0_imp_1DU7NZ9 |        497 |        393 |     104 |     0 |   645 |      0 |      0 |    0 |         16 |
|       GenericPartition_2_MVAU_rtl_0                        |                         finn_design_GenericPartition_2_MVAU_rtl_0_0 |        430 |        390 |      40 |     0 |   509 |      0 |      0 |    0 |         16 |
|         inst                                               |                                                          MVAU_rtl_0 |        430 |        390 |      40 |     0 |   509 |      0 |      0 |    0 |         16 |
|       GenericPartition_2_MVAU_rtl_0_wstrm                  |                   finn_design_GenericPartition_2_MVAU_rtl_0_wstrm_0 |         67 |          3 |      64 |     0 |   136 |      0 |      0 |    0 |          0 |
|         inst                                               |                                               memstream_axi_wrapper |         67 |          3 |      64 |     0 |   136 |      0 |      0 |    0 |          0 |
|     GenericPartition_2_MVAU_rtl_1                          |                            GenericPartition_2_MVAU_rtl_1_imp_B5ULVU |       1196 |       1013 |     183 |     0 |  1392 |      0 |      0 |    0 |         18 |
|       GenericPartition_2_MVAU_rtl_1                        |                         finn_design_GenericPartition_2_MVAU_rtl_1_0 |       1052 |       1010 |      42 |     0 |  1100 |      0 |      0 |    0 |         18 |
|         inst                                               |                                                          MVAU_rtl_1 |       1052 |       1010 |      42 |     0 |  1100 |      0 |      0 |    0 |         18 |
|       GenericPartition_2_MVAU_rtl_1_wstrm                  |                   finn_design_GenericPartition_2_MVAU_rtl_1_wstrm_0 |        144 |          3 |     141 |     0 |   292 |      0 |      0 |    0 |          0 |
|         inst                                               |                               memstream_axi_wrapper__parameterized0 |        144 |          3 |     141 |     0 |   292 |      0 |      0 |    0 |          0 |
|     GenericPartition_2_MVAU_rtl_10                         |                           GenericPartition_2_MVAU_rtl_10_imp_UVPSHS |       1170 |        990 |     180 |     0 |  1386 |      0 |      0 |    0 |         18 |
|       GenericPartition_2_MVAU_rtl_10                       |                        finn_design_GenericPartition_2_MVAU_rtl_10_0 |       1029 |        987 |      42 |     0 |  1100 |      0 |      0 |    0 |         18 |
|         inst                                               |                                                         MVAU_rtl_10 |       1029 |        987 |      42 |     0 |  1100 |      0 |      0 |    0 |         18 |
|       GenericPartition_2_MVAU_rtl_10_wstrm                 |                  finn_design_GenericPartition_2_MVAU_rtl_10_wstrm_0 |        141 |          3 |     138 |     0 |   286 |      0 |      0 |    0 |          0 |
|         inst                                               |                               memstream_axi_wrapper__parameterized1 |        141 |          3 |     138 |     0 |   286 |      0 |      0 |    0 |          0 |
|     GenericPartition_2_MVAU_rtl_11                         |                          GenericPartition_2_MVAU_rtl_11_imp_1VYCQNJ |        148 |        122 |      26 |     0 |   188 |      0 |      0 |    0 |          4 |
|       GenericPartition_2_MVAU_rtl_11                       |                        finn_design_GenericPartition_2_MVAU_rtl_11_0 |        127 |        117 |      10 |     0 |   144 |      0 |      0 |    0 |          4 |
|         inst                                               |                                                         MVAU_rtl_11 |        127 |        117 |      10 |     0 |   144 |      0 |      0 |    0 |          4 |
|       GenericPartition_2_MVAU_rtl_11_wstrm                 |                  finn_design_GenericPartition_2_MVAU_rtl_11_wstrm_0 |         21 |          5 |      16 |     0 |    44 |      0 |      0 |    0 |          0 |
|         inst                                               |                               memstream_axi_wrapper__parameterized2 |         21 |          5 |      16 |     0 |    44 |      0 |      0 |    0 |          0 |
|     GenericPartition_2_MVAU_rtl_12                         |                          GenericPartition_2_MVAU_rtl_12_imp_10H6QLB |        509 |        405 |     104 |     0 |   665 |      0 |      0 |    0 |         16 |
|       (GenericPartition_2_MVAU_rtl_12)                     |                          GenericPartition_2_MVAU_rtl_12_imp_10H6QLB |          1 |          1 |       0 |     0 |     0 |      0 |      0 |    0 |          0 |
|       GenericPartition_2_MVAU_rtl_12                       |                        finn_design_GenericPartition_2_MVAU_rtl_12_0 |        441 |        401 |      40 |     0 |   530 |      0 |      0 |    0 |         16 |
|         inst                                               |                                                         MVAU_rtl_12 |        441 |        401 |      40 |     0 |   530 |      0 |      0 |    0 |         16 |
|       GenericPartition_2_MVAU_rtl_12_wstrm                 |                  finn_design_GenericPartition_2_MVAU_rtl_12_wstrm_0 |         67 |          3 |      64 |     0 |   135 |      0 |      0 |    0 |          0 |
|         inst                                               |                               memstream_axi_wrapper__parameterized3 |         67 |          3 |      64 |     0 |   135 |      0 |      0 |    0 |          0 |
|     GenericPartition_2_MVAU_rtl_13                         |                           GenericPartition_2_MVAU_rtl_13_imp_6VYANK |       1174 |        991 |     183 |     0 |  1392 |      0 |      0 |    0 |         18 |
|       GenericPartition_2_MVAU_rtl_13                       |                        finn_design_GenericPartition_2_MVAU_rtl_13_0 |       1030 |        988 |      42 |     0 |  1101 |      0 |      0 |    0 |         18 |
|         inst                                               |                                                         MVAU_rtl_13 |       1030 |        988 |      42 |     0 |  1101 |      0 |      0 |    0 |         18 |
|       GenericPartition_2_MVAU_rtl_13_wstrm                 |                  finn_design_GenericPartition_2_MVAU_rtl_13_wstrm_0 |        145 |          4 |     141 |     0 |   291 |      0 |      0 |    0 |          0 |
|         inst                                               |                               memstream_axi_wrapper__parameterized4 |        145 |          4 |     141 |     0 |   291 |      0 |      0 |    0 |          0 |
|     GenericPartition_2_MVAU_rtl_14                         |                           GenericPartition_2_MVAU_rtl_14_imp_U1OBGF |        148 |        122 |      26 |     0 |   188 |      0 |      0 |    0 |          4 |
|       GenericPartition_2_MVAU_rtl_14                       |                        finn_design_GenericPartition_2_MVAU_rtl_14_0 |        127 |        117 |      10 |     0 |   144 |      0 |      0 |    0 |          4 |
|         inst                                               |                                                         MVAU_rtl_14 |        127 |        117 |      10 |     0 |   144 |      0 |      0 |    0 |          4 |
|       GenericPartition_2_MVAU_rtl_14_wstrm                 |                  finn_design_GenericPartition_2_MVAU_rtl_14_wstrm_0 |         21 |          5 |      16 |     0 |    44 |      0 |      0 |    0 |          0 |
|         inst                                               |                               memstream_axi_wrapper__parameterized5 |         21 |          5 |      16 |     0 |    44 |      0 |      0 |    0 |          0 |
|     GenericPartition_2_MVAU_rtl_2                          |                            GenericPartition_2_MVAU_rtl_2_imp_QJC0QI |        149 |        123 |      26 |     0 |   188 |      0 |      0 |    0 |          4 |
|       GenericPartition_2_MVAU_rtl_2                        |                         finn_design_GenericPartition_2_MVAU_rtl_2_0 |        128 |        118 |      10 |     0 |   144 |      0 |      0 |    0 |          4 |
|         inst                                               |                                                          MVAU_rtl_2 |        128 |        118 |      10 |     0 |   144 |      0 |      0 |    0 |          4 |
|       GenericPartition_2_MVAU_rtl_2_wstrm                  |                   finn_design_GenericPartition_2_MVAU_rtl_2_wstrm_0 |         21 |          5 |      16 |     0 |    44 |      0 |      0 |    0 |          0 |
|         inst                                               |                               memstream_axi_wrapper__parameterized6 |         21 |          5 |      16 |     0 |    44 |      0 |      0 |    0 |          0 |
|     GenericPartition_2_MVAU_rtl_3                          |                           GenericPartition_2_MVAU_rtl_3_imp_1IDUDP1 |        511 |        407 |     104 |     0 |   665 |      0 |      0 |    0 |         16 |
|       (GenericPartition_2_MVAU_rtl_3)                      |                           GenericPartition_2_MVAU_rtl_3_imp_1IDUDP1 |          1 |          1 |       0 |     0 |     0 |      0 |      0 |    0 |          0 |
|       GenericPartition_2_MVAU_rtl_3                        |                         finn_design_GenericPartition_2_MVAU_rtl_3_0 |        443 |        403 |      40 |     0 |   530 |      0 |      0 |    0 |         16 |
|         inst                                               |                                                          MVAU_rtl_3 |        443 |        403 |      40 |     0 |   530 |      0 |      0 |    0 |         16 |
|       GenericPartition_2_MVAU_rtl_3_wstrm                  |                   finn_design_GenericPartition_2_MVAU_rtl_3_wstrm_0 |         67 |          3 |      64 |     0 |   135 |      0 |      0 |    0 |          0 |
|         inst                                               |                               memstream_axi_wrapper__parameterized7 |         67 |          3 |      64 |     0 |   135 |      0 |      0 |    0 |          0 |
|     GenericPartition_2_MVAU_rtl_4                          |                           GenericPartition_2_MVAU_rtl_4_imp_1D007YY |       1180 |        997 |     183 |     0 |  1603 |      0 |      0 |    0 |         18 |
|       GenericPartition_2_MVAU_rtl_4                        |                         finn_design_GenericPartition_2_MVAU_rtl_4_0 |       1036 |        994 |      42 |     0 |  1311 |      0 |      0 |    0 |         18 |
|         inst                                               |                                                          MVAU_rtl_4 |       1036 |        994 |      42 |     0 |  1311 |      0 |      0 |    0 |         18 |
|       GenericPartition_2_MVAU_rtl_4_wstrm                  |                   finn_design_GenericPartition_2_MVAU_rtl_4_wstrm_0 |        144 |          3 |     141 |     0 |   292 |      0 |      0 |    0 |          0 |
|         inst                                               |                               memstream_axi_wrapper__parameterized8 |        144 |          3 |     141 |     0 |   292 |      0 |      0 |    0 |          0 |
|     GenericPartition_2_MVAU_rtl_5                          |                            GenericPartition_2_MVAU_rtl_5_imp_BZVVHX |        149 |        123 |      26 |     0 |   188 |      0 |      0 |    0 |          4 |
|       GenericPartition_2_MVAU_rtl_5                        |                         finn_design_GenericPartition_2_MVAU_rtl_5_0 |        128 |        118 |      10 |     0 |   144 |      0 |      0 |    0 |          4 |
|         inst                                               |                                                          MVAU_rtl_5 |        128 |        118 |      10 |     0 |   144 |      0 |      0 |    0 |          4 |
|       GenericPartition_2_MVAU_rtl_5_wstrm                  |                   finn_design_GenericPartition_2_MVAU_rtl_5_wstrm_0 |         21 |          5 |      16 |     0 |    44 |      0 |      0 |    0 |          0 |
|         inst                                               |                               memstream_axi_wrapper__parameterized9 |         21 |          5 |      16 |     0 |    44 |      0 |      0 |    0 |          0 |
|     GenericPartition_2_MVAU_rtl_6                          |                            GenericPartition_2_MVAU_rtl_6_imp_PPAAX1 |        512 |        408 |     104 |     0 |   666 |      0 |      0 |    0 |         16 |
|       (GenericPartition_2_MVAU_rtl_6)                      |                            GenericPartition_2_MVAU_rtl_6_imp_PPAAX1 |          1 |          1 |       0 |     0 |     0 |      0 |      0 |    0 |          0 |
|       GenericPartition_2_MVAU_rtl_6                        |                         finn_design_GenericPartition_2_MVAU_rtl_6_0 |        444 |        404 |      40 |     0 |   530 |      0 |      0 |    0 |         16 |
|         inst                                               |                                                          MVAU_rtl_6 |        444 |        404 |      40 |     0 |   530 |      0 |      0 |    0 |         16 |
|       GenericPartition_2_MVAU_rtl_6_wstrm                  |                   finn_design_GenericPartition_2_MVAU_rtl_6_wstrm_0 |         67 |          3 |      64 |     0 |   136 |      0 |      0 |    0 |          0 |
|         inst                                               |                              memstream_axi_wrapper__parameterized10 |         67 |          3 |      64 |     0 |   136 |      0 |      0 |    0 |          0 |
|     GenericPartition_2_MVAU_rtl_7                          |                           GenericPartition_2_MVAU_rtl_7_imp_1J81JU2 |       1173 |        988 |     185 |     0 |  1397 |      0 |      0 |    0 |         18 |
|       GenericPartition_2_MVAU_rtl_7                        |                         finn_design_GenericPartition_2_MVAU_rtl_7_0 |       1027 |        985 |      42 |     0 |  1101 |      0 |      0 |    0 |         18 |
|         inst                                               |                                                          MVAU_rtl_7 |       1027 |        985 |      42 |     0 |  1101 |      0 |      0 |    0 |         18 |
|       GenericPartition_2_MVAU_rtl_7_wstrm                  |                   finn_design_GenericPartition_2_MVAU_rtl_7_wstrm_0 |        146 |          3 |     143 |     0 |   296 |      0 |      0 |    0 |          0 |
|         inst                                               |                              memstream_axi_wrapper__parameterized11 |        146 |          3 |     143 |     0 |   296 |      0 |      0 |    0 |          0 |
|     GenericPartition_2_MVAU_rtl_8                          |                           GenericPartition_2_MVAU_rtl_8_imp_1EDQ21N |        147 |        121 |      26 |     0 |   188 |      0 |      0 |    0 |          4 |
|       GenericPartition_2_MVAU_rtl_8                        |                         finn_design_GenericPartition_2_MVAU_rtl_8_0 |        126 |        116 |      10 |     0 |   144 |      0 |      0 |    0 |          4 |
|         inst                                               |                                                          MVAU_rtl_8 |        126 |        116 |      10 |     0 |   144 |      0 |      0 |    0 |          4 |
|       GenericPartition_2_MVAU_rtl_8_wstrm                  |                   finn_design_GenericPartition_2_MVAU_rtl_8_wstrm_0 |         21 |          5 |      16 |     0 |    44 |      0 |      0 |    0 |          0 |
|         inst                                               |                              memstream_axi_wrapper__parameterized12 |         21 |          5 |      16 |     0 |    44 |      0 |      0 |    0 |          0 |
|     GenericPartition_2_MVAU_rtl_9                          |                            GenericPartition_2_MVAU_rtl_9_imp_CTLY9G |        496 |        393 |     103 |     0 |   643 |      0 |      0 |    0 |         16 |
|       GenericPartition_2_MVAU_rtl_9                        |                         finn_design_GenericPartition_2_MVAU_rtl_9_0 |        430 |        390 |      40 |     0 |   509 |      0 |      0 |    0 |         16 |
|         inst                                               |                                                          MVAU_rtl_9 |        430 |        390 |      40 |     0 |   509 |      0 |      0 |    0 |         16 |
|       GenericPartition_2_MVAU_rtl_9_wstrm                  |                   finn_design_GenericPartition_2_MVAU_rtl_9_wstrm_0 |         66 |          3 |      63 |     0 |   134 |      0 |      0 |    0 |          0 |
|         inst                                               |                              memstream_axi_wrapper__parameterized13 |         66 |          3 |      63 |     0 |   134 |      0 |      0 |    0 |          0 |
|     GenericPartition_2_StreamingDataWidthConverter_rtl_0   |  finn_design_GenericPartition_2_StreamingDataWidthConverter_rtl_0_0 |         12 |         12 |       0 |     0 |    74 |      0 |      0 |    0 |          0 |
|       inst                                                 |                                   StreamingDataWidthConverter_rtl_0 |         12 |         12 |       0 |     0 |    74 |      0 |      0 |    0 |          0 |
|         impl                                               |                                                         dwc_axi_196 |         12 |         12 |       0 |     0 |    74 |      0 |      0 |    0 |          0 |
|     GenericPartition_2_StreamingDataWidthConverter_rtl_1   |  finn_design_GenericPartition_2_StreamingDataWidthConverter_rtl_1_0 |         26 |         26 |       0 |     0 |    48 |      0 |      0 |    0 |          0 |
|       inst                                                 |                                   StreamingDataWidthConverter_rtl_1 |         26 |         26 |       0 |     0 |    48 |      0 |      0 |    0 |          0 |
|         impl                                               |                                         dwc_axi__parameterized0_194 |         26 |         26 |       0 |     0 |    48 |      0 |      0 |    0 |          0 |
|     GenericPartition_2_StreamingDataWidthConverter_rtl_10  | finn_design_GenericPartition_2_StreamingDataWidthConverter_rtl_10_0 |        293 |        293 |       0 |     0 |   437 |      0 |      0 |    0 |          0 |
|       inst                                                 |                                  StreamingDataWidthConverter_rtl_10 |        293 |        293 |       0 |     0 |   437 |      0 |      0 |    0 |          0 |
|         impl                                               |                                         dwc_axi__parameterized1_192 |        293 |        293 |       0 |     0 |   437 |      0 |      0 |    0 |          0 |
|     GenericPartition_2_StreamingDataWidthConverter_rtl_11  | finn_design_GenericPartition_2_StreamingDataWidthConverter_rtl_11_0 |         44 |         44 |       0 |     0 |    71 |      0 |      0 |    0 |          0 |
|       inst                                                 |                                  StreamingDataWidthConverter_rtl_11 |         44 |         44 |       0 |     0 |    71 |      0 |      0 |    0 |          0 |
|         impl                                               |                                             dwc_axi__parameterized2 |         44 |         44 |       0 |     0 |    71 |      0 |      0 |    0 |          0 |
|     GenericPartition_2_StreamingDataWidthConverter_rtl_12  | finn_design_GenericPartition_2_StreamingDataWidthConverter_rtl_12_0 |          6 |          6 |       0 |     0 |    24 |      0 |      0 |    0 |          0 |
|       inst                                                 |                                  StreamingDataWidthConverter_rtl_12 |          6 |          6 |       0 |     0 |    24 |      0 |      0 |    0 |          0 |
|         impl                                               |                                         dwc_axi__parameterized3_190 |          6 |          6 |       0 |     0 |    24 |      0 |      0 |    0 |          0 |
|     GenericPartition_2_StreamingDataWidthConverter_rtl_13  | finn_design_GenericPartition_2_StreamingDataWidthConverter_rtl_13_0 |         24 |         24 |       0 |     0 |    44 |      0 |      0 |    0 |          0 |
|       inst                                                 |                                  StreamingDataWidthConverter_rtl_13 |         24 |         24 |       0 |     0 |    44 |      0 |      0 |    0 |          0 |
|         impl                                               |                                         dwc_axi__parameterized4_188 |         24 |         24 |       0 |     0 |    44 |      0 |      0 |    0 |          0 |
|     GenericPartition_2_StreamingDataWidthConverter_rtl_14  | finn_design_GenericPartition_2_StreamingDataWidthConverter_rtl_14_0 |         11 |         11 |       0 |     0 |    74 |      0 |      0 |    0 |          0 |
|       inst                                                 |                                  StreamingDataWidthConverter_rtl_14 |         11 |         11 |       0 |     0 |    74 |      0 |      0 |    0 |          0 |
|         impl                                               |                                                         dwc_axi_186 |         11 |         11 |       0 |     0 |    74 |      0 |      0 |    0 |          0 |
|     GenericPartition_2_StreamingDataWidthConverter_rtl_15  | finn_design_GenericPartition_2_StreamingDataWidthConverter_rtl_15_0 |         29 |         29 |       0 |     0 |    52 |      0 |      0 |    0 |          0 |
|       inst                                                 |                                  StreamingDataWidthConverter_rtl_15 |         29 |         29 |       0 |     0 |    52 |      0 |      0 |    0 |          0 |
|         impl                                               |                                         dwc_axi__parameterized5_184 |         29 |         29 |       0 |     0 |    52 |      0 |      0 |    0 |          0 |
|     GenericPartition_2_StreamingDataWidthConverter_rtl_16  | finn_design_GenericPartition_2_StreamingDataWidthConverter_rtl_16_0 |         10 |         10 |       0 |     0 |    41 |      0 |      0 |    0 |          0 |
|       inst                                                 |                                  StreamingDataWidthConverter_rtl_16 |         10 |         10 |       0 |     0 |    41 |      0 |      0 |    0 |          0 |
|         impl                                               |                                         dwc_axi__parameterized6_182 |         10 |         10 |       0 |     0 |    41 |      0 |      0 |    0 |          0 |
|     GenericPartition_2_StreamingDataWidthConverter_rtl_17  | finn_design_GenericPartition_2_StreamingDataWidthConverter_rtl_17_0 |        294 |        294 |       0 |     0 |   437 |      0 |      0 |    0 |          0 |
|       inst                                                 |                                  StreamingDataWidthConverter_rtl_17 |        294 |        294 |       0 |     0 |   437 |      0 |      0 |    0 |          0 |
|         impl                                               |                                         dwc_axi__parameterized1_180 |        294 |        294 |       0 |     0 |   437 |      0 |      0 |    0 |          0 |
|     GenericPartition_2_StreamingDataWidthConverter_rtl_18  | finn_design_GenericPartition_2_StreamingDataWidthConverter_rtl_18_0 |         48 |         48 |       0 |     0 |    77 |      0 |      0 |    0 |          0 |
|       inst                                                 |                                  StreamingDataWidthConverter_rtl_18 |         48 |         48 |       0 |     0 |    77 |      0 |      0 |    0 |          0 |
|         impl                                               |                                         dwc_axi__parameterized7_178 |         48 |         48 |       0 |     0 |    77 |      0 |      0 |    0 |          0 |
|     GenericPartition_2_StreamingDataWidthConverter_rtl_19  | finn_design_GenericPartition_2_StreamingDataWidthConverter_rtl_19_0 |          6 |          6 |       0 |     0 |    24 |      0 |      0 |    0 |          0 |
|       inst                                                 |                                  StreamingDataWidthConverter_rtl_19 |          6 |          6 |       0 |     0 |    24 |      0 |      0 |    0 |          0 |
|         impl                                               |                                         dwc_axi__parameterized3_176 |          6 |          6 |       0 |     0 |    24 |      0 |      0 |    0 |          0 |
|     GenericPartition_2_StreamingDataWidthConverter_rtl_2   |  finn_design_GenericPartition_2_StreamingDataWidthConverter_rtl_2_0 |         10 |         10 |       0 |     0 |    41 |      0 |      0 |    0 |          0 |
|       inst                                                 |                                   StreamingDataWidthConverter_rtl_2 |         10 |         10 |       0 |     0 |    41 |      0 |      0 |    0 |          0 |
|         impl                                               |                                         dwc_axi__parameterized6_174 |         10 |         10 |       0 |     0 |    41 |      0 |      0 |    0 |          0 |
|     GenericPartition_2_StreamingDataWidthConverter_rtl_20  | finn_design_GenericPartition_2_StreamingDataWidthConverter_rtl_20_0 |         24 |         24 |       0 |     0 |    44 |      0 |      0 |    0 |          0 |
|       inst                                                 |                                  StreamingDataWidthConverter_rtl_20 |         24 |         24 |       0 |     0 |    44 |      0 |      0 |    0 |          0 |
|         impl                                               |                                         dwc_axi__parameterized4_172 |         24 |         24 |       0 |     0 |    44 |      0 |      0 |    0 |          0 |
|     GenericPartition_2_StreamingDataWidthConverter_rtl_21  | finn_design_GenericPartition_2_StreamingDataWidthConverter_rtl_21_0 |         12 |         12 |       0 |     0 |    74 |      0 |      0 |    0 |          0 |
|       inst                                                 |                                  StreamingDataWidthConverter_rtl_21 |         12 |         12 |       0 |     0 |    74 |      0 |      0 |    0 |          0 |
|         impl                                               |                                                         dwc_axi_170 |         12 |         12 |       0 |     0 |    74 |      0 |      0 |    0 |          0 |
|     GenericPartition_2_StreamingDataWidthConverter_rtl_22  | finn_design_GenericPartition_2_StreamingDataWidthConverter_rtl_22_0 |         26 |         26 |       0 |     0 |    48 |      0 |      0 |    0 |          0 |
|       inst                                                 |                                  StreamingDataWidthConverter_rtl_22 |         26 |         26 |       0 |     0 |    48 |      0 |      0 |    0 |          0 |
|         impl                                               |                                             dwc_axi__parameterized0 |         26 |         26 |       0 |     0 |    48 |      0 |      0 |    0 |          0 |
|     GenericPartition_2_StreamingDataWidthConverter_rtl_23  | finn_design_GenericPartition_2_StreamingDataWidthConverter_rtl_23_0 |         11 |         11 |       0 |     0 |    41 |      0 |      0 |    0 |          0 |
|       inst                                                 |                                  StreamingDataWidthConverter_rtl_23 |         11 |         11 |       0 |     0 |    41 |      0 |      0 |    0 |          0 |
|         impl                                               |                                         dwc_axi__parameterized6_168 |         11 |         11 |       0 |     0 |    41 |      0 |      0 |    0 |          0 |
|     GenericPartition_2_StreamingDataWidthConverter_rtl_24  | finn_design_GenericPartition_2_StreamingDataWidthConverter_rtl_24_0 |        295 |        295 |       0 |     0 |   437 |      0 |      0 |    0 |          0 |
|       inst                                                 |                                  StreamingDataWidthConverter_rtl_24 |        295 |        295 |       0 |     0 |   437 |      0 |      0 |    0 |          0 |
|         impl                                               |                                         dwc_axi__parameterized1_166 |        295 |        295 |       0 |     0 |   437 |      0 |      0 |    0 |          0 |
|     GenericPartition_2_StreamingDataWidthConverter_rtl_25  | finn_design_GenericPartition_2_StreamingDataWidthConverter_rtl_25_0 |         48 |         48 |       0 |     0 |    77 |      0 |      0 |    0 |          0 |
|       inst                                                 |                                  StreamingDataWidthConverter_rtl_25 |         48 |         48 |       0 |     0 |    77 |      0 |      0 |    0 |          0 |
|         impl                                               |                                         dwc_axi__parameterized7_164 |         48 |         48 |       0 |     0 |    77 |      0 |      0 |    0 |          0 |
|     GenericPartition_2_StreamingDataWidthConverter_rtl_26  | finn_design_GenericPartition_2_StreamingDataWidthConverter_rtl_26_0 |          6 |          6 |       0 |     0 |    24 |      0 |      0 |    0 |          0 |
|       inst                                                 |                                  StreamingDataWidthConverter_rtl_26 |          6 |          6 |       0 |     0 |    24 |      0 |      0 |    0 |          0 |
|         impl                                               |                                         dwc_axi__parameterized3_162 |          6 |          6 |       0 |     0 |    24 |      0 |      0 |    0 |          0 |
|     GenericPartition_2_StreamingDataWidthConverter_rtl_27  | finn_design_GenericPartition_2_StreamingDataWidthConverter_rtl_27_0 |         25 |         25 |       0 |     0 |    44 |      0 |      0 |    0 |          0 |
|       inst                                                 |                                  StreamingDataWidthConverter_rtl_27 |         25 |         25 |       0 |     0 |    44 |      0 |      0 |    0 |          0 |
|         impl                                               |                                         dwc_axi__parameterized4_160 |         25 |         25 |       0 |     0 |    44 |      0 |      0 |    0 |          0 |
|     GenericPartition_2_StreamingDataWidthConverter_rtl_28  | finn_design_GenericPartition_2_StreamingDataWidthConverter_rtl_28_0 |         12 |         12 |       0 |     0 |    74 |      0 |      0 |    0 |          0 |
|       inst                                                 |                                  StreamingDataWidthConverter_rtl_28 |         12 |         12 |       0 |     0 |    74 |      0 |      0 |    0 |          0 |
|         impl                                               |                                                         dwc_axi_158 |         12 |         12 |       0 |     0 |    74 |      0 |      0 |    0 |          0 |
|     GenericPartition_2_StreamingDataWidthConverter_rtl_29  | finn_design_GenericPartition_2_StreamingDataWidthConverter_rtl_29_0 |         28 |         28 |       0 |     0 |    52 |      0 |      0 |    0 |          0 |
|       inst                                                 |                                  StreamingDataWidthConverter_rtl_29 |         28 |         28 |       0 |     0 |    52 |      0 |      0 |    0 |          0 |
|         impl                                               |                                         dwc_axi__parameterized5_156 |         28 |         28 |       0 |     0 |    52 |      0 |      0 |    0 |          0 |
|     GenericPartition_2_StreamingDataWidthConverter_rtl_3   |  finn_design_GenericPartition_2_StreamingDataWidthConverter_rtl_3_0 |        295 |        295 |       0 |     0 |   437 |      0 |      0 |    0 |          0 |
|       inst                                                 |                                   StreamingDataWidthConverter_rtl_3 |        295 |        295 |       0 |     0 |   437 |      0 |      0 |    0 |          0 |
|         impl                                               |                                         dwc_axi__parameterized1_154 |        295 |        295 |       0 |     0 |   437 |      0 |      0 |    0 |          0 |
|     GenericPartition_2_StreamingDataWidthConverter_rtl_30  | finn_design_GenericPartition_2_StreamingDataWidthConverter_rtl_30_0 |         10 |         10 |       0 |     0 |    41 |      0 |      0 |    0 |          0 |
|       inst                                                 |                                  StreamingDataWidthConverter_rtl_30 |         10 |         10 |       0 |     0 |    41 |      0 |      0 |    0 |          0 |
|         impl                                               |                                         dwc_axi__parameterized6_152 |         10 |         10 |       0 |     0 |    41 |      0 |      0 |    0 |          0 |
|     GenericPartition_2_StreamingDataWidthConverter_rtl_31  | finn_design_GenericPartition_2_StreamingDataWidthConverter_rtl_31_0 |        295 |        295 |       0 |     0 |   437 |      0 |      0 |    0 |          0 |
|       inst                                                 |                                  StreamingDataWidthConverter_rtl_31 |        295 |        295 |       0 |     0 |   437 |      0 |      0 |    0 |          0 |
|         impl                                               |                                             dwc_axi__parameterized1 |        295 |        295 |       0 |     0 |   437 |      0 |      0 |    0 |          0 |
|     GenericPartition_2_StreamingDataWidthConverter_rtl_32  | finn_design_GenericPartition_2_StreamingDataWidthConverter_rtl_32_0 |         47 |         47 |       0 |     0 |    77 |      0 |      0 |    0 |          0 |
|       inst                                                 |                                  StreamingDataWidthConverter_rtl_32 |         47 |         47 |       0 |     0 |    77 |      0 |      0 |    0 |          0 |
|         impl                                               |                                         dwc_axi__parameterized7_150 |         47 |         47 |       0 |     0 |    77 |      0 |      0 |    0 |          0 |
|     GenericPartition_2_StreamingDataWidthConverter_rtl_33  | finn_design_GenericPartition_2_StreamingDataWidthConverter_rtl_33_0 |          7 |          7 |       0 |     0 |    24 |      0 |      0 |    0 |          0 |
|       inst                                                 |                                  StreamingDataWidthConverter_rtl_33 |          7 |          7 |       0 |     0 |    24 |      0 |      0 |    0 |          0 |
|         impl                                               |                                         dwc_axi__parameterized3_148 |          7 |          7 |       0 |     0 |    24 |      0 |      0 |    0 |          0 |
|     GenericPartition_2_StreamingDataWidthConverter_rtl_34  | finn_design_GenericPartition_2_StreamingDataWidthConverter_rtl_34_0 |         25 |         25 |       0 |     0 |    44 |      0 |      0 |    0 |          0 |
|       inst                                                 |                                  StreamingDataWidthConverter_rtl_34 |         25 |         25 |       0 |     0 |    44 |      0 |      0 |    0 |          0 |
|         impl                                               |                                         dwc_axi__parameterized4_146 |         25 |         25 |       0 |     0 |    44 |      0 |      0 |    0 |          0 |
|     GenericPartition_2_StreamingDataWidthConverter_rtl_4   |  finn_design_GenericPartition_2_StreamingDataWidthConverter_rtl_4_0 |         54 |         54 |       0 |     0 |    77 |      0 |      0 |    0 |          0 |
|       inst                                                 |                                   StreamingDataWidthConverter_rtl_4 |         54 |         54 |       0 |     0 |    77 |      0 |      0 |    0 |          0 |
|         impl                                               |                                             dwc_axi__parameterized7 |         54 |         54 |       0 |     0 |    77 |      0 |      0 |    0 |          0 |
|     GenericPartition_2_StreamingDataWidthConverter_rtl_5   |  finn_design_GenericPartition_2_StreamingDataWidthConverter_rtl_5_0 |          7 |          7 |       0 |     0 |    24 |      0 |      0 |    0 |          0 |
|       inst                                                 |                                   StreamingDataWidthConverter_rtl_5 |          7 |          7 |       0 |     0 |    24 |      0 |      0 |    0 |          0 |
|         impl                                               |                                             dwc_axi__parameterized3 |          7 |          7 |       0 |     0 |    24 |      0 |      0 |    0 |          0 |
|     GenericPartition_2_StreamingDataWidthConverter_rtl_6   |  finn_design_GenericPartition_2_StreamingDataWidthConverter_rtl_6_0 |         25 |         25 |       0 |     0 |    44 |      0 |      0 |    0 |          0 |
|       inst                                                 |                                   StreamingDataWidthConverter_rtl_6 |         25 |         25 |       0 |     0 |    44 |      0 |      0 |    0 |          0 |
|         impl                                               |                                             dwc_axi__parameterized4 |         25 |         25 |       0 |     0 |    44 |      0 |      0 |    0 |          0 |
|     GenericPartition_2_StreamingDataWidthConverter_rtl_7   |  finn_design_GenericPartition_2_StreamingDataWidthConverter_rtl_7_0 |         12 |         12 |       0 |     0 |    74 |      0 |      0 |    0 |          0 |
|       inst                                                 |                                   StreamingDataWidthConverter_rtl_7 |         12 |         12 |       0 |     0 |    74 |      0 |      0 |    0 |          0 |
|         impl                                               |                                                             dwc_axi |         12 |         12 |       0 |     0 |    74 |      0 |      0 |    0 |          0 |
|     GenericPartition_2_StreamingDataWidthConverter_rtl_8   |  finn_design_GenericPartition_2_StreamingDataWidthConverter_rtl_8_0 |         30 |         30 |       0 |     0 |    52 |      0 |      0 |    0 |          0 |
|       inst                                                 |                                   StreamingDataWidthConverter_rtl_8 |         30 |         30 |       0 |     0 |    52 |      0 |      0 |    0 |          0 |
|         impl                                               |                                             dwc_axi__parameterized5 |         30 |         30 |       0 |     0 |    52 |      0 |      0 |    0 |          0 |
|     GenericPartition_2_StreamingDataWidthConverter_rtl_9   |  finn_design_GenericPartition_2_StreamingDataWidthConverter_rtl_9_0 |         11 |         11 |       0 |     0 |    41 |      0 |      0 |    0 |          0 |
|       inst                                                 |                                   StreamingDataWidthConverter_rtl_9 |         11 |         11 |       0 |     0 |    41 |      0 |      0 |    0 |          0 |
|         impl                                               |                                             dwc_axi__parameterized6 |         11 |         11 |       0 |     0 |    41 |      0 |      0 |    0 |          0 |
|     GenericPartition_2_StreamingFIFO_rtl_0                 |                finn_design_GenericPartition_2_StreamingFIFO_rtl_0_0 |         15 |         15 |       0 |     0 |    23 |      0 |      0 |    0 |          0 |
|       inst                                                 |                                                 StreamingFIFO_rtl_0 |         15 |         15 |       0 |     0 |    23 |      0 |      0 |    0 |          0 |
|         impl                                               |                                                           Q_srl_145 |         15 |         15 |       0 |     0 |    23 |      0 |      0 |    0 |          0 |
|     GenericPartition_2_StreamingFIFO_rtl_1                 |                finn_design_GenericPartition_2_StreamingFIFO_rtl_1_0 |         16 |         16 |       0 |     0 |    21 |      0 |      0 |    0 |          0 |
|       inst                                                 |                                                 StreamingFIFO_rtl_1 |         16 |         16 |       0 |     0 |    21 |      0 |      0 |    0 |          0 |
|         impl                                               |                                           Q_srl__parameterized0_144 |         16 |         16 |       0 |     0 |    21 |      0 |      0 |    0 |          0 |
|     GenericPartition_2_StreamingFIFO_rtl_10                |               finn_design_GenericPartition_2_StreamingFIFO_rtl_10_0 |          9 |          9 |       0 |     0 |    13 |      0 |      0 |    0 |          0 |
|       inst                                                 |                                                 StreamingFIFO_rtl_9 |          9 |          9 |       0 |     0 |    13 |      0 |      0 |    0 |          0 |
|         impl                                               |                                           Q_srl__parameterized0_143 |          9 |          9 |       0 |     0 |    13 |      0 |      0 |    0 |          0 |
|     GenericPartition_2_StreamingFIFO_rtl_100               |              finn_design_GenericPartition_2_StreamingFIFO_rtl_100_0 |         13 |         13 |       0 |     0 |    21 |      0 |      0 |    0 |          0 |
|       inst                                                 |                                                StreamingFIFO_rtl_83 |         13 |         13 |       0 |     0 |    21 |      0 |      0 |    0 |          0 |
|         impl                                               |                                           Q_srl__parameterized0_142 |         13 |         13 |       0 |     0 |    21 |      0 |      0 |    0 |          0 |
|     GenericPartition_2_StreamingFIFO_rtl_101               |              finn_design_GenericPartition_2_StreamingFIFO_rtl_101_0 |         15 |         15 |       0 |     0 |    23 |      0 |      0 |    0 |          0 |
|       inst                                                 |                                                StreamingFIFO_rtl_84 |         15 |         15 |       0 |     0 |    23 |      0 |      0 |    0 |          0 |
|         impl                                               |                                                           Q_srl_141 |         15 |         15 |       0 |     0 |    23 |      0 |      0 |    0 |          0 |
|     GenericPartition_2_StreamingFIFO_rtl_102               |              finn_design_GenericPartition_2_StreamingFIFO_rtl_102_0 |         14 |         14 |       0 |     0 |    21 |      0 |      0 |    0 |          0 |
|       inst                                                 |                                                StreamingFIFO_rtl_85 |         14 |         14 |       0 |     0 |    21 |      0 |      0 |    0 |          0 |
|         impl                                               |                                           Q_srl__parameterized0_140 |         14 |         14 |       0 |     0 |    21 |      0 |      0 |    0 |          0 |
|     GenericPartition_2_StreamingFIFO_rtl_103               |              finn_design_GenericPartition_2_StreamingFIFO_rtl_103_0 |          9 |          9 |       0 |     0 |    13 |      0 |      0 |    0 |          0 |
|       inst                                                 |                                                StreamingFIFO_rtl_86 |          9 |          9 |       0 |     0 |    13 |      0 |      0 |    0 |          0 |
|         impl                                               |                                           Q_srl__parameterized0_139 |          9 |          9 |       0 |     0 |    13 |      0 |      0 |    0 |          0 |
|     GenericPartition_2_StreamingFIFO_rtl_104               |              finn_design_GenericPartition_2_StreamingFIFO_rtl_104_0 |         10 |         10 |       0 |     0 |    13 |      0 |      0 |    0 |          0 |
|       inst                                                 |                                                StreamingFIFO_rtl_87 |         10 |         10 |       0 |     0 |    13 |      0 |      0 |    0 |          0 |
|         impl                                               |                                           Q_srl__parameterized0_138 |         10 |         10 |       0 |     0 |    13 |      0 |      0 |    0 |          0 |
|     GenericPartition_2_StreamingFIFO_rtl_105               |              finn_design_GenericPartition_2_StreamingFIFO_rtl_105_0 |          9 |          9 |       0 |     0 |    13 |      0 |      0 |    0 |          0 |
|       inst                                                 |                                                StreamingFIFO_rtl_88 |          9 |          9 |       0 |     0 |    13 |      0 |      0 |    0 |          0 |
|         impl                                               |                                           Q_srl__parameterized0_137 |          9 |          9 |       0 |     0 |    13 |      0 |      0 |    0 |          0 |
|     GenericPartition_2_StreamingFIFO_rtl_106               |              finn_design_GenericPartition_2_StreamingFIFO_rtl_106_0 |         69 |         69 |       0 |     0 |   133 |      0 |      0 |    0 |          0 |
|       inst                                                 |                                                StreamingFIFO_rtl_89 |         69 |         69 |       0 |     0 |   133 |      0 |      0 |    0 |          0 |
|         impl                                               |                                           Q_srl__parameterized1_136 |         69 |         69 |       0 |     0 |   133 |      0 |      0 |    0 |          0 |
|     GenericPartition_2_StreamingFIFO_rtl_107               |                GenericPartition_2_StreamingFIFO_rtl_107_imp_1VFI163 |         82 |         82 |       0 |     0 |    67 |      1 |      0 |    0 |          0 |
|       fifo                                                 |                                                 finn_design_fifo_12 |         82 |         82 |       0 |     0 |    67 |      1 |      0 |    0 |          0 |
|         inst                                               |                                axis_data_fifo_v2_0_9_top__xdcDup__1 |         82 |         82 |       0 |     0 |    67 |      1 |      0 |    0 |          0 |
|     GenericPartition_2_StreamingFIFO_rtl_108               |              finn_design_GenericPartition_2_StreamingFIFO_rtl_108_0 |         98 |         50 |       0 |    48 |    22 |      0 |      0 |    0 |          0 |
|       inst                                                 |                            GenericPartition_2_StreamingFIFO_rtl_108 |         98 |         50 |       0 |    48 |    22 |      0 |      0 |    0 |          0 |
|         impl                                               |                                           Q_srl__parameterized2_129 |         98 |         50 |       0 |    48 |    22 |      0 |      0 |    0 |          0 |
|     GenericPartition_2_StreamingFIFO_rtl_109               |              finn_design_GenericPartition_2_StreamingFIFO_rtl_109_0 |         29 |         29 |       0 |     0 |    53 |      0 |      0 |    0 |          0 |
|       inst                                                 |                                                StreamingFIFO_rtl_91 |         29 |         29 |       0 |     0 |    53 |      0 |      0 |    0 |          0 |
|         impl                                               |                                           Q_srl__parameterized3_128 |         29 |         29 |       0 |     0 |    53 |      0 |      0 |    0 |          0 |
|     GenericPartition_2_StreamingFIFO_rtl_11                |               finn_design_GenericPartition_2_StreamingFIFO_rtl_11_0 |         88 |         56 |       0 |    32 |    43 |      0 |      0 |    0 |          0 |
|       inst                                                 |                                                StreamingFIFO_rtl_10 |         88 |         56 |       0 |    32 |    43 |      0 |      0 |    0 |          0 |
|         impl                                               |                                           Q_srl__parameterized4_127 |         88 |         56 |       0 |    32 |    43 |      0 |      0 |    0 |          0 |
|     GenericPartition_2_StreamingFIFO_rtl_110               |              finn_design_GenericPartition_2_StreamingFIFO_rtl_110_0 |         18 |         18 |       0 |     0 |    29 |      0 |      0 |    0 |          0 |
|       inst                                                 |                                                StreamingFIFO_rtl_92 |         18 |         18 |       0 |     0 |    29 |      0 |      0 |    0 |          0 |
|         impl                                               |                                                           Q_srl_126 |         18 |         18 |       0 |     0 |    29 |      0 |      0 |    0 |          0 |
|     GenericPartition_2_StreamingFIFO_rtl_111               |              finn_design_GenericPartition_2_StreamingFIFO_rtl_111_0 |         11 |         11 |       0 |     0 |    13 |      0 |      0 |    0 |          0 |
|       inst                                                 |                                                StreamingFIFO_rtl_93 |         11 |         11 |       0 |     0 |    13 |      0 |      0 |    0 |          0 |
|         impl                                               |                                           Q_srl__parameterized0_125 |         11 |         11 |       0 |     0 |    13 |      0 |      0 |    0 |          0 |
|     GenericPartition_2_StreamingFIFO_rtl_112               |              finn_design_GenericPartition_2_StreamingFIFO_rtl_112_0 |         90 |         58 |       0 |    32 |    43 |      0 |      0 |    0 |          0 |
|       inst                                                 |                                                StreamingFIFO_rtl_94 |         90 |         58 |       0 |    32 |    43 |      0 |      0 |    0 |          0 |
|         impl                                               |                                           Q_srl__parameterized4_124 |         90 |         58 |       0 |    32 |    43 |      0 |      0 |    0 |          0 |
|     GenericPartition_2_StreamingFIFO_rtl_113               |              finn_design_GenericPartition_2_StreamingFIFO_rtl_113_0 |         38 |         38 |       0 |     0 |    69 |      0 |      0 |    0 |          0 |
|       inst                                                 |                                                StreamingFIFO_rtl_95 |         38 |         38 |       0 |     0 |    69 |      0 |      0 |    0 |          0 |
|         impl                                               |                                           Q_srl__parameterized5_123 |         38 |         38 |       0 |     0 |    69 |      0 |      0 |    0 |          0 |
|     GenericPartition_2_StreamingFIFO_rtl_114               |              finn_design_GenericPartition_2_StreamingFIFO_rtl_114_0 |       1472 |        608 |       0 |   864 |   313 |      0 |      0 |    0 |          0 |
|       inst                                                 |                                                StreamingFIFO_rtl_96 |       1472 |        608 |       0 |   864 |   313 |      0 |      0 |    0 |          0 |
|         impl                                               |                                           Q_srl__parameterized6_122 |       1472 |        608 |       0 |   864 |   313 |      0 |      0 |    0 |          0 |
|     GenericPartition_2_StreamingFIFO_rtl_115               |              finn_design_GenericPartition_2_StreamingFIFO_rtl_115_0 |        692 |        116 |       0 |   576 |   108 |      0 |      0 |    0 |          0 |
|       inst                                                 |                            GenericPartition_2_StreamingFIFO_rtl_115 |        692 |        116 |       0 |   576 |   108 |      0 |      0 |    0 |          0 |
|         impl                                               |                                           Q_srl__parameterized7_121 |        692 |        116 |       0 |   576 |   108 |      0 |      0 |    0 |          0 |
|     GenericPartition_2_StreamingFIFO_rtl_116               |              finn_design_GenericPartition_2_StreamingFIFO_rtl_116_0 |        157 |        157 |       0 |     0 |   296 |      0 |      0 |    0 |          0 |
|       inst                                                 |                            GenericPartition_2_StreamingFIFO_rtl_116 |        157 |        157 |       0 |     0 |   296 |      0 |      0 |    0 |          0 |
|         impl                                               |                                           Q_srl__parameterized8_120 |        157 |        157 |       0 |     0 |   296 |      0 |      0 |    0 |          0 |
|     GenericPartition_2_StreamingFIFO_rtl_117               |              finn_design_GenericPartition_2_StreamingFIFO_rtl_117_0 |         55 |         55 |       0 |     0 |   101 |      0 |      0 |    0 |          0 |
|       inst                                                 |                                                StreamingFIFO_rtl_98 |         55 |         55 |       0 |     0 |   101 |      0 |      0 |    0 |          0 |
|         impl                                               |                                           Q_srl__parameterized9_119 |         55 |         55 |       0 |     0 |   101 |      0 |      0 |    0 |          0 |
|     GenericPartition_2_StreamingFIFO_rtl_118               |              finn_design_GenericPartition_2_StreamingFIFO_rtl_118_0 |         18 |         18 |       0 |     0 |    29 |      0 |      0 |    0 |          0 |
|       inst                                                 |                                                StreamingFIFO_rtl_99 |         18 |         18 |       0 |     0 |    29 |      0 |      0 |    0 |          0 |
|         impl                                               |                                                           Q_srl_118 |         18 |         18 |       0 |     0 |    29 |      0 |      0 |    0 |          0 |
|     GenericPartition_2_StreamingFIFO_rtl_119               |              finn_design_GenericPartition_2_StreamingFIFO_rtl_119_0 |          9 |          9 |       0 |     0 |    13 |      0 |      0 |    0 |          0 |
|       inst                                                 |                                               StreamingFIFO_rtl_100 |          9 |          9 |       0 |     0 |    13 |      0 |      0 |    0 |          0 |
|         impl                                               |                                           Q_srl__parameterized0_117 |          9 |          9 |       0 |     0 |    13 |      0 |      0 |    0 |          0 |
|     GenericPartition_2_StreamingFIFO_rtl_12                |               finn_design_GenericPartition_2_StreamingFIFO_rtl_12_0 |         39 |         39 |       0 |     0 |    69 |      0 |      0 |    0 |          0 |
|       inst                                                 |                                                StreamingFIFO_rtl_11 |         39 |         39 |       0 |     0 |    69 |      0 |      0 |    0 |          0 |
|         impl                                               |                                           Q_srl__parameterized5_116 |         39 |         39 |       0 |     0 |    69 |      0 |      0 |    0 |          0 |
|     GenericPartition_2_StreamingFIFO_rtl_120               |              finn_design_GenericPartition_2_StreamingFIFO_rtl_120_0 |        180 |         68 |       0 |   112 |    30 |      0 |      0 |    0 |          0 |
|       inst                                                 |                                               StreamingFIFO_rtl_101 |        180 |         68 |       0 |   112 |    30 |      0 |      0 |    0 |          0 |
|         impl                                               |                                          Q_srl__parameterized10_115 |        180 |         68 |       0 |   112 |    30 |      0 |      0 |    0 |          0 |
|     GenericPartition_2_StreamingFIFO_rtl_121               |              finn_design_GenericPartition_2_StreamingFIFO_rtl_121_0 |         25 |         25 |       0 |     0 |    45 |      0 |      0 |    0 |          0 |
|       inst                                                 |                                               StreamingFIFO_rtl_102 |         25 |         25 |       0 |     0 |    45 |      0 |      0 |    0 |          0 |
|         impl                                               |                                           Q_srl__parameterized3_114 |         25 |         25 |       0 |     0 |    45 |      0 |      0 |    0 |          0 |
|     GenericPartition_2_StreamingFIFO_rtl_122               |              finn_design_GenericPartition_2_StreamingFIFO_rtl_122_0 |         16 |         16 |       0 |     0 |    25 |      0 |      0 |    0 |          0 |
|       inst                                                 |                                               StreamingFIFO_rtl_103 |         16 |         16 |       0 |     0 |    25 |      0 |      0 |    0 |          0 |
|         impl                                               |                                                           Q_srl_113 |         16 |         16 |       0 |     0 |    25 |      0 |      0 |    0 |          0 |
|     GenericPartition_2_StreamingFIFO_rtl_123               |              finn_design_GenericPartition_2_StreamingFIFO_rtl_123_0 |         13 |         13 |       0 |     0 |    21 |      0 |      0 |    0 |          0 |
|       inst                                                 |                                               StreamingFIFO_rtl_104 |         13 |         13 |       0 |     0 |    21 |      0 |      0 |    0 |          0 |
|         impl                                               |                                           Q_srl__parameterized0_112 |         13 |         13 |       0 |     0 |    21 |      0 |      0 |    0 |          0 |
|     GenericPartition_2_StreamingFIFO_rtl_124               |              finn_design_GenericPartition_2_StreamingFIFO_rtl_124_0 |         14 |         14 |       0 |     0 |    23 |      0 |      0 |    0 |          0 |
|       inst                                                 |                                               StreamingFIFO_rtl_105 |         14 |         14 |       0 |     0 |    23 |      0 |      0 |    0 |          0 |
|         impl                                               |                                                           Q_srl_111 |         14 |         14 |       0 |     0 |    23 |      0 |      0 |    0 |          0 |
|     GenericPartition_2_StreamingFIFO_rtl_13                |               finn_design_GenericPartition_2_StreamingFIFO_rtl_13_0 |       1493 |        629 |       0 |   864 |   323 |      0 |      0 |    0 |          0 |
|       inst                                                 |                                                StreamingFIFO_rtl_12 |       1493 |        629 |       0 |   864 |   323 |      0 |      0 |    0 |          0 |
|         impl                                               |                                               Q_srl__parameterized6 |       1493 |        629 |       0 |   864 |   323 |      0 |      0 |    0 |          0 |
|     GenericPartition_2_StreamingFIFO_rtl_14                |               finn_design_GenericPartition_2_StreamingFIFO_rtl_14_0 |        686 |        110 |       0 |   576 |    86 |      0 |      0 |    0 |          0 |
|       inst                                                 |                             GenericPartition_2_StreamingFIFO_rtl_14 |        686 |        110 |       0 |   576 |    86 |      0 |      0 |    0 |          0 |
|         impl                                               |                                               Q_srl__parameterized7 |        686 |        110 |       0 |   576 |    86 |      0 |      0 |    0 |          0 |
|     GenericPartition_2_StreamingFIFO_rtl_15                |               finn_design_GenericPartition_2_StreamingFIFO_rtl_15_0 |        156 |        156 |       0 |     0 |   296 |      0 |      0 |    0 |          0 |
|       inst                                                 |                             GenericPartition_2_StreamingFIFO_rtl_15 |        156 |        156 |       0 |     0 |   296 |      0 |      0 |    0 |          0 |
|         impl                                               |                                               Q_srl__parameterized8 |        156 |        156 |       0 |     0 |   296 |      0 |      0 |    0 |          0 |
|     GenericPartition_2_StreamingFIFO_rtl_16                |               finn_design_GenericPartition_2_StreamingFIFO_rtl_16_0 |         55 |         55 |       0 |     0 |   101 |      0 |      0 |    0 |          0 |
|       inst                                                 |                                                StreamingFIFO_rtl_14 |         55 |         55 |       0 |     0 |   101 |      0 |      0 |    0 |          0 |
|         impl                                               |                                           Q_srl__parameterized9_110 |         55 |         55 |       0 |     0 |   101 |      0 |      0 |    0 |          0 |
|     GenericPartition_2_StreamingFIFO_rtl_17                |               finn_design_GenericPartition_2_StreamingFIFO_rtl_17_0 |         20 |         20 |       0 |     0 |    29 |      0 |      0 |    0 |          0 |
|       inst                                                 |                                                StreamingFIFO_rtl_15 |         20 |         20 |       0 |     0 |    29 |      0 |      0 |    0 |          0 |
|         impl                                               |                                                           Q_srl_109 |         20 |         20 |       0 |     0 |    29 |      0 |      0 |    0 |          0 |
|     GenericPartition_2_StreamingFIFO_rtl_18                |               finn_design_GenericPartition_2_StreamingFIFO_rtl_18_0 |          9 |          9 |       0 |     0 |    13 |      0 |      0 |    0 |          0 |
|       inst                                                 |                                                StreamingFIFO_rtl_16 |          9 |          9 |       0 |     0 |    13 |      0 |      0 |    0 |          0 |
|         impl                                               |                                           Q_srl__parameterized0_108 |          9 |          9 |       0 |     0 |    13 |      0 |      0 |    0 |          0 |
|     GenericPartition_2_StreamingFIFO_rtl_19                |               finn_design_GenericPartition_2_StreamingFIFO_rtl_19_0 |        180 |         68 |       0 |   112 |    30 |      0 |      0 |    0 |          0 |
|       inst                                                 |                                                StreamingFIFO_rtl_17 |        180 |         68 |       0 |   112 |    30 |      0 |      0 |    0 |          0 |
|         impl                                               |                                              Q_srl__parameterized10 |        180 |         68 |       0 |   112 |    30 |      0 |      0 |    0 |          0 |
|     GenericPartition_2_StreamingFIFO_rtl_2                 |                finn_design_GenericPartition_2_StreamingFIFO_rtl_2_0 |         10 |         10 |       0 |     0 |    13 |      0 |      0 |    0 |          0 |
|       inst                                                 |                                                 StreamingFIFO_rtl_2 |         10 |         10 |       0 |     0 |    13 |      0 |      0 |    0 |          0 |
|         impl                                               |                                           Q_srl__parameterized0_107 |         10 |         10 |       0 |     0 |    13 |      0 |      0 |    0 |          0 |
|     GenericPartition_2_StreamingFIFO_rtl_20                |               finn_design_GenericPartition_2_StreamingFIFO_rtl_20_0 |         25 |         25 |       0 |     0 |    45 |      0 |      0 |    0 |          0 |
|       inst                                                 |                                                StreamingFIFO_rtl_18 |         25 |         25 |       0 |     0 |    45 |      0 |      0 |    0 |          0 |
|         impl                                               |                                           Q_srl__parameterized3_106 |         25 |         25 |       0 |     0 |    45 |      0 |      0 |    0 |          0 |
|     GenericPartition_2_StreamingFIFO_rtl_21                |               finn_design_GenericPartition_2_StreamingFIFO_rtl_21_0 |         16 |         16 |       0 |     0 |    25 |      0 |      0 |    0 |          0 |
|       inst                                                 |                                                StreamingFIFO_rtl_19 |         16 |         16 |       0 |     0 |    25 |      0 |      0 |    0 |          0 |
|         impl                                               |                                                           Q_srl_105 |         16 |         16 |       0 |     0 |    25 |      0 |      0 |    0 |          0 |
|     GenericPartition_2_StreamingFIFO_rtl_22                |               finn_design_GenericPartition_2_StreamingFIFO_rtl_22_0 |         13 |         13 |       0 |     0 |    21 |      0 |      0 |    0 |          0 |
|       inst                                                 |                                                StreamingFIFO_rtl_20 |         13 |         13 |       0 |     0 |    21 |      0 |      0 |    0 |          0 |
|         impl                                               |                                           Q_srl__parameterized0_104 |         13 |         13 |       0 |     0 |    21 |      0 |      0 |    0 |          0 |
|     GenericPartition_2_StreamingFIFO_rtl_23                |               finn_design_GenericPartition_2_StreamingFIFO_rtl_23_0 |         15 |         15 |       0 |     0 |    23 |      0 |      0 |    0 |          0 |
|       inst                                                 |                                                StreamingFIFO_rtl_21 |         15 |         15 |       0 |     0 |    23 |      0 |      0 |    0 |          0 |
|         impl                                               |                                                           Q_srl_103 |         15 |         15 |       0 |     0 |    23 |      0 |      0 |    0 |          0 |
|     GenericPartition_2_StreamingFIFO_rtl_24                |               finn_design_GenericPartition_2_StreamingFIFO_rtl_24_0 |         14 |         14 |       0 |     0 |    21 |      0 |      0 |    0 |          0 |
|       inst                                                 |                                                StreamingFIFO_rtl_22 |         14 |         14 |       0 |     0 |    21 |      0 |      0 |    0 |          0 |
|         impl                                               |                                           Q_srl__parameterized0_102 |         14 |         14 |       0 |     0 |    21 |      0 |      0 |    0 |          0 |
|     GenericPartition_2_StreamingFIFO_rtl_25                |               finn_design_GenericPartition_2_StreamingFIFO_rtl_25_0 |          9 |          9 |       0 |     0 |    13 |      0 |      0 |    0 |          0 |
|       inst                                                 |                                                StreamingFIFO_rtl_23 |          9 |          9 |       0 |     0 |    13 |      0 |      0 |    0 |          0 |
|         impl                                               |                                           Q_srl__parameterized0_101 |          9 |          9 |       0 |     0 |    13 |      0 |      0 |    0 |          0 |
|     GenericPartition_2_StreamingFIFO_rtl_26                |               finn_design_GenericPartition_2_StreamingFIFO_rtl_26_0 |         10 |         10 |       0 |     0 |    13 |      0 |      0 |    0 |          0 |
|       inst                                                 |                                                StreamingFIFO_rtl_24 |         10 |         10 |       0 |     0 |    13 |      0 |      0 |    0 |          0 |
|         impl                                               |                                           Q_srl__parameterized0_100 |         10 |         10 |       0 |     0 |    13 |      0 |      0 |    0 |          0 |
|     GenericPartition_2_StreamingFIFO_rtl_27                |               finn_design_GenericPartition_2_StreamingFIFO_rtl_27_0 |          9 |          9 |       0 |     0 |    13 |      0 |      0 |    0 |          0 |
|       inst                                                 |                                                StreamingFIFO_rtl_25 |          9 |          9 |       0 |     0 |    13 |      0 |      0 |    0 |          0 |
|         impl                                               |                                            Q_srl__parameterized0_99 |          9 |          9 |       0 |     0 |    13 |      0 |      0 |    0 |          0 |
|     GenericPartition_2_StreamingFIFO_rtl_28                |               finn_design_GenericPartition_2_StreamingFIFO_rtl_28_0 |         69 |         69 |       0 |     0 |   133 |      0 |      0 |    0 |          0 |
|       inst                                                 |                                                StreamingFIFO_rtl_26 |         69 |         69 |       0 |     0 |   133 |      0 |      0 |    0 |          0 |
|         impl                                               |                                            Q_srl__parameterized1_98 |         69 |         69 |       0 |     0 |   133 |      0 |      0 |    0 |          0 |
|     GenericPartition_2_StreamingFIFO_rtl_29                |                  GenericPartition_2_StreamingFIFO_rtl_29_imp_R9NWPE |         95 |         95 |       0 |     0 |    71 |      2 |      0 |    0 |          0 |
|       fifo                                                 |                                                  finn_design_fifo_1 |         95 |         95 |       0 |     0 |    71 |      2 |      0 |    0 |          0 |
|         inst                                               |                           axis_data_fifo_v2_0_9_top__parameterized0 |         95 |         95 |       0 |     0 |    71 |      2 |      0 |    0 |          0 |
|     GenericPartition_2_StreamingFIFO_rtl_3                 |                finn_design_GenericPartition_2_StreamingFIFO_rtl_3_0 |         10 |         10 |       0 |     0 |    13 |      0 |      0 |    0 |          0 |
|       inst                                                 |                                                 StreamingFIFO_rtl_3 |         10 |         10 |       0 |     0 |    13 |      0 |      0 |    0 |          0 |
|         impl                                               |                                            Q_srl__parameterized0_93 |         10 |         10 |       0 |     0 |    13 |      0 |      0 |    0 |          0 |
|     GenericPartition_2_StreamingFIFO_rtl_30                |               finn_design_GenericPartition_2_StreamingFIFO_rtl_30_0 |        108 |         44 |       0 |    64 |    22 |      0 |      0 |    0 |          0 |
|       inst                                                 |                             GenericPartition_2_StreamingFIFO_rtl_30 |        108 |         44 |       0 |    64 |    22 |      0 |      0 |    0 |          0 |
|         impl                                               |                                              Q_srl__parameterized11 |        108 |         44 |       0 |    64 |    22 |      0 |      0 |    0 |          0 |
|     GenericPartition_2_StreamingFIFO_rtl_31                |               finn_design_GenericPartition_2_StreamingFIFO_rtl_31_0 |         32 |         32 |       0 |     0 |    53 |      0 |      0 |    0 |          0 |
|       inst                                                 |                                                StreamingFIFO_rtl_28 |         32 |         32 |       0 |     0 |    53 |      0 |      0 |    0 |          0 |
|         impl                                               |                                            Q_srl__parameterized3_92 |         32 |         32 |       0 |     0 |    53 |      0 |      0 |    0 |          0 |
|     GenericPartition_2_StreamingFIFO_rtl_32                |               finn_design_GenericPartition_2_StreamingFIFO_rtl_32_0 |         20 |         20 |       0 |     0 |    29 |      0 |      0 |    0 |          0 |
|       inst                                                 |                                                StreamingFIFO_rtl_29 |         20 |         20 |       0 |     0 |    29 |      0 |      0 |    0 |          0 |
|         impl                                               |                                                            Q_srl_91 |         20 |         20 |       0 |     0 |    29 |      0 |      0 |    0 |          0 |
|     GenericPartition_2_StreamingFIFO_rtl_33                |               finn_design_GenericPartition_2_StreamingFIFO_rtl_33_0 |         10 |         10 |       0 |     0 |    13 |      0 |      0 |    0 |          0 |
|       inst                                                 |                                                StreamingFIFO_rtl_30 |         10 |         10 |       0 |     0 |    13 |      0 |      0 |    0 |          0 |
|         impl                                               |                                            Q_srl__parameterized0_90 |         10 |         10 |       0 |     0 |    13 |      0 |      0 |    0 |          0 |
|     GenericPartition_2_StreamingFIFO_rtl_34                |               finn_design_GenericPartition_2_StreamingFIFO_rtl_34_0 |         84 |         52 |       0 |    32 |    43 |      0 |      0 |    0 |          0 |
|       inst                                                 |                                                StreamingFIFO_rtl_31 |         84 |         52 |       0 |    32 |    43 |      0 |      0 |    0 |          0 |
|         impl                                               |                                               Q_srl__parameterized4 |         84 |         52 |       0 |    32 |    43 |      0 |      0 |    0 |          0 |
|     GenericPartition_2_StreamingFIFO_rtl_35                |               finn_design_GenericPartition_2_StreamingFIFO_rtl_35_0 |         38 |         38 |       0 |     0 |    69 |      0 |      0 |    0 |          0 |
|       inst                                                 |                                                StreamingFIFO_rtl_32 |         38 |         38 |       0 |     0 |    69 |      0 |      0 |    0 |          0 |
|         impl                                               |                                            Q_srl__parameterized5_89 |         38 |         38 |       0 |     0 |    69 |      0 |      0 |    0 |          0 |
|     GenericPartition_2_StreamingFIFO_rtl_36                |               finn_design_GenericPartition_2_StreamingFIFO_rtl_36_0 |       2378 |        650 |       0 |  1728 |   386 |      0 |      0 |    0 |          0 |
|       inst                                                 |                                                StreamingFIFO_rtl_33 |       2378 |        650 |       0 |  1728 |   386 |      0 |      0 |    0 |          0 |
|         impl                                               |                                              Q_srl__parameterized12 |       2378 |        650 |       0 |  1728 |   386 |      0 |      0 |    0 |          0 |
|     GenericPartition_2_StreamingFIFO_rtl_37                |                  GenericPartition_2_StreamingFIFO_rtl_37_imp_O3UG95 |         66 |         66 |       0 |     0 |    55 |      1 |      0 |    0 |          0 |
|       fifo                                                 |                                                  finn_design_fifo_2 |         66 |         66 |       0 |     0 |    55 |      1 |      0 |    0 |          0 |
|         inst                                               |                           axis_data_fifo_v2_0_9_top__parameterized1 |         66 |         66 |       0 |     0 |    55 |      1 |      0 |    0 |          0 |
|     GenericPartition_2_StreamingFIFO_rtl_38                |               finn_design_GenericPartition_2_StreamingFIFO_rtl_38_0 |        128 |         88 |       0 |    40 |    81 |      0 |      0 |    0 |          0 |
|       inst                                                 |                             GenericPartition_2_StreamingFIFO_rtl_38 |        128 |         88 |       0 |    40 |    81 |      0 |      0 |    0 |          0 |
|         impl                                               |                                              Q_srl__parameterized13 |        128 |         88 |       0 |    40 |    81 |      0 |      0 |    0 |          0 |
|     GenericPartition_2_StreamingFIFO_rtl_39                |               finn_design_GenericPartition_2_StreamingFIFO_rtl_39_0 |         51 |         51 |       0 |     0 |    93 |      0 |      0 |    0 |          0 |
|       inst                                                 |                                                StreamingFIFO_rtl_35 |         51 |         51 |       0 |     0 |    93 |      0 |      0 |    0 |          0 |
|         impl                                               |                                            Q_srl__parameterized9_82 |         51 |         51 |       0 |     0 |    93 |      0 |      0 |    0 |          0 |
|     GenericPartition_2_StreamingFIFO_rtl_4                 |                finn_design_GenericPartition_2_StreamingFIFO_rtl_4_0 |          9 |          9 |       0 |     0 |    13 |      0 |      0 |    0 |          0 |
|       inst                                                 |                                                 StreamingFIFO_rtl_4 |          9 |          9 |       0 |     0 |    13 |      0 |      0 |    0 |          0 |
|         impl                                               |                                            Q_srl__parameterized0_81 |          9 |          9 |       0 |     0 |    13 |      0 |      0 |    0 |          0 |
|     GenericPartition_2_StreamingFIFO_rtl_40                |               finn_design_GenericPartition_2_StreamingFIFO_rtl_40_0 |         19 |         19 |       0 |     0 |    27 |      0 |      0 |    0 |          0 |
|       inst                                                 |                                                StreamingFIFO_rtl_36 |         19 |         19 |       0 |     0 |    27 |      0 |      0 |    0 |          0 |
|         impl                                               |                                                            Q_srl_80 |         19 |         19 |       0 |     0 |    27 |      0 |      0 |    0 |          0 |
|     GenericPartition_2_StreamingFIFO_rtl_41                |               finn_design_GenericPartition_2_StreamingFIFO_rtl_41_0 |         10 |         10 |       0 |     0 |    13 |      0 |      0 |    0 |          0 |
|       inst                                                 |                                                StreamingFIFO_rtl_37 |         10 |         10 |       0 |     0 |    13 |      0 |      0 |    0 |          0 |
|         impl                                               |                                            Q_srl__parameterized0_79 |         10 |         10 |       0 |     0 |    13 |      0 |      0 |    0 |          0 |
|     GenericPartition_2_StreamingFIFO_rtl_42                |               finn_design_GenericPartition_2_StreamingFIFO_rtl_42_0 |        182 |         54 |       0 |   128 |    30 |      0 |      0 |    0 |          0 |
|       inst                                                 |                             GenericPartition_2_StreamingFIFO_rtl_42 |        182 |         54 |       0 |   128 |    30 |      0 |      0 |    0 |          0 |
|         impl                                               |                                           Q_srl__parameterized14_78 |        182 |         54 |       0 |   128 |    30 |      0 |      0 |    0 |          0 |
|     GenericPartition_2_StreamingFIFO_rtl_43                |               finn_design_GenericPartition_2_StreamingFIFO_rtl_43_0 |        146 |         66 |       0 |    80 |    30 |      0 |      0 |    0 |          0 |
|       inst                                                 |                             GenericPartition_2_StreamingFIFO_rtl_43 |        146 |         66 |       0 |    80 |    30 |      0 |      0 |    0 |          0 |
|         impl                                               |                                              Q_srl__parameterized15 |        146 |         66 |       0 |    80 |    30 |      0 |      0 |    0 |          0 |
|     GenericPartition_2_StreamingFIFO_rtl_44                |               finn_design_GenericPartition_2_StreamingFIFO_rtl_44_0 |         25 |         25 |       0 |     0 |    45 |      0 |      0 |    0 |          0 |
|       inst                                                 |                                                StreamingFIFO_rtl_39 |         25 |         25 |       0 |     0 |    45 |      0 |      0 |    0 |          0 |
|         impl                                               |                                            Q_srl__parameterized3_77 |         25 |         25 |       0 |     0 |    45 |      0 |      0 |    0 |          0 |
|     GenericPartition_2_StreamingFIFO_rtl_45                |               finn_design_GenericPartition_2_StreamingFIFO_rtl_45_0 |         16 |         16 |       0 |     0 |    25 |      0 |      0 |    0 |          0 |
|       inst                                                 |                                                StreamingFIFO_rtl_40 |         16 |         16 |       0 |     0 |    25 |      0 |      0 |    0 |          0 |
|         impl                                               |                                                            Q_srl_76 |         16 |         16 |       0 |     0 |    25 |      0 |      0 |    0 |          0 |
|     GenericPartition_2_StreamingFIFO_rtl_46                |               finn_design_GenericPartition_2_StreamingFIFO_rtl_46_0 |         13 |         13 |       0 |     0 |    21 |      0 |      0 |    0 |          0 |
|       inst                                                 |                                                StreamingFIFO_rtl_41 |         13 |         13 |       0 |     0 |    21 |      0 |      0 |    0 |          0 |
|         impl                                               |                                            Q_srl__parameterized0_75 |         13 |         13 |       0 |     0 |    21 |      0 |      0 |    0 |          0 |
|     GenericPartition_2_StreamingFIFO_rtl_47                |               finn_design_GenericPartition_2_StreamingFIFO_rtl_47_0 |         15 |         15 |       0 |     0 |    23 |      0 |      0 |    0 |          0 |
|       inst                                                 |                                                StreamingFIFO_rtl_42 |         15 |         15 |       0 |     0 |    23 |      0 |      0 |    0 |          0 |
|         impl                                               |                                                            Q_srl_74 |         15 |         15 |       0 |     0 |    23 |      0 |      0 |    0 |          0 |
|     GenericPartition_2_StreamingFIFO_rtl_48                |               finn_design_GenericPartition_2_StreamingFIFO_rtl_48_0 |         14 |         14 |       0 |     0 |    21 |      0 |      0 |    0 |          0 |
|       inst                                                 |                                                StreamingFIFO_rtl_43 |         14 |         14 |       0 |     0 |    21 |      0 |      0 |    0 |          0 |
|         impl                                               |                                            Q_srl__parameterized0_73 |         14 |         14 |       0 |     0 |    21 |      0 |      0 |    0 |          0 |
|     GenericPartition_2_StreamingFIFO_rtl_49                |               finn_design_GenericPartition_2_StreamingFIFO_rtl_49_0 |          9 |          9 |       0 |     0 |    13 |      0 |      0 |    0 |          0 |
|       inst                                                 |                                                StreamingFIFO_rtl_44 |          9 |          9 |       0 |     0 |    13 |      0 |      0 |    0 |          0 |
|         impl                                               |                                            Q_srl__parameterized0_72 |          9 |          9 |       0 |     0 |    13 |      0 |      0 |    0 |          0 |
|     GenericPartition_2_StreamingFIFO_rtl_5                 |                finn_design_GenericPartition_2_StreamingFIFO_rtl_5_0 |         69 |         69 |       0 |     0 |   133 |      0 |      0 |    0 |          0 |
|       inst                                                 |                                                 StreamingFIFO_rtl_5 |         69 |         69 |       0 |     0 |   133 |      0 |      0 |    0 |          0 |
|         impl                                               |                                            Q_srl__parameterized1_71 |         69 |         69 |       0 |     0 |   133 |      0 |      0 |    0 |          0 |
|     GenericPartition_2_StreamingFIFO_rtl_50                |               finn_design_GenericPartition_2_StreamingFIFO_rtl_50_0 |         10 |         10 |       0 |     0 |    13 |      0 |      0 |    0 |          0 |
|       inst                                                 |                                                StreamingFIFO_rtl_45 |         10 |         10 |       0 |     0 |    13 |      0 |      0 |    0 |          0 |
|         impl                                               |                                            Q_srl__parameterized0_70 |         10 |         10 |       0 |     0 |    13 |      0 |      0 |    0 |          0 |
|     GenericPartition_2_StreamingFIFO_rtl_51                |               finn_design_GenericPartition_2_StreamingFIFO_rtl_51_0 |         10 |         10 |       0 |     0 |    13 |      0 |      0 |    0 |          0 |
|       inst                                                 |                                                StreamingFIFO_rtl_46 |         10 |         10 |       0 |     0 |    13 |      0 |      0 |    0 |          0 |
|         impl                                               |                                            Q_srl__parameterized0_69 |         10 |         10 |       0 |     0 |    13 |      0 |      0 |    0 |          0 |
|     GenericPartition_2_StreamingFIFO_rtl_52                |               finn_design_GenericPartition_2_StreamingFIFO_rtl_52_0 |         69 |         69 |       0 |     0 |   133 |      0 |      0 |    0 |          0 |
|       inst                                                 |                                                StreamingFIFO_rtl_47 |         69 |         69 |       0 |     0 |   133 |      0 |      0 |    0 |          0 |
|         impl                                               |                                            Q_srl__parameterized1_68 |         69 |         69 |       0 |     0 |   133 |      0 |      0 |    0 |          0 |
|     GenericPartition_2_StreamingFIFO_rtl_53                |                 GenericPartition_2_StreamingFIFO_rtl_53_imp_1VZBFXN |        103 |        103 |       0 |     0 |    75 |      4 |      0 |    0 |          0 |
|       fifo                                                 |                                                  finn_design_fifo_3 |        103 |        103 |       0 |     0 |    75 |      4 |      0 |    0 |          0 |
|         inst                                               |                           axis_data_fifo_v2_0_9_top__parameterized2 |        103 |        103 |       0 |     0 |    75 |      4 |      0 |    0 |          0 |
|     GenericPartition_2_StreamingFIFO_rtl_54                |               finn_design_GenericPartition_2_StreamingFIFO_rtl_54_0 |        111 |         47 |       0 |    64 |    22 |      0 |      0 |    0 |          0 |
|       inst                                                 |                             GenericPartition_2_StreamingFIFO_rtl_54 |        111 |         47 |       0 |    64 |    22 |      0 |      0 |    0 |          0 |
|         impl                                               |                                              Q_srl__parameterized16 |        111 |         47 |       0 |    64 |    22 |      0 |      0 |    0 |          0 |
|     GenericPartition_2_StreamingFIFO_rtl_55                |               finn_design_GenericPartition_2_StreamingFIFO_rtl_55_0 |         71 |         39 |       0 |    32 |    21 |      0 |      0 |    0 |          0 |
|       inst                                                 |                             GenericPartition_2_StreamingFIFO_rtl_55 |         71 |         39 |       0 |    32 |    21 |      0 |      0 |    0 |          0 |
|         impl                                               |                                           Q_srl__parameterized17_63 |         71 |         39 |       0 |    32 |    21 |      0 |      0 |    0 |          0 |
|     GenericPartition_2_StreamingFIFO_rtl_56                |               finn_design_GenericPartition_2_StreamingFIFO_rtl_56_0 |         29 |         29 |       0 |     0 |    53 |      0 |      0 |    0 |          0 |
|       inst                                                 |                                                StreamingFIFO_rtl_49 |         29 |         29 |       0 |     0 |    53 |      0 |      0 |    0 |          0 |
|         impl                                               |                                            Q_srl__parameterized3_62 |         29 |         29 |       0 |     0 |    53 |      0 |      0 |    0 |          0 |
|     GenericPartition_2_StreamingFIFO_rtl_57                |               finn_design_GenericPartition_2_StreamingFIFO_rtl_57_0 |         18 |         18 |       0 |     0 |    29 |      0 |      0 |    0 |          0 |
|       inst                                                 |                                                StreamingFIFO_rtl_50 |         18 |         18 |       0 |     0 |    29 |      0 |      0 |    0 |          0 |
|         impl                                               |                                                            Q_srl_61 |         18 |         18 |       0 |     0 |    29 |      0 |      0 |    0 |          0 |
|     GenericPartition_2_StreamingFIFO_rtl_58                |               finn_design_GenericPartition_2_StreamingFIFO_rtl_58_0 |         11 |         11 |       0 |     0 |    13 |      0 |      0 |    0 |          0 |
|       inst                                                 |                                                StreamingFIFO_rtl_51 |         11 |         11 |       0 |     0 |    13 |      0 |      0 |    0 |          0 |
|         impl                                               |                                            Q_srl__parameterized0_60 |         11 |         11 |       0 |     0 |    13 |      0 |      0 |    0 |          0 |
|     GenericPartition_2_StreamingFIFO_rtl_59                |               finn_design_GenericPartition_2_StreamingFIFO_rtl_59_0 |        124 |         60 |       0 |    64 |    44 |      0 |      0 |    0 |          0 |
|       inst                                                 |                                                StreamingFIFO_rtl_52 |        124 |         60 |       0 |    64 |    44 |      0 |      0 |    0 |          0 |
|         impl                                               |                                              Q_srl__parameterized18 |        124 |         60 |       0 |    64 |    44 |      0 |      0 |    0 |          0 |
|     GenericPartition_2_StreamingFIFO_rtl_6                 |                   GenericPartition_2_StreamingFIFO_rtl_6_imp_FITP2Y |         85 |         85 |       0 |     0 |    67 |      1 |      0 |    0 |          0 |
|       fifo                                                 |                                                  finn_design_fifo_0 |         85 |         85 |       0 |     0 |    67 |      1 |      0 |    0 |          0 |
|         inst                                               |                                           axis_data_fifo_v2_0_9_top |         85 |         85 |       0 |     0 |    67 |      1 |      0 |    0 |          0 |
|     GenericPartition_2_StreamingFIFO_rtl_60                |               finn_design_GenericPartition_2_StreamingFIFO_rtl_60_0 |         39 |         39 |       0 |     0 |    69 |      0 |      0 |    0 |          0 |
|       inst                                                 |                                                StreamingFIFO_rtl_53 |         39 |         39 |       0 |     0 |    69 |      0 |      0 |    0 |          0 |
|         impl                                               |                                            Q_srl__parameterized5_55 |         39 |         39 |       0 |     0 |    69 |      0 |      0 |    0 |          0 |
|     GenericPartition_2_StreamingFIFO_rtl_61                |               finn_design_GenericPartition_2_StreamingFIFO_rtl_61_0 |       2671 |        367 |       0 |  2304 |   402 |      0 |      0 |    0 |          0 |
|       inst                                                 |                             GenericPartition_2_StreamingFIFO_rtl_61 |       2671 |        367 |       0 |  2304 |   402 |      0 |      0 |    0 |          0 |
|         impl                                               |                                              Q_srl__parameterized19 |       2671 |        367 |       0 |  2304 |   402 |      0 |      0 |    0 |          0 |
|     GenericPartition_2_StreamingFIFO_rtl_62                |               finn_design_GenericPartition_2_StreamingFIFO_rtl_62_0 |       1494 |        342 |       0 |  1152 |   322 |      0 |      0 |    0 |          0 |
|       inst                                                 |                             GenericPartition_2_StreamingFIFO_rtl_62 |       1494 |        342 |       0 |  1152 |   322 |      0 |      0 |    0 |          0 |
|         impl                                               |                                              Q_srl__parameterized20 |       1494 |        342 |       0 |  1152 |   322 |      0 |      0 |    0 |          0 |
|     GenericPartition_2_StreamingFIFO_rtl_63                |                  GenericPartition_2_StreamingFIFO_rtl_63_imp_K70CYT |         71 |         71 |       0 |     0 |    59 |      2 |      0 |    0 |          0 |
|       fifo                                                 |                                                  finn_design_fifo_4 |         71 |         71 |       0 |     0 |    59 |      2 |      0 |    0 |          0 |
|         inst                                               |                           axis_data_fifo_v2_0_9_top__parameterized3 |         71 |         71 |       0 |     0 |    59 |      2 |      0 |    0 |          0 |
|     GenericPartition_2_StreamingFIFO_rtl_64                |               finn_design_GenericPartition_2_StreamingFIFO_rtl_64_0 |        133 |         93 |       0 |    40 |    82 |      0 |      0 |    0 |          0 |
|       inst                                                 |                             GenericPartition_2_StreamingFIFO_rtl_64 |        133 |         93 |       0 |    40 |    82 |      0 |      0 |    0 |          0 |
|         impl                                               |                                              Q_srl__parameterized21 |        133 |         93 |       0 |    40 |    82 |      0 |      0 |    0 |          0 |
|     GenericPartition_2_StreamingFIFO_rtl_65                |               finn_design_GenericPartition_2_StreamingFIFO_rtl_65_0 |         55 |         55 |       0 |     0 |   101 |      0 |      0 |    0 |          0 |
|       inst                                                 |                                                StreamingFIFO_rtl_56 |         55 |         55 |       0 |     0 |   101 |      0 |      0 |    0 |          0 |
|         impl                                               |                                            Q_srl__parameterized9_48 |         55 |         55 |       0 |     0 |   101 |      0 |      0 |    0 |          0 |
|     GenericPartition_2_StreamingFIFO_rtl_66                |               finn_design_GenericPartition_2_StreamingFIFO_rtl_66_0 |         20 |         20 |       0 |     0 |    29 |      0 |      0 |    0 |          0 |
|       inst                                                 |                                                StreamingFIFO_rtl_57 |         20 |         20 |       0 |     0 |    29 |      0 |      0 |    0 |          0 |
|         impl                                               |                                                            Q_srl_47 |         20 |         20 |       0 |     0 |    29 |      0 |      0 |    0 |          0 |
|     GenericPartition_2_StreamingFIFO_rtl_67                |               finn_design_GenericPartition_2_StreamingFIFO_rtl_67_0 |         11 |         11 |       0 |     0 |    13 |      0 |      0 |    0 |          0 |
|       inst                                                 |                                                StreamingFIFO_rtl_58 |         11 |         11 |       0 |     0 |    13 |      0 |      0 |    0 |          0 |
|         impl                                               |                                            Q_srl__parameterized0_46 |         11 |         11 |       0 |     0 |    13 |      0 |      0 |    0 |          0 |
|     GenericPartition_2_StreamingFIFO_rtl_68                |                  GenericPartition_2_StreamingFIFO_rtl_68_imp_FWWHIJ |         68 |         68 |       0 |     0 |    55 |      0 |      1 |    0 |          0 |
|       fifo                                                 |                                                  finn_design_fifo_5 |         68 |         68 |       0 |     0 |    55 |      0 |      1 |    0 |          0 |
|         inst                                               |                axis_data_fifo_v2_0_9_top__parameterized4__xdcDup__1 |         68 |         68 |       0 |     0 |    55 |      0 |      1 |    0 |          0 |
|     GenericPartition_2_StreamingFIFO_rtl_69                |               finn_design_GenericPartition_2_StreamingFIFO_rtl_69_0 |        182 |         54 |       0 |   128 |    30 |      0 |      0 |    0 |          0 |
|       inst                                                 |                             GenericPartition_2_StreamingFIFO_rtl_69 |        182 |         54 |       0 |   128 |    30 |      0 |      0 |    0 |          0 |
|         impl                                               |                                              Q_srl__parameterized14 |        182 |         54 |       0 |   128 |    30 |      0 |      0 |    0 |          0 |
|     GenericPartition_2_StreamingFIFO_rtl_7                 |                finn_design_GenericPartition_2_StreamingFIFO_rtl_7_0 |         97 |         49 |       0 |    48 |    22 |      0 |      0 |    0 |          0 |
|       inst                                                 |                              GenericPartition_2_StreamingFIFO_rtl_7 |         97 |         49 |       0 |    48 |    22 |      0 |      0 |    0 |          0 |
|         impl                                               |                                               Q_srl__parameterized2 |         97 |         49 |       0 |    48 |    22 |      0 |      0 |    0 |          0 |
|     GenericPartition_2_StreamingFIFO_rtl_70                |               finn_design_GenericPartition_2_StreamingFIFO_rtl_70_0 |         43 |         35 |       0 |     8 |    26 |      0 |      0 |    0 |          0 |
|       inst                                                 |                             GenericPartition_2_StreamingFIFO_rtl_70 |         43 |         35 |       0 |     8 |    26 |      0 |      0 |    0 |          0 |
|         impl                                               |                                              Q_srl__parameterized22 |         43 |         35 |       0 |     8 |    26 |      0 |      0 |    0 |          0 |
|     GenericPartition_2_StreamingFIFO_rtl_71                |               finn_design_GenericPartition_2_StreamingFIFO_rtl_71_0 |         25 |         25 |       0 |     0 |    45 |      0 |      0 |    0 |          0 |
|       inst                                                 |                                                StreamingFIFO_rtl_60 |         25 |         25 |       0 |     0 |    45 |      0 |      0 |    0 |          0 |
|         impl                                               |                                            Q_srl__parameterized3_39 |         25 |         25 |       0 |     0 |    45 |      0 |      0 |    0 |          0 |
|     GenericPartition_2_StreamingFIFO_rtl_72                |               finn_design_GenericPartition_2_StreamingFIFO_rtl_72_0 |         16 |         16 |       0 |     0 |    25 |      0 |      0 |    0 |          0 |
|       inst                                                 |                                                StreamingFIFO_rtl_61 |         16 |         16 |       0 |     0 |    25 |      0 |      0 |    0 |          0 |
|         impl                                               |                                                            Q_srl_38 |         16 |         16 |       0 |     0 |    25 |      0 |      0 |    0 |          0 |
|     GenericPartition_2_StreamingFIFO_rtl_73                |               finn_design_GenericPartition_2_StreamingFIFO_rtl_73_0 |         13 |         13 |       0 |     0 |    21 |      0 |      0 |    0 |          0 |
|       inst                                                 |                                                StreamingFIFO_rtl_62 |         13 |         13 |       0 |     0 |    21 |      0 |      0 |    0 |          0 |
|         impl                                               |                                            Q_srl__parameterized0_37 |         13 |         13 |       0 |     0 |    21 |      0 |      0 |    0 |          0 |
|     GenericPartition_2_StreamingFIFO_rtl_74                |               finn_design_GenericPartition_2_StreamingFIFO_rtl_74_0 |         15 |         15 |       0 |     0 |    23 |      0 |      0 |    0 |          0 |
|       inst                                                 |                                                StreamingFIFO_rtl_63 |         15 |         15 |       0 |     0 |    23 |      0 |      0 |    0 |          0 |
|         impl                                               |                                                            Q_srl_36 |         15 |         15 |       0 |     0 |    23 |      0 |      0 |    0 |          0 |
|     GenericPartition_2_StreamingFIFO_rtl_75                |               finn_design_GenericPartition_2_StreamingFIFO_rtl_75_0 |         14 |         14 |       0 |     0 |    21 |      0 |      0 |    0 |          0 |
|       inst                                                 |                                                StreamingFIFO_rtl_64 |         14 |         14 |       0 |     0 |    21 |      0 |      0 |    0 |          0 |
|         impl                                               |                                            Q_srl__parameterized0_35 |         14 |         14 |       0 |     0 |    21 |      0 |      0 |    0 |          0 |
|     GenericPartition_2_StreamingFIFO_rtl_76                |               finn_design_GenericPartition_2_StreamingFIFO_rtl_76_0 |          9 |          9 |       0 |     0 |    13 |      0 |      0 |    0 |          0 |
|       inst                                                 |                                                StreamingFIFO_rtl_65 |          9 |          9 |       0 |     0 |    13 |      0 |      0 |    0 |          0 |
|         impl                                               |                                            Q_srl__parameterized0_34 |          9 |          9 |       0 |     0 |    13 |      0 |      0 |    0 |          0 |
|     GenericPartition_2_StreamingFIFO_rtl_77                |               finn_design_GenericPartition_2_StreamingFIFO_rtl_77_0 |         10 |         10 |       0 |     0 |    13 |      0 |      0 |    0 |          0 |
|       inst                                                 |                                                StreamingFIFO_rtl_66 |         10 |         10 |       0 |     0 |    13 |      0 |      0 |    0 |          0 |
|         impl                                               |                                            Q_srl__parameterized0_33 |         10 |         10 |       0 |     0 |    13 |      0 |      0 |    0 |          0 |
|     GenericPartition_2_StreamingFIFO_rtl_78                |               finn_design_GenericPartition_2_StreamingFIFO_rtl_78_0 |          9 |          9 |       0 |     0 |    13 |      0 |      0 |    0 |          0 |
|       inst                                                 |                                                StreamingFIFO_rtl_67 |          9 |          9 |       0 |     0 |    13 |      0 |      0 |    0 |          0 |
|         impl                                               |                                            Q_srl__parameterized0_32 |          9 |          9 |       0 |     0 |    13 |      0 |      0 |    0 |          0 |
|     GenericPartition_2_StreamingFIFO_rtl_79                |               finn_design_GenericPartition_2_StreamingFIFO_rtl_79_0 |         69 |         69 |       0 |     0 |   133 |      0 |      0 |    0 |          0 |
|       inst                                                 |                                                StreamingFIFO_rtl_68 |         69 |         69 |       0 |     0 |   133 |      0 |      0 |    0 |          0 |
|         impl                                               |                                               Q_srl__parameterized1 |         69 |         69 |       0 |     0 |   133 |      0 |      0 |    0 |          0 |
|     GenericPartition_2_StreamingFIFO_rtl_8                 |                finn_design_GenericPartition_2_StreamingFIFO_rtl_8_0 |         27 |         27 |       0 |     0 |    49 |      0 |      0 |    0 |          0 |
|       inst                                                 |                                                 StreamingFIFO_rtl_7 |         27 |         27 |       0 |     0 |    49 |      0 |      0 |    0 |          0 |
|         impl                                               |                                            Q_srl__parameterized3_31 |         27 |         27 |       0 |     0 |    49 |      0 |      0 |    0 |          0 |
|     GenericPartition_2_StreamingFIFO_rtl_80                |                 GenericPartition_2_StreamingFIFO_rtl_80_imp_1IUO5B9 |         82 |         82 |       0 |     0 |    79 |      8 |      0 |    0 |          0 |
|       fifo                                                 |                                                  finn_design_fifo_6 |         82 |         82 |       0 |     0 |    79 |      8 |      0 |    0 |          0 |
|         inst                                               |                           axis_data_fifo_v2_0_9_top__parameterized5 |         82 |         82 |       0 |     0 |    79 |      8 |      0 |    0 |          0 |
|     GenericPartition_2_StreamingFIFO_rtl_81                |                  GenericPartition_2_StreamingFIFO_rtl_81_imp_Q3SM8A |         67 |         67 |       0 |     0 |    55 |      0 |      1 |    0 |          0 |
|       fifo                                                 |                                                  finn_design_fifo_7 |         67 |         67 |       0 |     0 |    55 |      0 |      1 |    0 |          0 |
|         inst                                               |                           axis_data_fifo_v2_0_9_top__parameterized6 |         67 |         67 |       0 |     0 |    55 |      0 |      1 |    0 |          0 |
|     GenericPartition_2_StreamingFIFO_rtl_82                |               finn_design_GenericPartition_2_StreamingFIFO_rtl_82_0 |         70 |         38 |       0 |    32 |    21 |      0 |      0 |    0 |          0 |
|       inst                                                 |                             GenericPartition_2_StreamingFIFO_rtl_82 |         70 |         38 |       0 |    32 |    21 |      0 |      0 |    0 |          0 |
|         impl                                               |                                              Q_srl__parameterized17 |         70 |         38 |       0 |    32 |    21 |      0 |      0 |    0 |          0 |
|     GenericPartition_2_StreamingFIFO_rtl_83                |               finn_design_GenericPartition_2_StreamingFIFO_rtl_83_0 |         27 |         27 |       0 |     0 |    49 |      0 |      0 |    0 |          0 |
|       inst                                                 |                                                StreamingFIFO_rtl_70 |         27 |         27 |       0 |     0 |    49 |      0 |      0 |    0 |          0 |
|         impl                                               |                                            Q_srl__parameterized3_20 |         27 |         27 |       0 |     0 |    49 |      0 |      0 |    0 |          0 |
|     GenericPartition_2_StreamingFIFO_rtl_84                |               finn_design_GenericPartition_2_StreamingFIFO_rtl_84_0 |         17 |         17 |       0 |     0 |    27 |      0 |      0 |    0 |          0 |
|       inst                                                 |                                                StreamingFIFO_rtl_71 |         17 |         17 |       0 |     0 |    27 |      0 |      0 |    0 |          0 |
|         impl                                               |                                                            Q_srl_19 |         17 |         17 |       0 |     0 |    27 |      0 |      0 |    0 |          0 |
|     GenericPartition_2_StreamingFIFO_rtl_85                |               finn_design_GenericPartition_2_StreamingFIFO_rtl_85_0 |         11 |         11 |       0 |     0 |    13 |      0 |      0 |    0 |          0 |
|       inst                                                 |                                                StreamingFIFO_rtl_72 |         11 |         11 |       0 |     0 |    13 |      0 |      0 |    0 |          0 |
|         impl                                               |                                            Q_srl__parameterized0_18 |         11 |         11 |       0 |     0 |    13 |      0 |      0 |    0 |          0 |
|     GenericPartition_2_StreamingFIFO_rtl_86                |               finn_design_GenericPartition_2_StreamingFIFO_rtl_86_0 |        190 |         94 |       0 |    96 |    45 |      0 |      0 |    0 |          0 |
|       inst                                                 |                                                StreamingFIFO_rtl_73 |        190 |         94 |       0 |    96 |    45 |      0 |      0 |    0 |          0 |
|         impl                                               |                                              Q_srl__parameterized23 |        190 |         94 |       0 |    96 |    45 |      0 |      0 |    0 |          0 |
|     GenericPartition_2_StreamingFIFO_rtl_87                |               finn_design_GenericPartition_2_StreamingFIFO_rtl_87_0 |         39 |         39 |       0 |     0 |    69 |      0 |      0 |    0 |          0 |
|       inst                                                 |                                                StreamingFIFO_rtl_74 |         39 |         39 |       0 |     0 |    69 |      0 |      0 |    0 |          0 |
|         impl                                               |                                               Q_srl__parameterized5 |         39 |         39 |       0 |     0 |    69 |      0 |      0 |    0 |          0 |
|     GenericPartition_2_StreamingFIFO_rtl_88                |                 GenericPartition_2_StreamingFIFO_rtl_88_imp_1IB61I3 |         68 |         68 |       0 |     0 |    55 |      4 |      0 |    0 |          0 |
|       fifo                                                 |                                                  finn_design_fifo_8 |         68 |         68 |       0 |     0 |    55 |      4 |      0 |    0 |          0 |
|         inst                                               |                           axis_data_fifo_v2_0_9_top__parameterized7 |         68 |         68 |       0 |     0 |    55 |      4 |      0 |    0 |          0 |
|     GenericPartition_2_StreamingFIFO_rtl_89                |               finn_design_GenericPartition_2_StreamingFIFO_rtl_89_0 |       2085 |        645 |       0 |  1440 |   339 |      0 |      0 |    0 |          0 |
|       inst                                                 |                             GenericPartition_2_StreamingFIFO_rtl_89 |       2085 |        645 |       0 |  1440 |   339 |      0 |      0 |    0 |          0 |
|         impl                                               |                                              Q_srl__parameterized24 |       2085 |        645 |       0 |  1440 |   339 |      0 |      0 |    0 |          0 |
|     GenericPartition_2_StreamingFIFO_rtl_9                 |                finn_design_GenericPartition_2_StreamingFIFO_rtl_9_0 |         17 |         17 |       0 |     0 |    27 |      0 |      0 |    0 |          0 |
|       inst                                                 |                                                 StreamingFIFO_rtl_8 |         17 |         17 |       0 |     0 |    27 |      0 |      0 |    0 |          0 |
|         impl                                               |                                                            Q_srl_11 |         17 |         17 |       0 |     0 |    27 |      0 |      0 |    0 |          0 |
|     GenericPartition_2_StreamingFIFO_rtl_90                |                  GenericPartition_2_StreamingFIFO_rtl_90_imp_6P8BXC |         83 |         83 |       0 |     0 |    63 |      4 |      0 |    0 |          0 |
|       fifo                                                 |                                                  finn_design_fifo_9 |         83 |         83 |       0 |     0 |    63 |      4 |      0 |    0 |          0 |
|         inst                                               |                           axis_data_fifo_v2_0_9_top__parameterized8 |         83 |         83 |       0 |     0 |    63 |      4 |      0 |    0 |          0 |
|     GenericPartition_2_StreamingFIFO_rtl_91                |               finn_design_GenericPartition_2_StreamingFIFO_rtl_91_0 |        169 |         97 |       0 |    72 |    83 |      0 |      0 |    0 |          0 |
|       inst                                                 |                             GenericPartition_2_StreamingFIFO_rtl_91 |        169 |         97 |       0 |    72 |    83 |      0 |      0 |    0 |          0 |
|         impl                                               |                                              Q_srl__parameterized25 |        169 |         97 |       0 |    72 |    83 |      0 |      0 |    0 |          0 |
|     GenericPartition_2_StreamingFIFO_rtl_92                |               finn_design_GenericPartition_2_StreamingFIFO_rtl_92_0 |         55 |         55 |       0 |     0 |   101 |      0 |      0 |    0 |          0 |
|       inst                                                 |                                                StreamingFIFO_rtl_77 |         55 |         55 |       0 |     0 |   101 |      0 |      0 |    0 |          0 |
|         impl                                               |                                               Q_srl__parameterized9 |         55 |         55 |       0 |     0 |   101 |      0 |      0 |    0 |          0 |
|     GenericPartition_2_StreamingFIFO_rtl_93                |               finn_design_GenericPartition_2_StreamingFIFO_rtl_93_0 |         20 |         20 |       0 |     0 |    29 |      0 |      0 |    0 |          0 |
|       inst                                                 |                                                StreamingFIFO_rtl_78 |         20 |         20 |       0 |     0 |    29 |      0 |      0 |    0 |          0 |
|         impl                                               |                                                             Q_srl_6 |         20 |         20 |       0 |     0 |    29 |      0 |      0 |    0 |          0 |
|     GenericPartition_2_StreamingFIFO_rtl_94                |               finn_design_GenericPartition_2_StreamingFIFO_rtl_94_0 |         10 |         10 |       0 |     0 |    13 |      0 |      0 |    0 |          0 |
|       inst                                                 |                                                StreamingFIFO_rtl_79 |         10 |         10 |       0 |     0 |    13 |      0 |      0 |    0 |          0 |
|         impl                                               |                                               Q_srl__parameterized0 |         10 |         10 |       0 |     0 |    13 |      0 |      0 |    0 |          0 |
|     GenericPartition_2_StreamingFIFO_rtl_95                |                  GenericPartition_2_StreamingFIFO_rtl_95_imp_ZNQW6O |         71 |         71 |       0 |     0 |    59 |      0 |      1 |    0 |          0 |
|       fifo                                                 |                                                 finn_design_fifo_10 |         71 |         71 |       0 |     0 |    59 |      0 |      1 |    0 |          0 |
|         inst                                               |                           axis_data_fifo_v2_0_9_top__parameterized9 |         71 |         71 |       0 |     0 |    59 |      0 |      1 |    0 |          0 |
|     GenericPartition_2_StreamingFIFO_rtl_96                |                 GenericPartition_2_StreamingFIFO_rtl_96_imp_1WKAU0W |         66 |         66 |       0 |     0 |    55 |      0 |      1 |    0 |          0 |
|       fifo                                                 |                                                 finn_design_fifo_11 |         66 |         66 |       0 |     0 |    55 |      0 |      1 |    0 |          0 |
|         inst                                               |                           axis_data_fifo_v2_0_9_top__parameterized4 |         66 |         66 |       0 |     0 |    55 |      0 |      1 |    0 |          0 |
|     GenericPartition_2_StreamingFIFO_rtl_97                |               finn_design_GenericPartition_2_StreamingFIFO_rtl_97_0 |         54 |         38 |       0 |    16 |    27 |      0 |      0 |    0 |          0 |
|       inst                                                 |                             GenericPartition_2_StreamingFIFO_rtl_97 |         54 |         38 |       0 |    16 |    27 |      0 |      0 |    0 |          0 |
|         impl                                               |                                              Q_srl__parameterized26 |         54 |         38 |       0 |    16 |    27 |      0 |      0 |    0 |          0 |
|     GenericPartition_2_StreamingFIFO_rtl_98                |               finn_design_GenericPartition_2_StreamingFIFO_rtl_98_0 |         25 |         25 |       0 |     0 |    45 |      0 |      0 |    0 |          0 |
|       inst                                                 |                                                StreamingFIFO_rtl_81 |         25 |         25 |       0 |     0 |    45 |      0 |      0 |    0 |          0 |
|         impl                                               |                                               Q_srl__parameterized3 |         25 |         25 |       0 |     0 |    45 |      0 |      0 |    0 |          0 |
|     GenericPartition_2_StreamingFIFO_rtl_99                |               finn_design_GenericPartition_2_StreamingFIFO_rtl_99_0 |         16 |         16 |       0 |     0 |    25 |      0 |      0 |    0 |          0 |
|       inst                                                 |                                                StreamingFIFO_rtl_82 |         16 |         16 |       0 |     0 |    25 |      0 |      0 |    0 |          0 |
|         impl                                               |                                                               Q_srl |         16 |         16 |       0 |     0 |    25 |      0 |      0 |    0 |          0 |
|     GenericPartition_2_Thresholding_rtl_0                  |                 finn_design_GenericPartition_2_Thresholding_rtl_0_0 |         84 |         70 |       0 |    14 |   295 |      0 |      0 |    0 |          0 |
|       inst                                                 |                                      Thresholding_rtl_0_axi_wrapper |         84 |         70 |       0 |    14 |   295 |      0 |      0 |    0 |          0 |
|         core                                               |                                                    thresholding_axi |         84 |         70 |       0 |    14 |   295 |      0 |      0 |    0 |          0 |
|     GenericPartition_2_Thresholding_rtl_1                  |                 finn_design_GenericPartition_2_Thresholding_rtl_1_0 |         43 |         36 |       0 |     7 |    88 |      0 |      0 |    0 |          0 |
|       inst                                                 |                                      Thresholding_rtl_1_axi_wrapper |         43 |         36 |       0 |     7 |    88 |      0 |      0 |    0 |          0 |
|         core                                               |                                    thresholding_axi__parameterized0 |         43 |         36 |       0 |     7 |    88 |      0 |      0 |    0 |          0 |
|     GenericPartition_2_Thresholding_rtl_10                 |                finn_design_GenericPartition_2_Thresholding_rtl_10_0 |         65 |         60 |       0 |     5 |   179 |      0 |      0 |    0 |          0 |
|       inst                                                 |                                     Thresholding_rtl_10_axi_wrapper |         65 |         60 |       0 |     5 |   179 |      0 |      0 |    0 |          0 |
|         core                                               |                                    thresholding_axi__parameterized1 |         65 |         60 |       0 |     5 |   179 |      0 |      0 |    0 |          0 |
|     GenericPartition_2_Thresholding_rtl_11                 |                finn_design_GenericPartition_2_Thresholding_rtl_11_0 |         70 |         61 |       0 |     9 |   327 |      2 |      5 |    0 |          0 |
|       inst                                                 |                                     Thresholding_rtl_11_axi_wrapper |         70 |         61 |       0 |     9 |   327 |      2 |      5 |    0 |          0 |
|         core                                               |                                    thresholding_axi__parameterized2 |         70 |         61 |       0 |     9 |   327 |      2 |      5 |    0 |          0 |
|     GenericPartition_2_Thresholding_rtl_12                 |                finn_design_GenericPartition_2_Thresholding_rtl_12_0 |         85 |         71 |       0 |    14 |   295 |      2 |      2 |    0 |          0 |
|       inst                                                 |                                     Thresholding_rtl_12_axi_wrapper |         85 |         71 |       0 |    14 |   295 |      2 |      2 |    0 |          0 |
|         core                                               |                                    thresholding_axi__parameterized3 |         85 |         71 |       0 |    14 |   295 |      2 |      2 |    0 |          0 |
|     GenericPartition_2_Thresholding_rtl_13                 |                finn_design_GenericPartition_2_Thresholding_rtl_13_0 |         43 |         36 |       0 |     7 |    88 |      0 |      0 |    0 |          0 |
|       inst                                                 |                                     Thresholding_rtl_13_axi_wrapper |         43 |         36 |       0 |     7 |    88 |      0 |      0 |    0 |          0 |
|         core                                               |                                    thresholding_axi__parameterized4 |         43 |         36 |       0 |     7 |    88 |      0 |      0 |    0 |          0 |
|     GenericPartition_2_Thresholding_rtl_14                 |                finn_design_GenericPartition_2_Thresholding_rtl_14_0 |         48 |         31 |       0 |    17 |   168 |      0 |      5 |    0 |          0 |
|       inst                                                 |                                     Thresholding_rtl_14_axi_wrapper |         48 |         31 |       0 |    17 |   168 |      0 |      5 |    0 |          0 |
|         core                                               |                                    thresholding_axi__parameterized5 |         48 |         31 |       0 |    17 |   168 |      0 |      5 |    0 |          0 |
|     GenericPartition_2_Thresholding_rtl_15                 |                finn_design_GenericPartition_2_Thresholding_rtl_15_0 |         70 |         65 |       0 |     5 |   190 |      0 |      0 |    0 |          0 |
|       inst                                                 |                                     Thresholding_rtl_15_axi_wrapper |         70 |         65 |       0 |     5 |   190 |      0 |      0 |    0 |          0 |
|         core                                               |                                    thresholding_axi__parameterized6 |         70 |         65 |       0 |     5 |   190 |      0 |      0 |    0 |          0 |
|     GenericPartition_2_Thresholding_rtl_16                 |                finn_design_GenericPartition_2_Thresholding_rtl_16_0 |         69 |         64 |       0 |     5 |   190 |      0 |      0 |    0 |          0 |
|       inst                                                 |                                     Thresholding_rtl_16_axi_wrapper |         69 |         64 |       0 |     5 |   190 |      0 |      0 |    0 |          0 |
|         core                                               |                                    thresholding_axi__parameterized7 |         69 |         64 |       0 |     5 |   190 |      0 |      0 |    0 |          0 |
|     GenericPartition_2_Thresholding_rtl_17                 |                finn_design_GenericPartition_2_Thresholding_rtl_17_0 |         70 |         61 |       0 |     9 |   327 |      2 |      5 |    0 |          0 |
|       inst                                                 |                                     Thresholding_rtl_17_axi_wrapper |         70 |         61 |       0 |     9 |   327 |      2 |      5 |    0 |          0 |
|         core                                               |                                    thresholding_axi__parameterized8 |         70 |         61 |       0 |     9 |   327 |      2 |      5 |    0 |          0 |
|     GenericPartition_2_Thresholding_rtl_18                 |                finn_design_GenericPartition_2_Thresholding_rtl_18_0 |         85 |         71 |       0 |    14 |   295 |      2 |      2 |    0 |          0 |
|       inst                                                 |                                     Thresholding_rtl_18_axi_wrapper |         85 |         71 |       0 |    14 |   295 |      2 |      2 |    0 |          0 |
|         core                                               |                                    thresholding_axi__parameterized9 |         85 |         71 |       0 |    14 |   295 |      2 |      2 |    0 |          0 |
|     GenericPartition_2_Thresholding_rtl_19                 |                finn_design_GenericPartition_2_Thresholding_rtl_19_0 |         43 |         36 |       0 |     7 |    88 |      0 |      0 |    0 |          0 |
|       inst                                                 |                                     Thresholding_rtl_19_axi_wrapper |         43 |         36 |       0 |     7 |    88 |      0 |      0 |    0 |          0 |
|         core                                               |                                   thresholding_axi__parameterized10 |         43 |         36 |       0 |     7 |    88 |      0 |      0 |    0 |          0 |
|     GenericPartition_2_Thresholding_rtl_2                  |                 finn_design_GenericPartition_2_Thresholding_rtl_2_0 |         48 |         31 |       0 |    17 |   183 |      0 |      5 |    0 |          0 |
|       inst                                                 |                                      Thresholding_rtl_2_axi_wrapper |         48 |         31 |       0 |    17 |   183 |      0 |      5 |    0 |          0 |
|         core                                               |                                   thresholding_axi__parameterized11 |         48 |         31 |       0 |    17 |   183 |      0 |      5 |    0 |          0 |
|     GenericPartition_2_Thresholding_rtl_20                 |                finn_design_GenericPartition_2_Thresholding_rtl_20_0 |         48 |         31 |       0 |    17 |   168 |      0 |      5 |    0 |          0 |
|       inst                                                 |                                     Thresholding_rtl_20_axi_wrapper |         48 |         31 |       0 |    17 |   168 |      0 |      5 |    0 |          0 |
|         core                                               |                                   thresholding_axi__parameterized12 |         48 |         31 |       0 |    17 |   168 |      0 |      5 |    0 |          0 |
|     GenericPartition_2_Thresholding_rtl_21                 |                finn_design_GenericPartition_2_Thresholding_rtl_21_0 |         66 |         61 |       0 |     5 |   179 |      0 |      0 |    0 |          0 |
|       inst                                                 |                                     Thresholding_rtl_21_axi_wrapper |         66 |         61 |       0 |     5 |   179 |      0 |      0 |    0 |          0 |
|         core                                               |                                   thresholding_axi__parameterized13 |         66 |         61 |       0 |     5 |   179 |      0 |      0 |    0 |          0 |
|     GenericPartition_2_Thresholding_rtl_22                 |                finn_design_GenericPartition_2_Thresholding_rtl_22_0 |         66 |         61 |       0 |     5 |   190 |      0 |      0 |    0 |          0 |
|       inst                                                 |                                     Thresholding_rtl_22_axi_wrapper |         66 |         61 |       0 |     5 |   190 |      0 |      0 |    0 |          0 |
|         core                                               |                                   thresholding_axi__parameterized14 |         66 |         61 |       0 |     5 |   190 |      0 |      0 |    0 |          0 |
|     GenericPartition_2_Thresholding_rtl_23                 |                finn_design_GenericPartition_2_Thresholding_rtl_23_0 |         70 |         61 |       0 |     9 |   327 |      2 |      5 |    0 |          0 |
|       inst                                                 |                                     Thresholding_rtl_23_axi_wrapper |         70 |         61 |       0 |     9 |   327 |      2 |      5 |    0 |          0 |
|         core                                               |                                   thresholding_axi__parameterized15 |         70 |         61 |       0 |     9 |   327 |      2 |      5 |    0 |          0 |
|     GenericPartition_2_Thresholding_rtl_24                 |                finn_design_GenericPartition_2_Thresholding_rtl_24_0 |         85 |         71 |       0 |    14 |   295 |      2 |      2 |    0 |          0 |
|       inst                                                 |                                     Thresholding_rtl_24_axi_wrapper |         85 |         71 |       0 |    14 |   295 |      2 |      2 |    0 |          0 |
|         core                                               |                                   thresholding_axi__parameterized16 |         85 |         71 |       0 |    14 |   295 |      2 |      2 |    0 |          0 |
|     GenericPartition_2_Thresholding_rtl_25                 |                finn_design_GenericPartition_2_Thresholding_rtl_25_0 |         43 |         36 |       0 |     7 |    88 |      0 |      0 |    0 |          0 |
|       inst                                                 |                                     Thresholding_rtl_25_axi_wrapper |         43 |         36 |       0 |     7 |    88 |      0 |      0 |    0 |          0 |
|         core                                               |                                   thresholding_axi__parameterized17 |         43 |         36 |       0 |     7 |    88 |      0 |      0 |    0 |          0 |
|     GenericPartition_2_Thresholding_rtl_26                 |                finn_design_GenericPartition_2_Thresholding_rtl_26_0 |         48 |         31 |       0 |    17 |   168 |      0 |      0 |    0 |          0 |
|       inst                                                 |                                     Thresholding_rtl_26_axi_wrapper |         48 |         31 |       0 |    17 |   168 |      0 |      0 |    0 |          0 |
|         core                                               |                                   thresholding_axi__parameterized18 |         48 |         31 |       0 |    17 |   168 |      0 |      0 |    0 |          0 |
|     GenericPartition_2_Thresholding_rtl_27                 |                finn_design_GenericPartition_2_Thresholding_rtl_27_0 |         68 |         63 |       0 |     5 |   190 |      0 |      0 |    0 |          0 |
|       inst                                                 |                                     Thresholding_rtl_27_axi_wrapper |         68 |         63 |       0 |     5 |   190 |      0 |      0 |    0 |          0 |
|         core                                               |                                   thresholding_axi__parameterized19 |         68 |         63 |       0 |     5 |   190 |      0 |      0 |    0 |          0 |
|     GenericPartition_2_Thresholding_rtl_28                 |                finn_design_GenericPartition_2_Thresholding_rtl_28_0 |         66 |         61 |       0 |     5 |   190 |      0 |      0 |    0 |          0 |
|       inst                                                 |                                     Thresholding_rtl_28_axi_wrapper |         66 |         61 |       0 |     5 |   190 |      0 |      0 |    0 |          0 |
|         core                                               |                                   thresholding_axi__parameterized20 |         66 |         61 |       0 |     5 |   190 |      0 |      0 |    0 |          0 |
|     GenericPartition_2_Thresholding_rtl_29                 |                finn_design_GenericPartition_2_Thresholding_rtl_29_0 |         70 |         61 |       0 |     9 |   327 |      2 |      5 |    0 |          0 |
|       inst                                                 |                                     Thresholding_rtl_29_axi_wrapper |         70 |         61 |       0 |     9 |   327 |      2 |      5 |    0 |          0 |
|         core                                               |                                   thresholding_axi__parameterized21 |         70 |         61 |       0 |     9 |   327 |      2 |      5 |    0 |          0 |
|     GenericPartition_2_Thresholding_rtl_3                  |                 finn_design_GenericPartition_2_Thresholding_rtl_3_0 |         66 |         61 |       0 |     5 |   177 |      0 |      0 |    0 |          0 |
|       inst                                                 |                                      Thresholding_rtl_3_axi_wrapper |         66 |         61 |       0 |     5 |   177 |      0 |      0 |    0 |          0 |
|         core                                               |                                   thresholding_axi__parameterized22 |         66 |         61 |       0 |     5 |   177 |      0 |      0 |    0 |          0 |
|     GenericPartition_2_Thresholding_rtl_4                  |                 finn_design_GenericPartition_2_Thresholding_rtl_4_0 |         63 |         58 |       0 |     5 |   190 |      0 |      0 |    0 |          0 |
|       inst                                                 |                                      Thresholding_rtl_4_axi_wrapper |         63 |         58 |       0 |     5 |   190 |      0 |      0 |    0 |          0 |
|         core                                               |                                   thresholding_axi__parameterized23 |         63 |         58 |       0 |     5 |   190 |      0 |      0 |    0 |          0 |
|     GenericPartition_2_Thresholding_rtl_5                  |                 finn_design_GenericPartition_2_Thresholding_rtl_5_0 |         70 |         61 |       0 |     9 |   327 |      2 |      5 |    0 |          0 |
|       inst                                                 |                                      Thresholding_rtl_5_axi_wrapper |         70 |         61 |       0 |     9 |   327 |      2 |      5 |    0 |          0 |
|         core                                               |                                   thresholding_axi__parameterized24 |         70 |         61 |       0 |     9 |   327 |      2 |      5 |    0 |          0 |
|     GenericPartition_2_Thresholding_rtl_6                  |                 finn_design_GenericPartition_2_Thresholding_rtl_6_0 |         85 |         71 |       0 |    14 |   295 |      2 |      2 |    0 |          0 |
|       inst                                                 |                                      Thresholding_rtl_6_axi_wrapper |         85 |         71 |       0 |    14 |   295 |      2 |      2 |    0 |          0 |
|         core                                               |                                   thresholding_axi__parameterized25 |         85 |         71 |       0 |    14 |   295 |      2 |      2 |    0 |          0 |
|     GenericPartition_2_Thresholding_rtl_7                  |                 finn_design_GenericPartition_2_Thresholding_rtl_7_0 |         43 |         36 |       0 |     7 |    88 |      0 |      0 |    0 |          0 |
|       inst                                                 |                                      Thresholding_rtl_7_axi_wrapper |         43 |         36 |       0 |     7 |    88 |      0 |      0 |    0 |          0 |
|         core                                               |                                   thresholding_axi__parameterized26 |         43 |         36 |       0 |     7 |    88 |      0 |      0 |    0 |          0 |
|     GenericPartition_2_Thresholding_rtl_8                  |                 finn_design_GenericPartition_2_Thresholding_rtl_8_0 |         48 |         31 |       0 |    17 |   168 |      0 |      5 |    0 |          0 |
|       inst                                                 |                                      Thresholding_rtl_8_axi_wrapper |         48 |         31 |       0 |    17 |   168 |      0 |      5 |    0 |          0 |
|         core                                               |                                   thresholding_axi__parameterized27 |         48 |         31 |       0 |    17 |   168 |      0 |      5 |    0 |          0 |
|     GenericPartition_2_Thresholding_rtl_9                  |                 finn_design_GenericPartition_2_Thresholding_rtl_9_0 |         70 |         65 |       0 |     5 |   190 |      0 |      0 |    0 |          0 |
|       inst                                                 |                                      Thresholding_rtl_9_axi_wrapper |         70 |         65 |       0 |     5 |   190 |      0 |      0 |    0 |          0 |
|         core                                               |                                   thresholding_axi__parameterized28 |         70 |         65 |       0 |     5 |   190 |      0 |      0 |    0 |          0 |
+------------------------------------------------------------+---------------------------------------------------------------------+------------+------------+---------+-------+-------+--------+--------+------+------------+
* Note: The sum of lower-level cells may be larger than their parent cells total, due to cross-hierarchy LUT combining


