partition,node_name,op_type,node_kind,MH,MW,PE,SIMD,weightDataType,inputDataType,outputDataType,weight_bits,act_bits,resType,ram_style,mem_mode,NumChannels,numSteps,IFMChannels,IFMDim_h,IFMDim_w,OFMDim_h,OFMDim_w,ConvKernelDim_h,ConvKernelDim_w,Stride_h,Stride_w,Dilation_h,Dilation_w,depthwise,parallel_window,dataType,bits,depth,folded_shape,impl_style,real_LUT,real_LUTRAM,real_SRL,real_FF,real_BRAM36,real_BRAM18,real_URAM,real_DSP
0,StreamingFIFO_rtl_0,StreamingFIFO_rtl,FIFO,,,,,,,,,,,auto,,,,,,,,,,,,,,,,,UINT8,8,2,1x256x256x1x1,rtl,15,0,0,21,0,0,0,0
0,Thresholding_rtl_0,Thresholding_rtl,Thresholding,,,1,,UINT8,UINT8,INT6,8,8,,,,1,63,,,,,,,,,,,,,,,,,,,39,0,10,125,0,0,0,0
0,StreamingFIFO_rtl_1,StreamingFIFO_rtl,FIFO,,,,,,,,,,,auto,,,,,,,,,,,,,,,,,INT6,6,2,1x256x256x1x1,rtl,12,0,0,17,0,0,0,0
0,StreamingFIFO_rtl_2,StreamingFIFO_rtl,FIFO,,,,,,,,,,,auto,,,,,,,,,,,,,,,,,INT6,6,7083,1x256x256x1x1,vivado,82,0,0,67,1,0,0,0
0,StreamingFIFO_rtl_3,StreamingFIFO_rtl,FIFO,,,,,,,,,,,ultra,,,,,,,,,,,,,,,,,INT6,6,25299,1x256x256x1x1,vivado,98,0,0,81,0,0,4,0
0,Thresholding_rtl_1,Thresholding_rtl,Thresholding,,,1,,INT7,INT6,INT6,7,6,,,,1,63,,,,,,,,,,,,,,,,,,,60,0,7,152,0,0,0,0
0,StreamingFIFO_rtl_4,StreamingFIFO_rtl,FIFO,,,,,,,,,,,auto,,,,,,,,,,,,,,,,,INT6,6,65536,1x256x256x1x1,vivado,81,0,0,63,0,1,0,0
0,StreamingFIFO_rtl_5,StreamingFIFO_rtl,FIFO,,,,,,,,,,,auto,,,,,,,,,,,,,,,,,INT6,6,66564,1x258x258x1x1,vivado,89,0,0,79,0,0,2,0
0,ConvolutionInputGenerator_rtl_0,ConvolutionInputGenerator_rtl,SWU,,,,1,,INT6,INT6,,6,,distributed,,,,1,258,258,128,128,3,3,2,2,1,1,0,0,,,,,,331,96,0,112,0,0,0,0
0,StreamingFIFO_rtl_6,StreamingFIFO_rtl,FIFO,,,,,,,,,,,auto,,,,,,,,,,,,,,,,,INT6,6,2,1x128x128x9x1,rtl,68,0,0,55,0,1,0,0
0,StreamingFIFO_rtl_7,StreamingFIFO_rtl,FIFO,,,,,,,,,,,auto,,,,,,,,,,,,,,,,,INT6,6,2,1x128x128x1x1,rtl,67,0,0,61,0,0,1,0
0,StreamingFIFO_rtl_8,StreamingFIFO_rtl,FIFO,,,,,,,,,,,auto,,,,,,,,,,,,,,,,,INT6,6,2,1x128x128x3x3,rtl,111,0,64,22,0,0,0,0
0,MVAU_rtl_0,MVAU_rtl,MVAU,3,9,1,3,INT6,INT6,INT14,6,6,dsp,auto,internal_decoupled,,,,,,,,,,,,,,,,,,,,,74,21,0,125,0,0,0,3
0,StreamingFIFO_rtl_9,StreamingFIFO_rtl,FIFO,,,,,,,,,,,auto,,,,,,,,,,,,,,,,,INT14,14,2,1x128x128x3x1,rtl,90,0,42,20,0,0,0,0
0,Thresholding_rtl_2,Thresholding_rtl,Thresholding,,,1,,INT14,INT14,INT6,14,14,,,,3,63,,,,,,,,,,,,,,,,,,,109,0,7,294,0,1,0,0
0,StreamingFIFO_rtl_10,StreamingFIFO_rtl,FIFO,,,,,,,,,,,auto,,,,,,,,,,,,,,,,,INT6,6,2,1x128x128x3x1,rtl,99,0,48,22,0,0,0,0
0,StreamingFIFO_rtl_11,StreamingFIFO_rtl,FIFO,,,,,,,,,,,ultra,,,,,,,,,,,,,,,,,INT6,6,10171,1x128x128x1x3,vivado,82,0,0,79,8,0,0,0
0,StreamingFIFO_rtl_12,StreamingFIFO_rtl,FIFO,,,,,,,,,,,auto,,,,,,,,,,,,,,,,,INT6,6,96,1x128x128x4,rtl,82,0,0,79,8,0,0,0
0,StreamingFIFO_rtl_13,StreamingFIFO_rtl,FIFO,,,,,,,,,,,auto,,,,,,,,,,,,,,,,,INT6,6,2,1x128x128x4x1,rtl,83,0,0,79,8,0,0,0
0,Thresholding_rtl_3,Thresholding_rtl,Thresholding,,,1,,INT7,INT6,UINT6,7,6,,,,4,63,,,,,,,,,,,,,,,,,,,89,0,7,197,0,0,0,0
0,StreamingFIFO_rtl_14,StreamingFIFO_rtl,FIFO,,,,,,,,,,,auto,,,,,,,,,,,,,,,,,UINT6,6,2,1x128x128x4x1,rtl,83,0,0,79,8,0,0,0
1,StreamingFIFO_rtl_0,StreamingFIFO_rtl,FIFO,,,,,,,,,,,auto,,,,,,,,,,,,,,,,,UINT6,6,2,1x128x128x4x1,rtl,11,0,0,17,0,0,0,0
1,StreamingFIFO_rtl_1,StreamingFIFO_rtl,FIFO,,,,,,,,,,,auto,,,,,,,,,,,,,,,,,UINT6,6,506,1x128x128x4x1,vivado,91,0,48,20,0,0,0,0
1,StreamingFIFO_rtl_2,StreamingFIFO_rtl,FIFO,,,,,,,,,,,auto,,,,,,,,,,,,,,,,,UINT6,6,2,1x128x128x4x1,rtl,11,0,0,17,0,0,0,0
1,ConvolutionInputGenerator_rtl_0,ConvolutionInputGenerator_rtl,SWU,,,,1,,UINT6,UINT6,,6,,distributed,,,,4,128,128,64,64,2,2,2,2,1,1,0,0,,,,,,375,128,0,109,0,0,0,0
1,StreamingFIFO_rtl_3,StreamingFIFO_rtl,FIFO,,,,,,,,,,,auto,,,,,,,,,,,,,,,,,UINT6,6,33,1x128x128x1x4,rtl,91,0,48,20,0,0,0,0
1,StreamingFIFO_rtl_4,StreamingFIFO_rtl,FIFO,,,,,,,,,,,auto,,,,,,,,,,,,,,,,,UINT6,6,2,1x64x64x16x1,rtl,76,0,24,36,0,0,0,0
1,StreamingFIFO_rtl_5,StreamingFIFO_rtl,FIFO,,,,,,,,,,,auto,,,,,,,,,,,,,,,,,UINT6,6,55,1x64x64x1x4,rtl,10,0,0,17,0,0,0,0
1,StreamingFIFO_rtl_6,StreamingFIFO_rtl,FIFO,,,,,,,,,,,auto,,,,,,,,,,,,,,,,,UINT6,6,2,1x64x64x2x8,rtl,76,0,48,36,0,0,0,0
1,MVAU_rtl_0,MVAU_rtl,MVAU,4,16,1,8,INT4,UINT6,INT13,4,6,dsp,auto,internal_decoupled,,,,,,,,,,,,,,,,,,,,,175,30,0,210,0,0,0,4
1,MVAU_rtl_1,MVAU_rtl,MVAU,16,4,2,4,UINT7,UINT6,INT14,7,6,dsp,auto,internal_decoupled,,,,,,,,,,,,,,,,,,,,,116,44,0,159,0,0,0,8
1,StreamingFIFO_rtl_7,StreamingFIFO_rtl,FIFO,,,,,,,,,,,auto,,,,,,,,,,,,,,,,,INT13,13,2,1x64x64x4x1,rtl,53,0,0,101,0,0,0,0
1,StreamingFIFO_rtl_8,StreamingFIFO_rtl,FIFO,,,,,,,,,,,auto,,,,,,,,,,,,,,,,,INT14,14,256,1x64x64x8x2,rtl,290,0,224,42,0,0,0,0
1,Thresholding_rtl_0,Thresholding_rtl,Thresholding,,,1,,INT13,INT13,UINT6,13,13,,,,4,63,,,,,,,,,,,,,,,,,,,94,0,7,287,0,1,0,0
1,StreamingFIFO_rtl_9,StreamingFIFO_rtl,FIFO,,,,,,,,,,,ultra,,,,,,,,,,,,,,,,,INT14,14,7531,1x64x64x16x1,vivado,20,0,0,31,0,0,0,0
1,StreamingFIFO_rtl_10,StreamingFIFO_rtl,FIFO,,,,,,,,,,,auto,,,,,,,,,,,,,,,,,UINT6,6,2,1x64x64x4x1,rtl,83,0,0,81,0,0,1,0
1,Thresholding_rtl_1,Thresholding_rtl,Thresholding,,,1,,INT14,INT14,INT8,14,14,,,,16,255,,,,,,,,,,,,,,,,,,,96,0,13,358,1,4,0,0
1,StreamingFIFO_rtl_11,StreamingFIFO_rtl,FIFO,,,,,,,,,,,auto,,,,,,,,,,,,,,,,,INT8,8,65536,1x64x64x16x1,vivado,80,0,0,79,0,0,1,0
1,StreamingFIFO_rtl_12,StreamingFIFO_rtl,FIFO,,,,,,,,,,,auto,,,,,,,,,,,,,,,,,UINT6,6,2,1x64x64x1x4,rtl,11,0,0,17,0,0,0,0
1,StreamingFIFO_rtl_13,StreamingFIFO_rtl,FIFO,,,,,,,,,,,auto,,,,,,,,,,,,,,,,,UINT6,6,545,1x66x66x1x4,vivado,70,0,0,73,0,0,1,0
1,StreamingFIFO_rtl_14,StreamingFIFO_rtl,FIFO,,,,,,,,,,,ultra,,,,,,,,,,,,,,,,,UINT6,6,17424,1x66x66x4x1,vivado,164,0,112,28,0,0,0,0
1,ConvolutionInputGenerator_rtl_1,ConvolutionInputGenerator_rtl,SWU,,,,1,,UINT6,UINT6,,6,,distributed,,,,4,66,66,64,64,3,3,1,1,1,1,0,0,,,,,,325,72,0,116,0,0,0,0
1,StreamingFIFO_rtl_15,StreamingFIFO_rtl,FIFO,,,,,,,,,,,auto,,,,,,,,,,,,,,,,,UINT6,6,2,1x64x64x36x1,rtl,29,0,0,53,0,0,0,0
1,StreamingFIFO_rtl_16,StreamingFIFO_rtl,FIFO,,,,,,,,,,,auto,,,,,,,,,,,,,,,,,UINT6,6,2,1x64x64x6x6,rtl,103,0,56,27,0,0,0,0
1,MVAU_rtl_2,MVAU_rtl,MVAU,4,36,4,6,INT6,UINT6,INT14,6,6,dsp,auto,internal_decoupled,,,,,,,,,,,,,,,,,,,,,421,69,0,462,0,0,0,12
1,StreamingFIFO_rtl_17,StreamingFIFO_rtl,FIFO,,,,,,,,,,,auto,,,,,,,,,,,,,,,,,INT14,14,2,1x64x64x1x4,rtl,66,0,0,55,0,1,0,0
1,StreamingFIFO_rtl_18,StreamingFIFO_rtl,FIFO,,,,,,,,,,,auto,,,,,,,,,,,,,,,,,INT14,14,2,1x64x64x4x1,rtl,84,0,0,79,8,0,0,0
1,Thresholding_rtl_2,Thresholding_rtl,Thresholding,,,1,,INT14,INT14,UINT6,14,14,,,,4,63,,,,,,,,,,,,,,,,,,,95,0,7,302,0,1,0,0
1,StreamingFIFO_rtl_19,StreamingFIFO_rtl,FIFO,,,,,,,,,,,auto,,,,,,,,,,,,,,,,,UINT6,6,2,1x64x64x4x1,rtl,76,0,24,36,0,0,0,0
1,StreamingFIFO_rtl_20,StreamingFIFO_rtl,FIFO,,,,,,,,,,,auto,,,,,,,,,,,,,,,,,UINT6,6,2,1x64x64x1x4,rtl,80,0,0,79,8,0,0,0
1,MVAU_rtl_3,MVAU_rtl,MVAU,16,4,1,4,INT8,UINT6,INT16,8,6,dsp,auto,internal_decoupled,,,,,,,,,,,,,,,,,,,,,100,32,0,149,0,0,0,4
1,StreamingFIFO_rtl_21,StreamingFIFO_rtl,FIFO,,,,,,,,,,,auto,,,,,,,,,,,,,,,,,INT16,16,2,1x64x64x16x1,rtl,99,0,0,81,0,0,4,0
1,Thresholding_rtl_3,Thresholding_rtl,Thresholding,,,1,,INT16,INT16,INT8,16,16,,,,16,255,,,,,,,,,,,,,,,,,,,105,0,9,419,1,5,0,0
1,StreamingFIFO_rtl_22,StreamingFIFO_rtl,FIFO,,,,,,,,,,,auto,,,,,,,,,,,,,,,,,INT8,8,2,1x64x64x16x1,rtl,70,0,0,65,0,0,1,0
1,StreamingFIFO_rtl_23,StreamingFIFO_rtl,FIFO,,,,,,,,,,,auto,,,,,,,,,,,,,,,,,INT9,9,2,1x64x64x16x1,rtl,34,0,6,36,0,0,0,0
1,Thresholding_rtl_4,Thresholding_rtl,Thresholding,,,1,,INT10,INT9,INT8,10,9,,,,16,255,,,,,,,,,,,,,,,,,,,82,0,13,289,1,2,0,0
1,StreamingFIFO_rtl_24,StreamingFIFO_rtl,FIFO,,,,,,,,,,,auto,,,,,,,,,,,,,,,,,INT8,8,2,1x64x64x16x1,rtl,11,0,0,17,0,0,0,0
1,Thresholding_rtl_5,Thresholding_rtl,Thresholding,,,1,,INT9,INT8,UINT6,9,8,,,,16,63,,,,,,,,,,,,,,,,,,,57,0,11,130,0,0,0,0
1,StreamingFIFO_rtl_25,StreamingFIFO_rtl,FIFO,,,,,,,,,,,auto,,,,,,,,,,,,,,,,,UINT6,6,2,1x64x64x16x1,rtl,42,0,0,77,0,0,0,0
1,StreamingFIFO_rtl_26,StreamingFIFO_rtl,FIFO,,,,,,,,,,,auto,,,,,,,,,,,,,,,,,UINT6,6,2,1x64x64x16x1,rtl,61,0,0,117,0,0,0,0
1,StreamingFIFO_rtl_27,StreamingFIFO_rtl,FIFO,,,,,,,,,,,auto,,,,,,,,,,,,,,,,,UINT6,6,2,1x64x64x16x1,rtl,20,0,0,33,0,0,0,0
1,Thresholding_rtl_6,Thresholding_rtl,Thresholding,,,1,,UINT6,UINT6,INT8,6,6,,,,16,255,,,,,,,,,,,,,,,,,,,57,0,18,177,0,3,0,0
1,StreamingFIFO_rtl_28,StreamingFIFO_rtl,FIFO,,,,,,,,,,,auto,,,,,,,,,,,,,,,,,UINT6,6,2,1x64x64x2x8,rtl,12,0,0,17,0,0,0,0
1,StreamingFIFO_rtl_29,StreamingFIFO_rtl,FIFO,,,,,,,,,,,ultra,,,,,,,,,,,,,,,,,INT8,8,1086,1x64x64x16x1,vivado,29,0,0,53,0,0,0,0
1,MVAU_rtl_4,MVAU_rtl,MVAU,4,16,2,8,INT4,UINT6,INT13,4,6,dsp,auto,internal_decoupled,,,,,,,,,,,,,,,,,,,,,265,56,0,283,0,0,0,8
1,StreamingFIFO_rtl_30,StreamingFIFO_rtl,FIFO,,,,,,,,,,,auto,,,,,,,,,,,,,,,,,INT13,13,2,1x64x64x2x2,rtl,22,0,0,37,0,0,0,0
1,StreamingFIFO_rtl_31,StreamingFIFO_rtl,FIFO,,,,,,,,,,,auto,,,,,,,,,,,,,,,,,INT13,13,2,1x64x64x4x1,rtl,13,0,0,21,0,0,0,0
1,Thresholding_rtl_7,Thresholding_rtl,Thresholding,,,1,,INT13,INT13,UINT6,13,13,,,,4,63,,,,,,,,,,,,,,,,,,,94,0,7,287,0,1,0,0
1,StreamingFIFO_rtl_32,StreamingFIFO_rtl,FIFO,,,,,,,,,,,auto,,,,,,,,,,,,,,,,,UINT6,6,2,1x64x64x4x1,rtl,15,0,0,23,0,0,0,0
1,StreamingFIFO_rtl_33,StreamingFIFO_rtl,FIFO,,,,,,,,,,,auto,,,,,,,,,,,,,,,,,UINT6,6,2,1x64x64x1x4,rtl,14,0,0,21,0,0,0,0
1,StreamingFIFO_rtl_34,StreamingFIFO_rtl,FIFO,,,,,,,,,,,auto,,,,,,,,,,,,,,,,,UINT6,6,101,1x66x66x1x4,rtl,11,0,0,17,0,0,0,0
1,StreamingFIFO_rtl_35,StreamingFIFO_rtl,FIFO,,,,,,,,,,,auto,,,,,,,,,,,,,,,,,UINT6,6,472,1x66x66x4x1,vivado,12,0,0,17,0,0,0,0
1,ConvolutionInputGenerator_rtl_2,ConvolutionInputGenerator_rtl,SWU,,,,1,,UINT6,UINT6,,6,,distributed,,,,4,66,66,64,64,3,3,1,1,1,1,0,0,,,,,,324,72,0,117,0,0,0,0
1,StreamingFIFO_rtl_36,StreamingFIFO_rtl,FIFO,,,,,,,,,,,auto,,,,,,,,,,,,,,,,,UINT6,6,2,1x64x64x36x1,rtl,11,0,0,17,0,0,0,0
1,StreamingFIFO_rtl_37,StreamingFIFO_rtl,FIFO,,,,,,,,,,,auto,,,,,,,,,,,,,,,,,UINT6,6,2,1x64x64x3x12,rtl,53,0,0,101,0,0,0,0
1,MVAU_rtl_5,MVAU_rtl,MVAU,4,36,2,12,INT6,UINT6,INT15,6,6,dsp,auto,internal_decoupled,,,,,,,,,,,,,,,,,,,,,453,114,0,440,0,0,0,12
1,StreamingFIFO_rtl_38,StreamingFIFO_rtl,FIFO,,,,,,,,,,,auto,,,,,,,,,,,,,,,,,INT15,15,2,1x64x64x2x2,rtl,71,0,0,67,0,0,1,0
1,StreamingFIFO_rtl_39,StreamingFIFO_rtl,FIFO,,,,,,,,,,,auto,,,,,,,,,,,,,,,,,INT15,15,2,1x64x64x4x1,rtl,53,0,16,20,0,0,0,0
1,Thresholding_rtl_8,Thresholding_rtl,Thresholding,,,1,,INT15,INT15,UINT6,15,15,,,,4,63,,,,,,,,,,,,,,,,,,,100,0,7,315,0,1,0,0
1,StreamingFIFO_rtl_40,StreamingFIFO_rtl,FIFO,,,,,,,,,,,auto,,,,,,,,,,,,,,,,,UINT6,6,2,1x64x64x4x1,rtl,31,0,0,57,0,0,0,0
1,MVAU_rtl_6,MVAU_rtl,MVAU,16,4,4,1,INT8,UINT6,INT15,8,6,dsp,auto,internal_decoupled,,,,,,,,,,,,,,,,,,,,,145,20,0,326,0,0,0,2
1,StreamingFIFO_rtl_41,StreamingFIFO_rtl,FIFO,,,,,,,,,,,auto,,,,,,,,,,,,,,,,,INT15,15,2,1x64x64x4x4,rtl,19,0,0,31,0,0,0,0
1,StreamingFIFO_rtl_42,StreamingFIFO_rtl,FIFO,,,,,,,,,,,auto,,,,,,,,,,,,,,,,,INT15,15,2,1x64x64x16x1,rtl,11,0,0,17,0,0,0,0
1,Thresholding_rtl_9,Thresholding_rtl,Thresholding,,,1,,INT15,INT15,INT8,15,15,,,,16,255,,,,,,,,,,,,,,,,,,,106,0,9,417,1,4,0,0
1,StreamingFIFO_rtl_43,StreamingFIFO_rtl,FIFO,,,,,,,,,,,auto,,,,,,,,,,,,,,,,,INT8,8,2,1x64x64x16x1,rtl,29,0,0,53,0,0,0,0
1,StreamingFIFO_rtl_44,StreamingFIFO_rtl,FIFO,,,,,,,,,,,auto,,,,,,,,,,,,,,,,,INT9,9,2,1x64x64x16x1,rtl,149,0,96,37,0,0,0,0
1,Thresholding_rtl_10,Thresholding_rtl,Thresholding,,,1,,INT10,INT9,INT8,10,9,,,,16,255,,,,,,,,,,,,,,,,,,,83,0,13,289,1,2,0,0
1,StreamingFIFO_rtl_45,StreamingFIFO_rtl,FIFO,,,,,,,,,,,auto,,,,,,,,,,,,,,,,,INT8,8,2,1x64x64x16x1,rtl,89,0,48,20,0,0,0,0
1,Thresholding_rtl_11,Thresholding_rtl,Thresholding,,,1,,INT9,INT8,UINT6,9,8,,,,16,63,,,,,,,,,,,,,,,,,,,57,0,11,130,0,0,0,0
1,StreamingFIFO_rtl_46,StreamingFIFO_rtl,FIFO,,,,,,,,,,,auto,,,,,,,,,,,,,,,,,UINT6,6,2,1x64x64x16x1,rtl,97,0,42,63,0,0,0,0
1,StreamingFIFO_rtl_47,StreamingFIFO_rtl,FIFO,,,,,,,,,,,auto,,,,,,,,,,,,,,,,,UINT6,6,2,1x64x64x16x1,rtl,11,0,0,17,0,0,0,0
1,StreamingFIFO_rtl_48,StreamingFIFO_rtl,FIFO,,,,,,,,,,,auto,,,,,,,,,,,,,,,,,UINT6,6,2,1x64x64x16x1,rtl,78,0,0,149,0,0,0,0
1,Thresholding_rtl_12,Thresholding_rtl,Thresholding,,,1,,UINT6,UINT6,INT8,6,6,,,,16,255,,,,,,,,,,,,,,,,,,,57,0,18,177,0,0,0,0
1,StreamingFIFO_rtl_49,StreamingFIFO_rtl,FIFO,,,,,,,,,,,auto,,,,,,,,,,,,,,,,,UINT6,6,2,1x64x64x4x4,rtl,36,0,0,65,0,0,0,0
1,StreamingFIFO_rtl_50,StreamingFIFO_rtl,FIFO,,,,,,,,,,,ultra,,,,,,,,,,,,,,,,,INT8,8,1086,1x64x64x16x1,vivado,21,0,0,35,0,0,0,0
1,MVAU_rtl_7,MVAU_rtl,MVAU,4,16,4,4,INT6,UINT6,INT14,6,6,dsp,auto,internal_decoupled,,,,,,,,,,,,,,,,,,,,,305,45,0,385,0,0,0,8
1,StreamingFIFO_rtl_51,StreamingFIFO_rtl,FIFO,,,,,,,,,,,auto,,,,,,,,,,,,,,,,,INT14,14,2,1x64x64x1x4,rtl,12,0,0,17,0,0,0,0
1,StreamingFIFO_rtl_52,StreamingFIFO_rtl,FIFO,,,,,,,,,,,auto,,,,,,,,,,,,,,,,,INT14,14,2,1x64x64x4x1,rtl,65,0,0,125,0,0,0,0
1,Thresholding_rtl_13,Thresholding_rtl,Thresholding,,,1,,INT14,INT14,UINT6,14,14,,,,4,63,,,,,,,,,,,,,,,,,,,97,0,7,299,0,1,0,0
1,StreamingFIFO_rtl_53,StreamingFIFO_rtl,FIFO,,,,,,,,,,,auto,,,,,,,,,,,,,,,,,UINT6,6,2,1x64x64x4x1,rtl,21,0,0,35,0,0,0,0
1,StreamingFIFO_rtl_54,StreamingFIFO_rtl,FIFO,,,,,,,,,,,auto,,,,,,,,,,,,,,,,,UINT6,6,2,1x64x64x1x4,rtl,13,0,0,21,0,0,0,0
1,StreamingFIFO_rtl_55,StreamingFIFO_rtl,FIFO,,,,,,,,,,,auto,,,,,,,,,,,,,,,,,UINT6,6,101,1x66x66x1x4,rtl,15,0,0,23,0,0,0,0
1,StreamingFIFO_rtl_56,StreamingFIFO_rtl,FIFO,,,,,,,,,,,auto,,,,,,,,,,,,,,,,,UINT6,6,472,1x66x66x4x1,vivado,14,0,0,21,0,0,0,0
1,ConvolutionInputGenerator_rtl_3,ConvolutionInputGenerator_rtl,SWU,,,,1,,UINT6,UINT6,,6,,distributed,,,,4,66,66,64,64,3,3,1,1,1,1,0,0,,,,,,325,72,0,115,0,0,0,0
1,StreamingFIFO_rtl_57,StreamingFIFO_rtl,FIFO,,,,,,,,,,,auto,,,,,,,,,,,,,,,,,UINT6,6,2,1x64x64x36x1,rtl,11,0,0,17,0,0,0,0
1,StreamingFIFO_rtl_58,StreamingFIFO_rtl,FIFO,,,,,,,,,,,auto,,,,,,,,,,,,,,,,,UINT6,6,2,1x64x64x6x6,rtl,12,0,0,17,0,0,0,0
1,MVAU_rtl_8,MVAU_rtl,MVAU,4,36,4,6,INT4,UINT6,INT14,4,6,dsp,auto,internal_decoupled,,,,,,,,,,,,,,,,,,,,,400,46,0,415,0,0,0,12
1,StreamingFIFO_rtl_59,StreamingFIFO_rtl,FIFO,,,,,,,,,,,auto,,,,,,,,,,,,,,,,,INT14,14,2,1x64x64x1x4,rtl,11,0,0,17,0,0,0,0
1,StreamingFIFO_rtl_60,StreamingFIFO_rtl,FIFO,,,,,,,,,,,auto,,,,,,,,,,,,,,,,,INT14,14,2,1x64x64x4x1,rtl,29,0,0,53,0,0,0,0
1,Thresholding_rtl_14,Thresholding_rtl,Thresholding,,,1,,INT14,INT14,UINT6,14,14,,,,4,63,,,,,,,,,,,,,,,,,,,94,0,7,302,0,1,0,0
1,StreamingFIFO_rtl_61,StreamingFIFO_rtl,FIFO,,,,,,,,,,,auto,,,,,,,,,,,,,,,,,UINT6,6,2,1x64x64x4x1,rtl,72,0,0,67,0,0,1,0
1,MVAU_rtl_9,MVAU_rtl,MVAU,16,4,4,1,INT8,UINT6,INT16,8,6,dsp,auto,internal_decoupled,,,,,,,,,,,,,,,,,,,,,155,20,0,342,0,0,0,2
1,StreamingFIFO_rtl_62,StreamingFIFO_rtl,FIFO,,,,,,,,,,,auto,,,,,,,,,,,,,,,,,INT16,16,2,1x64x64x4x4,rtl,53,0,16,20,0,0,0,0
1,StreamingFIFO_rtl_63,StreamingFIFO_rtl,FIFO,,,,,,,,,,,auto,,,,,,,,,,,,,,,,,INT16,16,2,1x64x64x16x1,rtl,61,0,0,117,0,0,0,0
1,Thresholding_rtl_15,Thresholding_rtl,Thresholding,,,1,,INT16,INT16,INT8,16,16,,,,16,255,,,,,,,,,,,,,,,,,,,105,0,9,419,1,5,0,0
1,StreamingFIFO_rtl_64,StreamingFIFO_rtl,FIFO,,,,,,,,,,,auto,,,,,,,,,,,,,,,,,INT8,8,2,1x64x64x16x1,rtl,20,0,0,33,0,0,0,0
1,StreamingFIFO_rtl_65,StreamingFIFO_rtl,FIFO,,,,,,,,,,,auto,,,,,,,,,,,,,,,,,INT9,9,2,1x64x64x16x1,rtl,11,0,0,17,0,0,0,0
1,Thresholding_rtl_16,Thresholding_rtl,Thresholding,,,1,,INT10,INT9,INT8,10,9,,,,16,255,,,,,,,,,,,,,,,,,,,82,0,13,289,0,0,0,0
1,StreamingFIFO_rtl_66,StreamingFIFO_rtl,FIFO,,,,,,,,,,,auto,,,,,,,,,,,,,,,,,INT8,8,2,1x64x64x16x1,rtl,30,0,0,53,0,0,0,0
1,Thresholding_rtl_17,Thresholding_rtl,Thresholding,,,1,,INT9,INT8,UINT6,9,8,,,,16,63,,,,,,,,,,,,,,,,,,,57,0,11,130,0,0,0,0
1,StreamingFIFO_rtl_67,StreamingFIFO_rtl,FIFO,,,,,,,,,,,auto,,,,,,,,,,,,,,,,,UINT6,6,2,1x64x64x16x1,rtl,150,0,96,37,0,0,0,0
1,StreamingFIFO_rtl_68,StreamingFIFO_rtl,FIFO,,,,,,,,,,,auto,,,,,,,,,,,,,,,,,UINT6,6,2,1x64x64x16x1,rtl,91,0,48,20,0,0,0,0
1,StreamingFIFO_rtl_69,StreamingFIFO_rtl,FIFO,,,,,,,,,,,auto,,,,,,,,,,,,,,,,,UINT6,6,2,1x64x64x16x1,rtl,97,0,42,62,0,0,0,0
1,Thresholding_rtl_18,Thresholding_rtl,Thresholding,,,1,,UINT6,UINT6,INT8,6,6,,,,16,255,,,,,,,,,,,,,,,,,,,57,0,18,177,0,3,0,0
1,StreamingFIFO_rtl_70,StreamingFIFO_rtl,FIFO,,,,,,,,,,,auto,,,,,,,,,,,,,,,,,UINT6,6,2,1x64x64x2x8,rtl,11,0,0,17,0,0,0,0
1,StreamingFIFO_rtl_71,StreamingFIFO_rtl,FIFO,,,,,,,,,,,ultra,,,,,,,,,,,,,,,,,INT8,8,1086,1x64x64x16x1,vivado,42,0,0,77,0,0,0,0
1,MVAU_rtl_10,MVAU_rtl,MVAU,4,16,2,8,INT4,UINT6,INT13,4,6,dsp,auto,internal_decoupled,,,,,,,,,,,,,,,,,,,,,265,57,0,286,0,0,0,8
1,StreamingFIFO_rtl_72,StreamingFIFO_rtl,FIFO,,,,,,,,,,,auto,,,,,,,,,,,,,,,,,INT13,13,2,1x64x64x2x2,rtl,61,0,0,117,0,0,0,0
1,StreamingFIFO_rtl_73,StreamingFIFO_rtl,FIFO,,,,,,,,,,,auto,,,,,,,,,,,,,,,,,INT13,13,2,1x64x64x4x1,rtl,20,0,0,33,0,0,0,0
1,Thresholding_rtl_19,Thresholding_rtl,Thresholding,,,1,,INT13,INT13,UINT6,13,13,,,,4,63,,,,,,,,,,,,,,,,,,,97,0,7,285,0,1,0,0
1,StreamingFIFO_rtl_74,StreamingFIFO_rtl,FIFO,,,,,,,,,,,auto,,,,,,,,,,,,,,,,,UINT6,6,2,1x64x64x4x1,rtl,12,0,0,17,0,0,0,0
1,StreamingFIFO_rtl_75,StreamingFIFO_rtl,FIFO,,,,,,,,,,,auto,,,,,,,,,,,,,,,,,UINT6,6,2,1x64x64x1x4,rtl,69,0,0,133,0,0,0,0
1,StreamingFIFO_rtl_76,StreamingFIFO_rtl,FIFO,,,,,,,,,,,auto,,,,,,,,,,,,,,,,,UINT6,6,101,1x66x66x1x4,rtl,22,0,0,37,0,0,0,0
1,StreamingFIFO_rtl_77,StreamingFIFO_rtl,FIFO,,,,,,,,,,,auto,,,,,,,,,,,,,,,,,UINT6,6,472,1x66x66x4x1,vivado,13,0,0,21,0,0,0,0
1,ConvolutionInputGenerator_rtl_4,ConvolutionInputGenerator_rtl,SWU,,,,1,,UINT6,UINT6,,6,,distributed,,,,4,66,66,64,64,3,3,1,1,1,1,0,0,,,,,,325,72,0,117,0,0,0,0
1,StreamingFIFO_rtl_78,StreamingFIFO_rtl,FIFO,,,,,,,,,,,auto,,,,,,,,,,,,,,,,,UINT6,6,2,1x64x64x36x1,rtl,15,0,0,23,0,0,0,0
1,StreamingFIFO_rtl_79,StreamingFIFO_rtl,FIFO,,,,,,,,,,,auto,,,,,,,,,,,,,,,,,UINT6,6,2,1x64x64x3x12,rtl,14,0,0,21,0,0,0,0
1,MVAU_rtl_11,MVAU_rtl,MVAU,4,36,2,12,INT4,UINT6,INT14,4,6,dsp,auto,internal_decoupled,,,,,,,,,,,,,,,,,,,,,395,90,0,387,0,0,0,12
1,StreamingFIFO_rtl_80,StreamingFIFO_rtl,FIFO,,,,,,,,,,,auto,,,,,,,,,,,,,,,,,INT14,14,2,1x64x64x2x2,rtl,11,0,0,17,0,0,0,0
1,StreamingFIFO_rtl_81,StreamingFIFO_rtl,FIFO,,,,,,,,,,,auto,,,,,,,,,,,,,,,,,INT14,14,2,1x64x64x4x1,rtl,12,0,0,17,0,0,0,0
1,Thresholding_rtl_20,Thresholding_rtl,Thresholding,,,1,,INT14,INT14,UINT6,14,14,,,,4,63,,,,,,,,,,,,,,,,,,,90,0,7,301,0,1,0,0
1,StreamingFIFO_rtl_82,StreamingFIFO_rtl,FIFO,,,,,,,,,,,auto,,,,,,,,,,,,,,,,,UINT6,6,2,1x64x64x4x1,rtl,11,0,0,17,0,0,0,0
1,MVAU_rtl_12,MVAU_rtl,MVAU,16,4,4,1,INT6,UINT6,INT13,6,6,dsp,auto,internal_decoupled,,,,,,,,,,,,,,,,,,,,,131,16,0,286,0,0,0,2
1,StreamingFIFO_rtl_83,StreamingFIFO_rtl,FIFO,,,,,,,,,,,auto,,,,,,,,,,,,,,,,,INT13,13,2,1x64x64x4x4,rtl,53,0,0,101,0,0,0,0
1,StreamingFIFO_rtl_84,StreamingFIFO_rtl,FIFO,,,,,,,,,,,auto,,,,,,,,,,,,,,,,,INT13,13,2,1x64x64x16x1,rtl,69,0,0,67,0,0,1,0
1,Thresholding_rtl_21,Thresholding_rtl,Thresholding,,,1,,INT13,INT13,INT8,13,13,,,,16,255,,,,,,,,,,,,,,,,,,,95,0,9,381,1,4,0,0
1,StreamingFIFO_rtl_85,StreamingFIFO_rtl,FIFO,,,,,,,,,,,auto,,,,,,,,,,,,,,,,,INT8,8,2,1x64x64x16x1,rtl,52,0,16,20,0,0,0,0
1,StreamingFIFO_rtl_86,StreamingFIFO_rtl,FIFO,,,,,,,,,,,auto,,,,,,,,,,,,,,,,,INT9,9,2,1x64x64x16x1,rtl,31,0,0,57,0,0,0,0
1,Thresholding_rtl_22,Thresholding_rtl,Thresholding,,,1,,INT10,INT9,INT8,10,9,,,,16,255,,,,,,,,,,,,,,,,,,,83,0,13,289,1,2,0,0
1,StreamingFIFO_rtl_87,StreamingFIFO_rtl,FIFO,,,,,,,,,,,auto,,,,,,,,,,,,,,,,,INT8,8,2,1x64x64x16x1,rtl,19,0,0,31,0,0,0,0
1,Thresholding_rtl_23,Thresholding_rtl,Thresholding,,,1,,INT9,INT8,UINT6,9,8,,,,16,63,,,,,,,,,,,,,,,,,,,57,0,11,130,0,0,0,0
1,StreamingFIFO_rtl_88,StreamingFIFO_rtl,FIFO,,,,,,,,,,,auto,,,,,,,,,,,,,,,,,UINT6,6,2,1x64x64x16x1,rtl,11,0,0,17,0,0,0,0
1,StreamingFIFO_rtl_89,StreamingFIFO_rtl,FIFO,,,,,,,,,,,auto,,,,,,,,,,,,,,,,,UINT6,6,2,1x64x64x16x1,rtl,29,0,0,53,0,0,0,0
1,StreamingFIFO_rtl_90,StreamingFIFO_rtl,FIFO,,,,,,,,,,,auto,,,,,,,,,,,,,,,,,UINT6,6,2,1x64x64x16x1,rtl,150,0,96,37,0,0,0,0
1,Thresholding_rtl_24,Thresholding_rtl,Thresholding,,,1,,UINT6,UINT6,INT8,6,6,,,,16,255,,,,,,,,,,,,,,,,,,,57,0,18,192,0,3,0,0
1,StreamingFIFO_rtl_91,StreamingFIFO_rtl,FIFO,,,,,,,,,,,auto,,,,,,,,,,,,,,,,,UINT6,6,2,1x64x64x4x4,rtl,89,0,48,20,0,0,0,0
1,StreamingFIFO_rtl_92,StreamingFIFO_rtl,FIFO,,,,,,,,,,,ultra,,,,,,,,,,,,,,,,,INT8,8,1086,1x64x64x16x1,vivado,97,0,42,63,0,0,0,0
1,MVAU_rtl_13,MVAU_rtl,MVAU,4,16,4,4,INT6,UINT6,INT14,6,6,dsp,auto,internal_decoupled,,,,,,,,,,,,,,,,,,,,,304,42,0,379,0,0,0,8
1,StreamingFIFO_rtl_93,StreamingFIFO_rtl,FIFO,,,,,,,,,,,auto,,,,,,,,,,,,,,,,,INT14,14,2,1x64x64x1x4,rtl,11,0,0,17,0,0,0,0
1,StreamingFIFO_rtl_94,StreamingFIFO_rtl,FIFO,,,,,,,,,,,auto,,,,,,,,,,,,,,,,,INT14,14,2,1x64x64x4x1,rtl,78,0,0,149,0,0,0,0
1,Thresholding_rtl_25,Thresholding_rtl,Thresholding,,,1,,INT14,INT14,UINT6,14,14,,,,4,63,,,,,,,,,,,,,,,,,,,99,0,7,300,0,1,0,0
1,StreamingFIFO_rtl_95,StreamingFIFO_rtl,FIFO,,,,,,,,,,,auto,,,,,,,,,,,,,,,,,UINT6,6,2,1x64x64x4x1,rtl,34,0,0,61,0,0,0,0
1,StreamingFIFO_rtl_96,StreamingFIFO_rtl,FIFO,,,,,,,,,,,auto,,,,,,,,,,,,,,,,,UINT6,6,2,1x64x64x1x4,rtl,20,0,0,33,0,0,0,0
1,StreamingFIFO_rtl_97,StreamingFIFO_rtl,FIFO,,,,,,,,,,,auto,,,,,,,,,,,,,,,,,UINT6,6,101,1x66x66x1x4,rtl,12,0,0,17,0,0,0,0
1,StreamingFIFO_rtl_98,StreamingFIFO_rtl,FIFO,,,,,,,,,,,auto,,,,,,,,,,,,,,,,,UINT6,6,472,1x66x66x4x1,vivado,56,0,0,109,0,0,0,0
1,ConvolutionInputGenerator_rtl_5,ConvolutionInputGenerator_rtl,SWU,,,,1,,UINT6,UINT6,,6,,distributed,,,,4,66,66,64,64,3,3,1,1,1,1,0,0,,,,,,323,72,0,110,0,0,0,0
1,StreamingFIFO_rtl_99,StreamingFIFO_rtl,FIFO,,,,,,,,,,,auto,,,,,,,,,,,,,,,,,UINT6,6,2,1x64x64x36x1,rtl,19,0,0,31,0,0,0,0
1,StreamingFIFO_rtl_100,StreamingFIFO_rtl,FIFO,,,,,,,,,,,auto,,,,,,,,,,,,,,,,,UINT6,6,2,1x64x64x3x12,rtl,13,0,0,21,0,0,0,0
1,MVAU_rtl_14,MVAU_rtl,MVAU,4,36,2,12,INT4,UINT6,INT13,4,6,dsp,auto,internal_decoupled,,,,,,,,,,,,,,,,,,,,,394,89,0,377,0,0,0,12
1,StreamingFIFO_rtl_101,StreamingFIFO_rtl,FIFO,,,,,,,,,,,auto,,,,,,,,,,,,,,,,,INT13,13,2,1x64x64x2x2,rtl,15,0,0,23,0,0,0,0
1,StreamingFIFO_rtl_102,StreamingFIFO_rtl,FIFO,,,,,,,,,,,auto,,,,,,,,,,,,,,,,,INT13,13,2,1x64x64x4x1,rtl,14,0,0,21,0,0,0,0
1,Thresholding_rtl_26,Thresholding_rtl,Thresholding,,,1,,INT13,INT13,UINT6,13,13,,,,4,63,,,,,,,,,,,,,,,,,,,92,0,7,287,0,1,0,0
1,StreamingFIFO_rtl_103,StreamingFIFO_rtl,FIFO,,,,,,,,,,,auto,,,,,,,,,,,,,,,,,UINT6,6,2,1x64x64x4x1,rtl,11,0,0,17,0,0,0,0
1,MVAU_rtl_15,MVAU_rtl,MVAU,16,4,4,1,INT6,UINT6,INT14,6,6,dsp,auto,internal_decoupled,,,,,,,,,,,,,,,,,,,,,140,16,0,302,0,0,0,2
1,StreamingFIFO_rtl_104,StreamingFIFO_rtl,FIFO,,,,,,,,,,,auto,,,,,,,,,,,,,,,,,INT14,14,2,1x64x64x4x4,rtl,12,0,0,17,0,0,0,0
1,StreamingFIFO_rtl_105,StreamingFIFO_rtl,FIFO,,,,,,,,,,,auto,,,,,,,,,,,,,,,,,INT14,14,2,1x64x64x16x1,rtl,11,0,0,17,0,0,0,0
1,Thresholding_rtl_27,Thresholding_rtl,Thresholding,,,1,,INT14,INT14,INT8,14,14,,,,16,255,,,,,,,,,,,,,,,,,,,94,0,9,399,1,4,0,0
1,StreamingFIFO_rtl_106,StreamingFIFO_rtl,FIFO,,,,,,,,,,,auto,,,,,,,,,,,,,,,,,INT8,8,2,1x64x64x16x1,rtl,29,0,0,53,0,0,0,0
1,StreamingFIFO_rtl_107,StreamingFIFO_rtl,FIFO,,,,,,,,,,,auto,,,,,,,,,,,,,,,,,INT9,9,2,1x64x64x16x1,rtl,72,0,0,67,0,0,1,0
1,Thresholding_rtl_28,Thresholding_rtl,Thresholding,,,1,,INT10,INT9,INT8,10,9,,,,16,255,,,,,,,,,,,,,,,,,,,82,0,13,289,1,2,0,0
1,StreamingFIFO_rtl_108,StreamingFIFO_rtl,FIFO,,,,,,,,,,,auto,,,,,,,,,,,,,,,,,INT8,8,2,1x64x64x16x1,rtl,52,0,16,20,0,0,0,0
1,Thresholding_rtl_29,Thresholding_rtl,Thresholding,,,1,,INT9,INT8,UINT4,9,8,,,,16,15,,,,,,,,,,,,,,,,,,,43,0,7,88,0,0,0,0
1,StreamingFIFO_rtl_109,StreamingFIFO_rtl,FIFO,,,,,,,,,,,auto,,,,,,,,,,,,,,,,,UINT4,4,2,1x64x64x16x1,rtl,61,0,0,117,0,0,0,0
1,StreamingFIFO_rtl_110,StreamingFIFO_rtl,FIFO,,,,,,,,,,,auto,,,,,,,,,,,,,,,,,UINT4,4,2,1x64x64x16x1,rtl,20,0,0,33,0,0,0,0
1,StreamingFIFO_rtl_111,StreamingFIFO_rtl,FIFO,,,,,,,,,,,auto,,,,,,,,,,,,,,,,,UINT4,4,2,1x64x64x16x1,rtl,11,0,0,17,0,0,0,0
1,ConvolutionInputGenerator_rtl_6,ConvolutionInputGenerator_rtl,SWU,,,,1,,UINT4,UINT4,,4,,distributed,,,,16,64,64,32,32,2,2,2,2,1,1,0,0,,,,,,536,256,0,111,0,0,0,0
1,StreamingFIFO_rtl_112,StreamingFIFO_rtl,FIFO,,,,,,,,,,,auto,,,,,,,,,,,,,,,,,UINT4,4,2,1x64x64x1x16,rtl,29,0,0,53,0,0,0,0
1,StreamingFIFO_rtl_113,StreamingFIFO_rtl,FIFO,,,,,,,,,,,auto,,,,,,,,,,,,,,,,,UINT4,4,2,1x32x32x64x1,rtl,150,0,96,37,0,0,0,0
1,StreamingFIFO_rtl_114,StreamingFIFO_rtl,FIFO,,,,,,,,,,,auto,,,,,,,,,,,,,,,,,UINT4,4,32,1x32x32x1x16,rtl,91,0,48,20,0,0,0,0
1,StreamingFIFO_rtl_115,StreamingFIFO_rtl,FIFO,,,,,,,,,,,auto,,,,,,,,,,,,,,,,,UINT4,4,2,1x32x32x2x32,rtl,93,0,42,20,0,0,0,0
1,MVAU_rtl_16,MVAU_rtl,MVAU,8,64,8,32,INT4,UINT4,INT13,4,4,dsp,auto,internal_decoupled,,,,,,,,,,,,,,,,,,,,,3759,240,0,2564,0,0,0,64
1,MVAU_rtl_17,MVAU_rtl,MVAU,32,16,2,16,UINT7,UINT4,INT12,7,4,dsp,auto,internal_decoupled,,,,,,,,,,,,,,,,,,,,,480,96,0,371,0,0,0,16
1,StreamingFIFO_rtl_116,StreamingFIFO_rtl,FIFO,,,,,,,,,,,auto,,,,,,,,,,,,,,,,,INT13,13,2,1x32x32x1x8,rtl,11,0,0,17,0,0,0,0
1,StreamingFIFO_rtl_117,StreamingFIFO_rtl,FIFO,,,,,,,,,,,auto,,,,,,,,,,,,,,,,,INT12,12,256,1x32x32x16x2,rtl,78,0,0,149,0,0,0,0
1,StreamingFIFO_rtl_118,StreamingFIFO_rtl,FIFO,,,,,,,,,,,auto,,,,,,,,,,,,,,,,,INT13,13,2,1x32x32x8x1,rtl,31,0,0,57,0,0,0,0
1,StreamingFIFO_rtl_119,StreamingFIFO_rtl,FIFO,,,,,,,,,,,auto,,,,,,,,,,,,,,,,,INT12,12,2,1x32x32x32x1,rtl,19,0,0,31,0,0,0,0
1,Thresholding_rtl_30,Thresholding_rtl,Thresholding,,,1,,INT13,INT13,UINT6,13,13,,,,8,63,,,,,,,,,,,,,,,,,,,92,0,7,284,0,2,0,0
1,Thresholding_rtl_31,Thresholding_rtl,Thresholding,,,1,,INT12,INT12,INT8,12,12,,,,32,255,,,,,,,,,,,,,,,,,,,78,0,9,347,2,5,0,0
1,StreamingFIFO_rtl_120,StreamingFIFO_rtl,FIFO,,,,,,,,,,,auto,,,,,,,,,,,,,,,,,UINT6,6,2,1x32x32x8x1,rtl,12,0,0,17,0,0,0,0
1,StreamingFIFO_rtl_121,StreamingFIFO_rtl,FIFO,,,,,,,,,,,auto,,,,,,,,,,,,,,,,,INT8,8,1022,1x32x32x32x1,vivado,60,0,0,117,0,0,0,0
1,StreamingFIFO_rtl_122,StreamingFIFO_rtl,FIFO,,,,,,,,,,,auto,,,,,,,,,,,,,,,,,UINT6,6,2,1x32x32x1x8,rtl,20,0,0,33,0,0,0,0
1,StreamingFIFO_rtl_123,StreamingFIFO_rtl,FIFO,,,,,,,,,,,auto,,,,,,,,,,,,,,,,,UINT6,6,62,1x34x34x1x8,rtl,13,0,0,21,0,0,0,0
1,StreamingFIFO_rtl_124,StreamingFIFO_rtl,FIFO,,,,,,,,,,,auto,,,,,,,,,,,,,,,,,UINT6,6,472,1x34x34x8x1,vivado,15,0,0,23,0,0,0,0
1,ConvolutionInputGenerator_rtl_7,ConvolutionInputGenerator_rtl,SWU,,,,1,,UINT6,UINT6,,6,,distributed,,,,8,34,34,32,32,3,3,1,1,1,1,0,0,,,,,,322,72,0,143,0,0,0,0
1,StreamingFIFO_rtl_125,StreamingFIFO_rtl,FIFO,,,,,,,,,,,auto,,,,,,,,,,,,,,,,,UINT6,6,2,1x32x32x72x1,rtl,14,0,0,21,0,0,0,0
1,StreamingFIFO_rtl_126,StreamingFIFO_rtl,FIFO,,,,,,,,,,,auto,,,,,,,,,,,,,,,,,UINT6,6,2,1x32x32x6x12,rtl,9,0,0,13,0,0,0,0
1,MVAU_rtl_18,MVAU_rtl,MVAU,8,72,4,12,INT4,UINT6,INT14,4,6,dsp,auto,internal_decoupled,,,,,,,,,,,,,,,,,,,,,748,138,0,685,0,0,0,24
1,StreamingFIFO_rtl_127,StreamingFIFO_rtl,FIFO,,,,,,,,,,,auto,,,,,,,,,,,,,,,,,INT14,14,2,1x32x32x2x4,rtl,9,0,0,13,0,0,0,0
1,StreamingFIFO_rtl_128,StreamingFIFO_rtl,FIFO,,,,,,,,,,,auto,,,,,,,,,,,,,,,,,INT14,14,2,1x32x32x8x1,rtl,9,0,0,13,0,0,0,0
1,Thresholding_rtl_32,Thresholding_rtl,Thresholding,,,1,,INT14,INT14,UINT4,14,14,,,,8,15,,,,,,,,,,,,,,,,,,,75,0,5,212,0,0,0,0
1,StreamingFIFO_rtl_129,StreamingFIFO_rtl,FIFO,,,,,,,,,,,auto,,,,,,,,,,,,,,,,,UINT4,4,2,1x32x32x8x1,rtl,69,0,0,133,0,0,0,0
1,MVAU_rtl_19,MVAU_rtl,MVAU,32,8,8,1,INT4,UINT4,INT10,4,4,dsp,auto,internal_decoupled,,,,,,,,,,,,,,,,,,,,,243,20,0,438,0,0,0,2
1,StreamingFIFO_rtl_130,StreamingFIFO_rtl,FIFO,,,,,,,,,,,auto,,,,,,,,,,,,,,,,,INT10,10,2,1x32x32x4x8,rtl,9,0,0,13,0,0,0,0
1,StreamingFIFO_rtl_131,StreamingFIFO_rtl,FIFO,,,,,,,,,,,auto,,,,,,,,,,,,,,,,,INT10,10,2,1x32x32x32x1,rtl,88,0,64,75,0,0,0,0
1,Thresholding_rtl_33,Thresholding_rtl,Thresholding,,,1,,INT10,INT10,INT8,10,10,,,,32,255,,,,,,,,,,,,,,,,,,,69,0,9,327,2,5,0,0
1,StreamingFIFO_rtl_132,StreamingFIFO_rtl,FIFO,,,,,,,,,,,auto,,,,,,,,,,,,,,,,,INT8,8,2,1x32x32x32x1,rtl,135,0,0,261,0,0,0,0
1,StreamingFIFO_rtl_133,StreamingFIFO_rtl,FIFO,,,,,,,,,,,auto,,,,,,,,,,,,,,,,,INT9,9,2,1x32x32x32x1,rtl,108,0,0,213,0,0,0,0
2,StreamingFIFO_rtl_0,StreamingFIFO_rtl,FIFO,,,,,,,,,,,auto,,,,,,,,,,,,,,,,,INT9,9,2,1x32x32x32x1,rtl,15,0,0,23,0,0,0,0
2,Thresholding_rtl_0,Thresholding_rtl,Thresholding,,,1,,INT10,INT9,INT8,10,9,,,,32,255,,,,,,,,,,,,,,,,,,,84,0,14,295,2,2,0,0
2,StreamingFIFO_rtl_1,StreamingFIFO_rtl,FIFO,,,,,,,,,,,auto,,,,,,,,,,,,,,,,,INT8,8,2,1x32x32x32x1,rtl,14,0,0,21,0,0,0,0
2,Thresholding_rtl_1,Thresholding_rtl,Thresholding,,,1,,INT9,INT8,UINT4,9,8,,,,32,15,,,,,,,,,,,,,,,,,,,43,0,7,88,0,0,0,0
2,StreamingFIFO_rtl_2,StreamingFIFO_rtl,FIFO,,,,,,,,,,,auto,,,,,,,,,,,,,,,,,UINT4,4,2,1x32x32x32x1,rtl,9,0,0,13,0,0,0,0
2,StreamingFIFO_rtl_3,StreamingFIFO_rtl,FIFO,,,,,,,,,,,auto,,,,,,,,,,,,,,,,,UINT4,4,4139,1x32x32x32x1,vivado,83,0,0,67,1,0,0,0
2,StreamingFIFO_rtl_4,StreamingFIFO_rtl,FIFO,,,,,,,,,,,auto,,,,,,,,,,,,,,,,,UINT4,4,2,1x32x32x32x1,rtl,9,0,0,13,0,0,0,0
2,Thresholding_rtl_2,Thresholding_rtl,Thresholding,,,1,,UINT4,UINT4,INT8,4,4,,,,32,255,,,,,,,,,,,,,,,,,,,48,0,17,168,0,5,0,0
2,StreamingFIFO_rtl_5,StreamingFIFO_rtl,FIFO,,,,,,,,,,,auto,,,,,,,,,,,,,,,,,UINT4,4,2,1x32x32x2x16,rtl,41,0,8,16,0,0,0,0
2,StreamingFIFO_rtl_6,StreamingFIFO_rtl,FIFO,,,,,,,,,,,ultra,,,,,,,,,,,,,,,,,INT8,8,32768,1x32x32x32x1,vivado,69,0,0,133,0,0,0,0
2,MVAU_rtl_0,MVAU_rtl,MVAU,8,32,2,16,INT4,UINT4,INT12,4,4,dsp,auto,internal_decoupled,,,,,,,,,,,,,,,,,,,,,503,104,0,611,0,0,0,16
2,StreamingFIFO_rtl_7,StreamingFIFO_rtl,FIFO,,,,,,,,,,,auto,,,,,,,,,,,,,,,,,INT12,12,2,1x32x32x4x2,rtl,72,0,0,87,0,0,8,0
2,StreamingFIFO_rtl_8,StreamingFIFO_rtl,FIFO,,,,,,,,,,,auto,,,,,,,,,,,,,,,,,INT12,12,2,1x32x32x8x1,rtl,29,0,0,53,0,0,0,0
2,Thresholding_rtl_3,Thresholding_rtl,Thresholding,,,1,,INT12,INT12,UINT4,12,12,,,,8,15,,,,,,,,,,,,,,,,,,,69,0,5,190,0,0,0,0
2,StreamingFIFO_rtl_9,StreamingFIFO_rtl,FIFO,,,,,,,,,,,auto,,,,,,,,,,,,,,,,,UINT4,4,2,1x32x32x8x1,rtl,18,0,0,29,0,0,0,0
2,StreamingFIFO_rtl_10,StreamingFIFO_rtl,FIFO,,,,,,,,,,,auto,,,,,,,,,,,,,,,,,UINT4,4,2,1x32x32x1x8,rtl,9,0,0,13,0,0,0,0
2,StreamingFIFO_rtl_11,StreamingFIFO_rtl,FIFO,,,,,,,,,,,auto,,,,,,,,,,,,,,,,,UINT4,4,166,1x34x34x1x8,rtl,37,0,0,69,0,0,0,0
2,StreamingFIFO_rtl_12,StreamingFIFO_rtl,FIFO,,,,,,,,,,,auto,,,,,,,,,,,,,,,,,UINT4,4,9248,1x34x34x8x1,vivado,292,0,192,50,0,0,0,0
2,ConvolutionInputGenerator_rtl_0,ConvolutionInputGenerator_rtl,SWU,,,,1,,UINT4,UINT4,,4,,distributed,,,,8,34,34,32,32,3,3,1,1,1,1,0,0,,,,,,316,72,0,141,0,0,0,0
2,StreamingFIFO_rtl_13,StreamingFIFO_rtl,FIFO,,,,,,,,,,,auto,,,,,,,,,,,,,,,,,UINT4,4,2,1x32x32x72x1,rtl,93,0,0,71,2,0,0,0
2,StreamingFIFO_rtl_14,StreamingFIFO_rtl,FIFO,,,,,,,,,,,auto,,,,,,,,,,,,,,,,,UINT4,4,2,1x32x32x6x12,rtl,70,0,0,59,0,1,0,0
2,MVAU_rtl_1,MVAU_rtl,MVAU,8,72,4,12,INT4,UINT4,INT12,4,4,dsp,auto,internal_decoupled,,,,,,,,,,,,,,,,,,,,,762,124,0,1071,0,0,0,12
2,StreamingFIFO_rtl_15,StreamingFIFO_rtl,FIFO,,,,,,,,,,,auto,,,,,,,,,,,,,,,,,INT12,12,2,1x32x32x2x4,rtl,35,0,4,40,0,0,0,0
2,StreamingFIFO_rtl_16,StreamingFIFO_rtl,FIFO,,,,,,,,,,,auto,,,,,,,,,,,,,,,,,INT12,12,2,1x32x32x8x1,rtl,9,0,0,13,0,0,0,0
2,Thresholding_rtl_4,Thresholding_rtl,Thresholding,,,1,,INT12,INT12,UINT4,12,12,,,,8,15,,,,,,,,,,,,,,,,,,,67,0,5,190,0,0,0,0
2,StreamingFIFO_rtl_17,StreamingFIFO_rtl,FIFO,,,,,,,,,,,auto,,,,,,,,,,,,,,,,,UINT4,4,2,1x32x32x8x1,rtl,54,0,0,101,0,0,0,0
2,MVAU_rtl_2,MVAU_rtl,MVAU,32,8,8,1,INT4,UINT4,INT10,4,4,dsp,auto,internal_decoupled,,,,,,,,,,,,,,,,,,,,,242,20,0,438,0,0,0,2
2,StreamingFIFO_rtl_18,StreamingFIFO_rtl,FIFO,,,,,,,,,,,auto,,,,,,,,,,,,,,,,,INT10,10,2,1x32x32x4x8,rtl,53,0,0,101,0,0,0,0
2,StreamingFIFO_rtl_19,StreamingFIFO_rtl,FIFO,,,,,,,,,,,auto,,,,,,,,,,,,,,,,,INT10,10,2,1x32x32x32x1,rtl,18,0,0,29,0,0,0,0
2,Thresholding_rtl_5,Thresholding_rtl,Thresholding,,,1,,INT10,INT10,INT8,10,10,,,,32,255,,,,,,,,,,,,,,,,,,,70,0,9,327,2,5,0,0
2,StreamingFIFO_rtl_20,StreamingFIFO_rtl,FIFO,,,,,,,,,,,auto,,,,,,,,,,,,,,,,,INT8,8,2,1x32x32x32x1,rtl,9,0,0,13,0,0,0,0
2,StreamingFIFO_rtl_21,StreamingFIFO_rtl,FIFO,,,,,,,,,,,auto,,,,,,,,,,,,,,,,,INT9,9,2,1x32x32x32x1,rtl,85,0,0,165,0,0,0,0
2,Thresholding_rtl_6,Thresholding_rtl,Thresholding,,,1,,INT10,INT9,INT8,10,9,,,,32,255,,,,,,,,,,,,,,,,,,,85,0,14,295,2,2,0,0
2,StreamingFIFO_rtl_22,StreamingFIFO_rtl,FIFO,,,,,,,,,,,auto,,,,,,,,,,,,,,,,,INT8,8,2,1x32x32x32x1,rtl,16,0,0,25,0,0,0,0
2,Thresholding_rtl_7,Thresholding_rtl,Thresholding,,,1,,INT9,INT8,UINT4,9,8,,,,32,15,,,,,,,,,,,,,,,,,,,43,0,7,88,0,0,0,0
2,StreamingFIFO_rtl_23,StreamingFIFO_rtl,FIFO,,,,,,,,,,,auto,,,,,,,,,,,,,,,,,UINT4,4,2,1x32x32x32x1,rtl,13,0,0,21,0,0,0,0
2,StreamingFIFO_rtl_24,StreamingFIFO_rtl,FIFO,,,,,,,,,,,auto,,,,,,,,,,,,,,,,,UINT4,4,2,1x32x32x32x1,rtl,15,0,0,23,0,0,0,0
2,StreamingFIFO_rtl_25,StreamingFIFO_rtl,FIFO,,,,,,,,,,,auto,,,,,,,,,,,,,,,,,UINT4,4,2,1x32x32x32x1,rtl,14,0,0,21,0,0,0,0
2,Thresholding_rtl_8,Thresholding_rtl,Thresholding,,,1,,UINT4,UINT4,INT8,4,4,,,,32,255,,,,,,,,,,,,,,,,,,,48,0,17,168,0,0,0,0
2,StreamingFIFO_rtl_26,StreamingFIFO_rtl,FIFO,,,,,,,,,,,auto,,,,,,,,,,,,,,,,,UINT4,4,2,1x32x32x4x8,rtl,9,0,0,13,0,0,0,0
2,StreamingFIFO_rtl_27,StreamingFIFO_rtl,FIFO,,,,,,,,,,,auto,,,,,,,,,,,,,,,,,INT8,8,2462,1x32x32x32x1,vivado,10,0,0,13,0,0,0,0
2,MVAU_rtl_3,MVAU_rtl,MVAU,8,32,4,8,INT4,UINT4,INT12,4,4,dsp,auto,internal_decoupled,,,,,,,,,,,,,,,,,,,,,546,84,0,821,0,0,0,8
2,StreamingFIFO_rtl_28,StreamingFIFO_rtl,FIFO,,,,,,,,,,,auto,,,,,,,,,,,,,,,,,INT12,12,2,1x32x32x2x4,rtl,9,0,0,13,0,0,0,0
2,StreamingFIFO_rtl_29,StreamingFIFO_rtl,FIFO,,,,,,,,,,,auto,,,,,,,,,,,,,,,,,INT12,12,2,1x32x32x8x1,rtl,38,0,0,69,0,0,0,0
2,Thresholding_rtl_9,Thresholding_rtl,Thresholding,,,1,,INT12,INT12,UINT4,12,12,,,,8,15,,,,,,,,,,,,,,,,,,,70,0,5,189,0,0,0,0
2,StreamingFIFO_rtl_30,StreamingFIFO_rtl,FIFO,,,,,,,,,,,auto,,,,,,,,,,,,,,,,,UINT4,4,2,1x32x32x8x1,rtl,78,0,0,63,0,1,0,0
2,StreamingFIFO_rtl_31,StreamingFIFO_rtl,FIFO,,,,,,,,,,,auto,,,,,,,,,,,,,,,,,UINT4,4,2,1x32x32x1x8,rtl,109,0,64,22,0,0,0,0
2,StreamingFIFO_rtl_32,StreamingFIFO_rtl,FIFO,,,,,,,,,,,auto,,,,,,,,,,,,,,,,,UINT4,4,130,1x36x36x1x8,rtl,92,0,40,22,0,0,0,0
2,StreamingFIFO_rtl_33,StreamingFIFO_rtl,FIFO,,,,,,,,,,,auto,,,,,,,,,,,,,,,,,UINT4,4,1096,1x36x36x8x1,vivado,53,0,0,101,0,0,0,0
2,ConvolutionInputGenerator_rtl_1,ConvolutionInputGenerator_rtl,SWU,,,,1,,UINT4,UINT4,,4,,distributed,,,,8,36,36,32,32,3,3,1,1,2,2,0,0,,,,,,415,152,0,107,0,0,0,0
2,StreamingFIFO_rtl_34,StreamingFIFO_rtl,FIFO,,,,,,,,,,,auto,,,,,,,,,,,,,,,,,UINT4,4,2,1x32x32x72x1,rtl,18,0,0,29,0,0,0,0
2,StreamingFIFO_rtl_35,StreamingFIFO_rtl,FIFO,,,,,,,,,,,auto,,,,,,,,,,,,,,,,,UINT4,4,2,1x32x32x3x24,rtl,9,0,0,13,0,0,0,0
2,MVAU_rtl_4,MVAU_rtl,MVAU,8,72,2,24,INT4,UINT4,INT12,4,4,dsp,auto,internal_decoupled,,,,,,,,,,,,,,,,,,,,,746,151,0,982,0,0,0,24
2,StreamingFIFO_rtl_36,StreamingFIFO_rtl,FIFO,,,,,,,,,,,auto,,,,,,,,,,,,,,,,,INT12,12,2,1x32x32x4x2,rtl,37,0,0,69,0,0,0,0
2,StreamingFIFO_rtl_37,StreamingFIFO_rtl,FIFO,,,,,,,,,,,auto,,,,,,,,,,,,,,,,,INT12,12,2,1x32x32x8x1,rtl,258,0,160,46,0,0,0,0
2,Thresholding_rtl_10,Thresholding_rtl,Thresholding,,,1,,INT12,INT12,UINT6,12,12,,,,8,63,,,,,,,,,,,,,,,,,,,79,0,7,269,0,2,0,0
2,StreamingFIFO_rtl_38,StreamingFIFO_rtl,FIFO,,,,,,,,,,,auto,,,,,,,,,,,,,,,,,UINT6,6,2,1x32x32x8x1,rtl,72,0,0,59,0,1,0,0
2,StreamingFIFO_rtl_39,StreamingFIFO_rtl,FIFO,,,,,,,,,,,auto,,,,,,,,,,,,,,,,,UINT6,6,2,1x32x32x1x8,rtl,54,0,12,17,0,0,0,0
2,MVAU_rtl_5,MVAU_rtl,MVAU,32,8,1,8,INT4,UINT6,INT12,4,6,dsp,auto,internal_decoupled,,,,,,,,,,,,,,,,,,,,,118,44,0,160,0,0,0,8
2,StreamingFIFO_rtl_40,StreamingFIFO_rtl,FIFO,,,,,,,,,,,auto,,,,,,,,,,,,,,,,,INT12,12,2,1x32x32x32x1,rtl,9,0,0,13,0,0,0,0
2,Thresholding_rtl_11,Thresholding_rtl,Thresholding,,,1,,INT12,INT12,INT8,12,12,,,,32,255,,,,,,,,,,,,,,,,,,,78,0,9,361,2,5,0,0
2,StreamingFIFO_rtl_41,StreamingFIFO_rtl,FIFO,,,,,,,,,,,auto,,,,,,,,,,,,,,,,,INT8,8,2,1x32x32x32x1,rtl,101,0,0,197,0,0,0,0
2,StreamingFIFO_rtl_42,StreamingFIFO_rtl,FIFO,,,,,,,,,,,auto,,,,,,,,,,,,,,,,,INT9,9,2,1x32x32x32x1,rtl,30,0,0,53,0,0,0,0
2,Thresholding_rtl_12,Thresholding_rtl,Thresholding,,,1,,INT10,INT9,INT8,10,9,,,,32,255,,,,,,,,,,,,,,,,,,,85,0,14,295,2,2,0,0
2,StreamingFIFO_rtl_43,StreamingFIFO_rtl,FIFO,,,,,,,,,,,auto,,,,,,,,,,,,,,,,,INT8,8,2,1x32x32x32x1,rtl,18,0,0,29,0,0,0,0
2,Thresholding_rtl_13,Thresholding_rtl,Thresholding,,,1,,INT9,INT8,UINT4,9,8,,,,32,15,,,,,,,,,,,,,,,,,,,43,0,7,88,0,0,0,0
2,StreamingFIFO_rtl_44,StreamingFIFO_rtl,FIFO,,,,,,,,,,,auto,,,,,,,,,,,,,,,,,UINT4,4,2,1x32x32x32x1,rtl,11,0,0,17,0,0,0,0
2,StreamingFIFO_rtl_45,StreamingFIFO_rtl,FIFO,,,,,,,,,,,auto,,,,,,,,,,,,,,,,,UINT4,4,2,1x32x32x32x1,rtl,53,0,0,101,0,0,0,0
2,StreamingFIFO_rtl_46,StreamingFIFO_rtl,FIFO,,,,,,,,,,,auto,,,,,,,,,,,,,,,,,UINT4,4,2,1x32x32x32x1,rtl,19,0,0,29,0,0,0,0
2,Thresholding_rtl_14,Thresholding_rtl,Thresholding,,,1,,UINT4,UINT4,INT8,4,4,,,,32,255,,,,,,,,,,,,,,,,,,,48,0,17,168,0,5,0,0
2,StreamingFIFO_rtl_47,StreamingFIFO_rtl,FIFO,,,,,,,,,,,auto,,,,,,,,,,,,,,,,,UINT4,4,2,1x32x32x2x16,rtl,13,0,0,21,0,0,0,0
2,StreamingFIFO_rtl_48,StreamingFIFO_rtl,FIFO,,,,,,,,,,,auto,,,,,,,,,,,,,,,,,INT8,8,4926,1x32x32x32x1,vivado,15,0,0,23,0,0,0,0
2,MVAU_rtl_6,MVAU_rtl,MVAU,8,32,2,16,INT4,UINT4,INT13,4,4,dsp,auto,internal_decoupled,,,,,,,,,,,,,,,,,,,,,510,104,0,615,0,0,0,16
2,StreamingFIFO_rtl_49,StreamingFIFO_rtl,FIFO,,,,,,,,,,,auto,,,,,,,,,,,,,,,,,INT13,13,2,1x32x32x4x2,rtl,14,0,0,21,0,0,0,0
2,StreamingFIFO_rtl_50,StreamingFIFO_rtl,FIFO,,,,,,,,,,,auto,,,,,,,,,,,,,,,,,INT13,13,2,1x32x32x8x1,rtl,9,0,0,13,0,0,0,0
2,Thresholding_rtl_15,Thresholding_rtl,Thresholding,,,1,,INT13,INT13,UINT4,13,13,,,,8,15,,,,,,,,,,,,,,,,,,,75,0,5,201,0,0,0,0
2,StreamingFIFO_rtl_51,StreamingFIFO_rtl,FIFO,,,,,,,,,,,auto,,,,,,,,,,,,,,,,,UINT4,4,2,1x32x32x8x1,rtl,10,0,0,13,0,0,0,0
2,StreamingFIFO_rtl_52,StreamingFIFO_rtl,FIFO,,,,,,,,,,,auto,,,,,,,,,,,,,,,,,UINT4,4,2,1x32x32x1x8,rtl,9,0,0,13,0,0,0,0
2,StreamingFIFO_rtl_53,StreamingFIFO_rtl,FIFO,,,,,,,,,,,auto,,,,,,,,,,,,,,,,,UINT4,4,288,1x40x40x1x8,vivado,69,0,0,133,0,0,0,0
2,StreamingFIFO_rtl_54,StreamingFIFO_rtl,FIFO,,,,,,,,,,,auto,,,,,,,,,,,,,,,,,UINT4,4,2432,1x40x40x8x1,vivado,85,0,0,67,1,0,0,0
2,ConvolutionInputGenerator_rtl_2,ConvolutionInputGenerator_rtl,SWU,,,,1,,UINT4,UINT4,,4,,distributed,,,,8,40,40,32,32,3,3,1,1,4,4,0,0,,,,,,671,336,0,111,0,0,0,0
2,StreamingFIFO_rtl_55,StreamingFIFO_rtl,FIFO,,,,,,,,,,,auto,,,,,,,,,,,,,,,,,UINT4,4,2,1x32x32x72x1,rtl,66,0,0,55,0,1,0,0
2,StreamingFIFO_rtl_56,StreamingFIFO_rtl,FIFO,,,,,,,,,,,auto,,,,,,,,,,,,,,,,,UINT4,4,2,1x32x32x3x24,rtl,110,0,64,22,0,0,0,0
2,MVAU_rtl_7,MVAU_rtl,MVAU,8,72,2,24,INT4,UINT4,INT12,4,4,dsp,auto,internal_decoupled,,,,,,,,,,,,,,,,,,,,,747,152,0,988,0,0,0,24
2,StreamingFIFO_rtl_57,StreamingFIFO_rtl,FIFO,,,,,,,,,,,auto,,,,,,,,,,,,,,,,,INT12,12,2,1x32x32x4x2,rtl,31,0,0,57,0,0,0,0
2,StreamingFIFO_rtl_58,StreamingFIFO_rtl,FIFO,,,,,,,,,,,auto,,,,,,,,,,,,,,,,,INT12,12,2,1x32x32x8x1,rtl,53,0,16,20,0,0,0,0
2,Thresholding_rtl_16,Thresholding_rtl,Thresholding,,,1,,INT12,INT12,UINT4,12,12,,,,8,15,,,,,,,,,,,,,,,,,,,67,0,5,190,0,0,0,0
2,StreamingFIFO_rtl_59,StreamingFIFO_rtl,FIFO,,,,,,,,,,,auto,,,,,,,,,,,,,,,,,UINT4,4,2,1x32x32x8x1,rtl,19,0,0,31,0,0,0,0
2,StreamingFIFO_rtl_60,StreamingFIFO_rtl,FIFO,,,,,,,,,,,auto,,,,,,,,,,,,,,,,,UINT4,4,2,1x32x32x1x8,rtl,9,0,0,13,0,0,0,0
2,MVAU_rtl_8,MVAU_rtl,MVAU,32,8,1,8,INT4,UINT4,INT10,4,4,dsp,auto,internal_decoupled,,,,,,,,,,,,,,,,,,,,,110,36,0,195,0,0,0,8
2,StreamingFIFO_rtl_61,StreamingFIFO_rtl,FIFO,,,,,,,,,,,auto,,,,,,,,,,,,,,,,,INT10,10,2,1x32x32x32x1,rtl,37,0,0,69,0,0,0,0
2,Thresholding_rtl_17,Thresholding_rtl,Thresholding,,,1,,INT10,INT10,INT8,10,10,,,,32,255,,,,,,,,,,,,,,,,,,,70,0,9,342,2,5,0,0
2,StreamingFIFO_rtl_62,StreamingFIFO_rtl,FIFO,,,,,,,,,,,auto,,,,,,,,,,,,,,,,,INT8,8,2,1x32x32x32x1,rtl,326,0,256,48,0,0,0,0
2,StreamingFIFO_rtl_63,StreamingFIFO_rtl,FIFO,,,,,,,,,,,auto,,,,,,,,,,,,,,,,,INT9,9,2,1x32x32x32x1,rtl,90,0,32,43,0,0,0,0
2,Thresholding_rtl_18,Thresholding_rtl,Thresholding,,,1,,INT10,INT9,INT8,10,9,,,,32,255,,,,,,,,,,,,,,,,,,,85,0,14,295,0,0,0,0
2,StreamingFIFO_rtl_64,StreamingFIFO_rtl,FIFO,,,,,,,,,,,auto,,,,,,,,,,,,,,,,,INT8,8,2,1x32x32x32x1,rtl,78,0,0,63,0,1,0,0
2,Thresholding_rtl_19,Thresholding_rtl,Thresholding,,,1,,INT9,INT8,UINT4,9,8,,,,32,15,,,,,,,,,,,,,,,,,,,43,0,7,88,0,0,0,0
2,StreamingFIFO_rtl_65,StreamingFIFO_rtl,FIFO,,,,,,,,,,,auto,,,,,,,,,,,,,,,,,UINT4,4,2,1x32x32x32x1,rtl,74,0,32,18,0,0,0,0
2,StreamingFIFO_rtl_66,StreamingFIFO_rtl,FIFO,,,,,,,,,,,auto,,,,,,,,,,,,,,,,,UINT4,4,2,1x32x32x32x1,rtl,54,0,16,17,0,0,0,0
2,StreamingFIFO_rtl_67,StreamingFIFO_rtl,FIFO,,,,,,,,,,,auto,,,,,,,,,,,,,,,,,UINT4,4,2,1x32x32x32x1,rtl,9,0,0,13,0,0,0,0
2,Thresholding_rtl_20,Thresholding_rtl,Thresholding,,,1,,UINT4,UINT4,INT8,4,4,,,,32,255,,,,,,,,,,,,,,,,,,,48,0,17,168,0,0,0,0
2,StreamingFIFO_rtl_68,StreamingFIFO_rtl,FIFO,,,,,,,,,,,auto,,,,,,,,,,,,,,,,,UINT4,4,2,1x32x32x2x16,rtl,101,0,0,197,0,0,0,0
2,StreamingFIFO_rtl_69,StreamingFIFO_rtl,FIFO,,,,,,,,,,,ultra,,,,,,,,,,,,,,,,,INT8,8,10142,1x32x32x32x1,vivado,29,0,0,53,0,0,0,0
2,MVAU_rtl_9,MVAU_rtl,MVAU,8,32,2,16,INT4,UINT4,INT12,4,4,dsp,auto,internal_decoupled,,,,,,,,,,,,,,,,,,,,,512,104,0,665,0,0,0,16
2,StreamingFIFO_rtl_70,StreamingFIFO_rtl,FIFO,,,,,,,,,,,auto,,,,,,,,,,,,,,,,,INT12,12,2,1x32x32x4x2,rtl,18,0,0,29,0,0,0,0
2,StreamingFIFO_rtl_71,StreamingFIFO_rtl,FIFO,,,,,,,,,,,auto,,,,,,,,,,,,,,,,,INT12,12,2,1x32x32x8x1,rtl,9,0,0,13,0,0,0,0
2,Thresholding_rtl_21,Thresholding_rtl,Thresholding,,,1,,INT12,INT12,UINT4,12,12,,,,8,15,,,,,,,,,,,,,,,,,,,68,0,5,190,0,0,0,0
2,StreamingFIFO_rtl_72,StreamingFIFO_rtl,FIFO,,,,,,,,,,,auto,,,,,,,,,,,,,,,,,UINT4,4,2,1x32x32x8x1,rtl,37,0,0,69,0,0,0,0
2,StreamingFIFO_rtl_73,StreamingFIFO_rtl,FIFO,,,,,,,,,,,auto,,,,,,,,,,,,,,,,,UINT4,4,2,1x32x32x1x8,rtl,16,0,0,25,0,0,0,0
2,StreamingFIFO_rtl_74,StreamingFIFO_rtl,FIFO,,,,,,,,,,,auto,,,,,,,,,,,,,,,,,UINT4,4,687,1x48x48x1x8,vivado,13,0,0,21,0,0,0,0
2,StreamingFIFO_rtl_75,StreamingFIFO_rtl,FIFO,,,,,,,,,,,auto,,,,,,,,,,,,,,,,,UINT4,4,5856,1x48x48x8x1,vivado,15,0,0,23,0,0,0,0
2,ConvolutionInputGenerator_rtl_3,ConvolutionInputGenerator_rtl,SWU,,,,1,,UINT4,UINT4,,4,,distributed,,,,8,48,48,32,32,3,3,1,1,8,8,0,0,,,,,,1243,792,0,151,0,0,0,0
2,StreamingFIFO_rtl_76,StreamingFIFO_rtl,FIFO,,,,,,,,,,,auto,,,,,,,,,,,,,,,,,UINT4,4,2,1x32x32x72x1,rtl,14,0,0,21,0,0,0,0
2,StreamingFIFO_rtl_77,StreamingFIFO_rtl,FIFO,,,,,,,,,,,auto,,,,,,,,,,,,,,,,,UINT4,4,2,1x32x32x6x12,rtl,9,0,0,13,0,0,0,0
2,MVAU_rtl_10,MVAU_rtl,MVAU,8,72,4,12,INT4,UINT4,INT12,4,4,dsp,auto,internal_decoupled,,,,,,,,,,,,,,,,,,,,,782,124,0,1131,0,0,0,12
2,StreamingFIFO_rtl_78,StreamingFIFO_rtl,FIFO,,,,,,,,,,,auto,,,,,,,,,,,,,,,,,INT12,12,2,1x32x32x2x4,rtl,10,0,0,13,0,0,0,0
2,StreamingFIFO_rtl_79,StreamingFIFO_rtl,FIFO,,,,,,,,,,,auto,,,,,,,,,,,,,,,,,INT12,12,2,1x32x32x8x1,rtl,9,0,0,13,0,0,0,0
2,Thresholding_rtl_22,Thresholding_rtl,Thresholding,,,1,,INT12,INT12,UINT4,12,12,,,,8,15,,,,,,,,,,,,,,,,,,,65,0,5,190,0,0,0,0
2,StreamingFIFO_rtl_80,StreamingFIFO_rtl,FIFO,,,,,,,,,,,auto,,,,,,,,,,,,,,,,,UINT4,4,2,1x32x32x8x1,rtl,69,0,0,133,0,0,0,0
2,StreamingFIFO_rtl_81,StreamingFIFO_rtl,FIFO,,,,,,,,,,,auto,,,,,,,,,,,,,,,,,UINT4,4,2,1x32x32x1x8,rtl,91,0,0,79,0,0,2,0
2,MVAU_rtl_11,MVAU_rtl,MVAU,32,8,1,8,INT4,UINT4,INT10,4,4,dsp,auto,internal_decoupled,,,,,,,,,,,,,,,,,,,,,115,36,0,227,0,0,0,8
2,StreamingFIFO_rtl_82,StreamingFIFO_rtl,FIFO,,,,,,,,,,,auto,,,,,,,,,,,,,,,,,INT10,10,2,1x32x32x32x1,rtl,70,0,0,67,0,0,1,0
2,Thresholding_rtl_23,Thresholding_rtl,Thresholding,,,1,,INT10,INT10,INT8,10,10,,,,32,255,,,,,,,,,,,,,,,,,,,70,0,9,327,2,5,0,0
2,StreamingFIFO_rtl_83,StreamingFIFO_rtl,FIFO,,,,,,,,,,,auto,,,,,,,,,,,,,,,,,INT8,8,2,1x32x32x32x1,rtl,68,0,0,63,0,0,1,0
2,StreamingFIFO_rtl_84,StreamingFIFO_rtl,FIFO,,,,,,,,,,,auto,,,,,,,,,,,,,,,,,INT9,9,2,1x32x32x32x1,rtl,29,0,0,53,0,0,0,0
2,Thresholding_rtl_24,Thresholding_rtl,Thresholding,,,1,,INT10,INT9,INT8,10,9,,,,32,255,,,,,,,,,,,,,,,,,,,85,0,14,295,2,2,0,0
2,StreamingFIFO_rtl_85,StreamingFIFO_rtl,FIFO,,,,,,,,,,,auto,,,,,,,,,,,,,,,,,INT8,8,2,1x32x32x32x1,rtl,110,0,64,22,0,0,0,0
2,Thresholding_rtl_25,Thresholding_rtl,Thresholding,,,1,,INT9,INT8,UINT4,9,8,,,,32,15,,,,,,,,,,,,,,,,,,,43,0,7,88,0,0,0,0
2,StreamingFIFO_rtl_86,StreamingFIFO_rtl,FIFO,,,,,,,,,,,auto,,,,,,,,,,,,,,,,,UINT4,4,2,1x32x32x32x1,rtl,93,0,40,22,0,0,0,0
2,StreamingFIFO_rtl_87,StreamingFIFO_rtl,FIFO,,,,,,,,,,,auto,,,,,,,,,,,,,,,,,UINT4,4,2,1x32x32x32x1,rtl,18,0,0,29,0,0,0,0
2,StreamingFIFO_rtl_88,StreamingFIFO_rtl,FIFO,,,,,,,,,,,auto,,,,,,,,,,,,,,,,,UINT4,4,2,1x32x32x32x1,rtl,9,0,0,13,0,0,0,0
2,Thresholding_rtl_26,Thresholding_rtl,Thresholding,,,1,,UINT4,UINT4,INT8,4,4,,,,32,255,,,,,,,,,,,,,,,,,,,48,0,17,168,0,5,0,0
2,StreamingFIFO_rtl_89,StreamingFIFO_rtl,FIFO,,,,,,,,,,,auto,,,,,,,,,,,,,,,,,UINT4,4,2,1x32x32x4x8,rtl,37,0,0,69,0,0,0,0
2,StreamingFIFO_rtl_90,StreamingFIFO_rtl,FIFO,,,,,,,,,,,auto,,,,,,,,,,,,,,,,,INT8,8,1118,1x32x32x32x1,vivado,69,0,0,55,0,1,0,0
2,MVAU_rtl_12,MVAU_rtl,MVAU,8,32,4,8,INT4,UINT4,INT12,4,4,dsp,auto,internal_decoupled,,,,,,,,,,,,,,,,,,,,,573,83,0,938,0,0,0,8
2,StreamingFIFO_rtl_91,StreamingFIFO_rtl,FIFO,,,,,,,,,,,auto,,,,,,,,,,,,,,,,,INT12,12,2,1x32x32x2x4,rtl,296,0,192,51,0,0,0,0
2,StreamingFIFO_rtl_92,StreamingFIFO_rtl,FIFO,,,,,,,,,,,auto,,,,,,,,,,,,,,,,,INT12,12,2,1x32x32x8x1,rtl,83,0,0,67,1,0,0,0
2,Thresholding_rtl_27,Thresholding_rtl,Thresholding,,,1,,INT12,INT12,UINT4,12,12,,,,8,15,,,,,,,,,,,,,,,,,,,71,0,5,190,0,0,0,0
2,StreamingFIFO_rtl_93,StreamingFIFO_rtl,FIFO,,,,,,,,,,,auto,,,,,,,,,,,,,,,,,UINT4,4,2,1x32x32x8x1,rtl,71,0,0,59,0,1,0,0
2,StreamingFIFO_rtl_94,StreamingFIFO_rtl,FIFO,,,,,,,,,,,auto,,,,,,,,,,,,,,,,,UINT4,4,2,1x32x32x1x8,rtl,67,0,0,55,0,1,0,0
2,StreamingFIFO_rtl_95,StreamingFIFO_rtl,FIFO,,,,,,,,,,,auto,,,,,,,,,,,,,,,,,UINT4,4,62,1x34x34x1x8,rtl,76,0,28,18,0,0,0,0
2,StreamingFIFO_rtl_96,StreamingFIFO_rtl,FIFO,,,,,,,,,,,auto,,,,,,,,,,,,,,,,,UINT4,4,472,1x34x34x8x1,vivado,8,0,0,13,0,0,0,0
2,ConvolutionInputGenerator_rtl_4,ConvolutionInputGenerator_rtl,SWU,,,,1,,UINT4,UINT4,,4,,distributed,,,,8,34,34,32,32,3,3,1,1,1,1,0,0,,,,,,315,72,0,141,0,0,0,0
2,StreamingFIFO_rtl_97,StreamingFIFO_rtl,FIFO,,,,,,,,,,,auto,,,,,,,,,,,,,,,,,UINT4,4,2,1x32x32x72x1,rtl,54,0,0,101,0,0,0,0
2,StreamingFIFO_rtl_98,StreamingFIFO_rtl,FIFO,,,,,,,,,,,auto,,,,,,,,,,,,,,,,,UINT4,4,2,1x32x32x6x12,rtl,53,0,0,101,0,0,0,0
2,MVAU_rtl_13,MVAU_rtl,MVAU,8,72,4,12,INT4,UINT4,INT12,4,4,dsp,auto,internal_decoupled,,,,,,,,,,,,,,,,,,,,,763,124,0,1071,0,0,0,12
2,StreamingFIFO_rtl_99,StreamingFIFO_rtl,FIFO,,,,,,,,,,,auto,,,,,,,,,,,,,,,,,INT12,12,2,1x32x32x2x4,rtl,18,0,0,29,0,0,0,0
2,StreamingFIFO_rtl_100,StreamingFIFO_rtl,FIFO,,,,,,,,,,,auto,,,,,,,,,,,,,,,,,INT12,12,2,1x32x32x8x1,rtl,9,0,0,13,0,0,0,0
2,Thresholding_rtl_28,Thresholding_rtl,Thresholding,,,1,,INT12,INT12,UINT4,12,12,,,,8,15,,,,,,,,,,,,,,,,,,,67,0,5,190,0,0,0,0
2,StreamingFIFO_rtl_101,StreamingFIFO_rtl,FIFO,,,,,,,,,,,auto,,,,,,,,,,,,,,,,,UINT4,4,2,1x32x32x8x1,rtl,37,0,0,69,0,0,0,0
2,StreamingFIFO_rtl_102,StreamingFIFO_rtl,FIFO,,,,,,,,,,,auto,,,,,,,,,,,,,,,,,UINT4,4,2,1x32x32x1x8,rtl,16,0,0,25,0,0,0,0
2,MVAU_rtl_14,MVAU_rtl,MVAU,32,8,1,8,INT4,UINT4,INT10,4,4,dsp,auto,internal_decoupled,,,,,,,,,,,,,,,,,,,,,115,36,0,227,0,0,0,8
2,StreamingFIFO_rtl_103,StreamingFIFO_rtl,FIFO,,,,,,,,,,,auto,,,,,,,,,,,,,,,,,INT10,10,2,1x32x32x32x1,rtl,13,0,0,21,0,0,0,0
2,Thresholding_rtl_29,Thresholding_rtl,Thresholding,,,1,,INT10,INT10,INT8,10,10,,,,32,255,,,,,,,,,,,,,,,,,,,70,0,9,327,2,5,0,0
2,StreamingFIFO_rtl_104,StreamingFIFO_rtl,FIFO,,,,,,,,,,,auto,,,,,,,,,,,,,,,,,INT8,8,2,1x32x32x32x1,rtl,15,0,0,23,0,0,0,0
2,StreamingFIFO_rtl_105,StreamingFIFO_rtl,FIFO,,,,,,,,,,,auto,,,,,,,,,,,,,,,,,INT9,9,2,1x32x32x32x1,rtl,14,0,0,21,0,0,0,0
3,StreamingFIFO_rtl_0,StreamingFIFO_rtl,FIFO,,,,,,,,,,,auto,,,,,,,,,,,,,,,,,INT9,9,2,1x32x32x32x1,rtl,16,0,0,23,0,0,0,0
3,Thresholding_rtl_0,Thresholding_rtl,Thresholding,,,1,,INT10,INT9,INT8,10,9,,,,32,255,,,,,,,,,,,,,,,,,,,85,0,14,295,2,2,0,0
3,StreamingFIFO_rtl_1,StreamingFIFO_rtl,FIFO,,,,,,,,,,,auto,,,,,,,,,,,,,,,,,INT8,8,2,1x32x32x32x1,rtl,15,0,0,21,0,0,0,0
3,Thresholding_rtl_1,Thresholding_rtl,Thresholding,,,1,,INT9,INT8,UINT4,9,8,,,,32,15,,,,,,,,,,,,,,,,,,,43,0,7,88,0,0,0,0
3,StreamingFIFO_rtl_2,StreamingFIFO_rtl,FIFO,,,,,,,,,,,auto,,,,,,,,,,,,,,,,,UINT4,4,2,1x32x32x32x1,rtl,10,0,0,13,0,0,0,0
3,StreamingFIFO_rtl_3,StreamingFIFO_rtl,FIFO,,,,,,,,,,,auto,,,,,,,,,,,,,,,,,UINT4,4,4619,1x32x32x32x1,vivado,84,0,0,67,0,1,0,0
3,StreamingFIFO_rtl_4,StreamingFIFO_rtl,FIFO,,,,,,,,,,,auto,,,,,,,,,,,,,,,,,UINT4,4,2,1x32x32x32x1,rtl,10,0,0,13,0,0,0,0
3,Thresholding_rtl_2,Thresholding_rtl,Thresholding,,,1,,UINT4,UINT4,INT8,4,4,,,,32,255,,,,,,,,,,,,,,,,,,,48,0,17,168,0,0,0,0
3,StreamingFIFO_rtl_5,StreamingFIFO_rtl,FIFO,,,,,,,,,,,auto,,,,,,,,,,,,,,,,,UINT4,4,2,1x32x32x2x16,rtl,68,0,0,55,0,1,0,0
3,StreamingFIFO_rtl_6,StreamingFIFO_rtl,FIFO,,,,,,,,,,,ultra,,,,,,,,,,,,,,,,,INT8,8,32768,1x32x32x32x1,vivado,26,0,4,14,0,0,0,0
3,MVAU_rtl_0,MVAU_rtl,MVAU,8,32,2,16,INT4,UINT4,INT12,4,4,dsp,auto,internal_decoupled,,,,,,,,,,,,,,,,,,,,,507,104,0,630,0,0,0,16
3,StreamingFIFO_rtl_7,StreamingFIFO_rtl,FIFO,,,,,,,,,,,auto,,,,,,,,,,,,,,,,,INT12,12,2,1x32x32x4x2,rtl,69,0,0,133,0,0,0,0
3,StreamingFIFO_rtl_8,StreamingFIFO_rtl,FIFO,,,,,,,,,,,auto,,,,,,,,,,,,,,,,,INT12,12,2,1x32x32x8x1,rtl,68,0,0,87,0,0,8,0
3,Thresholding_rtl_3,Thresholding_rtl,Thresholding,,,1,,INT12,INT12,UINT4,12,12,,,,8,15,,,,,,,,,,,,,,,,,,,71,0,5,190,0,0,0,0
3,StreamingFIFO_rtl_9,StreamingFIFO_rtl,FIFO,,,,,,,,,,,auto,,,,,,,,,,,,,,,,,UINT4,4,2,1x32x32x8x1,rtl,29,0,0,53,0,0,0,0
3,StreamingFIFO_rtl_10,StreamingFIFO_rtl,FIFO,,,,,,,,,,,auto,,,,,,,,,,,,,,,,,UINT4,4,32,1x32x32x1x8,rtl,20,0,0,29,0,0,0,0
3,StreamingFIFO_rtl_11,StreamingFIFO_rtl,FIFO,,,,,,,,,,,auto,,,,,,,,,,,,,,,,,UINT4,4,228,1x36x36x1x8,rtl,10,0,0,13,0,0,0,0
3,StreamingFIFO_rtl_12,StreamingFIFO_rtl,FIFO,,,,,,,,,,,ultra,,,,,,,,,,,,,,,,,UINT4,4,10368,1x36x36x8x1,vivado,88,0,32,43,0,0,0,0
3,ConvolutionInputGenerator_rtl_0,ConvolutionInputGenerator_rtl,SWU,,,,1,,UINT4,UINT4,,4,,distributed,,,,8,36,36,32,32,3,3,1,1,2,2,0,0,,,,,,415,152,0,107,0,0,0,0
3,StreamingFIFO_rtl_13,StreamingFIFO_rtl,FIFO,,,,,,,,,,,auto,,,,,,,,,,,,,,,,,UINT4,4,2,1x32x32x72x1,rtl,324,0,256,46,0,0,0,0
3,StreamingFIFO_rtl_14,StreamingFIFO_rtl,FIFO,,,,,,,,,,,auto,,,,,,,,,,,,,,,,,UINT4,4,2,1x32x32x3x24,rtl,90,0,0,75,0,0,2,0
3,MVAU_rtl_1,MVAU_rtl,MVAU,8,72,2,24,INT4,UINT4,INT12,4,4,dsp,auto,internal_decoupled,,,,,,,,,,,,,,,,,,,,,731,152,0,840,0,0,0,24
3,StreamingFIFO_rtl_15,StreamingFIFO_rtl,FIFO,,,,,,,,,,,auto,,,,,,,,,,,,,,,,,INT12,12,2,1x32x32x4x2,rtl,78,0,0,67,0,0,1,0
3,StreamingFIFO_rtl_16,StreamingFIFO_rtl,FIFO,,,,,,,,,,,auto,,,,,,,,,,,,,,,,,INT12,12,2,1x32x32x8x1,rtl,54,0,16,17,0,0,0,0
3,Thresholding_rtl_4,Thresholding_rtl,Thresholding,,,1,,INT12,INT12,UINT4,12,12,,,,8,15,,,,,,,,,,,,,,,,,,,67,0,5,190,0,0,0,0
3,StreamingFIFO_rtl_17,StreamingFIFO_rtl,FIFO,,,,,,,,,,,auto,,,,,,,,,,,,,,,,,UINT4,4,2,1x32x32x8x1,rtl,9,0,0,13,0,0,0,0
3,MVAU_rtl_2,MVAU_rtl,MVAU,32,8,8,1,INT4,UINT4,INT10,4,4,dsp,auto,internal_decoupled,,,,,,,,,,,,,,,,,,,,,243,20,0,438,0,0,0,2
3,StreamingFIFO_rtl_18,StreamingFIFO_rtl,FIFO,,,,,,,,,,,auto,,,,,,,,,,,,,,,,,INT10,10,2,1x32x32x4x8,rtl,101,0,0,197,0,0,0,0
3,StreamingFIFO_rtl_19,StreamingFIFO_rtl,FIFO,,,,,,,,,,,auto,,,,,,,,,,,,,,,,,INT10,10,2,1x32x32x32x1,rtl,30,0,0,53,0,0,0,0
3,Thresholding_rtl_5,Thresholding_rtl,Thresholding,,,1,,INT10,INT10,INT8,10,10,,,,32,255,,,,,,,,,,,,,,,,,,,70,0,9,327,2,5,0,0
3,StreamingFIFO_rtl_20,StreamingFIFO_rtl,FIFO,,,,,,,,,,,auto,,,,,,,,,,,,,,,,,INT8,8,2,1x32x32x32x1,rtl,18,0,0,29,0,0,0,0
3,StreamingFIFO_rtl_21,StreamingFIFO_rtl,FIFO,,,,,,,,,,,auto,,,,,,,,,,,,,,,,,INT9,9,2,1x32x32x32x1,rtl,9,0,0,13,0,0,0,0
3,Thresholding_rtl_6,Thresholding_rtl,Thresholding,,,1,,INT10,INT9,INT8,10,9,,,,32,255,,,,,,,,,,,,,,,,,,,85,0,14,295,2,2,0,0
3,StreamingFIFO_rtl_22,StreamingFIFO_rtl,FIFO,,,,,,,,,,,auto,,,,,,,,,,,,,,,,,INT8,8,2,1x32x32x32x1,rtl,85,0,0,165,0,0,0,0
3,Thresholding_rtl_7,Thresholding_rtl,Thresholding,,,1,,INT9,INT8,UINT4,9,8,,,,32,15,,,,,,,,,,,,,,,,,,,43,0,7,88,0,0,0,0
3,StreamingFIFO_rtl_23,StreamingFIFO_rtl,FIFO,,,,,,,,,,,auto,,,,,,,,,,,,,,,,,UINT4,4,2,1x32x32x32x1,rtl,18,0,0,25,0,0,0,0
3,StreamingFIFO_rtl_24,StreamingFIFO_rtl,FIFO,,,,,,,,,,,auto,,,,,,,,,,,,,,,,,UINT4,4,2,1x32x32x32x1,rtl,14,0,0,21,0,0,0,0
3,StreamingFIFO_rtl_25,StreamingFIFO_rtl,FIFO,,,,,,,,,,,auto,,,,,,,,,,,,,,,,,UINT4,4,2,1x32x32x32x1,rtl,16,0,0,23,0,0,0,0
3,Thresholding_rtl_8,Thresholding_rtl,Thresholding,,,1,,UINT4,UINT4,INT8,4,4,,,,32,255,,,,,,,,,,,,,,,,,,,48,0,17,168,0,5,0,0
3,StreamingFIFO_rtl_26,StreamingFIFO_rtl,FIFO,,,,,,,,,,,auto,,,,,,,,,,,,,,,,,UINT4,4,2,1x32x32x2x16,rtl,15,0,0,21,0,0,0,0
3,StreamingFIFO_rtl_27,StreamingFIFO_rtl,FIFO,,,,,,,,,,,auto,,,,,,,,,,,,,,,,,INT8,8,4926,1x32x32x32x1,vivado,10,0,0,13,0,0,0,0
3,MVAU_rtl_3,MVAU_rtl,MVAU,8,32,2,16,INT4,UINT4,INT13,4,4,dsp,auto,internal_decoupled,,,,,,,,,,,,,,,,,,,,,517,104,0,646,0,0,0,16
3,StreamingFIFO_rtl_28,StreamingFIFO_rtl,FIFO,,,,,,,,,,,auto,,,,,,,,,,,,,,,,,INT13,13,2,1x32x32x4x2,rtl,11,0,0,13,0,0,0,0
3,StreamingFIFO_rtl_29,StreamingFIFO_rtl,FIFO,,,,,,,,,,,auto,,,,,,,,,,,,,,,,,INT13,13,2,1x32x32x8x1,rtl,10,0,0,13,0,0,0,0
3,Thresholding_rtl_9,Thresholding_rtl,Thresholding,,,1,,INT13,INT13,UINT4,13,13,,,,8,15,,,,,,,,,,,,,,,,,,,73,0,5,201,0,0,0,0
3,StreamingFIFO_rtl_30,StreamingFIFO_rtl,FIFO,,,,,,,,,,,auto,,,,,,,,,,,,,,,,,UINT4,4,2,1x32x32x8x1,rtl,69,0,0,133,0,0,0,0
3,StreamingFIFO_rtl_31,StreamingFIFO_rtl,FIFO,,,,,,,,,,,auto,,,,,,,,,,,,,,,,,UINT4,4,2,1x32x32x1x8,rtl,83,0,0,67,1,0,0,0
3,StreamingFIFO_rtl_32,StreamingFIFO_rtl,FIFO,,,,,,,,,,,auto,,,,,,,,,,,,,,,,,UINT4,4,288,1x40x40x1x8,vivado,68,0,0,55,0,1,0,0
3,StreamingFIFO_rtl_33,StreamingFIFO_rtl,FIFO,,,,,,,,,,,auto,,,,,,,,,,,,,,,,,UINT4,4,2432,1x40x40x8x1,vivado,110,0,64,22,0,0,0,0
3,ConvolutionInputGenerator_rtl_1,ConvolutionInputGenerator_rtl,SWU,,,,1,,UINT4,UINT4,,4,,distributed,,,,8,40,40,32,32,3,3,1,1,4,4,0,0,,,,,,663,336,0,118,0,0,0,0
3,StreamingFIFO_rtl_34,StreamingFIFO_rtl,FIFO,,,,,,,,,,,auto,,,,,,,,,,,,,,,,,UINT4,4,2,1x32x32x72x1,rtl,31,0,0,57,0,0,0,0
3,StreamingFIFO_rtl_35,StreamingFIFO_rtl,FIFO,,,,,,,,,,,auto,,,,,,,,,,,,,,,,,UINT4,4,2,1x32x32x3x24,rtl,53,0,16,20,0,0,0,0
3,MVAU_rtl_4,MVAU_rtl,MVAU,8,72,2,24,INT4,UINT4,INT12,4,4,dsp,auto,internal_decoupled,,,,,,,,,,,,,,,,,,,,,730,152,0,840,0,0,0,24
3,StreamingFIFO_rtl_36,StreamingFIFO_rtl,FIFO,,,,,,,,,,,auto,,,,,,,,,,,,,,,,,INT12,12,2,1x32x32x4x2,rtl,19,0,0,31,0,0,0,0
3,StreamingFIFO_rtl_37,StreamingFIFO_rtl,FIFO,,,,,,,,,,,auto,,,,,,,,,,,,,,,,,INT12,12,2,1x32x32x8x1,rtl,9,0,0,13,0,0,0,0
3,Thresholding_rtl_10,Thresholding_rtl,Thresholding,,,1,,INT12,INT12,UINT6,12,12,,,,8,63,,,,,,,,,,,,,,,,,,,78,0,7,265,0,2,0,0
3,StreamingFIFO_rtl_38,StreamingFIFO_rtl,FIFO,,,,,,,,,,,auto,,,,,,,,,,,,,,,,,UINT6,6,2,1x32x32x8x1,rtl,37,0,0,69,0,0,0,0
3,MVAU_rtl_5,MVAU_rtl,MVAU,32,8,8,1,INT4,UINT6,INT12,4,6,dsp,auto,internal_decoupled,,,,,,,,,,,,,,,,,,,,,229,20,0,490,0,0,0,4
3,StreamingFIFO_rtl_39,StreamingFIFO_rtl,FIFO,,,,,,,,,,,auto,,,,,,,,,,,,,,,,,INT12,12,2,1x32x32x4x8,rtl,326,0,256,48,0,0,0,0
3,StreamingFIFO_rtl_40,StreamingFIFO_rtl,FIFO,,,,,,,,,,,auto,,,,,,,,,,,,,,,,,INT12,12,2,1x32x32x32x1,rtl,91,0,32,43,0,0,0,0
3,Thresholding_rtl_11,Thresholding_rtl,Thresholding,,,1,,INT12,INT12,INT8,12,12,,,,32,255,,,,,,,,,,,,,,,,,,,78,0,9,361,2,5,0,0
3,StreamingFIFO_rtl_41,StreamingFIFO_rtl,FIFO,,,,,,,,,,,auto,,,,,,,,,,,,,,,,,INT8,8,2,1x32x32x32x1,rtl,78,0,0,63,0,1,0,0
3,StreamingFIFO_rtl_42,StreamingFIFO_rtl,FIFO,,,,,,,,,,,auto,,,,,,,,,,,,,,,,,INT9,9,2,1x32x32x32x1,rtl,71,0,32,18,0,0,0,0
3,Thresholding_rtl_12,Thresholding_rtl,Thresholding,,,1,,INT10,INT9,INT8,10,9,,,,32,255,,,,,,,,,,,,,,,,,,,85,0,14,295,0,0,0,0
3,StreamingFIFO_rtl_43,StreamingFIFO_rtl,FIFO,,,,,,,,,,,auto,,,,,,,,,,,,,,,,,INT8,8,2,1x32x32x32x1,rtl,54,0,16,17,0,0,0,0
3,Thresholding_rtl_13,Thresholding_rtl,Thresholding,,,1,,INT9,INT8,UINT4,9,8,,,,32,15,,,,,,,,,,,,,,,,,,,43,0,7,88,0,0,0,0
3,StreamingFIFO_rtl_44,StreamingFIFO_rtl,FIFO,,,,,,,,,,,auto,,,,,,,,,,,,,,,,,UINT4,4,2,1x32x32x32x1,rtl,9,0,0,13,0,0,0,0
3,StreamingFIFO_rtl_45,StreamingFIFO_rtl,FIFO,,,,,,,,,,,auto,,,,,,,,,,,,,,,,,UINT4,4,2,1x32x32x32x1,rtl,101,0,0,197,0,0,0,0
3,StreamingFIFO_rtl_46,StreamingFIFO_rtl,FIFO,,,,,,,,,,,auto,,,,,,,,,,,,,,,,,UINT4,4,2,1x32x32x32x1,rtl,30,0,0,53,0,0,0,0
3,Thresholding_rtl_14,Thresholding_rtl,Thresholding,,,1,,UINT4,UINT4,INT8,4,4,,,,32,255,,,,,,,,,,,,,,,,,,,47,0,17,168,0,5,0,0
3,StreamingFIFO_rtl_47,StreamingFIFO_rtl,FIFO,,,,,,,,,,,auto,,,,,,,,,,,,,,,,,UINT4,4,2,1x32x32x4x8,rtl,18,0,0,29,0,0,0,0
3,StreamingFIFO_rtl_48,StreamingFIFO_rtl,FIFO,,,,,,,,,,,auto,,,,,,,,,,,,,,,,,INT8,8,10142,1x32x32x32x1,vivado,11,0,0,17,0,0,0,0
3,MVAU_rtl_6,MVAU_rtl,MVAU,8,32,4,8,INT4,UINT4,INT12,4,4,dsp,auto,internal_decoupled,,,,,,,,,,,,,,,,,,,,,550,84,0,836,0,0,0,8
3,StreamingFIFO_rtl_49,StreamingFIFO_rtl,FIFO,,,,,,,,,,,auto,,,,,,,,,,,,,,,,,INT12,12,2,1x32x32x2x4,rtl,102,0,0,197,0,0,0,0
3,StreamingFIFO_rtl_50,StreamingFIFO_rtl,FIFO,,,,,,,,,,,auto,,,,,,,,,,,,,,,,,INT12,12,2,1x32x32x8x1,rtl,19,0,0,29,0,0,0,0
3,Thresholding_rtl_15,Thresholding_rtl,Thresholding,,,1,,INT12,INT12,UINT4,12,12,,,,8,15,,,,,,,,,,,,,,,,,,,69,0,5,190,0,0,0,0
3,StreamingFIFO_rtl_51,StreamingFIFO_rtl,FIFO,,,,,,,,,,,auto,,,,,,,,,,,,,,,,,UINT4,4,2,1x32x32x8x1,rtl,14,0,0,21,0,0,0,0
3,StreamingFIFO_rtl_52,StreamingFIFO_rtl,FIFO,,,,,,,,,,,auto,,,,,,,,,,,,,,,,,UINT4,4,2,1x32x32x1x8,rtl,16,0,0,23,0,0,0,0
3,StreamingFIFO_rtl_53,StreamingFIFO_rtl,FIFO,,,,,,,,,,,auto,,,,,,,,,,,,,,,,,UINT4,4,687,1x48x48x1x8,vivado,15,0,0,21,0,0,0,0
3,StreamingFIFO_rtl_54,StreamingFIFO_rtl,FIFO,,,,,,,,,,,auto,,,,,,,,,,,,,,,,,UINT4,4,5856,1x48x48x8x1,vivado,10,0,0,13,0,0,0,0
3,ConvolutionInputGenerator_rtl_2,ConvolutionInputGenerator_rtl,SWU,,,,1,,UINT4,UINT4,,4,,distributed,,,,8,48,48,32,32,3,3,1,1,8,8,0,0,,,,,,1240,792,0,144,0,0,0,0
3,StreamingFIFO_rtl_55,StreamingFIFO_rtl,FIFO,,,,,,,,,,,auto,,,,,,,,,,,,,,,,,UINT4,4,2,1x32x32x72x1,rtl,11,0,0,13,0,0,0,0
3,StreamingFIFO_rtl_56,StreamingFIFO_rtl,FIFO,,,,,,,,,,,auto,,,,,,,,,,,,,,,,,UINT4,4,2,1x32x32x6x12,rtl,10,0,0,13,0,0,0,0
3,MVAU_rtl_7,MVAU_rtl,MVAU,8,72,4,12,INT4,UINT4,INT13,4,4,dsp,auto,internal_decoupled,,,,,,,,,,,,,,,,,,,,,790,123,0,1089,0,0,0,12
3,StreamingFIFO_rtl_57,StreamingFIFO_rtl,FIFO,,,,,,,,,,,auto,,,,,,,,,,,,,,,,,INT13,13,2,1x32x32x2x4,rtl,38,0,0,69,0,0,0,0
3,StreamingFIFO_rtl_58,StreamingFIFO_rtl,FIFO,,,,,,,,,,,auto,,,,,,,,,,,,,,,,,INT13,13,2,1x32x32x8x1,rtl,94,0,0,71,2,0,0,0
3,Thresholding_rtl_16,Thresholding_rtl,Thresholding,,,1,,INT13,INT13,UINT4,13,13,,,,8,15,,,,,,,,,,,,,,,,,,,72,0,5,201,0,0,0,0
3,StreamingFIFO_rtl_59,StreamingFIFO_rtl,FIFO,,,,,,,,,,,auto,,,,,,,,,,,,,,,,,UINT4,4,2,1x32x32x8x1,rtl,71,0,0,59,0,1,0,0
3,StreamingFIFO_rtl_60,StreamingFIFO_rtl,FIFO,,,,,,,,,,,auto,,,,,,,,,,,,,,,,,UINT4,4,2,1x32x32x1x8,rtl,67,0,0,55,0,1,0,0
3,MVAU_rtl_8,MVAU_rtl,MVAU,32,8,1,8,INT4,UINT4,INT12,4,4,dsp,auto,internal_decoupled,,,,,,,,,,,,,,,,,,,,,103,36,0,144,0,0,0,8
3,StreamingFIFO_rtl_61,StreamingFIFO_rtl,FIFO,,,,,,,,,,,auto,,,,,,,,,,,,,,,,,INT12,12,2,1x32x32x32x1,rtl,53,0,0,101,0,0,0,0
3,Thresholding_rtl_17,Thresholding_rtl,Thresholding,,,1,,INT12,INT12,INT8,12,12,,,,32,255,,,,,,,,,,,,,,,,,,,78,0,9,376,2,5,0,0
3,StreamingFIFO_rtl_62,StreamingFIFO_rtl,FIFO,,,,,,,,,,,auto,,,,,,,,,,,,,,,,,INT8,8,2,1x32x32x32x1,rtl,109,0,64,22,0,0,0,0
3,StreamingFIFO_rtl_63,StreamingFIFO_rtl,FIFO,,,,,,,,,,,auto,,,,,,,,,,,,,,,,,INT9,9,2,1x32x32x32x1,rtl,93,0,40,22,0,0,0,0
3,Thresholding_rtl_18,Thresholding_rtl,Thresholding,,,1,,INT10,INT9,INT8,10,9,,,,32,255,,,,,,,,,,,,,,,,,,,85,0,14,295,2,2,0,0
3,StreamingFIFO_rtl_64,StreamingFIFO_rtl,FIFO,,,,,,,,,,,auto,,,,,,,,,,,,,,,,,INT8,8,2,1x32x32x32x1,rtl,18,0,0,29,0,0,0,0
3,Thresholding_rtl_19,Thresholding_rtl,Thresholding,,,1,,INT9,INT8,UINT4,9,8,,,,32,15,,,,,,,,,,,,,,,,,,,43,0,7,88,0,0,0,0
3,StreamingFIFO_rtl_65,StreamingFIFO_rtl,FIFO,,,,,,,,,,,auto,,,,,,,,,,,,,,,,,UINT4,4,2,1x32x32x32x1,rtl,9,0,0,13,0,0,0,0
3,StreamingFIFO_rtl_66,StreamingFIFO_rtl,FIFO,,,,,,,,,,,auto,,,,,,,,,,,,,,,,,UINT4,4,2,1x32x32x32x1,rtl,37,0,0,69,0,0,0,0
3,StreamingFIFO_rtl_67,StreamingFIFO_rtl,FIFO,,,,,,,,,,,auto,,,,,,,,,,,,,,,,,UINT4,4,2,1x32x32x32x1,rtl,69,0,0,55,0,1,0,0
3,Thresholding_rtl_20,Thresholding_rtl,Thresholding,,,1,,UINT4,UINT4,INT8,4,4,,,,32,255,,,,,,,,,,,,,,,,,,,48,0,17,168,0,5,0,0
3,StreamingFIFO_rtl_68,StreamingFIFO_rtl,FIFO,,,,,,,,,,,auto,,,,,,,,,,,,,,,,,UINT4,4,2,1x32x32x4x8,rtl,296,0,192,51,0,0,0,0
3,StreamingFIFO_rtl_69,StreamingFIFO_rtl,FIFO,,,,,,,,,,,auto,,,,,,,,,,,,,,,,,INT8,8,1118,1x32x32x32x1,vivado,85,0,0,67,1,0,0,0
3,MVAU_rtl_9,MVAU_rtl,MVAU,8,32,4,8,INT4,UINT4,INT13,4,4,dsp,auto,internal_decoupled,,,,,,,,,,,,,,,,,,,,,567,84,0,880,0,0,0,8
3,StreamingFIFO_rtl_70,StreamingFIFO_rtl,FIFO,,,,,,,,,,,auto,,,,,,,,,,,,,,,,,INT13,13,2,1x32x32x2x4,rtl,71,0,0,59,0,1,0,0
3,StreamingFIFO_rtl_71,StreamingFIFO_rtl,FIFO,,,,,,,,,,,auto,,,,,,,,,,,,,,,,,INT13,13,2,1x32x32x8x1,rtl,66,0,0,55,0,1,0,0
3,Thresholding_rtl_21,Thresholding_rtl,Thresholding,,,1,,INT13,INT13,UINT4,13,13,,,,8,15,,,,,,,,,,,,,,,,,,,76,0,5,201,0,0,0,0
3,StreamingFIFO_rtl_72,StreamingFIFO_rtl,FIFO,,,,,,,,,,,auto,,,,,,,,,,,,,,,,,UINT4,4,2,1x32x32x8x1,rtl,76,0,28,18,0,0,0,0
3,StreamingFIFO_rtl_73,StreamingFIFO_rtl,FIFO,,,,,,,,,,,auto,,,,,,,,,,,,,,,,,UINT4,4,2,1x32x32x1x8,rtl,11,0,0,13,0,0,0,0
3,StreamingFIFO_rtl_74,StreamingFIFO_rtl,FIFO,,,,,,,,,,,auto,,,,,,,,,,,,,,,,,UINT4,4,62,1x34x34x1x8,rtl,54,0,0,101,0,0,0,0
3,StreamingFIFO_rtl_75,StreamingFIFO_rtl,FIFO,,,,,,,,,,,auto,,,,,,,,,,,,,,,,,UINT4,4,472,1x34x34x8x1,vivado,57,0,0,109,0,0,0,0
3,ConvolutionInputGenerator_rtl_3,ConvolutionInputGenerator_rtl,SWU,,,,1,,UINT4,UINT4,,4,,distributed,,,,8,34,34,32,32,3,3,1,1,1,1,0,0,,,,,,320,72,0,141,0,0,0,0
3,StreamingFIFO_rtl_76,StreamingFIFO_rtl,FIFO,,,,,,,,,,,auto,,,,,,,,,,,,,,,,,UINT4,4,2,1x32x32x72x1,rtl,21,0,0,31,0,0,0,0
3,StreamingFIFO_rtl_77,StreamingFIFO_rtl,FIFO,,,,,,,,,,,auto,,,,,,,,,,,,,,,,,UINT4,4,2,1x32x32x6x12,rtl,10,0,0,13,0,0,0,0
3,MVAU_rtl_10,MVAU_rtl,MVAU,8,72,4,12,INT4,UINT4,INT12,4,4,dsp,auto,internal_decoupled,,,,,,,,,,,,,,,,,,,,,764,124,0,1071,0,0,0,12
3,StreamingFIFO_rtl_78,StreamingFIFO_rtl,FIFO,,,,,,,,,,,auto,,,,,,,,,,,,,,,,,INT12,12,2,1x32x32x2x4,rtl,39,0,0,69,0,0,0,0
3,StreamingFIFO_rtl_79,StreamingFIFO_rtl,FIFO,,,,,,,,,,,auto,,,,,,,,,,,,,,,,,INT12,12,2,1x32x32x8x1,rtl,19,0,0,29,0,0,0,0
3,Thresholding_rtl_22,Thresholding_rtl,Thresholding,,,1,,INT12,INT12,UINT4,12,12,,,,8,15,,,,,,,,,,,,,,,,,,,67,0,5,190,0,0,0,0
3,StreamingFIFO_rtl_80,StreamingFIFO_rtl,FIFO,,,,,,,,,,,auto,,,,,,,,,,,,,,,,,UINT4,4,2,1x32x32x8x1,rtl,14,0,0,21,0,0,0,0
3,MVAU_rtl_11,MVAU_rtl,MVAU,32,8,8,1,INT4,UINT4,INT10,4,4,dsp,auto,internal_decoupled,,,,,,,,,,,,,,,,,,,,,241,20,0,438,0,0,0,2
3,StreamingFIFO_rtl_81,StreamingFIFO_rtl,FIFO,,,,,,,,,,,auto,,,,,,,,,,,,,,,,,INT10,10,2,1x32x32x4x8,rtl,16,0,0,23,0,0,0,0
3,StreamingFIFO_rtl_82,StreamingFIFO_rtl,FIFO,,,,,,,,,,,auto,,,,,,,,,,,,,,,,,INT10,10,2,1x32x32x32x1,rtl,15,0,0,21,0,0,0,0
3,Thresholding_rtl_23,Thresholding_rtl,Thresholding,,,1,,INT10,INT10,INT8,10,10,,,,32,255,,,,,,,,,,,,,,,,,,,70,0,9,327,2,5,0,0
3,StreamingFIFO_rtl_83,StreamingFIFO_rtl,FIFO,,,,,,,,,,,auto,,,,,,,,,,,,,,,,,INT8,8,2,1x32x32x32x1,rtl,10,0,0,13,0,0,0,0
3,StreamingFIFO_rtl_84,StreamingFIFO_rtl,FIFO,,,,,,,,,,,auto,,,,,,,,,,,,,,,,,INT9,9,2,1x32x32x32x1,rtl,11,0,0,13,0,0,0,0
4,StreamingFIFO_rtl_0,StreamingFIFO_rtl,FIFO,,,,,,,,,,,auto,,,,,,,,,,,,,,,,,INT9,9,2,1x32x32x32x1,rtl,15,0,0,23,0,0,0,0
4,Thresholding_rtl_0,Thresholding_rtl,Thresholding,,,1,,INT10,INT9,INT8,10,9,,,,32,255,,,,,,,,,,,,,,,,,,,84,0,14,295,2,2,0,0
4,StreamingFIFO_rtl_1,StreamingFIFO_rtl,FIFO,,,,,,,,,,,auto,,,,,,,,,,,,,,,,,INT8,8,2,1x32x32x32x1,rtl,14,0,0,21,0,0,0,0
4,Thresholding_rtl_1,Thresholding_rtl,Thresholding,,,1,,INT9,INT8,UINT4,9,8,,,,32,15,,,,,,,,,,,,,,,,,,,43,0,7,88,0,0,0,0
4,StreamingFIFO_rtl_2,StreamingFIFO_rtl,FIFO,,,,,,,,,,,auto,,,,,,,,,,,,,,,,,UINT4,4,2,1x32x32x32x1,rtl,9,0,0,13,0,0,0,0
4,StreamingFIFO_rtl_3,StreamingFIFO_rtl,FIFO,,,,,,,,,,,auto,,,,,,,,,,,,,,,,,UINT4,4,4619,1x32x32x32x1,vivado,83,0,0,67,1,0,0,0
4,StreamingFIFO_rtl_4,StreamingFIFO_rtl,FIFO,,,,,,,,,,,auto,,,,,,,,,,,,,,,,,UINT4,4,2,1x32x32x32x1,rtl,9,0,0,13,0,0,0,0
4,Thresholding_rtl_2,Thresholding_rtl,Thresholding,,,1,,UINT4,UINT4,INT8,4,4,,,,32,255,,,,,,,,,,,,,,,,,,,48,0,17,168,0,0,0,0
4,StreamingFIFO_rtl_5,StreamingFIFO_rtl,FIFO,,,,,,,,,,,auto,,,,,,,,,,,,,,,,,UINT4,4,2,1x32x32x2x16,rtl,67,0,0,55,0,1,0,0
4,StreamingFIFO_rtl_6,StreamingFIFO_rtl,FIFO,,,,,,,,,,,ultra,,,,,,,,,,,,,,,,,INT8,8,32768,1x32x32x32x1,vivado,28,0,4,14,0,0,0,0
4,MVAU_rtl_0,MVAU_rtl,MVAU,8,32,2,16,INT4,UINT4,INT12,4,4,dsp,auto,internal_decoupled,,,,,,,,,,,,,,,,,,,,,506,103,0,628,0,0,0,16
4,StreamingFIFO_rtl_7,StreamingFIFO_rtl,FIFO,,,,,,,,,,,auto,,,,,,,,,,,,,,,,,INT12,12,2,1x32x32x4x2,rtl,69,0,0,133,0,0,0,0
4,StreamingFIFO_rtl_8,StreamingFIFO_rtl,FIFO,,,,,,,,,,,auto,,,,,,,,,,,,,,,,,INT12,12,2,1x32x32x8x1,rtl,70,0,0,87,0,0,8,0
4,Thresholding_rtl_3,Thresholding_rtl,Thresholding,,,1,,INT12,INT12,UINT4,12,12,,,,8,15,,,,,,,,,,,,,,,,,,,68,0,5,189,0,0,0,0
4,StreamingFIFO_rtl_9,StreamingFIFO_rtl,FIFO,,,,,,,,,,,auto,,,,,,,,,,,,,,,,,UINT4,4,2,1x32x32x8x1,rtl,30,0,0,53,0,0,0,0
4,StreamingFIFO_rtl_10,StreamingFIFO_rtl,FIFO,,,,,,,,,,,auto,,,,,,,,,,,,,,,,,UINT4,4,32,1x32x32x1x8,rtl,18,0,0,29,0,0,0,0
4,StreamingFIFO_rtl_11,StreamingFIFO_rtl,FIFO,,,,,,,,,,,auto,,,,,,,,,,,,,,,,,UINT4,4,228,1x36x36x1x8,rtl,9,0,0,13,0,0,0,0
4,StreamingFIFO_rtl_12,StreamingFIFO_rtl,FIFO,,,,,,,,,,,ultra,,,,,,,,,,,,,,,,,UINT4,4,10368,1x36x36x8x1,vivado,89,0,32,43,0,0,0,0
4,ConvolutionInputGenerator_rtl_0,ConvolutionInputGenerator_rtl,SWU,,,,1,,UINT4,UINT4,,4,,distributed,,,,8,36,36,32,32,3,3,1,1,2,2,0,0,,,,,,415,152,0,107,0,0,0,0
4,StreamingFIFO_rtl_13,StreamingFIFO_rtl,FIFO,,,,,,,,,,,auto,,,,,,,,,,,,,,,,,UINT4,4,2,1x32x32x72x1,rtl,324,0,256,46,0,0,0,0
4,StreamingFIFO_rtl_14,StreamingFIFO_rtl,FIFO,,,,,,,,,,,auto,,,,,,,,,,,,,,,,,UINT4,4,2,1x32x32x3x24,rtl,92,0,0,75,0,0,2,0
4,MVAU_rtl_1,MVAU_rtl,MVAU,8,72,2,24,INT4,UINT4,INT12,4,4,dsp,auto,internal_decoupled,,,,,,,,,,,,,,,,,,,,,729,151,0,834,0,0,0,24
4,StreamingFIFO_rtl_15,StreamingFIFO_rtl,FIFO,,,,,,,,,,,auto,,,,,,,,,,,,,,,,,INT12,12,2,1x32x32x4x2,rtl,78,0,0,67,0,0,1,0
4,StreamingFIFO_rtl_16,StreamingFIFO_rtl,FIFO,,,,,,,,,,,auto,,,,,,,,,,,,,,,,,INT12,12,2,1x32x32x8x1,rtl,55,0,16,17,0,0,0,0
4,Thresholding_rtl_4,Thresholding_rtl,Thresholding,,,1,,INT12,INT12,UINT6,12,12,,,,8,63,,,,,,,,,,,,,,,,,,,82,0,7,269,0,2,0,0
4,StreamingFIFO_rtl_17,StreamingFIFO_rtl,FIFO,,,,,,,,,,,auto,,,,,,,,,,,,,,,,,UINT6,6,2,1x32x32x8x1,rtl,9,0,0,13,0,0,0,0
4,StreamingFIFO_rtl_18,StreamingFIFO_rtl,FIFO,,,,,,,,,,,auto,,,,,,,,,,,,,,,,,UINT6,6,2,1x32x32x1x8,rtl,101,0,0,197,0,0,0,0
4,MVAU_rtl_2,MVAU_rtl,MVAU,32,8,1,8,INT4,UINT6,INT12,4,6,dsp,auto,internal_decoupled,,,,,,,,,,,,,,,,,,,,,112,44,0,160,0,0,0,8
4,StreamingFIFO_rtl_19,StreamingFIFO_rtl,FIFO,,,,,,,,,,,auto,,,,,,,,,,,,,,,,,INT12,12,2,1x32x32x32x1,rtl,29,0,0,53,0,0,0,0
4,Thresholding_rtl_5,Thresholding_rtl,Thresholding,,,1,,INT12,INT12,INT8,12,12,,,,32,255,,,,,,,,,,,,,,,,,,,78,0,9,361,2,5,0,0
4,StreamingFIFO_rtl_20,StreamingFIFO_rtl,FIFO,,,,,,,,,,,auto,,,,,,,,,,,,,,,,,INT8,8,2,1x32x32x32x1,rtl,18,0,0,29,0,0,0,0
4,StreamingFIFO_rtl_21,StreamingFIFO_rtl,FIFO,,,,,,,,,,,auto,,,,,,,,,,,,,,,,,INT9,9,2,1x32x32x32x1,rtl,11,0,0,17,0,0,0,0
4,Thresholding_rtl_6,Thresholding_rtl,Thresholding,,,1,,INT10,INT9,INT8,10,9,,,,32,255,,,,,,,,,,,,,,,,,,,85,0,14,295,2,2,0,0
4,StreamingFIFO_rtl_22,StreamingFIFO_rtl,FIFO,,,,,,,,,,,auto,,,,,,,,,,,,,,,,,INT8,8,2,1x32x32x32x1,rtl,53,0,0,101,0,0,0,0
4,Thresholding_rtl_7,Thresholding_rtl,Thresholding,,,1,,INT9,INT8,UINT4,9,8,,,,32,15,,,,,,,,,,,,,,,,,,,43,0,7,88,0,0,0,0
4,StreamingFIFO_rtl_23,StreamingFIFO_rtl,FIFO,,,,,,,,,,,auto,,,,,,,,,,,,,,,,,UINT4,4,2,1x32x32x32x1,rtl,19,0,0,29,0,0,0,0
4,StreamingFIFO_rtl_24,StreamingFIFO_rtl,FIFO,,,,,,,,,,,auto,,,,,,,,,,,,,,,,,UINT4,4,2,1x32x32x32x1,rtl,13,0,0,21,0,0,0,0
4,StreamingFIFO_rtl_25,StreamingFIFO_rtl,FIFO,,,,,,,,,,,auto,,,,,,,,,,,,,,,,,UINT4,4,2,1x32x32x32x1,rtl,15,0,0,23,0,0,0,0
4,Thresholding_rtl_8,Thresholding_rtl,Thresholding,,,1,,UINT4,UINT4,INT8,4,4,,,,32,255,,,,,,,,,,,,,,,,,,,48,0,17,168,0,0,0,0
4,StreamingFIFO_rtl_26,StreamingFIFO_rtl,FIFO,,,,,,,,,,,auto,,,,,,,,,,,,,,,,,UINT4,4,2,1x32x32x2x16,rtl,14,0,0,21,0,0,0,0
4,StreamingFIFO_rtl_27,StreamingFIFO_rtl,FIFO,,,,,,,,,,,auto,,,,,,,,,,,,,,,,,INT8,8,4926,1x32x32x32x1,vivado,9,0,0,13,0,0,0,0
4,MVAU_rtl_3,MVAU_rtl,MVAU,8,32,2,16,INT4,UINT4,INT12,4,4,dsp,auto,internal_decoupled,,,,,,,,,,,,,,,,,,,,,506,103,0,629,0,0,0,16
4,StreamingFIFO_rtl_28,StreamingFIFO_rtl,FIFO,,,,,,,,,,,auto,,,,,,,,,,,,,,,,,INT12,12,2,1x32x32x4x2,rtl,10,0,0,13,0,0,0,0
4,StreamingFIFO_rtl_29,StreamingFIFO_rtl,FIFO,,,,,,,,,,,auto,,,,,,,,,,,,,,,,,INT12,12,2,1x32x32x8x1,rtl,9,0,0,13,0,0,0,0
4,Thresholding_rtl_9,Thresholding_rtl,Thresholding,,,1,,INT12,INT12,UINT4,12,12,,,,8,15,,,,,,,,,,,,,,,,,,,71,0,5,190,0,0,0,0
4,StreamingFIFO_rtl_30,StreamingFIFO_rtl,FIFO,,,,,,,,,,,auto,,,,,,,,,,,,,,,,,UINT4,4,2,1x32x32x8x1,rtl,69,0,0,133,0,0,0,0
4,StreamingFIFO_rtl_31,StreamingFIFO_rtl,FIFO,,,,,,,,,,,auto,,,,,,,,,,,,,,,,,UINT4,4,2,1x32x32x1x8,rtl,83,0,0,67,1,0,0,0
4,StreamingFIFO_rtl_32,StreamingFIFO_rtl,FIFO,,,,,,,,,,,auto,,,,,,,,,,,,,,,,,UINT4,4,288,1x40x40x1x8,vivado,67,0,0,55,0,1,0,0
4,StreamingFIFO_rtl_33,StreamingFIFO_rtl,FIFO,,,,,,,,,,,auto,,,,,,,,,,,,,,,,,UINT4,4,2432,1x40x40x8x1,vivado,110,0,64,22,0,0,0,0
4,ConvolutionInputGenerator_rtl_1,ConvolutionInputGenerator_rtl,SWU,,,,1,,UINT4,UINT4,,4,,distributed,,,,8,40,40,32,32,3,3,1,1,4,4,0,0,,,,,,660,336,0,118,0,0,0,0
4,StreamingFIFO_rtl_34,StreamingFIFO_rtl,FIFO,,,,,,,,,,,auto,,,,,,,,,,,,,,,,,UINT4,4,2,1x32x32x72x1,rtl,30,0,0,53,0,0,0,0
4,StreamingFIFO_rtl_35,StreamingFIFO_rtl,FIFO,,,,,,,,,,,auto,,,,,,,,,,,,,,,,,UINT4,4,2,1x32x32x3x24,rtl,53,0,16,20,0,0,0,0
4,MVAU_rtl_4,MVAU_rtl,MVAU,8,72,2,24,INT4,UINT4,INT12,4,4,dsp,auto,internal_decoupled,,,,,,,,,,,,,,,,,,,,,729,150,0,830,0,0,0,24
4,StreamingFIFO_rtl_36,StreamingFIFO_rtl,FIFO,,,,,,,,,,,auto,,,,,,,,,,,,,,,,,INT12,12,2,1x32x32x4x2,rtl,18,0,0,29,0,0,0,0
4,StreamingFIFO_rtl_37,StreamingFIFO_rtl,FIFO,,,,,,,,,,,auto,,,,,,,,,,,,,,,,,INT12,12,2,1x32x32x8x1,rtl,9,0,0,13,0,0,0,0
4,Thresholding_rtl_10,Thresholding_rtl,Thresholding,,,1,,INT12,INT12,UINT4,12,12,,,,8,15,,,,,,,,,,,,,,,,,,,66,0,5,190,0,0,0,0
4,StreamingFIFO_rtl_38,StreamingFIFO_rtl,FIFO,,,,,,,,,,,auto,,,,,,,,,,,,,,,,,UINT4,4,2,1x32x32x8x1,rtl,37,0,0,69,0,0,0,0
4,StreamingFIFO_rtl_39,StreamingFIFO_rtl,FIFO,,,,,,,,,,,auto,,,,,,,,,,,,,,,,,UINT4,4,2,1x32x32x1x8,rtl,326,0,256,48,0,0,0,0
4,MVAU_rtl_5,MVAU_rtl,MVAU,32,8,1,8,INT4,UINT4,INT10,4,4,dsp,auto,internal_decoupled,,,,,,,,,,,,,,,,,,,,,112,36,0,213,0,0,0,8
4,StreamingFIFO_rtl_40,StreamingFIFO_rtl,FIFO,,,,,,,,,,,auto,,,,,,,,,,,,,,,,,INT10,10,2,1x32x32x32x1,rtl,88,0,32,43,0,0,0,0
4,Thresholding_rtl_11,Thresholding_rtl,Thresholding,,,1,,INT10,INT10,INT8,10,10,,,,32,255,,,,,,,,,,,,,,,,,,,69,0,9,327,2,5,0,0
4,StreamingFIFO_rtl_41,StreamingFIFO_rtl,FIFO,,,,,,,,,,,auto,,,,,,,,,,,,,,,,,INT8,8,2,1x32x32x32x1,rtl,76,0,0,63,0,1,0,0
4,StreamingFIFO_rtl_42,StreamingFIFO_rtl,FIFO,,,,,,,,,,,auto,,,,,,,,,,,,,,,,,INT9,9,2,1x32x32x32x1,rtl,71,0,32,18,0,0,0,0
4,Thresholding_rtl_12,Thresholding_rtl,Thresholding,,,1,,INT10,INT9,INT8,10,9,,,,32,255,,,,,,,,,,,,,,,,,,,85,0,14,295,0,0,0,0
4,StreamingFIFO_rtl_43,StreamingFIFO_rtl,FIFO,,,,,,,,,,,auto,,,,,,,,,,,,,,,,,INT8,8,2,1x32x32x32x1,rtl,57,0,16,17,0,0,0,0
4,Thresholding_rtl_13,Thresholding_rtl,Thresholding,,,1,,INT9,INT8,UINT4,9,8,,,,32,15,,,,,,,,,,,,,,,,,,,43,0,7,88,0,0,0,0
4,StreamingFIFO_rtl_44,StreamingFIFO_rtl,FIFO,,,,,,,,,,,auto,,,,,,,,,,,,,,,,,UINT4,4,2,1x32x32x32x1,rtl,9,0,0,13,0,0,0,0
4,StreamingFIFO_rtl_45,StreamingFIFO_rtl,FIFO,,,,,,,,,,,auto,,,,,,,,,,,,,,,,,UINT4,4,2,1x32x32x32x1,rtl,101,0,0,197,0,0,0,0
4,StreamingFIFO_rtl_46,StreamingFIFO_rtl,FIFO,,,,,,,,,,,auto,,,,,,,,,,,,,,,,,UINT4,4,2,1x32x32x32x1,rtl,30,0,0,53,0,0,0,0
4,Thresholding_rtl_14,Thresholding_rtl,Thresholding,,,1,,UINT4,UINT4,INT8,4,4,,,,32,255,,,,,,,,,,,,,,,,,,,48,0,17,168,0,5,0,0
4,StreamingFIFO_rtl_47,StreamingFIFO_rtl,FIFO,,,,,,,,,,,auto,,,,,,,,,,,,,,,,,UINT4,4,2,1x32x32x2x16,rtl,18,0,0,29,0,0,0,0
4,StreamingFIFO_rtl_48,StreamingFIFO_rtl,FIFO,,,,,,,,,,,auto,,,,,,,,,,,,,,,,,INT8,8,10142,1x32x32x32x1,vivado,9,0,0,13,0,0,0,0
4,MVAU_rtl_6,MVAU_rtl,MVAU,8,32,2,16,INT4,UINT4,INT12,4,4,dsp,auto,internal_decoupled,,,,,,,,,,,,,,,,,,,,,507,104,0,630,0,0,0,16
4,StreamingFIFO_rtl_49,StreamingFIFO_rtl,FIFO,,,,,,,,,,,auto,,,,,,,,,,,,,,,,,INT12,12,2,1x32x32x4x2,rtl,37,0,0,69,0,0,0,0
4,StreamingFIFO_rtl_50,StreamingFIFO_rtl,FIFO,,,,,,,,,,,auto,,,,,,,,,,,,,,,,,INT12,12,2,1x32x32x8x1,rtl,16,0,0,25,0,0,0,0
4,Thresholding_rtl_15,Thresholding_rtl,Thresholding,,,1,,INT12,INT12,UINT4,12,12,,,,8,15,,,,,,,,,,,,,,,,,,,71,0,5,190,0,0,0,0
4,StreamingFIFO_rtl_51,StreamingFIFO_rtl,FIFO,,,,,,,,,,,auto,,,,,,,,,,,,,,,,,UINT4,4,2,1x32x32x8x1,rtl,13,0,0,21,0,0,0,0
4,StreamingFIFO_rtl_52,StreamingFIFO_rtl,FIFO,,,,,,,,,,,auto,,,,,,,,,,,,,,,,,UINT4,4,2,1x32x32x1x8,rtl,15,0,0,23,0,0,0,0
4,StreamingFIFO_rtl_53,StreamingFIFO_rtl,FIFO,,,,,,,,,,,auto,,,,,,,,,,,,,,,,,UINT4,4,687,1x48x48x1x8,vivado,14,0,0,21,0,0,0,0
4,StreamingFIFO_rtl_54,StreamingFIFO_rtl,FIFO,,,,,,,,,,,auto,,,,,,,,,,,,,,,,,UINT4,4,5856,1x48x48x8x1,vivado,9,0,0,13,0,0,0,0
4,ConvolutionInputGenerator_rtl_2,ConvolutionInputGenerator_rtl,SWU,,,,1,,UINT4,UINT4,,4,,distributed,,,,8,48,48,32,32,3,3,1,1,8,8,0,0,,,,,,1239,792,0,159,0,0,0,0
4,StreamingFIFO_rtl_55,StreamingFIFO_rtl,FIFO,,,,,,,,,,,auto,,,,,,,,,,,,,,,,,UINT4,4,2,1x32x32x72x1,rtl,10,0,0,13,0,0,0,0
4,StreamingFIFO_rtl_56,StreamingFIFO_rtl,FIFO,,,,,,,,,,,auto,,,,,,,,,,,,,,,,,UINT4,4,2,1x32x32x6x12,rtl,9,0,0,13,0,0,0,0
4,MVAU_rtl_7,MVAU_rtl,MVAU,8,72,4,12,INT4,UINT4,INT12,4,4,dsp,auto,internal_decoupled,,,,,,,,,,,,,,,,,,,,,762,123,0,1065,0,0,0,12
4,StreamingFIFO_rtl_57,StreamingFIFO_rtl,FIFO,,,,,,,,,,,auto,,,,,,,,,,,,,,,,,INT12,12,2,1x32x32x2x4,rtl,69,0,0,133,0,0,0,0
4,StreamingFIFO_rtl_58,StreamingFIFO_rtl,FIFO,,,,,,,,,,,auto,,,,,,,,,,,,,,,,,INT12,12,2,1x32x32x8x1,rtl,96,0,0,71,2,0,0,0
4,Thresholding_rtl_16,Thresholding_rtl,Thresholding,,,1,,INT12,INT12,UINT4,12,12,,,,8,15,,,,,,,,,,,,,,,,,,,67,0,5,190,0,0,0,0
4,StreamingFIFO_rtl_59,StreamingFIFO_rtl,FIFO,,,,,,,,,,,auto,,,,,,,,,,,,,,,,,UINT4,4,2,1x32x32x8x1,rtl,70,0,0,59,0,1,0,0
4,StreamingFIFO_rtl_60,StreamingFIFO_rtl,FIFO,,,,,,,,,,,auto,,,,,,,,,,,,,,,,,UINT4,4,2,1x32x32x1x8,rtl,67,0,0,55,0,1,0,0
4,MVAU_rtl_8,MVAU_rtl,MVAU,32,8,1,8,INT4,UINT4,INT10,4,4,dsp,auto,internal_decoupled,,,,,,,,,,,,,,,,,,,,,115,36,0,213,0,0,0,8
4,StreamingFIFO_rtl_61,StreamingFIFO_rtl,FIFO,,,,,,,,,,,auto,,,,,,,,,,,,,,,,,INT10,10,2,1x32x32x32x1,rtl,30,0,0,53,0,0,0,0
4,Thresholding_rtl_17,Thresholding_rtl,Thresholding,,,1,,INT10,INT10,INT8,10,10,,,,32,255,,,,,,,,,,,,,,,,,,,69,0,9,327,2,5,0,0
4,StreamingFIFO_rtl_62,StreamingFIFO_rtl,FIFO,,,,,,,,,,,auto,,,,,,,,,,,,,,,,,INT8,8,2,1x32x32x32x1,rtl,110,0,64,22,0,0,0,0
4,StreamingFIFO_rtl_63,StreamingFIFO_rtl,FIFO,,,,,,,,,,,auto,,,,,,,,,,,,,,,,,INT9,9,2,1x32x32x32x1,rtl,92,0,40,22,0,0,0,0
4,Thresholding_rtl_18,Thresholding_rtl,Thresholding,,,1,,INT10,INT9,INT8,10,9,,,,32,255,,,,,,,,,,,,,,,,,,,85,0,14,295,2,2,0,0
4,StreamingFIFO_rtl_64,StreamingFIFO_rtl,FIFO,,,,,,,,,,,auto,,,,,,,,,,,,,,,,,INT8,8,2,1x32x32x32x1,rtl,18,0,0,29,0,0,0,0
4,Thresholding_rtl_19,Thresholding_rtl,Thresholding,,,1,,INT9,INT8,UINT4,9,8,,,,32,15,,,,,,,,,,,,,,,,,,,43,0,7,88,0,0,0,0
4,StreamingFIFO_rtl_65,StreamingFIFO_rtl,FIFO,,,,,,,,,,,auto,,,,,,,,,,,,,,,,,UINT4,4,2,1x32x32x32x1,rtl,9,0,0,13,0,0,0,0
4,StreamingFIFO_rtl_66,StreamingFIFO_rtl,FIFO,,,,,,,,,,,auto,,,,,,,,,,,,,,,,,UINT4,4,2,1x32x32x32x1,rtl,37,0,0,69,0,0,0,0
4,StreamingFIFO_rtl_67,StreamingFIFO_rtl,FIFO,,,,,,,,,,,auto,,,,,,,,,,,,,,,,,UINT4,4,2,1x32x32x32x1,rtl,66,0,0,55,0,1,0,0
4,Thresholding_rtl_20,Thresholding_rtl,Thresholding,,,1,,UINT4,UINT4,INT8,4,4,,,,32,255,,,,,,,,,,,,,,,,,,,48,0,17,168,0,5,0,0
4,StreamingFIFO_rtl_68,StreamingFIFO_rtl,FIFO,,,,,,,,,,,auto,,,,,,,,,,,,,,,,,UINT4,4,2,1x32x32x2x16,rtl,295,0,192,50,0,0,0,0
4,StreamingFIFO_rtl_69,StreamingFIFO_rtl,FIFO,,,,,,,,,,,auto,,,,,,,,,,,,,,,,,INT8,8,1118,1x32x32x32x1,vivado,84,0,0,67,0,1,0,0
4,MVAU_rtl_9,MVAU_rtl,MVAU,8,32,2,16,INT4,UINT4,INT13,4,4,dsp,auto,internal_decoupled,,,,,,,,,,,,,,,,,,,,,519,103,0,651,0,0,0,16
4,StreamingFIFO_rtl_70,StreamingFIFO_rtl,FIFO,,,,,,,,,,,auto,,,,,,,,,,,,,,,,,INT13,13,2,1x32x32x4x2,rtl,70,0,0,59,0,1,0,0
4,StreamingFIFO_rtl_71,StreamingFIFO_rtl,FIFO,,,,,,,,,,,auto,,,,,,,,,,,,,,,,,INT13,13,2,1x32x32x8x1,rtl,67,0,0,55,0,1,0,0
4,Thresholding_rtl_21,Thresholding_rtl,Thresholding,,,1,,INT13,INT13,UINT4,13,13,,,,8,15,,,,,,,,,,,,,,,,,,,76,0,5,201,0,0,0,0
4,StreamingFIFO_rtl_72,StreamingFIFO_rtl,FIFO,,,,,,,,,,,auto,,,,,,,,,,,,,,,,,UINT4,4,2,1x32x32x8x1,rtl,79,0,28,57,0,0,0,0
4,StreamingFIFO_rtl_73,StreamingFIFO_rtl,FIFO,,,,,,,,,,,auto,,,,,,,,,,,,,,,,,UINT4,4,2,1x32x32x1x8,rtl,9,0,0,13,0,0,0,0
4,StreamingFIFO_rtl_74,StreamingFIFO_rtl,FIFO,,,,,,,,,,,auto,,,,,,,,,,,,,,,,,UINT4,4,62,1x34x34x1x8,rtl,54,0,0,101,0,0,0,0
4,StreamingFIFO_rtl_75,StreamingFIFO_rtl,FIFO,,,,,,,,,,,auto,,,,,,,,,,,,,,,,,UINT4,4,472,1x34x34x8x1,vivado,53,0,0,101,0,0,0,0
4,ConvolutionInputGenerator_rtl_3,ConvolutionInputGenerator_rtl,SWU,,,,1,,UINT4,UINT4,,4,,distributed,,,,8,34,34,32,32,3,3,1,1,1,1,0,0,,,,,,312,72,0,141,0,0,0,0
4,StreamingFIFO_rtl_76,StreamingFIFO_rtl,FIFO,,,,,,,,,,,auto,,,,,,,,,,,,,,,,,UINT4,4,2,1x32x32x72x1,rtl,18,0,0,29,0,0,0,0
4,StreamingFIFO_rtl_77,StreamingFIFO_rtl,FIFO,,,,,,,,,,,auto,,,,,,,,,,,,,,,,,UINT4,4,2,1x32x32x6x12,rtl,9,0,0,13,0,0,0,0
4,MVAU_rtl_10,MVAU_rtl,MVAU,8,72,4,12,INT4,UINT4,INT13,4,4,dsp,auto,internal_decoupled,,,,,,,,,,,,,,,,,,,,,788,124,0,1095,0,0,0,12
4,StreamingFIFO_rtl_78,StreamingFIFO_rtl,FIFO,,,,,,,,,,,auto,,,,,,,,,,,,,,,,,INT13,13,2,1x32x32x2x4,rtl,37,0,0,69,0,0,0,0
4,StreamingFIFO_rtl_79,StreamingFIFO_rtl,FIFO,,,,,,,,,,,auto,,,,,,,,,,,,,,,,,INT13,13,2,1x32x32x8x1,rtl,16,0,0,25,0,0,0,0
4,Thresholding_rtl_22,Thresholding_rtl,Thresholding,,,1,,INT13,INT13,UINT4,13,13,,,,8,15,,,,,,,,,,,,,,,,,,,70,0,5,201,0,0,0,0
4,StreamingFIFO_rtl_80,StreamingFIFO_rtl,FIFO,,,,,,,,,,,auto,,,,,,,,,,,,,,,,,UINT4,4,2,1x32x32x8x1,rtl,13,0,0,21,0,0,0,0
4,StreamingFIFO_rtl_81,StreamingFIFO_rtl,FIFO,,,,,,,,,,,auto,,,,,,,,,,,,,,,,,UINT4,4,2,1x32x32x1x8,rtl,15,0,0,23,0,0,0,0
4,MVAU_rtl_11,MVAU_rtl,MVAU,32,8,1,8,INT4,UINT4,INT10,4,4,dsp,auto,internal_decoupled,,,,,,,,,,,,,,,,,,,,,110,36,0,195,0,0,0,8
4,StreamingFIFO_rtl_82,StreamingFIFO_rtl,FIFO,,,,,,,,,,,auto,,,,,,,,,,,,,,,,,INT10,10,2,1x32x32x32x1,rtl,14,0,0,21,0,0,0,0
4,Thresholding_rtl_23,Thresholding_rtl,Thresholding,,,1,,INT10,INT10,INT8,10,10,,,,32,255,,,,,,,,,,,,,,,,,,,69,0,9,327,2,5,0,0
4,StreamingFIFO_rtl_83,StreamingFIFO_rtl,FIFO,,,,,,,,,,,auto,,,,,,,,,,,,,,,,,INT8,8,2,1x32x32x32x1,rtl,9,0,0,13,0,0,0,0
4,StreamingFIFO_rtl_84,StreamingFIFO_rtl,FIFO,,,,,,,,,,,auto,,,,,,,,,,,,,,,,,INT9,9,2,1x32x32x32x1,rtl,10,0,0,13,0,0,0,0
4,Thresholding_rtl_24,Thresholding_rtl,Thresholding,,,1,,INT10,INT9,INT8,10,9,,,,32,255,,,,,,,,,,,,,,,,,,,85,0,14,295,0,0,0,0
4,StreamingFIFO_rtl_85,StreamingFIFO_rtl,FIFO,,,,,,,,,,,auto,,,,,,,,,,,,,,,,,INT8,8,2,1x32x32x32x1,rtl,9,0,0,13,0,0,0,0
4,Thresholding_rtl_25,Thresholding_rtl,Thresholding,,,1,,INT9,INT8,UINT4,9,8,,,,32,15,,,,,,,,,,,,,,,,,,,43,0,7,88,0,0,0,0
4,StreamingFIFO_rtl_86,StreamingFIFO_rtl,FIFO,,,,,,,,,,,auto,,,,,,,,,,,,,,,,,UINT4,4,2,1x32x32x32x1,rtl,69,0,0,133,0,0,0,0
4,StreamingFIFO_rtl_87,StreamingFIFO_rtl,FIFO,,,,,,,,,,,auto,,,,,,,,,,,,,,,,,UINT4,4,2,1x32x32x32x1,rtl,70,0,0,59,0,1,0,0
4,StreamingFIFO_rtl_88,StreamingFIFO_rtl,FIFO,,,,,,,,,,,auto,,,,,,,,,,,,,,,,,UINT4,4,2,1x32x32x32x1,rtl,71,0,24,21,0,0,0,0
4,Thresholding_rtl_26,Thresholding_rtl,Thresholding,,,1,,UINT4,UINT4,INT8,4,4,,,,32,255,,,,,,,,,,,,,,,,,,,48,0,17,183,0,5,0,0
4,StreamingFIFO_rtl_89,StreamingFIFO_rtl,FIFO,,,,,,,,,,,auto,,,,,,,,,,,,,,,,,UINT4,4,2,1x32x32x2x16,rtl,32,0,0,57,0,0,0,0
4,StreamingFIFO_rtl_90,StreamingFIFO_rtl,FIFO,,,,,,,,,,,auto,,,,,,,,,,,,,,,,,INT8,8,2174,1x32x32x32x1,vivado,19,0,0,31,0,0,0,0
4,MVAU_rtl_12,MVAU_rtl,MVAU,8,32,2,16,INT4,UINT4,INT12,4,4,dsp,auto,internal_decoupled,,,,,,,,,,,,,,,,,,,,,507,104,0,631,0,0,0,16
4,StreamingFIFO_rtl_91,StreamingFIFO_rtl,FIFO,,,,,,,,,,,auto,,,,,,,,,,,,,,,,,INT12,12,2,1x32x32x4x2,rtl,9,0,0,13,0,0,0,0
4,StreamingFIFO_rtl_92,StreamingFIFO_rtl,FIFO,,,,,,,,,,,auto,,,,,,,,,,,,,,,,,INT12,12,2,1x32x32x8x1,rtl,37,0,0,69,0,0,0,0
4,Thresholding_rtl_27,Thresholding_rtl,Thresholding,,,1,,INT12,INT12,UINT4,12,12,,,,8,15,,,,,,,,,,,,,,,,,,,70,0,5,190,0,0,0,0
4,StreamingFIFO_rtl_93,StreamingFIFO_rtl,FIFO,,,,,,,,,,,auto,,,,,,,,,,,,,,,,,UINT4,4,2,1x32x32x8x1,rtl,126,0,64,44,0,0,0,0
4,StreamingFIFO_rtl_94,StreamingFIFO_rtl,FIFO,,,,,,,,,,,auto,,,,,,,,,,,,,,,,,UINT4,4,2,1x32x32x1x8,rtl,71,0,32,18,0,0,0,0
4,StreamingFIFO_rtl_95,StreamingFIFO_rtl,FIFO,,,,,,,,,,,auto,,,,,,,,,,,,,,,,,UINT4,4,130,1x36x36x1x8,rtl,74,0,28,18,0,0,0,0
4,StreamingFIFO_rtl_96,StreamingFIFO_rtl,FIFO,,,,,,,,,,,auto,,,,,,,,,,,,,,,,,UINT4,4,1008,1x36x36x8x1,vivado,9,0,0,13,0,0,0,0
4,ConvolutionInputGenerator_rtl_4,ConvolutionInputGenerator_rtl,SWU,,,,1,,UINT4,UINT4,,4,,distributed,,,,8,36,36,32,32,3,3,1,1,2,2,0,0,,,,,,415,152,0,107,0,0,0,0
4,StreamingFIFO_rtl_97,StreamingFIFO_rtl,FIFO,,,,,,,,,,,auto,,,,,,,,,,,,,,,,,UINT4,4,2,1x32x32x72x1,rtl,54,0,0,101,0,0,0,0
4,StreamingFIFO_rtl_98,StreamingFIFO_rtl,FIFO,,,,,,,,,,,auto,,,,,,,,,,,,,,,,,UINT4,4,2,1x32x32x3x24,rtl,57,0,0,109,0,0,0,0
4,MVAU_rtl_13,MVAU_rtl,MVAU,8,72,2,24,INT4,UINT4,INT12,4,4,dsp,auto,internal_decoupled,,,,,,,,,,,,,,,,,,,,,730,152,0,840,0,0,0,24
4,StreamingFIFO_rtl_99,StreamingFIFO_rtl,FIFO,,,,,,,,,,,auto,,,,,,,,,,,,,,,,,INT12,12,2,1x32x32x4x2,rtl,19,0,0,31,0,0,0,0
4,StreamingFIFO_rtl_100,StreamingFIFO_rtl,FIFO,,,,,,,,,,,auto,,,,,,,,,,,,,,,,,INT12,12,2,1x32x32x8x1,rtl,9,0,0,13,0,0,0,0
4,Thresholding_rtl_28,Thresholding_rtl,Thresholding,,,1,,INT12,INT12,UINT6,12,12,,,,8,63,,,,,,,,,,,,,,,,,,,76,0,7,269,0,2,0,0
4,StreamingFIFO_rtl_101,StreamingFIFO_rtl,FIFO,,,,,,,,,,,auto,,,,,,,,,,,,,,,,,UINT6,6,2,1x32x32x8x1,rtl,37,0,0,69,0,0,0,0
4,StreamingFIFO_rtl_102,StreamingFIFO_rtl,FIFO,,,,,,,,,,,auto,,,,,,,,,,,,,,,,,UINT6,6,2,1x32x32x1x8,rtl,16,0,0,25,0,0,0,0
4,MVAU_rtl_14,MVAU_rtl,MVAU,32,8,1,8,INT4,UINT6,INT12,4,6,dsp,auto,internal_decoupled,,,,,,,,,,,,,,,,,,,,,112,44,0,160,0,0,0,8
4,StreamingFIFO_rtl_103,StreamingFIFO_rtl,FIFO,,,,,,,,,,,auto,,,,,,,,,,,,,,,,,INT12,12,2,1x32x32x32x1,rtl,13,0,0,21,0,0,0,0
4,Thresholding_rtl_29,Thresholding_rtl,Thresholding,,,1,,INT12,INT12,INT8,12,12,,,,32,255,,,,,,,,,,,,,,,,,,,77,0,9,361,2,5,0,0
4,StreamingFIFO_rtl_104,StreamingFIFO_rtl,FIFO,,,,,,,,,,,auto,,,,,,,,,,,,,,,,,INT8,8,2,1x32x32x32x1,rtl,15,0,0,23,0,0,0,0
4,StreamingFIFO_rtl_105,StreamingFIFO_rtl,FIFO,,,,,,,,,,,auto,,,,,,,,,,,,,,,,,INT9,9,2,1x32x32x32x1,rtl,14,0,0,21,0,0,0,0
5,StreamingFIFO_rtl_0,StreamingFIFO_rtl,FIFO,,,,,,,,,,,auto,,,,,,,,,,,,,,,,,INT9,9,2,1x32x32x32x1,rtl,16,0,0,23,0,0,0,0
5,Thresholding_rtl_0,Thresholding_rtl,Thresholding,,,1,,INT10,INT9,INT8,10,9,,,,32,255,,,,,,,,,,,,,,,,,,,85,0,14,295,2,2,0,0
5,StreamingFIFO_rtl_1,StreamingFIFO_rtl,FIFO,,,,,,,,,,,auto,,,,,,,,,,,,,,,,,INT8,8,2,1x32x32x32x1,rtl,15,0,0,21,0,0,0,0
5,Thresholding_rtl_1,Thresholding_rtl,Thresholding,,,1,,INT9,INT8,UINT4,9,8,,,,32,15,,,,,,,,,,,,,,,,,,,43,0,7,88,0,0,0,0
5,StreamingFIFO_rtl_2,StreamingFIFO_rtl,FIFO,,,,,,,,,,,auto,,,,,,,,,,,,,,,,,UINT4,4,2,1x32x32x32x1,rtl,10,0,0,13,0,0,0,0
5,StreamingFIFO_rtl_3,StreamingFIFO_rtl,FIFO,,,,,,,,,,,auto,,,,,,,,,,,,,,,,,UINT4,4,5548,1x32x32x32x1,vivado,84,0,0,67,0,1,0,0
5,StreamingFIFO_rtl_4,StreamingFIFO_rtl,FIFO,,,,,,,,,,,auto,,,,,,,,,,,,,,,,,UINT4,4,2,1x32x32x32x1,rtl,9,0,0,13,0,0,0,0
5,Thresholding_rtl_2,Thresholding_rtl,Thresholding,,,1,,UINT4,UINT4,INT8,4,4,,,,32,255,,,,,,,,,,,,,,,,,,,49,0,17,168,0,5,0,0
5,StreamingFIFO_rtl_5,StreamingFIFO_rtl,FIFO,,,,,,,,,,,auto,,,,,,,,,,,,,,,,,UINT4,4,2,1x32x32x2x16,rtl,69,0,0,59,0,1,0,0
5,StreamingFIFO_rtl_6,StreamingFIFO_rtl,FIFO,,,,,,,,,,,auto,,,,,,,,,,,,,,,,,INT8,8,32768,1x32x32x32x1,vivado,71,0,32,18,0,0,0,0
5,MVAU_rtl_0,MVAU_rtl,MVAU,8,32,2,16,INT4,UINT4,INT13,4,4,dsp,auto,internal_decoupled,,,,,,,,,,,,,,,,,,,,,516,104,0,648,0,0,0,16
5,StreamingFIFO_rtl_7,StreamingFIFO_rtl,FIFO,,,,,,,,,,,auto,,,,,,,,,,,,,,,,,INT13,13,2,1x32x32x4x2,rtl,70,0,0,133,0,0,0,0
5,StreamingFIFO_rtl_8,StreamingFIFO_rtl,FIFO,,,,,,,,,,,auto,,,,,,,,,,,,,,,,,INT13,13,2,1x32x32x8x1,rtl,65,0,24,18,0,0,0,0
5,Thresholding_rtl_3,Thresholding_rtl,Thresholding,,,1,,INT13,INT13,UINT4,13,13,,,,8,15,,,,,,,,,,,,,,,,,,,75,0,5,201,0,0,0,0
5,StreamingFIFO_rtl_9,StreamingFIFO_rtl,FIFO,,,,,,,,,,,auto,,,,,,,,,,,,,,,,,UINT4,4,2,1x32x32x8x1,rtl,32,0,0,57,0,0,0,0
5,StreamingFIFO_rtl_10,StreamingFIFO_rtl,FIFO,,,,,,,,,,,auto,,,,,,,,,,,,,,,,,UINT4,4,32,1x32x32x1x8,rtl,81,0,0,79,8,0,0,0
5,StreamingFIFO_rtl_11,StreamingFIFO_rtl,FIFO,,,,,,,,,,,auto,,,,,,,,,,,,,,,,,UINT4,4,369,1x40x40x1x8,vivado,19,0,0,31,0,0,0,0
5,StreamingFIFO_rtl_12,StreamingFIFO_rtl,FIFO,,,,,,,,,,,auto,,,,,,,,,,,,,,,,,UINT4,4,12800,1x40x40x8x1,vivado,9,0,0,13,0,0,0,0
5,ConvolutionInputGenerator_rtl_0,ConvolutionInputGenerator_rtl,SWU,,,,1,,UINT4,UINT4,,4,,distributed,,,,8,40,40,32,32,3,3,1,1,4,4,0,0,,,,,,658,336,0,118,0,0,0,0
5,StreamingFIFO_rtl_13,StreamingFIFO_rtl,FIFO,,,,,,,,,,,auto,,,,,,,,,,,,,,,,,UINT4,4,2,1x32x32x72x1,rtl,89,0,32,43,0,0,0,0
5,StreamingFIFO_rtl_14,StreamingFIFO_rtl,FIFO,,,,,,,,,,,auto,,,,,,,,,,,,,,,,,UINT4,4,2,1x32x32x3x24,rtl,326,0,256,48,0,0,0,0
5,MVAU_rtl_1,MVAU_rtl,MVAU,8,72,2,24,INT4,UINT4,INT12,4,4,dsp,auto,internal_decoupled,,,,,,,,,,,,,,,,,,,,,746,152,0,970,0,0,0,24
5,StreamingFIFO_rtl_15,StreamingFIFO_rtl,FIFO,,,,,,,,,,,auto,,,,,,,,,,,,,,,,,INT12,12,2,1x32x32x4x2,rtl,193,0,128,45,0,0,0,0
5,StreamingFIFO_rtl_16,StreamingFIFO_rtl,FIFO,,,,,,,,,,,auto,,,,,,,,,,,,,,,,,INT12,12,2,1x32x32x8x1,rtl,95,0,0,71,2,0,0,0
5,Thresholding_rtl_4,Thresholding_rtl,Thresholding,,,1,,INT12,INT12,UINT6,12,12,,,,8,63,,,,,,,,,,,,,,,,,,,96,0,7,269,0,2,0,0
5,StreamingFIFO_rtl_17,StreamingFIFO_rtl,FIFO,,,,,,,,,,,auto,,,,,,,,,,,,,,,,,UINT6,6,2,1x32x32x8x1,rtl,84,0,0,67,1,0,0,0
5,StreamingFIFO_rtl_18,StreamingFIFO_rtl,FIFO,,,,,,,,,,,auto,,,,,,,,,,,,,,,,,UINT6,6,2,1x32x32x1x8,rtl,67,0,0,55,0,1,0,0
5,MVAU_rtl_2,MVAU_rtl,MVAU,32,8,1,8,INT4,UINT6,INT13,4,6,dsp,auto,internal_decoupled,,,,,,,,,,,,,,,,,,,,,129,44,0,164,0,0,0,8
5,StreamingFIFO_rtl_19,StreamingFIFO_rtl,FIFO,,,,,,,,,,,auto,,,,,,,,,,,,,,,,,INT13,13,2,1x32x32x32x1,rtl,11,0,0,13,0,0,0,0
5,Thresholding_rtl_5,Thresholding_rtl,Thresholding,,,1,,INT13,INT13,INT8,13,13,,,,32,255,,,,,,,,,,,,,,,,,,,86,0,9,378,3,4,0,0
5,StreamingFIFO_rtl_20,StreamingFIFO_rtl,FIFO,,,,,,,,,,,auto,,,,,,,,,,,,,,,,,INT8,8,2,1x32x32x32x1,rtl,101,0,0,197,0,0,0,0
5,StreamingFIFO_rtl_21,StreamingFIFO_rtl,FIFO,,,,,,,,,,,auto,,,,,,,,,,,,,,,,,INT9,9,2,1x32x32x32x1,rtl,32,0,0,53,0,0,0,0
5,Thresholding_rtl_6,Thresholding_rtl,Thresholding,,,1,,INT10,INT9,INT8,10,9,,,,32,255,,,,,,,,,,,,,,,,,,,85,0,14,295,0,0,0,0
5,StreamingFIFO_rtl_22,StreamingFIFO_rtl,FIFO,,,,,,,,,,,auto,,,,,,,,,,,,,,,,,INT8,8,2,1x32x32x32x1,rtl,20,0,0,29,0,0,0,0
5,Thresholding_rtl_7,Thresholding_rtl,Thresholding,,,1,,INT9,INT8,UINT4,9,8,,,,32,15,,,,,,,,,,,,,,,,,,,43,0,7,88,0,0,0,0
5,StreamingFIFO_rtl_23,StreamingFIFO_rtl,FIFO,,,,,,,,,,,auto,,,,,,,,,,,,,,,,,UINT4,4,2,1x32x32x32x1,rtl,12,0,0,17,0,0,0,0
5,StreamingFIFO_rtl_24,StreamingFIFO_rtl,FIFO,,,,,,,,,,,auto,,,,,,,,,,,,,,,,,UINT4,4,2,1x32x32x32x1,rtl,55,0,0,101,0,0,0,0
5,StreamingFIFO_rtl_25,StreamingFIFO_rtl,FIFO,,,,,,,,,,,auto,,,,,,,,,,,,,,,,,UINT4,4,2,1x32x32x32x1,rtl,20,0,0,31,0,0,0,0
5,Thresholding_rtl_8,Thresholding_rtl,Thresholding,,,1,,UINT4,UINT4,INT8,4,4,,,,32,255,,,,,,,,,,,,,,,,,,,48,0,17,168,0,0,0,0
5,StreamingFIFO_rtl_26,StreamingFIFO_rtl,FIFO,,,,,,,,,,,auto,,,,,,,,,,,,,,,,,UINT4,4,2,1x32x32x2x16,rtl,13,0,0,21,0,0,0,0
5,StreamingFIFO_rtl_27,StreamingFIFO_rtl,FIFO,,,,,,,,,,,auto,,,,,,,,,,,,,,,,,INT8,8,10142,1x32x32x32x1,vivado,15,0,0,23,0,0,0,0
5,MVAU_rtl_3,MVAU_rtl,MVAU,8,32,2,16,INT4,UINT4,INT12,4,4,dsp,auto,internal_decoupled,,,,,,,,,,,,,,,,,,,,,502,104,0,612,0,0,0,16
5,StreamingFIFO_rtl_28,StreamingFIFO_rtl,FIFO,,,,,,,,,,,auto,,,,,,,,,,,,,,,,,INT12,12,2,1x32x32x4x2,rtl,14,0,0,21,0,0,0,0
5,StreamingFIFO_rtl_29,StreamingFIFO_rtl,FIFO,,,,,,,,,,,auto,,,,,,,,,,,,,,,,,INT12,12,2,1x32x32x8x1,rtl,9,0,0,13,0,0,0,0
5,Thresholding_rtl_9,Thresholding_rtl,Thresholding,,,1,,INT12,INT12,UINT4,12,12,,,,8,15,,,,,,,,,,,,,,,,,,,70,0,5,190,0,0,0,0
5,StreamingFIFO_rtl_30,StreamingFIFO_rtl,FIFO,,,,,,,,,,,auto,,,,,,,,,,,,,,,,,UINT4,4,2,1x32x32x8x1,rtl,10,0,0,13,0,0,0,0
5,StreamingFIFO_rtl_31,StreamingFIFO_rtl,FIFO,,,,,,,,,,,auto,,,,,,,,,,,,,,,,,UINT4,4,2,1x32x32x1x8,rtl,10,0,0,13,0,0,0,0
5,StreamingFIFO_rtl_32,StreamingFIFO_rtl,FIFO,,,,,,,,,,,auto,,,,,,,,,,,,,,,,,UINT4,4,687,1x48x48x1x8,vivado,70,0,0,133,0,0,0,0
5,StreamingFIFO_rtl_33,StreamingFIFO_rtl,FIFO,,,,,,,,,,,auto,,,,,,,,,,,,,,,,,UINT4,4,5856,1x48x48x8x1,vivado,96,0,0,71,2,0,0,0
5,ConvolutionInputGenerator_rtl_1,ConvolutionInputGenerator_rtl,SWU,,,,1,,UINT4,UINT4,,4,,distributed,,,,8,48,48,32,32,3,3,1,1,8,8,0,0,,,,,,1241,792,0,144,0,0,0,0
5,StreamingFIFO_rtl_34,StreamingFIFO_rtl,FIFO,,,,,,,,,,,auto,,,,,,,,,,,,,,,,,UINT4,4,2,1x32x32x72x1,rtl,71,0,0,59,0,1,0,0
5,StreamingFIFO_rtl_35,StreamingFIFO_rtl,FIFO,,,,,,,,,,,auto,,,,,,,,,,,,,,,,,UINT4,4,2,1x32x32x6x12,rtl,66,0,0,55,0,1,0,0
5,MVAU_rtl_4,MVAU_rtl,MVAU,8,72,4,12,INT4,UINT4,INT12,4,4,dsp,auto,internal_decoupled,,,,,,,,,,,,,,,,,,,,,762,124,0,1071,0,0,0,12
5,StreamingFIFO_rtl_36,StreamingFIFO_rtl,FIFO,,,,,,,,,,,auto,,,,,,,,,,,,,,,,,INT12,12,2,1x32x32x2x4,rtl,30,0,0,53,0,0,0,0
5,StreamingFIFO_rtl_37,StreamingFIFO_rtl,FIFO,,,,,,,,,,,auto,,,,,,,,,,,,,,,,,INT12,12,2,1x32x32x8x1,rtl,110,0,64,22,0,0,0,0
5,Thresholding_rtl_10,Thresholding_rtl,Thresholding,,,1,,INT12,INT12,UINT4,12,12,,,,8,15,,,,,,,,,,,,,,,,,,,86,0,5,187,0,0,0,0
5,StreamingFIFO_rtl_38,StreamingFIFO_rtl,FIFO,,,,,,,,,,,auto,,,,,,,,,,,,,,,,,UINT4,4,2,1x32x32x8x1,rtl,92,0,40,22,0,0,0,0
5,StreamingFIFO_rtl_39,StreamingFIFO_rtl,FIFO,,,,,,,,,,,auto,,,,,,,,,,,,,,,,,UINT4,4,2,1x32x32x1x8,rtl,18,0,0,29,0,0,0,0
5,MVAU_rtl_5,MVAU_rtl,MVAU,32,8,1,8,INT4,UINT4,INT11,4,4,dsp,auto,internal_decoupled,,,,,,,,,,,,,,,,,,,,,115,36,0,205,0,0,0,8
5,StreamingFIFO_rtl_40,StreamingFIFO_rtl,FIFO,,,,,,,,,,,auto,,,,,,,,,,,,,,,,,INT11,11,2,1x32x32x32x1,rtl,9,0,0,13,0,0,0,0
5,Thresholding_rtl_11,Thresholding_rtl,Thresholding,,,1,,INT11,INT11,INT8,11,11,,,,32,255,,,,,,,,,,,,,,,,,,,78,0,9,359,2,5,0,0
5,StreamingFIFO_rtl_41,StreamingFIFO_rtl,FIFO,,,,,,,,,,,auto,,,,,,,,,,,,,,,,,INT8,8,2,1x32x32x32x1,rtl,39,0,0,69,0,0,0,0
5,StreamingFIFO_rtl_42,StreamingFIFO_rtl,FIFO,,,,,,,,,,,auto,,,,,,,,,,,,,,,,,INT9,9,2,1x32x32x32x1,rtl,67,0,0,55,0,1,0,0
5,Thresholding_rtl_12,Thresholding_rtl,Thresholding,,,1,,INT10,INT9,INT8,10,9,,,,32,255,,,,,,,,,,,,,,,,,,,84,0,14,295,2,2,0,0
5,StreamingFIFO_rtl_43,StreamingFIFO_rtl,FIFO,,,,,,,,,,,auto,,,,,,,,,,,,,,,,,INT8,8,2,1x32x32x32x1,rtl,295,0,192,51,0,0,0,0
5,Thresholding_rtl_13,Thresholding_rtl,Thresholding,,,1,,INT9,INT8,UINT4,9,8,,,,32,15,,,,,,,,,,,,,,,,,,,43,0,7,88,0,0,0,0
5,StreamingFIFO_rtl_44,StreamingFIFO_rtl,FIFO,,,,,,,,,,,auto,,,,,,,,,,,,,,,,,UINT4,4,2,1x32x32x32x1,rtl,85,0,0,67,1,0,0,0
5,StreamingFIFO_rtl_45,StreamingFIFO_rtl,FIFO,,,,,,,,,,,auto,,,,,,,,,,,,,,,,,UINT4,4,2,1x32x32x32x1,rtl,70,0,0,59,0,1,0,0
5,StreamingFIFO_rtl_46,StreamingFIFO_rtl,FIFO,,,,,,,,,,,auto,,,,,,,,,,,,,,,,,UINT4,4,2,1x32x32x32x1,rtl,68,0,0,55,0,1,0,0
5,StreamingFIFO_rtl_47,StreamingFIFO_rtl,FIFO,,,,,,,,,,,auto,,,,,,,,,,,,,,,,,UINT4,4,2,1x32x32x1x32,rtl,71,0,28,18,0,0,0,0
5,StreamingFIFO_rtl_48,StreamingFIFO_rtl,FIFO,,,,,,,,,,,auto,,,,,,,,,,,,,,,,,UINT4,4,2,1x32x32x4x8,rtl,9,0,0,13,0,0,0,0
5,MVAU_rtl_6,MVAU_rtl,MVAU,16,32,4,8,INT4,UINT4,INT13,4,4,dsp,auto,internal_decoupled,,,,,,,,,,,,,,,,,,,,,564,84,0,904,0,0,0,8
5,MVAU_rtl_7,MVAU_rtl,MVAU,8,32,2,32,INT4,UINT4,INT13,4,4,dsp,auto,internal_decoupled,,,,,,,,,,,,,,,,,,,,,967,180,0,1160,0,0,0,32
5,StreamingFIFO_rtl_49,StreamingFIFO_rtl,FIFO,,,,,,,,,,,auto,,,,,,,,,,,,,,,,,INT13,13,2,1x32x32x4x4,rtl,55,0,0,101,0,0,0,0
5,StreamingFIFO_rtl_50,StreamingFIFO_rtl,FIFO,,,,,,,,,,,auto,,,,,,,,,,,,,,,,,INT13,13,2,1x32x32x4x2,rtl,55,0,0,101,0,0,0,0
5,StreamingFIFO_rtl_51,StreamingFIFO_rtl,FIFO,,,,,,,,,,,auto,,,,,,,,,,,,,,,,,INT13,13,2,1x32x32x16x1,rtl,20,0,0,29,0,0,0,0
5,StreamingFIFO_rtl_52,StreamingFIFO_rtl,FIFO,,,,,,,,,,,auto,,,,,,,,,,,,,,,,,INT13,13,2,1x32x32x8x1,rtl,10,0,0,13,0,0,0,0
5,Thresholding_rtl_14,Thresholding_rtl,Thresholding,,,1,,INT13,INT13,UINT4,13,13,,,,8,15,,,,,,,,,,,,,,,,,,,73,0,5,199,0,0,0,0
5,Thresholding_rtl_15,Thresholding_rtl,Thresholding,,,1,,INT13,INT13,INT4,13,13,,,,16,15,,,,,,,,,,,,,,,,,,,89,0,5,191,0,1,0,0
5,StreamingFIFO_rtl_53,StreamingFIFO_rtl,FIFO,,,,,,,,,,,auto,,,,,,,,,,,,,,,,,UINT4,4,54,1x32x32x8x1,rtl,37,0,0,69,0,0,0,0
5,StreamingFIFO_rtl_54,StreamingFIFO_rtl,FIFO,,,,,,,,,,,auto,,,,,,,,,,,,,,,,,INT4,4,2,1x32x32x16x1,rtl,17,0,0,27,0,0,0,0
5,StreamingFIFO_rtl_55,StreamingFIFO_rtl,FIFO,,,,,,,,,,,auto,,,,,,,,,,,,,,,,,INT4,4,2,1x32x32x1x16,rtl,13,0,0,21,0,0,0,0
5,StreamingFIFO_rtl_56,StreamingFIFO_rtl,FIFO,,,,,,,,,,,auto,,,,,,,,,,,,,,,,,UINT4,4,2,1x63x63x8x1,rtl,15,0,0,23,0,0,0,0
5,StreamingFIFO_rtl_57,StreamingFIFO_rtl,FIFO,,,,,,,,,,,auto,,,,,,,,,,,,,,,,,INT4,4,32,1x64x64x16,rtl,16,0,0,21,0,0,0,0
5,StreamingFIFO_rtl_58,StreamingFIFO_rtl,FIFO,,,,,,,,,,,auto,,,,,,,,,,,,,,,,,UINT4,4,2,1x63x63x1x8,rtl,10,0,0,13,0,0,0,0
5,StreamingFIFO_rtl_59,StreamingFIFO_rtl,FIFO,,,,,,,,,,,auto,,,,,,,,,,,,,,,,,UINT4,4,116,1x65x65x1x8,rtl,10,0,0,13,0,0,0,0
5,StreamingFIFO_rtl_60,StreamingFIFO_rtl,FIFO,,,,,,,,,,,auto,,,,,,,,,,,,,,,,,INT4,4,2120,1x66x66x1x16,vivado,10,0,0,13,0,0,0,0
5,StreamingFIFO_rtl_61,StreamingFIFO_rtl,FIFO,,,,,,,,,,,auto,,,,,,,,,,,,,,,,,UINT4,4,27987,1x65x65x8x1,vivado,133,0,0,261,0,0,0,0
5,StreamingFIFO_rtl_62,StreamingFIFO_rtl,FIFO,,,,,,,,,,,ultra,,,,,,,,,,,,,,,,,INT4,4,34848,1x66x66x8x2,vivado,40,0,0,69,0,0,0,0
5,ConvolutionInputGenerator_rtl_2,ConvolutionInputGenerator_rtl,SWU,,,,1,,UINT4,UINT4,,4,,distributed,,,,8,65,65,64,64,2,2,1,1,1,1,0,0,,,,,,459,170,0,119,0,0,0,0
5,ConvolutionInputGenerator_rtl_3,ConvolutionInputGenerator_rtl,SWU,,,,2,,INT4,INT4,,4,,distributed,,,,16,66,66,64,64,3,3,1,1,1,1,0,0,,,,,,314,72,0,109,0,0,0,0
5,StreamingFIFO_rtl_63,StreamingFIFO_rtl,FIFO,,,,,,,,,,,auto,,,,,,,,,,,,,,,,,UINT4,4,2,1x64x64x32x1,rtl,59,0,0,109,0,0,0,0
5,StreamingFIFO_rtl_64,StreamingFIFO_rtl,FIFO,,,,,,,,,,,auto,,,,,,,,,,,,,,,,,INT4,4,2,1x64x64x72x2,rtl,32,0,0,57,0,0,0,0
5,StreamingFIFO_rtl_65,StreamingFIFO_rtl,FIFO,,,,,,,,,,,auto,,,,,,,,,,,,,,,,,UINT4,4,2,1x64x64x2x16,rtl,19,0,0,31,0,0,0,0
5,StreamingFIFO_rtl_66,StreamingFIFO_rtl,FIFO,,,,,,,,,,,auto,,,,,,,,,,,,,,,,,INT4,4,2,1x64x64x9x16,rtl,19,0,0,31,0,0,0,0
5,MVAU_rtl_8,MVAU_rtl,MVAU,16,144,2,16,INT4,INT4,INT13,4,4,dsp,auto,internal_decoupled,,,,,,,,,,,,,,,,,,,,,790,232,0,681,0,0,0,16
5,MVAU_rtl_9,MVAU_rtl,MVAU,8,32,2,16,INT4,UINT4,INT11,4,4,dsp,auto,internal_decoupled,,,,,,,,,,,,,,,,,,,,,486,104,0,592,0,0,0,16
5,StreamingFIFO_rtl_67,StreamingFIFO_rtl,FIFO,,,,,,,,,,,auto,,,,,,,,,,,,,,,,,INT13,13,2,1x64x64x8x2,rtl,39,0,8,16,0,0,0,0
5,StreamingFIFO_rtl_68,StreamingFIFO_rtl,FIFO,,,,,,,,,,,auto,,,,,,,,,,,,,,,,,INT11,11,2,1x64x64x4x2,rtl,10,0,0,13,0,0,0,0
5,StreamingFIFO_rtl_69,StreamingFIFO_rtl,FIFO,,,,,,,,,,,auto,,,,,,,,,,,,,,,,,INT13,13,2,1x64x64x16x1,rtl,69,0,0,133,0,0,0,0
5,StreamingFIFO_rtl_70,StreamingFIFO_rtl,FIFO,,,,,,,,,,,auto,,,,,,,,,,,,,,,,,INT11,11,2,1x64x64x8x1,rtl,9,0,0,13,0,0,0,0
5,Thresholding_rtl_16,Thresholding_rtl,Thresholding,,,1,,INT13,INT13,UINT4,13,13,,,,16,15,,,,,,,,,,,,,,,,,,,86,0,5,191,0,1,0,0
5,Thresholding_rtl_17,Thresholding_rtl,Thresholding,,,1,,INT11,INT11,UINT4,11,11,,,,8,15,,,,,,,,,,,,,,,,,,,76,0,5,165,0,0,0,0
5,StreamingFIFO_rtl_71,StreamingFIFO_rtl,FIFO,,,,,,,,,,,auto,,,,,,,,,,,,,,,,,UINT4,4,2,1x64x64x16x1,rtl,89,0,64,75,0,0,0,0
5,StreamingFIFO_rtl_72,StreamingFIFO_rtl,FIFO,,,,,,,,,,,auto,,,,,,,,,,,,,,,,,UINT4,4,2,1x64x64x8x1,rtl,39,0,0,69,0,0,0,0
5,Thresholding_rtl_18,Thresholding_rtl,Thresholding,,,1,,UINT4,UINT4,INT8,4,4,,,,16,255,,,,,,,,,,,,,,,,,,,46,0,16,150,0,4,0,0
5,StreamingFIFO_rtl_73,StreamingFIFO_rtl,FIFO,,,,,,,,,,,auto,,,,,,,,,,,,,,,,,UINT4,4,2,1x64x64x4x2,rtl,190,0,128,45,0,0,0,0
5,StreamingFIFO_rtl_74,StreamingFIFO_rtl,FIFO,,,,,,,,,,,auto,,,,,,,,,,,,,,,,,INT8,8,2,1x64x64x16x1,rtl,83,0,0,63,4,0,0,0
5,MVAU_rtl_10,MVAU_rtl,MVAU,16,8,4,2,INT4,UINT4,INT11,4,4,dsp,auto,internal_decoupled,,,,,,,,,,,,,,,,,,,,,215,24,0,292,0,0,0,2
5,StreamingFIFO_rtl_75,StreamingFIFO_rtl,FIFO,,,,,,,,,,,auto,,,,,,,,,,,,,,,,,INT11,11,2,1x64x64x4x4,rtl,359,0,192,83,0,0,0,0
5,StreamingFIFO_rtl_76,StreamingFIFO_rtl,FIFO,,,,,,,,,,,ultra,,,,,,,,,,,,,,,,,INT11,11,7659,1x64x64x16x1,vivado,104,0,0,75,4,0,0,0
5,Thresholding_rtl_19,Thresholding_rtl,Thresholding,,,1,,INT11,INT11,INT8,11,11,,,,16,255,,,,,,,,,,,,,,,,,,,83,0,9,345,1,4,0,0
5,StreamingFIFO_rtl_77,StreamingFIFO_rtl,FIFO,,,,,,,,,,,auto,,,,,,,,,,,,,,,,,INT8,8,65536,1x64x64x16x1,vivado,92,0,0,71,2,0,0,0
5,StreamingFIFO_rtl_78,StreamingFIFO_rtl,FIFO,,,,,,,,,,,auto,,,,,,,,,,,,,,,,,INT9,9,2,1x64x64x16x1,rtl,70,0,0,87,0,0,8,0
6,StreamingFIFO_rtl_0,StreamingFIFO_rtl,FIFO,,,,,,,,,,,auto,,,,,,,,,,,,,,,,,INT9,9,2,1x64x64x16x1,rtl,16,0,0,23,0,0,0,0
6,Thresholding_rtl_0,Thresholding_rtl,Thresholding,,,1,,INT10,INT9,INT8,10,9,,,,16,255,,,,,,,,,,,,,,,,,,,81,0,13,289,1,2,0,0
6,StreamingFIFO_rtl_1,StreamingFIFO_rtl,FIFO,,,,,,,,,,,auto,,,,,,,,,,,,,,,,,INT8,8,2,1x64x64x16x1,rtl,16,0,0,21,0,0,0,0
6,Thresholding_rtl_1,Thresholding_rtl,Thresholding,,,1,,INT9,INT8,UINT4,9,8,,,,16,15,,,,,,,,,,,,,,,,,,,45,0,7,88,0,0,0,0
6,StreamingFIFO_rtl_2,StreamingFIFO_rtl,FIFO,,,,,,,,,,,auto,,,,,,,,,,,,,,,,,UINT4,4,2,1x64x64x16x1,rtl,11,0,0,13,0,0,0,0
6,StreamingFIFO_rtl_3,StreamingFIFO_rtl,FIFO,,,,,,,,,,,ultra,,,,,,,,,,,,,,,,,UINT4,4,7771,1x64x64x16x1,vivado,84,0,0,71,0,0,1,0
6,StreamingFIFO_rtl_4,StreamingFIFO_rtl,FIFO,,,,,,,,,,,auto,,,,,,,,,,,,,,,,,UINT4,4,2,1x64x64x16x1,rtl,11,0,0,13,0,0,0,0
6,Thresholding_rtl_2,Thresholding_rtl,Thresholding,,,1,,UINT4,UINT4,INT8,4,4,,,,16,255,,,,,,,,,,,,,,,,,,,46,0,16,150,0,4,0,0
6,StreamingFIFO_rtl_5,StreamingFIFO_rtl,FIFO,,,,,,,,,,,auto,,,,,,,,,,,,,,,,,UINT4,4,2,1x64x64x2x8,rtl,79,0,0,71,0,0,1,0
6,StreamingFIFO_rtl_6,StreamingFIFO_rtl,FIFO,,,,,,,,,,,auto,,,,,,,,,,,,,,,,,INT8,8,65536,1x64x64x16x1,vivado,71,0,0,67,0,0,1,0
6,MVAU_rtl_0,MVAU_rtl,MVAU,4,16,2,8,INT4,UINT4,INT11,4,4,dsp,auto,internal_decoupled,,,,,,,,,,,,,,,,,,,,,228,49,0,252,0,0,0,8
6,StreamingFIFO_rtl_7,StreamingFIFO_rtl,FIFO,,,,,,,,,,,auto,,,,,,,,,,,,,,,,,INT11,11,2,1x64x64x2x2,rtl,39,0,0,69,0,0,0,0
6,StreamingFIFO_rtl_8,StreamingFIFO_rtl,FIFO,,,,,,,,,,,auto,,,,,,,,,,,,,,,,,INT11,11,2,1x64x64x4x1,rtl,69,0,0,59,0,0,1,0
6,Thresholding_rtl_3,Thresholding_rtl,Thresholding,,,1,,INT11,INT11,UINT6,11,11,,,,4,63,,,,,,,,,,,,,,,,,,,83,0,7,254,0,1,0,0
6,StreamingFIFO_rtl_9,StreamingFIFO_rtl,FIFO,,,,,,,,,,,auto,,,,,,,,,,,,,,,,,UINT6,6,2,1x64x64x4x1,rtl,49,0,12,17,0,0,0,0
6,StreamingFIFO_rtl_10,StreamingFIFO_rtl,FIFO,,,,,,,,,,,auto,,,,,,,,,,,,,,,,,UINT6,6,32,1x64x64x1x4,rtl,29,0,0,49,0,0,0,0
6,StreamingFIFO_rtl_11,StreamingFIFO_rtl,FIFO,,,,,,,,,,,auto,,,,,,,,,,,,,,,,,UINT6,6,559,1x66x66x1x4,vivado,83,0,0,79,8,0,0,0
6,StreamingFIFO_rtl_12,StreamingFIFO_rtl,FIFO,,,,,,,,,,,auto,,,,,,,,,,,,,,,,,UINT6,6,17424,1x66x66x4x1,vivado,19,0,0,27,0,0,0,0
6,ConvolutionInputGenerator_rtl_0,ConvolutionInputGenerator_rtl,SWU,,,,1,,UINT6,UINT6,,6,,distributed,,,,4,66,66,64,64,3,3,1,1,1,1,0,0,,,,,,323,72,0,110,0,0,0,0
6,StreamingFIFO_rtl_13,StreamingFIFO_rtl,FIFO,,,,,,,,,,,auto,,,,,,,,,,,,,,,,,UINT6,6,2,1x64x64x36x1,rtl,81,0,0,79,8,0,0,0
6,StreamingFIFO_rtl_14,StreamingFIFO_rtl,FIFO,,,,,,,,,,,auto,,,,,,,,,,,,,,,,,UINT6,6,2,1x64x64x6x6,rtl,12,0,0,17,0,0,0,0
6,MVAU_rtl_1,MVAU_rtl,MVAU,4,36,4,6,INT4,UINT6,INT14,4,6,dsp,auto,internal_decoupled,,,,,,,,,,,,,,,,,,,,,399,46,0,416,0,0,0,12
6,StreamingFIFO_rtl_15,StreamingFIFO_rtl,FIFO,,,,,,,,,,,auto,,,,,,,,,,,,,,,,,INT14,14,2,1x64x64x1x4,rtl,73,0,24,35,0,0,0,0
6,StreamingFIFO_rtl_16,StreamingFIFO_rtl,FIFO,,,,,,,,,,,auto,,,,,,,,,,,,,,,,,INT14,14,2,1x64x64x4x1,rtl,67,0,0,55,0,1,0,0
6,Thresholding_rtl_4,Thresholding_rtl,Thresholding,,,1,,INT14,INT14,UINT4,14,14,,,,4,15,,,,,,,,,,,,,,,,,,,71,0,5,203,0,0,0,0
6,StreamingFIFO_rtl_17,StreamingFIFO_rtl,FIFO,,,,,,,,,,,auto,,,,,,,,,,,,,,,,,UINT4,4,2,1x64x64x4x1,rtl,99,0,48,36,0,0,0,0
6,StreamingFIFO_rtl_18,StreamingFIFO_rtl,FIFO,,,,,,,,,,,auto,,,,,,,,,,,,,,,,,UINT4,4,2,1x64x64x1x4,rtl,100,0,0,75,3,0,0,0
6,MVAU_rtl_2,MVAU_rtl,MVAU,16,4,1,4,INT6,UINT4,INT18,6,4,dsp,auto,internal_decoupled,,,,,,,,,,,,,,,,,,,,,97,22,0,141,0,0,0,4
6,StreamingFIFO_rtl_19,StreamingFIFO_rtl,FIFO,,,,,,,,,,,auto,,,,,,,,,,,,,,,,,INT18,18,2,1x64x64x16x1,rtl,71,0,0,59,0,1,0,0
6,Thresholding_rtl_5,Thresholding_rtl,Thresholding,,,1,,INT18,INT18,INT8,18,18,,,,16,255,,,,,,,,,,,,,,,,,,,109,0,9,468,1,5,0,0
6,StreamingFIFO_rtl_20,StreamingFIFO_rtl,FIFO,,,,,,,,,,,auto,,,,,,,,,,,,,,,,,INT8,8,2,1x64x64x16x1,rtl,33,0,6,16,0,0,0,0
6,StreamingFIFO_rtl_21,StreamingFIFO_rtl,FIFO,,,,,,,,,,,auto,,,,,,,,,,,,,,,,,INT9,9,2,1x64x64x16x1,rtl,13,0,0,17,0,0,0,0
6,Thresholding_rtl_6,Thresholding_rtl,Thresholding,,,1,,INT10,INT9,INT8,10,9,,,,16,255,,,,,,,,,,,,,,,,,,,83,0,13,289,0,0,0,0
6,StreamingFIFO_rtl_22,StreamingFIFO_rtl,FIFO,,,,,,,,,,,auto,,,,,,,,,,,,,,,,,INT8,8,2,1x64x64x16x1,rtl,44,0,0,77,0,0,0,0
6,Thresholding_rtl_7,Thresholding_rtl,Thresholding,,,1,,INT9,INT8,UINT4,9,8,,,,16,15,,,,,,,,,,,,,,,,,,,45,0,7,88,0,0,0,0
6,StreamingFIFO_rtl_23,StreamingFIFO_rtl,FIFO,,,,,,,,,,,auto,,,,,,,,,,,,,,,,,UINT4,4,2,1x64x64x16x1,rtl,63,0,0,117,0,0,0,0
6,StreamingFIFO_rtl_24,StreamingFIFO_rtl,FIFO,,,,,,,,,,,auto,,,,,,,,,,,,,,,,,UINT4,4,2,1x64x64x16x1,rtl,22,0,0,33,0,0,0,0
6,StreamingFIFO_rtl_25,StreamingFIFO_rtl,FIFO,,,,,,,,,,,auto,,,,,,,,,,,,,,,,,UINT4,4,2,1x64x64x16x1,rtl,10,0,0,13,0,0,0,0
6,Thresholding_rtl_8,Thresholding_rtl,Thresholding,,,1,,UINT4,UINT4,INT8,4,4,,,,16,255,,,,,,,,,,,,,,,,,,,45,0,16,150,0,4,0,0
6,StreamingFIFO_rtl_26,StreamingFIFO_rtl,FIFO,,,,,,,,,,,auto,,,,,,,,,,,,,,,,,UINT4,4,2,1x64x64x2x8,rtl,23,0,0,37,0,0,0,0
6,StreamingFIFO_rtl_27,StreamingFIFO_rtl,FIFO,,,,,,,,,,,auto,,,,,,,,,,,,,,,,,INT8,8,1086,1x64x64x16x1,vivado,25,0,0,41,0,0,0,0
6,MVAU_rtl_3,MVAU_rtl,MVAU,4,16,2,8,INT4,UINT4,INT10,4,4,dsp,auto,internal_decoupled,,,,,,,,,,,,,,,,,,,,,217,47,0,241,0,0,0,8
6,StreamingFIFO_rtl_28,StreamingFIFO_rtl,FIFO,,,,,,,,,,,auto,,,,,,,,,,,,,,,,,INT10,10,2,1x64x64x2x2,rtl,15,0,0,21,0,0,0,0
6,StreamingFIFO_rtl_29,StreamingFIFO_rtl,FIFO,,,,,,,,,,,auto,,,,,,,,,,,,,,,,,INT10,10,2,1x64x64x4x1,rtl,17,0,0,23,0,0,0,0
6,Thresholding_rtl_9,Thresholding_rtl,Thresholding,,,1,,INT10,INT10,UINT4,10,10,,,,4,15,,,,,,,,,,,,,,,,,,,64,0,5,159,0,0,0,0
6,StreamingFIFO_rtl_30,StreamingFIFO_rtl,FIFO,,,,,,,,,,,auto,,,,,,,,,,,,,,,,,UINT4,4,2,1x64x64x4x1,rtl,16,0,0,21,0,0,0,0
6,StreamingFIFO_rtl_31,StreamingFIFO_rtl,FIFO,,,,,,,,,,,auto,,,,,,,,,,,,,,,,,UINT4,4,2,1x64x64x1x4,rtl,11,0,0,13,0,0,0,0
6,StreamingFIFO_rtl_32,StreamingFIFO_rtl,FIFO,,,,,,,,,,,auto,,,,,,,,,,,,,,,,,UINT4,4,101,1x66x66x1x4,rtl,11,0,0,13,0,0,0,0
6,StreamingFIFO_rtl_33,StreamingFIFO_rtl,FIFO,,,,,,,,,,,auto,,,,,,,,,,,,,,,,,UINT4,4,472,1x66x66x4x1,vivado,11,0,0,13,0,0,0,0
6,ConvolutionInputGenerator_rtl_1,ConvolutionInputGenerator_rtl,SWU,,,,1,,UINT4,UINT4,,4,,distributed,,,,4,66,66,64,64,3,3,1,1,1,1,0,0,,,,,,314,72,0,108,0,0,0,0
6,StreamingFIFO_rtl_34,StreamingFIFO_rtl,FIFO,,,,,,,,,,,auto,,,,,,,,,,,,,,,,,UINT4,4,2,1x64x64x36x1,rtl,39,0,0,69,0,0,0,0
6,StreamingFIFO_rtl_35,StreamingFIFO_rtl,FIFO,,,,,,,,,,,auto,,,,,,,,,,,,,,,,,UINT4,4,2,1x64x64x6x6,rtl,72,0,0,59,0,1,0,0
6,MVAU_rtl_4,MVAU_rtl,MVAU,4,36,4,6,INT4,UINT4,INT11,4,4,dsp,auto,internal_decoupled,,,,,,,,,,,,,,,,,,,,,388,48,0,413,0,0,0,6
6,StreamingFIFO_rtl_36,StreamingFIFO_rtl,FIFO,,,,,,,,,,,auto,,,,,,,,,,,,,,,,,INT11,11,2,1x64x64x1x4,rtl,53,0,16,20,0,0,0,0
6,StreamingFIFO_rtl_37,StreamingFIFO_rtl,FIFO,,,,,,,,,,,auto,,,,,,,,,,,,,,,,,INT11,11,2,1x64x64x4x1,rtl,27,0,0,45,0,0,0,0
6,Thresholding_rtl_10,Thresholding_rtl,Thresholding,,,1,,INT11,INT11,UINT4,11,11,,,,4,15,,,,,,,,,,,,,,,,,,,68,0,5,172,0,0,0,0
6,StreamingFIFO_rtl_38,StreamingFIFO_rtl,FIFO,,,,,,,,,,,auto,,,,,,,,,,,,,,,,,UINT4,4,2,1x64x64x4x1,rtl,18,0,0,25,0,0,0,0
6,MVAU_rtl_5,MVAU_rtl,MVAU,16,4,4,1,INT4,UINT4,INT11,4,4,dsp,auto,internal_decoupled,,,,,,,,,,,,,,,,,,,,,143,12,0,251,0,0,0,1
6,StreamingFIFO_rtl_39,StreamingFIFO_rtl,FIFO,,,,,,,,,,,auto,,,,,,,,,,,,,,,,,INT11,11,2,1x64x64x4x4,rtl,10,0,0,13,0,0,0,0
6,StreamingFIFO_rtl_40,StreamingFIFO_rtl,FIFO,,,,,,,,,,,auto,,,,,,,,,,,,,,,,,INT11,11,2,1x64x64x16x1,rtl,23,0,0,37,0,0,0,0
6,Thresholding_rtl_11,Thresholding_rtl,Thresholding,,,1,,INT11,INT11,INT8,11,11,,,,16,255,,,,,,,,,,,,,,,,,,,83,0,9,345,1,4,0,0
6,StreamingFIFO_rtl_41,StreamingFIFO_rtl,FIFO,,,,,,,,,,,auto,,,,,,,,,,,,,,,,,INT8,8,2,1x64x64x16x1,rtl,110,0,64,29,0,0,0,0
6,StreamingFIFO_rtl_42,StreamingFIFO_rtl,FIFO,,,,,,,,,,,auto,,,,,,,,,,,,,,,,,INT9,9,2,1x64x64x16x1,rtl,71,0,32,18,0,0,0,0
6,Thresholding_rtl_12,Thresholding_rtl,Thresholding,,,1,,INT10,INT9,INT8,10,9,,,,16,255,,,,,,,,,,,,,,,,,,,83,0,13,289,1,2,0,0
6,StreamingFIFO_rtl_43,StreamingFIFO_rtl,FIFO,,,,,,,,,,,auto,,,,,,,,,,,,,,,,,INT8,8,2,1x64x64x16x1,rtl,73,0,28,18,0,0,0,0
6,Thresholding_rtl_13,Thresholding_rtl,Thresholding,,,1,,INT9,INT8,UINT6,9,8,,,,16,63,,,,,,,,,,,,,,,,,,,57,0,11,130,0,0,0,0
6,StreamingFIFO_rtl_44,StreamingFIFO_rtl,FIFO,,,,,,,,,,,auto,,,,,,,,,,,,,,,,,UINT6,6,2,1x64x64x16x1,rtl,11,0,0,13,0,0,0,0
6,StreamingFIFO_rtl_45,StreamingFIFO_rtl,FIFO,,,,,,,,,,,auto,,,,,,,,,,,,,,,,,UINT6,6,2,1x64x64x16x1,rtl,32,0,0,53,0,0,0,0
6,StreamingFIFO_rtl_46,StreamingFIFO_rtl,FIFO,,,,,,,,,,,auto,,,,,,,,,,,,,,,,,UINT6,6,2,1x64x64x16x1,rtl,51,0,0,93,0,0,0,0
6,StreamingFIFO_rtl_47,StreamingFIFO_rtl,FIFO,,,,,,,,,,,auto,,,,,,,,,,,,,,,,,UINT6,6,2,1x64x64x2x8,rtl,19,0,0,27,0,0,0,0
6,StreamingFIFO_rtl_48,StreamingFIFO_rtl,FIFO,,,,,,,,,,,auto,,,,,,,,,,,,,,,,,UINT6,6,2,1x64x64x4x4,rtl,11,0,0,13,0,0,0,0
6,MVAU_rtl_6,MVAU_rtl,MVAU,4,16,4,4,INT6,UINT6,INT14,6,6,dsp,auto,internal_decoupled,,,,,,,,,,,,,,,,,,,,,305,42,0,378,0,0,0,8
6,MVAU_rtl_7,MVAU_rtl,MVAU,4,16,2,8,INT4,UINT6,INT12,4,6,dsp,auto,internal_decoupled,,,,,,,,,,,,,,,,,,,,,247,49,0,262,0,0,0,8
6,StreamingFIFO_rtl_49,StreamingFIFO_rtl,FIFO,,,,,,,,,,,auto,,,,,,,,,,,,,,,,,INT14,14,2,1x64x64x1x4,rtl,51,0,0,93,0,0,0,0
6,StreamingFIFO_rtl_50,StreamingFIFO_rtl,FIFO,,,,,,,,,,,auto,,,,,,,,,,,,,,,,,INT12,12,2,1x64x64x2x2,rtl,19,0,0,27,0,0,0,0
6,StreamingFIFO_rtl_51,StreamingFIFO_rtl,FIFO,,,,,,,,,,,auto,,,,,,,,,,,,,,,,,INT14,14,2,1x64x64x4x1,rtl,14,0,0,21,0,0,0,0
6,StreamingFIFO_rtl_52,StreamingFIFO_rtl,FIFO,,,,,,,,,,,auto,,,,,,,,,,,,,,,,,INT12,12,2,1x64x64x4x1,rtl,16,0,0,23,0,0,0,0
6,Thresholding_rtl_14,Thresholding_rtl,Thresholding,,,1,,INT14,INT14,INT4,14,14,,,,4,15,,,,,,,,,,,,,,,,,,,76,0,5,205,0,0,0,0
6,Thresholding_rtl_15,Thresholding_rtl,Thresholding,,,1,,INT12,INT12,UINT4,12,12,,,,4,15,,,,,,,,,,,,,,,,,,,72,0,5,181,0,0,0,0
6,StreamingFIFO_rtl_53,StreamingFIFO_rtl,FIFO,,,,,,,,,,,auto,,,,,,,,,,,,,,,,,INT4,4,2,1x64x64x4x1,rtl,15,0,0,21,0,0,0,0
6,StreamingFIFO_rtl_54,StreamingFIFO_rtl,FIFO,,,,,,,,,,,auto,,,,,,,,,,,,,,,,,UINT4,4,54,1x64x64x4x1,rtl,12,0,0,17,0,0,0,0
6,StreamingFIFO_rtl_55,StreamingFIFO_rtl,FIFO,,,,,,,,,,,auto,,,,,,,,,,,,,,,,,INT4,4,32,1x64x64x1x4,rtl,12,0,0,17,0,0,0,0
6,StreamingFIFO_rtl_56,StreamingFIFO_rtl,FIFO,,,,,,,,,,,auto,,,,,,,,,,,,,,,,,UINT4,4,2,1x127x127x4x1,rtl,13,0,0,17,0,0,0,0
6,StreamingFIFO_rtl_57,StreamingFIFO_rtl,FIFO,,,,,,,,,,,auto,,,,,,,,,,,,,,,,,INT4,4,32,1x128x128x4,rtl,54,0,0,101,0,0,0,0
6,StreamingFIFO_rtl_58,StreamingFIFO_rtl,FIFO,,,,,,,,,,,auto,,,,,,,,,,,,,,,,,UINT4,4,2,1x127x127x1x4,rtl,32,0,0,53,0,0,0,0
6,StreamingFIFO_rtl_59,StreamingFIFO_rtl,FIFO,,,,,,,,,,,auto,,,,,,,,,,,,,,,,,UINT4,4,196,1x129x129x1x4,rtl,63,0,0,117,0,0,0,0
6,StreamingFIFO_rtl_60,StreamingFIFO_rtl,FIFO,,,,,,,,,,,auto,,,,,,,,,,,,,,,,,INT4,4,229,1x130x130x1x4,rtl,32,0,0,53,0,0,0,0
6,StreamingFIFO_rtl_61,StreamingFIFO_rtl,FIFO,,,,,,,,,,,auto,,,,,,,,,,,,,,,,,UINT4,4,58112,1x129x129x4x1,vivado,22,0,0,33,0,0,0,0
6,StreamingFIFO_rtl_62,StreamingFIFO_rtl,FIFO,,,,,,,,,,,ultra,,,,,,,,,,,,,,,,,INT4,4,33800,1x130x130x2x2,vivado,20,0,0,29,0,0,0,0
6,ConvolutionInputGenerator_rtl_2,ConvolutionInputGenerator_rtl,SWU,,,,1,,UINT4,UINT4,,4,,distributed,,,,4,129,129,128,128,2,2,1,1,1,1,0,0,,,,,,346,90,0,114,0,0,0,0
6,ConvolutionInputGenerator_rtl_3,ConvolutionInputGenerator_rtl,SWU,,,,2,,INT4,INT4,,4,,distributed,,,,4,130,130,128,128,3,3,1,1,1,1,0,0,,,,,,322,72,0,112,0,0,0,0
6,StreamingFIFO_rtl_63,StreamingFIFO_rtl,FIFO,,,,,,,,,,,auto,,,,,,,,,,,,,,,,,UINT4,4,2,1x128x128x16x1,rtl,10,0,0,13,0,0,0,0
6,StreamingFIFO_rtl_64,StreamingFIFO_rtl,FIFO,,,,,,,,,,,auto,,,,,,,,,,,,,,,,,INT4,4,2,1x128x128x18x2,rtl,39,0,8,16,0,0,0,0
6,StreamingFIFO_rtl_65,StreamingFIFO_rtl,FIFO,,,,,,,,,,,auto,,,,,,,,,,,,,,,,,UINT4,4,2,1x128x128x2x8,rtl,56,0,16,27,0,0,0,0
6,StreamingFIFO_rtl_66,StreamingFIFO_rtl,FIFO,,,,,,,,,,,auto,,,,,,,,,,,,,,,,,INT4,4,2,1x128x128x6x6,rtl,10,0,0,13,0,0,0,0
6,MVAU_rtl_8,MVAU_rtl,MVAU,4,36,2,6,INT4,INT4,INT11,4,4,dsp,auto,internal_decoupled,,,,,,,,,,,,,,,,,,,,,206,40,0,237,0,0,0,6
6,MVAU_rtl_9,MVAU_rtl,MVAU,4,16,2,8,INT4,UINT4,INT10,4,4,dsp,auto,internal_decoupled,,,,,,,,,,,,,,,,,,,,,217,45,0,237,0,0,0,8
6,StreamingFIFO_rtl_67,StreamingFIFO_rtl,FIFO,,,,,,,,,,,auto,,,,,,,,,,,,,,,,,INT11,11,2,1x128x128x2x2,rtl,40,0,16,27,0,0,0,0
6,StreamingFIFO_rtl_68,StreamingFIFO_rtl,FIFO,,,,,,,,,,,auto,,,,,,,,,,,,,,,,,INT10,10,2,1x128x128x2x2,rtl,23,0,0,37,0,0,0,0
6,StreamingFIFO_rtl_69,StreamingFIFO_rtl,FIFO,,,,,,,,,,,auto,,,,,,,,,,,,,,,,,INT11,11,2,1x128x128x4x1,rtl,181,0,112,30,0,0,0,0
6,StreamingFIFO_rtl_70,StreamingFIFO_rtl,FIFO,,,,,,,,,,,auto,,,,,,,,,,,,,,,,,INT10,10,2,1x128x128x4x1,rtl,180,0,128,30,0,0,0,0
6,Thresholding_rtl_16,Thresholding_rtl,Thresholding,,,1,,INT11,INT11,UINT6,11,11,,,,4,63,,,,,,,,,,,,,,,,,,,94,0,7,250,0,1,0,0
6,Thresholding_rtl_17,Thresholding_rtl,Thresholding,,,1,,INT10,INT10,UINT4,10,10,,,,4,15,,,,,,,,,,,,,,,,,,,53,0,5,156,0,0,0,0
6,StreamingFIFO_rtl_71,StreamingFIFO_rtl,FIFO,,,,,,,,,,,auto,,,,,,,,,,,,,,,,,UINT6,6,2,1x128x128x4x1,rtl,76,0,0,79,4,0,0,0
6,StreamingFIFO_rtl_72,StreamingFIFO_rtl,FIFO,,,,,,,,,,,auto,,,,,,,,,,,,,,,,,UINT4,4,2,1x128x128x4x1,rtl,70,0,0,87,0,0,8,0
6,Thresholding_rtl_18,Thresholding_rtl,Thresholding,,,1,,UINT6,UINT6,INT8,6,6,,,,4,255,,,,,,,,,,,,,,,,,,,56,0,16,167,0,2,0,0
6,StreamingFIFO_rtl_73,StreamingFIFO_rtl,FIFO,,,,,,,,,,,auto,,,,,,,,,,,,,,,,,UINT4,4,2,1x128x128x1x4,rtl,102,0,0,75,4,0,0,0
6,StreamingFIFO_rtl_74,StreamingFIFO_rtl,FIFO,,,,,,,,,,,auto,,,,,,,,,,,,,,,,,INT8,8,2,1x128x128x4x1,rtl,73,0,0,67,0,0,1,0
6,MVAU_rtl_10,MVAU_rtl,MVAU,4,4,1,4,INT6,UINT4,INT11,6,4,dsp,auto,internal_decoupled,,,,,,,,,,,,,,,,,,,,,70,19,0,100,0,0,0,4
6,StreamingFIFO_rtl_75,StreamingFIFO_rtl,FIFO,,,,,,,,,,,auto,,,,,,,,,,,,,,,,,INT11,11,2,1x128x128x4x1,rtl,93,0,0,71,2,0,0,0
6,Thresholding_rtl_19,Thresholding_rtl,Thresholding,,,1,,INT11,INT11,INT8,11,11,,,,4,255,,,,,,,,,,,,,,,,,,,102,0,9,337,0,3,0,0
6,StreamingFIFO_rtl_76,StreamingFIFO_rtl,FIFO,,,,,,,,,,,auto,,,,,,,,,,,,,,,,,INT8,8,15038,1x128x128x4x1,vivado,31,0,8,17,0,0,0,0
6,StreamingFIFO_rtl_77,StreamingFIFO_rtl,FIFO,,,,,,,,,,,auto,,,,,,,,,,,,,,,,,INT9,9,2,1x128x128x4x1,rtl,67,0,0,55,0,1,0,0
7,StreamingFIFO_rtl_0,StreamingFIFO_rtl,FIFO,,,,,,,,,,,auto,,,,,,,,,,,,,,,,,INT9,9,2,1x128x128x4x1,rtl,16,0,0,23,0,0,0,0
7,Thresholding_rtl_0,Thresholding_rtl,Thresholding,,,1,,INT10,INT9,INT8,10,9,,,,4,255,,,,,,,,,,,,,,,,,,,79,0,11,291,0,3,0,0
7,StreamingFIFO_rtl_1,StreamingFIFO_rtl,FIFO,,,,,,,,,,,auto,,,,,,,,,,,,,,,,,INT8,8,2,1x128x128x4x1,rtl,15,0,0,21,0,0,0,0
7,Thresholding_rtl_1,Thresholding_rtl,Thresholding,,,1,,INT9,INT8,UINT4,9,8,,,,4,15,,,,,,,,,,,,,,,,,,,42,0,7,88,0,0,0,0
7,StreamingFIFO_rtl_2,StreamingFIFO_rtl,FIFO,,,,,,,,,,,auto,,,,,,,,,,,,,,,,,UINT4,4,2,1x128x128x4x1,rtl,10,0,0,13,0,0,0,0
7,StreamingFIFO_rtl_3,StreamingFIFO_rtl,FIFO,,,,,,,,,,,ultra,,,,,,,,,,,,,,,,,UINT4,4,7527,1x128x128x4x1,vivado,82,0,0,71,0,0,1,0
7,StreamingFIFO_rtl_4,StreamingFIFO_rtl,FIFO,,,,,,,,,,,auto,,,,,,,,,,,,,,,,,UINT4,4,2,1x128x128x4x1,rtl,11,0,0,13,0,0,0,0
7,Thresholding_rtl_2,Thresholding_rtl,Thresholding,,,1,,UINT4,UINT4,INT8,4,4,,,,4,255,,,,,,,,,,,,,,,,,,,45,0,14,133,0,2,0,0
7,StreamingFIFO_rtl_5,StreamingFIFO_rtl,FIFO,,,,,,,,,,,auto,,,,,,,,,,,,,,,,,UINT4,4,2,1x128x128x1x4,rtl,79,0,0,71,0,0,1,0
7,StreamingFIFO_rtl_6,StreamingFIFO_rtl,FIFO,,,,,,,,,,,auto,,,,,,,,,,,,,,,,,INT8,8,65536,1x128x128x4x1,vivado,71,0,0,63,0,0,1,0
7,MVAU_rtl_0,MVAU_rtl,MVAU,1,4,1,4,UINT3,UINT4,UINT11,3,4,dsp,auto,internal_decoupled,,,,,,,,,,,,,,,,,,,,,35,0,0,53,0,0,0,4
7,StreamingFIFO_rtl_7,StreamingFIFO_rtl,FIFO,,,,,,,,,,,auto,,,,,,,,,,,,,,,,,UINT11,11,2,1x128x128x1x1,rtl,24,0,0,37,0,0,0,0
7,Thresholding_rtl_3,Thresholding_rtl,Thresholding,,,1,,UINT11,UINT11,UINT6,11,11,,,,1,63,,,,,,,,,,,,,,,,,,,94,0,7,225,0,0,0,0
7,StreamingFIFO_rtl_8,StreamingFIFO_rtl,FIFO,,,,,,,,,,,ultra,,,,,,,,,,,,,,,,,UINT6,6,1745,1x128x128x1x1,vivado,72,0,32,18,0,0,0,0
7,StreamingFIFO_rtl_9,StreamingFIFO_rtl,FIFO,,,,,,,,,,,ultra,,,,,,,,,,,,,,,,,UINT6,6,16900,1x130x130x1x1,vivado,50,0,16,17,0,0,0,0
7,ConvolutionInputGenerator_rtl_0,ConvolutionInputGenerator_rtl,SWU,,,,1,,UINT6,UINT6,,6,,distributed,,,,1,130,130,128,128,3,3,1,1,1,1,1,0,,,,,,267,40,0,105,0,0,0,0
7,StreamingFIFO_rtl_10,StreamingFIFO_rtl,FIFO,,,,,,,,,,,auto,,,,,,,,,,,,,,,,,UINT6,6,2,1x128x128x9x1,rtl,19,0,0,27,0,0,0,0
7,StreamingFIFO_rtl_11,StreamingFIFO_rtl,FIFO,,,,,,,,,,,auto,,,,,,,,,,,,,,,,,UINT6,6,2,1x128x128x1x9,rtl,83,0,0,79,8,0,0,0
7,VVAU_hls_0,VVAU_hls,VVAU,1,9,1,9,INT4,UINT6,INT10,4,6,dsp,auto,internal_decoupled,,,,,,,,,,,,,,,,,,,,,115,0,0,207,0,0,0,11
7,StreamingFIFO_rtl_12,StreamingFIFO_rtl,FIFO,,,,,,,,,,,auto,,,,,,,,,,,,,,,,,INT10,10,2,1x128x128x1x1,rtl,71,0,0,67,0,0,1,0
7,Thresholding_rtl_4,Thresholding_rtl,Thresholding,,,1,,INT10,INT10,UINT4,10,10,,,,1,15,,,,,,,,,,,,,,,,,,,54,0,5,125,0,0,0,0
7,StreamingFIFO_rtl_13,StreamingFIFO_rtl,FIFO,,,,,,,,,,,auto,,,,,,,,,,,,,,,,,UINT4,4,2,1x128x128x1x1,rtl,81,0,0,79,8,0,0,0
7,MVAU_rtl_1,MVAU_rtl,MVAU,4,1,1,1,INT4,UINT4,INT9,4,4,dsp,auto,internal_decoupled,,,,,,,,,,,,,,,,,,,,,33,6,0,66,0,0,0,1
7,StreamingFIFO_rtl_14,StreamingFIFO_rtl,FIFO,,,,,,,,,,,auto,,,,,,,,,,,,,,,,,INT9,9,2,1x128x128x4x1,rtl,68,0,0,63,0,0,1,0
7,Thresholding_rtl_5,Thresholding_rtl,Thresholding,,,1,,INT9,INT9,INT8,9,9,,,,4,255,,,,,,,,,,,,,,,,,,,104,0,9,299,0,3,0,0
7,StreamingFIFO_rtl_15,StreamingFIFO_rtl,FIFO,,,,,,,,,,,auto,,,,,,,,,,,,,,,,,INT8,8,2,1x128x128x4x1,rtl,108,0,56,22,0,0,0,0
7,StreamingFIFO_rtl_16,StreamingFIFO_rtl,FIFO,,,,,,,,,,,auto,,,,,,,,,,,,,,,,,INT9,9,2,1x128x128x4x1,rtl,94,0,0,83,0,0,4,0
7,Thresholding_rtl_6,Thresholding_rtl,Thresholding,,,1,,INT10,INT9,INT8,10,9,,,,4,255,,,,,,,,,,,,,,,,,,,79,0,11,276,0,0,0,0
7,StreamingFIFO_rtl_17,StreamingFIFO_rtl,FIFO,,,,,,,,,,,auto,,,,,,,,,,,,,,,,,INT8,8,2,1x128x128x4x1,rtl,67,0,0,61,0,0,1,0
7,Thresholding_rtl_7,Thresholding_rtl,Thresholding,,,1,,INT9,INT8,UINT6,9,8,,,,4,63,,,,,,,,,,,,,,,,,,,57,0,11,130,0,0,0,0
7,StreamingFIFO_rtl_18,StreamingFIFO_rtl,FIFO,,,,,,,,,,,auto,,,,,,,,,,,,,,,,,UINT6,6,56718,1x128x128x4x1,vivado,22,0,0,32,0,0,0,0
7,StreamingFIFO_rtl_19,StreamingFIFO_rtl,FIFO,,,,,,,,,,,auto,,,,,,,,,,,,,,,,,UINT6,6,2,1x255x255x4x1,rtl,13,0,0,17,0,0,0,0
7,StreamingFIFO_rtl_20,StreamingFIFO_rtl,FIFO,,,,,,,,,,,auto,,,,,,,,,,,,,,,,,UINT6,6,128,1x255x255x1x4,rtl,60,0,0,113,0,0,0,0
7,StreamingFIFO_rtl_21,StreamingFIFO_rtl,FIFO,,,,,,,,,,,ultra,,,,,,,,,,,,,,,,,UINT6,6,1217,1x257x257x1x4,vivado,17,0,0,25,0,0,0,0
7,ConvolutionInputGenerator_rtl_1,ConvolutionInputGenerator_rtl,SWU,,,,4,,UINT6,UINT6,,6,,distributed,,,,4,257,257,256,256,2,2,1,1,1,1,0,0,,,,,,411,140,0,127,0,0,0,0
7,StreamingFIFO_rtl_22,StreamingFIFO_rtl,FIFO,,,,,,,,,,,auto,,,,,,,,,,,,,,,,,UINT6,6,2,1x256x256x4x4,rtl,10,0,0,13,0,0,0,0
7,StreamingFIFO_rtl_23,StreamingFIFO_rtl,FIFO,,,,,,,,,,,auto,,,,,,,,,,,,,,,,,UINT6,6,26137,1x256x256x1x16,vivado,17,0,0,23,0,0,0,0
7,MVAU_rtl_2,MVAU_rtl,MVAU,5,16,1,16,INT6,UINT6,INT16,6,6,dsp,auto,internal_decoupled,,,,,,,,,,,,,,,,,,,,,298,102,0,278,0,0,0,16
7,StreamingFIFO_rtl_24,StreamingFIFO_rtl,FIFO,,,,,,,,,,,auto,,,,,,,,,,,,,,,,,INT16,16,2,1x256x256x5x1,rtl,14,0,0,21,0,0,0,0
7,StreamingFIFO_rtl_25,StreamingFIFO_rtl,FIFO,,,,,,,,,,,auto,,,,,,,,,,,,,,,,,INT17,17,2,1x256x256x5x1,rtl,16,0,0,23,0,0,0,0
