case_id,gt_vessel_px,dice_f1,precision,recall_sensitivity,accuracy
test_100_discont_000,875,0.20858895705308192,0.9902912620397776,0.11657142857009632,0.8928719723171034
test_100_discont_001,1993,0.8351810790814606,0.8204259438488847,0.8504766683349199,0.9074048442894015
test_100_discont_002,1416,0.5156249999977621,0.668918918911386,0.41949152542076634,0.8455363321787606
test_100_discont_003,2241,0.5858854860170816,0.7265521796517401,0.4908522980790234,0.7847750865041041
test_100_discont_004,1172,0.6829665851642911,0.653666146640767,0.7150170648403156,0.892318339099111
test_100_discont_005,1339,0.5118534482731043,0.9187620889570839,0.35474234503095786,0.8746020761233569
test_100_discont_006,1621,0.6031112883900953,0.8532731376878863,0.4663787785288934,0.862283737023028
test_100_discont_007,707,0.5749128919810548,0.7482993197109229,0.4667609618038648,0.9324567474035537
test_100_empty_000,0,0.0,0.0,0.0,0.9784083044969157
test_100_empty_001,1257,0.5553674229578214,0.4834905660348851,0.6523468575922646,0.8182698961926391
test_100_empty_003,0,0.0,0.0,0.0,0.9332871972305422
test_100_empty_005,0,0.0,0.0,0.0,0.9611072664346559
test_100_empty_007,0,0.0,0.0,0.0,0.9999999999986159
test_100_empty_008,0,0.0,0.0,0.0,0.9799307958463945
test_100_empty_009,193,0.1524663677112952,0.09728183118601885,0.35233160619936105,0.8953633217980688
test_100_normal_000,1372,0.92126825792333,0.9010452961609684,0.9424198250660174,0.9694117647045406
test_100_normal_001,1455,0.814984709477007,0.9181739879335215,0.7326460481049303,0.9330103806215461
test_100_normal_002,1254,0.9153876426567675,0.9036519036448823,0.9274322168985054,0.9702422145315291
test_100_normal_003,1317,0.8900722708220233,0.8917682926761299,0.8883826879203617,0.9599999999986712
test_100_normal_004,1319,0.8670565302110447,0.8924558587408311,0.8430629264530474,0.9528027681647713
test_100_normal_005,1357,0.8055198973016511,0.7134735645212423,0.9248341930661398,0.9161245674727805
test_101_discont_000,896,0.8307528029854205,0.7963152507595055,0.8683035714188805,0.9561245674727251
test_101_discont_001,1212,0.9496043315245748,0.9587888982257462,0.94059405939818,0.9832525951543485
test_101_discont_002,1102,0.9265734265693769,0.8937605396214692,0.9618874773052462,0.9767474048429388
test_101_empty_000,0,0.0,0.0,0.0,0.9999999999986159
test_101_empty_001,0,0.0,0.0,0.0,0.9999999999986159
test_101_empty_002,0,0.0,0.0,0.0,0.927750865050619
test_101_empty_004,0,0.0,0.0,0.0,0.9767474048429388
test_101_empty_005,0,0.0,0.0,0.0,0.9940484429051986
test_101_empty_006,0,0.0,0.0,0.0,0.973564013839483
test_101_empty_008,0,0.0,0.0,0.0,0.9951557093411831
test_101_normal_000,801,0.7800103039630087,0.6640350877134734,0.9450686641579892,0.9408996539779365
test_101_normal_001,1282,0.958904109585288,0.9622937941794008,0.9555382215214078,0.9854671280263178
test_101_normal_002,1174,0.9527896995667263,0.9602076124484412,0.9454855195830879,0.9847750865038273
test_101_normal_003,1412,0.9645892351240631,0.9645892351206474,0.9645892351206474,0.9861591695488081
test_101_normal_004,381,0.5321428571381059,0.4032476319295907,0.7821522309505997,0.9274740484416228
test_101_normal_005,1274,0.8963786303302389,0.8250825082453791,0.9811616954397084,0.9599999999986712
test_101_normal_006,1309,0.9365020423284943,0.9111271676234746,0.9633307868528395,0.9763321799294445
test_101_normal_007,1576,0.962401263820024,0.9584644430399091,0.9663705583695028,0.9835294117633446
test_101_normal_008,940,0.8370445344087195,0.7982625482548431,0.8797872340331937,0.9554325259502348
test_101_normal_009,1325,0.9420396184851723,0.9164882226915312,0.9690566037662713,0.9781314878879196
test_101_normal_010,1179,0.9587888982297781,0.9507923269311861,0.9669211195846742,0.9864359861578043
test_101_normal_011,1290,0.9589977220920312,0.9397321428501508,0.9790697674342709,0.9850519031128234
test_101_normal_012,1290,0.9583987441092685,0.9705882352864024,0.9465116278996395,0.9853287197218197
test_101_normal_013,1317,0.9639909977458215,0.9525574499558743,0.9757023538270638,0.9867128027668004
test_101_normal_014,1129,0.8996627318680454,0.8584070796391119,0.9450841452529223,0.9670588235280733
test_101_normal_015,983,0.916129032253518,0.8943798449525739,0.9389623601125233,0.9766089965384407
test_102_discont_000,1292,0.8657084188876152,0.9221347331502876,0.8157894736778964,0.9547404844277443
test_102_discont_001,1364,0.8920123414436338,0.8377334191832728,0.9538123167085498,0.9564013840817213
test_102_discont_002,1178,0.6163967611304838,0.7631578947272787,0.5169779286883109,0.8950865051890725
test_102_discont_003,1101,0.8168291431461425,0.9386792452719496,0.7229791098935243,0.950588235292802
test_102_discont_004,2202,0.8834175084156494,0.8231372548987328,0.9532243415033914,0.9233217993066806
test_102_discont_005,1904,0.8274845178389045,0.9435104236654774,0.7368697478952896,0.9190311418672401
test_102_discont_006,1296,0.836304700158686,0.8805460750778111,0.7962962962901521,0.9440830449813923
test_102_discont_007,2294,0.9256668124159911,0.9285087719257522,0.9228421970317227,0.9529411764692693
test_102_empty_001,0,0.0,0.0,0.0,0.9999999999986159
test_102_empty_002,0,0.0,0.0,0.0,0.9999999999986159
test_102_empty_003,0,0.0,0.0,0.0,0.9959861591681717
test_102_empty_007,0,0.0,0.0,0.0,0.9797923875418965
test_102_normal_000,1076,0.0,0.0,0.0,0.8510726643586837
test_102_normal_001,1205,0.867343104092945,0.7925824175769741,0.9576763485397704,0.9511418685107943
test_102_normal_002,2320,0.9533656889619048,0.9338569656844404,0.9737068965475272,0.9694117647045406
test_102_normal_003,1686,0.964233788889316,0.9458071876728705,0.9833926453085209,0.9829757785453523
test_102_normal_004,2461,0.831691469291906,0.8588744588707409,0.8061763510735223,0.888858131486659
test_102_normal_005,1247,0.7556427870424159,0.9734513274213217,0.6174819566911188,0.9310726643585729
test_102_normal_006,1168,0.8530526315753556,0.8392709196285065,0.8672945205405198,0.9516955017287866
test_102_normal_007,1893,0.9386567953438957,0.9396506087827441,0.9376650818756596,0.9678892733550618
test_102_normal_008,1491,0.8659549228918566,0.7761828814419129,0.9792085848358203,0.9374394463654845
test_102_normal_009,1515,0.946619217078788,0.9282994923798966,0.9656765676503917,0.977162629756433
test_102_normal_010,2012,0.7582865884733343,0.7785340314095365,0.7390656063581558,0.8687889273344377
test_102_normal_011,1076,0.0,0.0,0.0,0.8510726643586837
test_102_normal_012,1185,0.681793027112995,0.9903536977332741,0.5198312236243052,0.9204152249122209
test_102_normal_013,1120,0.8900782214866609,0.8258212375796348,0.9651785714199539,0.9630449826976291
test_102_normal_014,1550,0.9161094224896167,0.866091954018011,0.9722580645098564,0.9617993079571463
test_102_normal_015,1619,0.9708255741745164,0.9756706175859285,0.9660284125944039,0.9869896193757965
test_103_discont_000,737,0.3704474505684657,0.794642857107382,0.2415196743522182,0.9162629757772786
test_103_discont_001,1635,0.7205298013221175,0.7855595667813318,0.6654434250723826,0.8831833910022379
test_103_discont_002,1753,0.4176732358537264,0.47164393395210596,0.37478608100185523,0.7464359861581364
test_103_discont_003,758,0.4304985337218153,0.38753959872874827,0.48416886542896875,0.8656055363309819
test_103_discont_004,1334,0.7047108387563972,0.7204385277938885,0.6896551724086233,0.8932871972305976
test_103_discont_005,1722,0.43630252100693684,0.5179569034276301,0.3768873402997858,0.7678892733553385
test_103_discont_006,1436,0.6709723717234626,0.6920799407794813,0.6511142061235995,0.8730795847738781
test_103_discont_007,1366,0.7447698744745904,0.6645605973540233,0.8469985358649561,0.8902422145316398
test_103_empty_000,0,0.0,0.0,0.0,0.9652595155695983
test_103_empty_002,0,0.0,0.0,0.0,0.9526643598602731
test_103_empty_003,0,0.0,0.0,0.0,0.9999999999986159
test_103_empty_004,0,0.0,0.0,0.0,0.9731487889259888
test_103_empty_006,0,0.0,0.0,0.0,0.9757785467114523
test_103_empty_008,0,0.0,0.0,0.0,0.9565397923862193
test_103_empty_011,0,0.0,0.0,0.0,0.9977854671266467
test_104_discont_000,1161,0.8121739130399471,0.8200175592553116,0.8044788974952242,0.940207612455446
test_104_discont_001,540,0.6947368420979502,0.8048780487608567,0.6111111110997942,0.9598615916941732
test_104_discont_002,1043,0.7955133735944974,0.7231372548962892,0.8839884947182745,0.9343944636665268
test_104_discont_003,1367,0.9262622593500681,0.9199134199067828,0.9326993416171713,0.971903114185506
test_104_discont_004,693,0.7933753943155097,0.8747826086804386,0.7258297258192521,0.9637370242201194
test_104_discont_005,1831,0.9317727661977397,0.9760765550180858,0.8913162206395887,0.9669204152235752
test_104_discont_006,1762,0.9443800695221773,0.9644970414144113,0.9250851305282345,0.9734256055349849
test_104_discont_007,961,0.8183887118761112,0.7273462783112675,0.9354838709580074,0.9447750865038826
test_104_empty_000,0,0.0,0.0,0.0,0.9999999999986159
test_104_empty_001,0,0.0,0.0,0.0,0.9994463667806236
test_104_empty_005,0,0.0,0.0,0.0,0.9999999999986159
test_104_empty_006,0,0.0,0.0,0.0,0.9868512110712985
test_104_empty_008,0,0.0,0.0,0.0,0.9977854671266467
test_104_empty_010,0,0.0,0.0,0.0,0.9540484429052539
test_104_normal_000,1388,0.9570596797636206,0.9669117646987728,0.9474063400508113,0.9836678200678427
test_104_normal_001,961,0.8554968794966131,0.7941176470517459,0.9271592091474802,0.9583391003446944
test_104_normal_002,1930,0.9546666666641209,0.9835164835110797,0.9274611398915676,0.9764705882339426
test_104_normal_003,1367,0.9160688665677329,0.8986629134349144,0.9341623994079433,0.9676124567460656
test_104_normal_004,1568,0.8849669082858967,0.8747663551347367,0.8954081632595957,0.9494809688568173
test_104_normal_005,866,0.8523886204999872,0.7963891674945197,0.9168591223912603,0.9619377162616444
test_104_normal_006,1371,0.9323254139635265,0.9203980099437072,0.9445660102046349,0.9739792387529772
test_104_normal_007,1535,0.9001058948079771,0.9822804314254062,0.8306188925027321,0.9608304498256598
test_104_normal_008,1587,0.9614168247913935,0.9650793650732377,0.9577819785698943,0.9831141868498504
test_104_normal_009,2035,0.9506361323131027,0.9857519788866188,0.9179361179316072,0.9731487889259888
test_104_normal_010,1761,0.9250288350607698,0.9396602226072662,0.9108461101595069,0.9640138408291156
test_104_normal_011,939,0.8435374149618876,0.7756925826561601,0.9243876464225305,0.9554325259502348
test_104_normal_012,1354,0.9117647058790009,0.9077598828630472,0.9158050221498095,0.9667820069190771
test_104_normal_013,1297,0.9071481208514843,0.8687367678132059,0.9491133384660825,0.9651211072651001
test_104_normal_014,1500,0.9539607312086867,0.9690508940786173,0.9393333333270711,0.9811764705868773
test_104_normal_015,1540,0.956692913382688,0.9668435013198485,0.946753246747099,0.9817301038048696
test_105_discont_000,1524,0.8979310344796624,0.9462209302256817,0.8543307086558115,0.9590311418671847
test_105_discont_001,1458,0.4906043676968482,0.9452054794335576,0.331275720162337,0.8611764705870434
test_105_discont_002,2009,0.7231071350627906,0.6437451437426428,0.8247884519620469,0.8243598615905545
test_105_discont_003,1150,0.43669527896761434,0.5700280111964982,0.3539130434751834,0.8546712802756337
test_105_discont_004,1334,0.7344514325620739,0.6878272251263886,0.7878560719581121,0.8948096885800764
test_105_discont_005,1023,0.8146618482146895,0.8632385120255663,0.7712609970599095,0.9503114186838059
test_105_discont_006,967,0.8333333333289101,0.8560523445926276,0.8117890382542731,0.9565397923862193
test_105_discont_007,1148,0.6272103933575345,0.5354282193435895,0.7569686411083888,0.857024221452101
test_105_empty_000,0,0.0,0.0,0.0,0.998200692040141
test_105_empty_004,0,0.0,0.0,0.0,0.9820069204138657
test_105_empty_005,0,0.0,0.0,0.0,0.9937716262962024
test_105_empty_008,0,0.0,0.0,0.0,0.9987543252581332
test_105_empty_010,0,0.0,0.0,0.0,0.9429757785454077
test_105_normal_000,1294,0.7961967755237859,0.8559999999923912,0.7442040185413895,0.9317647058810633
test_105_normal_001,1737,0.772111039377753,0.8787656135130143,0.6885434657415743,0.9022837370229726
test_105_normal_002,1017,0.8583509513696705,0.9279999999893943,0.7984267453215493,0.962906574393131
test_105_normal_003,1789,0.7663434469791481,0.87002840908473,0.6847400782521815,0.8966089965385514
test_105_normal_004,1180,0.8019925280165962,0.7860048820115053,0.8186440677896726,0.9339792387530326
test_105_normal_005,1993,0.7143705463161688,0.874909090902728,0.6036126442518635,0.8668512110714646
test_105_normal_006,1722,0.6608695652153389,0.7102803738270342,0.6178861788582005,0.8488581314867144
test_106_discont_000,1809,0.9227594339595437,0.988629185085353,0.8651188501886948,0.9637370242201194
test_106_discont_001,993,0.5877605917916089,0.8846153845974775,0.4400805639432016,0.9151557093412939
test_106_discont_002,1500,0.4653515427391738,0.9643605869818792,0.3066666666646222,0.8537024221441472
test_106_discont_003,1594,0.4241225902104591,0.99999999997669,0.26913425344875075,0.8387543252583547
test_106_discont_004,1260,0.6176631925363815,0.999999999982238,0.44682539682185063,0.9035294117634554
test_106_discont_005,1809,0.831184775933606,0.9344375431267465,0.7484798231025512,0.9238754325246729
test_106_discont_006,1246,0.4384759525269302,0.9887323943383456,0.2817014446205321,0.8755709342548436
test_106_discont_007,1498,0.7834064619035365,0.9732408324977875,0.6555407209569056,0.9248442906561594
test_106_empty_001,0,0.0,0.0,0.0,0.994878892732187
test_106_empty_002,0,0.0,0.0,0.0,0.9999999999986159
test_106_empty_004,0,0.0,0.0,0.0,0.9999999999986159
test_106_empty_005,0,0.0,0.0,0.0,0.9836678200678427
test_106_normal_000,1374,0.9321299638955519,0.9247851002799085,0.9395924308519681,0.9739792387529772
test_106_normal_001,972,0.7764277035189768,0.9480712166031443,0.657407407400644,0.9490657439433231
test_106_normal_002,2147,0.9040895813025704,0.9469658337534577,0.8649278062372384,0.9454671280263731
test_106_normal_003,1316,0.8839466235305947,0.9446845289460271,0.830547112455695,0.9602768166076675
test_106_normal_004,1460,0.9490037149579568,0.9360426382349365,0.9623287671166965,0.9791003460194061
test_106_normal_005,1675,0.752253876665156,0.9499089253101102,0.6226865671604616,0.9049134948084361
test_106_normal_006,1452,0.9390070921952518,0.9678362573028668,0.9118457300212683,0.9761937716249465
test_106_normal_007,1378,0.8287204171647464,0.92645739909483,0.7496371552920926,0.9408996539779365
test_106_normal_008,1257,0.9152404237941515,0.9381787802762058,0.8933969769220892,0.9712110726630157
test_106_normal_009,1410,0.9346314325419519,0.9167803547004313,0.953191489354942,0.9739792387529772
test_106_normal_010,2076,0.8677555321368078,0.9575581395293166,0.7933526011522478,0.9305190311405807
test_106_normal_011,1989,0.8612021857899967,0.9431478156735899,0.7923579688245734,0.9296885813135921
test_106_normal_012,2087,0.9214250854052675,0.9388363997964255,0.9046478198327521,0.9554325259502348
test_106_normal_013,1164,0.6101694915219765,0.8910891088961866,0.46391752576921036,0.9044982698949419
test_106_normal_014,1384,0.942578548208947,0.9422382671412114,0.9429190751376958,0.9779930795834215
test_106_normal_015,1539,0.8964044143791513,0.9913385826693596,0.818063677707485,0.9597231833896751
test_107_discont_000,1959,0.05654761904733856,0.9999999998245613,0.029096477794644738,0.736747404843271
test_107_discont_001,1793,0.0,0.0,0.0,0.7518339100335615
test_107_discont_002,1339,0.6844502277141039,0.6063400576333929,0.7856609409948794,0.86574394463548
test_107_discont_003,2421,0.2510760401712659,0.9536784740884556,0.14456836018114594,0.7110034602066284
test_107_discont_004,1449,0.6656934306549906,0.5769230769201573,0.7867494823962268,0.8415224913483162
test_107_discont_005,1413,0.751277683131383,0.9433155080113015,0.6242038216516335,0.9191695501717382
test_107_discont_006,1608,0.20977484898292273,0.8967136149813749,0.1187810945266245,0.8008304498258813
test_107_discont_007,774,0.41666666666262925,0.8333333333010335,0.27777777777418894,0.9166782006907728
test_107_empty_000,0,0.0,0.0,0.0,0.9865743944623023
test_107_empty_001,0,0.0,0.0,0.0,0.9999999999986159
test_107_empty_002,0,0.0,0.0,0.0,0.9270588235281286
test_107_empty_003,0,0.0,0.0,0.0,0.9090657439433785
test_107_empty_004,0,0.0,0.0,0.0,0.9990311418671294
test_107_empty_005,0,0.0,0.0,0.0,0.897716262974536
test_107_empty_007,0,0.0,0.0,0.0,0.9999999999986159
test_107_empty_008,0,0.0,0.0,0.0,0.9999999999986159
test_107_empty_009,0,0.0,0.0,0.0,0.9518339100332847
test_107_empty_011,0,0.0,0.0,0.0,0.9792387543239042
test_107_empty_012,0,0.0,0.0,0.0,0.9999999999986159
test_107_empty_014,0,0.0,0.0,0.0,0.9999999999986159
test_107_empty_015,0,0.0,0.0,0.0,0.9083737024208881
test_108_discont_000,699,0.7278775781721366,0.6803482586980056,0.7825464949816517,0.9433910034589019
test_108_discont_001,988,0.7223300970845735,0.5860113421513169,0.9412955465491771,0.90103806228249
test_108_discont_002,724,0.03238866396717424,0.7058823525259516,0.016574585635130184,0.9007612456734938
test_108_discont_003,917,0.7218145430238705,0.9295532645888392,0.5899672846173395,0.9422837370229172
test_108_discont_004,861,0.35506241331237826,0.4406196213349291,0.2973286875691367,0.8712802768154031
test_108_discont_005,1275,0.792780284620643,0.7110834371064068,0.895686274502779,0.9173702422132631
test_108_discont_006,1237,0.7207142857117118,0.6455534229005403,0.8156831042779654,0.8917647058811187
test_108_discont_007,918,0.5495300072266845,0.8172043010576945,0.4139433551153165,0.9137716262963131
test_108_empty_000,0,0.0,0.0,0.0,0.9946020761231908
test_108_empty_001,0,0.0,0.0,0.0,0.9521107266422808
test_108_empty_002,0,0.0,0.0,0.0,0.9999999999986159
test_108_empty_003,0,0.0,0.0,0.0,0.9407612456734384
test_108_empty_004,0,0.0,0.0,0.0,0.9345328719710249
test_108_empty_009,1076,0.690838206624987,0.5950302216212557,0.8234200743417899,0.8902422145316398
test_108_empty_011,0,0.0,0.0,0.0,0.9132179930783209
test_108_normal_000,755,0.7381703469984974,0.704819277099942,0.77483443707583,0.9425605536319134
test_108_normal_001,1069,0.6991446634410594,0.5802469135766651,0.8793264733313441,0.8880276816596706
test_108_normal_002,908,0.9465153970775445,0.928950159056957,0.9647577092404762,0.9862975778533062
test_108_normal_003,852,0.884510125884595,0.828717948709449,0.9483568075006061,0.9707958477495214
test_108_normal_004,1038,0.7348024316081505,0.606649937260937,0.9315992292781157,0.9033910034589573
test_108_normal_005,1187,0.7561938958680209,0.6589486858531981,0.8871103622503193,0.9060207612444208
test_108_normal_006,932,0.6508785332289883,0.5053380782888177,0.9141630901189467,0.8734948096873724
test_108_normal_007,796,0.8422315536842099,0.805970149244478,0.8819095477276142,0.9635986159156213
test_108_normal_008,1101,0.8472505091615183,0.7680945347062919,0.9445958219714389,0.9480968858118366
test_108_normal_009,901,0.9206349206300496,0.8796764408404482,0.9655937846729679,0.9792387543239042
test_108_normal_010,1244,0.7471541910978022,0.6543806646486141,0.8705787781280501,0.8985467128015245
test_108_normal_011,730,0.850066934398594,0.831151832449854,0.8698630136867141,0.9689965397910464
test_108_normal_012,962,0.6597325408593621,0.5132947976848943,0.9230769230673277,0.8732179930783762
test_108_normal_013,991,0.6607799852808655,0.5199768384451652,0.9061553985781418,0.8723875432513877
test_108_normal_014,1146,0.721777130368821,0.619374999996129,0.8647469458912327,0.8942560553620841
test_108_normal_015,1125,0.7939849624030302,0.6879478827316746,0.9386666666583231,0.924152249133669
test_109_discont_000,707,0.0,0.0,0.0,0.9021453287184745
test_109_discont_001,1047,0.6597938144307224,0.5152979065994885,0.9169054441173171,0.8629757785455184
test_109_discont_002,464,0.8500563697762114,0.8912529550616725,0.8124999999824892,0.9815916955003715
test_109_discont_003,1673,0.9051094890482224,0.9648173206971258,0.852361028088151,0.9586159169536905
test_109_discont_004,1027,0.8218142548551738,0.9224242424130615,0.7409931840239437,0.9543252595142501
test_109_discont_005,861,0.8964662120217206,0.9614361701999808,0.8397212543456478,0.9768858131474368
test_109_discont_006,988,0.910695742466715,0.9349680170476016,0.8876518218533639,0.9761937716249465
test_109_discont_007,1062,0.7507163323739214,0.9590043923724889,0.6167608286194279,0.9397923875419518
test_109_empty_002,0,0.0,0.0,0.0,0.9781314878879196
test_109_empty_003,0,0.0,0.0,0.0,0.9995847750851217
test_109_empty_004,0,0.0,0.0,0.0,0.9626297577841347
test_109_empty_006,0,0.0,0.0,0.0,0.9998615916941178
test_109_empty_007,0,0.0,0.0,0.0,0.9684429065730541
test_109_empty_008,0,0.0,0.0,0.0,0.9494809688568173
test_109_empty_009,0,0.0,0.0,0.0,0.9955709342546775
test_109_empty_010,0,0.0,0.0,0.0,0.9999999999986159
test_109_empty_011,0,0.0,0.0,0.0,0.8889965397911571
test_109_empty_013,0,0.0,0.0,0.0,0.9999999999986159
test_109_normal_000,1003,0.9276347741577095,0.9043560605974967,0.9521435692826307,0.9793771626284022
test_109_normal_001,1079,0.8624022089237809,0.8564899451475642,0.8683966635693384,0.9586159169536905
test_109_normal_002,862,0.7920927061977363,0.9603305784965235,0.6740139211058699,0.9577854671267021
test_109_normal_003,1443,0.9045261668992061,0.9234657039644516,0.886347886341744,0.9626297577841347
test_109_normal_004,950,0.9090909090864419,0.8525345622041242,0.9736842105160665,0.9743944636664714
test_109_normal_005,1002,0.9194936708814203,0.933196300093184,0.9061876247414552,0.9779930795834215
test_109_normal_006,954,0.8647398843880651,0.9639175257607743,0.7840670859456597,0.9676124567460656
test_109_normal_007,1119,0.7441095890370186,0.9617563739240544,0.6067917783681253,0.9353633217980134
test_109_normal_008,1351,0.8990276738934218,0.9085411942486128,0.8897113249379001,0.9626297577841347
test_109_normal_009,1412,0.894973743432502,0.9513556618743911,0.8449008498523732,0.961245674739154
test_109_normal_010,1003,0.918945312495513,0.9004784688909045,0.9381854436596392,0.9770242214519349
test_109_normal_011,956,0.8999511957008299,0.8435498627553198,0.9644351464334264,0.9716262975765099
test_109_normal_012,1534,0.8521739130403907,0.9592169657344274,0.766623207296176,0.9435294117634
test_109_normal_013,998,0.9201784828908272,0.9106967615219755,0.9298597194295605,0.9777162629744253
test_109_normal_014,990,0.7355320472885157,0.9578606158677818,0.596969696963667,0.9411764705869327
test_109_normal_015,858,0.8521400778154855,0.9605263157754309,0.7657342657253411,0.9684429065730541
test_10_discont_000,656,0.8327299058592852,0.7931034482649227,0.8765243902305407,0.9680276816595599
test_10_discont_001,1246,0.728047182173237,0.6151716500519647,0.8916532905225389,0.8851211072652109
test_10_discont_002,359,0.6468749999898926,0.7366548042442471,0.5766016712931309,0.9687197231820502
test_10_discont_003,1832,0.9397790055222658,0.9513422818738739,0.9284934497765912,0.9698269896180348
test_10_discont_004,994,0.04330708661374698,0.9999999995454545,0.02213279678046144,0.8654671280264838
test_10_discont_005,1823,0.9351381838665112,0.9622751015614495,0.909489851887496,0.968166089964058
test_10_discont_006,277,0.7687499999879883,0.677685950394554,0.888086642567217,0.9795155709329003
test_10_discont_007,1541,0.9224194608779671,0.9347101931983032,0.9104477611881218,0.9673356401370694
test_10_empty_000,0,0.0,0.0,0.0,0.9999999999986159
test_10_empty_001,0,0.0,0.0,0.0,0.9999999999986159
test_10_empty_002,0,0.0,0.0,0.0,0.9999999999986159
test_10_empty_003,0,0.0,0.0,0.0,0.9999999999986159
test_10_empty_005,0,0.0,0.0,0.0,0.9999999999986159
test_10_empty_006,0,0.0,0.0,0.0,0.9999999999986159
test_10_empty_007,0,0.0,0.0,0.0,0.9943252595141947
test_10_empty_010,0,0.0,0.0,0.0,0.9999999999986159
test_10_empty_012,0,0.0,0.0,0.0,0.9999999999986159
test_10_empty_013,0,0.0,0.0,0.0,0.9999999999986159
test_10_normal_000,547,0.8602150537557329,0.8435852372435222,0.8775137111356944,0.9784083044969157
test_10_normal_001,1139,0.9426476929670434,0.9262711864328282,0.9596136962163336,0.9815916955003715
test_10_normal_002,1034,0.8776493256219767,0.8742802303179052,0.8810444874189455,0.964844290656104
test_10_normal_003,1206,0.8313069908783005,0.7671809256608193,0.9071310116011018,0.9385467128014692
test_10_normal_004,849,0.9269988412460777,0.9122006841401117,0.9422850412138718,0.982560553631858
test_10_normal_005,1224,0.9294070189555087,0.9179282868452755,0.941176470580546,0.9757785467114523
test_10_normal_006,1174,0.9464812473622146,0.9366138448629141,0.956558773416043,0.9824221453273599
test_10_normal_007,626,0.9264264264194714,0.8739376770414456,0.9856230031791434,0.9864359861578043
test_10_normal_008,1374,0.8683417085398046,0.8044692737380232,0.9432314410411702,0.9456055363308712
test_10_normal_009,1610,0.8775173324500577,0.9365750528475224,0.8254658385041898,0.9486505190298289
test_10_normal_010,1184,0.9444444444404696,0.9412751677773383,0.9476351351271315,0.9817301038048696
test_10_normal_011,1012,0.9432485322850135,0.9341085271227316,0.9525691699510616,0.9839446366768388
test_10_normal_012,1781,0.8459451311400484,0.9134114583273867,0.7877596855654815,0.9292733564000979
test_10_normal_013,1211,0.9541582150062712,0.9377990430547226,0.9710982658879349,0.9843598615903331
test_10_normal_014,1010,0.9499270782647062,0.9331423113568946,0.9673267326636898,0.9857439446353139
test_10_normal_015,609,0.8577617328457924,0.7654639175159089,0.9753694581120629,0.9727335640124946
test_110_discont_000,789,0.21697287838830298,0.35028248586581123,0.15716096324262152,0.8761245674728358
test_110_discont_001,1176,0.7660167130883658,0.8435582821999636,0.7015306122389326,0.9302422145315844
test_110_discont_002,808,0.5701676963762563,0.993846153815574,0.39975247524257734,0.9325951557080517
test_110_discont_003,1628,0.8577319587599391,0.973478939149973,0.7665847665800579,0.9426989619364115
test_110_discont_004,889,0.4053811659156468,0.9999999999557522,0.2542182227193001,0.90823529411639
test_110_discont_005,1563,0.7092866756369136,0.7480482611728315,0.6743442098485327,0.8804152249122763
test_110_discont_006,985,0.6502923976582835,0.527848101262482,0.8467005076056172,0.8758477508638397
test_110_discont_007,1559,0.8455988455957951,0.9661995053506497,0.7517639512459797,0.9407612456734384
test_110_empty_001,0,0.0,0.0,0.0,0.9999999999986159
test_110_empty_003,0,0.0,0.0,0.0,0.975363321797958
test_110_empty_004,0,0.0,0.0,0.0,0.9999999999986159
test_110_empty_006,0,0.0,0.0,0.0,0.9999999999986159
test_110_empty_008,0,0.0,0.0,0.0,0.9947404844276889
test_110_empty_009,0,0.0,0.0,0.0,0.8956401384070649
test_110_normal_000,955,0.6499544211456246,0.5754640839340157,0.7465968586309257,0.8937024221440918
test_110_normal_001,1435,0.833110814416445,0.7994875080025658,0.8696864111437653,0.9307958477495768
test_110_normal_002,1854,0.8453226304388844,0.9884476534224662,0.7384034519917023,0.9306574394450787
test_111_discont_000,980,0.7422222222180989,0.8146341463315289,0.681632653054269,0.9357785467115076
test_111_discont_001,587,0.09983896940257908,0.9117647056141869,0.052810902895182095,0.9226297577841901
test_111_discont_002,1092,0.605304212166126,0.5271739130398969,0.7106227106162032,0.8599307958465606
test_111_empty_000,0,0.0,0.0,0.0,0.9599999999986712
test_111_empty_002,0,0.0,0.0,0.0,0.9999999999986159
test_111_empty_003,0,0.0,0.0,0.0,0.9999999999986159
test_111_empty_005,0,0.0,0.0,0.0,0.9849134948083254
test_111_empty_006,0,0.0,0.0,0.0,0.9999999999986159
test_111_empty_007,0,0.0,0.0,0.0,0.996539792386164
test_111_empty_008,0,0.0,0.0,0.0,0.9886505190297735
test_111_empty_009,0,0.0,0.0,0.0,0.9562629757772232
test_111_empty_010,0,0.0,0.0,0.0,0.9999999999986159
test_111_empty_011,0,0.0,0.0,0.0,0.8899653979226436
test_112_discont_000,513,0.6652935118366087,0.7052401746570908,0.6296296296173561,0.9550173010367404
test_112_discont_001,617,0.26647966339037193,0.9895833332302518,0.15397082657773142,0.9276124567461209
test_112_discont_002,834,0.7943485086300662,0.7047353760380248,0.910071942435131,0.9456055363308712
test_112_discont_003,1190,0.8651863600282903,0.81906906906292,0.9168067226813714,0.9529411764692693
test_112_discont_004,1477,0.8028114017930387,0.9483394833860855,0.696005416379851,0.9301038062270863
test_112_discont_005,983,0.9103869653721468,0.9113149847001905,0.9094608341718264,0.9756401384069542
test_112_discont_006,1328,0.8493827160458873,0.9364791288481265,0.7771084337290881,0.9493425605523192
test_112_empty_000,0,0.0,0.0,0.0,0.9886505190297735
test_112_empty_002,0,0.0,0.0,0.0,0.9999999999986159
test_112_empty_004,0,0.0,0.0,0.0,0.9634602076111233
test_112_empty_005,0,0.0,0.0,0.0,0.9999999999986159
test_112_empty_006,0,0.0,0.0,0.0,0.996678200690662
test_112_empty_007,0,0.0,0.0,0.0,0.9346712802755229
test_112_empty_008,0,0.0,0.0,0.0,0.9637370242201194
test_112_empty_011,0,0.0,0.0,0.0,0.9968166089951601
test_112_empty_012,0,0.0,0.0,0.0,0.9999999999986159
test_112_normal_000,1425,0.943162245949214,0.9262516914686993,0.9607017543792232,0.977162629756433
test_112_normal_001,1453,0.8699279484229431,0.9687499999918181,0.7894012388108094,0.952525951555775
test_112_normal_002,1555,0.9370309951029787,0.9509933774771459,0.9234726688043507,0.9732871972304868
test_112_normal_003,988,0.9052953156776716,0.9108606557283723,0.8997975708410951,0.9742560553619733
test_112_normal_004,1273,0.8534874122952807,0.8991304347747903,0.8122545168828574,0.9508650519017982
test_112_normal_005,1311,0.9112202493354318,0.9026946107716864,0.9199084668122052,0.9674740484415675
test_112_normal_006,1503,0.9422193040021595,0.9300064808753726,0.9547571523555906,0.9756401384069542
test_112_normal_007,1381,0.8758483033897172,0.9759786476781498,0.7943519188935964,0.9569550172997136
test_112_normal_008,1366,0.8184324537187143,0.8857630008449637,0.7606149341086339,0.9361937716250018
test_112_normal_009,1260,0.839516824845386,0.9196597353410241,0.7722222222160935,0.9485121107253308
test_112_normal_010,1097,0.8519304200218416,0.7968253968190728,0.9152233363635806,0.9516955017287866
test_112_normal_011,1498,0.9296140123226415,0.9041009463665357,0.9566088117426128,0.9699653979225329
test_112_normal_012,1444,0.9303292894248516,0.9312977099172013,0.9293628808799906,0.9721799307945022
test_112_normal_013,1509,0.9261653623650011,0.9517482517415963,0.9019218025122471,0.9699653979225329
test_112_normal_014,1619,0.8876611418020637,0.8822452715016337,0.8931439159920127,0.9493425605523192
test_112_normal_015,942,0.8953182535460531,0.8873826902931451,0.9033970275912591,0.9724567474034983
test_113_discont_000,737,0.18944691671843963,0.1782296650696384,0.20217096336225004,0.8235294117635661
test_113_discont_001,1247,0.8023668639021603,0.7895962732857951,0.8155573376037245,0.9306574394450787
test_113_discont_002,633,0.5798687089652093,0.9430604981870797,0.4186413901987576,0.9468512110713538
test_113_discont_003,1265,0.6671309192177328,0.5961418792744484,0.7573122529584403,0.867681660898453
test_113_discont_004,664,0.8263473053821528,0.9564356435454171,0.7274096385432619,0.971903114185506
test_113_discont_005,730,0.80058224162445,0.8540372670674838,0.7534246575239257,0.9620761245661424
test_113_discont_006,893,0.43947701391632443,0.35250338294754735,0.583426651729189,0.8160553633206699
test_113_discont_007,1025,0.8072238555194993,0.7087020648915288,0.9375609756006092,0.936470588233998
test_113_empty_000,0,0.0,0.0,0.0,0.8406920415213278
test_113_empty_002,0,0.0,0.0,0.0,0.9843598615903331
test_113_empty_005,0,0.0,0.0,0.0,0.9999999999986159
test_113_empty_006,0,0.0,0.0,0.0,0.9627681660886329
test_113_normal_000,812,0.9343434343375357,0.958549222785511,0.9113300492498605,0.9856055363308158
test_113_normal_001,868,0.9477911646531969,0.9439999999892115,0.9516129032148432,0.9874048442892908
test_113_normal_002,1152,0.9249999999958706,0.9522058823441893,0.8993055555477492,0.9767474048429388
test_113_normal_003,926,0.9465811965761401,0.9365750528442223,0.9568034557132095,0.9861591695488081
test_113_normal_004,942,0.8997229916847661,0.9409038238593175,0.8619957537063482,0.9749480968844637
test_113_normal_005,1322,0.8951707891602074,0.9306122448903624,0.8623298033217677,0.9630449826976291
test_113_normal_006,897,0.9579646017646131,0.9506037321520241,0.9654403567339416,0.989480968856762
test_113_normal_007,891,0.9441624365428982,0.9489795918259752,0.9393939393833962,0.9862975778533062
test_113_normal_008,964,0.8035294117599793,0.927989130422174,0.7085062240590404,0.9537716262962578
test_113_normal_009,868,0.8973607038070537,0.9139784946127362,0.8813364055198003,0.9757785467114523
test_113_normal_010,752,0.9058988763981328,0.9598214285571455,0.8577127659460411,0.9814532871958734
test_113_normal_011,1148,0.8530766010847507,0.8211120064397978,0.887630662013174,0.9514186851197904
test_113_normal_012,897,0.9437952142407134,0.9422222222117531,0.9453734671020583,0.98602076124431
test_113_normal_013,880,0.9301788805485853,0.9449003516888054,0.9159090908986829,0.9832525951543485
test_113_normal_014,1041,0.8359879466171504,0.7574102964059485,0.9327569644482925,0.947266435984848
test_113_normal_015,945,0.9424802110768208,0.9399999999901053,0.9449735449635452,0.9849134948083254
test_114_discont_000,1133,0.8350810295479739,0.9077720207159816,0.7731685789869978,0.9521107266422808
test_114_discont_001,1119,0.603833865812285,0.5458483754473225,0.6756032171521394,0.8626989619365222
test_114_discont_002,1029,0.7974633372937081,0.6733601070905398,0.9776482021284972,0.9292733564000979
test_114_discont_003,1043,0.921904761900372,0.9157994323470597,0.9280920421771037,0.977301038060931
test_114_discont_004,1385,0.8588399720445185,0.8320920785319426,0.8873646209322212,0.9440830449813923
test_114_discont_005,1511,0.8038167938900618,0.9495040577010866,0.6968894771628267,0.9288581314866037
test_114_discont_006,991,0.9018435475789645,0.8907480314872958,0.9132189707274145,0.9727335640124946
test_114_discont_007,1640,0.8133369773139838,0.7369985141122487,0.9073170731651994,0.9054671280264285
test_114_empty_000,0,0.0,0.0,0.0,0.9959861591681717
test_114_empty_001,0,0.0,0.0,0.0,0.9999999999986159
test_114_empty_002,0,0.0,0.0,0.0,0.9007612456734938
test_114_empty_003,0,0.0,0.0,0.0,0.8809688581302686
test_114_empty_004,0,0.0,0.0,0.0,0.8808304498257705
test_114_empty_007,0,0.0,0.0,0.0,0.9283044982686114
test_114_empty_008,0,0.0,0.0,0.0,0.9999999999986159
test_114_empty_010,0,0.0,0.0,0.0,0.9811764705868773
test_114_empty_011,0,0.0,0.0,0.0,0.9999999999986159
test_114_normal_000,1548,0.8212478920718909,0.7268656716381748,0.9437984496063063,0.9119723183378381
test_114_normal_001,1061,0.9307942405901961,0.9175824175740149,0.9443920829317212,0.9793771626284022
test_115_discont_000,583,0.05008347245325403,0.9374999994140625,0.025728987992697617,0.9212456747392094
test_115_discont_001,684,0.05681818181737474,0.9999999995,0.029239766081443862,0.908096885811892
test_115_discont_002,787,0.17713004484106357,0.7523809523092971,0.10038119440787317,0.8984083044970265
test_115_discont_003,528,0.3628274839329569,0.2454849498311339,0.6950757575625932,0.821591695500593
test_115_discont_004,811,0.4194470924650196,0.9243697478603206,0.2712700369880238,0.9157093425592863
test_115_discont_005,746,0.8940677966038555,0.944776119388884,0.8485254691575265,0.9792387543239042
test_115_discont_006,637,0.572062084250864,0.9735849056236383,0.4050235478743324,0.9465743944623577
test_115_discont_007,777,0.5686274509753242,0.9246376811326191,0.4105534105481267,0.9330103806215461
test_115_empty_001,0,0.0,0.0,0.0,0.9493425605523192
test_115_empty_002,0,0.0,0.0,0.0,0.9999999999986159
test_115_empty_003,0,0.0,0.0,0.0,0.9987543252581332
test_115_empty_004,0,0.0,0.0,0.0,0.9959861591681717
test_115_normal_000,1269,0.25648021827928735,0.9543147207637404,0.1481481481469807,0.8491349480957106
test_115_normal_001,835,0.8862047043808888,0.9444444444316471,0.8347305389121589,0.9752249134934599
test_115_normal_002,1156,0.7787698412659784,0.9127906976638047,0.6790657439387625,0.938269896192473
test_115_normal_003,1017,0.652173913039182,0.9880239520760873,0.48672566371202824,0.9269204152236306
test_115_normal_004,756,0.8665239114856066,0.9410852713032389,0.8029100528994324,0.9741176470574753
test_115_normal_005,1168,0.525792417647447,0.9591836734476376,0.3621575342434747,0.8943944636665822
test_115_normal_006,1192,0.7492625368694726,0.9049881235046914,0.6392617449610801,0.929411764704596
test_115_normal_007,942,0.8184019370410509,0.9521126760429279,0.7176220806717875,0.9584775086491925
test_115_normal_008,743,0.8583815028839713,0.9266770670682265,0.7994616419811648,0.9728719723169926
test_115_normal_009,1168,0.6899516389001078,0.9264069263935584,0.5496575342418695,0.9201384083032247
test_115_normal_010,1208,0.5662790697641495,0.9511718749814224,0.40314569536090117,0.8967474048430495
test_115_normal_011,1208,0.6584582441078242,0.9318181818040634,0.5091059602606862,0.911695501728842
test_115_normal_012,891,0.883273164856298,0.952010376122542,0.8237934904509114,0.9731487889259888
test_115_normal_013,1013,0.7186525265083054,0.976271186424131,0.5686080947624027,0.9375778546699826
test_116_discont_000,1014,0.08450704225272763,0.8823529410034602,0.04437869822441441,0.8650519031129895
test_116_discont_001,1326,0.22426229508049667,0.8592964823688796,0.128959276017127,0.8362629757773893
test_116_discont_002,989,0.0,0.0,0.0,0.8631141868500165
test_116_discont_003,1321,0.6816143497738745,0.541165999107516,0.9205147615373164,0.8427681660887989
test_116_discont_004,1092,0.550743374269226,0.9362637362431591,0.3901098901063177,0.9038062283724515
test_116_discont_005,1169,0.8004760015834967,0.746301775142409,0.8631308810875695,0.9303806228360826
test_116_discont_006,1074,0.6244622003649388,0.9186256781027373,0.47299813779820304,0.9154325259502901
test_116_discont_007,1104,0.6931818181778797,0.9298780487663129,0.5525362318790532,0.9252595155696536
test_116_empty_000,0,0.0,0.0,0.0,0.9749480968844637
test_116_empty_001,0,0.0,0.0,0.0,0.8949480968845744
test_116_empty_003,0,0.0,0.0,0.0,0.9851903114173215
test_116_empty_006,1227,0.6993053258329497,0.5885300668118679,0.8614506927395156,0.8741868512098627
test_116_empty_008,0,0.0,0.0,0.0,0.984221453285835
test_116_empty_009,0,0.0,0.0,0.0,0.9886505190297735
test_116_empty_010,0,0.0,0.0,0.0,0.9999999999986159
test_116_empty_011,0,0.0,0.0,0.0,0.9386851211059672
test_116_normal_000,1205,0.7804195804159422,0.890425531905421,0.6946058091228664,0.934809688580021
test_116_normal_001,1273,0.8776185225987593,0.8245856353534214,0.9379418695920037,0.9539100346007559
test_116_normal_002,1255,0.8827694728525461,0.871794871788098,0.8940239043753465,0.9587543252581886
test_116_normal_003,1229,0.8193717277451162,0.8833490122212292,0.7640358014583887,0.9426989619364115
test_116_normal_004,1242,0.8527724665359359,0.8120903131768967,0.897745571651387,0.9467128027668558
test_117_discont_000,798,0.06529625151069775,0.9310344824375743,0.03383458646574142,0.8930103806216014
test_117_discont_001,906,0.0,0.0,0.0,0.8746020761233569
test_117_discont_002,808,0.01960784313701461,0.9999999987499999,0.009900990098887364,0.8892733564001533
test_117_discont_003,1023,0.7941342357541222,0.9386666666541511,0.6881720430040257,0.9494809688568173
test_117_discont_004,1036,0.3157894736818362,0.7142857142614188,0.20270270270074614,0.8740484429053647
test_117_discont_005,938,0.5848275862028633,0.8281249999838257,0.45202558634912554,0.9166782006907728
test_117_discont_006,982,0.846866485009009,0.910902696355089,0.7912423625174008,0.9611072664346559
test_117_discont_007,534,0.17935349322117125,0.12427745664650089,0.3220973782711218,0.7821453287186406
test_117_empty_000,0,0.0,0.0,0.0,0.9721799307945022
test_117_empty_001,0,0.0,0.0,0.0,0.9999999999986159
test_117_empty_002,0,0.0,0.0,0.0,0.8960553633205591
test_117_empty_003,0,0.0,0.0,0.0,0.9807612456733831
test_117_empty_004,1042,0.6792035398205044,0.5514970059847216,0.8838771593005387,0.8795847750852878
test_117_empty_007,0,0.0,0.0,0.0,0.9999999999986159
test_117_empty_009,0,0.0,0.0,0.0,0.9922491349467235
test_117_empty_010,0,0.0,0.0,0.0,0.9999999999986159
test_117_normal_000,792,0.7855763039228232,0.8015768725256035,0.7702020201922954,0.9539100346007559
test_117_normal_001,1248,0.8736797634099127,0.924039320813905,0.8285256410190023,0.9586159169536905
test_117_normal_002,958,0.5335320417247874,0.9322916666423883,0.37369519832595305,0.9133564013828189
test_117_normal_003,1172,0.8975824175784722,0.9256572982690331,0.871160409548881,0.9677508650505637
test_117_normal_004,1033,0.656399726212675,0.507676019055015,0.9283639883743625,0.8610380622825453
test_117_normal_005,908,0.8441633122435643,0.8832731648509835,0.8083700440439606,0.9624913494796367
test_117_normal_006,920,0.8333333333284082,0.9132124352213314,0.7663043478177576,0.9609688581301579
test_117_normal_007,1005,0.8048220436233937,0.9511533242747469,0.6975124378040048,0.9529411764692693
test_117_normal_008,856,0.7374149659813782,0.8827361563374148,0.633177570086061,0.9465743944623577
test_117_normal_009,1017,0.7313432835778912,0.8786206896430535,0.6263520157263879,0.9352249134935152
test_117_normal_010,871,0.8783861671419114,0.8819444444342367,0.874856486786741,0.9707958477495214
test_117_normal_011,1279,0.8266574585606815,0.7402597402551623,0.9358874120333395,0.9305190311405807
test_117_normal_012,1028,0.6309880239497343,0.5127737226246182,0.8200389104978596,0.8635294117635107
test_117_normal_013,1014,0.8959749085159646,0.9532814237936231,0.8451676528516255,0.9724567474034983
test_117_normal_014,1447,0.8646255994066225,0.9272151898660822,0.8099516240441608,0.9492041522478212
test_117_normal_015,892,0.5525291828750777,0.9033078880177275,0.3979820627758074,0.9204152249122209
test_118_discont_000,499,0.37863421230305183,0.28571428571137025,0.5611222444777331,0.8728027681648819
test_118_discont_001,1213,0.5601415094306595,0.9834368529817094,0.3915910964518418,0.8967474048430495
test_118_discont_002,408,0.1154734411058782,0.9999999996,0.06127450980241974,0.9469896193758519
test_118_discont_003,675,0.3702233250601974,0.2783582089531466,0.5525925925844061,0.8243598615905545
test_118_discont_004,1137,0.8553758325363684,0.9316062176069263,0.7906772207494225,0.9579238754312002
test_118_discont_005,1356,0.6850618458578256,0.9651474530701722,0.5309734513235179,0.9083737024208881
test_118_discont_006,817,0.44106463877907737,0.9872340425111815,0.2839657282706981,0.9186159169537459
test_118_empty_000,0,0.0,0.0,0.0,0.9999999999986159
test_118_empty_001,0,0.0,0.0,0.0,0.9068512110714092
test_118_empty_003,0,0.0,0.0,0.0,0.994878892732187
test_118_empty_006,0,0.0,0.0,0.0,0.9999999999986159
test_118_empty_007,0,0.0,0.0,0.0,0.9999999999986159
test_118_empty_008,0,0.0,0.0,0.0,0.9851903114173215
test_118_empty_010,0,0.0,0.0,0.0,0.917093425604267
test_118_empty_011,0,0.0,0.0,0.0,0.9493425605523192
test_118_empty_014,0,0.0,0.0,0.0,0.9999999999986159
test_118_empty_015,0,0.0,0.0,0.0,0.9893425605522639
test_118_empty_016,0,0.0,0.0,0.0,0.9104498269883593
test_118_empty_017,0,0.0,0.0,0.0,0.9727335640124946
test_118_normal_000,270,0.8726591760136206,0.8825757575423266,0.8629629629310014,0.9905882352927466
test_118_normal_001,1086,0.8781896966736727,0.9202825428766873,0.8397790055171291,0.9649826989606021
test_118_normal_002,792,0.9393548387036171,0.96042216357572,0.9191919191803132,0.9869896193757965
test_118_normal_003,847,0.8631178707169638,0.9316005471828782,0.8040141676410388,0.970103806227031
test_118_normal_004,993,0.8710337768635055,0.8855359000948435,0.8569989929420242,0.9651211072651001
test_118_normal_005,606,0.9123102866702167,0.9327586206735731,0.8927392739126611,0.9856055363308158
test_118_normal_006,784,0.7390817469163545,0.6586826347239653,0.8418367346831398,0.9355017301025115
test_118_normal_007,1187,0.8451612903186859,0.9328585961247929,0.7725358045427757,0.9534948096872616
test_118_normal_008,993,0.8656410256365865,0.8819226750169078,0.8499496475241697,0.9637370242201194
test_118_normal_009,685,0.9100529100460314,0.9435736676968092,0.8788321167754914,0.9835294117633446
test_118_normal_010,1266,0.8133153396274705,0.9446185997811429,0.7140600315899364,0.9425605536319134
test_118_normal_011,1022,0.8738248391841968,0.8838838838750361,0.8639921722028964,0.9647058823516059
test_118_normal_012,504,0.8973305954733334,0.9297872340227704,0.8670634920462884,0.9861591695488081
test_118_normal_013,1143,0.8686302010244571,0.9327309236854143,0.8127734033174736,0.9611072664346559
test_118_normal_014,910,0.8527220630323626,0.8910179640611854,0.8175824175734332,0.9644290657426098
test_118_normal_015,775,0.8265060240914066,0.7751412429290945,0.8851612903111592,0.9601384083031693
test_119_discont_000,1071,0.41907514450564254,0.9265175718553827,0.2707749766548014,0.888719723182161
test_119_discont_001,1326,0.6311858076534492,0.8284313725388672,0.5098039215647828,0.8906574394451341
test_119_discont_002,773,0.7689075630211717,0.6472148541056834,0.9469598964948647,0.9391003460194615
test_119_discont_003,1015,0.8473429951649887,0.8312796208452012,0.8640394088584824,0.9562629757772232
test_119_discont_004,543,0.0,0.0,0.0,0.8970242214520456
test_119_discont_005,1128,0.8923841059565712,0.8369565217326324,0.9556737588567761,0.9640138408291156
test_119_discont_006,981,0.8032506415705593,0.6919675755291675,0.9571865443327504,0.9363321799294999
test_119_discont_007,1097,0.9187648456013361,0.9593253968158797,0.8814949863183091,0.9763321799294445
test_119_empty_000,0,0.0,0.0,0.0,0.9984775086491371
test_119_empty_002,0,0.0,0.0,0.0,0.9617993079571463
test_119_empty_005,0,0.0,0.0,0.0,0.9469896193758519
test_119_empty_006,0,0.0,0.0,0.0,0.9826989619363561
test_119_empty_008,0,0.0,0.0,0.0,0.9932179930782101
test_119_empty_011,0,0.0,0.0,0.0,0.9907266435972447
test_119_normal_000,964,0.8472953566259106,0.7866666666596741,0.918049792521597,0.955847750863729
test_119_normal_001,1061,0.8947849954213414,0.869333333325606,0.921771913280662,0.968166089964058
test_119_normal_002,1154,0.9604377104336682,0.9337152209416227,0.9887348353467181,0.9869896193757965
test_119_normal_003,1070,0.8754980079637675,0.9371002132096258,0.8214953270951263,0.9653979238740964
test_119_normal_004,1366,0.9586894586860446,0.9334257974969944,0.9853587115594045,0.9839446366768388
test_119_normal_005,1265,0.9454123112623097,0.9264036418746101,0.9652173912967177,0.9804844290643869
test_119_normal_006,1086,0.9170960187310675,0.9332697807346686,0.9014732964926201,0.9755017301024561
test_119_normal_007,1097,0.8320846187711235,0.8054607508463698,0.8605287146685459,0.947266435984848
test_119_normal_008,932,0.853075749868566,0.8106280193158394,0.9002145922650191,0.9599999999986712
test_119_normal_009,1314,0.958904109585491,0.9336697909089138,0.9855403348479032,0.9846366781993292
test_119_normal_010,1378,0.9507479022219966,0.955979457072957,0.9455732946230365,0.9813148788913754
test_119_normal_011,1314,0.9491017964036337,0.9337260677398106,0.96499238964258,0.9811764705868773
test_119_normal_012,1147,0.9311364596496361,0.9032786885171863,0.9607672188233587,0.9774394463654291
test_119_normal_013,1030,0.8686594202859209,0.8140916808080298,0.9310679611560091,0.9598615916941732
test_119_normal_014,1058,0.9192253188430836,0.918791312550342,0.9196597353410241,0.9763321799294445
test_119_normal_015,1086,0.9218455743836071,0.9431599229196228,0.9014732964926201,0.9770242214519349
test_11_discont_000,1917,0.7801992527995636,0.9675675675600961,0.6536254564389482,0.9022837370229726
test_11_discont_001,1156,0.12486772486728442,0.1054198927927015,0.15311418684988656,0.6566089965388836
test_11_discont_002,910,0.0,0.0,0.0,0.8564705882341087
test_11_discont_003,1694,0.7071878940713564,0.6173491853781711,0.8276269185311239,0.839307958476347
test_11_discont_004,1293,0.6444344299204848,0.7721382289333463,0.5529775715347798,0.8907958477496322
test_11_discont_005,1659,0.728575365112349,0.6710659898443093,0.796865581670905,0.8636678200680088
test_11_discont_006,1164,0.9262023217208698,0.8950320512748796,0.9596219931189037,0.975363321797958
test_11_discont_007,1625,0.7914230019471139,0.7227873855507488,0.8744615384561573,0.8963321799295553
test_11_empty_001,0,0.0,0.0,0.0,0.9808996539778811
test_11_empty_003,0,0.0,0.0,0.0,0.8752941176458473
test_11_empty_004,0,0.0,0.0,0.0,0.835709342559397
test_11_empty_005,0,0.0,0.0,0.0,0.9999999999986159
test_11_empty_006,0,0.0,0.0,0.0,0.9999999999986159
test_11_empty_009,0,0.0,0.0,0.0,0.79515570934146
test_11_empty_010,0,0.0,0.0,0.0,0.9999999999986159
test_11_empty_011,0,0.0,0.0,0.0,0.9999999999986159
test_11_normal_000,1653,0.6538722059140802,0.5216138328511469,0.8759830610957291,0.7878200692030618
test_11_normal_001,1196,0.9287169042732029,0.9054805401040074,0.953177257517114,0.9757785467114523
test_11_normal_002,1588,0.8341553637458874,0.8170289855023127,0.8520151133447607,0.9255363321786498
test_11_normal_003,1468,0.5983307250897278,0.48478444632085893,0.7813351498584379,0.7868512110715753
test_11_normal_004,1230,0.8929637526614373,0.9390134529063766,0.8512195121882016,0.9652595155695983
test_11_normal_005,1082,0.5514993481059225,0.9358407079438973,0.3909426987024867,0.904775086503938
test_11_normal_006,1744,0.8592332455345062,0.877465630598461,0.8417431192612286,0.9334256055350403
test_11_normal_007,1837,0.8114045337676761,0.7108927108897998,0.9450190527983396,0.8883044982686668
test_11_normal_008,1547,0.6714323537181058,0.5686098654683023,0.8196509372926979,0.8282352941165008
test_11_normal_009,1446,0.8405904059009572,0.9011075949295799,0.787690179800915,0.940207612455446
test_11_normal_010,1164,0.9161920260337014,0.870170015449226,0.9673539518817239,0.9714878892720118
test_11_normal_011,1735,0.8355058969558178,0.9051782111573291,0.7757925072001396,0.9266435986146344
test_11_normal_012,1619,0.6873625030538075,0.568770226534916,0.868437306974253,0.8229757785455738
test_11_normal_013,1791,0.7368672397308098,0.6437213183118744,0.8615298715753126,0.8474740484417336
test_11_normal_014,1484,0.5756795422015002,0.5002486325186463,0.6778975741194212,0.7947404844279657
test_11_normal_015,1717,0.8399285167198368,0.747727272723874,0.9580663948692018,0.9132179930783209
test_120_discont_000,941,0.5672402804297818,0.7085987261033663,0.4729011689641562,0.9060207612444208
test_120_discont_001,634,0.256684491975178,0.8421052630840259,0.15141955835723314,0.9230449826976844
test_120_discont_002,671,0.4386235233670333,0.33463949842997937,0.6363636363541525,0.8487197231822163
test_120_discont_003,586,0.6113033448638333,0.46167247386357435,0.9044368600528253,0.9067128027669111
test_120_empty_000,600,0.6050724637644621,0.4744318181773255,0.8349999999860833,0.9094809688568727
test_120_empty_001,0,0.0,0.0,0.0,0.9998615916941178
test_120_empty_004,0,0.0,0.0,0.0,0.9071280276804053
test_120_empty_006,0,0.0,0.0,0.0,0.9973702422131524
test_120_empty_007,0,0.0,0.0,0.0,0.9310726643585729
test_120_empty_008,580,0.5568627450949196,0.4124481327766602,0.8568965517093639,0.890519031140636
test_120_normal_000,570,0.8689320388279214,0.8063063062941996,0.9421052631413666,0.9775778546699272
test_120_normal_001,843,0.9029633933706975,0.8849658314250004,0.9217081850424471,0.9768858131474368
test_120_normal_002,586,0.6127167630022387,0.46328671328266363,0.9044368600528253,0.9072664359849034
test_120_normal_003,875,0.7710965133867049,0.691123188399537,0.8719999999900343,0.9373010380609864
test_120_normal_004,602,0.8534412955396483,0.8325434439046991,0.8754152823774848,0.9749480968844637
test_120_normal_005,601,0.6961946350549209,0.5568862275393525,0.9284525790194933,0.9325951557080517
test_120_normal_006,630,0.726823238561639,0.5951417003988346,0.9333333333185185,0.9388235294104653
test_120_normal_007,919,0.8098159509164238,0.7149999999940417,0.9336235037983284,0.9442214532858904
test_120_normal_008,571,0.8816326530540276,0.8256880733818702,0.9457092819449088,0.9799307958463945
test_120_normal_009,599,0.8839779005455093,0.8383233532808634,0.9348914857940752,0.9796539792373984
test_120_normal_010,581,0.5953216374234193,0.45084145260893854,0.8760757314823395,0.9042214532859457
test_120_normal_011,726,0.8503067484610412,0.7665929203455023,0.9545454545323065,0.9662283737010848
test_120_normal_012,594,0.6195590729190529,0.46638297871943507,0.9225589225433912,0.9068512110714092
test_120_normal_013,908,0.7346717308695895,0.7240641711152507,0.7455947136481763,0.9323183390990556
test_120_normal_014,898,0.8051434223501229,0.7241992882497847,0.9064587973173001,0.9454671280263731
test_120_normal_015,947,0.865157480310703,0.8101382488404596,0.9281942977726695,0.9620761245661424
test_121_discont_000,1378,0.7527352297560056,0.948180815866062,0.6240928882393028,0.9217993079572017
test_121_discont_001,836,0.39999999999636365,0.8333333333017676,0.2631578947336943,0.9086505190298843
test_121_discont_002,836,0.3956834532338518,0.7971014492464819,0.2631578947336943,0.9069896193759073
test_121_discont_003,892,0.7215258855546511,0.7020148462279744,0.7421524663593929,0.9292733564000979
test_121_discont_004,651,0.772598870051041,0.7150326797292152,0.8402457757167396,0.9554325259502348
test_121_discont_005,946,0.8545905707153619,0.8054256314237098,0.9101479915337194,0.959446366780679
test_121_discont_006,1511,0.784012298229116,0.9349220898172785,0.6750496359981797,0.9222145328706959
test_121_discont_007,898,0.7163588390454066,0.8786407766848117,0.6046770601268967,0.9404844290644423
test_121_empty_002,0,0.0,0.0,0.0,0.9483737024208327
test_121_empty_011,0,0.0,0.0,0.0,0.9918339100332293
test_121_normal_000,1312,0.856832185571378,0.8168624740786672,0.9009146341394748,0.945328719721875
test_121_normal_001,1266,0.882818116459803,0.8100263852189313,0.9699842022040286,0.9548788927322424
test_121_normal_002,748,0.6180074587074161,0.5137289636801264,0.7754010695083502,0.9007612456734938
test_121_normal_003,1143,0.9438202247150225,0.9325362937580485,0.955380577419463,0.9820069204138657
test_121_normal_004,1383,0.9555318391997313,0.9404761904696046,0.9710773680334702,0.9826989619363561
test_121_normal_005,1007,0.9424031777510308,0.9424031777463515,0.9424031777463515,0.9839446366768388
test_121_normal_006,1164,0.9258950874232894,0.8982229402189159,0.9553264604728925,0.975363321797958
test_121_normal_007,1329,0.8749567024562697,0.8106546854890202,0.9503386004443166,0.9500346020748096
test_121_normal_008,1393,0.8784313725461489,0.8062387522447136,0.9648241205960889,0.9485121107253308
test_121_normal_009,960,0.846525096521011,0.7886690647411092,0.9135416666571506,0.955986159168227
test_121_normal_010,807,0.7029379760571114,0.6265761396641458,0.8004956629392751,0.9244290657426651
test_121_normal_011,990,0.9399293286171635,0.939455095853285,0.9404040403945414,0.9835294117633446
test_121_normal_012,1130,0.9256198347067177,0.910179640710777,0.9415929203456497,0.9763321799294445
test_121_normal_013,1212,0.8926810769780331,0.8259649122749055,0.9711221122032087,0.9608304498256598
test_121_normal_014,1109,0.9308924485083255,0.9451672862365692,0.9170423805147246,0.9791003460194061
test_121_normal_015,1285,0.8298305084717633,0.7351351351307199,0.9525291828719649,0.9305190311405807
test_122_discont_000,464,0.8038647342917502,0.7285464097945964,0.8965517241186087,0.971903114185506
test_122_discont_001,885,0.572883513681904,0.6559766763752773,0.508474576265441,0.9071280276804053
test_122_discont_002,526,0.5287356321788436,0.5328185328082468,0.5247148288873629,0.9319031141855614
test_122_discont_003,922,0.7686956521694569,0.8256537982462558,0.7190889370854763,0.9447750865038826
test_122_discont_004,1045,0.9321953532435648,0.9238721804424449,0.9406698564503286,0.9802076124553907
test_122_discont_005,762,0.8191616766418015,0.753303964749413,0.8976377952638105,0.9582006920401963
test_122_empty_000,0,0.0,0.0,0.0,0.9999999999986159
test_122_empty_002,0,0.0,0.0,0.0,0.9999999999986159
test_122_empty_003,0,0.0,0.0,0.0,0.9497577854658135
test_122_empty_004,0,0.0,0.0,0.0,0.9999999999986159
test_122_empty_005,0,0.0,0.0,0.0,0.9999999999986159
test_122_empty_006,0,0.0,0.0,0.0,0.9999999999986159
test_122_empty_007,0,0.0,0.0,0.0,0.9999999999986159
test_122_empty_009,0,0.0,0.0,0.0,0.9980622837356429
test_122_empty_010,0,0.0,0.0,0.0,0.9964013840816659
test_122_empty_011,0,0.0,0.0,0.0,0.9999999999986159
test_122_empty_013,0,0.0,0.0,0.0,0.9999999999986159
test_122_normal_000,662,0.8010752688118208,0.7215496367951386,0.9003021147900256,0.9590311418671847
test_122_normal_001,1033,0.9335899903708682,0.9282296650628878,0.9390125846956534,0.9808996539778811
test_122_normal_002,803,0.9408805031387366,0.9504447267985966,0.9315068493034682,0.9869896193757965
test_122_normal_003,714,0.786206896546795,0.7116912599238173,0.8781512604919026,0.9528027681647713
test_122_normal_004,834,0.9275882704911576,0.9259259259148634,0.9292565947130784,0.9832525951543485
test_122_normal_005,797,0.7868321640540377,0.6903409090843718,0.9146800501767293,0.945328719721875
test_122_normal_006,848,0.951175406865876,0.9728729962888671,0.9304245282909148,0.9887889273342716
test_122_normal_007,819,0.7904703726280363,0.7909535452226045,0.7899877899781442,0.952525951555775
test_122_normal_008,691,0.7972027971977292,0.7108843537334367,0.9073806078016298,0.955847750863729
test_122_normal_009,916,0.9211663066904905,0.91132478631505,0.9312227074134146,0.9797923875418965
test_122_normal_010,898,0.8061938061897793,0.7309782608629442,0.8986636970946696,0.9462975778533615
test_122_normal_011,723,0.7927272727224683,0.7055016181153667,0.9045643153401858,0.9526643598602731
test_122_normal_012,1034,0.9219858155981663,0.96808510637268,0.8800773694305603,0.9786851211059119
test_122_normal_013,797,0.954920634914572,0.9665809768513293,0.9435382684950623,0.9901730103792523
test_122_normal_014,742,0.8554838709622228,0.8205445544452903,0.89353099729254,0.9689965397910464
test_122_normal_015,747,0.7664945496226823,0.670682730916961,0.8942436412196219,0.9436678200678981
test_123_discont_000,991,0.844444444440365,0.8100092678330861,0.881937436923492,0.9554325259502348
test_123_discont_001,605,0.322580645157128,0.7352941176038061,0.20661157024451882,0.9273356401371248
test_123_discont_002,885,0.31741366641941654,0.4537815125955088,0.24406779660741165,0.8714186851199012
test_123_discont_003,922,0.3778656126452343,0.6967930028951372,0.2592190889342818,0.8910726643586283
test_123_discont_004,956,0.5149963423517557,0.8564476885436387,0.3682008368162322,0.90823529411639
test_123_discont_005,1497,0.5680970149227235,0.9412673879298104,0.40681362725179154,0.8718339100333954
test_123_discont_006,1498,0.5999999999977529,0.6834470989702778,0.5347129505972316,0.8521799307946683
test_123_discont_007,858,0.502248875558454,0.7037815125902567,0.3904428904383398,0.908096885811892
test_123_empty_002,0,0.0,0.0,0.0,0.9774394463654291
test_123_empty_003,0,0.0,0.0,0.0,0.9999999999986159
test_123_empty_004,0,0.0,0.0,0.0,0.9569550172997136
test_123_empty_005,0,0.0,0.0,0.0,0.892456747403609
test_123_empty_009,0,0.0,0.0,0.0,0.9630449826976291
test_123_empty_010,0,0.0,0.0,0.0,0.9999999999986159
test_123_empty_012,0,0.0,0.0,0.0,0.9999999999986159
test_123_normal_000,1061,0.586028460539547,0.9340206185374429,0.42695570216374223,0.9114186851198458
test_123_normal_001,1129,0.5648379052333863,0.9536842105062382,0.4012400354260298,0.9033910034589573
test_123_normal_002,1121,0.7115681233896578,0.8398058252325267,0.6173059768009161,0.922352941175194
test_123_normal_003,1061,0.49791376912032054,0.9496021219907267,0.3374175306282996,0.9000692041510033
test_123_normal_004,1089,0.6831566548840804,0.952380952365314,0.5325987144120056,0.9255363321786498
test_124_discont_000,1135,0.759863614219387,0.8496732026051234,0.6872246695974694,0.9317647058810633
test_124_discont_001,958,0.5923026744905917,0.7895652173775728,0.4739039665921304,0.913494809687317
test_124_discont_002,475,0.1798002219735871,0.19014084506595913,0.17052631578588365,0.897716262974536
test_124_discont_003,1612,0.6582024724334842,0.7132512671925182,0.6110421836190383,0.8584083044970818
test_124_discont_004,469,0.44119795470824547,0.33555555555182714,0.6439232409244366,0.894117647057586
test_124_discont_005,1365,0.798227950057196,0.8864042933731092,0.7260073260020073,0.9306574394450787
test_124_discont_006,1489,0.8447521865858427,0.923505976088259,0.7783747481478954,0.9410380622824346
test_124_discont_007,1826,0.8564854759825813,0.9018776499036835,0.8154435925475606,0.9309342560540749
test_124_empty_001,0,0.0,0.0,0.0,0.9999999999986159
test_124_empty_002,0,0.0,0.0,0.0,0.9296885813135921
test_124_empty_003,0,0.0,0.0,0.0,0.9999999999986159
test_124_empty_004,0,0.0,0.0,0.0,0.9508650519017982
test_124_empty_008,0,0.0,0.0,0.0,0.9973702422131524
test_124_empty_009,0,0.0,0.0,0.0,0.9867128027668004
test_124_normal_000,1257,0.6780065652023933,0.5425023877720033,0.9037390612497714,0.8506574394451895
test_124_normal_001,1025,0.8323750552815906,0.7613268608352645,0.9180487804788484,0.9475432525938442
test_124_normal_002,1438,0.9131550018288269,0.9651432997601461,0.8664812239160885,0.9671972318325713
test_124_normal_003,1495,0.9323671497552368,0.9629365644977695,0.9036789297598417,0.9728719723169926
test_124_normal_004,1617,0.8617127624096578,0.9342485549065446,0.7996289424811402,0.9425605536319134
test_124_normal_005,1207,0.7601121345584297,0.7356589147229794,0.7862468931169325,0.917093425604267
test_124_normal_006,1218,0.7930555555528019,0.6871239470476106,0.9376026272501019,0.9175086505177612
test_124_normal_007,878,0.6099345398513287,0.4607329842905135,0.9020501138849425,0.8597923875420626
test_124_normal_008,992,0.8106819265578891,0.769230769223808,0.8568548387010397,0.9450519031128788
test_124_normal_009,917,0.7321201862008797,0.5982019363720733,0.9432933478632138,0.9123875432513323
test_124_normal_010,1638,0.8850197109037943,0.95803698434596,0.822344322339302,0.9515570934242885
test_124_normal_011,1869,0.8588339745461414,0.9609271523115172,0.7763509898299821,0.9339792387530326
test_124_normal_012,1379,0.7098728043588435,0.6094643785719737,0.8498912255195803,0.8674048442894569
test_124_normal_013,1501,0.8853650478992886,0.878112712969344,0.8927381745443522,0.9519723183377827
test_124_normal_014,1302,0.9173419773058455,0.9708404802661164,0.8694316436185144,0.9717647058810079
test_124_normal_015,1218,0.721775490509097,0.5933368588017275,0.9211822660022893,0.8802768166077781
test_125_discont_000,934,0.7189853349158978,0.5707992448044632,0.9710920770773973,0.9018685121094784
test_125_discont_001,1157,0.6260971328225506,0.9692028985331665,0.46240276576955575,0.9115570934243439
test_125_discont_002,892,0.24542124541899799,0.6699999999665,0.15022421524495264,0.8859515570921994
test_125_discont_003,1808,0.47187237615251104,0.9790940766379949,0.31084070796288255,0.8258823529400334
test_125_discont_004,1153,0.8972267536668139,0.8468052347894781,0.9540329574938939,0.9651211072651001
test_125_discont_005,1350,0.6413461538430705,0.9136986301244698,0.4940740740704143,0.8967474048430495
test_125_discont_006,1572,0.4754098360632816,0.9820717131278471,0.3136132315501679,0.8494117647047067
test_125_empty_000,0,0.0,0.0,0.0,0.8997923875420072
test_125_empty_004,0,0.0,0.0,0.0,0.8809688581302686
test_125_empty_005,0,0.0,0.0,0.0,0.9999999999986159
test_125_empty_006,0,0.0,0.0,0.0,0.9298269896180902
test_125_empty_007,0,0.0,0.0,0.0,0.9501730103793077
test_125_empty_008,0,0.0,0.0,0.0,0.9557093425592309
test_125_empty_009,0,0.0,0.0,0.0,0.9980622837356429
test_125_empty_010,0,0.0,0.0,0.0,0.9692733564000425
test_125_empty_012,0,0.0,0.0,0.0,0.9105882352928574
test_125_empty_013,0,0.0,0.0,0.0,0.9994463667806236
test_125_empty_014,0,0.0,0.0,0.0,0.9999999999986159
test_125_normal_000,1015,0.9311506981178087,0.9105461393511249,0.952709359596525,0.9802076124553907
test_125_normal_001,977,0.8973024136256635,0.8345070422461752,0.9703172978406314,0.9699653979225329
test_125_normal_002,1247,0.9269988412478679,0.894187779427018,0.9623095428952502,0.9738408304484791
test_125_normal_003,1108,0.7693018955119312,0.7886255924095865,0.7509025270690353,0.9309342560540749
test_125_normal_004,994,0.8900830483591106,0.8651471984723159,0.9164989939545624,0.9688581314865483
test_125_normal_005,1090,0.9394760614230376,0.9252669039063589,0.9541284403582191,0.9814532871958734
test_125_normal_006,1268,0.6831050228279311,0.8112798264554091,0.5899053627713731,0.9039446366769496
test_125_normal_007,1017,0.8804402201056507,0.8961303462230537,0.8652900688213836,0.9669204152235752
test_125_normal_008,947,0.9109947643931362,0.9034267912678772,0.9186906018910381,0.9764705882339426
test_125_normal_009,1166,0.9060261272612473,0.8906379453115938,0.9219554030795717,0.9691349480955445
test_125_normal_010,1180,0.9331683168278335,0.9091639871309554,0.9584745762630639,0.9775778546699272
test_125_normal_011,1057,0.9269637115253699,0.9008928571348136,0.9545884578906851,0.9779930795834215
test_125_normal_012,1237,0.7528551850125498,0.865546218478303,0.6661277283697161,0.9251211072651555
test_125_normal_013,1012,0.9103448275817225,0.9076620825058186,0.9130434782518474,0.9748096885799656
test_125_normal_014,969,0.9174406604699823,0.9174406604652483,0.9174406604652483,0.9778546712789234
test_125_normal_015,945,0.8079470198639827,0.6931818181765669,0.9682539682437221,0.9397923875419518
test_126_discont_000,2299,0.6047058823511626,0.93369663941023,0.44715093518726773,0.8139792387531987
test_126_discont_001,1071,0.41169154228599697,0.6163873370462497,0.30905695611289397,0.8690657439434338
test_126_discont_002,1402,0.3113553113538858,0.4347826086900923,0.2425106989996968,0.7918339100335061
test_126_discont_003,2474,0.7144335230193626,0.9920977011422982,0.5582053354868303,0.8471972318327374
test_126_discont_004,1445,0.7461313258019819,0.9429175475587429,0.6173010380580118,0.9159861591682824
test_126_discont_005,2288,0.5731030228236487,0.9737945492560399,0.40603146852969396,0.8084429065732756
test_126_discont_006,1559,0.7827562796986329,0.8312905551490174,0.7395766516950637,0.9114186851198458
test_126_discont_007,2929,0.8082775410817442,0.9959999999950201,0.6800955957641512,0.8692041522479319
test_126_empty_000,0,0.0,0.0,0.0,0.9999999999986159
test_126_empty_001,0,0.0,0.0,0.0,0.9970934256041563
test_126_empty_003,0,0.0,0.0,0.0,0.9793771626284022
test_126_empty_005,0,0.0,0.0,0.0,0.945328719721875
test_126_empty_006,0,0.0,0.0,0.0,0.9598615916941732
test_126_empty_007,0,0.0,0.0,0.0,0.9911418685107389
test_126_empty_008,0,0.0,0.0,0.0,0.9987543252581332
test_126_normal_000,1837,0.8170280274965177,0.7943444730036281,0.8410451823579693,0.9042214532859457
test_126_normal_001,967,0.7405295315652117,0.6108870967700881,0.9400206825135469,0.91183391003334
test_126_normal_002,2100,0.9665445665422062,0.9919799498697144,0.9423809523764649,0.9810380622823792
test_126_normal_003,1835,0.8235664776281552,0.9761015683272883,0.7122615803775899,0.922491349479692
test_126_normal_004,2211,0.6624586714738129,0.9874551971237684,0.4984170058774382,0.844567474047274
test_126_normal_005,1890,0.9119908857849274,0.9876619370697862,0.8470899470854651,0.9572318339087097
test_126_normal_006,1802,0.9105403011487732,0.9728706624544299,0.8557158712494134,0.9580622837356982
test_126_normal_007,2120,0.9120037148806316,0.898033836301335,0.9264150943352528,0.9475432525938442
test_126_normal_008,2449,0.8042857142837994,0.9645916619019727,0.689669252753411,0.8862283737011956
test_126_normal_009,2073,0.8094443119465551,0.8004716981094318,0.8186203569666252,0.8894117647046513
test_126_normal_010,2033,0.9200104904250721,0.9853932584214304,0.8627643876002816,0.9577854671267021
test_126_normal_011,2513,0.8981643356623729,0.9961221522006974,0.8177477118948757,0.9355017301025115
test_126_normal_012,1753,0.8185133239808737,0.8051876379646513,0.8322875071258855,0.9104498269883593
test_126_normal_013,1966,0.9658052727722114,0.991957104552322,0.9409969481132198,0.9818685121093677
test_126_normal_014,2124,0.9365079365057505,0.9287037036994042,0.944444444439998,0.9623529411751386
test_126_normal_015,1298,0.8558205767146464,0.795499669088051,0.9260400616261477,0.9439446366768942
test_127_discont_000,1220,0.6169863013664822,0.9305785123813127,0.461475409832283,0.9032525951544592
test_127_discont_001,605,0.5554425228834645,0.7222222222031158,0.4512396694140291,0.9395155709329557
test_127_discont_002,1149,0.8400180261341145,0.8710280373750372,0.8111401218380232,0.9508650519017982
test_127_discont_003,1523,0.9278210775976692,0.9586834733826424,0.8988837820032903,0.9705190311405253
test_127_discont_004,937,0.7795454545410253,0.8335358444613179,0.732123799351845,0.9462975778533615
test_127_discont_005,1385,0.7971560016696062,0.947316103370305,0.6880866425943098,0.932871972317048
test_127_discont_006,904,0.8321678321629827,0.8793103448167573,0.7898230088408206,0.9601384083031693
test_127_discont_007,1453,0.9437899697039926,0.9235836627080134,0.964900206462733,0.9768858131474368
test_127_empty_002,0,0.0,0.0,0.0,0.9999999999986159
test_127_empty_003,0,0.0,0.0,0.0,0.9999999999986159
test_127_empty_006,0,0.0,0.0,0.0,0.9999999999986159
test_127_normal_000,1566,0.9535107406189371,0.9575016097813426,0.9495530012710757,0.9799307958463945
test_127_normal_001,922,0.821464393175419,0.7639925373063061,0.8882863340467648,0.9507266435973001
test_127_normal_002,1146,0.9423815620958499,0.9223057644033225,0.963350785331908,0.9813148788913754
test_127_normal_003,1058,0.9433776464749218,0.9845837615520597,0.9054820415793433,0.9840830449813369
test_127_normal_004,600,0.6447007138899248,0.48075348074954344,0.9783333333170278,0.9104498269883593
test_127_normal_005,878,0.852205005954397,0.8937499999888281,0.8143507972572397,0.9656747404830925
test_127_normal_006,1725,0.9386892177561502,0.9798234552271134,0.9008695652121689,0.971903114185506
test_127_normal_007,752,0.9410958904045131,0.970338983037142,0.9135638297750855,0.9880968858117812
test_127_normal_008,1197,0.9078073089663298,0.902559867870334,0.9131161236348111,0.9692733564000425
test_127_normal_009,1480,0.962563237770784,0.96094276093629,0.9641891891826745,0.9846366781993292
test_127_normal_010,1567,0.9417127971314174,0.9614361702063735,0.9227823867203396,0.9752249134934599
test_127_normal_011,1631,0.9542804541241047,0.9551597051538382,0.9534028203497646,0.9793771626284022
test_127_normal_012,1204,0.9713322091021445,0.9863013698545694,0.9568106312212891,0.9905882352927466
test_127_normal_013,802,0.7989521938389067,0.8413793103332223,0.7605985037311646,0.9575086505177058
test_127_normal_014,873,0.9171270718175745,0.988095238082168,0.855670103082982,0.9813148788913754
test_127_normal_015,940,0.7523809523773697,0.6810344827527498,0.8404255319059529,0.9280276816596152
test_128_discont_000,513,0.4989919354813559,0.3365057783797655,0.9649122806829452,0.862422145327526
test_128_discont_001,794,0.6736502820251923,0.9351230424846728,0.5264483627137727,0.9439446366768942
test_128_discont_002,716,0.6233766233708408,0.9281767955544702,0.4692737430102057,0.9438062283723961
test_128_empty_003,0,0.0,0.0,0.0,0.9999999999986159
test_128_empty_004,0,0.0,0.0,0.0,0.917093425604267
test_128_empty_005,934,0.5543006081644036,0.46637426900243883,0.6830835117699884,0.8579930795835876
test_128_empty_006,0,0.0,0.0,0.0,0.8254671280265392
test_128_empty_010,0,0.0,0.0,0.0,0.7648442906563808
test_128_empty_011,0,0.0,0.0,0.0,0.9647058823516059
test_128_empty_013,0,0.0,0.0,0.0,0.8297577854659796
test_128_empty_014,0,0.0,0.0,0.0,0.7890657439435446
test_128_normal_000,893,0.7482419127953669,0.6435483870915844,0.8936170212665888,0.9256747404831479
test_128_normal_001,1191,0.7766554433192044,0.7004048582948691,0.8715365239221534,0.9173702422132631
test_128_normal_002,840,0.9263803680924763,0.9556962025195481,0.8988095237988237,0.9833910034588466
test_128_normal_003,1117,0.6244665718327722,0.5179941002919293,0.7860340196885763,0.8538408304486452
test_128_normal_004,1046,0.664999999997625,0.5307867730870537,0.8900573613681639,0.8701730103794184
test_128_normal_005,871,0.9005780346768754,0.906868451677452,0.8943742824237155,0.9761937716249465
test_128_normal_006,848,0.6590233545619575,0.5149303251458863,0.9150943396118503,0.888858131486659
test_128_normal_007,728,0.9266304347763137,0.9166666666543458,0.9368131868003184,0.9850519031128234
test_128_normal_008,1132,0.5783905097769209,0.45395067941392075,0.7968197879788268,0.817993079583643
test_128_normal_009,1100,0.6820966643952278,0.5451577801928991,0.91090909090081,0.8707266435974108
test_128_normal_010,999,0.7216189535995972,0.7117818889901483,0.7317317317244071,0.9219377162616997
test_128_normal_011,818,0.9450686641638886,0.96556122447748,0.9254278728493224,0.9878200692027851
test_128_normal_012,933,0.6084381939281701,0.46466930468928963,0.8810289388973095,0.8535640138396491
test_128_normal_013,744,0.9060272196960076,0.8748435544321046,0.9395161290196301,0.9799307958463945
test_128_normal_014,862,0.8114710568199073,0.7482859941160794,0.8863109048621077,0.9508650519017982
test_128_normal_015,875,0.7386046511593554,0.6227450980343314,0.9074285714182008,0.9222145328706959
test_129_discont_000,1406,0.8755916159537674,0.834407216489469,0.9210526315723966,0.9490657439433231
test_129_discont_001,1030,0.2925327174727288,0.7063197025759732,0.18446601941568483,0.8728027681648819
test_129_discont_002,366,0.7403846153727502,0.8953488371745989,0.631147540966362,0.9775778546699272
test_129_discont_003,1617,0.7388905024666312,0.6966046002152432,0.7866419294942076,0.8755709342548436
test_129_discont_004,1279,0.8742609381124389,0.8815580286098446,0.8670836591018993,0.955847750863729
test_129_empty_002,0,0.0,0.0,0.0,0.9526643598602731
test_129_empty_003,0,0.0,0.0,0.0,0.9580622837356982
test_129_empty_006,0,0.0,0.0,0.0,0.9999999999986159
test_129_empty_007,0,0.0,0.0,0.0,0.9465743944623577
test_129_empty_008,0,0.0,0.0,0.0,0.9750865051889618
test_129_empty_009,0,0.0,0.0,0.0,0.9890657439432677
test_129_empty_010,0,0.0,0.0,0.0,0.9849134948083254
test_129_empty_011,0,0.0,0.0,0.0,0.9999999999986159
test_129_empty_012,0,0.0,0.0,0.0,0.9997231833896197
test_129_empty_013,0,0.0,0.0,0.0,0.9999999999986159
test_129_empty_014,0,0.0,0.0,0.0,0.9844982698948311
test_129_empty_015,0,0.0,0.0,0.0,0.9999999999986159
test_129_normal_000,1283,0.8946957878280238,0.895394223256086,0.8939984411465784,0.9626297577841347
test_129_normal_001,1389,0.840568574718246,0.9011532125131702,0.7876169906350784,0.9425605536319134
test_129_normal_002,1125,0.8359659781254113,0.7678571428514297,0.9173333333251793,0.9439446366768942
test_129_normal_003,1314,0.8718348266424939,0.8930566639992574,0.8515981735095008,0.9544636678187481
test_129_normal_004,1201,0.886146496811759,0.8489702517097715,0.9267277268865386,0.9604152249121656
test_129_normal_005,1363,0.838685015287314,0.8754988028661174,0.8048422597152983,0.9415916955004269
test_129_normal_006,1407,0.8391768292650946,0.9046836483080963,0.7825159914656539,0.9415916955004269
test_12_discont_000,818,0.547050219402501,0.4549878345461883,0.6858190708962614,0.8714186851199012
test_12_discont_001,642,0.548780487799301,0.7894736841874422,0.42056074765700063,0.9385467128014692
test_12_discont_002,1001,0.7120991253618364,0.5605278255848507,0.9760239760142255,0.8906574394451341
test_12_discont_003,388,0.0,0.0,0.0,0.9462975778533615
test_12_discont_004,908,0.6137499999961641,0.7095375722440819,0.5407488986724587,0.9144636678188035
test_12_discont_005,687,0.7214854111367561,0.5676126878082838,0.9898107714557524,0.9273356401371248
test_12_discont_006,1043,0.5200501253100248,0.7504520795524331,0.3978906999003079,0.8939792387530879
test_12_discont_007,826,0.5188536953203706,0.68799999998624,0.4164648910361203,0.911695501728842
test_12_empty_000,0,0.0,0.0,0.0,0.9793771626284022
test_12_empty_001,0,0.0,0.0,0.0,0.9568166089952155
test_12_empty_002,0,0.0,0.0,0.0,0.9327335640125498
test_12_empty_003,0,0.0,0.0,0.0,0.9157093425592863
test_12_empty_004,0,0.0,0.0,0.0,0.9677508650505637
test_12_empty_007,0,0.0,0.0,0.0,0.9685813148775522
test_12_empty_011,0,0.0,0.0,0.0,0.9247058823516613
test_12_empty_012,0,0.0,0.0,0.0,0.9635986159156213
test_12_empty_013,0,0.0,0.0,0.0,0.9903114186837505
test_12_normal_000,697,0.5125125125073823,0.847682119177229,0.36728837876087106,0.9325951557080517
test_12_normal_001,678,0.7607655502331678,0.8281249999856228,0.7035398229984728,0.9584775086491925
test_12_normal_002,598,0.2144927536200798,0.8043478259995275,0.12374581939592398,0.9249826989606574
test_12_normal_003,641,0.5619658119598081,0.8915254236985923,0.4102964118500734,0.9432525951544039
test_12_normal_004,603,0.4303317535504234,0.50221238936942,0.37645107793737226,0.9168166089952708
test_12_normal_005,637,0.3551171393297766,0.8275862068489893,0.22605965462753438,0.9276124567461209
test_12_normal_006,686,0.5354645354591862,0.8507936507666415,0.39067055393016514,0.9356401384070095
test_12_normal_007,662,0.6471698113146495,0.8618090452044771,0.518126888209696,0.9482352941163347
test_12_normal_008,744,0.7264662395232802,0.573540856026665,0.9905913978361479,0.9231833910021825
test_12_normal_009,675,0.35116279069359113,0.8162162161720964,0.22370370370038958,0.9227681660886882
test_12_normal_010,604,0.36970474967432987,0.8228571428101225,0.23841059602254286,0.9320415224900594
test_12_normal_011,787,0.7100591715944012,0.5531914893577788,0.9911054637739377,0.91183391003334
test_130_discont_000,685,0.7704042715425599,0.8067092651628321,0.7372262773615004,0.9583391003446944
test_130_discont_001,1184,0.9081675835763514,0.9100932993985574,0.9062499999923459,0.9699653979225329
test_130_discont_002,1311,0.7473491773281633,0.7176966292084432,0.7795575896202933,0.9043598615904438
test_130_discont_003,1031,0.8835523334803645,0.8290816326460113,0.9456838021246783,0.9644290657426098
test_130_discont_004,1537,0.8331226295801735,0.810079901654517,0.8575146389013826,0.9269204152236306
test_130_discont_005,1787,0.8968758639731909,0.8863387978093643,0.9076664801292241,0.9483737024208327
test_130_discont_006,2242,0.8307280035711686,0.8318425760249023,0.829616413912446,0.8950865051890725
test_130_discont_007,1899,0.8695908154228155,0.985981308404633,0.7777777777736821,0.9386851211059672
test_130_empty_001,0,0.0,0.0,0.0,0.971903114185506
test_130_empty_003,0,0.0,0.0,0.0,0.8492733564002086
test_130_empty_004,0,0.0,0.0,0.0,0.9999999999986159
test_130_empty_005,0,0.0,0.0,0.0,0.9850519031128234
test_130_empty_006,0,0.0,0.0,0.0,0.9999999999986159
test_130_empty_007,0,0.0,0.0,0.0,0.9656747404830925
test_130_normal_000,1514,0.9124555160109877,0.9891975308565649,0.8467635402850281,0.9659515570920887
test_130_normal_001,1881,0.875681287306318,0.8554766734236539,0.8968633705428131,0.9337024221440364
test_130_normal_002,1914,0.9633148587992523,0.9733333333281423,0.9535005224610581,0.9807612456733831
test_130_normal_003,1977,0.9089026915090349,0.930577636455058,0.8882144663586838,0.9512802768152924
test_130_normal_004,1283,0.8962900505864406,0.9761248852068309,0.8285268900948674,0.9659515570920887
test_130_normal_005,1989,0.9161258112807885,0.9097669806598425,0.9225741578636372,0.9534948096872616
test_130_normal_006,1387,0.9106609099936545,0.8442118226549002,0.988464311456464,0.9627681660886329
test_130_normal_007,1648,0.8982658959511611,0.8576158940350022,0.9429611650428219,0.9512802768152924
test_130_normal_008,1615,0.8676422764199426,0.9136986301307282,0.8260061919453499,0.9436678200678981
test_130_normal_009,1582,0.9025885558552365,0.9785819793133045,0.8375474083385743,0.9604152249121656
test_130_normal_010,2108,0.8917197452208263,0.8869075551342708,0.8965844402234507,0.936470588233998
test_130_normal_011,2077,0.90617730679528,0.9782366071373982,0.8440057775597304,0.9497577854658135
test_130_normal_012,2239,0.9028487947384883,0.9925053533137447,0.8280482358158641,0.9447750865038826
test_130_normal_013,1347,0.8792172739511498,0.8058132343796797,0.9673348181071468,0.9504498269883039
test_130_normal_014,1555,0.9260188087745266,0.9033639143675636,0.9498392282897117,0.9673356401370694
test_130_normal_015,1814,0.9353460552522491,0.9675898644610043,0.9051819184073585,0.9685813148775522
test_131_discont_000,1516,0.7551432029013508,0.9719626168123369,0.6174142480170356,0.9159861591682824
test_131_discont_001,529,0.6653116531120237,0.518479408653448,0.9281663515892596,0.9316262975765652
test_131_discont_002,375,0.21448467966275092,0.22448979591182244,0.20533333332785778,0.9219377162616997
test_131_discont_003,1343,0.6111111111079676,0.9883527454078477,0.4422933730421274,0.8953633217980688
test_131_discont_004,977,0.7978660343758277,0.9478873239303114,0.6888433981505748,0.9528027681647713
test_131_discont_005,847,0.6434015242653695,0.4872417982959463,0.946871310496495,0.8769550172998243
test_131_discont_006,1124,0.8169596690754035,0.9753086419632678,0.702846975082715,0.9510034602062962
test_131_discont_007,1123,0.9389038634279475,0.9474161377973943,0.9305431878812953,0.9811764705868773
test_131_empty_000,0,0.0,0.0,0.0,0.9994463667806236
test_131_empty_001,0,0.0,0.0,0.0,0.9973702422131524
test_131_empty_004,0,0.0,0.0,0.0,0.9817301038048696
test_131_empty_005,0,0.0,0.0,0.0,0.9916955017287312
test_131_empty_012,0,0.0,0.0,0.0,0.9950173010366851
test_131_normal_000,757,0.6233163028303609,0.4806590257845225,0.8863936591692683,0.8877508650506744
test_131_normal_001,709,0.7404479578343844,0.6946847960359124,0.7926657263639962,0.9454671280263731
test_131_normal_002,1059,0.9365671641747362,0.9253456221112872,0.9480642115113498,0.9811764705868773
test_131_normal_003,1101,0.9501845018406357,0.9653233364483101,0.9355131698370981,0.9850519031128234
test_131_normal_004,1183,0.9073741007153446,0.9692603265997191,0.8529163144475663,0.9714878892720118
test_131_normal_005,1469,0.8573551262969638,0.9435813573103551,0.7855684138816503,0.9468512110713538
test_131_normal_006,1138,0.9351111111069551,0.9460431654591184,0.9244288224874831,0.9797923875418965
test_131_normal_007,969,0.6054136484917827,0.4800483675908099,0.8194014447799856,0.8567474048431049
test_131_normal_008,860,0.9112627986296288,0.8919821826181293,0.9313953488263791,0.9784083044969157
test_131_normal_009,1434,0.8836363636331505,0.9232522796282429,0.847280334722125,0.9557093425592309
test_131_normal_010,1020,0.7527141133865995,0.6380368098116017,0.9176470588145329,0.9148788927322977
test_131_normal_011,1179,0.836802664442811,0.821749795577909,0.8524173027917522,0.9457439446353693
test_131_normal_012,1167,0.8934885726567767,0.8993055555477492,0.8877463581757692,0.9658131487875906
test_131_normal_013,1123,0.8445772843687251,0.8113207547103256,0.8806767586742594,0.9496193771613154
test_131_normal_014,1125,0.9376401973937298,0.946557971005919,0.9288888888806321,0.9807612456733831
test_131_normal_015,854,0.6267387944334362,0.4677047289477065,0.9496487119326739,0.8662975778534723
test_132_discont_000,1282,0.3103670315498367,0.8892988929561144,0.1879875194993137,0.851764705881174
test_132_discont_001,1334,0.7319838056650527,0.7957746478803189,0.6776611694102125,0.9083737024208881
test_132_discont_002,772,0.6436049157913355,0.49614035087371133,0.9158031087964275,0.8916262975766206
test_132_discont_003,854,0.8781079442032862,0.9106918238879158,0.847775175634101,0.9721799307945022
test_132_discont_004,1003,0.7542372881310276,0.9599383667032367,0.6211365902231193,0.9438062283723961
test_132_discont_005,950,0.8877229800583016,0.8849372384844671,0.8905263157800997,0.9703806228360272
test_132_discont_006,1009,0.67652733118536,0.9633699633523192,0.5213082259611367,0.9303806228360826
test_132_discont_007,791,0.7291812456212095,0.8166144200498963,0.6586599241383229,0.9464359861578596
test_132_empty_001,0,0.0,0.0,0.0,0.9843598615903331
test_132_empty_002,0,0.0,0.0,0.0,0.9999999999986159
test_132_empty_004,0,0.0,0.0,0.0,0.9999999999986159
test_132_empty_006,0,0.0,0.0,0.0,0.9991695501716275
test_132_empty_007,0,0.0,0.0,0.0,0.9970934256041563
test_132_empty_008,0,0.0,0.0,0.0,0.918754325258244
test_132_normal_000,1111,0.8588672237657434,0.8868648130308068,0.8325832583183387,0.9579238754312002
test_132_normal_001,1039,0.5284831846223166,0.9210526315569126,0.37054860442376764,0.9049134948084361
test_132_normal_002,608,0.5042918454908568,0.37420382165307164,0.7730263157767594,0.8721107266423915
test_132_normal_003,1053,0.7902869757130779,0.9433465085514711,0.6799620132888893,0.9474048442893461
test_132_normal_004,1034,0.8889980353590914,0.9031936127654372,0.8752417794886341,0.9687197231820502
test_132_normal_005,992,0.716002530039747,0.9609507639904762,0.5705645161232806,0.9378546712789788
test_132_normal_006,1101,0.80233793835918,0.9667093469786593,0.6857402361427272,0.9485121107253308
test_132_normal_007,918,0.9157007376137213,0.8867346938685027,0.9466230936716054,0.9778546712789234
test_132_normal_008,1107,0.816347646141664,0.9552058111264503,0.7127371273648353,0.9508650519017982
test_132_normal_009,930,0.9037348763760983,0.8846549948415586,0.9236559139685628,0.9746712802754676
test_132_normal_010,998,0.7294117647013659,0.9546191247819349,0.5901803607155293,0.9395155709329557
test_132_normal_011,1030,0.8862859931630733,0.8910696761443467,0.8815533980496938,0.9677508650505637
test_132_normal_012,1017,0.7408284023624804,0.9301634472372933,0.6155358898661206,0.9393771626284576
test_132_normal_013,1062,0.7879127028495361,0.9710344827452271,0.6629001883176752,0.9475432525938442
test_132_normal_014,733,0.6276346604186059,0.47788873038175544,0.9140518417337783,0.8899653979226436
test_133_discont_000,1359,0.8548856548821003,0.9827915869886923,0.756438557757495,0.9516955017287866
test_133_discont_001,1011,0.5199889716004412,0.36047400611483,0.9327398615140184,0.7590311418674616
test_133_discont_002,772,0.872942725471541,0.8875502007913313,0.8588082901443159,0.9732871972304868
test_133_discont_003,1359,0.7327950788130227,0.7673107890437415,0.7012509197888062,0.9038062283724515
test_133_discont_004,1297,0.8986083498970234,0.9277504105014143,0.8712413261305225,0.9647058823516059
test_133_discont_005,1427,0.9154155986784497,0.9585889570478636,0.875963559909769,0.9680276816595599
test_133_discont_006,1280,0.9009300444767452,0.9337803855747379,0.8703124999932007,0.9660899653965868
test_133_discont_007,1474,0.8588441330968167,0.8877624909421596,0.8317503392073831,0.9442214532858904
test_133_empty_000,0,0.0,0.0,0.0,0.9959861591681717
test_133_empty_003,0,0.0,0.0,0.0,0.9999999999986159
test_133_empty_004,0,0.0,0.0,0.0,0.9976470588221485
test_133_empty_006,0,0.0,0.0,0.0,0.9998615916941178
test_133_empty_008,0,0.0,0.0,0.0,0.9510034602062962
test_133_empty_009,0,0.0,0.0,0.0,0.9954325259501794
test_133_normal_000,1301,0.9011952191199156,0.9354838709600044,0.8693312836212965,0.9656747404830925
test_133_normal_001,1614,0.8674565996118285,0.7811414392020788,0.9752168525342304,0.9334256055350403
test_133_normal_002,1434,0.7858687815400653,0.8134328358148252,0.760111576005857,0.9177854671267573
test_133_normal_003,1109,0.8533576975749048,0.8648148148068073,0.8422001803350568,0.9555709342547328
test_133_normal_004,1410,0.8744007670154222,0.7958115183199779,0.9702127659505659,0.9456055363308712
test_133_normal_005,1399,0.9355394691453446,0.9034620505931861,0.969978556104575,0.9741176470574753
test_133_normal_006,1488,0.8267441860441084,0.7284836065536451,0.9556451612839003,0.9175086505177612
test_133_normal_007,1306,0.8934122871913641,0.8646131805095659,0.9241960183696464,0.9601384083031693
test_133_normal_008,1214,0.8985263157856904,0.9190353143762358,0.8789126853304868,0.966643598614579
test_133_normal_009,1229,0.8357082984038738,0.8617113223780319,0.8112286411650836,0.9457439446353693
test_133_normal_010,1465,0.9412151067292571,0.9069620253107155,0.9781569965803539,0.9752249134934599
test_133_normal_011,1542,0.8260869565194368,0.7243401759495389,0.9610894941571915,0.9136332179918151
test_133_normal_012,1457,0.9027733503318369,0.8428571428521259,0.9718599862664938,0.9577854671267021
test_133_normal_013,1147,0.8703786191497979,0.8897996356931713,0.8517872711346837,0.9597231833896751
test_133_normal_014,1480,0.9214946863184043,0.9352818371542431,0.9081081081019723,0.968304498268556
test_133_normal_015,1531,0.8644667059491324,0.7874396135223434,0.958197256688712,0.9363321799294999
test_134_discont_000,779,0.21739130434533877,0.9999999998947369,0.12195121951062964,0.9053287197219304
test_134_discont_001,1150,0.851744186042385,0.9617067833592811,0.76434782608031,0.9576470588222039
test_134_discont_002,318,0.106312292357038,0.11267605633406069,0.10062893081444563,0.9255363321786498
test_134_discont_003,1162,0.9482312338181699,0.9506920415142674,0.9457831325219813,0.9833910034588466
test_134_discont_004,970,0.8868407578039589,0.8809766022290847,0.8927835051454353,0.9694117647045406
test_134_discont_005,1501,0.7508116883086412,0.9605399792215935,0.6162558294429297,0.9150173010367958
test_134_discont_006,1664,0.8893682588570436,0.9127134724799956,0.8671874999947886,0.9503114186838059
test_134_discont_007,1206,0.9121649484498467,0.9073010664404652,0.9170812603572382,0.9705190311405253
test_134_empty_000,0,0.0,0.0,0.0,0.9999999999986159
test_134_empty_001,0,0.0,0.0,0.0,0.9999999999986159
test_134_empty_002,231,0.5461638491476442,0.39033457248345105,0.9090909090515544,0.9516955017287866
test_134_empty_003,0,0.0,0.0,0.0,0.9999999999986159
test_134_empty_004,0,0.0,0.0,0.0,0.9999999999986159
test_134_empty_005,0,0.0,0.0,0.0,0.9908650519017428
test_134_normal_000,611,0.4927066450540643,0.36774193548090534,0.7463175122627443,0.8700346020749203
test_134_normal_001,1776,0.8839748839724707,0.8579756226769583,0.9115990990939663,0.9411764705869327
test_134_normal_002,1403,0.919245819989615,0.9176136363571193,0.920883820378326,0.9685813148775522
test_134_normal_003,1454,0.836115326248725,0.9323181048990499,0.757909215950771,0.940207612455446
test_134_normal_004,1174,0.9228780697935249,0.9337401917965673,0.9122657580842227,0.9752249134934599
test_134_normal_005,1125,0.8674473067875061,0.9168316831592392,0.8231111111037946,0.9608304498256598
test_134_normal_006,1392,0.894623655910772,0.8927038626545587,0.8965517241314903,0.9593079584761809
test_134_normal_007,1179,0.8013392857113045,0.7137176938322485,0.9134860050813106,0.9260899653966421
test_134_normal_008,1751,0.9243746364138326,0.9419087136873627,0.9074814391724302,0.9640138408291156
test_134_normal_009,1333,0.9156899810929464,0.9230182926758917,0.9084771192730048,0.9691349480955445
test_134_normal_010,1897,0.9150395778339973,0.9160063391393767,0.9140748550294462,0.9554325259502348
test_134_normal_011,1263,0.9415971394479873,0.9449760765474883,0.938242280277607,0.9796539792373984
test_134_normal_012,1954,0.9194167306192903,0.9191815856730478,0.9196519959011277,0.9564013840817213
test_134_normal_013,1217,0.9198861325704764,0.9106280193163396,0.9293344289159464,0.9727335640124946
test_134_normal_014,1699,0.9180145008340268,0.8722840487500144,0.968805179511661,0.9593079584761809
test_134_normal_015,885,0.6431790249871234,0.5044987146497141,0.8870056497074914,0.8794463667807897
test_135_discont_000,1065,0.29180546302270616,0.5022935779701309,0.2056338028149706,0.8528719723171587
test_135_discont_001,595,0.5011709601814851,0.8262548262229245,0.3596638655401737,0.9410380622824346
test_135_discont_002,793,0.5758789497081626,0.4449793672596632,0.8158890289934945,0.8680968858119473
test_135_discont_003,971,0.19611470860133107,0.9636363635487604,0.1091658084437779,0.8797231833897858
test_135_discont_004,633,0.5781409601575267,0.8179190751208694,0.44707740915565436,0.9428373702409096
test_135_discont_005,1076,0.6719457013536655,0.858381502877769,0.552044609660297,0.9197231833897305
test_135_discont_006,1372,0.727627979676719,0.7843302443067875,0.6785714285664828,0.9035294117634554
test_135_discont_007,785,0.7724137930986056,0.760493827151105,0.7847133757861819,0.9497577854658135
test_135_empty_000,0,0.0,0.0,0.0,0.9999999999986159
test_135_empty_001,0,0.0,0.0,0.0,0.9969550172996582
test_135_empty_002,0,0.0,0.0,0.0,0.9999999999986159
test_135_empty_003,0,0.0,0.0,0.0,0.9999999999986159
test_135_empty_004,0,0.0,0.0,0.0,0.9946020761231908
test_135_empty_006,0,0.0,0.0,0.0,0.9999999999986159
test_135_empty_007,0,0.0,0.0,0.0,0.9999999999986159
test_135_empty_008,0,0.0,0.0,0.0,0.8318339100334508
test_135_empty_010,0,0.0,0.0,0.0,0.9999999999986159
test_135_normal_000,1058,0.709120345382034,0.8264150943292274,0.6209829867616165,0.9253979238741518
test_135_normal_001,745,0.7989130434728335,0.808803301226839,0.7892617449558488,0.9590311418671847
test_135_normal_002,911,0.764346764342098,0.8610729023265327,0.6871569703546964,0.9465743944623577
test_135_normal_003,689,0.8239202657752565,0.7598039215593161,0.8998548621059528,0.9633217993066252
test_135_normal_004,851,0.7975077881570249,0.848806366036488,0.7520564042214799,0.9550173010367404
test_135_normal_005,1326,0.7805642633198254,0.8123980424077293,0.7511312217137924,0.922491349479692
test_135_normal_006,1219,0.744846541453299,0.8433609958418739,0.6669401148427652,0.9229065743931864
test_135_normal_007,1379,0.7942157953251976,0.812594840661513,0.7766497461872615,0.9231833910021825
test_135_normal_008,734,0.8602425015899156,0.8091236494500705,0.9182561307776804,0.9696885813135367
test_135_normal_009,785,0.8119325551179513,0.8269484808345186,0.7974522292892045,0.9598615916941732
test_135_normal_010,944,0.7678471051109171,0.8179640718464914,0.723516949144878,0.9428373702409096
test_135_normal_011,1182,0.7870289219947983,0.816363636356215,0.7597292724132003,0.9327335640125498
test_135_normal_012,1228,0.6578171091413088,0.8300248138854835,0.5447882736111989,0.9036678200679534
test_135_normal_013,1171,0.7091711623309996,0.8329493087461641,0.6174210076804661,0.9179238754312555
test_135_normal_014,1341,0.7609868928266732,0.7877094972004174,0.7360178970862341,0.9141868512098074
test_136_discont_000,1030,0.43723554301525225,0.7989690721443564,0.30097087378348575,0.8895501730091494
test_136_discont_001,806,0.8133971291822787,0.7116279069701245,0.9491315136358669,0.9514186851197904
test_136_discont_002,675,0.6829694323084458,0.8319148935993209,0.5792592592506777,0.9497577854658135
test_136_discont_003,863,0.6773006134927774,0.7196870925590654,0.6396292004560877,0.9271972318326267
test_136_discont_004,510,0.6784037558605821,0.8450292397413733,0.5666666666555555,0.9620761245661424
test_136_discont_005,969,0.7639155470212864,0.7139013452850772,0.8214654282680963,0.9319031141855614
test_136_discont_006,744,0.7598152424898394,0.6659919028272673,0.8844086021386504,0.9424221453274153
test_136_empty_000,0,0.0,0.0,0.0,0.9999999999986159
test_136_empty_001,0,0.0,0.0,0.0,0.9389619377149634
test_136_empty_003,0,0.0,0.0,0.0,0.9994463667806236
test_136_empty_004,0,0.0,0.0,0.0,0.9201384083032247
test_136_empty_006,0,0.0,0.0,0.0,0.998200692040141
test_136_empty_008,0,0.0,0.0,0.0,0.9999999999986159
test_136_empty_009,0,0.0,0.0,0.0,0.9999999999986159
test_136_empty_012,0,0.0,0.0,0.0,0.9999999999986159
test_136_normal_000,974,0.8145597638917139,0.7818696883778861,0.8501026693957895,0.9478200692028405
test_136_normal_001,962,0.8862461220223049,0.881687242789283,0.8908523908431304,0.9695501730090387
test_136_normal_002,925,0.8502463054145308,0.7809954751060544,0.9329729729628867,0.9579238754312002
test_136_normal_003,994,0.9176011701564233,0.8902554399158917,0.9466800804733735,0.9766089965384407
test_136_normal_004,759,0.7441340782081334,0.645974781759011,0.8774703557196644,0.936608996538496
test_136_normal_005,1097,0.8977321352122477,0.8459677419286616,0.9562443026348566,0.9669204152235752
test_136_normal_006,968,0.9357249626261299,0.9037536092309553,0.9700413223040285,0.9821453287183638
test_136_normal_007,1188,0.9213576158902262,0.906351791523564,0.9368686868608008,0.9737024221439811
test_136_normal_008,752,0.8160493827110121,0.7615207373184156,0.878989361690439,0.9587543252581886
test_136_normal_009,853,0.7127882599543355,0.6445497630270659,0.7971864009285207,0.924152249133669
test_136_normal_010,1159,0.9142857142818728,0.8910728910655933,0.9387402933482422,0.9717647058810079
test_136_normal_011,1000,0.8909599254385324,0.8342059336750942,0.9559999999904399,0.9676124567460656
test_136_normal_012,1064,0.8856024358378182,0.8242914979690341,0.956766917284241,0.9635986159156213
test_136_normal_013,1037,0.9195837275263975,0.9025069637799211,0.9373191899620318,0.9764705882339426
test_136_normal_014,992,0.807785888073928,0.7808090310368693,0.8366935483786624,0.945328719721875
test_136_normal_015,1027,0.9425070687985745,0.91324200912408,0.9737098344598472,0.9831141868498504
test_137_discont_000,1154,0.7537122375793461,0.9211514392875951,0.6377816291105912,0.9334256055350403
test_137_discont_001,1053,0.8879590887917808,0.8697632058208583,0.9069325735906275,0.966643598614579
test_137_discont_002,810,0.584100418405154,0.9064935064699612,0.4308641975255449,0.931211072663071
test_137_discont_003,1492,0.86365181910621,0.876466528634393,0.8512064343106488,0.9444982698948865
test_137_discont_004,972,0.11810261374522651,0.9999999998360656,0.06275720164544489,0.8739100346008666
test_137_discont_005,1407,0.858558902017314,0.9259868420976483,0.8002842928159184,0.9486505190298289
test_137_discont_006,1052,0.8938492063447726,0.9346473028948687,0.856463878318855,0.9703806228360272
test_137_discont_007,1274,0.617912029673461,0.9510603588751866,0.45761381475308,0.9002076124555014
test_137_empty_000,0,0.0,0.0,0.0,0.962906574393131
test_137_empty_001,0,0.0,0.0,0.0,0.9999999999986159
test_137_empty_009,0,0.0,0.0,0.0,0.9040830449814476
test_137_empty_010,0,0.0,0.0,0.0,0.9561245674727251
test_137_empty_011,0,0.0,0.0,0.0,0.932871972317048
test_137_empty_012,0,0.0,0.0,0.0,0.9999999999986159
test_137_normal_000,1054,0.8791593695232962,0.8162601625949898,0.9525616698201845,0.9617993079571463
test_137_normal_001,1435,0.8929484837380601,0.9385560675811172,0.8515679442449369,0.959446366780679
test_137_normal_002,1214,0.914716382384313,0.882172915065936,0.9497528830234783,0.9702422145315291
test_137_normal_003,1077,0.8850174215989329,0.8334700574172809,0.9433611884777776,0.9634602076111233
test_137_normal_004,817,0.849223946780215,0.7760891590600194,0.9375764993765291,0.9623529411751386
test_137_normal_005,1057,0.888790035583235,0.8387909319828818,0.9451277199532155,0.9653979238740964
test_137_normal_006,1139,0.8221503637800237,0.7617977528032824,0.8928884986752161,0.9391003460194615
test_137_normal_007,1012,0.9074766355097782,0.8608156028292482,0.9594861659984241,0.9725951557079964
test_137_normal_008,1042,0.8682842287657354,0.7914691943065445,0.9616122840598694,0.9579238754312002
test_137_normal_009,1189,0.912730184143664,0.8708938120636296,0.9587888982257462,0.9698269896180348
test_137_normal_010,1225,0.9022033243103896,0.8568281938263083,0.9526530612167131,0.9649826989606021
test_137_normal_011,1218,0.7178881008639958,0.6901515151462868,0.7479474548378658,0.9008996539779919
test_137_normal_012,958,0.9030100334405017,0.8325991189353957,0.9864300626201834,0.971903114185506
test_137_normal_013,1043,0.9077822761992453,0.8550847457554654,0.9674017257817125,0.9716262975765099
test_137_normal_014,1238,0.8691376701933845,0.8172119487850839,0.9281098545967036,0.9521107266422808
test_137_normal_015,1045,0.9031682284654031,0.8461538461467714,0.9684210526223118,0.9699653979225329
test_138_discont_000,546,0.3781388478526124,0.9770992365666336,0.2344322344279408,0.941730103804925
test_138_discont_001,971,0.6451612903196902,0.5709754163317131,0.7415036045237744,0.890380622836138
test_138_discont_002,1158,0.7687996263392396,0.837232960317017,0.7107081174377314,0.9314878892720672
test_138_discont_003,811,0.6719775070259045,0.5419501133745884,0.884093711456423,0.9031141868499611
test_138_discont_004,1367,0.8640114818770578,0.847887323937691,0.880760790044764,0.9475432525938442
test_138_discont_005,999,0.7115732368864758,0.6488046166475779,0.787787787779902,0.911695501728842
test_138_discont_006,1116,0.917366327879287,0.904969485606757,0.9301075268733863,0.9741176470574753
test_138_discont_007,947,0.8589073634163473,0.7806563039656248,0.9545934529994236,0.9588927335626867
test_138_empty_002,0,0.0,0.0,0.0,0.9658131487875906
test_138_empty_003,0,0.0,0.0,0.0,0.8873356401371801
test_138_empty_004,0,0.0,0.0,0.0,0.9062975778534169
test_138_empty_005,0,0.0,0.0,0.0,0.9999999999986159
test_138_empty_009,0,0.0,0.0,0.0,0.9644290657426098
test_138_empty_010,0,0.0,0.0,0.0,0.9918339100332293
test_138_empty_011,0,0.0,0.0,0.0,0.9999999999986159
test_138_empty_012,0,0.0,0.0,0.0,0.9161245674727805
test_138_empty_013,0,0.0,0.0,0.0,0.9539100346007559
test_138_empty_014,0,0.0,0.0,0.0,0.9757785467114523
test_138_normal_000,712,0.9226666666605157,0.878172588821343,0.9719101123459001,0.9839446366768388
test_138_normal_001,674,0.928571428564796,0.8953168043953813,0.9643916913803503,0.9861591695488081
test_138_normal_002,584,0.8306092124752555,0.7335958005153072,0.9571917808055275,0.9684429065730541
test_138_normal_003,681,0.935191637624145,0.8899204243913803,0.9853157121734902,0.9871280276802946
test_139_discont_000,621,0.7837648705333538,0.6930693069221154,0.901771336539424,0.9572318339087097
test_139_discont_001,888,0.8471074380121534,0.782442748084137,0.9234234234130245,0.9590311418671847
test_139_discont_002,928,0.8611925708657812,0.7880143112630769,0.949353448265632,0.9606920415211617
test_139_discont_003,1119,0.9442922374386106,0.9654528477967745,0.924039320813905,0.9831141868498504
test_139_discont_004,1097,0.9380053908313657,0.9247121346242276,0.9516864174936037,0.9808996539778811
test_139_discont_005,513,0.9165848871352641,0.9229249011675311,0.9103313839978493,0.9882352941162793
test_139_discont_006,864,0.8676551345366961,0.8254963427290961,0.9143518518412691,0.966643598614579
test_139_discont_007,1258,0.9539815926332375,0.9605157131268292,0.9475357710576509,0.9840830449813369
test_139_empty_001,0,0.0,0.0,0.0,0.9999999999986159
test_139_empty_002,0,0.0,0.0,0.0,0.9072664359849034
test_139_empty_004,0,0.0,0.0,0.0,0.9352249134935152
test_139_empty_005,0,0.0,0.0,0.0,0.9641522491336136
test_139_empty_006,0,0.0,0.0,0.0,0.9999999999986159
test_139_normal_000,1063,0.9565627950851909,0.9601895734506144,0.9529633113739139,0.9872664359847927
test_139_normal_001,855,0.8636871508331638,0.8267379679055964,0.9040935672408877,0.9662283737010848
test_139_normal_002,1137,0.8951817413318041,0.8616761594722403,0.9313984168783519,0.9656747404830925
test_139_normal_003,1076,0.9074573225475856,0.8782608695575804,0.9386617100284512,0.9714878892720118
test_139_normal_004,936,0.9475982532699367,0.9687499999891881,0.9273504273405198,0.9867128027668004
test_139_normal_005,1106,0.9412819363471928,0.9333333333250371,0.9493670885990112,0.9818685121093677
test_139_normal_006,1191,0.935483870963664,0.9728014505804824,0.9009235936112434,0.9795155709329003
test_139_normal_007,902,0.8704181724271016,0.814492753615319,0.9345898004330977,0.9652595155695983
test_139_normal_008,857,0.9372781065033298,0.950780312113436,0.9241540256601616,0.9853287197218197
test_139_normal_009,1311,0.9628210042124844,0.9676425269571061,0.9580472921360943,0.9865743944623023
test_139_normal_010,1009,0.9249512670520227,0.9098753595310656,0.9405351833405299,0.9786851211059119
test_139_normal_011,1092,0.9169230769190465,0.8816568047262752,0.9551282051194586,0.9738408304484791
test_139_normal_012,1344,0.9522017312722914,0.9634424980886258,0.9412202380882351,0.9824221453273599
test_139_normal_013,1099,0.9568014705838382,0.9665738161470143,0.9472247497639016,0.9869896193757965
test_139_normal_014,988,0.8856053384133193,0.8369369369293971,0.9402834008001996,0.9667820069190771
test_139_normal_015,862,0.9244186046457883,0.9265734265626273,0.9222737818918529,0.9820069204138657
test_13_discont_000,2039,0.8715447154447926,0.973955178673689,0.7886218734635183,0.9343944636665268
test_13_discont_001,1744,0.815651694679483,0.7851458885899992,0.8486238532061433,0.9074048442894015
test_13_discont_002,1681,0.8098191214449358,0.7158519872055009,0.9321832242657218,0.8981314878880303
test_13_discont_003,1575,0.8761969904210801,0.9495922905785799,0.8133333333281694,0.9498961937703115
test_13_discont_004,1779,0.6942092786972767,0.8730834752906893,0.5761663856066546,0.8750173010368512
test_13_discont_005,1627,0.14481185860806836,0.9999999999212599,0.07805777504561735,0.7923875432514984
test_13_discont_006,1583,0.18878718535361108,0.9999999999393939,0.10423246999302443,0.8037370242203409
test_13_empty_001,0,0.0,0.0,0.0,0.9999999999986159
test_13_empty_002,0,0.0,0.0,0.0,0.9999999999986159
test_13_empty_005,0,0.0,0.0,0.0,0.8938408304485899
test_13_empty_007,0,0.0,0.0,0.0,0.9999999999986159
test_13_empty_008,0,0.0,0.0,0.0,0.9999999999986159
test_13_empty_009,0,0.0,0.0,0.0,0.8441522491337797
test_13_empty_010,0,0.0,0.0,0.0,0.917093425604267
test_13_empty_011,0,0.0,0.0,0.0,0.9566782006907174
test_13_empty_012,0,0.0,0.0,0.0,0.9076816608983976
test_13_empty_013,0,0.0,0.0,0.0,0.936608996538496
test_13_normal_000,644,0.6307938199220523,0.4801297647974037,0.919254658370819,0.9040830449814476
test_13_normal_001,1627,0.8868952258862964,0.9263721552816174,0.8506453595522395,0.9511418685107943
test_13_normal_002,1813,0.615274291858676,0.8790983606467305,0.4732487589604344,0.8514878892721779
test_13_normal_003,1933,0.9534764826151496,0.9423951490604225,0.964821520946897,0.9748096885799656
test_13_normal_004,1808,0.8835576360418854,0.9378881987519386,0.8351769911458232,0.9449134948083807
test_13_normal_005,1847,0.9399666481352419,0.9657338663565636,0.9155387114189738,0.970103806227031
test_13_normal_006,1619,0.52355072463531,0.9813242784213697,0.3570105003066275,0.8543944636666375
test_13_normal_007,1683,0.8213347346273744,0.7362223268924343,0.928698752222646,0.9058823529399227
test_13_normal_008,2121,0.7459770114921093,0.9551140544447748,0.6119754832597267,0.8776470588223146
test_13_normal_009,1673,0.750329380761692,0.8356566397590929,0.6808129109343646,0.8950865051890725
test_13_normal_010,2617,0.9244724906311882,0.9551752241199871,0.8956820787126646,0.9469896193758519
test_13_normal_011,1748,0.8099787685753451,0.7554455445507157,0.8729977116654863,0.9008996539779919
test_13_normal_012,2064,0.8606693567508648,0.8436482084651297,0.8783914728639614,0.918754325258244
test_13_normal_013,1589,0.7363530778136417,0.9567404426463104,0.598489616106995,0.9057439446354246
test_13_normal_014,1663,0.11877828054231461,0.999999999904762,0.06313890559192341,0.7843598615906099
test_13_normal_015,1992,0.8414023372263734,0.9438202247132097,0.7590361445745029,0.9211072664347113
test_140_discont_000,1216,0.2615493958758952,0.9633507852898768,0.15131578947243984,0.8561937716251126
test_140_discont_001,1072,0.13391304347709643,0.9871794870529258,0.07182835820828519,0.8621453287185299
test_140_discont_002,905,0.5631364562089454,0.522190745981849,0.6110497237501541,0.8812456747392647
test_140_discont_003,1037,0.8892261001472472,0.9351063829687755,0.8476374156138127,0.9696885813135367
test_140_discont_004,1074,0.8099094807012391,0.8292682926748365,0.7914338919851822,0.9447750865038826
test_140_discont_005,917,0.8521843207609086,0.9442970822155928,0.7764449291082176,0.9658131487875906
test_140_discont_006,974,0.8664495113959476,0.9193548386990857,0.8193018480408696,0.9659515570920887
test_140_empty_000,0,0.0,0.0,0.0,0.955847750863729
test_140_empty_003,0,0.0,0.0,0.0,0.9129411764693247
test_140_empty_006,0,0.0,0.0,0.0,0.9759169550159503
test_140_empty_008,0,0.0,0.0,0.0,0.9821453287183638
test_140_empty_009,0,0.0,0.0,0.0,0.8971626297565437
test_140_empty_010,0,0.0,0.0,0.0,0.998200692040141
test_140_empty_011,0,0.0,0.0,0.0,0.982560553631858
test_140_empty_012,0,0.0,0.0,0.0,0.9910034602062409
test_140_empty_015,0,0.0,0.0,0.0,0.9999999999986159
test_140_normal_000,546,0.5547362450337224,0.4018077239079556,0.8956043955879925,0.8913494809676245
test_140_normal_001,987,0.8512261580335083,0.9209905660268751,0.7912867274489231,0.9622145328706405
test_140_normal_002,925,0.8380566801577022,0.7878211227327515,0.895135135125458,0.9557093425592309
test_140_normal_003,736,0.6311061201536715,0.5377990430570546,0.7635869565113643,0.9090657439433785
test_140_normal_004,909,0.7803532008786956,0.7829457364254381,0.7777777777692214,0.9449134948083807
test_140_normal_005,965,0.7611450023427445,0.6955403087418908,0.8404145077633117,0.929550173009094
test_140_normal_006,977,0.9034666666618483,0.9432071269382716,0.8669396110453742,0.9749480968844637
test_140_normal_007,899,0.8844492440556996,0.8593913955838469,0.9110122358074415,0.9703806228360272
test_140_normal_008,663,0.6023500309177344,0.5104821802881501,0.7345399698230084,0.9110034602063516
test_140_normal_009,612,0.5238663484455617,0.4125939849585283,0.7173202614261875,0.8895501730091494
test_140_normal_010,929,0.8261102193642264,0.8212765957359438,0.8310010764173197,0.9550173010367404
test_140_normal_011,998,0.8899420747715117,0.9378468368375378,0.8466933867650632,0.9710726643585176
test_140_normal_012,981,0.7961904761866848,0.7470956210835827,0.8521916411737799,0.9407612456734384
test_140_normal_013,931,0.8238238238197007,0.7713214620358827,0.8839957035350806,0.9512802768152924
test_141_discont_000,961,0.7030213706680066,0.5442099258383103,0.9927159209053827,0.8884429065731648
test_141_discont_001,266,0.4128440366877788,0.5294117646747405,0.33834586464893435,0.9645674740471079
test_141_discont_002,835,0.7823800131441001,0.8673469387628666,0.7125748502908673,0.954186851209752
test_141_discont_003,449,0.7258687258593839,0.8597560975347636,0.6280623607877936,0.9705190311405253
test_141_discont_004,1034,0.7970188513774791,0.7289494787431521,0.879110251442175,0.9359169550160057
test_141_discont_005,948,0.7326035965569484,0.5819875776361367,0.9883966244621477,0.9053287197219304
test_141_discont_006,1550,0.885111740633034,0.8641671788514803,0.9070967741876962,0.9494809688568173
test_141_discont_007,358,0.6998341625091238,0.8612244897607663,0.5893854748438719,0.9749480968844637
test_141_empty_001,0,0.0,0.0,0.0,0.9999999999986159
test_141_empty_002,0,0.0,0.0,0.0,0.938131487887975
test_141_empty_005,0,0.0,0.0,0.0,0.9999999999986159
test_141_empty_008,0,0.0,0.0,0.0,0.9999999999986159
test_141_empty_009,0,0.0,0.0,0.0,0.9999999999986159
test_141_empty_010,0,0.0,0.0,0.0,0.9802076124553907
test_141_normal_000,1619,0.9169696969669183,0.9000594883944077,0.9345274860967603,0.9620761245661424
test_141_normal_001,1076,0.8254113345483299,0.8120503597049277,0.8392193308472192,0.94712802768035
test_141_normal_002,1280,0.9191959006664596,0.9276054096982689,0.9109374999928834,0.9716262975765099
test_141_normal_003,656,0.6757235676274322,0.5515911282492615,0.8719512194989032,0.9240138408291709
test_141_normal_004,898,0.8539848749223155,0.8940316686858217,0.8173719376300961,0.9652595155695983
test_141_normal_005,614,0.8472821397683583,0.90091743117613,0.7996742670879532,0.9755017301024561
test_141_normal_006,808,0.719928186711311,0.5647887323903888,0.9925742574134583,0.9136332179918151
test_141_normal_007,1163,0.8064250411828401,0.7739130434721431,0.8417884780667086,0.9349480968845191
test_141_normal_008,1159,0.7748091603023862,0.6947296372300156,0.8757549611658694,0.9183391003447497
test_141_normal_009,1537,0.9172501591313901,0.8978193146361507,0.9375406636243492,0.9640138408291156
test_141_normal_010,982,0.8852300242087883,0.8439519852184308,0.930753564145308,0.9671972318325713
test_141_normal_011,1629,0.9323262839850988,0.9179060083229156,0.9472068753778564,0.9689965397910464
test_141_normal_012,1152,0.8189935064901827,0.7690548780429188,0.8758680555479527,0.938269896192473
test_141_normal_013,1035,0.8564547206124449,0.853986551384688,0.858937198059334,0.9587543252581886
test_141_normal_014,830,0.6520806520778547,0.5063291139206774,0.9156626505913775,0.8877508650506744
test_141_normal_015,1526,0.8661815881022898,0.837308868496408,0.897116644817188,0.9414532871959288
test_142_discont_000,688,0.0,0.0,0.0,0.904775086503938
test_142_discont_001,905,0.6017579445530645,0.7752613240283055,0.49171270717688714,0.9184775086492478
test_142_discont_002,1632,0.5868694955941278,0.8464203233158611,0.44914215685999304,0.8571626297565991
test_142_discont_003,966,0.3968088796378883,0.2983828899306292,0.5921325051698537,0.7593079584764577
test_142_empty_000,0,0.0,0.0,0.0,0.9999999999986159
test_142_empty_001,0,0.0,0.0,0.0,0.9519723183377827
test_142_empty_003,0,0.0,0.0,0.0,0.9159861591682824
test_142_empty_005,0,0.0,0.0,0.0,0.9999999999986159
test_142_empty_006,0,0.0,0.0,0.0,0.9831141868498504
test_142_empty_007,0,0.0,0.0,0.0,0.9999999999986159
test_142_normal_000,991,0.7664399092935763,0.6960461284950903,0.8526740665907904,0.9287197231821056
test_142_normal_001,1033,0.5048010973913818,0.4783362218329434,0.5343659244865986,0.8501038062271971
test_142_normal_002,980,0.7163299663269515,0.6095988538638282,0.8683673469299146,0.9067128027669111
test_142_normal_003,1012,0.5283203124974203,0.5222007721957317,0.5345849802318717,0.8662975778534723
test_143_discont_000,1683,0.7495559502637672,0.9319787985783395,0.626856803323667,0.9024221453274707
test_143_discont_001,834,0.7263464337647283,0.9240740740569616,0.5983213429184854,0.9479584775073385
test_143_discont_002,1700,0.7077608614901308,0.9597180261736181,0.5605882352908201,0.8910726643586283
test_143_discont_003,965,0.6362633321050524,0.49315849486605956,0.8963730569855298,0.8631141868500165
test_143_discont_004,2076,0.8712343375076746,0.9755223880538776,0.787090558763068,0.9331487889260441
test_143_discont_005,1287,0.7387988560498627,0.9556103575714474,0.6021756021709234,0.924152249133669
test_143_discont_006,1411,0.8118633912498147,0.7031655422900718,0.9603118355707987,0.9130795847738228
test_143_discont_007,1498,0.8779683377279751,0.8676662320673556,0.8885180240261115,0.948788927334327
test_143_empty_003,0,0.0,0.0,0.0,0.9988927335626313
test_143_empty_006,0,0.0,0.0,0.0,0.8477508650507297
test_143_empty_008,0,0.0,0.0,0.0,0.9562629757772232
test_143_empty_009,0,0.0,0.0,0.0,0.9307958477495768
test_143_normal_000,1392,0.9494219653144891,0.9549418604581764,0.943965517234598,0.980622837368885
test_143_normal_001,1409,0.8765630009590364,0.7994152046736877,0.9701916252592606,0.9467128027668558
test_143_normal_002,1249,0.940617577193426,0.9303054032816734,0.951160928735379,0.9792387543239042
test_143_normal_003,1149,0.953206239163981,0.9490940465837008,0.9573542210534609,0.9850519031128234
test_143_normal_004,1376,0.9530447542151392,0.9622222222150947,0.9440406976675579,0.9822837370228619
test_143_normal_005,1169,0.7920863309324025,0.6834264431987374,0.9418306244572984,0.9199999999987266
test_143_normal_006,1289,0.9172185430425612,0.9831410825112411,0.8595810705906938,0.9723183390990002
test_143_normal_007,1450,0.8361887586389054,0.7410761853982895,0.9593103448209703,0.9245674740471632
test_143_normal_008,1292,0.9492808478389505,0.9288888888820083,0.9705882352866054,0.9814532871958734
test_143_normal_009,1319,0.9453572793238618,0.9530046224888059,0.9378316906676435,0.9802076124553907
test_143_normal_010,1207,0.8021238938024704,0.7002472187843001,0.9386909693377077,0.9226297577841901
test_143_normal_011,1295,0.8734313373937848,0.81526104417125,0.9405405405332777,0.9511418685107943
test_143_normal_012,1241,0.9333333333295394,0.9417555373179513,0.9250604351255032,0.977301038060931
test_143_normal_013,1452,0.9132690882101065,0.9887640449358848,0.848484848479005,0.9676124567460656
test_143_normal_014,1253,0.9533516268092774,0.936825885971211,0.9704708699044656,0.9835294117633446
test_143_normal_015,1411,0.827479975351733,0.7318801089878372,0.9518072289089171,0.922491349479692
test_144_discont_000,407,0.32641770400655024,0.37341772150717034,0.2899262899191664,0.9325951557080517
test_144_discont_001,756,0.7640138408251625,0.8011611030362676,0.730158730149072,0.9528027681647713
test_144_discont_002,409,0.44628099172939006,0.5110410094476012,0.3960880195502179,0.9443598615903884
test_144_discont_003,954,0.7658565500843755,0.8813096862089862,0.6771488469530698,0.945328719721875
test_144_discont_004,783,0.686856450631818,0.6532258064440872,0.7241379310252345,0.9284429065731095
test_144_discont_005,1504,0.8012568735239542,0.9788867562286097,0.678191489357193,0.9299653979225883
test_144_discont_006,929,0.8813382122274891,0.8567073170644643,0.9074273412173581,0.9685813148775522
test_144_discont_007,1574,0.9187965059821456,0.9360580092225705,0.9021601016461108,0.9652595155695983
test_144_empty_000,0,0.0,0.0,0.0,0.9774394463654291
test_144_empty_001,0,0.0,0.0,0.0,0.9263667820056383
test_144_empty_003,0,0.0,0.0,0.0,0.9800692041508926
test_144_normal_000,814,0.7686075949328173,0.653746770020209,0.9324324324209775,0.9367474048429941
test_144_normal_001,1045,0.8138766519778972,0.9584954604285538,0.7071770334860558,0.9532179930782655
test_144_normal_002,1505,0.8497576736644596,0.8270440251520312,0.8737541528181146,0.9356401384070095
test_144_normal_003,837,0.8346085932852584,0.8225058004544953,0.8470728793208235,0.9611072664346559
test_144_normal_004,1474,0.962885882757673,0.9850958126260817,0.9416553595594189,0.9851903114173215
test_144_normal_005,1210,0.8025108643128802,0.9651567944138774,0.6867768594984565,0.9433910034589019
test_144_normal_006,1114,0.9456668163406122,0.9460916441963515,0.945242369829935,0.9832525951543485
test_144_normal_007,1254,0.82461538461176,0.9187071498440871,0.748006379579362,0.9447750865038826
test_144_normal_008,1546,0.8810541310509934,0.980190174318699,0.8001293661009048,0.9537716262962578
test_144_normal_009,1413,0.9303775545516787,0.911126187239409,0.9504600141475552,0.9721799307945022
test_144_normal_010,1299,0.9204819277071467,0.9622166246770596,0.8822170900624926,0.9725951557079964
test_144_normal_011,886,0.8772656654537687,0.8105263157817175,0.9559819412984653,0.9671972318325713
test_144_normal_012,1248,0.8537127612234162,0.9590409590313782,0.7692307692246055,0.9544636678187481
test_144_normal_013,777,0.8831003811887986,0.8720200752713674,0.8944658944543826,0.9745328719709695
test_144_normal_014,1483,0.9658236500308756,0.9792099792031933,0.952798381652375,0.9861591695488081
test_144_normal_015,1569,0.8957800511480314,0.8986529826754417,0.8929254302046341,0.9548788927322424
test_145_discont_000,824,0.6422167889108215,0.9776674937722662,0.4781553398000224,0.9392387543239595
test_145_discont_001,836,0.7400651465749833,0.8125894134361575,0.6794258373124471,0.9447750865038826
test_145_discont_002,548,0.11884550084687868,0.8536585363771564,0.06386861313752064,0.9281660899641133
test_145_discont_003,1039,0.46146195922197186,0.47736625513912173,0.44658325312370956,0.8501038062271971
test_145_discont_004,1217,0.22189781021735844,0.9934640522226493,0.12489728841310685,0.8524567474036644
test_145_discont_005,857,0.6773255813904264,0.8978805394817364,0.5437572928758021,0.9385467128014692
test_145_discont_006,559,0.0,0.0,0.0,0.9226297577841901
test_145_discont_007,559,0.0,0.0,0.0,0.9226297577841901
test_145_empty_001,0,0.0,0.0,0.0,0.9374394463654845
test_145_empty_002,1127,0.6683848797222148,0.6477935054067628,0.6903283052290122,0.8931487889260995
test_145_empty_003,0,0.0,0.0,0.0,0.851764705881174
test_145_empty_004,0,0.0,0.0,0.0,0.9998615916941178
test_145_empty_005,0,0.0,0.0,0.0,0.9999999999986159
test_145_empty_009,0,0.0,0.0,0.0,0.8433217993067913
test_145_empty_010,0,0.0,0.0,0.0,0.8231141868500719
test_145_empty_012,1412,0.552437223040116,0.9063004846380243,0.3973087818668746,0.8741868512098627
test_145_normal_000,559,0.47883211678599114,0.3288770053453952,0.8801431126855073,0.851764705881174
test_145_normal_001,527,0.8568994889194472,0.7774343121981849,0.954459203017942,0.9767474048429388
test_145_normal_002,546,0.8334849863436444,0.828209764903649,0.8388278388124757,0.9746712802754676
test_145_normal_003,497,0.8060836501824518,0.7639639639501988,0.8531187122564765,0.9717647058810079
test_145_normal_004,506,0.8100289295968175,0.7909604519625054,0.8300395256752956,0.9727335640124946
test_145_normal_005,490,0.8290062667786123,0.738437001583119,0.9448979591643898,0.973564013839483
test_145_normal_006,587,0.8823070927444872,0.8132183907929135,0.9642248722152602,0.9791003460194061
test_146_discont_000,547,0.3092880716628511,0.20838627699994675,0.5996343692760578,0.7972318339089312
test_146_empty_000,0,0.0,0.0,0.0,0.9999999999986159
test_146_empty_001,0,0.0,0.0,0.0,0.9999999999986159
test_146_empty_002,0,0.0,0.0,0.0,0.9226297577841901
test_146_empty_003,0,0.0,0.0,0.0,0.9999999999986159
test_146_empty_004,0,0.0,0.0,0.0,0.9999999999986159
test_146_empty_006,0,0.0,0.0,0.0,0.9999999999986159
test_146_empty_008,0,0.0,0.0,0.0,0.9999999999986159
test_146_empty_011,0,0.0,0.0,0.0,0.9999999999986159
test_146_empty_012,0,0.0,0.0,0.0,0.9999999999986159
test_146_empty_015,0,0.0,0.0,0.0,0.9999999999986159
test_146_empty_016,0,0.0,0.0,0.0,0.773979238753254
test_146_empty_017,0,0.0,0.0,0.0,0.9999999999986159
test_146_empty_018,0,0.0,0.0,0.0,0.9569550172997136
test_147_discont_000,1097,0.8033088235257201,0.8100092678330861,0.7967183226910054,0.9407612456734384
test_147_discont_001,2307,0.6438551468473229,0.9408333333254931,0.48938014737542535,0.8271280276805161
test_147_discont_002,1068,0.7368932038799181,0.7651209677342226,0.7106741572967166,0.9249826989606574
test_147_discont_003,1080,0.8955823293127733,0.978070175427872,0.8259259259182785,0.9712110726630157
test_147_discont_004,808,0.7259259259210376,0.7961595273146801,0.6670792079125362,0.9436678200678981
test_147_discont_005,902,0.1676528599588989,0.75892857136081,0.09423503325837877,0.8831833910022379
test_147_discont_006,894,0.8151419558308194,0.9348769898562246,0.7225950782916936,0.959446366780679
test_147_discont_007,748,0.0,0.0,0.0,0.8964705882340533
test_147_empty_000,0,0.0,0.0,0.0,0.9918339100332293
test_147_empty_001,35,0.0327868852457163,0.016724336793444497,0.8285714283346939,0.763183391002404
test_147_empty_005,0,0.0,0.0,0.0,0.9999999999986159
test_147_empty_007,0,0.0,0.0,0.0,0.9880968858117812
test_147_empty_011,0,0.0,0.0,0.0,0.9999999999986159
test_147_normal_000,880,0.5581232492977657,0.40334008096961876,0.9056818181715264,0.825328719722041
test_147_normal_001,1173,0.865209471762909,0.9286412512128187,0.8098891730536242,0.9590311418671847
test_147_normal_002,1466,0.8212782242601558,0.9354838709595861,0.7319236016321151,0.9353633217980134
test_147_normal_003,1335,0.883024812914994,0.931063122915855,0.8397003745255454,0.9588927335626867
test_147_normal_004,1427,0.8333333333300577,0.9489704565716297,0.7428170988034841,0.9413148788914307
test_148_discont_000,1088,0.6906558328456723,0.937007874000992,0.5468749999949736,0.9262283737011402
test_148_discont_001,1537,0.6287683031842,0.9299363057206378,0.4749512036403712,0.8806920415212725
test_148_discont_002,1450,0.7811124449748655,0.9304099141951344,0.67310344827122,0.9242906574381671
test_148_discont_003,1326,0.6700949367062101,0.7046589018244206,0.6387631975819098,0.8845674740472186
test_148_discont_004,505,0.6931155192451212,0.8437499999760298,0.5881188118695422,0.9635986159156213
test_148_discont_005,744,0.6948436179146675,0.9362186787941635,0.5524193548312847,0.9500346020748096
test_148_discont_006,1017,0.6145038167899841,0.8702702702545897,0.47492625368264574,0.9161245674727805
test_148_discont_007,1601,0.8413701363457221,0.8997155049722638,0.7901311680150523,0.9339792387530326
test_148_empty_000,0,0.0,0.0,0.0,0.9987543252581332
test_148_empty_001,0,0.0,0.0,0.0,0.9893425605522639
test_148_empty_003,0,0.0,0.0,0.0,0.9999999999986159
test_148_empty_006,0,0.0,0.0,0.0,0.9516955017287866
test_148_empty_008,0,0.0,0.0,0.0,0.9925259515557197
test_148_empty_010,1557,0.7214964370524897,0.670900055214407,0.7803468208042368,0.8701730103794184
test_148_normal_000,1491,0.9390534559041912,0.9536652835342071,0.9248826291017782,0.9752249134934599
test_148_normal_001,1261,0.9337060702838111,0.9404666130254187,0.9270420301274621,0.9770242214519349
test_148_normal_002,1734,0.8866041729637538,0.9319771137893709,0.8454440599720563,0.9480968858118366
test_149_discont_000,793,0.6564784053112527,0.6938202247093564,0.6229508196642756,0.9284429065731095
test_149_discont_001,1237,0.010115606936343096,0.04761904761580823,0.005658852061393219,0.8103806228362486
test_149_discont_002,664,0.10378681626782908,0.7551020406622241,0.05572289156542586,0.9115570934243439
test_149_discont_003,1772,0.8892078071157027,0.9047897196208833,0.8741534988663987,0.9465743944623577
test_149_discont_004,414,0.0,0.0,0.0,0.9426989619364115
test_149_discont_005,440,0.2399999999952,0.9999999998333333,0.1363636363605372,0.9474048442893461
test_149_discont_006,685,0.6269315673243052,0.6320474777354296,0.6218978102098993,0.9298269896180902
test_149_discont_007,1154,0.7882352941140804,0.8248106060527954,0.7547660311893002,0.9352249134935152
test_149_empty_001,0,0.0,0.0,0.0,0.9667820069190771
test_149_empty_004,0,0.0,0.0,0.0,0.989480968856762
test_149_empty_006,0,0.0,0.0,0.0,0.9940484429051986
test_149_empty_008,0,0.0,0.0,0.0,0.9987543252581332
test_149_empty_009,0,0.0,0.0,0.0,0.9968166089951601
test_149_empty_011,0,0.0,0.0,0.0,0.9802076124553907
test_149_empty_012,0,0.0,0.0,0.0,0.9685813148775522
test_149_empty_013,0,0.0,0.0,0.0,0.9958477508636736
test_149_normal_000,1303,0.8969790859763866,0.9053948397114513,0.8887183422802094,0.9631833910021271
test_149_normal_001,1111,0.8888888888849383,0.8779631255410189,0.9000900089927986,0.9653979238740964
test_149_normal_002,603,0.6008629989180104,0.4452438049524761,0.9237147595203364,0.8975778546700379
test_149_normal_003,1119,0.9184549356183758,0.8835672997449747,0.9562109025830545,0.9737024221439811
test_149_normal_004,1189,0.9366053169695845,0.911624203814398,0.9629941126916486,0.9785467128014138
test_149_normal_005,1187,0.729400292536668,0.8657407407307206,0.6301600673914899,0.9231833910021825
test_149_normal_006,1113,0.9168126094530787,0.8941076003339531,0.9407008086168851,0.9737024221439811
test_149_normal_007,913,0.7828492392771653,0.6759554140073571,0.9299014238671424,0.934809688580021
test_149_normal_008,1156,0.870069605565081,0.7867132867077853,0.9731833909950418,0.9534948096872616
test_149_normal_009,1282,0.92006394883725,0.9434426229430867,0.8978159126295023,0.9723183390990002
test_149_normal_010,1198,0.8188405797064364,0.8950495049416332,0.7545909849686596,0.9446366781993846
test_149_normal_011,1141,0.9134125636633557,0.8855967078116412,0.9430324276867396,0.9717647058810079
test_149_normal_012,1281,0.6996268656683786,0.8690614136631627,0.5854800936722445,0.9108650519018535
test_14_discont_000,827,0.7408450704190571,0.6055257098955831,0.9540507859618615,0.9235986159156767
test_14_discont_001,1091,0.5084976206627567,0.9842105262898891,0.34280476626633544,0.8999307958465053
test_14_discont_002,1547,0.8733191790485728,0.964816262697695,0.797672915314818,0.9504498269883039
test_14_discont_003,1631,0.7752631578926967,0.6791147994436186,0.9031269159969153,0.881799307957257
test_14_discont_004,1800,0.816102470262836,0.904665314395506,0.7433333333292037,0.9165397923862747
test_14_discont_005,1464,0.7092463923016856,0.5825285337990231,0.9064207650211311,0.8494117647047067
test_14_discont_006,1285,0.7421324565488863,0.9360189573348813,0.6147859922131146,0.9240138408291709
test_14_discont_007,1945,0.8487696986429396,0.9180622009514471,0.7892030848288474,0.9242906574381671
test_14_empty_001,0,0.0,0.0,0.0,0.8564705882341087
test_14_empty_002,0,0.0,0.0,0.0,0.9928027681647159
test_14_empty_003,0,0.0,0.0,0.0,0.9936332179917043
test_14_empty_004,0,0.0,0.0,0.0,0.977162629756433
test_14_empty_006,0,0.0,0.0,0.0,0.9522491349467789
test_14_empty_007,0,0.0,0.0,0.0,0.9824221453273599
test_14_empty_010,0,0.0,0.0,0.0,0.9979238754311448
test_14_normal_000,1407,0.8691376701933845,0.9288601455058298,0.8166311300581619,0.9521107266422808
test_14_normal_001,2275,0.7847543511769448,0.7866607773816844,0.7828571428537018,0.8647750865039934
test_14_normal_002,505,0.3026315789423909,0.8932038834084268,0.1821782178181747,0.9413148788914307
test_14_normal_003,571,0.7292181069898831,0.6878881987470825,0.7758318738918418,0.9544636678187481
test_14_normal_004,1711,0.7323651452256834,0.8966977137942702,0.6189362945609648,0.8928719723171034
test_14_normal_005,1537,0.7689450222854052,0.8961038960961377,0.6733897202298413,0.9139100346008112
test_14_normal_006,667,0.6359175662351726,0.9204545454283961,0.4857571214319976,0.9486505190298289
test_14_normal_007,2180,0.8599316739852125,0.9186652763247203,0.8082568807302374,0.920553633216719
test_14_normal_008,1551,0.9241101410311481,0.9642606867486738,0.887169568014912,0.9687197231820502
test_14_normal_009,1861,0.8449502133688622,0.8978234582775223,0.7979580870456854,0.9245674740471632
test_14_normal_010,648,0.647887323937144,0.930635838123392,0.49691358023924515,0.9515570934242885
test_14_normal_011,1359,0.8546325878560119,0.934497816585725,0.7873436350199607,0.9496193771613154
test_14_normal_012,2219,0.9017961278262147,0.9347195357788457,0.8711131140113966,0.941730103804925
test_14_normal_013,1880,0.831079136688256,0.9053291535993397,0.7680851063788932,0.918754325258244
test_14_normal_014,754,0.6521060842382832,0.791666666651673,0.5543766578175812,0.938269896192473
test_14_normal_015,2044,0.7853610286825288,0.79399999999603,0.7769080234795651,0.8798615916942839
test_150_discont_000,1177,0.4644776119375255,0.7811244979762826,0.3305012744237001,0.8758477508638397
test_150_discont_001,1008,0.26885245901418975,0.7735849056238875,0.16269841269679863,0.8765397923863301
test_150_discont_002,1355,0.7702750982466229,0.7465373961167138,0.7955719557136859,0.9110034602063516
test_150_discont_003,2039,0.8766769865818456,0.9248775176868543,0.833251593914501,0.9338408304485345
test_150_discont_004,1747,0.9197035206889448,0.9986586183702304,0.8523182598691912,0.9640138408291156
test_150_discont_005,1996,0.8960212201567745,0.9520856820690413,0.8461923847652997,0.9457439446353693
test_150_discont_006,1261,0.8020384163041865,0.7930232558078061,0.8112609040379758,0.9301038062270863
test_150_discont_007,1780,0.9493139176674621,0.946398659961215,0.9522471910058863,0.9749480968844637
test_150_empty_000,0,0.0,0.0,0.0,0.925813148787646
test_150_empty_001,0,0.0,0.0,0.0,0.9959861591681717
test_150_empty_002,0,0.0,0.0,0.0,0.9969550172996582
test_150_empty_004,0,0.0,0.0,0.0,0.9770242214519349
test_150_empty_005,0,0.0,0.0,0.0,0.9892041522477658
test_150_empty_006,0,0.0,0.0,0.0,0.9799307958463945
test_150_empty_008,0,0.0,0.0,0.0,0.9656747404830925
test_150_empty_009,0,0.0,0.0,0.0,0.8788927335627974
test_150_empty_010,0,0.0,0.0,0.0,0.9893425605522639
test_150_normal_000,2186,0.932210899421949,0.9037800687246401,0.9624885635820564,0.9576470588222039
test_150_normal_001,915,0.891975308637387,0.8425655976594504,0.9475409835962018,0.9709342560540195
test_150_normal_002,2444,0.8961869076462504,0.9713330148066349,0.8318330605530613,0.934809688580021
test_150_normal_003,1926,0.9200492004897416,0.874240299201149,0.9709241952182196,0.9550173010367404
test_150_normal_004,1934,0.8808080808055389,0.9967341606727843,0.7890382626639657,0.9428373702409096
test_150_normal_005,2184,0.958820776787649,0.9803827751149264,0.9381868131825175,0.9756401384069542
test_150_normal_006,1849,0.8703703703682496,0.7920177383556896,0.9659275283885024,0.9263667820056383
test_150_normal_007,1813,0.937499999997262,0.9962756052079685,0.8852730281252881,0.9703806228360272
test_150_normal_008,1942,0.9754697285987071,0.9888888888836568,0.9624098867097713,0.9869896193757965
test_150_normal_009,2025,0.7957181088290345,0.9999999999925262,0.6607407407374779,0.9049134948084361
test_150_normal_010,1327,0.906823184149278,0.8834882058550144,0.931424265252966,0.964844290656104
test_150_normal_011,2201,0.968944099376653,0.9813606710112704,0.9568378009951984,0.9813148788913754
test_150_normal_012,1780,0.9599772920778883,0.970166379799368,0.949999999994663,0.9804844290643869
test_150_normal_013,2090,0.8322033898287453,0.7467680608336625,0.9397129186557909,0.890380622836138
test_150_normal_014,1900,0.9161947904843822,0.9914215686213762,0.8515789473639391,0.9590311418671847
test_150_normal_015,2261,0.9275607180550632,0.8876313662049813,0.9712516585538645,0.952525951555775
test_151_discont_000,1571,0.8671848597469849,0.9243515850077497,0.8166772756154254,0.9456055363308712
test_151_discont_001,550,0.8790459965853574,0.8269230769098249,0.9381818181647603,0.9803460207598889
test_151_discont_002,479,0.725602755445171,0.8061224489590275,0.6597077244121147,0.9669204152235752
test_151_discont_003,1421,0.7917105725297096,0.7903225806396191,0.7931034482702808,0.9179238754312555
test_151_discont_004,808,0.7923697725547149,0.9729729729554419,0.6683168316748971,0.9608304498256598
test_151_discont_005,1079,0.8136679124355918,0.9596977329853942,0.70620945319086,0.9516955017287866
test_151_discont_006,949,0.9033217649930426,0.8529962546736611,0.9599578503586937,0.9730103806214907
test_151_discont_007,1648,0.8451242829804831,0.7685047193205737,0.9387135922273137,0.9215224913482055
test_151_empty_002,0,0.0,0.0,0.0,0.9999999999986159
test_151_empty_003,0,0.0,0.0,0.0,0.9411764705869327
test_151_empty_004,0,0.0,0.0,0.0,0.9999999999986159
test_151_empty_005,0,0.0,0.0,0.0,0.9999999999986159
test_151_empty_006,0,0.0,0.0,0.0,0.9910034602062409
test_151_empty_007,0,0.0,0.0,0.0,0.9973702422131524
test_151_empty_009,0,0.0,0.0,0.0,0.9988927335626313
test_151_normal_000,1547,0.9634804699874135,0.9469413233399068,0.9806076276601124,0.9840830449813369
test_151_normal_001,1278,0.954597481873504,0.9314966492856925,0.9788732394289604,0.9835294117633446
test_151_normal_002,1193,0.9112282124000356,0.8822605965393858,0.9421626152477607,0.9696885813135367
test_151_normal_003,1475,0.8822585819670123,0.8373934226501987,0.9322033898241885,0.9492041522478212
test_151_normal_004,954,0.8931372548975827,0.8388581952040621,0.9549266247279358,0.9698269896180348
test_151_normal_005,1967,0.9613259668484145,0.9498759305163779,0.9730554143316062,0.9786851211059119
test_151_normal_006,1780,0.793349168643987,0.74813339969762,0.8443820224671664,0.8916262975766206
test_151_normal_007,2010,0.9469528744116779,0.9393049437056324,0.9547263681544541,0.9702422145315291
test_151_normal_008,1447,0.9568493150652163,0.9484046164226179,0.9654457498205568,0.982560553631858
test_151_normal_009,1005,0.8743315507982428,0.7917675544730286,0.976119402975362,0.9609688581301579
test_151_normal_010,1812,0.9590321693677233,0.9556164383509281,0.9624724061757038,0.9793771626284022
test_151_normal_011,1486,0.7783663228302806,0.6644455021386747,0.939434724085199,0.8899653979226436
test_151_normal_012,1635,0.9455761629645923,0.9401451027754526,0.9510703363856204,0.9752249134934599
test_151_normal_013,1594,0.9332096474924761,0.9201219512139017,0.9466750313616897,0.970103806227031
test_151_normal_014,2069,0.9586737145580042,0.9531772575205295,0.9642339294298491,0.9761937716249465
test_151_normal_015,1429,0.9460953697272078,0.9344709897547135,0.9580125962144297,0.9784083044969157
test_152_discont_000,916,0.842999999995785,0.7776752767455934,0.9203056768458482,0.9565397923862193
test_152_discont_001,413,0.0,0.0,0.0,0.9428373702409096
test_152_discont_002,593,0.37437005039462073,0.23798627002179412,0.8768971332061232,0.7594463667809558
test_152_discont_003,957,0.6573074154044014,0.5013728720455718,0.9540229884957783,0.8682352941164454
test_152_discont_004,634,0.8075201432335943,0.9337474119889493,0.7113564668657515,0.9702422145315291
test_152_discont_005,1003,0.718773373220947,0.5751047277045177,0.9581256231210555,0.8959169550160611
test_152_discont_006,561,0.7690700104412845,0.9292929292694623,0.6559714794891983,0.9694117647045406
test_152_empty_001,0,0.0,0.0,0.0,0.9969550172996582
test_152_empty_002,0,0.0,0.0,0.0,0.978961937714908
test_152_empty_004,0,0.0,0.0,0.0,0.9094809688568727
test_152_empty_005,0,0.0,0.0,0.0,0.9263667820056383
test_152_empty_006,0,0.0,0.0,0.0,0.8438754325247836
test_152_empty_007,0,0.0,0.0,0.0,0.9175086505177612
test_152_empty_008,0,0.0,0.0,0.0,0.8752941176458473
test_152_empty_009,0,0.0,0.0,0.0,0.9587543252581886
test_152_empty_010,0,0.0,0.0,0.0,0.9999999999986159
test_152_empty_011,0,0.0,0.0,0.0,0.9999999999986159
test_152_empty_012,0,0.0,0.0,0.0,0.9849134948083254
test_152_normal_000,630,0.7785977859706772,0.9295154184817287,0.6698412698306374,0.9667820069190771
test_152_normal_001,906,0.915917503961312,0.8791878172499574,0.9558498896141738,0.9779930795834215
test_152_normal_002,566,0.9016393442540835,0.9304511278020592,0.8745583038714743,0.9850519031128234
test_152_normal_003,770,0.8563611491049498,0.9046242774435748,0.8129870129764547,0.9709342560540195
test_152_normal_004,780,0.8771929824499847,0.9689922480469924,0.8012820512717784,0.9757785467114523
test_152_normal_005,635,0.8371681415855119,0.9555555555362514,0.744881889752049,0.9745328719709695
test_152_normal_006,604,0.7746883988420452,0.9202733484983993,0.6688741721743564,0.9674740484415675
test_152_normal_007,796,0.7468879668011054,0.6360424028212365,0.9045226130539633,0.9324567474035537
test_152_normal_008,1008,0.7060539751980086,0.5582468281398025,0.9603174603079333,0.8884429065731648
test_152_normal_009,630,0.8306104901046379,0.906191369589002,0.7666666666544973,0.9727335640124946
test_152_normal_010,764,0.9027291812393091,0.9699248120154899,0.8442408376852848,0.9807612456733831
test_152_normal_011,711,0.7467588591119555,0.9686098654491343,0.6075949367003152,0.959446366780679
test_152_normal_012,593,0.8989361702047968,0.9476635513841558,0.85497470487597,0.984221453285835
test_152_normal_013,839,0.8496283590574636,0.8164835164745441,0.8855780691193614,0.9635986159156213
test_152_normal_014,549,0.8207171314659291,0.9054945054746045,0.7504553733925236,0.9750865051889618
test_152_normal_015,970,0.7485806974827715,0.6169786096215443,0.9515463917427676,0.9141868512098074
test_153_discont_000,1098,0.0,0.0,0.0,0.8191003460196276
test_153_discont_001,1495,0.7736131934003988,0.879795396411937,0.6903010033398642,0.9164013840817766
test_153_discont_002,875,0.0,0.0,0.0,0.8788927335627974
test_153_discont_003,1760,0.8084656084634697,0.7564356435606118,0.8681818181768853,0.8997923875420072
test_153_discont_004,1781,0.5088282503992423,0.8917018283981476,0.3559797866347222,0.8305882352929681
test_153_discont_005,1878,0.6657524854279543,0.9345524542739697,0.5170394036181202,0.8650519031129895
test_153_empty_000,0,0.0,0.0,0.0,0.9999999999986159
test_153_empty_001,0,0.0,0.0,0.0,0.970103806227031
test_153_empty_003,0,0.0,0.0,0.0,0.9999999999986159
test_153_empty_005,0,0.0,0.0,0.0,0.9820069204138657
test_153_empty_006,0,0.0,0.0,0.0,0.8628373702410203
test_153_empty_007,0,0.0,0.0,0.0,0.9961245674726698
test_153_empty_008,0,0.0,0.0,0.0,0.9615224913481502
test_153_empty_009,0,0.0,0.0,0.0,0.9999999999986159
test_153_empty_011,0,0.0,0.0,0.0,0.9725951557079964
test_153_empty_012,0,0.0,0.0,0.0,0.9462975778533615
test_153_normal_000,1451,0.9155033063889952,0.9803304484580619,0.8587181254248194,0.968166089964058
test_153_normal_001,1540,0.9397670549053585,0.9638225255906907,0.9168831168771632,0.9749480968844637
test_153_normal_002,1517,0.9295967190672263,0.9652235628036535,0.8965062623540112,0.9714878892720118
test_154_discont_000,1083,0.7140454163132295,0.6555984555933931,0.7839335179983017,0.9058823529399227
test_154_discont_001,1704,0.9623480581056557,0.9724385859738021,0.9524647887268048,0.9824221453273599
test_154_discont_002,755,0.9058487874400439,0.9814528593356808,0.8410596026378667,0.9817301038048696
test_154_discont_003,1856,0.9343936381683204,0.9879879879820542,0.8863146551676384,0.9680276816595599
test_154_discont_004,715,0.9074355083390939,0.991708126020038,0.836363636351939,0.9831141868498504
test_154_discont_005,1503,0.9475431606874252,0.9456593770646412,0.9494344643982074,0.9781314878879196
test_154_discont_006,1009,0.9141965678579606,0.9617067833592811,0.871159563916044,0.977162629756433
test_154_empty_000,0,0.0,0.0,0.0,0.9999999999986159
test_154_empty_001,0,0.0,0.0,0.0,0.9999999999986159
test_154_empty_003,0,0.0,0.0,0.0,0.9984775086491371
test_154_empty_005,0,0.0,0.0,0.0,0.9999999999986159
test_154_empty_007,0,0.0,0.0,0.0,0.9999999999986159
test_154_normal_000,1296,0.9596958174868453,0.946026986499655,0.9737654320912519,0.9853287197218197
test_154_normal_001,1780,0.9213281483669719,0.9852847088868505,0.8651685393209823,0.9635986159156213
test_154_normal_002,845,0.9227193492102108,0.90639269405358,0.9396449704030811,0.9815916955003715
test_154_normal_003,1716,0.9489136817353232,0.9562130177458212,0.9417249417194539,0.9759169550159503
test_154_normal_004,1519,0.9290529694994252,0.9066416040043445,0.9526003949904371,0.9694117647045406
test_154_normal_005,1053,0.9283461018434955,0.8833619210901942,0.9781576448150223,0.9779930795834215
test_154_normal_006,986,0.9399075500722142,0.9521331945790621,0.9279918864003246,0.9838062283723408
test_154_normal_007,1649,0.9559404436312491,0.9579780755118272,0.9539114614860285,0.9799307958463945
test_154_normal_008,1524,0.9077340569847092,0.9396067415664354,0.8779527558997511,0.9623529411751386
test_154_normal_009,1864,0.9491618576505931,0.9729577464733918,0.9265021459177764,0.9743944636664714
test_154_normal_010,1721,0.9525249470790671,0.9930643127301825,0.9151656013892204,0.9782698961924177
test_154_normal_011,894,0.913270637403797,0.8568627450896386,0.9776286353358207,0.9770242214519349
test_154_normal_012,918,0.9399141630850864,0.926004228320021,0.954248366002677,0.9844982698948311
test_154_normal_013,1535,0.9548847776664886,0.9514877102137679,0.9583061889188385,0.9807612456733831
test_154_normal_014,1450,0.9603792753099886,0.9434464404461514,0.9779310344760144,0.9838062283723408
test_154_normal_015,1556,0.9070556309331511,0.9604885057402265,0.8592544987091308,0.9620761245661424
test_155_discont_000,624,0.5115627189873051,0.45454545453979395,0.5849358974265234,0.9035294117634554
test_155_discont_001,1440,0.791208791206234,0.740024183792382,0.8499999999940973,0.9105882352928574
test_155_discont_002,1141,0.933502753066779,0.9032786885171863,0.9658194566085381,0.9782698961924177
test_155_discont_003,831,0.5457413249182663,0.48459383753048935,0.6245487364545782,0.8804152249122763
test_155_discont_004,930,0.8326732673226106,0.7715596330204445,0.9043010752590935,0.9532179930782655
test_155_discont_005,724,0.9144736842045101,0.8731155778784785,0.9599447513679565,0.9820069204138657
test_155_empty_000,0,0.0,0.0,0.0,0.9999999999986159
test_155_empty_003,0,0.0,0.0,0.0,0.9721799307945022
test_155_empty_004,0,0.0,0.0,0.0,0.9999999999986159
test_155_empty_007,0,0.0,0.0,0.0,0.9602768166076675
test_156_discont_000,424,0.009389671361281932,0.999999995,0.004716981131964222,0.9415916955004269
test_156_discont_001,399,0.617176128084175,0.7361111110855517,0.5313283207886885,0.9635986159156213
test_156_discont_002,802,0.8056133056091185,0.6907308377835052,0.9663341645764796,0.9482352941163347
test_156_discont_003,686,0.4308263695410323,0.5933503836165384,0.338192419820143,0.9151557093412939
test_156_discont_004,1251,0.9550060802555533,0.9687499999920334,0.9416466826463499,0.9846366781993292
test_156_discont_005,1404,0.8054327226759146,0.7236095346156436,0.9081196581131901,0.9147404844277996
test_156_discont_006,1496,0.9410994764367111,0.9217948717889629,0.9612299465176389,0.9750865051889618
test_156_discont_007,1789,0.9285118219723825,0.9241417497180281,0.9329234209003191,0.9644290657426098
test_156_empty_001,0,0.0,0.0,0.0,0.9999999999986159
test_156_empty_004,0,0.0,0.0,0.0,0.9838062283723408
test_156_empty_006,0,0.0,0.0,0.0,0.9234602076111786
test_156_empty_007,0,0.0,0.0,0.0,0.9314878892720672
test_156_empty_011,0,0.0,0.0,0.0,0.9970934256041563
test_156_empty_012,0,0.0,0.0,0.0,0.9647058823516059
test_156_empty_014,0,0.0,0.0,0.0,0.9490657439433231
test_156_normal_000,1337,0.9544468546603238,0.9237228831285954,0.9872849663351737,0.982560553631858
test_156_normal_001,867,0.8086172344648868,0.7147918511894173,0.9307958477401292,0.94712802768035
test_156_normal_002,382,0.557057057052875,0.3905263157853629,0.9712041884562512,0.9183391003447497
test_156_normal_003,1531,0.9635467980263923,0.9689564068628207,0.958197256688712,0.9846366781993292
test_156_normal_004,1403,0.9585714285680051,0.9606299212529662,0.9565217391236172,0.9839446366768388
test_156_normal_005,1324,0.9140684410611633,0.9203675344493081,0.907854984887403,0.9687197231820502
test_156_normal_006,1372,0.8998995647777037,0.8321981424097078,0.9795918367275541,0.9586159169536905
test_156_normal_007,1496,0.9667226890723808,0.9722785665924796,0.9612299465176389,0.9862975778533062
test_156_normal_008,838,0.6691635455638629,0.7015706806190893,0.6396181384171883,0.9266435986146344
test_156_normal_009,671,0.8648275862009323,0.8048780487701556,0.9344262294942708,0.9728719723169926
test_156_normal_010,1302,0.9444444444408993,0.9236417033706048,0.9662058371661583,0.9795155709329003
test_156_normal_011,1267,0.9513944223069666,0.9605792437573566,0.9423835832601233,0.9831141868498504
test_156_normal_012,1217,0.7477891758020949,0.656521739126357,0.8685291700832496,0.9013148788914861
test_156_normal_013,1817,0.9314238501764489,0.9321940463013662,0.9306549256965843,0.9655363321785945
test_156_normal_014,1389,0.9439669989654729,0.9032894736782678,0.9884809215191614,0.9774394463654291
test_156_normal_015,1358,0.9298737727877634,0.8875502007972722,0.9764359351916316,0.9723183390990002
test_157_discont_000,1006,0.3147699757843844,0.8369098712087163,0.1938369781292859,0.8824913494797474
test_157_discont_001,1187,0.6184210526284494,0.7743979721067884,0.5147430497008025,0.8956401384070649
test_157_discont_002,1356,0.549019607840377,0.8625592416925346,0.4026548672536678,0.8758477508638397
test_157_discont_003,1993,0.6415711947605841,0.9227871939649456,0.4917210235800717,0.8484429065732202
test_157_discont_004,690,0.08291457286380079,0.07317073170650587,0.09565217391165722,0.7979238754314216
test_157_discont_005,1476,0.6951827242496047,0.898068669518261,0.5670731707278654,0.8984083044970265
test_157_discont_006,691,0.35587188611677495,0.986842105198234,0.2170767004310119,0.9248442906561594
test_157_discont_007,1769,0.8282514001218785,0.9211072664296118,0.7524024872766965,0.9235986159156767
test_157_empty_000,0,0.0,0.0,0.0,0.9746712802754676
test_157_empty_004,0,0.0,0.0,0.0,0.9946020761231908
test_157_empty_005,0,0.0,0.0,0.0,0.9864359861578043
test_157_empty_006,0,0.0,0.0,0.0,0.9999999999986159
test_157_empty_008,0,0.0,0.0,0.0,0.9999999999986159
test_157_empty_011,0,0.0,0.0,0.0,0.8907958477496322
test_157_normal_000,1479,0.6767255216671695,0.6442542787246684,0.7126436781561012,0.8606228373690511
test_157_normal_001,1236,0.4183844011130407,0.3190314358525105,0.6076051779886117,0.7110034602066284
test_157_normal_002,761,0.8777777777723594,0.8277066356131815,0.9342969776486951,0.9725951557079964
test_157_normal_003,1455,0.6160315374491038,0.49872340425319694,0.8054982817814056,0.7977854671269234
test_157_normal_004,1656,0.6920267802778697,0.6975460122656593,0.6865942028944046,0.8599307958465606
test_157_normal_005,1468,0.6038693307941521,0.5649851632013948,0.6485013623934026,0.8271280276805161
test_157_normal_006,1321,0.5514018691573629,0.43288735433563713,0.7592732778140858,0.7741176470577521
test_158_discont_000,850,0.6795716639181237,0.5228136882096146,0.970588235282699,0.892318339099111
test_158_discont_001,1062,0.9006066262207159,0.8926919518881343,0.9086629001797678,0.9705190311405253
test_158_discont_002,800,0.613945578226072,0.9601063829531886,0.4512499999943594,0.9371626297564883
test_158_empty_003,0,0.0,0.0,0.0,0.9235986159156767
test_158_empty_004,0,0.0,0.0,0.0,0.9999999999986159
test_158_empty_005,0,0.0,0.0,0.0,0.9999999999986159
test_158_empty_008,0,0.0,0.0,0.0,0.9046366781994399
test_158_empty_010,0,0.0,0.0,0.0,0.9994463667806236
test_158_empty_011,0,0.0,0.0,0.0,0.9999999999986159
test_158_normal_000,800,0.613945578226072,0.9601063829531886,0.4512499999943594,0.9371626297564883
test_158_normal_001,1032,0.9587578845174248,0.9601554907584048,0.9573643410759947,0.9882352941162793
test_158_normal_002,1330,0.8828767123257436,0.8106918238942724,0.9691729323235402,0.9526643598602731
test_158_normal_003,918,0.8660405338563222,0.7927601809883009,0.954248366002677,0.9624913494796367
test_158_normal_004,1149,0.8919982509799214,0.8963093145791187,0.8877284595223001,0.9658131487875906
test_158_normal_005,956,0.9349051768276018,0.9165829145636524,0.9539748953875107,0.9824221453273599
test_158_normal_006,896,0.8483063328382509,0.7572304995551514,0.9642857142749521,0.9572318339087097
test_158_normal_007,1057,0.9145496535754525,0.8935018050460876,0.9366130558094928,0.9743944636664714
test_158_normal_008,1287,0.9166051660482782,0.8728039353417232,0.9650349650274668,0.9687197231820502
test_158_normal_009,947,0.9359302921530707,0.9093625497917394,0.9640971488810549,0.9826989619363561
test_158_normal_010,897,0.8199811498547598,0.7102040816268556,0.9698996655410268,0.94712802768035
test_158_normal_011,1552,0.8797653958918482,0.8073196985963008,0.9664948453545974,0.9432525951544039
test_158_normal_012,1005,0.9650073927995811,0.9560546874906636,0.974129353224138,0.9901730103792523
test_158_normal_013,800,0.6274179983126374,0.9588688945768928,0.4662499999941719,0.9386851211059672
test_158_normal_014,1266,0.9201080663800846,0.8996226415026445,0.9415481832469073,0.9713494809675137
test_158_normal_015,905,0.7967183226946367,0.6780449961157639,0.9657458563429199,0.938269896192473
test_159_discont_000,445,0.33580246913165673,0.3726027397158191,0.30561797752122205,0.9255363321786498
test_159_discont_001,1491,0.7247524752446545,0.8849129593724864,0.6136820925512161,0.9038062283724515
test_159_discont_002,555,0.4290502793248151,0.5647058823363321,0.3459459459397127,0.9292733564000979
test_159_discont_003,758,0.39543057996137587,0.592105263142313,0.29683377308315523,0.904775086503938
test_159_discont_004,976,0.6847706421993219,0.5334476843880306,0.9559426229410252,0.8811072664347667
test_159_discont_005,1924,0.7809700339796696,0.9626808834656309,0.6569646569612424,0.9018685121094784
test_159_discont_006,1051,0.8096486628169395,0.9018691588679688,0.7345385347218408,0.9497577854658135
test_159_discont_007,1156,0.8775428799326783,0.8142116950346839,0.9515570934173742,0.9575086505177058
test_159_empty_000,0,0.0,0.0,0.0,0.9999999999986159
test_159_empty_002,0,0.0,0.0,0.0,0.9276124567461209
test_159_normal_000,592,0.6125625347381181,0.45650372824808205,0.9307432432275212,0.9035294117634554
test_159_normal_001,1193,0.8933808957554761,0.8473684210462604,0.9446772841496675,0.9627681660886329
test_159_normal_002,1071,0.6541935483849864,0.4997535731862999,0.9467787114757538,0.851626297576676
test_159_normal_003,1461,0.815653964981752,0.8181818181761834,0.8131416837726685,0.9256747404831479
test_159_normal_004,1433,0.9562784190242872,0.9586255259399816,0.9539427773834338,0.9826989619363561
test_159_normal_005,1282,0.9033232628364678,0.8755490483098423,0.9329173166853907,0.9645674740471079
test_159_normal_006,1190,0.7272727272703143,0.6008771929791619,0.921008403353605,0.8862283737011956
test_159_normal_007,1378,0.87292443239284,0.818817546085068,0.9346879535490952,0.9480968858118366
test_159_normal_008,1481,0.7460562944610392,0.6883561643796328,0.8143146522564868,0.8863667820056936
test_159_normal_009,1555,0.93599999999688,0.9716262975711307,0.9028938906694348,0.9734256055349849
test_159_normal_010,1094,0.7490935460451448,0.6207932692270386,0.9442413162619357,0.9042214532859457
test_159_normal_011,836,0.829293993673186,0.7410546139289921,0.9413875597973518,0.9551557093412385
test_159_normal_012,1168,0.747936984243256,0.6655540720916853,0.8535958904036508,0.9069896193759073
test_159_normal_013,1176,0.7231807951960871,0.64697986576747,0.8197278911494922,0.8978546712790342
test_159_normal_014,1455,0.9576300378885373,0.9599447513745861,0.955326460474534,0.9829757785453523
test_159_normal_015,1262,0.899770466714232,0.8698224852006671,0.931854199675659,0.9637370242201194
test_15_discont_000,454,0.2878504672843392,0.9506172838332572,0.16960352422533911,0.947266435984848
test_15_discont_001,578,0.6825531914835528,0.6716917922835562,0.6937716262855749,0.9483737024208327
test_15_discont_002,1073,0.8718929254260426,0.8949950932198725,0.8499534016696184,0.962906574393131
test_15_discont_003,606,0.7853403141292729,0.8333333333179013,0.7425742574134888,0.9659515570920887
test_15_empty_001,0,0.0,0.0,0.0,0.9674740484415675
test_15_empty_003,0,0.0,0.0,0.0,0.9914186851197351
test_15_empty_004,0,0.0,0.0,0.0,0.992941176469214
test_15_empty_008,0,0.0,0.0,0.0,0.9817301038048696
test_15_empty_009,0,0.0,0.0,0.0,0.9986159169536352
test_15_empty_010,0,0.0,0.0,0.0,0.9999999999986159
test_15_normal_000,948,0.8487009679019425,0.8206896551643281,0.8786919831130939,0.9588927335626867
test_15_normal_001,333,0.3383685800553117,0.34042553190454633,0.33633633632623616,0.9393771626284576
test_15_normal_002,1103,0.892966360852368,0.86172006744636,0.9265639165827149,0.9660899653965868
test_15_normal_003,1097,0.8133140376227047,0.8637295081878716,0.7684594348152375,0.9464359861578596
test_15_normal_004,953,0.8585157501288921,0.8739130434687618,0.8436516264339595,0.9633217993066252
test_15_normal_005,1041,0.866825775652187,0.8614800758931549,0.8722382324604012,0.9613840830436521
test_15_normal_006,1147,0.9112769485866034,0.8687747035504445,0.9581517000788305,0.9703806228360272
test_15_normal_007,1090,0.8444854637709069,0.8495821726940616,0.8394495412767023,0.9533564013827636
test_15_normal_008,940,0.8373305526546542,0.8210633946746313,0.8542553191398483,0.9568166089952155
test_15_normal_009,992,0.844809866388259,0.8616352201167543,0.8286290322497114,0.9582006920401963
test_15_normal_010,411,0.4982206405634849,0.48611111109985855,0.5109489050970571,0.9414532871959288
test_160_discont_000,567,0.6331967213049877,0.7555012224754156,0.5449735449639335,0.9504498269883039
test_160_discont_001,1259,0.5233393177714393,0.6016511867842966,0.4630659253338915,0.8530103806216568
test_160_discont_002,942,0.7414448669154535,0.9198113207402545,0.6210191082736622,0.9435294117634
test_160_discont_003,803,0.6818791946262962,0.7394468704404739,0.6326276463183982,0.9343944636665268
test_160_discont_004,1421,0.818754925134678,0.930170098469739,0.7311752287070291,0.9363321799294999
test_160_discont_005,1011,0.7707865168496024,0.8920676202744855,0.6785361028617355,0.9435294117634
test_160_empty_000,0,0.0,0.0,0.0,0.9872664359847927
test_160_empty_001,0,0.0,0.0,0.0,0.9510034602062962
test_160_empty_007,0,0.0,0.0,0.0,0.9534948096872616
test_160_empty_008,0,0.0,0.0,0.0,0.9341176470575306
test_160_normal_000,759,0.9173027989763531,0.8868388683777757,0.9499341238346517,0.9820069204138657
test_160_normal_001,836,0.802247191006729,0.7563559321953776,0.8540669856357169,0.9512802768152924
test_160_normal_002,1490,0.7676912080029746,0.8211009174249152,0.7208053691226792,0.910034602074865
test_160_normal_003,851,0.7822714681397105,0.7400419287134168,0.8296122209068201,0.9456055363308712
test_160_normal_004,783,0.7721063982690719,0.8832236841959996,0.685823754780513,0.9561245674727251
test_160_normal_005,1413,0.8405909797790024,0.9327006039608914,0.7650389242691789,0.9432525951544039
test_160_normal_006,814,0.8549422336273753,0.8951612903105489,0.8181818181717668,0.9687197231820502
test_160_normal_007,863,0.7713347921183188,0.7305699481789578,0.8169177288433729,0.9421453287184192
test_160_normal_008,748,0.8956406869161451,0.8851174934610297,0.9064171122873473,0.9781314878879196
test_160_normal_009,813,0.8864994026231392,0.8617886178761697,0.912669126680041,0.9737024221439811
test_160_normal_010,1407,0.8523827973620598,0.9369676320192764,0.7818052594116432,0.947266435984848
test_160_normal_011,762,0.8696245733729037,0.9061166429458589,0.8359580052383733,0.973564013839483
test_160_normal_012,1449,0.8315384615352633,0.9391833188450115,0.7460317460265975,0.9393771626284576
test_160_normal_013,904,0.8372881355884899,0.8556581986044381,0.8196902654776583,0.9601384083031693
test_160_normal_014,1499,0.7312237895511582,0.8532028469674983,0.6397598398889943,0.9024221453274707
test_160_normal_015,808,0.8642765684963876,0.8952254641791084,0.8353960395936213,0.9706574394450234
test_161_discont_000,1183,0.4743902439009927,0.3710061993306104,0.6576500422598678,0.7613840830439289
test_161_discont_001,641,0.7619047618985066,0.8041594453933422,0.7238689547468975,0.9598615916941732
test_161_discont_002,867,0.5728241563029626,0.4657039711157711,0.74394463666962,0.8668512110714646
test_161_discont_003,1084,0.3079903147684843,0.32415902140342345,0.2933579335766296,0.802214532870862
test_161_discont_004,1002,0.2035053554030988,0.19866920151902406,0.20858283432925565,0.7735640138397598
test_161_discont_005,925,0.4193061840104853,0.3219455703513495,0.6010810810745829,0.7868512110715753
test_161_discont_006,829,0.4623853210966754,0.9655172413423173,0.3039806996344514,0.918892733562742
test_161_discont_007,730,0.6639935845977226,0.8007736943752268,0.5671232876634641,0.9420069204139211
test_161_empty_000,0,0.0,0.0,0.0,0.9999999999986159
test_161_empty_002,0,0.0,0.0,0.0,0.9999999999986159
test_161_empty_003,0,0.0,0.0,0.0,0.9551557093412385
test_161_empty_004,0,0.0,0.0,0.0,0.9069896193759073
test_161_empty_005,0,0.0,0.0,0.0,0.9624913494796367
test_161_empty_006,0,0.0,0.0,0.0,0.9915570934242331
test_161_empty_011,0,0.0,0.0,0.0,0.9951557093411831
test_161_empty_012,0,0.0,0.0,0.0,0.9999999999986159
test_161_empty_013,378,0.07681365575993153,0.08307692307436686,0.07142857142668178,0.910173010379363
test_161_normal_000,674,0.42525252525037754,0.32235834609247815,0.6246290801094269,0.8424913494798028
test_161_normal_001,594,0.877138413679027,0.8150289017223261,0.9494949494789647,0.9781314878879196
test_161_normal_002,1112,0.684472934470497,0.5666273584872251,0.8642086330857536,0.8773702422133185
test_161_normal_003,520,0.8273504273433561,0.744615384603929,0.9307692307513313,0.9720415224900041
test_161_normal_004,1106,0.8556493767557071,0.770456191160243,0.9620253164469981,0.9503114186838059
test_161_normal_005,1058,0.5617732558119122,0.45631641085917174,0.7306238185186142,0.8330795847739335
test_161_normal_006,534,0.8471544715378281,0.7485632183800494,0.9756554306933398,0.9739792387529772
test_161_normal_007,530,0.7832167832106977,0.665785997349197,0.9509433962084728,0.9613840830436521
test_161_normal_008,688,0.8815028901670412,0.8764367815966029,0.8866279069638572,0.977301038060931
test_161_normal_009,911,0.7516142918607335,0.6182719546698423,0.9582875960377795,0.9201384083032247
test_161_normal_010,1159,0.7807321772609606,0.7054317548697394,0.8740293356266262,0.9212456747392094
test_161_normal_011,1055,0.5255759468936917,0.44687915006343376,0.6379146919370814,0.8318339100334508
test_161_normal_012,520,0.8184059161806212,0.714490674308257,0.9576923076738905,0.9694117647045406
test_161_normal_013,524,0.8381265406669013,0.7359307359201165,0.9732824427295175,0.9727335640124946
test_161_normal_014,565,0.8681055155805908,0.7915451894928346,0.961061946885645,0.977162629756433
test_161_normal_015,621,0.8878648233418751,0.8487518355235132,0.930756843785334,0.9797923875418965
test_162_discont_000,1014,0.0,0.0,0.0,0.8596539792375645
test_162_discont_001,985,0.0,0.0,0.0,0.8636678200680088
test_162_discont_002,1065,0.25163398692604877,0.9685534590585815,0.14460093896577841,0.8732179930783762
test_162_discont_003,1375,0.7306686589438526,0.7511520737269497,0.7112727272675544,0.9002076124555014
test_162_discont_004,1611,0.0,0.0,0.0,0.7770242214522117
test_162_discont_005,1433,0.0,0.0,0.0,0.8016608996528697
test_162_discont_006,1411,0.6362854686129137,0.8087431693900684,0.5244507441493661,0.8829065743932417
test_162_discont_007,928,0.6019801980168219,0.5567765567714581,0.6551724137860434,0.888719723182161
test_162_empty_001,0,0.0,0.0,0.0,0.940207612455446
test_162_empty_002,0,0.0,0.0,0.0,0.9999999999986159
test_162_empty_003,0,0.0,0.0,0.0,0.9420069204139211
test_162_empty_004,0,0.0,0.0,0.0,0.8519031141856721
test_162_empty_005,0,0.0,0.0,0.0,0.9774394463654291
test_162_empty_008,0,0.0,0.0,0.0,0.9999999999986159
test_162_empty_009,0,0.0,0.0,0.0,0.9964013840816659
test_162_empty_010,0,0.0,0.0,0.0,0.9999999999986159
test_162_empty_011,476,0.36845070422327636,0.2517321016146903,0.6869747899015342,0.8448442906562701
test_162_empty_012,0,0.0,0.0,0.0,0.9886505190297735
test_162_empty_013,0,0.0,0.0,0.0,0.9999999999986159
test_162_normal_000,1637,0.6398673849952762,0.9948453608119221,0.47159437996046677,0.8797231833897858
test_162_normal_001,1544,0.0,0.0,0.0,0.786297577853583
test_162_normal_002,1543,0.6533176285800812,0.8286852589558896,0.5392093324657213,0.8777854671268127
test_162_normal_003,1630,0.44221585482119286,0.9978448275647016,0.2840490797528586,0.8383391003448605
test_162_normal_004,1677,0.575557390583916,0.9355704697860997,0.4156231365508908,0.8577162629745914
test_162_normal_005,1337,0.6572549019582069,0.6908491343718809,0.6267763649915724,0.8790311418672955
test_162_normal_006,1566,0.6099290780114809,0.9971014492609116,0.43933588760894426,0.878200692040307
test_162_normal_007,1568,0.0,0.0,0.0,0.7829757785456292
test_162_normal_008,1601,0.08721624850605009,0.9999999998630138,0.04559650218584887,0.7885121107255523
test_162_normal_009,1666,0.6095551894538321,0.9711286089111401,0.4441776710657613,0.8687889273344377
test_162_normal_010,1432,0.6943986820399737,0.8463855421601768,0.5886871508338779,0.8973010380610418
test_162_normal_011,1651,0.6159905474572037,0.8806306306207136,0.4736523319171796,0.8650519031129895
test_162_normal_012,1448,0.6454258675058504,0.5940766550488149,0.7064917127023033,0.8444290657427759
test_162_normal_013,1652,0.5913338997426026,0.9914529914388682,0.4213075060507185,0.8668512110714646
test_162_normal_014,1646,0.5658578856127996,0.9864048338219576,0.39671931956016576,0.8613148788915415
test_163_discont_000,1095,0.5213224724459927,0.5483870967686655,0.49680365296349954,0.8617301038050357
test_163_discont_001,887,0.5121659353788904,0.39629629629385005,0.7237880495972515,0.8307266435974662
test_163_discont_002,472,0.0,0.0,0.0,0.9346712802755229
test_163_discont_003,629,0.025117739403059374,0.9999999987499999,0.012718600953692868,0.9140484429053093
test_163_discont_004,1240,0.33785450061513417,0.3445096395612363,0.33145161290055286,0.7770242214522117
test_163_discont_005,1344,0.35340417158459897,0.375104427732873,0.3340773809498953,0.7725951557082732
test_163_discont_006,1306,0.3553030303016845,0.3515742128909178,0.35911179172772506,0.7644290657428866
test_163_discont_007,1488,0.6594142259395832,0.5636623748184851,0.7943548387043391,0.8310034602064623
test_163_empty_000,0,0.0,0.0,0.0,0.9999999999986159
test_163_empty_001,0,0.0,0.0,0.0,0.9999999999986159
test_163_empty_002,0,0.0,0.0,0.0,0.9746712802754676
test_163_empty_003,0,0.0,0.0,0.0,0.9235986159156767
test_163_empty_005,575,0.3774145616623209,0.26385041551063815,0.6626086956406503,0.8260207612445315
test_163_empty_006,1479,0.5562499999985514,0.45235069885450085,0.7221095334636775,0.7641522491338905
test_163_empty_008,0,0.0,0.0,0.0,0.9999999999986159
test_163_empty_012,0,0.0,0.0,0.0,0.948927335638825
test_163_normal_000,767,0.7017114914382536,0.6605293440660468,0.7483702737842455,0.9324567474035537
test_163_normal_001,608,0.9085222830265167,0.8658718330720436,0.9555921052474409,0.9838062283723408
test_163_normal_002,702,0.8311688311628344,0.8421052631455832,0.8205128205011323,0.9676124567460656
test_163_normal_003,739,0.9048257372593511,0.8964143426175775,0.9133964817197104,0.9803460207598889
test_163_normal_004,811,0.7857142857100341,0.700096432008678,0.8951911220604786,0.9451903114173769
test_163_normal_005,576,0.898965791560072,0.82966226136814,0.9809027777607482,0.9824221453273599
test_163_normal_006,641,0.8335704125118524,0.7660130718854116,0.9141965678484525,0.9676124567460656
test_163_normal_007,623,0.9063670411917126,0.8497191011116613,0.9711075441256644,0.9826989619363561
test_163_normal_008,899,0.6255274261570384,0.5947843530532118,0.6596218019948874,0.9017301038049803
test_163_normal_009,795,0.8530751708379666,0.7793964620106202,0.9421383647680234,0.9642906574381117
test_163_normal_010,875,0.6272493573232533,0.5700934579385973,0.6971428571348898,0.8996539792375091
test_163_normal_011,775,0.7524523946869449,0.6805845511411213,0.8412903225697898,0.9406228373689404
test_163_normal_012,584,0.8945281522530173,0.8330871491752867,0.9657534246409973,0.9815916955003715
test_163_normal_013,587,0.7544604927718398,0.7525423728686009,0.7563884156600275,0.9599999999986712
test_163_normal_014,596,0.9033280507059959,0.8558558558430052,0.9563758389101279,0.9831141868498504
test_163_normal_015,648,0.8810975609688941,0.8704819276977337,0.8919753086282103,0.9784083044969157
test_164_discont_000,689,0.48987854250516316,0.8093645484679142,0.35123367198329125,0.9302422145315844
test_164_discont_001,525,0.5649432534607195,0.8358208954912006,0.4266666666585397,0.9522491349467789
test_164_discont_002,1194,0.7441709844535487,0.6066525871140093,0.9623115577808853,0.8906574394451341
test_164_discont_003,875,0.7061252580818574,0.8875432525798003,0.5862857142790139,0.9408996539779365
test_164_discont_004,846,0.7394270122732646,0.8741935483729969,0.6406619385267062,0.94712802768035
test_164_discont_005,1200,0.8585720782134671,0.944944944935486,0.7866666666601112,0.9569550172997136
test_164_discont_006,1179,0.9074889867805067,0.8596358118295931,0.9609838846398561,0.9680276816595599
test_164_discont_007,825,0.7368421052576958,0.9484732824246475,0.6024242424169403,0.9508650519017982
test_164_empty_000,0,0.0,0.0,0.0,0.9865743944623023
test_164_empty_001,0,0.0,0.0,0.0,0.9970934256041563
test_164_empty_002,0,0.0,0.0,0.0,0.9932179930782101
test_164_empty_003,0,0.0,0.0,0.0,0.9991695501716275
test_164_empty_004,0,0.0,0.0,0.0,0.9999999999986159
test_164_empty_006,0,0.0,0.0,0.0,0.980622837368885
test_164_empty_007,0,0.0,0.0,0.0,0.9739792387529772
test_164_empty_008,0,0.0,0.0,0.0,0.9694117647045406
test_164_empty_013,0,0.0,0.0,0.0,0.9557093425592309
test_164_normal_000,594,0.6730538922115387,0.5223048327089006,0.946127946112018,0.9244290657426651
test_164_normal_001,1045,0.7250088936295802,0.577010192522214,0.9751196172155492,0.8930103806216014
test_164_normal_002,1056,0.9543292102713876,0.9588910133751541,0.9498106060516117,0.9867128027668004
test_164_normal_003,1482,0.9274696422680425,0.9028753993552533,0.9534412955401252,0.9694117647045406
test_164_normal_004,1079,0.827842720505697,0.9701120796890397,0.7219647821990551,0.9551557093412385
test_164_normal_005,1587,0.8262591963757039,0.7498715973253731,0.9199747952052932,0.9150173010367958
test_164_normal_006,1059,0.8638297872303667,0.7862122385686584,0.9584513692071913,0.9557093425592309
test_164_normal_007,1341,0.8165079365053445,0.7108899944681544,0.9589858314619017,0.9199999999987266
test_164_normal_008,1198,0.7358247422656707,0.599160545642187,0.9532554257015589,0.8865051903101917
test_164_normal_009,941,0.9510117145849254,0.9530416221883347,0.9489904356966101,0.9872664359847927
test_164_normal_010,1529,0.8967681204866748,0.8618817852782757,0.9345977763182827,0.9544636678187481
test_164_normal_011,753,0.7310195227726084,0.6177818515067115,0.8950863213692551,0.9313494809675691
test_164_normal_012,1329,0.91477885652314,0.8760330578452065,0.9571106094736109,0.9671972318325713
test_164_normal_013,1247,0.7458372604437769,0.6131198347075769,0.9518845228472184,0.8880276816596706
test_164_normal_014,1439,0.8709984152111855,0.8006993006946347,0.9548297428703626,0.9436678200678981
test_164_normal_015,509,0.6219667943766158,0.4607379375547707,0.9567779960519297,0.9180622837357536
test_165_discont_000,1661,0.9296338672742288,0.8855585831014412,0.9783263094462473,0.9659515570920887
test_165_discont_001,1280,0.8119590873296146,0.8177496037970068,0.8062499999937013,0.9338408304485345
test_165_discont_002,917,0.7495601172976566,0.8109137055734655,0.6968375136238076,0.9408996539779365
test_165_discont_003,1355,0.937569264865395,0.938609467448679,0.9365313653067415,0.9766089965384407
test_165_discont_004,895,0.855726872241984,0.8436482084598952,0.8681564245713055,0.9637370242201194
test_165_discont_005,1629,0.8115425721381848,0.9668930390410282,0.6992019643910424,0.9267820069191325
test_165_discont_006,1147,0.831042128599419,0.8456678700284688,0.8169136878743077,0.947266435984848
test_165_discont_007,1512,0.8529632408070031,0.9852686308406824,0.7519841269791536,0.9457439446353693
test_165_empty_000,0,0.0,0.0,0.0,0.9999999999986159
test_165_empty_002,0,0.0,0.0,0.0,0.9999999999986159
test_165_empty_003,0,0.0,0.0,0.0,0.9999999999986159
test_165_empty_005,0,0.0,0.0,0.0,0.9987543252581332
test_165_empty_007,0,0.0,0.0,0.0,0.9999999999986159
test_165_empty_009,0,0.0,0.0,0.0,0.9889273356387697
test_165_empty_010,0,0.0,0.0,0.0,0.9993079584761255
test_165_empty_011,0,0.0,0.0,0.0,0.9939100346007005
test_165_normal_000,1124,0.9137466307236579,0.9228675136032408,0.9048042704545837,0.9734256055349849
test_165_normal_001,1758,0.5156822810569626,0.9081779052954351,0.36006825938361736,0.8354325259504009
test_165_normal_002,1267,0.9341595662241126,0.9171102661527216,0.9518547750516824,0.9764705882339426
test_165_normal_003,1059,0.8426150121024572,0.8648111331921987,0.8215297450347354,0.9550173010367404
test_165_normal_004,982,0.7683786505500082,0.7599601593549805,0.7769857433729431,0.9363321799294999
test_165_normal_005,1078,0.8597871355813985,0.8578024007307683,0.8617810760587962,0.9580622837356982
test_165_normal_006,1428,0.7858347386138878,0.9872881355827617,0.6526610644211999,0.9296885813135921
test_165_normal_007,1464,0.7244979919649619,0.8791423001863632,0.6161202185750265,0.9050519031129342
test_165_normal_008,1578,0.4102306920741714,0.9831730768994429,0.2591888466396756,0.8372318339088758
test_165_normal_009,1225,0.884548611107272,0.9443929564323968,0.8318367346870871,0.9631833910021271
test_165_normal_010,1358,0.9505617977492489,0.9672256097487255,0.9344624447648421,0.9817301038048696
test_165_normal_011,1690,0.6651583710382158,0.9168399168303862,0.5218934911211722,0.8770934256043224
test_165_normal_012,1658,0.6093749999974943,0.9573643410729022,0.4469240048223949,0.8685121107254415
test_165_normal_013,1029,0.854460093892702,0.826521344225009,0.8843537414880044,0.9570934256042116
test_165_normal_014,988,0.8968293910372581,0.891891891882964,0.9018218623390504,0.9716262975765099
test_165_normal_015,1152,0.885714285710771,0.8157894736782472,0.9687499999915908,0.9601384083031693
test_166_discont_000,1494,0.6625820568898794,0.9570164348804423,0.5066934404249887,0.8932871972305976
test_166_discont_001,971,0.8220385674885838,0.8838862559136981,0.7682801235760218,0.9552941176457367
test_166_discont_002,1572,0.4625052366968475,0.677300613488622,0.3511450381657052,0.8224221453275814
test_166_discont_003,961,0.21587301587215924,0.17447081462364036,0.2830385015579288,0.7265051903104132
test_166_discont_004,1273,0.5072886297346514,0.9841628959053357,0.34171249017799127,0.8830449826977398
test_166_discont_005,1375,0.44229529335769735,0.3972206137788233,0.49890909090546254,0.7605536332169405
test_166_discont_006,540,0.06451612903110186,0.9999999994444444,0.03333333333271605,0.927750865050619
test_166_discont_007,1787,0.6775126536490329,0.95709908068481,0.524342473416204,0.8765397923863301
test_166_empty_001,0,0.0,0.0,0.0,0.9745328719709695
test_166_empty_004,0,0.0,0.0,0.0,0.9987543252581332
test_166_empty_006,0,0.0,0.0,0.0,0.9999999999986159
test_166_empty_007,0,0.0,0.0,0.0,0.9255363321786498
test_166_normal_000,506,0.33736605599606856,0.20444072056889637,0.9644268774512958,0.7346712802757998
test_166_normal_001,927,0.5817394442418559,0.4370932754856991,0.8694714131513541,0.8395847750853431
test_166_normal_002,721,0.4844290657422684,0.322729368371034,0.9708737863943013,0.7937716262964792
test_167_discont_000,1827,0.7571428571408542,0.7327188940054649,0.7832512315228065,0.8729411764693801
test_167_discont_001,1043,0.741541353379974,0.7271889400854638,0.7564717161960071,0.9238754325246729
test_167_discont_002,725,0.2966915688335465,0.6556603773275632,0.19172413792839002,0.9087889273343823
test_167_discont_003,1565,0.7200318598139386,0.9556025369877843,0.5776357827439129,0.9026989619364668
test_167_discont_004,1409,0.9140538546628032,0.9516129032184977,0.8793470546424461,0.9677508650505637
test_167_discont_005,1728,0.9234567901206067,0.9894179894114458,0.8657407407357307,0.9656747404830925
test_167_discont_006,1517,0.7572815533949948,0.980104712031622,0.6170072511495254,0.9169550172997689
test_167_discont_007,1174,0.7375831051985233,0.6818510484404784,0.8032367972674341,0.9071280276804053
test_167_empty_001,0,0.0,0.0,0.0,0.9999999999986159
test_167_empty_002,0,0.0,0.0,0.0,0.9687197231820502
test_167_empty_003,0,0.0,0.0,0.0,0.9999999999986159
test_167_empty_006,0,0.0,0.0,0.0,0.9511418685107943
test_167_empty_008,0,0.0,0.0,0.0,0.9999999999986159
test_167_empty_009,0,0.0,0.0,0.0,0.9999999999986159
test_167_normal_000,1545,0.940764331207195,0.9260188087716238,0.9559870550099937,0.9742560553619733
test_167_normal_001,823,0.868599629852754,0.882205513773406,0.8554070473772125,0.9705190311405253
test_167_normal_002,2004,0.8908382066255097,0.8704761904720454,0.9121756486980431,0.9379930795834769
test_167_normal_003,1825,0.9532180323193842,0.9876615746122934,0.9210958904059119,0.977162629756433
test_167_normal_004,1120,0.9261460101828263,0.8826860841352534,0.9741071428484456,0.9759169550159503
test_167_normal_005,1647,0.6961981164956533,0.8180327868785408,0.6059502125039105,0.8794463667807897
test_167_normal_006,1253,0.8993630573210218,0.9609800362889204,0.8451715881816029,0.9671972318325713
test_167_normal_007,1549,0.8525179856084442,0.9626320064909616,0.7650096836619432,0.9432525951544039
test_167_normal_008,1826,0.9446554530630911,0.9360215053713118,0.9534501642883163,0.9717647058810079
test_167_normal_009,1640,0.8857779191826733,0.9261477045846565,0.8487804877997026,0.9503114186838059
test_167_normal_010,1471,0.9233524355267788,0.9757759273203954,0.8762746430939751,0.9703806228360272
test_167_normal_011,1895,0.7232924693499029,0.8092749836655175,0.6538258575163387,0.8687889273344377
test_167_normal_012,1195,0.8681109844132722,0.7952646239498937,0.9556485355568566,0.9519723183377827
test_167_normal_013,1496,0.7163543441196067,0.9870892018663487,0.5621657753973117,0.9078200692028958
test_167_normal_014,999,0.8810353409612691,0.8762376237537006,0.8858858858770181,0.9669204152235752
test_167_normal_015,1613,0.9368900455402184,0.9856262833608103,0.8927464352083525,0.9731487889259888
test_168_discont_000,592,0.0,0.0,0.0,0.9180622837357536
test_168_discont_001,871,0.4061810154495498,0.5655737704802136,0.31687715269441014,0.8883044982686668
test_168_discont_002,852,0.4581005586568913,0.40376007161679717,0.5293427229984818,0.8523183390991663
test_168_discont_003,941,0.8322295805693586,0.8656716417811059,0.8012752390988175,0.9579238754312002
test_168_discont_004,1583,0.5813067682373827,0.5420765027292783,0.62665824383685,0.802214532870862
test_168_discont_005,1021,0.8409859835628759,0.8301526717478039,0.8521057786400381,0.9544636678187481
test_168_empty_002,0,0.0,0.0,0.0,0.9999999999986159
test_168_empty_006,1097,0.8421052631539725,0.8609523809441815,0.8240656335385227,0.9530795847737674
test_168_empty_007,0,0.0,0.0,0.0,0.9999999999986159
test_168_empty_009,0,0.0,0.0,0.0,0.9958477508636736
test_168_empty_010,0,0.0,0.0,0.0,0.9999999999986159
test_168_empty_011,0,0.0,0.0,0.0,0.9999999999986159
test_168_empty_013,0,0.0,0.0,0.0,0.994878892732187
test_168_normal_000,727,0.45550847457385857,0.3703703703671803,0.5914718019175863,0.8577162629745914
test_168_normal_001,1086,0.8207244383272778,0.8173515981660516,0.8241252301949897,0.9458823529398673
test_168_normal_002,1411,0.8988687007168362,0.8705179282810723,0.9291282778105662,0.9591695501716828
test_168_normal_003,1419,0.5561333741188249,0.49135135134869545,0.6405919661688472,0.7991695501719043
test_168_normal_004,1103,0.9012681159379472,0.900452488679634,0.9020852221133084,0.9698269896180348
test_168_normal_005,1042,0.7567567567528978,0.8073993471076453,0.7120921305114003,0.9339792387530326
test_168_normal_006,1400,0.7926363320569898,0.7714672075674681,0.8149999999941786,0.9173702422132631
test_168_normal_007,945,0.7441619097003417,0.7301425661840107,0.7587301587221298,0.9317647058810633
test_168_normal_008,1168,0.8495206335937912,0.8277822908137468,0.8724315068418457,0.9500346020748096
test_168_normal_009,1117,0.8962472406141446,0.8841463414557131,0.9086839749247209,0.9674740484415675
test_168_normal_010,1096,0.8109965635703995,0.7662337662275469,0.86131386860528,0.9391003460194615
test_168_normal_011,955,0.7310966449637902,0.7005758157322403,0.7643979057511582,0.9256747404831479
test_168_normal_012,1412,0.5942028985489306,0.5178947368393795,0.6968838526862827,0.8139792387531987
test_168_normal_013,1420,0.6991812032726978,0.7069834413196042,0.6915492957697779,0.8830449826977398
test_168_normal_014,1483,0.8922764227612051,0.8965282505044485,0.8880647336420225,0.955986159168227
test_168_normal_015,414,0.3697978596886457,0.24526813879932755,0.7512077294504539,0.8532871972306529
test_169_discont_000,1443,0.36343115123948405,0.9787234042255707,0.22314622314467675,0.8438754325247836
test_169_discont_001,996,0.6154814348627581,0.44821264894386703,0.9819277108335148,0.8308650519019642
test_169_discont_002,818,0.059311981019462494,0.9999999996,0.030562347187890436,0.8902422145316398
test_169_discont_003,1041,0.37962962962670044,0.9647058823151096,0.23631123919081357,0.888719723182161
test_169_discont_004,708,0.9103448275799287,0.8894878706079584,0.9322033898173417,0.9820069204138657
test_169_discont_005,1154,0.27401340282744596,0.9735449734934631,0.1594454072776478,0.8650519031129895
test_169_empty_000,0,0.0,0.0,0.0,0.966505190310081
test_169_empty_001,0,0.0,0.0,0.0,0.9944636678186928
test_169_empty_002,0,0.0,0.0,0.0,0.8845674740472186
test_169_empty_003,0,0.0,0.0,0.0,0.9999999999986159
test_169_empty_004,0,0.0,0.0,0.0,0.9699653979225329
test_169_empty_010,0,0.0,0.0,0.0,0.998200692040141
test_169_normal_000,302,0.3660477453483807,0.9199999998773334,0.2284768211844875,0.9669204152235752
test_169_normal_001,726,0.9386629910341926,0.9393103448146302,0.9380165289126995,0.9876816608982869
test_169_normal_002,1438,0.7877984084854516,0.7528517110218451,0.8261474269761743,0.9114186851198458
test_169_normal_003,807,0.9431887599209335,0.9301204819165045,0.9566294919336229,0.9871280276802946
test_169_normal_004,578,0.8566953797896892,0.7825464949816517,0.9463667819905472,0.9746712802754676
test_169_normal_005,1657,0.7122708039475499,0.583365421638108,0.9143029571459608,0.8305882352929681
test_169_normal_006,943,0.823115577885311,0.7822349570125862,0.8685047719950317,0.9512802768152924
test_169_normal_007,711,0.9359673024459404,0.9075297225771792,0.9662447257248067,0.9869896193757965
test_169_normal_008,444,0.8205666316807916,0.7681728880006252,0.8806306306107966,0.9763321799294445
test_169_normal_009,694,0.8895066018006289,0.8590604026730327,0.9221902017158186,0.9779930795834215
test_169_normal_010,1752,0.88888888888648,0.8462332301297925,0.9360730593553878,0.9432525951544039
test_169_normal_011,835,0.7818181818142332,0.6759825327451879,0.92694610777333,0.940207612455446
test_169_normal_012,840,0.8895089285664648,0.8371848739407859,0.9488095237982285,0.9725951557079964
test_169_normal_013,777,0.9451795841150273,0.9259259259144947,0.9652509652385425,0.9879584775072832
test_169_normal_014,698,0.9486823855690106,0.9193548386973205,0.9799426933957028,0.9897577854657581
test_169_normal_015,1464,0.8830313014797924,0.8529598981486126,0.9153005464418354,0.9508650519017982
test_16_discont_000,1059,0.552361396301066,0.6051743531990419,0.5080264400329743,0.8793079584762916
test_16_discont_001,1234,0.5338078291787809,0.7162346521048263,0.42544570502086354,0.8730795847738781
test_16_discont_002,673,0.6377952755842736,0.9446064139666295,0.4814264487298451,0.9490657439433231
test_16_discont_003,1390,0.6282478347747227,0.5849875930484802,0.6784172661821697,0.8455363321787606
test_16_empty_000,0,0.0,0.0,0.0,0.9999999999986159
test_16_empty_001,0,0.0,0.0,0.0,0.9999999999986159
test_16_empty_003,0,0.0,0.0,0.0,0.9999999999986159
test_16_empty_004,0,0.0,0.0,0.0,0.9908650519017428
test_16_empty_006,0,0.0,0.0,0.0,0.9988927335626313
test_16_empty_007,0,0.0,0.0,0.0,0.9999999999986159
test_16_empty_008,0,0.0,0.0,0.0,0.8955017301025668
test_16_empty_009,0,0.0,0.0,0.0,0.9775778546699272
test_16_empty_010,0,0.0,0.0,0.0,0.9997231833896197
test_16_normal_000,701,0.5996457041603205,0.43481053307363643,0.9657631954213157,0.8748788927323531
test_16_normal_001,800,0.9391408114502439,0.8984018264737625,0.9837499999877031,0.985882352939812
test_16_normal_002,796,0.8848874598013834,0.9064558629656594,0.8643216080293427,0.9752249134934599
test_16_normal_003,723,0.921465968580357,0.8745341614798194,0.9737206085619126,0.9833910034588466
test_16_normal_004,883,0.8745288099037452,0.8336755646731655,0.919592298970333,0.9677508650505637
test_16_normal_005,770,0.9354838709619387,0.8954869358563481,0.979220779208062,0.9856055363308158
test_16_normal_006,825,0.9217589948548158,0.8714902807681264,0.9781818181699614,0.9810380622823792
test_16_normal_007,749,0.9302915082323809,0.8854041013162195,0.9799732977172233,0.9847750865038273
test_16_normal_008,780,0.9359605911272417,0.9004739336386199,0.9743589743464826,0.9856055363308158
test_16_normal_009,718,0.8780169602030137,0.8257668711555121,0.9373259052794244,0.9741176470574753
test_16_normal_010,894,0.5749690210633004,0.45579567779662217,0.7785234899241776,0.8575778546700933
test_16_normal_011,824,0.908785674309408,0.8431983385166854,0.9854368931919243,0.9774394463654291
test_16_normal_012,842,0.900536033347823,0.9032258064408216,0.8978622327684339,0.9768858131474368
test_16_normal_013,824,0.933102652820455,0.8890109890012197,0.9817961164929394,0.9839446366768388
test_170_discont_000,814,0.5152394774998894,0.629432624102315,0.4361179361125784,0.9075432525938996
test_170_discont_001,1369,0.7914572864288465,0.92737978409296,0.6902848794690265,0.9310726643585729
test_170_discont_002,1516,0.788297872338329,0.660427807483688,0.9775725593603063,0.8898269896181455
test_170_discont_003,958,0.5938864628795028,0.5105105105066778,0.7098121085520896,0.8712802768154031
test_170_discont_004,1184,0.7846825663393192,0.6514221974308343,0.9864864864781547,0.9112802768153477
test_170_discont_005,1461,0.8462691039830799,0.7526652451985466,0.9664613278510168,0.9289965397911017
test_170_empty_002,0,0.0,0.0,0.0,0.9926643598602177
test_170_empty_005,0,0.0,0.0,0.0,0.9980622837356429
test_170_empty_007,0,0.0,0.0,0.0,0.9862975778533062
test_170_empty_008,0,0.0,0.0,0.0,0.9999999999986159
test_170_empty_009,0,0.0,0.0,0.0,0.9999999999986159
test_170_normal_000,693,0.6238030095730789,0.45599999999696006,0.9870129869987444,0.8858131487877013
test_170_normal_001,1012,0.941468253963584,0.9452191234965616,0.9377470355638563,0.9836678200678427
test_170_normal_002,988,0.9316953316907534,0.9054441260658507,0.9595141700307741,0.9807612456733831
test_170_normal_003,1007,0.862416107377727,0.9871959026762203,0.7656405163776997,0.9659515570920887
test_170_normal_004,1062,0.9266055045829055,0.9033989266466602,0.9510357815353011,0.9778546712789234
test_170_normal_005,1044,0.884895580374527,0.8975369458039651,0.8726053639763162,0.9671972318325713
test_170_normal_006,1149,0.9340463458068893,0.9570776255620359,0.9120974760582063,0.9795155709329003
test_170_normal_007,1259,0.9433214427231735,0.9414556961950835,0.945194598880499,0.9802076124553907
test_170_normal_008,1135,0.7856892318457184,0.6526806526768493,0.986784140960469,0.9154325259502901
test_170_normal_009,1117,0.9281914893575879,0.9192273924414467,0.9373321396514116,0.9775778546699272
test_170_normal_010,1012,0.9350902879407756,0.9238187078020847,0.9466403161961794,0.9815916955003715
test_170_normal_011,940,0.7992926613580934,0.683812405441121,0.9617021276493436,0.9371626297564883
test_170_normal_012,986,0.9238900634200641,0.9646799116891316,0.8864097362993265,0.9800692041508926
test_170_normal_013,1066,0.9440526563190219,0.9462770970693094,0.9418386491468872,0.9835294117633446
test_170_normal_014,1092,0.9445983379457775,0.9525139664715782,0.936813186804608,0.9833910034588466
test_170_normal_015,1182,0.9217777777736811,0.9709737827624442,0.8773265651364017,0.9756401384069542
test_171_discont_000,1050,0.4540816326501653,0.6872586872454197,0.33904761904439007,0.8815224913482609
test_171_discont_001,1581,0.8097806544379368,0.9383333333255139,0.7122074636261088,0.9267820069191325
test_171_discont_002,1042,0.8626653102702815,0.9177489177389854,0.8138195777273147,0.9626297577841347
test_171_discont_003,879,0.0,0.0,0.0,0.8783391003448051
test_171_discont_004,1056,0.20102214650595382,0.9999999999152543,0.11174242424136609,0.8701730103794184
test_171_discont_005,1186,0.9181434599117378,0.9189189189111578,0.9173693085926024,0.9731487889259888
test_171_discont_006,1618,0.6649528706064983,0.6181625066350602,0.7194066749028467,0.83764705882237
test_171_discont_007,897,0.561201944319217,0.4648609077564798,0.7079152731247724,0.8625605536320241
test_171_empty_000,0,0.0,0.0,0.0,0.9492041522478212
test_171_empty_001,0,0.0,0.0,0.0,0.9165397923862747
test_171_empty_002,0,0.0,0.0,0.0,0.7901730103795291
test_171_empty_003,0,0.0,0.0,0.0,0.9973702422131524
test_171_empty_004,0,0.0,0.0,0.0,0.9999999999986159
test_171_empty_005,0,0.0,0.0,0.0,0.9999999999986159
test_171_empty_006,0,0.0,0.0,0.0,0.94712802768035
test_171_empty_007,0,0.0,0.0,0.0,0.9761937716249465
test_171_empty_008,0,0.0,0.0,0.0,0.9399307958464499
test_171_empty_009,0,0.0,0.0,0.0,0.9720415224900041
test_171_empty_010,0,0.0,0.0,0.0,0.918892733562742
test_171_empty_012,0,0.0,0.0,0.0,0.9316262975765652
test_171_normal_000,877,0.5474254742522701,0.4532535527266025,0.6909920182361347,0.8613148788915415
test_171_normal_001,1562,0.902810700978995,0.9583033788572373,0.8533930857819886,0.9602768166076675
test_171_normal_002,1831,0.8573635427372365,0.8110082805610764,0.9093391589245804,0.9233217993066806
test_171_normal_003,1269,0.9061876247468815,0.9182847896365836,0.8944050433341655,0.9674740484415675
test_171_normal_004,1235,0.8575293056769273,0.9674465920552651,0.7700404858237244,0.9562629757772232
test_171_normal_005,1506,0.9236436704590635,0.9317567567504612,0.9156706507243316,0.9684429065730541
test_171_normal_006,1650,0.685999999998285,0.5838297872315582,0.8315151515101121,0.8261591695490296
test_171_normal_007,1838,0.9317556411641944,0.9426503340704753,0.9211099020624532,0.9656747404830925
test_171_normal_008,1732,0.8859530870830792,0.8310571573048505,0.9486143187012205,0.9414532871959288
test_171_normal_009,1235,0.9403594771203417,0.9488870568759367,0.9319838056604699,0.9797923875418965
test_171_normal_010,1639,0.9098438993280986,0.9519999999936534,0.871262965217381,0.9608304498256598
test_171_normal_011,1240,0.5940008449489058,0.6237799467557784,0.5669354838663957,0.8669896193759626
test_171_normal_012,1787,0.6748713358678119,0.5622669649494323,0.8438724118587361,0.7988927335629081
test_171_normal_013,857,0.5251446372918329,0.4244604316516226,0.6884480746710799,0.8523183390991663
test_171_normal_014,1199,0.9198347107400007,0.911547911540446,0.9282735612933423,0.9731487889259888
test_171_normal_015,1768,0.9076376554147199,0.9521739130375642,0.8670814479588966,0.9568166089952155
test_172_discont_000,1553,0.6372212692940085,0.9537869062778718,0.4784288473890636,0.8829065743932417
test_172_discont_001,482,0.05252525252419141,0.9999999992307692,0.026970954356286908,0.9350865051890171
test_172_discont_002,533,0.48162230671125955,0.7421874999710083,0.3564727954904977,0.9433910034589019
test_172_discont_003,1128,0.9559412550024213,0.9597855227796267,0.9521276595660273,0.9862975778533062
test_172_discont_004,1188,0.877146631436032,0.9196675900192091,0.8383838383767813,0.9613840830436521
test_172_empty_000,0,0.0,0.0,0.0,0.9999999999986159
test_172_empty_001,0,0.0,0.0,0.0,0.9862975778533062
test_172_empty_002,0,0.0,0.0,0.0,0.9999999999986159
test_172_empty_004,0,0.0,0.0,0.0,0.9999999999986159
test_172_empty_006,0,0.0,0.0,0.0,0.9305190311405807
test_172_empty_008,0,0.0,0.0,0.0,0.980622837368885
test_172_empty_010,0,0.0,0.0,0.0,0.9944636678186928
test_172_normal_000,1011,0.7451305428895768,0.6412268188256689,0.889218595441254,0.9148788927322977
test_172_normal_001,1236,0.9453248811373006,0.9262422360176534,0.965210355979246,0.9808996539778811
test_172_normal_002,1422,0.9092928544949674,0.9601250977250968,0.8635724331866135,0.9660899653965868
test_172_normal_003,1449,0.8997170701009126,0.8262124711268695,0.9875776397447373,0.955847750863729
test_172_normal_004,1279,0.9572981366422465,0.9506553585123312,0.9640344018689286,0.9847750865038273
test_172_normal_005,1553,0.7750241390383811,0.7747747747697892,0.7752736638713763,0.9032525951544592
test_172_normal_006,1198,0.908120472737674,0.8357894736783454,0.9941569282053911,0.966643598614579
test_172_normal_007,1459,0.9601921757002053,0.9615120274848007,0.9588759424197473,0.9839446366768388
test_172_normal_008,1400,0.8450524976110562,0.7619047619003907,0.9485714285646532,0.9325951557080517
test_172_normal_009,1429,0.9205319493969494,0.857920193465188,0.9930020993632401,0.9660899653965868
test_172_normal_010,1303,0.8227758007088157,0.7670869276657791,0.8871834228634906,0.9310726643585729
test_172_normal_011,1283,0.9400749063635203,0.9048305695680979,0.9781761496416355,0.9778546712789234
test_172_normal_012,688,0.6728430804824966,0.5591915303122311,0.8444767441737722,0.9217993079572017
test_172_normal_013,1135,0.9532955041424999,0.9446366781925205,0.9621145374364573,0.9851903114173215
test_172_normal_014,1248,0.9567307692269362,0.9567307692231032,0.9567307692231032,0.9850519031128234
test_172_normal_015,1371,0.9581056466267465,0.957059679760138,0.9591539022541273,0.9840830449813369
test_173_discont_000,1266,0.0,0.0,0.0,0.8238062283725622
test_173_discont_001,1302,0.0,0.0,0.0,0.8197923875421179
test_173_discont_002,1503,0.936657681937545,0.9488054607443768,0.9248170325953107,0.9739792387529772
test_173_discont_003,1263,0.6333122229238971,0.527704485485342,0.7917656373650692,0.8397231833898412
test_173_discont_004,1560,0.9058707773010631,0.9274680993893387,0.8852564102507356,0.9602768166076675
test_173_discont_005,887,0.5234248788326057,0.9230769230506246,0.36527621194627646,0.9183391003447497
test_173_discont_006,1072,0.801670146133603,0.9099526066242897,0.7164179104410783,0.9474048442893461
test_173_discont_007,1289,0.8308977035455912,0.899638336339063,0.771916214113484,0.9439446366768942
test_173_empty_000,0,0.0,0.0,0.0,0.9533564013827636
test_173_empty_002,0,0.0,0.0,0.0,0.9874048442892908
test_173_empty_004,0,0.0,0.0,0.0,0.9999999999986159
test_173_empty_007,0,0.0,0.0,0.0,0.857024221452101
test_173_empty_008,0,0.0,0.0,0.0,0.8257439446355354
test_173_empty_009,0,0.0,0.0,0.0,0.9911418685107389
test_173_empty_010,0,0.0,0.0,0.0,0.9835294117633446
test_173_empty_011,0,0.0,0.0,0.0,0.9919723183377274
test_173_normal_000,919,0.7668079951498074,0.8647540983488421,0.6887921653896758,0.9467128027668558
test_173_normal_001,1320,0.8050075872503604,0.8062310030333874,0.8037878787817896,0.9288581314866037
test_173_normal_002,1257,0.8255999999966976,0.8302493966143987,0.8210023866283135,0.9396539792374538
test_173_normal_003,1495,0.9192762700037603,0.9579405366137931,0.8836120401278689,0.9678892733550618
test_173_normal_004,1744,0.7003275109151192,0.6682291666631863,0.7356651376104607,0.848027681659726
test_173_normal_005,1736,0.8815908406119868,0.9241945672714833,0.8427419354790165,0.9456055363308712
test_173_normal_006,1046,0.8313953488331812,0.8428290766125459,0.8202676864166323,0.9518339100332847
test_173_normal_007,886,0.5298329355566441,0.8975741239650249,0.37584650112442614,0.9182006920402517
test_173_normal_008,1089,0.8894736842066252,0.8513853904210632,0.9311294765754718,0.9651211072651001
test_173_normal_009,1378,0.6207100591697612,0.5239760239734067,0.7612481857709634,0.8225605536320795
test_173_normal_010,1556,0.8756009615358306,0.8222347629750438,0.9363753213307432,0.9426989619364115
test_173_normal_011,1097,0.8872488724850872,0.806259314450028,0.9863263445671256,0.9619377162616444
test_173_normal_012,953,0.8608445297463492,0.7931034482688497,0.9412381951632609,0.9598615916941732
test_173_normal_013,903,0.5098970704631046,0.8944444444195987,0.3565891472828728,0.9143252595143054
test_173_normal_014,1224,0.8897426046834817,0.8397389412556945,0.9460784313648197,0.9602768166076675
test_173_normal_015,1595,0.6790890269131054,0.6427771556514963,0.719749216296428,0.8498269896182009
test_174_discont_000,3298,0.23838598354064672,0.9573560767386491,0.1361431170402179,0.6029065743936292
test_174_discont_001,2937,0.3871646501830953,0.8508670520132847,0.25059584610061086,0.6775086505180934
test_174_discont_002,2392,0.7764139590835706,0.9149177538235116,0.6743311036761107,0.8714186851199012
test_174_discont_003,2925,0.7230066445167712,0.9206768905292403,0.5952136752116404,0.8153633217981794
test_174_discont_004,863,0.6640959725764178,0.526852481301653,0.8980301274519348,0.8914878892721225
test_174_discont_005,1732,0.8631201434522919,0.8946716232906154,0.8337182447988816,0.936608996538496
test_174_discont_006,2197,0.8677685950395294,0.7945516458539745,0.9558488848386171,0.9114186851198458
test_174_discont_007,2401,0.6162699450677053,0.8284106891643572,0.4906289046210303,0.796955017299935
test_174_empty_001,0,0.0,0.0,0.0,0.9999999999986159
test_174_empty_002,0,0.0,0.0,0.0,0.9867128027668004
test_174_empty_003,0,0.0,0.0,0.0,0.9975086505176505
test_174_empty_004,0,0.0,0.0,0.0,0.9999999999986159
test_174_empty_009,0,0.0,0.0,0.0,0.9999999999986159
test_174_empty_010,0,0.0,0.0,0.0,0.9728719723169926
test_174_normal_000,2046,0.8922266139633934,0.967981703825226,0.8274682306899929,0.9433910034589019
test_174_normal_001,2345,0.8675632550698255,0.9319294808965136,0.8115138592715927,0.9195847750852324
test_174_normal_002,2234,0.9760143465568796,0.9775482712124942,0.9744852282857006,0.9851903114173215
test_174_normal_003,2487,0.7945958323773882,0.922872340420623,0.6976276638492255,0.8758477508638397
test_174_normal_004,2069,0.8083845013745323,0.7192916352648105,0.922667955529615,0.874740484427855
test_174_normal_005,1937,0.8326954619988172,0.8849506101052589,0.7862674238472573,0.915294117645792
test_174_normal_006,2409,0.5634573304142138,0.8259823576517564,0.4275633042738582,0.7791003460196829
test_174_normal_007,2528,0.9013539651818153,0.9868235294071209,0.8295094936676048,0.936470588233998
test_174_normal_008,2362,0.8143420311604762,0.7315345699806693,0.9182895850934873,0.8631141868500165
test_174_normal_009,2285,0.9102167182640862,0.9984326018756613,0.8363238511998411,0.9478200692028405
test_174_normal_010,2015,0.9677106093688572,0.9472433460031024,0.9890818858511709,0.9815916955003715
test_174_normal_011,1702,0.9100227790406891,0.8828729281719179,0.9388954171507704,0.9562629757772232
test_174_normal_012,2396,0.6373189434801553,0.9973333333244683,0.4682804674437885,0.8232525951545699
test_174_normal_013,2392,0.718289085543957,0.8717183770831044,0.6107859531747041,0.8413840830438182
test_174_normal_014,1939,0.9330669330646028,0.9046004842571206,0.9633831872049337,0.962906574393131
test_174_normal_015,2528,0.8995914857000654,0.9853980216628102,0.8275316455663468,0.9353633217980134
test_175_discont_000,1510,0.7882934245504056,0.9250669045412573,0.6867549668828692,0.9229065743931864
test_175_discont_001,917,0.5270072992662262,0.7969094922561388,0.39367502725852044,0.9103114186838612
test_175_discont_002,1180,0.3927881519614116,0.8176943699512682,0.258474576268996,0.869480968856928
test_175_discont_003,901,0.6836046049992711,0.5321384425183429,0.9556048834522131,0.8896885813136475
test_175_discont_004,404,0.0,0.0,0.0,0.9440830449813923
test_175_discont_005,634,0.4364508393233039,0.9099999999545,0.28706624605225445,0.9349480968845191
test_175_discont_006,1829,0.7452373264425405,0.9100946372167974,0.630945872057786,0.8907958477496322
test_175_empty_000,0,0.0,0.0,0.0,0.9999999999986159
test_175_empty_001,0,0.0,0.0,0.0,0.985882352939812
test_175_empty_002,0,0.0,0.0,0.0,0.9999999999986159
test_175_empty_009,0,0.0,0.0,0.0,0.9999999999986159
test_175_empty_010,0,0.0,0.0,0.0,0.9999999999986159
test_175_normal_000,627,0.9295987887893293,0.8847262247711134,0.979266347671782,0.9871280276802946
test_175_normal_001,607,0.9254210104175989,0.9015624999859131,0.9505766062446362,0.9871280276802946
test_175_normal_002,655,0.8976157082686003,0.8300907911695189,0.9770992366263038,0.9797923875418965
test_175_normal_003,769,0.9153986609804298,0.8604118993036566,0.9778933679976867,0.9807612456733831
test_175_normal_004,885,0.9058247142030168,0.8739495798227527,0.9401129943396598,0.9760553633204484
test_175_normal_005,690,0.9124487004041557,0.863989637294508,0.966666666652657,0.9822837370228619
test_175_normal_006,558,0.8861588861516286,0.815987933622685,0.9695340501618362,0.9807612456733831
test_175_normal_007,1210,0.7906474820115444,0.6999999999955414,0.9082644628024111,0.9194463667807343
test_175_normal_008,1092,0.8884924174804261,0.866086956514208,0.9120879120795597,0.9653979238740964
test_175_normal_009,633,0.9221556886158522,0.8762446657058856,0.9731437598582442,0.9856055363308158
test_175_normal_010,996,0.8673106253133335,0.8784757981371939,0.8564257028026463,0.9638754325246175
test_175_normal_011,1362,0.8625762468573285,0.8435087719239053,0.8825256974971916,0.9469896193758519
test_175_normal_012,551,0.8578391551514393,0.7764705882238754,0.9582577132312475,0.9757785467114523
test_175_normal_013,673,0.9165467625833342,0.8884239888300081,0.9465081723484917,0.9839446366768388
test_175_normal_014,694,0.9089673912981728,0.8598971722254511,0.9639769452310666,0.9814532871958734
test_175_normal_015,631,0.8975109809597548,0.8340136054308297,0.9714738510147152,0.980622837368885
test_176_discont_000,916,0.3102310231002625,0.39232053421715657,0.2565502183378106,0.8553633217981241
test_176_discont_001,757,0.3694951664836789,0.988505747069626,0.22721268163504343,0.918754325258244
test_176_discont_002,1265,0.8306010928933382,0.7312086590455129,0.9612648221267885,0.9313494809675691
test_176_discont_003,1101,0.7084785133524479,0.9822866344447296,0.5540417801947862,0.9305190311405807
test_176_discont_004,490,0.3098591549247283,0.6644295301567497,0.20204081632240734,0.9389619377149634
test_176_discont_005,1357,0.6555605583041173,0.8425925925828404,0.5364775239459361,0.894117647057586
test_176_discont_006,916,0.8801696712572632,0.8556701030839622,0.9061135371080119,0.9687197231820502
test_176_discont_007,1409,0.9062730627272831,0.9438893159035828,0.8715400993550636,0.964844290656104
test_176_empty_000,0,0.0,0.0,0.0,0.9389619377149634
test_176_empty_001,0,0.0,0.0,0.0,0.9723183390990002
test_176_empty_002,0,0.0,0.0,0.0,0.9803460207598889
test_176_empty_003,0,0.0,0.0,0.0,0.9999999999986159
test_176_empty_005,0,0.0,0.0,0.0,0.9184775086492478
test_176_empty_006,0,0.0,0.0,0.0,0.9862975778533062
test_176_empty_008,0,0.0,0.0,0.0,0.9479584775073385
test_176_empty_010,0,0.0,0.0,0.0,0.9988927335626313
test_176_empty_012,0,0.0,0.0,0.0,0.8979930795835322
test_176_normal_000,1129,0.9468682505358667,0.9241146711557833,0.9707705934369286,0.9829757785453523
test_176_normal_001,518,0.6588720770243545,0.5117521367466693,0.9247104246925731,0.9313494809675691
test_176_normal_002,932,0.9238145977574651,0.9174603174506089,0.9302575107196325,0.9802076124553907
test_176_normal_003,1904,0.8936757801687554,0.9423412929473365,0.8497899159619234,0.9467128027668558
test_176_normal_004,1839,0.9239956568921716,0.9224932249272494,0.925502990750813,0.961245674739154
test_176_normal_005,1436,0.9249999999966965,0.94941348972911,0.9018105849519373,0.9709342560540195
test_176_normal_006,1210,0.918575063609336,0.9433797909325491,0.8950413223066527,0.9734256055349849
test_176_normal_007,1397,0.9200144770144046,0.9304538799346234,0.909806728697854,0.9694117647045406
test_176_normal_008,1781,0.9397657557140553,0.9335180055349944,0.9460976979172033,0.970103806227031
test_176_normal_009,1768,0.9488476672261135,0.9430167597712681,0.9547511312163194,0.9748096885799656
test_176_normal_010,870,0.9304750869007505,0.9380841121385738,0.9229885057365174,0.9833910034588466
test_176_normal_011,2146,0.939456248569935,0.9215598386332516,0.9580615097811833,0.9633217993066252
test_176_normal_012,1458,0.9525745257420306,0.9410977242239552,0.9643347050688318,0.980622837368885
test_176_normal_013,1285,0.9391100702539458,0.9420516836261391,0.9361867704207302,0.9784083044969157
test_176_normal_014,1976,0.9429714857405128,0.932245301676893,0.953947368416225,0.9684429065730541
test_176_normal_015,2086,0.9571191660721224,0.9461358313773015,0.9683604985571987,0.9749480968844637
test_177_discont_000,811,0.1386718749986458,0.3333333333176839,0.08754623920977131,0.8779238754313109
test_177_discont_001,876,0.23785926659823728,0.9022556390299056,0.13698630136829923,0.8935640138395937
test_177_discont_002,1480,0.6908939014173313,0.9048140043664681,0.5587837837800083,0.8975778546700379
test_177_discont_003,1359,0.626836434864707,0.9370424597227373,0.4709345106661447,0.8945328719710802
test_177_discont_004,982,0.7218225419635419,0.5940789473645127,0.9195519348175198,0.9036678200679534
test_177_discont_005,1229,0.7695930036973778,0.6559633027485323,0.9308380797320518,0.9051903114174322
test_177_discont_006,1074,0.6314305849167321,0.5079365079336285,0.8342644320220274,0.855224913493626
test_177_discont_007,1437,0.7037516170732914,0.9251700680167214,0.5678496868436476,0.9049134948084361
test_177_empty_001,0,0.0,0.0,0.0,0.9476816608983423
test_177_empty_003,0,0.0,0.0,0.0,0.9987543252581332
test_177_empty_004,0,0.0,0.0,0.0,0.9999999999986159
test_177_empty_005,0,0.0,0.0,0.0,0.9999999999986159
test_177_empty_006,0,0.0,0.0,0.0,0.9999999999986159
test_177_empty_008,0,0.0,0.0,0.0,0.8359861591683931
test_177_empty_009,0,0.0,0.0,0.0,0.989480968856762
test_177_empty_011,0,0.0,0.0,0.0,0.9999999999986159
test_177_empty_012,0,0.0,0.0,0.0,0.8297577854659796
test_177_empty_013,0,0.0,0.0,0.0,0.8501038062271971
test_177_empty_014,0,0.0,0.0,0.0,0.9844982698948311
test_177_empty_015,0,0.0,0.0,0.0,0.9669204152235752
test_177_empty_018,0,0.0,0.0,0.0,0.8491349480957106
test_177_normal_000,1444,0.825353083014725,0.8211103495488615,0.8296398891909306,0.9298269896180902
test_177_normal_001,1307,0.6796536796515781,0.5703165542264125,0.8408569242475834,0.8566089965386068
test_177_normal_002,1512,0.7633136094649464,0.7588235294068051,0.7678571428520645,0.9003460207599996
test_177_normal_003,1311,0.8814213982198478,0.8928012519491957,0.8703279938911493,0.9575086505177058
test_177_normal_004,1697,0.8513429106781657,0.9056478405255439,0.8031820860294451,0.9341176470575306
test_177_normal_005,1646,0.6746987951789165,0.6031594064116651,0.7654921020609631,0.8318339100334508
test_177_normal_006,1202,0.7481959741711045,0.6883298392684254,0.8194675540697216,0.90823529411639
test_177_normal_007,1610,0.8002392344473678,0.7716262975734047,0.8310559006159562,0.9075432525938996
test_177_normal_008,1248,0.8590004063353962,0.8713932398938881,0.8469551281983417,0.9519723183377827
test_177_normal_009,1205,0.699424986927865,0.9449152542239418,0.555186721987094,0.9204152249122209
test_177_normal_010,1645,0.672173170035112,0.632368703104864,0.7173252279591652,0.8406920415213278
test_177_normal_011,1444,0.681118083283853,0.5790494665345343,0.8268698060884566,0.8452595155697643
test_177_normal_012,1698,0.8399044205470731,0.8521212121160479,0.8280329799715664,0.925813148787646
test_177_normal_013,1260,0.7161918499793862,0.6563119629831043,0.7880952380889834,0.8910726643586283
test_177_normal_014,1215,0.7874617736972956,0.735189150601462,0.8477366255074261,0.9230449826976844
test_177_normal_015,1675,0.8623121741770552,0.886506935681674,0.8394029850696155,0.9378546712789788
test_178_discont_000,894,0.6593533487259853,0.6813842482018928,0.6387024608429676,0.9183391003447497
test_178_discont_001,1043,0.8177816901372457,0.7558991049572344,0.8906999041141832,0.9426989619364115
test_178_discont_002,1284,0.7235316124177945,0.6961843052505675,0.7531152647916425,0.897716262974536
test_178_discont_003,806,0.6780758556860403,0.5405604719724147,0.9094292803857391,0.9036678200679534
test_178_empty_000,0,0.0,0.0,0.0,0.9999999999986159
test_178_empty_001,0,0.0,0.0,0.0,0.9880968858117812
test_178_empty_003,0,0.0,0.0,0.0,0.9424221453274153
test_178_empty_004,0,0.0,0.0,0.0,0.9925259515557197
test_178_empty_005,0,0.0,0.0,0.0,0.9763321799294445
test_178_empty_006,0,0.0,0.0,0.0,0.9796539792373984
test_178_empty_007,0,0.0,0.0,0.0,0.9959861591681717
test_178_empty_008,0,0.0,0.0,0.0,0.9972318339086543
test_178_empty_009,0,0.0,0.0,0.0,0.8871972318326821
test_178_empty_012,0,0.0,0.0,0.0,0.9900346020747542
test_178_empty_017,0,0.0,0.0,0.0,0.9331487889260441
test_178_empty_018,0,0.0,0.0,0.0,0.9485121107253308
test_179_discont_000,1933,0.7614543304736582,0.8882758620628396,0.6663217796137283,0.8883044982686668
test_179_discont_001,890,0.6239382239334059,0.9975308641729005,0.45393258426456257,0.9325951557080517
test_179_discont_002,833,0.3321087435684636,0.4280303030221964,0.2713085234061067,0.8741868512098627
test_179_discont_003,676,0.5138813282497884,0.40654608096118394,0.6982248520606772,0.876401384081832
test_179_discont_004,724,0.41339869280708014,0.50599999998988,0.3494475138073281,0.9006228373689957
test_179_discont_005,980,0.48653582838664294,0.44013212220941267,0.5438775510148584,0.8442906574382778
test_179_discont_006,1286,0.8936170212728677,0.9639963996312872,0.8328149300090761,0.9647058823516059
test_179_empty_000,487,0.4165029469520858,0.3057692307662907,0.652977412717598,0.8766782006908281
test_179_empty_004,0,0.0,0.0,0.0,0.9957093425591755
test_179_empty_006,0,0.0,0.0,0.0,0.9299653979225883
test_179_empty_007,0,0.0,0.0,0.0,0.9999999999986159
test_179_empty_008,0,0.0,0.0,0.0,0.948927335638825
test_179_empty_009,0,0.0,0.0,0.0,0.9861591695488081
test_17_discont_000,428,0.41366906474448145,0.3362573099366044,0.5373831775575377,0.9097577854658688
test_17_discont_001,423,0.6984126984041708,0.7222222222039842,0.6761229314260964,0.9658131487875906
test_17_discont_002,449,0.7184241019615478,0.7487922705133142,0.690423162568142,0.9663667820055829
test_17_discont_003,1053,0.6983864294551163,0.6187683284412114,0.8015194681785232,0.8991003460195168
test_17_empty_000,0,0.0,0.0,0.0,0.9999999999986159
test_17_empty_004,0,0.0,0.0,0.0,0.941868512109423
test_17_empty_005,0,0.0,0.0,0.0,0.8383391003448605
test_17_empty_008,0,0.0,0.0,0.0,0.9804844290643869
test_17_empty_011,430,0.40030911900772564,0.299768518515049,0.6023255813813413,0.8925951557081071
test_17_empty_012,0,0.0,0.0,0.0,0.9414532871959288
test_17_empty_013,737,0.6549707602284465,0.8521739130249527,0.531886024416121,0.9428373702409096
test_17_empty_014,0,0.0,0.0,0.0,0.9994463667806236
test_17_normal_000,858,0.5265095728993869,0.3848223896642367,0.8333333333236208,0.8220069204140872
test_17_normal_001,616,0.8524072612403125,0.8294930875448618,0.8766233766091457,0.9741176470574753
test_17_normal_002,744,0.4605067064049143,0.516722408018115,0.415322580639579,0.8997923875420072
test_17_normal_003,1008,0.8844317096423857,0.8526703499000676,0.91865079364168,0.966505190310081
test_17_normal_004,636,0.5914786967369133,0.6310160427695006,0.556603773576154,0.9323183390990556
test_17_normal_005,419,0.3347421808946123,0.20338983050742995,0.9451073985454628,0.7821453287186406
test_17_normal_006,943,0.738510301105449,0.7357894736764654,0.7412513255488733,0.9314878892720672
test_17_normal_007,1103,0.7423773751624287,0.7241379310282403,0.7615593834926423,0.9193079584762363
test_17_normal_008,575,0.7862190812651395,0.7989228007037895,0.7739130434648015,0.966505190310081
test_17_normal_009,606,0.7076350093043983,0.8119658119484623,0.6270627062602795,0.9565397923862193
test_17_normal_010,702,0.5522388059649979,0.7999999999783783,0.4216524216464152,0.9335640138395384
test_17_normal_011,659,0.42540834845580616,0.27958015267042186,0.8892261001382515,0.780899653978158
test_17_normal_012,812,0.5617243631576635,0.5980528511738796,0.5295566502397838,0.9071280276804053
test_17_normal_013,1012,0.6048059149700377,0.48316597755178287,0.8083003952489298,0.8520415224901702
test_17_normal_014,955,0.8241927216769647,0.8072289156545459,0.8418848167451112,0.952525951555775
test_17_normal_015,620,0.7923076923015977,0.757352941165333,0.8306451612769251,0.9626297577841347
test_180_discont_000,453,0.5326695706251857,0.37088388214583295,0.9448123620100483,0.8960553633205591
test_180_empty_000,0,0.0,0.0,0.0,0.9883737024207774
test_180_empty_001,0,0.0,0.0,0.0,0.9999999999986159
test_180_empty_002,0,0.0,0.0,0.0,0.9970934256041563
test_180_empty_003,0,0.0,0.0,0.0,0.9973702422131524
test_180_empty_004,0,0.0,0.0,0.0,0.9601384083031693
test_180_empty_006,0,0.0,0.0,0.0,0.9999999999986159
test_180_empty_008,71,0.16666666666456229,0.0915395284314627,0.9295774646578061,0.9086505190298843
test_180_empty_012,0,0.0,0.0,0.0,0.9999999999986159
test_180_empty_013,0,0.0,0.0,0.0,0.9999999999986159
test_180_empty_015,0,0.0,0.0,0.0,0.8714186851199012
test_180_empty_016,0,0.0,0.0,0.0,0.9999999999986159
test_180_normal_000,1040,0.6674556212991423,0.565886287621633,0.8134615384537168,0.8833217993067359
test_180_normal_001,560,0.6777188328867526,0.5390295358592929,0.9124999999837053,0.9327335640125498
test_180_normal_002,1186,0.9050059124915057,0.8497409326361974,0.9679595278164591,0.966643598614579
test_180_normal_003,1193,0.8446909667161463,0.8009015777550647,0.8935456831442286,0.9457439446353693
test_180_normal_004,1167,0.7894923677643256,0.6739393939353095,0.9528706083894356,0.9179238754312555
test_180_normal_005,1445,0.7805190643999342,0.7267303102581938,0.8429065743886305,0.9051903114174322
test_180_normal_006,773,0.7957231288644023,0.7041832669252571,0.9146183699752313,0.9497577854658135
test_180_normal_007,943,0.6507936507911913,0.5055783910716055,0.9130434782511873,0.8721107266423915
test_180_normal_008,1229,0.8567293777103592,0.7713355048809686,0.963384865736669,0.9451903114173769
test_180_normal_009,1144,0.7435374149634574,0.6085746102416004,0.955419580411229,0.8956401384070649
test_180_normal_010,1299,0.7504990019935114,0.6608084358485015,0.8683602771295739,0.8961937716250572
test_180_normal_011,1382,0.8443363446808745,0.8121657753956406,0.8791606367519599,0.9379930795834769
test_180_normal_012,974,0.8671548117109459,0.8837953091590214,0.8511293634409535,0.964844290656104
test_180_normal_013,651,0.7237604636141419,0.6230598669553984,0.8632872503707636,0.9406228373689404
test_180_normal_014,1229,0.8527298850544083,0.7633440514420364,0.9658258746870153,0.9432525951544039
test_180_normal_015,1101,0.7386363636337406,0.6064139941655603,0.9445958219714389,0.8981314878880303
test_181_discont_000,1268,0.6046035805595673,0.8602620087211025,0.46608832807203404,0.8930103806216014
test_181_discont_001,724,0.17412935323166506,0.874999999890625,0.09668508287159275,0.908096885811892
test_181_discont_002,594,0.6134067952193444,0.6747474747338434,0.5622895622800961,0.941730103804925
test_181_discont_003,750,0.050607287448880496,0.10504201680230915,0.03333333333288889,0.8701730103794184
test_181_discont_004,740,0.5738161559835301,0.916913946560329,0.41756756756192476,0.936470588233998
test_181_discont_005,1298,0.7206477732761105,0.8659459459365844,0.6171032357425493,0.9140484429053093
test_181_discont_006,1335,0.5072906069836985,0.46344485749403075,0.5602996254639678,0.7988927335629081
test_181_discont_007,1525,0.7122069523010824,0.9283456269659816,0.5777049180289987,0.9014532871959842
test_181_empty_000,0,0.0,0.0,0.0,0.9779930795834215
test_181_empty_001,405,0.37916471140131786,0.23406720741463463,0.9975308641729005,0.8168858131476583
test_181_empty_005,0,0.0,0.0,0.0,0.9970934256041563
test_181_empty_007,0,0.0,0.0,0.0,0.9317647058810633
test_181_empty_008,0,0.0,0.0,0.0,0.9976470588221485
test_181_empty_011,0,0.0,0.0,0.0,0.9968166089951601
test_181_normal_000,679,0.48377793799393015,0.32028639617985544,0.9882179675848569,0.8017993079573678
test_181_normal_001,638,0.8553719008205554,0.7628992628898906,0.9733542319596653,0.9709342560540195
test_181_normal_002,827,0.8934010152233876,0.8372093023167314,0.9576783554902336,0.9738408304484791
test_181_normal_003,1534,0.8604651162760378,0.9363496932443532,0.7959582790039378,0.9451903114173769
test_181_normal_004,749,0.7999999999940741,0.898502495825316,0.7209612816993196,0.9626297577841347
test_181_normal_005,1474,0.7646229739226053,0.7954545454487137,0.7360922659380185,0.9075432525938996
test_181_normal_006,1441,0.8456645463647617,0.8169469598912229,0.8764746703617178,0.9361937716250018
test_181_normal_007,760,0.8636085626858495,0.8068571428479216,0.9289473684088296,0.9691349480955445
test_181_normal_008,1719,0.7047101449254085,0.7325800376601848,0.6788830715492794,0.8646366781994953
test_181_normal_009,685,0.7584541062740866,0.8456014362505277,0.6875912408658745,0.9584775086491925
test_181_normal_010,1197,0.7164995442093087,0.5630372492809789,0.9849624060068091,0.8708650519019089
test_181_normal_011,870,0.8174726989037053,0.7464387464316579,0.9034482758516845,0.9514186851197904
test_181_normal_012,803,0.8985163204694451,0.8582766439811986,0.9427148194154082,0.9763321799294445
test_181_normal_013,663,0.8550819672075077,0.7563805104320606,0.9834087480997977,0.9694117647045406
test_181_normal_014,1506,0.843399638333297,0.926131850667783,0.7742363877770636,0.940069204150948
test_181_normal_015,644,0.8237951807166883,0.7997076023274896,0.8493788819743885,0.9676124567460656
test_182_discont_000,1288,0.8370883882112778,0.9470588235201268,0.7499999999941771,0.9479584775073385
test_182_discont_001,588,0.49035187286895376,0.36797274275666125,0.7346938775385256,0.8757093425593416
test_182_discont_002,1009,0.606160616058272,0.681087762661544,0.5460852328984531,0.9008996539779919
test_182_discont_003,674,0.6510878323879848,0.7125220458428126,0.5994065281810177,0.940069204150948
test_182_discont_004,1047,0.7710970464094352,0.8610129564091753,0.6981852913018322,0.9399307958464499
test_182_discont_005,1126,0.8319919517060765,0.9593967517290093,0.7344582593185217,0.9537716262962578
test_182_empty_000,0,0.0,0.0,0.0,0.9999999999986159
test_182_empty_005,0,0.0,0.0,0.0,0.9998615916941178
test_182_empty_007,0,0.0,0.0,0.0,0.9755017301024561
test_182_empty_008,0,0.0,0.0,0.0,0.9999999999986159
test_182_empty_009,0,0.0,0.0,0.0,0.9999999999986159
test_182_empty_012,0,0.0,0.0,0.0,0.9462975778533615
test_182_empty_013,0,0.0,0.0,0.0,0.9767474048429388
test_182_empty_014,0,0.0,0.0,0.0,0.977301038060931
test_183_discont_000,1035,0.7763904653758434,0.9408528197944862,0.6608695652110061,0.9454671280263731
test_183_discont_001,679,0.2944785276037487,0.8823529411115917,0.17673048600623373,0.9204152249122209
test_183_discont_002,588,0.5142857142798367,0.7839721254082239,0.3826530612179821,0.9411764705869327
test_183_discont_003,520,0.259541984728862,0.6296296295829904,0.16346153845839498,0.932871972317048
test_183_discont_004,1413,0.6997943797097335,0.6784053156101103,0.7225760792588636,0.8787543252582993
test_183_discont_005,538,0.4072632944175452,0.673819742460351,0.29182156133286574,0.9367474048429941
test_183_discont_006,1778,0.6877419354816525,0.8063540090710564,0.5995500562395976,0.8660207612444761
test_183_discont_007,1073,0.5882352941147148,0.6323687031014752,0.5498602050274943,0.8856747404832033
test_183_empty_000,0,0.0,0.0,0.0,0.9999999999986159
test_183_empty_001,0,0.0,0.0,0.0,0.9709342560540195
test_183_empty_002,0,0.0,0.0,0.0,0.9999999999986159
test_183_empty_003,0,0.0,0.0,0.0,0.9849134948083254
test_183_normal_000,602,0.6201873048875121,0.451515151511731,0.9900332225749163,0.8989619377150188
test_183_normal_001,807,0.9260410192608699,0.9289276807864223,0.9231722428634055,0.9835294117633446
test_183_normal_002,1300,0.8945660989420334,0.9459691252062954,0.8484615384550119,0.9640138408291156
test_183_normal_003,774,0.8774542992493064,0.9217638691191783,0.8372093023147648,0.9749480968844637
test_183_normal_004,1491,0.9516129032226088,0.9535353535289325,0.9496981891284394,0.9800692041508926
test_183_normal_005,862,0.9363166953474681,0.9262202043027671,0.9466357308474869,0.9846366781993292
test_183_normal_006,2038,0.7861708309099763,0.96367521366835,0.6638861629015511,0.8981314878880303
test_183_normal_007,735,0.8245877061407453,0.9181969949763239,0.7482993197177102,0.9676124567460656
test_183_normal_008,969,0.8151447661433624,0.7170846394928129,0.9442724458106886,0.9425605536319134
test_183_normal_009,1838,0.9534246575316345,0.9602649006569522,0.9466811751852738,0.9764705882339426
test_184_discont_000,654,0.0,0.0,0.0,0.9094809688568727
test_184_discont_001,1278,0.6786582401522672,0.8960205391412578,0.5461658841897796,0.9085121107253862
test_184_discont_002,876,0.8807017543808147,0.9028776978309008,0.8595890410860777,0.9717647058810079
test_184_discont_003,1249,0.6904188733717361,0.865942028975049,0.5740592473933223,0.9110034602063516
test_184_discont_004,1143,0.4998529844148784,0.37643932683624254,0.7436570428631352,0.7645674740473847
test_184_discont_005,1552,0.8417371028830029,0.7684938797191672,0.9304123711280258,0.9248442906561594
test_184_discont_006,1442,0.9075686537143083,0.8775906735694458,0.939667128981001,0.9617993079571463
test_184_discont_007,900,0.7591888466365071,0.8834808259456713,0.6655555555481605,0.9474048442893461
test_184_empty_000,0,0.0,0.0,0.0,0.9999999999986159
test_184_empty_001,0,0.0,0.0,0.0,0.9999999999986159
test_184_empty_002,0,0.0,0.0,0.0,0.9519723183377827
test_184_empty_004,0,0.0,0.0,0.0,0.9707958477495214
test_184_empty_006,0,0.0,0.0,0.0,0.9999999999986159
test_184_empty_007,0,0.0,0.0,0.0,0.9999999999986159
test_184_empty_008,0,0.0,0.0,0.0,0.9999999999986159
test_184_empty_010,0,0.0,0.0,0.0,0.9810380622823792
test_184_normal_000,1164,0.5153448799741254,0.3986835919116188,0.7285223367635008,0.779238754324181
test_184_normal_001,1322,0.908610271899892,0.907239818997683,0.9099848714000758,0.966505190310081
test_184_normal_002,905,0.923584387020761,0.9190371991146714,0.9281767955698544,0.9807612456733831
test_184_normal_003,1870,0.8832282471604459,0.8357995226690416,0.9363636363586291,0.9359169550160057
test_184_normal_004,946,0.9549839228244642,0.9684782608590383,0.9418604651063228,0.9883737024207774
test_184_normal_005,996,0.9522872602019071,0.933461909344904,0.9718875501910453,0.9865743944623023
test_184_normal_006,975,0.8863409770643752,0.8622696411167579,0.9117948717855201,0.9684429065730541
test_184_normal_007,1606,0.9261380765724265,0.8977206312045721,0.9564134495581793,0.9660899653965868
test_184_normal_008,1804,0.9634955752185744,0.961368653416328,0.9656319290412105,0.9817301038048696
test_184_normal_009,871,0.9397861564381554,0.9216335540737126,0.9586681974631611,0.9851903114173215
test_184_normal_010,1138,0.9343257443041405,0.9310645724177046,0.937609841819529,0.9792387543239042
test_184_normal_011,1193,0.9022204908418301,0.8427947598191937,0.9706621961360381,0.9652595155695983
test_184_normal_012,1684,0.9011611441492462,0.8613968597679406,0.944774346787739,0.9516955017287866
test_184_normal_013,927,0.9192612137154657,0.8997933884204566,0.9395900755022698,0.97882352941041
test_184_normal_014,1583,0.8910891089082176,0.8485714285665796,0.93809222993722,0.9497577854658135
test_184_normal_015,1761,0.9195527679276806,0.8845750262283076,0.9574105621751425,0.9591695501716828
test_185_discont_000,464,0.2528334786388281,0.15846994535432532,0.6249999999865301,0.7627681660889096
test_185_discont_001,455,0.3922261484029642,0.99999999990991,0.2439560439506823,0.952387543251277
test_185_discont_002,991,0.8829098156408426,0.8720472440859051,0.8940464177508168,0.9674740484415675
test_185_empty_000,0,0.0,0.0,0.0,0.998339100344639
test_185_empty_003,0,0.0,0.0,0.0,0.9861591695488081
test_185_empty_004,316,0.12223291626505182,0.07207718501661704,0.40189873416449684,0.747543252594121
test_185_empty_005,0,0.0,0.0,0.0,0.9988927335626313
test_185_empty_007,0,0.0,0.0,0.0,0.9604152249121656
test_185_empty_010,0,0.0,0.0,0.0,0.9998615916941178
test_185_empty_011,0,0.0,0.0,0.0,0.8387543252583547
test_185_empty_012,0,0.0,0.0,0.0,0.9908650519017428
test_185_empty_013,0,0.0,0.0,0.0,0.9662283737010848
test_185_normal_000,1013,0.8720651653048775,0.8472998137723716,0.8983218163781015,0.9630449826976291
test_185_normal_001,1342,0.8931591083747381,0.922222222214903,0.8658718330784958,0.9615224913481502
test_185_normal_002,856,0.9110728628748648,0.8951521984115541,0.9275700934471078,0.9785467128014138
test_185_normal_003,1280,0.9120918550379904,0.8433974784283783,0.9929687499922425,0.9660899653965868
test_185_normal_004,1017,0.7457227138599073,0.9321533923166349,0.6214355948808118,0.9403460207599442
test_185_normal_005,763,0.7740805604157964,0.697894736834759,0.8689384010371043,0.9464359861578596
test_185_normal_006,842,0.7525925925870179,0.999999999980315,0.6033254156697943,0.9537716262962578
test_185_normal_007,1359,0.8882154882124976,0.8187461204170159,0.9705665930760077,0.9540484429052539
test_185_normal_008,1112,0.8871342313010352,0.9173871277529551,0.8588129496325647,0.9663667820055829
test_185_normal_009,1147,0.8515595640704564,0.7483487450412923,0.9877942458501501,0.945328719721875
test_185_normal_010,1051,0.8308351177685716,0.9498164014571626,0.7383444338654773,0.9562629757772232
test_185_normal_011,862,0.8931506849266129,0.8463136033141608,0.9454756380400757,0.9730103806214907
test_185_normal_012,868,0.933177022268856,0.9498806682464215,0.9170506912336746,0.984221453285835
test_185_normal_013,861,0.8111392405022221,0.7190305206398652,0.9303135888393692,0.9483737024208327
test_185_normal_014,758,0.6748251748192761,0.9999999999740933,0.5092348284893241,0.9485121107253308
test_185_normal_015,1372,0.9036777583155738,0.8698583951391109,0.9402332361447505,0.9619377162616444
test_186_discont_000,855,0.891304347821243,0.8324873096362184,0.959064327474163,0.9723183390990002
test_186_discont_001,1219,0.7616493462931222,0.6439909297015647,0.9319114027815266,0.9015916955004822
test_186_discont_002,652,0.21014925373008866,0.17204301075100642,0.2699386503026083,0.8168858131476583
test_186_discont_003,1111,0.5953153153131701,0.49639423076624767,0.7434743474280516,0.844567474047274
test_186_discont_004,1122,0.4502332814912511,0.39931034482483235,0.5160427807440638,0.8042906574383332
test_186_discont_005,1247,0.9200795228591647,0.9124605678161478,0.9278267842748371,0.9721799307945022
test_186_discont_006,1655,0.8404344193794474,0.7794421487563046,0.9117824773358806,0.9206920415212171
test_186_discont_007,1230,0.7331358999646821,0.6158098396870326,0.9056910569032058,0.8877508650506744
test_186_empty_000,0,0.0,0.0,0.0,0.9999999999986159
test_186_empty_001,0,0.0,0.0,0.0,0.8826297577842455
test_186_empty_003,0,0.0,0.0,0.0,0.9202768166077228
test_186_empty_004,0,0.0,0.0,0.0,0.9706574394450234
test_186_empty_006,0,0.0,0.0,0.0,0.9961245674726698
test_186_empty_009,0,0.0,0.0,0.0,0.9999999999986159
test_186_empty_010,0,0.0,0.0,0.0,0.9999999999986159
test_186_empty_011,0,0.0,0.0,0.0,0.9944636678186928
test_186_empty_012,771,0.34874371859121234,0.2846595570116107,0.45006485083722353,0.8206228373691065
test_186_empty_014,0,0.0,0.0,0.0,0.9172318339087651
test_186_empty_015,0,0.0,0.0,0.0,0.985882352939812
test_186_normal_000,1003,0.9133709981124606,0.865298840313423,0.9670987038786929,0.9745328719709695
test_186_normal_001,1112,0.9179039301269961,0.8921901527937846,0.9451438848835869,0.9739792387529772
test_186_normal_002,1178,0.6448669201496393,0.584022038563471,0.7198641765643475,0.8707266435974108
test_186_normal_003,1161,0.9110663983866758,0.8549848942533612,0.97502153315267,0.9694117647045406
test_186_normal_004,1083,0.9107939339834488,0.8809318377835986,0.9427516158731049,0.9723183390990002
test_186_normal_005,1125,0.855210819407895,0.7739380849476319,0.9555555555470618,0.9496193771613154
test_186_normal_006,1090,0.9284164858961891,0.8806584362067437,0.9816513761377831,0.977162629756433
test_186_normal_007,1293,0.9220130618481674,0.9160305343441525,0.9280742459324975,0.971903114185506
test_186_normal_008,1192,0.910234899325041,0.9102348993212229,0.9102348993212229,0.9703806228360272
test_186_normal_009,1002,0.9294566253530532,0.8895985401378688,0.9730538922058577,0.9795155709329003
test_186_normal_010,1076,0.8728522336732266,0.8115015974376079,0.944237918206838,0.9590311418671847
test_186_normal_011,1207,0.8919646289854212,0.832137733136068,0.961060480522278,0.9611072664346559
test_186_normal_012,1194,0.9237742068359136,0.9091646390842729,0.938860971516425,0.9743944636664714
test_186_normal_013,1111,0.9444926279230508,0.9112970711220812,0.9801980197931577,0.9822837370228619
test_186_normal_014,1292,0.9194348988128315,0.9073097211687468,0.9318885448844282,0.9707958477495214
test_186_normal_015,1046,0.9161758042550242,0.8708010335842309,0.9665391969314864,0.9743944636664714
test_187_discont_000,1754,0.7885806625349082,0.747320061251928,0.834663625992961,0.8913494809676245
test_187_discont_001,771,0.6224627875479366,0.4771784232332146,0.8949416342296376,0.8841522491337244
test_187_discont_002,469,0.3053691275116549,0.7165354330144461,0.19402985074213155,0.9426989619364115
test_187_discont_003,1234,0.8533333333303392,0.7524752475200961,0.9854132901054667,0.9421453287184192
test_187_discont_004,950,0.8384180790913084,0.9048780487694527,0.7810526315707258,0.9604152249121656
test_187_discont_005,815,0.7854855923117103,0.6949952785581209,0.9030674846514961,0.9443598615903884
test_187_discont_006,913,0.8474957793987198,0.8715277777676906,0.8247535596842853,0.9624913494796367
test_187_discont_007,824,0.5849849849814716,0.5790725326922821,0.5910194174685556,0.9043598615904438
test_187_empty_000,0,0.0,0.0,0.0,0.9999999999986159
test_187_empty_001,0,0.0,0.0,0.0,0.9568166089952155
test_187_empty_003,0,0.0,0.0,0.0,0.9991695501716275
test_187_empty_004,0,0.0,0.0,0.0,0.945328719721875
test_187_empty_006,0,0.0,0.0,0.0,0.9999999999986159
test_187_empty_007,0,0.0,0.0,0.0,0.9999999999986159
test_187_empty_009,0,0.0,0.0,0.0,0.9703806228360272
test_187_empty_010,0,0.0,0.0,0.0,0.9951557093411831
test_187_empty_012,0,0.0,0.0,0.0,0.968166089964058
test_187_normal_000,887,0.7522847522811338,0.6560402684508722,0.8816234498209512,0.9287197231821056
test_187_normal_001,1201,0.9588045234210065,0.930980392149561,0.9883430474522203,0.985882352939812
test_187_normal_002,1061,0.8381037567046596,0.7974468085038516,0.8831291234601025,0.9498961937703115
test_187_normal_003,834,0.713929106336925,0.611633875101697,0.8573141486707756,0.9206920415212171
test_187_normal_004,984,0.7765853658498704,0.7467166979292054,0.8089430894226733,0.936608996538496
test_187_normal_005,1122,0.900715563502233,0.9039497306920652,0.8975044563199867,0.9692733564000425
test_188_discont_000,738,0.7382550335520923,0.7313829787136784,0.7452574525644274,0.9460207612443654
test_188_discont_001,1163,0.20811287477862386,0.2135746606315514,0.20292347377297573,0.7514186851200673
test_188_discont_002,987,0.5600756859008511,0.5252883762153924,0.5997973657487355,0.8712802768154031
test_188_discont_003,417,0.7305848513832159,0.6086261980733446,0.913669064726291,0.9611072664346559
test_188_discont_004,905,0.7027667984161946,0.5470769230735565,0.9823204419780959,0.8959169550160611
test_188_discont_005,1210,0.38467492259913055,0.3617176128066833,0.41074380164949803,0.7799307958466714
test_188_empty_000,0,0.0,0.0,0.0,0.9659515570920887
test_188_empty_002,0,0.0,0.0,0.0,0.9921107266422254
test_188_empty_005,0,0.0,0.0,0.0,0.8422145328708066
test_188_empty_008,0,0.0,0.0,0.0,0.9393771626284576
test_188_empty_010,0,0.0,0.0,0.0,0.9779930795834215
test_188_normal_000,808,0.6728971962588237,0.512289780074306,0.980198019789849,0.8934256055350956
test_188_normal_001,1032,0.8372795969731119,0.8719832109037567,0.8052325581317323,0.9552941176457367
test_188_normal_002,921,0.7936218678779334,0.6836734693823888,0.9457111834859314,0.9373010380609864
test_188_normal_003,1153,0.650364963501276,0.5614366729643262,0.7727666955700542,0.8674048442894569
test_188_normal_004,949,0.6897223575222128,0.6413043478202781,0.746048472068008,0.91183391003334
test_188_normal_005,991,0.8151260504167432,0.6983441324643749,0.9788092835420907,0.9391003460194615
test_188_normal_006,687,0.7532913566070218,0.620754716975276,0.9577874817910075,0.9403460207599442
test_188_normal_007,1057,0.7241257506155984,0.5777903043935864,0.9697256385906365,0.8919031141856167
test_188_normal_008,955,0.7673883003188974,0.6850328947312087,0.87225130889139,0.9301038062270863
test_188_normal_009,966,0.7999999999958334,0.805031446532442,0.795031055892391,0.9468512110713538
test_188_normal_010,537,0.7025892232281135,0.5627802690519867,0.934823091230264,0.9411764705869327
test_188_normal_011,1044,0.8043117744576936,0.709064327480197,0.9291187739374607,0.9346712802755229
test_188_normal_012,818,0.7956349206309741,0.669449081797417,0.9804400977875252,0.9429757785454077
test_188_normal_013,935,0.7194357366742969,0.567717996285914,0.9818181818076811,0.9008996539779919
test_188_normal_014,994,0.6493295408344196,0.5446489434182369,0.8038229376176678,0.8805536332167744
test_188_normal_015,1030,0.8290804044254739,0.8223495701927188,0.8359223300889718,0.9508650519017982
test_189_discont_000,723,0.753550543017932,0.9514767932288718,0.6237897648599753,0.9591695501716828
test_189_empty_000,0,0.0,0.0,0.0,0.911695501728842
test_189_empty_001,0,0.0,0.0,0.0,0.8766782006908281
test_189_empty_004,0,0.0,0.0,0.0,0.9260899653966421
test_189_empty_005,0,0.0,0.0,0.0,0.9970934256041563
test_189_empty_010,0,0.0,0.0,0.0,0.9289965397911017
test_189_empty_011,0,0.0,0.0,0.0,0.9269204152236306
test_189_normal_000,666,0.6784021665492322,0.6177558569590905,0.7522522522409572,0.9342560553620287
test_189_normal_001,910,0.8944472236073315,0.820936639110919,0.9824175824067866,0.9707958477495214
test_189_normal_002,1523,0.9063719115705254,0.8976175144823078,0.9152987524562358,0.9601384083031693
test_189_normal_003,751,0.8788765359808142,0.7839248434156166,0.9999999999866844,0.9713494809675137
test_189_normal_004,925,0.8514173998003353,0.7769848349618468,0.9416216216114419,0.9579238754312002
test_189_normal_005,1606,0.8945831981806858,0.9336492890932049,0.8586550435812039,0.9550173010367404
test_189_normal_006,723,0.7517965726879392,0.6261510128855787,0.9405255878154837,0.9378546712789788
test_189_normal_007,754,0.9204406364692752,0.8545454545357438,0.9973474800928733,0.9820069204138657
test_189_normal_008,1539,0.8495960223715053,0.8141751042238584,0.8882391163035203,0.9330103806215461
test_189_normal_009,1161,0.6069246435814312,0.7422166874129238,0.5133505598577662,0.8931487889260995
test_189_normal_010,1152,0.8428571428537982,0.7763157894680095,0.9218749999919977,0.9451903114173769
test_189_normal_011,928,0.8823826350283576,0.830009496668281,0.9418103448174374,0.9677508650505637
test_189_normal_012,828,0.8333333333288531,0.7509689922407853,0.935990338152947,0.9570934256042116
test_189_normal_013,699,0.7458379578205004,0.6092475067941139,0.9613733905441864,0.936608996538496
test_189_normal_014,729,0.8847087378587093,0.7932535364440342,0.9999999999862825,0.9737024221439811
test_189_normal_015,1284,0.8752735229727379,0.8230452674840669,0.9345794392450578,0.9526643598602731
test_18_discont_000,790,0.32115384615075815,0.66799999997328,0.2113924050606153,0.9022837370229726
test_18_discont_001,798,0.8993746446793669,0.8231009365158887,0.9912280701630172,0.9755017301024561
test_18_discont_002,371,0.0,0.0,0.0,0.9486505190298289
test_18_discont_003,1075,0.4317369549647482,0.9320987654033303,0.28093023255552624,0.8899653979226436
test_18_discont_004,1139,0.6787096774171655,0.5364609892884423,0.9236172080691518,0.8621453287185299
test_18_discont_005,1210,0.649535265168674,0.9596122778520256,0.4909090909050339,0.9112802768153477
test_18_discont_006,1027,0.36750788643243293,0.9668049792129956,0.2268743914291444,0.8889965397911571
test_18_discont_007,1355,0.4966960352395557,0.9783080260091473,0.33284132841082775,0.8734948096873724
test_18_empty_000,0,0.0,0.0,0.0,0.9583391003446944
test_18_empty_001,0,0.0,0.0,0.0,0.9867128027668004
test_18_empty_003,0,0.0,0.0,0.0,0.8571626297565991
test_18_empty_004,0,0.0,0.0,0.0,0.9999999999986159
test_18_empty_005,0,0.0,0.0,0.0,0.945328719721875
test_18_normal_000,1000,0.7964503605058434,0.8941469489303344,0.71799999999282,0.9492041522478212
test_18_normal_001,1065,0.937529356500998,0.9379699248032146,0.9370892018691354,0.9815916955003715
test_18_normal_002,1071,0.9071618037095175,0.8614609571716083,0.9579831932683662,0.9709342560540195
test_18_normal_003,1133,0.7690150718514931,0.6377906976707105,0.9682259487999275,0.9087889273343823
test_18_normal_004,1113,0.407142857139949,0.993031358850417,0.25606469002465354,0.8851211072652109
test_18_normal_005,977,0.8528528528485844,0.8344760039095546,0.8720573183124661,0.9593079584761809
test_18_normal_006,1057,0.8773448773406574,0.8923679060578046,0.8628192998972298,0.9647058823516059
test_18_normal_007,997,0.6585648148110037,0.7783857729031685,0.5707121364035034,0.9183391003447497
test_18_normal_008,1141,0.8384991843358952,0.78413424865916,0.9009640666003422,0.9451903114173769
test_18_normal_009,1247,0.48521424260419305,0.9804878048541344,0.3223736968699088,0.8819377162617551
test_18_normal_010,1043,0.9376199616077849,0.9385206532090441,0.9367209971147008,0.9820069204138657
test_18_normal_011,997,0.8047084002097127,0.8623853210910277,0.7542627883575299,0.9494809688568173
test_18_normal_012,1024,0.8973418881718729,0.8454231433433038,0.9560546874906636,0.9689965397910464
test_18_normal_013,1096,0.9073569482247623,0.9032549728670592,0.911496350356647,0.9717647058810079
test_18_normal_014,1011,0.7143709004131523,0.8993993993858949,0.5924826903996787,0.9337024221440364
test_18_normal_015,1110,0.8605504587116489,0.8766355140104988,0.845045045037432,0.9579238754312002
test_190_discont_000,732,0.0,0.0,0.0,0.8986851211060226
test_190_discont_001,757,0.8543087414702152,0.8049065420466717,0.9101717305031681,0.9674740484415675
test_190_discont_002,1086,0.8457201435118108,0.9537572254224999,0.7596685082802977,0.9583391003446944
test_190_discont_003,419,0.28014184396666414,0.5448275861693223,0.1885441527401302,0.9438062283723961
test_190_discont_004,1201,0.6982142857122077,0.5433070866116568,0.976686094912767,0.8596539792375645
test_190_discont_005,999,0.6721728081278769,0.919999999984,0.5295295295242289,0.9285813148776075
test_190_discont_006,715,0.789259560611967,0.9435797665186074,0.6783216783121913,0.9641522491336136
test_190_discont_007,1812,0.7920479646551214,0.9248341930661398,0.692604856508319,0.9087889273343823
test_190_empty_000,0,0.0,0.0,0.0,0.978961937714908
test_190_empty_001,0,0.0,0.0,0.0,0.8654671280264838
test_190_empty_003,0,0.0,0.0,0.0,0.9941868512096966
test_190_empty_005,0,0.0,0.0,0.0,0.9779930795834215
test_190_empty_007,0,0.0,0.0,0.0,0.9673356401370694
test_190_empty_008,0,0.0,0.0,0.0,0.9075432525938996
test_190_normal_000,1246,0.9188773548599812,0.8819188191816834,0.9590690208590765,0.9707958477495214
test_190_normal_001,1201,0.8980694980660306,0.8372930165526473,0.968359700241729,0.9634602076111233
test_190_normal_002,1025,0.8702213279634295,0.8982346832720848,0.8439024390161571,0.9642906574381117
test_190_normal_003,1725,0.8396572827391687,0.8891769280564539,0.795362318835969,0.9274740484416228
test_190_normal_004,965,0.9393305439281416,0.9482576557450025,0.9305699481768853,0.9839446366768388
test_190_normal_005,1649,0.8724072910092006,0.9054142204768075,0.84172225590757,0.9438062283723961
test_190_normal_006,1444,0.7364016736382416,0.5915966386529765,0.9750692520708099,0.860484429064553
test_190_normal_007,1364,0.9118264520611903,0.8721552878121007,0.9552785923683631,0.9651211072651001
test_190_normal_008,1098,0.9529035208003983,0.9568411386505341,0.9489981784977324,0.9857439446353139
test_190_normal_009,1019,0.8812691913977417,0.9208556149634133,0.8449460255069191,0.9678892733550618
test_190_normal_010,1738,0.8791144771311415,0.8902654867204115,0.8682393555761322,0.9425605536319134
test_190_normal_011,1439,0.8989898989868721,0.8719790986226521,0.9277275885967498,0.9584775086491925
test_190_normal_012,1279,0.7984661269671988,0.8773408239618228,0.7326035965540845,0.9345328719710249
test_190_normal_013,1383,0.6639292482606951,0.5894559730757742,0.7599421547305861,0.8527335640126605
test_190_normal_014,1336,0.9090909090876809,0.8648648648590213,0.9580838323281581,0.9645674740471079
test_190_normal_015,1441,0.8776520509162743,0.8947368420988123,0.8612074947893047,0.9521107266422808
test_191_discont_000,1004,0.4620971402611798,0.424520433691205,0.5069721115487353,0.8359861591683931
test_191_discont_001,991,0.6928028086559813,0.824512534807458,0.5973763874813585,0.9273356401371248
test_191_discont_002,467,0.5961820851601148,0.9485981307967944,0.4346895074853385,0.9619377162616444
test_191_discont_003,992,0.8974358974314722,0.8783783783699,0.917338709668172,0.9712110726630157
test_191_discont_004,1285,0.7684346701131158,0.8617021276512409,0.6933852140023862,0.9256747404831479
test_191_empty_000,0,0.0,0.0,0.0,0.9709342560540195
test_191_empty_003,0,0.0,0.0,0.0,0.9969550172996582
test_191_empty_008,0,0.0,0.0,0.0,0.9999999999986159
test_191_normal_000,799,0.8760736196265272,0.8592057761629458,0.8936170212654115,0.9720415224900041
test_191_normal_001,727,0.6728971962559652,0.8799999999804444,0.5447042640915446,0.9467128027668558
test_191_normal_002,740,0.9133024487034196,0.8949416342296376,0.932432432419832,0.9818685121093677
test_191_normal_003,755,0.8994159636541246,0.8816793893017598,0.9178807946898294,0.9785467128014138
test_191_normal_004,695,0.827476038332049,0.9299820466619393,0.7453237409964701,0.970103806227031
test_191_normal_005,709,0.783999999993728,0.9057301293732767,0.6911142454063313,0.9626297577841347
test_191_normal_006,776,0.8906933166715135,0.8642424242319485,0.9188144329778504,0.9757785467114523
test_191_normal_007,754,0.9028420356847136,0.8998682476824786,0.9058355437545645,0.9796539792373984
test_192_discont_000,701,0.28205128204799473,0.7707006368935859,0.17261055634561184,0.9147404844277996
test_192_discont_001,1061,0.6469544648098938,0.8682539682401864,0.5155513666303907,0.9173702422132631
test_192_discont_002,666,0.6172588832455977,0.4662576687080809,0.9129129128992055,0.8956401384070649
test_192_discont_003,1107,0.6803779877672019,0.8843930635710348,0.5528455284502906,0.9204152249122209
test_192_discont_004,295,0.3397260273879527,0.8857142855877552,0.21016949151829933,0.966643598614579
test_192_discont_005,1440,0.6283062644982446,0.9468531468399042,0.47013888888562405,0.8891349480956552
test_192_discont_006,1298,0.6789447486277803,0.9592123769204048,0.5254237288095114,0.9107266435973554
test_192_discont_007,528,0.5052910052843216,0.8377192982088719,0.36174242423557307,0.9482352941163347
test_192_empty_000,0,0.0,0.0,0.0,0.9999999999986159
test_192_empty_002,0,0.0,0.0,0.0,0.9999999999986159
test_192_empty_004,0,0.0,0.0,0.0,0.9999999999986159
test_192_empty_006,0,0.0,0.0,0.0,0.9999999999986159
test_192_empty_008,0,0.0,0.0,0.0,0.9999999999986159
test_192_empty_009,0,0.0,0.0,0.0,0.9999999999986159
test_192_empty_010,0,0.0,0.0,0.0,0.9999999999986159
test_192_empty_012,0,0.0,0.0,0.0,0.9999999999986159
test_192_normal_000,894,0.9010356731823876,0.9277251184724203,0.8758389261646998,0.9761937716249465
test_192_normal_001,468,0.8700906344323254,0.8228571428414694,0.9230769230571992,0.9821453287183638
test_192_normal_002,1297,0.8778534241054151,0.9133333333257223,0.8450269853442944,0.9577854671267021
test_192_normal_003,1031,0.7960308709989193,0.9220945082896285,0.7002909796246335,0.948788927334327
test_192_normal_004,749,0.8874172185371695,0.8804204993314005,0.8945260347010077,0.9764705882339426
test_192_normal_005,950,0.8483113909510687,0.9297365119080334,0.7799999999917895,0.9633217993066252
test_192_normal_006,865,0.9203233256297904,0.9192618223654064,0.9213872832263423,0.9808996539778811
test_192_normal_007,1099,0.777070063690143,0.9324840764212422,0.666060054589026,0.941868512109423
test_193_discont_000,399,0.20627802690120453,0.9787234040470801,0.11528822054848901,0.9510034602062962
test_193_discont_001,691,0.6937853107305436,0.5690454124136326,0.8885672937642755,0.9249826989606574
test_193_discont_002,662,0.7179487179436044,0.6792452830097137,0.7613293051244512,0.9451903114173769
test_193_discont_003,860,0.054298642533322415,0.9999999995833333,0.027906976743861545,0.8842906574382224
test_193_discont_004,614,0.016155088852727706,0.9999999980000001,0.008143322475437404,0.9157093425592863
test_193_discont_005,1116,0.8320537427983107,0.8956611570155407,0.7768817204231463,0.9515570934242885
test_193_discont_006,1335,0.8681718863770278,0.8447909284135735,0.8928838951243979,0.9498961937703115
test_193_discont_007,1082,0.8253833049368595,0.76540284359585,0.8955637707865476,0.9432525951544039
test_193_empty_003,0,0.0,0.0,0.0,0.9999999999986159
test_193_empty_007,0,0.0,0.0,0.0,0.9631833910021271
test_193_empty_008,0,0.0,0.0,0.0,0.9999999999986159
test_193_empty_009,0,0.0,0.0,0.0,0.9752249134934599
test_193_empty_010,0,0.0,0.0,0.0,0.9999999999986159
test_193_empty_011,0,0.0,0.0,0.0,0.977301038060931
test_193_normal_000,885,0.9231632080710984,0.9164810690321105,0.9299435028143509,0.9810380622823792
test_193_normal_001,912,0.9284940411650678,0.917558886499812,0.9396929824458367,0.9817301038048696
test_193_normal_002,1180,0.9502572898758566,0.9618055555472066,0.9389830508395002,0.9839446366768388
test_193_normal_003,1173,0.9561855670062019,0.9636363636280205,0.9488491048512461,0.985882352939812
test_193_normal_004,938,0.9293993677506355,0.9187499999904297,0.9402985074526621,0.9814532871958734
test_193_normal_005,1048,0.8692840646611119,0.8424350939942487,0.897900763350211,0.9608304498256598
test_193_normal_006,978,0.8369565217345818,0.8932714617065746,0.7873210633866327,0.9584775086491925
test_193_normal_007,1150,0.9535495179625173,0.9611307420409795,0.9460869565135124,0.9853287197218197
test_193_normal_008,895,0.925472747492072,0.9213732004327644,0.9296089385370994,0.9814532871958734
test_193_normal_009,1017,0.9442786069604763,0.955689828791987,0.9331366764903329,0.9844982698948311
test_193_normal_010,1088,0.9447282861080134,0.9549295774558223,0.9347426470502322,0.9835294117633446
test_193_normal_011,922,0.9286846275703715,0.9052523171894412,0.9533622559549527,0.9813148788913754
test_193_normal_012,1030,0.839519079974702,0.9093997734891348,0.779611650477868,0.9575086505177058
test_193_normal_013,930,0.9072602013730405,0.8944618599697548,0.9204301075169846,0.9757785467114523
test_193_normal_014,931,0.8953068592011588,0.8611111111025683,0.9323308270576549,0.971903114185506
test_193_normal_015,888,0.928369994354606,0.9299435028143509,0.9268018017913648,0.9824221453273599
test_194_discont_000,1023,0.1684382665562679,0.51499999997425,0.10068426197360035,0.8592387543240703
test_194_discont_001,977,0.46987951806875095,0.8888888888635644,0.3193449334665369,0.9025605536319687
test_194_discont_002,1392,0.6263879817092541,0.5742514970025494,0.6889367816042462,0.8416608996528143
test_194_discont_003,851,0.8432563790957275,0.8729559748317867,0.8155111633276673,0.9642906574381117
test_194_discont_004,669,0.7803121248452562,0.6519558675962692,0.9715994020781524,0.9493425605523192
test_194_discont_005,403,0.0,0.0,0.0,0.9442214532858904
test_194_discont_006,674,0.3770883054847603,0.9634146340875966,0.23442136498168514,0.927750865050619
test_194_discont_007,590,0.7212435233085881,0.9279999999752533,0.5898305084645792,0.9627681660886329
test_194_empty_001,0,0.0,0.0,0.0,0.9175086505177612
test_194_empty_002,0,0.0,0.0,0.0,0.9999999999986159
test_194_empty_003,0,0.0,0.0,0.0,0.8596539792375645
test_194_empty_004,0,0.0,0.0,0.0,0.9042214532859457
test_194_normal_000,816,0.8129032258012071,0.8583106266913036,0.7720588235199503,0.9598615916941732
test_194_normal_001,1342,0.7779632721169535,0.8842504743749123,0.6944858420216506,0.9263667820056383
test_194_normal_002,753,0.8535739070030981,0.8938953488242166,0.8167330677182373,0.9707958477495214
test_194_normal_003,701,0.8156682027587123,0.8835274542282275,0.7574893009877676,0.9667820069190771
test_194_normal_004,1540,0.8415672913088874,0.8853046594918617,0.8019480519428446,0.9356401384070095
test_194_normal_005,1719,0.8563766388532289,0.8778252901595736,0.8359511343755908,0.9332871972305422
test_194_normal_006,868,0.8851311953301159,0.8961038960933163,0.8744239631235665,0.9727335640124946
test_194_normal_007,1133,0.8558758314817921,0.8600713012401064,0.8517210944320237,0.9550173010367404
test_194_normal_008,1527,0.8232411620552215,0.8842105263091413,0.7701375245529134,0.9301038062270863
test_195_discont_000,1077,0.8847795163542685,0.9040697674331002,0.8662952646159119,0.9663667820055829
test_195_discont_001,1181,0.8199999999965834,0.8072190319868153,0.8331922099844777,0.940207612455446
test_195_discont_002,810,0.5820895522359101,0.4874999999959375,0.7222222222133059,0.8837370242202301
test_195_discont_003,1558,0.9660574412501108,0.9827357237650549,0.949935815141528,0.9856055363308158
test_195_discont_004,1514,0.9349226804093592,0.9125786163464619,0.9583883751587954,0.9720415224900041
test_195_discont_005,1520,0.9325231851585145,0.9072806471629915,0.9592105263094789,0.9707958477495214
test_195_empty_001,0,0.0,0.0,0.0,0.9999999999986159
test_195_empty_004,0,0.0,0.0,0.0,0.9496193771613154
test_195_empty_005,0,0.0,0.0,0.0,0.9630449826976291
test_195_empty_006,0,0.0,0.0,0.0,0.9641522491336136
test_195_empty_007,0,0.0,0.0,0.0,0.9900346020747542
test_195_empty_010,0,0.0,0.0,0.0,0.9180622837357536
test_195_normal_000,780,0.5749751737806605,0.46920583468015237,0.7423076922981755,0.8815224913482609
test_195_normal_001,1942,0.96521056761453,0.9808612440139243,0.9500514933009782,0.9815916955003715
test_195_normal_002,1473,0.9373350923451935,0.911481719044827,0.9646978954449105,0.9737024221439811
test_195_normal_003,1861,0.9412079102059294,0.9362041467254855,0.9462654486784189,0.9695501730090387
test_195_normal_004,1546,0.9558338826600006,0.9744623655848491,0.937904269075434,0.9814532871958734
test_195_normal_005,1564,0.9373417721489324,0.9279448621495744,0.9469309462855057,0.9725951557079964
test_195_normal_006,1565,0.9647289353332308,0.9866399465531955,0.9437699680450878,0.9850519031128234
test_195_normal_007,1813,0.9136195018523752,0.8791432942331507,0.9509100937619918,0.9548788927322424
test_195_normal_008,1765,0.9484716157177628,0.9754491017905662,0.9229461756321646,0.9755017301024561
test_195_normal_009,1514,0.9380645161260063,0.9167717528315462,0.9603698811033001,0.9734256055349849
test_195_normal_010,1711,0.9606576629449188,0.9651917404072851,0.9561659847986198,0.9814532871958734
test_195_normal_011,1477,0.9520295202920094,0.9434840425469184,0.9607312119095415,0.9802076124553907
test_195_normal_012,2001,0.9721095334660951,0.9866186309779382,0.9580209895004597,0.9847750865038273
test_195_normal_013,1677,0.9224489795889406,0.974137931028023,0.8759689922428386,0.9658131487875906
test_195_normal_014,2021,0.9268058555293334,0.8998136067059656,0.9554675902971032,0.9577854671267021
test_195_normal_015,2068,0.9036654135317114,0.8788848263213945,0.9298839458368962,0.9432525951544039
test_196_discont_000,637,0.8291497975641365,0.8561872909555821,0.8037676608979,0.9707958477495214
test_196_discont_001,966,0.8439359267695931,0.7563576702152883,0.9544513457458131,0.9528027681647713
test_196_discont_002,1327,0.9252643091471919,0.8961864406716372,0.956292388839817,0.9716262975765099
test_196_discont_003,975,0.6662346079023576,0.9049295774488568,0.5271794871740803,0.9287197231821056
test_196_discont_004,1337,0.892595606180258,0.9785905441482732,0.8204936424770345,0.9634602076111233
test_196_discont_005,1352,0.8570407433850714,0.8291839557342381,0.8868343195200679,0.9446366781993846
test_196_discont_006,1442,0.8867403314886508,0.8830811554272141,0.8904299583849485,0.9546020761232462
test_196_discont_007,1970,0.8603074141029379,0.7754686226537267,0.9659898477108326,0.9144636678188035
test_196_empty_000,0,0.0,0.0,0.0,0.9774394463654291
test_196_empty_001,0,0.0,0.0,0.0,0.9785467128014138
test_196_empty_002,0,0.0,0.0,0.0,0.9999999999986159
test_196_empty_004,0,0.0,0.0,0.0,0.9999999999986159
test_196_empty_005,0,0.0,0.0,0.0,0.9999999999986159
test_196_empty_006,0,0.0,0.0,0.0,0.962906574393131
test_196_normal_000,1761,0.9415749364918387,0.9360269360216834,0.9471890970985396,0.9713494809675137
test_196_normal_001,1187,0.8302316748924032,0.7558782849187008,0.9208087615760674,0.938131487887975
test_196_normal_002,1034,0.9374061091590516,0.9719626168123369,0.9052224371285763,0.9826989619363561
test_196_normal_003,2079,0.9667861409773792,0.9605887939175661,0.9730639730592927,0.9807612456733831
test_196_normal_004,1711,0.9307761462363477,0.9551045510396365,0.9076563413155602,0.9680276816595599
test_196_normal_005,2098,0.9450180072006122,0.9521044992697044,0.9380362249716967,0.968304498268556
test_196_normal_006,1483,0.8472181336448419,0.7518286311350479,0.9703304113218455,0.9281660899641133
test_196_normal_007,1368,0.7936697521624555,0.670873296311606,0.971491228063074,0.9043598615904438
test_196_normal_008,1849,0.9005638134267029,0.8558207501176044,0.9502433747920485,0.9462975778533615
test_196_normal_009,1509,0.9237844940836932,0.9159609120461502,0.9317428760706976,0.9678892733550618
test_196_normal_010,1437,0.9487451396219557,0.9640804597631891,0.9338900487060968,0.9799307958463945
test_196_normal_011,1806,0.9538977367953231,0.9627749576933854,0.9451827242472581,0.977162629756433
test_196_normal_012,1725,0.8564826700876599,0.7686635944665039,0.966956521733525,0.9226297577841901
test_196_normal_013,1935,0.9173775286353464,0.868081180807804,0.9726098191164206,0.9530795847737674
test_196_normal_014,2097,0.962130466648028,0.9864729458868414,0.9389604196426373,0.9785467128014138
test_196_normal_015,1791,0.8794133623007078,0.8561607614973233,0.9039642657682638,0.9385467128014692
test_197_discont_000,659,0.7280139778641351,0.5907372400700309,0.9484066767686129,0.9353633217980134
test_197_discont_001,833,0.14390842191215122,0.22564102563523997,0.10564225690149288,0.8550865051891279
test_197_discont_002,1155,0.9504685408257454,0.9806629834163844,0.9220779220699388,0.9846366781993292
test_197_discont_003,1266,0.9749900754228862,0.9800478850679966,0.9699842022040286,0.991280276815237
test_197_discont_004,1283,0.9723320158064335,0.9863672814676314,0.9586905689714834,0.9903114186837505
test_197_discont_005,1396,0.9488130563763026,0.9838461538385859,0.9161891117412881,0.9808996539778811
test_197_discont_006,1371,0.9564564564528661,0.9853054910983349,0.9292487235526679,0.9839446366768388
test_197_discont_007,1449,0.961202376787972,0.9737960339874377,0.9489302967498349,0.9846366781993292
test_197_empty_001,0,0.0,0.0,0.0,0.964844290656104
test_197_empty_002,0,0.0,0.0,0.0,0.9433910034589019
test_197_empty_006,0,0.0,0.0,0.0,0.996678200690662
test_197_empty_007,0,0.0,0.0,0.0,0.9795155709329003
test_197_empty_008,0,0.0,0.0,0.0,0.9999999999986159
test_197_empty_010,0,0.0,0.0,0.0,0.9742560553619733
test_197_normal_000,667,0.797672915314818,0.7011363636283962,0.9250374812455017,0.9566782006907174
test_197_normal_001,1374,0.9602063375056735,0.972388059694236,0.948326055306053,0.9850519031128234
test_197_normal_002,1209,0.9809444904681817,0.9825726140997297,0.9793217535072017,0.9936332179917043
test_197_normal_003,1466,0.9560632688894339,0.986221899920332,0.9276944065421031,0.9826989619363561
test_197_normal_004,1228,0.938271604934535,0.9181605611775671,0.9592833876143382,0.9785467128014138
test_197_normal_005,1264,0.9277478862377874,0.9020926756285345,0.9549050632835847,0.9739792387529772
test_197_normal_006,1131,0.9464838566963889,0.946902654858877,0.9460654288156848,0.9832525951543485
test_197_normal_007,1068,0.8896014658685772,0.8708520179294095,0.909176029954034,0.966643598614579
test_197_normal_008,1117,0.9428448646285225,0.9066115702404413,0.9820948970368658,0.9815916955003715
test_197_normal_009,1288,0.9741581832381592,0.9826224328516381,0.9658385093092715,0.9908650519017428
test_197_normal_010,1398,0.9364081062161551,0.9153005464418354,0.9585121602220422,0.9748096885799656
test_197_normal_011,1423,0.9612513330929213,0.9726618704965996,0.9501054110966262,0.9849134948083254
test_197_normal_012,1178,0.9573091849894036,0.9728308501229376,0.9422750424368229,0.9862975778533062
test_197_normal_013,975,0.8980827446977897,0.8838133068432591,0.9128205128111505,0.9720415224900041
test_197_normal_014,1262,0.9501633986889291,0.9806070826224234,0.9215530903255028,0.9831141868498504
test_197_normal_015,1248,0.9790996784526564,0.9822580645082076,0.9759615384537184,0.9928027681647159
test_198_discont_000,1287,0.7683264177013543,0.6922118380019178,0.8632478632411559,0.9072664359849034
test_198_discont_001,593,0.579576816921991,0.6376518218494402,0.5311973018460169,0.9367474048429941
test_198_discont_002,1366,0.6936685288608303,0.9526854219827022,0.5453879941394921,0.9089273356388804
test_198_discont_003,751,0.7099999999940834,0.9487750556581565,0.5672436750923137,0.9518339100332847
test_198_discont_004,1514,0.8737864077638483,0.9589581688953517,0.8025099075244221,0.9514186851197904
test_198_discont_005,1460,0.9461593682665249,0.9939668174887334,0.9027397260212142,0.9792387543239042
test_198_discont_006,1474,0.7969865186328431,0.9589694656397045,0.6818181818135562,0.9291349480955998
test_198_empty_000,0,0.0,0.0,0.0,0.9474048442893461
test_198_empty_003,0,0.0,0.0,0.0,0.9999999999986159
test_198_empty_004,0,0.0,0.0,0.0,0.9993079584761255
test_198_empty_005,0,0.0,0.0,0.0,0.908096885811892
test_198_empty_006,0,0.0,0.0,0.0,0.894117647057586
test_198_empty_007,0,0.0,0.0,0.0,0.9007612456734938
test_198_empty_008,0,0.0,0.0,0.0,0.9467128027668558
test_198_empty_009,0,0.0,0.0,0.0,0.9802076124553907
test_198_empty_012,0,0.0,0.0,0.0,0.9999999999986159
test_198_empty_013,0,0.0,0.0,0.0,0.948788927334327
test_198_normal_000,1684,0.9303937007844713,0.9906103286318538,0.8770783847928915,0.9694117647045406
test_198_normal_001,1448,0.8845577211361149,0.9672131147461704,0.8149171270661953,0.9573702422132078
test_198_normal_002,884,0.915315315309818,0.9756722150963422,0.8619909502164933,0.9804844290643869
test_198_normal_003,2024,0.9396596183575563,0.9827400215696724,0.9001976284540505,0.9676124567460656
test_198_normal_004,1304,0.9540047581246868,0.9876847290559304,0.922546012262864,0.9839446366768388
test_198_normal_005,1602,0.89196488858578,0.9713235294046227,0.8245942571733796,0.9557093425592309
test_198_normal_006,2076,0.9102663563462368,0.9826912339420286,0.8477842003812728,0.9519723183377827
test_198_normal_007,1495,0.9512953367842788,0.9835714285644032,0.9210702341075514,0.9804844290643869
test_198_normal_008,1103,0.9408424041602421,0.98415841583184,0.9011786037996268,0.9826989619363561
test_198_normal_009,1435,0.8790874524681404,0.9673640167283066,0.8055749128863724,0.955986159168227
test_198_normal_010,1544,0.8515426497246769,0.9686209743933227,0.7597150259018154,0.9433910034589019
test_198_normal_011,1220,0.8787610619430144,0.9548076922985116,0.8139344262228366,0.9620761245661424
test_198_normal_012,2074,0.9397529619336029,0.984680401473932,0.8987463837950881,0.9669204152235752
test_198_normal_013,808,0.9383343928738822,0.9647058823403306,0.9133663366223593,0.9865743944623023
test_198_normal_014,1413,0.9520322226255876,0.9863429438468412,0.9200283085568293,0.9818685121093677
test_199_discont_000,968,0.37855402111796466,0.8859315589016756,0.24070247933635638,0.894117647057586
test_199_discont_001,1454,0.6969325153345729,0.8597376387400631,0.5859697386479645,0.8974394463655399
test_199_discont_002,792,0.626916524696534,0.9633507853150955,0.4646464646405979,0.9393771626284576
test_199_discont_003,950,0.4730354391334898,0.8821839080206269,0.3231578947334404,0.9053287197219304
test_199_discont_004,1065,0.7325676784219337,0.6504005826609586,0.8384976525742865,0.9097577854658688
test_199_discont_005,989,0.7342088805457523,0.9622950819514378,0.5935288169808541,0.9411764705869327
test_199_discont_006,1415,0.8939393939363157,0.8717259905918622,0.9173144876260261,0.9573702422132078
test_199_discont_007,807,0.9408212560329661,0.9175500588820077,0.96530359354442,0.9864359861578043
test_199_empty_000,0,0.0,0.0,0.0,0.9999999999986159
test_199_empty_002,0,0.0,0.0,0.0,0.9415916955004269
test_199_empty_003,0,0.0,0.0,0.0,0.9999999999986159
test_199_empty_004,0,0.0,0.0,0.0,0.964844290656104
test_199_empty_005,0,0.0,0.0,0.0,0.98602076124431
test_199_empty_006,0,0.0,0.0,0.0,0.9999999999986159
test_199_empty_007,0,0.0,0.0,0.0,0.9999999999986159
test_199_normal_000,776,0.9225847728667782,0.9161372299756526,0.9291237113282329,0.9832525951543485
test_199_normal_001,1782,0.8321614185239005,0.9140362659441637,0.7637485970776445,0.9240138408291709
test_199_normal_002,820,0.9337209302271295,0.8922222222123086,0.9792682926709845,0.984221453285835
test_199_normal_003,1623,0.8924129353206082,0.900816070301941,0.8841651263038561,0.9521107266422808
test_199_normal_004,901,0.9478260869513706,0.9286474973277035,0.9678135404998023,0.9867128027668004
test_199_normal_005,784,0.8768926925551226,0.9061224489672637,0.849489795907532,0.9741176470574753
test_199_normal_006,794,0.9039615846284277,0.8635321100818402,0.9483627203910785,0.9778546712789234
test_199_normal_007,1358,0.8887303851608819,0.8616874135486744,0.9175257731891199,0.9568166089952155
test_199_normal_008,1213,0.8910411622240071,0.8727272727203738,0.9101401483849123,0.9626297577841347
test_199_normal_009,1076,0.9456066945562733,0.9460465116191067,0.9451672862365692,0.9838062283723408
test_199_normal_010,740,0.9342019543913082,0.9018867924414857,0.9689189189058254,0.98602076124431
test_199_normal_011,877,0.9402568397490774,0.9212253829220872,0.9600912200574676,0.9851903114173215
test_199_normal_012,762,0.9277667329295709,0.9370816599606816,0.9186351705916189,0.9849134948083254
test_199_normal_013,792,0.9209744503807429,0.8698092031327743,0.9785353535229983,0.9815916955003715
test_199_normal_014,1335,0.8939169139432719,0.8853783982300855,0.9026217228396808,0.9604152249121656
test_199_normal_015,1312,0.8883844116500629,0.8820435762518254,0.8948170731639116,0.9591695501716828
test_19_discont_000,831,0.0,0.0,0.0,0.8849826989607128
test_19_discont_001,784,0.054590570718925674,0.9999999995454545,0.028061224489437993,0.8945328719710802
test_19_discont_002,1097,0.711538461534437,0.937406855425672,0.5733819507696137,0.929411764704596
test_19_discont_003,1060,0.3463338533514327,0.9999999999549549,0.20943396226217517,0.8840138408292263
test_19_discont_004,853,0.5174825174805071,0.38698431144458467,0.7807737397329335,0.8280968858120027
test_19_discont_005,1716,0.5800787163167421,0.6036546943881308,0.558275058271805,0.8080276816597813
test_19_discont_006,2184,0.8396946564864131,0.9450171821251718,0.7554945054910464,0.9128027681648266
test_19_discont_007,1925,0.6448710257929068,0.7629524485396526,0.5584415584386575,0.8361245674728912
test_19_empty_000,0,0.0,0.0,0.0,0.9133564013828189
test_19_empty_001,0,0.0,0.0,0.0,0.9999999999986159
test_19_empty_002,0,0.0,0.0,0.0,0.9999999999986159
test_19_empty_005,0,0.0,0.0,0.0,0.977162629756433
test_19_empty_010,0,0.0,0.0,0.0,0.9999999999986159
test_19_empty_011,0,0.0,0.0,0.0,0.9712110726630157
test_19_empty_013,0,0.0,0.0,0.0,0.9829757785453523
test_19_empty_014,0,0.0,0.0,0.0,0.9999999999986159
test_19_empty_015,0,0.0,0.0,0.0,0.9999999999986159
test_19_normal_000,1475,0.9174122505130166,0.9315164220759503,0.9037288135531951,0.9667820069190771
test_19_normal_001,1817,0.6345797852623674,0.969457013563694,0.47165657677230793,0.8633910034590127
test_19_normal_002,1485,0.8709677419322912,0.9557522123816915,0.7999999999946128,0.9512802768152924
test_19_normal_003,1827,0.9174717085263112,0.9253897550059834,0.9096880131313099,0.9586159169536905
test_19_normal_004,1876,0.8423398328667344,0.8821470244989373,0.8059701492494352,0.9216608996527036
test_19_normal_005,1356,0.6526005888093592,0.9750733137686939,0.49041297934741584,0.9020069204139765
test_19_normal_006,1272,0.6861598440512371,0.9025641025525312,0.5534591194925043,0.9108650519018535
test_19_normal_007,1679,0.8473063436377198,0.9115226337386042,0.7915425848672333,0.9337024221440364
test_19_normal_008,1690,0.894673123483975,0.9157372986312532,0.8745562130125767,0.9518339100332847
test_19_normal_009,1633,0.8414096916273084,0.8653721682791886,0.8187385180598975,0.9302422145315844
test_19_normal_010,1372,0.7665236051469249,0.9321503131426706,0.6508746355637692,0.9247058823516613
test_19_normal_011,1371,0.8198545143311089,0.9917184264907689,0.6987600291706875,0.941730103804925
test_19_normal_012,1875,0.8020865296078488,0.9443641618428876,0.697066666662949,0.9107266435973554
test_19_normal_013,1535,0.6378091872763348,0.9903978051990343,0.4703583061858609,0.8865051903101917
test_1_discont_000,1182,0.3744911804587891,0.9452054794196847,0.23350253806909052,0.8723875432513877
test_1_discont_001,1431,0.47296614451504315,0.8540145985245617,0.3270440251549473,0.8556401384071203
test_1_discont_002,1704,0.6891566265036518,0.8334721065709121,0.5874413145505433,0.8750173010368512
test_1_discont_003,830,0.6825396825362969,0.5801011804335574,0.8289156626406154,0.9114186851198458
test_1_discont_004,1704,0.7427755975713779,0.9472247497639016,0.6109154929541614,0.9002076124555014
test_1_discont_005,1628,0.6232487694031683,0.8124383020650302,0.5055282555251503,0.862283737023028
test_1_discont_006,1553,0.4874884151969996,0.8694214875889351,0.3386992916913155,0.8469204152237413
test_1_discont_007,1310,0.7471620227012482,0.6800250469587976,0.829007633581458,0.8982698961925284
test_1_empty_000,0,0.0,0.0,0.0,0.9972318339086543
test_1_empty_001,0,0.0,0.0,0.0,0.9597231833896751
test_1_empty_007,0,0.0,0.0,0.0,0.9251211072651555
test_1_empty_008,0,0.0,0.0,0.0,0.9616608996526482
test_1_empty_012,0,0.0,0.0,0.0,0.9833910034588466
test_1_normal_000,835,0.890290037825408,0.9400798934628485,0.8455089820258023,0.9759169550159503
test_1_normal_001,996,0.9020408163219285,0.9170124481232675,0.8875502007943017,0.9734256055349849
test_1_normal_002,1157,0.7361835245008541,0.9277266754148787,0.610198789968797,0.9299653979225883
test_1_normal_003,1381,0.9141376757923237,0.934897804686337,0.8942795075967106,0.9678892733550618
test_1_normal_004,1493,0.8602071005885348,0.9603633360779492,0.7789685197536573,0.9476816608983423
test_1_normal_005,1044,0.7849755035341047,0.9092055485383455,0.6906130268133084,0.945328719721875
test_1_normal_006,1502,0.9217214503526882,0.9385783298762004,0.9054593874773272,0.9680276816595599
test_1_normal_007,1335,0.8209764918595986,0.7937062937007434,0.8501872659112346,0.9314878892720672
test_1_normal_008,1330,0.8852194925457704,0.9531656548052632,0.8263157894674714,0.9605536332166636
test_1_normal_009,1270,0.8218465539626275,0.9141755062592655,0.7464566929075083,0.9431141868499058
test_1_normal_010,1049,0.9200779727050679,0.9411764705788517,0.8999046711067693,0.977301038060931
test_1_normal_011,1244,0.6943319838021542,0.9371584699325525,0.5514469453331877,0.9164013840817766
test_200_discont_000,2132,0.6426315789456774,0.7320143884848201,0.5727016885526609,0.8120415224902255
test_200_discont_001,571,0.0,0.0,0.0,0.9209688581302132
test_200_discont_002,593,0.5028058361335263,0.7516778523237692,0.37774030353494537,0.9386851211059672
test_200_discont_003,852,0.6453640649520934,0.5827814569481289,0.7230046948271948,0.9062975778534169
test_200_discont_004,542,0.4529702970240969,0.6879699247861665,0.33763837637753435,0.9388235294104653
test_200_discont_005,1040,0.13864818024143288,0.7017543859033549,0.07692307692233728,0.862422145327526
test_200_discont_006,1245,0.8991666666629202,0.9341991341910459,0.8666666666597056,0.966505190310081
test_200_discont_007,846,0.6948148148096681,0.9305555555370921,0.5543735224520759,0.9429757785454077
test_200_empty_000,0,0.0,0.0,0.0,0.9212456747392094
test_200_empty_001,0,0.0,0.0,0.0,0.9864359861578043
test_200_empty_004,0,0.0,0.0,0.0,0.9901730103792523
test_200_empty_006,0,0.0,0.0,0.0,0.9361937716250018
test_200_normal_000,1167,0.9354553492443172,0.9662100456532767,0.9065981148165674,0.9797923875418965
test_200_normal_001,1256,0.7765511990834544,0.743982494524114,0.8121019108215598,0.918754325258244
test_200_normal_002,1348,0.8933539412639361,0.9322580645086109,0.8575667655722733,0.9617993079571463
test_200_normal_003,677,0.6942496493639955,0.6608811748910429,0.7311669128400123,0.9396539792374538
test_200_normal_004,865,0.9016493585772655,0.955958549210415,0.8531791907415818,0.9777162629744253
test_200_normal_005,1121,0.7789716039878014,0.6835016834970808,0.9054415700186849,0.9202768166077228
test_200_normal_006,1271,0.9028340080935109,0.9299416180072566,0.8772619984195338,0.9667820069190771
test_200_normal_007,1627,0.8597761685290989,0.9255846917014487,0.8027043638549312,0.9410380622824346
test_200_normal_008,1110,0.8730226592523599,0.830756712767854,0.9198198198115333,0.9588927335626867
test_200_normal_009,820,0.72999999999635,0.6186440677913675,0.8902439024281678,0.9252595155696536
test_200_normal_010,1099,0.810487580493052,0.8195348837133067,0.8016378525859724,0.9429757785454077
test_200_normal_011,1267,0.9282218597025766,0.960337552734512,0.8981846882328479,0.9756401384069542
test_200_normal_012,1186,0.8677248677213362,0.838709677412756,0.8988195615438549,0.9550173010367404
test_200_normal_013,1003,0.9442190669323316,0.9607843137155749,0.9282153539289311,0.9847750865038273
test_200_normal_014,760,0.9148797920668299,0.9037227214261396,0.9263157894614958,0.9818685121093677
test_200_normal_015,1501,0.8306822198627406,0.8847891566198435,0.7828114590220999,0.9337024221440364
test_201_discont_000,1253,0.43335362142158645,0.9128205127971072,0.28411811651808366,0.871141868510905
test_201_discont_001,792,0.4910965323290432,0.952727272692628,0.33080808080390395,0.9248442906561594
test_201_discont_002,1012,0.037116345467258276,0.06683804627077537,0.02569169960448921,0.8132871972307083
test_201_discont_003,1719,0.549523414834026,0.9553314120899808,0.38568935427349804,0.8495501730092048
test_201_discont_004,2052,0.5997340425511977,0.943514644341595,0.43957115009532377,0.8333564013829297
test_201_discont_005,1519,0.7554220887529015,0.7658998646768208,0.7452271231024015,0.8985467128015245
test_201_discont_006,1669,0.22130299896472957,0.8075471697808473,0.12822049131139474,0.79155709342451
test_201_discont_007,1517,0.39936775553003495,0.9947506561418701,0.24983520105306636,0.8422145328708066
test_201_empty_000,0,0.0,0.0,0.0,0.9999999999986159
test_201_empty_001,0,0.0,0.0,0.0,0.9229065743931864
test_201_empty_002,0,0.0,0.0,0.0,0.899377162628513
test_201_empty_003,0,0.0,0.0,0.0,0.9977854671266467
test_201_empty_004,0,0.0,0.0,0.0,0.9990311418671294
test_201_empty_005,0,0.0,0.0,0.0,0.8898269896181455
test_201_empty_006,0,0.0,0.0,0.0,0.9097577854658688
test_201_empty_007,0,0.0,0.0,0.0,0.9999999999986159
test_201_empty_009,0,0.0,0.0,0.0,0.9999999999986159
test_201_empty_010,0,0.0,0.0,0.0,0.9566782006907174
test_201_normal_000,1387,0.4293785310710205,0.992167101801771,0.27397260273775076,0.8602076124555568
test_201_normal_001,1381,0.7813646368276546,0.7918215613324029,0.7711803041218597,0.9175086505177612
test_201_normal_002,1923,0.6155469574371596,0.9510869565114012,0.45501820072566296,0.8487197231822163
test_201_normal_003,1822,0.6695065672677689,0.9477386934578117,0.5175631174505073,0.871141868510905
test_201_normal_004,2275,0.6382124027099216,0.7441451990588751,0.558681318678863,0.8005536332168851
test_201_normal_005,1545,0.5656192236572753,0.9886914377869355,0.3961165048518051,0.8698961937704223
test_201_normal_006,1960,0.7650650384901378,0.797454344212521,0.735204081628902,0.8775086505178166
test_201_normal_007,1889,0.6968301273348773,0.7136514983312229,0.6807834833209064,0.8451211072652662
test_201_normal_008,2218,0.5643975711071768,0.9692645444460015,0.39810640216231696,0.8113494809677352
test_201_normal_009,1813,0.7643203191770752,0.7906839622594889,0.7396580253682313,0.8855363321787052
test_201_normal_010,1606,0.6037574722433657,0.9605978260739049,0.4402241593995005,0.8715570934243992
test_201_normal_011,1474,0.4856557377024301,0.9916317991424345,0.3215739484374385,0.8610380622825453
test_201_normal_012,1994,0.773739081429209,0.8829581993512351,0.6885656970878207,0.888858131486659
test_201_normal_013,2126,0.642247867534766,0.6881720430070529,0.6020696142963214,0.8026297577843562
test_201_normal_014,1889,0.5951255001797194,0.9511627906866144,0.4330333509770618,0.8459515570922548
test_201_normal_015,2071,0.6641294005687786,0.9676524953699849,0.5055528730057676,0.853425605535151
test_202_discont_000,1531,0.7104739147721606,0.9102040816233653,0.5826257348100417,0.899377162628513
test_202_discont_001,948,0.6481223922068977,0.9510204081438567,0.4915611814294139,0.9299653979225883
test_202_discont_002,733,0.3652561247175361,0.9939393938791551,0.22373806275274571,0.9211072664347113
test_202_discont_003,676,0.6388749372142699,0.4836501901103905,0.9408284023529463,0.9004844290644977
test_202_discont_004,1524,0.7971119133545231,0.8860353129944942,0.7244094488141444,0.9222145328706959
test_202_discont_005,946,0.0,0.0,0.0,0.8607612456735492
test_202_discont_006,1017,0.87692307691858,0.9163987138165445,0.8407079645935034,0.9667820069190771
test_202_discont_007,1084,0.8883564925688148,0.9242273180366478,0.8551660516526277,0.9677508650505637
test_202_empty_001,0,0.0,0.0,0.0,0.9172318339087651
test_202_empty_002,0,0.0,0.0,0.0,0.9999999999986159
test_202_empty_003,0,0.0,0.0,0.0,0.9999999999986159
test_202_empty_004,0,0.0,0.0,0.0,0.9999999999986159
test_202_empty_006,0,0.0,0.0,0.0,0.9999999999986159
test_202_empty_008,0,0.0,0.0,0.0,0.9999999999986159
test_202_normal_000,1016,0.8894009216548876,0.836221837081142,0.9498031495969508,0.9667820069190771
test_202_normal_001,1703,0.8883280757069769,0.9597818677507854,0.8267762771531018,0.9510034602062962
test_202_normal_002,1077,0.9222797927417699,0.9359464627061574,0.9090064995273074,0.977162629756433
test_202_normal_003,1671,0.808141474805445,0.9132730015014082,0.7247157390740592,0.9204152249122209
test_202_normal_004,957,0.9324960753483387,0.9339622641411535,0.931034482748892,0.9821453287183638
test_202_normal_005,1101,0.8955094991325756,0.8534979423798067,0.9418710263311366,0.966505190310081
test_202_normal_006,1674,0.8699551569478862,0.9378453038609266,0.8112305854192878,0.9438062283723961
test_202_normal_007,1473,0.870956015991018,0.9374021909159829,0.8133061778627746,0.9508650519017982
test_202_normal_008,1145,0.8648901355733292,0.9305835009966742,0.8078602620016782,0.9599999999986712
test_202_normal_009,887,0.9230769230717778,0.9128996692291852,0.9334836527515954,0.9808996539778811
test_202_normal_010,1601,0.838286109188534,0.9381283835967663,0.7576514678278723,0.9352249134935152
test_202_normal_011,1062,0.8492146596814177,0.9563679245170239,0.7636534839852764,0.9601384083031693
test_202_normal_012,1162,0.88456315074294,0.9331423113568946,0.8407917383748642,0.9647058823516059
test_202_normal_013,1150,0.8992180712384917,0.8984374999922011,0.899999999992174,0.9678892733550618
test_202_normal_014,1025,0.8926450433947344,0.8393470790305899,0.9531707316980179,0.9674740484415675
test_202_normal_015,1701,0.7733973260172321,0.9276315789397399,0.663139329802098,0.9085121107253862
test_203_discont_000,784,0.6837881219867107,0.5889400921604706,0.8150510203977672,0.9182006920402517
test_203_discont_001,786,0.612942612938871,0.5892018779273568,0.6386768447755894,0.9122491349468342
test_203_discont_002,1444,0.9066382676574135,0.9300801165263651,0.8843490304647899,0.9635986159156213
test_203_discont_003,391,0.38762886597138907,0.9999999998936171,0.24040920715497674,0.9588927335626867
test_203_discont_004,303,0.09763313609323028,0.08847184986357984,0.1089108910855145,0.9155709342547882
test_203_discont_005,1719,0.9502794939660186,0.9613095238038017,0.9394997091277517,0.9766089965384407
test_203_discont_006,1383,0.9263622974929074,0.9437359339764162,0.9096167751199594,0.9723183390990002
test_203_discont_007,1188,0.9517525773156629,0.9329021826925392,0.9713804713722949,0.9838062283723408
test_203_empty_001,0,0.0,0.0,0.0,0.9999999999986159
test_203_empty_004,0,0.0,0.0,0.0,0.9878200692027851
test_203_empty_006,0,0.0,0.0,0.0,0.9999999999986159
test_203_empty_007,0,0.0,0.0,0.0,0.9950173010366851
test_203_empty_009,0,0.0,0.0,0.0,0.9979238754311448
test_203_normal_000,1378,0.9338781575002456,0.95662100455893,0.9121915819962831,0.975363321797958
test_203_normal_001,1177,0.9682675814709766,0.9774891774807145,0.9592183517335666,0.9897577854657581
test_203_normal_002,1372,0.9334726576073373,0.8939292861848305,0.9766763848325316,0.973564013839483
test_203_normal_003,1522,0.9342148760299696,0.940119760472787,0.9283837056443602,0.9724567474034983
test_203_normal_004,1100,0.9489115948425193,0.9278887923464129,0.9709090909002646,0.9840830449813369
test_203_normal_005,1575,0.9571884983994978,0.9633440514407503,0.9511111111050724,0.9814532871958734
test_203_normal_006,1102,0.972375690603258,0.9869158878412438,0.9582577132399434,0.9916955017287312
test_203_normal_007,1257,0.8807189542447683,0.9051217464239705,0.857597454249343,0.959584775085177
test_203_normal_008,1136,0.9781277340289671,0.9721739130350247,0.9841549295688016,0.993079584773712
test_203_normal_009,1333,0.9623893805274248,0.9463379260264951,0.9789947486798276,0.985882352939812
test_203_normal_010,1573,0.9370229007603784,0.9376193507260496,0.9364272091485288,0.9725951557079964
test_203_normal_011,1199,0.9562289562249318,0.9651656754378491,0.9474562135033574,0.9856055363308158
test_203_normal_012,1161,0.973661106229264,0.9928379588093749,0.9552110249702395,0.9916955017287312
test_203_normal_013,1117,0.9498239436577913,0.9341991341910459,0.9659803043781023,0.984221453285835
test_203_normal_014,1312,0.9318098046408706,0.9022127052041242,0.9634146341389984,0.9743944636664714
test_203_normal_015,1119,0.9543237250512003,0.9471830985832115,0.9615728328779127,0.9857439446353139
test_204_discont_000,833,0.6016543317344291,0.4719945355159017,0.8295318127151317,0.8733564013828743
test_204_discont_001,678,0.5310580204741908,0.4942820838564894,0.5737463126759035,0.9049134948084361
test_204_discont_002,1594,0.8422023992591751,0.8261919130909705,0.8588456712618643,0.9289965397911017
test_204_discont_003,512,0.7165354330638136,0.7222222222078925,0.7109374999861144,0.9601384083031693
test_204_discont_004,1541,0.8039157519999884,0.7404371584658993,0.8792991563862473,0.9085121107253862
test_204_discont_005,1632,0.8167985392549703,0.8113663845174646,0.8223039215635889,0.9166782006907728
test_204_discont_006,843,0.6812720848008391,0.8426573426426108,0.5717674970276184,0.9375778546699826
test_204_discont_007,1231,0.8822305451482222,0.9044368600605425,0.8610885458906492,0.9608304498256598
test_204_empty_000,0,0.0,0.0,0.0,0.9939100346007005
test_204_empty_003,0,0.0,0.0,0.0,0.9847750865038273
test_204_empty_004,0,0.0,0.0,0.0,0.8769550172998243
test_204_empty_005,0,0.0,0.0,0.0,0.9988927335626313
test_204_empty_007,0,0.0,0.0,0.0,0.915294117645792
test_204_empty_008,0,0.0,0.0,0.0,0.9042214532859457
test_204_normal_000,1124,0.7307415406741155,0.61366384521999,0.9030249110239945,0.8964705882340533
test_204_normal_001,1076,0.8811795316527269,0.8260162601558861,0.944237918206838,0.9620761245661424
test_204_normal_002,1273,0.9409900990061744,0.9488817891298014,0.9332285938654107,0.9793771626284022
test_204_normal_003,1168,0.8553353015569155,0.842892768072794,0.8681506849240741,0.952525951555775
test_204_normal_004,1681,0.9479702687222757,0.9124931205233215,0.9863176680488619,0.9748096885799656
test_204_normal_005,1089,0.777167947307804,0.6459854014559248,0.975206611561293,0.9157093425592863
test_204_normal_006,1314,0.9284885968267164,0.9434406912730289,0.9140030441330746,0.9743944636664714
test_204_normal_007,1116,0.814334731220685,0.7086927670822251,0.9569892473032529,0.9325951557080517
test_204_normal_008,1185,0.9140194832659296,0.9175170067949192,0.9105485231990672,0.971903114185506
test_204_normal_009,1469,0.9222868880488796,0.9276859504068342,0.9169503063245954,0.9685813148775522
test_204_normal_010,963,0.8889980353590914,0.8434296365252244,0.9397715472384239,0.9687197231820502
test_204_normal_011,1078,0.7954209748862798,0.6607361963149648,0.9990723562059456,0.9233217993066806
test_204_normal_012,1228,0.84150513112565,0.7890235210207482,0.9014657980382618,0.9422837370229172
test_204_normal_013,1190,0.9151841125324155,0.9013854930651884,0.9294117646980723,0.9716262975765099
test_204_normal_014,1580,0.8814092481884825,0.8761726078744455,0.8867088607538817,0.9478200692028405
test_204_normal_015,1065,0.8759367193968529,0.7868362004428808,0.987793427220772,0.9587543252581886
test_205_discont_000,710,0.6002728512919491,0.5820105820028835,0.6197183098504265,0.918892733562742
test_205_discont_001,1946,0.3108280254767171,0.4087102177520209,0.2507708119206024,0.7004844290647744
test_205_discont_002,802,0.8197596795672913,0.8821839080333019,0.7655860349031722,0.9626297577841347
test_205_discont_003,979,0.8341232227444227,0.860869565208034,0.8089887640366804,0.9564013840817213
test_205_discont_004,1271,0.9235082098481238,0.9404567699760159,0.9071597167513206,0.973564013839483
test_205_discont_005,1138,0.8524059846306009,0.7895131086083184,0.9261862917317559,0.9494809688568173
test_205_discont_006,1103,0.865750996894702,0.8466204505992495,0.8857660924670375,0.9580622837356982
test_205_discont_007,2227,0.9047734431768724,0.9826315789421968,0.8383475527577983,0.9456055363308712
test_205_empty_000,0,0.0,0.0,0.0,0.9999999999986159
test_205_empty_004,0,0.0,0.0,0.0,0.9244290657426651
test_205_empty_005,0,0.0,0.0,0.0,0.9313494809675691
test_205_empty_007,0,0.0,0.0,0.0,0.8769550172998243
test_205_normal_000,1597,0.9447929736482285,0.9465744814522529,0.9430181590423106,0.9756401384069542
test_205_normal_001,1058,0.8858669256877811,0.9110889110798093,0.8620037807101891,0.9674740484415675
test_205_normal_002,2224,0.8573581114996048,0.9709897610866269,0.7675359712195705,0.9213840830437074
test_205_normal_003,1187,0.8549734244462606,0.7781617138854309,0.9486099410198096,0.94712802768035
test_205_normal_004,1236,0.9226973684172587,0.9381270902931595,0.9077669902839178,0.9739792387529772
test_205_normal_005,1990,0.9021945272259491,0.9788359788302244,0.8366834170812227,0.9500346020748096
test_205_normal_006,1796,0.817630150109174,0.9588014981201589,0.7126948775015998,0.9209688581302132
test_205_normal_007,1288,0.9362363919092682,0.9376947040425414,0.9347826086883946,0.977301038060931
test_205_normal_008,2217,0.928938756426066,0.9640950994616008,0.8962562020708333,0.9579238754312002
test_205_normal_009,1387,0.926608695648951,0.8951612903165649,0.9603460706491684,0.9707958477495214
test_205_normal_010,1159,0.9547218628678107,0.9543103448193595,0.9551337359710516,0.9854671280263178
test_205_normal_011,2064,0.80724876441294,0.9315589353553134,0.7122093023221308,0.902837370240965
test_205_normal_012,1025,0.9237451737407155,0.9140401146044506,0.9336585365762571,0.9781314878879196
test_205_normal_013,1040,0.8743059061036128,0.920297555781931,0.8326923076843011,0.9655363321785945
test_205_normal_014,1160,0.9455782312884967,0.9328859060324424,0.9586206896469085,0.9822837370228619
test_205_normal_015,1197,0.934341424588403,0.8920972644309112,0.9807852965665766,0.977162629756433
test_206_discont_000,1832,0.5599999999979066,0.8884934756715481,0.40884279475759366,0.8370934256043777
test_206_discont_001,529,0.2006802721054306,0.9999999998305085,0.11153119092416765,0.9349480968845191
test_206_discont_002,845,0.28683693516417647,0.8439306357893681,0.17278106508671265,0.899515570933011
test_206_discont_003,630,0.015748031495814992,0.9999999980000001,0.00793650793638196,0.913494809687317
test_206_discont_004,606,0.046224961478486516,0.34883720922120065,0.024752475247116296,0.9143252595143054
test_206_discont_005,1677,0.826578073086955,0.9332333083200809,0.7418008348196673,0.927750865050619
test_206_discont_006,1603,0.9032258064486993,0.9352037408087162,0.8733624454093989,0.9584775086491925
test_206_discont_007,1096,0.9178872614251314,0.8936905790761134,0.9434306569256987,0.9743944636664714
test_206_empty_000,0,0.0,0.0,0.0,0.9939100346007005
test_206_empty_001,0,0.0,0.0,0.0,0.992941176469214
test_206_empty_002,0,0.0,0.0,0.0,0.9999999999986159
test_206_empty_003,0,0.0,0.0,0.0,0.9634602076111233
test_206_empty_004,0,0.0,0.0,0.0,0.948927335638825
test_206_normal_000,692,0.7385697538057528,0.6213017751418017,0.9104046242643005,0.938269896192473
test_206_normal_001,1218,0.8248465149843812,0.7362991618263295,0.9376026272501019,0.932871972317048
test_206_normal_002,1028,0.927923627680535,0.9109653233279198,0.9455252918195961,0.9791003460194061
test_206_normal_003,1113,0.9251700680230152,0.9340659340573805,0.9164420485092863,0.977162629756433
test_206_normal_004,930,0.910695742466715,0.880522088344573,0.9430107526780321,0.9761937716249465
test_206_normal_005,1289,0.9404437524291925,0.943749999992627,0.937160589597074,0.97882352941041
test_206_normal_006,1106,0.9005596211756326,0.8594905505270379,0.945750452071015,0.9680276816595599
test_206_normal_007,1404,0.9290830945525463,0.9344380403390892,0.9237891737825942,0.9725951557079964
test_206_normal_008,1185,0.9041649817998214,0.8680124223535093,0.9434599156038528,0.9671972318325713
test_206_normal_009,944,0.8790149892886563,0.8885281385185224,0.8697033898212955,0.9687197231820502
test_206_normal_010,1331,0.9425287356285728,0.9616888193826295,0.9241172051019977,0.9792387543239042
test_206_normal_011,852,0.9327091866534073,0.9299883313777131,0.9354460093786919,0.9840830449813369
test_206_normal_012,461,0.5566166439252619,0.4059701492496918,0.8850325379417563,0.910034602074865
test_206_normal_013,1637,0.909258689631162,0.9157372986312532,0.9028711056756087,0.9591695501716828
test_206_normal_014,1096,0.9331526648557672,0.9239713774514852,0.9425182481665829,0.9795155709329003
test_206_normal_015,1133,0.8836206896513638,0.8635214827222956,0.9046778464174345,0.9626297577841347
test_207_discont_000,1576,0.7969037965322635,0.9507475813460797,0.6859137055794041,0.9237370242201748
test_207_discont_001,1326,0.6159882295212556,0.8807854137323873,0.47360482654243136,0.8916262975766206
test_207_discont_002,397,0.10646387832497217,0.21705426354906554,0.07052896725263151,0.9349480968845191
test_207_discont_003,1436,0.7696693272498014,0.651544401541257,0.9401114206062667,0.8881660899641687
test_207_discont_004,591,0.5591182364673435,0.6855036854868426,0.4720812182661238,0.9391003460194615
test_207_discont_005,738,0.742537313428218,0.6862068965438367,0.808943089419933,0.9426989619364115
test_207_discont_006,1114,0.867448151483916,0.8713768115863101,0.8635547576224099,0.9593079584761809
test_207_empty_000,0,0.0,0.0,0.0,0.9994463667806236
test_207_empty_002,0,0.0,0.0,0.0,0.9999999999986159
test_207_empty_003,0,0.0,0.0,0.0,0.929411764704596
test_207_empty_004,0,0.0,0.0,0.0,0.9162629757772786
test_207_empty_006,0,0.0,0.0,0.0,0.9836678200678427
test_207_empty_007,0,0.0,0.0,0.0,0.9067128027669111
test_207_empty_008,0,0.0,0.0,0.0,0.9994463667806236
test_207_empty_009,0,0.0,0.0,0.0,0.9687197231820502
test_207_normal_000,1191,0.707393483707057,0.5642178910516531,0.9479429051137873,0.8707266435974108
test_207_normal_001,1036,0.8714011516272966,0.8664122137321908,0.8764478764394166,0.962906574393131
test_207_normal_002,608,0.7194244604251852,0.7936507936350466,0.6578947368312846,0.9568166089952155
test_207_normal_003,1651,0.8973200843092523,0.8922155688569329,0.902483343422759,0.9528027681647713
test_207_normal_004,1286,0.7970676441159712,0.6973760932903944,0.9300155520923017,0.9157093425592863
test_207_normal_005,582,0.5750798721983484,0.7563025209872184,0.46391752576522477,0.9447750865038826
test_207_normal_006,1572,0.7502628811757354,0.6393369175598597,0.9077608142435893,0.8685121107254415
test_207_normal_007,718,0.871938418468356,0.8762306610284637,0.8676880222720378,0.9746712802754676
test_207_normal_008,780,0.8194001276271896,0.8157560355677794,0.8230769230663708,0.9608304498256598
test_207_normal_009,1559,0.8868095381802391,0.837514253130915,0.9422706863313518,0.9480968858118366
test_208_discont_000,1183,0.6597014925348519,0.5905143620535036,0.7472527472464308,0.8737716262963685
test_208_discont_001,903,0.41012216404528695,0.9670781892606141,0.2602436323337736,0.906435986157915
test_208_discont_002,1568,0.46985045827076777,0.9643564356244682,0.3105867346918968,0.8478892733552279
test_208_discont_003,1222,0.6073973532385226,0.5188405797071372,0.7324058919743667,0.8398615916943393
test_208_discont_004,971,0.44628099173246366,0.6735966735826695,0.3336766220356985,0.888719723182161
test_208_discont_005,1294,0.7581818181795207,0.6236291126589052,0.9667697063294687,0.8895501730091494
test_208_discont_006,571,0.03442340791679133,0.9999999989999999,0.017513134850831644,0.922352941175194
test_208_discont_007,1490,0.5837187789057182,0.9389880952241222,0.42348993288306386,0.8754325259503455
test_208_empty_000,0,0.0,0.0,0.0,0.9046366781994399
test_208_empty_001,0,0.0,0.0,0.0,0.9781314878879196
test_208_empty_002,0,0.0,0.0,0.0,0.9671972318325713
test_208_empty_004,0,0.0,0.0,0.0,0.9998615916941178
test_208_normal_000,1145,0.904545454541343,0.9431279620763685,0.8689956331801836,0.9709342560540195
test_208_normal_001,1659,0.828316242140826,0.917888563043124,0.7546714888441551,0.9281660899641133
test_208_normal_002,1096,0.8718204488734573,0.961496149604384,0.7974452554671767,0.9644290657426098
test_208_normal_003,1577,0.884415584412713,0.9061876247444699,0.8636651870585691,0.9507266435973001
test_208_normal_004,857,0.8690205011340033,0.8487208008804369,0.8903150524983627,0.968166089964058
test_208_normal_005,1535,0.9210526315758399,0.9552134359625248,0.8892508143264545,0.9676124567460656
test_208_normal_006,1030,0.8637457871889084,0.8567335243471182,0.870873786399312,0.9608304498256598
test_208_normal_007,2083,0.830128205125988,0.935580975310442,0.7460393662950262,0.9119723183378381
test_208_normal_008,939,0.9001636661162021,0.9228187919359864,0.8785942491919212,0.9746712802754676
test_208_normal_009,1841,0.8486127864871875,0.9538983050782788,0.7642585551289286,0.9305190311405807
test_208_normal_010,1326,0.8727136991382132,0.8640059127800148,0.8815987933568508,0.9528027681647713
test_208_normal_011,1320,0.8439065108478969,0.9395910780581823,0.7659090909032886,0.9482352941163347
test_208_normal_012,1681,0.7601226993841714,0.7846738442002238,0.7370612730473703,0.8917647058811187
test_208_normal_013,1984,0.8469886055321568,0.9171562867161155,0.786794354834744,0.9219377162616997
test_208_normal_014,1744,0.8352978655596199,0.9397849462298224,0.7517201834819283,0.9284429065731095
test_208_normal_015,1624,0.821169145621511,0.9368587213817139,0.7309113300447605,0.9284429065731095
test_209_discont_000,1162,0.708401976932832,0.6793048973090103,0.740103270217383,0.9020069204139765
test_209_discont_001,1602,0.7601135557105745,0.8807565789401254,0.6685393258385235,0.906435986157915
test_209_discont_002,867,0.07760532150690017,0.9999999997142857,0.04036908881152977,0.8848442906562147
test_209_discont_003,1739,0.9638205499248514,0.9702797202740661,0.9574468085051326,0.9826989619363561
test_209_discont_004,1472,0.9235087719265842,0.9550072568871191,0.8940217391243613,0.9698269896180348
test_209_discont_005,1604,0.7565406976716695,0.9067944250792092,0.64900249376154,0.9072664359849034
test_209_discont_006,1481,0.9117849758755625,0.9310344827520688,0.8933153274753997,0.9645674740471079
test_209_discont_007,1869,0.9512523565824098,0.9577006507540256,0.944890315671777,0.9749480968844637
test_209_empty_002,0,0.0,0.0,0.0,0.9999999999986159
test_209_empty_003,0,0.0,0.0,0.0,0.9999999999986159
test_209_empty_005,0,0.0,0.0,0.0,0.9999999999986159
test_209_empty_006,0,0.0,0.0,0.0,0.9955709342546775
test_209_empty_007,0,0.0,0.0,0.0,0.9999999999986159
test_209_empty_008,0,0.0,0.0,0.0,0.9999999999986159
test_209_empty_009,0,0.0,0.0,0.0,0.9999999999986159
test_209_empty_010,0,0.0,0.0,0.0,0.9999999999986159
test_209_normal_000,1748,0.9164203171165912,0.8641662442936434,0.9754004576603239,0.9569550172997136
test_209_normal_001,1300,0.9497859089102773,0.9613869188261515,0.9384615384543196,0.9821453287183638
test_209_normal_002,1898,0.9480381760314209,0.9541088580525395,0.9420442571077869,0.9728719723169926
test_209_normal_003,1814,0.930640913078927,0.9918902058578174,0.8765159867647381,0.9671972318325713
test_209_normal_004,1628,0.9644859813054066,0.9785082174400853,0.9508599508541102,0.984221453285835
test_209_normal_005,1411,0.8906911142422754,0.8863157894674645,0.8951098511630396,0.9570934256042116
test_209_normal_006,1940,0.968798751947559,0.97743966421313,0.9603092783455655,0.9833910034588466
test_209_normal_007,1736,0.9559381383106043,0.968657599048086,0.943548387091339,0.9791003460194061
test_209_normal_008,1919,0.9503957783616085,0.9625868519456837,0.9385096404328375,0.9739792387529772
test_209_normal_009,1472,0.9655638082344175,0.95973154361772,0.9714673912977483,0.985882352939812
test_209_normal_010,1406,0.9121507909763981,0.8658146964800907,0.963726884772662,0.9638754325246175
test_209_normal_011,2033,0.9613841524549614,0.9805626598415317,0.9429414658094297,0.9786851211059119
test_209_normal_012,1943,0.9438317517287924,0.9406952965187082,0.9469891919663048,0.9696885813135367
test_209_normal_013,1692,0.9359452736289305,0.9875328083924704,0.8894799054320953,0.9714878892720118
test_209_normal_014,1880,0.9519766516292067,0.9497088406514045,0.9542553191438604,0.9749480968844637
test_209_normal_015,1858,0.9507842076772559,0.9554347826035031,0.9461786867548645,0.9748096885799656
test_20_discont_000,652,0.5758597437587603,0.5138387484896049,0.6549079754500781,0.9129411764693247
test_20_discont_001,1406,0.7272727272702417,0.6999999999953948,0.7567567567513744,0.8895501730091494
test_20_discont_002,672,0.5350734094572996,0.5920577617221651,0.4880952380879748,0.9211072664347113
test_20_discont_003,758,0.37031594415598595,0.4179104477542635,0.3324538258531339,0.8813840830437628
test_20_discont_004,424,0.6296958855042067,0.5072046109437002,0.830188679225703,0.9426989619364115
test_20_discont_005,1400,0.906806282719348,0.8866894197891694,0.9278571428505153,0.9630449826976291
test_20_discont_006,1380,0.8495812395281421,0.7900311526430528,0.9188405797034868,0.9378546712789788
test_20_discont_007,1461,0.810025633720279,0.6936585365819822,0.9733059548188001,0.9076816608983976
test_20_empty_000,0,0.0,0.0,0.0,0.892318339099111
test_20_empty_002,0,0.0,0.0,0.0,0.9730103806214907
test_20_empty_005,0,0.0,0.0,0.0,0.9900346020747542
test_20_empty_007,0,0.0,0.0,0.0,0.9573702422132078
test_20_empty_009,0,0.0,0.0,0.0,0.9922491349467235
test_20_empty_011,0,0.0,0.0,0.0,0.9880968858117812
test_20_normal_000,806,0.8874560375094522,0.8411111111017654,0.939205955323335,0.9734256055349849
test_20_normal_001,1715,0.9452054794493573,0.9256567914984593,0.9655976676328537,0.9734256055349849
test_20_normal_002,1665,0.9200343938064774,0.8799342105214917,0.9639639639581744,0.9613840830436521
test_20_normal_003,1398,0.9286224125591412,0.9266381766315768,0.9306151645140872,0.9723183390990002
test_20_normal_004,1761,0.8453276047238311,0.8018339276576575,0.8938103350318353,0.9202768166077228
test_20_normal_005,1652,0.8994152046757328,0.8699095022575232,0.9309927360718464,0.952387543251277
test_20_normal_006,1430,0.8665351742246333,0.8176178659998907,0.9216783216718765,0.9438062283723961
test_20_normal_007,1794,0.8335340881695169,0.7339838778076624,0.9643255295375456,0.9043598615904438
test_20_normal_008,1835,0.899007886031801,0.8430343511410161,0.9629427792863056,0.9450519031128788
test_20_normal_009,1727,0.9604453559889821,0.9721233689147561,0.9490445859817659,0.9813148788913754
test_20_normal_010,1308,0.8819581523849903,0.9118367346864341,0.8539755351616669,0.9586159169536905
test_20_normal_011,1627,0.9044697633628266,0.8619153674784972,0.95144437614658,0.9547404844277443
test_20_normal_012,1383,0.8753022452474083,0.8379629629574209,0.9161243673108018,0.9500346020748096
test_20_normal_013,1778,0.8189468622245277,0.7152456950830943,0.9578177727730157,0.895778546711563
test_20_normal_014,1791,0.9174458990090371,0.8796106557331987,0.9586823003854904,0.9572318339087097
test_20_normal_015,1710,0.8742736397229945,0.7972061656994355,0.9678362573042817,0.9341176470575306
test_210_discont_000,1647,0.6856981345373496,0.6414595452107803,0.7364905889451336,0.8460899653967529
test_210_discont_001,1325,0.6232558139502674,0.9885245901477291,0.45509433961920687,0.8991003460195168
test_210_discont_002,1295,0.604395604392837,0.7424071990917614,0.5096525096485741,0.8804152249122763
test_210_discont_003,806,0.15824175824001932,0.6923076922411243,0.08933002481278747,0.8939792387530879
test_210_discont_004,928,0.6361774743983879,0.867783985086261,0.5021551724083819,0.9262283737011402
test_210_discont_005,1330,0.0,0.0,0.0,0.8159169550161718
test_210_discont_006,1412,0.0,0.0,0.0,0.8045674740473293
test_210_discont_007,799,0.5255605381118784,0.9272151898440755,0.3667083854772627,0.9267820069191325
test_210_empty_000,0,0.0,0.0,0.0,0.9999999999986159
test_210_empty_001,0,0.0,0.0,0.0,0.9999999999986159
test_210_empty_005,0,0.0,0.0,0.0,0.9999999999986159
test_210_normal_000,804,0.4215591915262603,0.9319148935773653,0.27238805969810465,0.9168166089952708
test_210_normal_001,800,0.18940248026843964,0.9655172412683314,0.1049999999986875,0.9004844290644977
test_211_discont_000,1387,0.5197610294105705,0.3814502529498096,0.8154289834115687,0.7107266435976323
test_211_discont_001,674,0.04855275443488071,0.035422343324009384,0.07715133531042802,0.7179238754315322
test_211_discont_002,834,0.5040650406482496,0.39188290086232946,0.7062350119819396,0.8395847750853431
test_211_discont_003,1176,0.7340355497013363,0.5988184747551084,0.9481292516926181,0.8881660899641687
test_211_discont_004,1098,0.741750989877951,0.7174468085045325,0.7677595628345378,0.918754325258244
test_211_empty_000,0,0.0,0.0,0.0,0.8858131487877013
test_211_empty_001,0,0.0,0.0,0.0,0.9922491349467235
test_211_empty_003,0,0.0,0.0,0.0,0.9887889273342716
test_211_empty_004,0,0.0,0.0,0.0,0.9999999999986159
test_211_empty_005,0,0.0,0.0,0.0,0.9999999999986159
test_211_empty_006,0,0.0,0.0,0.0,0.9998615916941178
test_211_empty_009,0,0.0,0.0,0.0,0.9921107266422254
test_211_empty_010,0,0.0,0.0,0.0,0.9999999999986159
test_211_empty_011,0,0.0,0.0,0.0,0.9844982698948311
test_211_empty_012,0,0.0,0.0,0.0,0.9761937716249465
test_211_empty_014,0,0.0,0.0,0.0,0.9998615916941178
test_211_empty_015,0,0.0,0.0,0.0,0.9739792387529772
test_211_empty_016,0,0.0,0.0,0.0,0.910173010379363
test_211_normal_000,661,0.6362267937750316,0.4759759759724026,0.9591527987752019,0.8996539792375091
test_211_normal_001,1117,0.7019677996397068,0.5846245530358485,0.878245299902612,0.8847058823517167
test_211_normal_002,691,0.5183464932628038,0.38166894664581624,0.8075253256033643,0.8564705882341087
test_211_normal_003,849,0.5306122448956051,0.42562277579768243,0.7043580683073691,0.8535640138396491
test_211_normal_004,650,0.41283950617080084,0.3039999999977891,0.6430769230670296,0.8354325259504009
test_211_normal_005,780,0.6743044189815914,0.5868945868890134,0.7923076922975345,0.9173702422132631
test_211_normal_006,1098,0.6936605316945045,0.6295471417919114,0.7723132968964271,0.8963321799295553
test_211_normal_007,753,0.6793852676169614,0.5652557319174141,0.851261620174618,0.9162629757772786
test_211_normal_008,799,0.5685333333303012,0.49535315984669753,0.6670838548101742,0.8880276816596706
test_211_normal_009,638,0.5017921146927712,0.3726235741416531,0.7680250783578679,0.8653287197219857
test_211_normal_010,673,0.494320763287168,0.356020942406047,0.808320950953814,0.8459515570922548
test_211_normal_011,675,0.528599605520076,0.3961566888366877,0.79407407406231,0.867681660898453
test_211_normal_012,953,0.602040816323971,0.5060757684023869,0.7429171038746808,0.8704498269884147
test_211_normal_013,1199,0.78623063683034,0.6694021101953729,0.9524603836451006,0.9140484429053093
test_211_normal_014,820,0.4972234087975343,0.3826429980250977,0.70975609755232,0.8370934256043777
test_211_normal_015,785,0.5832911392375529,0.4840336134413107,0.7337579617740922,0.8860899653966975
test_212_discont_000,914,0.7684279191078381,0.9515347334256617,0.6444201312839779,0.9508650519017982
test_212_discont_001,832,0.15493958777430747,0.18956521738800755,0.13100961538304076,0.8354325259504009
test_212_discont_002,1920,0.757425742571914,0.9329268292611821,0.6374999999966797,0.8914878892721225
test_212_discont_003,910,0.5148356054510231,0.4053030303004716,0.7054945054867529,0.8325259515559411
test_212_discont_004,843,0.7449124467546384,0.6196850393651994,0.9335705812463396,0.9253979238741518
test_212_discont_005,864,0.9024529378157305,0.8897637795175505,0.9155092592486631,0.9763321799294445
test_212_empty_000,0,0.0,0.0,0.0,0.9999999999986159
test_212_empty_004,0,0.0,0.0,0.0,0.998339100344639
test_212_empty_007,0,0.0,0.0,0.0,0.9730103806214907
test_212_normal_000,1039,0.7293404093982967,0.6016260162564001,0.9258902791056219,0.901176470586988
test_212_normal_001,845,0.6810616284269858,0.5493468795315722,0.8958579881550786,0.9018685121094784
test_212_normal_002,1035,0.7432567432530307,0.7693898655556423,0.7188405797031997,0.9288581314866037
test_212_normal_003,1050,0.7047086991192949,0.6064560439518788,0.840952380944372,0.8975778546700379
test_212_normal_004,1029,0.7363636363599174,0.766561514187523,0.708454810488742,0.927750865050619
test_212_normal_005,951,0.7215815485966987,0.5930941096777719,0.9211356466780112,0.906435986157915
test_212_normal_006,1117,0.7300970873750966,0.7974549310625932,0.6732318710772317,0.9230449826976844
test_212_normal_007,890,0.7061347061316768,0.5711311589134551,0.9247191011132054,0.9051903114174322
test_213_discont_000,450,0.0,0.0,0.0,0.9377162629744806
test_213_discont_001,625,0.005763688760723866,0.028985507242176016,0.0031999999999488,0.9044982698949419
test_213_discont_002,551,0.33116036505723095,0.21771428571304163,0.6914700544339116,0.7869896193760734
test_213_discont_003,581,0.5777166437374298,0.48109965635187746,0.7228915662526181,0.9150173010367958
test_213_discont_004,578,0.3710972346102984,0.24999999999849762,0.7197231833785515,0.8048442906563255
test_213_empty_000,0,0.0,0.0,0.0,0.9561245674727251
test_213_empty_002,0,0.0,0.0,0.0,0.9327335640125498
test_213_empty_004,0,0.0,0.0,0.0,0.9999999999986159
test_213_empty_008,0,0.0,0.0,0.0,0.9999999999986159
test_213_empty_009,0,0.0,0.0,0.0,0.8979930795835322
test_213_empty_011,176,0.17278106508671265,0.10911808669493096,0.41477272724916064,0.9032525951544592
test_213_normal_000,916,0.7210657785148998,0.5827725437376664,0.9454148471512509,0.9072664359849034
test_213_normal_001,697,0.4360568383639607,0.3157556270076157,0.7044476327015143,0.8242214532860564
test_213_normal_002,727,0.5845181674534781,0.473549488050567,0.7634112792192103,0.8907958477496322
test_213_normal_003,779,0.4546313799600443,0.3597606581872868,0.61745827983803,0.8402768166078335
test_213_normal_004,621,0.6903790087423302,0.5411334552052913,0.9533011271988197,0.9265051903101363
test_213_normal_005,861,0.6057774001673502,0.4775619557905053,0.8281068524874784,0.8715570934243992
test_213_normal_006,698,0.5127095727392499,0.4118158123335203,0.6790830945461449,0.8752941176458473
test_213_normal_007,815,0.5692307692281936,0.45089605734443805,0.7717791410948248,0.8682352941164454
test_213_normal_008,609,0.593921275532666,0.4263233190241322,0.9786535303615984,0.8871972318326821
test_213_normal_009,736,0.45341899953899306,0.3423423423399699,0.6711956521647935,0.8351557093414046
test_213_normal_010,690,0.4851177254531981,0.34977578475112253,0.7913043478146188,0.8395847750853431
test_213_normal_011,1012,0.7436694802277047,0.6755447941834097,0.8270750988060566,0.9201384083032247
test_214_discont_000,757,0.03754693366661393,0.3571428570578231,0.01981505944491658,0.8935640138395937
test_214_discont_001,851,0.004689331770167769,0.999999995,0.0023501762631921246,0.8824913494797474
test_214_discont_002,1132,0.22499999999824222,0.9729729729072315,0.1272084805642473,0.8626989619365222
test_214_discont_003,2177,0.3575914296255723,0.913207547152581,0.22232429949369628,0.7593079584764577
test_214_discont_004,1137,0.6640537513960579,0.9137134052247502,0.5215479331528449,0.9169550172997689
test_214_discont_005,1854,0.6386666666645378,0.8359511343731593,0.5167206040964578,0.849965397922699
test_214_discont_006,1809,0.5836139169450669,0.9027777777673289,0.43117744610043574,0.8459515570922548
test_214_discont_007,1284,0.7388235294082879,0.9334126040317073,0.611370716506142,0.9231833910021825
test_214_empty_000,0,0.0,0.0,0.0,0.9569550172997136
test_214_empty_001,0,0.0,0.0,0.0,0.9999999999986159
test_214_empty_002,0,0.0,0.0,0.0,0.8883044982686668
test_214_empty_003,0,0.0,0.0,0.0,0.8942560553620841
test_214_empty_004,0,0.0,0.0,0.0,0.9757785467114523
test_214_empty_005,0,0.0,0.0,0.0,0.993079584773712
test_214_empty_006,0,0.0,0.0,0.0,0.9999999999986159
test_214_empty_008,0,0.0,0.0,0.0,0.8938408304485899
test_214_empty_010,0,0.0,0.0,0.0,0.9195847750852324
test_214_empty_011,0,0.0,0.0,0.0,0.9999999999986159
test_214_normal_000,1631,0.6379241516940602,0.9141876430101351,0.48988350704788547,0.8744636678188589
test_214_normal_001,1643,0.8095078674228005,0.8995535714218784,0.7358490565992949,0.9212456747392094
test_214_normal_002,956,0.7517006802678475,0.8205445544452903,0.6935146443442101,0.9393771626284576
test_214_normal_003,1541,0.8658496190762973,0.8843031123079547,0.8481505515843729,0.9439446366768942
test_214_normal_004,797,0.5202982601448195,0.765853658517906,0.3939774153024595,0.9198615916942285
test_214_normal_005,1525,0.8336856941478729,0.900990099003039,0.775737704912946,0.9346712802755229
test_214_normal_006,1787,0.7292954264501567,0.8143547273925856,0.6603245663085601,0.8787543252582993
test_214_normal_007,1583,0.6220789685712246,0.8587319243508483,0.48768161717948405,0.8701730103794184
test_214_normal_008,1630,0.7610681658441284,0.8906249999926759,0.6644171779100343,0.9058823529399227
test_214_normal_009,1594,0.6514098896581471,0.9343493552059279,0.4999999999968633,0.8819377162617551
test_214_normal_010,1573,0.7931034482730714,0.8881008668172727,0.7164653528244345,0.9186159169537459
test_214_normal_011,1678,0.6104417670658215,0.9359605911214783,0.45292014302471445,0.86574394463548
test_215_discont_000,936,0.8374247336691181,0.7391659852760494,0.9658119658016473,0.9514186851197904
test_215_discont_001,560,0.0211640211636479,0.8571428559183674,0.010714285714094388,0.9231833910021825
test_215_discont_002,939,0.6305353602073329,0.8310104529471949,0.5079872204418745,0.9226297577841901
test_215_discont_003,752,0.419580419576228,0.8433734939420332,0.27925531914522267,0.9195847750852324
test_215_discont_004,666,0.0,0.0,0.0,0.9078200692028958
test_215_discont_005,844,0.7541208791156998,0.897058823514754,0.650473933641582,0.9504498269883039
test_215_empty_000,0,0.0,0.0,0.0,0.9999999999986159
test_215_empty_001,0,0.0,0.0,0.0,0.9999999999986159
test_215_empty_002,0,0.0,0.0,0.0,0.9999999999986159
test_215_empty_003,0,0.0,0.0,0.0,0.9991695501716275
test_215_empty_005,0,0.0,0.0,0.0,0.959446366780679
test_215_empty_007,0,0.0,0.0,0.0,0.9916955017287312
test_215_empty_008,0,0.0,0.0,0.0,0.9934948096872063
test_215_empty_010,0,0.0,0.0,0.0,0.9562629757772232
test_215_empty_012,0,0.0,0.0,0.0,0.9999999999986159
test_215_empty_013,0,0.0,0.0,0.0,0.9999999999986159
test_215_empty_014,0,0.0,0.0,0.0,0.9999999999986159
test_215_normal_000,829,0.8195679796644246,0.8657718120689158,0.7780458383500839,0.9606920415211617
test_215_normal_001,674,0.6694129763096323,0.5126182965259257,0.9643916913803503,0.9111418685108497
test_215_normal_002,847,0.7971667739807008,0.8767705382312072,0.7308146398969207,0.9564013840817213
test_215_normal_003,841,0.7911349899208118,0.9089506172699235,0.7003567181843001,0.9569550172997136
test_215_normal_004,665,0.5491113189871417,0.398506449420241,0.8827067669040194,0.8665743944624684
test_215_normal_005,659,0.8537490720055402,0.8357558139413408,0.8725341426271239,0.9727335640124946
test_215_normal_006,730,0.7624398073775086,0.9205426356410747,0.6506849314979358,0.9590311418671847
test_215_normal_007,846,0.7917771883236621,0.9018126888081297,0.705673758856907,0.9565397923862193
test_215_normal_008,652,0.6324873096414595,0.47268588770506315,0.9555214723779828,0.8997923875420072
test_215_normal_009,669,0.5777993213738353,0.4275466284043935,0.8908819132901213,0.8794463667807897
test_215_normal_010,808,0.6103059581295882,0.45226730309992685,0.9381188118695777,0.8660207612444761
test_215_normal_011,697,0.8536759457469403,0.8494318181697523,0.8579626972617221,0.9716262975765099
test_215_normal_012,733,0.6265709156165774,0.46688963210390044,0.952251023179369,0.8848442906562147
test_215_normal_013,846,0.8415779586672413,0.8948069240892835,0.7943262411253625,0.9649826989606021
test_215_normal_014,764,0.8055353241019263,0.9080459769965838,0.7238219895193216,0.9630449826976291
test_215_normal_015,844,0.8122157244911488,0.8992805755266291,0.740521327005444,0.9599999999986712
test_216_discont_000,1788,0.21314237573625466,0.4317406143271034,0.14149888143097597,0.7414532871962056
test_216_discont_001,1741,0.19454451878438217,0.9356435643101166,0.10855829982706171,0.7833910034591234
test_216_discont_002,1944,0.6671168129619611,0.970530451856871,0.5082304526722828,0.8635294117635107
test_216_discont_003,1399,0.800772200769109,0.870696893359608,0.7412437455272249,0.9285813148776075
test_216_discont_004,1539,0.7965710517613038,0.8085676037429146,0.7849252761482461,0.9146020761233016
test_216_discont_005,1814,0.3813263525288773,0.914225941403468,0.2409040793812519,0.8037370242203409
test_216_discont_006,1157,0.8878091872752306,0.907859078582585,0.8686257562586982,0.964844290656104
test_216_discont_007,1346,0.8827742178632387,0.8959449120053868,0.8699851411525262,0.9569550172997136
test_216_empty_000,0,0.0,0.0,0.0,0.961245674739154
test_216_empty_002,0,0.0,0.0,0.0,0.975363321797958
test_216_empty_004,0,0.0,0.0,0.0,0.9999999999986159
test_216_empty_005,0,0.0,0.0,0.0,0.9503114186838059
test_216_empty_006,0,0.0,0.0,0.0,0.9244290657426651
test_216_empty_007,0,0.0,0.0,0.0,0.9999999999986159
test_216_empty_008,0,0.0,0.0,0.0,0.9999999999986159
test_216_normal_000,1314,0.9095869056862448,0.9321086261906382,0.8881278538745196,0.9678892733550618
test_216_normal_001,1764,0.3996431757341675,0.9372384937042418,0.2539682539668143,0.8137024221442025
test_216_normal_002,1593,0.8615102415137221,0.8396901072655562,0.8844946641501288,0.9373010380609864
test_216_normal_003,1065,0.8177128116903796,0.7541633624048045,0.8929577464704888,0.9413148788914307
test_216_normal_004,1337,0.9449715369983114,0.9591679506859849,0.9311892296115843,0.9799307958463945
test_216_normal_005,1716,0.9397590361418168,0.9478363959635576,0.9318181818127517,0.9716262975765099
test_216_normal_006,1623,0.8382597143778205,0.9092219020107405,0.7775723967912658,0.9325951557080517
test_216_normal_007,919,0.8747553816004171,0.7946666666596031,0.9727965179437128,0.9645674740471079
test_216_normal_008,1566,0.8464017185791393,0.9633251833662322,0.7547892720258316,0.9406228373689404
test_216_normal_009,1492,0.804416403782317,0.9770114942435153,0.6836461125959542,0.9313494809675691
test_216_normal_010,1505,0.9346733668310396,0.942567567561199,0.9269102989971635,0.9730103806214907
test_216_normal_011,1511,0.9306431273615049,0.8886213124570222,0.9768365320914836,0.9695501730090387
test_216_normal_012,1594,0.7259597111336908,0.920925747339239,0.5991217063952377,0.9002076124555014
test_216_normal_013,1022,0.8911664226408436,0.8889970788618404,0.8933463796390083,0.9691349480955445
test_216_normal_014,1377,0.8643737832548204,0.7812316715496702,0.9673202614308838,0.9421453287184192
test_216_normal_015,941,0.9054923305249605,0.8472222222143777,0.9723698193307931,0.973564013839483
test_217_discont_000,505,0.3656276326843671,0.31818181817715274,0.4297029702885207,0.895778546711563
test_217_discont_001,1123,0.5280612244864282,0.930337078630779,0.3686553873520156,0.8975778546700379
test_217_discont_002,454,0.4610389610314766,0.8765432098224356,0.31277533038958644,0.9540484429052539
test_217_discont_003,620,0.5060394151271073,0.4176285414436765,0.6419354838606139,0.892456747403609
test_217_discont_004,1188,0.6426193118721276,0.9429967426556515,0.48737373736963496,0.9108650519018535
test_217_discont_005,1290,0.8460124954029915,0.804332634515693,0.8922480620085873,0.9420069204139211
test_217_discont_006,1494,0.9343163538842684,0.9355704697923788,0.9330655957099527,0.9728719723169926
test_217_discont_007,631,0.48476052249285373,0.4471218206098109,0.5293185419884419,0.9017301038049803
test_217_empty_001,0,0.0,0.0,0.0,0.9999999999986159
test_217_empty_002,0,0.0,0.0,0.0,0.9703806228360272
test_217_empty_004,0,0.0,0.0,0.0,0.9999999999986159
test_217_empty_006,0,0.0,0.0,0.0,0.9999999999986159
test_217_normal_000,1608,0.9478371501242118,0.970052083327018,0.9266169154171231,0.977301038060931
test_217_normal_001,857,0.8166915052120384,0.7110726643537105,0.9591598599654707,0.948927335638825
test_217_normal_002,1537,0.9537275064236705,0.94222222221624,0.9655172413730286,0.9800692041508926
test_217_normal_003,1546,0.931773879139273,0.9360313315865795,0.9275549805890845,0.9709342560540195
test_217_normal_004,1118,0.9422993492366929,0.9149115416940615,0.9713774597408643,0.9815916955003715
test_217_normal_005,1365,0.9367361610318593,0.9195483415602008,0.9545787545717614,0.9756401384069542
test_217_normal_006,740,0.69701419480814,0.5464313123519077,0.96216216214916,0.9143252595143054
test_217_normal_007,1400,0.9491763056398557,0.9318651066694298,0.967142857135949,0.9799307958463945
test_217_normal_008,1918,0.9316062176141668,0.9258496395420914,0.9374348279408894,0.9634602076111233
test_217_normal_009,1416,0.9716110716785962,0.9764621968546615,0.9668079095976921,0.9889273356387697
test_217_normal_010,1003,0.9379727685277964,0.9489795918270513,0.9272183449558602,0.9829757785453523
test_217_normal_011,1582,0.9144350097945316,0.9459459459395545,0.8849557522067956,0.9637370242201194
test_217_normal_012,1107,0.8479225494116663,0.7660349854171572,0.9494128274530316,0.9478200692028405
test_217_normal_013,2082,0.9213042412333383,0.9409113670458643,0.9024975984586816,0.9555709342547328
test_217_normal_014,1662,0.9496743635259038,0.9347319347264876,0.9651022863961186,0.9764705882339426
test_217_normal_015,1347,0.9175977653599247,0.8661832564214491,0.9755011135785041,0.9673356401370694
test_218_discont_000,1282,0.8373913043441853,0.9459724950791162,0.7511700467960127,0.9482352941163347
test_218_discont_001,922,0.0,0.0,0.0,0.8723875432513877
test_218_discont_002,1087,0.4218862490970347,0.970198675464563,0.269549218028799,0.888858131486659
test_218_discont_003,2053,0.48652585578846863,0.9639249639110544,0.32537749634522467,0.8048442906563255
test_218_discont_004,2507,0.26831785345624937,0.974999999975625,0.15556441962442935,0.7056055363312034
test_218_discont_005,1221,0.903660075721903,0.9290657439365999,0.8796068795996757,0.968304498268556
test_218_discont_006,2346,0.42416107382408,0.9968454258517847,0.2693947144063538,0.7624913494799135
test_218_discont_007,2444,0.48153799206444453,0.9471788715372488,0.32283142389393277,0.7648442906563808
test_218_empty_002,0,0.0,0.0,0.0,0.9999999999986159
test_218_empty_005,0,0.0,0.0,0.0,0.9999999999986159
test_218_empty_007,0,0.0,0.0,0.0,0.9999999999986159
test_218_empty_008,0,0.0,0.0,0.0,0.9999999999986159
test_218_empty_011,0,0.0,0.0,0.0,0.9999999999986159
test_218_empty_012,0,0.0,0.0,0.0,0.9008996539779919
test_218_empty_014,0,0.0,0.0,0.0,0.8664359861579704
test_218_empty_015,0,0.0,0.0,0.0,0.9999999999986159
test_218_normal_000,970,0.6528650646925958,0.5089337175763174,0.9103092783411308,0.8700346020749203
test_218_normal_001,1464,0.7998439328880225,0.9326660600461086,0.7001366120170757,0.9289965397911017
test_218_normal_002,1393,0.5374220374192442,0.9736346515824175,0.3711414213900134,0.8768166089953262
test_218_normal_003,1709,0.8242792109231434,0.8562421185318018,0.7946167349280596,0.9198615916942285
test_218_normal_004,1233,0.8105117565670453,0.7064496684707267,0.9505271694975627,0.924152249133669
test_218_normal_005,1084,0.630354957156485,0.9363636363466116,0.4750922509181265,0.9164013840817766
test_218_normal_006,1295,0.7332673920186836,0.6398158803185281,0.858687258680628,0.8880276816596706
test_218_normal_007,1692,0.6897837434724468,0.9343434343339965,0.5466903073253742,0.8848442906562147
test_218_normal_008,1218,0.6234772978924503,0.9574829931809952,0.4622331691259259,0.9058823529399227
test_218_normal_009,1458,0.8709133805161074,0.8561961563892897,0.8861454046578454,0.9469896193758519
test_218_normal_010,1095,0.7320974191176587,0.6080917874359415,0.9196347031879486,0.8979930795835322
test_219_discont_000,1226,0.1939953810612356,0.3320158102701183,0.1370309951049182,0.8067820069192986
test_219_discont_001,1155,0.2760147601455645,0.93499999995325,0.16190476190336014,0.8642214532860011
test_219_discont_002,506,0.4180967238624322,0.9925925925190672,0.26482213438211816,0.9483737024208327
test_219_discont_003,530,0.5645161290246705,0.9813084111690977,0.3962264150868636,0.9551557093412385
test_219_empty_002,0,0.0,0.0,0.0,0.9749480968844637
test_219_empty_003,0,0.0,0.0,0.0,0.9287197231821056
test_219_empty_004,0,0.0,0.0,0.0,0.8725259515558857
test_219_empty_007,0,0.0,0.0,0.0,0.9976470588221485
test_219_empty_008,0,0.0,0.0,0.0,0.9999999999986159
test_219_empty_009,0,0.0,0.0,0.0,0.9999999999986159
test_219_empty_010,0,0.0,0.0,0.0,0.9893425605522639
test_219_empty_011,0,0.0,0.0,0.0,0.7882352941165561
test_219_normal_000,796,0.5769077107447986,0.422964264789555,0.9070351758680021,0.853425605535151
test_219_normal_001,661,0.9311621021396658,0.9115942028853392,0.9515885022548928,0.9871280276802946
test_219_normal_002,1257,0.8513396715607117,0.931882686840758,0.7836117740590007,0.952387543251277
test_219_normal_003,651,0.7364085667155157,0.7939609236093434,0.6866359446899134,0.9557093425592309
test_219_normal_004,602,0.912908242605654,0.8581871344903774,0.9750830564622079,0.9844982698948311
test_219_normal_005,1185,0.6331279945221316,0.5325273459957829,0.7805907172929909,0.851626297576676
test_219_normal_006,664,0.9294117646990485,0.9080459769984476,0.9518072289013282,0.9867128027668004
test_219_normal_007,651,0.9221556886158522,0.8992700729795727,0.9462365591252498,0.9856055363308158
test_219_normal_008,1261,0.6541137945122631,0.6759729272362439,0.6336241078458873,0.8830449826977398
test_219_normal_009,1049,0.6117108276067658,0.4656374501968843,0.8913250714881666,0.835709342559397
test_219_normal_010,1116,0.6748420661439062,0.5765079365042762,0.8136200716772974,0.8788927335627974
test_219_normal_011,809,0.6677667766739948,0.6015857284380418,0.7503090234765104,0.9164013840817766
test_219_normal_012,700,0.9372325249576517,0.935897435884104,0.9385714285580204,0.9878200692027851
test_219_normal_013,687,0.8825301204752822,0.9141965678484525,0.8529839883427514,0.9784083044969157
test_219_normal_014,646,0.9222641509364358,0.89985272458174,0.9458204334218913,0.9857439446353139
test_219_normal_015,603,0.8634361233416782,0.7747035573020461,0.9751243780932815,0.9742560553619733
test_21_discont_000,608,0.5754527162919975,0.7409326424678515,0.4703947368343685,0.9415916955004269
test_21_discont_001,1373,0.6946323861042191,0.912322274870707,0.5608157319696955,0.9062975778534169
test_21_discont_002,254,0.15656565656170288,0.21830985913955564,0.12204724408968318,0.9537716262962578
test_21_discont_003,476,0.6067708333254327,0.7979452054521251,0.4894957983090442,0.9582006920401963
test_21_discont_004,642,0.684394681590732,0.6213468869044302,0.76168224297879,0.9375778546699826
test_21_discont_005,642,0.6523517382346385,0.9494047618765058,0.49688473519475257,0.9529411764692693
test_21_discont_006,696,0.7886382623158844,0.9421157684442691,0.6781609195304862,0.9649826989606021
test_21_empty_000,0,0.0,0.0,0.0,0.9973702422131524
test_21_empty_001,0,0.0,0.0,0.0,0.9562629757772232
test_21_empty_004,0,0.0,0.0,0.0,0.8952249134935706
test_21_empty_005,0,0.0,0.0,0.0,0.9999999999986159
test_21_empty_006,0,0.0,0.0,0.0,0.9518339100332847
test_21_empty_009,0,0.0,0.0,0.0,0.9137716262963131
test_21_empty_010,0,0.0,0.0,0.0,0.9413148788914307
test_21_normal_000,821,0.7657082002089153,0.680227057704066,0.8757612667372014,0.9391003460194615
test_21_normal_001,1068,0.9208699676033278,0.9103385178324764,0.9316479400661831,0.9763321799294445
test_21_normal_002,939,0.883745397154741,0.8731808731717965,0.8945686900863198,0.9694117647045406
test_21_normal_003,696,0.7167155425177906,0.6055500495480124,0.8778735632057777,0.9331487889260441
test_21_normal_004,966,0.829136690643754,0.7329093799623776,0.9544513457458131,0.9474048442893461
test_21_normal_005,846,0.841574167503322,0.7341549295710023,0.9858156028252267,0.9565397923862193
test_21_normal_006,1105,0.8741662961277272,0.8592657342582233,0.889592760172945,0.9608304498256598
test_21_normal_007,728,0.7507365939849692,0.6573787409632882,0.8749999999879807,0.9414532871959288
test_220_discont_000,697,0.04488078541311528,0.999999999375,0.02295552367255444,0.9057439446354246
test_220_discont_001,906,0.15773259396082728,0.17852161784967194,0.1412803531993236,0.8107958477497429
test_220_discont_002,1198,0.9083263246387371,0.9152542372803792,0.9015025041660977,0.9698269896180348
test_220_discont_003,1559,0.8707271597238324,0.8444846292896656,0.8986529826754417,0.9424221453274153
test_220_discont_004,942,0.6435152374157087,0.9680170575486563,0.48195329086537203,0.9303806228360826
test_220_discont_005,1239,0.8898539281449276,0.8709428129762679,0.9096045197666699,0.9613840830436521
test_220_discont_006,1250,0.9348627611596279,0.9580184718643324,0.9127999999926977,0.9779930795834215
test_220_discont_007,1329,0.733584032395911,0.5958646616513352,0.9541008276828135,0.8725259515558857
test_220_empty_001,0,0.0,0.0,0.0,0.9137716262963131
test_220_empty_003,0,0.0,0.0,0.0,0.8671280276804607
test_220_empty_004,0,0.0,0.0,0.0,0.9370242214519903
test_220_empty_005,0,0.0,0.0,0.0,0.9504498269883039
test_220_empty_006,0,0.0,0.0,0.0,0.9276124567461209
test_220_empty_007,0,0.0,0.0,0.0,0.9999999999986159
test_220_empty_008,0,0.0,0.0,0.0,0.9802076124553907
test_220_empty_009,0,0.0,0.0,0.0,0.9626297577841347
test_220_empty_010,0,0.0,0.0,0.0,0.7745328719712463
test_220_empty_011,0,0.0,0.0,0.0,0.7224913494799688
test_220_empty_012,0,0.0,0.0,0.0,0.9338408304485345
test_220_empty_015,0,0.0,0.0,0.0,0.8243598615905545
test_220_normal_000,1090,0.8295302013385704,0.8096069868924926,0.850458715588528,0.947266435984848
test_220_normal_001,1526,0.9363057324810946,0.9107806691393384,0.9633027522872655,0.9723183390990002
test_220_normal_002,1050,0.9133271202194161,0.8941605839334476,0.9333333333244446,0.9742560553619733
test_220_normal_003,1235,0.6523076923054623,0.5644970414167781,0.7724696356212756,0.8592387543240703
test_220_normal_004,1407,0.8869745003415336,0.860869565211633,0.9147121535116226,0.9546020761232462
test_220_normal_005,1059,0.8487046632080378,0.9402985074518909,0.7733711048085613,0.959584775085177
test_220_normal_006,1215,0.8563664596240048,0.8104335047699455,0.9078189300336805,0.948788927334327
test_220_normal_007,1497,0.7767784137345959,0.6560773480632778,0.9519038076088718,0.8866435986146898
test_220_normal_008,1044,0.7238325281774404,0.6243055555512201,0.861111111102863,0.9050519031129342
test_220_normal_009,877,0.9211850195588531,0.9035087719199176,0.9395667046643151,0.9804844290643869
test_220_normal_010,1362,0.6519230769199427,0.9442896935801631,0.49779735682453896,0.8997923875420072
test_220_normal_011,1471,0.7973421926883809,0.7797270955115028,0.8157715839509465,0.9155709342547882
test_220_normal_012,1222,0.9142146705308155,0.9261125104876062,0.9026186579304205,0.9713494809675137
test_220_normal_013,1162,0.8464730290424501,0.7535258562743216,0.9655765920743067,0.9436678200678981
test_220_normal_014,1724,0.8857065657906358,0.8290338897277237,0.9506960556789403,0.9414532871959288
test_220_normal_015,1515,0.7432970533561367,0.6216696269954634,0.9240924092348245,0.8661591695489742
test_221_discont_000,1642,0.8888888888862411,0.8699708454759769,0.9086479902502519,0.9483737024208327
test_221_discont_001,1981,0.49623520975082025,0.856435643553757,0.3493185259952079,0.8055363321788159
test_221_discont_002,1934,0.7208502657057804,0.9114624505856802,0.5961737331923673,0.876401384081832
test_221_discont_003,1454,0.6562228024340461,0.8933649288993677,0.5185694635452643,0.8906574394451341
test_221_discont_004,1863,0.8493617021252501,0.9007220216552304,0.8035426731035774,0.9265051903101363
test_221_discont_005,842,0.5705860670823053,0.4136825227129146,0.9192399049772062,0.8387543252583547
test_221_discont_006,1624,0.940032414907812,0.9924709103285937,0.8928571428516451,0.9743944636664714
test_221_discont_007,1407,0.9485879797214027,0.966789667889544,0.931058990753866,0.9803460207598889
test_221_empty_001,0,0.0,0.0,0.0,0.9923875432512216
test_221_empty_002,0,0.0,0.0,0.0,0.9874048442892908
test_221_empty_003,0,0.0,0.0,0.0,0.9458823529398673
test_221_empty_004,0,0.0,0.0,0.0,0.9970934256041563
test_221_empty_005,0,0.0,0.0,0.0,0.9999999999986159
test_221_empty_007,0,0.0,0.0,0.0,0.9797923875418965
test_221_empty_008,0,0.0,0.0,0.0,0.9999999999986159
test_221_normal_000,1701,0.8998001712791899,0.8745837957776106,0.9265138153972575,0.9514186851197904
test_221_normal_001,1333,0.8954041204401926,0.9487825356763328,0.8477119279756361,0.9634602076111233
test_221_normal_002,1776,0.9346677787018776,0.9231191652887254,0.9465090090036796,0.9674740484415675
test_221_normal_003,1492,0.924999999996875,0.9325613078955548,0.9175603217096678,0.9692733564000425
test_221_normal_004,2256,0.9668077522812056,0.9717868338514475,0.9618794326198499,0.9793771626284022
test_221_normal_005,1624,0.93857653558356,0.9938059187818734,0.8891625615708796,0.9738408304484791
test_221_normal_006,1423,0.9469534050145271,0.9663496708049281,0.9283204497475172,0.9795155709329003
test_221_normal_007,1443,0.9360028602040186,0.9667651403178231,0.9071379071316207,0.9752249134934599
test_221_normal_008,1881,0.9417551126043444,0.9177598385422919,0.9670388091389313,0.9688581314865483
test_221_normal_009,2439,0.9359687049599836,0.9400330851904879,0.931939319389373,0.9569550172997136
test_221_normal_010,1457,0.9356101031628047,0.9711964549411286,0.9025394646472029,0.9749480968844637
test_221_normal_011,1557,0.9560975609725005,0.9683794466339369,0.9441233140594469,0.9813148788913754
test_221_normal_012,1430,0.9390374331517325,0.9578181818112159,0.9209790209725807,0.9763321799294445
test_221_normal_013,1400,0.9547559672213939,0.9523809523741835,0.9571428571360204,0.9824221453273599
test_221_normal_014,1379,0.9572966951319819,0.9809741248022757,0.9347353154391971,0.9840830449813369
test_221_normal_015,1421,0.9479315263874896,0.9609544468477155,0.9352568613586542,0.9797923875418965
test_222_discont_000,1221,0.5195729537335732,0.941935483850711,0.3587223587194208,0.8878892733551725
test_222_discont_001,1205,0.6037735849034267,0.5447263017320112,0.6771784232308948,0.851764705881174
test_222_discont_002,786,0.8212684176757126,0.8270967741828762,0.8155216284883521,0.9613840830436521
test_222_discont_003,1683,0.6676852559179997,0.9347593582787727,0.5193107546017867,0.8795847750852878
test_222_discont_004,899,0.4120689655136891,0.9157088122254518,0.26585094549203725,0.9056055363309266
test_222_discont_005,1266,0.8669623059834924,0.8145833333276765,0.9265402843528711,0.9501730103793077
test_222_discont_006,1431,0.6272300469454121,0.9556509298861853,0.46680642906731795,0.8901038062271417
test_222_discont_007,1028,0.8424273329890749,0.8853161843420652,0.8035019455174758,0.9572318339087097
test_222_empty_001,0,0.0,0.0,0.0,0.9529411764692693
test_222_empty_002,0,0.0,0.0,0.0,0.9879584775072832
test_222_empty_004,0,0.0,0.0,0.0,0.9999999999986159
test_222_empty_006,0,0.0,0.0,0.0,0.9999999999986159
test_222_empty_007,0,0.0,0.0,0.0,0.9999999999986159
test_222_empty_008,0,0.0,0.0,0.0,0.9867128027668004
test_222_empty_009,0,0.0,0.0,0.0,0.9961245674726698
test_222_empty_010,0,0.0,0.0,0.0,0.9904498269882486
test_222_normal_000,952,0.8238835925698752,0.7886647454295038,0.8623949579741345,0.9514186851197904
test_222_normal_001,1482,0.8964379947199986,0.8767741935427306,0.9170040485768084,0.9565397923862193
test_222_normal_002,1216,0.8688588007703333,0.8203067932737743,0.9235197368345106,0.9530795847737674
test_222_normal_003,2019,0.7705106138818976,0.9154737559583132,0.6651807825623319,0.8892733564001533
test_222_normal_004,1584,0.8239292997932566,0.8924889543380524,0.7651515151466847,0.9283044982686114
test_222_normal_005,1034,0.9217065166389043,0.8944494995369022,0.9506769825826822,0.9768858131474368
test_222_normal_006,1255,0.9262357414413451,0.8858181818117395,0.9705179282791194,0.9731487889259888
test_222_normal_007,1050,0.8659142212150523,0.8231759656581702,0.9133333333246351,0.9588927335626867
test_222_normal_008,1233,0.8694665153202064,0.8148936170154972,0.9318734793111771,0.9522491349467789
test_222_normal_009,1414,0.8740445330645595,0.8244514106531383,0.9299858557218531,0.9475432525938442
test_222_normal_010,1916,0.8018784854687353,0.9161636485518702,0.7129436325641287,0.9065743944624131
test_222_normal_011,1157,0.9295655841377919,0.9077429983450763,0.9524632670617765,0.9768858131474368
test_222_normal_012,906,0.8922124806555327,0.8373668925378766,0.9547461368548041,0.9710726643585176
test_222_normal_013,1324,0.9267241379277058,0.8835616438295647,0.9743202416844841,0.9717647058810079
test_222_normal_014,1159,0.9109075770153584,0.8801287208296048,0.9439171699659714,0.9703806228360272
test_222_normal_015,969,0.8301703162976635,0.7854511970461746,0.880288957679254,0.9516955017287866
test_223_discont_000,618,0.6837606837541904,0.8275862068775267,0.5825242718352343,0.9539100346007559
test_223_discont_001,1155,0.6211714132153618,0.818696883841095,0.5004329004285677,0.9024221453274707
test_223_discont_002,929,0.7036553524758248,0.8938640132521747,0.5801937567214188,0.9371626297564883
test_223_discont_003,463,0.7980049875212218,0.9439528023320368,0.6911447084083986,0.9775778546699272
test_223_discont_004,1325,0.434159779611933,0.8040816326366513,0.29735849056379354,0.8578546712790895
test_223_discont_005,1814,0.9244013989751833,0.9027850761907369,0.9470782800388805,0.9611072664346559
test_223_discont_006,913,0.7332754126814367,0.6076313894844664,0.9244249726076186,0.9150173010367958
test_223_discont_007,605,0.826835902077726,0.9156626505840229,0.7537190082520047,0.973564013839483
test_223_empty_001,0,0.0,0.0,0.0,0.7731487889262656
test_223_empty_002,94,0.1053698074963995,0.05823068309005341,0.553191489302852,0.8777854671268127
test_223_empty_004,0,0.0,0.0,0.0,0.9238754325246729
test_223_empty_006,0,0.0,0.0,0.0,0.9999999999986159
test_223_empty_007,0,0.0,0.0,0.0,0.9029757785454631
test_223_empty_008,0,0.0,0.0,0.0,0.9624913494796367
test_223_empty_009,0,0.0,0.0,0.0,0.9074048442894015
test_223_empty_010,0,0.0,0.0,0.0,0.9609688581301579
test_223_empty_011,857,0.6689925861287876,0.5341225626703753,0.894982497072404,0.8949480968845744
test_223_normal_000,465,0.5973856209111282,0.42910798121662813,0.9827956989035957,0.9147404844277996
test_223_normal_001,907,0.790913305513255,0.6823999999945408,0.9404630650392451,0.9375778546699826
test_223_normal_002,1623,0.9528928232660357,0.9785714285650743,0.9285274183553388,0.9793771626284022
test_223_normal_003,1596,0.7299630086295192,0.6018706791354134,0.9273182957335382,0.8484429065732202
test_223_normal_004,1569,0.8191706322201932,0.8776402039266014,0.7680050987841428,0.9263667820056383
test_223_normal_005,1284,0.7864312911014661,0.7077881619893597,0.8847352024853214,0.9146020761233016
test_223_normal_006,1694,0.8708656888096898,0.8491306786267576,0.8937426210100724,0.9378546712789788
test_223_normal_007,1810,0.961399611216436,0.9664991624736656,0.9563535911549373,0.9807612456733831
test_223_normal_008,1644,0.911385144821017,0.862181226256852,0.966545012159571,0.9572318339087097
test_223_normal_009,1366,0.8610394397314374,0.8671121009586703,0.8550512445032574,0.9478200692028405
test_223_normal_010,926,0.7733454215740102,0.6664062499947938,0.9211663066855166,0.9307958477495768
test_223_normal_011,1347,0.8503674014667657,0.7729204614403588,0.9450631031852632,0.9379930795834769
test_223_normal_012,1177,0.713347921223153,0.5642927794235199,0.969413763798051,0.8730795847738781
test_223_normal_013,820,0.9152134696276897,0.9027283511162191,0.9280487804764872,0.9804844290643869
test_223_normal_014,1449,0.9060556464782126,0.8617683686123178,0.9551414768740156,0.9602768166076675
test_223_normal_015,2248,0.8925243321580192,0.8349476946887449,0.9586298932341698,0.9281660899641133
test_224_discont_000,813,0.1381653454117988,0.8714285713040817,0.07503075030658019,0.8946712802755783
test_224_discont_001,1900,0.772979642193791,0.933681073018378,0.6594736842070554,0.8981314878880303
test_224_discont_002,902,0.6078717201121876,0.8872340425343141,0.46230598669110523,0.9255363321786498
test_224_discont_003,871,0.7524622455630173,0.8788343558147418,0.6578645235286124,0.9478200692028405
test_224_discont_004,694,0.3261363636345106,0.2692307692282436,0.4135446685819374,0.8358477508638951
test_224_discont_005,1583,0.7003869541163615,0.6226044226013632,0.8003790271585574,0.849965397922699
test_224_discont_006,1111,0.8488253319670642,0.9811097992800342,0.7479747974730157,0.9590311418671847
test_224_discont_007,2539,0.8080942850771445,0.9279877425897447,0.7156360771929278,0.8805536332167744
test_224_empty_000,0,0.0,0.0,0.0,0.9925259515557197
test_224_empty_003,0,0.0,0.0,0.0,0.9999999999986159
test_224_empty_004,0,0.0,0.0,0.0,0.978961937714908
test_224_empty_005,0,0.0,0.0,0.0,0.8835986159157321
test_224_empty_007,0,0.0,0.0,0.0,0.9933564013827082
test_224_empty_008,0,0.0,0.0,0.0,0.9999999999986159
test_224_empty_009,0,0.0,0.0,0.0,0.9999999999986159
test_224_normal_000,1209,0.9434262948169585,0.9100691775487313,0.9793217535072017,0.9803460207598889
test_224_normal_001,1336,0.9528158295245327,0.9690402476705183,0.9371257484959796,0.9828373702408543
test_224_normal_002,1935,0.928059463761805,0.9541484716105123,0.9033591731219465,0.9624913494796367
test_224_normal_003,1032,0.9084005695258264,0.8902325581312538,0.9273255813863632,0.9732871972304868
test_224_normal_004,1376,0.9540434627682436,0.9357092941933215,0.9731104651092071,0.9821453287183638
test_225_discont_000,1036,0.37626854020002914,0.9836734693476051,0.23262548262323723,0.8894117647046513
test_225_discont_001,892,0.514096185733714,0.9872611464653738,0.3475336322830994,0.918892733562742
test_225_discont_002,1343,0.4480812641058235,0.9254079253863541,0.29560685033286965,0.8646366781994953
test_225_discont_003,2284,0.7462151394407446,0.6845760233893108,0.820052539400963,0.8236678200680642
test_225_discont_004,416,0.7318518518410096,0.9536679536311324,0.5937499999857272,0.9749480968844637
test_225_discont_005,1554,0.017857142857028975,0.9999999992857143,0.009009009008951036,0.7868512110715753
test_225_discont_006,1350,0.7742222222187812,0.9677777777670247,0.6451851851804061,0.9296885813135921
test_225_discont_007,1674,0.4609053497921312,0.982456140331726,0.3010752688154058,0.8368166089953816
test_225_empty_000,0,0.0,0.0,0.0,0.9159861591682824
test_225_empty_002,0,0.0,0.0,0.0,0.9587543252581886
test_225_empty_003,0,0.0,0.0,0.0,0.9999999999986159
test_225_empty_004,0,0.0,0.0,0.0,0.9999999999986159
test_225_normal_000,1342,0.7982494529505547,0.9671261929908046,0.6795827123645337,0.9361937716250018
test_225_normal_001,1488,0.8884073672773983,0.9601873536224811,0.8266129032202513,0.9572318339087097
test_226_discont_000,1009,0.11285846438378486,0.8472222221045526,0.06045589692705197,0.8672664359849588
test_226_discont_001,671,0.37799043061748816,0.9575757575177226,0.23546944858069344,0.9280276816596152
test_226_discont_002,1252,0.3011325782791397,0.9076305220519023,0.18051118210718442,0.8548096885801317
test_226_discont_003,1156,0.49313725489954346,0.5690045248804411,0.435121107262672,0.8568858131476029
test_226_discont_004,1370,0.6828240252873803,0.6580907244369798,0.7094890510897118,0.8750173010368512
test_226_discont_005,1708,0.6504065040626371,0.8817635270452729,0.5152224824325807,0.8690657439434338
test_226_discont_006,1163,0.8194842406837657,0.9215896884970828,0.7377472054966661,0.9476816608983423
test_226_empty_003,0,0.0,0.0,0.0,0.9597231833896751
test_226_empty_004,0,0.0,0.0,0.0,0.8823529411752493
test_226_empty_005,0,0.0,0.0,0.0,0.9122491349468342
test_226_empty_007,0,0.0,0.0,0.0,0.9486505190298289
test_226_empty_010,0,0.0,0.0,0.0,0.9784083044969157
test_226_empty_011,0,0.0,0.0,0.0,0.9375778546699826
test_226_empty_012,0,0.0,0.0,0.0,0.9493425605523192
test_226_empty_013,1089,0.7016552280956736,0.6260806916381407,0.7979797979724704,0.897716262974536
test_226_empty_014,0,0.0,0.0,0.0,0.8921799307946129
test_226_empty_015,1418,0.5814668423338539,0.7706635622727512,0.46685472496144675,0.8680968858119473
test_226_normal_000,1268,0.803202697004622,0.8624434389062223,0.7515772870603189,0.9353633217980134
test_226_normal_001,1420,0.7818804720183408,0.8508699254279133,0.7232394366146251,0.9206920415212171
test_226_normal_002,1113,0.9249116607732999,0.9096437880025228,0.9407008086168851,0.9764705882339426
test_226_normal_003,1321,0.6897546897513721,0.945910290224988,0.5427706283077762,0.9107266435973554
test_226_normal_004,1046,0.7818696883808394,0.959666203046458,0.6596558317336554,0.9467128027668558
test_226_normal_005,1138,0.7686888453981656,0.6930134086048483,0.8629173989379357,0.9182006920402517
test_226_normal_006,1304,0.8399326031978099,0.9317757009258714,0.764570552141376,0.9474048442893461
test_226_normal_007,1094,0.9431407942195708,0.931372549011307,0.9552102376512321,0.982560553631858
test_226_normal_008,1073,0.8404630095579242,0.9135667395961317,0.7781919850812844,0.9561245674727251
test_226_normal_009,1010,0.7539823008805075,0.932846715314849,0.6326732673204686,0.9422837370229172
test_226_normal_010,1130,0.8122235625218648,0.7442888725074114,0.8938053097266035,0.9353633217980134
test_226_normal_011,1193,0.8327316486127849,0.7984615384553965,0.8700754400597648,0.9422837370229172
test_226_normal_012,1121,0.8637435172047915,0.91599999999084,0.8171275646671087,0.9599999999986712
test_227_discont_000,1617,0.2242424242412917,0.6115702479170366,0.13729128014757397,0.7874048442895676
test_227_discont_001,1007,0.653108657753323,0.7871148459273514,0.55809334656844,0.9173702422132631
test_227_discont_002,1134,0.615570307781439,0.9751434034230374,0.4497354497314839,0.91183391003334
test_227_discont_003,1049,0.49227799227561647,0.4985337243353027,0.4861773117208182,0.8543944636666375
test_227_discont_004,700,0.8538985616892211,0.9082125603718484,0.8057142857027755,0.9732871972304868
test_227_discont_005,2600,0.8454063604221612,0.9927385892064693,0.7361538461510149,0.9031141868499611
test_227_discont_006,1529,0.8598198198167214,0.9574638844224923,0.7802485284448644,0.9461591695488635
test_227_discont_007,1441,0.8512621359190242,0.9664902998151104,0.7605829285165817,0.9469896193758519
test_227_empty_000,0,0.0,0.0,0.0,0.9835294117633446
test_227_empty_003,0,0.0,0.0,0.0,0.9999999999986159
test_227_empty_005,0,0.0,0.0,0.0,0.9897577854657581
test_227_empty_008,0,0.0,0.0,0.0,0.9999999999986159
test_227_normal_000,1734,0.6927966101670452,0.8934426229426827,0.5657439446334156,0.8795847750852878
test_227_normal_001,1326,0.8420705572013121,0.748096074980972,0.9630467571571415,0.9337024221440364
test_227_normal_002,1275,0.9211553473812601,0.9168609168537929,0.9254901960711727,0.9720415224900041
test_227_normal_003,2272,0.8607657881629519,0.989142857137205,0.7618838028135481,0.922491349479692
test_227_normal_004,1923,0.9470842332587822,0.9848399775351778,0.9121164846546432,0.9728719723169926
test_227_normal_005,1636,0.9399271844631677,0.9331325301148607,0.9468215158866332,0.9725951557079964
test_227_normal_006,2248,0.8928571428549588,0.9918478260815661,0.8118327402099118,0.9393771626284576
test_227_normal_007,938,0.8169312169268946,0.8109243697393811,0.8230277185413323,0.9521107266422808
test_227_normal_008,1601,0.9652338811600341,0.9769673704352082,0.9537788881889209,0.9847750865038273
test_227_normal_009,1663,0.9045257284534888,0.9334612923804642,0.8773301262725357,0.9573702422132078
test_227_normal_010,1573,0.8540225700733381,0.999148211235101,0.7457088366131869,0.9444982698948865
test_227_normal_011,1748,0.86348830322516,0.895027624303898,0.8340961098350452,0.9361937716250018
test_227_normal_012,2698,0.9316794644596739,0.9937001259933066,0.8769458858381136,0.9519723183377827
test_227_normal_013,1773,0.9719734180844497,0.9964454976244287,0.9486745628824103,0.9865743944623023
test_227_normal_014,1926,0.9556574923523047,0.9384384384337416,0.9735202492161292,0.9759169550159503
test_227_normal_015,889,0.8079404466461145,0.7229129662458001,0.9156355455465057,0.9464359861578596
test_228_discont_000,1053,0.6981132075432958,0.8397863818312445,0.5973409306685913,0.9247058823516613
test_228_discont_001,842,0.8571428571380364,0.8141025640938664,0.9049881235046914,0.964844290656104
test_228_discont_002,1363,0.7709179528807031,0.8635122838865923,0.6962582538466893,0.9219377162616997
test_228_discont_003,750,0.7066942719067861,0.7324749642241419,0.6826666666575645,0.9411764705869327
test_228_discont_004,1150,0.9430463576117305,0.9578475336236966,0.9286956521658375,0.9821453287183638
test_228_discont_005,284,0.3697478991493068,0.9041095889172454,0.2323943661890002,0.9688581314865483
test_228_discont_006,516,0.6337349397514008,0.8375796178077204,0.5096899224707424,0.9579238754312002
test_228_discont_007,1293,0.7047527604382874,0.9291139240388719,0.567672080428711,0.9148788927322977
test_228_empty_000,0,0.0,0.0,0.0,0.9999999999986159
test_228_empty_001,0,0.0,0.0,0.0,0.9775778546699272
test_228_empty_003,0,0.0,0.0,0.0,0.9854671280263178
test_228_empty_004,0,0.0,0.0,0.0,0.9209688581302132
test_228_empty_005,0,0.0,0.0,0.0,0.9775778546699272
test_228_empty_008,0,0.0,0.0,0.0,0.9893425605522639
test_228_empty_009,0,0.0,0.0,0.0,0.9999999999986159
test_228_normal_000,1386,0.9513590844028922,0.943262411340828,0.9595959595890362,0.9811764705868773
test_228_normal_001,1317,0.9414483821227217,0.9554339327524987,0.9278663629390443,0.978961937714908
test_228_normal_002,1153,0.9149831649793141,0.8887980376051612,0.9427580225416934,0.9720415224900041
test_228_normal_003,1275,0.9454265949233458,0.9269027882371749,0.9647058823453749,0.9803460207598889
test_228_normal_004,1339,0.9279875437877463,0.9691056910490318,0.8902165795303196,0.9743944636664714
test_228_normal_005,1295,0.8436198409661355,0.8276374442731974,0.8602316602250176,0.9428373702409096
test_228_normal_006,1297,0.9353965183716233,0.9386645962660042,0.9321511179573466,0.9768858131474368
test_228_normal_007,1142,0.9480231008398577,0.9621280432735607,0.9343257443000498,0.9838062283723408
test_228_normal_008,1232,0.9496576721669365,0.9424460431579341,0.9569805194727519,0.9826989619363561
test_228_normal_009,1245,0.9133435582787065,0.8738077769561717,0.9566265060164127,0.9687197231820502
test_228_normal_010,1411,0.955866523139735,0.9680232558069185,0.944011339468859,0.9829757785453523
test_228_normal_011,1327,0.9404318689466105,0.92935982339272,0.951770911824026,0.9778546712789234
test_228_normal_012,1190,0.9286023366467824,0.9571810883054668,0.9016806722613305,0.977162629756433
test_228_normal_013,1249,0.9414634146303192,0.9562345169202624,0.9271417133632736,0.9800692041508926
test_228_normal_014,1307,0.94784580498508,0.9365197908817289,0.959449120115077,0.9808996539778811
test_228_normal_015,1251,0.9441295546520481,0.9565217391225881,0.9320543565073378,0.9808996539778811
test_229_discont_000,1226,0.6755674232279681,0.743388834468723,0.6190864600275768,0.8991003460195168
test_229_discont_001,2357,0.6043703277728454,0.9375557537828944,0.44590581247159145,0.8095501730092601
test_229_discont_002,1482,0.3506637168122198,0.9723926380069818,0.21390013495132323,0.8375086505178719
test_229_discont_003,435,0.0,0.0,0.0,0.9397923875419518
test_229_discont_004,594,0.0,0.0,0.0,0.9177854671267573
test_229_discont_005,1768,0.8568818513981216,0.9281002638461208,0.7958144796335079,0.9349480968845191
test_229_discont_006,572,0.08244680850954193,0.17222222221265432,0.054195804194856714,0.9044982698949419
test_229_discont_007,689,0.0,0.0,0.0,0.9046366781994399
test_229_empty_001,0,0.0,0.0,0.0,0.9793771626284022
test_229_empty_003,0,0.0,0.0,0.0,0.9979238754311448
test_229_empty_004,0,0.0,0.0,0.0,0.9533564013827636
test_229_normal_000,1404,0.8658357771229258,0.8919939576971905,0.8411680911621,0.9493425605523192
test_229_normal_001,1425,0.9276065119469082,0.9158686730443512,0.9396491228004236,0.9710726643585176
test_229_normal_002,1428,0.9266962154758722,0.9029900332165914,0.9516806722622432,0.9702422145315291
test_22_discont_000,1235,0.7739634418155419,0.8611111111025683,0.7028340080914751,0.9298269896180902
test_22_discont_001,563,0.4127951256632689,0.3613333333285155,0.48134991118150355,0.8932871972305976
test_22_discont_002,824,0.6825649178554184,0.6058325493828238,0.7815533980487676,0.917093425604267
test_22_discont_003,1262,0.8281557215854182,0.8220140515158313,0.8343898573626436,0.9395155709329557
test_22_discont_004,1964,0.9046417759815726,0.8964999999955175,0.9129327902193843,0.9476816608983423
test_22_discont_005,1191,0.7941176470549308,0.9540636042290451,0.6801007556617961,0.941868512109423
test_22_discont_006,1376,0.8107534488828767,0.7898001378305322,0.8328488372032498,0.925951557092144
test_22_discont_007,784,0.7055555555516358,0.6249999999938484,0.8099489795815057,0.9266435986146344
test_22_empty_001,0,0.0,0.0,0.0,0.9999999999986159
test_22_empty_002,0,0.0,0.0,0.0,0.9918339100332293
test_22_empty_004,0,0.0,0.0,0.0,0.9707958477495214
test_22_empty_005,0,0.0,0.0,0.0,0.9893425605522639
test_22_empty_006,0,0.0,0.0,0.0,0.9756401384069542
test_22_empty_007,0,0.0,0.0,0.0,0.955847750863729
test_22_empty_008,0,0.0,0.0,0.0,0.9114186851198458
test_22_empty_010,0,0.0,0.0,0.0,0.9999999999986159
test_22_empty_011,0,0.0,0.0,0.0,0.9999999999986159
test_22_normal_000,1060,0.7933390264697125,0.7246489859537859,0.8764150943313547,0.9330103806215461
test_22_normal_001,1232,0.9426596177269514,0.9445802770909163,0.9407467532391174,0.9804844290643869
test_22_normal_002,1679,0.9013035381722493,0.941023979255081,0.8648004764689411,0.955986159168227
test_22_normal_003,975,0.9013685700759728,0.8347902097829127,0.9794871794771335,0.9710726643585176
test_22_normal_004,1926,0.9144496609261491,0.9187631027205516,0.9101765316671331,0.9546020761232462
test_22_normal_005,1124,0.8991803278651673,0.8335866261334834,0.9759786476781498,0.9659515570920887
test_22_normal_006,1162,0.9451013513473603,0.9278606965097194,0.9629948364805251,0.9820069204138657
test_22_normal_007,1499,0.8799718408979939,0.9314456035698104,0.8338892595007746,0.9528027681647713
test_22_normal_008,1745,0.9025185185158444,0.9343558282151267,0.8727793696225056,0.9544636678187481
test_22_normal_009,1427,0.8254634487554199,0.8240223463629608,0.826909600554822,0.9309342560540749
test_22_normal_010,1029,0.8323454699372044,0.7374343585841153,0.9552964042667125,0.9451903114173769
test_22_normal_011,921,0.88058252426757,0.7963125548657041,0.9847991313682433,0.9659515570920887
test_22_normal_012,1204,0.9147869674147252,0.9201680672191583,0.9094684385306523,0.9717647058810079
test_22_normal_013,1072,0.9511312217151533,0.9235500878653468,0.9804104477520486,0.9850519031128234
test_22_normal_014,1220,0.9540837058067693,0.9460112812171958,0.9622950819593256,0.9843598615903331
test_22_normal_015,1537,0.884137931031434,0.9405722670510597,0.8340923877629532,0.9534948096872616
test_230_discont_000,1233,0.07752956635954318,0.204152249127884,0.04785077047811963,0.805674740483314
test_230_discont_001,1520,0.7321618743324491,0.614937388190452,0.9046052631519435,0.8607612456735492
test_230_discont_002,797,0.6620111731812756,0.5262768319724184,0.892095357579773,0.899515570933011
test_230_discont_003,1445,0.8718330849445908,0.9443099273531533,0.8096885813092756,0.952387543251277
test_230_discont_004,1398,0.8693972179255434,0.94537815125256,0.8047210300371623,0.9532179930782655
test_230_discont_005,1373,0.8517665130535647,0.9008935824459717,0.8077203204602498,0.9465743944623577
test_230_empty_000,0,0.0,0.0,0.0,0.9999999999986159
test_230_empty_001,1076,0.7486318861701984,0.6162162162125152,0.9535315985041495,0.9046366781994399
test_230_empty_003,0,0.0,0.0,0.0,0.8859515570921994
test_230_empty_004,0,0.0,0.0,0.0,0.9999999999986159
test_230_empty_005,0,0.0,0.0,0.0,0.9999999999986159
test_230_empty_006,0,0.0,0.0,0.0,0.8697577854659242
test_230_empty_007,0,0.0,0.0,0.0,0.9862975778533062
test_230_empty_008,0,0.0,0.0,0.0,0.9999999999986159
test_230_empty_009,0,0.0,0.0,0.0,0.9999999999986159
test_230_empty_012,0,0.0,0.0,0.0,0.9999999999986159
test_230_empty_013,0,0.0,0.0,0.0,0.9994463667806236
test_230_empty_014,0,0.0,0.0,0.0,0.9878200692027851
test_230_normal_000,1155,0.9525010508577029,0.9256535947636794,0.9809523809438879,0.9843598615903331
test_230_normal_001,1101,0.8635255889485641,0.7810433504718514,0.9654859218804226,0.9534948096872616
test_230_normal_002,1109,0.9460654288198671,0.9280138768349696,0.9648331830390908,0.9831141868498504
test_230_normal_003,1037,0.9130850047711887,0.9044465468220961,0.9218900674935209,0.9748096885799656
test_230_normal_004,1414,0.9021183345474723,0.9327794561863084,0.8734087694421966,0.962906574393131
test_230_normal_005,1198,0.960032626423491,0.9385964912205854,0.9824707846328676,0.9864359861578043
test_230_normal_006,1197,0.9370748299279886,0.9541125541042935,0.9206349206272295,0.9795155709329003
test_230_normal_007,1151,0.9537547730125,0.9320066334914429,0.9765421372634533,0.9849134948083254
test_230_normal_008,1198,0.9563443492413042,0.9353551476381856,0.9782971619283949,0.9851903114173215
test_230_normal_009,1058,0.7758620689624771,0.6626506024052032,0.935727788270929,0.9208304498257152
test_230_normal_010,1154,0.9482976040313229,0.9208163265230954,0.9774696707021018,0.9829757785453523
test_230_normal_011,1112,0.9505736981423187,0.933275563250145,0.9685251798474055,0.9844982698948311
test_230_normal_012,1147,0.9592798971240494,0.9435075885249283,0.9755884917090185,0.9868512110712985
test_230_normal_013,1081,0.9526411657515819,0.9381165919198377,0.9676225716839258,0.9856055363308158
test_230_normal_014,1221,0.9556177528950196,0.9335937499927064,0.9787059786979632,0.9846366781993292
test_230_normal_015,1022,0.9502923976561877,0.9466019417383826,0.9540117416736398,0.985882352939812
test_231_discont_000,713,0.45427728613122637,0.7598684210276359,0.3239831697009259,0.9231833910021825
test_231_discont_001,1418,0.38588503130116175,0.9999999999705015,0.23906911142285567,0.8506574394451895
test_231_discont_002,906,0.6128571428527654,0.8684210526139996,0.47350993376960804,0.9249826989606574
test_231_discont_003,889,0.5365853658494368,0.8926701570446944,0.38357705286407673,0.9184775086492478
test_231_discont_004,849,0.6095325389522936,0.4988747186759275,0.783274440509031,0.8820761245662532
test_231_discont_005,1341,0.5271828665539419,0.9999999999791667,0.3579418344492324,0.8808304498257705
test_231_discont_006,1397,0.7528786536724851,0.9872241579443992,0.6084466714344421,0.9227681660886882
test_231_discont_007,1511,0.8334943639264623,0.8117942283512435,0.8563864990016123,0.9284429065731095
test_231_empty_000,0,0.0,0.0,0.0,0.8945328719710802
test_231_empty_001,0,0.0,0.0,0.0,0.9588927335626867
test_231_empty_002,0,0.0,0.0,0.0,0.9443598615903884
test_231_empty_003,0,0.0,0.0,0.0,0.9999999999986159
test_231_empty_005,0,0.0,0.0,0.0,0.9905882352927466
test_231_empty_006,0,0.0,0.0,0.0,0.9999999999986159
test_231_empty_007,0,0.0,0.0,0.0,0.9933564013827082
test_231_empty_008,0,0.0,0.0,0.0,0.9631833910021271
test_231_empty_009,0,0.0,0.0,0.0,0.8942560553620841
test_231_normal_000,1694,0.8983855650493878,0.9686006825872451,0.8376623376573928,0.9555709342547328
test_231_normal_001,1849,0.8023625624697811,0.6917352134716345,0.9551108707357755,0.8795847750852878
test_231_normal_002,1277,0.9019298936553686,0.9072900158406713,0.8966327329608722,0.9655363321785945
test_231_normal_003,1590,0.9141414141385287,0.917617237003057,0.9106918238936436,0.9623529411751386
test_231_normal_004,1967,0.9129793510302041,0.8838648262689964,0.9440772750333296,0.9510034602062962
test_231_normal_005,1812,0.8457802064333765,0.939946018887045,0.7687637969052497,0.9296885813135921
test_231_normal_006,1533,0.8658922914436259,0.940366972469875,0.8023483365896782,0.947266435984848
test_231_normal_007,1493,0.7928546891075477,0.8138222849025825,0.7729403884743943,0.9165397923862747
test_231_normal_008,1659,0.868808165713393,0.8654306220043934,0.8722121760043869,0.9395155709329557
test_231_normal_009,1507,0.8034557235399475,0.6772872098285058,0.9873921698673698,0.8992387543240149
test_231_normal_010,1797,0.88121464721381,0.9475032010182619,0.823594880351566,0.9447750865038826
test_231_normal_011,1562,0.8304424778731666,0.9287410926292262,0.7509603072935278,0.9337024221440364
test_231_normal_012,1350,0.9176201372962715,0.945754716973697,0.8911111111045104,0.970103806227031
test_231_normal_013,1596,0.9096774193519043,0.9374999999937667,0.8834586466110059,0.961245674739154
test_231_normal_014,1623,0.879227053137442,0.8620485494324331,0.8971041281522052,0.9446366781993846
test_231_normal_015,1501,0.8892518784681828,0.8724358974303049,0.9067288474290025,0.9530795847737674
test_232_discont_000,2123,0.7151488994373864,0.6598964555927523,0.7804992934489849,0.8173010380611525
test_232_discont_001,622,0.8088445078401653,0.7269230769137573,0.911575562686309,0.962906574393131
test_232_discont_002,1118,0.6865203761728584,0.6108786610836062,0.7835420393489845,0.8892733564001533
test_232_discont_003,1268,0.7428571428535455,0.9623588456591925,0.6048895899005924,0.9265051903101363
test_232_discont_004,999,0.9482233502489938,0.9618949536461184,0.9349349349255762,0.985882352939812
test_232_empty_000,0,0.0,0.0,0.0,0.9999999999986159
test_232_empty_001,0,0.0,0.0,0.0,0.9993079584761255
test_232_empty_002,0,0.0,0.0,0.0,0.9702422145315291
test_232_empty_003,0,0.0,0.0,0.0,0.9999999999986159
test_232_empty_005,0,0.0,0.0,0.0,0.9349480968845191
test_232_empty_006,0,0.0,0.0,0.0,0.9999999999986159
test_232_empty_010,0,0.0,0.0,0.0,0.9999999999986159
test_232_empty_013,901,0.6035805626576413,0.449891067535676,0.9167591564826109,0.8498269896182009
test_232_empty_014,0,0.0,0.0,0.0,0.9999999999986159
test_232_empty_015,0,0.0,0.0,0.0,0.8599307958465606
test_232_empty_016,0,0.0,0.0,0.0,0.9999999999986159
test_232_empty_017,0,0.0,0.0,0.0,0.9763321799294445
test_232_empty_018,0,0.0,0.0,0.0,0.998200692040141
test_232_normal_000,1233,0.7808417997059466,0.9676258992689734,0.6545012165397041,0.9373010380609864
test_232_normal_001,1285,0.8960985626246567,0.9486956521656636,0.8490272373474784,0.9649826989606021
test_232_normal_002,942,0.5472560975568045,0.9702702702440468,0.3811040339662303,0.9177854671267573
test_232_normal_003,1123,0.872868972231501,0.9634408602046942,0.7978628673125747,0.9638754325246175
test_232_normal_004,991,0.7894447498582219,0.8671497584436334,0.7245206861682693,0.9469896193758519
test_232_normal_005,1173,0.681415929199771,0.9700787401422035,0.52514919010635,0.9202768166077228
test_232_normal_006,1128,0.9155514536182947,0.954764196333448,0.8794326241056789,0.9746712802754676
test_232_normal_007,1117,0.8336734693835017,0.969157769858017,0.7314234556783221,0.9548788927322424
test_232_normal_008,1229,0.8949652777738935,0.959069767432939,0.8388934092690082,0.966505190310081
test_232_normal_009,975,0.7601431980861567,0.9087018544806177,0.6533333333266325,0.9443598615903884
test_232_normal_010,1282,0.7522501184237222,0.9577804583720413,0.6193447737861206,0.9276124567461209
test_232_normal_011,1018,0.8171623598204917,0.8112294288401625,0.823182711190342,0.9480968858118366
test_232_normal_012,1013,0.5296216987828007,0.9561855669856653,0.36623889436953366,0.9087889273343823
test_232_normal_013,1320,0.8901363271816756,0.9454855195830879,0.8409090909027205,0.9620761245661424
test_232_normal_014,1079,0.8485163977051092,0.9679334916749651,0.7553290083340564,0.9597231833896751
test_232_normal_015,959,0.5528089887599041,0.9813829786973036,0.3847758081294601,0.9173702422132631
test_233_discont_000,1573,0.5189404727982941,0.4700722394196591,0.5791481245989883,0.7662283737013617
test_233_discont_001,1041,0.47817189631487667,0.3707033315686372,0.6733909702144728,0.7882352941165561
test_233_discont_002,752,0.7895460797744873,0.81766381765217,0.7632978723302752,0.9576470588222039
test_233_discont_003,877,0.7566793893093671,0.6505332239487241,0.9042189281538857,0.929411764704596
test_233_discont_004,858,0.7597061909718799,0.6908396946498966,0.8438228438130091,0.936608996538496
test_233_discont_005,1322,0.7376311844055843,0.6110283159433133,0.930408472005065,0.8788927335627974
test_233_empty_000,0,0.0,0.0,0.0,0.9746712802754676
test_233_empty_001,0,0.0,0.0,0.0,0.9977854671266467
test_233_empty_002,0,0.0,0.0,0.0,0.9474048442893461
test_233_empty_003,0,0.0,0.0,0.0,0.9999999999986159
test_233_empty_004,0,0.0,0.0,0.0,0.9999999999986159
test_233_empty_005,1299,0.7329906259427488,0.603585657367512,0.9330254041498613,0.8777854671268127
test_233_empty_006,0,0.0,0.0,0.0,0.9957093425591755
test_233_empty_007,0,0.0,0.0,0.0,0.9999999999986159
test_233_empty_009,0,0.0,0.0,0.0,0.9999999999986159
test_233_empty_011,0,0.0,0.0,0.0,0.9939100346007005
test_233_normal_000,1341,0.9654146522835054,0.962908011862293,0.9679343773231326,0.9871280276802946
test_233_normal_001,1021,0.930255895630054,0.9537037036938919,0.9079333986199027,0.9807612456733831
test_233_normal_002,1297,0.8205991248710178,0.7281959378690073,0.9398612181885903,0.9262283737011402
test_233_normal_003,862,0.7857142857104418,0.6793570219908684,0.931554524351142,0.9393771626284576
test_233_normal_004,1323,0.7486371895798043,0.6245578575006339,0.9342403628047299,0.8851211072652109
test_233_normal_005,1544,0.8292371528859585,0.8174952800452014,0.8413212435178672,0.925951557092144
test_233_normal_006,1337,0.9545798637359781,0.9662835248968101,0.9431563201126167,0.9833910034588466
test_233_normal_007,1189,0.9002036659841133,0.8728278041005306,0.9293523969644294,0.9660899653965868
test_233_normal_008,855,0.7788461538419934,0.716814159284987,0.8526315789373962,0.9426989619364115
test_233_normal_009,1282,0.8520084566566173,0.7769922879127443,0.9430577223015363,0.941868512109423
test_233_normal_010,1353,0.77140045916441,0.693396226411006,0.869179600880494,0.9035294117634554
test_233_normal_011,1344,0.91461988303737,0.9606879606800928,0.8727678571363634,0.9696885813135367
test_233_normal_012,1362,0.9637760702489434,0.9606126914590766,0.966960352415808,0.9862975778533062
test_233_normal_013,862,0.7302564102526654,0.6544117646998676,0.8259860788767287,0.9271972318326267
test_233_normal_014,892,0.8333333333289101,0.7913306451533132,0.8800448430394614,0.9565397923862193
test_233_normal_015,1096,0.9071669071625438,0.9593082400716245,0.8604014598461643,0.9732871972304868
test_234_discont_000,601,0.4839506172779759,0.9377990430173302,0.326123128114374,0.9421453287184192
test_234_discont_001,1250,0.7759856630789607,0.881873727078596,0.6927999999944576,0.9307958477495768
test_234_discont_002,462,0.0,0.0,0.0,0.9360553633205038
test_234_discont_003,1087,0.7233635929253542,0.7524850894557407,0.6964121435078527,0.9198615916942285
test_234_discont_004,576,0.6603550295818914,0.5008976660637263,0.9687499999831815,0.920553633216719
test_234_discont_005,706,0.07619047618943958,0.9655172410463734,0.039660056656662036,0.9060207612444208
test_234_discont_006,396,0.4758620689573127,0.749999999959239,0.3484848484760484,0.9579238754312002
test_234_discont_007,318,0.41299303943357324,0.7876106193993265,0.2798742138276769,0.9649826989606021
test_234_empty_000,0,0.0,0.0,0.0,0.9999999999986159
test_234_empty_001,0,0.0,0.0,0.0,0.9818685121093677
test_234_empty_003,0,0.0,0.0,0.0,0.9216608996527036
test_234_empty_004,0,0.0,0.0,0.0,0.9642906574381117
test_234_empty_005,0,0.0,0.0,0.0,0.9882352941162793
test_234_empty_008,0,0.0,0.0,0.0,0.9969550172996582
test_234_normal_000,730,0.7078384798043719,0.8386491557065919,0.6123287671148996,0.948927335638825
test_234_normal_001,648,0.9248826291007444,0.9380952380803477,0.9120370370229623,0.9867128027668004
test_234_normal_002,734,0.8808426596387042,0.8522292993522009,0.9114441416769558,0.9749480968844637
test_234_normal_003,1755,0.867513611612621,0.9245647968992614,0.8170940170893614,0.9393771626284576
test_234_normal_004,1187,0.7723382403260105,0.650519031138117,0.9502948609860971,0.9079584775073939
test_234_normal_005,943,0.8587746625085214,0.8413021363088372,0.8769883350914424,0.9623529411751386
test_234_normal_006,1794,0.854498119754543,0.8881539386597225,0.8232998885126906,0.9303806228360826
test_234_normal_007,1277,0.6784452296795815,0.6181584030868117,0.7517619420457967,0.8740484429053647
test_234_normal_008,663,0.742710120062241,0.8608349900425282,0.653092006023332,0.9584775086491925
test_234_normal_009,2155,0.8701664532628165,0.9708571428515952,0.7883990719220957,0.9298269896180902
test_234_normal_010,644,0.6624434389080323,0.7939262472712814,0.5683229813576347,0.9483737024208327
test_234_normal_011,809,0.8286479250279207,0.9036496350233044,0.7651421507940032,0.9645674740471079
test_234_normal_012,585,0.8772241992804518,0.9146567717826594,0.842735042720637,0.9808996539778811
test_234_normal_013,1064,0.7272027702934698,0.6156351791490838,0.8881578947284948,0.9018685121094784
test_235_discont_000,1851,0.3833596629795067,0.3739085772964874,0.39330091842034953,0.6758477508641165
test_235_discont_001,1332,0.24652087475026582,0.36470588234757784,0.1861861861847884,0.7901730103795291
test_235_discont_002,828,0.30520646319295147,0.594405594384811,0.20531400965935612,0.8928719723171034
test_235_discont_003,2103,0.5673590504434203,0.7545382793942026,0.454588682831885,0.7982006920404178
test_235_discont_004,880,0.8248898678368674,0.8002136752051259,0.8511363636266916,0.955986159168227
test_235_discont_005,2049,0.43030690536946836,0.6237256719126625,0.32845290385393633,0.7533564013830404
test_235_discont_006,967,0.7884940778297321,0.8672456575574783,0.7228541882034865,0.9480968858118366
test_235_discont_007,1011,0.8985365853614706,0.8864292588942597,0.9109792284776362,0.9712110726630157
test_235_empty_000,0,0.0,0.0,0.0,0.9999999999986159
test_235_empty_001,0,0.0,0.0,0.0,0.9999999999986159
test_235_empty_002,0,0.0,0.0,0.0,0.9999999999986159
test_235_empty_004,0,0.0,0.0,0.0,0.9392387543239595
test_235_empty_005,0,0.0,0.0,0.0,0.9999999999986159
test_235_empty_006,0,0.0,0.0,0.0,0.9962629757771678
test_235_empty_010,0,0.0,0.0,0.0,0.9999999999986159
test_235_empty_012,0,0.0,0.0,0.0,0.9936332179917043
test_235_empty_013,0,0.0,0.0,0.0,0.9999999999986159
test_235_normal_000,768,0.26602756141242645,0.2463928967786194,0.2890624999962362,0.83044982698847
test_235_normal_001,945,0.7063583814988073,0.7783439490346707,0.6465608465540046,0.9296885813135921
test_235_normal_002,1448,0.6551567469302356,0.957503320040405,0.4979281767921414,0.8949480968845744
test_235_normal_003,1023,0.8476190476145629,0.9238754325152956,0.7829912023383871,0.9601384083031693
test_235_normal_004,893,0.8536155202771687,0.8985148514740283,0.812989921603438,0.9655363321785945
test_235_normal_005,1096,0.7562088190534404,0.8506271379606541,0.680656934300359,0.9334256055350403
test_235_normal_006,959,0.8035417819546014,0.8561320754616022,0.757038581848206,0.9508650519017982
test_235_normal_007,1174,0.6248574686395391,0.9448275861906064,0.46678023849687583,0.9089273356388804
test_235_normal_008,822,0.7256097560931366,0.7273838630717924,0.7238442822296369,0.9377162629744806
test_235_normal_009,1760,0.6122874002061358,0.786797502223133,0.5011363636335163,0.8453979238742625
test_235_normal_010,987,0.6951530612200565,0.9380378657325639,0.5521783181301704,0.9338408304485345
test_235_normal_011,963,0.8043591074166874,0.8039419087053533,0.8047767393478217,0.9478200692028405
test_235_normal_012,999,0.8409212640554852,0.9043778801739127,0.78578578577792,0.9588927335626867
test_235_normal_013,1363,0.6557692307660781,0.9511854951052833,0.5003668378539958,0.9008996539779919
test_235_normal_014,747,0.25697674418455246,0.22713257964823091,0.29585006693044374,0.8231141868500719
test_235_normal_015,882,0.7262839879110194,0.7774902975319858,0.6814058956838843,0.9373010380609864
test_236_discont_000,783,0.616611295676966,0.6426592797694922,0.5925925925850244,0.9201384083032247
test_236_discont_001,1263,0.8571428571396684,0.8084210526259059,0.9121140142445597,0.9468512110713538
test_236_discont_002,1365,0.9493052947767582,0.9738058551542851,0.9260073260005421,0.9813148788913754
test_236_discont_003,1251,0.9344909234375119,0.9228371005384035,0.9464428457158559,0.9770242214519349
test_236_empty_002,0,0.0,0.0,0.0,0.8750173010368512
test_236_empty_007,0,0.0,0.0,0.0,0.9915570934242331
test_236_empty_008,0,0.0,0.0,0.0,0.9959861591681717
test_236_empty_009,0,0.0,0.0,0.0,0.9916955017287312
test_236_empty_010,0,0.0,0.0,0.0,0.9950173010366851
test_236_empty_011,0,0.0,0.0,0.0,0.9977854671266467
test_236_normal_000,823,0.6554545454515661,0.5236020334021525,0.8760631834644463,0.8950865051890725
test_236_normal_001,906,0.890389610384985,0.8410206084313934,0.9459161147798464,0.9707958477495214
test_236_normal_002,1168,0.8949698189098795,0.844343204245677,0.9520547945123968,0.9638754325246175
test_236_normal_003,1055,0.9010566762684868,0.9133398247233366,0.8890995260579233,0.9714878892720118
test_236_normal_004,1327,0.9541145240767762,0.9603053435041199,0.9480030143108666,0.9832525951543485
test_236_normal_005,1258,0.9515488482885165,0.9507936507861049,0.9523052464153235,0.9831141868498504
test_236_normal_006,1150,0.8499587798810802,0.8079937304011914,0.896521739122639,0.9496193771613154
test_236_normal_007,1250,0.9370847987458496,0.9159663865476245,0.9591999999923265,0.9777162629744253
test_236_normal_008,1373,0.8966763005747953,0.8896057347606481,0.9038601602264832,0.9604152249121656
test_236_normal_009,894,0.8399026763949397,0.7433247200625037,0.9653243847766743,0.9544636678187481
test_236_normal_010,1060,0.9335776454377757,0.9073909171780287,0.9613207547079121,0.9799307958463945
test_236_normal_011,1005,0.8744088281614587,0.9265033407469209,0.8278606965091755,0.9669204152235752
test_236_normal_012,1091,0.8386180785573185,0.8669275929465076,0.8120989917432438,0.9528027681647713
test_236_normal_013,1128,0.8113522537528742,0.7665615141895382,0.8617021276519353,0.9374394463654845
test_236_normal_014,1411,0.9385185185150425,0.9829325058108385,0.8979447200503335,0.9770242214519349
test_236_normal_015,1273,0.9554339327562337,0.9509727626385139,0.9599371563161042,0.984221453285835
test_237_discont_000,645,0.3344481605323207,0.3629764065269877,0.3100775193750376,0.8898269896181455
test_237_discont_001,1071,0.6545253863098537,0.8002699055222635,0.5536881419182663,0.9133564013828189
test_237_discont_002,706,0.7703180211968769,0.6592741935417412,0.9263456090520348,0.9460207612443654
test_237_discont_003,906,0.67591836734418,0.5362694300483403,0.9139072847581247,0.8901038062271417
test_237_discont_004,1663,0.7459575997098601,0.9267857142774395,0.6241731809944427,0.9021453287184745
test_237_discont_005,1239,0.7909252669003963,0.8810703666909706,0.7175141242879943,0.9349480968845191
test_237_discont_006,1231,0.8429820907919909,0.8649572649498722,0.8220958570201292,0.9478200692028405
test_237_discont_007,828,0.7402234636819818,0.8774834436940814,0.6400966183497573,0.9485121107253308
test_237_empty_001,0,0.0,0.0,0.0,0.9710726643585176
test_237_empty_004,0,0.0,0.0,0.0,0.9609688581301579
test_237_empty_006,0,0.0,0.0,0.0,0.9182006920402517
test_237_empty_007,0,0.0,0.0,0.0,0.9440830449813923
test_237_empty_008,0,0.0,0.0,0.0,0.9410380622824346
test_237_empty_009,0,0.0,0.0,0.0,0.9611072664346559
test_237_empty_010,0,0.0,0.0,0.0,0.9587543252581886
test_237_normal_000,391,0.8029739776852172,0.7788461538274316,0.8286445012575794,0.9779930795834215
test_237_normal_001,1335,0.9062129006691484,0.9605704697905993,0.8576779026152984,0.9671972318325713
test_237_normal_002,1099,0.8695259593640202,0.8629032257987196,0.8762511373896611,0.9599999999986712
test_237_normal_003,948,0.9320388349464291,0.9536423840954344,0.9113924050536772,0.982560553631858
test_237_normal_004,1491,0.9091534755646623,0.933568904587042,0.8859825620329579,0.9634602076111233
test_237_normal_005,1130,0.9315323707455448,0.9832841691152086,0.884955752204558,0.9796539792373984
test_237_normal_006,1486,0.9050835407006574,0.9593067068503444,0.8566621803441679,0.9630449826976291
test_237_normal_007,1237,0.8705776981600064,0.9759036144480331,0.7857720290963156,0.9599999999986712
test_237_normal_008,985,0.9398099260774033,0.9790979097802079,0.9035532994832126,0.984221453285835
test_237_normal_009,1492,0.9129975343398626,0.962138084625374,0.868632707768977,0.9658131487875906
test_237_normal_010,1292,0.9029881293454647,0.9582971329195631,0.8537151702720301,0.9671972318325713
test_237_normal_011,992,0.8516992790893322,0.8705263157803103,0.8336693548303058,0.9601384083031693
test_237_normal_012,947,0.9121693121644859,0.9141039236382386,0.9102428722184769,0.9770242214519349
test_237_normal_013,1392,0.9068276122183825,0.9547259729868569,0.8635057471202335,0.9658131487875906
test_237_normal_014,1504,0.9005602240864826,0.9511834319456274,0.8550531914836765,0.9606920415211617
test_237_normal_015,1382,0.8323124042847155,0.8837398373911892,0.7865412445673913,0.9393771626284576
test_238_discont_000,858,0.45229681978478947,0.5745062836521633,0.3729603729560261,0.8927335640126052
test_238_discont_001,837,0.28121927236694966,0.7944444444003086,0.17084826762041996,0.8988235294105207
test_238_discont_002,587,0.29829545454121736,0.8974358973591936,0.17887563883852,0.9316262975765652
test_238_discont_003,910,0.5035294117607567,0.879452054770426,0.3527472527433764,0.9123875432513323
test_238_discont_004,661,0.17150760718988234,0.9999999998387097,0.09379727685183363,0.917093425604267
test_238_discont_005,1143,0.7258140632339509,0.7879098360575009,0.6727909011314717,0.9195847750852324
test_238_discont_006,1048,0.7018235583996953,0.7257900101862814,0.6793893129706166,0.9162629757772786
test_238_discont_007,994,0.7243015287257549,0.7607973421842658,0.6911468812807732,0.9276124567461209
test_238_empty_002,0,0.0,0.0,0.0,0.9998615916941178
test_238_empty_004,0,0.0,0.0,0.0,0.9964013840816659
test_238_empty_005,0,0.0,0.0,0.0,0.9977854671266467
test_238_empty_008,0,0.0,0.0,0.0,0.9999999999986159
test_238_empty_009,0,0.0,0.0,0.0,0.9379930795834769
test_238_empty_010,609,0.44148563419452364,0.3850855745674195,0.5172413793018515,0.8896885813136475
test_238_normal_000,990,0.7935483870931174,0.729661016942969,0.8696969696881849,0.9379930795834769
test_238_normal_001,1014,0.7004739336459693,0.6742700729865487,0.7287968441742723,0.9125259515558304
test_238_normal_002,1035,0.85468354429947,0.8978723404159801,0.8154589371901889,0.9602768166076675
test_238_normal_003,808,0.7757313109383763,0.6897880539432584,0.886138613850419,0.9426989619364115
test_238_normal_004,1119,0.7655172413760107,0.7393838467881817,0.7935656836390209,0.9247058823516613
test_238_normal_005,994,0.745601521632213,0.7069431920585488,0.7887323943582623,0.925951557092144
test_238_normal_006,998,0.7929113924010486,0.8014329580265974,0.7845691382686917,0.9433910034589019
test_238_normal_007,1017,0.7975632614770499,0.7618621307004311,0.8367748279170425,0.940207612455446
test_239_discont_000,383,0.13625304135921526,0.9999999996428571,0.07310704960644629,0.9508650519017982
test_239_discont_001,497,0.6041379310261498,0.9605263157473453,0.44064386317020837,0.9602768166076675
test_239_discont_002,924,0.6729464958527772,0.5161849710952822,0.966450216439757,0.8798615916942839
test_239_discont_003,1152,0.812530592262298,0.9315375981938099,0.7204861111048569,0.9469896193758519
test_239_discont_004,311,0.535564853545281,0.7664670658223672,0.41157556268773066,0.9692733564000425
test_239_discont_005,1171,0.8572614107848247,0.8337368845776132,0.8821520068242344,0.952387543251277
test_239_discont_006,218,0.32452830187454607,0.9148936168266184,0.1972477064129703,0.9752249134934599
test_239_empty_000,0,0.0,0.0,0.0,0.9770242214519349
test_239_normal_000,409,0.5271629778636676,0.36321626617039543,0.9608801955755286,0.9024221453274707
test_239_normal_001,820,0.8687782805373706,0.9243466299735303,0.8195121951119572,0.971903114185506
test_239_normal_002,800,0.8278260869517228,0.7718918918835471,0.8924999999888438,0.9588927335626867
test_239_normal_003,1289,0.9449504950457626,0.965210355979246,0.925523661746117,0.9807612456733831
test_239_normal_004,1095,0.8784961027011532,0.8821362799182124,0.8748858447408687,0.9633217993066252
test_239_normal_005,831,0.6440271673965481,0.4820574162650595,0.9699157641279191,0.8766782006908281
test_239_normal_006,1674,0.8682769726220023,0.9419986023693782,0.8052568697681884,0.9433910034589019
test_239_normal_007,1315,0.8933675338919261,0.8620933521862654,0.9269961977115818,0.9597231833896751
test_239_normal_008,1433,0.7727144070173431,0.6499999999969048,0.952547103971022,0.888858131486659
test_239_normal_009,1135,0.8671439936321912,0.7904278462596779,0.9603524228990278,0.9537716262962578
test_239_normal_010,848,0.8920595533443422,0.9410994764274725,0.8478773584805674,0.9759169550159503
test_239_normal_011,1486,0.9495152123004028,0.9435215946781162,0.9555854643273515,0.9791003460194061
test_239_normal_012,496,0.773094170396654,0.696284329552564,0.8689516128857067,0.9649826989606021
test_239_normal_013,1086,0.8885686839534651,0.9287148594284266,0.8517495395870005,0.9678892733550618
test_239_normal_014,999,0.6349631614178334,0.4771011575215043,0.9489489489394499,0.8491349480957106
test_239_normal_015,1372,0.8412387299065416,0.9100932993985574,0.7820699708397809,0.9439446366768942
test_23_discont_000,582,0.4842657342615012,0.4928825622688099,0.4759450171739528,0.9183391003447497
test_23_discont_001,833,0.7592689294999516,0.6719038816943448,0.8727490996293787,0.9361937716250018
test_23_discont_002,241,0.0,0.0,0.0,0.9658131487875906
test_23_discont_003,1181,0.6666666666641328,0.6048275862027254,0.7425910245491737,0.8786159169538013
test_23_discont_004,1148,0.8196402527913484,0.927392739263725,0.7343205574848928,0.9486505190298289
test_23_discont_005,1073,0.7726084683702426,0.8797619047514313,0.6887232059581667,0.9397923875419518
test_23_discont_006,1663,0.8604806408516006,0.9669917479297301,0.7751052315046597,0.9421453287184192
test_23_discont_007,1274,0.7919227392414754,0.8984063744930437,0.7080062794292936,0.9343944636665268
test_23_empty_002,0,0.0,0.0,0.0,0.950588235292802
test_23_empty_005,0,0.0,0.0,0.0,0.952525951555775
test_23_empty_006,0,0.0,0.0,0.0,0.9557093425592309
test_23_empty_007,0,0.0,0.0,0.0,0.9808996539778811
test_23_normal_000,315,0.26923076922501643,0.41176470585544017,0.19999999999365078,0.9526643598602731
test_23_normal_001,543,0.802732707081104,0.7484076433001846,0.8655616942750357,0.9680276816595599
test_23_normal_002,545,0.8441247002330606,0.7478753540970556,0.968807339431765,0.9730103806214907
test_23_normal_003,455,0.5503144654044787,0.42839657282217386,0.769230769213863,0.9208304498257152
test_23_normal_004,544,0.8413461538394124,0.7457386363530435,0.9650735293940244,0.9725951557079964
test_23_normal_005,812,0.758988015973642,0.8260869565097668,0.7019704433411087,0.9498961937703115
test_23_normal_006,473,0.668371696498991,0.559999999992,0.8287526426886098,0.9461591695488635
test_23_normal_007,467,0.4671755725155178,0.3629893238391104,0.6552462526626286,0.9033910034589573
test_23_normal_008,515,0.8453781512534002,0.7451851851741454,0.9766990291072486,0.9745328719709695
test_23_normal_009,956,0.7093596059069621,0.8622754490888881,0.6025104602447436,0.9346712802755229
test_23_normal_010,582,0.8435171385928204,0.744736842095464,0.9725085910485823,0.9709342560540195
test_23_normal_011,689,0.7765881513149423,0.7640449438094937,0.7895500725574811,0.9566782006907174
test_240_discont_000,931,0.5753033547425033,0.8574468084923947,0.432867883991054,0.9176470588222593
test_240_discont_001,381,0.0,0.0,0.0,0.947266435984848
test_240_discont_002,1041,0.9242990654162416,0.8999090081810747,0.9500480307305472,0.9775778546699272
test_240_discont_003,1897,0.8087871287103688,0.9790262172211309,0.6889826041081235,0.9144636678188035
test_240_discont_004,1913,0.8242830994483701,0.9897435897363389,0.7062205959189429,0.9202768166077228
test_240_discont_005,1075,0.8583984374958087,0.903391572447036,0.8176744185970449,0.9598615916941732
test_240_discont_006,1115,0.9011893870041117,0.9197012138102737,0.883408071740956,0.970103806227031
test_240_discont_007,1015,0.7700112739528184,0.8998682476824786,0.672906403934257,0.9435294117634
test_240_empty_000,0,0.0,0.0,0.0,0.9882352941162793
test_240_empty_001,0,0.0,0.0,0.0,0.7590311418674616
test_240_empty_002,0,0.0,0.0,0.0,0.9999999999986159
test_240_empty_005,0,0.0,0.0,0.0,0.9565397923862193
test_240_empty_007,0,0.0,0.0,0.0,0.9519723183377827
test_240_empty_009,0,0.0,0.0,0.0,0.8671280276804607
test_240_empty_011,0,0.0,0.0,0.0,0.9074048442894015
test_240_normal_000,746,0.6042972247063371,0.45362903225501594,0.9048257372532865,0.8776470588223146
test_240_normal_001,1430,0.9489832322477739,0.9686817188567467,0.9300699300634262,0.9802076124553907
test_240_normal_002,2072,0.8739224137907492,0.9890243902378719,0.7828185328147548,0.9352249134935152
test_240_normal_003,979,0.8147308781823529,0.9147582697084636,0.7344228804827945,0.9547404844277443
test_240_normal_004,1395,0.7586013985992767,0.6220183486209999,0.9720430107457202,0.8805536332167744
test_240_normal_005,1111,0.9218961625240547,0.9248188405713332,0.9189918991816474,0.9760553633204484
test_240_normal_006,704,0.6723404255261929,0.8386411889418547,0.5610795454465756,0.9467128027668558
test_240_normal_007,1891,0.9713831478511622,0.9734466277165511,0.9693283976680628,0.9850519031128234
test_240_normal_008,1696,0.7594254937140652,0.77095990278997,0.74823113207106,0.888719723182161
test_240_normal_009,1586,0.9541519717827697,0.9706457925572691,0.9382093316460391,0.9802076124553907
test_240_normal_010,1051,0.8932692307649363,0.9028182701564353,0.8839200761095727,0.9692733564000425
test_240_normal_011,1380,0.9568713450257424,0.9653392330312291,0.9485507246308077,0.9836678200678427
test_240_normal_012,1759,0.8739805314367957,0.8134182174299049,0.9442865264301065,0.9337024221440364
test_240_normal_013,1387,0.8820581356469026,0.8219178082140604,0.9516943042469237,0.9511418685107943
test_240_normal_014,1894,0.7551287647299103,0.6436011904737962,0.91341077085051,0.844705882351772
test_240_normal_015,2169,0.8398936170190429,0.9924575738466848,0.7279852466540896,0.9166782006907728
test_241_discont_000,995,0.8002316155136061,0.9439890710253553,0.6944723618020656,0.9522491349467789
test_241_discont_001,361,0.06299212598259864,0.5999999997,0.033240997228996094,0.950588235292802
test_241_discont_002,334,0.4931506849253655,0.42217484007628625,0.5928143712397361,0.9436678200678981
test_241_discont_003,1548,0.8907791765876463,0.9410496045942413,0.8456072351366564,0.9555709342547328
test_241_discont_004,423,0.5903954802218193,0.4209466263804537,0.9881796690073716,0.9197231833897305
test_241_discont_005,361,0.6753246753137122,0.8156862744778162,0.5761772853025989,0.9723183390990002
test_241_discont_006,1475,0.878431372545888,0.9263157894667196,0.8352542372824729,0.9528027681647713
test_241_empty_001,0,0.0,0.0,0.0,0.9853287197218197
test_241_empty_002,0,0.0,0.0,0.0,0.9999999999986159
test_241_empty_003,0,0.0,0.0,0.0,0.9999999999986159
test_241_empty_005,0,0.0,0.0,0.0,0.9720415224900041
test_241_empty_006,0,0.0,0.0,0.0,0.9999999999986159
test_241_empty_009,0,0.0,0.0,0.0,0.8849826989607128
test_241_empty_010,0,0.0,0.0,0.0,0.9730103806214907
test_241_normal_000,844,0.8993746446793669,0.864480874307492,0.93720379145809,0.9755017301024561
test_241_normal_001,1311,0.9129734085378205,0.9675491033222242,0.8642257818393271,0.970103806227031
test_241_normal_002,441,0.8990634755369504,0.8307692307532544,0.9795918367124808,0.9865743944623023
test_241_normal_003,787,0.9209876543153026,0.8955582232785647,0.9479034307376378,0.9822837370228619
test_241_normal_004,872,0.6329394386978104,0.466775599125998,0.9827981651263441,0.862422145327526
test_241_normal_005,1310,0.9146864043595065,0.9339697692845349,0.8961832061000292,0.9696885813135367
test_241_normal_006,918,0.9055666003931135,0.8327239488040885,0.9923747276580351,0.9737024221439811
test_241_normal_007,532,0.8601398601323416,0.803921568614315,0.9248120300578043,0.9778546712789234
test_241_normal_008,1453,0.8459510357783581,0.9342762063150227,0.7728836889141578,0.9433910034589019
test_241_normal_009,1444,0.9273938968750355,0.939587775401993,0.9155124653676212,0.9713494809675137
test_241_normal_010,1229,0.7154811715459789,0.56542276806535,0.9739625711881696,0.8682352941164454
test_241_normal_011,1043,0.9222846441904388,0.9011893869999892,0.9443911792814537,0.9770242214519349
test_241_normal_012,1149,0.8689717925347181,0.9103908484183948,0.831157528278232,0.9601384083031693
test_241_normal_013,595,0.8715890850652361,0.8341013824756667,0.9126050420014689,0.9778546712789234
test_241_normal_014,658,0.8004941321754139,0.6742976066527128,0.9848024315959756,0.9552941176457367
test_241_normal_015,1265,0.8347826086928603,0.7234782608653711,0.9865612648143356,0.9316262975765652
test_242_discont_000,592,0.08618127785904633,0.35802469131382414,0.04898648648565901,0.9148788927322977
test_242_discont_001,1480,0.6034559149286511,0.8764478764365965,0.46013513513202614,0.8761245674728358
test_242_discont_002,1091,0.6655092592554079,0.9026687597974463,0.5270394133773874,0.9199999999987266
test_242_discont_003,557,0.40147058823381815,0.2524271844648524,0.9802513464815036,0.7746712802757444
test_242_discont_004,438,0.4458804523352846,0.7624309391843961,0.31506849314349156,0.952525951555775
test_242_discont_005,1009,0.5544147843904558,0.8960176990952208,0.4013875123845254,0.9098961937703669
test_242_discont_006,1465,0.7376852222637658,0.8924418604564687,0.6286689419752309,0.9093425605523746
test_242_empty_000,0,0.0,0.0,0.0,0.9532179930782655
test_242_empty_001,0,0.0,0.0,0.0,0.8639446366770049
test_242_empty_005,0,0.0,0.0,0.0,0.8430449826977952
test_242_empty_006,0,0.0,0.0,0.0,0.994878892732187
test_242_empty_007,0,0.0,0.0,0.0,0.9822837370228619
test_242_empty_009,0,0.0,0.0,0.0,0.9497577854658135
test_242_empty_010,0,0.0,0.0,0.0,0.9779930795834215
test_242_empty_011,0,0.0,0.0,0.0,0.7422837370231941
test_242_empty_012,0,0.0,0.0,0.0,0.9808996539778811
test_242_empty_013,0,0.0,0.0,0.0,0.9999999999986159
test_242_normal_000,1380,0.9069607167439457,0.8646517739759222,0.9536231883988868,0.9626297577841347
test_242_normal_001,1105,0.8261426740673808,0.7823624595405958,0.8751131221640263,0.9436678200678981
test_242_normal_002,1683,0.9130919220030276,0.8594651284695362,0.9738562091445404,0.9568166089952155
test_242_normal_003,1420,0.8412121212095721,0.7382978723364985,0.9774647887255109,0.9274740484416228
test_242_normal_004,1197,0.886621315189393,0.8095238095182228,0.9799498746785301,0.9584775086491925
test_242_normal_005,1356,0.6926726410102987,0.5389663658714563,0.9690265486654203,0.8386159169538566
test_242_normal_006,1673,0.9308176100601054,0.9327731092380986,0.9288702928814773,0.9680276816595599
test_242_normal_007,1139,0.7795438838950258,0.6427350427313805,0.9903424056102692,0.911695501728842
test_242_normal_008,1471,0.8897510507569035,0.848335388404141,0.9354180829304187,0.9528027681647713
test_242_normal_009,978,0.8496441281100995,0.7519685039310869,0.9764826175769276,0.9532179930782655
test_242_normal_010,1316,0.8138862102191775,0.7052924791047059,0.9620060790200456,0.9198615916942285
test_242_normal_011,1652,0.9471484025053832,0.9345904537363903,0.9600484261443097,0.9755017301024561
test_242_normal_012,1242,0.7199046483887965,0.5714285714258683,0.9726247987039242,0.8698961937704223
test_242_normal_013,1556,0.9357097390167546,0.926860025214837,0.9447300771147512,0.9720415224900041
test_242_normal_014,1400,0.8392007611771671,0.7547062179078454,0.94499999999325,0.9298269896180902
test_242_normal_015,1297,0.9101324740389899,0.8495989304756043,0.9799537393910567,0.9652595155695983
test_243_discont_000,1184,0.23735955056013092,0.7041666666373264,0.14273648648528095,0.8496885813137028
test_243_discont_001,1328,0.812865497072628,0.9127579737250211,0.7326807228860491,0.9379930795834769
test_243_discont_002,395,0.4806201550313082,0.6199999999752,0.39240506328120495,0.9536332179917597
test_243_discont_003,594,0.5108289768445794,0.45906040267840187,0.5757575757478829,0.9093425605523746
test_243_discont_004,657,0.7043558850722489,0.9004739336279508,0.5783866057750626,0.955847750863729
test_243_discont_005,735,0.7235438884272064,0.9111570247745628,0.5999999999918367,0.9533564013827636
test_243_discont_006,1371,0.7260959105597938,0.6084812623244158,0.9000729394536829,0.871141868510905
test_243_discont_007,983,0.6056540488710798,0.5724637681107567,0.6429298067075999,0.8860899653966975
test_243_empty_000,0,0.0,0.0,0.0,0.9831141868498504
test_243_empty_001,0,0.0,0.0,0.0,0.9782698961924177
test_243_empty_002,0,0.0,0.0,0.0,0.9980622837356429
test_243_empty_003,1498,0.7591652566250446,0.6572265624967909,0.898531375160891,0.881799307957257
test_243_empty_004,232,0.0,0.0,0.0,0.8646366781994953
test_243_empty_005,0,0.0,0.0,0.0,0.9998615916941178
test_243_empty_008,0,0.0,0.0,0.0,0.9999999999986159
test_243_empty_009,0,0.0,0.0,0.0,0.9800692041508926
test_243_empty_010,270,0.17972070430977705,0.10748002904787597,0.5481481481278464,0.8130103806217122
test_243_empty_011,0,0.0,0.0,0.0,0.9908650519017428
test_243_empty_012,0,0.0,0.0,0.0,0.9893425605522639
test_243_normal_000,613,0.5872291904185449,0.45135845748947107,0.8401305056959195,0.8997923875420072
test_243_normal_001,939,0.6246089676714046,0.6118488253257217,0.6379126730496495,0.9003460207599996
test_243_normal_002,809,0.5551102204381007,0.46672283066161147,0.6847960444909172,0.8770934256043224
test_243_normal_003,694,0.7815063385474907,0.8098918083336957,0.7550432276548265,0.959446366780679
test_243_normal_004,955,0.5802113352517762,0.5359361135711097,0.6324607329776706,0.8790311418672955
test_243_normal_005,918,0.564935064932008,0.5612903225746098,0.568627450974198,0.888719723182161
test_243_normal_006,819,0.5381330079283824,0.5378048780422219,0.5384615384549638,0.8952249134935706
test_243_normal_007,656,0.609702315321887,0.47754749567808685,0.8429878048651983,0.9020069204139765
test_243_normal_008,654,0.8326848248962437,0.8478605388138215,0.8180428134431492,0.9702422145315291
test_244_discont_000,575,0.2983590253590335,0.2089136490236148,0.5217391304257089,0.8047058823518274
test_244_discont_001,478,0.06425702811115949,0.7999999996,0.033472803346580066,0.9355017301025115
test_244_discont_002,1673,0.7487963749624786,0.7115177610295398,0.7901972504435733,0.8772318339088204
test_244_discont_003,804,0.1816168327776122,0.8282828281991634,0.10199004974997525,0.897716262974536
test_244_discont_004,1125,0.7136485280967277,0.7162041181672677,0.7111111111047902,0.9111418685108497
test_244_discont_005,303,0.617511520730213,0.47433628317744536,0.8844884488156934,0.9540484429052539
test_244_discont_006,674,0.6600896860927347,0.8344671201624837,0.5459940652737983,0.9475432525938442
test_244_discont_007,1396,0.7390009923892193,0.6865396435114534,0.8001432664699131,0.8907958477496322
test_244_empty_005,0,0.0,0.0,0.0,0.9349480968845191
test_244_empty_006,0,0.0,0.0,0.0,0.915294117645792
test_245_discont_000,1257,0.6192259675379974,0.6492146596801989,0.5918854415227376,0.8733564013828743
test_245_discont_001,1421,0.21393034825737606,0.9197860962074981,0.12104152005544659,0.8250519031130449
test_245_discont_002,1146,0.4384463462775613,0.8927613940779421,0.29057591622783097,0.8819377162617551
test_245_discont_003,1479,0.13493064312651368,0.9999999999065421,0.0723461798507617,0.8101038062272524
test_245_discont_004,1882,0.37735849056441956,0.9777777777560493,0.2337938363430723,0.7990311418674062
test_245_discont_005,1507,0.6536930561669452,0.9801061007827572,0.4903782349005284,0.8916262975766206
test_245_discont_006,1743,0.25350701402678605,0.9999999999604743,0.145152036717469,0.7937716262964792
test_245_discont_007,1246,0.15544041450662147,0.999999999904762,0.084269662920672,0.8420761245663085
test_245_empty_000,0,0.0,0.0,0.0,0.9999999999986159
test_245_empty_001,0,0.0,0.0,0.0,0.9922491349467235
test_245_empty_002,0,0.0,0.0,0.0,0.9999999999986159
test_245_empty_003,0,0.0,0.0,0.0,0.9818685121093677
test_245_empty_004,0,0.0,0.0,0.0,0.9702422145315291
test_245_empty_006,0,0.0,0.0,0.0,0.9968166089951601
test_245_empty_007,0,0.0,0.0,0.0,0.9999999999986159
test_245_empty_010,0,0.0,0.0,0.0,0.9999999999986159
test_246_discont_000,956,0.677339901475052,0.557432432428666,0.8629707112880443,0.8912110726631264
test_246_discont_001,505,0.37187499999418944,0.8814814814161865,0.23564356435176942,0.9443598615903884
test_246_discont_002,1292,0.6929440389260685,0.9331585845225012,0.551083591327004,0.9126643598603285
test_246_discont_003,972,0.5914786967381487,0.7564102563981344,0.48559670781393416,0.9097577854658688
test_246_discont_004,894,0.8458257160216587,0.929049531446733,0.7762863534588782,0.9649826989606021
test_246_discont_005,832,0.8315789473629502,0.9186046511494389,0.7596153846062547,0.9645674740471079
test_246_discont_006,1079,0.8342404750082423,0.8949044585892261,0.7812789619946129,0.9536332179917597
test_246_discont_007,812,0.6453726453673598,0.96332518335053,0.48522167487087164,0.940069204150948
test_246_empty_000,0,0.0,0.0,0.0,0.9999999999986159
test_246_empty_001,0,0.0,0.0,0.0,0.9999999999986159
test_246_empty_006,0,0.0,0.0,0.0,0.9999999999986159
test_246_empty_007,1797,0.8781785925461911,0.9369085173442467,0.8263772954878889,0.9429757785454077
test_246_empty_008,0,0.0,0.0,0.0,0.9999999999986159
test_246_empty_009,0,0.0,0.0,0.0,0.9570934256042116
test_246_empty_010,0,0.0,0.0,0.0,0.9570934256042116
test_246_empty_011,0,0.0,0.0,0.0,0.9536332179917597
test_246_empty_012,0,0.0,0.0,0.0,0.9999999999986159
test_246_normal_000,1320,0.9109589041061227,0.9151376146719027,0.906818181811312,0.9676124567460656
test_246_normal_001,881,0.8960967564546669,0.8688699360248521,0.9250851305229842,0.9738408304484791
test_246_normal_002,1228,0.942760942756975,0.9756097560890628,0.9120521172564166,0.9811764705868773
test_246_normal_003,1650,0.9166666666638583,0.9268897149880615,0.9066666666611718,0.9623529411751386
test_246_normal_004,946,0.8147174770003736,0.6955871353725087,0.9830866807507074,0.9414532871959288
test_246_normal_005,1239,0.8636741479598351,0.8903170522631507,0.8385794995896806,0.9546020761232462
test_246_normal_006,1301,0.8997225525132789,0.928805237308275,0.8724058416535557,0.9649826989606021
test_246_normal_007,1222,0.904019688265365,0.9062499999925474,0.9018003273248626,0.9676124567460656
test_246_normal_008,1328,0.9285714285678627,0.947492163001979,0.9103915662582049,0.9742560553619733
test_246_normal_009,1020,0.9489999999952551,0.9683673469288943,0.9303921568536236,0.985882352939812
test_246_normal_010,1225,0.8943894389402047,0.904086738941584,0.8848979591764499,0.9645674740471079
test_246_normal_011,918,0.9140546006020523,0.8528301886711998,0.9847494553269635,0.9764705882339426
test_246_normal_012,1734,0.918272037358674,0.9296690307273661,0.9071510957271791,0.961245674739154
test_246_normal_013,1410,0.9212427745631458,0.9388807069150304,0.9042553191425231,0.9698269896180348
test_246_normal_014,1387,0.9255898366572575,0.9320175438528362,0.9192501802385058,0.9716262975765099
test_246_normal_015,1180,0.9037656903727876,0.8925619834636979,0.9152542372803792,0.968166089964058
test_247_discont_000,2088,0.6343917007210488,0.9231473009979585,0.48323754789040596,0.8390311418673508
test_247_discont_001,604,0.46289308175518373,0.9633507852898768,0.30463576158436034,0.9408996539779365
test_247_discont_002,653,0.44859813083588085,0.9458128078351816,0.29402756507972394,0.9346712802755229
test_247_discont_003,738,0.4735772357707535,0.31571815718014584,0.9471544715318814,0.7849134948086022
test_247_discont_004,904,0.7982120051034598,0.9441087613150436,0.6913716814082813,0.9562629757772232
test_247_discont_005,904,0.7982120051034598,0.9441087613150436,0.6913716814082813,0.9562629757772232
test_247_discont_006,1124,0.9222846441904388,0.973320158093149,0.8763345195651573,0.9770242214519349
test_247_discont_007,904,0.7979474021757669,0.949618320596189,0.6880530973375215,0.9564013840817213
test_247_empty_000,0,0.0,0.0,0.0,0.998200692040141
test_247_empty_001,0,0.0,0.0,0.0,0.9999999999986159
test_247_empty_002,0,0.0,0.0,0.0,0.9999999999986159
test_247_empty_003,0,0.0,0.0,0.0,0.9999999999986159
test_247_empty_005,0,0.0,0.0,0.0,0.7577854671269788
test_247_empty_006,0,0.0,0.0,0.0,0.9609688581301579
test_247_empty_008,0,0.0,0.0,0.0,0.9933564013827082
test_247_empty_010,0,0.0,0.0,0.0,0.9999999999986159
test_247_empty_011,0,0.0,0.0,0.0,0.9597231833896751
test_247_empty_012,0,0.0,0.0,0.0,0.9999999999986159
test_247_normal_000,925,0.9419354838659036,0.9368983957119048,0.9470270270167889,0.9850519031128234
test_247_normal_001,1290,0.8202551217594888,0.8180416345349419,0.822480620148663,0.9356401384070095
test_247_normal_002,931,0.9309210526264753,0.9507278835279873,0.9119226637925679,0.982560553631858
test_247_normal_003,1364,0.7478559176646729,0.7027724048955334,0.799120234598247,0.8982698961925284
test_247_normal_004,1003,0.9539877300564725,0.9790136411229904,0.9302093718750727,0.9875432525937888
test_247_normal_005,1543,0.7973856209122897,0.8497067448618058,0.7511341542401093,0.9184775086492478
test_247_normal_006,917,0.9278688524539461,0.9299014238671424,0.9258451472090966,0.9817301038048696
test_247_normal_007,1322,0.8605363984641359,0.8718944099311189,0.8494704992371448,0.9496193771613154
test_247_normal_008,1718,0.7836835599481345,0.8353096179128109,0.7380675203682302,0.9031141868499611
test_247_normal_009,1406,0.7259515570909136,0.7068733153591181,0.7460881934513081,0.890380622836138
test_247_normal_010,1367,0.7495508444098112,0.736581920898753,0.7629846378876154,0.9035294117634554
test_247_normal_011,1060,0.9503135552293762,0.972359328716956,0.9292452830101016,0.9857439446353139
test_247_normal_012,929,0.9545211342913081,0.9489361702026708,0.9601722281920326,0.9882352941162793
test_247_normal_013,933,0.9333333333283155,0.9363538295476121,0.9303322615120008,0.9828373702408543
test_247_normal_014,936,0.9433754810283488,0.9716874292075687,0.9166666666568732,0.9857439446353139
test_247_normal_015,1337,0.6619915848508781,0.5296229802489694,0.8825729244511401,0.8332179930784316
test_248_discont_000,661,0.5199637023569875,0.37135450421016625,0.8668683812274302,0.8535640138396491
test_248_discont_001,1110,0.8352296670845545,0.7846397466287836,0.8927927927847497,0.9458823529398673
test_248_discont_002,1332,0.8988095238061801,0.890855457220569,0.9069069069000983,0.9623529411751386
test_248_discont_003,643,0.6457645764540938,0.4995744680808547,0.9129082425985551,0.9108650519018535
test_248_discont_004,1123,0.6709129511653542,0.5566647093331963,0.8441674087191081,0.8712802768154031
test_248_empty_003,0,0.0,0.0,0.0,0.9999999999986159
test_248_empty_004,0,0.0,0.0,0.0,0.9454671280263731
test_248_empty_006,0,0.0,0.0,0.0,0.9061591695489188
test_248_empty_007,0,0.0,0.0,0.0,0.9867128027668004
test_248_empty_008,0,0.0,0.0,0.0,0.9609688581301579
test_248_empty_009,0,0.0,0.0,0.0,0.9999999999986159
test_248_normal_000,1430,0.9759887005615255,0.9857346647575911,0.9664335664268082,0.9905882352927466
test_248_normal_001,661,0.6241645244183848,0.4727414330181251,0.9183055975655324,0.8988235294105207
test_248_normal_002,1156,0.9803418803376909,0.9687499999918181,0.9922145328633892,0.9936332179917043
test_248_normal_003,1072,0.9358736059436066,0.9324074073987741,0.9393656716330284,0.9808996539778811
test_248_normal_004,1148,0.916414032044537,0.9112833763918065,0.9216027874484182,0.9732871972304868
test_248_normal_005,1368,0.9636891793719546,0.9574314574245496,0.9700292397589911,0.9861591695488081
test_248_normal_006,1008,0.9575518262539114,0.9528487229768875,0.9623015872920406,0.9880968858117812
test_248_normal_007,1135,0.9397387273453868,0.9006462035468447,0.9823788546168954,0.9802076124553907
test_248_normal_008,1374,0.968023255810436,0.9666182873659898,0.9694323144034249,0.9878200692027851
test_248_normal_009,1341,0.970902394103238,0.9592430858736591,0.982848620425184,0.9890657439432677
test_248_normal_010,1310,0.964354158677791,0.9684372594228758,0.9603053435041199,0.9871280276802946
test_248_normal_011,935,0.9531332280097256,0.9387966804881868,0.9679144384923217,0.9876816608982869
test_248_normal_012,1173,0.9250920998734135,0.8897637795205531,0.9633418584743109,0.9746712802754676
test_248_normal_013,1108,0.9271012006821309,0.8831699346333075,0.9756317689442633,0.9764705882339426
test_248_normal_014,1306,0.9627066512842649,0.9667953667879012,0.9586523736526903,0.9865743944623023
test_248_normal_015,1327,0.968492123027125,0.9641523524946666,0.9728711378977177,0.9883737024207774
test_249_discont_000,1675,0.7154471544689008,0.9388942773914755,0.5779104477577438,0.8934256055350956
test_249_discont_001,918,0.535771065178571,0.991176470559083,0.3671023965101623,0.9191695501717382
test_249_discont_002,665,0.45054945054449946,0.8367346938433986,0.3082706766870937,0.9307958477495768
test_249_discont_003,897,0.40911444847017553,0.3820116054121663,0.4403567446996616,0.8420761245663085
test_249_discont_004,1107,0.33579881656556365,0.9265306122070803,0.20505871725198685,0.8757093425593416
test_249_discont_005,1268,0.93693693693342,0.8939828080165189,0.9842271293297775,0.9767474048429388
test_249_discont_006,1886,0.7430399999976223,0.9370460048350522,0.6155885471865558,0.888858131486659
test_249_discont_007,1659,0.592314118627434,0.9646258503270119,0.42736588305950957,0.8649134948084914
test_249_empty_001,0,0.0,0.0,0.0,0.968304498268556
test_249_empty_002,0,0.0,0.0,0.0,0.9659515570920887
test_249_empty_003,0,0.0,0.0,0.0,0.9999999999986159
test_249_empty_004,0,0.0,0.0,0.0,0.9990311418671294
test_249_empty_005,0,0.0,0.0,0.0,0.9999999999986159
test_249_empty_006,0,0.0,0.0,0.0,0.985882352939812
test_249_empty_007,0,0.0,0.0,0.0,0.9999999999986159
test_249_empty_008,0,0.0,0.0,0.0,0.9999999999986159
test_249_empty_009,0,0.0,0.0,0.0,0.9999999999986159
test_249_empty_010,0,0.0,0.0,0.0,0.9609688581301579
test_249_empty_012,0,0.0,0.0,0.0,0.9999999999986159
test_249_normal_000,1526,0.9422946367924566,0.9774647887255109,0.9095674967174996,0.9764705882339426
test_249_normal_001,1347,0.9379363847907761,0.9821283509262216,0.8975501113519113,0.9778546712789234
test_249_normal_002,1296,0.9381898454711619,0.8966244725675343,0.9837962962887054,0.9767474048429388
test_249_normal_003,1197,0.911343399144749,0.8492063492002222,0.9832915622307161,0.968304498268556
test_249_normal_004,1248,0.9515938606810248,0.9350348027769912,0.9687499999922377,0.9829757785453523
test_249_normal_005,1481,0.7933227344960521,0.9642512077201523,0.6738690074228638,0.9280276816596152
test_249_normal_006,1338,0.9115646258470764,0.874914089341066,0.9514200298882556,0.9658131487875906
test_249_normal_007,1254,0.9205748865320704,0.8755395683390249,0.9704944178550998,0.9709342560540195
test_249_normal_008,1452,0.950920245395532,0.941295546552353,0.9607438016462759,0.9800692041508926
test_249_normal_009,1287,0.9642719938495419,0.9536474164061274,0.9751359751283984,0.9871280276802946
test_249_normal_010,1358,0.8046571798154176,0.9708636836527486,0.6870397643542928,0.9373010380609864
test_249_normal_011,1464,0.8809073723974257,0.9864521591787769,0.7957650273169689,0.9564013840817213
test_249_normal_012,1262,0.9130601302148103,0.883617494433776,0.9445324881066203,0.9685813148775522
test_249_normal_013,1393,0.9363885088887265,0.8941868060033039,0.9827709978393198,0.9742560553619733
test_249_normal_014,1353,0.8649676683116586,0.8910658307140199,0.8403547671778245,0.9508650519017982
test_249_normal_015,1213,0.9129608513838352,0.8469675599376096,0.99010717229192,0.968304498268556
test_24_discont_000,701,0.40444893831744744,0.6944444444203318,0.2853067047034906,0.9184775086492478
test_24_discont_001,522,0.2884615384569157,0.8823529410899654,0.17241379310014532,0.9385467128014692
test_24_discont_002,1066,0.6801801801763504,0.8507042253401309,0.5666041275744221,0.9213840830437074
test_24_discont_003,635,0.808602150531838,0.7421052631481302,0.8881889763639655,0.9630449826976291
test_24_discont_004,612,0.5176322418103424,0.42110655737273456,0.671568627440007,0.8939792387530879
test_24_discont_005,813,0.482332155472771,0.8557993730139247,0.33579335792944903,0.918892733562742
test_24_discont_006,1240,0.7919737919705488,0.8044925124725084,0.7798387096711304,0.9296885813135921
test_24_discont_007,986,0.768851651055846,0.74784276125841,0.7910750507019161,0.9350865051890171
test_24_empty_000,0,0.0,0.0,0.0,0.9968166089951601
test_24_empty_002,0,0.0,0.0,0.0,0.9500346020748096
test_24_empty_003,0,0.0,0.0,0.0,0.9688581314865483
test_24_empty_005,0,0.0,0.0,0.0,0.9999999999986159
test_24_empty_007,0,0.0,0.0,0.0,0.9791003460194061
test_24_normal_000,969,0.8602261048260009,0.8567041965111903,0.8637770897743676,0.9623529411751386
test_24_normal_001,1124,0.8880242109775702,0.863751051296352,0.9137010676075294,0.9641522491336136
test_24_normal_002,880,0.8457968024711409,0.7743153918718195,0.931818181807593,0.9586159169536905
test_24_normal_003,1153,0.8729812308997251,0.8787346221363909,0.8673026886308127,0.9597231833896751
test_24_normal_004,1176,0.8911392405025691,0.8844221105453567,0.8979591836658337,0.9642906574381117
test_24_normal_005,1028,0.862036156037764,0.843575418986559,0.8813229571898705,0.9598615916941732
test_24_normal_006,791,0.8006700167459483,0.71699999999283,0.9064475347546593,0.950588235292802
test_24_normal_007,961,0.8171936758852906,0.7779868297198685,0.8605619146632616,0.948788927334327
test_250_discont_000,1117,0.5664160400967017,0.9436325678299867,0.4046553267645063,0.9042214532859457
test_250_discont_001,1171,0.24291497975544593,0.5787781350296213,0.15371477369638162,0.844705882351772
test_250_discont_002,885,0.6072252113711974,0.9495192307464058,0.44632768361077596,0.9292733564000979
test_250_discont_003,853,0.5655399835072915,0.9527777777513117,0.4021101992918862,0.9270588235281286
test_250_discont_004,1182,0.7815602836851718,0.6727716727675656,0.9323181048990499,0.9147404844277996
test_250_discont_005,1101,0.37589041095684445,0.47375690607080445,0.311534968207888,0.8423529411753047
test_250_discont_006,1257,0.663716814156029,0.8687258687146882,0.5369928400911934,0.9053287197219304
test_250_discont_007,1384,0.7789203084799532,0.9568421052530859,0.6567919075097053,0.9285813148776075
test_250_empty_000,0,0.0,0.0,0.0,0.8992387543240149
test_250_empty_001,990,0.7041813208256968,0.574251115356442,0.9101010100918172,0.8952249134935706
test_250_empty_007,0,0.0,0.0,0.0,0.9208304498257152
test_250_normal_000,947,0.9220779220729325,0.9456159822314582,0.8996832101277753,0.9800692041508926
test_250_normal_001,1389,0.7950928381936503,0.7369391518086237,0.8632109431183355,0.9144636678188035
test_250_normal_002,1080,0.9192949907192983,0.9210037174635596,0.9175925925840964,0.9759169550159503
test_250_normal_003,1344,0.8829174664073592,0.9119746233075974,0.8556547618983955,0.9577854671267021
test_250_normal_004,1169,0.9388984509426037,0.9445887445805664,0.9332763045258061,0.9803460207598889
test_250_normal_005,1266,0.8954545454511537,0.8602620087273635,0.9336492890921514,0.9617993079571463
test_250_normal_006,1305,0.9344707250836197,0.9458398744038788,0.923371647502503,0.9766089965384407
test_250_normal_007,774,0.598088813937054,0.5293532338255785,0.6873385012831094,0.90103806228249
test_250_normal_008,1322,0.8070044709358905,0.7951541850161884,0.8192133131556792,0.9283044982686114
test_250_normal_009,1144,0.9378881987536031,0.9522522522436735,0.9239510489429725,0.980622837368885
test_250_normal_010,1428,0.8306942752715265,0.7349137930994887,0.9551820728224427,0.9230449826976844
test_250_normal_011,902,0.8560646900223393,0.8331584470007014,0.8802660753782675,0.9630449826976291
test_250_normal_012,1540,0.9002367264088595,0.9393083980173655,0.8642857142801021,0.9591695501716828
test_250_normal_013,1099,0.952638700942929,0.9445438282563101,0.9608735213743325,0.9854671280263178
test_250_normal_014,938,0.927043335156736,0.9548022598762169,0.9008528784552148,0.9815916955003715
test_250_normal_015,1001,0.7788245850122081,0.7068403908737229,0.8671328671242045,0.9317647058810633
test_251_discont_000,537,0.17446270543395118,0.2716535432963916,0.12849162010933907,0.9096193771613708
test_251_discont_001,639,0.08083832335208326,0.9310344824375743,0.04225352112609932,0.9150173010367958
test_251_discont_002,841,0.5554916618714463,0.5378619153614937,0.5743162901239677,0.8930103806216014
test_251_discont_003,961,0.8703703703656298,0.9131428571324213,0.8314255983264159,0.9670588235280733
test_251_discont_004,450,0.09725158562162259,0.9999999995652173,0.05111111110997531,0.9408996539779365
test_251_discont_005,1473,0.8041958041926799,0.9400544959042685,0.7026476578363704,0.9302422145315844
test_251_discont_006,1519,0.932231404955596,0.9362549800734645,0.9282422646416838,0.9716262975765099
test_251_discont_007,800,0.7805851063777887,0.8338068181699744,0.7337499999908281,0.9543252595142501
test_251_empty_000,0,0.0,0.0,0.0,0.9521107266422808
test_251_empty_003,0,0.0,0.0,0.0,0.9849134948083254
test_251_empty_004,0,0.0,0.0,0.0,0.8896885813136475
test_251_empty_005,0,0.0,0.0,0.0,0.984221453285835
test_251_empty_006,0,0.0,0.0,0.0,0.86934256055243
test_251_empty_007,0,0.0,0.0,0.0,0.9136332179918151
test_251_empty_008,0,0.0,0.0,0.0,0.9999999999986159
test_251_normal_000,1188,0.8097560975570256,0.9628770301512427,0.6986531986473178,0.9460207612443654
test_251_normal_001,1148,0.951730029897686,0.9337803855747379,0.9703832752528713,0.9843598615903331
test_251_normal_002,802,0.9321930360358449,0.9137724550788769,0.9513715710604567,0.9846366781993292
test_251_normal_003,1538,0.8915077989570486,0.9547141796514127,0.8361508452481395,0.9566782006907174
test_251_normal_004,1116,0.9408043379984601,0.948951686408852,0.9327956989163729,0.9818685121093677
test_251_normal_005,1343,0.9146937241604108,0.9233687405089275,0.9061801935896786,0.9685813148775522
test_251_normal_006,1268,0.7524475524440446,0.9201824401263377,0.6364353312252647,0.9265051903101363
test_251_normal_007,1051,0.8886618998933163,0.9592061741900859,0.8277830637409346,0.9698269896180348
test_251_normal_008,1146,0.9451994739108058,0.9497797356744514,0.9406631762570624,0.9826989619363561
test_251_normal_009,1151,0.9582454660440395,0.9311475409759743,0.9869678540313904,0.9862975778533062
test_251_normal_010,1412,0.9507964601736255,0.9504600141475552,0.9511331444691847,0.9807612456733831
test_251_normal_011,1397,0.9088246063679648,0.9302848575642408,0.8883321402942854,0.9655363321785945
test_251_normal_012,805,0.9172839506116217,0.9116564417066054,0.9229813664481618,0.9814532871958734
test_251_normal_013,1249,0.7044455300405255,0.9035087719185024,0.5772618094429363,0.9162629757772786
test_251_normal_014,1090,0.9243140964951546,0.9541015624906827,0.8963302752211346,0.9778546712789234
test_251_normal_015,1429,0.7818181818149512,0.954591321887441,0.6620013995754934,0.9269204152236306
test_252_discont_000,772,0.6365007541430129,0.7617328519718098,0.5466321243452509,0.9332871972305422
test_252_discont_001,619,0.42439024389726354,0.8656716417479765,0.28109854603746204,0.9346712802755229
test_252_discont_002,1204,0.45540796963730834,0.53097345132156,0.39867109634220377,0.841107266434822
test_252_discont_003,491,0.3377049180272507,0.8655462184146601,0.20977596740916954,0.9440830449813923
test_252_empty_002,0,0.0,0.0,0.0,0.9793771626284022
test_252_empty_003,0,0.0,0.0,0.0,0.9576470588222039
test_252_empty_007,0,0.0,0.0,0.0,0.9921107266422254
test_252_empty_008,0,0.0,0.0,0.0,0.9999999999986159
test_252_empty_009,1258,0.24425989252445404,0.3168567807310918,0.1987281399030308,0.7858823529400888
test_252_empty_010,0,0.0,0.0,0.0,0.9413148788914307
test_252_empty_012,0,0.0,0.0,0.0,0.9926643598602177
test_252_empty_013,0,0.0,0.0,0.0,0.9631833910021271
test_252_empty_014,491,0.47682926828977545,0.3402959094835484,0.7963340122037407,0.8812456747392647
test_253_discont_000,533,0.43501805053759013,0.41913043477531947,0.4521575984905786,0.9133564013828189
test_253_discont_001,915,0.700175336056691,0.7525125628046166,0.6546448087360148,0.9289965397911017
test_253_discont_002,439,0.5079365079284455,0.8376963350346756,0.36446469247461355,0.9570934256042116
test_253_discont_003,1175,0.6054249547898538,0.5264150943363118,0.7123404255258525,0.8489965397912125
test_253_discont_004,1638,0.6783449109010017,0.6712492528351988,0.6855921855880001,0.8525951557081625
test_253_discont_005,1167,0.5473449684346553,0.48296199213313923,0.6315338474667392,0.8312802768154585
test_253_discont_006,734,0.6965699208382009,0.9826302729284707,0.5395095367773909,0.9522491349467789
test_253_discont_007,1281,0.6281771968023668,0.5872369314284641,0.675253708035322,0.8582698961925838
test_253_empty_003,0,0.0,0.0,0.0,0.9663667820055829
test_253_empty_006,1331,0.657193605681502,0.6233153638772014,0.6949661908287381,0.8664359861579704
test_253_empty_007,0,0.0,0.0,0.0,0.9456055363308712
test_253_empty_008,0,0.0,0.0,0.0,0.9999999999986159
test_253_empty_009,0,0.0,0.0,0.0,0.9818685121093677
test_253_empty_010,0,0.0,0.0,0.0,0.9500346020748096
test_253_empty_014,0,0.0,0.0,0.0,0.9999999999986159
test_253_empty_016,0,0.0,0.0,0.0,0.9999999999986159
test_253_empty_017,753,0.4266094420582549,0.3151553582732077,0.6600265604162014,0.8150865051891832
test_253_normal_000,722,0.5680473372750509,0.4643799472254672,0.7313019390480429,0.888858131486659
test_253_normal_001,599,0.5904109589000657,0.5005807200871013,0.7195325542450829,0.9172318339087651
test_253_normal_002,587,0.5476190476157881,0.4208600182944112,0.7836456558639924,0.8948096885800764
test_254_discont_000,727,0.8495803744296347,0.8004866179951279,0.9050894085157484,0.9677508650505637
test_254_discont_001,1609,0.5018018017995415,0.9116202945840979,0.34617775015322455,0.8469204152237413
test_254_discont_002,1333,0.2596216568802373,0.99499999995025,0.14928732182933768,0.8429065743932971
test_254_discont_003,1333,0.23311258277991317,0.9943502824296977,0.13203300825107253,0.8397231833898412
test_254_discont_004,1831,0.9004354136403471,0.9609665427449755,0.8470780993946091,0.952525951555775
test_254_empty_000,0,0.0,0.0,0.0,0.9999999999986159
test_254_empty_001,0,0.0,0.0,0.0,0.9999999999986159
test_254_empty_003,0,0.0,0.0,0.0,0.8265743944625238
test_254_empty_004,0,0.0,0.0,0.0,0.9999999999986159
test_254_empty_005,0,0.0,0.0,0.0,0.9937716262962024
test_254_empty_006,0,0.0,0.0,0.0,0.9781314878879196
test_254_empty_007,0,0.0,0.0,0.0,0.9921107266422254
test_254_empty_009,0,0.0,0.0,0.0,0.9999999999986159
test_254_empty_010,0,0.0,0.0,0.0,0.7901730103795291
test_254_empty_011,0,0.0,0.0,0.0,0.9999999999986159
test_254_empty_013,0,0.0,0.0,0.0,0.9759169550159503
test_254_normal_000,976,0.5240371099226201,0.3611003487006544,0.9549180327771012,0.7656747404833694
test_254_normal_001,1508,0.7809464117806928,0.7403446226931649,0.826259946944123,0.9032525951544592
test_254_normal_002,1258,0.8897810218945629,0.8225371120052462,0.9689984101671781,0.9582006920401963
test_254_normal_003,1276,0.9072796934831139,0.8875562218824022,0.9278996865131043,0.966505190310081
test_254_normal_004,1186,0.915880503141054,0.8578792341615769,0.9822934232632186,0.9703806228360272
test_254_normal_005,1965,0.843987483234591,0.7524910322807793,0.9608142493589781,0.9033910034589573
test_254_normal_006,1339,0.9290090090056613,0.897632311971465,0.9626587005155889,0.9727335640124946
test_254_normal_007,1525,0.9071177784841777,0.8837064676561959,0.9318032786824144,0.9597231833896751
test_254_normal_008,1501,0.8461801986952855,0.8709449929416718,0.8227848101211007,0.9378546712789788
test_254_normal_009,1683,0.8786610878632808,0.9585674157236056,0.8110516933998155,0.9478200692028405
test_254_normal_010,1739,0.8291970802899533,0.7186840995330296,0.9798734905061538,0.902837370240965
test_254_normal_011,1350,0.914953933377339,0.8770380434723027,0.9562962962892126,0.9667820069190771
test_254_normal_012,1239,0.9116981132041069,0.856130403962749,0.9749798224295806,0.9676124567460656
test_254_normal_013,1583,0.8341915550949737,0.9135338345795976,0.7675300063122709,0.9331487889260441
test_254_normal_014,1336,0.8975750995262484,0.8689558514304909,0.9281437125679032,0.9608304498256598
test_254_normal_015,1404,0.7250625670335179,0.727925340985442,0.7222222222170782,0.8935640138395937
test_255_discont_000,1491,0.8813797958434306,0.9274074074005378,0.8397048960372925,0.9533564013827636
test_255_discont_001,1270,0.8563122923552479,0.905975395422619,0.811811023615655,0.9521107266422808
test_255_discont_002,1021,0.855150214587687,0.9454329774502321,0.7806072477886327,0.9626297577841347
test_255_discont_003,1297,0.9414556961988075,0.9666937449149742,0.9175019275179839,0.9795155709329003
test_255_discont_004,1308,0.637211187674758,0.6781708369225352,0.6009174311880664,0.8761245674728358
test_255_discont_005,932,0.6172106824880029,0.9999999999759616,0.4463519313256829,0.9285813148776075
test_255_discont_006,1267,0.6267806267780758,0.6470588235239744,0.6077348066250376,0.8730795847738781
test_255_discont_007,1174,0.8922465208712038,0.8366890380250807,0.9557069846596619,0.9624913494796367
test_255_empty_001,0,0.0,0.0,0.0,0.9897577854657581
test_255_empty_004,0,0.0,0.0,0.0,0.9676124567460656
test_255_empty_005,0,0.0,0.0,0.0,0.9999999999986159
test_255_empty_006,0,0.0,0.0,0.0,0.8835986159157321
test_255_empty_007,0,0.0,0.0,0.0,0.9999999999986159
test_255_empty_008,0,0.0,0.0,0.0,0.9752249134934599
test_255_normal_000,1297,0.9244618395267145,0.9387917329019174,0.9105628373098646,0.9732871972304868
test_255_normal_001,1091,0.6925858951144097,0.683318465649569,0.7021081576470934,0.9058823529399227
test_255_normal_002,1589,0.7677196708235526,0.6639118457269794,0.9100062932604783,0.8788927335627974
test_255_normal_003,1143,0.8978251949080926,0.8454404945838838,0.9571303586967881,0.9655363321785945
test_255_normal_004,1221,0.9201459262224558,0.9109149277615497,0.9295659295583165,0.9727335640124946
test_255_normal_005,1205,0.9084249084212112,0.8913738019098134,0.9261410788304886,0.9688581314865483
test_255_normal_006,1121,0.82533279547872,0.7533136966071186,0.9125780552996202,0.940069204150948
test_255_normal_007,1260,0.941128372849791,0.9704890387776519,0.9134920634848136,0.9800692041508926
test_255_normal_008,1475,0.7817969661587463,0.6861239119268504,0.9084745762650274,0.8964705882340533
test_255_normal_009,1095,0.8953191489323604,0.8382470119455121,0.9607305935985322,0.9659515570920887
test_255_normal_010,1265,0.9034779210593846,0.8933539412604842,0.9138339920876377,0.9658131487875906
test_255_normal_011,1183,0.9142624949170489,0.8802816901339572,0.9509721048102201,0.9707958477495214
test_255_normal_012,1161,0.8711256117419612,0.8272656855086967,0.9198966408189502,0.9562629757772232
test_255_normal_013,1284,0.9414614452929292,0.9773679798744563,0.908099688466448,0.9799307958463945
test_255_normal_014,1215,0.717213114751159,0.7142857142798834,0.7201646090475707,0.9044982698949419
test_255_normal_015,1076,0.7886044591214344,0.7095096582413856,0.8875464683932385,0.9291349480955998
test_256_discont_000,911,0.9130672498583212,0.9095860566349718,0.9165751920865359,0.9779930795834215
test_256_discont_001,550,0.7800192122883765,0.8268839103701245,0.7381818181683967,0.968304498268556
test_256_discont_002,1277,0.8242625675080006,0.8778761061869216,0.7768206734473233,0.9414532871959288
test_256_discont_003,789,0.8244473341948996,0.8464619492543863,0.8035487959340488,0.9626297577841347
test_256_discont_004,1382,0.8596010950298804,0.9353191489282101,0.7952243125846945,0.9503114186838059
test_256_discont_005,1102,0.8472709063552967,0.9452513966374833,0.7676950998115455,0.9577854671267021
test_256_empty_000,0,0.0,0.0,0.0,0.9999999999986159
test_256_empty_003,0,0.0,0.0,0.0,0.8912110726631264
test_256_empty_006,0,0.0,0.0,0.0,0.9429757785454077
test_256_empty_007,0,0.0,0.0,0.0,0.9999999999986159
test_256_empty_008,0,0.0,0.0,0.0,0.9999999999986159
test_256_empty_009,0,0.0,0.0,0.0,0.9928027681647159
test_256_empty_010,0,0.0,0.0,0.0,0.9999999999986159
test_256_empty_011,0,0.0,0.0,0.0,0.9999999999986159
test_256_empty_012,0,0.0,0.0,0.0,0.9671972318325713
test_256_normal_000,1049,0.8796296296251048,0.9553072625591585,0.815061963767254,0.9676124567460656
test_256_normal_001,873,0.707274320768154,0.5727466288106974,0.9243986254189644,0.9075432525938996
test_256_normal_002,614,0.8348954578166194,0.7490297541947085,0.9429967426556515,0.968304498268556
test_256_normal_003,866,0.5679845708747928,0.4875827814529174,0.6801385681214764,0.8759861591683378
test_256_normal_004,901,0.8271002709982271,0.8082627118558446,0.846836847937327,0.955847750863729
test_256_normal_005,1259,0.8689991863268145,0.8907422852302691,0.8482922954658595,0.9554325259502348
test_256_normal_006,1095,0.8378623188367851,0.8310871518344018,0.8447488584397741,0.9504498269883039
test_256_normal_007,801,0.6305464736075174,0.5037313432798229,0.8426966292029626,0.890519031140636
test_256_normal_008,337,0.5773552290356323,0.40731707316576443,0.9910979228192552,0.9323183390990556
test_256_normal_009,990,0.8480318883864074,0.8367748279170425,0.8595959595872767,0.9577854671267021
test_256_normal_010,931,0.774635818334299,0.6443335709148658,0.9709989258757142,0.9271972318326267
test_256_normal_011,1094,0.895667550836005,0.8672945205405198,0.9259597806131084,0.9673356401370694
test_256_normal_012,941,0.6881720430075354,0.6143572620983777,0.7821466524890314,0.9076816608983976
test_256_normal_013,854,0.6474266474235333,0.5493877550975561,0.7880562060797651,0.8985467128015245
test_256_normal_014,792,0.6297297297268931,0.4894957983158999,0.8825757575646139,0.8862283737011956
test_256_normal_015,1090,0.868181818177872,0.8603603603526094,0.8761467889827877,0.9598615916941732
test_257_discont_000,438,0.0,0.0,0.0,0.9314878892720672
test_257_discont_001,466,0.1341222879657964,0.8292682924806662,0.07296137338899224,0.9392387543239595
test_257_discont_002,579,0.6670574443102752,0.5048802129502673,0.9827288428154969,0.9213840830437074
test_257_discont_003,1224,0.9218203033803118,0.8797327394144044,0.9681372548940512,0.9721799307945022
test_257_discont_004,656,0.5658835546418194,0.8575851392923348,0.4222560975545388,0.9411764705869327
test_257_discont_005,944,0.9391395592815366,0.9303534303437593,0.9480932203289397,0.9839446366768388
test_257_empty_000,0,0.0,0.0,0.0,0.9999999999986159
test_257_empty_001,0,0.0,0.0,0.0,0.9833910034588466
test_257_empty_004,0,0.0,0.0,0.0,0.9998615916941178
test_257_empty_006,0,0.0,0.0,0.0,0.9999999999986159
test_257_empty_007,0,0.0,0.0,0.0,0.9659515570920887
test_257_empty_008,0,0.0,0.0,0.0,0.9999999999986159
test_257_empty_012,0,0.0,0.0,0.0,0.927750865050619
test_257_empty_013,0,0.0,0.0,0.0,0.9847750865038273
test_257_normal_000,1200,0.9716666666626181,0.9716666666585695,0.9716666666585695,0.9905882352927466
test_257_normal_001,888,0.9512195121898491,0.9366812226971978,0.9662162162053354,0.9878200692027851
test_257_normal_002,926,0.9601293103396545,0.9580645161187304,0.9622030237477084,0.9897577854657581
test_257_normal_003,1050,0.8958147818303838,0.8411371237387866,0.9580952380861135,0.9676124567460656
test_257_normal_004,938,0.933947772652668,0.8985221674788323,0.9722814498830247,0.9821453287183638
test_257_normal_005,1047,0.9704480457532391,0.9686013320554844,0.972301814699405,0.9914186851197351
test_257_normal_006,982,0.9182389937062495,0.8746543778721231,0.9663951120064522,0.9766089965384407
test_257_normal_007,1143,0.9113504556714526,0.8654602674990917,0.9623797025287631,0.9703806228360272
test_257_normal_008,881,0.8063167672976949,0.6823899371015536,0.9852440408514728,0.9422837370229172
test_257_normal_009,944,0.9375951293711944,0.8997078870408988,0.9788135593116651,0.9829757785453523
test_257_normal_010,1160,0.9686137750611656,0.9797178130425069,0.9577586206813987,0.9900346020747542
test_257_normal_011,980,0.9658685685126548,0.9643947100613999,0.9673469387656393,0.9907266435972447
test_257_normal_012,952,0.8852140077777957,0.8242753623113744,0.9558823529311357,0.9673356401370694
test_257_normal_013,972,0.8976076554980976,0.83899821108373,0.9650205761217591,0.9703806228360272
test_257_normal_014,1133,0.9336734693837855,0.9007383100828488,0.9691085613330177,0.9784083044969157
test_257_normal_015,1227,0.9092301800041777,0.8576589595313754,0.9674001629913008,0.9671972318325713
test_258_discont_000,721,0.7453083109879609,0.6075174825121721,0.963938973634342,0.9342560553620287
test_258_discont_001,1537,0.6732267322645624,0.910199556530929,0.534157449573623,0.8896885813136475
test_258_discont_002,1404,0.6258373205711683,0.953352769665403,0.4658119658086481,0.8917647058811187
test_258_discont_003,1175,0.7557651991574645,0.9836289222239614,0.6136170212713735,0.9355017301025115
test_258_discont_004,989,0.7965517241333532,0.9227696404670737,0.7007077856349777,0.9510034602062962
test_258_discont_005,1339,0.7009433962231088,0.9513444302054885,0.554891710227372,0.9122491349468342
test_258_discont_006,1481,0.420225822285615,0.7697841726480255,0.2889939230230318,0.8365397923863854
test_258_discont_007,3174,0.3447019005458352,0.9925037481110569,0.20856962822870648,0.6516262975769528
test_258_empty_000,0,0.0,0.0,0.0,0.9999999999986159
test_258_empty_004,0,0.0,0.0,0.0,0.9999999999986159
test_258_empty_005,0,0.0,0.0,0.0,0.9964013840816659
test_258_normal_000,1286,0.0,0.0,0.0,0.8164705882341641
test_258_normal_001,1654,0.8231556653694911,0.9889737065225703,0.7049576783512397,0.9306574394450787
test_258_normal_002,1697,0.09646662927595925,0.999999999883721,0.05067766646994298,0.7770242214522117
test_258_normal_003,3243,0.4924576467846543,0.9953095684709634,0.32716620413096775,0.6973010380613186
test_258_normal_004,1382,0.9226340410186303,0.9176807444458291,0.92764109984857,0.9702422145315291
test_258_normal_005,1424,0.2889647326490958,0.7604790418933988,0.17837078651560134,0.826989619376018
test_258_normal_006,1952,0.4920818848957432,0.9999999999843014,0.326331967211443,0.817993079583643
test_258_normal_007,1520,0.7196754563865327,0.9386243386144061,0.5835526315751083,0.9043598615904438
test_258_normal_008,1420,0.9127613554401126,0.9350073855174668,0.8915492957683694,0.966505190310081
test_258_normal_009,1579,0.21700223713525169,0.9282296650273574,0.12286257124684698,0.8062283737013063
test_258_normal_010,2531,0.38894184937912635,0.9935064934903651,0.24180165942219756,0.7338408304488113
test_258_normal_011,1742,0.6058423369323496,0.9999999999867899,0.43455797933160417,0.8636678200680088
test_258_normal_012,2975,0.6153522607768341,0.8219101123549332,0.4917647058807,0.7468512110716307
test_258_normal_013,2856,0.5891400605905637,0.8808362369276598,0.4425770308107753,0.7559861591685039
test_258_normal_014,1803,0.4873949579813316,0.7828220858799654,0.3538546866314262,0.8142560553621948
test_258_normal_015,3343,0.34812623274075905,0.9901823281768558,0.21118755608671497,0.6340484429056968
test_259_discont_000,344,0.3127272727215868,0.417475728135074,0.24999999999273256,0.9476816608983423
test_259_discont_001,342,0.6631689401819185,0.517184942708393,0.9239766081601176,0.9555709342547328
test_259_discont_002,1064,0.5989911727578878,0.9099616858063225,0.4464285714243757,0.9119723183378381
test_259_discont_003,575,0.7037552155722966,0.5863267670847471,0.8799999999846957,0.9410380622824346
test_259_discont_004,808,0.4036393713779683,0.6084788029773447,0.30198019801606457,0.9002076124555014
test_259_discont_005,537,0.6532033426138357,0.5216907675136631,0.873370577264928,0.9310726643585729
test_259_discont_006,1127,0.8241935483837735,0.7553584626699531,0.9068322981285997,0.9396539792374538
test_259_discont_007,914,0.5550527903427221,0.8932038834734659,0.4026258205645227,0.9183391003447497
test_259_empty_001,0,0.0,0.0,0.0,0.9999999999986159
test_259_empty_003,0,0.0,0.0,0.0,0.9969550172996582
test_259_empty_004,0,0.0,0.0,0.0,0.9584775086491925
test_259_empty_005,0,0.0,0.0,0.0,0.9999999999986159
test_259_empty_006,0,0.0,0.0,0.0,0.980622837368885
test_259_empty_008,0,0.0,0.0,0.0,0.9323183390990556
test_259_empty_009,474,0.7024859663135327,0.5666235446239763,0.9240506328918977,0.9486505190298289
test_259_empty_010,524,0.7303703703649603,0.5968523002349049,0.9408396946385336,0.9496193771613154
test_259_normal_000,1181,0.9111295681025285,0.8940505297400648,0.9288738357245651,0.9703806228360272
test_259_normal_001,982,0.9432805314208316,0.9466666666569573,0.9399185335953165,0.9846366781993292
test_259_normal_002,1082,0.8987396783967895,0.8482362592219177,0.9556377079394119,0.9677508650505637
test_259_normal_003,925,0.94339622641015,0.9155645981595568,0.9729729729624543,0.9850519031128234
test_259_normal_004,962,0.9097120546563704,0.8574057037639614,0.9688149688048979,0.9743944636664714
test_259_normal_005,1210,0.8187001140219738,0.7579169598820696,0.8900826446207432,0.9339792387530326
test_259_normal_006,839,0.8352365415941532,0.76799999999232,0.9153754469497571,0.9580622837356982
test_259_normal_007,1074,0.8965213562267877,0.8504594820313246,0.9478584729893124,0.9674740484415675
test_259_normal_008,989,0.9617151607914155,0.971134020608545,0.9524772497375887,0.98961937716126
test_259_normal_009,1063,0.814685314681754,0.7608163265244016,0.8767638758148941,0.9413148788914307
test_259_normal_010,985,0.8650246305376108,0.8401913875517686,0.8913705583665851,0.9620761245661424
test_259_normal_011,1005,0.8315288003428691,0.7361963190127593,0.9552238805875102,0.9461591695488635
test_259_normal_012,1164,0.9184339314807568,0.8742236024776847,0.9673539518817239,0.9723183390990002
test_259_normal_013,930,0.9061085972799429,0.9558472553585221,0.8612903225713839,0.9770242214519349
test_259_normal_014,990,0.925097276260092,0.8921200750385355,0.9606060605963576,0.9786851211059119
test_259_normal_015,1018,0.8708815672267548,0.7964169381042637,0.9607072691457691,0.9598615916941732
test_25_discont_000,610,0.48813056379459846,0.4457994579885393,0.5393442622862402,0.9044982698949419
test_25_discont_001,564,0.482142857138074,0.5472972972849708,0.43085106382214805,0.927750865050619
test_25_discont_002,793,0.6648168701405949,0.5936570862181005,0.7553593946941316,0.9164013840817766
test_25_discont_003,542,0.7246585190458329,0.5936395759647393,0.9298892988758323,0.9469896193758519
test_25_discont_004,603,0.4285714285691095,0.3180722891540717,0.6567164178995569,0.8538408304486452
test_25_discont_005,1499,0.9017667844491104,0.9586776859432106,0.8512341560983907,0.9615224913481502
test_25_discont_006,760,0.8264571054300822,0.8226857887767577,0.8302631578838123,0.9633217993066252
test_25_discont_007,1491,0.9047790154477011,0.9744582043268232,0.8443997317180121,0.9633217993066252
test_25_empty_000,0,0.0,0.0,0.0,0.9497577854658135
test_25_empty_001,483,0.31073446327391024,0.2849740932593269,0.3416149068252254,0.8986851211060226
test_25_empty_004,0,0.0,0.0,0.0,0.9811764705868773
test_25_empty_006,0,0.0,0.0,0.0,0.9876816608982869
test_25_empty_007,0,0.0,0.0,0.0,0.9321799307945575
test_25_empty_008,0,0.0,0.0,0.0,0.9624913494796367
test_25_empty_009,0,0.0,0.0,0.0,0.9871280276802946
test_25_normal_000,1338,0.9658349328177895,0.9928966061484381,0.9402092675565008,0.9876816608982869
test_25_normal_001,1255,0.9664536741175461,0.9687750200082564,0.9641434262871383,0.9883737024207774
test_25_normal_002,996,0.9064748201395373,0.8677685950333539,0.9487951807133655,0.9730103806214907
test_25_normal_003,1378,0.9632034631999885,0.9576757532212506,0.968795355580778,0.985882352939812
test_25_normal_004,1309,0.9663009404350851,0.9919549476991798,0.941940412521452,0.9880968858117812
test_25_normal_005,1400,0.9638381668422348,0.9662598707755474,0.9614285714217041,0.98602076124431
test_25_normal_006,1312,0.9690332326247394,0.9603293413101772,0.9778963414559613,0.9886505190297735
test_25_normal_007,1403,0.9655172413757686,0.9947089947014762,0.9379900213760657,0.9869896193757965
test_25_normal_008,1271,0.9661835748753375,0.9892827699836004,0.9441384736353727,0.9883737024207774
test_25_normal_009,1474,0.953535353532143,0.9465240641647961,0.9606512890029807,0.9808996539778811
test_25_normal_010,1367,0.9659259259223485,0.9782445611329464,0.9539136795833657,0.9872664359847927
test_25_normal_011,1299,0.9674204676084039,0.9633587786186004,0.9715165511857466,0.9882352941162793
test_25_normal_012,1374,0.9651162790662605,0.9637155297462721,0.9665211062520632,0.9867128027668004
test_25_normal_013,1169,0.96344086021091,0.9688581314795083,0.9580838323271337,0.9882352941162793
test_260_discont_000,1238,0.04885736800591917,0.9999999996774194,0.025040387721930207,0.8329411764694354
test_260_discont_001,1309,0.4533648169985044,0.9974025973766908,0.29335370511617,0.8718339100333954
test_260_discont_002,1535,0.6147686832712866,0.969144460014458,0.45016286644657877,0.88013840830328
test_260_discont_003,1128,0.9022907900846083,0.9545004945504005,0.8554964538931251,0.9710726643585176
test_260_discont_004,397,0.4297124600604656,0.3146198830372559,0.6775818639627813,0.901176470586988
test_260_discont_005,1081,0.8526164186228872,0.886227544901335,0.8214616096131225,0.9575086505177058
test_260_discont_006,1329,0.7721057429317589,0.9791907514337665,0.6373212942013746,0.9307958477495768
test_260_discont_007,1106,0.8491379310308227,0.8113673805534485,0.8905967450190725,0.9515570934242885
test_260_empty_001,0,0.0,0.0,0.0,0.8777854671268127
test_260_empty_003,0,0.0,0.0,0.0,0.9725951557079964
test_260_empty_004,0,0.0,0.0,0.0,0.9244290657426651
test_260_empty_006,0,0.0,0.0,0.0,0.9476816608983423
test_260_empty_008,629,0.6114570361107631,0.5025588536284282,0.7806041335328998,0.9136332179918151
test_260_empty_013,0,0.0,0.0,0.0,0.9999999999986159
test_260_normal_000,591,0.6518010291557931,0.49222797927036077,0.9644670050598229,0.9157093425592863
test_260_normal_001,1076,0.8080622995840218,0.7967479674724776,0.8197026022228653,0.9420069204139211
test_260_normal_002,1089,0.8932481751784067,0.887579329094401,0.8989898989816439,0.9676124567460656
test_260_normal_003,1126,0.9258936355670189,0.9092465753346812,0.9431616340946434,0.9764705882339426
test_260_normal_004,1388,0.9072474652613322,0.947450980384726,0.8703170028755741,0.9658131487875906
test_260_normal_005,1162,0.9296527159353088,0.9630996309874253,0.8984509466359859,0.9781314878879196
test_260_normal_006,1277,0.9088689991826328,0.9458086367405097,0.8747063429845364,0.9689965397910464
test_260_normal_007,1066,0.9382940108850351,0.9086115992890281,0.9699812382648221,0.9811764705868773
test_260_normal_008,967,0.8791312558976434,0.8088618592457962,0.9627714581079341,0.9645674740471079
test_260_normal_009,1463,0.8730606487980499,0.9016751638681597,0.8462064251480096,0.9501730103793077
test_260_normal_010,1212,0.8925214548390171,0.88421052630863,0.9009900990024672,0.9635986159156213
test_260_normal_011,1235,0.7731504164587303,0.9789081885734626,0.6388663967559607,0.9359169550160057
test_260_normal_012,1405,0.9053254437836342,0.9422632794384738,0.8711743772179988,0.9645674740471079
test_260_normal_013,960,0.9164118246640347,0.8972055888134012,0.9364583333235785,0.977301038060931
test_260_normal_014,1235,0.9378907878243523,0.9664948453525216,0.910931174081693,0.9793771626284022
test_260_normal_015,809,0.7856056766305849,0.6658075601317371,0.9579728059214094,0.9414532871959288
test_261_discont_000,591,0.6472534745159018,0.5315217391246574,0.8274111674986901,0.9262283737011402
test_261_discont_001,1025,0.7854958497126017,0.7112341772095631,0.8770731707231506,0.9320415224900594
test_261_discont_002,369,0.7912341407059834,0.6887550200664908,0.9295392953677631,0.9749480968844637
test_261_discont_003,1402,0.9189189189155628,0.9416167664600179,0.8972895862988782,0.9692733564000425
test_261_discont_004,1306,0.8701298701265465,0.8681402438958221,0.8721286370530466,0.9529411764692693
test_261_discont_005,550,0.5733976567844701,0.46170921198155707,0.7563636363498842,0.9143252595143054
test_261_discont_006,1173,0.889955982389396,0.8386123680178085,0.9479965899322422,0.9619377162616444
test_261_empty_000,539,0.6317689530647909,0.46749777381596175,0.974025974007903,0.915294117645792
test_261_empty_001,0,0.0,0.0,0.0,0.9999999999986159
test_261_empty_003,0,0.0,0.0,0.0,0.9674740484415675
test_261_empty_004,0,0.0,0.0,0.0,0.9818685121093677
test_261_empty_006,0,0.0,0.0,0.0,0.9999999999986159
test_261_empty_008,0,0.0,0.0,0.0,0.9999999999986159
test_261_empty_009,0,0.0,0.0,0.0,0.9999999999986159
test_261_normal_000,868,0.7422402159210876,0.6088560885563923,0.9504608294821375,0.9206920415212171
test_261_normal_001,1138,0.9433643279757254,0.9087947882662151,0.9806678383042121,0.9814532871958734
test_261_normal_002,974,0.9178743961308315,0.8667883211599746,0.9753593429057972,0.9764705882339426
test_261_normal_003,1123,0.8668510470135644,0.7791193181762848,0.9768477292878287,0.9533564013827636
test_261_normal_004,1497,0.8353884093685716,0.7756153405794184,0.905143620568436,0.9260899653966421
test_261_normal_005,1099,0.8423169750569497,0.7548666185958554,0.9526842584080739,0.9457439446353693
test_261_normal_006,1447,0.9279842157154621,0.8851944792918119,0.9751209398688658,0.9696885813135367
test_261_normal_007,997,0.9125656951700308,0.8713503649555534,0.9578736208529802,0.9746712802754676
test_261_normal_008,1560,0.8909566734489941,0.8153273017519143,0.9820512820449869,0.9480968858118366
test_261_normal_009,1406,0.9120683517233462,0.9130434782543618,0.911095305825668,0.9658131487875906
test_261_normal_010,1152,0.8442211055243749,0.7609756097507947,0.9479166666584383,0.9442214532858904
test_261_normal_011,1018,0.8248023304168756,0.715523465698805,0.9734774066702016,0.941730103804925
test_261_normal_012,1074,0.9034512887684428,0.8510288065773579,0.9627560521325629,0.9694117647045406
test_261_normal_013,1296,0.9035311248601983,0.855272226045105,0.9575617283876732,0.9633217993066252
test_261_normal_014,1084,0.8856885688528997,0.8646748681822085,0.907749077482401,0.964844290656104
test_261_normal_015,1300,0.9285714285680446,0.8822714681379344,0.9799999999924616,0.9728719723169926
test_262_discont_000,525,0.2549668874129972,0.9746835441804199,0.146666666663873,0.9377162629744806
test_262_discont_001,967,0.6015460295108817,0.9385964912074869,0.4426059979271706,0.9215224913482055
test_262_discont_002,1304,0.9515557305988517,0.9781376518139423,0.9263803680910554,0.9829757785453523
test_262_discont_003,1300,0.9308722403151254,0.8790157211149761,0.9892307692231599,0.973564013839483
test_262_discont_004,602,0.6083289404290547,0.445559845556405,0.9584717607814207,0.8971626297565437
test_262_empty_000,0,0.0,0.0,0.0,0.966643598614579
test_262_empty_001,0,0.0,0.0,0.0,0.9575086505177058
test_262_empty_003,0,0.0,0.0,0.0,0.9999999999986159
test_262_empty_004,0,0.0,0.0,0.0,0.876401384081832
test_262_empty_008,0,0.0,0.0,0.0,0.9980622837356429
test_262_empty_009,0,0.0,0.0,0.0,0.996539792386164
test_262_empty_011,0,0.0,0.0,0.0,0.9633217993066252
test_262_normal_000,582,0.6371477860802924,0.4788245462361381,0.9518900343479056,0.9126643598603285
test_262_normal_001,1313,0.8342158859436488,0.896672504370432,0.7798933739468402,0.9436678200678981
test_262_normal_002,1070,0.9178617992137424,0.8578391551514393,0.9869158878412438,0.9738408304484791
test_262_normal_003,916,0.7770767612998051,0.7494929006009179,0.8067685589431576,0.9413148788914307
test_262_normal_004,1122,0.9082682023821133,0.8433919022089886,0.9839572192425673,0.9691349480955445
test_262_normal_005,1166,0.8276391554670725,0.7491313412039672,0.9245283018788635,0.9378546712789788
test_262_normal_006,926,0.8246402877660763,0.7064714946016452,0.9902807775271028,0.9460207612443654
test_262_normal_007,861,0.7741626794221332,0.6582587469433828,0.9396051103259047,0.9346712802755229
test_262_normal_008,1299,0.9346879535524867,0.8840082360955114,0.9915319476444071,0.9750865051889618
test_262_normal_009,1315,0.9447275578167592,0.974919093843245,0.9163498098789632,0.9804844290643869
test_262_normal_010,1137,0.7643163225525348,0.6860139860091887,0.8627968337654988,0.9162629757772786
test_262_normal_011,1028,0.8781747739953587,0.7876447876387055,0.992217898823033,0.9608304498256598
test_262_normal_012,1230,0.8922572716063406,0.8992568125441845,0.8853658536513386,0.9635986159156213
test_262_normal_013,661,0.7153367289150236,0.5714285714234049,0.9561270801670783,0.9303806228360826
test_262_normal_014,859,0.7568293775156434,0.6149927219751457,0.98370197903395,0.9248442906561594
test_262_normal_015,1138,0.9266886326156233,0.8720930232490536,0.9885764499034396,0.975363321797958
test_263_discont_000,896,0.6800205444238314,0.6298763082718376,0.7388392857060397,0.9137716262963131
test_263_discont_001,291,0.6996996996891937,0.6213333333167644,0.8006872851958526,0.9723183390990002
test_263_discont_002,1229,0.8110175975485424,0.7653429602832827,0.8624898291223557,0.9316262975765652
test_263_discont_003,1051,0.9558466763660561,0.9752475247428193,0.9372026641204834,0.9874048442892908
test_263_discont_004,1193,0.8169959001087701,0.7355704697937211,0.9186923721632969,0.9320415224900594
test_263_discont_005,1033,0.9394531249954129,0.9477832512221893,0.9312681510074419,0.9828373702408543
test_263_discont_006,1207,0.9483050847417445,0.9705117085778794,0.9270919635383009,0.9831141868498504
test_263_discont_007,1419,0.8426019548336954,0.8074935400464632,0.8809020436865336,0.9353633217980134
test_263_empty_000,0,0.0,0.0,0.0,0.9720415224900041
test_263_empty_001,0,0.0,0.0,0.0,0.8982698961925284
test_263_empty_003,0,0.0,0.0,0.0,0.973564013839483
test_263_empty_004,0,0.0,0.0,0.0,0.9044982698949419
test_263_empty_006,0,0.0,0.0,0.0,0.9999999999986159
test_263_empty_007,0,0.0,0.0,0.0,0.9915570934242331
test_263_empty_010,0,0.0,0.0,0.0,0.9164013840817766
test_263_normal_000,1331,0.9473279507845163,0.970078740149842,0.9256198347037895,0.9810380622823792
test_263_normal_001,715,0.7913760304325215,0.7238979118245488,0.8727272727150668,0.9544636678187481
test_263_normal_002,1512,0.9407937540633026,0.9257362355894639,0.9563492063428813,0.9748096885799656
test_263_normal_003,421,0.7615457115856594,0.6312499999901368,0.959619952471268,0.9649826989606021
test_263_normal_004,1137,0.7897125567292371,0.6927670869230739,0.9182058047412648,0.9230449826976844
test_263_normal_005,648,0.8748068006114776,0.8761609906985114,0.8734567901099775,0.9775778546699272
test_263_normal_006,1102,0.931018301262642,0.9640427599517587,0.9001814881950982,0.9796539792373984
test_263_normal_007,1375,0.907551164428696,0.8814256339898464,0.9352727272659254,0.9637370242201194
test_263_normal_008,787,0.8894409937832954,0.8699878493211423,0.9097839898232556,0.975363321797958
test_263_normal_009,1279,0.8289523809492231,0.8083209509598194,0.8506645816978057,0.9378546712789788
test_263_normal_010,1057,0.9595430747217538,0.9655172413700622,0.9536423840969382,0.9882352941162793
test_263_normal_011,1226,0.9447650453382327,0.9549999999920418,0.9347471451799777,0.9814532871958734
test_263_normal_012,1325,0.8363636363604684,0.8395437262293571,0.8332075471635231,0.940207612455446
test_263_normal_013,697,0.7900446713414803,0.7114942528653851,0.8880918220819499,0.9544636678187481
test_263_normal_014,1084,0.748649771496682,0.6810279667371049,0.8311808118004504,0.9162629757772786
test_263_normal_015,1424,0.8829300196177798,0.8261933904478201,0.948033707858511,0.9504498269883039
test_264_discont_000,629,0.4729605866134468,0.558441558429471,0.410174880756595,0.9204152249122209
test_264_discont_001,1147,0.6215213358041674,0.664023785920079,0.584132519611298,0.887058823528184
test_264_discont_002,542,0.5411931818143382,0.43995381061847627,0.7029520295073256,0.9105882352928574
test_264_discont_003,1380,0.8486024844687554,0.9138795986545662,0.7920289855015071,0.9460207612443654
test_264_discont_004,1622,0.8661240527620934,0.7949510561525248,0.9512946978979575,0.9339792387530326
test_264_discont_005,858,0.8759604829809223,0.8278008298669315,0.9300699300590901,0.9687197231820502
test_264_discont_006,1233,0.8251748251716194,0.7919463087189267,0.8613138686061532,0.9377162629744806
test_264_discont_007,1229,0.817128817125949,0.7185185185140832,0.9471114727343605,0.9278892733551172
test_264_empty_002,0,0.0,0.0,0.0,0.968304498268556
test_264_empty_004,0,0.0,0.0,0.0,0.9599999999986712
test_264_empty_005,1520,0.7176079734197596,0.6633165829108693,0.7815789473632792,0.8705882352929127
test_264_empty_006,0,0.0,0.0,0.0,0.9191695501717382
test_264_empty_007,0,0.0,0.0,0.0,0.9955709342546775
test_264_normal_000,1790,0.9436464088371723,0.9333333333282332,0.9541899441287476,0.9717647058810079
test_264_normal_001,1216,0.93181818181426,0.9543103448193595,0.9103618420977767,0.9775778546699272
test_264_normal_002,824,0.8495670995625024,0.7666015624925138,0.9526699029010598,0.9615224913481502
test_264_normal_003,1620,0.8303644834178395,0.7466732380446197,0.9351851851794125,0.9143252595143054
test_264_normal_004,1408,0.9299181785808257,0.9315751960019133,0.9282670454479527,0.9727335640124946
test_264_normal_005,858,0.9024943310606435,0.8785871964582938,0.927738927728115,0.9761937716249465
test_264_normal_006,1088,0.8260135135100253,0.7640624999940309,0.8988970588152676,0.9429757785454077
test_264_normal_007,1190,0.8159090909060004,0.7427586206845328,0.9050420167991173,0.9327335640125498
test_264_normal_008,2184,0.8444539798308422,0.7945094872797961,0.9010989010947752,0.8996539792375091
test_264_normal_009,1226,0.7958691910471744,0.6885050625331239,0.9429037520314609,0.9179238754312555
test_264_normal_010,1176,0.9186241610699722,0.9064569536348804,0.9311224489716742,0.9731487889259888
test_264_normal_011,833,0.9288702928814773,0.9249999999889881,0.9327731092324997,0.9835294117633446
test_264_normal_012,824,0.913915094334234,0.888761467879716,0.94053398057111,0.9797923875418965
test_264_normal_013,1893,0.8544776119383058,0.764926931103278,0.9677760168992723,0.9136332179918151
test_264_normal_014,829,0.7509652509616267,0.6259050683779092,0.9384800964904888,0.9285813148776075
test_264_normal_015,1632,0.8848589522139181,0.8344191096588794,0.9417892156805038,0.9446366781993846
test_265_discont_000,1387,0.7412410299673228,0.894093686345274,0.6330209084309083,0.9151557093412939
test_265_discont_001,1157,0.47666459240524794,0.8511111110921975,0.3310285220368969,0.8835986159157321
test_265_empty_000,0,0.0,0.0,0.0,0.9737024221439811
test_265_empty_001,0,0.0,0.0,0.0,0.9968166089951601
test_265_empty_003,0,0.0,0.0,0.0,0.9204152249122209
test_265_empty_005,0,0.0,0.0,0.0,0.9997231833896197
test_265_empty_006,0,0.0,0.0,0.0,0.9957093425591755
test_265_empty_009,0,0.0,0.0,0.0,0.9999999999986159
test_265_empty_010,0,0.0,0.0,0.0,0.9972318339086543
test_265_empty_012,0,0.0,0.0,0.0,0.998200692040141
test_265_normal_000,1387,0.9679690249877931,0.9456671251654356,0.9913482335905455,0.9874048442892908
test_265_normal_001,854,0.9018538713146028,0.8438775510117972,0.9683840749301126,0.9750865051889618
test_265_normal_002,900,0.7195121951182952,0.6629213483083997,0.786666666657926,0.9235986159156767
test_265_normal_003,466,0.48996832101114063,0.3249299719865201,0.9957081544850707,0.8662975778534723
test_265_normal_004,1167,0.9296610169452133,0.9195305951305992,0.9400171379525278,0.9770242214519349
test_265_normal_005,931,0.8513513513472426,0.7730061349625504,0.9473684210424558,0.9573702422132078
test_265_normal_006,997,0.9469660773963356,0.9041970802837209,0.9939819458275428,0.9846366781993292
test_265_normal_007,1318,0.9583028529591869,0.9251412429313197,0.9939301972610477,0.984221453285835
test_265_normal_008,953,0.9354166666617948,0.9286452947163532,0.9422875131065866,0.9828373702408543
test_265_normal_009,929,0.8432601880833686,0.8192893400932052,0.8686759956849442,0.9584775086491925
test_265_normal_010,942,0.8174640037119486,0.7266721717528765,0.9341825902236286,0.9456055363308712
test_265_normal_011,732,0.7408163265268326,0.59120521172157,0.9918032786749753,0.9296885813135921
test_265_normal_012,1189,0.955923978969042,0.920560747656382,0.9941126997393263,0.9849134948083254
test_265_normal_013,1345,0.9684668358065659,0.9448373408702629,0.9933085501784885,0.9879584775072832
test_265_normal_014,1411,0.9609017259564604,0.9551820728224427,0.9666902905672099,0.9846366781993292
test_265_normal_015,999,0.8839662447210762,0.9342251950843453,0.8388388388304421,0.9695501730090387
test_266_discont_000,2809,0.6524520255848082,0.9752124645823286,0.49021003915809824,0.796955017299935
test_266_discont_001,1236,0.9139393939357013,0.9128329297747149,0.9150485436819171,0.9705190311405253
test_266_discont_002,1702,0.7075332348570623,0.952286282296697,0.562867215037821,0.890380622836138
test_266_discont_003,1004,0.402122641507063,0.4927745664668674,0.33964143425956533,0.8596539792375645
test_266_discont_004,1309,0.647566718992749,0.6658595641592748,0.6302521008355214,0.8757093425593416
test_266_discont_005,504,0.0,0.0,0.0,0.8660207612444761
test_266_discont_006,1004,0.5123367198801717,0.9438502673544424,0.351593625494506,0.9069896193759073
test_266_discont_007,1466,0.8372456963973504,0.9816513761377831,0.7298772169118017,0.9424221453274153
test_266_empty_000,0,0.0,0.0,0.0,0.9678892733550618
test_266_empty_001,0,0.0,0.0,0.0,0.977162629756433
test_266_empty_002,0,0.0,0.0,0.0,0.9999999999986159
test_266_empty_003,0,0.0,0.0,0.0,0.9937716262962024
test_266_empty_004,0,0.0,0.0,0.0,0.9999999999986159
test_266_empty_005,0,0.0,0.0,0.0,0.9954325259501794
test_266_empty_007,0,0.0,0.0,0.0,0.9979238754311448
test_266_empty_009,0,0.0,0.0,0.0,0.9999999999986159
test_267_discont_000,616,0.6372059871658076,0.567979669624295,0.7256493506375706,0.929550173009094
test_267_empty_002,0,0.0,0.0,0.0,0.9591695501716828
test_267_empty_003,0,0.0,0.0,0.0,0.9777162629744253
test_267_empty_004,0,0.0,0.0,0.0,0.9923875432512216
test_267_empty_005,0,0.0,0.0,0.0,0.9999999999986159
test_267_empty_007,0,0.0,0.0,0.0,0.9602768166076675
test_267_empty_008,0,0.0,0.0,0.0,0.9999999999986159
test_267_empty_009,0,0.0,0.0,0.0,0.9999999999986159
test_267_empty_010,0,0.0,0.0,0.0,0.9999999999986159
test_267_empty_011,0,0.0,0.0,0.0,0.952387543251277
test_267_empty_012,0,0.0,0.0,0.0,0.9737024221439811
test_267_empty_014,0,0.0,0.0,0.0,0.998200692040141
test_267_empty_015,0,0.0,0.0,0.0,0.9797923875418965
test_267_normal_000,598,0.528800755427154,0.36842105262915514,0.936454849482668,0.8618685121095337
test_267_normal_001,900,0.9170679507709093,0.8844169246554756,0.952222222211642,0.9785467128014138
test_267_normal_002,963,0.9242424242377564,0.8997050147404159,0.9501557632300087,0.9792387543239042
test_267_normal_003,993,0.8303217276296593,0.7382445141007975,0.9486404833741325,0.9467128027668558
test_267_normal_004,864,0.8761904761858403,0.8070175438517836,0.9583333333222415,0.9676124567460656
test_267_normal_005,843,0.6778063410425116,0.5305164319213246,0.9383155397278966,0.8959169550160611
test_267_normal_006,910,0.8802852776317867,0.8205128205050285,0.9494505494401159,0.9674740484415675
test_267_normal_007,670,0.6332665330629597,0.476621417794294,0.9432835820754734,0.8986851211060226
test_267_normal_008,994,0.80548414738301,0.7014925373081978,0.9456740442560797,0.9371626297564883
test_267_normal_009,902,0.8840803709382583,0.825794032715825,0.9512195121845762,0.9688581314865483
test_267_normal_010,895,0.9149051490465318,0.8884210526222271,0.9430167597659999,0.9782698961924177
test_267_normal_011,902,0.9550748752026896,0.9556048834522131,0.9545454545348719,0.9887889273342716
test_267_normal_012,933,0.8381311939554595,0.7487352445130798,0.9517684887357796,0.952525951555775
test_267_normal_013,586,0.5711307972872792,0.4111027756908395,0.9351535836017891,0.8860899653966975
test_267_normal_014,758,0.6694915254205768,0.5204978038029247,0.9379947229427705,0.902837370240965
test_267_normal_015,906,0.9110282365428288,0.8805355303719821,0.943708609261107,0.9768858131474368
test_268_discont_000,1076,0.8557295960393416,0.7688888888831935,0.9646840148609231,0.9515570934242885
test_268_discont_001,594,0.745570517358288,0.6438188494413242,0.8855218855069777,0.9503114186838059
test_268_discont_002,1656,0.7658456486017542,0.8394528437664547,0.7041062801889849,0.9013148788914861
test_268_discont_003,1561,0.941137566134454,0.9726589200206928,0.9115951313202333,0.975363321797958
test_268_discont_004,1703,0.945815773627496,0.9703520691725118,0.9224897240110248,0.9750865051889618
test_268_discont_005,1313,0.8101910827991075,0.915547024943229,0.7265803503371929,0.938131487887975
test_268_discont_006,1878,0.8010306326916661,0.8662538699636765,0.7449414270460866,0.9038062283724515
test_268_discont_007,1352,0.8897183576488303,0.8219435736625584,0.9696745562058456,0.9550173010367404
test_268_empty_000,648,0.5237297599077403,0.41032370953271813,0.7237654320875962,0.8819377162617551
test_268_empty_002,0,0.0,0.0,0.0,0.9999999999986159
test_268_empty_003,0,0.0,0.0,0.0,0.9999999999986159
test_268_empty_004,0,0.0,0.0,0.0,0.938269896192473
test_268_empty_005,0,0.0,0.0,0.0,0.9843598615903331
test_268_empty_006,0,0.0,0.0,0.0,0.955986159168227
test_268_empty_008,0,0.0,0.0,0.0,0.9999999999986159
test_268_empty_011,1205,0.758821625118942,0.6220806794022183,0.972614107875746,0.8968858131475476
test_268_empty_012,0,0.0,0.0,0.0,0.9857439446353139
test_268_empty_013,0,0.0,0.0,0.0,0.9999999999986159
test_268_normal_000,1206,0.8428622797524529,0.7441269841222595,0.9718076285159885,0.9395155709329557
test_268_normal_001,835,0.9447415329712138,0.9374999999889446,0.9520958083718312,0.9871280276802946
test_268_normal_002,1233,0.8314524936263872,0.7542932628748066,0.9261962692544511,0.9359169550160057
test_268_normal_003,1154,0.9384164222834587,0.9083536090761691,0.9705372616900301,0.9796539792373984
test_268_normal_004,1199,0.8452337803521376,0.7474358974311063,0.9724770642120728,0.9408996539779365
test_268_normal_005,1192,0.9692946058051067,0.9589490968722583,0.9798657718038603,0.9897577854657581
test_268_normal_006,1172,0.845122859267144,0.7496697490042955,0.9684300341214299,0.9424221453274153
test_268_normal_007,1160,0.9725557461364813,0.9675767918006181,0.9775862068881244,0.9911418685107389
test_268_normal_008,905,0.9071038251316552,0.8972972972875968,0.9171270718130704,0.9764705882339426
test_268_normal_009,1154,0.8888888888853489,0.822402358136902,0.9670710571839942,0.9613840830436521
test_268_normal_010,1179,0.8411284335529283,0.7478547854736116,0.9609838846398561,0.9407612456734384
test_268_normal_011,1371,0.8501672240774242,0.7850525015393142,0.9270605397452439,0.9379930795834769
test_269_discont_000,2061,0.39494833524533124,0.9347826086787177,0.2503639010177081,0.7811764705871541
test_269_discont_001,1323,0.46457990115066133,0.8493975903443896,0.31972789115404593,0.8650519031129895
test_269_discont_002,1063,0.7460545193660472,0.6028985507211426,0.9783631232269204,0.9020069204139765
test_269_discont_003,701,0.6429277942599262,0.49205147615070366,0.9272467902863445,0.9000692041510033
test_269_discont_004,1234,0.8357068426507964,0.7313069908770133,0.9748784440763787,0.9345328719710249
test_269_discont_005,1143,0.9460176991108584,0.9570277529010115,0.9352580927302253,0.9831141868498504
test_269_discont_006,1151,0.9353711790352167,0.9402985074544312,0.9304952215383971,0.9795155709329003
test_269_empty_002,0,0.0,0.0,0.0,0.9994463667806236
test_269_empty_004,0,0.0,0.0,0.0,0.9882352941162793
test_269_empty_006,0,0.0,0.0,0.0,0.9999999999986159
test_269_empty_007,0,0.0,0.0,0.0,0.9139100346008112
test_269_normal_000,1502,0.9700953006869205,0.9578195976576391,0.9826897469974522,0.9874048442892908
test_269_normal_001,1412,0.8997429305883685,0.8235294117598616,0.991501416423573,0.9568166089952155
test_269_normal_002,1331,0.9668528864023581,0.9586410635084296,0.9752066115629211,0.9876816608982869
test_269_normal_003,1536,0.97269514937047,0.9600507292266326,0.9856770833269163,0.9882352941162793
test_269_normal_004,1425,0.9211129296205528,0.8631901840437841,0.9873684210457028,0.966643598614579
test_26_discont_000,735,0.6996904024731698,0.5635910224392054,0.9224489795792864,0.9194463667807343
test_26_discont_001,748,0.8164464023434916,0.9055374592686395,0.743315508011453,0.9653979238740964
test_26_empty_000,0,0.0,0.0,0.0,0.9507266435973001
test_26_empty_002,0,0.0,0.0,0.0,0.9999999999986159
test_26_empty_005,0,0.0,0.0,0.0,0.9226297577841901
test_26_empty_008,0,0.0,0.0,0.0,0.9159861591682824
test_26_empty_011,0,0.0,0.0,0.0,0.9999999999986159
test_26_empty_012,0,0.0,0.0,0.0,0.9999999999986159
test_26_empty_013,0,0.0,0.0,0.0,0.9764705882339426
test_26_empty_014,0,0.0,0.0,0.0,0.9824221453273599
test_26_normal_000,912,0.9021179164229988,0.9437125748389974,0.8640350877098242,0.9763321799294445
test_26_normal_001,290,0.2673267326699588,0.20849420849018352,0.3724137930906064,0.9180622837357536
test_26_normal_002,765,0.8593380614606423,0.7842502696787028,0.9503267973731984,0.9670588235280733
test_26_normal_003,770,0.8320449753982289,0.9065849923291488,0.768831168821184,0.9669204152235752
test_26_normal_004,921,0.8901282766263797,0.9151376146684044,0.8664495113912437,0.9727335640124946
test_26_normal_005,643,0.6536920434994065,0.5172101449228514,0.8880248833454428,0.9162629757772786
test_26_normal_006,886,0.8849557522071685,0.9270704573432995,0.8465011286586174,0.9730103806214907
test_26_normal_007,613,0.6604886267846631,0.682926829256395,0.6394779771510689,0.9442214532858904
test_26_normal_008,840,0.8058035714240748,0.7584033613365714,0.8595238095135771,0.9518339100332847
test_26_normal_009,1081,0.9167437557774434,0.9167437557732032,0.9167437557732032,0.9750865051889618
test_26_normal_010,1059,0.7464114832503419,0.6919354838653877,0.8101983002756356,0.9193079584762363
test_26_normal_011,703,0.8676789587789756,0.8823529411634948,0.8534850639992392,0.9746712802754676
test_26_normal_012,790,0.8542234332366879,0.9247787610483071,0.7936708860659029,0.9703806228360272
test_26_normal_013,459,0.4398881640219955,0.3843648208406455,0.5141612200323712,0.9168166089952708
test_26_normal_014,770,0.800744878952199,0.7669441141407022,0.8376623376514589,0.9555709342547328
test_26_normal_015,819,0.8434210526260302,0.9144079885746874,0.7826617826522263,0.9670588235280733
test_270_discont_000,1437,0.6906779660987683,0.8829902491778657,0.5671537926195744,0.8989619377150188
test_270_discont_001,666,0.629969418953823,0.9809523809212396,0.4639639639569975,0.9497577854658135
test_270_discont_002,1460,0.6302616609759945,0.7060322854655393,0.5691780821878824,0.8650519031129895
test_270_discont_003,1601,0.7221795855689863,0.9363184079508824,0.5877576514641615,0.8997923875420072
test_270_discont_004,1973,0.7900376484193744,0.9216216216153945,0.6913329954349147,0.8996539792375091
test_270_discont_005,671,0.5254054053997254,0.9566929133481616,0.36214605066524375,0.9392387543239595
test_270_discont_006,629,0.7637314734022344,0.845559845543522,0.6963434022146845,0.9624913494796367
test_270_discont_007,1208,0.9593632174237144,0.9711620016881157,0.947847682111359,0.9865743944623023
test_270_empty_001,0,0.0,0.0,0.0,0.9714878892720118
test_270_empty_002,0,0.0,0.0,0.0,0.9999999999986159
test_270_empty_003,0,0.0,0.0,0.0,0.9999999999986159
test_270_empty_004,0,0.0,0.0,0.0,0.9999999999986159
test_270_empty_005,0,0.0,0.0,0.0,0.9691349480955445
test_270_empty_006,0,0.0,0.0,0.0,0.9890657439432677
test_270_empty_007,0,0.0,0.0,0.0,0.9656747404830925
test_270_empty_010,0,0.0,0.0,0.0,0.9999999999986159
test_270_normal_000,1440,0.964385474856968,0.9698033707797065,0.9590277777711179,0.985882352939812
test_270_normal_001,879,0.7749999999964121,0.6533957845382249,0.9522184300232968,0.9327335640125498
test_270_normal_002,1408,0.9551414768773114,0.9288590603964507,0.9829545454475643,0.9820069204138657
test_270_normal_003,687,0.6615384615350691,0.5106888361004697,0.9388646288072945,0.9086505190298843
test_270_normal_004,1429,0.9573524394371977,0.9340878828166839,0.9818054583556207,0.9826989619363561
test_270_normal_005,1503,0.9505678022680342,0.9543930248091591,0.9467731204195159,0.9795155709329003
test_270_normal_006,670,0.7507436049925595,0.6241345202707801,0.9417910447620628,0.9420069204139211
test_270_normal_007,1348,0.9522441651671374,0.9227557411209273,0.9836795252152547,0.9815916955003715
test_270_normal_008,1542,0.9662921348283586,0.9567705022189653,0.9760051880611155,0.9854671280263178
test_270_normal_009,1698,0.9584552369778864,0.9523255813898122,0.9646643109483825,0.9803460207598889
test_270_normal_010,1162,0.8651817116027152,0.7924123120916793,0.9526678141053988,0.9522491349467789
test_270_normal_011,2012,0.9656899574230762,0.9732458354317353,0.95825049701313,0.9810380622823792
test_270_normal_012,689,0.7254464285673804,0.5893019038931161,0.9433962264014021,0.9319031141855614
test_271_discont_000,833,0.7771712158770364,0.6624365482177459,0.9399759903848742,0.9378546712789788
test_271_discont_001,615,0.6931608133022814,0.802997858655182,0.6097560975510609,0.9540484429052539
test_271_discont_002,861,0.7251184834088857,0.612489991988691,0.8885017421499594,0.9197231833897305
test_271_discont_003,1232,0.8719467061403703,0.8013605442122357,0.9561688311610701,0.9521107266422808
test_271_discont_004,1161,0.8414186710116535,0.7987616099009385,0.8888888888812327,0.9461591695488635
test_271_discont_005,1188,0.8208722741401057,0.7637681159364945,0.8872053871979192,0.9363321799294999
test_271_empty_000,0,0.0,0.0,0.0,0.9999999999986159
test_271_empty_004,0,0.0,0.0,0.0,0.9804844290643869
test_271_empty_006,0,0.0,0.0,0.0,0.9999999999986159
test_271_empty_008,0,0.0,0.0,0.0,0.9950173010366851
test_271_empty_009,0,0.0,0.0,0.0,0.994878892732187
test_271_normal_000,1209,0.9625976161078398,0.9566993463974127,0.9685690653352477,0.9874048442892908
test_271_normal_001,1179,0.9369149369111237,0.9006259780837197,0.9762510602122456,0.9785467128014138
test_271_normal_002,1247,0.8948580199505186,0.8579838116198825,0.9350441058465514,0.9620761245661424
test_271_normal_003,1187,0.9216152018965891,0.8693054518232315,0.9806234203792703,0.9725951557079964
test_271_normal_004,1585,0.9521765787831019,0.9260584376808226,0.9798107255458688,0.9784083044969157
test_271_normal_005,1160,0.8709428129796332,0.7892156862689832,0.9715517241295557,0.9537716262962578
test_271_normal_006,1193,0.8944881889728564,0.8433556050419945,0.952221290855388,0.962906574393131
test_271_normal_007,1728,0.9644495412816386,0.9556818181763882,0.9733796296239967,0.9828373702408543
test_271_normal_008,1313,0.9599999999964113,0.9427312775261181,0.9779131759255301,0.9851903114173215
test_271_normal_009,1104,0.8369518944195958,0.7895582329253852,0.8903985507165726,0.9469896193758519
test_271_normal_010,1193,0.8771929824527949,0.8047585724226399,0.9639564123976199,0.9554325259502348
test_271_normal_011,1173,0.9478044738983107,0.9218372280344735,0.9752770673403643,0.982560553631858
test_271_normal_012,1450,0.932977659216629,0.9031633311755768,0.9648275862002427,0.9721799307945022
test_271_normal_013,1450,0.9613793103415125,0.9613793103381975,0.9613793103381975,0.9844982698948311
test_271_normal_014,1571,0.9562226391464784,0.9397664412972356,0.9732654360218125,0.980622837368885
test_271_normal_015,1148,0.8982511923652693,0.8260233918068274,0.9843205574827151,0.9645674740471079
test_272_discont_000,799,0.6581722319830485,0.5071090047359031,0.9374217772097945,0.892318339099111
test_272_discont_001,476,0.2720848056489031,0.8555555554604939,0.16176470587895453,0.9429757785454077
test_272_discont_002,846,0.78906714200363,0.7933094384612508,0.7848699763500606,0.9508650519017982
test_272_discont_003,420,0.5107084019685221,0.8288770053032686,0.3690476190388322,0.9588927335626867
test_272_discont_004,594,0.8222222222151948,0.8350694444299467,0.8097643097506774,0.9712110726630157
test_272_discont_005,752,0.683720930227258,0.8197026022152472,0.5864361702049676,0.9435294117634
test_272_empty_001,0,0.0,0.0,0.0,0.9999999999986159
test_272_empty_002,0,0.0,0.0,0.0,0.90103806228249
test_272_empty_004,0,0.0,0.0,0.0,0.9557093425592309
test_272_empty_006,0,0.0,0.0,0.0,0.9537716262962578
test_272_empty_007,0,0.0,0.0,0.0,0.9516955017287866
test_272_empty_008,0,0.0,0.0,0.0,0.9649826989606021
test_272_empty_009,0,0.0,0.0,0.0,0.9999999999986159
test_272_empty_011,0,0.0,0.0,0.0,0.9373010380609864
test_272_empty_012,0,0.0,0.0,0.0,0.8592387543240703
test_273_discont_000,1951,0.5468299711795863,0.9199999999888485,0.389031266015433,0.8258823529400334
test_273_discont_001,2987,0.5077058564497849,0.7414790996736883,0.38600602611186474,0.6905190311409127
test_273_discont_002,1825,0.9520492901126385,0.9313417190726869,0.973698630131651,0.9752249134934599
test_273_discont_003,1179,0.44175930400946467,0.5134831460616462,0.387616624254558,0.8401384083033354
test_273_discont_004,1032,0.6823692414247233,0.5309973045793478,0.9544573643318367,0.8730795847738781
test_273_discont_005,1644,0.6683505935825503,0.5714902807750691,0.8047445255425503,0.8182698961926391
test_273_discont_006,1547,0.8494720965283575,0.7963800904932332,0.910148674848674,0.9309342560540749
test_273_discont_007,2197,0.8955152671734363,0.9408521303210985,0.8543468365914686,0.9393771626284576
test_273_empty_001,0,0.0,0.0,0.0,0.9999999999986159
test_273_empty_004,0,0.0,0.0,0.0,0.9915570934242331
test_273_empty_005,0,0.0,0.0,0.0,0.9999999999986159
test_273_empty_006,0,0.0,0.0,0.0,0.977162629756433
test_273_empty_007,0,0.0,0.0,0.0,0.9738408304484791
test_274_discont_000,327,0.5502846299705828,0.72499999996375,0.443425076439039,0.9671972318325713
test_274_discont_001,934,0.7420118343151361,0.829365079354109,0.6713062098429197,0.9396539792374538
test_274_discont_002,1294,0.8164128595566142,0.9018691588700761,0.7457496135954734,0.9399307958464499
test_274_discont_003,1145,0.7250755286972554,0.8561236622965978,0.6288209606931981,0.9244290657426651
test_274_empty_000,0,0.0,0.0,0.0,0.9808996539778811
test_274_empty_003,0,0.0,0.0,0.0,0.9999999999986159
test_274_empty_004,0,0.0,0.0,0.0,0.9943252595141947
test_274_empty_005,0,0.0,0.0,0.0,0.9999999999986159
test_274_empty_006,0,0.0,0.0,0.0,0.9999999999986159
test_274_empty_007,0,0.0,0.0,0.0,0.9999999999986159
test_274_empty_008,0,0.0,0.0,0.0,0.9864359861578043
test_274_empty_009,0,0.0,0.0,0.0,0.9999999999986159
test_274_empty_011,0,0.0,0.0,0.0,0.9999999999986159
test_274_empty_012,0,0.0,0.0,0.0,0.9999999999986159
test_274_empty_013,0,0.0,0.0,0.0,0.9999999999986159
test_274_empty_014,0,0.0,0.0,0.0,0.9871280276802946
test_274_empty_016,0,0.0,0.0,0.0,0.9999999999986159
test_274_normal_000,1242,0.8949532710246918,0.8353105373284347,0.9637681159342693,0.9611072664346559
test_274_normal_001,1311,0.95993836671433,0.969649805439925,0.9504195270713165,0.9856055363308158
test_274_normal_002,1244,0.9659224441795303,0.941940412521452,0.9911575562621291,0.9879584775072832
test_274_normal_003,1178,0.9310645724217668,0.9578096947849389,0.9057724957478288,0.9781314878879196
test_274_normal_004,1629,0.9664753850771173,0.951248513668542,0.9821976672745109,0.9846366781993292
test_274_normal_005,1140,0.9161118508614465,0.9272237196682191,0.905263157886796,0.9738408304484791
test_274_normal_006,1094,0.9180952380908662,0.9582504970083673,0.8811700182734812,0.9761937716249465
test_274_normal_007,1381,0.9638381668422348,0.9532577903615209,0.974656046336172,0.98602076124431
test_274_normal_008,1546,0.966997757126027,0.958095238089155,0.9760672703688483,0.9857439446353139
test_274_normal_009,1573,0.9273877673970251,0.8814432989640238,0.978385251106304,0.966643598614579
test_274_normal_010,1167,0.9446623093640756,0.9609929077928991,0.9288774635738744,0.9824221453273599
test_274_normal_011,1181,0.9454995871141805,0.922643029807231,0.9695173581628322,0.9817301038048696
test_274_normal_012,756,0.6938971648212692,0.5449056603732461,0.9550264550138224,0.91183391003334
test_274_normal_013,1105,0.9163879598618424,0.9706477732695279,0.8678733031595668,0.9757785467114523
test_274_normal_014,1172,0.9479034307456675,0.9411269974689561,0.9547781569884406,0.9829757785453523
test_274_normal_015,1327,0.9702380952344858,0.9581190301178684,0.9826676714319318,0.9889273356387697
test_275_discont_000,567,0.7560087399799271,0.6439205955255096,0.9153439153277717,0.9536332179917597
test_275_discont_001,381,0.1366120218560572,0.14245014244608403,0.1312335957970805,0.9125259515558304
test_275_discont_002,1167,0.7768261964696382,0.942542787274541,0.6606683804570638,0.9386851211059672
test_275_discont_003,949,0.8741514360267669,0.866459627320223,0.8819810326566704,0.966643598614579
test_275_discont_004,1286,0.927330173772009,0.9422150882749422,0.912908242605654,0.9745328719709695
test_275_discont_005,884,0.7645125958337102,0.7409766454273782,0.7895927601720634,0.9404844290644423
test_275_discont_006,833,0.8445229681929063,0.8289017340944635,0.8607442977087546,0.9634602076111233
test_275_empty_000,0,0.0,0.0,0.0,0.9813148788913754
test_275_empty_002,0,0.0,0.0,0.0,0.9447750865038826
test_275_empty_003,0,0.0,0.0,0.0,0.9944636678186928
test_275_empty_004,0,0.0,0.0,0.0,0.8925951557081071
test_275_empty_006,0,0.0,0.0,0.0,0.9999999999986159
test_275_empty_007,0,0.0,0.0,0.0,0.9897577854657581
test_275_empty_008,0,0.0,0.0,0.0,0.9951557093411831
test_275_empty_012,0,0.0,0.0,0.0,0.9727335640124946
test_275_empty_013,0,0.0,0.0,0.0,0.9808996539778811
test_275_empty_014,0,0.0,0.0,0.0,0.9386851211059672
test_275_normal_000,1003,0.8885881822242283,0.8113673805534485,0.9820538384747551,0.9658131487875906
test_275_normal_001,1188,0.9281437125708806,0.9434782608613611,0.9132996632919756,0.9767474048429388
test_275_normal_002,1116,0.9098497495788403,0.8515624999933472,0.9767025089518218,0.970103806227031
test_275_normal_003,1018,0.9327188940049184,0.8784722222145966,0.9941060903635156,0.9797923875418965
test_275_normal_004,986,0.9480392156816273,0.9174573054941418,0.9807302231137857,0.9853287197218197
test_275_normal_005,1040,0.9420884632879978,0.8959236773556295,0.9932692307596802,0.9824221453273599
test_275_normal_006,1071,0.9047408063761421,0.8608768971259624,0.9533146591881111,0.9702422145315291
test_275_normal_007,987,0.9621513944175192,0.9461312438692837,0.978723404245403,0.989480968856762
test_275_normal_008,976,0.9623217922557927,0.9564777327838413,0.9682377049081123,0.9897577854657581
test_275_normal_009,1016,0.8918387413918789,0.8909626718969453,0.8927165354242843,0.9695501730090387
test_275_normal_010,955,0.9254901960738947,0.8700460829412899,0.9884816753823196,0.978961937714908
test_275_normal_011,988,0.9469069654118515,0.9126760563294586,0.9838056680062368,0.9849134948083254
test_275_normal_012,1115,0.9300168634024873,0.8774860779564242,0.989237668152563,0.9770242214519349
test_275_normal_013,1088,0.8812577575470366,0.8013544017998394,0.9788602941086503,0.9602768166076675
test_275_normal_014,979,0.9577039274876249,0.9443892750651004,0.9713993871198018,0.9883737024207774
test_275_normal_015,984,0.9616724738628091,0.9424390243810494,0.981707317063194,0.9893425605522639
test_276_discont_000,513,0.34482758620149173,0.8799999999296001,0.2144249512628767,0.9421453287184192
test_276_discont_001,1066,0.7268623024797884,0.7006092254073054,0.7551594746645858,0.9162629757772786
test_276_discont_002,825,0.10478359908764483,0.8679245281381275,0.05575757575689991,0.8912110726631264
test_276_discont_003,353,0.08289374528950344,0.056468172484019835,0.15580736543467968,0.8315570934244546
test_276_discont_004,846,0.5972899728964917,0.5515515515460305,0.6513002363989208,0.8971626297565437
test_276_empty_002,0,0.0,0.0,0.0,0.9999999999986159
test_276_empty_003,0,0.0,0.0,0.0,0.9999999999986159
test_276_empty_004,0,0.0,0.0,0.0,0.9319031141855614
test_276_empty_005,0,0.0,0.0,0.0,0.9999999999986159
test_276_empty_006,0,0.0,0.0,0.0,0.9999999999986159
test_276_empty_007,0,0.0,0.0,0.0,0.9999999999986159
test_276_empty_009,0,0.0,0.0,0.0,0.9622145328706405
test_276_empty_010,0,0.0,0.0,0.0,0.9999999999986159
test_276_empty_011,0,0.0,0.0,0.0,0.9999999999986159
test_276_empty_012,0,0.0,0.0,0.0,0.9999999999986159
test_276_empty_013,1097,0.6999255398335819,0.5915670232813621,0.8568824065555436,0.8884429065731648
test_276_empty_016,0,0.0,0.0,0.0,0.9999999999986159
test_276_normal_000,683,0.5064478311820773,0.34541577824975794,0.9487554904692715,0.825190311417543
test_276_normal_001,673,0.7231160033808374,0.840551181085816,0.6344725111347033,0.9547404844277443
test_276_normal_002,788,0.8498023715359039,0.8835616438235129,0.8185279187713385,0.9684429065730541
test_276_normal_003,1253,0.796347031959834,0.9306296691469517,0.6959297685499128,0.938269896192473
test_276_normal_004,979,0.8742945100006451,0.8783505154548623,0.8702757916152168,0.9660899653965868
test_276_normal_005,596,0.8551360842769523,0.8968692449190263,0.8171140939460215,0.977162629756433
test_276_normal_006,1057,0.6557568673252148,0.8577981651244985,0.530747398292046,0.9184775086492478
test_276_normal_007,1058,0.8165322580604006,0.8747300215888258,0.76559546313076,0.9496193771613154
test_276_normal_008,890,0.8758620689604836,0.8964705882247473,0.8561797752712789,0.970103806227031
test_276_normal_009,836,0.5897047691120754,0.4313399778492174,0.9318181818070357,0.849965397922699
test_276_normal_010,701,0.8164852254990943,0.8974358974205566,0.7489300998466629,0.9673356401370694
test_276_normal_011,550,0.845261121848692,0.9028925619648163,0.7945454545310082,0.9778546712789234
test_276_normal_012,1219,0.7473065621902679,0.9270959902682006,0.6259228876076627,0.9285813148776075
test_276_normal_013,903,0.68509777477623,0.8758620689504162,0.5625692137257744,0.9353633217980134
test_276_normal_014,940,0.8778378378330928,0.8923076922978868,0.8638297872248528,0.9687197231820502
test_277_discont_000,1434,0.5177560473467949,0.9882121807271471,0.35076708507426246,0.8703114186839165
test_277_discont_001,1775,0.8038990825665026,0.8184471687050879,0.7898591549251276,0.9053287197219304
test_277_discont_002,762,0.3557105492558352,0.529870129856367,0.26771653542955753,0.897716262974536
test_277_discont_003,1294,0.7748739110464242,0.9526493799216161,0.6530139103504404,0.9320415224900594
test_277_discont_004,898,0.6552494415438924,0.9887640449216007,0.4899777282796216,0.9359169550160057
test_277_discont_005,1075,0.6128287955670844,0.6080586080530398,0.6176744185989054,0.8838754325247282
test_277_discont_006,1266,0.6307857911699097,0.9898648648481442,0.4628751974686977,0.9050519031129342
test_277_discont_007,1909,0.7272135416642994,0.9604471195102284,0.5851231010969873,0.8840138408292263
test_277_empty_000,0,0.0,0.0,0.0,0.9764705882339426
test_277_empty_002,0,0.0,0.0,0.0,0.9240138408291709
test_277_empty_004,0,0.0,0.0,0.0,0.9944636678186928
test_277_empty_005,0,0.0,0.0,0.0,0.9235986159156767
test_277_empty_008,0,0.0,0.0,0.0,0.9159861591682824
test_277_empty_011,0,0.0,0.0,0.0,0.9231833910021825
test_277_normal_000,1217,0.952534191468413,0.9330181245001339,0.9728841413231482,0.9836678200678427
test_277_normal_001,2050,0.8435083977583484,0.930041152257907,0.7717073170694063,0.918754325258244
test_277_normal_002,1206,0.8937977909902558,0.9163763066122268,0.8723051409546244,0.9653979238740964
test_277_normal_003,1727,0.9247878255752859,0.9349112425980184,0.9148812970416047,0.9644290657426098
test_277_normal_004,1508,0.8936708860731213,0.85472154963163,0.93633952254021,0.9534948096872616
test_277_normal_005,1180,0.9418935392078753,0.9047619047548419,0.9822033898221848,0.9802076124553907
test_277_normal_006,1206,0.9262807163643221,0.9305439330466064,0.9220563847353064,0.9755017301024561
test_277_normal_007,2180,0.9034449296436112,0.9588053552988733,0.8541284403630545,0.9449134948083807
test_277_normal_008,1728,0.7418590882156842,0.7593939393893371,0.7251157407365445,0.8793079584762916
test_277_normal_009,1392,0.9437321937288329,0.9357344632702279,0.951867816085116,0.9781314878879196
test_277_normal_010,1112,0.9438687392014514,0.9078073089625598,0.9829136690559092,0.9820069204138657
test_277_normal_011,1176,0.9421754953459678,0.898226676939875,0.9906462584949776,0.9802076124553907
test_277_normal_012,1951,0.9255850644203902,0.9503239740769421,0.9021014864125982,0.9608304498256598
test_277_normal_013,1619,0.8995802389380059,0.9424898511438262,0.8604076590434812,0.9569550172997136
test_277_normal_014,1197,0.9607843137215655,0.9400479616231812,0.9824561403426696,0.9867128027668004
test_277_normal_015,2170,0.8467908902669596,0.9657615112103557,0.75391705068777,0.9180622837357536
test_278_discont_000,1741,0.31700288184285785,0.9677419354554914,0.18954623779328234,0.8031833910023486
test_278_discont_001,867,0.21319796954098277,0.889830508399167,0.1211072664345893,0.8927335640126052
test_278_discont_002,1664,0.582843713276213,0.8368953880670765,0.4471153846126977,0.8525951557081625
test_278_discont_003,1276,0.6799862211481916,0.6066379840159396,0.7735109717807719,0.8714186851199012
test_278_discont_004,820,0.8299510146897835,0.9737274219872951,0.7231707316984979,0.9663667820055829
test_278_discont_005,1744,0.6724449259636243,0.9082926829179679,0.5338302752262969,0.8744636678188589
test_278_discont_006,1404,0.7900952380922283,0.8493038492968936,0.738603988598728,0.9237370242201748
test_278_discont_007,1046,0.8992015968019003,0.9405010438315188,0.8613766730319181,0.9720415224900041
test_278_empty_003,0,0.0,0.0,0.0,0.9999999999986159
test_278_empty_006,0,0.0,0.0,0.0,0.992941176469214
test_278_empty_009,0,0.0,0.0,0.0,0.9999999999986159
test_278_normal_000,805,0.6660823838708761,0.5145565335103958,0.9440993788702596,0.8945328719710802
test_278_normal_001,1458,0.6486956521710927,0.8859857482080049,0.5116598079525949,0.8881660899641687
test_278_normal_002,983,0.9268030139885534,0.9839999999887543,0.8758901322393093,0.9811764705868773
test_278_normal_003,1320,0.789344262291847,0.8598214285637517,0.7295454545399277,0.9288581314866037
test_278_normal_004,1799,0.8050156739786677,0.9230769230702871,0.713729849912653,0.9139100346008112
test_278_normal_005,1555,0.5127491886856155,0.9186046511475314,0.3556270096440153,0.8545328719711356
test_278_normal_006,1053,0.8716944172337332,0.8998988877563205,0.8452041785294854,0.9637370242201194
test_278_normal_007,1606,0.8369230769202157,0.9279757391893255,0.7621419676166742,0.9339792387530326
test_278_normal_008,953,0.943062465445312,0.9964953270911624,0.8950682056569248,0.9857439446353139
test_278_normal_009,1433,0.676345004266967,0.8712871287032862,0.5526866713150546,0.8950865051890725
test_278_normal_010,1604,0.8682991396397476,0.925246826509695,0.8179551122143519,0.9449134948083807
test_278_normal_011,1486,0.680886658299118,0.899447513802216,0.5477792732130029,0.8943944636665822
test_278_normal_012,1062,0.8575581395307289,0.883233532925317,0.8333333333254865,0.9593079584761809
test_278_normal_013,1015,0.8915167095069846,0.9322580645061047,0.854187192109811,0.9707958477495214
test_279_discont_000,1672,0.5643812709006506,0.9374999999869792,0.4037081339688774,0.8557785467116183
test_279_discont_001,1556,0.8964310706756599,0.983870967734379,0.8232647814857117,0.9590311418671847
test_279_discont_002,1050,0.15074496055959033,0.9450549449510929,0.08190476190398187,0.8658823529399781
test_279_discont_003,1571,0.9036565977713715,0.9027954256613546,0.9045194143799841,0.9580622837356982
test_279_discont_004,394,0.29896907216109575,0.3036649214580192,0.29441624364734986,0.9247058823516613
test_279_discont_005,585,0.7127555988246081,0.8280542986237996,0.6256410256303309,0.9591695501716828
test_279_discont_006,1892,0.8945416004215831,0.8969181721525138,0.892177589847293,0.9449134948083807
test_279_discont_007,1249,0.9000404694419262,0.9099836333804421,0.8903122497927117,0.9658131487875906
test_279_empty_001,0,0.0,0.0,0.0,0.9994463667806236
test_279_empty_002,0,0.0,0.0,0.0,0.9999999999986159
test_279_empty_003,0,0.0,0.0,0.0,0.9653979238740964
test_279_empty_004,0,0.0,0.0,0.0,0.8607612456735492
test_279_empty_005,0,0.0,0.0,0.0,0.9667820069190771
test_279_empty_006,0,0.0,0.0,0.0,0.970103806227031
test_279_empty_007,0,0.0,0.0,0.0,0.9727335640124946
test_279_empty_008,0,0.0,0.0,0.0,0.9750865051889618
test_279_empty_009,0,0.0,0.0,0.0,0.8437370242202855
test_279_normal_000,1576,0.9012422360220459,0.8826034063206655,0.9206852791819754,0.955986159168227
test_279_normal_001,1272,0.9175097276228891,0.908320493059258,0.9268867924455434,0.9706574394450234
test_279_normal_002,824,0.836722119526576,0.8498122653210286,0.8240291262035919,0.9633217993066252
test_279_normal_003,1167,0.893235533818691,0.8515928515862348,0.9391602399234006,0.9637370242201194
test_279_normal_004,1800,0.8639858072121113,0.9235145385529487,0.8116666666621575,0.9363321799294999
test_279_normal_005,1108,0.8946178199869081,0.8966455122312181,0.8925992779702835,0.9677508650505637
test_279_normal_006,1419,0.9211788896472887,0.896597731815233,0.9471458773717608,0.968166089964058
test_279_normal_007,1275,0.8962906888686741,0.8661302121370438,0.9286274509731088,0.9620761245661424
test_279_normal_008,1442,0.8970940170909502,0.8846931894748167,0.9098474341129692,0.9583391003446944
test_279_normal_009,1217,0.882667764508511,0.8844884488375868,0.8808545603871747,0.9605536332166636
test_279_normal_010,1938,0.882526090444521,0.9166203446308138,0.8508771929780657,0.9392387543239595
test_279_normal_011,1400,0.8937652385897118,0.8721957851742204,0.9164285714220256,0.9577854671267021
test_279_normal_012,1817,0.8974218321423548,0.8944778567474332,0.900385250407813,0.9482352941163347
test_279_normal_013,1635,0.9041769041741272,0.9080814312096973,0.9003058103920472,0.9568166089952155
test_279_normal_014,1929,0.906478578890004,0.9136387572358419,0.899429756345778,0.9504498269883039
test_279_normal_015,1484,0.7869362363894652,0.7307914500246633,0.8524258760050376,0.9051903114174322
test_27_discont_000,1261,0.7869463869427182,0.9547511312109191,0.6693100713666194,0.9367474048429941
test_27_discont_001,513,0.3308931185895916,0.6647058823138408,0.22027290447913697,0.9367474048429941
test_27_discont_002,903,0.7458064516096955,0.6097046413459234,0.9601328903548157,0.9182006920402517
test_27_discont_003,746,0.5049701789214217,0.976923076885503,0.34048257372197743,0.9310726643585729
test_27_discont_004,968,0.9113149847048353,0.8993963782605694,0.9235537189987236,0.9759169550159503
test_27_empty_000,0,0.0,0.0,0.0,0.9551557093412385
test_27_empty_002,0,0.0,0.0,0.0,0.9944636678186928
test_27_empty_003,0,0.0,0.0,0.0,0.9497577854658135
test_27_empty_004,0,0.0,0.0,0.0,0.9226297577841901
test_27_empty_005,0,0.0,0.0,0.0,0.9551557093412385
test_27_empty_008,0,0.0,0.0,0.0,0.9194463667807343
test_27_empty_012,0,0.0,0.0,0.0,0.918892733562742
test_27_empty_013,0,0.0,0.0,0.0,0.9573702422132078
test_27_normal_000,971,0.9119754350004505,0.9064089521779612,0.9176107105981708,0.9761937716249465
test_27_normal_001,1440,0.8323115759075648,0.8657164291007824,0.8013888888833237,0.9356401384070095
test_27_normal_002,1029,0.9452736318360933,0.9683995922429317,0.9232264334215431,0.9847750865038273
test_27_normal_003,852,0.8749317312895962,0.8181818181734608,0.940140845059388,0.968304498268556
test_27_normal_004,1146,0.9026169026130304,0.8877637130726772,0.9179755671822167,0.9685813148775522
test_27_normal_005,967,0.9159978598131836,0.9490022172843792,0.8852119958543412,0.9782698961924177
test_27_normal_006,1490,0.863901268423504,0.8829712683890473,0.8456375838869421,0.9450519031128788
test_27_normal_007,1440,0.8764705882324298,0.8277777777726681,0.9312499999935331,0.9476816608983423
test_27_normal_008,1118,0.8029533917821737,0.8293612964649252,0.7781753130520737,0.9408996539779365
test_27_normal_009,1121,0.8926261319495791,0.8639398998258436,0.9232827832210234,0.9655363321785945
test_27_normal_010,956,0.9086242299748017,0.8921370967652003,0.9257322175635384,0.975363321797958
test_27_normal_011,1026,0.9345417925431292,0.9666666666565972,0.9044834307904047,0.9820069204138657
test_27_normal_012,968,0.9427821522260222,0.9583778014839021,0.9276859504036395,0.9849134948083254
test_27_normal_013,1010,0.9355337802942985,0.9763186221638717,0.8980198019713067,0.9826989619363561
test_27_normal_014,1451,0.8568541596468278,0.8379446640261006,0.876636802199334,0.9411764705869327
test_27_normal_015,1418,0.8313043478231955,0.8201784488619068,0.8427362482310103,0.932871972317048
test_280_discont_000,1293,0.5524324324294464,0.9174147217070482,0.3952049497262552,0.8853979238742071
test_280_discont_001,846,0.7887029288661679,0.7073170731640965,0.8912529550722074,0.9440830449813923
test_280_discont_002,472,0.6909547738606664,0.8487654320725689,0.582627118631724,0.9659515570920887
test_280_discont_003,1550,0.8976564817534926,0.8308621636417856,0.976129032251767,0.9522491349467789
test_280_discont_004,1039,0.8802816901364171,0.9220231822874392,0.8421559191449264,0.9670588235280733
test_280_discont_005,1139,0.8841732979624927,0.8904719501256415,0.8779631255410189,0.9637370242201194
test_280_discont_006,935,0.8510863804936349,0.8434873949491231,0.8588235294025794,0.9611072664346559
test_280_discont_007,1218,0.7574115396851852,0.6190724335559195,0.9753694581200709,0.8946712802755783
test_280_empty_001,0,0.0,0.0,0.0,0.9999999999986159
test_280_empty_002,0,0.0,0.0,0.0,0.9999999999986159
test_280_empty_003,0,0.0,0.0,0.0,0.9314878892720672
test_280_empty_004,0,0.0,0.0,0.0,0.9999999999986159
test_280_empty_005,0,0.0,0.0,0.0,0.9998615916941178
test_280_empty_006,0,0.0,0.0,0.0,0.9791003460194061
test_280_empty_007,0,0.0,0.0,0.0,0.9999999999986159
test_280_empty_008,0,0.0,0.0,0.0,0.9670588235280733
test_280_empty_009,0,0.0,0.0,0.0,0.9760553633204484
test_280_normal_000,1286,0.7425007424985373,0.6006727534810156,0.9720062208322551,0.879999999998782
test_280_normal_001,883,0.782380702670255,0.7285156249928857,0.8448471121082124,0.9425605536319134
test_280_normal_002,881,0.8870490833773682,0.9259259259144947,0.8513053348371021,0.973564013839483
test_280_normal_003,1131,0.9123595505576974,0.9277879341779911,0.8974358974279626,0.9730103806214907
test_280_normal_004,972,0.659515570931974,0.4968717413946983,0.9804526748870324,0.8638062283725069
test_280_normal_005,1425,0.8903846153817616,0.819469026543838,0.9747368420984229,0.9526643598602731
test_280_normal_006,1078,0.845006778125418,0.8237885462482486,0.8673469387674644,0.952525951555775
test_280_normal_007,1143,0.7100705580477548,0.5605063291110861,0.9685039369994007,0.8748788927323531
test_280_normal_008,878,0.6588602654150708,0.5011876484530808,0.9612756264127418,0.8790311418672955
test_280_normal_009,1492,0.8262991673820663,0.7227523857321811,0.9644772117897824,0.9162629757772786
test_280_normal_010,1208,0.9032510771605827,0.8572490706255967,0.9544701986675955,0.9658131487875906
test_280_normal_011,959,0.8093749999957845,0.8085327783474658,0.8102189780937412,0.9493425605523192
test_280_normal_012,1082,0.9022770398439172,0.9269005847862876,0.8789279112672927,0.9714878892720118
test_280_normal_013,953,0.8439716312013984,0.8158667972495998,0.8740818467904083,0.9573702422132078
test_280_normal_014,1190,0.7327232565454947,0.5866599292542362,0.9756302520926419,0.8827681660887435
test_280_normal_015,878,0.7419928825589769,0.6087591240831478,0.9498861047727803,0.9197231833897305
test_281_discont_000,1019,0.6861451460853623,0.66001813236029,0.7144259077456877,0.9078200692028958
test_281_discont_001,897,0.6984993178669953,0.899824253059757,0.5707915273069031,0.9388235294104653
test_281_discont_002,652,0.6435045317171941,0.6339285714191379,0.6533742331188133,0.9346712802755229
test_281_discont_003,586,0.370132190066559,0.234071396293565,0.883959044353516,0.7559861591685039
test_281_discont_004,946,0.6967577876624491,0.874003189778724,0.5792811839262232,0.9339792387530326
test_281_discont_005,1141,0.9085898024763042,0.9546332046239902,0.8667835232176444,0.9724567474034983
test_281_discont_006,1418,0.6871578947339488,0.8526645767935981,0.5754583920974933,0.8971626297565437
test_281_discont_007,1248,0.8611723226052835,0.9569049950934682,0.7828525640962913,0.9564013840817213
test_281_empty_001,0,0.0,0.0,0.0,0.8730795847738781
test_281_empty_002,0,0.0,0.0,0.0,0.9443598615903884
test_281_empty_003,0,0.0,0.0,0.0,0.9999999999986159
test_281_empty_005,0,0.0,0.0,0.0,0.8161937716251679
test_281_empty_009,0,0.0,0.0,0.0,0.9998615916941178
test_282_discont_000,850,0.6651718983507835,0.9118852458829532,0.5235294117585467,0.9379930795834769
test_282_discont_001,1555,0.7629744384168746,0.9591041869429494,0.6334405144653799,0.915294117645792
test_282_discont_002,863,0.571745562128063,0.4198804997261278,0.895712630348833,0.8397231833898412
test_282_discont_003,1663,0.9120441311648421,0.9299999999941876,0.8947684906741145,0.9602768166076675
test_282_empty_001,0,0.0,0.0,0.0,0.8714186851199012
test_282_empty_002,0,0.0,0.0,0.0,0.9808996539778811
test_282_empty_004,0,0.0,0.0,0.0,0.9313494809675691
test_282_empty_006,0,0.0,0.0,0.0,0.7813148788916522
test_282_empty_007,0,0.0,0.0,0.0,0.9014532871959842
test_282_empty_008,0,0.0,0.0,0.0,0.9926643598602177
test_282_normal_000,1160,0.7874905802532499,0.6994645247610478,0.9008620689577512,0.9219377162616997
test_282_normal_001,1793,0.9258539294614667,0.9220132743311836,0.9297267149976034,0.9630449826976291
test_282_normal_002,1574,0.867961804409391,0.9008885850929537,0.8373570520912493,0.9444982698948865
test_282_normal_003,1815,0.8822234452369779,0.8812534359489761,0.8831955922816354,0.9407612456734384
test_282_normal_004,1244,0.9226625625204977,0.8848708487019568,0.9638263665517378,0.9721799307945022
test_282_normal_005,1937,0.9190871369270771,0.9233976029133747,0.914816726892541,0.9568166089952155
test_282_normal_006,1734,0.9026497695826536,0.9016110471754799,0.9036908881147423,0.9532179930782655
test_282_normal_007,1787,0.9016892827446644,0.8925438596442296,0.9110240626697761,0.9508650519017982
test_282_normal_008,1731,0.8613309879775394,0.8744047618995572,0.8486424032302217,0.9345328719710249
test_282_normal_009,1392,0.8779443254786655,0.8723404255257281,0.8836206896488247,0.9526643598602731
test_282_normal_010,1186,0.87111448066387,0.791322314044137,0.9688026981368567,0.9529411764692693
test_282_normal_011,1861,0.8891286754764254,0.8927410617503102,0.8855454056911041,0.9431141868499058
test_282_normal_012,1745,0.8924255820781243,0.918689320382775,0.867621776499326,0.9494809688568173
test_282_normal_013,1925,0.9227969846609754,0.9235171696101795,0.9220779220731321,0.9588927335626867
test_282_normal_014,1834,0.9182115594304302,0.9182115594279269,0.9182115594279269,0.9584775086491925
test_283_discont_000,1092,0.7433242506771481,0.9179004037561521,0.6245421245364053,0.934809688580021
test_283_discont_001,1390,0.8552259886975452,0.8398058252368946,0.8712230215764661,0.9432525951544039
test_283_discont_002,645,0.6483600305061148,0.6381381381285565,0.6589147286719548,0.9361937716250018
test_283_discont_003,1905,0.8518623827101169,0.9292803970165678,0.7863517060326176,0.9278892733551172
test_283_discont_004,2491,0.8479965156775958,0.9267015706762175,0.7816138097118361,0.9033910034589573
test_283_discont_005,819,0.8330649490025064,0.7432950191499685,0.9474969474853785,0.9569550172997136
test_283_discont_006,2821,0.9223248234638379,0.9426350851186431,0.9028713222229604,0.9406228373689404
test_283_discont_007,2367,0.8865651284362661,0.959645669286616,0.8238276299077997,0.9309342560540749
test_283_empty_000,0,0.0,0.0,0.0,0.9998615916941178
test_283_empty_001,0,0.0,0.0,0.0,0.9836678200678427
test_283_empty_002,0,0.0,0.0,0.0,0.9999999999986159
test_283_empty_003,0,0.0,0.0,0.0,0.9745328719709695
test_283_empty_005,0,0.0,0.0,0.0,0.8813840830437628
test_283_empty_006,0,0.0,0.0,0.0,0.9067128027669111
test_283_normal_000,1533,0.9695415197147498,0.9533417402209752,0.98630136985658,0.9868512110712985
test_283_normal_001,819,0.8337816030078872,0.7451923076851424,0.9462759462643923,0.9572318339087097
test_283_normal_002,1702,0.9637336504133064,0.9753309265885961,0.9524089306642045,0.9831141868498504
test_283_normal_003,1527,0.9806620780039965,0.9816272965814854,0.9796987557237742,0.9918339100332293
test_283_normal_004,1075,0.9531109107260907,0.9247594050662752,0.9832558139443419,0.9856055363308158
test_283_normal_005,1962,0.948529411762381,0.9135977337067347,0.9862385321050651,0.9709342560540195
test_283_normal_006,744,0.5937499999975586,0.4277251184808784,0.9704301075138383,0.8632525951545146
test_283_normal_007,826,0.936220011697272,0.906002264995402,0.968523002409582,0.9849134948083254
test_283_normal_008,2001,0.9499622831255973,0.9559716599141905,0.9440279860022788,0.9724567474034983
test_283_normal_009,1361,0.8805919946152688,0.8120347394490569,0.9617927994051302,0.9508650519017982
test_283_normal_010,1708,0.8317802844511236,0.7156118143429722,0.9929742388700646,0.9050519031129342
test_283_normal_011,1755,0.9712147380513206,0.9813845258814347,0.961253561248084,0.9861591695488081
test_283_normal_012,1948,0.9027418520411207,0.9098018769504181,0.895790554410186,0.9479584775073385
test_283_normal_013,1451,0.8291215403103818,0.7357180993019984,0.9496898690492785,0.9213840830437074
test_283_normal_014,919,0.7822132390056483,0.7301886792383945,0.8422198041257647,0.9403460207599442
test_283_normal_015,988,0.9068702290030185,0.9119754349957833,0.9018218623390504,0.9746712802754676
test_284_discont_000,693,0.5957031249941827,0.9214501510295634,0.44011544010908926,0.9426989619364115
test_284_discont_001,886,0.761194029847196,0.6486486486434925,0.9209932279805757,0.9291349480955998
test_284_discont_002,591,0.8107703814449457,0.7265415549500464,0.9170896784954807,0.9649826989606021
test_284_discont_003,1172,0.8632380952348068,0.779766001371096,0.9667235494798062,0.9503114186838059
test_284_discont_004,992,0.8099952852389911,0.7608503100021183,0.8659274193461096,0.9442214532858904
test_284_discont_005,1567,0.9453587886736493,0.976206662127966,0.9164007657886637,0.9770242214519349
test_284_discont_006,965,0.8918518518474476,0.8518867924447936,0.9357512953270907,0.9696885813135367
test_284_discont_007,1287,0.8503562945339317,0.7548192771038866,0.9735819735744089,0.9389619377149634
test_284_empty_001,0,0.0,0.0,0.0,0.9461591695488635
test_284_empty_002,0,0.0,0.0,0.0,0.9407612456734384
test_284_empty_003,0,0.0,0.0,0.0,0.9999999999986159
test_284_empty_004,0,0.0,0.0,0.0,0.9561245674727251
test_284_empty_005,0,0.0,0.0,0.0,0.9999999999986159
test_284_normal_000,1327,0.8829823955785883,0.8146496815234736,0.9638281838661356,0.9530795847737674
test_284_normal_001,981,0.8399113082002665,0.7433281004651231,0.9653414882674277,0.9500346020748096
test_284_normal_002,1644,0.8609785202838277,0.8448477751706976,0.8777372262720333,0.9355017301025115
test_284_normal_003,1334,0.8946153846119438,0.9186413901981151,0.871814092946988,0.9620761245661424
test_284_normal_004,1125,0.8573680063007985,0.7699929228537156,0.9671111111025147,0.9498961937703115
test_284_normal_005,1342,0.8836265223244804,0.8091697645550857,0.973174366609738,0.952387543251277
test_284_normal_006,915,0.8893528183669659,0.8511488511403481,0.9311475409734301,0.9706574394450234
test_284_normal_007,1243,0.8477334366491758,0.8176382660626486,0.8801287208296048,0.9456055363308712
test_284_normal_008,1216,0.8614041469593984,0.7723418134326658,0.9736842105183086,0.947266435984848
test_284_normal_009,1308,0.8616780045318909,0.8520179372133632,0.8715596330208597,0.9493425605523192
test_284_normal_010,1321,0.9146953404985136,0.8686181075502477,0.9659348977973814,0.9670588235280733
test_284_normal_011,1567,0.905921250372991,0.856249999995135,0.9617102744035628,0.9566782006907174
test_284_normal_012,971,0.8935965334574213,0.8390596744951261,0.9557157569417537,0.9694117647045406
test_284_normal_013,731,0.8582136164843335,0.7896551724047166,0.9398084815192913,0.9685813148775522
test_284_normal_014,1324,0.8753295668516937,0.8730277986410743,0.8776435045250934,0.954186851209752
test_284_normal_015,1169,0.8668706962476401,0.7840830449772729,0.9692044482380736,0.9518339100332847
test_285_discont_000,1717,0.9539530842717813,0.9487327188885443,0.9592312172337844,0.9779930795834215
test_285_discont_001,918,0.7792819305427942,0.847631241986586,0.7211328975956304,0.9480968858118366
test_285_discont_002,1033,0.8153129849931955,0.8755555555458272,0.7628267182888401,0.950588235292802
test_285_discont_003,1329,0.6433566433534298,0.956909361055618,0.4845748683184005,0.901176470586988
test_285_discont_004,464,0.11394891944766308,0.6444444443012346,0.062499999998653015,0.9375778546699826
test_285_discont_005,1675,0.6570951585954689,0.7454545454488981,0.587462686563657,0.8578546712790895
test_285_discont_006,1372,0.9525534226694946,0.9467242620522195,0.9584548104886411,0.9818685121093677
test_285_discont_007,1050,0.6700723712189439,0.6058506543448356,0.7495238095166713,0.8927335640126052
test_285_empty_000,0,0.0,0.0,0.0,0.9939100346007005
test_285_empty_001,0,0.0,0.0,0.0,0.9781314878879196
test_285_empty_004,0,0.0,0.0,0.0,0.9844982698948311
test_285_empty_005,0,0.0,0.0,0.0,0.9847750865038273
test_285_empty_006,0,0.0,0.0,0.0,0.9999999999986159
test_285_empty_007,0,0.0,0.0,0.0,0.9995847750851217
test_285_empty_008,0,0.0,0.0,0.0,0.9494809688568173
test_285_normal_000,1719,0.9428830462346846,0.9811320754655275,0.907504362996466,0.9738408304484791
test_285_normal_001,1227,0.934359805506749,0.9290894439892903,0.9396903015408339,0.9775778546699272
test_285_normal_002,2412,0.8789257093331624,0.9201814058915185,0.8412106135951858,0.9226297577841901
test_285_normal_003,1501,0.8982737361254678,0.8359150889223413,0.9706862091874039,0.9543252595142501
test_285_normal_004,2111,0.7692681740803081,0.7902097902058431,0.749407863568217,0.8686505190299396
test_285_normal_005,1787,0.9277310924343761,0.9287717330290031,0.9266927811923521,0.9642906574381117
test_285_normal_006,2362,0.8942287944118007,0.8683685680061095,0.9216765452966906,0.9287197231821056
test_285_normal_007,1717,0.9213483146041536,0.889853499723875,0.9551543389577453,0.961245674739154
test_285_normal_008,1187,0.9381486093775918,0.9247135842804852,0.9519797809523844,0.9793771626284022
test_285_normal_009,1551,0.9689973614743767,0.991897366637462,0.9471308832949895,0.9869896193757965
test_285_normal_010,1192,0.9356677524391871,0.9090189873345806,0.9639261744885578,0.9781314878879196
test_285_normal_011,1493,0.5934530095016071,0.6253709198766665,0.5646349631576382,0.8401384083033354
test_285_normal_012,2184,0.8354594594576531,0.7914789020860653,0.8846153846113343,0.8946712802755783
test_285_normal_013,1352,0.9466424682361284,0.9294369208771958,0.9644970414129845,0.9796539792373984
test_285_normal_014,2148,0.940963582897668,0.9150901891732729,0.9683426443157899,0.9638754325246175
test_285_normal_015,1814,0.8373477672507785,0.8224348750620817,0.8528114663679559,0.9168166089952708
test_286_discont_000,700,0.24657534246268276,0.9611650484503724,0.14142857142655102,0.9162629757772786
test_286_discont_001,1236,0.5362095531559516,0.7341772151795475,0.42233009708396174,0.8750173010368512
test_286_discont_002,815,0.538943598920869,0.9966887416888514,0.3693251533697015,0.9287197231821056
test_286_discont_003,885,0.6937669376646765,0.8663282571765426,0.5785310734397906,0.9374394463654845
test_286_discont_004,1722,0.7480701754359718,0.94503546098453,0.6190476190440242,0.9006228373689957
test_286_discont_005,847,0.8177285318514254,0.7703549060462385,0.871310507663857,0.9544636678187481
test_286_discont_006,787,0.6303258145323914,0.6217552533915729,0.6391359593311419,0.9183391003447497
test_286_discont_007,1831,0.833178582479625,0.9614285714217041,0.7351174221696608,0.9253979238741518
test_286_empty_000,0,0.0,0.0,0.0,0.9862975778533062
test_286_empty_002,0,0.0,0.0,0.0,0.968304498268556
test_286_empty_004,0,0.0,0.0,0.0,0.9276124567461209
test_286_empty_006,0,0.0,0.0,0.0,0.9557093425592309
test_286_empty_007,0,0.0,0.0,0.0,0.9804844290643869
test_286_empty_008,0,0.0,0.0,0.0,0.9959861591681717
test_286_empty_009,0,0.0,0.0,0.0,0.9962629757771678
test_286_empty_010,0,0.0,0.0,0.0,0.9004844290644977
test_286_normal_000,580,0.5832884097003597,0.4243137254868682,0.9327586206735731,0.8930103806216014
test_286_normal_001,789,0.5669700910236218,0.5821094792979692,0.5525982255950241,0.9078200692028958
test_286_normal_002,1232,0.8315741165634164,0.9567053854175638,0.7353896103836414,0.9492041522478212
test_287_discont_000,927,0.4610733182126903,0.7702020201825707,0.3290183387235273,0.9013148788914861
test_287_discont_001,776,0.7457253171497754,0.6518804242945817,0.8711340206073307,0.9361937716250018
test_287_discont_002,964,0.31500926497643605,0.38931297709329293,0.26452282157401946,0.8465051903102471
test_287_discont_003,1050,0.9018404907929354,0.9735099337640892,0.839999999992,0.9734256055349849
test_287_discont_004,691,0.5814977973517049,0.7432432432265035,0.4775687409482262,0.9342560553620287
test_287_discont_005,752,0.610472541503126,0.5872235872163731,0.6356382978638878,0.9155709342547882
test_287_discont_006,1052,0.805894736838712,0.7233560090648273,0.9096958174818471,0.9361937716250018
test_287_empty_001,0,0.0,0.0,0.0,0.9717647058810079
test_287_empty_002,0,0.0,0.0,0.0,0.9999999999986159
test_287_empty_006,0,0.0,0.0,0.0,0.9999999999986159
test_287_empty_007,0,0.0,0.0,0.0,0.9685813148775522
test_287_empty_009,0,0.0,0.0,0.0,0.9999999999986159
test_287_empty_010,0,0.0,0.0,0.0,0.970103806227031
test_287_normal_000,1031,0.8004190675704536,0.8701594532930506,0.7410281280238504,0.947266435984848
test_287_normal_001,1131,0.9232781168224792,0.910576096294836,0.9363395225381403,0.9756401384069542
test_287_normal_002,1084,0.9445696259533819,0.9233480176130102,0.9667896678877603,0.9829757785453523
test_287_normal_003,1067,0.9126869271543046,0.9403578528733563,0.8865979381360207,0.9749480968844637
test_287_normal_004,1289,0.8955974842729745,0.9744525547356346,0.8285492629881417,0.9655363321785945
test_287_normal_005,1059,0.8627059410840604,0.9152542372784401,0.8158640226551855,0.9619377162616444
test_287_normal_006,1322,0.8730223123696835,0.9413823272008629,0.8139183055914228,0.9566782006907174
test_287_normal_007,1205,0.9189862899837185,0.9201331114732103,0.9178423236438354,0.9730103806214907
test_287_normal_008,1003,0.9053842132728418,0.951648351637894,0.8634097706793279,0.9749480968844637
test_287_normal_009,1124,0.9419410745193157,0.9180743243165704,0.967081850525204,0.9814532871958734
test_287_normal_010,1040,0.8410661401735388,0.8640973630744007,0.8192307692228921,0.9554325259502348
test_287_normal_011,1160,0.8810408921892146,0.9556451612806891,0.8172413793032998,0.9645674740471079
test_287_normal_012,1125,0.8844585410018829,0.9020332717107021,0.867555555547844,0.9647058823516059
test_287_normal_013,1222,0.8666666666630098,0.8945993031280959,0.8404255319080163,0.9562629757772232
test_287_normal_014,1241,0.9099173553681409,0.93384223917783,0.8871877518059051,0.9698269896180348
test_287_normal_015,1091,0.9482142857100526,0.9242819843261595,0.9734188817509312,0.9839446366768388
test_288_discont_000,867,0.712472647699289,0.5740479548619603,0.9388696655024352,0.9090657439433785
test_288_discont_001,623,0.7922077922004435,0.938461538440913,0.6853932584159648,0.9689965397910464
test_288_discont_002,1150,0.5301542776980008,0.4441833137459214,0.6573913043421097,0.814532871971191
test_288_discont_003,1285,0.6722689075610077,0.547142159254777,0.8715953307325168,0.8488581314867144
test_288_discont_004,906,0.8072289156577879,0.8885941644444484,0.7395143487777095,0.9557093425592309
test_288_discont_005,1156,0.7386653081979692,0.8983890954039853,0.6271626297523603,0.9289965397911017
test_288_discont_006,1324,0.7950310558978778,0.7318932655607885,0.870090634434516,0.9177854671267573
test_288_discont_007,1142,0.7388535031807917,0.9380053908229379,0.6094570928142781,0.9319031141855614
test_288_empty_000,0,0.0,0.0,0.0,0.9450519031128788
test_288_empty_001,0,0.0,0.0,0.0,0.9999999999986159
test_288_empty_002,0,0.0,0.0,0.0,0.9999999999986159
test_288_empty_004,0,0.0,0.0,0.0,0.9999999999986159
test_288_empty_005,0,0.0,0.0,0.0,0.9999999999986159
test_288_empty_006,0,0.0,0.0,0.0,0.9862975778533062
test_288_empty_007,0,0.0,0.0,0.0,0.9999999999986159
test_288_empty_008,0,0.0,0.0,0.0,0.9999999999986159
test_288_empty_009,0,0.0,0.0,0.0,0.9951557093411831
test_288_empty_010,0,0.0,0.0,0.0,0.9694117647045406
test_288_empty_013,0,0.0,0.0,0.0,0.9691349480955445
test_288_normal_000,1021,0.8826868495700914,0.8536139066710557,0.9138099901967306,0.9656747404830925
test_288_normal_001,1144,0.7741631305951242,0.8403275332564961,0.7176573426510695,0.9337024221440364
test_288_normal_002,1523,0.8041161337713925,0.9131886477386212,0.718319107020891,0.9262283737011402
test_288_normal_003,944,0.836827711937845,0.7343999999941249,0.9724576271083426,0.9504498269883039
test_288_normal_004,1258,0.7632311977680445,0.9174107142754753,0.6534181240011653,0.929411764704596
test_288_normal_005,1435,0.7577128753568173,0.9246987951714387,0.641811846685423,0.9184775086492478
test_288_normal_006,959,0.8207171314704705,0.7130769230714379,0.9666319082276681,0.9439446366768942
test_288_normal_007,1090,0.8526266852587047,0.8642789820842199,0.8412844036620066,0.9561245674727251
test_288_normal_008,1466,0.8631426502503146,0.9197530864126563,0.8130968622045492,0.9476816608983423
test_288_normal_009,1150,0.8543956043916924,0.9023210831634206,0.8113043478190322,0.955986159168227
test_288_normal_010,1370,0.6779026217196727,0.9451697127813946,0.5284671532808142,0.904775086503938
test_288_normal_011,1464,0.7549368727719167,0.717538461534046,0.7964480874262538,0.8952249134935706
test_288_normal_012,979,0.8529280286059324,0.7583465818699655,0.9744637384987287,0.9544636678187481
test_288_normal_013,980,0.8763940520405372,0.8046075085255581,0.9622448979493649,0.9631833910021271
test_288_normal_014,1401,0.7606946209201156,0.9354166666569227,0.6409707351845756,0.9217993079572017
test_288_normal_015,1155,0.8070973612338167,0.8504314477387304,0.767965367958719,0.9413148788914307
test_289_discont_000,863,0.8981595091969439,0.9543676662196301,0.8482039397352468,0.9770242214519349
test_289_discont_001,1823,0.664347826085306,0.607175295183437,0.7334064728429326,0.8130103806217122
test_289_discont_002,962,0.9234693877503906,0.9068136272454227,0.9407484407386616,0.9792387543239042
test_289_discont_003,2185,0.7707641195996218,0.7467811158766233,0.7963386727652342,0.8567474048431049
test_289_discont_004,1173,0.9525843656516336,0.9546232876630598,0.9505541346892536,0.9846366781993292
test_289_discont_005,1079,0.5998627316382984,0.4762942779265597,0.8100092678330861,0.8386159169538566
test_289_discont_006,822,0.5881355932153548,0.969273742989685,0.4221411192162757,0.9327335640125498
test_289_discont_007,1075,0.9502556950211518,0.9498141263852249,0.950697674409761,0.9851903114173215
test_289_empty_000,0,0.0,0.0,0.0,0.9976470588221485
test_289_empty_001,0,0.0,0.0,0.0,0.8871972318326821
test_289_empty_002,0,0.0,0.0,0.0,0.9015916955004822
test_289_empty_006,0,0.0,0.0,0.0,0.9730103806214907
test_28_discont_000,2407,0.1389383683643073,0.4874999999878125,0.08101371001212708,0.6654671280267606
test_28_discont_001,1514,0.7426610751020105,0.8782687105421257,0.6433289299825408,0.9065743944624131
test_28_discont_002,2532,0.260954235636933,0.7322404371451322,0.15876777251122132,0.6848442906564915
test_28_discont_003,651,0.493975903612474,0.3344208809117215,0.9447004608149816,0.8256055363310373
test_28_discont_004,2273,0.40181374258666963,0.9696969696806448,0.25340959084798326,0.7626297577844116
test_28_discont_005,1382,0.8499344691977394,0.7766467065821758,0.9384949348701991,0.936608996538496
test_28_discont_006,1444,0.8781640229467494,0.8564845292899508,0.9009695290796332,0.9500346020748096
test_28_discont_007,2141,0.5789633222170992,0.8246977547424466,0.4460532461445771,0.8077508650507851
test_28_empty_000,0,0.0,0.0,0.0,0.9999999999986159
test_28_empty_001,0,0.0,0.0,0.0,0.9432525951544039
test_28_empty_002,0,0.0,0.0,0.0,0.9999999999986159
test_28_empty_004,0,0.0,0.0,0.0,0.9999999999986159
test_28_empty_005,0,0.0,0.0,0.0,0.9969550172996582
test_28_empty_006,0,0.0,0.0,0.0,0.9995847750851217
test_28_empty_007,0,0.0,0.0,0.0,0.9925259515557197
test_28_empty_010,0,0.0,0.0,0.0,0.9749480968844637
test_28_empty_011,0,0.0,0.0,0.0,0.9957093425591755
test_28_empty_012,0,0.0,0.0,0.0,0.9999999999986159
test_28_normal_000,982,0.6761102603343181,0.5417177914077196,0.8991853360397232,0.8829065743932417
test_28_normal_001,1501,0.1468493150676885,0.4135802469008154,0.08927381745443523,0.784498269895108
test_28_normal_002,1929,0.651770168309194,0.7402768622232019,0.5821669258653076,0.833910034600922
test_28_normal_003,2082,0.5815025766189815,0.6679127725815084,0.5148895292962782,0.7864359861580811
test_28_normal_004,2067,0.7496251874040492,0.9858044163960111,0.604741170775981,0.8844290657427205
test_28_normal_005,2127,0.6526717557234115,0.7767683322467439,0.5627644569790186,0.8236678200680642
test_28_normal_006,1372,0.8405505203060069,0.7790914747929117,0.912536443142037,0.9342560553620287
test_28_normal_007,1719,0.12341932220473739,0.47286821703593535,0.07097149505485183,0.7601384083034461
test_28_normal_008,1951,0.8370588235269498,0.9820565907454655,0.729369554071095,0.9233217993066806
test_28_normal_009,1363,0.15338526063419183,0.4183006535811013,0.09391049156204029,0.8044290657428312
test_28_normal_010,2022,0.5978456014344768,0.7568181818124484,0.4940652818966664,0.8139792387531987
test_28_normal_011,2205,0.5145656096918934,0.5961768219797122,0.4526077097485143,0.7393771626287344
test_28_normal_012,1224,0.7721979621514841,0.6961942257172167,0.8668300653523953,0.9133564013828189
test_28_normal_013,1412,0.8688212927729125,0.7861238532065016,0.9709631727976561,0.9426989619364115
test_28_normal_014,2050,0.14346712211723542,0.5753424657337212,0.08195121951179536,0.7223529411754708
test_28_normal_015,760,0.5506573859220779,0.38992332968023047,0.936842105250831,0.8391695501718489
test_290_discont_000,653,0.7562189054663664,0.8245931283756854,0.6983154670643443,0.9593079584761809
test_290_discont_001,459,0.29050279329067963,0.999999999871795,0.16993464051917354,0.947266435984848
test_290_discont_002,625,0.6571897211555102,0.49916943521180096,0.9615999999846144,0.9132179930783209
test_290_discont_003,520,0.7111882046772664,0.6477093206848703,0.7884615384463757,0.9539100346007559
test_290_discont_004,1167,0.9316546762548038,0.9801324503218531,0.8877463581757692,0.978961937714908
test_290_discont_005,1446,0.9046419575354278,0.942985746429535,0.869294605803117,0.9633217993066252
test_290_discont_006,1064,0.8305963699186232,0.7687999999938496,0.9031954887133159,0.9457439446353693
test_290_discont_007,722,0.9027962716318056,0.8692307692196253,0.939058171732146,0.9797923875418965
test_290_empty_000,0,0.0,0.0,0.0,0.9999999999986159
test_290_empty_003,0,0.0,0.0,0.0,0.9593079584761809
test_290_empty_005,0,0.0,0.0,0.0,0.9085121107253862
test_290_empty_006,0,0.0,0.0,0.0,0.9786851211059119
test_290_empty_007,0,0.0,0.0,0.0,0.9959861591681717
test_290_empty_010,0,0.0,0.0,0.0,0.9999999999986159
test_290_empty_012,0,0.0,0.0,0.0,0.9123875432513323
test_290_normal_000,657,0.9385714285647245,0.8842530282518943,0.9999999999847793,0.9880968858117812
test_290_normal_001,751,0.8516801853948339,0.7538461538384221,0.9786950732226538,0.9645674740471079
test_290_normal_002,1422,0.8989090909058222,0.9307228915592567,0.8691983122301745,0.9615224913481502
test_290_normal_003,1096,0.8378930175547656,0.7583148558702268,0.9361313868527726,0.9450519031128788
test_290_normal_004,1185,0.9520518358490193,0.9752212389294229,0.9299578058993253,0.9846366781993292
test_290_normal_005,764,0.93047433397706,0.9238709677300145,0.9371727748568432,0.9851903114173215
test_290_normal_006,948,0.9004739336445473,0.8990536277507986,0.9018987341677015,0.9738408304484791
test_290_normal_007,638,0.9204052098341505,0.8548387096659296,0.9968652037461306,0.9847750865038273
test_290_normal_008,1070,0.8639687957051977,0.9031600407655132,0.8280373831698316,0.9613840830436521
test_290_normal_009,838,0.9064587973223471,0.8496868475902956,0.9713603818499837,0.9767474048429388
test_290_normal_010,734,0.9289544235862671,0.9142480210961181,0.9441416893604341,0.9853287197218197
test_290_normal_011,1007,0.8558951965023974,0.8368121442045844,0.8758689175682635,0.9588927335626867
test_290_normal_012,688,0.9423076923012205,0.893229166655036,0.9970930232413213,0.9883737024207774
test_290_normal_013,659,0.9529326574876689,0.9113573407075989,0.9984825493019956,0.9910034602062409
test_290_normal_014,607,0.894658753702562,0.8137651821752528,0.9934102141516736,0.9803460207598889
test_290_normal_015,1325,0.9059097978191839,0.934242181227472,0.8792452830122321,0.966505190310081
test_291_discont_000,365,0.21897810218445307,0.978260869352552,0.12328767122949896,0.9555709342547328
test_291_discont_001,812,0.05275779376435542,0.9999999995454545,0.027093596058779635,0.8906574394451341
test_291_discont_002,1942,0.8474767409054201,0.9364485981250066,0.7739443872256749,0.9251211072651555
test_291_discont_003,946,0.8972162740851327,0.908893709317691,0.8858350951280567,0.9734256055349849
test_291_discont_004,1098,0.5928481806756811,0.4521531100456835,0.8606557376970797,0.8203460207601102
test_291_discont_005,1167,0.9183673469350271,0.8768511301568446,0.9640102827680891,0.9723183390990002
test_291_discont_006,748,0.7456556082089602,0.9111969111793206,0.6310160427723126,0.9554325259502348
test_291_discont_007,1573,0.9048106448280286,0.9764359351916316,0.8429752066062113,0.9613840830436521
test_291_empty_000,0,0.0,0.0,0.0,0.9994463667806236
test_291_empty_002,0,0.0,0.0,0.0,0.9999999999986159
test_291_empty_004,0,0.0,0.0,0.0,0.975363321797958
test_291_empty_006,0,0.0,0.0,0.0,0.9785467128014138
test_291_empty_009,0,0.0,0.0,0.0,0.8860899653966975
test_291_empty_010,0,0.0,0.0,0.0,0.9999999999986159
test_291_normal_000,800,0.5677570093435835,0.4123303167397493,0.9112499999886093,0.846366782005749
test_291_normal_001,761,0.6770670826780261,0.8330134356845871,0.5703022338952654,0.9426989619364115
test_291_normal_002,854,0.8068181818135977,0.7836644591524982,0.8313817330113421,0.9529411764692693
test_291_normal_003,1439,0.9351851851818548,0.9590942293574939,0.9124391938783014,0.9748096885799656
test_291_normal_004,949,0.9512448132730745,0.9366700714919646,0.9662802950372362,0.9869896193757965
test_291_normal_005,948,0.8988883006834363,0.9022316684282441,0.8955696202437177,0.973564013839483
test_291_normal_006,1256,0.6324219828759116,0.48414376321148356,0.911624203814398,0.8157785467116737
test_291_normal_007,1446,0.8293448411109089,0.9582955575615749,0.730982019358707,0.9397923875419518
test_291_normal_008,1046,0.9282982791542624,0.9282982791498252,0.9282982791498252,0.9792387543239042
test_291_normal_009,796,0.8755813953437467,0.8149350649262452,0.9459798994856032,0.9703806228360272
test_291_normal_010,819,0.8761329305083013,0.8672248803724016,0.8852258852150766,0.9716262975765099
test_291_normal_011,1520,0.6611618991428453,0.5991448423271024,0.737499999995148,0.840968858130324
test_291_normal_012,1958,0.8696616749837225,0.9514563106738383,0.8008171603636323,0.9349480968845191
test_291_normal_013,1152,0.6394005619711539,0.49926864943686367,0.8888888888811729,0.8401384083033354
test_291_normal_014,769,0.8002812939465522,0.8713629402623069,0.739921976583356,0.9606920415211617
test_291_normal_015,1192,0.8806693086707148,0.9267840593055906,0.8389261744896064,0.9624913494796367
test_292_discont_000,819,0.6895368782121811,0.6483870967672216,0.7362637362547465,0.9248442906561594
test_292_discont_001,650,0.38012422359776243,0.9870967741298646,0.2353846153809941,0.9309342560540749
test_292_discont_002,1168,0.6942740286263074,0.8616751268926184,0.581335616433379,0.9172318339087651
test_292_discont_003,723,0.8223039215635889,0.7381738173736174,0.9280774550355729,0.9598615916941732
test_292_discont_004,1316,0.8791922105990654,0.836650652018966,0.9262917933060313,0.9536332179917597
test_292_discont_005,1493,0.9453441295514665,0.9524133242627301,0.9383791024719467,0.9775778546699272
test_292_discont_006,902,0.5654853620911751,0.9267676767442735,0.40687361418617657,0.9219377162616997
test_292_discont_007,1523,0.8364648573387736,0.8897113249379001,0.7892317793776151,0.9349480968845191
test_292_empty_003,0,0.0,0.0,0.0,0.9999999999986159
test_292_empty_004,0,0.0,0.0,0.0,0.9999999999986159
test_292_empty_006,0,0.0,0.0,0.0,0.9999999999986159
test_292_empty_007,0,0.0,0.0,0.0,0.9182006920402517
test_292_empty_009,0,0.0,0.0,0.0,0.989480968856762
test_292_empty_010,0,0.0,0.0,0.0,0.9951557093411831
test_292_empty_011,0,0.0,0.0,0.0,0.9370242214519903
test_292_normal_000,1581,0.9660804020070161,0.9594510293140397,0.9728020240292676,0.9850519031128234
test_292_normal_001,1619,0.8674411677066802,0.8377445339422455,0.8993205682464527,0.9384083044969711
test_292_normal_002,1511,0.9437978051182448,0.9485294117583655,0.9391131700798206,0.9766089965384407
test_292_normal_003,1064,0.9316163410260586,0.8829966329892004,0.9859022556298318,0.9786851211059119
test_292_normal_004,1302,0.9290780141807365,0.9538834951379136,0.9055299539100958,0.9750865051889618
test_292_normal_005,1456,0.902455661661315,0.8963414634085615,0.9086538461476055,0.9604152249121656
test_292_normal_006,883,0.5665427509251558,0.8246753246574745,0.4314835787040602,0.9193079584762363
test_292_normal_007,1463,0.8876967095819468,0.9309827456794376,0.848257006145945,0.9565397923862193
test_292_normal_008,1512,0.9526959973504707,0.9530112508209596,0.9523809523746536,0.9802076124553907
test_292_normal_009,1391,0.9632798573940703,0.9554455445476985,0.9712437095544844,0.9857439446353139
test_292_normal_010,1111,0.9562841530011099,0.9677419354749518,0.9450945094424384,0.9867128027668004
test_292_normal_011,1797,0.7608274078837725,0.9074787972173672,0.6549805230904008,0.8975778546700379
test_292_normal_012,1650,0.8301767676741472,0.866271409743964,0.7969696969648669,0.9255363321786498
test_292_normal_013,789,0.8246241946970321,0.9473684210370499,0.7300380228044355,0.9660899653965868
test_292_normal_014,996,0.6917216861315809,0.699897225069888,0.6837349397521714,0.9159861591682824
test_292_normal_015,1564,0.8467929544671093,0.8816608996478779,0.8145780051098813,0.9361937716250018
test_293_discont_000,761,0.6769230769175958,0.8818565400657836,0.5492772667470529,0.9447750865038826
test_293_discont_001,748,0.7030129124770229,0.7585139318768032,0.6550802138949855,0.9426989619364115
test_293_discont_002,1235,0.7998251748216791,0.8689458689376169,0.7408906882531102,0.936608996538496
test_293_discont_003,1229,0.8814589665615221,0.945065176899953,0.8258746948671614,0.9622145328706405
test_293_discont_004,1133,0.8548314606703155,0.8708791208711458,0.8393645189687612,0.9552941176457367
test_293_discont_005,1311,0.7995129870097423,0.8542931483013505,0.7513348588806154,0.9316262975765652
test_293_discont_006,1280,0.8440145102747117,0.8717735220576872,0.8179687499936097,0.9464359861578596
test_293_discont_007,1113,0.9113585746061855,0.9037102473418401,0.9191374662990195,0.9724567474034983
test_293_empty_000,0,0.0,0.0,0.0,0.9969550172996582
test_293_empty_001,0,0.0,0.0,0.0,0.9353633217980134
test_293_empty_002,0,0.0,0.0,0.0,0.9031141868499611
test_293_empty_003,0,0.0,0.0,0.0,0.9999999999986159
test_293_empty_004,240,0.1275510204073498,0.07530120481871008,0.4166666666493055,0.8106574394452448
test_293_empty_005,0,0.0,0.0,0.0,0.9988927335626313
test_293_empty_008,0,0.0,0.0,0.0,0.9973702422131524
test_293_empty_010,0,0.0,0.0,0.0,0.9999999999986159
test_293_empty_011,0,0.0,0.0,0.0,0.9999999999986159
test_293_normal_000,431,0.40275049115715744,0.25545171339404704,0.9512761020660957,0.8316955017289527
test_293_normal_001,1178,0.8536880290171154,0.8127398311526268,0.8989813242708067,0.9497577854658135
test_293_normal_002,1356,0.871847307427158,0.8105196451152693,0.9432153392260826,0.9479584775073385
test_293_normal_003,1304,0.9060428849867211,0.9214908802464593,0.891104294471694,0.966643598614579
test_293_normal_004,1220,0.9211864406740629,0.9535087719214606,0.890983606550074,0.9742560553619733
test_293_normal_005,1388,0.8927662668088231,0.9009537784233239,0.8847262247774876,0.9591695501716828
test_293_normal_006,1482,0.8630229419673987,0.863022941964487,0.863022941964487,0.9438062283723961
test_293_normal_007,1191,0.8528717545206418,0.8023686158341794,0.9101595297992431,0.9482352941163347
test_293_normal_008,1339,0.9014863463501505,0.8391248391194394,0.9738610903586717,0.9605536332166636
test_293_normal_009,1083,0.8572810836920306,0.9004065040558902,0.8180978762620675,0.9591695501716828
test_293_normal_010,1502,0.8704628704599718,0.8707528314399018,0.8701731025241667,0.9461591695488635
test_293_normal_011,1299,0.8963265306085865,0.9539530842662559,0.8452655889080427,0.964844290656104
test_293_normal_012,1193,0.9329320722229884,0.9576345984028454,0.9094719195229718,0.9784083044969157
test_293_normal_013,677,0.4993587002971383,0.35138387484746464,0.862629246663772,0.8379238754313663
test_293_normal_014,1431,0.8627588627558345,0.8667136812350726,0.8588399720415176,0.9458823529398673
test_293_normal_015,1491,0.8688580142295194,0.8780821917748077,0.859825620383234,0.9464359861578596
test_294_discont_000,501,0.4069981583756262,0.37777777777132004,0.44111776446225315,0.9108650519018535
test_294_discont_001,314,0.38852672750471284,0.32891832228854484,0.4745222929785184,0.9350865051890171
test_294_discont_002,1192,0.8350168350128186,0.9785794813869382,0.7281879194569784,0.952525951555775
test_294_discont_003,755,0.6799516908171501,0.6248612652538861,0.7456953642285338,0.9266435986146344
test_294_discont_004,782,0.8075639599510147,0.7145669291268251,0.9283887467911971,0.9521107266422808
test_294_discont_005,1378,0.8686626746472309,0.9653948535850454,0.7895500725632109,0.9544636678187481
test_294_empty_000,0,0.0,0.0,0.0,0.9579238754312002
test_294_empty_003,0,0.0,0.0,0.0,0.9393771626284576
test_294_empty_004,0,0.0,0.0,0.0,0.9864359861578043
test_294_empty_005,0,0.0,0.0,0.0,0.9999999999986159
test_294_empty_006,0,0.0,0.0,0.0,0.9999999999986159
test_294_empty_009,0,0.0,0.0,0.0,0.9999999999986159
test_294_normal_000,1383,0.9404174573019339,0.9896166134106261,0.8958785249392923,0.9782698961924177
test_294_normal_001,1224,0.9541284403629937,0.9744463373000474,0.9346405228681811,0.9847750865038273
test_294_normal_002,1389,0.9144144144109819,0.9552941176395664,0.876889848805782,0.9684429065730541
test_294_normal_003,1218,0.9636510500768836,0.9483306836172629,0.9794745484320241,0.9875432525937888
test_294_normal_004,1088,0.9064609450293807,0.953346855974104,0.8639705882273533,0.9731487889259888
test_294_normal_005,1250,0.9655442443188507,0.9455521472320128,0.9863999999921089,0.9878200692027851
test_294_normal_006,1083,0.6360022714330722,0.8259587020527145,0.5170821791272662,0.9112802768153477
test_294_normal_007,734,0.822609741426202,0.7362755651158636,0.9318801089791297,0.9591695501716828
test_294_normal_008,1072,0.9449585971702633,0.988786952079625,0.904850746260216,0.9843598615903331
test_294_normal_009,1179,0.884859474157367,0.9503407984328108,0.8278201865917912,0.964844290656104
test_294_normal_010,1100,0.9531835205947885,0.9826254826159979,0.9254545454461324,0.9861591695488081
test_294_normal_011,1128,0.9378427787891324,0.9679245282927555,0.9095744680770429,0.9811764705868773
test_294_normal_012,1230,0.9638170974116748,0.9431906614712593,0.9853658536505255,0.9874048442892908
test_294_normal_013,1469,0.8810476536890468,0.9460937499926088,0.8243703199399295,0.9547404844277443
test_294_normal_014,1128,0.6847215125156632,0.8082026537900097,0.5939716312004081,0.9146020761233016
test_294_normal_015,1044,0.8612064737574242,0.8824120602926391,0.84099616857432,0.9608304498256598
test_295_discont_000,940,0.4536357571684214,0.6082289803111229,0.36170212765572657,0.8866435986146898
test_295_discont_001,1150,0.8793103448235966,0.919354838700955,0.842608695644847,0.9631833910021271
test_295_discont_002,1638,0.8756188118784789,0.8877038895803784,0.86385836385309,0.9443598615903884
test_295_discont_003,1266,0.29954614220764164,0.28737300435205104,0.31279620852833495,0.7436678200681749
test_295_discont_004,676,0.8341781317825187,0.8170212765841557,0.8520710059045552,0.968304498268556
test_295_discont_005,787,0.42126379136989706,0.9999999999523809,0.2668360864006755,0.9201384083032247
test_295_discont_006,1093,0.8414526129280715,0.8154506437698246,0.869167429086284,0.9504498269883039
test_295_discont_007,1414,0.612716763002829,0.9607250755141884,0.4497878359232689,0.888719723182161
test_295_empty_001,0,0.0,0.0,0.0,0.998339100344639
test_295_empty_003,0,0.0,0.0,0.0,0.9856055363308158
test_295_empty_004,0,0.0,0.0,0.0,0.9999999999986159
test_295_empty_005,0,0.0,0.0,0.0,0.9897577854657581
test_295_empty_006,0,0.0,0.0,0.0,0.9936332179917043
test_295_normal_000,883,0.9012345678961772,0.8932146829711545,0.9093997734891348,0.9756401384069542
test_295_normal_001,1146,0.9464518937703681,0.9443961772289802,0.9485165793983551,0.9829757785453523
test_295_normal_002,981,0.9170779861751379,0.8889952153024977,0.9469928644144038,0.9767474048429388
test_295_normal_003,1637,0.8801729462604072,0.8900687070525293,0.8704948075695145,0.9462975778533615
test_295_normal_004,1367,0.9249339871711622,0.9548286604287007,0.8968544257432565,0.9724567474034983
test_295_normal_005,1082,0.9479452054751236,0.9368231046846858,0.9593345656103575,0.984221453285835
test_295_normal_006,841,0.9315883402681048,0.9321428571317601,0.9310344827475501,0.9840830449813369
test_295_normal_007,2196,0.9413886384108625,0.9321428571386958,0.9508196721268178,0.9640138408291156
test_295_normal_008,1254,0.8089807555209944,0.7313144329849787,0.9051036682543453,0.925813148787646
test_295_normal_009,909,0.8879402347871509,0.8621761657941743,0.9152915291428461,0.9709342560540195
test_295_normal_010,717,0.88888888888318,0.8238095237997165,0.9651324964997889,0.9760553633204484
test_296_discont_000,1134,0.7090747330929312,0.7154398563670069,0.7028218694823385,0.9094809688568727
test_296_discont_001,1449,0.7317279256411842,0.9433551198154319,0.5976535541711687,0.9121107266423362
test_296_discont_002,1075,0.7131147540941856,0.9620853080416732,0.566511627901707,0.9321799307945575
test_296_discont_003,670,0.0,0.0,0.0,0.8556401384071203
test_296_discont_004,1269,0.10969387755032084,0.28762541805058106,0.06776989755659757,0.8067820069192986
test_296_discont_005,1377,0.7889830508441145,0.9471007120961638,0.6761074800241387,0.9310726643585729
test_296_discont_006,875,0.688693098379672,0.9630390143539417,0.5359999999938743,0.9413148788914307
test_296_discont_007,1666,0.5368421052609844,0.8246268656613852,0.3979591836710807,0.8416608996528143
test_296_empty_001,0,0.0,0.0,0.0,0.9267820069191325
test_296_empty_002,0,0.0,0.0,0.0,0.9431141868499058
test_296_empty_004,0,0.0,0.0,0.0,0.8826297577842455
test_296_empty_005,0,0.0,0.0,0.0,0.9999999999986159
test_296_empty_006,0,0.0,0.0,0.0,0.9994463667806236
test_296_empty_012,0,0.0,0.0,0.0,0.8811072664347667
test_296_empty_013,1627,0.6242399675694194,0.9166666666557539,0.473263675473428,0.8716955017288973
test_296_empty_014,0,0.0,0.0,0.0,0.9999999999986159
test_296_empty_015,0,0.0,0.0,0.0,0.9874048442892908
test_296_empty_016,0,0.0,0.0,0.0,0.8822145328707512
test_296_normal_000,1552,0.7144465290779946,0.8553459119420006,0.6134020618517179,0.8946712802755783
test_296_normal_001,1620,0.861313868610281,0.9311334289746691,0.8012345678962888,0.9421453287184192
test_296_normal_002,1360,0.5144303797442308,0.8260162601491705,0.37352941176195936,0.8672664359849588
test_296_normal_003,1187,0.6479017400171551,0.8252933507063195,0.533277169329964,0.904775086503938
test_296_normal_004,1624,0.4329710144907927,0.8184931506709162,0.29433497536764575,0.8267128027670219
test_296_normal_005,1570,0.6261875258131921,0.8907168037498153,0.4828025477676255,0.874740484427855
test_296_normal_006,1226,0.6060924369716066,0.851032448365029,0.47063621533058214,0.8961937716250572
test_296_normal_007,1152,0.6043243243210578,0.8008595988423945,0.4852430555513434,0.8986851211060226
test_296_normal_008,1451,0.5525328330180463,0.8649045521165212,0.40592694693035203,0.8679584775074493
test_296_normal_009,1699,0.6288992470396956,0.8045871559559213,0.5161859917568206,0.8567474048431049
test_296_normal_010,1569,0.8647160068817049,0.9401197604720052,0.8005098788986583,0.9456055363308712
test_296_normal_011,1461,0.546218487392408,0.8590308369917911,0.40041067761532917,0.8654671280264838
test_297_discont_000,1203,0.4954462659350611,0.9189189188982225,0.33915211969792897,0.8849826989607128
test_297_discont_001,2413,0.6378433367226911,0.8255431204685614,0.5196850393679251,0.8029065743933523
test_297_discont_002,1584,0.524783992721579,0.9382113820985657,0.36426767676537714,0.8553633217981241
test_297_discont_003,2174,0.7367832167811559,0.9400428265457528,0.6057957681664867,0.8697577854659242
test_297_discont_004,2085,0.884393063581685,0.8882438316357608,0.8805755395641219,0.9335640138395384
test_297_discont_005,1734,0.937228811105186,0.9402205455546129,0.934256055357934,0.9699653979225329
test_297_discont_006,2239,0.7514420555827178,0.9098412698354932,0.640017865115498,0.8687889273344377
test_297_discont_007,1308,0.5334821428541658,0.9876033057647189,0.36544342507365873,0.8842906574382224
test_297_empty_000,0,0.0,0.0,0.0,0.9950173010366851
test_297_empty_001,0,0.0,0.0,0.0,0.9893425605522639
test_297_empty_002,0,0.0,0.0,0.0,0.9352249134935152
test_297_empty_003,0,0.0,0.0,0.0,0.9999999999986159
test_297_empty_004,0,0.0,0.0,0.0,0.9728719723169926
test_297_empty_005,0,0.0,0.0,0.0,0.9611072664346559
test_297_empty_006,0,0.0,0.0,0.0,0.9720415224900041
test_297_empty_007,0,0.0,0.0,0.0,0.9957093425591755
test_297_empty_009,0,0.0,0.0,0.0,0.9868512110712985
test_297_normal_000,1461,0.9267461669474387,0.9226594301158572,0.930869267618543,0.9702422145315291
test_297_normal_001,1987,0.9544166881252784,0.9773206751003306,0.93256165072505,0.9755017301024561
test_297_normal_002,1393,0.8739386022179166,0.8016776512833932,0.9605168700577135,0.9465743944623577
test_297_normal_003,1681,0.9235941320265172,0.9497171590135154,0.8988697203991739,0.9653979238740964
test_297_normal_004,1565,0.8390607101923281,0.7602490918486754,0.9361022364157439,0.9222145328706959
test_297_normal_005,1408,0.8669100564192934,0.8137071651039645,0.9275568181752305,0.9444982698948865
test_297_normal_006,1804,0.9181453920981164,0.949112426029887,0.8891352549839849,0.9604152249121656
test_297_normal_007,1975,0.9279567248563365,0.9020076481792447,0.9554430379698459,0.959446366780679
test_297_normal_008,2079,0.8273070696146052,0.9422249538970976,0.7373737373701906,0.9114186851198458
test_297_normal_009,1399,0.8092105263133696,0.6956298200478375,0.967119370972358,0.911695501728842
test_297_normal_010,1369,0.9127845884381339,0.8768506056468583,0.9517896274583507,0.9655363321785945
test_297_normal_011,1640,0.9173157579361375,0.9016489988168337,0.9335365853601614,0.9617993079571463
test_297_normal_012,1764,0.9395588656518489,0.9496236247773618,0.9297052154142308,0.9707958477495214
test_297_normal_013,1607,0.9532768893040036,0.9608091023959494,0.9458618543811708,0.9793771626284022
test_297_normal_014,1802,0.9501108647423777,0.9490586932394848,0.9511653718038227,0.9750865051889618
test_297_normal_015,1812,0.927184466016917,0.9066455696154714,0.9486754966835063,0.9626297577841347
test_298_discont_000,880,0.21517771373472455,0.6956521738698352,0.127272727271281,0.8869204152236859
test_298_discont_001,1504,0.43250214961121025,0.6119221411117771,0.3344414893594785,0.8173010380611525
test_298_discont_002,795,0.5858951175371556,0.5624999999934895,0.6113207547092916,0.9049134948084361
test_298_discont_003,1047,0.1472556894233785,0.24608501118017706,0.10506208213844259,0.8236678200680642
test_298_discont_004,1038,0.17591801878585897,0.7744360901673356,0.09922928708960281,0.8664359861579704
test_298_discont_005,938,0.5190279688192617,0.4553499597710753,0.6034115138528421,0.8548096885801317
test_298_discont_006,1304,0.5403195837958368,0.5241528478693285,0.5575153374190375,0.828788927334493
test_298_discont_007,1271,0.6473136915049943,0.7203471552485985,0.5877261998380195,0.8873356401371801
test_298_empty_001,0,0.0,0.0,0.0,0.9946020761231908
test_298_empty_004,0,0.0,0.0,0.0,0.998200692040141
test_298_empty_005,0,0.0,0.0,0.0,0.9296885813135921
test_298_empty_010,0,0.0,0.0,0.0,0.9939100346007005
test_298_empty_012,0,0.0,0.0,0.0,0.9999999999986159
test_298_normal_000,1036,0.6916512059343538,0.5617842073504413,0.8996138996052162,0.8849826989607128
test_298_normal_001,1159,0.7755270773014654,0.7444444444385362,0.8093183779050103,0.9248442906561594
test_298_normal_002,1107,0.6620952380927159,0.5724637681121709,0.7850045167047426,0.8772318339088204
test_298_normal_003,981,0.6798629615505144,0.5425273390003492,0.9102956167083558,0.8835986159157321
test_299_discont_000,1199,0.3277545327731677,0.9999999999574468,0.1959966638849375,0.8665743944624684
test_299_discont_001,1626,0.7069872276457289,0.908301158292391,0.578720787204313,0.8920415224901148
test_299_discont_002,1384,0.7464485578960549,0.9233226836962373,0.626445086700676,0.9184775086492478
test_299_discont_003,1321,0.6751269035504437,0.7651006711336041,0.6040878122588639,0.8937024221440918
test_299_discont_004,389,0.0,0.0,0.0,0.9461591695488635
test_299_discont_005,1742,0.5437917692559135,0.7020890099845406,0.44374282433729195,0.8204844290646084
test_299_discont_006,1131,0.776044287867257,0.9007009345689171,0.6816976127260682,0.9384083044969711
test_299_discont_007,1466,0.6177394034512648,0.7273567467585272,0.5368349249622317,0.8651903114174876
test_299_empty_001,0,0.0,0.0,0.0,0.9999999999986159
test_299_empty_003,0,0.0,0.0,0.0,0.7840830449816137
test_299_empty_004,0,0.0,0.0,0.0,0.9745328719709695
test_299_empty_005,0,0.0,0.0,0.0,0.9987543252581332
test_299_empty_006,0,0.0,0.0,0.0,0.9999999999986159
test_299_empty_008,0,0.0,0.0,0.0,0.9943252595141947
test_299_normal_000,536,0.4411936805123394,0.3213981244644382,0.7033582089421015,0.8678200692029511
test_299_normal_001,682,0.8399071925689103,0.8887070376286628,0.7961876832727831,0.9713494809675137
test_299_normal_002,904,0.8954067515169043,0.8959025470554164,0.8949115044148793,0.9738408304484791
test_299_normal_003,809,0.8397932816483218,0.8795669823967582,0.8034610630308595,0.9656747404830925
test_299_normal_004,641,0.8554484803494778,0.8149717514009185,0.9001560062262066,0.9730103806214907
test_299_normal_005,977,0.48683015440287547,0.4375510204045915,0.5486182190322557,0.8435986159157874
test_299_normal_006,945,0.8801742919342039,0.9068462401693956,0.8550264550174071,0.9695501730090387
test_299_normal_007,744,0.8893499308375564,0.9159544159413682,0.8642473118163407,0.9778546712789234
test_299_normal_008,854,0.8912037036985463,0.8810068649784781,0.9016393442517372,0.9739792387529772
test_299_normal_009,634,0.8105095541336743,0.8183279742633709,0.8028391167065798,0.9670588235280733
test_299_normal_010,772,0.4386235233670333,0.3634042553160562,0.5531088082829908,0.8487197231822163
test_29_discont_000,755,0.47677475897916943,0.7046632124169776,0.36026490065747996,0.9173702422132631
test_29_discont_001,592,0.20851688692792192,0.7977528088991289,0.11993243243040655,0.9253979238741518
test_29_discont_002,1070,0.9031620553315062,0.9580712788159531,0.8542056074686524,0.9728719723169926
test_29_discont_003,1303,0.8920502092012885,0.9806807727600674,0.8181120491111428,0.9642906574381117
test_29_discont_004,1437,0.920438957472838,0.907369844483385,0.9338900487060968,0.9678892733550618
test_29_discont_005,1061,0.861495844871369,0.8443438913950739,0.879359095184926,0.9584775086491925
test_29_discont_006,818,0.6671899528990017,0.9320175438392101,0.5195599021941374,0.9413148788914307
test_29_discont_007,2030,0.9561971129891583,0.9662977867154613,0.9463054187145503,0.9756401384069542
test_29_empty_001,0,0.0,0.0,0.0,0.9821453287183638
test_29_empty_003,0,0.0,0.0,0.0,0.9990311418671294
test_29_empty_005,0,0.0,0.0,0.0,0.9900346020747542
test_29_empty_006,0,0.0,0.0,0.0,0.9619377162616444
test_29_empty_009,0,0.0,0.0,0.0,0.9702422145315291
test_29_normal_000,1558,0.9602774274875149,0.9436183395232738,0.9775353016625319,0.982560553631858
test_29_normal_001,1829,0.9384312622970525,0.9658564814758921,0.9125205030021186,0.9696885813135367
test_29_normal_002,1516,0.9547131834922687,0.9713310580138477,0.9386543535558137,0.9813148788913754
test_29_normal_003,1873,0.9544235924907388,0.958535271938834,0.9503470368342214,0.9764705882339426
test_29_normal_004,1604,0.9632856253859263,0.9614906832238418,0.9650872817894945,0.9836678200678427
test_29_normal_005,1431,0.9396644055660848,0.960583941598828,0.9196366177433989,0.9766089965384407
test_29_normal_006,1517,0.9716704656432053,0.9601029600967819,0.9835201054648417,0.9879584775072832
test_29_normal_007,2186,0.9389582842306412,0.9684005833691376,0.9112534309198936,0.9641522491336136
test_29_normal_008,1299,0.9138211382076674,0.968130921610955,0.8652809853667031,0.9706574394450234
test_29_normal_009,1962,0.9294117647033974,0.9775028121429837,0.8858307849088388,0.9634602076111233
test_29_normal_010,735,0.9151343705734433,0.9528718703836101,0.8802721088315609,0.9833910034588466
test_29_normal_011,1578,0.9313073757488721,0.9304237824103073,0.9321926489167796,0.9699653979225329
test_29_normal_012,1583,0.9658841940501851,0.957196029770737,0.9747315224196165,0.9849134948083254
test_29_normal_013,1531,0.9585373816488458,0.9582245430746853,0.9588504245528489,0.9824221453273599
test_29_normal_014,1712,0.953171310014958,0.9675090252649369,0.9392523364431119,0.9781314878879196
test_29_normal_015,1458,0.9523809523776661,0.9583333333266784,0.946502057606677,0.9808996539778811
test_2_discont_000,530,0.27679782903287925,0.49275362316460125,0.19245283018504805,0.9262283737011402
test_2_discont_001,2132,0.6950819672112156,0.8324607329788453,0.5966228893030178,0.8455363321787606
test_2_discont_002,1428,0.669144981410378,0.6466361854954499,0.6932773109195149,0.8644982698949972
test_2_discont_003,1154,0.5829066561615482,0.5342960288770088,0.6412478336166271,0.853425605535151
test_2_discont_004,927,0.7827063447457456,0.8161592505759232,0.7518878101321264,0.9464359861578596
test_2_discont_005,1678,0.48755020080125483,0.7475369458036017,0.3617401668631601,0.823391003459068
test_2_empty_000,0,0.0,0.0,0.0,0.9999999999986159
test_2_empty_002,0,0.0,0.0,0.0,0.9907266435972447
test_2_empty_005,823,0.5489186405738985,0.4763181411932412,0.6476306196762135,0.8787543252582993
test_2_empty_006,0,0.0,0.0,0.0,0.9999999999986159
test_2_empty_008,0,0.0,0.0,0.0,0.950588235292802
test_2_empty_009,205,0.18591549295643722,0.10864197530774782,0.6439024389929804,0.8399999999988373
test_2_empty_010,78,0.0,0.0,0.0,0.9432525951544039
test_2_empty_012,0,0.0,0.0,0.0,0.9999999999986159
test_2_empty_013,0,0.0,0.0,0.0,0.9626297577841347
test_2_empty_017,0,0.0,0.0,0.0,0.966643598614579
test_2_empty_018,0,0.0,0.0,0.0,0.9999999999986159
test_2_normal_000,1167,0.5957446808487592,0.5430183356802326,0.6598114824279365,0.8553633217981241
test_2_normal_001,1347,0.9080370942777897,0.9468170829899532,0.8723088344404432,0.9670588235280733
test_2_normal_002,1743,0.7859577368753035,0.9680940386148775,0.661503155475264,0.9130795847738228
test_2_normal_003,1825,0.4502505368630986,0.649122807010845,0.3446575342446868,0.7874048442895676
test_2_normal_004,1667,0.6804915514566802,0.9455709711745404,0.5314937012565598,0.8848442906562147
test_2_normal_005,2230,0.5343378730787183,0.7551187551125708,0.41345291479635227,0.777577854670204
test_2_normal_006,1218,0.7946308724796661,0.8731563421743053,0.7290640394028813,0.936470588233998
test_2_normal_007,1617,0.6483427647508151,0.9358226370952646,0.4959802102628573,0.8795847750852878
test_2_normal_008,1773,0.6236315590765436,0.9429223744184598,0.46587704455462003,0.8620069204140318
test_2_normal_009,2187,0.4835766423342957,0.7220708446800903,0.36351165980629396,0.7649826989608789
test_2_normal_010,1694,0.7150837988800184,0.9687184661859867,0.5667060212481304,0.894117647057586
test_2_normal_011,1563,0.843382090614187,0.9532258064439256,0.7562380038339332,0.9392387543239595
test_2_normal_012,1206,0.9368465077334303,0.9451476793169187,0.928689883906064,0.9791003460194061
test_2_normal_013,1516,0.5906137184094202,0.6523125996758189,0.5395778364080503,0.8430449826977952
test_2_normal_014,1806,0.6584837545102582,0.9460580912764932,0.5049833887015228,0.8690657439434338
test_2_normal_015,1791,0.6522851919537394,0.9449152542272784,0.4980457844751645,0.8683737024209435
test_300_discont_000,931,0.2916378714561739,0.40891472867424583,0.22663802362807048,0.8581314878880857
test_300_discont_001,1307,0.7453105460577519,0.8186813186738217,0.6840091813260597,0.9154325259502901
test_300_discont_002,1676,0.5663224781550186,0.8467933491585892,0.42541766109531376,0.8488581314867144
test_300_discont_003,760,0.43085606772877844,0.7557755775328127,0.30131578946971954,0.9162629757772786
test_300_discont_004,1178,0.8495971351797243,0.8986742424157323,0.8056027164617522,0.9534948096872616
test_300_discont_005,965,0.9138381200996667,0.9210526315692521,0.9067357512859405,0.977162629756433
test_300_discont_006,1576,0.7744011440801774,0.8869778869706227,0.687182741112391,0.9126643598603285
test_300_discont_007,795,0.7841648589979168,0.6892278360277482,0.9094339622527116,0.9449134948083807
test_300_empty_000,0,0.0,0.0,0.0,0.9999999999986159
test_300_empty_002,0,0.0,0.0,0.0,0.9999999999986159
test_300_empty_003,0,0.0,0.0,0.0,0.9176470588222593
test_300_empty_004,0,0.0,0.0,0.0,0.9994463667806236
test_300_empty_005,0,0.0,0.0,0.0,0.9999999999986159
test_300_empty_007,0,0.0,0.0,0.0,0.9198615916942285
test_300_empty_008,0,0.0,0.0,0.0,0.9999999999986159
test_300_empty_010,0,0.0,0.0,0.0,0.9786851211059119
test_300_normal_000,839,0.7824742268000904,0.6893732969964635,0.9046483909308146,0.9415916955004269
test_300_normal_001,1042,0.9130434782564588,0.9192607003801629,0.906909788858859,0.9750865051889618
test_300_normal_002,1166,0.8440295604790198,0.772241992877066,0.9305317324105444,0.9444982698948865
test_300_normal_003,1223,0.8377079482408958,0.7645074223970006,0.9264104660594734,0.9392387543239595
test_300_normal_004,1043,0.9398749398704191,0.9430501930410904,0.9367209971147008,0.9826989619363561
test_300_normal_005,1095,0.9178966789625559,0.9273066169531473,0.9086757990784596,0.975363321797958
test_300_normal_006,1175,0.8598058252393794,0.7907142857086378,0.9421276595664501,0.9500346020748096
test_300_normal_007,1168,0.9230769230728887,0.9428571428487246,0.9041095890333553,0.9756401384069542
test_300_normal_008,1126,0.9431321084823135,0.929310344819575,0.9573712255687623,0.9820069204138657
test_300_normal_009,607,0.6782608695610046,0.5443668992966664,0.8995057660477841,0.9283044982686114
test_300_normal_010,1211,0.9077551020371113,0.8974979822365013,0.9182493806695439,0.9687197231820502
test_300_normal_011,1168,0.844274809157083,0.7617079889754704,0.946917808211071,0.9435294117634
test_300_normal_012,1077,0.9345266132786881,0.9483747609851972,0.9210770659153105,0.9807612456733831
test_300_normal_013,1021,0.9120553359638733,0.9202392821443645,0.9040156709020175,0.975363321797958
test_300_normal_014,1182,0.8486943164329928,0.7770745428918631,0.9348561759650182,0.9454671280263731
test_30_discont_000,1702,0.673837052969417,0.621219633115413,0.7361927144492586,0.8321107266424469
test_30_discont_001,516,0.4679415073063224,0.5576407506552912,0.4031007751859864,0.9345328719710249
test_30_discont_002,1524,0.6504934210499569,0.871145374439745,0.5190288713876704,0.8823529411752493
test_30_discont_003,1298,0.6199012730563266,0.467659741276097,0.9191063174043212,0.7975086505179273
test_30_discont_004,1312,0.7815656565631895,0.6670258620653716,0.9435975609684177,0.9042214532859457
test_30_discont_005,1519,0.867460908410769,0.9982862039331767,0.7669519420621005,0.9507266435973001
test_30_discont_006,1593,0.9234811165815321,0.9683195592219813,0.8826114249787659,0.9677508650505637
test_30_discont_007,1766,0.9219308700806855,0.9729559748366481,0.8759909399723896,0.9637370242201194
test_30_empty_002,0,0.0,0.0,0.0,0.9510034602062962
test_30_empty_003,0,0.0,0.0,0.0,0.9999999999986159
test_30_empty_005,0,0.0,0.0,0.0,0.9999999999986159
test_30_empty_008,0,0.0,0.0,0.0,0.9856055363308158
test_30_empty_011,0,0.0,0.0,0.0,0.9997231833896197
test_30_empty_012,0,0.0,0.0,0.0,0.9999999999986159
test_30_empty_013,0,0.0,0.0,0.0,0.955986159168227
test_30_empty_014,0,0.0,0.0,0.0,0.9932179930782101
test_30_normal_000,1697,0.8301578660837503,0.7713707637796087,0.8986446670542214,0.9136332179918151
test_30_normal_001,1814,0.9387170675803588,0.9767580452861934,0.9035281146587457,0.9703806228360272
test_30_normal_002,1697,0.955548835799953,0.9813664596212338,0.9310548025873244,0.9796539792373984
test_30_normal_003,1475,0.8255401483365833,0.7872078720738794,0.8677966101636082,0.9251211072651555
test_30_normal_004,960,0.5482200647231449,0.3976525821577575,0.8822916666574762,0.8067820069192986
test_30_normal_005,1660,0.9171824344211106,0.897864974028287,0.9373493975847148,0.9611072664346559
test_30_normal_006,1698,0.9461842505291999,0.9780012570648775,0.9163722025858871,0.9755017301024561
test_30_normal_007,1666,0.8434051497613153,0.7499999999964954,0.9633853541358741,0.9175086505177612
test_30_normal_008,1487,0.8133971291833597,0.9990205680607344,0.6859448554089715,0.9352249134935152
test_30_normal_009,1594,0.7277601754795814,0.595057791946612,0.9366373902074239,0.8453979238742625
test_30_normal_010,1497,0.8248620389171512,0.7297019527197858,0.9485637942488406,0.9165397923862747
test_30_normal_011,1693,0.9409307875866918,0.9505726341112082,0.9314825753045985,0.9725951557079964
test_30_normal_012,1855,0.9048873280629064,0.989756722144752,0.8334231805884991,0.9550173010367404
test_30_normal_013,1743,0.9133618059764693,0.9752442996679138,0.8588640275337989,0.9606920415211617
test_30_normal_014,1756,0.8001033057830577,0.7320415878982418,0.8821184510200335,0.8928719723171034
test_30_normal_015,1516,0.8687407407381668,0.7885960193610081,0.9670184696506134,0.9386851211059672
test_31_discont_000,1312,0.0,0.0,0.0,0.8184083044971372
test_31_discont_001,1452,0.4442094130066409,0.9567198177458606,0.28925619834511535,0.8545328719711356
test_31_discont_002,1403,0.4045454545439222,0.4316895715405684,0.3806129721997106,0.7824221453276368
test_31_discont_003,1848,0.4878246753226955,0.9756493506335122,0.3252164502146904,0.825328719722041
test_31_discont_004,1634,0.576706324356366,0.5903846153808309,0.563647490816624,0.812871972317214
test_31_discont_005,2019,0.5850299401180089,0.7395912187680577,0.4839029222363353,0.8081660899642794
test_31_discont_006,1315,0.4128440366948805,0.8391608391412783,0.27376425855305125,0.8582698961925838
test_31_discont_007,2117,0.7961272475773274,0.9606141521965247,0.6797354747251784,0.8979930795835322
test_31_empty_000,0,0.0,0.0,0.0,0.9999999999986159
test_31_empty_001,0,0.0,0.0,0.0,0.9940484429051986
test_31_empty_002,0,0.0,0.0,0.0,0.8878892733551725
test_31_empty_003,0,0.0,0.0,0.0,0.9999999999986159
test_31_empty_004,0,0.0,0.0,0.0,0.9999999999986159
test_31_empty_006,0,0.0,0.0,0.0,0.9999999999986159
test_31_empty_007,0,0.0,0.0,0.0,0.9999999999986159
test_31_normal_000,684,0.6888519134718066,0.7992277992123701,0.6052631578858879,0.9482352941163347
test_31_normal_001,1786,0.46005046257165666,0.9239864864708786,0.3062709966388227,0.8222837370230833
test_31_normal_002,1264,0.43483343073971464,0.8322147650820534,0.2943037974660261,0.8661591695489742
test_31_normal_003,1531,0.3258611262967422,0.999999999966443,0.19464402351277177,0.8293425605524853
test_31_normal_004,1698,0.5019108280233465,0.8995433789817421,0.3480565371004237,0.83764705882237
test_31_normal_005,630,0.7210526315726224,0.8058823529253748,0.6523809523705971,0.955986159168227
test_31_normal_006,986,0.5028248587535111,0.8279069767249324,0.3610547667306181,0.9025605536319687
test_32_discont_000,1325,0.9551083591294307,0.9801429706038115,0.9313207547099523,0.9839446366768388
test_32_discont_001,591,0.2534701267335337,0.19699812382554413,0.35532994923256633,0.828788927334493
test_32_discont_002,725,0.7505070993864064,0.7360742705472669,0.7655172413687514,0.948927335638825
test_32_discont_003,401,0.0,0.0,0.0,0.9444982698948865
test_32_discont_004,511,0.3432137285437876,0.8461538460887573,0.21526418786271498,0.941730103804925
test_32_discont_005,2055,0.9177839615458695,0.9557428872447011,0.8827250608229552,0.9550173010367404
test_32_discont_006,560,0.8696369636891945,0.8082822085765601,0.9410714285546237,0.9781314878879196
test_32_discont_007,1188,0.8626223091942755,0.8061448427153903,0.9276094276016196,0.9514186851197904
test_32_empty_001,0,0.0,0.0,0.0,0.9630449826976291
test_32_empty_002,26,0.0,0.0,0.0,0.9147404844277996
test_32_empty_003,0,0.0,0.0,0.0,0.9677508650505637
test_32_empty_006,309,0.43943191311245255,0.2961711711678359,0.8511326860565976,0.9071280276804053
test_32_empty_008,0,0.0,0.0,0.0,0.8991003460195168
test_32_empty_009,0,0.0,0.0,0.0,0.9433910034589019
test_32_normal_000,1192,0.8315196998092627,0.7522063815291772,0.9295302013344839,0.9378546712789788
test_32_normal_001,1129,0.7650771388472473,0.6331979106173349,0.9663418954741689,0.9072664359849034
test_32_normal_002,914,0.9229929000495741,0.9214830970455672,0.924507658633211,0.9804844290643869
test_32_normal_003,1256,0.9658187599325684,0.9642857142780613,0.9673566878903874,0.9880968858117812
test_32_normal_004,1938,0.9487927832291091,0.9765155652595494,0.9226006191902859,0.9732871972304868
test_32_normal_005,899,0.7966804979216382,0.6803149606245645,0.9610678531594987,0.9389619377149634
test_32_normal_006,1511,0.824976930172793,0.7706896551679846,0.8874917273270186,0.9212456747392094
test_32_normal_007,1941,0.9094850948484838,0.9594053744942287,0.8645028335864786,0.9537716262962578
test_32_normal_008,1583,0.9434336751540079,0.9902777777709009,0.9008212255154718,0.9763321799294445
test_32_normal_009,1098,0.9537366548000279,0.9321739130353724,0.9763205828690682,0.9856055363308158
test_32_normal_010,1108,0.881481481477854,0.8101361573312396,0.966606498186222,0.9601384083031693
test_32_normal_011,1085,0.9065130704434803,0.8728668941905047,0.942857142848453,0.9707958477495214
test_32_normal_012,1114,0.7703383729273926,0.6430288461499818,0.9605026929895827,0.911695501728842
test_32_normal_013,1220,0.9124797406770159,0.9022435897363603,0.922950819664566,0.970103806227031
test_32_normal_014,2415,0.9153278332589767,0.9621177544456316,0.8728778467872759,0.9460207612443654
test_32_normal_015,2144,0.9553166069272274,0.9794218520285183,0.9323694029807259,0.9741176470574753
test_33_discont_000,1058,0.252683732450432,0.9999999999346405,0.14461247636914357,0.874740484427855
test_33_discont_001,994,0.5883720930209754,0.47856242118235465,0.7635814889259197,0.8530103806216568
test_33_discont_002,538,0.6753623188356859,0.5534441805159923,0.8661710037013722,0.9379930795834769
test_33_empty_000,0,0.0,0.0,0.0,0.9999999999986159
test_33_empty_001,0,0.0,0.0,0.0,0.9999999999986159
test_33_empty_005,0,0.0,0.0,0.0,0.9933564013827082
test_33_empty_007,0,0.0,0.0,0.0,0.9999999999986159
test_33_empty_009,0,0.0,0.0,0.0,0.8989619377150188
test_33_empty_010,0,0.0,0.0,0.0,0.9952941176456813
test_33_empty_012,0,0.0,0.0,0.0,0.9804844290643869
test_33_empty_014,0,0.0,0.0,0.0,0.9476816608983423
test_33_empty_015,0,0.0,0.0,0.0,0.9741176470574753
test_33_empty_018,0,0.0,0.0,0.0,0.918754325258244
test_33_normal_000,322,0.0,0.0,0.0,0.9544636678187481
test_33_normal_001,780,0.7691256830548557,0.8230994151926447,0.721794871785618,0.9532179930782655
test_33_normal_002,609,0.6565656565590245,0.8530183726810231,0.5336617405495293,0.9529411764692693
test_33_normal_003,921,0.7607510599590506,0.8602739725909552,0.6818675352803272,0.945328719721875
test_33_normal_004,701,0.7301337529446882,0.8140350877050169,0.6619115549120983,0.952525951555775
test_33_normal_005,466,0.5264705882275519,0.8364485980917548,0.3841201716655768,0.9554325259502348
test_33_normal_006,846,0.7530562347142234,0.7797468354331678,0.7281323876982491,0.9440830449813923
test_33_normal_007,738,0.7509077705101604,0.8090766823034573,0.7005420054105618,0.952525951555775
test_33_normal_008,538,0.567567567560595,0.8369565217088059,0.4293680297317961,0.9512802768152924
test_33_normal_009,401,0.20479302831797835,0.8103448274464923,0.11720698254071803,0.9494809688568173
test_33_normal_010,671,0.7024221453226435,0.8371134020445956,0.6050670640744401,0.952387543251277
test_33_normal_011,361,0.0,0.0,0.0,0.9500346020748096
test_33_normal_012,718,0.7357197258131324,0.8117647058687099,0.6727019498513551,0.9519723183377827
test_34_discont_000,921,0.3601398601367121,0.9237668161020732,0.22366992399322833,0.8986851211060226
test_34_discont_001,660,0.8791540785432089,0.8765060240831851,0.881818181804821,0.9778546712789234
test_34_discont_002,828,0.28309572301137376,0.9025974025387923,0.16787439613323824,0.9025605536319687
test_34_discont_003,1106,0.8104033169965684,0.6948933419476736,0.9719710668989877,0.9303806228360826
test_34_discont_004,1503,0.9179810725523092,0.8728254349077815,0.9680638722490482,0.9640138408291156
test_34_empty_003,0,0.0,0.0,0.0,0.9182006920402517
test_34_empty_007,0,0.0,0.0,0.0,0.9999999999986159
test_34_empty_008,0,0.0,0.0,0.0,0.9999999999986159
test_34_empty_010,0,0.0,0.0,0.0,0.9999999999986159
test_34_empty_011,0,0.0,0.0,0.0,0.9980622837356429
test_34_normal_000,884,0.9415584415533466,0.9024896265466547,0.9841628959164688,0.9850519031128234
test_34_normal_001,964,0.8996359854347393,0.9019812304389783,0.8973029045550073,0.9732871972304868
test_34_normal_002,1361,0.9552238805935376,0.9466089466021169,0.9639970609774873,0.9829757785453523
test_34_normal_003,981,0.9718592964775284,0.9583746283353977,0.985728848104121,0.9922491349467235
test_34_normal_004,1123,0.8165103189462796,0.7055771724986669,0.9688334817366979,0.9323183390990556
test_34_normal_005,990,0.9470068694752355,0.920801526708771,0.9747474747376288,0.9850519031128234
test_34_normal_006,1036,0.9681710213730729,0.9532273152389783,0.9835907335812396,0.9907266435972447
test_34_normal_007,961,0.9549641760442428,0.9395770392654624,0.9708636836527486,0.9878200692027851
test_34_normal_008,1320,0.9554807332549365,0.9438285291874071,0.9674242424169135,0.9835294117633446
test_34_normal_009,1332,0.907042253517933,0.85411140582988,0.9669669669597075,0.9634602076111233
test_34_normal_010,830,0.9321163719285105,0.8851570964151121,0.9843373493857309,0.9835294117633446
test_34_normal_011,1090,0.8620525059624723,0.8985074626776268,0.8284403669648768,0.9599999999986712
test_34_normal_012,944,0.9489274770125183,0.9161735700106887,0.9841101694811005,0.9861591695488081
test_34_normal_013,919,0.9615795090663737,0.9434554973723198,0.9804134929164264,0.9900346020747542
test_34_normal_014,1059,0.9644341801341135,0.9439421338070169,0.9858356940416825,0.9893425605522639
test_34_normal_015,1051,0.898592916055805,0.9168316831592392,0.8810656517518454,0.9710726643585176
test_35_discont_000,1298,0.6010498687648267,0.4558121019090135,0.8821263482212471,0.7896193771615369
test_35_discont_001,1037,0.5599497802870058,0.41507677989569536,0.8601735776194777,0.8059515570923101
test_35_discont_002,877,0.8273244781731353,0.928977272714077,0.7457240592845413,0.9622145328706405
test_35_empty_001,0,0.0,0.0,0.0,0.9991695501716275
test_35_empty_003,0,0.0,0.0,0.0,0.8437370242202855
test_35_empty_004,0,0.0,0.0,0.0,0.9999999999986159
test_35_empty_005,0,0.0,0.0,0.0,0.9713494809675137
test_35_empty_006,0,0.0,0.0,0.0,0.9078200692028958
test_35_empty_007,1209,0.6460587326100585,0.5157946692965657,0.8643507030532313,0.8415224913483162
test_35_empty_013,0,0.0,0.0,0.0,0.8489965397912125
test_35_empty_014,0,0.0,0.0,0.0,0.9999999999986159
test_35_empty_015,0,0.0,0.0,0.0,0.8530103806216568
test_35_empty_016,0,0.0,0.0,0.0,0.9999999999986159
test_35_normal_000,588,0.22356495467940235,0.999999999864865,0.1258503401339141,0.9288581314866037
test_35_normal_001,909,0.9035812672126525,0.9050772626831669,0.9020902090109781,0.9757785467114523
test_35_normal_002,1044,0.6336429308543735,0.4943639291438843,0.8821839080375271,0.8525951557081625
test_35_normal_003,788,0.9365079365022192,0.9023529411658546,0.9733502537947545,0.9856055363308158
test_35_normal_004,1432,0.6991822429886122,0.6009036144548148,0.8358938547427661,0.8574394463655952
test_35_normal_005,1031,0.9470672389082162,0.9315196998036444,0.9631425800100569,0.9846366781993292
test_35_normal_006,719,0.9090909090847873,0.8812010443749191,0.9388038942845786,0.9813148788913754
test_35_normal_007,754,0.918774966704935,0.922459893035796,0.9151193633830886,0.9831141868498504
test_35_normal_008,1383,0.65547561950265,0.5189873417699621,0.88937093274845,0.8210380622826007
test_35_normal_009,992,0.9440488301071005,0.9527720739121892,0.9354838709583116,0.9847750865038273
test_35_normal_010,1148,0.6296296296277182,0.4832246039120074,0.9033101045217482,0.8311418685109604
test_35_normal_011,1034,0.7809057527507919,0.6753705010538084,0.9255319148846661,0.9256747404831479
test_35_normal_012,833,0.8394919168542755,0.8086763069987911,0.8727490996293787,0.9615224913481502
test_35_normal_013,784,0.9280303030244443,0.9187499999885156,0.9374999999880421,0.984221453285835
test_35_normal_014,763,0.924232936750631,0.884892086320325,0.9672346002494464,0.9832525951543485
test_35_normal_015,588,0.2312312312277593,0.9871794870529258,0.13095238095015388,0.9291349480955998
test_36_discont_000,760,0.6528239202603586,0.8851351351151996,0.5171052631510907,0.9421453287184192
test_36_discont_001,546,0.60961313012181,0.8469055374316968,0.47619047618175475,0.9539100346007559
test_36_discont_002,842,0.8590381426154835,0.8035160289472232,0.9228028503453348,0.9647058823516059
test_36_discont_003,1414,0.9031791907481822,0.9231905465219854,0.8840169731196322,0.962906574393131
test_36_discont_004,1204,0.8865820838105092,0.8253400143104844,0.9576411960053353,0.9591695501716828
test_36_discont_005,720,0.7789473684162295,0.7027932960815331,0.8736111110989776,0.950588235292802
test_36_discont_006,877,0.9117487818034016,0.8680412371044531,0.9600912200574676,0.9774394463654291
test_36_discont_007,1529,0.8592233009678946,0.9143911439046909,0.8103335513354459,0.9438062283723961
test_36_empty_000,0,0.0,0.0,0.0,0.9999999999986159
test_36_empty_001,0,0.0,0.0,0.0,0.9962629757771678
test_36_empty_003,0,0.0,0.0,0.0,0.9999999999986159
test_36_empty_007,626,0.6346258874897072,0.4821576763445464,0.9281150159596148,0.9074048442894015
test_36_empty_010,0,0.0,0.0,0.0,0.9438062283723961
test_36_empty_011,0,0.0,0.0,0.0,0.9999999999986159
test_36_empty_012,0,0.0,0.0,0.0,0.9987543252581332
test_36_empty_013,0,0.0,0.0,0.0,0.9768858131474368
test_36_normal_000,683,0.7427803895181815,0.6861042183537704,0.8096632503541777,0.9469896193758519
test_36_normal_001,879,0.8863999999952726,0.8343373493892134,0.9453924914568215,0.9705190311405253
test_36_normal_002,1231,0.8959999999965867,0.8436154949724275,0.9553208773277392,0.9622145328706405
test_36_normal_003,1480,0.8816188870122037,0.8801346801287534,0.8831081081021412,0.9514186851197904
test_36_normal_004,1181,0.9473684210487362,0.920863309345157,0.975444538518413,0.9822837370228619
test_36_normal_005,1219,0.8130808950058069,0.7004744958440067,0.9688269072931188,0.9248442906561594
test_36_normal_006,1196,0.9517009659766834,0.9561181434518472,0.9473244147077984,0.9840830449813369
test_36_normal_007,1364,0.8934147997254127,0.8318584070743879,0.9648093841571496,0.9565397923862193
test_36_normal_008,1558,0.8753657109395103,0.804301075264493,0.9602053915214365,0.9410380622824346
test_36_normal_009,1220,0.824555284266395,0.7176684881559341,0.9688524590084521,0.9303806228360826
test_36_normal_010,1297,0.9089595375689705,0.8552005438419089,0.96993060909044,0.9651211072651001
test_36_normal_011,855,0.9020044543379622,0.8607863974403742,0.9473684210415513,0.9756401384069542
test_36_normal_012,1318,0.9470566456832764,0.9248011568985915,0.9704097116770076,0.9802076124553907
test_36_normal_013,1498,0.9009745363065044,0.8514557338036158,0.9566088117426128,0.9564013840817213
test_36_normal_014,1468,0.8329253365947585,0.7561111111069105,0.927111716614938,0.9244290657426651
test_36_normal_015,1473,0.8385714285684337,0.8847023360897913,0.797012898840482,0.9374394463654845
test_37_discont_000,1263,0.9653784218962747,0.9819819819739396,0.949326999200718,0.9880968858117812
test_37_discont_001,797,0.7100671140891942,0.7633477633367483,0.6637390213216595,0.940207612455446
test_37_discont_002,1061,0.9014821272846492,0.838605028379249,0.9745523091331334,0.9687197231820502
test_37_discont_003,540,0.0,0.0,0.0,0.9252595155696536
test_37_discont_004,799,0.8726027397200508,0.9636913766873874,0.7972465581877691,0.9742560553619733
test_37_discont_005,751,0.8482605477361344,0.9549999999840834,0.7629826897368445,0.9716262975765099
test_37_discont_006,663,0.21052631578663258,0.999999999871795,0.11764705882175494,0.9190311418672401
test_37_discont_007,1111,0.9549954995456571,0.9549954995413593,0.9549954995413593,0.9861591695488081
test_37_empty_001,0,0.0,0.0,0.0,0.9206920415212171
test_37_empty_002,0,0.0,0.0,0.0,0.8971626297565437
test_37_empty_003,0,0.0,0.0,0.0,0.826989619376018
test_37_empty_004,0,0.0,0.0,0.0,0.9314878892720672
test_37_empty_006,0,0.0,0.0,0.0,0.8973010380610418
test_37_empty_010,0,0.0,0.0,0.0,0.9103114186838612
test_37_empty_011,0,0.0,0.0,0.0,0.9973702422131524
test_37_normal_000,1055,0.8746038931603685,0.837088388207651,0.9156398104178614,0.9616608996526482
test_37_normal_001,1123,0.943296703292557,0.931423611103026,0.9554764024848132,0.9821453287183638
test_37_normal_002,1308,0.9477406679727005,0.9749393694343175,0.9220183486168042,0.9815916955003715
test_37_normal_003,635,0.3558467741917548,0.2616753150462441,0.5559055118022692,0.8231141868500719
test_37_normal_004,1255,0.9486260453964611,0.9482484076357625,0.9490039840561834,0.9821453287183638
test_37_normal_005,1290,0.9372579395780897,0.9365325077326895,0.9379844961167599,0.9775778546699272
test_37_normal_006,843,0.6539534883690514,0.5378729915796644,0.8339264531336427,0.8970242214520456
test_37_normal_007,1321,0.9557453416111967,0.9808764940160887,0.9318697956023326,0.984221453285835
test_37_normal_008,1185,0.9507368421012601,0.9487394957903468,0.9527426160257153,0.9838062283723408
test_37_normal_009,1183,0.8782854832152112,0.8418604651097531,0.9180050718434658,0.9583391003446944
test_37_normal_010,1301,0.9491925955063049,0.9733441033847066,0.9262106072180922,0.9821453287183638
test_37_normal_011,771,0.5111226073434499,0.42512908777603164,0.6407263294339725,0.8692041522479319
test_38_discont_000,1233,0.5723648279597359,0.8762541805873536,0.42497972424635055,0.8916262975766206
test_38_discont_001,1604,0.756784968682785,0.6508078994584794,0.9039900249320201,0.871003460206407
test_38_discont_002,1573,0.8693849343439206,0.9523088569193618,0.7997457088315337,0.9476816608983423
test_38_discont_003,1915,0.44999999999821433,0.9371900826291374,0.296083550912292,0.8081660899642794
test_38_discont_004,676,0.20927152317603614,0.9999999998734178,0.11686390532371503,0.9173702422132631
test_38_discont_005,995,0.8823529411718364,0.9240924092307581,0.8442211055191535,0.9689965397910464
test_38_discont_006,442,0.7468531468427013,0.978021977986153,0.6040723981763785,0.9749480968844637
test_38_discont_007,700,0.2389937106888177,0.9999999998947369,0.13571428571234695,0.9162629757772786
test_38_empty_001,0,0.0,0.0,0.0,0.9673356401370694
test_38_empty_002,0,0.0,0.0,0.0,0.8477508650507297
test_38_empty_003,0,0.0,0.0,0.0,0.9684429065730541
test_38_empty_005,0,0.0,0.0,0.0,0.9999999999986159
test_38_empty_006,0,0.0,0.0,0.0,0.9385467128014692
test_38_empty_009,0,0.0,0.0,0.0,0.9526643598602731
test_38_empty_010,0,0.0,0.0,0.0,0.9897577854657581
test_38_empty_013,0,0.0,0.0,0.0,0.9999999999986159
test_38_normal_000,961,0.46043165467451563,0.36190476190260773,0.6326742976000762,0.8027681660888543
test_38_normal_001,1401,0.9414332484505586,0.9599406528118699,0.9236259814352347,0.9777162629744253
test_38_normal_002,1293,0.7006285147181587,0.6121387283201611,0.8190255220354291,0.874740484427855
test_38_normal_003,1335,0.9275900482698567,0.9197349042642141,0.9355805243375612,0.9730103806214907
test_38_normal_004,1566,0.7511961722462366,0.8080882352881759,0.7017879948869619,0.8992387543240149
test_38_normal_005,1128,0.6413934426207603,0.5216666666637686,0.8324468085032585,0.8546712802756337
test_39_discont_000,400,0.0,0.0,0.0,0.9446366781993846
test_39_discont_001,780,0.6032233307705048,0.7514340344024583,0.5038461538396942,0.9284429065731095
test_39_discont_002,742,0.7067137809151605,0.5649717514078695,0.9433962264023801,0.9195847750852324
test_39_discont_003,334,0.8079470198568484,0.7244655581775661,0.9131736526672702,0.9799307958463945
test_39_discont_004,254,0.0,0.0,0.0,0.964844290656104
test_39_discont_005,1390,0.9747345294728131,0.9925428784415172,0.9575539568276435,0.9904498269882486
test_39_discont_006,2211,0.9453302961254093,0.9522716842544642,0.9384893713209477,0.9667820069190771
test_39_discont_007,1967,0.9440203562316947,0.9449821701429192,0.9430604982158463,0.9695501730090387
test_39_empty_000,0,0.0,0.0,0.0,0.9999999999986159
test_39_empty_001,0,0.0,0.0,0.0,0.9680276816595599
test_39_empty_002,0,0.0,0.0,0.0,0.9853287197218197
test_39_empty_007,0,0.0,0.0,0.0,0.9781314878879196
test_39_empty_008,0,0.0,0.0,0.0,0.9999999999986159
test_39_empty_009,0,0.0,0.0,0.0,0.9999999999986159
test_39_empty_010,0,0.0,0.0,0.0,0.9999999999986159
test_39_normal_000,1902,0.9365415124248109,0.942021276590734,0.9311251314356934,0.9667820069190771
test_39_normal_001,1221,0.9622792937361064,0.9433516915740099,0.9819819819739396,0.9869896193757965
test_39_normal_002,1360,0.96398069067596,0.9737434358516599,0.9544117646988647,0.9865743944623023
test_39_normal_003,1425,0.9511514305619291,0.9458709229635957,0.9564912280634633,0.980622837368885
test_39_normal_004,1317,0.9697896749484903,0.9768875192528746,0.9627942293017252,0.9890657439432677
test_39_normal_005,1370,0.9744160177939399,0.9902034664582502,0.9591240875842401,0.9904498269882486
test_39_normal_006,1781,0.9421348314580278,0.9426644182071802,0.9416058394107715,0.9714878892720118
test_39_normal_007,1200,0.9664484451678951,0.9493569131756483,0.9841666666584654,0.9886505190297735
test_39_normal_008,1990,0.945857466630708,0.9480060575419081,0.9437185929600819,0.9702422145315291
test_39_normal_009,1215,0.9652351738201831,0.9593495934881354,0.9711934156298668,0.9882352941162793
test_39_normal_010,1399,0.9640287769749496,0.9703113685664714,0.9578270192926532,0.9861591695488081
test_39_normal_011,1436,0.9648451096381314,0.9645093945653131,0.9651810584891005,0.98602076124431
test_39_normal_012,1492,0.9618788291321924,0.9771784232297568,0.9470509383314542,0.9844982698948311
test_39_normal_013,1376,0.8834482758590226,0.8405511810968468,0.9309593023188157,0.9532179930782655
test_39_normal_014,1249,0.8914760914723847,0.9273356401303865,0.8582866292965711,0.9638754325246175
test_39_normal_015,1427,0.940488476088956,0.9236486486424078,0.9579537491173234,0.9760553633204484
test_3_discont_000,922,0.8314255983307418,0.79899999999201,0.8665943600773688,0.9551557093412385
test_3_discont_001,2112,0.7401270367281411,0.8880053015183036,0.6344696969666929,0.8697577854659242
test_3_discont_002,775,0.2970106075188331,0.5877862595195501,0.19870967741679085,0.8991003460195168
test_3_discont_003,1517,0.8550573514047444,0.9044117646992323,0.810810810805466,0.9422837370229172
test_3_discont_004,1977,0.7930933567433623,0.9409722222156878,0.6853818917517179,0.9021453287184745
test_3_discont_005,405,0.8090523337933656,0.9470198675183106,0.7061728394887364,0.9813148788913754
test_3_discont_006,2311,0.7545003913364089,0.9500657030160968,0.6257031588030043,0.8697577854659242
test_3_discont_007,1959,0.7760663507086017,0.9244883556744921,0.6687085247541159,0.8953633217980688
test_3_empty_000,0,0.0,0.0,0.0,0.9849134948083254
test_3_empty_004,0,0.0,0.0,0.0,0.8996539792375091
test_3_normal_000,1556,0.8527607361934125,0.9078374455667066,0.8039845758303087,0.940207612455446
test_3_normal_001,1578,0.8267962512987616,0.9140445126560703,0.7547528517062437,0.9309342560540749
test_3_normal_002,1714,0.9305974652959246,0.9637499999939766,0.8996499416516941,0.968166089964058
test_3_normal_003,397,0.5913875598029533,0.476851851844493,0.7783375314665406,0.9408996539779365
test_3_normal_004,1411,0.8362004487627667,0.8851939825741474,0.7923458539986369,0.9393771626284576
test_3_normal_005,924,0.8303677342774,0.9186351705916189,0.7575757575675587,0.9604152249121656
test_3_normal_006,1462,0.9060851213474989,0.9326574945623993,0.8809849521143572,0.9630449826976291
test_3_normal_007,1787,0.7925598991147775,0.9075812274302703,0.703413542245644,0.9089273356388804
test_3_normal_008,1861,0.8552479815430933,0.9228375855574186,0.7968833960193612,0.9305190311405807
test_3_normal_009,2001,0.8203524729936886,0.9512195121888516,0.7211394302812537,0.9125259515558304
test_3_normal_010,1513,0.8363126533444224,0.8902985074560427,0.7884996695255222,0.9353633217980134
test_3_normal_011,1838,0.845433255266846,0.9150823827571922,0.785636561475595,0.9269204152236306
test_3_normal_012,581,0.8374999999934571,0.7668097281721487,0.9225473321700077,0.9712110726630157
test_3_normal_013,1389,0.8484374999966858,0.9274124679681691,0.7818574513982588,0.9462975778533615
test_3_normal_014,1664,0.9060402684536119,0.9200743494366787,0.8924278846100215,0.9573702422132078
test_3_normal_015,1502,0.9067357512924005,0.88272383353794,0.9320905459325427,0.9601384083031693
test_40_discont_000,808,0.629690048934505,0.9234449760544631,0.4777227722713153,0.9371626297564883
test_40_discont_001,548,0.695752009176857,0.9380804953269943,0.5529197080191073,0.9633217993066252
test_40_discont_002,738,0.5583864118866328,0.45898778359110837,0.712737127361616,0.8848442906562147
test_40_discont_003,1084,0.612817089450558,0.4801255230100412,0.846863468626874,0.839446366780845
test_40_discont_004,755,0.5734331150581224,0.44323933477626004,0.8119205297905706,0.8737716262963685
test_40_discont_005,1598,0.780398322849108,0.6713255184820951,0.9317897371656334,0.8840138408292263
test_40_discont_006,1620,0.8973105134446904,0.8886198547161707,0.9061728395005793,0.9534948096872616
test_40_discont_007,1927,0.9175176747815724,0.9260042283249155,0.9091852620606685,0.9564013840817213
test_40_empty_000,23,0.0,0.0,0.0,0.8274048442895122
test_40_empty_003,0,0.0,0.0,0.0,0.9094809688568727
test_40_empty_005,0,0.0,0.0,0.0,0.9698269896180348
test_40_empty_007,0,0.0,0.0,0.0,0.9635986159156213
test_40_empty_008,0,0.0,0.0,0.0,0.9999999999986159
test_40_empty_009,0,0.0,0.0,0.0,0.9410380622824346
test_40_normal_000,1832,0.911485774497072,0.8808553971441913,0.9443231440996489,0.9534948096872616
test_40_normal_001,1061,0.8960739029981706,0.8786231883978386,0.9142318567303089,0.9688581314865483
test_40_normal_002,1250,0.9455388180728252,0.914115011195563,0.9791999999921664,0.9804844290643869
test_40_normal_003,1727,0.9188405797074817,0.9199071387062107,0.9177764910195845,0.961245674739154
test_40_normal_004,2079,0.894422310754745,0.927207021161966,0.8638768638727087,0.9413148788914307
test_40_normal_005,2035,0.8979166666643283,0.9551246537343206,0.8471744471702842,0.9457439446353693
test_40_normal_006,1315,0.9524517087631782,0.9310094408066013,0.9749049429583658,0.9822837370228619
test_40_normal_007,2205,0.8482559431218657,0.8314459930277377,0.8657596371842823,0.9054671280264285
test_40_normal_008,2247,0.925188136341467,0.920299427560897,0.9301290609660431,0.9532179930782655
test_40_normal_009,2166,0.9179943767551125,0.9319695528024169,0.9044321329598134,0.9515570934242885
test_40_normal_010,2588,0.923373866047243,0.9224836097149153,0.9242658423457332,0.9450519031128788
test_40_normal_011,1443,0.8506686478423081,0.9167333867020279,0.7934857934802947,0.9443598615903884
test_40_normal_012,2005,0.8948545861275295,0.8919722497478099,0.8977556109680911,0.9414532871959288
test_40_normal_013,1197,0.9255404323421716,0.8885472713229167,0.9657477025817399,0.9742560553619733
test_40_normal_014,1262,0.9550173010343906,0.9275578790072625,0.9841521394533744,0.9838062283723408
test_40_normal_015,1763,0.923825887740768,0.9329091960616952,0.9149177538235116,0.9631833910021271
test_41_discont_000,671,0.17241379310116162,0.7831325300261287,0.09687034277053845,0.9136332179918151
test_41_discont_001,1383,0.4581196581177004,0.5600835945605007,0.38756326825460913,0.8244982698950526
test_41_discont_002,367,0.7312883435493094,0.6651785714137237,0.8119891007953136,0.9696885813135367
test_41_discont_003,773,0.47080979283925795,0.8650519030842543,0.32341526519633357,0.9222145328706959
test_41_discont_004,1005,0.7546115148085265,0.8609693877441202,0.6716417910380931,0.9392387543239595
test_41_discont_005,949,0.7203551046244746,0.9044585987117124,0.5985247629020176,0.9389619377149634
test_41_discont_006,1065,0.7852169255448034,0.9139650872703994,0.6882629107916596,0.9444982698948865
test_41_discont_007,1613,0.9356277883972733,0.9626229508133599,0.9101053936707372,0.9720415224900041
test_41_empty_003,0,0.0,0.0,0.0,0.9999999999986159
test_41_empty_004,0,0.0,0.0,0.0,0.9999999999986159
test_41_empty_005,0,0.0,0.0,0.0,0.9957093425591755
test_41_empty_006,0,0.0,0.0,0.0,0.9999999999986159
test_41_empty_007,0,0.0,0.0,0.0,0.9999999999986159
test_41_empty_008,0,0.0,0.0,0.0,0.9530795847737674
test_41_empty_010,0,0.0,0.0,0.0,0.9876816608982869
test_41_empty_011,0,0.0,0.0,0.0,0.9999999999986159
test_41_normal_000,1543,0.9462151394390896,0.9700476514569772,0.9235255994755442,0.9775778546699272
test_41_normal_001,1354,0.9444657219419975,0.9809069212332466,0.9106351550892864,0.9799307958463945
test_41_normal_002,1362,0.924394785843857,0.9380196522982766,0.9111600587304615,0.971903114185506
test_41_normal_003,1379,0.9759650400547125,0.9802487198172624,0.9717186366862095,0.9908650519017428
test_41_normal_004,1895,0.9254470426384445,0.9666666666611111,0.8875989445863451,0.9624913494796367
test_41_normal_005,1594,0.8244274809130338,0.9801210025844416,0.7114178168085858,0.9331487889260441
test_41_normal_006,1341,0.9647411852927055,0.9705660377285241,0.9589858314619017,0.9869896193757965
test_41_normal_007,1276,0.9777950915427434,0.9721146398065678,0.9835423197415084,0.9921107266422254
test_41_normal_008,1641,0.895439031955025,0.9121365360245757,0.8793418647112777,0.9533564013827636
test_41_normal_009,1684,0.9352869352840804,0.9623115577829001,0.9097387173342653,0.9706574394450234
test_41_normal_010,1342,0.9268668206276872,0.9585987261070176,0.8971684053584414,0.9737024221439811
test_41_normal_011,1296,0.9161966156288631,0.9586846542920854,0.8773148148080455,0.9712110726630157
test_41_normal_012,1548,0.9317725752477198,0.9660194174690291,0.8998708010277787,0.9717647058810079
test_41_normal_013,1427,0.9084055785868511,0.9828711256037287,0.8444288717530174,0.9663667820055829
test_41_normal_014,1581,0.9576736672020754,0.9788639365853444,0.9373814041686441,0.9818685121093677
test_41_normal_015,1834,0.885491606711974,0.9833555259588326,0.8053435114459906,0.94712802768035
test_42_discont_000,1052,0.31024613623176733,0.38992805754834636,0.2576045627351939,0.8332179930784316
test_42_discont_001,456,0.0,0.0,0.0,0.9368858131474922
test_42_discont_002,558,0.2313787638632111,0.9999999998630138,0.1308243727575121,0.932871972317048
test_42_discont_003,502,0.09061488673041408,0.09882352940943945,0.08366533864375168,0.8833217993067359
test_42_discont_004,757,0.6149635036440241,0.9941002949559262,0.4451783355291258,0.9415916955004269
test_42_empty_000,0,0.0,0.0,0.0,0.985882352939812
test_42_empty_002,0,0.0,0.0,0.0,0.8812456747392647
test_42_empty_006,0,0.0,0.0,0.0,0.9976470588221485
test_42_empty_007,0,0.0,0.0,0.0,0.9946020761231908
test_42_normal_000,492,0.2558879694445838,0.1862835959204237,0.40853658535755005,0.8382006920403624
test_42_normal_001,721,0.7726120033747033,0.9891774891560784,0.6338418862602796,0.9627681660886329
test_42_normal_002,1131,0.6812263754696295,0.6487999999948096,0.7170645446444115,0.8949480968845744
test_42_normal_003,771,0.8656499636828929,0.9834983498187542,0.7730220492766144,0.9743944636664714
test_42_normal_004,664,0.7608695652104994,0.9545454545237603,0.6325301204724016,0.9634602076111233
test_42_normal_005,785,0.7082990961322244,0.9976851851620906,0.549044585980267,0.9508650519017982
test_42_normal_006,927,0.7098121085557944,0.6875631951396606,0.733549083055733,0.9230449826976844
test_42_normal_007,642,0.7172011661737882,0.9534883720683853,0.5747663551312342,0.9597231833896751
test_42_normal_008,703,0.766467065861707,0.9613733905373095,0.6372688477860986,0.9622145328706405
test_42_normal_009,773,0.7302363488123046,0.9867841409474276,0.5795601552318298,0.954186851209752
test_42_normal_010,757,0.6397849462308264,0.9944289693316315,0.47159841478901454,0.9443598615903884
test_42_normal_011,717,0.5157024793360017,0.4262295081928395,0.6527196652628631,0.8783391003448051
test_42_normal_012,813,0.8080691642604723,0.7603036876273286,0.8622386223756182,0.9539100346007559
test_42_normal_013,1044,0.6639566395633968,0.6282051281997589,0.7040229884990037,0.8970242214520456
test_42_normal_014,641,0.7348119575628274,0.9621212120969161,0.5943837753417412,0.9619377162616444
test_42_normal_015,703,0.8587390263299383,0.978181818164033,0.7652916073859845,0.9755017301024561
test_43_discont_000,463,0.5802469135751301,0.4903129657154946,0.7105831533323848,0.9341176470575306
test_43_discont_001,1798,0.863985262508861,0.9643591500962004,0.7825361512748469,0.9386851211059672
test_43_discont_002,361,0.44678811121335776,0.3416422287339935,0.6454293628630074,0.9201384083032247
test_43_discont_003,1531,0.7788079470172887,0.7897918065762942,0.7681254082248979,0.9075432525938996
test_43_discont_004,436,0.25159235668389185,0.4114583333119032,0.18119266054630292,0.9349480968845191
test_43_discont_005,631,0.7638629283441505,0.6293634496855302,0.9714738510147152,0.9475432525938442
test_43_discont_006,371,0.7824726134462837,0.932835820860715,0.6738544474211899,0.9807612456733831
test_43_discont_007,874,0.7882653061174218,0.8904899135318373,0.7070938215022071,0.9540484429052539
test_43_normal_000,887,0.7212297465695006,0.5710526315751905,0.9785794813869382,0.9071280276804053
test_43_normal_001,1480,0.9087366027901633,0.8749218261358667,0.9452702702638833,0.9611072664346559
test_43_normal_002,825,0.9242788461482917,0.916567342062973,0.9321212121099137,0.982560553631858
test_43_normal_003,1978,0.9575447570307991,0.9689440993738668,0.9464105156676117,0.9770242214519349
test_43_normal_004,742,0.9278623428131842,0.9115734720297585,0.9447439352972407,0.9849134948083254
test_43_normal_005,1489,0.9343868086536091,0.9563994374053699,0.9133646742719049,0.973564013839483
test_43_normal_006,2240,0.975920036344898,0.99352451433398,0.9589285714242906,0.9853287197218197
test_43_normal_007,2205,0.9681411872542559,0.9786839666312388,0.9578231292473569,0.9807612456733831
test_43_normal_008,1667,0.9430700447065781,0.9372037914636422,0.9490101979547151,0.973564013839483
test_43_normal_009,2112,0.923441573830473,0.9245372567587825,0.9223484848441177,0.9552941176457367
test_43_normal_010,2110,0.9549376797676057,0.9660523763289717,0.944075829379412,0.9739792387529772
test_43_normal_011,761,0.9485199485138448,0.9293820933047997,0.9684625492645406,0.9889273356387697
test_43_normal_012,2318,0.9671953074061108,0.9741794310679467,0.9603106125929236,0.9791003460194061
test_43_normal_013,1501,0.9412969283244325,0.9650104968441917,0.9187208527587027,0.9761937716249465
test_43_normal_014,884,0.9503141062195871,0.9596309111769362,0.9411764705775885,0.9879584775072832
test_43_normal_015,2305,0.9415331312235999,0.9399048854261137,0.9431670281954744,0.9626297577841347
test_44_discont_000,954,0.8563084112099515,0.9670184696442345,0.768343815505573,0.9659515570920887
test_44_discont_001,848,0.605833333330809,0.4684278350485282,0.8573113207446071,0.8690657439434338
test_44_discont_002,496,0.9215896884970828,0.9862068965290527,0.8649193548212718,0.9898961937702562
test_44_discont_003,995,0.6522108843509685,0.5652173913001827,0.7708542713490366,0.8867820069191878
test_44_discont_004,1199,0.8171206225641191,0.9801633605486562,0.7005838198440318,0.9479584775073385
test_44_discont_005,812,0.9356499356439149,0.9797843665636148,0.8953201970333089,0.9861591695488081
test_44_discont_006,853,0.9237445753197536,0.9802631578818386,0.8733880421937469,0.9829757785453523
test_44_discont_007,1241,0.836743974530074,0.9603340292175331,0.7413376309368144,0.9503114186838059
test_44_empty_000,0,0.0,0.0,0.0,0.994878892732187
test_44_empty_004,0,0.0,0.0,0.0,0.9999999999986159
test_44_empty_005,0,0.0,0.0,0.0,0.9555709342547328
test_44_empty_006,0,0.0,0.0,0.0,0.9999999999986159
test_44_empty_008,0,0.0,0.0,0.0,0.9640138408291156
test_44_empty_009,0,0.0,0.0,0.0,0.9435294117634
test_44_empty_010,0,0.0,0.0,0.0,0.9999999999986159
test_44_empty_012,0,0.0,0.0,0.0,0.9999999999986159
test_44_empty_015,0,0.0,0.0,0.0,0.9999999999986159
test_44_empty_016,0,0.0,0.0,0.0,0.9130795847738228
test_44_normal_000,1205,0.8865058087538584,0.9603097773382352,0.8232365145159898,0.964844290656104
test_44_normal_001,899,0.8863080684542403,0.9837177747492033,0.8064516128942553,0.9742560553619733
test_44_normal_002,908,0.9293849658261425,0.9622641509320488,0.898678414087019,0.9828373702408543
test_44_normal_003,849,0.8614576493705749,0.9732937685315535,0.7726737337953749,0.9707958477495214
test_44_normal_004,998,0.8234624145738983,0.9538258575072055,0.7244488977883322,0.9570934256042116
test_44_normal_005,839,0.8826229508138845,0.9810495626679148,0.8021454111942533,0.9752249134934599
test_44_normal_006,881,0.9213483146012931,0.9617283950498552,0.8842224744508034,0.9815916955003715
test_44_normal_007,898,0.8667481662538707,0.9607046070330528,0.7895322939778449,0.9698269896180348
test_44_normal_008,1129,0.8627828598899241,0.9451476793149246,0.7936226749265402,0.9605536332166636
test_44_normal_009,1182,0.8267564966273977,0.9587053571321573,0.7267343485556115,0.9501730103793077
test_44_normal_010,1177,0.8820559889817253,0.9590818363177737,0.8164825828307861,0.9644290657426098
test_44_normal_011,1205,0.8663930688514985,0.9615384615287293,0.7883817427320466,0.959446366780679
test_44_normal_012,843,0.8535117056799096,0.9785276073469551,0.7568208778083414,0.9696885813135367
test_44_normal_013,895,0.9283236994165993,0.9616766466950697,0.8972067039005899,0.9828373702408543
test_44_normal_014,897,0.9222797927408044,0.9535714285600765,0.8929765886188074,0.9813148788913754
test_44_normal_015,842,0.8825065274093832,0.9797101449133375,0.8028503562850018,0.9750865051889618
test_45_discont_000,480,0.4064625850305573,0.3433908045927674,0.4979166666562934,0.9033910034589573
test_45_discont_001,879,0.5874337622968401,0.8778280542787822,0.44141069396539917,0.9245674740471632
test_45_discont_002,1625,0.9297365119167825,0.9481765834872158,0.9119999999943877,0.9689965397910464
test_45_discont_003,1571,0.9318996415740245,0.9546061415156569,0.910248249516803,0.9710726643585176
test_45_discont_004,1790,0.9622209501975896,0.9865023474120511,0.9391061452461503,0.9817301038048696
test_45_discont_005,1378,0.9420731707281171,0.9919743178090532,0.8969521044927653,0.978961937714908
test_45_discont_006,1645,0.9479034307466713,0.992681304051945,0.906990881453453,0.977301038060931
test_45_discont_007,1633,0.9158764148029493,0.9150366748110328,0.9167176974836699,0.9619377162616444
test_45_empty_001,0,0.0,0.0,0.0,0.9999999999986159
test_45_empty_002,0,0.0,0.0,0.0,0.8899653979226436
test_45_empty_003,0,0.0,0.0,0.0,0.9339792387530326
test_45_empty_005,0,0.0,0.0,0.0,0.9172318339087651
test_45_empty_006,0,0.0,0.0,0.0,0.9999999999986159
test_45_empty_009,0,0.0,0.0,0.0,0.8981314878880303
test_45_normal_000,1668,0.9269783073604431,0.945171339557974,0.9094724220568977,0.9669204152235752
test_45_normal_001,1692,0.9542804541241047,0.9923420548756073,0.9190307328550885,0.9793771626284022
test_45_normal_002,1132,0.9209855564956628,0.8870703764248195,0.9575971731364171,0.9742560553619733
test_45_normal_003,1922,0.9583333333307738,0.9846322722229165,0.9334027055102321,0.9784083044969157
test_45_normal_004,2181,0.9514563106773586,0.9838393731587471,0.9211370930723469,0.9716262975765099
test_45_normal_005,1402,0.9312688821717098,0.9895666131541769,0.8794579172547828,0.9748096885799656
test_45_normal_006,1533,0.9213483146036968,0.9336905559214087,0.9093281148016352,0.9670588235280733
test_45_normal_007,1948,0.9469214437342173,0.9802197802143945,0.9158110882909867,0.9723183390990002
test_45_normal_008,1995,0.9686624203796977,0.9849740932591453,0.9528822055090082,0.9829757785453523
test_45_normal_009,1902,0.9442622950793873,0.9829351535780266,0.9085173501529521,0.9717647058810079
test_45_normal_010,1062,0.9343339587198203,0.9308411214866278,0.9378531073358018,0.980622837368885
test_45_normal_011,1621,0.9352024922089246,0.9446192573886432,0.9259716224495622,0.9712110726630157
test_45_normal_012,1625,0.9156010230149757,0.9527611443715719,0.8812307692253464,0.9634602076111233
test_45_normal_013,2105,0.949445129467449,0.9871794871744247,0.9144893111595511,0.9716262975765099
test_45_normal_014,2363,0.9527336092333855,0.9815978455970306,0.9255184087984532,0.9699653979225329
test_45_normal_015,2200,0.9619489559142415,0.9824644549716471,0.9422727272684442,0.977301038060931
test_46_discont_000,2255,0.7431038618355886,0.8092998955025638,0.6869179600856457,0.851764705881174
test_46_discont_001,2391,0.7638675728990049,0.802764976954826,0.7285654537819801,0.8509342560541856
test_46_discont_002,483,0.6717791410991428,0.5334957368997139,0.9068322981178709,0.9407612456734384
test_46_discont_003,2152,0.8066496163662235,0.8970420932827246,0.732806691446409,0.8953633217980688
test_46_discont_004,931,0.7295238095203357,0.6552609067523075,0.8227712137398199,0.9213840830437074
test_46_discont_005,866,0.8725778038703901,0.8876941457480562,0.8579676674265824,0.9699653979225329
test_46_discont_006,933,0.8561610211052717,0.7898550724566137,0.9346195069567564,0.959446366780679
test_46_discont_007,336,0.1538461538419273,0.9999999996428571,0.08333333333085317,0.9573702422132078
test_46_empty_001,0,0.0,0.0,0.0,0.9991695501716275
test_46_empty_002,0,0.0,0.0,0.0,0.9389619377149634
test_46_empty_004,0,0.0,0.0,0.0,0.9999999999986159
test_46_empty_005,0,0.0,0.0,0.0,0.9075432525938996
test_46_empty_006,0,0.0,0.0,0.0,0.9642906574381117
test_46_empty_008,0,0.0,0.0,0.0,0.968304498268556
test_46_normal_000,1081,0.8605543709984625,0.7982594936645708,0.9333950046167124,0.9547404844277443
test_46_normal_001,954,0.7799642218211987,0.6801872074829939,0.9140461215837102,0.9319031141855614
test_46_normal_002,1773,0.6843434343412742,0.7770609318940713,0.6113931190038839,0.8615916955005376
test_46_normal_003,968,0.8509021842314772,0.7873462214342062,0.9256198347011816,0.9565397923862193
test_46_normal_004,863,0.8368720869972197,0.756554307109021,0.9362688296531139,0.9564013840817213
test_46_normal_005,970,0.7486452688589053,0.6284114765526354,0.9257731958667446,0.9165397923862747
test_46_normal_006,1035,0.7036036036004343,0.6590717299522442,0.7545893719733857,0.9089273356388804
test_46_normal_007,1252,0.7839403973477487,0.8135738831545226,0.7563897763517861,0.927750865050619
test_46_normal_008,1012,0.8476454293589675,0.7954939341352211,0.9071146244969652,0.9543252595142501
test_46_normal_009,935,0.8482490272332284,0.7778768956219637,0.9326203208456404,0.9568166089952155
test_46_normal_010,799,0.8448576409015407,0.7885032537875434,0.9098873591876109,0.9630449826976291
test_46_normal_011,903,0.7900656044948919,0.6848090982885069,0.9335548172654091,0.9379930795834769
test_46_normal_012,966,0.6734197730928954,0.5532623169071021,0.8602484471960636,0.8884429065731648
test_46_normal_013,973,0.7750325097495664,0.6701649175362057,0.9188078108846988,0.9281660899641133
test_46_normal_014,989,0.7369353410064795,0.6556343577568509,0.8412537917002907,0.9177854671267573
test_46_normal_015,1946,0.8274878813777374,0.92953235105106,0.745632065772119,0.9162629757772786
test_47_discont_000,1555,0.6366027809070403,0.7658227848032024,0.544694533758555,0.8661591695489742
test_47_discont_001,2448,0.8764091002236598,0.8794734677051441,0.8733660130683278,0.9165397923862747
test_47_discont_002,2109,0.8413826918341717,0.8710659898432941,0.8136557610203241,0.9104498269883593
test_47_discont_003,1682,0.6660371419557254,0.707692307687574,0.6290130796633234,0.8531487889261549
test_47_discont_004,1868,0.8693058568306147,0.8807692307643914,0.8581370449632862,0.9332871972305422
test_47_discont_005,808,0.39978621058043945,0.35183443085275795,0.46287128712298425,0.844567474047274
test_47_discont_006,1687,0.9200124494213507,0.9685452162452913,0.8761114404215998,0.9644290657426098
test_47_discont_007,1758,0.7184511313255926,0.6089363384712972,0.8759954493693061,0.8329411764694354
test_47_empty_001,526,0.3303659742812544,0.2232620320840691,0.634980988581084,0.8125951557082178
test_47_empty_002,0,0.0,0.0,0.0,0.9999999999986159
test_47_empty_010,0,0.0,0.0,0.0,0.8571626297565991
test_47_normal_000,2939,0.9268915223319474,0.9984289080872019,0.8649200408272715,0.9444982698948865
test_47_normal_001,1789,0.930875576034343,0.9036842105215596,0.9597540525379556,0.9647058823516059
test_47_normal_002,2995,0.7609096496603956,0.9846235418823721,0.6200333889795658,0.8384775086493585
test_47_normal_003,648,0.4757201646070958,0.3243546576861709,0.8919753086282103,0.8236678200680642
test_47_normal_004,2050,0.8047727849687617,0.8390682900961405,0.7731707317035456,0.8935640138395937
test_47_normal_005,3099,0.7785868923424945,0.9979818365237236,0.6382704098075564,0.8442906574382778
test_47_normal_006,2424,0.7404426559337515,0.9484536082413115,0.6072607260701021,0.8571626297565991
test_47_normal_007,2288,0.6990154711657314,0.7537917087929535,0.651660839157991,0.8222837370230833
test_47_normal_008,2357,0.9014606048119699,0.8749999999965056,0.9295714891772187,0.9337024221440364
test_47_normal_009,1705,0.8944575471671744,0.8992294012987598,0.8897360703760133,0.9504498269883039
test_47_normal_010,2384,0.8501558379265161,0.9921656407331161,0.7437080536881556,0.913494809687317
test_47_normal_011,3122,0.5954198473269074,0.9954954954880219,0.4247277386277235,0.7505882352930788
test_47_normal_012,2107,0.8477801268476539,0.9564698866967415,0.7612719506371084,0.9202768166077228
test_47_normal_013,3327,0.7980508933391119,0.9986449864453539,0.6645626690692379,0.8451211072652662
test_47_normal_014,1302,0.5998295938636756,0.47589004055666567,0.8110599078278721,0.8049826989608235
test_47_normal_015,2765,0.7022935779800407,0.9598746081444522,0.5537070524392271,0.8203460207601102
test_48_discont_000,789,0.35973041280387646,0.2694006309131268,0.5411913814887048,0.7896193771615369
test_48_discont_001,556,0.5660847880228668,0.9227642276047656,0.408273381287621,0.9518339100332847
test_48_discont_002,1009,0.7761194029804411,0.9759759759613217,0.6442021803702259,0.9480968858118366
test_48_discont_003,915,0.7560975609704872,0.9946524063993823,0.6098360655671056,0.9501730103793077
test_48_discont_004,1501,0.8233227959226438,0.8707280832030407,0.7808127914671499,0.9303806228360826
test_48_discont_005,810,0.8167938931245752,0.8425196850283134,0.7925925925828075,0.9601384083031693
test_48_discont_006,896,0.7726063829735864,0.9555921052474409,0.648437499992763,0.9526643598602731
test_48_discont_007,734,0.8362919132094919,0.808132147384903,0.8664850136121732,0.9655363321785945
test_48_empty_000,0,0.0,0.0,0.0,0.9999999999986159
test_48_empty_001,0,0.0,0.0,0.0,0.9999999999986159
test_48_empty_004,0,0.0,0.0,0.0,0.9579238754312002
test_48_empty_005,0,0.0,0.0,0.0,0.9999999999986159
test_48_empty_006,0,0.0,0.0,0.0,0.9999999999986159
test_48_empty_007,0,0.0,0.0,0.0,0.9774394463654291
test_48_empty_009,0,0.0,0.0,0.0,0.9999999999986159
test_48_empty_010,0,0.0,0.0,0.0,0.9893425605522639
test_48_empty_011,0,0.0,0.0,0.0,0.9911418685107389
test_48_empty_012,0,0.0,0.0,0.0,0.9667820069190771
test_48_empty_013,0,0.0,0.0,0.0,0.9521107266422808
test_48_normal_000,547,0.4613259668444568,0.9435028248054518,0.30530164533262705,0.9460207612443654
test_48_normal_001,853,0.7829036634953671,0.9291465378272279,0.6764361078467006,0.9557093425592309
test_48_normal_002,1600,0.9227696404762891,0.9871794871724561,0.866249999994586,0.9678892733550618
test_48_normal_003,921,0.8198042602140484,0.8725490195971501,0.7730727470057213,0.9566782006907174
test_48_normal_004,1221,0.9291338582638661,0.9404362416028488,0.9180999180923989,0.9763321799294445
test_48_normal_005,899,0.8485936564880396,0.9183937823715234,0.7886540600579682,0.9649826989606021
test_48_normal_006,755,0.838292367394319,0.8192161820376838,0.8582781456839963,0.9653979238740964
test_48_normal_007,1034,0.9359104781234187,0.9871244635087218,0.8897485493144126,0.982560553631858
test_48_normal_008,1583,0.838225701236666,0.866486850971905,0.8117498420668873,0.9313494809675691
test_48_normal_009,1883,0.8945244956746555,0.9779458096976815,0.8242166755134137,0.9493425605523192
test_48_normal_010,928,0.7403024326052577,0.9494097807597064,0.6066810344762211,0.945328719721875
test_48_normal_011,913,0.884700665183566,0.8956228956128437,0.8740416210199995,0.9712110726630157
test_48_normal_012,828,0.8808484092271938,0.9109677419237294,0.8526570048206201,0.973564013839483
test_48_normal_013,547,0.5688775510131521,0.9409282700024925,0.4076782449651247,0.9532179930782655
test_48_normal_014,1455,0.8718146718113058,0.9947136563789013,0.7759450171767976,0.9540484429052539
test_48_normal_015,1601,0.8754838709649179,0.9052701801140409,0.8475952529616015,0.9465743944623577
test_49_discont_000,1259,0.7603536528582581,0.9179775280795732,0.6489277204078719,0.9287197231821056
test_49_discont_001,734,0.009795918367266973,0.012219959266553565,0.008174386920869558,0.8321107266424469
test_49_discont_002,1240,0.6952491309359009,0.6671608598912738,0.72580645160705,0.8907958477496322
test_49_discont_003,596,0.2496328928010333,0.999999999882353,0.14261744966203663,0.9292733564000979
test_49_discont_004,643,0.44381824585965546,0.286885245900333,0.9797822705912942,0.7814532871961503
test_49_discont_005,1083,0.9072753209657286,0.9352941176378893,0.8808864265846641,0.9730103806214907
test_49_discont_006,1332,0.9327947117115947,0.9130122214168728,0.9534534534462955,0.9746712802754676
test_49_discont_007,801,0.7380410022723004,0.9418604650980259,0.6067415730261331,0.9522491349467789
test_49_empty_002,0,0.0,0.0,0.0,0.9999999999986159
test_49_empty_003,0,0.0,0.0,0.0,0.816332179929666
test_49_empty_004,0,0.0,0.0,0.0,0.8614532871960395
test_49_empty_006,0,0.0,0.0,0.0,0.9796539792373984
test_49_empty_008,0,0.0,0.0,0.0,0.9999999999986159
test_49_empty_009,0,0.0,0.0,0.0,0.9999999999986159
test_49_empty_010,0,0.0,0.0,0.0,0.9999999999986159
test_49_normal_000,1100,0.9549143372364521,0.9472271914047655,0.9627272727185208,0.9861591695488081
test_49_normal_001,922,0.8258274552315473,0.8262757871788677,0.8253796095355165,0.9555709342547328
test_49_normal_002,1114,0.9368827823059817,0.8979423868238853,0.9793536804220885,0.9796539792373984
test_49_normal_003,953,0.9291497975661481,0.8973607038035448,0.9632738719731031,0.980622837368885
test_49_normal_004,1042,0.9096181730260531,0.9162609542267162,0.9030710172658055,0.9741176470574753
test_49_normal_005,1107,0.9723214285670879,0.961165048535206,0.9837398373894876,0.9914186851197351
test_49_normal_006,834,0.9183323814910432,0.8767720828693918,0.9640287769668582,0.9802076124553907
test_49_normal_007,799,0.5157232704385445,0.3505850585042728,0.9749687108764084,0.7975086505179273
test_49_normal_008,1087,0.9301098901058018,0.8905723905648942,0.9733210671483596,0.9779930795834215
test_49_normal_009,1088,0.9653916211249299,0.9566787003523767,0.9742647058733984,0.989480968856762
test_49_normal_010,991,0.8368720869972197,0.8595744680759619,0.8153380423732055,0.9564013840817213
test_49_normal_011,1112,0.9709950914726864,0.963684676696513,0.9784172661782518,0.9910034602062409
test_49_normal_012,821,0.873085339163714,0.7924528301808098,0.9719853836666019,0.9678892733550618
test_49_normal_013,870,0.9238694905499493,0.9201824401263377,0.9275862068858898,0.9815916955003715
test_4_discont_000,1390,0.7031857031829714,0.7643581081016525,0.6510791366859635,0.8942560553620841
test_4_discont_001,1910,0.8868823676927844,0.8512277323021126,0.9256544502569338,0.9375778546699826
test_4_discont_002,1446,0.7096204766076363,0.9804878048660916,0.5560165975065283,0.9089273356388804
test_4_discont_003,1806,0.7966470040335404,0.9067137809123201,0.7104097452895326,0.9093425605523746
test_4_discont_004,1937,0.8668647042914749,0.908833522078659,0.8286009292677925,0.9317647058810633
test_4_discont_005,731,0.9113193943697815,0.9634146341316553,0.8645690834355052,0.9829757785453523
test_4_discont_006,1294,0.8572631578911274,0.9417206290384671,0.7867078825286963,0.9530795847737674
test_4_discont_007,1389,0.9118172081366948,0.9043909348377877,0.9193664506773265,0.9658131487875906
test_4_empty_000,0,0.0,0.0,0.0,0.9999999999986159
test_4_empty_001,0,0.0,0.0,0.0,0.9760553633204484
test_4_empty_003,0,0.0,0.0,0.0,0.9334256055350403
test_4_empty_005,0,0.0,0.0,0.0,0.9807612456733831
test_4_empty_006,0,0.0,0.0,0.0,0.8889965397911571
test_4_empty_008,0,0.0,0.0,0.0,0.892318339099111
test_4_empty_011,0,0.0,0.0,0.0,0.9475432525938442
test_4_empty_012,0,0.0,0.0,0.0,0.9743944636664714
test_4_empty_013,0,0.0,0.0,0.0,0.9479584775073385
test_4_normal_000,1177,0.9397394136769555,0.9022673963963858,0.9804587935345757,0.9795155709329003
test_4_normal_001,1073,0.9448888888846895,0.9031435853789028,0.9906803354986891,0.9828373702408543
test_4_normal_002,1781,0.9306054741472751,0.916666666661674,0.9449747332905953,0.9652595155695983
test_50_discont_000,847,0.5146036161299402,0.6260575296002359,0.4368358913761885,0.9033910034589573
test_50_discont_001,552,0.0,0.0,0.0,0.9235986159156767
test_50_discont_002,882,0.25515210990917414,0.9489051094197879,0.147392290247762,0.8949480968845744
test_50_discont_003,742,0.5412735849024689,0.4811320754666548,0.6185983827409892,0.892318339099111
test_50_discont_004,1173,0.5974914481163152,0.5390946502020638,0.6700767263369986,0.853425605535151
test_50_discont_005,943,0.7927107061458274,0.8560885608750789,0.7380699893877193,0.9496193771613154
test_50_empty_000,0,0.0,0.0,0.0,0.9999999999986159
test_50_empty_002,0,0.0,0.0,0.0,0.9785467128014138
test_50_empty_003,0,0.0,0.0,0.0,0.985882352939812
test_50_empty_005,0,0.0,0.0,0.0,0.9904498269882486
test_50_empty_006,0,0.0,0.0,0.0,0.9893425605522639
test_50_empty_007,0,0.0,0.0,0.0,0.9999999999986159
test_51_discont_000,1413,0.8330670926484303,0.956003666352374,0.7381457890959792,0.9421453287184192
test_51_discont_001,711,0.5374015747978602,0.8950819671837678,0.383966244720338,0.9349480968845191
test_51_discont_002,375,0.7620437956093132,0.8419354838438086,0.69599999998144,0.9774394463654291
test_51_discont_003,1387,0.8048272992059724,0.9517716535339392,0.6971881759142237,0.9350865051890171
test_51_empty_000,0,0.0,0.0,0.0,0.9847750865038273
test_51_empty_004,0,0.0,0.0,0.0,0.9999999999986159
test_51_empty_007,0,0.0,0.0,0.0,0.9999999999986159
test_51_empty_008,0,0.0,0.0,0.0,0.8506574394451895
test_51_empty_010,0,0.0,0.0,0.0,0.8827681660887435
test_51_normal_000,554,0.491992882560089,0.3264462809898085,0.9981949458303575,0.8419377162618105
test_51_normal_001,1347,0.9360887868314731,0.9660347551266507,0.907943578315457,0.9768858131474368
test_51_normal_002,1334,0.9455070371672843,0.9116214335357578,0.9820089954948875,0.9791003460194061
test_51_normal_003,1517,0.7734187349848942,0.9847094801122863,0.636783124583805,0.9216608996527036
test_51_normal_004,1142,0.6656662665046048,0.5063926940616147,0.9711033274871183,0.8458131487877567
test_51_normal_005,1074,0.8802320762499783,0.793129200890268,0.9888268156332513,0.9599999999986712
test_51_normal_006,1952,0.7565404739896691,0.9475713184198338,0.6296106557344795,0.890519031140636
test_51_normal_007,983,0.7769869513595672,0.9317211948658362,0.6663275686605663,0.9479584775073385
test_51_normal_008,1534,0.7964551172075574,0.7092668024403805,0.9080834419758275,0.9014532871959842
test_51_normal_009,1237,0.8307480179219898,0.724158653841802,0.9741309619969756,0.9320415224900594
test_51_normal_010,1415,0.783176806856745,0.9274661508614366,0.6777385158962704,0.9265051903101363
test_51_normal_011,1161,0.9388934764618543,0.9016653449571637,0.9793281653662419,0.9795155709329003
test_51_normal_012,1158,0.8983050847417561,0.928966789659327,0.8696027633776373,0.9684429065730541
test_51_normal_013,1607,0.7479635840902061,0.6081028437841524,0.9713752333480313,0.8543944636666375
test_51_normal_014,1411,0.9143239625136736,0.8662016486945707,0.9681077250108568,0.9645674740471079
test_51_normal_015,1621,0.7869692532914093,0.9675967596672584,0.663170882167408,0.9194463667807343
test_52_discont_000,1220,0.4440433212969673,0.8348416289403882,0.30245901639096345,0.8721107266423915
test_52_discont_001,1451,0.6242038216535661,0.7389255419346002,0.5403170227392122,0.86934256055243
test_52_discont_002,1338,0.6678372841654439,0.548821548818909,0.8527653213688134,0.8429065743932971
test_52_discont_003,1074,0.7053658536550959,0.7407786885170002,0.6731843575356316,0.9164013840817766
test_52_discont_004,1508,0.7620472912278897,0.6944899072520759,0.8441644562278239,0.8899653979226436
test_52_discont_005,1241,0.8573797678239744,0.8830059777892144,0.8331990330311588,0.952387543251277
test_52_discont_006,353,0.3399790136375658,0.2699999999955,0.4589235127348747,0.9129411764693247
test_52_discont_007,1207,0.8222029488255759,0.8626023657792302,0.7854183927026892,0.9432525951544039
test_52_empty_000,0,0.0,0.0,0.0,0.9155709342547882
test_52_empty_002,0,0.0,0.0,0.0,0.994878892732187
test_52_empty_004,0,0.0,0.0,0.0,0.9296885813135921
test_52_empty_005,0,0.0,0.0,0.0,0.9926643598602177
test_52_empty_007,0,0.0,0.0,0.0,0.9925259515557197
test_52_empty_009,1079,0.5033661315354564,0.5704225352045725,0.45041705282251704,0.8672664359849588
test_52_empty_010,1453,0.6489315307429179,0.8857142857037414,0.5120440467962007,0.8885813148776629
test_52_empty_013,1434,0.7654510556592498,0.8514090520849582,0.6952580195209537,0.9154325259502901
test_52_empty_014,0,0.0,0.0,0.0,0.9937716262962024
test_52_empty_015,0,0.0,0.0,0.0,0.9456055363308712
test_52_normal_000,1193,0.8060606060571167,0.8334825425171578,0.7803855825584209,0.9379930795834769
test_52_normal_001,1282,0.7759798633557139,0.7198132088010687,0.8416536661400807,0.9137716262963131
test_52_normal_002,1423,0.7766207591509016,0.743886743881957,0.8123682361151626,0.9079584775073939
test_52_normal_003,1585,0.910381543919224,0.8569042316210641,0.9709779179749466,0.9580622837356982
test_52_normal_004,1368,0.7723027375176416,0.6902705814583174,0.8764619882976867,0.9021453287184745
test_52_normal_005,1309,0.6480051480030631,0.5597554196744872,0.7692895339895395,0.8485813148777183
test_52_normal_006,1258,0.8603868797272483,0.913392857134702,0.813195548483202,0.9540484429052539
test_52_normal_007,353,0.3399790136375658,0.2699999999955,0.4589235127348747,0.9129411764693247
test_52_normal_008,1068,0.7220855877977271,0.7606217616501489,0.6872659175965612,0.9217993079572017
test_52_normal_009,1338,0.6676505312849244,0.5517073170704795,0.8452914798143103,0.8441522491337797
test_52_normal_010,1673,0.8897228637387711,0.8604131769912875,0.921099820675905,0.94712802768035
test_52_normal_011,1349,0.7733826247660873,0.7713864306727775,0.775389177162525,0.9151557093412939
test_52_normal_012,1338,0.7891296869597897,0.7310388782617525,0.8572496263015154,0.9151557093412939
test_52_normal_013,1318,0.7197857381964521,0.6440982624287352,0.8156297420271956,0.8841522491337244
test_52_normal_014,1373,0.7479187479162573,0.6889570552104972,0.817916970132426,0.8952249134935706
test_52_normal_015,1442,0.9309267615379003,0.9318971507926902,0.9299583911169906,0.9724567474034983
test_53_discont_000,460,0.0,0.0,0.0,0.9363321799294999
test_53_discont_001,600,0.7587628865901158,0.9945945945677136,0.6133333333231111,0.9676124567460656
test_53_discont_002,1313,0.8954903364320133,0.8446995273406841,0.9527798933666963,0.959584775085177
test_53_discont_003,1337,0.9625468164757958,0.9639909977422056,0.9611069558641653,0.9861591695488081
test_53_discont_004,1356,0.948460987827672,0.92141863698942,0.9771386430606407,0.9800692041508926
test_53_discont_005,1121,0.8733624454106096,0.9574468085004527,0.8028545941052377,0.9638754325246175
test_53_discont_006,1300,0.8872234118455131,0.8275632489958219,0.9561538461464912,0.9562629757772232
test_53_discont_007,1061,0.8147739801498635,0.981407702510207,0.6965127238388642,0.9534948096872616
test_53_empty_001,0,0.0,0.0,0.0,0.9999999999986159
test_53_empty_002,0,0.0,0.0,0.0,0.9999999999986159
test_53_empty_003,0,0.0,0.0,0.0,0.9727335640124946
test_53_empty_004,0,0.0,0.0,0.0,0.9999999999986159
test_53_empty_005,0,0.0,0.0,0.0,0.9999999999986159
test_53_empty_006,0,0.0,0.0,0.0,0.9999999999986159
test_53_empty_007,0,0.0,0.0,0.0,0.9598615916941732
test_53_empty_009,0,0.0,0.0,0.0,0.9987543252581332
test_53_empty_012,0,0.0,0.0,0.0,0.955847750863729
test_53_normal_000,677,0.5705069124397673,0.41460147354042465,0.9143279172686214,0.871003460206407
test_53_normal_001,1410,0.9661971830951895,0.9594405594338501,0.97304964538317,0.9867128027668004
test_53_normal_002,1622,0.96441495777755,0.9439197166414173,0.9858199753330098,0.9836678200678427
test_53_normal_003,847,0.8300907911749021,0.9208633093392682,0.7556080283263801,0.9637370242201194
test_53_normal_004,1295,0.9681576952199843,0.9508562918767621,0.9861003860927715,0.9883737024207774
test_53_normal_005,1258,0.9025679758274072,0.8597122302096424,0.9499205087364871,0.9642906574381117
test_53_normal_006,1708,0.9313842482072453,0.9495133819893583,0.9139344262241573,0.968166089964058
test_53_normal_007,1249,0.9553429027075147,0.9515488482847376,0.9591673338594143,0.9844982698948311
test_53_normal_008,777,0.8230215827278919,0.9331158238020699,0.7361647361552617,0.9659515570920887
test_53_normal_009,1450,0.9653991092806941,0.9591558883528989,0.971724137924333,0.98602076124431
test_53_normal_010,1459,0.9235793598924769,0.8820960698634929,0.969156956813097,0.9676124567460656
test_53_normal_011,1426,0.9622512010948447,0.9422043010689368,0.9831697054629512,0.9847750865038273
test_53_normal_012,1363,0.8858676207481723,0.8645251396587673,0.9082905355766083,0.955847750863729
test_53_normal_013,1248,0.9068791946270685,0.951584507033877,0.8661858974289569,0.9692733564000425
test_53_normal_014,1388,0.9588342440766527,0.9697862932868845,0.948126801145907,0.9843598615903331
test_53_normal_015,957,0.9026358257078934,0.9301552106327033,0.8766980146198882,0.9749480968844637
test_54_discont_000,1389,0.7029988465954354,0.5863395863367661,0.8776097912103844,0.8574394463655952
test_54_discont_001,1712,0.7558552164628962,0.9629294755789971,0.6220794392487028,0.904775086503938
test_54_discont_002,1048,0.5576619273279714,0.47574123988897754,0.6736641221309766,0.8449826989607682
test_54_discont_003,651,0.7399999999932728,0.9064587973072058,0.6251920122791829,0.9604152249121656
test_54_discont_004,821,0.6067415730288384,0.889411764684955,0.46041412910523244,0.9321799307945575
test_54_discont_005,998,0.8871287128668954,0.8767123287585449,0.8977955911733688,0.9684429065730541
test_54_discont_006,1877,0.658397586320287,0.8878842676230753,0.5231752796988643,0.8589619377150741
test_54_empty_000,0,0.0,0.0,0.0,0.9302422145315844
test_54_empty_001,0,0.0,0.0,0.0,0.7415916955007037
test_54_empty_003,0,0.0,0.0,0.0,0.9999999999986159
test_54_empty_004,0,0.0,0.0,0.0,0.9999999999986159
test_54_empty_006,0,0.0,0.0,0.0,0.9999999999986159
test_54_empty_009,0,0.0,0.0,0.0,0.9999999999986159
test_54_empty_013,0,0.0,0.0,0.0,0.9829757785453523
test_54_normal_000,626,0.4712328767104844,0.31207879730268495,0.9616613418376732,0.8130103806217122
test_54_normal_001,807,0.879424778756198,0.7942057941978601,0.9851301115119563,0.9698269896180348
test_54_normal_002,1155,0.8600628930783802,0.7876169906350784,0.9471861471779466,0.9507266435973001
test_54_normal_003,1333,0.9147577919605154,0.915789473677325,0.9137284321011724,0.9685813148775522
test_54_normal_004,978,0.8736894657969362,0.8536585365770376,0.894683026575719,0.9649826989606021
test_54_normal_005,1049,0.670731707314801,0.5202312138700986,0.9437559580462941,0.8654671280264838
test_54_normal_006,1232,0.8714845140588413,0.7761572606165115,0.9935064934984295,0.9500346020748096
test_54_normal_007,784,0.8857808857757239,0.8154506437680745,0.9693877550896761,0.9728719723169926
test_54_normal_008,777,0.5406360424009165,0.37262542620373784,0.9845559845433133,0.8200692041511141
test_54_normal_009,1143,0.8781588447613802,0.9068033550707661,0.8512685914186241,0.9626297577841347
test_54_normal_010,1419,0.8477192982426396,0.8441649196307187,0.851303735018666,0.9399307958464499
test_54_normal_011,1231,0.859296482408976,0.7697749196091976,0.9723801787085916,0.9457439446353693
test_54_normal_012,1034,0.8885741265302711,0.8680811808038,0.9100580270705024,0.9673356401370694
test_55_discont_000,526,0.8063555114120521,0.8440748440572957,0.7718631178560482,0.9730103806214907
test_55_discont_001,489,0.6849315068443769,0.5289532293927733,0.9713701431294198,0.9395155709329557
test_55_discont_002,996,0.7500968616786126,0.61072555204662,0.9718875501910453,0.9107266435973554
test_55_discont_003,914,0.9565701558966784,0.9739229024832888,0.9398249452851223,0.9892041522477658
test_55_discont_004,677,0.794503435347942,0.688311688304239,0.939438700133834,0.9544636678187481
test_55_empty_000,0,0.0,0.0,0.0,0.9976470588221485
test_55_empty_001,0,0.0,0.0,0.0,0.9999999999986159
test_55_empty_003,0,0.0,0.0,0.0,0.9999999999986159
test_55_empty_004,0,0.0,0.0,0.0,0.9887889273342716
test_55_empty_005,0,0.0,0.0,0.0,0.9999999999986159
test_55_empty_006,0,0.0,0.0,0.0,0.9999999999986159
test_55_empty_010,0,0.0,0.0,0.0,0.9999999999986159
test_55_empty_012,0,0.0,0.0,0.0,0.9999999999986159
test_55_empty_013,0,0.0,0.0,0.0,0.9999999999986159
test_55_empty_014,0,0.0,0.0,0.0,0.98961937716126
test_55_empty_015,0,0.0,0.0,0.0,0.9835294117633446
test_55_normal_000,980,0.76369452218807,0.6278763971030383,0.9744897959084236,0.9182006920402517
test_55_normal_001,642,0.761421319792123,0.6423982869310235,0.9345794392377791,0.9479584775073385
test_55_normal_002,1014,0.9258384506333216,0.8884859474080827,0.9664694279983583,0.9782698961924177
test_55_normal_003,686,0.8379814076969591,0.769512195112567,0.9198250728728888,0.9662283737010848
test_55_normal_004,952,0.8859441552253386,0.806201550380653,0.9831932773005967,0.966643598614579
test_55_normal_005,885,0.8746048472029789,0.8193484698833233,0.9378531073340356,0.9670588235280733
test_55_normal_006,621,0.8123652048827292,0.7337662337567044,0.9098228663299546,0.9638754325246175
test_55_normal_007,828,0.7159190853090769,0.5629322268287488,0.9830917874277404,0.9105882352928574
test_55_normal_008,1195,0.8782510365590719,0.7990397805157817,0.9748953974813818,0.9552941176457367
test_55_normal_009,947,0.8292902066449718,0.7216575449513554,0.9746568109717565,0.9474048442893461
test_55_normal_010,734,0.7298787210544109,0.6129629629572875,0.9019073569359413,0.9321799307945575
test_55_normal_011,1084,0.9586623316258307,0.9653882132744118,0.9520295202864205,0.9876816608982869
test_55_normal_012,640,0.8244382022414015,0.7487244897863683,0.917187499985669,0.9653979238740964
test_55_normal_013,773,0.7046694966603719,0.6632420091248489,0.7516170763162792,0.9325951557080517
test_55_normal_014,628,0.7690271343430244,0.6579841449529107,0.925159235654058,0.9516955017287866
test_55_normal_015,834,0.741481144930752,0.5969275786349896,0.9784172661753188,0.9212456747392094
test_56_discont_000,1238,0.6364285714262985,0.5704225352076158,0.7197092083948328,0.8591003460195722
test_56_discont_001,854,0.16519174041135504,0.5153374232812676,0.09836065573655316,0.8824913494797474
test_56_discont_002,500,0.48691099476121136,0.36186770427663556,0.74399999998512,0.8914878892721225
test_56_discont_003,696,0.6044052863382873,0.7813211844924528,0.4928160919469423,0.9378546712789788
test_56_discont_004,1202,0.731994120525566,0.8903456495722247,0.6214642262843473,0.9242906574381671
test_56_discont_005,1603,0.5965797588993648,0.5417515274921499,0.6637554585111431,0.8008304498258813
test_56_discont_006,1333,0.6419127988730186,0.5135013501327025,0.8559639909913281,0.8238062283725622
test_56_discont_007,1470,0.6506588579775969,0.5712082262181429,0.7557823129200287,0.8348788927324085
test_56_empty_000,0,0.0,0.0,0.0,0.9576470588222039
test_56_empty_006,0,0.0,0.0,0.0,0.8351557093414046
test_56_empty_007,0,0.0,0.0,0.0,0.9999999999986159
test_56_empty_010,0,0.0,0.0,0.0,0.9977854671266467
test_56_normal_000,366,0.4907063196934813,0.7674418604204976,0.36065573769506404,0.9620761245661424
test_56_normal_001,1805,0.6838795100937309,0.8495065789403824,0.5722991689718987,0.8678200692029511
test_56_normal_002,1127,0.7609962904040223,0.9447368420928324,0.6370896184504252,0.9375778546699826
test_56_normal_003,956,0.7819095477347643,0.7524177949637098,0.8138075313722405,0.9399307958464499
test_56_normal_004,890,0.947008547003151,0.9606936416073908,0.9337078651580483,0.9871280276802946
test_56_normal_005,1627,0.7756049055327292,0.8417266186989805,0.7191149354596245,0.9062975778534169
test_56_normal_006,1345,0.7958872810327651,0.8157689305166608,0.776951672856677,0.925813148787646
test_56_normal_007,957,0.9302325581347275,0.9202453987635967,0.9404388714635272,0.9813148788913754
test_56_normal_008,910,0.9342327150031803,0.9562715765137368,0.9131868131767782,0.9838062283723408
test_56_normal_009,1374,0.6457142857122359,0.5726351351319109,0.7401746724836961,0.8455363321787606
test_56_normal_010,1729,0.701456953640526,0.6471163245325166,0.7657605552298106,0.8440138408292817
test_56_normal_011,1466,0.8015647226145037,0.8372956909298864,0.7687585265977575,0.9227681660886882
test_56_normal_012,1516,0.7896704043466203,0.8142957252921214,0.766490765166448,0.9143252595143054
test_56_normal_013,1199,0.8330592105228904,0.8215733982090708,0.8448707255976242,0.9438062283723961
test_56_normal_014,1072,0.8583204533701272,0.9585730724860924,0.7770522387987217,0.9619377162616444
test_56_normal_015,989,0.9138875062174521,0.8999999999911764,0.9282103134385419,0.9760553633204484
test_57_discont_000,639,0.2112274024718247,0.26941747572161606,0.17370892018507497,0.8852595155697089
test_57_discont_001,573,0.8462962962884603,0.9013806705936611,0.7975567190087687,0.9770242214519349
test_57_discont_002,969,0.8618666666620701,0.8918322295707303,0.8338493291967611,0.9641522491336136
test_57_discont_003,1434,0.8308993082212495,0.9255136986222131,0.7538354253782857,0.9391003460194615
test_57_discont_004,710,0.5984990619080817,0.8960674157051667,0.44929577464155923,0.9407612456734384
test_57_empty_000,0,0.0,0.0,0.0,0.9944636678186928
test_57_empty_002,0,0.0,0.0,0.0,0.9999999999986159
test_57_empty_004,0,0.0,0.0,0.0,0.9999999999986159
test_57_empty_005,0,0.0,0.0,0.0,0.9373010380609864
test_57_empty_006,0,0.0,0.0,0.0,0.9908650519017428
test_57_empty_009,0,0.0,0.0,0.0,0.9219377162616997
test_57_normal_000,916,0.6781214203868724,0.521432765704513,0.969432314399897,0.8833217993067359
test_57_normal_001,987,0.8653555219320961,0.8614457831238811,0.8693009118452958,0.9630449826976291
test_57_normal_002,1421,0.860573199067155,0.9569336778556682,0.7818437719860533,0.9501730103793077
test_57_normal_003,599,0.7189873417676014,0.5790010193620897,0.9482470784482764,0.9385467128014692
test_57_normal_004,833,0.7906712172878801,0.7513513513432286,0.8343337334833814,0.9490657439433231
test_57_normal_005,1537,0.7537313432814187,0.6743708269097362,0.8542615484654896,0.8812456747392647
test_57_normal_006,852,0.8476750400809853,0.7782139352229812,0.9307511736979959,0.9605536332166636
test_57_normal_007,954,0.786866359442472,0.8734015345156854,0.715932914038617,0.948788927334327
test_57_normal_008,1242,0.8544735896483849,0.7715768981130982,0.9573268921017929,0.9439446366768942
test_57_normal_009,1307,0.8140916808114852,0.9142040038044404,0.7337413924962989,0.9393771626284576
test_57_normal_010,894,0.8252148997087381,0.8460634547491649,0.8053691275077699,0.9577854671267021
test_57_normal_011,944,0.8063420158504737,0.866180048651263,0.7542372881276034,0.9526643598602731
test_57_normal_012,1441,0.8813314037594743,0.920634920627962,0.8452463566908728,0.9546020761232462
test_57_normal_013,1352,0.7420204978016339,0.6141541444468533,0.9371301775078615,0.878062283735809
test_57_normal_014,1227,0.8717728055039942,0.9234275296178358,0.8255908720389113,0.9587543252581886
test_57_normal_015,1427,0.8485310949986703,0.9313232830742771,0.7792571828957305,0.9450519031128788
test_58_discont_000,1026,0.0,0.0,0.0,0.8579930795835876
test_58_discont_001,770,0.6908809891754956,0.8530534350982242,0.5805194805119414,0.9446366781993846
test_58_discont_002,1022,0.7616173808040941,0.9937007873859259,0.6174168297395556,0.945328719721875
test_58_discont_003,1425,0.7286956521707448,0.9577142857033404,0.5880701754344697,0.9136332179918151
test_58_discont_004,1918,0.08563535911562783,0.3661417322690495,0.04848800834177014,0.7251211072654323
test_58_discont_005,1883,0.006352567495996017,0.9999999983333333,0.003186404673376599,0.7402076124557229
test_58_discont_006,1518,0.2254672897183092,0.9948453607734615,0.12714097496622437,0.8164705882341641
test_58_discont_007,1571,0.0,0.0,0.0,0.7825605536321348
test_58_empty_003,0,0.0,0.0,0.0,0.9999999999986159
test_58_empty_006,0,0.0,0.0,0.0,0.9999999999986159
test_58_empty_008,0,0.0,0.0,0.0,0.9999999999986159
test_58_empty_009,0,0.0,0.0,0.0,0.841107266434822
test_58_normal_000,829,0.32102946156342355,0.22316384180685894,0.5717732207409919,0.7224913494799688
test_58_normal_001,1499,0.2584009269973442,0.982378854582274,0.1487658438949382,0.8228373702410756
test_58_normal_002,1541,0.5463659147846852,0.7667057444224302,0.4243997404255393,0.8496885813137028
test_58_normal_003,1555,0.17809021675349684,0.9999999999342105,0.0977491961408505,0.8058131487878121
test_58_normal_004,1061,0.38427043808077177,0.30304678998746987,0.524976437318332,0.7529411764695461
test_58_normal_005,1842,0.49306122448778344,0.9934210526152397,0.32790445168117316,0.8280968858120027
test_58_normal_006,1560,0.2347629796826481,0.9811320754254182,0.13333333333247865,0.8123183390992217
test_58_normal_007,1467,0.3659621801981871,0.9939577038974635,0.22426721199574462,0.8422145328708066
test_58_normal_008,733,0.3613417469267309,0.23880597014820543,0.7421555252286199,0.7338408304488113
test_58_normal_009,1505,0.40233545647344837,0.9999999999736148,0.2518272425232437,0.8441522491337797
test_58_normal_010,1282,0.5511627906955382,0.5477657935242853,0.5546021840830375,0.8397231833898412
test_58_normal_011,1955,0.44057052297765226,0.9771528998070799,0.2843989769806425,0.8045674740473293
test_58_normal_012,1740,0.5477971737300591,0.9894894894746323,0.37873563218173145,0.8494117647047067
test_59_discont_000,1004,0.5235457063675655,0.8590909090713843,0.3764940239006325,0.904775086503938
test_59_discont_001,1239,0.7256637168105916,0.9283018867807761,0.5956416464842967,0.9227681660886882
test_59_discont_002,1280,0.62399999999688,0.8666666666546297,0.4874999999961914,0.8959169550160611
test_59_discont_003,531,0.49484536081964076,0.5466970387119203,0.4519774011214317,0.9321799307945575
test_59_discont_004,421,0.0,0.0,0.0,0.941730103804925
test_59_discont_005,1043,0.7769722814465801,0.6996927803325677,0.8734419942389892,0.9276124567461209
test_59_discont_006,1176,0.8364661654096032,0.9348739495700118,0.7568027210820001,0.9518339100332847
test_59_discont_007,1450,0.7057377049151404,0.8696969696881849,0.5937931034441808,0.9006228373689957
test_59_empty_001,0,0.0,0.0,0.0,0.9811764705868773
test_59_empty_003,0,0.0,0.0,0.0,0.9999999999986159
test_59_normal_000,1402,0.9549053356249401,0.922821024611292,0.9893009985664102,0.9818685121093677
test_59_normal_001,1855,0.944778567520654,0.9584026622243018,0.9315363881351401,0.9720415224900041
test_59_normal_002,1007,0.9265770423943818,0.9665587917910835,0.8897715987995057,0.9803460207598889
test_59_normal_003,1405,0.9610210417352155,0.9323962516671193,0.9914590747260396,0.9843598615903331
test_59_normal_004,1416,0.9010916308273202,0.8475420037283912,0.9618644067728682,0.9586159169536905
test_59_normal_005,1363,0.9742473703265352,0.9634146341394304,0.9853264856860945,0.9901730103792523
test_59_normal_006,650,0.8778018799647304,0.8281036834811991,0.9338461538317869,0.9766089965384407
test_59_normal_007,1688,0.9564961787155895,0.9492415402511714,0.9638625592359962,0.9795155709329003
test_59_normal_008,1733,0.9587657783984327,0.9328602620036417,0.9861511829141019,0.9796539792373984
test_59_normal_009,1608,0.9499222394993782,0.9502177971316104,0.9496268656657362,0.9777162629744253
test_59_normal_010,1145,0.9553969669894943,0.9762989972563693,0.9353711790311322,0.9861591695488081
test_59_normal_011,1161,0.9140624999960327,0.9212598425116251,0.9069767441782346,0.9725951557079964
test_59_normal_012,1843,0.9597030752890783,0.938310005179169,0.9820944112806181,0.978961937714908
test_59_normal_013,830,0.9126891734521962,0.8828828828729405,0.9445783132416316,0.9792387543239042
test_59_normal_014,1769,0.9547116736963299,0.95016797311898,0.9592990389996648,0.9777162629744253
test_59_normal_015,1556,0.9607346421755518,0.9469413233399068,0.9749357326415493,0.9828373702408543
test_5_discont_000,1165,0.4384615384587278,0.865822784788207,0.2935622317571368,0.8787543252582993
test_5_discont_001,645,0.7274826789796335,0.579576816921991,0.9767441860313683,0.9346712802755229
test_5_discont_002,900,0.6932238192990011,0.5498371335469067,0.937777777767358,0.8966089965385514
test_5_discont_003,481,0.42280945757409166,0.6386554621580397,0.31600831600174617,0.9425605536319134
test_5_discont_004,1155,0.4693009118512505,0.7877551020247396,0.33419913419624075,0.8791695501717935
test_5_empty_001,0,0.0,0.0,0.0,0.9932179930782101
test_5_empty_005,0,0.0,0.0,0.0,0.9999999999986159
test_5_empty_006,0,0.0,0.0,0.0,0.9999999999986159
test_5_empty_007,0,0.0,0.0,0.0,0.9999999999986159
test_5_empty_009,0,0.0,0.0,0.0,0.9952941176456813
test_5_empty_010,965,0.897297297292888,0.8532710280294088,0.9461139896275014,0.9710726643585176
test_5_empty_011,0,0.0,0.0,0.0,0.9999999999986159
test_5_empty_012,0,0.0,0.0,0.0,0.9984775086491371
test_5_empty_015,997,0.6454728370195354,0.5389784946200338,0.8044132397110891,0.878062283735809
test_5_normal_000,1522,0.9516924088039708,0.9520052596913083,0.9513797634628688,0.9796539792373984
test_5_normal_001,902,0.6951169470632125,0.5517915309410307,0.9390243902334919,0.8971626297565437
test_5_normal_002,1413,0.976495726492249,0.9827956989176861,0.9702760084857023,0.9908650519017428
test_5_normal_003,1244,0.8979591836700117,0.8617886178798094,0.9372990353622405,0.9633217993066252
test_5_normal_004,1454,0.9044045676968862,0.860335195525386,0.9532324621667592,0.959446366780679
test_5_normal_005,1295,0.7982515131109675,0.7069684335872128,0.9166023165952387,0.9169550172997689
test_5_normal_006,1450,0.9673157162692375,0.9754558204700179,0.9593103448209703,0.9869896193757965
test_5_normal_007,1504,0.9101872421424622,0.8706739526358794,0.9534574468021713,0.9608304498256598
test_5_normal_008,1429,0.9702485124222253,0.9705882352873209,0.9699090272850251,0.9882352941162793
test_5_normal_009,885,0.6894563426660237,0.5424497731656355,0.9457627118537202,0.8956401384070649
test_5_normal_010,1506,0.9402495075477996,0.9298701298640918,0.9508632138051072,0.9748096885799656
test_5_normal_011,986,0.7434554973792048,0.6165664662617464,0.9361054766639341,0.91183391003334
test_5_normal_012,1234,0.8432590427444528,0.7677977378525097,0.9351701782744314,0.9406228373689404
test_5_normal_013,1345,0.9795005590720108,0.9820627802617186,0.97695167285519,0.9923875432512216
test_5_normal_014,1424,0.954820348626984,0.9675558759843724,0.9424157303304607,0.9824221453273599
test_5_normal_015,1451,0.9351724137898787,0.9358178053765644,0.9345279117785353,0.9739792387529772
test_60_discont_000,1190,0.872406181011601,0.919069767433311,0.8302521008333593,0.9599999999986712
test_60_discont_001,862,0.6395686437136476,0.4977404777243529,0.8944315545139857,0.8797231833897858
test_60_discont_002,866,0.2517207472934934,0.84768211914916,0.14780600461723087,0.8946712802755783
test_60_discont_003,388,0.4185110663899696,0.9541284402794378,0.2680412371064938,0.9599999999986712
test_60_discont_004,476,0.4727838258091324,0.9101796406640611,0.31932773108572843,0.9530795847737674
test_60_discont_005,1367,0.9425044091677514,0.9100817438630104,0.9773226042357183,0.9774394463654291
test_60_empty_002,0,0.0,0.0,0.0,0.9305190311405807
test_60_empty_004,0,0.0,0.0,0.0,0.954186851209752
test_60_empty_005,0,0.0,0.0,0.0,0.9999999999986159
test_60_empty_006,0,0.0,0.0,0.0,0.9999999999986159
test_60_empty_007,0,0.0,0.0,0.0,0.9146020761233016
test_60_empty_009,0,0.0,0.0,0.0,0.9611072664346559
test_60_normal_000,1361,0.95302975976711,0.9306722689010458,0.9764878765541772,0.9818685121093677
test_60_normal_001,1133,0.9531116794503278,0.9216817807013877,0.9867608119948212,0.9847750865038273
test_60_normal_002,1576,0.9575530586736656,0.9422604422546544,0.9733502538009305,0.9811764705868773
test_60_normal_003,1435,0.9636803874058676,0.9567307692241983,0.9707317073103086,0.9854671280263178
test_60_normal_004,1523,0.963987138260566,0.9445494643922839,0.9842416283586065,0.9844982698948311
test_60_normal_005,998,0.9296187683239022,0.9074427480829443,0.9529058116136984,0.9800692041508926
test_60_normal_006,1346,0.90828402366528,0.9042709867385548,0.9123328380318549,0.9656747404830925
test_60_normal_007,1479,0.9494086727958299,0.9233226837001706,0.9770114942462678,0.9786851211059119
test_60_normal_008,1306,0.9235251274547578,0.8805555555494406,0.9709035221977727,0.9709342560540195
test_60_normal_009,1360,0.9054945054911887,0.9021897810153126,0.9088235294050823,0.9642906574381117
test_60_normal_010,1936,0.963788300833214,0.9453551912521344,0.9829545454494683,0.9802076124553907
test_60_normal_011,943,0.9299299299252757,0.8805687203708004,0.985153764570677,0.980622837368885
test_60_normal_012,1142,0.9354435651772784,0.8919777601200003,0.9833625218828078,0.9785467128014138
test_60_normal_013,1412,0.9448656099209344,0.9201342281817442,0.9709631727976561,0.9778546712789234
test_60_normal_014,1491,0.93242784379989,0.9442916093470132,0.9208584842325899,0.9724567474034983
test_60_normal_015,1743,0.9518987341745376,0.9337748344319329,0.9707401032646544,0.9763321799294445
test_61_discont_000,534,0.43902439023760365,0.9386503066908803,0.28651685392721876,0.9458823529398673
test_61_discont_001,1279,0.5416872224936277,0.7339572192415247,0.4292415949927347,0.8714186851199012
test_61_discont_002,853,0.40888066604617135,0.969298245571522,0.2590855803017692,0.9115570934243439
test_61_discont_003,825,0.6941634241191116,0.9695652173702268,0.5406060605995078,0.9456055363308712
test_61_discont_004,1594,0.5701823949224022,0.7747844827502717,0.4510664993698177,0.849965397922699
test_61_discont_005,1236,0.6700050075079119,0.8791064388846372,0.541262135917951,0.9087889273343823
test_61_discont_006,673,0.04075691411876627,0.9999999992857143,0.020802377414252563,0.9087889273343823
test_61_discont_007,1350,0.6322645290549486,0.9767801857433935,0.46740740740394515,0.8984083044970265
test_61_empty_001,0,0.0,0.0,0.0,0.9951557093411831
test_61_empty_002,0,0.0,0.0,0.0,0.9964013840816659
test_61_empty_004,1313,0.6213292117433213,0.9601910827872581,0.45925361766596157,0.8982698961925284
test_61_empty_005,0,0.0,0.0,0.0,0.9990311418671294
test_61_empty_007,0,0.0,0.0,0.0,0.9999999999986159
test_61_empty_008,0,0.0,0.0,0.0,0.9475432525938442
test_61_empty_010,0,0.0,0.0,0.0,0.9973702422131524
test_61_empty_012,0,0.0,0.0,0.0,0.9320415224900594
test_61_normal_000,810,0.49450938717501064,0.34674615002311604,0.8617283950510898,0.8024913494798581
test_61_normal_001,1649,0.5598767808988838,0.7668776371227123,0.44087325651642895,0.8417993079573124
test_61_normal_002,1297,0.5573308270650502,0.7135980746003177,0.45720894371274323,0.8696193771614261
test_61_normal_003,1561,0.7134268537045554,0.9528907922810183,0.5701473414441375,0.90103806228249
test_61_normal_004,1676,0.6804860614700483,0.8484848484772863,0.5680190930753698,0.8762629757773339
test_61_normal_005,1558,0.71004473362867,0.9689234184132195,0.5603337612287527,0.9013148788914861
test_61_normal_006,1800,0.656866020712807,0.8239731768581394,0.5461111111080772,0.8578546712790895
test_61_normal_007,1442,0.6761341222853012,0.784080512344153,0.5943134535326331,0.8863667820056936
test_61_normal_008,1017,0.517029134179249,0.44366197182786155,0.6194690265425814,0.8370934256043777
test_61_normal_009,1497,0.5577889447212823,0.7474747474663583,0.4448897795561464,0.8538408304486452
test_61_normal_010,1652,0.7459138187193689,0.9653846153753329,0.6077481840156916,0.9053287197219304
test_61_normal_011,1743,0.6250838363493458,0.7522195318744778,0.534710269646961,0.8452595155697643
test_61_normal_012,613,0.4061364553879446,0.26984978540627763,0.8205546492525195,0.7964013840819427
test_61_normal_013,1584,0.5774424146124804,0.7783725909980902,0.458964646461749,0.8527335640126605
test_61_normal_014,909,0.5120967741914835,0.4042011457644545,0.6985698569780135,0.8325259515559411
test_61_normal_015,1392,0.5780906291219617,0.7457434733173014,0.471982758617299,0.8672664359849588
test_62_discont_000,867,0.15694591728359547,0.9736842103981995,0.08535178777294865,0.8899653979226436
test_62_discont_001,865,0.0,0.0,0.0,0.8802768166077781
test_62_discont_002,2002,0.7628681939876142,0.9433406916781212,0.6403596403564418,0.8896885813136475
test_62_discont_003,1693,0.8536013400306413,0.9860681114474763,0.7525103366760041,0.9395155709329557
test_62_discont_004,1319,0.6704784832962069,0.5558882235501204,0.8445792266804809,0.8484429065732202
test_62_discont_005,1485,0.8950597352247496,0.8598014888284132,0.9333333333270484,0.9550173010367404
test_62_discont_006,1302,0.879897785345486,0.9875717017114,0.7933947772596515,0.9609688581301579
test_62_discont_007,2207,0.773339420221928,0.7792088316431499,0.7675577707260193,0.8625605536320241
test_62_empty_000,0,0.0,0.0,0.0,0.9915570934242331
test_62_empty_002,2319,0.7037658910992953,0.7929729729686866,0.6326002587294843,0.8290657439434892
test_62_empty_005,0,0.0,0.0,0.0,0.9999999999986159
test_62_empty_007,0,0.0,0.0,0.0,0.9746712802754676
test_62_normal_000,1651,0.5372549019590286,0.5833924769298553,0.4978800726802067,0.804013840829337
test_62_normal_001,465,0.7068965517154323,0.8270893371519571,0.6172043010619956,0.9670588235280733
test_62_normal_002,1328,0.7714528462159242,0.8849902534026804,0.6837349397538875,0.9255363321786498
test_62_normal_003,1483,0.8933290364134924,0.8555555555502744,0.9345920431494634,0.954186851209752
test_62_normal_004,2055,0.7572395128531604,0.8530487804826035,0.6807785888044732,0.8758477508638397
test_62_normal_005,1991,0.8727728983666931,0.8721163490427678,0.8734304369619618,0.9298269896180902
test_62_normal_006,1402,0.724535554129646,0.6575581395310608,0.8067047075548738,0.8809688581302686
test_62_normal_007,1470,0.9312772376770658,0.9180436219370917,0.9448979591772456,0.9716262975765099
test_62_normal_008,2032,0.7738619676926729,0.7697176241442565,0.7780511810985332,0.8721107266423915
test_62_normal_009,2035,0.9157509157485197,0.9792949076610001,0.8599508599466342,0.9554325259502348
test_62_normal_010,2127,0.7575045679959345,0.851525821591247,0.6821814762544327,0.8714186851199012
test_62_normal_011,1492,0.7136124202918946,0.6085106382949953,0.8626005361872481,0.857024221452101
test_63_discont_000,763,0.6697947214036962,0.6061571125201045,0.748361730003298,0.9220761245661978
test_63_discont_001,1859,0.719070403278472,0.9859418931491478,0.5658956428156757,0.8862283737011956
test_63_discont_002,1436,0.6014760147573733,0.890710382501493,0.4540389972113229,0.8804152249122763
test_63_discont_003,915,0.6476443264721458,0.8243243243103999,0.5333333333275045,0.9265051903101363
test_63_discont_004,644,0.6498800959193652,0.5292968749948311,0.8416149068192296,0.9191695501717382
test_63_discont_005,1223,0.735120994111396,0.612534059942166,0.9190515126662384,0.8878892733551725
test_63_discont_006,1526,0.7398311588613207,0.8925925925843279,0.6317169069421251,0.9061591695489188
test_63_discont_007,1032,0.6908635794700196,0.9752650176506137,0.5348837209250497,0.9316262975765652
test_63_empty_002,0,0.0,0.0,0.0,0.9979238754311448
test_63_empty_003,0,0.0,0.0,0.0,0.9999999999986159
test_63_empty_005,0,0.0,0.0,0.0,0.9552941176457367
test_63_empty_008,0,0.0,0.0,0.0,0.9941868512096966
test_63_normal_000,219,0.0704845814946923,0.9999999987499999,0.03652968036362878,0.9707958477495214
test_63_normal_001,1048,0.6859962985768909,0.970331588115701,0.5305343511399758,0.929550173009094
test_63_normal_002,969,0.4566428003145852,0.9965277777431761,0.29618163054389907,0.9054671280264285
test_63_normal_003,1204,0.6611661166080244,0.9788273615475761,0.49916943521180096,0.9147404844277996
test_63_normal_004,1021,0.5951890034323355,0.9976958525115738,0.42409402546107644,0.9184775086492478
test_63_normal_005,1155,0.6325088339185365,0.9889502762248812,0.4649350649310396,0.9136332179918151
test_63_normal_006,1059,0.6958637469544048,0.9777777777610636,0.5401322001837571,0.9307958477495768
test_64_discont_000,828,0.5867579908642309,0.556277056271036,0.6207729468524061,0.8997923875420072
test_64_discont_001,824,0.7994227994170316,0.9857651245376198,0.6723300970792193,0.9615224913481502
test_64_discont_002,348,0.8214765100560876,0.7707808564037587,0.8793103448023186,0.9815916955003715
test_64_discont_003,698,0.5818014705855616,0.4282814614314731,0.906876790817953,0.8740484429053647
test_64_empty_000,0,0.0,0.0,0.0,0.818131487888141
test_64_empty_003,0,0.0,0.0,0.0,0.9999999999986159
test_64_empty_004,0,0.0,0.0,0.0,0.9835294117633446
test_64_empty_005,0,0.0,0.0,0.0,0.7857439446355907
test_64_empty_006,0,0.0,0.0,0.0,0.9999999999986159
test_64_empty_007,0,0.0,0.0,0.0,0.9999999999986159
test_64_empty_008,0,0.0,0.0,0.0,0.9201384083032247
test_64_normal_000,696,0.5659536541864263,0.41020671834360334,0.9123563218259719,0.8651903114174876
test_64_normal_001,861,0.9512761020826492,0.9501738122717245,0.9523809523698911,0.9883737024207774
test_64_normal_002,666,0.8196721311408224,0.9025270757959832,0.7507507507394782,0.9695501730090387
test_64_normal_003,836,0.9214723926323837,0.9458438287034528,0.8983253588409291,0.9822837370228619
test_64_normal_004,527,0.0758122743668626,0.7777777774897119,0.03984819734269738,0.9291349480955998
test_64_normal_005,1351,0.7699670954209693,0.6460843373461542,0.9526276831905802,0.8935640138395937
test_64_normal_006,834,0.9497882637571097,0.9584859584742553,0.9412470023867956,0.9885121107252755
test_64_normal_007,649,0.8082545141804965,0.9143968871417433,0.7241910631629555,0.9691349480955445
test_64_normal_008,610,0.8347826086883933,0.888888888872428,0.7868852458887395,0.9737024221439811
test_64_normal_009,860,0.9559675550350176,0.9526558891344958,0.9593023255702406,0.989480968856762
test_64_normal_010,679,0.7966220971091019,0.7628032344910674,0.8335787923294024,0.9599999999986712
test_64_normal_011,843,0.9482551143143908,0.9621489621372142,0.9347568208667288,0.9880968858117812
test_64_normal_012,997,0.6951399116321976,0.5491564863260666,0.9468405215551972,0.8853979238742071
test_64_normal_013,541,0.5795314426562327,0.8703703703381344,0.43438077633208166,0.9528027681647713
test_64_normal_014,599,0.8541484716082608,0.8956043955879925,0.8163606009880408,0.9768858131474368
test_64_normal_015,658,0.8284313725422514,0.8957597172986614,0.770516717313518,0.9709342560540195
test_65_discont_000,2315,0.900574052810791,0.9612745097992095,0.84708423325768,0.940069204150948
test_65_discont_001,689,0.4120982986728536,0.5907859078430682,0.31640058054693176,0.9139100346008112
test_65_discont_002,644,0.7284060552027747,0.8538622129258067,0.6350931676920016,0.9577854671267021
test_65_discont_003,1204,0.8944305901874713,0.8951747088111883,0.8936877076337735,0.964844290656104
test_65_discont_004,1249,0.7575169738081595,0.960639606384248,0.6253002401871474,0.9307958477495768
test_65_discont_005,1058,0.7948363301023752,0.7758775877517924,0.8147448015045866,0.9384083044969711
test_65_discont_006,1262,0.9488933601571473,0.9640228945137856,0.9342313787564642,0.9824221453273599
test_65_discont_007,1343,0.775847089484032,0.9311783107306446,0.6649292628394272,0.9285813148776075
test_65_empty_001,0,0.0,0.0,0.0,0.9999999999986159
test_65_empty_003,0,0.0,0.0,0.0,0.9943252595141947
test_65_empty_005,0,0.0,0.0,0.0,0.9519723183377827
test_65_empty_006,0,0.0,0.0,0.0,0.9999999999986159
test_65_normal_000,1974,0.860517435318165,0.9671302149117122,0.7750759878380189,0.9313494809675691
test_65_normal_001,1240,0.881545064373899,0.9422018348537413,0.8282258064449337,0.9617993079571463
test_65_normal_002,964,0.8954017180348893,0.8729064039322866,0.9190871369199265,0.9713494809675137
test_65_normal_003,1173,0.9429657794636969,0.9346733668263428,0.9514066496082575,0.9813148788913754
test_65_normal_004,1216,0.9097502014467779,0.8917851500719449,0.9284539473607858,0.9689965397910464
test_65_normal_005,1508,0.9365183246042653,0.9244186046451912,0.9489389920361477,0.9731487889259888
test_65_normal_006,1149,0.9175398633215602,0.9627151051533203,0.8764142732734864,0.9749480968844637
test_65_normal_007,1552,0.6326276463236504,0.8891481913548525,0.4909793814401355,0.8775086505178166
test_65_normal_008,1576,0.9022812393568189,0.9735488611243678,0.8407360406038025,0.9602768166076675
test_65_normal_009,1130,0.9419354838669165,0.9163179916241313,0.969026548663991,0.9813148788913754
test_65_normal_010,2193,0.8709198813034844,0.9513776337063675,0.803009575919731,0.927750865050619
test_65_normal_011,916,0.8366846493338074,0.7595725734571722,0.9312227074134146,0.9539100346007559
test_65_normal_012,1247,0.7446504992831924,0.9147196261575383,0.6279069767391507,0.9256747404831479
test_65_normal_013,1180,0.8093525179819724,0.8620689655089842,0.762711864400316,0.9413148788914307
test_65_normal_014,1457,0.898478952950483,0.9270072992633066,0.8716540837277169,0.9602768166076675
test_65_normal_015,1550,0.8361784965533507,0.7803242034612615,0.900645161284512,0.9242906574381671
test_66_discont_000,582,0.4201257861582374,0.7840375586486367,0.28694158075108345,0.9361937716250018
test_66_discont_001,875,0.17827868852276355,0.8613861385285757,0.0994285714274351,0.8889965397911571
test_66_discont_002,708,0.5297079556844944,0.9228070175114804,0.37146892654842556,0.9353633217980134
test_66_discont_003,520,0.2695507487475948,0.9999999998765433,0.1557692307662352,0.9392387543239595
test_66_discont_004,1409,0.8817541111946682,0.9834061135285292,0.7991483321447896,0.9582006920401963
test_66_discont_005,1384,0.7903225806422642,0.8020833333273655,0.7789017340984185,0.9208304498257152
test_66_discont_006,1123,0.6213256484114045,0.8807189542339752,0.4799643811177208,0.9090657439433785
test_66_discont_007,563,0.27828746176944513,0.99999999989011,0.16163410301666725,0.9346712802755229
test_66_empty_001,0,0.0,0.0,0.0,0.9716262975765099
test_66_empty_002,0,0.0,0.0,0.0,0.9999999999986159
test_66_empty_004,0,0.0,0.0,0.0,0.9999999999986159
test_66_empty_005,0,0.0,0.0,0.0,0.8865051903101917
test_66_empty_006,0,0.0,0.0,0.0,0.9999999999986159
test_66_empty_008,0,0.0,0.0,0.0,0.9734256055349849
test_66_empty_011,0,0.0,0.0,0.0,0.9999999999986159
test_66_empty_012,0,0.0,0.0,0.0,0.9583391003446944
test_66_normal_000,790,0.5650522317162153,0.4521276595710325,0.7531645569524916,0.8732179930783762
test_66_normal_001,934,0.6696832579151851,0.631279620847097,0.7130620984934362,0.9090657439433785
test_66_normal_002,1473,0.875565610856427,0.9847328244191287,0.7881873727034068,0.9543252595142501
test_66_normal_003,1446,0.4981132075450813,0.6325878594181833,0.41078838173989773,0.8343252595144162
test_66_normal_004,1373,0.8622927180935029,0.8536759457469403,0.8710852148516309,0.94712802768035
test_66_normal_005,1159,0.7835051546356634,0.8152985074550813,0.7540983606492313,0.9331487889260441
test_66_normal_006,1381,0.6535231836412796,0.6590574374030997,0.6480811006470089,0.8686505190299396
test_66_normal_007,1232,0.6088328075677769,0.8641791044647137,0.46996753246371786,0.8970242214520456
test_66_normal_008,1203,0.7873633049785851,0.7677725118422768,0.8079800498685954,0.9273356401371248
test_66_normal_009,959,0.6695690030445383,0.574738415541295,0.8018769551532651,0.8949480968845744
test_66_normal_010,1380,0.8246725813230897,0.9888551165046722,0.7072463768064693,0.9425605536319134
test_66_normal_011,1553,0.886092715228854,0.9120654396665845,0.8615582743022437,0.952387543251277
test_66_normal_012,1222,0.5840616966550948,0.7856154909988158,0.46481178395691647,0.8880276816596706
test_66_normal_013,1578,0.5864661654115295,0.636498516315753,0.5437262357379993,0.8325259515559411
test_66_normal_014,1229,0.7118644067768551,0.6903669724717862,0.7347436940542332,0.8988235294105207
test_67_discont_000,1348,0.5929160601620916,0.8569424964816698,0.45326409495212716,0.8838754325247282
test_67_discont_001,429,0.6308539944816687,0.77104377101781,0.5337995337870909,0.962906574393131
test_67_discont_002,1176,0.6933477555397872,0.9524517087525639,0.5450680272062495,0.9215224913482055
test_67_discont_003,601,0.5854748603286539,0.8911564625547226,0.43594009982635706,0.9486505190298289
test_67_discont_004,1101,0.6945244956747315,0.5755223880562655,0.8755676657504491,0.8826297577842455
test_67_discont_005,991,0.5300059417674985,0.6445086705109175,0.45005045408223965,0.890519031140636
test_67_discont_006,1070,0.7663772691366757,0.6632513661156882,0.9074766355055377,0.9180622837357536
test_67_discont_007,1105,0.9455560725875033,0.9731800766190309,0.9194570135663398,0.9838062283723408
test_67_empty_001,0,0.0,0.0,0.0,0.9498961937703115
test_67_empty_002,0,0.0,0.0,0.0,0.996678200690662
test_67_empty_003,0,0.0,0.0,0.0,0.8311418685109604
test_67_empty_004,0,0.0,0.0,0.0,0.9886505190297735
test_67_empty_005,0,0.0,0.0,0.0,0.9687197231820502
test_67_empty_006,0,0.0,0.0,0.0,0.9319031141855614
test_67_empty_007,0,0.0,0.0,0.0,0.9288581314866037
test_67_empty_008,0,0.0,0.0,0.0,0.9474048442893461
test_67_empty_009,0,0.0,0.0,0.0,0.9875432525937888
test_67_empty_010,0,0.0,0.0,0.0,0.9018685121094784
test_67_empty_011,0,0.0,0.0,0.0,0.8186851211061333
test_67_empty_012,0,0.0,0.0,0.0,0.9999999999986159
test_67_empty_013,0,0.0,0.0,0.0,0.9998615916941178
test_67_empty_015,0,0.0,0.0,0.0,0.9634602076111233
test_67_empty_016,27,0.0,0.0,0.0,0.9818685121093677
test_67_normal_000,1003,0.9324324324275861,0.973941368067601,0.8943170488445232,0.9820069204138657
test_67_normal_001,495,0.5408955223848305,0.3838983050814924,0.9151515151330273,0.8935640138395937
test_67_normal_002,1102,0.895434462440376,0.9754010695082844,0.8275862068890419,0.9705190311405253
test_67_normal_003,1394,0.736874805838034,0.6498630136950693,0.8507890961201522,0.8827681660887435
test_67_normal_004,1014,0.6892307692281183,0.5649432534642816,0.8836291913127847,0.8881660899641687
test_67_normal_005,1123,0.8542914171614058,0.9716231554940792,0.7622439893075491,0.959584775085177
test_67_normal_006,1088,0.8325678496833714,0.7628156082573618,0.9163602941092247,0.9444982698948865
test_67_normal_007,891,0.699868938397991,0.5729613733864596,0.8989898989798093,0.9049134948084361
test_67_normal_008,1309,0.6939196152501068,0.6304619225928186,0.7715813598107596,0.8766782006908281
test_67_normal_009,990,0.9160876536562476,0.972758229273862,0.8656565656478217,0.9782698961924177
test_67_normal_010,1193,0.8142444658286129,0.955932203379029,0.7091366303377273,0.9465743944623577
test_67_normal_011,1040,0.9466403162008565,0.9735772357624637,0.921153846144989,0.9850519031128234
test_67_normal_012,600,0.5813832553271899,0.42252456537851457,0.9316666666511388,0.8885813148776629
test_67_normal_013,1111,0.7831790123426575,0.6853477380102273,0.9135913591276905,0.9222145328706959
test_67_normal_014,535,0.5451559934288717,0.3854489164056854,0.9308411214779282,0.8849826989607128
test_68_discont_000,605,0.6182096403931278,0.5754985754903775,0.6677685950302849,0.9309342560540749
test_68_discont_001,1039,0.9095607235095113,0.9821428571318958,0.8469682386828974,0.9757785467114523
test_68_discont_002,794,0.38145896656245093,0.48084291186818306,0.3161209067970262,0.8873356401371801
test_68_discont_003,566,0.26586826346986986,0.4126394051891212,0.1961130742014821,0.9151557093412939
test_68_discont_004,1055,0.9155778894426353,0.9743315507917184,0.8635071089965545,0.9767474048429388
test_68_discont_005,559,0.4596199524913325,0.34399999999694225,0.6923076922953075,0.8740484429053647
test_68_discont_006,1162,0.5321722302828632,0.607734806623119,0.47332185885995426,0.8661591695489742
test_68_discont_007,864,0.6462829736172285,0.6703980099419105,0.6238425925853722,0.9183391003447497
test_68_empty_007,0,0.0,0.0,0.0,0.9999999999986159
test_68_empty_009,0,0.0,0.0,0.0,0.9999999999986159
test_68_empty_010,0,0.0,0.0,0.0,0.911695501728842
test_68_normal_000,537,0.43462246776897107,0.32417582417285556,0.6592178770826961,0.8725259515558857
test_68_normal_001,770,0.8333333333270772,0.9875444839681932,0.72077922076986,0.9692733564000425
test_68_normal_002,915,0.8993218570636446,0.8602794411091789,0.9420765027219445,0.9732871972304868
test_68_normal_003,840,0.9440639269352509,0.9067982456040922,0.984523809512089,0.9864359861578043
test_68_normal_004,1174,0.8099999999968847,0.7384291725053407,0.8969335604693618,0.9316262975765652
test_68_normal_005,627,0.7750213857931992,0.8357933579181588,0.7224880382659891,0.9635986159156213
test_68_normal_006,1266,0.8653061224454478,0.895270270262709,0.837282780404129,0.9543252595142501
test_68_normal_007,858,0.9535673839130603,0.9273127753201837,0.9813519813405437,0.9886505190297735
test_68_normal_008,837,0.8987341772095018,0.9555854643209207,0.8482676224510363,0.9778546712789234
test_68_normal_009,973,0.6000753863528079,0.47380952380670355,0.8180883864253022,0.8531487889261549
test_68_normal_010,1175,0.7544075440723477,0.7278481012600646,0.7829787233975918,0.917093425604267
test_68_normal_011,988,0.8806262230876682,0.8522727272646566,0.9109311740798489,0.9662283737010848
test_68_normal_012,1227,0.8895277207355666,0.8965231788005256,0.8826405867898726,0.9627681660886329
test_68_normal_013,1178,0.8494138863803002,0.9057692307605215,0.7996604414193578,0.9537716262962578
test_68_normal_014,884,0.958448753457294,0.9391965255055462,0.9785067873192477,0.98961937716126
test_68_normal_015,845,0.9534215066075135,0.927293064866585,0.9810650887457862,0.9887889273342716
test_69_discont_000,860,0.0,0.0,0.0,0.8809688581302686
test_69_discont_001,925,0.3085299455507393,0.960451977346867,0.18378378378179694,0.8945328719710802
test_69_discont_002,675,0.6821120689618421,0.5359864521546488,0.9377777777638847,0.9183391003447497
test_69_discont_003,1506,0.8445404071534716,0.7885944700415404,0.9090305444826758,0.9302422145315844
test_69_discont_004,1170,0.6865148861622189,0.5816023738837888,0.8376068375996787,0.8761245674728358
test_69_discont_005,1070,0.5180055401626177,0.999999999973262,0.3495327102771072,0.9036678200679534
test_69_discont_006,1102,0.44647887323629243,0.996855345880602,0.28765880217524814,0.8912110726631264
test_69_discont_007,1119,0.46889952152789544,0.9970930232268287,0.30652368185606327,0.892456747403609
test_69_empty_000,0,0.0,0.0,0.0,0.9999999999986159
test_69_empty_001,0,0.0,0.0,0.0,0.9015916955004822
test_69_empty_002,0,0.0,0.0,0.0,0.9126643598603285
test_69_empty_003,0,0.0,0.0,0.0,0.9999999999986159
test_69_empty_004,0,0.0,0.0,0.0,0.9999999999986159
test_69_empty_005,0,0.0,0.0,0.0,0.9959861591681717
test_69_empty_006,0,0.0,0.0,0.0,0.9999999999986159
test_69_empty_007,0,0.0,0.0,0.0,0.9999999999986159
test_69_empty_009,0,0.0,0.0,0.0,0.9999999999986159
test_69_empty_010,0,0.0,0.0,0.0,0.9999999999986159
test_69_empty_011,0,0.0,0.0,0.0,0.9999999999986159
test_69_normal_000,1099,0.8912621359180036,0.9552549427580098,0.8353048225583686,0.9689965397910464
test_69_normal_001,1030,0.9137596899180536,0.9119922630472729,0.9155339805736357,0.975363321797958
test_69_normal_002,1202,0.7158336246042788,0.6172393007798841,0.8519134775303502,0.8874740484416782
test_69_normal_003,1308,0.9182341650636536,0.92212798765673,0.9143730886780247,0.9705190311405253
test_69_normal_004,1109,0.8688046647188106,0.9420442571028236,0.806131650127988,0.9626297577841347
test_69_normal_005,1019,0.6980891719700759,0.9945553538839463,0.5377821393470287,0.9343944636665268
test_69_normal_006,1216,0.8125292192575385,0.9414951245835158,0.71463815788886,0.9444982698948865
test_69_normal_007,943,0.8750706613856695,0.9370460048312707,0.8207847295777223,0.9694117647045406
test_69_normal_008,1432,0.8390243902411739,0.7851491174632675,0.9008379888205249,0.9314878892720672
test_69_normal_009,1038,0.8703108252900841,0.9806763284905715,0.7822736030753153,0.966505190310081
test_69_normal_010,1094,0.9251577998154863,0.9128113878922348,0.9378427787848461,0.9770242214519349
test_69_normal_011,1154,0.9021589343091312,0.9599217986220926,0.8509532062317943,0.9705190311405253
test_69_normal_012,1299,0.8066875653054452,0.7366412213693598,0.8914549653511051,0.9231833910021825
test_69_normal_013,1482,0.9087261785325687,0.9005964214652049,0.9170040485768084,0.9622145328706405
test_69_normal_014,941,0.9203354297645685,0.9079627714487284,0.9330499468551217,0.978961937714908
test_69_normal_015,1071,0.897051715800401,0.9298597194295605,0.8664799252953644,0.9705190311405253
test_6_discont_000,621,0.16200294550571423,0.9482758619054696,0.08856682769583628,0.9212456747392094
test_6_discont_001,2203,0.8256700270449332,0.9007510729565411,0.7621425329062091,0.9018685121094784
test_6_discont_002,595,0.5822485207031687,0.9839999999606399,0.4134453781443118,0.9511418685107943
test_6_discont_003,301,0.582222222209284,0.8791946308134768,0.4352159468293948,0.9739792387529772
test_6_discont_004,688,0.6347656249938012,0.9672619047331171,0.4723837209233665,0.9482352941163347
test_6_discont_005,753,0.8299925760888642,0.941077441061598,0.7423638778121864,0.968304498268556
test_6_discont_006,712,0.8420256991621918,0.9116202945840979,0.7823033707755295,0.9710726643585176
test_6_discont_007,1753,0.6816774556693451,0.6727777777740401,0.6908157444341654,0.8434602076112894
test_6_empty_001,0,0.0,0.0,0.0,0.8175778546701487
test_6_empty_002,0,0.0,0.0,0.0,0.9999999999986159
test_6_empty_005,0,0.0,0.0,0.0,0.9839446366768388
test_6_normal_000,686,0.9069925322409573,0.848792884360244,0.9737609329304117,0.9810380622823792
test_6_normal_001,1205,0.8192660550421135,0.9158974358880421,0.7410788381681239,0.9454671280263731
test_6_normal_002,1006,0.8103847936911898,0.7593397045980944,0.8687872763333122,0.9433910034589019
test_6_normal_003,892,0.8980454305288007,0.8491508491423662,0.9529147981955951,0.9732871972304868
test_6_normal_004,1199,0.7014925373099429,0.869297163984349,0.5879899916548125,0.9169550172997689
test_6_normal_005,1643,0.7766585619979971,0.9045307443292514,0.6804625684681652,0.9110034602063516
test_6_normal_006,820,0.9168184577964978,0.9129383313069778,0.9207317073058447,0.9810380622823792
test_6_normal_007,1142,0.8987341772113978,0.8672638436411462,0.9325744308149513,0.9667820069190771
test_6_normal_008,1737,0.7273706896532129,0.6835443037940074,0.7772020725343858,0.8599307958465606
test_6_normal_009,1093,0.8910200523064908,0.850957535380092,0.9350411710801918,0.9653979238740964
test_6_normal_010,812,0.8841985168232505,0.8235919234769012,0.9544334975251917,0.971903114185506
test_6_normal_011,1314,0.5581885202708889,0.905982905967419,0.403348554030416,0.8838754325247282
test_6_normal_012,1640,0.7864312911014661,0.9095276220903962,0.6926829268250446,0.9146020761233016
test_6_normal_013,1503,0.8247277836289965,0.8735119047554055,0.7811044577459674,0.9309342560540749
test_6_normal_014,1227,0.8384171475645572,0.8482068390254529,0.8288508557389662,0.9457439446353693
test_6_normal_015,676,0.8831168831108468,0.8208386276896971,0.9556213017610115,0.9763321799294445
test_70_discont_000,709,0.5533063427762935,0.5304010349219871,0.5782792665644813,0.9083737024208881
test_70_discont_001,1111,0.6156186612544847,0.7049941927908827,0.5463546354586287,0.8950865051890725
test_70_discont_002,845,0.688293370941757,0.5709828393091188,0.8662721893388606,0.90823529411639
test_70_discont_003,916,0.7377347062341749,0.8285714285601555,0.6648471615647943,0.940069204150948
test_70_discont_004,1124,0.8544995794749601,0.8102073365166651,0.9039145907392891,0.9521107266422808
test_70_empty_000,0,0.0,0.0,0.0,0.9939100346007005
test_70_empty_003,0,0.0,0.0,0.0,0.9867128027668004
test_70_empty_004,0,0.0,0.0,0.0,0.9793771626284022
test_70_empty_006,0,0.0,0.0,0.0,0.9999999999986159
test_70_empty_008,0,0.0,0.0,0.0,0.9932179930782101
test_70_empty_009,0,0.0,0.0,0.0,0.9518339100332847
test_70_empty_011,0,0.0,0.0,0.0,0.9999999999986159
test_70_normal_000,826,0.896112173353116,0.9461641991797286,0.8510895883674202,0.9774394463654291
test_70_normal_001,1181,0.9340899170627059,0.9639639639552797,0.9060118543530398,0.9791003460194061
test_70_normal_002,982,0.9438877755463734,0.928994082831075,0.9592668024342234,0.9844982698948311
test_70_normal_003,1087,0.893333333329363,0.86414445399085,0.9245630174707953,0.9667820069190771
test_70_normal_004,1016,0.9508362899090176,0.9801462904808762,0.923228346447606,0.9865743944623023
test_70_normal_005,1126,0.9482001755884627,0.9374999999918621,0.9591474245030271,0.9836678200678427
test_70_normal_006,820,0.9501779359374248,0.924942263268765,0.9768292682807703,0.9883737024207774
test_70_normal_007,1131,0.902975420435951,0.881313131305713,0.9257294429626373,0.9688581314865483
test_70_normal_008,1087,0.9502093997163787,0.9613935969777647,0.939282428694211,0.9851903114173215
test_70_normal_009,789,0.937343358390117,0.9268897149823185,0.9480354879474266,0.9861591695488081
test_70_normal_010,870,0.9357384441886374,0.9181415929101976,0.9540229884947813,0.984221453285835
test_70_normal_011,1147,0.9524640209291214,0.9528795811435177,0.9520488230082647,0.9849134948083254
test_70_normal_012,1080,0.9459706959663646,0.9356884057886261,0.9564814814726252,0.9836678200678427
test_70_normal_013,833,0.8789808917141467,0.9362279511406211,0.8283313325230692,0.9737024221439811
test_70_normal_014,1151,0.9073212018582001,0.8844884488375868,0.9313640312690586,0.9696885813135367
test_70_normal_015,1129,0.9522091974709098,0.9696969696880653,0.9353410097348509,0.9853287197218197
test_71_discont_000,1392,0.20843989769687699,0.9476744185495538,0.11709770114858407,0.828650519029995
test_71_discont_001,1222,0.27019867549489934,0.7083333333087384,0.16693944353382212,0.8474740484417336
test_71_discont_002,904,0.28214285714033804,0.7314814814476166,0.1747787610600135,0.888719723182161
test_71_discont_003,832,0.8959899749317295,0.9358638743333002,0.8593749999896709,0.9770242214519349
test_71_discont_004,1575,0.9513374154013815,0.9659685863811128,0.937142857136907,0.9791003460194061
test_71_discont_005,1208,0.9485570890800981,0.9585798816487019,0.9387417218465337,0.9829757785453523
test_71_discont_006,817,0.8030467899847495,0.7228207639498254,0.9033047735507551,0.9498961937703115
test_71_discont_007,1399,0.9339554917410842,0.9379956741100361,0.9299499642535387,0.9745328719709695
test_71_empty_005,0,0.0,0.0,0.0,0.9969550172996582
test_71_empty_006,0,0.0,0.0,0.0,0.9377162629744806
test_71_empty_008,0,0.0,0.0,0.0,0.9749480968844637
test_71_empty_009,0,0.0,0.0,0.0,0.8823529411752493
test_71_empty_010,0,0.0,0.0,0.0,0.9999999999986159
test_71_normal_000,1646,0.9546449796654531,0.9838813668537468,0.927095990273833,0.9799307958463945
test_71_normal_001,1014,0.9345023207790898,0.9794594594488707,0.8934911242515434,0.9824221453273599
test_71_normal_002,939,0.9581993569080482,0.9644012944879784,0.9520766773061546,0.9892041522477658
test_71_normal_003,681,0.747387830358037,0.6427061310714302,0.8928046989589896,0.9431141868499058
test_71_normal_004,1330,0.951021982256263,0.9762470308711304,0.927067669165962,0.9824221453273599
test_71_normal_005,991,0.7084105224130849,0.5597189695517581,0.9646821392435451,0.8910726643586283
test_71_normal_006,957,0.8196868008911872,0.7167449139224042,0.9571577847339899,0.9442214532858904
test_71_normal_007,1554,0.9549019607811932,0.970119521905909,0.9401544401483903,0.9808996539778811
test_71_normal_008,1427,0.95097001763333,0.9573863636295641,0.944639103006695,0.9807612456733831
test_71_normal_009,971,0.9673684210475402,0.989235737341343,0.9464469618852065,0.9914186851197351
test_71_normal_010,953,0.8670953912065,0.8860898137909519,0.8488982161505887,0.9656747404830925
test_71_normal_011,935,0.7513402061824688,0.611409395969051,0.9743315507917184,0.9165397923862747
test_71_normal_012,894,0.9518900343588094,0.9753521126646085,0.9295302013318845,0.9883737024207774
test_71_normal_013,961,0.83048498844882,0.7466777408575858,0.9354838709580074,0.9492041522478212
test_71_normal_014,1145,0.8903993203020799,0.8668320926313745,0.9152838427867661,0.9642906574381117
test_71_normal_015,1603,0.9669291338552223,0.9764631043194882,0.957579538359591,0.9854671280263178
test_72_discont_000,882,0.5057636887571632,0.6936758893143542,0.3979591836689574,0.9050519031129342
test_72_discont_001,1143,0.3816254416934161,0.992647058787035,0.23622047243887823,0.8788927335627974
test_72_empty_000,0,0.0,0.0,0.0,0.9999999999986159
test_72_empty_001,0,0.0,0.0,0.0,0.9999999999986159
test_72_empty_002,0,0.0,0.0,0.0,0.9485121107253308
test_72_empty_003,0,0.0,0.0,0.0,0.9687197231820502
test_72_empty_004,0,0.0,0.0,0.0,0.9999999999986159
test_72_empty_005,0,0.0,0.0,0.0,0.9957093425591755
test_72_empty_007,0,0.0,0.0,0.0,0.9999999999986159
test_72_empty_008,0,0.0,0.0,0.0,0.9999999999986159
test_73_discont_000,1466,0.2755847953206302,0.29685039369845,0.2571623465193918,0.7256747404834247
test_73_discont_001,867,0.6107702794777726,0.7466666666542222,0.516724336787581,0.9209688581302132
test_73_discont_002,592,0.22488755621851741,0.9999999998666668,0.12668918918704916,0.9284429065731095
test_73_discont_003,1641,0.5551394090696832,0.8753280839780141,0.4064594759268345,0.8520415224901702
test_73_discont_004,544,0.6043165467571555,0.5915492957642333,0.6176470588121756,0.9391003460194615
test_73_discont_005,806,0.7675597393137759,0.9217391304187523,0.6575682382052411,0.9555709342547328
test_73_discont_006,904,0.7299477930672523,0.639235245214969,0.8506637168047493,0.9212456747392094
test_73_discont_007,1518,0.5118733509212319,0.7698412698310867,0.38339920948364037,0.846366782005749
test_73_empty_001,0,0.0,0.0,0.0,0.9443598615903884
test_73_normal_000,1063,0.8989071038210432,0.8711385701600077,0.9285042332932408,0.9692733564000425
test_73_normal_001,1236,0.9275945293607096,0.9223999999926209,0.9328478964325823,0.9750865051889618
test_73_normal_002,726,0.6546426185661013,0.635538261989163,0.6749311294672874,0.9284429065731095
test_73_normal_003,1693,0.8037748128838146,0.8949275362253991,0.7294743059614326,0.9165397923862747
test_73_normal_004,1178,0.9050142682392784,0.8705882352872896,0.9422750424368229,0.9677508650505637
test_73_normal_005,1035,0.8554630083250591,0.8677932405480339,0.8434782608614158,0.9591695501716828
test_73_normal_006,718,0.7127478753500694,0.6007640878643672,0.8760445682329242,0.9298269896180902
test_73_normal_007,1590,0.8174789915938908,0.8779783393438414,0.7647798742090266,0.9248442906561594
test_73_normal_008,1238,0.9193675889291725,0.9001547987546429,0.9394184167937043,0.9717647058810079
test_73_normal_009,1706,0.8381348381323489,0.8494882600791723,0.8270808909681884,0.9245674740471632
test_73_normal_010,946,0.8340292275530583,0.8237113401976937,0.8446088794836722,0.955986159168227
test_73_normal_011,1137,0.9093275488029965,0.8972602739649208,0.921723834644488,0.9710726643585176
test_73_normal_012,1140,0.9170646982157314,0.9079965606112813,0.9263157894655587,0.973564013839483
test_73_normal_013,891,0.7837573385480248,0.694709453593281,0.8989898989798093,0.9388235294104653
test_73_normal_014,1809,0.810232004756662,0.877012234379414,0.7529021558830685,0.911695501728842
test_73_normal_015,730,0.8200138985349548,0.8321579689586437,0.8082191780711203,0.9641522491336136
test_74_discont_000,652,0.5873015872964084,0.6908713692802724,0.510736196311185,0.9352249134935152
test_74_discont_001,691,0.49559164732948685,0.36475409835816425,0.7727930535344024,0.8495501730092048
test_74_discont_002,745,0.5953678474073886,0.6044260027578917,0.5865771812001802,0.9177854671267573
test_74_discont_003,778,0.5263963274634553,0.6502835538629436,0.4421593830277357,0.9143252595143054
test_74_empty_009,0,0.0,0.0,0.0,0.9868512110712985
test_74_empty_011,0,0.0,0.0,0.0,0.9999999999986159
test_74_empty_012,0,0.0,0.0,0.0,0.9331487889260441
test_74_empty_015,0,0.0,0.0,0.0,0.9496193771613154
test_74_normal_000,776,0.8635235731956358,0.8325358851575055,0.8969072164832873,0.9695501730090387
test_74_normal_001,901,0.8269858541848369,0.8110992529262423,0.8435072141970754,0.955986159168227
test_74_normal_002,767,0.7518703241848388,0.7204301075182744,0.7861799217628921,0.9449134948083807
test_74_normal_003,758,0.7580645161243297,0.7154566744646902,0.8060686015724793,0.9460207612443654
test_74_normal_004,845,0.8477611940247896,0.8554216867366816,0.8402366863805889,0.9647058823516059
test_74_normal_005,785,0.8762254901907095,0.8441558441458777,0.9108280254661041,0.9720415224900041
test_74_normal_006,767,0.788282290274379,0.8054421768597899,0.771838331150302,0.955986159168227
test_74_normal_007,869,0.8203124999954224,0.796316359688014,0.8457997698406697,0.9554325259502348
test_74_normal_008,793,0.8823887873194248,0.8537735848955923,0.9129886506820556,0.9732871972304868
test_74_normal_009,775,0.7694145758615926,0.7163515016605523,0.8309677419247617,0.9465743944623577
test_74_normal_010,933,0.8034188034145117,0.8008519701725149,0.8060021436140836,0.9490657439433231
test_74_normal_011,794,0.821849782738536,0.8102815177379402,0.8337531486041089,0.9602768166076675
test_74_normal_012,774,0.8460543337590812,0.8471502590563841,0.8449612402991608,0.9670588235280733
test_75_discont_000,1515,0.35348179568627264,0.3805175038022792,0.3300330032981516,0.7468512110716307
test_75_discont_001,568,0.4509151414271971,0.42744479494593934,0.47711267604793817,0.9086505190298843
test_75_discont_002,1387,0.8159203980065676,0.9599999999906342,0.7094448449840703,0.9385467128014692
test_75_discont_003,1370,0.8660535785651098,0.9575596816891463,0.7905109488993394,0.9536332179917597
test_75_discont_004,427,0.538969616901731,0.6181818181630854,0.47775175642909246,0.9516955017287866
test_75_discont_005,916,0.7496734871538978,0.6234612599520387,0.9399563318674677,0.9204152249122209
test_75_discont_006,1311,0.8354339214950111,0.7912687585212056,0.8848207475142272,0.9367474048429941
test_75_discont_007,1255,0.34948492941491993,0.33528550512199645,0.3649402390409168,0.7640138408293924
test_75_empty_000,1156,0.43380088949560797,0.358800226370352,0.5484429065696502,0.7709342560542963
test_75_empty_001,0,0.0,0.0,0.0,0.8059515570923101
test_75_empty_002,1005,0.7835990888346989,0.7226890756241792,0.8557213930263112,0.9342560553620287
test_75_empty_003,0,0.0,0.0,0.0,0.973564013839483
test_75_empty_006,0,0.0,0.0,0.0,0.8364013840818874
test_75_empty_007,313,0.19908466818994183,0.15508021390097895,0.2779552715566148,0.9031141868499611
test_75_empty_009,1196,0.7145061728367497,0.6633237822302055,0.7742474916323224,0.8975778546700379
test_75_empty_011,0,0.0,0.0,0.0,0.9999999999986159
test_75_empty_012,0,0.0,0.0,0.0,0.8628373702410203
test_75_normal_000,875,0.7171152869440472,0.6453382084036076,0.8068571428479216,0.9229065743931864
test_75_normal_001,937,0.5594459407442884,0.43742478940771706,0.7758804695754975,0.8415224913483162
test_75_normal_002,1147,0.8738336713960494,0.8171471927100369,0.9389712292856237,0.9569550172997136
test_75_normal_003,1047,0.8675438596453179,0.8021086780145815,0.9446036294083611,0.9582006920401963
test_75_normal_004,949,0.8681081081034157,0.8912319644740152,0.8461538461449298,0.9662283737010848
test_75_normal_005,1196,0.9221311475372044,0.9043408360055922,0.940635451497152,0.9737024221439811
test_75_normal_006,831,0.8412787436856911,0.7878151260421448,0.9025270758014137,0.9608304498256598
test_75_normal_007,992,0.8143922773110382,0.7210567210511185,0.9354838709583116,0.9414532871959288
test_75_normal_008,1112,0.9010152284225845,0.8506389776289885,0.9577338129410277,0.9676124567460656
test_75_normal_009,989,0.8746722600898025,0.9084967320162473,0.8432760363918779,0.9669204152235752
test_75_normal_010,958,0.8928974069848202,0.9705882352822232,0.8267223381959632,0.9737024221439811
test_76_discont_000,731,0.7587719298190149,0.8147566718867385,0.7099863200997266,0.9543252595142501
test_76_discont_001,719,0.7272727272686959,0.6046082949253032,0.9123783031861978,0.9319031141855614
test_76_empty_001,0,0.0,0.0,0.0,0.936470588233998
test_76_empty_002,0,0.0,0.0,0.0,0.959584775085177
test_76_empty_003,0,0.0,0.0,0.0,0.9728719723169926
test_76_empty_004,0,0.0,0.0,0.0,0.996678200690662
test_76_empty_005,0,0.0,0.0,0.0,0.8892733564001533
test_76_empty_008,0,0.0,0.0,0.0,0.9998615916941178
test_76_empty_009,0,0.0,0.0,0.0,0.858823529410576
test_76_empty_010,0,0.0,0.0,0.0,0.9540484429052539
test_76_empty_011,0,0.0,0.0,0.0,0.9638754325246175
test_76_empty_012,0,0.0,0.0,0.0,0.9872664359847927
test_76_normal_000,638,0.7623206487787754,0.6331606217550968,0.9576802507686883,0.947266435984848
test_76_normal_001,1196,0.9587542087501736,0.9652542372799555,0.9523411371157832,0.9864359861578043
test_76_normal_002,876,0.9023024268767748,0.9917920656499071,0.8276255707668079,0.9782698961924177
test_76_normal_003,1203,0.9466721785822791,0.9416118420975197,0.95178719866208,0.9821453287183638
test_76_normal_004,1008,0.9671641790996659,0.9700598802298397,0.964285714276148,0.9908650519017428
test_76_normal_005,1026,0.8832807570938113,0.8214585079562327,0.9551656919984878,0.9641522491336136
test_76_normal_006,1271,0.9320785597343205,0.9710144927453452,0.8961447678922413,0.9770242214519349
test_76_normal_007,905,0.9292586304418265,0.9524361948845425,0.9071823204319648,0.9826989619363561
test_76_normal_008,1100,0.9623923878524586,0.9593495934872689,0.9654545454457687,0.9885121107252755
test_76_normal_009,1227,0.9545085296468135,0.9514170040408793,0.957620211891136,0.9844982698948311
test_76_normal_010,1277,0.9621451104063007,0.9690230341463939,0.9553641346832,0.9867128027668004
test_76_normal_011,786,0.7929320817184267,0.7004878048712149,0.9134860050774366,0.9480968858118366
test_76_normal_012,1222,0.9462275948272354,0.9643160577658088,0.928805237308275,0.9821453287183638
test_76_normal_013,1053,0.9518916394163854,0.936580882344333,0.9677113010354444,0.9857439446353139
test_76_normal_014,863,0.9219330854961467,0.9906790945274211,0.8621089223538574,0.982560553631858
test_76_normal_015,956,0.9595744680800024,0.9761904761799114,0.943514644341595,0.989480968856762
test_77_discont_000,645,0.03249999999959375,0.08387096773652444,0.02015503875937744,0.8928719723171034
test_77_discont_001,1567,0.3968015991984168,0.9147465437577247,0.2533503509875345,0.8329411764694354
test_77_discont_002,684,0.0,0.0,0.0,0.9050519031129342
test_77_discont_003,1831,0.712338104973714,0.9474161377973943,0.5707263790247367,0.8831833910022379
test_77_discont_004,1201,0.5677511619572122,0.4974937343327225,0.6611157368804237,0.8326643598604392
test_77_discont_005,1172,0.5588113908354981,0.5411670663425966,0.5776450511896106,0.8520415224901702
test_77_discont_006,2268,0.6702127659555706,0.9179447852690342,0.5277777777754508,0.8369550172998796
test_77_discont_007,1084,0.6935574229653022,0.8830242510573035,0.5710332103268355,0.9242906574381671
test_77_empty_000,0,0.0,0.0,0.0,0.9741176470574753
test_77_empty_001,1384,0.6274082151921941,0.6313094367181323,0.6235549132902923,0.8581314878880857
test_77_empty_002,0,0.0,0.0,0.0,0.9269204152236306
test_77_empty_003,0,0.0,0.0,0.0,0.948788927334327
test_77_normal_000,372,0.036939313983194215,0.9999999985714286,0.01881720430056943,0.9494809688568173
test_77_normal_001,1439,0.8803998571907162,0.9052863436056882,0.8568450312657621,0.9536332179917597
test_77_normal_002,929,0.6185567010266766,0.8555133079685263,0.4843918191551734,0.9231833910021825
test_77_normal_003,1149,0.9507494646640225,0.9359190556413498,0.966057441244856,0.9840830449813369
test_77_normal_004,1255,0.7957931638878362,0.8841285296895411,0.7235059760898526,0.9355017301025115
test_77_normal_005,1330,0.9139123750925676,0.9347484276656074,0.8939849623992934,0.9689965397910464
test_77_normal_006,1226,0.9432098765393284,0.9518272425170115,0.9347471451799777,0.9808996539778811
test_77_normal_007,1463,0.8495128112564074,0.8998470947943438,0.8045112781899897,0.9422837370229172
test_77_normal_008,221,0.12824956672221405,0.10393258426674347,0.1674208144720624,0.9303806228360826
test_77_normal_009,1482,0.8695968034839463,0.9417781274512843,0.8076923076868577,0.9503114186838059
test_77_normal_010,1023,0.6790419161635985,0.876352395658789,0.5542521994080718,0.925813148787646
test_78_discont_000,1460,0.8106634353201737,0.7267789244936079,0.9164383561581066,0.913494809687317
test_78_discont_001,1015,0.7528221097674083,0.6222651222611181,0.952709359596525,0.9121107266423362
test_78_discont_002,859,0.2451874366743142,0.9453124999261474,0.14086146682024608,0.8968858131475476
test_78_discont_003,807,0.29817444218764527,0.8212290502334508,0.1821561338267391,0.9042214532859457
test_78_discont_004,687,0.0,0.0,0.0,0.9049134948084361
test_78_discont_005,1017,0.7300930713509303,0.7699018538629236,0.6941986233953372,0.927750865050619
test_78_discont_006,1943,0.9386903208950204,0.9518518518468156,0.9258878023627077,0.9674740484415675
test_78_discont_007,1133,0.7193849533183999,0.9520348837070925,0.5781112091740679,0.9292733564000979
test_78_empty_002,0,0.0,0.0,0.0,0.9414532871959288
test_78_empty_003,0,0.0,0.0,0.0,0.8892733564001533
test_78_empty_006,0,0.0,0.0,0.0,0.9999999999986159
test_78_empty_008,0,0.0,0.0,0.0,0.9999999999986159
test_78_empty_009,0,0.0,0.0,0.0,0.8589619377150741
test_78_empty_010,0,0.0,0.0,0.0,0.9695501730090387
test_78_normal_000,864,0.9347951529086279,0.9321058688040034,0.9374999999891493,0.9843598615903331
test_78_normal_001,1067,0.8825986078845356,0.8740808823449074,0.8912839737498475,0.9649826989606021
test_78_normal_002,747,0.8915510718733194,0.8426698450435915,0.9464524765602884,0.9761937716249465
test_78_normal_003,1249,0.8863456984968968,0.8739299610826933,0.8991192954291505,0.9601384083031693
test_78_normal_004,883,0.9487459105727986,0.9148264984130933,0.9852774631824996,0.9869896193757965
test_78_normal_005,2057,0.9380619380595953,0.9645608628609936,0.9129800680558436,0.9656747404830925
test_78_normal_006,707,0.771155261215812,0.8036809815827656,0.7411598302582579,0.9569550172997136
test_78_normal_007,1180,0.7389516957824309,0.9386422976378768,0.6093220338931414,0.9296885813135921
test_78_normal_008,789,0.9252042740356682,0.9177057356494052,0.9328263624723343,0.9835294117633446
test_78_normal_009,1132,0.7411032028436784,0.7464157706026308,0.7358657243751249,0.9194463667807343
test_78_normal_010,1563,0.9289040670570354,0.90229191796802,0.957133717204369,0.968304498268556
test_78_normal_011,977,0.8967772069084691,0.8247422680341517,0.982599795281652,0.9694117647045406
test_78_normal_012,898,0.9433351322129341,0.9151832460637154,0.9732739420827029,0.9854671280263178
test_78_normal_013,2008,0.9431303472547984,0.9532044760887427,0.9332669322662687,0.9687197231820502
test_78_normal_014,741,0.861398963724991,0.8281444582711315,0.8974358974237863,0.9703806228360272
test_78_normal_015,850,0.9204875217590222,0.9083619702072353,0.9329411764596125,0.9810380622823792
test_79_discont_000,1334,0.36209677419208836,0.3917975567156039,0.3365817091429042,0.781038062282656
test_79_discont_001,1267,0.7628560858277365,0.7179665738111563,0.8137332280914465,0.9112802768153477
test_79_discont_002,1296,0.8030303030275378,0.7251243781049433,0.8996913580177494,0.9208304498257152
test_79_discont_003,1135,0.6695815115531868,0.5186260280574813,0.9444933920621631,0.8535640138396491
test_79_discont_004,629,0.7839898348107752,0.6529100529031439,0.9809220985535624,0.9529411764692693
test_79_discont_005,1264,0.5788043478241209,0.5071428571398384,0.6740506329060598,0.8283737024209988
test_79_discont_006,1572,0.9393753827282935,0.9055489964527418,0.9758269720039706,0.9725951557079964
test_79_empty_001,0,0.0,0.0,0.0,0.9944636678186928
test_79_empty_002,847,0.4345583494491647,0.4786931818113822,0.3978748524156095,0.8786159169538013
test_79_empty_003,135,0.2416107382527171,0.1387665198222603,0.9333333332641974,0.890519031140636
test_79_empty_004,0,0.0,0.0,0.0,0.9999999999986159
test_79_empty_006,763,0.5693836978108573,0.4086757990844254,0.9384010484804928,0.8501038062271971
test_79_normal_000,875,0.7050479766345221,0.5551905387611354,0.965714285703249,0.9021453287184745
test_79_normal_001,1394,0.9402472527440239,0.9018445322733739,0.9820659971235146,0.9759169550159503
test_79_normal_002,480,0.6403269754724774,0.4757085020194766,0.9791666666462674,0.9269204152236306
test_79_normal_003,968,0.6823821339922151,0.5689655172374555,0.8522727272639228,0.8937024221440918
test_79_normal_004,1264,0.9147286821669972,0.8966565349475939,0.9335443037900828,0.9695501730090387
test_79_normal_005,1280,0.8231665524303524,0.733211233206757,0.9382812499926697,0.9285813148776075
test_79_normal_006,814,0.9180327868800564,0.8502617800958088,0.9975429975307427,0.9799307958463945
test_79_normal_007,1536,0.9484992101075878,0.9214241866119005,0.9772135416603047,0.9774394463654291
test_79_normal_008,1196,0.8944918541470346,0.8342981186625594,0.9640468227344144,0.9623529411751386
test_79_normal_009,1380,0.9508426966258748,0.9223433242443982,0.9811594202827453,0.980622837368885
test_79_normal_010,1143,0.6960721184781196,0.5506877228703481,0.9457567803941754,0.86934256055243
test_79_normal_011,783,0.8585746102402084,0.7611056268434244,0.9846743294893401,0.964844290656104
test_79_normal_012,850,0.7836812144175348,0.6565977742396137,0.9717647058709205,0.9368858131474922
test_79_normal_013,1439,0.9401197604759145,0.9017230376458091,0.9819318971439756,0.9750865051889618
test_79_normal_014,1370,0.949407965550953,0.9336626676010328,0.9656934306498856,0.9804844290643869
test_79_normal_015,1106,0.8212226066865774,0.7143812708982317,0.9656419529749943,0.9356401384070095
test_7_discont_000,1950,0.7224835371567185,0.929782082316951,0.5907692307662012,0.8775086505178166
test_7_discont_001,2094,0.9079445144996017,0.962052378402127,0.8595988538640899,0.9494809688568173
test_7_discont_002,827,0.4169014084492363,0.2940884252345053,0.7158403869320938,0.7707958477497983
test_7_discont_003,534,0.0,0.0,0.0,0.8906574394451341
test_7_discont_004,1612,0.9146268656689116,0.8814729574172528,0.950372208430829,0.9604152249121656
test_7_discont_005,795,0.7674911660723146,0.8758064515987773,0.6830188679159369,0.9544636678187481
test_7_empty_001,0,0.0,0.0,0.0,0.985882352939812
test_7_empty_002,0,0.0,0.0,0.0,0.819930795846616
test_7_empty_006,0,0.0,0.0,0.0,0.8292041522479873
test_7_empty_007,0,0.0,0.0,0.0,0.9986159169536352
test_7_empty_008,0,0.0,0.0,0.0,0.9999999999986159
test_7_empty_010,0,0.0,0.0,0.0,0.9630449826976291
test_7_empty_011,0,0.0,0.0,0.0,0.9727335640124946
test_7_empty_012,0,0.0,0.0,0.0,0.9999999999986159
test_7_empty_013,0,0.0,0.0,0.0,0.9999999999986159
test_7_empty_014,0,0.0,0.0,0.0,0.881660899652759
test_7_normal_000,1056,0.6558463067219085,0.5043301069765445,0.9374999999911222,0.8561937716251126
test_7_normal_001,928,0.6301564722572536,0.9267782426584356,0.4773706896500283,0.9280276816596152
test_7_normal_002,939,0.5702786377691322,0.40200785682932344,0.9808306709160721,0.8078892733552832
test_7_normal_003,1063,0.48589125945983563,0.9051282051049967,0.3320790216337528,0.8966089965385514
test_7_normal_004,802,0.761371588518115,0.867623604451872,0.6783042393930386,0.9528027681647713
test_7_normal_005,983,0.6574604243831005,0.49144008056147315,0.9928789420041416,0.8592387543240703
test_7_normal_006,1362,0.7889125799549531,0.674128058299458,0.9508076358226814,0.9040830449814476
test_7_normal_007,879,0.4461670973260451,0.918439716279488,0.29465301478618144,0.9110034602063516
test_7_normal_008,774,0.7337615988527213,0.8197767145004821,0.6640826873299214,0.9483737024208327
test_7_normal_009,1036,0.6664458429921615,0.5073121533005178,0.9710424710330982,0.8606228373690511
test_7_normal_010,881,0.6902905740560575,0.9188679245109648,0.552780930754225,0.9395155709329557
test_7_normal_011,932,0.6061204343514113,0.43711438063390073,0.9881974248821008,0.8343252595144162
test_7_normal_012,1150,0.7021745981698639,0.550667325751109,0.9686956521654897,0.8692041522479319
test_7_normal_013,876,0.5062034739412226,0.9189189188913237,0.34931506848916305,0.9173702422132631
test_7_normal_014,1008,0.6633333333311222,0.499497991965364,0.9871031745933819,0.8602076124555568
test_7_normal_015,938,0.422857142853691,0.9024390243588,0.27611940298213095,0.9021453287184745
test_80_discont_000,494,0.2040133779230098,0.5865384614820637,0.12348178137401858,0.9341176470575306
test_80_discont_001,1922,0.7862829148781805,0.9553571428500346,0.6680541102982932,0.9033910034589573
test_80_discont_002,522,0.29968454258202387,0.8482142856385524,0.1819923371612645,0.9385467128014692
test_80_discont_003,976,0.48621908126864866,0.7835990888204192,0.35245901638983135,0.899377162628513
test_80_discont_004,475,0.03366058905983646,0.05042016806510839,0.025263157894204986,0.9046366781994399
test_80_discont_005,809,0.43716679359910765,0.5694444444331459,0.3547589616767026,0.897716262974536
test_80_discont_006,905,0.6707566462121967,0.8754448398420739,0.5436464088337719,0.9331487889260441
test_80_discont_007,1141,0.7916287534085914,0.8230842005598574,0.7624890446909511,0.936608996538496
test_80_empty_000,0,0.0,0.0,0.0,0.8937024221440918
test_80_empty_004,0,0.0,0.0,0.0,0.9658131487875906
test_80_empty_006,0,0.0,0.0,0.0,0.8218685121095891
test_80_normal_000,910,0.6651497914271326,0.5078170237376501,0.9637362637256732,0.8777854671268127
test_80_normal_001,1757,0.9088200238351942,0.9537210756663308,0.8679567444458284,0.9576470588222039
test_80_normal_002,996,0.8147733631739521,0.9203539822892496,0.7309236947717779,0.954186851209752
test_80_normal_003,971,0.8179207352049517,0.9246753246633159,0.7332646755846214,0.9561245674727251
test_80_normal_004,510,0.4784972812630821,0.3198942498326511,0.949019607824529,0.8539792387531433
test_80_normal_005,1258,0.8712871287091206,0.9502347417751152,0.8044515103274686,0.9586159169536905
test_80_normal_006,958,0.9291338582628392,0.9345300950270905,0.9237995824538225,0.9813148788913754
test_80_normal_007,1377,0.8669755129024919,0.7963525835817852,0.9513435003561994,0.9443598615903884
test_80_normal_008,1484,0.7856169980910226,0.6593507087304099,0.9716981132009994,0.8910726643586283
test_80_normal_009,1251,0.9137585238631618,0.917069243148816,0.9104716226945606,0.9702422145315291
test_80_normal_010,943,0.9037116729375809,0.9170305676755782,0.8907741251231095,0.9752249134934599
test_80_normal_011,992,0.8707264957218445,0.9261363636258394,0.8215725806368793,0.966505190310081
test_80_normal_012,953,0.8577256501741065,0.8343253968171198,0.882476390337015,0.9613840830436521
test_80_normal_013,788,0.7326829268256942,0.5950871632282482,0.9530456852670933,0.924152249133669
test_80_normal_014,1202,0.7991689750664849,0.6844602609686569,0.9600665557324455,0.9197231833897305
test_80_normal_015,1181,0.7309288222127963,0.5865778688494541,0.9695173581628322,0.8833217993067359
test_81_discont_000,687,0.6421861656648832,0.7768595041161805,0.5473071324520042,0.9420069204139211
test_81_discont_001,1118,0.5227431770450569,0.42931034482511893,0.6681574239654011,0.8112110726632371
test_81_discont_002,850,0.6287351616838774,0.48210922786891336,0.9035294117540761,0.8744636678188589
test_81_discont_003,620,0.012820512820307363,0.9999999975,0.006451612903121748,0.9147404844277996
test_81_discont_004,747,0.7963326784492709,0.779487179477186,0.8139223560801349,0.9569550172997136
test_81_discont_005,712,0.8621960206273973,0.9069767441719848,0.8216292134716063,0.9741176470574753
test_81_discont_006,785,0.8919631093485378,0.923601637095176,0.8624203821546188,0.977301038060931
test_81_discont_007,700,0.7397107897622931,0.6056466302312783,0.9499999999864286,0.9352249134935152
test_81_empty_002,0,0.0,0.0,0.0,0.9768858131474368
test_81_empty_003,0,0.0,0.0,0.0,0.9999999999986159
test_81_empty_004,0,0.0,0.0,0.0,0.9999999999986159
test_81_empty_007,0,0.0,0.0,0.0,0.9999999999986159
test_81_normal_000,852,0.9429569266534171,0.9353348729684141,0.9507042253409541,0.9864359861578043
test_81_normal_001,698,0.7484454494022135,0.6181139122257879,0.9484240687543206,0.9384083044969711
test_81_normal_002,801,0.896020539147009,0.9220607661701181,0.8714107365683968,0.9775778546699272
test_81_normal_003,906,0.8260056127183069,0.7167207792149617,0.974613686523459,0.9485121107253308
test_81_normal_004,914,0.9380252100791071,0.9020202020110907,0.9770240700111923,0.9836678200678427
test_81_normal_005,798,0.7062120504404195,0.5629188384172531,0.9473684210407598,0.9129411764693247
test_81_normal_006,797,0.941323345811852,0.9366459627212839,0.946047678783613,0.9869896193757965
test_81_normal_007,816,0.9406118776188326,0.921269095171313,0.9607843137137159,0.9862975778533062
test_81_normal_008,933,0.9326478149052306,0.8962450592796813,0.9721329045983694,0.9818685121093677
test_81_normal_009,865,0.9439728353087495,0.9246119733822105,0.9641618496998363,0.9862975778533062
test_81_normal_010,796,0.9231746031687418,0.9332477535181868,0.913316582903099,0.9832525951543485
test_81_normal_011,902,0.916177255734564,0.8836251287241645,0.9512195121845762,0.9782698961924177
test_81_normal_012,774,0.7343043696597976,0.6006573541446125,0.9444444444322423,0.9267820069191325
test_81_normal_013,830,0.7077605321476375,0.5599999999960702,0.9614457831209464,0.9087889273343823
test_81_normal_014,763,0.8940217391243613,0.9280677009742162,0.8623853210896149,0.9784083044969157
test_81_normal_015,929,0.9312820512772755,0.8893241919599478,0.977395048428661,0.9814532871958734
test_82_discont_000,613,0.05974842767201653,0.8260869561625709,0.03099510603538344,0.9172318339087651
test_82_discont_001,869,0.5545866759659763,0.39789789789590646,0.9148446490113367,0.8232525951545699
test_82_discont_002,1421,0.7429349676515392,0.7196569920796857,0.7677691766307687,0.8955017301025668
test_82_discont_003,1024,0.9040683073786838,0.9307135470431157,0.878906249991417,0.973564013839483
test_82_discont_004,1367,0.8536209553125824,0.9015459723278963,0.8105340160877065,0.9474048442893461
test_82_empty_000,0,0.0,0.0,0.0,0.9454671280263731
test_82_empty_002,0,0.0,0.0,0.0,0.9231833910021825
test_82_empty_003,1296,0.5939349112404071,0.5703124999959496,0.619598765427318,0.848027681659726
test_82_empty_004,0,0.0,0.0,0.0,0.9627681660886329
test_82_empty_005,0,0.0,0.0,0.0,0.9687197231820502
test_82_empty_008,0,0.0,0.0,0.0,0.8981314878880303
test_82_empty_009,0,0.0,0.0,0.0,0.9543252595142501
test_82_normal_000,827,0.5514974433873211,0.39508110936475627,0.9129383313069778,0.8300346020749757
test_82_normal_001,491,0.3547671840315436,0.38929440388347214,0.3258655804414284,0.9194463667807343
test_82_normal_002,881,0.9393767705329215,0.9377828054192558,0.9409761634399435,0.9851903114173215
test_82_normal_003,1449,0.6819610307960969,0.6260819388307786,0.7487922705262334,0.8599307958465606
test_82_normal_004,826,0.8886091881630673,0.9252948885855138,0.8547215496264562,0.9755017301024561
test_82_normal_005,1380,0.7857442347975441,0.9323383084484345,0.6789855072414567,0.9292733564000979
test_82_normal_006,1454,0.7514910536757982,0.6400580551492983,0.9099037138864519,0.8788927335627974
test_82_normal_007,805,0.9369696969640184,0.9147928993974581,0.9602484471930404,0.9856055363308158
test_82_normal_008,721,0.7358208955168969,0.7964458804394758,0.6837725381319865,0.9510034602062962
test_82_normal_009,972,0.9198570699289441,0.9128672745601533,0.9269547325007514,0.9782698961924177
test_82_normal_010,1385,0.8380198019768792,0.9280701754304556,0.7638989169619935,0.9433910034589019
test_82_normal_011,1479,0.7622259696432977,0.760430686401343,0.7640297498258011,0.9024221453274707
test_82_normal_012,1263,0.658090337333739,0.5149888143153692,0.9113222486071947,0.8344636678189142
test_82_normal_013,1521,0.8110189573435693,0.7380053908316011,0.9000657462136749,0.911695501728842
test_82_normal_014,1353,0.7023542600877176,0.5656884875820962,0.9260901699857643,0.8530103806216568
test_82_normal_015,834,0.7580760947540699,0.9445438282478614,0.633093525172265,0.9533564013827636
test_83_discont_000,528,0.8225806451529982,0.8793103448086356,0.7727272727126377,0.9756401384069542
test_83_discont_001,744,0.05490196078359605,0.9999999995238095,0.028225806451233525,0.8999307958465053
test_83_discont_002,1579,0.850441669202405,0.819248826286272,0.8841038631989607,0.9320415224900594
test_83_discont_003,1345,0.0,0.0,0.0,0.8138408304487006
test_83_discont_004,732,0.6790281329879858,0.6382211538384829,0.7254098360556638,0.9305190311405807
test_83_discont_005,1605,0.7384346814060564,0.6926855895158697,0.7906542056025505,0.8755709342548436
test_83_discont_006,1875,0.6363636363617939,0.696010132991159,0.5861333333302073,0.8261591695490296
test_83_discont_007,874,0.04035874439416638,0.9999999994444444,0.020594965674821566,0.8815224913482609
test_83_empty_001,0,0.0,0.0,0.0,0.9999999999986159
test_83_empty_002,0,0.0,0.0,0.0,0.9112802768153477
test_83_empty_004,0,0.0,0.0,0.0,0.9044982698949419
test_83_empty_005,0,0.0,0.0,0.0,0.9813148788913754
test_83_empty_008,0,0.0,0.0,0.0,0.9999999999986159
test_83_empty_009,0,0.0,0.0,0.0,0.9566782006907174
test_83_normal_000,1207,0.9471493965836574,0.9515050167144524,0.9428334714089244,0.9824221453273599
test_83_normal_001,1488,0.6755518533916054,0.8882803942947615,0.5450268817167674,0.8921799307946129
test_83_normal_002,1009,0.46449704141668274,0.9154518950170422,0.3111992071326938,0.8997923875420072
test_83_normal_003,1345,0.550739957713791,0.9524680072952016,0.38736059479265905,0.8823529411752493
test_83_normal_004,1515,0.8934426229477683,0.9256900212248713,0.8633663366279647,0.9568166089952155
test_83_normal_005,1698,0.8497909295566105,0.9362154500288008,0.7779740871567846,0.9353633217980134
test_83_normal_006,1013,0.8785131459615662,0.8122380553159075,0.9565646594180004,0.962906574393131
test_83_normal_007,1135,0.8795908879549996,0.93110236219556,0.8334801762041104,0.9641522491336136
test_83_normal_008,1337,0.8789808917162462,0.9395744680771101,0.8257292445712362,0.9579238754312002
test_83_normal_009,1387,0.7696160267079732,0.9137760158482282,0.6647440519058058,0.9235986159156767
test_83_normal_010,1612,0.46384976525603827,0.953667953649543,0.3064516129013248,0.8419377162618105
test_83_normal_011,1551,0.7511811023592474,0.9646107178871122,0.6150870406149898,0.9125259515558304
test_83_normal_012,1695,0.7885521885495336,0.9184313725418163,0.6908554572230629,0.9130795847738228
test_84_discont_000,613,0.16308040769917237,0.2666666666567901,0.1174551386604004,0.897716262974536
test_84_discont_001,542,0.3781291172570611,0.29405737704616747,0.5295202951931822,0.86934256055243
test_84_discont_002,588,0.5277525022723942,0.3602484472027314,0.9863945578063538,0.8563321799296106
test_84_discont_003,1292,0.4029990627909888,0.5106888360984478,0.3328173374587243,0.8236678200680642
test_84_discont_004,329,0.6125356125268869,0.5764075066869596,0.6534954407096202,0.9623529411751386
test_84_discont_005,848,0.8340080971611683,0.8183881952234008,0.8502358490465775,0.9602768166076675
test_84_discont_006,1136,0.41724479682647553,0.4773242630331369,0.3705985915460335,0.8372318339088758
test_84_discont_007,953,0.37417218542839864,0.3946449359674663,0.3557187827874531,0.8430449826977952
test_84_empty_000,0,0.0,0.0,0.0,0.9999999999986159
test_84_empty_002,0,0.0,0.0,0.0,0.9999999999986159
test_84_empty_003,0,0.0,0.0,0.0,0.9914186851197351
test_84_empty_004,776,0.37128205127824326,0.9095477386477614,0.2332474226774066,0.9151557093412939
test_84_empty_005,0,0.0,0.0,0.0,0.9999999999986159
test_84_empty_006,0,0.0,0.0,0.0,0.9691349480955445
test_84_empty_007,0,0.0,0.0,0.0,0.9673356401370694
test_84_normal_000,730,0.8318584070735114,0.9009584664392818,0.7726027397154438,0.9684429065730541
test_84_normal_001,906,0.7929515418458538,0.7912087912000966,0.7947019867461953,0.9479584775073385
test_84_normal_002,1112,0.5368752184532092,0.4391080617470606,0.6906474820081777,0.8166089965386621
test_84_normal_003,1049,0.6473922902457632,0.7986013985902294,0.544327931358014,0.9139100346008112
test_84_normal_004,987,0.7871259175562557,0.8890306122335583,0.706180344471062,0.9478200692028405
test_84_normal_005,1258,0.6205227492709559,0.79331683167335,0.509538950711371,0.8914878892721225
test_84_normal_006,745,0.8912768647225584,0.8422939067999726,0.9463087248195127,0.9761937716249465
test_84_normal_007,958,0.6395939086258342,0.6957055214638563,0.5918580375721101,0.9115570934243439
test_84_normal_008,704,0.8767123287611185,0.8465608465496487,0.9090909090779958,0.9750865051889618
test_84_normal_009,762,0.8724226804067499,0.856962025305608,0.8884514435578943,0.9725951557079964
test_84_normal_010,1506,0.550255536624573,0.7672209026037147,0.42895086321096315,0.8538408304486452
test_84_normal_011,1323,0.6864006863977418,0.7936507936429201,0.6046863189674627,0.8988235294105207
test_84_normal_012,999,0.6671449067407922,0.5198434879792072,0.9309309309216123,0.8715570934243992
test_84_normal_013,723,0.7980155917732246,0.818313953476478,0.7786998616766432,0.9605536332166636
test_84_normal_014,682,0.8904203997181915,0.8400520155937574,0.9472140762324456,0.9779930795834215
test_84_normal_015,795,0.8153018529538835,0.7767653758453671,0.8578616352093351,0.9572318339087097
test_85_discont_000,566,0.5801418439675168,0.4845971563923626,0.7226148409766322,0.9180622837357536
test_85_discont_001,894,0.7643044619382452,0.720079129567556,0.8143176733689673,0.9378546712789788
test_85_discont_002,650,0.37467795362394307,0.24625060473997945,0.7830769230648758,0.7648442906563808
test_85_discont_003,1000,0.5618173875030065,0.49883630721102534,0.64299999999357,0.8611764705870434
test_85_empty_004,0,0.0,0.0,0.0,0.7680276816598367
test_85_empty_006,0,0.0,0.0,0.0,0.9999999999986159
test_85_empty_007,0,0.0,0.0,0.0,0.9999999999986159
test_85_empty_008,0,0.0,0.0,0.0,0.9957093425591755
test_85_empty_009,0,0.0,0.0,0.0,0.968166089964058
test_85_empty_010,0,0.0,0.0,0.0,0.8600692041510587
test_85_empty_011,0,0.0,0.0,0.0,0.9313494809675691
test_85_normal_000,406,0.8213399503620181,0.8274999999793125,0.8152709359405106,0.9800692041508926
test_85_normal_001,670,0.8288543139969672,0.7876344085915641,0.8746268656585876,0.966505190310081
test_85_normal_002,948,0.7580487804841071,0.7050816696850719,0.8196202531559111,0.9313494809675691
test_85_normal_003,701,0.8643578643516281,0.8744525547317598,0.8544935805869545,0.9739792387529772
test_85_normal_004,726,0.5554716981090153,0.6143572620932495,0.5068870523346158,0.9184775086492478
test_85_normal_005,1351,0.6814952116135883,0.5848356309619044,0.8164322723847786,0.8573010380610971
test_85_normal_006,677,0.8410689170123695,0.802684563747615,0.8833087149057118,0.9687197231820502
test_85_normal_007,737,0.8998589562700998,0.9368575623944662,0.8656716417792989,0.9803460207598889
test_85_normal_008,669,0.8245083207199357,0.8346094946273414,0.8146487294347586,0.9678892733550618
test_85_normal_009,970,0.4882486732354502,0.3860911270960067,0.6639175257663513,0.8131487889262102
test_85_normal_010,736,0.8831541218574684,0.9347496206231449,0.8369565217277587,0.9774394463654291
test_85_normal_011,732,0.8607764390839306,0.8438320209863014,0.8784153005344478,0.9712110726630157
test_85_normal_012,548,0.8995305164234787,0.926499032864091,0.8740875912249254,0.9851903114173215
test_85_normal_013,704,0.7999999999944637,0.7800269905427797,0.821022727261065,0.9599999999986712
test_85_normal_014,721,0.6091258933446447,0.5045537340573356,0.7683772538034899,0.9015916955004822
test_85_normal_015,648,0.6590909090851479,0.7600806451459661,0.5817901234478119,0.9460207612443654
test_86_discont_000,1031,0.12615384615319922,0.13384113166339673,0.11930164888342094,0.7641522491338905
test_86_discont_001,980,0.37211740041733693,0.38254310344415365,0.3622448979554873,0.8341868512099181
test_86_discont_002,1460,0.4991023339295373,0.7239583333239068,0.3808219178056108,0.8455363321787606
test_86_discont_003,1268,0.9277445109743404,0.9393694421912744,0.916403785481732,0.9749480968844637
test_86_discont_004,1206,0.8329026701083855,0.8664874551893684,0.801824212265325,0.9462975778533615
test_86_discont_005,1395,0.8832116788288934,0.8996282527814154,0.8673835125385851,0.9557093425592309
test_86_discont_006,1262,0.9601891998385488,0.9552941176395664,0.9651347068069325,0.98602076124431
test_86_discont_007,1355,0.8613524744961792,0.8823529411696414,0.8413284132779238,0.9492041522478212
test_86_empty_001,0,0.0,0.0,0.0,0.9528027681647713
test_86_empty_002,540,0.050314465408172145,0.07843137254594386,0.03703703703635117,0.8955017301025668
test_86_empty_003,0,0.0,0.0,0.0,0.9031141868499611
test_86_empty_005,0,0.0,0.0,0.0,0.9999999999986159
test_86_empty_006,0,0.0,0.0,0.0,0.9969550172996582
test_86_normal_000,1304,0.8197146562878739,0.7101123595465725,0.9693251533667997,0.9230449826976844
test_86_normal_001,1473,0.8612504179175485,0.8484848484792591,0.874405974196372,0.9425605536319134
test_86_normal_002,408,0.5453267744164068,0.3822660098484506,0.9509803921335543,0.9104498269883593
test_86_normal_003,1399,0.9765934461614095,0.984034833084296,0.9692637598215207,0.9910034602062409
test_86_normal_004,1303,0.9509803921532769,0.9347664936921071,0.9677666922412298,0.9820069204138657
test_86_normal_005,1462,0.8032665181855855,0.8782467532396246,0.7400820793383032,0.9266435986146344
test_86_normal_006,804,0.7243346007570136,0.5861538461493373,0.9477611940180627,0.9197231833897305
test_86_normal_007,1408,0.9565529622945905,0.9673202614308838,0.9460227272660084,0.9832525951543485
test_86_normal_008,1285,0.9333865177465761,0.9574468085028033,0.9105058365687899,0.9768858131474368
test_86_normal_009,1389,0.8546475358675776,0.7539900935566649,0.9863210943053541,0.9355017301025115
test_86_normal_010,1310,0.8647786198609303,0.9055973266423928,0.8274809160242178,0.9530795847737674
test_86_normal_011,1404,0.8572458543588419,0.8678832116724973,0.8468660968600651,0.9451903114173769
test_86_normal_012,598,0.679269061117333,0.5449949443827604,0.9013377926270679,0.929550173009094
test_86_normal_013,827,0.6288100208742012,0.48022959183367203,0.9105199516213963,0.8769550172998243
test_86_normal_014,1241,0.8842443729867997,0.8821170809873127,0.8863819500331477,0.9601384083031693
test_86_normal_015,1389,0.9248378481460328,0.9837662337582488,0.8725701943781673,0.9727335640124946
test_87_discont_000,714,0.39432176655840445,0.4512635378979916,0.35014005601750503,0.8937024221440918
test_87_discont_001,971,0.6012478729404354,0.6691919191834698,0.5458290422188895,0.9026989619364668
test_87_discont_002,433,0.05913978494570664,0.04831625182945364,0.07621247112987962,0.8546712802756337
test_87_empty_000,0,0.0,0.0,0.0,0.973564013839483
test_87_empty_003,0,0.0,0.0,0.0,0.9999999999986159
test_87_empty_004,0,0.0,0.0,0.0,0.8844290657427205
test_87_empty_006,0,0.0,0.0,0.0,0.8388927335628528
test_87_empty_007,0,0.0,0.0,0.0,0.9997231833896197
test_87_empty_008,0,0.0,0.0,0.0,0.9885121107252755
test_87_empty_010,0,0.0,0.0,0.0,0.9671972318325713
test_88_discont_000,1562,0.547555555553122,0.8953488371962885,0.39436619718057386,0.8591003460195722
test_88_discont_001,2150,0.5792349726757338,0.9375650364106393,0.4190697674399113,0.8188235294106314
test_88_discont_002,1313,0.7221189591044511,0.9261025029686996,0.5917745620670848,0.9172318339087651
test_88_discont_003,792,0.7468448403804986,0.9063063062899764,0.6351010100929911,0.9528027681647713
test_88_discont_004,2242,0.617156714153934,0.9631031220344078,0.45405887600154304,0.825190311417543
test_88_empty_001,0,0.0,0.0,0.0,0.9757785467114523
test_88_empty_007,0,0.0,0.0,0.0,0.904775086503938
test_88_empty_008,0,0.0,0.0,0.0,0.9743944636664714
test_88_empty_009,416,0.0,0.0,0.0,0.9424221453274153
test_89_discont_000,980,0.5748251748211551,0.913333333313037,0.41938775509776133,0.9158477508637843
test_89_discont_001,1662,0.5745669623972346,0.9645390070785171,0.40914560769910263,0.8606228373690511
test_89_discont_002,1758,0.37857467090159524,0.9370786516643353,0.23720136518636406,0.8105190311407467
test_89_discont_003,829,0.5690093141357409,0.9545454545183367,0.4053075995126018,0.929550173009094
test_89_discont_004,1670,0.6464191975978762,0.8645937813353601,0.5161676646675679,0.869480968856928
test_89_discont_005,1680,0.8638407193292748,0.9379358437870438,0.8005952380904727,0.9413148788914307
test_89_discont_006,977,0.453543307083043,0.9829351535500704,0.2947799385844956,0.9039446366769496
test_89_empty_000,0,0.0,0.0,0.0,0.9609688581301579
test_89_empty_001,0,0.0,0.0,0.0,0.9846366781993292
test_89_empty_002,0,0.0,0.0,0.0,0.9197231833897305
test_89_empty_005,0,0.0,0.0,0.0,0.9928027681647159
test_89_normal_000,1010,0.9195519348222019,0.9465408804932228,0.8940594059317419,0.9781314878879196
test_89_normal_001,1337,0.9092904169681445,0.88976377952119,0.9296933432989553,0.9656747404830925
test_89_normal_002,916,0.8930891907803126,0.9729729729604508,0.8253275109080205,0.9749480968844637
test_89_normal_003,973,0.8594104308341304,0.9582806573835868,0.7790339157165567,0.9656747404830925
test_89_normal_004,1115,0.854281422128922,0.9671201813949306,0.7650224215178025,0.9597231833896751
test_8_discont_000,2004,0.0,0.0,0.0,0.7226297577844669
test_8_discont_001,425,0.6255639097650291,0.8666666666305556,0.48941176469436676,0.9655363321785945
test_8_discont_002,718,0.6562228024311905,0.8747099767778489,0.5250696378756954,0.945328719721875
test_8_discont_003,1152,0.8164009111580118,0.8590604026763274,0.7777777777710263,0.9442214532858904
test_8_discont_004,1535,0.9362563237742454,0.970629370622583,0.9042345276814057,0.9738408304484791
test_8_discont_005,1291,0.8492553577884154,0.7995896032777047,0.9054996126963168,0.9425605536319134
test_8_discont_006,777,0.7619047618989102,0.9447619047439093,0.6383526383444227,0.9570934256042116
test_8_discont_007,1191,0.9171416045553831,0.9596330275141319,0.8782535684225169,0.9738408304484791
test_8_empty_001,0,0.0,0.0,0.0,0.9999999999986159
test_8_empty_002,0,0.0,0.0,0.0,0.9957093425591755
test_8_empty_004,0,0.0,0.0,0.0,0.9649826989606021
test_8_empty_006,0,0.0,0.0,0.0,0.9950173010366851
test_8_empty_008,0,0.0,0.0,0.0,0.9970934256041563
test_8_normal_000,982,0.8119918699145733,0.8103448275779884,0.8136456211729771,0.948788927334327
test_8_normal_001,1435,0.8765603328679731,0.8723257418849392,0.8808362369276598,0.9507266435973001
test_8_normal_002,1157,0.7443037974652139,0.7271228359379462,0.7623163353434546,0.9161245674727805
test_8_normal_003,1828,0.9332562843081963,0.9889773423087019,0.8834792122489963,0.9680276816595599
test_8_normal_004,1128,0.7865082407022365,0.6927751519196977,0.9095744680770429,0.9229065743931864
test_8_normal_005,1219,0.9192652712476751,0.9590017825226471,0.8826907300994038,0.9738408304484791
test_8_normal_006,1690,0.9462566014260757,0.9960758665729492,0.9011834319473303,0.9760553633204484
test_8_normal_007,1037,0.8532249872988663,0.9012875536383982,0.8100289295968175,0.9599999999986712
test_8_normal_008,1035,0.7414965986358528,0.7458455522898745,0.7371980676257276,0.9263667820056383
test_8_normal_009,1213,0.8560490045909034,0.7991422444546167,0.9216817807013877,0.9479584775073385
test_8_normal_010,823,0.5855072463725688,0.7253141831108562,0.4908869987789686,0.9208304498257152
test_8_normal_011,1146,0.7908496731989223,0.8504016064171647,0.739092495630549,0.9379930795834769
test_8_normal_012,1600,0.9169329073453133,0.937908496725896,0.8968749999943946,0.9640138408291156
test_8_normal_013,1756,0.9612583745966756,0.9838998211032565,0.9396355353021661,0.9815916955003715
test_8_normal_014,988,0.7743387732089233,0.8719898605719646,0.6963562752965956,0.9444982698948865
test_8_normal_015,1200,0.9038785834700511,0.9146757679102844,0.8933333333258889,0.9684429065730541
test_90_discont_000,988,0.0,0.0,0.0,0.8632525951545146
test_90_discont_001,1357,0.7332928311034833,0.6237726098158979,0.889462048630144,0.8784775086493032
test_90_discont_002,1009,0.8538880633934924,0.8534653465262033,0.8543111991986688,0.9591695501716828
test_90_discont_003,852,0.8240680183072331,0.9305760708872883,0.739436619709631,0.9627681660886329
test_90_discont_004,527,0.7508379888184263,0.9130434782360586,0.6375711574831581,0.9691349480955445
test_90_discont_005,387,0.0,0.0,0.0,0.9464359861578596
test_90_discont_006,1450,0.889500860582136,0.8879725085849625,0.8910344827524757,0.9555709342547328
test_90_discont_007,1378,0.8570415040764205,0.8383067314306849,0.8766328011547415,0.9442214532858904
test_90_empty_000,0,0.0,0.0,0.0,0.9999999999986159
test_90_empty_004,0,0.0,0.0,0.0,0.9999999999986159
test_90_empty_005,0,0.0,0.0,0.0,0.9999999999986159
test_90_empty_006,0,0.0,0.0,0.0,0.9999999999986159
test_90_normal_000,1072,0.9253294289852352,0.9703172978406314,0.884328358200706,0.97882352941041
test_90_normal_001,1426,0.8978571428539363,0.9148471615653943,0.8814866760106488,0.9604152249121656
test_90_normal_002,709,0.601355514475654,0.5339168490094758,0.688293370935285,0.9104498269883593
test_90_normal_003,1015,0.8805031446498283,0.8650190113986216,0.896551724129098,0.9658131487875906
test_90_normal_004,1337,0.8073463268335557,0.8091660405649199,0.805534779350744,0.9288581314866037
test_90_normal_005,1136,0.9102564102522425,0.9484732824336979,0.8749999999922976,0.9728719723169926
test_90_normal_006,1419,0.9087018544903399,0.9198555956612285,0.8978153629253149,0.9645674740471079
test_90_normal_007,1371,0.8894527002504913,0.8840057636823919,0.8949671772363607,0.9577854671267021
test_90_normal_008,1113,0.9575536284757757,0.9730983302321606,0.9424977538100405,0.9871280276802946
test_90_normal_009,959,0.9092872570145287,0.9428891377274032,0.8779979144851096,0.9767474048429388
test_90_normal_010,1278,0.9069579287989201,0.938860971516425,0.8771517996801476,0.968166089964058
test_90_normal_011,1081,0.77294685990027,0.684248039909592,0.8880666049871595,0.9219377162616997
test_90_normal_012,1837,0.896184062848215,0.9247249565667359,0.8693522046768136,0.948788927334327
test_90_normal_013,1087,0.9467232437484832,0.970986460338772,0.9236430542693318,0.9843598615903331
test_90_normal_014,952,0.9519743863343012,0.96746203903506,0.9369747899061243,0.9875432525937888
test_90_normal_015,1070,0.8712328767083506,0.8517857142781091,0.8915887850383964,0.9609688581301579
test_91_discont_000,1192,0.4837962962934966,0.7798507462541072,0.35067114093665547,0.8765397923863301
test_91_discont_001,1103,0.5451895043705287,0.5874345549676708,0.5086128739754433,0.8704498269884147
test_91_discont_002,1263,0.3917761279246615,0.7028688524446133,0.27157561361621874,0.8525951557081625
test_91_discont_003,1464,0.819518298402191,0.7559145989569769,0.8948087431632868,0.9201384083032247
test_91_discont_004,1278,0.775023832217469,0.9914634146220553,0.6361502347368064,0.9346712802755229
test_91_discont_005,1068,0.9583718778864091,0.9469835466092599,0.9700374531744379,0.9875432525937888
test_91_discont_006,1386,0.4509394572001517,0.8150943396072624,0.31168831168606287,0.8543944636666375
test_91_discont_007,1263,0.32159468438324523,0.9999999999586776,0.19160728424234674,0.858685121106078
test_91_empty_000,0,0.0,0.0,0.0,0.9999999999986159
test_91_empty_001,0,0.0,0.0,0.0,0.97882352941041
test_91_empty_003,0,0.0,0.0,0.0,0.9999999999986159
test_91_empty_004,0,0.0,0.0,0.0,0.9871280276802946
test_91_empty_005,0,0.0,0.0,0.0,0.9817301038048696
test_91_empty_006,0,0.0,0.0,0.0,0.973564013839483
test_91_empty_007,0,0.0,0.0,0.0,0.9999999999986159
test_91_empty_009,0,0.0,0.0,0.0,0.9907266435972447
test_91_normal_000,1217,0.9534601375922563,0.9393939393864483,0.9679539852015782,0.9840830449813369
test_91_normal_001,1510,0.8299065420529723,0.952789699562637,0.7350993377434762,0.9370242214519903
test_91_normal_002,1271,0.815443360200189,0.8848987108574136,0.756097560969661,0.9397923875419518
test_91_normal_003,1310,0.8274647887287524,0.9771309771208199,0.7175572519029194,0.9457439446353693
test_91_normal_004,1123,0.9099485420201118,0.8775847808033286,0.9447907390833056,0.9709342560540195
test_91_normal_005,1544,0.9128378378347539,0.9540960451910022,0.874999999994333,0.9642906574381117
test_91_normal_006,1289,0.4653641207787723,0.9824999999754375,0.3048875096950746,0.8750173010368512
test_91_normal_007,1193,0.6961265684631963,0.9968749999844239,0.5347862531388535,0.9229065743931864
test_91_normal_008,1506,0.9282556953385642,0.9512195121884933,0.9063745019860135,0.9707958477495214
test_91_normal_009,1188,0.8625401929225782,0.8253846153782664,0.9031986531910506,0.9526643598602731
test_91_normal_010,1265,0.9519379844924344,0.9338403041754081,0.9707509881346187,0.9828373702408543
test_91_normal_011,1418,0.8958333333300007,0.9480314960555274,0.8490832157909092,0.961245674739154
test_91_normal_012,1549,0.8884758364284744,0.8540798094052765,0.9257585538997692,0.9501730103793077
test_91_normal_013,1356,0.639175257728821,0.9559471365498392,0.4800884955716808,0.8982698961925284
test_91_normal_014,1291,0.3589093214942365,0.9895104894758913,0.2192099147930348,0.8600692041510587
test_91_normal_015,1371,0.953479985571751,0.9429386590517623,0.9642596644714497,0.9821453287183638
test_92_discont_000,631,0.4605116796389265,0.7723880596726721,0.32805071314852535,0.932871972317048
test_92_discont_001,706,0.26108374383914923,0.9999999999056605,0.15014164305736344,0.9169550172997689
test_92_discont_002,1318,0.820336654067948,0.7495291902024512,0.9059180576562526,0.9276124567461209
test_92_discont_003,2130,0.7679505468360248,0.7779383429634974,0.7582159624377549,0.8649134948084914
test_92_discont_004,422,0.6597510373375545,0.5867158671478465,0.7535545023518115,0.9546020761232462
test_92_discont_005,1666,0.7000622277513999,0.7267441860418169,0.6752701080391641,0.8665743944624684
test_92_discont_006,1250,0.39999999999755353,0.8493506493285883,0.26159999999790723,0.8642214532860011
test_92_discont_007,943,0.7842892768030905,0.9515885022548928,0.6670201484552808,0.9521107266422808
test_92_empty_000,0,0.0,0.0,0.0,0.9999999999986159
test_92_empty_001,0,0.0,0.0,0.0,0.9999999999986159
test_92_empty_002,0,0.0,0.0,0.0,0.9288581314866037
test_92_empty_007,0,0.0,0.0,0.0,0.9361937716250018
test_92_empty_009,0,0.0,0.0,0.0,0.9999999999986159
test_92_empty_011,0,0.0,0.0,0.0,0.9999999999986159
test_92_normal_000,1482,0.704614057780489,0.976105137383798,0.5512820512783315,0.9051903114174322
test_92_normal_001,956,0.750369276214917,0.7088372092957318,0.7970711296987754,0.9298269896180902
test_92_normal_002,974,0.7113133940135806,0.9698581560111728,0.5616016427047064,0.9385467128014692
test_92_normal_003,820,0.8183098591491669,0.9683333333171944,0.708536585357213,0.9642906574381117
test_92_normal_004,1387,0.41108033240769487,0.8875598085912066,0.2674837779360672,0.8528719723171587
test_92_normal_005,1118,0.7098638051972355,0.6590038314125748,0.7692307692238889,0.9026989619364668
test_92_normal_006,856,0.815415821495501,0.9678972712525217,0.7044392523282191,0.9622145328706405
test_92_normal_007,925,0.7019958706076945,0.9659090908907971,0.5513513513453908,0.940069204150948
test_92_normal_008,940,0.643825838682057,0.9783080260091473,0.47978723403744905,0.9309342560540749
test_92_normal_009,1510,0.5151793928219173,0.8433734939632022,0.37086092714986185,0.8541176470576414
test_92_normal_010,1656,0.7889394469695872,0.9383846794259919,0.680555555551446,0.9165397923862747
test_92_normal_011,1042,0.7090395480192607,0.6959334565554905,0.7226487523922971,0.9144636678188035
test_93_discont_000,1043,0.7722165474935025,0.8262295081876915,0.7248322147581513,0.938269896192473
test_93_discont_001,912,0.43749999999658207,0.7608695651967154,0.3070175438562827,0.9003460207599996
test_93_discont_002,1002,0.7816091953989714,0.6815144766096399,0.9161676646615153,0.9289965397911017
test_93_discont_003,1225,0.8758429194729241,0.851851851845279,0.9012244897885615,0.9566782006907174
test_93_discont_004,1510,0.8553326293528499,0.9128474830885587,0.8046357615840753,0.9431141868499058
test_93_discont_005,1184,0.8517080745308552,0.7880747126380168,0.926520270262445,0.94712802768035
test_93_discont_006,1255,0.7878253198024358,0.8824110671849564,0.7115537848548881,0.9334256055350403
test_93_discont_007,1617,0.7996096291450892,0.843514070001074,0.7600494743304883,0.9147404844277996
test_93_empty_004,0,0.0,0.0,0.0,0.9281660899641133
test_93_empty_009,0,0.0,0.0,0.0,0.9335640138395384
test_93_empty_010,0,0.0,0.0,0.0,0.9717647058810079
test_93_empty_012,0,0.0,0.0,0.0,0.998200692040141
test_93_normal_000,1318,0.9313501144129239,0.9363496932443532,0.9264036418746101,0.9750865051889618
test_93_normal_001,1392,0.9227086183278977,0.880548302866315,0.9691091953953369,0.9687197231820502
test_93_normal_002,1235,0.8080808080776687,0.7766990291204131,0.8421052631510761,0.9316262975765652
test_93_normal_003,1364,0.83635121284306,0.7831094049853928,0.8973607038057378,0.9337024221440364
test_93_normal_004,1311,0.8017883755558801,0.7836853605186913,0.8207475209700935,0.9263667820056383
test_93_normal_005,1297,0.910386201721371,0.8861313868548458,0.9360061680729684,0.9669204152235752
test_93_normal_006,1255,0.9044684129395052,0.8754660700904142,0.9354581673232235,0.9656747404830925
test_93_normal_007,1209,0.8580542264718579,0.8283294842122532,0.8899917286940449,0.9507266435973001
test_93_normal_008,1088,0.7515865820455504,0.7415026833565161,0.7619485294047615,0.924152249133669
test_93_normal_009,1235,0.876855194541208,0.8688394276560506,0.8850202429078137,0.9575086505177058
test_93_normal_010,1402,0.9147121535148731,0.9114730878122418,0.9179743223900287,0.9667820069190771
test_93_normal_011,1213,0.9085783326584431,0.8881889763709592,0.9299258037845843,0.9685813148775522
test_93_normal_012,1340,0.9050724637648367,0.8795774647825383,0.9320895522318502,0.9637370242201194
test_93_normal_013,1512,0.8781527531052287,0.9485801995322443,0.817460317454911,0.952525951555775
test_93_normal_014,1207,0.825719120131871,0.843560933441283,0.8086164043015028,0.9429757785454077
test_93_normal_015,1257,0.933180603280133,0.8972099853091248,0.9721559268021309,0.9757785467114523
test_94_discont_000,1479,0.6020957235893455,0.5180311890812962,0.7187288708538287,0.8055363321788159
test_94_discont_001,726,0.0,0.0,0.0,0.899515570933011
test_94_discont_002,967,0.5331347728925306,0.9521276595491455,0.3702171664904838,0.9132179930783209
test_94_discont_003,1005,0.7582881253721623,0.9617737002911043,0.6258706467599415,0.9444982698948865
test_94_discont_004,647,0.5478170478142006,0.4126859827688905,0.8145285934959114,0.8795847750852878
test_94_empty_000,0,0.0,0.0,0.0,0.9850519031128234
test_94_empty_007,0,0.0,0.0,0.0,0.9944636678186928
test_94_empty_008,0,0.0,0.0,0.0,0.9999999999986159
test_94_empty_010,0,0.0,0.0,0.0,0.9352249134935152
test_94_empty_011,0,0.0,0.0,0.0,0.9969550172996582
test_94_empty_012,0,0.0,0.0,0.0,0.8973010380610418
test_94_normal_000,623,0.5384207737120381,0.40189873417403565,0.8154093097782438,0.8794463667807897
test_94_normal_001,814,0.5715662650574864,0.47026169706209153,0.7285012284922788,0.8769550172998243
test_94_normal_002,1059,0.9083175803359721,0.9091769157908309,0.9074598677912422,0.9731487889259888
test_94_normal_003,657,0.5323741007166888,0.40186190845305,0.7884322678723221,0.8740484429053647
test_95_discont_000,1410,0.5017341040443093,0.549367088602959,0.46170212765630003,0.8210380622826007
test_95_discont_001,1626,0.4988703117916906,0.9403747870367909,0.3394833948318605,0.8465051903102471
test_95_discont_002,533,0.3233908948143895,0.9903846152893861,0.19324577860800665,0.9403460207599442
test_95_discont_003,1759,0.49663865546009817,0.9516908212407135,0.33598635588211495,0.8341868512099181
test_95_discont_004,976,0.0974658869386212,0.9999999998,0.05122950819619642,0.8718339100333954
test_95_discont_005,1294,0.9248035914667984,0.8963016678687723,0.9551777434238395,0.9721799307945022
test_95_discont_006,1835,0.9214388489182117,0.9762195121891695,0.8724795640279429,0.9622145328706405
test_95_discont_007,1124,0.7235682819343416,0.9494219653041991,0.5845195729485364,0.9305190311405807
test_95_empty_000,0,0.0,0.0,0.0,0.9999999999986159
test_95_empty_001,0,0.0,0.0,0.0,0.9999999999986159
test_95_empty_003,0,0.0,0.0,0.0,0.9999999999986159
test_95_empty_004,0,0.0,0.0,0.0,0.9999999999986159
test_95_empty_005,0,0.0,0.0,0.0,0.9999999999986159
test_95_empty_007,0,0.0,0.0,0.0,0.9999999999986159
test_95_empty_010,0,0.0,0.0,0.0,0.9999999999986159
test_95_empty_011,0,0.0,0.0,0.0,0.9699653979225329
test_95_empty_012,0,0.0,0.0,0.0,0.9980622837356429
test_95_empty_014,0,0.0,0.0,0.0,0.9999999999986159
test_95_normal_000,1297,0.9262106072216518,0.923371647502503,0.9290670778648492,0.9734256055349849
test_95_normal_001,1741,0.9473067915663136,0.9659701492479644,0.929350947725851,0.9750865051889618
test_95_normal_002,1366,0.9320526502990678,0.906574394457394,0.9590043923795095,0.973564013839483
test_95_normal_003,1556,0.9384203480557617,0.9790502793227721,0.9010282776291708,0.9745328719709695
test_95_normal_004,1473,0.9315702479308048,0.9078608247364185,0.9565512559337641,0.9713494809675137
test_95_normal_005,1422,0.925938925935676,0.9243167484167883,0.9275668073071198,0.9707958477495214
test_95_normal_006,1377,0.9359823399524063,0.9485458612904658,0.9237472766817448,0.9759169550159503
test_95_normal_007,1597,0.937926551833156,0.9749999999934122,0.9035691922297836,0.973564013839483
test_95_normal_008,1434,0.9300554016588295,0.9236588720706764,0.9365411436475835,0.9720415224900041
test_96_discont_000,377,0.0,0.0,0.0,0.9478200692028405
test_96_discont_001,982,0.7042424242381562,0.8697604790288957,0.5916496944949934,0.9324567474035537
test_96_discont_002,1130,0.8444863336435228,0.9032258064425078,0.7929203539752839,0.9543252595142501
test_96_discont_003,628,0.7291049199719675,0.5807365439038646,0.9792993630417309,0.9367474048429941
test_96_empty_000,0,0.0,0.0,0.0,0.9731487889259888
test_96_empty_004,0,0.0,0.0,0.0,0.9997231833896197
test_96_empty_005,0,0.0,0.0,0.0,0.9856055363308158
test_96_empty_008,0,0.0,0.0,0.0,0.9940484429051986
test_96_empty_012,0,0.0,0.0,0.0,0.9976470588221485
test_96_empty_013,0,0.0,0.0,0.0,0.9940484429051986
test_96_normal_000,606,0.7199999999956365,0.5689655172359295,0.9801980197858053,0.9360553633205038
test_96_normal_001,1051,0.9125404905094283,0.8882882882802857,0.9381541389063925,0.9738408304484791
test_96_normal_002,1062,0.8830284985075159,0.8052754072862276,0.9774011299342995,0.9619377162616444
test_96_normal_003,728,0.8637751985286269,0.7777777777692214,0.9711538461405061,0.9691349480955445
test_96_normal_004,1349,0.9471793029071248,0.9191073919043299,0.9770200148185544,0.9796539792373984
test_96_normal_005,911,0.9208180387995762,0.8815261044088201,0.9637760702418905,0.9791003460194061
test_96_normal_006,819,0.84237995824195,0.7356426617982167,0.9853479853359542,0.9582006920401963
test_96_normal_007,1210,0.9138867338987049,0.8611111111048165,0.9735537190002187,0.9692733564000425
test_96_normal_008,1226,0.8710852148548031,0.7868421052579814,0.9755301794373938,0.9510034602062962
test_96_normal_009,889,0.9110728628748648,0.9297423887478953,0.8931383576952403,0.9785467128014138
test_96_normal_010,884,0.9121873336832774,0.8613065326546603,0.969457013563694,0.977162629756433
test_96_normal_011,932,0.867446393757956,0.7946428571357622,0.9549356223073505,0.9623529411751386
test_96_normal_012,726,0.8515671200422734,0.746113989629574,0.9917355371764224,0.9652595155695983
test_96_normal_013,903,0.8803165182943605,0.7953529937373071,0.9856035437321639,0.966505190310081
test_96_normal_014,985,0.8407196138620416,0.7403400309061798,0.9725888324774357,0.9497577854658135
test_96_normal_015,1256,0.9455388180728252,0.9182295573824589,0.9745222929858717,0.9804844290643869
test_97_discont_000,1633,0.8602739725997937,0.9759129759053932,0.7691365584766128,0.9435294117634
test_97_discont_001,621,0.5443037974640482,0.534992223941913,0.5539452495885033,0.9202768166077228
test_97_discont_002,1329,0.8926829268256395,0.9708222811585251,0.8261851015739189,0.9634602076111233
test_97_discont_003,1043,0.7934165720726821,0.9721835883035858,0.6701821668200366,0.9496193771613154
test_97_discont_004,1287,0.9041429731888541,0.94723404254513,0.8648018647951453,0.9673356401370694
test_97_discont_005,763,0.7308003233570671,0.9535864978701775,0.5923984272530485,0.9539100346007559
test_97_discont_006,2136,0.786852589639475,0.8404255319104234,0.7397003745283722,0.8815224913482609
test_97_discont_007,556,0.6421446383999867,0.49141221373576904,0.9262589927890961,0.920553633216719
test_97_empty_000,0,0.0,0.0,0.0,0.9869896193757965
test_97_empty_001,0,0.0,0.0,0.0,0.9944636678186928
test_97_empty_002,0,0.0,0.0,0.0,0.8847058823517167
test_97_empty_004,0,0.0,0.0,0.0,0.9893425605522639
test_97_empty_006,0,0.0,0.0,0.0,0.9793771626284022
test_97_empty_011,0,0.0,0.0,0.0,0.9244290657426651
test_97_empty_012,0,0.0,0.0,0.0,0.9811764705868773
test_97_normal_000,1395,0.8669527896967086,0.8035495715985096,0.9412186379860845,0.9442214532858904
test_97_normal_001,1229,0.9321414059287602,0.9310064934989367,0.9332790886823982,0.9768858131474368
test_97_normal_002,1441,0.9093621782882904,0.9830645161211043,0.8459403192168915,0.9663667820055829
test_97_normal_003,492,0.5734177215153582,0.41636029411382025,0.9207317072983591,0.9067128027669111
test_97_normal_004,1446,0.9015578389098391,0.8656906428970994,0.9405255878219881,0.9588927335626867
test_97_normal_005,1427,0.8988929889265724,0.9493374902498104,0.853538892776079,0.9620761245661424
test_97_normal_006,1397,0.7153123272506486,0.5826204412400603,0.9262705798072566,0.8574394463655952
test_97_normal_007,908,0.8244348244308589,0.7318531169877724,0.9438325991085481,0.9494809688568173
test_97_normal_008,1723,0.9423543689291798,0.98728544182462,0.901334881016243,0.9737024221439811
test_97_normal_009,1163,0.7433028145108739,0.6136618141063065,0.942390369725345,0.8952249134935706
test_97_normal_010,1228,0.9070160608583812,0.9428822495523473,0.8737785016215491,0.9695501730090387
test_97_normal_011,1494,0.8987796123442255,0.9690402476705183,0.8380187416275903,0.9609688581301579
test_97_normal_012,1922,0.7876429092659021,0.7396071265384212,0.8423517169571157,0.8791695501717935
test_97_normal_013,723,0.7301587301548669,0.5912596400977613,0.9543568464598291,0.929411764704596
test_97_normal_014,1214,0.8925619834675618,0.8545591559845174,0.934102141672701,0.9622145328706405
test_97_normal_015,973,0.6336842105240924,0.48108684070068686,0.9280575539472964,0.8555017301026222
test_98_discont_000,640,0.7559607293074617,0.685750636123591,0.8421874999868408,0.9518339100332847
test_98_discont_001,442,0.004514672686128337,0.9999999900000002,0.0022624434388628404,0.9389619377149634
test_98_discont_002,662,0.08946608946479846,0.9999999996774194,0.04682779456122617,0.9126643598603285
test_98_discont_003,882,0.5088757396406689,0.9999999999667774,0.341269841265972,0.9195847750852324
test_98_discont_004,758,0.058898847630487854,0.9999999995652173,0.03034300791516698,0.8982698961925284
test_98_discont_005,829,0.394202898546916,0.9902912620878499,0.24607961398979397,0.9132179930783209
test_98_discont_006,1147,0.90953150241959,0.8472535741095015,0.9816913687795843,0.9689965397910464
test_98_discont_007,572,0.15185783521564042,0.999999999787234,0.08216783216639567,0.9273356401371248
test_98_empty_000,0,0.0,0.0,0.0,0.9999999999986159
test_98_empty_001,0,0.0,0.0,0.0,0.9999999999986159
test_98_empty_005,0,0.0,0.0,0.0,0.9999999999986159
test_98_empty_006,0,0.0,0.0,0.0,0.9999999999986159
test_98_empty_007,0,0.0,0.0,0.0,0.9999999999986159
test_98_normal_000,1047,0.9500462534646159,0.9210762331755958,0.9808978032380049,0.9850519031128234
test_98_normal_001,1150,0.7924263674586521,0.6639247943556762,0.9826086956436296,0.9180622837357536
test_98_normal_002,853,0.9259668508236135,0.8756530825404842,0.9824150058501475,0.9814532871958734
test_98_normal_003,1079,0.9491677912687847,0.9222027971947361,0.9777571825673981,0.9843598615903331
test_98_normal_004,1361,0.946090681895944,0.9201388888824991,0.9735488611243678,0.9791003460194061
test_98_normal_005,862,0.8605851979296582,0.8513053348371021,0.8700696055583519,0.9663667820055829
test_98_normal_006,994,0.9353086419706899,0.918525703191867,0.9527162977771356,0.9818685121093677
test_98_normal_007,1135,0.8862997187589944,0.8146233382509999,0.971806167392319,0.9608304498256598
test_98_normal_008,1197,0.9554192228999778,0.9358974358899368,0.9757727652382977,0.9849134948083254
test_98_normal_009,1279,0.8873889875634552,0.8131510416613728,0.9765441751291906,0.9561245674727251
test_98_normal_010,1138,0.8353955755499236,0.7285807717414743,0.9789103690599393,0.9392387543239595
test_98_normal_011,1271,0.9447806353973345,0.9096868171820125,0.9826907946421505,0.9797923875418965
test_98_normal_012,852,0.9162506932838811,0.8685594111370288,0.9694835680637385,0.9791003460194061
test_98_normal_013,914,0.9254984260182293,0.8891129032168437,0.9649890590704049,0.9803460207598889
test_98_normal_014,1112,0.9200680272069726,0.8725806451542535,0.9730215827250629,0.9739792387529772
test_98_normal_015,1103,0.9561364643289494,0.935008665503163,0.9782411604625727,0.9862975778533062
test_99_discont_000,772,0.7140019860937736,0.5789049919438092,0.9313471502470033,0.9202768166077228
test_99_discont_001,1263,0.9457065845169592,0.920539730128032,0.972288202684305,0.9804844290643869
test_99_discont_002,1012,0.8330223880558162,0.7888692579435613,0.8824110671849564,0.9504498269883039
test_99_discont_003,1396,0.8803578084201255,0.9176379176307876,0.8459885386758884,0.9555709342547328
test_99_discont_004,1027,0.7575628461833934,0.6734848484797464,0.8656280428348041,0.9212456747392094
test_99_empty_000,0,0.0,0.0,0.0,0.8901038062271417
test_99_empty_001,0,0.0,0.0,0.0,0.9999999999986159
test_99_empty_003,0,0.0,0.0,0.0,0.9562629757772232
test_99_empty_004,0,0.0,0.0,0.0,0.9775778546699272
test_99_empty_005,0,0.0,0.0,0.0,0.9999999999986159
test_99_empty_006,0,0.0,0.0,0.0,0.9991695501716275
test_99_empty_008,0,0.0,0.0,0.0,0.9721799307945022
test_99_empty_009,0,0.0,0.0,0.0,0.9999999999986159
test_99_empty_010,0,0.0,0.0,0.0,0.9969550172996582
test_99_empty_012,0,0.0,0.0,0.0,0.9999999999986159
test_99_empty_013,0,0.0,0.0,0.0,0.9999999999986159
test_99_empty_015,0,0.0,0.0,0.0,0.9815916955003715
test_99_normal_000,1561,0.9710467705982467,0.9646017699054071,0.9775784753300604,0.9874048442892908
test_99_normal_001,512,0.6657645466802046,0.5093167701810629,0.9609374999812317,0.9316262975765652
test_99_normal_002,1203,0.8968570163749586,0.959280303021219,0.8420615128774559,0.9677508650505637
test_99_normal_003,1263,0.9482163406177667,0.9196428571360147,0.9786223277832256,0.9813148788913754
test_99_normal_004,1005,0.8719794344428177,0.902127659564871,0.8437810945189673,0.9655363321785945
test_99_normal_005,1560,0.9652976758963219,0.9588867805125941,0.9717948717886424,0.9849134948083254
test_99_normal_006,1228,0.8587656190804288,0.8025477706949573,0.9234527687221218,0.9483737024208327
test_99_normal_007,1108,0.9315813321208356,0.9353958143681949,0.9277978339266445,0.9791003460194061
test_99_normal_008,1018,0.8139534883685876,0.724693251528185,0.9282907661991326,0.940207612455446
test_99_normal_009,1292,0.971295577963649,0.9735614307855867,0.9690402476705183,0.9897577854657581
test_99_normal_010,1389,0.9141254819456217,0.8907103825075772,0.9388048956015925,0.9660899653965868
test_99_normal_011,1315,0.9629352302472373,0.9483775811139501,0.9779467680533998,0.9862975778533062
test_99_normal_012,1268,0.946923076919435,0.924174174167236,0.9708201892667917,0.9808996539778811
test_99_normal_013,1332,0.892376681611015,0.8883928571362472,0.8963963963896667,0.9601384083031693
test_99_normal_014,1027,0.9012919896594249,0.9603524228969124,0.8490749756489867,0.973564013839483
test_99_normal_015,841,0.7008310249275124,0.5728301886749221,0.9024970273376636,0.9103114186838612
test_9_discont_000,474,0.0,0.0,0.0,0.9343944636665268
test_9_discont_001,534,0.3531202435258277,0.9430894308176351,0.2172284644154077,0.9411764705869327
test_9_discont_002,741,0.8390177353285198,0.8482758620572651,0.82995951415884,0.9673356401370694
test_9_discont_003,1454,0.9202997275173015,0.9116059379155763,0.9291609353443663,0.9676124567460656
test_9_discont_004,1420,0.9391365888147943,0.9438122332792048,0.9345070422469401,0.9761937716249465
test_9_discont_005,996,0.8126352228437359,0.7140684410592086,0.9427710843278838,0.940069204150948
test_9_discont_006,754,0.8293020041407789,0.8658008657883722,0.7957559681592075,0.9658131487875906
test_9_discont_007,807,0.8713345302162099,0.8425925925828404,0.9021065675228983,0.9702422145315291
test_9_empty_000,0,0.0,0.0,0.0,0.9999999999986159
test_9_empty_002,0,0.0,0.0,0.0,0.9206920415212171
test_9_empty_006,0,0.0,0.0,0.0,0.9847750865038273
test_9_empty_008,0,0.0,0.0,0.0,0.9999999999986159
test_9_normal_000,597,0.6886792452789583,0.5313921746994414,0.9782244555950046,0.9269204152236306
test_9_normal_001,1443,0.8922570016445066,0.8505025125574718,0.9383229383164358,0.9547404844277443
test_9_normal_002,1314,0.8741344195483742,0.9404031551188397,0.8165905631596911,0.9572318339087097
test_9_normal_003,1080,0.9012237762198374,0.8534768211849878,0.9546296296207906,0.9687197231820502
test_9_normal_004,1349,0.8746803069021751,0.8623919308295217,0.8873239436553942,0.952525951555775
test_9_normal_005,1449,0.9422809457547209,0.9495444989421896,0.9351276742516555,0.9770242214519349
test_9_normal_006,1097,0.7291512915102245,0.6125232486012864,0.9006381039115713,0.8984083044970265
test_9_normal_007,971,0.8302702702657824,0.8737201365088314,0.7909371781586927,0.9565397923862193
test_9_normal_008,1506,0.9572368421021143,0.9485006518842993,0.9661354581609155,0.9820069204138657
test_9_normal_009,1454,0.8827826086925816,0.8930330752928006,0.8727647867890457,0.9533564013827636
test_9_normal_010,1127,0.8206388206354601,0.7619771863059926,0.889086069202404,0.9393771626284576
test_9_normal_011,1486,0.8871287128683594,0.8704663212378856,0.9044414535605354,0.9526643598602731
test_9_normal_012,1245,0.8742562475173572,0.8636363636295954,0.8851405622418865,0.9561245674727251
test_9_normal_013,984,0.8425841674210984,0.7627677100431404,0.9410569105595421,0.9521107266422808
test_9_normal_014,1398,0.8287671232850911,0.7337375964678405,0.9520743919817449,0.9238754325246729
test_9_normal_015,1451,0.9185343294168675,0.9492647058753731,0.8897312198422487,0.968304498268556
