stem,view,dice_f1,precision,recall_sensitivity,accuracy
test_1,6x6 only,0.5681365874093599,0.5249709639948461,0.6190367495998412,0.9685440063476193
test_1,5x5 only,0.5541577491253566,0.5106301106296194,0.6057977630671013,0.9674186706542599
test_1,OR (6x6 | 5x5),0.5508058864748814,0.44690831556471433,0.7176443734299045,0.9608764648437133
test_1,confidence blend,0.5786859220563432,0.5248490478397354,0.6448299474998347,0.9686164855956662
test_10,6x6 only,0.7670081816168766,0.7414321339503088,0.7944117871587186,0.9758834838866814
test_10,5x5 only,0.8134727244140805,0.8383151073302241,0.790060309946721,0.9818954467773062
test_10,OR (6x6 | 5x5),0.7933725866079716,0.7191708558302493,0.8846476830285634,0.9769744873046502
test_10,confidence blend,0.7908513159309214,0.7465428416480839,0.8407512023812194,0.9777793884276971
test_100,6x6 only,0.5017967658212708,0.6213844252155484,0.42081031307515415,0.9619216918944945
test_100,5x5 only,0.6007260303221863,0.6132182404737874,0.5887326301686013,0.964336395263635
test_100,OR (6x6 | 5x5),0.6140173702279886,0.5933328128654903,0.636196216306181,0.9635505676269164
test_100,confidence blend,0.615870193376032,0.6566499194230195,0.5798593671516994,0.9670372009276974
test_101,6x6 only,0.8354574852572217,0.7516257843687945,0.9403368541236935,0.9901008605956653
test_101,5x5 only,0.7261290870965454,0.6021050653128445,0.9145018555510783,0.9815635681151968
test_101,OR (6x6 | 5x5),0.7136466501759309,0.5652355147973611,0.9677419354824897,0.979244232177697
test_101,confidence blend,0.8124583409072214,0.7059071285661725,0.9568940907779662,0.9881935119628529
test_102,6x6 only,0.6732399644009853,0.6213201919333328,0.7346281625347638,0.9467773437499638
test_102,5x5 only,0.670759460174472,0.6954183813439256,0.647789419882112,0.9525375366210573
test_102,OR (6x6 | 5x5),0.7060347619560173,0.6112149532707996,0.8356759519545945,0.9480628967284794
test_102,confidence blend,0.7042445129691856,0.6328701251067147,0.7937643751593183,0.9502410888671512
test_103,6x6 only,0.3666137005648099,0.3309163346610909,0.4109439936667218,0.9452590942382452
test_103,5x5 only,0.3413497471970361,0.30714455257511897,0.3841282406487392,0.9428520202636359
test_103,OR (6x6 | 5x5),0.39502494972801255,0.31669453069004255,0.5248367306545371,0.9380264282226204
test_103,confidence blend,0.39240135570509543,0.33995504966262596,0.46398179299380166,0.9446067810058233
test_104,6x6 only,0.744197729327467,0.7320616722665229,0.7567429505509228,0.9805755615234001
test_104,5x5 only,0.7881283726210413,0.7342564826241539,0.8505312627698707,0.982925415039025
test_104,OR (6x6 | 5x5),0.777975133214583,0.6753666792021997,0.9173477727820623,0.9804496765136345
test_104,confidence blend,0.8151632019561588,0.7552727906564796,0.8853698406202641,0.9850082397460561
test_105,6x6 only,0.5404529495734632,0.5003571938844832,0.5875346028012854,0.9545631408691042
test_105,5x5 only,0.5824621292935428,0.5927566440849463,0.5725190839689853,0.9626731872558226
test_105,OR (6x6 | 5x5),0.5606663767435317,0.4662808813707621,0.7029611609758384,0.9499015808105106
test_105,confidence blend,0.5871729567027139,0.5437004216390026,0.6382014931627898,0.9591903686523071
test_106,6x6 only,0.6439706286564401,0.81689579597448,0.5314667185167338,0.9654121398925413
test_106,5x5 only,0.6557364691690578,0.7834819418168211,0.5638084127289106,0.9651565551757444
test_106,OR (6x6 | 5x5),0.7132033886628855,0.7608935263423022,0.6711387646635095,0.968231201171838
test_106,confidence blend,0.6971950231904965,0.8068501320603162,0.6137792468723742,0.9686203002929318
test_107,6x6 only,0.3273980470991592,0.27217741935454987,0.41072858286563535,0.9597969055175415
test_107,5x5 only,0.39987937273793733,0.3778315999424735,0.4246597277815458,0.9696350097655879
test_107,OR (6x6 | 5x5),0.3317565436768991,0.24692903528656057,0.5053642914323373,0.9514999389648074
test_107,confidence blend,0.3355159451919877,0.2699775587859596,0.44307445956694463,0.9581909179687134
test_108,6x6 only,0.5163089293816767,0.42423273657243793,0.6594334934559227,0.971546173095666
test_108,5x5 only,0.4859634198210942,0.35784198574868226,0.756998509192054,0.9631195068359008
test_108,OR (6x6 | 5x5),0.4614215849197752,0.32341586794440663,0.8048699685260811,0.9567298889159791
test_108,confidence blend,0.5220605220602206,0.4007447468743676,0.7487162497917034,0.9684295654296505
test_109,6x6 only,0.5757722788287369,0.4727337110477401,0.7362470701768423,0.9699821472167598
test_109,5x5 only,0.6865783554107182,0.627813964117669,0.7574796635864367,0.9808654785155876
test_109,OR (6x6 | 5x5),0.5880670611436942,0.457741613571461,0.822142561697474,0.9681320190429318
test_109,confidence blend,0.6017561983467966,0.4811266209626818,0.8031159520187465,0.9705886840819942
test_11,6x6 only,0.4683335987682571,0.4102111038777968,0.545645719940286,0.923591613769496
test_11,5x5 only,0.4716768636043979,0.46436919388644626,0.4792182088072246,0.9337882995605112
test_11,OR (6x6 | 5x5),0.5027676391674113,0.41264928778303667,0.6432459178620464,0.9215278625487929
test_11,confidence blend,0.48385333992545115,0.41763622478755774,0.5750247402272544,0.9243354797362928
test_110,6x6 only,0.5559878035955441,0.5197051597046489,0.5977167401372242,0.9677810668944943
test_110,5x5 only,0.49195766702387433,0.4186637041736084,0.5963603481399385,0.9584312438964477
test_110,OR (6x6 | 5x5),0.5160475724989751,0.4033747214260405,0.7160619419004,0.9546737670898073
test_110,confidence blend,0.5724057064683543,0.5040874279317579,0.6621453600082942,0.966613769531213
test_111,6x6 only,0.370223067611646,0.35289269820281377,0.38934351700238345,0.9722137451171504
test_111,5x5 only,0.41742379213686215,0.39152596368207787,0.44699036188316604,0.9738273620605097
test_111,OR (6x6 | 5x5),0.39144782070645434,0.3146899524700843,0.5177304964529592,0.9662322998046506
test_111,confidence blend,0.41952571102565434,0.38009450679211443,0.4680851063821275,0.9728279113769159
test_112,6x6 only,0.6413550728808888,0.6225254445804468,0.6613593155885678,0.9762535095214471
test_112,5x5 only,0.693389752973071,0.6683201058193691,0.7204134980980033,0.9795455932616813
test_112,OR (6x6 | 5x5),0.6626874808689609,0.5806365099225991,0.7717442965770297,0.9747772216796503
test_112,confidence blend,0.6939551529381569,0.6554346677926952,0.7372861216721277,0.979122161865197
test_113,6x6 only,0.6070374822420461,0.5623608017811679,0.6594254510913349,0.9725646972655878
test_113,5x5 only,0.6150560041674316,0.5480456782094995,0.7007359924018272,0.9718132019042598
test_113,OR (6x6 | 5x5),0.6265694803665053,0.5188069464990898,0.7908357075014353,0.9697074890136348
test_113,confidence blend,0.6475917489887661,0.569243228650617,0.7509496676154428,0.9737358093261347
test_114,6x6 only,0.5834746789433068,0.46636539703004104,0.7791199309741381,0.9606552124023071
test_114,5x5 only,0.5256301549369746,0.40896005757442183,0.7354400345117176,0.9530487060546511
test_114,OR (6x6 | 5x5),0.5326259588414379,0.3878254022930034,0.8499784296798425,0.9472389221191044
test_114,confidence blend,0.5651253481892051,0.4309749051150337,0.8205349439162849,0.9553337097167603
test_115,6x6 only,0.4615821213192894,0.43995131187389785,0.48544993284511945,0.9710502624511348
test_115,5x5 only,0.37552927434634575,0.367586108331617,0.3838233099531655,0.9673690795898068
test_115,OR (6x6 | 5x5),0.45037986704626637,0.3739036168321928,0.5661841516183164,0.9646759033202756
test_115,confidence blend,0.4507175099370405,0.41083271923309894,0.4991792269803027,0.9688987731933224
test_116,6x6 only,0.36284139154656686,0.3136503067481226,0.4303321809703437,0.9616432189941039
test_116,5x5 only,0.3998367457993335,0.3651838966198246,0.4417555989772407,0.9663429260253538
test_116,OR (6x6 | 5x5),0.3664993394978248,0.2825945241197175,0.5212686006305106,0.9542655944823855
test_116,confidence blend,0.3789344009852917,0.3210185764972646,0.46234781301598926,0.9615364074706664
test_117,6x6 only,0.5363838871354482,0.5288250366027372,0.5441619585682258,0.9618911743163695
test_117,5x5 only,0.5773537951054991,0.565393988626622,0.5898305084740209,0.9650154113769163
test_117,OR (6x6 | 5x5),0.60470439655829,0.5205190922676175,0.7213747645944243,0.9617919921874633
test_117,confidence blend,0.6036442516266362,0.5596942880124218,0.655084745762095,0.9651489257812131
test_118,6x6 only,0.45718041406476684,0.36430292238361334,0.6136203246284163,0.9684944152831662
test_118,5x5 only,0.47106529209589615,0.38583652330512735,0.6046224417773384,0.9706420898437129
test_118,OR (6x6 | 5x5),0.41377446210378754,0.2982852689007807,0.6751940719818715,0.9586334228515259
test_118,confidence blend,0.44305634424856893,0.3448580689516306,0.6194424841202903,0.9663276672362913
test_119,6x6 only,0.6378971043009292,0.5605929586157374,0.739931518016077,0.9803466796874626
test_119,5x5 only,0.645080618624123,0.5408298388870659,0.7991195173637712,0.979427337646447
test_119,OR (6x6 | 5x5),0.5903119868633648,0.4609396464873514,0.8206424262174782,0.9733505249023066
test_119,confidence blend,0.6566959385286384,0.5668601208094671,0.7803684982866781,0.9809112548827751
test_12,6x6 only,0.5023901310713166,0.42229423201500677,0.6199809705031019,0.975379943847619
test_12,5x5 only,0.5010153756886415,0.4047814367743996,0.6572787821110233,0.9737548828124628
test_12,OR (6x6 | 5x5),0.4644113010788987,0.3407776492567481,0.7288296860119338,0.9663009643554319
test_12,confidence blend,0.5142485172859003,0.41477073853644286,0.6764985727865338,0.9743804931640253
test_120,6x6 only,0.5261832829805348,0.4491725768316686,0.6350653296860603,0.9712829589843379
test_120,5x5 only,0.4636775695207254,0.3884441707713583,0.5750531753257748,0.9665985107421505
test_120,OR (6x6 | 5x5),0.48711943793885654,0.37045832343831986,0.7110300820408523,0.9624061584472289
test_120,confidence blend,0.5024315027870345,0.41206225680893765,0.6435733819497971,0.9679946899413693
test_121,6x6 only,0.61541131551509,0.5498811123740825,0.6986733219483795,0.9746398925780878
test_121,5x5 only,0.6232970399952819,0.534133533382845,0.7481938788903872,0.9737358093261347
test_121,OR (6x6 | 5x5),0.5801963213568188,0.45524564420813934,0.7996847497690797,0.9663925170898069
test_121,confidence blend,0.6311641398934753,0.5410020641766363,0.7573886772615823,0.9742927551269159
test_122,6x6 only,0.5429885057465023,0.44658725656939574,0.6924655526218338,0.9848327636718374
test_122,5x5 only,0.4993394980180543,0.35687311178202813,0.8311345646413628,0.9783134460448845
test_122,OR (6x6 | 5x5),0.4531274372169294,0.3086813303577636,0.8516564057436188,0.9732513427734003
test_122,confidence blend,0.5604282478890669,0.4318578454697258,0.7980064497191498,0.9837112426757437
test_123,6x6 only,0.48720107780356414,0.46994801819286885,0.5057692307683466,0.9767684936523064
test_123,5x5 only,0.4497383640867187,0.3709677419350625,0.5709790209780228,0.9695129394530879
test_123,OR (6x6 | 5x5),0.4744800345612081,0.36668892492572097,0.6720279720267972,0.9675178527831662
test_123,confidence blend,0.5156106519738938,0.45849210669507556,0.5889860139849843,0.9758529663085564
test_124,6x6 only,0.6182096962614565,0.5598386670189369,0.6901695467878299,0.9601058959960571
test_124,5x5 only,0.586280108353252,0.5320930232554604,0.6527551353108471,0.9568862915038697
test_124,OR (6x6 | 5x5),0.5942525542486667,0.47821550996051554,0.7846429735891876,0.9498558044433231
test_124,confidence blend,0.6446944755976105,0.5795875886290381,0.7262797522002556,0.9625358581542601
test_125,6x6 only,0.5620849696532937,0.46768060836446324,0.7042404723551543,0.9766044616698846
test_125,5x5 only,0.4548731814082304,0.35525389643000976,0.6321345500078152,0.9676971435546505
test_125,OR (6x6 | 5x5),0.4599813994198479,0.33128447596506594,0.7521918053305561,0.9623451232909789
test_125,confidence blend,0.5369267008448545,0.4381006218197421,0.6933261764167233,0.9745025634765253
test_126,6x6 only,0.6691685607059916,0.7056856187287036,0.6362448487281956,0.9522476196288698
test_126,5x5 only,0.5530797980084583,0.6396753118190195,0.4871343853651185,0.9402427673339485
test_126,OR (6x6 | 5x5),0.6796884304802936,0.646062582076418,0.7170067343448,0.9487037658691044
test_126,confidence blend,0.6617970066913568,0.6728292480262397,0.6511207156494868,0.9494857788085574
test_127,6x6 only,0.7101953956274375,0.6464735405471106,0.7878527739019338,0.9771423339843377
test_127,5x5 only,0.6479111686497794,0.6044221478998472,0.6981435776363363,0.9730262756347284
test_127,OR (6x6 | 5x5),0.6671216515950064,0.5536283185836788,0.8391458310968567,0.9702301025390254
test_127,confidence blend,0.7156346381965761,0.6414596801627752,0.8092069964579791,0.9771385192870721
test_128,6x6 only,0.3303832116786814,0.22466960352408966,0.6239875926234293,0.9440078735351202
test_128,5x5 only,0.4340524240313458,0.2969781615031126,0.806134757882464,0.9534645080566042
test_128,OR (6x6 | 5x5),0.3943751237867323,0.2560436169117086,0.857832155780014,0.9416770935058234
test_128,confidence blend,0.3885315042813494,0.2580645161288862,0.785800448042761,0.9452476501464483
test_129,6x6 only,0.5599935447425481,0.4549029889873428,0.7282266526742325,0.9791984558105095
test_129,5x5 only,0.5378941395796888,0.43819334389799497,0.6963273871968597,0.9782524108886345
test_129,OR (6x6 | 5x5),0.4883499460348623,0.3500819224464317,0.8071353620129966,0.9692573547362912
test_129,confidence blend,0.5555209953339382,0.44126003705936845,0.749632738718259,0.9781951904296502
test_13,6x6 only,0.5760539629002284,0.5078582958113093,0.6654051647365701,0.9664344787597288
test_13,5x5 only,0.5506033264482277,0.5380284682382217,0.5637800534276894,0.9684600830077755
test_13,OR (6x6 | 5x5),0.6024771324781818,0.49642985935773787,0.7661398040953181,0.9653511047362913
test_13,confidence blend,0.5996296823811424,0.5228081794846239,0.702916295635905,0.9678306579589474
test_130,6x6 only,0.6951474617716935,0.6467298941940427,0.7514012738848717,0.9605293273925415
test_130,5x5 only,0.7317985346860207,0.7053956621944888,0.7602547770695794,0.9666252136230099
test_130,OR (6x6 | 5x5),0.7294467020942146,0.6171103667134092,0.8917834394898778,0.9603805541991821
test_130,confidence blend,0.7690055962115745,0.6998171846431445,0.8533757961778003,0.9692955017089474
test_131,6x6 only,0.6347490347486262,0.5942884684894634,0.6811213920719774,0.9783477783202751
test_131,5x5 only,0.5960536525880744,0.4978242755295826,0.7425769921271336,0.9721984863280879
test_131,OR (6x6 | 5x5),0.5832508414172524,0.45452441564417606,0.8136997652246738,0.9678802490234005
test_131,confidence blend,0.6557725207948464,0.5723995880529635,0.7675735395652982,0.9777412414550408
test_132,6x6 only,0.4569615994615,0.45812855353140775,0.4558005752632255,0.9568977355956666
test_132,5x5 only,0.4973916435081189,0.506001388750614,0.4890699904118033,0.9606742858886352
test_132,OR (6x6 | 5x5),0.48833467417518567,0.4206514206511291,0.5819750719073998,0.9514770507812137
test_132,confidence blend,0.5080361744995511,0.49683805334021,0.5197507190790798,0.9599494934081665
test_133,6x6 only,0.6006085667470544,0.5705603320481984,0.6339976939543452,0.9609451293944945
test_133,5x5 only,0.6862424403785758,0.637571559827099,0.7429583264694918,0.9685325622558224
test_133,OR (6x6 | 5x5),0.6299631869574579,0.5241767859093511,0.7892439466308768,0.9570541381835572
test_133,confidence blend,0.6620051794300177,0.6009537882854641,0.7368637786190604,0.9651489257812131
test_134,6x6 only,0.6188437838089191,0.5585937499995256,0.6936623431396249,0.9690895080566037
test_134,5x5 only,0.6660903173308248,0.6432570474406804,0.690604239164093,0.9749526977538691
test_134,OR (6x6 | 5x5),0.6278190905763632,0.5107100356997814,0.8146156279649746,0.9650611877441038
test_134,confidence blend,0.6638352285698206,0.5854680199769732,0.7664241273850401,0.9719200134276973
test_135,6x6 only,0.5787407095774935,0.6750081779511368,0.5065046637205369,0.9770812988280877
test_135,5x5 only,0.5475989890476907,0.5371900826439938,0.558419243985569,0.9713211059569942
test_135,OR (6x6 | 5x5),0.6183627713673,0.5576486833015507,0.6939126165921773,0.9733772277831659
test_135,confidence blend,0.6349476758331498,0.6295849420841824,0.6404025527729008,0.9771118164062127
test_136,6x6 only,0.664719382432252,0.6004523181296639,0.7443925233633265,0.9816093444823843
test_136,5x5 only,0.6325287946587685,0.5978366384681766,0.6714953271017579,0.980892181396447
test_136,OR (6x6 | 5x5),0.6212781631772231,0.5127165872930258,0.7881619937682427,0.9764671325683221
test_136,confidence blend,0.6720813616776099,0.6148081147427125,0.7411214953259484,0.9822883605956656
test_137,6x6 only,0.5578271028035573,0.4778451103572147,0.6699664821882687,0.9480209350585576
test_137,5x5 only,0.6073658365483664,0.5521331547729403,0.6748772312723712,0.9572982788085572
test_137,OR (6x6 | 5x5),0.6012339070905708,0.4707517204868225,0.8317873567691699,0.946002960205042
test_137,confidence blend,0.6099115895830247,0.4964993880046529,0.7904747057441808,0.9505157470702762
test_138,6x6 only,0.5959566016478354,0.4820640705922865,0.780313615896941,0.9740028381347284
test_138,5x5 only,0.5467709238340303,0.43606799704320387,0.7328054649887706,0.9701499938964473
test_138,OR (6x6 | 5x5),0.5122406937189133,0.370426829268036,0.8299953423368577,0.9611625671386351
test_138,confidence blend,0.5821697099889297,0.4577702702698633,0.799410029497284,0.9718055725097285
test_139,6x6 only,0.6125303433125577,0.46931184128910697,0.8815504907654608,0.9744262695312128
test_139,5x5 only,0.6525977886097654,0.5077236148362707,0.9131592081169304,0.9777069091796502
test_139,OR (6x6 | 5x5),0.5391238167718503,0.3774980015984695,0.9427715854251493,0.9630393981933226
test_139,confidence blend,0.6312036344812058,0.48233432940720483,0.9129928464466595,0.9755363464355096
test_14,6x6 only,0.6173756347946172,0.64709249084175,0.5902683512576065,0.9732704162597284
test_14,5x5 only,0.6694635271903773,0.672461019805444,0.6664926386126485,0.9759559631347283
test_14,OR (6x6 | 5x5),0.6790482245024616,0.6008035355559656,0.7807246528132183,0.9730377197265253
test_14,confidence blend,0.6925808997628785,0.6563814866754031,0.7330061605923222,0.9762268066405877
test_140,6x6 only,0.4771907489916431,0.42952635599612393,0.5367541766096975,0.9812011718749625
test_140,5x5 only,0.4548636894022967,0.40939469161655645,0.5116945107386356,0.9803962707519157
test_140,OR (6x6 | 5x5),0.4627654963151601,0.3633764465617926,0.6369928400939452,0.9763603210448846
test_140,confidence blend,0.5052183605223374,0.4389857369247421,0.5949880668243557,0.9813728332519156
test_141,6x6 only,0.6439765407169291,0.5308289744804796,0.8184261974574555,0.9717483520507442
test_141,5x5 only,0.5791867677461157,0.4641042633086929,0.7701612903216396,0.9650611877441038
test_141,OR (6x6 | 5x5),0.5626294602725749,0.413606849393545,0.8795210166167161,0.9573097229003541
test_141,confidence blend,0.6196716911926378,0.48874620757744386,0.8464076246323968,0.9675636291503537
test_142,6x6 only,0.33393017009826453,0.37758496023083504,0.29932362719213645,0.9602661132812134
test_142,5x5 only,0.25361587621913645,0.3069032888305,0.2160953800295585,0.9576759338378541
test_142,OR (6x6 | 5x5),0.3473619149292873,0.3406435970902131,0.3543505674649153,0.9556922912597291
test_142,confidence blend,0.32827262657175454,0.3802838164245467,0.2887767969731872,0.9606742858886352
test_143,6x6 only,0.7114363610271518,0.6362119851144384,0.8068348250603686,0.9693145751952755
test_143,5x5 only,0.6539798855944016,0.6049664522372519,0.7116354759961663,0.9646949768066038
test_143,OR (6x6 | 5x5),0.686362184605338,0.564931650893499,0.8742880390554317,0.9625396728515258
test_143,confidence blend,0.7263887452154317,0.6303033929743102,0.8570382424728583,0.9697303771972285
test_144,6x6 only,0.7261044176703182,0.7193872475870691,0.7329482112083379,0.9791870117187126
test_144,5x5 only,0.6368159203977193,0.5793057631617843,0.7070031417850339,0.9696464538573848
test_144,OR (6x6 | 5x5),0.6751689121654039,0.5575069325230704,0.8557818992592927,0.9690055847167599
test_144,confidence blend,0.7487583169333948,0.6962962962956895,0.809769940203902,0.9795455932616813
test_145,6x6 only,0.5293423768797162,0.5199382060437192,0.5390930023019931,0.9634704589843383
test_145,5x5 only,0.5550324335632166,0.5812424674037676,0.5310841926113413,0.9675521850585568
test_145,OR (6x6 | 5x5),0.5716952316305058,0.4960612530365191,0.6745419961951401,0.9614868164062133
test_145,confidence blend,0.5728041882856202,0.5372676253941272,0.6133747121827876,0.9651374816894163
test_146,6x6 only,0.24540744229844133,0.14413500553288072,0.8252375923926862,0.9633331298827758
test_146,5x5 only,0.2550193730183691,0.16397402989557003,0.5733896515281236,0.9757957458495721
test_146,OR (6x6 | 5x5),0.22898530538322376,0.13188929001192787,0.8680042238602534,0.9577674865722291
test_146,confidence blend,0.2359425039098563,0.13734500997126736,0.8363252375879814,0.9608650207519164
test_147,6x6 only,0.5782619584270666,0.5591137478052187,0.5987682333869699,0.9486083984374638
test_147,5x5 only,0.62324642322532,0.6729815065398639,0.5803565640190727,0.958713531494104
test_147,OR (6x6 | 5x5),0.6229907317746236,0.5433880308877687,0.7299189627223792,0.9480171203612919
test_147,confidence blend,0.6346959849357242,0.5970515970512559,0.6774068071308412,0.9541168212890261
test_148,6x6 only,0.6838486365121456,0.7345995377341628,0.6396569828485826,0.9742164611816034
test_148,5x5 only,0.6472936006096025,0.6638763683187711,0.6315190759532451,0.9699974060058223
test_148,OR (6x6 | 5x5),0.6837599869555341,0.6400335775330891,0.7338991949591057,0.9704055786132442
test_148,confidence blend,0.6934907010011205,0.7089579524673593,0.678683934196116,0.9738464355468378
test_149,6x6 only,0.6286272895654308,0.6565287479842487,0.6030006909479785,0.9724655151366816
test_149,5x5 only,0.6022514071291586,0.6024893806177986,0.6020136215570012,0.969268798828088
test_149,OR (6x6 | 5x5),0.5915652666925764,0.5299265510231833,0.6694304609607448,0.964275360107385
test_149,confidence blend,0.6483505564384696,0.6526958087419699,0.6440627776126304,0.9729995727538691
test_15,6x6 only,0.5963087739852084,0.552449450399576,0.6477326968963442,0.9789733886718376
test_15,5x5 only,0.5684959076877978,0.49147430692438054,0.674144789179516,0.9754638671874627
test_15,OR (6x6 | 5x5),0.5728962253257688,0.44950638529078024,0.7896579156709791,0.9717712402343379
test_15,confidence blend,0.6261046906861821,0.5465875370913393,0.7326968973735359,0.9790191650390251
test_150,6x6 only,0.7116895484483476,0.7257620717557455,0.6981523769977692,0.9584236145019165
test_150,5x5 only,0.761421054009278,0.7682392096778655,0.754722856549328,0.9652366638183225
test_150,OR (6x6 | 5x5),0.7654221928539281,0.7018523327271263,0.8416545567776408,0.9620819091796508
test_150,confidence blend,0.765572422044227,0.7365114382999681,0.7970209674066862,0.96412277221676
test_151,6x6 only,0.7317975693811964,0.7142553643504608,0.7502231478720989,0.9717979431151973
test_151,5x5 only,0.7537482172050114,0.7079657583475737,0.8058613507878564,0.9729957580566034
test_151,OR (6x6 | 5x5),0.7411219109329963,0.6467457589529622,0.8677476941380037,0.9689102172851193
test_151,confidence blend,0.7624132771048965,0.7023182957389082,0.833754834869954,0.9733505249023066
test_152,6x6 only,0.44290878162851216,0.3170230576057248,0.7346147063996921,0.9600219726562134
test_152,5x5 only,0.3954996959251999,0.27750515610534277,0.6880620701804125,0.9544982910155886
test_152,OR (6x6 | 5x5),0.3967012053286544,0.2609324579947363,0.8270146358652318,0.9455833435058233
test_152,confidence blend,0.44337181528640357,0.3088388214902538,0.7855757362003428,0.9573287963866822
test_153,6x6 only,0.4468639979133871,0.45675063307949254,0.43739629865930135,0.9676361083984005
test_153,5x5 only,0.41675164865020276,0.4458830375320834,0.3911933631137317,0.9672737121581662
test_153,OR (6x6 | 5x5),0.4487663925314243,0.39740183052810013,0.5153797064447794,0.9621582031249633
test_153,confidence blend,0.450900639162986,0.4562320355363781,0.4456924058705224,0.9675559997558224
test_154,6x6 only,0.7947522872427673,0.7515507672208601,0.8432234432224136,0.986392974853478
test_154,5x5 only,0.8278702995346154,0.7990457798468714,0.8588522588512102,0.9888420104980091
test_154,OR (6x6 | 5x5),0.7968279143532663,0.7026573426566874,0.9201465201453967,0.9853401184081655
test_154,confidence blend,0.8306857368981679,0.7734498368241146,0.8970695970685018,0.9885749816894154
test_155,6x6 only,0.457083988504876,0.37304186211136114,0.5900055991033175,0.9618034362792601
test_155,5x5 only,0.5466431983904718,0.4265756220073569,0.760778275474859,0.9656105041503538
test_155,OR (6x6 | 5x5),0.492290269186997,0.35734159605390325,0.7910134378488368,0.9555358886718385
test_155,confidence blend,0.5058634616317912,0.38770791377609626,0.7276035834256332,0.9612617492675414
test_156,6x6 only,0.6955547254386355,0.6092045950264583,0.8104265402835763,0.9720191955566035
test_156,5x5 only,0.6730685635247291,0.5690231190695115,0.823677338233075,0.9684410095214474
test_156,OR (6x6 | 5x5),0.6505378265373082,0.5158694173653843,0.8803559338418798,0.9626960754394164
test_156,confidence blend,0.7136172765444057,0.6083458339011262,0.862946126316991,0.9726829528808222
test_157,6x6 only,0.4653780100118883,0.42174978475367786,0.5190740136937405,0.9441871643066045
test_157,5x5 only,0.3687979539640596,0.3341941464704448,0.4113955004887419,0.9340972900390269
test_157,OR (6x6 | 5x5),0.4522963979824966,0.35676286427175896,0.617704597325874,0.9299888610839488
test_157,confidence blend,0.4486083194220527,0.38536728124062897,0.5366807955652619,0.9382591247558235
test_158,6x6 only,0.5801321405597964,0.4336538461534671,0.8760374359864453,0.9726066589355097
test_158,5x5 only,0.5566183630216183,0.4119192946758122,0.8580257813864418,0.9704704284667598
test_158,OR (6x6 | 5x5),0.4936890418815769,0.3384907886970835,0.9117075754884131,0.9596023559569946
test_158,confidence blend,0.5471810089017819,0.3939558732128698,0.895461769378606,0.9679832458495724
test_159,6x6 only,0.5690248248992626,0.4919383733425353,0.6747591900917291,0.960330963134729
test_159,5x5 only,0.6128026261794777,0.5259932375313285,0.7339296245324022,0.9640045166015256
test_159,OR (6x6 | 5x5),0.5565689619158405,0.43089693833525716,0.7857283271075429,0.9514083862304324
test_159,confidence blend,0.5966899302091339,0.5020468424934554,0.7353056811473015,0.9614219665526976
test_16,6x6 only,0.6423735073244845,0.5810690423156112,0.7181392788319321,0.9778366088866814
test_16,5x5 only,0.5960859417077048,0.5273747749650245,0.6853839801807248,0.9742546081542597
test_16,OR (6x6 | 5x5),0.6155419222900572,0.5053905973837881,0.787090558765776,0.9727478027343378
test_16,confidence blend,0.6413030412305317,0.5692488262904724,0.7342416735470214,0.9772338867187127
test_160,6x6 only,0.5596858284240235,0.48198250728806763,0.6672586373899463,0.9751930236816034
test_160,5x5 only,0.5196460176987471,0.46274114235220937,0.5925088795599088,0.9741172790526972
test_160,OR (6x6 | 5x5),0.5241523455640245,0.4092475067992663,0.728769777202569,0.9687347412109005
test_160,confidence blend,0.5596439957488313,0.47540058677445785,0.6801743622849852,0.9747085571288691
test_161,6x6 only,0.47420841385438073,0.405027932960551,0.5718895661520593,0.9595222473144165
test_161,5x5 only,0.47837388673435954,0.3717218543043896,0.6708497669407543,0.953304290771448
test_161,OR (6x6 | 5x5),0.477738734216134,0.3528807758126909,0.7393330942981482,0.9484062194823857
test_161,confidence blend,0.5083716569181103,0.4057733428364891,0.6804111389976331,0.9579963684081665
test_162,6x6 only,0.262783171520881,0.2534907480982478,0.27278279990193893,0.952205657958948
test_162,5x5 only,0.3011774644911024,0.26522830837881034,0.3483997068160904,0.9495124816894168
test_162,OR (6x6 | 5x5),0.27987338433118797,0.2186126373624872,0.38883459565063666,0.9375152587890266
test_162,confidence blend,0.3051771117164515,0.28008574053253027,0.33520645003623845,0.9523353576659792
test_163,6x6 only,0.5111523279590473,0.4726057514726298,0.5565451532720003,0.9607887268066039
test_163,5x5 only,0.5335576923074358,0.49793610911656677,0.5746685998337048,0.9629898071288695
test_163,OR (6x6 | 5x5),0.545051936548617,0.44585693584478603,0.7010149130067305,0.956893920898401
test_163,confidence blend,0.5336445305616815,0.4642200429049462,0.6274855012421007,0.9596023559569946
test_164,6x6 only,0.6071560309844285,0.5805586907441019,0.6363074068337153,0.9796867370605095
test_164,5x5 only,0.5970949720665943,0.5760275941354182,0.6197618679439929,0.979366302490197
test_164,OR (6x6 | 5x5),0.6202598084236843,0.5386894586888448,0.7309417040347442,0.9779205322265252
test_164,confidence blend,0.6345107710157144,0.597540983605741,0.676356888819118,0.9807777404784782
test_165,6x6 only,0.7828706128859861,0.8371767341977059,0.7351807821589447,0.9810256958007438
test_165,5x5 only,0.7550619315321746,0.8531295186936034,0.6772157087802925,0.9795570373534782
test_165,OR (6x6 | 5x5),0.8244244872344701,0.7901819275291007,0.8617692875290138,0.9829216003417593
test_165,confidence blend,0.8396086569815596,0.8684072192037249,0.812658850536351,0.9855537414550405
test_166,6x6 only,0.4901298891903977,0.4362508164595452,0.5591929002004695,0.9469909667968388
test_166,5x5 only,0.5690631808276613,0.5400345838654687,0.6013898191555581,0.958499908447229
test_166,OR (6x6 | 5x5),0.5096248603900829,0.4193426316356258,0.6494474212988534,0.943054199218714
test_166,confidence blend,0.5144479585967099,0.45069269521382194,0.599212993971367,0.9484634399413701
test_167,6x6 only,0.7701620530926382,0.7717679767466373,0.7685627988920409,0.9721908569335567
test_167,5x5 only,0.7104828588411684,0.747671347142536,0.6768185250436214,0.9665603637694944
test_167,OR (6x6 | 5x5),0.7800988125160268,0.7211923713869751,0.8494840171149952,0.970966339111291
test_167,confidence blend,0.7930970149251265,0.7839316449466536,0.8024792348346321,0.9746170043944941
test_168,6x6 only,0.44516413955509704,0.41053489003474,0.48617363343973286,0.9712448120116817
test_168,5x5 only,0.5699854701442123,0.5003036560178545,0.6622186495166202,0.9762916564941033
test_168,OR (6x6 | 5x5),0.5494236230993209,0.4202947942400781,0.7930868167189822,0.9691352844237912
test_168,confidence blend,0.5791566186530801,0.487010851692988,0.7143086816708774,0.9753684997558221
test_169,6x6 only,0.6128075896824722,0.5181749811978623,0.7497279651786365,0.9701080322265254
test_169,5x5 only,0.5590962904496057,0.47221064911218047,0.6851650344569155,0.9659042358398069
test_169,OR (6x6 | 5x5),0.564977463245897,0.433540212050405,0.8107846693255824,0.960605621337854
test_169,confidence blend,0.592754296330426,0.4812580134244805,0.7714907508151716,0.9665527343749631
test_17,6x6 only,0.2997110224299575,0.22382077895362879,0.45346658338444,0.961174011230432
test_17,5x5 only,0.4752144207003378,0.36504745951941364,0.6806162814893179,0.9724578857421503
test_17,OR (6x6 | 5x5),0.41460711514994203,0.28248886204010987,0.7788881948765795,0.9597015380859009
test_17,confidence blend,0.3996994740793891,0.28579102874000734,0.6645846346019892,0.9634246826171508
test_170,6x6 only,0.5583094423376684,0.45957673568783525,0.7110718492335558,0.9635620117187133
test_170,5x5 only,0.612177985948191,0.5081648522546592,0.7697290930497411,0.968414306640588
test_170,OR (6x6 | 5x5),0.5677019646202952,0.4340563450508389,0.8202591283853706,0.9595413208007446
test_170,confidence blend,0.5617877887639952,0.4504728720753392,0.7461719670191446,0.9622993469237914
test_171,6x6 only,0.5695428443580545,0.5235483649821597,0.6243970239550123,0.9559631347655885
test_171,5x5 only,0.5490882789597819,0.5137483972072134,0.5896492519004254,0.9548149108886355
test_171,OR (6x6 | 5x5),0.5859699129055943,0.47823614557460803,0.7563567982987847,0.9501304626464481
test_171,confidence blend,0.5970856363503707,0.5321476553000242,0.6800752187060092,0.9571762084960572
test_172,6x6 only,0.5653171761679219,0.4742029878326858,0.699772727271932,0.9638748168944944
test_172,5x5 only,0.6534326899580665,0.7064183835172921,0.6078409090902183,0.9783554077148063
test_172,OR (6x6 | 5x5),0.6000921157306033,0.4751044221968606,0.8143181818172563,0.9635658264159789
test_172,confidence blend,0.6065288259721312,0.49959537997461956,0.7717045454536684,0.9663887023925413
test_173,6x6 only,0.5481151473610184,0.4974186726376205,0.6103182477290617,0.9496994018554324
test_173,5x5 only,0.42885741265328464,0.42454382291323317,0.4332595588793152,0.9423179626464484
test_173,OR (6x6 | 5x5),0.5479771625021339,0.4583311938380188,0.6812180416693266,0.9438247680663702
test_173,confidence blend,0.559544541192043,0.49853792444918626,0.6375639166598202,0.9498291015624637
test_174,6x6 only,0.5709603579230645,0.6146049168389905,0.5331034147760562,0.9370803833007455
test_174,5x5 only,0.6541297366729213,0.6942414658083246,0.6183999611402252,0.9486427307128544
test_174,OR (6x6 | 5x5),0.6946981889066132,0.6512537186567567,0.7443532326221672,0.9486198425292607
test_174,confidence blend,0.6615142266415621,0.6705254228827551,0.6527420216638399,0.9475402832030888
test_175,6x6 only,0.5327441379033668,0.500860842877086,0.5689625850335297,0.9552268981933228
test_175,5x5 only,0.6416118769880629,0.6401184934399998,0.6431122448974123,0.9677696228026974
test_175,OR (6x6 | 5x5),0.6078187693070313,0.5217947936349925,0.7278061224483606,0.9578666687011352
test_175,confidence blend,0.594344628913428,0.5361783613729064,0.6666666666660997,0.9591751098632446
test_176,6x6 only,0.5752772821102917,0.49619748913538375,0.684341962872984,0.9536933898925417
test_176,5x5 only,0.6465133260311623,0.5757950185337999,0.7370348788805985,0.963066101074182
test_176,OR (6x6 | 5x5),0.5746952144111802,0.45202996040243687,0.788728877049206,0.9465026855468388
test_176,confidence blend,0.5869664089400991,0.48132559006847386,0.752018646465702,0.9514999389648074
test_177,6x6 only,0.4933875890129967,0.40558005169499345,0.6297214353155928,0.9582061767577759
test_177,5x5 only,0.5023970257310917,0.4289891395150969,0.6061142587339399,0.9611968994140258
test_177,OR (6x6 | 5x5),0.4863301144927326,0.371352124945323,0.7044381491965245,0.9519081115722293
test_177,confidence blend,0.5011726501892021,0.4055474452551784,0.6558073654383193,0.957809448242151
test_178,6x6 only,0.2683623892536891,0.18757491010749586,0.47138554216630835,0.9804687499999626
test_178,5x5 only,0.24702380952357975,0.15159817351580868,0.66666666666332,0.969116210937463
test_178,OR (6x6 | 5x5),0.2378985626959872,0.1423769033022124,0.7228915662614313,0.9648056030273069
test_178,confidence blend,0.3010055865918424,0.19359011210090027,0.6762048192737139,0.9761352539062127
test_179,6x6 only,0.4966765140321906,0.4429198682761329,0.5652843933867115,0.9688034057616818
test_179,5x5 only,0.4623972518706524,0.4112832824089794,0.5280190529552704,0.9665679931640256
test_179,OR (6x6 | 5x5),0.46368013397505564,0.37009189640737666,0.620622022974754,0.9609069824218383
test_179,confidence blend,0.506480073014599,0.4476712918140823,0.583076492013753,0.9690589904784787
test_18,6x6 only,0.570490802228402,0.5371568204678207,0.6082356770823434,0.9785346984862907
test_18,5x5 only,0.5474485910125305,0.5144574864006378,0.5849609374990479,0.977333068847619
test_18,OR (6x6 | 5x5),0.5506619144599346,0.45213210702293877,0.704101562498854,0.9730682373046503
test_18,confidence blend,0.5688073394491271,0.5146245059281758,0.6357421874989653,0.9774093627929314
test_180,6x6 only,0.4268216732401631,0.2882377681196015,0.8220711715281005,0.9789352416991813
test_180,5x5 only,0.45000566187243796,0.3139020537119844,0.7944822071139765,0.9814720153808218
test_180,OR (6x6 | 5x5),0.3940990516329521,0.25250365702683414,0.8972411035549891,0.9736785888671503
test_180,confidence blend,0.4404845329858439,0.29380341880302646,0.8796481407401854,0.9786796569823845
test_181,6x6 only,0.557149103628965,0.5848173306401828,0.5319806279220675,0.9613647460937133
test_181,5x5 only,0.5301815462587636,0.5275733774282533,0.5328156312620801,0.9568595886230103
test_181,OR (6x6 | 5x5),0.5790458029261876,0.5162492643689817,0.6592351369399972,0.9562110900878541
test_181,confidence blend,0.5912892274569052,0.5863852849395743,0.5962758851030425,0.9623413085937133
test_182,6x6 only,0.4194891414420845,0.3285160380678031,0.5801431683766569,0.9803199768066032
test_182,5x5 only,0.5147058823522997,0.4292246934100411,0.6427015250524659,0.9851455688476186
test_182,OR (6x6 | 5x5),0.4453124999995757,0.3208842509950283,0.7273576097082871,0.977790832519494
test_182,confidence blend,0.4782608695647001,0.36648433615056114,0.6881419234338993,0.9815979003905875
test_183,6x6 only,0.6439612260935097,0.65827530798013,0.6302564102558715,0.9688949584960568
test_183,5x5 only,0.6288708499761075,0.632046965379753,0.6257264957259608,0.9670372009276974
test_183,OR (6x6 | 5x5),0.6531171500340058,0.5887196377105882,0.7333333333327064,0.9652328491210569
test_183,confidence blend,0.6721797602636794,0.65727354406546,0.6877777777771898,0.9700584411620723
test_184,6x6 only,0.6357595892477214,0.5670415516192557,0.7234298479244579,0.9631958007812133
test_184,5x5 only,0.6916409940436674,0.6626003462925684,0.7233439298902625,0.971363067626916
test_184,OR (6x6 | 5x5),0.6576185429555715,0.5461049284575595,0.8263596528904318,0.9617958068847289
test_184,confidence blend,0.6552720785011042,0.5603564018060782,0.7888993899812794,0.9631462097167601
test_185,6x6 only,0.5701250603829262,0.450657615612685,0.7757814782343327,0.9694480895995724
test_185,5x5 only,0.6282317157468351,0.5963254593168027,0.6637452527013384,0.9794845581054313
test_185,OR (6x6 | 5x5),0.5642609031259338,0.4212649474136138,0.8542214431772507,0.9655456542968381
test_185,confidence blend,0.6155943293344517,0.4911258047672776,0.8245690914390527,0.9731063842773066
test_186,6x6 only,0.5577043827699625,0.4131547120658543,0.8578327216518102,0.9731292724609003
test_186,5x5 only,0.47781497422791974,0.32957044421614895,0.8684566351151856,0.9625129699706664
test_186,OR (6x6 | 5x5),0.4423734369875697,0.2919757665675742,0.9123044234094798,0.9545783996581667
test_186,confidence blend,0.5105013550132619,0.36067012365348167,0.8732856866894471,0.9669265747069943
test_187,6x6 only,0.5488863722156345,0.4747201492532885,0.6505177042047162,0.9680900573730099
test_187,5x5 only,0.6373914078301575,0.5962373371918109,0.6846478333111534,0.976753234863244
test_187,OR (6x6 | 5x5),0.5821880153928064,0.45369510888935827,0.8122203758138665,0.9652099609374631
test_187,confidence blend,0.630650612589443,0.5372986592274477,0.7632621756349697,0.9733200073241816
test_188,6x6 only,0.4630484142675873,0.35212208978461385,0.6760051325905133,0.972034454345666
test_188,5x5 only,0.40449438202218607,0.30205804749308485,0.6120615911021984,0.9678535461425412
test_188,OR (6x6 | 5x5),0.4131946375922494,0.2792271257798066,0.7942686056441526,0.9597587585448852
test_188,confidence blend,0.4362246638910556,0.32033677458121645,0.683490162530617,0.9684867858886349
test_189,6x6 only,0.4081612824870497,0.29177663564363676,0.6790043639879118,0.9535255432128542
test_189,5x5 only,0.4462663623233585,0.31348167539246496,0.7742039760776237,0.9546546936034792
test_189,OR (6x6 | 5x5),0.3947741465842708,0.2587124635933219,0.8327137546454942,0.939739227294886
test_189,confidence blend,0.42098172183032245,0.2914800995023063,0.7575561661536164,0.9508171081542606
test_19,6x6 only,0.4528045958667307,0.4620206789868419,0.4439489947583165,0.9476776123046513
test_19,5x5 only,0.44265386593500655,0.4895250734662152,0.40397402800562937,0.9503936767577762
test_19,OR (6x6 | 5x5),0.5008435259382465,0.45471950985994336,0.5573808965027321,0.9458236694335577
test_19,confidence blend,0.4830955638067293,0.48273707233207097,0.4834545881244751,0.9495506286620731
test_190,6x6 only,0.5982843774366529,0.5724803502133394,0.6265243902432202,0.9705238342284785
test_190,5x5 only,0.6891675697988908,0.6550573923274255,0.7270252613232501,0.9770240783691033
test_190,OR (6x6 | 5x5),0.6324566461167195,0.5335628227190499,0.7763501742151825,0.9683876037597287
test_190,confidence blend,0.6769898113584802,0.6306145461373514,0.7307273519155806,0.9755706787109002
test_191,6x6 only,0.5426454075901448,0.44914498141230547,0.6853091321603115,0.9611549377441039
test_191,5x5 only,0.5188938884275397,0.42192384200026856,0.673737946681028,0.9579887390136352
test_191,OR (6x6 | 5x5),0.5015216068166077,0.37726778458171045,0.7478162223474216,0.9500122070312137
test_191,confidence blend,0.5206510251530244,0.414959568732874,0.6985819625630191,0.9567451477050416
test_192,6x6 only,0.5401438639827507,0.6191904047965697,0.4789948453602075,0.9758567810058221
test_192,5x5 only,0.6217072020476846,0.6514188902998004,0.5945876288652132,0.9785804748534782
test_192,OR (6x6 | 5x5),0.636006526862491,0.5988391942635725,0.6780927835042808,0.9770240783691033
test_192,confidence blend,0.6393300990226362,0.6600795937962672,0.6198453608239435,0.9792976379394157
test_193,6x6 only,0.6088645349236257,0.5251884647594529,0.7242574257413791,0.9784889221191032
test_193,5x5 only,0.5042817512962825,0.39735791674548815,0.6899339933982015,0.9686431884765255
test_193,OR (6x6 | 5x5),0.5007607954244709,0.36710516193525106,0.787458745873288,0.9637031555175413
test_193,confidence blend,0.5779659945638215,0.46839463169709206,0.7544554455433095,0.9745292663573847
test_194,6x6 only,0.5199412772202431,0.5450581395344176,0.49703726804888737,0.955093383789026
test_194,5x5 only,0.5388555067143046,0.5580987386178614,0.520895056915234,0.9563789367675416
test_194,OR (6x6 | 5x5),0.5784732770494971,0.5288380804750185,0.6383907687504768,0.9544792175292605
test_194,confidence blend,0.562834585018077,0.5561306035462698,0.5697021674718776,0.9566993713378541
test_195,6x6 only,0.7428916261400934,0.6256128183662408,0.9142857142849153,0.972370147705041
test_195,5x5 only,0.7087528214679844,0.6006923357217292,0.8642201834854834,0.9689903259276974
test_195,OR (6x6 | 5x5),0.6861908942679399,0.535139629285208,0.9560506771507592,0.9618225097655883
test_195,confidence blend,0.743921185019304,0.619768321787869,0.9302752293569853,0.9720382690429317
test_196,6x6 only,0.8036272040300243,0.7160748754317385,0.9155713711755061,0.9702606201171504
test_196,5x5 only,0.7840179550078856,0.7188801148596703,0.86213625667172,0.9684295654296505
test_196,OR (6x6 | 5x5),0.7673593988491799,0.6493521977582667,0.937783389771602,0.9622077941894164
test_196,confidence blend,0.7997030070533846,0.7029849447390554,0.92728003214089,0.9691276550292599
test_197,6x6 only,0.655720764681867,0.5919975121793386,0.7348172928451688,0.9771232604980096
test_197,5x5 only,0.6393407986474544,0.5422939068095499,0.7786927431796465,0.9739532470702753
test_197,OR (6x6 | 5x5),0.5982786041722339,0.4700132294572468,0.8228255275336814,0.9672393798827755
test_197,confidence blend,0.670816950633098,0.5827324478172838,0.790272774059714,0.9770050048827752
test_198,6x6 only,0.6456171340248147,0.5632826045072593,0.7561417119204085,0.9755096435546502
test_198,5x5 only,0.6016826923073307,0.5620929710301346,0.6472717869140843,0.9747161865234003
test_198,OR (6x6 | 5x5),0.6143262616055157,0.4891595801727655,0.8255753814315676,0.9694175720214474
test_198,confidence blend,0.6509175052463806,0.5574707346294059,0.782001551589369,0.9752540588378534
test_199,6x6 only,0.6238259236065186,0.6828892125776,0.5741661263593587,0.9633331298827758
test_199,5x5 only,0.6639246947079953,0.806863856538383,0.5640083567462257,0.9697647094726192
test_199,OR (6x6 | 5x5),0.6642631152966433,0.6787459589499445,0.6503854189174768,0.9651870727538694
test_199,confidence blend,0.641129187338702,0.6877062706264953,0.600461061882717,0.9644050598144163
test_2,6x6 only,0.3650465356771639,0.27176841943161767,0.5558179814193737,0.9531555175780886
test_2,5x5 only,0.41176470588207953,0.35598668350320745,0.4882695638474441,0.9662017822265256
test_2,OR (6x6 | 5x5),0.39647421771688124,0.27529224554729465,0.7082349236329583,0.9477615356444951
test_2,confidence blend,0.39965892561548894,0.29324304431010356,0.6273027869616953,0.954341888427698
test_20,6x6 only,0.6708913455753407,0.5745978924010977,0.8059568793056168,0.9728584289550409
test_20,5x5 only,0.6171543342307859,0.5236656596169156,0.7512780617906742,0.9680061340331662
test_20,OR (6x6 | 5x5),0.6170337623721227,0.47612147557780826,0.8764169815504818,0.9626579284667601
test_20,confidence blend,0.6723576520282177,0.5565268065264011,0.8490775727930105,0.9715957641601192
test_200,6x6 only,0.5559387871276978,0.5278184014748345,0.5872241086583282,0.9494132995605106
test_200,5x5 only,0.5451621759420539,0.6117419241258588,0.49165251839240826,0.9557609558105103
test_200,OR (6x6 | 5x5),0.608716095095181,0.5206353993864572,0.7326683644590176,0.9492073059081668
test_200,confidence blend,0.6112200366831284,0.5526707079946513,0.6836445953588824,0.9531021118163698
test_201,6x6 only,0.3646076794655328,0.6089672094565939,0.26019824628263416,0.9637031555175413
test_201,5x5 only,0.4004449388206894,0.48076923076858874,0.34311856652655054,0.9588775634765259
test_201,OR (6x6 | 5x5),0.4576288554152794,0.49479282073953595,0.4256576439187708,0.9596176147460571
test_201,confidence blend,0.4367107369416987,0.5777254901951722,0.35102935569924604,0.96375656127926
test_202,6x6 only,0.7005430223828084,0.7872593768597069,0.6310347570185071,0.9741249084472284
test_202,5x5 only,0.7218508997426213,0.7823906380600144,0.6700071581956016,0.9752349853515253
test_202,OR (6x6 | 5x5),0.7439850502216211,0.7286662091049121,0.7599618229533445,0.9749145507812128
test_202,confidence blend,0.7522486381484091,0.8018545192646723,0.708422810784452,0.9776191711425408
test_203,6x6 only,0.7640727339345192,0.6711457998063476,0.8868686868677438,0.9803504943847282
test_203,5x5 only,0.8037971418248961,0.7807175786722983,0.8282828282819475,0.9854927062987905
test_203,OR (6x6 | 5x5),0.7623118865863632,0.6463017751474509,0.9290802764477095,0.979213714599572
test_203,confidence blend,0.7895930743943383,0.6992456543123161,0.9067517278033952,0.9826622009276968
test_204,6x6 only,0.7202275848536001,0.6392871654956526,0.8246349681760953,0.9673614501952755
test_204,5x5 only,0.6886535939347146,0.6011392829215899,0.8059902658174422,0.9628715515136351
test_204,OR (6x6 | 5x5),0.6790332897625834,0.5401291921066542,0.9141145638330856,0.9559745788573853
test_204,confidence blend,0.7350083544771536,0.6263249485837545,0.8893298390109402,0.9673309326171505
test_205,6x6 only,0.5045952795332953,0.4190162271803149,0.6341032921490031,0.9381065368651985
test_205,5x5 only,0.6360940624782304,0.5775468035811298,0.7078505103209977,0.9597396850585571
test_205,OR (6x6 | 5x5),0.539143240329098,0.4101056168985397,0.7866625738617246,0.9331474304198862
test_205,confidence blend,0.5772659288062887,0.47301338300873913,0.7404650448923793,0.9460906982421514
test_206,6x6 only,0.5818978392907588,0.5225321888407345,0.6564816895072382,0.9679641723632443
test_206,5x5 only,0.5971162001693188,0.5653483236292257,0.6326668164450318,0.9710083007812129
test_206,OR (6x6 | 5x5),0.5597151123968129,0.46354051463506335,0.706245787462698,0.9622688293456664
test_206,confidence blend,0.6107693089944523,0.557919182535478,0.6746798472245846,0.9707984924316035
test_207,6x6 only,0.6869019138752557,0.6595520673806857,0.7166181364385226,0.9760360717773064
test_207,5x5 only,0.5615824009816544,0.5142214921755733,0.6185524126449474,0.9645729064941038
test_207,OR (6x6 | 5x5),0.6249744365820177,0.5150677543312108,0.7945091514134832,0.9650230407714475
test_207,confidence blend,0.6659047619044448,0.6141953619109151,0.7271214642255333,0.9732360839843378
test_208,6x6 only,0.5867219147157962,0.62973780285388,0.5492069005438525,0.9490165710448857
test_208,5x5 only,0.6027485568609597,0.6102771019992819,0.5954034965841175,0.9482841491698857
test_208,OR (6x6 | 5x5),0.6358787494717375,0.584571317603367,0.697059164061192,0.9473953247069951
test_208,confidence blend,0.6319438324371693,0.6414981809502943,0.622669908532695,0.952205657958948
test_209,6x6 only,0.790675381263272,0.7936494051777522,0.787723563117913,0.9816741943359
test_209,5x5 only,0.8298481179833458,0.841743324103919,0.818284424378522,0.9852561950683217
test_209,OR (6x6 | 5x5),0.8012491992309412,0.7434982909787906,0.8687272095842431,0.9810638427734001
test_209,confidence blend,0.8053708014629176,0.7726112617636205,0.8410314290668162,0.9821395874023062
test_21,6x6 only,0.5880448856276499,0.5631328786933631,0.6152630390600414,0.9708709716796504
test_21,5x5 only,0.5282536677706917,0.45477509778320174,0.6300519304576314,0.9619750976562133
test_21,OR (6x6 | 5x5),0.5391145898038932,0.42573091765293625,0.7348159855489559,0.9575462341308228
test_21,confidence blend,0.5897071088649415,0.5214750542294824,0.6784827274772199,0.9680976867675412
test_210,6x6 only,0.3827743202036745,0.3975360055523186,0.36906967378141836,0.9436302185058233
test_210,5x5 only,0.3624620914296515,0.5985902429964782,0.2599275070477165,0.9566955566405885
test_210,OR (6x6 | 5x5),0.43749274071762845,0.42120172953599133,0.45509464357595236,0.9445762634276983
test_210,confidence blend,0.37318425917758025,0.4114335630394919,0.34144180426875437,0.9456787109374639
test_211,6x6 only,0.24644783697061437,0.16554566123523798,0.4820024824155537,0.9184684753417618
test_211,5x5 only,0.19329571296210168,0.1391330706273785,0.3165080678522735,0.9269256591796521
test_211,OR (6x6 | 5x5),0.2480314960629146,0.1603442007028803,0.5473727761680495,0.9081954956054341
test_211,confidence blend,0.23095484315745227,0.15395928121689692,0.46200524065582405,0.9148941040038713
test_212,6x6 only,0.3918073796120535,0.31580273880507786,0.5159917638977132,0.9554824829101197
test_212,5x5 only,0.42945353504145856,0.34348506049852373,0.5728208647898795,0.9577026367187135
test_212,OR (6x6 | 5x5),0.43219281256706166,0.31479623824431674,0.6892244337670704,0.9496726989745731
test_212,confidence blend,0.43801494539162766,0.3363990876312733,0.627590940287402,0.955245971679651
test_213,6x6 only,0.3519400953027275,0.30591715976301187,0.41426282051226726,0.9564208984374635
test_213,5x5 only,0.46411098036758275,0.43272895253443494,0.5004006410249727,0.9669914245605099
test_213,OR (6x6 | 5x5),0.38699518340108047,0.29622802041952906,0.5579594017086565,0.9495086669921512
test_213,confidence blend,0.3950468467479069,0.3349437889061275,0.4814369658113229,0.9578819274901977
test_214,6x6 only,0.342870805770167,0.3569532027876228,0.3298573838365819,0.937095642089808
test_214,5x5 only,0.4519549941800871,0.5161989167892503,0.4019322189845101,0.9515037536620731
test_214,OR (6x6 | 5x5),0.43635144198509845,0.3877696984143594,0.49884986965151135,0.9358825683593393
test_214,confidence blend,0.40572682138305594,0.40731009968286275,0.4041558043241802,0.9410972595214484
test_215,6x6 only,0.5889266934730986,0.5014485119824843,0.7133757961770075,0.9797210693359001
test_215,5x5 only,0.37745898118685894,0.34856417578875365,0.41157736980065274,0.9723548889159785
test_215,OR (6x6 | 5x5),0.5074753859240868,0.3755847427128683,0.7821281378778904,0.969085693359338
test_215,confidence blend,0.5878208354298743,0.47695718119183644,0.7658298988370816,0.9781303405761346
test_216,6x6 only,0.5699914748505669,0.5340255591050047,0.611151736745328,0.9615173339843383
test_216,5x5 only,0.6131669327138716,0.6511866844748266,0.5793418647161066,0.9694938659667598
test_216,OR (6x6 | 5x5),0.5875295264517313,0.49806115313680116,0.7161791590487054,0.9580345153808227
test_216,confidence blend,0.6023391812862868,0.5763320527805442,0.6308043875679791,0.9652404785155881
test_217,6x6 only,0.7247863247860666,0.6966046002185812,0.7553444180516958,0.9705200195312129
test_217,5x5 only,0.7376380806353494,0.6951724137926468,0.785629453681127,0.9712791442870723
test_217,OR (6x6 | 5x5),0.7154251025216457,0.6331371092183613,0.8222980997618599,0.96638107299801
test_217,confidence blend,0.7446111398514418,0.6954196997998483,0.8012915676953671,0.9717521667480098
test_218,6x6 only,0.503738604936749,0.5334056399126536,0.4771977488836821,0.963035583496057
test_218,5x5 only,0.5232883203029977,0.5113436429294274,0.5358043857941628,0.9616203308105101
test_218,OR (6x6 | 5x5),0.5439604209464828,0.4789221114798974,0.629439161652795,0.9585075378417602
test_218,confidence blend,0.5496384600349083,0.5535327691393883,0.5457985639428043,0.9648361206054319
test_219,6x6 only,0.519743406984785,0.4257356375522141,0.6670325649461312,0.9614448547362914
test_219,5x5 only,0.40794862719299796,0.3484194161337464,0.49201122087999505,0.9553337097167603
test_219,OR (6x6 | 5x5),0.49530545055460906,0.37143379663474063,0.7431394072438795,0.952632904052698
test_219,confidence blend,0.5307374192646575,0.4286893859777596,0.6965483595551938,0.9614753723144164
test_22,6x6 only,0.7365925363930311,0.7275878220133699,0.7458229306695353,0.9788093566894157
test_22,5x5 only,0.6923497497578784,0.6159545012342917,0.7903783368534757,0.972095489501916
test_22,OR (6x6 | 5x5),0.6947352097384296,0.5825747724313507,0.8603802573450543,0.9699630737304317
test_22,confidence blend,0.7554828440039107,0.7001311260443368,0.8203380065288838,0.9789047241210563
test_220,6x6 only,0.5447017543857737,0.43550468495739464,0.7269832349904214,0.9505004882812137
test_220,5x5 only,0.4182127081208229,0.32816082760074217,0.5763791327146423,0.934684753417933
test_220,OR (6x6 | 5x5),0.47038446249063826,0.33751680860586875,0.7757797134019145,0.928848266601527
test_220,confidence blend,0.5215535362026577,0.39830089894280435,0.7552683338009223,0.943561553955042
test_221,6x6 only,0.7426684354622647,0.7333333333329245,0.7522442678250602,0.96522140502926
test_221,5x5 only,0.8024777525734885,0.8165354796704642,0.7888958774082058,0.9740905761718378
test_221,OR (6x6 | 5x5),0.7751528339030217,0.7085957849866404,0.8555091771966061,0.966888427734338
test_221,confidence blend,0.8149116706076465,0.7935630689202462,0.8374406769964906,0.9746208190917597
test_222,6x6 only,0.5114604462472051,0.4852304435673191,0.5406883242194267,0.963249206542932
test_222,5x5 only,0.5661163322323769,0.5379416875839563,0.5974053822230112,0.9674186706542599
test_222,OR (6x6 | 5x5),0.5287635574835016,0.44407199591893604,0.6533719309524462,0.9585647583007446
test_222,confidence blend,0.558561193156622,0.5120643431630812,0.6143454486966716,0.9654502868651975
test_223,6x6 only,0.6020980727004488,0.52725386070895,0.701705930137529,0.9564476013183228
test_223,5x5 only,0.6410247411824387,0.5642879209140783,0.7419171405355467,0.9609794616698851
test_223,OR (6x6 | 5x5),0.6106384967746064,0.49532379556114686,0.7959382615753079,0.9523353576659792
test_223,confidence blend,0.6171872384584991,0.5249131598425346,0.7488220958564185,0.9563789367675416
test_224,6x6 only,0.580925003849756,0.5832002061321395,0.5786674847877595,0.9377136230468391
test_224,5x5 only,0.6051834217074438,0.6425575917730553,0.5719179833304843,0.9443283081054327
test_224,OR (6x6 | 5x5),0.6474170372903074,0.5843626482211033,0.7257248044174844,0.9410285949706672
test_224,confidence blend,0.6401964598325618,0.6103101386117424,0.6731605051896133,0.9435501098632452
test_225,6x6 only,0.5403286435396089,0.6734939759027129,0.45112984218037017,0.967346191406213
test_225,5x5 only,0.4907603756434965,0.5615900161768412,0.43579626972701235,0.9615249633788695
test_225,OR (6x6 | 5x5),0.5344781325460448,0.5330954504901577,0.5358680057384003,0.9602890014648071
test_225,confidence blend,0.5396633403888017,0.6161104718059653,0.48009325681449055,0.9651565551757444
test_226,6x6 only,0.46976231070079744,0.5129215943927804,0.4333024976869257,0.9596633911132446
test_226,5x5 only,0.534726658756715,0.5276476945240205,0.5419981498607381,0.9611053466796508
test_226,OR (6x6 | 5x5),0.5130414349492782,0.4448519424066525,0.6059204440327419,0.9525680541991823
test_226,confidence blend,0.5261362588731787,0.5243476662986729,0.5279370952816578,0.9607849121093383
test_227,6x6 only,0.6835967188194346,0.7937918441869788,0.600266948957242,0.953945159912073
test_227,5x5 only,0.6855935224319689,0.7672536615941373,0.6196437612184749,0.9528961181640261
test_227,OR (6x6 | 5x5),0.74348801886134,0.7325768406001015,0.7547291388591362,0.9568367004394166
test_227,confidence blend,0.7231758595100858,0.7816393092013144,0.6728494499927864,0.9573059082030885
test_228,6x6 only,0.7403546685306424,0.7360040439773335,0.7447570332471295,0.9844169616698842
test_228,5x5 only,0.719918504314046,0.6773793414516492,0.7681585677739537,0.9821701049804312
test_228,OR (6x6 | 5x5),0.7143783783779922,0.6187265917597202,0.8450127877227046,0.9798431396484001
test_228,confidence blend,0.7734927996089983,0.7397292250224793,0.8104859335027998,0.9858398437499624
test_229,6x6 only,0.6301735647527636,0.7638953111987756,0.5362939877934448,0.9630165100097289
test_229,5x5 only,0.6008856088558668,0.6960164130614669,0.5286326451106813,0.9587402343749634
test_229,OR (6x6 | 5x5),0.6473719676547683,0.6728533408035628,0.6237501623161773,0.9600753784179321
test_229,confidence blend,0.6589956620834281,0.759576271185797,0.5819374107255019,0.9646148681640256
test_23,6x6 only,0.4284550953929569,0.32315521628470373,0.6355478861076177,0.962516784667932
test_23,5x5 only,0.4199755310864086,0.309838352342406,0.6515962036226892,0.9602127075194946
test_23,OR (6x6 | 5x5),0.3878476157264459,0.25946229661150083,0.7677308024145509,0.9464263916015263
test_23,confidence blend,0.43620744511589976,0.3148587613868829,0.7097497842955829,0.9594421386718384
test_230,6x6 only,0.2902467938354801,0.18571231554263257,0.6640039447725207,0.874385833740201
test_230,5x5 only,0.5940862730417357,0.565159337724261,0.6261341222873509,0.9669036865234005
test_230,OR (6x6 | 5x5),0.3080762987012362,0.19394481348998624,0.7486193293878218,0.8699264526366856
test_230,confidence blend,0.3038709402073527,0.19388922171989711,0.7021696252458558,0.8755569458007478
test_231,6x6 only,0.6490680679856108,0.6399773316056995,0.6584207896046489,0.9673919677734005
test_231,5x5 only,0.5681818181815589,0.6284070260441869,0.5184907546222568,0.9639053344726194
test_231,OR (6x6 | 5x5),0.6551583927842919,0.5889546088917466,0.7381309345321188,0.9644126892089475
test_231,confidence blend,0.6603561687788142,0.6368559492490817,0.6856571714137217,0.9676971435546505
test_232,6x6 only,0.45422161114901927,0.32940536620709804,0.7313342724879627,0.9666862487792599
test_232,5x5 only,0.4578747505950583,0.3365821347460857,0.7158381968188452,0.9678688049316037
test_232,OR (6x6 | 5x5),0.43647758657295704,0.29648603795346234,0.8269269470701813,0.9595260620116821
test_232,confidence blend,0.4733785683718605,0.3399473222121686,0.7792312336470533,0.9671363830566037
test_233,6x6 only,0.5344697720513243,0.44113605130525413,0.6778962188247406,0.9552040100097291
test_233,5x5 only,0.5382128540020956,0.47099207846060276,0.6278157683018626,0.9591331481933227
test_233,OR (6x6 | 5x5),0.5255853077244758,0.403378523778565,0.7540225261456617,0.9483642578124638
test_233,confidence blend,0.5354928413060255,0.4274914501707401,0.7165124698303333,0.952846527099573
test_234,6x6 only,0.5929289428074201,0.5799823692950566,0.6064667092103762,0.9552001953124635
test_234,5x5 only,0.6653052450556516,0.6723875733212598,0.6583705594549681,0.9643630981444944
test_234,OR (6x6 | 5x5),0.6352668071716805,0.5580060098730639,0.7373608452097161,0.9544486999511355
test_234,confidence blend,0.6435702875397219,0.6063969896515482,0.6855988087636066,0.9591445922851196
test_235,6x6 only,0.4574553214188417,0.5029817186425819,0.41948634325281736,0.9534454345702761
test_235,5x5 only,0.5555762081781804,0.6459211237162118,0.48740317977946396,0.9635162353515258
test_235,OR (6x6 | 5x5),0.5515543244072978,0.5221825599180285,0.5844272319603877,0.9555358886718385
test_235,confidence blend,0.5307747701950563,0.5523717157462948,0.510803098246628,0.9577445983886353
test_236,6x6 only,0.470983666823974,0.337981457752063,0.7765846899882637,0.9615745544433226
test_236,5x5 only,0.5068649264663229,0.36908243104372945,0.8087980602687759,0.9653358459472288
test_236,OR (6x6 | 5x5),0.46374383319349166,0.31708248472484907,0.8628333910618933,0.9560470581054322
test_236,confidence blend,0.49616078330301666,0.35316557846060215,0.8337374437117532,0.9627037048339476
test_237,6x6 only,0.6350561569341693,0.591442635364832,0.6856139580811087,0.9726066589355097
test_237,5x5 only,0.5756944107806604,0.5156304272312299,0.6515966202121676,0.9666099548339474
test_237,OR (6x6 | 5x5),0.6062761506273614,0.48995739500879826,0.7950181060015417,0.9641036987304319
test_237,confidence blend,0.6527432613263942,0.5781898230458232,0.7493690332483821,0.9722824096679317
test_238,6x6 only,0.4955550118257111,0.4770728643208589,0.5155268963167903,0.9764060974120721
test_238,5x5 only,0.3621514237360296,0.3196934268637053,0.41761411844490476,0.9669303894042599
test_238,OR (6x6 | 5x5),0.4314301450336996,0.33738514548206605,0.5981673171549327,0.9645576477050413
test_238,confidence blend,0.4483370288245023,0.3971454759717204,0.5146784320371378,0.9715270996093379
test_239,6x6 only,0.6542793509381774,0.5740285841887293,0.7606154756609549,0.979274749755822
test_239,5x5 only,0.5820141461768373,0.4689280868381104,0.7669773635141782,0.9715957641601192
test_239,OR (6x6 | 5x5),0.5545063528943716,0.4163944163941072,0.8297085367645662,0.9656257629394163
test_239,confidence blend,0.6271894211804737,0.5157874654197121,0.7999704098227549,0.9754791259765252
test_24,6x6 only,0.5452116439315531,0.5255523925707937,0.5663988312628687,0.9753265380859002
test_24,5x5 only,0.5359542799720304,0.4700374531830028,0.6233747260765181,0.9718132019042598
test_24,OR (6x6 | 5x5),0.5278702609813511,0.417338880869137,0.7180423666899663,0.9664611816405881
test_24,confidence blend,0.6002380322661992,0.548254620122541,0.663111760408089,0.976936340331994
test_240,6x6 only,0.6064245489022508,0.5804091959077217,0.634881482372377,0.9477462768554326
test_240,5x5 only,0.4516974320152415,0.4376551568492227,0.4666706774151927,0.9281616210937146
test_240,OR (6x6 | 5x5),0.5761682132091568,0.47575935724065227,0.7302971964861447,0.9318733215331675
test_240,confidence blend,0.5790501672239253,0.5214185900831102,0.6510046925757123,0.939983367919886
test_241,6x6 only,0.562952942312995,0.4450725744839992,0.765772870661454,0.9654922485351194
test_241,5x5 only,0.6856869111616087,0.5761696037207477,0.8466088328064582,0.9774742126464471
test_241,OR (6x6 | 5x5),0.5602655771192713,0.4142749244710383,0.865141955834825,0.9605865478515259
test_241,confidence blend,0.5893324757657972,0.45299809308534994,0.8430599369074092,0.9659004211425413
test_242,6x6 only,0.5903227056132219,0.4684579439249456,0.7978845952447399,0.959659576415979
test_242,5x5 only,0.5825825825823493,0.4716063788406122,0.7618598806149733,0.9602317810058227
test_242,OR (6x6 | 5x5),0.5696581637920171,0.42430769230747467,0.8664781652519986,0.9523124694823855
test_242,confidence blend,0.6006818094761556,0.47354752989462884,0.8211331029418565,0.9602317810058227
test_243,6x6 only,0.4887942507317068,0.5287343084181403,0.45446446248222677,0.9633674621581664
test_243,5x5 only,0.5103151090759438,0.559730591987995,0.4689170461290151,0.9653205871581663
test_243,OR (6x6 | 5x5),0.5515891084598162,0.5107082630687093,0.5995842407438134,0.9624328613280883
test_243,confidence blend,0.5613840411577921,0.5722953517065278,0.5508810136601159,0.966827392578088
test_244,6x6 only,0.38848449078602626,0.3199395117732556,0.4944082790844694,0.96442794799801
test_244,5x5 only,0.43144266337827897,0.34206667318375,0.584042730761836,0.9648208618163694
test_244,OR (6x6 | 5x5),0.40340014691971693,0.2941761689750561,0.6416291103310939,0.9566268920898072
test_244,confidence blend,0.39842161903599277,0.31038658593357205,0.5561675847094706,0.9616165161132445
test_245,6x6 only,0.3659806910566781,0.3432622423444021,0.391919466738686,0.9619216918944945
test_245,5x5 only,0.3489100476068974,0.3233484267963272,0.3788600190445125,0.9603500366210571
test_245,OR (6x6 | 5x5),0.3458790379388417,0.2744550027946383,0.46755543463410754,0.9504089355468387
test_245,confidence blend,0.3749222540114598,0.3453649593212497,0.4100122432316555,0.961662292480432
test_246,6x6 only,0.6584575502265025,0.6044851258575702,0.723012918764262,0.9738655090331659
test_246,5x5 only,0.6332810662482197,0.5731772219260483,0.7074666082759935,0.9714508056640254
test_246,OR (6x6 | 5x5),0.616791354945712,0.49711912099658506,0.8123494635419176,0.9648284912109006
test_246,confidence blend,0.6537102473495193,0.5681267173100306,0.7696518502290676,0.9715881347655879
test_247,6x6 only,0.5894210816073394,0.5019836976119872,0.7137435897428577,0.9630165100097289
test_247,5x5 only,0.5969586865829646,0.5304950968663553,0.6824615384608385,0.9657249450683225
test_247,OR (6x6 | 5x5),0.5747885133338739,0.45608331828279086,0.7770256410248441,0.9572410583495728
test_247,confidence blend,0.5943765281171172,0.49310344827552866,0.7479999999992327,0.962028503417932
test_248,6x6 only,0.7568123393312304,0.6321394829505864,0.9427436915576499,0.9819564819335562
test_248,5x5 only,0.6697459584292389,0.5363335131382165,0.8915076213642994,0.9738159179687128
test_248,OR (6x6 | 5x5),0.6333588240289603,0.4738414595381896,0.9547841680530873,0.9670791625976193
test_248,confidence blend,0.718912043830976,0.5815591610600858,0.9412066094518494,0.9780807495116814
test_249,6x6 only,0.7079457249506974,0.752392947102327,0.6684569766133283,0.9811973571776968
test_249,5x5 only,0.6476201627535579,0.6791502946946474,0.6188877699444792,0.9770393371581658
test_249,OR (6x6 | 5x5),0.7060696313029136,0.6524627503078176,0.7692738055267211,0.9781646728515252
test_249,confidence blend,0.7443093413238377,0.7673479087443353,0.7226138525224095,0.9830741882323843
test_25,6x6 only,0.5166799046860024,0.4146613545813429,0.6852778509340463,0.9628601074218383
test_25,5x5 only,0.49569437920750703,0.410564537044687,0.6253621279949627,0.9631385803222289
test_25,OR (6x6 | 5x5),0.502844141069177,0.3765399737874334,0.7566499868307128,0.9566574096679322
test_25,confidence blend,0.5278685373820258,0.4155696777118962,0.7233342112184312,0.962516784667932
test_250,6x6 only,0.6194655744096843,0.5949793930305405,0.6460537021962509,0.9702301025390254
test_250,5x5 only,0.614122582148397,0.5668071926348044,0.670056956874827,0.9684181213378537
test_250,OR (6x6 | 5x5),0.6065219199731277,0.5130893736801456,0.7415581773792295,0.9639129638671506
test_250,confidence blend,0.6286206427629624,0.5670128383346413,0.7052481692425698,0.9687461853026974
test_251,6x6 only,0.6514084507038006,0.6920199501237295,0.615299334810772,0.9796066284179313
test_251,5x5 only,0.6201958041954572,0.5681049502915156,0.6828036462174393,0.9741020202636347
test_251,OR (6x6 | 5x5),0.6284815585203041,0.5342879323725228,0.7629958117753597,0.972064971923791
test_251,confidence blend,0.6801548205485103,0.649093351241718,0.7143385070205539,0.9791946411132438
test_252,6x6 only,0.2916517377282386,0.2547730829418312,0.3410138248843164,0.9547500610351198
test_252,5x5 only,0.3791570536264818,0.3175306314794368,0.47046501885145864,0.9579124450683227
test_252,OR (6x6 | 5x5),0.34248028409337156,0.25568103566984185,0.5185030023732461,0.9456138610839483
test_252,confidence blend,0.3380266013688363,0.2809955588450398,0.4241027789408964,0.9546241760253542
test_253,6x6 only,0.43563847997223926,0.3838033479107468,0.5036611913704657,0.9748458862304316
test_253,5x5 only,0.44454586946565905,0.36105276164542066,0.578270334453635,0.9721450805663692
test_253,OR (6x6 | 5x5),0.4443449907292089,0.3282017378160859,0.6877102711247027,0.9668464660644162
test_253,confidence blend,0.4730882581041778,0.3889809973212741,0.6036018206993794,0.9740829467773066
test_254,6x6 only,0.5682041216877654,0.477769148626115,0.7008686983760318,0.942932128906214
test_254,5x5 only,0.642917786896617,0.638849831270642,0.6470378809451388,0.9614944458007445
test_254,OR (6x6 | 5x5),0.5974226119302253,0.4765376626677646,0.8004841925371685,0.9422035217284797
test_254,confidence blend,0.6021981672709499,0.4926393984687717,0.7744232412412599,0.9451866149901983
test_255,6x6 only,0.6759214935373467,0.6334273263261769,0.7245271954253595,0.9638442993163694
test_255,5x5 only,0.6651196795827378,0.5871920076328297,0.7668963495083074,0.959812164306604
test_255,OR (6x6 | 5x5),0.6603442825529039,0.5430867407229766,0.842178566192023,0.9549140930175417
test_255,confidence blend,0.7092066349489812,0.6315699072480067,0.8086057762785451,0.9654922485351194
test_256,6x6 only,0.6178904853336304,0.49839777825197773,0.8127503919163687,0.9779853820800408
test_256,5x5 only,0.615170880799795,0.5116117850947295,0.771294199615448,0.9788665771484001
test_256,OR (6x6 | 5x5),0.5655611809542263,0.4199189052201217,0.8658770249070443,0.9708671569823848
test_256,confidence blend,0.6087775475603636,0.47594737875468685,0.8444521860288374,0.9762306213378533
test_257,6x6 only,0.6445045331631585,0.574263038547939,0.7343240304444829,0.9829483032226187
test_257,5x5 only,0.7323326572002171,0.662993976787626,0.8178687930394747,0.9874153137206654
test_257,OR (6x6 | 5x5),0.6509460604344458,0.5331945408275118,0.8354476259499176,0.9811401367187125
test_257,confidence blend,0.7244512342198887,0.6511056511047101,0.816418992387067,0.9869270324706654
test_258,6x6 only,0.3990197680116324,0.7100825677396091,0.27746978096870056,0.9298362731933238
test_258,5x5 only,0.5085181220368532,0.7777154083630108,0.37776061074235306,0.938701629638636
test_258,OR (6x6 | 5x5),0.5789573768708868,0.7197568389052889,0.48423157320708704,0.9408760070800422
test_258,confidence blend,0.468218089140912,0.7044645302650374,0.3506316459145912,0.933139801025355
test_259,6x6 only,0.6185769537721048,0.5226683265893529,0.7575939849612668,0.9762992858886346
test_259,5x5 only,0.5515518294372597,0.4371974298033296,0.7469172932319595,0.9691886901855099
test_259,OR (6x6 | 5x5),0.5245374094929135,0.38270837649307177,0.8333834586453633,0.9616737365722289
test_259,confidence blend,0.6180785064065529,0.5029725393974681,0.801503759397291,0.9748725891112909
test_26,6x6 only,0.49106284835624536,0.38583509513683806,0.6752114164887019,0.9797973632812126
test_26,5x5 only,0.4154015401537107,0.2874835042124784,0.7484143763193752,0.969593048095666
test_26,OR (6x6 | 5x5),0.4007132849316006,0.26397046484287295,0.8313953488350122,0.9641036987304319
test_26,confidence blend,0.4839940288601061,0.35267101764521064,0.7711416490465879,0.976264953613244
test_260,6x6 only,0.5799425799422928,0.49876543209834073,0.6926806196042418,0.9676284790038693
test_260,5x5 only,0.6565676699219372,0.5673929894061085,0.7789996452633569,0.9737091064452753
test_260,OR (6x6 | 5x5),0.5845321423967945,0.45893459204284626,0.8047771077204625,0.9630928039550414
test_260,confidence blend,0.6192629654572216,0.5220212507092854,0.7610263686877603,0.9698104858398067
test_261,6x6 only,0.6424792139073806,0.5046007717418575,0.8840353614129242,0.9783477783202751
test_261,5x5 only,0.6240792647150615,0.5001044713743208,0.8297798578595428,0.9780006408691033
test_261,OR (6x6 | 5x5),0.5894175781463609,0.4335892827965744,0.920090136937216,0.971790313720666
test_261,confidence blend,0.630118730312194,0.4843095260261809,0.901542728374239,0.9767074584960564
test_262,6x6 only,0.5761370271844701,0.48208469055322245,0.715782685796041,0.9750785827636347
test_262,5x5 only,0.5216796267492867,0.4247366288488404,0.6759632435907207,0.9706687927245723
test_262,OR (6x6 | 5x5),0.5107104984090611,0.3805009085878324,0.7763985168454355,0.9647979736327756
test_262,confidence blend,0.5378512199483757,0.4268939393935351,0.7267451233262506,0.970447540283166
test_263,6x6 only,0.6514280047596929,0.5290327776431271,0.847503547928206,0.9731826782226191
test_263,5x5 only,0.6663646431084937,0.5463475030948853,0.8539543284726436,0.9747161865234003
test_263,OR (6x6 | 5x5),0.6182690211464494,0.4669388830344659,0.9147206812012454,0.9666023254394162
test_263,confidence blend,0.6728295426751416,0.541830786197777,0.8873693716928301,0.9744834899901972
test_264,6x6 only,0.7015325349632772,0.6024018409315386,0.8397153167593827,0.9728088378905878
test_264,5x5 only,0.7006188757088273,0.6132260006014044,0.8170609462702314,0.9734268188476191
test_264,OR (6x6 | 5x5),0.6628924727175451,0.5274106560774448,0.8920408981546791,0.9654731750487913
test_264,confidence blend,0.7085249671481979,0.6000973845293543,0.8647754611057891,0.9729232788085566
test_265,6x6 only,0.5600717686836242,0.5019171304879383,0.6334686231647932,0.9756813049316033
test_265,5x5 only,0.5715525793647249,0.47407940752882727,0.7194817358714963,0.9736404418944941
test_265,OR (6x6 | 5x5),0.5715534192699522,0.439589984876122,0.8167343115816161,0.9700775146484004
test_265,confidence blend,0.6113859835907738,0.5105114527763722,0.7619419294399595,0.9763298034667596
test_266,6x6 only,0.5479615512094478,0.5255595116982127,0.5723583991129035,0.9739875793456659
test_266,5x5 only,0.5502125398508566,0.5286534779827331,0.5736047638823243,0.9741668701171503
test_266,OR (6x6 | 5x5),0.538800406641512,0.4549356223171626,0.6605733277930196,0.9688491821288693
test_266,confidence blend,0.568201221514042,0.5403447414432422,0.5990859991682606,0.9749183654784784
test_267,6x6 only,0.4643263757111344,0.34147362545305404,0.7252519264945902,0.9784622192382438
test_267,5x5 only,0.42530949105875715,0.30792723409864836,0.6873147599268308,0.9760932922362908
test_267,OR (6x6 | 5x5),0.42347663551370207,0.2831716828314337,0.8393598103116795,0.9705848693847285
test_267,confidence blend,0.4932142857138453,0.3529261436233671,0.818612922344936,0.9783477783202751
test_268,6x6 only,0.603697206854404,0.45783872288139044,0.8859405940582364,0.9663887023925413
test_268,5x5 only,0.6008875460293641,0.4677004482983261,0.840132013200211,0.9677505493163693
test_268,OR (6x6 | 5x5),0.5466276124127032,0.3903555882184463,0.9115511551143082,0.9563064575194947
test_268,confidence blend,0.6047799865978982,0.45705604321373594,0.8935973597347939,0.9662513732909788
test_269,6x6 only,0.5625663904819617,0.4928804094923286,0.6552022763817207,0.9685821533202755
test_269,5x5 only,0.5686816105383147,0.498277948431073,0.6622541135708744,0.969024658203088
test_269,OR (6x6 | 5x5),0.5521284019536858,0.4424396063223662,0.7341333663234763,0.9632759094237914
test_269,confidence blend,0.5800778288772527,0.4903451811342358,0.7100086601500557,0.9683036804198849
test_27,6x6 only,0.4542555800831718,0.3426583777380531,0.6736505165129149,0.9575614929198853
test_27,5x5 only,0.4579277722184763,0.33309071660138084,0.7324312527270007,0.9545364379882448
test_27,OR (6x6 | 5x5),0.41934724619472014,0.28707234545341476,0.7776807798621015,0.9435348510741827
test_27,confidence blend,0.4775829361955871,0.35013568521007454,0.7509093554477653,0.9569282531737916
test_270,6x6 only,0.7199345067536963,0.7440561807253202,0.6973277297591806,0.9738998413085566
test_270,5x5 only,0.7067777357059043,0.6763533589385634,0.7400681944328442,0.9704589843749629
test_270,OR (6x6 | 5x5),0.7134918401798278,0.6411099171982547,0.80429783522258,0.9689254760741818
test_270,confidence blend,0.7432673651529905,0.7277908655667392,0.7594163825225918,0.9747619628905878
test_271,6x6 only,0.6838545503243261,0.5648854961825811,0.8663047166595415,0.9819908142089468
test_271,5x5 only,0.6322901849213891,0.4858808526138769,0.904988123513904,0.9763336181640252
test_271,OR (6x6 | 5x5),0.5752582781453905,0.41822663893350415,0.9211062097032218,0.9694175720214474
test_271,confidence blend,0.66276900111913,0.5231736056554172,0.9039701391229997,0.9793167114257438
test_272,6x6 only,0.43421163397555834,0.31741538461499397,0.6870005327632206,0.9743614196776972
test_272,5x5 only,0.40496934494965714,0.29044202730815727,0.6686201385171321,0.9718627929687129
test_272,OR (6x6 | 5x5),0.3463651866352893,0.2270055468166015,0.7304208843880383,0.9605216979980102
test_272,confidence blend,0.4110400748476446,0.29056437389738693,0.7021843367056415,0.9711837768554317
test_273,6x6 only,0.4751053448656922,0.5427883701776507,0.4224303672662448,0.9277725219726208
test_273,5x5 only,0.5577802774651774,0.5657707910747638,0.5500123243773478,0.9325141906737925
test_273,OR (6x6 | 5x5),0.5759337601518957,0.5321933272010485,0.627508010845143,0.928493499755824
test_273,confidence blend,0.5272423575574603,0.5703877925650698,0.490165146659852,0.931980133056605
test_274,6x6 only,0.7668943644786734,0.7007356219341275,0.8468480603436869,0.9854202270507436
test_274,5x5 only,0.6084223758638887,0.5283318447945535,0.7171336206886892,0.9738578796386347
test_274,OR (6x6 | 5x5),0.667192662359748,0.5262543757288788,0.9112338362056691,0.9742546081542597
test_274,confidence blend,0.7407912687581055,0.6408339889844209,0.8776939655160592,0.9826049804687125
test_275,6x6 only,0.6085950604427043,0.47927484740778054,0.8334917617223804,0.9741859436034784
test_275,5x5 only,0.5709576221616574,0.42969187675035636,0.8506020278820491,0.9692192077636349
test_275,OR (6x6 | 5x5),0.524865466691165,0.3710968249800767,0.8962294043078324,0.960929870605432
test_275,confidence blend,0.6165914221215482,0.47887447405287614,0.8654942965765756,0.9740829467773066
test_276,6x6 only,0.4358620689652166,0.35370494739158975,0.5677326625933027,0.9687957763671505
test_276,5x5 only,0.42142799254362473,0.38387715930845434,0.4671218109944896,0.9727668762206659
test_276,OR (6x6 | 5x5),0.46170200200764083,0.34389020849798196,0.7022996766067152,0.9652290344237913
test_276,confidence blend,0.42739295534867916,0.3362175525336462,0.5864175350330822,0.9666366577148068
test_277,6x6 only,0.6880017436155734,0.6799253302694716,0.6962723329161853,0.9672355651855099
test_277,5x5 only,0.6294086117560731,0.6122775305891183,0.6475259172114936,0.9604377746581665
test_277,OR (6x6 | 5x5),0.6702800361334784,0.597183098591206,0.7637673700457586,0.9610137939452758
test_277,confidence blend,0.6935597519726981,0.6658323750249165,0.7236967870004237,0.9668197631835568
test_278,6x6 only,0.4755368421050629,0.5510881233526387,0.41820336221549415,0.9524841308593386
test_278,5x5 only,0.5238301935929665,0.6328264289453247,0.4468636599270926,0.9581527709960571
test_278,OR (6x6 | 5x5),0.5737080172381046,0.5526279676131792,0.5964600459152807,0.954341888427698
test_278,confidence blend,0.5205414578315953,0.5571983778298772,0.4884099829663864,0.9536552429198855
test_279,6x6 only,0.6500188229386843,0.6119676295111276,0.6931156753859014,0.957443237304651
test_279,5x5 only,0.6873917165177054,0.6720787522368499,0.7034187462362324,0.9635200500487914
test_279,OR (6x6 | 5x5),0.6740423639293174,0.5765920007606522,0.8111326687624197,0.9552688598632447
test_279,confidence blend,0.6675016401262398,0.6021412815405379,0.7487790192006765,0.9574661254882447
test_28,6x6 only,0.36691587428309247,0.3332893782552032,0.408089125695965,0.9334564208984019
test_28,5x5 only,0.3470251663021133,0.40944017563072505,0.301122144183175,0.9464530944823857
test_28,OR (6x6 | 5x5),0.3881568028677305,0.32959413754209155,0.4720271252115346,0.9296836853026988
test_28,confidence blend,0.34533845991028067,0.30666583134926284,0.3951723581170621,0.9292030334472301
test_280,6x6 only,0.6264062306832572,0.5730603935754658,0.6907033805879352,0.9769439697265252
test_280,5x5 only,0.6238296120996893,0.500991571640637,0.8264721919290806,0.9721069335937129
test_280,OR (6x6 | 5x5),0.6015304217988982,0.45729284903486284,0.8786804798243203,0.9674224853515255
test_280,confidence blend,0.6470148456687776,0.5318700614569518,0.8257906215910227,0.9747848510741816
test_281,6x6 only,0.35118032245619807,0.30303893637198187,0.4175062148365596,0.9550209045409791
test_281,5x5 only,0.4113121921520774,0.35641665068064793,0.4861965196905846,0.9594230651855102
test_281,OR (6x6 | 5x5),0.4329553635707195,0.32994993484649204,0.6294648698146939,0.9519271850585574
test_281,confidence blend,0.42473957022775666,0.34510958455974394,0.5521392123504486,0.9563941955566041
test_282,6x6 only,0.4314098849240701,0.32693393562938267,0.6340187370718651,0.9476013183593388
test_282,5x5 only,0.4537724946341201,0.3433693547377454,0.6688161576826027,0.9495162963866824
test_282,OR (6x6 | 5x5),0.41552109433181567,0.2878723903353095,0.7465628421940058,0.9341506958007456
test_282,confidence blend,0.45595041970641875,0.33643994211268513,0.7071419880755478,0.9470901489257451
test_283,6x6 only,0.7324984187221424,0.6358884252138651,0.8637231503574798,0.9596672058105102
test_283,5x5 only,0.7267251808188395,0.6390385224749269,0.8423031026247957,0.9594993591308227
test_283,OR (6x6 | 5x5),0.7159429742823529,0.5872439620908793,0.9168854415268992,0.9534835815429323
test_283,confidence blend,0.7395007486314181,0.6281639631372219,0.8988066825770293,0.9595146179198852
test_284,6x6 only,0.6965379408157458,0.6465589467377061,0.7548910005579166,0.9820442199706656
test_284,5x5 only,0.7222761465659292,0.6381861063457995,0.8318893236433317,0.9825363159179312
test_284,OR (6x6 | 5x5),0.6915292144251095,0.5763817690366516,0.8641699273324984,0.9789543151855095
test_284,confidence blend,0.7304146058492211,0.6486281314384029,0.8358021240905034,0.9831581115722281
test_285,6x6 only,0.7484687318829562,0.7849740932638336,0.7152078616500239,0.9619331359862914
test_285,5x5 only,0.7485997414905352,0.8487512975509258,0.6695890938866662,0.9643859863280881
test_285,OR (6x6 | 5x5),0.7808615618178241,0.7692199841095624,0.792860927789974,0.9647598266601194
test_285,confidence blend,0.7741263940518528,0.7972027972023903,0.7523483790159678,0.9652328491210569
test_286,6x6 only,0.444113618769461,0.4091058694455193,0.48567335243489757,0.9643898010253538
test_286,5x5 only,0.4358310177551755,0.34135005532988466,0.6026308934610541,0.9543037414550417
test_286,OR (6x6 | 5x5),0.42791598265756287,0.3161266247899023,0.662021359728234,0.9481544494628544
test_286,confidence blend,0.4884976156786205,0.4086804033315136,0.6070591299809754,0.9627647399901976
test_287,6x6 only,0.5367514242041568,0.5117234070731067,0.5643535427310966,0.9745635986327753
test_287,5x5 only,0.575422932330489,0.48118675704835323,0.7155588020442432,0.9724273681640253
test_287,OR (6x6 | 5x5),0.5554227511299925,0.4310372640745031,0.7807158509849808,0.9673652648925412
test_287,confidence blend,0.5976847034335343,0.5386238424562904,0.671292914535177,0.9764022827148064
test_288,6x6 only,0.6601453325875767,0.5894684302463321,0.7500793902814384,0.9814453124999625
test_288,5x5 only,0.6599054341117934,0.5804701627479439,0.7645284217199674,0.9810676574706657
test_288,OR (6x6 | 5x5),0.6413486921042468,0.5154291224681625,0.8486821213070044,0.9771957397460564
test_288,confidence blend,0.6635648754910461,0.5649408614142323,0.8039060019040903,0.9804153442382438
test_289,6x6 only,0.5690201729104578,0.48176162010462253,0.6948794650706538,0.9543609619140261
test_289,5x5 only,0.576939230445974,0.45586358298848423,0.7855885975710138,0.9500465393066043
test_289,OR (6x6 | 5x5),0.5596243576869177,0.4211859886200119,0.833626605665288,0.943115234374964
test_289,confidence blend,0.5832082979970699,0.4634045200080534,0.7865563962688839,0.9512557983398074
test_29,6x6 only,0.680093468342784,0.5912740640412196,0.800314259524944,0.978065490722619
test_29,5x5 only,0.680658812764108,0.6042237790632509,0.7792326829896828,0.9786987304687126
test_29,OR (6x6 | 5x5),0.6429673885981364,0.5187178663234907,0.8454890663862178,0.9726448059081659
test_29,confidence blend,0.6933483019923136,0.6067989781876529,0.8086945135513831,0.9791603088378532
test_290,6x6 only,0.6858851404712366,0.6049960191076781,0.7917426413118107,0.9787597656249626
test_290,5x5 only,0.6291387536745726,0.4993497054544416,0.8500911695743031,0.9706459045409785
test_290,OR (6x6 | 5x5),0.5972685617684962,0.4535504357810597,0.8743162281832844,0.96546554565426
test_290,confidence blend,0.6763754045303912,0.5643728222991599,0.8438395415461789,0.9763488769530877
test_291,6x6 only,0.6190772768645527,0.5574152359584527,0.696078431371799,0.9696693420409785
test_291,5x5 only,0.612718391883988,0.5431307243958842,0.7027580262866808,0.9685440063476193
test_291,OR (6x6 | 5x5),0.623701487575574,0.5076433982680548,0.8085541909062609,0.9654541015624631
test_291,confidence blend,0.6398291607975647,0.5532332835699275,0.7585649644465001,0.9697608947753535
test_292,6x6 only,0.7526387390342203,0.7967818831934874,0.7131300560043442,0.979885101318322
test_292,5x5 only,0.7414617630874174,0.7075928917603331,0.7787358876337641,0.9766960144042596
test_292,OR (6x6 | 5x5),0.7486278814486637,0.6696121747663443,0.8487865588044725,0.9755401611327752
test_292,confidence blend,0.8058517669865136,0.7989515072076898,0.8128722553108606,0.9831924438476187
test_293,6x6 only,0.6582506762845922,0.5580035971218004,0.802405276088449,0.9754219055175408
test_293,5x5 only,0.6193555973655812,0.5678706199454794,0.6811069442639582,0.9753036499023064
test_293,OR (6x6 | 5x5),0.6264125963399563,0.49373881931984664,0.8565886460612225,0.9698600769042598
test_293,confidence blend,0.6653716388913887,0.5501733028991882,0.841587999481648,0.9750289916991816
test_294,6x6 only,0.711819658813611,0.7053733145495015,0.7183849149408501,0.9783477783202751
test_294,5x5 only,0.7045566381258219,0.6776789095033342,0.7336544373839581,0.9770965576171502
test_294,OR (6x6 | 5x5),0.6938775510201036,0.6068166116522554,0.8101045296158945,0.9733924865722284
test_294,confidence blend,0.7450941526259934,0.7213586643631535,0.7704447632703725,0.9803771972655876
test_295,6x6 only,0.6474207582347273,0.6546220071635426,0.64037622179834,0.9567184448241822
test_295,5x5 only,0.6633874062443177,0.7668978867553098,0.5844962193394083,0.9631919860839476
test_295,OR (6x6 | 5x5),0.6702624747618489,0.6313644514477903,0.7142681502423838,0.9563903808593385
test_295,confidence blend,0.6693280511958954,0.6636451534924681,0.6751091166160478,0.9586067199706665
test_296,6x6 only,0.44168762862997846,0.40594787725892606,0.4843279839512483,0.9627456665038695
test_296,5x5 only,0.46876955814215243,0.468007997999915,0.46953360080181855,0.967620849609338
test_296,OR (6x6 | 5x5),0.4641548160091559,0.3803155281489706,0.5954112337003569,0.9581718444823852
test_296,confidence blend,0.4353946166655373,0.38093447400547054,0.508024072216013,0.9599113464355102
test_297,6x6 only,0.6380856872247374,0.6163823260316363,0.6613732170695493,0.9504394531249637
test_297,5x5 only,0.6485491104574985,0.6676859099800222,0.630478720332257,0.954860687255823
test_297,OR (6x6 | 5x5),0.6654687032043862,0.5859962199461184,0.7698793093487498,0.9488677978515263
test_297,confidence blend,0.6586037470977111,0.6184030418247816,0.7043945256102648,0.95175933837887
test_298,6x6 only,0.2683840996672816,0.20619727449691255,0.3842781557061462,0.9471321105956669
test_298,5x5 only,0.3314744590674038,0.26261376689912286,0.44928193499554153,0.9542694091796511
test_298,OR (6x6 | 5x5),0.2836002927066088,0.19396096313173888,0.5272864701428159,0.9327774047851206
test_298,confidence blend,0.2758264995614648,0.20933145451682375,0.40423280423219315,0.9464378356933232
test_299,6x6 only,0.5318582685380515,0.5067621320599575,0.559569561874866,0.9657783508300413
test_299,5x5 only,0.5253499711631493,0.5027092113179784,0.5501262764900074,0.96546554565426
test_299,OR (6x6 | 5x5),0.5250506414582377,0.4449191333533377,0.6403865158662123,0.959751129150354
test_299,confidence blend,0.5779210649469201,0.5488937178975218,0.6101899637634673,0.9690361022948849
test_3,6x6 only,0.594135526550869,0.5076641034778695,0.7161123482503295,0.9480438232421513
test_3,5x5 only,0.601608061009489,0.5788949395666231,0.6261762804391737,0.9559593200683228
test_3,OR (6x6 | 5x5),0.5957592159540199,0.46967437235874154,0.814381150778813,0.9413108825683234
test_3,confidence blend,0.5976567009117518,0.4994935121313494,0.7438402413614368,0.9468154907226201
test_30,6x6 only,0.6947004225021808,0.6172627845104243,0.794354838709073,0.9649925231933225
test_30,5x5 only,0.5184527114564063,0.5048662677525017,0.5327906269016032,0.9503746032714481
test_30,OR (6x6 | 5x5),0.6545879953203184,0.5403357599165353,0.8301125989038115,0.9560737609862916
test_30,confidence blend,0.6876252019383885,0.5976075480171865,0.8095709068770468,0.9631195068359008
test_300,6x6 only,0.617578033325148,0.6065460412578004,0.6290187641919098,0.9751358032226191
test_300,5x5 only,0.5893263911483949,0.5394697646703014,0.6493366798127771,0.9711151123046504
test_300,OR (6x6 | 5x5),0.5546511080785984,0.4573956231565595,0.7044340862905408,0.9638938903808225
test_300,confidence blend,0.6378212417553799,0.6082854354184922,0.6703716983379103,0.9757003784179314
test_31,6x6 only,0.4650300318456625,0.5670467951233119,0.39412367611862376,0.9493751525878543
test_31,5x5 only,0.4760124610589923,0.6069915254230858,0.39152716091534573,0.9518775939941043
test_31,OR (6x6 | 5x5),0.5423813429374381,0.5671986873504122,0.5196446873928803,0.9510459899901981
test_31,confidence blend,0.5013938513485016,0.5893483477934379,0.43628288349816446,0.9515571594237918
test_32,6x6 only,0.6892861561299365,0.6093399682831468,0.7933784264857291,0.9616775512694945
test_32,5x5 only,0.6846380648653094,0.5928202990670595,0.8101103595579849,0.9600143432616821
test_32,OR (6x6 | 5x5),0.6736966697152112,0.5413982446277221,0.8915628337480301,0.9537277221679323
test_32,confidence blend,0.7030996052935039,0.5934545098228438,0.862442150230785,0.9609756469726195
test_33,6x6 only,0.39463702919608834,0.32481486859252967,0.5026966292123535,0.9738197326659784
test_33,5x5 only,0.4560192616368732,0.35468164793963214,0.6384269662907002,0.9741439819335566
test_33,OR (6x6 | 5x5),0.39643970893945135,0.27883385121524507,0.6856179775265492,0.9645614624023069
test_33,confidence blend,0.4122390534325026,0.31012586461014835,0.6146067415716526,0.9702491760253535
test_34,6x6 only,0.7350099933371627,0.7356226037660684,0.7343984023951833,0.9878616333007435
test_34,5x5 only,0.7257279790859591,0.6437773769638704,0.8315859544003469,0.9855918884276967
test_34,OR (6x6 | 5x5),0.7009492590311405,0.5943942552691749,0.8540522549494857,0.9832954406737906
test_34,confidence blend,0.7423980779332213,0.6763337893287602,0.822765851221796,0.986911773681603
test_35,6x6 only,0.48628173628148735,0.3568745304279813,0.7629296498542195,0.9617156982421508
test_35,5x5 only,0.4545454545452117,0.34050896286784527,0.6834243495009903,0.9610443115234008
test_35,OR (6x6 | 5x5),0.4370745475674759,0.29469383185923276,0.8456472855752559,0.9482650756835576
test_35,confidence blend,0.46940717480232685,0.33349107625721097,0.7923225184696557,0.9574584960937135
test_36,6x6 only,0.6893095111736014,0.5999178897663964,0.8100055432361281,0.9799003601073845
test_36,5x5 only,0.6441213309368599,0.530546335336386,0.819567627493321,0.9750709533691034
test_36,OR (6x6 | 5x5),0.6082414393496768,0.46716196136666627,0.8713968957859322,0.9691009521484005
test_36,confidence blend,0.6812256644655035,0.5745835316510475,0.8364745011074882,0.978450775146447
test_37,6x6 only,0.4896559233446811,0.3661157697627891,0.7390304026282021,0.9642410278319944
test_37,5x5 only,0.36085199780497784,0.25906030654615453,0.5944124897278645,0.9511222839355106
test_37,OR (6x6 | 5x5),0.42882040382553505,0.2892201834860727,0.8289235825787528,0.9487419128417607
test_37,confidence blend,0.4905005107249793,0.3558354946273762,0.78915365653116,0.9619445800780883
test_38,6x6 only,0.5183280344115774,0.47571232406413,0.5693303204595631,0.9607009887694946
test_38,5x5 only,0.4869865974922235,0.42048678512735516,0.5784716516017065,0.9547348022460573
test_38,OR (6x6 | 5x5),0.5041525574762059,0.3860472733225689,0.7263763352498701,0.9469337463378544
test_38,confidence blend,0.5272594689655868,0.4526773219411853,0.6312654067372316,0.9579582214355102
test_39,6x6 only,0.761520063778495,0.694051540398475,0.8435181914507905,0.9828834533691031
test_39,5x5 only,0.7524479653590747,0.646322907860823,0.9002708112552686,0.9808082580566032
test_39,OR (6x6 | 5x5),0.6991644698625177,0.5633640552991335,0.9212292476145987,0.9743156433105097
test_39,confidence blend,0.7816010525246525,0.6853314402336628,0.9093371011410463,0.983535766601525
test_4,6x6 only,0.66913771333116,0.6017141601343479,0.7535779816506847,0.9690132141112912
test_4,5x5 only,0.6057805219892398,0.5159042518868856,0.7335779816507031,0.960300445556604
test_4,OR (6x6 | 5x5),0.5853463765220651,0.4592252271063698,0.8069724770634797,0.9524612426757448
test_4,confidence blend,0.6411917098443153,0.5482799061763433,0.7720183486231449,0.9640731811523069
test_40,6x6 only,0.5894377172999073,0.5004835343815847,0.7168477072240892,0.9477462768554326
test_40,5x5 only,0.6321336537624485,0.5243035542744839,0.7958008310849342,0.9515342712401981
test_40,OR (6x6 | 5x5),0.5925791948734969,0.45895537322375063,0.8359699642772939,0.9398498535155891
test_40,confidence blend,0.6235294117645279,0.5125099751206343,0.7959466355611314,0.9497070312499637
test_41,6x6 only,0.7119484968396952,0.6928382572701541,0.7321428571419677,0.9813957214355093
test_41,5x5 only,0.6666257141097938,0.6742885547400593,0.6591350826036696,0.9792976379394157
test_41,OR (6x6 | 5x5),0.6933974593545437,0.6086078737261552,0.8056365403294391,0.9776268005370721
test_41,confidence blend,0.7351849634857325,0.7246872787340988,0.7459912536434086,0.9831237792968375
test_42,6x6 only,0.4460813590812621,0.40883104245175905,0.4908002336441431,0.9681587219237912
test_42,5x5 only,0.37615055402452,0.3142325399154528,0.4684579439245496,0.9594078063964477
test_42,OR (6x6 | 5x5),0.44027252081734025,0.33639238065833543,0.6369742990644904,0.9576911926269166
test_42,confidence blend,0.4398502940649677,0.3707561342009306,0.540595794391734,0.964031219482385
test_43,6x6 only,0.7216646822019841,0.7119364582164045,0.7316624511377721,0.962547302246057
test_43,5x5 only,0.7198216371162757,0.6686390532541081,0.7794895378243392,0.9597320556640259
test_43,OR (6x6 | 5x5),0.7186334949680259,0.6236941166515994,0.8476661301443735,0.9559516906737916
test_43,confidence blend,0.7356497457915399,0.6789691222948315,0.8026557829381451,0.9617195129394164
test_44,6x6 only,0.6441933339657732,0.5851302397781868,0.7165188001674767,0.9857063293456655
test_44,5x5 only,0.5946488294309409,0.4921118184327538,0.751161808194442,0.9815063476562125
test_44,OR (6x6 | 5x5),0.6034470113673608,0.46219525895914815,0.8690325306276531,0.9793739318847282
test_44,confidence blend,0.6637806637801003,0.5548460337724495,0.8259400084477695,0.9848899841308217
test_45,6x6 only,0.6827797364999616,0.5808666824527737,0.8280634634850589,0.9739151000976191
test_45,5x5 only,0.6082299629236928,0.5126543209872587,0.7476088668833716,0.9673500061034787
test_45,OR (6x6 | 5x5),0.6139346218083934,0.4747524447995112,0.8685720715642302,0.9629669189452758
test_45,confidence blend,0.6793063583811887,0.5766211336154996,0.8264881287264245,0.9735450744628534
test_46,6x6 only,0.6035643927243306,0.535876993165851,0.6908232826421701,0.9669914245605099
test_46,5x5 only,0.5723277957051224,0.4614544520104963,0.7533298374402166,0.959049224853479
test_46,OR (6x6 | 5x5),0.5547788873036538,0.42031883274767884,0.815731515468468,0.9523773193359011
test_46,confidence blend,0.6206019499785415,0.5208110992525643,0.7676979549021837,0.9658584594726194
test_47,6x6 only,0.6442998394319153,0.5526773632318999,0.7723374079821892,0.9518318176269168
test_47,5x5 only,0.5621861152140142,0.4996586672265401,0.6426014722761919,0.9434661865234014
test_47,OR (6x6 | 5x5),0.6063413783654372,0.480309367847652,0.8220436280132221,0.939708709716761
test_47,confidence blend,0.635848233754733,0.5330652163975445,0.7877355304918027,0.9490356445312138
test_48,6x6 only,0.6016460025648772,0.589547549224351,0.6142514185938299,0.9715652465819942
test_48,5x5 only,0.6130624426075453,0.6466101694907426,0.5828240942813369,0.9742813110351191
test_48,OR (6x6 | 5x5),0.6533964365253093,0.5683726186627637,0.7683326058481358,0.9715042114257442
test_48,confidence blend,0.6591887831744321,0.6091060521926622,0.7182453077251001,0.9740371704101191
test_49,6x6 only,0.5493916833118988,0.5144095893900242,0.5894788114947983,0.9621353149413695
test_49,5x5 only,0.600110314395774,0.531569452795752,0.6889430102282621,0.9640464782714475
test_49,OR (6x6 | 5x5),0.5947766843298279,0.486350974930061,0.7654164637108958,0.9591598510741821
test_49,confidence blend,0.5888605264256648,0.5161384976522035,0.6854359473933896,0.9625205993651976
test_5,6x6 only,0.612202954399093,0.5300266903908696,0.724536333230884,0.976966857910119
test_5,5x5 only,0.7284863556045229,0.6395495806036544,0.8461538461525598,0.9841728210448842
test_5,OR (6x6 | 5x5),0.6405250757317174,0.5075568990038162,0.8678929765873094,0.9755554199218377
test_5,confidence blend,0.6707548905373945,0.5621338267030916,0.8314077227108067,0.979518890380822
test_50,6x6 only,0.3720208715270258,0.33257690368087167,0.42207999999932466,0.9660263061523069
test_50,5x5 only,0.4097336402495809,0.4213730131883305,0.39871999999936203,0.9726104736327753
test_50,OR (6x6 | 5x5),0.3764145324595733,0.2998102466790324,0.505599999999191,0.9600601196288696
test_50,confidence blend,0.3749917300692193,0.31968415115587173,0.4534399999992745,0.9639625549316038
test_51,6x6 only,0.6359097263827461,0.6228482003123798,0.6495308037529074,0.9721832275390254
test_51,5x5 only,0.6606878698221798,0.6041596212372301,0.7288861689099052,0.9720001220702754
test_51,OR (6x6 | 5x5),0.6529617017695998,0.5553886862614922,0.792125662993888,0.9685096740722287
test_51,confidence blend,0.6776032253576729,0.6208917197446956,0.7457160342709651,0.9734611511230097
test_52,6x6 only,0.5871158263148927,0.6021312394833402,0.5728310745912145,0.9711990356444942
test_52,5x5 only,0.6213991769544128,0.5998609593796803,0.6445416711123203,0.9719238281249629
test_52,OR (6x6 | 5x5),0.6318525739216303,0.5591521524806448,0.7262832141706047,0.969745635986291
test_52,confidence blend,0.658925979680355,0.6406612236663233,0.6782627254287927,0.9748992919921503
test_53,6x6 only,0.8221706906739316,0.7880927475585877,0.8593289611245515,0.985080718994103
test_53,5x5 only,0.7153037324957815,0.7518332285766269,0.6821594905420757,0.978206634521447
test_53,OR (6x6 | 5x5),0.7848383500554172,0.6938239158996249,0.9033361847724518,0.9801216125487907
test_53,confidence blend,0.8286066584459976,0.7719701321073504,0.8942115768454574,0.9851531982421499
test_54,6x6 only,0.6089127929309992,0.5064868664916555,0.7632668785507432,0.9611663818359008
test_54,5x5 only,0.5380920770039681,0.4525154341255402,0.6635847057684064,0.9548759460448855
test_54,OR (6x6 | 5x5),0.5717491075979698,0.4418348045394904,0.8098815371272177,0.9519462585448856
test_54,confidence blend,0.5915142648132438,0.47685321696026606,0.7787729943168845,0.9573974609374635
test_55,6x6 only,0.646441253666322,0.5175525339919437,0.8608141447350723,0.9825286865234
test_55,5x5 only,0.6843259933365691,0.5657664920051515,0.865748355261378,0.9851799011230092
test_55,OR (6x6 | 5x5),0.6300719229199144,0.4702248328939941,0.9545641447348796,0.9792022705077751
test_55,confidence blend,0.6774533413601163,0.5343067426394417,0.9253700657875712,0.9836502075194937
test_56,6x6 only,0.5848728435102784,0.5316185267471102,0.6499843276557831,0.9663124084472288
test_56,5x5 only,0.4814947575945508,0.42151094375114023,0.5613833455223473,0.955856323242151
test_56,OR (6x6 | 5x5),0.5428682471820665,0.432204963178147,0.729704315117825,0.9551315307616822
test_56,confidence blend,0.5684763572677021,0.4892606827941146,0.6782990283139919,0.9624023437499633
test_57,6x6 only,0.5646545659205258,0.46554524361894944,0.717375759741299,0.9763946533202752
test_57,5x5 only,0.5255750694810918,0.39268357338482573,0.7944225956367637,0.9693946838378537
test_57,OR (6x6 | 5x5),0.47773072802383665,0.33426144070797864,0.8369681801915678,0.9609489440917601
test_57,confidence blend,0.5573463268362335,0.4283656616089606,0.7974615659621068,0.9729690551757441
test_58,6x6 only,0.29803336964606497,0.3568584374566019,0.25585745225412887,0.9532966613769167
test_58,5x5 only,0.4137814176783881,0.4853584205638196,0.3606024808029527,0.9604072570800415
test_58,OR (6x6 | 5x5),0.4231049739872499,0.41800365068650397,0.4283323488871546,0.954738616943323
test_58,confidence blend,0.37150972720919045,0.40771673920667245,0.3412088993893077,0.9552650451659791
test_59,6x6 only,0.7936348648839532,0.8126238532104127,0.7755130629678675,0.978034973144494
test_59,5x5 only,0.7948963082803372,0.8366746652211187,0.7570918260133381,0.9787216186523063
test_59,OR (6x6 | 5x5),0.7987769661964332,0.7755640585824148,0.8234222875948565,0.9774055480956658
test_59,confidence blend,0.8052607126261373,0.8220957384699196,0.7891013518240603,0.979213714599572
test_6,6x6 only,0.505985703212253,0.4258480719045913,0.6232760449813035,0.9562377929687135
test_6,5x5 only,0.5650641722860278,0.478943874916676,0.6889454699759293,0.9618644714355101
test_6,OR (6x6 | 5x5),0.5734030631301557,0.44251614391118393,0.8142372162096178,0.956436157226526
test_6,confidence blend,0.5684358117858186,0.4649531134045301,0.731169106725301,0.9600791931151977
test_60,6x6 only,0.7104785665679799,0.6944906329667503,0.7272199651761726,0.9805221557616813
test_60,5x5 only,0.7281509884962262,0.6376242804808672,0.8486360998249,0.9791755676269157
test_60,OR (6x6 | 5x5),0.7168117519039188,0.5881258834903741,0.917585606499225,0.976173400878869
test_60,confidence blend,0.771534796040859,0.7028238885702128,0.8551363900164188,0.9833564758300406
test_61,6x6 only,0.47192982456105853,0.4882771139003354,0.45664167491801294,0.9724426269530878
test_61,5x5 only,0.4347386385181501,0.39293875685512686,0.4864903098026786,0.9658851623534788
test_61,OR (6x6 | 5x5),0.44469063313552054,0.3654406409319324,0.5678313764315068,0.9617576599120726
test_61,confidence blend,0.4891093090272172,0.46472236372839437,0.5161974819627724,0.9709205627441035
test_62,6x6 only,0.5705075980303317,0.673553027767921,0.49480798771090945,0.9537467956542605
test_62,5x5 only,0.6427505764272878,0.7171067564494839,0.5823655913974916,0.9598083496093384
test_62,OR (6x6 | 5x5),0.653765147583818,0.6495814630591716,0.6580030721962162,0.9567298889159791
test_62,confidence blend,0.6740518085714904,0.7483875806204077,0.6131490015357215,0.9631843566894164
test_63,6x6 only,0.6327440938374179,0.6473239436612424,0.618806548900669,0.9745597839355097
test_63,5x5 only,0.5553734248537263,0.5294979488176114,0.5839077983621457,0.966888427734338
test_63,OR (6x6 | 5x5),0.6150040478543605,0.5279536679532603,0.7364282636786552,0.967346191406213
test_63,confidence blend,0.6408295262046912,0.6121408257324584,0.6723395088316756,0.9733085632323847
test_64,6x6 only,0.5760412976362285,0.4629840546693272,0.762153475290261,0.9680442810058224
test_64,5x5 only,0.5095256995433074,0.40468121995397216,0.6876925137261448,0.9622879028319945
test_64,OR (6x6 | 5x5),0.5515529032536692,0.40871530019340946,0.8478639346446393,0.960727691650354
test_64,confidence blend,0.5815220010600117,0.45422376148136256,0.8079550020077568,0.9668769836425412
test_65,6x6 only,0.6490275730665963,0.620327102803312,0.6805126272139611,0.9627571105956664
test_65,5x5 only,0.6976092145642036,0.7012492382688138,0.6940067847714331,0.9695549011230098
test_65,OR (6x6 | 5x5),0.6997434252723862,0.6089310633543907,0.8223897474550905,0.9642868041991819
test_65,confidence blend,0.7091241001616405,0.6528411973613313,0.7760271390872401,0.9677848815917599
test_66,6x6 only,0.3921977845557937,0.42325017324944,0.36539036793244783,0.9711151123046504
test_66,5x5 only,0.301406043657033,0.3135606917725658,0.2901585402328894,0.9656944274901975
test_66,OR (6x6 | 5x5),0.41417511172630816,0.3575698293659846,0.49207298833309593,0.9644966125487913
test_66,confidence blend,0.35871833084921106,0.35743985743932666,0.3600059826497756,0.9671707153319943
test_67,6x6 only,0.48535923439473977,0.4014176018896616,0.6136897236759731,0.9725112915038691
test_67,5x5 only,0.4290444939488054,0.3218027456644492,0.643489254107561,0.9638252258300413
test_67,OR (6x6 | 5x5),0.4276237980148981,0.2989216391083401,0.7509481668760142,0.9575386047362916
test_67,confidence blend,0.4956579826315994,0.39330011661147746,0.6700379266738847,0.9711990356444942
test_68,6x6 only,0.49980945121927406,0.41509732552586237,0.6279626526207469,0.9599456787109009
test_68,5x5 only,0.5392785379386952,0.44915524386320593,0.674646875747337,0.9632644653319945
test_68,OR (6x6 | 5x5),0.5061125649335991,0.3756159777376221,0.7755566195825047,0.9517631530761356
test_68,confidence blend,0.5401492470617364,0.43094474153266954,0.7234857553259234,0.9607429504394165
test_69,6x6 only,0.3755289139629976,0.33564450047220984,0.42617046818642224,0.9729766845702753
test_69,5x5 only,0.5304697986572434,0.47984458474910174,0.5930372148847678,0.9799842834472282
test_69,OR (6x6 | 5x5),0.4791138395832916,0.35943131758073743,0.7182873149245332,0.9702224731444942
test_69,confidence blend,0.5023248723222027,0.4057382095796014,0.6592637054808739,0.9750938415526972
test_7,6x6 only,0.44326200115656705,0.343020827116821,0.6262802353447088,0.9449195861816045
test_7,5x5 only,0.5452883648658507,0.46961586901726254,0.650032686859174,0.9620437622069945
test_7,OR (6x6 | 5x5),0.463165720464834,0.3357009895168337,0.7466768359111497,0.9393997192382454
test_7,confidence blend,0.4961040984881969,0.3861127956334832,0.6937241229018373,0.95066070556637
test_70,6x6 only,0.5641157777200342,0.5009916094576644,0.6454402515710586,0.9806404113769157
test_70,5x5 only,0.45765309522192466,0.3462042544607861,0.6749213836464723,0.9689521789550412
test_70,OR (6x6 | 5x5),0.4679359887860834,0.3328901445900508,0.7873427672940501,0.9652481079101194
test_70,confidence blend,0.548948775377105,0.4340226208152244,0.7466588050299791,0.9761848449706658
test_71,6x6 only,0.6172509867653719,0.5442726993545457,0.7128301380872599,0.9748458862304316
test_71,5x5 only,0.6139414356047608,0.5004224400130952,0.7940742726896446,0.9715843200683223
test_71,OR (6x6 | 5x5),0.5864007938380256,0.4527875072968091,0.8318809491877841,0.9666099548339474
test_71,confidence blend,0.6475060663248059,0.5415839797938466,0.804933637215706,0.9750633239745722
test_72,6x6 only,0.525999999999474,0.5044112006127649,0.5495194316745727,0.9819183349609
test_72,5x5 only,0.4858019194612785,0.46137943995402864,0.5129544504794965,0.9801750183105095
test_72,OR (6x6 | 5x5),0.48061508261043623,0.39489247311774883,0.6138737985779067,0.975776672363244
test_72,confidence blend,0.511254019292121,0.4670006910841966,0.5647722524016616,0.9802856445312126
test_73,6x6 only,0.48232442259764247,0.5042945649109375,0.4621886695054444,0.941345214843714
test_73,5x5 only,0.571307962072811,0.5750424892139004,0.567621628596872,0.9496383666991824
test_73,OR (6x6 | 5x5),0.5544649404861075,0.49253357386225066,0.6342108659177738,0.9397430419921516
test_73,confidence blend,0.544358578052382,0.5224899121762862,0.5681378242350186,0.9437713623046514
test_74,6x6 only,0.4758575073226156,0.3822681038403184,0.6301301301285532,0.9788398742675407
test_74,5x5 only,0.3098925277140476,0.2341132847458968,0.45820820820706154,0.9688911437987912
test_74,OR (6x6 | 5x5),0.375981965981026,0.2585737104197514,0.6886886886869653,0.9651527404784788
test_74,confidence blend,0.41211604095527976,0.3126618332466175,0.604354354352842,0.9737167358398066
test_75,6x6 only,0.43320181422602855,0.3499970207946434,0.5683049535598217,0.9413642883300422
test_75,5x5 only,0.42760456273748,0.35223001753924316,0.5440208978322909,0.9425735473632453
test_75,OR (6x6 | 5x5),0.4353152261336276,0.3199636198270487,0.680727554178908,0.9303665161132457
test_75,confidence blend,0.4542512094106239,0.35473174974161287,0.6313854489157977,0.9401817321776985
test_76,6x6 only,0.5374626986042926,0.4340802501297107,0.7054838026663022,0.9781227111816033
test_76,5x5 only,0.45091791837319756,0.3513417661657981,0.629261062882428,0.9723892211913691
test_76,OR (6x6 | 5x5),0.4311154939379134,0.2968999680406704,0.7867880584357679,0.9625892639159789
test_76,confidence blend,0.5497382198948647,0.43194192377443197,0.7558755028567523,0.9776916503905877
test_77,6x6 only,0.4846529473314943,0.5719872388591417,0.42045540509840346,0.9549102783202761
test_77,5x5 only,0.5217257674130693,0.5300546448083293,0.513654588092508,0.952510833740198
test_77,OR (6x6 | 5x5),0.529763103147262,0.47602966893778204,0.5971707390872251,0.9465408325194951
test_77,confidence blend,0.5233059146100575,0.5426041751274936,0.5053332324680344,0.9535751342773073
test_78,6x6 only,0.6243662740813414,0.5466775933889594,0.7277934357662261,0.9632568359374633
test_78,5x5 only,0.6796509944999877,0.6233313106791388,0.747158832620468,0.970447540283166
test_78,OR (6x6 | 5x5),0.6521602458870971,0.5294918330305527,0.8488044367662071,0.9620094299316039
test_78,confidence blend,0.6610308969848653,0.5615506831899831,0.8033457587046064,0.9654312133788694
test_79,6x6 only,0.5773288664430335,0.45879361042640165,0.7784519956839557,0.9677543640136349
test_79,5x5 only,0.6862268166612515,0.5496833901602941,0.9130258899664064,0.9763793945312127
test_79,OR (6x6 | 5x5),0.6055528751258364,0.4487421179220901,0.9308252427171915,0.9656944274901975
test_79,confidence blend,0.6348229501985254,0.4891304347822518,0.9041262135910139,0.9705734252929317
test_8,6x6 only,0.4729196639901272,0.4399827288424525,0.5111869168250113,0.9566764831542603
test_8,5x5 only,0.5712400433611862,0.5386666666661878,0.6080064211893167,0.9652976989745725
test_8,OR (6x6 | 5x5),0.5214211076277946,0.43493127723738856,0.6508477977318643,0.9545745849609011
test_8,confidence blend,0.5288325053226894,0.47396040391152583,0.5980736430213724,0.9594802856444946
test_80,6x6 only,0.5317845193787708,0.47761496387299773,0.5998134328353122,0.9524879455566042
test_80,5x5 only,0.5677470298982206,0.49218993092258867,0.6707089552233118,0.9540596008300417
test_80,OR (6x6 | 5x5),0.5336276956547854,0.4284760045214117,0.7071743554946512,0.9443969726562139
test_80,confidence blend,0.5506484149853924,0.47864478957885853,0.6481512890089483,0.9524154663085573
test_81,6x6 only,0.5405288720990067,0.4442079120095403,0.6901874310905592,0.9675216674804318
test_81,5x5 only,0.5913853317808279,0.47998625665651945,0.7701212789405043,0.9705429077148067
test_81,OR (6x6 | 5x5),0.5612305445248248,0.4195727837300078,0.8472987872094166,0.9633293151855101
test_81,confidence blend,0.5820430323745315,0.4581354859129011,0.7978224917298817,0.9682846069335568
test_82,6x6 only,0.47560359632262067,0.373739779312238,0.6537980835985922,0.9603958129882446
test_82,5x5 only,0.46604157364664084,0.3625347329419863,0.6522705179827076,0.9589424133300415
test_82,OR (6x6 | 5x5),0.45498258995172647,0.3242923831470045,0.7621163727249519,0.9498443603515262
test_82,confidence blend,0.47587852697558564,0.3588567395904313,0.7061519233429994,0.9572715759276978
test_83,6x6 only,0.4889407292204558,0.5721941354898157,0.4268366269419016,0.9548721313476198
test_83,5x5 only,0.4818057675313351,0.5152920962194886,0.4524060944332083,0.95078277587887
test_83,OR (6x6 | 5x5),0.5397399099959109,0.5089888391361966,0.574445617739799,0.9504508972167606
test_83,confidence blend,0.5352905690727788,0.5733609029029263,0.501961080102201,0.9559211730956666
test_84,6x6 only,0.5006933210073372,0.4469775118625469,0.5690832676640806,0.9670333862304318
test_84,5x5 only,0.5017103762824962,0.44328027402735914,0.5778828473856346,0.9666595458984005
test_84,OR (6x6 | 5x5),0.5450823667021419,0.4333539987597385,0.7344365642228337,0.9643936157226194
test_84,confidence blend,0.5538020086080158,0.4775409212024385,0.6590491200411622,0.9691543579101193
test_85,6x6 only,0.40772282976850494,0.31337399583433995,0.5833564109656836,0.9533081054687136
test_85,5x5 only,0.38684624459281025,0.29987806736755074,0.5448629188582874,0.9524154663085573
test_85,OR (6x6 | 5x5),0.42020486355445297,0.2927653083458854,0.7441152035436941,0.9434280395507452
test_85,confidence blend,0.40756492625083357,0.3026881720428073,0.6236499584593967,0.95005035400387
test_86,6x6 only,0.6115410992453162,0.5553874899897184,0.6803269754760977,0.9697494506835567
test_86,5x5 only,0.5981653067807134,0.5182936571333133,0.7071389645768859,0.9667472839355099
test_86,OR (6x6 | 5x5),0.5911562450021625,0.46681821051937433,0.8057765667566149,0.960990905761682
test_86,confidence blend,0.6306148748156155,0.5457659523615503,0.7467029972743905,0.9693832397460568
test_87,6x6 only,0.2892210234580924,0.23357314148643712,0.379677754676768,0.9726066589355097
test_87,5x5 only,0.2456476601179958,0.17731150564886175,0.399688149687111,0.9639663696288694
test_87,OR (6x6 | 5x5),0.2732718583830697,0.1843945862474481,0.5275467775454066,0.9588127136230102
test_87,confidence blend,0.27710104285314424,0.20904403014649076,0.41086278586171815,0.9685325622558224
test_88,6x6 only,0.3799863852958611,0.5241314553980767,0.29802455952984724,0.9652557373046506
test_88,5x5 only,0.32351637215762646,0.3975716064750972,0.2727175654028054,0.9592552185058227
test_88,OR (6x6 | 5x5),0.4163999558545324,0.43085531574691005,0.4028830752798688,0.9596557617187134
test_88,confidence blend,0.4039008008263989,0.5110312142498594,0.33390282968464075,0.9647903442382444
test_89,6x6 only,0.5727832139611758,0.5647503481195895,0.5810478919355494,0.9676895141601193
test_89,5x5 only,0.5285822592870717,0.5222211125531586,0.5351002865324037,0.9644203186034788
test_89,OR (6x6 | 5x5),0.5554856303752651,0.470738818175019,0.6774457634049554,0.9595832824706665
test_89,confidence blend,0.5778304214783447,0.5580552907525662,0.5990585345880075,0.9673690795898068
test_9,6x6 only,0.6039568159509251,0.5508338829731925,0.668419849073098,0.970752716064416
test_9,5x5 only,0.6751008834111271,0.645329441200328,0.7077521152518776,0.977272033691369
test_9,OR (6x6 | 5x5),0.6284506912862852,0.5252207293661995,0.7821861422355565,0.9691429138183224
test_9,confidence blend,0.631680680390146,0.547037161030677,0.747313057396813,0.9709243774413692
test_90,6x6 only,0.6520065970310601,0.687566892614442,0.6199437072773462,0.9686088562011349
test_90,5x5 only,0.7073055638965693,0.7579992644347572,0.6629674306387913,0.9739723205566034
test_90,OR (6x6 | 5x5),0.6979276962635388,0.6587193946743817,0.7420989143540473,0.9695281982421504
test_90,confidence blend,0.6905605670100312,0.6916189400655871,0.6895054282262247,0.9706878662109004
test_91,6x6 only,0.5381352779220641,0.6081399259996499,0.4825837448278626,0.9763221740722283
test_91,5x5 only,0.5875099731626985,0.6434699714003123,0.5405044708387288,0.9783058166503532
test_91,OR (6x6 | 5x5),0.6230862697444574,0.5718746514993064,0.6843720806076546,0.9763336181640252
test_91,confidence blend,0.612180180179739,0.6654653713558987,0.5667956759634769,0.9794731140136345
test_92,6x6 only,0.3985131154436818,0.37554527428899465,0.4244733303445025,0.967285156249963
test_92,5x5 only,0.4527514840362163,0.4888272994968148,0.4216345435523358,0.9739761352538691
test_92,OR (6x6 | 5x5),0.4690699787940205,0.3945169180591169,0.5783654564461701,0.9665718078612912
test_92,confidence blend,0.4171601906684839,0.40374667971424055,0.4314955924093359,0.9692153930663693
test_93,6x6 only,0.6000753052549083,0.5141487694713668,0.7204856626185475,0.971637725830041
test_93,5x5 only,0.6903936241402382,0.6525589419198935,0.7328855592860594,0.980587005615197
test_93,OR (6x6 | 5x5),0.610817633583932,0.4786431240380404,0.8438388013422322,0.9682426452636349
test_93,confidence blend,0.6390674820967858,0.5367459829655485,0.7895892534218683,0.9736595153808222
test_94,6x6 only,0.43889711585893876,0.39831050812697005,0.488693467335916,0.9696464538573848
test_94,5x5 only,0.49437617840160303,0.42183512703825377,0.5970477386925298,0.9703330993651973
test_94,OR (6x6 | 5x5),0.4725564340549601,0.3720007216305502,0.6476130653256162,0.9648818969726194
test_94,confidence blend,0.4867839999996884,0.4108242411143882,0.5972047738684089,0.9694099426269162
test_95,6x6 only,0.6772284787169893,0.7450650986972437,0.6207137858636977,0.9741973876952753
test_95,5x5 only,0.6314275797091131,0.7289066971943572,0.5569454163746003,0.9716453552245723
test_95,OR (6x6 | 5x5),0.6892885620622444,0.6982588404229956,0.6805458362485299,0.9732437133788691
test_95,confidence blend,0.6966641537878361,0.7550040849665491,0.6466934919518486,0.975440979003869
test_96,6x6 only,0.6604919976284377,0.5617595160063502,0.8013304566688217,0.9825210571288687
test_96,5x5 only,0.6221998127201454,0.5190481913225344,0.7765192376828901,0.9799919128417595
test_96,OR (6x6 | 5x5),0.6021733699721445,0.4613397129182188,0.8667745415302647,0.9757003784179314
test_96,confidence blend,0.666185388391087,0.5565741857653117,0.8295577130513673,0.9823608398437125
test_97,6x6 only,0.7478071370194781,0.6903037618178531,0.815761321762967,0.9823417663573843
test_97,5x5 only,0.6862838661785238,0.6194486983148741,0.7692856293821831,0.9774284362792596
test_97,OR (6x6 | 5x5),0.6956480244318115,0.581120943952339,0.8663972423619797,0.9756698608398064
test_97,confidence blend,0.753011072103293,0.6900613739846663,0.8285985974077872,0.9825553894042593
test_98,6x6 only,0.7890563045195963,0.7774652289408073,0.8009982289473498,0.9898529052733996
test_98,5x5 only,0.6362381098491591,0.6076190476181573,0.6676863629034492,0.9819107055663687
test_98,OR (6x6 | 5x5),0.6844335110013089,0.5945625074194532,0.8063113830288097,0.9823837280273062
test_98,confidence blend,0.7387018501662581,0.6981510677931803,0.7842537433572947,0.9868545532226186
test_99,6x6 only,0.7387190286054046,0.6147473827941604,0.9253220060277811,0.9817771911620718
test_99,5x5 only,0.727354918912399,0.6189056640055592,0.8818854480667554,0.9815940856933218
test_99,OR (6x6 | 5x5),0.674864969135477,0.5206876023213866,0.9587558235119776,0.9742813110351191
test_99,confidence blend,0.7609621233061868,0.6378974691752685,0.9428610578227694,0.9835090637206656
