=== Job info ===
Host: gcn3.local.snellius.surf.nl
Date: Thu Jul  2 02:42:15 CEST 2026
Working dir: /home/yhussein/LightM-UNet/lightm-unet
Conda env: /home/yhussein/conda-envs/lightmunet
=== GPU info ===
Thu Jul  2 02:42:15 2026       
+-----------------------------------------------------------------------------------------+
| NVIDIA-SMI 595.71.05              Driver Version: 595.71.05      CUDA Version: 13.2     |
+-----------------------------------------+------------------------+----------------------+
| GPU  Name                 Persistence-M | Bus-Id          Disp.A | Volatile Uncorr. ECC |
| Fan  Temp   Perf          Pwr:Usage/Cap |           Memory-Usage | GPU-Util  Compute M. |
|                                         |                        |               MIG M. |
|=========================================+========================+======================|
|   0  NVIDIA A100-SXM4-40GB          On  |   00000000:31:00.0 Off |                   On |
| N/A   30C    P0             65W /  400W |   17110MiB /  40960MiB |     N/A      Default |
|                                         |                        |              Enabled |
+-----------------------------------------+------------------------+----------------------+
|   1  NVIDIA A100-SXM4-40GB          On  |   00000000:32:00.0 Off |                   On |
| N/A   29C    P0             37W /  400W |     213MiB /  40960MiB |     N/A      Default |
|                                         |                        |              Enabled |
+-----------------------------------------+------------------------+----------------------+
|   2  NVIDIA A100-SXM4-40GB          On  |   00000000:CA:00.0 Off |                   On |
| N/A   29C    P0             38W /  400W |     213MiB /  40960MiB |     N/A      Default |
|                                         |                        |              Enabled |
+-----------------------------------------+------------------------+----------------------+
|   3  NVIDIA A100-SXM4-40GB          On  |   00000000:E3:00.0 Off |                   On |
| N/A   28C    P0             36W /  400W |     213MiB /  40960MiB |     N/A      Default |
|                                         |                        |              Enabled |
+-----------------------------------------+------------------------+----------------------+

+-----------------------------------------------------------------------------------------+
| MIG devices:                                                                            |
+------------------+----------------------------------+-----------+-----------------------+
| GPU  GI  CI  MIG |              Shared Memory-Usage |        Vol|        Shared         |
|      ID  ID  Dev |                Shared BAR1-Usage | SM     Unc| CE ENC  DEC  OFA  JPG |
|                  |                                  |        ECC|                       |
|==================+==================================+===========+=======================|
|  1    1   0   0  |             107MiB / 20096MiB    | 42      0 |  3   0    2    0    0 |
|                  |               0MiB / 12210MiB    |           |                       |
+------------------+----------------------------------+-----------+-----------------------+

+-----------------------------------------------------------------------------------------+
| Processes:                                                                              |
|  GPU   GI   CI              PID   Type   Process name                        GPU Memory |
|        ID   ID                                                               Usage      |
|=========================================================================================|
|    0    1    0          3794061      C   python                                16788MiB |
+-----------------------------------------------------------------------------------------+
=== Ensure official split is present ===
Using device: cuda:0

#######################################################################
Please cite the following paper when using nnU-Net:
Isensee, F., Jaeger, P. F., Kohl, S. A., Petersen, J., & Maier-Hein, K. H. (2021). nnU-Net: a self-configuring method for deep learning-based biomedical image segmentation. Nature methods, 18(2), 203-211.
#######################################################################

WARNING: Cannot continue training because there seems to be no checkpoint available to continue from. Starting a new training...

This is the configuration used by this training:
Configuration name: 2d
 {'data_identifier': 'nnUNetPlans_2d', 'preprocessor_name': 'DefaultPreprocessor', 'batch_size': 4, 'patch_size': [512, 512], 'median_image_size_in_voxels': [512.0, 512.0], 'spacing': [1.0, 1.0], 'normalization_schemes': ['ZScoreNormalization'], 'use_mask_for_norm': [False], 'UNet_class_name': 'PlainConvUNet', 'UNet_base_num_features': 32, 'n_conv_per_stage_encoder': [2, 2, 2, 2, 2, 2, 2, 2], 'n_conv_per_stage_decoder': [2, 2, 2, 2, 2, 2, 2], 'num_pool_per_axis': [7, 7], 'pool_op_kernel_sizes': [[1, 1], [2, 2], [2, 2], [2, 2], [2, 2], [2, 2], [2, 2], [2, 2]], 'conv_kernel_sizes': [[3, 3], [3, 3], [3, 3], [3, 3], [3, 3], [3, 3], [3, 3], [3, 3]], 'unet_max_num_features': 512, 'resampling_fn_data': 'resample_data_or_seg_to_shape', 'resampling_fn_seg': 'resample_data_or_seg_to_shape', 'resampling_fn_data_kwargs': {'is_seg': False, 'order': 3, 'order_z': 0, 'force_separate_z': None}, 'resampling_fn_seg_kwargs': {'is_seg': True, 'order': 1, 'order_z': 0, 'force_separate_z': None}, 'resampling_fn_probabilities': 'resample_data_or_seg_to_shape', 'resampling_fn_probabilities_kwargs': {'is_seg': False, 'order': 1, 'order_z': 0, 'force_separate_z': None}, 'batch_dice': True} 

These are the global plan.json settings:
 {'dataset_name': 'Dataset501_ARCADE', 'plans_name': 'nnUNetPlans', 'original_median_spacing_after_transp': [999.0, 1.0, 1.0], 'original_median_shape_after_transp': [1, 512, 512], 'image_reader_writer': 'NaturalImage2DIO', 'transpose_forward': [0, 1, 2], 'transpose_backward': [0, 1, 2], 'experiment_planner_used': 'ExperimentPlanner', 'label_manager': 'LabelManager', 'foreground_intensity_properties_per_channel': {'0': {'max': 255.0, 'mean': 98.67886352539062, 'median': 96.0, 'min': 0.0, 'percentile_00_5': 32.0, 'percentile_99_5': 186.0, 'std': 31.84078025817871}}} 

2026-07-02 02:42:33.574994: unpacking dataset...
2026-07-02 02:42:38.382586: unpacking done...
2026-07-02 02:42:38.383037: do_dummy_2d_data_aug: False
2026-07-02 02:42:38.388936: Using splits from existing split file: /gpfs/home1/yhussein/LightM-UNet/data/nnUNet_preprocessed/Dataset501_ARCADE/splits_final.json
2026-07-02 02:42:38.389461: The split file contains 1 splits.
2026-07-02 02:42:38.389533: Desired fold for training: 0
2026-07-02 02:42:38.389584: This split has 1000 training and 200 validation cases.
2026-07-02 02:42:38.420317: Skipping architecture plot (UAS_SKIP_ARCH_PLOT=1)
2026-07-02 02:42:38.436162: 
2026-07-02 02:42:38.436275: Epoch 0
2026-07-02 02:42:38.436404: Current learning rate: 0.001
using pin_memory on device 0
using pin_memory on device 0
2026-07-02 02:43:08.010711: train_loss 0.1889
2026-07-02 02:43:08.011008: val_loss -0.0513
2026-07-02 02:43:08.011127: Pseudo dice [0.1763, 0.3447, 0.0]
2026-07-02 02:43:08.011237: Epoch time: 29.58 s
2026-07-02 02:43:08.011331: Yayy! New best EMA pseudo Dice: 0.1737
2026-07-02 02:43:09.159621: 
2026-07-02 02:43:09.159804: Epoch 1
2026-07-02 02:43:09.159919: Current learning rate: 0.00099
2026-07-02 02:43:35.472228: train_loss -0.1252
2026-07-02 02:43:35.472492: val_loss -0.1867
2026-07-02 02:43:35.472605: Pseudo dice [0.3353, 0.5241, 0.1951]
2026-07-02 02:43:35.472707: Epoch time: 26.31 s
2026-07-02 02:43:35.472785: Yayy! New best EMA pseudo Dice: 0.1914
2026-07-02 02:43:36.768552: 
2026-07-02 02:43:36.768750: Epoch 2
2026-07-02 02:43:36.768863: Current learning rate: 0.00099
2026-07-02 02:44:03.108868: train_loss -0.2428
2026-07-02 02:44:03.109080: val_loss -0.3173
2026-07-02 02:44:03.109804: Pseudo dice [0.4983, 0.7074, 0.0374]
2026-07-02 02:44:03.109907: Epoch time: 26.34 s
2026-07-02 02:44:03.109985: Yayy! New best EMA pseudo Dice: 0.2137
2026-07-02 02:44:04.400139: 
2026-07-02 02:44:04.400319: Epoch 3
2026-07-02 02:44:04.400429: Current learning rate: 0.00098
2026-07-02 02:44:30.689307: train_loss -0.2744
2026-07-02 02:44:30.689507: val_loss -0.3507
2026-07-02 02:44:30.689607: Pseudo dice [0.5202, 0.7491, 0.1162]
2026-07-02 02:44:30.689694: Epoch time: 26.29 s
2026-07-02 02:44:30.689764: Yayy! New best EMA pseudo Dice: 0.2385
2026-07-02 02:44:31.972139: 
2026-07-02 02:44:31.972318: Epoch 4
2026-07-02 02:44:31.972432: Current learning rate: 0.00098
2026-07-02 02:44:58.153257: train_loss -0.3318
2026-07-02 02:44:58.153490: val_loss -0.4472
2026-07-02 02:44:58.153593: Pseudo dice [0.5614, 0.758, 0.5159]
2026-07-02 02:44:58.153686: Epoch time: 26.18 s
2026-07-02 02:44:58.153762: Yayy! New best EMA pseudo Dice: 0.2759
2026-07-02 02:44:59.447145: 
2026-07-02 02:44:59.447311: Epoch 5
2026-07-02 02:44:59.447422: Current learning rate: 0.00097
2026-07-02 02:45:25.810611: train_loss -0.3922
2026-07-02 02:45:25.810828: val_loss -0.453
2026-07-02 02:45:25.810938: Pseudo dice [0.5403, 0.7257, 0.5181]
2026-07-02 02:45:25.811029: Epoch time: 26.37 s
2026-07-02 02:45:25.811112: Yayy! New best EMA pseudo Dice: 0.3078
2026-07-02 02:45:27.071698: 
2026-07-02 02:45:27.071865: Epoch 6
2026-07-02 02:45:27.071975: Current learning rate: 0.00096
2026-07-02 02:45:53.366515: train_loss -0.4352
2026-07-02 02:45:53.366719: val_loss -0.4849
2026-07-02 02:45:53.366821: Pseudo dice [0.6084, 0.7351, 0.5579]
2026-07-02 02:45:53.366906: Epoch time: 26.3 s
2026-07-02 02:45:53.366979: Yayy! New best EMA pseudo Dice: 0.3404
2026-07-02 02:45:54.642077: 
2026-07-02 02:45:54.642251: Epoch 7
2026-07-02 02:45:54.642372: Current learning rate: 0.00096
2026-07-02 02:46:20.989069: train_loss -0.4682
2026-07-02 02:46:20.989262: val_loss -0.5229
2026-07-02 02:46:20.989373: Pseudo dice [0.6299, 0.7502, 0.5737]
2026-07-02 02:46:20.989462: Epoch time: 26.35 s
2026-07-02 02:46:20.989531: Yayy! New best EMA pseudo Dice: 0.3714
2026-07-02 02:46:22.255093: 
2026-07-02 02:46:22.255263: Epoch 8
2026-07-02 02:46:22.255381: Current learning rate: 0.00095
2026-07-02 02:46:48.441551: train_loss -0.497
2026-07-02 02:46:48.441776: val_loss -0.5376
2026-07-02 02:46:48.441875: Pseudo dice [0.6316, 0.7428, 0.6278]
2026-07-02 02:46:48.441963: Epoch time: 26.19 s
2026-07-02 02:46:48.442038: Yayy! New best EMA pseudo Dice: 0.401
2026-07-02 02:46:49.869106: 
2026-07-02 02:46:49.869273: Epoch 9
2026-07-02 02:46:49.869392: Current learning rate: 0.00095
2026-07-02 02:47:16.062055: train_loss -0.4927
2026-07-02 02:47:16.062265: val_loss -0.5032
2026-07-02 02:47:16.062381: Pseudo dice [0.6053, 0.7148, 0.6054]
2026-07-02 02:47:16.062479: Epoch time: 26.19 s
2026-07-02 02:47:16.062553: Yayy! New best EMA pseudo Dice: 0.4251
2026-07-02 02:47:17.307594: 
2026-07-02 02:47:17.307770: Epoch 10
2026-07-02 02:47:17.307881: Current learning rate: 0.00094
2026-07-02 02:47:43.663605: train_loss -0.4877
2026-07-02 02:47:43.663795: val_loss -0.5234
2026-07-02 02:47:43.663892: Pseudo dice [0.6485, 0.7888, 0.5213]
2026-07-02 02:47:43.663978: Epoch time: 26.36 s
2026-07-02 02:47:43.664048: Yayy! New best EMA pseudo Dice: 0.4479
2026-07-02 02:47:44.921733: 
2026-07-02 02:47:44.921903: Epoch 11
2026-07-02 02:47:44.922013: Current learning rate: 0.00093
2026-07-02 02:48:11.268151: train_loss -0.5245
2026-07-02 02:48:11.268352: val_loss -0.6097
2026-07-02 02:48:11.268453: Pseudo dice [0.6607, 0.8217, 0.68]
2026-07-02 02:48:11.268536: Epoch time: 26.35 s
2026-07-02 02:48:11.268604: Yayy! New best EMA pseudo Dice: 0.4752
2026-07-02 02:48:12.532855: 
2026-07-02 02:48:12.533025: Epoch 12
2026-07-02 02:48:12.533135: Current learning rate: 0.00093
2026-07-02 02:48:38.717088: train_loss -0.5377
2026-07-02 02:48:38.717282: val_loss -0.5861
2026-07-02 02:48:38.717392: Pseudo dice [0.666, 0.8045, 0.6766]
2026-07-02 02:48:38.717481: Epoch time: 26.19 s
2026-07-02 02:48:38.717552: Yayy! New best EMA pseudo Dice: 0.4992
2026-07-02 02:48:40.132578: 
2026-07-02 02:48:40.132752: Epoch 13
2026-07-02 02:48:40.132863: Current learning rate: 0.00092
2026-07-02 02:49:06.322981: train_loss -0.5323
2026-07-02 02:49:06.323186: val_loss -0.5557
2026-07-02 02:49:06.323287: Pseudo dice [0.6319, 0.7705, 0.6476]
2026-07-02 02:49:06.323388: Epoch time: 26.19 s
2026-07-02 02:49:06.323463: Yayy! New best EMA pseudo Dice: 0.5177
2026-07-02 02:49:07.615800: 
2026-07-02 02:49:07.615967: Epoch 14
2026-07-02 02:49:07.616084: Current learning rate: 0.00092
2026-07-02 02:49:33.989920: train_loss -0.5444
2026-07-02 02:49:33.990119: val_loss -0.5833
2026-07-02 02:49:33.990218: Pseudo dice [0.6553, 0.8139, 0.674]
2026-07-02 02:49:33.990314: Epoch time: 26.38 s
2026-07-02 02:49:33.990386: Yayy! New best EMA pseudo Dice: 0.5373
2026-07-02 02:49:35.269964: 
2026-07-02 02:49:35.270141: Epoch 15
2026-07-02 02:49:35.270252: Current learning rate: 0.00091
2026-07-02 02:50:01.613921: train_loss -0.5569
2026-07-02 02:50:01.614113: val_loss -0.6059
2026-07-02 02:50:01.614217: Pseudo dice [0.6564, 0.7995, 0.6897]
2026-07-02 02:50:01.614315: Epoch time: 26.35 s
2026-07-02 02:50:01.614389: Yayy! New best EMA pseudo Dice: 0.5551
2026-07-02 02:50:02.891116: 
2026-07-02 02:50:02.891292: Epoch 16
2026-07-02 02:50:02.891411: Current learning rate: 0.0009
2026-07-02 02:50:29.195521: train_loss -0.5693
2026-07-02 02:50:29.195710: val_loss -0.6023
2026-07-02 02:50:29.195809: Pseudo dice [0.6631, 0.7569, 0.6908]
2026-07-02 02:50:29.195892: Epoch time: 26.31 s
2026-07-02 02:50:29.195960: Yayy! New best EMA pseudo Dice: 0.57
2026-07-02 02:50:30.489573: 
2026-07-02 02:50:30.489739: Epoch 17
2026-07-02 02:50:30.489846: Current learning rate: 0.0009
2026-07-02 02:50:56.676128: train_loss -0.5831
2026-07-02 02:50:56.676348: val_loss -0.5957
2026-07-02 02:50:56.676452: Pseudo dice [0.6847, 0.817, 0.7042]
2026-07-02 02:50:56.676538: Epoch time: 26.19 s
2026-07-02 02:50:56.676613: Yayy! New best EMA pseudo Dice: 0.5865
2026-07-02 02:50:57.972142: 
2026-07-02 02:50:57.972315: Epoch 18
2026-07-02 02:50:57.972430: Current learning rate: 0.00089
2026-07-02 02:51:24.341752: train_loss -0.58
2026-07-02 02:51:24.341953: val_loss -0.627
2026-07-02 02:51:24.342051: Pseudo dice [0.6958, 0.7963, 0.7284]
2026-07-02 02:51:24.342138: Epoch time: 26.37 s
2026-07-02 02:51:24.342212: Yayy! New best EMA pseudo Dice: 0.6019
2026-07-02 02:51:25.638365: 
2026-07-02 02:51:25.638539: Epoch 19
2026-07-02 02:51:25.638647: Current learning rate: 0.00089
2026-07-02 02:51:51.945857: train_loss -0.5771
2026-07-02 02:51:51.946049: val_loss -0.6053
2026-07-02 02:51:51.946148: Pseudo dice [0.6811, 0.7956, 0.7353]
2026-07-02 02:51:51.946232: Epoch time: 26.31 s
2026-07-02 02:51:51.946309: Yayy! New best EMA pseudo Dice: 0.6154
2026-07-02 02:51:53.242246: 
2026-07-02 02:51:53.242419: Epoch 20
2026-07-02 02:51:53.242531: Current learning rate: 0.00088
2026-07-02 02:52:19.537812: train_loss -0.5985
2026-07-02 02:52:19.538023: val_loss -0.6178
2026-07-02 02:52:19.538126: Pseudo dice [0.682, 0.775, 0.7133]
2026-07-02 02:52:19.538211: Epoch time: 26.3 s
2026-07-02 02:52:19.538284: Yayy! New best EMA pseudo Dice: 0.6262
2026-07-02 02:52:20.850395: 
2026-07-02 02:52:20.850572: Epoch 21
2026-07-02 02:52:20.850684: Current learning rate: 0.00087
2026-07-02 02:52:47.031585: train_loss -0.5905
2026-07-02 02:52:47.031771: val_loss -0.6607
2026-07-02 02:52:47.031867: Pseudo dice [0.7136, 0.8033, 0.733]
2026-07-02 02:52:47.031951: Epoch time: 26.18 s
2026-07-02 02:52:47.032020: Yayy! New best EMA pseudo Dice: 0.6386
2026-07-02 02:52:48.268395: 
2026-07-02 02:52:48.268544: Epoch 22
2026-07-02 02:52:48.268649: Current learning rate: 0.00087
2026-07-02 02:53:14.621711: train_loss -0.5889
2026-07-02 02:53:14.621908: val_loss -0.6101
2026-07-02 02:53:14.622007: Pseudo dice [0.6848, 0.7764, 0.6982]
2026-07-02 02:53:14.622093: Epoch time: 26.36 s
2026-07-02 02:53:14.622166: Yayy! New best EMA pseudo Dice: 0.6467
2026-07-02 02:53:15.857596: 
2026-07-02 02:53:15.857770: Epoch 23
2026-07-02 02:53:15.857881: Current learning rate: 0.00086
2026-07-02 02:53:42.165245: train_loss -0.5971
2026-07-02 02:53:42.165455: val_loss -0.624
2026-07-02 02:53:42.165556: Pseudo dice [0.6781, 0.8235, 0.7167]
2026-07-02 02:53:42.165647: Epoch time: 26.31 s
2026-07-02 02:53:42.165717: Yayy! New best EMA pseudo Dice: 0.656
2026-07-02 02:53:43.415684: 
2026-07-02 02:53:43.415854: Epoch 24
2026-07-02 02:53:43.415965: Current learning rate: 0.00085
2026-07-02 02:54:09.766317: train_loss -0.5988
2026-07-02 02:54:09.766521: val_loss -0.6574
2026-07-02 02:54:09.766620: Pseudo dice [0.7157, 0.8078, 0.7345]
2026-07-02 02:54:09.766705: Epoch time: 26.35 s
2026-07-02 02:54:09.766778: Yayy! New best EMA pseudo Dice: 0.6657
2026-07-02 02:54:11.023772: 
2026-07-02 02:54:11.023941: Epoch 25
2026-07-02 02:54:11.024050: Current learning rate: 0.00085
2026-07-02 02:54:37.214055: train_loss -0.6166
2026-07-02 02:54:37.214257: val_loss -0.6384
2026-07-02 02:54:37.214370: Pseudo dice [0.6874, 0.8489, 0.7241]
2026-07-02 02:54:37.214461: Epoch time: 26.19 s
2026-07-02 02:54:37.214537: Yayy! New best EMA pseudo Dice: 0.6744
2026-07-02 02:54:38.478744: 
2026-07-02 02:54:38.478908: Epoch 26
2026-07-02 02:54:38.479019: Current learning rate: 0.00084
2026-07-02 02:55:04.791766: train_loss -0.6198
2026-07-02 02:55:04.791967: val_loss -0.6104
2026-07-02 02:55:04.792064: Pseudo dice [0.6976, 0.825, 0.6642]
2026-07-02 02:55:04.792149: Epoch time: 26.31 s
2026-07-02 02:55:04.792223: Yayy! New best EMA pseudo Dice: 0.6799
2026-07-02 02:55:06.056704: 
2026-07-02 02:55:06.056885: Epoch 27
2026-07-02 02:55:06.057003: Current learning rate: 0.00084
2026-07-02 02:55:32.373223: train_loss -0.6175
2026-07-02 02:55:32.373427: val_loss -0.6223
2026-07-02 02:55:32.373527: Pseudo dice [0.6963, 0.7788, 0.735]
2026-07-02 02:55:32.373612: Epoch time: 26.32 s
2026-07-02 02:55:32.373687: Yayy! New best EMA pseudo Dice: 0.6856
2026-07-02 02:55:33.643352: 
2026-07-02 02:55:33.643563: Epoch 28
2026-07-02 02:55:33.643680: Current learning rate: 0.00083
2026-07-02 02:55:59.953425: train_loss -0.6196
2026-07-02 02:55:59.953625: val_loss -0.6312
2026-07-02 02:55:59.953724: Pseudo dice [0.7229, 0.8209, 0.6925]
2026-07-02 02:55:59.953810: Epoch time: 26.31 s
2026-07-02 02:55:59.953880: Yayy! New best EMA pseudo Dice: 0.6916
2026-07-02 02:56:01.219662: 
2026-07-02 02:56:01.219835: Epoch 29
2026-07-02 02:56:01.219948: Current learning rate: 0.00082
2026-07-02 02:56:27.421115: train_loss -0.6266
2026-07-02 02:56:27.421353: val_loss -0.6639
2026-07-02 02:56:27.421467: Pseudo dice [0.7357, 0.8256, 0.7358]
2026-07-02 02:56:27.421561: Epoch time: 26.2 s
2026-07-02 02:56:27.421637: Yayy! New best EMA pseudo Dice: 0.699
2026-07-02 02:56:28.856439: 
2026-07-02 02:56:28.856609: Epoch 30
2026-07-02 02:56:28.856721: Current learning rate: 0.00082
2026-07-02 02:56:55.077869: train_loss -0.633
2026-07-02 02:56:55.078065: val_loss -0.6897
2026-07-02 02:56:55.078164: Pseudo dice [0.715, 0.8507, 0.7652]
2026-07-02 02:56:55.078250: Epoch time: 26.22 s
2026-07-02 02:56:55.078328: Yayy! New best EMA pseudo Dice: 0.7068
2026-07-02 02:56:56.356815: 
2026-07-02 02:56:56.356988: Epoch 31
2026-07-02 02:56:56.357099: Current learning rate: 0.00081
2026-07-02 02:57:22.673060: train_loss -0.6314
2026-07-02 02:57:22.673273: val_loss -0.5915
2026-07-02 02:57:22.673384: Pseudo dice [0.6972, 0.7613, 0.7228]
2026-07-02 02:57:22.673472: Epoch time: 26.32 s
2026-07-02 02:57:22.673541: Yayy! New best EMA pseudo Dice: 0.7088
2026-07-02 02:57:23.948870: 
2026-07-02 02:57:23.949021: Epoch 32
2026-07-02 02:57:23.949126: Current learning rate: 0.00081
2026-07-02 02:57:50.260751: train_loss -0.655
2026-07-02 02:57:50.260948: val_loss -0.6503
2026-07-02 02:57:50.261048: Pseudo dice [0.708, 0.7987, 0.7439]
2026-07-02 02:57:50.261133: Epoch time: 26.31 s
2026-07-02 02:57:50.261202: Yayy! New best EMA pseudo Dice: 0.7129
2026-07-02 02:57:51.547235: 
2026-07-02 02:57:51.547395: Epoch 33
2026-07-02 02:57:51.547507: Current learning rate: 0.0008
2026-07-02 02:58:17.738637: train_loss -0.6401
2026-07-02 02:58:17.738845: val_loss -0.6725
2026-07-02 02:58:17.739586: Pseudo dice [0.7162, 0.8481, 0.7556]
2026-07-02 02:58:17.739683: Epoch time: 26.19 s
2026-07-02 02:58:17.739754: Yayy! New best EMA pseudo Dice: 0.719
2026-07-02 02:58:19.172070: 
2026-07-02 02:58:19.172250: Epoch 34
2026-07-02 02:58:19.172371: Current learning rate: 0.00079
2026-07-02 02:58:45.375100: train_loss -0.6346
2026-07-02 02:58:45.375330: val_loss -0.6734
2026-07-02 02:58:45.375431: Pseudo dice [0.7271, 0.8402, 0.7436]
2026-07-02 02:58:45.375519: Epoch time: 26.2 s
2026-07-02 02:58:45.375591: Yayy! New best EMA pseudo Dice: 0.7241
2026-07-02 02:58:46.652842: 
2026-07-02 02:58:46.653010: Epoch 35
2026-07-02 02:58:46.653124: Current learning rate: 0.00079
2026-07-02 02:59:13.017755: train_loss -0.6526
2026-07-02 02:59:13.017956: val_loss -0.6806
2026-07-02 02:59:13.018054: Pseudo dice [0.7307, 0.8415, 0.7467]
2026-07-02 02:59:13.018137: Epoch time: 26.37 s
2026-07-02 02:59:13.018204: Yayy! New best EMA pseudo Dice: 0.729
2026-07-02 02:59:14.287857: 
2026-07-02 02:59:14.288020: Epoch 36
2026-07-02 02:59:14.288133: Current learning rate: 0.00078
2026-07-02 02:59:40.491949: train_loss -0.6485
2026-07-02 02:59:40.492147: val_loss -0.6596
2026-07-02 02:59:40.492252: Pseudo dice [0.7338, 0.8284, 0.72]
2026-07-02 02:59:40.492348: Epoch time: 26.21 s
2026-07-02 02:59:40.492420: Yayy! New best EMA pseudo Dice: 0.7322
2026-07-02 02:59:41.920124: 
2026-07-02 02:59:41.920288: Epoch 37
2026-07-02 02:59:41.920407: Current learning rate: 0.00077
2026-07-02 03:00:08.126489: train_loss -0.6515
2026-07-02 03:00:08.126702: val_loss -0.6647
2026-07-02 03:00:08.126805: Pseudo dice [0.721, 0.8294, 0.733]
2026-07-02 03:00:08.126894: Epoch time: 26.21 s
2026-07-02 03:00:08.126966: Yayy! New best EMA pseudo Dice: 0.7351
2026-07-02 03:00:09.394359: 
2026-07-02 03:00:09.394513: Epoch 38
2026-07-02 03:00:09.394620: Current learning rate: 0.00077
2026-07-02 03:00:35.711426: train_loss -0.6444
2026-07-02 03:00:35.711631: val_loss -0.6577
2026-07-02 03:00:35.711731: Pseudo dice [0.7058, 0.8335, 0.7589]
2026-07-02 03:00:35.711825: Epoch time: 26.32 s
2026-07-02 03:00:35.711899: Yayy! New best EMA pseudo Dice: 0.7382
2026-07-02 03:00:36.984852: 
2026-07-02 03:00:36.985021: Epoch 39
2026-07-02 03:00:36.985132: Current learning rate: 0.00076
2026-07-02 03:01:03.337944: train_loss -0.6601
2026-07-02 03:01:03.338144: val_loss -0.6702
2026-07-02 03:01:03.338239: Pseudo dice [0.7149, 0.8173, 0.7397]
2026-07-02 03:01:03.338334: Epoch time: 26.35 s
2026-07-02 03:01:03.338406: Yayy! New best EMA pseudo Dice: 0.7401
2026-07-02 03:01:04.624379: 
2026-07-02 03:01:04.624540: Epoch 40
2026-07-02 03:01:04.624653: Current learning rate: 0.00076
2026-07-02 03:01:30.829329: train_loss -0.6667
2026-07-02 03:01:30.829526: val_loss -0.637
2026-07-02 03:01:30.829624: Pseudo dice [0.7197, 0.8272, 0.7402]
2026-07-02 03:01:30.829711: Epoch time: 26.21 s
2026-07-02 03:01:30.829781: Yayy! New best EMA pseudo Dice: 0.7423
2026-07-02 03:01:32.269123: 
2026-07-02 03:01:32.269279: Epoch 41
2026-07-02 03:01:32.269394: Current learning rate: 0.00075
2026-07-02 03:01:58.474046: train_loss -0.664
2026-07-02 03:01:58.474253: val_loss -0.6779
2026-07-02 03:01:58.474359: Pseudo dice [0.7248, 0.8468, 0.758]
2026-07-02 03:01:58.474492: Epoch time: 26.21 s
2026-07-02 03:01:58.474570: Yayy! New best EMA pseudo Dice: 0.7457
2026-07-02 03:01:59.881086: 
2026-07-02 03:01:59.881260: Epoch 42
2026-07-02 03:01:59.881379: Current learning rate: 0.00074
2026-07-02 03:02:26.096168: train_loss -0.6722
2026-07-02 03:02:26.096444: val_loss -0.657
2026-07-02 03:02:26.096545: Pseudo dice [0.712, 0.8429, 0.7345]
2026-07-02 03:02:26.096639: Epoch time: 26.22 s
2026-07-02 03:02:26.096714: Yayy! New best EMA pseudo Dice: 0.7475
2026-07-02 03:02:27.347547: 
2026-07-02 03:02:27.347710: Epoch 43
2026-07-02 03:02:27.347816: Current learning rate: 0.00074
2026-07-02 03:02:53.715956: train_loss -0.677
2026-07-02 03:02:53.716149: val_loss -0.6621
2026-07-02 03:02:53.716248: Pseudo dice [0.7075, 0.8356, 0.7252]
2026-07-02 03:02:53.716343: Epoch time: 26.37 s
2026-07-02 03:02:53.716416: Yayy! New best EMA pseudo Dice: 0.7483
2026-07-02 03:02:54.963992: 
2026-07-02 03:02:54.964220: Epoch 44
2026-07-02 03:02:54.964398: Current learning rate: 0.00073
2026-07-02 03:03:21.319543: train_loss -0.6613
2026-07-02 03:03:21.319742: val_loss -0.6792
2026-07-02 03:03:21.319844: Pseudo dice [0.7245, 0.8278, 0.7433]
2026-07-02 03:03:21.319929: Epoch time: 26.36 s
2026-07-02 03:03:21.319997: Yayy! New best EMA pseudo Dice: 0.75
2026-07-02 03:03:22.568786: 
2026-07-02 03:03:22.568933: Epoch 45
2026-07-02 03:03:22.569038: Current learning rate: 0.00073
2026-07-02 03:03:48.763574: train_loss -0.6752
2026-07-02 03:03:48.763817: val_loss -0.6459
2026-07-02 03:03:48.763918: Pseudo dice [0.7183, 0.8227, 0.7274]
2026-07-02 03:03:48.764010: Epoch time: 26.2 s
2026-07-02 03:03:48.764083: Yayy! New best EMA pseudo Dice: 0.7506
2026-07-02 03:03:50.163020: 
2026-07-02 03:03:50.163173: Epoch 46
2026-07-02 03:03:50.163281: Current learning rate: 0.00072
2026-07-02 03:04:16.381730: train_loss -0.6753
2026-07-02 03:04:16.381980: val_loss -0.641
2026-07-02 03:04:16.382081: Pseudo dice [0.7245, 0.8281, 0.7203]
2026-07-02 03:04:16.382175: Epoch time: 26.22 s
2026-07-02 03:04:16.382247: Yayy! New best EMA pseudo Dice: 0.7513
2026-07-02 03:04:17.647669: 
2026-07-02 03:04:17.647838: Epoch 47
2026-07-02 03:04:17.647949: Current learning rate: 0.00071
2026-07-02 03:04:44.016270: train_loss -0.6793
2026-07-02 03:04:44.016470: val_loss -0.6936
2026-07-02 03:04:44.016573: Pseudo dice [0.7318, 0.844, 0.7713]
2026-07-02 03:04:44.016661: Epoch time: 26.37 s
2026-07-02 03:04:44.016737: Yayy! New best EMA pseudo Dice: 0.7544
2026-07-02 03:04:45.275739: 
2026-07-02 03:04:45.275902: Epoch 48
2026-07-02 03:04:45.276010: Current learning rate: 0.00071
2026-07-02 03:05:11.629891: train_loss -0.6722
2026-07-02 03:05:11.630083: val_loss -0.6799
2026-07-02 03:05:11.630181: Pseudo dice [0.7312, 0.8331, 0.7493]
2026-07-02 03:05:11.630264: Epoch time: 26.36 s
2026-07-02 03:05:11.630343: Yayy! New best EMA pseudo Dice: 0.7561
2026-07-02 03:05:12.899134: 
2026-07-02 03:05:12.899303: Epoch 49
2026-07-02 03:05:12.899413: Current learning rate: 0.0007
2026-07-02 03:05:39.092037: train_loss -0.6837
2026-07-02 03:05:39.092241: val_loss -0.6522
2026-07-02 03:05:39.092347: Pseudo dice [0.7381, 0.8177, 0.7474]
2026-07-02 03:05:39.092434: Epoch time: 26.19 s
2026-07-02 03:05:39.204263: Yayy! New best EMA pseudo Dice: 0.7573
2026-07-02 03:05:40.623060: 
2026-07-02 03:05:40.623230: Epoch 50
2026-07-02 03:05:40.623354: Current learning rate: 0.00069
2026-07-02 03:06:06.836144: train_loss -0.6815
2026-07-02 03:06:06.836347: val_loss -0.7002
2026-07-02 03:06:06.836448: Pseudo dice [0.7462, 0.8409, 0.7626]
2026-07-02 03:06:06.836535: Epoch time: 26.21 s
2026-07-02 03:06:06.836607: Yayy! New best EMA pseudo Dice: 0.7599
2026-07-02 03:06:08.099255: 
2026-07-02 03:06:08.099426: Epoch 51
2026-07-02 03:06:08.099541: Current learning rate: 0.00069
2026-07-02 03:06:34.465179: train_loss -0.6794
2026-07-02 03:06:34.465389: val_loss -0.6647
2026-07-02 03:06:34.465491: Pseudo dice [0.7254, 0.848, 0.7547]
2026-07-02 03:06:34.465576: Epoch time: 26.37 s
2026-07-02 03:06:34.465646: Yayy! New best EMA pseudo Dice: 0.7615
2026-07-02 03:06:35.742440: 
2026-07-02 03:06:35.742619: Epoch 52
2026-07-02 03:06:35.742732: Current learning rate: 0.00068
2026-07-02 03:07:02.102704: train_loss -0.6787
2026-07-02 03:07:02.102918: val_loss -0.6845
2026-07-02 03:07:02.103019: Pseudo dice [0.7283, 0.8421, 0.7609]
2026-07-02 03:07:02.103108: Epoch time: 26.36 s
2026-07-02 03:07:02.103181: Yayy! New best EMA pseudo Dice: 0.763
2026-07-02 03:07:03.373468: 
2026-07-02 03:07:03.373645: Epoch 53
2026-07-02 03:07:03.373758: Current learning rate: 0.00068
2026-07-02 03:07:29.720059: train_loss -0.6893
2026-07-02 03:07:29.720266: val_loss -0.6621
2026-07-02 03:07:29.720375: Pseudo dice [0.7253, 0.8273, 0.7706]
2026-07-02 03:07:29.720461: Epoch time: 26.35 s
2026-07-02 03:07:29.721154: Yayy! New best EMA pseudo Dice: 0.7642
2026-07-02 03:07:30.988499: 
2026-07-02 03:07:30.988673: Epoch 54
2026-07-02 03:07:30.988787: Current learning rate: 0.00067
2026-07-02 03:07:57.200646: train_loss -0.6962
2026-07-02 03:07:57.200828: val_loss -0.6546
2026-07-02 03:07:57.200924: Pseudo dice [0.7231, 0.8265, 0.7371]
2026-07-02 03:07:57.201007: Epoch time: 26.21 s
2026-07-02 03:07:58.512357: 
2026-07-02 03:07:58.512525: Epoch 55
2026-07-02 03:07:58.512636: Current learning rate: 0.00066
2026-07-02 03:08:24.728420: train_loss -0.6855
2026-07-02 03:08:24.728624: val_loss -0.6751
2026-07-02 03:08:24.728729: Pseudo dice [0.7106, 0.8552, 0.7572]
2026-07-02 03:08:24.728817: Epoch time: 26.22 s
2026-07-02 03:08:24.728890: Yayy! New best EMA pseudo Dice: 0.765
2026-07-02 03:08:25.998796: 
2026-07-02 03:08:25.998955: Epoch 56
2026-07-02 03:08:25.999065: Current learning rate: 0.00066
2026-07-02 03:08:52.317773: train_loss -0.6866
2026-07-02 03:08:52.318005: val_loss -0.643
2026-07-02 03:08:52.318110: Pseudo dice [0.7241, 0.833, 0.7416]
2026-07-02 03:08:52.318199: Epoch time: 26.32 s
2026-07-02 03:08:52.318271: Yayy! New best EMA pseudo Dice: 0.7651
2026-07-02 03:08:53.590708: 
2026-07-02 03:08:53.590859: Epoch 57
2026-07-02 03:08:53.590965: Current learning rate: 0.00065
2026-07-02 03:09:19.945563: train_loss -0.6991
2026-07-02 03:09:19.945779: val_loss -0.6905
2026-07-02 03:09:19.945879: Pseudo dice [0.7318, 0.8481, 0.7533]
2026-07-02 03:09:19.945966: Epoch time: 26.36 s
2026-07-02 03:09:19.946038: Yayy! New best EMA pseudo Dice: 0.7664
2026-07-02 03:09:21.219371: 
2026-07-02 03:09:21.219537: Epoch 58
2026-07-02 03:09:21.219647: Current learning rate: 0.00064
2026-07-02 03:09:47.428020: train_loss -0.6943
2026-07-02 03:09:47.428211: val_loss -0.6527
2026-07-02 03:09:47.428315: Pseudo dice [0.7419, 0.8422, 0.7555]
2026-07-02 03:09:47.428403: Epoch time: 26.21 s
2026-07-02 03:09:47.428474: Yayy! New best EMA pseudo Dice: 0.7678
2026-07-02 03:09:48.851184: 
2026-07-02 03:09:48.851361: Epoch 59
2026-07-02 03:09:48.851484: Current learning rate: 0.00064
2026-07-02 03:10:15.066348: train_loss -0.6954
2026-07-02 03:10:15.066543: val_loss -0.6766
2026-07-02 03:10:15.066642: Pseudo dice [0.7459, 0.8209, 0.7561]
2026-07-02 03:10:15.066729: Epoch time: 26.22 s
2026-07-02 03:10:15.066799: Yayy! New best EMA pseudo Dice: 0.7684
2026-07-02 03:10:16.347816: 
2026-07-02 03:10:16.347987: Epoch 60
2026-07-02 03:10:16.348105: Current learning rate: 0.00063
2026-07-02 03:10:42.720850: train_loss -0.6887
2026-07-02 03:10:42.721049: val_loss -0.6684
2026-07-02 03:10:42.721149: Pseudo dice [0.7307, 0.8169, 0.7095]
2026-07-02 03:10:42.721233: Epoch time: 26.37 s
2026-07-02 03:10:43.887498: 
2026-07-02 03:10:43.887675: Epoch 61
2026-07-02 03:10:43.887788: Current learning rate: 0.00063
2026-07-02 03:11:10.095869: train_loss -0.6998
2026-07-02 03:11:10.096089: val_loss -0.6973
2026-07-02 03:11:10.096191: Pseudo dice [0.7429, 0.8449, 0.7901]
2026-07-02 03:11:10.096278: Epoch time: 26.21 s
2026-07-02 03:11:10.096359: Yayy! New best EMA pseudo Dice: 0.7694
2026-07-02 03:11:11.532413: 
2026-07-02 03:11:11.532564: Epoch 62
2026-07-02 03:11:11.532673: Current learning rate: 0.00062
2026-07-02 03:11:37.735964: train_loss -0.7118
2026-07-02 03:11:37.736163: val_loss -0.6995
2026-07-02 03:11:37.736267: Pseudo dice [0.7291, 0.8574, 0.7816]
2026-07-02 03:11:37.736413: Epoch time: 26.21 s
2026-07-02 03:11:37.736499: Yayy! New best EMA pseudo Dice: 0.7714
2026-07-02 03:11:39.028204: 
2026-07-02 03:11:39.028365: Epoch 63
2026-07-02 03:11:39.028473: Current learning rate: 0.00061
2026-07-02 03:12:05.406486: train_loss -0.6957
2026-07-02 03:12:05.406688: val_loss -0.6518
2026-07-02 03:12:05.406791: Pseudo dice [0.7167, 0.8287, 0.7366]
2026-07-02 03:12:05.406877: Epoch time: 26.38 s
2026-07-02 03:12:06.581323: 
2026-07-02 03:12:06.581494: Epoch 64
2026-07-02 03:12:06.581606: Current learning rate: 0.00061
2026-07-02 03:12:32.952945: train_loss -0.6959
2026-07-02 03:12:32.953149: val_loss -0.6734
2026-07-02 03:12:32.953251: Pseudo dice [0.7368, 0.8254, 0.7396]
2026-07-02 03:12:32.953345: Epoch time: 26.37 s
2026-07-02 03:12:34.127882: 
2026-07-02 03:12:34.128052: Epoch 65
2026-07-02 03:12:34.128164: Current learning rate: 0.0006
2026-07-02 03:13:00.342959: train_loss -0.6906
2026-07-02 03:13:00.343152: val_loss -0.6762
2026-07-02 03:13:00.343255: Pseudo dice [0.7321, 0.8336, 0.7268]
2026-07-02 03:13:00.343355: Epoch time: 26.22 s
2026-07-02 03:13:01.516509: 
2026-07-02 03:13:01.516670: Epoch 66
2026-07-02 03:13:01.516777: Current learning rate: 0.00059
2026-07-02 03:13:27.903501: train_loss -0.7022
2026-07-02 03:13:27.903714: val_loss -0.7056
2026-07-02 03:13:27.903820: Pseudo dice [0.7413, 0.8573, 0.7864]
2026-07-02 03:13:27.903912: Epoch time: 26.39 s
2026-07-02 03:13:27.903987: Yayy! New best EMA pseudo Dice: 0.772
2026-07-02 03:13:29.196711: 
2026-07-02 03:13:29.196868: Epoch 67
2026-07-02 03:13:29.196978: Current learning rate: 0.00059
2026-07-02 03:13:55.572303: train_loss -0.7048
2026-07-02 03:13:55.572525: val_loss -0.6657
2026-07-02 03:13:55.572637: Pseudo dice [0.738, 0.8472, 0.7206]
2026-07-02 03:13:55.572730: Epoch time: 26.38 s
2026-07-02 03:13:56.756848: 
2026-07-02 03:13:56.757031: Epoch 68
2026-07-02 03:13:56.757146: Current learning rate: 0.00058
2026-07-02 03:14:23.093090: train_loss -0.7103
2026-07-02 03:14:23.093289: val_loss -0.669
2026-07-02 03:14:23.093400: Pseudo dice [0.7301, 0.8253, 0.7301]
2026-07-02 03:14:23.093487: Epoch time: 26.34 s
2026-07-02 03:14:24.251216: 
2026-07-02 03:14:24.251394: Epoch 69
2026-07-02 03:14:24.251508: Current learning rate: 0.00057
2026-07-02 03:14:50.471943: train_loss -0.7144
2026-07-02 03:14:50.472164: val_loss -0.6737
2026-07-02 03:14:50.472265: Pseudo dice [0.7356, 0.8413, 0.739]
2026-07-02 03:14:50.472362: Epoch time: 26.22 s
2026-07-02 03:14:51.634440: 
2026-07-02 03:14:51.634609: Epoch 70
2026-07-02 03:14:51.634722: Current learning rate: 0.00057
2026-07-02 03:15:18.027409: train_loss -0.7061
2026-07-02 03:15:18.027600: val_loss -0.6681
2026-07-02 03:15:18.027697: Pseudo dice [0.744, 0.8402, 0.7534]
2026-07-02 03:15:18.027781: Epoch time: 26.39 s
2026-07-02 03:15:19.199929: 
2026-07-02 03:15:19.200093: Epoch 71
2026-07-02 03:15:19.200203: Current learning rate: 0.00056
2026-07-02 03:15:45.517885: train_loss -0.7136
2026-07-02 03:15:45.518104: val_loss -0.6909
2026-07-02 03:15:45.518206: Pseudo dice [0.7417, 0.855, 0.7841]
2026-07-02 03:15:45.518305: Epoch time: 26.32 s
2026-07-02 03:15:45.518384: Yayy! New best EMA pseudo Dice: 0.7738
2026-07-02 03:15:46.789722: 
2026-07-02 03:15:46.789897: Epoch 72
2026-07-02 03:15:46.790016: Current learning rate: 0.00056
2026-07-02 03:16:12.998307: train_loss -0.7084
2026-07-02 03:16:12.998501: val_loss -0.6996
2026-07-02 03:16:12.998600: Pseudo dice [0.7291, 0.8612, 0.7727]
2026-07-02 03:16:12.998688: Epoch time: 26.21 s
2026-07-02 03:16:12.998761: Yayy! New best EMA pseudo Dice: 0.7752
2026-07-02 03:16:14.445269: 
2026-07-02 03:16:14.445440: Epoch 73
2026-07-02 03:16:14.445551: Current learning rate: 0.00055
2026-07-02 03:16:40.670132: train_loss -0.7163
2026-07-02 03:16:40.670374: val_loss -0.6965
2026-07-02 03:16:40.670479: Pseudo dice [0.7437, 0.8595, 0.7681]
2026-07-02 03:16:40.670571: Epoch time: 26.23 s
2026-07-02 03:16:40.670645: Yayy! New best EMA pseudo Dice: 0.7767
2026-07-02 03:16:41.947492: 
2026-07-02 03:16:41.947642: Epoch 74
2026-07-02 03:16:41.947756: Current learning rate: 0.00054
2026-07-02 03:17:08.295198: train_loss -0.7182
2026-07-02 03:17:08.295399: val_loss -0.7003
2026-07-02 03:17:08.295503: Pseudo dice [0.7413, 0.852, 0.7593]
2026-07-02 03:17:08.295588: Epoch time: 26.35 s
2026-07-02 03:17:08.295657: Yayy! New best EMA pseudo Dice: 0.7775
2026-07-02 03:17:09.573774: 
2026-07-02 03:17:09.573941: Epoch 75
2026-07-02 03:17:09.574054: Current learning rate: 0.00054
2026-07-02 03:17:35.944171: train_loss -0.7239
2026-07-02 03:17:35.944385: val_loss -0.6838
2026-07-02 03:17:35.945090: Pseudo dice [0.7356, 0.8282, 0.7572]
2026-07-02 03:17:35.945185: Epoch time: 26.37 s
2026-07-02 03:17:37.104807: 
2026-07-02 03:17:37.104975: Epoch 76
2026-07-02 03:17:37.105085: Current learning rate: 0.00053
2026-07-02 03:18:03.312797: train_loss -0.7147
2026-07-02 03:18:03.312989: val_loss -0.6977
2026-07-02 03:18:03.313086: Pseudo dice [0.7562, 0.8502, 0.7697]
2026-07-02 03:18:03.313170: Epoch time: 26.21 s
2026-07-02 03:18:03.313243: Yayy! New best EMA pseudo Dice: 0.7786
2026-07-02 03:18:04.590778: 
2026-07-02 03:18:04.590949: Epoch 77
2026-07-02 03:18:04.591063: Current learning rate: 0.00052
2026-07-02 03:18:30.925015: train_loss -0.7179
2026-07-02 03:18:30.925225: val_loss -0.6907
2026-07-02 03:18:30.925332: Pseudo dice [0.7605, 0.8591, 0.7731]
2026-07-02 03:18:30.925420: Epoch time: 26.34 s
2026-07-02 03:18:30.925493: Yayy! New best EMA pseudo Dice: 0.7805
2026-07-02 03:18:32.217246: 
2026-07-02 03:18:32.217427: Epoch 78
2026-07-02 03:18:32.217539: Current learning rate: 0.00052
2026-07-02 03:18:58.557092: train_loss -0.7144
2026-07-02 03:18:58.557287: val_loss -0.671
2026-07-02 03:18:58.557397: Pseudo dice [0.7412, 0.8503, 0.7425]
2026-07-02 03:18:58.557482: Epoch time: 26.34 s
2026-07-02 03:18:59.731847: 
2026-07-02 03:18:59.732040: Epoch 79
2026-07-02 03:18:59.732157: Current learning rate: 0.00051
2026-07-02 03:19:25.938938: train_loss -0.7282
2026-07-02 03:19:25.939127: val_loss -0.6728
2026-07-02 03:19:25.939224: Pseudo dice [0.7606, 0.8392, 0.7532]
2026-07-02 03:19:25.939316: Epoch time: 26.21 s
2026-07-02 03:19:25.939403: Yayy! New best EMA pseudo Dice: 0.7807
2026-07-02 03:19:27.382430: 
2026-07-02 03:19:27.382599: Epoch 80
2026-07-02 03:19:27.382710: Current learning rate: 0.0005
2026-07-02 03:19:53.610538: train_loss -0.7328
2026-07-02 03:19:53.610746: val_loss -0.6715
2026-07-02 03:19:53.610848: Pseudo dice [0.7299, 0.8401, 0.762]
2026-07-02 03:19:53.610937: Epoch time: 26.23 s
2026-07-02 03:19:54.788106: 
2026-07-02 03:19:54.788272: Epoch 81
2026-07-02 03:19:54.788393: Current learning rate: 0.0005
2026-07-02 03:20:21.139505: train_loss -0.7301
2026-07-02 03:20:21.139745: val_loss -0.7047
2026-07-02 03:20:21.139853: Pseudo dice [0.7367, 0.8605, 0.7498]
2026-07-02 03:20:21.139948: Epoch time: 26.35 s
2026-07-02 03:20:22.391038: 
2026-07-02 03:20:22.391259: Epoch 82
2026-07-02 03:20:22.391379: Current learning rate: 0.00049
2026-07-02 03:20:48.607892: train_loss -0.7234
2026-07-02 03:20:48.608091: val_loss -0.6957
2026-07-02 03:20:48.608192: Pseudo dice [0.7548, 0.8395, 0.7767]
2026-07-02 03:20:48.608279: Epoch time: 26.22 s
2026-07-02 03:20:48.608358: Yayy! New best EMA pseudo Dice: 0.7815
2026-07-02 03:20:50.015246: 
2026-07-02 03:20:50.015420: Epoch 83
2026-07-02 03:20:50.015538: Current learning rate: 0.00048
2026-07-02 03:21:16.226525: train_loss -0.7331
2026-07-02 03:21:16.226724: val_loss -0.7073
2026-07-02 03:21:16.226822: Pseudo dice [0.7433, 0.8601, 0.764]
2026-07-02 03:21:16.226909: Epoch time: 26.21 s
2026-07-02 03:21:16.226982: Yayy! New best EMA pseudo Dice: 0.7823
2026-07-02 03:21:17.471722: 
2026-07-02 03:21:17.471890: Epoch 84
2026-07-02 03:21:17.471999: Current learning rate: 0.00048
2026-07-02 03:21:43.800904: train_loss -0.7256
2026-07-02 03:21:43.801161: val_loss -0.6958
2026-07-02 03:21:43.801264: Pseudo dice [0.7453, 0.8541, 0.7643]
2026-07-02 03:21:43.801370: Epoch time: 26.33 s
2026-07-02 03:21:43.801445: Yayy! New best EMA pseudo Dice: 0.7828
2026-07-02 03:21:45.049843: 
2026-07-02 03:21:45.050094: Epoch 85
2026-07-02 03:21:45.050216: Current learning rate: 0.00047
2026-07-02 03:22:11.434708: train_loss -0.7291
2026-07-02 03:22:11.434906: val_loss -0.691
2026-07-02 03:22:11.435002: Pseudo dice [0.7307, 0.8552, 0.7556]
2026-07-02 03:22:11.435089: Epoch time: 26.39 s
2026-07-02 03:22:12.565996: 
2026-07-02 03:22:12.566171: Epoch 86
2026-07-02 03:22:12.566282: Current learning rate: 0.00046
2026-07-02 03:22:38.768447: train_loss -0.7333
2026-07-02 03:22:38.768647: val_loss -0.6997
2026-07-02 03:22:38.768745: Pseudo dice [0.7495, 0.8631, 0.7858]
2026-07-02 03:22:38.768829: Epoch time: 26.2 s
2026-07-02 03:22:38.768901: Yayy! New best EMA pseudo Dice: 0.7843
2026-07-02 03:22:40.019241: 
2026-07-02 03:22:40.019406: Epoch 87
2026-07-02 03:22:40.019517: Current learning rate: 0.00046
2026-07-02 03:23:06.401946: train_loss -0.721
2026-07-02 03:23:06.402150: val_loss -0.6992
2026-07-02 03:23:06.402251: Pseudo dice [0.7508, 0.8442, 0.7687]
2026-07-02 03:23:06.402347: Epoch time: 26.38 s
2026-07-02 03:23:06.402421: Yayy! New best EMA pseudo Dice: 0.7846
2026-07-02 03:23:07.647292: 
2026-07-02 03:23:07.647464: Epoch 88
2026-07-02 03:23:07.647574: Current learning rate: 0.00045
2026-07-02 03:23:33.981369: train_loss -0.7393
2026-07-02 03:23:33.981576: val_loss -0.6855
2026-07-02 03:23:33.981679: Pseudo dice [0.7428, 0.8512, 0.7836]
2026-07-02 03:23:33.981768: Epoch time: 26.34 s
2026-07-02 03:23:33.981839: Yayy! New best EMA pseudo Dice: 0.7854
2026-07-02 03:23:35.235091: 
2026-07-02 03:23:35.235265: Epoch 89
2026-07-02 03:23:35.235387: Current learning rate: 0.00044
2026-07-02 03:24:01.448127: train_loss -0.7407
2026-07-02 03:24:01.448399: val_loss -0.6884
2026-07-02 03:24:01.448500: Pseudo dice [0.7468, 0.8607, 0.7812]
2026-07-02 03:24:01.448600: Epoch time: 26.21 s
2026-07-02 03:24:01.448676: Yayy! New best EMA pseudo Dice: 0.7865
2026-07-02 03:24:02.850964: 
2026-07-02 03:24:02.851135: Epoch 90
2026-07-02 03:24:02.851241: Current learning rate: 0.00044
2026-07-02 03:24:29.065142: train_loss -0.7367
2026-07-02 03:24:29.065344: val_loss -0.6927
2026-07-02 03:24:29.065443: Pseudo dice [0.755, 0.8575, 0.7751]
2026-07-02 03:24:29.065528: Epoch time: 26.22 s
2026-07-02 03:24:29.065598: Yayy! New best EMA pseudo Dice: 0.7874
2026-07-02 03:24:30.308481: 
2026-07-02 03:24:30.308629: Epoch 91
2026-07-02 03:24:30.308735: Current learning rate: 0.00043
2026-07-02 03:24:56.637419: train_loss -0.7278
2026-07-02 03:24:56.637616: val_loss -0.6974
2026-07-02 03:24:56.637717: Pseudo dice [0.7466, 0.863, 0.7761]
2026-07-02 03:24:56.637803: Epoch time: 26.33 s
2026-07-02 03:24:56.637871: Yayy! New best EMA pseudo Dice: 0.7882
2026-07-02 03:24:57.886371: 
2026-07-02 03:24:57.886552: Epoch 92
2026-07-02 03:24:57.886668: Current learning rate: 0.00043
2026-07-02 03:25:24.252727: train_loss -0.7363
2026-07-02 03:25:24.252930: val_loss -0.6875
2026-07-02 03:25:24.253032: Pseudo dice [0.7401, 0.8578, 0.7814]
2026-07-02 03:25:24.253119: Epoch time: 26.37 s
2026-07-02 03:25:24.253191: Yayy! New best EMA pseudo Dice: 0.7887
2026-07-02 03:25:25.510362: 
2026-07-02 03:25:25.510528: Epoch 93
2026-07-02 03:25:25.510643: Current learning rate: 0.00042
2026-07-02 03:25:51.719520: train_loss -0.7447
2026-07-02 03:25:51.719724: val_loss -0.7058
2026-07-02 03:25:51.719824: Pseudo dice [0.753, 0.859, 0.7694]
2026-07-02 03:25:51.719908: Epoch time: 26.21 s
2026-07-02 03:25:51.719979: Yayy! New best EMA pseudo Dice: 0.7892
2026-07-02 03:25:53.123650: 
2026-07-02 03:25:53.123823: Epoch 94
2026-07-02 03:25:53.123932: Current learning rate: 0.00041
2026-07-02 03:26:19.327469: train_loss -0.7447
2026-07-02 03:26:19.327660: val_loss -0.7027
2026-07-02 03:26:19.327759: Pseudo dice [0.7343, 0.856, 0.7662]
2026-07-02 03:26:19.327842: Epoch time: 26.21 s
2026-07-02 03:26:20.473433: 
2026-07-02 03:26:20.473608: Epoch 95
2026-07-02 03:26:20.473720: Current learning rate: 0.00041
2026-07-02 03:26:46.846916: train_loss -0.7383
2026-07-02 03:26:46.847121: val_loss -0.6993
2026-07-02 03:26:46.847223: Pseudo dice [0.7507, 0.8546, 0.7751]
2026-07-02 03:26:46.847317: Epoch time: 26.38 s
2026-07-02 03:26:46.847392: Yayy! New best EMA pseudo Dice: 0.7893
2026-07-02 03:26:48.102485: 
2026-07-02 03:26:48.102658: Epoch 96
2026-07-02 03:26:48.102769: Current learning rate: 0.0004
2026-07-02 03:27:14.443037: train_loss -0.733
2026-07-02 03:27:14.443248: val_loss -0.683
2026-07-02 03:27:14.443357: Pseudo dice [0.7505, 0.8272, 0.7484]
2026-07-02 03:27:14.443444: Epoch time: 26.34 s
2026-07-02 03:27:15.595899: 
2026-07-02 03:27:15.596064: Epoch 97
2026-07-02 03:27:15.596179: Current learning rate: 0.00039
2026-07-02 03:27:41.810337: train_loss -0.7305
2026-07-02 03:27:41.810553: val_loss -0.6944
2026-07-02 03:27:41.810656: Pseudo dice [0.7487, 0.8637, 0.7699]
2026-07-02 03:27:41.810743: Epoch time: 26.22 s
2026-07-02 03:27:42.966014: 
2026-07-02 03:27:42.966188: Epoch 98
2026-07-02 03:27:42.966306: Current learning rate: 0.00039
2026-07-02 03:28:09.311734: train_loss -0.7378
2026-07-02 03:28:09.311925: val_loss -0.696
2026-07-02 03:28:09.312022: Pseudo dice [0.7521, 0.8552, 0.7797]
2026-07-02 03:28:09.312105: Epoch time: 26.35 s
2026-07-02 03:28:10.458029: 
2026-07-02 03:28:10.458196: Epoch 99
2026-07-02 03:28:10.458314: Current learning rate: 0.00038
2026-07-02 03:28:36.823398: train_loss -0.7373
2026-07-02 03:28:36.823603: val_loss -0.6627
2026-07-02 03:28:36.823708: Pseudo dice [0.7397, 0.8589, 0.7532]
2026-07-02 03:28:36.823795: Epoch time: 26.37 s
2026-07-02 03:28:38.090731: 
2026-07-02 03:28:38.090907: Epoch 100
2026-07-02 03:28:38.091016: Current learning rate: 0.00037
2026-07-02 03:29:04.309162: train_loss -0.7468
2026-07-02 03:29:04.309386: val_loss -0.6832
2026-07-02 03:29:04.309489: Pseudo dice [0.7352, 0.8432, 0.7618]
2026-07-02 03:29:04.309580: Epoch time: 26.22 s
2026-07-02 03:29:05.461282: 
2026-07-02 03:29:05.461458: Epoch 101
2026-07-02 03:29:05.461572: Current learning rate: 0.00037
2026-07-02 03:29:31.799763: train_loss -0.7495
2026-07-02 03:29:31.799972: val_loss -0.6923
2026-07-02 03:29:31.800076: Pseudo dice [0.7438, 0.8571, 0.7402]
2026-07-02 03:29:31.800166: Epoch time: 26.34 s
2026-07-02 03:29:32.953652: 
2026-07-02 03:29:32.953822: Epoch 102
2026-07-02 03:29:32.953929: Current learning rate: 0.00036
2026-07-02 03:29:59.318278: train_loss -0.7457
2026-07-02 03:29:59.318473: val_loss -0.681
2026-07-02 03:29:59.318570: Pseudo dice [0.7433, 0.8394, 0.7771]
2026-07-02 03:29:59.318653: Epoch time: 26.37 s
2026-07-02 03:30:00.462528: 
2026-07-02 03:30:00.462684: Epoch 103
2026-07-02 03:30:00.462795: Current learning rate: 0.00035
2026-07-02 03:30:26.681807: train_loss -0.7532
2026-07-02 03:30:26.682024: val_loss -0.7112
2026-07-02 03:30:26.682129: Pseudo dice [0.7462, 0.8654, 0.7763]
2026-07-02 03:30:26.682221: Epoch time: 26.22 s
2026-07-02 03:30:27.841628: 
2026-07-02 03:30:27.841798: Epoch 104
2026-07-02 03:30:27.841902: Current learning rate: 0.00035
2026-07-02 03:30:54.189641: train_loss -0.7442
2026-07-02 03:30:54.189851: val_loss -0.6636
2026-07-02 03:30:54.189959: Pseudo dice [0.7498, 0.8344, 0.769]
2026-07-02 03:30:54.190048: Epoch time: 26.35 s
2026-07-02 03:30:55.349843: 
2026-07-02 03:30:55.350014: Epoch 105
2026-07-02 03:30:55.350125: Current learning rate: 0.00034
2026-07-02 03:31:21.557257: train_loss -0.756
2026-07-02 03:31:21.557464: val_loss -0.7099
2026-07-02 03:31:21.557564: Pseudo dice [0.7554, 0.8442, 0.7687]
2026-07-02 03:31:21.557652: Epoch time: 26.21 s
2026-07-02 03:31:22.859258: 
2026-07-02 03:31:22.859422: Epoch 106
2026-07-02 03:31:22.859530: Current learning rate: 0.00033
2026-07-02 03:31:49.087153: train_loss -0.7505
2026-07-02 03:31:49.087362: val_loss -0.6818
2026-07-02 03:31:49.087463: Pseudo dice [0.7293, 0.8468, 0.7628]
2026-07-02 03:31:49.087546: Epoch time: 26.23 s
2026-07-02 03:31:50.254126: 
2026-07-02 03:31:50.254303: Epoch 107
2026-07-02 03:31:50.254418: Current learning rate: 0.00032
2026-07-02 03:32:16.649781: train_loss -0.7523
2026-07-02 03:32:16.649969: val_loss -0.6942
2026-07-02 03:32:16.650069: Pseudo dice [0.7405, 0.8607, 0.7697]
2026-07-02 03:32:16.650154: Epoch time: 26.4 s
2026-07-02 03:32:17.811256: 
2026-07-02 03:32:17.811428: Epoch 108
2026-07-02 03:32:17.811584: Current learning rate: 0.00032
2026-07-02 03:32:44.141699: train_loss -0.7557
2026-07-02 03:32:44.141898: val_loss -0.6743
2026-07-02 03:32:44.141997: Pseudo dice [0.7567, 0.8475, 0.7757]
2026-07-02 03:32:44.142081: Epoch time: 26.33 s
2026-07-02 03:32:45.303087: 
2026-07-02 03:32:45.303244: Epoch 109
2026-07-02 03:32:45.303427: Current learning rate: 0.00031
2026-07-02 03:33:11.517763: train_loss -0.7598
2026-07-02 03:33:11.517986: val_loss -0.702
2026-07-02 03:33:11.518088: Pseudo dice [0.7641, 0.86, 0.7844]
2026-07-02 03:33:11.518180: Epoch time: 26.22 s
2026-07-02 03:33:11.518260: Yayy! New best EMA pseudo Dice: 0.7894
2026-07-02 03:33:12.796020: 
2026-07-02 03:33:12.796184: Epoch 110
2026-07-02 03:33:12.796292: Current learning rate: 0.0003
2026-07-02 03:33:39.144003: train_loss -0.7511
2026-07-02 03:33:39.144195: val_loss -0.7074
2026-07-02 03:33:39.144294: Pseudo dice [0.7621, 0.8434, 0.7691]
2026-07-02 03:33:39.144389: Epoch time: 26.35 s
2026-07-02 03:33:39.144458: Yayy! New best EMA pseudo Dice: 0.7896
2026-07-02 03:33:40.423713: 
2026-07-02 03:33:40.423882: Epoch 111
2026-07-02 03:33:40.423994: Current learning rate: 0.0003
2026-07-02 03:34:06.806178: train_loss -0.7504
2026-07-02 03:34:06.806396: val_loss -0.7143
2026-07-02 03:34:06.806498: Pseudo dice [0.7581, 0.8682, 0.7686]
2026-07-02 03:34:06.806584: Epoch time: 26.38 s
2026-07-02 03:34:06.806655: Yayy! New best EMA pseudo Dice: 0.7905
2026-07-02 03:34:08.079631: 
2026-07-02 03:34:08.079845: Epoch 112
2026-07-02 03:34:08.079961: Current learning rate: 0.00029
2026-07-02 03:34:34.291205: train_loss -0.7538
2026-07-02 03:34:34.291439: val_loss -0.6676
2026-07-02 03:34:34.291538: Pseudo dice [0.7536, 0.8472, 0.7755]
2026-07-02 03:34:34.291627: Epoch time: 26.21 s
2026-07-02 03:34:34.291701: Yayy! New best EMA pseudo Dice: 0.7906
2026-07-02 03:34:35.720201: 
2026-07-02 03:34:35.720370: Epoch 113
2026-07-02 03:34:35.720484: Current learning rate: 0.00028
2026-07-02 03:35:01.950530: train_loss -0.7568
2026-07-02 03:35:01.950728: val_loss -0.6894
2026-07-02 03:35:01.950827: Pseudo dice [0.7531, 0.8547, 0.7604]
2026-07-02 03:35:01.950916: Epoch time: 26.23 s
2026-07-02 03:35:03.116286: 
2026-07-02 03:35:03.116467: Epoch 114
2026-07-02 03:35:03.116578: Current learning rate: 0.00028
2026-07-02 03:35:29.506905: train_loss -0.7547
2026-07-02 03:35:29.507102: val_loss -0.6563
2026-07-02 03:35:29.507202: Pseudo dice [0.7266, 0.8218, 0.7497]
2026-07-02 03:35:29.507288: Epoch time: 26.39 s
2026-07-02 03:35:30.661089: 
2026-07-02 03:35:30.661268: Epoch 115
2026-07-02 03:35:30.661386: Current learning rate: 0.00027
2026-07-02 03:35:56.891409: train_loss -0.7514
2026-07-02 03:35:56.891634: val_loss -0.6783
2026-07-02 03:35:56.891741: Pseudo dice [0.7519, 0.8292, 0.7443]
2026-07-02 03:35:56.891836: Epoch time: 26.23 s
2026-07-02 03:35:58.064271: 
2026-07-02 03:35:58.064443: Epoch 116
2026-07-02 03:35:58.064554: Current learning rate: 0.00026
2026-07-02 03:36:24.414320: train_loss -0.7531
2026-07-02 03:36:24.414512: val_loss -0.6973
2026-07-02 03:36:24.414610: Pseudo dice [0.7508, 0.8465, 0.7534]
2026-07-02 03:36:24.414698: Epoch time: 26.35 s
2026-07-02 03:36:25.586237: 
2026-07-02 03:36:25.586414: Epoch 117
2026-07-02 03:36:25.586527: Current learning rate: 0.00026
2026-07-02 03:36:51.931685: train_loss -0.7589
2026-07-02 03:36:51.931888: val_loss -0.6637
2026-07-02 03:36:51.931987: Pseudo dice [0.7532, 0.8354, 0.7398]
2026-07-02 03:36:51.932073: Epoch time: 26.35 s
2026-07-02 03:36:53.106418: 
2026-07-02 03:36:53.106599: Epoch 118
2026-07-02 03:36:53.106724: Current learning rate: 0.00025
2026-07-02 03:37:19.330109: train_loss -0.763
2026-07-02 03:37:19.330320: val_loss -0.6806
2026-07-02 03:37:19.330425: Pseudo dice [0.7633, 0.8418, 0.76]
2026-07-02 03:37:19.330513: Epoch time: 26.23 s
2026-07-02 03:37:20.671914: 
2026-07-02 03:37:20.672082: Epoch 119
2026-07-02 03:37:20.672193: Current learning rate: 0.00024
2026-07-02 03:37:46.905822: train_loss -0.7599
2026-07-02 03:37:46.906053: val_loss -0.6615
2026-07-02 03:37:46.906162: Pseudo dice [0.7419, 0.8305, 0.7473]
2026-07-02 03:37:46.906254: Epoch time: 26.24 s
2026-07-02 03:37:48.081312: 
2026-07-02 03:37:48.081471: Epoch 120
2026-07-02 03:37:48.081581: Current learning rate: 0.00023
2026-07-02 03:38:14.443704: train_loss -0.7732
2026-07-02 03:38:14.444555: val_loss -0.6931
2026-07-02 03:38:14.444664: Pseudo dice [0.7405, 0.8509, 0.7609]
2026-07-02 03:38:14.444749: Epoch time: 26.36 s
2026-07-02 03:38:15.619178: 
2026-07-02 03:38:15.619356: Epoch 121
2026-07-02 03:38:15.619474: Current learning rate: 0.00023
2026-07-02 03:38:41.853515: train_loss -0.7605
2026-07-02 03:38:41.853733: val_loss -0.6944
2026-07-02 03:38:41.853843: Pseudo dice [0.7524, 0.871, 0.7729]
2026-07-02 03:38:41.853935: Epoch time: 26.24 s
2026-07-02 03:38:43.039927: 
2026-07-02 03:38:43.040101: Epoch 122
2026-07-02 03:38:43.040213: Current learning rate: 0.00022
2026-07-02 03:39:09.448201: train_loss -0.7675
2026-07-02 03:39:09.448417: val_loss -0.6682
2026-07-02 03:39:09.448517: Pseudo dice [0.7551, 0.8174, 0.7348]
2026-07-02 03:39:09.448608: Epoch time: 26.41 s
2026-07-02 03:39:10.628809: 
2026-07-02 03:39:10.628981: Epoch 123
2026-07-02 03:39:10.629090: Current learning rate: 0.00021
2026-07-02 03:39:36.967041: train_loss -0.7625
2026-07-02 03:39:36.967255: val_loss -0.6763
2026-07-02 03:39:36.967371: Pseudo dice [0.7644, 0.825, 0.7483]
2026-07-02 03:39:36.967465: Epoch time: 26.34 s
2026-07-02 03:39:38.152631: 
2026-07-02 03:39:38.152804: Epoch 124
2026-07-02 03:39:38.152915: Current learning rate: 0.00021
2026-07-02 03:40:04.506935: train_loss -0.7636
2026-07-02 03:40:04.507140: val_loss -0.6841
2026-07-02 03:40:04.507237: Pseudo dice [0.7578, 0.8381, 0.7686]
2026-07-02 03:40:04.507333: Epoch time: 26.36 s
2026-07-02 03:40:05.685596: 
2026-07-02 03:40:05.685770: Epoch 125
2026-07-02 03:40:05.685882: Current learning rate: 0.0002
2026-07-02 03:40:31.915580: train_loss -0.7677
2026-07-02 03:40:31.915825: val_loss -0.6705
2026-07-02 03:40:31.915930: Pseudo dice [0.7506, 0.8264, 0.7339]
2026-07-02 03:40:31.916025: Epoch time: 26.23 s
2026-07-02 03:40:33.100352: 
2026-07-02 03:40:33.100509: Epoch 126
2026-07-02 03:40:33.100619: Current learning rate: 0.00019
2026-07-02 03:40:59.468910: train_loss -0.764
2026-07-02 03:40:59.469100: val_loss -0.6974
2026-07-02 03:40:59.469200: Pseudo dice [0.7576, 0.8518, 0.7695]
2026-07-02 03:40:59.469285: Epoch time: 26.37 s
2026-07-02 03:41:00.640414: 
2026-07-02 03:41:00.640581: Epoch 127
2026-07-02 03:41:00.640707: Current learning rate: 0.00018
2026-07-02 03:41:26.986439: train_loss -0.7648
2026-07-02 03:41:26.986642: val_loss -0.7103
2026-07-02 03:41:26.986744: Pseudo dice [0.7623, 0.853, 0.7881]
2026-07-02 03:41:26.986832: Epoch time: 26.35 s
2026-07-02 03:41:28.167791: 
2026-07-02 03:41:28.167957: Epoch 128
2026-07-02 03:41:28.168069: Current learning rate: 0.00018
2026-07-02 03:41:54.399110: train_loss -0.7685
2026-07-02 03:41:54.399289: val_loss -0.6904
2026-07-02 03:41:54.399398: Pseudo dice [0.7418, 0.8587, 0.7784]
2026-07-02 03:41:54.399484: Epoch time: 26.23 s
2026-07-02 03:41:55.720429: 
2026-07-02 03:41:55.720600: Epoch 129
2026-07-02 03:41:55.720709: Current learning rate: 0.00017
2026-07-02 03:42:21.964636: train_loss -0.7725
2026-07-02 03:42:21.964882: val_loss -0.672
2026-07-02 03:42:21.964985: Pseudo dice [0.7554, 0.8492, 0.7608]
2026-07-02 03:42:21.965082: Epoch time: 26.25 s
2026-07-02 03:42:23.131952: 
2026-07-02 03:42:23.132108: Epoch 130
2026-07-02 03:42:23.132218: Current learning rate: 0.00016
2026-07-02 03:42:49.538833: train_loss -0.7642
2026-07-02 03:42:49.539032: val_loss -0.6875
2026-07-02 03:42:49.539131: Pseudo dice [0.7547, 0.8434, 0.7726]
2026-07-02 03:42:49.539216: Epoch time: 26.41 s
2026-07-02 03:42:50.703759: 
2026-07-02 03:42:50.703932: Epoch 131
2026-07-02 03:42:50.704044: Current learning rate: 0.00016
2026-07-02 03:43:17.068744: train_loss -0.7791
2026-07-02 03:43:17.068969: val_loss -0.6965
2026-07-02 03:43:17.069068: Pseudo dice [0.7511, 0.8574, 0.7636]
2026-07-02 03:43:17.069158: Epoch time: 26.37 s
2026-07-02 03:43:18.228776: 
2026-07-02 03:43:18.229015: Epoch 132
2026-07-02 03:43:18.229135: Current learning rate: 0.00015
2026-07-02 03:43:44.455528: train_loss -0.7715
2026-07-02 03:43:44.455773: val_loss -0.6981
2026-07-02 03:43:44.455873: Pseudo dice [0.7638, 0.8566, 0.7756]
2026-07-02 03:43:44.455969: Epoch time: 26.23 s
2026-07-02 03:43:45.618025: 
2026-07-02 03:43:45.618195: Epoch 133
2026-07-02 03:43:45.618319: Current learning rate: 0.00014
2026-07-02 03:44:11.976529: train_loss -0.7754
2026-07-02 03:44:11.976717: val_loss -0.7059
2026-07-02 03:44:11.976814: Pseudo dice [0.7546, 0.8605, 0.7797]
2026-07-02 03:44:11.976899: Epoch time: 26.36 s
2026-07-02 03:44:13.135536: 
2026-07-02 03:44:13.135709: Epoch 134
2026-07-02 03:44:13.135825: Current learning rate: 0.00013
2026-07-02 03:44:39.359624: train_loss -0.7732
2026-07-02 03:44:39.359863: val_loss -0.6945
2026-07-02 03:44:39.359968: Pseudo dice [0.757, 0.8312, 0.7659]
2026-07-02 03:44:39.360070: Epoch time: 26.23 s
2026-07-02 03:44:40.696564: 
2026-07-02 03:44:40.696735: Epoch 135
2026-07-02 03:44:40.696846: Current learning rate: 0.00013
2026-07-02 03:45:06.927203: train_loss -0.7694
2026-07-02 03:45:06.927403: val_loss -0.6984
2026-07-02 03:45:06.927503: Pseudo dice [0.764, 0.8508, 0.7677]
2026-07-02 03:45:06.927594: Epoch time: 26.23 s
2026-07-02 03:45:08.103007: 
2026-07-02 03:45:08.103183: Epoch 136
2026-07-02 03:45:08.103294: Current learning rate: 0.00012
2026-07-02 03:45:34.514602: train_loss -0.7774
2026-07-02 03:45:34.514807: val_loss -0.7176
2026-07-02 03:45:34.514905: Pseudo dice [0.7521, 0.8643, 0.7798]
2026-07-02 03:45:34.514997: Epoch time: 26.41 s
2026-07-02 03:45:35.683541: 
2026-07-02 03:45:35.683712: Epoch 137
2026-07-02 03:45:35.683820: Current learning rate: 0.00011
2026-07-02 03:46:01.906403: train_loss -0.7775
2026-07-02 03:46:01.906669: val_loss -0.6929
2026-07-02 03:46:01.906772: Pseudo dice [0.7676, 0.8412, 0.7425]
2026-07-02 03:46:01.906874: Epoch time: 26.22 s
2026-07-02 03:46:03.241105: 
2026-07-02 03:46:03.241259: Epoch 138
2026-07-02 03:46:03.241376: Current learning rate: 0.0001
2026-07-02 03:46:29.479481: train_loss -0.7798
2026-07-02 03:46:29.479667: val_loss -0.667
2026-07-02 03:46:29.479764: Pseudo dice [0.7447, 0.8205, 0.7383]
2026-07-02 03:46:29.479851: Epoch time: 26.24 s
2026-07-02 03:46:30.650668: 
2026-07-02 03:46:30.650835: Epoch 139
2026-07-02 03:46:30.650947: Current learning rate: 0.0001
2026-07-02 03:46:57.069922: train_loss -0.7718
2026-07-02 03:46:57.070130: val_loss -0.6859
2026-07-02 03:46:57.070229: Pseudo dice [0.7519, 0.8472, 0.7574]
2026-07-02 03:46:57.070325: Epoch time: 26.42 s
2026-07-02 03:46:58.245886: 
2026-07-02 03:46:58.246055: Epoch 140
2026-07-02 03:46:58.246169: Current learning rate: 9e-05
2026-07-02 03:47:24.470969: train_loss -0.7644
2026-07-02 03:47:24.471164: val_loss -0.718
2026-07-02 03:47:24.471262: Pseudo dice [0.7698, 0.8421, 0.767]
2026-07-02 03:47:24.471359: Epoch time: 26.23 s
2026-07-02 03:47:25.635373: 
2026-07-02 03:47:25.635547: Epoch 141
2026-07-02 03:47:25.635656: Current learning rate: 8e-05
2026-07-02 03:47:51.983510: train_loss -0.7673
2026-07-02 03:47:51.983756: val_loss -0.722
2026-07-02 03:47:51.983860: Pseudo dice [0.7383, 0.8518, 0.7931]
2026-07-02 03:47:51.983959: Epoch time: 26.35 s
2026-07-02 03:47:53.157551: 
2026-07-02 03:47:53.157703: Epoch 142
2026-07-02 03:47:53.157812: Current learning rate: 7e-05
2026-07-02 03:48:19.385733: train_loss -0.7783
2026-07-02 03:48:19.385929: val_loss -0.6834
2026-07-02 03:48:19.386028: Pseudo dice [0.7524, 0.8431, 0.7584]
2026-07-02 03:48:19.386117: Epoch time: 26.23 s
2026-07-02 03:48:20.726693: 
2026-07-02 03:48:20.726845: Epoch 143
2026-07-02 03:48:20.726955: Current learning rate: 6e-05
2026-07-02 03:48:46.966712: train_loss -0.7651
2026-07-02 03:48:46.966948: val_loss -0.6875
2026-07-02 03:48:46.967050: Pseudo dice [0.7481, 0.833, 0.7557]
2026-07-02 03:48:46.967150: Epoch time: 26.24 s
2026-07-02 03:48:48.138863: 
2026-07-02 03:48:48.139029: Epoch 144
2026-07-02 03:48:48.139141: Current learning rate: 6e-05
2026-07-02 03:49:14.513922: train_loss -0.7848
2026-07-02 03:49:14.514116: val_loss -0.699
2026-07-02 03:49:14.514218: Pseudo dice [0.7662, 0.8347, 0.761]
2026-07-02 03:49:14.514995: Epoch time: 26.38 s
2026-07-02 03:49:15.685881: 
2026-07-02 03:49:15.686048: Epoch 145
2026-07-02 03:49:15.686159: Current learning rate: 5e-05
2026-07-02 03:49:41.901598: train_loss -0.7617
2026-07-02 03:49:41.901829: val_loss -0.725
2026-07-02 03:49:41.901929: Pseudo dice [0.7695, 0.8663, 0.774]
2026-07-02 03:49:41.902022: Epoch time: 26.22 s
2026-07-02 03:49:43.075937: 
2026-07-02 03:49:43.076099: Epoch 146
2026-07-02 03:49:43.076220: Current learning rate: 4e-05
2026-07-02 03:50:09.451169: train_loss -0.7758
2026-07-02 03:50:09.451410: val_loss -0.7038
2026-07-02 03:50:09.451515: Pseudo dice [0.762, 0.8533, 0.7823]
2026-07-02 03:50:09.451612: Epoch time: 26.38 s
2026-07-02 03:50:10.631741: 
2026-07-02 03:50:10.631918: Epoch 147
2026-07-02 03:50:10.632034: Current learning rate: 3e-05
2026-07-02 03:50:36.981488: train_loss -0.7693
2026-07-02 03:50:36.981679: val_loss -0.7085
2026-07-02 03:50:36.981777: Pseudo dice [0.7488, 0.8529, 0.7879]
2026-07-02 03:50:36.981861: Epoch time: 26.35 s
2026-07-02 03:50:38.160384: 
2026-07-02 03:50:38.160541: Epoch 148
2026-07-02 03:50:38.160657: Current learning rate: 2e-05
2026-07-02 03:51:04.375410: train_loss -0.7774
2026-07-02 03:51:04.375601: val_loss -0.6855
2026-07-02 03:51:04.375701: Pseudo dice [0.7577, 0.8471, 0.7579]
2026-07-02 03:51:04.375787: Epoch time: 26.22 s
2026-07-02 03:51:05.555601: 
2026-07-02 03:51:05.555772: Epoch 149
2026-07-02 03:51:05.555887: Current learning rate: 1e-05
2026-07-02 03:51:31.927263: train_loss -0.7779
2026-07-02 03:51:31.927484: val_loss -0.6797
2026-07-02 03:51:31.927587: Pseudo dice [0.7548, 0.8514, 0.7711]
2026-07-02 03:51:31.927677: Epoch time: 26.37 s
2026-07-02 03:51:33.281763: Training done.
2026-07-02 03:51:33.326470: Using splits from existing split file: /gpfs/home1/yhussein/LightM-UNet/data/nnUNet_preprocessed/Dataset501_ARCADE/splits_final.json
2026-07-02 03:51:33.326852: The split file contains 1 splits.
2026-07-02 03:51:33.326918: Desired fold for training: 0
2026-07-02 03:51:33.326967: This split has 1000 training and 200 validation cases.
2026-07-02 03:51:33.329392: predicting val_1
2026-07-02 03:51:34.266919: predicting val_10
2026-07-02 03:51:34.330723: predicting val_100
2026-07-02 03:51:34.393167: predicting val_101
2026-07-02 03:51:34.454614: predicting val_102
2026-07-02 03:51:34.515066: predicting val_103
2026-07-02 03:51:34.577202: predicting val_104
2026-07-02 03:51:34.639616: predicting val_105
2026-07-02 03:51:34.702989: predicting val_106
2026-07-02 03:51:34.765169: predicting val_107
2026-07-02 03:51:39.032902: predicting val_108
2026-07-02 03:51:39.130214: predicting val_109
2026-07-02 03:51:39.196200: predicting val_11
2026-07-02 03:51:39.300080: predicting val_110
2026-07-02 03:51:39.374542: predicting val_111
2026-07-02 03:51:39.474580: predicting val_112
2026-07-02 03:51:39.558378: predicting val_113
2026-07-02 03:51:39.634813: predicting val_114
2026-07-02 03:51:39.727608: predicting val_115
2026-07-02 03:51:39.825877: predicting val_116
2026-07-02 03:51:39.929356: predicting val_117
2026-07-02 03:51:40.019259: predicting val_118
2026-07-02 03:51:40.138051: predicting val_119
2026-07-02 03:51:40.201347: predicting val_12
2026-07-02 03:51:40.300367: predicting val_120
2026-07-02 03:51:40.388017: predicting val_121
2026-07-02 03:51:40.468165: predicting val_122
2026-07-02 03:51:40.579364: predicting val_123
2026-07-02 03:51:40.722821: predicting val_124
2026-07-02 03:51:40.785224: predicting val_125
2026-07-02 03:51:40.887212: predicting val_126
2026-07-02 03:51:40.979973: predicting val_127
2026-07-02 03:51:41.079875: predicting val_128
2026-07-02 03:51:41.175982: predicting val_129
2026-07-02 03:51:41.252765: predicting val_13
2026-07-02 03:51:41.329113: predicting val_130
2026-07-02 03:51:41.441380: predicting val_131
2026-07-02 03:51:41.549548: predicting val_132
2026-07-02 03:51:41.618664: predicting val_133
2026-07-02 03:51:41.710137: predicting val_134
2026-07-02 03:51:41.800119: predicting val_135
2026-07-02 03:51:41.911598: predicting val_136
2026-07-02 03:51:41.990789: predicting val_137
2026-07-02 03:51:42.072343: predicting val_138
2026-07-02 03:51:42.164353: predicting val_139
2026-07-02 03:51:42.256958: predicting val_14
2026-07-02 03:51:42.331243: predicting val_140
2026-07-02 03:51:42.438054: predicting val_141
2026-07-02 03:51:42.512622: predicting val_142
2026-07-02 03:51:42.601415: predicting val_143
2026-07-02 03:51:42.706665: predicting val_144
2026-07-02 03:51:42.778806: predicting val_145
2026-07-02 03:51:42.861015: predicting val_146
2026-07-02 03:51:42.934410: predicting val_147
2026-07-02 03:51:43.046230: predicting val_148
2026-07-02 03:51:43.123500: predicting val_149
2026-07-02 03:51:43.202415: predicting val_15
2026-07-02 03:51:43.299181: predicting val_150
2026-07-02 03:51:43.388163: predicting val_151
2026-07-02 03:51:43.508428: predicting val_152
2026-07-02 03:51:43.609401: predicting val_153
2026-07-02 03:51:43.698705: predicting val_154
2026-07-02 03:51:43.786942: predicting val_155
2026-07-02 03:51:43.931929: predicting val_156
2026-07-02 03:51:44.013742: predicting val_157
2026-07-02 03:51:44.176627: predicting val_158
2026-07-02 03:51:44.304900: predicting val_159
2026-07-02 03:51:44.390761: predicting val_16
2026-07-02 03:51:44.484390: predicting val_160
2026-07-02 03:51:44.850774: predicting val_161
2026-07-02 03:51:46.429271: predicting val_162
2026-07-02 03:51:46.517521: predicting val_163
2026-07-02 03:51:46.646653: predicting val_164
2026-07-02 03:51:46.736313: predicting val_165
2026-07-02 03:51:46.812764: predicting val_166
2026-07-02 03:51:46.908010: predicting val_167
2026-07-02 03:51:47.036904: predicting val_168
2026-07-02 03:51:47.499927: predicting val_169
2026-07-02 03:51:47.606201: predicting val_17
2026-07-02 03:51:47.683463: predicting val_170
2026-07-02 03:51:47.765902: predicting val_171
2026-07-02 03:51:47.893219: predicting val_172
2026-07-02 03:51:47.954339: predicting val_173
2026-07-02 03:51:48.099740: predicting val_174
2026-07-02 03:51:48.563162: predicting val_175
2026-07-02 03:51:49.728061: predicting val_176
2026-07-02 03:51:51.090923: predicting val_177
2026-07-02 03:51:52.154979: predicting val_178
2026-07-02 03:51:53.518378: predicting val_179
2026-07-02 03:51:55.394957: predicting val_18
2026-07-02 03:51:55.496638: predicting val_180
2026-07-02 03:51:55.559823: predicting val_181
2026-07-02 03:51:55.664763: predicting val_182
2026-07-02 03:51:55.763434: predicting val_183
2026-07-02 03:51:55.846804: predicting val_184
2026-07-02 03:51:55.937836: predicting val_185
2026-07-02 03:51:56.069793: predicting val_186
2026-07-02 03:51:56.133979: predicting val_187
2026-07-02 03:51:56.695616: predicting val_188
2026-07-02 03:51:57.759197: predicting val_189
2026-07-02 03:51:58.922576: predicting val_19
2026-07-02 03:52:00.097236: predicting val_190
2026-07-02 03:52:00.163408: predicting val_191
2026-07-02 03:52:00.313356: predicting val_192
2026-07-02 03:52:01.276139: predicting val_193
2026-07-02 03:52:01.381419: predicting val_194
2026-07-02 03:52:01.465128: predicting val_195
2026-07-02 03:52:01.539564: predicting val_196
2026-07-02 03:52:01.636782: predicting val_197
2026-07-02 03:52:01.727144: predicting val_198
2026-07-02 03:52:01.813583: predicting val_199
2026-07-02 03:52:01.915613: predicting val_2
2026-07-02 03:52:01.996484: predicting val_20
2026-07-02 03:52:02.118418: predicting val_200
2026-07-02 03:52:02.179487: predicting val_21
2026-07-02 03:52:02.299685: predicting val_22
2026-07-02 03:52:02.360431: predicting val_23
2026-07-02 03:52:02.467587: predicting val_24
2026-07-02 03:52:02.560406: predicting val_25
2026-07-02 03:52:02.656574: predicting val_26
2026-07-02 03:52:02.770106: predicting val_27
2026-07-02 03:52:02.832869: predicting val_28
2026-07-02 03:52:02.967682: predicting val_29
2026-07-02 03:52:03.029394: predicting val_3
2026-07-02 03:52:03.112602: predicting val_30
2026-07-02 03:52:03.218428: predicting val_31
2026-07-02 03:52:03.308017: predicting val_32
2026-07-02 03:52:03.408046: predicting val_33
2026-07-02 03:52:03.480917: predicting val_34
2026-07-02 03:52:03.578096: predicting val_35
2026-07-02 03:52:03.659925: predicting val_36
2026-07-02 03:52:03.757486: predicting val_37
2026-07-02 03:52:03.873420: predicting val_38
2026-07-02 03:52:03.961498: predicting val_39
2026-07-02 03:52:04.054717: predicting val_4
2026-07-02 03:52:04.134787: predicting val_40
2026-07-02 03:52:04.205440: predicting val_41
2026-07-02 03:52:04.332254: predicting val_42
2026-07-02 03:52:04.405920: predicting val_43
2026-07-02 03:52:04.472756: predicting val_44
2026-07-02 03:52:04.562270: predicting val_45
2026-07-02 03:52:04.671965: predicting val_46
2026-07-02 03:52:04.762771: predicting val_47
2026-07-02 03:52:04.861446: predicting val_48
2026-07-02 03:52:04.948538: predicting val_49
2026-07-02 03:52:05.063624: predicting val_5
2026-07-02 03:52:05.148941: predicting val_50
2026-07-02 03:52:05.222291: predicting val_51
2026-07-02 03:52:05.311442: predicting val_52
2026-07-02 03:52:05.383153: predicting val_53
2026-07-02 03:52:05.476504: predicting val_54
2026-07-02 03:52:05.624304: predicting val_55
2026-07-02 03:52:05.707925: predicting val_56
2026-07-02 03:52:05.819542: predicting val_57
2026-07-02 03:52:05.894683: predicting val_58
2026-07-02 03:52:05.994266: predicting val_59
2026-07-02 03:52:06.066535: predicting val_6
2026-07-02 03:52:06.156006: predicting val_60
2026-07-02 03:52:06.273627: predicting val_61
2026-07-02 03:52:06.392113: predicting val_62
2026-07-02 03:52:06.480181: predicting val_63
2026-07-02 03:52:06.542696: predicting val_64
2026-07-02 03:52:06.620935: predicting val_65
2026-07-02 03:52:06.713460: predicting val_66
2026-07-02 03:52:06.802908: predicting val_67
2026-07-02 03:52:06.937056: predicting val_68
2026-07-02 03:52:07.014344: predicting val_69
2026-07-02 03:52:07.099982: predicting val_7
2026-07-02 03:52:07.186958: predicting val_70
2026-07-02 03:52:07.287602: predicting val_71
2026-07-02 03:52:07.371924: predicting val_72
2026-07-02 03:52:07.467523: predicting val_73
2026-07-02 03:52:07.537390: predicting val_74
2026-07-02 03:52:07.636422: predicting val_75
2026-07-02 03:52:07.737455: predicting val_76
2026-07-02 03:52:07.836428: predicting val_77
2026-07-02 03:52:07.962767: predicting val_78
2026-07-02 03:52:08.024572: predicting val_79
2026-07-02 03:52:08.129806: predicting val_8
2026-07-02 03:52:08.230985: predicting val_80
2026-07-02 03:52:08.334552: predicting val_81
2026-07-02 03:52:08.424917: predicting val_82
2026-07-02 03:52:08.490126: predicting val_83
2026-07-02 03:52:08.554313: predicting val_84
2026-07-02 03:52:08.642466: predicting val_85
2026-07-02 03:52:08.730085: predicting val_86
2026-07-02 03:52:08.816469: predicting val_87
2026-07-02 03:52:08.914274: predicting val_88
2026-07-02 03:52:09.576093: predicting val_89
2026-07-02 03:52:09.652599: predicting val_9
2026-07-02 03:52:10.715924: predicting val_90
2026-07-02 03:52:11.978340: predicting val_91
2026-07-02 03:52:12.055635: predicting val_92
2026-07-02 03:52:12.152468: predicting val_93
2026-07-02 03:52:12.284774: predicting val_94
2026-07-02 03:52:12.346631: predicting val_95
2026-07-02 03:52:12.446504: predicting val_96
2026-07-02 03:52:13.314142: predicting val_97
2026-07-02 03:52:13.408671: predicting val_98
2026-07-02 03:52:13.472768: predicting val_99
2026-07-02 03:52:21.086011: Validation complete
2026-07-02 03:52:21.086157: Mean Validation Dice:  0.735772021966298
Using device: cuda:0

#######################################################################
Please cite the following paper when using nnU-Net:
Isensee, F., Jaeger, P. F., Kohl, S. A., Petersen, J., & Maier-Hein, K. H. (2021). nnU-Net: a self-configuring method for deep learning-based biomedical image segmentation. Nature methods, 18(2), 203-211.
#######################################################################

WARNING: Cannot continue training because there seems to be no checkpoint available to continue from. Starting a new training...

This is the configuration used by this training:
Configuration name: 2d
 {'data_identifier': 'nnUNetPlans_2d', 'preprocessor_name': 'DefaultPreprocessor', 'batch_size': 4, 'patch_size': [512, 512], 'median_image_size_in_voxels': [512.0, 512.0], 'spacing': [1.0, 1.0], 'normalization_schemes': ['ZScoreNormalization'], 'use_mask_for_norm': [False], 'UNet_class_name': 'PlainConvUNet', 'UNet_base_num_features': 32, 'n_conv_per_stage_encoder': [2, 2, 2, 2, 2, 2, 2, 2], 'n_conv_per_stage_decoder': [2, 2, 2, 2, 2, 2, 2], 'num_pool_per_axis': [7, 7], 'pool_op_kernel_sizes': [[1, 1], [2, 2], [2, 2], [2, 2], [2, 2], [2, 2], [2, 2], [2, 2]], 'conv_kernel_sizes': [[3, 3], [3, 3], [3, 3], [3, 3], [3, 3], [3, 3], [3, 3], [3, 3]], 'unet_max_num_features': 512, 'resampling_fn_data': 'resample_data_or_seg_to_shape', 'resampling_fn_seg': 'resample_data_or_seg_to_shape', 'resampling_fn_data_kwargs': {'is_seg': False, 'order': 3, 'order_z': 0, 'force_separate_z': None}, 'resampling_fn_seg_kwargs': {'is_seg': True, 'order': 1, 'order_z': 0, 'force_separate_z': None}, 'resampling_fn_probabilities': 'resample_data_or_seg_to_shape', 'resampling_fn_probabilities_kwargs': {'is_seg': False, 'order': 1, 'order_z': 0, 'force_separate_z': None}, 'batch_dice': True} 

These are the global plan.json settings:
 {'dataset_name': 'Dataset501_ARCADE', 'plans_name': 'nnUNetPlans', 'original_median_spacing_after_transp': [999.0, 1.0, 1.0], 'original_median_shape_after_transp': [1, 512, 512], 'image_reader_writer': 'NaturalImage2DIO', 'transpose_forward': [0, 1, 2], 'transpose_backward': [0, 1, 2], 'experiment_planner_used': 'ExperimentPlanner', 'label_manager': 'LabelManager', 'foreground_intensity_properties_per_channel': {'0': {'max': 255.0, 'mean': 98.67886352539062, 'median': 96.0, 'min': 0.0, 'percentile_00_5': 32.0, 'percentile_99_5': 186.0, 'std': 31.84078025817871}}} 

2026-07-02 03:52:27.948748: unpacking dataset...
2026-07-02 03:52:32.199101: unpacking done...
2026-07-02 03:52:32.199688: do_dummy_2d_data_aug: False
2026-07-02 03:52:32.205599: Using splits from existing split file: /gpfs/home1/yhussein/LightM-UNet/data/nnUNet_preprocessed/Dataset501_ARCADE/splits_final.json
2026-07-02 03:52:32.205917: The split file contains 1 splits.
2026-07-02 03:52:32.205980: Desired fold for training: 0
2026-07-02 03:52:32.206031: This split has 1000 training and 200 validation cases.
2026-07-02 03:52:35.556619: Skipping architecture plot (UAS_SKIP_ARCH_PLOT=1)
2026-07-02 03:52:35.568493: 
2026-07-02 03:52:35.568611: Epoch 0
2026-07-02 03:52:35.568717: Current learning rate: 0.001
using pin_memory on device 0
using pin_memory on device 0
2026-07-02 03:53:03.688094: train_loss 0.3894
2026-07-02 03:53:03.688386: val_loss -0.0158
2026-07-02 03:53:03.688509: Pseudo dice [0.0, 0.0, 0.0]
2026-07-02 03:53:03.688617: Epoch time: 28.12 s
2026-07-02 03:53:03.688704: Yayy! New best EMA pseudo Dice: 0.0
2026-07-02 03:53:04.798568: 
2026-07-02 03:53:04.798742: Epoch 1
2026-07-02 03:53:04.798860: Current learning rate: 0.00099
2026-07-02 03:53:30.119919: train_loss -0.0524
2026-07-02 03:53:30.120147: val_loss -0.0706
2026-07-02 03:53:30.120258: Pseudo dice [0.0, 0.0, 0.0]
2026-07-02 03:53:30.120355: Epoch time: 25.32 s
2026-07-02 03:53:30.120428: Yayy! New best EMA pseudo Dice: 0.0
2026-07-02 03:53:31.366380: 
2026-07-02 03:53:31.366558: Epoch 2
2026-07-02 03:53:31.366676: Current learning rate: 0.00099
2026-07-02 03:53:56.698881: train_loss -0.084
2026-07-02 03:53:56.699088: val_loss -0.0887
2026-07-02 03:53:56.699844: Pseudo dice [0.0, 0.0, 0.0]
2026-07-02 03:53:56.699941: Epoch time: 25.33 s
2026-07-02 03:53:56.700012: Yayy! New best EMA pseudo Dice: 0.0
2026-07-02 03:53:57.988921: 
2026-07-02 03:53:57.989120: Epoch 3
2026-07-02 03:53:57.989237: Current learning rate: 0.00098
2026-07-02 03:54:23.158019: train_loss -0.094
2026-07-02 03:54:23.158228: val_loss -0.0888
2026-07-02 03:54:23.158343: Pseudo dice [0.0, 0.0009, 0.0001]
2026-07-02 03:54:23.158431: Epoch time: 25.17 s
2026-07-02 03:54:23.158499: Yayy! New best EMA pseudo Dice: 0.0
2026-07-02 03:54:24.595067: 
2026-07-02 03:54:24.595250: Epoch 4
2026-07-02 03:54:24.595387: Current learning rate: 0.00098
2026-07-02 03:54:49.785318: train_loss -0.1031
2026-07-02 03:54:49.785517: val_loss -0.1097
2026-07-02 03:54:49.785621: Pseudo dice [0.0001, 0.4609, 0.0001]
2026-07-02 03:54:49.785710: Epoch time: 25.19 s
2026-07-02 03:54:49.785782: Yayy! New best EMA pseudo Dice: 0.0154
2026-07-02 03:54:51.067839: 
2026-07-02 03:54:51.068008: Epoch 5
2026-07-02 03:54:51.068129: Current learning rate: 0.00097
2026-07-02 03:55:16.423378: train_loss -0.1099
2026-07-02 03:55:16.423583: val_loss -0.1072
2026-07-02 03:55:16.423687: Pseudo dice [0.0058, 0.4958, 0.0002]
2026-07-02 03:55:16.423775: Epoch time: 25.36 s
2026-07-02 03:55:16.423847: Yayy! New best EMA pseudo Dice: 0.0306
2026-07-02 03:55:17.675940: 
2026-07-02 03:55:17.676121: Epoch 6
2026-07-02 03:55:17.676231: Current learning rate: 0.00096
2026-07-02 03:55:42.862423: train_loss -0.1285
2026-07-02 03:55:42.862628: val_loss -0.1737
2026-07-02 03:55:42.862731: Pseudo dice [0.4826, 0.495, 0.0]
2026-07-02 03:55:42.862824: Epoch time: 25.19 s
2026-07-02 03:55:42.862896: Yayy! New best EMA pseudo Dice: 0.0601
2026-07-02 03:55:44.283810: 
2026-07-02 03:55:44.283972: Epoch 7
2026-07-02 03:55:44.284082: Current learning rate: 0.00096
2026-07-02 03:56:09.480918: train_loss -0.2345
2026-07-02 03:56:09.481136: val_loss -0.3582
2026-07-02 03:56:09.481246: Pseudo dice [0.5332, 0.7264, 0.2454]
2026-07-02 03:56:09.481348: Epoch time: 25.2 s
2026-07-02 03:56:09.481430: Yayy! New best EMA pseudo Dice: 0.1043
2026-07-02 03:56:10.738644: 
2026-07-02 03:56:10.738814: Epoch 8
2026-07-02 03:56:10.738928: Current learning rate: 0.00095
2026-07-02 03:56:36.095769: train_loss -0.3577
2026-07-02 03:56:36.095962: val_loss -0.4642
2026-07-02 03:56:36.096062: Pseudo dice [0.5925, 0.7457, 0.5309]
2026-07-02 03:56:36.096148: Epoch time: 25.36 s
2026-07-02 03:56:36.096219: Yayy! New best EMA pseudo Dice: 0.1561
2026-07-02 03:56:37.353883: 
2026-07-02 03:56:37.354033: Epoch 9
2026-07-02 03:56:37.354141: Current learning rate: 0.00095
2026-07-02 03:57:02.691110: train_loss -0.4189
2026-07-02 03:57:02.691331: val_loss -0.4879
2026-07-02 03:57:02.691448: Pseudo dice [0.6012, 0.7543, 0.5666]
2026-07-02 03:57:02.691539: Epoch time: 25.34 s
2026-07-02 03:57:02.691610: Yayy! New best EMA pseudo Dice: 0.2046
2026-07-02 03:57:03.918817: 
2026-07-02 03:57:03.919014: Epoch 10
2026-07-02 03:57:03.919129: Current learning rate: 0.00094
2026-07-02 03:57:29.212402: train_loss -0.4498
2026-07-02 03:57:29.212606: val_loss -0.4217
2026-07-02 03:57:29.212706: Pseudo dice [0.585, 0.589, 0.6067]
2026-07-02 03:57:29.212796: Epoch time: 25.3 s
2026-07-02 03:57:29.212868: Yayy! New best EMA pseudo Dice: 0.2435
2026-07-02 03:57:30.454456: 
2026-07-02 03:57:30.454628: Epoch 11
2026-07-02 03:57:30.454741: Current learning rate: 0.00093
2026-07-02 03:57:55.746490: train_loss -0.4796
2026-07-02 03:57:55.746689: val_loss -0.5531
2026-07-02 03:57:55.746789: Pseudo dice [0.6449, 0.7978, 0.6034]
2026-07-02 03:57:55.746875: Epoch time: 25.29 s
2026-07-02 03:57:55.746943: Yayy! New best EMA pseudo Dice: 0.2874
2026-07-02 03:57:56.999426: 
2026-07-02 03:57:56.999578: Epoch 12
2026-07-02 03:57:56.999688: Current learning rate: 0.00093
2026-07-02 03:58:22.190775: train_loss -0.4865
2026-07-02 03:58:22.190976: val_loss -0.58
2026-07-02 03:58:22.191075: Pseudo dice [0.6617, 0.7947, 0.667]
2026-07-02 03:58:22.191165: Epoch time: 25.19 s
2026-07-02 03:58:22.191236: Yayy! New best EMA pseudo Dice: 0.3294
2026-07-02 03:58:23.595847: 
2026-07-02 03:58:23.596019: Epoch 13
2026-07-02 03:58:23.596134: Current learning rate: 0.00092
2026-07-02 03:58:48.790010: train_loss -0.5124
2026-07-02 03:58:48.790216: val_loss -0.5744
2026-07-02 03:58:48.790324: Pseudo dice [0.6634, 0.8074, 0.6259]
2026-07-02 03:58:48.790416: Epoch time: 25.2 s
2026-07-02 03:58:48.790488: Yayy! New best EMA pseudo Dice: 0.3663
2026-07-02 03:58:50.069740: 
2026-07-02 03:58:50.069896: Epoch 14
2026-07-02 03:58:50.070005: Current learning rate: 0.00092
2026-07-02 03:59:15.421330: train_loss -0.5338
2026-07-02 03:59:15.421550: val_loss -0.5972
2026-07-02 03:59:15.421648: Pseudo dice [0.6608, 0.7992, 0.6879]
2026-07-02 03:59:15.421740: Epoch time: 25.35 s
2026-07-02 03:59:15.421812: Yayy! New best EMA pseudo Dice: 0.4013
2026-07-02 03:59:16.687244: 
2026-07-02 03:59:16.687420: Epoch 15
2026-07-02 03:59:16.687535: Current learning rate: 0.00091
2026-07-02 03:59:41.981438: train_loss -0.5261
2026-07-02 03:59:41.981635: val_loss -0.5855
2026-07-02 03:59:41.981736: Pseudo dice [0.6448, 0.8036, 0.6716]
2026-07-02 03:59:41.981823: Epoch time: 25.3 s
2026-07-02 03:59:41.981895: Yayy! New best EMA pseudo Dice: 0.4318
2026-07-02 03:59:43.244499: 
2026-07-02 03:59:43.244712: Epoch 16
2026-07-02 03:59:43.244825: Current learning rate: 0.0009
2026-07-02 04:00:08.431272: train_loss -0.5438
2026-07-02 04:00:08.431478: val_loss -0.6158
2026-07-02 04:00:08.431582: Pseudo dice [0.6766, 0.8153, 0.7078]
2026-07-02 04:00:08.431670: Epoch time: 25.19 s
2026-07-02 04:00:08.431742: Yayy! New best EMA pseudo Dice: 0.462
2026-07-02 04:00:09.706754: 
2026-07-02 04:00:09.706920: Epoch 17
2026-07-02 04:00:09.707033: Current learning rate: 0.0009
2026-07-02 04:00:35.009034: train_loss -0.5409
2026-07-02 04:00:35.009238: val_loss -0.6075
2026-07-02 04:00:35.009349: Pseudo dice [0.6565, 0.8151, 0.6854]
2026-07-02 04:00:35.009442: Epoch time: 25.3 s
2026-07-02 04:00:35.009515: Yayy! New best EMA pseudo Dice: 0.4877
2026-07-02 04:00:36.280535: 
2026-07-02 04:00:36.280708: Epoch 18
2026-07-02 04:00:36.280819: Current learning rate: 0.00089
2026-07-02 04:01:01.616548: train_loss -0.5584
2026-07-02 04:01:01.616743: val_loss -0.5723
2026-07-02 04:01:01.616842: Pseudo dice [0.6721, 0.7286, 0.6862]
2026-07-02 04:01:01.616929: Epoch time: 25.34 s
2026-07-02 04:01:01.617001: Yayy! New best EMA pseudo Dice: 0.5085
2026-07-02 04:01:02.892784: 
2026-07-02 04:01:02.892957: Epoch 19
2026-07-02 04:01:02.893068: Current learning rate: 0.00089
2026-07-02 04:01:28.188573: train_loss -0.5727
2026-07-02 04:01:28.188765: val_loss -0.5707
2026-07-02 04:01:28.188864: Pseudo dice [0.6808, 0.8162, 0.6282]
2026-07-02 04:01:28.188950: Epoch time: 25.3 s
2026-07-02 04:01:28.189020: Yayy! New best EMA pseudo Dice: 0.5285
2026-07-02 04:01:29.474665: 
2026-07-02 04:01:29.474818: Epoch 20
2026-07-02 04:01:29.474929: Current learning rate: 0.00088
2026-07-02 04:01:54.667763: train_loss -0.5651
2026-07-02 04:01:54.667963: val_loss -0.5055
2026-07-02 04:01:54.668066: Pseudo dice [0.6615, 0.6993, 0.6212]
2026-07-02 04:01:54.668154: Epoch time: 25.19 s
2026-07-02 04:01:54.668229: Yayy! New best EMA pseudo Dice: 0.5417
2026-07-02 04:01:56.112611: 
2026-07-02 04:01:56.112836: Epoch 21
2026-07-02 04:01:56.112957: Current learning rate: 0.00087
2026-07-02 04:02:21.310572: train_loss -0.5895
2026-07-02 04:02:21.310771: val_loss -0.6522
2026-07-02 04:02:21.310872: Pseudo dice [0.7117, 0.8348, 0.7306]
2026-07-02 04:02:21.310960: Epoch time: 25.2 s
2026-07-02 04:02:21.311031: Yayy! New best EMA pseudo Dice: 0.5634
2026-07-02 04:02:22.550925: 
2026-07-02 04:02:22.551099: Epoch 22
2026-07-02 04:02:22.551213: Current learning rate: 0.00087
2026-07-02 04:02:47.847384: train_loss -0.5826
2026-07-02 04:02:47.847580: val_loss -0.6391
2026-07-02 04:02:47.847685: Pseudo dice [0.7116, 0.8245, 0.734]
2026-07-02 04:02:47.847777: Epoch time: 25.3 s
2026-07-02 04:02:47.847850: Yayy! New best EMA pseudo Dice: 0.5828
2026-07-02 04:02:49.097394: 
2026-07-02 04:02:49.097550: Epoch 23
2026-07-02 04:02:49.097663: Current learning rate: 0.00086
2026-07-02 04:03:14.394007: train_loss -0.5879
2026-07-02 04:03:14.394203: val_loss -0.6444
2026-07-02 04:03:14.394313: Pseudo dice [0.6938, 0.8391, 0.6964]
2026-07-02 04:03:14.394406: Epoch time: 25.3 s
2026-07-02 04:03:14.394477: Yayy! New best EMA pseudo Dice: 0.5988
2026-07-02 04:03:15.645622: 
2026-07-02 04:03:15.645795: Epoch 24
2026-07-02 04:03:15.645909: Current learning rate: 0.00085
2026-07-02 04:03:40.937791: train_loss -0.5854
2026-07-02 04:03:40.937987: val_loss -0.6411
2026-07-02 04:03:40.938091: Pseudo dice [0.7073, 0.8307, 0.6901]
2026-07-02 04:03:40.938178: Epoch time: 25.29 s
2026-07-02 04:03:40.938251: Yayy! New best EMA pseudo Dice: 0.6132
2026-07-02 04:03:42.190339: 
2026-07-02 04:03:42.190536: Epoch 25
2026-07-02 04:03:42.190665: Current learning rate: 0.00085
2026-07-02 04:04:07.390569: train_loss -0.6
2026-07-02 04:04:07.390770: val_loss -0.651
2026-07-02 04:04:07.390875: Pseudo dice [0.6987, 0.8381, 0.734]
2026-07-02 04:04:07.390966: Epoch time: 25.2 s
2026-07-02 04:04:07.391039: Yayy! New best EMA pseudo Dice: 0.6276
2026-07-02 04:04:08.804012: 
2026-07-02 04:04:08.804189: Epoch 26
2026-07-02 04:04:08.804307: Current learning rate: 0.00084
2026-07-02 04:04:34.015387: train_loss -0.6005
2026-07-02 04:04:34.015594: val_loss -0.6723
2026-07-02 04:04:34.015695: Pseudo dice [0.709, 0.829, 0.7398]
2026-07-02 04:04:34.015788: Epoch time: 25.21 s
2026-07-02 04:04:34.015861: Yayy! New best EMA pseudo Dice: 0.6407
2026-07-02 04:04:35.285216: 
2026-07-02 04:04:35.285370: Epoch 27
2026-07-02 04:04:35.285482: Current learning rate: 0.00084
2026-07-02 04:05:00.616860: train_loss -0.6112
2026-07-02 04:05:00.617061: val_loss -0.6497
2026-07-02 04:05:00.617164: Pseudo dice [0.6932, 0.8239, 0.7429]
2026-07-02 04:05:00.617253: Epoch time: 25.33 s
2026-07-02 04:05:00.617340: Yayy! New best EMA pseudo Dice: 0.652
2026-07-02 04:05:01.883503: 
2026-07-02 04:05:01.883679: Epoch 28
2026-07-02 04:05:01.883793: Current learning rate: 0.00083
2026-07-02 04:05:27.232643: train_loss -0.623
2026-07-02 04:05:27.232849: val_loss -0.6466
2026-07-02 04:05:27.232948: Pseudo dice [0.709, 0.8408, 0.7089]
2026-07-02 04:05:27.233035: Epoch time: 25.35 s
2026-07-02 04:05:27.233104: Yayy! New best EMA pseudo Dice: 0.6621
2026-07-02 04:05:28.497689: 
2026-07-02 04:05:28.497852: Epoch 29
2026-07-02 04:05:28.497962: Current learning rate: 0.00082
2026-07-02 04:05:53.692198: train_loss -0.6159
2026-07-02 04:05:53.692405: val_loss -0.6186
2026-07-02 04:05:53.692506: Pseudo dice [0.7023, 0.7979, 0.6962]
2026-07-02 04:05:53.692595: Epoch time: 25.2 s
2026-07-02 04:05:53.692665: Yayy! New best EMA pseudo Dice: 0.6691
2026-07-02 04:05:54.962139: 
2026-07-02 04:05:54.962309: Epoch 30
2026-07-02 04:05:54.962418: Current learning rate: 0.00082
2026-07-02 04:06:20.330986: train_loss -0.6317
2026-07-02 04:06:20.331188: val_loss -0.6279
2026-07-02 04:06:20.331288: Pseudo dice [0.7091, 0.7825, 0.7227]
2026-07-02 04:06:20.331387: Epoch time: 25.37 s
2026-07-02 04:06:20.331459: Yayy! New best EMA pseudo Dice: 0.676
2026-07-02 04:06:21.601166: 
2026-07-02 04:06:21.601353: Epoch 31
2026-07-02 04:06:21.601463: Current learning rate: 0.00081
2026-07-02 04:06:46.905753: train_loss -0.6131
2026-07-02 04:06:46.905962: val_loss -0.6669
2026-07-02 04:06:46.906069: Pseudo dice [0.6969, 0.8296, 0.7268]
2026-07-02 04:06:46.906161: Epoch time: 25.31 s
2026-07-02 04:06:46.906234: Yayy! New best EMA pseudo Dice: 0.6835
2026-07-02 04:06:48.182709: 
2026-07-02 04:06:48.182883: Epoch 32
2026-07-02 04:06:48.182998: Current learning rate: 0.00081
2026-07-02 04:07:13.374785: train_loss -0.626
2026-07-02 04:07:13.374983: val_loss -0.6048
2026-07-02 04:07:13.375085: Pseudo dice [0.6927, 0.8128, 0.6735]
2026-07-02 04:07:13.375174: Epoch time: 25.19 s
2026-07-02 04:07:13.375247: Yayy! New best EMA pseudo Dice: 0.6878
2026-07-02 04:07:14.802784: 
2026-07-02 04:07:14.802958: Epoch 33
2026-07-02 04:07:14.803070: Current learning rate: 0.0008
2026-07-02 04:07:40.009401: train_loss -0.6084
2026-07-02 04:07:40.009602: val_loss -0.6302
2026-07-02 04:07:40.009703: Pseudo dice [0.6762, 0.8505, 0.6863]
2026-07-02 04:07:40.010383: Epoch time: 25.21 s
2026-07-02 04:07:40.010465: Yayy! New best EMA pseudo Dice: 0.6928
2026-07-02 04:07:41.447877: 
2026-07-02 04:07:41.448051: Epoch 34
2026-07-02 04:07:41.448164: Current learning rate: 0.00079
2026-07-02 04:08:06.664099: train_loss -0.6263
2026-07-02 04:08:06.664367: val_loss -0.6185
2026-07-02 04:08:06.664475: Pseudo dice [0.7078, 0.8078, 0.6931]
2026-07-02 04:08:06.664574: Epoch time: 25.22 s
2026-07-02 04:08:06.664659: Yayy! New best EMA pseudo Dice: 0.6971
2026-07-02 04:08:07.936583: 
2026-07-02 04:08:07.936728: Epoch 35
2026-07-02 04:08:07.936836: Current learning rate: 0.00079
2026-07-02 04:08:33.262676: train_loss -0.628
2026-07-02 04:08:33.262875: val_loss -0.6464
2026-07-02 04:08:33.262976: Pseudo dice [0.7054, 0.8218, 0.7288]
2026-07-02 04:08:33.263062: Epoch time: 25.33 s
2026-07-02 04:08:33.263131: Yayy! New best EMA pseudo Dice: 0.7026
2026-07-02 04:08:34.527069: 
2026-07-02 04:08:34.527265: Epoch 36
2026-07-02 04:08:34.527391: Current learning rate: 0.00078
2026-07-02 04:08:59.847881: train_loss -0.6339
2026-07-02 04:08:59.848100: val_loss -0.6527
2026-07-02 04:08:59.848202: Pseudo dice [0.7194, 0.8196, 0.7244]
2026-07-02 04:08:59.848305: Epoch time: 25.32 s
2026-07-02 04:08:59.848379: Yayy! New best EMA pseudo Dice: 0.7078
2026-07-02 04:09:01.111591: 
2026-07-02 04:09:01.111754: Epoch 37
2026-07-02 04:09:01.111862: Current learning rate: 0.00077
2026-07-02 04:09:26.318575: train_loss -0.6332
2026-07-02 04:09:26.318821: val_loss -0.6583
2026-07-02 04:09:26.318928: Pseudo dice [0.709, 0.8306, 0.7311]
2026-07-02 04:09:26.319024: Epoch time: 25.21 s
2026-07-02 04:09:26.319103: Yayy! New best EMA pseudo Dice: 0.7127
2026-07-02 04:09:27.745601: 
2026-07-02 04:09:27.745748: Epoch 38
2026-07-02 04:09:27.745860: Current learning rate: 0.00077
2026-07-02 04:09:52.945889: train_loss -0.6389
2026-07-02 04:09:52.946137: val_loss -0.6104
2026-07-02 04:09:52.946241: Pseudo dice [0.6972, 0.8261, 0.7206]
2026-07-02 04:09:52.946354: Epoch time: 25.2 s
2026-07-02 04:09:52.946434: Yayy! New best EMA pseudo Dice: 0.7162
2026-07-02 04:09:54.213758: 
2026-07-02 04:09:54.213922: Epoch 39
2026-07-02 04:09:54.214031: Current learning rate: 0.00076
2026-07-02 04:10:19.587000: train_loss -0.6521
2026-07-02 04:10:19.587195: val_loss -0.6868
2026-07-02 04:10:19.587293: Pseudo dice [0.7316, 0.8504, 0.7462]
2026-07-02 04:10:19.587401: Epoch time: 25.37 s
2026-07-02 04:10:19.587473: Yayy! New best EMA pseudo Dice: 0.7222
2026-07-02 04:10:20.867503: 
2026-07-02 04:10:20.867656: Epoch 40
2026-07-02 04:10:20.867765: Current learning rate: 0.00076
2026-07-02 04:10:46.168137: train_loss -0.6539
2026-07-02 04:10:46.168386: val_loss -0.6631
2026-07-02 04:10:46.168489: Pseudo dice [0.7163, 0.8397, 0.7327]
2026-07-02 04:10:46.168584: Epoch time: 25.3 s
2026-07-02 04:10:46.168662: Yayy! New best EMA pseudo Dice: 0.7263
2026-07-02 04:10:47.452015: 
2026-07-02 04:10:47.452168: Epoch 41
2026-07-02 04:10:47.452280: Current learning rate: 0.00075
2026-07-02 04:11:12.754878: train_loss -0.6484
2026-07-02 04:11:12.755066: val_loss -0.6282
2026-07-02 04:11:12.755166: Pseudo dice [0.7067, 0.8218, 0.7406]
2026-07-02 04:11:12.755307: Epoch time: 25.3 s
2026-07-02 04:11:12.755387: Yayy! New best EMA pseudo Dice: 0.7293
2026-07-02 04:11:14.011726: 
2026-07-02 04:11:14.011895: Epoch 42
2026-07-02 04:11:14.012013: Current learning rate: 0.00074
2026-07-02 04:11:39.202226: train_loss -0.6463
2026-07-02 04:11:39.202490: val_loss -0.6507
2026-07-02 04:11:39.202595: Pseudo dice [0.7319, 0.8296, 0.7291]
2026-07-02 04:11:39.202697: Epoch time: 25.19 s
2026-07-02 04:11:39.202775: Yayy! New best EMA pseudo Dice: 0.7327
2026-07-02 04:11:40.461832: 
2026-07-02 04:11:40.462001: Epoch 43
2026-07-02 04:11:40.462113: Current learning rate: 0.00074
2026-07-02 04:12:05.803098: train_loss -0.6595
2026-07-02 04:12:05.803356: val_loss -0.6503
2026-07-02 04:12:05.803464: Pseudo dice [0.7328, 0.8137, 0.73]
2026-07-02 04:12:05.803565: Epoch time: 25.34 s
2026-07-02 04:12:05.803642: Yayy! New best EMA pseudo Dice: 0.7353
2026-07-02 04:12:07.056269: 
2026-07-02 04:12:07.056438: Epoch 44
2026-07-02 04:12:07.056551: Current learning rate: 0.00073
2026-07-02 04:12:32.376256: train_loss -0.6685
2026-07-02 04:12:32.376461: val_loss -0.6476
2026-07-02 04:12:32.376561: Pseudo dice [0.6886, 0.8407, 0.7102]
2026-07-02 04:12:32.376646: Epoch time: 25.32 s
2026-07-02 04:12:32.376716: Yayy! New best EMA pseudo Dice: 0.7364
2026-07-02 04:12:33.617520: 
2026-07-02 04:12:33.617669: Epoch 45
2026-07-02 04:12:33.617784: Current learning rate: 0.00073
2026-07-02 04:12:58.801072: train_loss -0.6468
2026-07-02 04:12:58.801326: val_loss -0.6394
2026-07-02 04:12:58.801431: Pseudo dice [0.7225, 0.8342, 0.7197]
2026-07-02 04:12:58.801528: Epoch time: 25.19 s
2026-07-02 04:12:58.801606: Yayy! New best EMA pseudo Dice: 0.7387
2026-07-02 04:13:00.043893: 
2026-07-02 04:13:00.044065: Epoch 46
2026-07-02 04:13:00.044175: Current learning rate: 0.00072
2026-07-02 04:13:25.412596: train_loss -0.6612
2026-07-02 04:13:25.412786: val_loss -0.647
2026-07-02 04:13:25.412884: Pseudo dice [0.7225, 0.8301, 0.7294]
2026-07-02 04:13:25.412967: Epoch time: 25.37 s
2026-07-02 04:13:25.413039: Yayy! New best EMA pseudo Dice: 0.7409
2026-07-02 04:13:26.651510: 
2026-07-02 04:13:26.651673: Epoch 47
2026-07-02 04:13:26.651785: Current learning rate: 0.00071
2026-07-02 04:13:51.986722: train_loss -0.6695
2026-07-02 04:13:51.986967: val_loss -0.6668
2026-07-02 04:13:51.987072: Pseudo dice [0.7318, 0.84, 0.7142]
2026-07-02 04:13:51.987169: Epoch time: 25.34 s
2026-07-02 04:13:51.987249: Yayy! New best EMA pseudo Dice: 0.743
2026-07-02 04:13:53.233878: 
2026-07-02 04:13:53.234044: Epoch 48
2026-07-02 04:13:53.234150: Current learning rate: 0.00071
2026-07-02 04:14:18.539820: train_loss -0.6627
2026-07-02 04:14:18.540023: val_loss -0.6833
2026-07-02 04:14:18.540124: Pseudo dice [0.7118, 0.849, 0.7524]
2026-07-02 04:14:18.540212: Epoch time: 25.31 s
2026-07-02 04:14:18.540284: Yayy! New best EMA pseudo Dice: 0.7458
2026-07-02 04:14:19.796375: 
2026-07-02 04:14:19.796547: Epoch 49
2026-07-02 04:14:19.796660: Current learning rate: 0.0007
2026-07-02 04:14:44.985813: train_loss -0.6749
2026-07-02 04:14:44.986045: val_loss -0.7167
2026-07-02 04:14:44.986150: Pseudo dice [0.7339, 0.8587, 0.7696]
2026-07-02 04:14:44.986246: Epoch time: 25.19 s
2026-07-02 04:14:45.085673: Yayy! New best EMA pseudo Dice: 0.75
2026-07-02 04:14:46.487901: 
2026-07-02 04:14:46.488071: Epoch 50
2026-07-02 04:14:46.488179: Current learning rate: 0.00069
2026-07-02 04:15:11.680553: train_loss -0.6681
2026-07-02 04:15:11.680740: val_loss -0.6614
2026-07-02 04:15:11.680838: Pseudo dice [0.7197, 0.8404, 0.731]
2026-07-02 04:15:11.680925: Epoch time: 25.19 s
2026-07-02 04:15:11.680997: Yayy! New best EMA pseudo Dice: 0.7513
2026-07-02 04:15:12.938484: 
2026-07-02 04:15:12.938645: Epoch 51
2026-07-02 04:15:12.938756: Current learning rate: 0.00069
2026-07-02 04:15:38.242796: train_loss -0.6622
2026-07-02 04:15:38.243067: val_loss -0.6622
2026-07-02 04:15:38.243172: Pseudo dice [0.7303, 0.8369, 0.7334]
2026-07-02 04:15:38.243266: Epoch time: 25.31 s
2026-07-02 04:15:38.243365: Yayy! New best EMA pseudo Dice: 0.7529
2026-07-02 04:15:39.503273: 
2026-07-02 04:15:39.503434: Epoch 52
2026-07-02 04:15:39.503542: Current learning rate: 0.00068
2026-07-02 04:16:04.691805: train_loss -0.6777
2026-07-02 04:16:04.691996: val_loss -0.6563
2026-07-02 04:16:04.692096: Pseudo dice [0.7179, 0.8435, 0.7322]
2026-07-02 04:16:04.692183: Epoch time: 25.19 s
2026-07-02 04:16:04.692252: Yayy! New best EMA pseudo Dice: 0.754
2026-07-02 04:16:06.117045: 
2026-07-02 04:16:06.117201: Epoch 53
2026-07-02 04:16:06.117321: Current learning rate: 0.00068
2026-07-02 04:16:31.317938: train_loss -0.6767
2026-07-02 04:16:31.318184: val_loss -0.6711
2026-07-02 04:16:31.318288: Pseudo dice [0.7233, 0.8438, 0.7569]
2026-07-02 04:16:31.318396: Epoch time: 25.2 s
2026-07-02 04:16:31.318475: Yayy! New best EMA pseudo Dice: 0.7561
2026-07-02 04:16:32.579670: 
2026-07-02 04:16:32.579828: Epoch 54
2026-07-02 04:16:32.579938: Current learning rate: 0.00067
2026-07-02 04:16:57.940933: train_loss -0.6571
2026-07-02 04:16:57.941214: val_loss -0.6672
2026-07-02 04:16:57.941335: Pseudo dice [0.7152, 0.8202, 0.7549]
2026-07-02 04:16:57.941437: Epoch time: 25.36 s
2026-07-02 04:16:57.941518: Yayy! New best EMA pseudo Dice: 0.7568
2026-07-02 04:16:59.202524: 
2026-07-02 04:16:59.202685: Epoch 55
2026-07-02 04:16:59.202797: Current learning rate: 0.00066
2026-07-02 04:17:24.504341: train_loss -0.6774
2026-07-02 04:17:24.504545: val_loss -0.6683
2026-07-02 04:17:24.504643: Pseudo dice [0.7393, 0.8375, 0.7098]
2026-07-02 04:17:24.504729: Epoch time: 25.3 s
2026-07-02 04:17:24.504799: Yayy! New best EMA pseudo Dice: 0.7574
2026-07-02 04:17:25.771319: 
2026-07-02 04:17:25.771530: Epoch 56
2026-07-02 04:17:25.771641: Current learning rate: 0.00066
2026-07-02 04:17:50.957555: train_loss -0.6832
2026-07-02 04:17:50.957796: val_loss -0.672
2026-07-02 04:17:50.957900: Pseudo dice [0.7441, 0.8274, 0.757]
2026-07-02 04:17:50.957995: Epoch time: 25.19 s
2026-07-02 04:17:50.958073: Yayy! New best EMA pseudo Dice: 0.7593
2026-07-02 04:17:52.371471: 
2026-07-02 04:17:52.371644: Epoch 57
2026-07-02 04:17:52.371753: Current learning rate: 0.00065
2026-07-02 04:18:17.570313: train_loss -0.6804
2026-07-02 04:18:17.570584: val_loss -0.6893
2026-07-02 04:18:17.570688: Pseudo dice [0.729, 0.8523, 0.7398]
2026-07-02 04:18:17.570786: Epoch time: 25.2 s
2026-07-02 04:18:17.570868: Yayy! New best EMA pseudo Dice: 0.7607
2026-07-02 04:18:18.838814: 
2026-07-02 04:18:18.838964: Epoch 58
2026-07-02 04:18:18.839074: Current learning rate: 0.00064
2026-07-02 04:18:44.149344: train_loss -0.6912
2026-07-02 04:18:44.149597: val_loss -0.6691
2026-07-02 04:18:44.149698: Pseudo dice [0.7309, 0.8361, 0.737]
2026-07-02 04:18:44.149796: Epoch time: 25.31 s
2026-07-02 04:18:44.149874: Yayy! New best EMA pseudo Dice: 0.7614
2026-07-02 04:18:45.420512: 
2026-07-02 04:18:45.420672: Epoch 59
2026-07-02 04:18:45.420782: Current learning rate: 0.00064
2026-07-02 04:19:10.719506: train_loss -0.6736
2026-07-02 04:19:10.719708: val_loss -0.6645
2026-07-02 04:19:10.719811: Pseudo dice [0.7437, 0.8391, 0.7259]
2026-07-02 04:19:10.719901: Epoch time: 25.3 s
2026-07-02 04:19:10.719975: Yayy! New best EMA pseudo Dice: 0.7622
2026-07-02 04:19:11.983042: 
2026-07-02 04:19:11.983206: Epoch 60
2026-07-02 04:19:11.983325: Current learning rate: 0.00063
2026-07-02 04:19:37.173690: train_loss -0.68
2026-07-02 04:19:37.173890: val_loss -0.6946
2026-07-02 04:19:37.173992: Pseudo dice [0.7446, 0.8564, 0.7537]
2026-07-02 04:19:37.174081: Epoch time: 25.19 s
2026-07-02 04:19:37.174154: Yayy! New best EMA pseudo Dice: 0.7645
2026-07-02 04:19:38.580190: 
2026-07-02 04:19:38.580363: Epoch 61
2026-07-02 04:19:38.580476: Current learning rate: 0.00063
2026-07-02 04:20:03.779219: train_loss -0.6784
2026-07-02 04:20:03.779432: val_loss -0.6662
2026-07-02 04:20:03.779534: Pseudo dice [0.7492, 0.845, 0.75]
2026-07-02 04:20:03.779623: Epoch time: 25.2 s
2026-07-02 04:20:03.779695: Yayy! New best EMA pseudo Dice: 0.7662
2026-07-02 04:20:05.053438: 
2026-07-02 04:20:05.053604: Epoch 62
2026-07-02 04:20:05.053711: Current learning rate: 0.00062
2026-07-02 04:20:30.406485: train_loss -0.679
2026-07-02 04:20:30.406766: val_loss -0.6556
2026-07-02 04:20:30.406874: Pseudo dice [0.736, 0.8029, 0.7206]
2026-07-02 04:20:30.406961: Epoch time: 25.35 s
2026-07-02 04:20:31.582896: 
2026-07-02 04:20:31.583061: Epoch 63
2026-07-02 04:20:31.583170: Current learning rate: 0.00061
2026-07-02 04:20:56.878185: train_loss -0.684
2026-07-02 04:20:56.878416: val_loss -0.6672
2026-07-02 04:20:56.878518: Pseudo dice [0.7213, 0.8436, 0.7514]
2026-07-02 04:20:56.878603: Epoch time: 25.3 s
2026-07-02 04:20:58.049474: 
2026-07-02 04:20:58.049648: Epoch 64
2026-07-02 04:20:58.049759: Current learning rate: 0.00061
2026-07-02 04:21:23.211488: train_loss -0.6856
2026-07-02 04:21:23.211686: val_loss -0.6988
2026-07-02 04:21:23.211787: Pseudo dice [0.7461, 0.8434, 0.7533]
2026-07-02 04:21:23.211872: Epoch time: 25.16 s
2026-07-02 04:21:23.211944: Yayy! New best EMA pseudo Dice: 0.7671
2026-07-02 04:21:24.487255: 
2026-07-02 04:21:24.487430: Epoch 65
2026-07-02 04:21:24.487539: Current learning rate: 0.0006
2026-07-02 04:21:49.824134: train_loss -0.6887
2026-07-02 04:21:49.824354: val_loss -0.6948
2026-07-02 04:21:49.824455: Pseudo dice [0.7373, 0.853, 0.772]
2026-07-02 04:21:49.824542: Epoch time: 25.34 s
2026-07-02 04:21:49.824620: Yayy! New best EMA pseudo Dice: 0.7692
2026-07-02 04:21:51.099606: 
2026-07-02 04:21:51.099787: Epoch 66
2026-07-02 04:21:51.099899: Current learning rate: 0.00059
2026-07-02 04:22:16.422058: train_loss -0.7013
2026-07-02 04:22:16.422262: val_loss -0.6742
2026-07-02 04:22:16.422392: Pseudo dice [0.7263, 0.8429, 0.7247]
2026-07-02 04:22:16.422484: Epoch time: 25.32 s
2026-07-02 04:22:17.590197: 
2026-07-02 04:22:17.590361: Epoch 67
2026-07-02 04:22:17.590469: Current learning rate: 0.00059
2026-07-02 04:22:42.869760: train_loss -0.6964
2026-07-02 04:22:42.869958: val_loss -0.6874
2026-07-02 04:22:42.870055: Pseudo dice [0.7568, 0.8515, 0.7423]
2026-07-02 04:22:42.870139: Epoch time: 25.28 s
2026-07-02 04:22:42.870208: Yayy! New best EMA pseudo Dice: 0.7702
2026-07-02 04:22:44.132620: 
2026-07-02 04:22:44.132789: Epoch 68
2026-07-02 04:22:44.132903: Current learning rate: 0.00058
2026-07-02 04:23:09.299590: train_loss -0.6933
2026-07-02 04:23:09.299795: val_loss -0.6781
2026-07-02 04:23:09.299894: Pseudo dice [0.749, 0.8572, 0.7581]
2026-07-02 04:23:09.299982: Epoch time: 25.17 s
2026-07-02 04:23:09.300055: Yayy! New best EMA pseudo Dice: 0.772
2026-07-02 04:23:10.712898: 
2026-07-02 04:23:10.713053: Epoch 69
2026-07-02 04:23:10.713161: Current learning rate: 0.00057
2026-07-02 04:23:35.882159: train_loss -0.7071
2026-07-02 04:23:35.882379: val_loss -0.6503
2026-07-02 04:23:35.882482: Pseudo dice [0.7422, 0.8218, 0.7298]
2026-07-02 04:23:35.882574: Epoch time: 25.17 s
2026-07-02 04:23:37.039740: 
2026-07-02 04:23:37.039906: Epoch 70
2026-07-02 04:23:37.040018: Current learning rate: 0.00057
2026-07-02 04:24:02.369548: train_loss -0.7033
2026-07-02 04:24:02.369775: val_loss -0.6985
2026-07-02 04:24:02.369874: Pseudo dice [0.741, 0.8546, 0.7728]
2026-07-02 04:24:02.369959: Epoch time: 25.33 s
2026-07-02 04:24:02.370029: Yayy! New best EMA pseudo Dice: 0.7731
2026-07-02 04:24:03.635072: 
2026-07-02 04:24:03.635235: Epoch 71
2026-07-02 04:24:03.635349: Current learning rate: 0.00056
2026-07-02 04:24:28.955325: train_loss -0.6937
2026-07-02 04:24:28.955547: val_loss -0.6568
2026-07-02 04:24:28.955650: Pseudo dice [0.7175, 0.8318, 0.719]
2026-07-02 04:24:28.955740: Epoch time: 25.32 s
2026-07-02 04:24:30.111070: 
2026-07-02 04:24:30.111225: Epoch 72
2026-07-02 04:24:30.111341: Current learning rate: 0.00056
2026-07-02 04:24:55.383934: train_loss -0.7001
2026-07-02 04:24:55.384124: val_loss -0.6518
2026-07-02 04:24:55.384221: Pseudo dice [0.7457, 0.8377, 0.7268]
2026-07-02 04:24:55.384313: Epoch time: 25.27 s
2026-07-02 04:24:56.539954: 
2026-07-02 04:24:56.540128: Epoch 73
2026-07-02 04:24:56.540237: Current learning rate: 0.00055
2026-07-02 04:25:21.701759: train_loss -0.705
2026-07-02 04:25:21.701991: val_loss -0.6909
2026-07-02 04:25:21.702091: Pseudo dice [0.7491, 0.8494, 0.7579]
2026-07-02 04:25:21.702180: Epoch time: 25.16 s
2026-07-02 04:25:22.859220: 
2026-07-02 04:25:22.859383: Epoch 74
2026-07-02 04:25:22.859492: Current learning rate: 0.00054
2026-07-02 04:25:48.175275: train_loss -0.6968
2026-07-02 04:25:48.175494: val_loss -0.6723
2026-07-02 04:25:48.175598: Pseudo dice [0.7347, 0.843, 0.7567]
2026-07-02 04:25:48.175687: Epoch time: 25.32 s
2026-07-02 04:25:48.175757: Yayy! New best EMA pseudo Dice: 0.7732
2026-07-02 04:25:49.439085: 
2026-07-02 04:25:49.439253: Epoch 75
2026-07-02 04:25:49.439369: Current learning rate: 0.00054
2026-07-02 04:26:14.749395: train_loss -0.7174
2026-07-02 04:26:14.750204: val_loss -0.6953
2026-07-02 04:26:14.750328: Pseudo dice [0.7316, 0.8395, 0.7684]
2026-07-02 04:26:14.750422: Epoch time: 25.31 s
2026-07-02 04:26:14.750495: Yayy! New best EMA pseudo Dice: 0.7739
2026-07-02 04:26:16.013384: 
2026-07-02 04:26:16.013546: Epoch 76
2026-07-02 04:26:16.013658: Current learning rate: 0.00053
2026-07-02 04:26:41.169930: train_loss -0.6919
2026-07-02 04:26:41.170113: val_loss -0.6777
2026-07-02 04:26:41.170212: Pseudo dice [0.7361, 0.8499, 0.7433]
2026-07-02 04:26:41.170304: Epoch time: 25.16 s
2026-07-02 04:26:41.170378: Yayy! New best EMA pseudo Dice: 0.7741
2026-07-02 04:26:42.422639: 
2026-07-02 04:26:42.422807: Epoch 77
2026-07-02 04:26:42.422920: Current learning rate: 0.00052
2026-07-02 04:27:07.751105: train_loss -0.7186
2026-07-02 04:27:07.751316: val_loss -0.6788
2026-07-02 04:27:07.751416: Pseudo dice [0.7379, 0.8476, 0.7702]
2026-07-02 04:27:07.751501: Epoch time: 25.33 s
2026-07-02 04:27:07.751570: Yayy! New best EMA pseudo Dice: 0.7752
2026-07-02 04:27:09.029581: 
2026-07-02 04:27:09.029751: Epoch 78
2026-07-02 04:27:09.029863: Current learning rate: 0.00052
2026-07-02 04:27:34.352118: train_loss -0.7052
2026-07-02 04:27:34.352332: val_loss -0.6674
2026-07-02 04:27:34.352431: Pseudo dice [0.7442, 0.8415, 0.7201]
2026-07-02 04:27:34.352518: Epoch time: 25.32 s
2026-07-02 04:27:35.528431: 
2026-07-02 04:27:35.528603: Epoch 79
2026-07-02 04:27:35.528716: Current learning rate: 0.00051
2026-07-02 04:28:00.842702: train_loss -0.6939
2026-07-02 04:28:00.842903: val_loss -0.6558
2026-07-02 04:28:00.843003: Pseudo dice [0.751, 0.8521, 0.7567]
2026-07-02 04:28:00.843092: Epoch time: 25.32 s
2026-07-02 04:28:00.843165: Yayy! New best EMA pseudo Dice: 0.7758
2026-07-02 04:28:02.120051: 
2026-07-02 04:28:02.120213: Epoch 80
2026-07-02 04:28:02.120326: Current learning rate: 0.0005
2026-07-02 04:28:27.285185: train_loss -0.7186
2026-07-02 04:28:27.285405: val_loss -0.666
2026-07-02 04:28:27.285509: Pseudo dice [0.7391, 0.8122, 0.7336]
2026-07-02 04:28:27.285596: Epoch time: 25.17 s
2026-07-02 04:28:28.611606: 
2026-07-02 04:28:28.611769: Epoch 81
2026-07-02 04:28:28.611881: Current learning rate: 0.0005
2026-07-02 04:28:53.776048: train_loss -0.7044
2026-07-02 04:28:53.776254: val_loss -0.6686
2026-07-02 04:28:53.776366: Pseudo dice [0.7414, 0.8526, 0.7661]
2026-07-02 04:28:53.776456: Epoch time: 25.17 s
2026-07-02 04:28:54.947330: 
2026-07-02 04:28:54.947488: Epoch 82
2026-07-02 04:28:54.947599: Current learning rate: 0.00049
2026-07-02 04:29:20.232316: train_loss -0.7094
2026-07-02 04:29:20.232513: val_loss -0.6863
2026-07-02 04:29:20.232615: Pseudo dice [0.7342, 0.8547, 0.7654]
2026-07-02 04:29:20.232701: Epoch time: 25.29 s
2026-07-02 04:29:20.232773: Yayy! New best EMA pseudo Dice: 0.7765
2026-07-02 04:29:21.466600: 
2026-07-02 04:29:21.466777: Epoch 83
2026-07-02 04:29:21.466889: Current learning rate: 0.00048
2026-07-02 04:29:46.638201: train_loss -0.715
2026-07-02 04:29:46.638411: val_loss -0.6832
2026-07-02 04:29:46.638511: Pseudo dice [0.709, 0.8622, 0.7535]
2026-07-02 04:29:46.638597: Epoch time: 25.17 s
2026-07-02 04:29:47.914166: 
2026-07-02 04:29:47.914340: Epoch 84
2026-07-02 04:29:47.914453: Current learning rate: 0.00048
2026-07-02 04:30:13.088610: train_loss -0.7045
2026-07-02 04:30:13.088809: val_loss -0.7022
2026-07-02 04:30:13.088909: Pseudo dice [0.7314, 0.8582, 0.7657]
2026-07-02 04:30:13.088993: Epoch time: 25.18 s
2026-07-02 04:30:13.089064: Yayy! New best EMA pseudo Dice: 0.7772
2026-07-02 04:30:14.328050: 
2026-07-02 04:30:14.328207: Epoch 85
2026-07-02 04:30:14.328324: Current learning rate: 0.00047
2026-07-02 04:30:39.606504: train_loss -0.7077
2026-07-02 04:30:39.606713: val_loss -0.6803
2026-07-02 04:30:39.606815: Pseudo dice [0.7439, 0.8434, 0.7679]
2026-07-02 04:30:39.606898: Epoch time: 25.28 s
2026-07-02 04:30:39.606970: Yayy! New best EMA pseudo Dice: 0.778
2026-07-02 04:30:40.888319: 
2026-07-02 04:30:40.888489: Epoch 86
2026-07-02 04:30:40.888603: Current learning rate: 0.00046
2026-07-02 04:31:06.169854: train_loss -0.7145
2026-07-02 04:31:06.170053: val_loss -0.7105
2026-07-02 04:31:06.170151: Pseudo dice [0.7437, 0.8598, 0.7773]
2026-07-02 04:31:06.170238: Epoch time: 25.28 s
2026-07-02 04:31:06.170316: Yayy! New best EMA pseudo Dice: 0.7796
2026-07-02 04:31:07.407749: 
2026-07-02 04:31:07.407912: Epoch 87
2026-07-02 04:31:07.408020: Current learning rate: 0.00046
2026-07-02 04:31:32.571088: train_loss -0.7098
2026-07-02 04:31:32.571321: val_loss -0.6844
2026-07-02 04:31:32.571424: Pseudo dice [0.749, 0.8373, 0.7406]
2026-07-02 04:31:32.571514: Epoch time: 25.16 s
2026-07-02 04:31:33.705020: 
2026-07-02 04:31:33.705172: Epoch 88
2026-07-02 04:31:33.705283: Current learning rate: 0.00045
2026-07-02 04:31:58.996046: train_loss -0.6974
2026-07-02 04:31:58.996253: val_loss -0.6776
2026-07-02 04:31:58.996361: Pseudo dice [0.7456, 0.8441, 0.7716]
2026-07-02 04:31:58.996450: Epoch time: 25.29 s
2026-07-02 04:31:58.996522: Yayy! New best EMA pseudo Dice: 0.78
2026-07-02 04:32:00.228557: 
2026-07-02 04:32:00.228711: Epoch 89
2026-07-02 04:32:00.228817: Current learning rate: 0.00044
2026-07-02 04:32:25.510247: train_loss -0.7294
2026-07-02 04:32:25.510430: val_loss -0.6934
2026-07-02 04:32:25.510529: Pseudo dice [0.7478, 0.849, 0.7771]
2026-07-02 04:32:25.510616: Epoch time: 25.28 s
2026-07-02 04:32:25.510685: Yayy! New best EMA pseudo Dice: 0.7811
2026-07-02 04:32:26.747978: 
2026-07-02 04:32:26.748171: Epoch 90
2026-07-02 04:32:26.748290: Current learning rate: 0.00044
2026-07-02 04:32:52.014304: train_loss -0.7263
2026-07-02 04:32:52.014503: val_loss -0.6836
2026-07-02 04:32:52.014602: Pseudo dice [0.7453, 0.8413, 0.7777]
2026-07-02 04:32:52.014689: Epoch time: 25.27 s
2026-07-02 04:32:52.014761: Yayy! New best EMA pseudo Dice: 0.7818
2026-07-02 04:32:53.250852: 
2026-07-02 04:32:53.251004: Epoch 91
2026-07-02 04:32:53.251116: Current learning rate: 0.00043
2026-07-02 04:33:18.415926: train_loss -0.7181
2026-07-02 04:33:18.416131: val_loss -0.6949
2026-07-02 04:33:18.416230: Pseudo dice [0.7501, 0.8558, 0.7817]
2026-07-02 04:33:18.416325: Epoch time: 25.17 s
2026-07-02 04:33:18.416397: Yayy! New best EMA pseudo Dice: 0.7832
2026-07-02 04:33:19.651523: 
2026-07-02 04:33:19.651691: Epoch 92
2026-07-02 04:33:19.651802: Current learning rate: 0.00043
2026-07-02 04:33:44.982878: train_loss -0.7284
2026-07-02 04:33:44.983100: val_loss -0.6985
2026-07-02 04:33:44.983200: Pseudo dice [0.7546, 0.8196, 0.7585]
2026-07-02 04:33:44.983286: Epoch time: 25.33 s
2026-07-02 04:33:46.116148: 
2026-07-02 04:33:46.116313: Epoch 93
2026-07-02 04:33:46.116427: Current learning rate: 0.00042
2026-07-02 04:34:11.399811: train_loss -0.7239
2026-07-02 04:34:11.400001: val_loss -0.6822
2026-07-02 04:34:11.400102: Pseudo dice [0.7534, 0.834, 0.7672]
2026-07-02 04:34:11.400187: Epoch time: 25.29 s
2026-07-02 04:34:12.540785: 
2026-07-02 04:34:12.540981: Epoch 94
2026-07-02 04:34:12.541095: Current learning rate: 0.00041
2026-07-02 04:34:37.715229: train_loss -0.7105
2026-07-02 04:34:37.715433: val_loss -0.6766
2026-07-02 04:34:37.715539: Pseudo dice [0.7476, 0.8485, 0.7562]
2026-07-02 04:34:37.715633: Epoch time: 25.18 s
2026-07-02 04:34:39.010756: 
2026-07-02 04:34:39.010910: Epoch 95
2026-07-02 04:34:39.011022: Current learning rate: 0.00041
2026-07-02 04:35:04.189973: train_loss -0.722
2026-07-02 04:35:04.190219: val_loss -0.6999
2026-07-02 04:35:04.190329: Pseudo dice [0.7524, 0.8394, 0.7676]
2026-07-02 04:35:04.190426: Epoch time: 25.18 s
2026-07-02 04:35:04.190501: Yayy! New best EMA pseudo Dice: 0.7833
2026-07-02 04:35:05.437550: 
2026-07-02 04:35:05.437721: Epoch 96
2026-07-02 04:35:05.437832: Current learning rate: 0.0004
2026-07-02 04:35:30.742357: train_loss -0.7245
2026-07-02 04:35:30.742613: val_loss -0.6768
2026-07-02 04:35:30.742715: Pseudo dice [0.7526, 0.8494, 0.7576]
2026-07-02 04:35:30.742809: Epoch time: 25.31 s
2026-07-02 04:35:30.742886: Yayy! New best EMA pseudo Dice: 0.7837
2026-07-02 04:35:32.001612: 
2026-07-02 04:35:32.001781: Epoch 97
2026-07-02 04:35:32.001896: Current learning rate: 0.00039
2026-07-02 04:35:57.288104: train_loss -0.7245
2026-07-02 04:35:57.288293: val_loss -0.6697
2026-07-02 04:35:57.288402: Pseudo dice [0.7405, 0.8357, 0.7577]
2026-07-02 04:35:57.288487: Epoch time: 25.29 s
2026-07-02 04:35:58.437036: 
2026-07-02 04:35:58.437209: Epoch 98
2026-07-02 04:35:58.437327: Current learning rate: 0.00039
2026-07-02 04:36:23.608543: train_loss -0.7228
2026-07-02 04:36:23.608783: val_loss -0.7198
2026-07-02 04:36:23.608883: Pseudo dice [0.7548, 0.8569, 0.7754]
2026-07-02 04:36:23.608975: Epoch time: 25.17 s
2026-07-02 04:36:23.609050: Yayy! New best EMA pseudo Dice: 0.7843
2026-07-02 04:36:24.864763: 
2026-07-02 04:36:24.864918: Epoch 99
2026-07-02 04:36:24.865029: Current learning rate: 0.00038
2026-07-02 04:36:50.213541: train_loss -0.7328
2026-07-02 04:36:50.213775: val_loss -0.713
2026-07-02 04:36:50.213879: Pseudo dice [0.7573, 0.8549, 0.7714]
2026-07-02 04:36:50.213973: Epoch time: 25.35 s
2026-07-02 04:36:50.319618: Yayy! New best EMA pseudo Dice: 0.7854
2026-07-02 04:36:51.571803: 
2026-07-02 04:36:51.571973: Epoch 100
2026-07-02 04:36:51.572087: Current learning rate: 0.00037
2026-07-02 04:37:16.860879: train_loss -0.7283
2026-07-02 04:37:16.861071: val_loss -0.6831
2026-07-02 04:37:16.861171: Pseudo dice [0.7473, 0.8272, 0.7473]
2026-07-02 04:37:16.861258: Epoch time: 25.29 s
2026-07-02 04:37:18.011223: 
2026-07-02 04:37:18.011398: Epoch 101
2026-07-02 04:37:18.011510: Current learning rate: 0.00037
2026-07-02 04:37:43.308564: train_loss -0.7276
2026-07-02 04:37:43.308768: val_loss -0.6621
2026-07-02 04:37:43.308869: Pseudo dice [0.7236, 0.8471, 0.7437]
2026-07-02 04:37:43.308956: Epoch time: 25.3 s
2026-07-02 04:37:44.455989: 
2026-07-02 04:37:44.456140: Epoch 102
2026-07-02 04:37:44.456252: Current learning rate: 0.00036
2026-07-02 04:38:09.628328: train_loss -0.7285
2026-07-02 04:38:09.628527: val_loss -0.6945
2026-07-02 04:38:09.628626: Pseudo dice [0.7423, 0.8386, 0.7844]
2026-07-02 04:38:09.628712: Epoch time: 25.17 s
2026-07-02 04:38:10.777243: 
2026-07-02 04:38:10.777453: Epoch 103
2026-07-02 04:38:10.777567: Current learning rate: 0.00035
2026-07-02 04:38:36.122209: train_loss -0.7366
2026-07-02 04:38:36.122417: val_loss -0.7087
2026-07-02 04:38:36.122520: Pseudo dice [0.7611, 0.8421, 0.768]
2026-07-02 04:38:36.122609: Epoch time: 25.35 s
2026-07-02 04:38:37.274374: 
2026-07-02 04:38:37.274537: Epoch 104
2026-07-02 04:38:37.274653: Current learning rate: 0.00035
2026-07-02 04:39:02.598410: train_loss -0.7305
2026-07-02 04:39:02.598614: val_loss -0.6937
2026-07-02 04:39:02.598712: Pseudo dice [0.7533, 0.8524, 0.7746]
2026-07-02 04:39:02.598798: Epoch time: 25.33 s
2026-07-02 04:39:03.746855: 
2026-07-02 04:39:03.747029: Epoch 105
2026-07-02 04:39:03.747139: Current learning rate: 0.00034
2026-07-02 04:39:28.917959: train_loss -0.7364
2026-07-02 04:39:28.918162: val_loss -0.6611
2026-07-02 04:39:28.918260: Pseudo dice [0.745, 0.8348, 0.7419]
2026-07-02 04:39:28.918355: Epoch time: 25.17 s
2026-07-02 04:39:30.070922: 
2026-07-02 04:39:30.071095: Epoch 106
2026-07-02 04:39:30.071203: Current learning rate: 0.00033
2026-07-02 04:39:55.419723: train_loss -0.7255
2026-07-02 04:39:55.419929: val_loss -0.6914
2026-07-02 04:39:55.420029: Pseudo dice [0.7372, 0.8647, 0.7694]
2026-07-02 04:39:55.420115: Epoch time: 25.35 s
2026-07-02 04:39:56.572528: 
2026-07-02 04:39:56.572697: Epoch 107
2026-07-02 04:39:56.572807: Current learning rate: 0.00032
2026-07-02 04:40:21.902832: train_loss -0.7286
2026-07-02 04:40:21.903035: val_loss -0.6885
2026-07-02 04:40:21.903181: Pseudo dice [0.7496, 0.8476, 0.7608]
2026-07-02 04:40:21.903277: Epoch time: 25.33 s
2026-07-02 04:40:23.056598: 
2026-07-02 04:40:23.056748: Epoch 108
2026-07-02 04:40:23.056857: Current learning rate: 0.00032
2026-07-02 04:40:48.229500: train_loss -0.7358
2026-07-02 04:40:48.229707: val_loss -0.6939
2026-07-02 04:40:48.229808: Pseudo dice [0.7345, 0.8454, 0.7722]
2026-07-02 04:40:48.229895: Epoch time: 25.17 s
2026-07-02 04:40:49.386381: 
2026-07-02 04:40:49.386533: Epoch 109
2026-07-02 04:40:49.386645: Current learning rate: 0.00031
2026-07-02 04:41:14.678741: train_loss -0.7396
2026-07-02 04:41:14.678943: val_loss -0.6842
2026-07-02 04:41:14.679042: Pseudo dice [0.7532, 0.8349, 0.7729]
2026-07-02 04:41:14.679127: Epoch time: 25.29 s
2026-07-02 04:41:15.832538: 
2026-07-02 04:41:15.832708: Epoch 110
2026-07-02 04:41:15.832818: Current learning rate: 0.0003
2026-07-02 04:41:41.108033: train_loss -0.739
2026-07-02 04:41:41.108245: val_loss -0.6656
2026-07-02 04:41:41.108356: Pseudo dice [0.7431, 0.8157, 0.7606]
2026-07-02 04:41:41.108448: Epoch time: 25.28 s
2026-07-02 04:41:42.264621: 
2026-07-02 04:41:42.264773: Epoch 111
2026-07-02 04:41:42.264883: Current learning rate: 0.0003
2026-07-02 04:42:07.434619: train_loss -0.7473
2026-07-02 04:42:07.434815: val_loss -0.6778
2026-07-02 04:42:07.434926: Pseudo dice [0.7546, 0.8493, 0.7472]
2026-07-02 04:42:07.435019: Epoch time: 25.17 s
2026-07-02 04:42:08.748582: 
2026-07-02 04:42:08.748752: Epoch 112
2026-07-02 04:42:08.748865: Current learning rate: 0.00029
2026-07-02 04:42:33.937259: train_loss -0.7378
2026-07-02 04:42:33.937475: val_loss -0.6825
2026-07-02 04:42:33.937578: Pseudo dice [0.772, 0.8422, 0.77]
2026-07-02 04:42:33.937669: Epoch time: 25.19 s
2026-07-02 04:42:35.094848: 
2026-07-02 04:42:35.094990: Epoch 113
2026-07-02 04:42:35.095095: Current learning rate: 0.00028
2026-07-02 04:43:00.390575: train_loss -0.7361
2026-07-02 04:43:00.390770: val_loss -0.6949
2026-07-02 04:43:00.390867: Pseudo dice [0.7374, 0.8515, 0.7758]
2026-07-02 04:43:00.390950: Epoch time: 25.3 s
2026-07-02 04:43:01.542007: 
2026-07-02 04:43:01.542174: Epoch 114
2026-07-02 04:43:01.542285: Current learning rate: 0.00028
2026-07-02 04:43:26.819992: train_loss -0.7458
2026-07-02 04:43:26.820200: val_loss -0.6698
2026-07-02 04:43:26.820310: Pseudo dice [0.7579, 0.8207, 0.7579]
2026-07-02 04:43:26.820400: Epoch time: 25.28 s
2026-07-02 04:43:27.980650: 
2026-07-02 04:43:27.980802: Epoch 115
2026-07-02 04:43:27.980910: Current learning rate: 0.00027
2026-07-02 04:43:53.159611: train_loss -0.743
2026-07-02 04:43:53.159809: val_loss -0.6947
2026-07-02 04:43:53.159905: Pseudo dice [0.7536, 0.8294, 0.7696]
2026-07-02 04:43:53.159989: Epoch time: 25.18 s
2026-07-02 04:43:54.325737: 
2026-07-02 04:43:54.325899: Epoch 116
2026-07-02 04:43:54.326009: Current learning rate: 0.00026
2026-07-02 04:44:19.618222: train_loss -0.7466
2026-07-02 04:44:19.618426: val_loss -0.6649
2026-07-02 04:44:19.618526: Pseudo dice [0.7548, 0.8437, 0.7777]
2026-07-02 04:44:19.618612: Epoch time: 25.29 s
2026-07-02 04:44:20.784356: 
2026-07-02 04:44:20.784529: Epoch 117
2026-07-02 04:44:20.784642: Current learning rate: 0.00026
2026-07-02 04:44:45.947058: train_loss -0.7443
2026-07-02 04:44:45.947294: val_loss -0.6835
2026-07-02 04:44:45.947402: Pseudo dice [0.7361, 0.837, 0.7754]
2026-07-02 04:44:45.947490: Epoch time: 25.16 s
2026-07-02 04:44:47.257532: 
2026-07-02 04:44:47.257697: Epoch 118
2026-07-02 04:44:47.257810: Current learning rate: 0.00025
2026-07-02 04:45:12.438945: train_loss -0.7474
2026-07-02 04:45:12.439136: val_loss -0.7066
2026-07-02 04:45:12.439238: Pseudo dice [0.7568, 0.8549, 0.7805]
2026-07-02 04:45:12.439337: Epoch time: 25.18 s
2026-07-02 04:45:12.439412: Yayy! New best EMA pseudo Dice: 0.7863
2026-07-02 04:45:13.741905: 
2026-07-02 04:45:13.742074: Epoch 119
2026-07-02 04:45:13.742187: Current learning rate: 0.00024
2026-07-02 04:45:39.091155: train_loss -0.7376
2026-07-02 04:45:39.091362: val_loss -0.7149
2026-07-02 04:45:39.091461: Pseudo dice [0.7522, 0.8553, 0.7872]
2026-07-02 04:45:39.091546: Epoch time: 25.35 s
2026-07-02 04:45:39.091616: Yayy! New best EMA pseudo Dice: 0.7875
2026-07-02 04:45:40.362651: 
2026-07-02 04:45:40.362816: Epoch 120
2026-07-02 04:45:40.362928: Current learning rate: 0.00023
2026-07-02 04:46:05.647490: train_loss -0.7551
2026-07-02 04:46:05.648338: val_loss -0.6491
2026-07-02 04:46:05.648459: Pseudo dice [0.7275, 0.8475, 0.7371]
2026-07-02 04:46:05.648555: Epoch time: 25.29 s
2026-07-02 04:46:06.821649: 
2026-07-02 04:46:06.821799: Epoch 121
2026-07-02 04:46:06.821913: Current learning rate: 0.00023
2026-07-02 04:46:31.995928: train_loss -0.7325
2026-07-02 04:46:31.996134: val_loss -0.6979
2026-07-02 04:46:31.996236: Pseudo dice [0.7491, 0.8582, 0.7553]
2026-07-02 04:46:31.996330: Epoch time: 25.18 s
2026-07-02 04:46:33.169214: 
2026-07-02 04:46:33.169385: Epoch 122
2026-07-02 04:46:33.169496: Current learning rate: 0.00022
2026-07-02 04:46:58.521385: train_loss -0.7401
2026-07-02 04:46:58.521610: val_loss -0.6892
2026-07-02 04:46:58.521712: Pseudo dice [0.7529, 0.8527, 0.8008]
2026-07-02 04:46:58.521804: Epoch time: 25.35 s
2026-07-02 04:46:58.521874: Yayy! New best EMA pseudo Dice: 0.7876
2026-07-02 04:46:59.801454: 
2026-07-02 04:46:59.801611: Epoch 123
2026-07-02 04:46:59.801721: Current learning rate: 0.00021
2026-07-02 04:47:25.088733: train_loss -0.747
2026-07-02 04:47:25.088930: val_loss -0.6659
2026-07-02 04:47:25.089031: Pseudo dice [0.7617, 0.8156, 0.7638]
2026-07-02 04:47:25.089119: Epoch time: 25.29 s
2026-07-02 04:47:26.268280: 
2026-07-02 04:47:26.268451: Epoch 124
2026-07-02 04:47:26.268562: Current learning rate: 0.00021
2026-07-02 04:47:51.455671: train_loss -0.748
2026-07-02 04:47:51.455873: val_loss -0.7157
2026-07-02 04:47:51.455973: Pseudo dice [0.7489, 0.8529, 0.7775]
2026-07-02 04:47:51.456058: Epoch time: 25.19 s
2026-07-02 04:47:52.779013: 
2026-07-02 04:47:52.779155: Epoch 125
2026-07-02 04:47:52.779261: Current learning rate: 0.0002
2026-07-02 04:48:17.966429: train_loss -0.7451
2026-07-02 04:48:17.966636: val_loss -0.6974
2026-07-02 04:48:17.966743: Pseudo dice [0.7437, 0.8575, 0.771]
2026-07-02 04:48:17.966833: Epoch time: 25.19 s
2026-07-02 04:48:17.966905: Yayy! New best EMA pseudo Dice: 0.7878
2026-07-02 04:48:19.250572: 
2026-07-02 04:48:19.250744: Epoch 126
2026-07-02 04:48:19.250861: Current learning rate: 0.00019
2026-07-02 04:48:44.558795: train_loss -0.7425
2026-07-02 04:48:44.559011: val_loss -0.6921
2026-07-02 04:48:44.559114: Pseudo dice [0.7487, 0.852, 0.7739]
2026-07-02 04:48:44.559207: Epoch time: 25.31 s
2026-07-02 04:48:44.559282: Yayy! New best EMA pseudo Dice: 0.7882
2026-07-02 04:48:45.838218: 
2026-07-02 04:48:45.838385: Epoch 127
2026-07-02 04:48:45.838498: Current learning rate: 0.00018
2026-07-02 04:49:11.180762: train_loss -0.7461
2026-07-02 04:49:11.180954: val_loss -0.7083
2026-07-02 04:49:11.181051: Pseudo dice [0.7633, 0.8479, 0.7929]
2026-07-02 04:49:11.181134: Epoch time: 25.34 s
2026-07-02 04:49:11.181203: Yayy! New best EMA pseudo Dice: 0.7895
2026-07-02 04:49:12.456305: 
2026-07-02 04:49:12.456455: Epoch 128
2026-07-02 04:49:12.456567: Current learning rate: 0.00018
2026-07-02 04:49:37.634258: train_loss -0.7461
2026-07-02 04:49:37.634449: val_loss -0.7097
2026-07-02 04:49:37.634553: Pseudo dice [0.7483, 0.8574, 0.7783]
2026-07-02 04:49:37.634641: Epoch time: 25.18 s
2026-07-02 04:49:37.634716: Yayy! New best EMA pseudo Dice: 0.79
2026-07-02 04:49:39.046154: 
2026-07-02 04:49:39.046337: Epoch 129
2026-07-02 04:49:39.046453: Current learning rate: 0.00017
2026-07-02 04:50:04.238410: train_loss -0.7407
2026-07-02 04:50:04.238621: val_loss -0.6975
2026-07-02 04:50:04.238721: Pseudo dice [0.7501, 0.8271, 0.7563]
2026-07-02 04:50:04.238806: Epoch time: 25.19 s
2026-07-02 04:50:05.389003: 
2026-07-02 04:50:05.389173: Epoch 130
2026-07-02 04:50:05.389289: Current learning rate: 0.00016
2026-07-02 04:50:30.694450: train_loss -0.7511
2026-07-02 04:50:30.694645: val_loss -0.7091
2026-07-02 04:50:30.694744: Pseudo dice [0.7487, 0.8629, 0.7801]
2026-07-02 04:50:30.694831: Epoch time: 25.31 s
2026-07-02 04:50:31.848670: 
2026-07-02 04:50:31.848818: Epoch 131
2026-07-02 04:50:31.848925: Current learning rate: 0.00016
2026-07-02 04:50:57.136769: train_loss -0.7526
2026-07-02 04:50:57.136972: val_loss -0.6876
2026-07-02 04:50:57.137074: Pseudo dice [0.7526, 0.8471, 0.7808]
2026-07-02 04:50:57.137162: Epoch time: 25.29 s
2026-07-02 04:50:57.137233: Yayy! New best EMA pseudo Dice: 0.79
2026-07-02 04:50:58.402938: 
2026-07-02 04:50:58.403100: Epoch 132
2026-07-02 04:50:58.403208: Current learning rate: 0.00015
2026-07-02 04:51:23.581520: train_loss -0.7532
2026-07-02 04:51:23.581715: val_loss -0.7154
2026-07-02 04:51:23.581813: Pseudo dice [0.7584, 0.8572, 0.7751]
2026-07-02 04:51:23.581898: Epoch time: 25.18 s
2026-07-02 04:51:23.581969: Yayy! New best EMA pseudo Dice: 0.7907
2026-07-02 04:51:24.842407: 
2026-07-02 04:51:24.842568: Epoch 133
2026-07-02 04:51:24.842676: Current learning rate: 0.00014
2026-07-02 04:51:50.135401: train_loss -0.7396
2026-07-02 04:51:50.135598: val_loss -0.6913
2026-07-02 04:51:50.135696: Pseudo dice [0.7513, 0.8301, 0.7731]
2026-07-02 04:51:50.135792: Epoch time: 25.29 s
2026-07-02 04:51:51.288028: 
2026-07-02 04:51:51.288196: Epoch 134
2026-07-02 04:51:51.288320: Current learning rate: 0.00013
2026-07-02 04:52:16.591366: train_loss -0.7554
2026-07-02 04:52:16.591558: val_loss -0.7101
2026-07-02 04:52:16.591655: Pseudo dice [0.758, 0.8466, 0.7666]
2026-07-02 04:52:16.591742: Epoch time: 25.3 s
2026-07-02 04:52:17.758041: 
2026-07-02 04:52:17.758194: Epoch 135
2026-07-02 04:52:17.758310: Current learning rate: 0.00013
2026-07-02 04:52:42.940502: train_loss -0.7585
2026-07-02 04:52:42.940738: val_loss -0.7287
2026-07-02 04:52:42.940840: Pseudo dice [0.7705, 0.8517, 0.7776]
2026-07-02 04:52:42.940936: Epoch time: 25.18 s
2026-07-02 04:52:42.941010: Yayy! New best EMA pseudo Dice: 0.7911
2026-07-02 04:52:44.388310: 
2026-07-02 04:52:44.388463: Epoch 136
2026-07-02 04:52:44.388570: Current learning rate: 0.00012
2026-07-02 04:53:09.571244: train_loss -0.7538
2026-07-02 04:53:09.571445: val_loss -0.7026
2026-07-02 04:53:09.571548: Pseudo dice [0.7394, 0.8498, 0.7885]
2026-07-02 04:53:09.571634: Epoch time: 25.18 s
2026-07-02 04:53:09.571703: Yayy! New best EMA pseudo Dice: 0.7913
2026-07-02 04:53:10.843033: 
2026-07-02 04:53:10.843201: Epoch 137
2026-07-02 04:53:10.843316: Current learning rate: 0.00011
2026-07-02 04:53:36.140446: train_loss -0.7653
2026-07-02 04:53:36.140671: val_loss -0.7047
2026-07-02 04:53:36.140773: Pseudo dice [0.7612, 0.8468, 0.7721]
2026-07-02 04:53:36.140869: Epoch time: 25.3 s
2026-07-02 04:53:36.140943: Yayy! New best EMA pseudo Dice: 0.7915
2026-07-02 04:53:37.417411: 
2026-07-02 04:53:37.417560: Epoch 138
2026-07-02 04:53:37.417667: Current learning rate: 0.0001
2026-07-02 04:54:02.593657: train_loss -0.7575
2026-07-02 04:54:02.593841: val_loss -0.6919
2026-07-02 04:54:02.593937: Pseudo dice [0.741, 0.8633, 0.7714]
2026-07-02 04:54:02.594024: Epoch time: 25.18 s
2026-07-02 04:54:02.594092: Yayy! New best EMA pseudo Dice: 0.7915
2026-07-02 04:54:04.029287: 
2026-07-02 04:54:04.029461: Epoch 139
2026-07-02 04:54:04.029570: Current learning rate: 0.0001
2026-07-02 04:54:29.217441: train_loss -0.7608
2026-07-02 04:54:29.217695: val_loss -0.7102
2026-07-02 04:54:29.217797: Pseudo dice [0.7492, 0.86, 0.7544]
2026-07-02 04:54:29.217892: Epoch time: 25.19 s
2026-07-02 04:54:30.381150: 
2026-07-02 04:54:30.381307: Epoch 140
2026-07-02 04:54:30.381418: Current learning rate: 9e-05
2026-07-02 04:54:55.732697: train_loss -0.7579
2026-07-02 04:54:55.732888: val_loss -0.6996
2026-07-02 04:54:55.732989: Pseudo dice [0.753, 0.8607, 0.7734]
2026-07-02 04:54:55.733077: Epoch time: 25.35 s
2026-07-02 04:54:55.733148: Yayy! New best EMA pseudo Dice: 0.7916
2026-07-02 04:54:57.002650: 
2026-07-02 04:54:57.002790: Epoch 141
2026-07-02 04:54:57.002896: Current learning rate: 8e-05
2026-07-02 04:55:22.182099: train_loss -0.7556
2026-07-02 04:55:22.182293: val_loss -0.672
2026-07-02 04:55:22.182401: Pseudo dice [0.748, 0.8414, 0.7767]
2026-07-02 04:55:22.182490: Epoch time: 25.18 s
2026-07-02 04:55:23.508183: 
2026-07-02 04:55:23.508360: Epoch 142
2026-07-02 04:55:23.508474: Current learning rate: 7e-05
2026-07-02 04:55:48.702058: train_loss -0.7681
2026-07-02 04:55:48.702289: val_loss -0.7108
2026-07-02 04:55:48.702406: Pseudo dice [0.7586, 0.8681, 0.7769]
2026-07-02 04:55:48.702501: Epoch time: 25.2 s
2026-07-02 04:55:48.702577: Yayy! New best EMA pseudo Dice: 0.7923
2026-07-02 04:55:49.979428: 
2026-07-02 04:55:49.979595: Epoch 143
2026-07-02 04:55:49.979709: Current learning rate: 6e-05
2026-07-02 04:56:15.332639: train_loss -0.7568
2026-07-02 04:56:15.332870: val_loss -0.7005
2026-07-02 04:56:15.332969: Pseudo dice [0.7592, 0.8663, 0.7733]
2026-07-02 04:56:15.333062: Epoch time: 25.35 s
2026-07-02 04:56:15.333136: Yayy! New best EMA pseudo Dice: 0.793
2026-07-02 04:56:16.609272: 
2026-07-02 04:56:16.609442: Epoch 144
2026-07-02 04:56:16.609554: Current learning rate: 6e-05
2026-07-02 04:56:41.908796: train_loss -0.7635
2026-07-02 04:56:41.909003: val_loss -0.6861
2026-07-02 04:56:41.909113: Pseudo dice [0.7437, 0.8537, 0.7922]
2026-07-02 04:56:41.909203: Epoch time: 25.3 s
2026-07-02 04:56:41.909273: Yayy! New best EMA pseudo Dice: 0.7934
2026-07-02 04:56:43.186438: 
2026-07-02 04:56:43.186607: Epoch 145
2026-07-02 04:56:43.186720: Current learning rate: 5e-05
2026-07-02 04:57:08.374182: train_loss -0.7551
2026-07-02 04:57:08.374423: val_loss -0.6908
2026-07-02 04:57:08.374529: Pseudo dice [0.7453, 0.8517, 0.7729]
2026-07-02 04:57:08.374624: Epoch time: 25.19 s
2026-07-02 04:57:09.551005: 
2026-07-02 04:57:09.551170: Epoch 146
2026-07-02 04:57:09.551285: Current learning rate: 4e-05
2026-07-02 04:57:34.922591: train_loss -0.7596
2026-07-02 04:57:34.922790: val_loss -0.7026
2026-07-02 04:57:34.922889: Pseudo dice [0.7448, 0.8625, 0.7963]
2026-07-02 04:57:34.922974: Epoch time: 25.37 s
2026-07-02 04:57:34.923045: Yayy! New best EMA pseudo Dice: 0.7939
2026-07-02 04:57:36.201664: 
2026-07-02 04:57:36.201857: Epoch 147
2026-07-02 04:57:36.201985: Current learning rate: 3e-05
2026-07-02 04:58:01.492063: train_loss -0.7599
2026-07-02 04:58:01.492304: val_loss -0.7022
2026-07-02 04:58:01.492410: Pseudo dice [0.7414, 0.8573, 0.79]
2026-07-02 04:58:01.492505: Epoch time: 25.29 s
2026-07-02 04:58:01.492581: Yayy! New best EMA pseudo Dice: 0.7941
2026-07-02 04:58:02.776328: 
2026-07-02 04:58:02.776498: Epoch 148
2026-07-02 04:58:02.776614: Current learning rate: 2e-05
2026-07-02 04:58:28.075770: train_loss -0.7685
2026-07-02 04:58:28.075950: val_loss -0.7036
2026-07-02 04:58:28.076050: Pseudo dice [0.7241, 0.8536, 0.777]
2026-07-02 04:58:28.076133: Epoch time: 25.3 s
2026-07-02 04:58:29.249774: 
2026-07-02 04:58:29.249927: Epoch 149
2026-07-02 04:58:29.250035: Current learning rate: 1e-05
2026-07-02 04:58:54.434701: train_loss -0.7734
2026-07-02 04:58:54.434901: val_loss -0.7067
2026-07-02 04:58:54.435005: Pseudo dice [0.7458, 0.8631, 0.7801]
2026-07-02 04:58:54.435094: Epoch time: 25.19 s
2026-07-02 04:58:55.916763: Training done.
2026-07-02 04:58:55.947661: Using splits from existing split file: /gpfs/home1/yhussein/LightM-UNet/data/nnUNet_preprocessed/Dataset501_ARCADE/splits_final.json
2026-07-02 04:58:55.947996: The split file contains 1 splits.
2026-07-02 04:58:55.948066: Desired fold for training: 0
2026-07-02 04:58:55.948118: This split has 1000 training and 200 validation cases.
2026-07-02 04:58:55.950561: predicting val_1
2026-07-02 04:58:56.732083: predicting val_10
2026-07-02 04:58:56.793339: predicting val_100
2026-07-02 04:58:56.851209: predicting val_101
2026-07-02 04:58:56.908011: predicting val_102
2026-07-02 04:58:56.966867: predicting val_103
2026-07-02 04:58:57.024191: predicting val_104
2026-07-02 04:58:57.081548: predicting val_105
2026-07-02 04:58:57.139393: predicting val_106
2026-07-02 04:58:57.197393: predicting val_107
2026-07-02 04:59:01.361380: predicting val_108
2026-07-02 04:59:01.420035: predicting val_109
2026-07-02 04:59:01.509337: predicting val_11
2026-07-02 04:59:01.609338: predicting val_110
2026-07-02 04:59:01.720757: predicting val_111
2026-07-02 04:59:01.803647: predicting val_112
2026-07-02 04:59:01.875021: predicting val_113
2026-07-02 04:59:01.960376: predicting val_114
2026-07-02 04:59:02.061743: predicting val_115
2026-07-02 04:59:02.155904: predicting val_116
2026-07-02 04:59:02.227697: predicting val_117
2026-07-02 04:59:02.294086: predicting val_118
2026-07-02 04:59:02.373648: predicting val_119
2026-07-02 04:59:02.467836: predicting val_12
2026-07-02 04:59:02.560356: predicting val_120
2026-07-02 04:59:02.657370: predicting val_121
2026-07-02 04:59:02.769371: predicting val_122
2026-07-02 04:59:02.857268: predicting val_123
2026-07-02 04:59:02.936565: predicting val_124
2026-07-02 04:59:03.034366: predicting val_125
2026-07-02 04:59:03.118002: predicting val_126
2026-07-02 04:59:03.211345: predicting val_127
2026-07-02 04:59:03.306785: predicting val_128
2026-07-02 04:59:03.395360: predicting val_129
2026-07-02 04:59:03.491075: predicting val_13
2026-07-02 04:59:03.569147: predicting val_130
2026-07-02 04:59:03.642686: predicting val_131
2026-07-02 04:59:03.742374: predicting val_132
2026-07-02 04:59:03.799489: predicting val_133
2026-07-02 04:59:03.910398: predicting val_134
2026-07-02 04:59:04.037073: predicting val_135
2026-07-02 04:59:04.125807: predicting val_136
2026-07-02 04:59:04.209168: predicting val_137
2026-07-02 04:59:04.307472: predicting val_138
2026-07-02 04:59:04.406996: predicting val_139
2026-07-02 04:59:04.516620: predicting val_14
2026-07-02 04:59:04.604383: predicting val_140
2026-07-02 04:59:04.678443: predicting val_141
2026-07-02 04:59:04.785399: predicting val_142
2026-07-02 04:59:04.868055: predicting val_143
2026-07-02 04:59:04.962514: predicting val_144
2026-07-02 04:59:05.061429: predicting val_145
2026-07-02 04:59:05.166624: predicting val_146
2026-07-02 04:59:05.224930: predicting val_147
2026-07-02 04:59:05.333814: predicting val_148
2026-07-02 04:59:05.426381: predicting val_149
2026-07-02 04:59:05.522634: predicting val_15
2026-07-02 04:59:05.599772: predicting val_150
2026-07-02 04:59:05.702506: predicting val_151
2026-07-02 04:59:05.835128: predicting val_152
2026-07-02 04:59:05.893489: predicting val_153
2026-07-02 04:59:05.997685: predicting val_154
2026-07-02 04:59:06.069138: predicting val_155
2026-07-02 04:59:06.176389: predicting val_156
2026-07-02 04:59:06.254898: predicting val_157
2026-07-02 04:59:06.362576: predicting val_158
2026-07-02 04:59:06.435115: predicting val_159
2026-07-02 04:59:06.494266: predicting val_16
2026-07-02 04:59:06.573108: predicting val_160
2026-07-02 04:59:06.668963: predicting val_161
2026-07-02 04:59:06.753954: predicting val_162
2026-07-02 04:59:06.854661: predicting val_163
2026-07-02 04:59:06.932154: predicting val_164
2026-07-02 04:59:07.018917: predicting val_165
2026-07-02 04:59:07.126903: predicting val_166
2026-07-02 04:59:07.221640: predicting val_167
2026-07-02 04:59:07.298103: predicting val_168
2026-07-02 04:59:07.403949: predicting val_169
2026-07-02 04:59:07.492767: predicting val_17
2026-07-02 04:59:07.573401: predicting val_170
2026-07-02 04:59:07.689783: predicting val_171
2026-07-02 04:59:07.760706: predicting val_172
2026-07-02 04:59:07.829197: predicting val_173
2026-07-02 04:59:07.913332: predicting val_174
2026-07-02 04:59:08.002115: predicting val_175
2026-07-02 04:59:08.135024: predicting val_176
2026-07-02 04:59:08.207096: predicting val_177
2026-07-02 04:59:08.268419: predicting val_178
2026-07-02 04:59:08.385181: predicting val_179
2026-07-02 04:59:08.462572: predicting val_18
2026-07-02 04:59:08.540982: predicting val_180
2026-07-02 04:59:08.636069: predicting val_181
2026-07-02 04:59:08.747399: predicting val_182
2026-07-02 04:59:08.845391: predicting val_183
2026-07-02 04:59:08.910511: predicting val_184
2026-07-02 04:59:08.984601: predicting val_185
2026-07-02 04:59:09.079427: predicting val_186
2026-07-02 04:59:09.161180: predicting val_187
2026-07-02 04:59:09.266523: predicting val_188
2026-07-02 04:59:09.335264: predicting val_189
2026-07-02 04:59:09.434422: predicting val_19
2026-07-02 04:59:09.524470: predicting val_190
2026-07-02 04:59:09.599988: predicting val_191
2026-07-02 04:59:09.721456: predicting val_192
2026-07-02 04:59:09.826942: predicting val_193
2026-07-02 04:59:09.883880: predicting val_194
2026-07-02 04:59:09.976058: predicting val_195
2026-07-02 04:59:10.066472: predicting val_196
2026-07-02 04:59:10.194414: predicting val_197
2026-07-02 04:59:10.252508: predicting val_198
2026-07-02 04:59:10.376121: predicting val_199
2026-07-02 04:59:10.436130: predicting val_2
2026-07-02 04:59:10.534429: predicting val_20
2026-07-02 04:59:10.610160: predicting val_200
2026-07-02 04:59:10.698205: predicting val_21
2026-07-02 04:59:10.800641: predicting val_22
2026-07-02 04:59:10.875684: predicting val_23
2026-07-02 04:59:10.959665: predicting val_24
2026-07-02 04:59:11.099436: predicting val_25
2026-07-02 04:59:11.157099: predicting val_26
2026-07-02 04:59:11.249176: predicting val_27
2026-07-02 04:59:11.358843: predicting val_28
2026-07-02 04:59:11.449505: predicting val_29
2026-07-02 04:59:11.550357: predicting val_3
2026-07-02 04:59:11.614611: predicting val_30
2026-07-02 04:59:11.706486: predicting val_31
2026-07-02 04:59:11.802300: predicting val_32
2026-07-02 04:59:11.913432: predicting val_33
2026-07-02 04:59:11.991174: predicting val_34
2026-07-02 04:59:12.067409: predicting val_35
2026-07-02 04:59:12.207992: predicting val_36
2026-07-02 04:59:12.280452: predicting val_37
2026-07-02 04:59:12.352317: predicting val_38
2026-07-02 04:59:12.421986: predicting val_39
2026-07-02 04:59:12.506441: predicting val_4
2026-07-02 04:59:12.600233: predicting val_40
2026-07-02 04:59:12.697194: predicting val_41
2026-07-02 04:59:12.787169: predicting val_42
2026-07-02 04:59:12.903672: predicting val_43
2026-07-02 04:59:13.000288: predicting val_44
2026-07-02 04:59:13.085528: predicting val_45
2026-07-02 04:59:13.169180: predicting val_46
2026-07-02 04:59:13.267141: predicting val_47
2026-07-02 04:59:13.371583: predicting val_48
2026-07-02 04:59:13.474053: predicting val_49
2026-07-02 04:59:13.566186: predicting val_5
2026-07-02 04:59:13.668321: predicting val_50
2026-07-02 04:59:13.759136: predicting val_51
2026-07-02 04:59:13.867626: predicting val_52
2026-07-02 04:59:13.942438: predicting val_53
2026-07-02 04:59:14.036835: predicting val_54
2026-07-02 04:59:14.110194: predicting val_55
2026-07-02 04:59:14.210629: predicting val_56
2026-07-02 04:59:14.291461: predicting val_57
2026-07-02 04:59:14.374981: predicting val_58
2026-07-02 04:59:14.483850: predicting val_59
2026-07-02 04:59:14.570575: predicting val_6
2026-07-02 04:59:14.648064: predicting val_60
2026-07-02 04:59:14.745661: predicting val_61
2026-07-02 04:59:14.811790: predicting val_62
2026-07-02 04:59:14.876170: predicting val_63
2026-07-02 04:59:14.956497: predicting val_64
2026-07-02 04:59:15.045673: predicting val_65
2026-07-02 04:59:15.182845: predicting val_66
2026-07-02 04:59:15.280467: predicting val_67
2026-07-02 04:59:15.368461: predicting val_68
2026-07-02 04:59:15.452895: predicting val_69
2026-07-02 04:59:15.535033: predicting val_7
2026-07-02 04:59:15.645643: predicting val_70
2026-07-02 04:59:15.750467: predicting val_71
2026-07-02 04:59:15.826401: predicting val_72
2026-07-02 04:59:15.912455: predicting val_73
2026-07-02 04:59:15.985206: predicting val_74
2026-07-02 04:59:16.069082: predicting val_75
2026-07-02 04:59:16.152387: predicting val_76
2026-07-02 04:59:16.224223: predicting val_77
2026-07-02 04:59:16.288339: predicting val_78
2026-07-02 04:59:16.376469: predicting val_79
2026-07-02 04:59:16.490973: predicting val_8
2026-07-02 04:59:16.602412: predicting val_80
2026-07-02 04:59:16.692455: predicting val_81
2026-07-02 04:59:16.763507: predicting val_82
2026-07-02 04:59:16.867483: predicting val_83
2026-07-02 04:59:16.942627: predicting val_84
2026-07-02 04:59:17.033468: predicting val_85
2026-07-02 04:59:17.123319: predicting val_86
2026-07-02 04:59:17.207879: predicting val_87
2026-07-02 04:59:17.298091: predicting val_88
2026-07-02 04:59:17.426046: predicting val_89
2026-07-02 04:59:17.498470: predicting val_9
2026-07-02 04:59:17.578812: predicting val_90
2026-07-02 04:59:17.648976: predicting val_91
2026-07-02 04:59:17.707010: predicting val_92
2026-07-02 04:59:17.784013: predicting val_93
2026-07-02 04:59:17.903916: predicting val_94
2026-07-02 04:59:17.980058: predicting val_95
2026-07-02 04:59:18.072482: predicting val_96
2026-07-02 04:59:18.160749: predicting val_97
2026-07-02 04:59:18.273340: predicting val_98
2026-07-02 04:59:18.360662: predicting val_99
2026-07-02 04:59:22.929390: Validation complete
2026-07-02 04:59:22.929535: Mean Validation Dice:  0.7252015699491743

=== UAS2 [extra_ctx] ===
params:  0.557M  (+19.4% vs UAS0)
results: /home/yhussein/LightM-UNet/data/nnUNET_results/enet_upscale_arch_e150/UAS2_extra_ctx

=== UAS8 [asym_s1] ===
params:  0.468M  (+0.3% vs UAS0)
results: /home/yhussein/LightM-UNet/data/nnUNET_results/enet_upscale_arch_e150/UAS8_asym_s1

==============================================================================
ENet Upscale Architectural Search — 150 epochs
==============================================================================
ID     Name                 Params      Δ%   BestDice  FinalDice
----------------------------------------------------------------
UAS2   extra_ctx           0.557M  +19.4%       —          —   
UAS8   asym_s1             0.468M   +0.3%       —          —   
==============================================================================

CSV: /home/yhussein/LightM-UNet/data/nnUNET_results/enet_upscale_arch_e150/summary.csv
=== Training done at Thu Jul  2 04:59:24 CEST 2026 ===
Results: /home/yhussein/LightM-UNet/data/nnUNET_results/enet_upscale_arch_e150/summary.csv
