=== Job info ===
Host: gcn31.local.snellius.surf.nl
Date: Tue Jun 30 21:34:25 CEST 2026
Working dir: /home/yhussein/LightM-UNet/lightm-unet
Conda env: /home/yhussein/conda-envs/lightmunet
=== GPU info ===
Tue Jun 30 21:34:25 2026       
+-----------------------------------------------------------------------------------------+
| NVIDIA-SMI 595.71.05              Driver Version: 595.71.05      CUDA Version: 13.2     |
+-----------------------------------------+------------------------+----------------------+
| GPU  Name                 Persistence-M | Bus-Id          Disp.A | Volatile Uncorr. ECC |
| Fan  Temp   Perf          Pwr:Usage/Cap |           Memory-Usage | GPU-Util  Compute M. |
|                                         |                        |               MIG M. |
|=========================================+========================+======================|
|   0  NVIDIA A100-SXM4-40GB          On  |   00000000:31:00.0 Off |                    0 |
| N/A   30C    P0             49W /  400W |       0MiB /  40960MiB |      0%      Default |
|                                         |                        |             Disabled |
+-----------------------------------------+------------------------+----------------------+

+-----------------------------------------------------------------------------------------+
| Processes:                                                                              |
|  GPU   GI   CI              PID   Type   Process name                        GPU Memory |
|        ID   ID                                                               Usage      |
|=========================================================================================|
|  No running processes found                                                             |
+-----------------------------------------------------------------------------------------+
=== Ensure official split is present ===
=== ENetUpscaled Pareto sweep (15 epochs) ===
=== ENetUpscaled configs ===
  EU0  params=0.950M  (+0.0% vs EU0)  channels=(20, 72, 72, 144, 256)
  EU1  params=0.561M  (-40.9% vs EU0)  channels=(16, 56, 56, 112, 192)
  EU2  params=1.466M  (+54.4% vs EU0)  channels=(20, 72, 128, 192, 256)
  EU3  params=1.179M  (+24.2% vs EU0)  channels=(20, 72, 72, 144, 320)
  EU4  params=1.044M  (+9.9% vs EU0)  channels=(20, 96, 96, 144, 256)
  EU5  params=1.394M  (+46.8% vs EU0)  channels=(20, 72, 72, 196, 288)
  EU6  params=1.351M  (+42.3% vs EU0)  channels=(24, 96, 96, 192, 256)
  EU7  params=1.259M  (+32.6% vs EU0)  channels=(24, 96, 144, 144, 256)
  EU8  params=1.291M  (+35.9% vs EU0)  channels=(16, 48, 48, 192, 288)
  EU9  params=0.951M  (+0.1% vs EU0)  channels=(20, 72, 72, 144, 256)

=== EU0 baseline ===
channels: (20, 72, 72, 144, 256)
params:   0.950M  (+0.0% vs EU0)
results: /home/yhussein/LightM-UNet/data/nnUNET_results_pareto/enet_upscaled_e15/EU0_baseline
command: nnUNetv2_train 501 2d 0 -tr nnUNetTrainerENetUpscaled
/home/yhussein/conda-envs/lightmunet/lib/python3.10/site-packages/monai/utils/module.py:396: UserWarning: pkg_resources is deprecated as an API. See https://setuptools.pypa.io/en/latest/pkg_resources.html. The pkg_resources package is slated for removal as early as 2025-11-30. Refrain from using this package or pin to Setuptools<81.
  pkg = __import__(module)  # top level module
Using device: cuda:0

#######################################################################
Please cite the following paper when using nnU-Net:
Isensee, F., Jaeger, P. F., Kohl, S. A., Petersen, J., & Maier-Hein, K. H. (2021). nnU-Net: a self-configuring method for deep learning-based biomedical image segmentation. Nature methods, 18(2), 203-211.
#######################################################################


This is the configuration used by this training:
Configuration name: 2d
 {'data_identifier': 'nnUNetPlans_2d', 'preprocessor_name': 'DefaultPreprocessor', 'batch_size': 4, 'patch_size': [512, 512], 'median_image_size_in_voxels': [512.0, 512.0], 'spacing': [1.0, 1.0], 'normalization_schemes': ['ZScoreNormalization'], 'use_mask_for_norm': [False], 'UNet_class_name': 'PlainConvUNet', 'UNet_base_num_features': 32, 'n_conv_per_stage_encoder': [2, 2, 2, 2, 2, 2, 2, 2], 'n_conv_per_stage_decoder': [2, 2, 2, 2, 2, 2, 2], 'num_pool_per_axis': [7, 7], 'pool_op_kernel_sizes': [[1, 1], [2, 2], [2, 2], [2, 2], [2, 2], [2, 2], [2, 2], [2, 2]], 'conv_kernel_sizes': [[3, 3], [3, 3], [3, 3], [3, 3], [3, 3], [3, 3], [3, 3], [3, 3]], 'unet_max_num_features': 512, 'resampling_fn_data': 'resample_data_or_seg_to_shape', 'resampling_fn_seg': 'resample_data_or_seg_to_shape', 'resampling_fn_data_kwargs': {'is_seg': False, 'order': 3, 'order_z': 0, 'force_separate_z': None}, 'resampling_fn_seg_kwargs': {'is_seg': True, 'order': 1, 'order_z': 0, 'force_separate_z': None}, 'resampling_fn_probabilities': 'resample_data_or_seg_to_shape', 'resampling_fn_probabilities_kwargs': {'is_seg': False, 'order': 1, 'order_z': 0, 'force_separate_z': None}, 'batch_dice': True} 

These are the global plan.json settings:
 {'dataset_name': 'Dataset501_ARCADE', 'plans_name': 'nnUNetPlans', 'original_median_spacing_after_transp': [999.0, 1.0, 1.0], 'original_median_shape_after_transp': [1, 512, 512], 'image_reader_writer': 'NaturalImage2DIO', 'transpose_forward': [0, 1, 2], 'transpose_backward': [0, 1, 2], 'experiment_planner_used': 'ExperimentPlanner', 'label_manager': 'LabelManager', 'foreground_intensity_properties_per_channel': {'0': {'max': 255.0, 'mean': 98.67886352539062, 'median': 96.0, 'min': 0.0, 'percentile_00_5': 32.0, 'percentile_99_5': 186.0, 'std': 31.84078025817871}}} 

2026-06-30 21:34:41.410962: unpacking dataset...
2026-06-30 21:34:46.847208: unpacking done...
2026-06-30 21:34:46.849947: do_dummy_2d_data_aug: False
2026-06-30 21:34:46.856458: Using splits from existing split file: /gpfs/home1/yhussein/LightM-UNet/data/nnUNet_preprocessed/Dataset501_ARCADE/splits_final.json
2026-06-30 21:34:46.856903: The split file contains 1 splits.
2026-06-30 21:34:46.856972: Desired fold for training: 0
2026-06-30 21:34:46.857023: This split has 1000 training and 200 validation cases.
2026-06-30 21:34:46.886407: Skipping network architecture plot because ENETUSC_SKIP_ARCH_PLOT=1
2026-06-30 21:34:46.904977: 
2026-06-30 21:34:46.905085: Epoch 0
2026-06-30 21:34:46.905187: Current learning rate: 0.001
using pin_memory on device 0
using pin_memory on device 0
2026-06-30 21:35:18.458410: train_loss 0.3526
2026-06-30 21:35:18.458665: val_loss 1e-04
2026-06-30 21:35:18.458782: Pseudo dice [0.0, 0.0, 0.1322]
2026-06-30 21:35:18.458883: Epoch time: 31.56 s
2026-06-30 21:35:18.458964: Yayy! New best EMA pseudo Dice: 0.0441
2026-06-30 21:35:18.459044: No checkpoint written, checkpointing is disabled
2026-06-30 21:35:19.468009: 
2026-06-30 21:35:19.468163: Epoch 1
2026-06-30 21:35:19.468271: Current learning rate: 0.00094
2026-06-30 21:35:47.516872: train_loss -0.047
2026-06-30 21:35:47.517077: val_loss -0.0763
2026-06-30 21:35:47.517185: Pseudo dice [0.0, 0.0, 0.3029]
2026-06-30 21:35:47.517275: Epoch time: 28.05 s
2026-06-30 21:35:47.517349: Yayy! New best EMA pseudo Dice: 0.0498
2026-06-30 21:35:47.517411: No checkpoint written, checkpointing is disabled
2026-06-30 21:35:48.639085: 
2026-06-30 21:35:48.639247: Epoch 2
2026-06-30 21:35:48.639862: Current learning rate: 0.00088
2026-06-30 21:36:16.633259: train_loss -0.0833
2026-06-30 21:36:16.633444: val_loss -0.0771
2026-06-30 21:36:16.633543: Pseudo dice [0.0003, 0.0, 0.2984]
2026-06-30 21:36:16.633632: Epoch time: 28.0 s
2026-06-30 21:36:16.633708: Yayy! New best EMA pseudo Dice: 0.0547
2026-06-30 21:36:16.633768: No checkpoint written, checkpointing is disabled
2026-06-30 21:36:17.825776: 
2026-06-30 21:36:17.825932: Epoch 3
2026-06-30 21:36:17.826034: Current learning rate: 0.00082
2026-06-30 21:36:45.882956: train_loss -0.0989
2026-06-30 21:36:45.883181: val_loss -0.105
2026-06-30 21:36:45.883291: Pseudo dice [0.0062, 0.0013, 0.2831]
2026-06-30 21:36:45.883380: Epoch time: 28.06 s
2026-06-30 21:36:45.883459: Yayy! New best EMA pseudo Dice: 0.059
2026-06-30 21:36:45.883521: No checkpoint written, checkpointing is disabled
2026-06-30 21:36:47.031184: 
2026-06-30 21:36:47.031345: Epoch 4
2026-06-30 21:36:47.031448: Current learning rate: 0.00076
2026-06-30 21:37:14.958406: train_loss -0.1067
2026-06-30 21:37:14.958601: val_loss -0.1107
2026-06-30 21:37:14.958706: Pseudo dice [0.0047, 0.085, 0.2775]
2026-06-30 21:37:14.958792: Epoch time: 27.93 s
2026-06-30 21:37:14.958868: Yayy! New best EMA pseudo Dice: 0.0653
2026-06-30 21:37:14.958930: No checkpoint written, checkpointing is disabled
2026-06-30 21:37:16.251347: 
2026-06-30 21:37:16.251506: Epoch 5
2026-06-30 21:37:16.251613: Current learning rate: 0.00069
2026-06-30 21:37:44.319079: train_loss -0.1138
2026-06-30 21:37:44.319278: val_loss -0.1197
2026-06-30 21:37:44.319384: Pseudo dice [0.021, 0.4493, 0.0133]
2026-06-30 21:37:44.319473: Epoch time: 28.07 s
2026-06-30 21:37:44.319548: Yayy! New best EMA pseudo Dice: 0.0749
2026-06-30 21:37:44.319609: No checkpoint written, checkpointing is disabled
2026-06-30 21:37:45.571987: 
2026-06-30 21:37:45.572159: Epoch 6
2026-06-30 21:37:45.572270: Current learning rate: 0.00063
2026-06-30 21:38:13.697523: train_loss -0.1219
2026-06-30 21:38:13.697709: val_loss -0.1216
2026-06-30 21:38:13.697809: Pseudo dice [0.0543, 0.4365, 0.0031]
2026-06-30 21:38:13.697893: Epoch time: 28.13 s
2026-06-30 21:38:13.697963: Yayy! New best EMA pseudo Dice: 0.0839
2026-06-30 21:38:13.698023: No checkpoint written, checkpointing is disabled
2026-06-30 21:38:14.839638: 
2026-06-30 21:38:14.839800: Epoch 7
2026-06-30 21:38:14.839902: Current learning rate: 0.00057
2026-06-30 21:38:42.925669: train_loss -0.1251
2026-06-30 21:38:42.925917: val_loss -0.1605
2026-06-30 21:38:42.926111: Pseudo dice [0.426, 0.6453, 0.0008]
2026-06-30 21:38:42.926204: Epoch time: 28.09 s
2026-06-30 21:38:42.926277: Yayy! New best EMA pseudo Dice: 0.1112
2026-06-30 21:38:42.926337: No checkpoint written, checkpointing is disabled
2026-06-30 21:38:44.061459: 
2026-06-30 21:38:44.061616: Epoch 8
2026-06-30 21:38:44.061732: Current learning rate: 0.0005
2026-06-30 21:39:12.123077: train_loss -0.2281
2026-06-30 21:39:12.123271: val_loss -0.3288
2026-06-30 21:39:12.123375: Pseudo dice [0.5807, 0.68, 0.0701]
2026-06-30 21:39:12.123460: Epoch time: 28.06 s
2026-06-30 21:39:12.123532: Yayy! New best EMA pseudo Dice: 0.1444
2026-06-30 21:39:12.123591: No checkpoint written, checkpointing is disabled
2026-06-30 21:39:13.284973: 
2026-06-30 21:39:13.285147: Epoch 9
2026-06-30 21:39:13.285250: Current learning rate: 0.00044
2026-06-30 21:39:41.297604: train_loss -0.3143
2026-06-30 21:39:41.297795: val_loss -0.4427
2026-06-30 21:39:41.297899: Pseudo dice [0.6081, 0.7336, 0.5007]
2026-06-30 21:39:41.297986: Epoch time: 28.02 s
2026-06-30 21:39:41.298056: Yayy! New best EMA pseudo Dice: 0.1914
2026-06-30 21:39:41.298127: No checkpoint written, checkpointing is disabled
2026-06-30 21:39:42.410608: 
2026-06-30 21:39:42.410757: Epoch 10
2026-06-30 21:39:42.410855: Current learning rate: 0.00037
2026-06-30 21:40:10.399724: train_loss -0.4022
2026-06-30 21:40:10.399908: val_loss -0.5349
2026-06-30 21:40:10.400009: Pseudo dice [0.6328, 0.7928, 0.6536]
2026-06-30 21:40:10.400100: Epoch time: 27.99 s
2026-06-30 21:40:10.400171: Yayy! New best EMA pseudo Dice: 0.2416
2026-06-30 21:40:10.400229: No checkpoint written, checkpointing is disabled
2026-06-30 21:40:11.518910: 
2026-06-30 21:40:11.519563: Epoch 11
2026-06-30 21:40:11.519673: Current learning rate: 0.0003
2026-06-30 21:40:39.548746: train_loss -0.4576
2026-06-30 21:40:39.548931: val_loss -0.5905
2026-06-30 21:40:39.549031: Pseudo dice [0.6546, 0.8035, 0.6745]
2026-06-30 21:40:39.549123: Epoch time: 28.03 s
2026-06-30 21:40:39.549194: Yayy! New best EMA pseudo Dice: 0.2885
2026-06-30 21:40:39.549253: No checkpoint written, checkpointing is disabled
2026-06-30 21:40:40.680318: 
2026-06-30 21:40:40.680467: Epoch 12
2026-06-30 21:40:40.680566: Current learning rate: 0.00023
2026-06-30 21:41:08.682605: train_loss -0.4957
2026-06-30 21:41:08.682796: val_loss -0.5891
2026-06-30 21:41:08.682898: Pseudo dice [0.6374, 0.8214, 0.6534]
2026-06-30 21:41:08.682982: Epoch time: 28.0 s
2026-06-30 21:41:08.683054: Yayy! New best EMA pseudo Dice: 0.3301
2026-06-30 21:41:08.683124: No checkpoint written, checkpointing is disabled
2026-06-30 21:41:09.852989: 
2026-06-30 21:41:09.853149: Epoch 13
2026-06-30 21:41:09.853246: Current learning rate: 0.00016
2026-06-30 21:41:37.770491: train_loss -0.5129
2026-06-30 21:41:37.770675: val_loss -0.5754
2026-06-30 21:41:37.770774: Pseudo dice [0.6786, 0.7837, 0.688]
2026-06-30 21:41:37.770856: Epoch time: 27.92 s
2026-06-30 21:41:37.770925: Yayy! New best EMA pseudo Dice: 0.3687
2026-06-30 21:41:37.770984: No checkpoint written, checkpointing is disabled
2026-06-30 21:41:38.891110: 
2026-06-30 21:41:38.891261: Epoch 14
2026-06-30 21:41:38.891360: Current learning rate: 9e-05
2026-06-30 21:42:06.715629: train_loss -0.537
2026-06-30 21:42:06.715856: val_loss -0.6061
2026-06-30 21:42:06.715958: Pseudo dice [0.679, 0.8163, 0.7072]
2026-06-30 21:42:06.716043: Epoch time: 27.83 s
2026-06-30 21:42:06.716120: Yayy! New best EMA pseudo Dice: 0.4053
2026-06-30 21:42:06.716179: No checkpoint written, checkpointing is disabled
2026-06-30 21:42:07.847660: No checkpoint written, checkpointing is disabled
2026-06-30 21:42:07.911753: Training done.
2026-06-30 21:42:07.912663: Skipping final full validation because ENETUSC_SKIP_FINAL_VALIDATION=1


=== EU1 narrow ===
channels: (16, 56, 56, 112, 192)
params:   0.561M  (-40.9% vs EU0)
results: /home/yhussein/LightM-UNet/data/nnUNET_results_pareto/enet_upscaled_e15/EU1_narrow
command: nnUNetv2_train 501 2d 0 -tr nnUNetTrainerENetUpscaled
/home/yhussein/conda-envs/lightmunet/lib/python3.10/site-packages/monai/utils/module.py:396: UserWarning: pkg_resources is deprecated as an API. See https://setuptools.pypa.io/en/latest/pkg_resources.html. The pkg_resources package is slated for removal as early as 2025-11-30. Refrain from using this package or pin to Setuptools<81.
  pkg = __import__(module)  # top level module
Using device: cuda:0

#######################################################################
Please cite the following paper when using nnU-Net:
Isensee, F., Jaeger, P. F., Kohl, S. A., Petersen, J., & Maier-Hein, K. H. (2021). nnU-Net: a self-configuring method for deep learning-based biomedical image segmentation. Nature methods, 18(2), 203-211.
#######################################################################


This is the configuration used by this training:
Configuration name: 2d
 {'data_identifier': 'nnUNetPlans_2d', 'preprocessor_name': 'DefaultPreprocessor', 'batch_size': 4, 'patch_size': [512, 512], 'median_image_size_in_voxels': [512.0, 512.0], 'spacing': [1.0, 1.0], 'normalization_schemes': ['ZScoreNormalization'], 'use_mask_for_norm': [False], 'UNet_class_name': 'PlainConvUNet', 'UNet_base_num_features': 32, 'n_conv_per_stage_encoder': [2, 2, 2, 2, 2, 2, 2, 2], 'n_conv_per_stage_decoder': [2, 2, 2, 2, 2, 2, 2], 'num_pool_per_axis': [7, 7], 'pool_op_kernel_sizes': [[1, 1], [2, 2], [2, 2], [2, 2], [2, 2], [2, 2], [2, 2], [2, 2]], 'conv_kernel_sizes': [[3, 3], [3, 3], [3, 3], [3, 3], [3, 3], [3, 3], [3, 3], [3, 3]], 'unet_max_num_features': 512, 'resampling_fn_data': 'resample_data_or_seg_to_shape', 'resampling_fn_seg': 'resample_data_or_seg_to_shape', 'resampling_fn_data_kwargs': {'is_seg': False, 'order': 3, 'order_z': 0, 'force_separate_z': None}, 'resampling_fn_seg_kwargs': {'is_seg': True, 'order': 1, 'order_z': 0, 'force_separate_z': None}, 'resampling_fn_probabilities': 'resample_data_or_seg_to_shape', 'resampling_fn_probabilities_kwargs': {'is_seg': False, 'order': 1, 'order_z': 0, 'force_separate_z': None}, 'batch_dice': True} 

These are the global plan.json settings:
 {'dataset_name': 'Dataset501_ARCADE', 'plans_name': 'nnUNetPlans', 'original_median_spacing_after_transp': [999.0, 1.0, 1.0], 'original_median_shape_after_transp': [1, 512, 512], 'image_reader_writer': 'NaturalImage2DIO', 'transpose_forward': [0, 1, 2], 'transpose_backward': [0, 1, 2], 'experiment_planner_used': 'ExperimentPlanner', 'label_manager': 'LabelManager', 'foreground_intensity_properties_per_channel': {'0': {'max': 255.0, 'mean': 98.67886352539062, 'median': 96.0, 'min': 0.0, 'percentile_00_5': 32.0, 'percentile_99_5': 186.0, 'std': 31.84078025817871}}} 

2026-06-30 21:42:15.298288: unpacking dataset...
2026-06-30 21:42:19.235709: unpacking done...
2026-06-30 21:42:19.236155: do_dummy_2d_data_aug: False
2026-06-30 21:42:19.242685: Using splits from existing split file: /gpfs/home1/yhussein/LightM-UNet/data/nnUNet_preprocessed/Dataset501_ARCADE/splits_final.json
2026-06-30 21:42:19.242996: The split file contains 1 splits.
2026-06-30 21:42:19.243058: Desired fold for training: 0
2026-06-30 21:42:19.243118: This split has 1000 training and 200 validation cases.
2026-06-30 21:42:19.262597: Skipping network architecture plot because ENETUSC_SKIP_ARCH_PLOT=1
2026-06-30 21:42:19.275331: 
2026-06-30 21:42:19.275428: Epoch 0
2026-06-30 21:42:19.275531: Current learning rate: 0.001
using pin_memory on device 0
using pin_memory on device 0
2026-06-30 21:42:47.246329: train_loss 0.3063
2026-06-30 21:42:47.246631: val_loss -0.0146
2026-06-30 21:42:47.246755: Pseudo dice [0.1569, 0.0, 0.0]
2026-06-30 21:42:47.246864: Epoch time: 27.97 s
2026-06-30 21:42:47.246957: Yayy! New best EMA pseudo Dice: 0.0523
2026-06-30 21:42:47.247037: No checkpoint written, checkpointing is disabled
2026-06-30 21:42:48.238189: 
2026-06-30 21:42:48.238339: Epoch 1
2026-06-30 21:42:48.238439: Current learning rate: 0.00094
2026-06-30 21:43:13.372726: train_loss -0.0491
2026-06-30 21:43:13.372941: val_loss -0.0708
2026-06-30 21:43:13.373044: Pseudo dice [0.1177, 0.3862, 0.0]
2026-06-30 21:43:13.373146: Epoch time: 25.14 s
2026-06-30 21:43:13.373219: Yayy! New best EMA pseudo Dice: 0.0639
2026-06-30 21:43:13.373283: No checkpoint written, checkpointing is disabled
2026-06-30 21:43:14.518446: 
2026-06-30 21:43:14.519117: Epoch 2
2026-06-30 21:43:14.519228: Current learning rate: 0.00088
2026-06-30 21:43:39.622194: train_loss -0.0963
2026-06-30 21:43:39.622380: val_loss -0.1382
2026-06-30 21:43:39.622483: Pseudo dice [0.0826, 0.5143, 0.0051]
2026-06-30 21:43:39.622576: Epoch time: 25.11 s
2026-06-30 21:43:39.622648: Yayy! New best EMA pseudo Dice: 0.0775
2026-06-30 21:43:39.622709: No checkpoint written, checkpointing is disabled
2026-06-30 21:43:40.797548: 
2026-06-30 21:43:40.797702: Epoch 3
2026-06-30 21:43:40.797798: Current learning rate: 0.00082
2026-06-30 21:44:05.934829: train_loss -0.1692
2026-06-30 21:44:05.935033: val_loss -0.2029
2026-06-30 21:44:05.935144: Pseudo dice [0.3035, 0.5771, 0.24]
2026-06-30 21:44:05.935231: Epoch time: 25.14 s
2026-06-30 21:44:05.935304: Yayy! New best EMA pseudo Dice: 0.1071
2026-06-30 21:44:05.935366: No checkpoint written, checkpointing is disabled
2026-06-30 21:44:07.094892: 
2026-06-30 21:44:07.095040: Epoch 4
2026-06-30 21:44:07.095143: Current learning rate: 0.00076
2026-06-30 21:44:32.239397: train_loss -0.2311
2026-06-30 21:44:32.239701: val_loss -0.3046
2026-06-30 21:44:32.239868: Pseudo dice [0.3501, 0.7159, 0.2815]
2026-06-30 21:44:32.240025: Epoch time: 25.15 s
2026-06-30 21:44:32.240589: Yayy! New best EMA pseudo Dice: 0.1413
2026-06-30 21:44:32.240732: No checkpoint written, checkpointing is disabled
2026-06-30 21:44:33.416382: 
2026-06-30 21:44:33.416539: Epoch 5
2026-06-30 21:44:33.416635: Current learning rate: 0.00069
2026-06-30 21:44:58.504726: train_loss -0.2835
2026-06-30 21:44:58.504915: val_loss -0.3482
2026-06-30 21:44:58.505017: Pseudo dice [0.3609, 0.7429, 0.2927]
2026-06-30 21:44:58.505111: Epoch time: 25.09 s
2026-06-30 21:44:58.505186: Yayy! New best EMA pseudo Dice: 0.1738
2026-06-30 21:44:58.505245: No checkpoint written, checkpointing is disabled
2026-06-30 21:44:59.628159: 
2026-06-30 21:44:59.628314: Epoch 6
2026-06-30 21:44:59.628412: Current learning rate: 0.00063
2026-06-30 21:45:24.774972: train_loss -0.3034
2026-06-30 21:45:24.775208: val_loss -0.3399
2026-06-30 21:45:24.775400: Pseudo dice [0.496, 0.744, 0.0588]
2026-06-30 21:45:24.775517: Epoch time: 25.15 s
2026-06-30 21:45:24.775654: Yayy! New best EMA pseudo Dice: 0.1997
2026-06-30 21:45:24.775869: No checkpoint written, checkpointing is disabled
2026-06-30 21:45:25.914320: 
2026-06-30 21:45:25.914490: Epoch 7
2026-06-30 21:45:25.914595: Current learning rate: 0.00057
2026-06-30 21:45:51.028755: train_loss -0.3221
2026-06-30 21:45:51.029000: val_loss -0.3462
2026-06-30 21:45:51.029119: Pseudo dice [0.5069, 0.7685, 0.0817]
2026-06-30 21:45:51.029219: Epoch time: 25.12 s
2026-06-30 21:45:51.029305: Yayy! New best EMA pseudo Dice: 0.2249
2026-06-30 21:45:51.029379: No checkpoint written, checkpointing is disabled
2026-06-30 21:45:52.159391: 
2026-06-30 21:45:52.159545: Epoch 8
2026-06-30 21:45:52.159642: Current learning rate: 0.0005
2026-06-30 21:46:17.253226: train_loss -0.3408
2026-06-30 21:46:17.253411: val_loss -0.3567
2026-06-30 21:46:17.253509: Pseudo dice [0.514, 0.7779, 0.0896]
2026-06-30 21:46:17.253596: Epoch time: 25.1 s
2026-06-30 21:46:17.253666: Yayy! New best EMA pseudo Dice: 0.2485
2026-06-30 21:46:17.253725: No checkpoint written, checkpointing is disabled
2026-06-30 21:46:18.402479: 
2026-06-30 21:46:18.402670: Epoch 9
2026-06-30 21:46:18.402772: Current learning rate: 0.00044
2026-06-30 21:46:43.386419: train_loss -0.3427
2026-06-30 21:46:43.386615: val_loss -0.3507
2026-06-30 21:46:43.386721: Pseudo dice [0.5239, 0.7957, 0.1297]
2026-06-30 21:46:43.386810: Epoch time: 24.99 s
2026-06-30 21:46:43.386885: Yayy! New best EMA pseudo Dice: 0.272
2026-06-30 21:46:43.386953: No checkpoint written, checkpointing is disabled
2026-06-30 21:46:44.633089: 
2026-06-30 21:46:44.633246: Epoch 10
2026-06-30 21:46:44.633347: Current learning rate: 0.00037
2026-06-30 21:47:09.639445: train_loss -0.3516
2026-06-30 21:47:09.639683: val_loss -0.4114
2026-06-30 21:47:09.639796: Pseudo dice [0.5365, 0.8229, 0.175]
2026-06-30 21:47:09.639893: Epoch time: 25.01 s
2026-06-30 21:47:09.639971: Yayy! New best EMA pseudo Dice: 0.2959
2026-06-30 21:47:09.640041: No checkpoint written, checkpointing is disabled
2026-06-30 21:47:10.768114: 
2026-06-30 21:47:10.768768: Epoch 11
2026-06-30 21:47:10.768877: Current learning rate: 0.0003
2026-06-30 21:47:35.931838: train_loss -0.367
2026-06-30 21:47:35.932082: val_loss -0.4388
2026-06-30 21:47:35.932192: Pseudo dice [0.6021, 0.815, 0.4233]
2026-06-30 21:47:35.932291: Epoch time: 25.17 s
2026-06-30 21:47:35.932369: Yayy! New best EMA pseudo Dice: 0.3277
2026-06-30 21:47:35.932443: No checkpoint written, checkpointing is disabled
2026-06-30 21:47:37.069217: 
2026-06-30 21:47:37.069369: Epoch 12
2026-06-30 21:47:37.069469: Current learning rate: 0.00023
2026-06-30 21:48:02.273802: train_loss -0.3944
2026-06-30 21:48:02.274040: val_loss -0.503
2026-06-30 21:48:02.274158: Pseudo dice [0.6496, 0.8043, 0.5788]
2026-06-30 21:48:02.274262: Epoch time: 25.21 s
2026-06-30 21:48:02.274343: Yayy! New best EMA pseudo Dice: 0.3627
2026-06-30 21:48:02.274418: No checkpoint written, checkpointing is disabled
2026-06-30 21:48:03.434520: 
2026-06-30 21:48:03.434675: Epoch 13
2026-06-30 21:48:03.434770: Current learning rate: 0.00016
2026-06-30 21:48:28.591682: train_loss -0.4505
2026-06-30 21:48:28.591875: val_loss -0.5444
2026-06-30 21:48:28.591975: Pseudo dice [0.6511, 0.8146, 0.6223]
2026-06-30 21:48:28.592058: Epoch time: 25.16 s
2026-06-30 21:48:28.592137: Yayy! New best EMA pseudo Dice: 0.396
2026-06-30 21:48:28.592194: No checkpoint written, checkpointing is disabled
2026-06-30 21:48:29.822836: 
2026-06-30 21:48:29.822989: Epoch 14
2026-06-30 21:48:29.823094: Current learning rate: 9e-05
2026-06-30 21:48:54.821328: train_loss -0.4739
2026-06-30 21:48:54.821569: val_loss -0.55
2026-06-30 21:48:54.821680: Pseudo dice [0.6474, 0.8053, 0.645]
2026-06-30 21:48:54.821776: Epoch time: 25.0 s
2026-06-30 21:48:54.821855: Yayy! New best EMA pseudo Dice: 0.4263
2026-06-30 21:48:54.821928: No checkpoint written, checkpointing is disabled
2026-06-30 21:48:55.954199: No checkpoint written, checkpointing is disabled
2026-06-30 21:48:56.016582: Training done.
2026-06-30 21:48:56.017473: Skipping final full validation because ENETUSC_SKIP_FINAL_VALIDATION=1


=== EU2 wide_context ===
channels: (20, 72, 128, 192, 256)
params:   1.466M  (+54.4% vs EU0)
results: /home/yhussein/LightM-UNet/data/nnUNET_results_pareto/enet_upscaled_e15/EU2_wide_context
command: nnUNetv2_train 501 2d 0 -tr nnUNetTrainerENetUpscaled
/home/yhussein/conda-envs/lightmunet/lib/python3.10/site-packages/monai/utils/module.py:396: UserWarning: pkg_resources is deprecated as an API. See https://setuptools.pypa.io/en/latest/pkg_resources.html. The pkg_resources package is slated for removal as early as 2025-11-30. Refrain from using this package or pin to Setuptools<81.
  pkg = __import__(module)  # top level module
Using device: cuda:0

#######################################################################
Please cite the following paper when using nnU-Net:
Isensee, F., Jaeger, P. F., Kohl, S. A., Petersen, J., & Maier-Hein, K. H. (2021). nnU-Net: a self-configuring method for deep learning-based biomedical image segmentation. Nature methods, 18(2), 203-211.
#######################################################################


This is the configuration used by this training:
Configuration name: 2d
 {'data_identifier': 'nnUNetPlans_2d', 'preprocessor_name': 'DefaultPreprocessor', 'batch_size': 4, 'patch_size': [512, 512], 'median_image_size_in_voxels': [512.0, 512.0], 'spacing': [1.0, 1.0], 'normalization_schemes': ['ZScoreNormalization'], 'use_mask_for_norm': [False], 'UNet_class_name': 'PlainConvUNet', 'UNet_base_num_features': 32, 'n_conv_per_stage_encoder': [2, 2, 2, 2, 2, 2, 2, 2], 'n_conv_per_stage_decoder': [2, 2, 2, 2, 2, 2, 2], 'num_pool_per_axis': [7, 7], 'pool_op_kernel_sizes': [[1, 1], [2, 2], [2, 2], [2, 2], [2, 2], [2, 2], [2, 2], [2, 2]], 'conv_kernel_sizes': [[3, 3], [3, 3], [3, 3], [3, 3], [3, 3], [3, 3], [3, 3], [3, 3]], 'unet_max_num_features': 512, 'resampling_fn_data': 'resample_data_or_seg_to_shape', 'resampling_fn_seg': 'resample_data_or_seg_to_shape', 'resampling_fn_data_kwargs': {'is_seg': False, 'order': 3, 'order_z': 0, 'force_separate_z': None}, 'resampling_fn_seg_kwargs': {'is_seg': True, 'order': 1, 'order_z': 0, 'force_separate_z': None}, 'resampling_fn_probabilities': 'resample_data_or_seg_to_shape', 'resampling_fn_probabilities_kwargs': {'is_seg': False, 'order': 1, 'order_z': 0, 'force_separate_z': None}, 'batch_dice': True} 

These are the global plan.json settings:
 {'dataset_name': 'Dataset501_ARCADE', 'plans_name': 'nnUNetPlans', 'original_median_spacing_after_transp': [999.0, 1.0, 1.0], 'original_median_shape_after_transp': [1, 512, 512], 'image_reader_writer': 'NaturalImage2DIO', 'transpose_forward': [0, 1, 2], 'transpose_backward': [0, 1, 2], 'experiment_planner_used': 'ExperimentPlanner', 'label_manager': 'LabelManager', 'foreground_intensity_properties_per_channel': {'0': {'max': 255.0, 'mean': 98.67886352539062, 'median': 96.0, 'min': 0.0, 'percentile_00_5': 32.0, 'percentile_99_5': 186.0, 'std': 31.84078025817871}}} 

2026-06-30 21:49:02.721708: unpacking dataset...
2026-06-30 21:49:06.633776: unpacking done...
2026-06-30 21:49:06.634200: do_dummy_2d_data_aug: False
2026-06-30 21:49:06.640678: Using splits from existing split file: /gpfs/home1/yhussein/LightM-UNet/data/nnUNet_preprocessed/Dataset501_ARCADE/splits_final.json
2026-06-30 21:49:06.640987: The split file contains 1 splits.
2026-06-30 21:49:06.641052: Desired fold for training: 0
2026-06-30 21:49:06.641397: This split has 1000 training and 200 validation cases.
2026-06-30 21:49:06.660764: Skipping network architecture plot because ENETUSC_SKIP_ARCH_PLOT=1
2026-06-30 21:49:06.672555: 
2026-06-30 21:49:06.672651: Epoch 0
2026-06-30 21:49:06.672753: Current learning rate: 0.001
using pin_memory on device 0
using pin_memory on device 0
2026-06-30 21:49:42.516983: train_loss 0.1598
2026-06-30 21:49:42.517266: val_loss -0.0275
2026-06-30 21:49:42.517384: Pseudo dice [0.0, 0.0, 0.0]
2026-06-30 21:49:42.517485: Epoch time: 35.85 s
2026-06-30 21:49:42.517565: Yayy! New best EMA pseudo Dice: 0.0
2026-06-30 21:49:42.517642: No checkpoint written, checkpointing is disabled
2026-06-30 21:49:43.513541: 
2026-06-30 21:49:43.513686: Epoch 1
2026-06-30 21:49:43.513793: Current learning rate: 0.00094
2026-06-30 21:50:16.516081: train_loss -0.0642
2026-06-30 21:50:16.516293: val_loss -0.0647
2026-06-30 21:50:16.516395: Pseudo dice [0.2525, 0.2835, 0.0003]
2026-06-30 21:50:16.516479: Epoch time: 33.01 s
2026-06-30 21:50:16.516550: Yayy! New best EMA pseudo Dice: 0.0179
2026-06-30 21:50:16.516611: No checkpoint written, checkpointing is disabled
2026-06-30 21:50:17.661773: 
2026-06-30 21:50:17.661938: Epoch 2
2026-06-30 21:50:17.662575: Current learning rate: 0.00088
2026-06-30 21:50:50.675946: train_loss -0.1107
2026-06-30 21:50:50.676156: val_loss -0.1007
2026-06-30 21:50:50.676254: Pseudo dice [0.2665, 0.4805, 0.0948]
2026-06-30 21:50:50.676337: Epoch time: 33.02 s
2026-06-30 21:50:50.676408: Yayy! New best EMA pseudo Dice: 0.0442
2026-06-30 21:50:50.676468: No checkpoint written, checkpointing is disabled
2026-06-30 21:50:51.844651: 
2026-06-30 21:50:51.844799: Epoch 3
2026-06-30 21:50:51.844893: Current learning rate: 0.00082
2026-06-30 21:51:24.795902: train_loss -0.2119
2026-06-30 21:51:24.796112: val_loss -0.2635
2026-06-30 21:51:24.796219: Pseudo dice [0.4144, 0.6608, 0.1212]
2026-06-30 21:51:24.796304: Epoch time: 32.95 s
2026-06-30 21:51:24.796375: Yayy! New best EMA pseudo Dice: 0.0796
2026-06-30 21:51:24.796435: No checkpoint written, checkpointing is disabled
2026-06-30 21:51:25.951080: 
2026-06-30 21:51:25.951230: Epoch 4
2026-06-30 21:51:25.951329: Current learning rate: 0.00076
2026-06-30 21:51:58.801105: train_loss -0.2651
2026-06-30 21:51:58.801341: val_loss -0.3014
2026-06-30 21:51:58.801443: Pseudo dice [0.4642, 0.6975, 0.0248]
2026-06-30 21:51:58.801531: Epoch time: 32.85 s
2026-06-30 21:51:58.801602: Yayy! New best EMA pseudo Dice: 0.1112
2026-06-30 21:51:58.801671: No checkpoint written, checkpointing is disabled
2026-06-30 21:51:59.978515: 
2026-06-30 21:51:59.978670: Epoch 5
2026-06-30 21:51:59.978769: Current learning rate: 0.00069
2026-06-30 21:52:32.994136: train_loss -0.2974
2026-06-30 21:52:32.994318: val_loss -0.3644
2026-06-30 21:52:32.994415: Pseudo dice [0.5335, 0.7508, 0.1556]
2026-06-30 21:52:32.994499: Epoch time: 33.02 s
2026-06-30 21:52:32.994568: Yayy! New best EMA pseudo Dice: 0.1481
2026-06-30 21:52:32.994627: No checkpoint written, checkpointing is disabled
2026-06-30 21:52:34.230008: 
2026-06-30 21:52:34.230154: Epoch 6
2026-06-30 21:52:34.230250: Current learning rate: 0.00063
2026-06-30 21:53:07.087956: train_loss -0.3299
2026-06-30 21:53:07.088185: val_loss -0.4419
2026-06-30 21:53:07.088283: Pseudo dice [0.6277, 0.7585, 0.461]
2026-06-30 21:53:07.088369: Epoch time: 32.86 s
2026-06-30 21:53:07.088441: Yayy! New best EMA pseudo Dice: 0.1948
2026-06-30 21:53:07.088511: No checkpoint written, checkpointing is disabled
2026-06-30 21:53:08.351183: 
2026-06-30 21:53:08.351332: Epoch 7
2026-06-30 21:53:08.351430: Current learning rate: 0.00057
2026-06-30 21:53:41.211125: train_loss -0.399
2026-06-30 21:53:41.211354: val_loss -0.4588
2026-06-30 21:53:41.211457: Pseudo dice [0.5802, 0.7438, 0.5524]
2026-06-30 21:53:41.211546: Epoch time: 32.86 s
2026-06-30 21:53:41.211618: Yayy! New best EMA pseudo Dice: 0.2379
2026-06-30 21:53:41.211688: No checkpoint written, checkpointing is disabled
2026-06-30 21:53:42.352796: 
2026-06-30 21:53:42.352973: Epoch 8
2026-06-30 21:53:42.353080: Current learning rate: 0.0005
2026-06-30 21:54:15.316726: train_loss -0.4508
2026-06-30 21:54:15.316956: val_loss -0.4835
2026-06-30 21:54:15.317056: Pseudo dice [0.5934, 0.7093, 0.5896]
2026-06-30 21:54:15.317154: Epoch time: 32.97 s
2026-06-30 21:54:15.317227: Yayy! New best EMA pseudo Dice: 0.2772
2026-06-30 21:54:15.317297: No checkpoint written, checkpointing is disabled
2026-06-30 21:54:16.473593: 
2026-06-30 21:54:16.473741: Epoch 9
2026-06-30 21:54:16.473837: Current learning rate: 0.00044
2026-06-30 21:54:49.469257: train_loss -0.4843
2026-06-30 21:54:49.469485: val_loss -0.5773
2026-06-30 21:54:49.469585: Pseudo dice [0.6291, 0.7909, 0.6453]
2026-06-30 21:54:49.469674: Epoch time: 33.0 s
2026-06-30 21:54:49.469745: Yayy! New best EMA pseudo Dice: 0.3183
2026-06-30 21:54:49.469815: No checkpoint written, checkpointing is disabled
2026-06-30 21:54:50.599705: 
2026-06-30 21:54:50.599852: Epoch 10
2026-06-30 21:54:50.599947: Current learning rate: 0.00037
2026-06-30 21:55:23.549114: train_loss -0.5041
2026-06-30 21:55:23.549299: val_loss -0.5939
2026-06-30 21:55:23.549394: Pseudo dice [0.6728, 0.7934, 0.6558]
2026-06-30 21:55:23.549476: Epoch time: 32.95 s
2026-06-30 21:55:23.549544: Yayy! New best EMA pseudo Dice: 0.3572
2026-06-30 21:55:23.549602: No checkpoint written, checkpointing is disabled
2026-06-30 21:55:24.688617: 
2026-06-30 21:55:24.689289: Epoch 11
2026-06-30 21:55:24.689403: Current learning rate: 0.0003
2026-06-30 21:55:57.624217: train_loss -0.5242
2026-06-30 21:55:57.624442: val_loss -0.5624
2026-06-30 21:55:57.624543: Pseudo dice [0.6418, 0.7762, 0.6748]
2026-06-30 21:55:57.624631: Epoch time: 32.94 s
2026-06-30 21:55:57.624703: Yayy! New best EMA pseudo Dice: 0.3913
2026-06-30 21:55:57.624773: No checkpoint written, checkpointing is disabled
2026-06-30 21:55:58.778495: 
2026-06-30 21:55:58.778647: Epoch 12
2026-06-30 21:55:58.778741: Current learning rate: 0.00023
2026-06-30 21:56:31.739528: train_loss -0.5497
2026-06-30 21:56:31.739757: val_loss -0.5768
2026-06-30 21:56:31.739858: Pseudo dice [0.6658, 0.7717, 0.6645]
2026-06-30 21:56:31.739947: Epoch time: 32.96 s
2026-06-30 21:56:31.740021: Yayy! New best EMA pseudo Dice: 0.4222
2026-06-30 21:56:31.740097: No checkpoint written, checkpointing is disabled
2026-06-30 21:56:32.901448: 
2026-06-30 21:56:32.901603: Epoch 13
2026-06-30 21:56:32.901699: Current learning rate: 0.00016
2026-06-30 21:57:05.826805: train_loss -0.547
2026-06-30 21:57:05.826984: val_loss -0.6149
2026-06-30 21:57:05.827089: Pseudo dice [0.6843, 0.8056, 0.6936]
2026-06-30 21:57:05.827174: Epoch time: 32.93 s
2026-06-30 21:57:05.827243: Yayy! New best EMA pseudo Dice: 0.4528
2026-06-30 21:57:05.827302: No checkpoint written, checkpointing is disabled
2026-06-30 21:57:06.966918: 
2026-06-30 21:57:06.967104: Epoch 14
2026-06-30 21:57:06.967211: Current learning rate: 9e-05
2026-06-30 21:57:39.861093: train_loss -0.5639
2026-06-30 21:57:39.861283: val_loss -0.6063
2026-06-30 21:57:39.861382: Pseudo dice [0.6874, 0.8088, 0.6939]
2026-06-30 21:57:39.861466: Epoch time: 32.9 s
2026-06-30 21:57:39.861533: Yayy! New best EMA pseudo Dice: 0.4805
2026-06-30 21:57:39.861602: No checkpoint written, checkpointing is disabled
2026-06-30 21:57:41.039988: No checkpoint written, checkpointing is disabled
2026-06-30 21:57:41.108418: Training done.
2026-06-30 21:57:41.109328: Skipping final full validation because ENETUSC_SKIP_FINAL_VALIDATION=1


=== EU3 deep_stage4 ===
channels: (20, 72, 72, 144, 320)
params:   1.179M  (+24.2% vs EU0)
results: /home/yhussein/LightM-UNet/data/nnUNET_results_pareto/enet_upscaled_e15/EU3_deep_stage4
command: nnUNetv2_train 501 2d 0 -tr nnUNetTrainerENetUpscaled
/home/yhussein/conda-envs/lightmunet/lib/python3.10/site-packages/monai/utils/module.py:396: UserWarning: pkg_resources is deprecated as an API. See https://setuptools.pypa.io/en/latest/pkg_resources.html. The pkg_resources package is slated for removal as early as 2025-11-30. Refrain from using this package or pin to Setuptools<81.
  pkg = __import__(module)  # top level module
Using device: cuda:0

#######################################################################
Please cite the following paper when using nnU-Net:
Isensee, F., Jaeger, P. F., Kohl, S. A., Petersen, J., & Maier-Hein, K. H. (2021). nnU-Net: a self-configuring method for deep learning-based biomedical image segmentation. Nature methods, 18(2), 203-211.
#######################################################################


This is the configuration used by this training:
Configuration name: 2d
 {'data_identifier': 'nnUNetPlans_2d', 'preprocessor_name': 'DefaultPreprocessor', 'batch_size': 4, 'patch_size': [512, 512], 'median_image_size_in_voxels': [512.0, 512.0], 'spacing': [1.0, 1.0], 'normalization_schemes': ['ZScoreNormalization'], 'use_mask_for_norm': [False], 'UNet_class_name': 'PlainConvUNet', 'UNet_base_num_features': 32, 'n_conv_per_stage_encoder': [2, 2, 2, 2, 2, 2, 2, 2], 'n_conv_per_stage_decoder': [2, 2, 2, 2, 2, 2, 2], 'num_pool_per_axis': [7, 7], 'pool_op_kernel_sizes': [[1, 1], [2, 2], [2, 2], [2, 2], [2, 2], [2, 2], [2, 2], [2, 2]], 'conv_kernel_sizes': [[3, 3], [3, 3], [3, 3], [3, 3], [3, 3], [3, 3], [3, 3], [3, 3]], 'unet_max_num_features': 512, 'resampling_fn_data': 'resample_data_or_seg_to_shape', 'resampling_fn_seg': 'resample_data_or_seg_to_shape', 'resampling_fn_data_kwargs': {'is_seg': False, 'order': 3, 'order_z': 0, 'force_separate_z': None}, 'resampling_fn_seg_kwargs': {'is_seg': True, 'order': 1, 'order_z': 0, 'force_separate_z': None}, 'resampling_fn_probabilities': 'resample_data_or_seg_to_shape', 'resampling_fn_probabilities_kwargs': {'is_seg': False, 'order': 1, 'order_z': 0, 'force_separate_z': None}, 'batch_dice': True} 

These are the global plan.json settings:
 {'dataset_name': 'Dataset501_ARCADE', 'plans_name': 'nnUNetPlans', 'original_median_spacing_after_transp': [999.0, 1.0, 1.0], 'original_median_shape_after_transp': [1, 512, 512], 'image_reader_writer': 'NaturalImage2DIO', 'transpose_forward': [0, 1, 2], 'transpose_backward': [0, 1, 2], 'experiment_planner_used': 'ExperimentPlanner', 'label_manager': 'LabelManager', 'foreground_intensity_properties_per_channel': {'0': {'max': 255.0, 'mean': 98.67886352539062, 'median': 96.0, 'min': 0.0, 'percentile_00_5': 32.0, 'percentile_99_5': 186.0, 'std': 31.84078025817871}}} 

2026-06-30 21:57:47.694952: unpacking dataset...
2026-06-30 21:57:51.587977: unpacking done...
2026-06-30 21:57:51.588424: do_dummy_2d_data_aug: False
2026-06-30 21:57:51.596166: Using splits from existing split file: /gpfs/home1/yhussein/LightM-UNet/data/nnUNet_preprocessed/Dataset501_ARCADE/splits_final.json
2026-06-30 21:57:51.596478: The split file contains 1 splits.
2026-06-30 21:57:51.596545: Desired fold for training: 0
2026-06-30 21:57:51.596597: This split has 1000 training and 200 validation cases.
2026-06-30 21:57:51.616381: Skipping network architecture plot because ENETUSC_SKIP_ARCH_PLOT=1
2026-06-30 21:57:51.628451: 
2026-06-30 21:57:51.628550: Epoch 0
2026-06-30 21:57:51.628656: Current learning rate: 0.001
using pin_memory on device 0
using pin_memory on device 0
2026-06-30 21:58:22.754769: train_loss 0.4246
2026-06-30 21:58:22.755084: val_loss 0.0002
2026-06-30 21:58:22.755207: Pseudo dice [0.1877, 0.033, 0.1069]
2026-06-30 21:58:22.755315: Epoch time: 31.13 s
2026-06-30 21:58:22.755408: Yayy! New best EMA pseudo Dice: 0.1092
2026-06-30 21:58:22.755493: No checkpoint written, checkpointing is disabled
2026-06-30 21:58:23.735739: 
2026-06-30 21:58:23.735922: Epoch 1
2026-06-30 21:58:23.736024: Current learning rate: 0.00094
2026-06-30 21:58:52.057631: train_loss -0.0478
2026-06-30 21:58:52.057865: val_loss -0.0618
2026-06-30 21:58:52.057981: Pseudo dice [0.0745, 0.0003, 0.2421]
2026-06-30 21:58:52.058082: Epoch time: 28.32 s
2026-06-30 21:58:53.205797: 
2026-06-30 21:58:53.205980: Epoch 2
2026-06-30 21:58:53.206107: Current learning rate: 0.00088
2026-06-30 21:59:21.459291: train_loss -0.0806
2026-06-30 21:59:21.460052: val_loss -0.0737
2026-06-30 21:59:21.460184: Pseudo dice [0.0726, 0.1025, 0.2626]
2026-06-30 21:59:21.460283: Epoch time: 28.26 s
2026-06-30 21:59:21.460361: Yayy! New best EMA pseudo Dice: 0.1125
2026-06-30 21:59:21.460428: No checkpoint written, checkpointing is disabled
2026-06-30 21:59:22.648480: 
2026-06-30 21:59:22.648689: Epoch 3
2026-06-30 21:59:22.648858: Current learning rate: 0.00082
2026-06-30 21:59:50.940829: train_loss -0.1204
2026-06-30 21:59:50.941024: val_loss -0.1458
2026-06-30 21:59:50.941134: Pseudo dice [0.1273, 0.5492, 0.2734]
2026-06-30 21:59:50.941223: Epoch time: 28.29 s
2026-06-30 21:59:50.941294: Yayy! New best EMA pseudo Dice: 0.133
2026-06-30 21:59:50.941355: No checkpoint written, checkpointing is disabled
2026-06-30 21:59:52.086977: 
2026-06-30 21:59:52.087131: Epoch 4
2026-06-30 21:59:52.087231: Current learning rate: 0.00076
2026-06-30 22:00:20.375818: train_loss -0.1955
2026-06-30 22:00:20.376075: val_loss -0.3026
2026-06-30 22:00:20.376186: Pseudo dice [0.4082, 0.7181, 0.1729]
2026-06-30 22:00:20.376281: Epoch time: 28.29 s
2026-06-30 22:00:20.376359: Yayy! New best EMA pseudo Dice: 0.163
2026-06-30 22:00:20.376437: No checkpoint written, checkpointing is disabled
2026-06-30 22:00:21.552119: 
2026-06-30 22:00:21.552269: Epoch 5
2026-06-30 22:00:21.552368: Current learning rate: 0.00069
2026-06-30 22:00:49.765973: train_loss -0.2532
2026-06-30 22:00:49.766172: val_loss -0.3392
2026-06-30 22:00:49.766280: Pseudo dice [0.474, 0.7685, 0.1087]
2026-06-30 22:00:49.766371: Epoch time: 28.22 s
2026-06-30 22:00:49.766443: Yayy! New best EMA pseudo Dice: 0.1917
2026-06-30 22:00:49.766504: No checkpoint written, checkpointing is disabled
2026-06-30 22:00:50.914759: 
2026-06-30 22:00:50.914904: Epoch 6
2026-06-30 22:00:50.915003: Current learning rate: 0.00063
2026-06-30 22:01:19.200526: train_loss -0.2997
2026-06-30 22:01:19.200725: val_loss -0.3663
2026-06-30 22:01:19.200827: Pseudo dice [0.5152, 0.7697, 0.1291]
2026-06-30 22:01:19.200911: Epoch time: 28.29 s
2026-06-30 22:01:19.200984: Yayy! New best EMA pseudo Dice: 0.2197
2026-06-30 22:01:19.201045: No checkpoint written, checkpointing is disabled
2026-06-30 22:01:20.362869: 
2026-06-30 22:01:20.363021: Epoch 7
2026-06-30 22:01:20.363149: Current learning rate: 0.00057
2026-06-30 22:01:48.511344: train_loss -0.3203
2026-06-30 22:01:48.511540: val_loss -0.381
2026-06-30 22:01:48.511657: Pseudo dice [0.5101, 0.7851, 0.2191]
2026-06-30 22:01:48.511751: Epoch time: 28.15 s
2026-06-30 22:01:48.511862: Yayy! New best EMA pseudo Dice: 0.2482
2026-06-30 22:01:48.511937: No checkpoint written, checkpointing is disabled
2026-06-30 22:01:49.787998: 
2026-06-30 22:01:49.788155: Epoch 8
2026-06-30 22:01:49.788254: Current learning rate: 0.0005
2026-06-30 22:02:17.868013: train_loss -0.3491
2026-06-30 22:02:17.868222: val_loss -0.3836
2026-06-30 22:02:17.868326: Pseudo dice [0.5619, 0.7721, 0.3932]
2026-06-30 22:02:17.868415: Epoch time: 28.08 s
2026-06-30 22:02:17.868491: Yayy! New best EMA pseudo Dice: 0.2809
2026-06-30 22:02:17.868552: No checkpoint written, checkpointing is disabled
2026-06-30 22:02:19.026592: 
2026-06-30 22:02:19.026752: Epoch 9
2026-06-30 22:02:19.026852: Current learning rate: 0.00044
2026-06-30 22:02:47.301257: train_loss -0.399
2026-06-30 22:02:47.301461: val_loss -0.4734
2026-06-30 22:02:47.301571: Pseudo dice [0.5954, 0.7578, 0.5725]
2026-06-30 22:02:47.301660: Epoch time: 28.28 s
2026-06-30 22:02:47.301734: Yayy! New best EMA pseudo Dice: 0.317
2026-06-30 22:02:47.301801: No checkpoint written, checkpointing is disabled
2026-06-30 22:02:48.406502: 
2026-06-30 22:02:48.406655: Epoch 10
2026-06-30 22:02:48.406754: Current learning rate: 0.00037
2026-06-30 22:03:16.716939: train_loss -0.466
2026-06-30 22:03:16.717141: val_loss -0.4804
2026-06-30 22:03:16.717247: Pseudo dice [0.6383, 0.7252, 0.5669]
2026-06-30 22:03:16.717335: Epoch time: 28.31 s
2026-06-30 22:03:16.717407: Yayy! New best EMA pseudo Dice: 0.3497
2026-06-30 22:03:16.717468: No checkpoint written, checkpointing is disabled
2026-06-30 22:03:17.841746: 
2026-06-30 22:03:17.841895: Epoch 11
2026-06-30 22:03:17.841994: Current learning rate: 0.0003
2026-06-30 22:03:46.172358: train_loss -0.4816
2026-06-30 22:03:46.173134: val_loss -0.57
2026-06-30 22:03:46.173252: Pseudo dice [0.6498, 0.7961, 0.6408]
2026-06-30 22:03:46.173343: Epoch time: 28.33 s
2026-06-30 22:03:46.173415: Yayy! New best EMA pseudo Dice: 0.3843
2026-06-30 22:03:46.173475: No checkpoint written, checkpointing is disabled
2026-06-30 22:03:47.307962: 
2026-06-30 22:03:47.308123: Epoch 12
2026-06-30 22:03:47.308223: Current learning rate: 0.00023
2026-06-30 22:04:15.444446: train_loss -0.517
2026-06-30 22:04:15.444651: val_loss -0.5392
2026-06-30 22:04:15.444762: Pseudo dice [0.6572, 0.7711, 0.6271]
2026-06-30 22:04:15.444849: Epoch time: 28.14 s
2026-06-30 22:04:15.444924: Yayy! New best EMA pseudo Dice: 0.4143
2026-06-30 22:04:15.444993: No checkpoint written, checkpointing is disabled
2026-06-30 22:04:16.599086: 
2026-06-30 22:04:16.599235: Epoch 13
2026-06-30 22:04:16.599334: Current learning rate: 0.00016
2026-06-30 22:04:44.725841: train_loss -0.5427
2026-06-30 22:04:44.726028: val_loss -0.5947
2026-06-30 22:04:44.726135: Pseudo dice [0.682, 0.8173, 0.6884]
2026-06-30 22:04:44.726220: Epoch time: 28.13 s
2026-06-30 22:04:44.726289: Yayy! New best EMA pseudo Dice: 0.4458
2026-06-30 22:04:44.726347: No checkpoint written, checkpointing is disabled
2026-06-30 22:04:45.851765: 
2026-06-30 22:04:45.851916: Epoch 14
2026-06-30 22:04:45.852014: Current learning rate: 9e-05
2026-06-30 22:05:13.952654: train_loss -0.5539
2026-06-30 22:05:13.952856: val_loss -0.6024
2026-06-30 22:05:13.952963: Pseudo dice [0.6802, 0.8136, 0.6896]
2026-06-30 22:05:13.953051: Epoch time: 28.1 s
2026-06-30 22:05:13.953135: Yayy! New best EMA pseudo Dice: 0.474
2026-06-30 22:05:13.953205: No checkpoint written, checkpointing is disabled
2026-06-30 22:05:15.089894: No checkpoint written, checkpointing is disabled
2026-06-30 22:05:15.155233: Training done.
2026-06-30 22:05:15.156185: Skipping final full validation because ENETUSC_SKIP_FINAL_VALIDATION=1


=== EU4 shallow_wide ===
channels: (20, 96, 96, 144, 256)
params:   1.044M  (+9.9% vs EU0)
results: /home/yhussein/LightM-UNet/data/nnUNET_results_pareto/enet_upscaled_e15/EU4_shallow_wide
command: nnUNetv2_train 501 2d 0 -tr nnUNetTrainerENetUpscaled
/home/yhussein/conda-envs/lightmunet/lib/python3.10/site-packages/monai/utils/module.py:396: UserWarning: pkg_resources is deprecated as an API. See https://setuptools.pypa.io/en/latest/pkg_resources.html. The pkg_resources package is slated for removal as early as 2025-11-30. Refrain from using this package or pin to Setuptools<81.
  pkg = __import__(module)  # top level module
Using device: cuda:0

#######################################################################
Please cite the following paper when using nnU-Net:
Isensee, F., Jaeger, P. F., Kohl, S. A., Petersen, J., & Maier-Hein, K. H. (2021). nnU-Net: a self-configuring method for deep learning-based biomedical image segmentation. Nature methods, 18(2), 203-211.
#######################################################################


This is the configuration used by this training:
Configuration name: 2d
 {'data_identifier': 'nnUNetPlans_2d', 'preprocessor_name': 'DefaultPreprocessor', 'batch_size': 4, 'patch_size': [512, 512], 'median_image_size_in_voxels': [512.0, 512.0], 'spacing': [1.0, 1.0], 'normalization_schemes': ['ZScoreNormalization'], 'use_mask_for_norm': [False], 'UNet_class_name': 'PlainConvUNet', 'UNet_base_num_features': 32, 'n_conv_per_stage_encoder': [2, 2, 2, 2, 2, 2, 2, 2], 'n_conv_per_stage_decoder': [2, 2, 2, 2, 2, 2, 2], 'num_pool_per_axis': [7, 7], 'pool_op_kernel_sizes': [[1, 1], [2, 2], [2, 2], [2, 2], [2, 2], [2, 2], [2, 2], [2, 2]], 'conv_kernel_sizes': [[3, 3], [3, 3], [3, 3], [3, 3], [3, 3], [3, 3], [3, 3], [3, 3]], 'unet_max_num_features': 512, 'resampling_fn_data': 'resample_data_or_seg_to_shape', 'resampling_fn_seg': 'resample_data_or_seg_to_shape', 'resampling_fn_data_kwargs': {'is_seg': False, 'order': 3, 'order_z': 0, 'force_separate_z': None}, 'resampling_fn_seg_kwargs': {'is_seg': True, 'order': 1, 'order_z': 0, 'force_separate_z': None}, 'resampling_fn_probabilities': 'resample_data_or_seg_to_shape', 'resampling_fn_probabilities_kwargs': {'is_seg': False, 'order': 1, 'order_z': 0, 'force_separate_z': None}, 'batch_dice': True} 

These are the global plan.json settings:
 {'dataset_name': 'Dataset501_ARCADE', 'plans_name': 'nnUNetPlans', 'original_median_spacing_after_transp': [999.0, 1.0, 1.0], 'original_median_shape_after_transp': [1, 512, 512], 'image_reader_writer': 'NaturalImage2DIO', 'transpose_forward': [0, 1, 2], 'transpose_backward': [0, 1, 2], 'experiment_planner_used': 'ExperimentPlanner', 'label_manager': 'LabelManager', 'foreground_intensity_properties_per_channel': {'0': {'max': 255.0, 'mean': 98.67886352539062, 'median': 96.0, 'min': 0.0, 'percentile_00_5': 32.0, 'percentile_99_5': 186.0, 'std': 31.84078025817871}}} 

2026-06-30 22:05:21.782905: unpacking dataset...
2026-06-30 22:05:25.688336: unpacking done...
2026-06-30 22:05:25.688759: do_dummy_2d_data_aug: False
2026-06-30 22:05:25.696931: Using splits from existing split file: /gpfs/home1/yhussein/LightM-UNet/data/nnUNet_preprocessed/Dataset501_ARCADE/splits_final.json
2026-06-30 22:05:25.697261: The split file contains 1 splits.
2026-06-30 22:05:25.697327: Desired fold for training: 0
2026-06-30 22:05:25.697379: This split has 1000 training and 200 validation cases.
2026-06-30 22:05:25.718400: Skipping network architecture plot because ENETUSC_SKIP_ARCH_PLOT=1
2026-06-30 22:05:25.730772: 
2026-06-30 22:05:25.730870: Epoch 0
2026-06-30 22:05:25.730975: Current learning rate: 0.001
using pin_memory on device 0
using pin_memory on device 0
2026-06-30 22:05:58.408002: train_loss 0.3538
2026-06-30 22:05:58.408270: val_loss -0.0364
2026-06-30 22:05:58.408386: Pseudo dice [0.0008, 0.2859, 0.0002]
2026-06-30 22:05:58.408490: Epoch time: 32.68 s
2026-06-30 22:05:58.408579: Yayy! New best EMA pseudo Dice: 0.0956
2026-06-30 22:05:58.408660: No checkpoint written, checkpointing is disabled
2026-06-30 22:05:59.427863: 
2026-06-30 22:05:59.428063: Epoch 1
2026-06-30 22:05:59.428227: Current learning rate: 0.00094
2026-06-30 22:06:29.159781: train_loss -0.0654
2026-06-30 22:06:29.160011: val_loss -0.0833
2026-06-30 22:06:29.160134: Pseudo dice [0.0, 0.4152, 0.002]
2026-06-30 22:06:29.160228: Epoch time: 29.73 s
2026-06-30 22:06:29.160304: Yayy! New best EMA pseudo Dice: 0.1
2026-06-30 22:06:29.160370: No checkpoint written, checkpointing is disabled
2026-06-30 22:06:30.297848: 
2026-06-30 22:06:30.298545: Epoch 2
2026-06-30 22:06:30.298661: Current learning rate: 0.00088
2026-06-30 22:07:00.025754: train_loss -0.094
2026-06-30 22:07:00.025954: val_loss -0.1035
2026-06-30 22:07:00.026058: Pseudo dice [0.0019, 0.4106, 0.0018]
2026-06-30 22:07:00.026155: Epoch time: 29.73 s
2026-06-30 22:07:00.026227: Yayy! New best EMA pseudo Dice: 0.1038
2026-06-30 22:07:00.026289: No checkpoint written, checkpointing is disabled
2026-06-30 22:07:01.195102: 
2026-06-30 22:07:01.195293: Epoch 3
2026-06-30 22:07:01.195444: Current learning rate: 0.00082
2026-06-30 22:07:30.891022: train_loss -0.1099
2026-06-30 22:07:30.891246: val_loss -0.1048
2026-06-30 22:07:30.891362: Pseudo dice [0.0209, 0.4117, 0.0018]
2026-06-30 22:07:30.891456: Epoch time: 29.7 s
2026-06-30 22:07:30.891529: Yayy! New best EMA pseudo Dice: 0.1079
2026-06-30 22:07:30.891601: No checkpoint written, checkpointing is disabled
2026-06-30 22:07:32.037916: 
2026-06-30 22:07:32.038074: Epoch 4
2026-06-30 22:07:32.038176: Current learning rate: 0.00076
2026-06-30 22:08:01.615679: train_loss -0.117
2026-06-30 22:08:01.615924: val_loss -0.1327
2026-06-30 22:08:01.616031: Pseudo dice [0.1775, 0.5535, 0.0011]
2026-06-30 22:08:01.616136: Epoch time: 29.58 s
2026-06-30 22:08:01.616211: Yayy! New best EMA pseudo Dice: 0.1215
2026-06-30 22:08:01.616282: No checkpoint written, checkpointing is disabled
2026-06-30 22:08:02.919545: 
2026-06-30 22:08:02.919709: Epoch 5
2026-06-30 22:08:02.919807: Current learning rate: 0.00069
2026-06-30 22:08:32.577882: train_loss -0.1531
2026-06-30 22:08:32.578131: val_loss -0.189
2026-06-30 22:08:32.578239: Pseudo dice [0.5216, 0.5525, 0.0039]
2026-06-30 22:08:32.578334: Epoch time: 29.66 s
2026-06-30 22:08:32.578407: Yayy! New best EMA pseudo Dice: 0.1453
2026-06-30 22:08:32.578484: No checkpoint written, checkpointing is disabled
2026-06-30 22:08:33.846049: 
2026-06-30 22:08:33.846233: Epoch 6
2026-06-30 22:08:33.846331: Current learning rate: 0.00063
2026-06-30 22:09:03.542917: train_loss -0.2419
2026-06-30 22:09:03.543117: val_loss -0.3234
2026-06-30 22:09:03.543219: Pseudo dice [0.6015, 0.6889, 0.0272]
2026-06-30 22:09:03.543305: Epoch time: 29.7 s
2026-06-30 22:09:03.543375: Yayy! New best EMA pseudo Dice: 0.1747
2026-06-30 22:09:03.543433: No checkpoint written, checkpointing is disabled
2026-06-30 22:09:04.712047: 
2026-06-30 22:09:04.712207: Epoch 7
2026-06-30 22:09:04.712306: Current learning rate: 0.00057
2026-06-30 22:09:34.249453: train_loss -0.3241
2026-06-30 22:09:34.249652: val_loss -0.4062
2026-06-30 22:09:34.249757: Pseudo dice [0.5846, 0.7089, 0.4096]
2026-06-30 22:09:34.249843: Epoch time: 29.54 s
2026-06-30 22:09:34.249914: Yayy! New best EMA pseudo Dice: 0.214
2026-06-30 22:09:34.249973: No checkpoint written, checkpointing is disabled
2026-06-30 22:09:35.393741: 
2026-06-30 22:09:35.393897: Epoch 8
2026-06-30 22:09:35.393996: Current learning rate: 0.0005
2026-06-30 22:10:05.125378: train_loss -0.3809
2026-06-30 22:10:05.125578: val_loss -0.5039
2026-06-30 22:10:05.125682: Pseudo dice [0.6478, 0.7388, 0.5406]
2026-06-30 22:10:05.125771: Epoch time: 29.73 s
2026-06-30 22:10:05.125842: Yayy! New best EMA pseudo Dice: 0.2568
2026-06-30 22:10:05.125900: No checkpoint written, checkpointing is disabled
2026-06-30 22:10:06.273359: 
2026-06-30 22:10:06.273515: Epoch 9
2026-06-30 22:10:06.273615: Current learning rate: 0.00044
2026-06-30 22:10:35.941786: train_loss -0.4466
2026-06-30 22:10:35.941979: val_loss -0.5324
2026-06-30 22:10:35.942088: Pseudo dice [0.652, 0.7769, 0.5984]
2026-06-30 22:10:35.942174: Epoch time: 29.67 s
2026-06-30 22:10:35.942243: Yayy! New best EMA pseudo Dice: 0.2987
2026-06-30 22:10:35.942302: No checkpoint written, checkpointing is disabled
2026-06-30 22:10:37.058957: 
2026-06-30 22:10:37.059143: Epoch 10
2026-06-30 22:10:37.059243: Current learning rate: 0.00037
2026-06-30 22:11:06.707620: train_loss -0.4773
2026-06-30 22:11:06.707818: val_loss -0.5929
2026-06-30 22:11:06.707922: Pseudo dice [0.6689, 0.8156, 0.658]
2026-06-30 22:11:06.708015: Epoch time: 29.65 s
2026-06-30 22:11:06.708097: Yayy! New best EMA pseudo Dice: 0.3403
2026-06-30 22:11:06.708158: No checkpoint written, checkpointing is disabled
2026-06-30 22:11:07.843113: 
2026-06-30 22:11:07.843793: Epoch 11
2026-06-30 22:11:07.843902: Current learning rate: 0.0003
2026-06-30 22:11:37.518526: train_loss -0.5064
2026-06-30 22:11:37.518717: val_loss -0.5699
2026-06-30 22:11:37.518819: Pseudo dice [0.6837, 0.8113, 0.6102]
2026-06-30 22:11:37.518906: Epoch time: 29.68 s
2026-06-30 22:11:37.518977: Yayy! New best EMA pseudo Dice: 0.3764
2026-06-30 22:11:37.519037: No checkpoint written, checkpointing is disabled
2026-06-30 22:11:38.655832: 
2026-06-30 22:11:38.655983: Epoch 12
2026-06-30 22:11:38.656090: Current learning rate: 0.00023
2026-06-30 22:12:08.291018: train_loss -0.5273
2026-06-30 22:12:08.291220: val_loss -0.5947
2026-06-30 22:12:08.291320: Pseudo dice [0.6816, 0.7985, 0.6627]
2026-06-30 22:12:08.291408: Epoch time: 29.64 s
2026-06-30 22:12:08.291479: Yayy! New best EMA pseudo Dice: 0.4102
2026-06-30 22:12:08.291538: No checkpoint written, checkpointing is disabled
2026-06-30 22:12:09.446596: 
2026-06-30 22:12:09.446761: Epoch 13
2026-06-30 22:12:09.446866: Current learning rate: 0.00016
2026-06-30 22:12:39.102942: train_loss -0.547
2026-06-30 22:12:39.103141: val_loss -0.6537
2026-06-30 22:12:39.103249: Pseudo dice [0.7044, 0.8409, 0.7236]
2026-06-30 22:12:39.103342: Epoch time: 29.66 s
2026-06-30 22:12:39.103414: Yayy! New best EMA pseudo Dice: 0.4448
2026-06-30 22:12:39.103473: No checkpoint written, checkpointing is disabled
2026-06-30 22:12:40.242990: 
2026-06-30 22:12:40.243147: Epoch 14
2026-06-30 22:12:40.243247: Current learning rate: 9e-05
2026-06-30 22:13:09.930198: train_loss -0.5633
2026-06-30 22:13:09.930395: val_loss -0.6034
2026-06-30 22:13:09.930499: Pseudo dice [0.6921, 0.8362, 0.6797]
2026-06-30 22:13:09.930588: Epoch time: 29.69 s
2026-06-30 22:13:09.930660: Yayy! New best EMA pseudo Dice: 0.4739
2026-06-30 22:13:09.930718: No checkpoint written, checkpointing is disabled
2026-06-30 22:13:11.072762: No checkpoint written, checkpointing is disabled
2026-06-30 22:13:11.139239: Training done.
2026-06-30 22:13:11.140158: Skipping final full validation because ENETUSC_SKIP_FINAL_VALIDATION=1


=== EU5 stage3_stage4_heavy ===
channels: (20, 72, 72, 196, 288)
params:   1.394M  (+46.8% vs EU0)
results: /home/yhussein/LightM-UNet/data/nnUNET_results_pareto/enet_upscaled_e15/EU5_stage3_stage4_heavy
command: nnUNetv2_train 501 2d 0 -tr nnUNetTrainerENetUpscaled
/home/yhussein/conda-envs/lightmunet/lib/python3.10/site-packages/monai/utils/module.py:396: UserWarning: pkg_resources is deprecated as an API. See https://setuptools.pypa.io/en/latest/pkg_resources.html. The pkg_resources package is slated for removal as early as 2025-11-30. Refrain from using this package or pin to Setuptools<81.
  pkg = __import__(module)  # top level module
Using device: cuda:0

#######################################################################
Please cite the following paper when using nnU-Net:
Isensee, F., Jaeger, P. F., Kohl, S. A., Petersen, J., & Maier-Hein, K. H. (2021). nnU-Net: a self-configuring method for deep learning-based biomedical image segmentation. Nature methods, 18(2), 203-211.
#######################################################################


This is the configuration used by this training:
Configuration name: 2d
 {'data_identifier': 'nnUNetPlans_2d', 'preprocessor_name': 'DefaultPreprocessor', 'batch_size': 4, 'patch_size': [512, 512], 'median_image_size_in_voxels': [512.0, 512.0], 'spacing': [1.0, 1.0], 'normalization_schemes': ['ZScoreNormalization'], 'use_mask_for_norm': [False], 'UNet_class_name': 'PlainConvUNet', 'UNet_base_num_features': 32, 'n_conv_per_stage_encoder': [2, 2, 2, 2, 2, 2, 2, 2], 'n_conv_per_stage_decoder': [2, 2, 2, 2, 2, 2, 2], 'num_pool_per_axis': [7, 7], 'pool_op_kernel_sizes': [[1, 1], [2, 2], [2, 2], [2, 2], [2, 2], [2, 2], [2, 2], [2, 2]], 'conv_kernel_sizes': [[3, 3], [3, 3], [3, 3], [3, 3], [3, 3], [3, 3], [3, 3], [3, 3]], 'unet_max_num_features': 512, 'resampling_fn_data': 'resample_data_or_seg_to_shape', 'resampling_fn_seg': 'resample_data_or_seg_to_shape', 'resampling_fn_data_kwargs': {'is_seg': False, 'order': 3, 'order_z': 0, 'force_separate_z': None}, 'resampling_fn_seg_kwargs': {'is_seg': True, 'order': 1, 'order_z': 0, 'force_separate_z': None}, 'resampling_fn_probabilities': 'resample_data_or_seg_to_shape', 'resampling_fn_probabilities_kwargs': {'is_seg': False, 'order': 1, 'order_z': 0, 'force_separate_z': None}, 'batch_dice': True} 

These are the global plan.json settings:
 {'dataset_name': 'Dataset501_ARCADE', 'plans_name': 'nnUNetPlans', 'original_median_spacing_after_transp': [999.0, 1.0, 1.0], 'original_median_shape_after_transp': [1, 512, 512], 'image_reader_writer': 'NaturalImage2DIO', 'transpose_forward': [0, 1, 2], 'transpose_backward': [0, 1, 2], 'experiment_planner_used': 'ExperimentPlanner', 'label_manager': 'LabelManager', 'foreground_intensity_properties_per_channel': {'0': {'max': 255.0, 'mean': 98.67886352539062, 'median': 96.0, 'min': 0.0, 'percentile_00_5': 32.0, 'percentile_99_5': 186.0, 'std': 31.84078025817871}}} 

2026-06-30 22:13:17.765159: unpacking dataset...
2026-06-30 22:13:21.653105: unpacking done...
2026-06-30 22:13:21.653534: do_dummy_2d_data_aug: False
2026-06-30 22:13:21.659995: Using splits from existing split file: /gpfs/home1/yhussein/LightM-UNet/data/nnUNet_preprocessed/Dataset501_ARCADE/splits_final.json
2026-06-30 22:13:21.660323: The split file contains 1 splits.
2026-06-30 22:13:21.660391: Desired fold for training: 0
2026-06-30 22:13:21.660441: This split has 1000 training and 200 validation cases.
2026-06-30 22:13:21.679431: Skipping network architecture plot because ENETUSC_SKIP_ARCH_PLOT=1
2026-06-30 22:13:21.691035: 
2026-06-30 22:13:21.691138: Epoch 0
2026-06-30 22:13:21.691245: Current learning rate: 0.001
using pin_memory on device 0
using pin_memory on device 0
2026-06-30 22:13:53.959322: train_loss 0.3013
2026-06-30 22:13:53.959602: val_loss -0.0193
2026-06-30 22:13:53.959728: Pseudo dice [0.0, 0.0, 0.0]
2026-06-30 22:13:53.959840: Epoch time: 32.27 s
2026-06-30 22:13:53.959925: Yayy! New best EMA pseudo Dice: 0.0
2026-06-30 22:13:53.959996: No checkpoint written, checkpointing is disabled
2026-06-30 22:13:54.943302: 
2026-06-30 22:13:54.943444: Epoch 1
2026-06-30 22:13:54.943543: Current learning rate: 0.00094
2026-06-30 22:14:24.302655: train_loss -0.0516
2026-06-30 22:14:24.302855: val_loss -0.0817
2026-06-30 22:14:24.302961: Pseudo dice [0.2056, 0.338, 0.0029]
2026-06-30 22:14:24.303047: Epoch time: 29.36 s
2026-06-30 22:14:24.303128: Yayy! New best EMA pseudo Dice: 0.0182
2026-06-30 22:14:24.303190: No checkpoint written, checkpointing is disabled
2026-06-30 22:14:25.461886: 
2026-06-30 22:14:25.462047: Epoch 2
2026-06-30 22:14:25.462685: Current learning rate: 0.00088
2026-06-30 22:14:54.782177: train_loss -0.1113
2026-06-30 22:14:54.782401: val_loss -0.1368
2026-06-30 22:14:54.782504: Pseudo dice [0.0028, 0.5583, 0.1625]
2026-06-30 22:14:54.782596: Epoch time: 29.32 s
2026-06-30 22:14:54.782667: Yayy! New best EMA pseudo Dice: 0.0405
2026-06-30 22:14:54.782728: No checkpoint written, checkpointing is disabled
2026-06-30 22:14:55.946048: 
2026-06-30 22:14:55.946212: Epoch 3
2026-06-30 22:14:55.946323: Current learning rate: 0.00082
2026-06-30 22:15:25.331021: train_loss -0.1951
2026-06-30 22:15:25.331230: val_loss -0.189
2026-06-30 22:15:25.331336: Pseudo dice [0.3463, 0.5111, 0.1856]
2026-06-30 22:15:25.331424: Epoch time: 29.39 s
2026-06-30 22:15:25.331496: Yayy! New best EMA pseudo Dice: 0.0712
2026-06-30 22:15:25.331557: No checkpoint written, checkpointing is disabled
2026-06-30 22:15:26.492013: 
2026-06-30 22:15:26.492167: Epoch 4
2026-06-30 22:15:26.492263: Current learning rate: 0.00076
2026-06-30 22:15:55.899898: train_loss -0.2512
2026-06-30 22:15:55.900110: val_loss -0.2041
2026-06-30 22:15:55.900214: Pseudo dice [0.4465, 0.5708, 0.0663]
2026-06-30 22:15:55.900304: Epoch time: 29.41 s
2026-06-30 22:15:55.900375: Yayy! New best EMA pseudo Dice: 0.1002
2026-06-30 22:15:55.900436: No checkpoint written, checkpointing is disabled
2026-06-30 22:15:57.071642: 
2026-06-30 22:15:57.071795: Epoch 5
2026-06-30 22:15:57.071894: Current learning rate: 0.00069
2026-06-30 22:16:26.513674: train_loss -0.2827
2026-06-30 22:16:26.513865: val_loss -0.3053
2026-06-30 22:16:26.513968: Pseudo dice [0.453, 0.6995, 0.0392]
2026-06-30 22:16:26.514053: Epoch time: 29.44 s
2026-06-30 22:16:26.514136: Yayy! New best EMA pseudo Dice: 0.1299
2026-06-30 22:16:26.514197: No checkpoint written, checkpointing is disabled
2026-06-30 22:16:27.659120: 
2026-06-30 22:16:27.659279: Epoch 6
2026-06-30 22:16:27.659374: Current learning rate: 0.00063
2026-06-30 22:16:57.115109: train_loss -0.3195
2026-06-30 22:16:57.115303: val_loss -0.3534
2026-06-30 22:16:57.115400: Pseudo dice [0.5186, 0.7613, 0.0866]
2026-06-30 22:16:57.115486: Epoch time: 29.46 s
2026-06-30 22:16:57.115557: Yayy! New best EMA pseudo Dice: 0.1625
2026-06-30 22:16:57.115615: No checkpoint written, checkpointing is disabled
2026-06-30 22:16:58.256611: 
2026-06-30 22:16:58.256767: Epoch 7
2026-06-30 22:16:58.256864: Current learning rate: 0.00057
2026-06-30 22:17:27.621089: train_loss -0.3364
2026-06-30 22:17:27.621296: val_loss -0.3769
2026-06-30 22:17:27.621395: Pseudo dice [0.4992, 0.7787, 0.1851]
2026-06-30 22:17:27.621481: Epoch time: 29.37 s
2026-06-30 22:17:27.621550: Yayy! New best EMA pseudo Dice: 0.195
2026-06-30 22:17:27.621612: No checkpoint written, checkpointing is disabled
2026-06-30 22:17:28.766827: 
2026-06-30 22:17:28.766981: Epoch 8
2026-06-30 22:17:28.767084: Current learning rate: 0.0005
2026-06-30 22:17:58.121181: train_loss -0.3445
2026-06-30 22:17:58.121371: val_loss -0.3707
2026-06-30 22:17:58.121471: Pseudo dice [0.5682, 0.7517, 0.2504]
2026-06-30 22:17:58.121557: Epoch time: 29.36 s
2026-06-30 22:17:58.121627: Yayy! New best EMA pseudo Dice: 0.2278
2026-06-30 22:17:58.121687: No checkpoint written, checkpointing is disabled
2026-06-30 22:17:59.274800: 
2026-06-30 22:17:59.274950: Epoch 9
2026-06-30 22:17:59.275045: Current learning rate: 0.00044
2026-06-30 22:18:28.700717: train_loss -0.3896
2026-06-30 22:18:28.700904: val_loss -0.4853
2026-06-30 22:18:28.701006: Pseudo dice [0.5968, 0.7665, 0.5451]
2026-06-30 22:18:28.701101: Epoch time: 29.43 s
2026-06-30 22:18:28.701176: Yayy! New best EMA pseudo Dice: 0.2687
2026-06-30 22:18:28.701236: No checkpoint written, checkpointing is disabled
2026-06-30 22:18:29.830048: 
2026-06-30 22:18:29.830232: Epoch 10
2026-06-30 22:18:29.830331: Current learning rate: 0.00037
2026-06-30 22:18:59.258952: train_loss -0.454
2026-06-30 22:18:59.259152: val_loss -0.5702
2026-06-30 22:18:59.259257: Pseudo dice [0.6484, 0.7961, 0.6224]
2026-06-30 22:18:59.259340: Epoch time: 29.43 s
2026-06-30 22:18:59.259409: Yayy! New best EMA pseudo Dice: 0.3107
2026-06-30 22:18:59.259468: No checkpoint written, checkpointing is disabled
2026-06-30 22:19:00.390927: 
2026-06-30 22:19:00.391623: Epoch 11
2026-06-30 22:19:00.391735: Current learning rate: 0.0003
2026-06-30 22:19:29.796524: train_loss -0.4745
2026-06-30 22:19:29.796710: val_loss -0.5502
2026-06-30 22:19:29.796812: Pseudo dice [0.6465, 0.781, 0.6106]
2026-06-30 22:19:29.796898: Epoch time: 29.41 s
2026-06-30 22:19:29.796968: Yayy! New best EMA pseudo Dice: 0.3476
2026-06-30 22:19:29.797027: No checkpoint written, checkpointing is disabled
2026-06-30 22:19:30.935896: 
2026-06-30 22:19:30.936056: Epoch 12
2026-06-30 22:19:30.936162: Current learning rate: 0.00023
2026-06-30 22:20:00.330437: train_loss -0.4988
2026-06-30 22:20:00.330648: val_loss -0.5721
2026-06-30 22:20:00.330750: Pseudo dice [0.6482, 0.8025, 0.635]
2026-06-30 22:20:00.330844: Epoch time: 29.4 s
2026-06-30 22:20:00.330916: Yayy! New best EMA pseudo Dice: 0.3823
2026-06-30 22:20:00.330976: No checkpoint written, checkpointing is disabled
2026-06-30 22:20:01.478580: 
2026-06-30 22:20:01.478730: Epoch 13
2026-06-30 22:20:01.478823: Current learning rate: 0.00016
2026-06-30 22:20:30.826297: train_loss -0.5143
2026-06-30 22:20:30.826481: val_loss -0.5638
2026-06-30 22:20:30.826581: Pseudo dice [0.6582, 0.7955, 0.6465]
2026-06-30 22:20:30.826665: Epoch time: 29.35 s
2026-06-30 22:20:30.826734: Yayy! New best EMA pseudo Dice: 0.4141
2026-06-30 22:20:30.826794: No checkpoint written, checkpointing is disabled
2026-06-30 22:20:31.955862: 
2026-06-30 22:20:31.956060: Epoch 14
2026-06-30 22:20:31.956179: Current learning rate: 9e-05
2026-06-30 22:21:01.290087: train_loss -0.5312
2026-06-30 22:21:01.290277: val_loss -0.594
2026-06-30 22:21:01.290379: Pseudo dice [0.6806, 0.7973, 0.6639]
2026-06-30 22:21:01.290465: Epoch time: 29.34 s
2026-06-30 22:21:01.290534: Yayy! New best EMA pseudo Dice: 0.4441
2026-06-30 22:21:01.290594: No checkpoint written, checkpointing is disabled
2026-06-30 22:21:02.425970: No checkpoint written, checkpointing is disabled
2026-06-30 22:21:02.492303: Training done.
2026-06-30 22:21:02.493223: Skipping final full validation because ENETUSC_SKIP_FINAL_VALIDATION=1


=== EU6 fully_scaled ===
channels: (24, 96, 96, 192, 256)
params:   1.351M  (+42.3% vs EU0)
results: /home/yhussein/LightM-UNet/data/nnUNET_results_pareto/enet_upscaled_e15/EU6_fully_scaled
command: nnUNetv2_train 501 2d 0 -tr nnUNetTrainerENetUpscaled
/home/yhussein/conda-envs/lightmunet/lib/python3.10/site-packages/monai/utils/module.py:396: UserWarning: pkg_resources is deprecated as an API. See https://setuptools.pypa.io/en/latest/pkg_resources.html. The pkg_resources package is slated for removal as early as 2025-11-30. Refrain from using this package or pin to Setuptools<81.
  pkg = __import__(module)  # top level module
Using device: cuda:0

#######################################################################
Please cite the following paper when using nnU-Net:
Isensee, F., Jaeger, P. F., Kohl, S. A., Petersen, J., & Maier-Hein, K. H. (2021). nnU-Net: a self-configuring method for deep learning-based biomedical image segmentation. Nature methods, 18(2), 203-211.
#######################################################################


This is the configuration used by this training:
Configuration name: 2d
 {'data_identifier': 'nnUNetPlans_2d', 'preprocessor_name': 'DefaultPreprocessor', 'batch_size': 4, 'patch_size': [512, 512], 'median_image_size_in_voxels': [512.0, 512.0], 'spacing': [1.0, 1.0], 'normalization_schemes': ['ZScoreNormalization'], 'use_mask_for_norm': [False], 'UNet_class_name': 'PlainConvUNet', 'UNet_base_num_features': 32, 'n_conv_per_stage_encoder': [2, 2, 2, 2, 2, 2, 2, 2], 'n_conv_per_stage_decoder': [2, 2, 2, 2, 2, 2, 2], 'num_pool_per_axis': [7, 7], 'pool_op_kernel_sizes': [[1, 1], [2, 2], [2, 2], [2, 2], [2, 2], [2, 2], [2, 2], [2, 2]], 'conv_kernel_sizes': [[3, 3], [3, 3], [3, 3], [3, 3], [3, 3], [3, 3], [3, 3], [3, 3]], 'unet_max_num_features': 512, 'resampling_fn_data': 'resample_data_or_seg_to_shape', 'resampling_fn_seg': 'resample_data_or_seg_to_shape', 'resampling_fn_data_kwargs': {'is_seg': False, 'order': 3, 'order_z': 0, 'force_separate_z': None}, 'resampling_fn_seg_kwargs': {'is_seg': True, 'order': 1, 'order_z': 0, 'force_separate_z': None}, 'resampling_fn_probabilities': 'resample_data_or_seg_to_shape', 'resampling_fn_probabilities_kwargs': {'is_seg': False, 'order': 1, 'order_z': 0, 'force_separate_z': None}, 'batch_dice': True} 

These are the global plan.json settings:
 {'dataset_name': 'Dataset501_ARCADE', 'plans_name': 'nnUNetPlans', 'original_median_spacing_after_transp': [999.0, 1.0, 1.0], 'original_median_shape_after_transp': [1, 512, 512], 'image_reader_writer': 'NaturalImage2DIO', 'transpose_forward': [0, 1, 2], 'transpose_backward': [0, 1, 2], 'experiment_planner_used': 'ExperimentPlanner', 'label_manager': 'LabelManager', 'foreground_intensity_properties_per_channel': {'0': {'max': 255.0, 'mean': 98.67886352539062, 'median': 96.0, 'min': 0.0, 'percentile_00_5': 32.0, 'percentile_99_5': 186.0, 'std': 31.84078025817871}}} 

2026-06-30 22:21:09.123309: unpacking dataset...
2026-06-30 22:21:13.011740: unpacking done...
2026-06-30 22:21:13.012164: do_dummy_2d_data_aug: False
2026-06-30 22:21:13.019952: Using splits from existing split file: /gpfs/home1/yhussein/LightM-UNet/data/nnUNet_preprocessed/Dataset501_ARCADE/splits_final.json
2026-06-30 22:21:13.020282: The split file contains 1 splits.
2026-06-30 22:21:13.020350: Desired fold for training: 0
2026-06-30 22:21:13.020400: This split has 1000 training and 200 validation cases.
2026-06-30 22:21:13.039468: Skipping network architecture plot because ENETUSC_SKIP_ARCH_PLOT=1
2026-06-30 22:21:13.050560: 
2026-06-30 22:21:13.050661: Epoch 0
2026-06-30 22:21:13.050759: Current learning rate: 0.001
using pin_memory on device 0
using pin_memory on device 0
2026-06-30 22:21:46.487263: train_loss 0.2362
2026-06-30 22:21:46.487536: val_loss -0.0377
2026-06-30 22:21:46.487660: Pseudo dice [0.0002, 0.0, 0.0]
2026-06-30 22:21:46.487767: Epoch time: 33.44 s
2026-06-30 22:21:46.487849: Yayy! New best EMA pseudo Dice: 0.0001
2026-06-30 22:21:46.487924: No checkpoint written, checkpointing is disabled
2026-06-30 22:21:47.468871: 
2026-06-30 22:21:47.469032: Epoch 1
2026-06-30 22:21:47.469158: Current learning rate: 0.00094
2026-06-30 22:22:18.239803: train_loss -0.0712
2026-06-30 22:22:18.240022: val_loss -0.0943
2026-06-30 22:22:18.240145: Pseudo dice [0.1429, 0.3738, 0.0003]
2026-06-30 22:22:18.240236: Epoch time: 30.77 s
2026-06-30 22:22:18.240310: Yayy! New best EMA pseudo Dice: 0.0173
2026-06-30 22:22:18.240372: No checkpoint written, checkpointing is disabled
2026-06-30 22:22:19.400431: 
2026-06-30 22:22:19.401044: Epoch 2
2026-06-30 22:22:19.401158: Current learning rate: 0.00088
2026-06-30 22:22:50.089368: train_loss -0.1494
2026-06-30 22:22:50.089574: val_loss -0.2549
2026-06-30 22:22:50.089684: Pseudo dice [0.3808, 0.6548, 0.1748]
2026-06-30 22:22:50.089771: Epoch time: 30.69 s
2026-06-30 22:22:50.089842: Yayy! New best EMA pseudo Dice: 0.0559
2026-06-30 22:22:50.089902: No checkpoint written, checkpointing is disabled
2026-06-30 22:22:51.262855: 
2026-06-30 22:22:51.263003: Epoch 3
2026-06-30 22:22:51.263103: Current learning rate: 0.00082
2026-06-30 22:23:21.984449: train_loss -0.2604
2026-06-30 22:23:21.984644: val_loss -0.2896
2026-06-30 22:23:21.984746: Pseudo dice [0.4469, 0.673, 0.1539]
2026-06-30 22:23:21.984833: Epoch time: 30.72 s
2026-06-30 22:23:21.984913: Yayy! New best EMA pseudo Dice: 0.0928
2026-06-30 22:23:21.984973: No checkpoint written, checkpointing is disabled
2026-06-30 22:23:23.124952: 
2026-06-30 22:23:23.125123: Epoch 4
2026-06-30 22:23:23.125239: Current learning rate: 0.00076
2026-06-30 22:23:53.787693: train_loss -0.2847
2026-06-30 22:23:53.787896: val_loss -0.3226
2026-06-30 22:23:53.787998: Pseudo dice [0.5018, 0.6928, 0.0622]
2026-06-30 22:23:53.788091: Epoch time: 30.67 s
2026-06-30 22:23:53.788164: Yayy! New best EMA pseudo Dice: 0.1254
2026-06-30 22:23:53.788224: No checkpoint written, checkpointing is disabled
2026-06-30 22:23:54.944034: 
2026-06-30 22:23:54.944187: Epoch 5
2026-06-30 22:23:54.944283: Current learning rate: 0.00069
2026-06-30 22:24:25.610324: train_loss -0.3093
2026-06-30 22:24:25.610529: val_loss -0.2953
2026-06-30 22:24:25.610631: Pseudo dice [0.5051, 0.657, 0.1993]
2026-06-30 22:24:25.610716: Epoch time: 30.67 s
2026-06-30 22:24:25.610789: Yayy! New best EMA pseudo Dice: 0.1582
2026-06-30 22:24:25.610850: No checkpoint written, checkpointing is disabled
2026-06-30 22:24:26.739585: 
2026-06-30 22:24:26.739751: Epoch 6
2026-06-30 22:24:26.739850: Current learning rate: 0.00063
2026-06-30 22:24:57.474626: train_loss -0.3399
2026-06-30 22:24:57.474821: val_loss -0.4801
2026-06-30 22:24:57.474922: Pseudo dice [0.5852, 0.7756, 0.5275]
2026-06-30 22:24:57.475009: Epoch time: 30.74 s
2026-06-30 22:24:57.475090: Yayy! New best EMA pseudo Dice: 0.2054
2026-06-30 22:24:57.475151: No checkpoint written, checkpointing is disabled
2026-06-30 22:24:58.631277: 
2026-06-30 22:24:58.631430: Epoch 7
2026-06-30 22:24:58.631527: Current learning rate: 0.00057
2026-06-30 22:25:29.309095: train_loss -0.426
2026-06-30 22:25:29.309280: val_loss -0.4757
2026-06-30 22:25:29.309381: Pseudo dice [0.5975, 0.7538, 0.5386]
2026-06-30 22:25:29.309466: Epoch time: 30.68 s
2026-06-30 22:25:29.309535: Yayy! New best EMA pseudo Dice: 0.2478
2026-06-30 22:25:29.309593: No checkpoint written, checkpointing is disabled
2026-06-30 22:25:30.459829: 
2026-06-30 22:25:30.459980: Epoch 8
2026-06-30 22:25:30.460084: Current learning rate: 0.0005
2026-06-30 22:26:01.135207: train_loss -0.4626
2026-06-30 22:26:01.135401: val_loss -0.537
2026-06-30 22:26:01.135503: Pseudo dice [0.6347, 0.7981, 0.5901]
2026-06-30 22:26:01.135589: Epoch time: 30.68 s
2026-06-30 22:26:01.135658: Yayy! New best EMA pseudo Dice: 0.2905
2026-06-30 22:26:01.135717: No checkpoint written, checkpointing is disabled
2026-06-30 22:26:02.302332: 
2026-06-30 22:26:02.302484: Epoch 9
2026-06-30 22:26:02.302579: Current learning rate: 0.00044
2026-06-30 22:26:32.969488: train_loss -0.49
2026-06-30 22:26:32.969687: val_loss -0.5509
2026-06-30 22:26:32.969786: Pseudo dice [0.6474, 0.7904, 0.61]
2026-06-30 22:26:32.969868: Epoch time: 30.67 s
2026-06-30 22:26:32.969939: Yayy! New best EMA pseudo Dice: 0.3297
2026-06-30 22:26:32.969996: No checkpoint written, checkpointing is disabled
2026-06-30 22:26:34.100340: 
2026-06-30 22:26:34.100494: Epoch 10
2026-06-30 22:26:34.100590: Current learning rate: 0.00037
2026-06-30 22:27:04.810048: train_loss -0.5119
2026-06-30 22:27:04.810255: val_loss -0.5691
2026-06-30 22:27:04.810356: Pseudo dice [0.6711, 0.7746, 0.6258]
2026-06-30 22:27:04.810441: Epoch time: 30.71 s
2026-06-30 22:27:04.810512: Yayy! New best EMA pseudo Dice: 0.3658
2026-06-30 22:27:04.810571: No checkpoint written, checkpointing is disabled
2026-06-30 22:27:05.960648: 
2026-06-30 22:27:05.961334: Epoch 11
2026-06-30 22:27:05.961442: Current learning rate: 0.0003
2026-06-30 22:27:36.684163: train_loss -0.5177
2026-06-30 22:27:36.684357: val_loss -0.5921
2026-06-30 22:27:36.684460: Pseudo dice [0.6642, 0.8064, 0.6709]
2026-06-30 22:27:36.684548: Epoch time: 30.73 s
2026-06-30 22:27:36.684620: Yayy! New best EMA pseudo Dice: 0.4006
2026-06-30 22:27:36.684679: No checkpoint written, checkpointing is disabled
2026-06-30 22:27:37.822076: 
2026-06-30 22:27:37.822224: Epoch 12
2026-06-30 22:27:37.822320: Current learning rate: 0.00023
2026-06-30 22:28:08.495591: train_loss -0.5495
2026-06-30 22:28:08.495780: val_loss -0.59
2026-06-30 22:28:08.495880: Pseudo dice [0.6639, 0.7919, 0.6459]
2026-06-30 22:28:08.495969: Epoch time: 30.68 s
2026-06-30 22:28:08.496041: Yayy! New best EMA pseudo Dice: 0.4306
2026-06-30 22:28:08.496109: No checkpoint written, checkpointing is disabled
2026-06-30 22:28:09.645927: 
2026-06-30 22:28:09.646084: Epoch 13
2026-06-30 22:28:09.646182: Current learning rate: 0.00016
2026-06-30 22:28:40.325551: train_loss -0.5561
2026-06-30 22:28:40.325752: val_loss -0.6149
2026-06-30 22:28:40.325857: Pseudo dice [0.6975, 0.8127, 0.6808]
2026-06-30 22:28:40.325943: Epoch time: 30.68 s
2026-06-30 22:28:40.326013: Yayy! New best EMA pseudo Dice: 0.4606
2026-06-30 22:28:40.326079: No checkpoint written, checkpointing is disabled
2026-06-30 22:28:41.457814: 
2026-06-30 22:28:41.457967: Epoch 14
2026-06-30 22:28:41.458073: Current learning rate: 9e-05
2026-06-30 22:29:12.119826: train_loss -0.5714
2026-06-30 22:29:12.120028: val_loss -0.6237
2026-06-30 22:29:12.120153: Pseudo dice [0.6983, 0.8069, 0.6886]
2026-06-30 22:29:12.120239: Epoch time: 30.66 s
2026-06-30 22:29:12.120310: Yayy! New best EMA pseudo Dice: 0.4876
2026-06-30 22:29:12.120369: No checkpoint written, checkpointing is disabled
2026-06-30 22:29:13.259635: No checkpoint written, checkpointing is disabled
2026-06-30 22:29:13.326219: Training done.
2026-06-30 22:29:13.327380: Skipping final full validation because ENETUSC_SKIP_FINAL_VALIDATION=1


=== EU7 highres_flat ===
channels: (24, 96, 144, 144, 256)
params:   1.259M  (+32.6% vs EU0)
results: /home/yhussein/LightM-UNet/data/nnUNET_results_pareto/enet_upscaled_e15/EU7_highres_flat
command: nnUNetv2_train 501 2d 0 -tr nnUNetTrainerENetUpscaled
/home/yhussein/conda-envs/lightmunet/lib/python3.10/site-packages/monai/utils/module.py:396: UserWarning: pkg_resources is deprecated as an API. See https://setuptools.pypa.io/en/latest/pkg_resources.html. The pkg_resources package is slated for removal as early as 2025-11-30. Refrain from using this package or pin to Setuptools<81.
  pkg = __import__(module)  # top level module
Using device: cuda:0

#######################################################################
Please cite the following paper when using nnU-Net:
Isensee, F., Jaeger, P. F., Kohl, S. A., Petersen, J., & Maier-Hein, K. H. (2021). nnU-Net: a self-configuring method for deep learning-based biomedical image segmentation. Nature methods, 18(2), 203-211.
#######################################################################


This is the configuration used by this training:
Configuration name: 2d
 {'data_identifier': 'nnUNetPlans_2d', 'preprocessor_name': 'DefaultPreprocessor', 'batch_size': 4, 'patch_size': [512, 512], 'median_image_size_in_voxels': [512.0, 512.0], 'spacing': [1.0, 1.0], 'normalization_schemes': ['ZScoreNormalization'], 'use_mask_for_norm': [False], 'UNet_class_name': 'PlainConvUNet', 'UNet_base_num_features': 32, 'n_conv_per_stage_encoder': [2, 2, 2, 2, 2, 2, 2, 2], 'n_conv_per_stage_decoder': [2, 2, 2, 2, 2, 2, 2], 'num_pool_per_axis': [7, 7], 'pool_op_kernel_sizes': [[1, 1], [2, 2], [2, 2], [2, 2], [2, 2], [2, 2], [2, 2], [2, 2]], 'conv_kernel_sizes': [[3, 3], [3, 3], [3, 3], [3, 3], [3, 3], [3, 3], [3, 3], [3, 3]], 'unet_max_num_features': 512, 'resampling_fn_data': 'resample_data_or_seg_to_shape', 'resampling_fn_seg': 'resample_data_or_seg_to_shape', 'resampling_fn_data_kwargs': {'is_seg': False, 'order': 3, 'order_z': 0, 'force_separate_z': None}, 'resampling_fn_seg_kwargs': {'is_seg': True, 'order': 1, 'order_z': 0, 'force_separate_z': None}, 'resampling_fn_probabilities': 'resample_data_or_seg_to_shape', 'resampling_fn_probabilities_kwargs': {'is_seg': False, 'order': 1, 'order_z': 0, 'force_separate_z': None}, 'batch_dice': True} 

These are the global plan.json settings:
 {'dataset_name': 'Dataset501_ARCADE', 'plans_name': 'nnUNetPlans', 'original_median_spacing_after_transp': [999.0, 1.0, 1.0], 'original_median_shape_after_transp': [1, 512, 512], 'image_reader_writer': 'NaturalImage2DIO', 'transpose_forward': [0, 1, 2], 'transpose_backward': [0, 1, 2], 'experiment_planner_used': 'ExperimentPlanner', 'label_manager': 'LabelManager', 'foreground_intensity_properties_per_channel': {'0': {'max': 255.0, 'mean': 98.67886352539062, 'median': 96.0, 'min': 0.0, 'percentile_00_5': 32.0, 'percentile_99_5': 186.0, 'std': 31.84078025817871}}} 

2026-06-30 22:29:19.954842: unpacking dataset...
2026-06-30 22:29:23.844093: unpacking done...
2026-06-30 22:29:23.844517: do_dummy_2d_data_aug: False
2026-06-30 22:29:23.851073: Using splits from existing split file: /gpfs/home1/yhussein/LightM-UNet/data/nnUNet_preprocessed/Dataset501_ARCADE/splits_final.json
2026-06-30 22:29:23.851379: The split file contains 1 splits.
2026-06-30 22:29:23.851443: Desired fold for training: 0
2026-06-30 22:29:23.851494: This split has 1000 training and 200 validation cases.
2026-06-30 22:29:23.872111: Skipping network architecture plot because ENETUSC_SKIP_ARCH_PLOT=1
2026-06-30 22:29:23.883484: 
2026-06-30 22:29:23.883583: Epoch 0
2026-06-30 22:29:23.883688: Current learning rate: 0.001
using pin_memory on device 0
using pin_memory on device 0
2026-06-30 22:30:01.546905: train_loss 0.1423
2026-06-30 22:30:01.547185: val_loss -0.0367
2026-06-30 22:30:01.547302: Pseudo dice [0.0, 0.0, 0.0]
2026-06-30 22:30:01.547410: Epoch time: 37.67 s
2026-06-30 22:30:01.547501: Yayy! New best EMA pseudo Dice: 0.0
2026-06-30 22:30:01.547581: No checkpoint written, checkpointing is disabled
2026-06-30 22:30:02.552691: 
2026-06-30 22:30:02.552840: Epoch 1
2026-06-30 22:30:02.552939: Current learning rate: 0.00094
2026-06-30 22:30:37.252763: train_loss -0.0584
2026-06-30 22:30:37.252964: val_loss -0.0806
2026-06-30 22:30:37.253082: Pseudo dice [0.0, 0.0, 0.0]
2026-06-30 22:30:37.253172: Epoch time: 34.7 s
2026-06-30 22:30:37.253243: Yayy! New best EMA pseudo Dice: 0.0
2026-06-30 22:30:37.253304: No checkpoint written, checkpointing is disabled
2026-06-30 22:30:38.398271: 
2026-06-30 22:30:38.398433: Epoch 2
2026-06-30 22:30:38.399036: Current learning rate: 0.00088
2026-06-30 22:31:13.091097: train_loss -0.0847
2026-06-30 22:31:13.091313: val_loss -0.0819
2026-06-30 22:31:13.091423: Pseudo dice [0.0008, 0.0, 0.0]
2026-06-30 22:31:13.091513: Epoch time: 34.7 s
2026-06-30 22:31:13.091588: Yayy! New best EMA pseudo Dice: 0.0
2026-06-30 22:31:13.091655: No checkpoint written, checkpointing is disabled
2026-06-30 22:31:14.277619: 
2026-06-30 22:31:14.277773: Epoch 3
2026-06-30 22:31:14.277872: Current learning rate: 0.00082
2026-06-30 22:31:48.981126: train_loss -0.0953
2026-06-30 22:31:48.981317: val_loss -0.0978
2026-06-30 22:31:48.981420: Pseudo dice [0.0015, 0.0, 0.0]
2026-06-30 22:31:48.981505: Epoch time: 34.71 s
2026-06-30 22:31:48.981577: Yayy! New best EMA pseudo Dice: 0.0001
2026-06-30 22:31:48.981678: No checkpoint written, checkpointing is disabled
2026-06-30 22:31:50.139589: 
2026-06-30 22:31:50.139743: Epoch 4
2026-06-30 22:31:50.139839: Current learning rate: 0.00076
2026-06-30 22:32:24.825136: train_loss -0.1032
2026-06-30 22:32:24.825329: val_loss -0.1065
2026-06-30 22:32:24.825434: Pseudo dice [0.0028, 0.407, 0.0023]
2026-06-30 22:32:24.825522: Epoch time: 34.69 s
2026-06-30 22:32:24.825592: Yayy! New best EMA pseudo Dice: 0.0138
2026-06-30 22:32:24.825651: No checkpoint written, checkpointing is disabled
2026-06-30 22:32:26.000795: 
2026-06-30 22:32:26.000963: Epoch 5
2026-06-30 22:32:26.001062: Current learning rate: 0.00069
2026-06-30 22:33:00.626336: train_loss -0.1144
2026-06-30 22:33:00.626536: val_loss -0.1146
2026-06-30 22:33:00.626641: Pseudo dice [0.0099, 0.473, 0.0017]
2026-06-30 22:33:00.626731: Epoch time: 34.63 s
2026-06-30 22:33:00.626802: Yayy! New best EMA pseudo Dice: 0.0286
2026-06-30 22:33:00.626861: No checkpoint written, checkpointing is disabled
2026-06-30 22:33:01.765435: 
2026-06-30 22:33:01.765587: Epoch 6
2026-06-30 22:33:01.765685: Current learning rate: 0.00063
2026-06-30 22:33:36.424575: train_loss -0.1231
2026-06-30 22:33:36.424769: val_loss -0.1206
2026-06-30 22:33:36.424868: Pseudo dice [0.0279, 0.4611, 0.0027]
2026-06-30 22:33:36.424954: Epoch time: 34.66 s
2026-06-30 22:33:36.425026: Yayy! New best EMA pseudo Dice: 0.0421
2026-06-30 22:33:36.425092: No checkpoint written, checkpointing is disabled
2026-06-30 22:33:37.576105: 
2026-06-30 22:33:37.576252: Epoch 7
2026-06-30 22:33:37.576348: Current learning rate: 0.00057
2026-06-30 22:34:12.229563: train_loss -0.148
2026-06-30 22:34:12.229760: val_loss -0.1659
2026-06-30 22:34:12.229861: Pseudo dice [0.291, 0.4732, 0.1481]
2026-06-30 22:34:12.229948: Epoch time: 34.66 s
2026-06-30 22:34:12.230019: Yayy! New best EMA pseudo Dice: 0.0683
2026-06-30 22:34:12.230084: No checkpoint written, checkpointing is disabled
2026-06-30 22:34:13.373774: 
2026-06-30 22:34:13.373926: Epoch 8
2026-06-30 22:34:13.374027: Current learning rate: 0.0005
2026-06-30 22:34:48.038629: train_loss -0.2659
2026-06-30 22:34:48.038826: val_loss -0.3684
2026-06-30 22:34:48.038929: Pseudo dice [0.4008, 0.7772, 0.2847]
2026-06-30 22:34:48.039017: Epoch time: 34.67 s
2026-06-30 22:34:48.039097: Yayy! New best EMA pseudo Dice: 0.1102
2026-06-30 22:34:48.039155: No checkpoint written, checkpointing is disabled
2026-06-30 22:34:49.299458: 
2026-06-30 22:34:49.299608: Epoch 9
2026-06-30 22:34:49.299705: Current learning rate: 0.00044
2026-06-30 22:35:23.936507: train_loss -0.3179
2026-06-30 22:35:23.936695: val_loss -0.3848
2026-06-30 22:35:23.936794: Pseudo dice [0.469, 0.8041, 0.2094]
2026-06-30 22:35:23.936879: Epoch time: 34.64 s
2026-06-30 22:35:23.936950: Yayy! New best EMA pseudo Dice: 0.1486
2026-06-30 22:35:23.937008: No checkpoint written, checkpointing is disabled
2026-06-30 22:35:25.049988: 
2026-06-30 22:35:25.050146: Epoch 10
2026-06-30 22:35:25.050242: Current learning rate: 0.00037
2026-06-30 22:35:59.685179: train_loss -0.3465
2026-06-30 22:35:59.685366: val_loss -0.4152
2026-06-30 22:35:59.685466: Pseudo dice [0.5552, 0.8093, 0.0981]
2026-06-30 22:35:59.685549: Epoch time: 34.64 s
2026-06-30 22:35:59.685621: Yayy! New best EMA pseudo Dice: 0.1825
2026-06-30 22:35:59.685678: No checkpoint written, checkpointing is disabled
2026-06-30 22:36:00.809740: 
2026-06-30 22:36:00.809898: Epoch 11
2026-06-30 22:36:00.810502: Current learning rate: 0.0003
2026-06-30 22:36:35.407761: train_loss -0.3825
2026-06-30 22:36:35.407962: val_loss -0.4834
2026-06-30 22:36:35.408064: Pseudo dice [0.5647, 0.7814, 0.5022]
2026-06-30 22:36:35.408163: Epoch time: 34.6 s
2026-06-30 22:36:35.408235: Yayy! New best EMA pseudo Dice: 0.2259
2026-06-30 22:36:35.408296: No checkpoint written, checkpointing is disabled
2026-06-30 22:36:36.546847: 
2026-06-30 22:36:36.547000: Epoch 12
2026-06-30 22:36:36.547102: Current learning rate: 0.00023
2026-06-30 22:37:11.067911: train_loss -0.4501
2026-06-30 22:37:11.068103: val_loss -0.5289
2026-06-30 22:37:11.068206: Pseudo dice [0.6304, 0.8164, 0.535]
2026-06-30 22:37:11.068293: Epoch time: 34.52 s
2026-06-30 22:37:11.068365: Yayy! New best EMA pseudo Dice: 0.2693
2026-06-30 22:37:11.068423: No checkpoint written, checkpointing is disabled
2026-06-30 22:37:12.224220: 
2026-06-30 22:37:12.224371: Epoch 13
2026-06-30 22:37:12.224469: Current learning rate: 0.00016
2026-06-30 22:37:46.828722: train_loss -0.4994
2026-06-30 22:37:46.828911: val_loss -0.5876
2026-06-30 22:37:46.829010: Pseudo dice [0.6685, 0.829, 0.6145]
2026-06-30 22:37:46.829107: Epoch time: 34.61 s
2026-06-30 22:37:46.829209: Yayy! New best EMA pseudo Dice: 0.3128
2026-06-30 22:37:46.829281: No checkpoint written, checkpointing is disabled
2026-06-30 22:37:47.972744: 
2026-06-30 22:37:47.972906: Epoch 14
2026-06-30 22:37:47.973006: Current learning rate: 9e-05
2026-06-30 22:38:22.562025: train_loss -0.5283
2026-06-30 22:38:22.562231: val_loss -0.588
2026-06-30 22:38:22.562335: Pseudo dice [0.6641, 0.8282, 0.6507]
2026-06-30 22:38:22.562426: Epoch time: 34.59 s
2026-06-30 22:38:22.562498: Yayy! New best EMA pseudo Dice: 0.353
2026-06-30 22:38:22.562557: No checkpoint written, checkpointing is disabled
2026-06-30 22:38:23.724629: No checkpoint written, checkpointing is disabled
2026-06-30 22:38:23.793938: Training done.
2026-06-30 22:38:23.794832: Skipping final full validation because ENETUSC_SKIP_FINAL_VALIDATION=1


=== EU8 narrow_deep ===
channels: (16, 48, 48, 192, 288)
params:   1.291M  (+35.9% vs EU0)
results: /home/yhussein/LightM-UNet/data/nnUNET_results_pareto/enet_upscaled_e15/EU8_narrow_deep
command: nnUNetv2_train 501 2d 0 -tr nnUNetTrainerENetUpscaled
/home/yhussein/conda-envs/lightmunet/lib/python3.10/site-packages/monai/utils/module.py:396: UserWarning: pkg_resources is deprecated as an API. See https://setuptools.pypa.io/en/latest/pkg_resources.html. The pkg_resources package is slated for removal as early as 2025-11-30. Refrain from using this package or pin to Setuptools<81.
  pkg = __import__(module)  # top level module
Using device: cuda:0

#######################################################################
Please cite the following paper when using nnU-Net:
Isensee, F., Jaeger, P. F., Kohl, S. A., Petersen, J., & Maier-Hein, K. H. (2021). nnU-Net: a self-configuring method for deep learning-based biomedical image segmentation. Nature methods, 18(2), 203-211.
#######################################################################


This is the configuration used by this training:
Configuration name: 2d
 {'data_identifier': 'nnUNetPlans_2d', 'preprocessor_name': 'DefaultPreprocessor', 'batch_size': 4, 'patch_size': [512, 512], 'median_image_size_in_voxels': [512.0, 512.0], 'spacing': [1.0, 1.0], 'normalization_schemes': ['ZScoreNormalization'], 'use_mask_for_norm': [False], 'UNet_class_name': 'PlainConvUNet', 'UNet_base_num_features': 32, 'n_conv_per_stage_encoder': [2, 2, 2, 2, 2, 2, 2, 2], 'n_conv_per_stage_decoder': [2, 2, 2, 2, 2, 2, 2], 'num_pool_per_axis': [7, 7], 'pool_op_kernel_sizes': [[1, 1], [2, 2], [2, 2], [2, 2], [2, 2], [2, 2], [2, 2], [2, 2]], 'conv_kernel_sizes': [[3, 3], [3, 3], [3, 3], [3, 3], [3, 3], [3, 3], [3, 3], [3, 3]], 'unet_max_num_features': 512, 'resampling_fn_data': 'resample_data_or_seg_to_shape', 'resampling_fn_seg': 'resample_data_or_seg_to_shape', 'resampling_fn_data_kwargs': {'is_seg': False, 'order': 3, 'order_z': 0, 'force_separate_z': None}, 'resampling_fn_seg_kwargs': {'is_seg': True, 'order': 1, 'order_z': 0, 'force_separate_z': None}, 'resampling_fn_probabilities': 'resample_data_or_seg_to_shape', 'resampling_fn_probabilities_kwargs': {'is_seg': False, 'order': 1, 'order_z': 0, 'force_separate_z': None}, 'batch_dice': True} 

These are the global plan.json settings:
 {'dataset_name': 'Dataset501_ARCADE', 'plans_name': 'nnUNetPlans', 'original_median_spacing_after_transp': [999.0, 1.0, 1.0], 'original_median_shape_after_transp': [1, 512, 512], 'image_reader_writer': 'NaturalImage2DIO', 'transpose_forward': [0, 1, 2], 'transpose_backward': [0, 1, 2], 'experiment_planner_used': 'ExperimentPlanner', 'label_manager': 'LabelManager', 'foreground_intensity_properties_per_channel': {'0': {'max': 255.0, 'mean': 98.67886352539062, 'median': 96.0, 'min': 0.0, 'percentile_00_5': 32.0, 'percentile_99_5': 186.0, 'std': 31.84078025817871}}} 

2026-06-30 22:38:30.535396: unpacking dataset...
2026-06-30 22:38:34.478928: unpacking done...
2026-06-30 22:38:34.479363: do_dummy_2d_data_aug: False
2026-06-30 22:38:34.487712: Using splits from existing split file: /gpfs/home1/yhussein/LightM-UNet/data/nnUNet_preprocessed/Dataset501_ARCADE/splits_final.json
2026-06-30 22:38:34.488015: The split file contains 1 splits.
2026-06-30 22:38:34.488087: Desired fold for training: 0
2026-06-30 22:38:34.488141: This split has 1000 training and 200 validation cases.
2026-06-30 22:38:34.508059: Skipping network architecture plot because ENETUSC_SKIP_ARCH_PLOT=1
2026-06-30 22:38:34.520865: 
2026-06-30 22:38:34.520963: Epoch 0
2026-06-30 22:38:34.521071: Current learning rate: 0.001
using pin_memory on device 0
using pin_memory on device 0
2026-06-30 22:39:02.740832: train_loss 0.2167
2026-06-30 22:39:02.741132: val_loss -0.007
2026-06-30 22:39:02.741260: Pseudo dice [0.0, 0.0, 0.0]
2026-06-30 22:39:02.741366: Epoch time: 28.22 s
2026-06-30 22:39:02.741458: Yayy! New best EMA pseudo Dice: 0.0
2026-06-30 22:39:02.741546: No checkpoint written, checkpointing is disabled
2026-06-30 22:39:03.709042: 
2026-06-30 22:39:03.709199: Epoch 1
2026-06-30 22:39:03.709307: Current learning rate: 0.00094
2026-06-30 22:39:29.352853: train_loss -0.045
2026-06-30 22:39:29.353060: val_loss -0.0688
2026-06-30 22:39:29.353181: Pseudo dice [0.0, 0.0, 0.0]
2026-06-30 22:39:29.353270: Epoch time: 25.65 s
2026-06-30 22:39:30.471115: 
2026-06-30 22:39:30.471276: Epoch 2
2026-06-30 22:39:30.471374: Current learning rate: 0.00088
2026-06-30 22:39:55.983723: train_loss -0.0758
2026-06-30 22:39:55.983937: val_loss -0.0794
2026-06-30 22:39:55.984626: Pseudo dice [0.0, 0.0, 0.0]
2026-06-30 22:39:55.984728: Epoch time: 25.52 s
2026-06-30 22:39:57.130162: 
2026-06-30 22:39:57.130321: Epoch 3
2026-06-30 22:39:57.130418: Current learning rate: 0.00082
2026-06-30 22:40:22.540805: train_loss -0.0917
2026-06-30 22:40:22.541000: val_loss -0.0954
2026-06-30 22:40:22.541110: Pseudo dice [0.2044, 0.0, 0.0]
2026-06-30 22:40:22.541203: Epoch time: 25.41 s
2026-06-30 22:40:22.541277: Yayy! New best EMA pseudo Dice: 0.0068
2026-06-30 22:40:22.541337: No checkpoint written, checkpointing is disabled
2026-06-30 22:40:23.694450: 
2026-06-30 22:40:23.694603: Epoch 4
2026-06-30 22:40:23.694702: Current learning rate: 0.00076
2026-06-30 22:40:48.981853: train_loss -0.1056
2026-06-30 22:40:48.982047: val_loss -0.1202
2026-06-30 22:40:48.982153: Pseudo dice [0.2973, 0.3415, 0.0]
2026-06-30 22:40:48.982240: Epoch time: 25.29 s
2026-06-30 22:40:48.982312: Yayy! New best EMA pseudo Dice: 0.0274
2026-06-30 22:40:48.982371: No checkpoint written, checkpointing is disabled
2026-06-30 22:40:50.251162: 
2026-06-30 22:40:50.251311: Epoch 5
2026-06-30 22:40:50.251409: Current learning rate: 0.00069
2026-06-30 22:41:15.587140: train_loss -0.1328
2026-06-30 22:41:15.587333: val_loss -0.17
2026-06-30 22:41:15.587432: Pseudo dice [0.226, 0.6161, 0.026]
2026-06-30 22:41:15.587516: Epoch time: 25.34 s
2026-06-30 22:41:15.587584: Yayy! New best EMA pseudo Dice: 0.0536
2026-06-30 22:41:15.587642: No checkpoint written, checkpointing is disabled
2026-06-30 22:41:16.719690: 
2026-06-30 22:41:16.719843: Epoch 6
2026-06-30 22:41:16.719942: Current learning rate: 0.00063
2026-06-30 22:41:42.225217: train_loss -0.206
2026-06-30 22:41:42.225406: val_loss -0.2615
2026-06-30 22:41:42.225509: Pseudo dice [0.3721, 0.6909, 0.195]
2026-06-30 22:41:42.225596: Epoch time: 25.51 s
2026-06-30 22:41:42.225667: Yayy! New best EMA pseudo Dice: 0.0902
2026-06-30 22:41:42.225724: No checkpoint written, checkpointing is disabled
2026-06-30 22:41:43.353518: 
2026-06-30 22:41:43.353676: Epoch 7
2026-06-30 22:41:43.353774: Current learning rate: 0.00057
2026-06-30 22:42:08.967748: train_loss -0.2789
2026-06-30 22:42:08.967946: val_loss -0.2904
2026-06-30 22:42:08.968048: Pseudo dice [0.3561, 0.6707, 0.2674]
2026-06-30 22:42:08.968145: Epoch time: 25.62 s
2026-06-30 22:42:08.968233: Yayy! New best EMA pseudo Dice: 0.1243
2026-06-30 22:42:08.968292: No checkpoint written, checkpointing is disabled
2026-06-30 22:42:10.093258: 
2026-06-30 22:42:10.093412: Epoch 8
2026-06-30 22:42:10.093510: Current learning rate: 0.0005
2026-06-30 22:42:35.541326: train_loss -0.3055
2026-06-30 22:42:35.541520: val_loss -0.3652
2026-06-30 22:42:35.541620: Pseudo dice [0.4543, 0.792, 0.213]
2026-06-30 22:42:35.541706: Epoch time: 25.45 s
2026-06-30 22:42:35.541778: Yayy! New best EMA pseudo Dice: 0.1605
2026-06-30 22:42:35.541838: No checkpoint written, checkpointing is disabled
2026-06-30 22:42:36.681414: 
2026-06-30 22:42:36.681566: Epoch 9
2026-06-30 22:42:36.681662: Current learning rate: 0.00044
2026-06-30 22:43:02.139789: train_loss -0.3173
2026-06-30 22:43:02.139971: val_loss -0.3709
2026-06-30 22:43:02.140076: Pseudo dice [0.4873, 0.7948, 0.1892]
2026-06-30 22:43:02.140164: Epoch time: 25.46 s
2026-06-30 22:43:02.140234: Yayy! New best EMA pseudo Dice: 0.1935
2026-06-30 22:43:02.140293: No checkpoint written, checkpointing is disabled
2026-06-30 22:43:03.256514: 
2026-06-30 22:43:03.256684: Epoch 10
2026-06-30 22:43:03.256798: Current learning rate: 0.00037
2026-06-30 22:43:28.714856: train_loss -0.3337
2026-06-30 22:43:28.715042: val_loss -0.3748
2026-06-30 22:43:28.715164: Pseudo dice [0.5294, 0.8006, 0.1106]
2026-06-30 22:43:28.715254: Epoch time: 25.46 s
2026-06-30 22:43:28.715325: Yayy! New best EMA pseudo Dice: 0.2222
2026-06-30 22:43:28.715384: No checkpoint written, checkpointing is disabled
2026-06-30 22:43:29.832843: 
2026-06-30 22:43:29.832993: Epoch 11
2026-06-30 22:43:29.833094: Current learning rate: 0.0003
2026-06-30 22:43:55.239892: train_loss -0.3466
2026-06-30 22:43:55.240088: val_loss -0.3867
2026-06-30 22:43:55.240200: Pseudo dice [0.5404, 0.8016, 0.0788]
2026-06-30 22:43:55.240288: Epoch time: 25.41 s
2026-06-30 22:43:55.240361: Yayy! New best EMA pseudo Dice: 0.2473
2026-06-30 22:43:55.241013: No checkpoint written, checkpointing is disabled
2026-06-30 22:43:56.367407: 
2026-06-30 22:43:56.367560: Epoch 12
2026-06-30 22:43:56.367656: Current learning rate: 0.00023
2026-06-30 22:44:21.946014: train_loss -0.3657
2026-06-30 22:44:21.946212: val_loss -0.403
2026-06-30 22:44:21.946316: Pseudo dice [0.5581, 0.817, 0.1105]
2026-06-30 22:44:21.946403: Epoch time: 25.58 s
2026-06-30 22:44:21.946474: Yayy! New best EMA pseudo Dice: 0.2721
2026-06-30 22:44:21.946534: No checkpoint written, checkpointing is disabled
2026-06-30 22:44:23.089627: 
2026-06-30 22:44:23.089796: Epoch 13
2026-06-30 22:44:23.089911: Current learning rate: 0.00016
2026-06-30 22:44:48.566707: train_loss -0.3786
2026-06-30 22:44:48.566888: val_loss -0.3924
2026-06-30 22:44:48.566987: Pseudo dice [0.589, 0.8055, 0.1068]
2026-06-30 22:44:48.567075: Epoch time: 25.48 s
2026-06-30 22:44:48.567145: Yayy! New best EMA pseudo Dice: 0.2949
2026-06-30 22:44:48.567202: No checkpoint written, checkpointing is disabled
2026-06-30 22:44:49.686308: 
2026-06-30 22:44:49.686463: Epoch 14
2026-06-30 22:44:49.686558: Current learning rate: 9e-05
2026-06-30 22:45:15.035455: train_loss -0.3831
2026-06-30 22:45:15.035663: val_loss -0.4237
2026-06-30 22:45:15.035769: Pseudo dice [0.5542, 0.8242, 0.144]
2026-06-30 22:45:15.035862: Epoch time: 25.35 s
2026-06-30 22:45:15.035936: Yayy! New best EMA pseudo Dice: 0.3162
2026-06-30 22:45:15.035996: No checkpoint written, checkpointing is disabled
2026-06-30 22:45:16.284481: No checkpoint written, checkpointing is disabled
2026-06-30 22:45:16.350624: Training done.
2026-06-30 22:45:16.351580: Skipping final full validation because ENETUSC_SKIP_FINAL_VALIDATION=1


=== EU9 asym_stage3 ===
channels: (20, 72, 72, 144, 256)
params:   0.951M  (+0.1% vs EU0)
results: /home/yhussein/LightM-UNet/data/nnUNET_results_pareto/enet_upscaled_e15/EU9_asym_stage3
command: nnUNetv2_train 501 2d 0 -tr nnUNetTrainerENetUpscaled
/home/yhussein/conda-envs/lightmunet/lib/python3.10/site-packages/monai/utils/module.py:396: UserWarning: pkg_resources is deprecated as an API. See https://setuptools.pypa.io/en/latest/pkg_resources.html. The pkg_resources package is slated for removal as early as 2025-11-30. Refrain from using this package or pin to Setuptools<81.
  pkg = __import__(module)  # top level module
Using device: cuda:0

#######################################################################
Please cite the following paper when using nnU-Net:
Isensee, F., Jaeger, P. F., Kohl, S. A., Petersen, J., & Maier-Hein, K. H. (2021). nnU-Net: a self-configuring method for deep learning-based biomedical image segmentation. Nature methods, 18(2), 203-211.
#######################################################################


This is the configuration used by this training:
Configuration name: 2d
 {'data_identifier': 'nnUNetPlans_2d', 'preprocessor_name': 'DefaultPreprocessor', 'batch_size': 4, 'patch_size': [512, 512], 'median_image_size_in_voxels': [512.0, 512.0], 'spacing': [1.0, 1.0], 'normalization_schemes': ['ZScoreNormalization'], 'use_mask_for_norm': [False], 'UNet_class_name': 'PlainConvUNet', 'UNet_base_num_features': 32, 'n_conv_per_stage_encoder': [2, 2, 2, 2, 2, 2, 2, 2], 'n_conv_per_stage_decoder': [2, 2, 2, 2, 2, 2, 2], 'num_pool_per_axis': [7, 7], 'pool_op_kernel_sizes': [[1, 1], [2, 2], [2, 2], [2, 2], [2, 2], [2, 2], [2, 2], [2, 2]], 'conv_kernel_sizes': [[3, 3], [3, 3], [3, 3], [3, 3], [3, 3], [3, 3], [3, 3], [3, 3]], 'unet_max_num_features': 512, 'resampling_fn_data': 'resample_data_or_seg_to_shape', 'resampling_fn_seg': 'resample_data_or_seg_to_shape', 'resampling_fn_data_kwargs': {'is_seg': False, 'order': 3, 'order_z': 0, 'force_separate_z': None}, 'resampling_fn_seg_kwargs': {'is_seg': True, 'order': 1, 'order_z': 0, 'force_separate_z': None}, 'resampling_fn_probabilities': 'resample_data_or_seg_to_shape', 'resampling_fn_probabilities_kwargs': {'is_seg': False, 'order': 1, 'order_z': 0, 'force_separate_z': None}, 'batch_dice': True} 

These are the global plan.json settings:
 {'dataset_name': 'Dataset501_ARCADE', 'plans_name': 'nnUNetPlans', 'original_median_spacing_after_transp': [999.0, 1.0, 1.0], 'original_median_shape_after_transp': [1, 512, 512], 'image_reader_writer': 'NaturalImage2DIO', 'transpose_forward': [0, 1, 2], 'transpose_backward': [0, 1, 2], 'experiment_planner_used': 'ExperimentPlanner', 'label_manager': 'LabelManager', 'foreground_intensity_properties_per_channel': {'0': {'max': 255.0, 'mean': 98.67886352539062, 'median': 96.0, 'min': 0.0, 'percentile_00_5': 32.0, 'percentile_99_5': 186.0, 'std': 31.84078025817871}}} 

2026-06-30 22:45:23.046107: unpacking dataset...
2026-06-30 22:45:27.047610: unpacking done...
2026-06-30 22:45:27.048034: do_dummy_2d_data_aug: False
2026-06-30 22:45:27.054564: Using splits from existing split file: /gpfs/home1/yhussein/LightM-UNet/data/nnUNet_preprocessed/Dataset501_ARCADE/splits_final.json
2026-06-30 22:45:27.054866: The split file contains 1 splits.
2026-06-30 22:45:27.054931: Desired fold for training: 0
2026-06-30 22:45:27.054981: This split has 1000 training and 200 validation cases.
2026-06-30 22:45:27.074142: Skipping network architecture plot because ENETUSC_SKIP_ARCH_PLOT=1
2026-06-30 22:45:27.086853: 
2026-06-30 22:45:27.086951: Epoch 0
2026-06-30 22:45:27.087056: Current learning rate: 0.001
using pin_memory on device 0
using pin_memory on device 0
2026-06-30 22:45:58.054140: train_loss 0.3842
2026-06-30 22:45:58.054402: val_loss 0.0212
2026-06-30 22:45:58.054518: Pseudo dice [0.0, 0.1594, 0.0006]
2026-06-30 22:45:58.054621: Epoch time: 30.97 s
2026-06-30 22:45:58.054708: Yayy! New best EMA pseudo Dice: 0.0533
2026-06-30 22:45:58.054787: No checkpoint written, checkpointing is disabled
2026-06-30 22:45:59.046405: 
2026-06-30 22:45:59.046547: Epoch 1
2026-06-30 22:45:59.046642: Current learning rate: 0.00094
2026-06-30 22:46:27.195040: train_loss -0.0375
2026-06-30 22:46:27.195248: val_loss -0.0634
2026-06-30 22:46:27.195352: Pseudo dice [0.3358, 0.0087, 0.0411]
2026-06-30 22:46:27.195441: Epoch time: 28.15 s
2026-06-30 22:46:27.195514: Yayy! New best EMA pseudo Dice: 0.0609
2026-06-30 22:46:27.195574: No checkpoint written, checkpointing is disabled
2026-06-30 22:46:28.339228: 
2026-06-30 22:46:28.339858: Epoch 2
2026-06-30 22:46:28.339970: Current learning rate: 0.00088
2026-06-30 22:46:56.463587: train_loss -0.0791
2026-06-30 22:46:56.463782: val_loss -0.0887
2026-06-30 22:46:56.463894: Pseudo dice [0.3619, 0.0464, 0.0192]
2026-06-30 22:46:56.463982: Epoch time: 28.13 s
2026-06-30 22:46:56.464056: Yayy! New best EMA pseudo Dice: 0.069
2026-06-30 22:46:56.464123: No checkpoint written, checkpointing is disabled
2026-06-30 22:46:57.624336: 
2026-06-30 22:46:57.624490: Epoch 3
2026-06-30 22:46:57.624583: Current learning rate: 0.00082
2026-06-30 22:47:25.748348: train_loss -0.0971
2026-06-30 22:47:25.748546: val_loss -0.1072
2026-06-30 22:47:25.748652: Pseudo dice [0.05, 0.4742, 0.0026]
2026-06-30 22:47:25.748740: Epoch time: 28.13 s
2026-06-30 22:47:25.748813: Yayy! New best EMA pseudo Dice: 0.0797
2026-06-30 22:47:25.748873: No checkpoint written, checkpointing is disabled
2026-06-30 22:47:26.897693: 
2026-06-30 22:47:26.897843: Epoch 4
2026-06-30 22:47:26.897937: Current learning rate: 0.00076
2026-06-30 22:47:55.013141: train_loss -0.1098
2026-06-30 22:47:55.013333: val_loss -0.112
2026-06-30 22:47:55.013434: Pseudo dice [0.0233, 0.4594, 0.0038]
2026-06-30 22:47:55.013520: Epoch time: 28.12 s
2026-06-30 22:47:55.013590: Yayy! New best EMA pseudo Dice: 0.0879
2026-06-30 22:47:55.013650: No checkpoint written, checkpointing is disabled
2026-06-30 22:47:56.172865: 
2026-06-30 22:47:56.173020: Epoch 5
2026-06-30 22:47:56.173124: Current learning rate: 0.00069
2026-06-30 22:48:24.308212: train_loss -0.1141
2026-06-30 22:48:24.308406: val_loss -0.1181
2026-06-30 22:48:24.308506: Pseudo dice [0.0185, 0.3815, 0.0091]
2026-06-30 22:48:24.308590: Epoch time: 28.14 s
2026-06-30 22:48:24.308660: Yayy! New best EMA pseudo Dice: 0.0928
2026-06-30 22:48:24.308720: No checkpoint written, checkpointing is disabled
2026-06-30 22:48:25.445432: 
2026-06-30 22:48:25.445582: Epoch 6
2026-06-30 22:48:25.445681: Current learning rate: 0.00063
2026-06-30 22:48:53.509900: train_loss -0.1239
2026-06-30 22:48:53.510095: val_loss -0.1225
2026-06-30 22:48:53.510197: Pseudo dice [0.0357, 0.4467, 0.0084]
2026-06-30 22:48:53.510285: Epoch time: 28.07 s
2026-06-30 22:48:53.510355: Yayy! New best EMA pseudo Dice: 0.0999
2026-06-30 22:48:53.510413: No checkpoint written, checkpointing is disabled
2026-06-30 22:48:54.649523: 
2026-06-30 22:48:54.649679: Epoch 7
2026-06-30 22:48:54.649775: Current learning rate: 0.00057
2026-06-30 22:49:22.730705: train_loss -0.1291
2026-06-30 22:49:22.730889: val_loss -0.1229
2026-06-30 22:49:22.730991: Pseudo dice [0.0369, 0.5096, 0.0112]
2026-06-30 22:49:22.731085: Epoch time: 28.08 s
2026-06-30 22:49:22.731157: Yayy! New best EMA pseudo Dice: 0.1085
2026-06-30 22:49:22.731215: No checkpoint written, checkpointing is disabled
2026-06-30 22:49:23.864649: 
2026-06-30 22:49:23.864803: Epoch 8
2026-06-30 22:49:23.864899: Current learning rate: 0.0005
2026-06-30 22:49:51.923546: train_loss -0.1298
2026-06-30 22:49:51.923729: val_loss -0.13
2026-06-30 22:49:51.923831: Pseudo dice [0.0608, 0.4504, 0.02]
2026-06-30 22:49:51.923921: Epoch time: 28.06 s
2026-06-30 22:49:51.923990: Yayy! New best EMA pseudo Dice: 0.1153
2026-06-30 22:49:51.924049: No checkpoint written, checkpointing is disabled
2026-06-30 22:49:53.074079: 
2026-06-30 22:49:53.074243: Epoch 9
2026-06-30 22:49:53.074358: Current learning rate: 0.00044
2026-06-30 22:50:21.159570: train_loss -0.139
2026-06-30 22:50:21.159763: val_loss -0.1468
2026-06-30 22:50:21.159864: Pseudo dice [0.2483, 0.5894, 0.0895]
2026-06-30 22:50:21.159951: Epoch time: 28.09 s
2026-06-30 22:50:21.160020: Yayy! New best EMA pseudo Dice: 0.1347
2026-06-30 22:50:21.160085: No checkpoint written, checkpointing is disabled
2026-06-30 22:50:22.274864: 
2026-06-30 22:50:22.275022: Epoch 10
2026-06-30 22:50:22.275129: Current learning rate: 0.00037
2026-06-30 22:50:50.372226: train_loss -0.1666
2026-06-30 22:50:50.372411: val_loss -0.2374
2026-06-30 22:50:50.372511: Pseudo dice [0.3531, 0.5753, 0.2672]
2026-06-30 22:50:50.372597: Epoch time: 28.1 s
2026-06-30 22:50:50.372666: Yayy! New best EMA pseudo Dice: 0.1611
2026-06-30 22:50:50.372726: No checkpoint written, checkpointing is disabled
2026-06-30 22:50:51.506590: 
2026-06-30 22:50:51.507225: Epoch 11
2026-06-30 22:50:51.507333: Current learning rate: 0.0003
2026-06-30 22:51:19.596776: train_loss -0.2751
2026-06-30 22:51:19.596980: val_loss -0.3405
2026-06-30 22:51:19.597092: Pseudo dice [0.4348, 0.737, 0.2378]
2026-06-30 22:51:19.597183: Epoch time: 28.09 s
2026-06-30 22:51:19.597254: Yayy! New best EMA pseudo Dice: 0.192
2026-06-30 22:51:19.597314: No checkpoint written, checkpointing is disabled
2026-06-30 22:51:20.724925: 
2026-06-30 22:51:20.725091: Epoch 12
2026-06-30 22:51:20.725188: Current learning rate: 0.00023
2026-06-30 22:51:48.927507: train_loss -0.324
2026-06-30 22:51:48.927702: val_loss -0.3913
2026-06-30 22:51:48.927803: Pseudo dice [0.5337, 0.804, 0.0815]
2026-06-30 22:51:48.927889: Epoch time: 28.21 s
2026-06-30 22:51:48.927959: Yayy! New best EMA pseudo Dice: 0.2201
2026-06-30 22:51:48.928017: No checkpoint written, checkpointing is disabled
2026-06-30 22:51:52.778447: 
2026-06-30 22:51:52.924423: Epoch 13
2026-06-30 22:51:52.924549: Current learning rate: 0.00016
2026-06-30 22:52:21.096312: train_loss -0.357
2026-06-30 22:52:21.097219: val_loss -0.4161
2026-06-30 22:52:21.097325: Pseudo dice [0.5513, 0.8202, 0.1618]
2026-06-30 22:52:21.097414: Epoch time: 28.32 s
2026-06-30 22:52:21.097486: Yayy! New best EMA pseudo Dice: 0.2492
2026-06-30 22:52:21.097546: No checkpoint written, checkpointing is disabled
2026-06-30 22:52:22.226627: 
2026-06-30 22:52:22.226781: Epoch 14
2026-06-30 22:52:22.226880: Current learning rate: 9e-05
2026-06-30 22:52:50.411493: train_loss -0.3705
2026-06-30 22:52:50.411691: val_loss -0.4232
2026-06-30 22:52:50.411795: Pseudo dice [0.5455, 0.8206, 0.224]
2026-06-30 22:52:50.411881: Epoch time: 28.19 s
2026-06-30 22:52:50.411950: Yayy! New best EMA pseudo Dice: 0.2772
2026-06-30 22:52:50.412010: No checkpoint written, checkpointing is disabled
2026-06-30 22:52:51.547606: No checkpoint written, checkpointing is disabled
2026-06-30 22:52:51.612060: Training done.
2026-06-30 22:52:51.613012: Skipping final full validation because ENETUSC_SKIP_FINAL_VALIDATION=1


=== Summary ===
  EU0  params=0.950M  final_dice=0.7341666666666667  duration_s=458
  EU1  params=0.561M  final_dice=0.6992333333333334  duration_s=407
  EU2  params=1.466M  final_dice=0.7300333333333334  duration_s=525
  EU3  params=1.179M  final_dice=0.7277999999999999  duration_s=454
  EU4  params=1.044M  final_dice=0.7360000000000001  duration_s=476
  EU5  params=1.394M  final_dice=0.7139333333333333  duration_s=471
  EU6  params=1.351M  final_dice=0.7312666666666666  duration_s=491
  EU7  params=1.259M  final_dice=0.7143333333333334  duration_s=550
  EU8  params=1.291M  final_dice=0.5074666666666666  duration_s=412
  EU9  params=0.951M  final_dice=0.5300333333333332  duration_s=455
CSV: /home/yhussein/LightM-UNet/data/nnUNET_results_pareto/enet_upscaled_e15/summary.csv
Plot: /home/yhussein/LightM-UNet/data/nnUNET_results_pareto/enet_upscaled_e15/pareto_final_dice.png
=== ENetUpscaled Pareto sweep finished ===
Summary:
id,name,channels,params,params_m,param_increase_pct,final_dice,best_dice,momentum,acceleration,num_dice_epochs,mean_epoch_time_s,duration_s,returncode,hypothesis,pseudo_dice_by_epoch,log_file,results_root
EU0,baseline,"20,72,72,144,256",949776,0.949776,0.0,0.7341666666666667,0.7341666666666667,0.37680000000000013,0.009071428571428605,15,28.249333333333333,458.27660123305395,0,"ENetUpscaled reference: all five changes, original ENet channel widths",0.044067;0.100967;0.099567;0.096867;0.122400;0.161200;0.164633;0.357367;0.443600;0.614133;0.693067;0.710867;0.704067;0.716767;0.734167,,/home/yhussein/LightM-UNet/data/nnUNET_results_pareto/enet_upscaled_e15/EU0_baseline
EU1,narrow,"16,56,56,112,192",561193,0.561193,-40.913120567375884,0.6992333333333334,0.6992333333333334,0.24686666666666673,-0.021885714285714272,15,25.300666666666668,406.85203878593165,0,Narrow budget — test whether architecture improvement beats width,0.052300;0.167967;0.200667;0.373533;0.449167;0.465500;0.432933;0.452367;0.460500;0.483100;0.511467;0.613467;0.677567;0.696000;0.699233,,/home/yhussein/LightM-UNet/data/nnUNET_results_pareto/enet_upscaled_e15/EU1_narrow
EU2,wide_context,"20,72,128,192,256",1465998,1.465998,54.35197351796634,0.7300333333333334,0.7300333333333334,0.1045666666666667,-0.07441428571428572,15,33.138,524.7423680439824,0,Wider stage-2 flat (ch2=128) + stage-3 (ch3=192) context at H/4 and H/8,0.000000;0.178767;0.280600;0.398800;0.395500;0.479967;0.615733;0.625467;0.630767;0.688433;0.707333;0.697600;0.700667;0.727833;0.730033,,/home/yhussein/LightM-UNet/data/nnUNET_results_pareto/enet_upscaled_e15/EU2_wide_context
EU3,deep_stage4,"20,72,72,144,320",1179424,1.179424,24.179174879129395,0.7277999999999999,0.7292333333333333,0.2230333333333332,-0.024647619047619064,15,28.42133333333333,453.7604566360824,0,Extra capacity at the new H/16 stage (ch4=320),0.109200;0.105633;0.145900;0.316633;0.433067;0.450400;0.471333;0.504767;0.575733;0.641900;0.643467;0.695567;0.685133;0.729233;0.727800,,/home/yhussein/LightM-UNet/data/nnUNET_results_pareto/enet_upscaled_e15/EU3_deep_stage4
EU4,shallow_wide,"20,96,96,144,256",1043946,1.043946,9.914969424369534,0.7360000000000001,0.7563000000000001,0.16830000000000012,-0.04339523809523807,15,29.869333333333334,475.6720216339454,0,Wider stages 1+2 (ch1=ch2=96) — tests if the extra blocks benefit from more width,0.095633;0.139067;0.138100;0.144800;0.244033;0.359333;0.439200;0.567700;0.642400;0.675767;0.714167;0.701733;0.714267;0.756300;0.736000,,/home/yhussein/LightM-UNet/data/nnUNET_results_pareto/enet_upscaled_e15/EU4_shallow_wide
EU5,stage3_stage4_heavy,"20,72,72,196,288",1394201,1.394201,46.79261215276023,0.7139333333333333,0.7139333333333333,0.22626666666666667,-0.03734285714285714,15,29.582666666666668,471.02351430396084,0,Deep encoder emphasis: extra capacity in stage-3 (ch3=196) and stage-4 (ch4=288),0.000000;0.182167;0.241200;0.347667;0.361200;0.397233;0.455500;0.487667;0.523433;0.636133;0.688967;0.679367;0.695233;0.700067;0.713933,,/home/yhussein/LightM-UNet/data/nnUNET_results_pareto/enet_upscaled_e15/EU5_stage3_stage4_heavy
EU6,fully_scaled,"24,96,96,192,256",1351103,1.351103,42.25491063155944,0.7312666666666666,0.7312666666666666,0.10129999999999995,-0.07551428571428573,15,30.87933333333334,490.5104022040032,0,Uniformly wider network — global capacity increase,0.000067;0.172333;0.403467;0.424600;0.418933;0.453800;0.629433;0.629967;0.674300;0.682600;0.690500;0.713833;0.700567;0.730333;0.731267,,/home/yhussein/LightM-UNet/data/nnUNET_results_pareto/enet_upscaled_e15/EU6_fully_scaled
EU7,highres_flat,"24,96,144,144,256",1259303,1.259303,32.58947372854231,0.7143333333333334,0.7143333333333334,0.4102333333333334,0.01516190476190478,15,34.846,550.1559939649887,0,Wide flat H/4 stage (ch2=144) preserves high-resolution detail for thin vessel segmentation before downsampling,0.000000;0.000000;0.000267;0.000500;0.137367;0.161533;0.163900;0.304100;0.487567;0.494167;0.487533;0.616100;0.660600;0.704000;0.714333,,/home/yhussein/LightM-UNet/data/nnUNET_results_pareto/enet_upscaled_e15/EU7_highres_flat
EU8,narrow_deep,"16,48,48,192,288",1291191,1.291191,35.946896952544606,0.5074666666666666,0.5074666666666666,0.07606666666666662,-0.05076190476190477,15,25.65,412.2195207879413,0,"Narrow early stages, heavy bottleneck — concentrate capacity where long-range context discriminates vessel classes",0.000000;0.000000;0.000000;0.068133;0.212933;0.289367;0.419333;0.431400;0.486433;0.490433;0.480200;0.473600;0.495200;0.500433;0.507467,,/home/yhussein/LightM-UNet/data/nnUNET_results_pareto/enet_upscaled_e15/EU8_narrow_deep
EU9,asym_stage3,"20,72,72,144,256",951180,0.95118,0.1478243291049619,0.5300333333333332,0.5300333333333332,0.3441333333333332,0.030223809523809493,15,28.323333333333327,454.984928245889,0,"Same channels as EU0 but stage-3 extra blocks use asym-heavy pattern (reg, asym, asym, dil4) — tests vessel-oriented 5×1/1×5 kernels vs dil8",0.053333;0.128533;0.142500;0.175600;0.162167;0.136367;0.163600;0.185900;0.177067;0.309067;0.398533;0.469867;0.473067;0.511100;0.530033,,/home/yhussein/LightM-UNet/data/nnUNET_results_pareto/enet_upscaled_e15/EU9_asym_stage3
