=== Job info ===
Host: gcn3.local.snellius.surf.nl
Date: Thu Jul  2 02:42:15 CEST 2026
Working dir: /home/yhussein/LightM-UNet/lightm-unet
Conda env: /home/yhussein/conda-envs/lightmunet
=== GPU info ===
Thu Jul  2 02:42:15 2026       
+-----------------------------------------------------------------------------------------+
| NVIDIA-SMI 595.71.05              Driver Version: 595.71.05      CUDA Version: 13.2     |
+-----------------------------------------+------------------------+----------------------+
| GPU  Name                 Persistence-M | Bus-Id          Disp.A | Volatile Uncorr. ECC |
| Fan  Temp   Perf          Pwr:Usage/Cap |           Memory-Usage | GPU-Util  Compute M. |
|                                         |                        |               MIG M. |
|=========================================+========================+======================|
|   0  NVIDIA A100-SXM4-40GB          On  |   00000000:31:00.0 Off |                   On |
| N/A   30C    P0             65W /  400W |   17110MiB /  40960MiB |     N/A      Default |
|                                         |                        |              Enabled |
+-----------------------------------------+------------------------+----------------------+
|   1  NVIDIA A100-SXM4-40GB          On  |   00000000:32:00.0 Off |                   On |
| N/A   29C    P0             37W /  400W |     213MiB /  40960MiB |     N/A      Default |
|                                         |                        |              Enabled |
+-----------------------------------------+------------------------+----------------------+
|   2  NVIDIA A100-SXM4-40GB          On  |   00000000:CA:00.0 Off |                   On |
| N/A   29C    P0             38W /  400W |     213MiB /  40960MiB |     N/A      Default |
|                                         |                        |              Enabled |
+-----------------------------------------+------------------------+----------------------+
|   3  NVIDIA A100-SXM4-40GB          On  |   00000000:E3:00.0 Off |                   On |
| N/A   28C    P0             36W /  400W |     213MiB /  40960MiB |     N/A      Default |
|                                         |                        |              Enabled |
+-----------------------------------------+------------------------+----------------------+

+-----------------------------------------------------------------------------------------+
| MIG devices:                                                                            |
+------------------+----------------------------------+-----------+-----------------------+
| GPU  GI  CI  MIG |              Shared Memory-Usage |        Vol|        Shared         |
|      ID  ID  Dev |                Shared BAR1-Usage | SM     Unc| CE ENC  DEC  OFA  JPG |
|                  |                                  |        ECC|                       |
|==================+==================================+===========+=======================|
|  0    2   0   0  |             107MiB / 20096MiB    | 42      0 |  3   0    2    0    0 |
|                  |               0MiB / 12210MiB    |           |                       |
+------------------+----------------------------------+-----------+-----------------------+

+-----------------------------------------------------------------------------------------+
| Processes:                                                                              |
|  GPU   GI   CI              PID   Type   Process name                        GPU Memory |
|        ID   ID                                                               Usage      |
|=========================================================================================|
|  No running processes found                                                             |
+-----------------------------------------------------------------------------------------+
=== Ensure official split is present ===
Using device: cuda:0

#######################################################################
Please cite the following paper when using nnU-Net:
Isensee, F., Jaeger, P. F., Kohl, S. A., Petersen, J., & Maier-Hein, K. H. (2021). nnU-Net: a self-configuring method for deep learning-based biomedical image segmentation. Nature methods, 18(2), 203-211.
#######################################################################

WARNING: Cannot continue training because there seems to be no checkpoint available to continue from. Starting a new training...

This is the configuration used by this training:
Configuration name: 2d
 {'data_identifier': 'nnUNetPlans_2d', 'preprocessor_name': 'DefaultPreprocessor', 'batch_size': 4, 'patch_size': [512, 512], 'median_image_size_in_voxels': [512.0, 512.0], 'spacing': [1.0, 1.0], 'normalization_schemes': ['ZScoreNormalization'], 'use_mask_for_norm': [False], 'UNet_class_name': 'PlainConvUNet', 'UNet_base_num_features': 32, 'n_conv_per_stage_encoder': [2, 2, 2, 2, 2, 2, 2, 2], 'n_conv_per_stage_decoder': [2, 2, 2, 2, 2, 2, 2], 'num_pool_per_axis': [7, 7], 'pool_op_kernel_sizes': [[1, 1], [2, 2], [2, 2], [2, 2], [2, 2], [2, 2], [2, 2], [2, 2]], 'conv_kernel_sizes': [[3, 3], [3, 3], [3, 3], [3, 3], [3, 3], [3, 3], [3, 3], [3, 3]], 'unet_max_num_features': 512, 'resampling_fn_data': 'resample_data_or_seg_to_shape', 'resampling_fn_seg': 'resample_data_or_seg_to_shape', 'resampling_fn_data_kwargs': {'is_seg': False, 'order': 3, 'order_z': 0, 'force_separate_z': None}, 'resampling_fn_seg_kwargs': {'is_seg': True, 'order': 1, 'order_z': 0, 'force_separate_z': None}, 'resampling_fn_probabilities': 'resample_data_or_seg_to_shape', 'resampling_fn_probabilities_kwargs': {'is_seg': False, 'order': 1, 'order_z': 0, 'force_separate_z': None}, 'batch_dice': True} 

These are the global plan.json settings:
 {'dataset_name': 'Dataset501_ARCADE', 'plans_name': 'nnUNetPlans', 'original_median_spacing_after_transp': [999.0, 1.0, 1.0], 'original_median_shape_after_transp': [1, 512, 512], 'image_reader_writer': 'NaturalImage2DIO', 'transpose_forward': [0, 1, 2], 'transpose_backward': [0, 1, 2], 'experiment_planner_used': 'ExperimentPlanner', 'label_manager': 'LabelManager', 'foreground_intensity_properties_per_channel': {'0': {'max': 255.0, 'mean': 98.67886352539062, 'median': 96.0, 'min': 0.0, 'percentile_00_5': 32.0, 'percentile_99_5': 186.0, 'std': 31.84078025817871}}} 

2026-07-02 02:42:33.553464: unpacking dataset...
2026-07-02 02:42:38.388348: unpacking done...
2026-07-02 02:42:38.388709: do_dummy_2d_data_aug: False
2026-07-02 02:42:38.394609: Using splits from existing split file: /gpfs/home1/yhussein/LightM-UNet/data/nnUNet_preprocessed/Dataset501_ARCADE/splits_final.json
2026-07-02 02:42:38.394904: The split file contains 1 splits.
2026-07-02 02:42:38.394968: Desired fold for training: 0
2026-07-02 02:42:38.395018: This split has 1000 training and 200 validation cases.
2026-07-02 02:42:38.420323: Skipping architecture plot (GCX_SKIP_ARCH_PLOT=1)
2026-07-02 02:42:38.435736: 
2026-07-02 02:42:38.435853: Epoch 0
2026-07-02 02:42:38.435971: Current learning rate: 0.001
using pin_memory on device 0
using pin_memory on device 0
2026-07-02 02:43:15.626194: train_loss 0.2965
2026-07-02 02:43:15.626481: val_loss -0.0608
2026-07-02 02:43:15.626603: Pseudo dice [0.2841, 0.2093, 0.0]
2026-07-02 02:43:15.626709: Epoch time: 37.19 s
2026-07-02 02:43:15.626792: Yayy! New best EMA pseudo Dice: 0.1645
2026-07-02 02:43:16.742411: 
2026-07-02 02:43:16.742583: Epoch 1
2026-07-02 02:43:16.742695: Current learning rate: 0.00099
2026-07-02 02:43:50.717549: train_loss -0.0808
2026-07-02 02:43:50.717759: val_loss -0.0985
2026-07-02 02:43:50.717866: Pseudo dice [0.2995, 0.3249, 0.0001]
2026-07-02 02:43:50.717961: Epoch time: 33.98 s
2026-07-02 02:43:50.718036: Yayy! New best EMA pseudo Dice: 0.1688
2026-07-02 02:43:51.972713: 
2026-07-02 02:43:51.972893: Epoch 2
2026-07-02 02:43:51.973015: Current learning rate: 0.00099
2026-07-02 02:44:25.857094: train_loss -0.1028
2026-07-02 02:44:25.857349: val_loss -0.1116
2026-07-02 02:44:25.858059: Pseudo dice [0.0386, 0.5023, 0.0003]
2026-07-02 02:44:25.858170: Epoch time: 33.89 s
2026-07-02 02:44:25.858246: Yayy! New best EMA pseudo Dice: 0.17
2026-07-02 02:44:27.154288: 
2026-07-02 02:44:27.154501: Epoch 3
2026-07-02 02:44:27.154617: Current learning rate: 0.00098
2026-07-02 02:45:01.044930: train_loss -0.1152
2026-07-02 02:45:01.045125: val_loss -0.1047
2026-07-02 02:45:01.045231: Pseudo dice [0.0636, 0.4159, 0.0001]
2026-07-02 02:45:01.045334: Epoch time: 33.89 s
2026-07-02 02:45:02.372476: 
2026-07-02 02:45:02.372654: Epoch 4
2026-07-02 02:45:02.372769: Current learning rate: 0.00098
2026-07-02 02:45:36.295853: train_loss -0.1316
2026-07-02 02:45:36.296089: val_loss -0.15
2026-07-02 02:45:36.296192: Pseudo dice [0.4859, 0.5554, 0.0009]
2026-07-02 02:45:36.296287: Epoch time: 33.92 s
2026-07-02 02:45:36.296367: Yayy! New best EMA pseudo Dice: 0.1868
2026-07-02 02:45:37.573882: 
2026-07-02 02:45:37.574044: Epoch 5
2026-07-02 02:45:37.574157: Current learning rate: 0.00097
2026-07-02 02:46:11.508101: train_loss -0.2347
2026-07-02 02:46:11.508348: val_loss -0.3268
2026-07-02 02:46:11.508457: Pseudo dice [0.5049, 0.7348, 0.2193]
2026-07-02 02:46:11.508553: Epoch time: 33.94 s
2026-07-02 02:46:11.508627: Yayy! New best EMA pseudo Dice: 0.2168
2026-07-02 02:46:12.768686: 
2026-07-02 02:46:12.768841: Epoch 6
2026-07-02 02:46:12.768949: Current learning rate: 0.00096
2026-07-02 02:46:46.785686: train_loss -0.3708
2026-07-02 02:46:46.785929: val_loss -0.4931
2026-07-02 02:46:46.786037: Pseudo dice [0.6057, 0.7916, 0.5129]
2026-07-02 02:46:46.786130: Epoch time: 34.02 s
2026-07-02 02:46:46.786202: Yayy! New best EMA pseudo Dice: 0.2588
2026-07-02 02:46:48.052402: 
2026-07-02 02:46:48.052553: Epoch 7
2026-07-02 02:46:48.052662: Current learning rate: 0.00096
2026-07-02 02:47:21.964159: train_loss -0.4345
2026-07-02 02:47:21.964407: val_loss -0.5663
2026-07-02 02:47:21.964510: Pseudo dice [0.6464, 0.7993, 0.6435]
2026-07-02 02:47:21.964602: Epoch time: 33.91 s
2026-07-02 02:47:21.964674: Yayy! New best EMA pseudo Dice: 0.3025
2026-07-02 02:47:23.215382: 
2026-07-02 02:47:23.215543: Epoch 8
2026-07-02 02:47:23.215651: Current learning rate: 0.00095
2026-07-02 02:47:57.187156: train_loss -0.4805
2026-07-02 02:47:57.187402: val_loss -0.5635
2026-07-02 02:47:57.187509: Pseudo dice [0.6391, 0.789, 0.6313]
2026-07-02 02:47:57.187611: Epoch time: 33.97 s
2026-07-02 02:47:57.187685: Yayy! New best EMA pseudo Dice: 0.3409
2026-07-02 02:47:58.456480: 
2026-07-02 02:47:58.456648: Epoch 9
2026-07-02 02:47:58.456761: Current learning rate: 0.00095
2026-07-02 02:48:32.358994: train_loss -0.5252
2026-07-02 02:48:32.359229: val_loss -0.5819
2026-07-02 02:48:32.359344: Pseudo dice [0.6341, 0.8149, 0.6578]
2026-07-02 02:48:32.359444: Epoch time: 33.9 s
2026-07-02 02:48:32.359520: Yayy! New best EMA pseudo Dice: 0.3771
2026-07-02 02:48:33.582028: 
2026-07-02 02:48:33.582187: Epoch 10
2026-07-02 02:48:33.582305: Current learning rate: 0.00094
2026-07-02 02:49:07.556917: train_loss -0.5261
2026-07-02 02:49:07.557158: val_loss -0.5585
2026-07-02 02:49:07.557258: Pseudo dice [0.6807, 0.7775, 0.6426]
2026-07-02 02:49:07.557362: Epoch time: 33.98 s
2026-07-02 02:49:07.557437: Yayy! New best EMA pseudo Dice: 0.4094
2026-07-02 02:49:08.793630: 
2026-07-02 02:49:08.793787: Epoch 11
2026-07-02 02:49:08.793893: Current learning rate: 0.00093
2026-07-02 02:49:42.689278: train_loss -0.5343
2026-07-02 02:49:42.689538: val_loss -0.5785
2026-07-02 02:49:42.689644: Pseudo dice [0.6892, 0.8007, 0.6258]
2026-07-02 02:49:42.689738: Epoch time: 33.9 s
2026-07-02 02:49:42.689813: Yayy! New best EMA pseudo Dice: 0.439
2026-07-02 02:49:43.929364: 
2026-07-02 02:49:43.929531: Epoch 12
2026-07-02 02:49:43.929645: Current learning rate: 0.00093
2026-07-02 02:50:17.824805: train_loss -0.5728
2026-07-02 02:50:17.825023: val_loss -0.6185
2026-07-02 02:50:17.825128: Pseudo dice [0.7172, 0.786, 0.6815]
2026-07-02 02:50:17.825217: Epoch time: 33.9 s
2026-07-02 02:50:17.825290: Yayy! New best EMA pseudo Dice: 0.4679
2026-07-02 02:50:19.242517: 
2026-07-02 02:50:19.242668: Epoch 13
2026-07-02 02:50:19.242777: Current learning rate: 0.00092
2026-07-02 02:50:53.171850: train_loss -0.5613
2026-07-02 02:50:53.172715: val_loss -0.6011
2026-07-02 02:50:53.172834: Pseudo dice [0.6697, 0.8151, 0.6842]
2026-07-02 02:50:53.172932: Epoch time: 33.93 s
2026-07-02 02:50:53.173004: Yayy! New best EMA pseudo Dice: 0.4934
2026-07-02 02:50:54.436092: 
2026-07-02 02:50:54.436262: Epoch 14
2026-07-02 02:50:54.436381: Current learning rate: 0.00092
2026-07-02 02:51:28.377853: train_loss -0.5853
2026-07-02 02:51:28.378124: val_loss -0.6112
2026-07-02 02:51:28.378226: Pseudo dice [0.6948, 0.7996, 0.6812]
2026-07-02 02:51:28.378332: Epoch time: 33.94 s
2026-07-02 02:51:28.378413: Yayy! New best EMA pseudo Dice: 0.5166
2026-07-02 02:51:29.622541: 
2026-07-02 02:51:29.622709: Epoch 15
2026-07-02 02:51:29.622822: Current learning rate: 0.00091
2026-07-02 02:52:03.624304: train_loss -0.5533
2026-07-02 02:52:03.624534: val_loss -0.5421
2026-07-02 02:52:03.624636: Pseudo dice [0.6584, 0.7359, 0.6531]
2026-07-02 02:52:03.624728: Epoch time: 34.0 s
2026-07-02 02:52:03.624802: Yayy! New best EMA pseudo Dice: 0.5332
2026-07-02 02:52:04.869423: 
2026-07-02 02:52:04.869586: Epoch 16
2026-07-02 02:52:04.869695: Current learning rate: 0.0009
2026-07-02 02:52:38.763058: train_loss -0.5841
2026-07-02 02:52:38.763288: val_loss -0.5893
2026-07-02 02:52:38.763398: Pseudo dice [0.6884, 0.7894, 0.669]
2026-07-02 02:52:38.763493: Epoch time: 33.89 s
2026-07-02 02:52:38.763564: Yayy! New best EMA pseudo Dice: 0.5514
2026-07-02 02:52:40.028501: 
2026-07-02 02:52:40.028674: Epoch 17
2026-07-02 02:52:40.028788: Current learning rate: 0.0009
2026-07-02 02:53:13.998713: train_loss -0.6108
2026-07-02 02:53:13.998946: val_loss -0.647
2026-07-02 02:53:13.999047: Pseudo dice [0.7033, 0.8171, 0.7203]
2026-07-02 02:53:13.999141: Epoch time: 33.97 s
2026-07-02 02:53:13.999215: Yayy! New best EMA pseudo Dice: 0.571
2026-07-02 02:53:15.260930: 
2026-07-02 02:53:15.261097: Epoch 18
2026-07-02 02:53:15.261216: Current learning rate: 0.00089
2026-07-02 02:53:49.150052: train_loss -0.6047
2026-07-02 02:53:49.150284: val_loss -0.6262
2026-07-02 02:53:49.150398: Pseudo dice [0.7037, 0.7968, 0.7021]
2026-07-02 02:53:49.150492: Epoch time: 33.89 s
2026-07-02 02:53:49.150563: Yayy! New best EMA pseudo Dice: 0.5873
2026-07-02 02:53:50.416169: 
2026-07-02 02:53:50.416317: Epoch 19
2026-07-02 02:53:50.416425: Current learning rate: 0.00089
2026-07-02 02:54:24.401861: train_loss -0.603
2026-07-02 02:54:24.402095: val_loss -0.6159
2026-07-02 02:54:24.402196: Pseudo dice [0.6875, 0.8257, 0.7028]
2026-07-02 02:54:24.402290: Epoch time: 33.99 s
2026-07-02 02:54:24.402374: Yayy! New best EMA pseudo Dice: 0.6024
2026-07-02 02:54:25.662224: 
2026-07-02 02:54:25.662393: Epoch 20
2026-07-02 02:54:25.662505: Current learning rate: 0.00088
2026-07-02 02:54:59.563377: train_loss -0.6043
2026-07-02 02:54:59.563609: val_loss -0.6377
2026-07-02 02:54:59.563708: Pseudo dice [0.7107, 0.8266, 0.7232]
2026-07-02 02:54:59.563802: Epoch time: 33.9 s
2026-07-02 02:54:59.563876: Yayy! New best EMA pseudo Dice: 0.6175
2026-07-02 02:55:00.826282: 
2026-07-02 02:55:00.826431: Epoch 21
2026-07-02 02:55:00.826635: Current learning rate: 0.00087
2026-07-02 02:55:34.814368: train_loss -0.6201
2026-07-02 02:55:34.814573: val_loss -0.6495
2026-07-02 02:55:34.814698: Pseudo dice [0.708, 0.833, 0.7259]
2026-07-02 02:55:34.814788: Epoch time: 33.99 s
2026-07-02 02:55:34.814860: Yayy! New best EMA pseudo Dice: 0.6313
2026-07-02 02:55:36.043567: 
2026-07-02 02:55:36.043724: Epoch 22
2026-07-02 02:55:36.043839: Current learning rate: 0.00087
2026-07-02 02:56:09.984100: train_loss -0.6347
2026-07-02 02:56:09.984338: val_loss -0.6357
2026-07-02 02:56:09.984441: Pseudo dice [0.7078, 0.8522, 0.7054]
2026-07-02 02:56:09.984538: Epoch time: 33.94 s
2026-07-02 02:56:09.984608: Yayy! New best EMA pseudo Dice: 0.6437
2026-07-02 02:56:11.207155: 
2026-07-02 02:56:11.207317: Epoch 23
2026-07-02 02:56:11.207430: Current learning rate: 0.00086
2026-07-02 02:56:45.132633: train_loss -0.6298
2026-07-02 02:56:45.132881: val_loss -0.6563
2026-07-02 02:56:45.132988: Pseudo dice [0.7102, 0.8341, 0.7287]
2026-07-02 02:56:45.133086: Epoch time: 33.93 s
2026-07-02 02:56:45.133158: Yayy! New best EMA pseudo Dice: 0.6551
2026-07-02 02:56:46.523763: 
2026-07-02 02:56:46.523913: Epoch 24
2026-07-02 02:56:46.524023: Current learning rate: 0.00085
2026-07-02 02:57:20.475202: train_loss -0.6404
2026-07-02 02:57:20.475456: val_loss -0.6662
2026-07-02 02:57:20.475562: Pseudo dice [0.7413, 0.8458, 0.7322]
2026-07-02 02:57:20.475663: Epoch time: 33.95 s
2026-07-02 02:57:20.475738: Yayy! New best EMA pseudo Dice: 0.6669
2026-07-02 02:57:21.727565: 
2026-07-02 02:57:21.727713: Epoch 25
2026-07-02 02:57:21.727822: Current learning rate: 0.00085
2026-07-02 02:57:55.676578: train_loss -0.6162
2026-07-02 02:57:55.676816: val_loss -0.624
2026-07-02 02:57:55.676919: Pseudo dice [0.7223, 0.8406, 0.6761]
2026-07-02 02:57:55.677012: Epoch time: 33.95 s
2026-07-02 02:57:55.677085: Yayy! New best EMA pseudo Dice: 0.6749
2026-07-02 02:57:57.089356: 
2026-07-02 02:57:57.089527: Epoch 26
2026-07-02 02:57:57.089644: Current learning rate: 0.00084
2026-07-02 02:58:31.038274: train_loss -0.6384
2026-07-02 02:58:31.038527: val_loss -0.6448
2026-07-02 02:58:31.038636: Pseudo dice [0.727, 0.8208, 0.6963]
2026-07-02 02:58:31.038731: Epoch time: 33.95 s
2026-07-02 02:58:31.038811: Yayy! New best EMA pseudo Dice: 0.6822
2026-07-02 02:58:32.292056: 
2026-07-02 02:58:32.292219: Epoch 27
2026-07-02 02:58:32.292338: Current learning rate: 0.00084
2026-07-02 02:59:06.239420: train_loss -0.636
2026-07-02 02:59:06.239670: val_loss -0.6563
2026-07-02 02:59:06.239774: Pseudo dice [0.7266, 0.8067, 0.7374]
2026-07-02 02:59:06.239871: Epoch time: 33.95 s
2026-07-02 02:59:06.239943: Yayy! New best EMA pseudo Dice: 0.6896
2026-07-02 02:59:07.497665: 
2026-07-02 02:59:07.497836: Epoch 28
2026-07-02 02:59:07.497955: Current learning rate: 0.00083
2026-07-02 02:59:41.539361: train_loss -0.6415
2026-07-02 02:59:41.539550: val_loss -0.6587
2026-07-02 02:59:41.539655: Pseudo dice [0.7245, 0.83, 0.7388]
2026-07-02 02:59:41.539744: Epoch time: 34.04 s
2026-07-02 02:59:41.539815: Yayy! New best EMA pseudo Dice: 0.6971
2026-07-02 02:59:42.786873: 
2026-07-02 02:59:42.787039: Epoch 29
2026-07-02 02:59:42.787149: Current learning rate: 0.00082
2026-07-02 03:00:16.722942: train_loss -0.6569
2026-07-02 03:00:16.723181: val_loss -0.6514
2026-07-02 03:00:16.723283: Pseudo dice [0.721, 0.8371, 0.7256]
2026-07-02 03:00:16.723391: Epoch time: 33.94 s
2026-07-02 03:00:16.723465: Yayy! New best EMA pseudo Dice: 0.7035
2026-07-02 03:00:17.985149: 
2026-07-02 03:00:17.985306: Epoch 30
2026-07-02 03:00:17.985419: Current learning rate: 0.00082
2026-07-02 03:00:52.028419: train_loss -0.6567
2026-07-02 03:00:52.028667: val_loss -0.667
2026-07-02 03:00:52.028774: Pseudo dice [0.7355, 0.842, 0.7416]
2026-07-02 03:00:52.028874: Epoch time: 34.04 s
2026-07-02 03:00:52.028949: Yayy! New best EMA pseudo Dice: 0.7105
2026-07-02 03:00:53.281724: 
2026-07-02 03:00:53.281891: Epoch 31
2026-07-02 03:00:53.282001: Current learning rate: 0.00081
2026-07-02 03:01:27.207676: train_loss -0.647
2026-07-02 03:01:27.207882: val_loss -0.622
2026-07-02 03:01:27.207988: Pseudo dice [0.7193, 0.8287, 0.6813]
2026-07-02 03:01:27.208086: Epoch time: 33.93 s
2026-07-02 03:01:27.208162: Yayy! New best EMA pseudo Dice: 0.7137
2026-07-02 03:01:28.468337: 
2026-07-02 03:01:28.468497: Epoch 32
2026-07-02 03:01:28.468610: Current learning rate: 0.00081
2026-07-02 03:02:02.510920: train_loss -0.6474
2026-07-02 03:02:02.511119: val_loss -0.6599
2026-07-02 03:02:02.511223: Pseudo dice [0.7197, 0.8332, 0.7277]
2026-07-02 03:02:02.511320: Epoch time: 34.04 s
2026-07-02 03:02:02.511397: Yayy! New best EMA pseudo Dice: 0.7184
2026-07-02 03:02:03.781299: 
2026-07-02 03:02:03.781451: Epoch 33
2026-07-02 03:02:03.781566: Current learning rate: 0.0008
2026-07-02 03:02:37.691079: train_loss -0.6561
2026-07-02 03:02:37.691288: val_loss -0.6564
2026-07-02 03:02:37.691401: Pseudo dice [0.7235, 0.8457, 0.7136]
2026-07-02 03:02:37.692077: Epoch time: 33.91 s
2026-07-02 03:02:37.692164: Yayy! New best EMA pseudo Dice: 0.7226
2026-07-02 03:02:38.951905: 
2026-07-02 03:02:38.952061: Epoch 34
2026-07-02 03:02:38.952173: Current learning rate: 0.00079
2026-07-02 03:03:12.942617: train_loss -0.6641
2026-07-02 03:03:12.942808: val_loss -0.6547
2026-07-02 03:03:12.942907: Pseudo dice [0.7305, 0.8206, 0.745]
2026-07-02 03:03:12.942991: Epoch time: 33.99 s
2026-07-02 03:03:12.943062: Yayy! New best EMA pseudo Dice: 0.7269
2026-07-02 03:03:14.195239: 
2026-07-02 03:03:14.195402: Epoch 35
2026-07-02 03:03:14.195511: Current learning rate: 0.00079
2026-07-02 03:03:48.099128: train_loss -0.6681
2026-07-02 03:03:48.099334: val_loss -0.6657
2026-07-02 03:03:48.099443: Pseudo dice [0.7255, 0.8407, 0.7396]
2026-07-02 03:03:48.099532: Epoch time: 33.91 s
2026-07-02 03:03:48.099605: Yayy! New best EMA pseudo Dice: 0.7311
2026-07-02 03:03:49.350996: 
2026-07-02 03:03:49.351154: Epoch 36
2026-07-02 03:03:49.351261: Current learning rate: 0.00078
2026-07-02 03:04:23.344474: train_loss -0.6628
2026-07-02 03:04:23.344669: val_loss -0.6503
2026-07-02 03:04:23.344775: Pseudo dice [0.715, 0.8467, 0.7156]
2026-07-02 03:04:23.344864: Epoch time: 33.99 s
2026-07-02 03:04:23.344935: Yayy! New best EMA pseudo Dice: 0.7339
2026-07-02 03:04:24.597935: 
2026-07-02 03:04:24.598096: Epoch 37
2026-07-02 03:04:24.598205: Current learning rate: 0.00077
2026-07-02 03:04:58.515508: train_loss -0.665
2026-07-02 03:04:58.515714: val_loss -0.6657
2026-07-02 03:04:58.515812: Pseudo dice [0.7443, 0.8425, 0.7364]
2026-07-02 03:04:58.515900: Epoch time: 33.92 s
2026-07-02 03:04:58.515972: Yayy! New best EMA pseudo Dice: 0.7379
2026-07-02 03:04:59.766837: 
2026-07-02 03:04:59.767010: Epoch 38
2026-07-02 03:04:59.767120: Current learning rate: 0.00077
2026-07-02 03:05:33.758517: train_loss -0.6802
2026-07-02 03:05:33.758717: val_loss -0.6457
2026-07-02 03:05:33.758820: Pseudo dice [0.7305, 0.8256, 0.7174]
2026-07-02 03:05:33.758908: Epoch time: 33.99 s
2026-07-02 03:05:33.758978: Yayy! New best EMA pseudo Dice: 0.7399
2026-07-02 03:05:35.011583: 
2026-07-02 03:05:35.011737: Epoch 39
2026-07-02 03:05:35.011847: Current learning rate: 0.00076
2026-07-02 03:06:08.933244: train_loss -0.6763
2026-07-02 03:06:08.933445: val_loss -0.6634
2026-07-02 03:06:08.933544: Pseudo dice [0.7072, 0.8512, 0.7417]
2026-07-02 03:06:08.933630: Epoch time: 33.92 s
2026-07-02 03:06:08.933699: Yayy! New best EMA pseudo Dice: 0.7426
2026-07-02 03:06:10.197794: 
2026-07-02 03:06:10.197997: Epoch 40
2026-07-02 03:06:10.198136: Current learning rate: 0.00076
2026-07-02 03:06:44.139920: train_loss -0.6739
2026-07-02 03:06:44.140108: val_loss -0.6236
2026-07-02 03:06:44.140210: Pseudo dice [0.7293, 0.839, 0.6998]
2026-07-02 03:06:44.140302: Epoch time: 33.94 s
2026-07-02 03:06:44.140376: Yayy! New best EMA pseudo Dice: 0.7439
2026-07-02 03:06:45.579914: 
2026-07-02 03:06:45.580081: Epoch 41
2026-07-02 03:06:45.580192: Current learning rate: 0.00075
2026-07-02 03:07:19.522025: train_loss -0.6732
2026-07-02 03:07:19.522221: val_loss -0.6811
2026-07-02 03:07:19.522333: Pseudo dice [0.7331, 0.8412, 0.7409]
2026-07-02 03:07:19.522423: Epoch time: 33.94 s
2026-07-02 03:07:19.522638: Yayy! New best EMA pseudo Dice: 0.7467
2026-07-02 03:07:20.752644: 
2026-07-02 03:07:20.752812: Epoch 42
2026-07-02 03:07:20.752923: Current learning rate: 0.00074
2026-07-02 03:07:54.667147: train_loss -0.6828
2026-07-02 03:07:54.667348: val_loss -0.6693
2026-07-02 03:07:54.667458: Pseudo dice [0.7301, 0.8532, 0.7633]
2026-07-02 03:07:54.667548: Epoch time: 33.92 s
2026-07-02 03:07:54.667620: Yayy! New best EMA pseudo Dice: 0.7503
2026-07-02 03:07:56.070625: 
2026-07-02 03:07:56.070806: Epoch 43
2026-07-02 03:07:56.070926: Current learning rate: 0.00074
2026-07-02 03:08:30.002784: train_loss -0.695
2026-07-02 03:08:30.002992: val_loss -0.6567
2026-07-02 03:08:30.003100: Pseudo dice [0.7356, 0.8276, 0.7078]
2026-07-02 03:08:30.003192: Epoch time: 33.93 s
2026-07-02 03:08:30.003266: Yayy! New best EMA pseudo Dice: 0.7509
2026-07-02 03:08:31.231685: 
2026-07-02 03:08:31.231839: Epoch 44
2026-07-02 03:08:31.231946: Current learning rate: 0.00073
2026-07-02 03:09:05.148462: train_loss -0.6826
2026-07-02 03:09:05.148665: val_loss -0.6651
2026-07-02 03:09:05.148772: Pseudo dice [0.7457, 0.8338, 0.7125]
2026-07-02 03:09:05.148873: Epoch time: 33.92 s
2026-07-02 03:09:05.148947: Yayy! New best EMA pseudo Dice: 0.7523
2026-07-02 03:09:06.380609: 
2026-07-02 03:09:06.380771: Epoch 45
2026-07-02 03:09:06.380883: Current learning rate: 0.00073
2026-07-02 03:09:40.397229: train_loss -0.7001
2026-07-02 03:09:40.397455: val_loss -0.6566
2026-07-02 03:09:40.397559: Pseudo dice [0.7324, 0.828, 0.7171]
2026-07-02 03:09:40.397652: Epoch time: 34.02 s
2026-07-02 03:09:40.397724: Yayy! New best EMA pseudo Dice: 0.7529
2026-07-02 03:09:41.634875: 
2026-07-02 03:09:41.635046: Epoch 46
2026-07-02 03:09:41.635156: Current learning rate: 0.00072
2026-07-02 03:10:15.552270: train_loss -0.6772
2026-07-02 03:10:15.552532: val_loss -0.6897
2026-07-02 03:10:15.552649: Pseudo dice [0.7484, 0.8654, 0.7511]
2026-07-02 03:10:15.552746: Epoch time: 33.92 s
2026-07-02 03:10:15.552820: Yayy! New best EMA pseudo Dice: 0.7565
2026-07-02 03:10:16.772833: 
2026-07-02 03:10:16.772984: Epoch 47
2026-07-02 03:10:16.773095: Current learning rate: 0.00071
2026-07-02 03:10:50.773831: train_loss -0.688
2026-07-02 03:10:50.774038: val_loss -0.6661
2026-07-02 03:10:50.774143: Pseudo dice [0.7377, 0.851, 0.7415]
2026-07-02 03:10:50.774232: Epoch time: 34.0 s
2026-07-02 03:10:50.774312: Yayy! New best EMA pseudo Dice: 0.7585
2026-07-02 03:10:52.009727: 
2026-07-02 03:10:52.009896: Epoch 48
2026-07-02 03:10:52.010009: Current learning rate: 0.00071
2026-07-02 03:11:25.917386: train_loss -0.699
2026-07-02 03:11:25.917603: val_loss -0.6837
2026-07-02 03:11:25.917706: Pseudo dice [0.7339, 0.8447, 0.7352]
2026-07-02 03:11:25.917797: Epoch time: 33.91 s
2026-07-02 03:11:25.917869: Yayy! New best EMA pseudo Dice: 0.7598
2026-07-02 03:11:27.172053: 
2026-07-02 03:11:27.172231: Epoch 49
2026-07-02 03:11:27.172353: Current learning rate: 0.0007
2026-07-02 03:12:01.154315: train_loss -0.6997
2026-07-02 03:12:01.154549: val_loss -0.6692
2026-07-02 03:12:01.154649: Pseudo dice [0.7527, 0.8512, 0.7422]
2026-07-02 03:12:01.154736: Epoch time: 33.98 s
2026-07-02 03:12:01.247234: Yayy! New best EMA pseudo Dice: 0.762
2026-07-02 03:12:02.490616: 
2026-07-02 03:12:02.490783: Epoch 50
2026-07-02 03:12:02.490896: Current learning rate: 0.00069
2026-07-02 03:12:36.404185: train_loss -0.7013
2026-07-02 03:12:36.404404: val_loss -0.665
2026-07-02 03:12:36.404508: Pseudo dice [0.7259, 0.8402, 0.7432]
2026-07-02 03:12:36.404604: Epoch time: 33.91 s
2026-07-02 03:12:36.404677: Yayy! New best EMA pseudo Dice: 0.7628
2026-07-02 03:12:37.652726: 
2026-07-02 03:12:37.652884: Epoch 51
2026-07-02 03:12:37.652996: Current learning rate: 0.00069
2026-07-02 03:13:11.566971: train_loss -0.709
2026-07-02 03:13:11.567186: val_loss -0.6967
2026-07-02 03:13:11.567287: Pseudo dice [0.7435, 0.8614, 0.7552]
2026-07-02 03:13:11.567385: Epoch time: 33.92 s
2026-07-02 03:13:11.567456: Yayy! New best EMA pseudo Dice: 0.7652
2026-07-02 03:13:12.983463: 
2026-07-02 03:13:12.983624: Epoch 52
2026-07-02 03:13:12.983734: Current learning rate: 0.00068
2026-07-02 03:13:46.911846: train_loss -0.7045
2026-07-02 03:13:46.912062: val_loss -0.6981
2026-07-02 03:13:46.912169: Pseudo dice [0.76, 0.8488, 0.7596]
2026-07-02 03:13:46.912261: Epoch time: 33.93 s
2026-07-02 03:13:46.912341: Yayy! New best EMA pseudo Dice: 0.7676
2026-07-02 03:13:48.154857: 
2026-07-02 03:13:48.155020: Epoch 53
2026-07-02 03:13:48.155127: Current learning rate: 0.00068
2026-07-02 03:14:22.074960: train_loss -0.6809
2026-07-02 03:14:22.075160: val_loss -0.6535
2026-07-02 03:14:22.075264: Pseudo dice [0.7468, 0.8113, 0.7354]
2026-07-02 03:14:22.075365: Epoch time: 33.92 s
2026-07-02 03:14:23.226695: 
2026-07-02 03:14:23.227410: Epoch 54
2026-07-02 03:14:23.227531: Current learning rate: 0.00067
2026-07-02 03:14:57.241544: train_loss -0.7027
2026-07-02 03:14:57.241756: val_loss -0.6796
2026-07-02 03:14:57.241857: Pseudo dice [0.7492, 0.8418, 0.76]
2026-07-02 03:14:57.241946: Epoch time: 34.02 s
2026-07-02 03:14:57.242020: Yayy! New best EMA pseudo Dice: 0.7689
2026-07-02 03:14:58.490015: 
2026-07-02 03:14:58.490165: Epoch 55
2026-07-02 03:14:58.490277: Current learning rate: 0.00066
2026-07-02 03:15:32.419059: train_loss -0.7149
2026-07-02 03:15:32.419268: val_loss -0.6998
2026-07-02 03:15:32.419383: Pseudo dice [0.7474, 0.842, 0.7621]
2026-07-02 03:15:32.419472: Epoch time: 33.93 s
2026-07-02 03:15:32.419542: Yayy! New best EMA pseudo Dice: 0.7704
2026-07-02 03:15:33.680125: 
2026-07-02 03:15:33.680275: Epoch 56
2026-07-02 03:15:33.680396: Current learning rate: 0.00066
2026-07-02 03:16:07.687964: train_loss -0.6901
2026-07-02 03:16:07.688173: val_loss -0.6588
2026-07-02 03:16:07.688277: Pseudo dice [0.7299, 0.8192, 0.721]
2026-07-02 03:16:07.688374: Epoch time: 34.01 s
2026-07-02 03:16:08.854856: 
2026-07-02 03:16:08.855024: Epoch 57
2026-07-02 03:16:08.855135: Current learning rate: 0.00065
2026-07-02 03:16:42.775287: train_loss -0.6997
2026-07-02 03:16:42.775510: val_loss -0.6736
2026-07-02 03:16:42.775618: Pseudo dice [0.7464, 0.8423, 0.7422]
2026-07-02 03:16:42.775711: Epoch time: 33.92 s
2026-07-02 03:16:43.938869: 
2026-07-02 03:16:43.939032: Epoch 58
2026-07-02 03:16:43.939140: Current learning rate: 0.00064
2026-07-02 03:17:17.934178: train_loss -0.7132
2026-07-02 03:17:17.934376: val_loss -0.6978
2026-07-02 03:17:17.934475: Pseudo dice [0.7449, 0.8553, 0.7454]
2026-07-02 03:17:17.934561: Epoch time: 34.0 s
2026-07-02 03:17:17.934630: Yayy! New best EMA pseudo Dice: 0.771
2026-07-02 03:17:19.195777: 
2026-07-02 03:17:19.195950: Epoch 59
2026-07-02 03:17:19.196062: Current learning rate: 0.00064
2026-07-02 03:17:53.121278: train_loss -0.7139
2026-07-02 03:17:53.121527: val_loss -0.6718
2026-07-02 03:17:53.121636: Pseudo dice [0.7411, 0.844, 0.7398]
2026-07-02 03:17:53.121734: Epoch time: 33.93 s
2026-07-02 03:17:53.121809: Yayy! New best EMA pseudo Dice: 0.7714
2026-07-02 03:17:54.389316: 
2026-07-02 03:17:54.389484: Epoch 60
2026-07-02 03:17:54.389600: Current learning rate: 0.00063
2026-07-02 03:18:28.314419: train_loss -0.7144
2026-07-02 03:18:28.314675: val_loss -0.6403
2026-07-02 03:18:28.314784: Pseudo dice [0.7288, 0.7967, 0.7478]
2026-07-02 03:18:28.314884: Epoch time: 33.93 s
2026-07-02 03:18:29.659842: 
2026-07-02 03:18:29.659996: Epoch 61
2026-07-02 03:18:29.660105: Current learning rate: 0.00063
2026-07-02 03:19:03.618210: train_loss -0.7104
2026-07-02 03:19:03.618470: val_loss -0.6554
2026-07-02 03:19:03.618575: Pseudo dice [0.7543, 0.8317, 0.7227]
2026-07-02 03:19:03.618672: Epoch time: 33.96 s
2026-07-02 03:19:04.792818: 
2026-07-02 03:19:04.792990: Epoch 62
2026-07-02 03:19:04.793106: Current learning rate: 0.00062
2026-07-02 03:19:38.741062: train_loss -0.7212
2026-07-02 03:19:38.741255: val_loss -0.5866
2026-07-02 03:19:38.741360: Pseudo dice [0.6802, 0.8334, 0.6524]
2026-07-02 03:19:38.741447: Epoch time: 33.95 s
2026-07-02 03:19:39.918800: 
2026-07-02 03:19:39.918967: Epoch 63
2026-07-02 03:19:39.919082: Current learning rate: 0.00061
2026-07-02 03:20:13.969946: train_loss -0.7161
2026-07-02 03:20:13.970200: val_loss -0.6974
2026-07-02 03:20:13.970377: Pseudo dice [0.7489, 0.8542, 0.7785]
2026-07-02 03:20:13.970473: Epoch time: 34.05 s
2026-07-02 03:20:15.146179: 
2026-07-02 03:20:15.146356: Epoch 64
2026-07-02 03:20:15.146466: Current learning rate: 0.00061
2026-07-02 03:20:49.084905: train_loss -0.7189
2026-07-02 03:20:49.085162: val_loss -0.6607
2026-07-02 03:20:49.085273: Pseudo dice [0.7523, 0.8352, 0.7621]
2026-07-02 03:20:49.085431: Epoch time: 33.94 s
2026-07-02 03:20:50.256496: 
2026-07-02 03:20:50.256649: Epoch 65
2026-07-02 03:20:50.256758: Current learning rate: 0.0006
2026-07-02 03:21:24.192044: train_loss -0.7297
2026-07-02 03:21:24.192281: val_loss -0.6854
2026-07-02 03:21:24.192395: Pseudo dice [0.7512, 0.8562, 0.7602]
2026-07-02 03:21:24.192484: Epoch time: 33.94 s
2026-07-02 03:21:24.192556: Yayy! New best EMA pseudo Dice: 0.7716
2026-07-02 03:21:25.637239: 
2026-07-02 03:21:25.637470: Epoch 66
2026-07-02 03:21:25.637582: Current learning rate: 0.00059
2026-07-02 03:21:59.568702: train_loss -0.7287
2026-07-02 03:21:59.568950: val_loss -0.6926
2026-07-02 03:21:59.569054: Pseudo dice [0.7363, 0.8521, 0.7502]
2026-07-02 03:21:59.569150: Epoch time: 33.93 s
2026-07-02 03:21:59.569268: Yayy! New best EMA pseudo Dice: 0.7724
2026-07-02 03:22:00.842143: 
2026-07-02 03:22:00.842317: Epoch 67
2026-07-02 03:22:00.842431: Current learning rate: 0.00059
2026-07-02 03:22:34.747954: train_loss -0.7285
2026-07-02 03:22:34.748196: val_loss -0.6997
2026-07-02 03:22:34.748314: Pseudo dice [0.7635, 0.8439, 0.7561]
2026-07-02 03:22:34.748412: Epoch time: 33.91 s
2026-07-02 03:22:34.748486: Yayy! New best EMA pseudo Dice: 0.7739
2026-07-02 03:22:36.190218: 
2026-07-02 03:22:36.190377: Epoch 68
2026-07-02 03:22:36.190485: Current learning rate: 0.00058
2026-07-02 03:23:10.121335: train_loss -0.7194
2026-07-02 03:23:10.121592: val_loss -0.646
2026-07-02 03:23:10.121701: Pseudo dice [0.7462, 0.8406, 0.7229]
2026-07-02 03:23:10.121801: Epoch time: 33.93 s
2026-07-02 03:23:11.292426: 
2026-07-02 03:23:11.292594: Epoch 69
2026-07-02 03:23:11.292707: Current learning rate: 0.00057
2026-07-02 03:23:45.204319: train_loss -0.7182
2026-07-02 03:23:45.204519: val_loss -0.6824
2026-07-02 03:23:45.204623: Pseudo dice [0.7378, 0.8416, 0.7431]
2026-07-02 03:23:45.204713: Epoch time: 33.91 s
2026-07-02 03:23:46.368746: 
2026-07-02 03:23:46.368914: Epoch 70
2026-07-02 03:23:46.369022: Current learning rate: 0.00057
2026-07-02 03:24:20.395324: train_loss -0.739
2026-07-02 03:24:20.395533: val_loss -0.6632
2026-07-02 03:24:20.395640: Pseudo dice [0.7411, 0.8298, 0.7489]
2026-07-02 03:24:20.395732: Epoch time: 34.03 s
2026-07-02 03:24:21.554901: 
2026-07-02 03:24:21.555072: Epoch 71
2026-07-02 03:24:21.555180: Current learning rate: 0.00056
2026-07-02 03:24:55.473314: train_loss -0.7339
2026-07-02 03:24:55.473561: val_loss -0.6696
2026-07-02 03:24:55.473665: Pseudo dice [0.7497, 0.8584, 0.7287]
2026-07-02 03:24:55.473764: Epoch time: 33.92 s
2026-07-02 03:24:55.473842: Yayy! New best EMA pseudo Dice: 0.7741
2026-07-02 03:24:56.731558: 
2026-07-02 03:24:56.731719: Epoch 72
2026-07-02 03:24:56.731834: Current learning rate: 0.00056
2026-07-02 03:25:30.655633: train_loss -0.7207
2026-07-02 03:25:30.655821: val_loss -0.6979
2026-07-02 03:25:30.655923: Pseudo dice [0.758, 0.8527, 0.7582]
2026-07-02 03:25:30.656011: Epoch time: 33.93 s
2026-07-02 03:25:30.656081: Yayy! New best EMA pseudo Dice: 0.7756
2026-07-02 03:25:32.096746: 
2026-07-02 03:25:32.096902: Epoch 73
2026-07-02 03:25:32.097014: Current learning rate: 0.00055
2026-07-02 03:26:06.000566: train_loss -0.7339
2026-07-02 03:26:06.000809: val_loss -0.6897
2026-07-02 03:26:06.000917: Pseudo dice [0.7576, 0.8503, 0.7437]
2026-07-02 03:26:06.001014: Epoch time: 33.91 s
2026-07-02 03:26:06.001089: Yayy! New best EMA pseudo Dice: 0.7765
2026-07-02 03:26:07.264852: 
2026-07-02 03:26:07.265025: Epoch 74
2026-07-02 03:26:07.265138: Current learning rate: 0.00054
2026-07-02 03:26:41.206506: train_loss -0.7419
2026-07-02 03:26:41.206750: val_loss -0.6536
2026-07-02 03:26:41.206854: Pseudo dice [0.7523, 0.8103, 0.7401]
2026-07-02 03:26:41.206951: Epoch time: 33.94 s
2026-07-02 03:26:42.374928: 
2026-07-02 03:26:42.375139: Epoch 75
2026-07-02 03:26:42.375252: Current learning rate: 0.00054
2026-07-02 03:27:16.435285: train_loss -0.7327
2026-07-02 03:27:16.435550: val_loss -0.6867
2026-07-02 03:27:16.435655: Pseudo dice [0.7441, 0.8471, 0.7431]
2026-07-02 03:27:16.435752: Epoch time: 34.06 s
2026-07-02 03:27:17.603279: 
2026-07-02 03:27:17.603466: Epoch 76
2026-07-02 03:27:17.603581: Current learning rate: 0.00053
2026-07-02 03:27:51.519835: train_loss -0.7355
2026-07-02 03:27:51.520644: val_loss -0.6749
2026-07-02 03:27:51.520761: Pseudo dice [0.7631, 0.8405, 0.7385]
2026-07-02 03:27:51.520855: Epoch time: 33.92 s
2026-07-02 03:27:52.686195: 
2026-07-02 03:27:52.686349: Epoch 77
2026-07-02 03:27:52.686454: Current learning rate: 0.00052
2026-07-02 03:28:26.717913: train_loss -0.7456
2026-07-02 03:28:26.718120: val_loss -0.6861
2026-07-02 03:28:26.718221: Pseudo dice [0.7485, 0.8453, 0.7562]
2026-07-02 03:28:26.718320: Epoch time: 34.03 s
2026-07-02 03:28:26.718394: Yayy! New best EMA pseudo Dice: 0.777
2026-07-02 03:28:27.994901: 
2026-07-02 03:28:27.995066: Epoch 78
2026-07-02 03:28:27.995182: Current learning rate: 0.00052
2026-07-02 03:29:01.910705: train_loss -0.7206
2026-07-02 03:29:01.910950: val_loss -0.6417
2026-07-02 03:29:01.911057: Pseudo dice [0.7336, 0.8, 0.7237]
2026-07-02 03:29:01.911160: Epoch time: 33.92 s
2026-07-02 03:29:03.092485: 
2026-07-02 03:29:03.092628: Epoch 79
2026-07-02 03:29:03.092732: Current learning rate: 0.00051
2026-07-02 03:29:36.995925: train_loss -0.7347
2026-07-02 03:29:36.996189: val_loss -0.6875
2026-07-02 03:29:36.996304: Pseudo dice [0.7262, 0.8461, 0.7621]
2026-07-02 03:29:36.996407: Epoch time: 33.9 s
2026-07-02 03:29:38.361112: 
2026-07-02 03:29:38.361257: Epoch 80
2026-07-02 03:29:38.361371: Current learning rate: 0.0005
2026-07-02 03:30:12.282096: train_loss -0.7258
2026-07-02 03:30:12.282291: val_loss -0.6844
2026-07-02 03:30:12.282400: Pseudo dice [0.7492, 0.8567, 0.7415]
2026-07-02 03:30:12.282487: Epoch time: 33.92 s
2026-07-02 03:30:13.526839: 
2026-07-02 03:30:13.527017: Epoch 81
2026-07-02 03:30:13.527138: Current learning rate: 0.0005
2026-07-02 03:30:47.450132: train_loss -0.7473
2026-07-02 03:30:47.450383: val_loss -0.6497
2026-07-02 03:30:47.450486: Pseudo dice [0.7427, 0.8605, 0.7227]
2026-07-02 03:30:47.450585: Epoch time: 33.92 s
2026-07-02 03:30:48.628356: 
2026-07-02 03:30:48.628503: Epoch 82
2026-07-02 03:30:48.628612: Current learning rate: 0.00049
2026-07-02 03:31:22.665305: train_loss -0.7258
2026-07-02 03:31:22.665553: val_loss -0.6945
2026-07-02 03:31:22.665662: Pseudo dice [0.7474, 0.8658, 0.757]
2026-07-02 03:31:22.665760: Epoch time: 34.04 s
2026-07-02 03:31:22.665885: Yayy! New best EMA pseudo Dice: 0.7771
2026-07-02 03:31:23.889545: 
2026-07-02 03:31:23.889696: Epoch 83
2026-07-02 03:31:23.889804: Current learning rate: 0.00048
2026-07-02 03:31:57.805117: train_loss -0.7388
2026-07-02 03:31:57.805327: val_loss -0.6638
2026-07-02 03:31:57.805436: Pseudo dice [0.7396, 0.8391, 0.7319]
2026-07-02 03:31:57.805527: Epoch time: 33.92 s
2026-07-02 03:31:58.945736: 
2026-07-02 03:31:58.945901: Epoch 84
2026-07-02 03:31:58.946013: Current learning rate: 0.00048
2026-07-02 03:32:32.999052: train_loss -0.7475
2026-07-02 03:32:32.999254: val_loss -0.6888
2026-07-02 03:32:32.999359: Pseudo dice [0.736, 0.8571, 0.7704]
2026-07-02 03:32:32.999452: Epoch time: 34.05 s
2026-07-02 03:32:32.999523: Yayy! New best EMA pseudo Dice: 0.7775
2026-07-02 03:32:34.226083: 
2026-07-02 03:32:34.226251: Epoch 85
2026-07-02 03:32:34.226371: Current learning rate: 0.00047
2026-07-02 03:33:08.176071: train_loss -0.7414
2026-07-02 03:33:08.176329: val_loss -0.6654
2026-07-02 03:33:08.176440: Pseudo dice [0.739, 0.8648, 0.7571]
2026-07-02 03:33:08.176540: Epoch time: 33.95 s
2026-07-02 03:33:08.176617: Yayy! New best EMA pseudo Dice: 0.7785
2026-07-02 03:33:09.418074: 
2026-07-02 03:33:09.418242: Epoch 86
2026-07-02 03:33:09.418363: Current learning rate: 0.00046
2026-07-02 03:33:43.365097: train_loss -0.7536
2026-07-02 03:33:43.365348: val_loss -0.7119
2026-07-02 03:33:43.365456: Pseudo dice [0.7569, 0.8617, 0.7661]
2026-07-02 03:33:43.365557: Epoch time: 33.95 s
2026-07-02 03:33:43.365634: Yayy! New best EMA pseudo Dice: 0.7801
2026-07-02 03:33:44.785194: 
2026-07-02 03:33:44.785364: Epoch 87
2026-07-02 03:33:44.785482: Current learning rate: 0.00046
2026-07-02 03:34:18.719757: train_loss -0.7506
2026-07-02 03:34:18.719960: val_loss -0.6235
2026-07-02 03:34:18.720061: Pseudo dice [0.7257, 0.8262, 0.7323]
2026-07-02 03:34:18.720191: Epoch time: 33.94 s
2026-07-02 03:34:19.864696: 
2026-07-02 03:34:19.864849: Epoch 88
2026-07-02 03:34:19.864957: Current learning rate: 0.00045
2026-07-02 03:34:53.807339: train_loss -0.7443
2026-07-02 03:34:53.807582: val_loss -0.6628
2026-07-02 03:34:53.807688: Pseudo dice [0.7354, 0.8458, 0.7406]
2026-07-02 03:34:53.807782: Epoch time: 33.94 s
2026-07-02 03:34:54.953678: 
2026-07-02 03:34:54.953847: Epoch 89
2026-07-02 03:34:54.953960: Current learning rate: 0.00044
2026-07-02 03:35:29.007615: train_loss -0.7596
2026-07-02 03:35:29.007815: val_loss -0.6829
2026-07-02 03:35:29.007921: Pseudo dice [0.7394, 0.8421, 0.7608]
2026-07-02 03:35:29.008016: Epoch time: 34.06 s
2026-07-02 03:35:30.152598: 
2026-07-02 03:35:30.152814: Epoch 90
2026-07-02 03:35:30.152984: Current learning rate: 0.00044
2026-07-02 03:36:04.070083: train_loss -0.7608
2026-07-02 03:36:04.070292: val_loss -0.6542
2026-07-02 03:36:04.070405: Pseudo dice [0.7473, 0.8287, 0.7447]
2026-07-02 03:36:04.070498: Epoch time: 33.92 s
2026-07-02 03:36:05.214455: 
2026-07-02 03:36:05.214630: Epoch 91
2026-07-02 03:36:05.214740: Current learning rate: 0.00043
2026-07-02 03:36:39.133185: train_loss -0.7415
2026-07-02 03:36:39.133430: val_loss -0.654
2026-07-02 03:36:39.133534: Pseudo dice [0.7591, 0.8307, 0.727]
2026-07-02 03:36:39.133629: Epoch time: 33.92 s
2026-07-02 03:36:40.457252: 
2026-07-02 03:36:40.457412: Epoch 92
2026-07-02 03:36:40.457521: Current learning rate: 0.00043
2026-07-02 03:37:14.385743: train_loss -0.753
2026-07-02 03:37:14.385987: val_loss -0.6814
2026-07-02 03:37:14.386093: Pseudo dice [0.754, 0.8668, 0.7566]
2026-07-02 03:37:14.386188: Epoch time: 33.93 s
2026-07-02 03:37:15.534317: 
2026-07-02 03:37:15.534485: Epoch 93
2026-07-02 03:37:15.534597: Current learning rate: 0.00042
2026-07-02 03:37:49.461380: train_loss -0.7504
2026-07-02 03:37:49.461624: val_loss -0.6702
2026-07-02 03:37:49.461729: Pseudo dice [0.7431, 0.8581, 0.7242]
2026-07-02 03:37:49.461822: Epoch time: 33.93 s
2026-07-02 03:37:50.611402: 
2026-07-02 03:37:50.611548: Epoch 94
2026-07-02 03:37:50.611655: Current learning rate: 0.00041
2026-07-02 03:38:24.624807: train_loss -0.7434
2026-07-02 03:38:24.625050: val_loss -0.6449
2026-07-02 03:38:24.625155: Pseudo dice [0.7373, 0.835, 0.7031]
2026-07-02 03:38:24.625250: Epoch time: 34.01 s
2026-07-02 03:38:25.780604: 
2026-07-02 03:38:25.780780: Epoch 95
2026-07-02 03:38:25.780894: Current learning rate: 0.00041
2026-07-02 03:38:59.732153: train_loss -0.7587
2026-07-02 03:38:59.732389: val_loss -0.6691
2026-07-02 03:38:59.732499: Pseudo dice [0.7508, 0.845, 0.7472]
2026-07-02 03:38:59.732589: Epoch time: 33.95 s
2026-07-02 03:39:00.886469: 
2026-07-02 03:39:00.886621: Epoch 96
2026-07-02 03:39:00.886729: Current learning rate: 0.0004
2026-07-02 03:39:34.811834: train_loss -0.7588
2026-07-02 03:39:34.812089: val_loss -0.6906
2026-07-02 03:39:34.812194: Pseudo dice [0.7423, 0.8636, 0.7371]
2026-07-02 03:39:34.812289: Epoch time: 33.93 s
2026-07-02 03:39:36.158912: 
2026-07-02 03:39:36.159065: Epoch 97
2026-07-02 03:39:36.159173: Current learning rate: 0.00039
2026-07-02 03:40:10.095825: train_loss -0.7436
2026-07-02 03:40:10.096068: val_loss -0.6755
2026-07-02 03:40:10.096173: Pseudo dice [0.7488, 0.8288, 0.7622]
2026-07-02 03:40:10.096266: Epoch time: 33.94 s
2026-07-02 03:40:11.257990: 
2026-07-02 03:40:11.258156: Epoch 98
2026-07-02 03:40:11.258270: Current learning rate: 0.00039
2026-07-02 03:40:45.190118: train_loss -0.7599
2026-07-02 03:40:45.190374: val_loss -0.6935
2026-07-02 03:40:45.190486: Pseudo dice [0.7591, 0.8499, 0.7557]
2026-07-02 03:40:45.190586: Epoch time: 33.93 s
2026-07-02 03:40:46.356287: 
2026-07-02 03:40:46.356446: Epoch 99
2026-07-02 03:40:46.356560: Current learning rate: 0.00038
2026-07-02 03:41:20.409695: train_loss -0.7596
2026-07-02 03:41:20.409891: val_loss -0.6767
2026-07-02 03:41:20.409992: Pseudo dice [0.7361, 0.8665, 0.7576]
2026-07-02 03:41:20.410741: Epoch time: 34.05 s
2026-07-02 03:41:21.662958: 
2026-07-02 03:41:21.663127: Epoch 100
2026-07-02 03:41:21.663236: Current learning rate: 0.00037
2026-07-02 03:41:55.610352: train_loss -0.7566
2026-07-02 03:41:55.610591: val_loss -0.6258
2026-07-02 03:41:55.610698: Pseudo dice [0.7434, 0.8091, 0.699]
2026-07-02 03:41:55.610795: Epoch time: 33.95 s
2026-07-02 03:41:56.773960: 
2026-07-02 03:41:56.774127: Epoch 101
2026-07-02 03:41:56.774237: Current learning rate: 0.00037
2026-07-02 03:42:30.719756: train_loss -0.7504
2026-07-02 03:42:30.720038: val_loss -0.7074
2026-07-02 03:42:30.720161: Pseudo dice [0.7554, 0.8514, 0.7617]
2026-07-02 03:42:30.720262: Epoch time: 33.95 s
2026-07-02 03:42:32.069858: 
2026-07-02 03:42:32.070022: Epoch 102
2026-07-02 03:42:32.070129: Current learning rate: 0.00036
2026-07-02 03:43:06.036542: train_loss -0.7698
2026-07-02 03:43:06.036808: val_loss -0.6956
2026-07-02 03:43:06.036917: Pseudo dice [0.7556, 0.8565, 0.7595]
2026-07-02 03:43:06.037015: Epoch time: 33.97 s
2026-07-02 03:43:07.203222: 
2026-07-02 03:43:07.203409: Epoch 103
2026-07-02 03:43:07.203521: Current learning rate: 0.00035
2026-07-02 03:43:41.150168: train_loss -0.7631
2026-07-02 03:43:41.150375: val_loss -0.6997
2026-07-02 03:43:41.150484: Pseudo dice [0.7601, 0.8383, 0.7658]
2026-07-02 03:43:41.150579: Epoch time: 33.95 s
2026-07-02 03:43:42.316000: 
2026-07-02 03:43:42.316167: Epoch 104
2026-07-02 03:43:42.316278: Current learning rate: 0.00035
2026-07-02 03:44:16.380873: train_loss -0.7639
2026-07-02 03:44:16.381073: val_loss -0.6819
2026-07-02 03:44:16.381176: Pseudo dice [0.7386, 0.8503, 0.7534]
2026-07-02 03:44:16.381265: Epoch time: 34.07 s
2026-07-02 03:44:17.544962: 
2026-07-02 03:44:17.545107: Epoch 105
2026-07-02 03:44:17.545216: Current learning rate: 0.00034
2026-07-02 03:44:51.466598: train_loss -0.7653
2026-07-02 03:44:51.466841: val_loss -0.691
2026-07-02 03:44:51.466943: Pseudo dice [0.7652, 0.8431, 0.7536]
2026-07-02 03:44:51.467036: Epoch time: 33.92 s
2026-07-02 03:44:51.467112: Yayy! New best EMA pseudo Dice: 0.7808
2026-07-02 03:44:52.719699: 
2026-07-02 03:44:52.719860: Epoch 106
2026-07-02 03:44:52.719968: Current learning rate: 0.00033
2026-07-02 03:45:26.650863: train_loss -0.753
2026-07-02 03:45:26.651106: val_loss -0.6519
2026-07-02 03:45:26.651214: Pseudo dice [0.7369, 0.8225, 0.7229]
2026-07-02 03:45:26.651316: Epoch time: 33.93 s
2026-07-02 03:45:28.003106: 
2026-07-02 03:45:28.003269: Epoch 107
2026-07-02 03:45:28.003389: Current learning rate: 0.00032
2026-07-02 03:46:01.927495: train_loss -0.7628
2026-07-02 03:46:01.927742: val_loss -0.6847
2026-07-02 03:46:01.927848: Pseudo dice [0.743, 0.86, 0.7531]
2026-07-02 03:46:01.927945: Epoch time: 33.93 s
2026-07-02 03:46:03.085738: 
2026-07-02 03:46:03.085896: Epoch 108
2026-07-02 03:46:03.086017: Current learning rate: 0.00032
2026-07-02 03:46:36.999182: train_loss -0.7746
2026-07-02 03:46:36.999427: val_loss -0.6734
2026-07-02 03:46:36.999535: Pseudo dice [0.7538, 0.8674, 0.737]
2026-07-02 03:46:36.999629: Epoch time: 33.91 s
2026-07-02 03:46:38.169279: 
2026-07-02 03:46:38.169462: Epoch 109
2026-07-02 03:46:38.169573: Current learning rate: 0.00031
2026-07-02 03:47:12.188398: train_loss -0.7733
2026-07-02 03:47:12.188634: val_loss -0.712
2026-07-02 03:47:12.188737: Pseudo dice [0.7607, 0.8565, 0.7778]
2026-07-02 03:47:12.188830: Epoch time: 34.02 s
2026-07-02 03:47:12.188903: Yayy! New best EMA pseudo Dice: 0.7819
2026-07-02 03:47:13.451493: 
2026-07-02 03:47:13.451660: Epoch 110
2026-07-02 03:47:13.451770: Current learning rate: 0.0003
2026-07-02 03:47:47.355820: train_loss -0.769
2026-07-02 03:47:47.356311: val_loss -0.7099
2026-07-02 03:47:47.356433: Pseudo dice [0.7462, 0.8581, 0.7759]
2026-07-02 03:47:47.356532: Epoch time: 33.91 s
2026-07-02 03:47:47.356608: Yayy! New best EMA pseudo Dice: 0.7831
2026-07-02 03:47:48.619540: 
2026-07-02 03:47:48.619698: Epoch 111
2026-07-02 03:47:48.619805: Current learning rate: 0.0003
2026-07-02 03:48:22.668159: train_loss -0.7767
2026-07-02 03:48:22.668447: val_loss -0.716
2026-07-02 03:48:22.668557: Pseudo dice [0.7612, 0.8662, 0.7857]
2026-07-02 03:48:22.668658: Epoch time: 34.05 s
2026-07-02 03:48:22.668733: Yayy! New best EMA pseudo Dice: 0.7852
2026-07-02 03:48:23.934272: 
2026-07-02 03:48:23.934428: Epoch 112
2026-07-02 03:48:23.934539: Current learning rate: 0.00029
2026-07-02 03:48:57.896166: train_loss -0.7714
2026-07-02 03:48:57.896406: val_loss -0.6895
2026-07-02 03:48:57.896513: Pseudo dice [0.753, 0.8487, 0.7575]
2026-07-02 03:48:57.896603: Epoch time: 33.96 s
2026-07-02 03:48:57.896674: Yayy! New best EMA pseudo Dice: 0.7853
2026-07-02 03:48:59.149611: 
2026-07-02 03:48:59.149756: Epoch 113
2026-07-02 03:48:59.149866: Current learning rate: 0.00028
2026-07-02 03:49:33.081624: train_loss -0.7711
2026-07-02 03:49:33.081868: val_loss -0.7215
2026-07-02 03:49:33.081970: Pseudo dice [0.7636, 0.857, 0.7678]
2026-07-02 03:49:33.082061: Epoch time: 33.93 s
2026-07-02 03:49:33.082138: Yayy! New best EMA pseudo Dice: 0.7864
2026-07-02 03:49:34.528699: 
2026-07-02 03:49:34.528864: Epoch 114
2026-07-02 03:49:34.528977: Current learning rate: 0.00028
2026-07-02 03:50:08.459654: train_loss -0.7687
2026-07-02 03:50:08.459894: val_loss -0.6734
2026-07-02 03:50:08.459998: Pseudo dice [0.7599, 0.8365, 0.7316]
2026-07-02 03:50:08.460091: Epoch time: 33.93 s
2026-07-02 03:50:09.622502: 
2026-07-02 03:50:09.622663: Epoch 115
2026-07-02 03:50:09.622772: Current learning rate: 0.00027
2026-07-02 03:50:43.549387: train_loss -0.7777
2026-07-02 03:50:43.549634: val_loss -0.7109
2026-07-02 03:50:43.549745: Pseudo dice [0.749, 0.864, 0.7788]
2026-07-02 03:50:43.549844: Epoch time: 33.93 s
2026-07-02 03:50:43.549917: Yayy! New best EMA pseudo Dice: 0.7866
2026-07-02 03:50:45.013739: 
2026-07-02 03:50:45.013913: Epoch 116
2026-07-02 03:50:45.014024: Current learning rate: 0.00026
2026-07-02 03:51:18.931069: train_loss -0.7731
2026-07-02 03:51:18.931315: val_loss -0.6841
2026-07-02 03:51:18.931426: Pseudo dice [0.7389, 0.8491, 0.7462]
2026-07-02 03:51:18.931520: Epoch time: 33.92 s
2026-07-02 03:51:20.108517: 
2026-07-02 03:51:20.108684: Epoch 117
2026-07-02 03:51:20.108792: Current learning rate: 0.00026
2026-07-02 03:51:54.028287: train_loss -0.7707
2026-07-02 03:51:54.028551: val_loss -0.6855
2026-07-02 03:51:54.028658: Pseudo dice [0.7555, 0.8544, 0.756]
2026-07-02 03:51:54.028756: Epoch time: 33.92 s
2026-07-02 03:51:55.198409: 
2026-07-02 03:51:55.198571: Epoch 118
2026-07-02 03:51:55.198689: Current learning rate: 0.00025
2026-07-02 03:52:29.211789: train_loss -0.7766
2026-07-02 03:52:29.212027: val_loss -0.7039
2026-07-02 03:52:29.212137: Pseudo dice [0.7538, 0.8679, 0.7643]
2026-07-02 03:52:29.212236: Epoch time: 34.01 s
2026-07-02 03:52:29.212320: Yayy! New best EMA pseudo Dice: 0.7869
2026-07-02 03:52:30.481433: 
2026-07-02 03:52:30.481580: Epoch 119
2026-07-02 03:52:30.481696: Current learning rate: 0.00024
2026-07-02 03:53:04.416790: train_loss -0.7826
2026-07-02 03:53:04.417026: val_loss -0.6978
2026-07-02 03:53:04.417129: Pseudo dice [0.759, 0.8628, 0.7758]
2026-07-02 03:53:04.417227: Epoch time: 33.94 s
2026-07-02 03:53:04.417309: Yayy! New best EMA pseudo Dice: 0.7882
2026-07-02 03:53:05.682232: 
2026-07-02 03:53:05.682388: Epoch 120
2026-07-02 03:53:05.682497: Current learning rate: 0.00023
2026-07-02 03:53:39.741940: train_loss -0.7807
2026-07-02 03:53:39.742186: val_loss -0.696
2026-07-02 03:53:39.742292: Pseudo dice [0.7562, 0.8442, 0.7683]
2026-07-02 03:53:39.742399: Epoch time: 34.06 s
2026-07-02 03:53:39.742474: Yayy! New best EMA pseudo Dice: 0.7883
2026-07-02 03:53:41.023205: 
2026-07-02 03:53:41.023379: Epoch 121
2026-07-02 03:53:41.023492: Current learning rate: 0.00023
2026-07-02 03:54:14.969790: train_loss -0.7691
2026-07-02 03:54:14.969992: val_loss -0.7125
2026-07-02 03:54:14.970097: Pseudo dice [0.7665, 0.862, 0.7784]
2026-07-02 03:54:14.970188: Epoch time: 33.95 s
2026-07-02 03:54:14.970262: Yayy! New best EMA pseudo Dice: 0.7897
2026-07-02 03:54:16.250582: 
2026-07-02 03:54:16.250754: Epoch 122
2026-07-02 03:54:16.250866: Current learning rate: 0.00022
2026-07-02 03:54:50.176971: train_loss -0.7822
2026-07-02 03:54:50.177227: val_loss -0.6945
2026-07-02 03:54:50.177339: Pseudo dice [0.7554, 0.856, 0.7687]
2026-07-02 03:54:50.177440: Epoch time: 33.93 s
2026-07-02 03:54:50.177521: Yayy! New best EMA pseudo Dice: 0.7901
2026-07-02 03:54:51.613486: 
2026-07-02 03:54:51.613656: Epoch 123
2026-07-02 03:54:51.613769: Current learning rate: 0.00021
2026-07-02 03:55:25.571888: train_loss -0.7791
2026-07-02 03:55:25.572140: val_loss -0.6687
2026-07-02 03:55:25.572243: Pseudo dice [0.7663, 0.857, 0.768]
2026-07-02 03:55:25.572350: Epoch time: 33.96 s
2026-07-02 03:55:25.572424: Yayy! New best EMA pseudo Dice: 0.7908
2026-07-02 03:55:26.856378: 
2026-07-02 03:55:26.856545: Epoch 124
2026-07-02 03:55:26.856662: Current learning rate: 0.00021
2026-07-02 03:56:00.810806: train_loss -0.7832
2026-07-02 03:56:00.811003: val_loss -0.6737
2026-07-02 03:56:00.811106: Pseudo dice [0.7367, 0.8456, 0.7575]
2026-07-02 03:56:00.811192: Epoch time: 33.96 s
2026-07-02 03:56:02.183987: 
2026-07-02 03:56:02.184156: Epoch 125
2026-07-02 03:56:02.184264: Current learning rate: 0.0002
2026-07-02 03:56:36.149755: train_loss -0.7795
2026-07-02 03:56:36.149986: val_loss -0.6714
2026-07-02 03:56:36.150089: Pseudo dice [0.7456, 0.8599, 0.7487]
2026-07-02 03:56:36.150183: Epoch time: 33.97 s
2026-07-02 03:56:37.326215: 
2026-07-02 03:56:37.326381: Epoch 126
2026-07-02 03:56:37.326496: Current learning rate: 0.00019
2026-07-02 03:57:11.284928: train_loss -0.782
2026-07-02 03:57:11.285177: val_loss -0.6711
2026-07-02 03:57:11.285283: Pseudo dice [0.753, 0.8352, 0.7394]
2026-07-02 03:57:11.285391: Epoch time: 33.96 s
2026-07-02 03:57:12.470268: 
2026-07-02 03:57:12.470421: Epoch 127
2026-07-02 03:57:12.470531: Current learning rate: 0.00018
2026-07-02 03:57:46.533435: train_loss -0.7824
2026-07-02 03:57:46.533717: val_loss -0.6716
2026-07-02 03:57:46.533849: Pseudo dice [0.7581, 0.8345, 0.7545]
2026-07-02 03:57:46.533955: Epoch time: 34.06 s
2026-07-02 03:57:47.714039: 
2026-07-02 03:57:47.714192: Epoch 128
2026-07-02 03:57:47.714307: Current learning rate: 0.00018
2026-07-02 03:58:21.662413: train_loss -0.7811
2026-07-02 03:58:21.662595: val_loss -0.6558
2026-07-02 03:58:21.662696: Pseudo dice [0.7631, 0.8563, 0.76]
2026-07-02 03:58:21.662782: Epoch time: 33.95 s
2026-07-02 03:58:22.818541: 
2026-07-02 03:58:22.818692: Epoch 129
2026-07-02 03:58:22.818800: Current learning rate: 0.00017
2026-07-02 03:58:56.766233: train_loss -0.7866
2026-07-02 03:58:56.766482: val_loss -0.6977
2026-07-02 03:58:56.766588: Pseudo dice [0.7386, 0.8628, 0.7576]
2026-07-02 03:58:56.766686: Epoch time: 33.95 s
2026-07-02 03:58:58.122980: 
2026-07-02 03:58:58.123178: Epoch 130
2026-07-02 03:58:58.123287: Current learning rate: 0.00016
2026-07-02 03:59:32.053764: train_loss -0.7916
2026-07-02 03:59:32.053968: val_loss -0.7066
2026-07-02 03:59:32.054069: Pseudo dice [0.7458, 0.8685, 0.786]
2026-07-02 03:59:32.054222: Epoch time: 33.93 s
2026-07-02 03:59:33.214357: 
2026-07-02 03:59:33.214592: Epoch 131
2026-07-02 03:59:33.214767: Current learning rate: 0.00016
2026-07-02 04:00:07.182533: train_loss -0.7914
2026-07-02 04:00:07.182730: val_loss -0.688
2026-07-02 04:00:07.182834: Pseudo dice [0.743, 0.8536, 0.769]
2026-07-02 04:00:07.182926: Epoch time: 33.97 s
2026-07-02 04:00:08.352671: 
2026-07-02 04:00:08.352817: Epoch 132
2026-07-02 04:00:08.352928: Current learning rate: 0.00015
2026-07-02 04:00:42.403642: train_loss -0.7879
2026-07-02 04:00:42.403844: val_loss -0.6876
2026-07-02 04:00:42.403944: Pseudo dice [0.7591, 0.8371, 0.7579]
2026-07-02 04:00:42.404035: Epoch time: 34.05 s
2026-07-02 04:00:43.566148: 
2026-07-02 04:00:43.566312: Epoch 133
2026-07-02 04:00:43.566474: Current learning rate: 0.00014
2026-07-02 04:01:17.495378: train_loss -0.7885
2026-07-02 04:01:17.495626: val_loss -0.68
2026-07-02 04:01:17.495728: Pseudo dice [0.7634, 0.8304, 0.741]
2026-07-02 04:01:17.495823: Epoch time: 33.93 s
2026-07-02 04:01:18.659060: 
2026-07-02 04:01:18.659222: Epoch 134
2026-07-02 04:01:18.659353: Current learning rate: 0.00013
2026-07-02 04:01:52.581027: train_loss -0.7881
2026-07-02 04:01:52.581269: val_loss -0.672
2026-07-02 04:01:52.581381: Pseudo dice [0.7566, 0.8587, 0.7697]
2026-07-02 04:01:52.581479: Epoch time: 33.92 s
2026-07-02 04:01:53.939095: 
2026-07-02 04:01:53.939243: Epoch 135
2026-07-02 04:01:53.939356: Current learning rate: 0.00013
2026-07-02 04:02:27.868223: train_loss -0.7924
2026-07-02 04:02:27.868423: val_loss -0.6891
2026-07-02 04:02:27.868529: Pseudo dice [0.7618, 0.8405, 0.7532]
2026-07-02 04:02:27.868620: Epoch time: 33.93 s
2026-07-02 04:02:29.044635: 
2026-07-02 04:02:29.044807: Epoch 136
2026-07-02 04:02:29.044919: Current learning rate: 0.00012
2026-07-02 04:03:02.972643: train_loss -0.7797
2026-07-02 04:03:02.972878: val_loss -0.6683
2026-07-02 04:03:02.972980: Pseudo dice [0.7556, 0.8646, 0.7259]
2026-07-02 04:03:02.973076: Epoch time: 33.93 s
2026-07-02 04:03:04.145411: 
2026-07-02 04:03:04.145568: Epoch 137
2026-07-02 04:03:04.145679: Current learning rate: 0.00011
2026-07-02 04:03:38.190944: train_loss -0.7849
2026-07-02 04:03:38.191181: val_loss -0.6691
2026-07-02 04:03:38.191282: Pseudo dice [0.7457, 0.8393, 0.7356]
2026-07-02 04:03:38.191383: Epoch time: 34.05 s
2026-07-02 04:03:39.364999: 
2026-07-02 04:03:39.365167: Epoch 138
2026-07-02 04:03:39.365281: Current learning rate: 0.0001
2026-07-02 04:04:13.283470: train_loss -0.7836
2026-07-02 04:04:13.283733: val_loss -0.6817
2026-07-02 04:04:13.283841: Pseudo dice [0.7496, 0.8534, 0.7389]
2026-07-02 04:04:13.283940: Epoch time: 33.92 s
2026-07-02 04:04:14.458141: 
2026-07-02 04:04:14.458318: Epoch 139
2026-07-02 04:04:14.458430: Current learning rate: 0.0001
2026-07-02 04:04:48.379488: train_loss -0.7923
2026-07-02 04:04:48.379679: val_loss -0.6947
2026-07-02 04:04:48.379776: Pseudo dice [0.7516, 0.8608, 0.7588]
2026-07-02 04:04:48.379864: Epoch time: 33.92 s
2026-07-02 04:04:49.739661: 
2026-07-02 04:04:49.739841: Epoch 140
2026-07-02 04:04:49.739965: Current learning rate: 9e-05
2026-07-02 04:05:23.684111: train_loss -0.7904
2026-07-02 04:05:23.684357: val_loss -0.6939
2026-07-02 04:05:23.684459: Pseudo dice [0.7459, 0.8555, 0.7498]
2026-07-02 04:05:23.684553: Epoch time: 33.95 s
2026-07-02 04:05:24.855852: 
2026-07-02 04:05:24.855993: Epoch 141
2026-07-02 04:05:24.856099: Current learning rate: 8e-05
2026-07-02 04:05:58.783816: train_loss -0.7914
2026-07-02 04:05:58.784061: val_loss -0.6814
2026-07-02 04:05:58.784167: Pseudo dice [0.7466, 0.859, 0.743]
2026-07-02 04:05:58.784268: Epoch time: 33.93 s
2026-07-02 04:05:59.958659: 
2026-07-02 04:05:59.958822: Epoch 142
2026-07-02 04:05:59.958934: Current learning rate: 7e-05
2026-07-02 04:06:33.989041: train_loss -0.7943
2026-07-02 04:06:33.989253: val_loss -0.6551
2026-07-02 04:06:33.989367: Pseudo dice [0.7531, 0.8345, 0.7595]
2026-07-02 04:06:33.989462: Epoch time: 34.03 s
2026-07-02 04:06:35.160594: 
2026-07-02 04:06:35.160756: Epoch 143
2026-07-02 04:06:35.160866: Current learning rate: 6e-05
2026-07-02 04:07:09.077332: train_loss -0.7998
2026-07-02 04:07:09.077545: val_loss -0.6725
2026-07-02 04:07:09.077646: Pseudo dice [0.7506, 0.851, 0.7498]
2026-07-02 04:07:09.077739: Epoch time: 33.92 s
2026-07-02 04:07:10.250326: 
2026-07-02 04:07:10.250496: Epoch 144
2026-07-02 04:07:10.250612: Current learning rate: 6e-05
2026-07-02 04:07:44.172521: train_loss -0.7998
2026-07-02 04:07:44.172714: val_loss -0.7025
2026-07-02 04:07:44.172815: Pseudo dice [0.749, 0.8607, 0.7629]
2026-07-02 04:07:44.172904: Epoch time: 33.92 s
2026-07-02 04:07:45.351760: 
2026-07-02 04:07:45.351923: Epoch 145
2026-07-02 04:07:45.352040: Current learning rate: 5e-05
2026-07-02 04:08:19.369878: train_loss -0.7938
2026-07-02 04:08:19.370080: val_loss -0.7191
2026-07-02 04:08:19.370180: Pseudo dice [0.754, 0.8686, 0.7878]
2026-07-02 04:08:19.370896: Epoch time: 34.02 s
2026-07-02 04:08:20.550352: 
2026-07-02 04:08:20.550515: Epoch 146
2026-07-02 04:08:20.550628: Current learning rate: 4e-05
2026-07-02 04:08:54.485245: train_loss -0.7955
2026-07-02 04:08:54.485461: val_loss -0.6821
2026-07-02 04:08:54.485566: Pseudo dice [0.7402, 0.8471, 0.7398]
2026-07-02 04:08:54.485667: Epoch time: 33.94 s
2026-07-02 04:08:55.667568: 
2026-07-02 04:08:55.667738: Epoch 147
2026-07-02 04:08:55.667851: Current learning rate: 3e-05
2026-07-02 04:09:29.680764: train_loss -0.8028
2026-07-02 04:09:29.680983: val_loss -0.6848
2026-07-02 04:09:29.681087: Pseudo dice [0.7518, 0.8478, 0.7591]
2026-07-02 04:09:29.681182: Epoch time: 34.01 s
2026-07-02 04:09:30.860991: 
2026-07-02 04:09:30.861149: Epoch 148
2026-07-02 04:09:30.861257: Current learning rate: 2e-05
2026-07-02 04:10:04.776624: train_loss -0.7883
2026-07-02 04:10:04.776861: val_loss -0.7063
2026-07-02 04:10:04.776962: Pseudo dice [0.7465, 0.8524, 0.7852]
2026-07-02 04:10:04.777057: Epoch time: 33.92 s
2026-07-02 04:10:05.952376: 
2026-07-02 04:10:05.952540: Epoch 149
2026-07-02 04:10:05.952658: Current learning rate: 1e-05
2026-07-02 04:10:39.878697: train_loss -0.7858
2026-07-02 04:10:39.878921: val_loss -0.6465
2026-07-02 04:10:39.879022: Pseudo dice [0.735, 0.8302, 0.7446]
2026-07-02 04:10:39.879113: Epoch time: 33.93 s
2026-07-02 04:10:41.389341: Training done.
2026-07-02 04:10:41.418624: Using splits from existing split file: /gpfs/home1/yhussein/LightM-UNet/data/nnUNet_preprocessed/Dataset501_ARCADE/splits_final.json
2026-07-02 04:10:41.418990: The split file contains 1 splits.
2026-07-02 04:10:41.419058: Desired fold for training: 0
2026-07-02 04:10:41.419111: This split has 1000 training and 200 validation cases.
2026-07-02 04:10:41.421604: predicting val_1
2026-07-02 04:10:42.192064: predicting val_10
2026-07-02 04:10:42.248184: predicting val_100
2026-07-02 04:10:42.301879: predicting val_101
2026-07-02 04:10:42.355619: predicting val_102
2026-07-02 04:10:42.408560: predicting val_103
2026-07-02 04:10:42.463276: predicting val_104
2026-07-02 04:10:42.516588: predicting val_105
2026-07-02 04:10:42.570483: predicting val_106
2026-07-02 04:10:42.623226: predicting val_107
2026-07-02 04:10:46.884879: predicting val_108
2026-07-02 04:10:46.994357: predicting val_109
2026-07-02 04:10:47.112596: predicting val_11
2026-07-02 04:10:47.180756: predicting val_110
2026-07-02 04:10:47.276351: predicting val_111
2026-07-02 04:10:47.364228: predicting val_112
2026-07-02 04:10:47.434453: predicting val_113
2026-07-02 04:10:47.525899: predicting val_114
2026-07-02 04:10:47.633368: predicting val_115
2026-07-02 04:10:47.750319: predicting val_116
2026-07-02 04:10:47.803154: predicting val_117
2026-07-02 04:10:47.882676: predicting val_118
2026-07-02 04:10:47.955855: predicting val_119
2026-07-02 04:10:48.023149: predicting val_12
2026-07-02 04:10:48.114330: predicting val_120
2026-07-02 04:10:48.188719: predicting val_121
2026-07-02 04:10:48.261276: predicting val_122
2026-07-02 04:10:48.330157: predicting val_123
2026-07-02 04:10:48.413531: predicting val_124
2026-07-02 04:10:48.486747: predicting val_125
2026-07-02 04:10:48.594922: predicting val_126
2026-07-02 04:10:48.712366: predicting val_127
2026-07-02 04:10:48.799695: predicting val_128
2026-07-02 04:10:48.900347: predicting val_129
2026-07-02 04:10:49.001375: predicting val_13
2026-07-02 04:10:49.066616: predicting val_130
2026-07-02 04:10:49.171375: predicting val_131
2026-07-02 04:10:49.242064: predicting val_132
2026-07-02 04:10:49.317652: predicting val_133
2026-07-02 04:10:49.384748: predicting val_134
2026-07-02 04:10:49.517495: predicting val_135
2026-07-02 04:10:49.610003: predicting val_136
2026-07-02 04:10:49.739411: predicting val_137
2026-07-02 04:10:49.807425: predicting val_138
2026-07-02 04:10:49.900462: predicting val_139
2026-07-02 04:10:49.984445: predicting val_14
2026-07-02 04:10:50.074531: predicting val_140
2026-07-02 04:10:50.182246: predicting val_141
2026-07-02 04:10:50.249388: predicting val_142
2026-07-02 04:10:50.324935: predicting val_143
2026-07-02 04:10:50.433212: predicting val_144
2026-07-02 04:10:50.504885: predicting val_145
2026-07-02 04:10:50.576947: predicting val_146
2026-07-02 04:10:50.637661: predicting val_147
2026-07-02 04:10:50.776166: predicting val_148
2026-07-02 04:10:50.864935: predicting val_149
2026-07-02 04:10:50.924372: predicting val_15
2026-07-02 04:10:51.005390: predicting val_150
2026-07-02 04:10:51.107397: predicting val_151
2026-07-02 04:10:51.183306: predicting val_152
2026-07-02 04:10:51.313395: predicting val_153
2026-07-02 04:10:51.379728: predicting val_154
2026-07-02 04:10:51.453407: predicting val_155
2026-07-02 04:10:51.535983: predicting val_156
2026-07-02 04:10:51.612329: predicting val_157
2026-07-02 04:10:51.723190: predicting val_158
2026-07-02 04:10:51.821409: predicting val_159
2026-07-02 04:10:51.926977: predicting val_16
2026-07-02 04:10:51.998903: predicting val_160
2026-07-02 04:10:52.065351: predicting val_161
2026-07-02 04:10:52.165181: predicting val_162
2026-07-02 04:10:52.236048: predicting val_163
2026-07-02 04:10:52.373383: predicting val_164
2026-07-02 04:10:52.442402: predicting val_165
2026-07-02 04:10:52.521860: predicting val_166
2026-07-02 04:10:52.610244: predicting val_167
2026-07-02 04:10:52.682123: predicting val_168
2026-07-02 04:10:52.771412: predicting val_169
2026-07-02 04:10:52.879786: predicting val_17
2026-07-02 04:10:52.939422: predicting val_170
2026-07-02 04:10:53.021460: predicting val_171
2026-07-02 04:10:53.104911: predicting val_172
2026-07-02 04:10:53.163774: predicting val_173
2026-07-02 04:10:53.276387: predicting val_174
2026-07-02 04:10:53.331975: predicting val_175
2026-07-02 04:10:53.411655: predicting val_176
2026-07-02 04:10:53.499416: predicting val_177
2026-07-02 04:10:53.598658: predicting val_178
2026-07-02 04:10:53.673676: predicting val_179
2026-07-02 04:10:53.746000: predicting val_18
2026-07-02 04:10:53.819423: predicting val_180
2026-07-02 04:10:53.978405: predicting val_181
2026-07-02 04:10:54.032320: predicting val_182
2026-07-02 04:10:54.102327: predicting val_183
2026-07-02 04:10:54.193587: predicting val_184
2026-07-02 04:10:54.295318: predicting val_185
2026-07-02 04:10:54.391400: predicting val_186
2026-07-02 04:10:54.473502: predicting val_187
2026-07-02 04:10:54.607424: predicting val_188
2026-07-02 04:10:54.684517: predicting val_189
2026-07-02 04:10:54.757129: predicting val_19
2026-07-02 04:10:54.849791: predicting val_190
2026-07-02 04:10:54.930742: predicting val_191
2026-07-02 04:10:55.011315: predicting val_192
2026-07-02 04:10:55.088821: predicting val_193
2026-07-02 04:10:55.148020: predicting val_194
2026-07-02 04:10:55.227701: predicting val_195
2026-07-02 04:10:55.374629: predicting val_196
2026-07-02 04:10:55.440272: predicting val_197
2026-07-02 04:10:55.528443: predicting val_198
2026-07-02 04:10:55.623681: predicting val_199
2026-07-02 04:10:55.720572: predicting val_2
2026-07-02 04:10:55.819070: predicting val_20
2026-07-02 04:10:55.954248: predicting val_200
2026-07-02 04:10:56.007083: predicting val_21
2026-07-02 04:10:56.059079: predicting val_22
2026-07-02 04:10:56.138171: predicting val_23
2026-07-02 04:10:56.239149: predicting val_24
2026-07-02 04:10:56.326386: predicting val_25
2026-07-02 04:10:56.423132: predicting val_26
2026-07-02 04:10:56.548444: predicting val_27
2026-07-02 04:10:56.610945: predicting val_28
2026-07-02 04:10:56.703753: predicting val_29
2026-07-02 04:10:56.785386: predicting val_3
2026-07-02 04:10:56.910588: predicting val_30
2026-07-02 04:10:56.962938: predicting val_31
2026-07-02 04:10:57.064582: predicting val_32
2026-07-02 04:10:57.131249: predicting val_33
2026-07-02 04:10:57.230711: predicting val_34
2026-07-02 04:10:57.302442: predicting val_35
2026-07-02 04:10:57.405728: predicting val_36
2026-07-02 04:10:57.499280: predicting val_37
2026-07-02 04:10:57.576702: predicting val_38
2026-07-02 04:10:57.632002: predicting val_39
2026-07-02 04:10:57.739475: predicting val_4
2026-07-02 04:10:57.872103: predicting val_40
2026-07-02 04:10:57.924920: predicting val_41
2026-07-02 04:10:58.015311: predicting val_42
2026-07-02 04:10:58.085263: predicting val_43
2026-07-02 04:10:58.194139: predicting val_44
2026-07-02 04:10:58.271656: predicting val_45
2026-07-02 04:10:58.347690: predicting val_46
2026-07-02 04:10:58.454759: predicting val_47
2026-07-02 04:10:58.514888: predicting val_48
2026-07-02 04:10:58.603790: predicting val_49
2026-07-02 04:10:58.679065: predicting val_5
2026-07-02 04:10:58.734177: predicting val_50
2026-07-02 04:10:58.832532: predicting val_51
2026-07-02 04:10:58.953470: predicting val_52
2026-07-02 04:10:59.027364: predicting val_53
2026-07-02 04:10:59.111844: predicting val_54
2026-07-02 04:10:59.221456: predicting val_55
2026-07-02 04:10:59.291713: predicting val_56
2026-07-02 04:10:59.378481: predicting val_57
2026-07-02 04:10:59.489454: predicting val_58
2026-07-02 04:10:59.568190: predicting val_59
2026-07-02 04:10:59.664117: predicting val_6
2026-07-02 04:10:59.761079: predicting val_60
2026-07-02 04:10:59.839387: predicting val_61
2026-07-02 04:10:59.972568: predicting val_62
2026-07-02 04:11:00.028142: predicting val_63
2026-07-02 04:11:00.125476: predicting val_64
2026-07-02 04:11:00.198484: predicting val_65
2026-07-02 04:11:00.303079: predicting val_66
2026-07-02 04:11:00.374096: predicting val_67
2026-07-02 04:11:00.429149: predicting val_68
2026-07-02 04:11:00.532872: predicting val_69
2026-07-02 04:11:00.663896: predicting val_7
2026-07-02 04:11:00.751467: predicting val_70
2026-07-02 04:11:00.824417: predicting val_71
2026-07-02 04:11:00.889347: predicting val_72
2026-07-02 04:11:00.960218: predicting val_73
2026-07-02 04:11:01.060907: predicting val_74
2026-07-02 04:11:01.121351: predicting val_75
2026-07-02 04:11:01.184608: predicting val_76
2026-07-02 04:11:01.325715: predicting val_77
2026-07-02 04:11:01.423526: predicting val_78
2026-07-02 04:11:01.503909: predicting val_79
2026-07-02 04:11:01.577495: predicting val_8
2026-07-02 04:11:01.683032: predicting val_80
2026-07-02 04:11:01.772007: predicting val_81
2026-07-02 04:11:01.844840: predicting val_82
2026-07-02 04:11:01.907943: predicting val_83
2026-07-02 04:11:02.033664: predicting val_84
2026-07-02 04:11:02.119455: predicting val_85
2026-07-02 04:11:02.205500: predicting val_86
2026-07-02 04:11:02.286491: predicting val_87
2026-07-02 04:11:02.401491: predicting val_88
2026-07-02 04:11:02.465720: predicting val_89
2026-07-02 04:11:02.536633: predicting val_9
2026-07-02 04:11:02.635499: predicting val_90
2026-07-02 04:11:02.746476: predicting val_91
2026-07-02 04:11:02.827175: predicting val_92
2026-07-02 04:11:02.932371: predicting val_93
2026-07-02 04:11:03.022436: predicting val_94
2026-07-02 04:11:03.081267: predicting val_95
2026-07-02 04:11:03.184852: predicting val_96
2026-07-02 04:11:03.252478: predicting val_97
2026-07-02 04:11:03.347399: predicting val_98
2026-07-02 04:11:03.468517: predicting val_99
2026-07-02 04:11:07.997160: Validation complete
2026-07-02 04:11:07.997311: Mean Validation Dice:  0.7291995606822695
Using device: cuda:0

#######################################################################
Please cite the following paper when using nnU-Net:
Isensee, F., Jaeger, P. F., Kohl, S. A., Petersen, J., & Maier-Hein, K. H. (2021). nnU-Net: a self-configuring method for deep learning-based biomedical image segmentation. Nature methods, 18(2), 203-211.
#######################################################################

WARNING: Cannot continue training because there seems to be no checkpoint available to continue from. Starting a new training...

This is the configuration used by this training:
Configuration name: 2d
 {'data_identifier': 'nnUNetPlans_2d', 'preprocessor_name': 'DefaultPreprocessor', 'batch_size': 4, 'patch_size': [512, 512], 'median_image_size_in_voxels': [512.0, 512.0], 'spacing': [1.0, 1.0], 'normalization_schemes': ['ZScoreNormalization'], 'use_mask_for_norm': [False], 'UNet_class_name': 'PlainConvUNet', 'UNet_base_num_features': 32, 'n_conv_per_stage_encoder': [2, 2, 2, 2, 2, 2, 2, 2], 'n_conv_per_stage_decoder': [2, 2, 2, 2, 2, 2, 2], 'num_pool_per_axis': [7, 7], 'pool_op_kernel_sizes': [[1, 1], [2, 2], [2, 2], [2, 2], [2, 2], [2, 2], [2, 2], [2, 2]], 'conv_kernel_sizes': [[3, 3], [3, 3], [3, 3], [3, 3], [3, 3], [3, 3], [3, 3], [3, 3]], 'unet_max_num_features': 512, 'resampling_fn_data': 'resample_data_or_seg_to_shape', 'resampling_fn_seg': 'resample_data_or_seg_to_shape', 'resampling_fn_data_kwargs': {'is_seg': False, 'order': 3, 'order_z': 0, 'force_separate_z': None}, 'resampling_fn_seg_kwargs': {'is_seg': True, 'order': 1, 'order_z': 0, 'force_separate_z': None}, 'resampling_fn_probabilities': 'resample_data_or_seg_to_shape', 'resampling_fn_probabilities_kwargs': {'is_seg': False, 'order': 1, 'order_z': 0, 'force_separate_z': None}, 'batch_dice': True} 

These are the global plan.json settings:
 {'dataset_name': 'Dataset501_ARCADE', 'plans_name': 'nnUNetPlans', 'original_median_spacing_after_transp': [999.0, 1.0, 1.0], 'original_median_shape_after_transp': [1, 512, 512], 'image_reader_writer': 'NaturalImage2DIO', 'transpose_forward': [0, 1, 2], 'transpose_backward': [0, 1, 2], 'experiment_planner_used': 'ExperimentPlanner', 'label_manager': 'LabelManager', 'foreground_intensity_properties_per_channel': {'0': {'max': 255.0, 'mean': 98.67886352539062, 'median': 96.0, 'min': 0.0, 'percentile_00_5': 32.0, 'percentile_99_5': 186.0, 'std': 31.84078025817871}}} 

2026-07-02 04:11:22.820069: unpacking dataset...
2026-07-02 04:11:26.953994: unpacking done...
2026-07-02 04:11:26.954386: do_dummy_2d_data_aug: False
2026-07-02 04:11:26.960218: Using splits from existing split file: /gpfs/home1/yhussein/LightM-UNet/data/nnUNet_preprocessed/Dataset501_ARCADE/splits_final.json
2026-07-02 04:11:26.960535: The split file contains 1 splits.
2026-07-02 04:11:26.960599: Desired fold for training: 0
2026-07-02 04:11:26.960649: This split has 1000 training and 200 validation cases.
2026-07-02 04:11:26.977570: Skipping architecture plot (GCX_SKIP_ARCH_PLOT=1)
2026-07-02 04:11:26.991425: 
2026-07-02 04:11:26.991550: Epoch 0
2026-07-02 04:11:26.991675: Current learning rate: 0.001
using pin_memory on device 0
using pin_memory on device 0
2026-07-02 04:12:01.200463: train_loss 0.3562
2026-07-02 04:12:01.200758: val_loss -0.0313
2026-07-02 04:12:01.200883: Pseudo dice [0.0004, 0.0, 0.0]
2026-07-02 04:12:01.200995: Epoch time: 34.21 s
2026-07-02 04:12:01.201159: Yayy! New best EMA pseudo Dice: 0.0001
2026-07-02 04:12:02.344308: 
2026-07-02 04:12:02.344488: Epoch 1
2026-07-02 04:12:02.344601: Current learning rate: 0.00099
2026-07-02 04:12:33.658844: train_loss -0.0647
2026-07-02 04:12:33.659077: val_loss -0.0816
2026-07-02 04:12:33.659181: Pseudo dice [0.0001, 0.0, 0.0]
2026-07-02 04:12:33.659269: Epoch time: 31.32 s
2026-07-02 04:12:34.805259: 
2026-07-02 04:12:34.805420: Epoch 2
2026-07-02 04:12:34.805530: Current learning rate: 0.00099
2026-07-02 04:13:06.146979: train_loss -0.0906
2026-07-02 04:13:06.147187: val_loss -0.0877
2026-07-02 04:13:06.147293: Pseudo dice [0.0013, 0.4197, 0.0]
2026-07-02 04:13:06.147989: Epoch time: 31.34 s
2026-07-02 04:13:06.148073: Yayy! New best EMA pseudo Dice: 0.0141
2026-07-02 04:13:07.448506: 
2026-07-02 04:13:07.448673: Epoch 3
2026-07-02 04:13:07.448783: Current learning rate: 0.00098
2026-07-02 04:13:38.630400: train_loss -0.1023
2026-07-02 04:13:38.630645: val_loss -0.0887
2026-07-02 04:13:38.630750: Pseudo dice [0.0037, 0.4086, 0.0]
2026-07-02 04:13:38.630843: Epoch time: 31.18 s
2026-07-02 04:13:38.630916: Yayy! New best EMA pseudo Dice: 0.0265
2026-07-02 04:13:39.911005: 
2026-07-02 04:13:39.911179: Epoch 4
2026-07-02 04:13:39.911290: Current learning rate: 0.00098
2026-07-02 04:14:11.203667: train_loss -0.1136
2026-07-02 04:14:11.203900: val_loss -0.1143
2026-07-02 04:14:11.204005: Pseudo dice [0.0123, 0.4931, 0.0]
2026-07-02 04:14:11.204095: Epoch time: 31.29 s
2026-07-02 04:14:11.204166: Yayy! New best EMA pseudo Dice: 0.0407
2026-07-02 04:14:12.500631: 
2026-07-02 04:14:12.500804: Epoch 5
2026-07-02 04:14:12.500918: Current learning rate: 0.00097
2026-07-02 04:14:43.871064: train_loss -0.1232
2026-07-02 04:14:43.871259: val_loss -0.1375
2026-07-02 04:14:43.871371: Pseudo dice [0.3722, 0.5689, 0.0001]
2026-07-02 04:14:43.871460: Epoch time: 31.37 s
2026-07-02 04:14:43.871529: Yayy! New best EMA pseudo Dice: 0.068
2026-07-02 04:14:45.122344: 
2026-07-02 04:14:45.122505: Epoch 6
2026-07-02 04:14:45.122621: Current learning rate: 0.00096
2026-07-02 04:15:16.408771: train_loss -0.1871
2026-07-02 04:15:16.408966: val_loss -0.2565
2026-07-02 04:15:16.409066: Pseudo dice [0.4771, 0.6518, 0.0368]
2026-07-02 04:15:16.409153: Epoch time: 31.29 s
2026-07-02 04:15:16.409225: Yayy! New best EMA pseudo Dice: 0.1
2026-07-02 04:15:17.687704: 
2026-07-02 04:15:17.687884: Epoch 7
2026-07-02 04:15:17.687998: Current learning rate: 0.00096
2026-07-02 04:15:48.926924: train_loss -0.3261
2026-07-02 04:15:48.927173: val_loss -0.3413
2026-07-02 04:15:48.927278: Pseudo dice [0.536, 0.5885, 0.4328]
2026-07-02 04:15:48.927377: Epoch time: 31.24 s
2026-07-02 04:15:48.927448: Yayy! New best EMA pseudo Dice: 0.1419
2026-07-02 04:15:50.348288: 
2026-07-02 04:15:50.348446: Epoch 8
2026-07-02 04:15:50.348558: Current learning rate: 0.00095
2026-07-02 04:16:21.577965: train_loss -0.3993
2026-07-02 04:16:21.578223: val_loss -0.4952
2026-07-02 04:16:21.578336: Pseudo dice [0.6195, 0.7299, 0.5651]
2026-07-02 04:16:21.578433: Epoch time: 31.23 s
2026-07-02 04:16:21.578509: Yayy! New best EMA pseudo Dice: 0.1916
2026-07-02 04:16:22.855500: 
2026-07-02 04:16:22.855666: Epoch 9
2026-07-02 04:16:22.855783: Current learning rate: 0.00095
2026-07-02 04:16:54.159810: train_loss -0.4395
2026-07-02 04:16:54.160110: val_loss -0.5226
2026-07-02 04:16:54.160221: Pseudo dice [0.6451, 0.7721, 0.5307]
2026-07-02 04:16:54.160320: Epoch time: 31.31 s
2026-07-02 04:16:54.160393: Yayy! New best EMA pseudo Dice: 0.2373
2026-07-02 04:16:55.399493: 
2026-07-02 04:16:55.399710: Epoch 10
2026-07-02 04:16:55.399825: Current learning rate: 0.00094
2026-07-02 04:17:26.681389: train_loss -0.4911
2026-07-02 04:17:26.681581: val_loss -0.505
2026-07-02 04:17:26.681681: Pseudo dice [0.6037, 0.7371, 0.6022]
2026-07-02 04:17:26.681768: Epoch time: 31.28 s
2026-07-02 04:17:26.681841: Yayy! New best EMA pseudo Dice: 0.2784
2026-07-02 04:17:27.939003: 
2026-07-02 04:17:27.939171: Epoch 11
2026-07-02 04:17:27.939283: Current learning rate: 0.00093
2026-07-02 04:17:59.136821: train_loss -0.5214
2026-07-02 04:17:59.137102: val_loss -0.5722
2026-07-02 04:17:59.137204: Pseudo dice [0.6633, 0.8088, 0.6263]
2026-07-02 04:17:59.137303: Epoch time: 31.2 s
2026-07-02 04:17:59.137381: Yayy! New best EMA pseudo Dice: 0.3205
2026-07-02 04:18:00.401620: 
2026-07-02 04:18:00.401784: Epoch 12
2026-07-02 04:18:00.401896: Current learning rate: 0.00093
2026-07-02 04:18:31.690111: train_loss -0.5402
2026-07-02 04:18:31.690345: val_loss -0.5783
2026-07-02 04:18:31.690448: Pseudo dice [0.6579, 0.8117, 0.6277]
2026-07-02 04:18:31.690537: Epoch time: 31.29 s
2026-07-02 04:18:31.690608: Yayy! New best EMA pseudo Dice: 0.3583
2026-07-02 04:18:32.970333: 
2026-07-02 04:18:32.970496: Epoch 13
2026-07-02 04:18:32.970611: Current learning rate: 0.00092
2026-07-02 04:19:04.310084: train_loss -0.5462
2026-07-02 04:19:04.310958: val_loss -0.5548
2026-07-02 04:19:04.311078: Pseudo dice [0.6704, 0.7342, 0.6384]
2026-07-02 04:19:04.311175: Epoch time: 31.34 s
2026-07-02 04:19:04.311253: Yayy! New best EMA pseudo Dice: 0.3906
2026-07-02 04:19:05.600354: 
2026-07-02 04:19:05.600527: Epoch 14
2026-07-02 04:19:05.600639: Current learning rate: 0.00092
2026-07-02 04:19:36.801621: train_loss -0.5679
2026-07-02 04:19:36.801812: val_loss -0.6088
2026-07-02 04:19:36.801911: Pseudo dice [0.6977, 0.7917, 0.6622]
2026-07-02 04:19:36.801996: Epoch time: 31.2 s
2026-07-02 04:19:36.802068: Yayy! New best EMA pseudo Dice: 0.4233
2026-07-02 04:19:38.218856: 
2026-07-02 04:19:38.219018: Epoch 15
2026-07-02 04:19:38.219136: Current learning rate: 0.00091
2026-07-02 04:20:09.430244: train_loss -0.5649
2026-07-02 04:20:09.430491: val_loss -0.5916
2026-07-02 04:20:09.430593: Pseudo dice [0.6855, 0.7922, 0.6467]
2026-07-02 04:20:09.430685: Epoch time: 31.21 s
2026-07-02 04:20:09.430758: Yayy! New best EMA pseudo Dice: 0.4518
2026-07-02 04:20:10.700897: 
2026-07-02 04:20:10.701061: Epoch 16
2026-07-02 04:20:10.701168: Current learning rate: 0.0009
2026-07-02 04:20:42.084676: train_loss -0.5721
2026-07-02 04:20:42.084936: val_loss -0.6229
2026-07-02 04:20:42.085038: Pseudo dice [0.6957, 0.7893, 0.6848]
2026-07-02 04:20:42.085128: Epoch time: 31.39 s
2026-07-02 04:20:42.085200: Yayy! New best EMA pseudo Dice: 0.4789
2026-07-02 04:20:43.440873: 
2026-07-02 04:20:43.441044: Epoch 17
2026-07-02 04:20:43.441154: Current learning rate: 0.0009
2026-07-02 04:21:14.735476: train_loss -0.5903
2026-07-02 04:21:14.735722: val_loss -0.5973
2026-07-02 04:21:14.735826: Pseudo dice [0.6877, 0.7946, 0.6638]
2026-07-02 04:21:14.735916: Epoch time: 31.3 s
2026-07-02 04:21:14.735988: Yayy! New best EMA pseudo Dice: 0.5026
2026-07-02 04:21:16.019420: 
2026-07-02 04:21:16.019593: Epoch 18
2026-07-02 04:21:16.019706: Current learning rate: 0.00089
2026-07-02 04:21:47.253753: train_loss -0.598
2026-07-02 04:21:47.253993: val_loss -0.6387
2026-07-02 04:21:47.254094: Pseudo dice [0.6936, 0.8257, 0.7021]
2026-07-02 04:21:47.254182: Epoch time: 31.24 s
2026-07-02 04:21:47.254255: Yayy! New best EMA pseudo Dice: 0.5263
2026-07-02 04:21:48.687912: 
2026-07-02 04:21:48.688061: Epoch 19
2026-07-02 04:21:48.688169: Current learning rate: 0.00089
2026-07-02 04:22:19.918231: train_loss -0.6018
2026-07-02 04:22:19.918424: val_loss -0.5963
2026-07-02 04:22:19.918525: Pseudo dice [0.6757, 0.8239, 0.651]
2026-07-02 04:22:19.918610: Epoch time: 31.23 s
2026-07-02 04:22:19.918680: Yayy! New best EMA pseudo Dice: 0.5454
2026-07-02 04:22:21.208935: 
2026-07-02 04:22:21.209100: Epoch 20
2026-07-02 04:22:21.209211: Current learning rate: 0.00088
2026-07-02 04:22:52.581170: train_loss -0.6101
2026-07-02 04:22:52.581386: val_loss -0.6058
2026-07-02 04:22:52.581489: Pseudo dice [0.6856, 0.8272, 0.6601]
2026-07-02 04:22:52.581579: Epoch time: 31.37 s
2026-07-02 04:22:52.581649: Yayy! New best EMA pseudo Dice: 0.5633
2026-07-02 04:22:53.881542: 
2026-07-02 04:22:53.881714: Epoch 21
2026-07-02 04:22:53.881877: Current learning rate: 0.00087
2026-07-02 04:23:25.248398: train_loss -0.6189
2026-07-02 04:23:25.248611: val_loss -0.6332
2026-07-02 04:23:25.248714: Pseudo dice [0.6935, 0.8422, 0.6881]
2026-07-02 04:23:25.248805: Epoch time: 31.37 s
2026-07-02 04:23:25.248878: Yayy! New best EMA pseudo Dice: 0.5811
2026-07-02 04:23:26.496113: 
2026-07-02 04:23:26.496276: Epoch 22
2026-07-02 04:23:26.496392: Current learning rate: 0.00087
2026-07-02 04:23:57.701012: train_loss -0.6211
2026-07-02 04:23:57.701307: val_loss -0.642
2026-07-02 04:23:57.701419: Pseudo dice [0.6982, 0.8269, 0.6873]
2026-07-02 04:23:57.701511: Epoch time: 31.21 s
2026-07-02 04:23:57.701585: Yayy! New best EMA pseudo Dice: 0.5967
2026-07-02 04:23:59.093913: 
2026-07-02 04:23:59.094076: Epoch 23
2026-07-02 04:23:59.094189: Current learning rate: 0.00086
2026-07-02 04:24:30.297897: train_loss -0.6326
2026-07-02 04:24:30.298140: val_loss -0.6376
2026-07-02 04:24:30.298245: Pseudo dice [0.6898, 0.8275, 0.7091]
2026-07-02 04:24:30.298346: Epoch time: 31.21 s
2026-07-02 04:24:30.298421: Yayy! New best EMA pseudo Dice: 0.6113
2026-07-02 04:24:31.553685: 
2026-07-02 04:24:31.553855: Epoch 24
2026-07-02 04:24:31.553966: Current learning rate: 0.00085
2026-07-02 04:25:02.905536: train_loss -0.6172
2026-07-02 04:25:02.905732: val_loss -0.6115
2026-07-02 04:25:02.905835: Pseudo dice [0.688, 0.8434, 0.6426]
2026-07-02 04:25:02.905924: Epoch time: 31.35 s
2026-07-02 04:25:02.905995: Yayy! New best EMA pseudo Dice: 0.6226
2026-07-02 04:25:04.166675: 
2026-07-02 04:25:04.166836: Epoch 25
2026-07-02 04:25:04.166946: Current learning rate: 0.00085
2026-07-02 04:25:35.518412: train_loss -0.6286
2026-07-02 04:25:35.518620: val_loss -0.596
2026-07-02 04:25:35.518721: Pseudo dice [0.6908, 0.808, 0.691]
2026-07-02 04:25:35.518806: Epoch time: 31.35 s
2026-07-02 04:25:35.518874: Yayy! New best EMA pseudo Dice: 0.6333
2026-07-02 04:25:36.784744: 
2026-07-02 04:25:36.784908: Epoch 26
2026-07-02 04:25:36.785027: Current learning rate: 0.00084
2026-07-02 04:26:07.992732: train_loss -0.6395
2026-07-02 04:26:07.992964: val_loss -0.5707
2026-07-02 04:26:07.993067: Pseudo dice [0.6662, 0.7852, 0.6804]
2026-07-02 04:26:07.993155: Epoch time: 31.21 s
2026-07-02 04:26:07.993228: Yayy! New best EMA pseudo Dice: 0.6411
2026-07-02 04:26:09.266887: 
2026-07-02 04:26:09.267044: Epoch 27
2026-07-02 04:26:09.267154: Current learning rate: 0.00084
2026-07-02 04:26:40.656220: train_loss -0.6347
2026-07-02 04:26:40.656466: val_loss -0.6456
2026-07-02 04:26:40.656569: Pseudo dice [0.7085, 0.8372, 0.7241]
2026-07-02 04:26:40.656656: Epoch time: 31.39 s
2026-07-02 04:26:40.656730: Yayy! New best EMA pseudo Dice: 0.6526
2026-07-02 04:26:41.925146: 
2026-07-02 04:26:41.925315: Epoch 28
2026-07-02 04:26:41.925436: Current learning rate: 0.00083
2026-07-02 04:27:13.327754: train_loss -0.6492
2026-07-02 04:27:13.327954: val_loss -0.6757
2026-07-02 04:27:13.328058: Pseudo dice [0.7072, 0.8387, 0.7631]
2026-07-02 04:27:13.328145: Epoch time: 31.4 s
2026-07-02 04:27:13.328215: Yayy! New best EMA pseudo Dice: 0.6643
2026-07-02 04:27:14.604556: 
2026-07-02 04:27:14.604707: Epoch 29
2026-07-02 04:27:14.604817: Current learning rate: 0.00082
2026-07-02 04:27:46.013257: train_loss -0.6362
2026-07-02 04:27:46.013463: val_loss -0.6563
2026-07-02 04:27:46.013564: Pseudo dice [0.6994, 0.8503, 0.741]
2026-07-02 04:27:46.013654: Epoch time: 31.41 s
2026-07-02 04:27:46.013726: Yayy! New best EMA pseudo Dice: 0.6742
2026-07-02 04:27:47.297347: 
2026-07-02 04:27:47.297513: Epoch 30
2026-07-02 04:27:47.297625: Current learning rate: 0.00082
2026-07-02 04:28:18.527656: train_loss -0.6378
2026-07-02 04:28:18.527907: val_loss -0.5788
2026-07-02 04:28:18.528012: Pseudo dice [0.6567, 0.8167, 0.6531]
2026-07-02 04:28:18.528110: Epoch time: 31.23 s
2026-07-02 04:28:18.528187: Yayy! New best EMA pseudo Dice: 0.6777
2026-07-02 04:28:19.986028: 
2026-07-02 04:28:19.986200: Epoch 31
2026-07-02 04:28:19.986320: Current learning rate: 0.00081
2026-07-02 04:28:51.206998: train_loss -0.6502
2026-07-02 04:28:51.207236: val_loss -0.6544
2026-07-02 04:28:51.207345: Pseudo dice [0.697, 0.8538, 0.7476]
2026-07-02 04:28:51.207442: Epoch time: 31.22 s
2026-07-02 04:28:51.207517: Yayy! New best EMA pseudo Dice: 0.6865
2026-07-02 04:28:52.492241: 
2026-07-02 04:28:52.492423: Epoch 32
2026-07-02 04:28:52.492535: Current learning rate: 0.00081
2026-07-02 04:29:23.865005: train_loss -0.6517
2026-07-02 04:29:23.865247: val_loss -0.6368
2026-07-02 04:29:23.865359: Pseudo dice [0.7155, 0.8065, 0.7163]
2026-07-02 04:29:23.865454: Epoch time: 31.37 s
2026-07-02 04:29:23.865529: Yayy! New best EMA pseudo Dice: 0.6925
2026-07-02 04:29:25.162016: 
2026-07-02 04:29:25.162188: Epoch 33
2026-07-02 04:29:25.162308: Current learning rate: 0.0008
2026-07-02 04:29:56.552871: train_loss -0.6645
2026-07-02 04:29:56.553060: val_loss -0.6439
2026-07-02 04:29:56.553159: Pseudo dice [0.724, 0.8366, 0.6921]
2026-07-02 04:29:56.553865: Epoch time: 31.39 s
2026-07-02 04:29:56.553947: Yayy! New best EMA pseudo Dice: 0.6983
2026-07-02 04:29:57.848762: 
2026-07-02 04:29:57.848925: Epoch 34
2026-07-02 04:29:57.849037: Current learning rate: 0.00079
2026-07-02 04:30:29.220131: train_loss -0.6754
2026-07-02 04:30:29.220342: val_loss -0.6465
2026-07-02 04:30:29.220440: Pseudo dice [0.7172, 0.8119, 0.7261]
2026-07-02 04:30:29.220529: Epoch time: 31.37 s
2026-07-02 04:30:29.220602: Yayy! New best EMA pseudo Dice: 0.7037
2026-07-02 04:30:30.498520: 
2026-07-02 04:30:30.498691: Epoch 35
2026-07-02 04:30:30.498804: Current learning rate: 0.00079
2026-07-02 04:31:01.725822: train_loss -0.6689
2026-07-02 04:31:01.726069: val_loss -0.6408
2026-07-02 04:31:01.726171: Pseudo dice [0.7204, 0.8426, 0.7246]
2026-07-02 04:31:01.726267: Epoch time: 31.23 s
2026-07-02 04:31:01.726353: Yayy! New best EMA pseudo Dice: 0.7096
2026-07-02 04:31:03.175597: 
2026-07-02 04:31:03.175760: Epoch 36
2026-07-02 04:31:03.175872: Current learning rate: 0.00078
2026-07-02 04:31:34.394726: train_loss -0.6718
2026-07-02 04:31:34.394970: val_loss -0.6579
2026-07-02 04:31:34.395071: Pseudo dice [0.711, 0.8518, 0.7215]
2026-07-02 04:31:34.395169: Epoch time: 31.22 s
2026-07-02 04:31:34.395245: Yayy! New best EMA pseudo Dice: 0.7148
2026-07-02 04:31:35.669863: 
2026-07-02 04:31:35.670038: Epoch 37
2026-07-02 04:31:35.670149: Current learning rate: 0.00077
2026-07-02 04:32:07.062054: train_loss -0.6519
2026-07-02 04:32:07.062251: val_loss -0.6745
2026-07-02 04:32:07.062362: Pseudo dice [0.7362, 0.808, 0.7383]
2026-07-02 04:32:07.062454: Epoch time: 31.39 s
2026-07-02 04:32:07.062569: Yayy! New best EMA pseudo Dice: 0.7194
2026-07-02 04:32:08.338646: 
2026-07-02 04:32:08.338819: Epoch 38
2026-07-02 04:32:08.338931: Current learning rate: 0.00077
2026-07-02 04:32:39.758138: train_loss -0.6622
2026-07-02 04:32:39.758350: val_loss -0.6624
2026-07-02 04:32:39.758450: Pseudo dice [0.7245, 0.8258, 0.722]
2026-07-02 04:32:39.758535: Epoch time: 31.42 s
2026-07-02 04:32:39.758607: Yayy! New best EMA pseudo Dice: 0.7232
2026-07-02 04:32:41.038315: 
2026-07-02 04:32:41.038496: Epoch 39
2026-07-02 04:32:41.038607: Current learning rate: 0.00076
2026-07-02 04:33:12.383247: train_loss -0.6782
2026-07-02 04:33:12.383456: val_loss -0.6571
2026-07-02 04:33:12.383560: Pseudo dice [0.7247, 0.8309, 0.7491]
2026-07-02 04:33:12.383651: Epoch time: 31.35 s
2026-07-02 04:33:12.383724: Yayy! New best EMA pseudo Dice: 0.7277
2026-07-02 04:33:13.682217: 
2026-07-02 04:33:13.682406: Epoch 40
2026-07-02 04:33:13.682526: Current learning rate: 0.00076
2026-07-02 04:33:44.886695: train_loss -0.6814
2026-07-02 04:33:44.886952: val_loss -0.6563
2026-07-02 04:33:44.887053: Pseudo dice [0.7261, 0.8484, 0.7269]
2026-07-02 04:33:44.887145: Epoch time: 31.21 s
2026-07-02 04:33:44.887221: Yayy! New best EMA pseudo Dice: 0.7316
2026-07-02 04:33:46.334164: 
2026-07-02 04:33:46.334321: Epoch 41
2026-07-02 04:33:46.334435: Current learning rate: 0.00075
2026-07-02 04:34:17.546316: train_loss -0.6715
2026-07-02 04:34:17.546554: val_loss -0.6677
2026-07-02 04:34:17.546657: Pseudo dice [0.7123, 0.8488, 0.7399]
2026-07-02 04:34:17.546750: Epoch time: 31.21 s
2026-07-02 04:34:17.546936: Yayy! New best EMA pseudo Dice: 0.7352
2026-07-02 04:34:18.802407: 
2026-07-02 04:34:18.802560: Epoch 42
2026-07-02 04:34:18.802672: Current learning rate: 0.00074
2026-07-02 04:34:50.199254: train_loss -0.682
2026-07-02 04:34:50.199460: val_loss -0.6639
2026-07-02 04:34:50.199564: Pseudo dice [0.7282, 0.8486, 0.7555]
2026-07-02 04:34:50.199655: Epoch time: 31.4 s
2026-07-02 04:34:50.199728: Yayy! New best EMA pseudo Dice: 0.7394
2026-07-02 04:34:51.463896: 
2026-07-02 04:34:51.464060: Epoch 43
2026-07-02 04:34:51.464176: Current learning rate: 0.00074
2026-07-02 04:35:22.840133: train_loss -0.6929
2026-07-02 04:35:22.840352: val_loss -0.6232
2026-07-02 04:35:22.840455: Pseudo dice [0.7233, 0.7584, 0.7422]
2026-07-02 04:35:22.840541: Epoch time: 31.38 s
2026-07-02 04:35:22.840612: Yayy! New best EMA pseudo Dice: 0.7396
2026-07-02 04:35:24.100352: 
2026-07-02 04:35:24.100520: Epoch 44
2026-07-02 04:35:24.100631: Current learning rate: 0.00073
2026-07-02 04:35:55.418849: train_loss -0.6909
2026-07-02 04:35:55.419051: val_loss -0.6488
2026-07-02 04:35:55.419153: Pseudo dice [0.7051, 0.8126, 0.7209]
2026-07-02 04:35:55.419246: Epoch time: 31.32 s
2026-07-02 04:35:55.419326: Yayy! New best EMA pseudo Dice: 0.7402
2026-07-02 04:35:56.677345: 
2026-07-02 04:35:56.677502: Epoch 45
2026-07-02 04:35:56.677622: Current learning rate: 0.00073
2026-07-02 04:36:28.001680: train_loss -0.6773
2026-07-02 04:36:28.001889: val_loss -0.6645
2026-07-02 04:36:28.002039: Pseudo dice [0.7324, 0.8353, 0.7556]
2026-07-02 04:36:28.002135: Epoch time: 31.33 s
2026-07-02 04:36:28.002208: Yayy! New best EMA pseudo Dice: 0.7437
2026-07-02 04:36:29.258364: 
2026-07-02 04:36:29.258525: Epoch 46
2026-07-02 04:36:29.258640: Current learning rate: 0.00072
2026-07-02 04:37:00.473554: train_loss -0.6963
2026-07-02 04:37:00.473803: val_loss -0.6703
2026-07-02 04:37:00.473910: Pseudo dice [0.7394, 0.839, 0.7589]
2026-07-02 04:37:00.474006: Epoch time: 31.22 s
2026-07-02 04:37:00.474083: Yayy! New best EMA pseudo Dice: 0.7472
2026-07-02 04:37:01.738018: 
2026-07-02 04:37:01.738181: Epoch 47
2026-07-02 04:37:01.738304: Current learning rate: 0.00071
2026-07-02 04:37:33.089743: train_loss -0.6923
2026-07-02 04:37:33.089944: val_loss -0.6802
2026-07-02 04:37:33.090043: Pseudo dice [0.735, 0.8267, 0.7619]
2026-07-02 04:37:33.090136: Epoch time: 31.35 s
2026-07-02 04:37:33.090211: Yayy! New best EMA pseudo Dice: 0.7499
2026-07-02 04:37:34.353087: 
2026-07-02 04:37:34.353256: Epoch 48
2026-07-02 04:37:34.353380: Current learning rate: 0.00071
2026-07-02 04:38:05.699836: train_loss -0.695
2026-07-02 04:38:05.700067: val_loss -0.6566
2026-07-02 04:38:05.700169: Pseudo dice [0.717, 0.8553, 0.7266]
2026-07-02 04:38:05.700258: Epoch time: 31.35 s
2026-07-02 04:38:05.700338: Yayy! New best EMA pseudo Dice: 0.7516
2026-07-02 04:38:06.982605: 
2026-07-02 04:38:06.982787: Epoch 49
2026-07-02 04:38:06.982897: Current learning rate: 0.0007
2026-07-02 04:38:38.206358: train_loss -0.7017
2026-07-02 04:38:38.206620: val_loss -0.6424
2026-07-02 04:38:38.206721: Pseudo dice [0.7105, 0.8438, 0.6831]
2026-07-02 04:38:38.206819: Epoch time: 31.23 s
2026-07-02 04:38:40.702884: 
2026-07-02 04:38:40.703057: Epoch 50
2026-07-02 04:38:40.703173: Current learning rate: 0.00069
2026-07-02 04:39:11.925991: train_loss -0.6879
2026-07-02 04:39:11.926237: val_loss -0.6283
2026-07-02 04:39:11.926351: Pseudo dice [0.7384, 0.7992, 0.7036]
2026-07-02 04:39:11.926451: Epoch time: 31.22 s
2026-07-02 04:39:13.093030: 
2026-07-02 04:39:13.093192: Epoch 51
2026-07-02 04:39:13.093309: Current learning rate: 0.00069
2026-07-02 04:39:44.431596: train_loss -0.6956
2026-07-02 04:39:44.431839: val_loss -0.6859
2026-07-02 04:39:44.431942: Pseudo dice [0.7274, 0.8555, 0.7555]
2026-07-02 04:39:44.432038: Epoch time: 31.34 s
2026-07-02 04:39:44.432114: Yayy! New best EMA pseudo Dice: 0.7535
2026-07-02 04:39:45.709725: 
2026-07-02 04:39:45.709895: Epoch 52
2026-07-02 04:39:45.710008: Current learning rate: 0.00068
2026-07-02 04:40:17.020041: train_loss -0.7099
2026-07-02 04:40:17.020253: val_loss -0.6725
2026-07-02 04:40:17.020365: Pseudo dice [0.734, 0.856, 0.7469]
2026-07-02 04:40:17.020459: Epoch time: 31.31 s
2026-07-02 04:40:17.020534: Yayy! New best EMA pseudo Dice: 0.756
2026-07-02 04:40:18.297054: 
2026-07-02 04:40:18.297225: Epoch 53
2026-07-02 04:40:18.297345: Current learning rate: 0.00068
2026-07-02 04:40:49.601051: train_loss -0.6993
2026-07-02 04:40:49.601255: val_loss -0.6718
2026-07-02 04:40:49.601363: Pseudo dice [0.7356, 0.8429, 0.7453]
2026-07-02 04:40:49.601450: Epoch time: 31.31 s
2026-07-02 04:40:49.601519: Yayy! New best EMA pseudo Dice: 0.7579
2026-07-02 04:40:50.875181: 
2026-07-02 04:40:50.875345: Epoch 54
2026-07-02 04:40:50.875456: Current learning rate: 0.00067
2026-07-02 04:41:22.088161: train_loss -0.7009
2026-07-02 04:41:22.088414: val_loss -0.6429
2026-07-02 04:41:22.088515: Pseudo dice [0.7041, 0.8508, 0.7334]
2026-07-02 04:41:22.088614: Epoch time: 31.21 s
2026-07-02 04:41:22.088688: Yayy! New best EMA pseudo Dice: 0.7584
2026-07-02 04:41:23.535545: 
2026-07-02 04:41:23.535738: Epoch 55
2026-07-02 04:41:23.535853: Current learning rate: 0.00066
2026-07-02 04:41:54.749846: train_loss -0.7172
2026-07-02 04:41:54.750098: val_loss -0.7106
2026-07-02 04:41:54.750204: Pseudo dice [0.7539, 0.8667, 0.7448]
2026-07-02 04:41:54.750310: Epoch time: 31.22 s
2026-07-02 04:41:54.750389: Yayy! New best EMA pseudo Dice: 0.7614
2026-07-02 04:41:56.042109: 
2026-07-02 04:41:56.042280: Epoch 56
2026-07-02 04:41:56.042399: Current learning rate: 0.00066
2026-07-02 04:42:27.370883: train_loss -0.7097
2026-07-02 04:42:27.371134: val_loss -0.6613
2026-07-02 04:42:27.371237: Pseudo dice [0.7366, 0.847, 0.7197]
2026-07-02 04:42:27.371339: Epoch time: 31.33 s
2026-07-02 04:42:27.371418: Yayy! New best EMA pseudo Dice: 0.762
2026-07-02 04:42:28.659900: 
2026-07-02 04:42:28.660090: Epoch 57
2026-07-02 04:42:28.660205: Current learning rate: 0.00065
2026-07-02 04:43:00.021653: train_loss -0.7014
2026-07-02 04:43:00.021837: val_loss -0.6453
2026-07-02 04:43:00.021934: Pseudo dice [0.7349, 0.8257, 0.7099]
2026-07-02 04:43:00.022023: Epoch time: 31.36 s
2026-07-02 04:43:01.190461: 
2026-07-02 04:43:01.190630: Epoch 58
2026-07-02 04:43:01.190747: Current learning rate: 0.00064
2026-07-02 04:43:32.447100: train_loss -0.6894
2026-07-02 04:43:32.447352: val_loss -0.6716
2026-07-02 04:43:32.447455: Pseudo dice [0.7236, 0.8437, 0.7618]
2026-07-02 04:43:32.447548: Epoch time: 31.26 s
2026-07-02 04:43:32.447625: Yayy! New best EMA pseudo Dice: 0.763
2026-07-02 04:43:33.904389: 
2026-07-02 04:43:33.904553: Epoch 59
2026-07-02 04:43:33.904661: Current learning rate: 0.00064
2026-07-02 04:44:05.120312: train_loss -0.7077
2026-07-02 04:44:05.120568: val_loss -0.68
2026-07-02 04:44:05.120671: Pseudo dice [0.7442, 0.8469, 0.7456]
2026-07-02 04:44:05.120763: Epoch time: 31.22 s
2026-07-02 04:44:05.120842: Yayy! New best EMA pseudo Dice: 0.7646
2026-07-02 04:44:06.415085: 
2026-07-02 04:44:06.415234: Epoch 60
2026-07-02 04:44:06.415350: Current learning rate: 0.00063
2026-07-02 04:44:37.740744: train_loss -0.7145
2026-07-02 04:44:37.740998: val_loss -0.7026
2026-07-02 04:44:37.741106: Pseudo dice [0.7453, 0.8473, 0.7666]
2026-07-02 04:44:37.741203: Epoch time: 31.33 s
2026-07-02 04:44:37.741281: Yayy! New best EMA pseudo Dice: 0.7668
2026-07-02 04:44:39.037356: 
2026-07-02 04:44:39.037528: Epoch 61
2026-07-02 04:44:39.037643: Current learning rate: 0.00063
2026-07-02 04:45:10.267168: train_loss -0.7049
2026-07-02 04:45:10.267376: val_loss -0.6841
2026-07-02 04:45:10.267476: Pseudo dice [0.7352, 0.8422, 0.7424]
2026-07-02 04:45:10.267564: Epoch time: 31.23 s
2026-07-02 04:45:10.267635: Yayy! New best EMA pseudo Dice: 0.7674
2026-07-02 04:45:11.734376: 
2026-07-02 04:45:11.734522: Epoch 62
2026-07-02 04:45:11.734634: Current learning rate: 0.00062
2026-07-02 04:45:42.982007: train_loss -0.7115
2026-07-02 04:45:42.982244: val_loss -0.649
2026-07-02 04:45:42.982358: Pseudo dice [0.7259, 0.8308, 0.7416]
2026-07-02 04:45:42.982455: Epoch time: 31.25 s
2026-07-02 04:45:44.171702: 
2026-07-02 04:45:44.171880: Epoch 63
2026-07-02 04:45:44.172043: Current learning rate: 0.00061
2026-07-02 04:46:15.551325: train_loss -0.719
2026-07-02 04:46:15.551576: val_loss -0.6821
2026-07-02 04:46:15.551679: Pseudo dice [0.7419, 0.8733, 0.7807]
2026-07-02 04:46:15.551775: Epoch time: 31.38 s
2026-07-02 04:46:15.551857: Yayy! New best EMA pseudo Dice: 0.7704
2026-07-02 04:46:16.848841: 
2026-07-02 04:46:16.849011: Epoch 64
2026-07-02 04:46:16.849130: Current learning rate: 0.00061
2026-07-02 04:46:48.100227: train_loss -0.7172
2026-07-02 04:46:48.100431: val_loss -0.6893
2026-07-02 04:46:48.100534: Pseudo dice [0.7349, 0.8569, 0.7708]
2026-07-02 04:46:48.100625: Epoch time: 31.25 s
2026-07-02 04:46:48.100699: Yayy! New best EMA pseudo Dice: 0.7721
2026-07-02 04:46:49.581859: 
2026-07-02 04:46:49.582030: Epoch 65
2026-07-02 04:46:49.582145: Current learning rate: 0.0006
2026-07-02 04:47:20.831485: train_loss -0.727
2026-07-02 04:47:20.831739: val_loss -0.7071
2026-07-02 04:47:20.831846: Pseudo dice [0.7576, 0.8552, 0.773]
2026-07-02 04:47:20.831944: Epoch time: 31.25 s
2026-07-02 04:47:20.832019: Yayy! New best EMA pseudo Dice: 0.7744
2026-07-02 04:47:22.135201: 
2026-07-02 04:47:22.135360: Epoch 66
2026-07-02 04:47:22.135474: Current learning rate: 0.00059
2026-07-02 04:47:53.510183: train_loss -0.7207
2026-07-02 04:47:53.510443: val_loss -0.6655
2026-07-02 04:47:53.510549: Pseudo dice [0.7465, 0.8543, 0.7471]
2026-07-02 04:47:53.510645: Epoch time: 31.38 s
2026-07-02 04:47:53.510720: Yayy! New best EMA pseudo Dice: 0.7753
2026-07-02 04:47:54.812209: 
2026-07-02 04:47:54.812366: Epoch 67
2026-07-02 04:47:54.812483: Current learning rate: 0.00059
2026-07-02 04:48:26.227691: train_loss -0.7127
2026-07-02 04:48:26.227918: val_loss -0.6771
2026-07-02 04:48:26.228022: Pseudo dice [0.7055, 0.8372, 0.7759]
2026-07-02 04:48:26.228114: Epoch time: 31.42 s
2026-07-02 04:48:27.397959: 
2026-07-02 04:48:27.398135: Epoch 68
2026-07-02 04:48:27.398249: Current learning rate: 0.00058
2026-07-02 04:48:58.657642: train_loss -0.7174
2026-07-02 04:48:58.657892: val_loss -0.7027
2026-07-02 04:48:58.658000: Pseudo dice [0.7412, 0.851, 0.7539]
2026-07-02 04:48:58.658100: Epoch time: 31.26 s
2026-07-02 04:48:58.658180: Yayy! New best EMA pseudo Dice: 0.7757
2026-07-02 04:49:00.122240: 
2026-07-02 04:49:00.122396: Epoch 69
2026-07-02 04:49:00.122509: Current learning rate: 0.00057
2026-07-02 04:49:31.375659: train_loss -0.7287
2026-07-02 04:49:31.375905: val_loss -0.6931
2026-07-02 04:49:31.376012: Pseudo dice [0.7503, 0.8594, 0.7671]
2026-07-02 04:49:31.376109: Epoch time: 31.25 s
2026-07-02 04:49:31.376184: Yayy! New best EMA pseudo Dice: 0.7774
2026-07-02 04:49:32.659520: 
2026-07-02 04:49:32.659681: Epoch 70
2026-07-02 04:49:32.659793: Current learning rate: 0.00057
2026-07-02 04:50:04.024762: train_loss -0.7266
2026-07-02 04:50:04.024950: val_loss -0.7109
2026-07-02 04:50:04.025051: Pseudo dice [0.7482, 0.866, 0.7966]
2026-07-02 04:50:04.025139: Epoch time: 31.37 s
2026-07-02 04:50:04.025211: Yayy! New best EMA pseudo Dice: 0.78
2026-07-02 04:50:05.302358: 
2026-07-02 04:50:05.302524: Epoch 71
2026-07-02 04:50:05.302640: Current learning rate: 0.00056
2026-07-02 04:50:36.680024: train_loss -0.7201
2026-07-02 04:50:36.680238: val_loss -0.6919
2026-07-02 04:50:36.680351: Pseudo dice [0.7362, 0.8454, 0.7389]
2026-07-02 04:50:36.680446: Epoch time: 31.38 s
2026-07-02 04:50:37.854754: 
2026-07-02 04:50:37.854928: Epoch 72
2026-07-02 04:50:37.855042: Current learning rate: 0.00056
2026-07-02 04:51:09.106783: train_loss -0.7268
2026-07-02 04:51:09.106985: val_loss -0.6608
2026-07-02 04:51:09.107086: Pseudo dice [0.7454, 0.8374, 0.7426]
2026-07-02 04:51:09.107176: Epoch time: 31.25 s
2026-07-02 04:51:10.279372: 
2026-07-02 04:51:10.279541: Epoch 73
2026-07-02 04:51:10.279657: Current learning rate: 0.00055
2026-07-02 04:51:41.714863: train_loss -0.7181
2026-07-02 04:51:41.715108: val_loss -0.6819
2026-07-02 04:51:41.715212: Pseudo dice [0.7383, 0.855, 0.753]
2026-07-02 04:51:41.715313: Epoch time: 31.44 s
2026-07-02 04:51:42.885786: 
2026-07-02 04:51:42.885947: Epoch 74
2026-07-02 04:51:42.886059: Current learning rate: 0.00054
2026-07-02 04:52:14.261016: train_loss -0.7244
2026-07-02 04:52:14.261223: val_loss -0.6633
2026-07-02 04:52:14.261335: Pseudo dice [0.7301, 0.8557, 0.7514]
2026-07-02 04:52:14.261433: Epoch time: 31.38 s
2026-07-02 04:52:15.431990: 
2026-07-02 04:52:15.432145: Epoch 75
2026-07-02 04:52:15.432259: Current learning rate: 0.00054
2026-07-02 04:52:46.681177: train_loss -0.7358
2026-07-02 04:52:46.681377: val_loss -0.6974
2026-07-02 04:52:46.681480: Pseudo dice [0.7386, 0.857, 0.7711]
2026-07-02 04:52:46.682199: Epoch time: 31.25 s
2026-07-02 04:52:46.682282: Yayy! New best EMA pseudo Dice: 0.7802
2026-07-02 04:52:48.131488: 
2026-07-02 04:52:48.131659: Epoch 76
2026-07-02 04:52:48.131773: Current learning rate: 0.00053
2026-07-02 04:53:19.393132: train_loss -0.7303
2026-07-02 04:53:19.393377: val_loss -0.6714
2026-07-02 04:53:19.393485: Pseudo dice [0.732, 0.8427, 0.7421]
2026-07-02 04:53:19.393583: Epoch time: 31.26 s
2026-07-02 04:53:20.573694: 
2026-07-02 04:53:20.573862: Epoch 77
2026-07-02 04:53:20.573970: Current learning rate: 0.00052
2026-07-02 04:53:52.015851: train_loss -0.7288
2026-07-02 04:53:52.016101: val_loss -0.6884
2026-07-02 04:53:52.016208: Pseudo dice [0.7375, 0.8573, 0.7693]
2026-07-02 04:53:52.016314: Epoch time: 31.44 s
2026-07-02 04:53:52.016395: Yayy! New best EMA pseudo Dice: 0.7803
2026-07-02 04:53:53.324940: 
2026-07-02 04:53:53.325099: Epoch 78
2026-07-02 04:53:53.325209: Current learning rate: 0.00052
2026-07-02 04:54:24.584400: train_loss -0.7261
2026-07-02 04:54:24.584599: val_loss -0.6836
2026-07-02 04:54:24.584700: Pseudo dice [0.7467, 0.8476, 0.7357]
2026-07-02 04:54:24.584787: Epoch time: 31.26 s
2026-07-02 04:54:25.942369: 
2026-07-02 04:54:25.942542: Epoch 79
2026-07-02 04:54:25.942656: Current learning rate: 0.00051
2026-07-02 04:54:57.213733: train_loss -0.7321
2026-07-02 04:54:57.213982: val_loss -0.6917
2026-07-02 04:54:57.214088: Pseudo dice [0.7425, 0.8475, 0.7632]
2026-07-02 04:54:57.214185: Epoch time: 31.27 s
2026-07-02 04:54:57.214261: Yayy! New best EMA pseudo Dice: 0.7803
2026-07-02 04:54:58.523168: 
2026-07-02 04:54:58.523365: Epoch 80
2026-07-02 04:54:58.523487: Current learning rate: 0.0005
2026-07-02 04:55:29.901733: train_loss -0.738
2026-07-02 04:55:29.901999: val_loss -0.6862
2026-07-02 04:55:29.902105: Pseudo dice [0.7436, 0.8633, 0.7591]
2026-07-02 04:55:29.902206: Epoch time: 31.38 s
2026-07-02 04:55:29.902283: Yayy! New best EMA pseudo Dice: 0.7812
2026-07-02 04:55:31.203420: 
2026-07-02 04:55:31.203569: Epoch 81
2026-07-02 04:55:31.203680: Current learning rate: 0.0005
2026-07-02 04:56:02.633798: train_loss -0.7296
2026-07-02 04:56:02.633999: val_loss -0.6722
2026-07-02 04:56:02.634103: Pseudo dice [0.7522, 0.8469, 0.7647]
2026-07-02 04:56:02.634191: Epoch time: 31.43 s
2026-07-02 04:56:02.634261: Yayy! New best EMA pseudo Dice: 0.7819
2026-07-02 04:56:03.928854: 
2026-07-02 04:56:03.929023: Epoch 82
2026-07-02 04:56:03.929134: Current learning rate: 0.00049
2026-07-02 04:56:35.297913: train_loss -0.7369
2026-07-02 04:56:35.298115: val_loss -0.695
2026-07-02 04:56:35.298215: Pseudo dice [0.7454, 0.8421, 0.7701]
2026-07-02 04:56:35.298314: Epoch time: 31.37 s
2026-07-02 04:56:35.298387: Yayy! New best EMA pseudo Dice: 0.7823
2026-07-02 04:56:36.562542: 
2026-07-02 04:56:36.562726: Epoch 83
2026-07-02 04:56:36.562838: Current learning rate: 0.00048
2026-07-02 04:57:07.811267: train_loss -0.7383
2026-07-02 04:57:07.811522: val_loss -0.6626
2026-07-02 04:57:07.811627: Pseudo dice [0.7285, 0.8475, 0.7425]
2026-07-02 04:57:07.811725: Epoch time: 31.25 s
2026-07-02 04:57:08.963732: 
2026-07-02 04:57:08.963898: Epoch 84
2026-07-02 04:57:08.964018: Current learning rate: 0.00048
2026-07-02 04:57:40.328903: train_loss -0.7309
2026-07-02 04:57:40.329100: val_loss -0.6974
2026-07-02 04:57:40.329201: Pseudo dice [0.7395, 0.8632, 0.7828]
2026-07-02 04:57:40.329286: Epoch time: 31.37 s
2026-07-02 04:57:40.329364: Yayy! New best EMA pseudo Dice: 0.7827
2026-07-02 04:57:41.585107: 
2026-07-02 04:57:41.585255: Epoch 85
2026-07-02 04:57:41.585414: Current learning rate: 0.00047
2026-07-02 04:58:12.938086: train_loss -0.7444
2026-07-02 04:58:12.938311: val_loss -0.6865
2026-07-02 04:58:12.938414: Pseudo dice [0.7564, 0.8608, 0.7676]
2026-07-02 04:58:12.938508: Epoch time: 31.35 s
2026-07-02 04:58:12.938580: Yayy! New best EMA pseudo Dice: 0.7839
2026-07-02 04:58:14.190491: 
2026-07-02 04:58:14.190692: Epoch 86
2026-07-02 04:58:14.190809: Current learning rate: 0.00046
2026-07-02 04:58:45.444691: train_loss -0.751
2026-07-02 04:58:45.444884: val_loss -0.6867
2026-07-02 04:58:45.444986: Pseudo dice [0.7616, 0.8553, 0.7692]
2026-07-02 04:58:45.445075: Epoch time: 31.26 s
2026-07-02 04:58:45.445147: Yayy! New best EMA pseudo Dice: 0.7851
2026-07-02 04:58:46.873863: 
2026-07-02 04:58:46.874016: Epoch 87
2026-07-02 04:58:46.874126: Current learning rate: 0.00046
2026-07-02 04:59:18.116696: train_loss -0.7392
2026-07-02 04:59:18.116935: val_loss -0.6812
2026-07-02 04:59:18.117040: Pseudo dice [0.7532, 0.8608, 0.7623]
2026-07-02 04:59:18.117137: Epoch time: 31.24 s
2026-07-02 04:59:18.117213: Yayy! New best EMA pseudo Dice: 0.7858
2026-07-02 04:59:19.378661: 
2026-07-02 04:59:19.378810: Epoch 88
2026-07-02 04:59:19.378926: Current learning rate: 0.00045
2026-07-02 04:59:50.784260: train_loss -0.7353
2026-07-02 04:59:50.784513: val_loss -0.701
2026-07-02 04:59:50.784625: Pseudo dice [0.7495, 0.8551, 0.7733]
2026-07-02 04:59:50.784724: Epoch time: 31.41 s
2026-07-02 04:59:50.784798: Yayy! New best EMA pseudo Dice: 0.7865
2026-07-02 04:59:52.038259: 
2026-07-02 04:59:52.038431: Epoch 89
2026-07-02 04:59:52.038549: Current learning rate: 0.00044
2026-07-02 05:00:23.389735: train_loss -0.7433
2026-07-02 05:00:23.389924: val_loss -0.6931
2026-07-02 05:00:23.390027: Pseudo dice [0.7223, 0.8572, 0.7681]
2026-07-02 05:00:23.390121: Epoch time: 31.35 s
2026-07-02 05:00:24.538384: 
2026-07-02 05:00:24.538543: Epoch 90
2026-07-02 05:00:24.538656: Current learning rate: 0.00044
2026-07-02 05:00:55.775113: train_loss -0.75
2026-07-02 05:00:55.775367: val_loss -0.6809
2026-07-02 05:00:55.775477: Pseudo dice [0.7446, 0.8576, 0.7525]
2026-07-02 05:00:55.775574: Epoch time: 31.24 s
2026-07-02 05:00:56.919873: 
2026-07-02 05:00:56.920040: Epoch 91
2026-07-02 05:00:56.920157: Current learning rate: 0.00043
2026-07-02 05:01:28.279925: train_loss -0.7544
2026-07-02 05:01:28.280175: val_loss -0.6872
2026-07-02 05:01:28.280285: Pseudo dice [0.7441, 0.8534, 0.7596]
2026-07-02 05:01:28.280393: Epoch time: 31.36 s
2026-07-02 05:01:29.428488: 
2026-07-02 05:01:29.428654: Epoch 92
2026-07-02 05:01:29.428771: Current learning rate: 0.00043
2026-07-02 05:02:00.678715: train_loss -0.7426
2026-07-02 05:02:00.678904: val_loss -0.6936
2026-07-02 05:02:00.679005: Pseudo dice [0.7463, 0.8609, 0.7729]
2026-07-02 05:02:00.679094: Epoch time: 31.25 s
2026-07-02 05:02:00.679166: Yayy! New best EMA pseudo Dice: 0.7867
2026-07-02 05:02:02.107352: 
2026-07-02 05:02:02.107511: Epoch 93
2026-07-02 05:02:02.107628: Current learning rate: 0.00042
2026-07-02 05:02:33.360019: train_loss -0.75
2026-07-02 05:02:33.360217: val_loss -0.7206
2026-07-02 05:02:33.360328: Pseudo dice [0.7735, 0.8671, 0.7772]
2026-07-02 05:02:33.360420: Epoch time: 31.25 s
2026-07-02 05:02:33.360492: Yayy! New best EMA pseudo Dice: 0.7886
2026-07-02 05:02:34.620786: 
2026-07-02 05:02:34.620950: Epoch 94
2026-07-02 05:02:34.621066: Current learning rate: 0.00041
2026-07-02 05:03:06.021138: train_loss -0.7506
2026-07-02 05:03:06.021348: val_loss -0.6907
2026-07-02 05:03:06.021454: Pseudo dice [0.7329, 0.8585, 0.746]
2026-07-02 05:03:06.021545: Epoch time: 31.4 s
2026-07-02 05:03:07.171754: 
2026-07-02 05:03:07.171919: Epoch 95
2026-07-02 05:03:07.172035: Current learning rate: 0.00041
2026-07-02 05:03:38.558222: train_loss -0.7526
2026-07-02 05:03:38.558427: val_loss -0.7
2026-07-02 05:03:38.558529: Pseudo dice [0.7433, 0.858, 0.7799]
2026-07-02 05:03:38.558617: Epoch time: 31.39 s
2026-07-02 05:03:39.710727: 
2026-07-02 05:03:39.710893: Epoch 96
2026-07-02 05:03:39.711012: Current learning rate: 0.0004
2026-07-02 05:04:10.956225: train_loss -0.7564
2026-07-02 05:04:10.956451: val_loss -0.6901
2026-07-02 05:04:10.956553: Pseudo dice [0.7455, 0.8516, 0.7438]
2026-07-02 05:04:10.956644: Epoch time: 31.25 s
2026-07-02 05:04:12.114757: 
2026-07-02 05:04:12.114918: Epoch 97
2026-07-02 05:04:12.115034: Current learning rate: 0.00039
2026-07-02 05:04:43.521045: train_loss -0.7451
2026-07-02 05:04:43.521250: val_loss -0.701
2026-07-02 05:04:43.521950: Pseudo dice [0.7394, 0.8571, 0.785]
2026-07-02 05:04:43.522055: Epoch time: 31.41 s
2026-07-02 05:04:44.681359: 
2026-07-02 05:04:44.681520: Epoch 98
2026-07-02 05:04:44.681635: Current learning rate: 0.00039
2026-07-02 05:05:16.007853: train_loss -0.7504
2026-07-02 05:05:16.008046: val_loss -0.6861
2026-07-02 05:05:16.008143: Pseudo dice [0.7236, 0.853, 0.7697]
2026-07-02 05:05:16.008229: Epoch time: 31.33 s
2026-07-02 05:05:17.165230: 
2026-07-02 05:05:17.165398: Epoch 99
2026-07-02 05:05:17.165513: Current learning rate: 0.00038
2026-07-02 05:05:48.407356: train_loss -0.7555
2026-07-02 05:05:48.407563: val_loss -0.6934
2026-07-02 05:05:48.407668: Pseudo dice [0.7529, 0.8555, 0.7443]
2026-07-02 05:05:48.407763: Epoch time: 31.24 s
2026-07-02 05:05:49.819776: 
2026-07-02 05:05:49.819943: Epoch 100
2026-07-02 05:05:49.820060: Current learning rate: 0.00037
2026-07-02 05:06:21.064927: train_loss -0.7577
2026-07-02 05:06:21.065130: val_loss -0.7118
2026-07-02 05:06:21.065232: Pseudo dice [0.7533, 0.8643, 0.7731]
2026-07-02 05:06:21.065329: Epoch time: 31.25 s
2026-07-02 05:06:22.225884: 
2026-07-02 05:06:22.226048: Epoch 101
2026-07-02 05:06:22.226165: Current learning rate: 0.00037
2026-07-02 05:06:53.554081: train_loss -0.7539
2026-07-02 05:06:53.554283: val_loss -0.6973
2026-07-02 05:06:53.554396: Pseudo dice [0.7486, 0.8676, 0.7824]
2026-07-02 05:06:53.554484: Epoch time: 31.33 s
2026-07-02 05:06:53.554557: Yayy! New best EMA pseudo Dice: 0.7893
2026-07-02 05:06:54.818689: 
2026-07-02 05:06:54.818861: Epoch 102
2026-07-02 05:06:54.818979: Current learning rate: 0.00036
2026-07-02 05:07:26.058022: train_loss -0.7553
2026-07-02 05:07:26.058229: val_loss -0.7086
2026-07-02 05:07:26.058337: Pseudo dice [0.7486, 0.8599, 0.7506]
2026-07-02 05:07:26.058428: Epoch time: 31.24 s
2026-07-02 05:07:27.216370: 
2026-07-02 05:07:27.216528: Epoch 103
2026-07-02 05:07:27.216644: Current learning rate: 0.00035
2026-07-02 05:07:58.630356: train_loss -0.7627
2026-07-02 05:07:58.630576: val_loss -0.6903
2026-07-02 05:07:58.630680: Pseudo dice [0.7587, 0.8553, 0.7614]
2026-07-02 05:07:58.630772: Epoch time: 31.42 s
2026-07-02 05:07:59.789905: 
2026-07-02 05:07:59.790072: Epoch 104
2026-07-02 05:07:59.790188: Current learning rate: 0.00035
2026-07-02 05:08:31.131605: train_loss -0.7562
2026-07-02 05:08:31.131804: val_loss -0.7123
2026-07-02 05:08:31.131907: Pseudo dice [0.7427, 0.8693, 0.7694]
2026-07-02 05:08:31.131997: Epoch time: 31.34 s
2026-07-02 05:08:31.132069: Yayy! New best EMA pseudo Dice: 0.7897
2026-07-02 05:08:32.409079: 
2026-07-02 05:08:32.409240: Epoch 105
2026-07-02 05:08:32.409366: Current learning rate: 0.00034
2026-07-02 05:09:03.666330: train_loss -0.7568
2026-07-02 05:09:03.666542: val_loss -0.7009
2026-07-02 05:09:03.666641: Pseudo dice [0.7459, 0.8579, 0.7746]
2026-07-02 05:09:03.666728: Epoch time: 31.26 s
2026-07-02 05:09:03.666798: Yayy! New best EMA pseudo Dice: 0.79
2026-07-02 05:09:05.084194: 
2026-07-02 05:09:05.084366: Epoch 106
2026-07-02 05:09:05.084480: Current learning rate: 0.00033
2026-07-02 05:09:36.325176: train_loss -0.7622
2026-07-02 05:09:36.325402: val_loss -0.6672
2026-07-02 05:09:36.325504: Pseudo dice [0.7386, 0.8591, 0.738]
2026-07-02 05:09:36.325593: Epoch time: 31.24 s
2026-07-02 05:09:37.491271: 
2026-07-02 05:09:37.491437: Epoch 107
2026-07-02 05:09:37.491555: Current learning rate: 0.00032
2026-07-02 05:10:08.864755: train_loss -0.7571
2026-07-02 05:10:08.864973: val_loss -0.7021
2026-07-02 05:10:08.865073: Pseudo dice [0.7449, 0.8478, 0.7702]
2026-07-02 05:10:08.865164: Epoch time: 31.38 s
2026-07-02 05:10:10.031812: 
2026-07-02 05:10:10.031978: Epoch 108
2026-07-02 05:10:10.032182: Current learning rate: 0.00032
2026-07-02 05:10:41.278392: train_loss -0.7654
2026-07-02 05:10:41.278595: val_loss -0.6899
2026-07-02 05:10:41.278699: Pseudo dice [0.7479, 0.8687, 0.7826]
2026-07-02 05:10:41.278792: Epoch time: 31.25 s
2026-07-02 05:10:42.584087: 
2026-07-02 05:10:42.584241: Epoch 109
2026-07-02 05:10:42.584365: Current learning rate: 0.00031
2026-07-02 05:11:13.838223: train_loss -0.76
2026-07-02 05:11:13.838442: val_loss -0.7008
2026-07-02 05:11:13.838544: Pseudo dice [0.7362, 0.865, 0.771]
2026-07-02 05:11:13.838633: Epoch time: 31.26 s
2026-07-02 05:11:15.004997: 
2026-07-02 05:11:15.005156: Epoch 110
2026-07-02 05:11:15.005269: Current learning rate: 0.0003
2026-07-02 05:11:46.357010: train_loss -0.7691
2026-07-02 05:11:46.357220: val_loss -0.658
2026-07-02 05:11:46.357327: Pseudo dice [0.7493, 0.8606, 0.7525]
2026-07-02 05:11:46.357420: Epoch time: 31.35 s
2026-07-02 05:11:47.520088: 
2026-07-02 05:11:47.520255: Epoch 111
2026-07-02 05:11:47.520382: Current learning rate: 0.0003
2026-07-02 05:12:18.745709: train_loss -0.7646
2026-07-02 05:12:18.745927: val_loss -0.6765
2026-07-02 05:12:18.746053: Pseudo dice [0.7405, 0.856, 0.7593]
2026-07-02 05:12:18.746155: Epoch time: 31.23 s
2026-07-02 05:12:20.063121: 
2026-07-02 05:12:20.063289: Epoch 112
2026-07-02 05:12:20.063412: Current learning rate: 0.00029
2026-07-02 05:12:51.323079: train_loss -0.7639
2026-07-02 05:12:51.323305: val_loss -0.6964
2026-07-02 05:12:51.323410: Pseudo dice [0.7377, 0.86, 0.7615]
2026-07-02 05:12:51.323502: Epoch time: 31.26 s
2026-07-02 05:12:52.489849: 
2026-07-02 05:12:52.490016: Epoch 113
2026-07-02 05:12:52.490133: Current learning rate: 0.00028
2026-07-02 05:13:23.895848: train_loss -0.7768
2026-07-02 05:13:23.896066: val_loss -0.7084
2026-07-02 05:13:23.896170: Pseudo dice [0.7513, 0.862, 0.7494]
2026-07-02 05:13:23.896259: Epoch time: 31.41 s
2026-07-02 05:13:25.060270: 
2026-07-02 05:13:25.060440: Epoch 114
2026-07-02 05:13:25.060557: Current learning rate: 0.00028
2026-07-02 05:13:56.304013: train_loss -0.7575
2026-07-02 05:13:56.304226: val_loss -0.6969
2026-07-02 05:13:56.304341: Pseudo dice [0.7339, 0.8519, 0.7787]
2026-07-02 05:13:56.304433: Epoch time: 31.25 s
2026-07-02 05:13:57.621383: 
2026-07-02 05:13:57.621547: Epoch 115
2026-07-02 05:13:57.621662: Current learning rate: 0.00027
2026-07-02 05:14:28.892031: train_loss -0.7678
2026-07-02 05:14:28.892246: val_loss -0.7058
2026-07-02 05:14:28.892361: Pseudo dice [0.7441, 0.8673, 0.7693]
2026-07-02 05:14:28.892456: Epoch time: 31.27 s
2026-07-02 05:14:30.062564: 
2026-07-02 05:14:30.062732: Epoch 116
2026-07-02 05:14:30.062845: Current learning rate: 0.00026
2026-07-02 05:15:01.478699: train_loss -0.7744
2026-07-02 05:15:01.478903: val_loss -0.702
2026-07-02 05:15:01.479001: Pseudo dice [0.7467, 0.8538, 0.7838]
2026-07-02 05:15:01.479091: Epoch time: 31.42 s
2026-07-02 05:15:02.653481: 
2026-07-02 05:15:02.653644: Epoch 117
2026-07-02 05:15:02.653760: Current learning rate: 0.00026
2026-07-02 05:15:33.902080: train_loss -0.7669
2026-07-02 05:15:33.902323: val_loss -0.6518
2026-07-02 05:15:33.902434: Pseudo dice [0.7229, 0.8247, 0.7466]
2026-07-02 05:15:33.902533: Epoch time: 31.25 s
2026-07-02 05:15:35.241116: 
2026-07-02 05:15:35.241278: Epoch 118
2026-07-02 05:15:35.241402: Current learning rate: 0.00025
2026-07-02 05:16:06.481256: train_loss -0.7738
2026-07-02 05:16:06.481537: val_loss -0.7076
2026-07-02 05:16:06.481647: Pseudo dice [0.7595, 0.8585, 0.7716]
2026-07-02 05:16:06.481742: Epoch time: 31.24 s
2026-07-02 05:16:07.672790: 
2026-07-02 05:16:07.673005: Epoch 119
2026-07-02 05:16:07.673124: Current learning rate: 0.00024
2026-07-02 05:16:39.030123: train_loss -0.7687
2026-07-02 05:16:39.030321: val_loss -0.7
2026-07-02 05:16:39.030422: Pseudo dice [0.7571, 0.8611, 0.7665]
2026-07-02 05:16:39.030508: Epoch time: 31.36 s
2026-07-02 05:16:40.207874: 
2026-07-02 05:16:40.208054: Epoch 120
2026-07-02 05:16:40.208177: Current learning rate: 0.00023
2026-07-02 05:17:11.450431: train_loss -0.7627
2026-07-02 05:17:11.450665: val_loss -0.6756
2026-07-02 05:17:11.450774: Pseudo dice [0.7403, 0.823, 0.7598]
2026-07-02 05:17:11.450868: Epoch time: 31.24 s
2026-07-02 05:17:12.803703: 
2026-07-02 05:17:12.803865: Epoch 121
2026-07-02 05:17:12.803982: Current learning rate: 0.00023
2026-07-02 05:17:44.055955: train_loss -0.7718
2026-07-02 05:17:44.056194: val_loss -0.7027
2026-07-02 05:17:44.056305: Pseudo dice [0.7623, 0.8626, 0.7853]
2026-07-02 05:17:44.056403: Epoch time: 31.25 s
2026-07-02 05:17:45.243014: 
2026-07-02 05:17:45.243182: Epoch 122
2026-07-02 05:17:45.243305: Current learning rate: 0.00022
2026-07-02 05:18:16.605189: train_loss -0.7776
2026-07-02 05:18:16.605388: val_loss -0.6972
2026-07-02 05:18:16.605494: Pseudo dice [0.7384, 0.8591, 0.7486]
2026-07-02 05:18:16.605584: Epoch time: 31.36 s
2026-07-02 05:18:17.784461: 
2026-07-02 05:18:17.784624: Epoch 123
2026-07-02 05:18:17.784738: Current learning rate: 0.00021
2026-07-02 05:18:49.146636: train_loss -0.7658
2026-07-02 05:18:49.146841: val_loss -0.7271
2026-07-02 05:18:49.146947: Pseudo dice [0.7629, 0.8725, 0.778]
2026-07-02 05:18:49.147043: Epoch time: 31.36 s
2026-07-02 05:18:50.321721: 
2026-07-02 05:18:50.321885: Epoch 124
2026-07-02 05:18:50.321999: Current learning rate: 0.00021
2026-07-02 05:19:21.575315: train_loss -0.7726
2026-07-02 05:19:21.575545: val_loss -0.69
2026-07-02 05:19:21.575650: Pseudo dice [0.7429, 0.8574, 0.7517]
2026-07-02 05:19:21.575744: Epoch time: 31.26 s
2026-07-02 05:19:22.756256: 
2026-07-02 05:19:22.756422: Epoch 125
2026-07-02 05:19:22.756538: Current learning rate: 0.0002
2026-07-02 05:19:54.109089: train_loss -0.7719
2026-07-02 05:19:54.109288: val_loss -0.691
2026-07-02 05:19:54.109403: Pseudo dice [0.7479, 0.8531, 0.7679]
2026-07-02 05:19:54.109489: Epoch time: 31.35 s
2026-07-02 05:19:55.287144: 
2026-07-02 05:19:55.287311: Epoch 126
2026-07-02 05:19:55.287428: Current learning rate: 0.00019
2026-07-02 05:20:26.623669: train_loss -0.7772
2026-07-02 05:20:26.623870: val_loss -0.6901
2026-07-02 05:20:26.623975: Pseudo dice [0.7372, 0.8532, 0.7647]
2026-07-02 05:20:26.624064: Epoch time: 31.34 s
2026-07-02 05:20:27.802659: 
2026-07-02 05:20:27.802825: Epoch 127
2026-07-02 05:20:27.802941: Current learning rate: 0.00018
2026-07-02 05:20:59.058596: train_loss -0.779
2026-07-02 05:20:59.058795: val_loss -0.6605
2026-07-02 05:20:59.058898: Pseudo dice [0.7392, 0.8498, 0.7448]
2026-07-02 05:20:59.058990: Epoch time: 31.26 s
2026-07-02 05:21:00.240475: 
2026-07-02 05:21:00.240638: Epoch 128
2026-07-02 05:21:00.240754: Current learning rate: 0.00018
2026-07-02 05:21:31.577943: train_loss -0.7785
2026-07-02 05:21:31.578138: val_loss -0.6648
2026-07-02 05:21:31.578239: Pseudo dice [0.7372, 0.8663, 0.7225]
2026-07-02 05:21:31.578339: Epoch time: 31.34 s
2026-07-02 05:21:32.739219: 
2026-07-02 05:21:32.739402: Epoch 129
2026-07-02 05:21:32.739522: Current learning rate: 0.00017
2026-07-02 05:22:04.137065: train_loss -0.7753
2026-07-02 05:22:04.137275: val_loss -0.6811
2026-07-02 05:22:04.137395: Pseudo dice [0.7471, 0.8563, 0.7768]
2026-07-02 05:22:04.137495: Epoch time: 31.4 s
2026-07-02 05:22:05.303783: 
2026-07-02 05:22:05.303947: Epoch 130
2026-07-02 05:22:05.304064: Current learning rate: 0.00016
2026-07-02 05:22:36.554142: train_loss -0.7788
2026-07-02 05:22:36.554356: val_loss -0.7234
2026-07-02 05:22:36.554461: Pseudo dice [0.7509, 0.861, 0.7804]
2026-07-02 05:22:36.554551: Epoch time: 31.25 s
2026-07-02 05:22:37.713022: 
2026-07-02 05:22:37.713185: Epoch 131
2026-07-02 05:22:37.713306: Current learning rate: 0.00016
2026-07-02 05:23:09.134167: train_loss -0.7803
2026-07-02 05:23:09.134373: val_loss -0.6986
2026-07-02 05:23:09.134475: Pseudo dice [0.7471, 0.8616, 0.7728]
2026-07-02 05:23:09.134565: Epoch time: 31.42 s
2026-07-02 05:23:10.296543: 
2026-07-02 05:23:10.296698: Epoch 132
2026-07-02 05:23:10.296812: Current learning rate: 0.00015
2026-07-02 05:23:41.625491: train_loss -0.7796
2026-07-02 05:23:41.625681: val_loss -0.6995
2026-07-02 05:23:41.625785: Pseudo dice [0.7486, 0.8586, 0.7734]
2026-07-02 05:23:41.625875: Epoch time: 31.33 s
2026-07-02 05:23:42.788766: 
2026-07-02 05:23:42.788929: Epoch 133
2026-07-02 05:23:42.789044: Current learning rate: 0.00014
2026-07-02 05:24:14.044325: train_loss -0.7824
2026-07-02 05:24:14.044526: val_loss -0.707
2026-07-02 05:24:14.044627: Pseudo dice [0.7461, 0.873, 0.7862]
2026-07-02 05:24:14.044717: Epoch time: 31.26 s
2026-07-02 05:24:14.044791: Yayy! New best EMA pseudo Dice: 0.7906
2026-07-02 05:24:15.475768: 
2026-07-02 05:24:15.475949: Epoch 134
2026-07-02 05:24:15.476080: Current learning rate: 0.00013
2026-07-02 05:24:46.741223: train_loss -0.786
2026-07-02 05:24:46.741436: val_loss -0.7052
2026-07-02 05:24:46.741545: Pseudo dice [0.7461, 0.8673, 0.7859]
2026-07-02 05:24:46.741639: Epoch time: 31.27 s
2026-07-02 05:24:46.741714: Yayy! New best EMA pseudo Dice: 0.7915
2026-07-02 05:24:48.033111: 
2026-07-02 05:24:48.033272: Epoch 135
2026-07-02 05:24:48.033434: Current learning rate: 0.00013
2026-07-02 05:25:19.364762: train_loss -0.7771
2026-07-02 05:25:19.364954: val_loss -0.6924
2026-07-02 05:25:19.365059: Pseudo dice [0.7549, 0.8763, 0.7774]
2026-07-02 05:25:19.365148: Epoch time: 31.33 s
2026-07-02 05:25:19.365222: Yayy! New best EMA pseudo Dice: 0.7926
2026-07-02 05:25:20.651307: 
2026-07-02 05:25:20.651469: Epoch 136
2026-07-02 05:25:20.651585: Current learning rate: 0.00012
2026-07-02 05:25:52.061240: train_loss -0.7837
2026-07-02 05:25:52.061440: val_loss -0.701
2026-07-02 05:25:52.061543: Pseudo dice [0.7499, 0.8644, 0.774]
2026-07-02 05:25:52.061629: Epoch time: 31.41 s
2026-07-02 05:25:52.061703: Yayy! New best EMA pseudo Dice: 0.793
2026-07-02 05:25:53.348551: 
2026-07-02 05:25:53.348714: Epoch 137
2026-07-02 05:25:53.348826: Current learning rate: 0.00011
2026-07-02 05:26:24.600472: train_loss -0.7811
2026-07-02 05:26:24.600676: val_loss -0.6978
2026-07-02 05:26:24.600777: Pseudo dice [0.7507, 0.856, 0.7779]
2026-07-02 05:26:24.600863: Epoch time: 31.25 s
2026-07-02 05:26:24.600935: Yayy! New best EMA pseudo Dice: 0.7932
2026-07-02 05:26:26.039473: 
2026-07-02 05:26:26.039637: Epoch 138
2026-07-02 05:26:26.039752: Current learning rate: 0.0001
2026-07-02 05:26:57.307271: train_loss -0.7938
2026-07-02 05:26:57.307487: val_loss -0.7238
2026-07-02 05:26:57.307588: Pseudo dice [0.7498, 0.8682, 0.7934]
2026-07-02 05:26:57.307679: Epoch time: 31.27 s
2026-07-02 05:26:57.307752: Yayy! New best EMA pseudo Dice: 0.7942
2026-07-02 05:26:58.596560: 
2026-07-02 05:26:58.596724: Epoch 139
2026-07-02 05:26:58.596839: Current learning rate: 0.0001
2026-07-02 05:27:29.938988: train_loss -0.7842
2026-07-02 05:27:29.939175: val_loss -0.693
2026-07-02 05:27:29.939278: Pseudo dice [0.7519, 0.8633, 0.7651]
2026-07-02 05:27:29.939375: Epoch time: 31.34 s
2026-07-02 05:27:31.107997: 
2026-07-02 05:27:31.108158: Epoch 140
2026-07-02 05:27:31.108276: Current learning rate: 9e-05
2026-07-02 05:28:02.506456: train_loss -0.7904
2026-07-02 05:28:02.506652: val_loss -0.7139
2026-07-02 05:28:02.506759: Pseudo dice [0.7582, 0.8631, 0.7791]
2026-07-02 05:28:02.506847: Epoch time: 31.4 s
2026-07-02 05:28:02.506921: Yayy! New best EMA pseudo Dice: 0.7947
2026-07-02 05:28:03.793946: 
2026-07-02 05:28:03.794108: Epoch 141
2026-07-02 05:28:03.794230: Current learning rate: 8e-05
2026-07-02 05:28:35.043979: train_loss -0.7856
2026-07-02 05:28:35.044182: val_loss -0.7072
2026-07-02 05:28:35.044280: Pseudo dice [0.7613, 0.8597, 0.7743]
2026-07-02 05:28:35.044377: Epoch time: 31.25 s
2026-07-02 05:28:35.044448: Yayy! New best EMA pseudo Dice: 0.7951
2026-07-02 05:28:36.480345: 
2026-07-02 05:28:36.480505: Epoch 142
2026-07-02 05:28:36.480618: Current learning rate: 7e-05
2026-07-02 05:29:07.751376: train_loss -0.783
2026-07-02 05:29:07.751577: val_loss -0.6843
2026-07-02 05:29:07.751680: Pseudo dice [0.7561, 0.8472, 0.7528]
2026-07-02 05:29:07.751772: Epoch time: 31.27 s
2026-07-02 05:29:08.934456: 
2026-07-02 05:29:08.934618: Epoch 143
2026-07-02 05:29:08.934735: Current learning rate: 6e-05
2026-07-02 05:29:40.271145: train_loss -0.7956
2026-07-02 05:29:40.271352: val_loss -0.6965
2026-07-02 05:29:40.271451: Pseudo dice [0.7492, 0.8678, 0.7603]
2026-07-02 05:29:40.271542: Epoch time: 31.34 s
2026-07-02 05:29:41.445625: 
2026-07-02 05:29:41.445786: Epoch 144
2026-07-02 05:29:41.445908: Current learning rate: 6e-05
2026-07-02 05:30:12.680246: train_loss -0.7826
2026-07-02 05:30:12.680447: val_loss -0.7052
2026-07-02 05:30:12.680550: Pseudo dice [0.7448, 0.8596, 0.7822]
2026-07-02 05:30:12.680638: Epoch time: 31.24 s
2026-07-02 05:30:13.993144: 
2026-07-02 05:30:13.993313: Epoch 145
2026-07-02 05:30:13.993431: Current learning rate: 5e-05
2026-07-02 05:30:45.260056: train_loss -0.7823
2026-07-02 05:30:45.260258: val_loss -0.6777
2026-07-02 05:30:45.260371: Pseudo dice [0.7405, 0.8636, 0.7534]
2026-07-02 05:30:45.260463: Epoch time: 31.27 s
2026-07-02 05:30:46.439881: 
2026-07-02 05:30:46.440042: Epoch 146
2026-07-02 05:30:46.440158: Current learning rate: 4e-05
2026-07-02 05:31:17.779582: train_loss -0.79
2026-07-02 05:31:17.779775: val_loss -0.697
2026-07-02 05:31:17.779875: Pseudo dice [0.7495, 0.8491, 0.7831]
2026-07-02 05:31:17.779959: Epoch time: 31.34 s
2026-07-02 05:31:18.956614: 
2026-07-02 05:31:18.956782: Epoch 147
2026-07-02 05:31:18.956903: Current learning rate: 3e-05
2026-07-02 05:31:50.202769: train_loss -0.7849
2026-07-02 05:31:50.202973: val_loss -0.6685
2026-07-02 05:31:50.203078: Pseudo dice [0.7431, 0.851, 0.7536]
2026-07-02 05:31:50.203170: Epoch time: 31.25 s
2026-07-02 05:31:51.382519: 
2026-07-02 05:31:51.382675: Epoch 148
2026-07-02 05:31:51.382787: Current learning rate: 2e-05
2026-07-02 05:32:22.738667: train_loss -0.7836
2026-07-02 05:32:22.738860: val_loss -0.7041
2026-07-02 05:32:22.738963: Pseudo dice [0.7468, 0.8712, 0.7768]
2026-07-02 05:32:22.739051: Epoch time: 31.36 s
2026-07-02 05:32:23.915137: 
2026-07-02 05:32:23.915294: Epoch 149
2026-07-02 05:32:23.915427: Current learning rate: 1e-05
2026-07-02 05:32:55.251550: train_loss -0.7877
2026-07-02 05:32:55.251741: val_loss -0.6953
2026-07-02 05:32:55.251844: Pseudo dice [0.7496, 0.8623, 0.7573]
2026-07-02 05:32:55.251930: Epoch time: 31.34 s
2026-07-02 05:32:58.021986: Training done.
2026-07-02 05:32:58.048078: Using splits from existing split file: /gpfs/home1/yhussein/LightM-UNet/data/nnUNet_preprocessed/Dataset501_ARCADE/splits_final.json
2026-07-02 05:32:58.048481: The split file contains 1 splits.
2026-07-02 05:32:58.048557: Desired fold for training: 0
2026-07-02 05:32:58.048607: This split has 1000 training and 200 validation cases.
2026-07-02 05:32:58.051044: predicting val_1
2026-07-02 05:32:58.844995: predicting val_10
2026-07-02 05:32:58.907460: predicting val_100
2026-07-02 05:32:58.966974: predicting val_101
2026-07-02 05:32:59.025874: predicting val_102
2026-07-02 05:32:59.082983: predicting val_103
2026-07-02 05:32:59.140700: predicting val_104
2026-07-02 05:32:59.199561: predicting val_105
2026-07-02 05:32:59.259233: predicting val_106
2026-07-02 05:32:59.319576: predicting val_107
2026-07-02 05:33:03.084852: predicting val_108
2026-07-02 05:33:03.212735: predicting val_109
2026-07-02 05:33:03.371880: predicting val_11
2026-07-02 05:33:03.471675: predicting val_110
2026-07-02 05:33:03.529698: predicting val_111
2026-07-02 05:33:03.601987: predicting val_112
2026-07-02 05:33:03.689339: predicting val_113
2026-07-02 05:33:03.764810: predicting val_114
2026-07-02 05:33:03.878937: predicting val_115
2026-07-02 05:33:03.998401: predicting val_116
2026-07-02 05:33:04.080628: predicting val_117
2026-07-02 05:33:04.153315: predicting val_118
2026-07-02 05:33:04.219905: predicting val_119
2026-07-02 05:33:04.311703: predicting val_12
2026-07-02 05:33:04.426462: predicting val_120
2026-07-02 05:33:04.513468: predicting val_121
2026-07-02 05:33:04.597262: predicting val_122
2026-07-02 05:33:04.726949: predicting val_123
2026-07-02 05:33:04.812351: predicting val_124
2026-07-02 05:33:04.927068: predicting val_125
2026-07-02 05:33:04.986145: predicting val_126
2026-07-02 05:33:05.055012: predicting val_127
2026-07-02 05:33:05.148955: predicting val_128
2026-07-02 05:33:05.271889: predicting val_129
2026-07-02 05:33:05.350404: predicting val_13
2026-07-02 05:33:05.458870: predicting val_130
2026-07-02 05:33:05.541851: predicting val_131
2026-07-02 05:33:05.637789: predicting val_132
2026-07-02 05:33:05.711257: predicting val_133
2026-07-02 05:33:05.812694: predicting val_134
2026-07-02 05:33:05.906369: predicting val_135
2026-07-02 05:33:06.030287: predicting val_136
2026-07-02 05:33:06.087638: predicting val_137
2026-07-02 05:33:06.207725: predicting val_138
2026-07-02 05:33:06.284407: predicting val_139
2026-07-02 05:33:06.377533: predicting val_14
2026-07-02 05:33:06.471865: predicting val_140
2026-07-02 05:33:06.543563: predicting val_141
2026-07-02 05:33:06.653365: predicting val_142
2026-07-02 05:33:06.723035: predicting val_143
2026-07-02 05:33:06.789487: predicting val_144
2026-07-02 05:33:06.889369: predicting val_145
2026-07-02 05:33:06.966365: predicting val_146
2026-07-02 05:33:07.061378: predicting val_147
2026-07-02 05:33:07.202180: predicting val_148
2026-07-02 05:33:07.260393: predicting val_149
2026-07-02 05:33:07.358879: predicting val_15
2026-07-02 05:33:07.436315: predicting val_150
2026-07-02 05:33:07.507646: predicting val_151
2026-07-02 05:33:07.574931: predicting val_152
2026-07-02 05:33:07.666112: predicting val_153
2026-07-02 05:33:07.747372: predicting val_154
2026-07-02 05:33:07.866983: predicting val_155
2026-07-02 05:33:07.940069: predicting val_156
2026-07-02 05:33:08.014609: predicting val_157
2026-07-02 05:33:08.122730: predicting val_158
2026-07-02 05:33:08.210271: predicting val_159
2026-07-02 05:33:08.296377: predicting val_16
2026-07-02 05:33:08.384382: predicting val_160
2026-07-02 05:33:08.485628: predicting val_161
2026-07-02 05:33:08.548773: predicting val_162
2026-07-02 05:33:08.623844: predicting val_163
2026-07-02 05:33:08.715394: predicting val_164
2026-07-02 05:33:08.842705: predicting val_165
2026-07-02 05:33:08.911111: predicting val_166
2026-07-02 05:33:09.025831: predicting val_167
2026-07-02 05:33:09.087045: predicting val_168
2026-07-02 05:33:09.164669: predicting val_169
2026-07-02 05:33:09.257526: predicting val_17
2026-07-02 05:33:09.330992: predicting val_170
2026-07-02 05:33:09.464396: predicting val_171
2026-07-02 05:33:09.564394: predicting val_172
2026-07-02 05:33:09.641032: predicting val_173
2026-07-02 05:33:09.731863: predicting val_174
2026-07-02 05:33:09.837134: predicting val_175
2026-07-02 05:33:09.930863: predicting val_176
2026-07-02 05:33:10.003612: predicting val_177
2026-07-02 05:33:10.139695: predicting val_178
2026-07-02 05:33:10.200361: predicting val_179
2026-07-02 05:33:10.305090: predicting val_18
2026-07-02 05:33:10.383748: predicting val_180
2026-07-02 05:33:10.486445: predicting val_181
2026-07-02 05:33:10.564691: predicting val_182
2026-07-02 05:33:10.655762: predicting val_183
2026-07-02 05:33:10.724996: predicting val_184
2026-07-02 05:33:10.828587: predicting val_185
2026-07-02 05:33:10.913454: predicting val_186
2026-07-02 05:33:10.988655: predicting val_187
2026-07-02 05:33:11.130159: predicting val_188
2026-07-02 05:33:11.189165: predicting val_189
2026-07-02 05:33:11.319947: predicting val_19
2026-07-02 05:33:11.398398: predicting val_190
2026-07-02 05:33:11.466061: predicting val_191
2026-07-02 05:33:11.544637: predicting val_192
2026-07-02 05:33:11.644076: predicting val_193
2026-07-02 05:33:11.715532: predicting val_194
2026-07-02 05:33:11.811721: predicting val_195
2026-07-02 05:33:11.917384: predicting val_196
2026-07-02 05:33:12.020791: predicting val_197
2026-07-02 05:33:12.090167: predicting val_198
2026-07-02 05:33:12.195983: predicting val_199
2026-07-02 05:33:12.259529: predicting val_2
2026-07-02 05:33:12.383380: predicting val_20
2026-07-02 05:33:12.443107: predicting val_200
2026-07-02 05:33:12.505365: predicting val_21
2026-07-02 05:33:12.577853: predicting val_22
2026-07-02 05:33:12.654163: predicting val_23
2026-07-02 05:33:12.798190: predicting val_24
2026-07-02 05:33:12.874679: predicting val_25
2026-07-02 05:33:12.987229: predicting val_26
2026-07-02 05:33:13.056849: predicting val_27
2026-07-02 05:33:13.155607: predicting val_28
2026-07-02 05:33:13.235021: predicting val_29
2026-07-02 05:33:13.322012: predicting val_3
2026-07-02 05:33:13.430782: predicting val_30
2026-07-02 05:33:13.517638: predicting val_31
2026-07-02 05:33:13.614671: predicting val_32
2026-07-02 05:33:13.741282: predicting val_33
2026-07-02 05:33:13.811469: predicting val_34
2026-07-02 05:33:13.951843: predicting val_35
2026-07-02 05:33:14.009826: predicting val_36
2026-07-02 05:33:14.082539: predicting val_37
2026-07-02 05:33:14.149992: predicting val_38
2026-07-02 05:33:14.233776: predicting val_39
2026-07-02 05:33:14.400850: predicting val_4
2026-07-02 05:33:14.478627: predicting val_40
2026-07-02 05:33:14.568351: predicting val_41
2026-07-02 05:33:14.648558: predicting val_42
2026-07-02 05:33:14.717927: predicting val_43
2026-07-02 05:33:14.810055: predicting val_44
2026-07-02 05:33:14.896434: predicting val_45
2026-07-02 05:33:14.976430: predicting val_46
2026-07-02 05:33:15.089390: predicting val_47
2026-07-02 05:33:15.185512: predicting val_48
2026-07-02 05:33:15.292692: predicting val_49
2026-07-02 05:33:15.366437: predicting val_5
2026-07-02 05:33:15.458200: predicting val_50
2026-07-02 05:33:15.531903: predicting val_51
2026-07-02 05:33:15.598408: predicting val_52
2026-07-02 05:33:15.740447: predicting val_53
2026-07-02 05:33:15.798712: predicting val_54
2026-07-02 05:33:15.889246: predicting val_55
2026-07-02 05:33:15.981949: predicting val_56
2026-07-02 05:33:16.103446: predicting val_57
2026-07-02 05:33:16.169312: predicting val_58
2026-07-02 05:33:16.274306: predicting val_59
2026-07-02 05:33:16.351402: predicting val_6
2026-07-02 05:33:16.430137: predicting val_60
2026-07-02 05:33:16.526673: predicting val_61
2026-07-02 05:33:16.600010: predicting val_62
2026-07-02 05:33:16.709717: predicting val_63
2026-07-02 05:33:16.808203: predicting val_64
2026-07-02 05:33:16.902938: predicting val_65
2026-07-02 05:33:16.977388: predicting val_66
2026-07-02 05:33:17.084457: predicting val_67
2026-07-02 05:33:17.143598: predicting val_68
2026-07-02 05:33:17.207585: predicting val_69
2026-07-02 05:33:17.335401: predicting val_7
2026-07-02 05:33:17.421843: predicting val_70
2026-07-02 05:33:17.521209: predicting val_71
2026-07-02 05:33:17.627250: predicting val_72
2026-07-02 05:33:17.710820: predicting val_73
2026-07-02 05:33:17.812018: predicting val_74
2026-07-02 05:33:17.899037: predicting val_75
2026-07-02 05:33:18.009462: predicting val_76
2026-07-02 05:33:18.119060: predicting val_77
2026-07-02 05:33:18.177659: predicting val_78
2026-07-02 05:33:18.303124: predicting val_79
2026-07-02 05:33:18.375774: predicting val_8
2026-07-02 05:33:18.463565: predicting val_80
2026-07-02 05:33:18.539156: predicting val_81
2026-07-02 05:33:18.638460: predicting val_82
2026-07-02 05:33:18.714500: predicting val_83
2026-07-02 05:33:18.813121: predicting val_84
2026-07-02 05:33:18.951785: predicting val_85
2026-07-02 05:33:19.009629: predicting val_86
2026-07-02 05:33:19.089135: predicting val_87
2026-07-02 05:33:19.210573: predicting val_88
2026-07-02 05:33:19.324955: predicting val_89
2026-07-02 05:33:19.389456: predicting val_9
2026-07-02 05:33:19.483275: predicting val_90
2026-07-02 05:33:19.613815: predicting val_91
2026-07-02 05:33:19.690614: predicting val_92
2026-07-02 05:33:19.787866: predicting val_93
2026-07-02 05:33:19.881257: predicting val_94
2026-07-02 05:33:19.943550: predicting val_95
2026-07-02 05:33:20.049111: predicting val_96
2026-07-02 05:33:20.130984: predicting val_97
2026-07-02 05:33:20.205087: predicting val_98
2026-07-02 05:33:20.303114: predicting val_99
2026-07-02 05:33:24.773385: Validation complete
2026-07-02 05:33:24.773530: Mean Validation Dice:  0.7429226605483183

=== G3 [mamba_s3_4dir] ===
params:  0.865M  (+85.5% vs ENet baseline)

=== G10 [cross_depth_mamba] ===
params:  0.612M  (+31.2% vs ENet baseline)

================================================================================
ENet Global Context Search — 150 epochs
================================================================================
ID    Name                     Params      Δ%   BestDice  FinalDice
-------------------------------------------------------------------
G3    mamba_s3_4dir           0.865M  +85.5%       —          —   
G10   cross_depth_mamba       0.612M  +31.2%       —          —   
================================================================================

CSV: /home/yhussein/LightM-UNet/data/nnUNET_results/enet_global_ctx_e150/summary.csv
=== Training done at Thu Jul  2 05:33:26 CEST 2026 ===
Results: /home/yhussein/LightM-UNet/data/nnUNET_results/enet_global_ctx_e150/summary.csv
