=== Job info ===
Host: gcn4.local.snellius.surf.nl
Date: Fri Jul  3 00:34:44 CEST 2026
Working dir: /home/yhussein/LightM-UNet/lightm-unet
Conda env: /home/yhussein/conda-envs/lightmunet
=== GPU info ===
Fri Jul  3 00:34:44 2026       
+-----------------------------------------------------------------------------------------+
| NVIDIA-SMI 595.71.05              Driver Version: 595.71.05      CUDA Version: 13.2     |
+-----------------------------------------+------------------------+----------------------+
| GPU  Name                 Persistence-M | Bus-Id          Disp.A | Volatile Uncorr. ECC |
| Fan  Temp   Perf          Pwr:Usage/Cap |           Memory-Usage | GPU-Util  Compute M. |
|                                         |                        |               MIG M. |
|=========================================+========================+======================|
|   0  NVIDIA A100-SXM4-40GB          On  |   00000000:31:00.0 Off |                   On |
| N/A   29C    P0             36W /  400W |     213MiB /  40960MiB |     N/A      Default |
|                                         |                        |              Enabled |
+-----------------------------------------+------------------------+----------------------+
|   1  NVIDIA A100-SXM4-40GB          On  |   00000000:32:00.0 Off |                   On |
| N/A   39C    P0            154W /  400W |    2430MiB /  40960MiB |     N/A      Default |
|                                         |                        |              Enabled |
+-----------------------------------------+------------------------+----------------------+
|   2  NVIDIA A100-SXM4-40GB          On  |   00000000:CA:00.0 Off |                   On |
| N/A   29C    P0             39W /  400W |     213MiB /  40960MiB |     N/A      Default |
|                                         |                        |              Enabled |
+-----------------------------------------+------------------------+----------------------+
|   3  NVIDIA A100-SXM4-40GB          On  |   00000000:E3:00.0 Off |                   On |
| N/A   29C    P0             37W /  400W |     213MiB /  40960MiB |     N/A      Default |
|                                         |                        |              Enabled |
+-----------------------------------------+------------------------+----------------------+

+-----------------------------------------------------------------------------------------+
| MIG devices:                                                                            |
+------------------+----------------------------------+-----------+-----------------------+
| GPU  GI  CI  MIG |              Shared Memory-Usage |        Vol|        Shared         |
|      ID  ID  Dev |                Shared BAR1-Usage | SM     Unc| CE ENC  DEC  OFA  JPG |
|                  |                                  |        ECC|                       |
|==================+==================================+===========+=======================|
|  0    1   0   0  |             107MiB / 20096MiB    | 42      0 |  3   0    2    0    0 |
|                  |               0MiB / 12210MiB    |           |                       |
+------------------+----------------------------------+-----------+-----------------------+

+-----------------------------------------------------------------------------------------+
| Processes:                                                                              |
|  GPU   GI   CI              PID   Type   Process name                        GPU Memory |
|        ID   ID                                                               Usage      |
|=========================================================================================|
|    1    2    0            21502      C   ...a/envs/thesis_snel/bin/python       2208MiB |
+-----------------------------------------------------------------------------------------+
=== Ensure official split is present ===
=== ENetCombo configs ===
   EG1  [E]  skip=E1  ctx=G3        params=0.871M  (+86.6% vs baseline)
   EG2  [E]  skip=E1  ctx=UAS2      params=0.517M  (+10.9% vs baseline)
   EG3  [E]  skip=E1  ctx=G3_UAS2   params=0.916M  (+96.3% vs baseline)
   AG1  [A]  skip=A3  ctx=G3        params=0.877M  (+87.9% vs baseline)
   AG2  [A]  skip=A3  ctx=UAS2      params=0.523M  (+12.2% vs baseline)
   AG3  [A]  skip=A3  ctx=G3_UAS2   params=0.922M  (+97.6% vs baseline)

=== EG1 [E] e1_g3 ===
skip=E1  ctx=G3
params:  0.871M  (+86.6% vs ENet baseline)
results: /home/yhussein/LightM-UNet/data/nnUNET_results/enet_combo_e150/EG1_e1_g3
command: nnUNetv2_train 501 2d 0 -tr nnUNetTrainerENetCombo
/home/yhussein/conda-envs/lightmunet/lib/python3.10/site-packages/monai/utils/module.py:396: UserWarning: pkg_resources is deprecated as an API. See https://setuptools.pypa.io/en/latest/pkg_resources.html. The pkg_resources package is slated for removal as early as 2025-11-30. Refrain from using this package or pin to Setuptools<81.
  pkg = __import__(module)  # top level module
Using device: cuda:0

#######################################################################
Please cite the following paper when using nnU-Net:
Isensee, F., Jaeger, P. F., Kohl, S. A., Petersen, J., & Maier-Hein, K. H. (2021). nnU-Net: a self-configuring method for deep learning-based biomedical image segmentation. Nature methods, 18(2), 203-211.
#######################################################################


This is the configuration used by this training:
Configuration name: 2d
 {'data_identifier': 'nnUNetPlans_2d', 'preprocessor_name': 'DefaultPreprocessor', 'batch_size': 4, 'patch_size': [512, 512], 'median_image_size_in_voxels': [512.0, 512.0], 'spacing': [1.0, 1.0], 'normalization_schemes': ['ZScoreNormalization'], 'use_mask_for_norm': [False], 'UNet_class_name': 'PlainConvUNet', 'UNet_base_num_features': 32, 'n_conv_per_stage_encoder': [2, 2, 2, 2, 2, 2, 2, 2], 'n_conv_per_stage_decoder': [2, 2, 2, 2, 2, 2, 2], 'num_pool_per_axis': [7, 7], 'pool_op_kernel_sizes': [[1, 1], [2, 2], [2, 2], [2, 2], [2, 2], [2, 2], [2, 2], [2, 2]], 'conv_kernel_sizes': [[3, 3], [3, 3], [3, 3], [3, 3], [3, 3], [3, 3], [3, 3], [3, 3]], 'unet_max_num_features': 512, 'resampling_fn_data': 'resample_data_or_seg_to_shape', 'resampling_fn_seg': 'resample_data_or_seg_to_shape', 'resampling_fn_data_kwargs': {'is_seg': False, 'order': 3, 'order_z': 0, 'force_separate_z': None}, 'resampling_fn_seg_kwargs': {'is_seg': True, 'order': 1, 'order_z': 0, 'force_separate_z': None}, 'resampling_fn_probabilities': 'resample_data_or_seg_to_shape', 'resampling_fn_probabilities_kwargs': {'is_seg': False, 'order': 1, 'order_z': 0, 'force_separate_z': None}, 'batch_dice': True} 

These are the global plan.json settings:
 {'dataset_name': 'Dataset501_ARCADE', 'plans_name': 'nnUNetPlans', 'original_median_spacing_after_transp': [999.0, 1.0, 1.0], 'original_median_shape_after_transp': [1, 512, 512], 'image_reader_writer': 'NaturalImage2DIO', 'transpose_forward': [0, 1, 2], 'transpose_backward': [0, 1, 2], 'experiment_planner_used': 'ExperimentPlanner', 'label_manager': 'LabelManager', 'foreground_intensity_properties_per_channel': {'0': {'max': 255.0, 'mean': 98.67886352539062, 'median': 96.0, 'min': 0.0, 'percentile_00_5': 32.0, 'percentile_99_5': 186.0, 'std': 31.84078025817871}}} 

2026-07-03 00:34:55.157637: unpacking dataset...
2026-07-03 00:34:59.184915: unpacking done...
2026-07-03 00:34:59.185369: do_dummy_2d_data_aug: False
2026-07-03 00:34:59.191547: Using splits from existing split file: /gpfs/home1/yhussein/LightM-UNet/data/nnUNet_preprocessed/Dataset501_ARCADE/splits_final.json
2026-07-03 00:34:59.191857: The split file contains 1 splits.
2026-07-03 00:34:59.191923: Desired fold for training: 0
2026-07-03 00:34:59.191974: This split has 1000 training and 200 validation cases.
2026-07-03 00:34:59.209463: Skipping architecture plot (COMBO_SKIP_ARCH_PLOT=1)
2026-07-03 00:34:59.220310: 
2026-07-03 00:34:59.220409: Epoch 0
2026-07-03 00:34:59.220517: Current learning rate: 0.001
using pin_memory on device 0
using pin_memory on device 0
2026-07-03 00:35:36.536923: train_loss 0.3635
2026-07-03 00:35:36.537212: val_loss -0.0167
2026-07-03 00:35:36.537337: Pseudo dice [0.0, 0.0, 0.0]
2026-07-03 00:35:36.537440: Epoch time: 37.32 s
2026-07-03 00:35:36.537525: Yayy! New best EMA pseudo Dice: 0.0
2026-07-03 00:35:37.619105: 
2026-07-03 00:35:37.619272: Epoch 1
2026-07-03 00:35:37.619397: Current learning rate: 0.00099
2026-07-03 00:36:11.342368: train_loss -0.0529
2026-07-03 00:36:11.342567: val_loss -0.0592
2026-07-03 00:36:11.342669: Pseudo dice [0.0, 0.0, 0.0]
2026-07-03 00:36:11.342759: Epoch time: 33.72 s
2026-07-03 00:36:11.342829: Yayy! New best EMA pseudo Dice: 0.0
2026-07-03 00:36:12.561563: 
2026-07-03 00:36:12.561732: Epoch 2
2026-07-03 00:36:12.561853: Current learning rate: 0.00099
2026-07-03 00:36:46.209320: train_loss -0.0799
2026-07-03 00:36:46.209563: val_loss -0.0874
2026-07-03 00:36:46.210240: Pseudo dice [0.0, 0.0, 0.0005]
2026-07-03 00:36:46.210351: Epoch time: 33.65 s
2026-07-03 00:36:46.210428: Yayy! New best EMA pseudo Dice: 0.0
2026-07-03 00:36:47.482785: 
2026-07-03 00:36:47.482955: Epoch 3
2026-07-03 00:36:47.483085: Current learning rate: 0.00098
2026-07-03 00:37:21.130064: train_loss -0.1044
2026-07-03 00:37:21.130309: val_loss -0.129
2026-07-03 00:37:21.130419: Pseudo dice [0.4557, 0.5522, 0.0033]
2026-07-03 00:37:21.130519: Epoch time: 33.65 s
2026-07-03 00:37:21.130598: Yayy! New best EMA pseudo Dice: 0.0337
2026-07-03 00:37:22.539386: 
2026-07-03 00:37:22.539548: Epoch 4
2026-07-03 00:37:22.539676: Current learning rate: 0.00098
2026-07-03 00:37:56.208418: train_loss -0.1631
2026-07-03 00:37:56.208662: val_loss -0.2162
2026-07-03 00:37:56.208770: Pseudo dice [0.5503, 0.268, 0.312]
2026-07-03 00:37:56.208870: Epoch time: 33.67 s
2026-07-03 00:37:56.208954: Yayy! New best EMA pseudo Dice: 0.068
2026-07-03 00:37:57.466695: 
2026-07-03 00:37:57.466860: Epoch 5
2026-07-03 00:37:57.466986: Current learning rate: 0.00097
2026-07-03 00:38:31.124344: train_loss -0.2392
2026-07-03 00:38:31.124535: val_loss -0.333
2026-07-03 00:38:31.124637: Pseudo dice [0.5187, 0.6551, 0.3709]
2026-07-03 00:38:31.124728: Epoch time: 33.66 s
2026-07-03 00:38:31.124798: Yayy! New best EMA pseudo Dice: 0.1127
2026-07-03 00:38:32.340261: 
2026-07-03 00:38:32.340427: Epoch 6
2026-07-03 00:38:32.340552: Current learning rate: 0.00096
2026-07-03 00:39:06.073255: train_loss -0.3569
2026-07-03 00:39:06.073460: val_loss -0.3916
2026-07-03 00:39:06.073563: Pseudo dice [0.6111, 0.6088, 0.4549]
2026-07-03 00:39:06.073659: Epoch time: 33.73 s
2026-07-03 00:39:06.073734: Yayy! New best EMA pseudo Dice: 0.1573
2026-07-03 00:39:07.316832: 
2026-07-03 00:39:07.316992: Epoch 7
2026-07-03 00:39:07.317123: Current learning rate: 0.00096
2026-07-03 00:39:40.969832: train_loss -0.4388
2026-07-03 00:39:40.970078: val_loss -0.5138
2026-07-03 00:39:40.970180: Pseudo dice [0.636, 0.7742, 0.5666]
2026-07-03 00:39:40.970276: Epoch time: 33.65 s
2026-07-03 00:39:40.970353: Yayy! New best EMA pseudo Dice: 0.2074
2026-07-03 00:39:42.205173: 
2026-07-03 00:39:42.205338: Epoch 8
2026-07-03 00:39:42.205462: Current learning rate: 0.00095
2026-07-03 00:40:15.938838: train_loss -0.4467
2026-07-03 00:40:15.939044: val_loss -0.4799
2026-07-03 00:40:15.939147: Pseudo dice [0.5768, 0.7708, 0.5812]
2026-07-03 00:40:15.939238: Epoch time: 33.73 s
2026-07-03 00:40:15.939308: Yayy! New best EMA pseudo Dice: 0.251
2026-07-03 00:40:17.205069: 
2026-07-03 00:40:17.205230: Epoch 9
2026-07-03 00:40:17.205354: Current learning rate: 0.00095
2026-07-03 00:40:50.858213: train_loss -0.4544
2026-07-03 00:40:50.858448: val_loss -0.5568
2026-07-03 00:40:50.858551: Pseudo dice [0.6325, 0.7989, 0.6295]
2026-07-03 00:40:50.858651: Epoch time: 33.65 s
2026-07-03 00:40:50.858725: Yayy! New best EMA pseudo Dice: 0.2946
2026-07-03 00:40:52.076867: 
2026-07-03 00:40:52.077043: Epoch 10
2026-07-03 00:40:52.077176: Current learning rate: 0.00094
2026-07-03 00:41:25.822184: train_loss -0.4992
2026-07-03 00:41:25.822380: val_loss -0.5062
2026-07-03 00:41:25.822483: Pseudo dice [0.653, 0.7407, 0.5741]
2026-07-03 00:41:25.822575: Epoch time: 33.75 s
2026-07-03 00:41:25.822650: Yayy! New best EMA pseudo Dice: 0.3307
2026-07-03 00:41:27.055414: 
2026-07-03 00:41:27.055573: Epoch 11
2026-07-03 00:41:27.055695: Current learning rate: 0.00093
2026-07-03 00:42:00.714515: train_loss -0.5006
2026-07-03 00:42:00.714745: val_loss -0.5801
2026-07-03 00:42:00.714848: Pseudo dice [0.6474, 0.7777, 0.6394]
2026-07-03 00:42:00.714944: Epoch time: 33.66 s
2026-07-03 00:42:00.715026: Yayy! New best EMA pseudo Dice: 0.3665
2026-07-03 00:42:01.950207: 
2026-07-03 00:42:01.950368: Epoch 12
2026-07-03 00:42:01.950492: Current learning rate: 0.00093
2026-07-03 00:42:35.603951: train_loss -0.5044
2026-07-03 00:42:35.604199: val_loss -0.5433
2026-07-03 00:42:35.604308: Pseudo dice [0.6476, 0.7502, 0.6262]
2026-07-03 00:42:35.604405: Epoch time: 33.65 s
2026-07-03 00:42:35.604483: Yayy! New best EMA pseudo Dice: 0.3973
2026-07-03 00:42:37.004878: 
2026-07-03 00:42:37.005088: Epoch 13
2026-07-03 00:42:37.005212: Current learning rate: 0.00092
2026-07-03 00:43:10.664439: train_loss -0.5123
2026-07-03 00:43:10.664636: val_loss -0.5348
2026-07-03 00:43:10.664744: Pseudo dice [0.6385, 0.7576, 0.6045]
2026-07-03 00:43:10.664839: Epoch time: 33.66 s
2026-07-03 00:43:10.664921: Yayy! New best EMA pseudo Dice: 0.4242
2026-07-03 00:43:11.911878: 
2026-07-03 00:43:11.912048: Epoch 14
2026-07-03 00:43:11.912177: Current learning rate: 0.00092
2026-07-03 00:43:45.570796: train_loss -0.5422
2026-07-03 00:43:45.571037: val_loss -0.6044
2026-07-03 00:43:45.571140: Pseudo dice [0.686, 0.792, 0.6479]
2026-07-03 00:43:45.571236: Epoch time: 33.66 s
2026-07-03 00:43:45.571312: Yayy! New best EMA pseudo Dice: 0.4527
2026-07-03 00:43:46.956582: 
2026-07-03 00:43:46.956741: Epoch 15
2026-07-03 00:43:46.956862: Current learning rate: 0.00091
2026-07-03 00:44:20.631166: train_loss -0.5223
2026-07-03 00:44:20.631411: val_loss -0.528
2026-07-03 00:44:20.631515: Pseudo dice [0.6426, 0.7787, 0.5545]
2026-07-03 00:44:20.631611: Epoch time: 33.68 s
2026-07-03 00:44:20.631690: Yayy! New best EMA pseudo Dice: 0.4733
2026-07-03 00:44:21.875966: 
2026-07-03 00:44:21.876125: Epoch 16
2026-07-03 00:44:21.876250: Current learning rate: 0.0009
2026-07-03 00:44:55.536699: train_loss -0.5502
2026-07-03 00:44:55.536934: val_loss -0.5316
2026-07-03 00:44:55.537047: Pseudo dice [0.6799, 0.7014, 0.6114]
2026-07-03 00:44:55.537151: Epoch time: 33.66 s
2026-07-03 00:44:55.537228: Yayy! New best EMA pseudo Dice: 0.4924
2026-07-03 00:44:56.950767: 
2026-07-03 00:44:56.950934: Epoch 17
2026-07-03 00:44:56.951063: Current learning rate: 0.0009
2026-07-03 00:45:30.622022: train_loss -0.5489
2026-07-03 00:45:30.622259: val_loss -0.4452
2026-07-03 00:45:30.622363: Pseudo dice [0.5871, 0.6992, 0.5841]
2026-07-03 00:45:30.622457: Epoch time: 33.67 s
2026-07-03 00:45:30.622533: Yayy! New best EMA pseudo Dice: 0.5055
2026-07-03 00:45:31.877165: 
2026-07-03 00:45:31.877326: Epoch 18
2026-07-03 00:45:31.877453: Current learning rate: 0.00089
2026-07-03 00:46:05.538745: train_loss -0.56
2026-07-03 00:46:05.538982: val_loss -0.5607
2026-07-03 00:46:05.539094: Pseudo dice [0.6717, 0.7632, 0.6778]
2026-07-03 00:46:05.539190: Epoch time: 33.66 s
2026-07-03 00:46:05.539268: Yayy! New best EMA pseudo Dice: 0.5254
2026-07-03 00:46:06.792480: 
2026-07-03 00:46:06.792639: Epoch 19
2026-07-03 00:46:06.792757: Current learning rate: 0.00089
2026-07-03 00:46:40.515607: train_loss -0.5804
2026-07-03 00:46:40.515852: val_loss -0.5983
2026-07-03 00:46:40.515955: Pseudo dice [0.6841, 0.7847, 0.6928]
2026-07-03 00:46:40.516059: Epoch time: 33.72 s
2026-07-03 00:46:40.516135: Yayy! New best EMA pseudo Dice: 0.5449
2026-07-03 00:46:41.775345: 
2026-07-03 00:46:41.775510: Epoch 20
2026-07-03 00:46:41.775640: Current learning rate: 0.00088
2026-07-03 00:47:15.417672: train_loss -0.5789
2026-07-03 00:47:15.417866: val_loss -0.5669
2026-07-03 00:47:15.417973: Pseudo dice [0.6509, 0.7722, 0.6719]
2026-07-03 00:47:15.418075: Epoch time: 33.64 s
2026-07-03 00:47:15.418154: Yayy! New best EMA pseudo Dice: 0.5602
2026-07-03 00:47:16.682408: 
2026-07-03 00:47:16.682656: Epoch 21
2026-07-03 00:47:16.682789: Current learning rate: 0.00087
2026-07-03 00:47:50.396915: train_loss -0.5949
2026-07-03 00:47:50.397117: val_loss -0.6335
2026-07-03 00:47:50.397221: Pseudo dice [0.679, 0.8321, 0.7261]
2026-07-03 00:47:50.397309: Epoch time: 33.72 s
2026-07-03 00:47:50.397381: Yayy! New best EMA pseudo Dice: 0.5788
2026-07-03 00:47:51.615176: 
2026-07-03 00:47:51.615336: Epoch 22
2026-07-03 00:47:51.615454: Current learning rate: 0.00087
2026-07-03 00:48:25.246022: train_loss -0.5917
2026-07-03 00:48:25.246257: val_loss -0.614
2026-07-03 00:48:25.246367: Pseudo dice [0.6808, 0.8254, 0.6666]
2026-07-03 00:48:25.246505: Epoch time: 33.63 s
2026-07-03 00:48:25.246633: Yayy! New best EMA pseudo Dice: 0.5933
2026-07-03 00:48:26.470641: 
2026-07-03 00:48:26.470811: Epoch 23
2026-07-03 00:48:26.470945: Current learning rate: 0.00086
2026-07-03 00:49:00.179992: train_loss -0.5821
2026-07-03 00:49:00.180199: val_loss -0.6429
2026-07-03 00:49:00.180300: Pseudo dice [0.691, 0.8264, 0.7212]
2026-07-03 00:49:00.180390: Epoch time: 33.71 s
2026-07-03 00:49:00.180460: Yayy! New best EMA pseudo Dice: 0.6086
2026-07-03 00:49:01.410339: 
2026-07-03 00:49:01.410506: Epoch 24
2026-07-03 00:49:01.410629: Current learning rate: 0.00085
2026-07-03 00:49:35.041157: train_loss -0.6008
2026-07-03 00:49:35.041403: val_loss -0.5894
2026-07-03 00:49:35.041507: Pseudo dice [0.6602, 0.82, 0.6631]
2026-07-03 00:49:35.041600: Epoch time: 33.63 s
2026-07-03 00:49:35.041680: Yayy! New best EMA pseudo Dice: 0.6192
2026-07-03 00:49:36.283871: 
2026-07-03 00:49:36.284040: Epoch 25
2026-07-03 00:49:36.284163: Current learning rate: 0.00085
2026-07-03 00:50:09.915864: train_loss -0.6019
2026-07-03 00:50:09.916108: val_loss -0.6032
2026-07-03 00:50:09.916214: Pseudo dice [0.6769, 0.8041, 0.6929]
2026-07-03 00:50:09.916313: Epoch time: 33.63 s
2026-07-03 00:50:09.916389: Yayy! New best EMA pseudo Dice: 0.6297
2026-07-03 00:50:11.308367: 
2026-07-03 00:50:11.308535: Epoch 26
2026-07-03 00:50:11.308661: Current learning rate: 0.00084
2026-07-03 00:50:44.944678: train_loss -0.6031
2026-07-03 00:50:44.944923: val_loss -0.6304
2026-07-03 00:50:44.945037: Pseudo dice [0.6806, 0.8127, 0.7029]
2026-07-03 00:50:44.945138: Epoch time: 33.64 s
2026-07-03 00:50:44.945216: Yayy! New best EMA pseudo Dice: 0.64
2026-07-03 00:50:46.192827: 
2026-07-03 00:50:46.192990: Epoch 27
2026-07-03 00:50:46.193120: Current learning rate: 0.00084
2026-07-03 00:51:19.829845: train_loss -0.6251
2026-07-03 00:51:19.830046: val_loss -0.6037
2026-07-03 00:51:19.830154: Pseudo dice [0.711, 0.8084, 0.6774]
2026-07-03 00:51:19.830245: Epoch time: 33.64 s
2026-07-03 00:51:19.830317: Yayy! New best EMA pseudo Dice: 0.6492
2026-07-03 00:51:21.067402: 
2026-07-03 00:51:21.067569: Epoch 28
2026-07-03 00:51:21.067688: Current learning rate: 0.00083
2026-07-03 00:51:54.793722: train_loss -0.626
2026-07-03 00:51:54.793950: val_loss -0.6426
2026-07-03 00:51:54.794063: Pseudo dice [0.7158, 0.8252, 0.7298]
2026-07-03 00:51:54.794159: Epoch time: 33.73 s
2026-07-03 00:51:54.794235: Yayy! New best EMA pseudo Dice: 0.66
2026-07-03 00:51:56.037816: 
2026-07-03 00:51:56.037981: Epoch 29
2026-07-03 00:51:56.038122: Current learning rate: 0.00082
2026-07-03 00:52:29.668193: train_loss -0.6331
2026-07-03 00:52:29.668437: val_loss -0.6438
2026-07-03 00:52:29.668542: Pseudo dice [0.7154, 0.8049, 0.7179]
2026-07-03 00:52:29.668636: Epoch time: 33.63 s
2026-07-03 00:52:29.668713: Yayy! New best EMA pseudo Dice: 0.6686
2026-07-03 00:52:30.923838: 
2026-07-03 00:52:30.924004: Epoch 30
2026-07-03 00:52:30.924136: Current learning rate: 0.00082
2026-07-03 00:53:04.641276: train_loss -0.6297
2026-07-03 00:53:04.641519: val_loss -0.6246
2026-07-03 00:53:04.641624: Pseudo dice [0.7143, 0.7928, 0.6915]
2026-07-03 00:53:04.641719: Epoch time: 33.72 s
2026-07-03 00:53:04.641798: Yayy! New best EMA pseudo Dice: 0.675
2026-07-03 00:53:05.894765: 
2026-07-03 00:53:05.894930: Epoch 31
2026-07-03 00:53:05.895057: Current learning rate: 0.00081
2026-07-03 00:53:39.533722: train_loss -0.6145
2026-07-03 00:53:39.533966: val_loss -0.6645
2026-07-03 00:53:39.534080: Pseudo dice [0.7152, 0.8363, 0.7183]
2026-07-03 00:53:39.534176: Epoch time: 33.64 s
2026-07-03 00:53:39.534256: Yayy! New best EMA pseudo Dice: 0.6832
2026-07-03 00:53:40.781398: 
2026-07-03 00:53:40.781560: Epoch 32
2026-07-03 00:53:40.781681: Current learning rate: 0.00081
2026-07-03 00:54:14.496615: train_loss -0.6299
2026-07-03 00:54:14.496854: val_loss -0.6518
2026-07-03 00:54:14.496956: Pseudo dice [0.7038, 0.8266, 0.7342]
2026-07-03 00:54:14.497057: Epoch time: 33.72 s
2026-07-03 00:54:14.497142: Yayy! New best EMA pseudo Dice: 0.6903
2026-07-03 00:54:15.749917: 
2026-07-03 00:54:15.750084: Epoch 33
2026-07-03 00:54:15.750207: Current learning rate: 0.0008
2026-07-03 00:54:49.385533: train_loss -0.6351
2026-07-03 00:54:49.385723: val_loss -0.6356
2026-07-03 00:54:49.386421: Pseudo dice [0.7036, 0.81, 0.7144]
2026-07-03 00:54:49.386556: Epoch time: 33.64 s
2026-07-03 00:54:49.386632: Yayy! New best EMA pseudo Dice: 0.6956
2026-07-03 00:54:50.964340: 
2026-07-03 00:54:50.964500: Epoch 34
2026-07-03 00:54:50.964620: Current learning rate: 0.00079
2026-07-03 00:55:24.598671: train_loss -0.643
2026-07-03 00:55:24.598911: val_loss -0.6469
2026-07-03 00:55:24.599022: Pseudo dice [0.7075, 0.8444, 0.7303]
2026-07-03 00:55:24.599125: Epoch time: 33.64 s
2026-07-03 00:55:24.599203: Yayy! New best EMA pseudo Dice: 0.7021
2026-07-03 00:55:26.010865: 
2026-07-03 00:55:26.011039: Epoch 35
2026-07-03 00:55:26.011163: Current learning rate: 0.00079
2026-07-03 00:55:59.656451: train_loss -0.6517
2026-07-03 00:55:59.656697: val_loss -0.6246
2026-07-03 00:55:59.656802: Pseudo dice [0.7058, 0.7879, 0.7087]
2026-07-03 00:55:59.656899: Epoch time: 33.65 s
2026-07-03 00:55:59.657040: Yayy! New best EMA pseudo Dice: 0.7053
2026-07-03 00:56:00.906093: 
2026-07-03 00:56:00.906257: Epoch 36
2026-07-03 00:56:00.906378: Current learning rate: 0.00078
2026-07-03 00:56:34.544803: train_loss -0.655
2026-07-03 00:56:34.545056: val_loss -0.6564
2026-07-03 00:56:34.545166: Pseudo dice [0.7271, 0.8164, 0.7266]
2026-07-03 00:56:34.545259: Epoch time: 33.64 s
2026-07-03 00:56:34.545372: Yayy! New best EMA pseudo Dice: 0.7104
2026-07-03 00:56:35.951234: 
2026-07-03 00:56:35.951396: Epoch 37
2026-07-03 00:56:35.951515: Current learning rate: 0.00077
2026-07-03 00:57:09.599718: train_loss -0.6328
2026-07-03 00:57:09.599907: val_loss -0.6706
2026-07-03 00:57:09.600026: Pseudo dice [0.7376, 0.8043, 0.7652]
2026-07-03 00:57:09.600123: Epoch time: 33.65 s
2026-07-03 00:57:09.600197: Yayy! New best EMA pseudo Dice: 0.7163
2026-07-03 00:57:10.844900: 
2026-07-03 00:57:10.845123: Epoch 38
2026-07-03 00:57:10.845305: Current learning rate: 0.00077
2026-07-03 00:57:44.488650: train_loss -0.6495
2026-07-03 00:57:44.488843: val_loss -0.6556
2026-07-03 00:57:44.488944: Pseudo dice [0.7317, 0.8268, 0.7195]
2026-07-03 00:57:44.489048: Epoch time: 33.65 s
2026-07-03 00:57:44.489123: Yayy! New best EMA pseudo Dice: 0.7206
2026-07-03 00:57:45.889307: 
2026-07-03 00:57:45.889466: Epoch 39
2026-07-03 00:57:45.889586: Current learning rate: 0.00076
2026-07-03 00:58:19.535470: train_loss -0.6486
2026-07-03 00:58:19.535720: val_loss -0.6649
2026-07-03 00:58:19.535825: Pseudo dice [0.7276, 0.8183, 0.7292]
2026-07-03 00:58:19.535919: Epoch time: 33.65 s
2026-07-03 00:58:19.536001: Yayy! New best EMA pseudo Dice: 0.7244
2026-07-03 00:58:20.800482: 
2026-07-03 00:58:20.800641: Epoch 40
2026-07-03 00:58:20.800762: Current learning rate: 0.00076
2026-07-03 00:58:54.436436: train_loss -0.6524
2026-07-03 00:58:54.436673: val_loss -0.651
2026-07-03 00:58:54.436779: Pseudo dice [0.7286, 0.8095, 0.7431]
2026-07-03 00:58:54.436872: Epoch time: 33.64 s
2026-07-03 00:58:54.436951: Yayy! New best EMA pseudo Dice: 0.728
2026-07-03 00:58:55.703009: 
2026-07-03 00:58:55.703175: Epoch 41
2026-07-03 00:58:55.703300: Current learning rate: 0.00075
2026-07-03 00:59:29.439441: train_loss -0.6512
2026-07-03 00:59:29.439688: val_loss -0.6116
2026-07-03 00:59:29.439789: Pseudo dice [0.7168, 0.8104, 0.6799]
2026-07-03 00:59:29.440132: Epoch time: 33.74 s
2026-07-03 00:59:29.440223: Yayy! New best EMA pseudo Dice: 0.7287
2026-07-03 00:59:30.665858: 
2026-07-03 00:59:30.666023: Epoch 42
2026-07-03 00:59:30.666147: Current learning rate: 0.00074
2026-07-03 01:00:04.304285: train_loss -0.6568
2026-07-03 01:00:04.304525: val_loss -0.6756
2026-07-03 01:00:04.304629: Pseudo dice [0.7363, 0.8321, 0.7444]
2026-07-03 01:00:04.304724: Epoch time: 33.64 s
2026-07-03 01:00:04.304802: Yayy! New best EMA pseudo Dice: 0.733
2026-07-03 01:00:05.530997: 
2026-07-03 01:00:05.531161: Epoch 43
2026-07-03 01:00:05.531281: Current learning rate: 0.00074
2026-07-03 01:00:39.247452: train_loss -0.6537
2026-07-03 01:00:39.247699: val_loss -0.6331
2026-07-03 01:00:39.247804: Pseudo dice [0.7184, 0.7978, 0.7216]
2026-07-03 01:00:39.247899: Epoch time: 33.72 s
2026-07-03 01:00:39.247976: Yayy! New best EMA pseudo Dice: 0.7343
2026-07-03 01:00:40.482229: 
2026-07-03 01:00:40.482388: Epoch 44
2026-07-03 01:00:40.482514: Current learning rate: 0.00073
2026-07-03 01:01:14.116866: train_loss -0.6606
2026-07-03 01:01:14.117075: val_loss -0.6227
2026-07-03 01:01:14.117179: Pseudo dice [0.722, 0.7577, 0.711]
2026-07-03 01:01:14.117270: Epoch time: 33.64 s
2026-07-03 01:01:15.257783: 
2026-07-03 01:01:15.257942: Epoch 45
2026-07-03 01:01:15.258073: Current learning rate: 0.00073
2026-07-03 01:01:48.971819: train_loss -0.6568
2026-07-03 01:01:48.972054: val_loss -0.6385
2026-07-03 01:01:48.972161: Pseudo dice [0.7043, 0.8239, 0.7152]
2026-07-03 01:01:48.972255: Epoch time: 33.72 s
2026-07-03 01:01:48.972327: Yayy! New best EMA pseudo Dice: 0.7353
2026-07-03 01:01:50.197120: 
2026-07-03 01:01:50.197280: Epoch 46
2026-07-03 01:01:50.197400: Current learning rate: 0.00072
2026-07-03 01:02:23.834330: train_loss -0.6615
2026-07-03 01:02:23.834569: val_loss -0.6793
2026-07-03 01:02:23.834673: Pseudo dice [0.7323, 0.8467, 0.7541]
2026-07-03 01:02:23.834766: Epoch time: 33.64 s
2026-07-03 01:02:23.834842: Yayy! New best EMA pseudo Dice: 0.7395
2026-07-03 01:02:25.062362: 
2026-07-03 01:02:25.062523: Epoch 47
2026-07-03 01:02:25.062646: Current learning rate: 0.00071
2026-07-03 01:02:58.695374: train_loss -0.6605
2026-07-03 01:02:58.695613: val_loss -0.6783
2026-07-03 01:02:58.695715: Pseudo dice [0.7324, 0.8422, 0.736]
2026-07-03 01:02:58.695808: Epoch time: 33.63 s
2026-07-03 01:02:58.695887: Yayy! New best EMA pseudo Dice: 0.7426
2026-07-03 01:03:00.083318: 
2026-07-03 01:03:00.083482: Epoch 48
2026-07-03 01:03:00.083605: Current learning rate: 0.00071
2026-07-03 01:03:33.728923: train_loss -0.6718
2026-07-03 01:03:33.729180: val_loss -0.6822
2026-07-03 01:03:33.729286: Pseudo dice [0.7124, 0.8504, 0.7558]
2026-07-03 01:03:33.729384: Epoch time: 33.65 s
2026-07-03 01:03:33.729465: Yayy! New best EMA pseudo Dice: 0.7456
2026-07-03 01:03:34.975024: 
2026-07-03 01:03:34.975186: Epoch 49
2026-07-03 01:03:34.975308: Current learning rate: 0.0007
2026-07-03 01:04:08.610815: train_loss -0.6652
2026-07-03 01:04:08.611067: val_loss -0.6696
2026-07-03 01:04:08.611173: Pseudo dice [0.7505, 0.8408, 0.7472]
2026-07-03 01:04:08.611317: Epoch time: 33.64 s
2026-07-03 01:04:08.697120: Yayy! New best EMA pseudo Dice: 0.749
2026-07-03 01:04:10.088196: 
2026-07-03 01:04:10.088363: Epoch 50
2026-07-03 01:04:10.088482: Current learning rate: 0.00069
2026-07-03 01:04:43.736010: train_loss -0.6758
2026-07-03 01:04:43.736210: val_loss -0.6663
2026-07-03 01:04:43.736310: Pseudo dice [0.7305, 0.8568, 0.743]
2026-07-03 01:04:43.736401: Epoch time: 33.65 s
2026-07-03 01:04:43.736475: Yayy! New best EMA pseudo Dice: 0.7518
2026-07-03 01:04:44.976395: 
2026-07-03 01:04:44.976615: Epoch 51
2026-07-03 01:04:44.976808: Current learning rate: 0.00069
2026-07-03 01:05:18.617706: train_loss -0.69
2026-07-03 01:05:18.617905: val_loss -0.6587
2026-07-03 01:05:18.618007: Pseudo dice [0.728, 0.8193, 0.7088]
2026-07-03 01:05:18.618112: Epoch time: 33.64 s
2026-07-03 01:05:18.618187: Yayy! New best EMA pseudo Dice: 0.7518
2026-07-03 01:05:20.023139: 
2026-07-03 01:05:20.023304: Epoch 52
2026-07-03 01:05:20.023426: Current learning rate: 0.00068
2026-07-03 01:05:53.677142: train_loss -0.6733
2026-07-03 01:05:53.677397: val_loss -0.6158
2026-07-03 01:05:53.677504: Pseudo dice [0.7037, 0.8198, 0.6818]
2026-07-03 01:05:53.677602: Epoch time: 33.66 s
2026-07-03 01:05:54.835118: 
2026-07-03 01:05:54.835289: Epoch 53
2026-07-03 01:05:54.835417: Current learning rate: 0.00068
2026-07-03 01:06:28.477066: train_loss -0.6758
2026-07-03 01:06:28.477309: val_loss -0.6922
2026-07-03 01:06:28.477411: Pseudo dice [0.7322, 0.8403, 0.7725]
2026-07-03 01:06:28.477507: Epoch time: 33.64 s
2026-07-03 01:06:28.477583: Yayy! New best EMA pseudo Dice: 0.7533
2026-07-03 01:06:29.719427: 
2026-07-03 01:06:29.719589: Epoch 54
2026-07-03 01:06:29.720185: Current learning rate: 0.00067
2026-07-03 01:07:03.446883: train_loss -0.6836
2026-07-03 01:07:03.447138: val_loss -0.6352
2026-07-03 01:07:03.447246: Pseudo dice [0.7089, 0.8011, 0.726]
2026-07-03 01:07:03.447342: Epoch time: 33.73 s
2026-07-03 01:07:04.604713: 
2026-07-03 01:07:04.604873: Epoch 55
2026-07-03 01:07:04.604990: Current learning rate: 0.00066
2026-07-03 01:07:38.238927: train_loss -0.6824
2026-07-03 01:07:38.239182: val_loss -0.6516
2026-07-03 01:07:38.239289: Pseudo dice [0.7256, 0.8355, 0.7324]
2026-07-03 01:07:38.239388: Epoch time: 33.64 s
2026-07-03 01:07:38.239468: Yayy! New best EMA pseudo Dice: 0.7537
2026-07-03 01:07:39.489418: 
2026-07-03 01:07:39.489578: Epoch 56
2026-07-03 01:07:39.489699: Current learning rate: 0.00066
2026-07-03 01:08:13.213773: train_loss -0.6797
2026-07-03 01:08:13.214029: val_loss -0.6663
2026-07-03 01:08:13.214144: Pseudo dice [0.7391, 0.8289, 0.7421]
2026-07-03 01:08:13.214240: Epoch time: 33.73 s
2026-07-03 01:08:13.214317: Yayy! New best EMA pseudo Dice: 0.7553
2026-07-03 01:08:14.465872: 
2026-07-03 01:08:14.466041: Epoch 57
2026-07-03 01:08:14.466166: Current learning rate: 0.00065
2026-07-03 01:08:48.103400: train_loss -0.6689
2026-07-03 01:08:48.103596: val_loss -0.6439
2026-07-03 01:08:48.103698: Pseudo dice [0.7151, 0.8442, 0.7471]
2026-07-03 01:08:48.103792: Epoch time: 33.64 s
2026-07-03 01:08:48.103866: Yayy! New best EMA pseudo Dice: 0.7567
2026-07-03 01:08:49.352641: 
2026-07-03 01:08:49.352801: Epoch 58
2026-07-03 01:08:49.352917: Current learning rate: 0.00064
2026-07-03 01:09:22.990847: train_loss -0.6894
2026-07-03 01:09:22.991096: val_loss -0.6555
2026-07-03 01:09:22.991202: Pseudo dice [0.7323, 0.849, 0.7243]
2026-07-03 01:09:22.991297: Epoch time: 33.64 s
2026-07-03 01:09:22.991374: Yayy! New best EMA pseudo Dice: 0.7579
2026-07-03 01:09:24.411830: 
2026-07-03 01:09:24.411999: Epoch 59
2026-07-03 01:09:24.412134: Current learning rate: 0.00064
2026-07-03 01:09:58.058486: train_loss -0.6947
2026-07-03 01:09:58.058724: val_loss -0.69
2026-07-03 01:09:58.058828: Pseudo dice [0.7501, 0.8497, 0.7597]
2026-07-03 01:09:58.058923: Epoch time: 33.65 s
2026-07-03 01:09:58.059002: Yayy! New best EMA pseudo Dice: 0.7607
2026-07-03 01:09:59.320687: 
2026-07-03 01:09:59.320847: Epoch 60
2026-07-03 01:09:59.320967: Current learning rate: 0.00063
2026-07-03 01:10:32.963117: train_loss -0.6875
2026-07-03 01:10:32.963360: val_loss -0.6823
2026-07-03 01:10:32.963469: Pseudo dice [0.7387, 0.8442, 0.7694]
2026-07-03 01:10:32.963568: Epoch time: 33.64 s
2026-07-03 01:10:32.963688: Yayy! New best EMA pseudo Dice: 0.7631
2026-07-03 01:10:34.379640: 
2026-07-03 01:10:34.379804: Epoch 61
2026-07-03 01:10:34.379928: Current learning rate: 0.00063
2026-07-03 01:11:08.028835: train_loss -0.6928
2026-07-03 01:11:08.029105: val_loss -0.6854
2026-07-03 01:11:08.029213: Pseudo dice [0.7524, 0.8608, 0.7614]
2026-07-03 01:11:08.029310: Epoch time: 33.65 s
2026-07-03 01:11:08.029387: Yayy! New best EMA pseudo Dice: 0.7659
2026-07-03 01:11:09.284738: 
2026-07-03 01:11:09.284909: Epoch 62
2026-07-03 01:11:09.285039: Current learning rate: 0.00062
2026-07-03 01:11:42.930728: train_loss -0.6824
2026-07-03 01:11:42.930972: val_loss -0.6935
2026-07-03 01:11:42.931086: Pseudo dice [0.7347, 0.852, 0.7666]
2026-07-03 01:11:42.931188: Epoch time: 33.65 s
2026-07-03 01:11:42.931392: Yayy! New best EMA pseudo Dice: 0.7678
2026-07-03 01:11:44.360512: 
2026-07-03 01:11:44.360682: Epoch 63
2026-07-03 01:11:44.360804: Current learning rate: 0.00061
2026-07-03 01:12:18.007915: train_loss -0.7018
2026-07-03 01:12:18.008112: val_loss -0.6907
2026-07-03 01:12:18.008213: Pseudo dice [0.7472, 0.8502, 0.764]
2026-07-03 01:12:18.008301: Epoch time: 33.65 s
2026-07-03 01:12:18.008369: Yayy! New best EMA pseudo Dice: 0.7697
2026-07-03 01:12:19.269403: 
2026-07-03 01:12:19.269567: Epoch 64
2026-07-03 01:12:19.269687: Current learning rate: 0.00061
2026-07-03 01:12:52.911696: train_loss -0.6865
2026-07-03 01:12:52.911891: val_loss -0.6986
2026-07-03 01:12:52.911992: Pseudo dice [0.7576, 0.8374, 0.7667]
2026-07-03 01:12:52.912088: Epoch time: 33.64 s
2026-07-03 01:12:52.912160: Yayy! New best EMA pseudo Dice: 0.7714
2026-07-03 01:12:54.175249: 
2026-07-03 01:12:54.175411: Epoch 65
2026-07-03 01:12:54.175531: Current learning rate: 0.0006
2026-07-03 01:13:27.886782: train_loss -0.6859
2026-07-03 01:13:27.886982: val_loss -0.6618
2026-07-03 01:13:27.887091: Pseudo dice [0.7116, 0.8166, 0.7565]
2026-07-03 01:13:27.887182: Epoch time: 33.71 s
2026-07-03 01:13:29.055586: 
2026-07-03 01:13:29.055763: Epoch 66
2026-07-03 01:13:29.055890: Current learning rate: 0.00059
2026-07-03 01:14:02.704864: train_loss -0.7071
2026-07-03 01:14:02.705073: val_loss -0.669
2026-07-03 01:14:02.705181: Pseudo dice [0.7513, 0.8478, 0.7579]
2026-07-03 01:14:02.705271: Epoch time: 33.65 s
2026-07-03 01:14:02.705344: Yayy! New best EMA pseudo Dice: 0.772
2026-07-03 01:14:03.971989: 
2026-07-03 01:14:03.972159: Epoch 67
2026-07-03 01:14:03.972278: Current learning rate: 0.00059
2026-07-03 01:14:37.679050: train_loss -0.7034
2026-07-03 01:14:37.679267: val_loss -0.7112
2026-07-03 01:14:37.679372: Pseudo dice [0.7413, 0.8615, 0.7705]
2026-07-03 01:14:37.679463: Epoch time: 33.71 s
2026-07-03 01:14:37.679538: Yayy! New best EMA pseudo Dice: 0.7739
2026-07-03 01:14:38.930805: 
2026-07-03 01:14:38.930967: Epoch 68
2026-07-03 01:14:38.931095: Current learning rate: 0.00058
2026-07-03 01:15:12.576824: train_loss -0.7024
2026-07-03 01:15:12.577044: val_loss -0.6669
2026-07-03 01:15:12.577149: Pseudo dice [0.7517, 0.846, 0.7529]
2026-07-03 01:15:12.577243: Epoch time: 33.65 s
2026-07-03 01:15:12.577317: Yayy! New best EMA pseudo Dice: 0.7749
2026-07-03 01:15:13.822913: 
2026-07-03 01:15:13.823082: Epoch 69
2026-07-03 01:15:13.823206: Current learning rate: 0.00057
2026-07-03 01:15:47.527051: train_loss -0.7137
2026-07-03 01:15:47.527243: val_loss -0.6768
2026-07-03 01:15:47.527346: Pseudo dice [0.7474, 0.8518, 0.7471]
2026-07-03 01:15:47.527435: Epoch time: 33.71 s
2026-07-03 01:15:47.527506: Yayy! New best EMA pseudo Dice: 0.7756
2026-07-03 01:15:48.776624: 
2026-07-03 01:15:48.776787: Epoch 70
2026-07-03 01:15:48.776909: Current learning rate: 0.00057
2026-07-03 01:16:22.428656: train_loss -0.7056
2026-07-03 01:16:22.428854: val_loss -0.7194
2026-07-03 01:16:22.428958: Pseudo dice [0.7551, 0.8622, 0.7632]
2026-07-03 01:16:22.429058: Epoch time: 33.65 s
2026-07-03 01:16:22.429184: Yayy! New best EMA pseudo Dice: 0.7774
2026-07-03 01:16:23.674201: 
2026-07-03 01:16:23.674364: Epoch 71
2026-07-03 01:16:23.674486: Current learning rate: 0.00056
2026-07-03 01:16:57.379547: train_loss -0.7126
2026-07-03 01:16:57.379734: val_loss -0.6551
2026-07-03 01:16:57.379832: Pseudo dice [0.7294, 0.818, 0.7274]
2026-07-03 01:16:57.379918: Epoch time: 33.71 s
2026-07-03 01:16:58.539996: 
2026-07-03 01:16:58.540163: Epoch 72
2026-07-03 01:16:58.540285: Current learning rate: 0.00056
2026-07-03 01:17:32.190954: train_loss -0.7228
2026-07-03 01:17:32.191165: val_loss -0.6684
2026-07-03 01:17:32.191269: Pseudo dice [0.7425, 0.8213, 0.7652]
2026-07-03 01:17:32.191363: Epoch time: 33.65 s
2026-07-03 01:17:33.350169: 
2026-07-03 01:17:33.350332: Epoch 73
2026-07-03 01:17:33.350456: Current learning rate: 0.00055
2026-07-03 01:18:06.995137: train_loss -0.7083
2026-07-03 01:18:06.995367: val_loss -0.7094
2026-07-03 01:18:06.995471: Pseudo dice [0.7533, 0.8546, 0.7592]
2026-07-03 01:18:06.995563: Epoch time: 33.65 s
2026-07-03 01:18:08.158596: 
2026-07-03 01:18:08.158758: Epoch 74
2026-07-03 01:18:08.158882: Current learning rate: 0.00054
2026-07-03 01:18:41.871456: train_loss -0.7092
2026-07-03 01:18:41.871723: val_loss -0.7024
2026-07-03 01:18:41.871831: Pseudo dice [0.7583, 0.8463, 0.7589]
2026-07-03 01:18:41.871922: Epoch time: 33.71 s
2026-07-03 01:18:41.871992: Yayy! New best EMA pseudo Dice: 0.778
2026-07-03 01:18:43.125280: 
2026-07-03 01:18:43.125448: Epoch 75
2026-07-03 01:18:43.125568: Current learning rate: 0.00054
2026-07-03 01:19:16.772888: train_loss -0.7196
2026-07-03 01:19:16.773097: val_loss -0.6934
2026-07-03 01:19:16.773243: Pseudo dice [0.7525, 0.8279, 0.7714]
2026-07-03 01:19:16.773335: Epoch time: 33.65 s
2026-07-03 01:19:16.773406: Yayy! New best EMA pseudo Dice: 0.7786
2026-07-03 01:19:18.022394: 
2026-07-03 01:19:18.022555: Epoch 76
2026-07-03 01:19:18.022673: Current learning rate: 0.00053
2026-07-03 01:19:51.724076: train_loss -0.7173
2026-07-03 01:19:51.724279: val_loss -0.707
2026-07-03 01:19:51.724382: Pseudo dice [0.7501, 0.8552, 0.7663]
2026-07-03 01:19:51.724473: Epoch time: 33.7 s
2026-07-03 01:19:51.724544: Yayy! New best EMA pseudo Dice: 0.7798
2026-07-03 01:19:52.978566: 
2026-07-03 01:19:52.978734: Epoch 77
2026-07-03 01:19:52.978857: Current learning rate: 0.00052
2026-07-03 01:20:26.628380: train_loss -0.7211
2026-07-03 01:20:26.628589: val_loss -0.6841
2026-07-03 01:20:26.628688: Pseudo dice [0.7604, 0.8518, 0.7761]
2026-07-03 01:20:26.628777: Epoch time: 33.65 s
2026-07-03 01:20:26.628848: Yayy! New best EMA pseudo Dice: 0.7814
2026-07-03 01:20:27.895536: 
2026-07-03 01:20:27.895696: Epoch 78
2026-07-03 01:20:27.895819: Current learning rate: 0.00052
2026-07-03 01:21:01.608955: train_loss -0.7007
2026-07-03 01:21:01.609159: val_loss -0.6759
2026-07-03 01:21:01.609264: Pseudo dice [0.7553, 0.855, 0.7453]
2026-07-03 01:21:01.609355: Epoch time: 33.71 s
2026-07-03 01:21:01.609435: Yayy! New best EMA pseudo Dice: 0.7818
2026-07-03 01:21:02.875059: 
2026-07-03 01:21:02.875242: Epoch 79
2026-07-03 01:21:02.875381: Current learning rate: 0.00051
2026-07-03 01:21:36.524711: train_loss -0.7116
2026-07-03 01:21:36.524921: val_loss -0.6656
2026-07-03 01:21:36.525033: Pseudo dice [0.7358, 0.8492, 0.7387]
2026-07-03 01:21:36.525126: Epoch time: 33.65 s
2026-07-03 01:21:37.702185: 
2026-07-03 01:21:37.702350: Epoch 80
2026-07-03 01:21:37.702473: Current learning rate: 0.0005
2026-07-03 01:22:11.414826: train_loss -0.717
2026-07-03 01:22:11.415036: val_loss -0.7005
2026-07-03 01:22:11.415139: Pseudo dice [0.7614, 0.8502, 0.7602]
2026-07-03 01:22:11.415229: Epoch time: 33.71 s
2026-07-03 01:22:11.415299: Yayy! New best EMA pseudo Dice: 0.782
2026-07-03 01:22:12.675499: 
2026-07-03 01:22:12.675668: Epoch 81
2026-07-03 01:22:12.675787: Current learning rate: 0.0005
2026-07-03 01:22:46.320604: train_loss -0.7156
2026-07-03 01:22:46.320814: val_loss -0.6848
2026-07-03 01:22:46.320916: Pseudo dice [0.7504, 0.8352, 0.7511]
2026-07-03 01:22:46.321009: Epoch time: 33.65 s
2026-07-03 01:22:47.498630: 
2026-07-03 01:22:47.498793: Epoch 82
2026-07-03 01:22:47.498918: Current learning rate: 0.00049
2026-07-03 01:23:21.129735: train_loss -0.7093
2026-07-03 01:23:21.129947: val_loss -0.6972
2026-07-03 01:23:21.130060: Pseudo dice [0.7585, 0.8537, 0.7498]
2026-07-03 01:23:21.130157: Epoch time: 33.63 s
2026-07-03 01:23:21.130230: Yayy! New best EMA pseudo Dice: 0.7823
2026-07-03 01:23:22.496269: 
2026-07-03 01:23:22.496435: Epoch 83
2026-07-03 01:23:22.496559: Current learning rate: 0.00048
2026-07-03 01:23:56.153983: train_loss -0.7277
2026-07-03 01:23:56.154199: val_loss -0.6913
2026-07-03 01:23:56.154301: Pseudo dice [0.7549, 0.8529, 0.7681]
2026-07-03 01:23:56.154392: Epoch time: 33.66 s
2026-07-03 01:23:56.154465: Yayy! New best EMA pseudo Dice: 0.7832
2026-07-03 01:23:57.378768: 
2026-07-03 01:23:57.378930: Epoch 84
2026-07-03 01:23:57.379059: Current learning rate: 0.00048
2026-07-03 01:24:31.018633: train_loss -0.7348
2026-07-03 01:24:31.018848: val_loss -0.695
2026-07-03 01:24:31.019219: Pseudo dice [0.7582, 0.8358, 0.7659]
2026-07-03 01:24:31.019331: Epoch time: 33.64 s
2026-07-03 01:24:31.019409: Yayy! New best EMA pseudo Dice: 0.7836
2026-07-03 01:24:32.242202: 
2026-07-03 01:24:32.242367: Epoch 85
2026-07-03 01:24:32.242490: Current learning rate: 0.00047
2026-07-03 01:25:05.969920: train_loss -0.7217
2026-07-03 01:25:05.970172: val_loss -0.6758
2026-07-03 01:25:05.970281: Pseudo dice [0.7483, 0.8543, 0.7648]
2026-07-03 01:25:05.970378: Epoch time: 33.73 s
2026-07-03 01:25:05.970454: Yayy! New best EMA pseudo Dice: 0.7841
2026-07-03 01:25:07.195745: 
2026-07-03 01:25:07.195909: Epoch 86
2026-07-03 01:25:07.196036: Current learning rate: 0.00046
2026-07-03 01:25:40.844565: train_loss -0.7241
2026-07-03 01:25:40.844817: val_loss -0.6801
2026-07-03 01:25:40.844921: Pseudo dice [0.7295, 0.8436, 0.7461]
2026-07-03 01:25:40.845025: Epoch time: 33.65 s
2026-07-03 01:25:41.986636: 
2026-07-03 01:25:41.986799: Epoch 87
2026-07-03 01:25:41.986924: Current learning rate: 0.00046
2026-07-03 01:26:15.709585: train_loss -0.7283
2026-07-03 01:26:15.709832: val_loss -0.6886
2026-07-03 01:26:15.709939: Pseudo dice [0.7551, 0.8431, 0.7785]
2026-07-03 01:26:15.710046: Epoch time: 33.72 s
2026-07-03 01:26:16.885032: 
2026-07-03 01:26:16.885196: Epoch 88
2026-07-03 01:26:16.885320: Current learning rate: 0.00045
2026-07-03 01:26:50.534988: train_loss -0.7176
2026-07-03 01:26:50.535263: val_loss -0.6981
2026-07-03 01:26:50.535384: Pseudo dice [0.7572, 0.8518, 0.7602]
2026-07-03 01:26:50.535484: Epoch time: 33.65 s
2026-07-03 01:26:50.535564: Yayy! New best EMA pseudo Dice: 0.7845
2026-07-03 01:26:51.766776: 
2026-07-03 01:26:51.766949: Epoch 89
2026-07-03 01:26:51.767078: Current learning rate: 0.00044
2026-07-03 01:27:25.491760: train_loss -0.7221
2026-07-03 01:27:25.491945: val_loss -0.6583
2026-07-03 01:27:25.492051: Pseudo dice [0.7574, 0.8556, 0.7261]
2026-07-03 01:27:25.492139: Epoch time: 33.73 s
2026-07-03 01:27:26.632561: 
2026-07-03 01:27:26.632724: Epoch 90
2026-07-03 01:27:26.632852: Current learning rate: 0.00044
2026-07-03 01:28:00.280735: train_loss -0.7298
2026-07-03 01:28:00.280987: val_loss -0.6866
2026-07-03 01:28:00.281103: Pseudo dice [0.7482, 0.8617, 0.7608]
2026-07-03 01:28:00.281199: Epoch time: 33.65 s
2026-07-03 01:28:00.281281: Yayy! New best EMA pseudo Dice: 0.7847
2026-07-03 01:28:01.507855: 
2026-07-03 01:28:01.508020: Epoch 91
2026-07-03 01:28:01.508146: Current learning rate: 0.00043
2026-07-03 01:28:35.153576: train_loss -0.7256
2026-07-03 01:28:35.153821: val_loss -0.6802
2026-07-03 01:28:35.153926: Pseudo dice [0.7445, 0.8381, 0.7609]
2026-07-03 01:28:35.154031: Epoch time: 33.65 s
2026-07-03 01:28:36.296086: 
2026-07-03 01:28:36.296248: Epoch 92
2026-07-03 01:28:36.296376: Current learning rate: 0.00043
2026-07-03 01:29:10.035796: train_loss -0.7369
2026-07-03 01:29:10.036049: val_loss -0.7098
2026-07-03 01:29:10.036154: Pseudo dice [0.7563, 0.8609, 0.7754]
2026-07-03 01:29:10.036252: Epoch time: 33.74 s
2026-07-03 01:29:10.036333: Yayy! New best EMA pseudo Dice: 0.7856
2026-07-03 01:29:11.276781: 
2026-07-03 01:29:11.276953: Epoch 93
2026-07-03 01:29:11.277086: Current learning rate: 0.00042
2026-07-03 01:29:44.921892: train_loss -0.7303
2026-07-03 01:29:44.922094: val_loss -0.7195
2026-07-03 01:29:44.922198: Pseudo dice [0.7623, 0.8565, 0.7825]
2026-07-03 01:29:44.922292: Epoch time: 33.65 s
2026-07-03 01:29:44.922363: Yayy! New best EMA pseudo Dice: 0.7871
2026-07-03 01:29:46.155850: 
2026-07-03 01:29:46.156071: Epoch 94
2026-07-03 01:29:46.156252: Current learning rate: 0.00041
2026-07-03 01:30:19.887875: train_loss -0.7423
2026-07-03 01:30:19.888085: val_loss -0.6954
2026-07-03 01:30:19.888188: Pseudo dice [0.7583, 0.8517, 0.7451]
2026-07-03 01:30:19.888279: Epoch time: 33.73 s
2026-07-03 01:30:21.030603: 
2026-07-03 01:30:21.030762: Epoch 95
2026-07-03 01:30:21.030889: Current learning rate: 0.00041
2026-07-03 01:30:54.674707: train_loss -0.7415
2026-07-03 01:30:54.674947: val_loss -0.689
2026-07-03 01:30:54.675062: Pseudo dice [0.77, 0.8594, 0.7599]
2026-07-03 01:30:54.675161: Epoch time: 33.65 s
2026-07-03 01:30:54.675238: Yayy! New best EMA pseudo Dice: 0.7879
2026-07-03 01:30:55.906313: 
2026-07-03 01:30:55.906475: Epoch 96
2026-07-03 01:30:55.906599: Current learning rate: 0.0004
2026-07-03 01:31:29.640781: train_loss -0.7337
2026-07-03 01:31:29.640978: val_loss -0.6994
2026-07-03 01:31:29.641088: Pseudo dice [0.7636, 0.8531, 0.7736]
2026-07-03 01:31:29.641792: Epoch time: 33.74 s
2026-07-03 01:31:29.641902: Yayy! New best EMA pseudo Dice: 0.7887
2026-07-03 01:31:30.878087: 
2026-07-03 01:31:30.878250: Epoch 97
2026-07-03 01:31:30.878377: Current learning rate: 0.00039
2026-07-03 01:32:04.527183: train_loss -0.7434
2026-07-03 01:32:04.527430: val_loss -0.7157
2026-07-03 01:32:04.527535: Pseudo dice [0.7703, 0.8509, 0.7841]
2026-07-03 01:32:04.527633: Epoch time: 33.65 s
2026-07-03 01:32:04.527709: Yayy! New best EMA pseudo Dice: 0.7901
2026-07-03 01:32:05.777040: 
2026-07-03 01:32:05.777207: Epoch 98
2026-07-03 01:32:05.777336: Current learning rate: 0.00039
2026-07-03 01:32:39.419138: train_loss -0.7387
2026-07-03 01:32:39.419337: val_loss -0.6739
2026-07-03 01:32:39.419438: Pseudo dice [0.7234, 0.8535, 0.7553]
2026-07-03 01:32:39.419531: Epoch time: 33.64 s
2026-07-03 01:32:40.735864: 
2026-07-03 01:32:40.736035: Epoch 99
2026-07-03 01:32:40.736160: Current learning rate: 0.00038
2026-07-03 01:33:14.391983: train_loss -0.7298
2026-07-03 01:33:14.392240: val_loss -0.7017
2026-07-03 01:33:14.392403: Pseudo dice [0.7594, 0.8495, 0.755]
2026-07-03 01:33:14.392508: Epoch time: 33.66 s
2026-07-03 01:33:15.645414: 
2026-07-03 01:33:15.645571: Epoch 100
2026-07-03 01:33:15.645694: Current learning rate: 0.00037
2026-07-03 01:33:49.297767: train_loss -0.7468
2026-07-03 01:33:49.298021: val_loss -0.6848
2026-07-03 01:33:49.298128: Pseudo dice [0.746, 0.8471, 0.7542]
2026-07-03 01:33:49.298225: Epoch time: 33.65 s
2026-07-03 01:33:50.465098: 
2026-07-03 01:33:50.465261: Epoch 101
2026-07-03 01:33:50.465386: Current learning rate: 0.00037
2026-07-03 01:34:24.209356: train_loss -0.7469
2026-07-03 01:34:24.209600: val_loss -0.6865
2026-07-03 01:34:24.209704: Pseudo dice [0.7409, 0.8565, 0.7642]
2026-07-03 01:34:24.209799: Epoch time: 33.75 s
2026-07-03 01:34:25.374811: 
2026-07-03 01:34:25.374977: Epoch 102
2026-07-03 01:34:25.375105: Current learning rate: 0.00036
2026-07-03 01:34:59.024589: train_loss -0.7261
2026-07-03 01:34:59.024780: val_loss -0.6862
2026-07-03 01:34:59.024881: Pseudo dice [0.7615, 0.8563, 0.7578]
2026-07-03 01:34:59.024973: Epoch time: 33.65 s
2026-07-03 01:35:00.181571: 
2026-07-03 01:35:00.181735: Epoch 103
2026-07-03 01:35:00.181859: Current learning rate: 0.00035
2026-07-03 01:35:33.918200: train_loss -0.7465
2026-07-03 01:35:33.918407: val_loss -0.6584
2026-07-03 01:35:33.918515: Pseudo dice [0.7579, 0.8234, 0.734]
2026-07-03 01:35:33.918608: Epoch time: 33.74 s
2026-07-03 01:35:35.077260: 
2026-07-03 01:35:35.077425: Epoch 104
2026-07-03 01:35:35.077544: Current learning rate: 0.00035
2026-07-03 01:36:08.729255: train_loss -0.7453
2026-07-03 01:36:08.729495: val_loss -0.6985
2026-07-03 01:36:08.729599: Pseudo dice [0.749, 0.8496, 0.7679]
2026-07-03 01:36:08.729694: Epoch time: 33.65 s
2026-07-03 01:36:09.891294: 
2026-07-03 01:36:09.891455: Epoch 105
2026-07-03 01:36:09.891578: Current learning rate: 0.00034
2026-07-03 01:36:43.546192: train_loss -0.7384
2026-07-03 01:36:43.546439: val_loss -0.6958
2026-07-03 01:36:43.546548: Pseudo dice [0.7608, 0.8589, 0.7432]
2026-07-03 01:36:43.546648: Epoch time: 33.66 s
2026-07-03 01:36:44.705421: 
2026-07-03 01:36:44.705581: Epoch 106
2026-07-03 01:36:44.705700: Current learning rate: 0.00033
2026-07-03 01:37:18.454061: train_loss -0.7447
2026-07-03 01:37:18.454257: val_loss -0.7001
2026-07-03 01:37:18.454365: Pseudo dice [0.7577, 0.8635, 0.7624]
2026-07-03 01:37:18.454459: Epoch time: 33.75 s
2026-07-03 01:37:19.622154: 
2026-07-03 01:37:19.622320: Epoch 107
2026-07-03 01:37:19.622442: Current learning rate: 0.00032
2026-07-03 01:37:53.275034: train_loss -0.7457
2026-07-03 01:37:53.275393: val_loss -0.6653
2026-07-03 01:37:53.275509: Pseudo dice [0.7602, 0.8215, 0.7369]
2026-07-03 01:37:53.275611: Epoch time: 33.65 s
2026-07-03 01:37:54.446823: 
2026-07-03 01:37:54.446983: Epoch 108
2026-07-03 01:37:54.447112: Current learning rate: 0.00032
2026-07-03 01:38:28.186830: train_loss -0.7461
2026-07-03 01:38:28.187032: val_loss -0.698
2026-07-03 01:38:28.187138: Pseudo dice [0.7557, 0.8639, 0.7465]
2026-07-03 01:38:28.187231: Epoch time: 33.74 s
2026-07-03 01:38:29.351122: 
2026-07-03 01:38:29.351288: Epoch 109
2026-07-03 01:38:29.351413: Current learning rate: 0.00031
2026-07-03 01:39:03.004214: train_loss -0.7461
2026-07-03 01:39:03.004458: val_loss -0.7114
2026-07-03 01:39:03.004565: Pseudo dice [0.7407, 0.8648, 0.7797]
2026-07-03 01:39:03.004665: Epoch time: 33.65 s
2026-07-03 01:39:04.173735: 
2026-07-03 01:39:04.173898: Epoch 110
2026-07-03 01:39:04.174026: Current learning rate: 0.0003
2026-07-03 01:39:37.824769: train_loss -0.7494
2026-07-03 01:39:37.824968: val_loss -0.6974
2026-07-03 01:39:37.825075: Pseudo dice [0.7412, 0.8585, 0.7781]
2026-07-03 01:39:37.825168: Epoch time: 33.65 s
2026-07-03 01:39:39.150978: 
2026-07-03 01:39:39.151212: Epoch 111
2026-07-03 01:39:39.151407: Current learning rate: 0.0003
2026-07-03 01:40:12.819294: train_loss -0.7581
2026-07-03 01:40:12.819496: val_loss -0.6687
2026-07-03 01:40:12.819601: Pseudo dice [0.7383, 0.8297, 0.735]
2026-07-03 01:40:12.819696: Epoch time: 33.67 s
2026-07-03 01:40:13.985812: 
2026-07-03 01:40:13.985967: Epoch 112
2026-07-03 01:40:13.986098: Current learning rate: 0.00029
2026-07-03 01:40:47.636073: train_loss -0.7605
2026-07-03 01:40:47.636303: val_loss -0.711
2026-07-03 01:40:47.636406: Pseudo dice [0.7646, 0.8628, 0.7828]
2026-07-03 01:40:47.636502: Epoch time: 33.65 s
2026-07-03 01:40:48.800786: 
2026-07-03 01:40:48.800947: Epoch 113
2026-07-03 01:40:48.801079: Current learning rate: 0.00028
2026-07-03 01:41:22.551950: train_loss -0.7588
2026-07-03 01:41:22.552154: val_loss -0.716
2026-07-03 01:41:22.552254: Pseudo dice [0.7662, 0.858, 0.778]
2026-07-03 01:41:22.552340: Epoch time: 33.75 s
2026-07-03 01:41:23.716622: 
2026-07-03 01:41:23.716789: Epoch 114
2026-07-03 01:41:23.716913: Current learning rate: 0.00028
2026-07-03 01:41:57.368628: train_loss -0.766
2026-07-03 01:41:57.368819: val_loss -0.7062
2026-07-03 01:41:57.368922: Pseudo dice [0.7533, 0.8504, 0.7707]
2026-07-03 01:41:57.369021: Epoch time: 33.65 s
2026-07-03 01:41:58.533454: 
2026-07-03 01:41:58.533653: Epoch 115
2026-07-03 01:41:58.533779: Current learning rate: 0.00027
2026-07-03 01:42:32.185599: train_loss -0.7428
2026-07-03 01:42:32.185790: val_loss -0.6862
2026-07-03 01:42:32.185892: Pseudo dice [0.7457, 0.853, 0.7484]
2026-07-03 01:42:32.185985: Epoch time: 33.65 s
2026-07-03 01:42:33.355927: 
2026-07-03 01:42:33.356094: Epoch 116
2026-07-03 01:42:33.356217: Current learning rate: 0.00026
2026-07-03 01:43:07.106448: train_loss -0.7562
2026-07-03 01:43:07.106688: val_loss -0.7095
2026-07-03 01:43:07.106800: Pseudo dice [0.7499, 0.8673, 0.7781]
2026-07-03 01:43:07.106900: Epoch time: 33.75 s
2026-07-03 01:43:08.286864: 
2026-07-03 01:43:08.287033: Epoch 117
2026-07-03 01:43:08.287160: Current learning rate: 0.00026
2026-07-03 01:43:41.949229: train_loss -0.7674
2026-07-03 01:43:41.949465: val_loss -0.6786
2026-07-03 01:43:41.949566: Pseudo dice [0.7575, 0.8485, 0.7653]
2026-07-03 01:43:41.949659: Epoch time: 33.66 s
2026-07-03 01:43:43.126050: 
2026-07-03 01:43:43.126210: Epoch 118
2026-07-03 01:43:43.126334: Current learning rate: 0.00025
2026-07-03 01:44:16.875527: train_loss -0.7551
2026-07-03 01:44:16.875771: val_loss -0.7108
2026-07-03 01:44:16.875875: Pseudo dice [0.7567, 0.8605, 0.7829]
2026-07-03 01:44:16.875970: Epoch time: 33.75 s
2026-07-03 01:44:16.876056: Yayy! New best EMA pseudo Dice: 0.7906
2026-07-03 01:44:18.146057: 
2026-07-03 01:44:18.146233: Epoch 119
2026-07-03 01:44:18.146360: Current learning rate: 0.00024
2026-07-03 01:44:51.804070: train_loss -0.7624
2026-07-03 01:44:51.804267: val_loss -0.7044
2026-07-03 01:44:51.804365: Pseudo dice [0.7448, 0.8569, 0.7772]
2026-07-03 01:44:51.804454: Epoch time: 33.66 s
2026-07-03 01:44:51.804525: Yayy! New best EMA pseudo Dice: 0.7909
2026-07-03 01:44:53.065518: 
2026-07-03 01:44:53.065682: Epoch 120
2026-07-03 01:44:53.065808: Current learning rate: 0.00023
2026-07-03 01:45:26.819263: train_loss -0.7642
2026-07-03 01:45:26.819475: val_loss -0.7278
2026-07-03 01:45:26.819577: Pseudo dice [0.754, 0.8647, 0.7909]
2026-07-03 01:45:26.819670: Epoch time: 33.75 s
2026-07-03 01:45:26.819752: Yayy! New best EMA pseudo Dice: 0.7921
2026-07-03 01:45:28.086140: 
2026-07-03 01:45:28.086303: Epoch 121
2026-07-03 01:45:28.086429: Current learning rate: 0.00023
2026-07-03 01:46:01.754130: train_loss -0.7611
2026-07-03 01:46:01.754372: val_loss -0.7135
2026-07-03 01:46:01.754479: Pseudo dice [0.758, 0.8512, 0.7753]
2026-07-03 01:46:01.754577: Epoch time: 33.67 s
2026-07-03 01:46:01.754655: Yayy! New best EMA pseudo Dice: 0.7924
2026-07-03 01:46:03.026891: 
2026-07-03 01:46:03.027060: Epoch 122
2026-07-03 01:46:03.027184: Current learning rate: 0.00022
2026-07-03 01:46:36.685762: train_loss -0.7617
2026-07-03 01:46:36.686002: val_loss -0.7175
2026-07-03 01:46:36.686117: Pseudo dice [0.7611, 0.8668, 0.7701]
2026-07-03 01:46:36.686208: Epoch time: 33.66 s
2026-07-03 01:46:36.686284: Yayy! New best EMA pseudo Dice: 0.7931
2026-07-03 01:46:38.111164: 
2026-07-03 01:46:38.111328: Epoch 123
2026-07-03 01:46:38.111455: Current learning rate: 0.00021
2026-07-03 01:47:11.789831: train_loss -0.7601
2026-07-03 01:47:11.790078: val_loss -0.7062
2026-07-03 01:47:11.790184: Pseudo dice [0.7601, 0.8433, 0.7843]
2026-07-03 01:47:11.790280: Epoch time: 33.68 s
2026-07-03 01:47:11.790358: Yayy! New best EMA pseudo Dice: 0.7934
2026-07-03 01:47:13.064398: 
2026-07-03 01:47:13.064569: Epoch 124
2026-07-03 01:47:13.064697: Current learning rate: 0.00021
2026-07-03 01:47:46.738342: train_loss -0.7661
2026-07-03 01:47:46.738583: val_loss -0.7149
2026-07-03 01:47:46.738687: Pseudo dice [0.7515, 0.8611, 0.7772]
2026-07-03 01:47:46.738783: Epoch time: 33.68 s
2026-07-03 01:47:46.738858: Yayy! New best EMA pseudo Dice: 0.7937
2026-07-03 01:47:48.013696: 
2026-07-03 01:47:48.013860: Epoch 125
2026-07-03 01:47:48.013987: Current learning rate: 0.0002
2026-07-03 01:48:21.777498: train_loss -0.7604
2026-07-03 01:48:21.777690: val_loss -0.6994
2026-07-03 01:48:21.777793: Pseudo dice [0.7644, 0.859, 0.7664]
2026-07-03 01:48:21.777885: Epoch time: 33.77 s
2026-07-03 01:48:21.777957: Yayy! New best EMA pseudo Dice: 0.794
2026-07-03 01:48:23.049677: 
2026-07-03 01:48:23.049897: Epoch 126
2026-07-03 01:48:23.050088: Current learning rate: 0.00019
2026-07-03 01:48:56.720078: train_loss -0.7589
2026-07-03 01:48:56.720279: val_loss -0.7005
2026-07-03 01:48:56.720386: Pseudo dice [0.7566, 0.8456, 0.7647]
2026-07-03 01:48:56.720479: Epoch time: 33.67 s
2026-07-03 01:48:57.900248: 
2026-07-03 01:48:57.900413: Epoch 127
2026-07-03 01:48:57.900535: Current learning rate: 0.00018
2026-07-03 01:49:31.639644: train_loss -0.7651
2026-07-03 01:49:31.639840: val_loss -0.6622
2026-07-03 01:49:31.639942: Pseudo dice [0.7453, 0.8291, 0.7604]
2026-07-03 01:49:31.640040: Epoch time: 33.74 s
2026-07-03 01:49:32.819544: 
2026-07-03 01:49:32.819722: Epoch 128
2026-07-03 01:49:32.819856: Current learning rate: 0.00018
2026-07-03 01:50:06.470236: train_loss -0.7567
2026-07-03 01:50:06.470472: val_loss -0.7264
2026-07-03 01:50:06.470578: Pseudo dice [0.7665, 0.8666, 0.7673]
2026-07-03 01:50:06.470671: Epoch time: 33.65 s
2026-07-03 01:50:07.640615: 
2026-07-03 01:50:07.640780: Epoch 129
2026-07-03 01:50:07.640907: Current learning rate: 0.00017
2026-07-03 01:50:41.288779: train_loss -0.7684
2026-07-03 01:50:41.289034: val_loss -0.7081
2026-07-03 01:50:41.289143: Pseudo dice [0.7501, 0.8679, 0.7573]
2026-07-03 01:50:41.289241: Epoch time: 33.65 s
2026-07-03 01:50:42.617482: 
2026-07-03 01:50:42.617645: Epoch 130
2026-07-03 01:50:42.617769: Current learning rate: 0.00016
2026-07-03 01:51:16.279421: train_loss -0.769
2026-07-03 01:51:16.279669: val_loss -0.705
2026-07-03 01:51:16.279773: Pseudo dice [0.7605, 0.8597, 0.7758]
2026-07-03 01:51:16.280127: Epoch time: 33.66 s
2026-07-03 01:51:17.445438: 
2026-07-03 01:51:17.445605: Epoch 131
2026-07-03 01:51:17.445729: Current learning rate: 0.00016
2026-07-03 01:51:51.094510: train_loss -0.7695
2026-07-03 01:51:51.094765: val_loss -0.7094
2026-07-03 01:51:51.094870: Pseudo dice [0.7661, 0.8611, 0.7808]
2026-07-03 01:51:51.094968: Epoch time: 33.65 s
2026-07-03 01:51:51.095056: Yayy! New best EMA pseudo Dice: 0.7942
2026-07-03 01:51:52.349316: 
2026-07-03 01:51:52.349478: Epoch 132
2026-07-03 01:51:52.349603: Current learning rate: 0.00015
2026-07-03 01:52:26.092716: train_loss -0.7759
2026-07-03 01:52:26.092907: val_loss -0.6899
2026-07-03 01:52:26.093006: Pseudo dice [0.7673, 0.8762, 0.7559]
2026-07-03 01:52:26.093100: Epoch time: 33.74 s
2026-07-03 01:52:26.093170: Yayy! New best EMA pseudo Dice: 0.7948
2026-07-03 01:52:27.346191: 
2026-07-03 01:52:27.346365: Epoch 133
2026-07-03 01:52:27.346493: Current learning rate: 0.00014
2026-07-03 01:53:00.996933: train_loss -0.7839
2026-07-03 01:53:00.997195: val_loss -0.6975
2026-07-03 01:53:00.997303: Pseudo dice [0.7534, 0.8555, 0.7655]
2026-07-03 01:53:00.997400: Epoch time: 33.65 s
2026-07-03 01:53:02.162674: 
2026-07-03 01:53:02.162843: Epoch 134
2026-07-03 01:53:02.162967: Current learning rate: 0.00013
2026-07-03 01:53:35.902290: train_loss -0.77
2026-07-03 01:53:35.902495: val_loss -0.671
2026-07-03 01:53:35.902596: Pseudo dice [0.7424, 0.8582, 0.7485]
2026-07-03 01:53:35.902687: Epoch time: 33.74 s
2026-07-03 01:53:37.071165: 
2026-07-03 01:53:37.071328: Epoch 135
2026-07-03 01:53:37.071451: Current learning rate: 0.00013
2026-07-03 01:54:10.728347: train_loss -0.7805
2026-07-03 01:54:10.728593: val_loss -0.7149
2026-07-03 01:54:10.728708: Pseudo dice [0.7489, 0.8563, 0.7775]
2026-07-03 01:54:10.728807: Epoch time: 33.66 s
2026-07-03 01:54:11.905928: 
2026-07-03 01:54:11.906098: Epoch 136
2026-07-03 01:54:11.906225: Current learning rate: 0.00012
2026-07-03 01:54:45.562276: train_loss -0.7864
2026-07-03 01:54:45.562473: val_loss -0.6976
2026-07-03 01:54:45.562573: Pseudo dice [0.7627, 0.8623, 0.7659]
2026-07-03 01:54:45.562660: Epoch time: 33.66 s
2026-07-03 01:54:46.897180: 
2026-07-03 01:54:46.897345: Epoch 137
2026-07-03 01:54:46.897468: Current learning rate: 0.00011
2026-07-03 01:55:20.565669: train_loss -0.7734
2026-07-03 01:55:20.565911: val_loss -0.6981
2026-07-03 01:55:20.566024: Pseudo dice [0.7532, 0.8737, 0.7538]
2026-07-03 01:55:20.566125: Epoch time: 33.67 s
2026-07-03 01:55:21.742825: 
2026-07-03 01:55:21.742988: Epoch 138
2026-07-03 01:55:21.743119: Current learning rate: 0.0001
2026-07-03 01:55:55.398533: train_loss -0.7685
2026-07-03 01:55:55.398777: val_loss -0.6882
2026-07-03 01:55:55.398886: Pseudo dice [0.7497, 0.8633, 0.7831]
2026-07-03 01:55:55.398987: Epoch time: 33.66 s
2026-07-03 01:55:56.572275: 
2026-07-03 01:55:56.572436: Epoch 139
2026-07-03 01:55:56.572560: Current learning rate: 0.0001
2026-07-03 01:56:30.320474: train_loss -0.7764
2026-07-03 01:56:30.320681: val_loss -0.6799
2026-07-03 01:56:30.320786: Pseudo dice [0.7553, 0.8691, 0.7534]
2026-07-03 01:56:30.320874: Epoch time: 33.75 s
2026-07-03 01:56:31.489232: 
2026-07-03 01:56:31.489394: Epoch 140
2026-07-03 01:56:31.489519: Current learning rate: 9e-05
2026-07-03 01:57:05.139787: train_loss -0.7869
2026-07-03 01:57:05.139983: val_loss -0.7056
2026-07-03 01:57:05.140100: Pseudo dice [0.7569, 0.8612, 0.7639]
2026-07-03 01:57:05.140196: Epoch time: 33.65 s
2026-07-03 01:57:06.312935: 
2026-07-03 01:57:06.313103: Epoch 141
2026-07-03 01:57:06.313230: Current learning rate: 8e-05
2026-07-03 01:57:39.959040: train_loss -0.7707
2026-07-03 01:57:39.959283: val_loss -0.6929
2026-07-03 01:57:39.959385: Pseudo dice [0.7564, 0.8647, 0.759]
2026-07-03 01:57:39.959478: Epoch time: 33.65 s
2026-07-03 01:57:41.306744: 
2026-07-03 01:57:41.306915: Epoch 142
2026-07-03 01:57:41.307053: Current learning rate: 7e-05
2026-07-03 01:58:14.973616: train_loss -0.7771
2026-07-03 01:58:14.973855: val_loss -0.7078
2026-07-03 01:58:14.973959: Pseudo dice [0.7621, 0.8627, 0.7527]
2026-07-03 01:58:14.974062: Epoch time: 33.67 s
2026-07-03 01:58:16.147854: 
2026-07-03 01:58:16.148042: Epoch 143
2026-07-03 01:58:16.148181: Current learning rate: 6e-05
2026-07-03 01:58:49.804921: train_loss -0.7827
2026-07-03 01:58:49.805174: val_loss -0.7045
2026-07-03 01:58:49.805280: Pseudo dice [0.7528, 0.8567, 0.7635]
2026-07-03 01:58:49.805380: Epoch time: 33.66 s
2026-07-03 01:58:50.978182: 
2026-07-03 01:58:50.978340: Epoch 144
2026-07-03 01:58:50.978466: Current learning rate: 6e-05
2026-07-03 01:59:24.722878: train_loss -0.7785
2026-07-03 01:59:24.723087: val_loss -0.6983
2026-07-03 01:59:24.723238: Pseudo dice [0.7651, 0.8623, 0.7634]
2026-07-03 01:59:24.723335: Epoch time: 33.75 s
2026-07-03 01:59:25.900807: 
2026-07-03 01:59:25.901035: Epoch 145
2026-07-03 01:59:25.901229: Current learning rate: 5e-05
2026-07-03 01:59:59.547810: train_loss -0.7767
2026-07-03 01:59:59.548002: val_loss -0.7092
2026-07-03 01:59:59.548113: Pseudo dice [0.7755, 0.8587, 0.7668]
2026-07-03 01:59:59.548207: Epoch time: 33.65 s
2026-07-03 02:00:00.725056: 
2026-07-03 02:00:00.725220: Epoch 146
2026-07-03 02:00:00.725346: Current learning rate: 4e-05
2026-07-03 02:00:34.374908: train_loss -0.7843
2026-07-03 02:00:34.375167: val_loss -0.7254
2026-07-03 02:00:34.375276: Pseudo dice [0.7682, 0.8707, 0.7915]
2026-07-03 02:00:34.375373: Epoch time: 33.65 s
2026-07-03 02:00:34.375450: Yayy! New best EMA pseudo Dice: 0.7961
2026-07-03 02:00:35.817613: 
2026-07-03 02:00:35.817781: Epoch 147
2026-07-03 02:00:35.817909: Current learning rate: 3e-05
2026-07-03 02:01:09.474735: train_loss -0.7811
2026-07-03 02:01:09.474972: val_loss -0.7006
2026-07-03 02:01:09.475125: Pseudo dice [0.7675, 0.8595, 0.7524]
2026-07-03 02:01:09.475234: Epoch time: 33.66 s
2026-07-03 02:01:10.654688: 
2026-07-03 02:01:10.654850: Epoch 148
2026-07-03 02:01:10.654975: Current learning rate: 2e-05
2026-07-03 02:01:44.311999: train_loss -0.7806
2026-07-03 02:01:44.312250: val_loss -0.7067
2026-07-03 02:01:44.312364: Pseudo dice [0.7608, 0.8572, 0.7607]
2026-07-03 02:01:44.312466: Epoch time: 33.66 s
2026-07-03 02:01:45.495923: 
2026-07-03 02:01:45.496093: Epoch 149
2026-07-03 02:01:45.496222: Current learning rate: 1e-05
2026-07-03 02:02:19.248597: train_loss -0.7837
2026-07-03 02:02:19.248787: val_loss -0.6981
2026-07-03 02:02:19.248887: Pseudo dice [0.7718, 0.8558, 0.7705]
2026-07-03 02:02:19.248974: Epoch time: 33.75 s
2026-07-03 02:02:20.571146: Training done.
2026-07-03 02:02:20.571999: Skipping final validation (COMBO_SKIP_FINAL_VALIDATION=1)


=== EG2 [E] e1_uas2 ===
skip=E1  ctx=UAS2
params:  0.517M  (+10.9% vs ENet baseline)
results: /home/yhussein/LightM-UNet/data/nnUNET_results/enet_combo_e150/EG2_e1_uas2
command: nnUNetv2_train 501 2d 0 -tr nnUNetTrainerENetCombo
/home/yhussein/conda-envs/lightmunet/lib/python3.10/site-packages/monai/utils/module.py:396: UserWarning: pkg_resources is deprecated as an API. See https://setuptools.pypa.io/en/latest/pkg_resources.html. The pkg_resources package is slated for removal as early as 2025-11-30. Refrain from using this package or pin to Setuptools<81.
  pkg = __import__(module)  # top level module
Using device: cuda:0

#######################################################################
Please cite the following paper when using nnU-Net:
Isensee, F., Jaeger, P. F., Kohl, S. A., Petersen, J., & Maier-Hein, K. H. (2021). nnU-Net: a self-configuring method for deep learning-based biomedical image segmentation. Nature methods, 18(2), 203-211.
#######################################################################


This is the configuration used by this training:
Configuration name: 2d
 {'data_identifier': 'nnUNetPlans_2d', 'preprocessor_name': 'DefaultPreprocessor', 'batch_size': 4, 'patch_size': [512, 512], 'median_image_size_in_voxels': [512.0, 512.0], 'spacing': [1.0, 1.0], 'normalization_schemes': ['ZScoreNormalization'], 'use_mask_for_norm': [False], 'UNet_class_name': 'PlainConvUNet', 'UNet_base_num_features': 32, 'n_conv_per_stage_encoder': [2, 2, 2, 2, 2, 2, 2, 2], 'n_conv_per_stage_decoder': [2, 2, 2, 2, 2, 2, 2], 'num_pool_per_axis': [7, 7], 'pool_op_kernel_sizes': [[1, 1], [2, 2], [2, 2], [2, 2], [2, 2], [2, 2], [2, 2], [2, 2]], 'conv_kernel_sizes': [[3, 3], [3, 3], [3, 3], [3, 3], [3, 3], [3, 3], [3, 3], [3, 3]], 'unet_max_num_features': 512, 'resampling_fn_data': 'resample_data_or_seg_to_shape', 'resampling_fn_seg': 'resample_data_or_seg_to_shape', 'resampling_fn_data_kwargs': {'is_seg': False, 'order': 3, 'order_z': 0, 'force_separate_z': None}, 'resampling_fn_seg_kwargs': {'is_seg': True, 'order': 1, 'order_z': 0, 'force_separate_z': None}, 'resampling_fn_probabilities': 'resample_data_or_seg_to_shape', 'resampling_fn_probabilities_kwargs': {'is_seg': False, 'order': 1, 'order_z': 0, 'force_separate_z': None}, 'batch_dice': True} 

These are the global plan.json settings:
 {'dataset_name': 'Dataset501_ARCADE', 'plans_name': 'nnUNetPlans', 'original_median_spacing_after_transp': [999.0, 1.0, 1.0], 'original_median_shape_after_transp': [1, 512, 512], 'image_reader_writer': 'NaturalImage2DIO', 'transpose_forward': [0, 1, 2], 'transpose_backward': [0, 1, 2], 'experiment_planner_used': 'ExperimentPlanner', 'label_manager': 'LabelManager', 'foreground_intensity_properties_per_channel': {'0': {'max': 255.0, 'mean': 98.67886352539062, 'median': 96.0, 'min': 0.0, 'percentile_00_5': 32.0, 'percentile_99_5': 186.0, 'std': 31.84078025817871}}} 

2026-07-03 02:02:28.050932: unpacking dataset...
2026-07-03 02:02:32.076844: unpacking done...
2026-07-03 02:02:32.077288: do_dummy_2d_data_aug: False
2026-07-03 02:02:32.083307: Using splits from existing split file: /gpfs/home1/yhussein/LightM-UNet/data/nnUNet_preprocessed/Dataset501_ARCADE/splits_final.json
2026-07-03 02:02:32.083630: The split file contains 1 splits.
2026-07-03 02:02:32.083699: Desired fold for training: 0
2026-07-03 02:02:32.083749: This split has 1000 training and 200 validation cases.
2026-07-03 02:02:32.100184: Skipping architecture plot (COMBO_SKIP_ARCH_PLOT=1)
2026-07-03 02:02:32.110943: 
2026-07-03 02:02:32.111047: Epoch 0
2026-07-03 02:02:32.111152: Current learning rate: 0.001
using pin_memory on device 0
using pin_memory on device 0
2026-07-03 02:03:00.520764: train_loss 0.309
2026-07-03 02:03:00.521073: val_loss -0.0292
2026-07-03 02:03:00.521198: Pseudo dice [0.0, 0.0014, 0.0]
2026-07-03 02:03:00.521304: Epoch time: 28.41 s
2026-07-03 02:03:00.521393: Yayy! New best EMA pseudo Dice: 0.0005
2026-07-03 02:03:01.680213: 
2026-07-03 02:03:01.680384: Epoch 1
2026-07-03 02:03:01.680508: Current learning rate: 0.00099
2026-07-03 02:03:27.403106: train_loss -0.0589
2026-07-03 02:03:27.403331: val_loss -0.075
2026-07-03 02:03:27.403438: Pseudo dice [0.0, 0.0002, 0.0]
2026-07-03 02:03:27.403528: Epoch time: 25.72 s
2026-07-03 02:03:28.544773: 
2026-07-03 02:03:28.544945: Epoch 2
2026-07-03 02:03:28.545076: Current learning rate: 0.00099
2026-07-03 02:03:54.302742: train_loss -0.0912
2026-07-03 02:03:54.302953: val_loss -0.0829
2026-07-03 02:03:54.303068: Pseudo dice [0.1683, 0.3827, 0.0]
2026-07-03 02:03:54.303746: Epoch time: 25.76 s
2026-07-03 02:03:54.303833: Yayy! New best EMA pseudo Dice: 0.0188
2026-07-03 02:03:55.596792: 
2026-07-03 02:03:55.596957: Epoch 3
2026-07-03 02:03:55.597090: Current learning rate: 0.00098
2026-07-03 02:04:21.195500: train_loss -0.1604
2026-07-03 02:04:21.195690: val_loss -0.2404
2026-07-03 02:04:21.195789: Pseudo dice [0.3174, 0.6076, 0.2589]
2026-07-03 02:04:21.195877: Epoch time: 25.6 s
2026-07-03 02:04:21.195948: Yayy! New best EMA pseudo Dice: 0.0563
2026-07-03 02:04:22.585349: 
2026-07-03 02:04:22.585514: Epoch 4
2026-07-03 02:04:22.585636: Current learning rate: 0.00098
2026-07-03 02:04:48.195932: train_loss -0.2732
2026-07-03 02:04:48.196155: val_loss -0.308
2026-07-03 02:04:48.196265: Pseudo dice [0.447, 0.621, 0.3804]
2026-07-03 02:04:48.196352: Epoch time: 25.61 s
2026-07-03 02:04:48.196428: Yayy! New best EMA pseudo Dice: 0.099
2026-07-03 02:04:49.461673: 
2026-07-03 02:04:49.461846: Epoch 5
2026-07-03 02:04:49.461980: Current learning rate: 0.00097
2026-07-03 02:05:15.176325: train_loss -0.3486
2026-07-03 02:05:15.176528: val_loss -0.4257
2026-07-03 02:05:15.176632: Pseudo dice [0.5681, 0.7416, 0.4936]
2026-07-03 02:05:15.176723: Epoch time: 25.72 s
2026-07-03 02:05:15.176796: Yayy! New best EMA pseudo Dice: 0.1492
2026-07-03 02:05:16.415730: 
2026-07-03 02:05:16.415897: Epoch 6
2026-07-03 02:05:16.416032: Current learning rate: 0.00096
2026-07-03 02:05:42.168687: train_loss -0.4175
2026-07-03 02:05:42.168884: val_loss -0.4691
2026-07-03 02:05:42.168988: Pseudo dice [0.5785, 0.7304, 0.5597]
2026-07-03 02:05:42.169083: Epoch time: 25.75 s
2026-07-03 02:05:42.169155: Yayy! New best EMA pseudo Dice: 0.1966
2026-07-03 02:05:43.423317: 
2026-07-03 02:05:43.423478: Epoch 7
2026-07-03 02:05:43.423602: Current learning rate: 0.00096
2026-07-03 02:06:09.032611: train_loss -0.433
2026-07-03 02:06:09.032802: val_loss -0.4055
2026-07-03 02:06:09.032908: Pseudo dice [0.6076, 0.557, 0.5677]
2026-07-03 02:06:09.032997: Epoch time: 25.61 s
2026-07-03 02:06:09.033078: Yayy! New best EMA pseudo Dice: 0.2347
2026-07-03 02:06:10.412099: 
2026-07-03 02:06:10.412264: Epoch 8
2026-07-03 02:06:10.412389: Current learning rate: 0.00095
2026-07-03 02:06:36.014174: train_loss -0.4846
2026-07-03 02:06:36.014384: val_loss -0.5464
2026-07-03 02:06:36.014490: Pseudo dice [0.6521, 0.7706, 0.6381]
2026-07-03 02:06:36.014579: Epoch time: 25.6 s
2026-07-03 02:06:36.014653: Yayy! New best EMA pseudo Dice: 0.2799
2026-07-03 02:06:37.270793: 
2026-07-03 02:06:37.270957: Epoch 9
2026-07-03 02:06:37.271089: Current learning rate: 0.00095
2026-07-03 02:07:03.030879: train_loss -0.496
2026-07-03 02:07:03.031092: val_loss -0.5191
2026-07-03 02:07:03.031199: Pseudo dice [0.618, 0.7841, 0.567]
2026-07-03 02:07:03.031286: Epoch time: 25.76 s
2026-07-03 02:07:03.031359: Yayy! New best EMA pseudo Dice: 0.3175
2026-07-03 02:07:04.253351: 
2026-07-03 02:07:04.253526: Epoch 10
2026-07-03 02:07:04.253652: Current learning rate: 0.00094
2026-07-03 02:07:29.967092: train_loss -0.5103
2026-07-03 02:07:29.967299: val_loss -0.5486
2026-07-03 02:07:29.967406: Pseudo dice [0.6026, 0.7792, 0.6597]
2026-07-03 02:07:29.967493: Epoch time: 25.72 s
2026-07-03 02:07:29.967571: Yayy! New best EMA pseudo Dice: 0.3538
2026-07-03 02:07:31.202672: 
2026-07-03 02:07:31.202836: Epoch 11
2026-07-03 02:07:31.202962: Current learning rate: 0.00093
2026-07-03 02:07:56.800557: train_loss -0.5105
2026-07-03 02:07:56.800745: val_loss -0.5541
2026-07-03 02:07:56.800846: Pseudo dice [0.6562, 0.7796, 0.6304]
2026-07-03 02:07:56.800932: Epoch time: 25.6 s
2026-07-03 02:07:56.801002: Yayy! New best EMA pseudo Dice: 0.3873
2026-07-03 02:07:58.029893: 
2026-07-03 02:07:58.030067: Epoch 12
2026-07-03 02:07:58.030190: Current learning rate: 0.00093
2026-07-03 02:08:23.802172: train_loss -0.5144
2026-07-03 02:08:23.802381: val_loss -0.6022
2026-07-03 02:08:23.802485: Pseudo dice [0.6895, 0.8001, 0.6795]
2026-07-03 02:08:23.802576: Epoch time: 25.77 s
2026-07-03 02:08:23.802649: Yayy! New best EMA pseudo Dice: 0.4209
2026-07-03 02:08:25.054371: 
2026-07-03 02:08:25.054541: Epoch 13
2026-07-03 02:08:25.054671: Current learning rate: 0.00092
2026-07-03 02:08:50.760242: train_loss -0.5369
2026-07-03 02:08:50.761027: val_loss -0.5835
2026-07-03 02:08:50.761146: Pseudo dice [0.6694, 0.8002, 0.6205]
2026-07-03 02:08:50.761233: Epoch time: 25.71 s
2026-07-03 02:08:50.761304: Yayy! New best EMA pseudo Dice: 0.4485
2026-07-03 02:08:52.010262: 
2026-07-03 02:08:52.010429: Epoch 14
2026-07-03 02:08:52.010553: Current learning rate: 0.00092
2026-07-03 02:09:17.719576: train_loss -0.5419
2026-07-03 02:09:17.719772: val_loss -0.5956
2026-07-03 02:09:17.719872: Pseudo dice [0.6963, 0.8039, 0.6843]
2026-07-03 02:09:17.719958: Epoch time: 25.71 s
2026-07-03 02:09:17.720036: Yayy! New best EMA pseudo Dice: 0.4764
2026-07-03 02:09:18.968531: 
2026-07-03 02:09:18.968698: Epoch 15
2026-07-03 02:09:18.968819: Current learning rate: 0.00091
2026-07-03 02:09:44.565761: train_loss -0.5429
2026-07-03 02:09:44.565952: val_loss -0.5897
2026-07-03 02:09:44.566058: Pseudo dice [0.6911, 0.7835, 0.6884]
2026-07-03 02:09:44.566147: Epoch time: 25.6 s
2026-07-03 02:09:44.566216: Yayy! New best EMA pseudo Dice: 0.5009
2026-07-03 02:09:45.934896: 
2026-07-03 02:09:45.935063: Epoch 16
2026-07-03 02:09:45.935186: Current learning rate: 0.0009
2026-07-03 02:10:11.545882: train_loss -0.5701
2026-07-03 02:10:11.546092: val_loss -0.5798
2026-07-03 02:10:11.546202: Pseudo dice [0.6706, 0.7868, 0.6727]
2026-07-03 02:10:11.546294: Epoch time: 25.61 s
2026-07-03 02:10:11.546370: Yayy! New best EMA pseudo Dice: 0.5218
2026-07-03 02:10:12.803886: 
2026-07-03 02:10:12.804055: Epoch 17
2026-07-03 02:10:12.804183: Current learning rate: 0.0009
2026-07-03 02:10:38.566594: train_loss -0.5716
2026-07-03 02:10:38.566787: val_loss -0.5838
2026-07-03 02:10:38.566886: Pseudo dice [0.6324, 0.8285, 0.6378]
2026-07-03 02:10:38.566970: Epoch time: 25.76 s
2026-07-03 02:10:38.567050: Yayy! New best EMA pseudo Dice: 0.5396
2026-07-03 02:10:39.828086: 
2026-07-03 02:10:39.828252: Epoch 18
2026-07-03 02:10:39.828380: Current learning rate: 0.00089
2026-07-03 02:11:05.530127: train_loss -0.5849
2026-07-03 02:11:05.530318: val_loss -0.6016
2026-07-03 02:11:05.530418: Pseudo dice [0.6985, 0.7743, 0.6876]
2026-07-03 02:11:05.530503: Epoch time: 25.7 s
2026-07-03 02:11:05.530572: Yayy! New best EMA pseudo Dice: 0.5576
2026-07-03 02:11:06.786890: 
2026-07-03 02:11:06.787061: Epoch 19
2026-07-03 02:11:06.787192: Current learning rate: 0.00089
2026-07-03 02:11:32.388829: train_loss -0.5734
2026-07-03 02:11:32.389041: val_loss -0.611
2026-07-03 02:11:32.389146: Pseudo dice [0.6923, 0.8188, 0.6857]
2026-07-03 02:11:32.389235: Epoch time: 25.6 s
2026-07-03 02:11:32.389306: Yayy! New best EMA pseudo Dice: 0.5751
2026-07-03 02:11:33.773130: 
2026-07-03 02:11:33.773293: Epoch 20
2026-07-03 02:11:33.773416: Current learning rate: 0.00088
2026-07-03 02:11:59.380668: train_loss -0.5853
2026-07-03 02:11:59.380871: val_loss -0.6374
2026-07-03 02:11:59.380972: Pseudo dice [0.7006, 0.8124, 0.7217]
2026-07-03 02:11:59.381068: Epoch time: 25.61 s
2026-07-03 02:11:59.381140: Yayy! New best EMA pseudo Dice: 0.5921
2026-07-03 02:12:00.649923: 
2026-07-03 02:12:00.650088: Epoch 21
2026-07-03 02:12:00.650270: Current learning rate: 0.00087
2026-07-03 02:12:26.355804: train_loss -0.5975
2026-07-03 02:12:26.356005: val_loss -0.6025
2026-07-03 02:12:26.356113: Pseudo dice [0.6884, 0.8108, 0.6518]
2026-07-03 02:12:26.356199: Epoch time: 25.71 s
2026-07-03 02:12:26.356270: Yayy! New best EMA pseudo Dice: 0.6046
2026-07-03 02:12:27.583530: 
2026-07-03 02:12:27.583700: Epoch 22
2026-07-03 02:12:27.583822: Current learning rate: 0.00087
2026-07-03 02:12:53.321740: train_loss -0.5911
2026-07-03 02:12:53.321928: val_loss -0.6173
2026-07-03 02:12:53.322039: Pseudo dice [0.6885, 0.8079, 0.7208]
2026-07-03 02:12:53.322129: Epoch time: 25.74 s
2026-07-03 02:12:53.322201: Yayy! New best EMA pseudo Dice: 0.618
2026-07-03 02:12:54.544224: 
2026-07-03 02:12:54.544385: Epoch 23
2026-07-03 02:12:54.544508: Current learning rate: 0.00086
2026-07-03 02:13:20.143453: train_loss -0.6092
2026-07-03 02:13:20.143669: val_loss -0.6497
2026-07-03 02:13:20.143775: Pseudo dice [0.7082, 0.8144, 0.7135]
2026-07-03 02:13:20.143865: Epoch time: 25.6 s
2026-07-03 02:13:20.143937: Yayy! New best EMA pseudo Dice: 0.6308
2026-07-03 02:13:21.372513: 
2026-07-03 02:13:21.372675: Epoch 24
2026-07-03 02:13:21.372800: Current learning rate: 0.00085
2026-07-03 02:13:47.123532: train_loss -0.5988
2026-07-03 02:13:47.123733: val_loss -0.6358
2026-07-03 02:13:47.123835: Pseudo dice [0.6904, 0.8265, 0.7001]
2026-07-03 02:13:47.123924: Epoch time: 25.75 s
2026-07-03 02:13:47.123994: Yayy! New best EMA pseudo Dice: 0.6416
2026-07-03 02:13:48.359294: 
2026-07-03 02:13:48.359461: Epoch 25
2026-07-03 02:13:48.359583: Current learning rate: 0.00085
2026-07-03 02:14:14.105030: train_loss -0.602
2026-07-03 02:14:14.105225: val_loss -0.6494
2026-07-03 02:14:14.105330: Pseudo dice [0.7058, 0.8339, 0.7147]
2026-07-03 02:14:14.105418: Epoch time: 25.75 s
2026-07-03 02:14:14.105487: Yayy! New best EMA pseudo Dice: 0.6526
2026-07-03 02:14:15.350065: 
2026-07-03 02:14:15.350233: Epoch 26
2026-07-03 02:14:15.350357: Current learning rate: 0.00084
2026-07-03 02:14:40.958039: train_loss -0.6183
2026-07-03 02:14:40.958239: val_loss -0.6421
2026-07-03 02:14:40.958347: Pseudo dice [0.7069, 0.8245, 0.7189]
2026-07-03 02:14:40.958442: Epoch time: 25.61 s
2026-07-03 02:14:40.958522: Yayy! New best EMA pseudo Dice: 0.6623
2026-07-03 02:14:42.338186: 
2026-07-03 02:14:42.338349: Epoch 27
2026-07-03 02:14:42.338474: Current learning rate: 0.00084
2026-07-03 02:15:07.954660: train_loss -0.6158
2026-07-03 02:15:07.954860: val_loss -0.6468
2026-07-03 02:15:07.954962: Pseudo dice [0.7035, 0.8349, 0.7032]
2026-07-03 02:15:07.955061: Epoch time: 25.62 s
2026-07-03 02:15:07.955135: Yayy! New best EMA pseudo Dice: 0.6708
2026-07-03 02:15:09.200538: 
2026-07-03 02:15:09.200702: Epoch 28
2026-07-03 02:15:09.200828: Current learning rate: 0.00083
2026-07-03 02:15:34.972423: train_loss -0.6353
2026-07-03 02:15:34.972625: val_loss -0.6479
2026-07-03 02:15:34.972734: Pseudo dice [0.7158, 0.8185, 0.7201]
2026-07-03 02:15:34.972824: Epoch time: 25.77 s
2026-07-03 02:15:34.972894: Yayy! New best EMA pseudo Dice: 0.6789
2026-07-03 02:15:36.218974: 
2026-07-03 02:15:36.219140: Epoch 29
2026-07-03 02:15:36.219262: Current learning rate: 0.00082
2026-07-03 02:16:01.969780: train_loss -0.6334
2026-07-03 02:16:01.969967: val_loss -0.6398
2026-07-03 02:16:01.970075: Pseudo dice [0.7034, 0.8307, 0.7196]
2026-07-03 02:16:01.970161: Epoch time: 25.75 s
2026-07-03 02:16:01.970231: Yayy! New best EMA pseudo Dice: 0.6861
2026-07-03 02:16:03.222906: 
2026-07-03 02:16:03.223074: Epoch 30
2026-07-03 02:16:03.223195: Current learning rate: 0.00082
2026-07-03 02:16:28.965058: train_loss -0.6168
2026-07-03 02:16:28.965257: val_loss -0.6664
2026-07-03 02:16:28.965361: Pseudo dice [0.7219, 0.8414, 0.7632]
2026-07-03 02:16:28.965449: Epoch time: 25.74 s
2026-07-03 02:16:28.965518: Yayy! New best EMA pseudo Dice: 0.695
2026-07-03 02:16:30.221828: 
2026-07-03 02:16:30.221999: Epoch 31
2026-07-03 02:16:30.222133: Current learning rate: 0.00081
2026-07-03 02:16:55.824202: train_loss -0.6368
2026-07-03 02:16:55.824405: val_loss -0.6563
2026-07-03 02:16:55.824509: Pseudo dice [0.7178, 0.8309, 0.73]
2026-07-03 02:16:55.824603: Epoch time: 25.6 s
2026-07-03 02:16:55.824675: Yayy! New best EMA pseudo Dice: 0.7015
2026-07-03 02:16:57.085371: 
2026-07-03 02:16:57.085578: Epoch 32
2026-07-03 02:16:57.085704: Current learning rate: 0.00081
2026-07-03 02:17:22.850109: train_loss -0.6394
2026-07-03 02:17:22.850303: val_loss -0.657
2026-07-03 02:17:22.850405: Pseudo dice [0.7138, 0.8094, 0.7242]
2026-07-03 02:17:22.850491: Epoch time: 25.77 s
2026-07-03 02:17:22.850560: Yayy! New best EMA pseudo Dice: 0.7063
2026-07-03 02:17:24.119171: 
2026-07-03 02:17:24.119374: Epoch 33
2026-07-03 02:17:24.119503: Current learning rate: 0.0008
2026-07-03 02:17:49.875793: train_loss -0.6373
2026-07-03 02:17:49.875992: val_loss -0.6355
2026-07-03 02:17:49.876101: Pseudo dice [0.696, 0.826, 0.7149]
2026-07-03 02:17:49.876752: Epoch time: 25.76 s
2026-07-03 02:17:49.876831: Yayy! New best EMA pseudo Dice: 0.7102
2026-07-03 02:17:51.139775: 
2026-07-03 02:17:51.139942: Epoch 34
2026-07-03 02:17:51.140073: Current learning rate: 0.00079
2026-07-03 02:18:16.741834: train_loss -0.6331
2026-07-03 02:18:16.742079: val_loss -0.6441
2026-07-03 02:18:16.742184: Pseudo dice [0.7282, 0.8291, 0.7261]
2026-07-03 02:18:16.742280: Epoch time: 25.6 s
2026-07-03 02:18:16.742352: Yayy! New best EMA pseudo Dice: 0.7153
2026-07-03 02:18:18.124613: 
2026-07-03 02:18:18.124774: Epoch 35
2026-07-03 02:18:18.124893: Current learning rate: 0.00079
2026-07-03 02:18:43.745578: train_loss -0.6482
2026-07-03 02:18:43.745763: val_loss -0.6523
2026-07-03 02:18:43.745861: Pseudo dice [0.7458, 0.8424, 0.7145]
2026-07-03 02:18:43.745946: Epoch time: 25.62 s
2026-07-03 02:18:43.746023: Yayy! New best EMA pseudo Dice: 0.7205
2026-07-03 02:18:44.995561: 
2026-07-03 02:18:44.995723: Epoch 36
2026-07-03 02:18:44.995847: Current learning rate: 0.00078
2026-07-03 02:19:10.715718: train_loss -0.6434
2026-07-03 02:19:10.715947: val_loss -0.6613
2026-07-03 02:19:10.716054: Pseudo dice [0.7243, 0.8326, 0.7484]
2026-07-03 02:19:10.716148: Epoch time: 25.72 s
2026-07-03 02:19:10.716219: Yayy! New best EMA pseudo Dice: 0.7253
2026-07-03 02:19:11.975148: 
2026-07-03 02:19:11.975314: Epoch 37
2026-07-03 02:19:11.975439: Current learning rate: 0.00077
2026-07-03 02:19:37.687870: train_loss -0.6472
2026-07-03 02:19:37.688080: val_loss -0.6877
2026-07-03 02:19:37.688182: Pseudo dice [0.731, 0.8347, 0.7527]
2026-07-03 02:19:37.688276: Epoch time: 25.71 s
2026-07-03 02:19:37.688346: Yayy! New best EMA pseudo Dice: 0.7301
2026-07-03 02:19:38.946702: 
2026-07-03 02:19:38.946868: Epoch 38
2026-07-03 02:19:38.946994: Current learning rate: 0.00077
2026-07-03 02:20:04.558638: train_loss -0.6415
2026-07-03 02:20:04.558874: val_loss -0.585
2026-07-03 02:20:04.558978: Pseudo dice [0.6938, 0.8163, 0.6267]
2026-07-03 02:20:04.559081: Epoch time: 25.61 s
2026-07-03 02:20:05.843258: 
2026-07-03 02:20:05.843424: Epoch 39
2026-07-03 02:20:05.843547: Current learning rate: 0.00076
2026-07-03 02:20:31.456654: train_loss -0.6364
2026-07-03 02:20:31.456853: val_loss -0.608
2026-07-03 02:20:31.456954: Pseudo dice [0.7019, 0.7876, 0.7258]
2026-07-03 02:20:31.457049: Epoch time: 25.61 s
2026-07-03 02:20:32.622530: 
2026-07-03 02:20:32.622697: Epoch 40
2026-07-03 02:20:32.622821: Current learning rate: 0.00076
2026-07-03 02:20:58.391196: train_loss -0.6611
2026-07-03 02:20:58.391394: val_loss -0.6538
2026-07-03 02:20:58.391495: Pseudo dice [0.7315, 0.823, 0.7454]
2026-07-03 02:20:58.391585: Epoch time: 25.77 s
2026-07-03 02:20:58.391654: Yayy! New best EMA pseudo Dice: 0.733
2026-07-03 02:20:59.662755: 
2026-07-03 02:20:59.662920: Epoch 41
2026-07-03 02:20:59.663049: Current learning rate: 0.00075
2026-07-03 02:21:25.368108: train_loss -0.6538
2026-07-03 02:21:25.368309: val_loss -0.6784
2026-07-03 02:21:25.368410: Pseudo dice [0.7412, 0.8363, 0.7629]
2026-07-03 02:21:25.368498: Epoch time: 25.71 s
2026-07-03 02:21:25.368567: Yayy! New best EMA pseudo Dice: 0.7377
2026-07-03 02:21:26.596083: 
2026-07-03 02:21:26.596249: Epoch 42
2026-07-03 02:21:26.596415: Current learning rate: 0.00074
2026-07-03 02:21:52.218611: train_loss -0.6576
2026-07-03 02:21:52.218799: val_loss -0.6898
2026-07-03 02:21:52.218899: Pseudo dice [0.7319, 0.8436, 0.7606]
2026-07-03 02:21:52.218984: Epoch time: 25.62 s
2026-07-03 02:21:52.219067: Yayy! New best EMA pseudo Dice: 0.7418
2026-07-03 02:21:53.568496: 
2026-07-03 02:21:53.568661: Epoch 43
2026-07-03 02:21:53.568782: Current learning rate: 0.00074
2026-07-03 02:22:19.183391: train_loss -0.6599
2026-07-03 02:22:19.183633: val_loss -0.7052
2026-07-03 02:22:19.183739: Pseudo dice [0.7313, 0.8313, 0.7774]
2026-07-03 02:22:19.183836: Epoch time: 25.62 s
2026-07-03 02:22:19.183909: Yayy! New best EMA pseudo Dice: 0.7457
2026-07-03 02:22:20.420451: 
2026-07-03 02:22:20.420616: Epoch 44
2026-07-03 02:22:20.420749: Current learning rate: 0.00073
2026-07-03 02:22:46.189644: train_loss -0.6736
2026-07-03 02:22:46.189830: val_loss -0.6719
2026-07-03 02:22:46.189932: Pseudo dice [0.7447, 0.8445, 0.7737]
2026-07-03 02:22:46.190025: Epoch time: 25.77 s
2026-07-03 02:22:46.190103: Yayy! New best EMA pseudo Dice: 0.7498
2026-07-03 02:22:47.424994: 
2026-07-03 02:22:47.425163: Epoch 45
2026-07-03 02:22:47.425287: Current learning rate: 0.00073
2026-07-03 02:23:13.181071: train_loss -0.6715
2026-07-03 02:23:13.181269: val_loss -0.6697
2026-07-03 02:23:13.181373: Pseudo dice [0.7468, 0.835, 0.7449]
2026-07-03 02:23:13.181464: Epoch time: 25.76 s
2026-07-03 02:23:13.181536: Yayy! New best EMA pseudo Dice: 0.7524
2026-07-03 02:23:14.407786: 
2026-07-03 02:23:14.407953: Epoch 46
2026-07-03 02:23:14.408077: Current learning rate: 0.00072
2026-07-03 02:23:40.010719: train_loss -0.6837
2026-07-03 02:23:40.010905: val_loss -0.6694
2026-07-03 02:23:40.011004: Pseudo dice [0.7209, 0.839, 0.7565]
2026-07-03 02:23:40.011100: Epoch time: 25.6 s
2026-07-03 02:23:40.011169: Yayy! New best EMA pseudo Dice: 0.7544
2026-07-03 02:23:41.244978: 
2026-07-03 02:23:41.245144: Epoch 47
2026-07-03 02:23:41.245270: Current learning rate: 0.00071
2026-07-03 02:24:07.016826: train_loss -0.6714
2026-07-03 02:24:07.017063: val_loss -0.6613
2026-07-03 02:24:07.017173: Pseudo dice [0.7212, 0.8398, 0.7479]
2026-07-03 02:24:07.017270: Epoch time: 25.77 s
2026-07-03 02:24:07.017342: Yayy! New best EMA pseudo Dice: 0.7559
2026-07-03 02:24:08.251447: 
2026-07-03 02:24:08.251609: Epoch 48
2026-07-03 02:24:08.251732: Current learning rate: 0.00071
2026-07-03 02:24:34.010547: train_loss -0.6669
2026-07-03 02:24:34.010751: val_loss -0.6563
2026-07-03 02:24:34.010848: Pseudo dice [0.7309, 0.818, 0.7578]
2026-07-03 02:24:34.010931: Epoch time: 25.76 s
2026-07-03 02:24:34.011000: Yayy! New best EMA pseudo Dice: 0.7572
2026-07-03 02:24:35.257877: 
2026-07-03 02:24:35.258079: Epoch 49
2026-07-03 02:24:35.258208: Current learning rate: 0.0007
2026-07-03 02:25:00.971776: train_loss -0.673
2026-07-03 02:25:00.971983: val_loss -0.6605
2026-07-03 02:25:00.972092: Pseudo dice [0.7338, 0.8229, 0.7485]
2026-07-03 02:25:00.972177: Epoch time: 25.72 s
2026-07-03 02:25:01.076606: Yayy! New best EMA pseudo Dice: 0.7583
2026-07-03 02:25:02.328578: 
2026-07-03 02:25:02.328740: Epoch 50
2026-07-03 02:25:02.328866: Current learning rate: 0.00069
2026-07-03 02:25:28.046306: train_loss -0.6676
2026-07-03 02:25:28.046509: val_loss -0.6823
2026-07-03 02:25:28.046617: Pseudo dice [0.7108, 0.8374, 0.7599]
2026-07-03 02:25:28.046710: Epoch time: 25.72 s
2026-07-03 02:25:28.046784: Yayy! New best EMA pseudo Dice: 0.7594
2026-07-03 02:25:29.333033: 
2026-07-03 02:25:29.333197: Epoch 51
2026-07-03 02:25:29.333321: Current learning rate: 0.00069
2026-07-03 02:25:54.948491: train_loss -0.668
2026-07-03 02:25:54.948682: val_loss -0.6621
2026-07-03 02:25:54.948778: Pseudo dice [0.7255, 0.8443, 0.7374]
2026-07-03 02:25:54.948863: Epoch time: 25.62 s
2026-07-03 02:25:54.948933: Yayy! New best EMA pseudo Dice: 0.7604
2026-07-03 02:25:56.186899: 
2026-07-03 02:25:56.187068: Epoch 52
2026-07-03 02:25:56.187196: Current learning rate: 0.00068
2026-07-03 02:26:21.964042: train_loss -0.6899
2026-07-03 02:26:21.964231: val_loss -0.675
2026-07-03 02:26:21.964338: Pseudo dice [0.7309, 0.8557, 0.7412]
2026-07-03 02:26:21.964428: Epoch time: 25.78 s
2026-07-03 02:26:21.964500: Yayy! New best EMA pseudo Dice: 0.762
2026-07-03 02:26:23.208672: 
2026-07-03 02:26:23.208838: Epoch 53
2026-07-03 02:26:23.208961: Current learning rate: 0.00068
2026-07-03 02:26:48.944477: train_loss -0.6921
2026-07-03 02:26:48.944698: val_loss -0.67
2026-07-03 02:26:48.944798: Pseudo dice [0.7427, 0.8433, 0.7421]
2026-07-03 02:26:48.944886: Epoch time: 25.74 s
2026-07-03 02:26:48.944956: Yayy! New best EMA pseudo Dice: 0.7634
2026-07-03 02:26:50.193135: 
2026-07-03 02:26:50.193300: Epoch 54
2026-07-03 02:26:50.193424: Current learning rate: 0.00067
2026-07-03 02:27:15.974315: train_loss -0.6952
2026-07-03 02:27:15.974527: val_loss -0.6745
2026-07-03 02:27:15.974630: Pseudo dice [0.7459, 0.8419, 0.7667]
2026-07-03 02:27:15.974720: Epoch time: 25.78 s
2026-07-03 02:27:15.974791: Yayy! New best EMA pseudo Dice: 0.7655
2026-07-03 02:27:17.264141: 
2026-07-03 02:27:17.264314: Epoch 55
2026-07-03 02:27:17.264441: Current learning rate: 0.00066
2026-07-03 02:27:42.876159: train_loss -0.693
2026-07-03 02:27:42.876368: val_loss -0.657
2026-07-03 02:27:42.876467: Pseudo dice [0.7381, 0.8234, 0.7475]
2026-07-03 02:27:42.876554: Epoch time: 25.61 s
2026-07-03 02:27:42.876625: Yayy! New best EMA pseudo Dice: 0.7659
2026-07-03 02:27:44.127764: 
2026-07-03 02:27:44.127925: Epoch 56
2026-07-03 02:27:44.128055: Current learning rate: 0.00066
2026-07-03 02:28:09.834370: train_loss -0.6681
2026-07-03 02:28:09.834610: val_loss -0.667
2026-07-03 02:28:09.834717: Pseudo dice [0.7408, 0.8353, 0.7408]
2026-07-03 02:28:09.834808: Epoch time: 25.71 s
2026-07-03 02:28:09.834883: Yayy! New best EMA pseudo Dice: 0.7666
2026-07-03 02:28:11.082443: 
2026-07-03 02:28:11.082610: Epoch 57
2026-07-03 02:28:11.082733: Current learning rate: 0.00065
2026-07-03 02:28:36.838684: train_loss -0.6904
2026-07-03 02:28:36.838878: val_loss -0.6771
2026-07-03 02:28:36.838976: Pseudo dice [0.7353, 0.8305, 0.7641]
2026-07-03 02:28:36.839071: Epoch time: 25.76 s
2026-07-03 02:28:36.839141: Yayy! New best EMA pseudo Dice: 0.7676
2026-07-03 02:28:38.082459: 
2026-07-03 02:28:38.082638: Epoch 58
2026-07-03 02:28:38.082778: Current learning rate: 0.00064
2026-07-03 02:29:03.684375: train_loss -0.6974
2026-07-03 02:29:03.684617: val_loss -0.6708
2026-07-03 02:29:03.684721: Pseudo dice [0.7466, 0.8333, 0.7549]
2026-07-03 02:29:03.684813: Epoch time: 25.6 s
2026-07-03 02:29:03.684889: Yayy! New best EMA pseudo Dice: 0.7686
2026-07-03 02:29:05.095643: 
2026-07-03 02:29:05.095812: Epoch 59
2026-07-03 02:29:05.095937: Current learning rate: 0.00064
2026-07-03 02:29:30.700188: train_loss -0.6833
2026-07-03 02:29:30.700382: val_loss -0.6743
2026-07-03 02:29:30.700488: Pseudo dice [0.7329, 0.8211, 0.7702]
2026-07-03 02:29:30.700576: Epoch time: 25.61 s
2026-07-03 02:29:30.700646: Yayy! New best EMA pseudo Dice: 0.7693
2026-07-03 02:29:31.956687: 
2026-07-03 02:29:31.956857: Epoch 60
2026-07-03 02:29:31.956980: Current learning rate: 0.00063
2026-07-03 02:29:57.713297: train_loss -0.6833
2026-07-03 02:29:57.713547: val_loss -0.679
2026-07-03 02:29:57.713646: Pseudo dice [0.7375, 0.8263, 0.7553]
2026-07-03 02:29:57.713740: Epoch time: 25.76 s
2026-07-03 02:29:57.713814: Yayy! New best EMA pseudo Dice: 0.7696
2026-07-03 02:29:58.959532: 
2026-07-03 02:29:58.959699: Epoch 61
2026-07-03 02:29:58.959822: Current learning rate: 0.00063
2026-07-03 02:30:24.657064: train_loss -0.6888
2026-07-03 02:30:24.657252: val_loss -0.6914
2026-07-03 02:30:24.657353: Pseudo dice [0.7465, 0.8401, 0.7685]
2026-07-03 02:30:24.657437: Epoch time: 25.7 s
2026-07-03 02:30:24.657505: Yayy! New best EMA pseudo Dice: 0.7712
2026-07-03 02:30:25.904180: 
2026-07-03 02:30:25.904339: Epoch 62
2026-07-03 02:30:25.904460: Current learning rate: 0.00062
2026-07-03 02:30:51.613117: train_loss -0.6985
2026-07-03 02:30:51.613312: val_loss -0.7143
2026-07-03 02:30:51.613408: Pseudo dice [0.7559, 0.8659, 0.775]
2026-07-03 02:30:51.613495: Epoch time: 25.71 s
2026-07-03 02:30:51.613614: Yayy! New best EMA pseudo Dice: 0.7739
2026-07-03 02:30:52.865803: 
2026-07-03 02:30:52.865964: Epoch 63
2026-07-03 02:30:52.866091: Current learning rate: 0.00061
2026-07-03 02:31:18.461644: train_loss -0.6915
2026-07-03 02:31:18.461855: val_loss -0.7014
2026-07-03 02:31:18.461959: Pseudo dice [0.7322, 0.8372, 0.7769]
2026-07-03 02:31:18.462061: Epoch time: 25.6 s
2026-07-03 02:31:18.462137: Yayy! New best EMA pseudo Dice: 0.7748
2026-07-03 02:31:19.865040: 
2026-07-03 02:31:19.865198: Epoch 64
2026-07-03 02:31:19.865317: Current learning rate: 0.00061
2026-07-03 02:31:45.473409: train_loss -0.7017
2026-07-03 02:31:45.473599: val_loss -0.69
2026-07-03 02:31:45.473695: Pseudo dice [0.7409, 0.8491, 0.7806]
2026-07-03 02:31:45.473780: Epoch time: 25.61 s
2026-07-03 02:31:45.473848: Yayy! New best EMA pseudo Dice: 0.7763
2026-07-03 02:31:46.730677: 
2026-07-03 02:31:46.730843: Epoch 65
2026-07-03 02:31:46.730963: Current learning rate: 0.0006
2026-07-03 02:32:12.480107: train_loss -0.7142
2026-07-03 02:32:12.480310: val_loss -0.6819
2026-07-03 02:32:12.480411: Pseudo dice [0.7343, 0.8562, 0.7712]
2026-07-03 02:32:12.480505: Epoch time: 25.75 s
2026-07-03 02:32:12.480581: Yayy! New best EMA pseudo Dice: 0.7774
2026-07-03 02:32:13.731339: 
2026-07-03 02:32:13.731502: Epoch 66
2026-07-03 02:32:13.731628: Current learning rate: 0.00059
2026-07-03 02:32:39.481672: train_loss -0.7072
2026-07-03 02:32:39.481866: val_loss -0.6157
2026-07-03 02:32:39.481966: Pseudo dice [0.6884, 0.8277, 0.7077]
2026-07-03 02:32:39.482064: Epoch time: 25.75 s
2026-07-03 02:32:40.703137: 
2026-07-03 02:32:40.703298: Epoch 67
2026-07-03 02:32:40.703418: Current learning rate: 0.00059
2026-07-03 02:33:06.414116: train_loss -0.7067
2026-07-03 02:33:06.414315: val_loss -0.6957
2026-07-03 02:33:06.414413: Pseudo dice [0.7318, 0.8562, 0.7762]
2026-07-03 02:33:06.414500: Epoch time: 25.71 s
2026-07-03 02:33:07.552476: 
2026-07-03 02:33:07.552637: Epoch 68
2026-07-03 02:33:07.552760: Current learning rate: 0.00058
2026-07-03 02:33:33.146698: train_loss -0.7069
2026-07-03 02:33:33.146886: val_loss -0.7032
2026-07-03 02:33:33.146982: Pseudo dice [0.7391, 0.8458, 0.7699]
2026-07-03 02:33:33.147074: Epoch time: 25.6 s
2026-07-03 02:33:34.285891: 
2026-07-03 02:33:34.286068: Epoch 69
2026-07-03 02:33:34.286207: Current learning rate: 0.00057
2026-07-03 02:34:00.035152: train_loss -0.7155
2026-07-03 02:34:00.035362: val_loss -0.7086
2026-07-03 02:34:00.035464: Pseudo dice [0.7634, 0.853, 0.7722]
2026-07-03 02:34:00.035563: Epoch time: 25.75 s
2026-07-03 02:34:00.035640: Yayy! New best EMA pseudo Dice: 0.7782
2026-07-03 02:34:01.278144: 
2026-07-03 02:34:01.278309: Epoch 70
2026-07-03 02:34:01.278430: Current learning rate: 0.00057
2026-07-03 02:34:26.969787: train_loss -0.7106
2026-07-03 02:34:26.969978: val_loss -0.6832
2026-07-03 02:34:26.970088: Pseudo dice [0.7563, 0.8466, 0.7568]
2026-07-03 02:34:26.970174: Epoch time: 25.69 s
2026-07-03 02:34:26.970246: Yayy! New best EMA pseudo Dice: 0.779
2026-07-03 02:34:28.218705: 
2026-07-03 02:34:28.218872: Epoch 71
2026-07-03 02:34:28.218992: Current learning rate: 0.00056
2026-07-03 02:34:53.926696: train_loss -0.7108
2026-07-03 02:34:53.926890: val_loss -0.6989
2026-07-03 02:34:53.926991: Pseudo dice [0.7472, 0.8475, 0.7661]
2026-07-03 02:34:53.927091: Epoch time: 25.71 s
2026-07-03 02:34:53.927163: Yayy! New best EMA pseudo Dice: 0.7798
2026-07-03 02:34:55.164473: 
2026-07-03 02:34:55.164633: Epoch 72
2026-07-03 02:34:55.164755: Current learning rate: 0.00056
2026-07-03 02:35:20.760316: train_loss -0.7183
2026-07-03 02:35:20.760518: val_loss -0.6931
2026-07-03 02:35:20.760618: Pseudo dice [0.7304, 0.8485, 0.7732]
2026-07-03 02:35:20.760701: Epoch time: 25.6 s
2026-07-03 02:35:20.760770: Yayy! New best EMA pseudo Dice: 0.7802
2026-07-03 02:35:22.001941: 
2026-07-03 02:35:22.002106: Epoch 73
2026-07-03 02:35:22.002227: Current learning rate: 0.00055
2026-07-03 02:35:47.756353: train_loss -0.712
2026-07-03 02:35:47.756557: val_loss -0.659
2026-07-03 02:35:47.756655: Pseudo dice [0.7279, 0.8435, 0.748]
2026-07-03 02:35:47.756753: Epoch time: 25.76 s
2026-07-03 02:35:48.898386: 
2026-07-03 02:35:48.898548: Epoch 74
2026-07-03 02:35:48.898670: Current learning rate: 0.00054
2026-07-03 02:36:14.624896: train_loss -0.7165
2026-07-03 02:36:14.625105: val_loss -0.7077
2026-07-03 02:36:14.625207: Pseudo dice [0.7387, 0.8464, 0.7872]
2026-07-03 02:36:14.625294: Epoch time: 25.73 s
2026-07-03 02:36:14.625364: Yayy! New best EMA pseudo Dice: 0.7806
2026-07-03 02:36:15.866864: 
2026-07-03 02:36:15.867033: Epoch 75
2026-07-03 02:36:15.867157: Current learning rate: 0.00054
2026-07-03 02:36:41.448580: train_loss -0.7128
2026-07-03 02:36:41.448776: val_loss -0.6712
2026-07-03 02:36:41.448877: Pseudo dice [0.7317, 0.8453, 0.7504]
2026-07-03 02:36:41.448962: Epoch time: 25.58 s
2026-07-03 02:36:42.587082: 
2026-07-03 02:36:42.587246: Epoch 76
2026-07-03 02:36:42.587368: Current learning rate: 0.00053
2026-07-03 02:37:08.318719: train_loss -0.7113
2026-07-03 02:37:08.318922: val_loss -0.6704
2026-07-03 02:37:08.319029: Pseudo dice [0.74, 0.8375, 0.7569]
2026-07-03 02:37:08.319118: Epoch time: 25.73 s
2026-07-03 02:37:09.456317: 
2026-07-03 02:37:09.456478: Epoch 77
2026-07-03 02:37:09.456603: Current learning rate: 0.00052
2026-07-03 02:37:35.178195: train_loss -0.7215
2026-07-03 02:37:35.178389: val_loss -0.6947
2026-07-03 02:37:35.178490: Pseudo dice [0.7266, 0.8378, 0.7642]
2026-07-03 02:37:35.178575: Epoch time: 25.72 s
2026-07-03 02:37:36.327857: 
2026-07-03 02:37:36.328026: Epoch 78
2026-07-03 02:37:36.328147: Current learning rate: 0.00052
2026-07-03 02:38:01.905141: train_loss -0.7112
2026-07-03 02:38:01.905343: val_loss -0.7027
2026-07-03 02:38:01.905444: Pseudo dice [0.7743, 0.8653, 0.7605]
2026-07-03 02:38:01.905530: Epoch time: 25.58 s
2026-07-03 02:38:01.905599: Yayy! New best EMA pseudo Dice: 0.7816
2026-07-03 02:38:03.158023: 
2026-07-03 02:38:03.158190: Epoch 79
2026-07-03 02:38:03.158312: Current learning rate: 0.00051
2026-07-03 02:38:28.885426: train_loss -0.7235
2026-07-03 02:38:28.885626: val_loss -0.6893
2026-07-03 02:38:28.885725: Pseudo dice [0.7327, 0.8443, 0.7508]
2026-07-03 02:38:28.885812: Epoch time: 25.73 s
2026-07-03 02:38:30.039327: 
2026-07-03 02:38:30.039486: Epoch 80
2026-07-03 02:38:30.039607: Current learning rate: 0.0005
2026-07-03 02:38:55.710269: train_loss -0.7209
2026-07-03 02:38:55.710464: val_loss -0.6956
2026-07-03 02:38:55.710561: Pseudo dice [0.7443, 0.8571, 0.7647]
2026-07-03 02:38:55.710646: Epoch time: 25.67 s
2026-07-03 02:38:55.710715: Yayy! New best EMA pseudo Dice: 0.7818
2026-07-03 02:38:56.968702: 
2026-07-03 02:38:56.968859: Epoch 81
2026-07-03 02:38:56.968976: Current learning rate: 0.0005
2026-07-03 02:39:22.544957: train_loss -0.7194
2026-07-03 02:39:22.545169: val_loss -0.7008
2026-07-03 02:39:22.545271: Pseudo dice [0.7264, 0.8331, 0.7815]
2026-07-03 02:39:22.545358: Epoch time: 25.58 s
2026-07-03 02:39:23.816321: 
2026-07-03 02:39:23.816478: Epoch 82
2026-07-03 02:39:23.816600: Current learning rate: 0.00049
2026-07-03 02:39:49.402767: train_loss -0.721
2026-07-03 02:39:49.402955: val_loss -0.7185
2026-07-03 02:39:49.403064: Pseudo dice [0.7539, 0.8564, 0.7983]
2026-07-03 02:39:49.403153: Epoch time: 25.59 s
2026-07-03 02:39:49.403223: Yayy! New best EMA pseudo Dice: 0.7838
2026-07-03 02:39:50.621742: 
2026-07-03 02:39:50.621906: Epoch 83
2026-07-03 02:39:50.622030: Current learning rate: 0.00048
2026-07-03 02:40:16.352751: train_loss -0.7187
2026-07-03 02:40:16.352945: val_loss -0.6823
2026-07-03 02:40:16.353053: Pseudo dice [0.7517, 0.8558, 0.7858]
2026-07-03 02:40:16.353142: Epoch time: 25.73 s
2026-07-03 02:40:16.353212: Yayy! New best EMA pseudo Dice: 0.7852
2026-07-03 02:40:17.571071: 
2026-07-03 02:40:17.571234: Epoch 84
2026-07-03 02:40:17.571352: Current learning rate: 0.00048
2026-07-03 02:40:43.288538: train_loss -0.7234
2026-07-03 02:40:43.288727: val_loss -0.7041
2026-07-03 02:40:43.288825: Pseudo dice [0.7469, 0.8471, 0.7849]
2026-07-03 02:40:43.288909: Epoch time: 25.72 s
2026-07-03 02:40:43.288977: Yayy! New best EMA pseudo Dice: 0.786
2026-07-03 02:40:44.500489: 
2026-07-03 02:40:44.500650: Epoch 85
2026-07-03 02:40:44.500769: Current learning rate: 0.00047
2026-07-03 02:41:10.169954: train_loss -0.7212
2026-07-03 02:41:10.170170: val_loss -0.6973
2026-07-03 02:41:10.170269: Pseudo dice [0.7472, 0.8507, 0.7696]
2026-07-03 02:41:10.170353: Epoch time: 25.67 s
2026-07-03 02:41:10.170421: Yayy! New best EMA pseudo Dice: 0.7863
2026-07-03 02:41:11.382219: 
2026-07-03 02:41:11.382400: Epoch 86
2026-07-03 02:41:11.382526: Current learning rate: 0.00046
2026-07-03 02:41:36.959436: train_loss -0.7268
2026-07-03 02:41:36.959635: val_loss -0.6831
2026-07-03 02:41:36.959735: Pseudo dice [0.751, 0.8522, 0.7797]
2026-07-03 02:41:36.959822: Epoch time: 25.58 s
2026-07-03 02:41:36.959895: Yayy! New best EMA pseudo Dice: 0.7871
2026-07-03 02:41:38.176463: 
2026-07-03 02:41:38.176625: Epoch 87
2026-07-03 02:41:38.176744: Current learning rate: 0.00046
2026-07-03 02:42:03.855476: train_loss -0.7305
2026-07-03 02:42:03.855679: val_loss -0.6709
2026-07-03 02:42:03.855780: Pseudo dice [0.7432, 0.8336, 0.765]
2026-07-03 02:42:03.855866: Epoch time: 25.68 s
2026-07-03 02:42:04.966943: 
2026-07-03 02:42:04.967105: Epoch 88
2026-07-03 02:42:04.967226: Current learning rate: 0.00045
2026-07-03 02:42:30.557508: train_loss -0.7335
2026-07-03 02:42:30.557700: val_loss -0.615
2026-07-03 02:42:30.557800: Pseudo dice [0.7279, 0.7715, 0.7055]
2026-07-03 02:42:30.557888: Epoch time: 25.59 s
2026-07-03 02:42:31.794293: 
2026-07-03 02:42:31.794482: Epoch 89
2026-07-03 02:42:31.794603: Current learning rate: 0.00044
2026-07-03 02:42:57.391828: train_loss -0.7305
2026-07-03 02:42:57.392044: val_loss -0.6432
2026-07-03 02:42:57.392149: Pseudo dice [0.7304, 0.8283, 0.7196]
2026-07-03 02:42:57.392237: Epoch time: 25.6 s
2026-07-03 02:42:58.506160: 
2026-07-03 02:42:58.506320: Epoch 90
2026-07-03 02:42:58.506438: Current learning rate: 0.00044
2026-07-03 02:43:24.238914: train_loss -0.7331
2026-07-03 02:43:24.239113: val_loss -0.6941
2026-07-03 02:43:24.239214: Pseudo dice [0.7428, 0.8555, 0.7678]
2026-07-03 02:43:24.239301: Epoch time: 25.73 s
2026-07-03 02:43:25.349890: 
2026-07-03 02:43:25.350053: Epoch 91
2026-07-03 02:43:25.350174: Current learning rate: 0.00043
2026-07-03 02:43:51.025444: train_loss -0.733
2026-07-03 02:43:51.025628: val_loss -0.7134
2026-07-03 02:43:51.025727: Pseudo dice [0.7672, 0.8653, 0.7608]
2026-07-03 02:43:51.025812: Epoch time: 25.68 s
2026-07-03 02:43:52.140791: 
2026-07-03 02:43:52.140950: Epoch 92
2026-07-03 02:43:52.141078: Current learning rate: 0.00043
2026-07-03 02:44:17.724091: train_loss -0.7386
2026-07-03 02:44:17.724289: val_loss -0.6552
2026-07-03 02:44:17.724388: Pseudo dice [0.7387, 0.8283, 0.7502]
2026-07-03 02:44:17.724472: Epoch time: 25.58 s
2026-07-03 02:44:18.840566: 
2026-07-03 02:44:18.840727: Epoch 93
2026-07-03 02:44:18.840842: Current learning rate: 0.00042
2026-07-03 02:44:44.568074: train_loss -0.7398
2026-07-03 02:44:44.568299: val_loss -0.7031
2026-07-03 02:44:44.568398: Pseudo dice [0.7614, 0.8516, 0.7695]
2026-07-03 02:44:44.568485: Epoch time: 25.73 s
2026-07-03 02:44:45.689811: 
2026-07-03 02:44:45.689975: Epoch 94
2026-07-03 02:44:45.690100: Current learning rate: 0.00041
2026-07-03 02:45:11.283922: train_loss -0.7247
2026-07-03 02:45:11.284117: val_loss -0.7001
2026-07-03 02:45:11.284223: Pseudo dice [0.743, 0.8413, 0.7862]
2026-07-03 02:45:11.284312: Epoch time: 25.6 s
2026-07-03 02:45:12.527380: 
2026-07-03 02:45:12.527541: Epoch 95
2026-07-03 02:45:12.527664: Current learning rate: 0.00041
2026-07-03 02:45:38.121941: train_loss -0.7424
2026-07-03 02:45:38.122153: val_loss -0.7076
2026-07-03 02:45:38.122252: Pseudo dice [0.7633, 0.8435, 0.7601]
2026-07-03 02:45:38.122338: Epoch time: 25.6 s
2026-07-03 02:45:39.237495: 
2026-07-03 02:45:39.237655: Epoch 96
2026-07-03 02:45:39.237777: Current learning rate: 0.0004
2026-07-03 02:46:04.936786: train_loss -0.7455
2026-07-03 02:46:04.936985: val_loss -0.6737
2026-07-03 02:46:04.937096: Pseudo dice [0.7408, 0.8493, 0.7959]
2026-07-03 02:46:04.937183: Epoch time: 25.7 s
2026-07-03 02:46:06.063655: 
2026-07-03 02:46:06.063801: Epoch 97
2026-07-03 02:46:06.063896: Current learning rate: 0.00039
2026-07-03 02:46:31.624117: train_loss -0.7373
2026-07-03 02:46:31.624321: val_loss -0.6956
2026-07-03 02:46:31.624421: Pseudo dice [0.7325, 0.8546, 0.7665]
2026-07-03 02:46:31.624508: Epoch time: 25.56 s
2026-07-03 02:46:32.745645: 
2026-07-03 02:46:32.745795: Epoch 98
2026-07-03 02:46:32.746437: Current learning rate: 0.00039
2026-07-03 02:46:58.408178: train_loss -0.7459
2026-07-03 02:46:58.408386: val_loss -0.7255
2026-07-03 02:46:58.408490: Pseudo dice [0.7574, 0.8714, 0.7867]
2026-07-03 02:46:58.408575: Epoch time: 25.66 s
2026-07-03 02:46:59.533258: 
2026-07-03 02:46:59.533407: Epoch 99
2026-07-03 02:46:59.533505: Current learning rate: 0.00038
2026-07-03 02:47:25.221626: train_loss -0.7353
2026-07-03 02:47:25.221813: val_loss -0.6662
2026-07-03 02:47:25.221913: Pseudo dice [0.7472, 0.8114, 0.7347]
2026-07-03 02:47:25.221996: Epoch time: 25.69 s
2026-07-03 02:47:26.451751: 
2026-07-03 02:47:26.451904: Epoch 100
2026-07-03 02:47:26.452004: Current learning rate: 0.00037
2026-07-03 02:47:52.010424: train_loss -0.7358
2026-07-03 02:47:52.010629: val_loss -0.6879
2026-07-03 02:47:52.010731: Pseudo dice [0.7435, 0.8489, 0.7886]
2026-07-03 02:47:52.010817: Epoch time: 25.56 s
2026-07-03 02:47:53.133816: 
2026-07-03 02:47:53.133957: Epoch 101
2026-07-03 02:47:53.134057: Current learning rate: 0.00037
2026-07-03 02:48:18.791583: train_loss -0.7515
2026-07-03 02:48:18.791775: val_loss -0.6937
2026-07-03 02:48:18.791872: Pseudo dice [0.7609, 0.8696, 0.7727]
2026-07-03 02:48:18.791955: Epoch time: 25.66 s
2026-07-03 02:48:19.919834: 
2026-07-03 02:48:19.919981: Epoch 102
2026-07-03 02:48:19.920084: Current learning rate: 0.00036
2026-07-03 02:48:45.598844: train_loss -0.7439
2026-07-03 02:48:45.599058: val_loss -0.702
2026-07-03 02:48:45.599162: Pseudo dice [0.7513, 0.8457, 0.7801]
2026-07-03 02:48:45.599249: Epoch time: 25.68 s
2026-07-03 02:48:45.599318: Yayy! New best EMA pseudo Dice: 0.7876
2026-07-03 02:48:46.829851: 
2026-07-03 02:48:46.829998: Epoch 103
2026-07-03 02:48:46.830104: Current learning rate: 0.00035
2026-07-03 02:49:12.394319: train_loss -0.7492
2026-07-03 02:49:12.394521: val_loss -0.7018
2026-07-03 02:49:12.394626: Pseudo dice [0.7588, 0.8418, 0.7635]
2026-07-03 02:49:12.394717: Epoch time: 25.57 s
2026-07-03 02:49:12.394790: Yayy! New best EMA pseudo Dice: 0.7876
2026-07-03 02:49:13.632503: 
2026-07-03 02:49:13.632658: Epoch 104
2026-07-03 02:49:13.632758: Current learning rate: 0.00035
2026-07-03 02:49:39.341561: train_loss -0.745
2026-07-03 02:49:39.341755: val_loss -0.7003
2026-07-03 02:49:39.341855: Pseudo dice [0.7433, 0.8502, 0.7893]
2026-07-03 02:49:39.341944: Epoch time: 25.71 s
2026-07-03 02:49:39.342022: Yayy! New best EMA pseudo Dice: 0.7883
2026-07-03 02:49:40.572664: 
2026-07-03 02:49:40.572807: Epoch 105
2026-07-03 02:49:40.572901: Current learning rate: 0.00034
2026-07-03 02:50:06.266339: train_loss -0.7398
2026-07-03 02:50:06.266536: val_loss -0.6806
2026-07-03 02:50:06.266640: Pseudo dice [0.7512, 0.8569, 0.7866]
2026-07-03 02:50:06.266727: Epoch time: 25.7 s
2026-07-03 02:50:06.266798: Yayy! New best EMA pseudo Dice: 0.7893
2026-07-03 02:50:07.498189: 
2026-07-03 02:50:07.498334: Epoch 106
2026-07-03 02:50:07.498429: Current learning rate: 0.00033
2026-07-03 02:50:33.189526: train_loss -0.7409
2026-07-03 02:50:33.189721: val_loss -0.709
2026-07-03 02:50:33.189826: Pseudo dice [0.7709, 0.8638, 0.7657]
2026-07-03 02:50:33.189914: Epoch time: 25.69 s
2026-07-03 02:50:33.189983: Yayy! New best EMA pseudo Dice: 0.7904
2026-07-03 02:50:34.479015: 
2026-07-03 02:50:34.479167: Epoch 107
2026-07-03 02:50:34.479262: Current learning rate: 0.00032
2026-07-03 02:51:00.047511: train_loss -0.7439
2026-07-03 02:51:00.047698: val_loss -0.7341
2026-07-03 02:51:00.047796: Pseudo dice [0.7752, 0.8725, 0.7902]
2026-07-03 02:51:00.047881: Epoch time: 25.57 s
2026-07-03 02:51:00.047950: Yayy! New best EMA pseudo Dice: 0.7926
2026-07-03 02:51:01.405090: 
2026-07-03 02:51:01.405242: Epoch 108
2026-07-03 02:51:01.405378: Current learning rate: 0.00032
2026-07-03 02:51:26.970770: train_loss -0.748
2026-07-03 02:51:26.970965: val_loss -0.7204
2026-07-03 02:51:26.971077: Pseudo dice [0.7601, 0.8507, 0.7842]
2026-07-03 02:51:26.971165: Epoch time: 25.57 s
2026-07-03 02:51:26.971235: Yayy! New best EMA pseudo Dice: 0.7932
2026-07-03 02:51:28.214102: 
2026-07-03 02:51:28.214258: Epoch 109
2026-07-03 02:51:28.214355: Current learning rate: 0.00031
2026-07-03 02:51:53.918111: train_loss -0.7494
2026-07-03 02:51:53.918305: val_loss -0.7073
2026-07-03 02:51:53.918404: Pseudo dice [0.7575, 0.8534, 0.7888]
2026-07-03 02:51:53.918489: Epoch time: 25.71 s
2026-07-03 02:51:53.918558: Yayy! New best EMA pseudo Dice: 0.7938
2026-07-03 02:51:55.156116: 
2026-07-03 02:51:55.156261: Epoch 110
2026-07-03 02:51:55.156356: Current learning rate: 0.0003
2026-07-03 02:52:20.809406: train_loss -0.7514
2026-07-03 02:52:20.809596: val_loss -0.6609
2026-07-03 02:52:20.809699: Pseudo dice [0.7546, 0.8393, 0.756]
2026-07-03 02:52:20.809785: Epoch time: 25.65 s
2026-07-03 02:52:21.941255: 
2026-07-03 02:52:21.941403: Epoch 111
2026-07-03 02:52:21.941496: Current learning rate: 0.0003
2026-07-03 02:52:47.506759: train_loss -0.7463
2026-07-03 02:52:47.506963: val_loss -0.671
2026-07-03 02:52:47.507074: Pseudo dice [0.7593, 0.846, 0.7538]
2026-07-03 02:52:47.507164: Epoch time: 25.57 s
2026-07-03 02:52:48.638241: 
2026-07-03 02:52:48.638388: Epoch 112
2026-07-03 02:52:48.638485: Current learning rate: 0.00029
2026-07-03 02:53:14.341180: train_loss -0.75
2026-07-03 02:53:14.341366: val_loss -0.6973
2026-07-03 02:53:14.341465: Pseudo dice [0.7659, 0.863, 0.7601]
2026-07-03 02:53:14.341548: Epoch time: 25.7 s
2026-07-03 02:53:15.475006: 
2026-07-03 02:53:15.475161: Epoch 113
2026-07-03 02:53:15.475254: Current learning rate: 0.00028
2026-07-03 02:53:41.178175: train_loss -0.7478
2026-07-03 02:53:41.178364: val_loss -0.6796
2026-07-03 02:53:41.178463: Pseudo dice [0.7607, 0.8444, 0.7508]
2026-07-03 02:53:41.178549: Epoch time: 25.7 s
2026-07-03 02:53:42.312097: 
2026-07-03 02:53:42.312246: Epoch 114
2026-07-03 02:53:42.312345: Current learning rate: 0.00028
2026-07-03 02:54:07.875281: train_loss -0.7588
2026-07-03 02:54:07.875471: val_loss -0.7053
2026-07-03 02:54:07.875569: Pseudo dice [0.7538, 0.8518, 0.7665]
2026-07-03 02:54:07.875653: Epoch time: 25.56 s
2026-07-03 02:54:09.005793: 
2026-07-03 02:54:09.005943: Epoch 115
2026-07-03 02:54:09.006043: Current learning rate: 0.00027
2026-07-03 02:54:34.669676: train_loss -0.7464
2026-07-03 02:54:34.669874: val_loss -0.6926
2026-07-03 02:54:34.669972: Pseudo dice [0.7473, 0.8432, 0.7809]
2026-07-03 02:54:34.670069: Epoch time: 25.67 s
2026-07-03 02:54:35.818359: 
2026-07-03 02:54:35.818506: Epoch 116
2026-07-03 02:54:35.818603: Current learning rate: 0.00026
2026-07-03 02:55:01.510515: train_loss -0.7607
2026-07-03 02:55:01.510710: val_loss -0.6949
2026-07-03 02:55:01.510815: Pseudo dice [0.7587, 0.8473, 0.7826]
2026-07-03 02:55:01.510903: Epoch time: 25.69 s
2026-07-03 02:55:02.654449: 
2026-07-03 02:55:02.654596: Epoch 117
2026-07-03 02:55:02.654695: Current learning rate: 0.00026
2026-07-03 02:55:28.218738: train_loss -0.7519
2026-07-03 02:55:28.218945: val_loss -0.7087
2026-07-03 02:55:28.219059: Pseudo dice [0.7583, 0.8503, 0.7899]
2026-07-03 02:55:28.219147: Epoch time: 25.57 s
2026-07-03 02:55:29.364333: 
2026-07-03 02:55:29.364487: Epoch 118
2026-07-03 02:55:29.364585: Current learning rate: 0.00025
2026-07-03 02:55:55.086882: train_loss -0.7559
2026-07-03 02:55:55.087092: val_loss -0.7102
2026-07-03 02:55:55.087192: Pseudo dice [0.7629, 0.8617, 0.7439]
2026-07-03 02:55:55.087280: Epoch time: 25.72 s
2026-07-03 02:55:56.229113: 
2026-07-03 02:55:56.229261: Epoch 119
2026-07-03 02:55:56.229357: Current learning rate: 0.00024
2026-07-03 02:56:21.884518: train_loss -0.7573
2026-07-03 02:56:21.884717: val_loss -0.6952
2026-07-03 02:56:21.884817: Pseudo dice [0.7478, 0.859, 0.7796]
2026-07-03 02:56:21.884902: Epoch time: 25.66 s
2026-07-03 02:56:23.029675: 
2026-07-03 02:56:23.029820: Epoch 120
2026-07-03 02:56:23.029916: Current learning rate: 0.00023
2026-07-03 02:56:48.591269: train_loss -0.754
2026-07-03 02:56:48.591476: val_loss -0.7041
2026-07-03 02:56:48.591578: Pseudo dice [0.7549, 0.8436, 0.7768]
2026-07-03 02:56:48.591662: Epoch time: 25.56 s
2026-07-03 02:56:49.741653: 
2026-07-03 02:56:49.741800: Epoch 121
2026-07-03 02:56:49.741894: Current learning rate: 0.00023
2026-07-03 02:57:15.465652: train_loss -0.7664
2026-07-03 02:57:15.465846: val_loss -0.6873
2026-07-03 02:57:15.465949: Pseudo dice [0.7655, 0.8414, 0.7921]
2026-07-03 02:57:15.466042: Epoch time: 25.73 s
2026-07-03 02:57:16.633305: 
2026-07-03 02:57:16.633479: Epoch 122
2026-07-03 02:57:16.633580: Current learning rate: 0.00022
2026-07-03 02:57:42.293277: train_loss -0.7561
2026-07-03 02:57:42.293475: val_loss -0.7054
2026-07-03 02:57:42.293573: Pseudo dice [0.7598, 0.8451, 0.7785]
2026-07-03 02:57:42.293658: Epoch time: 25.66 s
2026-07-03 02:57:43.443225: 
2026-07-03 02:57:43.443377: Epoch 123
2026-07-03 02:57:43.443479: Current learning rate: 0.00021
2026-07-03 02:58:09.002069: train_loss -0.7664
2026-07-03 02:58:09.002273: val_loss -0.6924
2026-07-03 02:58:09.002374: Pseudo dice [0.7279, 0.8482, 0.785]
2026-07-03 02:58:09.002457: Epoch time: 25.56 s
2026-07-03 02:58:10.150349: 
2026-07-03 02:58:10.150498: Epoch 124
2026-07-03 02:58:10.150593: Current learning rate: 0.00021
2026-07-03 02:58:35.858247: train_loss -0.7634
2026-07-03 02:58:35.858454: val_loss -0.7212
2026-07-03 02:58:35.858551: Pseudo dice [0.7463, 0.8634, 0.7817]
2026-07-03 02:58:35.858639: Epoch time: 25.71 s
2026-07-03 02:58:37.006656: 
2026-07-03 02:58:37.006811: Epoch 125
2026-07-03 02:58:37.006907: Current learning rate: 0.0002
2026-07-03 02:59:02.658008: train_loss -0.7653
2026-07-03 02:59:02.658204: val_loss -0.7085
2026-07-03 02:59:02.658303: Pseudo dice [0.7567, 0.8622, 0.7679]
2026-07-03 02:59:02.658390: Epoch time: 25.65 s
2026-07-03 02:59:03.806998: 
2026-07-03 02:59:03.807153: Epoch 126
2026-07-03 02:59:03.807253: Current learning rate: 0.00019
2026-07-03 02:59:29.372283: train_loss -0.7547
2026-07-03 02:59:29.372485: val_loss -0.7399
2026-07-03 02:59:29.372585: Pseudo dice [0.7627, 0.8714, 0.7859]
2026-07-03 02:59:29.372669: Epoch time: 25.57 s
2026-07-03 02:59:29.372739: Yayy! New best EMA pseudo Dice: 0.7948
2026-07-03 02:59:30.743279: 
2026-07-03 02:59:30.743430: Epoch 127
2026-07-03 02:59:30.743525: Current learning rate: 0.00018
2026-07-03 02:59:56.317307: train_loss -0.7665
2026-07-03 02:59:56.317505: val_loss -0.6961
2026-07-03 02:59:56.317605: Pseudo dice [0.7574, 0.8435, 0.7649]
2026-07-03 02:59:56.317691: Epoch time: 25.58 s
2026-07-03 02:59:57.464329: 
2026-07-03 02:59:57.464480: Epoch 128
2026-07-03 02:59:57.464576: Current learning rate: 0.00018
2026-07-03 03:00:23.132644: train_loss -0.7693
2026-07-03 03:00:23.132828: val_loss -0.6933
2026-07-03 03:00:23.132930: Pseudo dice [0.7577, 0.8489, 0.7738]
2026-07-03 03:00:23.133026: Epoch time: 25.67 s
2026-07-03 03:00:24.271487: 
2026-07-03 03:00:24.271644: Epoch 129
2026-07-03 03:00:24.271741: Current learning rate: 0.00017
2026-07-03 03:00:49.917518: train_loss -0.7692
2026-07-03 03:00:49.917721: val_loss -0.7185
2026-07-03 03:00:49.917823: Pseudo dice [0.7584, 0.8534, 0.7843]
2026-07-03 03:00:49.917909: Epoch time: 25.65 s
2026-07-03 03:00:51.046907: 
2026-07-03 03:00:51.047055: Epoch 130
2026-07-03 03:00:51.047150: Current learning rate: 0.00016
2026-07-03 03:01:16.614379: train_loss -0.7615
2026-07-03 03:01:16.614582: val_loss -0.6668
2026-07-03 03:01:16.614680: Pseudo dice [0.7468, 0.8398, 0.7677]
2026-07-03 03:01:16.614763: Epoch time: 25.57 s
2026-07-03 03:01:17.744220: 
2026-07-03 03:01:17.744372: Epoch 131
2026-07-03 03:01:17.744469: Current learning rate: 0.00016
2026-07-03 03:01:43.462087: train_loss -0.7708
2026-07-03 03:01:43.462280: val_loss -0.6746
2026-07-03 03:01:43.462378: Pseudo dice [0.7499, 0.8443, 0.766]
2026-07-03 03:01:43.462464: Epoch time: 25.72 s
2026-07-03 03:01:44.589370: 
2026-07-03 03:01:44.589517: Epoch 132
2026-07-03 03:01:44.589612: Current learning rate: 0.00015
2026-07-03 03:02:10.285674: train_loss -0.7695
2026-07-03 03:02:10.285873: val_loss -0.6859
2026-07-03 03:02:10.285975: Pseudo dice [0.744, 0.8495, 0.7845]
2026-07-03 03:02:10.286072: Epoch time: 25.7 s
2026-07-03 03:02:11.422178: 
2026-07-03 03:02:11.422342: Epoch 133
2026-07-03 03:02:11.422461: Current learning rate: 0.00014
2026-07-03 03:02:36.985915: train_loss -0.7728
2026-07-03 03:02:36.986114: val_loss -0.6859
2026-07-03 03:02:36.986217: Pseudo dice [0.7474, 0.848, 0.7753]
2026-07-03 03:02:36.986303: Epoch time: 25.57 s
2026-07-03 03:02:38.112788: 
2026-07-03 03:02:38.112932: Epoch 134
2026-07-03 03:02:38.113033: Current learning rate: 0.00013
2026-07-03 03:03:03.778573: train_loss -0.7726
2026-07-03 03:03:03.778768: val_loss -0.6885
2026-07-03 03:03:03.778866: Pseudo dice [0.7418, 0.8427, 0.7808]
2026-07-03 03:03:03.778949: Epoch time: 25.67 s
2026-07-03 03:03:04.918857: 
2026-07-03 03:03:04.919010: Epoch 135
2026-07-03 03:03:04.919116: Current learning rate: 0.00013
2026-07-03 03:03:30.613776: train_loss -0.7736
2026-07-03 03:03:30.613986: val_loss -0.6746
2026-07-03 03:03:30.614093: Pseudo dice [0.7471, 0.8176, 0.7466]
2026-07-03 03:03:30.614183: Epoch time: 25.7 s
2026-07-03 03:03:31.753953: 
2026-07-03 03:03:31.754106: Epoch 136
2026-07-03 03:03:31.754202: Current learning rate: 0.00012
2026-07-03 03:03:57.326727: train_loss -0.7667
2026-07-03 03:03:57.326921: val_loss -0.715
2026-07-03 03:03:57.327031: Pseudo dice [0.7548, 0.8596, 0.7922]
2026-07-03 03:03:57.327118: Epoch time: 25.57 s
2026-07-03 03:03:58.470923: 
2026-07-03 03:03:58.471072: Epoch 137
2026-07-03 03:03:58.471167: Current learning rate: 0.00011
2026-07-03 03:04:24.197281: train_loss -0.7718
2026-07-03 03:04:24.197483: val_loss -0.6973
2026-07-03 03:04:24.197585: Pseudo dice [0.7433, 0.8602, 0.7922]
2026-07-03 03:04:24.197679: Epoch time: 25.73 s
2026-07-03 03:04:25.342730: 
2026-07-03 03:04:25.342881: Epoch 138
2026-07-03 03:04:25.342979: Current learning rate: 0.0001
2026-07-03 03:04:51.019173: train_loss -0.7796
2026-07-03 03:04:51.019359: val_loss -0.715
2026-07-03 03:04:51.019456: Pseudo dice [0.7619, 0.8538, 0.7699]
2026-07-03 03:04:51.019542: Epoch time: 25.68 s
2026-07-03 03:04:52.156713: 
2026-07-03 03:04:52.156861: Epoch 139
2026-07-03 03:04:52.156957: Current learning rate: 0.0001
2026-07-03 03:05:17.725271: train_loss -0.7799
2026-07-03 03:05:17.725462: val_loss -0.7103
2026-07-03 03:05:17.725564: Pseudo dice [0.7556, 0.8563, 0.7811]
2026-07-03 03:05:17.725656: Epoch time: 25.57 s
2026-07-03 03:05:18.870631: 
2026-07-03 03:05:18.870775: Epoch 140
2026-07-03 03:05:18.870871: Current learning rate: 9e-05
2026-07-03 03:05:44.609070: train_loss -0.7763
2026-07-03 03:05:44.609272: val_loss -0.7304
2026-07-03 03:05:44.609378: Pseudo dice [0.7693, 0.8646, 0.7848]
2026-07-03 03:05:44.609470: Epoch time: 25.74 s
2026-07-03 03:05:45.751374: 
2026-07-03 03:05:45.751525: Epoch 141
2026-07-03 03:05:45.751621: Current learning rate: 8e-05
2026-07-03 03:06:11.425564: train_loss -0.7666
2026-07-03 03:06:11.425745: val_loss -0.69
2026-07-03 03:06:11.425841: Pseudo dice [0.7626, 0.8539, 0.7726]
2026-07-03 03:06:11.425925: Epoch time: 25.68 s
2026-07-03 03:06:12.569448: 
2026-07-03 03:06:12.569599: Epoch 142
2026-07-03 03:06:12.569697: Current learning rate: 7e-05
2026-07-03 03:06:38.135642: train_loss -0.77
2026-07-03 03:06:38.135840: val_loss -0.6982
2026-07-03 03:06:38.135944: Pseudo dice [0.7563, 0.8456, 0.7738]
2026-07-03 03:06:38.136045: Epoch time: 25.57 s
2026-07-03 03:06:39.279781: 
2026-07-03 03:06:39.279928: Epoch 143
2026-07-03 03:06:39.280033: Current learning rate: 6e-05
2026-07-03 03:07:05.022868: train_loss -0.7723
2026-07-03 03:07:05.023063: val_loss -0.7145
2026-07-03 03:07:05.023163: Pseudo dice [0.7547, 0.855, 0.7839]
2026-07-03 03:07:05.023247: Epoch time: 25.74 s
2026-07-03 03:07:06.166318: 
2026-07-03 03:07:06.166489: Epoch 144
2026-07-03 03:07:06.166626: Current learning rate: 6e-05
2026-07-03 03:07:31.846946: train_loss -0.7648
2026-07-03 03:07:31.847139: val_loss -0.7011
2026-07-03 03:07:31.847243: Pseudo dice [0.7405, 0.8583, 0.7792]
2026-07-03 03:07:31.847330: Epoch time: 25.68 s
2026-07-03 03:07:32.994863: 
2026-07-03 03:07:32.995018: Epoch 145
2026-07-03 03:07:32.995119: Current learning rate: 5e-05
2026-07-03 03:07:58.558368: train_loss -0.7831
2026-07-03 03:07:58.558567: val_loss -0.703
2026-07-03 03:07:58.558673: Pseudo dice [0.7583, 0.8508, 0.778]
2026-07-03 03:07:58.558765: Epoch time: 25.57 s
2026-07-03 03:07:59.712133: 
2026-07-03 03:07:59.712281: Epoch 146
2026-07-03 03:07:59.712379: Current learning rate: 4e-05
2026-07-03 03:08:25.455313: train_loss -0.7749
2026-07-03 03:08:25.455502: val_loss -0.7181
2026-07-03 03:08:25.455603: Pseudo dice [0.7683, 0.8596, 0.7868]
2026-07-03 03:08:25.455686: Epoch time: 25.74 s
2026-07-03 03:08:25.455755: Yayy! New best EMA pseudo Dice: 0.7955
2026-07-03 03:08:26.708793: 
2026-07-03 03:08:26.708942: Epoch 147
2026-07-03 03:08:26.709045: Current learning rate: 3e-05
2026-07-03 03:08:52.417363: train_loss -0.7679
2026-07-03 03:08:52.417556: val_loss -0.6766
2026-07-03 03:08:52.417654: Pseudo dice [0.7513, 0.8486, 0.7734]
2026-07-03 03:08:52.417744: Epoch time: 25.71 s
2026-07-03 03:08:53.561163: 
2026-07-03 03:08:53.561311: Epoch 148
2026-07-03 03:08:53.561407: Current learning rate: 2e-05
2026-07-03 03:09:19.230612: train_loss -0.7771
2026-07-03 03:09:19.230793: val_loss -0.7054
2026-07-03 03:09:19.230893: Pseudo dice [0.7632, 0.8463, 0.7837]
2026-07-03 03:09:19.230979: Epoch time: 25.67 s
2026-07-03 03:09:20.376717: 
2026-07-03 03:09:20.376868: Epoch 149
2026-07-03 03:09:20.376965: Current learning rate: 1e-05
2026-07-03 03:09:45.938166: train_loss -0.7851
2026-07-03 03:09:45.938366: val_loss -0.6825
2026-07-03 03:09:45.938467: Pseudo dice [0.7623, 0.8701, 0.7753]
2026-07-03 03:09:45.938560: Epoch time: 25.56 s
2026-07-03 03:09:45.938635: Yayy! New best EMA pseudo Dice: 0.7961
2026-07-03 03:09:47.355219: Training done.
2026-07-03 03:09:47.356053: Skipping final validation (COMBO_SKIP_FINAL_VALIDATION=1)


=== EG3 [E] e1_g3_uas2 ===
skip=E1  ctx=G3_UAS2
params:  0.916M  (+96.3% vs ENet baseline)
results: /home/yhussein/LightM-UNet/data/nnUNET_results/enet_combo_e150/EG3_e1_g3_uas2
command: nnUNetv2_train 501 2d 0 -tr nnUNetTrainerENetCombo
/home/yhussein/conda-envs/lightmunet/lib/python3.10/site-packages/monai/utils/module.py:396: UserWarning: pkg_resources is deprecated as an API. See https://setuptools.pypa.io/en/latest/pkg_resources.html. The pkg_resources package is slated for removal as early as 2025-11-30. Refrain from using this package or pin to Setuptools<81.
  pkg = __import__(module)  # top level module
Using device: cuda:0

#######################################################################
Please cite the following paper when using nnU-Net:
Isensee, F., Jaeger, P. F., Kohl, S. A., Petersen, J., & Maier-Hein, K. H. (2021). nnU-Net: a self-configuring method for deep learning-based biomedical image segmentation. Nature methods, 18(2), 203-211.
#######################################################################


This is the configuration used by this training:
Configuration name: 2d
 {'data_identifier': 'nnUNetPlans_2d', 'preprocessor_name': 'DefaultPreprocessor', 'batch_size': 4, 'patch_size': [512, 512], 'median_image_size_in_voxels': [512.0, 512.0], 'spacing': [1.0, 1.0], 'normalization_schemes': ['ZScoreNormalization'], 'use_mask_for_norm': [False], 'UNet_class_name': 'PlainConvUNet', 'UNet_base_num_features': 32, 'n_conv_per_stage_encoder': [2, 2, 2, 2, 2, 2, 2, 2], 'n_conv_per_stage_decoder': [2, 2, 2, 2, 2, 2, 2], 'num_pool_per_axis': [7, 7], 'pool_op_kernel_sizes': [[1, 1], [2, 2], [2, 2], [2, 2], [2, 2], [2, 2], [2, 2], [2, 2]], 'conv_kernel_sizes': [[3, 3], [3, 3], [3, 3], [3, 3], [3, 3], [3, 3], [3, 3], [3, 3]], 'unet_max_num_features': 512, 'resampling_fn_data': 'resample_data_or_seg_to_shape', 'resampling_fn_seg': 'resample_data_or_seg_to_shape', 'resampling_fn_data_kwargs': {'is_seg': False, 'order': 3, 'order_z': 0, 'force_separate_z': None}, 'resampling_fn_seg_kwargs': {'is_seg': True, 'order': 1, 'order_z': 0, 'force_separate_z': None}, 'resampling_fn_probabilities': 'resample_data_or_seg_to_shape', 'resampling_fn_probabilities_kwargs': {'is_seg': False, 'order': 1, 'order_z': 0, 'force_separate_z': None}, 'batch_dice': True} 

These are the global plan.json settings:
 {'dataset_name': 'Dataset501_ARCADE', 'plans_name': 'nnUNetPlans', 'original_median_spacing_after_transp': [999.0, 1.0, 1.0], 'original_median_shape_after_transp': [1, 512, 512], 'image_reader_writer': 'NaturalImage2DIO', 'transpose_forward': [0, 1, 2], 'transpose_backward': [0, 1, 2], 'experiment_planner_used': 'ExperimentPlanner', 'label_manager': 'LabelManager', 'foreground_intensity_properties_per_channel': {'0': {'max': 255.0, 'mean': 98.67886352539062, 'median': 96.0, 'min': 0.0, 'percentile_00_5': 32.0, 'percentile_99_5': 186.0, 'std': 31.84078025817871}}} 

2026-07-03 03:09:54.035112: unpacking dataset...
2026-07-03 03:09:58.002522: unpacking done...
2026-07-03 03:09:58.002959: do_dummy_2d_data_aug: False
2026-07-03 03:09:58.008933: Using splits from existing split file: /gpfs/home1/yhussein/LightM-UNet/data/nnUNet_preprocessed/Dataset501_ARCADE/splits_final.json
2026-07-03 03:09:58.009246: The split file contains 1 splits.
2026-07-03 03:09:58.009310: Desired fold for training: 0
2026-07-03 03:09:58.009360: This split has 1000 training and 200 validation cases.
2026-07-03 03:09:58.025961: Skipping architecture plot (COMBO_SKIP_ARCH_PLOT=1)
2026-07-03 03:09:58.035513: 
2026-07-03 03:09:58.035609: Epoch 0
2026-07-03 03:09:58.035711: Current learning rate: 0.001
using pin_memory on device 0
using pin_memory on device 0
2026-07-03 03:10:35.566453: train_loss 0.3146
2026-07-03 03:10:35.566726: val_loss -0.0242
2026-07-03 03:10:35.566845: Pseudo dice [0.0, 0.0, 0.0682]
2026-07-03 03:10:35.566948: Epoch time: 37.53 s
2026-07-03 03:10:35.567040: Yayy! New best EMA pseudo Dice: 0.0227
2026-07-03 03:10:36.644751: 
2026-07-03 03:10:36.644932: Epoch 1
2026-07-03 03:10:36.645052: Current learning rate: 0.00099
2026-07-03 03:11:11.344820: train_loss -0.0527
2026-07-03 03:11:11.345037: val_loss -0.073
2026-07-03 03:11:11.345147: Pseudo dice [0.0, 0.0001, 0.2924]
2026-07-03 03:11:11.345236: Epoch time: 34.7 s
2026-07-03 03:11:11.345308: Yayy! New best EMA pseudo Dice: 0.0302
2026-07-03 03:11:12.587071: 
2026-07-03 03:11:12.587234: Epoch 2
2026-07-03 03:11:12.587331: Current learning rate: 0.00099
2026-07-03 03:11:47.210679: train_loss -0.0805
2026-07-03 03:11:47.210929: val_loss -0.0771
2026-07-03 03:11:47.211666: Pseudo dice [0.0, 0.0292, 0.2852]
2026-07-03 03:11:47.211777: Epoch time: 34.62 s
2026-07-03 03:11:47.211856: Yayy! New best EMA pseudo Dice: 0.0377
2026-07-03 03:11:48.484113: 
2026-07-03 03:11:48.484276: Epoch 3
2026-07-03 03:11:48.484375: Current learning rate: 0.00098
2026-07-03 03:12:23.173060: train_loss -0.1049
2026-07-03 03:12:23.173257: val_loss -0.1596
2026-07-03 03:12:23.173359: Pseudo dice [0.4906, 0.5259, 0.0059]
2026-07-03 03:12:23.173446: Epoch time: 34.69 s
2026-07-03 03:12:23.173515: Yayy! New best EMA pseudo Dice: 0.068
2026-07-03 03:12:24.409353: 
2026-07-03 03:12:24.409513: Epoch 4
2026-07-03 03:12:24.409622: Current learning rate: 0.00098
2026-07-03 03:12:59.037187: train_loss -0.1615
2026-07-03 03:12:59.037425: val_loss -0.1989
2026-07-03 03:12:59.037530: Pseudo dice [0.5235, 0.5037, 0.0001]
2026-07-03 03:12:59.037622: Epoch time: 34.63 s
2026-07-03 03:12:59.037695: Yayy! New best EMA pseudo Dice: 0.0954
2026-07-03 03:13:00.296604: 
2026-07-03 03:13:00.296760: Epoch 5
2026-07-03 03:13:00.296857: Current learning rate: 0.00097
2026-07-03 03:13:34.981171: train_loss -0.24
2026-07-03 03:13:34.981369: val_loss -0.3477
2026-07-03 03:13:34.981476: Pseudo dice [0.5492, 0.7112, 0.3325]
2026-07-03 03:13:34.981565: Epoch time: 34.69 s
2026-07-03 03:13:34.981632: Yayy! New best EMA pseudo Dice: 0.139
2026-07-03 03:13:36.199083: 
2026-07-03 03:13:36.199235: Epoch 6
2026-07-03 03:13:36.199332: Current learning rate: 0.00096
2026-07-03 03:14:10.829872: train_loss -0.3258
2026-07-03 03:14:10.830127: val_loss -0.3699
2026-07-03 03:14:10.830232: Pseudo dice [0.6132, 0.6742, 0.2599]
2026-07-03 03:14:10.830325: Epoch time: 34.63 s
2026-07-03 03:14:10.830400: Yayy! New best EMA pseudo Dice: 0.1767
2026-07-03 03:14:12.067614: 
2026-07-03 03:14:12.067765: Epoch 7
2026-07-03 03:14:12.067862: Current learning rate: 0.00096
2026-07-03 03:14:46.693075: train_loss -0.3793
2026-07-03 03:14:46.693310: val_loss -0.4225
2026-07-03 03:14:46.693418: Pseudo dice [0.5673, 0.6839, 0.52]
2026-07-03 03:14:46.693513: Epoch time: 34.63 s
2026-07-03 03:14:46.693589: Yayy! New best EMA pseudo Dice: 0.218
2026-07-03 03:14:48.081682: 
2026-07-03 03:14:48.081832: Epoch 8
2026-07-03 03:14:48.081926: Current learning rate: 0.00095
2026-07-03 03:15:22.714430: train_loss -0.4425
2026-07-03 03:15:22.714664: val_loss -0.509
2026-07-03 03:15:22.714770: Pseudo dice [0.5989, 0.7422, 0.6315]
2026-07-03 03:15:22.714863: Epoch time: 34.63 s
2026-07-03 03:15:22.714939: Yayy! New best EMA pseudo Dice: 0.262
2026-07-03 03:15:23.951669: 
2026-07-03 03:15:23.951820: Epoch 9
2026-07-03 03:15:23.951915: Current learning rate: 0.00095
2026-07-03 03:15:58.578238: train_loss -0.4648
2026-07-03 03:15:58.578433: val_loss -0.5547
2026-07-03 03:15:58.578534: Pseudo dice [0.6477, 0.7843, 0.6197]
2026-07-03 03:15:58.578624: Epoch time: 34.63 s
2026-07-03 03:15:58.578694: Yayy! New best EMA pseudo Dice: 0.3042
2026-07-03 03:15:59.784145: 
2026-07-03 03:15:59.784306: Epoch 10
2026-07-03 03:15:59.784404: Current learning rate: 0.00094
2026-07-03 03:16:34.499969: train_loss -0.4697
2026-07-03 03:16:34.500180: val_loss -0.5174
2026-07-03 03:16:34.500290: Pseudo dice [0.5915, 0.7876, 0.5756]
2026-07-03 03:16:34.500384: Epoch time: 34.72 s
2026-07-03 03:16:34.500461: Yayy! New best EMA pseudo Dice: 0.3389
2026-07-03 03:16:35.717987: 
2026-07-03 03:16:35.718147: Epoch 11
2026-07-03 03:16:35.718244: Current learning rate: 0.00093
2026-07-03 03:17:10.337962: train_loss -0.5056
2026-07-03 03:17:10.338202: val_loss -0.5284
2026-07-03 03:17:10.338310: Pseudo dice [0.6391, 0.7591, 0.6125]
2026-07-03 03:17:10.338402: Epoch time: 34.62 s
2026-07-03 03:17:10.338473: Yayy! New best EMA pseudo Dice: 0.3721
2026-07-03 03:17:11.559271: 
2026-07-03 03:17:11.559441: Epoch 12
2026-07-03 03:17:11.559566: Current learning rate: 0.00093
2026-07-03 03:17:46.253542: train_loss -0.5224
2026-07-03 03:17:46.253776: val_loss -0.5814
2026-07-03 03:17:46.253884: Pseudo dice [0.6513, 0.8022, 0.6717]
2026-07-03 03:17:46.253977: Epoch time: 34.7 s
2026-07-03 03:17:46.254060: Yayy! New best EMA pseudo Dice: 0.4057
2026-07-03 03:17:47.494341: 
2026-07-03 03:17:47.494493: Epoch 13
2026-07-03 03:17:47.494591: Current learning rate: 0.00092
2026-07-03 03:18:22.113417: train_loss -0.5223
2026-07-03 03:18:22.113656: val_loss -0.5773
2026-07-03 03:18:22.113763: Pseudo dice [0.6506, 0.8196, 0.6426]
2026-07-03 03:18:22.113857: Epoch time: 34.62 s
2026-07-03 03:18:22.113932: Yayy! New best EMA pseudo Dice: 0.4355
2026-07-03 03:18:23.356177: 
2026-07-03 03:18:23.356324: Epoch 14
2026-07-03 03:18:23.356419: Current learning rate: 0.00092
2026-07-03 03:18:58.062456: train_loss -0.5161
2026-07-03 03:18:58.062647: val_loss -0.5268
2026-07-03 03:18:58.062751: Pseudo dice [0.584, 0.7774, 0.6616]
2026-07-03 03:18:58.062836: Epoch time: 34.71 s
2026-07-03 03:18:58.062907: Yayy! New best EMA pseudo Dice: 0.4594
2026-07-03 03:18:59.298994: 
2026-07-03 03:18:59.299154: Epoch 15
2026-07-03 03:18:59.299252: Current learning rate: 0.00091
2026-07-03 03:19:33.926401: train_loss -0.543
2026-07-03 03:19:33.926635: val_loss -0.6068
2026-07-03 03:19:33.926738: Pseudo dice [0.6821, 0.7849, 0.6856]
2026-07-03 03:19:33.926832: Epoch time: 34.63 s
2026-07-03 03:19:33.926908: Yayy! New best EMA pseudo Dice: 0.4852
2026-07-03 03:19:35.160834: 
2026-07-03 03:19:35.160989: Epoch 16
2026-07-03 03:19:35.161092: Current learning rate: 0.0009
2026-07-03 03:20:09.862345: train_loss -0.5583
2026-07-03 03:20:09.862541: val_loss -0.5645
2026-07-03 03:20:09.862645: Pseudo dice [0.6744, 0.7532, 0.6609]
2026-07-03 03:20:09.862733: Epoch time: 34.7 s
2026-07-03 03:20:09.862805: Yayy! New best EMA pseudo Dice: 0.5063
2026-07-03 03:20:11.112399: 
2026-07-03 03:20:11.112564: Epoch 17
2026-07-03 03:20:11.112685: Current learning rate: 0.0009
2026-07-03 03:20:45.741596: train_loss -0.5701
2026-07-03 03:20:45.741832: val_loss -0.6337
2026-07-03 03:20:45.741938: Pseudo dice [0.668, 0.8182, 0.7105]
2026-07-03 03:20:45.742042: Epoch time: 34.63 s
2026-07-03 03:20:45.742118: Yayy! New best EMA pseudo Dice: 0.5289
2026-07-03 03:20:46.984238: 
2026-07-03 03:20:46.984384: Epoch 18
2026-07-03 03:20:46.984486: Current learning rate: 0.00089
2026-07-03 03:21:21.607578: train_loss -0.5605
2026-07-03 03:21:21.607810: val_loss -0.6174
2026-07-03 03:21:21.607914: Pseudo dice [0.6909, 0.7886, 0.721]
2026-07-03 03:21:21.608006: Epoch time: 34.62 s
2026-07-03 03:21:21.608091: Yayy! New best EMA pseudo Dice: 0.5494
2026-07-03 03:21:22.996966: 
2026-07-03 03:21:22.997120: Epoch 19
2026-07-03 03:21:22.997218: Current learning rate: 0.00089
2026-07-03 03:21:57.625151: train_loss -0.5815
2026-07-03 03:21:57.625388: val_loss -0.6154
2026-07-03 03:21:57.625497: Pseudo dice [0.6898, 0.7977, 0.6993]
2026-07-03 03:21:57.625590: Epoch time: 34.63 s
2026-07-03 03:21:57.625664: Yayy! New best EMA pseudo Dice: 0.5673
2026-07-03 03:21:58.874641: 
2026-07-03 03:21:58.874791: Epoch 20
2026-07-03 03:21:58.874887: Current learning rate: 0.00088
2026-07-03 03:22:33.509106: train_loss -0.5777
2026-07-03 03:22:33.509335: val_loss -0.6198
2026-07-03 03:22:33.509441: Pseudo dice [0.6991, 0.7947, 0.6933]
2026-07-03 03:22:33.509535: Epoch time: 34.64 s
2026-07-03 03:22:33.509609: Yayy! New best EMA pseudo Dice: 0.5835
2026-07-03 03:22:34.915048: 
2026-07-03 03:22:34.915200: Epoch 21
2026-07-03 03:22:34.915297: Current learning rate: 0.00087
2026-07-03 03:23:09.550820: train_loss -0.5739
2026-07-03 03:23:09.551061: val_loss -0.5881
2026-07-03 03:23:09.551170: Pseudo dice [0.6802, 0.7844, 0.673]
2026-07-03 03:23:09.551261: Epoch time: 34.64 s
2026-07-03 03:23:09.551333: Yayy! New best EMA pseudo Dice: 0.5964
2026-07-03 03:23:10.770248: 
2026-07-03 03:23:10.770399: Epoch 22
2026-07-03 03:23:10.770497: Current learning rate: 0.00087
2026-07-03 03:23:45.396233: train_loss -0.5847
2026-07-03 03:23:45.396427: val_loss -0.6043
2026-07-03 03:23:45.396526: Pseudo dice [0.71, 0.8161, 0.6708]
2026-07-03 03:23:45.396612: Epoch time: 34.63 s
2026-07-03 03:23:45.396683: Yayy! New best EMA pseudo Dice: 0.61
2026-07-03 03:23:46.615097: 
2026-07-03 03:23:46.615251: Epoch 23
2026-07-03 03:23:46.615348: Current learning rate: 0.00086
2026-07-03 03:24:21.321681: train_loss -0.5873
2026-07-03 03:24:21.321907: val_loss -0.6349
2026-07-03 03:24:21.322020: Pseudo dice [0.7, 0.8364, 0.6994]
2026-07-03 03:24:21.322113: Epoch time: 34.71 s
2026-07-03 03:24:21.322188: Yayy! New best EMA pseudo Dice: 0.6235
2026-07-03 03:24:22.540288: 
2026-07-03 03:24:22.540436: Epoch 24
2026-07-03 03:24:22.540534: Current learning rate: 0.00085
2026-07-03 03:24:57.165589: train_loss -0.6147
2026-07-03 03:24:57.165830: val_loss -0.6264
2026-07-03 03:24:57.165934: Pseudo dice [0.7006, 0.8239, 0.6905]
2026-07-03 03:24:57.166033: Epoch time: 34.63 s
2026-07-03 03:24:57.166111: Yayy! New best EMA pseudo Dice: 0.635
2026-07-03 03:24:58.392992: 
2026-07-03 03:24:58.393146: Epoch 25
2026-07-03 03:24:58.393243: Current learning rate: 0.00085
2026-07-03 03:25:33.092735: train_loss -0.6055
2026-07-03 03:25:33.092925: val_loss -0.639
2026-07-03 03:25:33.093036: Pseudo dice [0.7117, 0.8212, 0.7094]
2026-07-03 03:25:33.093125: Epoch time: 34.7 s
2026-07-03 03:25:33.093195: Yayy! New best EMA pseudo Dice: 0.6462
2026-07-03 03:25:34.322613: 
2026-07-03 03:25:34.322765: Epoch 26
2026-07-03 03:25:34.322862: Current learning rate: 0.00084
2026-07-03 03:26:08.952354: train_loss -0.6171
2026-07-03 03:26:08.952591: val_loss -0.6088
2026-07-03 03:26:08.952696: Pseudo dice [0.6764, 0.7999, 0.6956]
2026-07-03 03:26:08.952792: Epoch time: 34.63 s
2026-07-03 03:26:08.952867: Yayy! New best EMA pseudo Dice: 0.654
2026-07-03 03:26:10.191926: 
2026-07-03 03:26:10.192082: Epoch 27
2026-07-03 03:26:10.192180: Current learning rate: 0.00084
2026-07-03 03:26:44.900685: train_loss -0.5938
2026-07-03 03:26:44.900881: val_loss -0.6503
2026-07-03 03:26:44.900984: Pseudo dice [0.6996, 0.8444, 0.6978]
2026-07-03 03:26:44.901080: Epoch time: 34.71 s
2026-07-03 03:26:44.901151: Yayy! New best EMA pseudo Dice: 0.6633
2026-07-03 03:26:46.131684: 
2026-07-03 03:26:46.131838: Epoch 28
2026-07-03 03:26:46.131932: Current learning rate: 0.00083
2026-07-03 03:27:20.767560: train_loss -0.6187
2026-07-03 03:27:20.767802: val_loss -0.6458
2026-07-03 03:27:20.767909: Pseudo dice [0.7188, 0.8307, 0.7533]
2026-07-03 03:27:20.768008: Epoch time: 34.64 s
2026-07-03 03:27:20.768092: Yayy! New best EMA pseudo Dice: 0.6738
2026-07-03 03:27:22.004730: 
2026-07-03 03:27:22.004884: Epoch 29
2026-07-03 03:27:22.004982: Current learning rate: 0.00082
2026-07-03 03:27:56.722200: train_loss -0.6235
2026-07-03 03:27:56.722395: val_loss -0.6712
2026-07-03 03:27:56.722494: Pseudo dice [0.7114, 0.8359, 0.7413]
2026-07-03 03:27:56.722580: Epoch time: 34.72 s
2026-07-03 03:27:56.722649: Yayy! New best EMA pseudo Dice: 0.6827
2026-07-03 03:27:57.972229: 
2026-07-03 03:27:57.972384: Epoch 30
2026-07-03 03:27:57.972481: Current learning rate: 0.00082
2026-07-03 03:28:32.606577: train_loss -0.6275
2026-07-03 03:28:32.606813: val_loss -0.62
2026-07-03 03:28:32.606915: Pseudo dice [0.7155, 0.8054, 0.7232]
2026-07-03 03:28:32.607010: Epoch time: 34.64 s
2026-07-03 03:28:32.607094: Yayy! New best EMA pseudo Dice: 0.6892
2026-07-03 03:28:33.852487: 
2026-07-03 03:28:33.852641: Epoch 31
2026-07-03 03:28:33.852740: Current learning rate: 0.00081
2026-07-03 03:29:08.565401: train_loss -0.6282
2026-07-03 03:29:08.565607: val_loss -0.6426
2026-07-03 03:29:08.565711: Pseudo dice [0.7072, 0.8167, 0.7092]
2026-07-03 03:29:08.565803: Epoch time: 34.71 s
2026-07-03 03:29:08.565873: Yayy! New best EMA pseudo Dice: 0.6947
2026-07-03 03:29:09.811344: 
2026-07-03 03:29:09.811496: Epoch 32
2026-07-03 03:29:09.811594: Current learning rate: 0.00081
2026-07-03 03:29:44.451883: train_loss -0.6281
2026-07-03 03:29:44.452142: val_loss -0.6438
2026-07-03 03:29:44.452253: Pseudo dice [0.7125, 0.8241, 0.7069]
2026-07-03 03:29:44.452355: Epoch time: 34.64 s
2026-07-03 03:29:44.452430: Yayy! New best EMA pseudo Dice: 0.7
2026-07-03 03:29:45.707096: 
2026-07-03 03:29:45.707287: Epoch 33
2026-07-03 03:29:45.707392: Current learning rate: 0.0008
2026-07-03 03:30:20.338296: train_loss -0.6215
2026-07-03 03:30:20.338493: val_loss -0.6112
2026-07-03 03:30:20.339211: Pseudo dice [0.703, 0.8117, 0.6875]
2026-07-03 03:30:20.339312: Epoch time: 34.63 s
2026-07-03 03:30:20.339391: Yayy! New best EMA pseudo Dice: 0.7034
2026-07-03 03:30:21.737357: 
2026-07-03 03:30:21.737505: Epoch 34
2026-07-03 03:30:21.737600: Current learning rate: 0.00079
2026-07-03 03:30:56.381874: train_loss -0.6376
2026-07-03 03:30:56.382115: val_loss -0.5856
2026-07-03 03:30:56.382221: Pseudo dice [0.6742, 0.8094, 0.6593]
2026-07-03 03:30:56.382317: Epoch time: 34.65 s
2026-07-03 03:30:56.382391: Yayy! New best EMA pseudo Dice: 0.7045
2026-07-03 03:30:57.626685: 
2026-07-03 03:30:57.626835: Epoch 35
2026-07-03 03:30:57.626935: Current learning rate: 0.00079
2026-07-03 03:31:32.266303: train_loss -0.6413
2026-07-03 03:31:32.266534: val_loss -0.6535
2026-07-03 03:31:32.266637: Pseudo dice [0.7189, 0.8003, 0.7261]
2026-07-03 03:31:32.266732: Epoch time: 34.64 s
2026-07-03 03:31:32.266807: Yayy! New best EMA pseudo Dice: 0.7089
2026-07-03 03:31:33.660641: 
2026-07-03 03:31:33.660794: Epoch 36
2026-07-03 03:31:33.660889: Current learning rate: 0.00078
2026-07-03 03:32:08.307859: train_loss -0.6492
2026-07-03 03:32:08.308109: val_loss -0.6213
2026-07-03 03:32:08.308221: Pseudo dice [0.7035, 0.7982, 0.711]
2026-07-03 03:32:08.308320: Epoch time: 34.65 s
2026-07-03 03:32:08.308398: Yayy! New best EMA pseudo Dice: 0.7118
2026-07-03 03:32:09.552685: 
2026-07-03 03:32:09.552837: Epoch 37
2026-07-03 03:32:09.552935: Current learning rate: 0.00077
2026-07-03 03:32:44.192990: train_loss -0.6414
2026-07-03 03:32:44.193236: val_loss -0.6546
2026-07-03 03:32:44.193342: Pseudo dice [0.7039, 0.8266, 0.7236]
2026-07-03 03:32:44.193434: Epoch time: 34.64 s
2026-07-03 03:32:44.193514: Yayy! New best EMA pseudo Dice: 0.7157
2026-07-03 03:32:45.435241: 
2026-07-03 03:32:45.435394: Epoch 38
2026-07-03 03:32:45.435490: Current learning rate: 0.00077
2026-07-03 03:33:20.164488: train_loss -0.6393
2026-07-03 03:33:20.164689: val_loss -0.6311
2026-07-03 03:33:20.164794: Pseudo dice [0.6987, 0.8294, 0.7166]
2026-07-03 03:33:20.164890: Epoch time: 34.73 s
2026-07-03 03:33:20.164962: Yayy! New best EMA pseudo Dice: 0.719
2026-07-03 03:33:21.419078: 
2026-07-03 03:33:21.419282: Epoch 39
2026-07-03 03:33:21.419436: Current learning rate: 0.00076
2026-07-03 03:33:56.051154: train_loss -0.6584
2026-07-03 03:33:56.051364: val_loss -0.6932
2026-07-03 03:33:56.051475: Pseudo dice [0.745, 0.8365, 0.7409]
2026-07-03 03:33:56.051569: Epoch time: 34.63 s
2026-07-03 03:33:56.051647: Yayy! New best EMA pseudo Dice: 0.7245
2026-07-03 03:33:57.308746: 
2026-07-03 03:33:57.308899: Epoch 40
2026-07-03 03:33:57.308997: Current learning rate: 0.00076
2026-07-03 03:34:32.023541: train_loss -0.6592
2026-07-03 03:34:32.023750: val_loss -0.6601
2026-07-03 03:34:32.023857: Pseudo dice [0.7283, 0.8136, 0.7489]
2026-07-03 03:34:32.023947: Epoch time: 34.72 s
2026-07-03 03:34:32.024039: Yayy! New best EMA pseudo Dice: 0.7284
2026-07-03 03:34:33.288200: 
2026-07-03 03:34:33.288356: Epoch 41
2026-07-03 03:34:33.288453: Current learning rate: 0.00075
2026-07-03 03:35:07.916698: train_loss -0.6481
2026-07-03 03:35:07.916934: val_loss -0.6561
2026-07-03 03:35:07.917047: Pseudo dice [0.7148, 0.8199, 0.7534]
2026-07-03 03:35:07.917246: Epoch time: 34.63 s
2026-07-03 03:35:07.917329: Yayy! New best EMA pseudo Dice: 0.7318
2026-07-03 03:35:09.136615: 
2026-07-03 03:35:09.136765: Epoch 42
2026-07-03 03:35:09.136860: Current learning rate: 0.00074
2026-07-03 03:35:43.841766: train_loss -0.6614
2026-07-03 03:35:43.842007: val_loss -0.6448
2026-07-03 03:35:43.842126: Pseudo dice [0.7052, 0.8241, 0.7034]
2026-07-03 03:35:43.842220: Epoch time: 34.71 s
2026-07-03 03:35:43.842294: Yayy! New best EMA pseudo Dice: 0.7331
2026-07-03 03:35:45.064966: 
2026-07-03 03:35:45.065125: Epoch 43
2026-07-03 03:35:45.065223: Current learning rate: 0.00074
2026-07-03 03:36:19.703348: train_loss -0.6453
2026-07-03 03:36:19.703541: val_loss -0.6299
2026-07-03 03:36:19.703647: Pseudo dice [0.7007, 0.8043, 0.7106]
2026-07-03 03:36:19.703741: Epoch time: 34.64 s
2026-07-03 03:36:19.703814: Yayy! New best EMA pseudo Dice: 0.7336
2026-07-03 03:36:20.927199: 
2026-07-03 03:36:20.927382: Epoch 44
2026-07-03 03:36:20.927481: Current learning rate: 0.00073
2026-07-03 03:36:55.631828: train_loss -0.6595
2026-07-03 03:36:55.632029: val_loss -0.6727
2026-07-03 03:36:55.632134: Pseudo dice [0.7239, 0.8307, 0.73]
2026-07-03 03:36:55.632221: Epoch time: 34.71 s
2026-07-03 03:36:55.632290: Yayy! New best EMA pseudo Dice: 0.7364
2026-07-03 03:36:56.850909: 
2026-07-03 03:36:56.851067: Epoch 45
2026-07-03 03:36:56.851166: Current learning rate: 0.00073
2026-07-03 03:37:31.488935: train_loss -0.6353
2026-07-03 03:37:31.489203: val_loss -0.6505
2026-07-03 03:37:31.489319: Pseudo dice [0.7086, 0.8256, 0.7239]
2026-07-03 03:37:31.489416: Epoch time: 34.64 s
2026-07-03 03:37:31.489493: Yayy! New best EMA pseudo Dice: 0.738
2026-07-03 03:37:32.716779: 
2026-07-03 03:37:32.716933: Epoch 46
2026-07-03 03:37:32.717037: Current learning rate: 0.00072
2026-07-03 03:38:07.427436: train_loss -0.6622
2026-07-03 03:38:07.427643: val_loss -0.6681
2026-07-03 03:38:07.427746: Pseudo dice [0.7257, 0.8358, 0.7414]
2026-07-03 03:38:07.427839: Epoch time: 34.71 s
2026-07-03 03:38:07.427911: Yayy! New best EMA pseudo Dice: 0.741
2026-07-03 03:38:08.644820: 
2026-07-03 03:38:08.644973: Epoch 47
2026-07-03 03:38:08.645077: Current learning rate: 0.00071
2026-07-03 03:38:43.282579: train_loss -0.6715
2026-07-03 03:38:43.282778: val_loss -0.6602
2026-07-03 03:38:43.282878: Pseudo dice [0.7399, 0.8429, 0.7699]
2026-07-03 03:38:43.282964: Epoch time: 34.64 s
2026-07-03 03:38:43.283043: Yayy! New best EMA pseudo Dice: 0.7453
2026-07-03 03:38:44.504414: 
2026-07-03 03:38:44.504562: Epoch 48
2026-07-03 03:38:44.504663: Current learning rate: 0.00071
2026-07-03 03:39:19.132313: train_loss -0.671
2026-07-03 03:39:19.132519: val_loss -0.6416
2026-07-03 03:39:19.132621: Pseudo dice [0.7105, 0.8029, 0.7275]
2026-07-03 03:39:19.132712: Epoch time: 34.63 s
2026-07-03 03:39:19.132786: Yayy! New best EMA pseudo Dice: 0.7455
2026-07-03 03:39:20.519434: 
2026-07-03 03:39:20.519584: Epoch 49
2026-07-03 03:39:20.519678: Current learning rate: 0.0007
2026-07-03 03:39:55.170322: train_loss -0.675
2026-07-03 03:39:55.170534: val_loss -0.6782
2026-07-03 03:39:55.170637: Pseudo dice [0.7306, 0.8337, 0.7677]
2026-07-03 03:39:55.170729: Epoch time: 34.65 s
2026-07-03 03:39:55.261985: Yayy! New best EMA pseudo Dice: 0.7487
2026-07-03 03:39:56.493907: 
2026-07-03 03:39:56.494063: Epoch 50
2026-07-03 03:39:56.494162: Current learning rate: 0.00069
2026-07-03 03:40:31.127431: train_loss -0.6753
2026-07-03 03:40:31.127647: val_loss -0.683
2026-07-03 03:40:31.127748: Pseudo dice [0.7376, 0.8472, 0.7531]
2026-07-03 03:40:31.127838: Epoch time: 34.63 s
2026-07-03 03:40:31.127911: Yayy! New best EMA pseudo Dice: 0.7517
2026-07-03 03:40:32.364323: 
2026-07-03 03:40:32.364472: Epoch 51
2026-07-03 03:40:32.364569: Current learning rate: 0.00069
2026-07-03 03:41:07.085290: train_loss -0.689
2026-07-03 03:41:07.085510: val_loss -0.698
2026-07-03 03:41:07.085617: Pseudo dice [0.7427, 0.8457, 0.7514]
2026-07-03 03:41:07.085707: Epoch time: 34.72 s
2026-07-03 03:41:07.085785: Yayy! New best EMA pseudo Dice: 0.7546
2026-07-03 03:41:08.326515: 
2026-07-03 03:41:08.326664: Epoch 52
2026-07-03 03:41:08.326761: Current learning rate: 0.00068
2026-07-03 03:41:42.961657: train_loss -0.6777
2026-07-03 03:41:42.961868: val_loss -0.6514
2026-07-03 03:41:42.961973: Pseudo dice [0.7236, 0.833, 0.7348]
2026-07-03 03:41:42.962070: Epoch time: 34.64 s
2026-07-03 03:41:42.962144: Yayy! New best EMA pseudo Dice: 0.7555
2026-07-03 03:41:44.202818: 
2026-07-03 03:41:44.202974: Epoch 53
2026-07-03 03:41:44.203079: Current learning rate: 0.00068
2026-07-03 03:42:18.925478: train_loss -0.6886
2026-07-03 03:42:18.925691: val_loss -0.6593
2026-07-03 03:42:18.925794: Pseudo dice [0.7243, 0.833, 0.7383]
2026-07-03 03:42:18.925884: Epoch time: 34.72 s
2026-07-03 03:42:18.926575: Yayy! New best EMA pseudo Dice: 0.7565
2026-07-03 03:42:20.166893: 
2026-07-03 03:42:20.167071: Epoch 54
2026-07-03 03:42:20.167192: Current learning rate: 0.00067
2026-07-03 03:42:54.795876: train_loss -0.6753
2026-07-03 03:42:54.796097: val_loss -0.6751
2026-07-03 03:42:54.796208: Pseudo dice [0.7281, 0.8321, 0.7836]
2026-07-03 03:42:54.796300: Epoch time: 34.63 s
2026-07-03 03:42:54.796374: Yayy! New best EMA pseudo Dice: 0.7589
2026-07-03 03:42:56.030993: 
2026-07-03 03:42:56.031162: Epoch 55
2026-07-03 03:42:56.031285: Current learning rate: 0.00066
2026-07-03 03:43:30.733140: train_loss -0.6692
2026-07-03 03:43:30.733351: val_loss -0.6737
2026-07-03 03:43:30.733460: Pseudo dice [0.7243, 0.8395, 0.7523]
2026-07-03 03:43:30.733554: Epoch time: 34.7 s
2026-07-03 03:43:30.733627: Yayy! New best EMA pseudo Dice: 0.7602
2026-07-03 03:43:31.979202: 
2026-07-03 03:43:31.979394: Epoch 56
2026-07-03 03:43:31.979519: Current learning rate: 0.00066
2026-07-03 03:44:06.602368: train_loss -0.6891
2026-07-03 03:44:06.602589: val_loss -0.6654
2026-07-03 03:44:06.602700: Pseudo dice [0.7478, 0.832, 0.7585]
2026-07-03 03:44:06.602794: Epoch time: 34.62 s
2026-07-03 03:44:06.602871: Yayy! New best EMA pseudo Dice: 0.7622
2026-07-03 03:44:07.850393: 
2026-07-03 03:44:07.850552: Epoch 57
2026-07-03 03:44:07.850672: Current learning rate: 0.00065
2026-07-03 03:44:42.553704: train_loss -0.6772
2026-07-03 03:44:42.553904: val_loss -0.5995
2026-07-03 03:44:42.554004: Pseudo dice [0.6079, 0.8354, 0.6671]
2026-07-03 03:44:42.554102: Epoch time: 34.7 s
2026-07-03 03:44:43.709915: 
2026-07-03 03:44:43.710083: Epoch 58
2026-07-03 03:44:43.710203: Current learning rate: 0.00064
2026-07-03 03:45:18.335068: train_loss -0.6831
2026-07-03 03:45:18.335281: val_loss -0.6349
2026-07-03 03:45:18.335392: Pseudo dice [0.7364, 0.8209, 0.7145]
2026-07-03 03:45:18.335484: Epoch time: 34.63 s
2026-07-03 03:45:19.504213: 
2026-07-03 03:45:19.504374: Epoch 59
2026-07-03 03:45:19.504493: Current learning rate: 0.00064
2026-07-03 03:45:54.137134: train_loss -0.6773
2026-07-03 03:45:54.137341: val_loss -0.686
2026-07-03 03:45:54.137449: Pseudo dice [0.7377, 0.8455, 0.7463]
2026-07-03 03:45:54.137542: Epoch time: 34.63 s
2026-07-03 03:45:55.464445: 
2026-07-03 03:45:55.464617: Epoch 60
2026-07-03 03:45:55.464740: Current learning rate: 0.00063
2026-07-03 03:46:30.107851: train_loss -0.6931
2026-07-03 03:46:30.108070: val_loss -0.6992
2026-07-03 03:46:30.108177: Pseudo dice [0.7337, 0.8525, 0.7711]
2026-07-03 03:46:30.108267: Epoch time: 34.64 s
2026-07-03 03:46:31.272540: 
2026-07-03 03:46:31.272702: Epoch 61
2026-07-03 03:46:31.272820: Current learning rate: 0.00063
2026-07-03 03:47:05.903147: train_loss -0.6846
2026-07-03 03:47:05.903361: val_loss -0.6755
2026-07-03 03:47:05.903467: Pseudo dice [0.7369, 0.8408, 0.7454]
2026-07-03 03:47:05.903560: Epoch time: 34.63 s
2026-07-03 03:47:05.903632: Yayy! New best EMA pseudo Dice: 0.7625
2026-07-03 03:47:07.157675: 
2026-07-03 03:47:07.157832: Epoch 62
2026-07-03 03:47:07.157952: Current learning rate: 0.00062
2026-07-03 03:47:41.877745: train_loss -0.6889
2026-07-03 03:47:41.877942: val_loss -0.6715
2026-07-03 03:47:41.878054: Pseudo dice [0.7444, 0.8196, 0.7542]
2026-07-03 03:47:41.878190: Epoch time: 34.72 s
2026-07-03 03:47:41.878267: Yayy! New best EMA pseudo Dice: 0.7635
2026-07-03 03:47:43.139950: 
2026-07-03 03:47:43.140124: Epoch 63
2026-07-03 03:47:43.140249: Current learning rate: 0.00061
2026-07-03 03:48:17.765547: train_loss -0.7052
2026-07-03 03:48:17.765755: val_loss -0.662
2026-07-03 03:48:17.765855: Pseudo dice [0.7449, 0.8323, 0.7536]
2026-07-03 03:48:17.765945: Epoch time: 34.63 s
2026-07-03 03:48:17.766023: Yayy! New best EMA pseudo Dice: 0.7648
2026-07-03 03:48:19.028260: 
2026-07-03 03:48:19.028424: Epoch 64
2026-07-03 03:48:19.028549: Current learning rate: 0.00061
2026-07-03 03:48:53.741592: train_loss -0.6894
2026-07-03 03:48:53.741789: val_loss -0.6481
2026-07-03 03:48:53.741892: Pseudo dice [0.7244, 0.8307, 0.7512]
2026-07-03 03:48:53.741981: Epoch time: 34.71 s
2026-07-03 03:48:53.742059: Yayy! New best EMA pseudo Dice: 0.7652
2026-07-03 03:48:55.001954: 
2026-07-03 03:48:55.002120: Epoch 65
2026-07-03 03:48:55.002241: Current learning rate: 0.0006
2026-07-03 03:49:29.630139: train_loss -0.6792
2026-07-03 03:49:29.630352: val_loss -0.6735
2026-07-03 03:49:29.630459: Pseudo dice [0.7374, 0.8335, 0.7501]
2026-07-03 03:49:29.630550: Epoch time: 34.63 s
2026-07-03 03:49:29.630623: Yayy! New best EMA pseudo Dice: 0.7661
2026-07-03 03:49:30.884722: 
2026-07-03 03:49:30.884884: Epoch 66
2026-07-03 03:49:30.885002: Current learning rate: 0.00059
2026-07-03 03:50:05.510207: train_loss -0.6852
2026-07-03 03:50:05.510405: val_loss -0.6658
2026-07-03 03:50:05.510517: Pseudo dice [0.7555, 0.8302, 0.731]
2026-07-03 03:50:05.510605: Epoch time: 34.63 s
2026-07-03 03:50:05.510680: Yayy! New best EMA pseudo Dice: 0.7667
2026-07-03 03:50:06.932953: 
2026-07-03 03:50:06.933123: Epoch 67
2026-07-03 03:50:06.933253: Current learning rate: 0.00059
2026-07-03 03:50:41.568299: train_loss -0.6969
2026-07-03 03:50:41.568515: val_loss -0.6701
2026-07-03 03:50:41.568621: Pseudo dice [0.7438, 0.8443, 0.742]
2026-07-03 03:50:41.568717: Epoch time: 34.64 s
2026-07-03 03:50:41.568792: Yayy! New best EMA pseudo Dice: 0.7677
2026-07-03 03:50:42.820905: 
2026-07-03 03:50:42.821079: Epoch 68
2026-07-03 03:50:42.821202: Current learning rate: 0.00058
2026-07-03 03:51:17.447828: train_loss -0.7149
2026-07-03 03:51:17.448049: val_loss -0.6735
2026-07-03 03:51:17.448155: Pseudo dice [0.7478, 0.8328, 0.7462]
2026-07-03 03:51:17.448244: Epoch time: 34.63 s
2026-07-03 03:51:17.448320: Yayy! New best EMA pseudo Dice: 0.7685
2026-07-03 03:51:18.925942: 
2026-07-03 03:51:18.926114: Epoch 69
2026-07-03 03:51:18.926237: Current learning rate: 0.00057
2026-07-03 03:51:53.575350: train_loss -0.71
2026-07-03 03:51:53.575570: val_loss -0.6934
2026-07-03 03:51:53.575677: Pseudo dice [0.7501, 0.8591, 0.7595]
2026-07-03 03:51:53.575768: Epoch time: 34.65 s
2026-07-03 03:51:53.575840: Yayy! New best EMA pseudo Dice: 0.7706
2026-07-03 03:51:54.824554: 
2026-07-03 03:51:54.824713: Epoch 70
2026-07-03 03:51:54.824838: Current learning rate: 0.00057
2026-07-03 03:52:29.455965: train_loss -0.7034
2026-07-03 03:52:29.456160: val_loss -0.6182
2026-07-03 03:52:29.456263: Pseudo dice [0.7172, 0.7856, 0.7346]
2026-07-03 03:52:29.456352: Epoch time: 34.63 s
2026-07-03 03:52:30.610472: 
2026-07-03 03:52:30.610661: Epoch 71
2026-07-03 03:52:30.610799: Current learning rate: 0.00056
2026-07-03 03:53:05.339948: train_loss -0.679
2026-07-03 03:53:05.340173: val_loss -0.663
2026-07-03 03:53:05.340279: Pseudo dice [0.7353, 0.836, 0.736]
2026-07-03 03:53:05.340373: Epoch time: 34.73 s
2026-07-03 03:53:06.491836: 
2026-07-03 03:53:06.491994: Epoch 72
2026-07-03 03:53:06.492119: Current learning rate: 0.00056
2026-07-03 03:53:41.126920: train_loss -0.7061
2026-07-03 03:53:41.127155: val_loss -0.6861
2026-07-03 03:53:41.127270: Pseudo dice [0.7491, 0.8312, 0.7631]
2026-07-03 03:53:41.127366: Epoch time: 34.64 s
2026-07-03 03:53:42.283647: 
2026-07-03 03:53:42.283852: Epoch 73
2026-07-03 03:53:42.283975: Current learning rate: 0.00055
2026-07-03 03:54:17.002087: train_loss -0.6963
2026-07-03 03:54:17.002279: val_loss -0.6918
2026-07-03 03:54:17.002381: Pseudo dice [0.7365, 0.8401, 0.7475]
2026-07-03 03:54:17.002469: Epoch time: 34.72 s
2026-07-03 03:54:18.155646: 
2026-07-03 03:54:18.155806: Epoch 74
2026-07-03 03:54:18.155925: Current learning rate: 0.00054
2026-07-03 03:54:52.788410: train_loss -0.7049
2026-07-03 03:54:52.788617: val_loss -0.6761
2026-07-03 03:54:52.788720: Pseudo dice [0.7466, 0.8499, 0.7418]
2026-07-03 03:54:52.788810: Epoch time: 34.63 s
2026-07-03 03:54:52.788879: Yayy! New best EMA pseudo Dice: 0.771
2026-07-03 03:54:54.033495: 
2026-07-03 03:54:54.033657: Epoch 75
2026-07-03 03:54:54.033780: Current learning rate: 0.00054
2026-07-03 03:55:28.667993: train_loss -0.6972
2026-07-03 03:55:28.668801: val_loss -0.6874
2026-07-03 03:55:28.668921: Pseudo dice [0.7522, 0.8291, 0.7711]
2026-07-03 03:55:28.669025: Epoch time: 34.64 s
2026-07-03 03:55:28.669105: Yayy! New best EMA pseudo Dice: 0.7723
2026-07-03 03:55:30.072801: 
2026-07-03 03:55:30.072980: Epoch 76
2026-07-03 03:55:30.073115: Current learning rate: 0.00053
2026-07-03 03:56:04.721087: train_loss -0.7142
2026-07-03 03:56:04.721307: val_loss -0.6917
2026-07-03 03:56:04.721416: Pseudo dice [0.7457, 0.85, 0.765]
2026-07-03 03:56:04.721513: Epoch time: 34.65 s
2026-07-03 03:56:04.721588: Yayy! New best EMA pseudo Dice: 0.7737
2026-07-03 03:56:05.965774: 
2026-07-03 03:56:05.965936: Epoch 77
2026-07-03 03:56:05.966063: Current learning rate: 0.00052
2026-07-03 03:56:40.592545: train_loss -0.7057
2026-07-03 03:56:40.592739: val_loss -0.7018
2026-07-03 03:56:40.592839: Pseudo dice [0.7598, 0.8624, 0.7759]
2026-07-03 03:56:40.592925: Epoch time: 34.63 s
2026-07-03 03:56:40.592999: Yayy! New best EMA pseudo Dice: 0.7763
2026-07-03 03:56:42.013418: 
2026-07-03 03:56:42.013583: Epoch 78
2026-07-03 03:56:42.013703: Current learning rate: 0.00052
2026-07-03 03:57:16.658929: train_loss -0.7056
2026-07-03 03:57:16.659173: val_loss -0.6789
2026-07-03 03:57:16.659273: Pseudo dice [0.7491, 0.8265, 0.7332]
2026-07-03 03:57:16.659365: Epoch time: 34.65 s
2026-07-03 03:57:17.832766: 
2026-07-03 03:57:17.832959: Epoch 79
2026-07-03 03:57:17.833098: Current learning rate: 0.00051
2026-07-03 03:57:52.473650: train_loss -0.7034
2026-07-03 03:57:52.473887: val_loss -0.7146
2026-07-03 03:57:52.473991: Pseudo dice [0.7463, 0.8585, 0.7804]
2026-07-03 03:57:52.474128: Epoch time: 34.64 s
2026-07-03 03:57:52.474206: Yayy! New best EMA pseudo Dice: 0.7776
2026-07-03 03:57:53.739221: 
2026-07-03 03:57:53.739380: Epoch 80
2026-07-03 03:57:53.739500: Current learning rate: 0.0005
2026-07-03 03:58:28.460545: train_loss -0.7178
2026-07-03 03:58:28.460780: val_loss -0.6833
2026-07-03 03:58:28.460884: Pseudo dice [0.7314, 0.8469, 0.7584]
2026-07-03 03:58:28.460979: Epoch time: 34.72 s
2026-07-03 03:58:28.461062: Yayy! New best EMA pseudo Dice: 0.7777
2026-07-03 03:58:29.722856: 
2026-07-03 03:58:29.723031: Epoch 81
2026-07-03 03:58:29.723154: Current learning rate: 0.0005
2026-07-03 03:59:04.351987: train_loss -0.709
2026-07-03 03:59:04.352182: val_loss -0.7076
2026-07-03 03:59:04.352284: Pseudo dice [0.747, 0.8493, 0.7694]
2026-07-03 03:59:04.352371: Epoch time: 34.63 s
2026-07-03 03:59:04.352442: Yayy! New best EMA pseudo Dice: 0.7788
2026-07-03 03:59:05.610523: 
2026-07-03 03:59:05.610685: Epoch 82
2026-07-03 03:59:05.610808: Current learning rate: 0.00049
2026-07-03 03:59:40.330410: train_loss -0.7122
2026-07-03 03:59:40.330608: val_loss -0.7022
2026-07-03 03:59:40.330709: Pseudo dice [0.7598, 0.8559, 0.7892]
2026-07-03 03:59:40.330797: Epoch time: 34.72 s
2026-07-03 03:59:40.330868: Yayy! New best EMA pseudo Dice: 0.7811
2026-07-03 03:59:41.554534: 
2026-07-03 03:59:41.554696: Epoch 83
2026-07-03 03:59:41.554823: Current learning rate: 0.00048
2026-07-03 04:00:16.194597: train_loss -0.7233
2026-07-03 04:00:16.194841: val_loss -0.7025
2026-07-03 04:00:16.194949: Pseudo dice [0.7557, 0.859, 0.7804]
2026-07-03 04:00:16.195055: Epoch time: 34.64 s
2026-07-03 04:00:16.195133: Yayy! New best EMA pseudo Dice: 0.7828
2026-07-03 04:00:17.417899: 
2026-07-03 04:00:17.418062: Epoch 84
2026-07-03 04:00:17.418185: Current learning rate: 0.00048
2026-07-03 04:00:52.129479: train_loss -0.7125
2026-07-03 04:00:52.129858: val_loss -0.6856
2026-07-03 04:00:52.129975: Pseudo dice [0.7471, 0.8513, 0.7602]
2026-07-03 04:00:52.130076: Epoch time: 34.71 s
2026-07-03 04:00:52.130152: Yayy! New best EMA pseudo Dice: 0.7831
2026-07-03 04:00:53.356687: 
2026-07-03 04:00:53.356847: Epoch 85
2026-07-03 04:00:53.356972: Current learning rate: 0.00047
2026-07-03 04:01:27.993497: train_loss -0.7215
2026-07-03 04:01:27.993741: val_loss -0.694
2026-07-03 04:01:27.993845: Pseudo dice [0.7524, 0.8621, 0.7739]
2026-07-03 04:01:27.993942: Epoch time: 34.64 s
2026-07-03 04:01:27.994024: Yayy! New best EMA pseudo Dice: 0.7844
2026-07-03 04:01:29.218944: 
2026-07-03 04:01:29.219111: Epoch 86
2026-07-03 04:01:29.219234: Current learning rate: 0.00046
2026-07-03 04:02:03.850418: train_loss -0.7117
2026-07-03 04:02:03.850657: val_loss -0.6386
2026-07-03 04:02:03.850766: Pseudo dice [0.7163, 0.8126, 0.7318]
2026-07-03 04:02:03.850864: Epoch time: 34.63 s
2026-07-03 04:02:05.145728: 
2026-07-03 04:02:05.145899: Epoch 87
2026-07-03 04:02:05.146026: Current learning rate: 0.00046
2026-07-03 04:02:39.801967: train_loss -0.7105
2026-07-03 04:02:39.802210: val_loss -0.6668
2026-07-03 04:02:39.802313: Pseudo dice [0.7403, 0.8353, 0.7513]
2026-07-03 04:02:39.802406: Epoch time: 34.66 s
2026-07-03 04:02:40.933102: 
2026-07-03 04:02:40.933264: Epoch 88
2026-07-03 04:02:40.933388: Current learning rate: 0.00045
2026-07-03 04:03:15.575295: train_loss -0.7281
2026-07-03 04:03:15.575544: val_loss -0.7187
2026-07-03 04:03:15.575649: Pseudo dice [0.7637, 0.8565, 0.7766]
2026-07-03 04:03:15.575745: Epoch time: 34.64 s
2026-07-03 04:03:16.706017: 
2026-07-03 04:03:16.706174: Epoch 89
2026-07-03 04:03:16.706294: Current learning rate: 0.00044
2026-07-03 04:03:51.437569: train_loss -0.7238
2026-07-03 04:03:51.437767: val_loss -0.7133
2026-07-03 04:03:51.437869: Pseudo dice [0.7585, 0.8592, 0.7794]
2026-07-03 04:03:51.437957: Epoch time: 34.73 s
2026-07-03 04:03:52.569146: 
2026-07-03 04:03:52.569312: Epoch 90
2026-07-03 04:03:52.569436: Current learning rate: 0.00044
2026-07-03 04:04:27.202042: train_loss -0.72
2026-07-03 04:04:27.202282: val_loss -0.7086
2026-07-03 04:04:27.202391: Pseudo dice [0.7611, 0.844, 0.7793]
2026-07-03 04:04:27.202484: Epoch time: 34.63 s
2026-07-03 04:04:27.202561: Yayy! New best EMA pseudo Dice: 0.7853
2026-07-03 04:04:28.427099: 
2026-07-03 04:04:28.427261: Epoch 91
2026-07-03 04:04:28.427385: Current learning rate: 0.00043
2026-07-03 04:05:03.069526: train_loss -0.7329
2026-07-03 04:05:03.069722: val_loss -0.7108
2026-07-03 04:05:03.069829: Pseudo dice [0.7647, 0.8503, 0.7734]
2026-07-03 04:05:03.069919: Epoch time: 34.64 s
2026-07-03 04:05:03.070000: Yayy! New best EMA pseudo Dice: 0.7864
2026-07-03 04:05:04.449148: 
2026-07-03 04:05:04.449359: Epoch 92
2026-07-03 04:05:04.449533: Current learning rate: 0.00043
2026-07-03 04:05:39.093950: train_loss -0.7226
2026-07-03 04:05:39.094168: val_loss -0.7108
2026-07-03 04:05:39.094275: Pseudo dice [0.7403, 0.8606, 0.764]
2026-07-03 04:05:39.094368: Epoch time: 34.65 s
2026-07-03 04:05:39.094441: Yayy! New best EMA pseudo Dice: 0.7866
2026-07-03 04:05:40.328457: 
2026-07-03 04:05:40.328621: Epoch 93
2026-07-03 04:05:40.328745: Current learning rate: 0.00042
2026-07-03 04:06:14.960221: train_loss -0.7314
2026-07-03 04:06:14.960452: val_loss -0.6542
2026-07-03 04:06:14.960560: Pseudo dice [0.7335, 0.8308, 0.7573]
2026-07-03 04:06:14.960656: Epoch time: 34.63 s
2026-07-03 04:06:16.107788: 
2026-07-03 04:06:16.107954: Epoch 94
2026-07-03 04:06:16.108099: Current learning rate: 0.00041
2026-07-03 04:06:50.838422: train_loss -0.7375
2026-07-03 04:06:50.838664: val_loss -0.7059
2026-07-03 04:06:50.838776: Pseudo dice [0.7468, 0.8459, 0.7621]
2026-07-03 04:06:50.838876: Epoch time: 34.73 s
2026-07-03 04:06:51.981529: 
2026-07-03 04:06:51.981689: Epoch 95
2026-07-03 04:06:51.981816: Current learning rate: 0.00041
2026-07-03 04:07:26.610616: train_loss -0.735
2026-07-03 04:07:26.610810: val_loss -0.6827
2026-07-03 04:07:26.610911: Pseudo dice [0.7641, 0.85, 0.7642]
2026-07-03 04:07:26.610999: Epoch time: 34.63 s
2026-07-03 04:07:27.745602: 
2026-07-03 04:07:27.745764: Epoch 96
2026-07-03 04:07:27.745884: Current learning rate: 0.0004
2026-07-03 04:08:02.459823: train_loss -0.7262
2026-07-03 04:08:02.460037: val_loss -0.6967
2026-07-03 04:08:02.460143: Pseudo dice [0.7678, 0.8453, 0.7655]
2026-07-03 04:08:02.460234: Epoch time: 34.72 s
2026-07-03 04:08:02.460305: Yayy! New best EMA pseudo Dice: 0.7867
2026-07-03 04:08:03.703467: 
2026-07-03 04:08:03.703632: Epoch 97
2026-07-03 04:08:03.703750: Current learning rate: 0.00039
2026-07-03 04:08:38.341693: train_loss -0.7345
2026-07-03 04:08:38.341930: val_loss -0.7094
2026-07-03 04:08:38.342043: Pseudo dice [0.7468, 0.8524, 0.7691]
2026-07-03 04:08:38.342138: Epoch time: 34.64 s
2026-07-03 04:08:38.342214: Yayy! New best EMA pseudo Dice: 0.787
2026-07-03 04:08:39.588414: 
2026-07-03 04:08:39.588577: Epoch 98
2026-07-03 04:08:39.588696: Current learning rate: 0.00039
2026-07-03 04:09:14.303311: train_loss -0.7259
2026-07-03 04:09:14.303510: val_loss -0.7017
2026-07-03 04:09:14.303612: Pseudo dice [0.7371, 0.8668, 0.7773]
2026-07-03 04:09:14.303698: Epoch time: 34.72 s
2026-07-03 04:09:14.303768: Yayy! New best EMA pseudo Dice: 0.7877
2026-07-03 04:09:15.547034: 
2026-07-03 04:09:15.547201: Epoch 99
2026-07-03 04:09:15.547320: Current learning rate: 0.00038
2026-07-03 04:09:50.193137: train_loss -0.73
2026-07-03 04:09:50.193371: val_loss -0.6914
2026-07-03 04:09:50.193475: Pseudo dice [0.7491, 0.86, 0.7687]
2026-07-03 04:09:50.193568: Epoch time: 34.65 s
2026-07-03 04:09:50.287824: Yayy! New best EMA pseudo Dice: 0.7881
2026-07-03 04:09:51.522566: 
2026-07-03 04:09:51.522732: Epoch 100
2026-07-03 04:09:51.522856: Current learning rate: 0.00037
2026-07-03 04:10:26.244812: train_loss -0.7321
2026-07-03 04:10:26.245022: val_loss -0.7185
2026-07-03 04:10:26.245144: Pseudo dice [0.7526, 0.8613, 0.7982]
2026-07-03 04:10:26.245236: Epoch time: 34.72 s
2026-07-03 04:10:26.245307: Yayy! New best EMA pseudo Dice: 0.7897
2026-07-03 04:10:27.484555: 
2026-07-03 04:10:27.484718: Epoch 101
2026-07-03 04:10:27.484838: Current learning rate: 0.00037
2026-07-03 04:11:02.129426: train_loss -0.7401
2026-07-03 04:11:02.129673: val_loss -0.7106
2026-07-03 04:11:02.129778: Pseudo dice [0.7628, 0.8349, 0.7666]
2026-07-03 04:11:02.129872: Epoch time: 34.65 s
2026-07-03 04:11:03.280993: 
2026-07-03 04:11:03.281166: Epoch 102
2026-07-03 04:11:03.281286: Current learning rate: 0.00036
2026-07-03 04:11:37.917805: train_loss -0.7306
2026-07-03 04:11:37.917992: val_loss -0.6953
2026-07-03 04:11:37.918100: Pseudo dice [0.7508, 0.8543, 0.7759]
2026-07-03 04:11:37.918189: Epoch time: 34.64 s
2026-07-03 04:11:37.918261: Yayy! New best EMA pseudo Dice: 0.79
2026-07-03 04:11:39.312634: 
2026-07-03 04:11:39.312796: Epoch 103
2026-07-03 04:11:39.312915: Current learning rate: 0.00035
2026-07-03 04:12:13.962345: train_loss -0.7409
2026-07-03 04:12:13.962576: val_loss -0.6899
2026-07-03 04:12:13.962684: Pseudo dice [0.7458, 0.8298, 0.7478]
2026-07-03 04:12:13.962779: Epoch time: 34.65 s
2026-07-03 04:12:15.104914: 
2026-07-03 04:12:15.105081: Epoch 104
2026-07-03 04:12:15.105200: Current learning rate: 0.00035
2026-07-03 04:12:49.741315: train_loss -0.7454
2026-07-03 04:12:49.741556: val_loss -0.6843
2026-07-03 04:12:49.741662: Pseudo dice [0.746, 0.8477, 0.7732]
2026-07-03 04:12:49.741755: Epoch time: 34.64 s
2026-07-03 04:12:50.883256: 
2026-07-03 04:12:50.883415: Epoch 105
2026-07-03 04:12:50.883533: Current learning rate: 0.00034
2026-07-03 04:13:25.614506: train_loss -0.7537
2026-07-03 04:13:25.614704: val_loss -0.674
2026-07-03 04:13:25.614808: Pseudo dice [0.7401, 0.8159, 0.7804]
2026-07-03 04:13:25.614896: Epoch time: 34.73 s
2026-07-03 04:13:26.760601: 
2026-07-03 04:13:26.760763: Epoch 106
2026-07-03 04:13:26.760888: Current learning rate: 0.00033
2026-07-03 04:14:01.394525: train_loss -0.7453
2026-07-03 04:14:01.394758: val_loss -0.7149
2026-07-03 04:14:01.394859: Pseudo dice [0.7437, 0.8544, 0.7703]
2026-07-03 04:14:01.394953: Epoch time: 34.64 s
2026-07-03 04:14:02.554355: 
2026-07-03 04:14:02.554610: Epoch 107
2026-07-03 04:14:02.554738: Current learning rate: 0.00032
2026-07-03 04:14:37.289892: train_loss -0.7496
2026-07-03 04:14:37.290102: val_loss -0.7069
2026-07-03 04:14:37.290207: Pseudo dice [0.7584, 0.8551, 0.7698]
2026-07-03 04:14:37.290293: Epoch time: 34.74 s
2026-07-03 04:14:38.445040: 
2026-07-03 04:14:38.445211: Epoch 108
2026-07-03 04:14:38.445339: Current learning rate: 0.00032
2026-07-03 04:15:13.092522: train_loss -0.7399
2026-07-03 04:15:13.092755: val_loss -0.6871
2026-07-03 04:15:13.092860: Pseudo dice [0.7382, 0.844, 0.7698]
2026-07-03 04:15:13.092953: Epoch time: 34.65 s
2026-07-03 04:15:14.252618: 
2026-07-03 04:15:14.252780: Epoch 109
2026-07-03 04:15:14.252903: Current learning rate: 0.00031
2026-07-03 04:15:48.892542: train_loss -0.7481
2026-07-03 04:15:48.892725: val_loss -0.7175
2026-07-03 04:15:48.892825: Pseudo dice [0.7619, 0.8588, 0.7697]
2026-07-03 04:15:48.892913: Epoch time: 34.64 s
2026-07-03 04:15:50.046451: 
2026-07-03 04:15:50.046631: Epoch 110
2026-07-03 04:15:50.046752: Current learning rate: 0.0003
2026-07-03 04:16:24.789318: train_loss -0.7358
2026-07-03 04:16:24.789561: val_loss -0.6687
2026-07-03 04:16:24.789667: Pseudo dice [0.7535, 0.852, 0.7484]
2026-07-03 04:16:24.789768: Epoch time: 34.74 s
2026-07-03 04:16:25.948574: 
2026-07-03 04:16:25.948740: Epoch 111
2026-07-03 04:16:25.948859: Current learning rate: 0.0003
2026-07-03 04:17:00.587606: train_loss -0.7513
2026-07-03 04:17:00.587852: val_loss -0.6962
2026-07-03 04:17:00.587960: Pseudo dice [0.7496, 0.8594, 0.777]
2026-07-03 04:17:00.588067: Epoch time: 34.64 s
2026-07-03 04:17:01.741891: 
2026-07-03 04:17:01.742059: Epoch 112
2026-07-03 04:17:01.742180: Current learning rate: 0.00029
2026-07-03 04:17:36.465669: train_loss -0.7465
2026-07-03 04:17:36.465858: val_loss -0.6839
2026-07-03 04:17:36.465959: Pseudo dice [0.7469, 0.8553, 0.758]
2026-07-03 04:17:36.466057: Epoch time: 34.73 s
2026-07-03 04:17:37.625712: 
2026-07-03 04:17:37.625932: Epoch 113
2026-07-03 04:17:37.626119: Current learning rate: 0.00028
2026-07-03 04:18:12.275746: train_loss -0.7424
2026-07-03 04:18:12.275946: val_loss -0.6979
2026-07-03 04:18:12.276064: Pseudo dice [0.7652, 0.8496, 0.746]
2026-07-03 04:18:12.276162: Epoch time: 34.65 s
2026-07-03 04:18:13.434394: 
2026-07-03 04:18:13.434557: Epoch 114
2026-07-03 04:18:13.434678: Current learning rate: 0.00028
2026-07-03 04:18:48.078341: train_loss -0.7455
2026-07-03 04:18:48.078583: val_loss -0.7148
2026-07-03 04:18:48.078689: Pseudo dice [0.7631, 0.8621, 0.7603]
2026-07-03 04:18:48.078784: Epoch time: 34.65 s
2026-07-03 04:18:49.397461: 
2026-07-03 04:18:49.397632: Epoch 115
2026-07-03 04:18:49.397753: Current learning rate: 0.00027
2026-07-03 04:19:24.054038: train_loss -0.7473
2026-07-03 04:19:24.054276: val_loss -0.6809
2026-07-03 04:19:24.054381: Pseudo dice [0.7498, 0.8525, 0.7536]
2026-07-03 04:19:24.054476: Epoch time: 34.66 s
2026-07-03 04:19:25.223715: 
2026-07-03 04:19:25.223879: Epoch 116
2026-07-03 04:19:25.224004: Current learning rate: 0.00026
2026-07-03 04:19:59.872542: train_loss -0.7607
2026-07-03 04:19:59.872781: val_loss -0.703
2026-07-03 04:19:59.872885: Pseudo dice [0.7655, 0.8539, 0.7728]
2026-07-03 04:19:59.872981: Epoch time: 34.65 s
2026-07-03 04:20:01.040760: 
2026-07-03 04:20:01.040921: Epoch 117
2026-07-03 04:20:01.041050: Current learning rate: 0.00026
2026-07-03 04:20:35.776509: train_loss -0.7496
2026-07-03 04:20:35.776743: val_loss -0.7324
2026-07-03 04:20:35.776846: Pseudo dice [0.7616, 0.8594, 0.7813]
2026-07-03 04:20:35.776937: Epoch time: 34.74 s
2026-07-03 04:20:35.777020: Yayy! New best EMA pseudo Dice: 0.7909
2026-07-03 04:20:37.037829: 
2026-07-03 04:20:37.038004: Epoch 118
2026-07-03 04:20:37.038141: Current learning rate: 0.00025
2026-07-03 04:21:11.679110: train_loss -0.7555
2026-07-03 04:21:11.679304: val_loss -0.7237
2026-07-03 04:21:11.679406: Pseudo dice [0.7674, 0.8663, 0.7772]
2026-07-03 04:21:11.679493: Epoch time: 34.64 s
2026-07-03 04:21:11.679566: Yayy! New best EMA pseudo Dice: 0.7922
2026-07-03 04:21:12.937162: 
2026-07-03 04:21:12.937324: Epoch 119
2026-07-03 04:21:12.937445: Current learning rate: 0.00024
2026-07-03 04:21:47.665866: train_loss -0.7565
2026-07-03 04:21:47.666091: val_loss -0.676
2026-07-03 04:21:47.666201: Pseudo dice [0.7421, 0.8471, 0.7589]
2026-07-03 04:21:47.666295: Epoch time: 34.73 s
2026-07-03 04:21:48.834291: 
2026-07-03 04:21:48.834456: Epoch 120
2026-07-03 04:21:48.834579: Current learning rate: 0.00023
2026-07-03 04:22:23.485378: train_loss -0.7555
2026-07-03 04:22:23.485622: val_loss -0.7185
2026-07-03 04:22:23.485725: Pseudo dice [0.7511, 0.8648, 0.7811]
2026-07-03 04:22:23.485823: Epoch time: 34.65 s
2026-07-03 04:22:24.666848: 
2026-07-03 04:22:24.667052: Epoch 121
2026-07-03 04:22:24.667198: Current learning rate: 0.00023
2026-07-03 04:22:59.319960: train_loss -0.7552
2026-07-03 04:22:59.320205: val_loss -0.6939
2026-07-03 04:22:59.320312: Pseudo dice [0.7627, 0.8593, 0.7631]
2026-07-03 04:22:59.320414: Epoch time: 34.65 s
2026-07-03 04:22:59.320489: Yayy! New best EMA pseudo Dice: 0.7923
2026-07-03 04:23:00.744163: 
2026-07-03 04:23:00.744322: Epoch 122
2026-07-03 04:23:00.744446: Current learning rate: 0.00022
2026-07-03 04:23:35.404786: train_loss -0.7587
2026-07-03 04:23:35.405037: val_loss -0.6982
2026-07-03 04:23:35.405143: Pseudo dice [0.7519, 0.8377, 0.777]
2026-07-03 04:23:35.405237: Epoch time: 34.66 s
2026-07-03 04:23:36.579321: 
2026-07-03 04:23:36.579482: Epoch 123
2026-07-03 04:23:36.579603: Current learning rate: 0.00021
2026-07-03 04:24:11.239588: train_loss -0.7473
2026-07-03 04:24:11.239823: val_loss -0.6969
2026-07-03 04:24:11.239929: Pseudo dice [0.7453, 0.8559, 0.768]
2026-07-03 04:24:11.240032: Epoch time: 34.66 s
2026-07-03 04:24:12.410923: 
2026-07-03 04:24:12.411093: Epoch 124
2026-07-03 04:24:12.411215: Current learning rate: 0.00021
2026-07-03 04:24:47.158307: train_loss -0.7528
2026-07-03 04:24:47.158553: val_loss -0.7088
2026-07-03 04:24:47.158657: Pseudo dice [0.7602, 0.857, 0.7771]
2026-07-03 04:24:47.158752: Epoch time: 34.75 s
2026-07-03 04:24:47.158826: Yayy! New best EMA pseudo Dice: 0.7924
2026-07-03 04:24:48.426463: 
2026-07-03 04:24:48.426625: Epoch 125
2026-07-03 04:24:48.426746: Current learning rate: 0.0002
2026-07-03 04:25:23.082505: train_loss -0.7654
2026-07-03 04:25:23.082743: val_loss -0.7217
2026-07-03 04:25:23.082848: Pseudo dice [0.7577, 0.8586, 0.788]
2026-07-03 04:25:23.082947: Epoch time: 34.66 s
2026-07-03 04:25:23.083027: Yayy! New best EMA pseudo Dice: 0.7933
2026-07-03 04:25:24.344194: 
2026-07-03 04:25:24.344356: Epoch 126
2026-07-03 04:25:24.344478: Current learning rate: 0.00019
2026-07-03 04:25:58.987160: train_loss -0.7584
2026-07-03 04:25:58.987356: val_loss -0.6667
2026-07-03 04:25:58.987456: Pseudo dice [0.7331, 0.8358, 0.7724]
2026-07-03 04:25:58.987545: Epoch time: 34.64 s
2026-07-03 04:26:00.307189: 
2026-07-03 04:26:00.307353: Epoch 127
2026-07-03 04:26:00.307473: Current learning rate: 0.00018
2026-07-03 04:26:34.957465: train_loss -0.7666
2026-07-03 04:26:34.957697: val_loss -0.7088
2026-07-03 04:26:34.957801: Pseudo dice [0.7639, 0.8566, 0.7692]
2026-07-03 04:26:34.957898: Epoch time: 34.65 s
2026-07-03 04:26:36.124165: 
2026-07-03 04:26:36.124320: Epoch 128
2026-07-03 04:26:36.124440: Current learning rate: 0.00018
2026-07-03 04:27:10.768968: train_loss -0.7633
2026-07-03 04:27:10.769209: val_loss -0.6892
2026-07-03 04:27:10.769314: Pseudo dice [0.7642, 0.8564, 0.7852]
2026-07-03 04:27:10.769414: Epoch time: 34.65 s
2026-07-03 04:27:10.769541: Yayy! New best EMA pseudo Dice: 0.7934
2026-07-03 04:27:12.200172: 
2026-07-03 04:27:12.200358: Epoch 129
2026-07-03 04:27:12.200481: Current learning rate: 0.00017
2026-07-03 04:27:46.864415: train_loss -0.7592
2026-07-03 04:27:46.864658: val_loss -0.6773
2026-07-03 04:27:46.864762: Pseudo dice [0.7634, 0.8263, 0.7444]
2026-07-03 04:27:46.864861: Epoch time: 34.67 s
2026-07-03 04:27:48.020584: 
2026-07-03 04:27:48.020748: Epoch 130
2026-07-03 04:27:48.020869: Current learning rate: 0.00016
2026-07-03 04:28:22.673850: train_loss -0.774
2026-07-03 04:28:22.674100: val_loss -0.6969
2026-07-03 04:28:22.674437: Pseudo dice [0.7645, 0.845, 0.7585]
2026-07-03 04:28:22.674551: Epoch time: 34.65 s
2026-07-03 04:28:23.833511: 
2026-07-03 04:28:23.833673: Epoch 131
2026-07-03 04:28:23.833796: Current learning rate: 0.00016
2026-07-03 04:28:58.579718: train_loss -0.7635
2026-07-03 04:28:58.579971: val_loss -0.6987
2026-07-03 04:28:58.580084: Pseudo dice [0.7625, 0.8497, 0.7654]
2026-07-03 04:28:58.580179: Epoch time: 34.75 s
2026-07-03 04:28:59.734116: 
2026-07-03 04:28:59.734280: Epoch 132
2026-07-03 04:28:59.734400: Current learning rate: 0.00015
2026-07-03 04:29:34.384291: train_loss -0.7522
2026-07-03 04:29:34.384490: val_loss -0.7013
2026-07-03 04:29:34.384598: Pseudo dice [0.7277, 0.8591, 0.7774]
2026-07-03 04:29:34.384688: Epoch time: 34.65 s
2026-07-03 04:29:35.538212: 
2026-07-03 04:29:35.538402: Epoch 133
2026-07-03 04:29:35.538531: Current learning rate: 0.00014
2026-07-03 04:30:10.187746: train_loss -0.7691
2026-07-03 04:30:10.187990: val_loss -0.6642
2026-07-03 04:30:10.188102: Pseudo dice [0.7645, 0.8333, 0.7452]
2026-07-03 04:30:10.188203: Epoch time: 34.65 s
2026-07-03 04:30:11.340067: 
2026-07-03 04:30:11.340230: Epoch 134
2026-07-03 04:30:11.340356: Current learning rate: 0.00013
2026-07-03 04:30:46.085856: train_loss -0.7706
2026-07-03 04:30:46.086104: val_loss -0.6989
2026-07-03 04:30:46.086210: Pseudo dice [0.7582, 0.8454, 0.7709]
2026-07-03 04:30:46.086307: Epoch time: 34.75 s
2026-07-03 04:30:47.250481: 
2026-07-03 04:30:47.250645: Epoch 135
2026-07-03 04:30:47.250767: Current learning rate: 0.00013
2026-07-03 04:31:21.892432: train_loss -0.7592
2026-07-03 04:31:21.892666: val_loss -0.7233
2026-07-03 04:31:21.892774: Pseudo dice [0.7674, 0.8666, 0.7896]
2026-07-03 04:31:21.892871: Epoch time: 34.64 s
2026-07-03 04:31:23.055063: 
2026-07-03 04:31:23.055220: Epoch 136
2026-07-03 04:31:23.055341: Current learning rate: 0.00012
2026-07-03 04:31:57.786726: train_loss -0.7723
2026-07-03 04:31:57.786965: val_loss -0.7121
2026-07-03 04:31:57.787081: Pseudo dice [0.7475, 0.8627, 0.7568]
2026-07-03 04:31:57.787175: Epoch time: 34.73 s
2026-07-03 04:31:58.954621: 
2026-07-03 04:31:58.954784: Epoch 137
2026-07-03 04:31:58.954910: Current learning rate: 0.00011
2026-07-03 04:32:33.599206: train_loss -0.7683
2026-07-03 04:32:33.599394: val_loss -0.7132
2026-07-03 04:32:33.599498: Pseudo dice [0.7561, 0.8475, 0.7895]
2026-07-03 04:32:33.599585: Epoch time: 34.65 s
2026-07-03 04:32:34.760749: 
2026-07-03 04:32:34.760905: Epoch 138
2026-07-03 04:32:34.761030: Current learning rate: 0.0001
2026-07-03 04:33:09.402793: train_loss -0.763
2026-07-03 04:33:09.403034: val_loss -0.7082
2026-07-03 04:33:09.403139: Pseudo dice [0.7519, 0.8555, 0.7644]
2026-07-03 04:33:09.403237: Epoch time: 34.64 s
2026-07-03 04:33:10.726857: 
2026-07-03 04:33:10.727032: Epoch 139
2026-07-03 04:33:10.727155: Current learning rate: 0.0001
2026-07-03 04:33:45.387856: train_loss -0.7666
2026-07-03 04:33:45.388110: val_loss -0.6919
2026-07-03 04:33:45.388219: Pseudo dice [0.7567, 0.8514, 0.7701]
2026-07-03 04:33:45.388316: Epoch time: 34.66 s
2026-07-03 04:33:46.556996: 
2026-07-03 04:33:46.557156: Epoch 140
2026-07-03 04:33:46.557281: Current learning rate: 9e-05
2026-07-03 04:34:21.214046: train_loss -0.7683
2026-07-03 04:34:21.214288: val_loss -0.709
2026-07-03 04:34:21.214389: Pseudo dice [0.76, 0.8526, 0.7655]
2026-07-03 04:34:21.214483: Epoch time: 34.66 s
2026-07-03 04:34:22.383308: 
2026-07-03 04:34:22.383471: Epoch 141
2026-07-03 04:34:22.383593: Current learning rate: 8e-05
2026-07-03 04:34:57.119785: train_loss -0.767
2026-07-03 04:34:57.119972: val_loss -0.674
2026-07-03 04:34:57.120082: Pseudo dice [0.7472, 0.842, 0.7581]
2026-07-03 04:34:57.120169: Epoch time: 34.74 s
2026-07-03 04:34:58.293914: 
2026-07-03 04:34:58.294126: Epoch 142
2026-07-03 04:34:58.294257: Current learning rate: 7e-05
2026-07-03 04:35:32.943835: train_loss -0.7783
2026-07-03 04:35:32.944044: val_loss -0.7021
2026-07-03 04:35:32.944147: Pseudo dice [0.7655, 0.8437, 0.7548]
2026-07-03 04:35:32.944238: Epoch time: 34.65 s
2026-07-03 04:35:34.105082: 
2026-07-03 04:35:34.105241: Epoch 143
2026-07-03 04:35:34.105361: Current learning rate: 6e-05
2026-07-03 04:36:08.754800: train_loss -0.7637
2026-07-03 04:36:08.755046: val_loss -0.6591
2026-07-03 04:36:08.755154: Pseudo dice [0.7504, 0.8328, 0.7591]
2026-07-03 04:36:08.755249: Epoch time: 34.65 s
2026-07-03 04:36:10.080273: 
2026-07-03 04:36:10.080437: Epoch 144
2026-07-03 04:36:10.080558: Current learning rate: 6e-05
2026-07-03 04:36:44.742714: train_loss -0.7662
2026-07-03 04:36:44.742950: val_loss -0.6854
2026-07-03 04:36:44.743069: Pseudo dice [0.7661, 0.8281, 0.7637]
2026-07-03 04:36:44.743166: Epoch time: 34.66 s
2026-07-03 04:36:45.910371: 
2026-07-03 04:36:45.910527: Epoch 145
2026-07-03 04:36:45.910647: Current learning rate: 5e-05
2026-07-03 04:37:20.565721: train_loss -0.7733
2026-07-03 04:37:20.565909: val_loss -0.7034
2026-07-03 04:37:20.566019: Pseudo dice [0.745, 0.8574, 0.781]
2026-07-03 04:37:20.566116: Epoch time: 34.66 s
2026-07-03 04:37:21.732932: 
2026-07-03 04:37:21.733103: Epoch 146
2026-07-03 04:37:21.733225: Current learning rate: 4e-05
2026-07-03 04:37:56.483219: train_loss -0.7691
2026-07-03 04:37:56.483426: val_loss -0.7105
2026-07-03 04:37:56.483526: Pseudo dice [0.7504, 0.8748, 0.7402]
2026-07-03 04:37:56.483618: Epoch time: 34.75 s
2026-07-03 04:37:57.646711: 
2026-07-03 04:37:57.646872: Epoch 147
2026-07-03 04:37:57.646994: Current learning rate: 3e-05
2026-07-03 04:38:32.299152: train_loss -0.7767
2026-07-03 04:38:32.299392: val_loss -0.6883
2026-07-03 04:38:32.299501: Pseudo dice [0.7501, 0.8334, 0.754]
2026-07-03 04:38:32.299596: Epoch time: 34.65 s
2026-07-03 04:38:33.474935: 
2026-07-03 04:38:33.475098: Epoch 148
2026-07-03 04:38:33.475219: Current learning rate: 2e-05
2026-07-03 04:39:08.128703: train_loss -0.7673
2026-07-03 04:39:08.128938: val_loss -0.6968
2026-07-03 04:39:08.129053: Pseudo dice [0.7534, 0.858, 0.7749]
2026-07-03 04:39:08.129153: Epoch time: 34.66 s
2026-07-03 04:39:09.467164: 
2026-07-03 04:39:09.467330: Epoch 149
2026-07-03 04:39:09.467456: Current learning rate: 1e-05
2026-07-03 04:39:44.135000: train_loss -0.7751
2026-07-03 04:39:44.135198: val_loss -0.6993
2026-07-03 04:39:44.135298: Pseudo dice [0.7647, 0.8481, 0.7763]
2026-07-03 04:39:44.135383: Epoch time: 34.67 s
2026-07-03 04:39:45.465889: Training done.
2026-07-03 04:39:45.466864: Skipping final validation (COMBO_SKIP_FINAL_VALIDATION=1)


=== AG1 [A] a3_g3 ===
skip=A3  ctx=G3
params:  0.877M  (+87.9% vs ENet baseline)
results: /home/yhussein/LightM-UNet/data/nnUNET_results/enet_combo_e150/AG1_a3_g3
command: nnUNetv2_train 501 2d 0 -tr nnUNetTrainerENetCombo
/home/yhussein/conda-envs/lightmunet/lib/python3.10/site-packages/monai/utils/module.py:396: UserWarning: pkg_resources is deprecated as an API. See https://setuptools.pypa.io/en/latest/pkg_resources.html. The pkg_resources package is slated for removal as early as 2025-11-30. Refrain from using this package or pin to Setuptools<81.
  pkg = __import__(module)  # top level module
Using device: cuda:0

#######################################################################
Please cite the following paper when using nnU-Net:
Isensee, F., Jaeger, P. F., Kohl, S. A., Petersen, J., & Maier-Hein, K. H. (2021). nnU-Net: a self-configuring method for deep learning-based biomedical image segmentation. Nature methods, 18(2), 203-211.
#######################################################################


This is the configuration used by this training:
Configuration name: 2d
 {'data_identifier': 'nnUNetPlans_2d', 'preprocessor_name': 'DefaultPreprocessor', 'batch_size': 4, 'patch_size': [512, 512], 'median_image_size_in_voxels': [512.0, 512.0], 'spacing': [1.0, 1.0], 'normalization_schemes': ['ZScoreNormalization'], 'use_mask_for_norm': [False], 'UNet_class_name': 'PlainConvUNet', 'UNet_base_num_features': 32, 'n_conv_per_stage_encoder': [2, 2, 2, 2, 2, 2, 2, 2], 'n_conv_per_stage_decoder': [2, 2, 2, 2, 2, 2, 2], 'num_pool_per_axis': [7, 7], 'pool_op_kernel_sizes': [[1, 1], [2, 2], [2, 2], [2, 2], [2, 2], [2, 2], [2, 2], [2, 2]], 'conv_kernel_sizes': [[3, 3], [3, 3], [3, 3], [3, 3], [3, 3], [3, 3], [3, 3], [3, 3]], 'unet_max_num_features': 512, 'resampling_fn_data': 'resample_data_or_seg_to_shape', 'resampling_fn_seg': 'resample_data_or_seg_to_shape', 'resampling_fn_data_kwargs': {'is_seg': False, 'order': 3, 'order_z': 0, 'force_separate_z': None}, 'resampling_fn_seg_kwargs': {'is_seg': True, 'order': 1, 'order_z': 0, 'force_separate_z': None}, 'resampling_fn_probabilities': 'resample_data_or_seg_to_shape', 'resampling_fn_probabilities_kwargs': {'is_seg': False, 'order': 1, 'order_z': 0, 'force_separate_z': None}, 'batch_dice': True} 

These are the global plan.json settings:
 {'dataset_name': 'Dataset501_ARCADE', 'plans_name': 'nnUNetPlans', 'original_median_spacing_after_transp': [999.0, 1.0, 1.0], 'original_median_shape_after_transp': [1, 512, 512], 'image_reader_writer': 'NaturalImage2DIO', 'transpose_forward': [0, 1, 2], 'transpose_backward': [0, 1, 2], 'experiment_planner_used': 'ExperimentPlanner', 'label_manager': 'LabelManager', 'foreground_intensity_properties_per_channel': {'0': {'max': 255.0, 'mean': 98.67886352539062, 'median': 96.0, 'min': 0.0, 'percentile_00_5': 32.0, 'percentile_99_5': 186.0, 'std': 31.84078025817871}}} 

2026-07-03 04:39:52.324691: unpacking dataset...
2026-07-03 04:39:56.251586: unpacking done...
2026-07-03 04:39:56.252031: do_dummy_2d_data_aug: False
2026-07-03 04:39:56.258275: Using splits from existing split file: /gpfs/home1/yhussein/LightM-UNet/data/nnUNet_preprocessed/Dataset501_ARCADE/splits_final.json
2026-07-03 04:39:56.258576: The split file contains 1 splits.
2026-07-03 04:39:56.258642: Desired fold for training: 0
2026-07-03 04:39:56.258696: This split has 1000 training and 200 validation cases.
2026-07-03 04:39:56.274860: Skipping architecture plot (COMBO_SKIP_ARCH_PLOT=1)
2026-07-03 04:39:56.283684: 
2026-07-03 04:39:56.283777: Epoch 0
2026-07-03 04:39:56.283884: Current learning rate: 0.001
using pin_memory on device 0
using pin_memory on device 0
2026-07-03 04:40:33.898511: train_loss 0.1931
2026-07-03 04:40:33.898789: val_loss -0.0734
2026-07-03 04:40:33.898902: Pseudo dice [0.0011, 0.4094, 0.1559]
2026-07-03 04:40:33.899009: Epoch time: 37.62 s
2026-07-03 04:40:33.899107: Yayy! New best EMA pseudo Dice: 0.1888
2026-07-03 04:40:34.980174: 
2026-07-03 04:40:34.980336: Epoch 1
2026-07-03 04:40:34.980461: Current learning rate: 0.00099
2026-07-03 04:41:09.649837: train_loss -0.1405
2026-07-03 04:41:09.650061: val_loss -0.2338
2026-07-03 04:41:09.650172: Pseudo dice [0.2359, 0.6043, 0.3242]
2026-07-03 04:41:09.650265: Epoch time: 34.67 s
2026-07-03 04:41:09.650340: Yayy! New best EMA pseudo Dice: 0.2087
2026-07-03 04:41:10.869348: 
2026-07-03 04:41:10.869514: Epoch 2
2026-07-03 04:41:10.869636: Current learning rate: 0.00099
2026-07-03 04:41:45.458282: train_loss -0.252
2026-07-03 04:41:45.458542: val_loss -0.326
2026-07-03 04:41:45.459205: Pseudo dice [0.4736, 0.7038, 0.3379]
2026-07-03 04:41:45.459320: Epoch time: 34.59 s
2026-07-03 04:41:45.459401: Yayy! New best EMA pseudo Dice: 0.2384
2026-07-03 04:41:46.724070: 
2026-07-03 04:41:46.724242: Epoch 3
2026-07-03 04:41:46.724378: Current learning rate: 0.00098
2026-07-03 04:42:21.316979: train_loss -0.3349
2026-07-03 04:42:21.317194: val_loss -0.3841
2026-07-03 04:42:21.317298: Pseudo dice [0.5505, 0.6662, 0.4517]
2026-07-03 04:42:21.317390: Epoch time: 34.59 s
2026-07-03 04:42:21.317459: Yayy! New best EMA pseudo Dice: 0.2701
2026-07-03 04:42:22.715701: 
2026-07-03 04:42:22.715857: Epoch 4
2026-07-03 04:42:22.715956: Current learning rate: 0.00098
2026-07-03 04:42:57.315915: train_loss -0.3882
2026-07-03 04:42:57.316157: val_loss -0.2804
2026-07-03 04:42:57.316264: Pseudo dice [0.3995, 0.6853, 0.2931]
2026-07-03 04:42:57.316356: Epoch time: 34.6 s
2026-07-03 04:42:57.316432: Yayy! New best EMA pseudo Dice: 0.2891
2026-07-03 04:42:58.574572: 
2026-07-03 04:42:58.574723: Epoch 5
2026-07-03 04:42:58.574821: Current learning rate: 0.00097
2026-07-03 04:43:33.171228: train_loss -0.4096
2026-07-03 04:43:33.171460: val_loss -0.4765
2026-07-03 04:43:33.171568: Pseudo dice [0.5843, 0.6956, 0.5864]
2026-07-03 04:43:33.171659: Epoch time: 34.6 s
2026-07-03 04:43:33.171730: Yayy! New best EMA pseudo Dice: 0.3224
2026-07-03 04:43:34.394359: 
2026-07-03 04:43:34.394522: Epoch 6
2026-07-03 04:43:34.394643: Current learning rate: 0.00096
2026-07-03 04:44:09.063286: train_loss -0.4518
2026-07-03 04:44:09.063516: val_loss -0.5172
2026-07-03 04:44:09.063619: Pseudo dice [0.5805, 0.7806, 0.6246]
2026-07-03 04:44:09.063710: Epoch time: 34.67 s
2026-07-03 04:44:09.063785: Yayy! New best EMA pseudo Dice: 0.3563
2026-07-03 04:44:10.295783: 
2026-07-03 04:44:10.295945: Epoch 7
2026-07-03 04:44:10.296073: Current learning rate: 0.00096
2026-07-03 04:44:44.881000: train_loss -0.4798
2026-07-03 04:44:44.881237: val_loss -0.3458
2026-07-03 04:44:44.881342: Pseudo dice [0.5271, 0.6582, 0.3668]
2026-07-03 04:44:44.881434: Epoch time: 34.59 s
2026-07-03 04:44:44.881513: Yayy! New best EMA pseudo Dice: 0.3724
2026-07-03 04:44:46.116683: 
2026-07-03 04:44:46.116840: Epoch 8
2026-07-03 04:44:46.116959: Current learning rate: 0.00095
2026-07-03 04:45:20.775490: train_loss -0.4969
2026-07-03 04:45:20.775694: val_loss -0.4748
2026-07-03 04:45:20.775803: Pseudo dice [0.6074, 0.7684, 0.518]
2026-07-03 04:45:20.775890: Epoch time: 34.66 s
2026-07-03 04:45:20.775963: Yayy! New best EMA pseudo Dice: 0.3983
2026-07-03 04:45:22.024667: 
2026-07-03 04:45:22.024826: Epoch 9
2026-07-03 04:45:22.024947: Current learning rate: 0.00095
2026-07-03 04:45:56.602986: train_loss -0.5157
2026-07-03 04:45:56.603225: val_loss -0.5642
2026-07-03 04:45:56.603333: Pseudo dice [0.6237, 0.7968, 0.6526]
2026-07-03 04:45:56.603429: Epoch time: 34.58 s
2026-07-03 04:45:56.603504: Yayy! New best EMA pseudo Dice: 0.4276
2026-07-03 04:45:57.828422: 
2026-07-03 04:45:57.828586: Epoch 10
2026-07-03 04:45:57.828706: Current learning rate: 0.00094
2026-07-03 04:46:32.494228: train_loss -0.5318
2026-07-03 04:46:32.494427: val_loss -0.5602
2026-07-03 04:46:32.494529: Pseudo dice [0.6478, 0.7789, 0.6428]
2026-07-03 04:46:32.494618: Epoch time: 34.67 s
2026-07-03 04:46:32.494727: Yayy! New best EMA pseudo Dice: 0.4538
2026-07-03 04:46:33.732774: 
2026-07-03 04:46:33.732936: Epoch 11
2026-07-03 04:46:33.733063: Current learning rate: 0.00093
2026-07-03 04:47:08.315919: train_loss -0.5369
2026-07-03 04:47:08.316160: val_loss -0.5761
2026-07-03 04:47:08.316265: Pseudo dice [0.654, 0.798, 0.6629]
2026-07-03 04:47:08.316359: Epoch time: 34.58 s
2026-07-03 04:47:08.316432: Yayy! New best EMA pseudo Dice: 0.4789
2026-07-03 04:47:09.548316: 
2026-07-03 04:47:09.548488: Epoch 12
2026-07-03 04:47:09.548610: Current learning rate: 0.00093
2026-07-03 04:47:44.207099: train_loss -0.5392
2026-07-03 04:47:44.207297: val_loss -0.5565
2026-07-03 04:47:44.207398: Pseudo dice [0.6141, 0.8029, 0.6342]
2026-07-03 04:47:44.207484: Epoch time: 34.66 s
2026-07-03 04:47:44.207554: Yayy! New best EMA pseudo Dice: 0.4994
2026-07-03 04:47:45.463849: 
2026-07-03 04:47:45.464017: Epoch 13
2026-07-03 04:47:45.464621: Current learning rate: 0.00092
2026-07-03 04:48:20.045571: train_loss -0.5706
2026-07-03 04:48:20.045801: val_loss -0.5719
2026-07-03 04:48:20.045905: Pseudo dice [0.6566, 0.7944, 0.6799]
2026-07-03 04:48:20.045996: Epoch time: 34.58 s
2026-07-03 04:48:20.046082: Yayy! New best EMA pseudo Dice: 0.5205
2026-07-03 04:48:21.299392: 
2026-07-03 04:48:21.299551: Epoch 14
2026-07-03 04:48:21.299674: Current learning rate: 0.00092
2026-07-03 04:48:55.876808: train_loss -0.5588
2026-07-03 04:48:55.877050: val_loss -0.6334
2026-07-03 04:48:55.877174: Pseudo dice [0.673, 0.837, 0.6947]
2026-07-03 04:48:55.877269: Epoch time: 34.58 s
2026-07-03 04:48:55.877346: Yayy! New best EMA pseudo Dice: 0.5419
2026-07-03 04:48:57.261758: 
2026-07-03 04:48:57.261917: Epoch 15
2026-07-03 04:48:57.262048: Current learning rate: 0.00091
2026-07-03 04:49:31.854022: train_loss -0.5736
2026-07-03 04:49:31.854261: val_loss -0.6195
2026-07-03 04:49:31.854368: Pseudo dice [0.6873, 0.8039, 0.7105]
2026-07-03 04:49:31.854463: Epoch time: 34.59 s
2026-07-03 04:49:31.854546: Yayy! New best EMA pseudo Dice: 0.5611
2026-07-03 04:49:33.086344: 
2026-07-03 04:49:33.086506: Epoch 16
2026-07-03 04:49:33.086629: Current learning rate: 0.0009
2026-07-03 04:50:07.672700: train_loss -0.57
2026-07-03 04:50:07.672927: val_loss -0.5663
2026-07-03 04:50:07.673038: Pseudo dice [0.6647, 0.7946, 0.6558]
2026-07-03 04:50:07.673133: Epoch time: 34.59 s
2026-07-03 04:50:07.673208: Yayy! New best EMA pseudo Dice: 0.5755
2026-07-03 04:50:09.143721: 
2026-07-03 04:50:09.143884: Epoch 17
2026-07-03 04:50:09.144018: Current learning rate: 0.0009
2026-07-03 04:50:43.745090: train_loss -0.5743
2026-07-03 04:50:43.745335: val_loss -0.6009
2026-07-03 04:50:43.745441: Pseudo dice [0.6701, 0.8065, 0.6865]
2026-07-03 04:50:43.745537: Epoch time: 34.6 s
2026-07-03 04:50:43.745614: Yayy! New best EMA pseudo Dice: 0.5901
2026-07-03 04:50:44.991435: 
2026-07-03 04:50:44.991591: Epoch 18
2026-07-03 04:50:44.991719: Current learning rate: 0.00089
2026-07-03 04:51:19.576468: train_loss -0.5785
2026-07-03 04:51:19.576700: val_loss -0.5907
2026-07-03 04:51:19.576806: Pseudo dice [0.6741, 0.7937, 0.6834]
2026-07-03 04:51:19.576900: Epoch time: 34.59 s
2026-07-03 04:51:19.576977: Yayy! New best EMA pseudo Dice: 0.6028
2026-07-03 04:51:20.824129: 
2026-07-03 04:51:20.824291: Epoch 19
2026-07-03 04:51:20.824414: Current learning rate: 0.00089
2026-07-03 04:51:55.499222: train_loss -0.5829
2026-07-03 04:51:55.499422: val_loss -0.6319
2026-07-03 04:51:55.499528: Pseudo dice [0.6994, 0.8119, 0.7088]
2026-07-03 04:51:55.499617: Epoch time: 34.68 s
2026-07-03 04:51:55.499735: Yayy! New best EMA pseudo Dice: 0.6165
2026-07-03 04:51:56.753068: 
2026-07-03 04:51:56.753273: Epoch 20
2026-07-03 04:51:56.753440: Current learning rate: 0.00088
2026-07-03 04:52:31.338866: train_loss -0.6197
2026-07-03 04:52:31.339071: val_loss -0.5611
2026-07-03 04:52:31.339176: Pseudo dice [0.6209, 0.7733, 0.6984]
2026-07-03 04:52:31.339267: Epoch time: 34.59 s
2026-07-03 04:52:31.339343: Yayy! New best EMA pseudo Dice: 0.6246
2026-07-03 04:52:32.595850: 
2026-07-03 04:52:32.596007: Epoch 21
2026-07-03 04:52:32.596143: Current learning rate: 0.00087
2026-07-03 04:53:07.257701: train_loss -0.6012
2026-07-03 04:53:07.257906: val_loss -0.6111
2026-07-03 04:53:07.258022: Pseudo dice [0.7026, 0.782, 0.6759]
2026-07-03 04:53:07.258116: Epoch time: 34.66 s
2026-07-03 04:53:07.258193: Yayy! New best EMA pseudo Dice: 0.6342
2026-07-03 04:53:08.466342: 
2026-07-03 04:53:08.466505: Epoch 22
2026-07-03 04:53:08.466626: Current learning rate: 0.00087
2026-07-03 04:53:43.053071: train_loss -0.6052
2026-07-03 04:53:43.053296: val_loss -0.6262
2026-07-03 04:53:43.053396: Pseudo dice [0.7043, 0.8272, 0.7226]
2026-07-03 04:53:43.053488: Epoch time: 34.59 s
2026-07-03 04:53:43.053561: Yayy! New best EMA pseudo Dice: 0.6459
2026-07-03 04:53:44.263954: 
2026-07-03 04:53:44.264118: Epoch 23
2026-07-03 04:53:44.264242: Current learning rate: 0.00086
2026-07-03 04:54:18.925389: train_loss -0.6047
2026-07-03 04:54:18.925586: val_loss -0.6077
2026-07-03 04:54:18.925689: Pseudo dice [0.7026, 0.8309, 0.6854]
2026-07-03 04:54:18.925778: Epoch time: 34.66 s
2026-07-03 04:54:18.925850: Yayy! New best EMA pseudo Dice: 0.6553
2026-07-03 04:54:20.143204: 
2026-07-03 04:54:20.143360: Epoch 24
2026-07-03 04:54:20.143487: Current learning rate: 0.00085
2026-07-03 04:54:54.728614: train_loss -0.6156
2026-07-03 04:54:54.728849: val_loss -0.6079
2026-07-03 04:54:54.728961: Pseudo dice [0.6833, 0.8112, 0.6787]
2026-07-03 04:54:54.729062: Epoch time: 34.59 s
2026-07-03 04:54:54.729141: Yayy! New best EMA pseudo Dice: 0.6622
2026-07-03 04:54:55.955379: 
2026-07-03 04:54:55.955542: Epoch 25
2026-07-03 04:54:55.955662: Current learning rate: 0.00085
2026-07-03 04:55:30.627221: train_loss -0.6237
2026-07-03 04:55:30.627417: val_loss -0.6355
2026-07-03 04:55:30.627517: Pseudo dice [0.7001, 0.8241, 0.7198]
2026-07-03 04:55:30.627604: Epoch time: 34.67 s
2026-07-03 04:55:30.627677: Yayy! New best EMA pseudo Dice: 0.6708
2026-07-03 04:55:31.845906: 
2026-07-03 04:55:31.846080: Epoch 26
2026-07-03 04:55:31.846209: Current learning rate: 0.00084
2026-07-03 04:56:06.432378: train_loss -0.6396
2026-07-03 04:56:06.432591: val_loss -0.6559
2026-07-03 04:56:06.432697: Pseudo dice [0.7256, 0.8203, 0.7197]
2026-07-03 04:56:06.432790: Epoch time: 34.59 s
2026-07-03 04:56:06.432862: Yayy! New best EMA pseudo Dice: 0.6792
2026-07-03 04:56:07.668594: 
2026-07-03 04:56:07.668760: Epoch 27
2026-07-03 04:56:07.668891: Current learning rate: 0.00084
2026-07-03 04:56:42.259161: train_loss -0.6246
2026-07-03 04:56:42.259363: val_loss -0.6194
2026-07-03 04:56:42.259467: Pseudo dice [0.713, 0.8246, 0.6803]
2026-07-03 04:56:42.259562: Epoch time: 34.59 s
2026-07-03 04:56:42.259633: Yayy! New best EMA pseudo Dice: 0.6852
2026-07-03 04:56:43.493764: 
2026-07-03 04:56:43.493925: Epoch 28
2026-07-03 04:56:43.494052: Current learning rate: 0.00083
2026-07-03 04:57:18.164611: train_loss -0.6241
2026-07-03 04:57:18.164820: val_loss -0.6333
2026-07-03 04:57:18.164927: Pseudo dice [0.6981, 0.8337, 0.6953]
2026-07-03 04:57:18.165028: Epoch time: 34.67 s
2026-07-03 04:57:18.165105: Yayy! New best EMA pseudo Dice: 0.6909
2026-07-03 04:57:19.397384: 
2026-07-03 04:57:19.397549: Epoch 29
2026-07-03 04:57:19.397672: Current learning rate: 0.00082
2026-07-03 04:57:53.985027: train_loss -0.645
2026-07-03 04:57:53.985244: val_loss -0.6358
2026-07-03 04:57:53.985351: Pseudo dice [0.7218, 0.8293, 0.7148]
2026-07-03 04:57:53.985447: Epoch time: 34.59 s
2026-07-03 04:57:53.985519: Yayy! New best EMA pseudo Dice: 0.6974
2026-07-03 04:57:55.222146: 
2026-07-03 04:57:55.222315: Epoch 30
2026-07-03 04:57:55.222437: Current learning rate: 0.00082
2026-07-03 04:58:29.887728: train_loss -0.6266
2026-07-03 04:58:29.887932: val_loss -0.6776
2026-07-03 04:58:29.888041: Pseudo dice [0.7248, 0.8422, 0.7398]
2026-07-03 04:58:29.888138: Epoch time: 34.67 s
2026-07-03 04:58:29.888212: Yayy! New best EMA pseudo Dice: 0.7045
2026-07-03 04:58:31.130260: 
2026-07-03 04:58:31.130428: Epoch 31
2026-07-03 04:58:31.130558: Current learning rate: 0.00081
2026-07-03 04:59:05.723355: train_loss -0.643
2026-07-03 04:59:05.723556: val_loss -0.6508
2026-07-03 04:59:05.723664: Pseudo dice [0.6972, 0.8221, 0.7216]
2026-07-03 04:59:05.723758: Epoch time: 34.59 s
2026-07-03 04:59:05.723833: Yayy! New best EMA pseudo Dice: 0.7088
2026-07-03 04:59:06.960886: 
2026-07-03 04:59:06.961053: Epoch 32
2026-07-03 04:59:06.961178: Current learning rate: 0.00081
2026-07-03 04:59:41.608501: train_loss -0.6546
2026-07-03 04:59:41.608713: val_loss -0.6799
2026-07-03 04:59:41.608821: Pseudo dice [0.7111, 0.8451, 0.7659]
2026-07-03 04:59:41.608919: Epoch time: 34.65 s
2026-07-03 04:59:41.608993: Yayy! New best EMA pseudo Dice: 0.7153
2026-07-03 04:59:42.863889: 
2026-07-03 04:59:42.864061: Epoch 33
2026-07-03 04:59:42.864185: Current learning rate: 0.0008
2026-07-03 05:00:17.458255: train_loss -0.6446
2026-07-03 05:00:17.459073: val_loss -0.6483
2026-07-03 05:00:17.459198: Pseudo dice [0.7316, 0.8182, 0.7279]
2026-07-03 05:00:17.459289: Epoch time: 34.6 s
2026-07-03 05:00:17.459365: Yayy! New best EMA pseudo Dice: 0.7197
2026-07-03 05:00:18.705244: 
2026-07-03 05:00:18.705409: Epoch 34
2026-07-03 05:00:18.705535: Current learning rate: 0.00079
2026-07-03 05:00:53.354079: train_loss -0.6566
2026-07-03 05:00:53.354278: val_loss -0.6175
2026-07-03 05:00:53.354382: Pseudo dice [0.7187, 0.8159, 0.7095]
2026-07-03 05:00:53.354474: Epoch time: 34.65 s
2026-07-03 05:00:53.354550: Yayy! New best EMA pseudo Dice: 0.7225
2026-07-03 05:00:54.590988: 
2026-07-03 05:00:54.591158: Epoch 35
2026-07-03 05:00:54.591278: Current learning rate: 0.00079
2026-07-03 05:01:29.177810: train_loss -0.6487
2026-07-03 05:01:29.178027: val_loss -0.6483
2026-07-03 05:01:29.178130: Pseudo dice [0.7079, 0.8299, 0.7035]
2026-07-03 05:01:29.178223: Epoch time: 34.59 s
2026-07-03 05:01:29.178295: Yayy! New best EMA pseudo Dice: 0.725
2026-07-03 05:01:30.417600: 
2026-07-03 05:01:30.417763: Epoch 36
2026-07-03 05:01:30.417887: Current learning rate: 0.00078
2026-07-03 05:02:05.073178: train_loss -0.6648
2026-07-03 05:02:05.073362: val_loss -0.6599
2026-07-03 05:02:05.073462: Pseudo dice [0.7345, 0.8093, 0.7196]
2026-07-03 05:02:05.073548: Epoch time: 34.66 s
2026-07-03 05:02:05.073618: Yayy! New best EMA pseudo Dice: 0.7279
2026-07-03 05:02:06.306436: 
2026-07-03 05:02:06.306594: Epoch 37
2026-07-03 05:02:06.306711: Current learning rate: 0.00077
2026-07-03 05:02:40.907186: train_loss -0.6523
2026-07-03 05:02:40.907387: val_loss -0.6165
2026-07-03 05:02:40.907489: Pseudo dice [0.7187, 0.8215, 0.7061]
2026-07-03 05:02:40.907583: Epoch time: 34.6 s
2026-07-03 05:02:40.907653: Yayy! New best EMA pseudo Dice: 0.73
2026-07-03 05:02:42.145048: 
2026-07-03 05:02:42.145204: Epoch 38
2026-07-03 05:02:42.145323: Current learning rate: 0.00077
2026-07-03 05:03:16.739793: train_loss -0.6699
2026-07-03 05:03:16.739993: val_loss -0.6656
2026-07-03 05:03:16.740104: Pseudo dice [0.724, 0.8531, 0.7236]
2026-07-03 05:03:16.740200: Epoch time: 34.6 s
2026-07-03 05:03:16.740272: Yayy! New best EMA pseudo Dice: 0.7337
2026-07-03 05:03:18.120822: 
2026-07-03 05:03:18.120988: Epoch 39
2026-07-03 05:03:18.121123: Current learning rate: 0.00076
2026-07-03 05:03:52.726383: train_loss -0.6821
2026-07-03 05:03:52.726588: val_loss -0.6645
2026-07-03 05:03:52.726693: Pseudo dice [0.7364, 0.8401, 0.7125]
2026-07-03 05:03:52.726787: Epoch time: 34.61 s
2026-07-03 05:03:52.726860: Yayy! New best EMA pseudo Dice: 0.7366
2026-07-03 05:03:53.973067: 
2026-07-03 05:03:53.973223: Epoch 40
2026-07-03 05:03:53.973343: Current learning rate: 0.00076
2026-07-03 05:04:28.573671: train_loss -0.6568
2026-07-03 05:04:28.573874: val_loss -0.6493
2026-07-03 05:04:28.573974: Pseudo dice [0.722, 0.8421, 0.7337]
2026-07-03 05:04:28.574079: Epoch time: 34.6 s
2026-07-03 05:04:28.574154: Yayy! New best EMA pseudo Dice: 0.7396
2026-07-03 05:04:29.969810: 
2026-07-03 05:04:29.969970: Epoch 41
2026-07-03 05:04:29.970103: Current learning rate: 0.00075
2026-07-03 05:05:04.587935: train_loss -0.6638
2026-07-03 05:05:04.588150: val_loss -0.6686
2026-07-03 05:05:04.588254: Pseudo dice [0.7385, 0.834, 0.7383]
2026-07-03 05:05:04.588518: Epoch time: 34.62 s
2026-07-03 05:05:04.588602: Yayy! New best EMA pseudo Dice: 0.7426
2026-07-03 05:05:05.803406: 
2026-07-03 05:05:05.803568: Epoch 42
2026-07-03 05:05:05.803689: Current learning rate: 0.00074
2026-07-03 05:05:40.409967: train_loss -0.6735
2026-07-03 05:05:40.410165: val_loss -0.6271
2026-07-03 05:05:40.410274: Pseudo dice [0.7218, 0.7954, 0.7014]
2026-07-03 05:05:40.410366: Epoch time: 34.61 s
2026-07-03 05:05:41.539168: 
2026-07-03 05:05:41.539330: Epoch 43
2026-07-03 05:05:41.539455: Current learning rate: 0.00074
2026-07-03 05:06:16.207996: train_loss -0.6732
2026-07-03 05:06:16.208212: val_loss -0.6467
2026-07-03 05:06:16.208322: Pseudo dice [0.7099, 0.8489, 0.6959]
2026-07-03 05:06:16.208418: Epoch time: 34.67 s
2026-07-03 05:06:16.208493: Yayy! New best EMA pseudo Dice: 0.7432
2026-07-03 05:06:17.432196: 
2026-07-03 05:06:17.432361: Epoch 44
2026-07-03 05:06:17.432489: Current learning rate: 0.00073
2026-07-03 05:06:52.029859: train_loss -0.6774
2026-07-03 05:06:52.030056: val_loss -0.6718
2026-07-03 05:06:52.030162: Pseudo dice [0.7246, 0.8346, 0.7423]
2026-07-03 05:06:52.030253: Epoch time: 34.6 s
2026-07-03 05:06:52.030325: Yayy! New best EMA pseudo Dice: 0.7456
2026-07-03 05:06:53.247190: 
2026-07-03 05:06:53.247390: Epoch 45
2026-07-03 05:06:53.247552: Current learning rate: 0.00073
2026-07-03 05:07:27.907714: train_loss -0.6608
2026-07-03 05:07:27.907900: val_loss -0.7061
2026-07-03 05:07:27.908001: Pseudo dice [0.7404, 0.8432, 0.7629]
2026-07-03 05:07:27.908097: Epoch time: 34.66 s
2026-07-03 05:07:27.908169: Yayy! New best EMA pseudo Dice: 0.7493
2026-07-03 05:07:29.126372: 
2026-07-03 05:07:29.126534: Epoch 46
2026-07-03 05:07:29.126655: Current learning rate: 0.00072
2026-07-03 05:08:03.718765: train_loss -0.6838
2026-07-03 05:08:03.719001: val_loss -0.6299
2026-07-03 05:08:03.719117: Pseudo dice [0.7241, 0.8324, 0.6954]
2026-07-03 05:08:03.719213: Epoch time: 34.59 s
2026-07-03 05:08:03.719284: Yayy! New best EMA pseudo Dice: 0.7494
2026-07-03 05:08:04.935475: 
2026-07-03 05:08:04.935638: Epoch 47
2026-07-03 05:08:04.935758: Current learning rate: 0.00071
2026-07-03 05:08:39.586644: train_loss -0.6728
2026-07-03 05:08:39.586835: val_loss -0.6835
2026-07-03 05:08:39.586933: Pseudo dice [0.7442, 0.8443, 0.7545]
2026-07-03 05:08:39.587023: Epoch time: 34.65 s
2026-07-03 05:08:39.587095: Yayy! New best EMA pseudo Dice: 0.7526
2026-07-03 05:08:40.802893: 
2026-07-03 05:08:40.803066: Epoch 48
2026-07-03 05:08:40.803193: Current learning rate: 0.00071
2026-07-03 05:09:15.396065: train_loss -0.6797
2026-07-03 05:09:15.396276: val_loss -0.6686
2026-07-03 05:09:15.396378: Pseudo dice [0.7459, 0.8362, 0.7293]
2026-07-03 05:09:15.396472: Epoch time: 34.59 s
2026-07-03 05:09:15.396544: Yayy! New best EMA pseudo Dice: 0.7544
2026-07-03 05:09:16.629418: 
2026-07-03 05:09:16.629584: Epoch 49
2026-07-03 05:09:16.629708: Current learning rate: 0.0007
2026-07-03 05:09:51.222789: train_loss -0.6937
2026-07-03 05:09:51.222991: val_loss -0.6679
2026-07-03 05:09:51.223102: Pseudo dice [0.736, 0.8477, 0.7077]
2026-07-03 05:09:51.223197: Epoch time: 34.59 s
2026-07-03 05:09:51.310038: Yayy! New best EMA pseudo Dice: 0.7553
2026-07-03 05:09:52.681358: 
2026-07-03 05:09:52.681519: Epoch 50
2026-07-03 05:09:52.681638: Current learning rate: 0.00069
2026-07-03 05:10:27.282541: train_loss -0.6872
2026-07-03 05:10:27.282741: val_loss -0.6544
2026-07-03 05:10:27.282843: Pseudo dice [0.7069, 0.8384, 0.7303]
2026-07-03 05:10:27.282936: Epoch time: 34.6 s
2026-07-03 05:10:27.283010: Yayy! New best EMA pseudo Dice: 0.7556
2026-07-03 05:10:28.512579: 
2026-07-03 05:10:28.512738: Epoch 51
2026-07-03 05:10:28.512855: Current learning rate: 0.00069
2026-07-03 05:11:03.109485: train_loss -0.6969
2026-07-03 05:11:03.109691: val_loss -0.6646
2026-07-03 05:11:03.109795: Pseudo dice [0.7482, 0.8306, 0.7318]
2026-07-03 05:11:03.109885: Epoch time: 34.6 s
2026-07-03 05:11:03.109958: Yayy! New best EMA pseudo Dice: 0.7571
2026-07-03 05:11:04.345844: 
2026-07-03 05:11:04.346008: Epoch 52
2026-07-03 05:11:04.346142: Current learning rate: 0.00068
2026-07-03 05:11:39.017608: train_loss -0.6944
2026-07-03 05:11:39.017862: val_loss -0.6736
2026-07-03 05:11:39.017966: Pseudo dice [0.7403, 0.8546, 0.7404]
2026-07-03 05:11:39.018065: Epoch time: 34.67 s
2026-07-03 05:11:39.018141: Yayy! New best EMA pseudo Dice: 0.7592
2026-07-03 05:11:40.248065: 
2026-07-03 05:11:40.248227: Epoch 53
2026-07-03 05:11:40.248352: Current learning rate: 0.00068
2026-07-03 05:12:14.845835: train_loss -0.6974
2026-07-03 05:12:14.846028: val_loss -0.6936
2026-07-03 05:12:14.846136: Pseudo dice [0.7381, 0.8419, 0.759]
2026-07-03 05:12:14.846228: Epoch time: 34.6 s
2026-07-03 05:12:14.846303: Yayy! New best EMA pseudo Dice: 0.7613
2026-07-03 05:12:16.079448: 
2026-07-03 05:12:16.079614: Epoch 54
2026-07-03 05:12:16.079735: Current learning rate: 0.00067
2026-07-03 05:12:50.746027: train_loss -0.6868
2026-07-03 05:12:50.746232: val_loss -0.6494
2026-07-03 05:12:50.746387: Pseudo dice [0.7149, 0.8364, 0.7179]
2026-07-03 05:12:50.746488: Epoch time: 34.67 s
2026-07-03 05:12:51.890877: 
2026-07-03 05:12:51.891046: Epoch 55
2026-07-03 05:12:51.891169: Current learning rate: 0.00066
2026-07-03 05:13:26.484334: train_loss -0.6916
2026-07-03 05:13:26.484560: val_loss -0.6487
2026-07-03 05:13:26.484660: Pseudo dice [0.7327, 0.8427, 0.714]
2026-07-03 05:13:26.484748: Epoch time: 34.59 s
2026-07-03 05:13:27.642248: 
2026-07-03 05:13:27.642431: Epoch 56
2026-07-03 05:13:27.642585: Current learning rate: 0.00066
2026-07-03 05:14:02.294863: train_loss -0.7
2026-07-03 05:14:02.295070: val_loss -0.6586
2026-07-03 05:14:02.295177: Pseudo dice [0.7312, 0.8487, 0.7137]
2026-07-03 05:14:02.295267: Epoch time: 34.65 s
2026-07-03 05:14:02.295338: Yayy! New best EMA pseudo Dice: 0.7614
2026-07-03 05:14:03.528653: 
2026-07-03 05:14:03.528818: Epoch 57
2026-07-03 05:14:03.528938: Current learning rate: 0.00065
2026-07-03 05:14:38.129230: train_loss -0.6979
2026-07-03 05:14:38.129468: val_loss -0.6508
2026-07-03 05:14:38.129576: Pseudo dice [0.7144, 0.8445, 0.7218]
2026-07-03 05:14:38.129673: Epoch time: 34.6 s
2026-07-03 05:14:39.287945: 
2026-07-03 05:14:39.288110: Epoch 58
2026-07-03 05:14:39.288234: Current learning rate: 0.00064
2026-07-03 05:15:13.885782: train_loss -0.7037
2026-07-03 05:15:13.886025: val_loss -0.6935
2026-07-03 05:15:13.886132: Pseudo dice [0.7625, 0.822, 0.7589]
2026-07-03 05:15:13.886230: Epoch time: 34.6 s
2026-07-03 05:15:13.886307: Yayy! New best EMA pseudo Dice: 0.7632
2026-07-03 05:15:15.278940: 
2026-07-03 05:15:15.279108: Epoch 59
2026-07-03 05:15:15.279228: Current learning rate: 0.00064
2026-07-03 05:15:49.891049: train_loss -0.7075
2026-07-03 05:15:49.891286: val_loss -0.6648
2026-07-03 05:15:49.891391: Pseudo dice [0.7398, 0.8107, 0.7319]
2026-07-03 05:15:49.891488: Epoch time: 34.61 s
2026-07-03 05:15:51.092931: 
2026-07-03 05:15:51.093098: Epoch 60
2026-07-03 05:15:51.093228: Current learning rate: 0.00063
2026-07-03 05:16:25.686373: train_loss -0.7068
2026-07-03 05:16:25.686616: val_loss -0.6819
2026-07-03 05:16:25.686724: Pseudo dice [0.7127, 0.8433, 0.7493]
2026-07-03 05:16:25.686818: Epoch time: 34.59 s
2026-07-03 05:16:25.686895: Yayy! New best EMA pseudo Dice: 0.7635
2026-07-03 05:16:26.935105: 
2026-07-03 05:16:26.935264: Epoch 61
2026-07-03 05:16:26.935389: Current learning rate: 0.00063
2026-07-03 05:17:01.627100: train_loss -0.7012
2026-07-03 05:17:01.627295: val_loss -0.6681
2026-07-03 05:17:01.627399: Pseudo dice [0.7457, 0.8351, 0.7594]
2026-07-03 05:17:01.627489: Epoch time: 34.69 s
2026-07-03 05:17:01.627558: Yayy! New best EMA pseudo Dice: 0.7652
2026-07-03 05:17:02.869566: 
2026-07-03 05:17:02.869731: Epoch 62
2026-07-03 05:17:02.869853: Current learning rate: 0.00062
2026-07-03 05:17:37.463518: train_loss -0.701
2026-07-03 05:17:37.463764: val_loss -0.7066
2026-07-03 05:17:37.463874: Pseudo dice [0.7575, 0.8531, 0.7559]
2026-07-03 05:17:37.463976: Epoch time: 34.6 s
2026-07-03 05:17:37.464063: Yayy! New best EMA pseudo Dice: 0.7676
2026-07-03 05:17:38.719567: 
2026-07-03 05:17:38.719852: Epoch 63
2026-07-03 05:17:38.719981: Current learning rate: 0.00061
2026-07-03 05:18:13.398127: train_loss -0.7164
2026-07-03 05:18:13.398371: val_loss -0.6509
2026-07-03 05:18:13.398482: Pseudo dice [0.7419, 0.8221, 0.7556]
2026-07-03 05:18:13.398578: Epoch time: 34.68 s
2026-07-03 05:18:13.398655: Yayy! New best EMA pseudo Dice: 0.7681
2026-07-03 05:18:14.646909: 
2026-07-03 05:18:14.647075: Epoch 64
2026-07-03 05:18:14.647194: Current learning rate: 0.00061
2026-07-03 05:18:49.240222: train_loss -0.7135
2026-07-03 05:18:49.240460: val_loss -0.6869
2026-07-03 05:18:49.240569: Pseudo dice [0.7426, 0.8419, 0.7557]
2026-07-03 05:18:49.240667: Epoch time: 34.59 s
2026-07-03 05:18:49.240746: Yayy! New best EMA pseudo Dice: 0.7693
2026-07-03 05:18:50.492711: 
2026-07-03 05:18:50.492874: Epoch 65
2026-07-03 05:18:50.492995: Current learning rate: 0.0006
2026-07-03 05:19:25.165229: train_loss -0.7124
2026-07-03 05:19:25.165466: val_loss -0.6834
2026-07-03 05:19:25.165569: Pseudo dice [0.7476, 0.842, 0.7677]
2026-07-03 05:19:25.165662: Epoch time: 34.67 s
2026-07-03 05:19:25.165738: Yayy! New best EMA pseudo Dice: 0.771
2026-07-03 05:19:26.415873: 
2026-07-03 05:19:26.416042: Epoch 66
2026-07-03 05:19:26.416168: Current learning rate: 0.00059
2026-07-03 05:20:01.020495: train_loss -0.7014
2026-07-03 05:20:01.020687: val_loss -0.6741
2026-07-03 05:20:01.020794: Pseudo dice [0.7462, 0.8578, 0.7564]
2026-07-03 05:20:01.020886: Epoch time: 34.61 s
2026-07-03 05:20:01.020961: Yayy! New best EMA pseudo Dice: 0.7725
2026-07-03 05:20:02.271192: 
2026-07-03 05:20:02.271420: Epoch 67
2026-07-03 05:20:02.271555: Current learning rate: 0.00059
2026-07-03 05:20:36.865340: train_loss -0.7085
2026-07-03 05:20:36.865535: val_loss -0.6524
2026-07-03 05:20:36.865646: Pseudo dice [0.7393, 0.8584, 0.7589]
2026-07-03 05:20:36.865738: Epoch time: 34.6 s
2026-07-03 05:20:36.865810: Yayy! New best EMA pseudo Dice: 0.7738
2026-07-03 05:20:38.266484: 
2026-07-03 05:20:38.266654: Epoch 68
2026-07-03 05:20:38.266778: Current learning rate: 0.00058
2026-07-03 05:21:12.876287: train_loss -0.7122
2026-07-03 05:21:12.876521: val_loss -0.6665
2026-07-03 05:21:12.876627: Pseudo dice [0.7486, 0.8513, 0.7631]
2026-07-03 05:21:12.876722: Epoch time: 34.61 s
2026-07-03 05:21:12.876795: Yayy! New best EMA pseudo Dice: 0.7752
2026-07-03 05:21:14.119007: 
2026-07-03 05:21:14.119175: Epoch 69
2026-07-03 05:21:14.119299: Current learning rate: 0.00057
2026-07-03 05:21:48.716615: train_loss -0.7269
2026-07-03 05:21:48.716851: val_loss -0.677
2026-07-03 05:21:48.716954: Pseudo dice [0.7536, 0.8334, 0.7161]
2026-07-03 05:21:48.717057: Epoch time: 34.6 s
2026-07-03 05:21:49.874519: 
2026-07-03 05:21:49.874680: Epoch 70
2026-07-03 05:21:49.874808: Current learning rate: 0.00057
2026-07-03 05:22:24.576121: train_loss -0.7276
2026-07-03 05:22:24.576353: val_loss -0.6888
2026-07-03 05:22:24.576459: Pseudo dice [0.7628, 0.8646, 0.736]
2026-07-03 05:22:24.576552: Epoch time: 34.7 s
2026-07-03 05:22:24.576628: Yayy! New best EMA pseudo Dice: 0.7758
2026-07-03 05:22:25.816236: 
2026-07-03 05:22:25.816407: Epoch 71
2026-07-03 05:22:25.816528: Current learning rate: 0.00056
2026-07-03 05:23:00.415857: train_loss -0.725
2026-07-03 05:23:00.416098: val_loss -0.6882
2026-07-03 05:23:00.416202: Pseudo dice [0.7519, 0.8587, 0.7651]
2026-07-03 05:23:00.416299: Epoch time: 34.6 s
2026-07-03 05:23:00.416377: Yayy! New best EMA pseudo Dice: 0.7774
2026-07-03 05:23:01.653324: 
2026-07-03 05:23:01.653484: Epoch 72
2026-07-03 05:23:01.653609: Current learning rate: 0.00056
2026-07-03 05:23:36.330109: train_loss -0.7316
2026-07-03 05:23:36.330355: val_loss -0.6868
2026-07-03 05:23:36.330462: Pseudo dice [0.7495, 0.8604, 0.7406]
2026-07-03 05:23:36.330560: Epoch time: 34.68 s
2026-07-03 05:23:36.330636: Yayy! New best EMA pseudo Dice: 0.778
2026-07-03 05:23:37.610041: 
2026-07-03 05:23:37.610208: Epoch 73
2026-07-03 05:23:37.610329: Current learning rate: 0.00055
2026-07-03 05:24:12.217031: train_loss -0.7284
2026-07-03 05:24:12.217274: val_loss -0.6789
2026-07-03 05:24:12.217379: Pseudo dice [0.7455, 0.859, 0.7114]
2026-07-03 05:24:12.217480: Epoch time: 34.61 s
2026-07-03 05:24:13.372089: 
2026-07-03 05:24:13.372259: Epoch 74
2026-07-03 05:24:13.372386: Current learning rate: 0.00054
2026-07-03 05:24:48.045977: train_loss -0.718
2026-07-03 05:24:48.046223: val_loss -0.6647
2026-07-03 05:24:48.046325: Pseudo dice [0.7404, 0.853, 0.7277]
2026-07-03 05:24:48.046421: Epoch time: 34.68 s
2026-07-03 05:24:49.199393: 
2026-07-03 05:24:49.199553: Epoch 75
2026-07-03 05:24:49.199673: Current learning rate: 0.00054
2026-07-03 05:25:23.805357: train_loss -0.7312
2026-07-03 05:25:23.806259: val_loss -0.693
2026-07-03 05:25:23.806380: Pseudo dice [0.7322, 0.8424, 0.7889]
2026-07-03 05:25:23.806481: Epoch time: 34.61 s
2026-07-03 05:25:23.806557: Yayy! New best EMA pseudo Dice: 0.7781
2026-07-03 05:25:25.042745: 
2026-07-03 05:25:25.042912: Epoch 76
2026-07-03 05:25:25.043048: Current learning rate: 0.00053
2026-07-03 05:25:59.639605: train_loss -0.7323
2026-07-03 05:25:59.639793: val_loss -0.7083
2026-07-03 05:25:59.639893: Pseudo dice [0.7572, 0.864, 0.7657]
2026-07-03 05:25:59.639982: Epoch time: 34.6 s
2026-07-03 05:25:59.640063: Yayy! New best EMA pseudo Dice: 0.7799
2026-07-03 05:26:01.025005: 
2026-07-03 05:26:01.025176: Epoch 77
2026-07-03 05:26:01.025303: Current learning rate: 0.00052
2026-07-03 05:26:35.629616: train_loss -0.7149
2026-07-03 05:26:35.629863: val_loss -0.6792
2026-07-03 05:26:35.629969: Pseudo dice [0.761, 0.8545, 0.7417]
2026-07-03 05:26:35.630078: Epoch time: 34.61 s
2026-07-03 05:26:35.630160: Yayy! New best EMA pseudo Dice: 0.7805
2026-07-03 05:26:36.885785: 
2026-07-03 05:26:36.885947: Epoch 78
2026-07-03 05:26:36.886076: Current learning rate: 0.00052
2026-07-03 05:27:11.486449: train_loss -0.7345
2026-07-03 05:27:11.486637: val_loss -0.6487
2026-07-03 05:27:11.486738: Pseudo dice [0.7551, 0.8463, 0.7314]
2026-07-03 05:27:11.486828: Epoch time: 34.6 s
2026-07-03 05:27:12.652582: 
2026-07-03 05:27:12.652746: Epoch 79
2026-07-03 05:27:12.652870: Current learning rate: 0.00051
2026-07-03 05:27:47.341805: train_loss -0.7474
2026-07-03 05:27:47.342049: val_loss -0.702
2026-07-03 05:27:47.342155: Pseudo dice [0.7662, 0.863, 0.7629]
2026-07-03 05:27:47.342250: Epoch time: 34.69 s
2026-07-03 05:27:47.342326: Yayy! New best EMA pseudo Dice: 0.7819
2026-07-03 05:27:48.594910: 
2026-07-03 05:27:48.595079: Epoch 80
2026-07-03 05:27:48.595204: Current learning rate: 0.0005
2026-07-03 05:28:23.201545: train_loss -0.7216
2026-07-03 05:28:23.201774: val_loss -0.7072
2026-07-03 05:28:23.201875: Pseudo dice [0.7553, 0.8642, 0.7668]
2026-07-03 05:28:23.201970: Epoch time: 34.61 s
2026-07-03 05:28:23.202054: Yayy! New best EMA pseudo Dice: 0.7832
2026-07-03 05:28:24.452375: 
2026-07-03 05:28:24.452536: Epoch 81
2026-07-03 05:28:24.452655: Current learning rate: 0.0005
2026-07-03 05:28:59.126337: train_loss -0.7369
2026-07-03 05:28:59.126570: val_loss -0.7011
2026-07-03 05:28:59.126671: Pseudo dice [0.7595, 0.8505, 0.7572]
2026-07-03 05:28:59.126764: Epoch time: 34.68 s
2026-07-03 05:28:59.126837: Yayy! New best EMA pseudo Dice: 0.7838
2026-07-03 05:29:00.372083: 
2026-07-03 05:29:00.372249: Epoch 82
2026-07-03 05:29:00.372370: Current learning rate: 0.00049
2026-07-03 05:29:34.985653: train_loss -0.737
2026-07-03 05:29:34.985893: val_loss -0.7056
2026-07-03 05:29:34.986000: Pseudo dice [0.7388, 0.8613, 0.7744]
2026-07-03 05:29:34.986107: Epoch time: 34.61 s
2026-07-03 05:29:34.986184: Yayy! New best EMA pseudo Dice: 0.7846
2026-07-03 05:29:36.204310: 
2026-07-03 05:29:36.204474: Epoch 83
2026-07-03 05:29:36.204602: Current learning rate: 0.00048
2026-07-03 05:30:10.884919: train_loss -0.7382
2026-07-03 05:30:10.885164: val_loss -0.6859
2026-07-03 05:30:10.885265: Pseudo dice [0.752, 0.8555, 0.7607]
2026-07-03 05:30:10.885358: Epoch time: 34.68 s
2026-07-03 05:30:10.885434: Yayy! New best EMA pseudo Dice: 0.7851
2026-07-03 05:30:12.097717: 
2026-07-03 05:30:12.097876: Epoch 84
2026-07-03 05:30:12.097998: Current learning rate: 0.00048
2026-07-03 05:30:46.703722: train_loss -0.7438
2026-07-03 05:30:46.703958: val_loss -0.6607
2026-07-03 05:30:46.704267: Pseudo dice [0.7546, 0.8499, 0.7354]
2026-07-03 05:30:46.704378: Epoch time: 34.61 s
2026-07-03 05:30:47.828183: 
2026-07-03 05:30:47.828342: Epoch 85
2026-07-03 05:30:47.828465: Current learning rate: 0.00047
2026-07-03 05:31:22.423640: train_loss -0.7352
2026-07-03 05:31:22.423873: val_loss -0.685
2026-07-03 05:31:22.423974: Pseudo dice [0.7485, 0.8537, 0.7551]
2026-07-03 05:31:22.424075: Epoch time: 34.6 s
2026-07-03 05:31:23.695782: 
2026-07-03 05:31:23.695944: Epoch 86
2026-07-03 05:31:23.696074: Current learning rate: 0.00046
2026-07-03 05:31:58.305235: train_loss -0.7324
2026-07-03 05:31:58.305478: val_loss -0.681
2026-07-03 05:31:58.305581: Pseudo dice [0.7372, 0.8616, 0.7518]
2026-07-03 05:31:58.305675: Epoch time: 34.61 s
2026-07-03 05:31:59.435168: 
2026-07-03 05:31:59.435327: Epoch 87
2026-07-03 05:31:59.435449: Current learning rate: 0.00046
2026-07-03 05:32:34.040778: train_loss -0.7413
2026-07-03 05:32:34.040963: val_loss -0.6964
2026-07-03 05:32:34.041076: Pseudo dice [0.7553, 0.8651, 0.7739]
2026-07-03 05:32:34.041169: Epoch time: 34.61 s
2026-07-03 05:32:34.041240: Yayy! New best EMA pseudo Dice: 0.7859
2026-07-03 05:32:35.256087: 
2026-07-03 05:32:35.256248: Epoch 88
2026-07-03 05:32:35.256374: Current learning rate: 0.00045
2026-07-03 05:33:09.937410: train_loss -0.7409
2026-07-03 05:33:09.937644: val_loss -0.6862
2026-07-03 05:33:09.937745: Pseudo dice [0.745, 0.8612, 0.7709]
2026-07-03 05:33:09.937840: Epoch time: 34.68 s
2026-07-03 05:33:09.937917: Yayy! New best EMA pseudo Dice: 0.7866
2026-07-03 05:33:11.151810: 
2026-07-03 05:33:11.151979: Epoch 89
2026-07-03 05:33:11.152110: Current learning rate: 0.00044
2026-07-03 05:33:45.761339: train_loss -0.7333
2026-07-03 05:33:45.761525: val_loss -0.6331
2026-07-03 05:33:45.761627: Pseudo dice [0.7353, 0.8511, 0.7216]
2026-07-03 05:33:45.761715: Epoch time: 34.61 s
2026-07-03 05:33:46.881938: 
2026-07-03 05:33:46.882107: Epoch 90
2026-07-03 05:33:46.882229: Current learning rate: 0.00044
2026-07-03 05:34:21.565281: train_loss -0.741
2026-07-03 05:34:21.565476: val_loss -0.7081
2026-07-03 05:34:21.565576: Pseudo dice [0.7583, 0.8653, 0.7588]
2026-07-03 05:34:21.565663: Epoch time: 34.68 s
2026-07-03 05:34:22.685325: 
2026-07-03 05:34:22.685486: Epoch 91
2026-07-03 05:34:22.685607: Current learning rate: 0.00043
2026-07-03 05:34:57.294765: train_loss -0.7472
2026-07-03 05:34:57.294996: val_loss -0.6946
2026-07-03 05:34:57.295108: Pseudo dice [0.7567, 0.8494, 0.7722]
2026-07-03 05:34:57.295205: Epoch time: 34.61 s
2026-07-03 05:34:58.424576: 
2026-07-03 05:34:58.424740: Epoch 92
2026-07-03 05:34:58.424868: Current learning rate: 0.00043
2026-07-03 05:35:33.034924: train_loss -0.7506
2026-07-03 05:35:33.035167: val_loss -0.6965
2026-07-03 05:35:33.035271: Pseudo dice [0.7638, 0.8546, 0.7538]
2026-07-03 05:35:33.035367: Epoch time: 34.61 s
2026-07-03 05:35:33.035441: Yayy! New best EMA pseudo Dice: 0.7869
2026-07-03 05:35:34.409768: 
2026-07-03 05:35:34.409932: Epoch 93
2026-07-03 05:35:34.410061: Current learning rate: 0.00042
2026-07-03 05:36:09.030817: train_loss -0.7486
2026-07-03 05:36:09.031071: val_loss -0.678
2026-07-03 05:36:09.031178: Pseudo dice [0.7433, 0.8451, 0.7573]
2026-07-03 05:36:09.031274: Epoch time: 34.62 s
2026-07-03 05:36:10.167338: 
2026-07-03 05:36:10.167497: Epoch 94
2026-07-03 05:36:10.167618: Current learning rate: 0.00041
2026-07-03 05:36:44.781554: train_loss -0.7559
2026-07-03 05:36:44.781795: val_loss -0.7106
2026-07-03 05:36:44.781900: Pseudo dice [0.7577, 0.8537, 0.7763]
2026-07-03 05:36:44.781999: Epoch time: 34.62 s
2026-07-03 05:36:44.782085: Yayy! New best EMA pseudo Dice: 0.7874
2026-07-03 05:36:46.011939: 
2026-07-03 05:36:46.012105: Epoch 95
2026-07-03 05:36:46.012231: Current learning rate: 0.00041
2026-07-03 05:37:20.697885: train_loss -0.7372
2026-07-03 05:37:20.698134: val_loss -0.6452
2026-07-03 05:37:20.698241: Pseudo dice [0.7358, 0.8386, 0.6992]
2026-07-03 05:37:20.698340: Epoch time: 34.69 s
2026-07-03 05:37:21.834649: 
2026-07-03 05:37:21.834801: Epoch 96
2026-07-03 05:37:21.834925: Current learning rate: 0.0004
2026-07-03 05:37:56.439782: train_loss -0.7512
2026-07-03 05:37:56.440028: val_loss -0.6805
2026-07-03 05:37:56.440134: Pseudo dice [0.7664, 0.8324, 0.7609]
2026-07-03 05:37:56.440230: Epoch time: 34.61 s
2026-07-03 05:37:57.584047: 
2026-07-03 05:37:57.584202: Epoch 97
2026-07-03 05:37:57.584322: Current learning rate: 0.00039
2026-07-03 05:38:32.192578: train_loss -0.757
2026-07-03 05:38:32.192768: val_loss -0.7074
2026-07-03 05:38:32.192877: Pseudo dice [0.7659, 0.8617, 0.7808]
2026-07-03 05:38:32.192968: Epoch time: 34.61 s
2026-07-03 05:38:33.489572: 
2026-07-03 05:38:33.489733: Epoch 98
2026-07-03 05:38:33.489855: Current learning rate: 0.00039
2026-07-03 05:39:08.107895: train_loss -0.7567
2026-07-03 05:39:08.108156: val_loss -0.6845
2026-07-03 05:39:08.108266: Pseudo dice [0.7463, 0.8578, 0.7738]
2026-07-03 05:39:08.108369: Epoch time: 34.62 s
2026-07-03 05:39:09.254017: 
2026-07-03 05:39:09.254177: Epoch 99
2026-07-03 05:39:09.254297: Current learning rate: 0.00038
2026-07-03 05:39:43.862853: train_loss -0.7548
2026-07-03 05:39:43.863087: val_loss -0.6799
2026-07-03 05:39:43.863192: Pseudo dice [0.7538, 0.8566, 0.7511]
2026-07-03 05:39:43.863287: Epoch time: 34.61 s
2026-07-03 05:39:45.098043: 
2026-07-03 05:39:45.098203: Epoch 100
2026-07-03 05:39:45.098324: Current learning rate: 0.00037
2026-07-03 05:40:19.797474: train_loss -0.7583
2026-07-03 05:40:19.797685: val_loss -0.7162
2026-07-03 05:40:19.797785: Pseudo dice [0.7637, 0.8705, 0.7703]
2026-07-03 05:40:19.797874: Epoch time: 34.7 s
2026-07-03 05:40:19.797948: Yayy! New best EMA pseudo Dice: 0.7885
2026-07-03 05:40:21.032500: 
2026-07-03 05:40:21.032664: Epoch 101
2026-07-03 05:40:21.032784: Current learning rate: 0.00037
2026-07-03 05:40:55.646969: train_loss -0.7496
2026-07-03 05:40:55.647217: val_loss -0.7052
2026-07-03 05:40:55.647324: Pseudo dice [0.7504, 0.853, 0.7853]
2026-07-03 05:40:55.647420: Epoch time: 34.62 s
2026-07-03 05:40:55.647496: Yayy! New best EMA pseudo Dice: 0.7893
2026-07-03 05:40:56.885314: 
2026-07-03 05:40:56.885473: Epoch 102
2026-07-03 05:40:56.885593: Current learning rate: 0.00036
2026-07-03 05:41:31.592097: train_loss -0.747
2026-07-03 05:41:31.592296: val_loss -0.7153
2026-07-03 05:41:31.592397: Pseudo dice [0.7668, 0.8601, 0.7791]
2026-07-03 05:41:31.592488: Epoch time: 34.71 s
2026-07-03 05:41:31.592560: Yayy! New best EMA pseudo Dice: 0.7906
2026-07-03 05:41:32.829491: 
2026-07-03 05:41:32.829653: Epoch 103
2026-07-03 05:41:32.829775: Current learning rate: 0.00035
2026-07-03 05:42:07.456930: train_loss -0.7457
2026-07-03 05:42:07.457185: val_loss -0.6759
2026-07-03 05:42:07.457293: Pseudo dice [0.7567, 0.8605, 0.7561]
2026-07-03 05:42:07.457386: Epoch time: 34.63 s
2026-07-03 05:42:07.457457: Yayy! New best EMA pseudo Dice: 0.7906
2026-07-03 05:42:08.698509: 
2026-07-03 05:42:08.698674: Epoch 104
2026-07-03 05:42:08.698799: Current learning rate: 0.00035
2026-07-03 05:42:43.330479: train_loss -0.7747
2026-07-03 05:42:43.330717: val_loss -0.6819
2026-07-03 05:42:43.330821: Pseudo dice [0.7505, 0.8409, 0.7529]
2026-07-03 05:42:43.330916: Epoch time: 34.63 s
2026-07-03 05:42:44.637194: 
2026-07-03 05:42:44.637359: Epoch 105
2026-07-03 05:42:44.637482: Current learning rate: 0.00034
2026-07-03 05:43:19.277466: train_loss -0.7679
2026-07-03 05:43:19.277699: val_loss -0.7069
2026-07-03 05:43:19.277804: Pseudo dice [0.7664, 0.8453, 0.7787]
2026-07-03 05:43:19.277901: Epoch time: 34.64 s
2026-07-03 05:43:20.423071: 
2026-07-03 05:43:20.423238: Epoch 106
2026-07-03 05:43:20.423359: Current learning rate: 0.00033
2026-07-03 05:43:55.052856: train_loss -0.7561
2026-07-03 05:43:55.053090: val_loss -0.6966
2026-07-03 05:43:55.053192: Pseudo dice [0.764, 0.8583, 0.7544]
2026-07-03 05:43:55.053289: Epoch time: 34.63 s
2026-07-03 05:43:56.205617: 
2026-07-03 05:43:56.205774: Epoch 107
2026-07-03 05:43:56.205894: Current learning rate: 0.00032
2026-07-03 05:44:30.911310: train_loss -0.761
2026-07-03 05:44:30.911550: val_loss -0.7017
2026-07-03 05:44:30.911655: Pseudo dice [0.7542, 0.8453, 0.7479]
2026-07-03 05:44:30.911958: Epoch time: 34.71 s
2026-07-03 05:44:32.063178: 
2026-07-03 05:44:32.063339: Epoch 108
2026-07-03 05:44:32.063464: Current learning rate: 0.00032
2026-07-03 05:45:06.681746: train_loss -0.7636
2026-07-03 05:45:06.681931: val_loss -0.7075
2026-07-03 05:45:06.682043: Pseudo dice [0.7537, 0.8646, 0.7572]
2026-07-03 05:45:06.682133: Epoch time: 34.62 s
2026-07-03 05:45:07.834306: 
2026-07-03 05:45:07.834535: Epoch 109
2026-07-03 05:45:07.834722: Current learning rate: 0.00031
2026-07-03 05:45:42.452604: train_loss -0.7672
2026-07-03 05:45:42.452796: val_loss -0.7001
2026-07-03 05:45:42.452901: Pseudo dice [0.7488, 0.8382, 0.7794]
2026-07-03 05:45:42.452992: Epoch time: 34.62 s
2026-07-03 05:45:43.755971: 
2026-07-03 05:45:43.756140: Epoch 110
2026-07-03 05:45:43.756260: Current learning rate: 0.0003
2026-07-03 05:46:18.388238: train_loss -0.7678
2026-07-03 05:46:18.388480: val_loss -0.7034
2026-07-03 05:46:18.388585: Pseudo dice [0.7483, 0.851, 0.7684]
2026-07-03 05:46:18.388680: Epoch time: 34.63 s
2026-07-03 05:46:19.542283: 
2026-07-03 05:46:19.542448: Epoch 111
2026-07-03 05:46:19.542572: Current learning rate: 0.0003
2026-07-03 05:46:54.169502: train_loss -0.7566
2026-07-03 05:46:54.169735: val_loss -0.6926
2026-07-03 05:46:54.169842: Pseudo dice [0.727, 0.8433, 0.7693]
2026-07-03 05:46:54.169940: Epoch time: 34.63 s
2026-07-03 05:46:55.317496: 
2026-07-03 05:46:55.317655: Epoch 112
2026-07-03 05:46:55.317778: Current learning rate: 0.00029
2026-07-03 05:47:30.031852: train_loss -0.7677
2026-07-03 05:47:30.032063: val_loss -0.7075
2026-07-03 05:47:30.032167: Pseudo dice [0.7642, 0.8615, 0.7587]
2026-07-03 05:47:30.032259: Epoch time: 34.72 s
2026-07-03 05:47:31.182838: 
2026-07-03 05:47:31.183018: Epoch 113
2026-07-03 05:47:31.183142: Current learning rate: 0.00028
2026-07-03 05:48:05.804747: train_loss -0.7648
2026-07-03 05:48:05.804983: val_loss -0.6803
2026-07-03 05:48:05.805093: Pseudo dice [0.7462, 0.8463, 0.7385]
2026-07-03 05:48:05.805190: Epoch time: 34.62 s
2026-07-03 05:48:06.958188: 
2026-07-03 05:48:06.958348: Epoch 114
2026-07-03 05:48:06.958470: Current learning rate: 0.00028
2026-07-03 05:48:41.580910: train_loss -0.7721
2026-07-03 05:48:41.581164: val_loss -0.7034
2026-07-03 05:48:41.581275: Pseudo dice [0.7543, 0.868, 0.7695]
2026-07-03 05:48:41.581375: Epoch time: 34.62 s
2026-07-03 05:48:42.882267: 
2026-07-03 05:48:42.882427: Epoch 115
2026-07-03 05:48:42.882548: Current learning rate: 0.00027
2026-07-03 05:49:17.510262: train_loss -0.762
2026-07-03 05:49:17.510471: val_loss -0.6906
2026-07-03 05:49:17.510574: Pseudo dice [0.7583, 0.8663, 0.7474]
2026-07-03 05:49:17.510669: Epoch time: 34.63 s
2026-07-03 05:49:18.675754: 
2026-07-03 05:49:18.675922: Epoch 116
2026-07-03 05:49:18.676053: Current learning rate: 0.00026
2026-07-03 05:49:53.305626: train_loss -0.7745
2026-07-03 05:49:53.305829: val_loss -0.6936
2026-07-03 05:49:53.305934: Pseudo dice [0.7453, 0.8379, 0.7753]
2026-07-03 05:49:53.306034: Epoch time: 34.63 s
2026-07-03 05:49:54.472395: 
2026-07-03 05:49:54.472561: Epoch 117
2026-07-03 05:49:54.472684: Current learning rate: 0.00026
2026-07-03 05:50:29.172173: train_loss -0.7736
2026-07-03 05:50:29.172388: val_loss -0.6836
2026-07-03 05:50:29.172492: Pseudo dice [0.7533, 0.844, 0.7637]
2026-07-03 05:50:29.172583: Epoch time: 34.7 s
2026-07-03 05:50:30.330347: 
2026-07-03 05:50:30.330512: Epoch 118
2026-07-03 05:50:30.330631: Current learning rate: 0.00025
2026-07-03 05:51:04.955331: train_loss -0.774
2026-07-03 05:51:04.955540: val_loss -0.6977
2026-07-03 05:51:04.955642: Pseudo dice [0.7541, 0.8619, 0.7649]
2026-07-03 05:51:04.955735: Epoch time: 34.63 s
2026-07-03 05:51:06.117909: 
2026-07-03 05:51:06.118076: Epoch 119
2026-07-03 05:51:06.118199: Current learning rate: 0.00024
2026-07-03 05:51:40.805905: train_loss -0.7746
2026-07-03 05:51:40.806111: val_loss -0.696
2026-07-03 05:51:40.806213: Pseudo dice [0.7681, 0.8483, 0.7414]
2026-07-03 05:51:40.806301: Epoch time: 34.69 s
2026-07-03 05:51:41.962847: 
2026-07-03 05:51:41.963023: Epoch 120
2026-07-03 05:51:41.963153: Current learning rate: 0.00023
2026-07-03 05:52:16.583507: train_loss -0.772
2026-07-03 05:52:16.583717: val_loss -0.694
2026-07-03 05:52:16.583821: Pseudo dice [0.7507, 0.8611, 0.7501]
2026-07-03 05:52:16.584535: Epoch time: 34.62 s
2026-07-03 05:52:17.747003: 
2026-07-03 05:52:17.747172: Epoch 121
2026-07-03 05:52:17.747329: Current learning rate: 0.00023
2026-07-03 05:52:52.375004: train_loss -0.7769
2026-07-03 05:52:52.375219: val_loss -0.7052
2026-07-03 05:52:52.375362: Pseudo dice [0.7477, 0.8766, 0.7631]
2026-07-03 05:52:52.375455: Epoch time: 34.63 s
2026-07-03 05:52:53.541893: 
2026-07-03 05:52:53.542065: Epoch 122
2026-07-03 05:52:53.542186: Current learning rate: 0.00022
2026-07-03 05:53:28.237961: train_loss -0.7862
2026-07-03 05:53:28.238184: val_loss -0.6826
2026-07-03 05:53:28.238285: Pseudo dice [0.7689, 0.8599, 0.759]
2026-07-03 05:53:28.238378: Epoch time: 34.7 s
2026-07-03 05:53:29.402461: 
2026-07-03 05:53:29.402623: Epoch 123
2026-07-03 05:53:29.402747: Current learning rate: 0.00021
2026-07-03 05:54:04.032221: train_loss -0.7777
2026-07-03 05:54:04.032437: val_loss -0.6826
2026-07-03 05:54:04.032549: Pseudo dice [0.7583, 0.8509, 0.7764]
2026-07-03 05:54:04.032649: Epoch time: 34.63 s
2026-07-03 05:54:05.199440: 
2026-07-03 05:54:05.199600: Epoch 124
2026-07-03 05:54:05.199719: Current learning rate: 0.00021
2026-07-03 05:54:39.893445: train_loss -0.7804
2026-07-03 05:54:39.893653: val_loss -0.658
2026-07-03 05:54:39.893753: Pseudo dice [0.747, 0.8516, 0.7515]
2026-07-03 05:54:39.893843: Epoch time: 34.7 s
2026-07-03 05:54:41.062101: 
2026-07-03 05:54:41.062258: Epoch 125
2026-07-03 05:54:41.062383: Current learning rate: 0.0002
2026-07-03 05:55:15.685750: train_loss -0.7766
2026-07-03 05:55:15.685941: val_loss -0.6923
2026-07-03 05:55:15.686049: Pseudo dice [0.7474, 0.8502, 0.759]
2026-07-03 05:55:15.686139: Epoch time: 34.62 s
2026-07-03 05:55:16.853935: 
2026-07-03 05:55:16.854105: Epoch 126
2026-07-03 05:55:16.854227: Current learning rate: 0.00019
2026-07-03 05:55:51.482720: train_loss -0.7768
2026-07-03 05:55:51.482935: val_loss -0.6759
2026-07-03 05:55:51.483045: Pseudo dice [0.7539, 0.8539, 0.7326]
2026-07-03 05:55:51.483140: Epoch time: 34.63 s
2026-07-03 05:55:52.795597: 
2026-07-03 05:55:52.795764: Epoch 127
2026-07-03 05:55:52.795886: Current learning rate: 0.00018
2026-07-03 05:56:27.435785: train_loss -0.7746
2026-07-03 05:56:27.436007: val_loss -0.7006
2026-07-03 05:56:27.436126: Pseudo dice [0.755, 0.8509, 0.7696]
2026-07-03 05:56:27.436218: Epoch time: 34.64 s
2026-07-03 05:56:28.605658: 
2026-07-03 05:56:28.605820: Epoch 128
2026-07-03 05:56:28.605939: Current learning rate: 0.00018
2026-07-03 05:57:03.241598: train_loss -0.7786
2026-07-03 05:57:03.241806: val_loss -0.681
2026-07-03 05:57:03.241906: Pseudo dice [0.7489, 0.8559, 0.7516]
2026-07-03 05:57:03.241998: Epoch time: 34.64 s
2026-07-03 05:57:04.410963: 
2026-07-03 05:57:04.411130: Epoch 129
2026-07-03 05:57:04.411252: Current learning rate: 0.00017
2026-07-03 05:57:39.121766: train_loss -0.7749
2026-07-03 05:57:39.121979: val_loss -0.7125
2026-07-03 05:57:39.122097: Pseudo dice [0.7606, 0.8495, 0.7888]
2026-07-03 05:57:39.122192: Epoch time: 34.71 s
2026-07-03 05:57:40.269330: 
2026-07-03 05:57:40.269495: Epoch 130
2026-07-03 05:57:40.269612: Current learning rate: 0.00016
2026-07-03 05:58:14.894042: train_loss -0.7863
2026-07-03 05:58:14.894235: val_loss -0.6983
2026-07-03 05:58:14.894336: Pseudo dice [0.7595, 0.8559, 0.7579]
2026-07-03 05:58:14.894425: Epoch time: 34.63 s
2026-07-03 05:58:16.045234: 
2026-07-03 05:58:16.045418: Epoch 131
2026-07-03 05:58:16.045590: Current learning rate: 0.00016
2026-07-03 05:58:50.670448: train_loss -0.7871
2026-07-03 05:58:50.670645: val_loss -0.7205
2026-07-03 05:58:50.670746: Pseudo dice [0.775, 0.8629, 0.7817]
2026-07-03 05:58:50.670836: Epoch time: 34.63 s
2026-07-03 05:58:50.670906: Yayy! New best EMA pseudo Dice: 0.7914
2026-07-03 05:58:52.060186: 
2026-07-03 05:58:52.060357: Epoch 132
2026-07-03 05:58:52.060484: Current learning rate: 0.00015
2026-07-03 05:59:26.691402: train_loss -0.7797
2026-07-03 05:59:26.691613: val_loss -0.6907
2026-07-03 05:59:26.691719: Pseudo dice [0.7622, 0.8556, 0.7767]
2026-07-03 05:59:26.691815: Epoch time: 34.63 s
2026-07-03 05:59:26.691890: Yayy! New best EMA pseudo Dice: 0.7921
2026-07-03 05:59:27.928764: 
2026-07-03 05:59:27.928927: Epoch 133
2026-07-03 05:59:27.929055: Current learning rate: 0.00014
2026-07-03 06:00:02.563409: train_loss -0.786
2026-07-03 06:00:02.563613: val_loss -0.6897
2026-07-03 06:00:02.563711: Pseudo dice [0.7547, 0.8417, 0.7454]
2026-07-03 06:00:02.563803: Epoch time: 34.64 s
2026-07-03 06:00:03.715099: 
2026-07-03 06:00:03.715260: Epoch 134
2026-07-03 06:00:03.715388: Current learning rate: 0.00013
2026-07-03 06:00:38.433287: train_loss -0.7866
2026-07-03 06:00:38.433489: val_loss -0.6915
2026-07-03 06:00:38.433596: Pseudo dice [0.7563, 0.8532, 0.7584]
2026-07-03 06:00:38.433692: Epoch time: 34.72 s
2026-07-03 06:00:39.593189: 
2026-07-03 06:00:39.593349: Epoch 135
2026-07-03 06:00:39.593469: Current learning rate: 0.00013
2026-07-03 06:01:14.220871: train_loss -0.7893
2026-07-03 06:01:14.221087: val_loss -0.6732
2026-07-03 06:01:14.221195: Pseudo dice [0.7395, 0.8507, 0.7515]
2026-07-03 06:01:14.221291: Epoch time: 34.63 s
2026-07-03 06:01:15.386889: 
2026-07-03 06:01:15.387056: Epoch 136
2026-07-03 06:01:15.387182: Current learning rate: 0.00012
2026-07-03 06:01:50.078107: train_loss -0.7887
2026-07-03 06:01:50.078308: val_loss -0.678
2026-07-03 06:01:50.078412: Pseudo dice [0.7442, 0.8627, 0.7406]
2026-07-03 06:01:50.078500: Epoch time: 34.69 s
2026-07-03 06:01:51.236360: 
2026-07-03 06:01:51.236524: Epoch 137
2026-07-03 06:01:51.236648: Current learning rate: 0.00011
2026-07-03 06:02:25.860311: train_loss -0.7823
2026-07-03 06:02:25.860507: val_loss -0.7167
2026-07-03 06:02:25.860609: Pseudo dice [0.7588, 0.8606, 0.7562]
2026-07-03 06:02:25.860700: Epoch time: 34.63 s
2026-07-03 06:02:27.023470: 
2026-07-03 06:02:27.023633: Epoch 138
2026-07-03 06:02:27.023755: Current learning rate: 0.0001
2026-07-03 06:03:01.647798: train_loss -0.791
2026-07-03 06:03:01.647998: val_loss -0.7061
2026-07-03 06:03:01.648110: Pseudo dice [0.7468, 0.8589, 0.776]
2026-07-03 06:03:01.648202: Epoch time: 34.63 s
2026-07-03 06:03:02.949942: 
2026-07-03 06:03:02.950107: Epoch 139
2026-07-03 06:03:02.950229: Current learning rate: 0.0001
2026-07-03 06:03:37.589000: train_loss -0.793
2026-07-03 06:03:37.589222: val_loss -0.7029
2026-07-03 06:03:37.589325: Pseudo dice [0.7629, 0.8644, 0.7885]
2026-07-03 06:03:37.589420: Epoch time: 34.64 s
2026-07-03 06:03:38.748185: 
2026-07-03 06:03:38.748347: Epoch 140
2026-07-03 06:03:38.748474: Current learning rate: 9e-05
2026-07-03 06:04:13.379092: train_loss -0.7725
2026-07-03 06:04:13.379282: val_loss -0.6998
2026-07-03 06:04:13.379387: Pseudo dice [0.7746, 0.8497, 0.7457]
2026-07-03 06:04:13.379481: Epoch time: 34.63 s
2026-07-03 06:04:14.540577: 
2026-07-03 06:04:14.540735: Epoch 141
2026-07-03 06:04:14.540864: Current learning rate: 8e-05
2026-07-03 06:04:49.253103: train_loss -0.7966
2026-07-03 06:04:49.253343: val_loss -0.6902
2026-07-03 06:04:49.253453: Pseudo dice [0.7605, 0.8554, 0.743]
2026-07-03 06:04:49.253552: Epoch time: 34.71 s
2026-07-03 06:04:50.414034: 
2026-07-03 06:04:50.414196: Epoch 142
2026-07-03 06:04:50.414315: Current learning rate: 7e-05
2026-07-03 06:05:25.042687: train_loss -0.7974
2026-07-03 06:05:25.042877: val_loss -0.7091
2026-07-03 06:05:25.042981: Pseudo dice [0.7661, 0.8645, 0.7674]
2026-07-03 06:05:25.043079: Epoch time: 34.63 s
2026-07-03 06:05:26.200634: 
2026-07-03 06:05:26.200793: Epoch 143
2026-07-03 06:05:26.200917: Current learning rate: 6e-05
2026-07-03 06:06:00.824806: train_loss -0.7932
2026-07-03 06:06:00.825042: val_loss -0.6751
2026-07-03 06:06:00.825147: Pseudo dice [0.7604, 0.8599, 0.7595]
2026-07-03 06:06:00.825242: Epoch time: 34.63 s
2026-07-03 06:06:02.128301: 
2026-07-03 06:06:02.128460: Epoch 144
2026-07-03 06:06:02.128584: Current learning rate: 6e-05
2026-07-03 06:06:36.765755: train_loss -0.7908
2026-07-03 06:06:36.765993: val_loss -0.7016
2026-07-03 06:06:36.766114: Pseudo dice [0.7647, 0.8614, 0.7781]
2026-07-03 06:06:36.766830: Epoch time: 34.64 s
2026-07-03 06:06:36.766915: Yayy! New best EMA pseudo Dice: 0.7927
2026-07-03 06:06:38.020454: 
2026-07-03 06:06:38.020664: Epoch 145
2026-07-03 06:06:38.020799: Current learning rate: 5e-05
2026-07-03 06:07:12.651422: train_loss -0.7927
2026-07-03 06:07:12.651656: val_loss -0.68
2026-07-03 06:07:12.651763: Pseudo dice [0.75, 0.8626, 0.7497]
2026-07-03 06:07:12.651861: Epoch time: 34.63 s
2026-07-03 06:07:13.819330: 
2026-07-03 06:07:13.819497: Epoch 146
2026-07-03 06:07:13.819622: Current learning rate: 4e-05
2026-07-03 06:07:48.529417: train_loss -0.7999
2026-07-03 06:07:48.529650: val_loss -0.6811
2026-07-03 06:07:48.529759: Pseudo dice [0.7603, 0.8578, 0.7618]
2026-07-03 06:07:48.529855: Epoch time: 34.71 s
2026-07-03 06:07:49.700390: 
2026-07-03 06:07:49.700552: Epoch 147
2026-07-03 06:07:49.700678: Current learning rate: 3e-05
2026-07-03 06:08:24.323349: train_loss -0.7932
2026-07-03 06:08:24.323578: val_loss -0.7118
2026-07-03 06:08:24.323682: Pseudo dice [0.7614, 0.8512, 0.7808]
2026-07-03 06:08:24.323777: Epoch time: 34.62 s
2026-07-03 06:08:24.323851: Yayy! New best EMA pseudo Dice: 0.7928
2026-07-03 06:08:25.577338: 
2026-07-03 06:08:25.577494: Epoch 148
2026-07-03 06:08:25.577617: Current learning rate: 2e-05
2026-07-03 06:09:00.278812: train_loss -0.8013
2026-07-03 06:09:00.279049: val_loss -0.6933
2026-07-03 06:09:00.279155: Pseudo dice [0.7657, 0.8532, 0.7523]
2026-07-03 06:09:00.279245: Epoch time: 34.7 s
2026-07-03 06:09:01.441163: 
2026-07-03 06:09:01.441348: Epoch 149
2026-07-03 06:09:01.441477: Current learning rate: 1e-05
2026-07-03 06:09:36.069718: train_loss -0.7832
2026-07-03 06:09:36.069947: val_loss -0.6921
2026-07-03 06:09:36.070062: Pseudo dice [0.7655, 0.8569, 0.76]
2026-07-03 06:09:36.070164: Epoch time: 34.63 s
2026-07-03 06:09:37.380878: Training done.
2026-07-03 06:09:37.381740: Skipping final validation (COMBO_SKIP_FINAL_VALIDATION=1)


=== AG2 [A] a3_uas2 ===
skip=A3  ctx=UAS2
params:  0.523M  (+12.2% vs ENet baseline)
results: /home/yhussein/LightM-UNet/data/nnUNET_results/enet_combo_e150/AG2_a3_uas2
command: nnUNetv2_train 501 2d 0 -tr nnUNetTrainerENetCombo
/home/yhussein/conda-envs/lightmunet/lib/python3.10/site-packages/monai/utils/module.py:396: UserWarning: pkg_resources is deprecated as an API. See https://setuptools.pypa.io/en/latest/pkg_resources.html. The pkg_resources package is slated for removal as early as 2025-11-30. Refrain from using this package or pin to Setuptools<81.
  pkg = __import__(module)  # top level module
Using device: cuda:0

#######################################################################
Please cite the following paper when using nnU-Net:
Isensee, F., Jaeger, P. F., Kohl, S. A., Petersen, J., & Maier-Hein, K. H. (2021). nnU-Net: a self-configuring method for deep learning-based biomedical image segmentation. Nature methods, 18(2), 203-211.
#######################################################################


This is the configuration used by this training:
Configuration name: 2d
 {'data_identifier': 'nnUNetPlans_2d', 'preprocessor_name': 'DefaultPreprocessor', 'batch_size': 4, 'patch_size': [512, 512], 'median_image_size_in_voxels': [512.0, 512.0], 'spacing': [1.0, 1.0], 'normalization_schemes': ['ZScoreNormalization'], 'use_mask_for_norm': [False], 'UNet_class_name': 'PlainConvUNet', 'UNet_base_num_features': 32, 'n_conv_per_stage_encoder': [2, 2, 2, 2, 2, 2, 2, 2], 'n_conv_per_stage_decoder': [2, 2, 2, 2, 2, 2, 2], 'num_pool_per_axis': [7, 7], 'pool_op_kernel_sizes': [[1, 1], [2, 2], [2, 2], [2, 2], [2, 2], [2, 2], [2, 2], [2, 2]], 'conv_kernel_sizes': [[3, 3], [3, 3], [3, 3], [3, 3], [3, 3], [3, 3], [3, 3], [3, 3]], 'unet_max_num_features': 512, 'resampling_fn_data': 'resample_data_or_seg_to_shape', 'resampling_fn_seg': 'resample_data_or_seg_to_shape', 'resampling_fn_data_kwargs': {'is_seg': False, 'order': 3, 'order_z': 0, 'force_separate_z': None}, 'resampling_fn_seg_kwargs': {'is_seg': True, 'order': 1, 'order_z': 0, 'force_separate_z': None}, 'resampling_fn_probabilities': 'resample_data_or_seg_to_shape', 'resampling_fn_probabilities_kwargs': {'is_seg': False, 'order': 1, 'order_z': 0, 'force_separate_z': None}, 'batch_dice': True} 

These are the global plan.json settings:
 {'dataset_name': 'Dataset501_ARCADE', 'plans_name': 'nnUNetPlans', 'original_median_spacing_after_transp': [999.0, 1.0, 1.0], 'original_median_shape_after_transp': [1, 512, 512], 'image_reader_writer': 'NaturalImage2DIO', 'transpose_forward': [0, 1, 2], 'transpose_backward': [0, 1, 2], 'experiment_planner_used': 'ExperimentPlanner', 'label_manager': 'LabelManager', 'foreground_intensity_properties_per_channel': {'0': {'max': 255.0, 'mean': 98.67886352539062, 'median': 96.0, 'min': 0.0, 'percentile_00_5': 32.0, 'percentile_99_5': 186.0, 'std': 31.84078025817871}}} 

2026-07-03 06:09:44.237181: unpacking dataset...
2026-07-03 06:09:48.202375: unpacking done...
2026-07-03 06:09:48.202820: do_dummy_2d_data_aug: False
2026-07-03 06:09:48.208781: Using splits from existing split file: /gpfs/home1/yhussein/LightM-UNet/data/nnUNet_preprocessed/Dataset501_ARCADE/splits_final.json
2026-07-03 06:09:48.209095: The split file contains 1 splits.
2026-07-03 06:09:48.209161: Desired fold for training: 0
2026-07-03 06:09:48.209210: This split has 1000 training and 200 validation cases.
2026-07-03 06:09:48.226924: Skipping architecture plot (COMBO_SKIP_ARCH_PLOT=1)
2026-07-03 06:09:48.237627: 
2026-07-03 06:09:48.237726: Epoch 0
2026-07-03 06:09:48.237832: Current learning rate: 0.001
using pin_memory on device 0
using pin_memory on device 0
2026-07-03 06:10:17.579295: train_loss 0.2733
2026-07-03 06:10:17.579583: val_loss -0.051
2026-07-03 06:10:17.579698: Pseudo dice [0.2454, 0.2948, 0.0003]
2026-07-03 06:10:17.579802: Epoch time: 29.34 s
2026-07-03 06:10:17.579884: Yayy! New best EMA pseudo Dice: 0.1801
2026-07-03 06:10:18.843783: 
2026-07-03 06:10:18.843954: Epoch 1
2026-07-03 06:10:18.844082: Current learning rate: 0.00099
2026-07-03 06:10:45.433354: train_loss -0.0726
2026-07-03 06:10:45.433610: val_loss -0.0807
2026-07-03 06:10:45.433721: Pseudo dice [0.0076, 0.3196, 0.0009]
2026-07-03 06:10:45.433821: Epoch time: 26.59 s
2026-07-03 06:10:46.579210: 
2026-07-03 06:10:46.579378: Epoch 2
2026-07-03 06:10:46.579500: Current learning rate: 0.00099
2026-07-03 06:11:13.335726: train_loss -0.0969
2026-07-03 06:11:13.335936: val_loss -0.106
2026-07-03 06:11:13.336056: Pseudo dice [0.1362, 0.3638, 0.012]
2026-07-03 06:11:13.336713: Epoch time: 26.76 s
2026-07-03 06:11:14.529663: 
2026-07-03 06:11:14.529824: Epoch 3
2026-07-03 06:11:14.529942: Current learning rate: 0.00098
2026-07-03 06:11:41.281666: train_loss -0.1789
2026-07-03 06:11:41.281863: val_loss -0.2223
2026-07-03 06:11:41.281960: Pseudo dice [0.4078, 0.5886, 0.1416]
2026-07-03 06:11:41.282055: Epoch time: 26.75 s
2026-07-03 06:11:41.282128: Yayy! New best EMA pseudo Dice: 0.1935
2026-07-03 06:11:42.522880: 
2026-07-03 06:11:42.523046: Epoch 4
2026-07-03 06:11:42.523172: Current learning rate: 0.00098
2026-07-03 06:12:09.113677: train_loss -0.2681
2026-07-03 06:12:09.113912: val_loss -0.352
2026-07-03 06:12:09.114026: Pseudo dice [0.5313, 0.6866, 0.3368]
2026-07-03 06:12:09.114123: Epoch time: 26.59 s
2026-07-03 06:12:09.114201: Yayy! New best EMA pseudo Dice: 0.226
2026-07-03 06:12:10.396349: 
2026-07-03 06:12:10.396508: Epoch 5
2026-07-03 06:12:10.396630: Current learning rate: 0.00097
2026-07-03 06:12:37.154629: train_loss -0.3364
2026-07-03 06:12:37.154828: val_loss -0.4457
2026-07-03 06:12:37.154933: Pseudo dice [0.6014, 0.751, 0.4707]
2026-07-03 06:12:37.155031: Epoch time: 26.76 s
2026-07-03 06:12:37.155106: Yayy! New best EMA pseudo Dice: 0.2641
2026-07-03 06:12:38.404882: 
2026-07-03 06:12:38.405056: Epoch 6
2026-07-03 06:12:38.405179: Current learning rate: 0.00096
2026-07-03 06:13:05.153564: train_loss -0.4108
2026-07-03 06:13:05.153757: val_loss -0.4545
2026-07-03 06:13:05.153856: Pseudo dice [0.5903, 0.7116, 0.5011]
2026-07-03 06:13:05.153941: Epoch time: 26.75 s
2026-07-03 06:13:05.154010: Yayy! New best EMA pseudo Dice: 0.2978
2026-07-03 06:13:06.406084: 
2026-07-03 06:13:06.406240: Epoch 7
2026-07-03 06:13:06.406362: Current learning rate: 0.00096
2026-07-03 06:13:32.995583: train_loss -0.4305
2026-07-03 06:13:32.995831: val_loss -0.4446
2026-07-03 06:13:32.995935: Pseudo dice [0.5327, 0.7163, 0.5218]
2026-07-03 06:13:32.996036: Epoch time: 26.59 s
2026-07-03 06:13:32.996111: Yayy! New best EMA pseudo Dice: 0.3271
2026-07-03 06:13:34.246624: 
2026-07-03 06:13:34.246781: Epoch 8
2026-07-03 06:13:34.246901: Current learning rate: 0.00095
2026-07-03 06:14:01.002549: train_loss -0.4694
2026-07-03 06:14:01.002740: val_loss -0.491
2026-07-03 06:14:01.002846: Pseudo dice [0.6053, 0.7285, 0.5516]
2026-07-03 06:14:01.002930: Epoch time: 26.76 s
2026-07-03 06:14:01.002999: Yayy! New best EMA pseudo Dice: 0.3572
2026-07-03 06:14:02.266395: 
2026-07-03 06:14:02.266554: Epoch 9
2026-07-03 06:14:02.266672: Current learning rate: 0.00095
2026-07-03 06:14:28.982257: train_loss -0.4817
2026-07-03 06:14:28.982450: val_loss -0.5081
2026-07-03 06:14:28.982552: Pseudo dice [0.6315, 0.7292, 0.6079]
2026-07-03 06:14:28.982640: Epoch time: 26.72 s
2026-07-03 06:14:28.982710: Yayy! New best EMA pseudo Dice: 0.3871
2026-07-03 06:14:30.202728: 
2026-07-03 06:14:30.202887: Epoch 10
2026-07-03 06:14:30.203006: Current learning rate: 0.00094
2026-07-03 06:14:56.955135: train_loss -0.4981
2026-07-03 06:14:56.955345: val_loss -0.5698
2026-07-03 06:14:56.955445: Pseudo dice [0.6551, 0.7634, 0.6462]
2026-07-03 06:14:56.955530: Epoch time: 26.75 s
2026-07-03 06:14:56.955598: Yayy! New best EMA pseudo Dice: 0.4172
2026-07-03 06:14:58.192634: 
2026-07-03 06:14:58.192800: Epoch 11
2026-07-03 06:14:58.192920: Current learning rate: 0.00093
2026-07-03 06:15:24.900482: train_loss -0.5159
2026-07-03 06:15:24.900682: val_loss -0.5584
2026-07-03 06:15:24.900783: Pseudo dice [0.6712, 0.7862, 0.6317]
2026-07-03 06:15:24.900868: Epoch time: 26.71 s
2026-07-03 06:15:24.900937: Yayy! New best EMA pseudo Dice: 0.4451
2026-07-03 06:15:26.134334: 
2026-07-03 06:15:26.134496: Epoch 12
2026-07-03 06:15:26.134615: Current learning rate: 0.00093
2026-07-03 06:15:52.727316: train_loss -0.5213
2026-07-03 06:15:52.727513: val_loss -0.5676
2026-07-03 06:15:52.727615: Pseudo dice [0.66, 0.7908, 0.6633]
2026-07-03 06:15:52.727700: Epoch time: 26.59 s
2026-07-03 06:15:52.727769: Yayy! New best EMA pseudo Dice: 0.4711
2026-07-03 06:15:53.978095: 
2026-07-03 06:15:53.978256: Epoch 13
2026-07-03 06:15:53.978379: Current learning rate: 0.00092
2026-07-03 06:16:20.678041: train_loss -0.5419
2026-07-03 06:16:20.678271: val_loss -0.6044
2026-07-03 06:16:20.678946: Pseudo dice [0.6603, 0.8166, 0.6917]
2026-07-03 06:16:20.679054: Epoch time: 26.7 s
2026-07-03 06:16:20.679130: Yayy! New best EMA pseudo Dice: 0.4963
2026-07-03 06:16:21.926428: 
2026-07-03 06:16:21.926587: Epoch 14
2026-07-03 06:16:21.926707: Current learning rate: 0.00092
2026-07-03 06:16:48.620378: train_loss -0.5424
2026-07-03 06:16:48.620574: val_loss -0.5865
2026-07-03 06:16:48.620676: Pseudo dice [0.6772, 0.7948, 0.6969]
2026-07-03 06:16:48.620761: Epoch time: 26.7 s
2026-07-03 06:16:48.620832: Yayy! New best EMA pseudo Dice: 0.5189
2026-07-03 06:16:49.866900: 
2026-07-03 06:16:49.867064: Epoch 15
2026-07-03 06:16:49.867192: Current learning rate: 0.00091
2026-07-03 06:17:16.570946: train_loss -0.5537
2026-07-03 06:17:16.571146: val_loss -0.6123
2026-07-03 06:17:16.571244: Pseudo dice [0.6917, 0.8116, 0.685]
2026-07-03 06:17:16.571330: Epoch time: 26.71 s
2026-07-03 06:17:16.571399: Yayy! New best EMA pseudo Dice: 0.54
2026-07-03 06:17:17.813491: 
2026-07-03 06:17:17.813657: Epoch 16
2026-07-03 06:17:17.813778: Current learning rate: 0.0009
2026-07-03 06:17:44.411168: train_loss -0.5671
2026-07-03 06:17:44.411399: val_loss -0.5317
2026-07-03 06:17:44.411504: Pseudo dice [0.6804, 0.7439, 0.6349]
2026-07-03 06:17:44.411597: Epoch time: 26.6 s
2026-07-03 06:17:44.411672: Yayy! New best EMA pseudo Dice: 0.5546
2026-07-03 06:17:45.813124: 
2026-07-03 06:17:45.813286: Epoch 17
2026-07-03 06:17:45.813406: Current learning rate: 0.0009
2026-07-03 06:18:12.406372: train_loss -0.5721
2026-07-03 06:18:12.406569: val_loss -0.6548
2026-07-03 06:18:12.406674: Pseudo dice [0.6983, 0.8327, 0.7317]
2026-07-03 06:18:12.406762: Epoch time: 26.59 s
2026-07-03 06:18:12.406834: Yayy! New best EMA pseudo Dice: 0.5746
2026-07-03 06:18:13.660545: 
2026-07-03 06:18:13.660703: Epoch 18
2026-07-03 06:18:13.660825: Current learning rate: 0.00089
2026-07-03 06:18:40.401205: train_loss -0.568
2026-07-03 06:18:40.401450: val_loss -0.5559
2026-07-03 06:18:40.401554: Pseudo dice [0.6743, 0.7649, 0.6415]
2026-07-03 06:18:40.401646: Epoch time: 26.74 s
2026-07-03 06:18:40.401717: Yayy! New best EMA pseudo Dice: 0.5865
2026-07-03 06:18:41.659127: 
2026-07-03 06:18:41.659292: Epoch 19
2026-07-03 06:18:41.659418: Current learning rate: 0.00089
2026-07-03 06:19:08.364265: train_loss -0.5781
2026-07-03 06:19:08.364456: val_loss -0.6006
2026-07-03 06:19:08.364555: Pseudo dice [0.7018, 0.7945, 0.6906]
2026-07-03 06:19:08.364641: Epoch time: 26.71 s
2026-07-03 06:19:08.364711: Yayy! New best EMA pseudo Dice: 0.6007
2026-07-03 06:19:09.619437: 
2026-07-03 06:19:09.619599: Epoch 20
2026-07-03 06:19:09.619718: Current learning rate: 0.00088
2026-07-03 06:19:36.307405: train_loss -0.5892
2026-07-03 06:19:36.307600: val_loss -0.585
2026-07-03 06:19:36.307703: Pseudo dice [0.6587, 0.8044, 0.6794]
2026-07-03 06:19:36.307792: Epoch time: 26.69 s
2026-07-03 06:19:36.307863: Yayy! New best EMA pseudo Dice: 0.6121
2026-07-03 06:19:37.572980: 
2026-07-03 06:19:37.573153: Epoch 21
2026-07-03 06:19:37.573276: Current learning rate: 0.00087
2026-07-03 06:20:04.169787: train_loss -0.5904
2026-07-03 06:20:04.170031: val_loss -0.6179
2026-07-03 06:20:04.170137: Pseudo dice [0.6836, 0.8228, 0.7113]
2026-07-03 06:20:04.170232: Epoch time: 26.6 s
2026-07-03 06:20:04.170308: Yayy! New best EMA pseudo Dice: 0.6248
2026-07-03 06:20:05.393867: 
2026-07-03 06:20:05.394032: Epoch 22
2026-07-03 06:20:05.394156: Current learning rate: 0.00087
2026-07-03 06:20:32.148544: train_loss -0.6066
2026-07-03 06:20:32.148781: val_loss -0.6445
2026-07-03 06:20:32.148885: Pseudo dice [0.7064, 0.8383, 0.6969]
2026-07-03 06:20:32.148978: Epoch time: 26.76 s
2026-07-03 06:20:32.149057: Yayy! New best EMA pseudo Dice: 0.637
2026-07-03 06:20:33.370078: 
2026-07-03 06:20:33.370242: Epoch 23
2026-07-03 06:20:33.370362: Current learning rate: 0.00086
2026-07-03 06:21:00.127580: train_loss -0.5951
2026-07-03 06:21:00.127776: val_loss -0.6573
2026-07-03 06:21:00.127878: Pseudo dice [0.7, 0.8459, 0.7252]
2026-07-03 06:21:00.127964: Epoch time: 26.76 s
2026-07-03 06:21:00.128040: Yayy! New best EMA pseudo Dice: 0.649
2026-07-03 06:21:01.357160: 
2026-07-03 06:21:01.357321: Epoch 24
2026-07-03 06:21:01.357447: Current learning rate: 0.00085
2026-07-03 06:21:27.956349: train_loss -0.5907
2026-07-03 06:21:27.956583: val_loss -0.6402
2026-07-03 06:21:27.956686: Pseudo dice [0.7089, 0.8162, 0.7248]
2026-07-03 06:21:27.956782: Epoch time: 26.6 s
2026-07-03 06:21:27.956856: Yayy! New best EMA pseudo Dice: 0.6591
2026-07-03 06:21:29.343597: 
2026-07-03 06:21:29.343762: Epoch 25
2026-07-03 06:21:29.343883: Current learning rate: 0.00085
2026-07-03 06:21:55.956005: train_loss -0.6063
2026-07-03 06:21:55.956212: val_loss -0.6222
2026-07-03 06:21:55.956316: Pseudo dice [0.689, 0.8163, 0.7122]
2026-07-03 06:21:55.956404: Epoch time: 26.61 s
2026-07-03 06:21:55.956476: Yayy! New best EMA pseudo Dice: 0.6671
2026-07-03 06:21:57.190217: 
2026-07-03 06:21:57.190375: Epoch 26
2026-07-03 06:21:57.190494: Current learning rate: 0.00084
2026-07-03 06:22:23.947284: train_loss -0.6234
2026-07-03 06:22:23.947513: val_loss -0.6685
2026-07-03 06:22:23.947614: Pseudo dice [0.7025, 0.8356, 0.7355]
2026-07-03 06:22:23.947704: Epoch time: 26.76 s
2026-07-03 06:22:23.947775: Yayy! New best EMA pseudo Dice: 0.6762
2026-07-03 06:22:25.192142: 
2026-07-03 06:22:25.192309: Epoch 27
2026-07-03 06:22:25.192430: Current learning rate: 0.00084
2026-07-03 06:22:51.889128: train_loss -0.6146
2026-07-03 06:22:51.889323: val_loss -0.5828
2026-07-03 06:22:51.889426: Pseudo dice [0.6902, 0.8148, 0.6797]
2026-07-03 06:22:51.889514: Epoch time: 26.7 s
2026-07-03 06:22:51.889586: Yayy! New best EMA pseudo Dice: 0.6814
2026-07-03 06:22:53.131502: 
2026-07-03 06:22:53.131708: Epoch 28
2026-07-03 06:22:53.131874: Current learning rate: 0.00083
2026-07-03 06:23:19.885672: train_loss -0.6295
2026-07-03 06:23:19.885865: val_loss -0.6383
2026-07-03 06:23:19.885971: Pseudo dice [0.6955, 0.8465, 0.7315]
2026-07-03 06:23:19.886069: Epoch time: 26.76 s
2026-07-03 06:23:19.886144: Yayy! New best EMA pseudo Dice: 0.6891
2026-07-03 06:23:21.130501: 
2026-07-03 06:23:21.130663: Epoch 29
2026-07-03 06:23:21.130780: Current learning rate: 0.00082
2026-07-03 06:23:47.731462: train_loss -0.6363
2026-07-03 06:23:47.731661: val_loss -0.6558
2026-07-03 06:23:47.731763: Pseudo dice [0.7156, 0.8302, 0.7241]
2026-07-03 06:23:47.731852: Epoch time: 26.6 s
2026-07-03 06:23:47.731922: Yayy! New best EMA pseudo Dice: 0.6958
2026-07-03 06:23:49.115170: 
2026-07-03 06:23:49.115331: Epoch 30
2026-07-03 06:23:49.115451: Current learning rate: 0.00082
2026-07-03 06:24:15.720654: train_loss -0.6247
2026-07-03 06:24:15.720880: val_loss -0.6519
2026-07-03 06:24:15.720984: Pseudo dice [0.714, 0.8361, 0.7446]
2026-07-03 06:24:15.721083: Epoch time: 26.61 s
2026-07-03 06:24:15.721159: Yayy! New best EMA pseudo Dice: 0.7027
2026-07-03 06:24:16.972161: 
2026-07-03 06:24:16.972320: Epoch 31
2026-07-03 06:24:16.972442: Current learning rate: 0.00081
2026-07-03 06:24:43.670962: train_loss -0.6279
2026-07-03 06:24:43.671212: val_loss -0.6393
2026-07-03 06:24:43.671318: Pseudo dice [0.723, 0.8219, 0.7059]
2026-07-03 06:24:43.671413: Epoch time: 26.7 s
2026-07-03 06:24:43.671486: Yayy! New best EMA pseudo Dice: 0.7075
2026-07-03 06:24:44.919437: 
2026-07-03 06:24:44.919604: Epoch 32
2026-07-03 06:24:44.919723: Current learning rate: 0.00081
2026-07-03 06:25:11.506222: train_loss -0.626
2026-07-03 06:25:11.506413: val_loss -0.6217
2026-07-03 06:25:11.506512: Pseudo dice [0.6856, 0.793, 0.6684]
2026-07-03 06:25:11.506597: Epoch time: 26.59 s
2026-07-03 06:25:11.506666: Yayy! New best EMA pseudo Dice: 0.7083
2026-07-03 06:25:12.893770: 
2026-07-03 06:25:12.893928: Epoch 33
2026-07-03 06:25:12.894051: Current learning rate: 0.0008
2026-07-03 06:25:39.479393: train_loss -0.6319
2026-07-03 06:25:39.479630: val_loss -0.6326
2026-07-03 06:25:39.479734: Pseudo dice [0.7096, 0.8346, 0.6983]
2026-07-03 06:25:39.479830: Epoch time: 26.59 s
2026-07-03 06:25:39.480495: Yayy! New best EMA pseudo Dice: 0.7122
2026-07-03 06:25:40.731588: 
2026-07-03 06:25:40.731748: Epoch 34
2026-07-03 06:25:40.731866: Current learning rate: 0.00079
2026-07-03 06:26:07.481456: train_loss -0.6489
2026-07-03 06:26:07.481653: val_loss -0.685
2026-07-03 06:26:07.481754: Pseudo dice [0.7122, 0.8367, 0.7599]
2026-07-03 06:26:07.481842: Epoch time: 26.75 s
2026-07-03 06:26:07.481913: Yayy! New best EMA pseudo Dice: 0.718
2026-07-03 06:26:08.724916: 
2026-07-03 06:26:08.725080: Epoch 35
2026-07-03 06:26:08.725198: Current learning rate: 0.00079
2026-07-03 06:26:35.457247: train_loss -0.6482
2026-07-03 06:26:35.457443: val_loss -0.6203
2026-07-03 06:26:35.457543: Pseudo dice [0.7208, 0.8431, 0.6943]
2026-07-03 06:26:35.457627: Epoch time: 26.73 s
2026-07-03 06:26:35.457696: Yayy! New best EMA pseudo Dice: 0.7214
2026-07-03 06:26:36.699511: 
2026-07-03 06:26:36.699696: Epoch 36
2026-07-03 06:26:36.699827: Current learning rate: 0.00078
2026-07-03 06:27:03.284337: train_loss -0.652
2026-07-03 06:27:03.284528: val_loss -0.6638
2026-07-03 06:27:03.284633: Pseudo dice [0.7105, 0.8501, 0.7069]
2026-07-03 06:27:03.284722: Epoch time: 26.59 s
2026-07-03 06:27:03.284797: Yayy! New best EMA pseudo Dice: 0.7249
2026-07-03 06:27:04.528834: 
2026-07-03 06:27:04.528991: Epoch 37
2026-07-03 06:27:04.529117: Current learning rate: 0.00077
2026-07-03 06:27:31.285144: train_loss -0.6606
2026-07-03 06:27:31.285333: val_loss -0.6688
2026-07-03 06:27:31.285430: Pseudo dice [0.7156, 0.8475, 0.7261]
2026-07-03 06:27:31.285513: Epoch time: 26.76 s
2026-07-03 06:27:31.285583: Yayy! New best EMA pseudo Dice: 0.7287
2026-07-03 06:27:32.527817: 
2026-07-03 06:27:32.527977: Epoch 38
2026-07-03 06:27:32.528101: Current learning rate: 0.00077
2026-07-03 06:27:59.254096: train_loss -0.6313
2026-07-03 06:27:59.254330: val_loss -0.6685
2026-07-03 06:27:59.254429: Pseudo dice [0.7189, 0.8337, 0.7363]
2026-07-03 06:27:59.254521: Epoch time: 26.73 s
2026-07-03 06:27:59.254591: Yayy! New best EMA pseudo Dice: 0.7321
2026-07-03 06:28:00.499835: 
2026-07-03 06:28:00.499996: Epoch 39
2026-07-03 06:28:00.500125: Current learning rate: 0.00076
2026-07-03 06:28:27.084458: train_loss -0.6495
2026-07-03 06:28:27.084650: val_loss -0.666
2026-07-03 06:28:27.084749: Pseudo dice [0.7224, 0.8328, 0.7605]
2026-07-03 06:28:27.084832: Epoch time: 26.59 s
2026-07-03 06:28:27.084902: Yayy! New best EMA pseudo Dice: 0.7361
2026-07-03 06:28:28.457735: 
2026-07-03 06:28:28.457890: Epoch 40
2026-07-03 06:28:28.457989: Current learning rate: 0.00076
2026-07-03 06:28:55.050535: train_loss -0.6696
2026-07-03 06:28:55.050781: val_loss -0.6735
2026-07-03 06:28:55.050881: Pseudo dice [0.7225, 0.8536, 0.7295]
2026-07-03 06:28:55.050973: Epoch time: 26.59 s
2026-07-03 06:28:55.051055: Yayy! New best EMA pseudo Dice: 0.7393
2026-07-03 06:28:56.453830: 
2026-07-03 06:28:56.453997: Epoch 41
2026-07-03 06:28:56.454131: Current learning rate: 0.00075
2026-07-03 06:29:23.054127: train_loss -0.6604
2026-07-03 06:29:23.054320: val_loss -0.6286
2026-07-03 06:29:23.054424: Pseudo dice [0.7113, 0.8509, 0.7308]
2026-07-03 06:29:23.054514: Epoch time: 26.6 s
2026-07-03 06:29:23.054585: Yayy! New best EMA pseudo Dice: 0.7418
2026-07-03 06:29:24.280413: 
2026-07-03 06:29:24.280573: Epoch 42
2026-07-03 06:29:24.280690: Current learning rate: 0.00074
2026-07-03 06:29:50.963390: train_loss -0.6593
2026-07-03 06:29:50.963620: val_loss -0.6431
2026-07-03 06:29:50.963719: Pseudo dice [0.7308, 0.8397, 0.7357]
2026-07-03 06:29:50.963807: Epoch time: 26.68 s
2026-07-03 06:29:50.963879: Yayy! New best EMA pseudo Dice: 0.7445
2026-07-03 06:29:52.182239: 
2026-07-03 06:29:52.182397: Epoch 43
2026-07-03 06:29:52.182519: Current learning rate: 0.00074
2026-07-03 06:30:18.862941: train_loss -0.6645
2026-07-03 06:30:18.863140: val_loss -0.6951
2026-07-03 06:30:18.863241: Pseudo dice [0.747, 0.8535, 0.756]
2026-07-03 06:30:18.863326: Epoch time: 26.68 s
2026-07-03 06:30:18.863395: Yayy! New best EMA pseudo Dice: 0.7486
2026-07-03 06:30:20.087720: 
2026-07-03 06:30:20.087883: Epoch 44
2026-07-03 06:30:20.088002: Current learning rate: 0.00073
2026-07-03 06:30:46.676915: train_loss -0.6792
2026-07-03 06:30:46.677157: val_loss -0.6641
2026-07-03 06:30:46.677259: Pseudo dice [0.7084, 0.8567, 0.7314]
2026-07-03 06:30:46.677354: Epoch time: 26.59 s
2026-07-03 06:30:46.677426: Yayy! New best EMA pseudo Dice: 0.7503
2026-07-03 06:30:48.025578: 
2026-07-03 06:30:48.025742: Epoch 45
2026-07-03 06:30:48.025861: Current learning rate: 0.00073
2026-07-03 06:31:14.610504: train_loss -0.6703
2026-07-03 06:31:14.610697: val_loss -0.6379
2026-07-03 06:31:14.610798: Pseudo dice [0.7073, 0.8441, 0.7321]
2026-07-03 06:31:14.610885: Epoch time: 26.59 s
2026-07-03 06:31:14.610958: Yayy! New best EMA pseudo Dice: 0.7514
2026-07-03 06:31:15.828557: 
2026-07-03 06:31:15.828713: Epoch 46
2026-07-03 06:31:15.828830: Current learning rate: 0.00072
2026-07-03 06:31:42.533204: train_loss -0.6731
2026-07-03 06:31:42.533404: val_loss -0.6746
2026-07-03 06:31:42.533506: Pseudo dice [0.7337, 0.8539, 0.7528]
2026-07-03 06:31:42.533598: Epoch time: 26.71 s
2026-07-03 06:31:42.533665: Yayy! New best EMA pseudo Dice: 0.7543
2026-07-03 06:31:43.757551: 
2026-07-03 06:31:43.757714: Epoch 47
2026-07-03 06:31:43.757836: Current learning rate: 0.00071
2026-07-03 06:32:10.437685: train_loss -0.6762
2026-07-03 06:32:10.437877: val_loss -0.6717
2026-07-03 06:32:10.437975: Pseudo dice [0.7209, 0.8547, 0.7393]
2026-07-03 06:32:10.438069: Epoch time: 26.68 s
2026-07-03 06:32:10.438138: Yayy! New best EMA pseudo Dice: 0.756
2026-07-03 06:32:11.663888: 
2026-07-03 06:32:11.664101: Epoch 48
2026-07-03 06:32:11.664283: Current learning rate: 0.00071
2026-07-03 06:32:38.246895: train_loss -0.6672
2026-07-03 06:32:38.247099: val_loss -0.6569
2026-07-03 06:32:38.247201: Pseudo dice [0.7234, 0.8379, 0.7145]
2026-07-03 06:32:38.247293: Epoch time: 26.58 s
2026-07-03 06:32:38.247367: Yayy! New best EMA pseudo Dice: 0.7563
2026-07-03 06:32:39.611624: 
2026-07-03 06:32:39.611788: Epoch 49
2026-07-03 06:32:39.611908: Current learning rate: 0.0007
2026-07-03 06:33:06.193418: train_loss -0.6818
2026-07-03 06:33:06.193657: val_loss -0.6776
2026-07-03 06:33:06.193761: Pseudo dice [0.7026, 0.8479, 0.7496]
2026-07-03 06:33:06.193856: Epoch time: 26.58 s
2026-07-03 06:33:06.296883: Yayy! New best EMA pseudo Dice: 0.7573
2026-07-03 06:33:07.532555: 
2026-07-03 06:33:07.532717: Epoch 50
2026-07-03 06:33:07.532838: Current learning rate: 0.00069
2026-07-03 06:33:34.277261: train_loss -0.6809
2026-07-03 06:33:34.277458: val_loss -0.6665
2026-07-03 06:33:34.277558: Pseudo dice [0.7216, 0.8424, 0.7298]
2026-07-03 06:33:34.277647: Epoch time: 26.75 s
2026-07-03 06:33:34.277721: Yayy! New best EMA pseudo Dice: 0.758
2026-07-03 06:33:35.513097: 
2026-07-03 06:33:35.513258: Epoch 51
2026-07-03 06:33:35.513379: Current learning rate: 0.00069
2026-07-03 06:34:02.225718: train_loss -0.6726
2026-07-03 06:34:02.225953: val_loss -0.671
2026-07-03 06:34:02.226061: Pseudo dice [0.7202, 0.8416, 0.753]
2026-07-03 06:34:02.226155: Epoch time: 26.71 s
2026-07-03 06:34:02.226224: Yayy! New best EMA pseudo Dice: 0.7594
2026-07-03 06:34:03.459472: 
2026-07-03 06:34:03.459628: Epoch 52
2026-07-03 06:34:03.459744: Current learning rate: 0.00068
2026-07-03 06:34:30.121820: train_loss -0.6841
2026-07-03 06:34:30.122018: val_loss -0.6959
2026-07-03 06:34:30.122124: Pseudo dice [0.7384, 0.8514, 0.7572]
2026-07-03 06:34:30.122212: Epoch time: 26.66 s
2026-07-03 06:34:30.122283: Yayy! New best EMA pseudo Dice: 0.7617
2026-07-03 06:34:31.354780: 
2026-07-03 06:34:31.354936: Epoch 53
2026-07-03 06:34:31.355059: Current learning rate: 0.00068
2026-07-03 06:34:57.927452: train_loss -0.6982
2026-07-03 06:34:57.927689: val_loss -0.6858
2026-07-03 06:34:57.927792: Pseudo dice [0.7238, 0.8429, 0.7644]
2026-07-03 06:34:57.927885: Epoch time: 26.57 s
2026-07-03 06:34:57.927955: Yayy! New best EMA pseudo Dice: 0.7632
2026-07-03 06:34:59.302576: 
2026-07-03 06:34:59.303239: Epoch 54
2026-07-03 06:34:59.303370: Current learning rate: 0.00067
2026-07-03 06:35:25.881058: train_loss -0.6896
2026-07-03 06:35:25.881290: val_loss -0.6735
2026-07-03 06:35:25.881392: Pseudo dice [0.722, 0.8384, 0.7646]
2026-07-03 06:35:25.881487: Epoch time: 26.58 s
2026-07-03 06:35:25.881560: Yayy! New best EMA pseudo Dice: 0.7644
2026-07-03 06:35:27.113707: 
2026-07-03 06:35:27.113864: Epoch 55
2026-07-03 06:35:27.113982: Current learning rate: 0.00066
2026-07-03 06:35:53.808718: train_loss -0.6973
2026-07-03 06:35:53.808910: val_loss -0.6543
2026-07-03 06:35:53.809022: Pseudo dice [0.7339, 0.8514, 0.7304]
2026-07-03 06:35:53.809114: Epoch time: 26.7 s
2026-07-03 06:35:53.809191: Yayy! New best EMA pseudo Dice: 0.7651
2026-07-03 06:35:55.054969: 
2026-07-03 06:35:55.055135: Epoch 56
2026-07-03 06:35:55.055254: Current learning rate: 0.00066
2026-07-03 06:36:21.728811: train_loss -0.6899
2026-07-03 06:36:21.729009: val_loss -0.6634
2026-07-03 06:36:21.729117: Pseudo dice [0.7209, 0.8367, 0.7505]
2026-07-03 06:36:21.729202: Epoch time: 26.68 s
2026-07-03 06:36:21.729272: Yayy! New best EMA pseudo Dice: 0.7656
2026-07-03 06:36:22.970364: 
2026-07-03 06:36:22.970525: Epoch 57
2026-07-03 06:36:22.970644: Current learning rate: 0.00065
2026-07-03 06:36:49.544469: train_loss -0.704
2026-07-03 06:36:49.544657: val_loss -0.6828
2026-07-03 06:36:49.544757: Pseudo dice [0.7206, 0.8507, 0.78]
2026-07-03 06:36:49.544842: Epoch time: 26.58 s
2026-07-03 06:36:49.544911: Yayy! New best EMA pseudo Dice: 0.7674
2026-07-03 06:36:50.977630: 
2026-07-03 06:36:50.977793: Epoch 58
2026-07-03 06:36:50.977914: Current learning rate: 0.00064
2026-07-03 06:37:17.563355: train_loss -0.6953
2026-07-03 06:37:17.563589: val_loss -0.7028
2026-07-03 06:37:17.563692: Pseudo dice [0.7208, 0.856, 0.778]
2026-07-03 06:37:17.563789: Epoch time: 26.59 s
2026-07-03 06:37:17.563865: Yayy! New best EMA pseudo Dice: 0.7691
2026-07-03 06:37:18.818104: 
2026-07-03 06:37:18.818273: Epoch 59
2026-07-03 06:37:18.818411: Current learning rate: 0.00064
2026-07-03 06:37:45.509914: train_loss -0.6942
2026-07-03 06:37:45.510126: val_loss -0.6546
2026-07-03 06:37:45.510230: Pseudo dice [0.7435, 0.8074, 0.7269]
2026-07-03 06:37:45.510323: Epoch time: 26.69 s
2026-07-03 06:37:46.654633: 
2026-07-03 06:37:46.654794: Epoch 60
2026-07-03 06:37:46.654917: Current learning rate: 0.00063
2026-07-03 06:38:13.237119: train_loss -0.6962
2026-07-03 06:38:13.237357: val_loss -0.6812
2026-07-03 06:38:13.237455: Pseudo dice [0.7367, 0.8508, 0.7388]
2026-07-03 06:38:13.237546: Epoch time: 26.58 s
2026-07-03 06:38:14.523668: 
2026-07-03 06:38:14.523830: Epoch 61
2026-07-03 06:38:14.523951: Current learning rate: 0.00063
2026-07-03 06:38:41.110909: train_loss -0.6953
2026-07-03 06:38:41.111112: val_loss -0.6402
2026-07-03 06:38:41.111217: Pseudo dice [0.7296, 0.8234, 0.7253]
2026-07-03 06:38:41.111304: Epoch time: 26.59 s
2026-07-03 06:38:42.261992: 
2026-07-03 06:38:42.262158: Epoch 62
2026-07-03 06:38:42.262282: Current learning rate: 0.00062
2026-07-03 06:39:08.956597: train_loss -0.6899
2026-07-03 06:39:08.956800: val_loss -0.7049
2026-07-03 06:39:08.956900: Pseudo dice [0.7357, 0.8378, 0.7636]
2026-07-03 06:39:08.956988: Epoch time: 26.7 s
2026-07-03 06:39:10.109944: 
2026-07-03 06:39:10.110112: Epoch 63
2026-07-03 06:39:10.110236: Current learning rate: 0.00061
2026-07-03 06:39:36.688363: train_loss -0.7142
2026-07-03 06:39:36.688598: val_loss -0.6597
2026-07-03 06:39:36.688703: Pseudo dice [0.7278, 0.8492, 0.7507]
2026-07-03 06:39:36.688797: Epoch time: 26.58 s
2026-07-03 06:39:36.688869: Yayy! New best EMA pseudo Dice: 0.7697
2026-07-03 06:39:38.086057: 
2026-07-03 06:39:38.086216: Epoch 64
2026-07-03 06:39:38.086338: Current learning rate: 0.00061
2026-07-03 06:40:04.667174: train_loss -0.7001
2026-07-03 06:40:04.667372: val_loss -0.7041
2026-07-03 06:40:04.667476: Pseudo dice [0.7451, 0.848, 0.7695]
2026-07-03 06:40:04.667563: Epoch time: 26.58 s
2026-07-03 06:40:04.667635: Yayy! New best EMA pseudo Dice: 0.7715
2026-07-03 06:40:05.925990: 
2026-07-03 06:40:05.926199: Epoch 65
2026-07-03 06:40:05.926372: Current learning rate: 0.0006
2026-07-03 06:40:32.669134: train_loss -0.7074
2026-07-03 06:40:32.669328: val_loss -0.6809
2026-07-03 06:40:32.669429: Pseudo dice [0.755, 0.8417, 0.755]
2026-07-03 06:40:32.669513: Epoch time: 26.74 s
2026-07-03 06:40:32.669583: Yayy! New best EMA pseudo Dice: 0.7728
2026-07-03 06:40:33.923828: 
2026-07-03 06:40:33.923986: Epoch 66
2026-07-03 06:40:33.924099: Current learning rate: 0.00059
2026-07-03 06:41:00.644272: train_loss -0.6888
2026-07-03 06:41:00.644475: val_loss -0.7057
2026-07-03 06:41:00.644575: Pseudo dice [0.7439, 0.8504, 0.7795]
2026-07-03 06:41:00.644662: Epoch time: 26.72 s
2026-07-03 06:41:00.644730: Yayy! New best EMA pseudo Dice: 0.7746
2026-07-03 06:41:01.895029: 
2026-07-03 06:41:01.895184: Epoch 67
2026-07-03 06:41:01.895282: Current learning rate: 0.00059
2026-07-03 06:41:28.472986: train_loss -0.714
2026-07-03 06:41:28.473237: val_loss -0.6837
2026-07-03 06:41:28.473339: Pseudo dice [0.7459, 0.8437, 0.7727]
2026-07-03 06:41:28.473432: Epoch time: 26.58 s
2026-07-03 06:41:28.473506: Yayy! New best EMA pseudo Dice: 0.7759
2026-07-03 06:41:29.856293: 
2026-07-03 06:41:29.856450: Epoch 68
2026-07-03 06:41:29.856548: Current learning rate: 0.00058
2026-07-03 06:41:56.441356: train_loss -0.695
2026-07-03 06:41:56.441547: val_loss -0.6702
2026-07-03 06:41:56.441646: Pseudo dice [0.7433, 0.8259, 0.7403]
2026-07-03 06:41:56.441730: Epoch time: 26.59 s
2026-07-03 06:41:57.573405: 
2026-07-03 06:41:57.573555: Epoch 69
2026-07-03 06:41:57.573652: Current learning rate: 0.00057
2026-07-03 06:42:24.228640: train_loss -0.7101
2026-07-03 06:42:24.228828: val_loss -0.6723
2026-07-03 06:42:24.228927: Pseudo dice [0.7433, 0.8491, 0.7678]
2026-07-03 06:42:24.229021: Epoch time: 26.66 s
2026-07-03 06:42:24.229092: Yayy! New best EMA pseudo Dice: 0.7764
2026-07-03 06:42:25.469753: 
2026-07-03 06:42:25.469899: Epoch 70
2026-07-03 06:42:25.469995: Current learning rate: 0.00057
2026-07-03 06:42:52.174045: train_loss -0.7106
2026-07-03 06:42:52.174237: val_loss -0.6883
2026-07-03 06:42:52.174336: Pseudo dice [0.7364, 0.8451, 0.741]
2026-07-03 06:42:52.174421: Epoch time: 26.71 s
2026-07-03 06:42:53.314942: 
2026-07-03 06:42:53.315104: Epoch 71
2026-07-03 06:42:53.315200: Current learning rate: 0.00056
2026-07-03 06:43:19.885328: train_loss -0.7094
2026-07-03 06:43:19.885520: val_loss -0.6811
2026-07-03 06:43:19.885622: Pseudo dice [0.7359, 0.8599, 0.7626]
2026-07-03 06:43:19.885707: Epoch time: 26.57 s
2026-07-03 06:43:19.885775: Yayy! New best EMA pseudo Dice: 0.7772
2026-07-03 06:43:21.241783: 
2026-07-03 06:43:21.241937: Epoch 72
2026-07-03 06:43:21.242038: Current learning rate: 0.00056
2026-07-03 06:43:47.821762: train_loss -0.7177
2026-07-03 06:43:47.821959: val_loss -0.6665
2026-07-03 06:43:47.822070: Pseudo dice [0.7287, 0.8412, 0.7443]
2026-07-03 06:43:47.822162: Epoch time: 26.58 s
2026-07-03 06:43:48.962832: 
2026-07-03 06:43:48.962983: Epoch 73
2026-07-03 06:43:48.963086: Current learning rate: 0.00055
2026-07-03 06:44:15.686374: train_loss -0.7093
2026-07-03 06:44:15.686575: val_loss -0.6646
2026-07-03 06:44:15.686675: Pseudo dice [0.7317, 0.8368, 0.7492]
2026-07-03 06:44:15.686764: Epoch time: 26.73 s
2026-07-03 06:44:16.824827: 
2026-07-03 06:44:16.824970: Epoch 74
2026-07-03 06:44:16.825077: Current learning rate: 0.00054
2026-07-03 06:44:43.402243: train_loss -0.7057
2026-07-03 06:44:43.402429: val_loss -0.6952
2026-07-03 06:44:43.402526: Pseudo dice [0.7386, 0.8637, 0.7554]
2026-07-03 06:44:43.402611: Epoch time: 26.58 s
2026-07-03 06:44:44.657103: 
2026-07-03 06:44:44.657253: Epoch 75
2026-07-03 06:44:44.657349: Current learning rate: 0.00054
2026-07-03 06:45:11.243801: train_loss -0.7231
2026-07-03 06:45:11.244000: val_loss -0.7012
2026-07-03 06:45:11.244112: Pseudo dice [0.7543, 0.8458, 0.7606]
2026-07-03 06:45:11.244201: Epoch time: 26.59 s
2026-07-03 06:45:11.244875: Yayy! New best EMA pseudo Dice: 0.7782
2026-07-03 06:45:12.485832: 
2026-07-03 06:45:12.485988: Epoch 76
2026-07-03 06:45:12.486096: Current learning rate: 0.00053
2026-07-03 06:45:39.158091: train_loss -0.709
2026-07-03 06:45:39.158293: val_loss -0.6784
2026-07-03 06:45:39.158391: Pseudo dice [0.7444, 0.8451, 0.7567]
2026-07-03 06:45:39.158479: Epoch time: 26.67 s
2026-07-03 06:45:39.158548: Yayy! New best EMA pseudo Dice: 0.7785
2026-07-03 06:45:40.425910: 
2026-07-03 06:45:40.426061: Epoch 77
2026-07-03 06:45:40.426157: Current learning rate: 0.00052
2026-07-03 06:46:07.084531: train_loss -0.7107
2026-07-03 06:46:07.084739: val_loss -0.6941
2026-07-03 06:46:07.084848: Pseudo dice [0.7369, 0.8562, 0.7902]
2026-07-03 06:46:07.084939: Epoch time: 26.66 s
2026-07-03 06:46:07.085011: Yayy! New best EMA pseudo Dice: 0.7801
2026-07-03 06:46:08.338220: 
2026-07-03 06:46:08.338382: Epoch 78
2026-07-03 06:46:08.338483: Current learning rate: 0.00052
2026-07-03 06:46:34.911728: train_loss -0.7078
2026-07-03 06:46:34.911916: val_loss -0.689
2026-07-03 06:46:34.912020: Pseudo dice [0.7364, 0.849, 0.7774]
2026-07-03 06:46:34.912107: Epoch time: 26.58 s
2026-07-03 06:46:34.912175: Yayy! New best EMA pseudo Dice: 0.7809
2026-07-03 06:46:36.284343: 
2026-07-03 06:46:36.284497: Epoch 79
2026-07-03 06:46:36.284592: Current learning rate: 0.00051
2026-07-03 06:47:02.869491: train_loss -0.712
2026-07-03 06:47:02.869694: val_loss -0.7041
2026-07-03 06:47:02.869798: Pseudo dice [0.7508, 0.8509, 0.7575]
2026-07-03 06:47:02.869883: Epoch time: 26.59 s
2026-07-03 06:47:02.869952: Yayy! New best EMA pseudo Dice: 0.7814
2026-07-03 06:47:04.126545: 
2026-07-03 06:47:04.126694: Epoch 80
2026-07-03 06:47:04.126788: Current learning rate: 0.0005
2026-07-03 06:47:30.842240: train_loss -0.7152
2026-07-03 06:47:30.842437: val_loss -0.6856
2026-07-03 06:47:30.842541: Pseudo dice [0.7427, 0.8212, 0.7749]
2026-07-03 06:47:30.842627: Epoch time: 26.72 s
2026-07-03 06:47:31.989563: 
2026-07-03 06:47:31.989711: Epoch 81
2026-07-03 06:47:31.989839: Current learning rate: 0.0005
2026-07-03 06:47:58.690555: train_loss -0.7215
2026-07-03 06:47:58.690752: val_loss -0.7001
2026-07-03 06:47:58.690860: Pseudo dice [0.7506, 0.8486, 0.7839]
2026-07-03 06:47:58.690952: Epoch time: 26.7 s
2026-07-03 06:47:58.691032: Yayy! New best EMA pseudo Dice: 0.7826
2026-07-03 06:47:59.940984: 
2026-07-03 06:47:59.941146: Epoch 82
2026-07-03 06:47:59.941241: Current learning rate: 0.00049
2026-07-03 06:48:26.518195: train_loss -0.7247
2026-07-03 06:48:26.518407: val_loss -0.7182
2026-07-03 06:48:26.518515: Pseudo dice [0.7549, 0.8603, 0.7982]
2026-07-03 06:48:26.518607: Epoch time: 26.58 s
2026-07-03 06:48:26.518677: Yayy! New best EMA pseudo Dice: 0.7848
2026-07-03 06:48:27.856558: 
2026-07-03 06:48:27.856713: Epoch 83
2026-07-03 06:48:27.856812: Current learning rate: 0.00048
2026-07-03 06:48:54.434199: train_loss -0.722
2026-07-03 06:48:54.434404: val_loss -0.6921
2026-07-03 06:48:54.434505: Pseudo dice [0.7309, 0.8568, 0.7579]
2026-07-03 06:48:54.434593: Epoch time: 26.58 s
2026-07-03 06:48:55.546074: 
2026-07-03 06:48:55.546229: Epoch 84
2026-07-03 06:48:55.546327: Current learning rate: 0.00048
2026-07-03 06:49:22.263025: train_loss -0.7343
2026-07-03 06:49:22.263222: val_loss -0.6951
2026-07-03 06:49:22.263326: Pseudo dice [0.7293, 0.8539, 0.7522]
2026-07-03 06:49:22.263411: Epoch time: 26.72 s
2026-07-03 06:49:23.368768: 
2026-07-03 06:49:23.368919: Epoch 85
2026-07-03 06:49:23.369020: Current learning rate: 0.00047
2026-07-03 06:49:49.938886: train_loss -0.7325
2026-07-03 06:49:49.939079: val_loss -0.6766
2026-07-03 06:49:49.939181: Pseudo dice [0.7289, 0.8435, 0.7798]
2026-07-03 06:49:49.939266: Epoch time: 26.57 s
2026-07-03 06:49:51.045801: 
2026-07-03 06:49:51.045951: Epoch 86
2026-07-03 06:49:51.046051: Current learning rate: 0.00046
2026-07-03 06:50:17.721785: train_loss -0.7318
2026-07-03 06:50:17.721984: val_loss -0.7129
2026-07-03 06:50:17.722097: Pseudo dice [0.7468, 0.8611, 0.7866]
2026-07-03 06:50:17.722183: Epoch time: 26.68 s
2026-07-03 06:50:17.722251: Yayy! New best EMA pseudo Dice: 0.7853
2026-07-03 06:50:18.940134: 
2026-07-03 06:50:18.940284: Epoch 87
2026-07-03 06:50:18.940380: Current learning rate: 0.00046
2026-07-03 06:50:45.605485: train_loss -0.7318
2026-07-03 06:50:45.605683: val_loss -0.6785
2026-07-03 06:50:45.605783: Pseudo dice [0.7459, 0.8608, 0.7834]
2026-07-03 06:50:45.605867: Epoch time: 26.67 s
2026-07-03 06:50:45.605936: Yayy! New best EMA pseudo Dice: 0.7865
2026-07-03 06:50:46.825249: 
2026-07-03 06:50:46.825398: Epoch 88
2026-07-03 06:50:46.825502: Current learning rate: 0.00045
2026-07-03 06:51:13.408733: train_loss -0.7212
2026-07-03 06:51:13.408944: val_loss -0.6803
2026-07-03 06:51:13.409051: Pseudo dice [0.7555, 0.8211, 0.7675]
2026-07-03 06:51:13.409139: Epoch time: 26.59 s
2026-07-03 06:51:14.633076: 
2026-07-03 06:51:14.633232: Epoch 89
2026-07-03 06:51:14.633333: Current learning rate: 0.00044
2026-07-03 06:51:41.225579: train_loss -0.7341
2026-07-03 06:51:41.225785: val_loss -0.6615
2026-07-03 06:51:41.225884: Pseudo dice [0.725, 0.85, 0.7567]
2026-07-03 06:51:41.225968: Epoch time: 26.59 s
2026-07-03 06:51:42.340553: 
2026-07-03 06:51:42.340724: Epoch 90
2026-07-03 06:51:42.340825: Current learning rate: 0.00044
2026-07-03 06:52:09.060240: train_loss -0.7212
2026-07-03 06:52:09.060444: val_loss -0.6919
2026-07-03 06:52:09.060541: Pseudo dice [0.7628, 0.8542, 0.7927]
2026-07-03 06:52:09.060627: Epoch time: 26.72 s
2026-07-03 06:52:09.060699: Yayy! New best EMA pseudo Dice: 0.7869
2026-07-03 06:52:10.271509: 
2026-07-03 06:52:10.271656: Epoch 91
2026-07-03 06:52:10.271750: Current learning rate: 0.00043
2026-07-03 06:52:36.977156: train_loss -0.7397
2026-07-03 06:52:36.977358: val_loss -0.6975
2026-07-03 06:52:36.977459: Pseudo dice [0.7338, 0.8522, 0.7607]
2026-07-03 06:52:36.977544: Epoch time: 26.71 s
2026-07-03 06:52:38.095576: 
2026-07-03 06:52:38.095731: Epoch 92
2026-07-03 06:52:38.095827: Current learning rate: 0.00043
2026-07-03 06:53:04.669889: train_loss -0.7314
2026-07-03 06:53:04.670115: val_loss -0.6989
2026-07-03 06:53:04.670225: Pseudo dice [0.7435, 0.8572, 0.7712]
2026-07-03 06:53:04.670317: Epoch time: 26.58 s
2026-07-03 06:53:05.790442: 
2026-07-03 06:53:05.790601: Epoch 93
2026-07-03 06:53:05.790699: Current learning rate: 0.00042
2026-07-03 06:53:32.459760: train_loss -0.7263
2026-07-03 06:53:32.459945: val_loss -0.6731
2026-07-03 06:53:32.460054: Pseudo dice [0.7324, 0.8575, 0.7716]
2026-07-03 06:53:32.460142: Epoch time: 26.67 s
2026-07-03 06:53:33.570860: 
2026-07-03 06:53:33.571007: Epoch 94
2026-07-03 06:53:33.571147: Current learning rate: 0.00041
2026-07-03 06:54:00.146691: train_loss -0.7329
2026-07-03 06:54:00.146893: val_loss -0.6961
2026-07-03 06:54:00.146990: Pseudo dice [0.7502, 0.8619, 0.7553]
2026-07-03 06:54:00.147088: Epoch time: 26.58 s
2026-07-03 06:54:00.147158: Yayy! New best EMA pseudo Dice: 0.7871
2026-07-03 06:54:01.483250: 
2026-07-03 06:54:01.483399: Epoch 95
2026-07-03 06:54:01.483526: Current learning rate: 0.00041
2026-07-03 06:54:28.067765: train_loss -0.7348
2026-07-03 06:54:28.067971: val_loss -0.7132
2026-07-03 06:54:28.068085: Pseudo dice [0.7616, 0.8566, 0.7758]
2026-07-03 06:54:28.068173: Epoch time: 26.59 s
2026-07-03 06:54:28.068244: Yayy! New best EMA pseudo Dice: 0.7882
2026-07-03 06:54:29.294323: 
2026-07-03 06:54:29.294480: Epoch 96
2026-07-03 06:54:29.294578: Current learning rate: 0.0004
2026-07-03 06:54:55.961899: train_loss -0.7313
2026-07-03 06:54:55.962104: val_loss -0.6979
2026-07-03 06:54:55.962204: Pseudo dice [0.7349, 0.8477, 0.7857]
2026-07-03 06:54:55.962288: Epoch time: 26.67 s
2026-07-03 06:54:55.962356: Yayy! New best EMA pseudo Dice: 0.7883
2026-07-03 06:54:57.193554: 
2026-07-03 06:54:57.193707: Epoch 97
2026-07-03 06:54:57.193812: Current learning rate: 0.00039
2026-07-03 06:55:23.873326: train_loss -0.7233
2026-07-03 06:55:23.873514: val_loss -0.6983
2026-07-03 06:55:23.873613: Pseudo dice [0.7546, 0.8623, 0.7748]
2026-07-03 06:55:23.874301: Epoch time: 26.68 s
2026-07-03 06:55:23.874378: Yayy! New best EMA pseudo Dice: 0.7892
2026-07-03 06:55:25.126451: 
2026-07-03 06:55:25.126599: Epoch 98
2026-07-03 06:55:25.126695: Current learning rate: 0.00039
2026-07-03 06:55:51.701713: train_loss -0.7377
2026-07-03 06:55:51.701951: val_loss -0.6907
2026-07-03 06:55:51.702060: Pseudo dice [0.7532, 0.8606, 0.77]
2026-07-03 06:55:51.702152: Epoch time: 26.58 s
2026-07-03 06:55:51.702221: Yayy! New best EMA pseudo Dice: 0.7897
2026-07-03 06:55:52.932324: 
2026-07-03 06:55:52.932477: Epoch 99
2026-07-03 06:55:52.932575: Current learning rate: 0.00038
2026-07-03 06:56:19.669412: train_loss -0.7362
2026-07-03 06:56:19.669650: val_loss -0.7066
2026-07-03 06:56:19.669753: Pseudo dice [0.7593, 0.8481, 0.7781]
2026-07-03 06:56:19.669845: Epoch time: 26.74 s
2026-07-03 06:56:19.777244: Yayy! New best EMA pseudo Dice: 0.7903
2026-07-03 06:56:21.006821: 
2026-07-03 06:56:21.006972: Epoch 100
2026-07-03 06:56:21.007075: Current learning rate: 0.00037
2026-07-03 06:56:47.671523: train_loss -0.7506
2026-07-03 06:56:47.671719: val_loss -0.7209
2026-07-03 06:56:47.671826: Pseudo dice [0.7491, 0.8597, 0.786]
2026-07-03 06:56:47.671915: Epoch time: 26.67 s
2026-07-03 06:56:47.671986: Yayy! New best EMA pseudo Dice: 0.7911
2026-07-03 06:56:48.909285: 
2026-07-03 06:56:48.909435: Epoch 101
2026-07-03 06:56:48.909531: Current learning rate: 0.00037
2026-07-03 06:57:15.486409: train_loss -0.7345
2026-07-03 06:57:15.486640: val_loss -0.692
2026-07-03 06:57:15.486741: Pseudo dice [0.7458, 0.845, 0.7806]
2026-07-03 06:57:15.486832: Epoch time: 26.58 s
2026-07-03 06:57:16.748312: 
2026-07-03 06:57:16.748459: Epoch 102
2026-07-03 06:57:16.748559: Current learning rate: 0.00036
2026-07-03 06:57:43.334234: train_loss -0.7419
2026-07-03 06:57:43.334470: val_loss -0.694
2026-07-03 06:57:43.334573: Pseudo dice [0.7585, 0.853, 0.7892]
2026-07-03 06:57:43.334668: Epoch time: 26.59 s
2026-07-03 06:57:43.334745: Yayy! New best EMA pseudo Dice: 0.7919
2026-07-03 06:57:44.570339: 
2026-07-03 06:57:44.570494: Epoch 103
2026-07-03 06:57:44.570591: Current learning rate: 0.00035
2026-07-03 06:58:11.258303: train_loss -0.74
2026-07-03 06:58:11.258501: val_loss -0.6848
2026-07-03 06:58:11.258601: Pseudo dice [0.7472, 0.8669, 0.7988]
2026-07-03 06:58:11.258690: Epoch time: 26.69 s
2026-07-03 06:58:11.258761: Yayy! New best EMA pseudo Dice: 0.7932
2026-07-03 06:58:12.494482: 
2026-07-03 06:58:12.494631: Epoch 104
2026-07-03 06:58:12.494726: Current learning rate: 0.00035
2026-07-03 06:58:39.175227: train_loss -0.7452
2026-07-03 06:58:39.175438: val_loss -0.6808
2026-07-03 06:58:39.175541: Pseudo dice [0.7441, 0.8395, 0.7659]
2026-07-03 06:58:39.175629: Epoch time: 26.68 s
2026-07-03 06:58:40.332909: 
2026-07-03 06:58:40.333070: Epoch 105
2026-07-03 06:58:40.333168: Current learning rate: 0.00034
2026-07-03 06:59:06.905695: train_loss -0.7357
2026-07-03 06:59:06.905891: val_loss -0.7118
2026-07-03 06:59:06.905988: Pseudo dice [0.75, 0.8503, 0.7849]
2026-07-03 06:59:06.906084: Epoch time: 26.57 s
2026-07-03 06:59:08.033968: 
2026-07-03 06:59:08.034125: Epoch 106
2026-07-03 06:59:08.034221: Current learning rate: 0.00033
2026-07-03 06:59:34.749245: train_loss -0.7459
2026-07-03 06:59:34.749445: val_loss -0.7083
2026-07-03 06:59:34.749547: Pseudo dice [0.7681, 0.8432, 0.7667]
2026-07-03 06:59:34.749639: Epoch time: 26.72 s
2026-07-03 06:59:35.884068: 
2026-07-03 06:59:35.884218: Epoch 107
2026-07-03 06:59:35.884313: Current learning rate: 0.00032
2026-07-03 07:00:02.595963: train_loss -0.7341
2026-07-03 07:00:02.596165: val_loss -0.7257
2026-07-03 07:00:02.596265: Pseudo dice [0.742, 0.8684, 0.7966]
2026-07-03 07:00:02.596389: Epoch time: 26.71 s
2026-07-03 07:00:02.596465: Yayy! New best EMA pseudo Dice: 0.7935
2026-07-03 07:00:03.841696: 
2026-07-03 07:00:03.841862: Epoch 108
2026-07-03 07:00:03.841973: Current learning rate: 0.00032
2026-07-03 07:00:30.418898: train_loss -0.7526
2026-07-03 07:00:30.419089: val_loss -0.685
2026-07-03 07:00:30.419189: Pseudo dice [0.742, 0.8558, 0.7959]
2026-07-03 07:00:30.419276: Epoch time: 26.58 s
2026-07-03 07:00:30.419345: Yayy! New best EMA pseudo Dice: 0.7939
2026-07-03 07:00:31.783992: 
2026-07-03 07:00:31.784150: Epoch 109
2026-07-03 07:00:31.784246: Current learning rate: 0.00031
2026-07-03 07:00:58.367272: train_loss -0.7486
2026-07-03 07:00:58.367474: val_loss -0.6647
2026-07-03 07:00:58.367573: Pseudo dice [0.7196, 0.8321, 0.7508]
2026-07-03 07:00:58.367663: Epoch time: 26.58 s
2026-07-03 07:00:59.502666: 
2026-07-03 07:00:59.502818: Epoch 110
2026-07-03 07:00:59.502916: Current learning rate: 0.0003
2026-07-03 07:01:26.185483: train_loss -0.7575
2026-07-03 07:01:26.185684: val_loss -0.7051
2026-07-03 07:01:26.185783: Pseudo dice [0.7465, 0.8644, 0.7693]
2026-07-03 07:01:26.185868: Epoch time: 26.68 s
2026-07-03 07:01:27.318075: 
2026-07-03 07:01:27.318221: Epoch 111
2026-07-03 07:01:27.318319: Current learning rate: 0.0003
2026-07-03 07:01:53.901285: train_loss -0.7531
2026-07-03 07:01:53.901479: val_loss -0.7098
2026-07-03 07:01:53.901580: Pseudo dice [0.7561, 0.8525, 0.7565]
2026-07-03 07:01:53.901668: Epoch time: 26.58 s
2026-07-03 07:01:55.035738: 
2026-07-03 07:01:55.035889: Epoch 112
2026-07-03 07:01:55.035988: Current learning rate: 0.00029
2026-07-03 07:02:21.705075: train_loss -0.7409
2026-07-03 07:02:21.705275: val_loss -0.6965
2026-07-03 07:02:21.705374: Pseudo dice [0.7522, 0.8323, 0.775]
2026-07-03 07:02:21.705464: Epoch time: 26.67 s
2026-07-03 07:02:22.836515: 
2026-07-03 07:02:22.836666: Epoch 113
2026-07-03 07:02:22.836762: Current learning rate: 0.00028
2026-07-03 07:02:49.501795: train_loss -0.7355
2026-07-03 07:02:49.501980: val_loss -0.7175
2026-07-03 07:02:49.502085: Pseudo dice [0.7616, 0.8646, 0.7786]
2026-07-03 07:02:49.502170: Epoch time: 26.67 s
2026-07-03 07:02:50.632314: 
2026-07-03 07:02:50.632455: Epoch 114
2026-07-03 07:02:50.632552: Current learning rate: 0.00028
2026-07-03 07:03:17.214208: train_loss -0.7607
2026-07-03 07:03:17.214412: val_loss -0.7087
2026-07-03 07:03:17.214512: Pseudo dice [0.7497, 0.8556, 0.785]
2026-07-03 07:03:17.214601: Epoch time: 26.58 s
2026-07-03 07:03:18.469249: 
2026-07-03 07:03:18.469396: Epoch 115
2026-07-03 07:03:18.469491: Current learning rate: 0.00027
2026-07-03 07:03:45.058759: train_loss -0.7525
2026-07-03 07:03:45.058964: val_loss -0.7146
2026-07-03 07:03:45.059074: Pseudo dice [0.754, 0.8652, 0.7854]
2026-07-03 07:03:45.059164: Epoch time: 26.59 s
2026-07-03 07:03:46.201087: 
2026-07-03 07:03:46.201241: Epoch 116
2026-07-03 07:03:46.201334: Current learning rate: 0.00026
2026-07-03 07:04:12.880641: train_loss -0.7449
2026-07-03 07:04:12.880836: val_loss -0.7029
2026-07-03 07:04:12.880935: Pseudo dice [0.7495, 0.8476, 0.7678]
2026-07-03 07:04:12.881029: Epoch time: 26.68 s
2026-07-03 07:04:14.024328: 
2026-07-03 07:04:14.024482: Epoch 117
2026-07-03 07:04:14.024579: Current learning rate: 0.00026
2026-07-03 07:04:40.599142: train_loss -0.7611
2026-07-03 07:04:40.599346: val_loss -0.6851
2026-07-03 07:04:40.599444: Pseudo dice [0.7459, 0.8556, 0.7849]
2026-07-03 07:04:40.599535: Epoch time: 26.58 s
2026-07-03 07:04:41.866638: 
2026-07-03 07:04:41.866800: Epoch 118
2026-07-03 07:04:41.866920: Current learning rate: 0.00025
2026-07-03 07:05:08.450788: train_loss -0.7616
2026-07-03 07:05:08.450991: val_loss -0.7144
2026-07-03 07:05:08.451107: Pseudo dice [0.7441, 0.8517, 0.813]
2026-07-03 07:05:08.451195: Epoch time: 26.59 s
2026-07-03 07:05:08.451264: Yayy! New best EMA pseudo Dice: 0.794
2026-07-03 07:05:09.701713: 
2026-07-03 07:05:09.701860: Epoch 119
2026-07-03 07:05:09.701958: Current learning rate: 0.00024
2026-07-03 07:05:36.413235: train_loss -0.7526
2026-07-03 07:05:36.413424: val_loss -0.7037
2026-07-03 07:05:36.413521: Pseudo dice [0.7372, 0.8543, 0.7762]
2026-07-03 07:05:36.413606: Epoch time: 26.71 s
2026-07-03 07:05:37.555321: 
2026-07-03 07:05:37.555475: Epoch 120
2026-07-03 07:05:37.555569: Current learning rate: 0.00023
2026-07-03 07:06:04.146326: train_loss -0.7559
2026-07-03 07:06:04.146525: val_loss -0.7064
2026-07-03 07:06:04.146622: Pseudo dice [0.7399, 0.8542, 0.7846]
2026-07-03 07:06:04.146710: Epoch time: 26.59 s
2026-07-03 07:06:05.415937: 
2026-07-03 07:06:05.416091: Epoch 121
2026-07-03 07:06:05.416188: Current learning rate: 0.00023
2026-07-03 07:06:32.000601: train_loss -0.7637
2026-07-03 07:06:32.000802: val_loss -0.7024
2026-07-03 07:06:32.000902: Pseudo dice [0.7652, 0.8539, 0.7514]
2026-07-03 07:06:32.000990: Epoch time: 26.59 s
2026-07-03 07:06:33.152488: 
2026-07-03 07:06:33.152638: Epoch 122
2026-07-03 07:06:33.152735: Current learning rate: 0.00022
2026-07-03 07:06:59.820309: train_loss -0.7469
2026-07-03 07:06:59.820509: val_loss -0.6818
2026-07-03 07:06:59.820609: Pseudo dice [0.7483, 0.8363, 0.7664]
2026-07-03 07:06:59.820694: Epoch time: 26.67 s
2026-07-03 07:07:00.972505: 
2026-07-03 07:07:00.972664: Epoch 123
2026-07-03 07:07:00.972768: Current learning rate: 0.00021
2026-07-03 07:07:27.554274: train_loss -0.7613
2026-07-03 07:07:27.554490: val_loss -0.6992
2026-07-03 07:07:27.554588: Pseudo dice [0.7596, 0.863, 0.7792]
2026-07-03 07:07:27.554676: Epoch time: 26.58 s
2026-07-03 07:07:28.709121: 
2026-07-03 07:07:28.709269: Epoch 124
2026-07-03 07:07:28.709365: Current learning rate: 0.00021
2026-07-03 07:07:55.448563: train_loss -0.7618
2026-07-03 07:07:55.448770: val_loss -0.7018
2026-07-03 07:07:55.448869: Pseudo dice [0.7378, 0.8604, 0.7608]
2026-07-03 07:07:55.448957: Epoch time: 26.74 s
2026-07-03 07:07:56.601350: 
2026-07-03 07:07:56.601508: Epoch 125
2026-07-03 07:07:56.601631: Current learning rate: 0.0002
2026-07-03 07:08:23.317462: train_loss -0.7628
2026-07-03 07:08:23.317645: val_loss -0.7094
2026-07-03 07:08:23.317744: Pseudo dice [0.7607, 0.8552, 0.7904]
2026-07-03 07:08:23.317828: Epoch time: 26.72 s
2026-07-03 07:08:24.462451: 
2026-07-03 07:08:24.462600: Epoch 126
2026-07-03 07:08:24.462694: Current learning rate: 0.00019
2026-07-03 07:08:51.048928: train_loss -0.7582
2026-07-03 07:08:51.049132: val_loss -0.6941
2026-07-03 07:08:51.049231: Pseudo dice [0.7572, 0.8485, 0.7671]
2026-07-03 07:08:51.049317: Epoch time: 26.59 s
2026-07-03 07:08:52.316571: 
2026-07-03 07:08:52.316721: Epoch 127
2026-07-03 07:08:52.316818: Current learning rate: 0.00018
2026-07-03 07:09:18.905146: train_loss -0.7596
2026-07-03 07:09:18.905341: val_loss -0.7126
2026-07-03 07:09:18.905439: Pseudo dice [0.7627, 0.8646, 0.7606]
2026-07-03 07:09:18.905526: Epoch time: 26.59 s
2026-07-03 07:09:20.050036: 
2026-07-03 07:09:20.050185: Epoch 128
2026-07-03 07:09:20.050280: Current learning rate: 0.00018
2026-07-03 07:09:46.730966: train_loss -0.7484
2026-07-03 07:09:46.731162: val_loss -0.7046
2026-07-03 07:09:46.731263: Pseudo dice [0.7418, 0.872, 0.7844]
2026-07-03 07:09:46.731349: Epoch time: 26.68 s
2026-07-03 07:09:47.869324: 
2026-07-03 07:09:47.869476: Epoch 129
2026-07-03 07:09:47.869581: Current learning rate: 0.00017
2026-07-03 07:10:14.461774: train_loss -0.7537
2026-07-03 07:10:14.461970: val_loss -0.7169
2026-07-03 07:10:14.462077: Pseudo dice [0.7474, 0.854, 0.7819]
2026-07-03 07:10:14.462168: Epoch time: 26.59 s
2026-07-03 07:10:14.462237: Yayy! New best EMA pseudo Dice: 0.794
2026-07-03 07:10:15.819010: 
2026-07-03 07:10:15.819166: Epoch 130
2026-07-03 07:10:15.819267: Current learning rate: 0.00016
2026-07-03 07:10:42.405977: train_loss -0.7624
2026-07-03 07:10:42.406176: val_loss -0.6959
2026-07-03 07:10:42.406281: Pseudo dice [0.7356, 0.8489, 0.7477]
2026-07-03 07:10:42.406369: Epoch time: 26.59 s
2026-07-03 07:10:43.536683: 
2026-07-03 07:10:43.536847: Epoch 131
2026-07-03 07:10:43.536950: Current learning rate: 0.00016
2026-07-03 07:11:10.262074: train_loss -0.7692
2026-07-03 07:11:10.262269: val_loss -0.6996
2026-07-03 07:11:10.262410: Pseudo dice [0.758, 0.8717, 0.7955]
2026-07-03 07:11:10.262502: Epoch time: 26.73 s
2026-07-03 07:11:11.394886: 
2026-07-03 07:11:11.395061: Epoch 132
2026-07-03 07:11:11.395185: Current learning rate: 0.00015
2026-07-03 07:11:38.109547: train_loss -0.7653
2026-07-03 07:11:38.109733: val_loss -0.7089
2026-07-03 07:11:38.109831: Pseudo dice [0.7537, 0.8613, 0.7603]
2026-07-03 07:11:38.109914: Epoch time: 26.72 s
2026-07-03 07:11:39.238716: 
2026-07-03 07:11:39.238868: Epoch 133
2026-07-03 07:11:39.238963: Current learning rate: 0.00014
2026-07-03 07:12:05.825381: train_loss -0.7528
2026-07-03 07:12:05.825577: val_loss -0.7113
2026-07-03 07:12:05.825676: Pseudo dice [0.7661, 0.8517, 0.7948]
2026-07-03 07:12:05.825761: Epoch time: 26.59 s
2026-07-03 07:12:05.825829: Yayy! New best EMA pseudo Dice: 0.7948
2026-07-03 07:12:07.062945: 
2026-07-03 07:12:07.063102: Epoch 134
2026-07-03 07:12:07.063198: Current learning rate: 0.00013
2026-07-03 07:12:33.742537: train_loss -0.7662
2026-07-03 07:12:33.742735: val_loss -0.6941
2026-07-03 07:12:33.742833: Pseudo dice [0.7534, 0.855, 0.7644]
2026-07-03 07:12:33.742917: Epoch time: 26.68 s
2026-07-03 07:12:34.883405: 
2026-07-03 07:12:34.883560: Epoch 135
2026-07-03 07:12:34.883655: Current learning rate: 0.00013
2026-07-03 07:13:01.462789: train_loss -0.7756
2026-07-03 07:13:01.462985: val_loss -0.6937
2026-07-03 07:13:01.463094: Pseudo dice [0.7526, 0.8514, 0.7781]
2026-07-03 07:13:01.463187: Epoch time: 26.58 s
2026-07-03 07:13:02.739838: 
2026-07-03 07:13:02.739994: Epoch 136
2026-07-03 07:13:02.740100: Current learning rate: 0.00012
2026-07-03 07:13:29.336548: train_loss -0.767
2026-07-03 07:13:29.336774: val_loss -0.7086
2026-07-03 07:13:29.336877: Pseudo dice [0.746, 0.8589, 0.786]
2026-07-03 07:13:29.336972: Epoch time: 26.6 s
2026-07-03 07:13:30.511639: 
2026-07-03 07:13:30.511789: Epoch 137
2026-07-03 07:13:30.511886: Current learning rate: 0.00011
2026-07-03 07:13:57.272527: train_loss -0.7681
2026-07-03 07:13:57.272757: val_loss -0.6799
2026-07-03 07:13:57.272860: Pseudo dice [0.7542, 0.8601, 0.7907]
2026-07-03 07:13:57.272955: Epoch time: 26.76 s
2026-07-03 07:13:57.273037: Yayy! New best EMA pseudo Dice: 0.7953
2026-07-03 07:13:58.524842: 
2026-07-03 07:13:58.524997: Epoch 138
2026-07-03 07:13:58.525103: Current learning rate: 0.0001
2026-07-03 07:14:25.199165: train_loss -0.7691
2026-07-03 07:14:25.199358: val_loss -0.6704
2026-07-03 07:14:25.199461: Pseudo dice [0.7533, 0.8584, 0.763]
2026-07-03 07:14:25.199549: Epoch time: 26.68 s
2026-07-03 07:14:26.341268: 
2026-07-03 07:14:26.341422: Epoch 139
2026-07-03 07:14:26.341520: Current learning rate: 0.0001
2026-07-03 07:14:52.925992: train_loss -0.7685
2026-07-03 07:14:52.926197: val_loss -0.7025
2026-07-03 07:14:52.926296: Pseudo dice [0.756, 0.848, 0.7979]
2026-07-03 07:14:52.926383: Epoch time: 26.59 s
2026-07-03 07:14:52.926457: Yayy! New best EMA pseudo Dice: 0.7955
2026-07-03 07:14:54.175199: 
2026-07-03 07:14:54.175349: Epoch 140
2026-07-03 07:14:54.175447: Current learning rate: 9e-05
2026-07-03 07:15:20.872321: train_loss -0.7684
2026-07-03 07:15:20.872513: val_loss -0.7178
2026-07-03 07:15:20.872614: Pseudo dice [0.7518, 0.8683, 0.7946]
2026-07-03 07:15:20.872702: Epoch time: 26.7 s
2026-07-03 07:15:20.872772: Yayy! New best EMA pseudo Dice: 0.7965
2026-07-03 07:15:22.119123: 
2026-07-03 07:15:22.119274: Epoch 141
2026-07-03 07:15:22.119371: Current learning rate: 8e-05
2026-07-03 07:15:48.857622: train_loss -0.7566
2026-07-03 07:15:48.857812: val_loss -0.7128
2026-07-03 07:15:48.857910: Pseudo dice [0.7621, 0.8601, 0.7911]
2026-07-03 07:15:48.857995: Epoch time: 26.74 s
2026-07-03 07:15:48.858073: Yayy! New best EMA pseudo Dice: 0.7973
2026-07-03 07:15:50.106387: 
2026-07-03 07:15:50.106540: Epoch 142
2026-07-03 07:15:50.106639: Current learning rate: 7e-05
2026-07-03 07:16:16.687976: train_loss -0.761
2026-07-03 07:16:16.688187: val_loss -0.6816
2026-07-03 07:16:16.688285: Pseudo dice [0.7472, 0.8521, 0.7489]
2026-07-03 07:16:16.688373: Epoch time: 26.58 s
2026-07-03 07:16:17.827738: 
2026-07-03 07:16:17.827892: Epoch 143
2026-07-03 07:16:17.827989: Current learning rate: 6e-05
2026-07-03 07:16:44.579137: train_loss -0.7663
2026-07-03 07:16:44.579327: val_loss -0.7204
2026-07-03 07:16:44.579427: Pseudo dice [0.7517, 0.8608, 0.7889]
2026-07-03 07:16:44.579511: Epoch time: 26.75 s
2026-07-03 07:16:45.725293: 
2026-07-03 07:16:45.725489: Epoch 144
2026-07-03 07:16:45.725603: Current learning rate: 6e-05
2026-07-03 07:17:12.451145: train_loss -0.7771
2026-07-03 07:17:12.451333: val_loss -0.7066
2026-07-03 07:17:12.451431: Pseudo dice [0.7468, 0.8647, 0.771]
2026-07-03 07:17:12.451516: Epoch time: 26.73 s
2026-07-03 07:17:13.593572: 
2026-07-03 07:17:13.593723: Epoch 145
2026-07-03 07:17:13.593824: Current learning rate: 5e-05
2026-07-03 07:17:40.182927: train_loss -0.776
2026-07-03 07:17:40.183144: val_loss -0.7141
2026-07-03 07:17:40.183246: Pseudo dice [0.7507, 0.8695, 0.7886]
2026-07-03 07:17:40.183334: Epoch time: 26.59 s
2026-07-03 07:17:41.474747: 
2026-07-03 07:17:41.474915: Epoch 146
2026-07-03 07:17:41.475047: Current learning rate: 4e-05
2026-07-03 07:18:08.061253: train_loss -0.7714
2026-07-03 07:18:08.061439: val_loss -0.7061
2026-07-03 07:18:08.061536: Pseudo dice [0.7603, 0.8603, 0.7662]
2026-07-03 07:18:08.061621: Epoch time: 26.59 s
2026-07-03 07:18:09.214598: 
2026-07-03 07:18:09.214773: Epoch 147
2026-07-03 07:18:09.214875: Current learning rate: 3e-05
2026-07-03 07:18:35.900406: train_loss -0.7731
2026-07-03 07:18:35.900585: val_loss -0.7134
2026-07-03 07:18:35.900681: Pseudo dice [0.7583, 0.8663, 0.8011]
2026-07-03 07:18:35.900763: Epoch time: 26.69 s
2026-07-03 07:18:35.900831: Yayy! New best EMA pseudo Dice: 0.7978
2026-07-03 07:18:37.149946: 
2026-07-03 07:18:37.150098: Epoch 148
2026-07-03 07:18:37.150195: Current learning rate: 2e-05
2026-07-03 07:19:03.733618: train_loss -0.7737
2026-07-03 07:19:03.733826: val_loss -0.7135
2026-07-03 07:19:03.733926: Pseudo dice [0.7617, 0.8547, 0.793]
2026-07-03 07:19:03.734020: Epoch time: 26.59 s
2026-07-03 07:19:03.734093: Yayy! New best EMA pseudo Dice: 0.7984
2026-07-03 07:19:05.148583: 
2026-07-03 07:19:05.148736: Epoch 149
2026-07-03 07:19:05.148844: Current learning rate: 1e-05
2026-07-03 07:19:31.746387: train_loss -0.7754
2026-07-03 07:19:31.746577: val_loss -0.7264
2026-07-03 07:19:31.746679: Pseudo dice [0.7455, 0.8626, 0.783]
2026-07-03 07:19:31.746766: Epoch time: 26.6 s
2026-07-03 07:19:33.057114: Training done.
2026-07-03 07:19:33.057988: Skipping final validation (COMBO_SKIP_FINAL_VALIDATION=1)


=== AG3 [A] a3_g3_uas2 ===
skip=A3  ctx=G3_UAS2
params:  0.922M  (+97.6% vs ENet baseline)
results: /home/yhussein/LightM-UNet/data/nnUNET_results/enet_combo_e150/AG3_a3_g3_uas2
command: nnUNetv2_train 501 2d 0 -tr nnUNetTrainerENetCombo
/home/yhussein/conda-envs/lightmunet/lib/python3.10/site-packages/monai/utils/module.py:396: UserWarning: pkg_resources is deprecated as an API. See https://setuptools.pypa.io/en/latest/pkg_resources.html. The pkg_resources package is slated for removal as early as 2025-11-30. Refrain from using this package or pin to Setuptools<81.
  pkg = __import__(module)  # top level module
Using device: cuda:0

#######################################################################
Please cite the following paper when using nnU-Net:
Isensee, F., Jaeger, P. F., Kohl, S. A., Petersen, J., & Maier-Hein, K. H. (2021). nnU-Net: a self-configuring method for deep learning-based biomedical image segmentation. Nature methods, 18(2), 203-211.
#######################################################################


This is the configuration used by this training:
Configuration name: 2d
 {'data_identifier': 'nnUNetPlans_2d', 'preprocessor_name': 'DefaultPreprocessor', 'batch_size': 4, 'patch_size': [512, 512], 'median_image_size_in_voxels': [512.0, 512.0], 'spacing': [1.0, 1.0], 'normalization_schemes': ['ZScoreNormalization'], 'use_mask_for_norm': [False], 'UNet_class_name': 'PlainConvUNet', 'UNet_base_num_features': 32, 'n_conv_per_stage_encoder': [2, 2, 2, 2, 2, 2, 2, 2], 'n_conv_per_stage_decoder': [2, 2, 2, 2, 2, 2, 2], 'num_pool_per_axis': [7, 7], 'pool_op_kernel_sizes': [[1, 1], [2, 2], [2, 2], [2, 2], [2, 2], [2, 2], [2, 2], [2, 2]], 'conv_kernel_sizes': [[3, 3], [3, 3], [3, 3], [3, 3], [3, 3], [3, 3], [3, 3], [3, 3]], 'unet_max_num_features': 512, 'resampling_fn_data': 'resample_data_or_seg_to_shape', 'resampling_fn_seg': 'resample_data_or_seg_to_shape', 'resampling_fn_data_kwargs': {'is_seg': False, 'order': 3, 'order_z': 0, 'force_separate_z': None}, 'resampling_fn_seg_kwargs': {'is_seg': True, 'order': 1, 'order_z': 0, 'force_separate_z': None}, 'resampling_fn_probabilities': 'resample_data_or_seg_to_shape', 'resampling_fn_probabilities_kwargs': {'is_seg': False, 'order': 1, 'order_z': 0, 'force_separate_z': None}, 'batch_dice': True} 

These are the global plan.json settings:
 {'dataset_name': 'Dataset501_ARCADE', 'plans_name': 'nnUNetPlans', 'original_median_spacing_after_transp': [999.0, 1.0, 1.0], 'original_median_shape_after_transp': [1, 512, 512], 'image_reader_writer': 'NaturalImage2DIO', 'transpose_forward': [0, 1, 2], 'transpose_backward': [0, 1, 2], 'experiment_planner_used': 'ExperimentPlanner', 'label_manager': 'LabelManager', 'foreground_intensity_properties_per_channel': {'0': {'max': 255.0, 'mean': 98.67886352539062, 'median': 96.0, 'min': 0.0, 'percentile_00_5': 32.0, 'percentile_99_5': 186.0, 'std': 31.84078025817871}}} 

2026-07-03 07:19:39.646746: unpacking dataset...
2026-07-03 07:19:43.515366: unpacking done...
2026-07-03 07:19:43.515805: do_dummy_2d_data_aug: False
2026-07-03 07:19:43.521759: Using splits from existing split file: /gpfs/home1/yhussein/LightM-UNet/data/nnUNet_preprocessed/Dataset501_ARCADE/splits_final.json
2026-07-03 07:19:43.522069: The split file contains 1 splits.
2026-07-03 07:19:43.522134: Desired fold for training: 0
2026-07-03 07:19:43.522184: This split has 1000 training and 200 validation cases.
2026-07-03 07:19:43.538591: Skipping architecture plot (COMBO_SKIP_ARCH_PLOT=1)
2026-07-03 07:19:43.547515: 
2026-07-03 07:19:43.547609: Epoch 0
2026-07-03 07:19:43.547714: Current learning rate: 0.001
using pin_memory on device 0
using pin_memory on device 0
2026-07-03 07:20:22.101979: train_loss 0.2886
2026-07-03 07:20:22.102266: val_loss -0.0476
2026-07-03 07:20:22.102384: Pseudo dice [0.0115, 0.3941, 0.0]
2026-07-03 07:20:22.102489: Epoch time: 38.56 s
2026-07-03 07:20:22.102573: Yayy! New best EMA pseudo Dice: 0.1352
2026-07-03 07:20:23.210692: 
2026-07-03 07:20:23.210862: Epoch 1
2026-07-03 07:20:23.210968: Current learning rate: 0.00099
2026-07-03 07:20:58.850684: train_loss -0.1284
2026-07-03 07:20:58.850905: val_loss -0.0981
2026-07-03 07:20:58.851024: Pseudo dice [0.2537, 0.47, 0.0019]
2026-07-03 07:20:58.851120: Epoch time: 35.64 s
2026-07-03 07:20:58.851236: Yayy! New best EMA pseudo Dice: 0.1459
2026-07-03 07:21:00.071193: 
2026-07-03 07:21:00.071353: Epoch 2
2026-07-03 07:21:00.071455: Current learning rate: 0.00099
2026-07-03 07:21:35.635668: train_loss -0.2396
2026-07-03 07:21:35.635914: val_loss -0.3344
2026-07-03 07:21:35.636582: Pseudo dice [0.5308, 0.6863, 0.3341]
2026-07-03 07:21:35.636689: Epoch time: 35.57 s
2026-07-03 07:21:35.636765: Yayy! New best EMA pseudo Dice: 0.183
2026-07-03 07:21:36.908591: 
2026-07-03 07:21:36.908746: Epoch 3
2026-07-03 07:21:36.908844: Current learning rate: 0.00098
2026-07-03 07:22:12.470384: train_loss -0.315
2026-07-03 07:22:12.470621: val_loss -0.4169
2026-07-03 07:22:12.470726: Pseudo dice [0.5704, 0.7217, 0.4501]
2026-07-03 07:22:12.470821: Epoch time: 35.56 s
2026-07-03 07:22:12.470892: Yayy! New best EMA pseudo Dice: 0.2228
2026-07-03 07:22:13.859006: 
2026-07-03 07:22:13.859167: Epoch 4
2026-07-03 07:22:13.859266: Current learning rate: 0.00098
2026-07-03 07:22:49.420196: train_loss -0.3981
2026-07-03 07:22:49.420404: val_loss -0.4008
2026-07-03 07:22:49.420509: Pseudo dice [0.5821, 0.6109, 0.4994]
2026-07-03 07:22:49.420603: Epoch time: 35.56 s
2026-07-03 07:22:49.420673: Yayy! New best EMA pseudo Dice: 0.2569
2026-07-03 07:22:50.670162: 
2026-07-03 07:22:50.670315: Epoch 5
2026-07-03 07:22:50.670411: Current learning rate: 0.00097
2026-07-03 07:23:26.225695: train_loss -0.4316
2026-07-03 07:23:26.225902: val_loss -0.4872
2026-07-03 07:23:26.226007: Pseudo dice [0.5869, 0.7042, 0.6015]
2026-07-03 07:23:26.226107: Epoch time: 35.56 s
2026-07-03 07:23:26.226177: Yayy! New best EMA pseudo Dice: 0.2943
2026-07-03 07:23:27.578785: 
2026-07-03 07:23:27.578934: Epoch 6
2026-07-03 07:23:27.579037: Current learning rate: 0.00096
2026-07-03 07:24:03.149566: train_loss -0.4502
2026-07-03 07:24:03.149773: val_loss -0.4724
2026-07-03 07:24:03.149881: Pseudo dice [0.5927, 0.7392, 0.5713]
2026-07-03 07:24:03.149970: Epoch time: 35.57 s
2026-07-03 07:24:03.150049: Yayy! New best EMA pseudo Dice: 0.3283
2026-07-03 07:24:04.393567: 
2026-07-03 07:24:04.393745: Epoch 7
2026-07-03 07:24:04.393847: Current learning rate: 0.00096
2026-07-03 07:24:39.954706: train_loss -0.4726
2026-07-03 07:24:39.954911: val_loss -0.5431
2026-07-03 07:24:39.955026: Pseudo dice [0.6211, 0.8157, 0.6146]
2026-07-03 07:24:39.955122: Epoch time: 35.56 s
2026-07-03 07:24:39.955191: Yayy! New best EMA pseudo Dice: 0.3639
2026-07-03 07:24:41.308921: 
2026-07-03 07:24:41.309094: Epoch 8
2026-07-03 07:24:41.309219: Current learning rate: 0.00095
2026-07-03 07:25:16.881926: train_loss -0.5015
2026-07-03 07:25:16.882143: val_loss -0.5025
2026-07-03 07:25:16.882250: Pseudo dice [0.6239, 0.6643, 0.6018]
2026-07-03 07:25:16.882342: Epoch time: 35.57 s
2026-07-03 07:25:16.882413: Yayy! New best EMA pseudo Dice: 0.3905
2026-07-03 07:25:18.114363: 
2026-07-03 07:25:18.114514: Epoch 9
2026-07-03 07:25:18.114610: Current learning rate: 0.00095
2026-07-03 07:25:53.685964: train_loss -0.502
2026-07-03 07:25:53.686178: val_loss -0.5155
2026-07-03 07:25:53.686289: Pseudo dice [0.6415, 0.7616, 0.6545]
2026-07-03 07:25:53.686382: Epoch time: 35.57 s
2026-07-03 07:25:53.686454: Yayy! New best EMA pseudo Dice: 0.42
2026-07-03 07:25:54.952977: 
2026-07-03 07:25:54.953140: Epoch 10
2026-07-03 07:25:54.953253: Current learning rate: 0.00094
2026-07-03 07:26:30.567723: train_loss -0.5246
2026-07-03 07:26:30.567927: val_loss -0.6
2026-07-03 07:26:30.568043: Pseudo dice [0.6638, 0.805, 0.688]
2026-07-03 07:26:30.568141: Epoch time: 35.62 s
2026-07-03 07:26:30.568215: Yayy! New best EMA pseudo Dice: 0.4499
2026-07-03 07:26:31.785361: 
2026-07-03 07:26:31.785511: Epoch 11
2026-07-03 07:26:31.785611: Current learning rate: 0.00093
2026-07-03 07:27:07.346268: train_loss -0.5197
2026-07-03 07:27:07.346468: val_loss -0.5723
2026-07-03 07:27:07.346575: Pseudo dice [0.6787, 0.7804, 0.6296]
2026-07-03 07:27:07.346665: Epoch time: 35.56 s
2026-07-03 07:27:07.346736: Yayy! New best EMA pseudo Dice: 0.4745
2026-07-03 07:27:08.561144: 
2026-07-03 07:27:08.561296: Epoch 12
2026-07-03 07:27:08.561392: Current learning rate: 0.00093
2026-07-03 07:27:44.173171: train_loss -0.545
2026-07-03 07:27:44.173380: val_loss -0.5864
2026-07-03 07:27:44.173488: Pseudo dice [0.6671, 0.7899, 0.6484]
2026-07-03 07:27:44.173581: Epoch time: 35.61 s
2026-07-03 07:27:44.173652: Yayy! New best EMA pseudo Dice: 0.4973
2026-07-03 07:27:45.406983: 
2026-07-03 07:27:45.407144: Epoch 13
2026-07-03 07:27:45.407244: Current learning rate: 0.00092
2026-07-03 07:28:20.969065: train_loss -0.5535
2026-07-03 07:28:20.969258: val_loss -0.5831
2026-07-03 07:28:20.969389: Pseudo dice [0.657, 0.7987, 0.6503]
2026-07-03 07:28:20.969481: Epoch time: 35.56 s
2026-07-03 07:28:20.969551: Yayy! New best EMA pseudo Dice: 0.5177
2026-07-03 07:28:22.205306: 
2026-07-03 07:28:22.205457: Epoch 14
2026-07-03 07:28:22.205556: Current learning rate: 0.00092
2026-07-03 07:28:57.821008: train_loss -0.5632
2026-07-03 07:28:57.821211: val_loss -0.5785
2026-07-03 07:28:57.821314: Pseudo dice [0.6873, 0.7758, 0.6633]
2026-07-03 07:28:57.821399: Epoch time: 35.62 s
2026-07-03 07:28:57.821469: Yayy! New best EMA pseudo Dice: 0.5368
2026-07-03 07:28:59.049411: 
2026-07-03 07:28:59.049563: Epoch 15
2026-07-03 07:28:59.049661: Current learning rate: 0.00091
2026-07-03 07:29:34.599421: train_loss -0.5551
2026-07-03 07:29:34.599638: val_loss -0.6065
2026-07-03 07:29:34.599746: Pseudo dice [0.6962, 0.8017, 0.7016]
2026-07-03 07:29:34.599837: Epoch time: 35.55 s
2026-07-03 07:29:34.599908: Yayy! New best EMA pseudo Dice: 0.5565
2026-07-03 07:29:35.827560: 
2026-07-03 07:29:35.827710: Epoch 16
2026-07-03 07:29:35.827808: Current learning rate: 0.0009
2026-07-03 07:30:11.421843: train_loss -0.5674
2026-07-03 07:30:11.422045: val_loss -0.6144
2026-07-03 07:30:11.422154: Pseudo dice [0.7002, 0.8213, 0.7069]
2026-07-03 07:30:11.422244: Epoch time: 35.6 s
2026-07-03 07:30:11.422316: Yayy! New best EMA pseudo Dice: 0.5751
2026-07-03 07:30:12.659576: 
2026-07-03 07:30:12.659729: Epoch 17
2026-07-03 07:30:12.659827: Current learning rate: 0.0009
2026-07-03 07:30:48.208351: train_loss -0.5847
2026-07-03 07:30:48.208552: val_loss -0.6226
2026-07-03 07:30:48.208655: Pseudo dice [0.6848, 0.8141, 0.6999]
2026-07-03 07:30:48.208746: Epoch time: 35.55 s
2026-07-03 07:30:48.208817: Yayy! New best EMA pseudo Dice: 0.5909
2026-07-03 07:30:49.439838: 
2026-07-03 07:30:49.439984: Epoch 18
2026-07-03 07:30:49.440092: Current learning rate: 0.00089
2026-07-03 07:31:24.987769: train_loss -0.5842
2026-07-03 07:31:24.987972: val_loss -0.6089
2026-07-03 07:31:24.988089: Pseudo dice [0.6935, 0.8068, 0.6883]
2026-07-03 07:31:24.988181: Epoch time: 35.55 s
2026-07-03 07:31:24.988250: Yayy! New best EMA pseudo Dice: 0.6048
2026-07-03 07:31:26.353877: 
2026-07-03 07:31:26.354039: Epoch 19
2026-07-03 07:31:26.354137: Current learning rate: 0.00089
2026-07-03 07:32:01.910528: train_loss -0.5997
2026-07-03 07:32:01.910730: val_loss -0.6511
2026-07-03 07:32:01.910832: Pseudo dice [0.7043, 0.8208, 0.7208]
2026-07-03 07:32:01.910923: Epoch time: 35.56 s
2026-07-03 07:32:01.910992: Yayy! New best EMA pseudo Dice: 0.6191
2026-07-03 07:32:03.154666: 
2026-07-03 07:32:03.154817: Epoch 20
2026-07-03 07:32:03.154916: Current learning rate: 0.00088
2026-07-03 07:32:38.709827: train_loss -0.6058
2026-07-03 07:32:38.710040: val_loss -0.5853
2026-07-03 07:32:38.710145: Pseudo dice [0.6656, 0.8088, 0.6302]
2026-07-03 07:32:38.710235: Epoch time: 35.56 s
2026-07-03 07:32:38.710305: Yayy! New best EMA pseudo Dice: 0.6274
2026-07-03 07:32:40.085182: 
2026-07-03 07:32:40.085332: Epoch 21
2026-07-03 07:32:40.085431: Current learning rate: 0.00087
2026-07-03 07:33:15.653861: train_loss -0.6052
2026-07-03 07:33:15.654075: val_loss -0.6388
2026-07-03 07:33:15.654191: Pseudo dice [0.7116, 0.8343, 0.7073]
2026-07-03 07:33:15.654283: Epoch time: 35.57 s
2026-07-03 07:33:15.654355: Yayy! New best EMA pseudo Dice: 0.6398
2026-07-03 07:33:16.870604: 
2026-07-03 07:33:16.870750: Epoch 22
2026-07-03 07:33:16.870848: Current learning rate: 0.00087
2026-07-03 07:33:52.426835: train_loss -0.6118
2026-07-03 07:33:52.427048: val_loss -0.6139
2026-07-03 07:33:52.427157: Pseudo dice [0.7041, 0.8145, 0.6931]
2026-07-03 07:33:52.427249: Epoch time: 35.56 s
2026-07-03 07:33:52.427318: Yayy! New best EMA pseudo Dice: 0.6495
2026-07-03 07:33:53.631672: 
2026-07-03 07:33:53.631821: Epoch 23
2026-07-03 07:33:53.631920: Current learning rate: 0.00086
2026-07-03 07:34:29.247182: train_loss -0.6069
2026-07-03 07:34:29.247383: val_loss -0.5913
2026-07-03 07:34:29.247487: Pseudo dice [0.6747, 0.7701, 0.6756]
2026-07-03 07:34:29.247576: Epoch time: 35.62 s
2026-07-03 07:34:29.247646: Yayy! New best EMA pseudo Dice: 0.6552
2026-07-03 07:34:30.457420: 
2026-07-03 07:34:30.457569: Epoch 24
2026-07-03 07:34:30.457667: Current learning rate: 0.00085
2026-07-03 07:35:06.013449: train_loss -0.6061
2026-07-03 07:35:06.013660: val_loss -0.6266
2026-07-03 07:35:06.013765: Pseudo dice [0.7073, 0.7908, 0.7074]
2026-07-03 07:35:06.013856: Epoch time: 35.56 s
2026-07-03 07:35:06.013926: Yayy! New best EMA pseudo Dice: 0.6632
2026-07-03 07:35:07.233009: 
2026-07-03 07:35:07.233158: Epoch 25
2026-07-03 07:35:07.233255: Current learning rate: 0.00085
2026-07-03 07:35:42.835686: train_loss -0.6325
2026-07-03 07:35:42.835882: val_loss -0.6466
2026-07-03 07:35:42.835988: Pseudo dice [0.6997, 0.8231, 0.7302]
2026-07-03 07:35:42.836086: Epoch time: 35.6 s
2026-07-03 07:35:42.836158: Yayy! New best EMA pseudo Dice: 0.672
2026-07-03 07:35:44.050762: 
2026-07-03 07:35:44.050908: Epoch 26
2026-07-03 07:35:44.051003: Current learning rate: 0.00084
2026-07-03 07:36:19.607299: train_loss -0.6229
2026-07-03 07:36:19.607506: val_loss -0.6419
2026-07-03 07:36:19.607614: Pseudo dice [0.7312, 0.7865, 0.7216]
2026-07-03 07:36:19.607708: Epoch time: 35.56 s
2026-07-03 07:36:19.607778: Yayy! New best EMA pseudo Dice: 0.6794
2026-07-03 07:36:20.836354: 
2026-07-03 07:36:20.836505: Epoch 27
2026-07-03 07:36:20.836603: Current learning rate: 0.00084
2026-07-03 07:36:56.448531: train_loss -0.6382
2026-07-03 07:36:56.448721: val_loss -0.6488
2026-07-03 07:36:56.448825: Pseudo dice [0.7466, 0.8238, 0.7259]
2026-07-03 07:36:56.448913: Epoch time: 35.61 s
2026-07-03 07:36:56.448983: Yayy! New best EMA pseudo Dice: 0.688
2026-07-03 07:36:57.668570: 
2026-07-03 07:36:57.668719: Epoch 28
2026-07-03 07:36:57.668816: Current learning rate: 0.00083
2026-07-03 07:37:33.228996: train_loss -0.6323
2026-07-03 07:37:33.229211: val_loss -0.6079
2026-07-03 07:37:33.229316: Pseudo dice [0.7027, 0.8017, 0.673]
2026-07-03 07:37:33.229408: Epoch time: 35.56 s
2026-07-03 07:37:33.229478: Yayy! New best EMA pseudo Dice: 0.6918
2026-07-03 07:37:34.453768: 
2026-07-03 07:37:34.453926: Epoch 29
2026-07-03 07:37:34.454037: Current learning rate: 0.00082
2026-07-03 07:38:10.062827: train_loss -0.6429
2026-07-03 07:38:10.063028: val_loss -0.6216
2026-07-03 07:38:10.063133: Pseudo dice [0.6996, 0.828, 0.7054]
2026-07-03 07:38:10.063220: Epoch time: 35.61 s
2026-07-03 07:38:10.063290: Yayy! New best EMA pseudo Dice: 0.6971
2026-07-03 07:38:11.292892: 
2026-07-03 07:38:11.293062: Epoch 30
2026-07-03 07:38:11.293189: Current learning rate: 0.00082
2026-07-03 07:38:46.847900: train_loss -0.6464
2026-07-03 07:38:46.848123: val_loss -0.6218
2026-07-03 07:38:46.848231: Pseudo dice [0.7228, 0.7906, 0.7264]
2026-07-03 07:38:46.848325: Epoch time: 35.56 s
2026-07-03 07:38:46.848399: Yayy! New best EMA pseudo Dice: 0.702
2026-07-03 07:38:48.073225: 
2026-07-03 07:38:48.073376: Epoch 31
2026-07-03 07:38:48.073472: Current learning rate: 0.00081
2026-07-03 07:39:23.629445: train_loss -0.6521
2026-07-03 07:39:23.629641: val_loss -0.6073
2026-07-03 07:39:23.629743: Pseudo dice [0.7016, 0.8288, 0.6782]
2026-07-03 07:39:23.629827: Epoch time: 35.56 s
2026-07-03 07:39:23.629895: Yayy! New best EMA pseudo Dice: 0.7054
2026-07-03 07:39:25.012694: 
2026-07-03 07:39:25.012860: Epoch 32
2026-07-03 07:39:25.012961: Current learning rate: 0.00081
2026-07-03 07:40:00.579721: train_loss -0.6214
2026-07-03 07:40:00.579919: val_loss -0.6673
2026-07-03 07:40:00.580030: Pseudo dice [0.7072, 0.853, 0.7648]
2026-07-03 07:40:00.580123: Epoch time: 35.57 s
2026-07-03 07:40:00.580199: Yayy! New best EMA pseudo Dice: 0.7124
2026-07-03 07:40:01.820040: 
2026-07-03 07:40:01.820191: Epoch 33
2026-07-03 07:40:01.820297: Current learning rate: 0.0008
2026-07-03 07:40:37.378380: train_loss -0.6461
2026-07-03 07:40:37.378596: val_loss -0.653
2026-07-03 07:40:37.379338: Pseudo dice [0.7168, 0.8417, 0.7089]
2026-07-03 07:40:37.379443: Epoch time: 35.56 s
2026-07-03 07:40:37.379522: Yayy! New best EMA pseudo Dice: 0.7167
2026-07-03 07:40:38.765211: 
2026-07-03 07:40:38.765360: Epoch 34
2026-07-03 07:40:38.765457: Current learning rate: 0.00079
2026-07-03 07:41:14.334367: train_loss -0.6656
2026-07-03 07:41:14.334587: val_loss -0.6678
2026-07-03 07:41:14.334693: Pseudo dice [0.7283, 0.8339, 0.7559]
2026-07-03 07:41:14.334792: Epoch time: 35.57 s
2026-07-03 07:41:14.334865: Yayy! New best EMA pseudo Dice: 0.7223
2026-07-03 07:41:15.579516: 
2026-07-03 07:41:15.579669: Epoch 35
2026-07-03 07:41:15.579765: Current learning rate: 0.00079
2026-07-03 07:41:51.137093: train_loss -0.6583
2026-07-03 07:41:51.137287: val_loss -0.6504
2026-07-03 07:41:51.137390: Pseudo dice [0.7202, 0.8372, 0.7172]
2026-07-03 07:41:51.137478: Epoch time: 35.56 s
2026-07-03 07:41:51.137552: Yayy! New best EMA pseudo Dice: 0.7259
2026-07-03 07:41:52.370576: 
2026-07-03 07:41:52.370759: Epoch 36
2026-07-03 07:41:52.370918: Current learning rate: 0.00078
2026-07-03 07:42:28.011899: train_loss -0.6469
2026-07-03 07:42:28.012102: val_loss -0.6591
2026-07-03 07:42:28.012202: Pseudo dice [0.7238, 0.8394, 0.7354]
2026-07-03 07:42:28.012286: Epoch time: 35.64 s
2026-07-03 07:42:28.012356: Yayy! New best EMA pseudo Dice: 0.73
2026-07-03 07:42:29.254825: 
2026-07-03 07:42:29.254976: Epoch 37
2026-07-03 07:42:29.255080: Current learning rate: 0.00077
2026-07-03 07:43:04.815417: train_loss -0.6727
2026-07-03 07:43:04.815635: val_loss -0.6579
2026-07-03 07:43:04.815746: Pseudo dice [0.7146, 0.8145, 0.7557]
2026-07-03 07:43:04.815843: Epoch time: 35.56 s
2026-07-03 07:43:04.815919: Yayy! New best EMA pseudo Dice: 0.7331
2026-07-03 07:43:06.049556: 
2026-07-03 07:43:06.049705: Epoch 38
2026-07-03 07:43:06.049801: Current learning rate: 0.00077
2026-07-03 07:43:41.676801: train_loss -0.6644
2026-07-03 07:43:41.677019: val_loss -0.6313
2026-07-03 07:43:41.677137: Pseudo dice [0.7222, 0.8195, 0.6872]
2026-07-03 07:43:41.677230: Epoch time: 35.63 s
2026-07-03 07:43:41.677304: Yayy! New best EMA pseudo Dice: 0.7341
2026-07-03 07:43:42.906044: 
2026-07-03 07:43:42.906192: Epoch 39
2026-07-03 07:43:42.906286: Current learning rate: 0.00076
2026-07-03 07:44:18.469731: train_loss -0.653
2026-07-03 07:44:18.469923: val_loss -0.6429
2026-07-03 07:44:18.470032: Pseudo dice [0.7421, 0.8372, 0.7204]
2026-07-03 07:44:18.470123: Epoch time: 35.57 s
2026-07-03 07:44:18.470196: Yayy! New best EMA pseudo Dice: 0.7374
2026-07-03 07:44:19.710840: 
2026-07-03 07:44:19.710986: Epoch 40
2026-07-03 07:44:19.711090: Current learning rate: 0.00076
2026-07-03 07:44:55.345189: train_loss -0.667
2026-07-03 07:44:55.345399: val_loss -0.6755
2026-07-03 07:44:55.345505: Pseudo dice [0.7391, 0.8386, 0.7516]
2026-07-03 07:44:55.345597: Epoch time: 35.64 s
2026-07-03 07:44:55.345669: Yayy! New best EMA pseudo Dice: 0.7413
2026-07-03 07:44:56.590762: 
2026-07-03 07:44:56.590909: Epoch 41
2026-07-03 07:44:56.591005: Current learning rate: 0.00075
2026-07-03 07:45:32.151922: train_loss -0.6738
2026-07-03 07:45:32.152144: val_loss -0.6612
2026-07-03 07:45:32.152248: Pseudo dice [0.7433, 0.8219, 0.7199]
2026-07-03 07:45:32.152531: Epoch time: 35.56 s
2026-07-03 07:45:32.152617: Yayy! New best EMA pseudo Dice: 0.7433
2026-07-03 07:45:33.364495: 
2026-07-03 07:45:33.364645: Epoch 42
2026-07-03 07:45:33.364741: Current learning rate: 0.00074
2026-07-03 07:46:08.986985: train_loss -0.6774
2026-07-03 07:46:08.987208: val_loss -0.6773
2026-07-03 07:46:08.987316: Pseudo dice [0.7429, 0.8475, 0.7377]
2026-07-03 07:46:08.987410: Epoch time: 35.62 s
2026-07-03 07:46:08.987484: Yayy! New best EMA pseudo Dice: 0.7466
2026-07-03 07:46:10.196188: 
2026-07-03 07:46:10.196337: Epoch 43
2026-07-03 07:46:10.196433: Current learning rate: 0.00074
2026-07-03 07:46:45.760802: train_loss -0.6782
2026-07-03 07:46:45.760998: val_loss -0.651
2026-07-03 07:46:45.761113: Pseudo dice [0.7133, 0.8418, 0.7454]
2026-07-03 07:46:45.761201: Epoch time: 35.57 s
2026-07-03 07:46:45.761273: Yayy! New best EMA pseudo Dice: 0.7486
2026-07-03 07:46:46.975031: 
2026-07-03 07:46:46.975181: Epoch 44
2026-07-03 07:46:46.975284: Current learning rate: 0.00073
2026-07-03 07:47:22.609709: train_loss -0.6731
2026-07-03 07:47:22.609954: val_loss -0.6625
2026-07-03 07:47:22.610068: Pseudo dice [0.735, 0.8361, 0.7297]
2026-07-03 07:47:22.610158: Epoch time: 35.64 s
2026-07-03 07:47:22.610229: Yayy! New best EMA pseudo Dice: 0.7504
2026-07-03 07:47:23.815351: 
2026-07-03 07:47:23.815502: Epoch 45
2026-07-03 07:47:23.815602: Current learning rate: 0.00073
2026-07-03 07:47:59.373082: train_loss -0.6751
2026-07-03 07:47:59.373297: val_loss -0.6606
2026-07-03 07:47:59.373400: Pseudo dice [0.7126, 0.8535, 0.7349]
2026-07-03 07:47:59.373496: Epoch time: 35.56 s
2026-07-03 07:47:59.373569: Yayy! New best EMA pseudo Dice: 0.7521
2026-07-03 07:48:00.592702: 
2026-07-03 07:48:00.592854: Epoch 46
2026-07-03 07:48:00.592954: Current learning rate: 0.00072
2026-07-03 07:48:36.150410: train_loss -0.6791
2026-07-03 07:48:36.150624: val_loss -0.678
2026-07-03 07:48:36.150732: Pseudo dice [0.7182, 0.8437, 0.7593]
2026-07-03 07:48:36.150829: Epoch time: 35.56 s
2026-07-03 07:48:36.150908: Yayy! New best EMA pseudo Dice: 0.7543
2026-07-03 07:48:37.505553: 
2026-07-03 07:48:37.505710: Epoch 47
2026-07-03 07:48:37.505809: Current learning rate: 0.00071
2026-07-03 07:49:13.070556: train_loss -0.6676
2026-07-03 07:49:13.070768: val_loss -0.6415
2026-07-03 07:49:13.070872: Pseudo dice [0.7178, 0.8169, 0.7234]
2026-07-03 07:49:13.070968: Epoch time: 35.57 s
2026-07-03 07:49:14.198712: 
2026-07-03 07:49:14.198866: Epoch 48
2026-07-03 07:49:14.198965: Current learning rate: 0.00071
2026-07-03 07:49:49.763360: train_loss -0.6907
2026-07-03 07:49:49.763579: val_loss -0.6907
2026-07-03 07:49:49.763686: Pseudo dice [0.7522, 0.8458, 0.7449]
2026-07-03 07:49:49.763780: Epoch time: 35.57 s
2026-07-03 07:49:49.763857: Yayy! New best EMA pseudo Dice: 0.7568
2026-07-03 07:49:50.995632: 
2026-07-03 07:49:50.995780: Epoch 49
2026-07-03 07:49:50.995877: Current learning rate: 0.0007
2026-07-03 07:50:26.643560: train_loss -0.687
2026-07-03 07:50:26.643759: val_loss -0.6578
2026-07-03 07:50:26.643864: Pseudo dice [0.7496, 0.8228, 0.7296]
2026-07-03 07:50:26.643956: Epoch time: 35.65 s
2026-07-03 07:50:26.734845: Yayy! New best EMA pseudo Dice: 0.7578
2026-07-03 07:50:27.956781: 
2026-07-03 07:50:27.956928: Epoch 50
2026-07-03 07:50:27.957031: Current learning rate: 0.00069
2026-07-03 07:51:03.513841: train_loss -0.709
2026-07-03 07:51:03.514059: val_loss -0.6645
2026-07-03 07:51:03.514163: Pseudo dice [0.7311, 0.8575, 0.7638]
2026-07-03 07:51:03.514257: Epoch time: 35.56 s
2026-07-03 07:51:03.514331: Yayy! New best EMA pseudo Dice: 0.7605
2026-07-03 07:51:04.739310: 
2026-07-03 07:51:04.739464: Epoch 51
2026-07-03 07:51:04.739559: Current learning rate: 0.00069
2026-07-03 07:51:40.379523: train_loss -0.6859
2026-07-03 07:51:40.379726: val_loss -0.6566
2026-07-03 07:51:40.379829: Pseudo dice [0.7342, 0.8119, 0.7153]
2026-07-03 07:51:40.379919: Epoch time: 35.64 s
2026-07-03 07:51:41.510891: 
2026-07-03 07:51:41.511062: Epoch 52
2026-07-03 07:51:41.511188: Current learning rate: 0.00068
2026-07-03 07:52:17.072258: train_loss -0.6902
2026-07-03 07:52:17.072488: val_loss -0.6831
2026-07-03 07:52:17.072594: Pseudo dice [0.7312, 0.8399, 0.7516]
2026-07-03 07:52:17.072694: Epoch time: 35.56 s
2026-07-03 07:52:17.072768: Yayy! New best EMA pseudo Dice: 0.7613
2026-07-03 07:52:18.355907: 
2026-07-03 07:52:18.356068: Epoch 53
2026-07-03 07:52:18.356169: Current learning rate: 0.00068
2026-07-03 07:52:53.995888: train_loss -0.7047
2026-07-03 07:52:53.996097: val_loss -0.6826
2026-07-03 07:52:53.996199: Pseudo dice [0.7573, 0.8486, 0.7519]
2026-07-03 07:52:53.996286: Epoch time: 35.64 s
2026-07-03 07:52:53.996359: Yayy! New best EMA pseudo Dice: 0.7637
2026-07-03 07:52:55.226202: 
2026-07-03 07:52:55.226819: Epoch 54
2026-07-03 07:52:55.226928: Current learning rate: 0.00067
2026-07-03 07:53:30.788202: train_loss -0.6989
2026-07-03 07:53:30.788400: val_loss -0.6953
2026-07-03 07:53:30.788508: Pseudo dice [0.7601, 0.8511, 0.7558]
2026-07-03 07:53:30.788601: Epoch time: 35.56 s
2026-07-03 07:53:30.788672: Yayy! New best EMA pseudo Dice: 0.7662
2026-07-03 07:53:32.015098: 
2026-07-03 07:53:32.015249: Epoch 55
2026-07-03 07:53:32.015345: Current learning rate: 0.00066
2026-07-03 07:54:07.648750: train_loss -0.7097
2026-07-03 07:54:07.648959: val_loss -0.6237
2026-07-03 07:54:07.649076: Pseudo dice [0.7196, 0.787, 0.7465]
2026-07-03 07:54:07.649171: Epoch time: 35.63 s
2026-07-03 07:54:08.796226: 
2026-07-03 07:54:08.796377: Epoch 56
2026-07-03 07:54:08.796478: Current learning rate: 0.00066
2026-07-03 07:54:44.361661: train_loss -0.6843
2026-07-03 07:54:44.361877: val_loss -0.6646
2026-07-03 07:54:44.361988: Pseudo dice [0.7378, 0.8551, 0.7344]
2026-07-03 07:54:44.362096: Epoch time: 35.57 s
2026-07-03 07:54:45.511169: 
2026-07-03 07:54:45.511323: Epoch 57
2026-07-03 07:54:45.511422: Current learning rate: 0.00065
2026-07-03 07:55:21.072138: train_loss -0.7116
2026-07-03 07:55:21.072351: val_loss -0.6606
2026-07-03 07:55:21.072455: Pseudo dice [0.7453, 0.8401, 0.7272]
2026-07-03 07:55:21.072551: Epoch time: 35.56 s
2026-07-03 07:55:21.072627: Yayy! New best EMA pseudo Dice: 0.7663
2026-07-03 07:55:22.459143: 
2026-07-03 07:55:22.459314: Epoch 58
2026-07-03 07:55:22.459417: Current learning rate: 0.00064
2026-07-03 07:55:58.033084: train_loss -0.6905
2026-07-03 07:55:58.033300: val_loss -0.6721
2026-07-03 07:55:58.033403: Pseudo dice [0.7282, 0.8534, 0.7356]
2026-07-03 07:55:58.033496: Epoch time: 35.58 s
2026-07-03 07:55:58.033570: Yayy! New best EMA pseudo Dice: 0.7669
2026-07-03 07:55:59.274357: 
2026-07-03 07:55:59.274504: Epoch 59
2026-07-03 07:55:59.274603: Current learning rate: 0.00064
2026-07-03 07:56:34.836372: train_loss -0.7044
2026-07-03 07:56:34.836626: val_loss -0.6652
2026-07-03 07:56:34.836740: Pseudo dice [0.7495, 0.8222, 0.7485]
2026-07-03 07:56:34.836838: Epoch time: 35.56 s
2026-07-03 07:56:34.836915: Yayy! New best EMA pseudo Dice: 0.7676
2026-07-03 07:56:36.083643: 
2026-07-03 07:56:36.083807: Epoch 60
2026-07-03 07:56:36.083913: Current learning rate: 0.00063
2026-07-03 07:57:11.734031: train_loss -0.7105
2026-07-03 07:57:11.734261: val_loss -0.6881
2026-07-03 07:57:11.734367: Pseudo dice [0.7524, 0.8482, 0.7613]
2026-07-03 07:57:11.734461: Epoch time: 35.65 s
2026-07-03 07:57:11.734535: Yayy! New best EMA pseudo Dice: 0.7696
2026-07-03 07:57:12.975427: 
2026-07-03 07:57:12.975578: Epoch 61
2026-07-03 07:57:12.975675: Current learning rate: 0.00063
2026-07-03 07:57:48.540870: train_loss -0.7079
2026-07-03 07:57:48.541095: val_loss -0.6837
2026-07-03 07:57:48.541200: Pseudo dice [0.7535, 0.8534, 0.7456]
2026-07-03 07:57:48.541296: Epoch time: 35.57 s
2026-07-03 07:57:48.541370: Yayy! New best EMA pseudo Dice: 0.771
2026-07-03 07:57:49.784124: 
2026-07-03 07:57:49.784279: Epoch 62
2026-07-03 07:57:49.784376: Current learning rate: 0.00062
2026-07-03 07:58:25.431671: train_loss -0.7211
2026-07-03 07:58:25.431882: val_loss -0.6494
2026-07-03 07:58:25.431991: Pseudo dice [0.7496, 0.8249, 0.7495]
2026-07-03 07:58:25.432091: Epoch time: 35.65 s
2026-07-03 07:58:25.432164: Yayy! New best EMA pseudo Dice: 0.7714
2026-07-03 07:58:26.682769: 
2026-07-03 07:58:26.682919: Epoch 63
2026-07-03 07:58:26.683023: Current learning rate: 0.00061
2026-07-03 07:59:02.247329: train_loss -0.7222
2026-07-03 07:59:02.247542: val_loss -0.5881
2026-07-03 07:59:02.247650: Pseudo dice [0.6214, 0.8338, 0.6898]
2026-07-03 07:59:02.247746: Epoch time: 35.57 s
2026-07-03 07:59:03.403472: 
2026-07-03 07:59:03.403616: Epoch 64
2026-07-03 07:59:03.403719: Current learning rate: 0.00061
2026-07-03 07:59:39.041791: train_loss -0.6967
2026-07-03 07:59:39.041981: val_loss -0.676
2026-07-03 07:59:39.042092: Pseudo dice [0.7332, 0.8553, 0.7582]
2026-07-03 07:59:39.042185: Epoch time: 35.64 s
2026-07-03 07:59:40.204068: 
2026-07-03 07:59:40.204227: Epoch 65
2026-07-03 07:59:40.204326: Current learning rate: 0.0006
2026-07-03 08:00:15.763092: train_loss -0.7131
2026-07-03 08:00:15.763292: val_loss -0.6671
2026-07-03 08:00:15.763398: Pseudo dice [0.7375, 0.8394, 0.7696]
2026-07-03 08:00:15.763491: Epoch time: 35.56 s
2026-07-03 08:00:16.920508: 
2026-07-03 08:00:16.920661: Epoch 66
2026-07-03 08:00:16.920758: Current learning rate: 0.00059
2026-07-03 08:00:52.482566: train_loss -0.7225
2026-07-03 08:00:52.482778: val_loss -0.6629
2026-07-03 08:00:52.482881: Pseudo dice [0.7362, 0.8367, 0.7455]
2026-07-03 08:00:52.482973: Epoch time: 35.56 s
2026-07-03 08:00:53.787122: 
2026-07-03 08:00:53.787276: Epoch 67
2026-07-03 08:00:53.787369: Current learning rate: 0.00059
2026-07-03 08:01:29.365871: train_loss -0.7254
2026-07-03 08:01:29.366097: val_loss -0.6847
2026-07-03 08:01:29.366201: Pseudo dice [0.752, 0.8441, 0.7423]
2026-07-03 08:01:29.366295: Epoch time: 35.58 s
2026-07-03 08:01:30.511399: 
2026-07-03 08:01:30.511551: Epoch 68
2026-07-03 08:01:30.511647: Current learning rate: 0.00058
2026-07-03 08:02:06.076327: train_loss -0.7129
2026-07-03 08:02:06.076544: val_loss -0.6792
2026-07-03 08:02:06.076651: Pseudo dice [0.7439, 0.8454, 0.7341]
2026-07-03 08:02:06.076748: Epoch time: 35.57 s
2026-07-03 08:02:07.237814: 
2026-07-03 08:02:07.237970: Epoch 69
2026-07-03 08:02:07.238083: Current learning rate: 0.00057
2026-07-03 08:02:42.882588: train_loss -0.7302
2026-07-03 08:02:42.882801: val_loss -0.7097
2026-07-03 08:02:42.882905: Pseudo dice [0.7458, 0.8486, 0.7656]
2026-07-03 08:02:42.882999: Epoch time: 35.65 s
2026-07-03 08:02:42.883081: Yayy! New best EMA pseudo Dice: 0.7723
2026-07-03 08:02:44.117207: 
2026-07-03 08:02:44.117367: Epoch 70
2026-07-03 08:02:44.117464: Current learning rate: 0.00057
2026-07-03 08:03:19.685698: train_loss -0.7214
2026-07-03 08:03:19.685910: val_loss -0.666
2026-07-03 08:03:19.686025: Pseudo dice [0.7398, 0.8679, 0.7441]
2026-07-03 08:03:19.686128: Epoch time: 35.57 s
2026-07-03 08:03:19.686203: Yayy! New best EMA pseudo Dice: 0.7735
2026-07-03 08:03:20.921480: 
2026-07-03 08:03:20.921633: Epoch 71
2026-07-03 08:03:20.921734: Current learning rate: 0.00056
2026-07-03 08:03:56.562824: train_loss -0.7297
2026-07-03 08:03:56.563046: val_loss -0.7033
2026-07-03 08:03:56.563158: Pseudo dice [0.7589, 0.8593, 0.7812]
2026-07-03 08:03:56.563252: Epoch time: 35.64 s
2026-07-03 08:03:56.563326: Yayy! New best EMA pseudo Dice: 0.7761
2026-07-03 08:03:57.798229: 
2026-07-03 08:03:57.798377: Epoch 72
2026-07-03 08:03:57.798472: Current learning rate: 0.00056
2026-07-03 08:04:33.362724: train_loss -0.6963
2026-07-03 08:04:33.362929: val_loss -0.6602
2026-07-03 08:04:33.363060: Pseudo dice [0.7603, 0.8468, 0.7483]
2026-07-03 08:04:33.363153: Epoch time: 35.57 s
2026-07-03 08:04:33.363227: Yayy! New best EMA pseudo Dice: 0.777
2026-07-03 08:04:34.597255: 
2026-07-03 08:04:34.597401: Epoch 73
2026-07-03 08:04:34.597502: Current learning rate: 0.00055
2026-07-03 08:05:10.229308: train_loss -0.7221
2026-07-03 08:05:10.229536: val_loss -0.6986
2026-07-03 08:05:10.229649: Pseudo dice [0.7347, 0.8613, 0.7657]
2026-07-03 08:05:10.229741: Epoch time: 35.63 s
2026-07-03 08:05:10.229812: Yayy! New best EMA pseudo Dice: 0.778
2026-07-03 08:05:11.465516: 
2026-07-03 08:05:11.465683: Epoch 74
2026-07-03 08:05:11.465811: Current learning rate: 0.00054
2026-07-03 08:05:47.029597: train_loss -0.7207
2026-07-03 08:05:47.029807: val_loss -0.6579
2026-07-03 08:05:47.029910: Pseudo dice [0.7506, 0.82, 0.7177]
2026-07-03 08:05:47.030005: Epoch time: 35.57 s
2026-07-03 08:05:48.172581: 
2026-07-03 08:05:48.172732: Epoch 75
2026-07-03 08:05:48.172827: Current learning rate: 0.00054
2026-07-03 08:06:23.741128: train_loss -0.7275
2026-07-03 08:06:23.741344: val_loss -0.6653
2026-07-03 08:06:23.741454: Pseudo dice [0.7469, 0.842, 0.7634]
2026-07-03 08:06:23.741554: Epoch time: 35.57 s
2026-07-03 08:06:25.038560: 
2026-07-03 08:06:25.038714: Epoch 76
2026-07-03 08:06:25.038813: Current learning rate: 0.00053
2026-07-03 08:07:00.612237: train_loss -0.7124
2026-07-03 08:07:00.612427: val_loss -0.6724
2026-07-03 08:07:00.612529: Pseudo dice [0.7509, 0.8431, 0.7634]
2026-07-03 08:07:00.612617: Epoch time: 35.57 s
2026-07-03 08:07:00.612687: Yayy! New best EMA pseudo Dice: 0.7781
2026-07-03 08:07:01.847915: 
2026-07-03 08:07:01.848073: Epoch 77
2026-07-03 08:07:01.848171: Current learning rate: 0.00052
2026-07-03 08:07:37.411795: train_loss -0.7238
2026-07-03 08:07:37.412009: val_loss -0.7049
2026-07-03 08:07:37.412123: Pseudo dice [0.75, 0.8413, 0.7586]
2026-07-03 08:07:37.412218: Epoch time: 35.57 s
2026-07-03 08:07:37.412291: Yayy! New best EMA pseudo Dice: 0.7786
2026-07-03 08:07:38.665001: 
2026-07-03 08:07:38.665154: Epoch 78
2026-07-03 08:07:38.665253: Current learning rate: 0.00052
2026-07-03 08:08:14.314111: train_loss -0.7404
2026-07-03 08:08:14.314315: val_loss -0.6824
2026-07-03 08:08:14.314415: Pseudo dice [0.7653, 0.8524, 0.7354]
2026-07-03 08:08:14.314504: Epoch time: 35.65 s
2026-07-03 08:08:14.314575: Yayy! New best EMA pseudo Dice: 0.7792
2026-07-03 08:08:15.561639: 
2026-07-03 08:08:15.561790: Epoch 79
2026-07-03 08:08:15.561886: Current learning rate: 0.00051
2026-07-03 08:08:51.124044: train_loss -0.7297
2026-07-03 08:08:51.124250: val_loss -0.6857
2026-07-03 08:08:51.124352: Pseudo dice [0.7556, 0.8493, 0.7574]
2026-07-03 08:08:51.124444: Epoch time: 35.56 s
2026-07-03 08:08:51.124516: Yayy! New best EMA pseudo Dice: 0.78
2026-07-03 08:08:52.373829: 
2026-07-03 08:08:52.373981: Epoch 80
2026-07-03 08:08:52.374087: Current learning rate: 0.0005
2026-07-03 08:09:27.994327: train_loss -0.7373
2026-07-03 08:09:27.994534: val_loss -0.6725
2026-07-03 08:09:27.994635: Pseudo dice [0.7503, 0.8388, 0.7516]
2026-07-03 08:09:27.994725: Epoch time: 35.62 s
2026-07-03 08:09:27.994799: Yayy! New best EMA pseudo Dice: 0.78
2026-07-03 08:09:29.247026: 
2026-07-03 08:09:29.247177: Epoch 81
2026-07-03 08:09:29.247275: Current learning rate: 0.0005
2026-07-03 08:10:04.814813: train_loss -0.7203
2026-07-03 08:10:04.815030: val_loss -0.6741
2026-07-03 08:10:04.815137: Pseudo dice [0.7383, 0.8584, 0.7609]
2026-07-03 08:10:04.815231: Epoch time: 35.57 s
2026-07-03 08:10:04.815305: Yayy! New best EMA pseudo Dice: 0.7806
2026-07-03 08:10:06.062821: 
2026-07-03 08:10:06.062970: Epoch 82
2026-07-03 08:10:06.063075: Current learning rate: 0.00049
2026-07-03 08:10:41.687962: train_loss -0.7367
2026-07-03 08:10:41.688188: val_loss -0.6978
2026-07-03 08:10:41.688293: Pseudo dice [0.7467, 0.8515, 0.7622]
2026-07-03 08:10:41.688384: Epoch time: 35.63 s
2026-07-03 08:10:41.688459: Yayy! New best EMA pseudo Dice: 0.7812
2026-07-03 08:10:42.898239: 
2026-07-03 08:10:42.898390: Epoch 83
2026-07-03 08:10:42.898485: Current learning rate: 0.00048
2026-07-03 08:11:18.466628: train_loss -0.7427
2026-07-03 08:11:18.466830: val_loss -0.7068
2026-07-03 08:11:18.466934: Pseudo dice [0.7664, 0.8361, 0.764]
2026-07-03 08:11:18.467035: Epoch time: 35.57 s
2026-07-03 08:11:18.467110: Yayy! New best EMA pseudo Dice: 0.782
2026-07-03 08:11:19.674933: 
2026-07-03 08:11:19.675087: Epoch 84
2026-07-03 08:11:19.675183: Current learning rate: 0.00048
2026-07-03 08:11:55.302226: train_loss -0.735
2026-07-03 08:11:55.302440: val_loss -0.6576
2026-07-03 08:11:55.302544: Pseudo dice [0.7376, 0.8481, 0.7327]
2026-07-03 08:11:55.302641: Epoch time: 35.63 s
2026-07-03 08:11:56.424170: 
2026-07-03 08:11:56.424470: Epoch 85
2026-07-03 08:11:56.424577: Current learning rate: 0.00047
2026-07-03 08:12:31.990721: train_loss -0.7424
2026-07-03 08:12:31.990916: val_loss -0.709
2026-07-03 08:12:31.991024: Pseudo dice [0.755, 0.8627, 0.7605]
2026-07-03 08:12:31.991111: Epoch time: 35.57 s
2026-07-03 08:12:31.991181: Yayy! New best EMA pseudo Dice: 0.7823
2026-07-03 08:12:33.201996: 
2026-07-03 08:12:33.202201: Epoch 86
2026-07-03 08:12:33.202332: Current learning rate: 0.00046
2026-07-03 08:13:08.761771: train_loss -0.734
2026-07-03 08:13:08.761968: val_loss -0.6993
2026-07-03 08:13:08.762078: Pseudo dice [0.7491, 0.8585, 0.7474]
2026-07-03 08:13:08.762170: Epoch time: 35.56 s
2026-07-03 08:13:08.762244: Yayy! New best EMA pseudo Dice: 0.7825
2026-07-03 08:13:10.112159: 
2026-07-03 08:13:10.112310: Epoch 87
2026-07-03 08:13:10.112411: Current learning rate: 0.00046
2026-07-03 08:13:45.681821: train_loss -0.7491
2026-07-03 08:13:45.682040: val_loss -0.6664
2026-07-03 08:13:45.682141: Pseudo dice [0.7534, 0.8653, 0.7721]
2026-07-03 08:13:45.682232: Epoch time: 35.57 s
2026-07-03 08:13:45.682306: Yayy! New best EMA pseudo Dice: 0.784
2026-07-03 08:13:46.895498: 
2026-07-03 08:13:46.895646: Epoch 88
2026-07-03 08:13:46.895747: Current learning rate: 0.00045
2026-07-03 08:14:22.461129: train_loss -0.7542
2026-07-03 08:14:22.461386: val_loss -0.6963
2026-07-03 08:14:22.461494: Pseudo dice [0.7538, 0.8616, 0.7618]
2026-07-03 08:14:22.461589: Epoch time: 35.57 s
2026-07-03 08:14:22.461664: Yayy! New best EMA pseudo Dice: 0.7848
2026-07-03 08:14:23.817433: 
2026-07-03 08:14:23.817588: Epoch 89
2026-07-03 08:14:23.817686: Current learning rate: 0.00044
2026-07-03 08:14:59.394966: train_loss -0.7538
2026-07-03 08:14:59.395193: val_loss -0.6901
2026-07-03 08:14:59.395299: Pseudo dice [0.7498, 0.8615, 0.7477]
2026-07-03 08:14:59.395392: Epoch time: 35.58 s
2026-07-03 08:14:59.395466: Yayy! New best EMA pseudo Dice: 0.785
2026-07-03 08:15:00.611211: 
2026-07-03 08:15:00.611361: Epoch 90
2026-07-03 08:15:00.611460: Current learning rate: 0.00044
2026-07-03 08:15:36.478665: train_loss -0.7462
2026-07-03 08:15:36.478889: val_loss -0.692
2026-07-03 08:15:36.478996: Pseudo dice [0.7618, 0.8542, 0.76]
2026-07-03 08:15:36.479101: Epoch time: 35.87 s
2026-07-03 08:15:36.479178: Yayy! New best EMA pseudo Dice: 0.7857
2026-07-03 08:15:37.700892: 
2026-07-03 08:15:37.701054: Epoch 91
2026-07-03 08:15:37.701154: Current learning rate: 0.00043
2026-07-03 08:16:13.338260: train_loss -0.7432
2026-07-03 08:16:13.338468: val_loss -0.7118
2026-07-03 08:16:13.338571: Pseudo dice [0.7392, 0.8571, 0.7744]
2026-07-03 08:16:13.338660: Epoch time: 35.64 s
2026-07-03 08:16:13.338731: Yayy! New best EMA pseudo Dice: 0.7861
2026-07-03 08:16:14.577229: 
2026-07-03 08:16:14.577380: Epoch 92
2026-07-03 08:16:14.577478: Current learning rate: 0.00043
2026-07-03 08:16:50.145077: train_loss -0.7599
2026-07-03 08:16:50.145289: val_loss -0.6981
2026-07-03 08:16:50.145391: Pseudo dice [0.7542, 0.8558, 0.756]
2026-07-03 08:16:50.145485: Epoch time: 35.57 s
2026-07-03 08:16:50.145558: Yayy! New best EMA pseudo Dice: 0.7864
2026-07-03 08:16:51.367409: 
2026-07-03 08:16:51.367553: Epoch 93
2026-07-03 08:16:51.367650: Current learning rate: 0.00042
2026-07-03 08:17:26.996490: train_loss -0.7502
2026-07-03 08:17:26.996703: val_loss -0.6637
2026-07-03 08:17:26.996808: Pseudo dice [0.7488, 0.8491, 0.7358]
2026-07-03 08:17:26.996896: Epoch time: 35.63 s
2026-07-03 08:17:28.124103: 
2026-07-03 08:17:28.124251: Epoch 94
2026-07-03 08:17:28.124347: Current learning rate: 0.00041
2026-07-03 08:18:03.687259: train_loss -0.7546
2026-07-03 08:18:03.687453: val_loss -0.6859
2026-07-03 08:18:03.687554: Pseudo dice [0.7678, 0.8505, 0.7594]
2026-07-03 08:18:03.687640: Epoch time: 35.56 s
2026-07-03 08:18:04.824820: 
2026-07-03 08:18:04.824991: Epoch 95
2026-07-03 08:18:04.825098: Current learning rate: 0.00041
2026-07-03 08:18:40.384068: train_loss -0.7464
2026-07-03 08:18:40.384267: val_loss -0.7079
2026-07-03 08:18:40.384365: Pseudo dice [0.7535, 0.8465, 0.769]
2026-07-03 08:18:40.384455: Epoch time: 35.56 s
2026-07-03 08:18:40.384528: Yayy! New best EMA pseudo Dice: 0.7866
2026-07-03 08:18:41.747833: 
2026-07-03 08:18:41.747996: Epoch 96
2026-07-03 08:18:41.748128: Current learning rate: 0.0004
2026-07-03 08:19:17.327723: train_loss -0.7468
2026-07-03 08:19:17.327942: val_loss -0.6978
2026-07-03 08:19:17.328061: Pseudo dice [0.7491, 0.8635, 0.7534]
2026-07-03 08:19:17.328162: Epoch time: 35.58 s
2026-07-03 08:19:17.328833: Yayy! New best EMA pseudo Dice: 0.7868
2026-07-03 08:19:18.564531: 
2026-07-03 08:19:18.564683: Epoch 97
2026-07-03 08:19:18.564779: Current learning rate: 0.00039
2026-07-03 08:19:54.134820: train_loss -0.7539
2026-07-03 08:19:54.135043: val_loss -0.6622
2026-07-03 08:19:54.135150: Pseudo dice [0.7349, 0.8473, 0.7462]
2026-07-03 08:19:54.135243: Epoch time: 35.57 s
2026-07-03 08:19:55.273576: 
2026-07-03 08:19:55.273726: Epoch 98
2026-07-03 08:19:55.273823: Current learning rate: 0.00039
2026-07-03 08:20:30.900712: train_loss -0.7465
2026-07-03 08:20:30.900921: val_loss -0.6442
2026-07-03 08:20:30.901030: Pseudo dice [0.746, 0.8344, 0.7122]
2026-07-03 08:20:30.901125: Epoch time: 35.63 s
2026-07-03 08:20:32.040838: 
2026-07-03 08:20:32.040993: Epoch 99
2026-07-03 08:20:32.041099: Current learning rate: 0.00038
2026-07-03 08:21:07.603500: train_loss -0.75
2026-07-03 08:21:07.603714: val_loss -0.6722
2026-07-03 08:21:07.603815: Pseudo dice [0.7329, 0.8376, 0.7469]
2026-07-03 08:21:07.603909: Epoch time: 35.56 s
2026-07-03 08:21:08.836390: 
2026-07-03 08:21:08.836542: Epoch 100
2026-07-03 08:21:08.836638: Current learning rate: 0.00037
2026-07-03 08:21:44.456880: train_loss -0.7587
2026-07-03 08:21:44.457082: val_loss -0.6908
2026-07-03 08:21:44.457182: Pseudo dice [0.746, 0.8417, 0.7541]
2026-07-03 08:21:44.457264: Epoch time: 35.62 s
2026-07-03 08:21:45.594913: 
2026-07-03 08:21:45.595067: Epoch 101
2026-07-03 08:21:45.595165: Current learning rate: 0.00037
2026-07-03 08:22:21.169315: train_loss -0.76
2026-07-03 08:22:21.169537: val_loss -0.7039
2026-07-03 08:22:21.169640: Pseudo dice [0.7583, 0.868, 0.787]
2026-07-03 08:22:21.169735: Epoch time: 35.58 s
2026-07-03 08:22:22.310399: 
2026-07-03 08:22:22.310549: Epoch 102
2026-07-03 08:22:22.310647: Current learning rate: 0.00036
2026-07-03 08:22:57.875281: train_loss -0.7654
2026-07-03 08:22:57.875500: val_loss -0.7071
2026-07-03 08:22:57.875598: Pseudo dice [0.7643, 0.8586, 0.7759]
2026-07-03 08:22:57.875688: Epoch time: 35.57 s
2026-07-03 08:22:59.014810: 
2026-07-03 08:22:59.014953: Epoch 103
2026-07-03 08:22:59.015057: Current learning rate: 0.00035
2026-07-03 08:23:34.660915: train_loss -0.7799
2026-07-03 08:23:34.661141: val_loss -0.6873
2026-07-03 08:23:34.661248: Pseudo dice [0.7329, 0.8584, 0.7775]
2026-07-03 08:23:34.661342: Epoch time: 35.65 s
2026-07-03 08:23:35.804591: 
2026-07-03 08:23:35.804743: Epoch 104
2026-07-03 08:23:35.804842: Current learning rate: 0.00035
2026-07-03 08:24:11.371925: train_loss -0.7581
2026-07-03 08:24:11.372127: val_loss -0.6982
2026-07-03 08:24:11.372231: Pseudo dice [0.7564, 0.8544, 0.7641]
2026-07-03 08:24:11.372319: Epoch time: 35.57 s
2026-07-03 08:24:11.372391: Yayy! New best EMA pseudo Dice: 0.7869
2026-07-03 08:24:12.600229: 
2026-07-03 08:24:12.600379: Epoch 105
2026-07-03 08:24:12.600477: Current learning rate: 0.00034
2026-07-03 08:24:48.251273: train_loss -0.7695
2026-07-03 08:24:48.251529: val_loss -0.6962
2026-07-03 08:24:48.251634: Pseudo dice [0.7435, 0.8676, 0.7788]
2026-07-03 08:24:48.251731: Epoch time: 35.65 s
2026-07-03 08:24:48.251806: Yayy! New best EMA pseudo Dice: 0.7879
2026-07-03 08:24:49.485404: 
2026-07-03 08:24:49.485558: Epoch 106
2026-07-03 08:24:49.485656: Current learning rate: 0.00033
2026-07-03 08:25:25.050772: train_loss -0.7559
2026-07-03 08:25:25.050988: val_loss -0.7021
2026-07-03 08:25:25.051100: Pseudo dice [0.764, 0.8555, 0.7693]
2026-07-03 08:25:25.051193: Epoch time: 35.57 s
2026-07-03 08:25:25.051265: Yayy! New best EMA pseudo Dice: 0.7887
2026-07-03 08:25:26.289593: 
2026-07-03 08:25:26.289745: Epoch 107
2026-07-03 08:25:26.289841: Current learning rate: 0.00032
2026-07-03 08:26:01.930598: train_loss -0.7606
2026-07-03 08:26:01.930791: val_loss -0.6883
2026-07-03 08:26:01.930892: Pseudo dice [0.7523, 0.8463, 0.7638]
2026-07-03 08:26:01.930979: Epoch time: 35.64 s
2026-07-03 08:26:03.071066: 
2026-07-03 08:26:03.071212: Epoch 108
2026-07-03 08:26:03.071312: Current learning rate: 0.00032
2026-07-03 08:26:38.639322: train_loss -0.7644
2026-07-03 08:26:38.639528: val_loss -0.6994
2026-07-03 08:26:38.639637: Pseudo dice [0.7543, 0.8634, 0.7641]
2026-07-03 08:26:38.639734: Epoch time: 35.57 s
2026-07-03 08:26:38.639811: Yayy! New best EMA pseudo Dice: 0.7891
2026-07-03 08:26:39.883263: 
2026-07-03 08:26:39.883415: Epoch 109
2026-07-03 08:26:39.883515: Current learning rate: 0.00031
2026-07-03 08:27:15.453932: train_loss -0.7694
2026-07-03 08:27:15.454141: val_loss -0.6595
2026-07-03 08:27:15.454248: Pseudo dice [0.754, 0.8428, 0.7608]
2026-07-03 08:27:15.454339: Epoch time: 35.57 s
2026-07-03 08:27:16.748445: 
2026-07-03 08:27:16.748592: Epoch 110
2026-07-03 08:27:16.748689: Current learning rate: 0.0003
2026-07-03 08:27:52.325005: train_loss -0.765
2026-07-03 08:27:52.325240: val_loss -0.6885
2026-07-03 08:27:52.325350: Pseudo dice [0.7331, 0.8276, 0.7492]
2026-07-03 08:27:52.325447: Epoch time: 35.58 s
2026-07-03 08:27:53.470829: 
2026-07-03 08:27:53.470984: Epoch 111
2026-07-03 08:27:53.471088: Current learning rate: 0.0003
2026-07-03 08:28:29.044915: train_loss -0.769
2026-07-03 08:28:29.045139: val_loss -0.7073
2026-07-03 08:28:29.045248: Pseudo dice [0.7546, 0.8589, 0.7791]
2026-07-03 08:28:29.045349: Epoch time: 35.58 s
2026-07-03 08:28:30.188645: 
2026-07-03 08:28:30.188792: Epoch 112
2026-07-03 08:28:30.188893: Current learning rate: 0.00029
2026-07-03 08:29:05.840408: train_loss -0.7551
2026-07-03 08:29:05.840618: val_loss -0.7289
2026-07-03 08:29:05.840725: Pseudo dice [0.7548, 0.8571, 0.7796]
2026-07-03 08:29:05.840819: Epoch time: 35.65 s
2026-07-03 08:29:06.984472: 
2026-07-03 08:29:06.984626: Epoch 113
2026-07-03 08:29:06.984725: Current learning rate: 0.00028
2026-07-03 08:29:42.554723: train_loss -0.7767
2026-07-03 08:29:42.554912: val_loss -0.704
2026-07-03 08:29:42.555022: Pseudo dice [0.7675, 0.8621, 0.7579]
2026-07-03 08:29:42.555112: Epoch time: 35.57 s
2026-07-03 08:29:42.555184: Yayy! New best EMA pseudo Dice: 0.7896
2026-07-03 08:29:43.790191: 
2026-07-03 08:29:43.790343: Epoch 114
2026-07-03 08:29:43.790438: Current learning rate: 0.00028
2026-07-03 08:30:19.366619: train_loss -0.7775
2026-07-03 08:30:19.366822: val_loss -0.6621
2026-07-03 08:30:19.366929: Pseudo dice [0.7414, 0.8387, 0.771]
2026-07-03 08:30:19.367030: Epoch time: 35.58 s
2026-07-03 08:30:20.656317: 
2026-07-03 08:30:20.656466: Epoch 115
2026-07-03 08:30:20.656561: Current learning rate: 0.00027
2026-07-03 08:30:56.241732: train_loss -0.777
2026-07-03 08:30:56.241941: val_loss -0.6734
2026-07-03 08:30:56.242053: Pseudo dice [0.7497, 0.8519, 0.7597]
2026-07-03 08:30:56.242148: Epoch time: 35.59 s
2026-07-03 08:30:57.399110: 
2026-07-03 08:30:57.399264: Epoch 116
2026-07-03 08:30:57.399359: Current learning rate: 0.00026
2026-07-03 08:31:32.979759: train_loss -0.7705
2026-07-03 08:31:32.979970: val_loss -0.7033
2026-07-03 08:31:32.980088: Pseudo dice [0.7525, 0.8521, 0.7798]
2026-07-03 08:31:32.980181: Epoch time: 35.58 s
2026-07-03 08:31:34.138232: 
2026-07-03 08:31:34.138385: Epoch 117
2026-07-03 08:31:34.138484: Current learning rate: 0.00026
2026-07-03 08:32:09.794224: train_loss -0.7771
2026-07-03 08:32:09.794418: val_loss -0.7119
2026-07-03 08:32:09.794521: Pseudo dice [0.7601, 0.862, 0.7664]
2026-07-03 08:32:09.794609: Epoch time: 35.66 s
2026-07-03 08:32:09.794682: Yayy! New best EMA pseudo Dice: 0.7901
2026-07-03 08:32:11.045989: 
2026-07-03 08:32:11.046146: Epoch 118
2026-07-03 08:32:11.046253: Current learning rate: 0.00025
2026-07-03 08:32:46.620070: train_loss -0.7681
2026-07-03 08:32:46.620284: val_loss -0.6934
2026-07-03 08:32:46.620390: Pseudo dice [0.7476, 0.8525, 0.7583]
2026-07-03 08:32:46.620486: Epoch time: 35.58 s
2026-07-03 08:32:47.778793: 
2026-07-03 08:32:47.778945: Epoch 119
2026-07-03 08:32:47.779052: Current learning rate: 0.00024
2026-07-03 08:33:23.344005: train_loss -0.7746
2026-07-03 08:33:23.344225: val_loss -0.7043
2026-07-03 08:33:23.344332: Pseudo dice [0.7511, 0.8524, 0.7732]
2026-07-03 08:33:23.345025: Epoch time: 35.57 s
2026-07-03 08:33:24.656046: 
2026-07-03 08:33:24.656201: Epoch 120
2026-07-03 08:33:24.656298: Current learning rate: 0.00023
2026-07-03 08:34:00.240193: train_loss -0.7838
2026-07-03 08:34:00.240411: val_loss -0.6753
2026-07-03 08:34:00.240517: Pseudo dice [0.7512, 0.8581, 0.765]
2026-07-03 08:34:00.240611: Epoch time: 35.59 s
2026-07-03 08:34:00.240688: Yayy! New best EMA pseudo Dice: 0.7901
2026-07-03 08:34:01.496800: 
2026-07-03 08:34:01.496958: Epoch 121
2026-07-03 08:34:01.497064: Current learning rate: 0.00023
2026-07-03 08:34:37.071556: train_loss -0.7911
2026-07-03 08:34:37.071749: val_loss -0.702
2026-07-03 08:34:37.071853: Pseudo dice [0.7476, 0.8505, 0.7767]
2026-07-03 08:34:37.071944: Epoch time: 35.58 s
2026-07-03 08:34:37.072023: Yayy! New best EMA pseudo Dice: 0.7902
2026-07-03 08:34:38.321867: 
2026-07-03 08:34:38.322027: Epoch 122
2026-07-03 08:34:38.322125: Current learning rate: 0.00022
2026-07-03 08:35:13.972783: train_loss -0.7737
2026-07-03 08:35:13.972987: val_loss -0.7053
2026-07-03 08:35:13.973103: Pseudo dice [0.7415, 0.858, 0.7694]
2026-07-03 08:35:13.973196: Epoch time: 35.65 s
2026-07-03 08:35:15.129721: 
2026-07-03 08:35:15.129874: Epoch 123
2026-07-03 08:35:15.129973: Current learning rate: 0.00021
2026-07-03 08:35:50.704170: train_loss -0.7794
2026-07-03 08:35:50.704387: val_loss -0.6898
2026-07-03 08:35:50.704493: Pseudo dice [0.7554, 0.8561, 0.7681]
2026-07-03 08:35:50.704589: Epoch time: 35.58 s
2026-07-03 08:35:50.704664: Yayy! New best EMA pseudo Dice: 0.7905
2026-07-03 08:35:51.955960: 
2026-07-03 08:35:51.956116: Epoch 124
2026-07-03 08:35:51.956213: Current learning rate: 0.00021
2026-07-03 08:36:27.604040: train_loss -0.7806
2026-07-03 08:36:27.604256: val_loss -0.7046
2026-07-03 08:36:27.604365: Pseudo dice [0.7618, 0.8654, 0.77]
2026-07-03 08:36:27.604463: Epoch time: 35.65 s
2026-07-03 08:36:27.604542: Yayy! New best EMA pseudo Dice: 0.7913
2026-07-03 08:36:28.861362: 
2026-07-03 08:36:28.861519: Epoch 125
2026-07-03 08:36:28.861617: Current learning rate: 0.0002
2026-07-03 08:37:04.435497: train_loss -0.786
2026-07-03 08:37:04.435691: val_loss -0.7105
2026-07-03 08:37:04.435792: Pseudo dice [0.7573, 0.8485, 0.7711]
2026-07-03 08:37:04.435880: Epoch time: 35.58 s
2026-07-03 08:37:04.435952: Yayy! New best EMA pseudo Dice: 0.7914
2026-07-03 08:37:05.690172: 
2026-07-03 08:37:05.690330: Epoch 126
2026-07-03 08:37:05.690427: Current learning rate: 0.00019
2026-07-03 08:37:41.337576: train_loss -0.7821
2026-07-03 08:37:41.337780: val_loss -0.6943
2026-07-03 08:37:41.337880: Pseudo dice [0.771, 0.861, 0.7496]
2026-07-03 08:37:41.337968: Epoch time: 35.65 s
2026-07-03 08:37:41.338046: Yayy! New best EMA pseudo Dice: 0.7917
2026-07-03 08:37:42.587546: 
2026-07-03 08:37:42.587701: Epoch 127
2026-07-03 08:37:42.587800: Current learning rate: 0.00018
2026-07-03 08:38:18.163347: train_loss -0.773
2026-07-03 08:38:18.163558: val_loss -0.6791
2026-07-03 08:38:18.163663: Pseudo dice [0.7444, 0.84, 0.7579]
2026-07-03 08:38:18.163755: Epoch time: 35.58 s
2026-07-03 08:38:19.321414: 
2026-07-03 08:38:19.321563: Epoch 128
2026-07-03 08:38:19.321660: Current learning rate: 0.00018
2026-07-03 08:38:54.889849: train_loss -0.7775
2026-07-03 08:38:54.890062: val_loss -0.6739
2026-07-03 08:38:54.890170: Pseudo dice [0.7393, 0.8352, 0.7603]
2026-07-03 08:38:54.890265: Epoch time: 35.57 s
2026-07-03 08:38:56.189973: 
2026-07-03 08:38:56.190126: Epoch 129
2026-07-03 08:38:56.190222: Current learning rate: 0.00017
2026-07-03 08:39:31.773563: train_loss -0.792
2026-07-03 08:39:31.773759: val_loss -0.6745
2026-07-03 08:39:31.773858: Pseudo dice [0.7525, 0.8613, 0.7676]
2026-07-03 08:39:31.773943: Epoch time: 35.58 s
2026-07-03 08:39:32.914988: 
2026-07-03 08:39:32.915175: Epoch 130
2026-07-03 08:39:32.915654: Current learning rate: 0.00016
2026-07-03 08:40:08.489705: train_loss -0.7845
2026-07-03 08:40:08.489918: val_loss -0.6771
2026-07-03 08:40:08.490031: Pseudo dice [0.7533, 0.8489, 0.7436]
2026-07-03 08:40:08.490128: Epoch time: 35.58 s
2026-07-03 08:40:09.634315: 
2026-07-03 08:40:09.634466: Epoch 131
2026-07-03 08:40:09.634565: Current learning rate: 0.00016
2026-07-03 08:40:45.290527: train_loss -0.7815
2026-07-03 08:40:45.290723: val_loss -0.6803
2026-07-03 08:40:45.290824: Pseudo dice [0.772, 0.8502, 0.7675]
2026-07-03 08:40:45.290911: Epoch time: 35.66 s
2026-07-03 08:40:46.428009: 
2026-07-03 08:40:46.428160: Epoch 132
2026-07-03 08:40:46.428260: Current learning rate: 0.00015
2026-07-03 08:41:22.000747: train_loss -0.7823
2026-07-03 08:41:22.000960: val_loss -0.6758
2026-07-03 08:41:22.001077: Pseudo dice [0.7648, 0.8593, 0.7756]
2026-07-03 08:41:22.001174: Epoch time: 35.57 s
2026-07-03 08:41:23.145472: 
2026-07-03 08:41:23.145619: Epoch 133
2026-07-03 08:41:23.145715: Current learning rate: 0.00014
2026-07-03 08:41:58.713377: train_loss -0.7762
2026-07-03 08:41:58.713570: val_loss -0.7047
2026-07-03 08:41:58.713671: Pseudo dice [0.7667, 0.8587, 0.7606]
2026-07-03 08:41:58.713757: Epoch time: 35.57 s
2026-07-03 08:42:00.001004: 
2026-07-03 08:42:00.001158: Epoch 134
2026-07-03 08:42:00.001252: Current learning rate: 0.00013
2026-07-03 08:42:35.573540: train_loss -0.7847
2026-07-03 08:42:35.573754: val_loss -0.7027
2026-07-03 08:42:35.573861: Pseudo dice [0.7564, 0.8656, 0.7925]
2026-07-03 08:42:35.573955: Epoch time: 35.57 s
2026-07-03 08:42:35.574042: Yayy! New best EMA pseudo Dice: 0.7926
2026-07-03 08:42:36.817683: 
2026-07-03 08:42:36.817830: Epoch 135
2026-07-03 08:42:36.817927: Current learning rate: 0.00013
2026-07-03 08:43:12.390135: train_loss -0.7856
2026-07-03 08:43:12.390342: val_loss -0.6918
2026-07-03 08:43:12.390444: Pseudo dice [0.7584, 0.8557, 0.7641]
2026-07-03 08:43:12.390540: Epoch time: 35.57 s
2026-07-03 08:43:12.390614: Yayy! New best EMA pseudo Dice: 0.7926
2026-07-03 08:43:13.642196: 
2026-07-03 08:43:13.642348: Epoch 136
2026-07-03 08:43:13.642447: Current learning rate: 0.00012
2026-07-03 08:43:49.299893: train_loss -0.7933
2026-07-03 08:43:49.300114: val_loss -0.6856
2026-07-03 08:43:49.300226: Pseudo dice [0.7485, 0.8505, 0.7731]
2026-07-03 08:43:49.300320: Epoch time: 35.66 s
2026-07-03 08:43:50.451878: 
2026-07-03 08:43:50.452035: Epoch 137
2026-07-03 08:43:50.452136: Current learning rate: 0.00011
2026-07-03 08:44:26.027917: train_loss -0.7904
2026-07-03 08:44:26.028113: val_loss -0.6932
2026-07-03 08:44:26.028214: Pseudo dice [0.7583, 0.8557, 0.7607]
2026-07-03 08:44:26.028305: Epoch time: 35.58 s
2026-07-03 08:44:27.185159: 
2026-07-03 08:44:27.185308: Epoch 138
2026-07-03 08:44:27.185406: Current learning rate: 0.0001
2026-07-03 08:45:02.832080: train_loss -0.7962
2026-07-03 08:45:02.832276: val_loss -0.7064
2026-07-03 08:45:02.832378: Pseudo dice [0.7387, 0.8552, 0.772]
2026-07-03 08:45:02.832466: Epoch time: 35.65 s
2026-07-03 08:45:03.982772: 
2026-07-03 08:45:03.982927: Epoch 139
2026-07-03 08:45:03.983036: Current learning rate: 0.0001
2026-07-03 08:45:39.560814: train_loss -0.792
2026-07-03 08:45:39.561031: val_loss -0.7066
2026-07-03 08:45:39.561138: Pseudo dice [0.771, 0.8661, 0.7806]
2026-07-03 08:45:39.561234: Epoch time: 35.58 s
2026-07-03 08:45:39.561308: Yayy! New best EMA pseudo Dice: 0.7934
2026-07-03 08:45:40.813524: 
2026-07-03 08:45:40.813695: Epoch 140
2026-07-03 08:45:40.813813: Current learning rate: 9e-05
2026-07-03 08:46:16.381936: train_loss -0.7849
2026-07-03 08:46:16.382134: val_loss -0.7019
2026-07-03 08:46:16.382233: Pseudo dice [0.7582, 0.8597, 0.7625]
2026-07-03 08:46:16.382318: Epoch time: 35.57 s
2026-07-03 08:46:16.382387: Yayy! New best EMA pseudo Dice: 0.7934
2026-07-03 08:46:17.776423: 
2026-07-03 08:46:17.776577: Epoch 141
2026-07-03 08:46:17.776671: Current learning rate: 8e-05
2026-07-03 08:46:53.362516: train_loss -0.7949
2026-07-03 08:46:53.362727: val_loss -0.7016
2026-07-03 08:46:53.362830: Pseudo dice [0.7565, 0.8689, 0.7753]
2026-07-03 08:46:53.362924: Epoch time: 35.59 s
2026-07-03 08:46:53.362996: Yayy! New best EMA pseudo Dice: 0.7941
2026-07-03 08:46:54.608723: 
2026-07-03 08:46:54.608867: Epoch 142
2026-07-03 08:46:54.608965: Current learning rate: 7e-05
2026-07-03 08:47:30.186104: train_loss -0.7919
2026-07-03 08:47:30.186314: val_loss -0.6968
2026-07-03 08:47:30.186421: Pseudo dice [0.7694, 0.8573, 0.773]
2026-07-03 08:47:30.186517: Epoch time: 35.58 s
2026-07-03 08:47:30.186596: Yayy! New best EMA pseudo Dice: 0.7946
2026-07-03 08:47:31.434167: 
2026-07-03 08:47:31.434314: Epoch 143
2026-07-03 08:47:31.434413: Current learning rate: 6e-05
2026-07-03 08:48:07.089262: train_loss -0.7956
2026-07-03 08:48:07.089478: val_loss -0.6921
2026-07-03 08:48:07.089587: Pseudo dice [0.7521, 0.8677, 0.7473]
2026-07-03 08:48:07.089684: Epoch time: 35.66 s
2026-07-03 08:48:08.245790: 
2026-07-03 08:48:08.245940: Epoch 144
2026-07-03 08:48:08.246049: Current learning rate: 6e-05
2026-07-03 08:48:43.822994: train_loss -0.7898
2026-07-03 08:48:43.823196: val_loss -0.6902
2026-07-03 08:48:43.823302: Pseudo dice [0.7488, 0.8638, 0.7629]
2026-07-03 08:48:43.823390: Epoch time: 35.58 s
2026-07-03 08:48:44.974247: 
2026-07-03 08:48:44.974399: Epoch 145
2026-07-03 08:48:44.974496: Current learning rate: 5e-05
2026-07-03 08:49:20.621162: train_loss -0.7892
2026-07-03 08:49:20.621362: val_loss -0.6825
2026-07-03 08:49:20.621462: Pseudo dice [0.738, 0.8522, 0.7426]
2026-07-03 08:49:20.621550: Epoch time: 35.65 s
2026-07-03 08:49:21.778200: 
2026-07-03 08:49:21.778353: Epoch 146
2026-07-03 08:49:21.778455: Current learning rate: 4e-05
2026-07-03 08:49:57.352935: train_loss -0.7961
2026-07-03 08:49:57.353146: val_loss -0.7077
2026-07-03 08:49:57.353247: Pseudo dice [0.7691, 0.863, 0.7525]
2026-07-03 08:49:57.353341: Epoch time: 35.58 s
2026-07-03 08:49:58.512341: 
2026-07-03 08:49:58.512493: Epoch 147
2026-07-03 08:49:58.512595: Current learning rate: 3e-05
2026-07-03 08:50:34.078736: train_loss -0.7922
2026-07-03 08:50:34.078937: val_loss -0.7017
2026-07-03 08:50:34.079048: Pseudo dice [0.7662, 0.8406, 0.7793]
2026-07-03 08:50:34.079144: Epoch time: 35.57 s
2026-07-03 08:50:35.234480: 
2026-07-03 08:50:35.234630: Epoch 148
2026-07-03 08:50:35.234727: Current learning rate: 2e-05
2026-07-03 08:51:10.880761: train_loss -0.8019
2026-07-03 08:51:10.880957: val_loss -0.7028
2026-07-03 08:51:10.881071: Pseudo dice [0.7627, 0.8638, 0.7444]
2026-07-03 08:51:10.881171: Epoch time: 35.65 s
2026-07-03 08:51:12.039924: 
2026-07-03 08:51:12.040080: Epoch 149
2026-07-03 08:51:12.040179: Current learning rate: 1e-05
2026-07-03 08:51:47.610881: train_loss -0.79
2026-07-03 08:51:47.611097: val_loss -0.6903
2026-07-03 08:51:47.611198: Pseudo dice [0.7623, 0.8513, 0.7569]
2026-07-03 08:51:47.611288: Epoch time: 35.57 s
2026-07-03 08:51:48.922313: Training done.
2026-07-03 08:51:48.923200: Skipping final validation (COMBO_SKIP_FINAL_VALIDATION=1)


=== Summary ===
   EG1  [E]  params=0.871M  final_dice=0.7993666666666668  momentum=0.015433333333333521  duration_s=5252
   EG2  [E]  params=0.517M  final_dice=0.8025666666666668  momentum=0.026766666666666827  duration_s=4046
   EG3  [E]  params=0.916M  final_dice=0.7963666666666667  momentum=0.01223333333333343  duration_s=5398
   AG1  [A]  params=0.877M  final_dice=0.7941333333333332  momentum=0.006299999999999861  duration_s=5391
   AG2  [A]  params=0.523M  final_dice=0.7970333333333334  momentum=0.010133333333333328  duration_s=4195
   AG3  [A]  params=0.922M  final_dice=0.7901666666666666  momentum=0.006066666666666554  duration_s=5535
CSV: /home/yhussein/LightM-UNet/data/nnUNET_results/enet_combo_e150/summary.csv
Plots: /home/yhussein/LightM-UNet/data/nnUNET_results/enet_combo_e150/pareto_final_dice.png / /home/yhussein/LightM-UNet/data/nnUNET_results/enet_combo_e150/pareto_momentum.png
=== Training done at Fri Jul  3 08:51:50 CEST 2026 ===
Results: /home/yhussein/LightM-UNet/data/nnUNET_results/enet_combo_e150/summary.csv
Plots:   /home/yhussein/LightM-UNet/data/nnUNET_results/enet_combo_e150/pareto_final_dice.png
         /home/yhussein/LightM-UNet/data/nnUNET_results/enet_combo_e150/pareto_momentum.png
