partition,node_name,op_type,node_kind,MH,MW,PE,SIMD,weightDataType,inputDataType,outputDataType,weight_bits,act_bits,resType,ram_style,mem_mode,NumChannels,numSteps,depth_trigger_bram,depth_trigger_uram,IFMChannels,IFMDim_h,IFMDim_w,OFMDim_h,OFMDim_w,ConvKernelDim_h,ConvKernelDim_w,Stride_h,Stride_w,Dilation_h,Dilation_w,depthwise,parallel_window,dataType,bits,depth,folded_shape,impl_style,shape,inWidth,outWidth,Padding,numInputVectors,real_LUT,real_LUTRAM,real_SRL,real_FF,real_BRAM36,real_BRAM18,real_URAM,real_DSP
0,StreamingFIFO_rtl_0,StreamingFIFO_rtl,FIFO,,,,,,,,,,,auto,,,,,,,,,,,,,,,,,,,UINT8,8,2,1x256x256x1x1,rtl,,,,,,15,0,0,21,0,0,0,0
0,Thresholding_rtl_0,Thresholding_rtl,Thresholding,,,1,,UINT8,UINT8,INT6,8,8,,,,1,63,0,0,,,,,,,,,,,,,,,,,,,,,,,,49,0,7,179,0,0,0,0
0,StreamingFIFO_rtl_1,StreamingFIFO_rtl,FIFO,,,,,,,,,,,auto,,,,,,,,,,,,,,,,,,,INT6,6,2,1x256x256x1x1,rtl,,,,,,12,0,0,17,0,0,0,0
0,DuplicateStreams_hls_0,DuplicateStreams_hls,DuplicateStreams,,,1,,,INT6,,,6,,,,1,,,,,,,,,,,,,,,,,,,,,,,,,,,62,0,0,76,0,0,0,0
0,StreamingFIFO_rtl_2,StreamingFIFO_rtl,FIFO,,,,,,,,,,,auto,,,,,,,,,,,,,,,,,,,INT6,6,2,1x256x256x1x1,rtl,,,,,,13,0,0,17,0,0,0,0
0,StreamingFIFO_rtl_3,StreamingFIFO_rtl,FIFO,,,,,,,,,,,auto,,,,,,,,,,,,,,,,,,,INT6,6,256,1x256x256x1x1,rtl,,,,,,92,0,48,20,0,0,0,0
0,StreamingFIFO_rtl_4,StreamingFIFO_rtl,FIFO,,,,,,,,,,,auto,,,,,,,,,,,,,,,,,,,INT6,6,4,1x256x256x1x1,rtl,,,,,,23,0,0,32,0,0,0,0
0,Thresholding_rtl_1,Thresholding_rtl,Thresholding,,,1,,INT6,INT6,INT6,6,6,,,,1,63,0,0,,,,,,,,,,,,,,,,,,,,,,,,61,0,7,150,0,0,0,0
0,FMPadding_rtl_0,FMPadding_rtl,FMPadding,,,,1,,INT6,,,6,,,,1,,,,,256,256,,,,,,,,,,,,,,,,,,,1x1x1x1,1,58,0,0,33,0,0,0,0
0,StreamingFIFO_rtl_5,StreamingFIFO_rtl,FIFO,,,,,,,,,,,auto,,,,,,,,,,,,,,,,,,,INT6,6,2,1x256x256x1x1,rtl,,,,,,12,0,0,17,0,0,0,0
0,StreamingFIFO_rtl_6,StreamingFIFO_rtl,FIFO,,,,,,,,,,,auto,,,,,,,,,,,,,,,,,,,INT6,6,2,1x258x258x1x1,rtl,,,,,,13,0,0,17,0,0,0,0
0,StreamingMaxPool_hls_0,StreamingMaxPool_hls,MaxPool,,,1,,,,,,,,,,1,,,,,,,,,,,,,,,,,,,,,,,,,,,161,12,0,146,0,0,0,0
0,ConvolutionInputGenerator_rtl_0,ConvolutionInputGenerator_rtl,SWU,,,,1,,INT6,INT6,,6,,distributed,,,,,,1,258,258,128,128,3,3,2,2,1,1,0,1,,,,,,,,,,,231,64,0,198,0,0,0,0
0,StreamingFIFO_rtl_7,StreamingFIFO_rtl,FIFO,,,,,,,,,,,auto,,,,,,,,,,,,,,,,,,,INT6,6,3,1x128x128x1x1,rtl,,,,,,16,0,0,26,0,0,0,0
0,StreamingFIFO_rtl_8,StreamingFIFO_rtl,FIFO,,,,,,,,,,,auto,,,,,,,,,,,,,,,,,,,INT6,6,2,1x128x128x1x9,rtl,,,,,,61,0,0,113,0,0,0,0
0,StreamingDataWidthConverter_rtl_0,StreamingDataWidthConverter_rtl,DWC,,,,,,,,,,,,,,,,,,,,,,,,,,,,,,,,,,,,,,,,60,0,0,95,0,0,0,0
0,StreamingFIFO_rtl_9,StreamingFIFO_rtl,FIFO,,,,,,,,,,,auto,,,,,,,,,,,,,,,,,,,INT6,6,2,1x128x128x3x3,rtl,,,,,,25,0,0,41,0,0,0,0
0,MVAU_rtl_0,MVAU_rtl,MVAU,3,9,1,3,INT6,INT6,INT13,6,6,dsp,auto,internal_decoupled,,,,,,,,,,,,,,,,,,,,,,,,,,,,83,21,8,139,0,0,0,3
0,StreamingFIFO_rtl_10,StreamingFIFO_rtl,FIFO,,,,,,,,,,,auto,,,,,,,,,,,,,,,,,,,INT13,13,2,1x128x128x3x1,rtl,,,,,,21,0,0,31,0,0,0,0
0,Thresholding_rtl_2,Thresholding_rtl,Thresholding,,,1,,INT13,INT13,INT6,13,13,,,,3,63,1024,0,,,,,,,,,,,,,,,,,,,,,,,,110,0,9,274,0,0,0,0
0,StreamingFIFO_rtl_11,StreamingFIFO_rtl,FIFO,,,,,,,,,,,auto,,,,,,,,,,,,,,,,,,,INT6,6,4,1x128x128x3x1,rtl,,,,,,22,0,0,32,0,0,0,0
0,StreamingDataWidthConverter_rtl_1,StreamingDataWidthConverter_rtl,DWC,,,,,,,,,,,,,,,,,,,,,,,,,,,,,,,,,,,,,,,,10,0,0,28,0,0,0,0
0,StreamingFIFO_rtl_12,StreamingFIFO_rtl,FIFO,,,,,,,,,,,auto,,,,,,,,,,,,,,,,,,,INT6,6,2,1x128x128x1x3,rtl,,,,,,25,0,0,41,0,0,0,0
0,StreamingConcat_hls_0,StreamingConcat_hls,Concat,,,,,,INT6,,,6,,,,,,,,,,,,,,,,,,,,,,,,,,,,,,,84,0,0,152,0,0,0,0
0,StreamingFIFO_rtl_13,StreamingFIFO_rtl,FIFO,,,,,,,,,,,auto,,,,,,,,,,,,,,,,,,,INT6,6,2,1x128x128x4,rtl,,,,,,31,0,0,53,0,0,0,0
0,StreamingDataWidthConverter_rtl_2,StreamingDataWidthConverter_rtl,DWC,,,,,,,,,,,,,,,,,,,,,,,,,,,,,,,,,,,,,,,,29,0,0,41,0,0,0,0
0,StreamingFIFO_rtl_14,StreamingFIFO_rtl,FIFO,,,,,,,,,,,auto,,,,,,,,,,,,,,,,,,,INT6,6,2,1x128x128x4x1,rtl,,,,,,14,0,0,17,0,0,0,0
0,Thresholding_rtl_3,Thresholding_rtl,Thresholding,,,1,,INT7,INT6,UINT6,7,6,,,,4,63,0,0,,,,,,,,,,,,,,,,,,,,,,,,92,0,7,196,0,0,0,0
0,StreamingFIFO_rtl_15,StreamingFIFO_rtl,FIFO,,,,,,,,,,,auto,,,,,,,,,,,,,,,,,,,UINT6,6,2,1x128x128x4x1,rtl,,,,,,12,0,0,17,0,0,0,0
1,StreamingFIFO_rtl_0,StreamingFIFO_rtl,FIFO,,,,,,,,,,,auto,,,,,,,,,,,,,,,,,,,UINT6,6,2,1x128x128x4x1,rtl,,,,,,11,0,0,17,0,0,0,0
1,DuplicateStreams_hls_0,DuplicateStreams_hls,DuplicateStreams,,,1,,,UINT6,,,6,,,,4,,,,,,,,,,,,,,,,,,,,,,,,,,,67,0,0,76,0,0,0,0
1,StreamingFIFO_rtl_1,StreamingFIFO_rtl,FIFO,,,,,,,,,,,auto,,,,,,,,,,,,,,,,,,,UINT6,6,184,1x128x128x4x1,rtl,,,,,,81,0,36,44,0,0,0,0
1,StreamingFIFO_rtl_2,StreamingFIFO_rtl,FIFO,,,,,,,,,,,auto,,,,,,,,,,,,,,,,,,,UINT6,6,2,1x128x128x4x1,rtl,,,,,,11,0,0,17,0,0,0,0
1,StreamingDataWidthConverter_rtl_0,StreamingDataWidthConverter_rtl,DWC,,,,,,,,,,,,,,,,,,,,,,,,,,,,,,,,,,,,,,,,8,0,0,34,0,0,0,0
1,ConvolutionInputGenerator_rtl_0,ConvolutionInputGenerator_rtl,SWU,,,,1,,UINT6,UINT6,,6,,distributed,,,,,,4,128,128,64,64,2,2,2,2,1,1,0,0,,,,,,,,,,,373,128,0,115,0,0,0,0
1,StreamingFIFO_rtl_3,StreamingFIFO_rtl,FIFO,,,,,,,,,,,auto,,,,,,,,,,,,,,,,,,,UINT6,6,2,1x128x128x1x4,rtl,,,,,,29,0,0,53,0,0,0,0
1,StreamingFIFO_rtl_4,StreamingFIFO_rtl,FIFO,,,,,,,,,,,auto,,,,,,,,,,,,,,,,,,,UINT6,6,2,1x64x64x16x1,rtl,,,,,,11,0,0,17,0,0,0,0
1,StreamingMaxPool_hls_0,StreamingMaxPool_hls,MaxPool,,,1,,,,,,,,,,4,,,,,,,,,,,,,,,,,,,,,,,,,,,244,24,0,261,0,0,0,0
1,MVAU_rtl_0,MVAU_rtl,MVAU,4,16,2,1,INT6,UINT6,INT14,6,6,dsp,auto,internal_decoupled,,,,,,,,,,,,,,,,,,,,,,,,,,,,69,10,16,156,0,0,0,1
1,StreamingFIFO_rtl_5,StreamingFIFO_rtl,FIFO,,,,,,,,,,,auto,,,,,,,,,,,,,,,,,,,UINT6,6,2,1x64x64x1x4,rtl,,,,,,29,0,0,53,0,0,0,0
1,StreamingFIFO_rtl_6,StreamingFIFO_rtl,FIFO,,,,,,,,,,,auto,,,,,,,,,,,,,,,,,,,INT14,14,2,1x64x64x2x2,rtl,,,,,,34,0,0,61,0,0,0,0
1,StreamingDataWidthConverter_rtl_1,StreamingDataWidthConverter_rtl,DWC,,,,,,,,,,,,,,,,,,,,,,,,,,,,,,,,,,,,,,,,28,0,0,52,0,0,0,0
1,StreamingDataWidthConverter_rtl_2,StreamingDataWidthConverter_rtl,DWC,,,,,,,,,,,,,,,,,,,,,,,,,,,,,,,,,,,,,,,,33,0,0,60,0,0,0,0
1,StreamingFIFO_rtl_7,StreamingFIFO_rtl,FIFO,,,,,,,,,,,auto,,,,,,,,,,,,,,,,,,,UINT6,6,2,1x64x64x2x2,rtl,,,,,,17,0,0,29,0,0,0,0
1,StreamingFIFO_rtl_8,StreamingFIFO_rtl,FIFO,,,,,,,,,,,auto,,,,,,,,,,,,,,,,,,,INT14,14,2,1x64x64x4x1,rtl,,,,,,20,0,0,33,0,0,0,0
1,MVAU_rtl_1,MVAU_rtl,MVAU,16,4,1,2,INT8,UINT6,INT14,8,6,dsp,auto,internal_decoupled,,,,,,,,,,,,,,,,,,,,,,,,,,,,65,15,8,105,0,0,0,2
1,Thresholding_rtl_0,Thresholding_rtl,Thresholding,,,1,,INT14,INT14,UINT6,14,14,,,,4,63,1024,0,,,,,,,,,,,,,,,,,,,,,,,,94,0,7,314,0,0,0,0
1,StreamingFIFO_rtl_9,StreamingFIFO_rtl,FIFO,,,,,,,,,,,auto,,,,,,,,,,,,,,,,,,,INT14,14,2,1x64x64x16x1,rtl,,,,,,20,0,0,33,0,0,0,0
1,StreamingFIFO_rtl_10,StreamingFIFO_rtl,FIFO,,,,,,,,,,,auto,,,,,,,,,,,,,,,,,,,UINT6,6,2,1x64x64x4x1,rtl,,,,,,11,0,0,17,0,0,0,0
1,StreamingDataWidthConverter_rtl_3,StreamingDataWidthConverter_rtl,DWC,,,,,,,,,,,,,,,,,,,,,,,,,,,,,,,,,,,,,,,,8,0,0,21,0,0,0,0
1,Thresholding_rtl_1,Thresholding_rtl,Thresholding,,,1,,INT14,INT14,INT6,14,14,,,,16,63,1024,0,,,,,,,,,,,,,,,,,,,,,,,,111,0,7,284,0,0,0,0
1,StreamingFIFO_rtl_11,StreamingFIFO_rtl,FIFO,,,,,,,,,,,auto,,,,,,,,,,,,,,,,,,,INT6,6,1024,1x64x64x16x1,vivado,,,,,,71,0,0,59,0,1,0,0
1,StreamingFIFO_rtl_12,StreamingFIFO_rtl,FIFO,,,,,,,,,,,auto,,,,,,,,,,,,,,,,,,,UINT6,6,131,1x64x64x2x2,rtl,,,,,,120,0,60,26,0,0,0,0
1,StreamingFIFO_rtl_13,StreamingFIFO_rtl,FIFO,,,,,,,,,,,auto,,,,,,,,,,,,,,,,,,,INT6,6,178,1x64x64x16x1,rtl,,,,,,84,0,36,20,0,0,0,0
1,FMPadding_rtl_0,FMPadding_rtl,FMPadding,,,,2,,UINT6,,,6,,,,4,,,,,64,64,,,,,,,,,,,,,,,,,,,1x1x1x1,1,56,0,0,41,0,0,0,0
1,StreamingFIFO_rtl_14,StreamingFIFO_rtl,FIFO,,,,,,,,,,,auto,,,,,,,,,,,,,,,,,,,UINT6,6,2,1x66x66x2x2,rtl,,,,,,18,0,0,29,0,0,0,0
1,ConvolutionInputGenerator_rtl_1,ConvolutionInputGenerator_rtl,SWU,,,,2,,UINT6,UINT6,,6,,distributed,,,,,,4,66,66,64,64,3,3,1,1,1,1,0,0,,,,,,,,,,,313,80,0,108,0,0,0,0
1,StreamingFIFO_rtl_15,StreamingFIFO_rtl,FIFO,,,,,,,,,,,auto,,,,,,,,,,,,,,,,,,,UINT6,6,2,1x64x64x18x2,rtl,,,,,,16,0,0,29,0,0,0,0
1,MVAU_rtl_2,MVAU_rtl,MVAU,4,36,2,2,INT6,UINT6,INT14,6,6,dsp,auto,internal_decoupled,,,,,,,,,,,,,,,,,,,,,,,,,,,,173,31,16,192,0,0,0,2
1,StreamingFIFO_rtl_16,StreamingFIFO_rtl,FIFO,,,,,,,,,,,auto,,,,,,,,,,,,,,,,,,,INT14,14,2,1x64x64x2x2,rtl,,,,,,34,0,0,61,0,0,0,0
1,StreamingDataWidthConverter_rtl_4,StreamingDataWidthConverter_rtl,DWC,,,,,,,,,,,,,,,,,,,,,,,,,,,,,,,,,,,,,,,,33,0,0,60,0,0,0,0
1,StreamingFIFO_rtl_17,StreamingFIFO_rtl,FIFO,,,,,,,,,,,auto,,,,,,,,,,,,,,,,,,,INT14,14,2,1x64x64x4x1,rtl,,,,,,20,0,0,33,0,0,0,0
1,Thresholding_rtl_2,Thresholding_rtl,Thresholding,,,1,,INT14,INT14,UINT6,14,14,,,,4,63,1024,0,,,,,,,,,,,,,,,,,,,,,,,,93,0,7,318,0,0,0,0
1,StreamingFIFO_rtl_18,StreamingFIFO_rtl,FIFO,,,,,,,,,,,auto,,,,,,,,,,,,,,,,,,,UINT6,6,2,1x64x64x4x1,rtl,,,,,,11,0,0,17,0,0,0,0
1,StreamingDataWidthConverter_rtl_5,StreamingDataWidthConverter_rtl,DWC,,,,,,,,,,,,,,,,,,,,,,,,,,,,,,,,,,,,,,,,9,0,0,21,0,0,0,0
1,StreamingFIFO_rtl_19,StreamingFIFO_rtl,FIFO,,,,,,,,,,,auto,,,,,,,,,,,,,,,,,,,UINT6,6,2,1x64x64x2x2,rtl,,,,,,17,0,0,29,0,0,0,0
1,MVAU_rtl_3,MVAU_rtl,MVAU,16,4,1,2,INT6,UINT6,INT13,6,6,dsp,auto,internal_decoupled,,,,,,,,,,,,,,,,,,,,,,,,,,,,64,14,8,100,0,0,0,2
1,StreamingFIFO_rtl_20,StreamingFIFO_rtl,FIFO,,,,,,,,,,,auto,,,,,,,,,,,,,,,,,,,INT13,13,2,1x64x64x16x1,rtl,,,,,,20,0,0,31,0,0,0,0
1,Thresholding_rtl_3,Thresholding_rtl,Thresholding,,,1,,INT13,INT13,INT6,13,13,,,,16,63,1024,0,,,,,,,,,,,,,,,,,,,,,,,,144,0,7,344,0,0,0,0
1,StreamingFIFO_rtl_21,StreamingFIFO_rtl,FIFO,,,,,,,,,,,auto,,,,,,,,,,,,,,,,,,,INT6,6,2,1x64x64x16x1,rtl,,,,,,11,0,0,17,0,0,0,0
1,AddStreams_hls_0,AddStreams_hls,AddStreams,,,1,,,INT6,,,6,,,,16,,,,,,,,,,,,,,,,,,,,,,,,,,,64,0,0,79,0,0,0,0
1,StreamingFIFO_rtl_22,StreamingFIFO_rtl,FIFO,,,,,,,,,,,auto,,,,,,,,,,,,,,,,,,,INT7,7,2,1x64x64x16x1,rtl,,,,,,13,0,0,19,0,0,0,0
1,Thresholding_rtl_4,Thresholding_rtl,Thresholding,,,1,,INT8,INT7,UINT6,8,7,,,,16,63,1024,0,,,,,,,,,,,,,,,,,,,,,,,,71,0,7,184,0,0,0,0
1,StreamingFIFO_rtl_23,StreamingFIFO_rtl,FIFO,,,,,,,,,,,auto,,,,,,,,,,,,,,,,,,,UINT6,6,2,1x64x64x16x1,rtl,,,,,,11,0,0,17,0,0,0,0
1,DuplicateStreams_hls_1,DuplicateStreams_hls,DuplicateStreams,,,1,,,UINT6,,,6,,,,16,,,,,,,,,,,,,,,,,,,,,,,,,,,62,0,0,76,0,0,0,0
1,StreamingFIFO_rtl_24,StreamingFIFO_rtl,FIFO,,,,,,,,,,,auto,,,,,,,,,,,,,,,,,,,UINT6,6,2,1x64x64x16x1,rtl,,,,,,12,0,0,17,0,0,0,0
1,StreamingFIFO_rtl_25,StreamingFIFO_rtl,FIFO,,,,,,,,,,,auto,,,,,,,,,,,,,,,,,,,UINT6,6,2,1x64x64x16x1,rtl,,,,,,11,0,0,17,0,0,0,0
1,StreamingDataWidthConverter_rtl_6,StreamingDataWidthConverter_rtl,DWC,,,,,,,,,,,,,,,,,,,,,,,,,,,,,,,,,,,,,,,,9,0,0,21,0,0,0,0
1,Thresholding_rtl_5,Thresholding_rtl,Thresholding,,,1,,UINT6,UINT6,INT6,6,6,,,,16,63,1024,0,,,,,,,,,,,,,,,,,,,,,,,,55,0,8,134,0,0,0,0
1,StreamingFIFO_rtl_26,StreamingFIFO_rtl,FIFO,,,,,,,,,,,auto,,,,,,,,,,,,,,,,,,,UINT6,6,2,1x64x64x8x2,rtl,,,,,,17,0,0,29,0,0,0,0
1,StreamingFIFO_rtl_27,StreamingFIFO_rtl,FIFO,,,,,,,,,,,auto,,,,,,,,,,,,,,,,,,,INT6,6,1024,1x64x64x16x1,vivado,,,,,,71,0,0,59,0,1,0,0
1,StreamingFIFO_rtl_28,StreamingFIFO_rtl,FIFO,,,,,,,,,,,auto,,,,,,,,,,,,,,,,,,,INT6,6,96,1x64x64x16x1,rtl,,,,,,58,0,18,19,0,0,0,0
1,MVAU_rtl_4,MVAU_rtl,MVAU,4,16,1,2,INT6,UINT6,INT15,6,6,dsp,auto,internal_decoupled,,,,,,,,,,,,,,,,,,,,,,,,,,,,72,14,8,113,0,0,0,2
1,StreamingFIFO_rtl_29,StreamingFIFO_rtl,FIFO,,,,,,,,,,,auto,,,,,,,,,,,,,,,,,,,INT15,15,2,1x64x64x4x1,rtl,,,,,,22,0,0,35,0,0,0,0
1,Thresholding_rtl_6,Thresholding_rtl,Thresholding,,,1,,INT15,INT15,UINT6,15,15,,,,4,63,1024,0,,,,,,,,,,,,,,,,,,,,,,,,103,0,7,336,0,0,0,0
1,StreamingFIFO_rtl_30,StreamingFIFO_rtl,FIFO,,,,,,,,,,,auto,,,,,,,,,,,,,,,,,,,UINT6,6,2,1x64x64x4x1,rtl,,,,,,11,0,0,17,0,0,0,0
1,StreamingDataWidthConverter_rtl_7,StreamingDataWidthConverter_rtl,DWC,,,,,,,,,,,,,,,,,,,,,,,,,,,,,,,,,,,,,,,,9,0,0,21,0,0,0,0
1,StreamingFIFO_rtl_31,StreamingFIFO_rtl,FIFO,,,,,,,,,,,auto,,,,,,,,,,,,,,,,,,,UINT6,6,134,1x64x64x2x2,rtl,,,,,,118,0,60,26,0,0,0,0
1,FMPadding_rtl_1,FMPadding_rtl,FMPadding,,,,2,,UINT6,,,6,,,,4,,,,,64,64,,,,,,,,,,,,,,,,,,,1x1x1x1,1,57,0,0,41,0,0,0,0
1,StreamingFIFO_rtl_32,StreamingFIFO_rtl,FIFO,,,,,,,,,,,auto,,,,,,,,,,,,,,,,,,,UINT6,6,2,1x66x66x2x2,rtl,,,,,,17,0,0,29,0,0,0,0
1,ConvolutionInputGenerator_rtl_2,ConvolutionInputGenerator_rtl,SWU,,,,2,,UINT6,UINT6,,6,,distributed,,,,,,4,66,66,64,64,3,3,1,1,1,1,0,0,,,,,,,,,,,314,80,0,108,0,0,0,0
1,StreamingFIFO_rtl_33,StreamingFIFO_rtl,FIFO,,,,,,,,,,,auto,,,,,,,,,,,,,,,,,,,UINT6,6,2,1x64x64x18x2,rtl,,,,,,16,0,0,29,0,0,0,0
1,MVAU_rtl_5,MVAU_rtl,MVAU,4,36,2,2,INT6,UINT6,INT15,6,6,dsp,auto,internal_decoupled,,,,,,,,,,,,,,,,,,,,,,,,,,,,177,31,16,198,0,0,0,2
1,StreamingFIFO_rtl_34,StreamingFIFO_rtl,FIFO,,,,,,,,,,,auto,,,,,,,,,,,,,,,,,,,INT15,15,2,1x64x64x2x2,rtl,,,,,,36,0,0,65,0,0,0,0
1,StreamingDataWidthConverter_rtl_8,StreamingDataWidthConverter_rtl,DWC,,,,,,,,,,,,,,,,,,,,,,,,,,,,,,,,,,,,,,,,34,0,0,64,0,0,0,0
1,StreamingFIFO_rtl_35,StreamingFIFO_rtl,FIFO,,,,,,,,,,,auto,,,,,,,,,,,,,,,,,,,INT15,15,2,1x64x64x4x1,rtl,,,,,,21,0,0,35,0,0,0,0
1,Thresholding_rtl_7,Thresholding_rtl,Thresholding,,,1,,INT15,INT15,UINT6,15,15,,,,4,63,1024,0,,,,,,,,,,,,,,,,,,,,,,,,104,0,7,334,0,0,0,0
1,StreamingFIFO_rtl_36,StreamingFIFO_rtl,FIFO,,,,,,,,,,,auto,,,,,,,,,,,,,,,,,,,UINT6,6,2,1x64x64x4x1,rtl,,,,,,11,0,0,17,0,0,0,0
1,StreamingDataWidthConverter_rtl_9,StreamingDataWidthConverter_rtl,DWC,,,,,,,,,,,,,,,,,,,,,,,,,,,,,,,,,,,,,,,,9,0,0,21,0,0,0,0
1,StreamingFIFO_rtl_37,StreamingFIFO_rtl,FIFO,,,,,,,,,,,auto,,,,,,,,,,,,,,,,,,,UINT6,6,2,1x64x64x2x2,rtl,,,,,,17,0,0,29,0,0,0,0
1,MVAU_rtl_6,MVAU_rtl,MVAU,16,4,1,2,INT6,UINT6,INT14,6,6,dsp,auto,internal_decoupled,,,,,,,,,,,,,,,,,,,,,,,,,,,,65,14,8,103,0,0,0,2
1,StreamingFIFO_rtl_38,StreamingFIFO_rtl,FIFO,,,,,,,,,,,auto,,,,,,,,,,,,,,,,,,,INT14,14,2,1x64x64x16x1,rtl,,,,,,20,0,0,33,0,0,0,0
1,Thresholding_rtl_8,Thresholding_rtl,Thresholding,,,1,,INT14,INT14,INT6,14,14,,,,16,63,1024,0,,,,,,,,,,,,,,,,,,,,,,,,146,0,7,372,0,0,0,0
1,StreamingFIFO_rtl_39,StreamingFIFO_rtl,FIFO,,,,,,,,,,,auto,,,,,,,,,,,,,,,,,,,INT6,6,2,1x64x64x16x1,rtl,,,,,,11,0,0,17,0,0,0,0
1,AddStreams_hls_1,AddStreams_hls,AddStreams,,,1,,,INT6,,,6,,,,16,,,,,,,,,,,,,,,,,,,,,,,,,,,65,0,0,79,0,0,0,0
1,StreamingFIFO_rtl_40,StreamingFIFO_rtl,FIFO,,,,,,,,,,,auto,,,,,,,,,,,,,,,,,,,INT7,7,2,1x64x64x16x1,rtl,,,,,,13,0,0,19,0,0,0,0
1,Thresholding_rtl_9,Thresholding_rtl,Thresholding,,,1,,INT8,INT7,UINT6,8,7,,,,16,63,1024,0,,,,,,,,,,,,,,,,,,,,,,,,74,0,7,186,0,0,0,0
1,StreamingFIFO_rtl_41,StreamingFIFO_rtl,FIFO,,,,,,,,,,,auto,,,,,,,,,,,,,,,,,,,UINT6,6,2,1x64x64x16x1,rtl,,,,,,11,0,0,17,0,0,0,0
1,DuplicateStreams_hls_2,DuplicateStreams_hls,DuplicateStreams,,,1,,,UINT6,,,6,,,,16,,,,,,,,,,,,,,,,,,,,,,,,,,,62,0,0,76,0,0,0,0
1,StreamingFIFO_rtl_42,StreamingFIFO_rtl,FIFO,,,,,,,,,,,auto,,,,,,,,,,,,,,,,,,,UINT6,6,2,1x64x64x16x1,rtl,,,,,,12,0,0,17,0,0,0,0
1,StreamingFIFO_rtl_43,StreamingFIFO_rtl,FIFO,,,,,,,,,,,auto,,,,,,,,,,,,,,,,,,,UINT6,6,2,1x64x64x16x1,rtl,,,,,,11,0,0,17,0,0,0,0
1,StreamingDataWidthConverter_rtl_10,StreamingDataWidthConverter_rtl,DWC,,,,,,,,,,,,,,,,,,,,,,,,,,,,,,,,,,,,,,,,9,0,0,21,0,0,0,0
1,Thresholding_rtl_10,Thresholding_rtl,Thresholding,,,1,,UINT6,UINT6,INT6,6,6,,,,16,63,1024,0,,,,,,,,,,,,,,,,,,,,,,,,53,0,7,139,0,0,0,0
1,StreamingFIFO_rtl_44,StreamingFIFO_rtl,FIFO,,,,,,,,,,,auto,,,,,,,,,,,,,,,,,,,UINT6,6,2,1x64x64x8x2,rtl,,,,,,17,0,0,29,0,0,0,0
1,StreamingFIFO_rtl_45,StreamingFIFO_rtl,FIFO,,,,,,,,,,,auto,,,,,,,,,,,,,,,,,,,INT6,6,1024,1x64x64x16x1,vivado,,,,,,72,0,0,59,0,1,0,0
1,StreamingFIFO_rtl_46,StreamingFIFO_rtl,FIFO,,,,,,,,,,,auto,,,,,,,,,,,,,,,,,,,INT6,6,96,1x64x64x16x1,rtl,,,,,,59,0,18,19,0,0,0,0
1,MVAU_rtl_7,MVAU_rtl,MVAU,4,16,1,2,INT6,UINT6,INT15,6,6,dsp,auto,internal_decoupled,,,,,,,,,,,,,,,,,,,,,,,,,,,,73,14,8,113,0,0,0,2
1,StreamingFIFO_rtl_47,StreamingFIFO_rtl,FIFO,,,,,,,,,,,auto,,,,,,,,,,,,,,,,,,,INT15,15,2,1x64x64x4x1,rtl,,,,,,22,0,0,35,0,0,0,0
1,Thresholding_rtl_11,Thresholding_rtl,Thresholding,,,1,,INT15,INT15,UINT6,15,15,,,,4,63,1024,0,,,,,,,,,,,,,,,,,,,,,,,,100,0,7,334,0,0,0,0
1,StreamingFIFO_rtl_48,StreamingFIFO_rtl,FIFO,,,,,,,,,,,auto,,,,,,,,,,,,,,,,,,,UINT6,6,2,1x64x64x4x1,rtl,,,,,,11,0,0,17,0,0,0,0
1,StreamingDataWidthConverter_rtl_11,StreamingDataWidthConverter_rtl,DWC,,,,,,,,,,,,,,,,,,,,,,,,,,,,,,,,,,,,,,,,9,0,0,21,0,0,0,0
1,StreamingFIFO_rtl_49,StreamingFIFO_rtl,FIFO,,,,,,,,,,,auto,,,,,,,,,,,,,,,,,,,UINT6,6,134,1x64x64x2x2,rtl,,,,,,118,0,60,26,0,0,0,0
1,FMPadding_rtl_2,FMPadding_rtl,FMPadding,,,,2,,UINT6,,,6,,,,4,,,,,64,64,,,,,,,,,,,,,,,,,,,1x1x1x1,1,57,0,0,41,0,0,0,0
1,StreamingFIFO_rtl_50,StreamingFIFO_rtl,FIFO,,,,,,,,,,,auto,,,,,,,,,,,,,,,,,,,UINT6,6,2,1x66x66x2x2,rtl,,,,,,18,0,0,29,0,0,0,0
1,ConvolutionInputGenerator_rtl_3,ConvolutionInputGenerator_rtl,SWU,,,,2,,UINT6,UINT6,,6,,distributed,,,,,,4,66,66,64,64,3,3,1,1,1,1,0,0,,,,,,,,,,,313,80,0,108,0,0,0,0
1,StreamingFIFO_rtl_51,StreamingFIFO_rtl,FIFO,,,,,,,,,,,auto,,,,,,,,,,,,,,,,,,,UINT6,6,2,1x64x64x18x2,rtl,,,,,,16,0,0,29,0,0,0,0
1,MVAU_rtl_8,MVAU_rtl,MVAU,4,36,2,2,INT6,UINT6,INT15,6,6,dsp,auto,internal_decoupled,,,,,,,,,,,,,,,,,,,,,,,,,,,,179,32,16,198,0,0,0,2
1,StreamingFIFO_rtl_52,StreamingFIFO_rtl,FIFO,,,,,,,,,,,auto,,,,,,,,,,,,,,,,,,,INT15,15,2,1x64x64x2x2,rtl,,,,,,36,0,0,65,0,0,0,0
1,StreamingDataWidthConverter_rtl_12,StreamingDataWidthConverter_rtl,DWC,,,,,,,,,,,,,,,,,,,,,,,,,,,,,,,,,,,,,,,,35,0,0,64,0,0,0,0
1,StreamingFIFO_rtl_53,StreamingFIFO_rtl,FIFO,,,,,,,,,,,auto,,,,,,,,,,,,,,,,,,,INT15,15,2,1x64x64x4x1,rtl,,,,,,21,0,0,35,0,0,0,0
1,Thresholding_rtl_12,Thresholding_rtl,Thresholding,,,1,,INT15,INT15,UINT6,15,15,,,,4,63,1024,0,,,,,,,,,,,,,,,,,,,,,,,,101,0,7,336,0,0,0,0
1,StreamingFIFO_rtl_54,StreamingFIFO_rtl,FIFO,,,,,,,,,,,auto,,,,,,,,,,,,,,,,,,,UINT6,6,2,1x64x64x4x1,rtl,,,,,,11,0,0,17,0,0,0,0
1,StreamingDataWidthConverter_rtl_13,StreamingDataWidthConverter_rtl,DWC,,,,,,,,,,,,,,,,,,,,,,,,,,,,,,,,,,,,,,,,8,0,0,21,0,0,0,0
1,StreamingFIFO_rtl_55,StreamingFIFO_rtl,FIFO,,,,,,,,,,,auto,,,,,,,,,,,,,,,,,,,UINT6,6,2,1x64x64x2x2,rtl,,,,,,17,0,0,29,0,0,0,0
1,MVAU_rtl_9,MVAU_rtl,MVAU,16,4,1,2,INT6,UINT6,INT14,6,6,dsp,auto,internal_decoupled,,,,,,,,,,,,,,,,,,,,,,,,,,,,65,14,8,103,0,0,0,2
1,StreamingFIFO_rtl_56,StreamingFIFO_rtl,FIFO,,,,,,,,,,,auto,,,,,,,,,,,,,,,,,,,INT14,14,2,1x64x64x16x1,rtl,,,,,,21,0,0,33,0,0,0,0
1,Thresholding_rtl_13,Thresholding_rtl,Thresholding,,,1,,INT14,INT14,INT6,14,14,,,,16,63,1024,0,,,,,,,,,,,,,,,,,,,,,,,,152,0,7,361,0,0,0,0
1,StreamingFIFO_rtl_57,StreamingFIFO_rtl,FIFO,,,,,,,,,,,auto,,,,,,,,,,,,,,,,,,,INT6,6,2,1x64x64x16x1,rtl,,,,,,11,0,0,17,0,0,0,0
1,AddStreams_hls_2,AddStreams_hls,AddStreams,,,1,,,INT6,,,6,,,,16,,,,,,,,,,,,,,,,,,,,,,,,,,,65,0,0,79,0,0,0,0
1,StreamingFIFO_rtl_58,StreamingFIFO_rtl,FIFO,,,,,,,,,,,auto,,,,,,,,,,,,,,,,,,,INT7,7,2,1x64x64x16x1,rtl,,,,,,13,0,0,19,0,0,0,0
1,Thresholding_rtl_14,Thresholding_rtl,Thresholding,,,1,,INT8,INT7,UINT6,8,7,,,,16,63,1024,0,,,,,,,,,,,,,,,,,,,,,,,,74,0,7,186,0,0,0,0
1,StreamingFIFO_rtl_59,StreamingFIFO_rtl,FIFO,,,,,,,,,,,auto,,,,,,,,,,,,,,,,,,,UINT6,6,2,1x64x64x16x1,rtl,,,,,,11,0,0,17,0,0,0,0
1,DuplicateStreams_hls_3,DuplicateStreams_hls,DuplicateStreams,,,1,,,UINT6,,,6,,,,16,,,,,,,,,,,,,,,,,,,,,,,,,,,62,0,0,76,0,0,0,0
1,StreamingFIFO_rtl_60,StreamingFIFO_rtl,FIFO,,,,,,,,,,,auto,,,,,,,,,,,,,,,,,,,UINT6,6,2,1x64x64x16x1,rtl,,,,,,12,0,0,17,0,0,0,0
1,StreamingFIFO_rtl_61,StreamingFIFO_rtl,FIFO,,,,,,,,,,,auto,,,,,,,,,,,,,,,,,,,UINT6,6,2,1x64x64x16x1,rtl,,,,,,11,0,0,17,0,0,0,0
1,StreamingDataWidthConverter_rtl_14,StreamingDataWidthConverter_rtl,DWC,,,,,,,,,,,,,,,,,,,,,,,,,,,,,,,,,,,,,,,,8,0,0,21,0,0,0,0
1,Thresholding_rtl_15,Thresholding_rtl,Thresholding,,,1,,UINT6,UINT6,INT6,6,6,,,,16,63,1024,0,,,,,,,,,,,,,,,,,,,,,,,,53,0,7,138,0,0,0,0
1,StreamingFIFO_rtl_62,StreamingFIFO_rtl,FIFO,,,,,,,,,,,auto,,,,,,,,,,,,,,,,,,,UINT6,6,2,1x64x64x8x2,rtl,,,,,,17,0,0,29,0,0,0,0
1,StreamingFIFO_rtl_63,StreamingFIFO_rtl,FIFO,,,,,,,,,,,auto,,,,,,,,,,,,,,,,,,,INT6,6,1024,1x64x64x16x1,vivado,,,,,,70,0,0,59,0,1,0,0
1,StreamingFIFO_rtl_64,StreamingFIFO_rtl,FIFO,,,,,,,,,,,auto,,,,,,,,,,,,,,,,,,,INT6,6,96,1x64x64x16x1,rtl,,,,,,62,0,18,19,0,0,0,0
1,MVAU_rtl_10,MVAU_rtl,MVAU,4,16,1,2,INT6,UINT6,INT15,6,6,dsp,auto,internal_decoupled,,,,,,,,,,,,,,,,,,,,,,,,,,,,72,14,8,113,0,0,0,2
1,StreamingFIFO_rtl_65,StreamingFIFO_rtl,FIFO,,,,,,,,,,,auto,,,,,,,,,,,,,,,,,,,INT15,15,2,1x64x64x4x1,rtl,,,,,,22,0,0,35,0,0,0,0
1,Thresholding_rtl_16,Thresholding_rtl,Thresholding,,,1,,INT15,INT15,UINT6,15,15,,,,4,63,1024,0,,,,,,,,,,,,,,,,,,,,,,,,100,0,7,327,0,0,0,0
1,StreamingFIFO_rtl_66,StreamingFIFO_rtl,FIFO,,,,,,,,,,,auto,,,,,,,,,,,,,,,,,,,UINT6,6,2,1x64x64x4x1,rtl,,,,,,11,0,0,17,0,0,0,0
1,StreamingDataWidthConverter_rtl_15,StreamingDataWidthConverter_rtl,DWC,,,,,,,,,,,,,,,,,,,,,,,,,,,,,,,,,,,,,,,,9,0,0,21,0,0,0,0
1,StreamingFIFO_rtl_67,StreamingFIFO_rtl,FIFO,,,,,,,,,,,auto,,,,,,,,,,,,,,,,,,,UINT6,6,134,1x64x64x2x2,rtl,,,,,,118,0,60,26,0,0,0,0
1,FMPadding_rtl_3,FMPadding_rtl,FMPadding,,,,2,,UINT6,,,6,,,,4,,,,,64,64,,,,,,,,,,,,,,,,,,,1x1x1x1,1,57,0,0,41,0,0,0,0
1,StreamingFIFO_rtl_68,StreamingFIFO_rtl,FIFO,,,,,,,,,,,auto,,,,,,,,,,,,,,,,,,,UINT6,6,2,1x66x66x2x2,rtl,,,,,,17,0,0,29,0,0,0,0
1,ConvolutionInputGenerator_rtl_4,ConvolutionInputGenerator_rtl,SWU,,,,2,,UINT6,UINT6,,6,,distributed,,,,,,4,66,66,64,64,3,3,1,1,1,1,0,0,,,,,,,,,,,313,80,0,108,0,0,0,0
1,StreamingFIFO_rtl_69,StreamingFIFO_rtl,FIFO,,,,,,,,,,,auto,,,,,,,,,,,,,,,,,,,UINT6,6,2,1x64x64x18x2,rtl,,,,,,16,0,0,29,0,0,0,0
1,MVAU_rtl_11,MVAU_rtl,MVAU,4,36,2,2,INT6,UINT6,INT15,6,6,dsp,auto,internal_decoupled,,,,,,,,,,,,,,,,,,,,,,,,,,,,176,31,16,198,0,0,0,2
1,StreamingFIFO_rtl_70,StreamingFIFO_rtl,FIFO,,,,,,,,,,,auto,,,,,,,,,,,,,,,,,,,INT15,15,2,1x64x64x2x2,rtl,,,,,,35,0,0,65,0,0,0,0
1,StreamingDataWidthConverter_rtl_16,StreamingDataWidthConverter_rtl,DWC,,,,,,,,,,,,,,,,,,,,,,,,,,,,,,,,,,,,,,,,33,0,0,64,0,0,0,0
1,StreamingFIFO_rtl_71,StreamingFIFO_rtl,FIFO,,,,,,,,,,,auto,,,,,,,,,,,,,,,,,,,INT15,15,2,1x64x64x4x1,rtl,,,,,,21,0,0,35,0,0,0,0
1,Thresholding_rtl_17,Thresholding_rtl,Thresholding,,,1,,INT15,INT15,UINT6,15,15,,,,4,63,1024,0,,,,,,,,,,,,,,,,,,,,,,,,97,0,7,328,0,0,0,0
1,StreamingFIFO_rtl_72,StreamingFIFO_rtl,FIFO,,,,,,,,,,,auto,,,,,,,,,,,,,,,,,,,UINT6,6,2,1x64x64x4x1,rtl,,,,,,11,0,0,17,0,0,0,0
1,StreamingDataWidthConverter_rtl_17,StreamingDataWidthConverter_rtl,DWC,,,,,,,,,,,,,,,,,,,,,,,,,,,,,,,,,,,,,,,,9,0,0,21,0,0,0,0
1,StreamingFIFO_rtl_73,StreamingFIFO_rtl,FIFO,,,,,,,,,,,auto,,,,,,,,,,,,,,,,,,,UINT6,6,2,1x64x64x2x2,rtl,,,,,,17,0,0,29,0,0,0,0
1,MVAU_rtl_12,MVAU_rtl,MVAU,16,4,1,2,INT6,UINT6,INT14,6,6,dsp,auto,internal_decoupled,,,,,,,,,,,,,,,,,,,,,,,,,,,,65,14,8,103,0,0,0,2
1,StreamingFIFO_rtl_74,StreamingFIFO_rtl,FIFO,,,,,,,,,,,auto,,,,,,,,,,,,,,,,,,,INT14,14,2,1x64x64x16x1,rtl,,,,,,21,0,0,33,0,0,0,0
1,Thresholding_rtl_18,Thresholding_rtl,Thresholding,,,1,,INT14,INT14,INT6,14,14,,,,16,63,1024,0,,,,,,,,,,,,,,,,,,,,,,,,152,0,7,361,0,0,0,0
1,StreamingFIFO_rtl_75,StreamingFIFO_rtl,FIFO,,,,,,,,,,,auto,,,,,,,,,,,,,,,,,,,INT6,6,2,1x64x64x16x1,rtl,,,,,,11,0,0,17,0,0,0,0
1,AddStreams_hls_3,AddStreams_hls,AddStreams,,,1,,,INT6,,,6,,,,16,,,,,,,,,,,,,,,,,,,,,,,,,,,65,0,0,79,0,0,0,0
1,StreamingFIFO_rtl_76,StreamingFIFO_rtl,FIFO,,,,,,,,,,,auto,,,,,,,,,,,,,,,,,,,INT7,7,2,1x64x64x16x1,rtl,,,,,,13,0,0,19,0,0,0,0
1,Thresholding_rtl_19,Thresholding_rtl,Thresholding,,,1,,INT8,INT7,UINT6,8,7,,,,16,63,1024,0,,,,,,,,,,,,,,,,,,,,,,,,73,0,7,185,0,0,0,0
1,StreamingFIFO_rtl_77,StreamingFIFO_rtl,FIFO,,,,,,,,,,,auto,,,,,,,,,,,,,,,,,,,UINT6,6,2,1x64x64x16x1,rtl,,,,,,11,0,0,17,0,0,0,0
1,DuplicateStreams_hls_4,DuplicateStreams_hls,DuplicateStreams,,,1,,,UINT6,,,6,,,,16,,,,,,,,,,,,,,,,,,,,,,,,,,,62,0,0,76,0,0,0,0
1,StreamingFIFO_rtl_78,StreamingFIFO_rtl,FIFO,,,,,,,,,,,auto,,,,,,,,,,,,,,,,,,,UINT6,6,2,1x64x64x16x1,rtl,,,,,,12,0,0,17,0,0,0,0
1,StreamingFIFO_rtl_79,StreamingFIFO_rtl,FIFO,,,,,,,,,,,auto,,,,,,,,,,,,,,,,,,,UINT6,6,2,1x64x64x16x1,rtl,,,,,,11,0,0,17,0,0,0,0
1,StreamingDataWidthConverter_rtl_18,StreamingDataWidthConverter_rtl,DWC,,,,,,,,,,,,,,,,,,,,,,,,,,,,,,,,,,,,,,,,9,0,0,21,0,0,0,0
1,Thresholding_rtl_20,Thresholding_rtl,Thresholding,,,1,,UINT6,UINT6,INT6,6,6,,,,16,63,1024,0,,,,,,,,,,,,,,,,,,,,,,,,53,0,7,139,0,0,0,0
1,StreamingFIFO_rtl_80,StreamingFIFO_rtl,FIFO,,,,,,,,,,,auto,,,,,,,,,,,,,,,,,,,UINT6,6,2,1x64x64x8x2,rtl,,,,,,17,0,0,29,0,0,0,0
1,StreamingFIFO_rtl_81,StreamingFIFO_rtl,FIFO,,,,,,,,,,,auto,,,,,,,,,,,,,,,,,,,INT6,6,1024,1x64x64x16x1,vivado,,,,,,70,0,0,59,0,1,0,0
1,StreamingFIFO_rtl_82,StreamingFIFO_rtl,FIFO,,,,,,,,,,,auto,,,,,,,,,,,,,,,,,,,INT6,6,96,1x64x64x16x1,rtl,,,,,,62,0,18,19,0,0,0,0
1,MVAU_rtl_13,MVAU_rtl,MVAU,4,16,1,2,INT6,UINT6,INT14,6,6,dsp,auto,internal_decoupled,,,,,,,,,,,,,,,,,,,,,,,,,,,,73,14,8,110,0,0,0,2
1,StreamingFIFO_rtl_83,StreamingFIFO_rtl,FIFO,,,,,,,,,,,auto,,,,,,,,,,,,,,,,,,,INT14,14,2,1x64x64x4x1,rtl,,,,,,21,0,0,33,0,0,0,0
1,Thresholding_rtl_21,Thresholding_rtl,Thresholding,,,1,,INT14,INT14,UINT6,14,14,,,,4,63,1024,0,,,,,,,,,,,,,,,,,,,,,,,,92,0,7,313,0,0,0,0
1,StreamingFIFO_rtl_84,StreamingFIFO_rtl,FIFO,,,,,,,,,,,auto,,,,,,,,,,,,,,,,,,,UINT6,6,2,1x64x64x4x1,rtl,,,,,,11,0,0,17,0,0,0,0
1,StreamingDataWidthConverter_rtl_19,StreamingDataWidthConverter_rtl,DWC,,,,,,,,,,,,,,,,,,,,,,,,,,,,,,,,,,,,,,,,9,0,0,21,0,0,0,0
1,StreamingFIFO_rtl_85,StreamingFIFO_rtl,FIFO,,,,,,,,,,,auto,,,,,,,,,,,,,,,,,,,UINT6,6,134,1x64x64x2x2,rtl,,,,,,118,0,60,26,0,0,0,0
1,FMPadding_rtl_4,FMPadding_rtl,FMPadding,,,,2,,UINT6,,,6,,,,4,,,,,64,64,,,,,,,,,,,,,,,,,,,1x1x1x1,1,56,0,0,41,0,0,0,0
1,StreamingFIFO_rtl_86,StreamingFIFO_rtl,FIFO,,,,,,,,,,,auto,,,,,,,,,,,,,,,,,,,UINT6,6,2,1x66x66x2x2,rtl,,,,,,17,0,0,29,0,0,0,0
1,ConvolutionInputGenerator_rtl_5,ConvolutionInputGenerator_rtl,SWU,,,,2,,UINT6,UINT6,,6,,distributed,,,,,,4,66,66,64,64,3,3,1,1,1,1,0,0,,,,,,,,,,,313,80,0,108,0,0,0,0
1,StreamingFIFO_rtl_87,StreamingFIFO_rtl,FIFO,,,,,,,,,,,auto,,,,,,,,,,,,,,,,,,,UINT6,6,2,1x64x64x18x2,rtl,,,,,,16,0,0,29,0,0,0,0
1,MVAU_rtl_14,MVAU_rtl,MVAU,4,36,2,2,INT6,UINT6,INT15,6,6,dsp,auto,internal_decoupled,,,,,,,,,,,,,,,,,,,,,,,,,,,,175,31,16,198,0,0,0,2
1,StreamingFIFO_rtl_88,StreamingFIFO_rtl,FIFO,,,,,,,,,,,auto,,,,,,,,,,,,,,,,,,,INT15,15,2,1x64x64x2x2,rtl,,,,,,36,0,0,65,0,0,0,0
1,StreamingDataWidthConverter_rtl_20,StreamingDataWidthConverter_rtl,DWC,,,,,,,,,,,,,,,,,,,,,,,,,,,,,,,,,,,,,,,,34,0,0,64,0,0,0,0
1,StreamingFIFO_rtl_89,StreamingFIFO_rtl,FIFO,,,,,,,,,,,auto,,,,,,,,,,,,,,,,,,,INT15,15,2,1x64x64x4x1,rtl,,,,,,21,0,0,35,0,0,0,0
1,Thresholding_rtl_22,Thresholding_rtl,Thresholding,,,1,,INT15,INT15,UINT6,15,15,,,,4,63,1024,0,,,,,,,,,,,,,,,,,,,,,,,,103,0,7,335,0,0,0,0
1,StreamingFIFO_rtl_90,StreamingFIFO_rtl,FIFO,,,,,,,,,,,auto,,,,,,,,,,,,,,,,,,,UINT6,6,2,1x64x64x4x1,rtl,,,,,,11,0,0,17,0,0,0,0
1,StreamingDataWidthConverter_rtl_21,StreamingDataWidthConverter_rtl,DWC,,,,,,,,,,,,,,,,,,,,,,,,,,,,,,,,,,,,,,,,9,0,0,21,0,0,0,0
1,StreamingFIFO_rtl_91,StreamingFIFO_rtl,FIFO,,,,,,,,,,,auto,,,,,,,,,,,,,,,,,,,UINT6,6,2,1x64x64x2x2,rtl,,,,,,17,0,0,29,0,0,0,0
1,MVAU_rtl_15,MVAU_rtl,MVAU,16,4,1,2,INT6,UINT6,INT14,6,6,dsp,auto,internal_decoupled,,,,,,,,,,,,,,,,,,,,,,,,,,,,64,14,8,103,0,0,0,2
1,StreamingFIFO_rtl_92,StreamingFIFO_rtl,FIFO,,,,,,,,,,,auto,,,,,,,,,,,,,,,,,,,INT14,14,2,1x64x64x16x1,rtl,,,,,,20,0,0,33,0,0,0,0
1,Thresholding_rtl_23,Thresholding_rtl,Thresholding,,,1,,INT14,INT14,INT6,14,14,,,,16,63,1024,0,,,,,,,,,,,,,,,,,,,,,,,,151,0,7,361,0,0,0,0
1,StreamingFIFO_rtl_93,StreamingFIFO_rtl,FIFO,,,,,,,,,,,auto,,,,,,,,,,,,,,,,,,,INT6,6,2,1x64x64x16x1,rtl,,,,,,11,0,0,17,0,0,0,0
1,AddStreams_hls_4,AddStreams_hls,AddStreams,,,1,,,INT6,,,6,,,,16,,,,,,,,,,,,,,,,,,,,,,,,,,,65,0,0,79,0,0,0,0
1,StreamingFIFO_rtl_94,StreamingFIFO_rtl,FIFO,,,,,,,,,,,auto,,,,,,,,,,,,,,,,,,,INT7,7,2,1x64x64x16x1,rtl,,,,,,13,0,0,19,0,0,0,0
1,Thresholding_rtl_24,Thresholding_rtl,Thresholding,,,1,,INT8,INT7,UINT6,8,7,,,,16,63,1024,0,,,,,,,,,,,,,,,,,,,,,,,,72,0,7,185,0,0,0,0
1,StreamingFIFO_rtl_95,StreamingFIFO_rtl,FIFO,,,,,,,,,,,auto,,,,,,,,,,,,,,,,,,,UINT6,6,2,1x64x64x16x1,rtl,,,,,,12,0,0,17,0,0,0,0
1,DuplicateStreams_hls_5,DuplicateStreams_hls,DuplicateStreams,,,1,,,UINT6,,,6,,,,16,,,,,,,,,,,,,,,,,,,,,,,,,,,62,0,0,76,0,0,0,0
1,StreamingFIFO_rtl_96,StreamingFIFO_rtl,FIFO,,,,,,,,,,,auto,,,,,,,,,,,,,,,,,,,UINT6,6,2,1x64x64x16x1,rtl,,,,,,11,0,0,17,0,0,0,0
1,StreamingFIFO_rtl_97,StreamingFIFO_rtl,FIFO,,,,,,,,,,,auto,,,,,,,,,,,,,,,,,,,UINT6,6,2,1x64x64x16x1,rtl,,,,,,11,0,0,17,0,0,0,0
1,StreamingDataWidthConverter_rtl_22,StreamingDataWidthConverter_rtl,DWC,,,,,,,,,,,,,,,,,,,,,,,,,,,,,,,,,,,,,,,,8,0,0,21,0,0,0,0
1,StreamingDataWidthConverter_rtl_23,StreamingDataWidthConverter_rtl,DWC,,,,,,,,,,,,,,,,,,,,,,,,,,,,,,,,,,,,,,,,14,0,0,108,0,0,0,0
1,StreamingFIFO_rtl_98,StreamingFIFO_rtl,FIFO,,,,,,,,,,,auto,,,,,,,,,,,,,,,,,,,UINT6,6,223,1x64x64x8x2,rtl,,,,,,156,0,84,68,0,0,0,0
1,StreamingFIFO_rtl_99,StreamingFIFO_rtl,FIFO,,,,,,,,,,,auto,,,,,,,,,,,,,,,,,,,UINT6,6,2,1x64x64x1x16,rtl,,,,,,101,0,0,197,0,0,0,0
1,StreamingMaxPool_hls_1,StreamingMaxPool_hls,MaxPool,,,1,,,,,,,,,,16,,,,,,,,,,,,,,,,,,,,,,,,,,,611,48,0,761,0,0,0,0
1,ConvolutionInputGenerator_rtl_6,ConvolutionInputGenerator_rtl,SWU,,,,2,,UINT6,UINT6,,6,,distributed,,,,,,16,64,64,32,32,2,2,2,2,1,1,0,0,,,,,,,,,,,536,256,0,141,0,0,0,0
1,StreamingFIFO_rtl_100,StreamingFIFO_rtl,FIFO,,,,,,,,,,,auto,,,,,,,,,,,,,,,,,,,UINT6,6,2,1x32x32x1x16,rtl,,,,,,100,0,0,197,0,0,0,0
1,StreamingFIFO_rtl_101,StreamingFIFO_rtl,FIFO,,,,,,,,,,,auto,,,,,,,,,,,,,,,,,,,UINT6,6,2,1x32x32x32x2,rtl,,,,,,16,0,0,29,0,0,0,0
1,StreamingDataWidthConverter_rtl_24,StreamingDataWidthConverter_rtl,DWC,,,,,,,,,,,,,,,,,,,,,,,,,,,,,,,,,,,,,,,,100,0,0,149,0,0,0,0
1,MVAU_rtl_16,MVAU_rtl,MVAU,8,64,2,2,INT6,UINT6,INT16,6,6,dsp,auto,internal_decoupled,,,,,,,,,,,,,,,,,,,,,,,,,,,,183,56,16,207,0,0,0,2
1,StreamingFIFO_rtl_102,StreamingFIFO_rtl,FIFO,,,,,,,,,,,auto,,,,,,,,,,,,,,,,,,,UINT6,6,2,1x32x32x4x4,rtl,,,,,,29,0,0,53,0,0,0,0
1,StreamingFIFO_rtl_103,StreamingFIFO_rtl,FIFO,,,,,,,,,,,auto,,,,,,,,,,,,,,,,,,,INT16,16,2,1x32x32x4x2,rtl,,,,,,38,0,0,69,0,0,0,0
1,StreamingDataWidthConverter_rtl_25,StreamingDataWidthConverter_rtl,DWC,,,,,,,,,,,,,,,,,,,,,,,,,,,,,,,,,,,,,,,,36,0,0,68,0,0,0,0
1,MVAU_rtl_17,MVAU_rtl,MVAU,32,16,1,4,INT8,UINT6,INT14,8,6,dsp,auto,internal_decoupled,,,,,,,,,,,,,,,,,,,,,,,,,,,,158,72,8,170,0,0,0,4
1,StreamingFIFO_rtl_104,StreamingFIFO_rtl,FIFO,,,,,,,,,,,auto,,,,,,,,,,,,,,,,,,,INT16,16,2,1x32x32x8x1,rtl,,,,,,22,0,0,37,0,0,0,0
1,StreamingFIFO_rtl_105,StreamingFIFO_rtl,FIFO,,,,,,,,,,,auto,,,,,,,,,,,,,,,,,,,INT14,14,2,1x32x32x32x1,rtl,,,,,,20,0,0,33,0,0,0,0
1,Thresholding_rtl_25,Thresholding_rtl,Thresholding,,,1,,INT14,INT14,INT6,14,14,,,,32,63,1024,0,,,,,,,,,,,,,,,,,,,,,,,,105,0,12,278,0,1,0,0
1,Thresholding_rtl_26,Thresholding_rtl,Thresholding,,,1,,INT16,INT16,UINT6,16,16,,,,8,63,1024,0,,,,,,,,,,,,,,,,,,,,,,,,152,0,7,369,0,0,0,0
1,StreamingFIFO_rtl_106,StreamingFIFO_rtl,FIFO,,,,,,,,,,,auto,,,,,,,,,,,,,,,,,,,INT6,6,1024,1x32x32x32x1,vivado,,,,,,70,0,0,59,0,1,0,0
1,StreamingFIFO_rtl_107,StreamingFIFO_rtl,FIFO,,,,,,,,,,,auto,,,,,,,,,,,,,,,,,,,UINT6,6,2,1x32x32x8x1,rtl,,,,,,11,0,0,17,0,0,0,0
1,StreamingFIFO_rtl_108,StreamingFIFO_rtl,FIFO,,,,,,,,,,,auto,,,,,,,,,,,,,,,,,,,INT6,6,234,1x32x32x32x1,rtl,,,,,,89,0,48,20,0,0,0,0
1,StreamingDataWidthConverter_rtl_26,StreamingDataWidthConverter_rtl,DWC,,,,,,,,,,,,,,,,,,,,,,,,,,,,,,,,,,,,,,,,9,0,0,34,0,0,0,0
1,StreamingFIFO_rtl_109,StreamingFIFO_rtl,FIFO,,,,,,,,,,,auto,,,,,,,,,,,,,,,,,,,UINT6,6,70,1x32x32x2x4,rtl,,,,,,150,0,72,37,0,0,0,0
1,FMPadding_rtl_5,FMPadding_rtl,FMPadding,,,,4,,UINT6,,,6,,,,8,,,,,32,32,,,,,,,,,,,,,,,,,,,1x1x1x1,1,47,0,0,63,0,0,0,0
1,StreamingFIFO_rtl_110,StreamingFIFO_rtl,FIFO,,,,,,,,,,,auto,,,,,,,,,,,,,,,,,,,UINT6,6,2,1x34x34x2x4,rtl,,,,,,30,0,0,53,0,0,0,0
1,ConvolutionInputGenerator_rtl_7,ConvolutionInputGenerator_rtl,SWU,,,,4,,UINT6,UINT6,,6,,distributed,,,,,,8,34,34,32,32,3,3,1,1,1,1,0,0,,,,,,,,,,,294,84,0,116,0,0,0,0
1,StreamingFIFO_rtl_111,StreamingFIFO_rtl,FIFO,,,,,,,,,,,auto,,,,,,,,,,,,,,,,,,,UINT6,6,2,1x32x32x18x4,rtl,,,,,,28,0,0,53,0,0,0,0
1,MVAU_rtl_18,MVAU_rtl,MVAU,8,72,1,4,INT6,UINT6,INT16,6,6,dsp,auto,internal_decoupled,,,,,,,,,,,,,,,,,,,,,,,,,,,,207,76,8,194,0,0,0,4
1,StreamingFIFO_rtl_112,StreamingFIFO_rtl,FIFO,,,,,,,,,,,auto,,,,,,,,,,,,,,,,,,,INT16,16,2,1x32x32x8x1,rtl,,,,,,23,0,0,37,0,0,0,0
1,Thresholding_rtl_27,Thresholding_rtl,Thresholding,,,1,,INT16,INT16,UINT6,16,16,,,,8,63,1024,0,,,,,,,,,,,,,,,,,,,,,,,,149,0,7,371,0,0,0,0
1,StreamingFIFO_rtl_113,StreamingFIFO_rtl,FIFO,,,,,,,,,,,auto,,,,,,,,,,,,,,,,,,,UINT6,6,2,1x32x32x8x1,rtl,,,,,,11,0,0,17,0,0,0,0
1,StreamingDataWidthConverter_rtl_27,StreamingDataWidthConverter_rtl,DWC,,,,,,,,,,,,,,,,,,,,,,,,,,,,,,,,,,,,,,,,8,0,0,21,0,0,0,0
1,StreamingFIFO_rtl_114,StreamingFIFO_rtl,FIFO,,,,,,,,,,,auto,,,,,,,,,,,,,,,,,,,UINT6,6,2,1x32x32x4x2,rtl,,,,,,17,0,0,29,0,0,0,0
1,MVAU_rtl_19,MVAU_rtl,MVAU,32,8,1,2,INT6,UINT6,INT14,6,6,dsp,auto,internal_decoupled,,,,,,,,,,,,,,,,,,,,,,,,,,,,92,32,8,113,0,0,0,2
1,StreamingFIFO_rtl_115,StreamingFIFO_rtl,FIFO,,,,,,,,,,,auto,,,,,,,,,,,,,,,,,,,INT14,14,2,1x32x32x32x1,rtl,,,,,,20,0,0,33,0,0,0,0
1,Thresholding_rtl_28,Thresholding_rtl,Thresholding,,,1,,INT14,INT14,INT6,14,14,,,,32,63,1024,0,,,,,,,,,,,,,,,,,,,,,,,,84,0,7,353,0,1,0,0
1,StreamingFIFO_rtl_116,StreamingFIFO_rtl,FIFO,,,,,,,,,,,auto,,,,,,,,,,,,,,,,,,,INT6,6,2,1x32x32x32x1,rtl,,,,,,11,0,0,17,0,0,0,0
1,AddStreams_hls_5,AddStreams_hls,AddStreams,,,1,,,INT6,,,6,,,,32,,,,,,,,,,,,,,,,,,,,,,,,,,,66,0,0,78,0,0,0,0
1,StreamingFIFO_rtl_117,StreamingFIFO_rtl,FIFO,,,,,,,,,,,auto,,,,,,,,,,,,,,,,,,,INT7,7,2,1x32x32x32x1,rtl,,,,,,12,0,0,19,0,0,0,0
2,StreamingFIFO_rtl_0,StreamingFIFO_rtl,FIFO,,,,,,,,,,,auto,,,,,,,,,,,,,,,,,,,INT7,7,2,1x32x32x32x1,rtl,,,,,,14,0,0,19,0,0,0,0
2,Thresholding_rtl_0,Thresholding_rtl,Thresholding,,,1,,INT8,INT7,UINT6,8,7,,,,32,63,1024,0,,,,,,,,,,,,,,,,,,,,,,,,71,0,12,183,0,1,0,0
2,StreamingFIFO_rtl_1,StreamingFIFO_rtl,FIFO,,,,,,,,,,,auto,,,,,,,,,,,,,,,,,,,UINT6,6,2,1x32x32x32x1,rtl,,,,,,12,0,0,17,0,0,0,0
2,DuplicateStreams_hls_0,DuplicateStreams_hls,DuplicateStreams,,,1,,,UINT6,,,6,,,,32,,,,,,,,,,,,,,,,,,,,,,,,,,,63,0,0,75,0,0,0,0
2,StreamingFIFO_rtl_2,StreamingFIFO_rtl,FIFO,,,,,,,,,,,auto,,,,,,,,,,,,,,,,,,,UINT6,6,2,1x32x32x32x1,rtl,,,,,,13,0,0,17,0,0,0,0
2,StreamingFIFO_rtl_3,StreamingFIFO_rtl,FIFO,,,,,,,,,,,auto,,,,,,,,,,,,,,,,,,,UINT6,6,2,1x32x32x32x1,rtl,,,,,,12,0,0,17,0,0,0,0
2,StreamingDataWidthConverter_rtl_0,StreamingDataWidthConverter_rtl,DWC,,,,,,,,,,,,,,,,,,,,,,,,,,,,,,,,,,,,,,,,9,0,0,21,0,0,0,0
2,Thresholding_rtl_1,Thresholding_rtl,Thresholding,,,1,,UINT6,UINT6,INT6,6,6,,,,32,63,1024,0,,,,,,,,,,,,,,,,,,,,,,,,56,0,12,139,0,1,0,0
2,StreamingFIFO_rtl_4,StreamingFIFO_rtl,FIFO,,,,,,,,,,,auto,,,,,,,,,,,,,,,,,,,UINT6,6,2,1x32x32x16x2,rtl,,,,,,19,0,0,29,0,0,0,0
2,StreamingFIFO_rtl_5,StreamingFIFO_rtl,FIFO,,,,,,,,,,,auto,,,,,,,,,,,,,,,,,,,INT6,6,2048,1x32x32x32x1,vivado,,,,,,79,0,0,63,0,1,0,0
2,StreamingFIFO_rtl_6,StreamingFIFO_rtl,FIFO,,,,,,,,,,,auto,,,,,,,,,,,,,,,,,,,INT6,6,160,1x32x32x32x1,rtl,,,,,,79,0,30,20,0,0,0,0
2,MVAU_rtl_0,MVAU_rtl,MVAU,8,32,1,2,INT6,UINT6,INT15,6,6,dsp,auto,internal_decoupled,,,,,,,,,,,,,,,,,,,,,,,,,,,,100,32,8,126,0,0,0,2
2,StreamingFIFO_rtl_7,StreamingFIFO_rtl,FIFO,,,,,,,,,,,auto,,,,,,,,,,,,,,,,,,,INT15,15,2,1x32x32x8x1,rtl,,,,,,23,0,0,35,0,0,0,0
2,Thresholding_rtl_2,Thresholding_rtl,Thresholding,,,1,,INT15,INT15,UINT6,15,15,,,,8,63,1024,0,,,,,,,,,,,,,,,,,,,,,,,,146,0,7,351,0,0,0,0
2,StreamingFIFO_rtl_8,StreamingFIFO_rtl,FIFO,,,,,,,,,,,auto,,,,,,,,,,,,,,,,,,,UINT6,6,2,1x32x32x8x1,rtl,,,,,,12,0,0,17,0,0,0,0
2,StreamingDataWidthConverter_rtl_1,StreamingDataWidthConverter_rtl,DWC,,,,,,,,,,,,,,,,,,,,,,,,,,,,,,,,,,,,,,,,11,0,0,34,0,0,0,0
2,StreamingFIFO_rtl_9,StreamingFIFO_rtl,FIFO,,,,,,,,,,,auto,,,,,,,,,,,,,,,,,,,UINT6,6,134,1x32x32x2x4,rtl,,,,,,202,0,120,38,0,0,0,0
2,FMPadding_rtl_0,FMPadding_rtl,FMPadding,,,,4,,UINT6,,,6,,,,8,,,,,32,32,,,,,,,,,,,,,,,,,,,2x2x2x2,1,50,0,0,63,0,0,0,0
2,StreamingFIFO_rtl_10,StreamingFIFO_rtl,FIFO,,,,,,,,,,,auto,,,,,,,,,,,,,,,,,,,UINT6,6,2,1x36x36x2x4,rtl,,,,,,31,0,0,53,0,0,0,0
2,ConvolutionInputGenerator_rtl_0,ConvolutionInputGenerator_rtl,SWU,,,,4,,UINT6,UINT6,,6,,distributed,,,,,,8,36,36,32,32,3,3,1,1,2,2,0,0,,,,,,,,,,,371,140,0,112,0,0,0,0
2,StreamingFIFO_rtl_11,StreamingFIFO_rtl,FIFO,,,,,,,,,,,auto,,,,,,,,,,,,,,,,,,,UINT6,6,2,1x32x32x18x4,rtl,,,,,,29,0,0,53,0,0,0,0
2,MVAU_rtl_1,MVAU_rtl,MVAU,8,72,1,4,INT6,UINT6,INT16,6,6,dsp,auto,internal_decoupled,,,,,,,,,,,,,,,,,,,,,,,,,,,,208,76,8,194,0,0,0,4
2,StreamingFIFO_rtl_12,StreamingFIFO_rtl,FIFO,,,,,,,,,,,auto,,,,,,,,,,,,,,,,,,,INT16,16,2,1x32x32x8x1,rtl,,,,,,24,0,0,37,0,0,0,0
2,Thresholding_rtl_3,Thresholding_rtl,Thresholding,,,1,,INT16,INT16,UINT6,16,16,,,,8,63,1024,0,,,,,,,,,,,,,,,,,,,,,,,,152,0,7,372,0,0,0,0
2,StreamingFIFO_rtl_13,StreamingFIFO_rtl,FIFO,,,,,,,,,,,auto,,,,,,,,,,,,,,,,,,,UINT6,6,2,1x32x32x8x1,rtl,,,,,,12,0,0,17,0,0,0,0
2,StreamingDataWidthConverter_rtl_2,StreamingDataWidthConverter_rtl,DWC,,,,,,,,,,,,,,,,,,,,,,,,,,,,,,,,,,,,,,,,10,0,0,21,0,0,0,0
2,StreamingFIFO_rtl_14,StreamingFIFO_rtl,FIFO,,,,,,,,,,,auto,,,,,,,,,,,,,,,,,,,UINT6,6,2,1x32x32x4x2,rtl,,,,,,19,0,0,29,0,0,0,0
2,MVAU_rtl_2,MVAU_rtl,MVAU,32,8,1,2,INT6,UINT6,INT16,6,6,dsp,auto,internal_decoupled,,,,,,,,,,,,,,,,,,,,,,,,,,,,95,32,8,119,0,0,0,2
2,StreamingFIFO_rtl_15,StreamingFIFO_rtl,FIFO,,,,,,,,,,,auto,,,,,,,,,,,,,,,,,,,INT16,16,2,1x32x32x32x1,rtl,,,,,,24,0,0,37,0,0,0,0
2,Thresholding_rtl_4,Thresholding_rtl,Thresholding,,,1,,INT16,INT16,INT6,16,16,,,,32,63,1024,0,,,,,,,,,,,,,,,,,,,,,,,,147,0,7,385,0,1,0,0
2,StreamingFIFO_rtl_16,StreamingFIFO_rtl,FIFO,,,,,,,,,,,auto,,,,,,,,,,,,,,,,,,,INT6,6,2,1x32x32x32x1,rtl,,,,,,12,0,0,17,0,0,0,0
2,AddStreams_hls_0,AddStreams_hls,AddStreams,,,1,,,INT6,,,6,,,,32,,,,,,,,,,,,,,,,,,,,,,,,,,,64,0,0,78,0,0,0,0
2,StreamingFIFO_rtl_17,StreamingFIFO_rtl,FIFO,,,,,,,,,,,auto,,,,,,,,,,,,,,,,,,,INT7,7,2,1x32x32x32x1,rtl,,,,,,14,0,0,19,0,0,0,0
2,Thresholding_rtl_5,Thresholding_rtl,Thresholding,,,1,,INT8,INT7,UINT6,8,7,,,,32,63,1024,0,,,,,,,,,,,,,,,,,,,,,,,,74,0,12,183,0,1,0,0
2,StreamingFIFO_rtl_18,StreamingFIFO_rtl,FIFO,,,,,,,,,,,auto,,,,,,,,,,,,,,,,,,,UINT6,6,2,1x32x32x32x1,rtl,,,,,,12,0,0,17,0,0,0,0
2,DuplicateStreams_hls_1,DuplicateStreams_hls,DuplicateStreams,,,1,,,UINT6,,,6,,,,32,,,,,,,,,,,,,,,,,,,,,,,,,,,64,0,0,75,0,0,0,0
2,StreamingFIFO_rtl_19,StreamingFIFO_rtl,FIFO,,,,,,,,,,,auto,,,,,,,,,,,,,,,,,,,UINT6,6,2,1x32x32x32x1,rtl,,,,,,13,0,0,17,0,0,0,0
2,StreamingFIFO_rtl_20,StreamingFIFO_rtl,FIFO,,,,,,,,,,,auto,,,,,,,,,,,,,,,,,,,UINT6,6,2,1x32x32x32x1,rtl,,,,,,12,0,0,17,0,0,0,0
2,StreamingDataWidthConverter_rtl_3,StreamingDataWidthConverter_rtl,DWC,,,,,,,,,,,,,,,,,,,,,,,,,,,,,,,,,,,,,,,,10,0,0,21,0,0,0,0
2,Thresholding_rtl_6,Thresholding_rtl,Thresholding,,,1,,UINT6,UINT6,INT6,6,6,,,,32,63,1024,0,,,,,,,,,,,,,,,,,,,,,,,,58,0,13,136,0,1,0,0
2,StreamingFIFO_rtl_21,StreamingFIFO_rtl,FIFO,,,,,,,,,,,auto,,,,,,,,,,,,,,,,,,,UINT6,6,2,1x32x32x16x2,rtl,,,,,,19,0,0,29,0,0,0,0
2,StreamingFIFO_rtl_22,StreamingFIFO_rtl,FIFO,,,,,,,,,,,auto,,,,,,,,,,,,,,,,,,,INT6,6,4096,1x32x32x32x1,vivado,,,,,,83,0,0,67,1,0,0,0
2,StreamingFIFO_rtl_23,StreamingFIFO_rtl,FIFO,,,,,,,,,,,auto,,,,,,,,,,,,,,,,,,,INT6,6,256,1x32x32x32x1,rtl,,,,,,92,0,48,20,0,0,0,0
2,MVAU_rtl_3,MVAU_rtl,MVAU,8,32,1,2,INT6,UINT6,INT15,6,6,dsp,auto,internal_decoupled,,,,,,,,,,,,,,,,,,,,,,,,,,,,99,32,8,126,0,0,0,2
2,StreamingFIFO_rtl_24,StreamingFIFO_rtl,FIFO,,,,,,,,,,,auto,,,,,,,,,,,,,,,,,,,INT15,15,2,1x32x32x8x1,rtl,,,,,,23,0,0,35,0,0,0,0
2,Thresholding_rtl_7,Thresholding_rtl,Thresholding,,,1,,INT15,INT15,UINT6,15,15,,,,8,63,1024,0,,,,,,,,,,,,,,,,,,,,,,,,149,0,7,355,0,0,0,0
2,StreamingFIFO_rtl_25,StreamingFIFO_rtl,FIFO,,,,,,,,,,,auto,,,,,,,,,,,,,,,,,,,UINT6,6,2,1x32x32x8x1,rtl,,,,,,12,0,0,17,0,0,0,0
2,StreamingDataWidthConverter_rtl_4,StreamingDataWidthConverter_rtl,DWC,,,,,,,,,,,,,,,,,,,,,,,,,,,,,,,,,,,,,,,,11,0,0,34,0,0,0,0
2,StreamingFIFO_rtl_26,StreamingFIFO_rtl,FIFO,,,,,,,,,,,auto,,,,,,,,,,,,,,,,,,,UINT6,6,256,1x32x32x2x4,rtl,,,,,,255,0,192,38,0,0,0,0
2,StreamingFIFO_rtl_27,StreamingFIFO_rtl,FIFO,,,,,,,,,,,auto,,,,,,,,,,,,,,,,,,,UINT6,6,12,1x32x32x2x4,rtl,,,,,,59,0,16,34,0,0,0,0
2,FMPadding_rtl_1,FMPadding_rtl,FMPadding,,,,4,,UINT6,,,6,,,,8,,,,,32,32,,,,,,,,,,,,,,,,,,,4x4x4x4,1,48,0,0,63,0,0,0,0
2,StreamingFIFO_rtl_28,StreamingFIFO_rtl,FIFO,,,,,,,,,,,auto,,,,,,,,,,,,,,,,,,,UINT6,6,2,1x40x40x2x4,rtl,,,,,,31,0,0,53,0,0,0,0
2,ConvolutionInputGenerator_rtl_1,ConvolutionInputGenerator_rtl,SWU,,,,4,,UINT6,UINT6,,6,,distributed,,,,,,8,40,40,32,32,3,3,1,1,4,4,0,0,,,,,,,,,,,634,308,0,132,0,0,0,0
2,StreamingFIFO_rtl_29,StreamingFIFO_rtl,FIFO,,,,,,,,,,,auto,,,,,,,,,,,,,,,,,,,UINT6,6,2,1x32x32x18x4,rtl,,,,,,29,0,0,53,0,0,0,0
2,MVAU_rtl_4,MVAU_rtl,MVAU,8,72,1,4,INT6,UINT6,INT15,6,6,dsp,auto,internal_decoupled,,,,,,,,,,,,,,,,,,,,,,,,,,,,203,76,8,189,0,0,0,4
2,StreamingFIFO_rtl_30,StreamingFIFO_rtl,FIFO,,,,,,,,,,,auto,,,,,,,,,,,,,,,,,,,INT15,15,2,1x32x32x8x1,rtl,,,,,,23,0,0,35,0,0,0,0
2,Thresholding_rtl_8,Thresholding_rtl,Thresholding,,,1,,INT15,INT15,UINT6,15,15,,,,8,63,1024,0,,,,,,,,,,,,,,,,,,,,,,,,147,0,7,355,0,0,0,0
2,StreamingFIFO_rtl_31,StreamingFIFO_rtl,FIFO,,,,,,,,,,,auto,,,,,,,,,,,,,,,,,,,UINT6,6,2,1x32x32x8x1,rtl,,,,,,12,0,0,17,0,0,0,0
2,StreamingDataWidthConverter_rtl_5,StreamingDataWidthConverter_rtl,DWC,,,,,,,,,,,,,,,,,,,,,,,,,,,,,,,,,,,,,,,,10,0,0,21,0,0,0,0
2,StreamingFIFO_rtl_32,StreamingFIFO_rtl,FIFO,,,,,,,,,,,auto,,,,,,,,,,,,,,,,,,,UINT6,6,2,1x32x32x4x2,rtl,,,,,,19,0,0,29,0,0,0,0
2,MVAU_rtl_5,MVAU_rtl,MVAU,32,8,1,2,INT6,UINT6,INT16,6,6,dsp,auto,internal_decoupled,,,,,,,,,,,,,,,,,,,,,,,,,,,,95,32,8,119,0,0,0,2
2,StreamingFIFO_rtl_33,StreamingFIFO_rtl,FIFO,,,,,,,,,,,auto,,,,,,,,,,,,,,,,,,,INT16,16,2,1x32x32x32x1,rtl,,,,,,24,0,0,37,0,0,0,0
2,Thresholding_rtl_9,Thresholding_rtl,Thresholding,,,1,,INT16,INT16,INT6,16,16,,,,32,63,1024,0,,,,,,,,,,,,,,,,,,,,,,,,150,0,7,396,0,1,0,0
2,StreamingFIFO_rtl_34,StreamingFIFO_rtl,FIFO,,,,,,,,,,,auto,,,,,,,,,,,,,,,,,,,INT6,6,2,1x32x32x32x1,rtl,,,,,,12,0,0,17,0,0,0,0
2,AddStreams_hls_1,AddStreams_hls,AddStreams,,,1,,,INT6,,,6,,,,32,,,,,,,,,,,,,,,,,,,,,,,,,,,63,0,0,78,0,0,0,0
2,StreamingFIFO_rtl_35,StreamingFIFO_rtl,FIFO,,,,,,,,,,,auto,,,,,,,,,,,,,,,,,,,INT7,7,2,1x32x32x32x1,rtl,,,,,,14,0,0,19,0,0,0,0
2,Thresholding_rtl_10,Thresholding_rtl,Thresholding,,,1,,INT8,INT7,UINT6,8,7,,,,32,63,1024,0,,,,,,,,,,,,,,,,,,,,,,,,74,0,12,185,0,1,0,0
2,StreamingFIFO_rtl_36,StreamingFIFO_rtl,FIFO,,,,,,,,,,,auto,,,,,,,,,,,,,,,,,,,UINT6,6,2,1x32x32x32x1,rtl,,,,,,12,0,0,17,0,0,0,0
2,DuplicateStreams_hls_2,DuplicateStreams_hls,DuplicateStreams,,,1,,,UINT6,,,6,,,,32,,,,,,,,,,,,,,,,,,,,,,,,,,,65,0,0,75,0,0,0,0
2,StreamingFIFO_rtl_37,StreamingFIFO_rtl,FIFO,,,,,,,,,,,auto,,,,,,,,,,,,,,,,,,,UINT6,6,2,1x32x32x32x1,rtl,,,,,,12,0,0,17,0,0,0,0
2,StreamingFIFO_rtl_38,StreamingFIFO_rtl,FIFO,,,,,,,,,,,auto,,,,,,,,,,,,,,,,,,,UINT6,6,2,1x32x32x32x1,rtl,,,,,,12,0,0,17,0,0,0,0
2,StreamingDataWidthConverter_rtl_6,StreamingDataWidthConverter_rtl,DWC,,,,,,,,,,,,,,,,,,,,,,,,,,,,,,,,,,,,,,,,10,0,0,21,0,0,0,0
2,Thresholding_rtl_11,Thresholding_rtl,Thresholding,,,1,,UINT6,UINT6,INT6,6,6,,,,32,63,1024,0,,,,,,,,,,,,,,,,,,,,,,,,54,0,12,140,0,1,0,0
2,StreamingFIFO_rtl_39,StreamingFIFO_rtl,FIFO,,,,,,,,,,,auto,,,,,,,,,,,,,,,,,,,UINT6,6,2,1x32x32x16x2,rtl,,,,,,19,0,0,29,0,0,0,0
2,StreamingFIFO_rtl_40,StreamingFIFO_rtl,FIFO,,,,,,,,,,,auto,,,,,,,,,,,,,,,,,,,INT6,6,8192,1x32x32x32x1,vivado,,,,,,93,0,0,71,1,1,0,0
2,StreamingFIFO_rtl_41,StreamingFIFO_rtl,FIFO,,,,,,,,,,,auto,,,,,,,,,,,,,,,,,,,INT6,6,256,1x32x32x32x1,rtl,,,,,,91,0,48,20,0,0,0,0
2,MVAU_rtl_6,MVAU_rtl,MVAU,8,32,1,2,INT6,UINT6,INT15,6,6,dsp,auto,internal_decoupled,,,,,,,,,,,,,,,,,,,,,,,,,,,,100,32,8,126,0,0,0,2
2,StreamingFIFO_rtl_42,StreamingFIFO_rtl,FIFO,,,,,,,,,,,auto,,,,,,,,,,,,,,,,,,,INT6,6,192,1x32x32x32x1,rtl,,,,,,83,0,36,20,0,0,0,0
2,StreamingFIFO_rtl_43,StreamingFIFO_rtl,FIFO,,,,,,,,,,,auto,,,,,,,,,,,,,,,,,,,INT15,15,2,1x32x32x8x1,rtl,,,,,,23,0,0,35,0,0,0,0
2,Thresholding_rtl_12,Thresholding_rtl,Thresholding,,,1,,INT15,INT15,UINT6,15,15,,,,8,63,1024,0,,,,,,,,,,,,,,,,,,,,,,,,145,0,7,351,0,0,0,0
2,StreamingFIFO_rtl_44,StreamingFIFO_rtl,FIFO,,,,,,,,,,,auto,,,,,,,,,,,,,,,,,,,UINT6,6,2,1x32x32x8x1,rtl,,,,,,12,0,0,17,0,0,0,0
2,StreamingDataWidthConverter_rtl_7,StreamingDataWidthConverter_rtl,DWC,,,,,,,,,,,,,,,,,,,,,,,,,,,,,,,,,,,,,,,,11,0,0,34,0,0,0,0
2,StreamingFIFO_rtl_45,StreamingFIFO_rtl,FIFO,,,,,,,,,,,auto,,,,,,,,,,,,,,,,,,,UINT6,6,512,1x32x32x2x4,vivado,,,,,,69,0,0,55,0,1,0,0
2,StreamingFIFO_rtl_46,StreamingFIFO_rtl,FIFO,,,,,,,,,,,auto,,,,,,,,,,,,,,,,,,,UINT6,6,20,1x32x32x2x4,rtl,,,,,,73,0,24,35,0,0,0,0
2,FMPadding_rtl_2,FMPadding_rtl,FMPadding,,,,4,,UINT6,,,6,,,,8,,,,,32,32,,,,,,,,,,,,,,,,,,,8x8x8x8,1,46,0,0,63,0,0,0,0
2,StreamingFIFO_rtl_47,StreamingFIFO_rtl,FIFO,,,,,,,,,,,auto,,,,,,,,,,,,,,,,,,,UINT6,6,2,1x48x48x2x4,rtl,,,,,,31,0,0,53,0,0,0,0
2,ConvolutionInputGenerator_rtl_2,ConvolutionInputGenerator_rtl,SWU,,,,4,,UINT6,UINT6,,6,,distributed,,,,,,8,48,48,32,32,3,3,1,1,8,8,0,0,,,,,,,,,,,1134,700,0,149,0,0,0,0
2,StreamingFIFO_rtl_48,StreamingFIFO_rtl,FIFO,,,,,,,,,,,auto,,,,,,,,,,,,,,,,,,,UINT6,6,2,1x32x32x18x4,rtl,,,,,,29,0,0,53,0,0,0,0
2,MVAU_rtl_7,MVAU_rtl,MVAU,8,72,1,4,INT6,UINT6,INT16,6,6,dsp,auto,internal_decoupled,,,,,,,,,,,,,,,,,,,,,,,,,,,,207,76,8,194,0,0,0,4
2,StreamingFIFO_rtl_49,StreamingFIFO_rtl,FIFO,,,,,,,,,,,auto,,,,,,,,,,,,,,,,,,,INT16,16,2,1x32x32x8x1,rtl,,,,,,24,0,0,37,0,0,0,0
2,Thresholding_rtl_13,Thresholding_rtl,Thresholding,,,1,,INT16,INT16,UINT6,16,16,,,,8,63,1024,0,,,,,,,,,,,,,,,,,,,,,,,,147,0,7,371,0,0,0,0
2,StreamingFIFO_rtl_50,StreamingFIFO_rtl,FIFO,,,,,,,,,,,auto,,,,,,,,,,,,,,,,,,,UINT6,6,2,1x32x32x8x1,rtl,,,,,,12,0,0,17,0,0,0,0
2,StreamingDataWidthConverter_rtl_8,StreamingDataWidthConverter_rtl,DWC,,,,,,,,,,,,,,,,,,,,,,,,,,,,,,,,,,,,,,,,9,0,0,21,0,0,0,0
2,StreamingFIFO_rtl_51,StreamingFIFO_rtl,FIFO,,,,,,,,,,,auto,,,,,,,,,,,,,,,,,,,UINT6,6,2,1x32x32x4x2,rtl,,,,,,17,0,0,29,0,0,0,0
2,MVAU_rtl_8,MVAU_rtl,MVAU,32,8,1,2,INT6,UINT6,INT16,6,6,dsp,auto,internal_decoupled,,,,,,,,,,,,,,,,,,,,,,,,,,,,95,32,8,119,0,0,0,2
2,StreamingFIFO_rtl_52,StreamingFIFO_rtl,FIFO,,,,,,,,,,,auto,,,,,,,,,,,,,,,,,,,INT16,16,2,1x32x32x32x1,rtl,,,,,,23,0,0,37,0,0,0,0
2,Thresholding_rtl_14,Thresholding_rtl,Thresholding,,,1,,INT16,INT16,INT6,16,16,,,,32,63,1024,0,,,,,,,,,,,,,,,,,,,,,,,,145,0,7,385,0,1,0,0
2,StreamingFIFO_rtl_53,StreamingFIFO_rtl,FIFO,,,,,,,,,,,auto,,,,,,,,,,,,,,,,,,,INT6,6,2,1x32x32x32x1,rtl,,,,,,11,0,0,17,0,0,0,0
2,AddStreams_hls_2,AddStreams_hls,AddStreams,,,1,,,INT6,,,6,,,,32,,,,,,,,,,,,,,,,,,,,,,,,,,,60,0,0,78,0,0,0,0
2,StreamingFIFO_rtl_54,StreamingFIFO_rtl,FIFO,,,,,,,,,,,auto,,,,,,,,,,,,,,,,,,,INT7,7,2,1x32x32x32x1,rtl,,,,,,13,0,0,19,0,0,0,0
2,Thresholding_rtl_15,Thresholding_rtl,Thresholding,,,1,,INT8,INT7,UINT6,8,7,,,,32,63,1024,0,,,,,,,,,,,,,,,,,,,,,,,,74,0,12,182,0,1,0,0
2,StreamingFIFO_rtl_55,StreamingFIFO_rtl,FIFO,,,,,,,,,,,auto,,,,,,,,,,,,,,,,,,,UINT6,6,2,1x32x32x32x1,rtl,,,,,,11,0,0,17,0,0,0,0
2,DuplicateStreams_hls_3,DuplicateStreams_hls,DuplicateStreams,,,1,,,UINT6,,,6,,,,32,,,,,,,,,,,,,,,,,,,,,,,,,,,64,0,0,75,0,0,0,0
2,StreamingFIFO_rtl_56,StreamingFIFO_rtl,FIFO,,,,,,,,,,,auto,,,,,,,,,,,,,,,,,,,UINT6,6,2,1x32x32x32x1,rtl,,,,,,13,0,0,17,0,0,0,0
2,StreamingFIFO_rtl_57,StreamingFIFO_rtl,FIFO,,,,,,,,,,,auto,,,,,,,,,,,,,,,,,,,UINT6,6,2,1x32x32x32x1,rtl,,,,,,11,0,0,17,0,0,0,0
2,StreamingDataWidthConverter_rtl_9,StreamingDataWidthConverter_rtl,DWC,,,,,,,,,,,,,,,,,,,,,,,,,,,,,,,,,,,,,,,,9,0,0,21,0,0,0,0
2,Thresholding_rtl_16,Thresholding_rtl,Thresholding,,,1,,UINT6,UINT6,INT6,6,6,,,,32,63,1024,0,,,,,,,,,,,,,,,,,,,,,,,,56,0,12,140,0,1,0,0
2,StreamingFIFO_rtl_58,StreamingFIFO_rtl,FIFO,,,,,,,,,,,auto,,,,,,,,,,,,,,,,,,,UINT6,6,2,1x32x32x16x2,rtl,,,,,,17,0,0,29,0,0,0,0
2,StreamingFIFO_rtl_59,StreamingFIFO_rtl,FIFO,,,,,,,,,,,auto,,,,,,,,,,,,,,,,,,,INT6,6,16384,1x32x32x32x1,vivado,,,,,,99,0,0,75,3,0,0,0
2,StreamingFIFO_rtl_60,StreamingFIFO_rtl,FIFO,,,,,,,,,,,auto,,,,,,,,,,,,,,,,,,,INT6,6,512,1x32x32x32x1,vivado,,,,,,66,0,0,55,0,1,0,0
2,MVAU_rtl_9,MVAU_rtl,MVAU,8,32,1,2,INT6,UINT6,INT15,6,6,dsp,auto,internal_decoupled,,,,,,,,,,,,,,,,,,,,,,,,,,,,100,32,8,126,0,0,0,2
2,StreamingFIFO_rtl_61,StreamingFIFO_rtl,FIFO,,,,,,,,,,,auto,,,,,,,,,,,,,,,,,,,INT6,6,256,1x32x32x32x1,rtl,,,,,,89,0,48,20,0,0,0,0
2,StreamingFIFO_rtl_62,StreamingFIFO_rtl,FIFO,,,,,,,,,,,auto,,,,,,,,,,,,,,,,,,,INT15,15,2,1x32x32x8x1,rtl,,,,,,22,0,0,35,0,0,0,0
2,StreamingFIFO_rtl_63,StreamingFIFO_rtl,FIFO,,,,,,,,,,,auto,,,,,,,,,,,,,,,,,,,INT6,6,128,1x32x32x32x1,rtl,,,,,,59,0,24,19,0,0,0,0
2,Thresholding_rtl_17,Thresholding_rtl,Thresholding,,,1,,INT15,INT15,UINT6,15,15,,,,8,63,1024,0,,,,,,,,,,,,,,,,,,,,,,,,144,0,7,354,0,0,0,0
2,StreamingFIFO_rtl_64,StreamingFIFO_rtl,FIFO,,,,,,,,,,,auto,,,,,,,,,,,,,,,,,,,UINT6,6,2,1x32x32x8x1,rtl,,,,,,11,0,0,17,0,0,0,0
2,StreamingDataWidthConverter_rtl_10,StreamingDataWidthConverter_rtl,DWC,,,,,,,,,,,,,,,,,,,,,,,,,,,,,,,,,,,,,,,,9,0,0,34,0,0,0,0
2,StreamingFIFO_rtl_65,StreamingFIFO_rtl,FIFO,,,,,,,,,,,auto,,,,,,,,,,,,,,,,,,,UINT6,6,1024,1x32x32x2x4,vivado,,,,,,72,0,0,59,1,0,0,0
2,StreamingFIFO_rtl_66,StreamingFIFO_rtl,FIFO,,,,,,,,,,,auto,,,,,,,,,,,,,,,,,,,UINT6,6,36,1x32x32x2x4,rtl,,,,,,99,0,48,36,0,0,0,0
2,FMPadding_rtl_3,FMPadding_rtl,FMPadding,,,,4,,UINT6,,,6,,,,8,,,,,32,32,,,,,,,,,,,,,,,,,,,16x16x16x16,1,62,0,0,65,0,0,0,0
2,StreamingFIFO_rtl_67,StreamingFIFO_rtl,FIFO,,,,,,,,,,,auto,,,,,,,,,,,,,,,,,,,UINT6,6,2,1x64x64x2x4,rtl,,,,,,30,0,0,53,0,0,0,0
2,ConvolutionInputGenerator_rtl_3,ConvolutionInputGenerator_rtl,SWU,,,,4,,UINT6,UINT6,,6,,distributed,,,,,,8,64,64,32,32,3,3,1,1,16,16,0,0,,,,,,,,,,,2648,1848,0,236,0,0,0,0
2,StreamingFIFO_rtl_68,StreamingFIFO_rtl,FIFO,,,,,,,,,,,auto,,,,,,,,,,,,,,,,,,,UINT6,6,2,1x32x32x18x4,rtl,,,,,,28,0,0,53,0,0,0,0
2,MVAU_rtl_10,MVAU_rtl,MVAU,8,72,1,4,INT6,UINT6,INT16,6,6,dsp,auto,internal_decoupled,,,,,,,,,,,,,,,,,,,,,,,,,,,,207,76,8,194,0,0,0,4
2,StreamingFIFO_rtl_69,StreamingFIFO_rtl,FIFO,,,,,,,,,,,auto,,,,,,,,,,,,,,,,,,,INT16,16,2,1x32x32x8x1,rtl,,,,,,23,0,0,37,0,0,0,0
2,Thresholding_rtl_18,Thresholding_rtl,Thresholding,,,1,,INT16,INT16,UINT6,16,16,,,,8,63,1024,0,,,,,,,,,,,,,,,,,,,,,,,,147,0,7,371,0,0,0,0
2,StreamingFIFO_rtl_70,StreamingFIFO_rtl,FIFO,,,,,,,,,,,auto,,,,,,,,,,,,,,,,,,,UINT6,6,2,1x32x32x8x1,rtl,,,,,,11,0,0,17,0,0,0,0
2,StreamingDataWidthConverter_rtl_11,StreamingDataWidthConverter_rtl,DWC,,,,,,,,,,,,,,,,,,,,,,,,,,,,,,,,,,,,,,,,9,0,0,21,0,0,0,0
2,StreamingFIFO_rtl_71,StreamingFIFO_rtl,FIFO,,,,,,,,,,,auto,,,,,,,,,,,,,,,,,,,UINT6,6,2,1x32x32x4x2,rtl,,,,,,17,0,0,29,0,0,0,0
2,MVAU_rtl_11,MVAU_rtl,MVAU,32,8,1,2,INT6,UINT6,INT15,6,6,dsp,auto,internal_decoupled,,,,,,,,,,,,,,,,,,,,,,,,,,,,94,32,8,116,0,0,0,2
2,StreamingFIFO_rtl_72,StreamingFIFO_rtl,FIFO,,,,,,,,,,,auto,,,,,,,,,,,,,,,,,,,INT15,15,2,1x32x32x32x1,rtl,,,,,,21,0,0,35,0,0,0,0
2,Thresholding_rtl_19,Thresholding_rtl,Thresholding,,,1,,INT15,INT15,INT6,15,15,,,,32,63,1024,0,,,,,,,,,,,,,,,,,,,,,,,,145,0,7,369,0,1,0,0
2,StreamingFIFO_rtl_73,StreamingFIFO_rtl,FIFO,,,,,,,,,,,auto,,,,,,,,,,,,,,,,,,,INT6,6,2,1x32x32x32x1,rtl,,,,,,13,0,0,17,0,0,0,0
2,AddStreams_hls_3,AddStreams_hls,AddStreams,,,1,,,INT6,,,6,,,,32,,,,,,,,,,,,,,,,,,,,,,,,,,,66,0,0,78,0,0,0,0
2,StreamingFIFO_rtl_74,StreamingFIFO_rtl,FIFO,,,,,,,,,,,auto,,,,,,,,,,,,,,,,,,,INT7,7,2,1x32x32x32x1,rtl,,,,,,14,0,0,19,0,0,0,0
2,Thresholding_rtl_20,Thresholding_rtl,Thresholding,,,1,,INT8,INT7,UINT6,8,7,,,,32,63,1024,0,,,,,,,,,,,,,,,,,,,,,,,,74,0,12,182,0,1,0,0
2,StreamingFIFO_rtl_75,StreamingFIFO_rtl,FIFO,,,,,,,,,,,auto,,,,,,,,,,,,,,,,,,,UINT6,6,2,1x32x32x32x1,rtl,,,,,,12,0,0,17,0,0,0,0
2,DuplicateStreams_hls_4,DuplicateStreams_hls,DuplicateStreams,,,1,,,UINT6,,,6,,,,32,,,,,,,,,,,,,,,,,,,,,,,,,,,66,0,0,75,0,0,0,0
2,StreamingFIFO_rtl_76,StreamingFIFO_rtl,FIFO,,,,,,,,,,,auto,,,,,,,,,,,,,,,,,,,UINT6,6,2,1x32x32x32x1,rtl,,,,,,13,0,0,17,0,0,0,0
2,StreamingFIFO_rtl_77,StreamingFIFO_rtl,FIFO,,,,,,,,,,,auto,,,,,,,,,,,,,,,,,,,UINT6,6,2,1x32x32x32x1,rtl,,,,,,12,0,0,17,0,0,0,0
2,StreamingDataWidthConverter_rtl_12,StreamingDataWidthConverter_rtl,DWC,,,,,,,,,,,,,,,,,,,,,,,,,,,,,,,,,,,,,,,,10,0,0,21,0,0,0,0
2,Thresholding_rtl_21,Thresholding_rtl,Thresholding,,,1,,UINT6,UINT6,INT6,6,6,,,,32,63,1024,0,,,,,,,,,,,,,,,,,,,,,,,,57,0,12,141,0,1,0,0
2,StreamingFIFO_rtl_78,StreamingFIFO_rtl,FIFO,,,,,,,,,,,auto,,,,,,,,,,,,,,,,,,,UINT6,6,2,1x32x32x16x2,rtl,,,,,,19,0,0,29,0,0,0,0
2,StreamingFIFO_rtl_79,StreamingFIFO_rtl,FIFO,,,,,,,,,,,auto,,,,,,,,,,,,,,,,,,,INT6,6,2048,1x32x32x32x1,vivado,,,,,,81,0,0,63,0,1,0,0
2,StreamingFIFO_rtl_80,StreamingFIFO_rtl,FIFO,,,,,,,,,,,auto,,,,,,,,,,,,,,,,,,,INT6,6,160,1x32x32x32x1,rtl,,,,,,75,0,30,20,0,0,0,0
2,MVAU_rtl_12,MVAU_rtl,MVAU,8,32,1,2,INT6,UINT6,INT15,6,6,dsp,auto,internal_decoupled,,,,,,,,,,,,,,,,,,,,,,,,,,,,100,32,8,126,0,0,0,2
2,StreamingFIFO_rtl_81,StreamingFIFO_rtl,FIFO,,,,,,,,,,,auto,,,,,,,,,,,,,,,,,,,INT15,15,2,1x32x32x8x1,rtl,,,,,,23,0,0,35,0,0,0,0
2,Thresholding_rtl_22,Thresholding_rtl,Thresholding,,,1,,INT15,INT15,UINT6,15,15,,,,8,63,1024,0,,,,,,,,,,,,,,,,,,,,,,,,147,0,7,355,0,0,0,0
2,StreamingFIFO_rtl_82,StreamingFIFO_rtl,FIFO,,,,,,,,,,,auto,,,,,,,,,,,,,,,,,,,UINT6,6,2,1x32x32x8x1,rtl,,,,,,12,0,0,17,0,0,0,0
2,StreamingDataWidthConverter_rtl_13,StreamingDataWidthConverter_rtl,DWC,,,,,,,,,,,,,,,,,,,,,,,,,,,,,,,,,,,,,,,,11,0,0,34,0,0,0,0
2,StreamingFIFO_rtl_83,StreamingFIFO_rtl,FIFO,,,,,,,,,,,auto,,,,,,,,,,,,,,,,,,,UINT6,6,134,1x32x32x2x4,rtl,,,,,,202,0,120,38,0,0,0,0
2,FMPadding_rtl_4,FMPadding_rtl,FMPadding,,,,4,,UINT6,,,6,,,,8,,,,,32,32,,,,,,,,,,,,,,,,,,,2x2x2x2,1,50,0,0,63,0,0,0,0
2,StreamingFIFO_rtl_84,StreamingFIFO_rtl,FIFO,,,,,,,,,,,auto,,,,,,,,,,,,,,,,,,,UINT6,6,2,1x36x36x2x4,rtl,,,,,,31,0,0,53,0,0,0,0
2,ConvolutionInputGenerator_rtl_4,ConvolutionInputGenerator_rtl,SWU,,,,4,,UINT6,UINT6,,6,,distributed,,,,,,8,36,36,32,32,3,3,1,1,2,2,0,0,,,,,,,,,,,377,140,0,112,0,0,0,0
2,StreamingFIFO_rtl_85,StreamingFIFO_rtl,FIFO,,,,,,,,,,,auto,,,,,,,,,,,,,,,,,,,UINT6,6,2,1x32x32x18x4,rtl,,,,,,29,0,0,53,0,0,0,0
2,MVAU_rtl_13,MVAU_rtl,MVAU,8,72,1,4,INT6,UINT6,INT16,6,6,dsp,auto,internal_decoupled,,,,,,,,,,,,,,,,,,,,,,,,,,,,209,76,8,194,0,0,0,4
2,StreamingFIFO_rtl_86,StreamingFIFO_rtl,FIFO,,,,,,,,,,,auto,,,,,,,,,,,,,,,,,,,INT16,16,2,1x32x32x8x1,rtl,,,,,,24,0,0,37,0,0,0,0
2,Thresholding_rtl_23,Thresholding_rtl,Thresholding,,,1,,INT16,INT16,UINT6,16,16,,,,8,63,1024,0,,,,,,,,,,,,,,,,,,,,,,,,145,0,7,366,0,0,0,0
2,StreamingFIFO_rtl_87,StreamingFIFO_rtl,FIFO,,,,,,,,,,,auto,,,,,,,,,,,,,,,,,,,UINT6,6,2,1x32x32x8x1,rtl,,,,,,12,0,0,17,0,0,0,0
2,StreamingDataWidthConverter_rtl_14,StreamingDataWidthConverter_rtl,DWC,,,,,,,,,,,,,,,,,,,,,,,,,,,,,,,,,,,,,,,,10,0,0,21,0,0,0,0
2,StreamingFIFO_rtl_88,StreamingFIFO_rtl,FIFO,,,,,,,,,,,auto,,,,,,,,,,,,,,,,,,,UINT6,6,2,1x32x32x4x2,rtl,,,,,,19,0,0,29,0,0,0,0
2,MVAU_rtl_14,MVAU_rtl,MVAU,32,8,1,2,INT6,UINT6,INT15,6,6,dsp,auto,internal_decoupled,,,,,,,,,,,,,,,,,,,,,,,,,,,,93,32,8,116,0,0,0,2
2,StreamingFIFO_rtl_89,StreamingFIFO_rtl,FIFO,,,,,,,,,,,auto,,,,,,,,,,,,,,,,,,,INT15,15,2,1x32x32x32x1,rtl,,,,,,23,0,0,35,0,0,0,0
2,Thresholding_rtl_24,Thresholding_rtl,Thresholding,,,1,,INT15,INT15,INT6,15,15,,,,32,63,1024,0,,,,,,,,,,,,,,,,,,,,,,,,146,0,7,369,0,1,0,0
2,StreamingFIFO_rtl_90,StreamingFIFO_rtl,FIFO,,,,,,,,,,,auto,,,,,,,,,,,,,,,,,,,INT6,6,2,1x32x32x32x1,rtl,,,,,,12,0,0,17,0,0,0,0
2,AddStreams_hls_4,AddStreams_hls,AddStreams,,,1,,,INT6,,,6,,,,32,,,,,,,,,,,,,,,,,,,,,,,,,,,67,0,0,78,0,0,0,0
2,StreamingFIFO_rtl_91,StreamingFIFO_rtl,FIFO,,,,,,,,,,,auto,,,,,,,,,,,,,,,,,,,INT7,7,2,1x32x32x32x1,rtl,,,,,,12,0,0,19,0,0,0,0
3,StreamingFIFO_rtl_0,StreamingFIFO_rtl,FIFO,,,,,,,,,,,auto,,,,,,,,,,,,,,,,,,,INT7,7,2,1x32x32x32x1,rtl,,,,,,13,0,0,19,0,0,0,0
3,Thresholding_rtl_0,Thresholding_rtl,Thresholding,,,1,,INT8,INT7,UINT6,8,7,,,,32,63,1024,0,,,,,,,,,,,,,,,,,,,,,,,,70,0,12,184,0,1,0,0
3,StreamingFIFO_rtl_1,StreamingFIFO_rtl,FIFO,,,,,,,,,,,auto,,,,,,,,,,,,,,,,,,,UINT6,6,2,1x32x32x32x1,rtl,,,,,,11,0,0,17,0,0,0,0
3,DuplicateStreams_hls_0,DuplicateStreams_hls,DuplicateStreams,,,1,,,UINT6,,,6,,,,32,,,,,,,,,,,,,,,,,,,,,,,,,,,64,0,0,75,0,0,0,0
3,StreamingFIFO_rtl_2,StreamingFIFO_rtl,FIFO,,,,,,,,,,,auto,,,,,,,,,,,,,,,,,,,UINT6,6,2,1x32x32x32x1,rtl,,,,,,12,0,0,17,0,0,0,0
3,StreamingFIFO_rtl_3,StreamingFIFO_rtl,FIFO,,,,,,,,,,,auto,,,,,,,,,,,,,,,,,,,UINT6,6,2,1x32x32x32x1,rtl,,,,,,11,0,0,17,0,0,0,0
3,StreamingDataWidthConverter_rtl_0,StreamingDataWidthConverter_rtl,DWC,,,,,,,,,,,,,,,,,,,,,,,,,,,,,,,,,,,,,,,,9,0,0,21,0,0,0,0
3,Thresholding_rtl_1,Thresholding_rtl,Thresholding,,,1,,UINT6,UINT6,INT6,6,6,,,,32,63,1024,0,,,,,,,,,,,,,,,,,,,,,,,,58,0,13,137,0,1,0,0
3,StreamingFIFO_rtl_4,StreamingFIFO_rtl,FIFO,,,,,,,,,,,auto,,,,,,,,,,,,,,,,,,,UINT6,6,2,1x32x32x16x2,rtl,,,,,,17,0,0,29,0,0,0,0
3,StreamingFIFO_rtl_5,StreamingFIFO_rtl,FIFO,,,,,,,,,,,auto,,,,,,,,,,,,,,,,,,,INT6,6,4096,1x32x32x32x1,vivado,,,,,,84,0,0,67,1,0,0,0
3,StreamingFIFO_rtl_6,StreamingFIFO_rtl,FIFO,,,,,,,,,,,auto,,,,,,,,,,,,,,,,,,,INT6,6,256,1x32x32x32x1,rtl,,,,,,92,0,48,20,0,0,0,0
3,MVAU_rtl_0,MVAU_rtl,MVAU,8,32,1,2,INT6,UINT6,INT15,6,6,dsp,auto,internal_decoupled,,,,,,,,,,,,,,,,,,,,,,,,,,,,100,32,8,126,0,0,0,2
3,StreamingFIFO_rtl_7,StreamingFIFO_rtl,FIFO,,,,,,,,,,,auto,,,,,,,,,,,,,,,,,,,INT15,15,2,1x32x32x8x1,rtl,,,,,,22,0,0,35,0,0,0,0
3,Thresholding_rtl_2,Thresholding_rtl,Thresholding,,,1,,INT15,INT15,UINT6,15,15,,,,8,63,1024,0,,,,,,,,,,,,,,,,,,,,,,,,141,0,7,355,0,0,0,0
3,StreamingFIFO_rtl_8,StreamingFIFO_rtl,FIFO,,,,,,,,,,,auto,,,,,,,,,,,,,,,,,,,UINT6,6,2,1x32x32x8x1,rtl,,,,,,11,0,0,17,0,0,0,0
3,StreamingDataWidthConverter_rtl_1,StreamingDataWidthConverter_rtl,DWC,,,,,,,,,,,,,,,,,,,,,,,,,,,,,,,,,,,,,,,,9,0,0,34,0,0,0,0
3,StreamingFIFO_rtl_9,StreamingFIFO_rtl,FIFO,,,,,,,,,,,auto,,,,,,,,,,,,,,,,,,,UINT6,6,256,1x32x32x2x4,rtl,,,,,,254,0,192,38,0,0,0,0
3,StreamingFIFO_rtl_10,StreamingFIFO_rtl,FIFO,,,,,,,,,,,auto,,,,,,,,,,,,,,,,,,,UINT6,6,12,1x32x32x2x4,rtl,,,,,,59,0,16,34,0,0,0,0
3,FMPadding_rtl_0,FMPadding_rtl,FMPadding,,,,4,,UINT6,,,6,,,,8,,,,,32,32,,,,,,,,,,,,,,,,,,,4x4x4x4,1,46,0,0,63,0,0,0,0
3,StreamingFIFO_rtl_11,StreamingFIFO_rtl,FIFO,,,,,,,,,,,auto,,,,,,,,,,,,,,,,,,,UINT6,6,2,1x40x40x2x4,rtl,,,,,,29,0,0,53,0,0,0,0
3,ConvolutionInputGenerator_rtl_0,ConvolutionInputGenerator_rtl,SWU,,,,4,,UINT6,UINT6,,6,,distributed,,,,,,8,40,40,32,32,3,3,1,1,4,4,0,0,,,,,,,,,,,632,308,0,132,0,0,0,0
3,StreamingFIFO_rtl_12,StreamingFIFO_rtl,FIFO,,,,,,,,,,,auto,,,,,,,,,,,,,,,,,,,UINT6,6,2,1x32x32x18x4,rtl,,,,,,28,0,0,53,0,0,0,0
3,MVAU_rtl_1,MVAU_rtl,MVAU,8,72,1,4,INT6,UINT6,INT16,6,6,dsp,auto,internal_decoupled,,,,,,,,,,,,,,,,,,,,,,,,,,,,206,76,8,194,0,0,0,4
3,StreamingFIFO_rtl_13,StreamingFIFO_rtl,FIFO,,,,,,,,,,,auto,,,,,,,,,,,,,,,,,,,INT16,16,2,1x32x32x8x1,rtl,,,,,,23,0,0,37,0,0,0,0
3,Thresholding_rtl_3,Thresholding_rtl,Thresholding,,,1,,INT16,INT16,UINT6,16,16,,,,8,63,1024,0,,,,,,,,,,,,,,,,,,,,,,,,148,0,7,367,0,0,0,0
3,StreamingFIFO_rtl_14,StreamingFIFO_rtl,FIFO,,,,,,,,,,,auto,,,,,,,,,,,,,,,,,,,UINT6,6,2,1x32x32x8x1,rtl,,,,,,11,0,0,17,0,0,0,0
3,StreamingDataWidthConverter_rtl_2,StreamingDataWidthConverter_rtl,DWC,,,,,,,,,,,,,,,,,,,,,,,,,,,,,,,,,,,,,,,,9,0,0,21,0,0,0,0
3,StreamingFIFO_rtl_15,StreamingFIFO_rtl,FIFO,,,,,,,,,,,auto,,,,,,,,,,,,,,,,,,,UINT6,6,2,1x32x32x4x2,rtl,,,,,,17,0,0,29,0,0,0,0
3,MVAU_rtl_2,MVAU_rtl,MVAU,32,8,1,2,INT6,UINT6,INT16,6,6,dsp,auto,internal_decoupled,,,,,,,,,,,,,,,,,,,,,,,,,,,,94,32,8,119,0,0,0,2
3,StreamingFIFO_rtl_16,StreamingFIFO_rtl,FIFO,,,,,,,,,,,auto,,,,,,,,,,,,,,,,,,,INT16,16,2,1x32x32x32x1,rtl,,,,,,22,0,0,37,0,0,0,0
3,Thresholding_rtl_4,Thresholding_rtl,Thresholding,,,1,,INT16,INT16,INT6,16,16,,,,32,63,1024,0,,,,,,,,,,,,,,,,,,,,,,,,149,0,7,384,0,1,0,0
3,StreamingFIFO_rtl_17,StreamingFIFO_rtl,FIFO,,,,,,,,,,,auto,,,,,,,,,,,,,,,,,,,INT6,6,2,1x32x32x32x1,rtl,,,,,,11,0,0,17,0,0,0,0
3,AddStreams_hls_0,AddStreams_hls,AddStreams,,,1,,,INT6,,,6,,,,32,,,,,,,,,,,,,,,,,,,,,,,,,,,62,0,0,78,0,0,0,0
3,StreamingFIFO_rtl_18,StreamingFIFO_rtl,FIFO,,,,,,,,,,,auto,,,,,,,,,,,,,,,,,,,INT7,7,2,1x32x32x32x1,rtl,,,,,,13,0,0,19,0,0,0,0
3,Thresholding_rtl_5,Thresholding_rtl,Thresholding,,,1,,INT8,INT7,UINT6,8,7,,,,32,63,1024,0,,,,,,,,,,,,,,,,,,,,,,,,74,0,12,186,0,1,0,0
3,StreamingFIFO_rtl_19,StreamingFIFO_rtl,FIFO,,,,,,,,,,,auto,,,,,,,,,,,,,,,,,,,UINT6,6,2,1x32x32x32x1,rtl,,,,,,11,0,0,17,0,0,0,0
3,DuplicateStreams_hls_1,DuplicateStreams_hls,DuplicateStreams,,,1,,,UINT6,,,6,,,,32,,,,,,,,,,,,,,,,,,,,,,,,,,,64,0,0,75,0,0,0,0
3,StreamingFIFO_rtl_20,StreamingFIFO_rtl,FIFO,,,,,,,,,,,auto,,,,,,,,,,,,,,,,,,,UINT6,6,2,1x32x32x32x1,rtl,,,,,,12,0,0,17,0,0,0,0
3,StreamingFIFO_rtl_21,StreamingFIFO_rtl,FIFO,,,,,,,,,,,auto,,,,,,,,,,,,,,,,,,,UINT6,6,2,1x32x32x32x1,rtl,,,,,,11,0,0,17,0,0,0,0
3,StreamingDataWidthConverter_rtl_3,StreamingDataWidthConverter_rtl,DWC,,,,,,,,,,,,,,,,,,,,,,,,,,,,,,,,,,,,,,,,8,0,0,21,0,0,0,0
3,Thresholding_rtl_6,Thresholding_rtl,Thresholding,,,1,,UINT6,UINT6,INT6,6,6,,,,32,63,1024,0,,,,,,,,,,,,,,,,,,,,,,,,57,0,12,141,0,1,0,0
3,StreamingFIFO_rtl_22,StreamingFIFO_rtl,FIFO,,,,,,,,,,,auto,,,,,,,,,,,,,,,,,,,UINT6,6,2,1x32x32x16x2,rtl,,,,,,17,0,0,29,0,0,0,0
3,StreamingFIFO_rtl_23,StreamingFIFO_rtl,FIFO,,,,,,,,,,,auto,,,,,,,,,,,,,,,,,,,INT6,6,8192,1x32x32x32x1,vivado,,,,,,91,0,0,71,1,1,0,0
3,StreamingFIFO_rtl_24,StreamingFIFO_rtl,FIFO,,,,,,,,,,,auto,,,,,,,,,,,,,,,,,,,INT6,6,256,1x32x32x32x1,rtl,,,,,,92,0,48,20,0,0,0,0
3,MVAU_rtl_3,MVAU_rtl,MVAU,8,32,1,2,INT6,UINT6,INT15,6,6,dsp,auto,internal_decoupled,,,,,,,,,,,,,,,,,,,,,,,,,,,,100,32,8,126,0,0,0,2
3,StreamingFIFO_rtl_25,StreamingFIFO_rtl,FIFO,,,,,,,,,,,auto,,,,,,,,,,,,,,,,,,,INT6,6,192,1x32x32x32x1,rtl,,,,,,85,0,36,20,0,0,0,0
3,StreamingFIFO_rtl_26,StreamingFIFO_rtl,FIFO,,,,,,,,,,,auto,,,,,,,,,,,,,,,,,,,INT15,15,2,1x32x32x8x1,rtl,,,,,,22,0,0,35,0,0,0,0
3,Thresholding_rtl_7,Thresholding_rtl,Thresholding,,,1,,INT15,INT15,UINT6,15,15,,,,8,63,1024,0,,,,,,,,,,,,,,,,,,,,,,,,149,0,7,355,0,0,0,0
3,StreamingFIFO_rtl_27,StreamingFIFO_rtl,FIFO,,,,,,,,,,,auto,,,,,,,,,,,,,,,,,,,UINT6,6,2,1x32x32x8x1,rtl,,,,,,11,0,0,17,0,0,0,0
3,StreamingDataWidthConverter_rtl_4,StreamingDataWidthConverter_rtl,DWC,,,,,,,,,,,,,,,,,,,,,,,,,,,,,,,,,,,,,,,,9,0,0,34,0,0,0,0
3,StreamingFIFO_rtl_28,StreamingFIFO_rtl,FIFO,,,,,,,,,,,auto,,,,,,,,,,,,,,,,,,,UINT6,6,512,1x32x32x2x4,vivado,,,,,,66,0,0,55,0,1,0,0
3,StreamingFIFO_rtl_29,StreamingFIFO_rtl,FIFO,,,,,,,,,,,auto,,,,,,,,,,,,,,,,,,,UINT6,6,20,1x32x32x2x4,rtl,,,,,,72,0,24,35,0,0,0,0
3,FMPadding_rtl_1,FMPadding_rtl,FMPadding,,,,4,,UINT6,,,6,,,,8,,,,,32,32,,,,,,,,,,,,,,,,,,,8x8x8x8,1,49,0,0,63,0,0,0,0
3,StreamingFIFO_rtl_30,StreamingFIFO_rtl,FIFO,,,,,,,,,,,auto,,,,,,,,,,,,,,,,,,,UINT6,6,2,1x48x48x2x4,rtl,,,,,,30,0,0,53,0,0,0,0
3,ConvolutionInputGenerator_rtl_1,ConvolutionInputGenerator_rtl,SWU,,,,4,,UINT6,UINT6,,6,,distributed,,,,,,8,48,48,32,32,3,3,1,1,8,8,0,0,,,,,,,,,,,1133,700,0,155,0,0,0,0
3,StreamingFIFO_rtl_31,StreamingFIFO_rtl,FIFO,,,,,,,,,,,auto,,,,,,,,,,,,,,,,,,,UINT6,6,2,1x32x32x18x4,rtl,,,,,,28,0,0,53,0,0,0,0
3,MVAU_rtl_4,MVAU_rtl,MVAU,8,72,1,4,INT6,UINT6,INT16,6,6,dsp,auto,internal_decoupled,,,,,,,,,,,,,,,,,,,,,,,,,,,,206,76,8,194,0,0,0,4
3,StreamingFIFO_rtl_32,StreamingFIFO_rtl,FIFO,,,,,,,,,,,auto,,,,,,,,,,,,,,,,,,,INT16,16,2,1x32x32x8x1,rtl,,,,,,23,0,0,37,0,0,0,0
3,Thresholding_rtl_8,Thresholding_rtl,Thresholding,,,1,,INT16,INT16,UINT6,16,16,,,,8,63,1024,0,,,,,,,,,,,,,,,,,,,,,,,,151,0,7,368,0,0,0,0
3,StreamingFIFO_rtl_33,StreamingFIFO_rtl,FIFO,,,,,,,,,,,auto,,,,,,,,,,,,,,,,,,,UINT6,6,2,1x32x32x8x1,rtl,,,,,,11,0,0,17,0,0,0,0
3,StreamingDataWidthConverter_rtl_5,StreamingDataWidthConverter_rtl,DWC,,,,,,,,,,,,,,,,,,,,,,,,,,,,,,,,,,,,,,,,9,0,0,21,0,0,0,0
3,StreamingFIFO_rtl_34,StreamingFIFO_rtl,FIFO,,,,,,,,,,,auto,,,,,,,,,,,,,,,,,,,UINT6,6,2,1x32x32x4x2,rtl,,,,,,17,0,0,29,0,0,0,0
3,MVAU_rtl_5,MVAU_rtl,MVAU,32,8,1,2,INT6,UINT6,INT16,6,6,dsp,auto,internal_decoupled,,,,,,,,,,,,,,,,,,,,,,,,,,,,96,32,8,119,0,0,0,2
3,StreamingFIFO_rtl_35,StreamingFIFO_rtl,FIFO,,,,,,,,,,,auto,,,,,,,,,,,,,,,,,,,INT16,16,2,1x32x32x32x1,rtl,,,,,,23,0,0,37,0,0,0,0
3,Thresholding_rtl_9,Thresholding_rtl,Thresholding,,,1,,INT16,INT16,INT6,16,16,,,,32,63,1024,0,,,,,,,,,,,,,,,,,,,,,,,,146,0,7,396,0,1,0,0
3,StreamingFIFO_rtl_36,StreamingFIFO_rtl,FIFO,,,,,,,,,,,auto,,,,,,,,,,,,,,,,,,,INT6,6,2,1x32x32x32x1,rtl,,,,,,11,0,0,17,0,0,0,0
3,AddStreams_hls_1,AddStreams_hls,AddStreams,,,1,,,INT6,,,6,,,,32,,,,,,,,,,,,,,,,,,,,,,,,,,,64,0,0,78,0,0,0,0
3,StreamingFIFO_rtl_37,StreamingFIFO_rtl,FIFO,,,,,,,,,,,auto,,,,,,,,,,,,,,,,,,,INT7,7,2,1x32x32x32x1,rtl,,,,,,13,0,0,19,0,0,0,0
3,Thresholding_rtl_10,Thresholding_rtl,Thresholding,,,1,,INT8,INT7,UINT6,8,7,,,,32,63,1024,0,,,,,,,,,,,,,,,,,,,,,,,,73,0,12,185,0,1,0,0
3,StreamingFIFO_rtl_38,StreamingFIFO_rtl,FIFO,,,,,,,,,,,auto,,,,,,,,,,,,,,,,,,,UINT6,6,2,1x32x32x32x1,rtl,,,,,,11,0,0,17,0,0,0,0
3,DuplicateStreams_hls_2,DuplicateStreams_hls,DuplicateStreams,,,1,,,UINT6,,,6,,,,32,,,,,,,,,,,,,,,,,,,,,,,,,,,64,0,0,75,0,0,0,0
3,StreamingFIFO_rtl_39,StreamingFIFO_rtl,FIFO,,,,,,,,,,,auto,,,,,,,,,,,,,,,,,,,UINT6,6,2,1x32x32x32x1,rtl,,,,,,13,0,0,17,0,0,0,0
3,StreamingFIFO_rtl_40,StreamingFIFO_rtl,FIFO,,,,,,,,,,,auto,,,,,,,,,,,,,,,,,,,UINT6,6,2,1x32x32x32x1,rtl,,,,,,12,0,0,17,0,0,0,0
3,StreamingDataWidthConverter_rtl_6,StreamingDataWidthConverter_rtl,DWC,,,,,,,,,,,,,,,,,,,,,,,,,,,,,,,,,,,,,,,,10,0,0,21,0,0,0,0
3,Thresholding_rtl_11,Thresholding_rtl,Thresholding,,,1,,UINT6,UINT6,INT6,6,6,,,,32,63,1024,0,,,,,,,,,,,,,,,,,,,,,,,,54,0,12,140,0,1,0,0
3,StreamingFIFO_rtl_41,StreamingFIFO_rtl,FIFO,,,,,,,,,,,auto,,,,,,,,,,,,,,,,,,,UINT6,6,2,1x32x32x16x2,rtl,,,,,,19,0,0,29,0,0,0,0
3,StreamingFIFO_rtl_42,StreamingFIFO_rtl,FIFO,,,,,,,,,,,auto,,,,,,,,,,,,,,,,,,,INT6,6,16384,1x32x32x32x1,vivado,,,,,,100,0,0,75,3,0,0,0
3,StreamingFIFO_rtl_43,StreamingFIFO_rtl,FIFO,,,,,,,,,,,auto,,,,,,,,,,,,,,,,,,,INT6,6,512,1x32x32x32x1,vivado,,,,,,66,0,0,55,0,1,0,0
3,MVAU_rtl_6,MVAU_rtl,MVAU,8,32,1,2,INT6,UINT6,INT15,6,6,dsp,auto,internal_decoupled,,,,,,,,,,,,,,,,,,,,,,,,,,,,99,32,8,126,0,0,0,2
3,StreamingFIFO_rtl_44,StreamingFIFO_rtl,FIFO,,,,,,,,,,,auto,,,,,,,,,,,,,,,,,,,INT6,6,256,1x32x32x32x1,rtl,,,,,,91,0,48,20,0,0,0,0
3,StreamingFIFO_rtl_45,StreamingFIFO_rtl,FIFO,,,,,,,,,,,auto,,,,,,,,,,,,,,,,,,,INT15,15,2,1x32x32x8x1,rtl,,,,,,23,0,0,35,0,0,0,0
3,StreamingFIFO_rtl_46,StreamingFIFO_rtl,FIFO,,,,,,,,,,,auto,,,,,,,,,,,,,,,,,,,INT6,6,128,1x32x32x32x1,rtl,,,,,,64,0,24,19,0,0,0,0
3,Thresholding_rtl_12,Thresholding_rtl,Thresholding,,,1,,INT15,INT15,UINT6,15,15,,,,8,63,1024,0,,,,,,,,,,,,,,,,,,,,,,,,144,0,7,351,0,0,0,0
3,StreamingFIFO_rtl_47,StreamingFIFO_rtl,FIFO,,,,,,,,,,,auto,,,,,,,,,,,,,,,,,,,UINT6,6,2,1x32x32x8x1,rtl,,,,,,12,0,0,17,0,0,0,0
3,StreamingDataWidthConverter_rtl_7,StreamingDataWidthConverter_rtl,DWC,,,,,,,,,,,,,,,,,,,,,,,,,,,,,,,,,,,,,,,,11,0,0,34,0,0,0,0
3,StreamingFIFO_rtl_48,StreamingFIFO_rtl,FIFO,,,,,,,,,,,auto,,,,,,,,,,,,,,,,,,,UINT6,6,1024,1x32x32x2x4,vivado,,,,,,71,0,0,59,1,0,0,0
3,StreamingFIFO_rtl_49,StreamingFIFO_rtl,FIFO,,,,,,,,,,,auto,,,,,,,,,,,,,,,,,,,UINT6,6,36,1x32x32x2x4,rtl,,,,,,102,0,48,36,0,0,0,0
3,FMPadding_rtl_2,FMPadding_rtl,FMPadding,,,,4,,UINT6,,,6,,,,8,,,,,32,32,,,,,,,,,,,,,,,,,,,16x16x16x16,1,66,0,0,65,0,0,0,0
3,StreamingFIFO_rtl_50,StreamingFIFO_rtl,FIFO,,,,,,,,,,,auto,,,,,,,,,,,,,,,,,,,UINT6,6,2,1x64x64x2x4,rtl,,,,,,31,0,0,53,0,0,0,0
3,ConvolutionInputGenerator_rtl_2,ConvolutionInputGenerator_rtl,SWU,,,,4,,UINT6,UINT6,,6,,distributed,,,,,,8,64,64,32,32,3,3,1,1,16,16,0,0,,,,,,,,,,,2680,1848,0,226,0,0,0,0
3,StreamingFIFO_rtl_51,StreamingFIFO_rtl,FIFO,,,,,,,,,,,auto,,,,,,,,,,,,,,,,,,,UINT6,6,2,1x32x32x18x4,rtl,,,,,,29,0,0,53,0,0,0,0
3,MVAU_rtl_7,MVAU_rtl,MVAU,8,72,1,4,INT6,UINT6,INT16,6,6,dsp,auto,internal_decoupled,,,,,,,,,,,,,,,,,,,,,,,,,,,,209,76,8,194,0,0,0,4
3,StreamingFIFO_rtl_52,StreamingFIFO_rtl,FIFO,,,,,,,,,,,auto,,,,,,,,,,,,,,,,,,,INT16,16,2,1x32x32x8x1,rtl,,,,,,24,0,0,37,0,0,0,0
3,Thresholding_rtl_13,Thresholding_rtl,Thresholding,,,1,,INT16,INT16,UINT6,16,16,,,,8,63,1024,0,,,,,,,,,,,,,,,,,,,,,,,,145,0,7,370,0,0,0,0
3,StreamingFIFO_rtl_53,StreamingFIFO_rtl,FIFO,,,,,,,,,,,auto,,,,,,,,,,,,,,,,,,,UINT6,6,2,1x32x32x8x1,rtl,,,,,,12,0,0,17,0,0,0,0
3,StreamingDataWidthConverter_rtl_8,StreamingDataWidthConverter_rtl,DWC,,,,,,,,,,,,,,,,,,,,,,,,,,,,,,,,,,,,,,,,10,0,0,21,0,0,0,0
3,StreamingFIFO_rtl_54,StreamingFIFO_rtl,FIFO,,,,,,,,,,,auto,,,,,,,,,,,,,,,,,,,UINT6,6,2,1x32x32x4x2,rtl,,,,,,19,0,0,29,0,0,0,0
3,MVAU_rtl_8,MVAU_rtl,MVAU,32,8,1,2,INT6,UINT6,INT16,6,6,dsp,auto,internal_decoupled,,,,,,,,,,,,,,,,,,,,,,,,,,,,95,32,8,119,0,0,0,2
3,StreamingFIFO_rtl_55,StreamingFIFO_rtl,FIFO,,,,,,,,,,,auto,,,,,,,,,,,,,,,,,,,INT16,16,2,1x32x32x32x1,rtl,,,,,,24,0,0,37,0,0,0,0
3,Thresholding_rtl_14,Thresholding_rtl,Thresholding,,,1,,INT16,INT16,INT6,16,16,,,,32,63,1024,0,,,,,,,,,,,,,,,,,,,,,,,,149,0,7,385,0,1,0,0
3,StreamingFIFO_rtl_56,StreamingFIFO_rtl,FIFO,,,,,,,,,,,auto,,,,,,,,,,,,,,,,,,,INT6,6,2,1x32x32x32x1,rtl,,,,,,12,0,0,17,0,0,0,0
3,AddStreams_hls_2,AddStreams_hls,AddStreams,,,1,,,INT6,,,6,,,,32,,,,,,,,,,,,,,,,,,,,,,,,,,,67,0,0,78,0,0,0,0
3,StreamingFIFO_rtl_57,StreamingFIFO_rtl,FIFO,,,,,,,,,,,auto,,,,,,,,,,,,,,,,,,,INT7,7,2,1x32x32x32x1,rtl,,,,,,14,0,0,19,0,0,0,0
3,Thresholding_rtl_15,Thresholding_rtl,Thresholding,,,1,,INT8,INT7,UINT6,8,7,,,,32,63,1024,0,,,,,,,,,,,,,,,,,,,,,,,,73,0,12,183,0,1,0,0
3,StreamingFIFO_rtl_58,StreamingFIFO_rtl,FIFO,,,,,,,,,,,auto,,,,,,,,,,,,,,,,,,,UINT6,6,2,1x32x32x32x1,rtl,,,,,,12,0,0,17,0,0,0,0
3,DuplicateStreams_hls_3,DuplicateStreams_hls,DuplicateStreams,,,1,,,UINT6,,,6,,,,32,,,,,,,,,,,,,,,,,,,,,,,,,,,64,0,0,75,0,0,0,0
3,StreamingFIFO_rtl_59,StreamingFIFO_rtl,FIFO,,,,,,,,,,,auto,,,,,,,,,,,,,,,,,,,UINT6,6,2,1x32x32x32x1,rtl,,,,,,13,0,0,17,0,0,0,0
3,StreamingFIFO_rtl_60,StreamingFIFO_rtl,FIFO,,,,,,,,,,,auto,,,,,,,,,,,,,,,,,,,UINT6,6,2,1x32x32x32x1,rtl,,,,,,12,0,0,17,0,0,0,0
3,StreamingDataWidthConverter_rtl_9,StreamingDataWidthConverter_rtl,DWC,,,,,,,,,,,,,,,,,,,,,,,,,,,,,,,,,,,,,,,,10,0,0,21,0,0,0,0
3,Thresholding_rtl_16,Thresholding_rtl,Thresholding,,,1,,UINT6,UINT6,INT6,6,6,,,,32,63,1024,0,,,,,,,,,,,,,,,,,,,,,,,,53,0,12,140,0,1,0,0
3,StreamingFIFO_rtl_61,StreamingFIFO_rtl,FIFO,,,,,,,,,,,auto,,,,,,,,,,,,,,,,,,,UINT6,6,2,1x32x32x16x2,rtl,,,,,,19,0,0,29,0,0,0,0
3,StreamingFIFO_rtl_62,StreamingFIFO_rtl,FIFO,,,,,,,,,,,auto,,,,,,,,,,,,,,,,,,,INT6,6,2048,1x32x32x32x1,vivado,,,,,,79,0,0,63,0,1,0,0
3,StreamingFIFO_rtl_63,StreamingFIFO_rtl,FIFO,,,,,,,,,,,auto,,,,,,,,,,,,,,,,,,,INT6,6,160,1x32x32x32x1,rtl,,,,,,75,0,30,20,0,0,0,0
3,MVAU_rtl_9,MVAU_rtl,MVAU,8,32,1,2,INT6,UINT6,INT15,6,6,dsp,auto,internal_decoupled,,,,,,,,,,,,,,,,,,,,,,,,,,,,100,32,8,126,0,0,0,2
3,StreamingFIFO_rtl_64,StreamingFIFO_rtl,FIFO,,,,,,,,,,,auto,,,,,,,,,,,,,,,,,,,INT15,15,2,1x32x32x8x1,rtl,,,,,,23,0,0,35,0,0,0,0
3,Thresholding_rtl_17,Thresholding_rtl,Thresholding,,,1,,INT15,INT15,UINT6,15,15,,,,8,63,1024,0,,,,,,,,,,,,,,,,,,,,,,,,149,0,7,355,0,0,0,0
3,StreamingFIFO_rtl_65,StreamingFIFO_rtl,FIFO,,,,,,,,,,,auto,,,,,,,,,,,,,,,,,,,UINT6,6,2,1x32x32x8x1,rtl,,,,,,12,0,0,17,0,0,0,0
3,StreamingDataWidthConverter_rtl_10,StreamingDataWidthConverter_rtl,DWC,,,,,,,,,,,,,,,,,,,,,,,,,,,,,,,,,,,,,,,,10,0,0,34,0,0,0,0
3,StreamingFIFO_rtl_66,StreamingFIFO_rtl,FIFO,,,,,,,,,,,auto,,,,,,,,,,,,,,,,,,,UINT6,6,134,1x32x32x2x4,rtl,,,,,,202,0,120,38,0,0,0,0
3,FMPadding_rtl_3,FMPadding_rtl,FMPadding,,,,4,,UINT6,,,6,,,,8,,,,,32,32,,,,,,,,,,,,,,,,,,,2x2x2x2,1,50,0,0,63,0,0,0,0
3,StreamingFIFO_rtl_67,StreamingFIFO_rtl,FIFO,,,,,,,,,,,auto,,,,,,,,,,,,,,,,,,,UINT6,6,2,1x36x36x2x4,rtl,,,,,,31,0,0,53,0,0,0,0
3,ConvolutionInputGenerator_rtl_3,ConvolutionInputGenerator_rtl,SWU,,,,4,,UINT6,UINT6,,6,,distributed,,,,,,8,36,36,32,32,3,3,1,1,2,2,0,0,,,,,,,,,,,377,140,0,112,0,0,0,0
3,StreamingFIFO_rtl_68,StreamingFIFO_rtl,FIFO,,,,,,,,,,,auto,,,,,,,,,,,,,,,,,,,UINT6,6,2,1x32x32x18x4,rtl,,,,,,29,0,0,53,0,0,0,0
3,MVAU_rtl_10,MVAU_rtl,MVAU,8,72,1,4,INT6,UINT6,INT16,6,6,dsp,auto,internal_decoupled,,,,,,,,,,,,,,,,,,,,,,,,,,,,207,76,8,194,0,0,0,4
3,StreamingFIFO_rtl_69,StreamingFIFO_rtl,FIFO,,,,,,,,,,,auto,,,,,,,,,,,,,,,,,,,INT16,16,2,1x32x32x8x1,rtl,,,,,,24,0,0,37,0,0,0,0
3,Thresholding_rtl_18,Thresholding_rtl,Thresholding,,,1,,INT16,INT16,UINT6,16,16,,,,8,63,1024,0,,,,,,,,,,,,,,,,,,,,,,,,153,0,7,368,0,0,0,0
3,StreamingFIFO_rtl_70,StreamingFIFO_rtl,FIFO,,,,,,,,,,,auto,,,,,,,,,,,,,,,,,,,UINT6,6,2,1x32x32x8x1,rtl,,,,,,12,0,0,17,0,0,0,0
3,StreamingDataWidthConverter_rtl_11,StreamingDataWidthConverter_rtl,DWC,,,,,,,,,,,,,,,,,,,,,,,,,,,,,,,,,,,,,,,,10,0,0,21,0,0,0,0
3,StreamingFIFO_rtl_71,StreamingFIFO_rtl,FIFO,,,,,,,,,,,auto,,,,,,,,,,,,,,,,,,,UINT6,6,2,1x32x32x4x2,rtl,,,,,,19,0,0,29,0,0,0,0
3,MVAU_rtl_11,MVAU_rtl,MVAU,32,8,1,2,INT6,UINT6,INT15,6,6,dsp,auto,internal_decoupled,,,,,,,,,,,,,,,,,,,,,,,,,,,,93,32,8,116,0,0,0,2
3,StreamingFIFO_rtl_72,StreamingFIFO_rtl,FIFO,,,,,,,,,,,auto,,,,,,,,,,,,,,,,,,,INT15,15,2,1x32x32x32x1,rtl,,,,,,23,0,0,35,0,0,0,0
3,Thresholding_rtl_19,Thresholding_rtl,Thresholding,,,1,,INT15,INT15,INT6,15,15,,,,32,63,1024,0,,,,,,,,,,,,,,,,,,,,,,,,152,0,7,369,0,1,0,0
3,StreamingFIFO_rtl_73,StreamingFIFO_rtl,FIFO,,,,,,,,,,,auto,,,,,,,,,,,,,,,,,,,INT6,6,2,1x32x32x32x1,rtl,,,,,,12,0,0,17,0,0,0,0
3,AddStreams_hls_3,AddStreams_hls,AddStreams,,,1,,,INT6,,,6,,,,32,,,,,,,,,,,,,,,,,,,,,,,,,,,66,0,0,78,0,0,0,0
3,StreamingFIFO_rtl_74,StreamingFIFO_rtl,FIFO,,,,,,,,,,,auto,,,,,,,,,,,,,,,,,,,INT7,7,2,1x32x32x32x1,rtl,,,,,,13,0,0,19,0,0,0,0
4,StreamingFIFO_rtl_0,StreamingFIFO_rtl,FIFO,,,,,,,,,,,auto,,,,,,,,,,,,,,,,,,,INT7,7,2,1x32x32x32x1,rtl,,,,,,14,0,0,19,0,0,0,0
4,Thresholding_rtl_0,Thresholding_rtl,Thresholding,,,1,,INT8,INT7,UINT6,8,7,,,,32,63,1024,0,,,,,,,,,,,,,,,,,,,,,,,,70,0,12,183,0,1,0,0
4,StreamingFIFO_rtl_1,StreamingFIFO_rtl,FIFO,,,,,,,,,,,auto,,,,,,,,,,,,,,,,,,,UINT6,6,2,1x32x32x32x1,rtl,,,,,,12,0,0,17,0,0,0,0
4,DuplicateStreams_hls_0,DuplicateStreams_hls,DuplicateStreams,,,1,,,UINT6,,,6,,,,32,,,,,,,,,,,,,,,,,,,,,,,,,,,65,0,0,75,0,0,0,0
4,StreamingFIFO_rtl_2,StreamingFIFO_rtl,FIFO,,,,,,,,,,,auto,,,,,,,,,,,,,,,,,,,UINT6,6,2,1x32x32x32x1,rtl,,,,,,13,0,0,17,0,0,0,0
4,StreamingFIFO_rtl_3,StreamingFIFO_rtl,FIFO,,,,,,,,,,,auto,,,,,,,,,,,,,,,,,,,UINT6,6,2,1x32x32x32x1,rtl,,,,,,12,0,0,17,0,0,0,0
4,StreamingDataWidthConverter_rtl_0,StreamingDataWidthConverter_rtl,DWC,,,,,,,,,,,,,,,,,,,,,,,,,,,,,,,,,,,,,,,,9,0,0,21,0,0,0,0
4,Thresholding_rtl_1,Thresholding_rtl,Thresholding,,,1,,UINT6,UINT6,INT6,6,6,,,,32,63,1024,0,,,,,,,,,,,,,,,,,,,,,,,,54,0,12,140,0,1,0,0
4,StreamingFIFO_rtl_4,StreamingFIFO_rtl,FIFO,,,,,,,,,,,auto,,,,,,,,,,,,,,,,,,,UINT6,6,2,1x32x32x16x2,rtl,,,,,,19,0,0,29,0,0,0,0
4,StreamingFIFO_rtl_5,StreamingFIFO_rtl,FIFO,,,,,,,,,,,auto,,,,,,,,,,,,,,,,,,,INT6,6,4096,1x32x32x32x1,vivado,,,,,,83,0,0,67,1,0,0,0
4,StreamingFIFO_rtl_6,StreamingFIFO_rtl,FIFO,,,,,,,,,,,auto,,,,,,,,,,,,,,,,,,,INT6,6,256,1x32x32x32x1,rtl,,,,,,89,0,48,20,0,0,0,0
4,MVAU_rtl_0,MVAU_rtl,MVAU,8,32,1,2,INT6,UINT6,INT15,6,6,dsp,auto,internal_decoupled,,,,,,,,,,,,,,,,,,,,,,,,,,,,99,32,8,126,0,0,0,2
4,StreamingFIFO_rtl_7,StreamingFIFO_rtl,FIFO,,,,,,,,,,,auto,,,,,,,,,,,,,,,,,,,INT15,15,2,1x32x32x8x1,rtl,,,,,,23,0,0,35,0,0,0,0
4,Thresholding_rtl_2,Thresholding_rtl,Thresholding,,,1,,INT15,INT15,UINT6,15,15,,,,8,63,1024,0,,,,,,,,,,,,,,,,,,,,,,,,146,0,7,354,0,0,0,0
4,StreamingFIFO_rtl_8,StreamingFIFO_rtl,FIFO,,,,,,,,,,,auto,,,,,,,,,,,,,,,,,,,UINT6,6,2,1x32x32x8x1,rtl,,,,,,12,0,0,17,0,0,0,0
4,StreamingDataWidthConverter_rtl_1,StreamingDataWidthConverter_rtl,DWC,,,,,,,,,,,,,,,,,,,,,,,,,,,,,,,,,,,,,,,,12,0,0,34,0,0,0,0
4,StreamingFIFO_rtl_9,StreamingFIFO_rtl,FIFO,,,,,,,,,,,auto,,,,,,,,,,,,,,,,,,,UINT6,6,256,1x32x32x2x4,rtl,,,,,,254,0,192,40,0,0,0,0
4,StreamingFIFO_rtl_10,StreamingFIFO_rtl,FIFO,,,,,,,,,,,auto,,,,,,,,,,,,,,,,,,,UINT6,6,12,1x32x32x2x4,rtl,,,,,,56,0,16,34,0,0,0,0
4,FMPadding_rtl_0,FMPadding_rtl,FMPadding,,,,4,,UINT6,,,6,,,,8,,,,,32,32,,,,,,,,,,,,,,,,,,,4x4x4x4,1,46,0,0,63,0,0,0,0
4,StreamingFIFO_rtl_11,StreamingFIFO_rtl,FIFO,,,,,,,,,,,auto,,,,,,,,,,,,,,,,,,,UINT6,6,2,1x40x40x2x4,rtl,,,,,,31,0,0,53,0,0,0,0
4,ConvolutionInputGenerator_rtl_0,ConvolutionInputGenerator_rtl,SWU,,,,4,,UINT6,UINT6,,6,,distributed,,,,,,8,40,40,32,32,3,3,1,1,4,4,0,0,,,,,,,,,,,639,308,0,132,0,0,0,0
4,StreamingFIFO_rtl_12,StreamingFIFO_rtl,FIFO,,,,,,,,,,,auto,,,,,,,,,,,,,,,,,,,UINT6,6,2,1x32x32x18x4,rtl,,,,,,29,0,0,53,0,0,0,0
4,MVAU_rtl_1,MVAU_rtl,MVAU,8,72,1,4,INT6,UINT6,INT16,6,6,dsp,auto,internal_decoupled,,,,,,,,,,,,,,,,,,,,,,,,,,,,208,76,8,194,0,0,0,4
4,StreamingFIFO_rtl_13,StreamingFIFO_rtl,FIFO,,,,,,,,,,,auto,,,,,,,,,,,,,,,,,,,INT16,16,2,1x32x32x8x1,rtl,,,,,,24,0,0,37,0,0,0,0
4,Thresholding_rtl_3,Thresholding_rtl,Thresholding,,,1,,INT16,INT16,UINT6,16,16,,,,8,63,1024,0,,,,,,,,,,,,,,,,,,,,,,,,149,0,7,372,0,0,0,0
4,StreamingFIFO_rtl_14,StreamingFIFO_rtl,FIFO,,,,,,,,,,,auto,,,,,,,,,,,,,,,,,,,UINT6,6,2,1x32x32x8x1,rtl,,,,,,12,0,0,17,0,0,0,0
4,StreamingDataWidthConverter_rtl_2,StreamingDataWidthConverter_rtl,DWC,,,,,,,,,,,,,,,,,,,,,,,,,,,,,,,,,,,,,,,,9,0,0,21,0,0,0,0
4,StreamingFIFO_rtl_15,StreamingFIFO_rtl,FIFO,,,,,,,,,,,auto,,,,,,,,,,,,,,,,,,,UINT6,6,2,1x32x32x4x2,rtl,,,,,,19,0,0,29,0,0,0,0
4,MVAU_rtl_2,MVAU_rtl,MVAU,32,8,1,2,INT6,UINT6,INT17,6,6,dsp,auto,internal_decoupled,,,,,,,,,,,,,,,,,,,,,,,,,,,,98,32,9,122,0,0,0,2
4,StreamingFIFO_rtl_16,StreamingFIFO_rtl,FIFO,,,,,,,,,,,auto,,,,,,,,,,,,,,,,,,,INT17,17,2,1x32x32x32x1,rtl,,,,,,25,0,0,39,0,0,0,0
4,Thresholding_rtl_4,Thresholding_rtl,Thresholding,,,1,,INT17,INT17,INT6,17,17,,,,32,63,1024,0,,,,,,,,,,,,,,,,,,,,,,,,163,0,7,401,0,1,0,0
4,StreamingFIFO_rtl_17,StreamingFIFO_rtl,FIFO,,,,,,,,,,,auto,,,,,,,,,,,,,,,,,,,INT6,6,2,1x32x32x32x1,rtl,,,,,,13,0,0,17,0,0,0,0
4,AddStreams_hls_0,AddStreams_hls,AddStreams,,,1,,,INT6,,,6,,,,32,,,,,,,,,,,,,,,,,,,,,,,,,,,64,0,0,78,0,0,0,0
4,StreamingFIFO_rtl_18,StreamingFIFO_rtl,FIFO,,,,,,,,,,,auto,,,,,,,,,,,,,,,,,,,INT7,7,2,1x32x32x32x1,rtl,,,,,,14,0,0,19,0,0,0,0
4,Thresholding_rtl_5,Thresholding_rtl,Thresholding,,,1,,INT8,INT7,UINT6,8,7,,,,32,63,1024,0,,,,,,,,,,,,,,,,,,,,,,,,73,0,12,183,0,1,0,0
4,StreamingFIFO_rtl_19,StreamingFIFO_rtl,FIFO,,,,,,,,,,,auto,,,,,,,,,,,,,,,,,,,UINT6,6,2,1x32x32x32x1,rtl,,,,,,12,0,0,17,0,0,0,0
4,DuplicateStreams_hls_1,DuplicateStreams_hls,DuplicateStreams,,,1,,,UINT6,,,6,,,,32,,,,,,,,,,,,,,,,,,,,,,,,,,,67,0,0,75,0,0,0,0
4,StreamingFIFO_rtl_20,StreamingFIFO_rtl,FIFO,,,,,,,,,,,auto,,,,,,,,,,,,,,,,,,,UINT6,6,2,1x32x32x32x1,rtl,,,,,,13,0,0,17,0,0,0,0
4,StreamingFIFO_rtl_21,StreamingFIFO_rtl,FIFO,,,,,,,,,,,auto,,,,,,,,,,,,,,,,,,,UINT6,6,2,1x32x32x32x1,rtl,,,,,,12,0,0,17,0,0,0,0
4,StreamingDataWidthConverter_rtl_3,StreamingDataWidthConverter_rtl,DWC,,,,,,,,,,,,,,,,,,,,,,,,,,,,,,,,,,,,,,,,10,0,0,21,0,0,0,0
4,Thresholding_rtl_6,Thresholding_rtl,Thresholding,,,1,,UINT6,UINT6,INT6,6,6,,,,32,63,1024,0,,,,,,,,,,,,,,,,,,,,,,,,57,0,12,141,0,1,0,0
4,StreamingFIFO_rtl_22,StreamingFIFO_rtl,FIFO,,,,,,,,,,,auto,,,,,,,,,,,,,,,,,,,UINT6,6,2,1x32x32x16x2,rtl,,,,,,19,0,0,29,0,0,0,0
4,StreamingFIFO_rtl_23,StreamingFIFO_rtl,FIFO,,,,,,,,,,,auto,,,,,,,,,,,,,,,,,,,INT6,6,8192,1x32x32x32x1,vivado,,,,,,89,0,0,71,1,1,0,0
4,StreamingFIFO_rtl_24,StreamingFIFO_rtl,FIFO,,,,,,,,,,,auto,,,,,,,,,,,,,,,,,,,INT6,6,256,1x32x32x32x1,rtl,,,,,,92,0,48,20,0,0,0,0
4,MVAU_rtl_3,MVAU_rtl,MVAU,8,32,1,2,INT6,UINT6,INT15,6,6,dsp,auto,internal_decoupled,,,,,,,,,,,,,,,,,,,,,,,,,,,,97,32,8,126,0,0,0,2
4,StreamingFIFO_rtl_25,StreamingFIFO_rtl,FIFO,,,,,,,,,,,auto,,,,,,,,,,,,,,,,,,,INT6,6,192,1x32x32x32x1,rtl,,,,,,85,0,36,20,0,0,0,0
4,StreamingFIFO_rtl_26,StreamingFIFO_rtl,FIFO,,,,,,,,,,,auto,,,,,,,,,,,,,,,,,,,INT15,15,2,1x32x32x8x1,rtl,,,,,,23,0,0,35,0,0,0,0
4,Thresholding_rtl_7,Thresholding_rtl,Thresholding,,,1,,INT15,INT15,UINT6,15,15,,,,8,63,1024,0,,,,,,,,,,,,,,,,,,,,,,,,146,0,7,355,0,0,0,0
4,StreamingFIFO_rtl_27,StreamingFIFO_rtl,FIFO,,,,,,,,,,,auto,,,,,,,,,,,,,,,,,,,UINT6,6,2,1x32x32x8x1,rtl,,,,,,12,0,0,17,0,0,0,0
4,StreamingDataWidthConverter_rtl_4,StreamingDataWidthConverter_rtl,DWC,,,,,,,,,,,,,,,,,,,,,,,,,,,,,,,,,,,,,,,,10,0,0,34,0,0,0,0
4,StreamingFIFO_rtl_28,StreamingFIFO_rtl,FIFO,,,,,,,,,,,auto,,,,,,,,,,,,,,,,,,,UINT6,6,512,1x32x32x2x4,vivado,,,,,,66,0,0,55,0,1,0,0
4,StreamingFIFO_rtl_29,StreamingFIFO_rtl,FIFO,,,,,,,,,,,auto,,,,,,,,,,,,,,,,,,,UINT6,6,20,1x32x32x2x4,rtl,,,,,,72,0,24,35,0,0,0,0
4,FMPadding_rtl_1,FMPadding_rtl,FMPadding,,,,4,,UINT6,,,6,,,,8,,,,,32,32,,,,,,,,,,,,,,,,,,,8x8x8x8,1,50,0,0,63,0,0,0,0
4,StreamingFIFO_rtl_30,StreamingFIFO_rtl,FIFO,,,,,,,,,,,auto,,,,,,,,,,,,,,,,,,,UINT6,6,2,1x48x48x2x4,rtl,,,,,,31,0,0,53,0,0,0,0
4,ConvolutionInputGenerator_rtl_1,ConvolutionInputGenerator_rtl,SWU,,,,4,,UINT6,UINT6,,6,,distributed,,,,,,8,48,48,32,32,3,3,1,1,8,8,0,0,,,,,,,,,,,1140,700,0,149,0,0,0,0
4,StreamingFIFO_rtl_31,StreamingFIFO_rtl,FIFO,,,,,,,,,,,auto,,,,,,,,,,,,,,,,,,,UINT6,6,2,1x32x32x18x4,rtl,,,,,,29,0,0,53,0,0,0,0
4,MVAU_rtl_4,MVAU_rtl,MVAU,8,72,1,4,INT6,UINT6,INT16,6,6,dsp,auto,internal_decoupled,,,,,,,,,,,,,,,,,,,,,,,,,,,,208,76,8,194,0,0,0,4
4,StreamingFIFO_rtl_32,StreamingFIFO_rtl,FIFO,,,,,,,,,,,auto,,,,,,,,,,,,,,,,,,,INT16,16,2,1x32x32x8x1,rtl,,,,,,24,0,0,37,0,0,0,0
4,Thresholding_rtl_8,Thresholding_rtl,Thresholding,,,1,,INT16,INT16,UINT6,16,16,,,,8,63,1024,0,,,,,,,,,,,,,,,,,,,,,,,,146,0,7,371,0,0,0,0
4,StreamingFIFO_rtl_33,StreamingFIFO_rtl,FIFO,,,,,,,,,,,auto,,,,,,,,,,,,,,,,,,,UINT6,6,2,1x32x32x8x1,rtl,,,,,,12,0,0,17,0,0,0,0
4,StreamingDataWidthConverter_rtl_5,StreamingDataWidthConverter_rtl,DWC,,,,,,,,,,,,,,,,,,,,,,,,,,,,,,,,,,,,,,,,10,0,0,21,0,0,0,0
4,StreamingFIFO_rtl_34,StreamingFIFO_rtl,FIFO,,,,,,,,,,,auto,,,,,,,,,,,,,,,,,,,UINT6,6,2,1x32x32x4x2,rtl,,,,,,19,0,0,29,0,0,0,0
4,MVAU_rtl_5,MVAU_rtl,MVAU,32,8,1,2,INT6,UINT6,INT16,6,6,dsp,auto,internal_decoupled,,,,,,,,,,,,,,,,,,,,,,,,,,,,95,32,8,119,0,0,0,2
4,StreamingFIFO_rtl_35,StreamingFIFO_rtl,FIFO,,,,,,,,,,,auto,,,,,,,,,,,,,,,,,,,INT16,16,2,1x32x32x32x1,rtl,,,,,,24,0,0,37,0,0,0,0
4,Thresholding_rtl_9,Thresholding_rtl,Thresholding,,,1,,INT16,INT16,INT6,16,16,,,,32,63,1024,0,,,,,,,,,,,,,,,,,,,,,,,,150,0,7,396,0,1,0,0
4,StreamingFIFO_rtl_36,StreamingFIFO_rtl,FIFO,,,,,,,,,,,auto,,,,,,,,,,,,,,,,,,,INT6,6,2,1x32x32x32x1,rtl,,,,,,12,0,0,17,0,0,0,0
4,AddStreams_hls_1,AddStreams_hls,AddStreams,,,1,,,INT6,,,6,,,,32,,,,,,,,,,,,,,,,,,,,,,,,,,,67,0,0,78,0,0,0,0
4,StreamingFIFO_rtl_37,StreamingFIFO_rtl,FIFO,,,,,,,,,,,auto,,,,,,,,,,,,,,,,,,,INT7,7,2,1x32x32x32x1,rtl,,,,,,14,0,0,19,0,0,0,0
4,Thresholding_rtl_10,Thresholding_rtl,Thresholding,,,1,,INT8,INT7,UINT6,8,7,,,,32,63,1024,0,,,,,,,,,,,,,,,,,,,,,,,,73,0,12,183,0,1,0,0
4,StreamingFIFO_rtl_38,StreamingFIFO_rtl,FIFO,,,,,,,,,,,auto,,,,,,,,,,,,,,,,,,,UINT6,6,2,1x32x32x32x1,rtl,,,,,,12,0,0,17,0,0,0,0
4,DuplicateStreams_hls_2,DuplicateStreams_hls,DuplicateStreams,,,1,,,UINT6,,,6,,,,32,,,,,,,,,,,,,,,,,,,,,,,,,,,65,0,0,75,0,0,0,0
4,StreamingFIFO_rtl_39,StreamingFIFO_rtl,FIFO,,,,,,,,,,,auto,,,,,,,,,,,,,,,,,,,UINT6,6,2,1x32x32x32x1,rtl,,,,,,13,0,0,17,0,0,0,0
4,StreamingFIFO_rtl_40,StreamingFIFO_rtl,FIFO,,,,,,,,,,,auto,,,,,,,,,,,,,,,,,,,UINT6,6,2,1x32x32x32x1,rtl,,,,,,12,0,0,17,0,0,0,0
4,StreamingDataWidthConverter_rtl_6,StreamingDataWidthConverter_rtl,DWC,,,,,,,,,,,,,,,,,,,,,,,,,,,,,,,,,,,,,,,,10,0,0,21,0,0,0,0
4,Thresholding_rtl_11,Thresholding_rtl,Thresholding,,,1,,UINT6,UINT6,INT6,6,6,,,,32,63,1024,0,,,,,,,,,,,,,,,,,,,,,,,,53,0,12,140,0,1,0,0
4,StreamingFIFO_rtl_41,StreamingFIFO_rtl,FIFO,,,,,,,,,,,auto,,,,,,,,,,,,,,,,,,,UINT6,6,2,1x32x32x16x2,rtl,,,,,,19,0,0,29,0,0,0,0
4,StreamingFIFO_rtl_42,StreamingFIFO_rtl,FIFO,,,,,,,,,,,auto,,,,,,,,,,,,,,,,,,,INT6,6,16384,1x32x32x32x1,vivado,,,,,,98,0,0,75,3,0,0,0
4,StreamingFIFO_rtl_43,StreamingFIFO_rtl,FIFO,,,,,,,,,,,auto,,,,,,,,,,,,,,,,,,,INT6,6,512,1x32x32x32x1,vivado,,,,,,67,0,0,55,0,1,0,0
4,MVAU_rtl_6,MVAU_rtl,MVAU,8,32,1,2,INT6,UINT6,INT15,6,6,dsp,auto,internal_decoupled,,,,,,,,,,,,,,,,,,,,,,,,,,,,100,32,8,126,0,0,0,2
4,StreamingFIFO_rtl_44,StreamingFIFO_rtl,FIFO,,,,,,,,,,,auto,,,,,,,,,,,,,,,,,,,INT6,6,256,1x32x32x32x1,rtl,,,,,,89,0,48,20,0,0,0,0
4,StreamingFIFO_rtl_45,StreamingFIFO_rtl,FIFO,,,,,,,,,,,auto,,,,,,,,,,,,,,,,,,,INT15,15,2,1x32x32x8x1,rtl,,,,,,23,0,0,35,0,0,0,0
4,StreamingFIFO_rtl_46,StreamingFIFO_rtl,FIFO,,,,,,,,,,,auto,,,,,,,,,,,,,,,,,,,INT6,6,128,1x32x32x32x1,rtl,,,,,,59,0,24,19,0,0,0,0
4,Thresholding_rtl_12,Thresholding_rtl,Thresholding,,,1,,INT15,INT15,UINT6,15,15,,,,8,63,1024,0,,,,,,,,,,,,,,,,,,,,,,,,148,0,7,355,0,0,0,0
4,StreamingFIFO_rtl_47,StreamingFIFO_rtl,FIFO,,,,,,,,,,,auto,,,,,,,,,,,,,,,,,,,UINT6,6,2,1x32x32x8x1,rtl,,,,,,12,0,0,17,0,0,0,0
4,StreamingDataWidthConverter_rtl_7,StreamingDataWidthConverter_rtl,DWC,,,,,,,,,,,,,,,,,,,,,,,,,,,,,,,,,,,,,,,,11,0,0,34,0,0,0,0
4,StreamingFIFO_rtl_48,StreamingFIFO_rtl,FIFO,,,,,,,,,,,auto,,,,,,,,,,,,,,,,,,,UINT6,6,1024,1x32x32x2x4,vivado,,,,,,71,0,0,59,1,0,0,0
4,StreamingFIFO_rtl_49,StreamingFIFO_rtl,FIFO,,,,,,,,,,,auto,,,,,,,,,,,,,,,,,,,UINT6,6,36,1x32x32x2x4,rtl,,,,,,102,0,48,36,0,0,0,0
4,FMPadding_rtl_2,FMPadding_rtl,FMPadding,,,,4,,UINT6,,,6,,,,8,,,,,32,32,,,,,,,,,,,,,,,,,,,16x16x16x16,1,64,0,0,65,0,0,0,0
4,StreamingFIFO_rtl_50,StreamingFIFO_rtl,FIFO,,,,,,,,,,,auto,,,,,,,,,,,,,,,,,,,UINT6,6,2,1x64x64x2x4,rtl,,,,,,31,0,0,53,0,0,0,0
4,ConvolutionInputGenerator_rtl_2,ConvolutionInputGenerator_rtl,SWU,,,,4,,UINT6,UINT6,,6,,distributed,,,,,,8,64,64,32,32,3,3,1,1,16,16,0,0,,,,,,,,,,,2673,1848,0,225,0,0,0,0
4,StreamingFIFO_rtl_51,StreamingFIFO_rtl,FIFO,,,,,,,,,,,auto,,,,,,,,,,,,,,,,,,,UINT6,6,2,1x32x32x18x4,rtl,,,,,,29,0,0,53,0,0,0,0
4,MVAU_rtl_7,MVAU_rtl,MVAU,8,72,1,4,INT6,UINT6,INT16,6,6,dsp,auto,internal_decoupled,,,,,,,,,,,,,,,,,,,,,,,,,,,,209,76,8,194,0,0,0,4
4,StreamingFIFO_rtl_52,StreamingFIFO_rtl,FIFO,,,,,,,,,,,auto,,,,,,,,,,,,,,,,,,,INT16,16,2,1x32x32x8x1,rtl,,,,,,24,0,0,37,0,0,0,0
4,Thresholding_rtl_13,Thresholding_rtl,Thresholding,,,1,,INT16,INT16,UINT6,16,16,,,,8,63,1024,0,,,,,,,,,,,,,,,,,,,,,,,,147,0,7,370,0,0,0,0
4,StreamingFIFO_rtl_53,StreamingFIFO_rtl,FIFO,,,,,,,,,,,auto,,,,,,,,,,,,,,,,,,,UINT6,6,2,1x32x32x8x1,rtl,,,,,,12,0,0,17,0,0,0,0
4,StreamingDataWidthConverter_rtl_8,StreamingDataWidthConverter_rtl,DWC,,,,,,,,,,,,,,,,,,,,,,,,,,,,,,,,,,,,,,,,10,0,0,21,0,0,0,0
4,StreamingFIFO_rtl_54,StreamingFIFO_rtl,FIFO,,,,,,,,,,,auto,,,,,,,,,,,,,,,,,,,UINT6,6,2,1x32x32x4x2,rtl,,,,,,19,0,0,29,0,0,0,0
4,MVAU_rtl_8,MVAU_rtl,MVAU,32,8,1,2,INT6,UINT6,INT16,6,6,dsp,auto,internal_decoupled,,,,,,,,,,,,,,,,,,,,,,,,,,,,93,32,8,119,0,0,0,2
4,StreamingFIFO_rtl_55,StreamingFIFO_rtl,FIFO,,,,,,,,,,,auto,,,,,,,,,,,,,,,,,,,INT16,16,2,1x32x32x32x1,rtl,,,,,,24,0,0,37,0,0,0,0
4,Thresholding_rtl_14,Thresholding_rtl,Thresholding,,,1,,INT16,INT16,INT6,16,16,,,,32,63,1024,0,,,,,,,,,,,,,,,,,,,,,,,,149,0,7,385,0,1,0,0
4,StreamingFIFO_rtl_56,StreamingFIFO_rtl,FIFO,,,,,,,,,,,auto,,,,,,,,,,,,,,,,,,,INT6,6,2,1x32x32x32x1,rtl,,,,,,13,0,0,17,0,0,0,0
4,AddStreams_hls_2,AddStreams_hls,AddStreams,,,1,,,INT6,,,6,,,,32,,,,,,,,,,,,,,,,,,,,,,,,,,,66,0,0,78,0,0,0,0
4,StreamingFIFO_rtl_57,StreamingFIFO_rtl,FIFO,,,,,,,,,,,auto,,,,,,,,,,,,,,,,,,,INT7,7,2,1x32x32x32x1,rtl,,,,,,14,0,0,19,0,0,0,0
4,Thresholding_rtl_15,Thresholding_rtl,Thresholding,,,1,,INT8,INT7,UINT6,8,7,,,,32,63,1024,0,,,,,,,,,,,,,,,,,,,,,,,,74,0,12,184,0,1,0,0
4,StreamingFIFO_rtl_58,StreamingFIFO_rtl,FIFO,,,,,,,,,,,auto,,,,,,,,,,,,,,,,,,,UINT6,6,2,1x32x32x32x1,rtl,,,,,,12,0,0,17,0,0,0,0
4,DuplicateStreams_hls_3,DuplicateStreams_hls,DuplicateStreams,,,1,,,UINT6,,,6,,,,32,,,,,,,,,,,,,,,,,,,,,,,,,,,64,0,0,75,0,0,0,0
4,StreamingFIFO_rtl_59,StreamingFIFO_rtl,FIFO,,,,,,,,,,,auto,,,,,,,,,,,,,,,,,,,UINT6,6,2,1x32x32x32x1,rtl,,,,,,13,0,0,17,0,0,0,0
4,StreamingFIFO_rtl_60,StreamingFIFO_rtl,FIFO,,,,,,,,,,,auto,,,,,,,,,,,,,,,,,,,UINT6,6,2,1x32x32x32x1,rtl,,,,,,12,0,0,17,0,0,0,0
4,StreamingDataWidthConverter_rtl_9,StreamingDataWidthConverter_rtl,DWC,,,,,,,,,,,,,,,,,,,,,,,,,,,,,,,,,,,,,,,,10,0,0,21,0,0,0,0
4,Thresholding_rtl_16,Thresholding_rtl,Thresholding,,,1,,UINT6,UINT6,INT6,6,6,,,,32,63,1024,0,,,,,,,,,,,,,,,,,,,,,,,,58,0,13,136,0,1,0,0
4,StreamingFIFO_rtl_61,StreamingFIFO_rtl,FIFO,,,,,,,,,,,auto,,,,,,,,,,,,,,,,,,,UINT6,6,2,1x32x32x16x2,rtl,,,,,,19,0,0,29,0,0,0,0
4,StreamingFIFO_rtl_62,StreamingFIFO_rtl,FIFO,,,,,,,,,,,auto,,,,,,,,,,,,,,,,,,,INT6,6,2048,1x32x32x32x1,vivado,,,,,,80,0,0,63,0,1,0,0
4,StreamingFIFO_rtl_63,StreamingFIFO_rtl,FIFO,,,,,,,,,,,auto,,,,,,,,,,,,,,,,,,,INT6,6,160,1x32x32x32x1,rtl,,,,,,79,0,30,20,0,0,0,0
4,MVAU_rtl_9,MVAU_rtl,MVAU,8,32,1,2,INT6,UINT6,INT15,6,6,dsp,auto,internal_decoupled,,,,,,,,,,,,,,,,,,,,,,,,,,,,100,32,8,126,0,0,0,2
4,StreamingFIFO_rtl_64,StreamingFIFO_rtl,FIFO,,,,,,,,,,,auto,,,,,,,,,,,,,,,,,,,INT15,15,2,1x32x32x8x1,rtl,,,,,,23,0,0,35,0,0,0,0
4,Thresholding_rtl_17,Thresholding_rtl,Thresholding,,,1,,INT15,INT15,UINT6,15,15,,,,8,63,1024,0,,,,,,,,,,,,,,,,,,,,,,,,150,0,7,355,0,0,0,0
4,StreamingFIFO_rtl_65,StreamingFIFO_rtl,FIFO,,,,,,,,,,,auto,,,,,,,,,,,,,,,,,,,UINT6,6,2,1x32x32x8x1,rtl,,,,,,12,0,0,17,0,0,0,0
4,StreamingDataWidthConverter_rtl_10,StreamingDataWidthConverter_rtl,DWC,,,,,,,,,,,,,,,,,,,,,,,,,,,,,,,,,,,,,,,,11,0,0,34,0,0,0,0
4,StreamingFIFO_rtl_66,StreamingFIFO_rtl,FIFO,,,,,,,,,,,auto,,,,,,,,,,,,,,,,,,,UINT6,6,134,1x32x32x2x4,rtl,,,,,,202,0,120,38,0,0,0,0
4,FMPadding_rtl_3,FMPadding_rtl,FMPadding,,,,4,,UINT6,,,6,,,,8,,,,,32,32,,,,,,,,,,,,,,,,,,,2x2x2x2,1,49,0,0,63,0,0,0,0
4,StreamingFIFO_rtl_67,StreamingFIFO_rtl,FIFO,,,,,,,,,,,auto,,,,,,,,,,,,,,,,,,,UINT6,6,2,1x36x36x2x4,rtl,,,,,,31,0,0,53,0,0,0,0
4,ConvolutionInputGenerator_rtl_3,ConvolutionInputGenerator_rtl,SWU,,,,4,,UINT6,UINT6,,6,,distributed,,,,,,8,36,36,32,32,3,3,1,1,2,2,0,0,,,,,,,,,,,380,140,0,112,0,0,0,0
4,StreamingFIFO_rtl_68,StreamingFIFO_rtl,FIFO,,,,,,,,,,,auto,,,,,,,,,,,,,,,,,,,UINT6,6,2,1x32x32x18x4,rtl,,,,,,29,0,0,53,0,0,0,0
4,MVAU_rtl_10,MVAU_rtl,MVAU,8,72,1,4,INT6,UINT6,INT16,6,6,dsp,auto,internal_decoupled,,,,,,,,,,,,,,,,,,,,,,,,,,,,207,76,8,194,0,0,0,4
4,StreamingFIFO_rtl_69,StreamingFIFO_rtl,FIFO,,,,,,,,,,,auto,,,,,,,,,,,,,,,,,,,INT16,16,2,1x32x32x8x1,rtl,,,,,,24,0,0,37,0,0,0,0
4,Thresholding_rtl_18,Thresholding_rtl,Thresholding,,,1,,INT16,INT16,UINT6,16,16,,,,8,63,1024,0,,,,,,,,,,,,,,,,,,,,,,,,152,0,7,371,0,0,0,0
4,StreamingFIFO_rtl_70,StreamingFIFO_rtl,FIFO,,,,,,,,,,,auto,,,,,,,,,,,,,,,,,,,UINT6,6,2,1x32x32x8x1,rtl,,,,,,12,0,0,17,0,0,0,0
4,StreamingDataWidthConverter_rtl_11,StreamingDataWidthConverter_rtl,DWC,,,,,,,,,,,,,,,,,,,,,,,,,,,,,,,,,,,,,,,,10,0,0,21,0,0,0,0
4,StreamingFIFO_rtl_71,StreamingFIFO_rtl,FIFO,,,,,,,,,,,auto,,,,,,,,,,,,,,,,,,,UINT6,6,2,1x32x32x4x2,rtl,,,,,,19,0,0,29,0,0,0,0
4,MVAU_rtl_11,MVAU_rtl,MVAU,32,8,1,2,INT6,UINT6,INT17,6,6,dsp,auto,internal_decoupled,,,,,,,,,,,,,,,,,,,,,,,,,,,,94,32,9,122,0,0,0,2
4,StreamingFIFO_rtl_72,StreamingFIFO_rtl,FIFO,,,,,,,,,,,auto,,,,,,,,,,,,,,,,,,,INT17,17,2,1x32x32x32x1,rtl,,,,,,25,0,0,39,0,0,0,0
4,Thresholding_rtl_19,Thresholding_rtl,Thresholding,,,1,,INT17,INT17,INT6,17,17,,,,32,63,1024,0,,,,,,,,,,,,,,,,,,,,,,,,162,0,7,401,0,1,0,0
4,StreamingFIFO_rtl_73,StreamingFIFO_rtl,FIFO,,,,,,,,,,,auto,,,,,,,,,,,,,,,,,,,INT6,6,2,1x32x32x32x1,rtl,,,,,,12,0,0,17,0,0,0,0
4,AddStreams_hls_3,AddStreams_hls,AddStreams,,,1,,,INT6,,,6,,,,32,,,,,,,,,,,,,,,,,,,,,,,,,,,64,0,0,78,0,0,0,0
4,StreamingFIFO_rtl_74,StreamingFIFO_rtl,FIFO,,,,,,,,,,,auto,,,,,,,,,,,,,,,,,,,INT7,7,2,1x32x32x32x1,rtl,,,,,,14,0,0,19,0,0,0,0
4,Thresholding_rtl_20,Thresholding_rtl,Thresholding,,,1,,INT8,INT7,UINT6,8,7,,,,32,63,1024,0,,,,,,,,,,,,,,,,,,,,,,,,74,0,12,185,0,1,0,0
4,StreamingFIFO_rtl_75,StreamingFIFO_rtl,FIFO,,,,,,,,,,,auto,,,,,,,,,,,,,,,,,,,UINT6,6,2,1x32x32x32x1,rtl,,,,,,12,0,0,17,0,0,0,0
4,DuplicateStreams_hls_4,DuplicateStreams_hls,DuplicateStreams,,,1,,,UINT6,,,6,,,,32,,,,,,,,,,,,,,,,,,,,,,,,,,,64,0,0,75,0,0,0,0
4,StreamingFIFO_rtl_76,StreamingFIFO_rtl,FIFO,,,,,,,,,,,auto,,,,,,,,,,,,,,,,,,,UINT6,6,2,1x32x32x32x1,rtl,,,,,,13,0,0,17,0,0,0,0
4,StreamingFIFO_rtl_77,StreamingFIFO_rtl,FIFO,,,,,,,,,,,auto,,,,,,,,,,,,,,,,,,,UINT6,6,2,1x32x32x32x1,rtl,,,,,,12,0,0,17,0,0,0,0
4,StreamingDataWidthConverter_rtl_12,StreamingDataWidthConverter_rtl,DWC,,,,,,,,,,,,,,,,,,,,,,,,,,,,,,,,,,,,,,,,10,0,0,21,0,0,0,0
4,Thresholding_rtl_21,Thresholding_rtl,Thresholding,,,1,,UINT6,UINT6,INT6,6,6,,,,32,63,1024,0,,,,,,,,,,,,,,,,,,,,,,,,57,0,12,141,0,1,0,0
4,StreamingFIFO_rtl_78,StreamingFIFO_rtl,FIFO,,,,,,,,,,,auto,,,,,,,,,,,,,,,,,,,UINT6,6,2,1x32x32x16x2,rtl,,,,,,19,0,0,29,0,0,0,0
4,StreamingFIFO_rtl_79,StreamingFIFO_rtl,FIFO,,,,,,,,,,,auto,,,,,,,,,,,,,,,,,,,INT6,6,4096,1x32x32x32x1,vivado,,,,,,87,0,0,67,1,0,0,0
4,StreamingFIFO_rtl_80,StreamingFIFO_rtl,FIFO,,,,,,,,,,,auto,,,,,,,,,,,,,,,,,,,INT6,6,256,1x32x32x32x1,rtl,,,,,,89,0,48,20,0,0,0,0
4,MVAU_rtl_12,MVAU_rtl,MVAU,8,32,1,2,INT6,UINT6,INT15,6,6,dsp,auto,internal_decoupled,,,,,,,,,,,,,,,,,,,,,,,,,,,,99,32,8,126,0,0,0,2
4,StreamingFIFO_rtl_81,StreamingFIFO_rtl,FIFO,,,,,,,,,,,auto,,,,,,,,,,,,,,,,,,,INT15,15,2,1x32x32x8x1,rtl,,,,,,23,0,0,35,0,0,0,0
4,Thresholding_rtl_22,Thresholding_rtl,Thresholding,,,1,,INT15,INT15,UINT6,15,15,,,,8,63,1024,0,,,,,,,,,,,,,,,,,,,,,,,,147,0,7,355,0,0,0,0
4,StreamingFIFO_rtl_82,StreamingFIFO_rtl,FIFO,,,,,,,,,,,auto,,,,,,,,,,,,,,,,,,,UINT6,6,2,1x32x32x8x1,rtl,,,,,,12,0,0,17,0,0,0,0
4,StreamingDataWidthConverter_rtl_13,StreamingDataWidthConverter_rtl,DWC,,,,,,,,,,,,,,,,,,,,,,,,,,,,,,,,,,,,,,,,11,0,0,34,0,0,0,0
4,StreamingFIFO_rtl_83,StreamingFIFO_rtl,FIFO,,,,,,,,,,,auto,,,,,,,,,,,,,,,,,,,UINT6,6,256,1x32x32x2x4,rtl,,,,,,255,0,192,38,0,0,0,0
4,StreamingFIFO_rtl_84,StreamingFIFO_rtl,FIFO,,,,,,,,,,,auto,,,,,,,,,,,,,,,,,,,UINT6,6,12,1x32x32x2x4,rtl,,,,,,59,0,16,34,0,0,0,0
4,FMPadding_rtl_4,FMPadding_rtl,FMPadding,,,,4,,UINT6,,,6,,,,8,,,,,32,32,,,,,,,,,,,,,,,,,,,4x4x4x4,1,47,0,0,63,0,0,0,0
4,StreamingFIFO_rtl_85,StreamingFIFO_rtl,FIFO,,,,,,,,,,,auto,,,,,,,,,,,,,,,,,,,UINT6,6,2,1x40x40x2x4,rtl,,,,,,31,0,0,53,0,0,0,0
4,ConvolutionInputGenerator_rtl_4,ConvolutionInputGenerator_rtl,SWU,,,,4,,UINT6,UINT6,,6,,distributed,,,,,,8,40,40,32,32,3,3,1,1,4,4,0,0,,,,,,,,,,,637,308,0,132,0,0,0,0
4,StreamingFIFO_rtl_86,StreamingFIFO_rtl,FIFO,,,,,,,,,,,auto,,,,,,,,,,,,,,,,,,,UINT6,6,2,1x32x32x18x4,rtl,,,,,,29,0,0,53,0,0,0,0
4,MVAU_rtl_13,MVAU_rtl,MVAU,8,72,1,4,INT6,UINT6,INT16,6,6,dsp,auto,internal_decoupled,,,,,,,,,,,,,,,,,,,,,,,,,,,,208,76,8,194,0,0,0,4
4,StreamingFIFO_rtl_87,StreamingFIFO_rtl,FIFO,,,,,,,,,,,auto,,,,,,,,,,,,,,,,,,,INT16,16,2,1x32x32x8x1,rtl,,,,,,24,0,0,37,0,0,0,0
4,Thresholding_rtl_23,Thresholding_rtl,Thresholding,,,1,,INT16,INT16,UINT6,16,16,,,,8,63,1024,0,,,,,,,,,,,,,,,,,,,,,,,,145,0,7,370,0,0,0,0
4,StreamingFIFO_rtl_88,StreamingFIFO_rtl,FIFO,,,,,,,,,,,auto,,,,,,,,,,,,,,,,,,,UINT6,6,2,1x32x32x8x1,rtl,,,,,,12,0,0,17,0,0,0,0
4,StreamingDataWidthConverter_rtl_14,StreamingDataWidthConverter_rtl,DWC,,,,,,,,,,,,,,,,,,,,,,,,,,,,,,,,,,,,,,,,10,0,0,21,0,0,0,0
4,StreamingFIFO_rtl_89,StreamingFIFO_rtl,FIFO,,,,,,,,,,,auto,,,,,,,,,,,,,,,,,,,UINT6,6,2,1x32x32x4x2,rtl,,,,,,19,0,0,29,0,0,0,0
4,MVAU_rtl_14,MVAU_rtl,MVAU,32,8,1,2,INT6,UINT6,INT17,6,6,dsp,auto,internal_decoupled,,,,,,,,,,,,,,,,,,,,,,,,,,,,96,32,9,122,0,0,0,2
4,StreamingFIFO_rtl_90,StreamingFIFO_rtl,FIFO,,,,,,,,,,,auto,,,,,,,,,,,,,,,,,,,INT17,17,2,1x32x32x32x1,rtl,,,,,,25,0,0,39,0,0,0,0
4,Thresholding_rtl_24,Thresholding_rtl,Thresholding,,,1,,INT17,INT17,INT6,17,17,,,,32,63,1024,0,,,,,,,,,,,,,,,,,,,,,,,,164,0,7,401,0,1,0,0
4,StreamingFIFO_rtl_91,StreamingFIFO_rtl,FIFO,,,,,,,,,,,auto,,,,,,,,,,,,,,,,,,,INT6,6,2,1x32x32x32x1,rtl,,,,,,12,0,0,17,0,0,0,0
4,AddStreams_hls_4,AddStreams_hls,AddStreams,,,1,,,INT6,,,6,,,,32,,,,,,,,,,,,,,,,,,,,,,,,,,,64,0,0,78,0,0,0,0
4,StreamingFIFO_rtl_92,StreamingFIFO_rtl,FIFO,,,,,,,,,,,auto,,,,,,,,,,,,,,,,,,,INT7,7,2,1x32x32x32x1,rtl,,,,,,13,0,0,19,0,0,0,0
5,StreamingFIFO_rtl_0,StreamingFIFO_rtl,FIFO,,,,,,,,,,,auto,,,,,,,,,,,,,,,,,,,INT7,7,2,1x32x32x32x1,rtl,,,,,,14,0,0,19,0,0,0,0
5,Thresholding_rtl_0,Thresholding_rtl,Thresholding,,,1,,INT8,INT7,UINT6,8,7,,,,32,63,1024,0,,,,,,,,,,,,,,,,,,,,,,,,74,0,12,186,0,1,0,0
5,StreamingFIFO_rtl_1,StreamingFIFO_rtl,FIFO,,,,,,,,,,,auto,,,,,,,,,,,,,,,,,,,UINT6,6,2,1x32x32x32x1,rtl,,,,,,12,0,0,17,0,0,0,0
5,DuplicateStreams_hls_0,DuplicateStreams_hls,DuplicateStreams,,,1,,,UINT6,,,6,,,,32,,,,,,,,,,,,,,,,,,,,,,,,,,,65,0,0,75,0,0,0,0
5,StreamingFIFO_rtl_2,StreamingFIFO_rtl,FIFO,,,,,,,,,,,auto,,,,,,,,,,,,,,,,,,,UINT6,6,2,1x32x32x32x1,rtl,,,,,,13,0,0,17,0,0,0,0
5,StreamingFIFO_rtl_3,StreamingFIFO_rtl,FIFO,,,,,,,,,,,auto,,,,,,,,,,,,,,,,,,,UINT6,6,2,1x32x32x32x1,rtl,,,,,,12,0,0,17,0,0,0,0
5,StreamingDataWidthConverter_rtl_0,StreamingDataWidthConverter_rtl,DWC,,,,,,,,,,,,,,,,,,,,,,,,,,,,,,,,,,,,,,,,10,0,0,21,0,0,0,0
5,Thresholding_rtl_1,Thresholding_rtl,Thresholding,,,1,,UINT6,UINT6,INT6,6,6,,,,32,63,1024,0,,,,,,,,,,,,,,,,,,,,,,,,57,0,12,141,0,1,0,0
5,StreamingFIFO_rtl_4,StreamingFIFO_rtl,FIFO,,,,,,,,,,,auto,,,,,,,,,,,,,,,,,,,UINT6,6,2,1x32x32x16x2,rtl,,,,,,19,0,0,29,0,0,0,0
5,StreamingFIFO_rtl_5,StreamingFIFO_rtl,FIFO,,,,,,,,,,,auto,,,,,,,,,,,,,,,,,,,INT6,6,8192,1x32x32x32x1,vivado,,,,,,89,0,0,71,1,1,0,0
5,StreamingFIFO_rtl_6,StreamingFIFO_rtl,FIFO,,,,,,,,,,,auto,,,,,,,,,,,,,,,,,,,INT6,6,256,1x32x32x32x1,rtl,,,,,,92,0,48,20,0,0,0,0
5,MVAU_rtl_0,MVAU_rtl,MVAU,8,32,1,2,INT6,UINT6,INT15,6,6,dsp,auto,internal_decoupled,,,,,,,,,,,,,,,,,,,,,,,,,,,,100,32,8,126,0,0,0,2
5,StreamingFIFO_rtl_7,StreamingFIFO_rtl,FIFO,,,,,,,,,,,auto,,,,,,,,,,,,,,,,,,,INT6,6,192,1x32x32x32x1,rtl,,,,,,85,0,36,20,0,0,0,0
5,StreamingFIFO_rtl_8,StreamingFIFO_rtl,FIFO,,,,,,,,,,,auto,,,,,,,,,,,,,,,,,,,INT15,15,2,1x32x32x8x1,rtl,,,,,,23,0,0,35,0,0,0,0
5,Thresholding_rtl_2,Thresholding_rtl,Thresholding,,,1,,INT15,INT15,UINT6,15,15,,,,8,63,1024,0,,,,,,,,,,,,,,,,,,,,,,,,149,0,7,355,0,0,0,0
5,StreamingFIFO_rtl_9,StreamingFIFO_rtl,FIFO,,,,,,,,,,,auto,,,,,,,,,,,,,,,,,,,UINT6,6,2,1x32x32x8x1,rtl,,,,,,12,0,0,17,0,0,0,0
5,StreamingDataWidthConverter_rtl_1,StreamingDataWidthConverter_rtl,DWC,,,,,,,,,,,,,,,,,,,,,,,,,,,,,,,,,,,,,,,,11,0,0,34,0,0,0,0
5,StreamingFIFO_rtl_10,StreamingFIFO_rtl,FIFO,,,,,,,,,,,auto,,,,,,,,,,,,,,,,,,,UINT6,6,512,1x32x32x2x4,vivado,,,,,,67,0,0,55,0,1,0,0
5,StreamingFIFO_rtl_11,StreamingFIFO_rtl,FIFO,,,,,,,,,,,auto,,,,,,,,,,,,,,,,,,,UINT6,6,20,1x32x32x2x4,rtl,,,,,,73,0,24,35,0,0,0,0
5,FMPadding_rtl_0,FMPadding_rtl,FMPadding,,,,4,,UINT6,,,6,,,,8,,,,,32,32,,,,,,,,,,,,,,,,,,,8x8x8x8,1,49,0,0,63,0,0,0,0
5,StreamingFIFO_rtl_12,StreamingFIFO_rtl,FIFO,,,,,,,,,,,auto,,,,,,,,,,,,,,,,,,,UINT6,6,2,1x48x48x2x4,rtl,,,,,,31,0,0,53,0,0,0,0
5,ConvolutionInputGenerator_rtl_0,ConvolutionInputGenerator_rtl,SWU,,,,4,,UINT6,UINT6,,6,,distributed,,,,,,8,48,48,32,32,3,3,1,1,8,8,0,0,,,,,,,,,,,1135,700,0,149,0,0,0,0
5,StreamingFIFO_rtl_13,StreamingFIFO_rtl,FIFO,,,,,,,,,,,auto,,,,,,,,,,,,,,,,,,,UINT6,6,2,1x32x32x18x4,rtl,,,,,,29,0,0,53,0,0,0,0
5,MVAU_rtl_1,MVAU_rtl,MVAU,8,72,1,4,INT6,UINT6,INT16,6,6,dsp,auto,internal_decoupled,,,,,,,,,,,,,,,,,,,,,,,,,,,,207,76,8,194,0,0,0,4
5,StreamingFIFO_rtl_14,StreamingFIFO_rtl,FIFO,,,,,,,,,,,auto,,,,,,,,,,,,,,,,,,,INT16,16,2,1x32x32x8x1,rtl,,,,,,24,0,0,37,0,0,0,0
5,Thresholding_rtl_3,Thresholding_rtl,Thresholding,,,1,,INT16,INT16,UINT6,16,16,,,,8,63,1024,0,,,,,,,,,,,,,,,,,,,,,,,,149,0,7,371,0,0,0,0
5,StreamingFIFO_rtl_15,StreamingFIFO_rtl,FIFO,,,,,,,,,,,auto,,,,,,,,,,,,,,,,,,,UINT6,6,2,1x32x32x8x1,rtl,,,,,,12,0,0,17,0,0,0,0
5,StreamingDataWidthConverter_rtl_2,StreamingDataWidthConverter_rtl,DWC,,,,,,,,,,,,,,,,,,,,,,,,,,,,,,,,,,,,,,,,10,0,0,21,0,0,0,0
5,StreamingFIFO_rtl_16,StreamingFIFO_rtl,FIFO,,,,,,,,,,,auto,,,,,,,,,,,,,,,,,,,UINT6,6,2,1x32x32x4x2,rtl,,,,,,19,0,0,29,0,0,0,0
5,MVAU_rtl_2,MVAU_rtl,MVAU,32,8,1,2,INT6,UINT6,INT16,6,6,dsp,auto,internal_decoupled,,,,,,,,,,,,,,,,,,,,,,,,,,,,95,32,8,119,0,0,0,2
5,StreamingFIFO_rtl_17,StreamingFIFO_rtl,FIFO,,,,,,,,,,,auto,,,,,,,,,,,,,,,,,,,INT16,16,2,1x32x32x32x1,rtl,,,,,,24,0,0,37,0,0,0,0
5,Thresholding_rtl_4,Thresholding_rtl,Thresholding,,,1,,INT16,INT16,INT6,16,16,,,,32,63,1024,0,,,,,,,,,,,,,,,,,,,,,,,,155,0,7,385,0,1,0,0
5,StreamingFIFO_rtl_18,StreamingFIFO_rtl,FIFO,,,,,,,,,,,auto,,,,,,,,,,,,,,,,,,,INT6,6,2,1x32x32x32x1,rtl,,,,,,12,0,0,17,0,0,0,0
5,AddStreams_hls_0,AddStreams_hls,AddStreams,,,1,,,INT6,,,6,,,,32,,,,,,,,,,,,,,,,,,,,,,,,,,,65,0,0,78,0,0,0,0
5,StreamingFIFO_rtl_19,StreamingFIFO_rtl,FIFO,,,,,,,,,,,auto,,,,,,,,,,,,,,,,,,,INT7,7,2,1x32x32x32x1,rtl,,,,,,14,0,0,19,0,0,0,0
5,Thresholding_rtl_5,Thresholding_rtl,Thresholding,,,1,,INT8,INT7,UINT6,8,7,,,,32,63,1024,0,,,,,,,,,,,,,,,,,,,,,,,,74,0,12,185,0,1,0,0
5,StreamingFIFO_rtl_20,StreamingFIFO_rtl,FIFO,,,,,,,,,,,auto,,,,,,,,,,,,,,,,,,,UINT6,6,2,1x32x32x32x1,rtl,,,,,,12,0,0,17,0,0,0,0
5,DuplicateStreams_hls_1,DuplicateStreams_hls,DuplicateStreams,,,1,,,UINT6,,,6,,,,32,,,,,,,,,,,,,,,,,,,,,,,,,,,65,0,0,75,0,0,0,0
5,StreamingFIFO_rtl_21,StreamingFIFO_rtl,FIFO,,,,,,,,,,,auto,,,,,,,,,,,,,,,,,,,UINT6,6,2,1x32x32x32x1,rtl,,,,,,13,0,0,17,0,0,0,0
5,StreamingFIFO_rtl_22,StreamingFIFO_rtl,FIFO,,,,,,,,,,,auto,,,,,,,,,,,,,,,,,,,UINT6,6,2,1x32x32x32x1,rtl,,,,,,12,0,0,17,0,0,0,0
5,StreamingDataWidthConverter_rtl_3,StreamingDataWidthConverter_rtl,DWC,,,,,,,,,,,,,,,,,,,,,,,,,,,,,,,,,,,,,,,,9,0,0,21,0,0,0,0
5,Thresholding_rtl_6,Thresholding_rtl,Thresholding,,,1,,UINT6,UINT6,INT6,6,6,,,,32,63,1024,0,,,,,,,,,,,,,,,,,,,,,,,,58,0,13,136,0,1,0,0
5,StreamingFIFO_rtl_23,StreamingFIFO_rtl,FIFO,,,,,,,,,,,auto,,,,,,,,,,,,,,,,,,,UINT6,6,2,1x32x32x16x2,rtl,,,,,,19,0,0,29,0,0,0,0
5,StreamingFIFO_rtl_24,StreamingFIFO_rtl,FIFO,,,,,,,,,,,auto,,,,,,,,,,,,,,,,,,,INT6,6,16384,1x32x32x32x1,vivado,,,,,,100,0,0,75,3,0,0,0
5,StreamingFIFO_rtl_25,StreamingFIFO_rtl,FIFO,,,,,,,,,,,auto,,,,,,,,,,,,,,,,,,,INT6,6,512,1x32x32x32x1,vivado,,,,,,66,0,0,55,0,1,0,0
5,MVAU_rtl_3,MVAU_rtl,MVAU,8,32,1,2,INT6,UINT6,INT15,6,6,dsp,auto,internal_decoupled,,,,,,,,,,,,,,,,,,,,,,,,,,,,99,32,8,126,0,0,0,2
5,StreamingFIFO_rtl_26,StreamingFIFO_rtl,FIFO,,,,,,,,,,,auto,,,,,,,,,,,,,,,,,,,INT6,6,256,1x32x32x32x1,rtl,,,,,,88,0,48,20,0,0,0,0
5,StreamingFIFO_rtl_27,StreamingFIFO_rtl,FIFO,,,,,,,,,,,auto,,,,,,,,,,,,,,,,,,,INT15,15,2,1x32x32x8x1,rtl,,,,,,23,0,0,35,0,0,0,0
5,StreamingFIFO_rtl_28,StreamingFIFO_rtl,FIFO,,,,,,,,,,,auto,,,,,,,,,,,,,,,,,,,INT6,6,128,1x32x32x32x1,rtl,,,,,,59,0,24,19,0,0,0,0
5,Thresholding_rtl_7,Thresholding_rtl,Thresholding,,,1,,INT15,INT15,UINT6,15,15,,,,8,63,1024,0,,,,,,,,,,,,,,,,,,,,,,,,147,0,7,355,0,0,0,0
5,StreamingFIFO_rtl_29,StreamingFIFO_rtl,FIFO,,,,,,,,,,,auto,,,,,,,,,,,,,,,,,,,UINT6,6,2,1x32x32x8x1,rtl,,,,,,12,0,0,17,0,0,0,0
5,StreamingDataWidthConverter_rtl_4,StreamingDataWidthConverter_rtl,DWC,,,,,,,,,,,,,,,,,,,,,,,,,,,,,,,,,,,,,,,,11,0,0,34,0,0,0,0
5,StreamingFIFO_rtl_30,StreamingFIFO_rtl,FIFO,,,,,,,,,,,auto,,,,,,,,,,,,,,,,,,,UINT6,6,1024,1x32x32x2x4,vivado,,,,,,69,0,0,59,1,0,0,0
5,StreamingFIFO_rtl_31,StreamingFIFO_rtl,FIFO,,,,,,,,,,,auto,,,,,,,,,,,,,,,,,,,UINT6,6,36,1x32x32x2x4,rtl,,,,,,102,0,48,36,0,0,0,0
5,FMPadding_rtl_1,FMPadding_rtl,FMPadding,,,,4,,UINT6,,,6,,,,8,,,,,32,32,,,,,,,,,,,,,,,,,,,16x16x16x16,1,66,0,0,65,0,0,0,0
5,StreamingFIFO_rtl_32,StreamingFIFO_rtl,FIFO,,,,,,,,,,,auto,,,,,,,,,,,,,,,,,,,UINT6,6,2,1x64x64x2x4,rtl,,,,,,31,0,0,53,0,0,0,0
5,ConvolutionInputGenerator_rtl_1,ConvolutionInputGenerator_rtl,SWU,,,,4,,UINT6,UINT6,,6,,distributed,,,,,,8,64,64,32,32,3,3,1,1,16,16,0,0,,,,,,,,,,,2674,1848,0,224,0,0,0,0
5,StreamingFIFO_rtl_33,StreamingFIFO_rtl,FIFO,,,,,,,,,,,auto,,,,,,,,,,,,,,,,,,,UINT6,6,2,1x32x32x18x4,rtl,,,,,,29,0,0,53,0,0,0,0
5,MVAU_rtl_4,MVAU_rtl,MVAU,8,72,1,4,INT6,UINT6,INT16,6,6,dsp,auto,internal_decoupled,,,,,,,,,,,,,,,,,,,,,,,,,,,,208,76,8,194,0,0,0,4
5,StreamingFIFO_rtl_34,StreamingFIFO_rtl,FIFO,,,,,,,,,,,auto,,,,,,,,,,,,,,,,,,,INT16,16,2,1x32x32x8x1,rtl,,,,,,24,0,0,37,0,0,0,0
5,Thresholding_rtl_8,Thresholding_rtl,Thresholding,,,1,,INT16,INT16,UINT6,16,16,,,,8,63,1024,0,,,,,,,,,,,,,,,,,,,,,,,,148,0,7,371,0,0,0,0
5,StreamingFIFO_rtl_35,StreamingFIFO_rtl,FIFO,,,,,,,,,,,auto,,,,,,,,,,,,,,,,,,,UINT6,6,2,1x32x32x8x1,rtl,,,,,,12,0,0,17,0,0,0,0
5,StreamingDataWidthConverter_rtl_5,StreamingDataWidthConverter_rtl,DWC,,,,,,,,,,,,,,,,,,,,,,,,,,,,,,,,,,,,,,,,9,0,0,21,0,0,0,0
5,StreamingFIFO_rtl_36,StreamingFIFO_rtl,FIFO,,,,,,,,,,,auto,,,,,,,,,,,,,,,,,,,UINT6,6,2,1x32x32x4x2,rtl,,,,,,19,0,0,29,0,0,0,0
5,MVAU_rtl_5,MVAU_rtl,MVAU,32,8,1,2,INT6,UINT6,INT17,6,6,dsp,auto,internal_decoupled,,,,,,,,,,,,,,,,,,,,,,,,,,,,96,32,9,122,0,0,0,2
5,StreamingFIFO_rtl_37,StreamingFIFO_rtl,FIFO,,,,,,,,,,,auto,,,,,,,,,,,,,,,,,,,INT17,17,2,1x32x32x32x1,rtl,,,,,,25,0,0,39,0,0,0,0
5,Thresholding_rtl_9,Thresholding_rtl,Thresholding,,,1,,INT17,INT17,INT6,17,17,,,,32,63,1024,0,,,,,,,,,,,,,,,,,,,,,,,,161,0,7,401,0,1,0,0
5,StreamingFIFO_rtl_38,StreamingFIFO_rtl,FIFO,,,,,,,,,,,auto,,,,,,,,,,,,,,,,,,,INT6,6,2,1x32x32x32x1,rtl,,,,,,12,0,0,17,0,0,0,0
5,AddStreams_hls_1,AddStreams_hls,AddStreams,,,1,,,INT6,,,6,,,,32,,,,,,,,,,,,,,,,,,,,,,,,,,,66,0,0,78,0,0,0,0
5,StreamingFIFO_rtl_39,StreamingFIFO_rtl,FIFO,,,,,,,,,,,auto,,,,,,,,,,,,,,,,,,,INT7,7,2,1x32x32x32x1,rtl,,,,,,14,0,0,19,0,0,0,0
5,Thresholding_rtl_10,Thresholding_rtl,Thresholding,,,1,,INT8,INT7,UINT6,8,7,,,,32,63,1024,0,,,,,,,,,,,,,,,,,,,,,,,,74,0,12,186,0,1,0,0
5,StreamingFIFO_rtl_40,StreamingFIFO_rtl,FIFO,,,,,,,,,,,auto,,,,,,,,,,,,,,,,,,,UINT6,6,2,1x32x32x32x1,rtl,,,,,,12,0,0,17,0,0,0,0
5,DuplicateStreams_hls_2,DuplicateStreams_hls,DuplicateStreams,,,1,,,UINT6,,,6,,,,32,,,,,,,,,,,,,,,,,,,,,,,,,,,64,0,0,75,0,0,0,0
5,StreamingFIFO_rtl_41,StreamingFIFO_rtl,FIFO,,,,,,,,,,,auto,,,,,,,,,,,,,,,,,,,UINT6,6,2,1x32x32x32x1,rtl,,,,,,12,0,0,17,0,0,0,0
5,StreamingFIFO_rtl_42,StreamingFIFO_rtl,FIFO,,,,,,,,,,,auto,,,,,,,,,,,,,,,,,,,UINT6,6,2,1x32x32x32x1,rtl,,,,,,12,0,0,17,0,0,0,0
5,StreamingDataWidthConverter_rtl_6,StreamingDataWidthConverter_rtl,DWC,,,,,,,,,,,,,,,,,,,,,,,,,,,,,,,,,,,,,,,,10,0,0,21,0,0,0,0
5,StreamingDataWidthConverter_rtl_7,StreamingDataWidthConverter_rtl,DWC,,,,,,,,,,,,,,,,,,,,,,,,,,,,,,,,,,,,,,,,11,0,0,34,0,0,0,0
5,StreamingFIFO_rtl_43,StreamingFIFO_rtl,FIFO,,,,,,,,,,,auto,,,,,,,,,,,,,,,,,,,UINT6,6,2,1x32x32x16x2,rtl,,,,,,19,0,0,29,0,0,0,0
5,StreamingFIFO_rtl_44,StreamingFIFO_rtl,FIFO,,,,,,,,,,,auto,,,,,,,,,,,,,,,,,,,UINT6,6,2,1x32x32x8x4,rtl,,,,,,31,0,0,53,0,0,0,0
5,MVAU_rtl_6,MVAU_rtl,MVAU,16,32,1,4,INT6,UINT6,INT15,6,6,dsp,auto,internal_decoupled,,,,,,,,,,,,,,,,,,,,,,,,,,,,158,64,8,174,0,0,0,4
5,MVAU_rtl_7,MVAU_rtl,MVAU,8,32,1,2,INT6,UINT6,INT15,6,6,dsp,auto,internal_decoupled,,,,,,,,,,,,,,,,,,,,,,,,,,,,100,32,8,126,0,0,0,2
5,StreamingFIFO_rtl_45,StreamingFIFO_rtl,FIFO,,,,,,,,,,,auto,,,,,,,,,,,,,,,,,,,INT15,15,2,1x32x32x16x1,rtl,,,,,,23,0,0,35,0,0,0,0
5,StreamingFIFO_rtl_46,StreamingFIFO_rtl,FIFO,,,,,,,,,,,auto,,,,,,,,,,,,,,,,,,,INT15,15,2,1x32x32x8x1,rtl,,,,,,23,0,0,35,0,0,0,0
5,Thresholding_rtl_11,Thresholding_rtl,Thresholding,,,1,,INT15,INT15,UINT6,15,15,,,,8,63,1024,0,,,,,,,,,,,,,,,,,,,,,,,,148,0,7,355,0,0,0,0
5,Thresholding_rtl_12,Thresholding_rtl,Thresholding,,,1,,INT15,INT15,INT6,15,15,,,,16,63,1024,0,,,,,,,,,,,,,,,,,,,,,,,,157,0,7,378,0,0,0,0
5,StreamingFIFO_rtl_47,StreamingFIFO_rtl,FIFO,,,,,,,,,,,auto,,,,,,,,,,,,,,,,,,,UINT6,6,2,1x32x32x8x1,rtl,,,,,,12,0,0,17,0,0,0,0
5,StreamingFIFO_rtl_48,StreamingFIFO_rtl,FIFO,,,,,,,,,,,auto,,,,,,,,,,,,,,,,,,,INT6,6,2,1x32x32x16x1,rtl,,,,,,12,0,0,17,0,0,0,0
5,StreamingDataWidthConverter_rtl_8,StreamingDataWidthConverter_rtl,DWC,,,,,,,,,,,,,,,,,,,,,,,,,,,,,,,,,,,,,,,,11,0,0,59,0,0,0,0
5,StreamingDataWidthConverter_rtl_9,StreamingDataWidthConverter_rtl,DWC,,,,,,,,,,,,,,,,,,,,,,,,,,,,,,,,,,,,,,,,14,0,0,108,0,0,0,0
5,StreamingFIFO_rtl_49,StreamingFIFO_rtl,FIFO,,,,,,,,,,,auto,,,,,,,,,,,,,,,,,,,UINT6,6,4,1x32x32x1x8,rtl,,,,,,106,0,0,200,0,0,0,0
5,StreamingFIFO_rtl_50,StreamingFIFO_rtl,FIFO,,,,,,,,,,,auto,,,,,,,,,,,,,,,,,,,INT6,6,2,1x32x32x1x16,rtl,,,,,,101,0,0,197,0,0,0,0
5,UpsampleNearestNeighbour_hls_0,UpsampleNearestNeighbour_hls,Upsample,,,,,,INT6,,,6,,,,16,,,,,,,,,,,,,,,,,,,,,,,,,,,231,56,0,529,0,0,0,0
5,FMPadding_Pixel_hls_0,FMPadding_Pixel_hls,FMPadding,,,,8,,UINT6,,,6,,,,8,,,,,32,32,,,,,2,2,,,,,,,,,,,,,,1,281,0,0,335,0,0,0,0
5,StreamingFIFO_rtl_51,StreamingFIFO_rtl,FIFO,,,,,,,,,,,auto,,,,,,,,,,,,,,,,,,,INT6,6,2,1x64x64x16,rtl,,,,,,102,0,0,197,0,0,0,0
5,StreamingFIFO_rtl_52,StreamingFIFO_rtl,FIFO,,,,,,,,,,,auto,,,,,,,,,,,,,,,,,,,UINT6,6,4,1x63x63x1x8,rtl,,,,,,106,0,0,200,0,0,0,0
5,StreamingDataWidthConverter_rtl_10,StreamingDataWidthConverter_rtl,DWC,,,,,,,,,,,,,,,,,,,,,,,,,,,,,,,,,,,,,,,,104,0,0,115,0,0,0,0
5,FMPadding_rtl_2,FMPadding_rtl,FMPadding,,,,8,,UINT6,,,6,,,,8,,,,,63,63,,,,,,,,,,,,,,,,,,,1x1x1x1,1,79,0,0,113,0,0,0,0
5,StreamingFIFO_rtl_53,StreamingFIFO_rtl,FIFO,,,,,,,,,,,auto,,,,,,,,,,,,,,,,,,,INT6,6,2,1x64x64x16x1,rtl,,,,,,12,0,0,17,0,0,0,0
5,StreamingFIFO_rtl_54,StreamingFIFO_rtl,FIFO,,,,,,,,,,,auto,,,,,,,,,,,,,,,,,,,UINT6,6,2,1x65x65x1x8,rtl,,,,,,55,0,0,101,0,0,0,0
5,FMPadding_rtl_3,FMPadding_rtl,FMPadding,,,,1,,INT6,,,6,,,,16,,,,,64,64,,,,,,,,,,,,,,,,,,,1x1x1x1,1,52,0,0,33,0,0,0,0
5,ConvolutionInputGenerator_rtl_2,ConvolutionInputGenerator_rtl,SWU,,,,8,,UINT6,UINT6,,6,,distributed,,,,,,8,65,65,64,64,2,2,1,1,1,1,0,0,,,,,,,,,,,339,112,0,131,0,0,0,0
5,StreamingFIFO_rtl_55,StreamingFIFO_rtl,FIFO,,,,,,,,,,,auto,,,,,,,,,,,,,,,,,,,INT6,6,2,1x66x66x16x1,rtl,,,,,,13,0,0,17,0,0,0,0
5,StreamingFIFO_rtl_56,StreamingFIFO_rtl,FIFO,,,,,,,,,,,auto,,,,,,,,,,,,,,,,,,,UINT6,6,2,1x64x64x4x8,rtl,,,,,,55,0,0,101,0,0,0,0
5,ConvolutionInputGenerator_rtl_3,ConvolutionInputGenerator_rtl,SWU,,,,1,,INT6,INT6,,6,,distributed,,,,,,16,66,66,64,64,3,3,1,1,1,1,1,1,,,,,,,,,,,525,256,48,368,0,0,0,0
5,MVAU_rtl_8,MVAU_rtl,MVAU,8,32,1,8,INT6,UINT6,INT16,6,6,dsp,auto,internal_decoupled,,,,,,,,,,,,,,,,,,,,,,,,,,,,207,52,8,284,0,0,0,8
5,StreamingFIFO_rtl_57,StreamingFIFO_rtl,FIFO,,,,,,,,,,,auto,,,,,,,,,,,,,,,,,,,INT6,6,2,1x64x64x16x9,rtl,,,,,,60,0,0,113,0,0,0,0
5,StreamingFIFO_rtl_58,StreamingFIFO_rtl,FIFO,,,,,,,,,,,auto,,,,,,,,,,,,,,,,,,,INT16,16,2,1x64x64x8x1,rtl,,,,,,24,0,0,37,0,0,0,0
5,StreamingDataWidthConverter_rtl_11,StreamingDataWidthConverter_rtl,DWC,,,,,,,,,,,,,,,,,,,,,,,,,,,,,,,,,,,,,,,,61,0,0,95,0,0,0,0
5,Thresholding_rtl_13,Thresholding_rtl,Thresholding,,,1,,INT16,INT16,UINT6,16,16,,,,8,63,1024,0,,,,,,,,,,,,,,,,,,,,,,,,156,0,7,362,0,0,0,0
5,StreamingFIFO_rtl_59,StreamingFIFO_rtl,FIFO,,,,,,,,,,,auto,,,,,,,,,,,,,,,,,,,INT6,6,2,1x64x64x48x3,rtl,,,,,,25,0,0,41,0,0,0,0
5,StreamingFIFO_rtl_60,StreamingFIFO_rtl,FIFO,,,,,,,,,,,auto,,,,,,,,,,,,,,,,,,,UINT6,6,2,1x64x64x8x1,rtl,,,,,,12,0,0,17,0,0,0,0
5,StreamingDataWidthConverter_rtl_12,StreamingDataWidthConverter_rtl,DWC,,,,,,,,,,,,,,,,,,,,,,,,,,,,,,,,,,,,,,,,11,0,0,34,0,0,0,0
5,VVAU_hls_0,VVAU_hls,VVAU,16,9,1,3,UINT7,INT6,INT15,7,6,dsp,auto,internal_decoupled,,,,,,,,,,,,,,,,,,,,,,,,,,,,172,10,0,224,0,0,0,3
5,StreamingFIFO_rtl_61,StreamingFIFO_rtl,FIFO,,,,,,,,,,,auto,,,,,,,,,,,,,,,,,,,INT15,15,2,1x64x64x16x1,rtl,,,,,,22,0,0,35,0,0,0,0
5,StreamingFIFO_rtl_62,StreamingFIFO_rtl,FIFO,,,,,,,,,,,auto,,,,,,,,,,,,,,,,,,,UINT6,6,2,1x64x64x2x4,rtl,,,,,,31,0,0,53,0,0,0,0
5,Thresholding_rtl_14,Thresholding_rtl,Thresholding,,,1,,INT15,INT15,INT6,15,15,,,,16,63,1024,0,,,,,,,,,,,,,,,,,,,,,,,,109,0,7,303,0,0,0,0
5,MVAU_rtl_9,MVAU_rtl,MVAU,16,8,1,4,INT6,UINT6,INT16,6,6,dsp,auto,internal_decoupled,,,,,,,,,,,,,,,,,,,,,,,,,,,,113,28,8,166,0,0,0,4
5,StreamingFIFO_rtl_63,StreamingFIFO_rtl,FIFO,,,,,,,,,,,auto,,,,,,,,,,,,,,,,,,,INT6,6,2,1x64x64x16x1,rtl,,,,,,12,0,0,17,0,0,0,0
5,StreamingFIFO_rtl_64,StreamingFIFO_rtl,FIFO,,,,,,,,,,,auto,,,,,,,,,,,,,,,,,,,INT16,16,2,1x64x64x16x1,rtl,,,,,,24,0,0,37,0,0,0,0
5,Thresholding_rtl_15,Thresholding_rtl,Thresholding,,,1,,INT16,INT16,INT6,16,16,,,,16,63,1024,0,,,,,,,,,,,,,,,,,,,,,,,,159,0,7,406,0,0,0,0
5,StreamingFIFO_rtl_65,StreamingFIFO_rtl,FIFO,,,,,,,,,,,auto,,,,,,,,,,,,,,,,,,,INT6,6,2048,1x64x64x16x1,vivado,,,,,,78,0,0,63,0,1,0,0
5,StreamingFIFO_rtl_66,StreamingFIFO_rtl,FIFO,,,,,,,,,,,auto,,,,,,,,,,,,,,,,,,,INT6,6,176,1x64x64x16x1,rtl,,,,,,82,0,36,20,0,0,0,0
5,AddStreams_hls_2,AddStreams_hls,AddStreams,,,1,,,INT6,,,6,,,,16,,,,,,,,,,,,,,,,,,,,,,,,,,,63,0,0,79,0,0,0,0
5,StreamingFIFO_rtl_67,StreamingFIFO_rtl,FIFO,,,,,,,,,,,auto,,,,,,,,,,,,,,,,,,,INT7,7,2,1x64x64x16x1,rtl,,,,,,13,0,0,19,0,0,0,0
6,StreamingFIFO_rtl_0,StreamingFIFO_rtl,FIFO,,,,,,,,,,,auto,,,,,,,,,,,,,,,,,,,INT7,7,2,1x64x64x16x1,rtl,,,,,,14,0,0,19,0,0,0,0
6,Thresholding_rtl_0,Thresholding_rtl,Thresholding,,,1,,INT7,INT7,UINT6,7,7,,,,16,63,1024,0,,,,,,,,,,,,,,,,,,,,,,,,69,0,7,168,0,0,0,0
6,StreamingFIFO_rtl_1,StreamingFIFO_rtl,FIFO,,,,,,,,,,,auto,,,,,,,,,,,,,,,,,,,UINT6,6,2,1x64x64x16x1,rtl,,,,,,12,0,0,17,0,0,0,0
6,DuplicateStreams_hls_0,DuplicateStreams_hls,DuplicateStreams,,,1,,,UINT6,,,6,,,,16,,,,,,,,,,,,,,,,,,,,,,,,,,,61,0,0,76,0,0,0,0
6,StreamingFIFO_rtl_2,StreamingFIFO_rtl,FIFO,,,,,,,,,,,auto,,,,,,,,,,,,,,,,,,,UINT6,6,2,1x64x64x16x1,rtl,,,,,,13,0,0,17,0,0,0,0
6,StreamingFIFO_rtl_3,StreamingFIFO_rtl,FIFO,,,,,,,,,,,auto,,,,,,,,,,,,,,,,,,,UINT6,6,2,1x64x64x16x1,rtl,,,,,,13,0,0,17,0,0,0,0
6,StreamingDataWidthConverter_rtl_0,StreamingDataWidthConverter_rtl,DWC,,,,,,,,,,,,,,,,,,,,,,,,,,,,,,,,,,,,,,,,9,0,0,21,0,0,0,0
6,Thresholding_rtl_1,Thresholding_rtl,Thresholding,,,1,,UINT6,UINT6,INT6,6,6,,,,16,63,1024,0,,,,,,,,,,,,,,,,,,,,,,,,50,0,7,137,0,0,0,0
6,StreamingFIFO_rtl_4,StreamingFIFO_rtl,FIFO,,,,,,,,,,,auto,,,,,,,,,,,,,,,,,,,UINT6,6,2,1x64x64x8x2,rtl,,,,,,19,0,0,29,0,0,0,0
6,StreamingFIFO_rtl_5,StreamingFIFO_rtl,FIFO,,,,,,,,,,,auto,,,,,,,,,,,,,,,,,,,INT6,6,1024,1x64x64x16x1,vivado,,,,,,72,0,0,59,0,1,0,0
6,StreamingFIFO_rtl_6,StreamingFIFO_rtl,FIFO,,,,,,,,,,,auto,,,,,,,,,,,,,,,,,,,INT6,6,96,1x64x64x16x1,rtl,,,,,,62,0,18,19,0,0,0,0
6,MVAU_rtl_0,MVAU_rtl,MVAU,4,16,1,2,INT6,UINT6,INT14,6,6,dsp,auto,internal_decoupled,,,,,,,,,,,,,,,,,,,,,,,,,,,,74,14,8,110,0,0,0,2
6,StreamingFIFO_rtl_7,StreamingFIFO_rtl,FIFO,,,,,,,,,,,auto,,,,,,,,,,,,,,,,,,,INT14,14,2,1x64x64x4x1,rtl,,,,,,22,0,0,33,0,0,0,0
6,Thresholding_rtl_2,Thresholding_rtl,Thresholding,,,1,,INT14,INT14,UINT6,14,14,,,,4,63,1024,0,,,,,,,,,,,,,,,,,,,,,,,,96,0,7,317,0,0,0,0
6,StreamingFIFO_rtl_8,StreamingFIFO_rtl,FIFO,,,,,,,,,,,auto,,,,,,,,,,,,,,,,,,,UINT6,6,2,1x64x64x4x1,rtl,,,,,,12,0,0,17,0,0,0,0
6,StreamingDataWidthConverter_rtl_1,StreamingDataWidthConverter_rtl,DWC,,,,,,,,,,,,,,,,,,,,,,,,,,,,,,,,,,,,,,,,10,0,0,21,0,0,0,0
6,StreamingFIFO_rtl_9,StreamingFIFO_rtl,FIFO,,,,,,,,,,,auto,,,,,,,,,,,,,,,,,,,UINT6,6,134,1x64x64x2x2,rtl,,,,,,118,0,60,26,0,0,0,0
6,FMPadding_rtl_0,FMPadding_rtl,FMPadding,,,,2,,UINT6,,,6,,,,4,,,,,64,64,,,,,,,,,,,,,,,,,,,1x1x1x1,1,57,0,0,41,0,0,0,0
6,StreamingFIFO_rtl_10,StreamingFIFO_rtl,FIFO,,,,,,,,,,,auto,,,,,,,,,,,,,,,,,,,UINT6,6,2,1x66x66x2x2,rtl,,,,,,18,0,0,29,0,0,0,0
6,ConvolutionInputGenerator_rtl_0,ConvolutionInputGenerator_rtl,SWU,,,,2,,UINT6,UINT6,,6,,distributed,,,,,,4,66,66,64,64,3,3,1,1,1,1,0,0,,,,,,,,,,,312,80,0,108,0,0,0,0
6,StreamingFIFO_rtl_11,StreamingFIFO_rtl,FIFO,,,,,,,,,,,auto,,,,,,,,,,,,,,,,,,,UINT6,6,2,1x64x64x18x2,rtl,,,,,,17,0,0,29,0,0,0,0
6,MVAU_rtl_1,MVAU_rtl,MVAU,4,36,2,2,INT6,UINT6,INT16,6,6,dsp,auto,internal_decoupled,,,,,,,,,,,,,,,,,,,,,,,,,,,,181,31,16,204,0,0,0,2
6,StreamingFIFO_rtl_12,StreamingFIFO_rtl,FIFO,,,,,,,,,,,auto,,,,,,,,,,,,,,,,,,,INT16,16,2,1x64x64x2x2,rtl,,,,,,40,0,0,69,0,0,0,0
6,StreamingDataWidthConverter_rtl_2,StreamingDataWidthConverter_rtl,DWC,,,,,,,,,,,,,,,,,,,,,,,,,,,,,,,,,,,,,,,,37,0,0,68,0,0,0,0
6,StreamingFIFO_rtl_13,StreamingFIFO_rtl,FIFO,,,,,,,,,,,auto,,,,,,,,,,,,,,,,,,,INT16,16,2,1x64x64x4x1,rtl,,,,,,24,0,0,37,0,0,0,0
6,Thresholding_rtl_3,Thresholding_rtl,Thresholding,,,1,,INT16,INT16,UINT6,16,16,,,,4,63,1024,0,,,,,,,,,,,,,,,,,,,,,,,,97,0,7,356,0,0,0,0
6,StreamingFIFO_rtl_14,StreamingFIFO_rtl,FIFO,,,,,,,,,,,auto,,,,,,,,,,,,,,,,,,,UINT6,6,2,1x64x64x4x1,rtl,,,,,,12,0,0,17,0,0,0,0
6,StreamingDataWidthConverter_rtl_3,StreamingDataWidthConverter_rtl,DWC,,,,,,,,,,,,,,,,,,,,,,,,,,,,,,,,,,,,,,,,9,0,0,21,0,0,0,0
6,StreamingFIFO_rtl_15,StreamingFIFO_rtl,FIFO,,,,,,,,,,,auto,,,,,,,,,,,,,,,,,,,UINT6,6,2,1x64x64x2x2,rtl,,,,,,19,0,0,29,0,0,0,0
6,MVAU_rtl_2,MVAU_rtl,MVAU,16,4,1,2,INT6,UINT6,INT15,6,6,dsp,auto,internal_decoupled,,,,,,,,,,,,,,,,,,,,,,,,,,,,65,14,8,106,0,0,0,2
6,StreamingFIFO_rtl_16,StreamingFIFO_rtl,FIFO,,,,,,,,,,,auto,,,,,,,,,,,,,,,,,,,INT15,15,2,1x64x64x16x1,rtl,,,,,,23,0,0,35,0,0,0,0
6,Thresholding_rtl_4,Thresholding_rtl,Thresholding,,,1,,INT15,INT15,INT6,15,15,,,,16,63,1024,0,,,,,,,,,,,,,,,,,,,,,,,,163,0,7,378,0,0,0,0
6,StreamingFIFO_rtl_17,StreamingFIFO_rtl,FIFO,,,,,,,,,,,auto,,,,,,,,,,,,,,,,,,,INT6,6,2,1x64x64x16x1,rtl,,,,,,12,0,0,17,0,0,0,0
6,AddStreams_hls_0,AddStreams_hls,AddStreams,,,1,,,INT6,,,6,,,,16,,,,,,,,,,,,,,,,,,,,,,,,,,,65,0,0,79,0,0,0,0
6,StreamingFIFO_rtl_18,StreamingFIFO_rtl,FIFO,,,,,,,,,,,auto,,,,,,,,,,,,,,,,,,,INT7,7,2,1x64x64x16x1,rtl,,,,,,14,0,0,19,0,0,0,0
6,Thresholding_rtl_5,Thresholding_rtl,Thresholding,,,1,,INT8,INT7,UINT6,8,7,,,,16,63,1024,0,,,,,,,,,,,,,,,,,,,,,,,,73,0,7,184,0,0,0,0
6,StreamingFIFO_rtl_19,StreamingFIFO_rtl,FIFO,,,,,,,,,,,auto,,,,,,,,,,,,,,,,,,,UINT6,6,2,1x64x64x16x1,rtl,,,,,,12,0,0,17,0,0,0,0
6,DuplicateStreams_hls_1,DuplicateStreams_hls,DuplicateStreams,,,1,,,UINT6,,,6,,,,16,,,,,,,,,,,,,,,,,,,,,,,,,,,63,0,0,76,0,0,0,0
6,StreamingFIFO_rtl_20,StreamingFIFO_rtl,FIFO,,,,,,,,,,,auto,,,,,,,,,,,,,,,,,,,UINT6,6,2,1x64x64x16x1,rtl,,,,,,13,0,0,17,0,0,0,0
6,StreamingFIFO_rtl_21,StreamingFIFO_rtl,FIFO,,,,,,,,,,,auto,,,,,,,,,,,,,,,,,,,UINT6,6,2,1x64x64x16x1,rtl,,,,,,13,0,0,17,0,0,0,0
6,StreamingDataWidthConverter_rtl_4,StreamingDataWidthConverter_rtl,DWC,,,,,,,,,,,,,,,,,,,,,,,,,,,,,,,,,,,,,,,,10,0,0,21,0,0,0,0
6,Thresholding_rtl_6,Thresholding_rtl,Thresholding,,,1,,UINT6,UINT6,INT6,6,6,,,,16,63,1024,0,,,,,,,,,,,,,,,,,,,,,,,,50,0,9,125,0,0,0,0
6,StreamingFIFO_rtl_22,StreamingFIFO_rtl,FIFO,,,,,,,,,,,auto,,,,,,,,,,,,,,,,,,,UINT6,6,2,1x64x64x8x2,rtl,,,,,,19,0,0,29,0,0,0,0
6,StreamingFIFO_rtl_23,StreamingFIFO_rtl,FIFO,,,,,,,,,,,auto,,,,,,,,,,,,,,,,,,,INT6,6,1024,1x64x64x16x1,vivado,,,,,,70,0,0,59,0,1,0,0
6,StreamingFIFO_rtl_24,StreamingFIFO_rtl,FIFO,,,,,,,,,,,auto,,,,,,,,,,,,,,,,,,,INT6,6,96,1x64x64x16x1,rtl,,,,,,59,0,18,19,0,0,0,0
6,MVAU_rtl_3,MVAU_rtl,MVAU,4,16,1,2,INT6,UINT6,INT14,6,6,dsp,auto,internal_decoupled,,,,,,,,,,,,,,,,,,,,,,,,,,,,74,14,8,110,0,0,0,2
6,StreamingFIFO_rtl_25,StreamingFIFO_rtl,FIFO,,,,,,,,,,,auto,,,,,,,,,,,,,,,,,,,INT14,14,2,1x64x64x4x1,rtl,,,,,,22,0,0,33,0,0,0,0
6,Thresholding_rtl_7,Thresholding_rtl,Thresholding,,,1,,INT14,INT14,UINT6,14,14,,,,4,63,1024,0,,,,,,,,,,,,,,,,,,,,,,,,94,0,7,317,0,0,0,0
6,StreamingFIFO_rtl_26,StreamingFIFO_rtl,FIFO,,,,,,,,,,,auto,,,,,,,,,,,,,,,,,,,UINT6,6,2,1x64x64x4x1,rtl,,,,,,12,0,0,17,0,0,0,0
6,StreamingDataWidthConverter_rtl_5,StreamingDataWidthConverter_rtl,DWC,,,,,,,,,,,,,,,,,,,,,,,,,,,,,,,,,,,,,,,,10,0,0,21,0,0,0,0
6,StreamingFIFO_rtl_27,StreamingFIFO_rtl,FIFO,,,,,,,,,,,auto,,,,,,,,,,,,,,,,,,,UINT6,6,134,1x64x64x2x2,rtl,,,,,,118,0,60,26,0,0,0,0
6,FMPadding_rtl_1,FMPadding_rtl,FMPadding,,,,2,,UINT6,,,6,,,,4,,,,,64,64,,,,,,,,,,,,,,,,,,,1x1x1x1,1,57,0,0,41,0,0,0,0
6,StreamingFIFO_rtl_28,StreamingFIFO_rtl,FIFO,,,,,,,,,,,auto,,,,,,,,,,,,,,,,,,,UINT6,6,2,1x66x66x2x2,rtl,,,,,,18,0,0,29,0,0,0,0
6,ConvolutionInputGenerator_rtl_1,ConvolutionInputGenerator_rtl,SWU,,,,2,,UINT6,UINT6,,6,,distributed,,,,,,4,66,66,64,64,3,3,1,1,1,1,0,0,,,,,,,,,,,314,80,0,108,0,0,0,0
6,StreamingFIFO_rtl_29,StreamingFIFO_rtl,FIFO,,,,,,,,,,,auto,,,,,,,,,,,,,,,,,,,UINT6,6,2,1x64x64x18x2,rtl,,,,,,17,0,0,29,0,0,0,0
6,MVAU_rtl_4,MVAU_rtl,MVAU,4,36,2,2,INT6,UINT6,INT16,6,6,dsp,auto,internal_decoupled,,,,,,,,,,,,,,,,,,,,,,,,,,,,182,32,16,204,0,0,0,2
6,StreamingFIFO_rtl_30,StreamingFIFO_rtl,FIFO,,,,,,,,,,,auto,,,,,,,,,,,,,,,,,,,INT16,16,2,1x64x64x2x2,rtl,,,,,,40,0,0,69,0,0,0,0
6,StreamingDataWidthConverter_rtl_6,StreamingDataWidthConverter_rtl,DWC,,,,,,,,,,,,,,,,,,,,,,,,,,,,,,,,,,,,,,,,38,0,0,68,0,0,0,0
6,StreamingFIFO_rtl_31,StreamingFIFO_rtl,FIFO,,,,,,,,,,,auto,,,,,,,,,,,,,,,,,,,INT16,16,2,1x64x64x4x1,rtl,,,,,,24,0,0,37,0,0,0,0
6,Thresholding_rtl_8,Thresholding_rtl,Thresholding,,,1,,INT16,INT16,UINT6,16,16,,,,4,63,1024,0,,,,,,,,,,,,,,,,,,,,,,,,130,0,7,338,0,0,0,0
6,StreamingFIFO_rtl_32,StreamingFIFO_rtl,FIFO,,,,,,,,,,,auto,,,,,,,,,,,,,,,,,,,UINT6,6,2,1x64x64x4x1,rtl,,,,,,12,0,0,17,0,0,0,0
6,StreamingDataWidthConverter_rtl_7,StreamingDataWidthConverter_rtl,DWC,,,,,,,,,,,,,,,,,,,,,,,,,,,,,,,,,,,,,,,,10,0,0,21,0,0,0,0
6,StreamingFIFO_rtl_33,StreamingFIFO_rtl,FIFO,,,,,,,,,,,auto,,,,,,,,,,,,,,,,,,,UINT6,6,2,1x64x64x2x2,rtl,,,,,,19,0,0,29,0,0,0,0
6,MVAU_rtl_5,MVAU_rtl,MVAU,16,4,1,2,INT6,UINT6,INT14,6,6,dsp,auto,internal_decoupled,,,,,,,,,,,,,,,,,,,,,,,,,,,,64,14,8,103,0,0,0,2
6,StreamingFIFO_rtl_34,StreamingFIFO_rtl,FIFO,,,,,,,,,,,auto,,,,,,,,,,,,,,,,,,,INT14,14,2,1x64x64x16x1,rtl,,,,,,22,0,0,33,0,0,0,0
6,Thresholding_rtl_9,Thresholding_rtl,Thresholding,,,1,,INT14,INT14,INT6,14,14,,,,16,63,1024,0,,,,,,,,,,,,,,,,,,,,,,,,152,0,7,372,0,0,0,0
6,StreamingFIFO_rtl_35,StreamingFIFO_rtl,FIFO,,,,,,,,,,,auto,,,,,,,,,,,,,,,,,,,INT6,6,2,1x64x64x16x1,rtl,,,,,,12,0,0,17,0,0,0,0
6,AddStreams_hls_1,AddStreams_hls,AddStreams,,,1,,,INT6,,,6,,,,16,,,,,,,,,,,,,,,,,,,,,,,,,,,65,0,0,79,0,0,0,0
6,StreamingFIFO_rtl_36,StreamingFIFO_rtl,FIFO,,,,,,,,,,,auto,,,,,,,,,,,,,,,,,,,INT7,7,2,1x64x64x16x1,rtl,,,,,,14,0,0,19,0,0,0,0
6,Thresholding_rtl_10,Thresholding_rtl,Thresholding,,,1,,INT8,INT7,UINT6,8,7,,,,16,63,1024,0,,,,,,,,,,,,,,,,,,,,,,,,74,0,7,185,0,0,0,0
6,StreamingFIFO_rtl_37,StreamingFIFO_rtl,FIFO,,,,,,,,,,,auto,,,,,,,,,,,,,,,,,,,UINT6,6,2,1x64x64x16x1,rtl,,,,,,12,0,0,17,0,0,0,0
6,DuplicateStreams_hls_2,DuplicateStreams_hls,DuplicateStreams,,,1,,,UINT6,,,6,,,,16,,,,,,,,,,,,,,,,,,,,,,,,,,,61,0,0,76,0,0,0,0
6,StreamingFIFO_rtl_38,StreamingFIFO_rtl,FIFO,,,,,,,,,,,auto,,,,,,,,,,,,,,,,,,,UINT6,6,2,1x64x64x16x1,rtl,,,,,,12,0,0,17,0,0,0,0
6,StreamingFIFO_rtl_39,StreamingFIFO_rtl,FIFO,,,,,,,,,,,auto,,,,,,,,,,,,,,,,,,,UINT6,6,2,1x64x64x16x1,rtl,,,,,,13,0,0,17,0,0,0,0
6,StreamingDataWidthConverter_rtl_8,StreamingDataWidthConverter_rtl,DWC,,,,,,,,,,,,,,,,,,,,,,,,,,,,,,,,,,,,,,,,10,0,0,21,0,0,0,0
6,StreamingDataWidthConverter_rtl_9,StreamingDataWidthConverter_rtl,DWC,,,,,,,,,,,,,,,,,,,,,,,,,,,,,,,,,,,,,,,,10,0,0,21,0,0,0,0
6,StreamingFIFO_rtl_40,StreamingFIFO_rtl,FIFO,,,,,,,,,,,auto,,,,,,,,,,,,,,,,,,,UINT6,6,2,1x64x64x8x2,rtl,,,,,,19,0,0,29,0,0,0,0
6,StreamingFIFO_rtl_41,StreamingFIFO_rtl,FIFO,,,,,,,,,,,auto,,,,,,,,,,,,,,,,,,,UINT6,6,2,1x64x64x8x2,rtl,,,,,,19,0,0,29,0,0,0,0
6,MVAU_rtl_6,MVAU_rtl,MVAU,4,16,1,2,INT6,UINT6,INT14,6,6,dsp,auto,internal_decoupled,,,,,,,,,,,,,,,,,,,,,,,,,,,,70,14,8,110,0,0,0,2
6,MVAU_rtl_7,MVAU_rtl,MVAU,4,16,1,2,INT6,UINT6,INT14,6,6,dsp,auto,internal_decoupled,,,,,,,,,,,,,,,,,,,,,,,,,,,,72,14,8,110,0,0,0,2
6,StreamingFIFO_rtl_42,StreamingFIFO_rtl,FIFO,,,,,,,,,,,auto,,,,,,,,,,,,,,,,,,,INT14,14,2,1x64x64x4x1,rtl,,,,,,22,0,0,33,0,0,0,0
6,StreamingFIFO_rtl_43,StreamingFIFO_rtl,FIFO,,,,,,,,,,,auto,,,,,,,,,,,,,,,,,,,INT14,14,2,1x64x64x4x1,rtl,,,,,,22,0,0,33,0,0,0,0
6,Thresholding_rtl_11,Thresholding_rtl,Thresholding,,,1,,INT14,INT14,UINT6,14,14,,,,4,63,1024,0,,,,,,,,,,,,,,,,,,,,,,,,95,0,7,321,0,0,0,0
6,Thresholding_rtl_12,Thresholding_rtl,Thresholding,,,1,,INT14,INT14,INT6,14,14,,,,4,63,1024,0,,,,,,,,,,,,,,,,,,,,,,,,101,0,7,320,0,0,0,0
6,StreamingFIFO_rtl_44,StreamingFIFO_rtl,FIFO,,,,,,,,,,,auto,,,,,,,,,,,,,,,,,,,UINT6,6,2,1x64x64x4x1,rtl,,,,,,12,0,0,17,0,0,0,0
6,StreamingFIFO_rtl_45,StreamingFIFO_rtl,FIFO,,,,,,,,,,,auto,,,,,,,,,,,,,,,,,,,INT6,6,2,1x64x64x4x1,rtl,,,,,,12,0,0,17,0,0,0,0
6,StreamingDataWidthConverter_rtl_10,StreamingDataWidthConverter_rtl,DWC,,,,,,,,,,,,,,,,,,,,,,,,,,,,,,,,,,,,,,,,10,0,0,21,0,0,0,0
6,StreamingDataWidthConverter_rtl_11,StreamingDataWidthConverter_rtl,DWC,,,,,,,,,,,,,,,,,,,,,,,,,,,,,,,,,,,,,,,,11,0,0,34,0,0,0,0
6,StreamingFIFO_rtl_46,StreamingFIFO_rtl,FIFO,,,,,,,,,,,auto,,,,,,,,,,,,,,,,,,,UINT6,6,6,1x64x64x2x2,rtl,,,,,,35,0,8,21,0,0,0,0
6,StreamingFIFO_rtl_47,StreamingFIFO_rtl,FIFO,,,,,,,,,,,auto,,,,,,,,,,,,,,,,,,,INT6,6,2,1x64x64x1x4,rtl,,,,,,31,0,0,53,0,0,0,0
6,UpsampleNearestNeighbour_hls_0,UpsampleNearestNeighbour_hls,Upsample,,,,,,INT6,,,6,,,,4,,,,,,,,,,,,,,,,,,,,,,,,,,,134,28,0,174,0,0,0,0
6,FMPadding_Pixel_hls_0,FMPadding_Pixel_hls,FMPadding,,,,2,,UINT6,,,6,,,,4,,,,,64,64,,,,,2,2,,,,,,,,,,,,,,1,280,0,0,163,0,0,0,0
6,StreamingFIFO_rtl_48,StreamingFIFO_rtl,FIFO,,,,,,,,,,,auto,,,,,,,,,,,,,,,,,,,INT6,6,2,1x128x128x4,rtl,,,,,,31,0,0,53,0,0,0,0
6,StreamingFIFO_rtl_49,StreamingFIFO_rtl,FIFO,,,,,,,,,,,auto,,,,,,,,,,,,,,,,,,,UINT6,6,6,1x127x127x2x2,rtl,,,,,,35,0,8,21,0,0,0,0
6,StreamingDataWidthConverter_rtl_12,StreamingDataWidthConverter_rtl,DWC,,,,,,,,,,,,,,,,,,,,,,,,,,,,,,,,,,,,,,,,29,0,0,41,0,0,0,0
6,FMPadding_rtl_2,FMPadding_rtl,FMPadding,,,,2,,UINT6,,,6,,,,4,,,,,127,127,,,,,,,,,,,,,,,,,,,1x1x1x1,1,45,0,0,43,0,0,0,0
6,StreamingFIFO_rtl_50,StreamingFIFO_rtl,FIFO,,,,,,,,,,,auto,,,,,,,,,,,,,,,,,,,INT6,6,2,1x128x128x4x1,rtl,,,,,,13,0,0,17,0,0,0,0
6,StreamingFIFO_rtl_51,StreamingFIFO_rtl,FIFO,,,,,,,,,,,auto,,,,,,,,,,,,,,,,,,,UINT6,6,2,1x129x129x2x2,rtl,,,,,,19,0,0,29,0,0,0,0
6,FMPadding_rtl_3,FMPadding_rtl,FMPadding,,,,1,,INT6,,,6,,,,4,,,,,128,128,,,,,,,,,,,,,,,,,,,1x1x1x1,1,53,0,0,33,0,0,0,0
6,ConvolutionInputGenerator_rtl_2,ConvolutionInputGenerator_rtl,SWU,,,,2,,UINT6,UINT6,,6,,distributed,,,,,,4,129,129,128,128,2,2,1,1,1,1,0,0,,,,,,,,,,,317,80,0,112,0,0,0,0
6,StreamingFIFO_rtl_52,StreamingFIFO_rtl,FIFO,,,,,,,,,,,auto,,,,,,,,,,,,,,,,,,,INT6,6,2,1x130x130x4x1,rtl,,,,,,13,0,0,17,0,0,0,0
6,StreamingFIFO_rtl_53,StreamingFIFO_rtl,FIFO,,,,,,,,,,,auto,,,,,,,,,,,,,,,,,,,UINT6,6,2,1x128x128x8x2,rtl,,,,,,17,0,0,29,0,0,0,0
6,ConvolutionInputGenerator_rtl_3,ConvolutionInputGenerator_rtl,SWU,,,,1,,INT6,INT6,,6,,distributed,,,,,,4,130,130,128,128,3,3,1,1,1,1,1,1,,,,,,,,,,,312,128,0,398,0,0,0,0
6,MVAU_rtl_8,MVAU_rtl,MVAU,4,16,4,2,INT6,UINT6,INT15,6,6,dsp,auto,internal_decoupled,,,,,,,,,,,,,,,,,,,,,,,,,,,,184,24,32,278,0,0,0,4
6,StreamingFIFO_rtl_54,StreamingFIFO_rtl,FIFO,,,,,,,,,,,auto,,,,,,,,,,,,,,,,,,,INT6,6,2,1x128x128x4x9,rtl,,,,,,60,0,0,113,0,0,0,0
6,StreamingFIFO_rtl_55,StreamingFIFO_rtl,FIFO,,,,,,,,,,,auto,,,,,,,,,,,,,,,,,,,INT15,15,2,1x128x128x1x4,rtl,,,,,,68,0,0,125,0,0,0,0
6,StreamingDataWidthConverter_rtl_13,StreamingDataWidthConverter_rtl,DWC,,,,,,,,,,,,,,,,,,,,,,,,,,,,,,,,,,,,,,,,61,0,0,95,0,0,0,0
6,StreamingDataWidthConverter_rtl_14,StreamingDataWidthConverter_rtl,DWC,,,,,,,,,,,,,,,,,,,,,,,,,,,,,,,,,,,,,,,,67,0,0,95,0,0,0,0
6,StreamingFIFO_rtl_56,StreamingFIFO_rtl,FIFO,,,,,,,,,,,auto,,,,,,,,,,,,,,,,,,,INT6,6,2,1x128x128x12x3,rtl,,,,,,25,0,0,41,0,0,0,0
6,StreamingFIFO_rtl_57,StreamingFIFO_rtl,FIFO,,,,,,,,,,,auto,,,,,,,,,,,,,,,,,,,INT15,15,2,1x128x128x4x1,rtl,,,,,,23,0,0,35,0,0,0,0
6,VVAU_hls_0,VVAU_hls,VVAU,4,9,1,3,UINT7,INT6,INT15,7,6,dsp,auto,internal_decoupled,,,,,,,,,,,,,,,,,,,,,,,,,,,,156,6,0,220,0,0,0,3
6,Thresholding_rtl_13,Thresholding_rtl,Thresholding,,,1,,INT15,INT15,UINT6,15,15,,,,4,63,1024,0,,,,,,,,,,,,,,,,,,,,,,,,95,0,7,339,0,0,0,0
6,StreamingFIFO_rtl_58,StreamingFIFO_rtl,FIFO,,,,,,,,,,,auto,,,,,,,,,,,,,,,,,,,INT15,15,2,1x128x128x4x1,rtl,,,,,,22,0,0,35,0,0,0,0
6,StreamingFIFO_rtl_59,StreamingFIFO_rtl,FIFO,,,,,,,,,,,auto,,,,,,,,,,,,,,,,,,,UINT6,6,2,1x128x128x4x1,rtl,,,,,,12,0,0,17,0,0,0,0
6,StreamingDataWidthConverter_rtl_15,StreamingDataWidthConverter_rtl,DWC,,,,,,,,,,,,,,,,,,,,,,,,,,,,,,,,,,,,,,,,10,0,0,21,0,0,0,0
6,Thresholding_rtl_14,Thresholding_rtl,Thresholding,,,1,,INT15,INT15,INT6,15,15,,,,4,63,1024,0,,,,,,,,,,,,,,,,,,,,,,,,96,0,7,294,0,0,0,0
6,StreamingFIFO_rtl_60,StreamingFIFO_rtl,FIFO,,,,,,,,,,,auto,,,,,,,,,,,,,,,,,,,INT6,6,2,1x128x128x4x1,rtl,,,,,,12,0,0,17,0,0,0,0
6,StreamingFIFO_rtl_61,StreamingFIFO_rtl,FIFO,,,,,,,,,,,auto,,,,,,,,,,,,,,,,,,,UINT6,6,2,1x128x128x2x2,rtl,,,,,,19,0,0,29,0,0,0,0
6,MVAU_rtl_9,MVAU_rtl,MVAU,4,4,1,2,INT6,UINT6,INT15,6,6,dsp,auto,internal_decoupled,,,,,,,,,,,,,,,,,,,,,,,,,,,,62,14,8,100,0,0,0,2
6,StreamingFIFO_rtl_62,StreamingFIFO_rtl,FIFO,,,,,,,,,,,auto,,,,,,,,,,,,,,,,,,,INT15,15,2,1x128x128x4x1,rtl,,,,,,23,0,0,35,0,0,0,0
6,Thresholding_rtl_15,Thresholding_rtl,Thresholding,,,1,,INT15,INT15,INT6,15,15,,,,4,63,1024,0,,,,,,,,,,,,,,,,,,,,,,,,107,0,7,339,0,0,0,0
6,StreamingFIFO_rtl_63,StreamingFIFO_rtl,FIFO,,,,,,,,,,,auto,,,,,,,,,,,,,,,,,,,INT6,6,1024,1x128x128x4x1,vivado,,,,,,71,0,0,59,0,1,0,0
6,StreamingFIFO_rtl_64,StreamingFIFO_rtl,FIFO,,,,,,,,,,,auto,,,,,,,,,,,,,,,,,,,INT6,6,52,1x128x128x4x1,rtl,,,,,,43,0,12,18,0,0,0,0
6,AddStreams_hls_2,AddStreams_hls,AddStreams,,,1,,,INT6,,,6,,,,4,,,,,,,,,,,,,,,,,,,,,,,,,,,64,0,0,79,0,0,0,0
6,StreamingFIFO_rtl_65,StreamingFIFO_rtl,FIFO,,,,,,,,,,,auto,,,,,,,,,,,,,,,,,,,INT7,7,2,1x128x128x4x1,rtl,,,,,,13,0,0,19,0,0,0,0
7,StreamingFIFO_rtl_0,StreamingFIFO_rtl,FIFO,,,,,,,,,,,auto,,,,,,,,,,,,,,,,,,,INT7,7,2,1x128x128x4x1,rtl,,,,,,14,0,0,19,0,0,0,0
7,Thresholding_rtl_0,Thresholding_rtl,Thresholding,,,1,,INT7,INT7,UINT6,7,7,,,,4,63,1024,0,,,,,,,,,,,,,,,,,,,,,,,,68,0,7,172,0,0,0,0
7,StreamingFIFO_rtl_1,StreamingFIFO_rtl,FIFO,,,,,,,,,,,auto,,,,,,,,,,,,,,,,,,,UINT6,6,2,1x128x128x4x1,rtl,,,,,,12,0,0,17,0,0,0,0
7,DuplicateStreams_hls_0,DuplicateStreams_hls,DuplicateStreams,,,1,,,UINT6,,,6,,,,4,,,,,,,,,,,,,,,,,,,,,,,,,,,61,0,0,76,0,0,0,0
7,StreamingFIFO_rtl_2,StreamingFIFO_rtl,FIFO,,,,,,,,,,,auto,,,,,,,,,,,,,,,,,,,UINT6,6,2,1x128x128x4x1,rtl,,,,,,13,0,0,17,0,0,0,0
7,StreamingFIFO_rtl_3,StreamingFIFO_rtl,FIFO,,,,,,,,,,,auto,,,,,,,,,,,,,,,,,,,UINT6,6,2,1x128x128x4x1,rtl,,,,,,13,0,0,17,0,0,0,0
7,MVAU_rtl_0,MVAU_rtl,MVAU,1,4,1,1,INT6,UINT6,INT13,6,6,dsp,auto,internal_decoupled,,,,,,,,,,,,,,,,,,,,,,,,,,,,26,3,8,64,0,0,0,1
7,Thresholding_rtl_1,Thresholding_rtl,Thresholding,,,1,,UINT6,UINT6,INT6,6,6,,,,4,63,1024,0,,,,,,,,,,,,,,,,,,,,,,,,48,0,8,125,0,0,0,0
7,StreamingFIFO_rtl_4,StreamingFIFO_rtl,FIFO,,,,,,,,,,,auto,,,,,,,,,,,,,,,,,,,INT13,13,2,1x128x128x1x1,rtl,,,,,,21,0,0,31,0,0,0,0
7,StreamingFIFO_rtl_5,StreamingFIFO_rtl,FIFO,,,,,,,,,,,auto,,,,,,,,,,,,,,,,,,,INT6,6,512,1x128x128x4x1,vivado,,,,,,69,0,0,55,0,1,0,0
7,StreamingFIFO_rtl_6,StreamingFIFO_rtl,FIFO,,,,,,,,,,,auto,,,,,,,,,,,,,,,,,,,INT6,6,52,1x128x128x4x1,rtl,,,,,,44,0,12,18,0,0,0,0
7,Thresholding_rtl_2,Thresholding_rtl,Thresholding,,,1,,INT13,INT13,UINT6,13,13,,,,1,63,1024,0,,,,,,,,,,,,,,,,,,,,,,,,104,0,7,246,0,0,0,0
7,StreamingFIFO_rtl_7,StreamingFIFO_rtl,FIFO,,,,,,,,,,,auto,,,,,,,,,,,,,,,,,,,UINT6,6,132,1x128x128x1x1,rtl,,,,,,76,0,30,20,0,0,0,0
7,FMPadding_rtl_0,FMPadding_rtl,FMPadding,,,,1,,UINT6,,,6,,,,1,,,,,128,128,,,,,,,,,,,,,,,,,,,1x1x1x1,1,49,0,0,31,0,0,0,0
7,StreamingFIFO_rtl_8,StreamingFIFO_rtl,FIFO,,,,,,,,,,,auto,,,,,,,,,,,,,,,,,,,UINT6,6,2,1x130x130x1x1,rtl,,,,,,13,0,0,17,0,0,0,0
7,ConvolutionInputGenerator_rtl_0,ConvolutionInputGenerator_rtl,SWU,,,,1,,UINT6,UINT6,,6,,distributed,,,,,,1,130,130,128,128,3,3,1,1,1,1,1,0,,,,,,,,,,,265,40,0,105,0,0,0,0
7,StreamingFIFO_rtl_9,StreamingFIFO_rtl,FIFO,,,,,,,,,,,auto,,,,,,,,,,,,,,,,,,,UINT6,6,2,1x128x128x9x1,rtl,,,,,,13,0,0,17,0,0,0,0
7,VVAU_hls_0,VVAU_hls,VVAU,1,9,1,1,INT6,UINT6,INT14,6,6,dsp,auto,internal_decoupled,,,,,,,,,,,,,,,,,,,,,,,,,,,,114,3,0,158,0,0,0,1
7,StreamingFIFO_rtl_10,StreamingFIFO_rtl,FIFO,,,,,,,,,,,auto,,,,,,,,,,,,,,,,,,,INT14,14,2,1x128x128x1x1,rtl,,,,,,21,0,0,33,0,0,0,0
7,Thresholding_rtl_3,Thresholding_rtl,Thresholding,,,1,,INT14,INT14,UINT6,14,14,,,,1,63,1024,0,,,,,,,,,,,,,,,,,,,,,,,,114,0,7,270,0,0,0,0
7,StreamingFIFO_rtl_11,StreamingFIFO_rtl,FIFO,,,,,,,,,,,auto,,,,,,,,,,,,,,,,,,,UINT6,6,2,1x128x128x1x1,rtl,,,,,,12,0,0,17,0,0,0,0
7,MVAU_rtl_1,MVAU_rtl,MVAU,4,1,1,1,INT6,UINT6,INT15,6,6,dsp,auto,internal_decoupled,,,,,,,,,,,,,,,,,,,,,,,,,,,,39,7,8,83,0,0,0,1
7,StreamingFIFO_rtl_12,StreamingFIFO_rtl,FIFO,,,,,,,,,,,auto,,,,,,,,,,,,,,,,,,,INT15,15,2,1x128x128x4x1,rtl,,,,,,23,0,0,35,0,0,0,0
7,Thresholding_rtl_4,Thresholding_rtl,Thresholding,,,1,,INT15,INT15,INT6,15,15,,,,4,63,1024,0,,,,,,,,,,,,,,,,,,,,,,,,165,0,7,340,0,0,0,0
7,StreamingFIFO_rtl_13,StreamingFIFO_rtl,FIFO,,,,,,,,,,,auto,,,,,,,,,,,,,,,,,,,INT6,6,2,1x128x128x4x1,rtl,,,,,,12,0,0,17,0,0,0,0
7,AddStreams_hls_0,AddStreams_hls,AddStreams,,,1,,,INT6,,,6,,,,4,,,,,,,,,,,,,,,,,,,,,,,,,,,62,0,0,79,0,0,0,0
7,StreamingFIFO_rtl_14,StreamingFIFO_rtl,FIFO,,,,,,,,,,,auto,,,,,,,,,,,,,,,,,,,INT7,7,2,1x128x128x4x1,rtl,,,,,,14,0,0,19,0,0,0,0
7,Thresholding_rtl_5,Thresholding_rtl,Thresholding,,,1,,INT8,INT7,UINT6,8,7,,,,4,63,1024,0,,,,,,,,,,,,,,,,,,,,,,,,71,0,7,178,0,0,0,0
7,StreamingFIFO_rtl_15,StreamingFIFO_rtl,FIFO,,,,,,,,,,,auto,,,,,,,,,,,,,,,,,,,UINT6,6,2,1x128x128x4x1,rtl,,,,,,12,0,0,17,0,0,0,0
7,FMPadding_Pixel_hls_0,FMPadding_Pixel_hls,FMPadding,,,,1,,UINT6,,,6,,,,4,,,,,128,128,,,,,2,2,,,,,,,,,,,,,,1,262,0,0,140,0,0,0,0
7,StreamingFIFO_rtl_16,StreamingFIFO_rtl,FIFO,,,,,,,,,,,auto,,,,,,,,,,,,,,,,,,,UINT6,6,2,1x255x255x4x1,rtl,,,,,,12,0,0,17,0,0,0,0
7,StreamingDataWidthConverter_rtl_0,StreamingDataWidthConverter_rtl,DWC,,,,,,,,,,,,,,,,,,,,,,,,,,,,,,,,,,,,,,,,11,0,0,34,0,0,0,0
7,StreamingFIFO_rtl_17,StreamingFIFO_rtl,FIFO,,,,,,,,,,,auto,,,,,,,,,,,,,,,,,,,UINT6,6,2,1x255x255x1x4,rtl,,,,,,31,0,0,53,0,0,0,0
7,FMPadding_rtl_1,FMPadding_rtl,FMPadding,,,,4,,UINT6,,,6,,,,4,,,,,255,255,,,,,,,,,,,,,,,,,,,1x1x1x1,1,65,0,0,69,0,0,0,0
7,StreamingFIFO_rtl_18,StreamingFIFO_rtl,FIFO,,,,,,,,,,,auto,,,,,,,,,,,,,,,,,,,UINT6,6,2,1x257x257x1x4,rtl,,,,,,31,0,0,53,0,0,0,0
7,ConvolutionInputGenerator_rtl_1,ConvolutionInputGenerator_rtl,SWU,,,,4,,UINT6,UINT6,,6,,distributed,,,,,,4,257,257,256,256,2,2,1,1,1,1,0,1,,,,,,,,,,,270,112,0,272,0,0,0,0
7,StreamingFIFO_rtl_19,StreamingFIFO_rtl,FIFO,,,,,,,,,,,auto,,,,,,,,,,,,,,,,,,,UINT6,6,2,1x256x256x1x16,rtl,,,,,,100,0,0,197,0,0,0,0
7,StreamingDataWidthConverter_rtl_1,StreamingDataWidthConverter_rtl,DWC,,,,,,,,,,,,,,,,,,,,,,,,,,,,,,,,,,,,,,,,102,0,0,196,0,0,0,0
7,StreamingFIFO_rtl_20,StreamingFIFO_rtl,FIFO,,,,,,,,,,,auto,,,,,,,,,,,,,,,,,,,UINT6,6,2,1x256x256x2x8,rtl,,,,,,55,0,0,101,0,0,0,0
7,MVAU_rtl_2,MVAU_rtl,MVAU,5,16,5,8,INT6,UINT6,INT16,6,6,dsp,auto,internal_decoupled,,,,,,,,,,,,,,,,,,,,,,,,,,,,799,36,40,941,0,0,0,24
7,StreamingFIFO_rtl_21,StreamingFIFO_rtl,FIFO,,,,,,,,,,,auto,,,,,,,,,,,,,,,,,,,INT16,16,2,1x256x256x1x5,rtl,,,,,,88,0,0,165,0,0,0,0
7,StreamingDataWidthConverter_rtl_2,StreamingDataWidthConverter_rtl,DWC,,,,,,,,,,,,,,,,,,,,,,,,,,,,,,,,,,,,,,,,86,0,0,118,0,0,0,0
7,StreamingFIFO_rtl_22,StreamingFIFO_rtl,FIFO,,,,,,,,,,,auto,,,,,,,,,,,,,,,,,,,INT16,16,2,1x256x256x5x1,rtl,,,,,,23,0,0,37,0,0,0,0
7,StreamingFIFO_rtl_23,StreamingFIFO_rtl,FIFO,,,,,,,,,,,auto,,,,,,,,,,,,,,,,,,,INT17,17,2,1x256x256x5x1,rtl,,,,,,24,0,0,39,0,0,0,0
7,StreamingFIFO_rtl_24,StreamingFIFO_rtl,FIFO,,,,,,,,,,,auto,,,,,,,,,,,,,,,,,,,UINT8,8,2,1x256x256x1x1,rtl,,,,,,9,0,0,11,0,0,0,0
