
****** Vivado v2022.2 (64-bit)
  **** SW Build 3671981 on Fri Oct 14 04:59:54 MDT 2022
  **** IP Build 3669848 on Fri Oct 14 08:30:02 MDT 2022
    ** Copyright 1986-2022 Xilinx, Inc. All Rights Reserved.

source /tmp/_diag_full_ip_status.tcl
# open_project /home/thelegendiv/finn/notebooks/enet/finn_build_tmp/vivado_zynq_proj_ivzy_6_z/finn_zynq_link.xpr
Scanning sources...
Finished scanning sources
INFO: [IP_Flow 19-234] Refreshing IP repositories
INFO: [IP_Flow 19-1700] Loaded user IP repository '/home/thelegendiv/finn/notebooks/enet/finn_build_tmp/code_gen_ipgen_StreamingDataflowPartition_0_IODMA_hls_0_66qk80st/project_StreamingDataflowPartition_0_IODMA_hls_0/sol1/impl/ip'.
INFO: [IP_Flow 19-1700] Loaded user IP repository '/home/thelegendiv/finn/notebooks/enet/finn_build_tmp/zynqbuild_partition7/vivado_stitch_proj_bv2ugwy2/ip'.
INFO: [IP_Flow 19-1700] Loaded user IP repository '/home/thelegendiv/finn/notebooks/enet/finn_build_tmp/vivado_stitch_proj_ydzflm07'.
INFO: [IP_Flow 19-1700] Loaded user IP repository '/home/thelegendiv/finn/finn-rtllib/memstream'.
INFO: [IP_Flow 19-1700] Loaded user IP repository '/home/thelegendiv/finn/notebooks/enet/finn_build_tmp/code_gen_ipgen_StreamingDataflowPartition_2_IODMA_hls_0_38xhtd5o/project_StreamingDataflowPartition_2_IODMA_hls_0/sol1/impl/ip'.
INFO: [IP_Flow 19-1700] Loaded user IP repository '/home/thelegendiv/finn/notebooks/enet/finn_build_tmp/vivado_stitch_proj_equ121xj/ip'.
INFO: [IP_Flow 19-1700] Loaded user IP repository '/home/thelegendiv/finn/notebooks/enet/finn_build_tmp/vivado_stitch_proj_6_75nd4k/ip'.
INFO: [IP_Flow 19-1700] Loaded user IP repository '/home/thelegendiv/finn/notebooks/enet/finn_build_tmp/vivado_stitch_proj_4ti661rj/ip'.
INFO: [IP_Flow 19-1700] Loaded user IP repository '/home/thelegendiv/finn/notebooks/enet/finn_build_tmp/vivado_stitch_proj_e_z5561z/ip'.
INFO: [IP_Flow 19-1700] Loaded user IP repository '/home/thelegendiv/finn/notebooks/enet/finn_build_tmp/vivado_stitch_proj_9qynp0ng/ip'.
INFO: [IP_Flow 19-1700] Loaded user IP repository '/home/thelegendiv/finn/notebooks/enet/finn_build_tmp/vivado_stitch_proj_ohvum343/ip'.
INFO: [IP_Flow 19-1700] Loaded user IP repository '/home/thelegendiv/finn/notebooks/enet/finn_build_tmp/vivado_stitch_proj_anxxap8z/ip'.
INFO: [IP_Flow 19-1700] Loaded user IP repository '/home/thelegendiv/finn/notebooks/enet/finn_build_tmp/vivado_stitch_proj_5kxs5a6b/ip'.
INFO: [IP_Flow 19-1700] Loaded user IP repository '/home/thelegendiv/finn/notebooks/enet/finn_build_tmp/vivado_stitch_proj_btoactkv/ip'.
INFO: [IP_Flow 19-2313] Loaded Vivado IP repository '/tools/Xilinx/Vivado/2022.2/data/ip'.
WARNING: [BD 41-1661] One or more IPs have been locked in the design 'top.bd'. Please run report_ip_status for more details and recommendations on how to fix this issue.
List of locked IPs:
top_StreamingDataflowPar_7_0
top_StreamingDataflowPar_8_3
top_StreamingDataflowPar_5_0
top_StreamingDataflowPar_4_0
top_StreamingDataflowPar_0_0
top_StreamingDataflowPar_1_0
top_StreamingDataflowPar_3_0
top_StreamingDataflowPar_6_0
top_StreamingDataflowPar_10_1

open_project: Time (s): cpu = 00:00:10 ; elapsed = 00:00:10 . Memory (MB): peak = 1375.078 ; gain = 55.844 ; free physical = 67876 ; free virtual = 98442
# open_bd_design [get_files top.bd]
Reading block design file </home/thelegendiv/finn/notebooks/enet/finn_build_tmp/vivado_zynq_proj_ivzy_6_z/finn_zynq_link.srcs/sources_1/bd/top/top.bd>...
Adding component instance block -- xilinx.com:ip:axi_interconnect:2.1 - axi_interconnect_0
Adding component instance block -- xilinx.com:ip:axi_crossbar:2.1 - xbar
Adding component instance block -- xilinx.com:ip:axi_dwidth_converter:2.1 - auto_ds
Adding component instance block -- xilinx.com:ip:axi_protocol_converter:2.1 - auto_pc
Adding component instance block -- xilinx.com:ip:proc_sys_reset:5.0 - rst_zynq_ps_100M
Adding component instance block -- xilinx.com:ip:smartconnect:1.0 - smartconnect_0
Adding component instance block -- xilinx.com:ip:zynq_ultra_ps_e:3.4 - zynq_ultra_ps_e_0
Adding component instance block -- xilinx_finn:finn:StreamingDataflowPartition_2_zynqp7_odma:1.0 - StreamingDataflowPar_8
Adding component instance block -- xilinx_finn:finn:StreamingDataflowPartition_0:1.0 - StreamingDataflowPar_0
Adding component instance block -- xilinx_finn:finn:StreamingDataflowPartition_2:1.0 - StreamingDataflowPar_2
Adding component instance block -- xilinx_finn:finn:StreamingDataflowPartition_1:1.0 - StreamingDataflowPar_1
Adding component instance block -- xilinx_finn:finn:StreamingDataflowPartition_3:1.0 - StreamingDataflowPar_3
Adding component instance block -- xilinx_finn:finn:StreamingDataflowPartition_4:1.0 - StreamingDataflowPar_4
Adding component instance block -- xilinx_finn:finn:StreamingDataflowPartition_5:1.0 - StreamingDataflowPar_5
Adding component instance block -- xilinx_finn:finn:StreamingDataflowPartition_6:1.0 - StreamingDataflowPar_6
Adding component instance block -- xilinx_finn:finn:StreamingDataflowPartition_7:1.0 - StreamingDataflowPar_7
Adding component instance block -- xilinx_finn:finn:StreamingDataflowPartition_0_zynqp0_idma:1.0 - StreamingDataflowPar_9
Successfully read diagram <top> from block design file </home/thelegendiv/finn/notebooks/enet/finn_build_tmp/vivado_zynq_proj_ivzy_6_z/finn_zynq_link.srcs/sources_1/bd/top/top.bd>
# puts "=== report_ip_status ==="
=== report_ip_status ===
# report_ip_status -file /tmp/ip_status_detail.rpt
# set fp [open /tmp/ip_status_detail.rpt r]
# puts [read $fp]
Copyright 1986-2022 Xilinx, Inc. All Rights Reserved.
------------------------------------------------------------------------------------
| Tool Version : Vivado v.2022.2 (lin64) Build 3671981 Fri Oct 14 04:59:54 MDT 2022
| Date         : Sun Sep 20 03:52:29 2026
| Host         : finn_dev_thelegendiv running 64-bit Ubuntu 22.04.1 LTS
| Command      : report_ip_status
------------------------------------------------------------------------------------

IP Status Summary

1. Project IP Status
--------------------
Your project uses 283 IP. Some of these IP may have undergone changes in this release of the software. Please review the recommended actions.

More information on the Xilinx versioning policy is available at www.xilinx.com.

Project IP Instances
+-------------------------------------------------------------------------+----------------------------------------------------------------------+-----------------------------------+-----------+--------------------+---------+-----------------------+------------+----------------------+
| Instance Name                                                           | Status                                                               | Recommendation                    | Change    | IP Name            | IP      | New Version           | New        | Original Part        |
|                                                                         |                                                                      |                                   | Log       |                    | Version |                       | License    |                      |
+-------------------------------------------------------------------------+----------------------------------------------------------------------+-----------------------------------+-----------+--------------------+---------+-----------------------+------------+----------------------+
| top_StreamingDataflowPar_0_0                                            | IP contains locked subcore. IP definition refers to missing subcores | Upgrade IP or repackage component | Change    | StreamingDataflowP | 1.0     | 1.0 (Rev. 2)          | Included   | xczu7ev-ffvc1156-2-e |
|                                                                         |                                                                      |                                   | Log not   |                    | (Rev.   |                       |            |                      |
|                                                                         |                                                                      |                                   | available |                    | 2)      |                       |            |                      |
+-------------------------------------------------------------------------+----------------------------------------------------------------------+-----------------------------------+-----------+--------------------+---------+-----------------------+------------+----------------------+
| top_StreamingDataflowPar_10_1                                           | IP contains locked subcore. IP definition refers to missing subcores | Upgrade IP or repackage component | Change    | StreamingDataflowP | 1.0     | 1.0 (Rev. 2)          | Included   | xczu7ev-ffvc1156-2-e |
|                                                                         |                                                                      |                                   | Log not   |                    | (Rev.   |                       |            |                      |
|                                                                         |                                                                      |                                   | available |                    | 2)      |                       |            |                      |
+-------------------------------------------------------------------------+----------------------------------------------------------------------+-----------------------------------+-----------+--------------------+---------+-----------------------+------------+----------------------+
| top_StreamingDataflowPar_1_0                                            | IP contains locked subcore. IP definition refers to missing subcores | Upgrade IP or repackage component | Change    | StreamingDataflowP | 1.0     | 1.0 (Rev. 2)          | Included   | xczu7ev-ffvc1156-2-e |
|                                                                         |                                                                      |                                   | Log not   |                    | (Rev.   |                       |            |                      |
|                                                                         |                                                                      |                                   | available |                    | 2)      |                       |            |                      |
+-------------------------------------------------------------------------+----------------------------------------------------------------------+-----------------------------------+-----------+--------------------+---------+-----------------------+------------+----------------------+
| top_StreamingDataflowPar_3_0                                            | IP contains locked subcore. IP definition refers to missing subcores | Upgrade IP or repackage component | Change    | StreamingDataflowP | 1.0     | 1.0 (Rev. 2)          | Included   | xczu7ev-ffvc1156-2-e |
|                                                                         |                                                                      |                                   | Log not   |                    | (Rev.   |                       |            |                      |
|                                                                         |                                                                      |                                   | available |                    | 2)      |                       |            |                      |
+-------------------------------------------------------------------------+----------------------------------------------------------------------+-----------------------------------+-----------+--------------------+---------+-----------------------+------------+----------------------+
| top_StreamingDataflowPar_4_0                                            | IP contains locked subcore. IP definition refers to missing subcores | Upgrade IP or repackage component | Change    | StreamingDataflowP | 1.0     | 1.0 (Rev. 2)          | Included   | xczu7ev-ffvc1156-2-e |
|                                                                         |                                                                      |                                   | Log not   |                    | (Rev.   |                       |            |                      |
|                                                                         |                                                                      |                                   | available |                    | 2)      |                       |            |                      |
+-------------------------------------------------------------------------+----------------------------------------------------------------------+-----------------------------------+-----------+--------------------+---------+-----------------------+------------+----------------------+
| top_StreamingDataflowPar_5_0                                            | IP contains locked subcore. IP definition refers to missing subcores | Upgrade IP or repackage component | Change    | StreamingDataflowP | 1.0     | 1.0 (Rev. 2)          | Included   | xczu7ev-ffvc1156-2-e |
|                                                                         |                                                                      |                                   | Log not   |                    | (Rev.   |                       |            |                      |
|                                                                         |                                                                      |                                   | available |                    | 2)      |                       |            |                      |
+-------------------------------------------------------------------------+----------------------------------------------------------------------+-----------------------------------+-----------+--------------------+---------+-----------------------+------------+----------------------+
| top_StreamingDataflowPar_6_0                                            | IP contains locked subcore. IP definition refers to missing subcores | Upgrade IP or repackage component | Change    | StreamingDataflowP | 1.0     | 1.0 (Rev. 2)          | Included   | xczu7ev-ffvc1156-2-e |
|                                                                         |                                                                      |                                   | Log not   |                    | (Rev.   |                       |            |                      |
|                                                                         |                                                                      |                                   | available |                    | 2)      |                       |            |                      |
+-------------------------------------------------------------------------+----------------------------------------------------------------------+-----------------------------------+-----------+--------------------+---------+-----------------------+------------+----------------------+
| top_StreamingDataflowPar_7_0                                            | IP contains locked subcore. IP definition refers to missing subcores | Upgrade IP or repackage component | Change    | StreamingDataflowP | 1.0     | 1.0 (Rev. 2)          | Included   | xczu7ev-ffvc1156-2-e |
|                                                                         |                                                                      |                                   | Log not   |                    | (Rev.   |                       |            |                      |
|                                                                         |                                                                      |                                   | available |                    | 2)      |                       |            |                      |
+-------------------------------------------------------------------------+----------------------------------------------------------------------+-----------------------------------+-----------+--------------------+---------+-----------------------+------------+----------------------+
| top_StreamingDataflowPar_8_3                                            | IP contains locked subcore                                           | Upgrade IP or repackage component | Change    | StreamingDataflowP | 1.0     | 1.0 (Rev. 2)          | Included   | xczu7ev-ffvc1156-2-e |
|                                                                         |                                                                      |                                   | Log not   |                    | (Rev.   |                       |            |                      |
|                                                                         |                                                                      |                                   | available |                    | 2)      |                       |            |                      |
+-------------------------------------------------------------------------+----------------------------------------------------------------------+-----------------------------------+-----------+--------------------+---------+-----------------------+------------+----------------------+
| top_StreamingDataflowPar_8_5                                            | Up-to-date                                                           | No changes required               | Change    | StreamingDataflowP | 1.0     | 1.0 (Rev. 2)          | Included   | xczu7ev-ffvc1156-2-e |
|                                                                         |                                                                      |                                   | Log not   |                    | (Rev.   |                       |            |                      |
|                                                                         |                                                                      |                                   | available |                    | 2)      |                       |            |                      |
+-------------------------------------------------------------------------+----------------------------------------------------------------------+-----------------------------------+-----------+--------------------+---------+-----------------------+------------+----------------------+
| top_axi_interconnect_0_0                                                | Up-to-date                                                           | No changes required               |  *(1)     | AXI Interconnect   | 2.1     | 2.1 (Rev. 28)         | Included   | xczu7ev-ffvc1156-2-e |
|                                                                         |                                                                      |                                   |           |                    | (Rev.   |                       |            |                      |
|                                                                         |                                                                      |                                   |           |                    | 28)     |                       |            |                      |
+-------------------------------------------------------------------------+----------------------------------------------------------------------+-----------------------------------+-----------+--------------------+---------+-----------------------+------------+----------------------+
| top_rst_zynq_ps_100M_0                                                  | Up-to-date                                                           | No changes required               |  *(2)     | Processor System   | 5.0     | 5.0 (Rev. 13)         | Included   | xczu7ev-ffvc1156-2-e |
|                                                                         |                                                                      |                                   |           | Reset              | (Rev.   |                       |            |                      |
|                                                                         |                                                                      |                                   |           |                    | 13)     |                       |            |                      |
+-------------------------------------------------------------------------+----------------------------------------------------------------------+-----------------------------------+-----------+--------------------+---------+-----------------------+------------+----------------------+
| top_smartconnect_0_0                                                    | Up-to-date                                                           | No changes required               |  *(3)     | AXI SmartConnect   | 1.0     | 1.0 (Rev. 19)         | Included   | xczu7ev-ffvc1156-2-e |
|                                                                         |                                                                      |                                   |           |                    | (Rev.   |                       |            |                      |
|                                                                         |                                                                      |                                   |           |                    | 19)     |                       |            |                      |
+-------------------------------------------------------------------------+----------------------------------------------------------------------+-----------------------------------+-----------+--------------------+---------+-----------------------+------------+----------------------+
| top_zynq_ultra_ps_e_0_0                                                 | Up-to-date                                                           | No changes required               |  *(4)     | Zynq UltraScale+   | 3.4     | 3.4 (Rev. 1)          | Included   | xczu7ev-ffvc1156-2-e |
|                                                                         |                                                                      |                                   |           | MPSoC              | (Rev.   |                       |            |                      |
|                                                                         |                                                                      |                                   |           |                    | 1)      |                       |            |                      |
+-------------------------------------------------------------------------+----------------------------------------------------------------------+-----------------------------------+-----------+--------------------+---------+-----------------------+------------+----------------------+
| StreamingDataflowPartition_0_DuplicateStreams_hls_0_0                   | IP definition not found                                              | Upgrade parent IP                 | Change    | p0_DuplicateStream | 1.0     | N/A                   | Included   | xczu7ev-ffvc1156-2-e |
|                                                                         |                                                                      |                                   | Log not   |                    | (Rev.   |                       |            |                      |
|                                                                         |                                                                      |                                   | available |                    | 2114792 |                       |            |                      |
+-------------------------------------------------------------------------+----------------------------------------------------------------------+-----------------------------------+-----------+--------------------+---------+-----------------------+------------+----------------------+
| StreamingDataflowPartition_0_MVAU_rtl_0_wstrm_0                         | Up-to-date                                                           | No changes required               | Change    | memstream          | 1.0     | 1.0 (Rev. 5)          | Included   | xczu7ev-ffvc1156-2-e |
|                                                                         |                                                                      |                                   | Log not   |                    | (Rev.   |                       |            |                      |
|                                                                         |                                                                      |                                   | available |                    | 5)      |                       |            |                      |
+-------------------------------------------------------------------------+----------------------------------------------------------------------+-----------------------------------+-----------+--------------------+---------+-----------------------+------------+----------------------+
| StreamingDataflowPartition_0_StreamingConcat_hls_0_0                    | IP definition not found                                              | Upgrade parent IP                 | Change    | p0_StreamingConcat | 1.0     | N/A                   | Included   | xczu7ev-ffvc1156-2-e |
|                                                                         |                                                                      |                                   | Log not   |                    | (Rev.   |                       |            |                      |
|                                                                         |                                                                      |                                   | available |                    | 2114792 |                       |            |                      |
+-------------------------------------------------------------------------+----------------------------------------------------------------------+-----------------------------------+-----------+--------------------+---------+-----------------------+------------+----------------------+
| StreamingDataflowPartition_0_StreamingDataflowPartition_0_IODMA_hls_0_0 | IP definition not found                                              | Upgrade parent IP                 | Change    | StreamingDataflowP | 1.0     | N/A                   | Included   | xczu7ev-ffvc1156-2-e |
|                                                                         |                                                                      |                                   | Log not   |                    | (Rev.   |                       |            |                      |
|                                                                         |                                                                      |                                   | available |                    | 2114793 |                       |            |                      |
+-------------------------------------------------------------------------+----------------------------------------------------------------------+-----------------------------------+-----------+--------------------+---------+-----------------------+------------+----------------------+
| StreamingDataflowPartition_0_StreamingMaxPool_hls_0_0                   | IP definition not found                                              | Upgrade parent IP                 | Change    | p0_StreamingMaxPoo | 1.0     | N/A                   | Included   | xczu7ev-ffvc1156-2-e |
|                                                                         |                                                                      |                                   | Log not   |                    | (Rev.   |                       |            |                      |
|                                                                         |                                                                      |                                   | available |                    | 2114792 |                       |            |                      |
+-------------------------------------------------------------------------+----------------------------------------------------------------------+-----------------------------------+-----------+--------------------+---------+-----------------------+------------+----------------------+
| StreamingDataflowPartition_0_fifo_0                                     | Up-to-date                                                           | No changes required               |  *(5)     | AXI4-Stream Data   | 2.0     | 2.0 (Rev. 9)          | Included   | xczu7ev-ffvc1156-2-e |
|                                                                         |                                                                      |                                   |           | FIFO               | (Rev.   |                       |            |                      |
|                                                                         |                                                                      |                                   |           |                    | 9)      |                       |            |                      |
+-------------------------------------------------------------------------+----------------------------------------------------------------------+-----------------------------------+-----------+--------------------+---------+-----------------------+------------+----------------------+
| StreamingDataflowPartition_0_fifo_1                                     | Up-to-date                                                           | No changes required               |  *(6)     | AXI4-Stream Data   | 2.0     | 2.0 (Rev. 9)          | Included   | xczu7ev-ffvc1156-2-e |
|                                                                         |                                                                      |                                   |           | FIFO               | (Rev.   |                       |            |                      |
|                                                                         |                                                                      |                                   |           |                    | 9)      |                       |            |                      |
+-------------------------------------------------------------------------+----------------------------------------------------------------------+-----------------------------------+-----------+--------------------+---------+-----------------------+------------+----------------------+
| StreamingDataflowPartition_0_fifo_2                                     | Up-to-date                                                           | No changes required               |  *(7)     | AXI4-Stream Data   | 2.0     | 2.0 (Rev. 9)          | Included   | xczu7ev-ffvc1156-2-e |
|                                                                         |                                                                      |                                   |           | FIFO               | (Rev.   |                       |            |                      |
|                                                                         |                                                                      |                                   |           |                    | 9)      |                       |            |                      |
+-------------------------------------------------------------------------+----------------------------------------------------------------------+-----------------------------------+-----------+--------------------+---------+-----------------------+------------+----------------------+
| StreamingDataflowPartition_0_fifo_3                                     | Up-to-date                                                           | No changes required               |  *(8)     | AXI4-Stream Data   | 2.0     | 2.0 (Rev. 9)          | Included   | xczu7ev-ffvc1156-2-e |
|                                                                         |                                                                      |                                   |           | FIFO               | (Rev.   |                       |            |                      |
|                                                                         |                                                                      |                                   |           |                    | 9)      |                       |            |                      |
+-------------------------------------------------------------------------+----------------------------------------------------------------------+-----------------------------------+-----------+--------------------+---------+-----------------------+------------+----------------------+
| StreamingDataflowPartition_0_fifo_4                                     | Up-to-date                                                           | No changes required               |  *(9)     | AXI4-Stream Data   | 2.0     | 2.0 (Rev. 9)          | Included   | xczu7ev-ffvc1156-2-e |
|                                                                         |                                                                      |                                   |           | FIFO               | (Rev.   |                       |            |                      |
|                                                                         |                                                                      |                                   |           |                    | 9)      |                       |            |                      |
+-------------------------------------------------------------------------+----------------------------------------------------------------------+-----------------------------------+-----------+--------------------+---------+-----------------------+------------+----------------------+
| StreamingDataflowPartition_1_AddStreams_hls_0_0                         | IP definition not found                                              | Upgrade parent IP                 | Change    | p1_AddStreams_hls_ | 1.0     | N/A                   | Included   | xczu7ev-ffvc1156-2-e |
|                                                                         |                                                                      |                                   | Log not   |                    | (Rev.   |                       |            |                      |
|                                                                         |                                                                      |                                   | available |                    | 2114792 |                       |            |                      |
+-------------------------------------------------------------------------+----------------------------------------------------------------------+-----------------------------------+-----------+--------------------+---------+-----------------------+------------+----------------------+
| StreamingDataflowPartition_1_AddStreams_hls_1_0                         | IP definition not found                                              | Upgrade parent IP                 | Change    | p1_AddStreams_hls_ | 1.0     | N/A                   | Included   | xczu7ev-ffvc1156-2-e |
|                                                                         |                                                                      |                                   | Log not   |                    | (Rev.   |                       |            |                      |
|                                                                         |                                                                      |                                   | available |                    | 2114792 |                       |            |                      |
+-------------------------------------------------------------------------+----------------------------------------------------------------------+-----------------------------------+-----------+--------------------+---------+-----------------------+------------+----------------------+
| StreamingDataflowPartition_1_AddStreams_hls_2_0                         | IP definition not found                                              | Upgrade parent IP                 | Change    | p1_AddStreams_hls_ | 1.0     | N/A                   | Included   | xczu7ev-ffvc1156-2-e |
|                                                                         |                                                                      |                                   | Log not   |                    | (Rev.   |                       |            |                      |
|                                                                         |                                                                      |                                   | available |                    | 2114792 |                       |            |                      |
+-------------------------------------------------------------------------+----------------------------------------------------------------------+-----------------------------------+-----------+--------------------+---------+-----------------------+------------+----------------------+
| StreamingDataflowPartition_1_AddStreams_hls_3_0                         | IP definition not found                                              | Upgrade parent IP                 | Change    | p1_AddStreams_hls_ | 1.0     | N/A                   | Included   | xczu7ev-ffvc1156-2-e |
|                                                                         |                                                                      |                                   | Log not   |                    | (Rev.   |                       |            |                      |
|                                                                         |                                                                      |                                   | available |                    | 2114792 |                       |            |                      |
+-------------------------------------------------------------------------+----------------------------------------------------------------------+-----------------------------------+-----------+--------------------+---------+-----------------------+------------+----------------------+
| StreamingDataflowPartition_1_AddStreams_hls_4_0                         | IP definition not found                                              | Upgrade parent IP                 | Change    | p1_AddStreams_hls_ | 1.0     | N/A                   | Included   | xczu7ev-ffvc1156-2-e |
|                                                                         |                                                                      |                                   | Log not   |                    | (Rev.   |                       |            |                      |
|                                                                         |                                                                      |                                   | available |                    | 2114792 |                       |            |                      |
+-------------------------------------------------------------------------+----------------------------------------------------------------------+-----------------------------------+-----------+--------------------+---------+-----------------------+------------+----------------------+
| StreamingDataflowPartition_1_AddStreams_hls_5_0                         | IP definition not found                                              | Upgrade parent IP                 | Change    | p1_AddStreams_hls_ | 1.0     | N/A                   | Included   | xczu7ev-ffvc1156-2-e |
|                                                                         |                                                                      |                                   | Log not   |                    | (Rev.   |                       |            |                      |
|                                                                         |                                                                      |                                   | available |                    | 2114792 |                       |            |                      |
+-------------------------------------------------------------------------+----------------------------------------------------------------------+-----------------------------------+-----------+--------------------+---------+-----------------------+------------+----------------------+
| StreamingDataflowPartition_1_DuplicateStreams_hls_0_0                   | IP definition not found                                              | Upgrade parent IP                 | Change    | p1_DuplicateStream | 1.0     | N/A                   | Included   | xczu7ev-ffvc1156-2-e |
|                                                                         |                                                                      |                                   | Log not   |                    | (Rev.   |                       |            |                      |
|                                                                         |                                                                      |                                   | available |                    | 2114792 |                       |            |                      |
+-------------------------------------------------------------------------+----------------------------------------------------------------------+-----------------------------------+-----------+--------------------+---------+-----------------------+------------+----------------------+
| StreamingDataflowPartition_1_DuplicateStreams_hls_1_0                   | IP definition not found                                              | Upgrade parent IP                 | Change    | p1_DuplicateStream | 1.0     | N/A                   | Included   | xczu7ev-ffvc1156-2-e |
|                                                                         |                                                                      |                                   | Log not   |                    | (Rev.   |                       |            |                      |
|                                                                         |                                                                      |                                   | available |                    | 2114792 |                       |            |                      |
+-------------------------------------------------------------------------+----------------------------------------------------------------------+-----------------------------------+-----------+--------------------+---------+-----------------------+------------+----------------------+
| StreamingDataflowPartition_1_DuplicateStreams_hls_2_0                   | IP definition not found                                              | Upgrade parent IP                 | Change    | p1_DuplicateStream | 1.0     | N/A                   | Included   | xczu7ev-ffvc1156-2-e |
|                                                                         |                                                                      |                                   | Log not   |                    | (Rev.   |                       |            |                      |
|                                                                         |                                                                      |                                   | available |                    | 2114792 |                       |            |                      |
+-------------------------------------------------------------------------+----------------------------------------------------------------------+-----------------------------------+-----------+--------------------+---------+-----------------------+------------+----------------------+
| StreamingDataflowPartition_1_DuplicateStreams_hls_3_0                   | IP definition not found                                              | Upgrade parent IP                 | Change    | p1_DuplicateStream | 1.0     | N/A                   | Included   | xczu7ev-ffvc1156-2-e |
|                                                                         |                                                                      |                                   | Log not   |                    | (Rev.   |                       |            |                      |
|                                                                         |                                                                      |                                   | available |                    | 2114792 |                       |            |                      |
+-------------------------------------------------------------------------+----------------------------------------------------------------------+-----------------------------------+-----------+--------------------+---------+-----------------------+------------+----------------------+
| StreamingDataflowPartition_1_DuplicateStreams_hls_4_0                   | IP definition not found                                              | Upgrade parent IP                 | Change    | p1_DuplicateStream | 1.0     | N/A                   | Included   | xczu7ev-ffvc1156-2-e |
|                                                                         |                                                                      |                                   | Log not   |                    | (Rev.   |                       |            |                      |
|                                                                         |                                                                      |                                   | available |                    | 2114792 |                       |            |                      |
+-------------------------------------------------------------------------+----------------------------------------------------------------------+-----------------------------------+-----------+--------------------+---------+-----------------------+------------+----------------------+
| StreamingDataflowPartition_1_DuplicateStreams_hls_5_0                   | IP definition not found                                              | Upgrade parent IP                 | Change    | p1_DuplicateStream | 1.0     | N/A                   | Included   | xczu7ev-ffvc1156-2-e |
|                                                                         |                                                                      |                                   | Log not   |                    | (Rev.   |                       |            |                      |
|                                                                         |                                                                      |                                   | available |                    | 2114792 |                       |            |                      |
+-------------------------------------------------------------------------+----------------------------------------------------------------------+-----------------------------------+-----------+--------------------+---------+-----------------------+------------+----------------------+
| StreamingDataflowPartition_1_MVAU_rtl_0_wstrm_0                         | Up-to-date                                                           | No changes required               | Change    | memstream          | 1.0     | 1.0 (Rev. 5)          | Included   | xczu7ev-ffvc1156-2-e |
|                                                                         |                                                                      |                                   | Log not   |                    | (Rev.   |                       |            |                      |
|                                                                         |                                                                      |                                   | available |                    | 5)      |                       |            |                      |
+-------------------------------------------------------------------------+----------------------------------------------------------------------+-----------------------------------+-----------+--------------------+---------+-----------------------+------------+----------------------+
| StreamingDataflowPartition_1_MVAU_rtl_10_wstrm_0                        | Up-to-date                                                           | No changes required               | Change    | memstream          | 1.0     | 1.0 (Rev. 5)          | Included   | xczu7ev-ffvc1156-2-e |
|                                                                         |                                                                      |                                   | Log not   |                    | (Rev.   |                       |            |                      |
|                                                                         |                                                                      |                                   | available |                    | 5)      |                       |            |                      |
+-------------------------------------------------------------------------+----------------------------------------------------------------------+-----------------------------------+-----------+--------------------+---------+-----------------------+------------+----------------------+
| StreamingDataflowPartition_1_MVAU_rtl_11_wstrm_0                        | Up-to-date                                                           | No changes required               | Change    | memstream          | 1.0     | 1.0 (Rev. 5)          | Included   | xczu7ev-ffvc1156-2-e |
|                                                                         |                                                                      |                                   | Log not   |                    | (Rev.   |                       |            |                      |
|                                                                         |                                                                      |                                   | available |                    | 5)      |                       |            |                      |
+-------------------------------------------------------------------------+----------------------------------------------------------------------+-----------------------------------+-----------+--------------------+---------+-----------------------+------------+----------------------+
| StreamingDataflowPartition_1_MVAU_rtl_12_wstrm_0                        | Up-to-date                                                           | No changes required               | Change    | memstream          | 1.0     | 1.0 (Rev. 5)          | Included   | xczu7ev-ffvc1156-2-e |
|                                                                         |                                                                      |                                   | Log not   |                    | (Rev.   |                       |            |                      |
|                                                                         |                                                                      |                                   | available |                    | 5)      |                       |            |                      |
+-------------------------------------------------------------------------+----------------------------------------------------------------------+-----------------------------------+-----------+--------------------+---------+-----------------------+------------+----------------------+
| StreamingDataflowPartition_1_MVAU_rtl_13_wstrm_0                        | Up-to-date                                                           | No changes required               | Change    | memstream          | 1.0     | 1.0 (Rev. 5)          | Included   | xczu7ev-ffvc1156-2-e |
|                                                                         |                                                                      |                                   | Log not   |                    | (Rev.   |                       |            |                      |
|                                                                         |                                                                      |                                   | available |                    | 5)      |                       |            |                      |
+-------------------------------------------------------------------------+----------------------------------------------------------------------+-----------------------------------+-----------+--------------------+---------+-----------------------+------------+----------------------+
| StreamingDataflowPartition_1_MVAU_rtl_14_wstrm_0                        | Up-to-date                                                           | No changes required               | Change    | memstream          | 1.0     | 1.0 (Rev. 5)          | Included   | xczu7ev-ffvc1156-2-e |
|                                                                         |                                                                      |                                   | Log not   |                    | (Rev.   |                       |            |                      |
|                                                                         |                                                                      |                                   | available |                    | 5)      |                       |            |                      |
+-------------------------------------------------------------------------+----------------------------------------------------------------------+-----------------------------------+-----------+--------------------+---------+-----------------------+------------+----------------------+
| StreamingDataflowPartition_1_MVAU_rtl_15_wstrm_0                        | Up-to-date                                                           | No changes required               | Change    | memstream          | 1.0     | 1.0 (Rev. 5)          | Included   | xczu7ev-ffvc1156-2-e |
|                                                                         |                                                                      |                                   | Log not   |                    | (Rev.   |                       |            |                      |
|                                                                         |                                                                      |                                   | available |                    | 5)      |                       |            |                      |
+-------------------------------------------------------------------------+----------------------------------------------------------------------+-----------------------------------+-----------+--------------------+---------+-----------------------+------------+----------------------+
| StreamingDataflowPartition_1_MVAU_rtl_16_wstrm_0                        | Up-to-date                                                           | No changes required               | Change    | memstream          | 1.0     | 1.0 (Rev. 5)          | Included   | xczu7ev-ffvc1156-2-e |
|                                                                         |                                                                      |                                   | Log not   |                    | (Rev.   |                       |            |                      |
|                                                                         |                                                                      |                                   | available |                    | 5)      |                       |            |                      |
+-------------------------------------------------------------------------+----------------------------------------------------------------------+-----------------------------------+-----------+--------------------+---------+-----------------------+------------+----------------------+
| StreamingDataflowPartition_1_MVAU_rtl_17_wstrm_0                        | Up-to-date                                                           | No changes required               | Change    | memstream          | 1.0     | 1.0 (Rev. 5)          | Included   | xczu7ev-ffvc1156-2-e |
|                                                                         |                                                                      |                                   | Log not   |                    | (Rev.   |                       |            |                      |
|                                                                         |                                                                      |                                   | available |                    | 5)      |                       |            |                      |
+-------------------------------------------------------------------------+----------------------------------------------------------------------+-----------------------------------+-----------+--------------------+---------+-----------------------+------------+----------------------+
| StreamingDataflowPartition_1_MVAU_rtl_18_wstrm_0                        | Up-to-date                                                           | No changes required               | Change    | memstream          | 1.0     | 1.0 (Rev. 5)          | Included   | xczu7ev-ffvc1156-2-e |
|                                                                         |                                                                      |                                   | Log not   |                    | (Rev.   |                       |            |                      |
|                                                                         |                                                                      |                                   | available |                    | 5)      |                       |            |                      |
+-------------------------------------------------------------------------+----------------------------------------------------------------------+-----------------------------------+-----------+--------------------+---------+-----------------------+------------+----------------------+
| StreamingDataflowPartition_1_MVAU_rtl_19_wstrm_0                        | Up-to-date                                                           | No changes required               | Change    | memstream          | 1.0     | 1.0 (Rev. 5)          | Included   | xczu7ev-ffvc1156-2-e |
|                                                                         |                                                                      |                                   | Log not   |                    | (Rev.   |                       |            |                      |
|                                                                         |                                                                      |                                   | available |                    | 5)      |                       |            |                      |
+-------------------------------------------------------------------------+----------------------------------------------------------------------+-----------------------------------+-----------+--------------------+---------+-----------------------+------------+----------------------+
| StreamingDataflowPartition_1_MVAU_rtl_1_wstrm_0                         | Up-to-date                                                           | No changes required               | Change    | memstream          | 1.0     | 1.0 (Rev. 5)          | Included   | xczu7ev-ffvc1156-2-e |
|                                                                         |                                                                      |                                   | Log not   |                    | (Rev.   |                       |            |                      |
|                                                                         |                                                                      |                                   | available |                    | 5)      |                       |            |                      |
+-------------------------------------------------------------------------+----------------------------------------------------------------------+-----------------------------------+-----------+--------------------+---------+-----------------------+------------+----------------------+
| StreamingDataflowPartition_1_MVAU_rtl_2_wstrm_0                         | Up-to-date                                                           | No changes required               | Change    | memstream          | 1.0     | 1.0 (Rev. 5)          | Included   | xczu7ev-ffvc1156-2-e |
|                                                                         |                                                                      |                                   | Log not   |                    | (Rev.   |                       |            |                      |
|                                                                         |                                                                      |                                   | available |                    | 5)      |                       |            |                      |
+-------------------------------------------------------------------------+----------------------------------------------------------------------+-----------------------------------+-----------+--------------------+---------+-----------------------+------------+----------------------+
| StreamingDataflowPartition_1_MVAU_rtl_3_wstrm_0                         | Up-to-date                                                           | No changes required               | Change    | memstream          | 1.0     | 1.0 (Rev. 5)          | Included   | xczu7ev-ffvc1156-2-e |
|                                                                         |                                                                      |                                   | Log not   |                    | (Rev.   |                       |            |                      |
|                                                                         |                                                                      |                                   | available |                    | 5)      |                       |            |                      |
+-------------------------------------------------------------------------+----------------------------------------------------------------------+-----------------------------------+-----------+--------------------+---------+-----------------------+------------+----------------------+
| StreamingDataflowPartition_1_MVAU_rtl_4_wstrm_0                         | Up-to-date                                                           | No changes required               | Change    | memstream          | 1.0     | 1.0 (Rev. 5)          | Included   | xczu7ev-ffvc1156-2-e |
|                                                                         |                                                                      |                                   | Log not   |                    | (Rev.   |                       |            |                      |
|                                                                         |                                                                      |                                   | available |                    | 5)      |                       |            |                      |
+-------------------------------------------------------------------------+----------------------------------------------------------------------+-----------------------------------+-----------+--------------------+---------+-----------------------+------------+----------------------+
| StreamingDataflowPartition_1_MVAU_rtl_5_wstrm_0                         | Up-to-date                                                           | No changes required               | Change    | memstream          | 1.0     | 1.0 (Rev. 5)          | Included   | xczu7ev-ffvc1156-2-e |
|                                                                         |                                                                      |                                   | Log not   |                    | (Rev.   |                       |            |                      |
|                                                                         |                                                                      |                                   | available |                    | 5)      |                       |            |                      |
+-------------------------------------------------------------------------+----------------------------------------------------------------------+-----------------------------------+-----------+--------------------+---------+-----------------------+------------+----------------------+
| StreamingDataflowPartition_1_MVAU_rtl_6_wstrm_0                         | Up-to-date                                                           | No changes required               | Change    | memstream          | 1.0     | 1.0 (Rev. 5)          | Included   | xczu7ev-ffvc1156-2-e |
|                                                                         |                                                                      |                                   | Log not   |                    | (Rev.   |                       |            |                      |
|                                                                         |                                                                      |                                   | available |                    | 5)      |                       |            |                      |
+-------------------------------------------------------------------------+----------------------------------------------------------------------+-----------------------------------+-----------+--------------------+---------+-----------------------+------------+----------------------+
| StreamingDataflowPartition_1_MVAU_rtl_7_wstrm_0                         | Up-to-date                                                           | No changes required               | Change    | memstream          | 1.0     | 1.0 (Rev. 5)          | Included   | xczu7ev-ffvc1156-2-e |
|                                                                         |                                                                      |                                   | Log not   |                    | (Rev.   |                       |            |                      |
|                                                                         |                                                                      |                                   | available |                    | 5)      |                       |            |                      |
+-------------------------------------------------------------------------+----------------------------------------------------------------------+-----------------------------------+-----------+--------------------+---------+-----------------------+------------+----------------------+
| StreamingDataflowPartition_1_MVAU_rtl_8_wstrm_0                         | Up-to-date                                                           | No changes required               | Change    | memstream          | 1.0     | 1.0 (Rev. 5)          | Included   | xczu7ev-ffvc1156-2-e |
|                                                                         |                                                                      |                                   | Log not   |                    | (Rev.   |                       |            |                      |
|                                                                         |                                                                      |                                   | available |                    | 5)      |                       |            |                      |
+-------------------------------------------------------------------------+----------------------------------------------------------------------+-----------------------------------+-----------+--------------------+---------+-----------------------+------------+----------------------+
| StreamingDataflowPartition_1_MVAU_rtl_9_wstrm_0                         | Up-to-date                                                           | No changes required               | Change    | memstream          | 1.0     | 1.0 (Rev. 5)          | Included   | xczu7ev-ffvc1156-2-e |
|                                                                         |                                                                      |                                   | Log not   |                    | (Rev.   |                       |            |                      |
|                                                                         |                                                                      |                                   | available |                    | 5)      |                       |            |                      |
+-------------------------------------------------------------------------+----------------------------------------------------------------------+-----------------------------------+-----------+--------------------+---------+-----------------------+------------+----------------------+
| StreamingDataflowPartition_1_StreamingMaxPool_hls_0_0                   | IP definition not found                                              | Upgrade parent IP                 | Change    | p1_StreamingMaxPoo | 1.0     | N/A                   | Included   | xczu7ev-ffvc1156-2-e |
|                                                                         |                                                                      |                                   | Log not   |                    | (Rev.   |                       |            |                      |
|                                                                         |                                                                      |                                   | available |                    | 2114792 |                       |            |                      |
+-------------------------------------------------------------------------+----------------------------------------------------------------------+-----------------------------------+-----------+--------------------+---------+-----------------------+------------+----------------------+
| StreamingDataflowPartition_1_StreamingMaxPool_hls_1_0                   | IP definition not found                                              | Upgrade parent IP                 | Change    | p1_StreamingMaxPoo | 1.0     | N/A                   | Included   | xczu7ev-ffvc1156-2-e |
|                                                                         |                                                                      |                                   | Log not   |                    | (Rev.   |                       |            |                      |
|                                                                         |                                                                      |                                   | available |                    | 2114792 |                       |            |                      |
+-------------------------------------------------------------------------+----------------------------------------------------------------------+-----------------------------------+-----------+--------------------+---------+-----------------------+------------+----------------------+
| StreamingDataflowPartition_1_fifo_0                                     | Up-to-date                                                           | No changes required               |  *(10)    | AXI4-Stream Data   | 2.0     | 2.0 (Rev. 9)          | Included   | xczu7ev-ffvc1156-2-e |
|                                                                         |                                                                      |                                   |           | FIFO               | (Rev.   |                       |            |                      |
|                                                                         |                                                                      |                                   |           |                    | 9)      |                       |            |                      |
+-------------------------------------------------------------------------+----------------------------------------------------------------------+-----------------------------------+-----------+--------------------+---------+-----------------------+------------+----------------------+
| StreamingDataflowPartition_1_fifo_1                                     | Up-to-date                                                           | No changes required               |  *(11)    | AXI4-Stream Data   | 2.0     | 2.0 (Rev. 9)          | Included   | xczu7ev-ffvc1156-2-e |
|                                                                         |                                                                      |                                   |           | FIFO               | (Rev.   |                       |            |                      |
|                                                                         |                                                                      |                                   |           |                    | 9)      |                       |            |                      |
+-------------------------------------------------------------------------+----------------------------------------------------------------------+-----------------------------------+-----------+--------------------+---------+-----------------------+------------+----------------------+
| StreamingDataflowPartition_1_fifo_2                                     | Up-to-date                                                           | No changes required               |  *(12)    | AXI4-Stream Data   | 2.0     | 2.0 (Rev. 9)          | Included   | xczu7ev-ffvc1156-2-e |
|                                                                         |                                                                      |                                   |           | FIFO               | (Rev.   |                       |            |                      |
|                                                                         |                                                                      |                                   |           |                    | 9)      |                       |            |                      |
+-------------------------------------------------------------------------+----------------------------------------------------------------------+-----------------------------------+-----------+--------------------+---------+-----------------------+------------+----------------------+
| StreamingDataflowPartition_1_fifo_3                                     | Up-to-date                                                           | No changes required               |  *(13)    | AXI4-Stream Data   | 2.0     | 2.0 (Rev. 9)          | Included   | xczu7ev-ffvc1156-2-e |
|                                                                         |                                                                      |                                   |           | FIFO               | (Rev.   |                       |            |                      |
|                                                                         |                                                                      |                                   |           |                    | 9)      |                       |            |                      |
+-------------------------------------------------------------------------+----------------------------------------------------------------------+-----------------------------------+-----------+--------------------+---------+-----------------------+------------+----------------------+
| StreamingDataflowPartition_1_fifo_4                                     | Up-to-date                                                           | No changes required               |  *(14)    | AXI4-Stream Data   | 2.0     | 2.0 (Rev. 9)          | Included   | xczu7ev-ffvc1156-2-e |
|                                                                         |                                                                      |                                   |           | FIFO               | (Rev.   |                       |            |                      |
|                                                                         |                                                                      |                                   |           |                    | 9)      |                       |            |                      |
+-------------------------------------------------------------------------+----------------------------------------------------------------------+-----------------------------------+-----------+--------------------+---------+-----------------------+------------+----------------------+
| StreamingDataflowPartition_1_fifo_5                                     | Up-to-date                                                           | No changes required               |  *(15)    | AXI4-Stream Data   | 2.0     | 2.0 (Rev. 9)          | Included   | xczu7ev-ffvc1156-2-e |
|                                                                         |                                                                      |                                   |           | FIFO               | (Rev.   |                       |            |                      |
|                                                                         |                                                                      |                                   |           |                    | 9)      |                       |            |                      |
+-------------------------------------------------------------------------+----------------------------------------------------------------------+-----------------------------------+-----------+--------------------+---------+-----------------------+------------+----------------------+
| StreamingDataflowPartition_1_fifo_6                                     | Up-to-date                                                           | No changes required               |  *(16)    | AXI4-Stream Data   | 2.0     | 2.0 (Rev. 9)          | Included   | xczu7ev-ffvc1156-2-e |
|                                                                         |                                                                      |                                   |           | FIFO               | (Rev.   |                       |            |                      |
|                                                                         |                                                                      |                                   |           |                    | 9)      |                       |            |                      |
+-------------------------------------------------------------------------+----------------------------------------------------------------------+-----------------------------------+-----------+--------------------+---------+-----------------------+------------+----------------------+
| StreamingDataflowPartition_2_AddStreams_hls_0_0                         | IP definition not found                                              | Upgrade parent IP                 | Change    | p2_AddStreams_hls_ | 1.0     | N/A                   | Included   | xczu7ev-ffvc1156-2-e |
|                                                                         |                                                                      |                                   | Log not   |                    | (Rev.   |                       |            |                      |
|                                                                         |                                                                      |                                   | available |                    | 2114792 |                       |            |                      |
+-------------------------------------------------------------------------+----------------------------------------------------------------------+-----------------------------------+-----------+--------------------+---------+-----------------------+------------+----------------------+
| StreamingDataflowPartition_2_AddStreams_hls_1_0                         | IP definition not found                                              | Upgrade parent IP                 | Change    | p2_AddStreams_hls_ | 1.0     | N/A                   | Included   | xczu7ev-ffvc1156-2-e |
|                                                                         |                                                                      |                                   | Log not   |                    | (Rev.   |                       |            |                      |
|                                                                         |                                                                      |                                   | available |                    | 2114792 |                       |            |                      |
+-------------------------------------------------------------------------+----------------------------------------------------------------------+-----------------------------------+-----------+--------------------+---------+-----------------------+------------+----------------------+
| StreamingDataflowPartition_2_AddStreams_hls_2_0                         | IP definition not found                                              | Upgrade parent IP                 | Change    | p2_AddStreams_hls_ | 1.0     | N/A                   | Included   | xczu7ev-ffvc1156-2-e |
|                                                                         |                                                                      |                                   | Log not   |                    | (Rev.   |                       |            |                      |
|                                                                         |                                                                      |                                   | available |                    | 2114792 |                       |            |                      |
+-------------------------------------------------------------------------+----------------------------------------------------------------------+-----------------------------------+-----------+--------------------+---------+-----------------------+------------+----------------------+
| StreamingDataflowPartition_2_AddStreams_hls_3_0                         | IP definition not found                                              | Upgrade parent IP                 | Change    | p2_AddStreams_hls_ | 1.0     | N/A                   | Included   | xczu7ev-ffvc1156-2-e |
|                                                                         |                                                                      |                                   | Log not   |                    | (Rev.   |                       |            |                      |
|                                                                         |                                                                      |                                   | available |                    | 2114792 |                       |            |                      |
+-------------------------------------------------------------------------+----------------------------------------------------------------------+-----------------------------------+-----------+--------------------+---------+-----------------------+------------+----------------------+
| StreamingDataflowPartition_2_AddStreams_hls_4_0                         | IP definition not found                                              | Upgrade parent IP                 | Change    | p2_AddStreams_hls_ | 1.0     | N/A                   | Included   | xczu7ev-ffvc1156-2-e |
|                                                                         |                                                                      |                                   | Log not   |                    | (Rev.   |                       |            |                      |
|                                                                         |                                                                      |                                   | available |                    | 2114792 |                       |            |                      |
+-------------------------------------------------------------------------+----------------------------------------------------------------------+-----------------------------------+-----------+--------------------+---------+-----------------------+------------+----------------------+
| StreamingDataflowPartition_2_DuplicateStreams_hls_0_0                   | IP definition not found                                              | Upgrade parent IP                 | Change    | p2_DuplicateStream | 1.0     | N/A                   | Included   | xczu7ev-ffvc1156-2-e |
|                                                                         |                                                                      |                                   | Log not   |                    | (Rev.   |                       |            |                      |
|                                                                         |                                                                      |                                   | available |                    | 2114792 |                       |            |                      |
+-------------------------------------------------------------------------+----------------------------------------------------------------------+-----------------------------------+-----------+--------------------+---------+-----------------------+------------+----------------------+
| StreamingDataflowPartition_2_DuplicateStreams_hls_1_0                   | IP definition not found                                              | Upgrade parent IP                 | Change    | p2_DuplicateStream | 1.0     | N/A                   | Included   | xczu7ev-ffvc1156-2-e |
|                                                                         |                                                                      |                                   | Log not   |                    | (Rev.   |                       |            |                      |
|                                                                         |                                                                      |                                   | available |                    | 2114792 |                       |            |                      |
+-------------------------------------------------------------------------+----------------------------------------------------------------------+-----------------------------------+-----------+--------------------+---------+-----------------------+------------+----------------------+
| StreamingDataflowPartition_2_DuplicateStreams_hls_2_0                   | IP definition not found                                              | Upgrade parent IP                 | Change    | p2_DuplicateStream | 1.0     | N/A                   | Included   | xczu7ev-ffvc1156-2-e |
|                                                                         |                                                                      |                                   | Log not   |                    | (Rev.   |                       |            |                      |
|                                                                         |                                                                      |                                   | available |                    | 2114792 |                       |            |                      |
+-------------------------------------------------------------------------+----------------------------------------------------------------------+-----------------------------------+-----------+--------------------+---------+-----------------------+------------+----------------------+
| StreamingDataflowPartition_2_DuplicateStreams_hls_3_0                   | IP definition not found                                              | Upgrade parent IP                 | Change    | p2_DuplicateStream | 1.0     | N/A                   | Included   | xczu7ev-ffvc1156-2-e |
|                                                                         |                                                                      |                                   | Log not   |                    | (Rev.   |                       |            |                      |
|                                                                         |                                                                      |                                   | available |                    | 2114792 |                       |            |                      |
+-------------------------------------------------------------------------+----------------------------------------------------------------------+-----------------------------------+-----------+--------------------+---------+-----------------------+------------+----------------------+
| StreamingDataflowPartition_2_DuplicateStreams_hls_4_0                   | IP definition not found                                              | Upgrade parent IP                 | Change    | p2_DuplicateStream | 1.0     | N/A                   | Included   | xczu7ev-ffvc1156-2-e |
|                                                                         |                                                                      |                                   | Log not   |                    | (Rev.   |                       |            |                      |
|                                                                         |                                                                      |                                   | available |                    | 2114792 |                       |            |                      |
+-------------------------------------------------------------------------+----------------------------------------------------------------------+-----------------------------------+-----------+--------------------+---------+-----------------------+------------+----------------------+
| StreamingDataflowPartition_2_MVAU_rtl_0_wstrm_0                         | Up-to-date                                                           | No changes required               | Change    | memstream          | 1.0     | 1.0 (Rev. 5)          | Included   | xczu7ev-ffvc1156-2-e |
|                                                                         |                                                                      |                                   | Log not   |                    | (Rev.   |                       |            |                      |
|                                                                         |                                                                      |                                   | available |                    | 5)      |                       |            |                      |
+-------------------------------------------------------------------------+----------------------------------------------------------------------+-----------------------------------+-----------+--------------------+---------+-----------------------+------------+----------------------+
| StreamingDataflowPartition_2_MVAU_rtl_10_wstrm_0                        | Up-to-date                                                           | No changes required               | Change    | memstream          | 1.0     | 1.0 (Rev. 5)          | Included   | xczu7ev-ffvc1156-2-e |
|                                                                         |                                                                      |                                   | Log not   |                    | (Rev.   |                       |            |                      |
|                                                                         |                                                                      |                                   | available |                    | 5)      |                       |            |                      |
+-------------------------------------------------------------------------+----------------------------------------------------------------------+-----------------------------------+-----------+--------------------+---------+-----------------------+------------+----------------------+
| StreamingDataflowPartition_2_MVAU_rtl_11_wstrm_0                        | Up-to-date                                                           | No changes required               | Change    | memstream          | 1.0     | 1.0 (Rev. 5)          | Included   | xczu7ev-ffvc1156-2-e |
|                                                                         |                                                                      |                                   | Log not   |                    | (Rev.   |                       |            |                      |
|                                                                         |                                                                      |                                   | available |                    | 5)      |                       |            |                      |
+-------------------------------------------------------------------------+----------------------------------------------------------------------+-----------------------------------+-----------+--------------------+---------+-----------------------+------------+----------------------+
| StreamingDataflowPartition_2_MVAU_rtl_12_wstrm_0                        | Up-to-date                                                           | No changes required               | Change    | memstream          | 1.0     | 1.0 (Rev. 5)          | Included   | xczu7ev-ffvc1156-2-e |
|                                                                         |                                                                      |                                   | Log not   |                    | (Rev.   |                       |            |                      |
|                                                                         |                                                                      |                                   | available |                    | 5)      |                       |            |                      |
+-------------------------------------------------------------------------+----------------------------------------------------------------------+-----------------------------------+-----------+--------------------+---------+-----------------------+------------+----------------------+
| StreamingDataflowPartition_2_MVAU_rtl_13_wstrm_0                        | Up-to-date                                                           | No changes required               | Change    | memstream          | 1.0     | 1.0 (Rev. 5)          | Included   | xczu7ev-ffvc1156-2-e |
|                                                                         |                                                                      |                                   | Log not   |                    | (Rev.   |                       |            |                      |
|                                                                         |                                                                      |                                   | available |                    | 5)      |                       |            |                      |
+-------------------------------------------------------------------------+----------------------------------------------------------------------+-----------------------------------+-----------+--------------------+---------+-----------------------+------------+----------------------+
| StreamingDataflowPartition_2_MVAU_rtl_14_wstrm_0                        | Up-to-date                                                           | No changes required               | Change    | memstream          | 1.0     | 1.0 (Rev. 5)          | Included   | xczu7ev-ffvc1156-2-e |
|                                                                         |                                                                      |                                   | Log not   |                    | (Rev.   |                       |            |                      |
|                                                                         |                                                                      |                                   | available |                    | 5)      |                       |            |                      |
+-------------------------------------------------------------------------+----------------------------------------------------------------------+-----------------------------------+-----------+--------------------+---------+-----------------------+------------+----------------------+
| StreamingDataflowPartition_2_MVAU_rtl_1_wstrm_0                         | Up-to-date                                                           | No changes required               | Change    | memstream          | 1.0     | 1.0 (Rev. 5)          | Included   | xczu7ev-ffvc1156-2-e |
|                                                                         |                                                                      |                                   | Log not   |                    | (Rev.   |                       |            |                      |
|                                                                         |                                                                      |                                   | available |                    | 5)      |                       |            |                      |
+-------------------------------------------------------------------------+----------------------------------------------------------------------+-----------------------------------+-----------+--------------------+---------+-----------------------+------------+----------------------+
| StreamingDataflowPartition_2_MVAU_rtl_2_wstrm_0                         | Up-to-date                                                           | No changes required               | Change    | memstream          | 1.0     | 1.0 (Rev. 5)          | Included   | xczu7ev-ffvc1156-2-e |
|                                                                         |                                                                      |                                   | Log not   |                    | (Rev.   |                       |            |                      |
|                                                                         |                                                                      |                                   | available |                    | 5)      |                       |            |                      |
+-------------------------------------------------------------------------+----------------------------------------------------------------------+-----------------------------------+-----------+--------------------+---------+-----------------------+------------+----------------------+
| StreamingDataflowPartition_2_MVAU_rtl_3_wstrm_0                         | Up-to-date                                                           | No changes required               | Change    | memstream          | 1.0     | 1.0 (Rev. 5)          | Included   | xczu7ev-ffvc1156-2-e |
|                                                                         |                                                                      |                                   | Log not   |                    | (Rev.   |                       |            |                      |
|                                                                         |                                                                      |                                   | available |                    | 5)      |                       |            |                      |
+-------------------------------------------------------------------------+----------------------------------------------------------------------+-----------------------------------+-----------+--------------------+---------+-----------------------+------------+----------------------+
| StreamingDataflowPartition_2_MVAU_rtl_4_wstrm_0                         | Up-to-date                                                           | No changes required               | Change    | memstream          | 1.0     | 1.0 (Rev. 5)          | Included   | xczu7ev-ffvc1156-2-e |
|                                                                         |                                                                      |                                   | Log not   |                    | (Rev.   |                       |            |                      |
|                                                                         |                                                                      |                                   | available |                    | 5)      |                       |            |                      |
+-------------------------------------------------------------------------+----------------------------------------------------------------------+-----------------------------------+-----------+--------------------+---------+-----------------------+------------+----------------------+
| StreamingDataflowPartition_2_MVAU_rtl_5_wstrm_0                         | Up-to-date                                                           | No changes required               | Change    | memstream          | 1.0     | 1.0 (Rev. 5)          | Included   | xczu7ev-ffvc1156-2-e |
|                                                                         |                                                                      |                                   | Log not   |                    | (Rev.   |                       |            |                      |
|                                                                         |                                                                      |                                   | available |                    | 5)      |                       |            |                      |
+-------------------------------------------------------------------------+----------------------------------------------------------------------+-----------------------------------+-----------+--------------------+---------+-----------------------+------------+----------------------+
| StreamingDataflowPartition_2_MVAU_rtl_6_wstrm_0                         | Up-to-date                                                           | No changes required               | Change    | memstream          | 1.0     | 1.0 (Rev. 5)          | Included   | xczu7ev-ffvc1156-2-e |
|                                                                         |                                                                      |                                   | Log not   |                    | (Rev.   |                       |            |                      |
|                                                                         |                                                                      |                                   | available |                    | 5)      |                       |            |                      |
+-------------------------------------------------------------------------+----------------------------------------------------------------------+-----------------------------------+-----------+--------------------+---------+-----------------------+------------+----------------------+
| StreamingDataflowPartition_2_MVAU_rtl_7_wstrm_0                         | Up-to-date                                                           | No changes required               | Change    | memstream          | 1.0     | 1.0 (Rev. 5)          | Included   | xczu7ev-ffvc1156-2-e |
|                                                                         |                                                                      |                                   | Log not   |                    | (Rev.   |                       |            |                      |
|                                                                         |                                                                      |                                   | available |                    | 5)      |                       |            |                      |
+-------------------------------------------------------------------------+----------------------------------------------------------------------+-----------------------------------+-----------+--------------------+---------+-----------------------+------------+----------------------+
| StreamingDataflowPartition_2_MVAU_rtl_8_wstrm_0                         | Up-to-date                                                           | No changes required               | Change    | memstream          | 1.0     | 1.0 (Rev. 5)          | Included   | xczu7ev-ffvc1156-2-e |
|                                                                         |                                                                      |                                   | Log not   |                    | (Rev.   |                       |            |                      |
|                                                                         |                                                                      |                                   | available |                    | 5)      |                       |            |                      |
+-------------------------------------------------------------------------+----------------------------------------------------------------------+-----------------------------------+-----------+--------------------+---------+-----------------------+------------+----------------------+
| StreamingDataflowPartition_2_MVAU_rtl_9_wstrm_0                         | Up-to-date                                                           | No changes required               | Change    | memstream          | 1.0     | 1.0 (Rev. 5)          | Included   | xczu7ev-ffvc1156-2-e |
|                                                                         |                                                                      |                                   | Log not   |                    | (Rev.   |                       |            |                      |
|                                                                         |                                                                      |                                   | available |                    | 5)      |                       |            |                      |
+-------------------------------------------------------------------------+----------------------------------------------------------------------+-----------------------------------+-----------+--------------------+---------+-----------------------+------------+----------------------+
| StreamingDataflowPartition_2_StreamingDataflowPartition_2_IODMA_hls_0_0 | Up-to-date                                                           | No changes required               | Change    | Streamingdataflowp | 1.0     | 1.0 (Rev. 2114793288) | Included   | xczu7ev-ffvc1156-2-e |
|                                                                         |                                                                      |                                   | Log not   |                    | (Rev.   |                       |            |                      |
|                                                                         |                                                                      |                                   | available |                    | 2114793 |                       |            |                      |
+-------------------------------------------------------------------------+----------------------------------------------------------------------+-----------------------------------+-----------+--------------------+---------+-----------------------+------------+----------------------+
| StreamingDataflowPartition_2_fifo_0                                     | Up-to-date                                                           | No changes required               |  *(17)    | AXI4-Stream Data   | 2.0     | 2.0 (Rev. 9)          | Included   | xczu7ev-ffvc1156-2-e |
|                                                                         |                                                                      |                                   |           | FIFO               | (Rev.   |                       |            |                      |
|                                                                         |                                                                      |                                   |           |                    | 9)      |                       |            |                      |
+-------------------------------------------------------------------------+----------------------------------------------------------------------+-----------------------------------+-----------+--------------------+---------+-----------------------+------------+----------------------+
| StreamingDataflowPartition_2_fifo_1                                     | Up-to-date                                                           | No changes required               |  *(18)    | AXI4-Stream Data   | 2.0     | 2.0 (Rev. 9)          | Included   | xczu7ev-ffvc1156-2-e |
|                                                                         |                                                                      |                                   |           | FIFO               | (Rev.   |                       |            |                      |
|                                                                         |                                                                      |                                   |           |                    | 9)      |                       |            |                      |
+-------------------------------------------------------------------------+----------------------------------------------------------------------+-----------------------------------+-----------+--------------------+---------+-----------------------+------------+----------------------+
| StreamingDataflowPartition_2_fifo_10                                    | Up-to-date                                                           | No changes required               |  *(19)    | AXI4-Stream Data   | 2.0     | 2.0 (Rev. 9)          | Included   | xczu7ev-ffvc1156-2-e |
|                                                                         |                                                                      |                                   |           | FIFO               | (Rev.   |                       |            |                      |
|                                                                         |                                                                      |                                   |           |                    | 9)      |                       |            |                      |
+-------------------------------------------------------------------------+----------------------------------------------------------------------+-----------------------------------+-----------+--------------------+---------+-----------------------+------------+----------------------+
| StreamingDataflowPartition_2_fifo_11                                    | Up-to-date                                                           | No changes required               |  *(20)    | AXI4-Stream Data   | 2.0     | 2.0 (Rev. 9)          | Included   | xczu7ev-ffvc1156-2-e |
|                                                                         |                                                                      |                                   |           | FIFO               | (Rev.   |                       |            |                      |
|                                                                         |                                                                      |                                   |           |                    | 9)      |                       |            |                      |
+-------------------------------------------------------------------------+----------------------------------------------------------------------+-----------------------------------+-----------+--------------------+---------+-----------------------+------------+----------------------+
| StreamingDataflowPartition_2_fifo_12                                    | Up-to-date                                                           | No changes required               |  *(21)    | AXI4-Stream Data   | 2.0     | 2.0 (Rev. 9)          | Included   | xczu7ev-ffvc1156-2-e |
|                                                                         |                                                                      |                                   |           | FIFO               | (Rev.   |                       |            |                      |
|                                                                         |                                                                      |                                   |           |                    | 9)      |                       |            |                      |
+-------------------------------------------------------------------------+----------------------------------------------------------------------+-----------------------------------+-----------+--------------------+---------+-----------------------+------------+----------------------+
| StreamingDataflowPartition_2_fifo_13                                    | Up-to-date                                                           | No changes required               |  *(22)    | AXI4-Stream Data   | 2.0     | 2.0 (Rev. 9)          | Included   | xczu7ev-ffvc1156-2-e |
|                                                                         |                                                                      |                                   |           | FIFO               | (Rev.   |                       |            |                      |
|                                                                         |                                                                      |                                   |           |                    | 9)      |                       |            |                      |
+-------------------------------------------------------------------------+----------------------------------------------------------------------+-----------------------------------+-----------+--------------------+---------+-----------------------+------------+----------------------+
| StreamingDataflowPartition_2_fifo_2                                     | Up-to-date                                                           | No changes required               |  *(23)    | AXI4-Stream Data   | 2.0     | 2.0 (Rev. 9)          | Included   | xczu7ev-ffvc1156-2-e |
|                                                                         |                                                                      |                                   |           | FIFO               | (Rev.   |                       |            |                      |
|                                                                         |                                                                      |                                   |           |                    | 9)      |                       |            |                      |
+-------------------------------------------------------------------------+----------------------------------------------------------------------+-----------------------------------+-----------+--------------------+---------+-----------------------+------------+----------------------+
| StreamingDataflowPartition_2_fifo_3                                     | Up-to-date                                                           | No changes required               |  *(24)    | AXI4-Stream Data   | 2.0     | 2.0 (Rev. 9)          | Included   | xczu7ev-ffvc1156-2-e |
|                                                                         |                                                                      |                                   |           | FIFO               | (Rev.   |                       |            |                      |
|                                                                         |                                                                      |                                   |           |                    | 9)      |                       |            |                      |
+-------------------------------------------------------------------------+----------------------------------------------------------------------+-----------------------------------+-----------+--------------------+---------+-----------------------+------------+----------------------+
| StreamingDataflowPartition_2_fifo_4                                     | Up-to-date                                                           | No changes required               |  *(25)    | AXI4-Stream Data   | 2.0     | 2.0 (Rev. 9)          | Included   | xczu7ev-ffvc1156-2-e |
|                                                                         |                                                                      |                                   |           | FIFO               | (Rev.   |                       |            |                      |
|                                                                         |                                                                      |                                   |           |                    | 9)      |                       |            |                      |
+-------------------------------------------------------------------------+----------------------------------------------------------------------+-----------------------------------+-----------+--------------------+---------+-----------------------+------------+----------------------+
| StreamingDataflowPartition_2_fifo_5                                     | Up-to-date                                                           | No changes required               |  *(26)    | AXI4-Stream Data   | 2.0     | 2.0 (Rev. 9)          | Included   | xczu7ev-ffvc1156-2-e |
|                                                                         |                                                                      |                                   |           | FIFO               | (Rev.   |                       |            |                      |
|                                                                         |                                                                      |                                   |           |                    | 9)      |                       |            |                      |
+-------------------------------------------------------------------------+----------------------------------------------------------------------+-----------------------------------+-----------+--------------------+---------+-----------------------+------------+----------------------+
| StreamingDataflowPartition_2_fifo_6                                     | Up-to-date                                                           | No changes required               |  *(27)    | AXI4-Stream Data   | 2.0     | 2.0 (Rev. 9)          | Included   | xczu7ev-ffvc1156-2-e |
|                                                                         |                                                                      |                                   |           | FIFO               | (Rev.   |                       |            |                      |
|                                                                         |                                                                      |                                   |           |                    | 9)      |                       |            |                      |
+-------------------------------------------------------------------------+----------------------------------------------------------------------+-----------------------------------+-----------+--------------------+---------+-----------------------+------------+----------------------+
| StreamingDataflowPartition_2_fifo_7                                     | Up-to-date                                                           | No changes required               |  *(28)    | AXI4-Stream Data   | 2.0     | 2.0 (Rev. 9)          | Included   | xczu7ev-ffvc1156-2-e |
|                                                                         |                                                                      |                                   |           | FIFO               | (Rev.   |                       |            |                      |
|                                                                         |                                                                      |                                   |           |                    | 9)      |                       |            |                      |
+-------------------------------------------------------------------------+----------------------------------------------------------------------+-----------------------------------+-----------+--------------------+---------+-----------------------+------------+----------------------+
| StreamingDataflowPartition_2_fifo_8                                     | Up-to-date                                                           | No changes required               |  *(29)    | AXI4-Stream Data   | 2.0     | 2.0 (Rev. 9)          | Included   | xczu7ev-ffvc1156-2-e |
|                                                                         |                                                                      |                                   |           | FIFO               | (Rev.   |                       |            |                      |
|                                                                         |                                                                      |                                   |           |                    | 9)      |                       |            |                      |
+-------------------------------------------------------------------------+----------------------------------------------------------------------+-----------------------------------+-----------+--------------------+---------+-----------------------+------------+----------------------+
| StreamingDataflowPartition_2_fifo_9                                     | Up-to-date                                                           | No changes required               |  *(30)    | AXI4-Stream Data   | 2.0     | 2.0 (Rev. 9)          | Included   | xczu7ev-ffvc1156-2-e |
|                                                                         |                                                                      |                                   |           | FIFO               | (Rev.   |                       |            |                      |
|                                                                         |                                                                      |                                   |           |                    | 9)      |                       |            |                      |
+-------------------------------------------------------------------------+----------------------------------------------------------------------+-----------------------------------+-----------+--------------------+---------+-----------------------+------------+----------------------+
| StreamingDataflowPartition_3_AddStreams_hls_0_0                         | IP definition not found                                              | Upgrade parent IP                 | Change    | p3_AddStreams_hls_ | 1.0     | N/A                   | Included   | xczu7ev-ffvc1156-2-e |
|                                                                         |                                                                      |                                   | Log not   |                    | (Rev.   |                       |            |                      |
|                                                                         |                                                                      |                                   | available |                    | 2114792 |                       |            |                      |
+-------------------------------------------------------------------------+----------------------------------------------------------------------+-----------------------------------+-----------+--------------------+---------+-----------------------+------------+----------------------+
| StreamingDataflowPartition_3_AddStreams_hls_1_0                         | IP definition not found                                              | Upgrade parent IP                 | Change    | p3_AddStreams_hls_ | 1.0     | N/A                   | Included   | xczu7ev-ffvc1156-2-e |
|                                                                         |                                                                      |                                   | Log not   |                    | (Rev.   |                       |            |                      |
|                                                                         |                                                                      |                                   | available |                    | 2114792 |                       |            |                      |
+-------------------------------------------------------------------------+----------------------------------------------------------------------+-----------------------------------+-----------+--------------------+---------+-----------------------+------------+----------------------+
| StreamingDataflowPartition_3_AddStreams_hls_2_0                         | IP definition not found                                              | Upgrade parent IP                 | Change    | p3_AddStreams_hls_ | 1.0     | N/A                   | Included   | xczu7ev-ffvc1156-2-e |
|                                                                         |                                                                      |                                   | Log not   |                    | (Rev.   |                       |            |                      |
|                                                                         |                                                                      |                                   | available |                    | 2114792 |                       |            |                      |
+-------------------------------------------------------------------------+----------------------------------------------------------------------+-----------------------------------+-----------+--------------------+---------+-----------------------+------------+----------------------+
| StreamingDataflowPartition_3_AddStreams_hls_3_0                         | IP definition not found                                              | Upgrade parent IP                 | Change    | p3_AddStreams_hls_ | 1.0     | N/A                   | Included   | xczu7ev-ffvc1156-2-e |
|                                                                         |                                                                      |                                   | Log not   |                    | (Rev.   |                       |            |                      |
|                                                                         |                                                                      |                                   | available |                    | 2114792 |                       |            |                      |
+-------------------------------------------------------------------------+----------------------------------------------------------------------+-----------------------------------+-----------+--------------------+---------+-----------------------+------------+----------------------+
| StreamingDataflowPartition_3_DuplicateStreams_hls_0_0                   | IP definition not found                                              | Upgrade parent IP                 | Change    | p3_DuplicateStream | 1.0     | N/A                   | Included   | xczu7ev-ffvc1156-2-e |
|                                                                         |                                                                      |                                   | Log not   |                    | (Rev.   |                       |            |                      |
|                                                                         |                                                                      |                                   | available |                    | 2114792 |                       |            |                      |
+-------------------------------------------------------------------------+----------------------------------------------------------------------+-----------------------------------+-----------+--------------------+---------+-----------------------+------------+----------------------+
| StreamingDataflowPartition_3_DuplicateStreams_hls_1_0                   | IP definition not found                                              | Upgrade parent IP                 | Change    | p3_DuplicateStream | 1.0     | N/A                   | Included   | xczu7ev-ffvc1156-2-e |
|                                                                         |                                                                      |                                   | Log not   |                    | (Rev.   |                       |            |                      |
|                                                                         |                                                                      |                                   | available |                    | 2114792 |                       |            |                      |
+-------------------------------------------------------------------------+----------------------------------------------------------------------+-----------------------------------+-----------+--------------------+---------+-----------------------+------------+----------------------+
| StreamingDataflowPartition_3_DuplicateStreams_hls_2_0                   | IP definition not found                                              | Upgrade parent IP                 | Change    | p3_DuplicateStream | 1.0     | N/A                   | Included   | xczu7ev-ffvc1156-2-e |
|                                                                         |                                                                      |                                   | Log not   |                    | (Rev.   |                       |            |                      |
|                                                                         |                                                                      |                                   | available |                    | 2114792 |                       |            |                      |
+-------------------------------------------------------------------------+----------------------------------------------------------------------+-----------------------------------+-----------+--------------------+---------+-----------------------+------------+----------------------+
| StreamingDataflowPartition_3_DuplicateStreams_hls_3_0                   | IP definition not found                                              | Upgrade parent IP                 | Change    | p3_DuplicateStream | 1.0     | N/A                   | Included   | xczu7ev-ffvc1156-2-e |
|                                                                         |                                                                      |                                   | Log not   |                    | (Rev.   |                       |            |                      |
|                                                                         |                                                                      |                                   | available |                    | 2114792 |                       |            |                      |
+-------------------------------------------------------------------------+----------------------------------------------------------------------+-----------------------------------+-----------+--------------------+---------+-----------------------+------------+----------------------+
| StreamingDataflowPartition_3_MVAU_rtl_0_wstrm_0                         | Up-to-date                                                           | No changes required               | Change    | memstream          | 1.0     | 1.0 (Rev. 5)          | Included   | xczu7ev-ffvc1156-2-e |
|                                                                         |                                                                      |                                   | Log not   |                    | (Rev.   |                       |            |                      |
|                                                                         |                                                                      |                                   | available |                    | 5)      |                       |            |                      |
+-------------------------------------------------------------------------+----------------------------------------------------------------------+-----------------------------------+-----------+--------------------+---------+-----------------------+------------+----------------------+
| StreamingDataflowPartition_3_MVAU_rtl_10_wstrm_0                        | Up-to-date                                                           | No changes required               | Change    | memstream          | 1.0     | 1.0 (Rev. 5)          | Included   | xczu7ev-ffvc1156-2-e |
|                                                                         |                                                                      |                                   | Log not   |                    | (Rev.   |                       |            |                      |
|                                                                         |                                                                      |                                   | available |                    | 5)      |                       |            |                      |
+-------------------------------------------------------------------------+----------------------------------------------------------------------+-----------------------------------+-----------+--------------------+---------+-----------------------+------------+----------------------+
| StreamingDataflowPartition_3_MVAU_rtl_11_wstrm_0                        | Up-to-date                                                           | No changes required               | Change    | memstream          | 1.0     | 1.0 (Rev. 5)          | Included   | xczu7ev-ffvc1156-2-e |
|                                                                         |                                                                      |                                   | Log not   |                    | (Rev.   |                       |            |                      |
|                                                                         |                                                                      |                                   | available |                    | 5)      |                       |            |                      |
+-------------------------------------------------------------------------+----------------------------------------------------------------------+-----------------------------------+-----------+--------------------+---------+-----------------------+------------+----------------------+
| StreamingDataflowPartition_3_MVAU_rtl_1_wstrm_0                         | Up-to-date                                                           | No changes required               | Change    | memstream          | 1.0     | 1.0 (Rev. 5)          | Included   | xczu7ev-ffvc1156-2-e |
|                                                                         |                                                                      |                                   | Log not   |                    | (Rev.   |                       |            |                      |
|                                                                         |                                                                      |                                   | available |                    | 5)      |                       |            |                      |
+-------------------------------------------------------------------------+----------------------------------------------------------------------+-----------------------------------+-----------+--------------------+---------+-----------------------+------------+----------------------+
| StreamingDataflowPartition_3_MVAU_rtl_2_wstrm_0                         | Up-to-date                                                           | No changes required               | Change    | memstream          | 1.0     | 1.0 (Rev. 5)          | Included   | xczu7ev-ffvc1156-2-e |
|                                                                         |                                                                      |                                   | Log not   |                    | (Rev.   |                       |            |                      |
|                                                                         |                                                                      |                                   | available |                    | 5)      |                       |            |                      |
+-------------------------------------------------------------------------+----------------------------------------------------------------------+-----------------------------------+-----------+--------------------+---------+-----------------------+------------+----------------------+
| StreamingDataflowPartition_3_MVAU_rtl_3_wstrm_0                         | Up-to-date                                                           | No changes required               | Change    | memstream          | 1.0     | 1.0 (Rev. 5)          | Included   | xczu7ev-ffvc1156-2-e |
|                                                                         |                                                                      |                                   | Log not   |                    | (Rev.   |                       |            |                      |
|                                                                         |                                                                      |                                   | available |                    | 5)      |                       |            |                      |
+-------------------------------------------------------------------------+----------------------------------------------------------------------+-----------------------------------+-----------+--------------------+---------+-----------------------+------------+----------------------+
| StreamingDataflowPartition_3_MVAU_rtl_4_wstrm_0                         | Up-to-date                                                           | No changes required               | Change    | memstream          | 1.0     | 1.0 (Rev. 5)          | Included   | xczu7ev-ffvc1156-2-e |
|                                                                         |                                                                      |                                   | Log not   |                    | (Rev.   |                       |            |                      |
|                                                                         |                                                                      |                                   | available |                    | 5)      |                       |            |                      |
+-------------------------------------------------------------------------+----------------------------------------------------------------------+-----------------------------------+-----------+--------------------+---------+-----------------------+------------+----------------------+
| StreamingDataflowPartition_3_MVAU_rtl_5_wstrm_0                         | Up-to-date                                                           | No changes required               | Change    | memstream          | 1.0     | 1.0 (Rev. 5)          | Included   | xczu7ev-ffvc1156-2-e |
|                                                                         |                                                                      |                                   | Log not   |                    | (Rev.   |                       |            |                      |
|                                                                         |                                                                      |                                   | available |                    | 5)      |                       |            |                      |
+-------------------------------------------------------------------------+----------------------------------------------------------------------+-----------------------------------+-----------+--------------------+---------+-----------------------+------------+----------------------+
| StreamingDataflowPartition_3_MVAU_rtl_6_wstrm_0                         | Up-to-date                                                           | No changes required               | Change    | memstream          | 1.0     | 1.0 (Rev. 5)          | Included   | xczu7ev-ffvc1156-2-e |
|                                                                         |                                                                      |                                   | Log not   |                    | (Rev.   |                       |            |                      |
|                                                                         |                                                                      |                                   | available |                    | 5)      |                       |            |                      |
+-------------------------------------------------------------------------+----------------------------------------------------------------------+-----------------------------------+-----------+--------------------+---------+-----------------------+------------+----------------------+
| StreamingDataflowPartition_3_MVAU_rtl_7_wstrm_0                         | Up-to-date                                                           | No changes required               | Change    | memstream          | 1.0     | 1.0 (Rev. 5)          | Included   | xczu7ev-ffvc1156-2-e |
|                                                                         |                                                                      |                                   | Log not   |                    | (Rev.   |                       |            |                      |
|                                                                         |                                                                      |                                   | available |                    | 5)      |                       |            |                      |
+-------------------------------------------------------------------------+----------------------------------------------------------------------+-----------------------------------+-----------+--------------------+---------+-----------------------+------------+----------------------+
| StreamingDataflowPartition_3_MVAU_rtl_8_wstrm_0                         | Up-to-date                                                           | No changes required               | Change    | memstream          | 1.0     | 1.0 (Rev. 5)          | Included   | xczu7ev-ffvc1156-2-e |
|                                                                         |                                                                      |                                   | Log not   |                    | (Rev.   |                       |            |                      |
|                                                                         |                                                                      |                                   | available |                    | 5)      |                       |            |                      |
+-------------------------------------------------------------------------+----------------------------------------------------------------------+-----------------------------------+-----------+--------------------+---------+-----------------------+------------+----------------------+
| StreamingDataflowPartition_3_MVAU_rtl_9_wstrm_0                         | Up-to-date                                                           | No changes required               | Change    | memstream          | 1.0     | 1.0 (Rev. 5)          | Included   | xczu7ev-ffvc1156-2-e |
|                                                                         |                                                                      |                                   | Log not   |                    | (Rev.   |                       |            |                      |
|                                                                         |                                                                      |                                   | available |                    | 5)      |                       |            |                      |
+-------------------------------------------------------------------------+----------------------------------------------------------------------+-----------------------------------+-----------+--------------------+---------+-----------------------+------------+----------------------+
| StreamingDataflowPartition_3_fifo_0                                     | Up-to-date                                                           | No changes required               |  *(31)    | AXI4-Stream Data   | 2.0     | 2.0 (Rev. 9)          | Included   | xczu7ev-ffvc1156-2-e |
|                                                                         |                                                                      |                                   |           | FIFO               | (Rev.   |                       |            |                      |
|                                                                         |                                                                      |                                   |           |                    | 9)      |                       |            |                      |
+-------------------------------------------------------------------------+----------------------------------------------------------------------+-----------------------------------+-----------+--------------------+---------+-----------------------+------------+----------------------+
| StreamingDataflowPartition_3_fifo_1                                     | Up-to-date                                                           | No changes required               |  *(32)    | AXI4-Stream Data   | 2.0     | 2.0 (Rev. 9)          | Included   | xczu7ev-ffvc1156-2-e |
|                                                                         |                                                                      |                                   |           | FIFO               | (Rev.   |                       |            |                      |
|                                                                         |                                                                      |                                   |           |                    | 9)      |                       |            |                      |
+-------------------------------------------------------------------------+----------------------------------------------------------------------+-----------------------------------+-----------+--------------------+---------+-----------------------+------------+----------------------+
| StreamingDataflowPartition_3_fifo_10                                    | Up-to-date                                                           | No changes required               |  *(33)    | AXI4-Stream Data   | 2.0     | 2.0 (Rev. 9)          | Included   | xczu7ev-ffvc1156-2-e |
|                                                                         |                                                                      |                                   |           | FIFO               | (Rev.   |                       |            |                      |
|                                                                         |                                                                      |                                   |           |                    | 9)      |                       |            |                      |
+-------------------------------------------------------------------------+----------------------------------------------------------------------+-----------------------------------+-----------+--------------------+---------+-----------------------+------------+----------------------+
| StreamingDataflowPartition_3_fifo_11                                    | Up-to-date                                                           | No changes required               |  *(34)    | AXI4-Stream Data   | 2.0     | 2.0 (Rev. 9)          | Included   | xczu7ev-ffvc1156-2-e |
|                                                                         |                                                                      |                                   |           | FIFO               | (Rev.   |                       |            |                      |
|                                                                         |                                                                      |                                   |           |                    | 9)      |                       |            |                      |
+-------------------------------------------------------------------------+----------------------------------------------------------------------+-----------------------------------+-----------+--------------------+---------+-----------------------+------------+----------------------+
| StreamingDataflowPartition_3_fifo_2                                     | Up-to-date                                                           | No changes required               |  *(35)    | AXI4-Stream Data   | 2.0     | 2.0 (Rev. 9)          | Included   | xczu7ev-ffvc1156-2-e |
|                                                                         |                                                                      |                                   |           | FIFO               | (Rev.   |                       |            |                      |
|                                                                         |                                                                      |                                   |           |                    | 9)      |                       |            |                      |
+-------------------------------------------------------------------------+----------------------------------------------------------------------+-----------------------------------+-----------+--------------------+---------+-----------------------+------------+----------------------+
| StreamingDataflowPartition_3_fifo_3                                     | Up-to-date                                                           | No changes required               |  *(36)    | AXI4-Stream Data   | 2.0     | 2.0 (Rev. 9)          | Included   | xczu7ev-ffvc1156-2-e |
|                                                                         |                                                                      |                                   |           | FIFO               | (Rev.   |                       |            |                      |
|                                                                         |                                                                      |                                   |           |                    | 9)      |                       |            |                      |
+-------------------------------------------------------------------------+----------------------------------------------------------------------+-----------------------------------+-----------+--------------------+---------+-----------------------+------------+----------------------+
| StreamingDataflowPartition_3_fifo_4                                     | Up-to-date                                                           | No changes required               |  *(37)    | AXI4-Stream Data   | 2.0     | 2.0 (Rev. 9)          | Included   | xczu7ev-ffvc1156-2-e |
|                                                                         |                                                                      |                                   |           | FIFO               | (Rev.   |                       |            |                      |
|                                                                         |                                                                      |                                   |           |                    | 9)      |                       |            |                      |
+-------------------------------------------------------------------------+----------------------------------------------------------------------+-----------------------------------+-----------+--------------------+---------+-----------------------+------------+----------------------+
| StreamingDataflowPartition_3_fifo_5                                     | Up-to-date                                                           | No changes required               |  *(38)    | AXI4-Stream Data   | 2.0     | 2.0 (Rev. 9)          | Included   | xczu7ev-ffvc1156-2-e |
|                                                                         |                                                                      |                                   |           | FIFO               | (Rev.   |                       |            |                      |
|                                                                         |                                                                      |                                   |           |                    | 9)      |                       |            |                      |
+-------------------------------------------------------------------------+----------------------------------------------------------------------+-----------------------------------+-----------+--------------------+---------+-----------------------+------------+----------------------+
| StreamingDataflowPartition_3_fifo_6                                     | Up-to-date                                                           | No changes required               |  *(39)    | AXI4-Stream Data   | 2.0     | 2.0 (Rev. 9)          | Included   | xczu7ev-ffvc1156-2-e |
|                                                                         |                                                                      |                                   |           | FIFO               | (Rev.   |                       |            |                      |
|                                                                         |                                                                      |                                   |           |                    | 9)      |                       |            |                      |
+-------------------------------------------------------------------------+----------------------------------------------------------------------+-----------------------------------+-----------+--------------------+---------+-----------------------+------------+----------------------+
| StreamingDataflowPartition_3_fifo_7                                     | Up-to-date                                                           | No changes required               |  *(40)    | AXI4-Stream Data   | 2.0     | 2.0 (Rev. 9)          | Included   | xczu7ev-ffvc1156-2-e |
|                                                                         |                                                                      |                                   |           | FIFO               | (Rev.   |                       |            |                      |
|                                                                         |                                                                      |                                   |           |                    | 9)      |                       |            |                      |
+-------------------------------------------------------------------------+----------------------------------------------------------------------+-----------------------------------+-----------+--------------------+---------+-----------------------+------------+----------------------+
| StreamingDataflowPartition_3_fifo_8                                     | Up-to-date                                                           | No changes required               |  *(41)    | AXI4-Stream Data   | 2.0     | 2.0 (Rev. 9)          | Included   | xczu7ev-ffvc1156-2-e |
|                                                                         |                                                                      |                                   |           | FIFO               | (Rev.   |                       |            |                      |
|                                                                         |                                                                      |                                   |           |                    | 9)      |                       |            |                      |
+-------------------------------------------------------------------------+----------------------------------------------------------------------+-----------------------------------+-----------+--------------------+---------+-----------------------+------------+----------------------+
| StreamingDataflowPartition_3_fifo_9                                     | Up-to-date                                                           | No changes required               |  *(42)    | AXI4-Stream Data   | 2.0     | 2.0 (Rev. 9)          | Included   | xczu7ev-ffvc1156-2-e |
|                                                                         |                                                                      |                                   |           | FIFO               | (Rev.   |                       |            |                      |
|                                                                         |                                                                      |                                   |           |                    | 9)      |                       |            |                      |
+-------------------------------------------------------------------------+----------------------------------------------------------------------+-----------------------------------+-----------+--------------------+---------+-----------------------+------------+----------------------+
| StreamingDataflowPartition_4_AddStreams_hls_0_0                         | IP definition not found                                              | Upgrade parent IP                 | Change    | p4_AddStreams_hls_ | 1.0     | N/A                   | Included   | xczu7ev-ffvc1156-2-e |
|                                                                         |                                                                      |                                   | Log not   |                    | (Rev.   |                       |            |                      |
|                                                                         |                                                                      |                                   | available |                    | 2114792 |                       |            |                      |
+-------------------------------------------------------------------------+----------------------------------------------------------------------+-----------------------------------+-----------+--------------------+---------+-----------------------+------------+----------------------+
| StreamingDataflowPartition_4_AddStreams_hls_1_0                         | IP definition not found                                              | Upgrade parent IP                 | Change    | p4_AddStreams_hls_ | 1.0     | N/A                   | Included   | xczu7ev-ffvc1156-2-e |
|                                                                         |                                                                      |                                   | Log not   |                    | (Rev.   |                       |            |                      |
|                                                                         |                                                                      |                                   | available |                    | 2114792 |                       |            |                      |
+-------------------------------------------------------------------------+----------------------------------------------------------------------+-----------------------------------+-----------+--------------------+---------+-----------------------+------------+----------------------+
| StreamingDataflowPartition_4_AddStreams_hls_2_0                         | IP definition not found                                              | Upgrade parent IP                 | Change    | p4_AddStreams_hls_ | 1.0     | N/A                   | Included   | xczu7ev-ffvc1156-2-e |
|                                                                         |                                                                      |                                   | Log not   |                    | (Rev.   |                       |            |                      |
|                                                                         |                                                                      |                                   | available |                    | 2114792 |                       |            |                      |
+-------------------------------------------------------------------------+----------------------------------------------------------------------+-----------------------------------+-----------+--------------------+---------+-----------------------+------------+----------------------+
| StreamingDataflowPartition_4_AddStreams_hls_3_0                         | IP definition not found                                              | Upgrade parent IP                 | Change    | p4_AddStreams_hls_ | 1.0     | N/A                   | Included   | xczu7ev-ffvc1156-2-e |
|                                                                         |                                                                      |                                   | Log not   |                    | (Rev.   |                       |            |                      |
|                                                                         |                                                                      |                                   | available |                    | 2114792 |                       |            |                      |
+-------------------------------------------------------------------------+----------------------------------------------------------------------+-----------------------------------+-----------+--------------------+---------+-----------------------+------------+----------------------+
| StreamingDataflowPartition_4_DuplicateStreams_hls_0_0                   | IP definition not found                                              | Upgrade parent IP                 | Change    | p4_DuplicateStream | 1.0     | N/A                   | Included   | xczu7ev-ffvc1156-2-e |
|                                                                         |                                                                      |                                   | Log not   |                    | (Rev.   |                       |            |                      |
|                                                                         |                                                                      |                                   | available |                    | 2114792 |                       |            |                      |
+-------------------------------------------------------------------------+----------------------------------------------------------------------+-----------------------------------+-----------+--------------------+---------+-----------------------+------------+----------------------+
| StreamingDataflowPartition_4_DuplicateStreams_hls_1_0                   | IP definition not found                                              | Upgrade parent IP                 | Change    | p4_DuplicateStream | 1.0     | N/A                   | Included   | xczu7ev-ffvc1156-2-e |
|                                                                         |                                                                      |                                   | Log not   |                    | (Rev.   |                       |            |                      |
|                                                                         |                                                                      |                                   | available |                    | 2114792 |                       |            |                      |
+-------------------------------------------------------------------------+----------------------------------------------------------------------+-----------------------------------+-----------+--------------------+---------+-----------------------+------------+----------------------+
| StreamingDataflowPartition_4_DuplicateStreams_hls_2_0                   | IP definition not found                                              | Upgrade parent IP                 | Change    | p4_DuplicateStream | 1.0     | N/A                   | Included   | xczu7ev-ffvc1156-2-e |
|                                                                         |                                                                      |                                   | Log not   |                    | (Rev.   |                       |            |                      |
|                                                                         |                                                                      |                                   | available |                    | 2114792 |                       |            |                      |
+-------------------------------------------------------------------------+----------------------------------------------------------------------+-----------------------------------+-----------+--------------------+---------+-----------------------+------------+----------------------+
| StreamingDataflowPartition_4_DuplicateStreams_hls_3_0                   | IP definition not found                                              | Upgrade parent IP                 | Change    | p4_DuplicateStream | 1.0     | N/A                   | Included   | xczu7ev-ffvc1156-2-e |
|                                                                         |                                                                      |                                   | Log not   |                    | (Rev.   |                       |            |                      |
|                                                                         |                                                                      |                                   | available |                    | 2114792 |                       |            |                      |
+-------------------------------------------------------------------------+----------------------------------------------------------------------+-----------------------------------+-----------+--------------------+---------+-----------------------+------------+----------------------+
| StreamingDataflowPartition_4_MVAU_rtl_0_wstrm_0                         | Up-to-date                                                           | No changes required               | Change    | memstream          | 1.0     | 1.0 (Rev. 5)          | Included   | xczu7ev-ffvc1156-2-e |
|                                                                         |                                                                      |                                   | Log not   |                    | (Rev.   |                       |            |                      |
|                                                                         |                                                                      |                                   | available |                    | 5)      |                       |            |                      |
+-------------------------------------------------------------------------+----------------------------------------------------------------------+-----------------------------------+-----------+--------------------+---------+-----------------------+------------+----------------------+
| StreamingDataflowPartition_4_MVAU_rtl_10_wstrm_0                        | Up-to-date                                                           | No changes required               | Change    | memstream          | 1.0     | 1.0 (Rev. 5)          | Included   | xczu7ev-ffvc1156-2-e |
|                                                                         |                                                                      |                                   | Log not   |                    | (Rev.   |                       |            |                      |
|                                                                         |                                                                      |                                   | available |                    | 5)      |                       |            |                      |
+-------------------------------------------------------------------------+----------------------------------------------------------------------+-----------------------------------+-----------+--------------------+---------+-----------------------+------------+----------------------+
| StreamingDataflowPartition_4_MVAU_rtl_11_wstrm_0                        | Up-to-date                                                           | No changes required               | Change    | memstream          | 1.0     | 1.0 (Rev. 5)          | Included   | xczu7ev-ffvc1156-2-e |
|                                                                         |                                                                      |                                   | Log not   |                    | (Rev.   |                       |            |                      |
|                                                                         |                                                                      |                                   | available |                    | 5)      |                       |            |                      |
+-------------------------------------------------------------------------+----------------------------------------------------------------------+-----------------------------------+-----------+--------------------+---------+-----------------------+------------+----------------------+
| StreamingDataflowPartition_4_MVAU_rtl_1_wstrm_0                         | Up-to-date                                                           | No changes required               | Change    | memstream          | 1.0     | 1.0 (Rev. 5)          | Included   | xczu7ev-ffvc1156-2-e |
|                                                                         |                                                                      |                                   | Log not   |                    | (Rev.   |                       |            |                      |
|                                                                         |                                                                      |                                   | available |                    | 5)      |                       |            |                      |
+-------------------------------------------------------------------------+----------------------------------------------------------------------+-----------------------------------+-----------+--------------------+---------+-----------------------+------------+----------------------+
| StreamingDataflowPartition_4_MVAU_rtl_2_wstrm_0                         | Up-to-date                                                           | No changes required               | Change    | memstream          | 1.0     | 1.0 (Rev. 5)          | Included   | xczu7ev-ffvc1156-2-e |
|                                                                         |                                                                      |                                   | Log not   |                    | (Rev.   |                       |            |                      |
|                                                                         |                                                                      |                                   | available |                    | 5)      |                       |            |                      |
+-------------------------------------------------------------------------+----------------------------------------------------------------------+-----------------------------------+-----------+--------------------+---------+-----------------------+------------+----------------------+
| StreamingDataflowPartition_4_MVAU_rtl_3_wstrm_0                         | Up-to-date                                                           | No changes required               | Change    | memstream          | 1.0     | 1.0 (Rev. 5)          | Included   | xczu7ev-ffvc1156-2-e |
|                                                                         |                                                                      |                                   | Log not   |                    | (Rev.   |                       |            |                      |
|                                                                         |                                                                      |                                   | available |                    | 5)      |                       |            |                      |
+-------------------------------------------------------------------------+----------------------------------------------------------------------+-----------------------------------+-----------+--------------------+---------+-----------------------+------------+----------------------+
| StreamingDataflowPartition_4_MVAU_rtl_4_wstrm_0                         | Up-to-date                                                           | No changes required               | Change    | memstream          | 1.0     | 1.0 (Rev. 5)          | Included   | xczu7ev-ffvc1156-2-e |
|                                                                         |                                                                      |                                   | Log not   |                    | (Rev.   |                       |            |                      |
|                                                                         |                                                                      |                                   | available |                    | 5)      |                       |            |                      |
+-------------------------------------------------------------------------+----------------------------------------------------------------------+-----------------------------------+-----------+--------------------+---------+-----------------------+------------+----------------------+
| StreamingDataflowPartition_4_MVAU_rtl_5_wstrm_0                         | Up-to-date                                                           | No changes required               | Change    | memstream          | 1.0     | 1.0 (Rev. 5)          | Included   | xczu7ev-ffvc1156-2-e |
|                                                                         |                                                                      |                                   | Log not   |                    | (Rev.   |                       |            |                      |
|                                                                         |                                                                      |                                   | available |                    | 5)      |                       |            |                      |
+-------------------------------------------------------------------------+----------------------------------------------------------------------+-----------------------------------+-----------+--------------------+---------+-----------------------+------------+----------------------+
| StreamingDataflowPartition_4_MVAU_rtl_6_wstrm_0                         | Up-to-date                                                           | No changes required               | Change    | memstream          | 1.0     | 1.0 (Rev. 5)          | Included   | xczu7ev-ffvc1156-2-e |
|                                                                         |                                                                      |                                   | Log not   |                    | (Rev.   |                       |            |                      |
|                                                                         |                                                                      |                                   | available |                    | 5)      |                       |            |                      |
+-------------------------------------------------------------------------+----------------------------------------------------------------------+-----------------------------------+-----------+--------------------+---------+-----------------------+------------+----------------------+
| StreamingDataflowPartition_4_MVAU_rtl_7_wstrm_0                         | Up-to-date                                                           | No changes required               | Change    | memstream          | 1.0     | 1.0 (Rev. 5)          | Included   | xczu7ev-ffvc1156-2-e |
|                                                                         |                                                                      |                                   | Log not   |                    | (Rev.   |                       |            |                      |
|                                                                         |                                                                      |                                   | available |                    | 5)      |                       |            |                      |
+-------------------------------------------------------------------------+----------------------------------------------------------------------+-----------------------------------+-----------+--------------------+---------+-----------------------+------------+----------------------+
| StreamingDataflowPartition_4_MVAU_rtl_8_wstrm_0                         | Up-to-date                                                           | No changes required               | Change    | memstream          | 1.0     | 1.0 (Rev. 5)          | Included   | xczu7ev-ffvc1156-2-e |
|                                                                         |                                                                      |                                   | Log not   |                    | (Rev.   |                       |            |                      |
|                                                                         |                                                                      |                                   | available |                    | 5)      |                       |            |                      |
+-------------------------------------------------------------------------+----------------------------------------------------------------------+-----------------------------------+-----------+--------------------+---------+-----------------------+------------+----------------------+
| StreamingDataflowPartition_4_MVAU_rtl_9_wstrm_0                         | Up-to-date                                                           | No changes required               | Change    | memstream          | 1.0     | 1.0 (Rev. 5)          | Included   | xczu7ev-ffvc1156-2-e |
|                                                                         |                                                                      |                                   | Log not   |                    | (Rev.   |                       |            |                      |
|                                                                         |                                                                      |                                   | available |                    | 5)      |                       |            |                      |
+-------------------------------------------------------------------------+----------------------------------------------------------------------+-----------------------------------+-----------+--------------------+---------+-----------------------+------------+----------------------+
| StreamingDataflowPartition_4_fifo_0                                     | Up-to-date                                                           | No changes required               |  *(43)    | AXI4-Stream Data   | 2.0     | 2.0 (Rev. 9)          | Included   | xczu7ev-ffvc1156-2-e |
|                                                                         |                                                                      |                                   |           | FIFO               | (Rev.   |                       |            |                      |
|                                                                         |                                                                      |                                   |           |                    | 9)      |                       |            |                      |
+-------------------------------------------------------------------------+----------------------------------------------------------------------+-----------------------------------+-----------+--------------------+---------+-----------------------+------------+----------------------+
| StreamingDataflowPartition_4_fifo_1                                     | Up-to-date                                                           | No changes required               |  *(44)    | AXI4-Stream Data   | 2.0     | 2.0 (Rev. 9)          | Included   | xczu7ev-ffvc1156-2-e |
|                                                                         |                                                                      |                                   |           | FIFO               | (Rev.   |                       |            |                      |
|                                                                         |                                                                      |                                   |           |                    | 9)      |                       |            |                      |
+-------------------------------------------------------------------------+----------------------------------------------------------------------+-----------------------------------+-----------+--------------------+---------+-----------------------+------------+----------------------+
| StreamingDataflowPartition_4_fifo_10                                    | Up-to-date                                                           | No changes required               |  *(45)    | AXI4-Stream Data   | 2.0     | 2.0 (Rev. 9)          | Included   | xczu7ev-ffvc1156-2-e |
|                                                                         |                                                                      |                                   |           | FIFO               | (Rev.   |                       |            |                      |
|                                                                         |                                                                      |                                   |           |                    | 9)      |                       |            |                      |
+-------------------------------------------------------------------------+----------------------------------------------------------------------+-----------------------------------+-----------+--------------------+---------+-----------------------+------------+----------------------+
| StreamingDataflowPartition_4_fifo_11                                    | Up-to-date                                                           | No changes required               |  *(46)    | AXI4-Stream Data   | 2.0     | 2.0 (Rev. 9)          | Included   | xczu7ev-ffvc1156-2-e |
|                                                                         |                                                                      |                                   |           | FIFO               | (Rev.   |                       |            |                      |
|                                                                         |                                                                      |                                   |           |                    | 9)      |                       |            |                      |
+-------------------------------------------------------------------------+----------------------------------------------------------------------+-----------------------------------+-----------+--------------------+---------+-----------------------+------------+----------------------+
| StreamingDataflowPartition_4_fifo_2                                     | Up-to-date                                                           | No changes required               |  *(47)    | AXI4-Stream Data   | 2.0     | 2.0 (Rev. 9)          | Included   | xczu7ev-ffvc1156-2-e |
|                                                                         |                                                                      |                                   |           | FIFO               | (Rev.   |                       |            |                      |
|                                                                         |                                                                      |                                   |           |                    | 9)      |                       |            |                      |
+-------------------------------------------------------------------------+----------------------------------------------------------------------+-----------------------------------+-----------+--------------------+---------+-----------------------+------------+----------------------+
| StreamingDataflowPartition_4_fifo_3                                     | Up-to-date                                                           | No changes required               |  *(48)    | AXI4-Stream Data   | 2.0     | 2.0 (Rev. 9)          | Included   | xczu7ev-ffvc1156-2-e |
|                                                                         |                                                                      |                                   |           | FIFO               | (Rev.   |                       |            |                      |
|                                                                         |                                                                      |                                   |           |                    | 9)      |                       |            |                      |
+-------------------------------------------------------------------------+----------------------------------------------------------------------+-----------------------------------+-----------+--------------------+---------+-----------------------+------------+----------------------+
| StreamingDataflowPartition_4_fifo_4                                     | Up-to-date                                                           | No changes required               |  *(49)    | AXI4-Stream Data   | 2.0     | 2.0 (Rev. 9)          | Included   | xczu7ev-ffvc1156-2-e |
|                                                                         |                                                                      |                                   |           | FIFO               | (Rev.   |                       |            |                      |
|                                                                         |                                                                      |                                   |           |                    | 9)      |                       |            |                      |
+-------------------------------------------------------------------------+----------------------------------------------------------------------+-----------------------------------+-----------+--------------------+---------+-----------------------+------------+----------------------+
| StreamingDataflowPartition_4_fifo_5                                     | Up-to-date                                                           | No changes required               |  *(50)    | AXI4-Stream Data   | 2.0     | 2.0 (Rev. 9)          | Included   | xczu7ev-ffvc1156-2-e |
|                                                                         |                                                                      |                                   |           | FIFO               | (Rev.   |                       |            |                      |
|                                                                         |                                                                      |                                   |           |                    | 9)      |                       |            |                      |
+-------------------------------------------------------------------------+----------------------------------------------------------------------+-----------------------------------+-----------+--------------------+---------+-----------------------+------------+----------------------+
| StreamingDataflowPartition_4_fifo_6                                     | Up-to-date                                                           | No changes required               |  *(51)    | AXI4-Stream Data   | 2.0     | 2.0 (Rev. 9)          | Included   | xczu7ev-ffvc1156-2-e |
|                                                                         |                                                                      |                                   |           | FIFO               | (Rev.   |                       |            |                      |
|                                                                         |                                                                      |                                   |           |                    | 9)      |                       |            |                      |
+-------------------------------------------------------------------------+----------------------------------------------------------------------+-----------------------------------+-----------+--------------------+---------+-----------------------+------------+----------------------+
| StreamingDataflowPartition_4_fifo_7                                     | Up-to-date                                                           | No changes required               |  *(52)    | AXI4-Stream Data   | 2.0     | 2.0 (Rev. 9)          | Included   | xczu7ev-ffvc1156-2-e |
|                                                                         |                                                                      |                                   |           | FIFO               | (Rev.   |                       |            |                      |
|                                                                         |                                                                      |                                   |           |                    | 9)      |                       |            |                      |
+-------------------------------------------------------------------------+----------------------------------------------------------------------+-----------------------------------+-----------+--------------------+---------+-----------------------+------------+----------------------+
| StreamingDataflowPartition_4_fifo_8                                     | Up-to-date                                                           | No changes required               |  *(53)    | AXI4-Stream Data   | 2.0     | 2.0 (Rev. 9)          | Included   | xczu7ev-ffvc1156-2-e |
|                                                                         |                                                                      |                                   |           | FIFO               | (Rev.   |                       |            |                      |
|                                                                         |                                                                      |                                   |           |                    | 9)      |                       |            |                      |
+-------------------------------------------------------------------------+----------------------------------------------------------------------+-----------------------------------+-----------+--------------------+---------+-----------------------+------------+----------------------+
| StreamingDataflowPartition_4_fifo_9                                     | Up-to-date                                                           | No changes required               |  *(54)    | AXI4-Stream Data   | 2.0     | 2.0 (Rev. 9)          | Included   | xczu7ev-ffvc1156-2-e |
|                                                                         |                                                                      |                                   |           | FIFO               | (Rev.   |                       |            |                      |
|                                                                         |                                                                      |                                   |           |                    | 9)      |                       |            |                      |
+-------------------------------------------------------------------------+----------------------------------------------------------------------+-----------------------------------+-----------+--------------------+---------+-----------------------+------------+----------------------+
| StreamingDataflowPartition_5_AddStreams_hls_0_0                         | IP definition not found                                              | Upgrade parent IP                 | Change    | p5_AddStreams_hls_ | 1.0     | N/A                   | Included   | xczu7ev-ffvc1156-2-e |
|                                                                         |                                                                      |                                   | Log not   |                    | (Rev.   |                       |            |                      |
|                                                                         |                                                                      |                                   | available |                    | 2114792 |                       |            |                      |
+-------------------------------------------------------------------------+----------------------------------------------------------------------+-----------------------------------+-----------+--------------------+---------+-----------------------+------------+----------------------+
| StreamingDataflowPartition_5_AddStreams_hls_1_0                         | IP definition not found                                              | Upgrade parent IP                 | Change    | p5_AddStreams_hls_ | 1.0     | N/A                   | Included   | xczu7ev-ffvc1156-2-e |
|                                                                         |                                                                      |                                   | Log not   |                    | (Rev.   |                       |            |                      |
|                                                                         |                                                                      |                                   | available |                    | 2114792 |                       |            |                      |
+-------------------------------------------------------------------------+----------------------------------------------------------------------+-----------------------------------+-----------+--------------------+---------+-----------------------+------------+----------------------+
| StreamingDataflowPartition_5_AddStreams_hls_2_0                         | IP definition not found                                              | Upgrade parent IP                 | Change    | p5_AddStreams_hls_ | 1.0     | N/A                   | Included   | xczu7ev-ffvc1156-2-e |
|                                                                         |                                                                      |                                   | Log not   |                    | (Rev.   |                       |            |                      |
|                                                                         |                                                                      |                                   | available |                    | 2114792 |                       |            |                      |
+-------------------------------------------------------------------------+----------------------------------------------------------------------+-----------------------------------+-----------+--------------------+---------+-----------------------+------------+----------------------+
| StreamingDataflowPartition_5_AddStreams_hls_3_0                         | IP definition not found                                              | Upgrade parent IP                 | Change    | p5_AddStreams_hls_ | 1.0     | N/A                   | Included   | xczu7ev-ffvc1156-2-e |
|                                                                         |                                                                      |                                   | Log not   |                    | (Rev.   |                       |            |                      |
|                                                                         |                                                                      |                                   | available |                    | 2114792 |                       |            |                      |
+-------------------------------------------------------------------------+----------------------------------------------------------------------+-----------------------------------+-----------+--------------------+---------+-----------------------+------------+----------------------+
| StreamingDataflowPartition_5_DuplicateStreams_hls_0_0                   | IP definition not found                                              | Upgrade parent IP                 | Change    | p5_DuplicateStream | 1.0     | N/A                   | Included   | xczu7ev-ffvc1156-2-e |
|                                                                         |                                                                      |                                   | Log not   |                    | (Rev.   |                       |            |                      |
|                                                                         |                                                                      |                                   | available |                    | 2114792 |                       |            |                      |
+-------------------------------------------------------------------------+----------------------------------------------------------------------+-----------------------------------+-----------+--------------------+---------+-----------------------+------------+----------------------+
| StreamingDataflowPartition_5_DuplicateStreams_hls_1_0                   | IP definition not found                                              | Upgrade parent IP                 | Change    | p5_DuplicateStream | 1.0     | N/A                   | Included   | xczu7ev-ffvc1156-2-e |
|                                                                         |                                                                      |                                   | Log not   |                    | (Rev.   |                       |            |                      |
|                                                                         |                                                                      |                                   | available |                    | 2114792 |                       |            |                      |
+-------------------------------------------------------------------------+----------------------------------------------------------------------+-----------------------------------+-----------+--------------------+---------+-----------------------+------------+----------------------+
| StreamingDataflowPartition_5_DuplicateStreams_hls_2_0                   | IP definition not found                                              | Upgrade parent IP                 | Change    | p5_DuplicateStream | 1.0     | N/A                   | Included   | xczu7ev-ffvc1156-2-e |
|                                                                         |                                                                      |                                   | Log not   |                    | (Rev.   |                       |            |                      |
|                                                                         |                                                                      |                                   | available |                    | 2114792 |                       |            |                      |
+-------------------------------------------------------------------------+----------------------------------------------------------------------+-----------------------------------+-----------+--------------------+---------+-----------------------+------------+----------------------+
| StreamingDataflowPartition_5_DuplicateStreams_hls_3_0                   | IP definition not found                                              | Upgrade parent IP                 | Change    | p5_DuplicateStream | 1.0     | N/A                   | Included   | xczu7ev-ffvc1156-2-e |
|                                                                         |                                                                      |                                   | Log not   |                    | (Rev.   |                       |            |                      |
|                                                                         |                                                                      |                                   | available |                    | 2114792 |                       |            |                      |
+-------------------------------------------------------------------------+----------------------------------------------------------------------+-----------------------------------+-----------+--------------------+---------+-----------------------+------------+----------------------+
| StreamingDataflowPartition_5_FMPadding_Pixel_hls_0_0                    | IP definition not found                                              | Upgrade parent IP                 | Change    | p5_FMPadding_Pixel | 1.0     | N/A                   | Included   | xczu7ev-ffvc1156-2-e |
|                                                                         |                                                                      |                                   | Log not   |                    | (Rev.   |                       |            |                      |
|                                                                         |                                                                      |                                   | available |                    | 2114792 |                       |            |                      |
+-------------------------------------------------------------------------+----------------------------------------------------------------------+-----------------------------------+-----------+--------------------+---------+-----------------------+------------+----------------------+
| StreamingDataflowPartition_5_MVAU_rtl_0_wstrm_0                         | Up-to-date                                                           | No changes required               | Change    | memstream          | 1.0     | 1.0 (Rev. 5)          | Included   | xczu7ev-ffvc1156-2-e |
|                                                                         |                                                                      |                                   | Log not   |                    | (Rev.   |                       |            |                      |
|                                                                         |                                                                      |                                   | available |                    | 5)      |                       |            |                      |
+-------------------------------------------------------------------------+----------------------------------------------------------------------+-----------------------------------+-----------+--------------------+---------+-----------------------+------------+----------------------+
| StreamingDataflowPartition_5_MVAU_rtl_10_wstrm_0                        | Up-to-date                                                           | No changes required               | Change    | memstream          | 1.0     | 1.0 (Rev. 5)          | Included   | xczu7ev-ffvc1156-2-e |
|                                                                         |                                                                      |                                   | Log not   |                    | (Rev.   |                       |            |                      |
|                                                                         |                                                                      |                                   | available |                    | 5)      |                       |            |                      |
+-------------------------------------------------------------------------+----------------------------------------------------------------------+-----------------------------------+-----------+--------------------+---------+-----------------------+------------+----------------------+
| StreamingDataflowPartition_5_MVAU_rtl_11_wstrm_0                        | Up-to-date                                                           | No changes required               | Change    | memstream          | 1.0     | 1.0 (Rev. 5)          | Included   | xczu7ev-ffvc1156-2-e |
|                                                                         |                                                                      |                                   | Log not   |                    | (Rev.   |                       |            |                      |
|                                                                         |                                                                      |                                   | available |                    | 5)      |                       |            |                      |
+-------------------------------------------------------------------------+----------------------------------------------------------------------+-----------------------------------+-----------+--------------------+---------+-----------------------+------------+----------------------+
| StreamingDataflowPartition_5_MVAU_rtl_12_wstrm_0                        | Up-to-date                                                           | No changes required               | Change    | memstream          | 1.0     | 1.0 (Rev. 5)          | Included   | xczu7ev-ffvc1156-2-e |
|                                                                         |                                                                      |                                   | Log not   |                    | (Rev.   |                       |            |                      |
|                                                                         |                                                                      |                                   | available |                    | 5)      |                       |            |                      |
+-------------------------------------------------------------------------+----------------------------------------------------------------------+-----------------------------------+-----------+--------------------+---------+-----------------------+------------+----------------------+
| StreamingDataflowPartition_5_MVAU_rtl_1_wstrm_0                         | Up-to-date                                                           | No changes required               | Change    | memstream          | 1.0     | 1.0 (Rev. 5)          | Included   | xczu7ev-ffvc1156-2-e |
|                                                                         |                                                                      |                                   | Log not   |                    | (Rev.   |                       |            |                      |
|                                                                         |                                                                      |                                   | available |                    | 5)      |                       |            |                      |
+-------------------------------------------------------------------------+----------------------------------------------------------------------+-----------------------------------+-----------+--------------------+---------+-----------------------+------------+----------------------+
| StreamingDataflowPartition_5_MVAU_rtl_2_wstrm_0                         | Up-to-date                                                           | No changes required               | Change    | memstream          | 1.0     | 1.0 (Rev. 5)          | Included   | xczu7ev-ffvc1156-2-e |
|                                                                         |                                                                      |                                   | Log not   |                    | (Rev.   |                       |            |                      |
|                                                                         |                                                                      |                                   | available |                    | 5)      |                       |            |                      |
+-------------------------------------------------------------------------+----------------------------------------------------------------------+-----------------------------------+-----------+--------------------+---------+-----------------------+------------+----------------------+
| StreamingDataflowPartition_5_MVAU_rtl_3_wstrm_0                         | Up-to-date                                                           | No changes required               | Change    | memstream          | 1.0     | 1.0 (Rev. 5)          | Included   | xczu7ev-ffvc1156-2-e |
|                                                                         |                                                                      |                                   | Log not   |                    | (Rev.   |                       |            |                      |
|                                                                         |                                                                      |                                   | available |                    | 5)      |                       |            |                      |
+-------------------------------------------------------------------------+----------------------------------------------------------------------+-----------------------------------+-----------+--------------------+---------+-----------------------+------------+----------------------+
| StreamingDataflowPartition_5_MVAU_rtl_4_wstrm_0                         | Up-to-date                                                           | No changes required               | Change    | memstream          | 1.0     | 1.0 (Rev. 5)          | Included   | xczu7ev-ffvc1156-2-e |
|                                                                         |                                                                      |                                   | Log not   |                    | (Rev.   |                       |            |                      |
|                                                                         |                                                                      |                                   | available |                    | 5)      |                       |            |                      |
+-------------------------------------------------------------------------+----------------------------------------------------------------------+-----------------------------------+-----------+--------------------+---------+-----------------------+------------+----------------------+
| StreamingDataflowPartition_5_MVAU_rtl_5_wstrm_0                         | Up-to-date                                                           | No changes required               | Change    | memstream          | 1.0     | 1.0 (Rev. 5)          | Included   | xczu7ev-ffvc1156-2-e |
|                                                                         |                                                                      |                                   | Log not   |                    | (Rev.   |                       |            |                      |
|                                                                         |                                                                      |                                   | available |                    | 5)      |                       |            |                      |
+-------------------------------------------------------------------------+----------------------------------------------------------------------+-----------------------------------+-----------+--------------------+---------+-----------------------+------------+----------------------+
| StreamingDataflowPartition_5_MVAU_rtl_6_wstrm_0                         | Up-to-date                                                           | No changes required               | Change    | memstream          | 1.0     | 1.0 (Rev. 5)          | Included   | xczu7ev-ffvc1156-2-e |
|                                                                         |                                                                      |                                   | Log not   |                    | (Rev.   |                       |            |                      |
|                                                                         |                                                                      |                                   | available |                    | 5)      |                       |            |                      |
+-------------------------------------------------------------------------+----------------------------------------------------------------------+-----------------------------------+-----------+--------------------+---------+-----------------------+------------+----------------------+
| StreamingDataflowPartition_5_MVAU_rtl_7_wstrm_0                         | Up-to-date                                                           | No changes required               | Change    | memstream          | 1.0     | 1.0 (Rev. 5)          | Included   | xczu7ev-ffvc1156-2-e |
|                                                                         |                                                                      |                                   | Log not   |                    | (Rev.   |                       |            |                      |
|                                                                         |                                                                      |                                   | available |                    | 5)      |                       |            |                      |
+-------------------------------------------------------------------------+----------------------------------------------------------------------+-----------------------------------+-----------+--------------------+---------+-----------------------+------------+----------------------+
| StreamingDataflowPartition_5_MVAU_rtl_8_wstrm_0                         | Up-to-date                                                           | No changes required               | Change    | memstream          | 1.0     | 1.0 (Rev. 5)          | Included   | xczu7ev-ffvc1156-2-e |
|                                                                         |                                                                      |                                   | Log not   |                    | (Rev.   |                       |            |                      |
|                                                                         |                                                                      |                                   | available |                    | 5)      |                       |            |                      |
+-------------------------------------------------------------------------+----------------------------------------------------------------------+-----------------------------------+-----------+--------------------+---------+-----------------------+------------+----------------------+
| StreamingDataflowPartition_5_MVAU_rtl_9_wstrm_0                         | Up-to-date                                                           | No changes required               | Change    | memstream          | 1.0     | 1.0 (Rev. 5)          | Included   | xczu7ev-ffvc1156-2-e |
|                                                                         |                                                                      |                                   | Log not   |                    | (Rev.   |                       |            |                      |
|                                                                         |                                                                      |                                   | available |                    | 5)      |                       |            |                      |
+-------------------------------------------------------------------------+----------------------------------------------------------------------+-----------------------------------+-----------+--------------------+---------+-----------------------+------------+----------------------+
| StreamingDataflowPartition_5_UpsampleNearestNeighbour_hls_0_0           | IP definition not found                                              | Upgrade parent IP                 | Change    | p5_UpsampleNearest | 1.0     | N/A                   | Included   | xczu7ev-ffvc1156-2-e |
|                                                                         |                                                                      |                                   | Log not   |                    | (Rev.   |                       |            |                      |
|                                                                         |                                                                      |                                   | available |                    | 2114792 |                       |            |                      |
+-------------------------------------------------------------------------+----------------------------------------------------------------------+-----------------------------------+-----------+--------------------+---------+-----------------------+------------+----------------------+
| StreamingDataflowPartition_5_VVAU_hls_0_0                               | IP definition not found                                              | Upgrade parent IP                 | Change    | p5_VVAU_hls_0      | 1.0     | N/A                   | Included   | xczu7ev-ffvc1156-2-e |
|                                                                         |                                                                      |                                   | Log not   |                    | (Rev.   |                       |            |                      |
|                                                                         |                                                                      |                                   | available |                    | 2114792 |                       |            |                      |
+-------------------------------------------------------------------------+----------------------------------------------------------------------+-----------------------------------+-----------+--------------------+---------+-----------------------+------------+----------------------+
| StreamingDataflowPartition_5_VVAU_hls_0_wstrm_0                         | Up-to-date                                                           | No changes required               | Change    | memstream          | 1.0     | 1.0 (Rev. 5)          | Included   | xczu7ev-ffvc1156-2-e |
|                                                                         |                                                                      |                                   | Log not   |                    | (Rev.   |                       |            |                      |
|                                                                         |                                                                      |                                   | available |                    | 5)      |                       |            |                      |
+-------------------------------------------------------------------------+----------------------------------------------------------------------+-----------------------------------+-----------+--------------------+---------+-----------------------+------------+----------------------+
| StreamingDataflowPartition_5_fifo_0                                     | Up-to-date                                                           | No changes required               |  *(55)    | AXI4-Stream Data   | 2.0     | 2.0 (Rev. 9)          | Included   | xczu7ev-ffvc1156-2-e |
|                                                                         |                                                                      |                                   |           | FIFO               | (Rev.   |                       |            |                      |
|                                                                         |                                                                      |                                   |           |                    | 9)      |                       |            |                      |
+-------------------------------------------------------------------------+----------------------------------------------------------------------+-----------------------------------+-----------+--------------------+---------+-----------------------+------------+----------------------+
| StreamingDataflowPartition_5_fifo_1                                     | Up-to-date                                                           | No changes required               |  *(56)    | AXI4-Stream Data   | 2.0     | 2.0 (Rev. 9)          | Included   | xczu7ev-ffvc1156-2-e |
|                                                                         |                                                                      |                                   |           | FIFO               | (Rev.   |                       |            |                      |
|                                                                         |                                                                      |                                   |           |                    | 9)      |                       |            |                      |
+-------------------------------------------------------------------------+----------------------------------------------------------------------+-----------------------------------+-----------+--------------------+---------+-----------------------+------------+----------------------+
| StreamingDataflowPartition_5_fifo_10                                    | Up-to-date                                                           | No changes required               |  *(57)    | AXI4-Stream Data   | 2.0     | 2.0 (Rev. 9)          | Included   | xczu7ev-ffvc1156-2-e |
|                                                                         |                                                                      |                                   |           | FIFO               | (Rev.   |                       |            |                      |
|                                                                         |                                                                      |                                   |           |                    | 9)      |                       |            |                      |
+-------------------------------------------------------------------------+----------------------------------------------------------------------+-----------------------------------+-----------+--------------------+---------+-----------------------+------------+----------------------+
| StreamingDataflowPartition_5_fifo_11                                    | Up-to-date                                                           | No changes required               |  *(58)    | AXI4-Stream Data   | 2.0     | 2.0 (Rev. 9)          | Included   | xczu7ev-ffvc1156-2-e |
|                                                                         |                                                                      |                                   |           | FIFO               | (Rev.   |                       |            |                      |
|                                                                         |                                                                      |                                   |           |                    | 9)      |                       |            |                      |
+-------------------------------------------------------------------------+----------------------------------------------------------------------+-----------------------------------+-----------+--------------------+---------+-----------------------+------------+----------------------+
| StreamingDataflowPartition_5_fifo_12                                    | Up-to-date                                                           | No changes required               |  *(59)    | AXI4-Stream Data   | 2.0     | 2.0 (Rev. 9)          | Included   | xczu7ev-ffvc1156-2-e |
|                                                                         |                                                                      |                                   |           | FIFO               | (Rev.   |                       |            |                      |
|                                                                         |                                                                      |                                   |           |                    | 9)      |                       |            |                      |
+-------------------------------------------------------------------------+----------------------------------------------------------------------+-----------------------------------+-----------+--------------------+---------+-----------------------+------------+----------------------+
| StreamingDataflowPartition_5_fifo_13                                    | Up-to-date                                                           | No changes required               |  *(60)    | AXI4-Stream Data   | 2.0     | 2.0 (Rev. 9)          | Included   | xczu7ev-ffvc1156-2-e |
|                                                                         |                                                                      |                                   |           | FIFO               | (Rev.   |                       |            |                      |
|                                                                         |                                                                      |                                   |           |                    | 9)      |                       |            |                      |
+-------------------------------------------------------------------------+----------------------------------------------------------------------+-----------------------------------+-----------+--------------------+---------+-----------------------+------------+----------------------+
| StreamingDataflowPartition_5_fifo_2                                     | Up-to-date                                                           | No changes required               |  *(61)    | AXI4-Stream Data   | 2.0     | 2.0 (Rev. 9)          | Included   | xczu7ev-ffvc1156-2-e |
|                                                                         |                                                                      |                                   |           | FIFO               | (Rev.   |                       |            |                      |
|                                                                         |                                                                      |                                   |           |                    | 9)      |                       |            |                      |
+-------------------------------------------------------------------------+----------------------------------------------------------------------+-----------------------------------+-----------+--------------------+---------+-----------------------+------------+----------------------+
| StreamingDataflowPartition_5_fifo_3                                     | Up-to-date                                                           | No changes required               |  *(62)    | AXI4-Stream Data   | 2.0     | 2.0 (Rev. 9)          | Included   | xczu7ev-ffvc1156-2-e |
|                                                                         |                                                                      |                                   |           | FIFO               | (Rev.   |                       |            |                      |
|                                                                         |                                                                      |                                   |           |                    | 9)      |                       |            |                      |
+-------------------------------------------------------------------------+----------------------------------------------------------------------+-----------------------------------+-----------+--------------------+---------+-----------------------+------------+----------------------+
| StreamingDataflowPartition_5_fifo_4                                     | Up-to-date                                                           | No changes required               |  *(63)    | AXI4-Stream Data   | 2.0     | 2.0 (Rev. 9)          | Included   | xczu7ev-ffvc1156-2-e |
|                                                                         |                                                                      |                                   |           | FIFO               | (Rev.   |                       |            |                      |
|                                                                         |                                                                      |                                   |           |                    | 9)      |                       |            |                      |
+-------------------------------------------------------------------------+----------------------------------------------------------------------+-----------------------------------+-----------+--------------------+---------+-----------------------+------------+----------------------+
| StreamingDataflowPartition_5_fifo_5                                     | Up-to-date                                                           | No changes required               |  *(64)    | AXI4-Stream Data   | 2.0     | 2.0 (Rev. 9)          | Included   | xczu7ev-ffvc1156-2-e |
|                                                                         |                                                                      |                                   |           | FIFO               | (Rev.   |                       |            |                      |
|                                                                         |                                                                      |                                   |           |                    | 9)      |                       |            |                      |
+-------------------------------------------------------------------------+----------------------------------------------------------------------+-----------------------------------+-----------+--------------------+---------+-----------------------+------------+----------------------+
| StreamingDataflowPartition_5_fifo_6                                     | Up-to-date                                                           | No changes required               |  *(65)    | AXI4-Stream Data   | 2.0     | 2.0 (Rev. 9)          | Included   | xczu7ev-ffvc1156-2-e |
|                                                                         |                                                                      |                                   |           | FIFO               | (Rev.   |                       |            |                      |
|                                                                         |                                                                      |                                   |           |                    | 9)      |                       |            |                      |
+-------------------------------------------------------------------------+----------------------------------------------------------------------+-----------------------------------+-----------+--------------------+---------+-----------------------+------------+----------------------+
| StreamingDataflowPartition_5_fifo_7                                     | Up-to-date                                                           | No changes required               |  *(66)    | AXI4-Stream Data   | 2.0     | 2.0 (Rev. 9)          | Included   | xczu7ev-ffvc1156-2-e |
|                                                                         |                                                                      |                                   |           | FIFO               | (Rev.   |                       |            |                      |
|                                                                         |                                                                      |                                   |           |                    | 9)      |                       |            |                      |
+-------------------------------------------------------------------------+----------------------------------------------------------------------+-----------------------------------+-----------+--------------------+---------+-----------------------+------------+----------------------+
| StreamingDataflowPartition_5_fifo_8                                     | Up-to-date                                                           | No changes required               |  *(67)    | AXI4-Stream Data   | 2.0     | 2.0 (Rev. 9)          | Included   | xczu7ev-ffvc1156-2-e |
|                                                                         |                                                                      |                                   |           | FIFO               | (Rev.   |                       |            |                      |
|                                                                         |                                                                      |                                   |           |                    | 9)      |                       |            |                      |
+-------------------------------------------------------------------------+----------------------------------------------------------------------+-----------------------------------+-----------+--------------------+---------+-----------------------+------------+----------------------+
| StreamingDataflowPartition_5_fifo_9                                     | Up-to-date                                                           | No changes required               |  *(68)    | AXI4-Stream Data   | 2.0     | 2.0 (Rev. 9)          | Included   | xczu7ev-ffvc1156-2-e |
|                                                                         |                                                                      |                                   |           | FIFO               | (Rev.   |                       |            |                      |
|                                                                         |                                                                      |                                   |           |                    | 9)      |                       |            |                      |
+-------------------------------------------------------------------------+----------------------------------------------------------------------+-----------------------------------+-----------+--------------------+---------+-----------------------+------------+----------------------+
| StreamingDataflowPartition_6_AddStreams_hls_0_0                         | IP definition not found                                              | Upgrade parent IP                 | Change    | p6_AddStreams_hls_ | 1.0     | N/A                   | Included   | xczu7ev-ffvc1156-2-e |
|                                                                         |                                                                      |                                   | Log not   |                    | (Rev.   |                       |            |                      |
|                                                                         |                                                                      |                                   | available |                    | 2114792 |                       |            |                      |
+-------------------------------------------------------------------------+----------------------------------------------------------------------+-----------------------------------+-----------+--------------------+---------+-----------------------+------------+----------------------+
| StreamingDataflowPartition_6_AddStreams_hls_1_0                         | IP definition not found                                              | Upgrade parent IP                 | Change    | p6_AddStreams_hls_ | 1.0     | N/A                   | Included   | xczu7ev-ffvc1156-2-e |
|                                                                         |                                                                      |                                   | Log not   |                    | (Rev.   |                       |            |                      |
|                                                                         |                                                                      |                                   | available |                    | 2114792 |                       |            |                      |
+-------------------------------------------------------------------------+----------------------------------------------------------------------+-----------------------------------+-----------+--------------------+---------+-----------------------+------------+----------------------+
| StreamingDataflowPartition_6_AddStreams_hls_2_0                         | IP definition not found                                              | Upgrade parent IP                 | Change    | p6_AddStreams_hls_ | 1.0     | N/A                   | Included   | xczu7ev-ffvc1156-2-e |
|                                                                         |                                                                      |                                   | Log not   |                    | (Rev.   |                       |            |                      |
|                                                                         |                                                                      |                                   | available |                    | 2114792 |                       |            |                      |
+-------------------------------------------------------------------------+----------------------------------------------------------------------+-----------------------------------+-----------+--------------------+---------+-----------------------+------------+----------------------+
| StreamingDataflowPartition_6_DuplicateStreams_hls_0_0                   | IP definition not found                                              | Upgrade parent IP                 | Change    | p6_DuplicateStream | 1.0     | N/A                   | Included   | xczu7ev-ffvc1156-2-e |
|                                                                         |                                                                      |                                   | Log not   |                    | (Rev.   |                       |            |                      |
|                                                                         |                                                                      |                                   | available |                    | 2114792 |                       |            |                      |
+-------------------------------------------------------------------------+----------------------------------------------------------------------+-----------------------------------+-----------+--------------------+---------+-----------------------+------------+----------------------+
| StreamingDataflowPartition_6_DuplicateStreams_hls_1_0                   | IP definition not found                                              | Upgrade parent IP                 | Change    | p6_DuplicateStream | 1.0     | N/A                   | Included   | xczu7ev-ffvc1156-2-e |
|                                                                         |                                                                      |                                   | Log not   |                    | (Rev.   |                       |            |                      |
|                                                                         |                                                                      |                                   | available |                    | 2114792 |                       |            |                      |
+-------------------------------------------------------------------------+----------------------------------------------------------------------+-----------------------------------+-----------+--------------------+---------+-----------------------+------------+----------------------+
| StreamingDataflowPartition_6_DuplicateStreams_hls_2_0                   | IP definition not found                                              | Upgrade parent IP                 | Change    | p6_DuplicateStream | 1.0     | N/A                   | Included   | xczu7ev-ffvc1156-2-e |
|                                                                         |                                                                      |                                   | Log not   |                    | (Rev.   |                       |            |                      |
|                                                                         |                                                                      |                                   | available |                    | 2114792 |                       |            |                      |
+-------------------------------------------------------------------------+----------------------------------------------------------------------+-----------------------------------+-----------+--------------------+---------+-----------------------+------------+----------------------+
| StreamingDataflowPartition_6_FMPadding_Pixel_hls_0_0                    | IP definition not found                                              | Upgrade parent IP                 | Change    | p6_FMPadding_Pixel | 1.0     | N/A                   | Included   | xczu7ev-ffvc1156-2-e |
|                                                                         |                                                                      |                                   | Log not   |                    | (Rev.   |                       |            |                      |
|                                                                         |                                                                      |                                   | available |                    | 2114792 |                       |            |                      |
+-------------------------------------------------------------------------+----------------------------------------------------------------------+-----------------------------------+-----------+--------------------+---------+-----------------------+------------+----------------------+
| StreamingDataflowPartition_6_MVAU_rtl_0_wstrm_0                         | Up-to-date                                                           | No changes required               | Change    | memstream          | 1.0     | 1.0 (Rev. 5)          | Included   | xczu7ev-ffvc1156-2-e |
|                                                                         |                                                                      |                                   | Log not   |                    | (Rev.   |                       |            |                      |
|                                                                         |                                                                      |                                   | available |                    | 5)      |                       |            |                      |
+-------------------------------------------------------------------------+----------------------------------------------------------------------+-----------------------------------+-----------+--------------------+---------+-----------------------+------------+----------------------+
| StreamingDataflowPartition_6_MVAU_rtl_1_wstrm_0                         | Up-to-date                                                           | No changes required               | Change    | memstream          | 1.0     | 1.0 (Rev. 5)          | Included   | xczu7ev-ffvc1156-2-e |
|                                                                         |                                                                      |                                   | Log not   |                    | (Rev.   |                       |            |                      |
|                                                                         |                                                                      |                                   | available |                    | 5)      |                       |            |                      |
+-------------------------------------------------------------------------+----------------------------------------------------------------------+-----------------------------------+-----------+--------------------+---------+-----------------------+------------+----------------------+
| StreamingDataflowPartition_6_MVAU_rtl_2_wstrm_0                         | Up-to-date                                                           | No changes required               | Change    | memstream          | 1.0     | 1.0 (Rev. 5)          | Included   | xczu7ev-ffvc1156-2-e |
|                                                                         |                                                                      |                                   | Log not   |                    | (Rev.   |                       |            |                      |
|                                                                         |                                                                      |                                   | available |                    | 5)      |                       |            |                      |
+-------------------------------------------------------------------------+----------------------------------------------------------------------+-----------------------------------+-----------+--------------------+---------+-----------------------+------------+----------------------+
| StreamingDataflowPartition_6_MVAU_rtl_3_wstrm_0                         | Up-to-date                                                           | No changes required               | Change    | memstream          | 1.0     | 1.0 (Rev. 5)          | Included   | xczu7ev-ffvc1156-2-e |
|                                                                         |                                                                      |                                   | Log not   |                    | (Rev.   |                       |            |                      |
|                                                                         |                                                                      |                                   | available |                    | 5)      |                       |            |                      |
+-------------------------------------------------------------------------+----------------------------------------------------------------------+-----------------------------------+-----------+--------------------+---------+-----------------------+------------+----------------------+
| StreamingDataflowPartition_6_MVAU_rtl_4_wstrm_0                         | Up-to-date                                                           | No changes required               | Change    | memstream          | 1.0     | 1.0 (Rev. 5)          | Included   | xczu7ev-ffvc1156-2-e |
|                                                                         |                                                                      |                                   | Log not   |                    | (Rev.   |                       |            |                      |
|                                                                         |                                                                      |                                   | available |                    | 5)      |                       |            |                      |
+-------------------------------------------------------------------------+----------------------------------------------------------------------+-----------------------------------+-----------+--------------------+---------+-----------------------+------------+----------------------+
| StreamingDataflowPartition_6_MVAU_rtl_5_wstrm_0                         | Up-to-date                                                           | No changes required               | Change    | memstream          | 1.0     | 1.0 (Rev. 5)          | Included   | xczu7ev-ffvc1156-2-e |
|                                                                         |                                                                      |                                   | Log not   |                    | (Rev.   |                       |            |                      |
|                                                                         |                                                                      |                                   | available |                    | 5)      |                       |            |                      |
+-------------------------------------------------------------------------+----------------------------------------------------------------------+-----------------------------------+-----------+--------------------+---------+-----------------------+------------+----------------------+
| StreamingDataflowPartition_6_MVAU_rtl_6_wstrm_0                         | Up-to-date                                                           | No changes required               | Change    | memstream          | 1.0     | 1.0 (Rev. 5)          | Included   | xczu7ev-ffvc1156-2-e |
|                                                                         |                                                                      |                                   | Log not   |                    | (Rev.   |                       |            |                      |
|                                                                         |                                                                      |                                   | available |                    | 5)      |                       |            |                      |
+-------------------------------------------------------------------------+----------------------------------------------------------------------+-----------------------------------+-----------+--------------------+---------+-----------------------+------------+----------------------+
| StreamingDataflowPartition_6_MVAU_rtl_7_wstrm_0                         | Up-to-date                                                           | No changes required               | Change    | memstream          | 1.0     | 1.0 (Rev. 5)          | Included   | xczu7ev-ffvc1156-2-e |
|                                                                         |                                                                      |                                   | Log not   |                    | (Rev.   |                       |            |                      |
|                                                                         |                                                                      |                                   | available |                    | 5)      |                       |            |                      |
+-------------------------------------------------------------------------+----------------------------------------------------------------------+-----------------------------------+-----------+--------------------+---------+-----------------------+------------+----------------------+
| StreamingDataflowPartition_6_MVAU_rtl_8_wstrm_0                         | Up-to-date                                                           | No changes required               | Change    | memstream          | 1.0     | 1.0 (Rev. 5)          | Included   | xczu7ev-ffvc1156-2-e |
|                                                                         |                                                                      |                                   | Log not   |                    | (Rev.   |                       |            |                      |
|                                                                         |                                                                      |                                   | available |                    | 5)      |                       |            |                      |
+-------------------------------------------------------------------------+----------------------------------------------------------------------+-----------------------------------+-----------+--------------------+---------+-----------------------+------------+----------------------+
| StreamingDataflowPartition_6_MVAU_rtl_9_wstrm_0                         | Up-to-date                                                           | No changes required               | Change    | memstream          | 1.0     | 1.0 (Rev. 5)          | Included   | xczu7ev-ffvc1156-2-e |
|                                                                         |                                                                      |                                   | Log not   |                    | (Rev.   |                       |            |                      |
|                                                                         |                                                                      |                                   | available |                    | 5)      |                       |            |                      |
+-------------------------------------------------------------------------+----------------------------------------------------------------------+-----------------------------------+-----------+--------------------+---------+-----------------------+------------+----------------------+
| StreamingDataflowPartition_6_UpsampleNearestNeighbour_hls_0_0           | IP definition not found                                              | Upgrade parent IP                 | Change    | p6_UpsampleNearest | 1.0     | N/A                   | Included   | xczu7ev-ffvc1156-2-e |
|                                                                         |                                                                      |                                   | Log not   |                    | (Rev.   |                       |            |                      |
|                                                                         |                                                                      |                                   | available |                    | 2114792 |                       |            |                      |
+-------------------------------------------------------------------------+----------------------------------------------------------------------+-----------------------------------+-----------+--------------------+---------+-----------------------+------------+----------------------+
| StreamingDataflowPartition_6_VVAU_hls_0_0                               | IP definition not found                                              | Upgrade parent IP                 | Change    | p6_VVAU_hls_0      | 1.0     | N/A                   | Included   | xczu7ev-ffvc1156-2-e |
|                                                                         |                                                                      |                                   | Log not   |                    | (Rev.   |                       |            |                      |
|                                                                         |                                                                      |                                   | available |                    | 2114792 |                       |            |                      |
+-------------------------------------------------------------------------+----------------------------------------------------------------------+-----------------------------------+-----------+--------------------+---------+-----------------------+------------+----------------------+
| StreamingDataflowPartition_6_VVAU_hls_0_wstrm_0                         | Up-to-date                                                           | No changes required               | Change    | memstream          | 1.0     | 1.0 (Rev. 5)          | Included   | xczu7ev-ffvc1156-2-e |
|                                                                         |                                                                      |                                   | Log not   |                    | (Rev.   |                       |            |                      |
|                                                                         |                                                                      |                                   | available |                    | 5)      |                       |            |                      |
+-------------------------------------------------------------------------+----------------------------------------------------------------------+-----------------------------------+-----------+--------------------+---------+-----------------------+------------+----------------------+
| StreamingDataflowPartition_6_fifo_0                                     | Up-to-date                                                           | No changes required               |  *(69)    | AXI4-Stream Data   | 2.0     | 2.0 (Rev. 9)          | Included   | xczu7ev-ffvc1156-2-e |
|                                                                         |                                                                      |                                   |           | FIFO               | (Rev.   |                       |            |                      |
|                                                                         |                                                                      |                                   |           |                    | 9)      |                       |            |                      |
+-------------------------------------------------------------------------+----------------------------------------------------------------------+-----------------------------------+-----------+--------------------+---------+-----------------------+------------+----------------------+
| StreamingDataflowPartition_6_fifo_1                                     | Up-to-date                                                           | No changes required               |  *(70)    | AXI4-Stream Data   | 2.0     | 2.0 (Rev. 9)          | Included   | xczu7ev-ffvc1156-2-e |
|                                                                         |                                                                      |                                   |           | FIFO               | (Rev.   |                       |            |                      |
|                                                                         |                                                                      |                                   |           |                    | 9)      |                       |            |                      |
+-------------------------------------------------------------------------+----------------------------------------------------------------------+-----------------------------------+-----------+--------------------+---------+-----------------------+------------+----------------------+
| StreamingDataflowPartition_6_fifo_2                                     | Up-to-date                                                           | No changes required               |  *(71)    | AXI4-Stream Data   | 2.0     | 2.0 (Rev. 9)          | Included   | xczu7ev-ffvc1156-2-e |
|                                                                         |                                                                      |                                   |           | FIFO               | (Rev.   |                       |            |                      |
|                                                                         |                                                                      |                                   |           |                    | 9)      |                       |            |                      |
+-------------------------------------------------------------------------+----------------------------------------------------------------------+-----------------------------------+-----------+--------------------+---------+-----------------------+------------+----------------------+
| StreamingDataflowPartition_6_fifo_3                                     | Up-to-date                                                           | No changes required               |  *(72)    | AXI4-Stream Data   | 2.0     | 2.0 (Rev. 9)          | Included   | xczu7ev-ffvc1156-2-e |
|                                                                         |                                                                      |                                   |           | FIFO               | (Rev.   |                       |            |                      |
|                                                                         |                                                                      |                                   |           |                    | 9)      |                       |            |                      |
+-------------------------------------------------------------------------+----------------------------------------------------------------------+-----------------------------------+-----------+--------------------+---------+-----------------------+------------+----------------------+
| StreamingDataflowPartition_6_fifo_4                                     | Up-to-date                                                           | No changes required               |  *(73)    | AXI4-Stream Data   | 2.0     | 2.0 (Rev. 9)          | Included   | xczu7ev-ffvc1156-2-e |
|                                                                         |                                                                      |                                   |           | FIFO               | (Rev.   |                       |            |                      |
|                                                                         |                                                                      |                                   |           |                    | 9)      |                       |            |                      |
+-------------------------------------------------------------------------+----------------------------------------------------------------------+-----------------------------------+-----------+--------------------+---------+-----------------------+------------+----------------------+
| StreamingDataflowPartition_6_fifo_5                                     | Up-to-date                                                           | No changes required               |  *(74)    | AXI4-Stream Data   | 2.0     | 2.0 (Rev. 9)          | Included   | xczu7ev-ffvc1156-2-e |
|                                                                         |                                                                      |                                   |           | FIFO               | (Rev.   |                       |            |                      |
|                                                                         |                                                                      |                                   |           |                    | 9)      |                       |            |                      |
+-------------------------------------------------------------------------+----------------------------------------------------------------------+-----------------------------------+-----------+--------------------+---------+-----------------------+------------+----------------------+
| StreamingDataflowPartition_6_fifo_6                                     | Up-to-date                                                           | No changes required               |  *(75)    | AXI4-Stream Data   | 2.0     | 2.0 (Rev. 9)          | Included   | xczu7ev-ffvc1156-2-e |
|                                                                         |                                                                      |                                   |           | FIFO               | (Rev.   |                       |            |                      |
|                                                                         |                                                                      |                                   |           |                    | 9)      |                       |            |                      |
+-------------------------------------------------------------------------+----------------------------------------------------------------------+-----------------------------------+-----------+--------------------+---------+-----------------------+------------+----------------------+
| StreamingDataflowPartition_6_fifo_7                                     | Up-to-date                                                           | No changes required               |  *(76)    | AXI4-Stream Data   | 2.0     | 2.0 (Rev. 9)          | Included   | xczu7ev-ffvc1156-2-e |
|                                                                         |                                                                      |                                   |           | FIFO               | (Rev.   |                       |            |                      |
|                                                                         |                                                                      |                                   |           |                    | 9)      |                       |            |                      |
+-------------------------------------------------------------------------+----------------------------------------------------------------------+-----------------------------------+-----------+--------------------+---------+-----------------------+------------+----------------------+
| StreamingDataflowPartition_7_AddStreams_hls_0_0                         | IP definition not found                                              | Upgrade parent IP                 | Change    | p7_AddStreams_hls_ | 1.0     | N/A                   | Included   | xczu7ev-ffvc1156-2-e |
|                                                                         |                                                                      |                                   | Log not   |                    | (Rev.   |                       |            |                      |
|                                                                         |                                                                      |                                   | available |                    | 2114792 |                       |            |                      |
+-------------------------------------------------------------------------+----------------------------------------------------------------------+-----------------------------------+-----------+--------------------+---------+-----------------------+------------+----------------------+
| StreamingDataflowPartition_7_ChannelwiseOp_hls_0_0                      | IP definition not found                                              | Upgrade parent IP                 | Change    | p7_ChannelwiseOp_h | 1.0     | N/A                   | Included   | xczu7ev-ffvc1156-2-e |
|                                                                         |                                                                      |                                   | Log not   |                    | (Rev.   |                       |            |                      |
|                                                                         |                                                                      |                                   | available |                    | 2114792 |                       |            |                      |
+-------------------------------------------------------------------------+----------------------------------------------------------------------+-----------------------------------+-----------+--------------------+---------+-----------------------+------------+----------------------+
| StreamingDataflowPartition_7_DuplicateStreams_hls_0_0                   | IP definition not found                                              | Upgrade parent IP                 | Change    | p7_DuplicateStream | 1.0     | N/A                   | Included   | xczu7ev-ffvc1156-2-e |
|                                                                         |                                                                      |                                   | Log not   |                    | (Rev.   |                       |            |                      |
|                                                                         |                                                                      |                                   | available |                    | 2114792 |                       |            |                      |
+-------------------------------------------------------------------------+----------------------------------------------------------------------+-----------------------------------+-----------+--------------------+---------+-----------------------+------------+----------------------+
| StreamingDataflowPartition_7_FMPadding_Pixel_hls_0_0                    | IP definition not found                                              | Upgrade parent IP                 | Change    | p7_FMPadding_Pixel | 1.0     | N/A                   | Included   | xczu7ev-ffvc1156-2-e |
|                                                                         |                                                                      |                                   | Log not   |                    | (Rev.   |                       |            |                      |
|                                                                         |                                                                      |                                   | available |                    | 2114792 |                       |            |                      |
+-------------------------------------------------------------------------+----------------------------------------------------------------------+-----------------------------------+-----------+--------------------+---------+-----------------------+------------+----------------------+
| StreamingDataflowPartition_7_MVAU_rtl_0_wstrm_0                         | Up-to-date                                                           | No changes required               | Change    | memstream          | 1.0     | 1.0 (Rev. 5)          | Included   | xczu7ev-ffvc1156-2-e |
|                                                                         |                                                                      |                                   | Log not   |                    | (Rev.   |                       |            |                      |
|                                                                         |                                                                      |                                   | available |                    | 5)      |                       |            |                      |
+-------------------------------------------------------------------------+----------------------------------------------------------------------+-----------------------------------+-----------+--------------------+---------+-----------------------+------------+----------------------+
| StreamingDataflowPartition_7_MVAU_rtl_1_wstrm_0                         | Up-to-date                                                           | No changes required               | Change    | memstream          | 1.0     | 1.0 (Rev. 5)          | Included   | xczu7ev-ffvc1156-2-e |
|                                                                         |                                                                      |                                   | Log not   |                    | (Rev.   |                       |            |                      |
|                                                                         |                                                                      |                                   | available |                    | 5)      |                       |            |                      |
+-------------------------------------------------------------------------+----------------------------------------------------------------------+-----------------------------------+-----------+--------------------+---------+-----------------------+------------+----------------------+
| StreamingDataflowPartition_7_MVAU_rtl_2_wstrm_0                         | Up-to-date                                                           | No changes required               | Change    | memstream          | 1.0     | 1.0 (Rev. 5)          | Included   | xczu7ev-ffvc1156-2-e |
|                                                                         |                                                                      |                                   | Log not   |                    | (Rev.   |                       |            |                      |
|                                                                         |                                                                      |                                   | available |                    | 5)      |                       |            |                      |
+-------------------------------------------------------------------------+----------------------------------------------------------------------+-----------------------------------+-----------+--------------------+---------+-----------------------+------------+----------------------+
| StreamingDataflowPartition_7_VVAU_hls_0_0                               | IP definition not found                                              | Upgrade parent IP                 | Change    | p7_VVAU_hls_0      | 1.0     | N/A                   | Included   | xczu7ev-ffvc1156-2-e |
|                                                                         |                                                                      |                                   | Log not   |                    | (Rev.   |                       |            |                      |
|                                                                         |                                                                      |                                   | available |                    | 2114792 |                       |            |                      |
+-------------------------------------------------------------------------+----------------------------------------------------------------------+-----------------------------------+-----------+--------------------+---------+-----------------------+------------+----------------------+
| StreamingDataflowPartition_7_VVAU_hls_0_wstrm_0                         | Up-to-date                                                           | No changes required               | Change    | memstream          | 1.0     | 1.0 (Rev. 5)          | Included   | xczu7ev-ffvc1156-2-e |
|                                                                         |                                                                      |                                   | Log not   |                    | (Rev.   |                       |            |                      |
|                                                                         |                                                                      |                                   | available |                    | 5)      |                       |            |                      |
+-------------------------------------------------------------------------+----------------------------------------------------------------------+-----------------------------------+-----------+--------------------+---------+-----------------------+------------+----------------------+
| StreamingDataflowPartition_7_fifo_0                                     | Up-to-date                                                           | No changes required               |  *(77)    | AXI4-Stream Data   | 2.0     | 2.0 (Rev. 9)          | Included   | xczu7ev-ffvc1156-2-e |
|                                                                         |                                                                      |                                   |           | FIFO               | (Rev.   |                       |            |                      |
|                                                                         |                                                                      |                                   |           |                    | 9)      |                       |            |                      |
+-------------------------------------------------------------------------+----------------------------------------------------------------------+-----------------------------------+-----------+--------------------+---------+-----------------------+------------+----------------------+
| StreamingDataflowPartition_7_fifo_1                                     | Up-to-date                                                           | No changes required               |  *(78)    | AXI4-Stream Data   | 2.0     | 2.0 (Rev. 9)          | Included   | xczu7ev-ffvc1156-2-e |
|                                                                         |                                                                      |                                   |           | FIFO               | (Rev.   |                       |            |                      |
|                                                                         |                                                                      |                                   |           |                    | 9)      |                       |            |                      |
+-------------------------------------------------------------------------+----------------------------------------------------------------------+-----------------------------------+-----------+--------------------+---------+-----------------------+------------+----------------------+
| StreamingDataflowPartition_7_fifo_2                                     | Up-to-date                                                           | No changes required               |  *(79)    | AXI4-Stream Data   | 2.0     | 2.0 (Rev. 9)          | Included   | xczu7ev-ffvc1156-2-e |
|                                                                         |                                                                      |                                   |           | FIFO               | (Rev.   |                       |            |                      |
|                                                                         |                                                                      |                                   |           |                    | 9)      |                       |            |                      |
+-------------------------------------------------------------------------+----------------------------------------------------------------------+-----------------------------------+-----------+--------------------+---------+-----------------------+------------+----------------------+
| StreamingDataflowPartition_7_fifo_3                                     | Up-to-date                                                           | No changes required               |  *(80)    | AXI4-Stream Data   | 2.0     | 2.0 (Rev. 9)          | Included   | xczu7ev-ffvc1156-2-e |
|                                                                         |                                                                      |                                   |           | FIFO               | (Rev.   |                       |            |                      |
|                                                                         |                                                                      |                                   |           |                    | 9)      |                       |            |                      |
+-------------------------------------------------------------------------+----------------------------------------------------------------------+-----------------------------------+-----------+--------------------+---------+-----------------------+------------+----------------------+
| StreamingDataflowPartition_7_fifo_4                                     | Up-to-date                                                           | No changes required               |  *(81)    | AXI4-Stream Data   | 2.0     | 2.0 (Rev. 9)          | Included   | xczu7ev-ffvc1156-2-e |
|                                                                         |                                                                      |                                   |           | FIFO               | (Rev.   |                       |            |                      |
|                                                                         |                                                                      |                                   |           |                    | 9)      |                       |            |                      |
+-------------------------------------------------------------------------+----------------------------------------------------------------------+-----------------------------------+-----------+--------------------+---------+-----------------------+------------+----------------------+
| StreamingDataflowPartition_7_fifo_5                                     | Up-to-date                                                           | No changes required               |  *(82)    | AXI4-Stream Data   | 2.0     | 2.0 (Rev. 9)          | Included   | xczu7ev-ffvc1156-2-e |
|                                                                         |                                                                      |                                   |           | FIFO               | (Rev.   |                       |            |                      |
|                                                                         |                                                                      |                                   |           |                    | 9)      |                       |            |                      |
+-------------------------------------------------------------------------+----------------------------------------------------------------------+-----------------------------------+-----------+--------------------+---------+-----------------------+------------+----------------------+
| bd_acc6_arsw_0                                                          | Up-to-date                                                           | No changes required               |  *(83)    | SmartConnect       | 1.0     | 1.0 (Rev. 6)          | Included   | xczu7ev-ffvc1156-2-e |
|                                                                         |                                                                      |                                   |           | Switchboard        | (Rev.   |                       |            |                      |
|                                                                         |                                                                      |                                   |           |                    | 6)      |                       |            |                      |
+-------------------------------------------------------------------------+----------------------------------------------------------------------+-----------------------------------+-----------+--------------------+---------+-----------------------+------------+----------------------+
| bd_acc6_awsw_0                                                          | Up-to-date                                                           | No changes required               |  *(84)    | SmartConnect       | 1.0     | 1.0 (Rev. 6)          | Included   | xczu7ev-ffvc1156-2-e |
|                                                                         |                                                                      |                                   |           | Switchboard        | (Rev.   |                       |            |                      |
|                                                                         |                                                                      |                                   |           |                    | 6)      |                       |            |                      |
+-------------------------------------------------------------------------+----------------------------------------------------------------------+-----------------------------------+-----------+--------------------+---------+-----------------------+------------+----------------------+
| bd_acc6_bsw_0                                                           | Up-to-date                                                           | No changes required               |  *(85)    | SmartConnect       | 1.0     | 1.0 (Rev. 6)          | Included   | xczu7ev-ffvc1156-2-e |
|                                                                         |                                                                      |                                   |           | Switchboard        | (Rev.   |                       |            |                      |
|                                                                         |                                                                      |                                   |           |                    | 6)      |                       |            |                      |
+-------------------------------------------------------------------------+----------------------------------------------------------------------+-----------------------------------+-----------+--------------------+---------+-----------------------+------------+----------------------+
| bd_acc6_m00arn_0                                                        | Up-to-date                                                           | No changes required               |  *(86)    | SmartConnect Node  | 1.0     | 1.0 (Rev. 14)         | Included   | xczu7ev-ffvc1156-2-e |
|                                                                         |                                                                      |                                   |           |                    | (Rev.   |                       |            |                      |
|                                                                         |                                                                      |                                   |           |                    | 14)     |                       |            |                      |
+-------------------------------------------------------------------------+----------------------------------------------------------------------+-----------------------------------+-----------+--------------------+---------+-----------------------+------------+----------------------+
| bd_acc6_m00awn_0                                                        | Up-to-date                                                           | No changes required               |  *(87)    | SmartConnect Node  | 1.0     | 1.0 (Rev. 14)         | Included   | xczu7ev-ffvc1156-2-e |
|                                                                         |                                                                      |                                   |           |                    | (Rev.   |                       |            |                      |
|                                                                         |                                                                      |                                   |           |                    | 14)     |                       |            |                      |
+-------------------------------------------------------------------------+----------------------------------------------------------------------+-----------------------------------+-----------+--------------------+---------+-----------------------+------------+----------------------+
| bd_acc6_m00bn_0                                                         | Up-to-date                                                           | No changes required               |  *(88)    | SmartConnect Node  | 1.0     | 1.0 (Rev. 14)         | Included   | xczu7ev-ffvc1156-2-e |
|                                                                         |                                                                      |                                   |           |                    | (Rev.   |                       |            |                      |
|                                                                         |                                                                      |                                   |           |                    | 14)     |                       |            |                      |
+-------------------------------------------------------------------------+----------------------------------------------------------------------+-----------------------------------+-----------+--------------------+---------+-----------------------+------------+----------------------+
| bd_acc6_m00e_0                                                          | Up-to-date                                                           | No changes required               |  *(89)    | SC EXIT            | 1.0     | 1.0 (Rev. 13)         | Included   | xczu7ev-ffvc1156-2-e |
|                                                                         |                                                                      |                                   |           |                    | (Rev.   |                       |            |                      |
|                                                                         |                                                                      |                                   |           |                    | 13)     |                       |            |                      |
+-------------------------------------------------------------------------+----------------------------------------------------------------------+-----------------------------------+-----------+--------------------+---------+-----------------------+------------+----------------------+
| bd_acc6_m00rn_0                                                         | Up-to-date                                                           | No changes required               |  *(90)    | SmartConnect Node  | 1.0     | 1.0 (Rev. 14)         | Included   | xczu7ev-ffvc1156-2-e |
|                                                                         |                                                                      |                                   |           |                    | (Rev.   |                       |            |                      |
|                                                                         |                                                                      |                                   |           |                    | 14)     |                       |            |                      |
+-------------------------------------------------------------------------+----------------------------------------------------------------------+-----------------------------------+-----------+--------------------+---------+-----------------------+------------+----------------------+
| bd_acc6_m00s2a_0                                                        | Up-to-date                                                           | No changes required               |  *(91)    | SmartConnect       | 1.0     | 1.0 (Rev. 8)          | Included   | xczu7ev-ffvc1156-2-e |
|                                                                         |                                                                      |                                   |           | SC2AXI Bridge      | (Rev.   |                       |            |                      |
|                                                                         |                                                                      |                                   |           |                    | 8)      |                       |            |                      |
+-------------------------------------------------------------------------+----------------------------------------------------------------------+-----------------------------------+-----------+--------------------+---------+-----------------------+------------+----------------------+
| bd_acc6_m00wn_0                                                         | Up-to-date                                                           | No changes required               |  *(92)    | SmartConnect Node  | 1.0     | 1.0 (Rev. 14)         | Included   | xczu7ev-ffvc1156-2-e |
|                                                                         |                                                                      |                                   |           |                    | (Rev.   |                       |            |                      |
|                                                                         |                                                                      |                                   |           |                    | 14)     |                       |            |                      |
+-------------------------------------------------------------------------+----------------------------------------------------------------------+-----------------------------------+-----------+--------------------+---------+-----------------------+------------+----------------------+
| bd_acc6_one_0                                                           | Up-to-date                                                           | No changes required               |  *(93)    | Constant           | 1.1     | 1.1 (Rev. 7)          | Included   | xczu7ev-ffvc1156-2-e |
|                                                                         |                                                                      |                                   |           |                    | (Rev.   |                       |            |                      |
|                                                                         |                                                                      |                                   |           |                    | 7)      |                       |            |                      |
+-------------------------------------------------------------------------+----------------------------------------------------------------------+-----------------------------------+-----------+--------------------+---------+-----------------------+------------+----------------------+
| bd_acc6_psr_aclk_0                                                      | Up-to-date                                                           | No changes required               |  *(94)    | Processor System   | 5.0     | 5.0 (Rev. 13)         | Included   | xczu7ev-ffvc1156-2-e |
|                                                                         |                                                                      |                                   |           | Reset              | (Rev.   |                       |            |                      |
|                                                                         |                                                                      |                                   |           |                    | 13)     |                       |            |                      |
+-------------------------------------------------------------------------+----------------------------------------------------------------------+-----------------------------------+-----------+--------------------+---------+-----------------------+------------+----------------------+
| bd_acc6_rsw_0                                                           | Up-to-date                                                           | No changes required               |  *(95)    | SmartConnect       | 1.0     | 1.0 (Rev. 6)          | Included   | xczu7ev-ffvc1156-2-e |
|                                                                         |                                                                      |                                   |           | Switchboard        | (Rev.   |                       |            |                      |
|                                                                         |                                                                      |                                   |           |                    | 6)      |                       |            |                      |
+-------------------------------------------------------------------------+----------------------------------------------------------------------+-----------------------------------+-----------+--------------------+---------+-----------------------+------------+----------------------+
| bd_acc6_s00a2s_0                                                        | Up-to-date                                                           | No changes required               |  *(96)    | SmartConnect       | 1.0     | 1.0 (Rev. 8)          | Included   | xczu7ev-ffvc1156-2-e |
|                                                                         |                                                                      |                                   |           | AXI2SC Bridge      | (Rev.   |                       |            |                      |
|                                                                         |                                                                      |                                   |           |                    | 8)      |                       |            |                      |
+-------------------------------------------------------------------------+----------------------------------------------------------------------+-----------------------------------+-----------+--------------------+---------+-----------------------+------------+----------------------+
| bd_acc6_s00mmu_0                                                        | Up-to-date                                                           | No changes required               |  *(97)    | SC MMU             | 1.0     | 1.0 (Rev. 11)         | Included   | xczu7ev-ffvc1156-2-e |
|                                                                         |                                                                      |                                   |           |                    | (Rev.   |                       |            |                      |
|                                                                         |                                                                      |                                   |           |                    | 11)     |                       |            |                      |
+-------------------------------------------------------------------------+----------------------------------------------------------------------+-----------------------------------+-----------+--------------------+---------+-----------------------+------------+----------------------+
| bd_acc6_s00sic_0                                                        | Up-to-date                                                           | No changes required               |  *(98)    | SC SI_CONVERTER    | 1.0     | 1.0 (Rev. 11)         | Included   | xczu7ev-ffvc1156-2-e |
|                                                                         |                                                                      |                                   |           |                    | (Rev.   |                       |            |                      |
|                                                                         |                                                                      |                                   |           |                    | 11)     |                       |            |                      |
+-------------------------------------------------------------------------+----------------------------------------------------------------------+-----------------------------------+-----------+--------------------+---------+-----------------------+------------+----------------------+
| bd_acc6_s00tr_0                                                         | Up-to-date                                                           | No changes required               |  *(99)    | SC                 | 1.0     | 1.0 (Rev. 9)          | Included   | xczu7ev-ffvc1156-2-e |
|                                                                         |                                                                      |                                   |           | TRANSACTION_REGULA | (Rev.   |                       |            |                      |
|                                                                         |                                                                      |                                   |           |                    | 9)      |                       |            |                      |
+-------------------------------------------------------------------------+----------------------------------------------------------------------+-----------------------------------+-----------+--------------------+---------+-----------------------+------------+----------------------+
| bd_acc6_s01a2s_0                                                        | Up-to-date                                                           | No changes required               |  *(100)   | SmartConnect       | 1.0     | 1.0 (Rev. 8)          | Included   | xczu7ev-ffvc1156-2-e |
|                                                                         |                                                                      |                                   |           | AXI2SC Bridge      | (Rev.   |                       |            |                      |
|                                                                         |                                                                      |                                   |           |                    | 8)      |                       |            |                      |
+-------------------------------------------------------------------------+----------------------------------------------------------------------+-----------------------------------+-----------+--------------------+---------+-----------------------+------------+----------------------+
| bd_acc6_s01mmu_0                                                        | Up-to-date                                                           | No changes required               |  *(101)   | SC MMU             | 1.0     | 1.0 (Rev. 11)         | Included   | xczu7ev-ffvc1156-2-e |
|                                                                         |                                                                      |                                   |           |                    | (Rev.   |                       |            |                      |
|                                                                         |                                                                      |                                   |           |                    | 11)     |                       |            |                      |
+-------------------------------------------------------------------------+----------------------------------------------------------------------+-----------------------------------+-----------+--------------------+---------+-----------------------+------------+----------------------+
| bd_acc6_s01sic_0                                                        | Up-to-date                                                           | No changes required               |  *(102)   | SC SI_CONVERTER    | 1.0     | 1.0 (Rev. 11)         | Included   | xczu7ev-ffvc1156-2-e |
|                                                                         |                                                                      |                                   |           |                    | (Rev.   |                       |            |                      |
|                                                                         |                                                                      |                                   |           |                    | 11)     |                       |            |                      |
+-------------------------------------------------------------------------+----------------------------------------------------------------------+-----------------------------------+-----------+--------------------+---------+-----------------------+------------+----------------------+
| bd_acc6_s01tr_0                                                         | Up-to-date                                                           | No changes required               |  *(103)   | SC                 | 1.0     | 1.0 (Rev. 9)          | Included   | xczu7ev-ffvc1156-2-e |
|                                                                         |                                                                      |                                   |           | TRANSACTION_REGULA | (Rev.   |                       |            |                      |
|                                                                         |                                                                      |                                   |           |                    | 9)      |                       |            |                      |
+-------------------------------------------------------------------------+----------------------------------------------------------------------+-----------------------------------+-----------+--------------------+---------+-----------------------+------------+----------------------+
| bd_acc6_sarn_0                                                          | Up-to-date                                                           | No changes required               |  *(104)   | SmartConnect Node  | 1.0     | 1.0 (Rev. 14)         | Included   | xczu7ev-ffvc1156-2-e |
|                                                                         |                                                                      |                                   |           |                    | (Rev.   |                       |            |                      |
|                                                                         |                                                                      |                                   |           |                    | 14)     |                       |            |                      |
+-------------------------------------------------------------------------+----------------------------------------------------------------------+-----------------------------------+-----------+--------------------+---------+-----------------------+------------+----------------------+
| bd_acc6_sarn_1                                                          | Up-to-date                                                           | No changes required               |  *(105)   | SmartConnect Node  | 1.0     | 1.0 (Rev. 14)         | Included   | xczu7ev-ffvc1156-2-e |
|                                                                         |                                                                      |                                   |           |                    | (Rev.   |                       |            |                      |
|                                                                         |                                                                      |                                   |           |                    | 14)     |                       |            |                      |
+-------------------------------------------------------------------------+----------------------------------------------------------------------+-----------------------------------+-----------+--------------------+---------+-----------------------+------------+----------------------+
| bd_acc6_sawn_0                                                          | Up-to-date                                                           | No changes required               |  *(106)   | SmartConnect Node  | 1.0     | 1.0 (Rev. 14)         | Included   | xczu7ev-ffvc1156-2-e |
|                                                                         |                                                                      |                                   |           |                    | (Rev.   |                       |            |                      |
|                                                                         |                                                                      |                                   |           |                    | 14)     |                       |            |                      |
+-------------------------------------------------------------------------+----------------------------------------------------------------------+-----------------------------------+-----------+--------------------+---------+-----------------------+------------+----------------------+
| bd_acc6_sawn_1                                                          | Up-to-date                                                           | No changes required               |  *(107)   | SmartConnect Node  | 1.0     | 1.0 (Rev. 14)         | Included   | xczu7ev-ffvc1156-2-e |
|                                                                         |                                                                      |                                   |           |                    | (Rev.   |                       |            |                      |
|                                                                         |                                                                      |                                   |           |                    | 14)     |                       |            |                      |
+-------------------------------------------------------------------------+----------------------------------------------------------------------+-----------------------------------+-----------+--------------------+---------+-----------------------+------------+----------------------+
| bd_acc6_sbn_0                                                           | Up-to-date                                                           | No changes required               |  *(108)   | SmartConnect Node  | 1.0     | 1.0 (Rev. 14)         | Included   | xczu7ev-ffvc1156-2-e |
|                                                                         |                                                                      |                                   |           |                    | (Rev.   |                       |            |                      |
|                                                                         |                                                                      |                                   |           |                    | 14)     |                       |            |                      |
+-------------------------------------------------------------------------+----------------------------------------------------------------------+-----------------------------------+-----------+--------------------+---------+-----------------------+------------+----------------------+
| bd_acc6_sbn_1                                                           | Up-to-date                                                           | No changes required               |  *(109)   | SmartConnect Node  | 1.0     | 1.0 (Rev. 14)         | Included   | xczu7ev-ffvc1156-2-e |
|                                                                         |                                                                      |                                   |           |                    | (Rev.   |                       |            |                      |
|                                                                         |                                                                      |                                   |           |                    | 14)     |                       |            |                      |
+-------------------------------------------------------------------------+----------------------------------------------------------------------+-----------------------------------+-----------+--------------------+---------+-----------------------+------------+----------------------+
| bd_acc6_srn_0                                                           | Up-to-date                                                           | No changes required               |  *(110)   | SmartConnect Node  | 1.0     | 1.0 (Rev. 14)         | Included   | xczu7ev-ffvc1156-2-e |
|                                                                         |                                                                      |                                   |           |                    | (Rev.   |                       |            |                      |
|                                                                         |                                                                      |                                   |           |                    | 14)     |                       |            |                      |
+-------------------------------------------------------------------------+----------------------------------------------------------------------+-----------------------------------+-----------+--------------------+---------+-----------------------+------------+----------------------+
| bd_acc6_srn_1                                                           | Up-to-date                                                           | No changes required               |  *(111)   | SmartConnect Node  | 1.0     | 1.0 (Rev. 14)         | Included   | xczu7ev-ffvc1156-2-e |
|                                                                         |                                                                      |                                   |           |                    | (Rev.   |                       |            |                      |
|                                                                         |                                                                      |                                   |           |                    | 14)     |                       |            |                      |
+-------------------------------------------------------------------------+----------------------------------------------------------------------+-----------------------------------+-----------+--------------------+---------+-----------------------+------------+----------------------+
| bd_acc6_swn_0                                                           | Up-to-date                                                           | No changes required               |  *(112)   | SmartConnect Node  | 1.0     | 1.0 (Rev. 14)         | Included   | xczu7ev-ffvc1156-2-e |
|                                                                         |                                                                      |                                   |           |                    | (Rev.   |                       |            |                      |
|                                                                         |                                                                      |                                   |           |                    | 14)     |                       |            |                      |
+-------------------------------------------------------------------------+----------------------------------------------------------------------+-----------------------------------+-----------+--------------------+---------+-----------------------+------------+----------------------+
| bd_acc6_swn_1                                                           | Up-to-date                                                           | No changes required               |  *(113)   | SmartConnect Node  | 1.0     | 1.0 (Rev. 14)         | Included   | xczu7ev-ffvc1156-2-e |
|                                                                         |                                                                      |                                   |           |                    | (Rev.   |                       |            |                      |
|                                                                         |                                                                      |                                   |           |                    | 14)     |                       |            |                      |
+-------------------------------------------------------------------------+----------------------------------------------------------------------+-----------------------------------+-----------+--------------------+---------+-----------------------+------------+----------------------+
| bd_acc6_wsw_0                                                           | Up-to-date                                                           | No changes required               |  *(114)   | SmartConnect       | 1.0     | 1.0 (Rev. 6)          | Included   | xczu7ev-ffvc1156-2-e |
|                                                                         |                                                                      |                                   |           | Switchboard        | (Rev.   |                       |            |                      |
|                                                                         |                                                                      |                                   |           |                    | 6)      |                       |            |                      |
+-------------------------------------------------------------------------+----------------------------------------------------------------------+-----------------------------------+-----------+--------------------+---------+-----------------------+------------+----------------------+
*(1) /tools/Xilinx/Vivado/2022.2/data/ip/xilinx/axi_interconnect_v2_1/doc/axi_interconnect_v2_1_changelog.txt
*(2) /tools/Xilinx/Vivado/2022.2/data/ip/xilinx/proc_sys_reset_v5_0/doc/proc_sys_reset_v5_0_changelog.txt
*(3) /tools/Xilinx/Vivado/2022.2/data/ip/xilinx/smartconnect_v1_0/doc/smartconnect_v1_0_changelog.txt
*(4) /tools/Xilinx/Vivado/2022.2/data/ip/xilinx/zynq_ultra_ps_e_v3_4/doc/zynq_ultra_ps_e_v3_4_changelog.txt
*(5) /tools/Xilinx/Vivado/2022.2/data/ip/xilinx/axis_data_fifo_v2_0/doc/axis_data_fifo_v2_0_changelog.txt
*(6) /tools/Xilinx/Vivado/2022.2/data/ip/xilinx/axis_data_fifo_v2_0/doc/axis_data_fifo_v2_0_changelog.txt
*(7) /tools/Xilinx/Vivado/2022.2/data/ip/xilinx/axis_data_fifo_v2_0/doc/axis_data_fifo_v2_0_changelog.txt
*(8) /tools/Xilinx/Vivado/2022.2/data/ip/xilinx/axis_data_fifo_v2_0/doc/axis_data_fifo_v2_0_changelog.txt
*(9) /tools/Xilinx/Vivado/2022.2/data/ip/xilinx/axis_data_fifo_v2_0/doc/axis_data_fifo_v2_0_changelog.txt
*(10) /tools/Xilinx/Vivado/2022.2/data/ip/xilinx/axis_data_fifo_v2_0/doc/axis_data_fifo_v2_0_changelog.txt
*(11) /tools/Xilinx/Vivado/2022.2/data/ip/xilinx/axis_data_fifo_v2_0/doc/axis_data_fifo_v2_0_changelog.txt
*(12) /tools/Xilinx/Vivado/2022.2/data/ip/xilinx/axis_data_fifo_v2_0/doc/axis_data_fifo_v2_0_changelog.txt
*(13) /tools/Xilinx/Vivado/2022.2/data/ip/xilinx/axis_data_fifo_v2_0/doc/axis_data_fifo_v2_0_changelog.txt
*(14) /tools/Xilinx/Vivado/2022.2/data/ip/xilinx/axis_data_fifo_v2_0/doc/axis_data_fifo_v2_0_changelog.txt
*(15) /tools/Xilinx/Vivado/2022.2/data/ip/xilinx/axis_data_fifo_v2_0/doc/axis_data_fifo_v2_0_changelog.txt
*(16) /tools/Xilinx/Vivado/2022.2/data/ip/xilinx/axis_data_fifo_v2_0/doc/axis_data_fifo_v2_0_changelog.txt
*(17) /tools/Xilinx/Vivado/2022.2/data/ip/xilinx/axis_data_fifo_v2_0/doc/axis_data_fifo_v2_0_changelog.txt
*(18) /tools/Xilinx/Vivado/2022.2/data/ip/xilinx/axis_data_fifo_v2_0/doc/axis_data_fifo_v2_0_changelog.txt
*(19) /tools/Xilinx/Vivado/2022.2/data/ip/xilinx/axis_data_fifo_v2_0/doc/axis_data_fifo_v2_0_changelog.txt
*(20) /tools/Xilinx/Vivado/2022.2/data/ip/xilinx/axis_data_fifo_v2_0/doc/axis_data_fifo_v2_0_changelog.txt
*(21) /tools/Xilinx/Vivado/2022.2/data/ip/xilinx/axis_data_fifo_v2_0/doc/axis_data_fifo_v2_0_changelog.txt
*(22) /tools/Xilinx/Vivado/2022.2/data/ip/xilinx/axis_data_fifo_v2_0/doc/axis_data_fifo_v2_0_changelog.txt
*(23) /tools/Xilinx/Vivado/2022.2/data/ip/xilinx/axis_data_fifo_v2_0/doc/axis_data_fifo_v2_0_changelog.txt
*(24) /tools/Xilinx/Vivado/2022.2/data/ip/xilinx/axis_data_fifo_v2_0/doc/axis_data_fifo_v2_0_changelog.txt
*(25) /tools/Xilinx/Vivado/2022.2/data/ip/xilinx/axis_data_fifo_v2_0/doc/axis_data_fifo_v2_0_changelog.txt
*(26) /tools/Xilinx/Vivado/2022.2/data/ip/xilinx/axis_data_fifo_v2_0/doc/axis_data_fifo_v2_0_changelog.txt
*(27) /tools/Xilinx/Vivado/2022.2/data/ip/xilinx/axis_data_fifo_v2_0/doc/axis_data_fifo_v2_0_changelog.txt
*(28) /tools/Xilinx/Vivado/2022.2/data/ip/xilinx/axis_data_fifo_v2_0/doc/axis_data_fifo_v2_0_changelog.txt
*(29) /tools/Xilinx/Vivado/2022.2/data/ip/xilinx/axis_data_fifo_v2_0/doc/axis_data_fifo_v2_0_changelog.txt
*(30) /tools/Xilinx/Vivado/2022.2/data/ip/xilinx/axis_data_fifo_v2_0/doc/axis_data_fifo_v2_0_changelog.txt
*(31) /tools/Xilinx/Vivado/2022.2/data/ip/xilinx/axis_data_fifo_v2_0/doc/axis_data_fifo_v2_0_changelog.txt
*(32) /tools/Xilinx/Vivado/2022.2/data/ip/xilinx/axis_data_fifo_v2_0/doc/axis_data_fifo_v2_0_changelog.txt
*(33) /tools/Xilinx/Vivado/2022.2/data/ip/xilinx/axis_data_fifo_v2_0/doc/axis_data_fifo_v2_0_changelog.txt
*(34) /tools/Xilinx/Vivado/2022.2/data/ip/xilinx/axis_data_fifo_v2_0/doc/axis_data_fifo_v2_0_changelog.txt
*(35) /tools/Xilinx/Vivado/2022.2/data/ip/xilinx/axis_data_fifo_v2_0/doc/axis_data_fifo_v2_0_changelog.txt
*(36) /tools/Xilinx/Vivado/2022.2/data/ip/xilinx/axis_data_fifo_v2_0/doc/axis_data_fifo_v2_0_changelog.txt
*(37) /tools/Xilinx/Vivado/2022.2/data/ip/xilinx/axis_data_fifo_v2_0/doc/axis_data_fifo_v2_0_changelog.txt
*(38) /tools/Xilinx/Vivado/2022.2/data/ip/xilinx/axis_data_fifo_v2_0/doc/axis_data_fifo_v2_0_changelog.txt
*(39) /tools/Xilinx/Vivado/2022.2/data/ip/xilinx/axis_data_fifo_v2_0/doc/axis_data_fifo_v2_0_changelog.txt
*(40) /tools/Xilinx/Vivado/2022.2/data/ip/xilinx/axis_data_fifo_v2_0/doc/axis_data_fifo_v2_0_changelog.txt
*(41) /tools/Xilinx/Vivado/2022.2/data/ip/xilinx/axis_data_fifo_v2_0/doc/axis_data_fifo_v2_0_changelog.txt
*(42) /tools/Xilinx/Vivado/2022.2/data/ip/xilinx/axis_data_fifo_v2_0/doc/axis_data_fifo_v2_0_changelog.txt
*(43) /tools/Xilinx/Vivado/2022.2/data/ip/xilinx/axis_data_fifo_v2_0/doc/axis_data_fifo_v2_0_changelog.txt
*(44) /tools/Xilinx/Vivado/2022.2/data/ip/xilinx/axis_data_fifo_v2_0/doc/axis_data_fifo_v2_0_changelog.txt
*(45) /tools/Xilinx/Vivado/2022.2/data/ip/xilinx/axis_data_fifo_v2_0/doc/axis_data_fifo_v2_0_changelog.txt
*(46) /tools/Xilinx/Vivado/2022.2/data/ip/xilinx/axis_data_fifo_v2_0/doc/axis_data_fifo_v2_0_changelog.txt
*(47) /tools/Xilinx/Vivado/2022.2/data/ip/xilinx/axis_data_fifo_v2_0/doc/axis_data_fifo_v2_0_changelog.txt
*(48) /tools/Xilinx/Vivado/2022.2/data/ip/xilinx/axis_data_fifo_v2_0/doc/axis_data_fifo_v2_0_changelog.txt
*(49) /tools/Xilinx/Vivado/2022.2/data/ip/xilinx/axis_data_fifo_v2_0/doc/axis_data_fifo_v2_0_changelog.txt
*(50) /tools/Xilinx/Vivado/2022.2/data/ip/xilinx/axis_data_fifo_v2_0/doc/axis_data_fifo_v2_0_changelog.txt
*(51) /tools/Xilinx/Vivado/2022.2/data/ip/xilinx/axis_data_fifo_v2_0/doc/axis_data_fifo_v2_0_changelog.txt
*(52) /tools/Xilinx/Vivado/2022.2/data/ip/xilinx/axis_data_fifo_v2_0/doc/axis_data_fifo_v2_0_changelog.txt
*(53) /tools/Xilinx/Vivado/2022.2/data/ip/xilinx/axis_data_fifo_v2_0/doc/axis_data_fifo_v2_0_changelog.txt
*(54) /tools/Xilinx/Vivado/2022.2/data/ip/xilinx/axis_data_fifo_v2_0/doc/axis_data_fifo_v2_0_changelog.txt
*(55) /tools/Xilinx/Vivado/2022.2/data/ip/xilinx/axis_data_fifo_v2_0/doc/axis_data_fifo_v2_0_changelog.txt
*(56) /tools/Xilinx/Vivado/2022.2/data/ip/xilinx/axis_data_fifo_v2_0/doc/axis_data_fifo_v2_0_changelog.txt
*(57) /tools/Xilinx/Vivado/2022.2/data/ip/xilinx/axis_data_fifo_v2_0/doc/axis_data_fifo_v2_0_changelog.txt
*(58) /tools/Xilinx/Vivado/2022.2/data/ip/xilinx/axis_data_fifo_v2_0/doc/axis_data_fifo_v2_0_changelog.txt
*(59) /tools/Xilinx/Vivado/2022.2/data/ip/xilinx/axis_data_fifo_v2_0/doc/axis_data_fifo_v2_0_changelog.txt
*(60) /tools/Xilinx/Vivado/2022.2/data/ip/xilinx/axis_data_fifo_v2_0/doc/axis_data_fifo_v2_0_changelog.txt
*(61) /tools/Xilinx/Vivado/2022.2/data/ip/xilinx/axis_data_fifo_v2_0/doc/axis_data_fifo_v2_0_changelog.txt
*(62) /tools/Xilinx/Vivado/2022.2/data/ip/xilinx/axis_data_fifo_v2_0/doc/axis_data_fifo_v2_0_changelog.txt
*(63) /tools/Xilinx/Vivado/2022.2/data/ip/xilinx/axis_data_fifo_v2_0/doc/axis_data_fifo_v2_0_changelog.txt
*(64) /tools/Xilinx/Vivado/2022.2/data/ip/xilinx/axis_data_fifo_v2_0/doc/axis_data_fifo_v2_0_changelog.txt
*(65) /tools/Xilinx/Vivado/2022.2/data/ip/xilinx/axis_data_fifo_v2_0/doc/axis_data_fifo_v2_0_changelog.txt
*(66) /tools/Xilinx/Vivado/2022.2/data/ip/xilinx/axis_data_fifo_v2_0/doc/axis_data_fifo_v2_0_changelog.txt
*(67) /tools/Xilinx/Vivado/2022.2/data/ip/xilinx/axis_data_fifo_v2_0/doc/axis_data_fifo_v2_0_changelog.txt
*(68) /tools/Xilinx/Vivado/2022.2/data/ip/xilinx/axis_data_fifo_v2_0/doc/axis_data_fifo_v2_0_changelog.txt
*(69) /tools/Xilinx/Vivado/2022.2/data/ip/xilinx/axis_data_fifo_v2_0/doc/axis_data_fifo_v2_0_changelog.txt
*(70) /tools/Xilinx/Vivado/2022.2/data/ip/xilinx/axis_data_fifo_v2_0/doc/axis_data_fifo_v2_0_changelog.txt
*(71) /tools/Xilinx/Vivado/2022.2/data/ip/xilinx/axis_data_fifo_v2_0/doc/axis_data_fifo_v2_0_changelog.txt
*(72) /tools/Xilinx/Vivado/2022.2/data/ip/xilinx/axis_data_fifo_v2_0/doc/axis_data_fifo_v2_0_changelog.txt
*(73) /tools/Xilinx/Vivado/2022.2/data/ip/xilinx/axis_data_fifo_v2_0/doc/axis_data_fifo_v2_0_changelog.txt
*(74) /tools/Xilinx/Vivado/2022.2/data/ip/xilinx/axis_data_fifo_v2_0/doc/axis_data_fifo_v2_0_changelog.txt
*(75) /tools/Xilinx/Vivado/2022.2/data/ip/xilinx/axis_data_fifo_v2_0/doc/axis_data_fifo_v2_0_changelog.txt
*(76) /tools/Xilinx/Vivado/2022.2/data/ip/xilinx/axis_data_fifo_v2_0/doc/axis_data_fifo_v2_0_changelog.txt
*(77) /tools/Xilinx/Vivado/2022.2/data/ip/xilinx/axis_data_fifo_v2_0/doc/axis_data_fifo_v2_0_changelog.txt
*(78) /tools/Xilinx/Vivado/2022.2/data/ip/xilinx/axis_data_fifo_v2_0/doc/axis_data_fifo_v2_0_changelog.txt
*(79) /tools/Xilinx/Vivado/2022.2/data/ip/xilinx/axis_data_fifo_v2_0/doc/axis_data_fifo_v2_0_changelog.txt
*(80) /tools/Xilinx/Vivado/2022.2/data/ip/xilinx/axis_data_fifo_v2_0/doc/axis_data_fifo_v2_0_changelog.txt
*(81) /tools/Xilinx/Vivado/2022.2/data/ip/xilinx/axis_data_fifo_v2_0/doc/axis_data_fifo_v2_0_changelog.txt
*(82) /tools/Xilinx/Vivado/2022.2/data/ip/xilinx/axis_data_fifo_v2_0/doc/axis_data_fifo_v2_0_changelog.txt
*(83) /tools/Xilinx/Vivado/2022.2/data/ip/xilinx/sc_switchboard_v1_0/doc/sc_switchboard_v1_0_changelog.txt
*(84) /tools/Xilinx/Vivado/2022.2/data/ip/xilinx/sc_switchboard_v1_0/doc/sc_switchboard_v1_0_changelog.txt
*(85) /tools/Xilinx/Vivado/2022.2/data/ip/xilinx/sc_switchboard_v1_0/doc/sc_switchboard_v1_0_changelog.txt
*(86) /tools/Xilinx/Vivado/2022.2/data/ip/xilinx/sc_node_v1_0/doc/sc_node_v1_0_changelog.txt
*(87) /tools/Xilinx/Vivado/2022.2/data/ip/xilinx/sc_node_v1_0/doc/sc_node_v1_0_changelog.txt
*(88) /tools/Xilinx/Vivado/2022.2/data/ip/xilinx/sc_node_v1_0/doc/sc_node_v1_0_changelog.txt
*(89) /tools/Xilinx/Vivado/2022.2/data/ip/xilinx/sc_exit_v1_0/doc/sc_exit_v1_0_changelog.txt
*(90) /tools/Xilinx/Vivado/2022.2/data/ip/xilinx/sc_node_v1_0/doc/sc_node_v1_0_changelog.txt
*(91) /tools/Xilinx/Vivado/2022.2/data/ip/xilinx/sc_sc2axi_v1_0/doc/sc_sc2axi_v1_0_changelog.txt
*(92) /tools/Xilinx/Vivado/2022.2/data/ip/xilinx/sc_node_v1_0/doc/sc_node_v1_0_changelog.txt
*(93) /tools/Xilinx/Vivado/2022.2/data/ip/xilinx/xlconstant_v1_1/doc/xlconstant_v1_1_changelog.txt
*(94) /tools/Xilinx/Vivado/2022.2/data/ip/xilinx/proc_sys_reset_v5_0/doc/proc_sys_reset_v5_0_changelog.txt
*(95) /tools/Xilinx/Vivado/2022.2/data/ip/xilinx/sc_switchboard_v1_0/doc/sc_switchboard_v1_0_changelog.txt
*(96) /tools/Xilinx/Vivado/2022.2/data/ip/xilinx/sc_axi2sc_v1_0/doc/sc_axi2sc_v1_0_changelog.txt
*(97) /tools/Xilinx/Vivado/2022.2/data/ip/xilinx/sc_mmu_v1_0/doc/sc_mmu_v1_0_changelog.txt
*(98) /tools/Xilinx/Vivado/2022.2/data/ip/xilinx/sc_si_converter_v1_0/doc/sc_si_converter_v1_0_changelog.txt
*(99) /tools/Xilinx/Vivado/2022.2/data/ip/xilinx/sc_transaction_regulator_v1_0/doc/sc_transaction_regulator_v1_0_changelog.txt
*(100) /tools/Xilinx/Vivado/2022.2/data/ip/xilinx/sc_axi2sc_v1_0/doc/sc_axi2sc_v1_0_changelog.txt
*(101) /tools/Xilinx/Vivado/2022.2/data/ip/xilinx/sc_mmu_v1_0/doc/sc_mmu_v1_0_changelog.txt
*(102) /tools/Xilinx/Vivado/2022.2/data/ip/xilinx/sc_si_converter_v1_0/doc/sc_si_converter_v1_0_changelog.txt
*(103) /tools/Xilinx/Vivado/2022.2/data/ip/xilinx/sc_transaction_regulator_v1_0/doc/sc_transaction_regulator_v1_0_changelog.txt
*(104) /tools/Xilinx/Vivado/2022.2/data/ip/xilinx/sc_node_v1_0/doc/sc_node_v1_0_changelog.txt
*(105) /tools/Xilinx/Vivado/2022.2/data/ip/xilinx/sc_node_v1_0/doc/sc_node_v1_0_changelog.txt
*(106) /tools/Xilinx/Vivado/2022.2/data/ip/xilinx/sc_node_v1_0/doc/sc_node_v1_0_changelog.txt
*(107) /tools/Xilinx/Vivado/2022.2/data/ip/xilinx/sc_node_v1_0/doc/sc_node_v1_0_changelog.txt
*(108) /tools/Xilinx/Vivado/2022.2/data/ip/xilinx/sc_node_v1_0/doc/sc_node_v1_0_changelog.txt
*(109) /tools/Xilinx/Vivado/2022.2/data/ip/xilinx/sc_node_v1_0/doc/sc_node_v1_0_changelog.txt
*(110) /tools/Xilinx/Vivado/2022.2/data/ip/xilinx/sc_node_v1_0/doc/sc_node_v1_0_changelog.txt
*(111) /tools/Xilinx/Vivado/2022.2/data/ip/xilinx/sc_node_v1_0/doc/sc_node_v1_0_changelog.txt
*(112) /tools/Xilinx/Vivado/2022.2/data/ip/xilinx/sc_node_v1_0/doc/sc_node_v1_0_changelog.txt
*(113) /tools/Xilinx/Vivado/2022.2/data/ip/xilinx/sc_node_v1_0/doc/sc_node_v1_0_changelog.txt
*(114) /tools/Xilinx/Vivado/2022.2/data/ip/xilinx/sc_switchboard_v1_0/doc/sc_switchboard_v1_0_changelog.txt



# close $fp
# puts "=== end report ==="
=== end report ===
# puts "=== per-cell VLNV + IS_LOCKED ==="
=== per-cell VLNV + IS_LOCKED ===
# foreach cell [get_bd_cells -hierarchical] {
#     if {[get_property IS_LOCKED $cell] == 1} {
#         puts "LOCKED: $cell  VLNV=[get_property VLNV $cell]  CONFIG.Component_Name=[get_property CONFIG.Component_Name $cell]"
#     }
# }
# puts "=== end per-cell ==="
=== end per-cell ===
INFO: [Common 17-206] Exiting Vivado at Sun Sep 20 03:52:29 2026...
