stem,view,dice_f1,precision,recall_sensitivity,accuracy
test_1,6x6 only,0.47605352506471893,0.36618939347362733,0.680095868522392,0.9499626159667606
test_1,5x5 only,0.49379969513430816,0.3863709625424625,0.6839762611268158,0.9531288146972292
test_1,OR (6x6 | 5x5),0.42705369000176213,0.2953551434568337,0.7707144487551121,0.9308776855468395
test_1,confidence blend,0.47059277257107074,0.3553911574530463,0.6963022141055737,0.9476356506347294
test_10,6x6 only,0.7085847641271183,0.6289654356056883,0.8112833040683936,0.9666557312011349
test_10,5x5 only,0.809199508763794,0.7894278245710212,0.8299870219094357,0.9804420471191032
test_10,OR (6x6 | 5x5),0.7176141085221391,0.6011757425739473,0.8899916024117184,0.9650001525878538
test_10,confidence blend,0.7375363217863014,0.6443240159722508,0.8622795633247864,0.9693336486816037
test_100,6x6 only,0.3967383460815425,0.34863665187041937,0.4602377364804451,0.9362182617187143
test_100,5x5 only,0.577348806924594,0.532161265268282,0.6309224845131165,0.9579048156737915
test_100,OR (6x6 | 5x5),0.4831740515492375,0.36937654976958495,0.6983090574244949,0.9319229125976206
test_100,confidence blend,0.49149852641108543,0.40082404521662834,0.6351916959646449,0.940105438232386
test_101,6x6 only,0.7003691221309044,0.5601095234015914,0.9343419925764569,0.978633880615197
test_101,5x5 only,0.575569172965704,0.419125789850551,0.9183556951171591,0.9638023376464475
test_101,OR (6x6 | 5x5),0.5317230021172724,0.36656574394443847,0.9677419354824897,0.9544448852538698
test_101,confidence blend,0.6555798687086527,0.4971605575628754,0.9621752783314842,0.9729804992675409
test_102,6x6 only,0.6262764659286622,0.5388270831796438,0.7476105290054957,0.9334068298339487
test_102,5x5 only,0.6327936701154881,0.6041841004181291,0.6642473805261108,0.9424629211425422
test_102,OR (6x6 | 5x5),0.6414088127528552,0.5133890185479323,0.8544850498334503,0.9286918640136365
test_102,confidence blend,0.6527998022940765,0.5466680463574273,0.8100690007662611,0.9356880187987924
test_103,6x6 only,0.3209288278915738,0.2428027418125195,0.4731842469815226,0.9228019714355117
test_103,5x5 only,0.3763060848185401,0.3075474067560545,0.4846625766866369,0.9380645751952766
test_103,OR (6x6 | 5x5),0.3478984363791858,0.244979595135058,0.5999406293285178,0.9132957458495745
test_103,confidence blend,0.3548719268888033,0.26294706723878736,0.5456164654655198,0.9235229492187147
test_104,6x6 only,0.6718122601942216,0.5963092032309549,0.7692071924798025,0.9719390869140254
test_104,5x5 only,0.7049306938739461,0.5853642071149764,0.8858806702075134,0.972309112548791
test_104,OR (6x6 | 5x5),0.648671747026334,0.4978681534926763,0.9305271761330909,0.962364196777307
test_104,confidence blend,0.7239893289551718,0.605062770116893,0.9011033919075386,0.9743461608886347
test_105,6x6 only,0.549122176087701,0.44990892531852034,0.7044711014170753,0.9473915100097294
test_105,5x5 only,0.5100205463301188,0.4261031067084499,0.6350977267002473,0.944507598876917
test_105,OR (6x6 | 5x5),0.5101132370166576,0.3698195817919643,0.8219109135132774,0.9282112121581677
test_105,confidence blend,0.5634733364792942,0.4508155457106067,0.75119536951535,0.9470710754394169
test_106,6x6 only,0.5958162121776255,0.5732255166213996,0.6202605483177003,0.9504699707030887
test_106,5x5 only,0.6713291327151152,0.6836199946246414,0.6594724220619227,0.9619941711425414
test_106,OR (6x6 | 5x5),0.6294561120084466,0.5383906775364845,0.7575993259441586,0.9475021362304326
test_106,confidence blend,0.6379739423215817,0.5818113852394629,0.70613779246827,0.9528312683105105
test_107,6x6 only,0.33718725148324635,0.2728172639078669,0.44131305043964564,0.9586677551269165
test_107,5x5 only,0.3526383526381257,0.2947821409356699,0.43875100079993795,0.9616241455077758
test_107,OR (6x6 | 5x5),0.3136945629985555,0.2208216315066156,0.5413931144907264,0.9435653686523077
test_107,confidence blend,0.3390694710004409,0.26566188487355574,0.4685348278615396,0.9564857482909791
test_108,6x6 only,0.4450007663615976,0.32173463356950227,0.721384793770546,0.958560943603479
test_108,5x5 only,0.41105280974931824,0.2760443307756317,0.8045386781500671,0.9469070434569951
test_108,OR (6x6 | 5x5),0.3688420747817827,0.23598888374236404,0.8439622328957364,0.9334831237792612
test_108,confidence blend,0.43565330114861395,0.2983347618462726,0.8071890011581793,0.9518394470214481
test_109,6x6 only,0.533709981167357,0.4052334310428217,0.7814697366596147,0.9622192382812133
test_109,5x5 only,0.6141652613824541,0.5184587643536884,0.753205570107882,0.9738159179687128
test_109,OR (6x6 | 5x5),0.5095194162540847,0.3661182426322147,0.8375844478135426,0.9553833007812135
test_109,confidence blend,0.545007736415516,0.4067658447113601,0.8255894112769535,0.9618606567382445
test_11,6x6 only,0.4430262480698809,0.379340736823383,0.5324096981688938,0.9174346923827774
test_11,5x5 only,0.4980834077872733,0.4663500458737836,0.5344507669467253,0.933567047119105
test_11,OR (6x6 | 5x5),0.5052264018319604,0.398818686235762,0.6890771895097173,0.9167594909667619
test_11,confidence blend,0.5023548671450694,0.4237158516376668,0.6168357248882874,0.9246253967284803
test_110,6x6 only,0.5409268081418186,0.4384609983848638,0.7058890019207574,0.9595642089843384
test_110,5x5 only,0.45723221266596664,0.3494890336458797,0.6610150333438893,0.9470367431640263
test_110,OR (6x6 | 5x5),0.4619066351952328,0.3252989795445697,0.7963151350731362,0.9373855590819955
test_110,confidence blend,0.5287104622868902,0.4122557389487053,0.7368599525254471,0.9556655883788697
test_111,6x6 only,0.4387973701703192,0.36949489922820417,0.5400981996716856,0.9710197448730098
test_111,5x5 only,0.36903083430370315,0.2783428888475325,0.5473722494989137,0.9607353210448852
test_111,OR (6x6 | 5x5),0.37517489506277474,0.2586646454900719,0.6826695762853562,0.9523010253905886
test_111,confidence blend,0.4330602927350389,0.3432676955823914,0.5864702673202646,0.9677886962890255
test_112,6x6 only,0.5841308754888576,0.4841735052751198,0.7360979087443724,0.966350555419885
test_112,5x5 only,0.6483116883113821,0.5379731953910667,0.8155893536111981,0.9715919494628535
test_112,OR (6x6 | 5x5),0.5709505218705399,0.4294618242835734,0.8514733840294064,0.9589157104491821
test_112,confidence blend,0.6253156420730795,0.509539842872795,0.8091730038013198,0.9688682556151974
test_113,6x6 only,0.5638565661360418,0.46995487293130395,0.7046533713192015,0.9649696350097288
test_113,5x5 only,0.5960048919687475,0.48187211601810453,0.7809829059819788,0.9659767150878538
test_113,OR (6x6 | 5x5),0.5630191693288487,0.4242296581605535,0.8367758784415517,0.9582595825194946
test_113,confidence blend,0.5984476759743963,0.47934829212485397,0.7962962962953509,0.9656600952148069
test_114,6x6 only,0.5466379081997401,0.42104342757189095,0.7790120793779346,0.9542961120605105
test_114,5x5 only,0.5107991360689306,0.3833477415169746,0.7652070750638856,0.9481582641601201
test_114,OR (6x6 | 5x5),0.4925708308978089,0.3445663869161418,0.8634598792052809,0.9370765686034799
test_114,confidence blend,0.531392050309125,0.3889528193323715,0.8384383088860672,0.9476966857909794
test_115,6x6 only,0.4146088852546118,0.3266059773270984,0.5675272347402365,0.9590339660644165
test_115,5x5 only,0.35887891394769056,0.2833924094404051,0.48918071929489754,0.9553222656249635
test_115,OR (6x6 | 5x5),0.39387583892600925,0.27393663574288235,0.7006416952683172,0.9448776245116827
test_115,confidence blend,0.4156042058208891,0.3150315724624095,0.6105058946416796,0.9561119079589478
test_116,6x6 only,0.2734596935685403,0.1981106612684223,0.4413046745822316,0.9404869079589484
test_116,5x5 only,0.31478181170104647,0.23802556599396424,0.4646024349910347,0.9486656188964482
test_116,OR (6x6 | 5x5),0.25188881470279656,0.16437350944773235,0.5387043439041955,0.9187889099120743
test_116,confidence blend,0.30185235879172284,0.21670488044532152,0.4972192995633591,0.9416275024413703
test_117,6x6 only,0.49356840193685925,0.41253478370831487,0.614218455743301,0.9489364624023076
test_117,5x5 only,0.557229647630394,0.48891257995700854,0.6477401129937403,0.9582977294921509
test_117,OR (6x6 | 5x5),0.5169119706255976,0.38602035599740386,0.7821092278712032,0.9407768249511359
test_117,confidence blend,0.5507922054268618,0.44912384912358233,0.7119585687375594,0.9529533386230105
test_118,6x6 only,0.4420864514685345,0.3234188592904695,0.6983062808738563,0.9618911743163695
test_118,5x5 only,0.39782124288170445,0.2765195842222919,0.7087155963290248,0.953609466552698
test_118,OR (6x6 | 5x5),0.35521328925072365,0.2302184592870125,0.7771700776274221,0.9389953613280891
test_118,confidence blend,0.42484702010571046,0.2998040496405401,0.7288285109373168,0.9573326110839478
test_119,6x6 only,0.5789071231100648,0.45279720279678615,0.8023805641597874,0.9726905822753534
test_119,5x5 only,0.5289161040453609,0.38947125019239287,0.8239034730134944,0.9656639099120725
test_119,OR (6x6 | 5x5),0.4656834177610321,0.32113268208215584,0.8468938529254086,0.9545326232909792
test_119,confidence blend,0.5632765255631867,0.42489839926978107,0.8353171367995511,0.9696960449218379
test_12,6x6 only,0.42375375198609627,0.3067484662574073,0.685061845859781,0.9626502990722289
test_12,5x5 only,0.3775489396409168,0.2578511245733181,0.7046622264496581,0.9534225463866823
test_12,OR (6x6 | 5x5),0.33929284060964987,0.21466444478098537,0.8089438629860914,0.9368438720702768
test_12,confidence blend,0.42835563228289364,0.29892327384963563,0.7554709800175919,0.9595794677734009
test_120,6x6 only,0.43766304080305274,0.3236985802691491,0.6754785779388097,0.9564170837401978
test_120,5x5 only,0.42959076600187324,0.32809745151440284,0.6219993922810362,0.9585266113280884
test_120,OR (6x6 | 5x5),0.388213394589731,0.26254888305551904,0.7446065025816703,0.9410743713378547
test_120,confidence blend,0.41331548086226816,0.2968760363465564,0.6800364630800972,0.9515266418456668
test_121,6x6 only,0.516313788084824,0.40173874926913955,0.7223170891885954,0.960697174072229
test_121,5x5 only,0.5167724388030407,0.3848874598068264,0.7861552607371783,0.9573020935058228
test_121,OR (6x6 | 5x5),0.44775162886728814,0.3071212269217998,0.8259556022582084,0.9408302307128547
test_121,confidence blend,0.4986235088009933,0.36531996821687834,0.7851044266376132,0.9541473388671511
test_122,6x6 only,0.4657236126219933,0.3371406065375645,0.7528583992941869,0.9775238037109002
test_122,5x5 only,0.39984043614094816,0.25855546001697455,0.8815596599211916,0.9655647277831663
test_122,OR (6x6 | 5x5),0.34837391452389554,0.21600506756741553,0.8997361477546182,0.9562034606933228
test_122,confidence blend,0.4717527764361244,0.32512479201295047,0.8592788038673138,0.9749603271484003
test_123,6x6 only,0.45792765490975695,0.3627541117577252,0.6208041958031105,0.9679298400878537
test_123,5x5 only,0.39065371488559164,0.2791744840523233,0.6503496503485134,0.9557304382323853
test_123,OR (6x6 | 5x5),0.3982172013589876,0.266336107667631,0.7888111888098098,0.9479789733886357
test_123,confidence blend,0.47568076221815225,0.35841531507546004,0.706993006991771,0.9659919738769163
test_124,6x6 only,0.5601856091825991,0.44780125921204167,0.7478806651444833,0.9450416564941045
test_124,5x5 only,0.5226070528965608,0.42576441617051825,0.67647538310998,0.9421615600585578
test_124,OR (6x6 | 5x5),0.5137873795306311,0.36906922940011777,0.8452070427120596,0.9251365661620741
test_124,confidence blend,0.5701817312289066,0.45016046818932876,0.7774698402341234,0.9451446533202764
test_125,6x6 only,0.46651399206810784,0.33912619782333997,0.7471819645719321,0.9635658264159789
test_125,5x5 only,0.3681865959255377,0.25559416261274803,0.6580783682221183,0.9518470764159793
test_125,OR (6x6 | 5x5),0.3578439132498188,0.22973728339842991,0.80891035963355,0.9381027221679329
test_125,confidence blend,0.4427538173048793,0.31599877638397367,0.7393093576655229,0.9603233337401977
test_126,6x6 only,0.6441929832866238,0.6089330469026991,0.6837873153077275,0.9426651000976203
test_126,5x5 only,0.5967505928652816,0.5991388044576499,0.594381344858481,0.9390258789062141
test_126,OR (6x6 | 5x5),0.6447574334896915,0.5565941288153364,0.766107146446494,0.9359207153319955
test_126,confidence blend,0.6572179677675947,0.6028011909252305,0.7224344155187845,0.9427986145019172
test_127,6x6 only,0.6707086343306369,0.5595895816886276,0.8368923704251132,0.9707870483398067
test_127,5x5 only,0.6073032145267185,0.4822059565872777,0.8200450692125548,0.9622993469237914
test_127,OR (6x6 | 5x5),0.5721637105902184,0.4205244578918706,0.8948385019842312,0.9524269104003542
test_127,confidence blend,0.6286603149910057,0.4929860941690089,0.8673677433191679,0.9635734558105101
test_128,6x6 only,0.3244774214136251,0.21110822735519796,0.7008443908311204,0.9354019165038705
test_128,5x5 only,0.41617908929008046,0.275993926783852,0.8457694296039191,0.9474716186523076
test_128,OR (6x6 | 5x5),0.34854602829888753,0.21700185905010266,0.8850594520060572,0.9267616271972302
test_128,confidence blend,0.36397566528557307,0.23230109575977498,0.8402550404948471,0.9349937438964486
test_129,6x6 only,0.4086252759067244,0.27975821450691274,0.7576075550876021,0.9601402282714477
test_129,5x5 only,0.4125222024864495,0.28043166553446497,0.7798530954862962,0.9596252441405884
test_129,OR (6x6 | 5x5),0.3332155338279604,0.20495604289430733,0.8904512067137661,0.9352226257323861
test_129,confidence blend,0.41165149544842045,0.2736514522819684,0.8304302203550253,0.9568519592284791
test_13,6x6 only,0.57288726548208,0.45677786603093934,0.7681433659831164,0.9607467651366821
test_13,5x5 only,0.5131698850073712,0.42052485598433925,0.6581700801417428,0.9572029113769166
test_13,OR (6x6 | 5x5),0.5227092730964764,0.3784214987284347,0.8448352626882848,0.9471244812011357
test_13,confidence blend,0.5613164836027867,0.4342449899491781,0.7935218165618949,0.9574928283691041
test_130,6x6 only,0.6564889521698423,0.5601097813369207,0.7929299363052273,0.9503021240234012
test_130,5x5 only,0.6624436332401057,0.5724624234549209,0.7859872611459962,0.9520263671874637
test_130,OR (6x6 | 5x5),0.6375030830286246,0.49192013564466175,0.9054777070057927,0.9383277893066048
test_130,confidence blend,0.7086695367480321,0.5952535619935926,0.8754777070058117,0.9568901062011353
test_131,6x6 only,0.5335803172791234,0.4066459132698135,0.7757215854153077,0.9625396728515258
test_131,5x5 only,0.48602843915323823,0.3468231962714018,0.811904433088231,0.9525680541991823
test_131,OR (6x6 | 5x5),0.42476209690963895,0.28073606542791324,0.8722552133671146,0.9347419738769174
test_131,confidence blend,0.524716157205011,0.3836771185897032,0.8297196519806246,0.9584808349609009
test_132,6x6 only,0.46842532467513454,0.406122448979306,0.5533077660589134,0.9500350952148074
test_132,5x5 only,0.4680882680732342,0.3820960698687639,0.6040268456370047,0.9453811645507452
test_132,OR (6x6 | 5x5),0.46035108958823845,0.336355594869378,0.7291466922332415,0.9319839477538706
test_132,confidence blend,0.5053288276577276,0.412388629613666,0.6523489932879651,0.9491844177245731
test_133,6x6 only,0.5525638938627535,0.4568998007858413,0.6988963926859669,0.9475746154784794
test_133,5x5 only,0.6212359212591085,0.5227515608298988,0.7654422665122999,0.9567680358886353
test_133,OR (6x6 | 5x5),0.549232892280069,0.4089865001005807,0.8358590018112041,0.9364509582519174
test_133,confidence blend,0.6024096385540264,0.4889379395305739,0.7844671388562143,0.9520378112792605
test_134,6x6 only,0.6036422294856715,0.5051868694042169,0.7497627333114523,0.9643821716308225
test_134,5x5 only,0.6153176675367209,0.5238201081717982,0.7455446588624427,0.9662780761718381
test_134,OR (6x6 | 5x5),0.571279663666804,0.42600269457952844,0.8669197511326933,0.9529304504394167
test_134,confidence blend,0.6408644562222602,0.5249730748515583,0.8224190656956423,0.9666557312011349
test_135,6x6 only,0.5450713554521918,0.535051424517632,0.5554737358854253,0.971179962158166
test_135,5x5 only,0.5818695283814844,0.5389766663173182,0.6321796759933331,0.971759796142541
test_135,OR (6x6 | 5x5),0.5819200988073812,0.47469580717625764,0.7517182130574966,0.9664268493651975
test_135,confidence blend,0.6180934377528392,0.5519436674056603,0.7022582228759177,0.9730262756347284
test_136,6x6 only,0.5653258158947385,0.43356061865921036,0.8121495327090154,0.9694137573241818
test_136,5x5 only,0.5556190041111492,0.4386043995668602,0.7577881619925891,0.9703140258788692
test_136,OR (6x6 | 5x5),0.4872807017541722,0.3391330891328821,0.8652647975064404,0.9554061889648072
test_136,confidence blend,0.5687299893273379,0.43254870129835016,0.8300623052946572,0.9691696166991818
test_137,6x6 only,0.5519313304719338,0.4548532161081022,0.7016914802395341,0.9442443847655889
test_137,5x5 only,0.576677000197686,0.49979991996770146,0.6815028451160016,0.9510345458984012
test_137,OR (6x6 | 5x5),0.5614682715053003,0.4212107028627735,0.8417647517336957,0.9356498718261361
test_137,confidence blend,0.5931600079731774,0.46729181622376736,0.8118325668401185,0.9454994201659795
test_138,6x6 only,0.5198017419755931,0.3766387726636146,0.8385343890687184,0.9619331359862914
test_138,5x5 only,0.43276747305590785,0.30820925023039386,0.7262847383935316,0.9532203674316042
test_138,OR (6x6 | 5x5),0.4120478303375152,0.2718701930232363,0.850644309888448,0.9403533935546516
test_138,confidence blend,0.47244728949349907,0.33192854447079384,0.8192827200732506,0.9550437927245728
test_139,6x6 only,0.5356049382713404,0.38085539714840866,0.9021793378790515,0.9641265869140256
test_139,5x5 only,0.5223498149375903,0.3653986589654349,0.9156546331709937,0.961601257324182
test_139,OR (6x6 | 5x5),0.4340678423955412,0.28258466485766126,0.9356180336035009,0.9440574645995733
test_139,confidence blend,0.530772923667532,0.3730346177202422,0.9196473132574952,0.9627151489257445
test_14,6x6 only,0.5508784773057509,0.49026793712803135,0.6285893285991139,0.9625549316405883
test_14,5x5 only,0.5890317597343864,0.521396396395977,0.6768299049799761,0.965496063232385
test_14,OR (6x6 | 5x5),0.5700224361291996,0.43617433682204343,0.8223869687785085,0.9546737670898073
test_14,confidence blend,0.6183062732164872,0.5150187734664754,0.7734154745736938,0.9651145935058225
test_140,6x6 only,0.4232227050009954,0.3454051607056807,0.5463007159891496,0.9762001037597283
test_140,5x5 only,0.3940551311853254,0.3021390374327704,0.5663484486859992,0.9721603393554317
test_140,OR (6x6 | 5x5),0.39535192563054755,0.2738730450779449,0.7105011933157267,0.9652633666991819
test_140,confidence blend,0.44793779580759974,0.3467678618158247,0.6324582338887054,0.9750823974609003
test_141,6x6 only,0.5594015365950022,0.4180466578022374,0.8451857282492117,0.9584350585937134
test_141,5x5 only,0.46911525239715246,0.3332476479356674,0.7920332355806549,0.9440345764159795
test_141,OR (6x6 | 5x5),0.4454056651946636,0.29529613255255693,0.9059139784935167,0.9295692443847301
test_141,confidence blend,0.5106568073073399,0.3630179344463188,0.8607038123156638,0.9485015869140263
test_142,6x6 only,0.33773605501564363,0.32232524221239467,0.35469448584162017,0.9537124633788698
test_142,5x5 only,0.23044422984051757,0.24333970681932016,0.21884672704319744,0.951362609863245
test_142,OR (6x6 | 5x5),0.3323153803440994,0.27860966715782554,0.4116702969157266,0.9449539184569952
test_142,confidence blend,0.3347774714452626,0.32872928176759253,0.3410523902323271,0.9548988342284792
test_143,6x6 only,0.630992614845215,0.5126614461504563,0.8203417412523837,0.9550170898437135
test_143,5x5 only,0.6139140037267534,0.5330177372959414,0.723759153782975,0.957321166992151
test_143,OR (6x6 | 5x5),0.5938062264869436,0.446498852082467,0.8861676159472041,0.9431610107421515
test_143,confidence blend,0.6608469539373882,0.5333266713298025,0.8685109845395699,0.9582061767577759
test_144,6x6 only,0.5880516065409697,0.49450625388674274,0.7252457687232945,0.961753845214807
test_144,5x5 only,0.5701891882037801,0.4452351132867783,0.792642140467424,0.9550209045409791
test_144,OR (6x6 | 5x5),0.521694495606594,0.3715379322207244,0.8755447451090751,0.9395713806151985
test_144,confidence blend,0.618119351706394,0.48938560700107064,0.8387554474502495,0.960990905761682
test_145,6x6 only,0.5114123608642595,0.4506870229004193,0.591050155170096,0.9569664001464478
test_145,5x5 only,0.4918149783663447,0.443523732903907,0.5519070978070358,0.9565391540526978
test_145,OR (6x6 | 5x5),0.500916654914504,0.38661224489774876,0.7111823005298716,0.9459991455077764
test_145,confidence blend,0.5311179487177308,0.4499513415817809,0.6480128140948562,0.9564018249511353
test_146,6x6 only,0.23993511281504207,0.13944120671911256,0.8590285110831097,0.9606781005859009
test_146,5x5 only,0.24560031286640044,0.15070794336434998,0.663146779299561,0.9705657958984004
test_146,OR (6x6 | 5x5),0.21196666252008212,0.12013536379010142,0.8996832101325255,0.951667785644495
test_146,confidence blend,0.22660166174536386,0.13023916646923178,0.8711721224874807,0.9570350646972291
test_147,6x6 only,0.5448865504766676,0.4719229126119182,0.6445380875198414,0.9366455078124643
test_147,5x5 only,0.5962108831182749,0.5591190327521376,0.6385737439217902,0.9491043090819951
test_147,OR (6x6 | 5x5),0.5565339908417151,0.4363033873341545,0.7682333873576866,0.9279594421386365
test_147,confidence blend,0.5936053511704098,0.5053758542138928,0.7191572123171999,0.9420585632323859
test_148,6x6 only,0.6561027837256546,0.591007925930707,0.7373118655926344,0.9663047790526975
test_148,5x5 only,0.6182558003049343,0.5591253272942048,0.6913720686028252,0.9627799987792601
test_148,OR (6x6 | 5x5),0.6021063787505457,0.4843866567193411,0.7954147707378408,0.9541702270507448
test_148,confidence blend,0.6394547689096721,0.5566361926988546,0.7512250612524053,0.9630699157714476
test_149,6x6 only,0.5607138645384799,0.4659001829105919,0.7039778896449471,0.9573707580566041
test_149,5x5 only,0.5199063231848088,0.4299825682739815,0.6573882143908227,0.9530792236327761
test_149,OR (6x6 | 5x5),0.4835441444841471,0.3549027758531454,0.7584641200268892,0.9373855590819955
test_149,confidence blend,0.5566352869721544,0.4522296922220118,0.7237192774644914,0.9554443359374635
test_15,6x6 only,0.5267718284822668,0.4046420343029229,0.7544948289566357,0.967498779296838
test_15,5x5 only,0.4793235972326521,0.3535147392287577,0.7441527446288876,0.9612388610839476
test_15,OR (6x6 | 5x5),0.4349615242169314,0.293350355239624,0.8408910103407464,0.9476203918456669
test_15,confidence blend,0.5071402978960398,0.37383036522760804,0.7882259347640601,0.9632682800292601
test_150,6x6 only,0.6984446734749606,0.6364839480871599,0.7737699813157702,0.9508895874023074
test_150,5x5 only,0.729717572973952,0.6708745048532316,0.7998754411455263,0.9564476013183228
test_150,OR (6x6 | 5x5),0.7038382496417696,0.5865075246495116,0.8798526053555741,0.945575714111292
test_150,confidence blend,0.7323146828223601,0.6414468550020909,0.85317625077805,0.9541549682616823
test_151,6x6 only,0.7199667451847305,0.6737551867215549,0.7729842308830905,0.9691619873046505
test_151,5x5 only,0.705525542602374,0.6132132461965988,0.8305563820285401,0.9644432067870725
test_151,OR (6x6 | 5x5),0.6961011529319987,0.5747226662788477,0.8824754537333512,0.960483551025354
test_151,confidence blend,0.7371067560595871,0.6503981797493456,0.8504909253192127,0.9688873291015255
test_152,6x6 only,0.3887629461704277,0.2598953999760728,0.7711162052534454,0.9475440979003544
test_152,5x5 only,0.4125544746223478,0.2749032030973396,0.8263092928922124,0.9490928649901982
test_152,OR (6x6 | 5x5),0.352269976833321,0.21909677419345414,0.89825427614019,0.9285392761230115
test_152,confidence blend,0.4141925519133284,0.27368600102042656,0.8511726326911458,0.9479141235351201
test_153,6x6 only,0.38442135001494077,0.31784433135870704,0.48627951499618854,0.9534530639648073
test_153,5x5 only,0.37863773860416255,0.3201340506214656,0.4633056796420379,0.9545516967773073
test_153,OR (6x6 | 5x5),0.36531125720300084,0.2678050812160006,0.5744735162724002,0.9403381347655891
test_153,confidence blend,0.41191343042050366,0.3410937107442081,0.5198468410969753,0.9556350708007447
test_154,6x6 only,0.7410086602135807,0.6357517482511925,0.8880341880331037,0.9806060791015251
test_154,5x5 only,0.7483910511795135,0.6433087460479071,0.8945054945044023,0.9812088012694937
test_154,OR (6x6 | 5x5),0.6648903642872959,0.5176142546242399,0.9293040293028947,0.9707336425780879
test_154,confidence blend,0.7186763503435531,0.5928894532175281,0.9122100122088984,0.9776878356933221
test_155,6x6 only,0.40553533719710405,0.29861708462892966,0.6317189249711203,0.9495277404784793
test_155,5x5 only,0.48344827586186057,0.3492775286495084,0.7849944008947578,0.9542846679687136
test_155,OR (6x6 | 5x5),0.41018141300170263,0.273001158748425,0.824468085105229,0.9353828430175424
test_155,confidence blend,0.4529072855798419,0.31981072191106247,0.7757558790582646,0.9489250183105107
test_156,6x6 only,0.6298211291221947,0.49297238173339186,0.8718444723852675,0.9595794677734009
test_156,5x5 only,0.626606062774909,0.49732984888052645,0.8466969726270948,0.9602012634276977
test_156,OR (6x6 | 5x5),0.5628476084536684,0.4083493282147931,0.9054067124471366,0.9445304870605108
test_156,confidence blend,0.6420754519070515,0.5027926842621274,0.8880936260751637,0.9609489440917601
test_157,6x6 only,0.44587900674301045,0.3667139778161348,0.5686338441469118,0.9338569641112925
test_157,5x5 only,0.35649284094780365,0.2879723016707873,0.46780241278083806,0.9209632873534804
test_157,OR (6x6 | 5x5),0.41913121540062365,0.30193288783491345,0.6850342354086362,0.9111404418944965
test_157,confidence blend,0.4389256149126202,0.34578211504159434,0.6007499184866313,0.9281234741210583
test_158,6x6 only,0.5548400944405694,0.3985200030830197,0.9129436694315506,0.968353271484338
test_158,5x5 only,0.44583503378204964,0.2999389871871263,0.8680911177805614,0.9533805847167605
test_158,OR (6x6 | 5x5),0.40781450266034575,0.26140211113311024,0.9270704573531219,0.9418373107909797
test_158,confidence blend,0.49310001422654093,0.33707209543546607,0.9180646300531201,0.9592247009276977
test_159,6x6 only,0.5125621057822641,0.39950563032112085,0.7148614114402252,0.9472312927245732
test_159,5x5 only,0.5342415193099573,0.40557338631595824,0.7824847650867087,0.9470481872558232
test_159,OR (6x6 | 5x5),0.4723978324676924,0.3313405653652976,0.8225869864352048,0.9286880493163708
test_159,confidence blend,0.532616273279377,0.4021254198203408,0.7884804403373417,0.9462928771972294
test_16,6x6 only,0.5892166611420897,0.49215577703904373,0.733966418936507,0.9716339111327754
test_16,5x5 only,0.5668594051150873,0.4560388902854278,0.7488301679042818,0.9682807922362912
test_16,OR (6x6 | 5x5),0.5513993297706044,0.41090712742952823,0.8378750344056732,0.962211608886682
test_16,confidence blend,0.6035477666164759,0.4932751091698748,0.7773190200925167,0.9716949462890254
test_160,6x6 only,0.489000916590004,0.37897353933548306,0.6890539231503244,0.9659729003905881
test_160,5x5 only,0.48508400960082004,0.3754423213018618,0.6851792056818128,0.9656295776366819
test_160,OR (6x6 | 5x5),0.4378945496574918,0.3021472392636183,0.7951243138508313,0.9517669677734012
test_160,confidence blend,0.49754465490232713,0.3736726919021045,0.7442686470766157,0.9644813537597288
test_161,6x6 only,0.40391392677954974,0.30923057389518205,0.582168041113204,0.9451560974120733
test_161,5x5 only,0.438056176071909,0.31578669482559885,0.7148320784023965,0.9414634704589484
test_161,OR (6x6 | 5x5),0.4007265021945208,0.26832333387373586,0.7910840205560044,0.9244804382323866
test_161,confidence blend,0.45702628844137755,0.3370614284090286,0.7095733237711132,0.946186065673792
test_162,6x6 only,0.23696635844961786,0.19833690103721524,0.2942829220616977,0.9408187866210578
test_162,5x5 only,0.27725856697807316,0.21465898432251462,0.3913999511356079,0.9362792968749643
test_162,OR (6x6 | 5x5),0.23153597550595967,0.16045075203915296,0.4157097483503351,0.913829803466762
test_162,confidence blend,0.26891287656371937,0.2133285560729392,0.36366967994091903,0.9382514953612923
test_163,6x6 only,0.5018042296622199,0.44888453052182,0.5688690969339593,0.9583930969237915
test_163,5x5 only,0.5121311748302001,0.4280943435605454,0.6372203811095306,0.9552803039550416
test_163,OR (6x6 | 5x5),0.5099726241687667,0.38828433761009784,0.7427506213745414,0.9474220275878544
test_163,confidence blend,0.5262765560937067,0.43847905596546927,0.6580364540175455,0.9563636779784791
test_164,6x6 only,0.5418201582217876,0.4445105033685647,0.6936755837317247,0.971057891845666
test_164,5x5 only,0.5363469059118148,0.42697555168901474,0.7210453069418261,0.9692459106444943
test_164,OR (6x6 | 5x5),0.4905801855841735,0.35196019097548786,0.8093397247552043,0.9585342407226196
test_164,confidence blend,0.595868772782141,0.4907435204638339,0.7583114272448457,0.9746246337890253
test_165,6x6 only,0.71135048872902,0.692803854522309,0.7309174387138386,0.9724006652831659
test_165,5x5 only,0.7071231271445939,0.7222364708893543,0.6926293350818294,0.9733047485351191
test_165,OR (6x6 | 5x5),0.7212279688930209,0.6155942028981938,0.8706239239150031,0.9686851501464474
test_165,confidence blend,0.7682780508570003,0.7276392961871497,0.8137246863976274,0.9771614074706658
test_166,6x6 only,0.4673705047837455,0.38565828160710786,0.593017414600977,0.9384155273437141
test_166,5x5 only,0.5340640447021513,0.4666958808060181,0.6241627595440186,0.9503784179687137
test_166,OR (6x6 | 5x5),0.4624339826223913,0.3498753974390522,0.6817649028795363,0.9277801513671521
test_166,confidence blend,0.49889435294877754,0.4117679106508244,0.6327863362352371,0.9420814514159797
test_167,6x6 only,0.7405348469773713,0.6920594990699486,0.7963126101177974,0.9661712646484006
test_167,5x5 only,0.7070359642768806,0.6791676327378395,0.7372892021138073,0.9629592895507445
test_167,OR (6x6 | 5x5),0.7362172207307619,0.6241029231574373,0.8974326705254861,0.9610137939452758
test_167,confidence blend,0.7675828846696607,0.6982163109595328,0.8522527057633701,0.9687118530273068
test_168,6x6 only,0.4023094939809345,0.30422604827390703,0.593729903536023,0.9581413269042602
test_168,5x5 only,0.5202526510978036,0.4067228413514481,0.7217041800631484,0.9684181213378537
test_168,OR (6x6 | 5x5),0.4305468521533899,0.2908505954731101,0.8284565916385395,0.9480018615722294
test_168,confidence blend,0.4876328752914246,0.35989284347465755,0.755948553053447,0.9623069763183226
test_169,6x6 only,0.5462787083402926,0.4248304572615156,0.7649619151242111,0.9599075317382446
test_169,5x5 only,0.5197451161228642,0.3978053006478869,0.7494861564493416,0.9562988281249635
test_169,OR (6x6 | 5x5),0.4770383610612962,0.33326929542273026,0.8389553862884306,0.9419631958007453
test_169,confidence blend,0.5387715227742342,0.40611192930755635,0.8001450852366095,0.9567756652831666
test_17,6x6 only,0.28806462735811633,0.18866950574255473,0.6087861753058322,0.9448661804198858
test_17,5x5 only,0.45513837475735636,0.31704322200366974,0.8063710181120001,0.9646263122558225
test_17,OR (6x6 | 5x5),0.34089467005062624,0.2105520991523977,0.8948573808018013,0.9365997314452768
test_17,confidence blend,0.36672388994554506,0.23594029850732182,0.8228190714119866,0.9479331970214482
test_170,6x6 only,0.526752159931608,0.3924715663065686,0.8007067137799755,0.9534034729003542
test_170,5x5 only,0.6023205406092047,0.47117494514231584,0.8346289752640346,0.96430587768551
test_170,OR (6x6 | 5x5),0.5038411856684669,0.3541188837918797,0.8729093050637539,0.9443206787109014
test_170,confidence blend,0.5256566103066542,0.38243018706095167,0.8404004711415307,0.9508781433105106
test_171,6x6 only,0.542137718396537,0.44644274001563267,0.6900498732722671,0.9456176757812139
test_171,5x5 only,0.5431261018525951,0.4578286227005059,0.6674842613027001,0.9476051330566044
test_171,OR (6x6 | 5x5),0.5379399072608385,0.40015152723486713,0.8204562178065403,0.934238433837855
test_171,confidence blend,0.5812376995406012,0.47032355915041946,0.760608290408993,0.9488639831542607
test_172,6x6 only,0.4896711222607935,0.3737657830169506,0.7097727272719206,0.9503364562987918
test_172,5x5 only,0.6124571302131804,0.5966803190336315,0.6290909090901942,0.9732742309569941
test_172,OR (6x6 | 5x5),0.5169488566938324,0.3730914588055565,0.8413636363626802,0.9472160339355107
test_172,confidence blend,0.5189882862043874,0.3863156725533787,0.7904545454536471,0.950813293456995
test_173,6x6 only,0.5181058495820176,0.4263951883255638,0.6600778447678699,0.9386253356933235
test_173,5x5 only,0.4508355494269507,0.3955980640698343,0.5240021369148103,0.9361915588378549
test_173,OR (6x6 | 5x5),0.5102233567324799,0.38332310524686125,0.7627260932605031,0.9268074035644177
test_173,confidence blend,0.5459027940829579,0.44351185082720035,0.7097611234063117,0.940979003906214
test_174,6x6 only,0.5908169350028406,0.5804199081448213,0.6015932384511578,0.9345588684081675
test_174,5x5 only,0.7061280367541346,0.6759662372275984,0.7391072035747126,0.9516868591308231
test_174,OR (6x6 | 5x5),0.7013694209707558,0.5996689198508071,0.8446106766401882,0.9435157775878545
test_174,confidence blend,0.7126452011835359,0.653371127758391,0.7837470248211086,0.9503631591796512
test_175,6x6 only,0.5471573380341754,0.48157486423553036,0.6334183673464001,0.9529647827148073
test_175,5x5 only,0.6420239474698176,0.5881811748049623,0.7067176870742289,0.9646453857421506
test_175,OR (6x6 | 5x5),0.5978014975304771,0.47801273885325957,0.7977040816319747,0.9518470764159793
test_175,confidence blend,0.6126522209425965,0.5194981951591695,0.746513605441542,0.9576530456542603
test_176,6x6 only,0.5607281691474477,0.45195638883205014,0.7384500124858582,0.9469795227050419
test_176,5x5 only,0.5960900512091867,0.4861315402392907,0.7703321401808287,0.9521598815917605
test_176,OR (6x6 | 5x5),0.5215773809522424,0.3830750614776599,0.8169483060011512,0.931320190429652
test_176,confidence blend,0.5615962469192787,0.4364903535491385,0.7872305002906956,0.9436759948730108
test_177,6x6 only,0.4461036664438063,0.3343740795285217,0.6699716713873111,0.9462318420409794
test_177,5x5 only,0.4304602925376289,0.33115066751409333,0.6148489140691514,0.9474182128905888
test_177,OR (6x6 | 5x5),0.41096880131349395,0.28469378469365514,0.738550519357013,0.9315795898437145
test_177,confidence blend,0.4435274338986537,0.3279096045195887,0.685080264399569,0.9444427490234014
test_178,6x6 only,0.23100356863066324,0.13972833526362036,0.666164658631194,0.9662971496581663
test_178,5x5 only,0.2200067362746918,0.12705205010493498,0.8197791164617482,0.9558296203612916
test_178,OR (6x6 | 5x5),0.18118466898945138,0.10123893805303762,0.8614457831282056,0.9408340454101203
test_178,confidence blend,0.23828785761547525,0.13959500215412357,0.8132530120441103,0.9604911804198852
test_179,6x6 only,0.42567112479533065,0.3241500586164096,0.6197814513860749,0.9544601440429323
test_179,5x5 only,0.39566605398065413,0.302157210401668,0.5729896329496036,0.9523391723632448
test_179,OR (6x6 | 5x5),0.3679590068194989,0.25166211410593636,0.6840851779200279,0.9360084533691049
test_179,confidence blend,0.4204789903913091,0.3191350409982446,0.6161389745017987,0.9537544250487917
test_18,6x6 only,0.5170556552959097,0.41722449795142647,0.6796874999988938,0.9702415466308223
test_18,5x5 only,0.48973624900987406,0.3913170446798488,0.6542968749989351,0.9680442810058224
test_18,OR (6x6 | 5x5),0.46276238857449303,0.3279445727480451,0.7858072916653877,0.9572372436523072
test_18,confidence blend,0.5052187303938258,0.3888840108873572,0.7208658854154933,0.9669075012206662
test_180,6x6 only,0.36475343573131386,0.2285945891172068,0.9020391843226628,0.9700241088866817
test_180,5x5 only,0.35698506671347796,0.2291288566240595,0.8076769292250793,0.9722404479980098
test_180,OR (6x6 | 5x5),0.2962533049588597,0.17661079501754834,0.9184326269455481,0.9583702087401977
test_180,confidence blend,0.3562214566137679,0.2227454909817407,0.88884446221156,0.9693489074706662
test_181,6x6 only,0.5299216472990915,0.4846638510001491,0.584502338008864,0.9526252746581667
test_181,5x5 only,0.5104308153099605,0.4378323474933155,0.6118904475612793,0.9463768005370732
test_181,OR (6x6 | 5x5),0.5199131495194909,0.40378840378821723,0.7297929191710673,0.938426971435511
test_181,confidence blend,0.5661957833461467,0.4924064699342558,0.6659986639940998,0.9533767700194948
test_182,6x6 only,0.3694595934552608,0.2711001164140409,0.5798319327713046,0.9757423400878533
test_182,5x5 only,0.44675108988950923,0.33515028811659375,0.6697790227181146,0.9796676635741813
test_182,OR (6x6 | 5x5),0.3804390282006246,0.25396328744237173,0.7578586990328109,0.969745635986291
test_182,confidence blend,0.4192618759873391,0.2989130434778646,0.7018362900693998,0.9761695861816033
test_183,6x6 only,0.5943036041537132,0.5370549268558259,0.6652136752131066,0.9594650268554321
test_183,5x5 only,0.6052209421027398,0.5277212614442219,0.709401709401103,0.9586944580077759
test_183,OR (6x6 | 5x5),0.5793208312213066,0.4602375679482282,0.7815384615377935,0.9493408203124637
test_183,confidence blend,0.6209839357427492,0.5349023968368328,0.7400854700848375,0.9596786499023071
test_184,6x6 only,0.6436432905317329,0.5459931773292561,0.7838302259637564,0.9614639282226195
test_184,5x5 only,0.7020610185218275,0.6383068485440596,0.7799639144249677,0.9706077575683223
test_184,OR (6x6 | 5x5),0.6350395339157351,0.5060714285711704,0.8522209811832182,0.9565086364745728
test_184,confidence blend,0.6530666755698797,0.5340760157271002,0.840278374430071,0.960361480712854
test_185,6x6 only,0.5136588327115975,0.36525653675359815,0.8651767455435799,0.9572143554687135
test_185,5x5 only,0.5013948908700282,0.4007870572799293,0.6694420099318297,0.9652290344237913
test_185,OR (6x6 | 5x5),0.450097564500813,0.2990205492604671,0.9097283084999858,0.9419479370116828
test_185,confidence blend,0.5292051515543431,0.3763182238665579,0.8913234005245526,0.9585838317870727
test_186,6x6 only,0.45431509912035856,0.3058193979931065,0.8831369519009404,0.958103179931604
test_186,5x5 only,0.38616961949277756,0.2482077864783014,0.8694224454300379,0.9454154968261358
test_186,OR (6x6 | 5x5),0.3482493098938151,0.21444866920142497,0.9260189298803825,0.9315490722655895
test_186,confidence blend,0.4185856011648227,0.27379889265924046,0.8883523276011429,0.9512634277343387
test_187,6x6 only,0.47125197046358946,0.34883006816904205,0.72606416975492,0.9513778686523074
test_187,5x5 only,0.49800759892479934,0.3905807108071876,0.6869487408913627,0.9586715698241821
test_187,OR (6x6 | 5x5),0.43907758427132393,0.2930724439115032,0.874984021474019,0.9332847595214487
test_187,confidence blend,0.5313379276595313,0.3901197604788083,0.8328007158368493,0.9561576843261353
test_188,6x6 only,0.3782618310479996,0.2550700864895205,0.7316082121455697,0.9570999145507447
test_188,5x5 only,0.34993559467563873,0.23359128690152364,0.6971770744210924,0.9537963867187136
test_188,OR (6x6 | 5x5),0.3107692307691082,0.19052916706965728,0.8423866552591053,0.9333496093749644
test_188,confidence blend,0.35727626066308754,0.23382887347193007,0.7568434559436338,0.9514274597167606
test_189,6x6 only,0.33113477431646093,0.21953532479836702,0.6735089704207637,0.935783386230433
test_189,5x5 only,0.379014744542089,0.24795613160506083,0.8039437530292485,0.9378242492675423
test_189,OR (6x6 | 5x5),0.3158341159006647,0.19434088875626515,0.8425731372218481,0.9138450622558245
test_189,confidence blend,0.34763695347624135,0.2251778977027436,0.7620817843853853,0.9324951171874644
test_19,6x6 only,0.4055836588331928,0.34328762668671436,0.4955018383787096,0.9291763305663707
test_19,5x5 only,0.43478895333974144,0.407369428493022,0.466166001720671,0.9408988952636359
test_19,OR (6x6 | 5x5),0.4261129207382123,0.32626678305677087,0.6140186184771853,0.9193496704101212
test_19,confidence blend,0.4219574256809961,0.34968883402749074,0.5318782758346774,0.928939819335902
test_190,6x6 only,0.5794081990029278,0.493008328875607,0.7025261324034162,0.9642677307128538
test_190,5x5 only,0.5855329949236101,0.47876314333115744,0.7535932055740923,0.9626235961913695
test_190,OR (6x6 | 5x5),0.5448944908651235,0.4037250786986339,0.8378702090583211,0.95096588134762
test_190,confidence blend,0.6089680326107664,0.5025139862612403,0.772648083622852,0.9652366638183225
test_191,6x6 only,0.47000226397989964,0.35212302821261254,0.7065229722056647,0.9464187622069951
test_191,5x5 only,0.47339935937540095,0.3504306115772646,0.729325014179547,0.9454383850097295
test_191,OR (6x6 | 5x5),0.4131688226330436,0.28043636953512835,0.7844583096984861,0.9250679016112928
test_191,confidence blend,0.4562416390901724,0.3307641263843955,0.7351106069191887,0.9410781860351203
test_192,6x6 only,0.5454067551580066,0.5564494502540139,0.5347938144323006,0.9736099243163691
test_192,5x5 only,0.5942556126924656,0.578793061323505,0.6105670103084916,0.975318908691369
test_192,OR (6x6 | 5x5),0.6054907860094528,0.5192112779871747,0.7261597938134973,0.9719886779784785
test_192,confidence blend,0.628350172423844,0.5921997947307649,0.6692010309269727,0.9765663146972283
test_193,6x6 only,0.4782834580213641,0.349029420685207,0.7595709570944562,0.961692810058557
test_193,5x5 only,0.4077846315686856,0.2870800511679209,0.7036303630351425,0.952754974365198
test_193,OR (6x6 | 5x5),0.3686138137692395,0.23756616279612913,0.8221122112197655,0.9348945617675424
test_193,confidence blend,0.47065721964306345,0.3343283582087231,0.7947194719458833,0.9586753845214477
test_194,6x6 only,0.516450293437483,0.4748512002089902,0.5660377358486153,0.9481391906737919
test_194,5x5 only,0.5537318278559382,0.5152735817384926,0.5983938874157193,0.9528083801269167
test_194,OR (6x6 | 5x5),0.5503343520225876,0.4496860010876479,0.7090285357861305,0.9433097839355109
test_194,confidence blend,0.5779150900820711,0.520868531380689,0.6489942304688531,0.9536170959472292
test_195,6x6 only,0.6385712047624507,0.497801660967026,0.890345128876461,0.9559974670409791
test_195,5x5 only,0.6343593101940829,0.49321113374042613,0.8886850152897433,0.9552726745605103
test_195,OR (6x6 | 5x5),0.5773708721420996,0.41408889057561993,0.9532546963731294,0.9390716552734016
test_195,confidence blend,0.6446811085560195,0.4930809459894973,0.9308868501520918,0.9552001953124635
test_196,6x6 only,0.7767364670276818,0.6756825612497661,0.9133329506968298,0.9651031494140256
test_196,5x5 only,0.7463226189884735,0.6563439174177201,0.8648912357223986,0.9609222412109008
test_196,OR (6x6 | 5x5),0.7234861046625713,0.5883918296890864,0.9391034839000522,0.9522895812987917
test_196,confidence blend,0.7680231455130033,0.6543948272375614,0.929403661825788,0.9626846313476195
test_197,6x6 only,0.5518680252302028,0.4429817728614714,0.7317292846104841,0.9647674560546506
test_197,5x5 only,0.5569758948134783,0.4316444947633515,0.7848687596490159,0.9629821777343383
test_197,OR (6x6 | 5x5),0.4814744872906744,0.3407645014700129,0.8201235203283324,0.9476280212401982
test_197,confidence blend,0.5508748011812993,0.42584135459816913,0.7798507462676533,0.9622993469237914
test_198,6x6 only,0.5242114988868488,0.388194314859496,0.806956296869916,0.9567832946776978
test_198,5x5 only,0.5281220209721149,0.4069254984257384,0.7521334367717195,0.9603462219237915
test_198,OR (6x6 | 5x5),0.45670257738972564,0.3101213075283313,0.866046030513491,0.9392089843749641
test_198,confidence blend,0.5306814422756654,0.3900911854100972,0.8297129557786014,0.9567031860351197
test_199,6x6 only,0.6465604120784418,0.6708752904719822,0.6239464015556343,0.96387863159176
test_199,5x5 only,0.6742460129477837,0.7457863942007285,0.6152294503273429,0.9685211181640255
test_199,OR (6x6 | 5x5),0.6734770320425397,0.6385767790258048,0.7124126503849056,0.9634208679198851
test_199,confidence blend,0.6740977416307189,0.6795256569792258,0.6687558533242066,0.9657592773437131
test_2,6x6 only,0.28784719326036873,0.1957792023599048,0.5433789954329343,0.9348602294921518
test_2,5x5 only,0.3376308205670976,0.24865951742608827,0.5257439773255775,0.9500236511230106
test_2,OR (6x6 | 5x5),0.29497526685749315,0.18591295073217134,0.7135884112726916,0.9173583984374649
test_2,confidence blend,0.32679946036015917,0.21844994960467962,0.6484018264829974,0.9352798461913705
test_20,6x6 only,0.5592255125282615,0.4246915004033994,0.8185152256047804,0.9557113647460572
test_20,5x5 only,0.5130030509950192,0.3810294593717594,0.7848410757937487,0.9488525390624638
test_20,OR (6x6 | 5x5),0.4882739494783601,0.335001654533283,0.9000889086453655,0.9352416992187143
test_20,confidence blend,0.551108934443241,0.4021339595668766,0.875416759278867,0.9510498046874637
test_200,6x6 only,0.5307656176607178,0.4536330790844773,0.6395019807578951,0.9390258789062141
test_200,5x5 only,0.5347687724285548,0.5127905466819161,0.5587153367285238,0.9475784301757451
test_200,OR (6x6 | 5x5),0.5605973290570118,0.43402521823455514,0.7913837011878951,0.9331016540526987
test_200,confidence blend,0.5753598411733923,0.4714414821507133,0.7380447085450353,0.941253662109339
test_201,6x6 only,0.3380105367480371,0.37331489802929674,0.3088067098738955,0.9515876770019168
test_201,5x5 only,0.47606679035228383,0.4636790748098448,0.48913457872618266,0.9569091796874635
test_201,OR (6x6 | 5x5),0.4694701829411303,0.40157160276358106,0.5650019062137199,0.9488906860351201
test_201,confidence blend,0.46503084820775914,0.4596406293636908,0.47054898970599446,0.9566688537597291
test_202,6x6 only,0.6389515112144591,0.6148698337986359,0.6649964209014038,0.9639549255370725
test_202,5x5 only,0.7015543647623982,0.6717612809310977,0.7341127813562919,0.9700431823730098
test_202,OR (6x6 | 5x5),0.6592532202834961,0.5586999778904717,0.8039449614246369,0.9601402282714477
test_202,confidence blend,0.699352930301091,0.6534687672742858,0.7521673427179255,0.9689826965331662
test_203,6x6 only,0.6555664637735498,0.5197384806970612,0.8875066454004386,0.9665412902831663
test_203,5x5 only,0.7266815310290196,0.6452198300745317,0.8316852737896526,0.9775543212890252
test_203,OR (6x6 | 5x5),0.6216129147723014,0.46854090222292866,0.9232323232313415,0.9596748352050415
test_203,confidence blend,0.6750525772784115,0.5384907571533689,0.904412546516848,0.9687614440917599
test_204,6x6 only,0.6188679245281263,0.49821836454979523,0.8166229876444653,0.9487571716308232
test_204,5x5 only,0.6228923920491781,0.4913494809686456,0.8506177461618489,0.9475288391112919
test_204,OR (6x6 | 5x5),0.569204428718053,0.4094252873561874,0.9335080494189939,0.9280128479003552
test_204,confidence blend,0.6386722340395917,0.491829801002875,0.9105204043422609,0.9475135803222294
test_205,6x6 only,0.4684527002228867,0.37053411932816605,0.6367124549147135,0.9281730651855115
test_205,5x5 only,0.5615072711196119,0.4658067779461478,0.7066994091008313,0.9451332092284795
test_205,OR (6x6 | 5x5),0.4825436123144941,0.34404419456055696,0.8076893561500976,0.913890838623012
test_205,confidence blend,0.5304729932584049,0.41164012199237054,0.7457601105051448,0.9343757629394175
test_206,6x6 only,0.5852192523106483,0.4920744314262255,0.7218602561214088,0.965251922607385
test_206,5x5 only,0.5198894042095433,0.43107528472087625,0.6547966749037802,0.9589309692382446
test_206,OR (6x6 | 5x5),0.5093747720141134,0.3771607605875231,0.7843181307562521,0.9486923217773076
test_206,confidence blend,0.577477160927364,0.47410933217908974,0.7384857335421944,0.9633026123046508
test_207,6x6 only,0.6108340498707606,0.5206684256812366,0.7387687188012283,0.9654693603515256
test_207,5x5 only,0.5191586998085969,0.4105479617754865,0.7059068219626602,0.952033996581995
test_207,OR (6x6 | 5x5),0.5132082948089707,0.3759918714919799,0.8081322795332694,0.9437637329101202
test_207,confidence blend,0.590098694682987,0.477952552861992,0.7710066555732414,0.9607086181640259
test_208,6x6 only,0.562176885874545,0.540686484174219,0.5854463355328323,0.9399108886718391
test_208,5x5 only,0.5849837345476683,0.5313696751924111,0.6506310061360132,0.9391670227050423
test_208,OR (6x6 | 5x5),0.5757637153597227,0.4710649427190956,0.7403033460688084,0.9281120300292615
test_208,confidence blend,0.6038619684586989,0.548506051436957,0.6716452471919233,0.9419326782226203
test_209,6x6 only,0.7118074986007417,0.6240596585329862,0.8282687966653687,0.9705314636230098
test_209,5x5 only,0.8051958970906318,0.7805215973913768,0.8314811599228759,0.9823226928710562
test_209,OR (6x6 | 5x5),0.696021074959562,0.5743323358361615,0.8831394339287348,0.966106414794885
test_209,confidence blend,0.712327776371203,0.6104121475050447,0.8550963708969829,0.969654083251916
test_21,6x6 only,0.5087822014049395,0.4040786501923714,0.6867238654316022,0.9551925659179322
test_21,5x5 only,0.490217734300848,0.37674305808149827,0.7015127568291922,0.9506988525390262
test_21,OR (6x6 | 5x5),0.45610005104630674,0.31788668504833323,0.8069541657249865,0.9349670410155893
test_21,confidence blend,0.531826198492652,0.41230577998731366,0.7489275231420761,0.9554443359374635
test_210,6x6 only,0.3751854535416019,0.3281627233218685,0.4379379782517616,0.9309196472167613
test_210,5x5 only,0.41156002319717205,0.5144375981629643,0.342972211034762,0.9535522460937136
test_210,OR (6x6 | 5x5),0.4097395592539961,0.3318522216673331,0.5354007249290894,0.9269447326659802
test_210,confidence blend,0.37633110110865575,0.3448229613731593,0.41417639951638,0.9349861145019174
test_211,6x6 only,0.22180681342049768,0.14472577388957572,0.4745552337602061,0.9078941345214497
test_211,5x5 only,0.1985188380787322,0.13425723316307597,0.38077506550768064,0.9149551391601213
test_211,OR (6x6 | 5x5),0.2359897579388549,0.14592582919817643,0.6164666942482189,0.8895912170409817
test_211,confidence blend,0.20801159822238077,0.13481493586071785,0.45510964004902066,0.9041404724120748
test_212,6x6 only,0.3912442396311561,0.29448491155026396,0.5827041866841692,0.9496078491210574
test_212,5x5 only,0.42241074584640226,0.3114615234245706,0.6561427590931281,0.9501342773437137
test_212,OR (6x6 | 5x5),0.3846919195507126,0.2595291748572376,0.7430336307470926,0.9339447021484019
test_212,confidence blend,0.41640378548878615,0.29844707562307465,0.6885380919688558,0.9463653564452763
test_213,6x6 only,0.32293491124245066,0.2501283273445405,0.4555288461532378,0.9454383850097295
test_213,5x5 only,0.3981387821159224,0.32041680234425235,0.5256410256403237,0.9546051025390261
test_213,OR (6x6 | 5x5),0.33507660577477344,0.2313364524002078,0.6075053418795305,0.9311294555663707
test_213,confidence blend,0.3661727832229924,0.27798158787272237,0.5363247863240701,0.9469642639159794
test_214,6x6 only,0.3589675003342387,0.31827344954327147,0.41159331390859405,0.9268646240234021
test_214,5x5 only,0.4477579530236156,0.4240180958253314,0.4743137555585996,0.9417915344237922
test_214,OR (6x6 | 5x5),0.41510671439881536,0.3224916139440692,0.5823493329239515,0.918354034423793
test_214,confidence blend,0.4134799085469593,0.34949965584775267,0.5061340285228445,0.9285621643066052
test_215,6x6 only,0.47821376986008773,0.35227877283175,0.7442862495302655,0.9669265747069943
test_215,5x5 only,0.3303956256028753,0.25159204467497637,0.4810790558252509,0.9602928161620727
test_215,OR (6x6 | 5x5),0.39403473988173177,0.2558920674017489,0.8563132259257095,0.9463691711425419
test_215,confidence blend,0.4895545920375643,0.3499718219142179,0.8143499437976501,0.9654197692870725
test_216,6x6 only,0.542109189073796,0.4433277174226205,0.697531992686748,0.9508247375487918
test_216,5x5 only,0.5419228733149236,0.48865388852134195,0.6082266910414915,0.9570884704589478
test_216,OR (6x6 | 5x5),0.5027361197383671,0.3716272357544183,0.7767824497250668,0.9358711242675424
test_216,confidence blend,0.5576539674482337,0.46206523697935836,0.7031078610596864,0.9534492492675417
test_217,6x6 only,0.6238236084967215,0.5220261013048042,0.7749406175766219,0.9519691467284793
test_217,5x5 only,0.6814142678345803,0.5889766334916762,0.8082690023746969,0.9611587524413695
test_217,OR (6x6 | 5x5),0.5999894498073007,0.46534653465327497,0.8442695961988982,0.9421463012694953
test_217,confidence blend,0.6509326227634181,0.5375018134336585,0.8250445368164897,0.954524993896448
test_218,6x6 only,0.4516489659025447,0.40552853061508337,0.5096060547249082,0.9513511657714481
test_218,5x5 only,0.4869494949492982,0.4171974522290105,0.584707937123438,0.9515609741210574
test_218,OR (6x6 | 5x5),0.49554165557609275,0.3770632911390496,0.722588783232367,0.9421615600585578
test_218,confidence blend,0.5060435784450393,0.4337190769867412,0.6073161265276467,0.9533882141112917
test_219,6x6 only,0.46512938146385563,0.34708708708687863,0.7048420539081536,0.9492988586425418
test_219,5x5 only,0.3665397908735326,0.2857825078453501,0.5109159653610063,0.9447669982909795
test_219,OR (6x6 | 5x5),0.42140091982912964,0.28913912095882255,0.7766800829359962,0.93329238891598
test_219,confidence blend,0.4707415304428371,0.34804694342246273,0.7270398829116635,0.9488677978515263
test_22,6x6 only,0.6888815024095526,0.6071480884717979,0.7960437872087612,0.9714355468749629
test_22,5x5 only,0.6099627945429895,0.47560975609730544,0.850105627039706,0.9568099975585572
test_22,OR (6x6 | 5x5),0.5820516836333337,0.4319185532981117,0.8921643940840289,0.9491004943847294
test_22,confidence blend,0.6823457776760352,0.5651516106659742,0.8608603802565192,0.9681587219237912
test_220,6x6 only,0.48456921118035395,0.3582410686268509,0.7485248665348426,0.935142517089808
test_220,5x5 only,0.3785993387434991,0.27875890762613253,0.5898660672468016,0.9211349487304336
test_220,OR (6x6 | 5x5),0.41941270426332,0.284296089013164,0.7992881895656089,0.9098701477050434
test_220,confidence blend,0.4645333778927606,0.33055885850165256,0.7811182916542276,0.9266548156737927
test_221,6x6 only,0.6848551484311323,0.6194264569839872,0.7657384641770452,0.9529838562011355
test_221,5x5 only,0.7541535574320379,0.7288877033871811,0.7812339184625872,0.9660186767577756
test_221,OR (6x6 | 5x5),0.6876796143504479,0.5781986827231855,0.8483046486358006,0.9485931396484013
test_221,confidence blend,0.7520161813134996,0.6880516275976615,0.8290925724736525,0.9635200500487914
test_222,6x6 only,0.4585062240661998,0.3739930955118297,0.5923662485251502,0.9502182006835574
test_222,5x5 only,0.5009065009062846,0.4192499458050298,0.6220649726593523,0.9558944702148072
test_222,OR (6x6 | 5x5),0.4362204189724523,0.3191891086155623,0.688753082448066,0.9366569519042611
test_222,confidence blend,0.5022600041465883,0.4095212334322359,0.6492977377499203,0.9542121887206667
test_223,6x6 only,0.6075866149495077,0.5102694346286936,0.7507717302999587,0.9544601440429323
test_223,5x5 only,0.6301889217322226,0.521260763261124,0.7966693744916354,0.9560928344726197
test_223,OR (6x6 | 5x5),0.5892744116460702,0.45620990734120803,0.8319252640123217,0.9455413818359014
test_223,confidence blend,0.6203989177623418,0.5062641199422334,0.8009748172211202,0.9539718627929323
test_224,6x6 only,0.5874242641093966,0.5505477308291747,0.6295955412381093,0.9340209960937144
test_224,5x5 only,0.6000751032668419,0.5878457916418541,0.6128240527685161,0.9390602111816048
test_224,OR (6x6 | 5x5),0.6335862210373931,0.5288741313796841,0.7899984660219921,0.9318313598632456
test_224,confidence blend,0.6505821357102396,0.5858143249106901,0.7314516541388089,0.9413833618163703
test_225,6x6 only,0.5109221590639775,0.5365564874193028,0.4876255380196488,0.9602851867675415
test_225,5x5 only,0.49529058528338943,0.4574880328239058,0.5399031563840209,0.9531898498534792
test_225,OR (6x6 | 5x5),0.49603502099088737,0.4134713166235488,0.6197991391673064,0.9464225769042607
test_225,confidence blend,0.5283787885355208,0.5115439509692624,0.5463593974170137,0.9585075378417602
test_226,6x6 only,0.4758746758489666,0.4402580036179971,0.5177613320994285,0.952968597412073
test_226,5x5 only,0.47967694455958043,0.4051125135459902,0.5878815911187901,0.9474067687987919
test_226,OR (6x6 | 5x5),0.48799798919175313,0.36949281568162073,0.7184088806653853,0.9378356933593391
test_226,confidence blend,0.5387431125494013,0.46166545598595937,0.6467160036996792,0.9543342590331667
test_227,6x6 only,0.6610782380011597,0.674799865777923,0.6479035301695365,0.9449386596679327
test_227,5x5 only,0.6763583828075856,0.6636983873823038,0.6895107469965068,0.9453086853026983
test_227,OR (6x6 | 5x5),0.6916181172638358,0.6026596472034039,0.8113867538082518,0.9400291442870735
test_227,confidence blend,0.7053690250232988,0.6705101617583282,0.7440511805584094,0.9484825134276982
test_228,6x6 only,0.6269014014260501,0.513858229089597,0.8037084398966705,0.9714622497558223
test_228,5x5 only,0.6172649408138691,0.4948310445915022,0.8202046035795139,0.9696578979491817
test_228,OR (6x6 | 5x5),0.5291847371978955,0.38410443019673995,0.8503836317124676,0.954860687255823
test_228,confidence blend,0.6425584255839397,0.5221911235501622,0.8350383631702877,0.9722862243651973
test_229,6x6 only,0.6218316048512491,0.6780648623777673,0.5742111414098336,0.9589653015136352
test_229,5x5 only,0.6053780883452067,0.5826227933225756,0.6299831190750357,0.9517440795898074
test_229,OR (6x6 | 5x5),0.6212521669933154,0.5524387161988615,0.7096480976491951,0.9491615295409793
test_229,confidence blend,0.6481695568398689,0.6412504765531571,0.6552395792749933,0.9582061767577759
test_23,6x6 only,0.35043620972602985,0.23371161933277623,0.7000862812757548,0.942626953124964
test_23,5x5 only,0.3433249588493705,0.22919437857831865,0.6838654012067578,0.942169189453089
test_23,OR (6x6 | 5x5),0.30422750262419945,0.18649091334522014,0.8251941328717426,0.9165611267089494
test_23,confidence blend,0.3418281464081653,0.22106329113912856,0.7534081104387345,0.9358634948730111
test_230,6x6 only,0.4417477266244917,0.3254283180055434,0.6874753451669748,0.9327888488769175
test_230,5x5 only,0.5383280757095669,0.44848883048590765,0.6731755424056477,0.955337524414026
test_230,OR (6x6 | 5x5),0.42085701203899356,0.2894883100521362,0.7705128205120606,0.9179725646972305
test_230,confidence blend,0.4526837680533204,0.3291093896922361,0.7248520710052022,0.9322013854980112
test_231,6x6 only,0.5904538233057296,0.5043662969078921,0.7119773446604097,0.9547653198241823
test_231,5x5 only,0.5685736824309497,0.517824153266837,0.630351490920681,0.9561882019042603
test_231,OR (6x6 | 5x5),0.5814659197010442,0.44749842809644863,0.8299183741455689,0.9452819824218389
test_231,confidence blend,0.6278484456837535,0.530581742929104,0.7687822755282618,0.9582595825194946
test_232,6x6 only,0.4258349434168226,0.2933972310966884,0.7762125176076148,0.9603233337401977
test_232,5x5 only,0.3983726606995398,0.2726867666714149,0.7389816864545402,0.9576911926269166
test_232,OR (6x6 | 5x5),0.36551453602390027,0.23328140647589113,0.8438317568910367,0.9444694519042608
test_232,confidence blend,0.42848020434204526,0.29125370758859054,0.8102233849852883,0.9590301513671509
test_233,6x6 only,0.5292828061382436,0.404671952322458,0.7647827835873242,0.9483985900878544
test_233,5x5 only,0.4868815880585955,0.39426791277234,0.6363636363629963,0.9491195678710576
test_233,OR (6x6 | 5x5),0.48394055608806213,0.34465687948090445,0.8121480289613715,0.9342956542968394
test_233,confidence blend,0.5188746318175445,0.3911090695654616,0.7706154464996272,0.945789337158167
test_234,6x6 only,0.5914520343409881,0.5268495428093506,0.6741118910865247,0.949897766113245
test_234,5x5 only,0.645171447463508,0.5802560036245014,0.7264411827265642,0.9570121765136353
test_234,OR (6x6 | 5x5),0.602922341009331,0.47747785045935354,0.8177692689492889,0.9420509338378547
test_234,confidence blend,0.6344371642758295,0.5434046210624686,0.7621073530449108,0.9527511596679323
test_235,6x6 only,0.42595623215968564,0.39942897930021454,0.45625764370121785,0.9424629211425422
test_235,5x5 only,0.5538110415926676,0.535214481289523,0.5737464329387902,0.9567451477050416
test_235,OR (6x6 | 5x5),0.5023832518145418,0.4065241504485194,0.6573991031384774,0.939067840576136
test_235,confidence blend,0.513467953086147,0.45837602458987037,0.5836119037908001,0.9482536315917607
test_236,6x6 only,0.4155511900952919,0.28222153273330297,0.7876688604073646,0.9511985778808231
test_236,5x5 only,0.42885879039809177,0.2890281376150575,0.8307932109441795,0.9512596130370731
test_236,OR (6x6 | 5x5),0.3790141208566976,0.24076069136716438,0.8901974367840488,0.9357490539550424
test_236,confidence blend,0.43448791866536046,0.2912609901455766,0.8548666435731644,0.9509849548339481
test_237,6x6 only,0.565919749869478,0.46827164929898074,0.7150224953355481,0.9618682861327758
test_237,5x5 only,0.527033758669377,0.40491050400352985,0.7546362339506697,0.9529151916503542
test_237,OR (6x6 | 5x5),0.5032274976242658,0.3587311968605257,0.8426423790180592,0.9421653747558234
test_237,confidence blend,0.573513908036423,0.4548202456746705,0.7760342368037133,0.9598770141601196
test_238,6x6 only,0.45773425879991464,0.36053890461743576,0.6266757169512529,0.9666213989257443
test_238,5x5 only,0.3501372872046402,0.2588292603716336,0.5409808247063618,0.9548568725585573
test_238,OR (6x6 | 5x5),0.3645891499504469,0.24407637451101674,0.7201764805689459,0.9435691833495733
test_238,confidence blend,0.4182597231375421,0.30923564292071376,0.6460207025273274,0.9596023559569946
test_239,6x6 only,0.5473598946992622,0.4160381714634323,0.7998224589424474,0.96589279174801
test_239,5x5 only,0.5057843590927784,0.3679886876302148,0.808551560880591,0.9592590332030884
test_239,OR (6x6 | 5x5),0.43760930727684677,0.2944788415287855,0.8514573161697715,0.9435729980468389
test_239,confidence blend,0.5224474332257424,0.3842028278885671,0.8160970557762744,0.9615325927734008
test_24,6x6 only,0.46044002538583645,0.3608555085796561,0.6359386413431177,0.961082458496057
test_24,5x5 only,0.4617046254987266,0.34020761245651193,0.7181884587279501,0.9562721252441041
test_24,OR (6x6 | 5x5),0.41318297452237795,0.2791401600655247,0.7948867786694012,0.9410438537597297
test_24,confidence blend,0.4897800272530223,0.3672188571842901,0.7351351351340611,0.9600067138671509
test_240,6x6 only,0.5832374735826802,0.5251216339898236,0.6558175911438721,0.9405708312987922
test_240,5x5 only,0.4537823728118401,0.39485169680217563,0.5333894838163077,0.9185791015624649
test_240,OR (6x6 | 5x5),0.5533903938838804,0.4226375579106357,0.8012874503665014,0.9179916381835587
test_240,confidence blend,0.5689684528006789,0.4775631864764699,0.7036457706649599,0.9323997497558237
test_241,6x6 only,0.5100472570369796,0.3710169187538883,0.8157202944258468,0.9545173645019167
test_241,5x5 only,0.6175626908482383,0.4765100671137537,0.8772344900093623,0.9684677124023068
test_241,OR (6x6 | 5x5),0.4860168149996531,0.3318122868531957,0.9079915878011199,0.944263458251917
test_241,confidence blend,0.5256881799525627,0.37259206410165596,0.8923501577275337,0.9532661437987917
test_242,6x6 only,0.5342561011952269,0.39065375302644517,0.844800502669552,0.9463462829589482
test_242,5x5 only,0.5586180260522599,0.420188041411145,0.8330715258133489,0.9520454406737917
test_242,OR (6x6 | 5x5),0.49190294903105525,0.33751803189194995,0.9065870771799072,0.9317779541015269
test_242,confidence blend,0.5532082922011999,0.40333957103766455,0.880301602261095,0.9482040405273076
test_243,6x6 only,0.46623012160876226,0.44192232665327014,0.49336764996981447,0.956466674804651
test_243,5x5 only,0.5194283579298901,0.4916887709986811,0.5504850524643135,0.9607467651366821
test_243,OR (6x6 | 5x5),0.49303330601278106,0.3952807646353672,0.6550188081561522,0.9480895996093388
test_243,confidence blend,0.5364854636923839,0.4874989885909155,0.5964165511773941,0.9602851867675415
test_244,6x6 only,0.3820681538541796,0.2811368288456297,0.5960607578023768,0.9559364318847291
test_244,5x5 only,0.39603204883613313,0.2772250784534438,0.6930395593378518,0.9516906738280887
test_244,OR (6x6 | 5x5),0.36032683439836566,0.23778762479299673,0.7434485060912311,0.9396743774413704
test_244,confidence blend,0.38528511289686884,0.27003285723846976,0.6721749290591351,0.9509811401366824
test_245,6x6 only,0.37841639871363625,0.30000796622297454,0.512311250169348,0.9528045654296511
test_245,5x5 only,0.3266679865371576,0.2567493970277315,0.4489185144872141,0.9481048583984013
test_245,OR (6x6 | 5x5),0.3353137764573578,0.23060421880574564,0.6142021493665974,0.9317169189452769
test_245,confidence blend,0.3957077158914687,0.31688354202445623,0.5267310569983312,0.9548873901366823
test_246,6x6 only,0.5704584040744828,0.4404719342149681,0.8092839938681746,0.957534790039026
test_246,5x5 only,0.5576848475442013,0.4318673395815718,0.7869498576737607,0.9565048217773072
test_246,OR (6x6 | 5x5),0.48754298123891915,0.33646960865931036,0.8848259251139863,0.9351882934569955
test_246,confidence blend,0.5663362006121277,0.4244891268711482,0.8505583534039297,0.9546127319335573
test_247,6x6 only,0.5573328041275819,0.4545807704755878,0.7201025641018255,0.9574546813964478
test_247,5x5 only,0.5485672656627212,0.4530685920574588,0.6950769230762102,0.9574508666991822
test_247,OR (6x6 | 5x5),0.5029975624216012,0.370487189440814,0.7830769230761199,0.942443847656214
test_247,confidence blend,0.5541112567894534,0.4364709353789103,0.7585641025633245,0.9545936584472292
test_248,6x6 only,0.6659700136298655,0.5160177427300457,0.9387728961176652,0.9719543457030879
test_248,5x5 only,0.5472076823170737,0.3949551187362828,0.8904828999604323,0.9561119079589478
test_248,OR (6x6 | 5x5),0.5065615898576301,0.3457760314340229,0.9468425771731179,0.9450645446776983
test_248,confidence blend,0.6039170316500273,0.4457456541625826,0.9360830024325143,0.963432312011682
test_249,6x6 only,0.6481594468168353,0.5939800577759817,0.7132147252985194,0.9736022949218378
test_249,5x5 only,0.5977521586027699,0.5253518738337075,0.6932975271336094,0.9681892395019162
test_249,OR (6x6 | 5x5),0.5944115847437917,0.467710874309624,0.8152623923007549,0.9620704650878539
test_249,confidence blend,0.6541731066457428,0.575507775983194,0.7577486852402844,0.9726867675780878
test_25,6x6 only,0.49183403692785305,0.3636879611525738,0.7594153278894398,0.9545402526855105
test_25,5x5 only,0.4423543182006344,0.32404458598706265,0.6967342638916293,0.9491119384765263
test_25,OR (6x6 | 5x5),0.42972784368442785,0.29231937719534207,0.8109033447447842,0.9376525878905891
test_25,confidence blend,0.46916183447529736,0.33895822347199916,0.7617856202254915,0.9500617980956668
test_250,6x6 only,0.5773996509596084,0.5055776283614719,0.6730065093565164,0.9630508422851195
test_250,5x5 only,0.5493438644121316,0.46121433998724787,0.6791090317324255,0.9582099914550415
test_250,OR (6x6 | 5x5),0.5368932743232472,0.4172775459566836,0.7526444263621311,0.951301574706995
test_250,confidence blend,0.5575772278826793,0.4627516778520384,0.7012815296982289,0.9582595825194946
test_251,6x6 only,0.5651924779910584,0.4896651322317089,0.6682680463160037,0.9681587219237912
test_251,5x5 only,0.5766660478928083,0.4626209977658506,0.7653362897255909,0.9652023315429319
test_251,OR (6x6 | 5x5),0.5135155772753079,0.37208144295652756,0.8284060113318201,0.95139312744137
test_251,confidence blend,0.5988982035925274,0.490005487183123,0.7700172456260532,0.9680595397948849
test_252,6x6 only,0.28283929810633346,0.2192422961652046,0.3984080435687775,0.9448089599609014
test_252,5x5 only,0.29738052052123953,0.2130424271726018,0.4922496857973855,0.9364585876464486
test_252,OR (6x6 | 5x5),0.2805470085469126,0.18574856263290065,0.5729646697380631,0.9197235107421524
test_252,confidence blend,0.3023539668699641,0.21978579124138425,0.4842899036440661,0.9389495849609016
test_253,6x6 only,0.28526342580794845,0.19202302631565787,0.5545220660982495,0.9464378356933232
test_253,5x5 only,0.390504807692073,0.2804004487785618,0.6429843657220602,0.9613113403319945
test_253,OR (6x6 | 5x5),0.29667851546065177,0.1838465182377149,0.7680585790604234,0.9298057556151988
test_253,confidence blend,0.31748809176615267,0.21042458604457803,0.6463487037390732,0.9464340209960576
test_254,6x6 only,0.5248620229655189,0.414809608467187,0.7143976075187166,0.9307060241698863
test_254,5x5 only,0.6080225655152324,0.5636363636360209,0.6599971518081316,0.9544105529784792
test_254,OR (6x6 | 5x5),0.5369203808079058,0.40224256617684967,0.8071774423235494,0.9254074096679334
test_254,confidence blend,0.5585439015708581,0.4343322527079804,0.7822557675870249,0.9337539672851206
test_255,6x6 only,0.6307825871261842,0.5465878559911087,0.7456384694320879,0.9545745849609011
test_255,5x5 only,0.6307573548329958,0.5170377314269898,0.8086057762785451,0.9507331848144168
test_255,OR (6x6 | 5x5),0.5955002871624353,0.45158113993544724,0.8740653863063523,0.9382057189941048
test_255,confidence blend,0.6732719704518165,0.5609613130126216,0.841812051018295,0.9574813842773072
test_256,6x6 only,0.5170546832698879,0.37512766124567903,0.8317366312474626,0.9659729003905881
test_256,5x5 only,0.5048966267679517,0.3671176517126615,0.808221564186016,0.9652862548827756
test_256,OR (6x6 | 5x5),0.426182673724718,0.2808260893636671,0.8834697787826451,0.9478988647460576
test_256,confidence blend,0.51040537051355,0.36274221961218234,0.8608256401308817,0.9638328552245725
test_257,6x6 only,0.5564332574638128,0.44118895965982885,0.7531714389257826,0.9747238159179316
test_257,5x5 only,0.6677745664735059,0.555275174236295,0.8374411018469782,0.9824600219726187
test_257,OR (6x6 | 5x5),0.5470872937194313,0.40331871722087237,0.8501268575555453,0.9703712463378535
test_257,confidence blend,0.6332754428616649,0.5134617550968643,0.8260239217092679,0.9798622131347282
test_258,6x6 only,0.4933035714284303,0.6661771525732987,0.39166590929728634,0.9324569702148081
test_258,5x5 only,0.5564676216533729,0.6791513881608963,0.4713260019992405,0.9369277954101205
test_258,OR (6x6 | 5x5),0.609879568202166,0.6206539637729378,0.5994728710348998,0.9356193542480111
test_258,confidence blend,0.5522136035036272,0.6583417211873059,0.47555212214828885,0.9352569580077768
test_259,6x6 only,0.4412918300924471,0.305382305382129,0.7951879699236163,0.9489212036132451
test_259,5x5 only,0.4387276203717892,0.3085197408627866,0.7590977443597607,0.9507293701171512
test_259,OR (6x6 | 5x5),0.3726120673348551,0.23572112316518995,0.8887218045099418,0.924079895019496
test_259,confidence blend,0.43113537289383375,0.291766331791691,0.8254135338333453,0.9447441101073858
test_26,6x6 only,0.2585085219634074,0.16226797165024484,0.6353065539095262,0.9473915100097294
test_26,5x5 only,0.3399946135198815,0.21351735335889754,0.8340380549660834,0.9532585144042605
test_26,OR (6x6 | 5x5),0.24251529920471893,0.14077855775360953,0.8744714587714734,0.9211463928222304
test_26,confidence blend,0.3026995132023884,0.18594816649538695,0.8134249471437277,0.9459037780761358
test_260,6x6 only,0.4865354330706746,0.3646933836980672,0.7306373418461266,0.9502487182616824
test_260,5x5 only,0.5869311046634967,0.4630363487288446,0.8013479957422237,0.9636116027831664
test_260,OR (6x6 | 5x5),0.4697901350085317,0.32743280383829715,0.8311457963807127,0.9394760131835579
test_260,confidence blend,0.5129449838185726,0.3804217383848332,0.7871585668667527,0.9517745971679324
test_261,6x6 only,0.5602049530312979,0.4047196730158057,0.9096897209205934,0.968566894531213
test_261,5x5 only,0.541789784719005,0.3894409466734511,0.8899289304890103,0.9668731689452755
test_261,OR (6x6 | 5x5),0.4834872159088763,0.32495972313364463,0.9440110937754481,0.955612182617151
test_261,confidence blend,0.5393948547548006,0.3800908187878671,0.9285838100174578,0.96509933471676
test_262,6x6 only,0.45166127747295953,0.3183800211414387,0.7768821537952977,0.9553642272948853
test_262,5x5 only,0.42897889332552336,0.3041866109348721,0.7273899725927335,0.9541778564452761
test_262,OR (6x6 | 5x5),0.3666312433579998,0.2349389385752781,0.8342737385122775,0.9317932128905894
test_262,confidence blend,0.4169097442399421,0.2825464130184033,0.7949379332568194,0.9473838806151982
test_263,6x6 only,0.5859026989254145,0.4428599722714446,0.8654367178417425,0.9638290405273069
test_263,5x5 only,0.5950099283430048,0.447096983457381,0.8891755902452727,0.9642105102538694
test_263,OR (6x6 | 5x5),0.5146808587666939,0.3577252138901068,0.9170429621972429,0.9488639831542607
test_263,confidence blend,0.5876145046221505,0.43669218220577444,0.8979486517857077,0.9627342224120726
test_264,6x6 only,0.5999712313001294,0.46781067743356447,0.8362068965508859,0.957565307617151
test_264,5x5 only,0.6004569575469485,0.47476689976662306,0.816659983960689,0.9586410522460571
test_264,OR (6x6 | 5x5),0.540333672187843,0.38500213037904346,0.9057738572565098,0.9413528442382453
test_264,confidence blend,0.5912172520694337,0.4477989368837034,0.8697874899750703,0.9542274475097292
test_265,6x6 only,0.41630922447349195,0.3042444332346298,0.6590696222281314,0.9548377990722292
test_265,5x5 only,0.4397491558126195,0.3182072046912048,0.7115204495774095,0.9556961059569947
test_265,OR (6x6 | 5x5),0.38385253456207047,0.2512669530381528,0.81267561660816,0.9362449645995736
test_265,confidence blend,0.43097522874339167,0.301768860553596,0.7536684358402223,0.9513664245605106
test_266,6x6 only,0.45287944971609534,0.35522999369852293,0.6245672344541967,0.9584312438964477
test_266,5x5 only,0.46717667734908136,0.37270103092752765,0.6258135992236175,0.9606781005859009
test_266,OR (6x6 | 5x5),0.39971679188121,0.2791451488845846,0.703642154825227,0.9417839050292609
test_266,confidence blend,0.4551575015969064,0.3527574649601213,0.6413239163541874,0.9577064514159791
test_267,6x6 only,0.339164982226013,0.22172605486173175,0.7211025489012416,0.9638328552245725
test_267,5x5 only,0.3168453388500302,0.2009223185177698,0.74896265559944,0.9584312438964477
test_267,OR (6x6 | 5x5),0.28962550112433283,0.17341920374697106,0.8778897451070602,0.9445724487304327
test_267,confidence blend,0.3638206232579403,0.2313516996937076,0.8512151748641044,0.9616851806640258
test_268,6x6 only,0.5142965204234061,0.36040286244348774,0.8975577557743927,0.9510116577148074
test_268,5x5 only,0.4921884086061282,0.3484083424805991,0.8380198019790918,0.9500312805175418
test_268,OR (6x6 | 5x5),0.4255892255890953,0.2770272962740478,0.9177557755763462,0.9284133911132458
test_268,confidence blend,0.4925937939234899,0.3387864366446863,0.9021782178205912,0.9462928771972294
test_269,6x6 only,0.49874675695857756,0.38688770637168307,0.7015959420998372,0.9565162658691041
test_269,5x5 only,0.5589022431995723,0.46061918511352207,0.7105035259177156,0.9654197692870725
test_269,OR (6x6 | 5x5),0.48767250736529394,0.3551064190140828,0.7781764196452082,0.9495849609374637
test_269,confidence blend,0.5134281883836381,0.3946808510635674,0.7343807992073063,0.9570808410644166
test_27,6x6 only,0.4244718840079058,0.3013439218080016,0.7177360686734793,0.9489707946776982
test_27,5x5 only,0.3778562140069189,0.2537171938926985,0.73985159318967,0.9361228942870736
test_27,OR (6x6 | 5x5),0.3513478901196288,0.22523705923392912,0.7983413356601218,0.9227142333984023
test_27,confidence blend,0.4103302088598614,0.28001911030880133,0.7674959988349084,0.9421653747558234
test_270,6x6 only,0.7073234297625722,0.6666900617625865,0.7532313060020988,0.9700126647948848
test_270,5x5 only,0.6461478013160518,0.5503067484659507,0.7824121798423738,0.958774566650354
test_270,OR (6x6 | 5x5),0.6427990725962354,0.5181553398055737,0.846403933073629,0.9547462463378542
test_270,confidence blend,0.6920234584220848,0.6043936522971314,0.8093727698034974,0.96534347534176
test_271,6x6 only,0.5537946545318512,0.400302457466616,0.8982015609078755,0.9674568176269162
test_271,5x5 only,0.5554355095948164,0.39858229343542895,0.9158466236835496,0.9670372009276974
test_271,OR (6x6 | 5x5),0.44769016164747366,0.2952380952379355,0.925687139462291,0.9486465454101201
test_271,confidence blend,0.5303514376994198,0.3733305653585403,0.9153376314880975,0.9635505676269164
test_272,6x6 only,0.3842182420801936,0.25253456221176995,0.8028769312711698,0.9631462097167601
test_272,5x5 only,0.3464816167516761,0.22455420545981966,0.7581246670198238,0.9590454101562134
test_272,OR (6x6 | 5x5),0.2912181826579705,0.1761582741853372,0.8396377197633468,0.9414710998534797
test_272,confidence blend,0.3452971725329802,0.2203889216262372,0.7970165157144459,0.9567184448241822
test_273,6x6 only,0.46678194621946556,0.4747170965437482,0.4591077150601631,0.9188346862792618
test_273,5x5 only,0.539664525500933,0.5000841325927561,0.586048804535082,0.9226341247558242
test_273,OR (6x6 | 5x5),0.5353395212505061,0.44344448041423,0.675277298496093,0.9092903137206684
test_273,confidence blend,0.5329382481923591,0.5132876712326423,0.5541533152573063,0.9248390197753553
test_274,6x6 only,0.66366366366332,0.5390243902434491,0.8632812499988372,0.9752197265624628
test_274,5x5 only,0.550768041734832,0.4293568308476959,0.7679148706886209,0.9645233154296506
test_274,OR (6x6 | 5x5),0.5542954916236702,0.3933472637937576,0.9381734913780466,0.9572715759276978
test_274,confidence blend,0.6398983242324233,0.491823444283291,0.9155441810332495,0.9708175659179317
test_275,6x6 only,0.44044060439767396,0.2969794025068767,0.8520278833953548,0.9478721618651982
test_275,5x5 only,0.506699147381005,0.35971797259521104,0.856780735106374,0.9598312377929321
test_275,OR (6x6 | 5x5),0.38045559590611405,0.2403036116439068,0.9128643852963991,0.9284133911132458
test_275,confidence blend,0.4485846215617552,0.30043564782428844,0.8849809885917539,0.9476127624511357
test_276,6x6 only,0.43331975085835417,0.32050288469790705,0.6687028386621116,0.9628639221191039
test_276,5x5 only,0.4212890492068187,0.33910375808004917,0.5560546173184404,0.9675636291503537
test_276,OR (6x6 | 5x5),0.4272844272842158,0.2948893140200226,0.7754222062508527,0.9558639526366822
test_276,confidence blend,0.42658080275333005,0.3086687555231713,0.6902623068618573,0.9605979919433227
test_277,6x6 only,0.6532113613099241,0.578101115325495,0.7507536210567232,0.9586410522460571
test_277,5x5 only,0.5762577174642165,0.4931213056439331,0.6931108006759112,0.9471130371093388
test_277,OR (6x6 | 5x5),0.5953222008133711,0.46800185130623634,0.8178075141527698,0.9423141479491828
test_277,confidence blend,0.6481344661985444,0.5574855690300495,0.7739872068224586,0.9563980102538697
test_278,6x6 only,0.520605112154199,0.5681380276751024,0.48041176034919614,0.9544258117675417
test_278,5x5 only,0.5799746703417343,0.5834519973015188,0.5765385469891309,0.956985473632776
test_278,OR (6x6 | 5x5),0.5999296382765855,0.5279779328976987,0.694586388209513,0.9522819519042605
test_278,confidence blend,0.584419409468896,0.5810820704293278,0.5877953047466579,0.9569396972655885
test_279,6x6 only,0.6132473191294986,0.5313296724845404,0.7250284337989396,0.9478569030761357
test_279,5x5 only,0.6642711072156985,0.5895866825698337,0.7606208603728102,0.956161499023401
test_279,OR (6x6 | 5x5),0.6098823076366194,0.47627997894877216,0.8476617381408659,0.9381675720214485
test_279,confidence blend,0.6398011811547956,0.532659962623239,0.8008965009695584,0.9485816955566044
test_28,6x6 only,0.35774301750179077,0.3038817422701964,0.4348106886248205,0.9262275695800427
test_28,5x5 only,0.40201863985983394,0.40536769533781564,0.39872446920126037,0.9439506530761358
test_28,OR (6x6 | 5x5),0.3924032309428238,0.3059041256656559,0.547105836763908,0.919940948486293
test_28,confidence blend,0.3873642264925807,0.3217660562701822,0.48655848873780044,0.9272766113280896
test_280,6x6 only,0.4910669177419322,0.3702985384772665,0.7287350054515693,0.9577293395995728
test_280,5x5 only,0.5714009848408943,0.44236806697530096,0.8067066521253998,0.9661331176757444
test_280,OR (6x6 | 5x5),0.4767344562882538,0.3251451540864845,0.893129770991149,0.9451332092284795
test_280,confidence blend,0.5234625473620671,0.3768359211076213,0.8568702290064656,0.9563407897948853
test_281,6x6 only,0.34867600857709635,0.28170829975803247,0.4574120109898503,0.9501762390136356
test_281,5x5 only,0.41919496039630405,0.32446579664396635,0.5920450085037393,0.9521675109862917
test_281,OR (6x6 | 5x5),0.4098850574711073,0.28980874464956935,0.6998560774555804,0.9412460327148078
test_281,confidence blend,0.4139983123860132,0.3133656044101698,0.6098390684278296,0.9496650695800418
test_282,6x6 only,0.41237990569702115,0.2909745847507049,0.7076286652868868,0.9367713928222299
test_282,5x5 only,0.4159556164189698,0.2923494570580985,0.7206472806902048,0.9365501403808236
test_282,OR (6x6 | 5x5),0.3617056670732057,0.23422744084159783,0.7936488623910528,0.9121780395507464
test_282,confidence blend,0.41349873282632604,0.2848086728833273,0.7543496775754296,0.9329071044921519
test_283,6x6 only,0.6971708663476581,0.5798076542523529,0.8741050119326527,0.9514503479003543
test_283,5x5 only,0.6930294270955094,0.5747465220464613,0.8726133651546105,0.9505767822265262
test_283,OR (6x6 | 5x5),0.6587116189993774,0.5088272588352216,0.9337708830543354,0.9381370544433235
test_283,confidence blend,0.7002886429235436,0.5655861081535425,0.9192124105006448,0.9496955871581668
test_284,6x6 only,0.5823299452694384,0.46437775376135637,0.7806036892107594,0.9694328308105099
test_284,5x5 only,0.6681647940071331,0.5413559909827108,0.8725544997192949,0.9763412475585564
test_284,OR (6x6 | 5x5),0.5622609995162576,0.41013145238832305,0.8937954164325129,0.9620094299316039
test_284,confidence blend,0.6201215530661408,0.4840429702811228,0.8626327557282524,0.971149444580041
test_285,6x6 only,0.7258097698126214,0.6906211936659602,0.7647767233485405,0.9542427062987917
test_285,5x5 only,0.6999575964678607,0.725791433891617,0.6758996098074685,0.9541130065917605
test_285,OR (6x6 | 5x5),0.7215365787889234,0.6335786099371143,0.8378534611489773,0.9487876892089482
test_285,confidence blend,0.7340966636042183,0.6862589023876471,0.7891035213638474,0.9547309875487917
test_286,6x6 only,0.40401913875578754,0.3193162910298598,0.5498827819737564,0.9524841308593386
test_286,5x5 only,0.3793465986525527,0.27056601677483166,0.6344100026040187,0.9391975402831673
test_286,OR (6x6 | 5x5),0.3586476556441977,0.24193915139376873,0.6928887731170971,0.9274177551269177
test_286,confidence blend,0.41773458329731755,0.31182588597822813,0.6325866110958158,0.9483489990234013
test_287,6x6 only,0.3994413407819163,0.3092015696321701,0.5640613586551292,0.9557113647460572
test_287,5x5 only,0.45951972555726434,0.32522003034881625,0.7827611395167527,0.9519195556640262
test_287,OR (6x6 | 5x5),0.40521177214286536,0.266725230015134,0.8428049671280602,0.9353942871093393
test_287,confidence blend,0.45993093860690615,0.3318234761224719,0.7491599707804979,0.9540596008300417
test_288,6x6 only,0.6477510460246811,0.5505667926199704,0.7865989202909073,0.9794464111327751
test_288,5x5 only,0.6279538376988288,0.5101696596879549,0.8164496665595166,0.9767570495605096
test_288,OR (6x6 | 5x5),0.5917677056769569,0.4401269448096291,0.9028262940601733,0.9700736999511348
test_288,confidence blend,0.6462029590517243,0.526774096686491,0.8356621149558023,0.9780158996581658
test_289,6x6 only,0.583530786458313,0.4623257727714538,0.7908674995593956,0.9510536193847293
test_289,5x5 only,0.5526913875596434,0.4186373108632696,0.8130388879105991,0.9429397583007453
test_289,OR (6x6 | 5x5),0.5209052348709011,0.3717799255385763,0.8697870842857031,0.9306297302245738
test_289,confidence blend,0.5742586180940616,0.4364959494711719,0.8390814710532825,0.9460563659667608
test_29,6x6 only,0.6051247406260651,0.47913801008674983,0.8210030116527157,0.9687843322753537
test_29,5x5 only,0.6263523956720313,0.4962118313304536,0.8490244860536218,0.9704895019530879
test_29,OR (6x6 | 5x5),0.5374869697696506,0.38734469806391947,0.8777006678003435,0.9559936523437135
test_29,confidence blend,0.6236067169624611,0.49628137589053584,0.838811051458899,0.9705009460448848
test_290,6x6 only,0.559536959306959,0.4234035439649459,0.8246939307100486,0.9619712829589476
test_290,5x5 only,0.5254995054399503,0.37739387395557344,0.864938786141098,0.954250335693323
test_290,OR (6x6 | 5x5),0.4679121026811142,0.3152961420031175,0.9068767908297645,0.9395904541015266
test_290,confidence blend,0.5424849780213161,0.3928967813538215,0.8760093774409012,0.9567222595214478
test_291,6x6 only,0.5750976643668128,0.468132611637031,0.7454212454204423,0.9609985351562133
test_291,5x5 only,0.5727467457568904,0.4636521275173645,0.748976513681589,0.9604339599609009
test_291,OR (6x6 | 5x5),0.5410517072509908,0.3940571653463895,0.862960568841992,0.9481620788573857
test_291,confidence blend,0.5873573309918639,0.466468052738041,0.7928248222357327,0.9605560302734009
test_292,6x6 only,0.6932114882503699,0.6405790545120706,0.7552671348557602,0.9713134765624629
test_292,5x5 only,0.6728841049835326,0.5747843063161566,0.8113610098668225,0.9661483764648069
test_292,OR (6x6 | 5x5),0.6354288689312002,0.5011548529484673,0.8679882656228393,0.957260131835901
test_292,confidence blend,0.7096725345444975,0.6180271660288684,0.8332296204099624,0.9707450866698848
test_293,6x6 only,0.5674928673321293,0.4330226546020593,0.8230958230947587,0.9629898071288695
test_293,5x5 only,0.5263614040153467,0.419300398895045,0.7068408121030559,0.9624748229980101
test_293,OR (6x6 | 5x5),0.5031384708460624,0.3555282423981427,0.8603388077061163,0.9498748779296512
test_293,confidence blend,0.5531193010727541,0.4115234128484087,0.8432691064259107,0.9598045349120727
test_294,6x6 only,0.630115216527334,0.553470337339625,0.7313998770232307,0.9680366516112912
test_294,5x5 only,0.6410088972326173,0.5326234400430462,0.8047755687632662,0.9664459228515256
test_294,OR (6x6 | 5x5),0.5887685008141814,0.4497944167926586,0.8520188563221438,0.9556961059569947
test_294,confidence blend,0.6594224098296236,0.5567788834776224,0.8084648493535473,0.9689140319823849
test_295,6x6 only,0.6454294451204925,0.6241387230129627,0.668224011802626,0.9544410705566042
test_295,5x5 only,0.651129279829386,0.6638349514558867,0.6389008421954638,0.9575157165526978
test_295,OR (6x6 | 5x5),0.6453416960667333,0.5612782980268382,0.7590213315296249,0.9482307434081669
test_295,confidence blend,0.6730075058727231,0.6301840227476634,0.722075367307603,0.9564590454101197
test_296,6x6 only,0.40551287844536577,0.31701285855566125,0.5625626880634873,0.9498138427734012
test_296,5x5 only,0.5058046650332805,0.43964080725750815,0.5954112337003569,0.9645996093749631
test_296,OR (6x6 | 5x5),0.44657637321277405,0.31901741560937485,0.7441073219649648,0.9438858032226202
test_296,confidence blend,0.4221553076888663,0.31897711978445237,0.6239969909721365,0.9480247497558232
test_297,6x6 only,0.5863267670913996,0.5037540963203618,0.7012762025750988,0.9346313476562143
test_297,5x5 only,0.6003630313112993,0.5327755156827899,0.6875902292540927,0.9395294189452766
test_297,OR (6x6 | 5x5),0.5863294655988344,0.4536431168008681,0.8287232199567889,0.9227523803710586
test_297,confidence blend,0.6093450260343909,0.5039854935587986,0.7703990298546108,0.934745788574183
test_298,6x6 only,0.21689315214486815,0.1449430199429462,0.43068783068717964,0.9215202331542617
test_298,5x5 only,0.31336957917705666,0.21858576206389238,0.553287981858574,0.9388160705566048
test_298,OR (6x6 | 5x5),0.21710727490055956,0.13301314803456196,0.5903250188955551,0.892566680908169
test_298,confidence blend,0.24912070642810405,0.1655313012778253,0.5032501889637139,0.9234466552734022
test_299,6x6 only,0.5005819637783413,0.4345295829288437,0.5903151421976608,0.959079742431604
test_299,5x5 only,0.49981851179650644,0.42588726513537006,0.6048094872069784,0.9579467773437134
test_299,OR (6x6 | 5x5),0.4771818047116324,0.3600536642627536,0.7072581530682911,0.9461593627929327
test_299,confidence blend,0.5543102255428466,0.4778908859547654,0.6598221148559791,0.9631385803222289
test_3,6x6 only,0.5673914234074793,0.45846793822168497,0.7441994109613216,0.9397354125976204
test_3,5x5 only,0.5966461814024901,0.5232936078003666,0.6939156669774484,0.9501762390136356
test_3,OR (6x6 | 5x5),0.5642108259403757,0.4211849700745755,0.8543208102860036,0.929916381835902
test_3,confidence blend,0.5732888842586277,0.44968335035732393,0.7906041232664387,0.9374999999999643
test_30,6x6 only,0.6716602699019835,0.5661657274052566,0.8254716981125795,0.9595336914062134
test_30,5x5 only,0.46926795580094294,0.4296282245824294,0.5169659160069103,0.9413681030273078
test_30,OR (6x6 | 5x5),0.6047231487656826,0.465702190620827,0.8620663420565565,0.9434928894042608
test_30,confidence blend,0.6608071748876949,0.544272628779403,0.840839926962233,0.9567184448241822
test_300,6x6 only,0.514807614052306,0.4140363636360625,0.6804111389976331,0.9590644836425415
test_300,5x5 only,0.5005522421027168,0.39704233249201215,0.6770646587777255,0.9568748474120728
test_300,OR (6x6 | 5x5),0.43681191434765493,0.3111675126901974,0.732640133858333,0.9397010803222298
test_300,confidence blend,0.5086169189045102,0.40110382890624274,0.694872714233662,0.9571456909179322
test_31,6x6 only,0.4384442998624888,0.46542859335395176,0.4144174923126652,0.940734863281214
test_31,5x5 only,0.5188437614341314,0.5584875935403241,0.48445507345371747,0.949836730956995
test_31,OR (6x6 | 5x5),0.5372111888950705,0.4794079794077223,0.6108643662448849,0.9412422180175422
test_31,confidence blend,0.530813755532676,0.5290125551404621,0.5326272634092705,0.9474334716796513
test_32,6x6 only,0.6541899279741246,0.5509110396567519,0.8051263794939088,0.9543952941894167
test_32,5x5 only,0.6437193407924149,0.5251112809673463,0.8315414738335125,0.9506835937499637
test_32,OR (6x6 | 5x5),0.6133602243099481,0.46853041746497254,0.8877892488423724,0.9400329589843391
test_32,confidence blend,0.6530128912450809,0.5249221183798352,0.8637949448196056,0.9508171081542606
test_33,6x6 only,0.3644738736142475,0.26810673443427774,0.5689887640436652,0.9663162231444944
test_33,5x5 only,0.36765672622938644,0.25042742001119395,0.6912359550546264,0.9596366882323852
test_33,OR (6x6 | 5x5),0.33449544838256123,0.21318355758535168,0.7761797752791547,0.9475708007812138
test_33,confidence blend,0.38132619684782554,0.2592802264454029,0.7204494382006282,0.9603157043456665
test_34,6x6 only,0.5892116182568539,0.5040823571169044,0.7089365951061593,0.9773406982421502
test_34,5x5 only,0.6556106239670506,0.5302703258294478,0.8585455150593134,0.9793243408202751
test_34,OR (6x6 | 5x5),0.580357634112473,0.43350320565474804,0.8776834747863577,0.970905303955041
test_34,confidence blend,0.6395167575989611,0.5244487056562006,0.8192710933585967,0.9788284301757438
test_35,6x6 only,0.44251589620190646,0.3020527859235765,0.8271763572103643,0.9505004882812137
test_35,5x5 only,0.40340909090889987,0.28602121659709545,0.6842274333429421,0.9519348144530887
test_35,OR (6x6 | 5x5),0.3806596442754686,0.24246557261637447,0.885159010599285,0.9315910339355113
test_35,confidence blend,0.4262188162398393,0.2855894242323361,0.8397044651448126,0.9463043212890263
test_36,6x6 only,0.5157641610257767,0.3799868766401706,0.8025221729478901,0.9585189819335571
test_36,5x5 only,0.5101938502671665,0.3651913875595902,0.8461751662959449,0.955276489257776
test_36,OR (6x6 | 5x5),0.42258987599894005,0.27705179626502907,0.8902439024377907,0.9330329895019175
test_36,confidence blend,0.4991469656346985,0.35306286633699974,0.8514412416839642,0.9529647827148073
test_37,6x6 only,0.4122869955155102,0.2835029293861958,0.7554642563668769,0.9500045776366824
test_37,5x5 only,0.3465087139764033,0.225311080387011,0.7498767460957274,0.9343452453612925
test_37,OR (6x6 | 5x5),0.339611650485327,0.21144469071117813,0.8622843056682625,0.9221572875976211
test_37,confidence blend,0.41247875697968256,0.2736056685810974,0.8376335250602505,0.9446105957030889
test_38,6x6 only,0.5017581159536749,0.41679119684797117,0.6302382908785638,0.9535140991210573
test_38,5x5 only,0.44857374563645547,0.3415302013420985,0.6533483976985893,0.9403419494628548
test_38,OR (6x6 | 5x5),0.4620085557138603,0.3223291509317731,0.8153245686105018,0.9294776916503551
test_38,confidence blend,0.5175716549040337,0.39848081614526587,0.7381881676245499,0.9488906860351201
test_39,6x6 only,0.5092863067544775,0.36707215637327556,0.8313905569282568,0.9480934143066044
test_39,5x5 only,0.6820047149215568,0.5419413029899799,0.9196985752962207,0.9722137451171504
test_39,OR (6x6 | 5x5),0.47829874147704377,0.32104838709664474,0.9374779229943041,0.9337425231933237
test_39,confidence blend,0.5481090589268081,0.39082881798093977,0.9172259507819177,0.9510002136230106
test_4,6x6 only,0.5987309998603407,0.4828497525863232,0.7877981651368918,0.9560928344726197
test_4,5x5 only,0.5199962241589251,0.3957185958524995,0.7580733944947173,0.9418067932128547
test_4,OR (6x6 | 5x5),0.48423030465696304,0.3422500474292004,0.8275229357790572,0.9267005920409802
test_4,confidence blend,0.5508198793085366,0.4200761409086694,0.7997247706414681,0.9457664489745733
test_40,6x6 only,0.5823451148260016,0.4826676895044912,0.7339068309391747,0.9449157714843389
test_40,5x5 only,0.6224140256235678,0.49396352427412704,0.8411460231822985,0.9465980529784794
test_40,OR (6x6 | 5x5),0.5792381089029393,0.4309964412809854,0.8829190056128287,0.9328804016112925
test_40,confidence blend,0.6097613186341085,0.4816740646795681,0.8306481008960919,0.9443664550780889
test_41,6x6 only,0.6581892166832868,0.5661533076648878,0.7859572400379179,0.9743652343749628
test_41,5x5 only,0.5975749474887352,0.49221453287158523,0.7603255587940229,0.9678421020507443
test_41,OR (6x6 | 5x5),0.5599616628726648,0.4170979832230251,0.8516763848386155,0.9579658508300415
test_41,confidence blend,0.6649896419055613,0.5597907324360074,0.8188775510194133,0.9740905761718378
test_42,6x6 only,0.42774315903525995,0.3400534160417506,0.5763726635505602,0.9597129821776977
test_42,5x5 only,0.3266175900812056,0.24434782608677943,0.4924065420553557,0.9469604492187138
test_42,OR (6x6 | 5x5),0.38878856873659856,0.2658649200041523,0.7231308411204393,0.9406051635741828
test_42,confidence blend,0.4077154308615192,0.31032641854765836,0.5941880841112819,0.9549026489257448
test_43,6x6 only,0.7099469876999165,0.6504761449008707,0.7813865256376286,0.9576301574706666
test_43,5x5 only,0.6952857002840598,0.6059104885545755,0.8155897907560269,0.9525604248046511
test_43,OR (6x6 | 5x5),0.6741756304001336,0.5467252967251013,0.8791101402616238,0.9436111450194952
test_43,confidence blend,0.7084196828761126,0.6098664011282839,0.844964359622416,0.9538421630859011
test_44,6x6 only,0.5479954180980924,0.4291352709000967,0.7579214195167767,0.9774208068847283
test_44,5x5 only,0.5612596118633751,0.4295482569213882,0.8094634558495787,0.9771461486816033
test_44,OR (6x6 | 5x5),0.5104322353078792,0.3559576419575119,0.9017743979702117,0.9687614440917599
test_44,confidence blend,0.58843806104087,0.4457621586329607,0.8654414871126628,0.9781379699706658
test_45,6x6 only,0.5794738792143092,0.43197260122607745,0.8799369866086644,0.9567031860351197
test_45,5x5 only,0.5313658554489111,0.39431248638026023,0.8144480702140041,0.9512977600097293
test_45,OR (6x6 | 5x5),0.4919424283428183,0.33848237335463266,0.8999662428255879,0.9369812011718393
test_45,confidence blend,0.5701744679279369,0.42411106233514917,0.8696973106775405,0.9555473327636353
test_46,6x6 only,0.5223305372929334,0.4082452306417765,0.7249082328256686,0.9517745971679324
test_46,5x5 only,0.48486827070598904,0.3520098596888737,0.7788148925004941,0.9398078918456673
test_46,OR (6x6 | 5x5),0.44844398629246696,0.30533424387271213,0.8440482433132206,0.9244804382323866
test_46,confidence blend,0.5208695948941944,0.38606698370920467,0.8003146303085471,0.9464454650878544
test_47,6x6 only,0.6112035212527546,0.4920477956322653,0.8065104342535243,0.9420433044433234
test_47,5x5 only,0.5560580071727855,0.45194541844431924,0.722496116701072,0.934837341308558
test_47,OR (6x6 | 5x5),0.5566861734648099,0.4113395075670685,0.8608766124124665,0.9225540161132461
test_47,confidence blend,0.6019455252916824,0.4703378558125374,0.8358208955218236,0.9375610351562141
test_48,6x6 only,0.557423632488488,0.4924274119316438,0.6421868179827125,0.9643516540526975
test_48,5x5 only,0.5868444983325316,0.5463781749759676,0.6337843736352752,0.9688034057616818
test_48,OR (6x6 | 5x5),0.5795543699982035,0.4524130328267685,0.8060890440846724,0.9591140747069946
test_48,confidence blend,0.6179870564603356,0.5228457065172397,0.7554561326923227,0.9673500061034787
test_49,6x6 only,0.5217102807611986,0.4542172154820521,0.6127618119818677,0.9560050964355103
test_49,5x5 only,0.5346873407583407,0.42681155209458604,0.7155382367260442,0.9512329101562137
test_49,OR (6x6 | 5x5),0.5169641726799225,0.38287000140622435,0.7956161714556301,0.9417800903319953
test_49,confidence blend,0.5440646499943417,0.43432523538275347,0.7280077934722571,0.9522209167480105
test_5,6x6 only,0.4950444983816267,0.37088952871619113,0.7441471571895042,0.961906433105432
test_5,5x5 only,0.6571428571424723,0.534374404874753,0.8531468531455562,0.9776611328124627
test_5,OR (6x6 | 5x5),0.5066970147944906,0.35579050897445547,0.8799027059883249,0.9570083618163697
test_5,confidence blend,0.548607304798172,0.4080498109847987,0.8368805107922821,0.9654426574706663
test_50,6x6 only,0.3921922308829529,0.3282648549548924,0.48703999999922076,0.9640083312987913
test_50,5x5 only,0.3555001558115578,0.2911689637567216,0.4563199999992699,0.9605522155761352
test_50,OR (6x6 | 5x5),0.3339924670431572,0.23662441627736047,0.567519999999092,0.9460372924804327
test_50,confidence blend,0.3812541096297559,0.3043229315771502,0.5102399999991837,0.960514068603479
test_51,6x6 only,0.5959455947324803,0.5179189881038112,0.70165238678019,0.9644165039062131
test_51,5x5 only,0.5815636872623149,0.4783237944868901,0.7416360669107082,0.960086822509729
test_51,OR (6x6 | 5x5),0.5532349139395356,0.4150250076551929,0.8294573643402392,0.949897766113245
test_51,confidence blend,0.6228281652670119,0.525606847200417,0.7641778865761278,0.9653854370116819
test_52,6x6 only,0.5014235031314872,0.42526002971736604,0.610820616795848,0.9565773010253541
test_52,5x5 only,0.529468599033594,0.43660800886764817,0.6725002667797753,0.9572715759276978
test_52,OR (6x6 | 5x5),0.4873812754408116,0.35725297130620254,0.7666204247137267,0.942352294921839
test_52,confidence blend,0.5674119241190009,0.47034047034014015,0.7149717212669778,0.9610290527343383
test_53,6x6 only,0.731984467606486,0.6421399885250701,0.8510597851907128,0.9749870300292597
test_53,5x5 only,0.6402146659039105,0.5958892892232264,0.6916642904660282,0.9687995910644162
test_53,OR (6x6 | 5x5),0.6687820356355979,0.528141865843965,0.9115103127070511,0.9637641906737913
test_53,confidence blend,0.7372276996217072,0.6247688243060602,0.8990590248066732,0.9742774963378534
test_54,6x6 only,0.5802429780750964,0.4588795518204712,0.788885678512194,0.9547920227050417
test_54,5x5 only,0.5337926990175437,0.43086207916665825,0.7013387267642286,0.9514770507812137
test_54,OR (6x6 | 5x5),0.5333620318551955,0.39175211165798285,0.8353077145325672,0.942108154296839
test_54,confidence blend,0.5705066593434812,0.4432236385938219,0.8003467206002115,0.9522705078124636
test_55,6x6 only,0.4567065576431165,0.3100051459234654,0.8669819078929544,0.9617271423339476
test_55,5x5 only,0.5106382978720352,0.3599595551058645,0.8782894736824048,0.9687652587890255
test_55,OR (6x6 | 5x5),0.4062120423388833,0.2574224763578967,0.9625822368401263,0.9477844238280888
test_55,confidence blend,0.468503533749632,0.31196289728528714,0.9403782894717508,0.9604110717773071
test_56,6x6 only,0.5502404244733252,0.4560571703425712,0.6934489604004874,0.9586105346679321
test_56,5x5 only,0.4828888721007468,0.3781577234808151,0.6678507992888226,0.9477767944335576
test_56,OR (6x6 | 5x5),0.4967052942511453,0.36028442267830085,0.7993940027157043,0.9408531188964484
test_56,confidence blend,0.5467841884451919,0.432845825715763,0.7421377076577764,0.9550819396972291
test_57,6x6 only,0.4459246453447674,0.3115895686773882,0.7838755809782197,0.9584312438964477
test_57,5x5 only,0.4073788696005043,0.2728763130728806,0.8033607436524788,0.9501228332519168
test_57,OR (6x6 | 5x5),0.35669984133839727,0.22341674948043028,0.8841616017145438,0.9319458007812144
test_57,confidence blend,0.42417178464140215,0.2830730569016436,0.8457275652469687,0.9510002136230106
test_58,6x6 only,0.3199752025858743,0.29078470824926295,0.3556802520177636,0.9414176940917609
test_58,5x5 only,0.4241340553793685,0.4408453695832191,0.4086434337463982,0.9570007324218385
test_58,OR (6x6 | 5x5),0.41230337493522917,0.32988655164244274,0.5496160661542138,0.9392852783202766
test_58,confidence blend,0.3669220026237391,0.32180239031970764,0.4267572356758941,0.9429359436034797
test_59,6x6 only,0.7456084521382556,0.6832098909426236,0.8205505358262796,0.9695053100585567
test_59,5x5 only,0.7377226463101979,0.6756977218431068,0.8122854941508634,0.9685440063476193
test_59,OR (6x6 | 5x5),0.6969807611288592,0.5817704426103799,0.8690901449878342,0.9588432312011352
test_59,confidence blend,0.7453135303165933,0.6754695503695644,0.8312670729138956,0.9690589904784787
test_6,6x6 only,0.4934548854603033,0.38991503509396014,0.6718650541049523,0.9504013061523074
test_6,5x5 only,0.571494394102069,0.44782765675746306,0.7895183534895082,0.9574279785155885
test_6,OR (6x6 | 5x5),0.5454307066997032,0.394649463997536,0.882664969233097,0.9470977783202763
test_6,confidence blend,0.5655743823241899,0.43626209120195975,0.8038404413316318,0.9555969238280885
test_60,6x6 only,0.5488099783630102,0.43246857448486725,0.7507835171204285,0.9594306945800415
test_60,5x5 only,0.65079922712074,0.5234159779610628,0.8601276842706208,0.9696655273437129
test_60,OR (6x6 | 5x5),0.5440915905681668,0.38508657695442766,0.9267556587336891,0.9489593505859013
test_60,confidence blend,0.6007140023797697,0.456282012654139,0.8789320951818004,0.961601257324182
test_61,6x6 only,0.4454686869848214,0.3757776049763066,0.5468948931948693,0.9632835388183226
test_61,5x5 only,0.324571739327325,0.23878108955108435,0.5065780166918848,0.943145751953089
test_61,OR (6x6 | 5x5),0.33591119333937614,0.22745039085977778,0.6420993068317413,0.9315376281737926
test_61,confidence blend,0.39856963371006154,0.30267889908234663,0.5833922761344131,0.9525222778319948
test_62,6x6 only,0.5794871794870047,0.5691851851848478,0.5901689708137694,0.9468231201171513
test_62,5x5 only,0.6178534382815859,0.6135854087131954,0.6221812596002321,0.9522171020507448
test_62,OR (6x6 | 5x5),0.590959662604313,0.5104138732455035,0.7016897081408898,0.9396934509276985
test_62,confidence blend,0.6388455538219613,0.6242012077149415,0.6541935483866947,0.9540786743163698
test_63,6x6 only,0.6095720385261595,0.565389574506755,0.6612451529506018,0.9700012207030879
test_63,5x5 only,0.5359839980403576,0.43153881548647105,0.7071305471771788,0.9566383361816041
test_63,OR (6x6 | 5x5),0.5564784660980803,0.4213909670266437,0.8190435157250979,0.953762054443323
test_63,confidence blend,0.6159756259104446,0.5219636309208097,0.7512925463154337,0.9668235778808224
test_64,6x6 only,0.5371656021473029,0.41042506542159246,0.7771528056772772,0.9618530273437133
test_64,5x5 only,0.4886431816231728,0.35929917438686626,0.7634927012176731,0.9544830322265261
test_64,OR (6x6 | 5x5),0.492427358737335,0.34160008301320866,0.881746350608167,0.9482231140136357
test_64,confidence blend,0.5271913528118024,0.38496639329075355,0.8360787464834123,0.9572830200194947
test_65,6x6 only,0.6556652806650677,0.5760602774127656,0.7607990953631656,0.9595642089843384
test_65,5x5 only,0.6937059142699763,0.6304629230101519,0.7710516396526415,0.9655456542968381
test_65,OR (6x6 | 5x5),0.6703942326793999,0.5376001456661792,0.8903128533728681,0.9556999206542603
test_65,confidence blend,0.7038796765360738,0.6040721538125923,0.843196381454321,0.9640998840331663
test_66,6x6 only,0.43026210702067064,0.4180894595732777,0.44316482201549035,0.9700660705566035
test_66,5x5 only,0.32331667156699595,0.26640178311826107,0.4111576428351613,0.9561042785644166
test_66,OR (6x6 | 5x5),0.4161942507397701,0.31312750056592953,0.6204008375701161,0.9556083679198853
test_66,confidence blend,0.3729305135949408,0.3128548256282311,0.4615614717312869,0.9604110717773071
test_67,6x6 only,0.37846570773380317,0.26598783971850704,0.6557702727096699,0.9545059204101198
test_67,5x5 only,0.3781388478580234,0.2539840019840925,0.7397507675623266,0.9486083984374638
test_67,OR (6x6 | 5x5),0.34320474993612965,0.21495710896139122,0.8508217446255177,0.9312171936034801
test_67,confidence blend,0.4131359038262165,0.28319710572136997,0.76340978869286,0.954189300537073
test_68,6x6 only,0.4577955096610898,0.3399953520797467,0.7005027531712945,0.9471206665038701
test_68,5x5 only,0.5155765173139234,0.3939432256430461,0.7458702417994423,0.9553337097167603
test_68,OR (6x6 | 5x5),0.438535694033004,0.2975885069265018,0.833133828105299,0.9320144653319956
test_68,confidence blend,0.4934218009476802,0.3610787414680866,0.7789083073967213,0.9490318298339482
test_69,6x6 only,0.343779046607128,0.2572535771062626,0.518007202880116,0.9622955322265258
test_69,5x5 only,0.43765969992764353,0.32537749634649255,0.6682673069214321,0.9672584533691037
test_69,OR (6x6 | 5x5),0.3618304685018088,0.23394522315393,0.7981192476974828,0.9463233947753544
test_69,confidence blend,0.4342460008385152,0.30992901736054906,0.725090036012955,0.9639778137206663
test_7,6x6 only,0.3952815780065657,0.2816392683490245,0.6626716060136602,0.9290122985839488
test_7,5x5 only,0.5091215268030516,0.4027786588844745,0.6917629113088998,0.9532966613769167
test_7,OR (6x6 | 5x5),0.40153121643568024,0.2686765193674608,0.794290695139688,0.9171028137206682
test_7,confidence blend,0.4507568311380477,0.32229197901034373,0.7495096971009484,0.9360504150390268
test_70,6x6 only,0.4674212656146458,0.33311042380645894,0.7832154088034922,0.9653587341308225
test_70,5x5 only,0.36834990827441905,0.24414437475985912,0.7498034591180232,0.9500885009765262
test_70,OR (6x6 | 5x5),0.3481393507520395,0.21797541146132363,0.8641902515706286,0.937187194824183
test_70,confidence blend,0.4259418024103959,0.28647988603196084,0.8299921383631487,0.9565773010253541
test_71,6x6 only,0.5339695738445932,0.4122711023561594,0.7576082584786733,0.9623718261718383
test_71,5x5 only,0.5022523507542085,0.3727119304164788,0.7698082852919027,0.9565849304198853
test_71,OR (6x6 | 5x5),0.4533756262839443,0.3100473279430536,0.8431425123999958,0.9421501159667609
test_71,confidence blend,0.5523255813950979,0.4176684756471679,0.8151226705981832,0.9624023437499633
test_72,6x6 only,0.482853892409814,0.39507978723351717,0.6207689093175496,0.9757232666015252
test_72,5x5 only,0.4189380927485483,0.3259732713534852,0.5860844128696489,0.9703178405761348
test_72,OR (6x6 | 5x5),0.3887792332074952,0.2723539763678267,0.6790639364799853,0.9610176086425414
test_72,confidence blend,0.45343887685725226,0.35281812899436044,0.6343501880471493,0.9720802307128535
test_73,6x6 only,0.47212671544844925,0.4334898278557911,0.518324945153879,0.9314765930175426
test_73,5x5 only,0.5461681707490199,0.4911629824287673,0.615047102851584,0.9395713806151985
test_73,OR (6x6 | 5x5),0.5191665872030803,0.4116824196595797,0.7026067879721882,0.9230575561523084
test_73,confidence blend,0.5376421238545818,0.469717426945477,0.628532713898162,0.936088562011683
test_74,6x6 only,0.3777201325836736,0.2652297105846334,0.6559059059042646,0.9670562744140255
test_74,5x5 only,0.31641372273924473,0.2123053226080675,0.6208708708693171,0.9591064453124634
test_74,OR (6x6 | 5x5),0.30629264594374206,0.19190575717259362,0.7582582582563607,0.9476432800292607
test_74,confidence blend,0.3569669129882451,0.24317460317438258,0.6709209209192419,0.9631538391112914
test_75,6x6 only,0.40207695380095787,0.3064745281102565,0.5843653250768339,0.931472778320277
test_75,5x5 only,0.41316861781242703,0.31030797629441836,0.6180340557269561,0.9307785034179332
test_75,OR (6x6 | 5x5),0.3876791214676878,0.2680469647022971,0.7001741486061337,0.912792205810512
test_75,confidence blend,0.4151933105000416,0.30480677751084817,0.6509287925690296,0.927700042724574
test_76,6x6 only,0.4192476563424592,0.2912373258591285,0.748041499045632,0.9626617431640258
test_76,5x5 only,0.32956398253808994,0.21924422673182697,0.6633495659524384,0.9513740539550418
test_76,OR (6x6 | 5x5),0.3220857676561654,0.19825814658958887,0.8579292822340505,0.9349327087401986
test_76,confidence blend,0.4062284104796693,0.2711792252020213,0.8092314207054643,0.9573783874511353
test_77,6x6 only,0.5037533707453888,0.48597342332807003,0.5228837279669242,0.9480514526366826
test_77,5x5 only,0.5082794765439991,0.4420087238561447,0.5979272259621772,0.9416618347167609
test_77,OR (6x6 | 5x5),0.48690309367239226,0.37816568295015357,0.6834102428317699,0.9273681640624646
test_77,confidence blend,0.5146831020729328,0.4560214928159934,0.5906649519626366,0.9438285827636358
test_78,6x6 only,0.6162752110908092,0.518360004961842,0.759796345121593,0.960300445556604
test_78,5x5 only,0.6462387236260917,0.5476717002587049,0.7880716428759086,0.9637985229491819
test_78,OR (6x6 | 5x5),0.6047718498827274,0.4638159491333962,0.8688062551133113,0.9523544311523073
test_78,confidence blend,0.6317830799596108,0.5102360442999718,0.829348122555842,0.9594383239745727
test_79,6x6 only,0.47952492886284814,0.3453929780785686,0.7839805825232147,0.9518547058105106
test_79,5x5 only,0.5875113749618288,0.4328586935697383,0.9141046386179691,0.9636878967284788
test_79,OR (6x6 | 5x5),0.47177102212479166,0.31603060429728497,0.9301510248099647,0.9410743713378547
test_79,confidence blend,0.5239011744371248,0.3696170259932552,0.8992718446589816,0.953762054443323
test_8,6x6 only,0.47163149024938944,0.3929789368101685,0.5896458312425106,0.9497680664062137
test_8,5x5 only,0.5451812259894165,0.46691939060119664,0.6549613725286897,0.9584503173827759
test_8,OR (6x6 | 5x5),0.48782006920398346,0.37231289283242364,0.707233871776154,0.9435348510741827
test_8,confidence blend,0.5128933231003404,0.4152737214935591,0.6705126918825418,0.95157623291012
test_80,6x6 only,0.485544217686916,0.3951767461667402,0.6294945725910537,0.9399948120116829
test_80,5x5 only,0.5273393027476145,0.4138214130485276,0.7266791044769957,0.9414024353026984
test_80,OR (6x6 | 5x5),0.46955295592216695,0.3392318140656734,0.7624660786967753,0.9225082397460586
test_80,confidence blend,0.5093465115563678,0.3991436955787756,0.7036126187239623,0.9390220642089485
test_81,6x6 only,0.4674837527803605,0.3419692425497148,0.7385611907376811,0.953426361083948
test_81,5x5 only,0.5318228446543277,0.39314210352760093,0.8216648291058136,0.9599571228026977
test_81,OR (6x6 | 5x5),0.44159115558183476,0.2959159750549557,0.8697629547948322,0.9391136169433235
test_81,confidence blend,0.4902354145340879,0.34870988409322107,0.8251102535821043,0.9525032043456667
test_82,6x6 only,0.4165703911534838,0.29633108306410544,0.7010137480895695,0.9460601806640264
test_82,5x5 only,0.43191208791189806,0.31596887259610523,0.6822663518946226,0.9506988525390262
test_82,OR (6x6 | 5x5),0.3816096486902686,0.24995694851031083,0.8062769059841601,0.928218841552699
test_82,confidence blend,0.4044319248824772,0.27718286655669416,0.7476739341747707,0.9395103454589485
test_83,6x6 only,0.4682517866958259,0.43001388362966675,0.5139538391910439,0.9409637451171515
test_83,5x5 only,0.49069158349242914,0.4622566017601612,0.5228541258104368,0.9451065063476202
test_83,OR (6x6 | 5x5),0.48781303100351325,0.3867320348039456,0.6604314376220694,0.9298591613769176
test_83,confidence blend,0.4917068123765748,0.43030954671471316,0.5735405038463014,0.9400291442870735
test_84,6x6 only,0.465665764213406,0.37241162113190107,0.6212240609395571,0.958591461181604
test_84,5x5 only,0.4570827757596745,0.35927873779086456,0.6280535854995691,0.9566650390624635
test_84,OR (6x6 | 5x5),0.46082198160419885,0.3270533796064964,0.7797478329382982,0.9470024108886357
test_84,confidence blend,0.4955956279110383,0.3819034757265037,0.7056737588643214,0.9582786560058227
test_85,6x6 only,0.4039906711581567,0.2935601305546739,0.6476045416773087,0.9473571777343388
test_85,5x5 only,0.377820172528045,0.26968620485478406,0.6307117142057177,0.9427719116210578
test_85,OR (6x6 | 5x5),0.3898028463244582,0.255018365080612,0.8267792855153326,0.9286880493163708
test_85,confidence blend,0.4135051300403987,0.29005802276261433,0.7198836887278872,0.9437408447265264
test_86,6x6 only,0.5470787637086552,0.4313836477984708,0.7475749318792941,0.9566764831542603
test_86,5x5 only,0.5462765957444733,0.4193059200930771,0.783542234331571,0.9544448852538698
test_86,OR (6x6 | 5x5),0.5007315175095718,0.35045751633971656,0.876621253405039,0.9388160705566048
test_86,confidence blend,0.5696414609625937,0.43259443564779876,0.8337874659391457,0.9559059143066041
test_87,6x6 only,0.22789115646242353,0.15666406858909132,0.41787941787833194,0.9584350585937134
test_87,5x5 only,0.23217947171617886,0.15117009580638355,0.5002598752585752,0.9514312744140262
test_87,OR (6x6 | 5x5),0.21884642772360843,0.1338793053376698,0.5990124740109174,0.9372291564941049
test_87,confidence blend,0.24931067649871796,0.1654890610367196,0.5051975051961923,0.9553413391112916
test_88,6x6 only,0.3548679587439902,0.37809443303903134,0.3343299519483883,0.9565734863280885
test_88,5x5 only,0.34267694463890286,0.37814151308109534,0.31329418045882185,0.9570617675780885
test_88,OR (6x6 | 5x5),0.3886311959980042,0.33845544554428636,0.45627335824831144,0.9487152099609013
test_88,confidence blend,0.37531910271013236,0.38193676763168033,0.3689268553119392,0.9561271667480103
test_89,6x6 only,0.4133749015038496,0.3107071123240919,0.6173761768311324,0.9346809387206674
test_89,5x5 only,0.47579797300118765,0.40386949382422793,0.5788988948008812,0.952449798583948
test_89,OR (6x6 | 5x5),0.3985923624665553,0.27250855230996107,0.7418133442481152,0.9165534973144182
test_89,confidence blend,0.4421409214090643,0.33046384443977594,0.6678264428973927,0.9371795654296518
test_9,6x6 only,0.5203223998963319,0.41757177447221194,0.6901440658578891,0.9575462341308228
test_9,5x5 only,0.6394923114470883,0.5579691626198501,0.7489137891599028,0.9718284606933223
test_9,OR (6x6 | 5x5),0.5485946495087675,0.4088385396217773,0.8335238966375101,0.9542350769042605
test_9,confidence blend,0.5518500873429601,0.42269796861669945,0.794648982391042,0.9569396972655885
test_90,6x6 only,0.5423502479967752,0.448493453225825,0.6858866103733929,0.9450912475585577
test_90,5x5 only,0.732809821819774,0.7265254505210824,0.7392038600717818,0.9744300842284784
test_90,OR (6x6 | 5x5),0.573440760491371,0.44827586206876235,0.7955770004014511,0.9438552856444952
test_90,confidence blend,0.5716047099437237,0.46343779677089847,0.7456373140323718,0.9469833374023076
test_91,6x6 only,0.48894348894322776,0.4076053076850943,0.6108367809947807,0.9635009765624633
test_91,5x5 only,0.4626417084099854,0.3824093444906011,0.5854797811282724,0.9611244201659789
test_91,OR (6x6 | 5x5),0.461160750221178,0.3301446435772891,0.7645802749222413,0.9489288330077763
test_91,confidence blend,0.5193843550005186,0.4301734711753722,0.6552782597081873,0.9653358459472288
test_92,6x6 only,0.3054702236592264,0.23891417973340168,0.4234274615263358,0.9508399963378543
test_92,5x5 only,0.3810959069260467,0.3194219886819731,0.47228447631783615,0.9608345031737914
test_92,OR (6x6 | 5x5),0.33628245751189817,0.23205361199441613,0.6104885701470036,0.9384727478026985
test_92,confidence blend,0.3288594081979951,0.2517454776259507,0.47407739429183615,0.9505958557128543
test_93,6x6 only,0.5840319361274531,0.4758497316632982,0.7558770343570707,0.968200683593713
test_93,5x5 only,0.6036883356382647,0.46938629194116044,0.8456471196062443,0.9672088623046505
test_93,OR (6x6 | 5x5),0.5261170072136094,0.37176407792881144,0.8996383363460351,0.9521369934081667
test_93,confidence blend,0.6077544869157383,0.4700812433765665,0.8594678377669085,0.9672355651855099
test_94,6x6 only,0.39138553466924475,0.3241905547532231,0.4937185929640488,0.962699890136682
test_94,5x5 only,0.4107545185999045,0.30150679897074495,0.6441582914562749,0.9551048278808228
test_94,OR (6x6 | 5x5),0.38328404939972893,0.2650348809235837,0.6920540200994157,0.9458999633788702
test_94,confidence blend,0.41070677324336835,0.30874446552790263,0.6132223618080823,0.9572525024413697
test_95,6x6 only,0.6446428571425831,0.6271508934475288,0.6631385584318902,0.9681167602538693
test_95,5x5 only,0.6111517761030738,0.601797676587296,0.6208012596215703,0.9655494689941038
test_95,OR (6x6 | 5x5),0.6059856912759464,0.5299050114637864,0.7075752274311514,0.959873199462854
test_95,confidence blend,0.6592939174816421,0.6416625269078973,0.6779216235123531,0.9694442749023068
test_96,6x6 only,0.5401592718995789,0.395074055582963,0.8536497662695908,0.9691619873046505
test_96,5x5 only,0.4817850637520026,0.3524904214556451,0.7608773822352376,0.9652709960937131
test_96,OR (6x6 | 5x5),0.4410392461803856,0.2957668711654627,0.8667745415302647,0.9533843994140261
test_96,confidence blend,0.509245460064851,0.36742333731551774,0.8293779216094402,0.9660835266112913
test_97,6x6 only,0.6596484542463394,0.5503974562793716,0.8230120052290228,0.9727439880370722
test_97,5x5 only,0.5857403070515285,0.4611130078521945,0.802686318791391,0.9635620117187133
test_97,OR (6x6 | 5x5),0.5431971029485836,0.39412300927642546,0.8736479258280355,0.9528427124023073
test_97,confidence blend,0.654031065088455,0.5351388153411489,0.8408415547357174,0.9714508056640254
test_98,6x6 only,0.7279203314670873,0.6635303472029372,0.8061503783596745,0.985721588134728
test_98,5x5 only,0.5301515244460278,0.4282457879083962,0.6957011753329646,0.970783233642541
test_98,OR (6x6 | 5x5),0.5676208753128804,0.42429072362095605,0.8571888584755157,0.9690589904784787
test_98,confidence blend,0.6624326404922617,0.5506025381246127,0.8312671067447572,0.9799270629882438
test_99,6x6 only,0.6016899897167247,0.446545888910713,0.9220334338162208,0.96601486206051
test_99,5x5 only,0.6005466252834574,0.4536356637970091,0.8881885448055794,0.9671058654784787
test_99,OR (6x6 | 5x5),0.5075914048626635,0.3450416276662175,0.959714990407016,0.9481620788573857
test_99,confidence blend,0.6070197153211002,0.44805533803155306,0.9408057001905442,0.9660873413085569
