stem,threshold,view,dice_f1,precision,recall_sensitivity,accuracy
test_1,0.5,6x6 only,0.5625248339668715,0.559570863918058,0.5655101574976426,0.970600128173791
test_1,0.5,5x5 only,0.5955171236769851,0.5936932849358056,0.5973522026927672,0.9728775024413691
test_1,0.5,OR (6x6 | 5x5),0.5506022361914916,0.47503519085826357,0.6547591873993897,0.964275360107385
test_1,0.5,confidence blend,0.5796475668102581,0.5930038204386425,0.5668797078286157,0.9725189208984003
test_1,0.25,6x6 only,0.5553332631354346,0.5154417513677526,0.6019173704626775,0.9677810668944943
test_1,0.25,5x5 only,0.577626408173656,0.5339533081463392,0.629080118693644,0.9692497253417599
test_1,0.25,OR (6x6 | 5x5),0.5254442999564258,0.4236091696949793,0.6917370463356634,0.9582366943359009
test_1,0.25,confidence blend,0.5420971436582945,0.459102066671582,0.6617210682485029,0.9626350402831664
test_10,0.5,6x6 only,0.7625505591241325,0.7933822922676843,0.7340254981290678,0.9771575927734002
test_10,0.5,5x5 only,0.8203187892445579,0.8676032354185886,0.777921978776412,0.9829711914062125
test_10,0.5,OR (6x6 | 5x5),0.7988025263769856,0.7654631961931392,0.8351782578816435,0.9789772033691032
test_10,0.5,confidence blend,0.7942291328224668,0.8049392395132849,0.7838002900978824,0.9797058105468376
test_10,0.25,6x6 only,0.7575261655563245,0.755312689738346,0.7597526528736852,0.9756965637206658
test_10,0.25,5x5 only,0.82034615083373,0.8421094943316648,0.7996793648363999,0.982498168945275
test_10,0.25,OR (6x6 | 5x5),0.7866662002865484,0.7259522272429141,0.8584624780511042,0.9767341613769158
test_10,0.25,confidence blend,0.7890985925578236,0.7431867242304754,0.8410565692031139,0.9775352478026971
test_100,0.5,6x6 only,0.3946763062764844,0.5708174904933923,0.3016072325462066,0.957839965820276
test_100,0.5,5x5 only,0.544992920267299,0.6538957234907393,0.46718566884273627,0.9644508361816038
test_100,0.5,OR (6x6 | 5x5),0.5474875149155666,0.5799082482908156,0.5184999162895375,0.9609413146972289
test_100,0.5,confidence blend,0.5332606324970094,0.6537433155072268,0.4502762430935457,0.9640808105468381
test_100,0.25,6x6 only,0.40710986141775096,0.5086574654949704,0.3393604553822707,0.9549560546874635
test_100,0.25,5x5 only,0.557971685018711,0.6237070748855774,0.5047714716218777,0.963554382324182
test_100,0.25,OR (6x6 | 5x5),0.5380293159606929,0.5237830981445031,0.5530721580440707,0.9567184448241822
test_100,0.25,confidence blend,0.5348044645137024,0.5445003469807906,0.5254478486518287,0.9583435058593384
test_101,0.5,6x6 only,0.8375617792416227,0.7779409964490416,0.9070796460164045,0.9905967712401965
test_101,0.5,5x5 only,0.769601930035724,0.6663881345303254,0.9106480159849977,0.9854278564452749
test_101,0.5,OR (6x6 | 5x5),0.7548585830295408,0.6211632408511188,0.9618898087339968,0.9833030700683218
test_101,0.5,confidence blend,0.8534648392462831,0.7740473977686174,0.9510419640294733,0.9912719726562121
test_101,0.25,6x6 only,0.82326082820672,0.7407280611654219,0.9264915786455516,0.9893684387206654
test_101,0.25,5x5 only,0.7455180709085597,0.6225963838126637,0.9289180702241951,0.9830513000487906
test_101,0.25,OR (6x6 | 5x5),0.72080088987726,0.5730649372521072,0.9711675706523392,0.9798927307128532
test_101,0.25,confidence blend,0.7498062659134563,0.6123869801079453,0.9667427918912835,0.9827575683593375
test_102,0.5,6x6 only,0.6301041666665026,0.6423148393944028,0.6183490927673814,0.9458160400390264
test_102,0.5,5x5 only,0.6621980170365418,0.7299876847286145,0.6059289547658543,0.9538612365722292
test_102,0.5,OR (6x6 | 5x5),0.6955462362062893,0.64209706722007,0.7587017633525384,0.9504280090331668
test_102,0.5,confidence blend,0.6719460995045701,0.6611913714621703,0.6830564784049664,0.9502220153808231
test_102,0.25,6x6 only,0.6395368973107787,0.6197142583178542,0.6606695629948067,0.944416046142542
test_102,0.25,5x5 only,0.6642341641400842,0.6990625705891692,0.6327114745716163,0.9522590637206667
test_102,0.25,OR (6x6 | 5x5),0.6928124999998454,0.6149791955614761,0.7932021466901134,0.9475021362304326
test_102,0.25,confidence blend,0.696361844065772,0.6313601596272733,0.7762841809349469,0.9494743347167606
test_103,0.5,6x6 only,0.3020519138449798,0.2646467654282255,0.35177122501449454,0.9373283386230111
test_103,0.5,5x5 only,0.35773049645373156,0.3425389351681071,0.374332079952133,0.9481811523437138
test_103,0.5,OR (6x6 | 5x5),0.33899579073949976,0.2733002060354664,0.44626954284539255,0.9329071044921519
test_103,0.5,confidence blend,0.3363033655671904,0.29333333333311723,0.3940233524634929,0.940044403076136
test_103,0.25,6x6 only,0.3050047214351963,0.2531678641409189,0.383534533939854,0.9326171874999644
test_103,0.25,5x5 only,0.36641424206174816,0.3316232464927201,0.40936077577636115,0.945423126220667
test_103,0.25,OR (6x6 | 5x5),0.3380653222726257,0.2603581929963858,0.4818919453785059,0.9272499084472302
test_103,0.25,confidence blend,0.335926806425929,0.2641028545535432,0.46140906392196573,0.929672241210902
test_104,0.5,6x6 only,0.8028884728532747,0.8425957112374058,0.7667552104610065,0.9859428405761342
test_104,0.5,5x5 only,0.8184197282331059,0.8064868081721815,0.8307110747846028,0.9862365722655874
test_104,0.5,OR (6x6 | 5x5),0.8287664827453339,0.7640972581472977,0.9053943604404316,0.9860305786132436
test_104,0.5,confidence blend,0.8677719369182836,0.8587434973981004,0.8769922353893778,0.9900207519530871
test_104,0.25,6x6 only,0.794665580779398,0.7918441874611565,0.7975071516134067,0.9846115112304311
test_104,0.25,5x5 only,0.8069535151744107,0.7613265675962655,0.8583980384135079,0.9846649169921499
test_104,0.25,OR (6x6 | 5x5),0.8013992826458834,0.7072293864785406,0.9244993870035507,0.9828910827636343
test_104,0.25,confidence blend,0.8239627941240392,0.7500209573302455,0.9140784634236676,0.985416412353478
test_105,0.5,6x6 only,0.4720537161377763,0.5268761629103506,0.42756480161024446,0.9565086364745728
test_105,0.5,5x5 only,0.4691661544763014,0.6023937919234481,0.3841959567147184,0.9604644775390259
test_105,0.5,OR (6x6 | 5x5),0.5114446080966079,0.48666666666629793,0.5388809663614303,0.953182220458948
test_105,0.5,confidence blend,0.4671525608604952,0.5711687681855344,0.39518496770372014,0.9590034484862915
test_105,0.25,6x6 only,0.49584785508347495,0.5090106007062641,0.48334871235594046,0.9553031921386353
test_105,0.25,5x5 only,0.4842256902758779,0.5662623539975671,0.4229510947064651,0.9590263366698852
test_105,0.25,OR (6x6 | 5x5),0.5141519783513077,0.45575364667717616,0.5897156278830721,0.94931793212887
test_105,0.25,confidence blend,0.5141181071566233,0.48157374166570327,0.551379917791669,0.9526062011718386
test_106,0.5,6x6 only,0.548955790615464,0.6824662813095544,0.4591353943868953,0.9555931091308228
test_106,0.5,5x5 only,0.6229797473428422,0.8170629076364221,0.503402683258472,0.9641380310058225
test_106,0.5,OR (6x6 | 5x5),0.6150804661485103,0.6615683056027295,0.5746969991570583,0.9576644897460572
test_106,0.5,confidence blend,0.5783998203725101,0.6843177189403309,0.5008749756947949,0.9570236206054322
test_106,0.25,6x6 only,0.5562056607911372,0.6381639674409346,0.49290297491704393,0.9537048339843386
test_106,0.25,5x5 only,0.6466494944444094,0.7947457947450437,0.5450774515519183,0.9649391174316038
test_106,0.25,OR (6x6 | 5x5),0.6170901599134644,0.6227722772273117,0.6115107913665101,0.9553337097167603
test_106,0.25,confidence blend,0.607080360748214,0.6313431791134378,0.5846133903684071,0.955459594726526
test_107,0.5,6x6 only,0.3830273214439225,0.424289606850089,0.3490792634101696,0.9732093811034784
test_107,0.5,5x5 only,0.37198879551790953,0.37183999999940504,0.3721377101675386,0.9700660705566035
test_107,0.5,OR (6x6 | 5x5),0.3743954862974379,0.3224574800412791,0.44627702161657923,0.9644699096679319
test_107,0.5,confidence blend,0.3858590935742767,0.40460295151018166,0.3687750200154223,0.972034454345666
test_107,0.25,6x6 only,0.36010815969432153,0.3577184389313356,0.3625300240186349,0.9693069458007443
test_107,0.25,5x5 only,0.380675029868294,0.35665314117761765,0.40816653322592766,0.9683609008788693
test_107,0.25,OR (6x6 | 5x5),0.3575351560140277,0.2869043006583815,0.47429943955088183,0.9593925476073852
test_107,0.25,confidence blend,0.3605947955388023,0.3006305439774493,0.4504403522811042,0.9619445800780883
test_108,0.5,6x6 only,0.5444453131103554,0.5155463429071431,0.5767765446404228,0.9777717590331658
test_108,0.5,5x5 only,0.594903516438785,0.5006790402891572,0.73281431174303,0.9770164489745721
test_108,0.5,OR (6x6 | 5x5),0.5371685606057427,0.41790220093892816,0.7516978631758295,0.9701690673827754
test_108,0.5,confidence blend,0.6017793323697044,0.5562271577163955,0.6554580089437544,0.9800224304198845
test_108,0.25,6x6 only,0.5343290074671686,0.475116039194849,0.6104025178058466,0.9754981994628533
test_108,0.25,5x5 only,0.5659985333655793,0.4484361382778653,0.7671028656604819,0.9729080200194941
test_108,0.25,OR (6x6 | 5x5),0.5057249866235924,0.373508258910635,0.7828391585211482,0.9647598266601194
test_108,0.25,confidence blend,0.5361761621807432,0.4135142420698953,0.7622991552082785,0.9696273803710567
test_109,0.5,6x6 only,0.6519839825259969,0.5821865857616402,0.7407969116217554,0.9781188964843377
test_109,0.5,5x5 only,0.6547469815922314,0.6277834008089224,0.6841307045351108,0.980037689208947
test_109,0.5,OR (6x6 | 5x5),0.6477494018802382,0.543003731342777,0.8025644560860299,0.9758491516112908
test_109,0.5,confidence blend,0.6583727586001644,0.5711390352649258,0.7770577691978808,0.9776878356933221
test_109,0.25,6x6 only,0.6397013067824632,0.542402148886663,0.7795395008951062,0.9757041931151971
test_109,0.25,5x5 only,0.6598656697499303,0.6105053347395819,0.7179098304140109,0.9795227050780876
test_109,0.25,OR (6x6 | 5x5),0.6201744763095542,0.4992430613957113,0.818419964151636,0.9722633361816035
test_109,0.25,confidence blend,0.6298141303762227,0.5149789768741109,0.8105611471104225,0.9736366271972284
test_11,0.5,6x6 only,0.44009927555660044,0.48072977725638866,0.40580158337431604,0.9363174438476205
test_11,0.5,5x5 only,0.4480981917231308,0.4773124519328271,0.4222538347350184,0.9358482360839486
test_11,0.5,OR (6x6 | 5x5),0.4898914905766734,0.45501803522148576,0.5305541810981379,0.9318542480468394
test_11,0.5,confidence blend,0.4533075185542261,0.47389016327049394,0.43443839683298213,0.9353713989257455
test_11,0.25,6x6 only,0.453910128703648,0.46438045939795247,0.44390153389383724,0.9341239929198862
test_11,0.25,5x5 only,0.45948498394495385,0.46788049749937943,0.45138545274588604,0.9345016479491831
test_11,0.25,OR (6x6 | 5x5),0.49930937356105975,0.44413394362782743,0.5701385452742639,0.9294776916503551
test_11,0.25,confidence blend,0.4929613082692706,0.4516760208019918,0.5425531914890261,0.9311637878417613
test_110,0.5,6x6 only,0.5105610361311441,0.5495049504943337,0.4767717870459175,0.9691505432128537
test_110,0.5,5x5 only,0.5295419340559141,0.5185827283557063,0.5409743415841065,0.967559814453088
test_110,0.5,OR (6x6 | 5x5),0.5144076840979361,0.45058213648300277,0.5992991974673908,0.961814880371057
test_110,0.5,confidence blend,0.5446731234863531,0.5863417177106915,0.5085339663156906,0.9713058471679317
test_110,0.25,6x6 only,0.5325139664801494,0.5264553186783094,0.538713688255297,0.968078613281213
test_110,0.25,5x5 only,0.5246947976290336,0.47539930236783967,0.5853961794952126,0.9642066955566038
test_110,0.25,OR (6x6 | 5x5),0.5130683066108003,0.41960051731540476,0.6601107720123656,0.9577140808105103
test_110,0.25,confidence blend,0.5236387972653933,0.4536944996682789,0.6190799140944737,0.9619865417480101
test_111,0.5,6x6 only,0.3350676378768238,0.4599999999985397,0.2635024549913375,0.9780616760253533
test_111,0.5,5x5 only,0.4644216133937743,0.48693397167267716,0.4438988907065941,0.9785232543944938
test_111,0.5,OR (6x6 | 5x5),0.45577055977845904,0.43409577093889407,0.47972358610569243,0.9759674072265252
test_111,0.5,confidence blend,0.4458086840044136,0.5771676300561354,0.36315693762436235,0.9810600280761345
test_111,0.25,6x6 only,0.36398880034421277,0.44626353313851,0.30732860520038674,0.9774703979491814
test_111,0.25,5x5 only,0.4701091665218592,0.44894919741775785,0.49336242953174514,0.9766693115234002
test_111,0.25,OR (6x6 | 5x5),0.4614062499996395,0.4044651417608486,0.5370067284951137,0.9737014770507441
test_111,0.25,confidence blend,0.4619727949350141,0.43618739902999,0.490998363337896,0.9760093688964471
test_112,0.5,6x6 only,0.6614967041484674,0.7251345990355269,0.6081273764251328,0.9800186157226188
test_112,0.5,5x5 only,0.7052378085486422,0.714791310714285,0.6959363117862453,0.9813232421874625
test_112,0.5,OR (6x6 | 5x5),0.7015265056893136,0.6582977393471628,0.7508317490485374,0.979488372802697
test_112,0.5,confidence blend,0.7115384615380285,0.7292914171647589,0.6946292775657145,0.9819183349609
test_112,0.25,6x6 only,0.6617159690679626,0.6843107387653157,0.640565589352851,0.9789733886718376
test_112,0.25,5x5 only,0.7013388259522249,0.6763407636275917,0.7282557034211878,0.9800872802734001
test_112,0.25,OR (6x6 | 5x5),0.6849616958753882,0.6133245630514815,0.7755465779458465,0.9770965576171502
test_112,0.25,confidence blend,0.6966194584618283,0.6410666134019364,0.7627138783260898,0.9786720275878532
test_113,0.5,6x6 only,0.6413615770780939,0.6621997471546622,0.6217948717941336,0.9776535034179314
test_113,0.5,5x5 only,0.6274076229266061,0.6153407145296024,0.6399572649565052,0.9755744934081658
test_113,0.5,OR (6x6 | 5x5),0.6410364886300153,0.5780087736023478,0.719491927824407,0.9741058349609003
test_113,0.5,confidence blend,0.662635147516546,0.6825217063034069,0.6438746438738795,0.9789314270019157
test_113,0.25,6x6 only,0.6449035498227115,0.6210156078252131,0.6707027540352911,0.976264953613244
test_113,0.25,5x5 only,0.6291333477411772,0.5773502578336202,0.691120607786454,0.9738159179687128
test_113,0.25,OR (6x6 | 5x5),0.6314661471014946,0.5354369734011767,0.7694681861339393,0.9711380004882442
test_113,0.25,confidence blend,0.6441866460424623,0.5694102634212291,0.7415716999041528,0.9736747741698847
test_114,0.5,6x6 only,0.5666162380229114,0.5321083538543927,0.605910267471305,0.9672164916991818
test_114,0.5,5x5 only,0.58610670892737,0.4951651294253978,0.7179680759267493,0.9641342163085569
test_114,0.5,OR (6x6 | 5x5),0.5780323666076839,0.45978842722377017,0.7781492666083065,0.9598159790038696
test_114,0.5,confidence blend,0.6245011600925177,0.5480534288967681,0.7257333908534018,0.9691314697265255
test_114,0.25,6x6 only,0.5671361502344755,0.5021616228795293,0.6514236410691852,0.9648284912109006
test_114,0.25,5x5 only,0.5762377052551232,0.46589472283192523,0.7550690250207559,0.9607200622558227
test_114,0.25,OR (6x6 | 5x5),0.5614311431141008,0.43037028518834497,0.8072691975832536,0.9553909301757447
test_114,0.25,confidence blend,0.5770169224712408,0.4542694261987518,0.7906600517679133,0.9589996337890259
test_115,0.5,6x6 only,0.4579012857731581,0.515502428090184,0.41187882405549636,0.9750709533691034
test_115,0.5,5x5 only,0.28333057987751253,0.3172987974092187,0.255931950454774,0.9669036865234005
test_115,0.5,OR (6x6 | 5x5),0.41474850809859704,0.39579661016895484,0.4356066258760848,0.9685745239257443
test_115,0.5,confidence blend,0.3942852312110962,0.4547581903267263,0.3480077600352962,0.9726676940917597
test_115,0.25,6x6 only,0.4779389077441546,0.49465112565784025,0.4623190568564956,0.9741821289062128
test_115,0.25,5x5 only,0.3045801526715232,0.3117674636657106,0.29771675869228814,0.9652481079101194
test_115,0.25,OR (6x6 | 5x5),0.4282298196856277,0.37767897856774085,0.4944038203245868,0.9662513732909788
test_115,0.25,confidence blend,0.4204481792714142,0.3960944715656471,0.4479928368893479,0.9684295654296505
test_116,0.5,6x6 only,0.40896181760775563,0.43035032375820964,0.3895986772878557,0.9714202880859004
test_116,0.5,5x5 only,0.400631911532069,0.42217413018075217,0.38118142191435267,0.9710540771484004
test_116,0.5,OR (6x6 | 5x5),0.38791095003857884,0.3406068871458795,0.45047347061408316,0.9639205932616819
test_116,0.5,confidence blend,0.43052742445075703,0.4669595782065607,0.39936870584638606,0.9731864929198847
test_116,0.25,6x6 only,0.39763520910853395,0.38649262201988294,0.40943935066825576,0.9685173034667599
test_116,0.25,5x5 only,0.38695276497667985,0.3713890808564321,0.40387794979647695,0.9675216674804318
test_116,0.25,OR (6x6 | 5x5),0.36435048807233616,0.2958724202623866,0.47407184728622564,0.9580192565917602
test_116,0.25,confidence blend,0.3886722495682486,0.3381535038928385,0.45693672027588017,0.9635200500487914
test_117,0.5,6x6 only,0.48098663925979585,0.477285369923533,0.4847457627114079,0.9576187133788697
test_117,0.5,5x5 only,0.5686392310000157,0.6071199486844054,0.5347457627113609,0.967132568359338
test_117,0.5,OR (6x6 | 5x5),0.5565160658944068,0.4907940161101188,0.6425612052724646,0.9585113525390259
test_117,0.5,confidence blend,0.5345673299395953,0.5255686988166282,0.5438794726925198,0.961631774902307
test_117,0.25,6x6 only,0.49856632405465673,0.4690015768939588,0.5321092278714387,0.9566383361816041
test_117,0.25,5x5 only,0.5852376706862253,0.5832943597412933,0.5871939736340986,0.9662818908691038
test_117,0.25,OR (6x6 | 5x5),0.5630511968844488,0.4735118474279371,0.6943502824852218,0.9563407897948853
test_117,0.25,confidence blend,0.5597662971705311,0.4867422924347646,0.658568738229135,0.9580345153808227
test_118,0.5,6x6 only,0.5486574311608101,0.5323597743104342,0.5659844742403565,0.9798660278319938
test_118,0.5,5x5 only,0.5027294868560488,0.4797243147932686,0.5280522230054199,0.9774131774901971
test_118,0.5,OR (6x6 | 5x5),0.5037367059496236,0.4249515033942471,0.6183839096672223,0.9736557006835566
test_118,0.5,confidence blend,0.5649554976170412,0.5759853345543978,0.5543401552566084,0.9815406799316031
test_118,0.25,6x6 only,0.5538389513104293,0.49650251818621083,0.626146788989721,0.978187561035119
test_118,0.25,5x5 only,0.5137823676812865,0.4510065324617371,0.5968595624548397,0.9755744934081658
test_118,0.25,OR (6x6 | 5x5),0.4955409073281016,0.39098511115603607,0.676429075510451,0.9702224731444942
test_118,0.25,confidence blend,0.5080255134222275,0.4214443539941604,0.639378969653071,0.9732246398925409
test_119,0.5,6x6 only,0.6585259485385532,0.5940983606549586,0.7386270992976706,0.9820785522460562
test_119,0.5,5x5 only,0.7221202554873194,0.656784188033311,0.801891407140385,0.9855613708495717
test_119,0.5,OR (6x6 | 5x5),0.6482473694399017,0.5365462705700613,0.8186857981398684,0.979213714599572
test_119,0.5,confidence blend,0.7287156175354582,0.6907683318716173,0.7710745149180318,0.9865684509276967
test_119,0.25,6x6 only,0.6474457662696659,0.5671202648025412,0.7542801239185484,0.9807815551757438
test_119,0.25,5x5 only,0.6918489065601618,0.5968772178843188,0.8227621066348887,0.9828529357909781
test_119,0.25,OR (6x6 | 5x5),0.6194016319125902,0.49212447176287727,0.835480189139352,0.9759788513183221
test_119,0.25,confidence blend,0.6457135556403183,0.5308265938446267,0.8240665253532952,0.9788436889648063
test_12,0.5,6x6 only,0.5488553336575266,0.5622754491006741,0.5360608943852787,0.9823341369628531
test_12,0.5,5x5 only,0.4541186513013622,0.41176470588171554,0.5061845861075049,0.9756050109862908
test_12,0.5,OR (6x6 | 5x5),0.45646182495310506,0.37503059975474295,0.583063748809547,0.9721641540526973
test_12,0.5,confidence blend,0.53690202736389,0.5649432534666563,0.5115128449086366,0.9823112487792593
test_12,0.25,6x6 only,0.5364611747585593,0.5136688142077074,0.561370123690654,0.9805526733398063
test_12,0.25,5x5 only,0.4392320792688967,0.3702205402579013,0.5398667935289442,0.9723663330077754
test_12,0.25,OR (6x6 | 5x5),0.4324901555092888,0.33305921052597337,0.6165556612738029,0.9675636291503537
test_12,0.25,confidence blend,0.45835488877358777,0.3746979217008522,0.5901046622253281,0.9720420837401973
test_120,0.5,6x6 only,0.43319307442889343,0.3967150979148494,0.4770586447880932,0.9686546325683224
test_120,0.5,5x5 only,0.4551658250303977,0.41315659068333355,0.506684898206462,0.9695434570312129
test_120,0.5,OR (6x6 | 5x5),0.41669980119260625,0.3327587771021203,0.5572774232747535,0.9608268737792601
test_120,0.5,confidence blend,0.43727926749480883,0.38389986219524125,0.5079003342441387,0.9671783447265255
test_120,0.25,6x6 only,0.42934304735559015,0.36595289079189935,0.5192950470973575,0.9653396606444944
test_120,0.25,5x5 only,0.45822272784701157,0.3923160173155927,0.5507444545722413,0.9673004150390255
test_120,0.25,OR (6x6 | 5x5),0.4032691909784796,0.3057254901958386,0.5922212093579577,0.9559936523437135
test_120,0.25,confidence blend,0.41444304421652817,0.3241066072497008,0.5745973868116461,0.959232330322229
test_121,0.5,6x6 only,0.6274440931971506,0.5659520540705819,0.7039274924462052,0.9757232666015252
test_121,0.5,5x5 only,0.6821249999995737,0.6506498151893995,0.7168002101658784,0.9805984497069938
test_121,0.5,OR (6x6 | 5x5),0.6188007331759,0.5145445044412867,0.7760409825288638,0.9722328186034785
test_121,0.5,confidence blend,0.6734681409978169,0.6295111923245437,0.7240246946003888,0.979610443115197
test_121,0.25,6x6 only,0.6114466175407992,0.5287466462241004,0.7248128201750627,0.9732475280761347
test_121,0.25,5x5 only,0.6622863123615175,0.5941575378188897,0.7480625246279416,0.9778442382812127
test_121,0.25,OR (6x6 | 5x5),0.5893934275922456,0.46582761250917937,0.8021804807555468,0.9675407409667599
test_121,0.25,confidence blend,0.612846685224965,0.5043699618154396,0.7807697359769069,0.9713516235351192
test_122,0.5,6x6 only,0.5701475267564794,0.5626605766469808,0.5778364116078046,0.9886627197265248
test_122,0.5,5x5 only,0.48586552539645694,0.39447695683907374,0.6323658751080845,0.9825859069823843
test_122,0.5,OR (6x6 | 5x5),0.5051392076634017,0.38290468986326337,0.7420111404258517,0.9810829162597282
test_122,0.5,confidence blend,0.5922944220808046,0.5811001410420844,0.60392846672353,0.9891815185546498
test_122,0.25,6x6 only,0.5798375282986019,0.5312347486565856,0.6382292582801576,0.9879646301269154
test_122,0.25,5x5 only,0.48014226437415514,0.3620920876168051,0.7124010554068825,0.9799270629882438
test_122,0.25,OR (6x6 | 5x5),0.48428770949678396,0.34481044126743965,0.8132512459665399,0.9774627685546502
test_122,0.25,confidence blend,0.5167077378013635,0.3892188892183112,0.7683963647001806,0.9812965393066031
test_123,0.5,6x6 only,0.4512183468700896,0.49757639620548455,0.41276223776151616,0.9780921936034783
test_123,0.5,5x5 only,0.42886274509770284,0.38890469416729884,0.47797202797119237,0.9722213745116817
test_123,0.5,OR (6x6 | 5x5),0.44126984126952284,0.37567567567521415,0.53461538461445,0.9704589843749629
test_123,0.5,confidence blend,0.45419158834097195,0.49698732599107215,0.41818181818108713,0.9780693054198846
test_123,0.25,6x6 only,0.46538392375430193,0.4790818215466881,0.45244755244676144,0.9773178100585564
test_123,0.25,5x5 only,0.4358136892925051,0.36692969870831305,0.5365384615375235,0.9696884155273067
test_123,0.25,OR (6x6 | 5x5),0.44627456066374016,0.35470570044288763,0.6015734265723749,0.9674263000487912
test_123,0.25,confidence blend,0.44682997118123424,0.38002450980345587,0.5421328671319193,0.9707107543944942
test_124,0.5,6x6 only,0.5661029278047981,0.6400082236835526,0.5074991848707959,0.9635925292968383
test_124,0.5,5x5 only,0.5413979881349232,0.5727669637979145,0.5132865992822683,0.9593048095702759
test_124,0.5,OR (6x6 | 5x5),0.6028963414631848,0.5661322645286528,0.6447668731654346,0.9602508544921509
test_124,0.5,confidence blend,0.58626317879016,0.6388808768381512,0.541653081186386,0.9642219543456663
test_124,0.25,6x6 only,0.5936704564735306,0.6189844302896151,0.570345614606643,0.963462829589807
test_124,0.25,5x5 only,0.5526188946013204,0.5447418435218999,0.5607270948805341,0.9575119018554322
test_124,0.25,OR (6x6 | 5x5),0.60736696564661,0.5374239287279393,0.6982393218122772,0.9577522277831666
test_124,0.25,confidence blend,0.6138487521108599,0.5688252069273361,0.6666123247467667,0.9607505798339477
test_125,0.5,6x6 only,0.6367509745257576,0.6453509739054661,0.628377169438847,0.984714508056603
test_125,0.5,5x5 only,0.49794551818558974,0.4332053488674259,0.5854356772220694,0.9748306274413691
test_125,0.5,OR (6x6 | 5x5),0.5104528430367651,0.4120492524181925,0.6706029701186785,0.9725761413573847
test_125,0.5,confidence blend,0.6015147367455046,0.613780260706492,0.5897298264437472,0.9833412170409781
test_125,0.25,6x6 only,0.6062837506131514,0.5585707824505374,0.6629092860965058,0.981643676757775
test_125,0.25,5x5 only,0.47707193941910175,0.3922518159801772,0.608695652172824,0.9715499877929317
test_125,0.25,OR (6x6 | 5x5),0.47644585288532115,0.3612754158961541,0.6994095544807668,0.9672279357909787
test_125,0.25,confidence blend,0.5038790797214393,0.40232831357427923,0.6740025049191734,0.9717025756835567
test_126,0.5,6x6 only,0.6065408523266488,0.6848128477486818,0.544326062920623,0.9463958740234013
test_126,0.5,5x5 only,0.5464922564322371,0.7076542026200802,0.4451201125739043,0.9439239501952764
test_126,0.5,OR (6x6 | 5x5),0.6474287636841929,0.6674136919050918,0.628605890038884,0.9480323791503544
test_126,0.5,confidence blend,0.6361198033078241,0.7162451239456925,0.5721178007837109,0.9503173828124637
test_126,0.25,6x6 only,0.6217729310937882,0.6585914226290491,0.5888531510701633,0.9456214904784795
test_126,0.25,5x5 only,0.5773316554971827,0.6910950746159243,0.4957282138905941,0.944904327392542
test_126,0.25,OR (6x6 | 5x5),0.6548789435068099,0.637814405487501,0.6728816966525918,0.9461669921874639
test_126,0.25,confidence blend,0.6512806221972864,0.6566538952742494,0.6459945723185013,0.9474906921386357
test_127,0.5,6x6 only,0.7332347660783962,0.7218006029725316,0.7450370211388077,0.9807281494140251
test_127,0.5,5x5 only,0.6982050342766768,0.6814096016336246,0.7158493400571779,0.9780006408691033
test_127,0.5,OR (6x6 | 5x5),0.7158374045436058,0.6414484869086693,0.8097435347131561,0.9771461486816033
test_127,0.5,confidence blend,0.7458973001584193,0.7360777348231782,0.7559824015444189,0.9816894531249625
test_127,0.25,6x6 only,0.7304076810934849,0.6870626063923897,0.7795900847722077,0.9795417785644157
test_127,0.25,5x5 only,0.6896791496966873,0.6419787332402755,0.7450370211388077,0.9761657714843377
test_127,0.25,OR (6x6 | 5x5),0.6995087092448863,0.5991125392084774,0.8403262152582461,0.9743347167968378
test_127,0.25,confidence blend,0.7116083916080598,0.6291319759289183,0.8189719927022009,0.9764022827148064
test_128,0.5,6x6 only,0.2895650398201503,0.20573086688414527,0.4887127347915066,0.9469146728515263
test_128,0.5,5x5 only,0.4483763530389007,0.3211809438601944,0.742374633808819,0.9595642089843384
test_128,0.5,OR (6x6 | 5x5),0.3844530722483185,0.2545688257976557,0.7849388247444685,0.9443588256835577
test_128,0.5,confidence blend,0.33788180449650956,0.23522650439470233,0.5995174909519223,0.9479866027831669
test_128,0.25,6x6 only,0.2754964423567523,0.18866242038204542,0.5104256419084776,0.9405708312987922
test_128,0.25,5x5 only,0.44109202394255626,0.3073375830731674,0.780975357572323,0.9561882019042603
test_128,0.25,OR (6x6 | 5x5),0.3662278146722722,0.23638824827021138,0.8125107702898285,0.9377479553222298
test_128,0.25,confidence blend,0.370821404088725,0.2420509580963139,0.792348785109784,0.9404792785644172
test_129,0.5,6x6 only,0.5850155279497428,0.5441415417935653,0.6325288562421143,0.98368835449215
test_129,0.5,5x5 only,0.5497463909475714,0.5135775469281691,0.5913955928633968,0.9823913574218375
test_129,0.5,OR (6x6 | 5x5),0.5130957148574183,0.4148963730564574,0.6721930745001633,0.9768104553222283
test_129,0.5,confidence blend,0.5830112003165993,0.5524042073618475,0.6172088142694288,0.9839515686034781
test_129,0.25,6x6 only,0.5714285714280675,0.4927756653984901,0.6799580272808395,0.981460571289025
test_129,0.25,5x5 only,0.5321843123456452,0.4579990918715635,0.6350472193061174,0.9797058105468376
test_129,0.25,OR (6x6 | 5x5),0.4838914346136877,0.36433121019069603,0.7202518363048893,0.9720726013183223
test_129,0.25,confidence blend,0.5080638938185754,0.40175738345081546,0.6908709338915197,0.9756813049316033
test_13,0.5,6x6 only,0.5613200227587227,0.5243018649139778,0.6039626001774221,0.9676475524901974
test_13,0.5,5x5 only,0.555636526710827,0.5596837944657711,0.5516473731071331,0.9697608947753535
test_13,0.5,OR (6x6 | 5x5),0.5654258319230281,0.4893426618935166,0.6695235975059333,0.9647293090819944
test_13,0.5,confidence blend,0.5693916349806879,0.5417001607711598,0.600066785395592,0.9688949584960568
test_13,0.25,6x6 only,0.5670809276834489,0.5059367906403824,0.6450356188772873,0.9662475585937131
test_13,0.25,5x5 only,0.5601567464517262,0.5342424242418845,0.5887132680314017,0.9683151245116818
test_13,0.25,OR (6x6 | 5x5),0.5632656632829177,0.46402825836183387,0.7164959928754268,0.9619216918944945
test_13,0.25,confidence blend,0.565446465386647,0.4804952113988316,0.6868878005335185,0.96381759643551
test_130,0.5,6x6 only,0.6634291110209553,0.7049885321095865,0.6264968152862251,0.9619293212890258
test_130,0.5,5x5 only,0.6871639321657634,0.7487980769225144,0.6349044585983217,0.9653778076171506
test_130,0.5,OR (6x6 | 5x5),0.7183855711891671,0.6666303221933889,0.7788535031842172,0.9634284973144164
test_130,0.5,confidence blend,0.741294695021954,0.7789237353534141,0.707133757961333,0.9704399108886348
test_130,0.25,6x6 only,0.6822677165352181,0.6748286604357165,0.6898726114645287,0.9615173339843383
test_130,0.25,5x5 only,0.6991213797589655,0.714703925481893,0.6842038216556151,0.9647293090819944
test_130,0.25,OR (6x6 | 5x5),0.7131744727469973,0.6256126862082529,0.8292356687892807,0.9600524902343384
test_130,0.25,confidence blend,0.7233785648571978,0.6592433452103021,0.801337579617324,0.9632949829101195
test_131,0.5,6x6 only,0.6204882432225397,0.6777359725164768,0.5721585416371051,0.9806671142577751
test_131,0.5,5x5 only,0.6175570134329162,0.5638977635776313,0.682502416792318,0.9766502380370721
test_131,0.5,OR (6x6 | 5x5),0.605293308890579,0.5171806167395818,0.729595359755932,0.9737167358398066
test_131,0.5,confidence blend,0.6568178460624488,0.7060505002370875,0.6140035906634249,0.9822769165038687
test_131,0.25,6x6 only,0.6166586156920733,0.6162758620681155,0.6170418450481743,0.9788093566894157
test_131,0.25,5x5 only,0.6028413305182845,0.5136107330346941,0.729595359755932,0.9734458923339472
test_131,0.25,OR (6x6 | 5x5),0.5784222976444624,0.460794756247062,0.776688302719546,0.9687271118163693
test_131,0.25,confidence blend,0.6035529570493571,0.5089598938081834,0.7413340698788271,0.9730987548827753
test_132,0.5,6x6 only,0.41753879465871674,0.5602001291146543,0.332790028762864,0.9630584716796508
test_132,0.5,5x5 only,0.4998426848450446,0.5516203703697319,0.45695110258824834,0.963615417480432
test_132,0.5,OR (6x6 | 5x5),0.4999298245611696,0.4881681132932954,0.5122722914664312,0.9592247009276977
test_132,0.5,confidence blend,0.4754890678938576,0.594532374099864,0.3961649089162069,0.9652252197265256
test_132,0.25,6x6 only,0.42640102398551594,0.5081575805803049,0.36730584851355,0.9606819152831665
test_132,0.25,5x5 only,0.5081823495029669,0.5164323896253055,0.500191754553691,0.961479187011682
test_132,0.25,OR (6x6 | 5x5),0.499401709401496,0.4505011565146873,0.5602109300090505,0.9553146362304322
test_132,0.25,confidence blend,0.49845927424895436,0.479006452753046,0.5195589645249094,0.9584007263183227
test_133,0.5,6x6 only,0.6350095480582919,0.654994309725418,0.6162082029314642,0.9671897888183224
test_133,0.5,5x5 only,0.6972386180704597,0.698882912701118,0.6956020424965446,0.9720191955566035
test_133,0.5,OR (6x6 | 5x5),0.6664254179631373,0.594371288406536,0.7583594136050417,0.9648361206054319
test_133,0.5,confidence blend,0.695946793825785,0.7070973225663347,0.6851424806451283,0.9722709655761348
test_133,0.25,6x6 only,0.626027012945122,0.6097275353262473,0.643221874484728,0.9644050598144163
test_133,0.25,5x5 only,0.6889000657713897,0.6496169281279462,0.7332399934106957,0.9693260192870724
test_133,0.25,OR (6x6 | 5x5),0.6430083677787939,0.5431166619355418,0.7879262065551079,0.959476470947229
test_133,0.25,confidence blend,0.6610139425974169,0.5806170146459454,0.7672541591164822,0.9635505676269164
test_134,0.5,6x6 only,0.667745174606344,0.708871254292658,0.631129389433058,0.9772796630859002
test_134,0.5,5x5 only,0.6549784259103965,0.6793564468607757,0.6322893599065356,0.9759025573730096
test_134,0.5,OR (6x6 | 5x5),0.6765333712818763,0.61484738748007,0.7519772223971822,0.9739875793456659
test_134,0.5,confidence blend,0.7081101970956174,0.7431054461173312,0.6762627860374604,0.9798316955566032
test_134,0.25,6x6 only,0.6687244951341065,0.6635863357899868,0.6739428450905052,0.9758453369140252
test_134,0.25,5x5 only,0.6653579915277067,0.6521518987335168,0.6791099862905419,0.9752883911132441
test_134,0.25,OR (6x6 | 5x5),0.6666077348063352,0.5738091614666155,0.7952124854995305,0.9712257385253535
test_134,0.25,confidence blend,0.6721319068127126,0.5992732077960032,0.7651587050503372,0.9729957580566034
test_135,0.5,6x6 only,0.564853556484918,0.7660781841093609,0.4473490427093184,0.9785766601562126
test_135,0.5,5x5 only,0.5222712836001842,0.7080445284589203,0.41372115856601166,0.9764747619628533
test_135,0.5,OR (6x6 | 5x5),0.5905157493938452,0.6773066539611287,0.5234413352963629,0.9774360656737908
test_135,0.5,confidence blend,0.5857839282901511,0.8150984682695512,0.45716740304313064,0.9799041748046501
test_135,0.25,6x6 only,0.5819309123113507,0.7299999999986482,0.48379970544859624,0.9783935546874626
test_135,0.25,5x5 only,0.543331641162852,0.6640666548472539,0.45974472263075633,0.9759788513183221
test_135,0.25,OR (6x6 | 5x5),0.5963457302056522,0.6316222893211205,0.5648011782025469,0.976234436035119
test_135,0.25,confidence blend,0.5983466557350561,0.6748343350274698,0.5374324987720454,0.9775733947753533
test_136,0.5,6x6 only,0.7039267646344624,0.726504226751655,0.6827102803727684,0.985935211181603
test_136,0.5,5x5 only,0.7124436357877443,0.7238386111545992,0.701401869157786,0.9861335754394155
test_136,0.5,OR (6x6 | 5x5),0.6964109781838871,0.6351732991005967,0.7707165109022263,0.9835433959960562
test_136,0.5,confidence blend,0.7346635883898955,0.7804835318837062,0.6939252336437789,0.987724304199181
test_136,0.25,6x6 only,0.7013992259595851,0.671607753704858,0.7339563862916917,0.9846954345702749
test_136,0.25,5x5 only,0.6998964650194498,0.6662911855805882,0.7370716510891946,0.9845199584960561
test_136,0.25,OR (6x6 | 5x5),0.6742365922500165,0.5731893542751164,0.8185358255438964,0.9806289672851188
test_136,0.25,confidence blend,0.698823529411281,0.6287671232868882,0.7864485981296161,0.9833984374999625
test_137,0.5,6x6 only,0.5648025029329039,0.5667530021186981,0.5628653831159381,0.9575500488280885
test_137,0.5,5x5 only,0.5816677012205331,0.6199717713473711,0.5478213422709892,0.9614372253417601
test_137,0.5,OR (6x6 | 5x5),0.5773752563224274,0.5140892215930167,0.658430119260536,0.9528274536132448
test_137,0.5,confidence blend,0.5929118405354242,0.5854993160050269,0.6005144594273907,0.9596443176269165
test_137,0.25,6x6 only,0.565491788152587,0.5370110752835153,0.5971626783064953,0.9550895690917603
test_137,0.25,5x5 only,0.5955705912432259,0.6011753494277309,0.5900693740739028,0.9607810974120726
test_137,0.25,OR (6x6 | 5x5),0.5798888781833254,0.4931177627264075,0.7037181385917034,0.9500999450683231
test_137,0.25,confidence blend,0.577674108630264,0.5045107968101364,0.6756567152539749,0.9516525268554324
test_138,0.5,6x6 only,0.6612841214912254,0.6550883607546388,0.6675981990363801,0.9831962585448843
test_138,0.5,5x5 only,0.6110070595010726,0.5699502754998388,0.6584381307240205,0.9794006347655876
test_138,0.5,OR (6x6 | 5x5),0.6370331747372502,0.5489777578066176,0.7587331159746022,0.978755950927697
test_138,0.5,confidence blend,0.6559901447484939,0.6506797006252472,0.6613879832313905,0.98295593261715
test_138,0.25,6x6 only,0.6671891699318366,0.6165393731885481,0.7269057599740306,0.9821815490722281
test_138,0.25,5x5 only,0.6061663757994918,0.5192691029894582,0.7279925477399037,0.9767570495605096
test_138,0.25,OR (6x6 | 5x5),0.6142111130665879,0.4936804376528073,0.8126067380828869,0.9749183654784784
test_138,0.25,confidence blend,0.6368771818466284,0.5386514923764885,0.7789163173408183,0.9781761169433221
test_139,0.5,6x6 only,0.721051866917971,0.6399742101861509,0.8256529695544408,0.9853515624999624
test_139,0.5,5x5 only,0.7256185815695598,0.6194398682035543,0.8757278323059795,0.9848136901855092
test_139,0.5,OR (6x6 | 5x5),0.6630060942492831,0.5201666351064947,0.9139910164682848,0.978694915771447
test_139,0.5,confidence blend,0.7887109077034411,0.728271587546516,0.8600898353005156,0.989433288574181
test_139,0.25,6x6 only,0.6890428465724833,0.5783649503155167,0.8521044751275128,0.9823646545409781
test_139,0.25,5x5 only,0.6937520025628364,0.5642067959135249,0.9005157211763425,0.9817695617675406
test_139,0.25,OR (6x6 | 5x5),0.6149548069018816,0.4584286180982861,0.9337880552305211,0.9731864929198847
test_139,0.25,confidence blend,0.6644780039391962,0.5181530441253787,0.9259690567277892,0.9785575866698845
test_14,0.5,6x6 only,0.6279013830423164,0.7402523748748898,0.5451602798365405,0.9763946533202752
test_14,0.5,5x5 only,0.5973154362412395,0.7376822716796045,0.501827294559359,0.9752807617187128
test_14,0.5,OR (6x6 | 5x5),0.6866383881226475,0.6975115803073386,0.6760989871560237,0.977455139160119
test_14,0.5,confidence blend,0.658136792452442,0.7559257754290182,0.5827503393540955,0.977882385253869
test_14,0.25,6x6 only,0.6388005452063614,0.7002863902369565,0.5872402631298034,0.9757385253905877
test_14,0.25,5x5 only,0.6240895052732217,0.7060917721509677,0.5591521353236304,0.9753913879394158
test_14,0.25,OR (6x6 | 5x5),0.6835568802778521,0.6519473135595073,0.718387804113273,0.9757003784179314
test_14,0.25,confidence blend,0.6845623672069832,0.6795267489704943,0.6896731753151407,0.9767799377441033
test_140,0.5,6x6 only,0.49580302182359287,0.5990534144672108,0.42291169450973054,0.9862518310546499
test_140,0.5,5x5 only,0.5051185344820782,0.5797773654898585,0.4474940334118198,0.9859848022460561
test_140,0.5,OR (6x6 | 5x5),0.5253752680479802,0.5245004757361453,0.5262529832923001,0.9848022460937124
test_140,0.5,confidence blend,0.5483184333751265,0.6762338116882176,0.46109785202753917,0.9878578186034779
test_140,0.25,6x6 only,0.519410634208175,0.5607192254479648,0.48377088305373805,0.985691070556603
test_140,0.25,5x5 only,0.5012388503462571,0.5211231324046339,0.4828162291157928,0.9846420288085561
test_140,0.25,OR (6x6 | 5x5),0.5187419215849647,0.4727129956802656,0.5747016706430198,0.98295593261715
test_140,0.25,confidence blend,0.5253530909926772,0.5101169064736734,0.5415274462994236,0.9843597412108999
test_141,0.5,6x6 only,0.7061007004725461,0.6922173964072165,0.72055229716432,0.9812736511230093
test_141,0.5,5x5 only,0.6361025307534622,0.5715259518934934,0.7171309872914013,0.9743843078612909
test_141,0.5,OR (6x6 | 5x5),0.650919419942866,0.5496086846751245,0.7980205278582625,0.9732780456542597
test_141,0.5,confidence blend,0.7007375573490325,0.6677365799660567,0.7371700879756389,0.980342864990197
test_141,0.25,6x6 only,0.6950102680797607,0.63673344859083,0.7650293255122617,0.9790382385253532
test_141,0.25,5x5 only,0.6197324247128226,0.5252696848717189,0.7556207233617356,0.9710502624511348
test_141,0.25,OR (6x6 | 5x5),0.6200136147035988,0.49317738791387394,0.8346774193538188,0.9680595397948849
test_141,0.25,confidence blend,0.6448675095670954,0.5342322818841526,0.8132942326480777,0.972034454345666
test_142,0.5,6x6 only,0.22109917877430424,0.3552397868552265,0.16049524246227156,0.9623718261718383
test_142,0.5,5x5 only,0.19509961071659024,0.29191411603405226,0.14650922847627362,0.9597740173339477
test_142,0.5,OR (6x6 | 5x5),0.2551104972373929,0.3208268195235004,0.21173908059129684,0.9588546752929321
test_142,0.5,confidence blend,0.224807471735028,0.3939132931369684,0.15728533761302613,0.9639053344726194
test_142,0.25,6x6 only,0.25642562757567894,0.3701860666370182,0.19614811418067618,0.9621467590331664
test_142,0.25,5x5 only,0.2119098318524033,0.2947303921562608,0.16542473919504133,0.9590568542480102
test_142,0.25,OR (6x6 | 5x5),0.2810712428495313,0.3245758895055929,0.24785051014530796,0.957809448242151
test_142,0.25,confidence blend,0.2725157404870842,0.3380879606039428,0.2282471626731305,0.9594497680663696
test_143,0.5,6x6 only,0.7241804288880436,0.7313308994351714,0.7171684296169917,0.9743881225585566
test_143,0.5,5x5 only,0.6827723106809634,0.7098445595848688,0.6576891781931182,0.9713478088378535
test_143,0.5,OR (6x6 | 5x5),0.7286015562501895,0.6586247699180524,0.8152156224566189,0.9715270996093379
test_143,0.5,confidence blend,0.7571721723732519,0.7489453156087328,0.7655817737992143,0.9769783020019158
test_143,0.25,6x6 only,0.7313409603857376,0.7008502386629617,0.7646053702190686,0.9736633300780878
test_143,0.25,5x5 only,0.6849524730140627,0.6781783378523861,0.6918633034982165,0.9701614379882442
test_143,0.25,OR (6x6 | 5x5),0.7201565557727468,0.6229138207515454,0.8533767290473121,0.9689064025878537
test_143,0.25,confidence blend,0.7335400848391496,0.6527310791088925,0.8371847030098964,0.971485137939416
test_144,0.5,6x6 only,0.6253849168576086,0.6986489867391811,0.5660281747232532,0.9744758605956659
test_144,0.5,5x5 only,0.6980631206367623,0.6778042959420737,0.7195702847869467,0.976570129394494
test_144,0.5,OR (6x6 | 5x5),0.6806826178744367,0.6012899215163561,0.7842302624903372,0.9723052978515254
test_144,0.5,confidence blend,0.7022184300337552,0.7410241980858289,0.6672747542305997,0.9786987304687126
test_144,0.25,6x6 only,0.6381257551081377,0.662377317338427,0.6155873112388612,0.9737205505370722
test_144,0.25,5x5 only,0.6914634706338377,0.632157850545229,0.763048545656468,0.9743690490722284
test_144,0.25,OR (6x6 | 5x5),0.662919975564788,0.5541258169930867,0.8248707813916845,0.9684257507323849
test_144,0.25,confidence blend,0.68065915004307,0.594860911088763,0.7953785345081631,0.9719085693359004
test_145,0.5,6x6 only,0.4917675544791212,0.6219568213127822,0.40664731204284044,0.9679718017577755
test_145,0.5,5x5 only,0.4927536231881279,0.5641787190075359,0.4373811192307164,0.9656867980956663
test_145,0.5,OR (6x6 | 5x5),0.5490718799365377,0.5416382584975731,0.5567123836214268,0.9651565551757444
test_145,0.5,confidence blend,0.5112457755503372,0.611599051999705,0.439183101411113,0.9680023193359005
test_145,0.25,6x6 only,0.5061693296181804,0.585812055803388,0.4455901491636344,0.9668693542480099
test_145,0.25,5x5 only,0.5067628494136176,0.5389214801437963,0.4782260486530401,0.9645271301269163
test_145,0.25,OR (6x6 | 5x5),0.557488099596962,0.5135340247908646,0.6096706377008613,0.9631195068359008
test_145,0.25,confidence blend,0.5515801737945766,0.5354382657864887,0.5687255981574044,0.964763641357385
test_146,0.5,6x6 only,0.28348550660377314,0.17034196228808954,0.8442449841560494,0.9691658020019162
test_146,0.5,5x5 only,0.3239575622991316,0.21136509980648524,0.6932418162582195,0.9790954589843376
test_146,0.5,OR (6x6 | 5x5),0.2717452188523071,0.16014335565390914,0.8965153115052983,0.96528244018551
test_146,0.5,confidence blend,0.2843926674659205,0.1697341513290698,0.8764519535328593,0.9681320190429318
test_146,0.25,6x6 only,0.27099682751688847,0.16094803649329537,0.8569165786649583,0.9666900634765255
test_146,0.25,5x5 only,0.31666859993003516,0.20291363163341325,0.7206969376941885,0.9775276184081658
test_146,0.25,OR (6x6 | 5x5),0.25877061469245966,0.15079503756757748,0.9112988384323586,0.9622802734374633
test_146,0.25,confidence blend,0.26586900784689155,0.1558713674044312,0.9033790918642906,0.9639549255370725
test_147,0.5,6x6 only,0.5072169357423617,0.5632420452742098,0.4613290113449197,0.9472541809081669
test_147,0.5,5x5 only,0.5376240019354231,0.7111917208997,0.43215559157184297,0.9562606811523072
test_147,0.5,OR (6x6 | 5x5),0.5794356146608565,0.5798117494316262,0.5790599675847137,0.95053863525387
test_147,0.5,confidence blend,0.5591204037488972,0.629719853836273,0.5027552674226886,0.9533462524413698
test_147,0.25,6x6 only,0.5365206723913211,0.5490635179149368,0.5245380875199193,0.9466743469237919
test_147,0.25,5x5 only,0.5695800227012601,0.6839618355286833,0.4879740680709964,0.9566040039062135
test_147,0.25,OR (6x6 | 5x5),0.5917063468143597,0.5528523962377919,0.6364343598050979,0.9483184814452763
test_147,0.25,confidence blend,0.587316147398201,0.57344039530539,0.6018800648294315,0.9502296447753543
test_148,0.5,6x6 only,0.6596907993963708,0.7149570903139405,0.6123556177803532,0.9724578857421503
test_148,0.5,5x5 only,0.6495108267257154,0.6907979090633288,0.6128806440316653,0.9711647033691035
test_148,0.5,OR (6x6 | 5x5),0.6595899499205327,0.6455802262248466,0.674221211059963,0.9696617126464473
test_148,0.5,confidence blend,0.6518188567183315,0.6937969182134592,0.614630731536039,0.9713745117187129
test_148,0.25,6x6 only,0.6671204283507273,0.692836946276444,0.6432446622325487,0.9720153808593379
test_148,0.25,5x5 only,0.6512845542882143,0.6606355207483475,0.6421946097299245,0.970020294189416
test_148,0.25,OR (6x6 | 5x5),0.6602936988973436,0.6169517293799947,0.7101855092748423,0.9681434631347287
test_148,0.25,confidence blend,0.6631255006109932,0.6397950052870416,0.6882219110949525,0.9695167541503535
test_149,0.5,6x6 only,0.6161682550111643,0.6921373200434452,0.5552265324246815,0.9732666015624628
test_149,0.5,5x5 only,0.624613883920975,0.6925018024505016,0.5688480900201669,0.9735755920409784
test_149,0.5,OR (6x6 | 5x5),0.6141897365032571,0.593680913779851,0.6361662224848127,0.9691123962401974
test_149,0.5,confidence blend,0.6630500968720381,0.7548525333996031,0.5911558582562519,0.9767799377441033
test_149,0.25,6x6 only,0.6183061922504373,0.6403045041228163,0.5977692231757992,0.9714775085448848
test_149,0.25,5x5 only,0.6196869142303968,0.636552872605499,0.6036916395216625,0.971363067626916
test_149,0.25,OR (6x6 | 5x5),0.5933508311458472,0.5327991201189938,0.6694304609607448,0.9645385742187131
test_149,0.25,confidence blend,0.6203595062652554,0.5913564781669726,0.652354160496839,0.9691429138183224
test_15,0.5,6x6 only,0.5612368284672989,0.6138295862448255,0.5169451073977456,0.9806213378905876
test_15,0.5,5x5 only,0.6072507552864994,0.6425146510377509,0.575656324581423,0.9821472167968375
test_15,0.5,OR (6x6 | 5x5),0.5712590834935701,0.5349257047624845,0.612887828161316,0.977943420410119
test_15,0.5,confidence blend,0.6305844958496992,0.7083911922223599,0.5681782020675129,0.9840393066405874
test_15,0.25,6x6 only,0.5695216907670669,0.5687986033953836,0.5702466189330625,0.9793319702148063
test_15,0.25,5x5 only,0.5979623824446724,0.5891891891882792,0.6070007955439825,0.9804306030273063
test_15,0.25,OR (6x6 | 5x5),0.5575651234980715,0.48412047345542697,0.6572792362758039,0.9749908447265253
test_15,0.25,confidence blend,0.5746544112321237,0.5270844397231451,0.6316626889409201,0.9775810241698846
test_150,0.5,6x6 only,0.7203230294926145,0.7593327581243834,0.6851255968441534,0.9608955383300414
test_150,0.5,5x5 only,0.7563458741525325,0.802480638210678,0.7152273199082856,0.9661293029784788
test_150,0.5,OR (6x6 | 5x5),0.767057556246293,0.7259835951616266,0.8130579198667152,0.9637031555175413
test_150,0.5,confidence blend,0.7641655107433422,0.7707618393956123,0.7576811293332169,0.9656257629394163
test_150,0.25,6x6 only,0.7318431351945754,0.7408924107851189,0.7230122482869404,0.9610557556151976
test_150,0.25,5x5 only,0.7590849329474734,0.7693209679134584,0.7491177081166965,0.9650497436523069
test_150,0.25,OR (6x6 | 5x5),0.7598825601877253,0.6940404170417925,0.8395266763541418,0.9610023498534789
test_150,0.25,confidence blend,0.7687552819025066,0.7187880977104263,0.8261884990653797,0.9634666442870726
test_151,0.5,6x6 only,0.7735686948368454,0.8143397467515093,0.7366855102642541,0.977882385253869
test_151,0.5,5x5 only,0.7461691722511334,0.7272791469523852,0.7660666468307303,0.9732704162597284
test_151,0.5,OR (6x6 | 5x5),0.7608666030791794,0.7018602312715548,0.830705147276978,0.9732208251952753
test_151,0.5,confidence blend,0.798597119617641,0.8011678394963309,0.796042844390958,0.9794082641601188
test_151,0.25,6x6 only,0.76805309400778,0.7788910133837255,0.7575126450455537,0.9765357971191033
test_151,0.25,5x5 only,0.7423259685752341,0.6954572041329073,0.7959684617667391,0.9716606140136348
test_151,0.25,OR (6x6 | 5x5),0.7450035804958189,0.6623451788397602,0.8512347515614019,0.9701156616210567
test_151,0.25,confidence blend,0.7591888892622796,0.692812864419878,0.8396310621832492,0.9726829528808222
test_152,0.5,6x6 only,0.3728333445738363,0.3018785495846419,0.4873919943563968,0.9645271301269163
test_152,0.5,5x5 only,0.33339107338741647,0.247853708790996,0.5090812907767429,0.9559593200683228
test_152,0.5,OR (6x6 | 5x5),0.3341678349687892,0.2333403258511759,0.588432375241424,0.9492721557616824
test_152,0.5,confidence blend,0.37452075065556295,0.3027403218787486,0.4909187092214937,0.9645271301269163
test_152,0.25,6x6 only,0.38080996884711477,0.2944406975621019,0.5388820313868121,0.962089538574182
test_152,0.25,5x5 only,0.34358726579677695,0.24698981167007794,0.56427437841551,0.9533576965331667
test_152,0.25,OR (6x6 | 5x5),0.3348926802420038,0.2263063286430135,0.643801798623446,0.9446792602538702
test_152,0.25,confidence blend,0.34040239260450816,0.23650226679472694,0.6071239640264378,0.9491004943847294
test_153,0.5,6x6 only,0.34803992477914936,0.40160240360473776,0.30708359923381356,0.9656143188476194
test_153,0.5,5x5 only,0.34271333790868397,0.4257294429700157,0.2867900446709805,0.9671211242675412
test_153,0.5,OR (6x6 | 5x5),0.3510638297870063,0.3569449940636368,0.34537332482406463,0.9618377685546508
test_153,0.5,confidence blend,0.3684413878368221,0.46690168429207424,0.3042756860238618,0.9688224792480099
test_153,0.25,6x6 only,0.35783468223407333,0.3725652714458177,0.3442246330563571,0.9630737304687133
test_153,0.25,5x5 only,0.343281430218899,0.39440119264470036,0.3038927887679593,0.9652481079101194
test_153,0.25,OR (6x6 | 5x5),0.35276744048653036,0.3283483615567095,0.38111040204163227,0.9582023620605102
test_153,0.25,confidence blend,0.35683360258458363,0.3613874345545008,0.352393107848944,0.9620323181151976
test_154,0.5,6x6 only,0.8637510513030976,0.8501655629129018,0.8777777777767061,0.9913482666015246
test_154,0.5,5x5 only,0.8231012469418154,0.8048069070110782,0.8422466422456139,0.9886894226073841
test_154,0.5,OR (6x6 | 5x5),0.8311557788940083,0.7657407407399529,0.9087912087900991,0.9884643554687123
test_154,0.5,confidence blend,0.8650774731818444,0.8449359720595518,0.8862026862016041,0.9913635253905871
test_154,0.25,6x6 only,0.851308232290508,0.8109870675353034,0.895848595847502,0.9902229309081653
test_154,0.25,5x5 only,0.8220654854058018,0.7750027029940804,0.8752136752126066,0.9881629943847279
test_154,0.25,OR (6x6 | 5x5),0.8084902138548299,0.7177350629668423,0.9255189255177955,0.986301422119103
test_154,0.25,confidence blend,0.8242450813827893,0.7477378940034326,0.918192918191797,0.9877662658691029
test_155,0.5,6x6 only,0.4923481116581331,0.4638039846547905,0.5246360582299487,0.9705162048339473
test_155,0.5,5x5 only,0.5224568138192435,0.4811454159786929,0.571528555430331,0.9715270996093379
test_155,0.5,OR (6x6 | 5x5),0.5006055268080476,0.41253855924477173,0.63647816349295,0.9653930664062131
test_155,0.5,confidence blend,0.535697985264044,0.5014036372507,0.5750279955199118,0.9728355407714472
test_155,0.25,6x6 only,0.493947021454816,0.43188010899137297,0.5768477043664938,0.9677886962890255
test_155,0.25,5x5 only,0.5259793095428769,0.4497117869206423,0.633398656214119,0.9688873291015255
test_155,0.25,OR (6x6 | 5x5),0.49342137927585844,0.38231899669125,0.6955487122050734,0.9610786437987914
test_155,0.25,confidence blend,0.5063372717505337,0.4107703032411896,0.6598544232913496,0.9649353027343381
test_156,0.5,6x6 only,0.7866100424677559,0.8135593220330575,0.7613889157551393,0.9837074279784781
test_156,0.5,5x5 only,0.743226958267912,0.6900381236526686,0.8053003191790257,0.9780540466308221
test_156,0.5,OR (6x6 | 5x5),0.7330433659184648,0.660689333953842,0.8231937324684948,0.9763526916503533
test_156,0.5,confidence blend,0.791984825640391,0.796517315593038,0.7875036270424726,0.9836845397948843
test_156,0.25,6x6 only,0.7722216940770167,0.7592298345632683,0.7856659251370677,0.9817199707030875
test_156,0.25,5x5 only,0.7287726868888907,0.6476913821622441,0.8330592900659318,0.9755439758300408
test_156,0.25,OR (6x6 | 5x5),0.7106381256825514,0.6108946709332052,0.849308443755828,0.9727210998534784
test_156,0.25,confidence blend,0.7330043393173091,0.6542872332341046,0.8332527323717639,0.9760589599609002
test_157,0.5,6x6 only,0.40184177480098515,0.46788692732538945,0.352135637430427,0.9509391784667606
test_157,0.5,5x5 only,0.3523058460481946,0.37147505422959914,0.3350179328331146,0.942352294921839
test_157,0.5,OR (6x6 | 5x5),0.429742079226453,0.40033771898937565,0.4638082817081319,0.9423942565917609
test_157,0.5,confidence blend,0.3986136742132607,0.44506985626651413,0.3609390283661877,0.9490318298339482
test_157,0.25,6x6 only,0.4101366545578576,0.43680913780357694,0.3865340723831215,0.9479675292968388
test_157,0.25,5x5 only,0.3675142913461985,0.35588302664705207,0.37993152918130096,0.9388008117675423
test_157,0.25,OR (6x6 | 5x5),0.43113813834550785,0.3741753628401258,0.5085588522982486,0.9371948242187143
test_157,0.25,confidence blend,0.42765166844471225,0.3897270837521694,0.47375285295038,0.9406547546386359
test_158,0.5,6x6 only,0.710553203911319,0.6055479537248345,0.8596150450276185,0.9848709106444936
test_158,0.5,5x5 only,0.6284543170695303,0.5022720067626522,0.8393077873903597,0.9785614013671501
test_158,0.5,OR (6x6 | 5x5),0.6023447780831425,0.4554500226137897,0.8891047148138989,0.9746398925780878
test_158,0.5,confidence blend,0.7041684696374555,0.5951481165420027,0.8620872329138936,0.9843521118163686
test_158,0.25,6x6 only,0.6860617787293994,0.5635785649403229,0.8765671905335042,0.9826698303222281
test_158,0.25,5x5 only,0.5959004392382894,0.4552148382883258,0.8624404026119329,0.9747314453124628
test_158,0.25,OR (6x6 | 5x5),0.5624071731115229,0.40843720038318276,0.9027017481884113,0.969654083251916
test_158,0.25,confidence blend,0.5953696086493152,0.4461470717741557,0.8945788451335077,0.9737319946288691
test_159,0.5,6x6 only,0.6401959783603959,0.6658174097657474,0.6164733634749199,0.9731063842773066
test_159,0.5,5x5 only,0.6508831616718782,0.6188956837714978,0.6863573815601667,0.971424102783166
test_159,0.5,OR (6x6 | 5x5),0.6280527339526137,0.5605277370568933,0.7140750933745684,0.9671745300292599
test_159,0.5,confidence blend,0.6764587928611006,0.6903007980348983,0.6631609986232915,0.975379943847619
test_159,0.25,6x6 only,0.6266176400359932,0.6093619392582805,0.6448791035967713,0.970172882080041
test_159,0.25,5x5 only,0.6392805692580262,0.5750412314453978,0.7196776095923729,0.9684791564941037
test_159,0.25,OR (6x6 | 5x5),0.6045993474971733,0.5078877005344198,0.7468055828575321,0.962089538574182
test_159,0.25,confidence blend,0.6278530143860996,0.5500036957642471,0.7313740908190176,0.966350555419885
test_16,0.5,6x6 only,0.5886878472712718,0.6101594802117393,0.5686760253226415,0.977973937988244
test_16,0.5,5x5 only,0.6053378762063187,0.5588954910863813,0.660198183318662,0.9761390686034783
test_16,0.5,OR (6x6 | 5x5),0.6036622093720011,0.5367395029985681,0.6896504266436971,0.9748992919921503
test_16,0.5,confidence blend,0.6008173443231968,0.6047970994274093,0.5968896229003621,0.9780158996581658
test_16,0.25,6x6 only,0.6013957585198174,0.5922861337240194,0.6107899807313366,0.9775581359862908
test_16,0.25,5x5 only,0.5979556039432662,0.5333980792052083,0.6802917698862093,0.9746437072753534
test_16,0.25,OR (6x6 | 5x5),0.59606501283114,0.5089103125907986,0.7192402972739895,0.9729804992675409
test_16,0.25,confidence blend,0.6086021505372708,0.5376820772635236,0.7010734929800426,0.9750061035155878
test_160,0.5,6x6 only,0.5733388361530554,0.58655632494412,0.5607039070058756,0.980281829833947
test_160,0.5,5x5 only,0.5346031746027503,0.5257571027153829,0.543752018081137,0.9776306152343377
test_160,0.5,OR (6x6 | 5x5),0.5185236575547949,0.4546228710456756,0.6033257991595038,0.9735260009765253
test_160,0.5,confidence blend,0.58287153652344,0.6072428271507921,0.5603810138834996,0.9810485839843376
test_160,0.25,6x6 only,0.5586728843356328,0.5305648322919551,0.589925734580901,0.9779777526855096
test_160,0.25,5x5 only,0.5291753498060962,0.4908864954425699,0.5739425250232904,0.975868225097619
test_160,0.25,OR (6x6 | 5x5),0.5021352539992975,0.4148499210106215,0.635938004519477,0.970203399658166
test_160,0.25,confidence blend,0.5214480874313377,0.4519299076480559,0.6162415240545427,0.9732742309569941
test_161,0.5,6x6 only,0.4638796571625772,0.4528688524585008,0.4754392255282951,0.9649238586425413
test_161,0.5,5x5 only,0.4971507777604101,0.43574514038837675,0.5787020437425855,0.9626350402831664
test_161,0.5,OR (6x6 | 5x5),0.49268157967389636,0.40062878957975845,0.6396557906051874,0.9579544067382446
test_161,0.5,confidence blend,0.5063276836155332,0.4801242901527053,0.5355563523359201,0.9666671752929318
test_161,0.25,6x6 only,0.47478648751538116,0.435702875398926,0.521572845702735,0.9631690979003539
test_161,0.25,5x5 only,0.4947884441480678,0.41110408098670426,0.6212501493956958,0.959506988525354
test_161,0.25,OR (6x6 | 5x5),0.48440739643698033,0.37495087121683807,0.6841161706696736,0.953517913818323
test_161,0.25,confidence blend,0.4949929765732498,0.3986279375270773,0.6528026771833957,0.9574851989745728
test_162,0.5,6x6 only,0.24586327929111992,0.38915343915240963,0.1796970437329835,0.9655761718749631
test_162,0.5,5x5 only,0.28933250155939527,0.29563997960186683,0.283288541411821,0.9565429687499635
test_162,0.5,OR (6x6 | 5x5),0.2892523902774512,0.2736486486483504,0.30674322013155786,0.9529266357421511
test_162,0.5,confidence blend,0.3127168502034147,0.4087145110402036,0.2532372343021583,0.9652404785155881
test_162,0.25,6x6 only,0.2590999846411772,0.3488420181961356,0.2060835572926874,0.9631958007812133
test_162,0.25,5x5 only,0.2845584045582424,0.2666595472017656,0.30503298314157706,0.9521026611327761
test_162,0.25,OR (6x6 | 5x5),0.27772898692964937,0.2406230418044574,0.3283655020763152,0.9466667175292607
test_162,0.25,confidence blend,0.2894632206757799,0.27051704002519317,0.31126313217650714,0.9522819519042605
test_163,0.5,6x6 only,0.5082823790992171,0.5485961123103568,0.47348798674350295,0.9662551879882444
test_163,0.5,5x5 only,0.5134430069741184,0.5283225594384482,0.4993786246887951,0.9651374816894163
test_163,0.5,OR (6x6 | 5x5),0.5805136953840486,0.5351214398038309,0.6343206296596579,0.9662322998046506
test_163,0.5,confidence blend,0.502567464219107,0.531791907513836,0.4763877381933757,0.9652633666991819
test_163,0.25,6x6 only,0.5184991638793277,0.5233122362863678,0.5137738193863776,0.9648513793944944
test_163,0.25,5x5 only,0.5290296590963648,0.5148485739483339,0.5440140845064788,0.9643211364745725
test_163,0.25,OR (6x6 | 5x5),0.5816113407098691,0.509379621701168,0.6777133388559675,0.9640846252441038
test_163,0.25,confidence blend,0.5785054575983867,0.5263113223556898,0.6421913835950267,0.9655303955077756
test_164,0.5,6x6 only,0.5650731007260157,0.672789406235214,0.4870882944170603,0.9815025329589468
test_164,0.5,5x5 only,0.532877604166233,0.5624463150651736,0.506262563784589,0.9781036376952752
test_164,0.5,OR (6x6 | 5x5),0.5481481481477252,0.5470506699514137,0.5492500386569519,0.9776611328124627
test_164,0.5,confidence blend,0.5589292130789085,0.6668810289374772,0.48105767743856337,0.9812698364257437
test_164,0.25,6x6 only,0.5722117526121533,0.6414442097164559,0.5164682232866608,0.9809494018554313
test_164,0.25,5x5 only,0.5459592843919293,0.5445316105206206,0.5473944642020298,0.9775390624999627
test_164,0.25,OR (6x6 | 5x5),0.5555154750735477,0.5206924533398422,0.5953301376208515,0.9764976501464471
test_164,0.25,confidence blend,0.5534542647622127,0.5525585696662261,0.5543528684079877,0.9779319763183221
test_165,0.5,6x6 only,0.7051824171498154,0.8808500184241729,0.5879314585549004,0.9771270751952752
test_165,0.5,5x5 only,0.7312818027619427,0.8941692344146785,0.6185947364100856,0.978847503662072
test_165,0.5,OR (6x6 | 5x5),0.8244701104197553,0.8517482517475071,0.798884971713701,0.9841728210448842
test_165,0.5,confidence blend,0.764297928937505,0.9085262563513172,0.6595884233822582,0.9810714721679313
test_165,0.25,6x6 only,0.7163964997844803,0.8594538779246679,0.6141674182170909,0.9773750305175408
test_165,0.25,5x5 only,0.7537056026844626,0.8733931079173886,0.662867918340032,0.9798431396484001
test_165,0.25,OR (6x6 | 5x5),0.8324579618090336,0.8268359754118191,0.8381569238330424,0.9843025207519155
test_165,0.25,confidence blend,0.8254328458560996,0.8467109233547316,0.8051979995074156,0.9841537475585561
test_166,0.5,6x6 only,0.49218554116151597,0.49132321041173754,0.49305090421927905,0.9536437988280886
test_166,0.5,5x5 only,0.5708481921181913,0.6193554706625336,0.5293871399861609,0.9637336730956663
test_166,0.5,OR (6x6 | 5x5),0.512609172369272,0.46735608410860574,0.5675653047550505,0.9508247375487918
test_166,0.5,confidence blend,0.525080413804866,0.5460133791352865,0.5056932350966965,0.9583206176757446
test_166,0.25,6x6 only,0.48524823255243676,0.4592897196258248,0.514316811787915,0.9502830505370731
test_166,0.25,5x5 only,0.5688018979831516,0.5757289879926452,0.562039517749027,0.961174011230432
test_166,0.25,OR (6x6 | 5x5),0.5023311248990422,0.4320689863110221,0.5998827863357334,0.9458427429198858
test_166,0.25,confidence blend,0.5140789915337657,0.4635146950027147,0.5770261219017272,0.9502983093261356
test_167,0.5,6x6 only,0.7236236547974935,0.8038748366258138,0.657941102441066,0.969532012939416
test_167,0.5,5x5 only,0.7410341505189519,0.855906355617133,0.6533475962744442,0.9723167419433223
test_167,0.5,OR (6x6 | 5x5),0.785298467541211,0.7854220431794641,0.7851749307822897,0.9739723205566034
test_167,0.5,confidence blend,0.7744345442080964,0.850316074653183,0.7109866599542468,0.9748916625976191
test_167,0.25,6x6 only,0.7360242312501692,0.7718547161988869,0.703372766171216,0.9694137573241818
test_167,0.25,5x5 only,0.7593959272923467,0.8308163875591874,0.6992826579406624,0.9731369018554316
test_167,0.25,OR (6x6 | 5x5),0.7863319469792088,0.7496149238400652,0.8268311099919287,0.9727592468261347
test_167,0.25,confidence blend,0.7889465875368481,0.7753341433774147,0.8030455575127089,0.9739532470702753
test_168,0.5,6x6 only,0.4545132115619307,0.506722024514617,0.41205787781284237,0.9765319824218377
test_168,0.5,5x5 only,0.5444999999995462,0.5652249134938317,0.5252411575554257,0.9791488647460563
test_168,0.5,OR (6x6 | 5x5),0.5504042009254816,0.48261238337515733,0.6403536977481666,0.9751777648925409
test_168,0.5,confidence blend,0.557910802102291,0.5902404018647466,0.5289389067515612,0.9801101684569938
test_168,0.25,6x6 only,0.47427652733080844,0.4742765273304272,0.4742765273304272,0.9750518798827753
test_168,0.25,5x5 only,0.5577525001904284,0.5310364878608358,0.5872990353688308,0.9779014587401971
test_168,0.25,OR (6x6 | 5x5),0.538191395961032,0.44118856672790335,0.6898713826355468,0.9719085693359004
test_168,0.25,confidence blend,0.5490750084086451,0.4720647773273891,0.6561093247577876,0.9744300842284784
test_169,0.5,6x6 only,0.6321941444948056,0.5857658586894422,0.6866158868326845,0.9747924804687128
test_169,0.5,5x5 only,0.5595436689444333,0.5041698991461363,0.6285817918019241,0.9687767028808224
test_169,0.5,OR (6x6 | 5x5),0.5907955418905694,0.490155440414117,0.7434409382169708,0.9675064086913693
test_169,0.5,confidence blend,0.6187637969091507,0.5691948421153729,0.677789868213423,0.9736480712890253
test_169,0.25,6x6 only,0.6356630067564212,0.5641337955583583,0.7279651795421013,0.9736709594726191
test_169,0.25,5x5 only,0.5512484897298876,0.4722677477784247,0.6619513964446113,0.9659957885741819
test_169,0.25,OR (6x6 | 5x5),0.5746808320683088,0.45552331752851494,0.778261395235427,0.9636535644530883
test_169,0.25,confidence blend,0.5909991508630101,0.48456718496133316,0.7573449401514237,0.9669265747069943
test_17,0.5,6x6 only,0.3355958958166254,0.27024278632226995,0.4426400166553349,0.9678878784179318
test_17,0.5,5x5 only,0.5191005600597516,0.4336592178764893,0.6464709556513711,0.9780540466308221
test_17,0.5,OR (6x6 | 5x5),0.4549958180528501,0.3292364990685947,0.736206537579146,0.9676856994628537
test_17,0.5,confidence blend,0.4539115776565367,0.35911736178423964,0.616697897146332,0.9728126525878534
test_17,0.25,6x6 only,0.3350334027725486,0.2557578416316563,0.4855298771590974,0.9646873474120725
test_17,0.25,5x5 only,0.5166550197992726,0.41196136701286284,0.6926920674563967,0.9762535095214471
test_17,0.25,OR (6x6 | 5x5),0.43737154266226,0.30459676100089594,0.7753487403689874,0.9634513854980101
test_17,0.25,confidence blend,0.44816636573037283,0.3196837804225265,0.7493233395778695,0.9661903381347288
test_170,0.5,6x6 only,0.5516014234873051,0.43670973062092033,0.7485276796222042,0.9605865478515259
test_170,0.5,5x5 only,0.6570633331702441,0.5611810826586361,0.7924617196692667,0.9732093811034784
test_170,0.5,OR (6x6 | 5x5),0.5634102180585046,0.4230905651451743,0.8429917550048963,0.957687377929651
test_170,0.5,confidence blend,0.5541481419341691,0.43030224075011053,0.7780918727906029,0.9594497680663696
test_170,0.25,6x6 only,0.526155327342536,0.3989536439953772,0.7724381625432597,0.9549407958984011
test_170,0.25,5x5 only,0.6473624929600866,0.5380714620061334,0.8123674911651209,0.9713363647460567
test_170,0.25,OR (6x6 | 5x5),0.5335570469796711,0.3864524992072353,0.8614840989389145,0.9512176513671512
test_170,0.25,confidence blend,0.5386168224297052,0.3945235487402001,0.8485276796220864,0.9529190063476198
test_171,0.5,6x6 only,0.5358413412387913,0.5359947643974673,0.5356880058862433,0.9566993713378541
test_171,0.5,5x5 only,0.5700858193704249,0.5698995015928018,0.5702722590135145,0.9598693847655884
test_171,0.5,OR (6x6 | 5x5),0.5789436718638226,0.5074176669741413,0.6739432589316704,0.9542617797851198
test_171,0.5,confidence blend,0.5895065434023334,0.577375352774712,0.6021584498400767,0.9608726501464476
test_171,0.25,6x6 only,0.5448204499288909,0.5127687202420194,0.5811462676800089,0.9546928405761355
test_171,0.25,5x5 only,0.5756982059849504,0.5429710144923602,0.6126236611882817,0.9578666687011352
test_171,0.25,OR (6x6 | 5x5),0.576753598589752,0.4800065196129088,0.7223448614171185,0.9505348205566043
test_171,0.25,confidence blend,0.5845016921056065,0.5059484665507826,0.6919303409363977,0.9541015624999636
test_172,0.5,6x6 only,0.6526290016522907,0.707310601033956,0.6057954545447661,0.9783515930175407
test_172,0.5,5x5 only,0.6612137862133733,0.7337860310411117,0.6017045454538617,0.9793014526366813
test_172,0.5,OR (6x6 | 5x5),0.7035649288081021,0.6650475612217516,0.7468181818173331,0.9788742065429313
test_172,0.5,confidence blend,0.7085813348739043,0.7208700764247843,0.6967045454537537,0.9807624816894157
test_172,0.25,6x6 only,0.6505509721337042,0.6607289347232382,0.64068181818109,0.9768943786620721
test_172,0.25,5x5 only,0.6659462055711659,0.7059572301416676,0.6302272727265565,0.9787750244140251
test_172,0.25,OR (6x6 | 5x5),0.6858039692179597,0.6184258582901584,0.7696590909082163,0.976325988769494
test_172,0.25,confidence blend,0.6887837345948267,0.6349343303608139,0.752613636362781,0.9771690368651971
test_173,0.5,6x6 only,0.5194997959106017,0.505561172901556,0.5342288025638905,0.9506034851073856
test_173,0.5,5x5 only,0.40075760836795626,0.4596169036330375,0.3552621537049872,0.9468955993651982
test_173,0.5,OR (6x6 | 5x5),0.5240479951599758,0.46822822822794696,0.5949782492554415,0.9459800720214483
test_173,0.5,confidence blend,0.543389610884354,0.5427070645550071,0.5440738762111393,0.9542961120605105
test_173,0.25,6x6 only,0.5192401026137006,0.47570348726387873,0.5715485003429965,0.9470977783202763
test_173,0.25,5x5 only,0.4160463525528443,0.4399999999996255,0.3945661298936163,0.9446372985839483
test_173,0.25,OR (6x6 | 5x5),0.5188068252582766,0.4381738810285393,0.635808593451396,0.9410476684569953
test_173,0.25,confidence blend,0.5259800052616003,0.46212077434240845,0.6103182477290617,0.9450149536132452
test_174,0.5,6x6 only,0.5520906560187409,0.6555154914525537,0.47685432554501533,0.9392356872558235
test_174,0.5,5x5 only,0.6718638889618711,0.7338050857204385,0.6195657453729928,0.9524726867675417
test_174,0.5,OR (6x6 | 5x5),0.6769621737853884,0.681123076166258,0.6728517996790825,0.9495697021484012
test_174,0.5,confidence blend,0.6485496669407266,0.7148122148117966,0.5935298975078479,0.9494819641112918
test_174,0.25,6x6 only,0.5616006950098926,0.6366098356615765,0.5024044299798405,0.9384002685546516
test_174,0.25,5x5 only,0.687193627450805,0.7242882514392528,0.6537135085244796,0.9532623291015261
test_174,0.25,OR (6x6 | 5x5),0.6844819061519826,0.6641688750796563,0.7060766503129615,0.9488792419433232
test_174,0.25,confidence blend,0.6819139915201256,0.6802494199532675,0.6835867294891516,0.9499168395995731
test_175,0.5,6x6 only,0.5686109013368714,0.5952934610728348,0.5442176870743671,0.9629554748534789
test_175,0.5,5x5 only,0.6787516185200345,0.7145811789031544,0.6463435374144163,0.9725532531737909
test_175,0.5,OR (6x6 | 5x5),0.6606613725255183,0.6170024352441761,0.7109693877544975,0.9672355651855099
test_175,0.5,confidence blend,0.6355148192561951,0.6402312737308938,0.630867346938239,0.9675369262694943
test_175,0.25,6x6 only,0.5650025558014291,0.5660635029015312,0.5639455782308129,0.9610443115234008
test_175,0.25,5x5 only,0.676402569592858,0.6813632441754258,0.6715136054416058,0.9711761474609004
test_175,0.25,OR (6x6 | 5x5),0.6515465471119875,0.5849286342416391,0.7352891156456333,0.9647178649901975
test_175,0.25,confidence blend,0.6573101229013075,0.6040761063203847,0.7208333333327204,0.9662818908691038
test_176,0.5,6x6 only,0.6649908777617413,0.6481979133728674,0.6826770998079724,0.9684791564941037
test_176,0.5,5x5 only,0.664153040164842,0.6346810285969546,0.6964954632475681,0.9677200317382443
test_176,0.5,OR (6x6 | 5x5),0.6362738875958549,0.5518991987274133,0.7511029717799458,0.9606475830077759
test_176,0.5,confidence blend,0.6633189672212789,0.6317216448255523,0.6982435694658301,0.9675178527831662
test_176,0.25,6x6 only,0.6554460759879402,0.6075337597721339,0.7115624739859222,0.9657173156737913
test_176,0.25,5x5 only,0.6589586639459462,0.6033349477612929,0.7258802963450213,0.9655685424804319
test_176,0.25,OR (6x6 | 5x5),0.6194170270357444,0.5132385120347301,0.7809872637969025,0.9560203552245728
test_176,0.25,confidence blend,0.6294273248821225,0.5358563406641694,0.7625905269285252,0.9588508605956665
test_177,0.5,6x6 only,0.4375747039006641,0.40537547815542035,0.47533050047158243,0.9605102539062134
test_177,0.5,5x5 only,0.4170928113792881,0.4154080318459016,0.4187913125585236,0.9621696472167601
test_177,0.5,OR (6x6 | 5x5),0.44295560803950307,0.3743380855394099,0.5423748819634768,0.9559135437011353
test_177,0.5,confidence blend,0.4602665766827173,0.43957460522028186,0.4830028328606196,0.9633903503417601
test_177,0.25,6x6 only,0.44487173000028085,0.38933663980126704,0.5188857412647322,0.9581489562987915
test_177,0.25,5x5 only,0.43551473402195856,0.40564212241531145,0.47013692162361875,0.9606132507323852
test_177,0.25,OR (6x6 | 5x5),0.4424953011722713,0.3563500072074698,0.5835694050984612,0.9524765014648073
test_177,0.25,confidence blend,0.44515703102874415,0.3706612219252625,0.5571293673270099,0.9551162719726197
test_178,0.5,6x6 only,0.3839602554996736,0.2969264544448493,0.5431726907603255,0.9867553710937124
test_178,0.5,5x5 only,0.2427849522737307,0.15637205265419302,0.5426706827281995,0.9742774963378534
test_178,0.5,OR (6x6 | 5x5),0.2720124259777963,0.16861234805612152,0.7033132530085175,0.971393585205041
test_178,0.5,confidence blend,0.38131236770429194,0.2728256166155932,0.6330321285108784,0.9843902587890249
test_178,0.25,6x6 only,0.38081893196266414,0.27600993003774316,0.6139558232900906,0.9848289489745717
test_178,0.25,5x5 only,0.23059273422540094,0.14241851676884457,0.6054216867439487,0.969299316406213
test_178,0.25,OR (6x6 | 5x5),0.2501033143232911,0.1496982289500844,0.7595381526066288,0.9653892517089475
test_178,0.25,confidence blend,0.2775275515090776,0.17150302025326125,0.7269076305184392,0.971240997314416
test_179,0.5,6x6 only,0.45531540077210153,0.4408870226998545,0.47072008966031004,0.9693336486816037
test_179,0.5,5x5 only,0.41115305649353523,0.3899007662349078,0.43485570187666733,0.9660835266112913
test_179,0.5,OR (6x6 | 5x5),0.41983695652150144,0.3522705681167088,0.5194732418036992,0.9609069824218383
test_179,0.5,confidence blend,0.4426655431497488,0.44375615936865587,0.44158027458610033,0.9697227478026973
test_179,0.25,6x6 only,0.459172189570802,0.41463414634099516,0.5144298122716245,0.9670028686523068
test_179,0.25,5x5 only,0.40378279438657483,0.3576523994808067,0.4635752311565374,0.9627227783202758
test_179,0.25,OR (6x6 | 5x5),0.4128440366970373,0.324467232814994,0.5673858223584094,0.9560546874999635
test_179,0.25,confidence blend,0.4209641255603021,0.35086899644893393,0.5260577192483524,0.9605941772460571
test_18,0.5,6x6 only,0.5669170036582255,0.6940122583670579,0.4791666666658868,0.9828414916991812
test_18,0.5,5x5 only,0.6045154090474679,0.6396003633049235,0.5730794270824006,0.9824256896972281
test_18,0.5,OR (6x6 | 5x5),0.6255332595981785,0.6077678845554072,0.6443684895822845,0.9819183349609
test_18,0.5,confidence blend,0.5752849977194936,0.6542211159496905,0.5133463541658312,0.9822349548339468
test_18,0.25,6x6 only,0.5645753154922003,0.6271624577438315,0.5133463541658312,0.9814414978026968
test_18,0.25,5x5 only,0.6123851378341091,0.6014754355664708,0.6236979166656516,0.9814949035644156
test_18,0.25,OR (6x6 | 5x5),0.6139663182341653,0.5541142557644732,0.688313802082213,0.9797134399413688
test_18,0.25,confidence blend,0.6232307692302897,0.5908693115510635,0.6593424479155935,0.9813156127929312
test_180,0.5,6x6 only,0.5364958720999391,0.39902534112982646,0.8184726109523452,0.9865074157714467
test_180,0.5,5x5 only,0.47907760072486194,0.3543503257946448,0.7393042782857285,0.9846611022948842
test_180,0.5,OR (6x6 | 5x5),0.48904624916962924,0.3380755698327397,0.8836465413799135,0.9823837280273062
test_180,0.5,confidence blend,0.5534931683416429,0.40840783716871143,0.8584566173496263,0.9867858886718374
test_180,0.25,6x6 only,0.5068445068439138,0.3582533906709258,0.8660535785651098,0.9839210510253531
test_180,0.25,5x5 only,0.45552367288324297,0.32491898345501463,0.761695321868206,0.9826278686523062
test_180,0.25,OR (6x6 | 5x5),0.4515295987281967,0.3003832430285445,0.9088364654102006,0.9789352416991813
test_180,0.25,confidence blend,0.478942844864118,0.3274570295279456,0.8912435025953969,0.9814987182616812
test_181,0.5,6x6 only,0.5479318259507995,0.6599223620742737,0.4684368737471038,0.9646873474120725
test_181,0.5,5x5 only,0.4663718873630596,0.5268692817325409,0.41833667334634406,0.9562644958495728
test_181,0.5,OR (6x6 | 5x5),0.5500888172840294,0.5443545090339756,0.5559452237804309,0.9584541320800415
test_181,0.5,confidence blend,0.5397716276366654,0.6417395306021149,0.4657648630590633,0.9637145996093381
test_181,0.25,6x6 only,0.5601815403137312,0.6288863470930343,0.5050100200396584,0.9637718200683225
test_181,0.25,5x5 only,0.4792940163579512,0.49466856228852435,0.46484635938504937,0.9538574218749636
test_181,0.25,OR (6x6 | 5x5),0.5447698101604239,0.5046276520002103,0.5918503674009754,0.9548110961913698
test_181,0.25,confidence blend,0.5568232936651712,0.5456439849318381,0.5684702738806208,0.9586601257323852
test_182,0.5,6x6 only,0.48688260295986097,0.46011080332282517,0.5169623404901433,0.9866447448730092
test_182,0.5,5x5 only,0.46319670968591237,0.42548202188529055,0.5082477435402794,0.9855613708495717
test_182,0.5,OR (6x6 | 5x5),0.4735164296217833,0.3906534493214836,0.60099595393526,0.9836196899413687
test_182,0.5,confidence blend,0.49300599486084357,0.45531241761018904,0.5375038904433941,0.9864501953124624
test_182,0.25,6x6 only,0.4959699086505965,0.436303474354913,0.5745409274803158,0.9856872558593374
test_182,0.25,5x5 only,0.4737755238216018,0.41471962616725533,0.5524431995003036,0.984958648681603
test_182,0.25,OR (6x6 | 5x5),0.46885617213989933,0.3685241231967803,0.6442577030792274,0.9821090698241812
test_182,0.25,confidence blend,0.4742415229024696,0.3838597842827738,0.6202925614671015,0.9831428527831656
test_183,0.5,6x6 only,0.6258324826208614,0.725622815916215,0.5501709401704699,0.9706382751464473
test_183,0.5,5x5 only,0.6167121249686999,0.7345540460711936,0.5314529914525372,0.9705162048339473
test_183,0.5,OR (6x6 | 5x5),0.6695377043414178,0.6890376266274519,0.6511111111105545,0.9713134765624629
test_183,0.5,confidence blend,0.6506530550965067,0.7848605577679767,0.5556410256405507,0.9733695983886347
test_183,0.25,6x6 only,0.6466691203530334,0.7002789956150853,0.6006837606832472,0.9707031249999629
test_183,0.25,5x5 only,0.6358505527307077,0.699866516068693,0.5825641025636046,0.9702186584472285
test_183,0.25,OR (6x6 | 5x5),0.6743658486283051,0.6516540454359093,0.6987179487173515,0.9698829650878535
test_183,0.25,confidence blend,0.6738490827272958,0.6823519102692933,0.6655555555549867,0.9712448120116817
test_184,0.5,6x6 only,0.6793658596531567,0.6492326965231371,0.712432339547459,0.970142364501916
test_184,0.5,5x5 only,0.7137614678896106,0.6934608216508439,0.7352865366434098,0.9738159179687128
test_184,0.5,OR (6x6 | 5x5),0.6815063494377895,0.5923247700598843,0.8023026033157468,0.966705322265588
test_184,0.5,confidence blend,0.6936227951150635,0.6319581802764679,0.7686227339111876,0.9698524475097285
test_184,0.25,6x6 only,0.6724942646939829,0.6231034230003495,0.7303892086942775,0.968414306640588
test_184,0.25,5x5 only,0.7137489394365021,0.6736577181202915,0.7589139960471183,0.9729728698730097
test_184,0.25,OR (6x6 | 5x5),0.6713586937394266,0.5685421385143827,0.8195721281890028,0.9643745422362913
test_184,0.25,confidence blend,0.6766226306717846,0.5811185792683103,0.8096915542565428,0.9656372070312131
test_185,0.5,6x6 only,0.5753996737353504,0.5199905649244958,0.6440257084419456,0.9751777648925409
test_185,0.5,5x5 only,0.6208432304033396,0.631150015091109,0.6108676599465223,0.9805145263671501
test_185,0.5,OR (6x6 | 5x5),0.5878700776081702,0.4846904919893026,0.7468594799872235,0.9726524353026972
test_185,0.5,confidence blend,0.629003142340958,0.5799531500424363,0.6871165644161743,0.9788322448730095
test_185,0.25,6x6 only,0.5667509329477749,0.4819819819814885,0.6877008472090451,0.9725418090819941
test_185,0.25,5x5 only,0.6080508474571976,0.5885972108277432,0.6288343558273023,0.9788284301757438
test_185,0.25,OR (6x6 | 5x5),0.5605612998519938,0.4387283236990597,0.7760736196307683,0.9682235717773068
test_185,0.25,confidence blend,0.5887164547030148,0.47750613469010494,0.7674554484359225,0.9719963073730098
test_186,0.5,6x6 only,0.5984450514809845,0.4694505494500335,0.8251883330098027,0.9781303405761346
test_186,0.5,5x5 only,0.5124395708050274,0.3687738650824193,0.8394823256696167,0.9684524536132443
test_186,0.5,OR (6x6 | 5x5),0.5060677612429267,0.35353690348292655,0.890090786167877,0.9656867980956663
test_186,0.5,confidence blend,0.5784509100567434,0.4408221119768747,0.8410276221733803,0.9757919311523064
test_186,0.25,6x6 only,0.5829708712267148,0.44243272981850307,0.854355804518342,0.9758605957030877
test_186,0.25,5x5 only,0.4886927142932327,0.340367390313997,0.86613869035954,0.9642066955566038
test_186,0.25,OR (6x6 | 5x5),0.4754222334255228,0.3216673488877598,0.9107591269057161,0.9603080749511352
test_186,0.25,confidence blend,0.5061326386624845,0.35195109064808516,0.9007146996312523,0.9652862548827756
test_187,0.5,6x6 only,0.4965403415219345,0.4931904161406139,0.4999360858999106,0.969745635986291
test_187,0.5,5x5 only,0.5609904607262289,0.5958608795622364,0.5299757126415314,0.9752464294433222
test_187,0.5,OR (6x6 | 5x5),0.5384903840999954,0.46348210992211036,0.6424645276739838,0.9671363830566037
test_187,0.5,confidence blend,0.568472151251553,0.5681092812452851,0.5688354851072877,0.9742279052734003
test_187,0.25,6x6 only,0.5036428819240756,0.4598247281169255,0.5566918062117389,0.967254638671838
test_187,0.25,5x5 only,0.5591980834695756,0.5516855330258096,0.56691806212378,0.9733276367187128
test_187,0.25,OR (6x6 | 5x5),0.5258175143696441,0.4225931677015352,0.6957688866154982,0.9625511169433226
test_187,0.25,confidence blend,0.5424646128223655,0.4574738874743636,0.6662405726694794,0.9664611816405881
test_188,0.5,6x6 only,0.46746987951765506,0.4011334048086979,0.5600940975180494,0.9772377014159783
test_188,0.5,5x5 only,0.3859990277099449,0.31072267153625005,0.5094097519236326,0.9710922241210567
test_188,0.5,OR (6x6 | 5x5),0.4327760121594357,0.31965707287168843,0.6698032506401416,0.9686813354491818
test_188,0.5,confidence blend,0.43075593952446584,0.36135671836445665,0.5331479897336759,0.9748649597167597
test_188,0.25,6x6 only,0.47934291581069455,0.38911854913936644,0.6240376390063643,0.9758186340331658
test_188,0.25,5x5 only,0.38094529214709266,0.29215663888538396,0.5472626176207287,0.9682731628417599
test_188,0.25,OR (6x6 | 5x5),0.42757930300918,0.30220217564313945,0.730752780152415,0.96509933471676
test_188,0.25,confidence blend,0.4330783938811574,0.3181179775277707,0.6781437125734,0.9683303833007443
test_189,0.5,6x6 only,0.38322436237239604,0.30148285449462325,0.5257798609980188,0.960056304931604
test_189,0.5,5x5 only,0.4476315163053751,0.35424319487580835,0.6078875060601133,0.9645919799804319
test_189,0.5,OR (6x6 | 5x5),0.39900654343965275,0.2831864406777741,0.6751252626463955,0.9519996643066043
test_189,0.5,confidence blend,0.42294510251913714,0.33674837227083804,0.5684499757546978,0.9633903503417601
test_189,0.25,6x6 only,0.3839693845006995,0.28605369446401674,0.5838047518981998,0.9557876586913697
test_189,0.25,5x5 only,0.4379203587058621,0.32693074041577513,0.6630030709541571,0.9598312377929321
test_189,0.25,OR (6x6 | 5x5),0.38363784176955046,0.26088221601474576,0.724583804750728,0.9450492858886358
test_189,0.25,confidence blend,0.395869987961665,0.2773992602684593,0.6909649264575869,0.9502258300780887
test_19,0.5,6x6 only,0.2645299943934477,0.32838417816920495,0.22146600954375226,0.9399490356444954
test_19,0.5,5x5 only,0.3380239669830749,0.46383733624390855,0.2659000234684613,0.9492149353026981
test_19,0.5,OR (6x6 | 5x5),0.3961154094131221,0.40846006814559255,0.38449503246469174,0.9428329467773078
test_19,0.5,confidence blend,0.29439999999986144,0.36943427424073527,0.2446999921769188,0.9428024291991828
test_19,0.25,6x6 only,0.29976071350867967,0.33767888649251354,0.2694985527651807,0.9386024475097298
test_19,0.25,5x5 only,0.3652557071202525,0.45567251461935004,0.3047797856525817,0.9483451843261357
test_19,0.25,OR (6x6 | 5x5),0.4159325070925728,0.3977865048194232,0.4358131893918205,0.9403152465819954
test_19,0.25,confidence blend,0.3983616149793648,0.39729225023311754,0.3994367519358527,0.9411659240722297
test_190,0.5,6x6 only,0.6487363783905351,0.6936043629143609,0.6093205574906256,0.9768829345702752
test_190,0.5,5x5 only,0.6585325456850557,0.6679359390741763,0.6493902439017318,0.9764060974120721
test_190,0.5,OR (6x6 | 5x5),0.6506366307538439,0.5912246351009334,0.7233231707309197,0.9727859497069941
test_190,0.5,confidence blend,0.6969522714199557,0.7384840360702675,0.6598432055741944,0.9798965454101188
test_190,0.25,6x6 only,0.6550511335963124,0.6510702377103892,0.659081010452244,0.9756813049316033
test_190,0.25,5x5 only,0.6644074865749103,0.6373912173645719,0.6938153310096974,0.9754447937011346
test_190,0.25,OR (6x6 | 5x5),0.6383617747437368,0.5483543116249329,0.7637195121942904,0.969684600830041
test_190,0.25,confidence blend,0.6519819560415338,0.5828899948510529,0.7396559233441423,0.9723358154296504
test_191,0.5,6x6 only,0.5129630619551435,0.4850384148802213,0.5442994895059055,0.9652442932128538
test_191,0.5,5x5 only,0.5640716153688573,0.506640166229554,0.636188315370804,0.9669342041015255
test_191,0.5,OR (6x6 | 5x5),0.5176023675955133,0.4238281249996934,0.6646625070894331,0.9583396911620727
test_191,0.5,confidence blend,0.5446395218525296,0.5142079806524443,0.5788996029488611,0.9674491882323849
test_191,0.25,6x6 only,0.5082481933712891,0.45324444444404155,0.5784458309692814,0.9623603820800414
test_191,0.25,5x5 only,0.5489180691693412,0.46327948177595935,0.6733976176963432,0.9627838134765258
test_191,0.25,OR (6x6 | 5x5),0.4991497287227714,0.3880878927152376,0.6992626205323887,0.9528121948241823
test_191,0.25,confidence blend,0.5174782608693402,0.4195276700737261,0.6750992626197673,0.9576644897460572
test_192,0.5,6x6 only,0.49153122326732973,0.7310432569955954,0.3702319587624095,0.9773254394530877
test_192,0.5,5x5 only,0.511947524597445,0.6496234641287165,0.4224226804118268,0.9761581420898064
test_192,0.5,OR (6x6 | 5x5),0.5868999421626757,0.6684782608684643,0.5230670103086043,0.9782028198241813
test_192,0.5,confidence blend,0.5034494086723854,0.6940670289839356,0.3949742268036147,0.976936340331994
test_192,0.25,6x6 only,0.5183098591545124,0.6902465166115965,0.4149484536077127,0.9771690368651971
test_192,0.25,5x5 only,0.5312083024458627,0.6253054101210728,0.46172680412311634,0.9758758544921502
test_192,0.25,OR (6x6 | 5x5),0.6012859560063611,0.6332145402699455,0.5724226804116335,0.9775276184081658
test_192,0.25,confidence blend,0.5922612708550995,0.659446640315163,0.5374999999993073,0.9780921936034783
test_193,0.5,6x6 only,0.5761112490683088,0.5779770802182728,0.5742574257416266,0.980464935302697
test_193,0.5,5x5 only,0.6042826888378663,0.5758708327095592,0.6356435643553867,0.9807548522948845
test_193,0.5,OR (6x6 | 5x5),0.551999999999632,0.4630872483216296,0.6831683168305558,0.9743652343749628
test_193,0.5,confidence blend,0.6562389536933048,0.7064307458129634,0.6127062706260517,0.9851608276366811
test_193,0.25,6x6 only,0.5731807643403087,0.5241417042805032,0.6323432343223889,0.9782295227050407
test_193,0.25,5x5 only,0.5836940324979892,0.512012946594657,0.6787128712860088,0.9776191711425408
test_193,0.25,OR (6x6 | 5x5),0.522727272726965,0.4063529842544797,0.7325082508238737,0.9690780639648068
test_193,0.25,confidence blend,0.5607779578602523,0.4618259476770295,0.713696369635786,0.9741554260253534
test_194,0.5,6x6 only,0.4388579972896412,0.5476384839643759,0.3661312958051098,0.954189300537073
test_194,0.5,5x5 only,0.5154437580549684,0.5993798449606208,0.4521284890063526,0.958408355712854
test_194,0.5,OR (6x6 | 5x5),0.5550511231295429,0.5621751299475712,0.5481054108837142,0.9570045471191041
test_194,0.5,confidence blend,0.5110887096771851,0.6198044009773063,0.434819897083709,0.9592971801757446
test_194,0.25,6x6 only,0.4725623183297487,0.5430161943314341,0.41829097146388716,0.9543151855468386
test_194,0.25,5x5 only,0.5398587285567861,0.5858733345495657,0.5005457664115854,0.9582519531249634
test_194,0.25,OR (6x6 | 5x5),0.5719907923069087,0.5460022682162277,0.6005769530636202,0.9560241699218385
test_194,0.25,confidence blend,0.5672083869205474,0.5670536897057842,0.5673631685634123,0.9576377868651978
test_195,0.5,6x6 only,0.7653852499584369,0.7249003828418431,0.8106596767140142,0.9783020019530876
test_195,0.5,5x5 only,0.7285708523251467,0.676682151955135,0.7890782000866849,0.9743309020995722
test_195,0.5,OR (6x6 | 5x5),0.7439517611586351,0.6422268774197663,0.8839667977274932,0.9734344482421503
test_195,0.5,confidence blend,0.7679236122346788,0.7150930600552218,0.829183049365811,0.9781188964843377
test_195,0.25,6x6 only,0.7613551603655787,0.6912603364694245,0.8472695500211033,0.9768104553222283
test_195,0.25,5x5 only,0.7176341398762854,0.6332531408710015,0.8279598077755981,0.9715538024901973
test_195,0.25,OR (6x6 | 5x5),0.7221724446892541,0.5962556194158104,0.9155089558751284,0.9692459106444943
test_195,0.25,confidence blend,0.7401699553504464,0.6295094016043182,0.8980340760149427,0.9724731445312128
test_196,0.5,6x6 only,0.8138845379277205,0.7937694364118097,0.8350456293400476,0.9746170043944941
test_196,0.5,5x5 only,0.8247640787237078,0.8007567567563239,0.8502554095156688,0.9759864807128533
test_196,0.5,OR (6x6 | 5x5),0.8151795612155985,0.7399606852004399,0.9074212248172487,0.9726524353026972
test_196,0.5,confidence blend,0.8407040944621329,0.8025361373475955,0.8826838087580309,0.9777679443359002
test_196,0.25,6x6 only,0.8134447418942664,0.7690459147148128,0.8632841646095027,0.9736824035644159
test_196,0.25,5x5 only,0.816096297095753,0.770237913291166,0.8677610055668554,0.9740066528319941
test_196,0.25,OR (6x6 | 5x5),0.8040867181657603,0.710529792574664,0.926017333409329,0.9700088500976192
test_196,0.25,confidence blend,0.8149824543556897,0.7316349358532019,0.9197612351484131,0.9722442626952754
test_197,0.5,6x6 only,0.6289286729180853,0.5632698768191354,0.711914565104591,0.9750938415526972
test_197,0.5,5x5 only,0.6562834383541456,0.6099447513805415,0.7102418939774701,0.977943420410119
test_197,0.5,OR (6x6 | 5x5),0.5883319638452373,0.47116203452777644,0.7830674215121165,0.9675102233886349
test_197,0.5,confidence blend,0.6419089036389094,0.5780090684247959,0.7216932578477591,0.9761276245116814
test_197,0.25,6x6 only,0.5986222853233429,0.5061805246771843,0.7323726196593768,0.9708824157714473
test_197,0.25,5x5 only,0.6406023424424759,0.5653671982668188,0.7389346371580817,0.9754180908202752
test_197,0.25,OR (6x6 | 5x5),0.5503964757706826,0.41847534833841205,0.8037828100864594,0.9610671997069945
test_197,0.25,confidence blend,0.5694811517593688,0.44516129032225793,0.7901441070499355,0.964580535888635
test_198,0.5,6x6 only,0.6625173806524117,0.6789252273026477,0.6468838893190498,0.980556488037072
test_198,0.5,5x5 only,0.6174231745132384,0.6786488999059829,0.5663304887502375,0.9792938232421501
test_198,0.5,OR (6x6 | 5x5),0.6640799529684515,0.6088831392835178,0.7302818722514478,0.9782028198241813
test_198,0.5,confidence blend,0.6997348960508583,0.7598484848473336,0.6484354796991875,0.9835815429687125
test_198,0.25,6x6 only,0.6711996114614672,0.6326390478363095,0.7147659684500715,0.9793395996093376
test_198,0.25,5x5 only,0.6337668961995448,0.6251572327036161,0.6426170157736714,0.9780883789062127
test_198,0.25,OR (6x6 | 5x5),0.6477086526768604,0.5477872150196265,0.7922161882586085,0.9745750427245722
test_198,0.25,confidence blend,0.6705261365567452,0.597572078906831,0.7637703646227518,0.9778556823730096
test_199,0.5,6x6 only,0.6194283769987158,0.7561000934474549,0.5246019739208093,0.9658660888671506
test_199,0.5,5x5 only,0.654901455622545,0.8105867346930159,0.549384050140084,0.9693412780761349
test_199,0.5,OR (6x6 | 5x5),0.6642610730002521,0.7387546304456352,0.6034147395716422,0.9677009582519162
test_199,0.5,confidence blend,0.6526350679480226,0.768015602144546,0.5673942799506034,0.968017578124963
test_199,0.25,6x6 only,0.6255127319982839,0.716905604169878,0.5547871190832399,0.964824676513635
test_199,0.25,5x5 only,0.66505542128483,0.7887713749127322,0.5748865355517795,0.9693374633788693
test_199,0.25,OR (6x6 | 5x5),0.6628246445495117,0.6996158155909239,0.6297096750950005,0.96607589721676
test_199,0.25,confidence blend,0.6597587380139731,0.7120086789612684,0.6146531229734064,0.9664306640624631
test_2,0.5,6x6 only,0.2625793613189318,0.18780074550986933,0.43630924263826754,0.9406280517577765
test_2,0.5,5x5 only,0.3473530027199921,0.31179564237376434,0.3920642418510596,0.96430587768551
test_2,0.5,OR (6x6 | 5x5),0.28939560216222027,0.19504711812393433,0.5605416469838442,0.9333076477050425
test_2,0.5,confidence blend,0.30208759721638245,0.22375502160219526,0.4648086915439068,0.9479675292968388
test_2,0.25,6x6 only,0.26243523316050843,0.18079600214160224,0.4785073216808715,0.934837341308558
test_2,0.25,5x5 only,0.3477274159992765,0.2899495374261039,0.43426232089366357,0.9605293273925415
test_2,0.25,OR (6x6 | 5x5),0.2831722319858366,0.1844854730212373,0.60888049126026,0.9253158569335584
test_2,0.25,confidence blend,0.2834528427568342,0.18868022952520153,0.5695166115563384,0.9302406311034801
test_20,0.5,6x6 only,0.648302844453501,0.6182936668005059,0.6813736385855952,0.9746246337890253
test_20,0.5,5x5 only,0.6700050581686039,0.614834756776258,0.7360524561005378,0.9751129150390253
test_20,0.5,OR (6x6 | 5x5),0.6625490801602936,0.549345233740179,0.8345187819506172,0.9708213806151973
test_20,0.5,confidence blend,0.7311695002572225,0.6815213215514007,0.7886196932642935,0.9800949096679313
test_20,0.25,6x6 only,0.6466963883180651,0.5886912904691394,0.7173816403637281,0.9730949401855097
test_20,0.25,5x5 only,0.6487691505000954,0.565908150599449,0.760057790619293,0.9717521667480098
test_20,0.25,OR (6x6 | 5x5),0.636487210116309,0.5056613652722654,0.8586352522773297,0.9663352966308225
test_20,0.25,confidence blend,0.6629834254140762,0.5447137036238868,0.8468548566338665,0.970447540283166
test_200,0.5,6x6 only,0.511756061719136,0.5323295628244173,0.49271363893570125,0.9493026733398074
test_200,0.5,5x5 only,0.531948429858735,0.6204393325156778,0.46554895302740124,0.9558219909667603
test_200,0.5,OR (6x6 | 5x5),0.5861213975203393,0.537915952479143,0.6438172043006198,0.9509696960448856
test_200,0.5,confidence blend,0.5592010408972257,0.5559751066355108,0.5624646293148257,0.9521827697753542
test_200,0.25,6x6 only,0.5234132924831935,0.5153218619315039,0.5317628749288824,0.9477806091308232
test_200,0.25,5x5 only,0.5371358384828859,0.5871444155403313,0.49497736276139287,0.9539985656737917
test_200,0.25,OR (6x6 | 5x5),0.5851692475527789,0.5118485924823666,0.6830079230329067,0.9477806091308232
test_200,0.25,confidence blend,0.5854164701441419,0.5269145865169372,0.6585314091676157,0.9497032165526981
test_201,0.5,6x6 only,0.2754714275469452,0.5560057887104023,0.18309187952708433,0.9614524841308226
test_201,0.5,5x5 only,0.3499527410205872,0.4602237414536044,0.2823103316810119,0.9580230712890259
test_201,0.5,OR (6x6 | 5x5),0.3833125913097866,0.4433596194762256,0.33759054517695614,0.9565238952636353
test_201,0.5,confidence blend,0.33497407626151143,0.5378292939925441,0.24323293938215473,0.9613456726073851
test_201,0.25,6x6 only,0.2907975460120717,0.5105313547139528,0.20329775066698122,0.9603118896484009
test_201,0.25,5x5 only,0.3742470735308704,0.46341120180064255,0.31385817765886975,0.9579925537109009
test_201,0.25,OR (6x6 | 5x5),0.4022004889973501,0.43194748358814883,0.3762866946241171,0.9552307128905885
test_201,0.25,confidence blend,0.3847750865049855,0.4357892198234224,0.34445291650748716,0.9559135437011353
test_202,0.5,6x6 only,0.6589195086085192,0.816216216215257,0.5524536705634674,0.9725685119628534
test_202,0.5,5x5 only,0.7014269535670662,0.8147758366651076,0.6157639385980945,0.9748573303222284
test_202,0.5,OR (6x6 | 5x5),0.7177334732420911,0.7598649129036972,0.6800286327839974,0.9743461608886347
test_202,0.5,confidence blend,0.7125261445499825,0.8571907850583121,0.6096397041274082,0.9764060974120721
test_202,0.25,6x6 only,0.667872484738563,0.7739467616843702,0.5873697605976399,0.9719810485839473
test_202,0.25,5x5 only,0.7173184357538817,0.7802187529206503,0.663803388212309,0.9749069213866816
test_202,0.25,OR (6x6 | 5x5),0.7159243730714675,0.7120937918005255,0.7197963890871552,0.9726028442382441
test_202,0.25,confidence blend,0.7214256112719761,0.7531366271517235,0.6922771017253699,0.9743576049804316
test_203,0.5,6x6 only,0.756312662457874,0.6711425982365341,0.866241360977282,0.9799728393554313
test_203,0.5,5x5 only,0.8029123268273824,0.7654487612062417,0.8442317915993149,0.9851303100585561
test_203,0.5,OR (6x6 | 5x5),0.7491779560696439,0.6374216651740992,0.9084529505572477,0.9781761169433221
test_203,0.5,confidence blend,0.786603410211477,0.7045607539543044,0.8902711323754489,0.9826698303222281
test_203,0.25,6x6 only,0.7389743362436333,0.6336272423224129,0.886337054757165,0.9775352478026971
test_203,0.25,5x5 only,0.7998823125578385,0.7422642883138494,0.867198298776324,0.9844322204589467
test_203,0.25,OR (6x6 | 5x5),0.7279350192594507,0.6003867670415081,0.9242955874524993,0.9752120971679316
test_203,0.25,confidence blend,0.741087938077514,0.6221660649815002,0.9162147793716998,0.9770317077636346
test_204,0.5,6x6 only,0.6983552251451414,0.7191020149129628,0.6787719955067923,0.9701271057128535
test_204,0.5,5x5 only,0.6898750412251493,0.6755418401028594,0.7048296518152716,0.9677162170409787
test_204,0.5,OR (6x6 | 5x5),0.69369812682456,0.6172933208777339,0.7916885061768688,0.9643821716308225
test_204,0.5,confidence blend,0.7307706564848832,0.7236088680071034,0.7380756271054001,0.9722938537597285
test_204,0.25,6x6 only,0.702079024708573,0.6810502604528501,0.7244477723693564,0.9686775207519162
test_204,0.25,5x5 only,0.6852153425034873,0.6376886366563668,0.7403968551098911,0.96534347534176
test_204,0.25,OR (6x6 | 5x5),0.6784346173881651,0.574237393649837,0.8288281542487241,0.9599723815917602
test_204,0.25,confidence blend,0.6961834024627195,0.6100529696829651,0.810632721826424,0.9639549255370725
test_205,0.5,6x6 only,0.5357142857140658,0.5759555124012923,0.5007290307723883,0.9568557739257447
test_205,0.5,5x5 only,0.5947445732003449,0.6350091487316938,0.5592817128381864,0.9621124267577758
test_205,0.5,OR (6x6 | 5x5),0.5850480109737363,0.5288610577217875,0.6545928938679652,0.9538421630859011
test_205,0.5,confidence blend,0.5864443638997275,0.6170338983045618,0.5587445322687754,0.9608268737792601
test_205,0.25,6x6 only,0.5449244226192953,0.5448408131948256,0.5450080577081229,0.9547500610351198
test_205,0.25,5x5 only,0.6049283667619465,0.6023280584292435,0.6075512240038312,0.9605522155761352
test_205,0.25,OR (6x6 | 5x5),0.5758343360140029,0.4901622554037571,0.6977975596648777,0.9488983154296513
test_205,0.25,confidence blend,0.5857990148441558,0.5199262431593386,0.6707850510316393,0.952846527099573
test_206,0.5,6x6 only,0.5662438136409543,0.5735853405548305,0.5590878454273656,0.9709129333495723
test_206,0.5,5x5 only,0.5980733055916331,0.6071056590665349,0.5893057739827124,0.9731025695800409
test_206,0.5,OR (6x6 | 5x5),0.5680543253613974,0.5054290718034102,0.6483936194106398,0.9665145874023069
test_206,0.5,confidence blend,0.6138835931363609,0.6128526645761163,0.6149179959552741,0.9737319946288691
test_206,0.25,6x6 only,0.5655348861997945,0.5380870270813083,0.5959334980896472,0.9689064025878537
test_206,0.25,5x5 only,0.5929927788175485,0.5660165424276871,0.622669063131181,0.9709739685058223
test_206,0.25,OR (6x6 | 5x5),0.5531973412786829,0.46728103461591625,0.6778252078177063,0.9628181457519164
test_206,0.25,confidence blend,0.5673206385840703,0.49596435177358666,0.6626600763865842,0.9656753540038694
test_207,0.5,6x6 only,0.6562391379905826,0.7407794925441528,0.5890183028280064,0.977363586425744
test_207,0.5,5x5 only,0.5456845811097719,0.5792362489774854,0.515806988352209,0.9684944152831662
test_207,0.5,OR (6x6 | 5x5),0.6219136556981264,0.5868782873483557,0.661397670548397,0.9705009460448848
test_207,0.5,confidence blend,0.633732995157578,0.7109415416441918,0.5716514143088897,0.9757614135741814
test_207,0.25,6x6 only,0.6667030210488238,0.7008713597790633,0.6357113144752123,0.9766845703124627
test_207,0.25,5x5 only,0.5561584928839172,0.5476910667467758,0.5648918469212095,0.9669265747069943
test_207,0.25,OR (6x6 | 5x5),0.6124631769768355,0.5427745200413344,0.7026830282854589,0.9673805236816037
test_207,0.25,confidence blend,0.6279193462595484,0.5868052417527457,0.6752287853570349,0.9706459045409785
test_208,0.5,6x6 only,0.5289302260770791,0.6640426834595783,0.4395044575660301,0.9484138488769169
test_208,0.5,5x5 only,0.5451940787227828,0.6635669212880574,0.46266064605739105,0.94913482666012
test_208,0.5,OR (6x6 | 5x5),0.5668565735809697,0.6131878493967716,0.5270348500633744,0.9469261169433232
test_208,0.5,confidence blend,0.5513154288844371,0.6751971807344561,0.4658446219749532,0.9500350952148074
test_208,0.25,6x6 only,0.5413583949874887,0.6379202010676736,0.47018640731708333,0.9475021362304326
test_208,0.25,5x5 only,0.5663711128242848,0.6362783311674345,0.5103045038783661,0.9485092163085576
test_208,0.25,OR (6x6 | 5x5),0.5784973408160966,0.587385882212192,0.5698737987723921,0.9452781677245733
test_208,0.25,confidence blend,0.5729865514809996,0.6084976250890699,0.5413916869280182,0.9468269348144169
test_209,0.5,6x6 only,0.8546867855505923,0.9028207109728527,0.8114255947206013,0.987876892089806
test_209,0.5,5x5 only,0.8115914757487831,0.8857172194261363,0.7489147421420829,0.9847221374511342
test_209,0.5,OR (6x6 | 5x5),0.8526055451898934,0.8521988030177359,0.8530126758110322,0.9870414733886341
test_209,0.5,confidence blend,0.8399781540138176,0.8827243160504278,0.8011807605480107,0.9865875244140249
test_209,0.25,6x6 only,0.8557892406460678,0.8732267100380652,0.8390345546094469,0.9875755310058216
test_209,0.25,5x5 only,0.8230177623142176,0.8705210149129667,0.7804306303170858,0.9852523803710561
test_209,0.25,OR (6x6 | 5x5),0.8447963610323695,0.820368098158838,0.8707240840416124,0.9859428405761342
test_209,0.25,confidence blend,0.8457544943575553,0.8360335906346288,0.8557041152970518,0.9862861633300405
test_21,0.5,6x6 only,0.5664572864318049,0.6384876805428512,0.5090313840590325,0.9736709594726191
test_21,0.5,5x5 only,0.5437341593914143,0.5425424300319854,0.5449311356959302,0.9690971374511349
test_21,0.5,OR (6x6 | 5x5),0.5853826142440557,0.5178462874507009,0.6731767893422068,0.9677772521972287
test_21,0.5,confidence blend,0.5755670611436294,0.6338582677156749,0.5270941521782263,0.9737319946288691
test_21,0.25,6x6 only,0.5671763269574053,0.5846817691470877,0.5506886430339233,0.9715995788573848
test_21,0.25,5x5 only,0.5407747459635112,0.4978630449230716,0.5917814405050894,0.9660377502441038
test_21,0.25,OR (6x6 | 5x5),0.5677316435500652,0.46728426581044036,0.7231880785722248,0.9627876281737914
test_21,0.25,confidence blend,0.5852363250129942,0.5112610712775105,0.684240234815213,0.9672279357909787
test_210,0.5,6x6 only,0.24959387328832117,0.44617299315402165,0.17325815545696877,0.95066070556637
test_210,0.5,5x5 only,0.26232703176751615,0.6779717931474883,0.16262585581944208,0.9566841125487916
test_210,0.5,OR (6x6 | 5x5),0.3251867662751733,0.481739130434021,0.24542891663290742,0.95175933837887
test_210,0.5,confidence blend,0.23506366307527235,0.489671002294084,0.1546516310912971,0.9523315429687136
test_210,0.25,6x6 only,0.27927343496579127,0.4246260069037899,0.2080547724525106,0.9491424560546512
test_210,0.25,5x5 only,0.30784398299321714,0.6549554273711197,0.20120821586773965,0.9571495056151978
test_210,0.25,OR (6x6 | 5x5),0.36008058572042645,0.461693548386515,0.29512686266589194,0.9503211975097293
test_210,0.25,confidence blend,0.3288269550747042,0.46384039900181334,0.2546919049534799,0.9507598876952762
test_211,0.5,6x6 only,0.2397621300174619,0.1780409474105593,0.3669838642940739,0.9356269836425424
test_211,0.5,5x5 only,0.20657366711245626,0.1580293838168569,0.2981657702381766,0.9366455078124643
test_211,0.5,OR (6x6 | 5x5),0.2686080545365979,0.18363728470102145,0.4999310439932424,0.9246940612792616
test_211,0.5,confidence blend,0.21743439479458032,0.15812233642507012,0.3479520066192967,0.9307212829589488
test_211,0.25,6x6 only,0.24271131073897806,0.17239979117108162,0.40987450006839077,0.9292526245116832
test_211,0.25,5x5 only,0.2264566097517046,0.16628966586947178,0.35484760722610004,0.9329452514648081
test_211,0.25,OR (6x6 | 5x5),0.26914341886706583,0.17842696629205462,0.5475106881801854,0.9177513122558243
test_211,0.25,confidence blend,0.266066930550462,0.17999902624267003,0.5098607088670393,0.9221954345702773
test_212,0.5,6x6 only,0.3205565765290624,0.30713117846773097,0.3352093342479956,0.9605102539062134
test_212,0.5,5x5 only,0.3796169630640358,0.3783231083839423,0.3809196980090859,0.9654006958007444
test_212,0.5,OR (6x6 | 5x5),0.3930092845437504,0.3263492063489103,0.493891557995204,0.9576034545898072
test_212,0.5,confidence blend,0.3603851444289249,0.3446504635425399,0.37762525737765595,0.9627494812011351
test_212,0.25,6x6 only,0.3443580938608685,0.3068499033709396,0.39231297185944775,0.9584846496581665
test_212,0.25,5x5 only,0.4060262715554964,0.37149692412807983,0.44763212079554204,0.9636039733886351
test_212,0.25,OR (6x6 | 5x5),0.4018342221998695,0.3154640788853377,0.5533287577205857,0.954219818115198
test_212,0.25,confidence blend,0.401760152687731,0.3272868618810337,0.5201098146870006,0.956954956054651
test_213,0.5,6x6 only,0.3546776644234464,0.3870203694925201,0.3273237179482808,0.9659767150878538
test_213,0.5,5x5 only,0.42577327384071256,0.49084568439321563,0.375934829059327,0.9710350036620723
test_213,0.5,OR (6x6 | 5x5),0.4124621899574032,0.3770183587697666,0.45526175213614417,0.9629516601562133
test_213,0.5,confidence blend,0.3959375700094123,0.44909368117830073,0.3540331196576469,0.9691429138183224
test_213,0.25,6x6 only,0.3653629059032038,0.3633601901989653,0.3673878205123299,0.9635429382323851
test_213,0.25,5x5 only,0.4306763962949546,0.45372560614953616,0.4098557692302219,0.9690475463866818
test_213,0.25,OR (6x6 | 5x5),0.40304602141021795,0.34342674440441656,0.4877136752130239,0.9587326049804321
test_213,0.25,confidence blend,0.41099290780117553,0.36863867684439283,0.4643429487173286,0.9619827270507445
test_214,0.5,6x6 only,0.20479411179619814,0.29139541466134816,0.15787455911657883,0.9390029907226204
test_214,0.5,5x5 only,0.322139058498955,0.450178915496215,0.25080509124348194,0.9474868774413701
test_214,0.5,OR (6x6 | 5x5),0.3132471728593242,0.3309438470725969,0.2973470326634739,0.9351348876952768
test_214,0.5,confidence blend,0.24871954430125473,0.3309975793090445,0.199202576291827,0.9401283264159798
test_214,0.25,6x6 only,0.2334737227612921,0.2897068847985802,0.19552215917789026,0.9361267089843393
test_214,0.25,5x5 only,0.360889133829172,0.4499541914790999,0.30125747584703166,0.9469146728515263
test_214,0.25,OR (6x6 | 5x5),0.34153368794313627,0.3295081967210766,0.354470173286034,0.9319992065429331
test_214,0.25,confidence blend,0.3229512681228954,0.3293217502189134,0.31682257322472257,0.9339103698730112
test_215,0.5,6x6 only,0.5783461876397751,0.6038735983677801,0.5548894717112123,0.9835243225097281
test_215,0.5,5x5 only,0.31260984182742463,0.3778544875189117,0.26657924316173365,0.9761276245116814
test_215,0.5,OR (6x6 | 5x5),0.5215230460917663,0.45579375087507945,0.6094042712615035,0.9772300720214471
test_215,0.5,confidence blend,0.5474107591749146,0.5908400260460368,0.5099288122882917,0.9828300476073843
test_215,0.25,6x6 only,0.5635466243605115,0.5321238348859318,0.5989134507294888,0.9811096191405875
test_215,0.25,5x5 only,0.3313503866742699,0.35193765796050563,0.313038591232085,0.9742736816405878
test_215,0.25,OR (6x6 | 5x5),0.4943153732077577,0.3966904680943027,0.6556762832509261,0.9726829528808222
test_215,0.25,confidence blend,0.5177255449534421,0.4418112008467605,0.6251405020595258,0.9762840270995721
test_216,0.5,6x6 only,0.6080148910540851,0.7579852579842233,0.5075868372938687,0.9726867675780878
test_216,0.5,5x5 only,0.5691836166059798,0.72905067808604,0.4668190127966482,0.970508575439416
test_216,0.5,OR (6x6 | 5x5),0.620736765064347,0.6657247514383404,0.581444241315739,0.9703483581542598
test_216,0.5,confidence blend,0.6009720127363829,0.7727338026134568,0.49168190127925804,0.9727516174316034
test_216,0.25,6x6 only,0.6300765004874312,0.7187536605356463,0.560877513710639,0.9725151062011347
test_216,0.25,5x5 only,0.5754627181382467,0.6826850690079264,0.49734917733044115,0.9693756103515255
test_216,0.25,OR (6x6 | 5x5),0.6217855849327137,0.6159849300317402,0.6276965265076528,0.9681320190429318
test_216,0.25,confidence blend,0.6221092025714317,0.6547162189450063,0.5925959780616155,0.9699554443359004
test_217,0.5,6x6 only,0.756414172266052,0.7787735849050481,0.7353028503557487,0.9756622314452752
test_217,0.5,5x5 only,0.7712761961989141,0.7805990573203735,0.7621733966740185,0.9767684936523064
test_217,0.5,OR (6x6 | 5x5),0.7532128230473262,0.7182197683808792,0.7917903800469182,0.9733352661132441
test_217,0.5,confidence blend,0.7869348253437218,0.8018489984585502,0.7725653206645097,0.9785003662109001
test_217,0.25,6x6 only,0.7451481103163778,0.7326398852218561,0.7580908551063256,0.9733505249023066
test_217,0.25,5x5 only,0.7641795352862014,0.7434709351300594,0.786074821852148,0.9750671386718378
test_217,0.25,OR (6x6 | 5x5),0.7359806001816254,0.6736543560018042,0.8110154394293267,0.9700965881347285
test_217,0.25,confidence blend,0.7480317691531412,0.7020376277581524,0.8004750593818286,0.9722862243651973
test_218,0.5,6x6 only,0.3959193891598473,0.5576516220018377,0.3069085969335271,0.9631805419921508
test_218,0.5,5x5 only,0.4106358381500516,0.5078638833278412,0.3446535998444162,0.9611053466796508
test_218,0.5,OR (6x6 | 5x5),0.456632388074968,0.4912829682605148,0.42654764214978985,0.9600906372069946
test_218,0.5,confidence blend,0.4047736829084808,0.5579611319458609,0.31758199107285306,0.963279724121057
test_218,0.25,6x6 only,0.42135030045927807,0.5362927414509054,0.34698234038390546,0.9625320434569945
test_218,0.25,5x5 only,0.42971736204552907,0.48264602733041156,0.3872501455459079,0.9595909118651977
test_218,0.25,OR (6x6 | 5x5),0.4747489308536472,0.47025226082772936,0.47933242771154727,0.9583015441894165
test_218,0.25,confidence blend,0.45686425455455126,0.48491121037097185,0.43188433921945285,0.959629058837854
test_219,0.5,6x6 only,0.3905662665209224,0.38830620855890496,0.3928527869247556,0.9616546630859008
test_219,0.5,5x5 only,0.34875569575864657,0.33467877564711884,0.3640687888762482,0.957473754882776
test_219,0.5,OR (6x6 | 5x5),0.4307904050332133,0.3608069164262159,0.5344554213922009,0.955825805664026
test_219,0.5,confidence blend,0.4101913904483426,0.40614538498277597,0.41431881936771026,0.9627342224120726
test_219,0.25,6x6 only,0.3941113670841186,0.3653886226293338,0.4277350896445569,0.958866119384729
test_219,0.25,5x5 only,0.3568161024700733,0.31930263918289414,0.4043175997067882,0.9544105529784792
test_219,0.25,OR (6x6 | 5x5),0.42800468848596696,0.3394836587282132,0.5789730454926466,0.9515991210937137
test_219,0.25,confidence blend,0.4321136835997718,0.35788630904695123,0.5451884376136782,0.9551811218261353
test_22,0.5,6x6 only,0.7465972778218842,0.7795193312426546,0.716343383905592,0.9806823730468376
test_22,0.5,5x5 only,0.7227660703087607,0.7259517582091194,0.7196082197035533,0.9780693054198846
test_22,0.5,OR (6x6 | 5x5),0.7250612608595567,0.6763361316593164,0.7813520261179361,0.9764595031737908
test_22,0.5,confidence blend,0.7652208124320029,0.7842741935475964,0.7470712502393441,0.9817886352538687
test_22,0.25,6x6 only,0.7475054642208745,0.739841986455286,0.7553293643165399,0.9797286987304313
test_22,0.25,5x5 only,0.7179533375368354,0.6761112996261655,0.7653159208750092,0.976112365722619
test_22,0.25,OR (6x6 | 5x5),0.7045698702583651,0.618363794603555,0.8187055886299033,0.9727249145507441
test_22,0.25,confidence blend,0.7313544087338398,0.672960542241045,0.8008450163234099,0.9766273498534783
test_220,0.5,6x6 only,0.5461416240818714,0.5042823156221219,0.5955792825694525,0.9596824645995727
test_220,0.5,5x5 only,0.4588110985009749,0.3940575423498292,0.5490306265799859,0.9472465515136357
test_220,0.5,OR (6x6 | 5x5),0.4817121976681811,0.3832650348873722,0.6482157909519076,0.9431877136230109
test_220,0.5,confidence blend,0.5394957296389442,0.47854139480899044,0.6182448253248869,0.9570121765136353
test_220,0.25,6x6 only,0.5371373540385469,0.469882055602029,0.6268614779426553,0.9559974670409791
test_220,0.25,5x5 only,0.4419929600462888,0.36078199052111326,0.5703849395892382,0.9413414001464484
test_220,0.25,OR (6x6 | 5x5),0.4642638185278099,0.354140001968911,0.6737847710024596,0.9366645812987924
test_220,0.25,confidence blend,0.4816112679888131,0.3781790980976821,0.6629202959626647,0.9418754577636359
test_221,0.5,6x6 only,0.7254224628883934,0.7958891013378886,0.6664188918745118,0.9663429260253538
test_221,0.5,5x5 only,0.7889672867220048,0.8984004090271722,0.7032992166500638,0.9748992919921503
test_221,0.5,OR (6x6 | 5x5),0.7885426903286928,0.797299666841547,0.7799759849043513,0.9720916748046504
test_221,0.5,confidence blend,0.7935607228764592,0.8613510075645301,0.735662416375587,0.9744644165038691
test_221,0.25,6x6 only,0.7293363679921151,0.7657045840402655,0.6962662244835632,0.9655227661132444
test_221,0.25,5x5 only,0.800124746608202,0.8800768386382546,0.7334896220477252,0.9755516052245721
test_221,0.25,OR (6x6 | 5x5),0.7862866076661029,0.7682487725036725,0.8051918348671706,0.9707984924316035
test_221,0.25,confidence blend,0.7925402591456788,0.7929258241753703,0.7921550688999988,0.9723320007323848
test_222,0.5,6x6 only,0.5540357223600757,0.5858936043029457,0.5254637075152508,0.9699020385741817
test_222,0.5,5x5 only,0.5594996619334237,0.5895974349832684,0.5323255065931892,0.9701766967773067
test_222,0.5,OR (6x6 | 5x5),0.570111255888258,0.5352404253311985,0.6098423930517746,0.9672775268554318
test_222,0.5,confidence blend,0.5791031185974396,0.6171012734983419,0.5455130266961021,0.9717864990234004
test_222,0.25,6x6 only,0.5568971043911973,0.554999467574747,0.5588077624096077,0.9683609008788693
test_222,0.25,5x5 only,0.5580824257951323,0.5557682083991964,0.5604159965684996,0.9684219360351193
test_222,0.25,OR (6x6 | 5x5),0.5587271876459715,0.4957236568957106,0.6400771952389406,0.9640274047851194
test_222,0.25,confidence blend,0.5721061212387866,0.5305112699280461,0.6207783853322388,0.9669609069823849
test_223,0.5,6x6 only,0.5933572027117416,0.5585915088923131,0.6327376116972926,0.9592742919921509
test_223,0.5,5x5 only,0.6289789399395948,0.5794155888588384,0.6878147847273047,0.9618949890136351
test_223,0.5,OR (6x6 | 5x5),0.6247584782461774,0.5295346735935568,0.7617384240448726,0.9570312499999635
test_223,0.5,confidence blend,0.612635939927272,0.5624151045907617,0.6727051177898677,0.9600524902343384
test_223,0.25,6x6 only,0.5954614881080095,0.5390439820907696,0.6650690495526684,0.957565307617151
test_223,0.25,5x5 only,0.634703358274891,0.5632198376231586,0.7269699431350715,0.9607048034667602
test_223,0.25,OR (6x6 | 5x5),0.618911900690158,0.507162134108103,0.7938261575948059,0.9540939331054323
test_223,0.25,confidence blend,0.6213388435171303,0.5210407613177177,0.7694557270505528,0.9559593200683228
test_224,0.5,6x6 only,0.5182763931230102,0.6725122349097288,0.4215881781457168,0.9415321350097297
test_224,0.5,5x5 only,0.5285343907273057,0.6549742969453772,0.4430127320138861,0.9410362243651984
test_224,0.5,OR (6x6 | 5x5),0.6127654974867285,0.6497793569828358,0.5797412691105078,0.9453353881835577
test_224,0.5,confidence blend,0.5633700300243948,0.6923076923071763,0.474919466175551,0.9450798034667608
test_224,0.25,6x6 only,0.5530285175581685,0.6523945228326598,0.4799304596817099,0.9421234130859015
test_224,0.25,5x5 only,0.5441726869177637,0.6289738430579283,0.4795213989873296,0.9400672912597298
test_224,0.25,OR (6x6 | 5x5),0.6272414142435855,0.6214181763433425,0.6331748223139371,0.9438552856444952
test_224,0.25,confidence blend,0.6223280423278778,0.6447404483908102,0.6014214859126648,0.9455413818359014
test_225,0.5,6x6 only,0.4723562152130659,0.7610601833384595,0.34244978479165844,0.9674530029296505
test_225,0.5,5x5 only,0.43540514155524707,0.5509195717807427,0.3599354375893472,0.9602890014648071
test_225,0.5,OR (6x6 | 5x5),0.4875379334359049,0.5475472119783802,0.43938307030089724,0.9607048034667602
test_225,0.5,confidence blend,0.48243364151477336,0.7204703367170489,0.3626255380197609,0.9668998718261349
test_225,0.25,6x6 only,0.49800107404946714,0.7442482611008664,0.3741929698705396,0.9679069519042599
test_225,0.25,5x5 only,0.45748071979410926,0.5361532899487392,0.39894189383034523,0.9597473144530884
test_225,0.25,OR (6x6 | 5x5),0.49651075065989414,0.523568019092558,0.4721126255375967,0.9592666625976196
test_225,0.25,confidence blend,0.4994042891181,0.5593861209958192,0.45104017216602305,0.9615325927734008
test_226,0.5,6x6 only,0.4387712496269378,0.6176322418125648,0.34024051803853816,0.9641075134276975
test_226,0.5,5x5 only,0.4981513305210133,0.5698796616221018,0.442460684550932,0.9632377624511351
test_226,0.5,OR (6x6 | 5x5),0.5189571196635856,0.5363205684953254,0.5026827012021251,0.961570739746057
test_226,0.5,confidence blend,0.5068926553669453,0.6510885341064571,0.41498612395891304,0.966705322265588
test_226,0.25,6x6 only,0.453394321414373,0.5710271181669649,0.3759481961143608,0.9626197814941039
test_226,0.25,5x5 only,0.5039438664405981,0.5283612379497429,0.4816836262715248,0.9608955383300414
test_226,0.25,OR (6x6 | 5x5),0.5161346895823763,0.4905817636268623,0.5444958371872853,0.9579010009765259
test_226,0.25,confidence blend,0.5229615745077212,0.5299145299140267,0.516188714153084,0.9611663818359008
test_227,0.5,6x6 only,0.5318165001848156,0.8053973293483935,0.3969715101024546,0.9420700073241828
test_227,0.5,5x5 only,0.6264582495257094,0.83372848948311,0.5017259630871719,0.9504089355468387
test_227,0.5,OR (6x6 | 5x5),0.6760912567583606,0.7917593278967187,0.5899111704328301,0.953151702880823
test_227,0.5,confidence blend,0.5739680267237611,0.8153546309627867,0.4428591153861818,0.9455108642577764
test_227,0.25,6x6 only,0.5620603384840142,0.7795558458517475,0.43945321489370853,0.9432411193847297
test_227,0.25,5x5 only,0.6479041916165902,0.7927795910205869,0.5477976711002219,0.9506530761718387
test_227,0.25,OR (6x6 | 5x5),0.6941310937731218,0.7542523894374673,0.6428867307954881,0.9530410766601198
test_227,0.25,confidence blend,0.6786578858316166,0.7810665068898854,0.5999907948632577,0.952907562255823
test_228,0.5,6x6 only,0.744712311153491,0.748804137038463,0.7406649616358815,0.9848518371581655
test_228,0.5,5x5 only,0.7649231182429564,0.8053159903848363,0.7283887468021376,0.9866447448730092
test_228,0.5,OR (6x6 | 5x5),0.7413361914965217,0.6936706039662428,0.7960358056255805,0.9834289550780875
test_228,0.5,confidence blend,0.7835051546386507,0.8221410508558273,0.7483375959069715,0.987663269042931
test_228,0.25,6x6 only,0.739182837169616,0.6989970366985422,0.7842710997432426,0.9834899902343375
test_228,0.25,5x5 only,0.7631277813091143,0.7587863463960066,0.7675191815846962,0.9857864379882436
test_228,0.25,OR (6x6 | 5x5),0.7167764432386579,0.631892261148988,0.8280051150884552,0.9804801940917595
test_228,0.25,confidence blend,0.7431450667912215,0.6857698961930301,0.8109974424542059,0.9832763671874625
test_229,0.5,6x6 only,0.5870284018649482,0.8456277479227582,0.44955200623266484,0.9628372192382445
test_229,0.5,5x5 only,0.5889843998724176,0.7608472136533406,0.48045708349533794,0.9606018066405884
test_229,0.5,OR (6x6 | 5x5),0.6215733242079686,0.7499770621151023,0.5307102973636341,0.9620323181151976
test_229,0.5,confidence blend,0.5943726112057435,0.7951479547423899,0.47454875990100337,0.9619445800780883
test_229,0.25,6x6 only,0.6005502854089768,0.8170745334665134,0.47474353979971773,0.9628944396972289
test_229,0.25,5x5 only,0.611208539839645,0.7403029183591242,0.5204518893646796,0.9610977172851195
test_229,0.25,OR (6x6 | 5x5),0.636433232473976,0.725662981128335,0.5667445786257844,0.9619560241698851
test_229,0.25,confidence blend,0.6292557999395039,0.749237668160763,0.5423970912864937,0.9624481201171508
test_23,0.5,6x6 only,0.466856570944286,0.42146232971862463,0.523209663502117,0.9735832214355097
test_23,0.5,5x5 only,0.4944603703412919,0.4486782902130924,0.5506471095762715,0.9751091003417597
test_23,0.5,OR (6x6 | 5x5),0.4641784641781797,0.35991256415095996,0.6534943917158698,0.9666481018066037
test_23,0.5,confidence blend,0.48151292937052753,0.4356145251390564,0.5382226056936356,0.9743766784667597
test_23,0.25,6x6 only,0.4672795369421401,0.38593925759236675,0.5920621225183916,0.9701576232909785
test_23,0.25,5x5 only,0.4874207261826696,0.40881458966517553,0.6034512510774747,0.971942901611291
test_23,0.25,OR (6x6 | 5x5),0.4463307188135563,0.3240502379278227,0.7168248490065283,0.9606857299804321
test_23,0.25,confidence blend,0.4545132325139092,0.34554926794184354,0.6638481449513998,0.9647750854491819
test_230,0.5,6x6 only,0.37752914574328916,0.2688077614685448,0.6339250493090395,0.9191398620605118
test_230,0.5,5x5 only,0.5855359001037536,0.6197136563869826,0.5549309664688807,0.9696121215819942
test_230,0.5,OR (6x6 | 5x5),0.39422889452123944,0.2746962698442438,0.6979289940821519,0.9170341491698869
test_230,0.5,confidence blend,0.37732711778842093,0.2699350014867794,0.6266272189342932,0.920001983642543
test_230,0.25,6x6 only,0.373891529758326,0.2603259396894436,0.6632149901374129,0.9140815734862933
test_230,0.25,5x5 only,0.5965483234711062,0.596548323470812,0.596548323470812,0.9687881469726193
test_230,0.25,OR (6x6 | 5x5),0.38736588053191656,0.26387647878756787,0.7281065088750215,0.9109153747558246
test_230,0.25,confidence blend,0.3862647106237879,0.2654553512075244,0.7088757396442713,0.9128646850585589
test_231,0.5,6x6 only,0.6056618635034028,0.6824684139076094,0.5443944694314973,0.9675331115722287
test_231,0.5,5x5 only,0.5912031696671893,0.7429723937971222,0.4909212060632259,0.9689064025878537
test_231,0.5,OR (6x6 | 5x5),0.6645990985400221,0.6599326599321179,0.6693320006657759,0.9690589904784787
test_231,0.5,confidence blend,0.6289319847821152,0.7098868873054985,0.5645510578039609,0.9694900512694942
test_231,0.25,6x6 only,0.6183400738523745,0.6547197914721143,0.5857904381137883,0.9668807983398068
test_231,0.25,5x5 only,0.6063694267513062,0.6993143976486023,0.5352323838076501,0.9681739807128537
test_231,0.25,OR (6x6 | 5x5),0.6642451408475349,0.6195487637853243,0.7158920539724172,0.9668540954589474
test_231,0.25,confidence blend,0.6665313907712079,0.6499406410758607,0.6839913376639313,0.9686546325683224
test_232,0.5,6x6 only,0.507787465533566,0.40319526627171215,0.6856510364244603,0.9748039245605097
test_232,0.5,5x5 only,0.5246494144856696,0.4093626621540785,0.7303280338081499,0.9749145507812128
test_232,0.5,OR (6x6 | 5x5),0.48875599576372714,0.35393359797874957,0.7894948681811441,0.9686927795409787
test_232,0.5,confidence blend,0.5525388905191132,0.43480771451618566,0.7576977258990588,0.9767379760741814
test_232,0.25,6x6 only,0.49827228749101704,0.379433743816041,0.7254980881450483,0.9723052978515254
test_232,0.25,5x5 only,0.501952336070754,0.3771370763779695,0.7502515596684438,0.9717788696288692
test_232,0.25,OR (6x6 | 5x5),0.46459412780629555,0.3253769857266951,0.8120346146089514,0.9645233154296506
test_232,0.25,confidence blend,0.48699474905331114,0.34954860198058585,0.8025759710187109,0.9679489135741818
test_233,0.5,6x6 only,0.5404973953955047,0.46414141414107923,0.6469227674973381,0.9582748413085571
test_233,0.5,5x5 only,0.5448910846617808,0.49233016800544405,0.6100160901039722,0.9613456726073851
test_233,0.5,OR (6x6 | 5x5),0.5403593355679911,0.43197831978293766,0.7213395012060324,0.9534492492675417
test_233,0.5,confidence blend,0.5446485117160461,0.4693981515170152,0.6486323411095649,0.9588584899901977
test_233,0.25,6x6 only,0.5384494540882341,0.44174507024072573,0.6893604183420259,0.9551696777343385
test_233,0.25,5x5 only,0.5430576955998361,0.47272727272692044,0.6379726468215627,0.9592742919921509
test_233,0.25,OR (6x6 | 5x5),0.5315534837728109,0.409622816088603,0.7568382944481528,0.9493980407714481
test_233,0.25,confidence blend,0.5404329068178987,0.4266666666664182,0.736926790023394,0.9524574279784792
test_234,0.5,6x6 only,0.5643094247655093,0.692553630362322,0.4761398284049662,0.9604454040526977
test_234,0.5,5x5 only,0.6321343698390333,0.7317232375972289,0.5564064383460565,0.96516036987301
test_234,0.5,OR (6x6 | 5x5),0.6430198503089116,0.6560424966794628,0.6305041480531585,0.9623374938964476
test_234,0.5,confidence blend,0.6137125772693572,0.7132794891052655,0.5385378997372626,0.9635276794433226
test_234,0.25,6x6 only,0.5844432185355093,0.6577383592011904,0.5258455647730795,0.9597702026366821
test_234,0.25,5x5 only,0.6500970578157613,0.701725554641987,0.6055449195202399,0.9649314880370725
test_234,0.25,OR (6x6 | 5x5),0.6486723870006592,0.6194593199557265,0.6807771396152018,0.9603271484374634
test_234,0.25,confidence blend,0.6466394750840054,0.6468918535334609,0.6463872934831976,0.9619941711425414
test_235,0.5,6x6 only,0.38380337167145434,0.5392561983463117,0.297920913167307,0.9552421569823853
test_235,0.5,5x5 only,0.5138368705781763,0.7097284092531834,0.4026905829593129,0.9643478393554319
test_235,0.5,OR (6x6 | 5x5),0.5204220867822612,0.5885196996187753,0.4664492458210628,0.9597778320312134
test_235,0.5,confidence blend,0.4674191893276206,0.6304498269887467,0.3713819812471493,0.9604034423827759
test_235,0.25,6x6 only,0.41468234364172774,0.5261376457308184,0.3421932327759134,0.9548034667968386
test_235,0.25,5x5 only,0.5300837026092909,0.6691112492222883,0.4388911536890021,0.9635925292968383
test_235,0.25,OR (6x6 | 5x5),0.5295596948124421,0.554841014647593,0.5064818589478137,0.9578971862792602
test_235,0.25,confidence blend,0.5233669913320868,0.5789265592561244,0.47753770892745406,0.9593048095702759
test_236,0.5,6x6 only,0.505952748133671,0.39292900258657376,0.7102528576364561,0.9694480895995724
test_236,0.5,5x5 only,0.5672365557969741,0.4424401125007832,0.790093522686543,0.9734458923339472
test_236,0.5,OR (6x6 | 5x5),0.5264996452155851,0.3843946760178653,0.8352961551769392,0.9669075012206662
test_236,0.5,confidence blend,0.5633302724208367,0.43565950194069153,0.7968479390356826,0.9727897644042597
test_236,0.25,6x6 only,0.4954443871408541,0.37021495247035174,0.7487010737777127,0.966411590576135
test_236,0.25,5x5 only,0.5460976458306006,0.41047768479741065,0.8155524766179156,0.9701385498046504
test_236,0.25,OR (6x6 | 5x5),0.5006578281547917,0.35366028023995305,0.8567717353639475,0.9623565673827758
test_236,0.25,confidence blend,0.520804364102834,0.3767409470749174,0.8432629026656681,0.9658203124999631
test_237,0.5,6x6 only,0.6128816038019542,0.6890929021640325,0.5518490069125953,0.9757652282714471
test_237,0.5,5x5 only,0.6047814940674865,0.6621409921662375,0.5565675408750613,0.9747123718261347
test_237,0.5,OR (6x6 | 5x5),0.6329723225026772,0.604899999999395,0.6637770218362078,0.9732398986816034
test_237,0.5,confidence blend,0.6477352137725381,0.7691611345794068,0.5594206079221338,0.978847503662072
test_237,0.25,6x6 only,0.6345859547692373,0.6562719812419034,0.6142872819042968,0.9754066467284783
test_237,0.25,5x5 only,0.6111080771117846,0.6082844096536113,0.6139580818604038,0.9728355407714472
test_237,0.25,OR (6x6 | 5x5),0.6292861558945027,0.5553130770517414,0.7259958301319807,0.970264434814416
test_237,0.25,confidence blend,0.6414086965446679,0.602643256800499,0.6855042247331443,0.9733543395995722
test_238,0.5,6x6 only,0.4346043460430149,0.5487962723257862,0.359748854572612,0.9789581298827751
test_238,0.5,5x5 only,0.37982415548322085,0.4177524429958922,0.34820974036933955,0.9744377136230097
test_238,0.5,OR (6x6 | 5x5),0.45267821184015083,0.43084943268869846,0.4768369251646414,0.9740791320800409
test_238,0.5,confidence blend,0.40086376128739604,0.4754365541316055,0.3465128118100348,0.9767150878905877
test_238,0.25,6x6 only,0.466012084591705,0.5252181315162264,0.41880196843641815,0.9784240722655876
test_238,0.25,5x5 only,0.3924999999996729,0.385623055509439,0.3996266757162742,0.9721908569335567
test_238,0.25,OR (6x6 | 5x5),0.46310029519730495,0.40220110054977215,0.5457322246724152,0.9715538024901973
test_238,0.25,confidence blend,0.46021742555501793,0.42949566240195636,0.49567283217292435,0.9738616943359003
test_239,0.5,6x6 only,0.6598599766622959,0.6506543937859188,0.6693297825112157,0.9822082519530875
test_239,0.5,5x5 only,0.5705916813118722,0.5094142259408305,0.6484687083878555,0.9748344421386347
test_239,0.5,OR (6x6 | 5x5),0.5719792092503814,0.4725009648779694,0.7245154608659202,0.9720420837401973
test_239,0.5,confidence blend,0.6379721239252993,0.6231659142203397,0.6534990383183111,0.9808769226073845
test_239,0.25,6x6 only,0.6572226384249422,0.6089096415943855,0.7138629974837789,0.980800628662072
test_239,0.25,5x5 only,0.5665385539271159,0.4768017790351998,0.6978843024105669,0.9724655151366816
test_239,0.25,OR (6x6 | 5x5),0.5574942639130476,0.4359873143044266,0.7728953987264789,0.9683647155761349
test_239,0.25,confidence blend,0.573590963820553,0.46826436996773235,0.7400503032982098,0.9716300964355098
test_24,0.5,6x6 only,0.5251751670192886,0.5936636581311592,0.4708546384215181,0.9777679443359002
test_24,0.5,5x5 only,0.48125455871591444,0.4805535324100793,0.48195763330828056,0.9728698730468378
test_24,0.5,OR (6x6 | 5x5),0.4937958976953065,0.4357055077640088,0.5697589481364942,0.9694976806640254
test_24,0.5,confidence blend,0.5477374231056309,0.6471525288716704,0.4747991234470785,0.9795265197753532
test_24,0.25,6x6 only,0.5377083489045984,0.550505050504208,0.5254930606274281,0.9764060974120721
test_24,0.25,5x5 only,0.48779535246990313,0.4398919934251703,0.5474068663249856,0.9699821472167598
test_24,0.25,OR (6x6 | 5x5),0.4849850695811116,0.39471753484923444,0.6287801314819156,0.965129852294885
test_24,0.25,confidence blend,0.5018041557792076,0.4369920901501387,0.5891891891883284,0.969451904296838
test_240,0.5,6x6 only,0.42020958083816606,0.5559516735981819,0.3377451570206126,0.9409027099609015
test_240,0.5,5x5 only,0.3798955613575646,0.4781814862146447,0.3151245337502616,0.9347686767577768
test_240,0.5,OR (6x6 | 5x5),0.49683025636252687,0.5111676741963022,0.48327517747534393,0.9379310607909798
test_240,0.5,confidence blend,0.43075780089137045,0.563021946008387,0.3488148237273801,0.9415435791015265
test_240,0.25,6x6 only,0.4498991971136951,0.5458758904810351,0.38262543616870254,0.9406700134276984
test_240,0.25,5x5 only,0.41032032065734436,0.46613606795709334,0.3664420647332653,0.9332160949706675
test_240,0.25,OR (6x6 | 5x5),0.5180587880353653,0.4958473131288181,0.5423535073995053,0.9360160827636361
test_240,0.25,confidence blend,0.5018108774384449,0.5077918078222927,0.49596919744886536,0.9375572204589485
test_241,0.5,6x6 only,0.661754547547397,0.5886931585409784,0.7555205047308682,0.9775848388671502
test_241,0.5,5x5 only,0.728849335386657,0.6438867049686081,0.839642481597214,0.9818687438964468
test_241,0.5,OR (6x6 | 5x5),0.6623647172396411,0.5398823821746542,0.8567297581481904,0.9746513366698847
test_241,0.5,confidence blend,0.6975831323946068,0.6083129584346129,0.8175604626697982,0.979427337646447
test_241,0.25,6x6 only,0.6359976380908068,0.5375192813714386,0.7786540483691132,0.9741325378417597
test_241,0.25,5x5 only,0.7049597057706176,0.5989339215140161,0.8565983175593368,0.9791908264159782
test_241,0.25,OR (6x6 | 5x5),0.6232121922623103,0.4844353721655723,0.8734227129326059,0.9693489074706662
test_241,0.25,confidence blend,0.6421424367271718,0.5122065727695523,0.8604100946360931,0.9721679687499629
test_242,0.5,6x6 only,0.6096359156854596,0.5401406742658742,0.6996544140740395,0.9673614501952755
test_242,0.5,5x5 only,0.6150515843770196,0.5489599605356006,0.6992355220434608,0.9681167602538693
test_242,0.5,OR (6x6 | 5x5),0.6184166942693696,0.5114017667599046,0.7820714210903946,0.9648437499999631
test_242,0.5,confidence blend,0.6321134492220347,0.5612054260412954,0.7235312598170242,0.9693222045898068
test_242,0.25,6x6 only,0.6056689928488819,0.5144529820706077,0.7362027437420292,0.9650802612304319
test_242,0.25,5x5 only,0.6203411790107448,0.5278553579299369,0.7521206409040191,0.9664649963378538
test_242,0.25,OR (6x6 | 5x5),0.6088435374147306,0.4825093426450514,0.82479840820942,0.9613952636718383
test_242,0.25,confidence blend,0.6182762960254056,0.5048395651017602,0.7974657032141611,0.9641304016112913
test_243,0.5,6x6 only,0.42439916734976063,0.584941749259981,0.3330033656698347,0.965190887451135
test_243,0.5,5x5 only,0.48986399794682456,0.6959533357624937,0.3779449613934093,0.9696655273437129
test_243,0.5,OR (6x6 | 5x5),0.5131176213377169,0.5728581889180219,0.46466046327413907,0.9660186767577756
test_243,0.5,confidence blend,0.4723407047703443,0.7006034650560626,0.3562660859232268,0.9693260192870724
test_243,0.25,6x6 only,0.43289728682144324,0.5575663026512363,0.35379132844946165,0.9642791748046506
test_243,0.25,5x5 only,0.4990918997454298,0.6424563591012431,0.4080380122743931,0.9684371948241818
test_243,0.25,OR (6x6 | 5x5),0.5173068047789768,0.5366528354074511,0.49930706790685075,0.964092254638635
test_243,0.25,confidence blend,0.5163671896202614,0.5717033297264433,0.47079786180907657,0.96601486206051
test_244,0.5,6x6 only,0.4207806337546438,0.35502008032087773,0.5164413286587941,0.9675064086913693
test_244,0.5,5x5 only,0.4155288491786223,0.33346798626506413,0.5511600734425786,0.9645652770995725
test_244,0.5,OR (6x6 | 5x5),0.4151303956832199,0.3129395813911423,0.6164246369544042,0.9603042602538696
test_244,0.5,confidence blend,0.413353891532873,0.3453954738960952,0.5146052411942671,0.9666175842284787
test_244,0.25,6x6 only,0.41520056298354857,0.3366182572610616,0.5416458020354838,0.965129852294885
test_244,0.25,5x5 only,0.4084286294767467,0.31310074759673096,0.587214154564201,0.9611244201659789
test_244,0.25,OR (6x6 | 5x5),0.40591593149952987,0.29452519014963885,0.6528125521604861,0.9563293457030885
test_244,0.25,confidence blend,0.4134096664095489,0.30841889117017784,0.6267734935726477,0.9593505859374634
test_245,0.5,6x6 only,0.2724269819190956,0.37731760173277795,0.21316827642468622,0.9680709838866818
test_245,0.5,5x5 only,0.2926594464498254,0.3566679702769717,0.24812950618929652,0.9663658142089475
test_245,0.5,OR (6x6 | 5x5),0.32495511669636445,0.32996774645865945,0.3200925044207317,0.9627075195312133
test_245,0.5,confidence blend,0.32707587531622534,0.4566065333972292,0.25479526594986424,0.970600128173791
test_245,0.25,6x6 only,0.2973122968363614,0.356328392245617,0.2550673377768262,0.9661903381347288
test_245,0.25,5x5 only,0.30205041522723447,0.32848465473093275,0.27955380220340154,0.9637718200683225
test_245,0.25,OR (6x6 | 5x5),0.3265758826789534,0.29849065104719696,0.36049517072458104,0.9583091735839477
test_245,0.25,confidence blend,0.33278822567434396,0.33337883958998854,0.33219970072053845,0.9626464843749633
test_246,0.5,6x6 only,0.6626492702340432,0.6693098056726945,0.6561199912407968,0.976722717285119
test_246,0.5,5x5 only,0.6771058914983191,0.6869859154921836,0.6675060214575569,0.9778175354003533
test_246,0.5,OR (6x6 | 5x5),0.6422297136885038,0.5670327827613255,0.7404204072687317,0.9712562561034785
test_246,0.5,confidence blend,0.6903997342483167,0.6983646953397196,0.6826144077067192,0.9786682128905876
test_246,0.25,6x6 only,0.663932724252147,0.6312931885482416,0.7001313772709654,0.9753036499023064
test_246,0.25,5x5 only,0.6742271244365003,0.6396777046274543,0.7127216991452674,0.9760017395019158
test_246,0.25,OR (6x6 | 5x5),0.6242272787055003,0.5205850091403871,0.7793956645491795,0.9673042297362912
test_246,0.25,confidence blend,0.6448005963470719,0.5612327656118724,0.7576089336536482,0.9709167480468379
test_247,0.5,6x6 only,0.5442136498513629,0.5255014326642545,0.5643076923071135,0.9648437499999631
test_247,0.5,5x5 only,0.5934951163021883,0.5828718354424615,0.6045128205122005,0.9692001342773068
test_247,0.5,OR (6x6 | 5x5),0.5584256915958816,0.48595078979306955,0.6563076923070191,0.9613952636718383
test_247,0.5,confidence blend,0.5529566873379789,0.5277285860746316,0.580717948717353,0.9650764465331663
test_247,0.25,6x6 only,0.5411579726227612,0.4927572848235702,0.6001025641019485,0.962150573730432
test_247,0.25,5x5 only,0.5960092539037034,0.562193126022402,0.6341538461531957,0.9680252075194943
test_247,0.25,OR (6x6 | 5x5),0.5516366612109036,0.458883594281512,0.6913846153839062,0.9581985473632446
test_247,0.25,confidence blend,0.5555223498268559,0.47582827470161937,0.6672820512813669,0.9602851867675415
test_248,0.5,6x6 only,0.7827873283593995,0.6772051258061199,0.9273728704996447,0.9846725463866811
test_248,0.5,5x5 only,0.7403799839439441,0.6358705644414084,0.8859997438185142,0.9814949035644156
test_248,0.5,OR (6x6 | 5x5),0.6894255568578244,0.5437934605706881,0.9415908799782995,0.9747352600097284
test_248,0.5,confidence blend,0.7900021829290602,0.6882190738797297,0.9271166901486779,0.9853210449218374
test_248,0.25,6x6 only,0.7552072592283176,0.6319786003963828,0.9381324452402483,0.981887817382775
test_248,0.25,5x5 only,0.7071342925655939,0.5796543533454176,0.9064941718958544,0.977638244628869
test_248,0.25,OR (6x6 | 5x5),0.6497860822489087,0.49288032319988545,0.9532470859472868,0.9693984985351193
test_248,0.25,confidence blend,0.6839301431413888,0.5357039187223979,0.9455616754182842,0.9739723205566034
test_249,0.5,6x6 only,0.6766414141409869,0.776329132260211,0.599641938009847,0.9804611206054313
test_249,0.5,5x5 only,0.6610138913941541,0.7145085803422848,0.614971466934525,0.9784965515136345
test_249,0.5,OR (6x6 | 5x5),0.7020940984494413,0.683107535985729,0.7221662750355575,0.9791069030761345
test_249,0.5,confidence blend,0.7239090350333596,0.8030819582697354,0.6589459550177252,0.982864379882775
test_249,0.25,6x6 only,0.6825215244742714,0.7387904066726554,0.6342172988691571,0.979885101318322
test_249,0.25,5x5 only,0.6669330897461366,0.6808485837502263,0.6535750251755023,0.9777450561523064
test_249,0.25,OR (6x6 | 5x5),0.6930356959157016,0.6413136601612172,0.7538323822303302,0.9772338867187127
test_249,0.25,confidence blend,0.7035820091566368,0.6783340257575007,0.7307821416574568,0.9790077209472282
test_25,0.5,6x6 only,0.5236859914276315,0.45797987768745513,0.6114037397937696,0.9677810668944943
test_25,0.5,5x5 only,0.48746955345034504,0.4138406396467109,0.59296813273559,0.96387863159176
test_25,0.5,OR (6x6 | 5x5),0.49840631589246387,0.39706227048957177,0.6692125362119183,0.9609794616698851
test_25,0.5,confidence blend,0.5235378031380865,0.44873965387467196,0.628259151961248,0.9668731689452755
test_25,0.25,6x6 only,0.5265841610450276,0.44128905902213006,0.6527521727671152,0.9659996032714475
test_25,0.25,5x5 only,0.49089974293033883,0.4026653171386617,0.6286542006839233,0.9622268676757445
test_25,0.25,OR (6x6 | 5x5),0.49314440317306685,0.37831562653881773,0.7080589939416538,0.9578361511230103
test_25,0.25,confidence blend,0.5052530120479493,0.3984493767099434,0.6902818014212664,0.960838317871057
test_250,0.5,6x6 only,0.6386149463069041,0.6921615201892016,0.5927583401133109,0.9748382568359003
test_250,0.5,5x5 only,0.6007669795132704,0.5961345884231963,0.6054719283964549,0.9698181152343379
test_250,0.5,OR (6x6 | 5x5),0.6098849273719062,0.5685895181141676,0.6576484947104784,0.968444824218713
test_250,0.5,confidence blend,0.6382666177007301,0.6591179976154955,0.6186940602109248,0.9736976623534784
test_250,0.25,6x6 only,0.6408984068944158,0.6587565768273823,0.6239829129367127,0.9737739562987909
test_250,0.25,5x5 only,0.5984177365102097,0.5600780349378734,0.6423921887707054,0.9676628112792599
test_250,0.25,OR (6x6 | 5x5),0.601431348294486,0.5316307403932118,0.6923311635468955,0.9655838012694944
test_250,0.25,confidence blend,0.6144924846907522,0.5649095871711319,0.6736167615941073,0.9682998657226193
test_251,0.5,6x6 only,0.6431204342868151,0.705277083638534,0.5910322739583752,0.9796867370605095
test_251,0.5,5x5 only,0.6221158566515573,0.619833700170433,0.6244148805116724,0.976509094238244
test_251,0.5,OR (6x6 | 5x5),0.6233038510132267,0.5625185919677119,0.6988174427190209,0.9738426208495722
test_251,0.5,confidence blend,0.6568331943816733,0.6850836120392173,0.630820399112305,0.9795875549316032
test_251,0.25,6x6 only,0.6369176082260778,0.657019381874467,0.6180093619110396,0.9781799316405877
test_251,0.25,5x5 only,0.6278481012654615,0.5890736342036395,0.6720867208663808,0.9753265380859002
test_251,0.25,OR (6x6 | 5x5),0.609257265876975,0.5217276797467107,0.7320768662223059,0.9709205627441035
test_251,0.25,confidence blend,0.6224921375118628,0.5559860519173228,0.7070707070698361,0.9734420776366816
test_252,0.5,6x6 only,0.24649596742600696,0.2805704099816746,0.21980170367236448,0.9632911682128539
test_252,0.5,5x5 only,0.33761164902774327,0.3649789029529942,0.3140622818037787,0.9663352966308225
test_252,0.5,OR (6x6 | 5x5),0.330753256560109,0.3010309278347067,0.3669878508583061,0.9594306945800415
test_252,0.5,confidence blend,0.28105095541378894,0.326912391182947,0.24647395615103132,0.9655532836913694
test_252,0.25,6x6 only,0.2524024872807713,0.25547132026855174,0.24940650747067533,0.9596405029296509
test_252,0.25,5x5 only,0.34816351107222304,0.3341895710244873,0.36335707303398496,0.9628334045409789
test_252,0.25,OR (6x6 | 5x5),0.33278182219262475,0.2749977212649029,0.4213098729221878,0.9538497924804323
test_252,0.25,confidence blend,0.3251111517142791,0.28829120760392274,0.3727133081966587,0.9577293395995728
test_253,0.5,6x6 only,0.29464421180375155,0.23889777340356882,0.384326142884654,0.9645309448241819
test_253,0.5,5x5 only,0.4426258359728593,0.39851053715671286,0.4977241242816194,0.975837707519494
test_253,0.5,OR (6x6 | 5x5),0.3557984213719758,0.25663484277808823,0.5798535523439939,0.9595260620116821
test_253,0.5,confidence blend,0.3293842328504246,0.2612225959862415,0.4456758361360664,0.9650192260741819
test_253,0.25,6x6 only,0.2853853447106289,0.21692576958692789,0.41698001187330896,0.9597473144530884
test_253,0.25,5x5 only,0.4399388526828868,0.37066160520557123,0.5410647140301977,0.9734458923339472
test_253,0.25,OR (6x6 | 5x5),0.3373351913386551,0.2313120176404033,0.6227983376199826,0.9528350830077761
test_253,0.25,confidence blend,0.34132757444854434,0.23941640755780957,0.5943004155935201,0.9557876586913697
test_254,0.5,6x6 only,0.5461689587424595,0.4920634920632111,0.6136428367981959,0.9453659057616827
test_254,0.5,5x5 only,0.6465504825001273,0.653991841491365,0.6392765593843355,0.9625549316405883
test_254,0.5,OR (6x6 | 5x5),0.5960039676914848,0.4950331905275199,0.748718313870159,0.9456214904784795
test_254,0.5,confidence blend,0.5945180722889776,0.515191062852101,0.7027200227850308,0.9486465454101201
test_254,0.25,6x6 only,0.5417953870608135,0.4680520288125263,0.6431216177722564,0.9417228698730109
test_254,0.25,5x5 only,0.6417962485180106,0.6287744227349168,0.6553688407856342,0.960807800292932
test_254,0.25,OR (6x6 | 5x5),0.5806642941872694,0.4672422769869545,0.7668043292503797,0.9406661987304328
test_254,0.25,confidence blend,0.5845212164656912,0.47694038245197884,0.7547707205918863,0.9425163269042609
test_255,0.5,6x6 only,0.6370727231013852,0.6658407928383425,0.6106875824654664,0.9637908935546506
test_255,0.5,5x5 only,0.667493708573825,0.6462150847569513,0.6902213751644258,0.964214324951135
test_255,0.5,OR (6x6 | 5x5),0.6776001007300814,0.5937879289415239,0.7889605629667285,0.960929870605432
test_255,0.5,confidence blend,0.6915763382780172,0.69811038912488,0.6851634657669805,0.9681968688964474
test_255,0.25,6x6 only,0.6434795289654587,0.6400957423655327,0.6468992816297853,0.9626960754394164
test_255,0.25,5x5 only,0.6586802030454624,0.6117676640680086,0.7133851341440306,0.9615249633788695
test_255,0.25,OR (6x6 | 5x5),0.6616599612574395,0.5574750163207164,0.8137369887107361,0.9566917419433228
test_255,0.25,confidence blend,0.6814949406344784,0.5950544340496772,0.7973171089277251,0.9612159729003539
test_256,0.5,6x6 only,0.72863543788128,0.6844199571461824,0.7789583696206602,0.9872932434081654
test_256,0.5,5x5 only,0.6548129981601357,0.5846448610913033,0.744121233233332,0.9828186035155875
test_256,0.5,OR (6x6 | 5x5),0.6542730299662498,0.5436311239186816,0.8214596760132008,0.9809875488280876
test_256,0.5,confidence blend,0.714015151514588,0.6527196652710248,0.7880160250813656,0.9861755371093374
test_256,0.25,6x6 only,0.7072624028685689,0.6192594530935245,0.8244208326061236,0.9850540161132436
test_256,0.25,5x5 only,0.6431724334325479,0.5438892233587671,0.7867967253078091,0.9808807373046501
test_256,0.25,OR (6x6 | 5x5),0.6233388178707611,0.48951396481414416,0.8578644835379587,0.9772949218749627
test_256,0.25,confidence blend,0.6497816593882098,0.528871391075537,0.8423619578455978,0.9801139831542595
test_257,0.5,6x6 only,0.6490572749905291,0.6372685993701759,0.6612903225794468,0.9849472045898061
test_257,0.5,5x5 only,0.743244387970569,0.6977890885944047,0.7950344327640539,0.9884376525878529
test_257,0.5,OR (6x6 | 5x5),0.6838201907063085,0.5870582120574492,0.8187749184472295,0.9840621948241811
test_257,0.5,confidence blend,0.7686084142387912,0.7625758116290358,0.7747372236303466,0.9901809692382434
test_257,0.25,6x6 only,0.6357660542721761,0.5942028985497886,0.6835810076102146,0.9835128784179312
test_257,0.25,5x5 only,0.7250202429143926,0.6552985948468161,0.8113446901036402,0.9870452880858998
test_257,0.25,OR (6x6 | 5x5),0.6543201082693537,0.5390212416376727,0.8323667995635514,0.9814872741698843
test_257,0.25,confidence blend,0.683937043451552,0.5851050122399367,0.8229430953229016,0.9839897155761343
test_258,0.5,6x6 only,0.24050486781843208,0.7849786485787869,0.14200672543845222,0.9247093200683241
test_258,0.5,5x5 only,0.40110207830184663,0.7975111592035743,0.2679269290192366,0.932834625244105
test_258,0.5,OR (6x6 | 5x5),0.4532367180735345,0.769683110093902,0.32118513132767373,0.9349479675292611
test_258,0.5,confidence blend,0.3138249682912434,0.7747360887443644,0.1967645187675194,0.9277687072753552
test_258,0.25,6x6 only,0.2937016817497916,0.7580858710029165,0.1821321457783413,0.9264640808105115
test_258,0.25,5x5 only,0.44386169386155017,0.7717856338653774,0.31150595292178884,0.9344711303710581
test_258,0.25,OR (6x6 | 5x5),0.49734875873689527,0.7378866440186501,0.3750795237660751,0.9363555908202768
test_258,0.25,confidence blend,0.4596715731079334,0.7501285875930972,0.331364173407102,0.9346046447753549
test_259,0.5,6x6 only,0.6207847561736111,0.5322441960441399,0.7446616541342186,0.9769210815429314
test_259,0.5,5x5 only,0.5856972136608681,0.5034057735966013,0.7001503759387968,0.9748725891112909
test_259,0.5,OR (6x6 | 5x5),0.524480080180143,0.3933107854187198,0.7869172932318994,0.9638023376464475
test_259,0.5,confidence blend,0.6376906891105749,0.5666043468093402,0.7291729323297306,0.9789810180663688
test_259,0.25,6x6 only,0.5947106690774215,0.47637153720760783,0.791278195487532,0.9726409912109003
test_259,0.25,5x5 only,0.5642604100118681,0.45964613492245276,0.7305263157883751,0.9713783264159785
test_259,0.25,OR (6x6 | 5x5),0.4878201403475225,0.3470711696238968,0.8206015037581645,0.9562873840331666
test_259,0.25,confidence blend,0.513983810769951,0.37922895357958714,0.7972932330815078,0.9617500305175414
test_26,0.5,6x6 only,0.32428519724897537,0.2983351831291935,0.3551797040159747,0.978633880615197
test_26,0.5,5x5 only,0.47796509908264023,0.38119201132193553,0.6405919661716687,0.9798011779784782
test_26,0.5,OR (6x6 | 5x5),0.4212337183579739,0.30523566425227916,0.6794397462984159,0.9730491638183222
test_26,0.5,confidence blend,0.48649945997781524,0.44559243789745967,0.5356765327681404,0.9836769104003531
test_26,0.25,6x6 only,0.3279331338351791,0.26900287794097005,0.4199260042272201,0.9751548767089472
test_26,0.25,5x5 only,0.4495830826094304,0.33316346031299127,0.6910676532751293,0.9755744934081658
test_26,0.25,OR (6x6 | 5x5),0.3768437088841653,0.25532513840644144,0.7190803382644845,0.9656715393066038
test_26,0.25,confidence blend,0.40769411212729084,0.2895058300940705,0.6889534883702724,0.9711036682128535
test_260,0.5,6x6 only,0.6352296572623949,0.6263938383715065,0.6443183161870115,0.9761276245116814
test_260,0.5,5x5 only,0.6783765961269238,0.6879863813221205,0.6690315714784568,0.9795341491698845
test_260,0.5,OR (6x6 | 5x5),0.6399785924534974,0.5845717637851148,0.7069882937203417,0.9743385314941034
test_260,0.5,confidence blend,0.6634998827113162,0.6581733566019101,0.6689133262378278,0.9781112670898064
test_260,0.25,6x6 only,0.6283879394793576,0.5821316930517473,0.6826297741507832,0.9739532470702753
test_260,0.25,5x5 only,0.6782589058879477,0.6489844425230672,0.7102991604579516,0.9782600402831657
test_260,0.25,OR (6x6 | 5x5),0.6235552012750979,0.5387860525178314,0.7399787158558118,0.9711761474609004
test_260,0.25,confidence blend,0.6333506493503203,0.5648105253399751,0.7208229868739259,0.9730758666991816
test_261,0.5,6x6 only,0.6786495352647084,0.5601940652143064,0.8606344253755233,0.9820632934569937
test_261,0.5,5x5 only,0.6730729631404536,0.5571590909084577,0.8498873288250132,0.9818305969237906
test_261,0.5,OR (6x6 | 5x5),0.6503801570480803,0.5077357205405199,0.9044895129122821,0.9785995483398063
test_261,0.5,confidence blend,0.6919067215358766,0.572466235386934,0.8743283064640764,0.982864379882775
test_261,0.25,6x6 only,0.6645557350561133,0.5297753966613128,0.89131565262456,0.9801979064941032
test_261,0.25,5x5 only,0.6536409794969769,0.5194075587328708,0.8814352574087685,0.9794425964355095
test_261,0.25,OR (6x6 | 5x5),0.6242734247845708,0.4696108438998954,0.9308372334877261,0.9753417968749627
test_261,0.25,confidence blend,0.647555012224543,0.5001416296851098,0.9181833940008352,0.978004455566369
test_262,0.5,6x6 only,0.46186440677939655,0.3581387088177265,0.6501692729314039,0.9641494750976194
test_262,0.5,5x5 only,0.5305112699281676,0.46233081806148957,0.6222795421560177,0.9739379882812128
test_262,0.5,OR (6x6 | 5x5),0.4311037116832675,0.309585765524784,0.7096566177644532,0.9556808471679322
test_262,0.5,confidence blend,0.43453699601216517,0.3309710621780722,0.6324359181031236,0.961051940917932
test_262,0.25,6x6 only,0.4467784919264008,0.33052419978326075,0.6891826535536205,0.9596138000487915
test_262,0.25,5x5 only,0.5128824988863713,0.4236023539297776,0.6498468482981624,0.9707908630370723
test_262,0.25,OR (6x6 | 5x5),0.40638683710009005,0.280019505058954,0.7406093825556334,0.9488029479980107
test_262,0.25,confidence blend,0.413517779221793,0.2903709498661644,0.7180396582287312,0.9518051147460574
test_263,0.5,6x6 only,0.7437930435784803,0.6744332493695692,0.8290543155711146,0.9831123352050406
test_263,0.5,5x5 only,0.7210442316457358,0.6458694986208048,0.8160237388713508,0.9813308715819937
test_263,0.5,OR (6x6 | 5x5),0.6989374262097947,0.5803921568622503,0.8783382789306176,0.9776268005370721
test_263,0.5,confidence blend,0.7716729147136998,0.7066838322060865,0.8498258289242036,0.9851303100585561
test_263,0.25,6x6 only,0.7236792094256808,0.6247890493149963,0.8597600309626374,0.980587005615197
test_263,0.25,5x5 only,0.7018630224733348,0.5986159169544721,0.8481486259826498,0.978694915771447
test_263,0.25,OR (6x6 | 5x5),0.6671122356420169,0.5294786298874435,0.901432073279704,0.9734001159667597
test_263,0.25,confidence blend,0.6964285714282201,0.5717717220238783,0.8905947619650489,0.9770431518554314
test_264,0.5,6x6 only,0.7235530854730148,0.6930066079288794,0.7569165998388563,0.9779891967773064
test_264,0.5,5x5 only,0.6710736052505059,0.6303505372550375,0.7174218123489199,0.9732360839843378
test_264,0.5,OR (6x6 | 5x5),0.682164095313061,0.5829010020605622,0.8221732157168983,0.970844268798791
test_264,0.5,confidence blend,0.7014078005997224,0.650012832577081,0.7616279069759807,0.9753227233886346
test_264,0.25,6x6 only,0.7135091423690582,0.6465032972395616,0.7960104250192501,0.9756736755370721
test_264,0.25,5x5 only,0.6638777577169123,0.5920050263091243,0.7556134723328432,0.9708824157714473
test_264,0.25,OR (6x6 | 5x5),0.6592759128612066,0.5374794589808257,0.8524458700873572,0.9664688110351194
test_264,0.25,confidence blend,0.6774953301386025,0.5694197952214543,0.8362068965508859,0.9697036743163692
test_265,0.5,6x6 only,0.554893617020883,0.5084481414082292,0.6106774898523093,0.9760589599609002
test_265,0.5,5x5 only,0.5286214581340155,0.44639208516996837,0.6479862628775398,0.971759796142541
test_265,0.5,OR (6x6 | 5x5),0.526779810447142,0.40708567535308543,0.746175460504611,0.9672393798827755
test_265,0.5,confidence blend,0.5660552897391241,0.4928257347830446,0.664845457382665,0.9750900268554316
test_265,0.25,6x6 only,0.5377976769836235,0.4601887840083729,0.6468935373077632,0.9728279113769159
test_265,0.25,5x5 only,0.5137322071936012,0.4132066508309613,0.6788947861369359,0.9685935974120724
test_265,0.25,OR (6x6 | 5x5),0.4995989572887008,0.3679663269824487,0.7778645020281332,0.9619216918944945
test_265,0.25,confidence blend,0.5177149575158886,0.39359713983879613,0.7561660942854259,0.9655723571776975
test_266,0.5,6x6 only,0.5950388298268905,0.6530950016540001,0.5464617089038271,0.9795112609862907
test_266,0.5,5x5 only,0.5453879941430854,0.5785059791884167,0.5158565295658276,0.9763107299804314
test_266,0.5,OR (6x6 | 5x5),0.5481667188965539,0.5006869704596969,0.6055947929641247,0.9724998474120722
test_266,0.5,confidence blend,0.5819123020702025,0.6461538461527537,0.5292895720806962,0.9790496826171501
test_266,0.25,6x6 only,0.5851232819942087,0.5836318545045692,0.5866223514740526,0.9770851135253533
test_266,0.25,5x5 only,0.5559981097680713,0.5424130663849547,0.5702811244972023,0.9749107360839472
test_266,0.25,OR (6x6 | 5x5),0.5334687888020467,0.4502238734872342,0.6544799889202957,0.9684677124023068
test_266,0.25,confidence blend,0.5470595397537154,0.48810429114558596,0.6222129898897352,0.9716186523437129
test_267,0.5,6x6 only,0.4028894325988548,0.3319255135336304,0.5124481327785642,0.9804496765136345
test_267,0.5,5x5 only,0.4551724137926129,0.35760243819783677,0.6259632483680322,0.9807128906249626
test_267,0.5,OR (6x6 | 5x5),0.4031620553356062,0.28924980665082595,0.6650859513910341,0.9746551513671503
test_267,0.5,confidence blend,0.4445975427713347,0.36288659793746414,0.5737996443373627,0.9815483093261343
test_267,0.25,6x6 only,0.36710027655396177,0.28048207857210755,0.5311203319486333,0.9764289855956658
test_267,0.25,5x5 only,0.4209834834830884,0.30801977478672343,0.6647895672772235,0.9764633178710564
test_267,0.25,OR (6x6 | 5x5),0.3620435692686549,0.24514435695512318,0.6920569057478007,0.9686088562011349
test_267,0.25,confidence blend,0.39707673568783963,0.2810344827582746,0.6763485477158377,0.9735641479491816
test_268,0.5,6x6 only,0.6908669179468304,0.6160289555319378,0.7864026402629882,0.9796638488769157
test_268,0.5,5x5 only,0.6833692826720406,0.5880449267079877,0.8155775577546989,0.9781608581542596
test_268,0.5,OR (6x6 | 5x5),0.6455244509219251,0.5211816263589343,0.8477887788767686,0.9730949401855097
test_268,0.5,confidence blend,0.7262051553046056,0.6539763113360257,0.8163696369626187,0.9822120666503531
test_268,0.25,6x6 only,0.67434782608659,0.5731177829094012,0.8190099009890178,0.9771423339843377
test_268,0.25,5x5 only,0.6553204697115228,0.5387887036402358,0.8361716171606123,0.9745826721191034
test_268,0.25,OR (6x6 | 5x5),0.61208341091016,0.47271550794415645,0.8679867986787222,0.9682083129882443
test_268,0.25,confidence blend,0.642818321062976,0.5136607706881604,0.8587458745863251,0.9724235534667597
test_269,0.5,6x6 only,0.5581257764890504,0.5348072562352213,0.5835704565129487,0.9715080261230098
test_269,0.5,5x5 only,0.5780765253357588,0.5396331652895638,0.6224174192742516,0.9719848632812129
test_269,0.5,OR (6x6 | 5x5),0.5542528026326472,0.47425855847885745,0.6667079054798135,0.9669342041015255
test_269,0.5,confidence blend,0.5810422650796758,0.5521390374325399,0.6131386861306283,0.9727363586425409
test_269,0.25,6x6 only,0.5590473040023382,0.5042267528587725,0.6272423605089358,0.9694900512694942
test_269,0.25,5x5 only,0.572748016950683,0.5106073815746288,0.6521093653338462,0.9700012207030879
test_269,0.25,OR (6x6 | 5x5),0.5422885572136709,0.4420872006860291,0.7012247927740922,0.9635009765624633
test_269,0.25,confidence blend,0.5507479977834329,0.46448598130801655,0.6763577879491818,0.9659767150878538
test_27,0.5,6x6 only,0.4937850968512248,0.4359402852045054,0.5693292594200942,0.9693946838378537
test_27,0.5,5x5 only,0.5204169353102727,0.41255643581189827,0.7046413502099452,0.9659500122069944
test_27,0.5,OR (6x6 | 5x5),0.47996895916166454,0.3599854492540124,0.7199185217507349,0.9590988159179321
test_27,0.5,confidence blend,0.5344607336209414,0.45923060840428676,0.6391677578922753,0.9708061218261348
test_27,0.25,6x6 only,0.4777341947389953,0.39577559017452374,0.6025025461943802,0.9654617309569944
test_27,0.25,5x5 only,0.4962487127933623,0.37426035502930893,0.7362141713942438,0.9608116149901976
test_27,0.25,OR (6x6 | 5x5),0.4522181308081482,0.32360875839116404,0.7504728648323141,0.9523315429687136
test_27,0.25,confidence blend,0.47543072928936725,0.35187255449947463,0.7327222464706348,0.9576072692870728
test_270,0.5,6x6 only,0.7342744894872277,0.8059135708862718,0.6743319324393986,0.9765205383300408
test_270,0.5,5x5 only,0.7187590247119441,0.7491400068793006,0.6907461739745533,0.9739952087401972
test_270,0.5,OR (6x6 | 5x5),0.7341042713075832,0.7211597307216024,0.7475220045985667,0.9739494323730097
test_270,0.5,confidence blend,0.7352528388547888,0.7928820399919345,0.6854333518351554,0.9762535095214471
test_270,0.25,6x6 only,0.7373972261437017,0.7740388806548913,0.7040678772494615,0.9758758544921502
test_270,0.25,5x5 only,0.7146180843090364,0.7107781612796432,0.7184997224639453,0.9723930358886347
test_270,0.25,OR (6x6 | 5x5),0.7232499630010644,0.6779496427823556,0.7750376655294782,0.9714660644530879
test_270,0.25,confidence blend,0.7348382878895763,0.7134109916362653,0.7575925779075746,0.9736976623534784
test_271,0.5,6x6 only,0.7893799829702071,0.7258362989313512,0.8651170682034864,0.9896202087401966
test_271,0.5,5x5 only,0.7073390053256503,0.5971038187544119,0.8674923651155964,0.9838600158691031
test_271,0.5,OR (6x6 | 5x5),0.6692451492292469,0.5396610874305648,0.880726162197352,0.9804267883300407
test_271,0.5,confidence blend,0.7661032094714676,0.6826808228259023,0.8727519511352685,0.9880180358886341
test_271,0.25,6x6 only,0.7601109651038398,0.6670937980514261,0.8832711231746128,0.9874649047851185
test_271,0.25,5x5 only,0.6665811911015663,0.5357032457490616,0.8820834747185577,0.980159759521447
test_271,0.25,OR (6x6 | 5x5),0.6182543406847617,0.4724762417065873,0.8941296233442584,0.9751739501952753
test_271,0.25,confidence blend,0.6621972044774763,0.5278814157501988,0.8881913810639834,0.9796257019042595
test_272,0.5,6x6 only,0.506611299310997,0.42949786918578936,0.6174746936584511,0.9827766418456656
test_272,0.5,5x5 only,0.4271438088889053,0.3322967569963982,0.5977623867858344,0.9770393371581658
test_272,0.5,OR (6x6 | 5x5),0.4003265306119181,0.28860640301284296,0.6531699520494055,0.9719772338866817
test_272,0.5,confidence blend,0.48355574235527626,0.39927121290924994,0.6129461907282554,0.9812507629394156
test_272,0.25,6x6 only,0.47486252945750695,0.3760497667179222,0.6441129461890142,0.9795989990234001
test_272,0.25,5x5 only,0.4177518848522809,0.30790603687761064,0.6494405966951267,0.9740753173827753
test_272,0.25,OR (6x6 | 5x5),0.37616602791208603,0.2581637717119025,0.6928609483199445,0.9670906066894162
test_272,0.25,confidence blend,0.396098788736514,0.28102678571397205,0.6707511987195771,0.9707107543944942
test_273,0.5,6x6 only,0.39011233102735604,0.5474218541272176,0.3030317968941074,0.9266815185546521
test_273,0.5,5x5 only,0.5079698108807565,0.6211516533632974,0.4296771013061722,0.9355888366698861
test_273,0.5,OR (6x6 | 5x5),0.5233564478846091,0.575379705690813,0.4799605619913828,0.9323501586913706
test_273,0.5,confidence blend,0.44239207143062736,0.5858117991219033,0.3553857530192973,0.9306755065917613
test_273,0.25,6x6 only,0.42977342388351775,0.5503732779184558,0.3525264974117069,0.9276123046874646
test_273,0.25,5x5 only,0.5289529531735169,0.5998249781218903,0.47305891052478527,0.9348030090331674
test_273,0.25,OR (6x6 | 5x5),0.5420967415501564,0.5567738918045227,0.5281735272366141,0.930953979492152
test_273,0.25,confidence blend,0.5295695355443797,0.5739696062626215,0.4915454769531715,0.9324226379394175
test_274,0.5,6x6 only,0.776266996291185,0.7918184365357358,0.7613146551713883,0.987571716308556
test_274,0.5,5x5 only,0.6887697868623402,0.6409185803750395,0.7443426724127905,0.9809494018554313
test_274,0.5,OR (6x6 | 5x5),0.7419687930238974,0.6461830535565085,0.8710937499988267,0.9828414916991812
test_274,0.5,confidence blend,0.7990189750866148,0.7670384138776121,0.8337823275850839,0.988121032714806
test_274,0.25,6x6 only,0.7774728864492503,0.754884547068314,0.8014547413782308,0.9870071411132435
test_274,0.25,5x5 only,0.6619693705231107,0.5830341573488736,0.7656249999989687,0.9778556823730096
test_274,0.25,OR (6x6 | 5x5),0.7093222150947672,0.5880007089679298,0.8937230603436238,0.9792556762694938
test_274,0.25,confidence blend,0.7440779780115924,0.642242222656386,0.8842941810332916,0.9827728271484
test_275,0.5,6x6 only,0.6573148859847185,0.5517204301069336,0.812896070974631,0.9795913696288688
test_275,0.5,5x5 only,0.6767656895529695,0.5773749580389645,0.8174904942952829,0.9811973571776968
test_275,0.5,OR (6x6 | 5x5),0.6088621136193858,0.472268320376913,0.8566223067160066,0.9734992980956659
test_275,0.5,confidence blend,0.687245816387301,0.59330033383148,0.8165399239530791,0.9821052551269156
test_275,0.25,6x6 only,0.6116007142442188,0.4804959724857629,0.8410963244600109,0.9742774963378534
test_275,0.25,5x5 only,0.6411639890872136,0.5192968673273894,0.8377693282622976,0.9774208068847283
test_275,0.25,OR (6x6 | 5x5),0.5519370580616711,0.40246913580217686,0.8780101394155925,0.9656753540038694
test_275,0.25,confidence blend,0.5844900584165365,0.4416457439050444,0.8639100126729026,0.9704246520995723
test_276,0.5,6x6 only,0.3751295336784574,0.33715432010268354,0.42274523895001304,0.9700965881347285
test_276,0.5,5x5 only,0.3344256326230344,0.3389298892982677,0.33003952569110667,0.9721069335937129
test_276,0.5,OR (6x6 | 5x5),0.40773067331642576,0.331792559187901,0.5287459575987626,0.9673843383788693
test_276,0.5,confidence blend,0.349866162808731,0.3113789237663798,0.3992094861652907,0.9684982299804318
test_276,0.25,6x6 only,0.39845176367457935,0.3356712193917366,0.49011857707421824,0.9685783386230099
test_276,0.25,5x5 only,0.35552574207583804,0.33333333333280923,0.38088393819550687,0.9706802368163692
test_276,0.25,OR (6x6 | 5x5),0.4158478206094634,0.3201745877785449,0.5930650377280039,0.9646224975585569
test_276,0.25,confidence blend,0.40248546802939633,0.320391447717987,0.5411426518136163,0.9658851623534788
test_277,0.5,6x6 only,0.667887966129023,0.7482440937692709,0.6031174178364803,0.9688796997069943
test_277,0.5,5x5 only,0.6391818472352832,0.6998512816020471,0.5881920447021629,0.9655456542968381
test_277,0.5,OR (6x6 | 5x5),0.6812613265673501,0.6718135678027937,0.6909786045138658,0.9664535522460569
test_277,0.5,confidence blend,0.7020381753475,0.7800844791940503,0.6381883685018468,0.9718933105468379
test_277,0.25,6x6 only,0.6767507874166206,0.7182238362489944,0.6398058966247777,0.9682884216308224
test_277,0.25,5x5 only,0.6462803061722234,0.6633126934979385,0.630100727887192,0.964214324951135
test_277,0.25,OR (6x6 | 5x5),0.6734721841598131,0.6304919504838493,0.7227409749277827,0.9636383056640258
test_277,0.25,confidence blend,0.6844141884626713,0.6674820043324708,0.7022277773687947,0.9664001464843381
test_278,0.5,6x6 only,0.4562043795618188,0.6828584083852313,0.3425164778194901,0.9579391479491821
test_278,0.5,5x5 only,0.41506242849305325,0.6321212121202544,0.30896837739738653,0.9551429748534791
test_278,0.5,OR (6x6 | 5x5),0.5226821848959473,0.6457516339862246,0.439013552543554,0.9586982727050415
test_278,0.5,confidence blend,0.4466915374040611,0.6623962731101144,0.3369621565575524,0.9570007324218385
test_278,0.25,6x6 only,0.48228625413297954,0.6658406156245391,0.3780641338958912,0.9581909179687134
test_278,0.25,5x5 only,0.44641593129137536,0.6152445369398866,0.35029252758620283,0.9552497863769166
test_278,0.25,OR (6x6 | 5x5),0.5457267623204218,0.6223676721678786,0.485892023994308,0.9583320617675415
test_278,0.25,confidence blend,0.5288703655463537,0.6390725002616314,0.45108494408616523,0.9586029052734009
test_279,0.5,6x6 only,0.6486146974664496,0.677849901538416,0.6217970161232208,0.9615859985351195
test_279,0.5,5x5 only,0.6874733096082962,0.7343571808707258,0.6462166320996546,0.9664993286132444
test_279,0.5,OR (6x6 | 5x5),0.6866043613705026,0.6424532151806434,0.7372716933158913,0.9616241455077758
test_279,0.5,confidence blend,0.6762858129096734,0.6985666405186489,0.655382350973001,0.9642257690429319
test_279,0.25,6x6 only,0.6551712790810309,0.6446703794841052,0.6660199371106803,0.960025787353479
test_279,0.25,5x5 only,0.6904875229480212,0.7019423515582346,0.6794005486046166,0.9652709960937131
test_279,0.25,OR (6x6 | 5x5),0.6802988135342961,0.6051177819467348,0.7768114002804731,0.9583702087401977
test_279,0.25,confidence blend,0.6840680234855393,0.6272595402808373,0.7521910751316303,0.9603843688964477
test_28,0.5,6x6 only,0.2549389706806531,0.26532215819777777,0.24533785420178789,0.9322395324706675
test_28,0.5,5x5 only,0.3351138058802102,0.4148201096016025,0.2811011544358754,0.9472923278808232
test_28,0.5,OR (6x6 | 5x5),0.3399452298126194,0.3138366928593687,0.37079195931188275,0.9319610595702769
test_28,0.5,confidence blend,0.2766070191169948,0.279351226741084,0.27391620247011067,0.9323005676269175
test_28,0.25,6x6 only,0.2770395489135771,0.2707723138582775,0.28360377815428783,0.9300575256347301
test_28,0.25,5x5 only,0.3575250377279199,0.4123417721514637,0.31557277791207267,0.9464073181151982
test_28,0.25,OR (6x6 | 5x5),0.35551065904961837,0.31266466515512975,0.4119641559696359,0.9294204711913707
test_28,0.25,confidence blend,0.3417776491023662,0.30974089865509363,0.38120610317237325,0.930618286132777
test_280,0.5,6x6 only,0.4512479892063457,0.3643066610805494,0.5926935659752008,0.959659576415979
test_280,0.5,5x5 only,0.5957350784155502,0.5081809432141403,0.7197382769892043,0.9726638793944941
test_280,0.5,OR (6x6 | 5x5),0.4949360783660572,0.3558128431604465,0.8127044711003099,0.9535827636718386
test_280,0.5,confidence blend,0.5011177347240587,0.380588568194411,0.7333696837503635,0.9591369628905884
test_280,0.25,6x6 only,0.4394734331773159,0.338004402054044,0.6279989094866031,0.9551696777343385
test_280,0.25,5x5 only,0.5893652411865701,0.48597469250465797,0.7486368593228617,0.9708061218261348
test_280,0.25,OR (6x6 | 5x5),0.47552017230088245,0.33120814358407114,0.84269356597486,0.9479789733886357
test_280,0.25,confidence blend,0.47803051428097115,0.33770473349449104,0.8178844056695503,0.9500160217284793
test_281,0.5,6x6 only,0.2764393630051201,0.2880442490422805,0.2657333507781424,0.9594421386718384
test_281,0.5,5x5 only,0.39934032277040915,0.3631494376000394,0.4435431113431329,0.9610977172851195
test_281,0.5,OR (6x6 | 5x5),0.4118447211465879,0.34312614418939663,0.5149810283913189,0.9571151733398072
test_281,0.5,confidence blend,0.388933390843312,0.36757512229167527,0.41292686117962457,0.9621696472167601
test_281,0.25,6x6 only,0.30303030303010886,0.2968867687668882,0.3094334685328936,0.958499908447229
test_281,0.25,5x5 only,0.4146249121096789,0.353402175917063,0.5015046447723387,0.958713531494104
test_281,0.25,OR (6x6 | 5x5),0.42048076923056704,0.332370601200629,0.5721575297650502,0.9540176391601198
test_281,0.25,confidence blend,0.41559374198491117,0.3417988525140552,0.5300274761212481,0.9565391540526978
test_282,0.5,6x6 only,0.5017351982329888,0.44180016668169103,0.5804842438245765,0.9638519287109006
test_282,0.5,5x5 only,0.46639231824394156,0.3903879274990647,0.5791458814933943,0.9584503173827759
test_282,0.5,OR (6x6 | 5x5),0.4394118641201456,0.3365913651366842,0.6326803747406828,0.9493865966796512
test_282,0.5,confidence blend,0.49739583333307424,0.4348419998174712,0.5809709210359155,0.963188171386682
test_282,0.25,6x6 only,0.4862049006364624,0.4027811076477241,0.6132132862871235,0.9593658447265259
test_282,0.25,5x5 only,0.45999999999978897,0.3691922538838309,0.61004988441342,0.955093383789026
test_282,0.25,OR (6x6 | 5x5),0.42613283674719654,0.31280970553037946,0.668207811168429,0.9435729980468389
test_282,0.25,confidence blend,0.4379562043793804,0.33222173283814743,0.6424139189674626,0.9483032226562138
test_283,0.5,6x6 only,0.7345589207774806,0.6597766690422144,0.8284606205245654,0.9617195129394164
test_283,0.5,5x5 only,0.7536659339434171,0.7061369205898607,0.8080548926009498,0.966228485107385
test_283,0.5,OR (6x6 | 5x5),0.7404715964615881,0.6383116602580731,0.8815632458228629,0.9604911804198852
test_283,0.5,confidence blend,0.7565259168310585,0.6844392929582321,0.8455847255364882,0.9652023315429319
test_283,0.25,6x6 only,0.732038488042487,0.639623567191187,0.8556682577560527,0.9599494934081665
test_283,0.25,5x5 only,0.7445894377282992,0.6735383575529023,0.8323985680185964,0.9634895324706664
test_283,0.25,OR (6x6 | 5x5),0.729515672250581,0.6102144061669436,0.9068019093073348,0.9570083618163697
test_283,0.25,confidence blend,0.7399055460770122,0.6317611789044328,0.8927207637226177,0.959873199462854
test_284,0.5,6x6 only,0.6661312245146014,0.5970099667767474,0.7533538289536705,0.9793853759765251
test_284,0.5,5x5 only,0.745754368692625,0.6662269129280274,0.8468418110664522,0.9842376708983999
test_284,0.5,OR (6x6 | 5x5),0.6739401834659534,0.5509896156913544,0.867523756287217,0.9770851135253533
test_284,0.5,confidence blend,0.7006497341992317,0.6068139963161379,0.8288149804348396,0.9806671142577751
test_284,0.25,6x6 only,0.660943196518487,0.5705583756339385,0.7853549468966108,0.978004455566369
test_284,0.25,5x5 only,0.7355196413821308,0.636354358031602,0.8712968138612754,0.9828948974609
test_284,0.25,OR (6x6 | 5x5),0.6580037274794688,0.5226151315785176,0.8880659586348686,0.9748001098632441
test_284,0.25,confidence blend,0.6681222707420023,0.5397521941141458,0.8766070430395799,0.9762268066405877
test_285,0.5,6x6 only,0.720271923861123,0.8269230769225606,0.6379883424053961,0.9607582092284789
test_285,0.5,5x5 only,0.7383185326581077,0.8671692227704269,0.6428055301311996,0.9639167785644163
test_285,0.5,OR (6x6 | 5x5),0.7667482639754293,0.7962645914392755,0.7393419721562987,0.9643783569335569
test_285,0.5,confidence blend,0.7466025897741967,0.8374460948725219,0.673539187821825,0.9637947082519163
test_285,0.25,6x6 only,0.7215160013627444,0.7913073473607041,0.6630377185795736,0.9594688415526977
test_285,0.25,5x5 only,0.7409945765087987,0.842289289657194,0.6614480466300585,0.9633827209472289
test_285,0.25,OR (6x6 | 5x5),0.7607709478432276,0.75813241484847,0.7634279107853156,0.9619789123534789
test_285,0.25,confidence blend,0.7601943176797782,0.7746387319362095,0.7462787224814555,0.9627151489257445
test_286,0.5,6x6 only,0.3981365595880975,0.4270584725530623,0.3728835634274904,0.966979980468713
test_286,0.5,5x5 only,0.4303939261930236,0.4121082111781526,0.4503777025261131,0.9650840759276975
test_286,0.5,OR (6x6 | 5x5),0.4117807175129774,0.3537554952760698,0.49257619171595135,0.9587821960448852
test_286,0.5,confidence blend,0.4542213348542112,0.5018909549314499,0.4148215681161568,0.9708023071288692
test_286,0.25,6x6 only,0.41604106512645744,0.4100164411275958,0.4222453763995543,0.96528244018551
test_286,0.25,5x5 only,0.41831906264059354,0.3685725630331858,0.4835894764255228,0.9606094360351196
test_286,0.25,OR (6x6 | 5x5),0.4020011771628399,0.3224232887487628,0.5337327429011022,0.9534912109374636
test_286,0.25,confidence blend,0.414677324177665,0.3525494846297979,0.5033862985145827,0.958377838134729
test_287,0.5,6x6 only,0.540245114275803,0.623590135728114,0.47655222790288304,0.9788208007812126
test_287,0.5,5x5 only,0.5730150717526696,0.5657932213036659,0.5804236669093055,0.9774131774901971
test_287,0.5,OR (6x6 | 5x5),0.5516620587664427,0.4926504363797741,0.6267348429501436,0.9734001159667597
test_287,0.5,confidence blend,0.594313925774094,0.7120130532312625,0.5100073046011542,0.9818191528319937
test_287,0.25,6x6 only,0.5440949737892814,0.5759751917731746,0.5155588020445353,0.9774398803710564
test_287,0.25,5x5 only,0.5594147498842948,0.5096061479340662,0.6200146092028926,0.9744987487792597
test_287,0.25,OR (6x6 | 5x5),0.5316396960730052,0.44084263178103034,0.6695398100793725,0.9691963195800412
test_287,0.25,confidence blend,0.5536042604447133,0.4890232974904916,0.6378378378369061,0.9731407165526972
test_288,0.5,6x6 only,0.6687253388225521,0.7272388059687925,0.6189266433778677,0.9852676391601186
test_288,0.5,5x5 only,0.6464005079763104,0.6462466275184158,0.6465544617328571,0.9830055236816031
test_288,0.5,OR (6x6 | 5x5),0.6915049970600444,0.6436388508883124,0.7470625595415258,0.9839859008788687
test_288,0.5,confidence blend,0.671526730349697,0.710965223561549,0.6362337249910508,0.9850463867187124
test_288,0.25,6x6 only,0.6750510412407716,0.6949722549172777,0.6562400762136293,0.9848213195800405
test_288,0.25,5x5 only,0.6482521146787572,0.6132275881594488,0.6875198475695657,0.9820747375487906
test_288,0.25,OR (6x6 | 5x5),0.6852906857020487,0.6035545883199086,0.7926325817707326,0.9825096130370718
test_288,0.25,confidence blend,0.6912970893513164,0.6367161385203414,0.7561130517612638,0.9837760925292593
test_289,0.5,6x6 only,0.6266939804598854,0.5674133257236642,0.6998064402598101,0.9638519287109006
test_289,0.5,5x5 only,0.6295499981137529,0.551006932980818,0.7342072848840979,0.9625358581542601
test_289,0.5,OR (6x6 | 5x5),0.6311584553925941,0.5157060759914547,0.8132148513102118,0.9587898254394165
test_289,0.5,confidence blend,0.6423335014155221,0.5744016649319637,0.7284884743966844,0.964824676513635
test_289,0.25,6x6 only,0.622928745090472,0.5418049320056335,0.7326236142875834,0.9615440368651976
test_289,0.25,5x5 only,0.6191895536155634,0.5188510941956952,0.7676403308105159,0.9590606689452759
test_289,0.25,OR (6x6 | 5x5),0.6145729451501963,0.4844059029360087,0.8404011965503779,0.9542961120605105
test_289,0.25,confidence blend,0.6310073859226902,0.5116215477164279,0.8230688016885245,0.9582633972167602
test_29,0.5,6x6 only,0.7454964106726631,0.7720577921156234,0.7207018462737715,0.9856643676757436
test_29,0.5,5x5 only,0.7857523302258417,0.7992685900029808,0.7726856095315272,0.987724304199181
test_29,0.5,OR (6x6 | 5x5),0.755656665026589,0.712298597425858,0.8046353280073266,0.9848403930663686
test_29,0.5,confidence blend,0.8006303096733347,0.8396321310521058,0.7650910043200667,0.9888992309569935
test_29,0.25,6x6 only,0.7544910179635912,0.7346483066607932,0.7754353803839525,0.9852981567382436
test_29,0.25,5x5 only,0.7852799594623858,0.7605201815718802,0.8117061673421347,0.9870681762694935
test_29,0.25,OR (6x6 | 5x5),0.7431303646519136,0.6634437358561371,0.844572476102076,0.9829902648925406
test_29,0.25,confidence blend,0.7598083803282033,0.7075897899246582,0.8203483043069002,0.9848899841308217
test_290,0.5,6x6 only,0.7182918669014426,0.6738956740090469,0.7689502474592746,0.9823341369628531
test_290,0.5,5x5 only,0.6810470471633644,0.6164643799465789,0.7607449856723616,0.9791297912597282
test_290,0.5,OR (6x6 | 5x5),0.657583920430658,0.5459315327709049,0.8266475644688374,0.9747848510741816
test_290,0.5,confidence blend,0.7412380659065345,0.7031669977787739,0.7836676217754837,0.9839744567870718
test_290,0.25,6x6 only,0.6991833030849028,0.619248543298554,0.802813232611614,0.9797668457030876
test_290,0.25,5x5 only,0.6701153141498706,0.5715073529406511,0.8098463141432537,0.9766464233398064
test_290,0.25,OR (6x6 | 5x5),0.6282966771395657,0.4951230492193164,0.8594686116164894,0.9702148437499629
test_290,0.25,confidence blend,0.6563800629374397,0.5377578176974902,0.8421463922885619,0.9741744995116816
test_291,0.5,6x6 only,0.5969164248730745,0.6324291742005637,0.5651799181204856,0.9729728698730097
test_291,0.5,5x5 only,0.5828502679642443,0.5918480675248868,0.5741219564742791,0.9709014892577754
test_291,0.5,OR (6x6 | 5x5),0.6083442870353886,0.5549338307127143,0.6731307907771243,0.9693107604980099
test_291,0.5,confidence blend,0.5820245770647589,0.5957134799767674,0.5689506571853383,0.9710655212401973
test_291,0.25,6x6 only,0.5959192486232344,0.597144093465386,0.5946994182281893,0.9714431762694942
test_291,0.25,5x5 only,0.5822588162184339,0.5605743344295936,0.6056884292171884,0.9692268371581662
test_291,0.25,OR (6x6 | 5x5),0.6020944802667937,0.5230830353591394,0.7092221503978569,0.9668083190917599
test_291,0.25,confidence blend,0.603952342217042,0.5432555737276893,0.6799181210938591,0.9684257507323849
test_292,0.5,6x6 only,0.7699028173158093,0.8595068493141265,0.697217530446531,0.9821166992187125
test_292,0.5,5x5 only,0.7389092292326855,0.7943160907781697,0.6907280647162496,0.9790534973144157
test_292,0.5,OR (6x6 | 5x5),0.7694808047084383,0.7605279152550486,0.7786469908429383,0.9799804687499626
test_292,0.5,confidence blend,0.7796165979127495,0.8584865327053671,0.714019023912602,0.9826774597167593
test_292,0.25,6x6 only,0.772309865787251,0.8211496094524121,0.7289536847713317,0.9815559387206656
test_292,0.25,5x5 only,0.741157115437007,0.7626257876415286,0.7208640768061864,0.9783935546874626
test_292,0.25,OR (6x6 | 5x5),0.7625429265429422,0.720880513104188,0.8093163836778297,0.9783706665038688
test_292,0.25,confidence blend,0.7708958143170466,0.7542098996421549,0.7883367410429475,0.9798927307128532
test_293,0.5,6x6 only,0.7142944224317499,0.6756226937261581,0.7576619681873042,0.9821205139159781
test_293,0.5,5x5 only,0.6504762505515357,0.6349753694573461,0.6667528772783309,0.9788627624511345
test_293,0.5,OR (6x6 | 5x5),0.6733504059278193,0.5818267419956856,0.7990430621999236,0.9771308898925408
test_293,0.5,confidence blend,0.7075549289151054,0.6482936806969013,0.7787404629499822,0.9810104370116813
test_293,0.25,6x6 only,0.7032306536434704,0.6357366771153231,0.7867580499149273,0.9804115295409782
test_293,0.25,5x5 only,0.6401379966686651,0.5926864192085112,0.6958489590059539,0.9769210815429314
test_293,0.25,OR (6x6 | 5x5),0.6524524627130067,0.5404143318046014,0.8230958230947587,0.9741325378417597
test_293,0.25,confidence blend,0.6701962671797047,0.5714025168698054,0.8102935471346046,0.9764747619628533
test_294,0.5,6x6 only,0.7177810077515032,0.8774059816392102,0.6072965771668299,0.98222351074215
test_294,0.5,5x5 only,0.740716216961463,0.8023909145238465,0.6878458700546343,0.9820747375487906
test_294,0.5,OR (6x6 | 5x5),0.7651090342675155,0.7754157019566665,0.7550727608108678,0.982742309570275
test_294,0.5,confidence blend,0.7635686000461428,0.8842729970314482,0.6718589874967494,0.9845123291015249
test_294,0.25,6x6 only,0.7252440725239857,0.8375838926163254,0.639475302315393,0.9819641113280875
test_294,0.25,5x5 only,0.7453202995004444,0.756491450284192,0.7344742775151316,0.9813156127929312
test_294,0.25,OR (6x6 | 5x5),0.7568966359060803,0.7228387578096401,0.794322607090803,0.9810066223144157
test_294,0.25,confidence blend,0.7689541812200693,0.770854788876652,0.7670629227292814,0.9828414916991812
test_295,0.5,6x6 only,0.6454044245932565,0.7463481559190167,0.5685129403082507,0.961235046386682
test_295,0.5,5x5 only,0.6613962890763622,0.8011368605152591,0.5631646892478249,0.9642181396484006
test_295,0.5,OR (6x6 | 5x5),0.6865976095615342,0.7129335451411749,0.6621380709407622,0.9624900817870726
test_295,0.5,confidence blend,0.6715738299836791,0.7578426827377855,0.6029384643753594,0.9634056091308226
test_295,0.25,6x6 only,0.655748640805625,0.71678576636961,0.6042908956779958,0.9606285095214477
test_295,0.25,5x5 only,0.6711087975010684,0.7705610455843397,0.594393557508702,0.963848114013635
test_295,0.25,OR (6x6 | 5x5),0.6847389558230849,0.6778507318832131,0.6917686112985235,0.9604721069335571
test_295,0.25,confidence blend,0.6878569187321343,0.7024931102988512,0.6738181594635312,0.9620513916015258
test_296,0.5,6x6 only,0.3686635944698438,0.32774092859897797,0.4212637913735942,0.956100463867151
test_296,0.5,5x5 only,0.48192600960146714,0.5515513897857925,0.42790872617799913,0.9720077514648067
test_296,0.5,OR (6x6 | 5x5),0.4250833496761987,0.3490338164248397,0.5435055165489675,0.9552688598632447
test_296,0.5,confidence blend,0.37654992386318437,0.3325009604299534,0.434052156468864,0.9562683105468385
test_296,0.25,6x6 only,0.3750327550964965,0.3221972084643654,0.44859578736152383,0.9545097351073855
test_296,0.25,5x5 only,0.4852047556139463,0.51270240089264,0.4605065195580987,0.9702682495116817
test_296,0.25,OR (6x6 | 5x5),0.4283023202387189,0.33802306186065845,0.584378134402477,0.9525337219237917
test_296,0.25,confidence blend,0.42233522018592423,0.34203574203547626,0.5519057171507624,0.9540634155273073
test_297,0.5,6x6 only,0.5959692898270766,0.619953827915006,0.5737714384705355,0.9486083984374638
test_297,0.5,5x5 only,0.6701168402334677,0.7442696946182775,0.6094011664834501,0.9603652954101196
test_297,0.5,OR (6x6 | 5x5),0.6687327464970393,0.6090318296093121,0.7414101749721421,0.9514770507812137
test_297,0.5,confidence blend,0.6334741319910628,0.6581797808760843,0.6105561009409189,0.9533271789550417
test_297,0.25,6x6 only,0.6017343006119357,0.5907851538586663,0.6130969567473505,0.9463882446288701
test_297,0.25,5x5 only,0.6721084337347374,0.7024491594782456,0.64428018709901,0.9584732055663696
test_297,0.25,OR (6x6 | 5x5),0.6573560453584367,0.5716542155813995,0.773286365998283,0.9467468261718388
test_297,0.25,confidence blend,0.6673148764135236,0.5991270388235244,0.7530172662697043,0.9504013061523074
test_298,0.5,6x6 only,0.19115225168936842,0.15308350009081945,0.2544217687070984,0.945667266845667
test_298,0.5,5x5 only,0.31912006285242545,0.3024641213101781,0.33771730914537007,0.9636344909667601
test_298,0.5,OR (6x6 | 5x5),0.2307623157136683,0.16420392758896935,0.3880574451997157,0.934715270996058
test_298,0.5,confidence blend,0.1865825548949493,0.15580994833334433,0.2325018896443953,0.9488449096679326
test_298,0.25,6x6 only,0.18805220883524695,0.14077414505814295,0.2831443688582265,0.9383010864257454
test_298,0.25,5x5 only,0.31952141057914385,0.27382622773850634,0.3835222978074323,0.9587783813476196
test_298,0.25,OR (6x6 | 5x5),0.2266480316793902,0.15248393668695998,0.4412698412691742,0.9240112304687147
test_298,0.25,confidence blend,0.22462406015027997,0.15655332579041473,0.39743008314376804,0.9307632446288707
test_299,0.5,6x6 only,0.45336435912322837,0.5510685103699701,0.3850883935430052,0.9677391052245724
test_299,0.5,5x5 only,0.4669885334939849,0.5184242261818057,0.42483803667461856,0.9663085937499631
test_299,0.5,OR (6x6 | 5x5),0.5099750623438747,0.4839759392560063,0.5389261008009893,0.9640197753905881
test_299,0.5,confidence blend,0.5056070525698414,0.6170886075939603,0.428242011638928,0.970905303955041
test_299,0.25,6x6 only,0.4845884201616798,0.5389165210370495,0.440210826836016,0.967468261718713
test_299,0.25,5x5 only,0.47656249999973016,0.49187799462370935,0.4621719556380123,0.9647293090819944
test_299,0.25,OR (6x6 | 5x5),0.5089762251331834,0.45596800834525253,0.5759306028323532,0.9613952636718383
test_299,0.25,confidence blend,0.5177649246020875,0.4887393974841681,0.5504556934220375,0.9643783569335569
test_3,0.5,6x6 only,0.5385155355227625,0.5543891678072764,0.5235256087920958,0.9523506164550417
test_3,0.5,5x5 only,0.48676590617572124,0.5303184281838327,0.44982400689573315,0.9496269226073856
test_3,0.5,OR (6x6 | 5x5),0.5495469899294284,0.49020049560684265,0.6252424394794732,0.9455680847167608
test_3,0.5,confidence blend,0.5326297652378015,0.5323240295612166,0.5329358523090777,0.9503326416015262
test_3,0.25,6x6 only,0.5366907446160343,0.5062082139442813,0.5710796638168443,0.9476394653319951
test_3,0.25,5x5 only,0.5133455210235783,0.5227492739589524,0.5042741182382701,0.949226379394495
test_3,0.25,OR (6x6 | 5x5),0.5412345679010774,0.45435037065916195,0.6692047985053737,0.9397544860839485
test_3,0.25,confidence blend,0.5371314160901174,0.4648952370947514,0.6359456935560405,0.9417953491210578
test_30,0.5,6x6 only,0.688406629157313,0.6926750365857716,0.6841905051729426,0.9689445495605099
test_30,0.5,5x5 only,0.5335064935062626,0.6189232623537375,0.46880706025527324,0.9588928222655884
test_30,0.5,OR (6x6 | 5x5),0.6790005990764778,0.6324427230350997,0.7329580036512987,0.965251922607385
test_30,0.5,confidence blend,0.7005504157392745,0.7193938908035601,0.6826688983561452,0.9707374572753535
test_30,0.25,6x6 only,0.6905622199737351,0.6575832645192282,0.7270237370657889,0.9673309326171505
test_30,0.25,5x5 only,0.5272404833585486,0.5757002611901506,0.4863055386484431,0.9562721252441041
test_30,0.25,OR (6x6 | 5x5),0.6679212889591033,0.590002333177444,0.7695526475952758,0.961631774902307
test_30,0.25,confidence blend,0.687386117509304,0.6270463526308555,0.7605751673761711,0.965312957763635
test_300,0.5,6x6 only,0.6174539837812991,0.668944359223722,0.5733237719605911,0.9773254394530877
test_300,0.5,5x5 only,0.6198144808035172,0.6722090261273268,0.574997012070545,0.977485656738244
test_300,0.5,OR (6x6 | 5x5),0.6059179556149933,0.5704336815441907,0.6461097167435805,0.9731750488280878
test_300,0.5,confidence blend,0.6481568838866175,0.7430469715686913,0.574757977769123,0.9800834655761345
test_300,0.25,6x6 only,0.6193666260653962,0.6314416987450249,0.6077447113653546,0.9761581420898064
test_300,0.25,5x5 only,0.6103980599747971,0.6042154566737655,0.6167084976686784,0.9748725891112909
test_300,0.25,OR (6x6 | 5x5),0.5860297894193189,0.5138250923169289,0.6818453448061648,0.9692535400390255
test_300,0.25,confidence blend,0.604825796476945,0.5620894909682244,0.6545954344440604,0.9726982116698847
test_31,0.5,6x6 only,0.3668122270740672,0.5603932584261793,0.2726340963441936,0.9474525451659794
test_31,0.5,5x5 only,0.35366453516952595,0.6312554872684263,0.245644004099593,0.9498748779296512
test_31,0.5,OR (6x6 | 5x5),0.4560284862535376,0.5786487338440909,0.37628971643295095,0.9498825073241824
test_31,0.5,confidence blend,0.3600940544170257,0.6047711154084385,0.2563717116499786,0.9491310119628543
test_31,0.25,6x6 only,0.39532542565746254,0.5499269361902703,0.30857533310535795,0.9472999572753544
test_31,0.25,5x5 only,0.3878759398494418,0.6210684725348066,0.28199521694548546,0.9503097534179324
test_31,0.25,OR (6x6 | 5x5),0.47791495198883877,0.5603860294112496,0.41660403143121516,0.9491844177245731
test_31,0.25,confidence blend,0.4585961176179627,0.5723193294484592,0.38257601639878197,0.9495697021484012
test_32,0.5,6x6 only,0.7279058759886645,0.6930406231888926,0.7664649341397177,0.969299316406213
test_32,0.5,5x5 only,0.7173568393681535,0.6466586634650164,0.8054111783547131,0.9659957885741819
test_32,0.5,OR (6x6 | 5x5),0.7203253963539219,0.6177623873297257,0.8637237451044045,0.9640655517577756
test_32,0.5,confidence blend,0.7470171632741827,0.6767238887921642,0.8336062655743441,0.9697494506835567
test_32,0.25,6x6 only,0.7224666731851235,0.6662058187060194,0.7891064435736638,0.9675178527831662
test_32,0.25,5x5 only,0.7003411732735424,0.6079890962462738,0.8257742969022244,0.9621391296386351
test_32,0.25,OR (6x6 | 5x5),0.6990302242074419,0.5797223785403396,0.880170879315856,0.9593925476073852
test_32,0.25,confidence blend,0.7153528429561136,0.6077045590281666,0.8693485226052906,0.9629325866698851
test_33,0.5,6x6 only,0.48014184397106363,0.5064837905224278,0.45640449438099684,0.9832229614257437
test_33,0.5,5x5 only,0.46161446497336067,0.4119202962433223,0.5249438202235395,0.979213714599572
test_33,0.5,OR (6x6 | 5x5),0.45999452604647384,0.3871909076940759,0.5665168539313112,0.9774208068847283
test_33,0.5,confidence blend,0.4961377179425114,0.4874241110136873,0.5051685393247075,0.9825820922851187
test_33,0.25,6x6 only,0.4776447325052426,0.4672254459478461,0.4885393258415988,0.9818611145019156
test_33,0.25,5x5 only,0.45806100217823337,0.38425220834543977,0.5669662921335574,0.9772262573241814
test_33,0.25,OR (6x6 | 5x5),0.4520139234208088,0.35806197478944585,0.6128089887626679,0.9747772216796503
test_33,0.25,confidence blend,0.462928181736461,0.3844896746391554,0.5815730337065583,0.9770927429198846
test_34,0.5,6x6 only,0.7042815674884757,0.7740777666983568,0.6460309535685704,0.9875640869140248
test_34,0.5,5x5 only,0.7827696449597991,0.7915603198897541,0.7741720752192143,0.9901504516601184
test_34,0.5,OR (6x6 | 5x5),0.7493527888909159,0.7088156723052704,0.794807788316201,0.9878120422362904
test_34,0.5,confidence blend,0.7832477421632873,0.8368968779548971,0.7360625728062306,0.9906616210937121
test_34,0.25,6x6 only,0.7005444646091948,0.7286947141302972,0.6744882675974796,0.9867820739745717
test_34,0.25,5x5 only,0.7695137555975932,0.7407236335631397,0.8006323847548666,0.989006042480431
test_34,0.25,OR (6x6 | 5x5),0.7294204503501444,0.6555201698505102,0.8221001830573771,0.9860191345214467
test_34,0.25,confidence blend,0.7482919254652575,0.7013535147712103,0.8019637210837045,0.987632751464806
test_35,0.5,6x6 only,0.5053586692086887,0.42780808193206293,0.6172502409241611,0.971302032470666
test_35,0.5,5x5 only,0.5031008733068579,0.4151002506261329,0.6384516543516889,0.9700469970702754
test_35,0.5,OR (6x6 | 5x5),0.5136982614777363,0.3863029223667236,0.7664632187588075,0.9655342102050413
test_35,0.5,confidence blend,0.5106517879783726,0.42185208464234036,0.6468037263079878,0.9705581665038692
test_35,0.25,6x6 only,0.49496859181527414,0.39897748500599844,0.651782846128089,0.9684104919433224
test_35,0.25,5x5 only,0.4913304921475326,0.3859488214249418,0.6758753613866433,0.9667625427245724
test_35,0.25,OR (6x6 | 5x5),0.48772584446166156,0.3512233064627696,0.7977834885949281,0.9601974487304321
test_35,0.25,confidence blend,0.5043933054390667,0.3739723902587451,0.7744940571783256,0.9638519287109006
test_36,0.5,6x6 only,0.6379587224167977,0.5588204647279786,0.7432095343670411,0.9767799377441033
test_36,0.5,5x5 only,0.7361893311391912,0.6774193548379207,0.8061252771607454,0.9840965270995717
test_36,0.5,OR (6x6 | 5x5),0.6311227154043701,0.5063683593091114,0.8374445676263339,0.9730529785155878
test_36,0.5,confidence blend,0.6790363432875779,0.5905132670826856,0.7987804878037711,0.979213714599572
test_36,0.25,6x6 only,0.6215201926843547,0.5215756322266414,0.7688470066508193,0.9742240905761347
test_36,0.25,5x5 only,0.7117450255322464,0.6173505752972025,0.8402161862516072,0.9812660217284781
test_36,0.25,OR (6x6 | 5x5),0.6010566762725259,0.4599382534545281,0.8671008869167585,0.9683151245116818
test_36,0.25,confidence blend,0.6272225628445599,0.4967627063770664,0.8506097560963822,0.9721679687499629
test_37,0.5,6x6 only,0.4650213886143698,0.3878155872663141,0.5806080525873778,0.9689903259276974
test_37,0.5,5x5 only,0.4398577279583747,0.3272391949319804,0.6706655710753152,0.9603500366210571
test_37,0.5,OR (6x6 | 5x5),0.44718106599940005,0.31612596068807985,0.7638455217736009,0.956161499023401
test_37,0.5,confidence blend,0.5040106107493817,0.4093147312264984,0.6557107641731212,0.9700431823730098
test_37,0.25,6x6 only,0.45247101891369584,0.35982532751056784,0.6093672966300586,0.9657669067382444
test_37,0.25,5x5 only,0.4288174794545402,0.3060550716491247,0.7160230073940574,0.9557228088378541
test_37,0.25,OR (6x6 | 5x5),0.4253845816713742,0.29004303131706305,0.7975349219378841,0.9499855041503543
test_37,0.25,confidence blend,0.44754846066113285,0.3147764485729367,0.7740345110915793,0.955642700195276
test_38,0.5,6x6 only,0.4885253906247018,0.6019855595658815,0.4110517666388547,0.9680328369140255
test_38,0.5,5x5 only,0.5199860272466091,0.5056779578758559,0.5351273623659253,0.9633064270019164
test_38,0.5,OR (6x6 | 5x5),0.5629223905647056,0.4938386421758553,0.6544782251431239,0.9622535705566039
test_38,0.5,confidence blend,0.5711378667115645,0.6350722815831111,0.518898931798974,0.971057891845666
test_38,0.25,6x6 only,0.48799264621366883,0.5537157757489521,0.43621610517621584,0.9660034179687131
test_38,0.25,5x5 only,0.5115731304069794,0.45758042297993873,0.5800123253897083,0.958866119384729
test_38,0.25,OR (6x6 | 5x5),0.5424515096978434,0.44416792193303806,0.6965899753485039,0.9563560485839478
test_38,0.25,confidence blend,0.5578302255832756,0.48353552859582277,0.6591002465071291,0.9611930847167601
test_39,0.5,6x6 only,0.6797526744525078,0.5827513672691773,0.8154951136220233,0.9751052856444941
test_39,0.5,5x5 only,0.8364769376281997,0.7929324894506403,0.8850818320959789,0.9887886047362904
test_39,0.5,OR (6x6 | 5x5),0.6751732000347824,0.5379026060221211,0.9065112445532714,0.9717407226562129
test_39,0.5,confidence blend,0.7088739463961033,0.5928712871282432,0.881314023312279,0.9765472412109002
test_39,0.25,6x6 only,0.6603151337483234,0.540370342603988,0.8486989285283778,0.9717102050780879
test_39,0.25,5x5 only,0.8173209915944157,0.7454633672967049,0.9045095961369309,0.9869003295898061
test_39,0.25,OR (6x6 | 5x5),0.6356803315318589,0.4852977667490786,0.9211115035901081,0.9657936096191038
test_39,0.25,confidence blend,0.65267496635235,0.5076882810963111,0.9135758860227086,0.9684982299804318
test_4,0.5,6x6 only,0.685879491532887,0.6861628867866254,0.6855963302746003,0.9738883972167597
test_4,0.5,5x5 only,0.6142715165968538,0.5419852683265226,0.708807339448891,0.9629859924316039
test_4,0.5,OR (6x6 | 5x5),0.605268046215921,0.5085846288315485,0.7473394495405987,0.9594688415526977
test_4,0.5,confidence blend,0.6614429458357262,0.6201525491765394,0.708623853210359,0.969837188720666
test_4,0.25,6x6 only,0.6773796979273456,0.6495453014477521,0.7077064220176993,0.9719696044921504
test_4,0.25,5x5 only,0.6014801525003358,0.5075059921783098,0.7381651376140016,0.9593276977538696
test_4,0.25,OR (6x6 | 5x5),0.5866240266961253,0.47224087754618743,0.7741284403662622,0.9546356201171511
test_4,0.25,confidence blend,0.6043540511763998,0.5037640002445046,0.7551376146782063,0.9588890075683227
test_40,0.5,6x6 only,0.6183581524914474,0.5852864583329522,0.6553911205069217,0.9576683044433228
test_40,0.5,5x5 only,0.6370509783558954,0.5740350877189625,0.715608369176412,0.9573326110839478
test_40,0.5,OR (6x6 | 5x5),0.6322437739461709,0.5363363973386134,0.7699205365599111,0.9531326293944948
test_40,0.5,confidence blend,0.6486235489218413,0.5950222114035203,0.712838084128663,0.9595870971679321
test_40,0.25,6x6 only,0.6224513098226527,0.563297118563673,0.6954873514611828,0.9558525085448853
test_40,0.25,5x5 only,0.6398092676364349,0.5508710984785773,0.7629948239405387,0.9550476074218385
test_40,0.25,OR (6x6 | 5x5),0.6250494769576972,0.5105066272569572,0.8058613399425487,0.949409484863245
test_40,0.25,confidence blend,0.6325715292871652,0.5297416974167135,0.7849383976082344,0.9522857666015261
test_41,0.5,6x6 only,0.7178155178150397,0.7944862155376758,0.654640427598816,0.9838371276855093
test_41,0.5,5x5 only,0.6932568531976967,0.7686732731833033,0.6313168124384945,0.9824562072753531
test_41,0.5,OR (6x6 | 5x5),0.6986178423977152,0.6883622214353396,0.7091836734685262,0.9807853698730095
test_41,0.5,confidence blend,0.7285401858934332,0.8328124999986988,0.6474732750235088,0.9848480224608999
test_41,0.25,6x6 only,0.7129525942511429,0.7306809487366352,0.6960641399408454,0.9823989868163687
test_41,0.25,5x5 only,0.6945627662235689,0.7170201758914679,0.6734693877542839,0.981399536132775
test_41,0.25,OR (6x6 | 5x5),0.675152246666662,0.615607803901335,0.7474489795909287,0.9774131774901971
test_41,0.25,confidence blend,0.7057848303625402,0.6884602056131587,0.7240038872683138,0.981044769287072
test_42,0.5,6x6 only,0.3928108528468048,0.48105820105718294,0.3319217289714779,0.9731941223144159
test_42,0.5,5x5 only,0.40155573493769603,0.403599350936121,0.3995327102797904,0.9688911437987912
test_42,0.5,OR (6x6 | 5x5),0.443572395128252,0.41326273323195506,0.47867990654135706,0.968627929687463
test_42,0.5,confidence blend,0.39169719169687284,0.4425234504314097,0.35134345794341215,0.9714927673339473
test_42,0.25,6x6 only,0.4081763527050836,0.4524613470757909,0.3717873831770272,0.9718360900878535
test_42,0.25,5x5 only,0.41229607658054984,0.382920110192358,0.44655373831710493,0.9667434692382443
test_42,0.25,OR (6x6 | 5x5),0.44672181750805856,0.38695187165734013,0.528329439251565,0.9658126831054319
test_42,0.25,confidence blend,0.4441024954837465,0.4098036794660948,0.48466705607405863,0.9683036804198849
test_43,0.5,6x6 only,0.7445021749635258,0.7845047109747998,0.708381237065585,0.9677352905273068
test_43,0.5,5x5 only,0.7276080374344268,0.6980564064641924,0.7597723614619684,0.9622497558593383
test_43,0.5,OR (6x6 | 5x5),0.7355453693091115,0.6724285714282512,0.8117383306502577,0.961265563964807
test_43,0.5,confidence blend,0.7500787536868897,0.7473606117669649,0.7528167394799076,0.9667091369628537
test_43,0.25,6x6 only,0.7455407803995853,0.7548759648808232,0.7364336629105906,0.9666404724120724
test_43,0.25,5x5 only,0.7244227917812105,0.6715099155700611,0.7863876753272094,0.9602966308593384
test_43,0.25,OR (6x6 | 5x5),0.7264948761315475,0.6403016485440897,0.8395033340993104,0.9580535888671509
test_43,0.25,confidence blend,0.7346875803546582,0.6646506001671794,0.8212232697167042,0.9606399536132446
test_44,0.5,6x6 only,0.6361642118451518,0.6292622442640436,0.64321926489091,0.9867134094237905
test_44,0.5,5x5 only,0.5983445013789925,0.5607683782775014,0.6413181242065034,0.9844512939452749
test_44,0.5,OR (6x6 | 5x5),0.6120601298252374,0.5137654143955925,0.756865230247662,0.9826736450194937
test_44,0.5,confidence blend,0.6601841315809867,0.6468680316224471,0.674059991549062,0.9874687194823841
test_44,0.25,6x6 only,0.657574859175158,0.617827298048992,0.7027883396689845,0.9867820739745717
test_44,0.25,5x5 only,0.6069777979151726,0.5315029360410546,0.7074355724530895,0.9834556579589468
test_44,0.25,OR (6x6 | 5x5),0.6132179386305167,0.4885907723163383,0.823193916348071,0.98124694824215
test_44,0.25,confidence blend,0.6265060240958576,0.5210932025220447,0.7853823405137613,0.9830894470214468
test_45,0.5,6x6 only,0.7289805036551944,0.6641687482647199,0.8078091594454733,0.9796371459960563
test_45,0.5,5x5 only,0.6702554565916266,0.5930544730227825,0.770563744794902,0.9742965698241816
test_45,0.5,OR (6x6 | 5x5),0.6615195648356459,0.5420950463724623,0.8484302914359756,0.9705657958984004
test_45,0.5,confidence blend,0.7422789079789489,0.6981263011790442,0.7923933835931221,0.9813461303710562
test_45,0.25,6x6 only,0.7076747828559933,0.6119684780819142,0.8388657589728379,0.9765052795409783
test_45,0.25,5x5 only,0.6415232515559128,0.5406990201369178,0.788567570607867,0.9701232910155879
test_45,0.25,OR (6x6 | 5x5),0.6265459542475844,0.48886786502649704,0.8721728367268232,0.9647521972655881
test_45,0.25,confidence blend,0.6585123395424392,0.534596491227695,0.8572071565197961,0.9698600769042598
test_46,0.5,6x6 only,0.651810584957868,0.6661556991123768,0.6380702674350938,0.9752044677734003
test_46,0.5,5x5 only,0.5627216013641386,0.49184057743567244,0.6574724698472391,0.9628334045409789
test_46,0.5,OR (6x6 | 5x5),0.5762318840577324,0.4760862127947478,0.7297325642362561,0.960960388183557
test_46,0.5,confidence blend,0.6584839769922666,0.6451645365798075,0.6723649711581831,0.9746322631835566
test_46,0.25,6x6 only,0.6504956972469174,0.6252902476774136,0.6778185631875429,0.9735069274901972
test_46,0.25,5x5 only,0.5583789794487218,0.4597178895968671,0.710959622442883,0.9590950012206665
test_46,0.25,OR (6x6 | 5x5),0.5585913782632974,0.43765237557207726,0.771893025693999,0.9556274414062135
test_46,0.25,confidence blend,0.5838107709933771,0.47869270518725004,0.7480859989504477,0.961204528808557
test_47,0.5,6x6 only,0.663956978489037,0.6181521802406601,0.7170932666976989,0.9589996337890259
test_47,0.5,5x5 only,0.5874422431797621,0.5527365850750088,0.6267981360163255,0.9502716064452762
test_47,0.5,OR (6x6 | 5x5),0.6423546224028135,0.5415411704737771,0.7892888498677725,0.95035552978512
test_47,0.5,confidence blend,0.6742665036672756,0.6158097471106929,0.7449854798401128,0.9593429565429321
test_47,0.25,6x6 only,0.6607913881822143,0.5877834482029842,0.7545080029710579,0.9562454223632447
test_47,0.25,5x5 only,0.5851486627818363,0.5247614964087658,0.6612413047878292,0.9470405578612919
test_47,0.25,OR (6x6 | 5x5),0.625225969732807,0.5061676771898365,0.817518741135397,0.9446411132812139
test_47,0.25,confidence blend,0.6370764190965478,0.5287720080229423,0.8011751198751933,0.9484405517577763
test_48,0.5,6x6 only,0.5543478260866102,0.6483050847448154,0.48417721518934503,0.9727859497069941
test_48,0.5,5x5 only,0.6133895069444978,0.773021403682142,0.5084024443468917,0.9775962829589471
test_48,0.5,OR (6x6 | 5x5),0.6321151716497053,0.6416366906467607,0.6228721082489929,0.9746551513671503
test_48,0.5,confidence blend,0.6291839037228099,0.7391752577308701,0.5476865997375079,0.9774322509765252
test_48,0.25,6x6 only,0.5734622456844573,0.6282001299536996,0.5274989087728857,0.9725685119628534
test_48,0.25,5x5 only,0.6367550702024107,0.7436233785151675,0.5567437800081222,0.9777946472167596
test_48,0.25,OR (6x6 | 5x5),0.6426150878470139,0.6152540680836425,0.6725229157565773,0.9738502502441034
test_48,0.25,confidence blend,0.6386627591443402,0.6352839559483531,0.6420776953288497,0.9746017456054316
test_49,0.5,6x6 only,0.5220733465005487,0.5774681152567578,0.47637603507016424,0.9658470153808225
test_49,0.5,5x5 only,0.606719938384227,0.5996764677889431,0.6139308329268252,0.9688339233398068
test_49,0.5,OR (6x6 | 5x5),0.5924203273037931,0.530914704746792,0.6700438382847832,0.9638977050780881
test_49,0.5,confidence blend,0.5765282904380965,0.5993481917571495,0.5553823672668724,0.9680519104003537
test_49,0.25,6x6 only,0.5304524656835127,0.5547049441780385,0.508231855820255,0.9647674560546506
test_49,0.25,5x5 only,0.6003441405539756,0.5608765546995846,0.6457866536769159,0.9663314819335569
test_49,0.25,OR (6x6 | 5x5),0.5856670163826222,0.4998966728659503,0.7069654164630229,0.9608306884765258
test_49,0.25,confidence blend,0.5940720551909573,0.5277294393580028,0.6794934242565226,0.9636383056640258
test_5,0.5,6x6 only,0.677944597165942,0.632014719410393,0.731073274550424,0.9825706481933218
test_5,0.5,5x5 only,0.7367623769188619,0.6733794839513236,0.8133171176637073,0.985416412353478
test_5,0.5,OR (6x6 | 5x5),0.6797377611661787,0.5693318279784775,0.84326543022067,0.9800605773925407
test_5,0.5,confidence blend,0.7322834645664233,0.6710126582269987,0.8058680449972547,0.9852142333983999
test_5,0.25,6x6 only,0.6727357299483867,0.5975681737686251,0.7695348130119041,0.9812126159667593
test_5,0.25,5x5 only,0.7230577264065652,0.6364897676024551,0.8368805107922821,0.9839134216308218
test_5,0.25,OR (6x6 | 5x5),0.655606936415806,0.5289125163210885,0.8621161447235298,0.977272033691369
test_5,0.25,confidence blend,0.6710415412398127,0.5555223285480906,0.8472179993906245,0.9791564941405876
test_50,0.5,6x6 only,0.3195129976963479,0.32881815103229123,0.31071999999950284,0.968444824218713
test_50,0.5,5x5 only,0.3740534622749986,0.4351517724465397,0.3279999999994752,0.9738273620605097
test_50,0.5,OR (6x6 | 5x5),0.3271742808796432,0.28351906158324514,0.3867199999993813,0.9620780944823851
test_50,0.5,confidence blend,0.331636980491661,0.3528880866419623,0.31279999999949953,0.9699401855468379
test_50,0.25,6x6 only,0.31362740639660935,0.2979550691239949,0.33103999999947037,0.9654541015624631
test_50,0.25,5x5 only,0.38706918669256213,0.41576336579016027,0.3620799999994207,0.9726600646972284
test_50,0.25,OR (6x6 | 5x5),0.32317636195732646,0.26263131565756614,0.419999999999328,0.9580574035644165
test_50,0.25,confidence blend,0.32625329815281906,0.27755331088633267,0.3956799999993669,0.9610366821288695
test_51,0.5,6x6 only,0.6041677827178421,0.6362405506029152,0.5751733986122244,0.9718132019042598
test_51,0.5,5x5 only,0.656235665867868,0.6558011612502233,0.6566707466333571,0.9742698669433222
test_51,0.5,OR (6x6 | 5x5),0.6565211465948955,0.5918584650662693,0.7370461036304191,0.9711570739745723
test_51,0.5,confidence blend,0.6639797947226267,0.7016467915948873,0.6301509587916868,0.9761466979980096
test_51,0.25,6x6 only,0.6007081436516941,0.5958258077457397,0.6056711546301451,0.9698867797851192
test_51,0.25,5x5 only,0.6521950744667321,0.6237199776572112,0.6833945328430402,0.9727401733398066
test_51,0.25,OR (6x6 | 5x5),0.6400068578283656,0.5519331706952377,0.7615259077919608,0.9679603576659787
test_51,0.25,confidence blend,0.6583227905292525,0.5909312134972494,0.7430640554867981,0.9711532592773067
test_52,0.5,6x6 only,0.5645575270613968,0.5916267103255857,0.5398570056551704,0.9702301025390254
test_52,0.5,5x5 only,0.5776903317480583,0.5920905220696929,0.5639739622232803,0.9705238342284785
test_52,0.5,OR (6x6 | 5x5),0.570465016861934,0.5140386920043536,0.6408067442101795,0.9655036926269163
test_52,0.5,confidence blend,0.6104218362279435,0.647290993899477,0.5775264112681917,0.9736480712890253
test_52,0.25,6x6 only,0.5535128378727392,0.5405900305182699,0.567068615942197,0.9672966003417599
test_52,0.25,5x5 only,0.5817453387433449,0.5608041196270936,0.6043111727664023,0.9689369201659787
test_52,0.25,OR (6x6 | 5x5),0.5528483786150075,0.4690311547323451,0.6731405399629995,0.9610748291015258
test_52,0.25,confidence blend,0.5669628320228092,0.5025564901859619,0.6503041297613378,0.96448898315426
test_53,0.5,6x6 only,0.8137910826777293,0.8368822820401397,0.7919399296637277,0.9854545593261342
test_53,0.5,5x5 only,0.7165696912508693,0.798854604954653,0.6496530748021578,0.9793739318847282
test_53,0.5,OR (6x6 | 5x5),0.808359270786657,0.7594619433530291,0.8639863130872882,0.9835586547851187
test_53,0.5,confidence blend,0.8357183743556402,0.8388394139607019,0.8326204733382447,0.9868621826171499
test_53,0.25,6x6 only,0.8109123350702865,0.8013177431321442,0.820739473433304,0.9846382141112905
test_53,0.25,5x5 only,0.7188930715226783,0.773339170405195,0.6716091626264883,0.9789199829101188
test_53,0.25,OR (6x6 | 5x5),0.793256130789853,0.7184391146751612,0.885467160915421,0.9814758300780875
test_53,0.25,confidence blend,0.8044702492684312,0.7439044082022089,0.8757722649929894,0.9829139709472281
test_54,0.5,6x6 only,0.5494409120804431,0.5043471260662499,0.6033901569868021,0.9608039855956664
test_54,0.5,5x5 only,0.5812704768836088,0.5509359096001458,0.6151401329089712,0.9648971557616819
test_54,0.5,OR (6x6 | 5x5),0.5979702142549295,0.5014347202292282,0.7405374169308094,0.9605598449706665
test_54,0.5,confidence blend,0.5804899387574013,0.5317784723887699,0.6390253298655119,0.9634170532226195
test_54,0.25,6x6 only,0.5641854107118329,0.49498473615315086,0.655879803524361,0.9598655700683227
test_54,0.25,5x5 only,0.5832508073194475,0.5274100607377921,0.6523162862364901,0.9630775451659789
test_54,0.25,OR (6x6 | 5x5),0.5933573370561417,0.4796554796551947,0.7777135702583282,0.957778930664026
test_54,0.25,confidence blend,0.6018705859894629,0.49854540855015267,0.7592218048726194,0.9602165222167602
test_55,0.5,6x6 only,0.5756279648490741,0.4629143214503278,0.760896381577383,0.979183197021447
test_55,0.5,5x5 only,0.6663969576821211,0.5494329553028027,0.8466282894719436,0.9842720031737905
test_55,0.5,OR (6x6 | 5x5),0.5886460623298923,0.429352952272751,0.9358552631559707,0.9757308959960564
test_55,0.5,confidence blend,0.6379786814049443,0.517882322778467,0.8305921052614503,0.9825096130370718
test_55,0.25,6x6 only,0.5374192203456761,0.4058990238265919,0.7950246710509971,0.9746055603026972
test_55,0.25,5x5 only,0.6368353764002129,0.5020751808365919,0.8704769736824209,0.9815788269042593
test_55,0.25,OR (6x6 | 5x5),0.5316820276494633,0.3693181818178862,0.948807565787523,0.9689865112304318
test_55,0.25,confidence blend,0.5667740336963784,0.40558510638261913,0.9405838815770137,0.9733200073241816
test_56,0.5,6x6 only,0.5758616868000799,0.6130973451320199,0.5428899801477975,0.9708023071288692
test_56,0.5,5x5 only,0.5046309837181902,0.4729964360774257,0.5408003343427638,0.961235046386682
test_56,0.5,OR (6x6 | 5x5),0.5480420675763937,0.47933302019690044,0.6397450632111171,0.9614753723144164
test_56,0.5,confidence blend,0.5686521693452208,0.5717756417021529,0.565562637132415,0.9686737060546505
test_56,0.25,6x6 only,0.5800020874644713,0.5793973516832661,0.5806080869286588,0.969299316406213
test_56,0.25,5x5 only,0.49778701110988266,0.43838994511141643,0.5758019015770809,0.9575805664062135
test_56,0.25,OR (6x6 | 5x5),0.5347558202040545,0.4425130030109208,0.6755824887674479,0.9570808410644166
test_56,0.25,confidence blend,0.5468303198273077,0.47226443768961074,0.6493574339142729,0.9607048034667602
test_57,0.5,6x6 only,0.6777053926884928,0.6861487724428615,0.6694672863770657,0.9864120483398061
test_57,0.5,5x5 only,0.5677300700286003,0.4697413086732181,0.717375759741299,0.9766883850097283
test_57,0.5,OR (6x6 | 5x5),0.5820360841525551,0.4578337944456831,0.798712906684307,0.9755210876464471
test_57,0.5,confidence blend,0.6841201014475299,0.6307135314517563,0.7474079370741019,0.9852714538573842
test_57,0.25,6x6 only,0.6634114044519875,0.6176606564946561,0.7164819449397274,0.9844856262206655
test_57,0.25,5x5 only,0.555512572533491,0.43444937474744405,0.7701108330340184,0.9737014770507441
test_57,0.25,OR (6x6 | 5x5),0.5501941861830351,0.41008771929788584,0.8357168394693677,0.9708404541015254
test_57,0.25,confidence blend,0.5792503517969941,0.45099601593580574,0.8094386843031651,0.9749069213866816
test_58,0.5,6x6 only,0.1509501399891875,0.1911298838434287,0.12472927741669153,0.9456291198730108
test_58,0.5,5x5 only,0.33700509850800214,0.4672717751780987,0.26353612915902386,0.9598197937011352
test_58,0.5,OR (6x6 | 5x5),0.3106462533473242,0.3191113879369676,0.30261862571342524,0.9479560852050419
test_58,0.5,confidence blend,0.22110033847729843,0.26495256427847524,0.18970269738118753,0.9482078552245732
test_58,0.25,6x6 only,0.17800869712533007,0.2087693734266674,0.1551486513091601,0.944477081298792
test_58,0.25,5x5 only,0.3729845933354992,0.47404371584627497,0.30744240992291055,0.9599456787109009
test_58,0.25,OR (6x6 | 5x5),0.3385171446234182,0.32744502714111007,0.3503642449297594,0.9469413757323857
test_58,0.25,confidence blend,0.31639757073010594,0.31738484398185496,0.31541642055491687,0.9471855163573857
test_59,0.5,6x6 only,0.7735220649455856,0.8414162206662482,0.715766617636257,0.9771728515624627
test_59,0.5,5x5 only,0.8030790441173394,0.8859315589346126,0.7343979827689749,0.9803848266601188
test_59,0.5,OR (6x6 | 5x5),0.8020071684584938,0.82125816633574,0.783638019191158,0.9789276123046501
test_59,0.5,confidence blend,0.7964615325696792,0.8785907401141613,0.7283743083275699,0.9797248840331657
test_59,0.25,6x6 only,0.775862068965235,0.8070374574341225,0.7470056734602878,0.9764938354491814
test_59,0.25,5x5 only,0.8041137595601083,0.8555739906764197,0.7584926805345951,0.9798736572265251
test_59,0.25,OR (6x6 | 5x5),0.7915293794615624,0.7760279964999152,0.8076626742307154,0.9768295288085564
test_59,0.25,confidence blend,0.8020142558243902,0.8122396207435625,0.7920431463187,0.9787025451659782
test_6,0.5,6x6 only,0.5095354523224892,0.4726052249632868,0.5527265011663985,0.9617385864257445
test_6,0.5,5x5 only,0.5613883280451104,0.5132735583680439,0.6194568215567372,0.9651947021484006
test_6,0.5,OR (6x6 | 5x5),0.5694791710808282,0.47413732270095676,0.7128156163794687,0.9612464904784789
test_6,0.5,confidence blend,0.5703639179246175,0.5243815625551482,0.6251856566935866,0.9661331176757444
test_6,0.25,6x6 only,0.512144344205176,0.45409795717412904,0.5872056015270664,0.9597740173339477
test_6,0.25,5x5 only,0.5556918882069731,0.48604817553025986,0.6486314449388407,0.9627037048339476
test_6,0.25,OR (6x6 | 5x5),0.5635028338785968,0.4516892756587844,0.7488860598337058,0.9582824707030884
test_6,0.25,confidence blend,0.568564117622145,0.4702005134250536,0.7189688096746032,0.9607658386230101
test_60,0.5,6x6 only,0.5597423510464413,0.4636432926825734,0.7060940220537363,0.9634971618651976
test_60,0.5,5x5 only,0.7892893701843708,0.73647697566787,0.8502611723727796,0.985080718994103
test_60,0.5,OR (6x6 | 5x5),0.6163320803004814,0.4701360502712036,0.8944863609972205,0.963401794433557
test_60,0.5,confidence blend,0.628452180090299,0.5088804199320421,0.8214741729531961,0.968078613281213
test_60,0.25,6x6 only,0.5423107152211413,0.4346608805204489,0.7208357515952166,0.9600143432616821
test_60,0.25,5x5 only,0.7736024844716493,0.6980850070054198,0.8674405107360795,0.9833145141601187
test_60,0.25,OR (6x6 | 5x5),0.589137956972849,0.43576475824824135,0.9091120139281379,0.9583282470702759
test_60,0.25,confidence blend,0.6019447685723057,0.45264697279879923,0.8982008125352312,0.960960388183557
test_61,0.5,6x6 only,0.44738688179546876,0.5884659746237867,0.3608714103828535,0.975959777831994
test_61,0.5,5x5 only,0.40273627928887973,0.45335457603035345,0.36228603762857226,0.9710235595702754
test_61,0.5,OR (6x6 | 5x5),0.45259640818567964,0.44552555844806696,0.4598953175831661,0.9700012207030879
test_61,0.5,confidence blend,0.44896911626276925,0.5679653679641387,0.37119818927660037,0.9754295349120721
test_61,0.25,6x6 only,0.46910828025440354,0.536514296119948,0.41674918658874416,0.9745635986327753
test_61,0.25,5x5 only,0.3980421795145771,0.40518757327021515,0.3911444334412348,0.9680976867675412
test_61,0.25,OR (6x6 | 5x5),0.443504230960401,0.3958680439848985,0.504173150374163,0.9658813476562131
test_61,0.25,confidence blend,0.4517797590686369,0.4353357817412968,0.4695147828540536,0.9692726135253537
test_62,0.5,6x6 only,0.5543270169952903,0.761158798282445,0.43588325652814996,0.9564857482909791
test_62,0.5,5x5 only,0.6003439709533345,0.7941354903935347,0.4825806451609938,0.9601097106933227
test_62,0.5,OR (6x6 | 5x5),0.6351994920095124,0.745775347911907,0.5531797235019642,0.9605522155761352
test_62,0.5,confidence blend,0.6081705965526777,0.8043873837436267,0.48890937019939235,0.9608879089355101
test_62,0.25,6x6 only,0.5769689737468016,0.733896214779685,0.4753302611364207,0.9567260742187135
test_62,0.25,5x5 only,0.6271863884710398,0.7777373590389435,0.5254685099843162,0.9612159729003539
test_62,0.25,OR (6x6 | 5x5),0.6477609927162639,0.7178088334199851,0.5901689708137694,0.9601516723632446
test_62,0.25,confidence blend,0.6441602012998378,0.7469000729388549,0.5662672811056428,0.9611587524413695
test_63,0.5,6x6 only,0.5724675324671608,0.7207325049039883,0.4747953468327501,0.9748840332030878
test_63,0.5,5x5 only,0.5295516304344828,0.5581145584718876,0.5037699267551661,0.9682998657226193
test_63,0.5,OR (6x6 | 5x5),0.5773343566126491,0.5498489425976514,0.6077121930195952,0.9684867858886349
test_63,0.5,confidence blend,0.581357214934043,0.7013085818613797,0.496445497629797,0.9746780395507441
test_63,0.25,6x6 only,0.585485553033197,0.6800627048586575,0.5140025850920787,0.9742240905761347
test_63,0.25,5x5 only,0.5371220020852256,0.5205133387221902,0.5548255062467096,0.9661331176757444
test_63,0.25,OR (6x6 | 5x5),0.5729525607738621,0.5099571464578523,0.6537052994391924,0.9654884338378538
test_63,0.25,confidence blend,0.5808304777259722,0.5457386363631195,0.6207453683750315,0.9682693481444943
test_64,0.5,6x6 only,0.5526196928632833,0.4776964372860149,0.6554171688755117,0.9697723388671504
test_64,0.5,5x5 only,0.49680715197930136,0.41218543046321215,0.6251506629159969,0.9639282226562131
test_64,0.5,OR (6x6 | 5x5),0.5107310370964557,0.3951612903222909,0.7218427748751549,0.960605621337854
test_64,0.5,confidence blend,0.54358023344576,0.4585442164346567,0.66733627962948,0.968078613281213
test_64,0.25,6x6 only,0.5513146734517858,0.45626041940821593,0.6963974822543239,0.967712402343713
test_64,0.25,5x5 only,0.49573842396426465,0.3948078755157234,0.6659970537020677,0.9614067077636351
test_64,0.25,OR (6x6 | 5x5),0.5005089171126695,0.3737607402509096,0.7573322619515772,0.9569435119628541
test_64,0.25,confidence blend,0.5128491100885204,0.3926843153996636,0.7389848667460306,0.9600105285644165
test_65,0.5,6x6 only,0.6674378253322865,0.7383237364036758,0.608970976252839,0.9692916870116818
test_65,0.5,5x5 only,0.6695022698455403,0.7317182192019205,0.6170373162452943,0.9691734313964474
test_65,0.5,OR (6x6 | 5x5),0.7150343802264578,0.7052052785918583,0.725141349415209,0.970752716064416
test_65,0.5,confidence blend,0.7007886689197245,0.7515318891855083,0.6564643799467347,0.9716339111327754
test_65,0.25,6x6 only,0.6754773552151351,0.7085160969951928,0.6453825857514923,0.9686203002929318
test_65,0.25,5x5 only,0.686435724583764,0.7104371672844729,0.6640030154537022,0.9693031311034787
test_65,0.25,OR (6x6 | 5x5),0.7150423728811034,0.6725340418461159,0.7632868450804648,0.9692153930663693
test_65,0.25,confidence blend,0.7167685046281816,0.696360017061925,0.7384093479074719,0.9704704284667598
test_66,0.5,6x6 only,0.3546099290776599,0.53383458646456,0.26548010768730856,0.9753532409667596
test_66,0.5,5x5 only,0.31526768010548967,0.35215946843788826,0.2853724199816252,0.968383789062463
test_66,0.5,OR (6x6 | 5x5),0.4137206334906449,0.4152478529449823,0.4122046066401253,0.970203399658166
test_66,0.5,confidence blend,0.3086757990864761,0.39634146341370463,0.25276697576988816,0.9711227416991817
test_66,0.25,6x6 only,0.3721499905781306,0.5028004073306955,0.29539335925770954,0.9745788574218378
test_66,0.25,5x5 only,0.33315263687730723,0.34543118676674894,0.3217170206396624,0.9671516418456662
test_66,0.25,OR (6x6 | 5x5),0.4224703419396912,0.39599686028205655,0.45273706251801865,0.9684295654296505
test_66,0.25,confidence blend,0.41085385636306526,0.40517742873704893,0.4166915943756855,0.9695205688476192
test_67,0.5,6x6 only,0.475503355704299,0.44399185335979324,0.5118295105643637,0.9761505126952752
test_67,0.5,5x5 only,0.411005773754073,0.3394959962313477,0.5206790680864716,0.9684791564941037
test_67,0.5,OR (6x6 | 5x5),0.4042501221296994,0.30537872497434687,0.5977966407791263,0.9627838134765258
test_67,0.5,confidence blend,0.5125429553260201,0.4887760117966758,0.5387393895601612,0.9783554077148063
test_67,0.25,6x6 only,0.4764161761329589,0.41304347826032206,0.5627596171201684,0.9738731384276972
test_67,0.25,5x5 only,0.40840917831021123,0.3165424739192086,0.5754018421517512,0.9647903442382444
test_67,0.25,OR (6x6 | 5x5),0.391432630313413,0.2806110458282173,0.646920715187562,0.9575119018554322
test_67,0.25,confidence blend,0.4147443233148137,0.31113320079494744,0.6218168683391334,0.9629325866698851
test_68,0.5,6x6 only,0.49941273197057817,0.4902005994921717,0.5089777352160534,0.9674835205077755
test_68,0.5,5x5 only,0.541870871510472,0.48819351123009386,0.6088101508252228,0.967193603515588
test_68,0.5,OR (6x6 | 5x5),0.5241775850690338,0.43229166666633057,0.665669140530685,0.9614868164062133
test_68,0.5,confidence blend,0.5186934277840453,0.4890278808433276,0.5521905673922046,0.9673423767089474
test_68,0.25,6x6 only,0.5093308811594583,0.46462054672805225,0.5635623653332971,0.9653968811034788
test_68,0.25,5x5 only,0.5457899197365044,0.4676633917125436,0.6552549676793687,0.9652442932128538
test_68,0.25,OR (6x6 | 5x5),0.520911725271173,0.4078011783026967,0.7208522863290389,0.9577445983886353
test_68,0.25,confidence blend,0.5268274786753523,0.4269997026461292,0.6875748144593158,0.9606399536132446
test_69,0.5,6x6 only,0.4471941007368489,0.5957375957356119,0.3579431772701922,0.9831275939941031
test_69,0.5,5x5 only,0.4522331263764748,0.4526864474730299,0.45178071228401007,0.9791336059569938
test_69,0.5,OR (6x6 | 5x5),0.4713296644767696,0.4235800893420173,0.5312124849929347,0.9772796630859002
test_69,0.5,confidence blend,0.5552035668185437,0.6712056737569612,0.47338935574134977,0.985538482665978
test_69,0.25,6x6 only,0.4442425618891162,0.5136554621835251,0.3913565426162638,0.9813308715819937
test_69,0.25,5x5 only,0.44760767747226776,0.41368188762448876,0.4875950380142305,0.9770545959472283
test_69,0.25,OR (6x6 | 5x5),0.45383165829110095,0.3734815197720684,0.5782312925158499,0.9734649658202753
test_69,0.25,confidence blend,0.46374094588797293,0.40388897135163443,0.5444177671057535,0.9759941101073846
test_7,0.5,6x6 only,0.47863616745771315,0.3962978845051484,0.604162126824358,0.9539184570312136
test_7,0.5,5x5 only,0.5961664896573123,0.5563001415756901,0.642187840487424,0.9695396423339473
test_7,0.5,OR (6x6 | 5x5),0.5191447041271012,0.3999999999997642,0.739376770537438,0.9520454406737917
test_7,0.5,confidence blend,0.5457350272229828,0.4675789146318865,0.6552625844403407,0.9618072509765258
test_7,0.25,6x6 only,0.46584197924961457,0.367522981991961,0.6359773371097885,0.9489364624023076
test_7,0.25,5x5 only,0.5874796280315466,0.5244779185206055,0.6676835911956115,0.9671707153319943
test_7,0.25,OR (6x6 | 5x5),0.497754517486298,0.3684623841681752,0.7668337328385629,0.945819854736292
test_7,0.25,confidence blend,0.5097820841220219,0.38662086829191583,0.7480932665060491,0.9496269226073856
test_70,0.5,6x6 only,0.5904303340349177,0.6029502151186172,0.578419811319618,0.9844245910644155
test_70,0.5,5x5 only,0.5487425351160327,0.47963534774227373,0.6411163521999979,0.9795341491698845
test_70,0.5,OR (6x6 | 5x5),0.5675304878044455,0.46352091633408427,0.7317216981117695,0.9783554077148063
test_70,0.5,confidence blend,0.6144194756548553,0.5867310443480209,0.6448506289295503,0.9842910766601186
test_70,0.25,6x6 only,0.588117001827616,0.549726589199334,0.6322720125773736,0.9828109741210562
test_70,0.25,5x5 only,0.5387956860391411,0.4352613746364529,0.7069575471684219,0.976509094238244
test_70,0.25,OR (6x6 | 5x5),0.5410133907539593,0.41133735802679694,0.7900943396210887,0.9739799499511347
test_70,0.25,confidence blend,0.5717246484081631,0.45856091189686704,0.7590408805016529,0.9779281616210564
test_71,0.5,6x6 only,0.620614631492643,0.629604083320969,0.6118782678635046,0.9787139892577751
test_71,0.5,5x5 only,0.6371476529486385,0.5606029741285795,0.7379005228573027,0.9760856628417596
test_71,0.5,OR (6x6 | 5x5),0.6278334494396721,0.5229423317260106,0.7853599678230522,0.9735069274901972
test_71,0.5,confidence blend,0.6770503457631506,0.6536061891681387,0.7022389060186323,0.9809379577636345
test_71,0.25,6x6 only,0.6068359747943435,0.5776781386323585,0.6390937122930164,0.9764366149901971
test_71,0.25,5x5 only,0.6285806939786895,0.5265779226654653,0.7795951199882295,0.9737854003905878
test_71,0.25,OR (6x6 | 5x5),0.6042987321708576,0.4791486688129434,0.8179380614012361,0.9695205688476192
test_71,0.25,confidence blend,0.6261997679566363,0.5161262279400886,0.79595119989168,0.9729614257812128
test_72,0.5,6x6 only,0.5343671967399996,0.7201558625550118,0.42478061011194157,0.986484527587853
test_72,0.5,5x5 only,0.5042335115858909,0.5400954653925057,0.4728374425397559,0.9830245971679312
test_72,0.5,OR (6x6 | 5x5),0.5287475396244392,0.5243476474203321,0.533221897199053,0.9826469421386343
test_72,0.5,confidence blend,0.5590001225333182,0.6758518518498493,0.4765984120341066,0.986270904540978
test_72,0.25,6x6 only,0.5438022537252589,0.6472454571657131,0.46886753029571904,0.9856376647948842
test_72,0.25,5x5 only,0.5045529801319282,0.49979499794895493,0.509402423734832,0.98173522949215
test_72,0.25,OR (6x6 | 5x5),0.5201776769676588,0.4748921484029769,0.5750104471362829,0.9806327819823845
test_72,0.25,confidence blend,0.5286191875184595,0.5130776794483519,0.5451316339311636,0.9822502136230093
test_73,0.5,6x6 only,0.39467464944052516,0.5065722952472127,0.323267518389261,0.941375732421839
test_73,0.5,5x5 only,0.5198926043444612,0.5655868295269209,0.48102981029779257,0.9474754333495732
test_73,0.5,OR (6x6 | 5x5),0.5329420490823525,0.5327187157497694,0.5331655697505916,0.944751739501917
test_73,0.5,confidence blend,0.47546746447252225,0.5654687777970419,0.41018195896218207,0.9464950561523076
test_73,0.25,6x6 only,0.416365824307906,0.49900847304804485,0.357207381597395,0.940795898437464
test_73,0.25,5x5 only,0.5397781824199503,0.5542938736652245,0.5260033552713085,0.9469718933105107
test_73,0.25,OR (6x6 | 5x5),0.5452833054836563,0.5152437273924814,0.5790424570908639,0.9429054260253547
test_73,0.25,confidence blend,0.5391182018734089,0.5343177641165255,0.5440056781516686,0.9450111389159795
test_74,0.5,6x6 only,0.4341694601775122,0.4034371643385533,0.46996996996879387,0.9813270568847281
test_74,0.5,5x5 only,0.36103364937687205,0.28719313812439046,0.48598598598476983,0.9737777709960566
test_74,0.5,OR (6x6 | 5x5),0.3944384672677361,0.29467045876061004,0.596346346344854,0.9720878601073848
test_74,0.5,confidence blend,0.4227790432797007,0.38795986621992484,0.46446446446330214,0.9806671142577751
test_74,0.25,6x6 only,0.431462549550979,0.3699463327363686,0.5175175175162224,0.9792098999023063
test_74,0.25,5x5 only,0.3523969722452881,0.2653914365337403,0.5242742742729622,0.9706268310546504
test_74,0.25,OR (6x6 | 5x5),0.37808744378059567,0.2680045991426068,0.6416416416400359,0.9678230285644162
test_74,0.25,confidence blend,0.39645355457914716,0.2936852253551534,0.6098598598583337,0.9716949462890254
test_75,0.5,6x6 only,0.37802101576165587,0.3452495201532747,0.41766640866832655,0.9458084106444952
test_75,0.5,5x5 only,0.38165416220061554,0.35442932979399927,0.4134094427240582,0.9471817016601201
test_75,0.5,OR (6x6 | 5x5),0.40959508731513733,0.3394617978240731,0.5162538699685407,0.9413185119628547
test_75,0.5,confidence blend,0.36939735510767313,0.34120347597938905,0.4026702786373813,0.9457931518554327
test_75,0.25,6x6 only,0.38920153331686275,0.3363879881571011,0.4616873065011013,0.9428634643554328
test_75,0.25,5x5 only,0.4060175372977575,0.35586799737717206,0.47261996903979037,0.9454765319823858
test_75,0.25,OR (6x6 | 5x5),0.41970854555729353,0.33078724353237576,0.5740131578941814,0.9374160766601205
test_75,0.25,confidence blend,0.41456750383635343,0.33807459862014644,0.5357972136217726,0.9403343200683235
test_76,0.5,6x6 only,0.509923292340789,0.5999999999982808,0.4433622697428682,0.9846458435058217
test_76,0.5,5x5 only,0.5900900900895363,0.5299174110896175,0.6656785941125012,0.9833374023437125
test_76,0.5,OR (6x6 | 5x5),0.5738494766567753,0.47218045112717405,0.7313148422597262,0.9804306030273063
test_76,0.5,confidence blend,0.6761673039037467,0.7466734902744456,0.6178276519148469,0.9893379211425404
test_76,0.25,6x6 only,0.5256466462072275,0.5448761645068283,0.5077281388936953,0.9834899902343375
test_76,0.25,5x5 only,0.5480493159934571,0.45582244697224916,0.6870633072185326,0.9795837402343376
test_76,0.25,OR (6x6 | 5x5),0.5234244080141905,0.39902243945745497,0.760533559176878,0.9750480651855097
test_76,0.25,confidence blend,0.5741650294690781,0.4680368343781289,0.7425365233945743,0.9801559448241813
test_77,0.5,6x6 only,0.3977340216545307,0.5020761245668949,0.3292987366666697,0.9497108459472293
test_77,0.5,5x5 only,0.466157538729886,0.5508457095703889,0.40403963991194186,0.953334808349573
test_77,0.5,OR (6x6 | 5x5),0.462137476801986,0.4452390969005432,0.4803691655946135,0.9436149597167608
test_77,0.5,confidence blend,0.4092509672649614,0.48109157808618036,0.3560783720399757,0.9481620788573857
test_77,0.25,6x6 only,0.410077094830682,0.46273055713970074,0.36818216203921006,0.9465827941894169
test_77,0.25,5x5 only,0.4866707242846473,0.524855592507855,0.4536651789088027,0.9517402648925418
test_77,0.25,OR (6x6 | 5x5),0.4635289458048506,0.4111481936879143,0.5312050835913978,0.9379959106444954
test_77,0.25,confidence blend,0.4569786995514094,0.4255791190861823,0.49338073984379044,0.9408721923827765
test_78,0.5,6x6 only,0.6567682397548281,0.6600550964181267,0.6535139558135707,0.9713401794433223
test_78,0.5,5x5 only,0.6698651217522088,0.6669671022977314,0.6727884353116894,0.9721755981444942
test_78,0.5,OR (6x6 | 5x5),0.6873458163138725,0.6190268065263556,0.7726156923349644,0.970508575439416
test_78,0.5,confidence blend,0.6777533730778261,0.6684350132620084,0.6873352122914016,0.9725761413573847
test_78,0.25,6x6 only,0.6554860961411272,0.6233191210227752,0.6911537412485761,0.9695167541503535
test_78,0.25,5x5 only,0.6642890903619368,0.62978654065453,0.7027911628323458,0.9701957702636348
test_78,0.25,OR (6x6 | 5x5),0.667021478806057,0.5731739187243087,0.7976179652688448,0.9665870666503537
test_78,0.25,confidence blend,0.6832995105643693,0.6075573167275633,0.7806164196738061,0.9696388244628535
test_79,0.5,6x6 only,0.5920499838411116,0.4929147982058359,0.7411003236235961,0.9711074829101192
test_79,0.5,5x5 only,0.7071865443421215,0.5942547723929935,0.8731121898585853,0.9795455932616813
test_79,0.5,OR (6x6 | 5x5),0.6199130962946222,0.47429756202153833,0.8945523193083946,0.9689674377441037
test_79,0.5,confidence blend,0.6438454442960726,0.5192593817155569,0.8470873786396345,0.9734878540038691
test_79,0.25,6x6 only,0.5721774193545502,0.45685769478392074,0.7653721682837576,0.967620849609338
test_79,0.25,5x5 only,0.6863495346428715,0.5566085206301941,0.8949568500527306,0.9768600463866814
test_79,0.25,OR (6x6 | 5x5),0.5902556259556083,0.4366151658152197,0.9107335490818356,0.9642295837401975
test_79,0.25,confidence blend,0.6094420600855587,0.46072069584394537,0.8999460625662082,0.9673690795898068
test_8,0.5,6x6 only,0.43165775401046436,0.46215504408512287,0.40493628975578916,0.9594573974609009
test_8,0.5,5x5 only,0.5554820656318721,0.563480594549377,0.5477074345334125,0.9666709899901974
test_8,0.5,OR (6x6 | 5x5),0.5040236051499892,0.4545601161193012,0.5655663690171912,0.9576797485351197
test_8,0.5,confidence blend,0.515514094503896,0.5210618017828009,0.5100832748063509,0.9635467529296508
test_8,0.25,6x6 only,0.4322545255071898,0.42970454094742244,0.4348349553522275,0.9565696716308228
test_8,0.25,5x5 only,0.5600538513315896,0.5377158157136573,0.5843282833344192,0.9650955200194944
test_8,0.25,OR (6x6 | 5x5),0.49883197063219636,0.4269189575148683,0.5998796026882713,0.9541702270507448
test_8,0.25,confidence blend,0.502322320567653,0.445896538311594,0.5750978228147134,0.9566726684569947
test_80,0.5,6x6 only,0.5347947560711219,0.5422295824975663,0.527561058344193,0.958713531494104
test_80,0.5,5x5 only,0.5547061035215128,0.5466447097566516,0.5630088195381928,0.9593391418456665
test_80,0.5,OR (6x6 | 5x5),0.5591373439271438,0.5047820740534876,0.6266112618719245,0.955551147460901
test_80,0.5,confidence blend,0.5456478292296867,0.5472068230272518,0.5440976933509633,0.9592399597167602
test_80,0.25,6x6 only,0.533844292053032,0.509078319741107,0.5611431478964033,0.955917358398401
test_80,0.25,5x5 only,0.5565034474696908,0.5146624396566649,0.6057496607864605,0.9565696716308228
test_80,0.25,OR (6x6 | 5x5),0.5480220049754553,0.4669493043527396,0.663161465399709,0.9507942199706668
test_80,0.25,confidence blend,0.5581706636919286,0.49698735350559686,0.6365332428759866,0.9546699523925417
test_81,0.5,6x6 only,0.5646192598330009,0.5312993800893019,0.6023980154346714,0.9742851257323847
test_81,0.5,5x5 only,0.5801258775111473,0.5171558049195973,0.660556780594459,0.9735336303710566
test_81,0.5,OR (6x6 | 5x5),0.6001928846974923,0.4909712482464139,0.7719128996681754,0.9715347290038692
test_81,0.5,confidence blend,0.5989243180941228,0.5593159531205939,0.64457001102447,0.9761047363280877
test_81,0.25,6x6 only,0.5602348289698914,0.49549645014252885,0.6444321940454184,0.9719963073730098
test_81,0.25,5x5 only,0.5771880293616165,0.4889037688918223,0.7043825799328771,0.9714355468749629
test_81,0.25,OR (6x6 | 5x5),0.5763768617939649,0.4496255693658229,0.8026460859966887,0.9673423767089474
test_81,0.25,confidence blend,0.5985485906601816,0.48392857142815987,0.7843164277828221,0.9708786010741817
test_82,0.5,6x6 only,0.5340833884840939,0.5101782779105953,0.5603388418267459,0.9731445312499628
test_82,0.5,5x5 only,0.43826873213188067,0.4204081632647699,0.45771420635959215,0.9677696228026974
test_82,0.5,OR (6x6 | 5x5),0.48558253236263926,0.4047045749209069,0.6068601583105029,0.9646797180175413
test_82,0.5,confidence blend,0.4879152126143932,0.45630363834104154,0.5242327454512926,0.9697723388671504
test_82,0.25,6x6 only,0.5281970776473082,0.4672577716050985,0.6074156367162791,0.9701919555663692
test_82,0.25,5x5 only,0.45465552730327236,0.40302672534034234,0.5214553534224116,0.9656372070312131
test_82,0.25,OR (6x6 | 5x5),0.4806918744969425,0.3767636162998528,0.6637966949025639,0.9606018066405884
test_82,0.25,confidence blend,0.4791991819598088,0.39121265377821507,0.6182474656289151,0.9630851745605101
test_83,0.5,6x6 only,0.37776689520059853,0.5385367215853972,0.2909186906016813,0.9515304565429324
test_83,0.5,5x5 only,0.46030817242029437,0.6510344827577227,0.35601146477571577,0.957778930664026
test_83,0.5,OR (6x6 | 5x5),0.48683180150826905,0.5366651522030561,0.4454668879163935,0.9525032043456667
test_83,0.5,confidence blend,0.4207702625021935,0.5765292727742498,0.33127168502011517,0.9538726806640261
test_83,0.25,6x6 only,0.40461215932895606,0.5111699677562054,0.33481671443631406,0.9501647949218387
test_83,0.25,5x5 only,0.48245371649604746,0.6194418164609514,0.39508221451169473,0.9571304321288697
test_83,0.25,OR (6x6 | 5x5),0.4958866544787873,0.5008462840433137,0.49102428722243846,0.9495086669921512
test_83,0.25,confidence blend,0.485616576141426,0.5203932051388114,0.45519686227149253,0.9512290954589481
test_84,0.5,6x6 only,0.47831282952514703,0.514596883980465,0.44680851063771104,0.9716911315917598
test_84,0.5,5x5 only,0.44186205482231056,0.4607270135417524,0.4244812188069024,0.9688529968261349
test_84,0.5,OR (6x6 | 5x5),0.49303348814440656,0.4610285714280445,0.5298135014440113,0.968353271484338
test_84,0.5,confidence blend,0.47093910389757876,0.49897119341490453,0.44588915156232484,0.9709014892577754
test_84,0.25,6x6 only,0.4931892306705294,0.48061822260939724,0.506435513527047,0.9697685241698848
test_84,0.25,5x5 only,0.4437639553426196,0.4314601166103071,0.4567901234561902,0.9667396545409787
test_84,0.25,OR (6x6 | 5x5),0.49599287622412286,0.4303650762985992,0.5852377199887244,0.9654541015624631
test_84,0.25,confidence blend,0.4901682065858267,0.4463861920167784,0.5434725505640354,0.967163085937463
test_85,0.5,6x6 only,0.36314499402905964,0.3324893543556997,0.40002769315923564,0.9613456726073851
test_85,0.5,5x5 only,0.3786147388057494,0.32698892245687106,0.44959844918242925,0.9593429565429321
test_85,0.5,OR (6x6 | 5x5),0.3775993616913292,0.2950666354919374,0.5242315148151147,0.952388763427698
test_85,0.5,confidence blend,0.3723877414242537,0.3324991839839707,0.42315148158346283,0.9607048034667602
test_85,0.25,6x6 only,0.3715791262958969,0.31447204373231563,0.4540293547487482,0.9576911926269166
test_85,0.25,5x5 only,0.3903588644882751,0.3183088749123704,0.5045693713645741,0.9565811157226197
test_85,0.25,OR (6x6 | 5x5),0.3809652076317033,0.2818707234436445,0.5875103849341076,0.9473991394042607
test_85,0.25,confidence blend,0.37887839660802713,0.29052756021849374,0.5444475214614449,0.9508209228515262
test_86,0.5,6x6 only,0.6055564797867212,0.616391962067491,0.5950953678467628,0.9728660583495722
test_86,0.5,5x5 only,0.6294964028773649,0.6115736458005843,0.6485013623971133,0.9732818603515253
test_86,0.5,OR (6x6 | 5x5),0.6362219165517486,0.5491096161451926,0.756185286102718,0.9697341918944942
test_86,0.5,confidence blend,0.677097383328472,0.6704059829052667,0.6839237057213253,0.9771690368651971
test_86,0.25,6x6 only,0.6031162196676356,0.567596153845608,0.6433787465933042,0.9703636169433223
test_86,0.25,5x5 only,0.615226839868821,0.5573349849579212,0.6865395095360364,0.9699440002441035
test_86,0.25,OR (6x6 | 5x5),0.605896785461552,0.4898466917694393,0.7940054495904152,0.963848114013635
test_86,0.25,confidence blend,0.6308359022469594,0.534524530587118,0.7694822888274991,0.9684791564941037
test_87,0.5,6x6 only,0.2180525941716872,0.24066520238393266,0.19932432432380634,0.9790153503417595
test_87,0.5,5x5 only,0.23148502230690696,0.22717037778276916,0.23596673596612275,0.9770011901855096
test_87,0.5,OR (6x6 | 5x5),0.28052913523528966,0.24212115493443645,0.33341995841909194,0.9748954772948847
test_87,0.5,confidence blend,0.20245040840110495,0.23071808510561598,0.18035343035296167,0.9791412353515251
test_87,0.25,6x6 only,0.23165539694436307,0.2235379410337759,0.2403846153839907,0.9765930175780877
test_87,0.25,5x5 only,0.24304702334385897,0.2131243878546266,0.28274428274354796,0.9741477966308222
test_87,0.25,OR (6x6 | 5x5),0.28218761868564163,0.22232196289613657,0.3861746361736326,0.9711608886718379
test_87,0.25,confidence blend,0.2765273311894142,0.23531557825568167,0.33523908523821405,0.9742507934569941
test_88,0.5,6x6 only,0.2736858308317758,0.4900771775069182,0.1898558462357823,0.96400070190426
test_88,0.5,5x5 only,0.23432652766738737,0.361209964412008,0.17341163908150195,0.9595146179198852
test_88,0.5,OR (6x6 | 5x5),0.31874326977873013,0.3917782622229963,0.26865990389720373,0.9589729309081665
test_88,0.5,confidence blend,0.24680915338702,0.42156862744989276,0.1744794447408708,0.9619560241698851
test_88,0.25,6x6 only,0.3098022231844162,0.4780574738238404,0.22915109450055615,0.963523864746057
test_88,0.25,5x5 only,0.26397048777137316,0.3663948416454269,0.20630005339006266,0.9589004516601196
test_88,0.25,OR (6x6 | 5x5),0.35111268103123094,0.39128723264612086,0.3184196476237924,0.9579544067382446
test_88,0.25,confidence blend,0.32617599602809594,0.38939102089140704,0.2806193272821349,0.9585800170898071
test_89,0.5,6x6 only,0.3304245678803782,0.28000568828193967,0.40298812934874845,0.9391174316405891
test_89,0.5,5x5 only,0.46241896863840304,0.538566181471176,0.4051371264834167,0.964885711669885
test_89,0.5,OR (6x6 | 5x5),0.3676736941243325,0.28456880116615196,0.5193409742115029,0.9334106445312144
test_89,0.5,confidence blend,0.3387844558710534,0.2880177726814619,0.4112771182967547,0.9401550292968391
test_89,0.25,6x6 only,0.3220345359466077,0.2546254982448363,0.43798608268477485,0.9312553405761363
test_89,0.25,5x5 only,0.46788743045402265,0.4954810662389938,0.4432050757261121,0.9624214172362914
test_89,0.25,OR (6x6 | 5x5),0.3496889230965462,0.2546473610461211,0.5579205894386431,0.9226455688476211
test_89,0.25,confidence blend,0.34972120223026326,0.26186354378805404,0.5262996315999525,0.9270401000976208
test_9,0.5,6x6 only,0.5989138033012857,0.5653233174291287,0.6367482277605342,0.971546173095666
test_9,0.5,5x5 only,0.6721034543014667,0.6850730317056346,0.6596158243761038,0.9785270690917595
test_9,0.5,OR (6x6 | 5x5),0.6426730217398752,0.559204401184461,0.7554310541953402,0.971973419189416
test_9,0.5,confidence blend,0.6394836594607932,0.5792501855970867,0.7136976903719258,0.9731521606444941
test_9,0.25,6x6 only,0.5925142310208087,0.5295812696978571,0.6724216784808227,0.9691429138183224
test_9,0.25,5x5 only,0.6632286995511977,0.6505388168015718,0.6764235078885473,0.9770812988280877
test_9,0.25,OR (6x6 | 5x5),0.6177319587626036,0.5154063766339052,0.7707523439277718,0.9681739807128537
test_9,0.25,confidence blend,0.6280421530170464,0.535239629480036,0.7597758975522984,0.9699745178222285
test_90,0.5,6x6 only,0.5640812313275483,0.5324100513988204,0.5997587454759953,0.9560279846191041
test_90,0.5,5x5 only,0.7351065214558359,0.7982472672438764,0.6812223562519651,0.9767112731933221
test_90,0.5,OR (6x6 | 5x5),0.6280305887998944,0.5474710032281792,0.7363892239640237,0.958621978759729
test_90,0.5,confidence blend,0.6003570517722883,0.5488276045826347,0.6625653397662544,0.9581565856933227
test_90,0.25,6x6 only,0.5667834820620085,0.5145631067957789,0.6308001608358417,0.9542579650878542
test_90,0.25,5x5 only,0.7418694944262757,0.7714012849446332,0.714515480498018,0.9764137268066033
test_90,0.25,OR (6x6 | 5x5),0.6225335438040573,0.5266232682353938,0.761158021712295,0.9562149047851197
test_90,0.25,confidence blend,0.622471608090645,0.5345991804694785,0.7449135504618054,0.957138061523401
test_91,0.5,6x6 only,0.501439576686249,0.6013437849932786,0.4300013345783665,0.9755592346191033
test_91,0.5,5x5 only,0.4872253864926873,0.6241400875534207,0.39957293473855654,0.975959777831994
test_91,0.5,OR (6x6 | 5x5),0.577210906487553,0.5632461264915377,0.5918857600419166,0.9752159118651972
test_91,0.5,confidence blend,0.49326825984475486,0.6675017080376509,0.39116508741439854,0.977027893066369
test_91,0.25,6x6 only,0.5102407473945308,0.5527872936771212,0.4737755238216018,0.9740028381347284
test_91,0.25,5x5 only,0.4932059130950476,0.5597356380265044,0.44081142399514106,0.9741058349609003
test_91,0.25,OR (6x6 | 5x5),0.5698049094846975,0.507832080199971,0.6490057386885774,0.9719886779784785
test_91,0.25,confidence blend,0.5710083764942956,0.5481217775588656,0.5958894968629442,0.9744071960448847
test_92,0.5,6x6 only,0.30966004712192047,0.3544596416868533,0.2749140893466683,0.9687042236327755
test_92,0.5,5x5 only,0.32104384767082306,0.3260903066723284,0.31615120274866854,0.9658584594726194
test_92,0.5,OR (6x6 | 5x5),0.33528338680233044,0.28954802259855544,0.398177200059169,0.959690093994104
test_92,0.5,confidence blend,0.3333598662737138,0.35672913117486077,0.31286418646300185,0.9680519104003537
test_92,0.25,6x6 only,0.31408385808607425,0.323115816084179,0.3055431047358351,0.9659271240234006
test_92,0.25,5x5 only,0.3422222222219769,0.3289237977121002,0.35664126699483545,0.9649963378905881
test_92,0.25,OR (6x6 | 5x5),0.3417131680375414,0.2778297474272424,0.4437471985650026,0.9563484191894166
test_92,0.25,confidence blend,0.33150384193174076,0.2800618238018752,0.4060959211110024,0.9581832885741821
test_93,0.5,6x6 only,0.6574627378249485,0.7020683585144462,0.6181865151115756,0.9809761047362907
test_93,0.5,5x5 only,0.6621552604694445,0.6546326685172247,0.6698527512262079,0.9798126220702751
test_93,0.5,OR (6x6 | 5x5),0.6705506054371313,0.6010649191064907,0.7582020149822292,0.9779968261718377
test_93,0.5,confidence blend,0.6875950036344672,0.7040194884277926,0.6719194006707931,0.9819679260253531
test_93,0.25,6x6 only,0.6546868030327823,0.6460822538037403,0.6635236373021655,0.9793281555175407
test_93,0.25,5x5 only,0.6535325278253357,0.6060271553144871,0.7091190906733285,0.9777946472167596
test_93,0.25,OR (6x6 | 5x5),0.6427934776906398,0.5409937340035822,0.7917850684567401,0.9740104675292597
test_93,0.25,confidence blend,0.6613815278852082,0.5793512043506416,0.7704727460594544,0.9766998291015252
test_94,0.5,6x6 only,0.4289296982441316,0.4423494076415112,0.4163002512556277,0.9730720520019159
test_94,0.5,5x5 only,0.45721000967754927,0.4083724376384189,0.5193153266323504,0.9700469970702754
test_94,0.5,OR (6x6 | 5x5),0.4550149843776988,0.3830381105739312,0.5603015075368086,0.9673957824706662
test_94,0.5,confidence blend,0.47233447311122756,0.46753846153774226,0.47722989949673805,0.9740982055663691
test_94,0.25,6x6 only,0.4379862700225492,0.42583803025745204,0.45084798994904074,0.9718933105468379
test_94,0.25,5x5 only,0.455469444797068,0.38244079368425166,0.5629711055267541,0.9673004150390255
test_94,0.25,OR (6x6 | 5x5),0.44693327078665007,0.3566348493352455,0.5984610552754421,0.9640197753905881
test_94,0.25,confidence blend,0.4588124410930199,0.3824237980513434,0.573335427134778,0.9671440124511349
test_95,0.5,6x6 only,0.6583389253080791,0.8030474751280657,0.5578201539533258,0.9747505187987909
test_95,0.5,5x5 only,0.5988497124278075,0.6991708513363316,0.5237053883830268,0.9694023132323849
test_95,0.5,OR (6x6 | 5x5),0.6606918969116969,0.7041472829845549,0.6222883135054038,0.972126007080041
test_95,0.5,confidence blend,0.6552186468643486,0.7981155778884446,0.5557207837643844,0.9744949340819941
test_95,0.25,6x6 only,0.6728422730212297,0.7811957904466506,0.5908852344291542,0.9749412536620722
test_95,0.25,5x5 only,0.6063860389296163,0.6709102482488107,0.5531840447860801,0.9686813354491818
test_95,0.25,OR (6x6 | 5x5),0.6598926210229135,0.669608284555903,0.6504548635403687,0.9707603454589473
test_95,0.25,confidence blend,0.6680507497113412,0.7068241726049919,0.6333100069973466,0.9725532531737909
test_96,0.5,6x6 only,0.6239514029500839,0.5218969271709146,0.7756202804732549,0.9801635742187126
test_96,0.5,5x5 only,0.6890344990915851,0.6142153413080729,0.784609852569607,0.9849739074706655
test_96,0.5,OR (6x6 | 5x5),0.5752101367453424,0.44171483622308116,0.824343761235483,0.9741668701171503
test_96,0.5,confidence blend,0.6239907727792503,0.5208182912147763,0.7781373606602335,0.9801025390624626
test_96,0.25,6x6 only,0.6017770058116094,0.4787923886462434,0.8097806544393927,0.9772605895995721
test_96,0.25,5x5 only,0.658263100036161,0.5556105406401638,0.8074433656943412,0.9822120666503531
test_96,0.25,OR (6x6 | 5x5),0.5409938951329143,0.3962390305053103,0.8523912261761014,0.9693107604980099
test_96,0.25,confidence blend,0.5630338644208136,0.4245774326172457,0.8354908306349595,0.9724845886230097
test_97,0.5,6x6 only,0.7405471124615559,0.7578698519338586,0.7239985736351788,0.983718872070275
test_97,0.5,5x5 only,0.6970371237845784,0.6869013271775107,0.7074765244256418,0.9802627563476188
test_97,0.5,OR (6x6 | 5x5),0.7270193493055008,0.6620460757510132,0.806133365029352,0.9805717468261345
test_97,0.5,confidence blend,0.7446034440936548,0.7599950488912489,0.729822893140699,0.98393249511715
test_97,0.25,6x6 only,0.741103151027584,0.7265874828680601,0.7562106264106071,0.9830436706542593
test_97,0.25,5x5 only,0.6891778757600663,0.6496212121205286,0.7338642576955499,0.978755950927697
test_97,0.25,OR (6x6 | 5x5),0.7108696755847536,0.620436015596756,0.8321645073091261,0.9782752990722282
test_97,0.25,confidence blend,0.7296937416773743,0.661069291641902,0.8142160941390535,0.9806404113769157
test_98,0.5,6x6 only,0.7766636280759288,0.8002049180314205,0.7544678795672928,0.9897193908691029
test_98,0.5,5x5 only,0.6189991385381635,0.6026227508377514,0.6362904524220958,0.9814414978026968
test_98,0.5,OR (6x6 | 5x5),0.6847420113427274,0.6002182611851579,0.7969731122189713,0.9826126098632437
test_98,0.5,confidence blend,0.7598011247854268,0.7693958402100208,0.7504427628389141,0.9887580871581654
test_98,0.25,6x6 only,0.7669522055874093,0.7627388535019701,0.7712123651573479,0.9888954162597279
test_98,0.25,5x5 only,0.6072415297363623,0.5536258782970256,0.6723554983083685,0.9793930053710563
test_98,0.25,OR (6x6 | 5x5),0.655542620617866,0.5478326667381387,0.8159716631769184,0.9796829223632438
test_98,0.25,confidence blend,0.6797483932717902,0.5907308377889593,0.8003542102708093,0.982131958007775
test_99,0.5,6x6 only,0.8316095869196559,0.7587297999765411,0.9199780761839956,0.9896278381347279
test_99,0.5,5x5 only,0.7605400585907779,0.7104950023789737,0.8181693614677745,0.9856567382812124
test_99,0.5,OR (6x6 | 5x5),0.7710494033674745,0.6500564121844208,0.9473828446136648,0.9843368530273061
test_99,0.5,confidence blend,0.8282995977263085,0.7755590099237407,0.8887366401741728,0.9897422790526966
test_99,0.25,6x6 only,0.7980825441360937,0.6959624796077732,0.9353247465046104,0.9868240356444936
test_99,0.25,5x5 only,0.7427204783254153,0.6588522329472166,0.8510550835833776,0.9835853576659781
test_99,0.25,OR (6x6 | 5x5),0.7231842853446765,0.5806424836053949,0.9584817758276809,0.9795722961425407
test_99,0.25,confidence blend,0.7660137931030256,0.6411748406754953,0.9512195121938186,0.9838218688964468
