stem,view,dice_f1,precision,recall_sensitivity,accuracy
test_1,6x6 only,0.5625248339668715,0.559570863918058,0.5655101574976426,0.970600128173791
test_1,5x5 only,0.5955171236769851,0.5936932849358056,0.5973522026927672,0.9728775024413691
test_1,OR (6x6 | 5x5),0.5506022361914916,0.47503519085826357,0.6547591873993897,0.964275360107385
test_1,confidence blend,0.5796475668102581,0.5930038204386425,0.5668797078286157,0.9725189208984003
test_10,6x6 only,0.7625505591241325,0.7933822922676843,0.7340254981290678,0.9771575927734002
test_10,5x5 only,0.8203187892445579,0.8676032354185886,0.777921978776412,0.9829711914062125
test_10,OR (6x6 | 5x5),0.7988025263769856,0.7654631961931392,0.8351782578816435,0.9789772033691032
test_10,confidence blend,0.7942291328224668,0.8049392395132849,0.7838002900978824,0.9797058105468376
test_100,6x6 only,0.3946763062764844,0.5708174904933923,0.3016072325462066,0.957839965820276
test_100,5x5 only,0.544992920267299,0.6538957234907393,0.46718566884273627,0.9644508361816038
test_100,OR (6x6 | 5x5),0.5474875149155666,0.5799082482908156,0.5184999162895375,0.9609413146972289
test_100,confidence blend,0.5332606324970094,0.6537433155072268,0.4502762430935457,0.9640808105468381
test_101,6x6 only,0.8375617792416227,0.7779409964490416,0.9070796460164045,0.9905967712401965
test_101,5x5 only,0.769601930035724,0.6663881345303254,0.9106480159849977,0.9854278564452749
test_101,OR (6x6 | 5x5),0.7548585830295408,0.6211632408511188,0.9618898087339968,0.9833030700683218
test_101,confidence blend,0.8534648392462831,0.7740473977686174,0.9510419640294733,0.9912719726562121
test_102,6x6 only,0.6301041666665026,0.6423148393944028,0.6183490927673814,0.9458160400390264
test_102,5x5 only,0.6621980170365418,0.7299876847286145,0.6059289547658543,0.9538612365722292
test_102,OR (6x6 | 5x5),0.6955462362062893,0.64209706722007,0.7587017633525384,0.9504280090331668
test_102,confidence blend,0.6719460995045701,0.6611913714621703,0.6830564784049664,0.9502220153808231
test_103,6x6 only,0.3020519138449798,0.2646467654282255,0.35177122501449454,0.9373283386230111
test_103,5x5 only,0.35773049645373156,0.3425389351681071,0.374332079952133,0.9481811523437138
test_103,OR (6x6 | 5x5),0.33899579073949976,0.2733002060354664,0.44626954284539255,0.9329071044921519
test_103,confidence blend,0.3363033655671904,0.29333333333311723,0.3940233524634929,0.940044403076136
test_104,6x6 only,0.8028884728532747,0.8425957112374058,0.7667552104610065,0.9859428405761342
test_104,5x5 only,0.8184197282331059,0.8064868081721815,0.8307110747846028,0.9862365722655874
test_104,OR (6x6 | 5x5),0.8287664827453339,0.7640972581472977,0.9053943604404316,0.9860305786132436
test_104,confidence blend,0.8677719369182836,0.8587434973981004,0.8769922353893778,0.9900207519530871
test_105,6x6 only,0.4720537161377763,0.5268761629103506,0.42756480161024446,0.9565086364745728
test_105,5x5 only,0.4691661544763014,0.6023937919234481,0.3841959567147184,0.9604644775390259
test_105,OR (6x6 | 5x5),0.5114446080966079,0.48666666666629793,0.5388809663614303,0.953182220458948
test_105,confidence blend,0.4671525608604952,0.5711687681855344,0.39518496770372014,0.9590034484862915
test_106,6x6 only,0.548955790615464,0.6824662813095544,0.4591353943868953,0.9555931091308228
test_106,5x5 only,0.6229797473428422,0.8170629076364221,0.503402683258472,0.9641380310058225
test_106,OR (6x6 | 5x5),0.6150804661485103,0.6615683056027295,0.5746969991570583,0.9576644897460572
test_106,confidence blend,0.5783998203725101,0.6843177189403309,0.5008749756947949,0.9570236206054322
test_107,6x6 only,0.3830273214439225,0.424289606850089,0.3490792634101696,0.9732093811034784
test_107,5x5 only,0.37198879551790953,0.37183999999940504,0.3721377101675386,0.9700660705566035
test_107,OR (6x6 | 5x5),0.3743954862974379,0.3224574800412791,0.44627702161657923,0.9644699096679319
test_107,confidence blend,0.3858590935742767,0.40460295151018166,0.3687750200154223,0.972034454345666
test_108,6x6 only,0.5444453131103554,0.5155463429071431,0.5767765446404228,0.9777717590331658
test_108,5x5 only,0.594903516438785,0.5006790402891572,0.73281431174303,0.9770164489745721
test_108,OR (6x6 | 5x5),0.5371685606057427,0.41790220093892816,0.7516978631758295,0.9701690673827754
test_108,confidence blend,0.6017793323697044,0.5562271577163955,0.6554580089437544,0.9800224304198845
test_109,6x6 only,0.6519839825259969,0.5821865857616402,0.7407969116217554,0.9781188964843377
test_109,5x5 only,0.6547469815922314,0.6277834008089224,0.6841307045351108,0.980037689208947
test_109,OR (6x6 | 5x5),0.6477494018802382,0.543003731342777,0.8025644560860299,0.9758491516112908
test_109,confidence blend,0.6583727586001644,0.5711390352649258,0.7770577691978808,0.9776878356933221
test_11,6x6 only,0.44009927555660044,0.48072977725638866,0.40580158337431604,0.9363174438476205
test_11,5x5 only,0.4480981917231308,0.4773124519328271,0.4222538347350184,0.9358482360839486
test_11,OR (6x6 | 5x5),0.4898914905766734,0.45501803522148576,0.5305541810981379,0.9318542480468394
test_11,confidence blend,0.4533075185542261,0.47389016327049394,0.43443839683298213,0.9353713989257455
test_110,6x6 only,0.5105610361311441,0.5495049504943337,0.4767717870459175,0.9691505432128537
test_110,5x5 only,0.5295419340559141,0.5185827283557063,0.5409743415841065,0.967559814453088
test_110,OR (6x6 | 5x5),0.5144076840979361,0.45058213648300277,0.5992991974673908,0.961814880371057
test_110,confidence blend,0.5446731234863531,0.5863417177106915,0.5085339663156906,0.9713058471679317
test_111,6x6 only,0.3350676378768238,0.4599999999985397,0.2635024549913375,0.9780616760253533
test_111,5x5 only,0.4644216133937743,0.48693397167267716,0.4438988907065941,0.9785232543944938
test_111,OR (6x6 | 5x5),0.45577055977845904,0.43409577093889407,0.47972358610569243,0.9759674072265252
test_111,confidence blend,0.4458086840044136,0.5771676300561354,0.36315693762436235,0.9810600280761345
test_112,6x6 only,0.6614967041484674,0.7251345990355269,0.6081273764251328,0.9800186157226188
test_112,5x5 only,0.7052378085486422,0.714791310714285,0.6959363117862453,0.9813232421874625
test_112,OR (6x6 | 5x5),0.7015265056893136,0.6582977393471628,0.7508317490485374,0.979488372802697
test_112,confidence blend,0.7115384615380285,0.7292914171647589,0.6946292775657145,0.9819183349609
test_113,6x6 only,0.6413615770780939,0.6621997471546622,0.6217948717941336,0.9776535034179314
test_113,5x5 only,0.6274076229266061,0.6153407145296024,0.6399572649565052,0.9755744934081658
test_113,OR (6x6 | 5x5),0.6410364886300153,0.5780087736023478,0.719491927824407,0.9741058349609003
test_113,confidence blend,0.662635147516546,0.6825217063034069,0.6438746438738795,0.9789314270019157
test_114,6x6 only,0.5666162380229114,0.5321083538543927,0.605910267471305,0.9672164916991818
test_114,5x5 only,0.58610670892737,0.4951651294253978,0.7179680759267493,0.9641342163085569
test_114,OR (6x6 | 5x5),0.5780323666076839,0.45978842722377017,0.7781492666083065,0.9598159790038696
test_114,confidence blend,0.6245011600925177,0.5480534288967681,0.7257333908534018,0.9691314697265255
test_115,6x6 only,0.4579012857731581,0.515502428090184,0.41187882405549636,0.9750709533691034
test_115,5x5 only,0.28333057987751253,0.3172987974092187,0.255931950454774,0.9669036865234005
test_115,OR (6x6 | 5x5),0.41474850809859704,0.39579661016895484,0.4356066258760848,0.9685745239257443
test_115,confidence blend,0.3942852312110962,0.4547581903267263,0.3480077600352962,0.9726676940917597
test_116,6x6 only,0.40896181760775563,0.43035032375820964,0.3895986772878557,0.9714202880859004
test_116,5x5 only,0.400631911532069,0.42217413018075217,0.38118142191435267,0.9710540771484004
test_116,OR (6x6 | 5x5),0.38791095003857884,0.3406068871458795,0.45047347061408316,0.9639205932616819
test_116,confidence blend,0.43052742445075703,0.4669595782065607,0.39936870584638606,0.9731864929198847
test_117,6x6 only,0.48098663925979585,0.477285369923533,0.4847457627114079,0.9576187133788697
test_117,5x5 only,0.5686392310000157,0.6071199486844054,0.5347457627113609,0.967132568359338
test_117,OR (6x6 | 5x5),0.5565160658944068,0.4907940161101188,0.6425612052724646,0.9585113525390259
test_117,confidence blend,0.5345673299395953,0.5255686988166282,0.5438794726925198,0.961631774902307
test_118,6x6 only,0.5486574311608101,0.5323597743104342,0.5659844742403565,0.9798660278319938
test_118,5x5 only,0.5027294868560488,0.4797243147932686,0.5280522230054199,0.9774131774901971
test_118,OR (6x6 | 5x5),0.5037367059496236,0.4249515033942471,0.6183839096672223,0.9736557006835566
test_118,confidence blend,0.5649554976170412,0.5759853345543978,0.5543401552566084,0.9815406799316031
test_119,6x6 only,0.6585259485385532,0.5940983606549586,0.7386270992976706,0.9820785522460562
test_119,5x5 only,0.7221202554873194,0.656784188033311,0.801891407140385,0.9855613708495717
test_119,OR (6x6 | 5x5),0.6482473694399017,0.5365462705700613,0.8186857981398684,0.979213714599572
test_119,confidence blend,0.7287156175354582,0.6907683318716173,0.7710745149180318,0.9865684509276967
test_12,6x6 only,0.5488553336575266,0.5622754491006741,0.5360608943852787,0.9823341369628531
test_12,5x5 only,0.4541186513013622,0.41176470588171554,0.5061845861075049,0.9756050109862908
test_12,OR (6x6 | 5x5),0.45646182495310506,0.37503059975474295,0.583063748809547,0.9721641540526973
test_12,confidence blend,0.53690202736389,0.5649432534666563,0.5115128449086366,0.9823112487792593
test_120,6x6 only,0.43319307442889343,0.3967150979148494,0.4770586447880932,0.9686546325683224
test_120,5x5 only,0.4551658250303977,0.41315659068333355,0.506684898206462,0.9695434570312129
test_120,OR (6x6 | 5x5),0.41669980119260625,0.3327587771021203,0.5572774232747535,0.9608268737792601
test_120,confidence blend,0.43727926749480883,0.38389986219524125,0.5079003342441387,0.9671783447265255
test_121,6x6 only,0.6274440931971506,0.5659520540705819,0.7039274924462052,0.9757232666015252
test_121,5x5 only,0.6821249999995737,0.6506498151893995,0.7168002101658784,0.9805984497069938
test_121,OR (6x6 | 5x5),0.6188007331759,0.5145445044412867,0.7760409825288638,0.9722328186034785
test_121,confidence blend,0.6734681409978169,0.6295111923245437,0.7240246946003888,0.979610443115197
test_122,6x6 only,0.5701475267564794,0.5626605766469808,0.5778364116078046,0.9886627197265248
test_122,5x5 only,0.48586552539645694,0.39447695683907374,0.6323658751080845,0.9825859069823843
test_122,OR (6x6 | 5x5),0.5051392076634017,0.38290468986326337,0.7420111404258517,0.9810829162597282
test_122,confidence blend,0.5922944220808046,0.5811001410420844,0.60392846672353,0.9891815185546498
test_123,6x6 only,0.4512183468700896,0.49757639620548455,0.41276223776151616,0.9780921936034783
test_123,5x5 only,0.42886274509770284,0.38890469416729884,0.47797202797119237,0.9722213745116817
test_123,OR (6x6 | 5x5),0.44126984126952284,0.37567567567521415,0.53461538461445,0.9704589843749629
test_123,confidence blend,0.45419158834097195,0.49698732599107215,0.41818181818108713,0.9780693054198846
test_124,6x6 only,0.5661029278047981,0.6400082236835526,0.5074991848707959,0.9635925292968383
test_124,5x5 only,0.5413979881349232,0.5727669637979145,0.5132865992822683,0.9593048095702759
test_124,OR (6x6 | 5x5),0.6028963414631848,0.5661322645286528,0.6447668731654346,0.9602508544921509
test_124,confidence blend,0.58626317879016,0.6388808768381512,0.541653081186386,0.9642219543456663
test_125,6x6 only,0.6367509745257576,0.6453509739054661,0.628377169438847,0.984714508056603
test_125,5x5 only,0.49794551818558974,0.4332053488674259,0.5854356772220694,0.9748306274413691
test_125,OR (6x6 | 5x5),0.5104528430367651,0.4120492524181925,0.6706029701186785,0.9725761413573847
test_125,confidence blend,0.6015147367455046,0.613780260706492,0.5897298264437472,0.9833412170409781
test_126,6x6 only,0.6065408523266488,0.6848128477486818,0.544326062920623,0.9463958740234013
test_126,5x5 only,0.5464922564322371,0.7076542026200802,0.4451201125739043,0.9439239501952764
test_126,OR (6x6 | 5x5),0.6474287636841929,0.6674136919050918,0.628605890038884,0.9480323791503544
test_126,confidence blend,0.6361198033078241,0.7162451239456925,0.5721178007837109,0.9503173828124637
test_127,6x6 only,0.7332347660783962,0.7218006029725316,0.7450370211388077,0.9807281494140251
test_127,5x5 only,0.6982050342766768,0.6814096016336246,0.7158493400571779,0.9780006408691033
test_127,OR (6x6 | 5x5),0.7158374045436058,0.6414484869086693,0.8097435347131561,0.9771461486816033
test_127,confidence blend,0.7458973001584193,0.7360777348231782,0.7559824015444189,0.9816894531249625
test_128,6x6 only,0.2895650398201503,0.20573086688414527,0.4887127347915066,0.9469146728515263
test_128,5x5 only,0.4483763530389007,0.3211809438601944,0.742374633808819,0.9595642089843384
test_128,OR (6x6 | 5x5),0.3844530722483185,0.2545688257976557,0.7849388247444685,0.9443588256835577
test_128,confidence blend,0.33788180449650956,0.23522650439470233,0.5995174909519223,0.9479866027831669
test_129,6x6 only,0.5850155279497428,0.5441415417935653,0.6325288562421143,0.98368835449215
test_129,5x5 only,0.5497463909475714,0.5135775469281691,0.5913955928633968,0.9823913574218375
test_129,OR (6x6 | 5x5),0.5130957148574183,0.4148963730564574,0.6721930745001633,0.9768104553222283
test_129,confidence blend,0.5830112003165993,0.5524042073618475,0.6172088142694288,0.9839515686034781
test_13,6x6 only,0.5613200227587227,0.5243018649139778,0.6039626001774221,0.9676475524901974
test_13,5x5 only,0.555636526710827,0.5596837944657711,0.5516473731071331,0.9697608947753535
test_13,OR (6x6 | 5x5),0.5654258319230281,0.4893426618935166,0.6695235975059333,0.9647293090819944
test_13,confidence blend,0.5693916349806879,0.5417001607711598,0.600066785395592,0.9688949584960568
test_130,6x6 only,0.6634291110209553,0.7049885321095865,0.6264968152862251,0.9619293212890258
test_130,5x5 only,0.6871639321657634,0.7487980769225144,0.6349044585983217,0.9653778076171506
test_130,OR (6x6 | 5x5),0.7183855711891671,0.6666303221933889,0.7788535031842172,0.9634284973144164
test_130,confidence blend,0.741294695021954,0.7789237353534141,0.707133757961333,0.9704399108886348
test_131,6x6 only,0.6204882432225397,0.6777359725164768,0.5721585416371051,0.9806671142577751
test_131,5x5 only,0.6175570134329162,0.5638977635776313,0.682502416792318,0.9766502380370721
test_131,OR (6x6 | 5x5),0.605293308890579,0.5171806167395818,0.729595359755932,0.9737167358398066
test_131,confidence blend,0.6568178460624488,0.7060505002370875,0.6140035906634249,0.9822769165038687
test_132,6x6 only,0.41753879465871674,0.5602001291146543,0.332790028762864,0.9630584716796508
test_132,5x5 only,0.4998426848450446,0.5516203703697319,0.45695110258824834,0.963615417480432
test_132,OR (6x6 | 5x5),0.4999298245611696,0.4881681132932954,0.5122722914664312,0.9592247009276977
test_132,confidence blend,0.4754890678938576,0.594532374099864,0.3961649089162069,0.9652252197265256
test_133,6x6 only,0.6350095480582919,0.654994309725418,0.6162082029314642,0.9671897888183224
test_133,5x5 only,0.6972386180704597,0.698882912701118,0.6956020424965446,0.9720191955566035
test_133,OR (6x6 | 5x5),0.6664254179631373,0.594371288406536,0.7583594136050417,0.9648361206054319
test_133,confidence blend,0.695946793825785,0.7070973225663347,0.6851424806451283,0.9722709655761348
test_134,6x6 only,0.667745174606344,0.708871254292658,0.631129389433058,0.9772796630859002
test_134,5x5 only,0.6549784259103965,0.6793564468607757,0.6322893599065356,0.9759025573730096
test_134,OR (6x6 | 5x5),0.6765333712818763,0.61484738748007,0.7519772223971822,0.9739875793456659
test_134,confidence blend,0.7081101970956174,0.7431054461173312,0.6762627860374604,0.9798316955566032
test_135,6x6 only,0.564853556484918,0.7660781841093609,0.4473490427093184,0.9785766601562126
test_135,5x5 only,0.5222712836001842,0.7080445284589203,0.41372115856601166,0.9764747619628533
test_135,OR (6x6 | 5x5),0.5905157493938452,0.6773066539611287,0.5234413352963629,0.9774360656737908
test_135,confidence blend,0.5857839282901511,0.8150984682695512,0.45716740304313064,0.9799041748046501
test_136,6x6 only,0.7039267646344624,0.726504226751655,0.6827102803727684,0.985935211181603
test_136,5x5 only,0.7124436357877443,0.7238386111545992,0.701401869157786,0.9861335754394155
test_136,OR (6x6 | 5x5),0.6964109781838871,0.6351732991005967,0.7707165109022263,0.9835433959960562
test_136,confidence blend,0.7346635883898955,0.7804835318837062,0.6939252336437789,0.987724304199181
test_137,6x6 only,0.5648025029329039,0.5667530021186981,0.5628653831159381,0.9575500488280885
test_137,5x5 only,0.5816677012205331,0.6199717713473711,0.5478213422709892,0.9614372253417601
test_137,OR (6x6 | 5x5),0.5773752563224274,0.5140892215930167,0.658430119260536,0.9528274536132448
test_137,confidence blend,0.5929118405354242,0.5854993160050269,0.6005144594273907,0.9596443176269165
test_138,6x6 only,0.6612841214912254,0.6550883607546388,0.6675981990363801,0.9831962585448843
test_138,5x5 only,0.6110070595010726,0.5699502754998388,0.6584381307240205,0.9794006347655876
test_138,OR (6x6 | 5x5),0.6370331747372502,0.5489777578066176,0.7587331159746022,0.978755950927697
test_138,confidence blend,0.6559901447484939,0.6506797006252472,0.6613879832313905,0.98295593261715
test_139,6x6 only,0.721051866917971,0.6399742101861509,0.8256529695544408,0.9853515624999624
test_139,5x5 only,0.7256185815695598,0.6194398682035543,0.8757278323059795,0.9848136901855092
test_139,OR (6x6 | 5x5),0.6630060942492831,0.5201666351064947,0.9139910164682848,0.978694915771447
test_139,confidence blend,0.7887109077034411,0.728271587546516,0.8600898353005156,0.989433288574181
test_14,6x6 only,0.6279013830423164,0.7402523748748898,0.5451602798365405,0.9763946533202752
test_14,5x5 only,0.5973154362412395,0.7376822716796045,0.501827294559359,0.9752807617187128
test_14,OR (6x6 | 5x5),0.6866383881226475,0.6975115803073386,0.6760989871560237,0.977455139160119
test_14,confidence blend,0.658136792452442,0.7559257754290182,0.5827503393540955,0.977882385253869
test_140,6x6 only,0.49580302182359287,0.5990534144672108,0.42291169450973054,0.9862518310546499
test_140,5x5 only,0.5051185344820782,0.5797773654898585,0.4474940334118198,0.9859848022460561
test_140,OR (6x6 | 5x5),0.5253752680479802,0.5245004757361453,0.5262529832923001,0.9848022460937124
test_140,confidence blend,0.5483184333751265,0.6762338116882176,0.46109785202753917,0.9878578186034779
test_141,6x6 only,0.7061007004725461,0.6922173964072165,0.72055229716432,0.9812736511230093
test_141,5x5 only,0.6361025307534622,0.5715259518934934,0.7171309872914013,0.9743843078612909
test_141,OR (6x6 | 5x5),0.650919419942866,0.5496086846751245,0.7980205278582625,0.9732780456542597
test_141,confidence blend,0.7007375573490325,0.6677365799660567,0.7371700879756389,0.980342864990197
test_142,6x6 only,0.22109917877430424,0.3552397868552265,0.16049524246227156,0.9623718261718383
test_142,5x5 only,0.19509961071659024,0.29191411603405226,0.14650922847627362,0.9597740173339477
test_142,OR (6x6 | 5x5),0.2551104972373929,0.3208268195235004,0.21173908059129684,0.9588546752929321
test_142,confidence blend,0.224807471735028,0.3939132931369684,0.15728533761302613,0.9639053344726194
test_143,6x6 only,0.7241804288880436,0.7313308994351714,0.7171684296169917,0.9743881225585566
test_143,5x5 only,0.6827723106809634,0.7098445595848688,0.6576891781931182,0.9713478088378535
test_143,OR (6x6 | 5x5),0.7286015562501895,0.6586247699180524,0.8152156224566189,0.9715270996093379
test_143,confidence blend,0.7571721723732519,0.7489453156087328,0.7655817737992143,0.9769783020019158
test_144,6x6 only,0.6253849168576086,0.6986489867391811,0.5660281747232532,0.9744758605956659
test_144,5x5 only,0.6980631206367623,0.6778042959420737,0.7195702847869467,0.976570129394494
test_144,OR (6x6 | 5x5),0.6806826178744367,0.6012899215163561,0.7842302624903372,0.9723052978515254
test_144,confidence blend,0.7022184300337552,0.7410241980858289,0.6672747542305997,0.9786987304687126
test_145,6x6 only,0.4917675544791212,0.6219568213127822,0.40664731204284044,0.9679718017577755
test_145,5x5 only,0.4927536231881279,0.5641787190075359,0.4373811192307164,0.9656867980956663
test_145,OR (6x6 | 5x5),0.5490718799365377,0.5416382584975731,0.5567123836214268,0.9651565551757444
test_145,confidence blend,0.5112457755503372,0.611599051999705,0.439183101411113,0.9680023193359005
test_146,6x6 only,0.28348550660377314,0.17034196228808954,0.8442449841560494,0.9691658020019162
test_146,5x5 only,0.3239575622991316,0.21136509980648524,0.6932418162582195,0.9790954589843376
test_146,OR (6x6 | 5x5),0.2717452188523071,0.16014335565390914,0.8965153115052983,0.96528244018551
test_146,confidence blend,0.2843926674659205,0.1697341513290698,0.8764519535328593,0.9681320190429318
test_147,6x6 only,0.5072169357423617,0.5632420452742098,0.4613290113449197,0.9472541809081669
test_147,5x5 only,0.5376240019354231,0.7111917208997,0.43215559157184297,0.9562606811523072
test_147,OR (6x6 | 5x5),0.5794356146608565,0.5798117494316262,0.5790599675847137,0.95053863525387
test_147,confidence blend,0.5591204037488972,0.629719853836273,0.5027552674226886,0.9533462524413698
test_148,6x6 only,0.6596907993963708,0.7149570903139405,0.6123556177803532,0.9724578857421503
test_148,5x5 only,0.6495108267257154,0.6907979090633288,0.6128806440316653,0.9711647033691035
test_148,OR (6x6 | 5x5),0.6595899499205327,0.6455802262248466,0.674221211059963,0.9696617126464473
test_148,confidence blend,0.6518188567183315,0.6937969182134592,0.614630731536039,0.9713745117187129
test_149,6x6 only,0.6161682550111643,0.6921373200434452,0.5552265324246815,0.9732666015624628
test_149,5x5 only,0.624613883920975,0.6925018024505016,0.5688480900201669,0.9735755920409784
test_149,OR (6x6 | 5x5),0.6141897365032571,0.593680913779851,0.6361662224848127,0.9691123962401974
test_149,confidence blend,0.6630500968720381,0.7548525333996031,0.5911558582562519,0.9767799377441033
test_15,6x6 only,0.5612368284672989,0.6138295862448255,0.5169451073977456,0.9806213378905876
test_15,5x5 only,0.6072507552864994,0.6425146510377509,0.575656324581423,0.9821472167968375
test_15,OR (6x6 | 5x5),0.5712590834935701,0.5349257047624845,0.612887828161316,0.977943420410119
test_15,confidence blend,0.6305844958496992,0.7083911922223599,0.5681782020675129,0.9840393066405874
test_150,6x6 only,0.7203230294926145,0.7593327581243834,0.6851255968441534,0.9608955383300414
test_150,5x5 only,0.7563458741525325,0.802480638210678,0.7152273199082856,0.9661293029784788
test_150,OR (6x6 | 5x5),0.767057556246293,0.7259835951616266,0.8130579198667152,0.9637031555175413
test_150,confidence blend,0.7641655107433422,0.7707618393956123,0.7576811293332169,0.9656257629394163
test_151,6x6 only,0.7735686948368454,0.8143397467515093,0.7366855102642541,0.977882385253869
test_151,5x5 only,0.7461691722511334,0.7272791469523852,0.7660666468307303,0.9732704162597284
test_151,OR (6x6 | 5x5),0.7608666030791794,0.7018602312715548,0.830705147276978,0.9732208251952753
test_151,confidence blend,0.798597119617641,0.8011678394963309,0.796042844390958,0.9794082641601188
test_152,6x6 only,0.3728333445738363,0.3018785495846419,0.4873919943563968,0.9645271301269163
test_152,5x5 only,0.33339107338741647,0.247853708790996,0.5090812907767429,0.9559593200683228
test_152,OR (6x6 | 5x5),0.3341678349687892,0.2333403258511759,0.588432375241424,0.9492721557616824
test_152,confidence blend,0.37452075065556295,0.3027403218787486,0.4909187092214937,0.9645271301269163
test_153,6x6 only,0.34803992477914936,0.40160240360473776,0.30708359923381356,0.9656143188476194
test_153,5x5 only,0.34271333790868397,0.4257294429700157,0.2867900446709805,0.9671211242675412
test_153,OR (6x6 | 5x5),0.3510638297870063,0.3569449940636368,0.34537332482406463,0.9618377685546508
test_153,confidence blend,0.3684413878368221,0.46690168429207424,0.3042756860238618,0.9688224792480099
test_154,6x6 only,0.8637510513030976,0.8501655629129018,0.8777777777767061,0.9913482666015246
test_154,5x5 only,0.8231012469418154,0.8048069070110782,0.8422466422456139,0.9886894226073841
test_154,OR (6x6 | 5x5),0.8311557788940083,0.7657407407399529,0.9087912087900991,0.9884643554687123
test_154,confidence blend,0.8650774731818444,0.8449359720595518,0.8862026862016041,0.9913635253905871
test_155,6x6 only,0.4923481116581331,0.4638039846547905,0.5246360582299487,0.9705162048339473
test_155,5x5 only,0.5224568138192435,0.4811454159786929,0.571528555430331,0.9715270996093379
test_155,OR (6x6 | 5x5),0.5006055268080476,0.41253855924477173,0.63647816349295,0.9653930664062131
test_155,confidence blend,0.535697985264044,0.5014036372507,0.5750279955199118,0.9728355407714472
test_156,6x6 only,0.7866100424677559,0.8135593220330575,0.7613889157551393,0.9837074279784781
test_156,5x5 only,0.743226958267912,0.6900381236526686,0.8053003191790257,0.9780540466308221
test_156,OR (6x6 | 5x5),0.7330433659184648,0.660689333953842,0.8231937324684948,0.9763526916503533
test_156,confidence blend,0.791984825640391,0.796517315593038,0.7875036270424726,0.9836845397948843
test_157,6x6 only,0.40184177480098515,0.46788692732538945,0.352135637430427,0.9509391784667606
test_157,5x5 only,0.3523058460481946,0.37147505422959914,0.3350179328331146,0.942352294921839
test_157,OR (6x6 | 5x5),0.429742079226453,0.40033771898937565,0.4638082817081319,0.9423942565917609
test_157,confidence blend,0.3986136742132607,0.44506985626651413,0.3609390283661877,0.9490318298339482
test_158,6x6 only,0.710553203911319,0.6055479537248345,0.8596150450276185,0.9848709106444936
test_158,5x5 only,0.6284543170695303,0.5022720067626522,0.8393077873903597,0.9785614013671501
test_158,OR (6x6 | 5x5),0.6023447780831425,0.4554500226137897,0.8891047148138989,0.9746398925780878
test_158,confidence blend,0.7041684696374555,0.5951481165420027,0.8620872329138936,0.9843521118163686
test_159,6x6 only,0.6401959783603959,0.6658174097657474,0.6164733634749199,0.9731063842773066
test_159,5x5 only,0.6508831616718782,0.6188956837714978,0.6863573815601667,0.971424102783166
test_159,OR (6x6 | 5x5),0.6280527339526137,0.5605277370568933,0.7140750933745684,0.9671745300292599
test_159,confidence blend,0.6764587928611006,0.6903007980348983,0.6631609986232915,0.975379943847619
test_16,6x6 only,0.5886878472712718,0.6101594802117393,0.5686760253226415,0.977973937988244
test_16,5x5 only,0.6053378762063187,0.5588954910863813,0.660198183318662,0.9761390686034783
test_16,OR (6x6 | 5x5),0.6036622093720011,0.5367395029985681,0.6896504266436971,0.9748992919921503
test_16,confidence blend,0.6008173443231968,0.6047970994274093,0.5968896229003621,0.9780158996581658
test_160,6x6 only,0.5733388361530554,0.58655632494412,0.5607039070058756,0.980281829833947
test_160,5x5 only,0.5346031746027503,0.5257571027153829,0.543752018081137,0.9776306152343377
test_160,OR (6x6 | 5x5),0.5185236575547949,0.4546228710456756,0.6033257991595038,0.9735260009765253
test_160,confidence blend,0.58287153652344,0.6072428271507921,0.5603810138834996,0.9810485839843376
test_161,6x6 only,0.4638796571625772,0.4528688524585008,0.4754392255282951,0.9649238586425413
test_161,5x5 only,0.4971507777604101,0.43574514038837675,0.5787020437425855,0.9626350402831664
test_161,OR (6x6 | 5x5),0.49268157967389636,0.40062878957975845,0.6396557906051874,0.9579544067382446
test_161,confidence blend,0.5063276836155332,0.4801242901527053,0.5355563523359201,0.9666671752929318
test_162,6x6 only,0.24586327929111992,0.38915343915240963,0.1796970437329835,0.9655761718749631
test_162,5x5 only,0.28933250155939527,0.29563997960186683,0.283288541411821,0.9565429687499635
test_162,OR (6x6 | 5x5),0.2892523902774512,0.2736486486483504,0.30674322013155786,0.9529266357421511
test_162,confidence blend,0.3127168502034147,0.4087145110402036,0.2532372343021583,0.9652404785155881
test_163,6x6 only,0.5082823790992171,0.5485961123103568,0.47348798674350295,0.9662551879882444
test_163,5x5 only,0.5134430069741184,0.5283225594384482,0.4993786246887951,0.9651374816894163
test_163,OR (6x6 | 5x5),0.5805136953840486,0.5351214398038309,0.6343206296596579,0.9662322998046506
test_163,confidence blend,0.502567464219107,0.531791907513836,0.4763877381933757,0.9652633666991819
test_164,6x6 only,0.5650731007260157,0.672789406235214,0.4870882944170603,0.9815025329589468
test_164,5x5 only,0.532877604166233,0.5624463150651736,0.506262563784589,0.9781036376952752
test_164,OR (6x6 | 5x5),0.5481481481477252,0.5470506699514137,0.5492500386569519,0.9776611328124627
test_164,confidence blend,0.5589292130789085,0.6668810289374772,0.48105767743856337,0.9812698364257437
test_165,6x6 only,0.7051824171498154,0.8808500184241729,0.5879314585549004,0.9771270751952752
test_165,5x5 only,0.7312818027619427,0.8941692344146785,0.6185947364100856,0.978847503662072
test_165,OR (6x6 | 5x5),0.8244701104197553,0.8517482517475071,0.798884971713701,0.9841728210448842
test_165,confidence blend,0.764297928937505,0.9085262563513172,0.6595884233822582,0.9810714721679313
test_166,6x6 only,0.49218554116151597,0.49132321041173754,0.49305090421927905,0.9536437988280886
test_166,5x5 only,0.5708481921181913,0.6193554706625336,0.5293871399861609,0.9637336730956663
test_166,OR (6x6 | 5x5),0.512609172369272,0.46735608410860574,0.5675653047550505,0.9508247375487918
test_166,confidence blend,0.525080413804866,0.5460133791352865,0.5056932350966965,0.9583206176757446
test_167,6x6 only,0.7236236547974935,0.8038748366258138,0.657941102441066,0.969532012939416
test_167,5x5 only,0.7410341505189519,0.855906355617133,0.6533475962744442,0.9723167419433223
test_167,OR (6x6 | 5x5),0.785298467541211,0.7854220431794641,0.7851749307822897,0.9739723205566034
test_167,confidence blend,0.7744345442080964,0.850316074653183,0.7109866599542468,0.9748916625976191
test_168,6x6 only,0.4545132115619307,0.506722024514617,0.41205787781284237,0.9765319824218377
test_168,5x5 only,0.5444999999995462,0.5652249134938317,0.5252411575554257,0.9791488647460563
test_168,OR (6x6 | 5x5),0.5504042009254816,0.48261238337515733,0.6403536977481666,0.9751777648925409
test_168,confidence blend,0.557910802102291,0.5902404018647466,0.5289389067515612,0.9801101684569938
test_169,6x6 only,0.6321941444948056,0.5857658586894422,0.6866158868326845,0.9747924804687128
test_169,5x5 only,0.5595436689444333,0.5041698991461363,0.6285817918019241,0.9687767028808224
test_169,OR (6x6 | 5x5),0.5907955418905694,0.490155440414117,0.7434409382169708,0.9675064086913693
test_169,confidence blend,0.6187637969091507,0.5691948421153729,0.677789868213423,0.9736480712890253
test_17,6x6 only,0.3355958958166254,0.27024278632226995,0.4426400166553349,0.9678878784179318
test_17,5x5 only,0.5191005600597516,0.4336592178764893,0.6464709556513711,0.9780540466308221
test_17,OR (6x6 | 5x5),0.4549958180528501,0.3292364990685947,0.736206537579146,0.9676856994628537
test_17,confidence blend,0.4539115776565367,0.35911736178423964,0.616697897146332,0.9728126525878534
test_170,6x6 only,0.5516014234873051,0.43670973062092033,0.7485276796222042,0.9605865478515259
test_170,5x5 only,0.6570633331702441,0.5611810826586361,0.7924617196692667,0.9732093811034784
test_170,OR (6x6 | 5x5),0.5634102180585046,0.4230905651451743,0.8429917550048963,0.957687377929651
test_170,confidence blend,0.5541481419341691,0.43030224075011053,0.7780918727906029,0.9594497680663696
test_171,6x6 only,0.5358413412387913,0.5359947643974673,0.5356880058862433,0.9566993713378541
test_171,5x5 only,0.5700858193704249,0.5698995015928018,0.5702722590135145,0.9598693847655884
test_171,OR (6x6 | 5x5),0.5789436718638226,0.5074176669741413,0.6739432589316704,0.9542617797851198
test_171,confidence blend,0.5895065434023334,0.577375352774712,0.6021584498400767,0.9608726501464476
test_172,6x6 only,0.6526290016522907,0.707310601033956,0.6057954545447661,0.9783515930175407
test_172,5x5 only,0.6612137862133733,0.7337860310411117,0.6017045454538617,0.9793014526366813
test_172,OR (6x6 | 5x5),0.7035649288081021,0.6650475612217516,0.7468181818173331,0.9788742065429313
test_172,confidence blend,0.7085813348739043,0.7208700764247843,0.6967045454537537,0.9807624816894157
test_173,6x6 only,0.5194997959106017,0.505561172901556,0.5342288025638905,0.9506034851073856
test_173,5x5 only,0.40075760836795626,0.4596169036330375,0.3552621537049872,0.9468955993651982
test_173,OR (6x6 | 5x5),0.5240479951599758,0.46822822822794696,0.5949782492554415,0.9459800720214483
test_173,confidence blend,0.543389610884354,0.5427070645550071,0.5440738762111393,0.9542961120605105
test_174,6x6 only,0.5520906560187409,0.6555154914525537,0.47685432554501533,0.9392356872558235
test_174,5x5 only,0.6718638889618711,0.7338050857204385,0.6195657453729928,0.9524726867675417
test_174,OR (6x6 | 5x5),0.6769621737853884,0.681123076166258,0.6728517996790825,0.9495697021484012
test_174,confidence blend,0.6485496669407266,0.7148122148117966,0.5935298975078479,0.9494819641112918
test_175,6x6 only,0.5686109013368714,0.5952934610728348,0.5442176870743671,0.9629554748534789
test_175,5x5 only,0.6787516185200345,0.7145811789031544,0.6463435374144163,0.9725532531737909
test_175,OR (6x6 | 5x5),0.6606613725255183,0.6170024352441761,0.7109693877544975,0.9672355651855099
test_175,confidence blend,0.6355148192561951,0.6402312737308938,0.630867346938239,0.9675369262694943
test_176,6x6 only,0.6649908777617413,0.6481979133728674,0.6826770998079724,0.9684791564941037
test_176,5x5 only,0.664153040164842,0.6346810285969546,0.6964954632475681,0.9677200317382443
test_176,OR (6x6 | 5x5),0.6362738875958549,0.5518991987274133,0.7511029717799458,0.9606475830077759
test_176,confidence blend,0.6633189672212789,0.6317216448255523,0.6982435694658301,0.9675178527831662
test_177,6x6 only,0.4375747039006641,0.40537547815542035,0.47533050047158243,0.9605102539062134
test_177,5x5 only,0.4170928113792881,0.4154080318459016,0.4187913125585236,0.9621696472167601
test_177,OR (6x6 | 5x5),0.44295560803950307,0.3743380855394099,0.5423748819634768,0.9559135437011353
test_177,confidence blend,0.4602665766827173,0.43957460522028186,0.4830028328606196,0.9633903503417601
test_178,6x6 only,0.3839602554996736,0.2969264544448493,0.5431726907603255,0.9867553710937124
test_178,5x5 only,0.2427849522737307,0.15637205265419302,0.5426706827281995,0.9742774963378534
test_178,OR (6x6 | 5x5),0.2720124259777963,0.16861234805612152,0.7033132530085175,0.971393585205041
test_178,confidence blend,0.38131236770429194,0.2728256166155932,0.6330321285108784,0.9843902587890249
test_179,6x6 only,0.45531540077210153,0.4408870226998545,0.47072008966031004,0.9693336486816037
test_179,5x5 only,0.41115305649353523,0.3899007662349078,0.43485570187666733,0.9660835266112913
test_179,OR (6x6 | 5x5),0.41983695652150144,0.3522705681167088,0.5194732418036992,0.9609069824218383
test_179,confidence blend,0.4426655431497488,0.44375615936865587,0.44158027458610033,0.9697227478026973
test_18,6x6 only,0.5669170036582255,0.6940122583670579,0.4791666666658868,0.9828414916991812
test_18,5x5 only,0.6045154090474679,0.6396003633049235,0.5730794270824006,0.9824256896972281
test_18,OR (6x6 | 5x5),0.6255332595981785,0.6077678845554072,0.6443684895822845,0.9819183349609
test_18,confidence blend,0.5752849977194936,0.6542211159496905,0.5133463541658312,0.9822349548339468
test_180,6x6 only,0.5364958720999391,0.39902534112982646,0.8184726109523452,0.9865074157714467
test_180,5x5 only,0.47907760072486194,0.3543503257946448,0.7393042782857285,0.9846611022948842
test_180,OR (6x6 | 5x5),0.48904624916962924,0.3380755698327397,0.8836465413799135,0.9823837280273062
test_180,confidence blend,0.5534931683416429,0.40840783716871143,0.8584566173496263,0.9867858886718374
test_181,6x6 only,0.5479318259507995,0.6599223620742737,0.4684368737471038,0.9646873474120725
test_181,5x5 only,0.4663718873630596,0.5268692817325409,0.41833667334634406,0.9562644958495728
test_181,OR (6x6 | 5x5),0.5500888172840294,0.5443545090339756,0.5559452237804309,0.9584541320800415
test_181,confidence blend,0.5397716276366654,0.6417395306021149,0.4657648630590633,0.9637145996093381
test_182,6x6 only,0.48688260295986097,0.46011080332282517,0.5169623404901433,0.9866447448730092
test_182,5x5 only,0.46319670968591237,0.42548202188529055,0.5082477435402794,0.9855613708495717
test_182,OR (6x6 | 5x5),0.4735164296217833,0.3906534493214836,0.60099595393526,0.9836196899413687
test_182,confidence blend,0.49300599486084357,0.45531241761018904,0.5375038904433941,0.9864501953124624
test_183,6x6 only,0.6258324826208614,0.725622815916215,0.5501709401704699,0.9706382751464473
test_183,5x5 only,0.6167121249686999,0.7345540460711936,0.5314529914525372,0.9705162048339473
test_183,OR (6x6 | 5x5),0.6695377043414178,0.6890376266274519,0.6511111111105545,0.9713134765624629
test_183,confidence blend,0.6506530550965067,0.7848605577679767,0.5556410256405507,0.9733695983886347
test_184,6x6 only,0.6793658596531567,0.6492326965231371,0.712432339547459,0.970142364501916
test_184,5x5 only,0.7137614678896106,0.6934608216508439,0.7352865366434098,0.9738159179687128
test_184,OR (6x6 | 5x5),0.6815063494377895,0.5923247700598843,0.8023026033157468,0.966705322265588
test_184,confidence blend,0.6936227951150635,0.6319581802764679,0.7686227339111876,0.9698524475097285
test_185,6x6 only,0.5753996737353504,0.5199905649244958,0.6440257084419456,0.9751777648925409
test_185,5x5 only,0.6208432304033396,0.631150015091109,0.6108676599465223,0.9805145263671501
test_185,OR (6x6 | 5x5),0.5878700776081702,0.4846904919893026,0.7468594799872235,0.9726524353026972
test_185,confidence blend,0.629003142340958,0.5799531500424363,0.6871165644161743,0.9788322448730095
test_186,6x6 only,0.5984450514809845,0.4694505494500335,0.8251883330098027,0.9781303405761346
test_186,5x5 only,0.5124395708050274,0.3687738650824193,0.8394823256696167,0.9684524536132443
test_186,OR (6x6 | 5x5),0.5060677612429267,0.35353690348292655,0.890090786167877,0.9656867980956663
test_186,confidence blend,0.5784509100567434,0.4408221119768747,0.8410276221733803,0.9757919311523064
test_187,6x6 only,0.4965403415219345,0.4931904161406139,0.4999360858999106,0.969745635986291
test_187,5x5 only,0.5609904607262289,0.5958608795622364,0.5299757126415314,0.9752464294433222
test_187,OR (6x6 | 5x5),0.5384903840999954,0.46348210992211036,0.6424645276739838,0.9671363830566037
test_187,confidence blend,0.568472151251553,0.5681092812452851,0.5688354851072877,0.9742279052734003
test_188,6x6 only,0.46746987951765506,0.4011334048086979,0.5600940975180494,0.9772377014159783
test_188,5x5 only,0.3859990277099449,0.31072267153625005,0.5094097519236326,0.9710922241210567
test_188,OR (6x6 | 5x5),0.4327760121594357,0.31965707287168843,0.6698032506401416,0.9686813354491818
test_188,confidence blend,0.43075593952446584,0.36135671836445665,0.5331479897336759,0.9748649597167597
test_189,6x6 only,0.38322436237239604,0.30148285449462325,0.5257798609980188,0.960056304931604
test_189,5x5 only,0.4476315163053751,0.35424319487580835,0.6078875060601133,0.9645919799804319
test_189,OR (6x6 | 5x5),0.39900654343965275,0.2831864406777741,0.6751252626463955,0.9519996643066043
test_189,confidence blend,0.42294510251913714,0.33674837227083804,0.5684499757546978,0.9633903503417601
test_19,6x6 only,0.2645299943934477,0.32838417816920495,0.22146600954375226,0.9399490356444954
test_19,5x5 only,0.3380239669830749,0.46383733624390855,0.2659000234684613,0.9492149353026981
test_19,OR (6x6 | 5x5),0.3961154094131221,0.40846006814559255,0.38449503246469174,0.9428329467773078
test_19,confidence blend,0.29439999999986144,0.36943427424073527,0.2446999921769188,0.9428024291991828
test_190,6x6 only,0.6487363783905351,0.6936043629143609,0.6093205574906256,0.9768829345702752
test_190,5x5 only,0.6585325456850557,0.6679359390741763,0.6493902439017318,0.9764060974120721
test_190,OR (6x6 | 5x5),0.6506366307538439,0.5912246351009334,0.7233231707309197,0.9727859497069941
test_190,confidence blend,0.6969522714199557,0.7384840360702675,0.6598432055741944,0.9798965454101188
test_191,6x6 only,0.5129630619551435,0.4850384148802213,0.5442994895059055,0.9652442932128538
test_191,5x5 only,0.5640716153688573,0.506640166229554,0.636188315370804,0.9669342041015255
test_191,OR (6x6 | 5x5),0.5176023675955133,0.4238281249996934,0.6646625070894331,0.9583396911620727
test_191,confidence blend,0.5446395218525296,0.5142079806524443,0.5788996029488611,0.9674491882323849
test_192,6x6 only,0.49153122326732973,0.7310432569955954,0.3702319587624095,0.9773254394530877
test_192,5x5 only,0.511947524597445,0.6496234641287165,0.4224226804118268,0.9761581420898064
test_192,OR (6x6 | 5x5),0.5868999421626757,0.6684782608684643,0.5230670103086043,0.9782028198241813
test_192,confidence blend,0.5034494086723854,0.6940670289839356,0.3949742268036147,0.976936340331994
test_193,6x6 only,0.5761112490683088,0.5779770802182728,0.5742574257416266,0.980464935302697
test_193,5x5 only,0.6042826888378663,0.5758708327095592,0.6356435643553867,0.9807548522948845
test_193,OR (6x6 | 5x5),0.551999999999632,0.4630872483216296,0.6831683168305558,0.9743652343749628
test_193,confidence blend,0.6562389536933048,0.7064307458129634,0.6127062706260517,0.9851608276366811
test_194,6x6 only,0.4388579972896412,0.5476384839643759,0.3661312958051098,0.954189300537073
test_194,5x5 only,0.5154437580549684,0.5993798449606208,0.4521284890063526,0.958408355712854
test_194,OR (6x6 | 5x5),0.5550511231295429,0.5621751299475712,0.5481054108837142,0.9570045471191041
test_194,confidence blend,0.5110887096771851,0.6198044009773063,0.434819897083709,0.9592971801757446
test_195,6x6 only,0.7653852499584369,0.7249003828418431,0.8106596767140142,0.9783020019530876
test_195,5x5 only,0.7285708523251467,0.676682151955135,0.7890782000866849,0.9743309020995722
test_195,OR (6x6 | 5x5),0.7439517611586351,0.6422268774197663,0.8839667977274932,0.9734344482421503
test_195,confidence blend,0.7679236122346788,0.7150930600552218,0.829183049365811,0.9781188964843377
test_196,6x6 only,0.8138845379277205,0.7937694364118097,0.8350456293400476,0.9746170043944941
test_196,5x5 only,0.8247640787237078,0.8007567567563239,0.8502554095156688,0.9759864807128533
test_196,OR (6x6 | 5x5),0.8151795612155985,0.7399606852004399,0.9074212248172487,0.9726524353026972
test_196,confidence blend,0.8407040944621329,0.8025361373475955,0.8826838087580309,0.9777679443359002
test_197,6x6 only,0.6289286729180853,0.5632698768191354,0.711914565104591,0.9750938415526972
test_197,5x5 only,0.6562834383541456,0.6099447513805415,0.7102418939774701,0.977943420410119
test_197,OR (6x6 | 5x5),0.5883319638452373,0.47116203452777644,0.7830674215121165,0.9675102233886349
test_197,confidence blend,0.6419089036389094,0.5780090684247959,0.7216932578477591,0.9761276245116814
test_198,6x6 only,0.6625173806524117,0.6789252273026477,0.6468838893190498,0.980556488037072
test_198,5x5 only,0.6174231745132384,0.6786488999059829,0.5663304887502375,0.9792938232421501
test_198,OR (6x6 | 5x5),0.6640799529684515,0.6088831392835178,0.7302818722514478,0.9782028198241813
test_198,confidence blend,0.6997348960508583,0.7598484848473336,0.6484354796991875,0.9835815429687125
test_199,6x6 only,0.6194283769987158,0.7561000934474549,0.5246019739208093,0.9658660888671506
test_199,5x5 only,0.654901455622545,0.8105867346930159,0.549384050140084,0.9693412780761349
test_199,OR (6x6 | 5x5),0.6642610730002521,0.7387546304456352,0.6034147395716422,0.9677009582519162
test_199,confidence blend,0.6526350679480226,0.768015602144546,0.5673942799506034,0.968017578124963
test_2,6x6 only,0.2625793613189318,0.18780074550986933,0.43630924263826754,0.9406280517577765
test_2,5x5 only,0.3473530027199921,0.31179564237376434,0.3920642418510596,0.96430587768551
test_2,OR (6x6 | 5x5),0.28939560216222027,0.19504711812393433,0.5605416469838442,0.9333076477050425
test_2,confidence blend,0.30208759721638245,0.22375502160219526,0.4648086915439068,0.9479675292968388
test_20,6x6 only,0.648302844453501,0.6182936668005059,0.6813736385855952,0.9746246337890253
test_20,5x5 only,0.6700050581686039,0.614834756776258,0.7360524561005378,0.9751129150390253
test_20,OR (6x6 | 5x5),0.6625490801602936,0.549345233740179,0.8345187819506172,0.9708213806151973
test_20,confidence blend,0.7311695002572225,0.6815213215514007,0.7886196932642935,0.9800949096679313
test_200,6x6 only,0.511756061719136,0.5323295628244173,0.49271363893570125,0.9493026733398074
test_200,5x5 only,0.531948429858735,0.6204393325156778,0.46554895302740124,0.9558219909667603
test_200,OR (6x6 | 5x5),0.5861213975203393,0.537915952479143,0.6438172043006198,0.9509696960448856
test_200,confidence blend,0.5592010408972257,0.5559751066355108,0.5624646293148257,0.9521827697753542
test_201,6x6 only,0.2754714275469452,0.5560057887104023,0.18309187952708433,0.9614524841308226
test_201,5x5 only,0.3499527410205872,0.4602237414536044,0.2823103316810119,0.9580230712890259
test_201,OR (6x6 | 5x5),0.3833125913097866,0.4433596194762256,0.33759054517695614,0.9565238952636353
test_201,confidence blend,0.33497407626151143,0.5378292939925441,0.24323293938215473,0.9613456726073851
test_202,6x6 only,0.6589195086085192,0.816216216215257,0.5524536705634674,0.9725685119628534
test_202,5x5 only,0.7014269535670662,0.8147758366651076,0.6157639385980945,0.9748573303222284
test_202,OR (6x6 | 5x5),0.7177334732420911,0.7598649129036972,0.6800286327839974,0.9743461608886347
test_202,confidence blend,0.7125261445499825,0.8571907850583121,0.6096397041274082,0.9764060974120721
test_203,6x6 only,0.756312662457874,0.6711425982365341,0.866241360977282,0.9799728393554313
test_203,5x5 only,0.8029123268273824,0.7654487612062417,0.8442317915993149,0.9851303100585561
test_203,OR (6x6 | 5x5),0.7491779560696439,0.6374216651740992,0.9084529505572477,0.9781761169433221
test_203,confidence blend,0.786603410211477,0.7045607539543044,0.8902711323754489,0.9826698303222281
test_204,6x6 only,0.6983552251451414,0.7191020149129628,0.6787719955067923,0.9701271057128535
test_204,5x5 only,0.6898750412251493,0.6755418401028594,0.7048296518152716,0.9677162170409787
test_204,OR (6x6 | 5x5),0.69369812682456,0.6172933208777339,0.7916885061768688,0.9643821716308225
test_204,confidence blend,0.7307706564848832,0.7236088680071034,0.7380756271054001,0.9722938537597285
test_205,6x6 only,0.5357142857140658,0.5759555124012923,0.5007290307723883,0.9568557739257447
test_205,5x5 only,0.5947445732003449,0.6350091487316938,0.5592817128381864,0.9621124267577758
test_205,OR (6x6 | 5x5),0.5850480109737363,0.5288610577217875,0.6545928938679652,0.9538421630859011
test_205,confidence blend,0.5864443638997275,0.6170338983045618,0.5587445322687754,0.9608268737792601
test_206,6x6 only,0.5662438136409543,0.5735853405548305,0.5590878454273656,0.9709129333495723
test_206,5x5 only,0.5980733055916331,0.6071056590665349,0.5893057739827124,0.9731025695800409
test_206,OR (6x6 | 5x5),0.5680543253613974,0.5054290718034102,0.6483936194106398,0.9665145874023069
test_206,confidence blend,0.6138835931363609,0.6128526645761163,0.6149179959552741,0.9737319946288691
test_207,6x6 only,0.6562391379905826,0.7407794925441528,0.5890183028280064,0.977363586425744
test_207,5x5 only,0.5456845811097719,0.5792362489774854,0.515806988352209,0.9684944152831662
test_207,OR (6x6 | 5x5),0.6219136556981264,0.5868782873483557,0.661397670548397,0.9705009460448848
test_207,confidence blend,0.633732995157578,0.7109415416441918,0.5716514143088897,0.9757614135741814
test_208,6x6 only,0.5289302260770791,0.6640426834595783,0.4395044575660301,0.9484138488769169
test_208,5x5 only,0.5451940787227828,0.6635669212880574,0.46266064605739105,0.94913482666012
test_208,OR (6x6 | 5x5),0.5668565735809697,0.6131878493967716,0.5270348500633744,0.9469261169433232
test_208,confidence blend,0.5513154288844371,0.6751971807344561,0.4658446219749532,0.9500350952148074
test_209,6x6 only,0.8546867855505923,0.9028207109728527,0.8114255947206013,0.987876892089806
test_209,5x5 only,0.8115914757487831,0.8857172194261363,0.7489147421420829,0.9847221374511342
test_209,OR (6x6 | 5x5),0.8526055451898934,0.8521988030177359,0.8530126758110322,0.9870414733886341
test_209,confidence blend,0.8399781540138176,0.8827243160504278,0.8011807605480107,0.9865875244140249
test_21,6x6 only,0.5664572864318049,0.6384876805428512,0.5090313840590325,0.9736709594726191
test_21,5x5 only,0.5437341593914143,0.5425424300319854,0.5449311356959302,0.9690971374511349
test_21,OR (6x6 | 5x5),0.5853826142440557,0.5178462874507009,0.6731767893422068,0.9677772521972287
test_21,confidence blend,0.5755670611436294,0.6338582677156749,0.5270941521782263,0.9737319946288691
test_210,6x6 only,0.24959387328832117,0.44617299315402165,0.17325815545696877,0.95066070556637
test_210,5x5 only,0.26232703176751615,0.6779717931474883,0.16262585581944208,0.9566841125487916
test_210,OR (6x6 | 5x5),0.3251867662751733,0.481739130434021,0.24542891663290742,0.95175933837887
test_210,confidence blend,0.23506366307527235,0.489671002294084,0.1546516310912971,0.9523315429687136
test_211,6x6 only,0.2397621300174619,0.1780409474105593,0.3669838642940739,0.9356269836425424
test_211,5x5 only,0.20657366711245626,0.1580293838168569,0.2981657702381766,0.9366455078124643
test_211,OR (6x6 | 5x5),0.2686080545365979,0.18363728470102145,0.4999310439932424,0.9246940612792616
test_211,confidence blend,0.21743439479458032,0.15812233642507012,0.3479520066192967,0.9307212829589488
test_212,6x6 only,0.3205565765290624,0.30713117846773097,0.3352093342479956,0.9605102539062134
test_212,5x5 only,0.3796169630640358,0.3783231083839423,0.3809196980090859,0.9654006958007444
test_212,OR (6x6 | 5x5),0.3930092845437504,0.3263492063489103,0.493891557995204,0.9576034545898072
test_212,confidence blend,0.3603851444289249,0.3446504635425399,0.37762525737765595,0.9627494812011351
test_213,6x6 only,0.3546776644234464,0.3870203694925201,0.3273237179482808,0.9659767150878538
test_213,5x5 only,0.42577327384071256,0.49084568439321563,0.375934829059327,0.9710350036620723
test_213,OR (6x6 | 5x5),0.4124621899574032,0.3770183587697666,0.45526175213614417,0.9629516601562133
test_213,confidence blend,0.3959375700094123,0.44909368117830073,0.3540331196576469,0.9691429138183224
test_214,6x6 only,0.20479411179619814,0.29139541466134816,0.15787455911657883,0.9390029907226204
test_214,5x5 only,0.322139058498955,0.450178915496215,0.25080509124348194,0.9474868774413701
test_214,OR (6x6 | 5x5),0.3132471728593242,0.3309438470725969,0.2973470326634739,0.9351348876952768
test_214,confidence blend,0.24871954430125473,0.3309975793090445,0.199202576291827,0.9401283264159798
test_215,6x6 only,0.5783461876397751,0.6038735983677801,0.5548894717112123,0.9835243225097281
test_215,5x5 only,0.31260984182742463,0.3778544875189117,0.26657924316173365,0.9761276245116814
test_215,OR (6x6 | 5x5),0.5215230460917663,0.45579375087507945,0.6094042712615035,0.9772300720214471
test_215,confidence blend,0.5474107591749146,0.5908400260460368,0.5099288122882917,0.9828300476073843
test_216,6x6 only,0.6080148910540851,0.7579852579842233,0.5075868372938687,0.9726867675780878
test_216,5x5 only,0.5691836166059798,0.72905067808604,0.4668190127966482,0.970508575439416
test_216,OR (6x6 | 5x5),0.620736765064347,0.6657247514383404,0.581444241315739,0.9703483581542598
test_216,confidence blend,0.6009720127363829,0.7727338026134568,0.49168190127925804,0.9727516174316034
test_217,6x6 only,0.756414172266052,0.7787735849050481,0.7353028503557487,0.9756622314452752
test_217,5x5 only,0.7712761961989141,0.7805990573203735,0.7621733966740185,0.9767684936523064
test_217,OR (6x6 | 5x5),0.7532128230473262,0.7182197683808792,0.7917903800469182,0.9733352661132441
test_217,confidence blend,0.7869348253437218,0.8018489984585502,0.7725653206645097,0.9785003662109001
test_218,6x6 only,0.3959193891598473,0.5576516220018377,0.3069085969335271,0.9631805419921508
test_218,5x5 only,0.4106358381500516,0.5078638833278412,0.3446535998444162,0.9611053466796508
test_218,OR (6x6 | 5x5),0.456632388074968,0.4912829682605148,0.42654764214978985,0.9600906372069946
test_218,confidence blend,0.4047736829084808,0.5579611319458609,0.31758199107285306,0.963279724121057
test_219,6x6 only,0.3905662665209224,0.38830620855890496,0.3928527869247556,0.9616546630859008
test_219,5x5 only,0.34875569575864657,0.33467877564711884,0.3640687888762482,0.957473754882776
test_219,OR (6x6 | 5x5),0.4307904050332133,0.3608069164262159,0.5344554213922009,0.955825805664026
test_219,confidence blend,0.4101913904483426,0.40614538498277597,0.41431881936771026,0.9627342224120726
test_22,6x6 only,0.7465972778218842,0.7795193312426546,0.716343383905592,0.9806823730468376
test_22,5x5 only,0.7227660703087607,0.7259517582091194,0.7196082197035533,0.9780693054198846
test_22,OR (6x6 | 5x5),0.7250612608595567,0.6763361316593164,0.7813520261179361,0.9764595031737908
test_22,confidence blend,0.7652208124320029,0.7842741935475964,0.7470712502393441,0.9817886352538687
test_220,6x6 only,0.5461416240818714,0.5042823156221219,0.5955792825694525,0.9596824645995727
test_220,5x5 only,0.4588110985009749,0.3940575423498292,0.5490306265799859,0.9472465515136357
test_220,OR (6x6 | 5x5),0.4817121976681811,0.3832650348873722,0.6482157909519076,0.9431877136230109
test_220,confidence blend,0.5394957296389442,0.47854139480899044,0.6182448253248869,0.9570121765136353
test_221,6x6 only,0.7254224628883934,0.7958891013378886,0.6664188918745118,0.9663429260253538
test_221,5x5 only,0.7889672867220048,0.8984004090271722,0.7032992166500638,0.9748992919921503
test_221,OR (6x6 | 5x5),0.7885426903286928,0.797299666841547,0.7799759849043513,0.9720916748046504
test_221,confidence blend,0.7935607228764592,0.8613510075645301,0.735662416375587,0.9744644165038691
test_222,6x6 only,0.5540357223600757,0.5858936043029457,0.5254637075152508,0.9699020385741817
test_222,5x5 only,0.5594996619334237,0.5895974349832684,0.5323255065931892,0.9701766967773067
test_222,OR (6x6 | 5x5),0.570111255888258,0.5352404253311985,0.6098423930517746,0.9672775268554318
test_222,confidence blend,0.5791031185974396,0.6171012734983419,0.5455130266961021,0.9717864990234004
test_223,6x6 only,0.5933572027117416,0.5585915088923131,0.6327376116972926,0.9592742919921509
test_223,5x5 only,0.6289789399395948,0.5794155888588384,0.6878147847273047,0.9618949890136351
test_223,OR (6x6 | 5x5),0.6247584782461774,0.5295346735935568,0.7617384240448726,0.9570312499999635
test_223,confidence blend,0.612635939927272,0.5624151045907617,0.6727051177898677,0.9600524902343384
test_224,6x6 only,0.5182763931230102,0.6725122349097288,0.4215881781457168,0.9415321350097297
test_224,5x5 only,0.5285343907273057,0.6549742969453772,0.4430127320138861,0.9410362243651984
test_224,OR (6x6 | 5x5),0.6127654974867285,0.6497793569828358,0.5797412691105078,0.9453353881835577
test_224,confidence blend,0.5633700300243948,0.6923076923071763,0.474919466175551,0.9450798034667608
test_225,6x6 only,0.4723562152130659,0.7610601833384595,0.34244978479165844,0.9674530029296505
test_225,5x5 only,0.43540514155524707,0.5509195717807427,0.3599354375893472,0.9602890014648071
test_225,OR (6x6 | 5x5),0.4875379334359049,0.5475472119783802,0.43938307030089724,0.9607048034667602
test_225,confidence blend,0.48243364151477336,0.7204703367170489,0.3626255380197609,0.9668998718261349
test_226,6x6 only,0.4387712496269378,0.6176322418125648,0.34024051803853816,0.9641075134276975
test_226,5x5 only,0.4981513305210133,0.5698796616221018,0.442460684550932,0.9632377624511351
test_226,OR (6x6 | 5x5),0.5189571196635856,0.5363205684953254,0.5026827012021251,0.961570739746057
test_226,confidence blend,0.5068926553669453,0.6510885341064571,0.41498612395891304,0.966705322265588
test_227,6x6 only,0.5318165001848156,0.8053973293483935,0.3969715101024546,0.9420700073241828
test_227,5x5 only,0.6264582495257094,0.83372848948311,0.5017259630871719,0.9504089355468387
test_227,OR (6x6 | 5x5),0.6760912567583606,0.7917593278967187,0.5899111704328301,0.953151702880823
test_227,confidence blend,0.5739680267237611,0.8153546309627867,0.4428591153861818,0.9455108642577764
test_228,6x6 only,0.744712311153491,0.748804137038463,0.7406649616358815,0.9848518371581655
test_228,5x5 only,0.7649231182429564,0.8053159903848363,0.7283887468021376,0.9866447448730092
test_228,OR (6x6 | 5x5),0.7413361914965217,0.6936706039662428,0.7960358056255805,0.9834289550780875
test_228,confidence blend,0.7835051546386507,0.8221410508558273,0.7483375959069715,0.987663269042931
test_229,6x6 only,0.5870284018649482,0.8456277479227582,0.44955200623266484,0.9628372192382445
test_229,5x5 only,0.5889843998724176,0.7608472136533406,0.48045708349533794,0.9606018066405884
test_229,OR (6x6 | 5x5),0.6215733242079686,0.7499770621151023,0.5307102973636341,0.9620323181151976
test_229,confidence blend,0.5943726112057435,0.7951479547423899,0.47454875990100337,0.9619445800780883
test_23,6x6 only,0.466856570944286,0.42146232971862463,0.523209663502117,0.9735832214355097
test_23,5x5 only,0.4944603703412919,0.4486782902130924,0.5506471095762715,0.9751091003417597
test_23,OR (6x6 | 5x5),0.4641784641781797,0.35991256415095996,0.6534943917158698,0.9666481018066037
test_23,confidence blend,0.48151292937052753,0.4356145251390564,0.5382226056936356,0.9743766784667597
test_230,6x6 only,0.37752914574328916,0.2688077614685448,0.6339250493090395,0.9191398620605118
test_230,5x5 only,0.5855359001037536,0.6197136563869826,0.5549309664688807,0.9696121215819942
test_230,OR (6x6 | 5x5),0.39422889452123944,0.2746962698442438,0.6979289940821519,0.9170341491698869
test_230,confidence blend,0.37732711778842093,0.2699350014867794,0.6266272189342932,0.920001983642543
test_231,6x6 only,0.6056618635034028,0.6824684139076094,0.5443944694314973,0.9675331115722287
test_231,5x5 only,0.5912031696671893,0.7429723937971222,0.4909212060632259,0.9689064025878537
test_231,OR (6x6 | 5x5),0.6645990985400221,0.6599326599321179,0.6693320006657759,0.9690589904784787
test_231,confidence blend,0.6289319847821152,0.7098868873054985,0.5645510578039609,0.9694900512694942
test_232,6x6 only,0.507787465533566,0.40319526627171215,0.6856510364244603,0.9748039245605097
test_232,5x5 only,0.5246494144856696,0.4093626621540785,0.7303280338081499,0.9749145507812128
test_232,OR (6x6 | 5x5),0.48875599576372714,0.35393359797874957,0.7894948681811441,0.9686927795409787
test_232,confidence blend,0.5525388905191132,0.43480771451618566,0.7576977258990588,0.9767379760741814
test_233,6x6 only,0.5404973953955047,0.46414141414107923,0.6469227674973381,0.9582748413085571
test_233,5x5 only,0.5448910846617808,0.49233016800544405,0.6100160901039722,0.9613456726073851
test_233,OR (6x6 | 5x5),0.5403593355679911,0.43197831978293766,0.7213395012060324,0.9534492492675417
test_233,confidence blend,0.5446485117160461,0.4693981515170152,0.6486323411095649,0.9588584899901977
test_234,6x6 only,0.5643094247655093,0.692553630362322,0.4761398284049662,0.9604454040526977
test_234,5x5 only,0.6321343698390333,0.7317232375972289,0.5564064383460565,0.96516036987301
test_234,OR (6x6 | 5x5),0.6430198503089116,0.6560424966794628,0.6305041480531585,0.9623374938964476
test_234,confidence blend,0.6137125772693572,0.7132794891052655,0.5385378997372626,0.9635276794433226
test_235,6x6 only,0.38380337167145434,0.5392561983463117,0.297920913167307,0.9552421569823853
test_235,5x5 only,0.5138368705781763,0.7097284092531834,0.4026905829593129,0.9643478393554319
test_235,OR (6x6 | 5x5),0.5204220867822612,0.5885196996187753,0.4664492458210628,0.9597778320312134
test_235,confidence blend,0.4674191893276206,0.6304498269887467,0.3713819812471493,0.9604034423827759
test_236,6x6 only,0.505952748133671,0.39292900258657376,0.7102528576364561,0.9694480895995724
test_236,5x5 only,0.5672365557969741,0.4424401125007832,0.790093522686543,0.9734458923339472
test_236,OR (6x6 | 5x5),0.5264996452155851,0.3843946760178653,0.8352961551769392,0.9669075012206662
test_236,confidence blend,0.5633302724208367,0.43565950194069153,0.7968479390356826,0.9727897644042597
test_237,6x6 only,0.6128816038019542,0.6890929021640325,0.5518490069125953,0.9757652282714471
test_237,5x5 only,0.6047814940674865,0.6621409921662375,0.5565675408750613,0.9747123718261347
test_237,OR (6x6 | 5x5),0.6329723225026772,0.604899999999395,0.6637770218362078,0.9732398986816034
test_237,confidence blend,0.6477352137725381,0.7691611345794068,0.5594206079221338,0.978847503662072
test_238,6x6 only,0.4346043460430149,0.5487962723257862,0.359748854572612,0.9789581298827751
test_238,5x5 only,0.37982415548322085,0.4177524429958922,0.34820974036933955,0.9744377136230097
test_238,OR (6x6 | 5x5),0.45267821184015083,0.43084943268869846,0.4768369251646414,0.9740791320800409
test_238,confidence blend,0.40086376128739604,0.4754365541316055,0.3465128118100348,0.9767150878905877
test_239,6x6 only,0.6598599766622959,0.6506543937859188,0.6693297825112157,0.9822082519530875
test_239,5x5 only,0.5705916813118722,0.5094142259408305,0.6484687083878555,0.9748344421386347
test_239,OR (6x6 | 5x5),0.5719792092503814,0.4725009648779694,0.7245154608659202,0.9720420837401973
test_239,confidence blend,0.6379721239252993,0.6231659142203397,0.6534990383183111,0.9808769226073845
test_24,6x6 only,0.5251751670192886,0.5936636581311592,0.4708546384215181,0.9777679443359002
test_24,5x5 only,0.48125455871591444,0.4805535324100793,0.48195763330828056,0.9728698730468378
test_24,OR (6x6 | 5x5),0.4937958976953065,0.4357055077640088,0.5697589481364942,0.9694976806640254
test_24,confidence blend,0.5477374231056309,0.6471525288716704,0.4747991234470785,0.9795265197753532
test_240,6x6 only,0.42020958083816606,0.5559516735981819,0.3377451570206126,0.9409027099609015
test_240,5x5 only,0.3798955613575646,0.4781814862146447,0.3151245337502616,0.9347686767577768
test_240,OR (6x6 | 5x5),0.49683025636252687,0.5111676741963022,0.48327517747534393,0.9379310607909798
test_240,confidence blend,0.43075780089137045,0.563021946008387,0.3488148237273801,0.9415435791015265
test_241,6x6 only,0.661754547547397,0.5886931585409784,0.7555205047308682,0.9775848388671502
test_241,5x5 only,0.728849335386657,0.6438867049686081,0.839642481597214,0.9818687438964468
test_241,OR (6x6 | 5x5),0.6623647172396411,0.5398823821746542,0.8567297581481904,0.9746513366698847
test_241,confidence blend,0.6975831323946068,0.6083129584346129,0.8175604626697982,0.979427337646447
test_242,6x6 only,0.6096359156854596,0.5401406742658742,0.6996544140740395,0.9673614501952755
test_242,5x5 only,0.6150515843770196,0.5489599605356006,0.6992355220434608,0.9681167602538693
test_242,OR (6x6 | 5x5),0.6184166942693696,0.5114017667599046,0.7820714210903946,0.9648437499999631
test_242,confidence blend,0.6321134492220347,0.5612054260412954,0.7235312598170242,0.9693222045898068
test_243,6x6 only,0.42439916734976063,0.584941749259981,0.3330033656698347,0.965190887451135
test_243,5x5 only,0.48986399794682456,0.6959533357624937,0.3779449613934093,0.9696655273437129
test_243,OR (6x6 | 5x5),0.5131176213377169,0.5728581889180219,0.46466046327413907,0.9660186767577756
test_243,confidence blend,0.4723407047703443,0.7006034650560626,0.3562660859232268,0.9693260192870724
test_244,6x6 only,0.4207806337546438,0.35502008032087773,0.5164413286587941,0.9675064086913693
test_244,5x5 only,0.4155288491786223,0.33346798626506413,0.5511600734425786,0.9645652770995725
test_244,OR (6x6 | 5x5),0.4151303956832199,0.3129395813911423,0.6164246369544042,0.9603042602538696
test_244,confidence blend,0.413353891532873,0.3453954738960952,0.5146052411942671,0.9666175842284787
test_245,6x6 only,0.2724269819190956,0.37731760173277795,0.21316827642468622,0.9680709838866818
test_245,5x5 only,0.2926594464498254,0.3566679702769717,0.24812950618929652,0.9663658142089475
test_245,OR (6x6 | 5x5),0.32495511669636445,0.32996774645865945,0.3200925044207317,0.9627075195312133
test_245,confidence blend,0.32707587531622534,0.4566065333972292,0.25479526594986424,0.970600128173791
test_246,6x6 only,0.6626492702340432,0.6693098056726945,0.6561199912407968,0.976722717285119
test_246,5x5 only,0.6771058914983191,0.6869859154921836,0.6675060214575569,0.9778175354003533
test_246,OR (6x6 | 5x5),0.6422297136885038,0.5670327827613255,0.7404204072687317,0.9712562561034785
test_246,confidence blend,0.6903997342483167,0.6983646953397196,0.6826144077067192,0.9786682128905876
test_247,6x6 only,0.5442136498513629,0.5255014326642545,0.5643076923071135,0.9648437499999631
test_247,5x5 only,0.5934951163021883,0.5828718354424615,0.6045128205122005,0.9692001342773068
test_247,OR (6x6 | 5x5),0.5584256915958816,0.48595078979306955,0.6563076923070191,0.9613952636718383
test_247,confidence blend,0.5529566873379789,0.5277285860746316,0.580717948717353,0.9650764465331663
test_248,6x6 only,0.7827873283593995,0.6772051258061199,0.9273728704996447,0.9846725463866811
test_248,5x5 only,0.7403799839439441,0.6358705644414084,0.8859997438185142,0.9814949035644156
test_248,OR (6x6 | 5x5),0.6894255568578244,0.5437934605706881,0.9415908799782995,0.9747352600097284
test_248,confidence blend,0.7900021829290602,0.6882190738797297,0.9271166901486779,0.9853210449218374
test_249,6x6 only,0.6766414141409869,0.776329132260211,0.599641938009847,0.9804611206054313
test_249,5x5 only,0.6610138913941541,0.7145085803422848,0.614971466934525,0.9784965515136345
test_249,OR (6x6 | 5x5),0.7020940984494413,0.683107535985729,0.7221662750355575,0.9791069030761345
test_249,confidence blend,0.7239090350333596,0.8030819582697354,0.6589459550177252,0.982864379882775
test_25,6x6 only,0.5236859914276315,0.45797987768745513,0.6114037397937696,0.9677810668944943
test_25,5x5 only,0.48746955345034504,0.4138406396467109,0.59296813273559,0.96387863159176
test_25,OR (6x6 | 5x5),0.49840631589246387,0.39706227048957177,0.6692125362119183,0.9609794616698851
test_25,confidence blend,0.5235378031380865,0.44873965387467196,0.628259151961248,0.9668731689452755
test_250,6x6 only,0.6386149463069041,0.6921615201892016,0.5927583401133109,0.9748382568359003
test_250,5x5 only,0.6007669795132704,0.5961345884231963,0.6054719283964549,0.9698181152343379
test_250,OR (6x6 | 5x5),0.6098849273719062,0.5685895181141676,0.6576484947104784,0.968444824218713
test_250,confidence blend,0.6382666177007301,0.6591179976154955,0.6186940602109248,0.9736976623534784
test_251,6x6 only,0.6431204342868151,0.705277083638534,0.5910322739583752,0.9796867370605095
test_251,5x5 only,0.6221158566515573,0.619833700170433,0.6244148805116724,0.976509094238244
test_251,OR (6x6 | 5x5),0.6233038510132267,0.5625185919677119,0.6988174427190209,0.9738426208495722
test_251,confidence blend,0.6568331943816733,0.6850836120392173,0.630820399112305,0.9795875549316032
test_252,6x6 only,0.24649596742600696,0.2805704099816746,0.21980170367236448,0.9632911682128539
test_252,5x5 only,0.33761164902774327,0.3649789029529942,0.3140622818037787,0.9663352966308225
test_252,OR (6x6 | 5x5),0.330753256560109,0.3010309278347067,0.3669878508583061,0.9594306945800415
test_252,confidence blend,0.28105095541378894,0.326912391182947,0.24647395615103132,0.9655532836913694
test_253,6x6 only,0.29464421180375155,0.23889777340356882,0.384326142884654,0.9645309448241819
test_253,5x5 only,0.4426258359728593,0.39851053715671286,0.4977241242816194,0.975837707519494
test_253,OR (6x6 | 5x5),0.3557984213719758,0.25663484277808823,0.5798535523439939,0.9595260620116821
test_253,confidence blend,0.3293842328504246,0.2612225959862415,0.4456758361360664,0.9650192260741819
test_254,6x6 only,0.5461689587424595,0.4920634920632111,0.6136428367981959,0.9453659057616827
test_254,5x5 only,0.6465504825001273,0.653991841491365,0.6392765593843355,0.9625549316405883
test_254,OR (6x6 | 5x5),0.5960039676914848,0.4950331905275199,0.748718313870159,0.9456214904784795
test_254,confidence blend,0.5945180722889776,0.515191062852101,0.7027200227850308,0.9486465454101201
test_255,6x6 only,0.6370727231013852,0.6658407928383425,0.6106875824654664,0.9637908935546506
test_255,5x5 only,0.667493708573825,0.6462150847569513,0.6902213751644258,0.964214324951135
test_255,OR (6x6 | 5x5),0.6776001007300814,0.5937879289415239,0.7889605629667285,0.960929870605432
test_255,confidence blend,0.6915763382780172,0.69811038912488,0.6851634657669805,0.9681968688964474
test_256,6x6 only,0.72863543788128,0.6844199571461824,0.7789583696206602,0.9872932434081654
test_256,5x5 only,0.6548129981601357,0.5846448610913033,0.744121233233332,0.9828186035155875
test_256,OR (6x6 | 5x5),0.6542730299662498,0.5436311239186816,0.8214596760132008,0.9809875488280876
test_256,confidence blend,0.714015151514588,0.6527196652710248,0.7880160250813656,0.9861755371093374
test_257,6x6 only,0.6490572749905291,0.6372685993701759,0.6612903225794468,0.9849472045898061
test_257,5x5 only,0.743244387970569,0.6977890885944047,0.7950344327640539,0.9884376525878529
test_257,OR (6x6 | 5x5),0.6838201907063085,0.5870582120574492,0.8187749184472295,0.9840621948241811
test_257,confidence blend,0.7686084142387912,0.7625758116290358,0.7747372236303466,0.9901809692382434
test_258,6x6 only,0.24050486781843208,0.7849786485787869,0.14200672543845222,0.9247093200683241
test_258,5x5 only,0.40110207830184663,0.7975111592035743,0.2679269290192366,0.932834625244105
test_258,OR (6x6 | 5x5),0.4532367180735345,0.769683110093902,0.32118513132767373,0.9349479675292611
test_258,confidence blend,0.3138249682912434,0.7747360887443644,0.1967645187675194,0.9277687072753552
test_259,6x6 only,0.6207847561736111,0.5322441960441399,0.7446616541342186,0.9769210815429314
test_259,5x5 only,0.5856972136608681,0.5034057735966013,0.7001503759387968,0.9748725891112909
test_259,OR (6x6 | 5x5),0.524480080180143,0.3933107854187198,0.7869172932318994,0.9638023376464475
test_259,confidence blend,0.6376906891105749,0.5666043468093402,0.7291729323297306,0.9789810180663688
test_26,6x6 only,0.32428519724897537,0.2983351831291935,0.3551797040159747,0.978633880615197
test_26,5x5 only,0.47796509908264023,0.38119201132193553,0.6405919661716687,0.9798011779784782
test_26,OR (6x6 | 5x5),0.4212337183579739,0.30523566425227916,0.6794397462984159,0.9730491638183222
test_26,confidence blend,0.48649945997781524,0.44559243789745967,0.5356765327681404,0.9836769104003531
test_260,6x6 only,0.6352296572623949,0.6263938383715065,0.6443183161870115,0.9761276245116814
test_260,5x5 only,0.6783765961269238,0.6879863813221205,0.6690315714784568,0.9795341491698845
test_260,OR (6x6 | 5x5),0.6399785924534974,0.5845717637851148,0.7069882937203417,0.9743385314941034
test_260,confidence blend,0.6634998827113162,0.6581733566019101,0.6689133262378278,0.9781112670898064
test_261,6x6 only,0.6786495352647084,0.5601940652143064,0.8606344253755233,0.9820632934569937
test_261,5x5 only,0.6730729631404536,0.5571590909084577,0.8498873288250132,0.9818305969237906
test_261,OR (6x6 | 5x5),0.6503801570480803,0.5077357205405199,0.9044895129122821,0.9785995483398063
test_261,confidence blend,0.6919067215358766,0.572466235386934,0.8743283064640764,0.982864379882775
test_262,6x6 only,0.46186440677939655,0.3581387088177265,0.6501692729314039,0.9641494750976194
test_262,5x5 only,0.5305112699281676,0.46233081806148957,0.6222795421560177,0.9739379882812128
test_262,OR (6x6 | 5x5),0.4311037116832675,0.309585765524784,0.7096566177644532,0.9556808471679322
test_262,confidence blend,0.43453699601216517,0.3309710621780722,0.6324359181031236,0.961051940917932
test_263,6x6 only,0.7437930435784803,0.6744332493695692,0.8290543155711146,0.9831123352050406
test_263,5x5 only,0.7210442316457358,0.6458694986208048,0.8160237388713508,0.9813308715819937
test_263,OR (6x6 | 5x5),0.6989374262097947,0.5803921568622503,0.8783382789306176,0.9776268005370721
test_263,confidence blend,0.7716729147136998,0.7066838322060865,0.8498258289242036,0.9851303100585561
test_264,6x6 only,0.7235530854730148,0.6930066079288794,0.7569165998388563,0.9779891967773064
test_264,5x5 only,0.6710736052505059,0.6303505372550375,0.7174218123489199,0.9732360839843378
test_264,OR (6x6 | 5x5),0.682164095313061,0.5829010020605622,0.8221732157168983,0.970844268798791
test_264,confidence blend,0.7014078005997224,0.650012832577081,0.7616279069759807,0.9753227233886346
test_265,6x6 only,0.554893617020883,0.5084481414082292,0.6106774898523093,0.9760589599609002
test_265,5x5 only,0.5286214581340155,0.44639208516996837,0.6479862628775398,0.971759796142541
test_265,OR (6x6 | 5x5),0.526779810447142,0.40708567535308543,0.746175460504611,0.9672393798827755
test_265,confidence blend,0.5660552897391241,0.4928257347830446,0.664845457382665,0.9750900268554316
test_266,6x6 only,0.5950388298268905,0.6530950016540001,0.5464617089038271,0.9795112609862907
test_266,5x5 only,0.5453879941430854,0.5785059791884167,0.5158565295658276,0.9763107299804314
test_266,OR (6x6 | 5x5),0.5481667188965539,0.5006869704596969,0.6055947929641247,0.9724998474120722
test_266,confidence blend,0.5819123020702025,0.6461538461527537,0.5292895720806962,0.9790496826171501
test_267,6x6 only,0.4028894325988548,0.3319255135336304,0.5124481327785642,0.9804496765136345
test_267,5x5 only,0.4551724137926129,0.35760243819783677,0.6259632483680322,0.9807128906249626
test_267,OR (6x6 | 5x5),0.4031620553356062,0.28924980665082595,0.6650859513910341,0.9746551513671503
test_267,confidence blend,0.4445975427713347,0.36288659793746414,0.5737996443373627,0.9815483093261343
test_268,6x6 only,0.6908669179468304,0.6160289555319378,0.7864026402629882,0.9796638488769157
test_268,5x5 only,0.6833692826720406,0.5880449267079877,0.8155775577546989,0.9781608581542596
test_268,OR (6x6 | 5x5),0.6455244509219251,0.5211816263589343,0.8477887788767686,0.9730949401855097
test_268,confidence blend,0.7262051553046056,0.6539763113360257,0.8163696369626187,0.9822120666503531
test_269,6x6 only,0.5581257764890504,0.5348072562352213,0.5835704565129487,0.9715080261230098
test_269,5x5 only,0.5780765253357588,0.5396331652895638,0.6224174192742516,0.9719848632812129
test_269,OR (6x6 | 5x5),0.5542528026326472,0.47425855847885745,0.6667079054798135,0.9669342041015255
test_269,confidence blend,0.5810422650796758,0.5521390374325399,0.6131386861306283,0.9727363586425409
test_27,6x6 only,0.4937850968512248,0.4359402852045054,0.5693292594200942,0.9693946838378537
test_27,5x5 only,0.5204169353102727,0.41255643581189827,0.7046413502099452,0.9659500122069944
test_27,OR (6x6 | 5x5),0.47996895916166454,0.3599854492540124,0.7199185217507349,0.9590988159179321
test_27,confidence blend,0.5344607336209414,0.45923060840428676,0.6391677578922753,0.9708061218261348
test_270,6x6 only,0.7342744894872277,0.8059135708862718,0.6743319324393986,0.9765205383300408
test_270,5x5 only,0.7187590247119441,0.7491400068793006,0.6907461739745533,0.9739952087401972
test_270,OR (6x6 | 5x5),0.7341042713075832,0.7211597307216024,0.7475220045985667,0.9739494323730097
test_270,confidence blend,0.7352528388547888,0.7928820399919345,0.6854333518351554,0.9762535095214471
test_271,6x6 only,0.7893799829702071,0.7258362989313512,0.8651170682034864,0.9896202087401966
test_271,5x5 only,0.7073390053256503,0.5971038187544119,0.8674923651155964,0.9838600158691031
test_271,OR (6x6 | 5x5),0.6692451492292469,0.5396610874305648,0.880726162197352,0.9804267883300407
test_271,confidence blend,0.7661032094714676,0.6826808228259023,0.8727519511352685,0.9880180358886341
test_272,6x6 only,0.506611299310997,0.42949786918578936,0.6174746936584511,0.9827766418456656
test_272,5x5 only,0.4271438088889053,0.3322967569963982,0.5977623867858344,0.9770393371581658
test_272,OR (6x6 | 5x5),0.4003265306119181,0.28860640301284296,0.6531699520494055,0.9719772338866817
test_272,confidence blend,0.48355574235527626,0.39927121290924994,0.6129461907282554,0.9812507629394156
test_273,6x6 only,0.39011233102735604,0.5474218541272176,0.3030317968941074,0.9266815185546521
test_273,5x5 only,0.5079698108807565,0.6211516533632974,0.4296771013061722,0.9355888366698861
test_273,OR (6x6 | 5x5),0.5233564478846091,0.575379705690813,0.4799605619913828,0.9323501586913706
test_273,confidence blend,0.44239207143062736,0.5858117991219033,0.3553857530192973,0.9306755065917613
test_274,6x6 only,0.776266996291185,0.7918184365357358,0.7613146551713883,0.987571716308556
test_274,5x5 only,0.6887697868623402,0.6409185803750395,0.7443426724127905,0.9809494018554313
test_274,OR (6x6 | 5x5),0.7419687930238974,0.6461830535565085,0.8710937499988267,0.9828414916991812
test_274,confidence blend,0.7990189750866148,0.7670384138776121,0.8337823275850839,0.988121032714806
test_275,6x6 only,0.6573148859847185,0.5517204301069336,0.812896070974631,0.9795913696288688
test_275,5x5 only,0.6767656895529695,0.5773749580389645,0.8174904942952829,0.9811973571776968
test_275,OR (6x6 | 5x5),0.6088621136193858,0.472268320376913,0.8566223067160066,0.9734992980956659
test_275,confidence blend,0.687245816387301,0.59330033383148,0.8165399239530791,0.9821052551269156
test_276,6x6 only,0.3751295336784574,0.33715432010268354,0.42274523895001304,0.9700965881347285
test_276,5x5 only,0.3344256326230344,0.3389298892982677,0.33003952569110667,0.9721069335937129
test_276,OR (6x6 | 5x5),0.40773067331642576,0.331792559187901,0.5287459575987626,0.9673843383788693
test_276,confidence blend,0.349866162808731,0.3113789237663798,0.3992094861652907,0.9684982299804318
test_277,6x6 only,0.667887966129023,0.7482440937692709,0.6031174178364803,0.9688796997069943
test_277,5x5 only,0.6391818472352832,0.6998512816020471,0.5881920447021629,0.9655456542968381
test_277,OR (6x6 | 5x5),0.6812613265673501,0.6718135678027937,0.6909786045138658,0.9664535522460569
test_277,confidence blend,0.7020381753475,0.7800844791940503,0.6381883685018468,0.9718933105468379
test_278,6x6 only,0.4562043795618188,0.6828584083852313,0.3425164778194901,0.9579391479491821
test_278,5x5 only,0.41506242849305325,0.6321212121202544,0.30896837739738653,0.9551429748534791
test_278,OR (6x6 | 5x5),0.5226821848959473,0.6457516339862246,0.439013552543554,0.9586982727050415
test_278,confidence blend,0.4466915374040611,0.6623962731101144,0.3369621565575524,0.9570007324218385
test_279,6x6 only,0.6486146974664496,0.677849901538416,0.6217970161232208,0.9615859985351195
test_279,5x5 only,0.6874733096082962,0.7343571808707258,0.6462166320996546,0.9664993286132444
test_279,OR (6x6 | 5x5),0.6866043613705026,0.6424532151806434,0.7372716933158913,0.9616241455077758
test_279,confidence blend,0.6762858129096734,0.6985666405186489,0.655382350973001,0.9642257690429319
test_28,6x6 only,0.2549389706806531,0.26532215819777777,0.24533785420178789,0.9322395324706675
test_28,5x5 only,0.3351138058802102,0.4148201096016025,0.2811011544358754,0.9472923278808232
test_28,OR (6x6 | 5x5),0.3399452298126194,0.3138366928593687,0.37079195931188275,0.9319610595702769
test_28,confidence blend,0.2766070191169948,0.279351226741084,0.27391620247011067,0.9323005676269175
test_280,6x6 only,0.4512479892063457,0.3643066610805494,0.5926935659752008,0.959659576415979
test_280,5x5 only,0.5957350784155502,0.5081809432141403,0.7197382769892043,0.9726638793944941
test_280,OR (6x6 | 5x5),0.4949360783660572,0.3558128431604465,0.8127044711003099,0.9535827636718386
test_280,confidence blend,0.5011177347240587,0.380588568194411,0.7333696837503635,0.9591369628905884
test_281,6x6 only,0.2764393630051201,0.2880442490422805,0.2657333507781424,0.9594421386718384
test_281,5x5 only,0.39934032277040915,0.3631494376000394,0.4435431113431329,0.9610977172851195
test_281,OR (6x6 | 5x5),0.4118447211465879,0.34312614418939663,0.5149810283913189,0.9571151733398072
test_281,confidence blend,0.388933390843312,0.36757512229167527,0.41292686117962457,0.9621696472167601
test_282,6x6 only,0.5017351982329888,0.44180016668169103,0.5804842438245765,0.9638519287109006
test_282,5x5 only,0.46639231824394156,0.3903879274990647,0.5791458814933943,0.9584503173827759
test_282,OR (6x6 | 5x5),0.4394118641201456,0.3365913651366842,0.6326803747406828,0.9493865966796512
test_282,confidence blend,0.49739583333307424,0.4348419998174712,0.5809709210359155,0.963188171386682
test_283,6x6 only,0.7345589207774806,0.6597766690422144,0.8284606205245654,0.9617195129394164
test_283,5x5 only,0.7536659339434171,0.7061369205898607,0.8080548926009498,0.966228485107385
test_283,OR (6x6 | 5x5),0.7404715964615881,0.6383116602580731,0.8815632458228629,0.9604911804198852
test_283,confidence blend,0.7565259168310585,0.6844392929582321,0.8455847255364882,0.9652023315429319
test_284,6x6 only,0.6661312245146014,0.5970099667767474,0.7533538289536705,0.9793853759765251
test_284,5x5 only,0.745754368692625,0.6662269129280274,0.8468418110664522,0.9842376708983999
test_284,OR (6x6 | 5x5),0.6739401834659534,0.5509896156913544,0.867523756287217,0.9770851135253533
test_284,confidence blend,0.7006497341992317,0.6068139963161379,0.8288149804348396,0.9806671142577751
test_285,6x6 only,0.720271923861123,0.8269230769225606,0.6379883424053961,0.9607582092284789
test_285,5x5 only,0.7383185326581077,0.8671692227704269,0.6428055301311996,0.9639167785644163
test_285,OR (6x6 | 5x5),0.7667482639754293,0.7962645914392755,0.7393419721562987,0.9643783569335569
test_285,confidence blend,0.7466025897741967,0.8374460948725219,0.673539187821825,0.9637947082519163
test_286,6x6 only,0.3981365595880975,0.4270584725530623,0.3728835634274904,0.966979980468713
test_286,5x5 only,0.4303939261930236,0.4121082111781526,0.4503777025261131,0.9650840759276975
test_286,OR (6x6 | 5x5),0.4117807175129774,0.3537554952760698,0.49257619171595135,0.9587821960448852
test_286,confidence blend,0.4542213348542112,0.5018909549314499,0.4148215681161568,0.9708023071288692
test_287,6x6 only,0.540245114275803,0.623590135728114,0.47655222790288304,0.9788208007812126
test_287,5x5 only,0.5730150717526696,0.5657932213036659,0.5804236669093055,0.9774131774901971
test_287,OR (6x6 | 5x5),0.5516620587664427,0.4926504363797741,0.6267348429501436,0.9734001159667597
test_287,confidence blend,0.594313925774094,0.7120130532312625,0.5100073046011542,0.9818191528319937
test_288,6x6 only,0.6687253388225521,0.7272388059687925,0.6189266433778677,0.9852676391601186
test_288,5x5 only,0.6464005079763104,0.6462466275184158,0.6465544617328571,0.9830055236816031
test_288,OR (6x6 | 5x5),0.6915049970600444,0.6436388508883124,0.7470625595415258,0.9839859008788687
test_288,confidence blend,0.671526730349697,0.710965223561549,0.6362337249910508,0.9850463867187124
test_289,6x6 only,0.6266939804598854,0.5674133257236642,0.6998064402598101,0.9638519287109006
test_289,5x5 only,0.6295499981137529,0.551006932980818,0.7342072848840979,0.9625358581542601
test_289,OR (6x6 | 5x5),0.6311584553925941,0.5157060759914547,0.8132148513102118,0.9587898254394165
test_289,confidence blend,0.6423335014155221,0.5744016649319637,0.7284884743966844,0.964824676513635
test_29,6x6 only,0.7454964106726631,0.7720577921156234,0.7207018462737715,0.9856643676757436
test_29,5x5 only,0.7857523302258417,0.7992685900029808,0.7726856095315272,0.987724304199181
test_29,OR (6x6 | 5x5),0.755656665026589,0.712298597425858,0.8046353280073266,0.9848403930663686
test_29,confidence blend,0.8006303096733347,0.8396321310521058,0.7650910043200667,0.9888992309569935
test_290,6x6 only,0.7182918669014426,0.6738956740090469,0.7689502474592746,0.9823341369628531
test_290,5x5 only,0.6810470471633644,0.6164643799465789,0.7607449856723616,0.9791297912597282
test_290,OR (6x6 | 5x5),0.657583920430658,0.5459315327709049,0.8266475644688374,0.9747848510741816
test_290,confidence blend,0.7412380659065345,0.7031669977787739,0.7836676217754837,0.9839744567870718
test_291,6x6 only,0.5969164248730745,0.6324291742005637,0.5651799181204856,0.9729728698730097
test_291,5x5 only,0.5828502679642443,0.5918480675248868,0.5741219564742791,0.9709014892577754
test_291,OR (6x6 | 5x5),0.6083442870353886,0.5549338307127143,0.6731307907771243,0.9693107604980099
test_291,confidence blend,0.5820245770647589,0.5957134799767674,0.5689506571853383,0.9710655212401973
test_292,6x6 only,0.7699028173158093,0.8595068493141265,0.697217530446531,0.9821166992187125
test_292,5x5 only,0.7389092292326855,0.7943160907781697,0.6907280647162496,0.9790534973144157
test_292,OR (6x6 | 5x5),0.7694808047084383,0.7605279152550486,0.7786469908429383,0.9799804687499626
test_292,confidence blend,0.7796165979127495,0.8584865327053671,0.714019023912602,0.9826774597167593
test_293,6x6 only,0.7142944224317499,0.6756226937261581,0.7576619681873042,0.9821205139159781
test_293,5x5 only,0.6504762505515357,0.6349753694573461,0.6667528772783309,0.9788627624511345
test_293,OR (6x6 | 5x5),0.6733504059278193,0.5818267419956856,0.7990430621999236,0.9771308898925408
test_293,confidence blend,0.7075549289151054,0.6482936806969013,0.7787404629499822,0.9810104370116813
test_294,6x6 only,0.7177810077515032,0.8774059816392102,0.6072965771668299,0.98222351074215
test_294,5x5 only,0.740716216961463,0.8023909145238465,0.6878458700546343,0.9820747375487906
test_294,OR (6x6 | 5x5),0.7651090342675155,0.7754157019566665,0.7550727608108678,0.982742309570275
test_294,confidence blend,0.7635686000461428,0.8842729970314482,0.6718589874967494,0.9845123291015249
test_295,6x6 only,0.6454044245932565,0.7463481559190167,0.5685129403082507,0.961235046386682
test_295,5x5 only,0.6613962890763622,0.8011368605152591,0.5631646892478249,0.9642181396484006
test_295,OR (6x6 | 5x5),0.6865976095615342,0.7129335451411749,0.6621380709407622,0.9624900817870726
test_295,confidence blend,0.6715738299836791,0.7578426827377855,0.6029384643753594,0.9634056091308226
test_296,6x6 only,0.3686635944698438,0.32774092859897797,0.4212637913735942,0.956100463867151
test_296,5x5 only,0.48192600960146714,0.5515513897857925,0.42790872617799913,0.9720077514648067
test_296,OR (6x6 | 5x5),0.4250833496761987,0.3490338164248397,0.5435055165489675,0.9552688598632447
test_296,confidence blend,0.37654992386318437,0.3325009604299534,0.434052156468864,0.9562683105468385
test_297,6x6 only,0.5959692898270766,0.619953827915006,0.5737714384705355,0.9486083984374638
test_297,5x5 only,0.6701168402334677,0.7442696946182775,0.6094011664834501,0.9603652954101196
test_297,OR (6x6 | 5x5),0.6687327464970393,0.6090318296093121,0.7414101749721421,0.9514770507812137
test_297,confidence blend,0.6334741319910628,0.6581797808760843,0.6105561009409189,0.9533271789550417
test_298,6x6 only,0.19115225168936842,0.15308350009081945,0.2544217687070984,0.945667266845667
test_298,5x5 only,0.31912006285242545,0.3024641213101781,0.33771730914537007,0.9636344909667601
test_298,OR (6x6 | 5x5),0.2307623157136683,0.16420392758896935,0.3880574451997157,0.934715270996058
test_298,confidence blend,0.1865825548949493,0.15580994833334433,0.2325018896443953,0.9488449096679326
test_299,6x6 only,0.45336435912322837,0.5510685103699701,0.3850883935430052,0.9677391052245724
test_299,5x5 only,0.4669885334939849,0.5184242261818057,0.42483803667461856,0.9663085937499631
test_299,OR (6x6 | 5x5),0.5099750623438747,0.4839759392560063,0.5389261008009893,0.9640197753905881
test_299,confidence blend,0.5056070525698414,0.6170886075939603,0.428242011638928,0.970905303955041
test_3,6x6 only,0.5385155355227625,0.5543891678072764,0.5235256087920958,0.9523506164550417
test_3,5x5 only,0.48676590617572124,0.5303184281838327,0.44982400689573315,0.9496269226073856
test_3,OR (6x6 | 5x5),0.5495469899294284,0.49020049560684265,0.6252424394794732,0.9455680847167608
test_3,confidence blend,0.5326297652378015,0.5323240295612166,0.5329358523090777,0.9503326416015262
test_30,6x6 only,0.688406629157313,0.6926750365857716,0.6841905051729426,0.9689445495605099
test_30,5x5 only,0.5335064935062626,0.6189232623537375,0.46880706025527324,0.9588928222655884
test_30,OR (6x6 | 5x5),0.6790005990764778,0.6324427230350997,0.7329580036512987,0.965251922607385
test_30,confidence blend,0.7005504157392745,0.7193938908035601,0.6826688983561452,0.9707374572753535
test_300,6x6 only,0.6174539837812991,0.668944359223722,0.5733237719605911,0.9773254394530877
test_300,5x5 only,0.6198144808035172,0.6722090261273268,0.574997012070545,0.977485656738244
test_300,OR (6x6 | 5x5),0.6059179556149933,0.5704336815441907,0.6461097167435805,0.9731750488280878
test_300,confidence blend,0.6481568838866175,0.7430469715686913,0.574757977769123,0.9800834655761345
test_31,6x6 only,0.3668122270740672,0.5603932584261793,0.2726340963441936,0.9474525451659794
test_31,5x5 only,0.35366453516952595,0.6312554872684263,0.245644004099593,0.9498748779296512
test_31,OR (6x6 | 5x5),0.4560284862535376,0.5786487338440909,0.37628971643295095,0.9498825073241824
test_31,confidence blend,0.3600940544170257,0.6047711154084385,0.2563717116499786,0.9491310119628543
test_32,6x6 only,0.7279058759886645,0.6930406231888926,0.7664649341397177,0.969299316406213
test_32,5x5 only,0.7173568393681535,0.6466586634650164,0.8054111783547131,0.9659957885741819
test_32,OR (6x6 | 5x5),0.7203253963539219,0.6177623873297257,0.8637237451044045,0.9640655517577756
test_32,confidence blend,0.7470171632741827,0.6767238887921642,0.8336062655743441,0.9697494506835567
test_33,6x6 only,0.48014184397106363,0.5064837905224278,0.45640449438099684,0.9832229614257437
test_33,5x5 only,0.46161446497336067,0.4119202962433223,0.5249438202235395,0.979213714599572
test_33,OR (6x6 | 5x5),0.45999452604647384,0.3871909076940759,0.5665168539313112,0.9774208068847283
test_33,confidence blend,0.4961377179425114,0.4874241110136873,0.5051685393247075,0.9825820922851187
test_34,6x6 only,0.7042815674884757,0.7740777666983568,0.6460309535685704,0.9875640869140248
test_34,5x5 only,0.7827696449597991,0.7915603198897541,0.7741720752192143,0.9901504516601184
test_34,OR (6x6 | 5x5),0.7493527888909159,0.7088156723052704,0.794807788316201,0.9878120422362904
test_34,confidence blend,0.7832477421632873,0.8368968779548971,0.7360625728062306,0.9906616210937121
test_35,6x6 only,0.5053586692086887,0.42780808193206293,0.6172502409241611,0.971302032470666
test_35,5x5 only,0.5031008733068579,0.4151002506261329,0.6384516543516889,0.9700469970702754
test_35,OR (6x6 | 5x5),0.5136982614777363,0.3863029223667236,0.7664632187588075,0.9655342102050413
test_35,confidence blend,0.5106517879783726,0.42185208464234036,0.6468037263079878,0.9705581665038692
test_36,6x6 only,0.6379587224167977,0.5588204647279786,0.7432095343670411,0.9767799377441033
test_36,5x5 only,0.7361893311391912,0.6774193548379207,0.8061252771607454,0.9840965270995717
test_36,OR (6x6 | 5x5),0.6311227154043701,0.5063683593091114,0.8374445676263339,0.9730529785155878
test_36,confidence blend,0.6790363432875779,0.5905132670826856,0.7987804878037711,0.979213714599572
test_37,6x6 only,0.4650213886143698,0.3878155872663141,0.5806080525873778,0.9689903259276974
test_37,5x5 only,0.4398577279583747,0.3272391949319804,0.6706655710753152,0.9603500366210571
test_37,OR (6x6 | 5x5),0.44718106599940005,0.31612596068807985,0.7638455217736009,0.956161499023401
test_37,confidence blend,0.5040106107493817,0.4093147312264984,0.6557107641731212,0.9700431823730098
test_38,6x6 only,0.4885253906247018,0.6019855595658815,0.4110517666388547,0.9680328369140255
test_38,5x5 only,0.5199860272466091,0.5056779578758559,0.5351273623659253,0.9633064270019164
test_38,OR (6x6 | 5x5),0.5629223905647056,0.4938386421758553,0.6544782251431239,0.9622535705566039
test_38,confidence blend,0.5711378667115645,0.6350722815831111,0.518898931798974,0.971057891845666
test_39,6x6 only,0.6797526744525078,0.5827513672691773,0.8154951136220233,0.9751052856444941
test_39,5x5 only,0.8364769376281997,0.7929324894506403,0.8850818320959789,0.9887886047362904
test_39,OR (6x6 | 5x5),0.6751732000347824,0.5379026060221211,0.9065112445532714,0.9717407226562129
test_39,confidence blend,0.7088739463961033,0.5928712871282432,0.881314023312279,0.9765472412109002
test_4,6x6 only,0.685879491532887,0.6861628867866254,0.6855963302746003,0.9738883972167597
test_4,5x5 only,0.6142715165968538,0.5419852683265226,0.708807339448891,0.9629859924316039
test_4,OR (6x6 | 5x5),0.605268046215921,0.5085846288315485,0.7473394495405987,0.9594688415526977
test_4,confidence blend,0.6614429458357262,0.6201525491765394,0.708623853210359,0.969837188720666
test_40,6x6 only,0.6183581524914474,0.5852864583329522,0.6553911205069217,0.9576683044433228
test_40,5x5 only,0.6370509783558954,0.5740350877189625,0.715608369176412,0.9573326110839478
test_40,OR (6x6 | 5x5),0.6322437739461709,0.5363363973386134,0.7699205365599111,0.9531326293944948
test_40,confidence blend,0.6486235489218413,0.5950222114035203,0.712838084128663,0.9595870971679321
test_41,6x6 only,0.7178155178150397,0.7944862155376758,0.654640427598816,0.9838371276855093
test_41,5x5 only,0.6932568531976967,0.7686732731833033,0.6313168124384945,0.9824562072753531
test_41,OR (6x6 | 5x5),0.6986178423977152,0.6883622214353396,0.7091836734685262,0.9807853698730095
test_41,confidence blend,0.7285401858934332,0.8328124999986988,0.6474732750235088,0.9848480224608999
test_42,6x6 only,0.3928108528468048,0.48105820105718294,0.3319217289714779,0.9731941223144159
test_42,5x5 only,0.40155573493769603,0.403599350936121,0.3995327102797904,0.9688911437987912
test_42,OR (6x6 | 5x5),0.443572395128252,0.41326273323195506,0.47867990654135706,0.968627929687463
test_42,confidence blend,0.39169719169687284,0.4425234504314097,0.35134345794341215,0.9714927673339473
test_43,6x6 only,0.7445021749635258,0.7845047109747998,0.708381237065585,0.9677352905273068
test_43,5x5 only,0.7276080374344268,0.6980564064641924,0.7597723614619684,0.9622497558593383
test_43,OR (6x6 | 5x5),0.7355453693091115,0.6724285714282512,0.8117383306502577,0.961265563964807
test_43,confidence blend,0.7500787536868897,0.7473606117669649,0.7528167394799076,0.9667091369628537
test_44,6x6 only,0.6361642118451518,0.6292622442640436,0.64321926489091,0.9867134094237905
test_44,5x5 only,0.5983445013789925,0.5607683782775014,0.6413181242065034,0.9844512939452749
test_44,OR (6x6 | 5x5),0.6120601298252374,0.5137654143955925,0.756865230247662,0.9826736450194937
test_44,confidence blend,0.6601841315809867,0.6468680316224471,0.674059991549062,0.9874687194823841
test_45,6x6 only,0.7289805036551944,0.6641687482647199,0.8078091594454733,0.9796371459960563
test_45,5x5 only,0.6702554565916266,0.5930544730227825,0.770563744794902,0.9742965698241816
test_45,OR (6x6 | 5x5),0.6615195648356459,0.5420950463724623,0.8484302914359756,0.9705657958984004
test_45,confidence blend,0.7422789079789489,0.6981263011790442,0.7923933835931221,0.9813461303710562
test_46,6x6 only,0.651810584957868,0.6661556991123768,0.6380702674350938,0.9752044677734003
test_46,5x5 only,0.5627216013641386,0.49184057743567244,0.6574724698472391,0.9628334045409789
test_46,OR (6x6 | 5x5),0.5762318840577324,0.4760862127947478,0.7297325642362561,0.960960388183557
test_46,confidence blend,0.6584839769922666,0.6451645365798075,0.6723649711581831,0.9746322631835566
test_47,6x6 only,0.663956978489037,0.6181521802406601,0.7170932666976989,0.9589996337890259
test_47,5x5 only,0.5874422431797621,0.5527365850750088,0.6267981360163255,0.9502716064452762
test_47,OR (6x6 | 5x5),0.6423546224028135,0.5415411704737771,0.7892888498677725,0.95035552978512
test_47,confidence blend,0.6742665036672756,0.6158097471106929,0.7449854798401128,0.9593429565429321
test_48,6x6 only,0.5543478260866102,0.6483050847448154,0.48417721518934503,0.9727859497069941
test_48,5x5 only,0.6133895069444978,0.773021403682142,0.5084024443468917,0.9775962829589471
test_48,OR (6x6 | 5x5),0.6321151716497053,0.6416366906467607,0.6228721082489929,0.9746551513671503
test_48,confidence blend,0.6291839037228099,0.7391752577308701,0.5476865997375079,0.9774322509765252
test_49,6x6 only,0.5220733465005487,0.5774681152567578,0.47637603507016424,0.9658470153808225
test_49,5x5 only,0.606719938384227,0.5996764677889431,0.6139308329268252,0.9688339233398068
test_49,OR (6x6 | 5x5),0.5924203273037931,0.530914704746792,0.6700438382847832,0.9638977050780881
test_49,confidence blend,0.5765282904380965,0.5993481917571495,0.5553823672668724,0.9680519104003537
test_5,6x6 only,0.677944597165942,0.632014719410393,0.731073274550424,0.9825706481933218
test_5,5x5 only,0.7367623769188619,0.6733794839513236,0.8133171176637073,0.985416412353478
test_5,OR (6x6 | 5x5),0.6797377611661787,0.5693318279784775,0.84326543022067,0.9800605773925407
test_5,confidence blend,0.7322834645664233,0.6710126582269987,0.8058680449972547,0.9852142333983999
test_50,6x6 only,0.3195129976963479,0.32881815103229123,0.31071999999950284,0.968444824218713
test_50,5x5 only,0.3740534622749986,0.4351517724465397,0.3279999999994752,0.9738273620605097
test_50,OR (6x6 | 5x5),0.3271742808796432,0.28351906158324514,0.3867199999993813,0.9620780944823851
test_50,confidence blend,0.331636980491661,0.3528880866419623,0.31279999999949953,0.9699401855468379
test_51,6x6 only,0.6041677827178421,0.6362405506029152,0.5751733986122244,0.9718132019042598
test_51,5x5 only,0.656235665867868,0.6558011612502233,0.6566707466333571,0.9742698669433222
test_51,OR (6x6 | 5x5),0.6565211465948955,0.5918584650662693,0.7370461036304191,0.9711570739745723
test_51,confidence blend,0.6639797947226267,0.7016467915948873,0.6301509587916868,0.9761466979980096
test_52,6x6 only,0.5645575270613968,0.5916267103255857,0.5398570056551704,0.9702301025390254
test_52,5x5 only,0.5776903317480583,0.5920905220696929,0.5639739622232803,0.9705238342284785
test_52,OR (6x6 | 5x5),0.570465016861934,0.5140386920043536,0.6408067442101795,0.9655036926269163
test_52,confidence blend,0.6104218362279435,0.647290993899477,0.5775264112681917,0.9736480712890253
test_53,6x6 only,0.8137910826777293,0.8368822820401397,0.7919399296637277,0.9854545593261342
test_53,5x5 only,0.7165696912508693,0.798854604954653,0.6496530748021578,0.9793739318847282
test_53,OR (6x6 | 5x5),0.808359270786657,0.7594619433530291,0.8639863130872882,0.9835586547851187
test_53,confidence blend,0.8357183743556402,0.8388394139607019,0.8326204733382447,0.9868621826171499
test_54,6x6 only,0.5494409120804431,0.5043471260662499,0.6033901569868021,0.9608039855956664
test_54,5x5 only,0.5812704768836088,0.5509359096001458,0.6151401329089712,0.9648971557616819
test_54,OR (6x6 | 5x5),0.5979702142549295,0.5014347202292282,0.7405374169308094,0.9605598449706665
test_54,confidence blend,0.5804899387574013,0.5317784723887699,0.6390253298655119,0.9634170532226195
test_55,6x6 only,0.5756279648490741,0.4629143214503278,0.760896381577383,0.979183197021447
test_55,5x5 only,0.6663969576821211,0.5494329553028027,0.8466282894719436,0.9842720031737905
test_55,OR (6x6 | 5x5),0.5886460623298923,0.429352952272751,0.9358552631559707,0.9757308959960564
test_55,confidence blend,0.6379786814049443,0.517882322778467,0.8305921052614503,0.9825096130370718
test_56,6x6 only,0.5758616868000799,0.6130973451320199,0.5428899801477975,0.9708023071288692
test_56,5x5 only,0.5046309837181902,0.4729964360774257,0.5408003343427638,0.961235046386682
test_56,OR (6x6 | 5x5),0.5480420675763937,0.47933302019690044,0.6397450632111171,0.9614753723144164
test_56,confidence blend,0.5686521693452208,0.5717756417021529,0.565562637132415,0.9686737060546505
test_57,6x6 only,0.6777053926884928,0.6861487724428615,0.6694672863770657,0.9864120483398061
test_57,5x5 only,0.5677300700286003,0.4697413086732181,0.717375759741299,0.9766883850097283
test_57,OR (6x6 | 5x5),0.5820360841525551,0.4578337944456831,0.798712906684307,0.9755210876464471
test_57,confidence blend,0.6841201014475299,0.6307135314517563,0.7474079370741019,0.9852714538573842
test_58,6x6 only,0.1509501399891875,0.1911298838434287,0.12472927741669153,0.9456291198730108
test_58,5x5 only,0.33700509850800214,0.4672717751780987,0.26353612915902386,0.9598197937011352
test_58,OR (6x6 | 5x5),0.3106462533473242,0.3191113879369676,0.30261862571342524,0.9479560852050419
test_58,confidence blend,0.22110033847729843,0.26495256427847524,0.18970269738118753,0.9482078552245732
test_59,6x6 only,0.7735220649455856,0.8414162206662482,0.715766617636257,0.9771728515624627
test_59,5x5 only,0.8030790441173394,0.8859315589346126,0.7343979827689749,0.9803848266601188
test_59,OR (6x6 | 5x5),0.8020071684584938,0.82125816633574,0.783638019191158,0.9789276123046501
test_59,confidence blend,0.7964615325696792,0.8785907401141613,0.7283743083275699,0.9797248840331657
test_6,6x6 only,0.5095354523224892,0.4726052249632868,0.5527265011663985,0.9617385864257445
test_6,5x5 only,0.5613883280451104,0.5132735583680439,0.6194568215567372,0.9651947021484006
test_6,OR (6x6 | 5x5),0.5694791710808282,0.47413732270095676,0.7128156163794687,0.9612464904784789
test_6,confidence blend,0.5703639179246175,0.5243815625551482,0.6251856566935866,0.9661331176757444
test_60,6x6 only,0.5597423510464413,0.4636432926825734,0.7060940220537363,0.9634971618651976
test_60,5x5 only,0.7892893701843708,0.73647697566787,0.8502611723727796,0.985080718994103
test_60,OR (6x6 | 5x5),0.6163320803004814,0.4701360502712036,0.8944863609972205,0.963401794433557
test_60,confidence blend,0.628452180090299,0.5088804199320421,0.8214741729531961,0.968078613281213
test_61,6x6 only,0.44738688179546876,0.5884659746237867,0.3608714103828535,0.975959777831994
test_61,5x5 only,0.40273627928887973,0.45335457603035345,0.36228603762857226,0.9710235595702754
test_61,OR (6x6 | 5x5),0.45259640818567964,0.44552555844806696,0.4598953175831661,0.9700012207030879
test_61,confidence blend,0.44896911626276925,0.5679653679641387,0.37119818927660037,0.9754295349120721
test_62,6x6 only,0.5543270169952903,0.761158798282445,0.43588325652814996,0.9564857482909791
test_62,5x5 only,0.6003439709533345,0.7941354903935347,0.4825806451609938,0.9601097106933227
test_62,OR (6x6 | 5x5),0.6351994920095124,0.745775347911907,0.5531797235019642,0.9605522155761352
test_62,confidence blend,0.6081705965526777,0.8043873837436267,0.48890937019939235,0.9608879089355101
test_63,6x6 only,0.5724675324671608,0.7207325049039883,0.4747953468327501,0.9748840332030878
test_63,5x5 only,0.5295516304344828,0.5581145584718876,0.5037699267551661,0.9682998657226193
test_63,OR (6x6 | 5x5),0.5773343566126491,0.5498489425976514,0.6077121930195952,0.9684867858886349
test_63,confidence blend,0.581357214934043,0.7013085818613797,0.496445497629797,0.9746780395507441
test_64,6x6 only,0.5526196928632833,0.4776964372860149,0.6554171688755117,0.9697723388671504
test_64,5x5 only,0.49680715197930136,0.41218543046321215,0.6251506629159969,0.9639282226562131
test_64,OR (6x6 | 5x5),0.5107310370964557,0.3951612903222909,0.7218427748751549,0.960605621337854
test_64,confidence blend,0.54358023344576,0.4585442164346567,0.66733627962948,0.968078613281213
test_65,6x6 only,0.6674378253322865,0.7383237364036758,0.608970976252839,0.9692916870116818
test_65,5x5 only,0.6695022698455403,0.7317182192019205,0.6170373162452943,0.9691734313964474
test_65,OR (6x6 | 5x5),0.7150343802264578,0.7052052785918583,0.725141349415209,0.970752716064416
test_65,confidence blend,0.7007886689197245,0.7515318891855083,0.6564643799467347,0.9716339111327754
test_66,6x6 only,0.3546099290776599,0.53383458646456,0.26548010768730856,0.9753532409667596
test_66,5x5 only,0.31526768010548967,0.35215946843788826,0.2853724199816252,0.968383789062463
test_66,OR (6x6 | 5x5),0.4137206334906449,0.4152478529449823,0.4122046066401253,0.970203399658166
test_66,confidence blend,0.3086757990864761,0.39634146341370463,0.25276697576988816,0.9711227416991817
test_67,6x6 only,0.475503355704299,0.44399185335979324,0.5118295105643637,0.9761505126952752
test_67,5x5 only,0.411005773754073,0.3394959962313477,0.5206790680864716,0.9684791564941037
test_67,OR (6x6 | 5x5),0.4042501221296994,0.30537872497434687,0.5977966407791263,0.9627838134765258
test_67,confidence blend,0.5125429553260201,0.4887760117966758,0.5387393895601612,0.9783554077148063
test_68,6x6 only,0.49941273197057817,0.4902005994921717,0.5089777352160534,0.9674835205077755
test_68,5x5 only,0.541870871510472,0.48819351123009386,0.6088101508252228,0.967193603515588
test_68,OR (6x6 | 5x5),0.5241775850690338,0.43229166666633057,0.665669140530685,0.9614868164062133
test_68,confidence blend,0.5186934277840453,0.4890278808433276,0.5521905673922046,0.9673423767089474
test_69,6x6 only,0.4471941007368489,0.5957375957356119,0.3579431772701922,0.9831275939941031
test_69,5x5 only,0.4522331263764748,0.4526864474730299,0.45178071228401007,0.9791336059569938
test_69,OR (6x6 | 5x5),0.4713296644767696,0.4235800893420173,0.5312124849929347,0.9772796630859002
test_69,confidence blend,0.5552035668185437,0.6712056737569612,0.47338935574134977,0.985538482665978
test_7,6x6 only,0.47863616745771315,0.3962978845051484,0.604162126824358,0.9539184570312136
test_7,5x5 only,0.5961664896573123,0.5563001415756901,0.642187840487424,0.9695396423339473
test_7,OR (6x6 | 5x5),0.5191447041271012,0.3999999999997642,0.739376770537438,0.9520454406737917
test_7,confidence blend,0.5457350272229828,0.4675789146318865,0.6552625844403407,0.9618072509765258
test_70,6x6 only,0.5904303340349177,0.6029502151186172,0.578419811319618,0.9844245910644155
test_70,5x5 only,0.5487425351160327,0.47963534774227373,0.6411163521999979,0.9795341491698845
test_70,OR (6x6 | 5x5),0.5675304878044455,0.46352091633408427,0.7317216981117695,0.9783554077148063
test_70,confidence blend,0.6144194756548553,0.5867310443480209,0.6448506289295503,0.9842910766601186
test_71,6x6 only,0.620614631492643,0.629604083320969,0.6118782678635046,0.9787139892577751
test_71,5x5 only,0.6371476529486385,0.5606029741285795,0.7379005228573027,0.9760856628417596
test_71,OR (6x6 | 5x5),0.6278334494396721,0.5229423317260106,0.7853599678230522,0.9735069274901972
test_71,confidence blend,0.6770503457631506,0.6536061891681387,0.7022389060186323,0.9809379577636345
test_72,6x6 only,0.5343671967399996,0.7201558625550118,0.42478061011194157,0.986484527587853
test_72,5x5 only,0.5042335115858909,0.5400954653925057,0.4728374425397559,0.9830245971679312
test_72,OR (6x6 | 5x5),0.5287475396244392,0.5243476474203321,0.533221897199053,0.9826469421386343
test_72,confidence blend,0.5590001225333182,0.6758518518498493,0.4765984120341066,0.986270904540978
test_73,6x6 only,0.39467464944052516,0.5065722952472127,0.323267518389261,0.941375732421839
test_73,5x5 only,0.5198926043444612,0.5655868295269209,0.48102981029779257,0.9474754333495732
test_73,OR (6x6 | 5x5),0.5329420490823525,0.5327187157497694,0.5331655697505916,0.944751739501917
test_73,confidence blend,0.47546746447252225,0.5654687777970419,0.41018195896218207,0.9464950561523076
test_74,6x6 only,0.4341694601775122,0.4034371643385533,0.46996996996879387,0.9813270568847281
test_74,5x5 only,0.36103364937687205,0.28719313812439046,0.48598598598476983,0.9737777709960566
test_74,OR (6x6 | 5x5),0.3944384672677361,0.29467045876061004,0.596346346344854,0.9720878601073848
test_74,confidence blend,0.4227790432797007,0.38795986621992484,0.46446446446330214,0.9806671142577751
test_75,6x6 only,0.37802101576165587,0.3452495201532747,0.41766640866832655,0.9458084106444952
test_75,5x5 only,0.38165416220061554,0.35442932979399927,0.4134094427240582,0.9471817016601201
test_75,OR (6x6 | 5x5),0.40959508731513733,0.3394617978240731,0.5162538699685407,0.9413185119628547
test_75,confidence blend,0.36939735510767313,0.34120347597938905,0.4026702786373813,0.9457931518554327
test_76,6x6 only,0.509923292340789,0.5999999999982808,0.4433622697428682,0.9846458435058217
test_76,5x5 only,0.5900900900895363,0.5299174110896175,0.6656785941125012,0.9833374023437125
test_76,OR (6x6 | 5x5),0.5738494766567753,0.47218045112717405,0.7313148422597262,0.9804306030273063
test_76,confidence blend,0.6761673039037467,0.7466734902744456,0.6178276519148469,0.9893379211425404
test_77,6x6 only,0.3977340216545307,0.5020761245668949,0.3292987366666697,0.9497108459472293
test_77,5x5 only,0.466157538729886,0.5508457095703889,0.40403963991194186,0.953334808349573
test_77,OR (6x6 | 5x5),0.462137476801986,0.4452390969005432,0.4803691655946135,0.9436149597167608
test_77,confidence blend,0.4092509672649614,0.48109157808618036,0.3560783720399757,0.9481620788573857
test_78,6x6 only,0.6567682397548281,0.6600550964181267,0.6535139558135707,0.9713401794433223
test_78,5x5 only,0.6698651217522088,0.6669671022977314,0.6727884353116894,0.9721755981444942
test_78,OR (6x6 | 5x5),0.6873458163138725,0.6190268065263556,0.7726156923349644,0.970508575439416
test_78,confidence blend,0.6777533730778261,0.6684350132620084,0.6873352122914016,0.9725761413573847
test_79,6x6 only,0.5920499838411116,0.4929147982058359,0.7411003236235961,0.9711074829101192
test_79,5x5 only,0.7071865443421215,0.5942547723929935,0.8731121898585853,0.9795455932616813
test_79,OR (6x6 | 5x5),0.6199130962946222,0.47429756202153833,0.8945523193083946,0.9689674377441037
test_79,confidence blend,0.6438454442960726,0.5192593817155569,0.8470873786396345,0.9734878540038691
test_8,6x6 only,0.43165775401046436,0.46215504408512287,0.40493628975578916,0.9594573974609009
test_8,5x5 only,0.5554820656318721,0.563480594549377,0.5477074345334125,0.9666709899901974
test_8,OR (6x6 | 5x5),0.5040236051499892,0.4545601161193012,0.5655663690171912,0.9576797485351197
test_8,confidence blend,0.515514094503896,0.5210618017828009,0.5100832748063509,0.9635467529296508
test_80,6x6 only,0.5347947560711219,0.5422295824975663,0.527561058344193,0.958713531494104
test_80,5x5 only,0.5547061035215128,0.5466447097566516,0.5630088195381928,0.9593391418456665
test_80,OR (6x6 | 5x5),0.5591373439271438,0.5047820740534876,0.6266112618719245,0.955551147460901
test_80,confidence blend,0.5456478292296867,0.5472068230272518,0.5440976933509633,0.9592399597167602
test_81,6x6 only,0.5646192598330009,0.5312993800893019,0.6023980154346714,0.9742851257323847
test_81,5x5 only,0.5801258775111473,0.5171558049195973,0.660556780594459,0.9735336303710566
test_81,OR (6x6 | 5x5),0.6001928846974923,0.4909712482464139,0.7719128996681754,0.9715347290038692
test_81,confidence blend,0.5989243180941228,0.5593159531205939,0.64457001102447,0.9761047363280877
test_82,6x6 only,0.5340833884840939,0.5101782779105953,0.5603388418267459,0.9731445312499628
test_82,5x5 only,0.43826873213188067,0.4204081632647699,0.45771420635959215,0.9677696228026974
test_82,OR (6x6 | 5x5),0.48558253236263926,0.4047045749209069,0.6068601583105029,0.9646797180175413
test_82,confidence blend,0.4879152126143932,0.45630363834104154,0.5242327454512926,0.9697723388671504
test_83,6x6 only,0.37776689520059853,0.5385367215853972,0.2909186906016813,0.9515304565429324
test_83,5x5 only,0.46030817242029437,0.6510344827577227,0.35601146477571577,0.957778930664026
test_83,OR (6x6 | 5x5),0.48683180150826905,0.5366651522030561,0.4454668879163935,0.9525032043456667
test_83,confidence blend,0.4207702625021935,0.5765292727742498,0.33127168502011517,0.9538726806640261
test_84,6x6 only,0.47831282952514703,0.514596883980465,0.44680851063771104,0.9716911315917598
test_84,5x5 only,0.44186205482231056,0.4607270135417524,0.4244812188069024,0.9688529968261349
test_84,OR (6x6 | 5x5),0.49303348814440656,0.4610285714280445,0.5298135014440113,0.968353271484338
test_84,confidence blend,0.47093910389757876,0.49897119341490453,0.44588915156232484,0.9709014892577754
test_85,6x6 only,0.36314499402905964,0.3324893543556997,0.40002769315923564,0.9613456726073851
test_85,5x5 only,0.3786147388057494,0.32698892245687106,0.44959844918242925,0.9593429565429321
test_85,OR (6x6 | 5x5),0.3775993616913292,0.2950666354919374,0.5242315148151147,0.952388763427698
test_85,confidence blend,0.3723877414242537,0.3324991839839707,0.42315148158346283,0.9607048034667602
test_86,6x6 only,0.6055564797867212,0.616391962067491,0.5950953678467628,0.9728660583495722
test_86,5x5 only,0.6294964028773649,0.6115736458005843,0.6485013623971133,0.9732818603515253
test_86,OR (6x6 | 5x5),0.6362219165517486,0.5491096161451926,0.756185286102718,0.9697341918944942
test_86,confidence blend,0.677097383328472,0.6704059829052667,0.6839237057213253,0.9771690368651971
test_87,6x6 only,0.2180525941716872,0.24066520238393266,0.19932432432380634,0.9790153503417595
test_87,5x5 only,0.23148502230690696,0.22717037778276916,0.23596673596612275,0.9770011901855096
test_87,OR (6x6 | 5x5),0.28052913523528966,0.24212115493443645,0.33341995841909194,0.9748954772948847
test_87,confidence blend,0.20245040840110495,0.23071808510561598,0.18035343035296167,0.9791412353515251
test_88,6x6 only,0.2736858308317758,0.4900771775069182,0.1898558462357823,0.96400070190426
test_88,5x5 only,0.23432652766738737,0.361209964412008,0.17341163908150195,0.9595146179198852
test_88,OR (6x6 | 5x5),0.31874326977873013,0.3917782622229963,0.26865990389720373,0.9589729309081665
test_88,confidence blend,0.24680915338702,0.42156862744989276,0.1744794447408708,0.9619560241698851
test_89,6x6 only,0.3304245678803782,0.28000568828193967,0.40298812934874845,0.9391174316405891
test_89,5x5 only,0.46241896863840304,0.538566181471176,0.4051371264834167,0.964885711669885
test_89,OR (6x6 | 5x5),0.3676736941243325,0.28456880116615196,0.5193409742115029,0.9334106445312144
test_89,confidence blend,0.3387844558710534,0.2880177726814619,0.4112771182967547,0.9401550292968391
test_9,6x6 only,0.5989138033012857,0.5653233174291287,0.6367482277605342,0.971546173095666
test_9,5x5 only,0.6721034543014667,0.6850730317056346,0.6596158243761038,0.9785270690917595
test_9,OR (6x6 | 5x5),0.6426730217398752,0.559204401184461,0.7554310541953402,0.971973419189416
test_9,confidence blend,0.6394836594607932,0.5792501855970867,0.7136976903719258,0.9731521606444941
test_90,6x6 only,0.5640812313275483,0.5324100513988204,0.5997587454759953,0.9560279846191041
test_90,5x5 only,0.7351065214558359,0.7982472672438764,0.6812223562519651,0.9767112731933221
test_90,OR (6x6 | 5x5),0.6280305887998944,0.5474710032281792,0.7363892239640237,0.958621978759729
test_90,confidence blend,0.6003570517722883,0.5488276045826347,0.6625653397662544,0.9581565856933227
test_91,6x6 only,0.501439576686249,0.6013437849932786,0.4300013345783665,0.9755592346191033
test_91,5x5 only,0.4872253864926873,0.6241400875534207,0.39957293473855654,0.975959777831994
test_91,OR (6x6 | 5x5),0.577210906487553,0.5632461264915377,0.5918857600419166,0.9752159118651972
test_91,confidence blend,0.49326825984475486,0.6675017080376509,0.39116508741439854,0.977027893066369
test_92,6x6 only,0.30966004712192047,0.3544596416868533,0.2749140893466683,0.9687042236327755
test_92,5x5 only,0.32104384767082306,0.3260903066723284,0.31615120274866854,0.9658584594726194
test_92,OR (6x6 | 5x5),0.33528338680233044,0.28954802259855544,0.398177200059169,0.959690093994104
test_92,confidence blend,0.3333598662737138,0.35672913117486077,0.31286418646300185,0.9680519104003537
test_93,6x6 only,0.6574627378249485,0.7020683585144462,0.6181865151115756,0.9809761047362907
test_93,5x5 only,0.6621552604694445,0.6546326685172247,0.6698527512262079,0.9798126220702751
test_93,OR (6x6 | 5x5),0.6705506054371313,0.6010649191064907,0.7582020149822292,0.9779968261718377
test_93,confidence blend,0.6875950036344672,0.7040194884277926,0.6719194006707931,0.9819679260253531
test_94,6x6 only,0.4289296982441316,0.4423494076415112,0.4163002512556277,0.9730720520019159
test_94,5x5 only,0.45721000967754927,0.4083724376384189,0.5193153266323504,0.9700469970702754
test_94,OR (6x6 | 5x5),0.4550149843776988,0.3830381105739312,0.5603015075368086,0.9673957824706662
test_94,confidence blend,0.47233447311122756,0.46753846153774226,0.47722989949673805,0.9740982055663691
test_95,6x6 only,0.6583389253080791,0.8030474751280657,0.5578201539533258,0.9747505187987909
test_95,5x5 only,0.5988497124278075,0.6991708513363316,0.5237053883830268,0.9694023132323849
test_95,OR (6x6 | 5x5),0.6606918969116969,0.7041472829845549,0.6222883135054038,0.972126007080041
test_95,confidence blend,0.6552186468643486,0.7981155778884446,0.5557207837643844,0.9744949340819941
test_96,6x6 only,0.6239514029500839,0.5218969271709146,0.7756202804732549,0.9801635742187126
test_96,5x5 only,0.6890344990915851,0.6142153413080729,0.784609852569607,0.9849739074706655
test_96,OR (6x6 | 5x5),0.5752101367453424,0.44171483622308116,0.824343761235483,0.9741668701171503
test_96,confidence blend,0.6239907727792503,0.5208182912147763,0.7781373606602335,0.9801025390624626
test_97,6x6 only,0.7405471124615559,0.7578698519338586,0.7239985736351788,0.983718872070275
test_97,5x5 only,0.6970371237845784,0.6869013271775107,0.7074765244256418,0.9802627563476188
test_97,OR (6x6 | 5x5),0.7270193493055008,0.6620460757510132,0.806133365029352,0.9805717468261345
test_97,confidence blend,0.7446034440936548,0.7599950488912489,0.729822893140699,0.98393249511715
test_98,6x6 only,0.7766636280759288,0.8002049180314205,0.7544678795672928,0.9897193908691029
test_98,5x5 only,0.6189991385381635,0.6026227508377514,0.6362904524220958,0.9814414978026968
test_98,OR (6x6 | 5x5),0.6847420113427274,0.6002182611851579,0.7969731122189713,0.9826126098632437
test_98,confidence blend,0.7598011247854268,0.7693958402100208,0.7504427628389141,0.9887580871581654
test_99,6x6 only,0.8316095869196559,0.7587297999765411,0.9199780761839956,0.9896278381347279
test_99,5x5 only,0.7605400585907779,0.7104950023789737,0.8181693614677745,0.9856567382812124
test_99,OR (6x6 | 5x5),0.7710494033674745,0.6500564121844208,0.9473828446136648,0.9843368530273061
test_99,confidence blend,0.8282995977263085,0.7755590099237407,0.8887366401741728,0.9897422790526966
