#-----------------------------------------------------------
# Vivado v2022.2 (64-bit)
# SW Build 3671981 on Fri Oct 14 04:59:54 MDT 2022
# IP Build 3669848 on Fri Oct 14 08:30:02 MDT 2022
# Start of session at: Thu Oct  8 05:48:42 2026
# Process ID: 1387683
# Current directory: /home/thelegendiv/finn/notebooks/enet/finn_build_tmp/S12_dense_256_u4_analytical_v2_ft15ep_int6_fps250_lat200/GenericPartition_2/synth_out_of_context_s4n9ls1z/results_GenericPartition_2_wrapper
# Command line: vivado -mode tcl -source GenericPartition_2_wrapper.tcl -tclargs GenericPartition_2_wrapper
# Log file: /home/thelegendiv/finn/notebooks/enet/finn_build_tmp/S12_dense_256_u4_analytical_v2_ft15ep_int6_fps250_lat200/GenericPartition_2/synth_out_of_context_s4n9ls1z/results_GenericPartition_2_wrapper/vivado.log
# Journal file: /home/thelegendiv/finn/notebooks/enet/finn_build_tmp/S12_dense_256_u4_analytical_v2_ft15ep_int6_fps250_lat200/GenericPartition_2/synth_out_of_context_s4n9ls1z/results_GenericPartition_2_wrapper/vivado.jou
# Running On: finn_dev_thelegendiv, OS: Linux, CPU Frequency: 4104.016 MHz, CPU Physical cores: 6, Host memory: 84340 MB
#-----------------------------------------------------------
source GenericPartition_2_wrapper.tcl
# set fpga_part "xczu7ev-ffvc1156-2-e"
# set origin_dir "."
# if { [info exists ::origin_dir_loc] } {
#   set origin_dir $::origin_dir_loc
# }
# variable script_file
# set script_file "vivadocompile.tcl"
# proc help {} {
#   variable script_file
#   puts "\nDescription:"
#   puts "Recreate a Vivado project from this script. The created project will be"
#   puts "functionally equivalent to the original project for which this script was"
#   puts "generated. The script contains commands for creating a project, filesets,"
#   puts "runs, adding/importing sources and setting properties on various objects.\n"
#   puts "Syntax:"
#   puts "$script_file"
#   puts "$script_file -tclargs \[--origin_dir <path>\]"
#   puts "$script_file -tclargs \[--help\]\n"
#   puts "Usage:"
#   puts "Name                   Description"
#   puts "-------------------------------------------------------------------------"
#   puts "\[--origin_dir <path>\]  Determine source file paths wrt this path. Default"
#   puts "                       origin_dir path value is \".\", otherwise, the value"
#   puts "                       that was set with the \"-paths_relative_to\" switch"
#   puts "                       when this script was generated.\n"
#   puts "\[--help\]               Print help information for this script"
#   puts "-------------------------------------------------------------------------\n"
#   exit 0
# }
# if { $::argc > 0 } {
#   for {set i 0} {$i < [llength $::argc]} {incr i} {
#     set option [string trim [lindex $::argv $i]]
#     switch -regexp -- $option {
#       "--origin_dir" { incr i; set origin_dir [lindex $::argv $i] }
#       "--help"       { help }
#       default {
#         if { [regexp {^-} $option] } {
#           puts "ERROR: Unknown option '$option' specified, please type '$script_file -tclargs --help' for usage info.\n"
#           return 1
#         }
#       }
#     }
#   }
# }
# set orig_proj_dir "[file normalize "$origin_dir/vivadocompile"]"
# create_project -force vivadocompile ./vivadocompile -part $fpga_part
create_project: Time (s): cpu = 00:00:06 ; elapsed = 00:00:07 . Memory (MB): peak = 1314.316 ; gain = 0.023 ; free physical = 66604 ; free virtual = 94927
# set proj_dir [get_property directory [current_project]]
# set obj [get_projects vivadocompile]
# set_property "default_lib" "xil_defaultlib" $obj
# set_property "sim.ip.auto_export_scripts" "1" $obj
# set_property "simulator_language" "Mixed" $obj
# if {[string equal [get_filesets -quiet sources_1] ""]} {
#   create_fileset -srcset sources_1
# }
# set obj [get_filesets sources_1]
# source sources.tcl
## set files [list \
## "[file normalize "$origin_dir/dummy_nachiket_fooling_zsh_for_loops.h"]"\
## "[file normalize "$origin_dir/GenericPartition_2.v"]"\
## "[file normalize "$origin_dir/GenericPartition_2_AddStreams_hls_0.v"]"\
## "[file normalize "$origin_dir/GenericPartition_2_AddStreams_hls_0_flow_control_loop_pipe_no_ap_cont.v"]"\
## "[file normalize "$origin_dir/GenericPartition_2_AddStreams_hls_0_hls_deadlock_idx0_monitor.v"]"\
## "[file normalize "$origin_dir/GenericPartition_2_AddStreams_hls_0_regslice_both.v"]"\
## "[file normalize "$origin_dir/GenericPartition_2_AddStreams_hls_1.v"]"\
## "[file normalize "$origin_dir/GenericPartition_2_AddStreams_hls_1_flow_control_loop_pipe_no_ap_cont.v"]"\
## "[file normalize "$origin_dir/GenericPartition_2_AddStreams_hls_1_hls_deadlock_idx0_monitor.v"]"\
## "[file normalize "$origin_dir/GenericPartition_2_AddStreams_hls_1_regslice_both.v"]"\
## "[file normalize "$origin_dir/GenericPartition_2_AddStreams_hls_2.v"]"\
## "[file normalize "$origin_dir/GenericPartition_2_AddStreams_hls_2_flow_control_loop_pipe_no_ap_cont.v"]"\
## "[file normalize "$origin_dir/GenericPartition_2_AddStreams_hls_2_hls_deadlock_idx0_monitor.v"]"\
## "[file normalize "$origin_dir/GenericPartition_2_AddStreams_hls_2_regslice_both.v"]"\
## "[file normalize "$origin_dir/GenericPartition_2_AddStreams_hls_3.v"]"\
## "[file normalize "$origin_dir/GenericPartition_2_AddStreams_hls_3_flow_control_loop_pipe_no_ap_cont.v"]"\
## "[file normalize "$origin_dir/GenericPartition_2_AddStreams_hls_3_hls_deadlock_idx0_monitor.v"]"\
## "[file normalize "$origin_dir/GenericPartition_2_AddStreams_hls_3_regslice_both.v"]"\
## "[file normalize "$origin_dir/GenericPartition_2_AddStreams_hls_4.v"]"\
## "[file normalize "$origin_dir/GenericPartition_2_AddStreams_hls_4_flow_control_loop_pipe_no_ap_cont.v"]"\
## "[file normalize "$origin_dir/GenericPartition_2_AddStreams_hls_4_hls_deadlock_idx0_monitor.v"]"\
## "[file normalize "$origin_dir/GenericPartition_2_AddStreams_hls_4_regslice_both.v"]"\
## "[file normalize "$origin_dir/GenericPartition_2_ConvolutionInputGenerator_rtl_0_wrapper.v"]"\
## "[file normalize "$origin_dir/GenericPartition_2_ConvolutionInputGenerator_rtl_1_wrapper.v"]"\
## "[file normalize "$origin_dir/GenericPartition_2_ConvolutionInputGenerator_rtl_2_wrapper.v"]"\
## "[file normalize "$origin_dir/GenericPartition_2_ConvolutionInputGenerator_rtl_3_wrapper.v"]"\
## "[file normalize "$origin_dir/GenericPartition_2_ConvolutionInputGenerator_rtl_4_wrapper.v"]"\
## "[file normalize "$origin_dir/GenericPartition_2_DuplicateStreams_hls_0.v"]"\
## "[file normalize "$origin_dir/GenericPartition_2_DuplicateStreams_hls_0_flow_control_loop_pipe_no_ap_cont.v"]"\
## "[file normalize "$origin_dir/GenericPartition_2_DuplicateStreams_hls_0_hls_deadlock_idx0_monitor.v"]"\
## "[file normalize "$origin_dir/GenericPartition_2_DuplicateStreams_hls_0_regslice_both.v"]"\
## "[file normalize "$origin_dir/GenericPartition_2_DuplicateStreams_hls_1.v"]"\
## "[file normalize "$origin_dir/GenericPartition_2_DuplicateStreams_hls_1_flow_control_loop_pipe_no_ap_cont.v"]"\
## "[file normalize "$origin_dir/GenericPartition_2_DuplicateStreams_hls_1_hls_deadlock_idx0_monitor.v"]"\
## "[file normalize "$origin_dir/GenericPartition_2_DuplicateStreams_hls_1_regslice_both.v"]"\
## "[file normalize "$origin_dir/GenericPartition_2_DuplicateStreams_hls_2.v"]"\
## "[file normalize "$origin_dir/GenericPartition_2_DuplicateStreams_hls_2_flow_control_loop_pipe_no_ap_cont.v"]"\
## "[file normalize "$origin_dir/GenericPartition_2_DuplicateStreams_hls_2_hls_deadlock_idx0_monitor.v"]"\
## "[file normalize "$origin_dir/GenericPartition_2_DuplicateStreams_hls_2_regslice_both.v"]"\
## "[file normalize "$origin_dir/GenericPartition_2_DuplicateStreams_hls_3.v"]"\
## "[file normalize "$origin_dir/GenericPartition_2_DuplicateStreams_hls_3_flow_control_loop_pipe_no_ap_cont.v"]"\
## "[file normalize "$origin_dir/GenericPartition_2_DuplicateStreams_hls_3_hls_deadlock_idx0_monitor.v"]"\
## "[file normalize "$origin_dir/GenericPartition_2_DuplicateStreams_hls_3_regslice_both.v"]"\
## "[file normalize "$origin_dir/GenericPartition_2_DuplicateStreams_hls_4.v"]"\
## "[file normalize "$origin_dir/GenericPartition_2_DuplicateStreams_hls_4_flow_control_loop_pipe_no_ap_cont.v"]"\
## "[file normalize "$origin_dir/GenericPartition_2_DuplicateStreams_hls_4_hls_deadlock_idx0_monitor.v"]"\
## "[file normalize "$origin_dir/GenericPartition_2_DuplicateStreams_hls_4_regslice_both.v"]"\
## "[file normalize "$origin_dir/GenericPartition_2_FMPadding_rtl_0.v"]"\
## "[file normalize "$origin_dir/GenericPartition_2_FMPadding_rtl_1.v"]"\
## "[file normalize "$origin_dir/GenericPartition_2_FMPadding_rtl_2.v"]"\
## "[file normalize "$origin_dir/GenericPartition_2_FMPadding_rtl_3.v"]"\
## "[file normalize "$origin_dir/GenericPartition_2_FMPadding_rtl_4.v"]"\
## "[file normalize "$origin_dir/GenericPartition_2_GenericPartition_2_AddStreams_hls_0_0.v"]"\
## "[file normalize "$origin_dir/GenericPartition_2_GenericPartition_2_AddStreams_hls_1_0.v"]"\
## "[file normalize "$origin_dir/GenericPartition_2_GenericPartition_2_AddStreams_hls_2_0.v"]"\
## "[file normalize "$origin_dir/GenericPartition_2_GenericPartition_2_AddStreams_hls_3_0.v"]"\
## "[file normalize "$origin_dir/GenericPartition_2_GenericPartition_2_AddStreams_hls_4_0.v"]"\
## "[file normalize "$origin_dir/GenericPartition_2_GenericPartition_2_ConvolutionInputGenerator_rtl_0_0.v"]"\
## "[file normalize "$origin_dir/GenericPartition_2_GenericPartition_2_ConvolutionInputGenerator_rtl_1_0.v"]"\
## "[file normalize "$origin_dir/GenericPartition_2_GenericPartition_2_ConvolutionInputGenerator_rtl_2_0.v"]"\
## "[file normalize "$origin_dir/GenericPartition_2_GenericPartition_2_ConvolutionInputGenerator_rtl_3_0.v"]"\
## "[file normalize "$origin_dir/GenericPartition_2_GenericPartition_2_ConvolutionInputGenerator_rtl_4_0.v"]"\
## "[file normalize "$origin_dir/GenericPartition_2_GenericPartition_2_DuplicateStreams_hls_0_0.v"]"\
## "[file normalize "$origin_dir/GenericPartition_2_GenericPartition_2_DuplicateStreams_hls_1_0.v"]"\
## "[file normalize "$origin_dir/GenericPartition_2_GenericPartition_2_DuplicateStreams_hls_2_0.v"]"\
## "[file normalize "$origin_dir/GenericPartition_2_GenericPartition_2_DuplicateStreams_hls_3_0.v"]"\
## "[file normalize "$origin_dir/GenericPartition_2_GenericPartition_2_DuplicateStreams_hls_4_0.v"]"\
## "[file normalize "$origin_dir/GenericPartition_2_GenericPartition_2_FMPadding_rtl_0_0.v"]"\
## "[file normalize "$origin_dir/GenericPartition_2_GenericPartition_2_FMPadding_rtl_1_0.v"]"\
## "[file normalize "$origin_dir/GenericPartition_2_GenericPartition_2_FMPadding_rtl_2_0.v"]"\
## "[file normalize "$origin_dir/GenericPartition_2_GenericPartition_2_FMPadding_rtl_3_0.v"]"\
## "[file normalize "$origin_dir/GenericPartition_2_GenericPartition_2_FMPadding_rtl_4_0.v"]"\
## "[file normalize "$origin_dir/GenericPartition_2_GenericPartition_2_MVAU_rtl_0_0.v"]"\
## "[file normalize "$origin_dir/GenericPartition_2_GenericPartition_2_MVAU_rtl_0_wstrm_0.v"]"\
## "[file normalize "$origin_dir/GenericPartition_2_GenericPartition_2_MVAU_rtl_10_0.v"]"\
## "[file normalize "$origin_dir/GenericPartition_2_GenericPartition_2_MVAU_rtl_10_wstrm_0.v"]"\
## "[file normalize "$origin_dir/GenericPartition_2_GenericPartition_2_MVAU_rtl_11_0.v"]"\
## "[file normalize "$origin_dir/GenericPartition_2_GenericPartition_2_MVAU_rtl_11_wstrm_0.v"]"\
## "[file normalize "$origin_dir/GenericPartition_2_GenericPartition_2_MVAU_rtl_12_0.v"]"\
## "[file normalize "$origin_dir/GenericPartition_2_GenericPartition_2_MVAU_rtl_12_wstrm_0.v"]"\
## "[file normalize "$origin_dir/GenericPartition_2_GenericPartition_2_MVAU_rtl_13_0.v"]"\
## "[file normalize "$origin_dir/GenericPartition_2_GenericPartition_2_MVAU_rtl_13_wstrm_0.v"]"\
## "[file normalize "$origin_dir/GenericPartition_2_GenericPartition_2_MVAU_rtl_14_0.v"]"\
## "[file normalize "$origin_dir/GenericPartition_2_GenericPartition_2_MVAU_rtl_14_wstrm_0.v"]"\
## "[file normalize "$origin_dir/GenericPartition_2_GenericPartition_2_MVAU_rtl_1_0.v"]"\
## "[file normalize "$origin_dir/GenericPartition_2_GenericPartition_2_MVAU_rtl_1_wstrm_0.v"]"\
## "[file normalize "$origin_dir/GenericPartition_2_GenericPartition_2_MVAU_rtl_2_0.v"]"\
## "[file normalize "$origin_dir/GenericPartition_2_GenericPartition_2_MVAU_rtl_2_wstrm_0.v"]"\
## "[file normalize "$origin_dir/GenericPartition_2_GenericPartition_2_MVAU_rtl_3_0.v"]"\
## "[file normalize "$origin_dir/GenericPartition_2_GenericPartition_2_MVAU_rtl_3_wstrm_0.v"]"\
## "[file normalize "$origin_dir/GenericPartition_2_GenericPartition_2_MVAU_rtl_4_0.v"]"\
## "[file normalize "$origin_dir/GenericPartition_2_GenericPartition_2_MVAU_rtl_4_wstrm_0.v"]"\
## "[file normalize "$origin_dir/GenericPartition_2_GenericPartition_2_MVAU_rtl_5_0.v"]"\
## "[file normalize "$origin_dir/GenericPartition_2_GenericPartition_2_MVAU_rtl_5_wstrm_0.v"]"\
## "[file normalize "$origin_dir/GenericPartition_2_GenericPartition_2_MVAU_rtl_6_0.v"]"\
## "[file normalize "$origin_dir/GenericPartition_2_GenericPartition_2_MVAU_rtl_6_wstrm_0.v"]"\
## "[file normalize "$origin_dir/GenericPartition_2_GenericPartition_2_MVAU_rtl_7_0.v"]"\
## "[file normalize "$origin_dir/GenericPartition_2_GenericPartition_2_MVAU_rtl_7_wstrm_0.v"]"\
## "[file normalize "$origin_dir/GenericPartition_2_GenericPartition_2_MVAU_rtl_8_0.v"]"\
## "[file normalize "$origin_dir/GenericPartition_2_GenericPartition_2_MVAU_rtl_8_wstrm_0.v"]"\
## "[file normalize "$origin_dir/GenericPartition_2_GenericPartition_2_MVAU_rtl_9_0.v"]"\
## "[file normalize "$origin_dir/GenericPartition_2_GenericPartition_2_MVAU_rtl_9_wstrm_0.v"]"\
## "[file normalize "$origin_dir/GenericPartition_2_GenericPartition_2_StreamingDataWidthConverter_rtl_0_0.v"]"\
## "[file normalize "$origin_dir/GenericPartition_2_GenericPartition_2_StreamingDataWidthConverter_rtl_10_0.v"]"\
## "[file normalize "$origin_dir/GenericPartition_2_GenericPartition_2_StreamingDataWidthConverter_rtl_11_0.v"]"\
## "[file normalize "$origin_dir/GenericPartition_2_GenericPartition_2_StreamingDataWidthConverter_rtl_12_0.v"]"\
## "[file normalize "$origin_dir/GenericPartition_2_GenericPartition_2_StreamingDataWidthConverter_rtl_13_0.v"]"\
## "[file normalize "$origin_dir/GenericPartition_2_GenericPartition_2_StreamingDataWidthConverter_rtl_14_0.v"]"\
## "[file normalize "$origin_dir/GenericPartition_2_GenericPartition_2_StreamingDataWidthConverter_rtl_1_0.v"]"\
## "[file normalize "$origin_dir/GenericPartition_2_GenericPartition_2_StreamingDataWidthConverter_rtl_2_0.v"]"\
## "[file normalize "$origin_dir/GenericPartition_2_GenericPartition_2_StreamingDataWidthConverter_rtl_3_0.v"]"\
## "[file normalize "$origin_dir/GenericPartition_2_GenericPartition_2_StreamingDataWidthConverter_rtl_4_0.v"]"\
## "[file normalize "$origin_dir/GenericPartition_2_GenericPartition_2_StreamingDataWidthConverter_rtl_5_0.v"]"\
## "[file normalize "$origin_dir/GenericPartition_2_GenericPartition_2_StreamingDataWidthConverter_rtl_6_0.v"]"\
## "[file normalize "$origin_dir/GenericPartition_2_GenericPartition_2_StreamingDataWidthConverter_rtl_7_0.v"]"\
## "[file normalize "$origin_dir/GenericPartition_2_GenericPartition_2_StreamingDataWidthConverter_rtl_8_0.v"]"\
## "[file normalize "$origin_dir/GenericPartition_2_GenericPartition_2_StreamingDataWidthConverter_rtl_9_0.v"]"\
## "[file normalize "$origin_dir/GenericPartition_2_GenericPartition_2_StreamingFIFO_rtl_0_0.v"]"\
## "[file normalize "$origin_dir/GenericPartition_2_GenericPartition_2_StreamingFIFO_rtl_10_0.v"]"\
## "[file normalize "$origin_dir/GenericPartition_2_GenericPartition_2_StreamingFIFO_rtl_11_0.v"]"\
## "[file normalize "$origin_dir/GenericPartition_2_GenericPartition_2_StreamingFIFO_rtl_12_0.v"]"\
## "[file normalize "$origin_dir/GenericPartition_2_GenericPartition_2_StreamingFIFO_rtl_13_0.v"]"\
## "[file normalize "$origin_dir/GenericPartition_2_GenericPartition_2_StreamingFIFO_rtl_14_0.v"]"\
## "[file normalize "$origin_dir/GenericPartition_2_GenericPartition_2_StreamingFIFO_rtl_15_0.v"]"\
## "[file normalize "$origin_dir/GenericPartition_2_GenericPartition_2_StreamingFIFO_rtl_16_0.v"]"\
## "[file normalize "$origin_dir/GenericPartition_2_GenericPartition_2_StreamingFIFO_rtl_17_0.v"]"\
## "[file normalize "$origin_dir/GenericPartition_2_GenericPartition_2_StreamingFIFO_rtl_18_0.v"]"\
## "[file normalize "$origin_dir/GenericPartition_2_GenericPartition_2_StreamingFIFO_rtl_19_0.v"]"\
## "[file normalize "$origin_dir/GenericPartition_2_GenericPartition_2_StreamingFIFO_rtl_1_0.v"]"\
## "[file normalize "$origin_dir/GenericPartition_2_GenericPartition_2_StreamingFIFO_rtl_20_0.v"]"\
## "[file normalize "$origin_dir/GenericPartition_2_GenericPartition_2_StreamingFIFO_rtl_21_0.v"]"\
## "[file normalize "$origin_dir/GenericPartition_2_GenericPartition_2_StreamingFIFO_rtl_23_0.v"]"\
## "[file normalize "$origin_dir/GenericPartition_2_GenericPartition_2_StreamingFIFO_rtl_24_0.v"]"\
## "[file normalize "$origin_dir/GenericPartition_2_GenericPartition_2_StreamingFIFO_rtl_25_0.v"]"\
## "[file normalize "$origin_dir/GenericPartition_2_GenericPartition_2_StreamingFIFO_rtl_26_0.v"]"\
## "[file normalize "$origin_dir/GenericPartition_2_GenericPartition_2_StreamingFIFO_rtl_27_0.v"]"\
## "[file normalize "$origin_dir/GenericPartition_2_GenericPartition_2_StreamingFIFO_rtl_28_0.v"]"\
## "[file normalize "$origin_dir/GenericPartition_2_GenericPartition_2_StreamingFIFO_rtl_29_0.v"]"\
## "[file normalize "$origin_dir/GenericPartition_2_GenericPartition_2_StreamingFIFO_rtl_2_0.v"]"\
## "[file normalize "$origin_dir/GenericPartition_2_GenericPartition_2_StreamingFIFO_rtl_30_0.v"]"\
## "[file normalize "$origin_dir/GenericPartition_2_GenericPartition_2_StreamingFIFO_rtl_31_0.v"]"\
## "[file normalize "$origin_dir/GenericPartition_2_GenericPartition_2_StreamingFIFO_rtl_32_0.v"]"\
## "[file normalize "$origin_dir/GenericPartition_2_GenericPartition_2_StreamingFIFO_rtl_33_0.v"]"\
## "[file normalize "$origin_dir/GenericPartition_2_GenericPartition_2_StreamingFIFO_rtl_34_0.v"]"\
## "[file normalize "$origin_dir/GenericPartition_2_GenericPartition_2_StreamingFIFO_rtl_35_0.v"]"\
## "[file normalize "$origin_dir/GenericPartition_2_GenericPartition_2_StreamingFIFO_rtl_36_0.v"]"\
## "[file normalize "$origin_dir/GenericPartition_2_GenericPartition_2_StreamingFIFO_rtl_37_0.v"]"\
## "[file normalize "$origin_dir/GenericPartition_2_GenericPartition_2_StreamingFIFO_rtl_38_0.v"]"\
## "[file normalize "$origin_dir/GenericPartition_2_GenericPartition_2_StreamingFIFO_rtl_39_0.v"]"\
## "[file normalize "$origin_dir/GenericPartition_2_GenericPartition_2_StreamingFIFO_rtl_3_0.v"]"\
## "[file normalize "$origin_dir/GenericPartition_2_GenericPartition_2_StreamingFIFO_rtl_41_0.v"]"\
## "[file normalize "$origin_dir/GenericPartition_2_GenericPartition_2_StreamingFIFO_rtl_42_0.v"]"\
## "[file normalize "$origin_dir/GenericPartition_2_GenericPartition_2_StreamingFIFO_rtl_43_0.v"]"\
## "[file normalize "$origin_dir/GenericPartition_2_GenericPartition_2_StreamingFIFO_rtl_44_0.v"]"\
## "[file normalize "$origin_dir/GenericPartition_2_GenericPartition_2_StreamingFIFO_rtl_46_0.v"]"\
## "[file normalize "$origin_dir/GenericPartition_2_GenericPartition_2_StreamingFIFO_rtl_47_0.v"]"\
## "[file normalize "$origin_dir/GenericPartition_2_GenericPartition_2_StreamingFIFO_rtl_48_0.v"]"\
## "[file normalize "$origin_dir/GenericPartition_2_GenericPartition_2_StreamingFIFO_rtl_49_0.v"]"\
## "[file normalize "$origin_dir/GenericPartition_2_GenericPartition_2_StreamingFIFO_rtl_4_0.v"]"\
## "[file normalize "$origin_dir/GenericPartition_2_GenericPartition_2_StreamingFIFO_rtl_50_0.v"]"\
## "[file normalize "$origin_dir/GenericPartition_2_GenericPartition_2_StreamingFIFO_rtl_51_0.v"]"\
## "[file normalize "$origin_dir/GenericPartition_2_GenericPartition_2_StreamingFIFO_rtl_52_0.v"]"\
## "[file normalize "$origin_dir/GenericPartition_2_GenericPartition_2_StreamingFIFO_rtl_53_0.v"]"\
## "[file normalize "$origin_dir/GenericPartition_2_GenericPartition_2_StreamingFIFO_rtl_54_0.v"]"\
## "[file normalize "$origin_dir/GenericPartition_2_GenericPartition_2_StreamingFIFO_rtl_55_0.v"]"\
## "[file normalize "$origin_dir/GenericPartition_2_GenericPartition_2_StreamingFIFO_rtl_56_0.v"]"\
## "[file normalize "$origin_dir/GenericPartition_2_GenericPartition_2_StreamingFIFO_rtl_57_0.v"]"\
## "[file normalize "$origin_dir/GenericPartition_2_GenericPartition_2_StreamingFIFO_rtl_58_0.v"]"\
## "[file normalize "$origin_dir/GenericPartition_2_GenericPartition_2_StreamingFIFO_rtl_61_0.v"]"\
## "[file normalize "$origin_dir/GenericPartition_2_GenericPartition_2_StreamingFIFO_rtl_62_0.v"]"\
## "[file normalize "$origin_dir/GenericPartition_2_GenericPartition_2_StreamingFIFO_rtl_63_0.v"]"\
## "[file normalize "$origin_dir/GenericPartition_2_GenericPartition_2_StreamingFIFO_rtl_64_0.v"]"\
## "[file normalize "$origin_dir/GenericPartition_2_GenericPartition_2_StreamingFIFO_rtl_66_0.v"]"\
## "[file normalize "$origin_dir/GenericPartition_2_GenericPartition_2_StreamingFIFO_rtl_67_0.v"]"\
## "[file normalize "$origin_dir/GenericPartition_2_GenericPartition_2_StreamingFIFO_rtl_68_0.v"]"\
## "[file normalize "$origin_dir/GenericPartition_2_GenericPartition_2_StreamingFIFO_rtl_69_0.v"]"\
## "[file normalize "$origin_dir/GenericPartition_2_GenericPartition_2_StreamingFIFO_rtl_6_0.v"]"\
## "[file normalize "$origin_dir/GenericPartition_2_GenericPartition_2_StreamingFIFO_rtl_70_0.v"]"\
## "[file normalize "$origin_dir/GenericPartition_2_GenericPartition_2_StreamingFIFO_rtl_71_0.v"]"\
## "[file normalize "$origin_dir/GenericPartition_2_GenericPartition_2_StreamingFIFO_rtl_72_0.v"]"\
## "[file normalize "$origin_dir/GenericPartition_2_GenericPartition_2_StreamingFIFO_rtl_73_0.v"]"\
## "[file normalize "$origin_dir/GenericPartition_2_GenericPartition_2_StreamingFIFO_rtl_74_0.v"]"\
## "[file normalize "$origin_dir/GenericPartition_2_GenericPartition_2_StreamingFIFO_rtl_75_0.v"]"\
## "[file normalize "$origin_dir/GenericPartition_2_GenericPartition_2_StreamingFIFO_rtl_76_0.v"]"\
## "[file normalize "$origin_dir/GenericPartition_2_GenericPartition_2_StreamingFIFO_rtl_77_0.v"]"\
## "[file normalize "$origin_dir/GenericPartition_2_GenericPartition_2_StreamingFIFO_rtl_78_0.v"]"\
## "[file normalize "$origin_dir/GenericPartition_2_GenericPartition_2_StreamingFIFO_rtl_7_0.v"]"\
## "[file normalize "$origin_dir/GenericPartition_2_GenericPartition_2_StreamingFIFO_rtl_80_0.v"]"\
## "[file normalize "$origin_dir/GenericPartition_2_GenericPartition_2_StreamingFIFO_rtl_81_0.v"]"\
## "[file normalize "$origin_dir/GenericPartition_2_GenericPartition_2_StreamingFIFO_rtl_82_0.v"]"\
## "[file normalize "$origin_dir/GenericPartition_2_GenericPartition_2_StreamingFIFO_rtl_83_0.v"]"\
## "[file normalize "$origin_dir/GenericPartition_2_GenericPartition_2_StreamingFIFO_rtl_84_0.v"]"\
## "[file normalize "$origin_dir/GenericPartition_2_GenericPartition_2_StreamingFIFO_rtl_85_0.v"]"\
## "[file normalize "$origin_dir/GenericPartition_2_GenericPartition_2_StreamingFIFO_rtl_86_0.v"]"\
## "[file normalize "$origin_dir/GenericPartition_2_GenericPartition_2_StreamingFIFO_rtl_87_0.v"]"\
## "[file normalize "$origin_dir/GenericPartition_2_GenericPartition_2_StreamingFIFO_rtl_88_0.v"]"\
## "[file normalize "$origin_dir/GenericPartition_2_GenericPartition_2_StreamingFIFO_rtl_89_0.v"]"\
## "[file normalize "$origin_dir/GenericPartition_2_GenericPartition_2_StreamingFIFO_rtl_8_0.v"]"\
## "[file normalize "$origin_dir/GenericPartition_2_GenericPartition_2_StreamingFIFO_rtl_90_0.v"]"\
## "[file normalize "$origin_dir/GenericPartition_2_GenericPartition_2_StreamingFIFO_rtl_91_0.v"]"\
## "[file normalize "$origin_dir/GenericPartition_2_GenericPartition_2_StreamingFIFO_rtl_9_0.v"]"\
## "[file normalize "$origin_dir/GenericPartition_2_GenericPartition_2_Thresholding_rtl_0_0.v"]"\
## "[file normalize "$origin_dir/GenericPartition_2_GenericPartition_2_Thresholding_rtl_10_0.v"]"\
## "[file normalize "$origin_dir/GenericPartition_2_GenericPartition_2_Thresholding_rtl_11_0.v"]"\
## "[file normalize "$origin_dir/GenericPartition_2_GenericPartition_2_Thresholding_rtl_12_0.v"]"\
## "[file normalize "$origin_dir/GenericPartition_2_GenericPartition_2_Thresholding_rtl_13_0.v"]"\
## "[file normalize "$origin_dir/GenericPartition_2_GenericPartition_2_Thresholding_rtl_14_0.v"]"\
## "[file normalize "$origin_dir/GenericPartition_2_GenericPartition_2_Thresholding_rtl_15_0.v"]"\
## "[file normalize "$origin_dir/GenericPartition_2_GenericPartition_2_Thresholding_rtl_16_0.v"]"\
## "[file normalize "$origin_dir/GenericPartition_2_GenericPartition_2_Thresholding_rtl_17_0.v"]"\
## "[file normalize "$origin_dir/GenericPartition_2_GenericPartition_2_Thresholding_rtl_18_0.v"]"\
## "[file normalize "$origin_dir/GenericPartition_2_GenericPartition_2_Thresholding_rtl_19_0.v"]"\
## "[file normalize "$origin_dir/GenericPartition_2_GenericPartition_2_Thresholding_rtl_1_0.v"]"\
## "[file normalize "$origin_dir/GenericPartition_2_GenericPartition_2_Thresholding_rtl_20_0.v"]"\
## "[file normalize "$origin_dir/GenericPartition_2_GenericPartition_2_Thresholding_rtl_21_0.v"]"\
## "[file normalize "$origin_dir/GenericPartition_2_GenericPartition_2_Thresholding_rtl_22_0.v"]"\
## "[file normalize "$origin_dir/GenericPartition_2_GenericPartition_2_Thresholding_rtl_23_0.v"]"\
## "[file normalize "$origin_dir/GenericPartition_2_GenericPartition_2_Thresholding_rtl_24_0.v"]"\
## "[file normalize "$origin_dir/GenericPartition_2_GenericPartition_2_Thresholding_rtl_2_0.v"]"\
## "[file normalize "$origin_dir/GenericPartition_2_GenericPartition_2_Thresholding_rtl_3_0.v"]"\
## "[file normalize "$origin_dir/GenericPartition_2_GenericPartition_2_Thresholding_rtl_4_0.v"]"\
## "[file normalize "$origin_dir/GenericPartition_2_GenericPartition_2_Thresholding_rtl_5_0.v"]"\
## "[file normalize "$origin_dir/GenericPartition_2_GenericPartition_2_Thresholding_rtl_6_0.v"]"\
## "[file normalize "$origin_dir/GenericPartition_2_GenericPartition_2_Thresholding_rtl_7_0.v"]"\
## "[file normalize "$origin_dir/GenericPartition_2_GenericPartition_2_Thresholding_rtl_8_0.v"]"\
## "[file normalize "$origin_dir/GenericPartition_2_GenericPartition_2_Thresholding_rtl_9_0.v"]"\
## "[file normalize "$origin_dir/GenericPartition_2_MVAU_rtl_0_wrapper.v"]"\
## "[file normalize "$origin_dir/GenericPartition_2_MVAU_rtl_10_wrapper.v"]"\
## "[file normalize "$origin_dir/GenericPartition_2_MVAU_rtl_11_wrapper.v"]"\
## "[file normalize "$origin_dir/GenericPartition_2_MVAU_rtl_12_wrapper.v"]"\
## "[file normalize "$origin_dir/GenericPartition_2_MVAU_rtl_13_wrapper.v"]"\
## "[file normalize "$origin_dir/GenericPartition_2_MVAU_rtl_14_wrapper.v"]"\
## "[file normalize "$origin_dir/GenericPartition_2_MVAU_rtl_1_wrapper.v"]"\
## "[file normalize "$origin_dir/GenericPartition_2_MVAU_rtl_2_wrapper.v"]"\
## "[file normalize "$origin_dir/GenericPartition_2_MVAU_rtl_3_wrapper.v"]"\
## "[file normalize "$origin_dir/GenericPartition_2_MVAU_rtl_4_wrapper.v"]"\
## "[file normalize "$origin_dir/GenericPartition_2_MVAU_rtl_5_wrapper.v"]"\
## "[file normalize "$origin_dir/GenericPartition_2_MVAU_rtl_6_wrapper.v"]"\
## "[file normalize "$origin_dir/GenericPartition_2_MVAU_rtl_7_wrapper.v"]"\
## "[file normalize "$origin_dir/GenericPartition_2_MVAU_rtl_8_wrapper.v"]"\
## "[file normalize "$origin_dir/GenericPartition_2_MVAU_rtl_9_wrapper.v"]"\
## "[file normalize "$origin_dir/GenericPartition_2_StreamingDataWidthConverter_rtl_0.v"]"\
## "[file normalize "$origin_dir/GenericPartition_2_StreamingDataWidthConverter_rtl_1.v"]"\
## "[file normalize "$origin_dir/GenericPartition_2_StreamingDataWidthConverter_rtl_10.v"]"\
## "[file normalize "$origin_dir/GenericPartition_2_StreamingDataWidthConverter_rtl_11.v"]"\
## "[file normalize "$origin_dir/GenericPartition_2_StreamingDataWidthConverter_rtl_12.v"]"\
## "[file normalize "$origin_dir/GenericPartition_2_StreamingDataWidthConverter_rtl_13.v"]"\
## "[file normalize "$origin_dir/GenericPartition_2_StreamingDataWidthConverter_rtl_14.v"]"\
## "[file normalize "$origin_dir/GenericPartition_2_StreamingDataWidthConverter_rtl_2.v"]"\
## "[file normalize "$origin_dir/GenericPartition_2_StreamingDataWidthConverter_rtl_3.v"]"\
## "[file normalize "$origin_dir/GenericPartition_2_StreamingDataWidthConverter_rtl_4.v"]"\
## "[file normalize "$origin_dir/GenericPartition_2_StreamingDataWidthConverter_rtl_5.v"]"\
## "[file normalize "$origin_dir/GenericPartition_2_StreamingDataWidthConverter_rtl_6.v"]"\
## "[file normalize "$origin_dir/GenericPartition_2_StreamingDataWidthConverter_rtl_7.v"]"\
## "[file normalize "$origin_dir/GenericPartition_2_StreamingDataWidthConverter_rtl_8.v"]"\
## "[file normalize "$origin_dir/GenericPartition_2_StreamingDataWidthConverter_rtl_9.v"]"\
## "[file normalize "$origin_dir/GenericPartition_2_StreamingFIFO_rtl_0.v"]"\
## "[file normalize "$origin_dir/GenericPartition_2_StreamingFIFO_rtl_1.v"]"\
## "[file normalize "$origin_dir/GenericPartition_2_StreamingFIFO_rtl_10.v"]"\
## "[file normalize "$origin_dir/GenericPartition_2_StreamingFIFO_rtl_11.v"]"\
## "[file normalize "$origin_dir/GenericPartition_2_StreamingFIFO_rtl_12.v"]"\
## "[file normalize "$origin_dir/GenericPartition_2_StreamingFIFO_rtl_13.v"]"\
## "[file normalize "$origin_dir/GenericPartition_2_StreamingFIFO_rtl_14.v"]"\
## "[file normalize "$origin_dir/GenericPartition_2_StreamingFIFO_rtl_15.v"]"\
## "[file normalize "$origin_dir/GenericPartition_2_StreamingFIFO_rtl_16.v"]"\
## "[file normalize "$origin_dir/GenericPartition_2_StreamingFIFO_rtl_17.v"]"\
## "[file normalize "$origin_dir/GenericPartition_2_StreamingFIFO_rtl_18.v"]"\
## "[file normalize "$origin_dir/GenericPartition_2_StreamingFIFO_rtl_19.v"]"\
## "[file normalize "$origin_dir/GenericPartition_2_StreamingFIFO_rtl_2.v"]"\
## "[file normalize "$origin_dir/GenericPartition_2_StreamingFIFO_rtl_20.v"]"\
## "[file normalize "$origin_dir/GenericPartition_2_StreamingFIFO_rtl_21.v"]"\
## "[file normalize "$origin_dir/GenericPartition_2_StreamingFIFO_rtl_23.v"]"\
## "[file normalize "$origin_dir/GenericPartition_2_StreamingFIFO_rtl_24.v"]"\
## "[file normalize "$origin_dir/GenericPartition_2_StreamingFIFO_rtl_25.v"]"\
## "[file normalize "$origin_dir/GenericPartition_2_StreamingFIFO_rtl_26.v"]"\
## "[file normalize "$origin_dir/GenericPartition_2_StreamingFIFO_rtl_27.v"]"\
## "[file normalize "$origin_dir/GenericPartition_2_StreamingFIFO_rtl_28.v"]"\
## "[file normalize "$origin_dir/GenericPartition_2_StreamingFIFO_rtl_29.v"]"\
## "[file normalize "$origin_dir/GenericPartition_2_StreamingFIFO_rtl_3.v"]"\
## "[file normalize "$origin_dir/GenericPartition_2_StreamingFIFO_rtl_30.v"]"\
## "[file normalize "$origin_dir/GenericPartition_2_StreamingFIFO_rtl_31.v"]"\
## "[file normalize "$origin_dir/GenericPartition_2_StreamingFIFO_rtl_32.v"]"\
## "[file normalize "$origin_dir/GenericPartition_2_StreamingFIFO_rtl_33.v"]"\
## "[file normalize "$origin_dir/GenericPartition_2_StreamingFIFO_rtl_34.v"]"\
## "[file normalize "$origin_dir/GenericPartition_2_StreamingFIFO_rtl_35.v"]"\
## "[file normalize "$origin_dir/GenericPartition_2_StreamingFIFO_rtl_36.v"]"\
## "[file normalize "$origin_dir/GenericPartition_2_StreamingFIFO_rtl_37.v"]"\
## "[file normalize "$origin_dir/GenericPartition_2_StreamingFIFO_rtl_38.v"]"\
## "[file normalize "$origin_dir/GenericPartition_2_StreamingFIFO_rtl_39.v"]"\
## "[file normalize "$origin_dir/GenericPartition_2_StreamingFIFO_rtl_4.v"]"\
## "[file normalize "$origin_dir/GenericPartition_2_StreamingFIFO_rtl_41.v"]"\
## "[file normalize "$origin_dir/GenericPartition_2_StreamingFIFO_rtl_42.v"]"\
## "[file normalize "$origin_dir/GenericPartition_2_StreamingFIFO_rtl_43.v"]"\
## "[file normalize "$origin_dir/GenericPartition_2_StreamingFIFO_rtl_44.v"]"\
## "[file normalize "$origin_dir/GenericPartition_2_StreamingFIFO_rtl_46.v"]"\
## "[file normalize "$origin_dir/GenericPartition_2_StreamingFIFO_rtl_47.v"]"\
## "[file normalize "$origin_dir/GenericPartition_2_StreamingFIFO_rtl_48.v"]"\
## "[file normalize "$origin_dir/GenericPartition_2_StreamingFIFO_rtl_49.v"]"\
## "[file normalize "$origin_dir/GenericPartition_2_StreamingFIFO_rtl_50.v"]"\
## "[file normalize "$origin_dir/GenericPartition_2_StreamingFIFO_rtl_51.v"]"\
## "[file normalize "$origin_dir/GenericPartition_2_StreamingFIFO_rtl_52.v"]"\
## "[file normalize "$origin_dir/GenericPartition_2_StreamingFIFO_rtl_53.v"]"\
## "[file normalize "$origin_dir/GenericPartition_2_StreamingFIFO_rtl_54.v"]"\
## "[file normalize "$origin_dir/GenericPartition_2_StreamingFIFO_rtl_55.v"]"\
## "[file normalize "$origin_dir/GenericPartition_2_StreamingFIFO_rtl_56.v"]"\
## "[file normalize "$origin_dir/GenericPartition_2_StreamingFIFO_rtl_57.v"]"\
## "[file normalize "$origin_dir/GenericPartition_2_StreamingFIFO_rtl_58.v"]"\
## "[file normalize "$origin_dir/GenericPartition_2_StreamingFIFO_rtl_6.v"]"\
## "[file normalize "$origin_dir/GenericPartition_2_StreamingFIFO_rtl_61.v"]"\
## "[file normalize "$origin_dir/GenericPartition_2_StreamingFIFO_rtl_62.v"]"\
## "[file normalize "$origin_dir/GenericPartition_2_StreamingFIFO_rtl_63.v"]"\
## "[file normalize "$origin_dir/GenericPartition_2_StreamingFIFO_rtl_64.v"]"\
## "[file normalize "$origin_dir/GenericPartition_2_StreamingFIFO_rtl_66.v"]"\
## "[file normalize "$origin_dir/GenericPartition_2_StreamingFIFO_rtl_67.v"]"\
## "[file normalize "$origin_dir/GenericPartition_2_StreamingFIFO_rtl_68.v"]"\
## "[file normalize "$origin_dir/GenericPartition_2_StreamingFIFO_rtl_69.v"]"\
## "[file normalize "$origin_dir/GenericPartition_2_StreamingFIFO_rtl_7.v"]"\
## "[file normalize "$origin_dir/GenericPartition_2_StreamingFIFO_rtl_70.v"]"\
## "[file normalize "$origin_dir/GenericPartition_2_StreamingFIFO_rtl_71.v"]"\
## "[file normalize "$origin_dir/GenericPartition_2_StreamingFIFO_rtl_72.v"]"\
## "[file normalize "$origin_dir/GenericPartition_2_StreamingFIFO_rtl_73.v"]"\
## "[file normalize "$origin_dir/GenericPartition_2_StreamingFIFO_rtl_74.v"]"\
## "[file normalize "$origin_dir/GenericPartition_2_StreamingFIFO_rtl_75.v"]"\
## "[file normalize "$origin_dir/GenericPartition_2_StreamingFIFO_rtl_76.v"]"\
## "[file normalize "$origin_dir/GenericPartition_2_StreamingFIFO_rtl_77.v"]"\
## "[file normalize "$origin_dir/GenericPartition_2_StreamingFIFO_rtl_78.v"]"\
## "[file normalize "$origin_dir/GenericPartition_2_StreamingFIFO_rtl_8.v"]"\
## "[file normalize "$origin_dir/GenericPartition_2_StreamingFIFO_rtl_80.v"]"\
## "[file normalize "$origin_dir/GenericPartition_2_StreamingFIFO_rtl_81.v"]"\
## "[file normalize "$origin_dir/GenericPartition_2_StreamingFIFO_rtl_82.v"]"\
## "[file normalize "$origin_dir/GenericPartition_2_StreamingFIFO_rtl_83.v"]"\
## "[file normalize "$origin_dir/GenericPartition_2_StreamingFIFO_rtl_84.v"]"\
## "[file normalize "$origin_dir/GenericPartition_2_StreamingFIFO_rtl_85.v"]"\
## "[file normalize "$origin_dir/GenericPartition_2_StreamingFIFO_rtl_86.v"]"\
## "[file normalize "$origin_dir/GenericPartition_2_StreamingFIFO_rtl_87.v"]"\
## "[file normalize "$origin_dir/GenericPartition_2_StreamingFIFO_rtl_88.v"]"\
## "[file normalize "$origin_dir/GenericPartition_2_StreamingFIFO_rtl_89.v"]"\
## "[file normalize "$origin_dir/GenericPartition_2_StreamingFIFO_rtl_9.v"]"\
## "[file normalize "$origin_dir/GenericPartition_2_StreamingFIFO_rtl_90.v"]"\
## "[file normalize "$origin_dir/GenericPartition_2_StreamingFIFO_rtl_91.v"]"\
## "[file normalize "$origin_dir/GenericPartition_2_Thresholding_rtl_0_axi_wrapper.v"]"\
## "[file normalize "$origin_dir/GenericPartition_2_Thresholding_rtl_10_axi_wrapper.v"]"\
## "[file normalize "$origin_dir/GenericPartition_2_Thresholding_rtl_11_axi_wrapper.v"]"\
## "[file normalize "$origin_dir/GenericPartition_2_Thresholding_rtl_12_axi_wrapper.v"]"\
## "[file normalize "$origin_dir/GenericPartition_2_Thresholding_rtl_13_axi_wrapper.v"]"\
## "[file normalize "$origin_dir/GenericPartition_2_Thresholding_rtl_14_axi_wrapper.v"]"\
## "[file normalize "$origin_dir/GenericPartition_2_Thresholding_rtl_15_axi_wrapper.v"]"\
## "[file normalize "$origin_dir/GenericPartition_2_Thresholding_rtl_16_axi_wrapper.v"]"\
## "[file normalize "$origin_dir/GenericPartition_2_Thresholding_rtl_17_axi_wrapper.v"]"\
## "[file normalize "$origin_dir/GenericPartition_2_Thresholding_rtl_18_axi_wrapper.v"]"\
## "[file normalize "$origin_dir/GenericPartition_2_Thresholding_rtl_19_axi_wrapper.v"]"\
## "[file normalize "$origin_dir/GenericPartition_2_Thresholding_rtl_1_axi_wrapper.v"]"\
## "[file normalize "$origin_dir/GenericPartition_2_Thresholding_rtl_20_axi_wrapper.v"]"\
## "[file normalize "$origin_dir/GenericPartition_2_Thresholding_rtl_21_axi_wrapper.v"]"\
## "[file normalize "$origin_dir/GenericPartition_2_Thresholding_rtl_22_axi_wrapper.v"]"\
## "[file normalize "$origin_dir/GenericPartition_2_Thresholding_rtl_23_axi_wrapper.v"]"\
## "[file normalize "$origin_dir/GenericPartition_2_Thresholding_rtl_24_axi_wrapper.v"]"\
## "[file normalize "$origin_dir/GenericPartition_2_Thresholding_rtl_2_axi_wrapper.v"]"\
## "[file normalize "$origin_dir/GenericPartition_2_Thresholding_rtl_3_axi_wrapper.v"]"\
## "[file normalize "$origin_dir/GenericPartition_2_Thresholding_rtl_4_axi_wrapper.v"]"\
## "[file normalize "$origin_dir/GenericPartition_2_Thresholding_rtl_5_axi_wrapper.v"]"\
## "[file normalize "$origin_dir/GenericPartition_2_Thresholding_rtl_6_axi_wrapper.v"]"\
## "[file normalize "$origin_dir/GenericPartition_2_Thresholding_rtl_7_axi_wrapper.v"]"\
## "[file normalize "$origin_dir/GenericPartition_2_Thresholding_rtl_8_axi_wrapper.v"]"\
## "[file normalize "$origin_dir/GenericPartition_2_Thresholding_rtl_9_axi_wrapper.v"]"\
## "[file normalize "$origin_dir/GenericPartition_2_fifo_0.v"]"\
## "[file normalize "$origin_dir/GenericPartition_2_fifo_1.v"]"\
## "[file normalize "$origin_dir/GenericPartition_2_fifo_2.v"]"\
## "[file normalize "$origin_dir/GenericPartition_2_fifo_3.v"]"\
## "[file normalize "$origin_dir/GenericPartition_2_fifo_4.v"]"\
## "[file normalize "$origin_dir/GenericPartition_2_fifo_5.v"]"\
## "[file normalize "$origin_dir/GenericPartition_2_fifo_6.v"]"\
## "[file normalize "$origin_dir/GenericPartition_2_fifo_7.v"]"\
## "[file normalize "$origin_dir/GenericPartition_2_wrapper.v"]"\
## "[file normalize "$origin_dir/Q_srl.v"]"\
## "[file normalize "$origin_dir/axilite_if.v"]"\
## "[file normalize "$origin_dir/axis_data_fifo_v2_0_vl_rfs.v"]"\
## "[file normalize "$origin_dir/axis_infrastructure_v1_1_vl_rfs.v"]"\
## "[file normalize "$origin_dir/memstream_axi_wrapper.v"]"\
## "[file normalize "$origin_dir/GenericPartition_2_ConvolutionInputGenerator_rtl_0_impl.sv"]"\
## "[file normalize "$origin_dir/GenericPartition_2_ConvolutionInputGenerator_rtl_1_impl.sv"]"\
## "[file normalize "$origin_dir/GenericPartition_2_ConvolutionInputGenerator_rtl_2_impl.sv"]"\
## "[file normalize "$origin_dir/GenericPartition_2_ConvolutionInputGenerator_rtl_3_impl.sv"]"\
## "[file normalize "$origin_dir/GenericPartition_2_ConvolutionInputGenerator_rtl_4_impl.sv"]"\
## "[file normalize "$origin_dir/axi2we.sv"]"\
## "[file normalize "$origin_dir/dummy_sv_file.sv"]"\
## "[file normalize "$origin_dir/dwc.sv"]"\
## "[file normalize "$origin_dir/dwc_axi.sv"]"\
## "[file normalize "$origin_dir/fmpadding.sv"]"\
## "[file normalize "$origin_dir/fmpadding_axi.sv"]"\
## "[file normalize "$origin_dir/memstream.sv"]"\
## "[file normalize "$origin_dir/memstream_axi.sv"]"\
## "[file normalize "$origin_dir/mvu_4sx4u.sv"]"\
## "[file normalize "$origin_dir/mvu_8sx8u_dsp48.sv"]"\
## "[file normalize "$origin_dir/mvu_vvu_8sx9_dsp58.sv"]"\
## "[file normalize "$origin_dir/mvu_vvu_axi.sv"]"\
## "[file normalize "$origin_dir/replay_buffer.sv"]"\
## "[file normalize "$origin_dir/swg_common.sv"]"\
## "[file normalize "$origin_dir/swg_pkg.sv"]"\
## "[file normalize "$origin_dir/thresholding.sv"]"\
## "[file normalize "$origin_dir/thresholding_axi.sv"]"\
## "[file normalize "$origin_dir/dummy_vhdl_file.vhd"]"\
## ]
## add_files -norecurse -fileset $obj $files
# add_files -norecurse -fileset $obj $files
WARNING: [filemgmt 56-12] File '/home/thelegendiv/finn/notebooks/enet/finn_build_tmp/S12_dense_256_u4_analytical_v2_ft15ep_int6_fps250_lat200/GenericPartition_2/synth_out_of_context_s4n9ls1z/results_GenericPartition_2_wrapper/dummy_nachiket_fooling_zsh_for_loops.h' cannot be added to the project because it already exists in the project, skipping this file
WARNING: [filemgmt 56-12] File '/home/thelegendiv/finn/notebooks/enet/finn_build_tmp/S12_dense_256_u4_analytical_v2_ft15ep_int6_fps250_lat200/GenericPartition_2/synth_out_of_context_s4n9ls1z/results_GenericPartition_2_wrapper/GenericPartition_2.v' cannot be added to the project because it already exists in the project, skipping this file
WARNING: [filemgmt 56-12] File '/home/thelegendiv/finn/notebooks/enet/finn_build_tmp/S12_dense_256_u4_analytical_v2_ft15ep_int6_fps250_lat200/GenericPartition_2/synth_out_of_context_s4n9ls1z/results_GenericPartition_2_wrapper/GenericPartition_2_AddStreams_hls_0.v' cannot be added to the project because it already exists in the project, skipping this file
WARNING: [filemgmt 56-12] File '/home/thelegendiv/finn/notebooks/enet/finn_build_tmp/S12_dense_256_u4_analytical_v2_ft15ep_int6_fps250_lat200/GenericPartition_2/synth_out_of_context_s4n9ls1z/results_GenericPartition_2_wrapper/GenericPartition_2_AddStreams_hls_0_flow_control_loop_pipe_no_ap_cont.v' cannot be added to the project because it already exists in the project, skipping this file
WARNING: [filemgmt 56-12] File '/home/thelegendiv/finn/notebooks/enet/finn_build_tmp/S12_dense_256_u4_analytical_v2_ft15ep_int6_fps250_lat200/GenericPartition_2/synth_out_of_context_s4n9ls1z/results_GenericPartition_2_wrapper/GenericPartition_2_AddStreams_hls_0_hls_deadlock_idx0_monitor.v' cannot be added to the project because it already exists in the project, skipping this file
WARNING: [filemgmt 56-12] File '/home/thelegendiv/finn/notebooks/enet/finn_build_tmp/S12_dense_256_u4_analytical_v2_ft15ep_int6_fps250_lat200/GenericPartition_2/synth_out_of_context_s4n9ls1z/results_GenericPartition_2_wrapper/GenericPartition_2_AddStreams_hls_0_regslice_both.v' cannot be added to the project because it already exists in the project, skipping this file
WARNING: [filemgmt 56-12] File '/home/thelegendiv/finn/notebooks/enet/finn_build_tmp/S12_dense_256_u4_analytical_v2_ft15ep_int6_fps250_lat200/GenericPartition_2/synth_out_of_context_s4n9ls1z/results_GenericPartition_2_wrapper/GenericPartition_2_AddStreams_hls_1.v' cannot be added to the project because it already exists in the project, skipping this file
WARNING: [filemgmt 56-12] File '/home/thelegendiv/finn/notebooks/enet/finn_build_tmp/S12_dense_256_u4_analytical_v2_ft15ep_int6_fps250_lat200/GenericPartition_2/synth_out_of_context_s4n9ls1z/results_GenericPartition_2_wrapper/GenericPartition_2_AddStreams_hls_1_flow_control_loop_pipe_no_ap_cont.v' cannot be added to the project because it already exists in the project, skipping this file
WARNING: [filemgmt 56-12] File '/home/thelegendiv/finn/notebooks/enet/finn_build_tmp/S12_dense_256_u4_analytical_v2_ft15ep_int6_fps250_lat200/GenericPartition_2/synth_out_of_context_s4n9ls1z/results_GenericPartition_2_wrapper/GenericPartition_2_AddStreams_hls_1_hls_deadlock_idx0_monitor.v' cannot be added to the project because it already exists in the project, skipping this file
WARNING: [filemgmt 56-12] File '/home/thelegendiv/finn/notebooks/enet/finn_build_tmp/S12_dense_256_u4_analytical_v2_ft15ep_int6_fps250_lat200/GenericPartition_2/synth_out_of_context_s4n9ls1z/results_GenericPartition_2_wrapper/GenericPartition_2_AddStreams_hls_1_regslice_both.v' cannot be added to the project because it already exists in the project, skipping this file
WARNING: [filemgmt 56-12] File '/home/thelegendiv/finn/notebooks/enet/finn_build_tmp/S12_dense_256_u4_analytical_v2_ft15ep_int6_fps250_lat200/GenericPartition_2/synth_out_of_context_s4n9ls1z/results_GenericPartition_2_wrapper/GenericPartition_2_AddStreams_hls_2.v' cannot be added to the project because it already exists in the project, skipping this file
WARNING: [filemgmt 56-12] File '/home/thelegendiv/finn/notebooks/enet/finn_build_tmp/S12_dense_256_u4_analytical_v2_ft15ep_int6_fps250_lat200/GenericPartition_2/synth_out_of_context_s4n9ls1z/results_GenericPartition_2_wrapper/GenericPartition_2_AddStreams_hls_2_flow_control_loop_pipe_no_ap_cont.v' cannot be added to the project because it already exists in the project, skipping this file
WARNING: [filemgmt 56-12] File '/home/thelegendiv/finn/notebooks/enet/finn_build_tmp/S12_dense_256_u4_analytical_v2_ft15ep_int6_fps250_lat200/GenericPartition_2/synth_out_of_context_s4n9ls1z/results_GenericPartition_2_wrapper/GenericPartition_2_AddStreams_hls_2_hls_deadlock_idx0_monitor.v' cannot be added to the project because it already exists in the project, skipping this file
WARNING: [filemgmt 56-12] File '/home/thelegendiv/finn/notebooks/enet/finn_build_tmp/S12_dense_256_u4_analytical_v2_ft15ep_int6_fps250_lat200/GenericPartition_2/synth_out_of_context_s4n9ls1z/results_GenericPartition_2_wrapper/GenericPartition_2_AddStreams_hls_2_regslice_both.v' cannot be added to the project because it already exists in the project, skipping this file
WARNING: [filemgmt 56-12] File '/home/thelegendiv/finn/notebooks/enet/finn_build_tmp/S12_dense_256_u4_analytical_v2_ft15ep_int6_fps250_lat200/GenericPartition_2/synth_out_of_context_s4n9ls1z/results_GenericPartition_2_wrapper/GenericPartition_2_AddStreams_hls_3.v' cannot be added to the project because it already exists in the project, skipping this file
WARNING: [filemgmt 56-12] File '/home/thelegendiv/finn/notebooks/enet/finn_build_tmp/S12_dense_256_u4_analytical_v2_ft15ep_int6_fps250_lat200/GenericPartition_2/synth_out_of_context_s4n9ls1z/results_GenericPartition_2_wrapper/GenericPartition_2_AddStreams_hls_3_flow_control_loop_pipe_no_ap_cont.v' cannot be added to the project because it already exists in the project, skipping this file
WARNING: [filemgmt 56-12] File '/home/thelegendiv/finn/notebooks/enet/finn_build_tmp/S12_dense_256_u4_analytical_v2_ft15ep_int6_fps250_lat200/GenericPartition_2/synth_out_of_context_s4n9ls1z/results_GenericPartition_2_wrapper/GenericPartition_2_AddStreams_hls_3_hls_deadlock_idx0_monitor.v' cannot be added to the project because it already exists in the project, skipping this file
WARNING: [filemgmt 56-12] File '/home/thelegendiv/finn/notebooks/enet/finn_build_tmp/S12_dense_256_u4_analytical_v2_ft15ep_int6_fps250_lat200/GenericPartition_2/synth_out_of_context_s4n9ls1z/results_GenericPartition_2_wrapper/GenericPartition_2_AddStreams_hls_3_regslice_both.v' cannot be added to the project because it already exists in the project, skipping this file
WARNING: [filemgmt 56-12] File '/home/thelegendiv/finn/notebooks/enet/finn_build_tmp/S12_dense_256_u4_analytical_v2_ft15ep_int6_fps250_lat200/GenericPartition_2/synth_out_of_context_s4n9ls1z/results_GenericPartition_2_wrapper/GenericPartition_2_AddStreams_hls_4.v' cannot be added to the project because it already exists in the project, skipping this file
WARNING: [filemgmt 56-12] File '/home/thelegendiv/finn/notebooks/enet/finn_build_tmp/S12_dense_256_u4_analytical_v2_ft15ep_int6_fps250_lat200/GenericPartition_2/synth_out_of_context_s4n9ls1z/results_GenericPartition_2_wrapper/GenericPartition_2_AddStreams_hls_4_flow_control_loop_pipe_no_ap_cont.v' cannot be added to the project because it already exists in the project, skipping this file
WARNING: [filemgmt 56-12] File '/home/thelegendiv/finn/notebooks/enet/finn_build_tmp/S12_dense_256_u4_analytical_v2_ft15ep_int6_fps250_lat200/GenericPartition_2/synth_out_of_context_s4n9ls1z/results_GenericPartition_2_wrapper/GenericPartition_2_AddStreams_hls_4_hls_deadlock_idx0_monitor.v' cannot be added to the project because it already exists in the project, skipping this file
WARNING: [filemgmt 56-12] File '/home/thelegendiv/finn/notebooks/enet/finn_build_tmp/S12_dense_256_u4_analytical_v2_ft15ep_int6_fps250_lat200/GenericPartition_2/synth_out_of_context_s4n9ls1z/results_GenericPartition_2_wrapper/GenericPartition_2_AddStreams_hls_4_regslice_both.v' cannot be added to the project because it already exists in the project, skipping this file
WARNING: [filemgmt 56-12] File '/home/thelegendiv/finn/notebooks/enet/finn_build_tmp/S12_dense_256_u4_analytical_v2_ft15ep_int6_fps250_lat200/GenericPartition_2/synth_out_of_context_s4n9ls1z/results_GenericPartition_2_wrapper/GenericPartition_2_ConvolutionInputGenerator_rtl_0_wrapper.v' cannot be added to the project because it already exists in the project, skipping this file
WARNING: [filemgmt 56-12] File '/home/thelegendiv/finn/notebooks/enet/finn_build_tmp/S12_dense_256_u4_analytical_v2_ft15ep_int6_fps250_lat200/GenericPartition_2/synth_out_of_context_s4n9ls1z/results_GenericPartition_2_wrapper/GenericPartition_2_ConvolutionInputGenerator_rtl_1_wrapper.v' cannot be added to the project because it already exists in the project, skipping this file
WARNING: [filemgmt 56-12] File '/home/thelegendiv/finn/notebooks/enet/finn_build_tmp/S12_dense_256_u4_analytical_v2_ft15ep_int6_fps250_lat200/GenericPartition_2/synth_out_of_context_s4n9ls1z/results_GenericPartition_2_wrapper/GenericPartition_2_ConvolutionInputGenerator_rtl_2_wrapper.v' cannot be added to the project because it already exists in the project, skipping this file
WARNING: [filemgmt 56-12] File '/home/thelegendiv/finn/notebooks/enet/finn_build_tmp/S12_dense_256_u4_analytical_v2_ft15ep_int6_fps250_lat200/GenericPartition_2/synth_out_of_context_s4n9ls1z/results_GenericPartition_2_wrapper/GenericPartition_2_ConvolutionInputGenerator_rtl_3_wrapper.v' cannot be added to the project because it already exists in the project, skipping this file
WARNING: [filemgmt 56-12] File '/home/thelegendiv/finn/notebooks/enet/finn_build_tmp/S12_dense_256_u4_analytical_v2_ft15ep_int6_fps250_lat200/GenericPartition_2/synth_out_of_context_s4n9ls1z/results_GenericPartition_2_wrapper/GenericPartition_2_ConvolutionInputGenerator_rtl_4_wrapper.v' cannot be added to the project because it already exists in the project, skipping this file
WARNING: [filemgmt 56-12] File '/home/thelegendiv/finn/notebooks/enet/finn_build_tmp/S12_dense_256_u4_analytical_v2_ft15ep_int6_fps250_lat200/GenericPartition_2/synth_out_of_context_s4n9ls1z/results_GenericPartition_2_wrapper/GenericPartition_2_DuplicateStreams_hls_0.v' cannot be added to the project because it already exists in the project, skipping this file
WARNING: [filemgmt 56-12] File '/home/thelegendiv/finn/notebooks/enet/finn_build_tmp/S12_dense_256_u4_analytical_v2_ft15ep_int6_fps250_lat200/GenericPartition_2/synth_out_of_context_s4n9ls1z/results_GenericPartition_2_wrapper/GenericPartition_2_DuplicateStreams_hls_0_flow_control_loop_pipe_no_ap_cont.v' cannot be added to the project because it already exists in the project, skipping this file
WARNING: [filemgmt 56-12] File '/home/thelegendiv/finn/notebooks/enet/finn_build_tmp/S12_dense_256_u4_analytical_v2_ft15ep_int6_fps250_lat200/GenericPartition_2/synth_out_of_context_s4n9ls1z/results_GenericPartition_2_wrapper/GenericPartition_2_DuplicateStreams_hls_0_hls_deadlock_idx0_monitor.v' cannot be added to the project because it already exists in the project, skipping this file
WARNING: [filemgmt 56-12] File '/home/thelegendiv/finn/notebooks/enet/finn_build_tmp/S12_dense_256_u4_analytical_v2_ft15ep_int6_fps250_lat200/GenericPartition_2/synth_out_of_context_s4n9ls1z/results_GenericPartition_2_wrapper/GenericPartition_2_DuplicateStreams_hls_0_regslice_both.v' cannot be added to the project because it already exists in the project, skipping this file
WARNING: [filemgmt 56-12] File '/home/thelegendiv/finn/notebooks/enet/finn_build_tmp/S12_dense_256_u4_analytical_v2_ft15ep_int6_fps250_lat200/GenericPartition_2/synth_out_of_context_s4n9ls1z/results_GenericPartition_2_wrapper/GenericPartition_2_DuplicateStreams_hls_1.v' cannot be added to the project because it already exists in the project, skipping this file
WARNING: [filemgmt 56-12] File '/home/thelegendiv/finn/notebooks/enet/finn_build_tmp/S12_dense_256_u4_analytical_v2_ft15ep_int6_fps250_lat200/GenericPartition_2/synth_out_of_context_s4n9ls1z/results_GenericPartition_2_wrapper/GenericPartition_2_DuplicateStreams_hls_1_flow_control_loop_pipe_no_ap_cont.v' cannot be added to the project because it already exists in the project, skipping this file
WARNING: [filemgmt 56-12] File '/home/thelegendiv/finn/notebooks/enet/finn_build_tmp/S12_dense_256_u4_analytical_v2_ft15ep_int6_fps250_lat200/GenericPartition_2/synth_out_of_context_s4n9ls1z/results_GenericPartition_2_wrapper/GenericPartition_2_DuplicateStreams_hls_1_hls_deadlock_idx0_monitor.v' cannot be added to the project because it already exists in the project, skipping this file
WARNING: [filemgmt 56-12] File '/home/thelegendiv/finn/notebooks/enet/finn_build_tmp/S12_dense_256_u4_analytical_v2_ft15ep_int6_fps250_lat200/GenericPartition_2/synth_out_of_context_s4n9ls1z/results_GenericPartition_2_wrapper/GenericPartition_2_DuplicateStreams_hls_1_regslice_both.v' cannot be added to the project because it already exists in the project, skipping this file
WARNING: [filemgmt 56-12] File '/home/thelegendiv/finn/notebooks/enet/finn_build_tmp/S12_dense_256_u4_analytical_v2_ft15ep_int6_fps250_lat200/GenericPartition_2/synth_out_of_context_s4n9ls1z/results_GenericPartition_2_wrapper/GenericPartition_2_DuplicateStreams_hls_2.v' cannot be added to the project because it already exists in the project, skipping this file
WARNING: [filemgmt 56-12] File '/home/thelegendiv/finn/notebooks/enet/finn_build_tmp/S12_dense_256_u4_analytical_v2_ft15ep_int6_fps250_lat200/GenericPartition_2/synth_out_of_context_s4n9ls1z/results_GenericPartition_2_wrapper/GenericPartition_2_DuplicateStreams_hls_2_flow_control_loop_pipe_no_ap_cont.v' cannot be added to the project because it already exists in the project, skipping this file
WARNING: [filemgmt 56-12] File '/home/thelegendiv/finn/notebooks/enet/finn_build_tmp/S12_dense_256_u4_analytical_v2_ft15ep_int6_fps250_lat200/GenericPartition_2/synth_out_of_context_s4n9ls1z/results_GenericPartition_2_wrapper/GenericPartition_2_DuplicateStreams_hls_2_hls_deadlock_idx0_monitor.v' cannot be added to the project because it already exists in the project, skipping this file
WARNING: [filemgmt 56-12] File '/home/thelegendiv/finn/notebooks/enet/finn_build_tmp/S12_dense_256_u4_analytical_v2_ft15ep_int6_fps250_lat200/GenericPartition_2/synth_out_of_context_s4n9ls1z/results_GenericPartition_2_wrapper/GenericPartition_2_DuplicateStreams_hls_2_regslice_both.v' cannot be added to the project because it already exists in the project, skipping this file
WARNING: [filemgmt 56-12] File '/home/thelegendiv/finn/notebooks/enet/finn_build_tmp/S12_dense_256_u4_analytical_v2_ft15ep_int6_fps250_lat200/GenericPartition_2/synth_out_of_context_s4n9ls1z/results_GenericPartition_2_wrapper/GenericPartition_2_DuplicateStreams_hls_3.v' cannot be added to the project because it already exists in the project, skipping this file
WARNING: [filemgmt 56-12] File '/home/thelegendiv/finn/notebooks/enet/finn_build_tmp/S12_dense_256_u4_analytical_v2_ft15ep_int6_fps250_lat200/GenericPartition_2/synth_out_of_context_s4n9ls1z/results_GenericPartition_2_wrapper/GenericPartition_2_DuplicateStreams_hls_3_flow_control_loop_pipe_no_ap_cont.v' cannot be added to the project because it already exists in the project, skipping this file
WARNING: [filemgmt 56-12] File '/home/thelegendiv/finn/notebooks/enet/finn_build_tmp/S12_dense_256_u4_analytical_v2_ft15ep_int6_fps250_lat200/GenericPartition_2/synth_out_of_context_s4n9ls1z/results_GenericPartition_2_wrapper/GenericPartition_2_DuplicateStreams_hls_3_hls_deadlock_idx0_monitor.v' cannot be added to the project because it already exists in the project, skipping this file
WARNING: [filemgmt 56-12] File '/home/thelegendiv/finn/notebooks/enet/finn_build_tmp/S12_dense_256_u4_analytical_v2_ft15ep_int6_fps250_lat200/GenericPartition_2/synth_out_of_context_s4n9ls1z/results_GenericPartition_2_wrapper/GenericPartition_2_DuplicateStreams_hls_3_regslice_both.v' cannot be added to the project because it already exists in the project, skipping this file
WARNING: [filemgmt 56-12] File '/home/thelegendiv/finn/notebooks/enet/finn_build_tmp/S12_dense_256_u4_analytical_v2_ft15ep_int6_fps250_lat200/GenericPartition_2/synth_out_of_context_s4n9ls1z/results_GenericPartition_2_wrapper/GenericPartition_2_DuplicateStreams_hls_4.v' cannot be added to the project because it already exists in the project, skipping this file
WARNING: [filemgmt 56-12] File '/home/thelegendiv/finn/notebooks/enet/finn_build_tmp/S12_dense_256_u4_analytical_v2_ft15ep_int6_fps250_lat200/GenericPartition_2/synth_out_of_context_s4n9ls1z/results_GenericPartition_2_wrapper/GenericPartition_2_DuplicateStreams_hls_4_flow_control_loop_pipe_no_ap_cont.v' cannot be added to the project because it already exists in the project, skipping this file
WARNING: [filemgmt 56-12] File '/home/thelegendiv/finn/notebooks/enet/finn_build_tmp/S12_dense_256_u4_analytical_v2_ft15ep_int6_fps250_lat200/GenericPartition_2/synth_out_of_context_s4n9ls1z/results_GenericPartition_2_wrapper/GenericPartition_2_DuplicateStreams_hls_4_hls_deadlock_idx0_monitor.v' cannot be added to the project because it already exists in the project, skipping this file
WARNING: [filemgmt 56-12] File '/home/thelegendiv/finn/notebooks/enet/finn_build_tmp/S12_dense_256_u4_analytical_v2_ft15ep_int6_fps250_lat200/GenericPartition_2/synth_out_of_context_s4n9ls1z/results_GenericPartition_2_wrapper/GenericPartition_2_DuplicateStreams_hls_4_regslice_both.v' cannot be added to the project because it already exists in the project, skipping this file
WARNING: [filemgmt 56-12] File '/home/thelegendiv/finn/notebooks/enet/finn_build_tmp/S12_dense_256_u4_analytical_v2_ft15ep_int6_fps250_lat200/GenericPartition_2/synth_out_of_context_s4n9ls1z/results_GenericPartition_2_wrapper/GenericPartition_2_FMPadding_rtl_0.v' cannot be added to the project because it already exists in the project, skipping this file
WARNING: [filemgmt 56-12] File '/home/thelegendiv/finn/notebooks/enet/finn_build_tmp/S12_dense_256_u4_analytical_v2_ft15ep_int6_fps250_lat200/GenericPartition_2/synth_out_of_context_s4n9ls1z/results_GenericPartition_2_wrapper/GenericPartition_2_FMPadding_rtl_1.v' cannot be added to the project because it already exists in the project, skipping this file
WARNING: [filemgmt 56-12] File '/home/thelegendiv/finn/notebooks/enet/finn_build_tmp/S12_dense_256_u4_analytical_v2_ft15ep_int6_fps250_lat200/GenericPartition_2/synth_out_of_context_s4n9ls1z/results_GenericPartition_2_wrapper/GenericPartition_2_FMPadding_rtl_2.v' cannot be added to the project because it already exists in the project, skipping this file
WARNING: [filemgmt 56-12] File '/home/thelegendiv/finn/notebooks/enet/finn_build_tmp/S12_dense_256_u4_analytical_v2_ft15ep_int6_fps250_lat200/GenericPartition_2/synth_out_of_context_s4n9ls1z/results_GenericPartition_2_wrapper/GenericPartition_2_FMPadding_rtl_3.v' cannot be added to the project because it already exists in the project, skipping this file
WARNING: [filemgmt 56-12] File '/home/thelegendiv/finn/notebooks/enet/finn_build_tmp/S12_dense_256_u4_analytical_v2_ft15ep_int6_fps250_lat200/GenericPartition_2/synth_out_of_context_s4n9ls1z/results_GenericPartition_2_wrapper/GenericPartition_2_FMPadding_rtl_4.v' cannot be added to the project because it already exists in the project, skipping this file
WARNING: [filemgmt 56-12] File '/home/thelegendiv/finn/notebooks/enet/finn_build_tmp/S12_dense_256_u4_analytical_v2_ft15ep_int6_fps250_lat200/GenericPartition_2/synth_out_of_context_s4n9ls1z/results_GenericPartition_2_wrapper/GenericPartition_2_GenericPartition_2_AddStreams_hls_0_0.v' cannot be added to the project because it already exists in the project, skipping this file
WARNING: [filemgmt 56-12] File '/home/thelegendiv/finn/notebooks/enet/finn_build_tmp/S12_dense_256_u4_analytical_v2_ft15ep_int6_fps250_lat200/GenericPartition_2/synth_out_of_context_s4n9ls1z/results_GenericPartition_2_wrapper/GenericPartition_2_GenericPartition_2_AddStreams_hls_1_0.v' cannot be added to the project because it already exists in the project, skipping this file
WARNING: [filemgmt 56-12] File '/home/thelegendiv/finn/notebooks/enet/finn_build_tmp/S12_dense_256_u4_analytical_v2_ft15ep_int6_fps250_lat200/GenericPartition_2/synth_out_of_context_s4n9ls1z/results_GenericPartition_2_wrapper/GenericPartition_2_GenericPartition_2_AddStreams_hls_2_0.v' cannot be added to the project because it already exists in the project, skipping this file
WARNING: [filemgmt 56-12] File '/home/thelegendiv/finn/notebooks/enet/finn_build_tmp/S12_dense_256_u4_analytical_v2_ft15ep_int6_fps250_lat200/GenericPartition_2/synth_out_of_context_s4n9ls1z/results_GenericPartition_2_wrapper/GenericPartition_2_GenericPartition_2_AddStreams_hls_3_0.v' cannot be added to the project because it already exists in the project, skipping this file
WARNING: [filemgmt 56-12] File '/home/thelegendiv/finn/notebooks/enet/finn_build_tmp/S12_dense_256_u4_analytical_v2_ft15ep_int6_fps250_lat200/GenericPartition_2/synth_out_of_context_s4n9ls1z/results_GenericPartition_2_wrapper/GenericPartition_2_GenericPartition_2_AddStreams_hls_4_0.v' cannot be added to the project because it already exists in the project, skipping this file
WARNING: [filemgmt 56-12] File '/home/thelegendiv/finn/notebooks/enet/finn_build_tmp/S12_dense_256_u4_analytical_v2_ft15ep_int6_fps250_lat200/GenericPartition_2/synth_out_of_context_s4n9ls1z/results_GenericPartition_2_wrapper/GenericPartition_2_GenericPartition_2_ConvolutionInputGenerator_rtl_0_0.v' cannot be added to the project because it already exists in the project, skipping this file
WARNING: [filemgmt 56-12] File '/home/thelegendiv/finn/notebooks/enet/finn_build_tmp/S12_dense_256_u4_analytical_v2_ft15ep_int6_fps250_lat200/GenericPartition_2/synth_out_of_context_s4n9ls1z/results_GenericPartition_2_wrapper/GenericPartition_2_GenericPartition_2_ConvolutionInputGenerator_rtl_1_0.v' cannot be added to the project because it already exists in the project, skipping this file
WARNING: [filemgmt 56-12] File '/home/thelegendiv/finn/notebooks/enet/finn_build_tmp/S12_dense_256_u4_analytical_v2_ft15ep_int6_fps250_lat200/GenericPartition_2/synth_out_of_context_s4n9ls1z/results_GenericPartition_2_wrapper/GenericPartition_2_GenericPartition_2_ConvolutionInputGenerator_rtl_2_0.v' cannot be added to the project because it already exists in the project, skipping this file
WARNING: [filemgmt 56-12] File '/home/thelegendiv/finn/notebooks/enet/finn_build_tmp/S12_dense_256_u4_analytical_v2_ft15ep_int6_fps250_lat200/GenericPartition_2/synth_out_of_context_s4n9ls1z/results_GenericPartition_2_wrapper/GenericPartition_2_GenericPartition_2_ConvolutionInputGenerator_rtl_3_0.v' cannot be added to the project because it already exists in the project, skipping this file
WARNING: [filemgmt 56-12] File '/home/thelegendiv/finn/notebooks/enet/finn_build_tmp/S12_dense_256_u4_analytical_v2_ft15ep_int6_fps250_lat200/GenericPartition_2/synth_out_of_context_s4n9ls1z/results_GenericPartition_2_wrapper/GenericPartition_2_GenericPartition_2_ConvolutionInputGenerator_rtl_4_0.v' cannot be added to the project because it already exists in the project, skipping this file
WARNING: [filemgmt 56-12] File '/home/thelegendiv/finn/notebooks/enet/finn_build_tmp/S12_dense_256_u4_analytical_v2_ft15ep_int6_fps250_lat200/GenericPartition_2/synth_out_of_context_s4n9ls1z/results_GenericPartition_2_wrapper/GenericPartition_2_GenericPartition_2_DuplicateStreams_hls_0_0.v' cannot be added to the project because it already exists in the project, skipping this file
WARNING: [filemgmt 56-12] File '/home/thelegendiv/finn/notebooks/enet/finn_build_tmp/S12_dense_256_u4_analytical_v2_ft15ep_int6_fps250_lat200/GenericPartition_2/synth_out_of_context_s4n9ls1z/results_GenericPartition_2_wrapper/GenericPartition_2_GenericPartition_2_DuplicateStreams_hls_1_0.v' cannot be added to the project because it already exists in the project, skipping this file
WARNING: [filemgmt 56-12] File '/home/thelegendiv/finn/notebooks/enet/finn_build_tmp/S12_dense_256_u4_analytical_v2_ft15ep_int6_fps250_lat200/GenericPartition_2/synth_out_of_context_s4n9ls1z/results_GenericPartition_2_wrapper/GenericPartition_2_GenericPartition_2_DuplicateStreams_hls_2_0.v' cannot be added to the project because it already exists in the project, skipping this file
WARNING: [filemgmt 56-12] File '/home/thelegendiv/finn/notebooks/enet/finn_build_tmp/S12_dense_256_u4_analytical_v2_ft15ep_int6_fps250_lat200/GenericPartition_2/synth_out_of_context_s4n9ls1z/results_GenericPartition_2_wrapper/GenericPartition_2_GenericPartition_2_DuplicateStreams_hls_3_0.v' cannot be added to the project because it already exists in the project, skipping this file
WARNING: [filemgmt 56-12] File '/home/thelegendiv/finn/notebooks/enet/finn_build_tmp/S12_dense_256_u4_analytical_v2_ft15ep_int6_fps250_lat200/GenericPartition_2/synth_out_of_context_s4n9ls1z/results_GenericPartition_2_wrapper/GenericPartition_2_GenericPartition_2_DuplicateStreams_hls_4_0.v' cannot be added to the project because it already exists in the project, skipping this file
WARNING: [filemgmt 56-12] File '/home/thelegendiv/finn/notebooks/enet/finn_build_tmp/S12_dense_256_u4_analytical_v2_ft15ep_int6_fps250_lat200/GenericPartition_2/synth_out_of_context_s4n9ls1z/results_GenericPartition_2_wrapper/GenericPartition_2_GenericPartition_2_FMPadding_rtl_0_0.v' cannot be added to the project because it already exists in the project, skipping this file
WARNING: [filemgmt 56-12] File '/home/thelegendiv/finn/notebooks/enet/finn_build_tmp/S12_dense_256_u4_analytical_v2_ft15ep_int6_fps250_lat200/GenericPartition_2/synth_out_of_context_s4n9ls1z/results_GenericPartition_2_wrapper/GenericPartition_2_GenericPartition_2_FMPadding_rtl_1_0.v' cannot be added to the project because it already exists in the project, skipping this file
WARNING: [filemgmt 56-12] File '/home/thelegendiv/finn/notebooks/enet/finn_build_tmp/S12_dense_256_u4_analytical_v2_ft15ep_int6_fps250_lat200/GenericPartition_2/synth_out_of_context_s4n9ls1z/results_GenericPartition_2_wrapper/GenericPartition_2_GenericPartition_2_FMPadding_rtl_2_0.v' cannot be added to the project because it already exists in the project, skipping this file
WARNING: [filemgmt 56-12] File '/home/thelegendiv/finn/notebooks/enet/finn_build_tmp/S12_dense_256_u4_analytical_v2_ft15ep_int6_fps250_lat200/GenericPartition_2/synth_out_of_context_s4n9ls1z/results_GenericPartition_2_wrapper/GenericPartition_2_GenericPartition_2_FMPadding_rtl_3_0.v' cannot be added to the project because it already exists in the project, skipping this file
WARNING: [filemgmt 56-12] File '/home/thelegendiv/finn/notebooks/enet/finn_build_tmp/S12_dense_256_u4_analytical_v2_ft15ep_int6_fps250_lat200/GenericPartition_2/synth_out_of_context_s4n9ls1z/results_GenericPartition_2_wrapper/GenericPartition_2_GenericPartition_2_FMPadding_rtl_4_0.v' cannot be added to the project because it already exists in the project, skipping this file
WARNING: [filemgmt 56-12] File '/home/thelegendiv/finn/notebooks/enet/finn_build_tmp/S12_dense_256_u4_analytical_v2_ft15ep_int6_fps250_lat200/GenericPartition_2/synth_out_of_context_s4n9ls1z/results_GenericPartition_2_wrapper/GenericPartition_2_GenericPartition_2_MVAU_rtl_0_0.v' cannot be added to the project because it already exists in the project, skipping this file
WARNING: [filemgmt 56-12] File '/home/thelegendiv/finn/notebooks/enet/finn_build_tmp/S12_dense_256_u4_analytical_v2_ft15ep_int6_fps250_lat200/GenericPartition_2/synth_out_of_context_s4n9ls1z/results_GenericPartition_2_wrapper/GenericPartition_2_GenericPartition_2_MVAU_rtl_0_wstrm_0.v' cannot be added to the project because it already exists in the project, skipping this file
WARNING: [filemgmt 56-12] File '/home/thelegendiv/finn/notebooks/enet/finn_build_tmp/S12_dense_256_u4_analytical_v2_ft15ep_int6_fps250_lat200/GenericPartition_2/synth_out_of_context_s4n9ls1z/results_GenericPartition_2_wrapper/GenericPartition_2_GenericPartition_2_MVAU_rtl_10_0.v' cannot be added to the project because it already exists in the project, skipping this file
WARNING: [filemgmt 56-12] File '/home/thelegendiv/finn/notebooks/enet/finn_build_tmp/S12_dense_256_u4_analytical_v2_ft15ep_int6_fps250_lat200/GenericPartition_2/synth_out_of_context_s4n9ls1z/results_GenericPartition_2_wrapper/GenericPartition_2_GenericPartition_2_MVAU_rtl_10_wstrm_0.v' cannot be added to the project because it already exists in the project, skipping this file
WARNING: [filemgmt 56-12] File '/home/thelegendiv/finn/notebooks/enet/finn_build_tmp/S12_dense_256_u4_analytical_v2_ft15ep_int6_fps250_lat200/GenericPartition_2/synth_out_of_context_s4n9ls1z/results_GenericPartition_2_wrapper/GenericPartition_2_GenericPartition_2_MVAU_rtl_11_0.v' cannot be added to the project because it already exists in the project, skipping this file
WARNING: [filemgmt 56-12] File '/home/thelegendiv/finn/notebooks/enet/finn_build_tmp/S12_dense_256_u4_analytical_v2_ft15ep_int6_fps250_lat200/GenericPartition_2/synth_out_of_context_s4n9ls1z/results_GenericPartition_2_wrapper/GenericPartition_2_GenericPartition_2_MVAU_rtl_11_wstrm_0.v' cannot be added to the project because it already exists in the project, skipping this file
WARNING: [filemgmt 56-12] File '/home/thelegendiv/finn/notebooks/enet/finn_build_tmp/S12_dense_256_u4_analytical_v2_ft15ep_int6_fps250_lat200/GenericPartition_2/synth_out_of_context_s4n9ls1z/results_GenericPartition_2_wrapper/GenericPartition_2_GenericPartition_2_MVAU_rtl_12_0.v' cannot be added to the project because it already exists in the project, skipping this file
WARNING: [filemgmt 56-12] File '/home/thelegendiv/finn/notebooks/enet/finn_build_tmp/S12_dense_256_u4_analytical_v2_ft15ep_int6_fps250_lat200/GenericPartition_2/synth_out_of_context_s4n9ls1z/results_GenericPartition_2_wrapper/GenericPartition_2_GenericPartition_2_MVAU_rtl_12_wstrm_0.v' cannot be added to the project because it already exists in the project, skipping this file
WARNING: [filemgmt 56-12] File '/home/thelegendiv/finn/notebooks/enet/finn_build_tmp/S12_dense_256_u4_analytical_v2_ft15ep_int6_fps250_lat200/GenericPartition_2/synth_out_of_context_s4n9ls1z/results_GenericPartition_2_wrapper/GenericPartition_2_GenericPartition_2_MVAU_rtl_13_0.v' cannot be added to the project because it already exists in the project, skipping this file
WARNING: [filemgmt 56-12] File '/home/thelegendiv/finn/notebooks/enet/finn_build_tmp/S12_dense_256_u4_analytical_v2_ft15ep_int6_fps250_lat200/GenericPartition_2/synth_out_of_context_s4n9ls1z/results_GenericPartition_2_wrapper/GenericPartition_2_GenericPartition_2_MVAU_rtl_13_wstrm_0.v' cannot be added to the project because it already exists in the project, skipping this file
WARNING: [filemgmt 56-12] File '/home/thelegendiv/finn/notebooks/enet/finn_build_tmp/S12_dense_256_u4_analytical_v2_ft15ep_int6_fps250_lat200/GenericPartition_2/synth_out_of_context_s4n9ls1z/results_GenericPartition_2_wrapper/GenericPartition_2_GenericPartition_2_MVAU_rtl_14_0.v' cannot be added to the project because it already exists in the project, skipping this file
WARNING: [filemgmt 56-12] File '/home/thelegendiv/finn/notebooks/enet/finn_build_tmp/S12_dense_256_u4_analytical_v2_ft15ep_int6_fps250_lat200/GenericPartition_2/synth_out_of_context_s4n9ls1z/results_GenericPartition_2_wrapper/GenericPartition_2_GenericPartition_2_MVAU_rtl_14_wstrm_0.v' cannot be added to the project because it already exists in the project, skipping this file
WARNING: [filemgmt 56-12] File '/home/thelegendiv/finn/notebooks/enet/finn_build_tmp/S12_dense_256_u4_analytical_v2_ft15ep_int6_fps250_lat200/GenericPartition_2/synth_out_of_context_s4n9ls1z/results_GenericPartition_2_wrapper/GenericPartition_2_GenericPartition_2_MVAU_rtl_1_0.v' cannot be added to the project because it already exists in the project, skipping this file
WARNING: [filemgmt 56-12] File '/home/thelegendiv/finn/notebooks/enet/finn_build_tmp/S12_dense_256_u4_analytical_v2_ft15ep_int6_fps250_lat200/GenericPartition_2/synth_out_of_context_s4n9ls1z/results_GenericPartition_2_wrapper/GenericPartition_2_GenericPartition_2_MVAU_rtl_1_wstrm_0.v' cannot be added to the project because it already exists in the project, skipping this file
WARNING: [filemgmt 56-12] File '/home/thelegendiv/finn/notebooks/enet/finn_build_tmp/S12_dense_256_u4_analytical_v2_ft15ep_int6_fps250_lat200/GenericPartition_2/synth_out_of_context_s4n9ls1z/results_GenericPartition_2_wrapper/GenericPartition_2_GenericPartition_2_MVAU_rtl_2_0.v' cannot be added to the project because it already exists in the project, skipping this file
WARNING: [filemgmt 56-12] File '/home/thelegendiv/finn/notebooks/enet/finn_build_tmp/S12_dense_256_u4_analytical_v2_ft15ep_int6_fps250_lat200/GenericPartition_2/synth_out_of_context_s4n9ls1z/results_GenericPartition_2_wrapper/GenericPartition_2_GenericPartition_2_MVAU_rtl_2_wstrm_0.v' cannot be added to the project because it already exists in the project, skipping this file
WARNING: [filemgmt 56-12] File '/home/thelegendiv/finn/notebooks/enet/finn_build_tmp/S12_dense_256_u4_analytical_v2_ft15ep_int6_fps250_lat200/GenericPartition_2/synth_out_of_context_s4n9ls1z/results_GenericPartition_2_wrapper/GenericPartition_2_GenericPartition_2_MVAU_rtl_3_0.v' cannot be added to the project because it already exists in the project, skipping this file
WARNING: [filemgmt 56-12] File '/home/thelegendiv/finn/notebooks/enet/finn_build_tmp/S12_dense_256_u4_analytical_v2_ft15ep_int6_fps250_lat200/GenericPartition_2/synth_out_of_context_s4n9ls1z/results_GenericPartition_2_wrapper/GenericPartition_2_GenericPartition_2_MVAU_rtl_3_wstrm_0.v' cannot be added to the project because it already exists in the project, skipping this file
WARNING: [filemgmt 56-12] File '/home/thelegendiv/finn/notebooks/enet/finn_build_tmp/S12_dense_256_u4_analytical_v2_ft15ep_int6_fps250_lat200/GenericPartition_2/synth_out_of_context_s4n9ls1z/results_GenericPartition_2_wrapper/GenericPartition_2_GenericPartition_2_MVAU_rtl_4_0.v' cannot be added to the project because it already exists in the project, skipping this file
WARNING: [filemgmt 56-12] File '/home/thelegendiv/finn/notebooks/enet/finn_build_tmp/S12_dense_256_u4_analytical_v2_ft15ep_int6_fps250_lat200/GenericPartition_2/synth_out_of_context_s4n9ls1z/results_GenericPartition_2_wrapper/GenericPartition_2_GenericPartition_2_MVAU_rtl_4_wstrm_0.v' cannot be added to the project because it already exists in the project, skipping this file
WARNING: [filemgmt 56-12] File '/home/thelegendiv/finn/notebooks/enet/finn_build_tmp/S12_dense_256_u4_analytical_v2_ft15ep_int6_fps250_lat200/GenericPartition_2/synth_out_of_context_s4n9ls1z/results_GenericPartition_2_wrapper/GenericPartition_2_GenericPartition_2_MVAU_rtl_5_0.v' cannot be added to the project because it already exists in the project, skipping this file
WARNING: [filemgmt 56-12] File '/home/thelegendiv/finn/notebooks/enet/finn_build_tmp/S12_dense_256_u4_analytical_v2_ft15ep_int6_fps250_lat200/GenericPartition_2/synth_out_of_context_s4n9ls1z/results_GenericPartition_2_wrapper/GenericPartition_2_GenericPartition_2_MVAU_rtl_5_wstrm_0.v' cannot be added to the project because it already exists in the project, skipping this file
WARNING: [filemgmt 56-12] File '/home/thelegendiv/finn/notebooks/enet/finn_build_tmp/S12_dense_256_u4_analytical_v2_ft15ep_int6_fps250_lat200/GenericPartition_2/synth_out_of_context_s4n9ls1z/results_GenericPartition_2_wrapper/GenericPartition_2_GenericPartition_2_MVAU_rtl_6_0.v' cannot be added to the project because it already exists in the project, skipping this file
WARNING: [filemgmt 56-12] File '/home/thelegendiv/finn/notebooks/enet/finn_build_tmp/S12_dense_256_u4_analytical_v2_ft15ep_int6_fps250_lat200/GenericPartition_2/synth_out_of_context_s4n9ls1z/results_GenericPartition_2_wrapper/GenericPartition_2_GenericPartition_2_MVAU_rtl_6_wstrm_0.v' cannot be added to the project because it already exists in the project, skipping this file
WARNING: [filemgmt 56-12] File '/home/thelegendiv/finn/notebooks/enet/finn_build_tmp/S12_dense_256_u4_analytical_v2_ft15ep_int6_fps250_lat200/GenericPartition_2/synth_out_of_context_s4n9ls1z/results_GenericPartition_2_wrapper/GenericPartition_2_GenericPartition_2_MVAU_rtl_7_0.v' cannot be added to the project because it already exists in the project, skipping this file
WARNING: [filemgmt 56-12] File '/home/thelegendiv/finn/notebooks/enet/finn_build_tmp/S12_dense_256_u4_analytical_v2_ft15ep_int6_fps250_lat200/GenericPartition_2/synth_out_of_context_s4n9ls1z/results_GenericPartition_2_wrapper/GenericPartition_2_GenericPartition_2_MVAU_rtl_7_wstrm_0.v' cannot be added to the project because it already exists in the project, skipping this file
WARNING: [filemgmt 56-12] File '/home/thelegendiv/finn/notebooks/enet/finn_build_tmp/S12_dense_256_u4_analytical_v2_ft15ep_int6_fps250_lat200/GenericPartition_2/synth_out_of_context_s4n9ls1z/results_GenericPartition_2_wrapper/GenericPartition_2_GenericPartition_2_MVAU_rtl_8_0.v' cannot be added to the project because it already exists in the project, skipping this file
WARNING: [filemgmt 56-12] File '/home/thelegendiv/finn/notebooks/enet/finn_build_tmp/S12_dense_256_u4_analytical_v2_ft15ep_int6_fps250_lat200/GenericPartition_2/synth_out_of_context_s4n9ls1z/results_GenericPartition_2_wrapper/GenericPartition_2_GenericPartition_2_MVAU_rtl_8_wstrm_0.v' cannot be added to the project because it already exists in the project, skipping this file
INFO: [Common 17-14] Message 'filemgmt 56-12' appears 100 times and further instances of the messages will be disabled. Use the Tcl command set_msg_config to change the current settings.
# source headers.tcl
## set file "$origin_dir/dummy_nachiket_fooling_zsh_for_loops.h"
## set file [file normalize $file]
## set file_obj [get_files -of_objects [get_filesets sources_1] [list "*$file"]]
## set_property "file_type" "Verilog Header" $file_obj
# set obj [get_filesets sources_1]
# set_property "top" "$argv" $obj
# if {[string equal [get_filesets -quiet constrs_1] ""]} {
#   create_fileset -constrset constrs_1
# }
# set obj [get_filesets constrs_1]
# set file "[file normalize "$origin_dir/$argv.xdc"]"
# set file_added [add_files -norecurse -fileset $obj $file]
# set file "$origin_dir/$argv.xdc"
# set file [file normalize $file]
# set file_obj [get_files -of_objects [get_filesets constrs_1] [list "*$file"]]
# set_property "file_type" "XDC" $file_obj
# set obj [get_filesets constrs_1]
# if {[string equal [get_filesets -quiet sim_1] ""]} {
#   create_fileset -simset sim_1
# }
# set obj [get_filesets sim_1]
# set obj [get_filesets sim_1]
# set_property "top" "$argv" $obj
# set_property "xelab.nosort" "1" $obj
# set_property "xelab.unifast" "" $obj
# set_property strategy "Vivado Synthesis Defaults" [get_runs synth_1]
# set_property strategy "Flow_PerfOptimized_high" [get_runs synth_1]
# set_param synth.elaboration.rodinMoreOptions {rt::set_parameter ignoreVhdlAssertStmts false}
# set obj [get_runs synth_1]
# set_property -name {steps.synth_design.args.more options} -value {-mode out_of_context} -objects $obj
# set_property STEPS.SYNTH_DESIGN.ARGS.RETIMING true [get_runs synth_1]
# current_run -synthesis [get_runs synth_1]
# set_property strategy "Vivado Implementation Defaults" [get_runs impl_1]
# current_run -implementation [get_runs impl_1]
# puts "INFO: Project created:vivadocompile"
INFO: Project created:vivadocompile
# launch_runs -jobs 8 impl_1 -to_step route_design
[Thu Oct  8 05:48:57 2026] Launched synth_1...
Run output will be captured here: /home/thelegendiv/finn/notebooks/enet/finn_build_tmp/S12_dense_256_u4_analytical_v2_ft15ep_int6_fps250_lat200/GenericPartition_2/synth_out_of_context_s4n9ls1z/results_GenericPartition_2_wrapper/vivadocompile/vivadocompile.runs/synth_1/runme.log
[Thu Oct  8 05:48:57 2026] Launched impl_1...
Run output will be captured here: /home/thelegendiv/finn/notebooks/enet/finn_build_tmp/S12_dense_256_u4_analytical_v2_ft15ep_int6_fps250_lat200/GenericPartition_2/synth_out_of_context_s4n9ls1z/results_GenericPartition_2_wrapper/vivadocompile/vivadocompile.runs/impl_1/runme.log
launch_runs: Time (s): cpu = 00:00:05 ; elapsed = 00:00:05 . Memory (MB): peak = 1314.746 ; gain = 0.430 ; free physical = 66671 ; free virtual = 94995
# wait_on_run impl_1
[Thu Oct  8 05:48:57 2026] Waiting for impl_1 to finish...

*** Running vivado
    with args -log GenericPartition_2_wrapper.vdi -applog -m64 -product Vivado -messageDb vivado.pb -mode batch -source GenericPartition_2_wrapper.tcl -notrace


****** Vivado v2022.2 (64-bit)
  **** SW Build 3671981 on Fri Oct 14 04:59:54 MDT 2022
  **** IP Build 3669848 on Fri Oct 14 08:30:02 MDT 2022
    ** Copyright 1986-2022 Xilinx, Inc. All Rights Reserved.

source GenericPartition_2_wrapper.tcl -notrace
create_project: Time (s): cpu = 00:00:07 ; elapsed = 00:00:07 . Memory (MB): peak = 1319.324 ; gain = 0.023 ; free physical = 66249 ; free virtual = 94646
Command: link_design -top GenericPartition_2_wrapper -part xczu7ev-ffvc1156-2-e
Design is defaulting to srcset: sources_1
Design is defaulting to constrset: constrs_1
INFO: [Device 21-403] Loading part xczu7ev-ffvc1156-2-e
Netlist sorting complete. Time (s): cpu = 00:00:00.22 ; elapsed = 00:00:00.22 . Memory (MB): peak = 2311.730 ; gain = 0.000 ; free physical = 65625 ; free virtual = 94024
INFO: [Netlist 29-17] Analyzing 2947 Unisim elements for replacement
INFO: [Netlist 29-28] Unisim Transformation completed in 4 CPU seconds
INFO: [Project 1-479] Netlist was created with Vivado 2022.2
INFO: [Project 1-570] Preparing netlist for logic optimization
Parsing XDC File [/home/thelegendiv/finn/notebooks/enet/finn_build_tmp/S12_dense_256_u4_analytical_v2_ft15ep_int6_fps250_lat200/GenericPartition_2/synth_out_of_context_s4n9ls1z/results_GenericPartition_2_wrapper/GenericPartition_2_wrapper.xdc]
create_clock: Time (s): cpu = 00:00:05 ; elapsed = 00:00:05 . Memory (MB): peak = 2425.320 ; gain = 25.750 ; free physical = 65530 ; free virtual = 93929
Finished Parsing XDC File [/home/thelegendiv/finn/notebooks/enet/finn_build_tmp/S12_dense_256_u4_analytical_v2_ft15ep_int6_fps250_lat200/GenericPartition_2/synth_out_of_context_s4n9ls1z/results_GenericPartition_2_wrapper/GenericPartition_2_wrapper.xdc]
INFO: [Project 1-1714] 16 XPM XDC files have been applied to the design.
INFO: [Opt 31-138] Pushed 0 inverter(s) to 0 load pin(s).
Netlist sorting complete. Time (s): cpu = 00:00:00 ; elapsed = 00:00:00.01 . Memory (MB): peak = 2428.289 ; gain = 0.000 ; free physical = 65523 ; free virtual = 93921
INFO: [Project 1-111] Unisim Transformation Summary:
  A total of 866 instances were transformed.
  DSP48E1 => DSP48E2 (DSP_ALU, DSP_A_B_DATA, DSP_C_DATA, DSP_MULTIPLIER, DSP_M_DATA, DSP_OUTPUT, DSP_PREADD, DSP_PREADD_DATA): 40 instances
  RAM128X1S => RAM128X1S (MUXF7, RAMS64E(x2)): 240 instances
  RAM16X1S => RAM32X1S (RAMS32): 118 instances
  RAM32M16 => RAM32M16 (RAMD32(x14), RAMS32(x2)): 20 instances
  RAM64M => RAM64M (RAMD64E(x4)): 112 instances
  RAM64M8 => RAM64M8 (RAMD64E(x8)): 336 instances

8 Infos, 0 Warnings, 0 Critical Warnings and 0 Errors encountered.
link_design completed successfully
link_design: Time (s): cpu = 00:00:24 ; elapsed = 00:00:30 . Memory (MB): peak = 2428.289 ; gain = 1108.965 ; free physical = 65523 ; free virtual = 93921
Command: opt_design
Attempting to get a license for feature 'Implementation' and/or device 'xczu7ev'
INFO: [Common 17-349] Got license for feature 'Implementation' and/or device 'xczu7ev'
Running DRC as a precondition to command opt_design

Starting DRC Task
INFO: [DRC 23-27] Running DRC with 8 threads
INFO: [Project 1-461] DRC finished with 0 Errors
INFO: [Project 1-462] Please refer to the DRC report (report_drc) for more information.

Time (s): cpu = 00:00:03 ; elapsed = 00:00:04 . Memory (MB): peak = 2509.164 ; gain = 80.875 ; free physical = 65419 ; free virtual = 93817

Starting Cache Timing Information Task
INFO: [Timing 38-35] Done setting XDC timing constraints.
Ending Cache Timing Information Task | Checksum: 1087ebf66

Time (s): cpu = 00:00:10 ; elapsed = 00:00:07 . Memory (MB): peak = 2889.906 ; gain = 380.742 ; free physical = 65416 ; free virtual = 93815

Starting Logic Optimization Task

Phase 1 Retarget
INFO: [Opt 31-1287] Pulled Inverter GenericPartition_2_i/GenericPartition_2_ConvolutionInputGenerator_rtl_3/inst/impl/Current_elem0__0_carry_i_5__1 into driver instance GenericPartition_2_i/GenericPartition_2_ConvolutionInputGenerator_rtl_3/inst/impl/window_buffer_inst/Current_elem0__0_carry_i_18, which resulted in an inversion of 8 pins
INFO: [Opt 31-138] Pushed 25 inverter(s) to 3395 load pin(s).
INFO: [Opt 31-49] Retargeted 0 cell(s).
Phase 1 Retarget | Checksum: efef55ab

Time (s): cpu = 00:00:04 ; elapsed = 00:00:02 . Memory (MB): peak = 3161.695 ; gain = 0.000 ; free physical = 65338 ; free virtual = 93737
INFO: [Opt 31-389] Phase Retarget created 1 cells and removed 29 cells

Phase 2 Constant propagation
INFO: [Opt 31-138] Pushed 0 inverter(s) to 0 load pin(s).
Phase 2 Constant propagation | Checksum: aa841ce1

Time (s): cpu = 00:00:04 ; elapsed = 00:00:03 . Memory (MB): peak = 3161.695 ; gain = 0.000 ; free physical = 65331 ; free virtual = 93730
INFO: [Opt 31-389] Phase Constant propagation created 0 cells and removed 0 cells

Phase 3 Sweep
Phase 3 Sweep | Checksum: c49366ab

Time (s): cpu = 00:00:05 ; elapsed = 00:00:03 . Memory (MB): peak = 3161.695 ; gain = 0.000 ; free physical = 65318 ; free virtual = 93717
INFO: [Opt 31-389] Phase Sweep created 0 cells and removed 0 cells

Phase 4 BUFG optimization
INFO: [Opt 31-1077] Phase BUFG optimization inserted 0 global clock buffer(s) for CLOCK_LOW_FANOUT.
Phase 4 BUFG optimization | Checksum: c49366ab

Time (s): cpu = 00:00:05 ; elapsed = 00:00:04 . Memory (MB): peak = 3193.711 ; gain = 32.016 ; free physical = 65318 ; free virtual = 93717
INFO: [Opt 31-662] Phase BUFG optimization created 0 cells of which 0 are BUFGs and removed 0 cells.

Phase 5 Shift Register Optimization
INFO: [Opt 31-1064] SRL Remap converted 0 SRLs to 0 registers and converted 0 registers of register chains to 0 SRLs
Phase 5 Shift Register Optimization | Checksum: c49366ab

Time (s): cpu = 00:00:05 ; elapsed = 00:00:04 . Memory (MB): peak = 3193.711 ; gain = 32.016 ; free physical = 65316 ; free virtual = 93716
INFO: [Opt 31-389] Phase Shift Register Optimization created 0 cells and removed 0 cells

Phase 6 Post Processing Netlist
Phase 6 Post Processing Netlist | Checksum: c49366ab

Time (s): cpu = 00:00:05 ; elapsed = 00:00:04 . Memory (MB): peak = 3193.711 ; gain = 32.016 ; free physical = 65311 ; free virtual = 93710
INFO: [Opt 31-389] Phase Post Processing Netlist created 0 cells and removed 0 cells
Opt_design Change Summary
=========================


-------------------------------------------------------------------------------------------------------------------------
|  Phase                        |  #Cells created  |  #Cells Removed  |  #Constrained objects preventing optimizations  |
-------------------------------------------------------------------------------------------------------------------------
|  Retarget                     |               1  |              29  |                                              0  |
|  Constant propagation         |               0  |               0  |                                              0  |
|  Sweep                        |               0  |               0  |                                              0  |
|  BUFG optimization            |               0  |               0  |                                              0  |
|  Shift Register Optimization  |               0  |               0  |                                              0  |
|  Post Processing Netlist      |               0  |               0  |                                              0  |
-------------------------------------------------------------------------------------------------------------------------



Starting Connectivity Check Task

Time (s): cpu = 00:00:00.07 ; elapsed = 00:00:00.07 . Memory (MB): peak = 3193.711 ; gain = 0.000 ; free physical = 65299 ; free virtual = 93698
Ending Logic Optimization Task | Checksum: 1a3f91780

Time (s): cpu = 00:00:06 ; elapsed = 00:00:05 . Memory (MB): peak = 3193.711 ; gain = 32.016 ; free physical = 65299 ; free virtual = 93698

Starting Power Optimization Task
INFO: [Pwropt 34-132] Skipping clock gating for clocks with a period < 2.00 ns.
INFO: [Pwropt 34-9] Applying IDT optimizations ...
INFO: [Pwropt 34-10] Applying ODC optimizations ...
INFO: [Timing 38-35] Done setting XDC timing constraints.
Running Vector-less Activity Propagation...

Finished Running Vector-less Activity Propagation


Starting PowerOpt Patch Enables Task
INFO: [Pwropt 34-162] WRITE_MODE attribute of 0 BRAM(s) out of a total of 23 has been updated to save power. Run report_power_opt to get a complete listing of the BRAMs updated.
INFO: [Pwropt 34-201] Structural ODC has moved 9 WE to EN ports
Number of BRAM Ports augmented: 2 newly gated: 10 Total Ports: 46
Ending PowerOpt Patch Enables Task | Checksum: 1181c975c

Time (s): cpu = 00:00:00.18 ; elapsed = 00:00:00.21 . Memory (MB): peak = 3905.570 ; gain = 0.000 ; free physical = 64911 ; free virtual = 93310
Ending Power Optimization Task | Checksum: 1181c975c

Time (s): cpu = 00:00:30 ; elapsed = 00:00:25 . Memory (MB): peak = 3905.570 ; gain = 711.859 ; free physical = 64949 ; free virtual = 93348

Starting Final Cleanup Task
Ending Final Cleanup Task | Checksum: 1181c975c

Time (s): cpu = 00:00:00 ; elapsed = 00:00:00 . Memory (MB): peak = 3905.570 ; gain = 0.000 ; free physical = 64949 ; free virtual = 93348

Starting Netlist Obfuscation Task
Netlist sorting complete. Time (s): cpu = 00:00:00.02 ; elapsed = 00:00:00.02 . Memory (MB): peak = 3905.570 ; gain = 0.000 ; free physical = 64949 ; free virtual = 93348
Ending Netlist Obfuscation Task | Checksum: 10bc90952

Time (s): cpu = 00:00:00.02 ; elapsed = 00:00:00.02 . Memory (MB): peak = 3905.570 ; gain = 0.000 ; free physical = 64949 ; free virtual = 93348
INFO: [Common 17-83] Releasing license: Implementation
32 Infos, 0 Warnings, 0 Critical Warnings and 0 Errors encountered.
opt_design completed successfully
opt_design: Time (s): cpu = 00:00:53 ; elapsed = 00:00:44 . Memory (MB): peak = 3905.570 ; gain = 1477.281 ; free physical = 64949 ; free virtual = 93348
INFO: [Timing 38-35] Done setting XDC timing constraints.
INFO: [Timing 38-480] Writing timing data to binary archive.
INFO: [Common 17-1381] The checkpoint '/home/thelegendiv/finn/notebooks/enet/finn_build_tmp/S12_dense_256_u4_analytical_v2_ft15ep_int6_fps250_lat200/GenericPartition_2/synth_out_of_context_s4n9ls1z/results_GenericPartition_2_wrapper/vivadocompile/vivadocompile.runs/impl_1/GenericPartition_2_wrapper_opt.dcp' has been generated.
write_checkpoint: Time (s): cpu = 00:00:12 ; elapsed = 00:00:07 . Memory (MB): peak = 3905.570 ; gain = 0.000 ; free physical = 64827 ; free virtual = 93234
INFO: [runtcl-4] Executing : report_drc -file GenericPartition_2_wrapper_drc_opted.rpt -pb GenericPartition_2_wrapper_drc_opted.pb -rpx GenericPartition_2_wrapper_drc_opted.rpx
Command: report_drc -file GenericPartition_2_wrapper_drc_opted.rpt -pb GenericPartition_2_wrapper_drc_opted.pb -rpx GenericPartition_2_wrapper_drc_opted.rpx
INFO: [IP_Flow 19-234] Refreshing IP repositories
INFO: [IP_Flow 19-1704] No user IP repositories specified
INFO: [IP_Flow 19-2313] Loaded Vivado IP repository '/tools/Xilinx/Vivado/2022.2/data/ip'.
INFO: [DRC 23-27] Running DRC with 8 threads
INFO: [Vivado_Tcl 2-168] The results of DRC are in file /home/thelegendiv/finn/notebooks/enet/finn_build_tmp/S12_dense_256_u4_analytical_v2_ft15ep_int6_fps250_lat200/GenericPartition_2/synth_out_of_context_s4n9ls1z/results_GenericPartition_2_wrapper/vivadocompile/vivadocompile.runs/impl_1/GenericPartition_2_wrapper_drc_opted.rpt.
report_drc completed successfully
Command: place_design
Attempting to get a license for feature 'Implementation' and/or device 'xczu7ev'
INFO: [Common 17-349] Got license for feature 'Implementation' and/or device 'xczu7ev'
INFO: [DRC 23-27] Running DRC with 8 threads
INFO: [Vivado_Tcl 4-198] DRC finished with 0 Errors
INFO: [Vivado_Tcl 4-199] Please refer to the DRC report (report_drc) for more information.
Running DRC as a precondition to command place_design
INFO: [DRC 23-27] Running DRC with 8 threads
INFO: [Vivado_Tcl 4-198] DRC finished with 0 Errors
INFO: [Vivado_Tcl 4-199] Please refer to the DRC report (report_drc) for more information.

Starting Placer Task
INFO: [Place 30-611] Multithreading enabled for place_design using a maximum of 8 CPUs

Phase 1 Placer Initialization

Phase 1.1 Placer Initialization Netlist Sorting
Netlist sorting complete. Time (s): cpu = 00:00:00 ; elapsed = 00:00:00.01 . Memory (MB): peak = 3913.574 ; gain = 0.000 ; free physical = 64808 ; free virtual = 93215
Phase 1.1 Placer Initialization Netlist Sorting | Checksum: 2ba22f3c

Time (s): cpu = 00:00:00.02 ; elapsed = 00:00:00.04 . Memory (MB): peak = 3913.574 ; gain = 0.000 ; free physical = 64808 ; free virtual = 93215
Netlist sorting complete. Time (s): cpu = 00:00:00.01 ; elapsed = 00:00:00.02 . Memory (MB): peak = 3913.574 ; gain = 0.000 ; free physical = 64808 ; free virtual = 93215

Phase 1.2 IO Placement/ Clock Placement/ Build Placer Device
Phase 1.2 IO Placement/ Clock Placement/ Build Placer Device | Checksum: e58149fc

Time (s): cpu = 00:00:25 ; elapsed = 00:00:31 . Memory (MB): peak = 4388.691 ; gain = 475.117 ; free physical = 63740 ; free virtual = 92147

Phase 1.3 Build Placer Netlist Model
Phase 1.3 Build Placer Netlist Model | Checksum: e75ee9ab

Time (s): cpu = 00:00:43 ; elapsed = 00:00:43 . Memory (MB): peak = 4420.707 ; gain = 507.133 ; free physical = 63547 ; free virtual = 91955

Phase 1.4 Constrain Clocks/Macros
Phase 1.4 Constrain Clocks/Macros | Checksum: e75ee9ab

Time (s): cpu = 00:00:43 ; elapsed = 00:00:43 . Memory (MB): peak = 4420.707 ; gain = 507.133 ; free physical = 63547 ; free virtual = 91955
Phase 1 Placer Initialization | Checksum: e75ee9ab

Time (s): cpu = 00:00:44 ; elapsed = 00:00:43 . Memory (MB): peak = 4420.707 ; gain = 507.133 ; free physical = 63546 ; free virtual = 91954

Phase 2 Global Placement

Phase 2.1 Floorplanning

Phase 2.1.1 Partition Driven Placement

Phase 2.1.1.1 PBP: Partition Driven Placement
Phase 2.1.1.1 PBP: Partition Driven Placement | Checksum: ec99770f

Time (s): cpu = 00:00:57 ; elapsed = 00:00:56 . Memory (MB): peak = 4420.707 ; gain = 507.133 ; free physical = 63725 ; free virtual = 92133

Phase 2.1.1.2 PBP: Clock Region Placement
Phase 2.1.1.2 PBP: Clock Region Placement | Checksum: ec99770f

Time (s): cpu = 00:00:58 ; elapsed = 00:00:56 . Memory (MB): peak = 4420.707 ; gain = 507.133 ; free physical = 63719 ; free virtual = 92127

Phase 2.1.1.3 PBP: Compute Congestion
Phase 2.1.1.3 PBP: Compute Congestion | Checksum: ec99770f

Time (s): cpu = 00:01:00 ; elapsed = 00:00:58 . Memory (MB): peak = 4488.070 ; gain = 574.496 ; free physical = 63717 ; free virtual = 92125

Phase 2.1.1.4 PBP: UpdateTiming
Phase 2.1.1.4 PBP: UpdateTiming | Checksum: 1706df485

Time (s): cpu = 00:01:03 ; elapsed = 00:01:00 . Memory (MB): peak = 4518.086 ; gain = 604.512 ; free physical = 63689 ; free virtual = 92097

Phase 2.1.1.5 PBP: Add part constraints
Phase 2.1.1.5 PBP: Add part constraints | Checksum: 1706df485

Time (s): cpu = 00:01:03 ; elapsed = 00:01:00 . Memory (MB): peak = 4518.086 ; gain = 604.512 ; free physical = 63689 ; free virtual = 92097
Phase 2.1.1 Partition Driven Placement | Checksum: 1706df485

Time (s): cpu = 00:01:03 ; elapsed = 00:01:00 . Memory (MB): peak = 4518.086 ; gain = 604.512 ; free physical = 63689 ; free virtual = 92097
Phase 2.1 Floorplanning | Checksum: 15e8c2ac9

Time (s): cpu = 00:01:03 ; elapsed = 00:01:00 . Memory (MB): peak = 4518.086 ; gain = 604.512 ; free physical = 63689 ; free virtual = 92097

Phase 2.2 Update Timing before SLR Path Opt
Phase 2.2 Update Timing before SLR Path Opt | Checksum: 15e8c2ac9

Time (s): cpu = 00:01:03 ; elapsed = 00:01:00 . Memory (MB): peak = 4518.086 ; gain = 604.512 ; free physical = 63689 ; free virtual = 92097

Phase 2.3 Post-Processing in Floorplanning
Phase 2.3 Post-Processing in Floorplanning | Checksum: 15e8c2ac9

Time (s): cpu = 00:01:03 ; elapsed = 00:01:00 . Memory (MB): peak = 4518.086 ; gain = 604.512 ; free physical = 63689 ; free virtual = 92097

Phase 2.4 Global Placement Core

Phase 2.4.1 UpdateTiming Before Physical Synthesis
Phase 2.4.1 UpdateTiming Before Physical Synthesis | Checksum: 24c4852b0

Time (s): cpu = 00:02:16 ; elapsed = 00:02:22 . Memory (MB): peak = 4629.086 ; gain = 715.512 ; free physical = 63564 ; free virtual = 91974

Phase 2.4.2 Physical Synthesis In Placer
INFO: [Physopt 32-1035] Found 0 LUTNM shape to break, 1355 LUT instances to create LUTNM shape
INFO: [Physopt 32-1044] Break lutnm for timing: one critical 0, two critical 0, total 0, new lutff created 0
INFO: [Physopt 32-1138] End 1 Pass. Optimized 598 nets or LUTs. Breaked 0 LUT, combined 598 existing LUTs and moved 0 existing LUT
INFO: [Physopt 32-1030] Pass 1. Identified 37 candidate driver sets for equivalent driver rewiring.
INFO: [Physopt 32-661] Optimized 17 nets.  Re-placed 39 instances.
INFO: [Physopt 32-775] End 1 Pass. Optimized 17 nets or cells. Created 0 new cell, deleted 0 existing cell and moved 39 existing cells
Netlist sorting complete. Time (s): cpu = 00:00:00.04 ; elapsed = 00:00:00.04 . Memory (MB): peak = 4629.086 ; gain = 0.000 ; free physical = 63544 ; free virtual = 91954
INFO: [Physopt 32-1132] Very high fanout net 'GenericPartition_2_i/GenericPartition_2_ConvolutionInputGenerator_rtl_3/inst/impl/Window_buffer_write_addr_reg_reg[3]_rep_n_3' is not considered as a candidate in VHFN optimzation. The fanout considered for this optimization is changed from 1619 to 188 due to a timing constraint that prevent optimization on all of the loads. To force replication, set the FORCE_MAX_FANOUT property on the net to a number less than 188.
INFO: [Physopt 32-65] No nets found for high-fanout optimization.
INFO: [Physopt 32-232] Optimized 0 net. Created 0 new instance.
INFO: [Physopt 32-775] End 1 Pass. Optimized 0 net or cell. Created 0 new cell, deleted 0 existing cell and moved 0 existing cell
INFO: [Physopt 32-670] No setup violation found.  DSP Register Optimization was not performed.
INFO: [Physopt 32-670] No setup violation found.  Shift Register to Pipeline Optimization was not performed.
INFO: [Physopt 32-670] No setup violation found.  Shift Register Optimization was not performed.
INFO: [Physopt 32-670] No setup violation found.  BRAM Register Optimization was not performed.
INFO: [Physopt 32-670] No setup violation found.  URAM Register Optimization was not performed.
INFO: [Physopt 32-949] No candidate nets found for dynamic/static region interface net replication
INFO: [Physopt 32-775] End 1 Pass. Optimized 0 net or cell. Created 0 new cell, deleted 0 existing cell and moved 0 existing cell
Netlist sorting complete. Time (s): cpu = 00:00:00 ; elapsed = 00:00:00 . Memory (MB): peak = 4629.086 ; gain = 0.000 ; free physical = 63544 ; free virtual = 91954

Summary of Physical Synthesis Optimizations
============================================


-----------------------------------------------------------------------------------------------------------------------------------------------------------
|  Optimization                                     |  Added Cells  |  Removed Cells  |  Optimized Cells/Nets  |  Dont Touch  |  Iterations  |  Elapsed   |
-----------------------------------------------------------------------------------------------------------------------------------------------------------
|  LUT Combining                                    |            0  |            598  |                   598  |           0  |           1  |  00:00:01  |
|  Retime                                           |            0  |              0  |                     0  |           0  |           1  |  00:00:00  |
|  Equivalent Driver Rewiring                       |            0  |              0  |                    17  |           0  |           1  |  00:00:01  |
|  Very High Fanout                                 |            0  |              0  |                     0  |           0  |           1  |  00:00:00  |
|  DSP Register                                     |            0  |              0  |                     0  |           0  |           0  |  00:00:00  |
|  Shift Register to Pipeline                       |            0  |              0  |                     0  |           0  |           0  |  00:00:00  |
|  Shift Register                                   |            0  |              0  |                     0  |           0  |           0  |  00:00:00  |
|  BRAM Register                                    |            0  |              0  |                     0  |           0  |           0  |  00:00:00  |
|  URAM Register                                    |            0  |              0  |                     0  |           0  |           0  |  00:00:00  |
|  Dynamic/Static Region Interface Net Replication  |            0  |              0  |                     0  |           0  |           1  |  00:00:00  |
|  Total                                            |            0  |            598  |                   615  |           0  |           5  |  00:00:02  |
-----------------------------------------------------------------------------------------------------------------------------------------------------------


Phase 2.4.2 Physical Synthesis In Placer | Checksum: 1413da49f

Time (s): cpu = 00:02:23 ; elapsed = 00:02:28 . Memory (MB): peak = 4629.086 ; gain = 715.512 ; free physical = 63534 ; free virtual = 91944
Phase 2.4 Global Placement Core | Checksum: 7f67c32a

Time (s): cpu = 00:02:44 ; elapsed = 00:02:41 . Memory (MB): peak = 4629.086 ; gain = 715.512 ; free physical = 63258 ; free virtual = 91668
Phase 2 Global Placement | Checksum: 7f67c32a

Time (s): cpu = 00:02:44 ; elapsed = 00:02:41 . Memory (MB): peak = 4629.086 ; gain = 715.512 ; free physical = 63258 ; free virtual = 91668

Phase 3 Detail Placement

Phase 3.1 Commit Multi Column Macros
Phase 3.1 Commit Multi Column Macros | Checksum: d8f5da96

Time (s): cpu = 00:02:50 ; elapsed = 00:02:46 . Memory (MB): peak = 4629.086 ; gain = 715.512 ; free physical = 63209 ; free virtual = 91620

Phase 3.2 Commit Most Macros & LUTRAMs
Phase 3.2 Commit Most Macros & LUTRAMs | Checksum: 1421ffa73

Time (s): cpu = 00:02:59 ; elapsed = 00:02:52 . Memory (MB): peak = 4629.086 ; gain = 715.512 ; free physical = 63287 ; free virtual = 91698

Phase 3.3 Small Shape DP

Phase 3.3.1 Small Shape Clustering
Phase 3.3.1 Small Shape Clustering | Checksum: e182e5bc

Time (s): cpu = 00:03:01 ; elapsed = 00:02:54 . Memory (MB): peak = 4629.086 ; gain = 715.512 ; free physical = 63295 ; free virtual = 91706

Phase 3.3.2 Flow Legalize Slice Clusters
Phase 3.3.2 Flow Legalize Slice Clusters | Checksum: b2a6edaa

Time (s): cpu = 00:03:01 ; elapsed = 00:02:55 . Memory (MB): peak = 4629.086 ; gain = 715.512 ; free physical = 63318 ; free virtual = 91729

Phase 3.3.3 Slice Area Swap

Phase 3.3.3.1 Slice Area Swap Initial
Phase 3.3.3.1 Slice Area Swap Initial | Checksum: 138f8b2e3

Time (s): cpu = 00:03:03 ; elapsed = 00:02:58 . Memory (MB): peak = 4629.086 ; gain = 715.512 ; free physical = 63317 ; free virtual = 91728
Phase 3.3.3 Slice Area Swap | Checksum: 138f8b2e3

Time (s): cpu = 00:03:03 ; elapsed = 00:02:58 . Memory (MB): peak = 4629.086 ; gain = 715.512 ; free physical = 63317 ; free virtual = 91728
Phase 3.3 Small Shape DP | Checksum: 16d59de19

Time (s): cpu = 00:03:11 ; elapsed = 00:03:02 . Memory (MB): peak = 4629.086 ; gain = 715.512 ; free physical = 63280 ; free virtual = 91691

Phase 3.4 Re-assign LUT pins
Phase 3.4 Re-assign LUT pins | Checksum: 179457ce1

Time (s): cpu = 00:03:13 ; elapsed = 00:03:04 . Memory (MB): peak = 4629.086 ; gain = 715.512 ; free physical = 63319 ; free virtual = 91730

Phase 3.5 Pipeline Register Optimization
Phase 3.5 Pipeline Register Optimization | Checksum: f12ca659

Time (s): cpu = 00:03:14 ; elapsed = 00:03:04 . Memory (MB): peak = 4629.086 ; gain = 715.512 ; free physical = 63343 ; free virtual = 91754
Phase 3 Detail Placement | Checksum: f12ca659

Time (s): cpu = 00:03:14 ; elapsed = 00:03:05 . Memory (MB): peak = 4629.086 ; gain = 715.512 ; free physical = 63343 ; free virtual = 91754

Phase 4 Post Placement Optimization and Clean-Up

Phase 4.1 Post Commit Optimization
INFO: [Timing 38-35] Done setting XDC timing constraints.

Phase 4.1.1 Post Placement Optimization
Post Placement Optimization Initialization | Checksum: 12f0dc9dc

Phase 4.1.1.1 BUFG Insertion

Starting Physical Synthesis Task

Phase 1 Physical Synthesis Initialization
INFO: [Physopt 32-721] Multithreading enabled for phys_opt_design using a maximum of 8 CPUs
INFO: [Physopt 32-619] Estimated Timing Summary | WNS=6.586 | TNS=0.000 |
Phase 1 Physical Synthesis Initialization | Checksum: 1db56ef2f

Time (s): cpu = 00:00:02 ; elapsed = 00:00:00.76 . Memory (MB): peak = 4629.086 ; gain = 0.000 ; free physical = 63283 ; free virtual = 91694
INFO: [Place 46-56] BUFG insertion identified 0 candidate nets. Inserted BUFG: 0, Replicated BUFG Driver: 0, Skipped due to Placement/Routing Conflicts: 0, Skipped due to Timing Degradation: 0, Skipped due to Illegal Netlist: 0.
Ending Physical Synthesis Task | Checksum: 148cb913a

Time (s): cpu = 00:00:03 ; elapsed = 00:00:01 . Memory (MB): peak = 4629.086 ; gain = 0.000 ; free physical = 63276 ; free virtual = 91687
Phase 4.1.1.1 BUFG Insertion | Checksum: 12f0dc9dc

Time (s): cpu = 00:03:43 ; elapsed = 00:03:17 . Memory (MB): peak = 4629.086 ; gain = 715.512 ; free physical = 63268 ; free virtual = 91679

Phase 4.1.1.2 Post Placement Timing Optimization
INFO: [Place 30-746] Post Placement Timing Summary WNS=6.586. For the most accurate timing information please run report_timing.
Phase 4.1.1.2 Post Placement Timing Optimization | Checksum: 12485b0ed

Time (s): cpu = 00:03:44 ; elapsed = 00:03:18 . Memory (MB): peak = 4629.086 ; gain = 715.512 ; free physical = 63271 ; free virtual = 91682

Time (s): cpu = 00:03:44 ; elapsed = 00:03:18 . Memory (MB): peak = 4629.086 ; gain = 715.512 ; free physical = 63271 ; free virtual = 91682
Phase 4.1 Post Commit Optimization | Checksum: 12485b0ed

Time (s): cpu = 00:03:44 ; elapsed = 00:03:18 . Memory (MB): peak = 4629.086 ; gain = 715.512 ; free physical = 63268 ; free virtual = 91679

Phase 4.2 Post Placement Cleanup
Phase 4.2 Post Placement Cleanup | Checksum: 12485b0ed

Time (s): cpu = 00:03:55 ; elapsed = 00:03:28 . Memory (MB): peak = 4722.086 ; gain = 808.512 ; free physical = 63391 ; free virtual = 91802

Phase 4.3 Placer Reporting

Phase 4.3.1 Print Estimated Congestion
INFO: [Place 30-612] Post-Placement Estimated Congestion 
 ________________________________________________________________________
|           | Global Congestion | Long Congestion   | Short Congestion  |
| Direction | Region Size       | Region Size       | Region Size       |
|___________|___________________|___________________|___________________|
|      North|                1x1|                1x1|                1x1|
|___________|___________________|___________________|___________________|
|      South|                1x1|                1x1|                1x1|
|___________|___________________|___________________|___________________|
|       East|                1x1|                1x1|                1x1|
|___________|___________________|___________________|___________________|
|       West|                1x1|                1x1|                1x1|
|___________|___________________|___________________|___________________|

Phase 4.3.1 Print Estimated Congestion | Checksum: 12485b0ed

Time (s): cpu = 00:03:55 ; elapsed = 00:03:29 . Memory (MB): peak = 4722.086 ; gain = 808.512 ; free physical = 63376 ; free virtual = 91787
Phase 4.3 Placer Reporting | Checksum: 12485b0ed

Time (s): cpu = 00:03:55 ; elapsed = 00:03:29 . Memory (MB): peak = 4722.086 ; gain = 808.512 ; free physical = 63362 ; free virtual = 91773

Phase 4.4 Final Placement Cleanup
Netlist sorting complete. Time (s): cpu = 00:00:00 ; elapsed = 00:00:00.01 . Memory (MB): peak = 4722.086 ; gain = 0.000 ; free physical = 63362 ; free virtual = 91773

Time (s): cpu = 00:03:55 ; elapsed = 00:03:29 . Memory (MB): peak = 4722.086 ; gain = 808.512 ; free physical = 63362 ; free virtual = 91773
Phase 4 Post Placement Optimization and Clean-Up | Checksum: 1afbced56

Time (s): cpu = 00:03:55 ; elapsed = 00:03:30 . Memory (MB): peak = 4722.086 ; gain = 808.512 ; free physical = 63354 ; free virtual = 91765
Ending Placer Task | Checksum: f1fc2ecc

Time (s): cpu = 00:03:56 ; elapsed = 00:03:30 . Memory (MB): peak = 4722.086 ; gain = 808.512 ; free physical = 63353 ; free virtual = 91764
INFO: [Common 17-83] Releasing license: Implementation
73 Infos, 0 Warnings, 0 Critical Warnings and 0 Errors encountered.
place_design completed successfully
place_design: Time (s): cpu = 00:04:01 ; elapsed = 00:03:32 . Memory (MB): peak = 4722.086 ; gain = 808.512 ; free physical = 63358 ; free virtual = 91769
INFO: [Timing 38-480] Writing timing data to binary archive.
Writing XDEF routing.
Writing XDEF routing logical nets.
Writing XDEF routing special nets.
Write XDEF Complete: Time (s): cpu = 00:00:08 ; elapsed = 00:00:06 . Memory (MB): peak = 4722.086 ; gain = 0.000 ; free physical = 63487 ; free virtual = 91941
INFO: [Common 17-1381] The checkpoint '/home/thelegendiv/finn/notebooks/enet/finn_build_tmp/S12_dense_256_u4_analytical_v2_ft15ep_int6_fps250_lat200/GenericPartition_2/synth_out_of_context_s4n9ls1z/results_GenericPartition_2_wrapper/vivadocompile/vivadocompile.runs/impl_1/GenericPartition_2_wrapper_placed.dcp' has been generated.
write_checkpoint: Time (s): cpu = 00:00:14 ; elapsed = 00:00:11 . Memory (MB): peak = 4722.086 ; gain = 0.000 ; free physical = 63538 ; free virtual = 91960
INFO: [runtcl-4] Executing : report_io -file GenericPartition_2_wrapper_io_placed.rpt
report_io: Time (s): cpu = 00:00:00.36 ; elapsed = 00:00:00.9 . Memory (MB): peak = 4722.086 ; gain = 0.000 ; free physical = 63491 ; free virtual = 91914
INFO: [runtcl-4] Executing : report_utilization -file GenericPartition_2_wrapper_utilization_placed.rpt -pb GenericPartition_2_wrapper_utilization_placed.pb
INFO: [runtcl-4] Executing : report_control_sets -verbose -file GenericPartition_2_wrapper_control_sets_placed.rpt
report_control_sets: Time (s): cpu = 00:00:00.31 ; elapsed = 00:00:00.62 . Memory (MB): peak = 4722.086 ; gain = 0.000 ; free physical = 63450 ; free virtual = 91873
Command: phys_opt_design
Attempting to get a license for feature 'Implementation' and/or device 'xczu7ev'
INFO: [Common 17-349] Got license for feature 'Implementation' and/or device 'xczu7ev'

Starting Initial Update Timing Task
WARNING: [Timing 38-242] The property HD.CLK_SRC of clock port "ap_clk" is not set. In out-of-context mode, this prevents timing estimation for clock delay/skew
Resolution: Set the HD.CLK_SRC property of the out-of-context port to the location of the clock buffer instance in the top-level design

Time (s): cpu = 00:00:18 ; elapsed = 00:00:07 . Memory (MB): peak = 4722.086 ; gain = 0.000 ; free physical = 63362 ; free virtual = 91785
INFO: [Vivado_Tcl 4-383] Design worst setup slack (WNS) is greater than or equal to 0.000 ns. Skipping all physical synthesis optimizations.
INFO: [Vivado_Tcl 4-232] No setup violation found. The netlist was not modified.
INFO: [Common 17-83] Releasing license: Implementation
82 Infos, 1 Warnings, 0 Critical Warnings and 0 Errors encountered.
phys_opt_design completed successfully
phys_opt_design: Time (s): cpu = 00:00:18 ; elapsed = 00:00:07 . Memory (MB): peak = 4722.086 ; gain = 0.000 ; free physical = 63362 ; free virtual = 91785
INFO: [Timing 38-480] Writing timing data to binary archive.
Writing XDEF routing.
Writing XDEF routing logical nets.
Writing XDEF routing special nets.
Write XDEF Complete: Time (s): cpu = 00:00:07 ; elapsed = 00:00:04 . Memory (MB): peak = 4722.086 ; gain = 0.000 ; free physical = 63337 ; free virtual = 91803
INFO: [Common 17-1381] The checkpoint '/home/thelegendiv/finn/notebooks/enet/finn_build_tmp/S12_dense_256_u4_analytical_v2_ft15ep_int6_fps250_lat200/GenericPartition_2/synth_out_of_context_s4n9ls1z/results_GenericPartition_2_wrapper/vivadocompile/vivadocompile.runs/impl_1/GenericPartition_2_wrapper_physopt.dcp' has been generated.
write_checkpoint: Time (s): cpu = 00:00:09 ; elapsed = 00:00:06 . Memory (MB): peak = 4722.086 ; gain = 0.000 ; free physical = 63380 ; free virtual = 91814
Command: route_design
Attempting to get a license for feature 'Implementation' and/or device 'xczu7ev'
INFO: [Common 17-349] Got license for feature 'Implementation' and/or device 'xczu7ev'
Running DRC as a precondition to command route_design
INFO: [DRC 23-27] Running DRC with 8 threads
INFO: [Vivado_Tcl 4-198] DRC finished with 0 Errors
INFO: [Vivado_Tcl 4-199] Please refer to the DRC report (report_drc) for more information.


Starting Routing Task
INFO: [Route 35-254] Multithreading enabled for route_design using a maximum of 8 CPUs

Phase 1 Build RT Design
Checksum: PlaceDB: 35bd7984 ConstDB: 0 ShapeSum: bc3eb548 RouteDB: 0
Nodegraph reading from file.  Time (s): cpu = 00:00:01 ; elapsed = 00:00:02 . Memory (MB): peak = 4722.086 ; gain = 0.000 ; free physical = 63364 ; free virtual = 91799
WARNING: [Route 35-197] Clock port "ap_clk" does not have an associated HD.CLK_SRC. Without this constraint, timing analysis may not be accurate and upstream checks cannot be done to ensure correct clock placement.
WARNING: [Route 35-198] Port "ap_rst_n" does not have an associated HD.PARTPIN_LOCS, which will prevent the partial routing of the signal "ap_rst_n". Without this partial route, timing analysis to/from this port will not be accurate, and no routing information for this port can be exported.
WARNING: [Route 35-198] Port "m_axis_0_tready" does not have an associated HD.PARTPIN_LOCS, which will prevent the partial routing of the signal "m_axis_0_tready". Without this partial route, timing analysis to/from this port will not be accurate, and no routing information for this port can be exported.
WARNING: [Route 35-198] Port "s_axis_0_tdata[0]" does not have an associated HD.PARTPIN_LOCS, which will prevent the partial routing of the signal "s_axis_0_tdata[0]". Without this partial route, timing analysis to/from this port will not be accurate, and no routing information for this port can be exported.
WARNING: [Route 35-198] Port "s_axis_0_tdata[3]" does not have an associated HD.PARTPIN_LOCS, which will prevent the partial routing of the signal "s_axis_0_tdata[3]". Without this partial route, timing analysis to/from this port will not be accurate, and no routing information for this port can be exported.
WARNING: [Route 35-198] Port "s_axis_0_tvalid" does not have an associated HD.PARTPIN_LOCS, which will prevent the partial routing of the signal "s_axis_0_tvalid". Without this partial route, timing analysis to/from this port will not be accurate, and no routing information for this port can be exported.
WARNING: [Route 35-198] Port "s_axis_0_tdata[2]" does not have an associated HD.PARTPIN_LOCS, which will prevent the partial routing of the signal "s_axis_0_tdata[2]". Without this partial route, timing analysis to/from this port will not be accurate, and no routing information for this port can be exported.
WARNING: [Route 35-198] Port "s_axis_0_tdata[1]" does not have an associated HD.PARTPIN_LOCS, which will prevent the partial routing of the signal "s_axis_0_tdata[1]". Without this partial route, timing analysis to/from this port will not be accurate, and no routing information for this port can be exported.
WARNING: [Route 35-198] Port "s_axis_0_tdata[4]" does not have an associated HD.PARTPIN_LOCS, which will prevent the partial routing of the signal "s_axis_0_tdata[4]". Without this partial route, timing analysis to/from this port will not be accurate, and no routing information for this port can be exported.
WARNING: [Route 35-198] Port "s_axis_0_tdata[5]" does not have an associated HD.PARTPIN_LOCS, which will prevent the partial routing of the signal "s_axis_0_tdata[5]". Without this partial route, timing analysis to/from this port will not be accurate, and no routing information for this port can be exported.
WARNING: [Route 35-198] Port "s_axis_0_tdata[6]" does not have an associated HD.PARTPIN_LOCS, which will prevent the partial routing of the signal "s_axis_0_tdata[6]". Without this partial route, timing analysis to/from this port will not be accurate, and no routing information for this port can be exported.
Post Restoration Checksum: NetGraph: deb95841 NumContArr: 114477a8 Constraints: 0 Timing: 0
Phase 1 Build RT Design | Checksum: effdcfe9

Time (s): cpu = 00:00:31 ; elapsed = 00:00:19 . Memory (MB): peak = 4722.086 ; gain = 0.000 ; free physical = 63274 ; free virtual = 91709

Phase 2 Router Initialization

Phase 2.1 Fix Topology Constraints
Phase 2.1 Fix Topology Constraints | Checksum: effdcfe9

Time (s): cpu = 00:00:32 ; elapsed = 00:00:19 . Memory (MB): peak = 4722.086 ; gain = 0.000 ; free physical = 63293 ; free virtual = 91728

Phase 2.2 Pre Route Cleanup
Phase 2.2 Pre Route Cleanup | Checksum: effdcfe9

Time (s): cpu = 00:00:32 ; elapsed = 00:00:20 . Memory (MB): peak = 4722.086 ; gain = 0.000 ; free physical = 63289 ; free virtual = 91724

Phase 2.3 Global Clock Net Routing
Phase 2.3 Global Clock Net Routing | Checksum: effdcfe9

Time (s): cpu = 00:00:34 ; elapsed = 00:00:21 . Memory (MB): peak = 4722.086 ; gain = 0.000 ; free physical = 63294 ; free virtual = 91729

Phase 2.4 Update Timing
Phase 2.4 Update Timing | Checksum: 16aeade70

Time (s): cpu = 00:00:43 ; elapsed = 00:00:25 . Memory (MB): peak = 4722.086 ; gain = 0.000 ; free physical = 63366 ; free virtual = 91801
INFO: [Route 35-416] Intermediate Timing Summary | WNS=6.722  | TNS=0.000  | WHS=-0.010 | THS=-0.708 |


Router Utilization Summary
  Global Vertical Routing Utilization    = 0 %
  Global Horizontal Routing Utilization  = 0 %
  Routable Net Status*
  *Does not include unroutable nets such as driverless and loadless.
  Run report_route_status for detailed report.
  Number of Failed Nets               = 22300
    (Failed Nets is the sum of unrouted and partially routed nets)
  Number of Unrouted Nets             = 17626
  Number of Partially Routed Nets     = 4674
  Number of Node Overlaps             = 0

Phase 2 Router Initialization | Checksum: fa9d9811

Time (s): cpu = 00:01:01 ; elapsed = 00:00:34 . Memory (MB): peak = 4745.438 ; gain = 23.352 ; free physical = 63429 ; free virtual = 91865

Phase 3 Initial Routing

Phase 3.1 Global Routing
Phase 3.1 Global Routing | Checksum: fa9d9811

Time (s): cpu = 00:01:02 ; elapsed = 00:00:34 . Memory (MB): peak = 4745.438 ; gain = 23.352 ; free physical = 63421 ; free virtual = 91857
Phase 3 Initial Routing | Checksum: 188fc593f

Time (s): cpu = 00:01:15 ; elapsed = 00:00:43 . Memory (MB): peak = 4745.438 ; gain = 23.352 ; free physical = 63352 ; free virtual = 91788

Phase 4 Rip-up And Reroute

Phase 4.1 Global Iteration 0
 Number of Nodes with overlaps = 4960
 Number of Nodes with overlaps = 317
 Number of Nodes with overlaps = 12
 Number of Nodes with overlaps = 7
 Number of Nodes with overlaps = 3
 Number of Nodes with overlaps = 2
 Number of Nodes with overlaps = 1
 Number of Nodes with overlaps = 1
 Number of Nodes with overlaps = 0
INFO: [Route 35-416] Intermediate Timing Summary | WNS=5.461  | TNS=0.000  | WHS=0.006  | THS=0.000  |

Phase 4.1 Global Iteration 0 | Checksum: 24019d7f6

Time (s): cpu = 00:02:29 ; elapsed = 00:01:49 . Memory (MB): peak = 4745.438 ; gain = 23.352 ; free physical = 63419 ; free virtual = 91855

Phase 4.2 Additional Iteration for Hold
Phase 4.2 Additional Iteration for Hold | Checksum: 1f5400587

Time (s): cpu = 00:02:29 ; elapsed = 00:01:50 . Memory (MB): peak = 4745.438 ; gain = 23.352 ; free physical = 63419 ; free virtual = 91855
Phase 4 Rip-up And Reroute | Checksum: 1f5400587

Time (s): cpu = 00:02:29 ; elapsed = 00:01:50 . Memory (MB): peak = 4745.438 ; gain = 23.352 ; free physical = 63419 ; free virtual = 91855

Phase 5 Delay and Skew Optimization

Phase 5.1 Delay CleanUp
Phase 5.1 Delay CleanUp | Checksum: 1f5400587

Time (s): cpu = 00:02:29 ; elapsed = 00:01:50 . Memory (MB): peak = 4745.438 ; gain = 23.352 ; free physical = 63417 ; free virtual = 91853

Phase 5.2 Clock Skew Optimization
Phase 5.2 Clock Skew Optimization | Checksum: 1f5400587

Time (s): cpu = 00:02:29 ; elapsed = 00:01:50 . Memory (MB): peak = 4745.438 ; gain = 23.352 ; free physical = 63412 ; free virtual = 91847
Phase 5 Delay and Skew Optimization | Checksum: 1f5400587

Time (s): cpu = 00:02:29 ; elapsed = 00:01:50 . Memory (MB): peak = 4745.438 ; gain = 23.352 ; free physical = 63420 ; free virtual = 91855

Phase 6 Post Hold Fix

Phase 6.1 Hold Fix Iter

Phase 6.1.1 Update Timing
Phase 6.1.1 Update Timing | Checksum: 1e222694d

Time (s): cpu = 00:02:39 ; elapsed = 00:01:57 . Memory (MB): peak = 4745.438 ; gain = 23.352 ; free physical = 63361 ; free virtual = 91797
INFO: [Route 35-416] Intermediate Timing Summary | WNS=5.461  | TNS=0.000  | WHS=0.006  | THS=0.000  |

Phase 6.1 Hold Fix Iter | Checksum: 1e1102e40

Time (s): cpu = 00:02:39 ; elapsed = 00:01:57 . Memory (MB): peak = 4745.438 ; gain = 23.352 ; free physical = 63412 ; free virtual = 91848
Phase 6 Post Hold Fix | Checksum: 1e1102e40

Time (s): cpu = 00:02:40 ; elapsed = 00:01:57 . Memory (MB): peak = 4745.438 ; gain = 23.352 ; free physical = 63461 ; free virtual = 91897

Phase 7 Route finalize

Router Utilization Summary
  Global Vertical Routing Utilization    = 0.830551 %
  Global Horizontal Routing Utilization  = 1.11363 %
  Routable Net Status*
  *Does not include unroutable nets such as driverless and loadless.
  Run report_route_status for detailed report.
  Number of Failed Nets               = 0
    (Failed Nets is the sum of unrouted and partially routed nets)
  Number of Unrouted Nets             = 0
  Number of Partially Routed Nets     = 0
  Number of Node Overlaps             = 0

Phase 7 Route finalize | Checksum: 19589c84d

Time (s): cpu = 00:02:41 ; elapsed = 00:01:58 . Memory (MB): peak = 4745.438 ; gain = 23.352 ; free physical = 63453 ; free virtual = 91889

Phase 8 Verifying routed nets

 Verification completed successfully
Phase 8 Verifying routed nets | Checksum: 19589c84d

Time (s): cpu = 00:02:41 ; elapsed = 00:01:58 . Memory (MB): peak = 4745.438 ; gain = 23.352 ; free physical = 63453 ; free virtual = 91889

Phase 9 Depositing Routes
Phase 9 Depositing Routes | Checksum: 19589c84d

Time (s): cpu = 00:02:44 ; elapsed = 00:02:01 . Memory (MB): peak = 4761.445 ; gain = 39.359 ; free physical = 63437 ; free virtual = 91873

Phase 10 Resolve XTalk
Phase 10 Resolve XTalk | Checksum: 19589c84d

Time (s): cpu = 00:02:44 ; elapsed = 00:02:01 . Memory (MB): peak = 4761.445 ; gain = 39.359 ; free physical = 63424 ; free virtual = 91860

Phase 11 Post Router Timing
INFO: [Route 35-57] Estimated Timing Summary | WNS=5.461  | TNS=0.000  | WHS=0.006  | THS=0.000  |

INFO: [Route 35-327] The final timing numbers are based on the router estimated timing analysis. For a complete and accurate timing signoff, please run report_timing_summary.
Phase 11 Post Router Timing | Checksum: 19589c84d

Time (s): cpu = 00:02:47 ; elapsed = 00:02:02 . Memory (MB): peak = 4761.445 ; gain = 39.359 ; free physical = 63425 ; free virtual = 91860
INFO: [Route 35-16] Router Completed Successfully

Time (s): cpu = 00:02:47 ; elapsed = 00:02:03 . Memory (MB): peak = 4761.445 ; gain = 39.359 ; free physical = 63417 ; free virtual = 91852

Routing Is Done.
INFO: [Common 17-83] Releasing license: Implementation
96 Infos, 12 Warnings, 0 Critical Warnings and 0 Errors encountered.
route_design completed successfully
route_design: Time (s): cpu = 00:02:54 ; elapsed = 00:02:06 . Memory (MB): peak = 4761.445 ; gain = 39.359 ; free physical = 63417 ; free virtual = 91852
INFO: [Timing 38-480] Writing timing data to binary archive.
Writing XDEF routing.
Writing XDEF routing logical nets.
Writing XDEF routing special nets.
Write XDEF Complete: Time (s): cpu = 00:00:08 ; elapsed = 00:00:05 . Memory (MB): peak = 4761.445 ; gain = 0.000 ; free physical = 63445 ; free virtual = 91928
INFO: [Common 17-1381] The checkpoint '/home/thelegendiv/finn/notebooks/enet/finn_build_tmp/S12_dense_256_u4_analytical_v2_ft15ep_int6_fps250_lat200/GenericPartition_2/synth_out_of_context_s4n9ls1z/results_GenericPartition_2_wrapper/vivadocompile/vivadocompile.runs/impl_1/GenericPartition_2_wrapper_routed.dcp' has been generated.
write_checkpoint: Time (s): cpu = 00:00:17 ; elapsed = 00:00:12 . Memory (MB): peak = 4769.449 ; gain = 8.004 ; free physical = 63554 ; free virtual = 92004
INFO: [runtcl-4] Executing : report_drc -file GenericPartition_2_wrapper_drc_routed.rpt -pb GenericPartition_2_wrapper_drc_routed.pb -rpx GenericPartition_2_wrapper_drc_routed.rpx
Command: report_drc -file GenericPartition_2_wrapper_drc_routed.rpt -pb GenericPartition_2_wrapper_drc_routed.pb -rpx GenericPartition_2_wrapper_drc_routed.rpx
INFO: [IP_Flow 19-1839] IP Catalog is up to date.
INFO: [DRC 23-27] Running DRC with 8 threads
INFO: [Vivado_Tcl 2-168] The results of DRC are in file /home/thelegendiv/finn/notebooks/enet/finn_build_tmp/S12_dense_256_u4_analytical_v2_ft15ep_int6_fps250_lat200/GenericPartition_2/synth_out_of_context_s4n9ls1z/results_GenericPartition_2_wrapper/vivadocompile/vivadocompile.runs/impl_1/GenericPartition_2_wrapper_drc_routed.rpt.
report_drc completed successfully
INFO: [runtcl-4] Executing : report_methodology -file GenericPartition_2_wrapper_methodology_drc_routed.rpt -pb GenericPartition_2_wrapper_methodology_drc_routed.pb -rpx GenericPartition_2_wrapper_methodology_drc_routed.rpx
Command: report_methodology -file GenericPartition_2_wrapper_methodology_drc_routed.rpt -pb GenericPartition_2_wrapper_methodology_drc_routed.pb -rpx GenericPartition_2_wrapper_methodology_drc_routed.rpx
INFO: [Timing 38-35] Done setting XDC timing constraints.
WARNING: [Timing 38-242] The property HD.CLK_SRC of clock port "ap_clk" is not set. In out-of-context mode, this prevents timing estimation for clock delay/skew
Resolution: Set the HD.CLK_SRC property of the out-of-context port to the location of the clock buffer instance in the top-level design
INFO: [DRC 23-133] Running Methodology with 8 threads
INFO: [Vivado_Tcl 2-1520] The results of Report Methodology are in file /home/thelegendiv/finn/notebooks/enet/finn_build_tmp/S12_dense_256_u4_analytical_v2_ft15ep_int6_fps250_lat200/GenericPartition_2/synth_out_of_context_s4n9ls1z/results_GenericPartition_2_wrapper/vivadocompile/vivadocompile.runs/impl_1/GenericPartition_2_wrapper_methodology_drc_routed.rpt.
report_methodology completed successfully
report_methodology: Time (s): cpu = 00:00:34 ; elapsed = 00:00:15 . Memory (MB): peak = 4777.453 ; gain = 0.000 ; free physical = 63515 ; free virtual = 91965
INFO: [runtcl-4] Executing : report_power -file GenericPartition_2_wrapper_power_routed.rpt -pb GenericPartition_2_wrapper_power_summary_routed.pb -rpx GenericPartition_2_wrapper_power_routed.rpx
Command: report_power -file GenericPartition_2_wrapper_power_routed.rpt -pb GenericPartition_2_wrapper_power_summary_routed.pb -rpx GenericPartition_2_wrapper_power_routed.rpx
INFO: [Timing 38-35] Done setting XDC timing constraints.
Running Vector-less Activity Propagation...

Finished Running Vector-less Activity Propagation
108 Infos, 13 Warnings, 0 Critical Warnings and 0 Errors encountered.
report_power completed successfully
report_power: Time (s): cpu = 00:00:25 ; elapsed = 00:00:20 . Memory (MB): peak = 4793.461 ; gain = 16.008 ; free physical = 63536 ; free virtual = 91997
INFO: [runtcl-4] Executing : report_route_status -file GenericPartition_2_wrapper_route_status.rpt -pb GenericPartition_2_wrapper_route_status.pb
INFO: [runtcl-4] Executing : report_timing_summary -max_paths 10 -report_unconstrained -file GenericPartition_2_wrapper_timing_summary_routed.rpt -pb GenericPartition_2_wrapper_timing_summary_routed.pb -rpx GenericPartition_2_wrapper_timing_summary_routed.rpx -warn_on_violation 
INFO: [Timing 38-91] UpdateTimingParams: Speed grade: -2, Temperature grade: E, Delay Type: min_max.
INFO: [Timing 38-191] Multithreading enabled for timing update using a maximum of 8 CPUs
INFO: [runtcl-4] Executing : report_incremental_reuse -file GenericPartition_2_wrapper_incremental_reuse_routed.rpt
INFO: [Vivado_Tcl 4-1062] Incremental flow is disabled. No incremental reuse Info to report.
INFO: [runtcl-4] Executing : report_clock_utilization -file GenericPartition_2_wrapper_clock_utilization_routed.rpt
report_clock_utilization: Time (s): cpu = 00:00:05 ; elapsed = 00:00:05 . Memory (MB): peak = 4793.461 ; gain = 0.000 ; free physical = 63664 ; free virtual = 92126
INFO: [runtcl-4] Executing : report_bus_skew -warn_on_violation -file GenericPartition_2_wrapper_bus_skew_routed.rpt -pb GenericPartition_2_wrapper_bus_skew_routed.pb -rpx GenericPartition_2_wrapper_bus_skew_routed.rpx
INFO: [Timing 38-91] UpdateTimingParams: Speed grade: -2, Temperature grade: E, Delay Type: min_max.
INFO: [Timing 38-191] Multithreading enabled for timing update using a maximum of 8 CPUs
INFO: [Common 17-206] Exiting Vivado at Thu Oct  8 06:05:51 2026...
[Thu Oct  8 06:05:56 2026] impl_1 finished
wait_on_runs: Time (s): cpu = 00:06:34 ; elapsed = 00:16:59 . Memory (MB): peak = 1314.746 ; gain = 0.000 ; free physical = 66358 ; free virtual = 94820
# open_run impl_1
INFO: [Device 21-403] Loading part xczu7ev-ffvc1156-2-e
Netlist sorting complete. Time (s): cpu = 00:00:00.21 ; elapsed = 00:00:00.27 . Memory (MB): peak = 2320.793 ; gain = 0.000 ; free physical = 65885 ; free virtual = 94348
INFO: [Netlist 29-17] Analyzing 2946 Unisim elements for replacement
INFO: [Netlist 29-28] Unisim Transformation completed in 4 CPU seconds
INFO: [Project 1-479] Netlist was created with Vivado 2022.2
INFO: [Project 1-570] Preparing netlist for logic optimization
INFO: [Timing 38-478] Restoring timing data from binary archive.
INFO: [Timing 38-479] Binary timing data restore complete.
INFO: [Project 1-856] Restoring constraints from binary archive.
INFO: [Project 1-853] Binary constraint restore complete.
Reading XDEF placement.
Reading placer database...
Reading XDEF routing.
Read XDEF Files: Time (s): cpu = 00:00:05 ; elapsed = 00:00:06 . Memory (MB): peak = 2863.441 ; gain = 20.938 ; free physical = 65312 ; free virtual = 93774
Restored from archive | CPU: 4.950000 secs | Memory: 37.139061 MB |
Finished XDEF File Restore: Time (s): cpu = 00:00:05 ; elapsed = 00:00:06 . Memory (MB): peak = 2863.441 ; gain = 20.938 ; free physical = 65312 ; free virtual = 93774
Netlist sorting complete. Time (s): cpu = 00:00:00 ; elapsed = 00:00:00.01 . Memory (MB): peak = 3265.863 ; gain = 0.000 ; free physical = 64819 ; free virtual = 93282
INFO: [Project 1-111] Unisim Transformation Summary:
  A total of 866 instances were transformed.
  DSP48E1 => DSP48E2 (inverted pins: OPMODE[5], RSTD, RSTM, RSTP) (DSP_ALU, DSP_A_B_DATA, DSP_C_DATA, DSP_MULTIPLIER, DSP_M_DATA, DSP_OUTPUT, DSP_PREADD, DSP_PREADD_DATA): 40 instances
  RAM128X1S => RAM128X1S (MUXF7, RAMS64E(x2)): 240 instances
  RAM16X1S => RAM32X1S (RAMS32): 118 instances
  RAM32M16 => RAM32M16 (RAMD32(x14), RAMS32(x2)): 20 instances
  RAM64M => RAM64M (RAMD64E(x4)): 112 instances
  RAM64M8 => RAM64M8 (RAMD64E(x8)): 336 instances

open_run: Time (s): cpu = 00:00:45 ; elapsed = 00:00:57 . Memory (MB): peak = 3265.863 ; gain = 1951.117 ; free physical = 64819 ; free virtual = 93282
# report_utilization
Copyright 1986-2022 Xilinx, Inc. All Rights Reserved.
------------------------------------------------------------------------------------
| Tool Version : Vivado v.2022.2 (lin64) Build 3671981 Fri Oct 14 04:59:54 MDT 2022
| Date         : Thu Oct  8 06:06:54 2026
| Host         : finn_dev_thelegendiv running 64-bit Ubuntu 22.04.1 LTS
| Command      : report_utilization
| Design       : GenericPartition_2_wrapper
| Device       : xczu7ev-ffvc1156-2-e
| Speed File   : -2
| Design State : Routed
------------------------------------------------------------------------------------

Utilization Design Information

Table of Contents
-----------------
1. CLB Logic
1.1 Summary of Registers by Type
2. CLB Logic Distribution
3. BLOCKRAM
4. ARITHMETIC
5. I/O
6. CLOCK
7. ADVANCED
8. CONFIGURATION
9. Primitives
10. Black Boxes
11. Instantiated Netlists

1. CLB Logic
------------

+----------------------------+-------+-------+------------+-----------+-------+
|          Site Type         |  Used | Fixed | Prohibited | Available | Util% |
+----------------------------+-------+-------+------------+-----------+-------+
| CLB LUTs                   | 15676 |     0 |          0 |    230400 |  6.80 |
|   LUT as Logic             | 10822 |     0 |          0 |    230400 |  4.70 |
|   LUT as Memory            |  4854 |     0 |          0 |    101760 |  4.77 |
|     LUT as Distributed RAM |  3835 |     0 |            |           |       |
|     LUT as Shift Register  |  1019 |     0 |            |           |       |
| CLB Registers              | 14066 |     0 |          0 |    460800 |  3.05 |
|   Register as Flip Flop    | 14066 |     0 |          0 |    460800 |  3.05 |
|   Register as Latch        |     0 |     0 |          0 |    460800 |  0.00 |
| CARRY8                     |   222 |     0 |          0 |     28800 |  0.77 |
| F7 Muxes                   |  1642 |     0 |          0 |    115200 |  1.43 |
| F8 Muxes                   |   456 |     0 |          0 |     57600 |  0.79 |
| F9 Muxes                   |     0 |     0 |          0 |     28800 |  0.00 |
+----------------------------+-------+-------+------------+-----------+-------+
* Warning! LUT value is adjusted to account for LUT combining.


1.1 Summary of Registers by Type
--------------------------------

+-------+--------------+-------------+--------------+
| Total | Clock Enable | Synchronous | Asynchronous |
+-------+--------------+-------------+--------------+
| 0     |            _ |           - |            - |
| 0     |            _ |           - |          Set |
| 0     |            _ |           - |        Reset |
| 0     |            _ |         Set |            - |
| 0     |            _ |       Reset |            - |
| 0     |          Yes |           - |            - |
| 0     |          Yes |           - |          Set |
| 0     |          Yes |           - |        Reset |
| 535   |          Yes |         Set |            - |
| 13531 |          Yes |       Reset |            - |
+-------+--------------+-------------+--------------+


2. CLB Logic Distribution
-------------------------

+--------------------------------------------+-------+-------+------------+-----------+-------+
|                  Site Type                 |  Used | Fixed | Prohibited | Available | Util% |
+--------------------------------------------+-------+-------+------------+-----------+-------+
| CLB                                        |  3336 |     0 |          0 |     28800 | 11.58 |
|   CLBL                                     |  1565 |     0 |            |           |       |
|   CLBM                                     |  1771 |     0 |            |           |       |
| LUT as Logic                               | 10822 |     0 |          0 |    230400 |  4.70 |
|   using O5 output only                     |   693 |       |            |           |       |
|   using O6 output only                     |  8471 |       |            |           |       |
|   using O5 and O6                          |  1658 |       |            |           |       |
| LUT as Memory                              |  4854 |     0 |          0 |    101760 |  4.77 |
|   LUT as Distributed RAM                   |  3835 |     0 |            |           |       |
|     using O5 output only                   |     0 |       |            |           |       |
|     using O6 output only                   |  3616 |       |            |           |       |
|     using O5 and O6                        |   219 |       |            |           |       |
|   LUT as Shift Register                    |  1019 |     0 |            |           |       |
|     using O5 output only                   |     0 |       |            |           |       |
|     using O6 output only                   |  1011 |       |            |           |       |
|     using O5 and O6                        |     8 |       |            |           |       |
| CLB Registers                              | 14066 |     0 |          0 |    460800 |  3.05 |
|   Register driven from within the CLB      |  6654 |       |            |           |       |
|   Register driven from outside the CLB     |  7412 |       |            |           |       |
|     LUT in front of the register is unused |  6459 |       |            |           |       |
|     LUT in front of the register is used   |   953 |       |            |           |       |
| Unique Control Sets                        |   726 |       |          0 |     57600 |  1.26 |
+--------------------------------------------+-------+-------+------------+-----------+-------+
* * Note: Available Control Sets calculated as Slices * 2, Review the Control Sets Report for more information regarding control sets.


3. BLOCKRAM
-----------

+-------------------+------+-------+------------+-----------+-------+
|     Site Type     | Used | Fixed | Prohibited | Available | Util% |
+-------------------+------+-------+------------+-----------+-------+
| Block RAM Tile    | 14.5 |     0 |          0 |       312 |  4.65 |
|   RAMB36/FIFO*    |    6 |     0 |          0 |       312 |  1.92 |
|     RAMB36E2 only |    6 |       |            |           |       |
|   RAMB18          |   17 |     0 |          0 |       624 |  2.72 |
|     RAMB18E2 only |   17 |       |            |           |       |
| URAM              |    0 |     0 |          0 |        96 |  0.00 |
+-------------------+------+-------+------------+-----------+-------+
* Note: Each Block RAM Tile only has one FIFO logic available and therefore can accommodate only one FIFO36E2 or one FIFO18E2. However, if a FIFO18E2 occupies a Block RAM Tile, that tile can still accommodate a RAMB18E2


4. ARITHMETIC
-------------

+----------------+------+-------+------------+-----------+-------+
|    Site Type   | Used | Fixed | Prohibited | Available | Util% |
+----------------+------+-------+------------+-----------+-------+
| DSPs           |   40 |     0 |          0 |      1728 |  2.31 |
|   DSP48E2 only |   40 |       |            |           |       |
+----------------+------+-------+------------+-----------+-------+


5. I/O
------

+------------------+------+-------+------------+-----------+-------+
|     Site Type    | Used | Fixed | Prohibited | Available | Util% |
+------------------+------+-------+------------+-----------+-------+
| Bonded IOB       |    0 |     0 |          0 |       360 |  0.00 |
| HPIOB_M          |    0 |     0 |          0 |       144 |  0.00 |
| HPIOB_S          |    0 |     0 |          0 |       144 |  0.00 |
| HDIOB_M          |    0 |     0 |          0 |        24 |  0.00 |
| HDIOB_S          |    0 |     0 |          0 |        24 |  0.00 |
| HPIOB_SNGL       |    0 |     0 |          0 |        24 |  0.00 |
| HPIOBDIFFINBUF   |    0 |     0 |          0 |       192 |  0.00 |
| HPIOBDIFFOUTBUF  |    0 |     0 |          0 |       192 |  0.00 |
| HDIOBDIFFINBUF   |    0 |     0 |          0 |        48 |  0.00 |
| BITSLICE_CONTROL |    0 |     0 |          0 |        64 |  0.00 |
| BITSLICE_RX_TX   |    0 |     0 |          0 |      2496 |  0.00 |
| BITSLICE_TX      |    0 |     0 |          0 |        64 |  0.00 |
| RIU_OR           |    0 |     0 |          0 |        32 |  0.00 |
+------------------+------+-------+------------+-----------+-------+


6. CLOCK
--------

+----------------------+------+-------+------------+-----------+-------+
|       Site Type      | Used | Fixed | Prohibited | Available | Util% |
+----------------------+------+-------+------------+-----------+-------+
| GLOBAL CLOCK BUFFERs |    0 |     0 |          0 |       544 |  0.00 |
|   BUFGCE             |    0 |     0 |          0 |       208 |  0.00 |
|   BUFGCE_DIV         |    0 |     0 |          0 |        32 |  0.00 |
|   BUFG_GT            |    0 |     0 |          0 |       144 |  0.00 |
|   BUFG_PS            |    0 |     0 |          0 |        96 |  0.00 |
|   BUFGCTRL*          |    0 |     0 |          0 |        64 |  0.00 |
| PLL                  |    0 |     0 |          0 |        16 |  0.00 |
| MMCM                 |    0 |     0 |          0 |         8 |  0.00 |
+----------------------+------+-------+------------+-----------+-------+
* Note: Each used BUFGCTRL counts as two GLOBAL CLOCK BUFFERs. This table does not include global clocking resources, only buffer cell usage. See the Clock Utilization Report (report_clock_utilization) for detailed accounting of global clocking resource availability.


7. ADVANCED
-----------

+-----------------+------+-------+------------+-----------+-------+
|    Site Type    | Used | Fixed | Prohibited | Available | Util% |
+-----------------+------+-------+------------+-----------+-------+
| GTHE4_CHANNEL   |    0 |     0 |          0 |        20 |  0.00 |
| GTHE4_COMMON    |    0 |     0 |          0 |         5 |  0.00 |
| OBUFDS_GTE4     |    0 |     0 |          0 |        10 |  0.00 |
| OBUFDS_GTE4_ADV |    0 |     0 |          0 |        10 |  0.00 |
| PCIE40E4        |    0 |     0 |          0 |         2 |  0.00 |
| PS8             |    0 |     0 |          0 |         1 |  0.00 |
| SYSMONE4        |    0 |     0 |          0 |         1 |  0.00 |
| VCU             |    0 |     0 |          0 |         1 |  0.00 |
+-----------------+------+-------+------------+-----------+-------+


8. CONFIGURATION
----------------

+-------------+------+-------+------------+-----------+-------+
|  Site Type  | Used | Fixed | Prohibited | Available | Util% |
+-------------+------+-------+------------+-----------+-------+
| BSCANE2     |    0 |     0 |          0 |         4 |  0.00 |
| DNA_PORTE2  |    0 |     0 |          0 |         1 |  0.00 |
| EFUSE_USR   |    0 |     0 |          0 |         1 |  0.00 |
| FRAME_ECCE4 |    0 |     0 |          0 |         1 |  0.00 |
| ICAPE3      |    0 |     0 |          0 |         2 |  0.00 |
| MASTER_JTAG |    0 |     0 |          0 |         1 |  0.00 |
| STARTUPE3   |    0 |     0 |          0 |         1 |  0.00 |
+-------------+------+-------+------------+-----------+-------+


9. Primitives
-------------

+----------+-------+---------------------+
| Ref Name |  Used | Functional Category |
+----------+-------+---------------------+
| FDRE     | 13531 |            Register |
| LUT6     |  4415 |                 CLB |
| RAMD64E  |  3136 |                 CLB |
| LUT5     |  2556 |                 CLB |
| LUT4     |  2551 |                 CLB |
| MUXF7    |  1642 |                 CLB |
| LUT3     |  1506 |                 CLB |
| LUT2     |  1233 |                 CLB |
| SRLC32E  |   768 |                 CLB |
| FDSE     |   535 |            Register |
| RAMS64E  |   480 |                 CLB |
| MUXF8    |   456 |                 CLB |
| RAMD32   |   280 |                 CLB |
| SRL16E   |   259 |                 CLB |
| CARRY8   |   222 |                 CLB |
| LUT1     |   219 |                 CLB |
| RAMS32   |   158 |                 CLB |
| DSP48E2  |    40 |          Arithmetic |
| RAMB18E2 |    17 |            BLOCKRAM |
| RAMB36E2 |     6 |            BLOCKRAM |
+----------+-------+---------------------+


10. Black Boxes
---------------

+----------+------+
| Ref Name | Used |
+----------+------+


11. Instantiated Netlists
-------------------------

+----------+------+
| Ref Name | Used |
+----------+------+


# report_timing
INFO: [Timing 38-91] UpdateTimingParams: Speed grade: -2, Temperature grade: E, Delay Type: max.
INFO: [Timing 38-191] Multithreading enabled for timing update using a maximum of 8 CPUs
WARNING: [Timing 38-242] The property HD.CLK_SRC of clock port "ap_clk" is not set. In out-of-context mode, this prevents timing estimation for clock delay/skew
Resolution: Set the HD.CLK_SRC property of the out-of-context port to the location of the clock buffer instance in the top-level design
INFO: [Timing 38-78] ReportTimingParams: -max_paths 1 -nworst 1 -delay_type max -sort_by slack.
Copyright 1986-2022 Xilinx, Inc. All Rights Reserved.
-----------------------------------------------------------------------------------------
| Tool Version      : Vivado v.2022.2 (lin64) Build 3671981 Fri Oct 14 04:59:54 MDT 2022
| Date              : Thu Oct  8 06:07:01 2026
| Host              : finn_dev_thelegendiv running 64-bit Ubuntu 22.04.1 LTS
| Command           : report_timing
| Design            : GenericPartition_2_wrapper
| Device            : xczu7ev-ffvc1156
| Speed File        : -2  PRODUCTION 1.30 05-15-2022
| Temperature Grade : E
-----------------------------------------------------------------------------------------

Timing Report

Slack (MET) :             5.574ns  (required time - arrival time)
  Source:                 GenericPartition_2_i/GenericPartition_2_ConvolutionInputGenerator_rtl_3/inst/impl/Window_buffer_write_addr_reg_reg[0]_rep__0/C
                            (rising edge-triggered cell FDRE clocked by ap_clk  {rise@0.000ns fall@5.000ns period=10.000ns})
  Destination:            GenericPartition_2_i/GenericPartition_2_ConvolutionInputGenerator_rtl_3/inst/impl/window_buffer_inst/Ram_reg_1472_1535_0_6/RAMA/WADR0
                            (rising edge-triggered cell RAMD64E clocked by ap_clk  {rise@0.000ns fall@5.000ns period=10.000ns})
  Path Group:             ap_clk
  Path Type:              Setup (Max at Slow Process Corner)
  Requirement:            10.000ns  (ap_clk rise@10.000ns - ap_clk rise@0.000ns)
  Data Path Delay:        4.289ns  (logic 0.080ns (1.865%)  route 4.209ns (98.135%))
  Logic Levels:           0  
  Clock Path Skew:        0.015ns (DCD - SCD + CPR)
    Destination Clock Delay (DCD):    0.043ns = ( 10.043 - 10.000 ) 
    Source Clock Delay      (SCD):    0.028ns
    Clock Pessimism Removal (CPR):    0.000ns
  Clock Uncertainty:      0.035ns  ((TSJ^2 + TIJ^2)^1/2 + DJ) / 2 + PE
    Total System Jitter     (TSJ):    0.071ns
    Total Input Jitter      (TIJ):    0.000ns
    Discrete Jitter          (DJ):    0.000ns
    Phase Error              (PE):    0.000ns

    Location             Delay type                Incr(ns)  Path(ns)    Netlist Resource(s)
  -------------------------------------------------------------------    -------------------
                         (clock ap_clk rise edge)     0.000     0.000 r  
                                                      0.000     0.000 r  ap_clk (IN)
                         net (fo=19423, unset)        0.028     0.028    GenericPartition_2_i/GenericPartition_2_ConvolutionInputGenerator_rtl_3/inst/impl/ap_clk
    SLICE_X75Y241        FDRE                                         r  GenericPartition_2_i/GenericPartition_2_ConvolutionInputGenerator_rtl_3/inst/impl/Window_buffer_write_addr_reg_reg[0]_rep__0/C
  -------------------------------------------------------------------    -------------------
    SLICE_X75Y241        FDRE (Prop_CFF2_SLICEL_C_Q)
                                                      0.080     0.108 r  GenericPartition_2_i/GenericPartition_2_ConvolutionInputGenerator_rtl_3/inst/impl/Window_buffer_write_addr_reg_reg[0]_rep__0/Q
                         net (fo=813, routed)         4.209     4.317    GenericPartition_2_i/GenericPartition_2_ConvolutionInputGenerator_rtl_3/inst/impl/window_buffer_inst/Ram_reg_1472_1535_0_6/ADDRH0
    SLICE_X64Y214        RAMD64E                                      r  GenericPartition_2_i/GenericPartition_2_ConvolutionInputGenerator_rtl_3/inst/impl/window_buffer_inst/Ram_reg_1472_1535_0_6/RAMA/WADR0
  -------------------------------------------------------------------    -------------------

                         (clock ap_clk rise edge)    10.000    10.000 r  
                                                      0.000    10.000 r  ap_clk (IN)
                         net (fo=19423, unset)        0.043    10.043    GenericPartition_2_i/GenericPartition_2_ConvolutionInputGenerator_rtl_3/inst/impl/window_buffer_inst/Ram_reg_1472_1535_0_6/WCLK
    SLICE_X64Y214        RAMD64E                                      r  GenericPartition_2_i/GenericPartition_2_ConvolutionInputGenerator_rtl_3/inst/impl/window_buffer_inst/Ram_reg_1472_1535_0_6/RAMA/CLK
                         clock pessimism              0.000    10.043    
                         clock uncertainty           -0.035    10.008    
    SLICE_X64Y214        RAMD64E (Setup_A6LUT_SLICEM_CLK_WADR0)
                                                     -0.117     9.891    GenericPartition_2_i/GenericPartition_2_ConvolutionInputGenerator_rtl_3/inst/impl/window_buffer_inst/Ram_reg_1472_1535_0_6/RAMA
  -------------------------------------------------------------------
                         required time                          9.891    
                         arrival time                          -4.317    
  -------------------------------------------------------------------
                         slack                                  5.574    




report_timing: Time (s): cpu = 00:00:18 ; elapsed = 00:00:08 . Memory (MB): peak = 3346.547 ; gain = 80.684 ; free physical = 64737 ; free virtual = 93200
# report_power
Command: report_power
Running Vector-less Activity Propagation...

Finished Running Vector-less Activity Propagation
Copyright 1986-2022 Xilinx, Inc. All Rights Reserved.
----------------------------------------------------------------------------------------
| Tool Version     : Vivado v.2022.2 (lin64) Build 3671981 Fri Oct 14 04:59:54 MDT 2022
| Date             : Thu Oct  8 06:07:15 2026
| Host             : finn_dev_thelegendiv running 64-bit Ubuntu 22.04.1 LTS
| Command          : report_power
| Design           : GenericPartition_2_wrapper
| Device           : xczu7ev-ffvc1156-2-e
| Design State     : routed
| Grade            : extended
| Process          : typical
| Characterization : Production
----------------------------------------------------------------------------------------

Power Report

Table of Contents
-----------------
1. Summary
1.1 On-Chip Components
1.2 Power Supply Summary
1.3 Confidence Level
2. Settings
2.1 Environment
2.2 Clock Constraints
3. Detailed Reports
3.1 By Hierarchy

1. Summary
----------

+--------------------------+--------------+
| Total On-Chip Power (W)  | 0.771        |
| Design Power Budget (W)  | Unspecified* |
| Power Budget Margin (W)  | NA           |
| Dynamic (W)              | 0.178        |
| Device Static (W)        | 0.593        |
| Effective TJA (C/W)      | 1.0          |
| Max Ambient (C)          | 99.2         |
| Junction Temperature (C) | 25.8         |
| Confidence Level         | Medium       |
| Setting File             | ---          |
| Simulation Activity File | ---          |
| Design Nets Matched      | NA           |
+--------------------------+--------------+
* Specify Design Power Budget using, set_operating_conditions -design_power_budget <value in Watts>


1.1 On-Chip Components
----------------------

+--------------------------+-----------+----------+-----------+-----------------+
| On-Chip                  | Power (W) | Used     | Available | Utilization (%) |
+--------------------------+-----------+----------+-----------+-----------------+
| Clocks                   |     0.063 |        3 |       --- |             --- |
| CLB Logic                |     0.056 |    34576 |       --- |             --- |
|   LUT as Logic           |     0.031 |    10822 |    230400 |            4.70 |
|   LUT as Distributed RAM |     0.017 |     3835 |    101760 |            3.77 |
|   LUT as Shift Register  |     0.004 |     1019 |    101760 |            1.00 |
|   Register               |     0.004 |    14066 |    460800 |            3.05 |
|   CARRY8                 |    <0.001 |      222 |     28800 |            0.77 |
|   Others                 |     0.000 |      629 |       --- |             --- |
|   F7/F8 Muxes            |     0.000 |     2098 |    230400 |            0.91 |
| Signals                  |     0.039 |    22298 |       --- |             --- |
| Block RAM                |     0.015 |     14.5 |       312 |            4.65 |
| DSPs                     |     0.005 |       40 |      1728 |            2.31 |
| Static Power             |     0.593 |          |           |                 |
| Total                    |     0.771 |          |           |                 |
+--------------------------+-----------+----------+-----------+-----------------+


1.2 Power Supply Summary
------------------------

+-----------------+-------------+-----------+-------------+------------+-------------+-------------+------------+
| Source          | Voltage (V) | Total (A) | Dynamic (A) | Static (A) | Powerup (A) | Budget (A)  | Margin (A) |
+-----------------+-------------+-----------+-------------+------------+-------------+-------------+------------+
| Vccint          |       0.850 |     0.345 |       0.208 |      0.136 |       NA    | Unspecified | NA         |
| Vccint_io       |       0.850 |     0.070 |       0.000 |      0.070 |       NA    | Unspecified | NA         |
| Vccbram         |       0.850 |     0.003 |       0.002 |      0.002 |       NA    | Unspecified | NA         |
| Vccaux          |       1.800 |     0.148 |       0.000 |      0.148 |       NA    | Unspecified | NA         |
| Vccaux_io       |       1.800 |     0.055 |       0.000 |      0.055 |       NA    | Unspecified | NA         |
| Vcco33          |       3.300 |     0.000 |       0.000 |      0.000 |       NA    | Unspecified | NA         |
| Vcco25          |       2.500 |     0.000 |       0.000 |      0.000 |       NA    | Unspecified | NA         |
| Vcco18          |       1.800 |     0.000 |       0.000 |      0.000 |       NA    | Unspecified | NA         |
| Vcco15          |       1.500 |     0.000 |       0.000 |      0.000 |       NA    | Unspecified | NA         |
| Vcco135         |       1.350 |     0.000 |       0.000 |      0.000 |       NA    | Unspecified | NA         |
| Vcco12          |       1.200 |     0.000 |       0.000 |      0.000 |       NA    | Unspecified | NA         |
| Vcco10          |       1.000 |     0.000 |       0.000 |      0.000 |       NA    | Unspecified | NA         |
| Vccadc          |       1.800 |     0.008 |       0.000 |      0.008 |       NA    | Unspecified | NA         |
| VCC_PSINTFP     |       0.850 |     0.000 |       0.000 |      0.000 |       NA    | Unspecified | NA         |
| VCC_PSINTLP     |       0.850 |     0.005 |       0.000 |      0.005 |       NA    | Unspecified | NA         |
| VPS_MGTRAVCC    |       0.850 |     0.000 |       0.000 |      0.000 |       NA    | Unspecified | NA         |
| VCC_PSINTFP_DDR |       0.850 |     0.000 |       0.000 |      0.000 |       NA    | Unspecified | NA         |
| VCC_PSPLL       |       1.200 |     0.002 |       0.000 |      0.002 |       NA    | Unspecified | NA         |
| VPS_MGTRAVTT    |       1.800 |     0.000 |       0.000 |      0.000 |       NA    | Unspecified | NA         |
| VCCO_PSDDR_504  |       1.200 |     0.000 |       0.000 |      0.000 |       NA    | Unspecified | NA         |
| VCC_PSAUX       |       1.800 |     0.002 |       0.000 |      0.002 |       NA    | Unspecified | NA         |
| VCC_PSBATT      |       1.200 |     0.000 |       0.000 |      0.000 |       NA    | Unspecified | NA         |
| VCC_PSDDR_PLL   |       1.800 |     0.000 |       0.000 |      0.000 |       NA    | Unspecified | NA         |
| VCCO_PSIO0_500  |       3.300 |     0.000 |       0.000 |      0.000 |       NA    | Unspecified | NA         |
| VCCO_PSIO1_501  |       3.300 |     0.000 |       0.000 |      0.000 |       NA    | Unspecified | NA         |
| VCCO_PSIO2_502  |       3.300 |     0.000 |       0.000 |      0.000 |       NA    | Unspecified | NA         |
| VCCO_PSIO3_503  |       3.300 |     0.000 |       0.000 |      0.000 |       NA    | Unspecified | NA         |
| VCC_PSADC       |       1.800 |     0.002 |       0.000 |      0.002 |       NA    | Unspecified | NA         |
| VCCINT_VCU      |       0.900 |     0.025 |       0.000 |      0.025 |       NA    | Unspecified | NA         |
| MGTAVcc         |       0.900 |     0.000 |       0.000 |      0.000 |       NA    | Unspecified | NA         |
| MGTAVtt         |       1.200 |     0.000 |       0.000 |      0.000 |       NA    | Unspecified | NA         |
| MGTVccaux       |       1.800 |     0.000 |       0.000 |      0.000 |       NA    | Unspecified | NA         |
+-----------------+-------------+-----------+-------------+------------+-------------+-------------+------------+


1.3 Confidence Level
--------------------

+-----------------------------+------------+------------------------------------------------+------------------------------------------------------------------------------------------------------------+
| User Input Data             | Confidence | Details                                        | Action                                                                                                     |
+-----------------------------+------------+------------------------------------------------+------------------------------------------------------------------------------------------------------------+
| Design implementation state | High       | Design is routed                               |                                                                                                            |
| Clock nodes activity        | High       | User specified more than 95% of clocks         |                                                                                                            |
| I/O nodes activity          | High       | User specified more than 95% of inputs         |                                                                                                            |
| Internal nodes activity     | Medium     | User specified less than 25% of internal nodes | Provide missing internal nodes activity with simulation results or by editing the "By Resource Type" views |
| Device models               | High       | Device models are Production                   |                                                                                                            |
|                             |            |                                                |                                                                                                            |
| Overall confidence level    | Medium     |                                                |                                                                                                            |
+-----------------------------+------------+------------------------------------------------+------------------------------------------------------------------------------------------------------------+


2. Settings
-----------

2.1 Environment
---------------

+-----------------------+--------------------------+
| Ambient Temp (C)      | 25.0                     |
| ThetaJA (C/W)         | 1.0                      |
| Airflow (LFM)         | 250                      |
| Heat Sink             | medium (Medium Profile)  |
| ThetaSA (C/W)         | 1.5                      |
| Board Selection       | medium (10"x10")         |
| # of Board Layers     | 12to15 (12 to 15 Layers) |
| Board Temperature (C) | 25.0                     |
+-----------------------+--------------------------+


2.2 Clock Constraints
---------------------

+--------+--------+-----------------+
| Clock  | Domain | Constraint (ns) |
+--------+--------+-----------------+
| ap_clk | ap_clk |            10.0 |
+--------+--------+-----------------+


3. Detailed Reports
-------------------

3.1 By Hierarchy
----------------

+--------------------------------------------------------+-----------+
| Name                                                   | Power (W) |
+--------------------------------------------------------+-----------+
| GenericPartition_2_wrapper                             |     0.178 |
|   GenericPartition_2_i                                 |     0.178 |
|     GenericPartition_2_ConvolutionInputGenerator_rtl_0 |     0.002 |
|       inst                                             |     0.002 |
|     GenericPartition_2_ConvolutionInputGenerator_rtl_1 |     0.003 |
|       inst                                             |     0.003 |
|     GenericPartition_2_ConvolutionInputGenerator_rtl_2 |     0.005 |
|       inst                                             |     0.005 |
|     GenericPartition_2_ConvolutionInputGenerator_rtl_3 |     0.019 |
|       inst                                             |     0.019 |
|     GenericPartition_2_ConvolutionInputGenerator_rtl_4 |     0.002 |
|       inst                                             |     0.002 |
|     GenericPartition_2_MVAU_rtl_0                      |     0.002 |
|       GenericPartition_2_MVAU_rtl_0                    |     0.001 |
|     GenericPartition_2_MVAU_rtl_1                      |     0.005 |
|       GenericPartition_2_MVAU_rtl_1                    |     0.003 |
|       GenericPartition_2_MVAU_rtl_1_wstrm              |     0.002 |
|     GenericPartition_2_MVAU_rtl_10                     |     0.005 |
|       GenericPartition_2_MVAU_rtl_10                   |     0.003 |
|       GenericPartition_2_MVAU_rtl_10_wstrm             |     0.002 |
|     GenericPartition_2_MVAU_rtl_11                     |     0.002 |
|       GenericPartition_2_MVAU_rtl_11                   |     0.002 |
|     GenericPartition_2_MVAU_rtl_12                     |     0.002 |
|       GenericPartition_2_MVAU_rtl_12                   |     0.002 |
|     GenericPartition_2_MVAU_rtl_13                     |     0.005 |
|       GenericPartition_2_MVAU_rtl_13                   |     0.003 |
|       GenericPartition_2_MVAU_rtl_13_wstrm             |     0.002 |
|     GenericPartition_2_MVAU_rtl_14                     |     0.002 |
|       GenericPartition_2_MVAU_rtl_14                   |     0.001 |
|     GenericPartition_2_MVAU_rtl_2                      |     0.002 |
|       GenericPartition_2_MVAU_rtl_2                    |     0.001 |
|     GenericPartition_2_MVAU_rtl_3                      |     0.002 |
|       GenericPartition_2_MVAU_rtl_3                    |     0.001 |
|     GenericPartition_2_MVAU_rtl_4                      |     0.005 |
|       GenericPartition_2_MVAU_rtl_4                    |     0.003 |
|       GenericPartition_2_MVAU_rtl_4_wstrm              |     0.002 |
|     GenericPartition_2_MVAU_rtl_5                      |     0.002 |
|       GenericPartition_2_MVAU_rtl_5                    |     0.001 |
|     GenericPartition_2_MVAU_rtl_6                      |     0.002 |
|       GenericPartition_2_MVAU_rtl_6                    |     0.001 |
|     GenericPartition_2_MVAU_rtl_7                      |     0.005 |
|       GenericPartition_2_MVAU_rtl_7                    |     0.003 |
|       GenericPartition_2_MVAU_rtl_7_wstrm              |     0.002 |
|     GenericPartition_2_MVAU_rtl_8                      |     0.002 |
|       GenericPartition_2_MVAU_rtl_8                    |     0.001 |
|     GenericPartition_2_MVAU_rtl_9                      |     0.002 |
|       GenericPartition_2_MVAU_rtl_9                    |     0.001 |
|     GenericPartition_2_StreamingFIFO_rtl_22            |     0.001 |
|       fifo                                             |     0.001 |
|     GenericPartition_2_StreamingFIFO_rtl_26            |     0.002 |
|       inst                                             |     0.002 |
|     GenericPartition_2_StreamingFIFO_rtl_40            |     0.002 |
|       fifo                                             |     0.002 |
|     GenericPartition_2_StreamingFIFO_rtl_59            |     0.003 |
|       fifo                                             |     0.003 |
|     GenericPartition_2_StreamingFIFO_rtl_83            |     0.001 |
|       inst                                             |     0.001 |
|     GenericPartition_2_StreamingFIFO_rtl_9             |     0.001 |
|       inst                                             |     0.001 |
|     GenericPartition_2_Thresholding_rtl_0              |     0.001 |
|       inst                                             |     0.001 |
|     GenericPartition_2_Thresholding_rtl_11             |     0.001 |
|       inst                                             |     0.001 |
|     GenericPartition_2_Thresholding_rtl_12             |     0.002 |
|       inst                                             |     0.002 |
|     GenericPartition_2_Thresholding_rtl_13             |     0.003 |
|       inst                                             |     0.002 |
|     GenericPartition_2_Thresholding_rtl_14             |     0.004 |
|       inst                                             |     0.003 |
|     GenericPartition_2_Thresholding_rtl_15             |     0.001 |
|       inst                                             |     0.001 |
|     GenericPartition_2_Thresholding_rtl_16             |     0.002 |
|       inst                                             |     0.002 |
|     GenericPartition_2_Thresholding_rtl_17             |     0.002 |
|       inst                                             |     0.002 |
|     GenericPartition_2_Thresholding_rtl_18             |     0.003 |
|       inst                                             |     0.003 |
|     GenericPartition_2_Thresholding_rtl_19             |     0.004 |
|       inst                                             |     0.003 |
|     GenericPartition_2_Thresholding_rtl_2              |     0.002 |
|       inst                                             |     0.002 |
|     GenericPartition_2_Thresholding_rtl_20             |     0.001 |
|       inst                                             |     0.001 |
|     GenericPartition_2_Thresholding_rtl_22             |     0.002 |
|       inst                                             |     0.002 |
|     GenericPartition_2_Thresholding_rtl_23             |     0.003 |
|       inst                                             |     0.003 |
|     GenericPartition_2_Thresholding_rtl_24             |     0.004 |
|       inst                                             |     0.003 |
|     GenericPartition_2_Thresholding_rtl_3              |     0.003 |
|       inst                                             |     0.003 |
|     GenericPartition_2_Thresholding_rtl_4              |     0.004 |
|       inst                                             |     0.003 |
|     GenericPartition_2_Thresholding_rtl_5              |     0.002 |
|       inst                                             |     0.002 |
|     GenericPartition_2_Thresholding_rtl_6              |     0.002 |
|       inst                                             |     0.002 |
|     GenericPartition_2_Thresholding_rtl_7              |     0.002 |
|       inst                                             |     0.002 |
|     GenericPartition_2_Thresholding_rtl_8              |     0.003 |
|       inst                                             |     0.003 |
|     GenericPartition_2_Thresholding_rtl_9              |     0.004 |
|       inst                                             |     0.003 |
+--------------------------------------------------------+-----------+


0 Infos, 0 Warnings, 0 Critical Warnings and 0 Errors encountered.
report_power completed successfully
report_power: Time (s): cpu = 00:00:22 ; elapsed = 00:00:13 . Memory (MB): peak = 3669.352 ; gain = 322.805 ; free physical = 64471 ; free virtual = 92935
# set util [report_utilization -return_string]
# set util_lut [exec echo $util | grep LUT | head -n 1 | cut -d| -f3 | tr -d " "]
# set util_lutram [exec echo $util | grep LUT | head -n 3 | tail -1 | cut -d| -f3 | tr -d " "]
# set util_ff [llength [get_cells -hier -filter {PRIMITIVE_TYPE =~ *.F*E*}]]
WARNING: [Vivado 12-180] No cells matched 'get_cells -hier -filter {PRIMITIVE_GROUP == DSP}'.
# set util_dsp [llength [get_cells -hier -filter {PRIMITIVE_GROUP == DSP}]]
# set time_wns [get_property SLACK [get_timing_paths]]
# set util_bram18 [llength [get_cells -hier -filter {PRIMITIVE_TYPE =~ *RAMB18*}]]
# set util_bram36 [llength [get_cells -hier -filter {PRIMITIVE_TYPE =~ *RAMB36*}]]
# set util_carry [llength [get_cells -hier -filter {PRIMITIVE_TYPE =~ *CARRY*}]]
WARNING: [Vivado 12-180] No cells matched 'get_cells -hier -filter {PRIMITIVE_TYPE =~ *URAM*}'.
# set util_uram [llength [get_cells -hier -filter {PRIMITIVE_TYPE =~ *URAM*}]]
# set vivado_version [version -short]
# set vivado_build_no [exec echo $util | grep Build | head -n 1 | cut -d\  -f9]
# set util_bram [expr $util_bram18/2 + $util_bram36]
# puts "LUT: $util_lut FF: $util_ff DSP: $util_dsp BRAM: $util_bram"
LUT: 15676 FF: 14066 DSP: 0 BRAM: 14
# set fp [open res.txt w]
# puts $fp "LUT=$util_lut"
# puts $fp "LUTRAM=$util_lutram"
# puts $fp "FF=$util_ff"
# puts $fp "DSP=$util_dsp"
# puts $fp "BRAM=$util_bram"
# puts $fp "BRAM_18K=$util_bram18"
# puts $fp "BRAM_36K=$util_bram36"
# puts $fp "URAM=$util_uram"
# puts $fp "Carry=$util_carry"
# puts $fp "WNS=$time_wns"
# puts $fp "Delay=$time_wns"
# puts $fp "vivado_version=$vivado_version"
# puts $fp "vivado_build_no=$vivado_build_no"
# close $fp
# exit
INFO: [Common 17-206] Exiting Vivado at Thu Oct  8 06:07:20 2026...
