partition,node_name,op_type,node_kind,MH,MW,PE,SIMD,weightDataType,inputDataType,outputDataType,weight_bits,act_bits,resType,ram_style,mem_mode,NumChannels,numSteps,depth_trigger_bram,depth_trigger_uram,IFMChannels,IFMDim_h,IFMDim_w,OFMDim_h,OFMDim_w,ConvKernelDim_h,ConvKernelDim_w,Stride_h,Stride_w,Dilation_h,Dilation_w,depthwise,parallel_window,dataType,bits,depth,folded_shape,impl_style,shape,inWidth,outWidth,Padding,numInputVectors,real_LUT,real_LUTRAM,real_SRL,real_FF,real_BRAM36,real_BRAM18,real_URAM,real_DSP
0,StreamingFIFO_rtl_0,StreamingFIFO_rtl,FIFO,,,,,,,,,,,auto,,,,,,,,,,,,,,,,,,,UINT8,8,2,1x256x256x1x1,rtl,,,,,,15,0,0,21,0,0,0,0
0,Thresholding_rtl_0,Thresholding_rtl,Thresholding,,,1,,UINT8,UINT8,INT8,8,8,,,,1,255,0,0,,,,,,,,,,,,,,,,,,,,,,,,50,0,14,168,0,0,0,0
0,StreamingFIFO_rtl_1,StreamingFIFO_rtl,FIFO,,,,,,,,,,,auto,,,,,,,,,,,,,,,,,,,INT8,8,2,1x256x256x1x1,rtl,,,,,,14,0,0,21,0,0,0,0
0,DuplicateStreams_hls_0,DuplicateStreams_hls,DuplicateStreams,,,1,,,INT8,,,8,,,,1,,,,,,,,,,,,,,,,,,,,,,,,,,,66,0,0,90,0,0,0,0
0,StreamingFIFO_rtl_2,StreamingFIFO_rtl,FIFO,,,,,,,,,,,auto,,,,,,,,,,,,,,,,,,,INT8,8,1761,1x256x256x1x1,vivado,,,,,,71,0,0,59,0,1,0,0
0,StreamingFIFO_rtl_3,StreamingFIFO_rtl,FIFO,,,,,,,,,,,auto,,,,,,,,,,,,,,,,,,,INT8,8,25293,1x256x256x1x1,vivado,,,,,,101,0,0,75,4,0,0,0
0,Thresholding_rtl_1,Thresholding_rtl,Thresholding,,,1,,INT9,INT8,INT8,9,8,,,,1,255,0,0,,,,,,,,,,,,,,,,,,,,,,,,82,0,9,249,0,1,0,0
0,FMPadding_rtl_0,FMPadding_rtl,FMPadding,,,,1,,INT8,,,8,,,,1,,,,,256,256,,,,,,,,,,,,,,,,,,,1x1x1x1,1,61,0,0,37,0,0,0,0
0,StreamingFIFO_rtl_4,StreamingFIFO_rtl,FIFO,,,,,,,,,,,auto,,,,,,,,,,,,,,,,,,,INT8,8,65536,1x256x256x1x1,vivado,,,,,,66,0,0,55,0,1,0,0
0,StreamingFIFO_rtl_5,StreamingFIFO_rtl,FIFO,,,,,,,,,,,auto,,,,,,,,,,,,,,,,,,,INT8,8,2,1x258x258x1x1,rtl,,,,,,94,0,0,71,2,0,0,0
0,ConvolutionInputGenerator_rtl_0,ConvolutionInputGenerator_rtl,SWU,,,,1,,INT8,INT8,,8,,distributed,,,,,,1,258,258,128,128,3,3,2,2,1,1,0,1,,,,,,,,,,,251,80,0,232,0,0,0,0
0,StreamingMaxPool_hls_0,StreamingMaxPool_hls,MaxPool,,,1,,,,,,,,,,1,,,,,,,,,,,,,,,,,,,,,,,,,,,177,16,0,158,0,0,0,0
0,StreamingFIFO_rtl_6,StreamingFIFO_rtl,FIFO,,,,,,,,,,,auto,,,,,,,,,,,,,,,,,,,INT8,8,1677,1x128x128x1x9,vivado,,,,,,109,0,56,22,0,0,0,0
0,StreamingFIFO_rtl_7,StreamingFIFO_rtl,FIFO,,,,,,,,,,,auto,,,,,,,,,,,,,,,,,,,INT8,8,2,1x128x128x1x1,rtl,,,,,,66,0,0,55,0,1,0,0
0,StreamingDataWidthConverter_rtl_0,StreamingDataWidthConverter_rtl,DWC,,,,,,,,,,,,,,,,,,,,,,,,,,,,,,,,,,,,,,,,78,0,0,125,0,0,0,0
0,StreamingFIFO_rtl_8,StreamingFIFO_rtl,FIFO,,,,,,,,,,,auto,,,,,,,,,,,,,,,,,,,INT8,8,49152,1x128x128x3x3,vivado,,,,,,105,0,56,22,0,0,0,0
0,MVAU_rtl_0,MVAU_rtl,MVAU,3,9,1,3,INT8,INT8,INT18,8,8,dsp,auto,internal_decoupled,,,,,,,,,,,,,,,,,,,,,,,,,,,,100,28,0,153,0,0,0,3
0,StreamingFIFO_rtl_9,StreamingFIFO_rtl,FIFO,,,,,,,,,,,auto,,,,,,,,,,,,,,,,,,,INT18,18,2,1x128x128x3x1,rtl,,,,,,15,0,0,21,0,0,0,0
0,Thresholding_rtl_2,Thresholding_rtl,Thresholding,,,1,,INT18,INT18,INT8,18,18,,,,3,255,999999,0,,,,,,,,,,,,,,,,,,,,,,,,269,0,9,524,0,1,0,0
0,StreamingFIFO_rtl_10,StreamingFIFO_rtl,FIFO,,,,,,,,,,,auto,,,,,,,,,,,,,,,,,,,INT8,8,2,1x128x128x3x1,rtl,,,,,,83,0,0,79,8,0,0,0
0,StreamingDataWidthConverter_rtl_1,StreamingDataWidthConverter_rtl,DWC,,,,,,,,,,,,,,,,,,,,,,,,,,,,,,,,,,,,,,,,13,0,0,36,0,0,0,0
0,StreamingFIFO_rtl_11,StreamingFIFO_rtl,FIFO,,,,,,,,,,,auto,,,,,,,,,,,,,,,,,,,INT8,8,10227,1x128x128x1x3,vivado,,,,,,81,0,0,79,8,0,0,0
0,StreamingConcat_hls_0,StreamingConcat_hls,Concat,,,,,,INT8,,,8,,,,,,,,,,,,,,,,,,,,,,,,,,,,,,,127,0,0,192,0,0,0,0
0,StreamingFIFO_rtl_12,StreamingFIFO_rtl,FIFO,,,,,,,,,,,auto,,,,,,,,,,,,,,,,,,,INT8,8,96,1x128x128x4,rtl,,,,,,70,0,0,59,2,0,0,0
0,StreamingDataWidthConverter_rtl_2,StreamingDataWidthConverter_rtl,DWC,,,,,,,,,,,,,,,,,,,,,,,,,,,,,,,,,,,,,,,,38,0,0,53,0,0,0,0
0,StreamingFIFO_rtl_13,StreamingFIFO_rtl,FIFO,,,,,,,,,,,auto,,,,,,,,,,,,,,,,,,,INT8,8,2,1x128x128x4x1,rtl,,,,,,67,0,0,55,1,0,0,0
0,Thresholding_rtl_3,Thresholding_rtl,Thresholding,,,1,,INT9,INT8,UINT8,9,8,,,,4,255,0,0,,,,,,,,,,,,,,,,,,,,,,,,103,0,9,296,0,3,0,0
0,StreamingFIFO_rtl_14,StreamingFIFO_rtl,FIFO,,,,,,,,,,,auto,,,,,,,,,,,,,,,,,,,UINT8,8,2,1x128x128x4x1,rtl,,,,,,550,0,360,97,0,0,0,0
1,StreamingFIFO_rtl_0,StreamingFIFO_rtl,FIFO,,,,,,,,,,,auto,,,,,,,,,,,,,,,,,,,UINT8,8,2,1x128x128x4x1,rtl,,,,,,13,0,0,21,0,0,0,0
1,DuplicateStreams_hls_0,DuplicateStreams_hls,DuplicateStreams,,,1,,,UINT8,,,8,,,,4,,,,,,,,,,,,,,,,,,,,,,,,,,,65,0,0,90,0,0,0,0
1,StreamingFIFO_rtl_1,StreamingFIFO_rtl,FIFO,,,,,,,,,,,auto,,,,,,,,,,,,,,,,,,,UINT8,8,32319,1x128x128x4x1,vivado,,,,,,103,0,0,75,4,0,0,0
1,StreamingFIFO_rtl_2,StreamingFIFO_rtl,FIFO,,,,,,,,,,,auto,,,,,,,,,,,,,,,,,,,UINT8,8,2,1x128x128x4x1,rtl,,,,,,13,0,0,21,0,0,0,0
1,StreamingDataWidthConverter_rtl_0,StreamingDataWidthConverter_rtl,DWC,,,,,,,,,,,,,,,,,,,,,,,,,,,,,,,,,,,,,,,,11,0,0,44,0,0,0,0
1,ConvolutionInputGenerator_rtl_0,ConvolutionInputGenerator_rtl,SWU,,,,1,,UINT8,UINT8,,8,,distributed,,,,,,4,128,128,64,64,2,2,2,2,1,1,0,0,,,,,,,,,,,415,160,0,111,0,0,0,0
1,StreamingFIFO_rtl_3,StreamingFIFO_rtl,FIFO,,,,,,,,,,,auto,,,,,,,,,,,,,,,,,,,UINT8,8,33,1x128x128x1x4,rtl,,,,,,94,0,0,71,2,0,0,0
1,StreamingFIFO_rtl_4,StreamingFIFO_rtl,FIFO,,,,,,,,,,,auto,,,,,,,,,,,,,,,,,,,UINT8,8,65536,1x64x64x16x1,vivado,,,,,,85,0,0,67,1,0,0,0
1,StreamingMaxPool_hls_0,StreamingMaxPool_hls,MaxPool,,,1,,,,,,,,,,4,,,,,,,,,,,,,,,,,,,,,,,,,,,328,32,0,317,0,0,0,0
1,MVAU_rtl_0,MVAU_rtl,MVAU,4,16,1,1,INT8,UINT8,INT19,8,8,dsp,auto,internal_decoupled,,,,,,,,,,,,,,,,,,,,,,,,,,,,191,34,0,234,0,0,0,4
1,StreamingFIFO_rtl_5,StreamingFIFO_rtl,FIFO,,,,,,,,,,,auto,,,,,,,,,,,,,,,,,,,UINT8,8,55,1x64x64x1x4,rtl,,,,,,92,0,32,44,0,0,0,0
1,StreamingFIFO_rtl_6,StreamingFIFO_rtl,FIFO,,,,,,,,,,,auto,,,,,,,,,,,,,,,,,,,INT19,19,2,1x64x64x4x1,rtl,,,,,,81,0,0,63,0,1,0,0
1,MVAU_rtl_1,MVAU_rtl,MVAU,16,4,2,4,UINT7,UINT8,INT16,7,8,dsp,auto,internal_decoupled,,,,,,,,,,,,,,,,,,,,,,,,,,,,74,16,0,142,0,0,0,1
1,Thresholding_rtl_0,Thresholding_rtl,Thresholding,,,1,,INT19,INT19,UINT8,19,19,,,,4,255,0,0,,,,,,,,,,,,,,,,,,,,,,,,146,0,9,477,0,4,0,0
1,StreamingFIFO_rtl_7,StreamingFIFO_rtl,FIFO,,,,,,,,,,,auto,,,,,,,,,,,,,,,,,,,INT16,16,256,1x64x64x8x2,rtl,,,,,,73,0,0,59,0,1,0,0
1,StreamingFIFO_rtl_8,StreamingFIFO_rtl,FIFO,,,,,,,,,,,auto,,,,,,,,,,,,,,,,,,,UINT8,8,2,1x64x64x4x1,rtl,,,,,,92,0,64,44,0,0,0,0
1,StreamingDataWidthConverter_rtl_1,StreamingDataWidthConverter_rtl,DWC,,,,,,,,,,,,,,,,,,,,,,,,,,,,,,,,,,,,,,,,34,0,0,68,0,0,0,0
1,StreamingDataWidthConverter_rtl_2,StreamingDataWidthConverter_rtl,DWC,,,,,,,,,,,,,,,,,,,,,,,,,,,,,,,,,,,,,,,,11,0,0,44,0,0,0,0
1,StreamingFIFO_rtl_9,StreamingFIFO_rtl,FIFO,,,,,,,,,,,auto,,,,,,,,,,,,,,,,,,,INT16,16,33691,1x64x64x16x1,vivado,,,,,,68,0,0,55,0,1,0,0
1,StreamingFIFO_rtl_10,StreamingFIFO_rtl,FIFO,,,,,,,,,,,auto,,,,,,,,,,,,,,,,,,,UINT8,8,2,1x64x64x1x4,rtl,,,,,,53,0,16,20,0,0,0,0
1,Thresholding_rtl_1,Thresholding_rtl,Thresholding,,,1,,INT16,INT16,INT8,16,16,,,,16,255,1024,0,,,,,,,,,,,,,,,,,,,,,,,,127,0,13,419,1,1,0,0
1,FMPadding_rtl_0,FMPadding_rtl,FMPadding,,,,4,,UINT8,,,8,,,,4,,,,,64,64,,,,,,,,,,,,,,,,,,,1x1x1x1,1,74,0,0,81,0,0,0,0
1,StreamingFIFO_rtl_11,StreamingFIFO_rtl,FIFO,,,,,,,,,,,auto,,,,,,,,,,,,,,,,,,,INT8,8,65536,1x64x64x16x1,vivado,,,,,,326,0,256,46,0,0,0,0
1,StreamingFIFO_rtl_12,StreamingFIFO_rtl,FIFO,,,,,,,,,,,auto,,,,,,,,,,,,,,,,,,,UINT8,8,2,1x66x66x1x4,rtl,,,,,,79,0,0,79,8,0,0,0
1,ConvolutionInputGenerator_rtl_1,ConvolutionInputGenerator_rtl,SWU,,,,4,,UINT8,UINT8,,8,,distributed,,,,,,4,66,66,64,64,3,3,1,1,1,1,0,1,,,,,,,,,,,200,80,0,426,0,0,0,0
1,StreamingFIFO_rtl_13,StreamingFIFO_rtl,FIFO,,,,,,,,,,,auto,,,,,,,,,,,,,,,,,,,UINT8,8,32,1x64x64x1x36,rtl,,,,,,92,0,0,79,15,0,0,0
1,StreamingDataWidthConverter_rtl_3,StreamingDataWidthConverter_rtl,DWC,,,,,,,,,,,,,,,,,,,,,,,,,,,,,,,,,,,,,,,,221,0,0,580,0,0,0,0
1,StreamingFIFO_rtl_14,StreamingFIFO_rtl,FIFO,,,,,,,,,,,auto,,,,,,,,,,,,,,,,,,,UINT8,8,66,1x64x64x2x18,rtl,,,,,,80,0,0,79,8,0,0,0
1,MVAU_rtl_2,MVAU_rtl,MVAU,4,36,2,18,INT8,UINT8,INT18,8,8,dsp,auto,internal_decoupled,,,,,,,,,,,,,,,,,,,,,,,,,,,,712,214,0,684,0,0,0,18
1,StreamingFIFO_rtl_15,StreamingFIFO_rtl,FIFO,,,,,,,,,,,auto,,,,,,,,,,,,,,,,,,,INT18,18,2,1x64x64x2x2,rtl,,,,,,68,0,0,55,0,1,0,0
1,StreamingDataWidthConverter_rtl_4,StreamingDataWidthConverter_rtl,DWC,,,,,,,,,,,,,,,,,,,,,,,,,,,,,,,,,,,,,,,,41,0,0,76,0,0,0,0
1,StreamingFIFO_rtl_16,StreamingFIFO_rtl,FIFO,,,,,,,,,,,auto,,,,,,,,,,,,,,,,,,,INT18,18,2,1x64x64x4x1,rtl,,,,,,183,0,128,30,0,0,0,0
1,Thresholding_rtl_2,Thresholding_rtl,Thresholding,,,1,,INT18,INT18,UINT8,18,18,,,,4,255,999999,0,,,,,,,,,,,,,,,,,,,,,,,,320,0,9,555,0,0,0,0
1,StreamingFIFO_rtl_17,StreamingFIFO_rtl,FIFO,,,,,,,,,,,auto,,,,,,,,,,,,,,,,,,,UINT8,8,2,1x64x64x4x1,rtl,,,,,,25,0,0,43,0,0,0,0
1,StreamingDataWidthConverter_rtl_5,StreamingDataWidthConverter_rtl,DWC,,,,,,,,,,,,,,,,,,,,,,,,,,,,,,,,,,,,,,,,11,0,0,44,0,0,0,0
1,StreamingFIFO_rtl_18,StreamingFIFO_rtl,FIFO,,,,,,,,,,,auto,,,,,,,,,,,,,,,,,,,UINT8,8,48,1x64x64x1x4,rtl,,,,,,147,0,80,30,0,0,0,0
1,MVAU_rtl_3,MVAU_rtl,MVAU,16,4,1,4,INT8,UINT8,INT17,8,8,dsp,auto,internal_decoupled,,,,,,,,,,,,,,,,,,,,,,,,,,,,108,36,0,161,0,0,0,4
1,StreamingFIFO_rtl_19,StreamingFIFO_rtl,FIFO,,,,,,,,,,,auto,,,,,,,,,,,,,,,,,,,INT17,17,2,1x64x64x16x1,rtl,,,,,,13,0,0,21,0,0,0,0
1,Thresholding_rtl_3,Thresholding_rtl,Thresholding,,,1,,INT17,INT17,INT8,17,17,,,,16,255,1024,0,,,,,,,,,,,,,,,,,,,,,,,,130,0,9,528,1,1,0,0
1,StreamingFIFO_rtl_20,StreamingFIFO_rtl,FIFO,,,,,,,,,,,auto,,,,,,,,,,,,,,,,,,,INT8,8,2,1x64x64x16x1,rtl,,,,,,82,0,0,79,8,0,0,0
1,AddStreams_hls_0,AddStreams_hls,AddStreams,,,1,,,INT8,,,8,,,,16,,,,,,,,,,,,,,,,,,,,,,,,,,,65,0,0,93,0,0,0,0
1,StreamingFIFO_rtl_21,StreamingFIFO_rtl,FIFO,,,,,,,,,,,auto,,,,,,,,,,,,,,,,,,,INT9,9,2,1x64x64x16x1,rtl,,,,,,81,0,0,79,8,0,0,0
1,Thresholding_rtl_4,Thresholding_rtl,Thresholding,,,1,,INT10,INT9,INT8,10,9,,,,16,255,999999,0,,,,,,,,,,,,,,,,,,,,,,,,79,0,9,305,0,0,0,0
1,StreamingFIFO_rtl_22,StreamingFIFO_rtl,FIFO,,,,,,,,,,,auto,,,,,,,,,,,,,,,,,,,INT8,8,2,1x64x64x16x1,rtl,,,,,,37,0,0,69,0,0,0,0
1,Thresholding_rtl_5,Thresholding_rtl,Thresholding,,,1,,INT9,INT8,UINT8,9,8,,,,16,255,999999,0,,,,,,,,,,,,,,,,,,,,,,,,70,0,15,174,0,0,0,0
1,StreamingFIFO_rtl_23,StreamingFIFO_rtl,FIFO,,,,,,,,,,,auto,,,,,,,,,,,,,,,,,,,UINT8,8,2,1x64x64x16x1,rtl,,,,,,38,0,0,69,0,0,0,0
1,DuplicateStreams_hls_1,DuplicateStreams_hls,DuplicateStreams,,,1,,,UINT8,,,8,,,,16,,,,,,,,,,,,,,,,,,,,,,,,,,,65,0,0,90,0,0,0,0
1,StreamingFIFO_rtl_24,StreamingFIFO_rtl,FIFO,,,,,,,,,,,auto,,,,,,,,,,,,,,,,,,,UINT8,8,2,1x64x64x16x1,rtl,,,,,,614,0,288,312,0,0,0,0
1,StreamingFIFO_rtl_25,StreamingFIFO_rtl,FIFO,,,,,,,,,,,auto,,,,,,,,,,,,,,,,,,,UINT8,8,2,1x64x64x16x1,rtl,,,,,,753,0,432,158,0,0,0,0
1,StreamingDataWidthConverter_rtl_6,StreamingDataWidthConverter_rtl,DWC,,,,,,,,,,,,,,,,,,,,,,,,,,,,,,,,,,,,,,,,16,0,0,142,0,0,0,0
1,Thresholding_rtl_6,Thresholding_rtl,Thresholding,,,1,,UINT8,UINT8,INT8,8,8,,,,16,255,999999,0,,,,,,,,,,,,,,,,,,,,,,,,64,0,9,281,0,0,0,0
1,StreamingFIFO_rtl_26,StreamingFIFO_rtl,FIFO,,,,,,,,,,,auto,,,,,,,,,,,,,,,,,,,UINT8,8,2,1x64x64x1x16,rtl,,,,,,42,0,0,77,0,0,0,0
1,StreamingFIFO_rtl_27,StreamingFIFO_rtl,FIFO,,,,,,,,,,,auto,,,,,,,,,,,,,,,,,,,INT8,8,1144,1x64x64x16x1,vivado,,,,,,24,0,0,41,0,0,0,0
1,MVAU_rtl_4,MVAU_rtl,MVAU,4,16,1,16,INT8,UINT8,INT18,8,8,dsp,auto,internal_decoupled,,,,,,,,,,,,,,,,,,,,,,,,,,,,267,130,0,335,0,0,0,16
1,StreamingFIFO_rtl_28,StreamingFIFO_rtl,FIFO,,,,,,,,,,,auto,,,,,,,,,,,,,,,,,,,INT18,18,2,1x64x64x4x1,rtl,,,,,,13,0,0,21,0,0,0,0
1,Thresholding_rtl_7,Thresholding_rtl,Thresholding,,,1,,INT18,INT18,UINT8,18,18,,,,4,255,1024,0,,,,,,,,,,,,,,,,,,,,,,,,223,0,9,555,0,0,0,0
1,StreamingFIFO_rtl_29,StreamingFIFO_rtl,FIFO,,,,,,,,,,,auto,,,,,,,,,,,,,,,,,,,UINT8,8,2,1x64x64x4x1,rtl,,,,,,124,0,64,44,0,0,0,0
1,StreamingDataWidthConverter_rtl_7,StreamingDataWidthConverter_rtl,DWC,,,,,,,,,,,,,,,,,,,,,,,,,,,,,,,,,,,,,,,,10,0,0,44,0,0,0,0
1,StreamingFIFO_rtl_30,StreamingFIFO_rtl,FIFO,,,,,,,,,,,auto,,,,,,,,,,,,,,,,,,,UINT8,8,2,1x64x64x1x4,rtl,,,,,,23,0,0,39,0,0,0,0
1,FMPadding_rtl_1,FMPadding_rtl,FMPadding,,,,4,,UINT8,,,8,,,,4,,,,,64,64,,,,,,,,,,,,,,,,,,,1x1x1x1,1,75,0,0,81,0,0,0,0
1,StreamingFIFO_rtl_31,StreamingFIFO_rtl,FIFO,,,,,,,,,,,auto,,,,,,,,,,,,,,,,,,,UINT8,8,2,1x66x66x1x4,rtl,,,,,,13,0,0,21,0,0,0,0
1,ConvolutionInputGenerator_rtl_2,ConvolutionInputGenerator_rtl,SWU,,,,4,,UINT8,UINT8,,8,,distributed,,,,,,4,66,66,64,64,3,3,1,1,1,1,0,1,,,,,,,,,,,200,80,0,426,0,0,0,0
1,StreamingFIFO_rtl_32,StreamingFIFO_rtl,FIFO,,,,,,,,,,,auto,,,,,,,,,,,,,,,,,,,UINT8,8,32,1x64x64x1x36,rtl,,,,,,15,0,0,23,0,0,0,0
1,StreamingDataWidthConverter_rtl_8,StreamingDataWidthConverter_rtl,DWC,,,,,,,,,,,,,,,,,,,,,,,,,,,,,,,,,,,,,,,,222,0,0,580,0,0,0,0
1,StreamingFIFO_rtl_33,StreamingFIFO_rtl,FIFO,,,,,,,,,,,auto,,,,,,,,,,,,,,,,,,,UINT8,8,66,1x64x64x2x18,rtl,,,,,,14,0,0,21,0,0,0,0
1,MVAU_rtl_5,MVAU_rtl,MVAU,4,36,2,18,INT8,UINT8,INT19,8,8,dsp,auto,internal_decoupled,,,,,,,,,,,,,,,,,,,,,,,,,,,,724,213,0,691,0,0,0,18
1,StreamingFIFO_rtl_34,StreamingFIFO_rtl,FIFO,,,,,,,,,,,auto,,,,,,,,,,,,,,,,,,,INT19,19,2,1x64x64x2x2,rtl,,,,,,13,0,0,21,0,0,0,0
1,StreamingDataWidthConverter_rtl_9,StreamingDataWidthConverter_rtl,DWC,,,,,,,,,,,,,,,,,,,,,,,,,,,,,,,,,,,,,,,,42,0,0,80,0,0,0,0
1,StreamingFIFO_rtl_35,StreamingFIFO_rtl,FIFO,,,,,,,,,,,auto,,,,,,,,,,,,,,,,,,,INT19,19,2,1x64x64x4x1,rtl,,,,,,14,0,0,21,0,0,0,0
1,Thresholding_rtl_8,Thresholding_rtl,Thresholding,,,1,,INT19,INT19,UINT8,19,19,,,,4,255,1024,0,,,,,,,,,,,,,,,,,,,,,,,,340,0,9,574,0,0,0,0
1,StreamingFIFO_rtl_36,StreamingFIFO_rtl,FIFO,,,,,,,,,,,auto,,,,,,,,,,,,,,,,,,,UINT8,8,2,1x64x64x4x1,rtl,,,,,,13,0,0,21,0,0,0,0
1,StreamingDataWidthConverter_rtl_10,StreamingDataWidthConverter_rtl,DWC,,,,,,,,,,,,,,,,,,,,,,,,,,,,,,,,,,,,,,,,11,0,0,44,0,0,0,0
1,StreamingFIFO_rtl_37,StreamingFIFO_rtl,FIFO,,,,,,,,,,,auto,,,,,,,,,,,,,,,,,,,UINT8,8,48,1x64x64x1x4,rtl,,,,,,132,0,0,261,0,0,0,0
1,MVAU_rtl_6,MVAU_rtl,MVAU,16,4,1,4,INT8,UINT8,INT18,8,8,dsp,auto,internal_decoupled,,,,,,,,,,,,,,,,,,,,,,,,,,,,111,36,0,165,0,0,0,4
1,StreamingFIFO_rtl_38,StreamingFIFO_rtl,FIFO,,,,,,,,,,,auto,,,,,,,,,,,,,,,,,,,INT18,18,2,1x64x64x16x1,rtl,,,,,,71,0,0,59,0,1,0,0
1,Thresholding_rtl_9,Thresholding_rtl,Thresholding,,,1,,INT18,INT18,INT8,18,18,,,,16,255,1024,0,,,,,,,,,,,,,,,,,,,,,,,,203,0,9,549,1,1,0,0
1,StreamingFIFO_rtl_39,StreamingFIFO_rtl,FIFO,,,,,,,,,,,auto,,,,,,,,,,,,,,,,,,,INT8,8,2,1x64x64x16x1,rtl,,,,,,69,0,32,21,0,0,0,0
1,AddStreams_hls_1,AddStreams_hls,AddStreams,,,1,,,INT8,,,8,,,,16,,,,,,,,,,,,,,,,,,,,,,,,,,,69,0,0,93,0,0,0,0
1,StreamingFIFO_rtl_40,StreamingFIFO_rtl,FIFO,,,,,,,,,,,auto,,,,,,,,,,,,,,,,,,,INT9,9,2,1x64x64x16x1,rtl,,,,,,25,0,0,41,0,0,0,0
1,Thresholding_rtl_10,Thresholding_rtl,Thresholding,,,1,,INT10,INT9,INT8,10,9,,,,16,255,999999,0,,,,,,,,,,,,,,,,,,,,,,,,79,0,9,305,0,0,0,0
1,StreamingFIFO_rtl_41,StreamingFIFO_rtl,FIFO,,,,,,,,,,,auto,,,,,,,,,,,,,,,,,,,INT8,8,2,1x64x64x16x1,rtl,,,,,,13,0,0,21,0,0,0,0
1,Thresholding_rtl_11,Thresholding_rtl,Thresholding,,,1,,INT9,INT8,UINT8,9,8,,,,16,255,999999,0,,,,,,,,,,,,,,,,,,,,,,,,70,0,15,174,0,0,0,0
1,StreamingFIFO_rtl_42,StreamingFIFO_rtl,FIFO,,,,,,,,,,,auto,,,,,,,,,,,,,,,,,,,UINT8,8,2,1x64x64x16x1,rtl,,,,,,38,0,0,69,0,0,0,0
1,DuplicateStreams_hls_2,DuplicateStreams_hls,DuplicateStreams,,,1,,,UINT8,,,8,,,,16,,,,,,,,,,,,,,,,,,,,,,,,,,,69,0,0,90,0,0,0,0
1,StreamingFIFO_rtl_43,StreamingFIFO_rtl,FIFO,,,,,,,,,,,auto,,,,,,,,,,,,,,,,,,,UINT8,8,2,1x64x64x16x1,rtl,,,,,,38,0,0,69,0,0,0,0
1,StreamingFIFO_rtl_44,StreamingFIFO_rtl,FIFO,,,,,,,,,,,auto,,,,,,,,,,,,,,,,,,,UINT8,8,2,1x64x64x16x1,rtl,,,,,,606,0,288,304,0,0,0,0
1,StreamingDataWidthConverter_rtl_11,StreamingDataWidthConverter_rtl,DWC,,,,,,,,,,,,,,,,,,,,,,,,,,,,,,,,,,,,,,,,13,0,0,77,0,0,0,0
1,Thresholding_rtl_12,Thresholding_rtl,Thresholding,,,1,,UINT8,UINT8,INT8,8,8,,,,16,255,999999,0,,,,,,,,,,,,,,,,,,,,,,,,64,0,9,281,0,0,0,0
1,StreamingFIFO_rtl_45,StreamingFIFO_rtl,FIFO,,,,,,,,,,,auto,,,,,,,,,,,,,,,,,,,UINT8,8,2,1x64x64x2x8,rtl,,,,,,753,0,432,158,0,0,0,0
1,StreamingFIFO_rtl_46,StreamingFIFO_rtl,FIFO,,,,,,,,,,,auto,,,,,,,,,,,,,,,,,,,INT8,8,1147,1x64x64x16x1,vivado,,,,,,44,0,0,81,0,0,0,0
1,MVAU_rtl_7,MVAU_rtl,MVAU,4,16,2,8,INT8,UINT8,INT18,8,8,dsp,auto,internal_decoupled,,,,,,,,,,,,,,,,,,,,,,,,,,,,348,99,0,401,0,0,0,8
1,StreamingFIFO_rtl_47,StreamingFIFO_rtl,FIFO,,,,,,,,,,,auto,,,,,,,,,,,,,,,,,,,INT18,18,2,1x64x64x2x2,rtl,,,,,,25,0,0,43,0,0,0,0
1,StreamingDataWidthConverter_rtl_12,StreamingDataWidthConverter_rtl,DWC,,,,,,,,,,,,,,,,,,,,,,,,,,,,,,,,,,,,,,,,40,0,0,76,0,0,0,0
1,StreamingFIFO_rtl_48,StreamingFIFO_rtl,FIFO,,,,,,,,,,,auto,,,,,,,,,,,,,,,,,,,INT18,18,2,1x64x64x4x1,rtl,,,,,,13,0,0,21,0,0,0,0
1,Thresholding_rtl_13,Thresholding_rtl,Thresholding,,,1,,INT18,INT18,UINT8,18,18,,,,4,255,999999,0,,,,,,,,,,,,,,,,,,,,,,,,230,0,9,552,0,0,0,0
1,StreamingFIFO_rtl_49,StreamingFIFO_rtl,FIFO,,,,,,,,,,,auto,,,,,,,,,,,,,,,,,,,UINT8,8,2,1x64x64x4x1,rtl,,,,,,124,0,64,44,0,0,0,0
1,StreamingDataWidthConverter_rtl_13,StreamingDataWidthConverter_rtl,DWC,,,,,,,,,,,,,,,,,,,,,,,,,,,,,,,,,,,,,,,,10,0,0,44,0,0,0,0
1,StreamingFIFO_rtl_50,StreamingFIFO_rtl,FIFO,,,,,,,,,,,auto,,,,,,,,,,,,,,,,,,,UINT8,8,2,1x64x64x1x4,rtl,,,,,,24,0,0,41,0,0,0,0
1,FMPadding_rtl_2,FMPadding_rtl,FMPadding,,,,4,,UINT8,,,8,,,,4,,,,,64,64,,,,,,,,,,,,,,,,,,,1x1x1x1,1,75,0,0,81,0,0,0,0
1,StreamingFIFO_rtl_51,StreamingFIFO_rtl,FIFO,,,,,,,,,,,auto,,,,,,,,,,,,,,,,,,,UINT8,8,2,1x66x66x1x4,rtl,,,,,,13,0,0,21,0,0,0,0
1,ConvolutionInputGenerator_rtl_3,ConvolutionInputGenerator_rtl,SWU,,,,4,,UINT8,UINT8,,8,,distributed,,,,,,4,66,66,64,64,3,3,1,1,1,1,0,1,,,,,,,,,,,198,80,0,426,0,0,0,0
1,StreamingFIFO_rtl_52,StreamingFIFO_rtl,FIFO,,,,,,,,,,,auto,,,,,,,,,,,,,,,,,,,UINT8,8,32,1x64x64x1x36,rtl,,,,,,15,0,0,23,0,0,0,0
1,StreamingDataWidthConverter_rtl_14,StreamingDataWidthConverter_rtl,DWC,,,,,,,,,,,,,,,,,,,,,,,,,,,,,,,,,,,,,,,,220,0,0,580,0,0,0,0
1,StreamingFIFO_rtl_53,StreamingFIFO_rtl,FIFO,,,,,,,,,,,auto,,,,,,,,,,,,,,,,,,,UINT8,8,66,1x64x64x2x18,rtl,,,,,,14,0,0,21,0,0,0,0
1,MVAU_rtl_8,MVAU_rtl,MVAU,4,36,2,18,INT8,UINT8,INT19,8,8,dsp,auto,internal_decoupled,,,,,,,,,,,,,,,,,,,,,,,,,,,,719,207,0,677,0,0,0,18
1,StreamingFIFO_rtl_54,StreamingFIFO_rtl,FIFO,,,,,,,,,,,auto,,,,,,,,,,,,,,,,,,,INT19,19,2,1x64x64x2x2,rtl,,,,,,13,0,0,21,0,0,0,0
1,StreamingDataWidthConverter_rtl_15,StreamingDataWidthConverter_rtl,DWC,,,,,,,,,,,,,,,,,,,,,,,,,,,,,,,,,,,,,,,,43,0,0,80,0,0,0,0
1,StreamingFIFO_rtl_55,StreamingFIFO_rtl,FIFO,,,,,,,,,,,auto,,,,,,,,,,,,,,,,,,,INT19,19,2,1x64x64x4x1,rtl,,,,,,14,0,0,21,0,0,0,0
1,Thresholding_rtl_14,Thresholding_rtl,Thresholding,,,1,,INT19,INT19,UINT8,19,19,,,,4,255,1024,0,,,,,,,,,,,,,,,,,,,,,,,,230,0,9,580,0,0,0,0
1,StreamingFIFO_rtl_56,StreamingFIFO_rtl,FIFO,,,,,,,,,,,auto,,,,,,,,,,,,,,,,,,,UINT8,8,2,1x64x64x4x1,rtl,,,,,,15,0,0,21,0,0,0,0
1,StreamingDataWidthConverter_rtl_16,StreamingDataWidthConverter_rtl,DWC,,,,,,,,,,,,,,,,,,,,,,,,,,,,,,,,,,,,,,,,11,0,0,44,0,0,0,0
1,StreamingFIFO_rtl_57,StreamingFIFO_rtl,FIFO,,,,,,,,,,,auto,,,,,,,,,,,,,,,,,,,UINT8,8,48,1x64x64x1x4,rtl,,,,,,69,0,0,133,0,0,0,0
1,MVAU_rtl_9,MVAU_rtl,MVAU,16,4,1,4,INT8,UINT8,INT18,8,8,dsp,auto,internal_decoupled,,,,,,,,,,,,,,,,,,,,,,,,,,,,111,36,0,165,0,0,0,4
1,StreamingFIFO_rtl_58,StreamingFIFO_rtl,FIFO,,,,,,,,,,,auto,,,,,,,,,,,,,,,,,,,INT18,18,2,1x64x64x16x1,rtl,,,,,,72,0,0,59,0,1,0,0
1,Thresholding_rtl_15,Thresholding_rtl,Thresholding,,,1,,INT18,INT18,INT8,18,18,,,,16,255,1024,0,,,,,,,,,,,,,,,,,,,,,,,,209,0,9,549,1,1,0,0
1,StreamingFIFO_rtl_59,StreamingFIFO_rtl,FIFO,,,,,,,,,,,auto,,,,,,,,,,,,,,,,,,,INT8,8,2,1x64x64x16x1,rtl,,,,,,71,0,32,21,0,0,0,0
1,AddStreams_hls_2,AddStreams_hls,AddStreams,,,1,,,INT8,,,8,,,,16,,,,,,,,,,,,,,,,,,,,,,,,,,,69,0,0,93,0,0,0,0
1,StreamingFIFO_rtl_60,StreamingFIFO_rtl,FIFO,,,,,,,,,,,auto,,,,,,,,,,,,,,,,,,,INT9,9,2,1x64x64x16x1,rtl,,,,,,41,0,0,77,0,0,0,0
1,Thresholding_rtl_16,Thresholding_rtl,Thresholding,,,1,,INT10,INT9,INT8,10,9,,,,16,255,999999,0,,,,,,,,,,,,,,,,,,,,,,,,79,0,9,305,0,0,0,0
1,StreamingFIFO_rtl_61,StreamingFIFO_rtl,FIFO,,,,,,,,,,,auto,,,,,,,,,,,,,,,,,,,INT8,8,2,1x64x64x16x1,rtl,,,,,,24,0,0,41,0,0,0,0
1,Thresholding_rtl_17,Thresholding_rtl,Thresholding,,,1,,INT9,INT8,UINT8,9,8,,,,16,255,999999,0,,,,,,,,,,,,,,,,,,,,,,,,70,0,15,174,0,0,0,0
1,StreamingFIFO_rtl_62,StreamingFIFO_rtl,FIFO,,,,,,,,,,,auto,,,,,,,,,,,,,,,,,,,UINT8,8,2,1x64x64x16x1,rtl,,,,,,13,0,0,21,0,0,0,0
1,DuplicateStreams_hls_3,DuplicateStreams_hls,DuplicateStreams,,,1,,,UINT8,,,8,,,,16,,,,,,,,,,,,,,,,,,,,,,,,,,,67,0,0,90,0,0,0,0
1,StreamingFIFO_rtl_63,StreamingFIFO_rtl,FIFO,,,,,,,,,,,auto,,,,,,,,,,,,,,,,,,,UINT8,8,2,1x64x64x16x1,rtl,,,,,,37,0,0,69,0,0,0,0
1,StreamingFIFO_rtl_64,StreamingFIFO_rtl,FIFO,,,,,,,,,,,auto,,,,,,,,,,,,,,,,,,,UINT8,8,2,1x64x64x16x1,rtl,,,,,,38,0,0,69,0,0,0,0
1,StreamingDataWidthConverter_rtl_17,StreamingDataWidthConverter_rtl,DWC,,,,,,,,,,,,,,,,,,,,,,,,,,,,,,,,,,,,,,,,16,0,0,142,0,0,0,0
1,Thresholding_rtl_18,Thresholding_rtl,Thresholding,,,1,,UINT8,UINT8,INT8,8,8,,,,16,255,999999,0,,,,,,,,,,,,,,,,,,,,,,,,64,0,9,281,0,0,0,0
1,StreamingFIFO_rtl_65,StreamingFIFO_rtl,FIFO,,,,,,,,,,,auto,,,,,,,,,,,,,,,,,,,UINT8,8,2,1x64x64x1x16,rtl,,,,,,610,0,288,309,0,0,0,0
1,StreamingFIFO_rtl_66,StreamingFIFO_rtl,FIFO,,,,,,,,,,,auto,,,,,,,,,,,,,,,,,,,INT8,8,1144,1x64x64x16x1,vivado,,,,,,753,0,432,158,0,0,0,0
1,MVAU_rtl_10,MVAU_rtl,MVAU,4,16,1,16,INT8,UINT8,INT19,8,8,dsp,auto,internal_decoupled,,,,,,,,,,,,,,,,,,,,,,,,,,,,274,128,0,335,0,0,0,16
1,StreamingFIFO_rtl_67,StreamingFIFO_rtl,FIFO,,,,,,,,,,,auto,,,,,,,,,,,,,,,,,,,INT19,19,2,1x64x64x4x1,rtl,,,,,,44,0,0,81,0,0,0,0
1,Thresholding_rtl_19,Thresholding_rtl,Thresholding,,,1,,INT19,INT19,UINT8,19,19,,,,4,255,999999,0,,,,,,,,,,,,,,,,,,,,,,,,244,0,9,578,0,0,0,0
1,StreamingFIFO_rtl_68,StreamingFIFO_rtl,FIFO,,,,,,,,,,,auto,,,,,,,,,,,,,,,,,,,UINT8,8,2,1x64x64x4x1,rtl,,,,,,25,0,0,43,0,0,0,0
1,StreamingDataWidthConverter_rtl_18,StreamingDataWidthConverter_rtl,DWC,,,,,,,,,,,,,,,,,,,,,,,,,,,,,,,,,,,,,,,,11,0,0,44,0,0,0,0
1,StreamingFIFO_rtl_69,StreamingFIFO_rtl,FIFO,,,,,,,,,,,auto,,,,,,,,,,,,,,,,,,,UINT8,8,2,1x64x64x1x4,rtl,,,,,,13,0,0,21,0,0,0,0
1,FMPadding_rtl_3,FMPadding_rtl,FMPadding,,,,4,,UINT8,,,8,,,,4,,,,,64,64,,,,,,,,,,,,,,,,,,,1x1x1x1,1,73,0,0,81,0,0,0,0
1,StreamingFIFO_rtl_70,StreamingFIFO_rtl,FIFO,,,,,,,,,,,auto,,,,,,,,,,,,,,,,,,,UINT8,8,2,1x66x66x1x4,rtl,,,,,,124,0,64,44,0,0,0,0
1,ConvolutionInputGenerator_rtl_4,ConvolutionInputGenerator_rtl,SWU,,,,4,,UINT8,UINT8,,8,,distributed,,,,,,4,66,66,64,64,3,3,1,1,1,1,0,1,,,,,,,,,,,202,80,0,426,0,0,0,0
1,StreamingFIFO_rtl_71,StreamingFIFO_rtl,FIFO,,,,,,,,,,,auto,,,,,,,,,,,,,,,,,,,UINT8,8,32,1x64x64x1x36,rtl,,,,,,24,0,0,41,0,0,0,0
1,StreamingDataWidthConverter_rtl_19,StreamingDataWidthConverter_rtl,DWC,,,,,,,,,,,,,,,,,,,,,,,,,,,,,,,,,,,,,,,,221,0,0,580,0,0,0,0
1,StreamingFIFO_rtl_72,StreamingFIFO_rtl,FIFO,,,,,,,,,,,auto,,,,,,,,,,,,,,,,,,,UINT8,8,66,1x64x64x2x18,rtl,,,,,,13,0,0,21,0,0,0,0
1,MVAU_rtl_11,MVAU_rtl,MVAU,4,36,2,18,INT8,UINT8,INT19,8,8,dsp,auto,internal_decoupled,,,,,,,,,,,,,,,,,,,,,,,,,,,,728,214,0,688,0,0,0,18
1,StreamingFIFO_rtl_73,StreamingFIFO_rtl,FIFO,,,,,,,,,,,auto,,,,,,,,,,,,,,,,,,,INT19,19,2,1x64x64x2x2,rtl,,,,,,15,0,0,23,0,0,0,0
1,StreamingDataWidthConverter_rtl_20,StreamingDataWidthConverter_rtl,DWC,,,,,,,,,,,,,,,,,,,,,,,,,,,,,,,,,,,,,,,,42,0,0,80,0,0,0,0
1,StreamingFIFO_rtl_74,StreamingFIFO_rtl,FIFO,,,,,,,,,,,auto,,,,,,,,,,,,,,,,,,,INT19,19,2,1x64x64x4x1,rtl,,,,,,14,0,0,21,0,0,0,0
1,Thresholding_rtl_20,Thresholding_rtl,Thresholding,,,1,,INT19,INT19,UINT8,19,19,,,,4,255,1024,0,,,,,,,,,,,,,,,,,,,,,,,,346,0,9,576,0,0,0,0
1,StreamingFIFO_rtl_75,StreamingFIFO_rtl,FIFO,,,,,,,,,,,auto,,,,,,,,,,,,,,,,,,,UINT8,8,2,1x64x64x4x1,rtl,,,,,,13,0,0,21,0,0,0,0
1,StreamingDataWidthConverter_rtl_21,StreamingDataWidthConverter_rtl,DWC,,,,,,,,,,,,,,,,,,,,,,,,,,,,,,,,,,,,,,,,11,0,0,44,0,0,0,0
1,StreamingFIFO_rtl_76,StreamingFIFO_rtl,FIFO,,,,,,,,,,,auto,,,,,,,,,,,,,,,,,,,UINT8,8,48,1x64x64x1x4,rtl,,,,,,14,0,0,21,0,0,0,0
1,MVAU_rtl_12,MVAU_rtl,MVAU,16,4,1,4,INT8,UINT8,INT17,8,8,dsp,auto,internal_decoupled,,,,,,,,,,,,,,,,,,,,,,,,,,,,108,36,0,161,0,0,0,4
1,StreamingFIFO_rtl_77,StreamingFIFO_rtl,FIFO,,,,,,,,,,,auto,,,,,,,,,,,,,,,,,,,INT17,17,2,1x64x64x16x1,rtl,,,,,,13,0,0,21,0,0,0,0
1,Thresholding_rtl_21,Thresholding_rtl,Thresholding,,,1,,INT17,INT17,INT8,17,17,,,,16,255,999999,0,,,,,,,,,,,,,,,,,,,,,,,,307,0,9,607,0,0,0,0
1,StreamingFIFO_rtl_78,StreamingFIFO_rtl,FIFO,,,,,,,,,,,auto,,,,,,,,,,,,,,,,,,,INT8,8,2,1x64x64x16x1,rtl,,,,,,132,0,0,261,0,0,0,0
1,AddStreams_hls_3,AddStreams_hls,AddStreams,,,1,,,INT8,,,8,,,,16,,,,,,,,,,,,,,,,,,,,,,,,,,,69,0,0,93,0,0,0,0
1,StreamingFIFO_rtl_79,StreamingFIFO_rtl,FIFO,,,,,,,,,,,auto,,,,,,,,,,,,,,,,,,,INT9,9,2,1x64x64x16x1,rtl,,,,,,72,0,0,59,0,1,0,0
1,Thresholding_rtl_22,Thresholding_rtl,Thresholding,,,1,,INT10,INT9,INT8,10,9,,,,16,255,999999,0,,,,,,,,,,,,,,,,,,,,,,,,79,0,9,305,0,0,0,0
1,StreamingFIFO_rtl_80,StreamingFIFO_rtl,FIFO,,,,,,,,,,,auto,,,,,,,,,,,,,,,,,,,INT8,8,2,1x64x64x16x1,rtl,,,,,,71,0,32,21,0,0,0,0
1,Thresholding_rtl_23,Thresholding_rtl,Thresholding,,,1,,INT9,INT8,UINT8,9,8,,,,16,255,999999,0,,,,,,,,,,,,,,,,,,,,,,,,70,0,15,174,0,0,0,0
1,StreamingFIFO_rtl_81,StreamingFIFO_rtl,FIFO,,,,,,,,,,,auto,,,,,,,,,,,,,,,,,,,UINT8,8,2,1x64x64x16x1,rtl,,,,,,26,0,0,43,0,0,0,0
1,DuplicateStreams_hls_4,DuplicateStreams_hls,DuplicateStreams,,,1,,,UINT8,,,8,,,,16,,,,,,,,,,,,,,,,,,,,,,,,,,,66,0,0,90,0,0,0,0
1,StreamingFIFO_rtl_82,StreamingFIFO_rtl,FIFO,,,,,,,,,,,auto,,,,,,,,,,,,,,,,,,,UINT8,8,2,1x64x64x16x1,rtl,,,,,,13,0,0,21,0,0,0,0
1,StreamingFIFO_rtl_83,StreamingFIFO_rtl,FIFO,,,,,,,,,,,auto,,,,,,,,,,,,,,,,,,,UINT8,8,2,1x64x64x16x1,rtl,,,,,,37,0,0,69,0,0,0,0
1,StreamingDataWidthConverter_rtl_22,StreamingDataWidthConverter_rtl,DWC,,,,,,,,,,,,,,,,,,,,,,,,,,,,,,,,,,,,,,,,14,0,0,77,0,0,0,0
1,Thresholding_rtl_24,Thresholding_rtl,Thresholding,,,1,,UINT8,UINT8,INT8,8,8,,,,16,255,999999,0,,,,,,,,,,,,,,,,,,,,,,,,64,0,9,281,0,0,0,0
1,StreamingFIFO_rtl_84,StreamingFIFO_rtl,FIFO,,,,,,,,,,,auto,,,,,,,,,,,,,,,,,,,UINT8,8,2,1x64x64x2x8,rtl,,,,,,37,0,0,69,0,0,0,0
1,StreamingFIFO_rtl_85,StreamingFIFO_rtl,FIFO,,,,,,,,,,,auto,,,,,,,,,,,,,,,,,,,INT8,8,1147,1x64x64x16x1,vivado,,,,,,610,0,288,309,0,0,0,0
1,MVAU_rtl_13,MVAU_rtl,MVAU,4,16,2,8,INT8,UINT8,INT18,8,8,dsp,auto,internal_decoupled,,,,,,,,,,,,,,,,,,,,,,,,,,,,345,97,0,395,0,0,0,8
1,StreamingFIFO_rtl_86,StreamingFIFO_rtl,FIFO,,,,,,,,,,,auto,,,,,,,,,,,,,,,,,,,INT18,18,2,1x64x64x2x2,rtl,,,,,,753,0,432,158,0,0,0,0
1,StreamingDataWidthConverter_rtl_23,StreamingDataWidthConverter_rtl,DWC,,,,,,,,,,,,,,,,,,,,,,,,,,,,,,,,,,,,,,,,41,0,0,76,0,0,0,0
1,StreamingFIFO_rtl_87,StreamingFIFO_rtl,FIFO,,,,,,,,,,,auto,,,,,,,,,,,,,,,,,,,INT18,18,2,1x64x64x4x1,rtl,,,,,,44,0,0,81,0,0,0,0
1,Thresholding_rtl_25,Thresholding_rtl,Thresholding,,,1,,INT18,INT18,UINT8,18,18,,,,4,255,999999,0,,,,,,,,,,,,,,,,,,,,,,,,226,0,9,555,0,0,0,0
1,StreamingFIFO_rtl_88,StreamingFIFO_rtl,FIFO,,,,,,,,,,,auto,,,,,,,,,,,,,,,,,,,UINT8,8,2,1x64x64x4x1,rtl,,,,,,25,0,0,43,0,0,0,0
1,StreamingDataWidthConverter_rtl_24,StreamingDataWidthConverter_rtl,DWC,,,,,,,,,,,,,,,,,,,,,,,,,,,,,,,,,,,,,,,,11,0,0,44,0,0,0,0
1,StreamingFIFO_rtl_89,StreamingFIFO_rtl,FIFO,,,,,,,,,,,auto,,,,,,,,,,,,,,,,,,,UINT8,8,2,1x64x64x1x4,rtl,,,,,,13,0,0,21,0,0,0,0
1,FMPadding_rtl_4,FMPadding_rtl,FMPadding,,,,4,,UINT8,,,8,,,,4,,,,,64,64,,,,,,,,,,,,,,,,,,,1x1x1x1,1,72,0,0,81,0,0,0,0
1,StreamingFIFO_rtl_90,StreamingFIFO_rtl,FIFO,,,,,,,,,,,auto,,,,,,,,,,,,,,,,,,,UINT8,8,2,1x66x66x1x4,rtl,,,,,,124,0,64,44,0,0,0,0
1,ConvolutionInputGenerator_rtl_5,ConvolutionInputGenerator_rtl,SWU,,,,4,,UINT8,UINT8,,8,,distributed,,,,,,4,66,66,64,64,3,3,1,1,1,1,0,1,,,,,,,,,,,202,80,0,426,0,0,0,0
1,StreamingFIFO_rtl_91,StreamingFIFO_rtl,FIFO,,,,,,,,,,,auto,,,,,,,,,,,,,,,,,,,UINT8,8,32,1x64x64x1x36,rtl,,,,,,23,0,0,39,0,0,0,0
1,StreamingDataWidthConverter_rtl_25,StreamingDataWidthConverter_rtl,DWC,,,,,,,,,,,,,,,,,,,,,,,,,,,,,,,,,,,,,,,,221,0,0,580,0,0,0,0
1,StreamingFIFO_rtl_92,StreamingFIFO_rtl,FIFO,,,,,,,,,,,auto,,,,,,,,,,,,,,,,,,,UINT8,8,66,1x64x64x2x18,rtl,,,,,,13,0,0,21,0,0,0,0
1,MVAU_rtl_14,MVAU_rtl,MVAU,4,36,2,18,INT8,UINT8,INT19,8,8,dsp,auto,internal_decoupled,,,,,,,,,,,,,,,,,,,,,,,,,,,,728,215,0,694,0,0,0,18
1,StreamingFIFO_rtl_93,StreamingFIFO_rtl,FIFO,,,,,,,,,,,auto,,,,,,,,,,,,,,,,,,,INT19,19,2,1x64x64x2x2,rtl,,,,,,15,0,0,23,0,0,0,0
1,StreamingDataWidthConverter_rtl_26,StreamingDataWidthConverter_rtl,DWC,,,,,,,,,,,,,,,,,,,,,,,,,,,,,,,,,,,,,,,,43,0,0,80,0,0,0,0
1,StreamingFIFO_rtl_94,StreamingFIFO_rtl,FIFO,,,,,,,,,,,auto,,,,,,,,,,,,,,,,,,,INT19,19,2,1x64x64x4x1,rtl,,,,,,14,0,0,21,0,0,0,0
1,Thresholding_rtl_26,Thresholding_rtl,Thresholding,,,1,,INT19,INT19,UINT8,19,19,,,,4,255,1024,0,,,,,,,,,,,,,,,,,,,,,,,,226,0,9,576,0,0,0,0
1,StreamingFIFO_rtl_95,StreamingFIFO_rtl,FIFO,,,,,,,,,,,auto,,,,,,,,,,,,,,,,,,,UINT8,8,2,1x64x64x4x1,rtl,,,,,,13,0,0,21,0,0,0,0
1,StreamingDataWidthConverter_rtl_27,StreamingDataWidthConverter_rtl,DWC,,,,,,,,,,,,,,,,,,,,,,,,,,,,,,,,,,,,,,,,11,0,0,44,0,0,0,0
1,StreamingFIFO_rtl_96,StreamingFIFO_rtl,FIFO,,,,,,,,,,,auto,,,,,,,,,,,,,,,,,,,UINT8,8,48,1x64x64x1x4,rtl,,,,,,14,0,0,21,0,0,0,0
1,MVAU_rtl_15,MVAU_rtl,MVAU,16,4,1,4,INT8,UINT8,INT18,8,8,dsp,auto,internal_decoupled,,,,,,,,,,,,,,,,,,,,,,,,,,,,111,36,0,165,0,0,0,4
1,StreamingFIFO_rtl_97,StreamingFIFO_rtl,FIFO,,,,,,,,,,,auto,,,,,,,,,,,,,,,,,,,INT18,18,2,1x64x64x16x1,rtl,,,,,,13,0,0,21,0,0,0,0
1,Thresholding_rtl_27,Thresholding_rtl,Thresholding,,,1,,INT18,INT18,INT8,18,18,,,,16,255,1024,0,,,,,,,,,,,,,,,,,,,,,,,,209,0,9,549,1,1,0,0
1,StreamingFIFO_rtl_98,StreamingFIFO_rtl,FIFO,,,,,,,,,,,auto,,,,,,,,,,,,,,,,,,,INT8,8,2,1x64x64x16x1,rtl,,,,,,69,0,0,133,0,0,0,0
1,AddStreams_hls_4,AddStreams_hls,AddStreams,,,1,,,INT8,,,8,,,,16,,,,,,,,,,,,,,,,,,,,,,,,,,,69,0,0,93,0,0,0,0
1,StreamingFIFO_rtl_99,StreamingFIFO_rtl,FIFO,,,,,,,,,,,auto,,,,,,,,,,,,,,,,,,,INT9,9,2,1x64x64x16x1,rtl,,,,,,71,0,0,59,0,1,0,0
1,Thresholding_rtl_28,Thresholding_rtl,Thresholding,,,1,,INT10,INT9,INT8,10,9,,,,16,255,999999,0,,,,,,,,,,,,,,,,,,,,,,,,79,0,9,305,0,0,0,0
1,StreamingFIFO_rtl_100,StreamingFIFO_rtl,FIFO,,,,,,,,,,,auto,,,,,,,,,,,,,,,,,,,INT8,8,2,1x64x64x16x1,rtl,,,,,,69,0,32,21,0,0,0,0
1,Thresholding_rtl_29,Thresholding_rtl,Thresholding,,,1,,INT9,INT8,UINT8,9,8,,,,16,255,999999,0,,,,,,,,,,,,,,,,,,,,,,,,70,0,15,174,0,0,0,0
1,StreamingFIFO_rtl_101,StreamingFIFO_rtl,FIFO,,,,,,,,,,,auto,,,,,,,,,,,,,,,,,,,UINT8,8,2,1x64x64x16x1,rtl,,,,,,41,0,0,77,0,0,0,0
1,DuplicateStreams_hls_5,DuplicateStreams_hls,DuplicateStreams,,,1,,,UINT8,,,8,,,,16,,,,,,,,,,,,,,,,,,,,,,,,,,,74,0,0,90,0,0,0,0
1,StreamingFIFO_rtl_102,StreamingFIFO_rtl,FIFO,,,,,,,,,,,auto,,,,,,,,,,,,,,,,,,,UINT8,8,2,1x64x64x16x1,rtl,,,,,,24,0,0,41,0,0,0,0
1,StreamingFIFO_rtl_103,StreamingFIFO_rtl,FIFO,,,,,,,,,,,auto,,,,,,,,,,,,,,,,,,,UINT8,8,2,1x64x64x16x1,rtl,,,,,,13,0,0,21,0,0,0,0
1,StreamingDataWidthConverter_rtl_28,StreamingDataWidthConverter_rtl,DWC,,,,,,,,,,,,,,,,,,,,,,,,,,,,,,,,,,,,,,,,15,0,0,142,0,0,0,0
1,ConvolutionInputGenerator_rtl_6,ConvolutionInputGenerator_rtl,SWU,,,,1,,UINT8,UINT8,,8,,distributed,,,,,,16,64,64,32,32,2,2,2,2,1,1,0,0,,,,,,,,,,,650,320,0,119,0,0,0,0
1,StreamingFIFO_rtl_104,StreamingFIFO_rtl,FIFO,,,,,,,,,,,auto,,,,,,,,,,,,,,,,,,,UINT8,8,2,1x64x64x1x16,rtl,,,,,,37,0,0,69,0,0,0,0
1,StreamingFIFO_rtl_105,StreamingFIFO_rtl,FIFO,,,,,,,,,,,auto,,,,,,,,,,,,,,,,,,,UINT8,8,2,1x32x32x64x1,rtl,,,,,,37,0,0,69,0,0,0,0
1,StreamingDataWidthConverter_rtl_29,StreamingDataWidthConverter_rtl,DWC,,,,,,,,,,,,,,,,,,,,,,,,,,,,,,,,,,,,,,,,11,0,0,27,0,0,0,0
1,StreamingMaxPool_hls_1,StreamingMaxPool_hls,MaxPool,,,1,,,,,,,,,,16,,,,,,,,,,,,,,,,,,,,,,,,,,,938,64,0,990,0,0,0,0
1,StreamingFIFO_rtl_106,StreamingFIFO_rtl,FIFO,,,,,,,,,,,auto,,,,,,,,,,,,,,,,,,,UINT8,8,32,1x32x32x1x16,rtl,,,,,,609,0,288,308,0,0,0,0
1,StreamingFIFO_rtl_107,StreamingFIFO_rtl,FIFO,,,,,,,,,,,auto,,,,,,,,,,,,,,,,,,,UINT8,8,2336,1x32x32x32x2,vivado,,,,,,752,0,432,158,0,0,0,0
1,MVAU_rtl_16,MVAU_rtl,MVAU,8,64,1,2,INT8,UINT8,INT21,8,8,dsp,auto,internal_decoupled,,,,,,,,,,,,,,,,,,,,,,,,,,,,542,130,0,467,0,0,0,16
1,MVAU_rtl_17,MVAU_rtl,MVAU,32,16,2,16,UINT7,UINT8,INT16,7,8,dsp,auto,internal_decoupled,,,,,,,,,,,,,,,,,,,,,,,,,,,,91,10,0,160,0,1,0,2
1,StreamingFIFO_rtl_108,StreamingFIFO_rtl,FIFO,,,,,,,,,,,auto,,,,,,,,,,,,,,,,,,,INT21,21,2,1x32x32x8x1,rtl,,,,,,43,0,0,81,0,0,0,0
1,StreamingFIFO_rtl_109,StreamingFIFO_rtl,FIFO,,,,,,,,,,,auto,,,,,,,,,,,,,,,,,,,INT16,16,256,1x32x32x16x2,rtl,,,,,,25,0,0,43,0,0,0,0
1,StreamingDataWidthConverter_rtl_30,StreamingDataWidthConverter_rtl,DWC,,,,,,,,,,,,,,,,,,,,,,,,,,,,,,,,,,,,,,,,38,0,0,68,0,0,0,0
1,Thresholding_rtl_30,Thresholding_rtl,Thresholding,,,1,,INT21,INT21,UINT8,21,21,,,,8,255,0,0,,,,,,,,,,,,,,,,,,,,,,,,151,0,9,511,1,4,0,0
1,StreamingFIFO_rtl_110,StreamingFIFO_rtl,FIFO,,,,,,,,,,,auto,,,,,,,,,,,,,,,,,,,INT16,16,2,1x32x32x32x1,rtl,,,,,,13,0,0,21,0,0,0,0
1,StreamingFIFO_rtl_111,StreamingFIFO_rtl,FIFO,,,,,,,,,,,auto,,,,,,,,,,,,,,,,,,,UINT8,8,2,1x32x32x8x1,rtl,,,,,,124,0,64,44,0,0,0,0
1,StreamingDataWidthConverter_rtl_31,StreamingDataWidthConverter_rtl,DWC,,,,,,,,,,,,,,,,,,,,,,,,,,,,,,,,,,,,,,,,14,0,0,77,0,0,0,0
1,Thresholding_rtl_31,Thresholding_rtl,Thresholding,,,1,,INT16,INT16,INT8,16,16,,,,32,255,1024,0,,,,,,,,,,,,,,,,,,,,,,,,120,0,14,415,3,1,0,0
1,StreamingFIFO_rtl_112,StreamingFIFO_rtl,FIFO,,,,,,,,,,,auto,,,,,,,,,,,,,,,,,,,UINT8,8,2,1x32x32x1x8,rtl,,,,,,24,0,0,41,0,0,0,0
1,StreamingFIFO_rtl_113,StreamingFIFO_rtl,FIFO,,,,,,,,,,,auto,,,,,,,,,,,,,,,,,,,INT8,8,3422,1x32x32x32x1,vivado,,,,,,13,0,0,21,0,0,0,0
1,FMPadding_rtl_5,FMPadding_rtl,FMPadding,,,,8,,UINT8,,,8,,,,8,,,,,32,32,,,,,,,,,,,,,,,,,,,1x1x1x1,1,88,0,0,143,0,0,0,0
1,StreamingFIFO_rtl_114,StreamingFIFO_rtl,FIFO,,,,,,,,,,,auto,,,,,,,,,,,,,,,,,,,UINT8,8,2,1x34x34x1x8,rtl,,,,,,15,0,0,23,0,0,0,0
1,ConvolutionInputGenerator_rtl_7,ConvolutionInputGenerator_rtl,SWU,,,,8,,UINT8,UINT8,,8,,distributed,,,,,,8,34,34,32,32,3,3,1,1,1,1,0,1,,,,,,,,,,,183,80,0,771,0,0,0,0
1,StreamingFIFO_rtl_115,StreamingFIFO_rtl,FIFO,,,,,,,,,,,auto,,,,,,,,,,,,,,,,,,,UINT8,8,32,1x32x32x1x72,rtl,,,,,,14,0,0,21,0,0,0,0
1,StreamingDataWidthConverter_rtl_32,StreamingDataWidthConverter_rtl,DWC,,,,,,,,,,,,,,,,,,,,,,,,,,,,,,,,,,,,,,,,437,0,0,1156,0,0,0,0
1,StreamingFIFO_rtl_116,StreamingFIFO_rtl,FIFO,,,,,,,,,,,auto,,,,,,,,,,,,,,,,,,,UINT8,8,50,1x32x32x2x36,rtl,,,,,,13,0,0,21,0,0,0,0
1,MVAU_rtl_18,MVAU_rtl,MVAU,8,72,2,36,INT8,UINT8,INT19,8,8,dsp,auto,internal_decoupled,,,,,,,,,,,,,,,,,,,,,,,,,,,,1346,454,0,1272,0,0,0,36
1,StreamingFIFO_rtl_117,StreamingFIFO_rtl,FIFO,,,,,,,,,,,auto,,,,,,,,,,,,,,,,,,,INT19,19,2,1x32x32x4x2,rtl,,,,,,15,0,0,21,0,0,0,0
1,StreamingDataWidthConverter_rtl_33,StreamingDataWidthConverter_rtl,DWC,,,,,,,,,,,,,,,,,,,,,,,,,,,,,,,,,,,,,,,,43,0,0,80,0,0,0,0
1,StreamingFIFO_rtl_118,StreamingFIFO_rtl,FIFO,,,,,,,,,,,auto,,,,,,,,,,,,,,,,,,,INT19,19,2,1x32x32x8x1,rtl,,,,,,15,0,0,21,0,0,0,0
1,Thresholding_rtl_32,Thresholding_rtl,Thresholding,,,1,,INT19,INT19,UINT8,19,19,,,,8,255,1024,0,,,,,,,,,,,,,,,,,,,,,,,,230,0,9,590,1,0,0,0
1,StreamingFIFO_rtl_119,StreamingFIFO_rtl,FIFO,,,,,,,,,,,auto,,,,,,,,,,,,,,,,,,,UINT8,8,2,1x32x32x8x1,rtl,,,,,,133,0,0,261,0,0,0,0
1,StreamingDataWidthConverter_rtl_34,StreamingDataWidthConverter_rtl,DWC,,,,,,,,,,,,,,,,,,,,,,,,,,,,,,,,,,,,,,,,14,0,0,77,0,0,0,0
1,StreamingFIFO_rtl_120,StreamingFIFO_rtl,FIFO,,,,,,,,,,,auto,,,,,,,,,,,,,,,,,,,UINT8,8,32,1x32x32x1x8,rtl,,,,,,14,0,0,21,0,0,0,0
1,MVAU_rtl_19,MVAU_rtl,MVAU,32,8,1,8,INT8,UINT8,INT18,8,8,dsp,auto,internal_decoupled,,,,,,,,,,,,,,,,,,,,,,,,,,,,156,72,0,232,0,0,0,8
1,StreamingFIFO_rtl_121,StreamingFIFO_rtl,FIFO,,,,,,,,,,,auto,,,,,,,,,,,,,,,,,,,INT18,18,2,1x32x32x32x1,rtl,,,,,,153,0,128,139,0,0,0,0
1,Thresholding_rtl_33,Thresholding_rtl,Thresholding,,,1,,INT18,INT18,INT8,18,18,,,,32,255,1024,0,,,,,,,,,,,,,,,,,,,,,,,,195,0,9,541,3,1,0,0
1,StreamingFIFO_rtl_122,StreamingFIFO_rtl,FIFO,,,,,,,,,,,auto,,,,,,,,,,,,,,,,,,,INT8,8,2,1x32x32x32x1,rtl,,,,,,77,0,0,63,1,0,0,0
1,AddStreams_hls_5,AddStreams_hls,AddStreams,,,1,,,INT8,,,8,,,,32,,,,,,,,,,,,,,,,,,,,,,,,,,,68,0,0,92,0,0,0,0
1,StreamingFIFO_rtl_123,StreamingFIFO_rtl,FIFO,,,,,,,,,,,auto,,,,,,,,,,,,,,,,,,,INT9,9,2,1x32x32x32x1,rtl,,,,,,182,0,128,30,0,0,0,0
2,StreamingFIFO_rtl_0,StreamingFIFO_rtl,FIFO,,,,,,,,,,,auto,,,,,,,,,,,,,,,,,,,INT9,9,2,1x32x32x32x1,rtl,,,,,,15,0,0,23,0,0,0,0
2,Thresholding_rtl_0,Thresholding_rtl,Thresholding,,,1,,INT10,INT9,INT8,10,9,,,,32,255,999999,0,,,,,,,,,,,,,,,,,,,,,,,,80,0,9,306,0,0,0,0
2,StreamingFIFO_rtl_1,StreamingFIFO_rtl,FIFO,,,,,,,,,,,auto,,,,,,,,,,,,,,,,,,,INT8,8,2,1x32x32x32x1,rtl,,,,,,14,0,0,21,0,0,0,0
2,Thresholding_rtl_1,Thresholding_rtl,Thresholding,,,1,,INT9,INT8,UINT8,9,8,,,,32,255,999999,0,,,,,,,,,,,,,,,,,,,,,,,,70,0,15,174,0,0,0,0
2,StreamingFIFO_rtl_2,StreamingFIFO_rtl,FIFO,,,,,,,,,,,auto,,,,,,,,,,,,,,,,,,,UINT8,8,2,1x32x32x32x1,rtl,,,,,,13,0,0,21,0,0,0,0
2,DuplicateStreams_hls_0,DuplicateStreams_hls,DuplicateStreams,,,1,,,UINT8,,,8,,,,32,,,,,,,,,,,,,,,,,,,,,,,,,,,70,0,0,89,0,0,0,0
2,StreamingFIFO_rtl_3,StreamingFIFO_rtl,FIFO,,,,,,,,,,,auto,,,,,,,,,,,,,,,,,,,UINT8,8,2,1x32x32x32x1,rtl,,,,,,14,0,0,21,0,0,0,0
2,StreamingFIFO_rtl_4,StreamingFIFO_rtl,FIFO,,,,,,,,,,,auto,,,,,,,,,,,,,,,,,,,UINT8,8,2,1x32x32x32x1,rtl,,,,,,13,0,0,21,0,0,0,0
2,StreamingDataWidthConverter_rtl_0,StreamingDataWidthConverter_rtl,DWC,,,,,,,,,,,,,,,,,,,,,,,,,,,,,,,,,,,,,,,,16,0,0,142,0,0,0,0
2,Thresholding_rtl_2,Thresholding_rtl,Thresholding,,,1,,UINT8,UINT8,INT8,8,8,,,,32,255,999999,0,,,,,,,,,,,,,,,,,,,,,,,,64,0,9,283,0,0,0,0
2,StreamingFIFO_rtl_5,StreamingFIFO_rtl,FIFO,,,,,,,,,,,auto,,,,,,,,,,,,,,,,,,,UINT8,8,2,1x32x32x2x16,rtl,,,,,,132,0,0,261,0,0,0,0
2,StreamingFIFO_rtl_6,StreamingFIFO_rtl,FIFO,,,,,,,,,,,auto,,,,,,,,,,,,,,,,,,,INT8,8,1179,1x32x32x32x1,vivado,,,,,,71,0,0,59,0,1,0,0
2,MVAU_rtl_0,MVAU_rtl,MVAU,8,32,2,16,INT8,UINT8,INT20,8,8,dsp,auto,internal_decoupled,,,,,,,,,,,,,,,,,,,,,,,,,,,,663,201,0,671,0,0,0,16
2,StreamingFIFO_rtl_7,StreamingFIFO_rtl,FIFO,,,,,,,,,,,auto,,,,,,,,,,,,,,,,,,,INT20,20,2,1x32x32x4x2,rtl,,,,,,89,0,40,22,0,0,0,0
2,StreamingDataWidthConverter_rtl_1,StreamingDataWidthConverter_rtl,DWC,,,,,,,,,,,,,,,,,,,,,,,,,,,,,,,,,,,,,,,,43,0,0,84,0,0,0,0
2,StreamingFIFO_rtl_8,StreamingFIFO_rtl,FIFO,,,,,,,,,,,auto,,,,,,,,,,,,,,,,,,,INT20,20,2,1x32x32x8x1,rtl,,,,,,46,0,0,85,0,0,0,0
2,Thresholding_rtl_3,Thresholding_rtl,Thresholding,,,1,,INT20,INT20,UINT8,20,20,,,,8,255,1024,0,,,,,,,,,,,,,,,,,,,,,,,,238,0,9,596,1,0,0,0
2,StreamingFIFO_rtl_9,StreamingFIFO_rtl,FIFO,,,,,,,,,,,auto,,,,,,,,,,,,,,,,,,,UINT8,8,2,1x32x32x8x1,rtl,,,,,,26,0,0,45,0,0,0,0
2,StreamingDataWidthConverter_rtl_2,StreamingDataWidthConverter_rtl,DWC,,,,,,,,,,,,,,,,,,,,,,,,,,,,,,,,,,,,,,,,14,0,0,77,0,0,0,0
2,StreamingFIFO_rtl_10,StreamingFIFO_rtl,FIFO,,,,,,,,,,,auto,,,,,,,,,,,,,,,,,,,UINT8,8,2,1x32x32x1x8,rtl,,,,,,13,0,0,21,0,0,0,0
2,FMPadding_rtl_0,FMPadding_rtl,FMPadding,,,,8,,UINT8,,,8,,,,8,,,,,32,32,,,,,,,,,,,,,,,,,,,1x1x1x1,1,90,0,0,143,0,0,0,0
2,StreamingFIFO_rtl_11,StreamingFIFO_rtl,FIFO,,,,,,,,,,,auto,,,,,,,,,,,,,,,,,,,UINT8,8,2,1x34x34x1x8,rtl,,,,,,71,0,0,133,0,0,0,0
2,ConvolutionInputGenerator_rtl_0,ConvolutionInputGenerator_rtl,SWU,,,,8,,UINT8,UINT8,,8,,distributed,,,,,,8,34,34,32,32,3,3,1,1,1,1,0,1,,,,,,,,,,,181,80,0,768,0,0,0,0
2,StreamingFIFO_rtl_12,StreamingFIFO_rtl,FIFO,,,,,,,,,,,auto,,,,,,,,,,,,,,,,,,,UINT8,8,32,1x32x32x1x72,rtl,,,,,,72,0,0,133,0,0,0,0
2,StreamingDataWidthConverter_rtl_3,StreamingDataWidthConverter_rtl,DWC,,,,,,,,,,,,,,,,,,,,,,,,,,,,,,,,,,,,,,,,438,0,0,1156,0,0,0,0
2,StreamingFIFO_rtl_13,StreamingFIFO_rtl,FIFO,,,,,,,,,,,auto,,,,,,,,,,,,,,,,,,,UINT8,8,50,1x32x32x2x36,rtl,,,,,,1193,0,576,602,0,0,0,0
2,MVAU_rtl_1,MVAU_rtl,MVAU,8,72,2,36,INT8,UINT8,INT20,8,8,dsp,auto,internal_decoupled,,,,,,,,,,,,,,,,,,,,,,,,,,,,1322,453,0,1375,0,0,0,36
2,StreamingFIFO_rtl_14,StreamingFIFO_rtl,FIFO,,,,,,,,,,,auto,,,,,,,,,,,,,,,,,,,INT20,20,2,1x32x32x4x2,rtl,,,,,,900,0,576,307,0,0,0,0
2,StreamingDataWidthConverter_rtl_4,StreamingDataWidthConverter_rtl,DWC,,,,,,,,,,,,,,,,,,,,,,,,,,,,,,,,,,,,,,,,45,0,0,84,0,0,0,0
2,StreamingFIFO_rtl_15,StreamingFIFO_rtl,FIFO,,,,,,,,,,,auto,,,,,,,,,,,,,,,,,,,INT20,20,2,1x32x32x8x1,rtl,,,,,,48,0,0,85,0,0,0,0
2,Thresholding_rtl_4,Thresholding_rtl,Thresholding,,,1,,INT20,INT20,UINT4,20,20,,,,8,15,1024,0,,,,,,,,,,,,,,,,,,,,,,,,97,0,5,278,0,0,0,0
2,StreamingFIFO_rtl_16,StreamingFIFO_rtl,FIFO,,,,,,,,,,,auto,,,,,,,,,,,,,,,,,,,UINT4,4,2,1x32x32x8x1,rtl,,,,,,26,0,0,45,0,0,0,0
2,StreamingDataWidthConverter_rtl_5,StreamingDataWidthConverter_rtl,DWC,,,,,,,,,,,,,,,,,,,,,,,,,,,,,,,,,,,,,,,,9,0,0,41,0,0,0,0
2,StreamingFIFO_rtl_17,StreamingFIFO_rtl,FIFO,,,,,,,,,,,auto,,,,,,,,,,,,,,,,,,,UINT4,4,32,1x32x32x1x8,rtl,,,,,,9,0,0,13,0,0,0,0
2,MVAU_rtl_2,MVAU_rtl,MVAU,32,8,1,8,INT8,UINT4,INT14,8,4,dsp,auto,internal_decoupled,,,,,,,,,,,,,,,,,,,,,,,,,,,,132,52,0,184,0,0,0,8
2,StreamingFIFO_rtl_18,StreamingFIFO_rtl,FIFO,,,,,,,,,,,auto,,,,,,,,,,,,,,,,,,,INT14,14,2,1x32x32x32x1,rtl,,,,,,89,0,32,43,0,0,0,0
2,Thresholding_rtl_5,Thresholding_rtl,Thresholding,,,1,,INT14,INT14,INT8,14,14,,,,32,255,1024,0,,,,,,,,,,,,,,,,,,,,,,,,153,0,9,461,3,1,0,0
2,StreamingFIFO_rtl_19,StreamingFIFO_rtl,FIFO,,,,,,,,,,,auto,,,,,,,,,,,,,,,,,,,INT8,8,2,1x32x32x32x1,rtl,,,,,,20,0,0,33,0,0,0,0
2,AddStreams_hls_0,AddStreams_hls,AddStreams,,,1,,,INT8,,,8,,,,32,,,,,,,,,,,,,,,,,,,,,,,,,,,68,0,0,92,0,0,0,0
2,StreamingFIFO_rtl_20,StreamingFIFO_rtl,FIFO,,,,,,,,,,,auto,,,,,,,,,,,,,,,,,,,INT9,9,2,1x32x32x32x1,rtl,,,,,,13,0,0,21,0,0,0,0
2,Thresholding_rtl_6,Thresholding_rtl,Thresholding,,,1,,INT10,INT9,INT8,10,9,,,,32,255,999999,0,,,,,,,,,,,,,,,,,,,,,,,,80,0,9,306,0,0,0,0
2,StreamingFIFO_rtl_21,StreamingFIFO_rtl,FIFO,,,,,,,,,,,auto,,,,,,,,,,,,,,,,,,,INT8,8,2,1x32x32x32x1,rtl,,,,,,15,0,0,23,0,0,0,0
2,Thresholding_rtl_7,Thresholding_rtl,Thresholding,,,1,,INT9,INT8,UINT8,9,8,,,,32,255,999999,0,,,,,,,,,,,,,,,,,,,,,,,,70,0,15,174,0,0,0,0
2,StreamingFIFO_rtl_22,StreamingFIFO_rtl,FIFO,,,,,,,,,,,auto,,,,,,,,,,,,,,,,,,,UINT8,8,2,1x32x32x32x1,rtl,,,,,,14,0,0,21,0,0,0,0
2,DuplicateStreams_hls_1,DuplicateStreams_hls,DuplicateStreams,,,1,,,UINT8,,,8,,,,32,,,,,,,,,,,,,,,,,,,,,,,,,,,68,0,0,89,0,0,0,0
2,StreamingFIFO_rtl_23,StreamingFIFO_rtl,FIFO,,,,,,,,,,,auto,,,,,,,,,,,,,,,,,,,UINT8,8,2,1x32x32x32x1,rtl,,,,,,13,0,0,21,0,0,0,0
2,StreamingFIFO_rtl_24,StreamingFIFO_rtl,FIFO,,,,,,,,,,,auto,,,,,,,,,,,,,,,,,,,UINT8,8,2,1x32x32x32x1,rtl,,,,,,14,0,0,21,0,0,0,0
2,StreamingDataWidthConverter_rtl_6,StreamingDataWidthConverter_rtl,DWC,,,,,,,,,,,,,,,,,,,,,,,,,,,,,,,,,,,,,,,,16,0,0,142,0,0,0,0
2,Thresholding_rtl_8,Thresholding_rtl,Thresholding,,,1,,UINT8,UINT8,INT8,8,8,,,,32,255,999999,0,,,,,,,,,,,,,,,,,,,,,,,,64,0,9,283,0,0,0,0
2,StreamingFIFO_rtl_25,StreamingFIFO_rtl,FIFO,,,,,,,,,,,auto,,,,,,,,,,,,,,,,,,,UINT8,8,2,1x32x32x2x16,rtl,,,,,,13,0,0,21,0,0,0,0
2,StreamingFIFO_rtl_26,StreamingFIFO_rtl,FIFO,,,,,,,,,,,auto,,,,,,,,,,,,,,,,,,,INT8,8,2243,1x32x32x32x1,vivado,,,,,,132,0,0,261,0,0,0,0
2,MVAU_rtl_3,MVAU_rtl,MVAU,8,32,2,16,INT8,UINT8,INT20,8,8,dsp,auto,internal_decoupled,,,,,,,,,,,,,,,,,,,,,,,,,,,,663,202,0,672,0,0,0,16
2,StreamingFIFO_rtl_27,StreamingFIFO_rtl,FIFO,,,,,,,,,,,auto,,,,,,,,,,,,,,,,,,,INT20,20,2,1x32x32x4x2,rtl,,,,,,81,0,0,63,0,1,0,0
2,StreamingDataWidthConverter_rtl_7,StreamingDataWidthConverter_rtl,DWC,,,,,,,,,,,,,,,,,,,,,,,,,,,,,,,,,,,,,,,,45,0,0,84,0,0,0,0
2,StreamingFIFO_rtl_28,StreamingFIFO_rtl,FIFO,,,,,,,,,,,auto,,,,,,,,,,,,,,,,,,,INT20,20,2,1x32x32x8x1,rtl,,,,,,108,0,56,22,0,0,0,0
2,Thresholding_rtl_9,Thresholding_rtl,Thresholding,,,1,,INT20,INT20,UINT8,20,20,,,,8,255,1024,0,,,,,,,,,,,,,,,,,,,,,,,,244,0,9,597,1,0,0,0
2,StreamingFIFO_rtl_29,StreamingFIFO_rtl,FIFO,,,,,,,,,,,auto,,,,,,,,,,,,,,,,,,,UINT8,8,2,1x32x32x8x1,rtl,,,,,,46,0,0,85,0,0,0,0
2,StreamingDataWidthConverter_rtl_8,StreamingDataWidthConverter_rtl,DWC,,,,,,,,,,,,,,,,,,,,,,,,,,,,,,,,,,,,,,,,13,0,0,77,0,0,0,0
2,StreamingFIFO_rtl_30,StreamingFIFO_rtl,FIFO,,,,,,,,,,,auto,,,,,,,,,,,,,,,,,,,UINT8,8,32,1x32x32x1x8,rtl,,,,,,26,0,0,45,0,0,0,0
2,FMPadding_rtl_1,FMPadding_rtl,FMPadding,,,,8,,UINT8,,,8,,,,8,,,,,32,32,,,,,,,,,,,,,,,,,,,2x2x2x2,1,88,0,0,143,0,0,0,0
2,StreamingFIFO_rtl_31,StreamingFIFO_rtl,FIFO,,,,,,,,,,,auto,,,,,,,,,,,,,,,,,,,UINT8,8,2,1x36x36x1x8,rtl,,,,,,13,0,0,21,0,0,0,0
2,ConvolutionInputGenerator_rtl_1,ConvolutionInputGenerator_rtl,SWU,,,,8,,UINT8,UINT8,,8,,distributed,,,,,,8,36,36,32,32,3,3,1,1,2,2,0,1,,,,,,,,,,,541,296,0,1290,0,0,0,0
2,StreamingFIFO_rtl_32,StreamingFIFO_rtl,FIFO,,,,,,,,,,,auto,,,,,,,,,,,,,,,,,,,UINT8,8,32,1x32x32x1x72,rtl,,,,,,149,0,64,75,0,0,0,0
2,StreamingDataWidthConverter_rtl_9,StreamingDataWidthConverter_rtl,DWC,,,,,,,,,,,,,,,,,,,,,,,,,,,,,,,,,,,,,,,,438,0,0,1156,0,0,0,0
2,StreamingFIFO_rtl_33,StreamingFIFO_rtl,FIFO,,,,,,,,,,,auto,,,,,,,,,,,,,,,,,,,UINT8,8,100,1x32x32x2x36,rtl,,,,,,72,0,0,133,0,0,0,0
2,MVAU_rtl_4,MVAU_rtl,MVAU,8,72,2,36,INT8,UINT8,INT20,8,8,dsp,auto,internal_decoupled,,,,,,,,,,,,,,,,,,,,,,,,,,,,1321,454,0,1377,0,0,0,36
2,StreamingFIFO_rtl_34,StreamingFIFO_rtl,FIFO,,,,,,,,,,,auto,,,,,,,,,,,,,,,,,,,INT20,20,2,1x32x32x4x2,rtl,,,,,,1194,0,576,601,0,0,0,0
2,StreamingDataWidthConverter_rtl_10,StreamingDataWidthConverter_rtl,DWC,,,,,,,,,,,,,,,,,,,,,,,,,,,,,,,,,,,,,,,,45,0,0,84,0,0,0,0
2,StreamingFIFO_rtl_35,StreamingFIFO_rtl,FIFO,,,,,,,,,,,auto,,,,,,,,,,,,,,,,,,,INT20,20,2,1x32x32x8x1,rtl,,,,,,1473,0,1152,301,0,0,0,0
2,Thresholding_rtl_10,Thresholding_rtl,Thresholding,,,1,,INT20,INT20,UINT8,20,20,,,,8,255,1024,0,,,,,,,,,,,,,,,,,,,,,,,,235,0,9,597,1,0,0,0
2,StreamingFIFO_rtl_36,StreamingFIFO_rtl,FIFO,,,,,,,,,,,auto,,,,,,,,,,,,,,,,,,,UINT8,8,2,1x32x32x8x1,rtl,,,,,,48,0,0,85,0,0,0,0
2,StreamingDataWidthConverter_rtl_11,StreamingDataWidthConverter_rtl,DWC,,,,,,,,,,,,,,,,,,,,,,,,,,,,,,,,,,,,,,,,13,0,0,77,0,0,0,0
2,StreamingFIFO_rtl_37,StreamingFIFO_rtl,FIFO,,,,,,,,,,,auto,,,,,,,,,,,,,,,,,,,UINT8,8,49,1x32x32x1x8,rtl,,,,,,26,0,0,45,0,0,0,0
2,MVAU_rtl_5,MVAU_rtl,MVAU,32,8,1,8,INT8,UINT8,INT18,8,8,dsp,auto,internal_decoupled,,,,,,,,,,,,,,,,,,,,,,,,,,,,155,72,0,232,0,0,0,8
2,StreamingFIFO_rtl_38,StreamingFIFO_rtl,FIFO,,,,,,,,,,,auto,,,,,,,,,,,,,,,,,,,INT18,18,2,1x32x32x32x1,rtl,,,,,,13,0,0,21,0,0,0,0
2,Thresholding_rtl_11,Thresholding_rtl,Thresholding,,,1,,INT18,INT18,INT8,18,18,,,,32,255,999999,0,,,,,,,,,,,,,,,,,,,,,,,,464,0,9,707,0,0,0,0
2,StreamingFIFO_rtl_39,StreamingFIFO_rtl,FIFO,,,,,,,,,,,auto,,,,,,,,,,,,,,,,,,,INT8,8,2,1x32x32x32x1,rtl,,,,,,218,0,128,76,0,0,0,0
2,AddStreams_hls_1,AddStreams_hls,AddStreams,,,1,,,INT8,,,8,,,,32,,,,,,,,,,,,,,,,,,,,,,,,,,,69,0,0,92,0,0,0,0
2,StreamingFIFO_rtl_40,StreamingFIFO_rtl,FIFO,,,,,,,,,,,auto,,,,,,,,,,,,,,,,,,,INT9,9,2,1x32x32x32x1,rtl,,,,,,24,0,0,41,0,0,0,0
2,Thresholding_rtl_12,Thresholding_rtl,Thresholding,,,1,,INT10,INT9,INT8,10,9,,,,32,255,999999,0,,,,,,,,,,,,,,,,,,,,,,,,80,0,9,306,0,0,0,0
2,StreamingFIFO_rtl_41,StreamingFIFO_rtl,FIFO,,,,,,,,,,,auto,,,,,,,,,,,,,,,,,,,INT8,8,2,1x32x32x32x1,rtl,,,,,,13,0,0,21,0,0,0,0
2,Thresholding_rtl_13,Thresholding_rtl,Thresholding,,,1,,INT9,INT8,UINT4,9,8,,,,32,15,999999,0,,,,,,,,,,,,,,,,,,,,,,,,43,0,7,88,0,0,0,0
2,StreamingFIFO_rtl_42,StreamingFIFO_rtl,FIFO,,,,,,,,,,,auto,,,,,,,,,,,,,,,,,,,UINT4,4,2,1x32x32x32x1,rtl,,,,,,15,0,0,23,0,0,0,0
2,DuplicateStreams_hls_2,DuplicateStreams_hls,DuplicateStreams,,,1,,,UINT4,,,4,,,,32,,,,,,,,,,,,,,,,,,,,,,,,,,,61,0,0,61,0,0,0,0
2,StreamingFIFO_rtl_43,StreamingFIFO_rtl,FIFO,,,,,,,,,,,auto,,,,,,,,,,,,,,,,,,,UINT4,4,2,1x32x32x32x1,rtl,,,,,,14,0,0,21,0,0,0,0
2,StreamingFIFO_rtl_44,StreamingFIFO_rtl,FIFO,,,,,,,,,,,auto,,,,,,,,,,,,,,,,,,,UINT4,4,2,1x32x32x32x1,rtl,,,,,,9,0,0,13,0,0,0,0
2,StreamingDataWidthConverter_rtl_12,StreamingDataWidthConverter_rtl,DWC,,,,,,,,,,,,,,,,,,,,,,,,,,,,,,,,,,,,,,,,11,0,0,74,0,0,0,0
2,Thresholding_rtl_14,Thresholding_rtl,Thresholding,,,1,,UINT4,UINT4,INT8,4,4,,,,32,255,999999,0,,,,,,,,,,,,,,,,,,,,,,,,48,0,12,152,0,0,0,0
2,StreamingFIFO_rtl_45,StreamingFIFO_rtl,FIFO,,,,,,,,,,,auto,,,,,,,,,,,,,,,,,,,UINT4,4,2,1x32x32x2x16,rtl,,,,,,10,0,0,13,0,0,0,0
2,StreamingFIFO_rtl_46,StreamingFIFO_rtl,FIFO,,,,,,,,,,,auto,,,,,,,,,,,,,,,,,,,INT8,8,4347,1x32x32x32x1,vivado,,,,,,9,0,0,13,0,0,0,0
2,MVAU_rtl_6,MVAU_rtl,MVAU,8,32,2,16,INT8,UINT4,INT16,8,4,dsp,auto,internal_decoupled,,,,,,,,,,,,,,,,,,,,,,,,,,,,574,168,0,589,0,0,0,16
2,StreamingFIFO_rtl_47,StreamingFIFO_rtl,FIFO,,,,,,,,,,,auto,,,,,,,,,,,,,,,,,,,INT16,16,2,1x32x32x4x2,rtl,,,,,,69,0,0,133,0,0,0,0
2,StreamingDataWidthConverter_rtl_13,StreamingDataWidthConverter_rtl,DWC,,,,,,,,,,,,,,,,,,,,,,,,,,,,,,,,,,,,,,,,37,0,0,68,0,0,0,0
2,StreamingFIFO_rtl_48,StreamingFIFO_rtl,FIFO,,,,,,,,,,,auto,,,,,,,,,,,,,,,,,,,INT16,16,2,1x32x32x8x1,rtl,,,,,,83,0,0,67,1,0,0,0
2,Thresholding_rtl_15,Thresholding_rtl,Thresholding,,,1,,INT16,INT16,UINT8,16,16,,,,8,255,1024,0,,,,,,,,,,,,,,,,,,,,,,,,205,0,9,509,0,1,0,0
2,StreamingFIFO_rtl_49,StreamingFIFO_rtl,FIFO,,,,,,,,,,,auto,,,,,,,,,,,,,,,,,,,UINT8,8,2,1x32x32x8x1,rtl,,,,,,108,0,64,22,0,0,0,0
2,StreamingDataWidthConverter_rtl_14,StreamingDataWidthConverter_rtl,DWC,,,,,,,,,,,,,,,,,,,,,,,,,,,,,,,,,,,,,,,,14,0,0,77,0,0,0,0
2,StreamingFIFO_rtl_50,StreamingFIFO_rtl,FIFO,,,,,,,,,,,auto,,,,,,,,,,,,,,,,,,,UINT8,8,32,1x32x32x1x8,rtl,,,,,,37,0,0,69,0,0,0,0
2,FMPadding_rtl_2,FMPadding_rtl,FMPadding,,,,8,,UINT8,,,8,,,,8,,,,,32,32,,,,,,,,,,,,,,,,,,,4x4x4x4,1,86,0,0,143,0,0,0,0
2,StreamingFIFO_rtl_51,StreamingFIFO_rtl,FIFO,,,,,,,,,,,auto,,,,,,,,,,,,,,,,,,,UINT8,8,2,1x40x40x1x8,rtl,,,,,,22,0,0,37,0,0,0,0
2,ConvolutionInputGenerator_rtl_2,ConvolutionInputGenerator_rtl,SWU,,,,8,,UINT8,UINT8,,8,,distributed,,,,,,8,40,40,32,32,3,3,1,1,4,4,0,1,,,,,,,,,,,712,444,0,2204,0,0,0,0
2,StreamingFIFO_rtl_52,StreamingFIFO_rtl,FIFO,,,,,,,,,,,auto,,,,,,,,,,,,,,,,,,,UINT8,8,52,1x32x32x1x72,rtl,,,,,,13,0,0,21,0,0,0,0
2,StreamingDataWidthConverter_rtl_15,StreamingDataWidthConverter_rtl,DWC,,,,,,,,,,,,,,,,,,,,,,,,,,,,,,,,,,,,,,,,436,0,0,1156,0,0,0,0
2,StreamingFIFO_rtl_53,StreamingFIFO_rtl,FIFO,,,,,,,,,,,auto,,,,,,,,,,,,,,,,,,,UINT8,8,198,1x32x32x2x36,rtl,,,,,,152,0,64,75,0,0,0,0
2,MVAU_rtl_7,MVAU_rtl,MVAU,8,72,2,36,INT8,UINT8,INT20,8,8,dsp,auto,internal_decoupled,,,,,,,,,,,,,,,,,,,,,,,,,,,,1324,453,0,1374,0,0,0,36
2,StreamingFIFO_rtl_54,StreamingFIFO_rtl,FIFO,,,,,,,,,,,auto,,,,,,,,,,,,,,,,,,,INT20,20,2,1x32x32x4x2,rtl,,,,,,70,0,0,133,0,0,0,0
2,StreamingDataWidthConverter_rtl_16,StreamingDataWidthConverter_rtl,DWC,,,,,,,,,,,,,,,,,,,,,,,,,,,,,,,,,,,,,,,,45,0,0,84,0,0,0,0
2,StreamingFIFO_rtl_55,StreamingFIFO_rtl,FIFO,,,,,,,,,,,auto,,,,,,,,,,,,,,,,,,,INT20,20,2,1x32x32x8x1,rtl,,,,,,1783,0,1152,611,0,0,0,0
2,Thresholding_rtl_16,Thresholding_rtl,Thresholding,,,1,,INT20,INT20,UINT4,20,20,,,,8,15,1024,0,,,,,,,,,,,,,,,,,,,,,,,,96,0,5,278,0,0,0,0
2,StreamingFIFO_rtl_56,StreamingFIFO_rtl,FIFO,,,,,,,,,,,auto,,,,,,,,,,,,,,,,,,,UINT4,4,2,1x32x32x8x1,rtl,,,,,,2660,0,2016,335,0,0,0,0
2,StreamingDataWidthConverter_rtl_17,StreamingDataWidthConverter_rtl,DWC,,,,,,,,,,,,,,,,,,,,,,,,,,,,,,,,,,,,,,,,9,0,0,41,0,0,0,0
2,StreamingFIFO_rtl_57,StreamingFIFO_rtl,FIFO,,,,,,,,,,,auto,,,,,,,,,,,,,,,,,,,UINT4,4,99,1x32x32x1x8,rtl,,,,,,46,0,0,85,0,0,0,0
2,MVAU_rtl_8,MVAU_rtl,MVAU,32,8,1,8,INT8,UINT4,INT13,8,4,dsp,auto,internal_decoupled,,,,,,,,,,,,,,,,,,,,,,,,,,,,126,52,0,180,0,0,0,8
2,StreamingFIFO_rtl_58,StreamingFIFO_rtl,FIFO,,,,,,,,,,,auto,,,,,,,,,,,,,,,,,,,INT13,13,2,1x32x32x32x1,rtl,,,,,,26,0,0,45,0,0,0,0
2,Thresholding_rtl_17,Thresholding_rtl,Thresholding,,,1,,INT13,INT13,INT8,13,13,,,,32,255,1024,0,,,,,,,,,,,,,,,,,,,,,,,,99,0,9,441,3,1,0,0
2,StreamingFIFO_rtl_59,StreamingFIFO_rtl,FIFO,,,,,,,,,,,auto,,,,,,,,,,,,,,,,,,,INT8,8,2,1x32x32x32x1,rtl,,,,,,9,0,0,13,0,0,0,0
2,AddStreams_hls_2,AddStreams_hls,AddStreams,,,1,,,INT8,,,8,,,,32,,,,,,,,,,,,,,,,,,,,,,,,,,,70,0,0,92,0,0,0,0
2,StreamingFIFO_rtl_60,StreamingFIFO_rtl,FIFO,,,,,,,,,,,auto,,,,,,,,,,,,,,,,,,,INT9,9,2,1x32x32x32x1,rtl,,,,,,191,0,128,45,0,0,0,0
2,Thresholding_rtl_18,Thresholding_rtl,Thresholding,,,1,,INT10,INT9,INT8,10,9,,,,32,255,999999,0,,,,,,,,,,,,,,,,,,,,,,,,79,0,9,306,0,0,0,0
2,StreamingFIFO_rtl_61,StreamingFIFO_rtl,FIFO,,,,,,,,,,,auto,,,,,,,,,,,,,,,,,,,INT8,8,2,1x32x32x32x1,rtl,,,,,,19,0,0,31,0,0,0,0
2,Thresholding_rtl_19,Thresholding_rtl,Thresholding,,,1,,INT9,INT8,UINT8,9,8,,,,32,255,999999,0,,,,,,,,,,,,,,,,,,,,,,,,70,0,15,174,0,0,0,0
2,StreamingFIFO_rtl_62,StreamingFIFO_rtl,FIFO,,,,,,,,,,,auto,,,,,,,,,,,,,,,,,,,UINT8,8,2,1x32x32x32x1,rtl,,,,,,13,0,0,21,0,0,0,0
2,DuplicateStreams_hls_3,DuplicateStreams_hls,DuplicateStreams,,,1,,,UINT8,,,8,,,,32,,,,,,,,,,,,,,,,,,,,,,,,,,,69,0,0,89,0,0,0,0
2,StreamingFIFO_rtl_63,StreamingFIFO_rtl,FIFO,,,,,,,,,,,auto,,,,,,,,,,,,,,,,,,,UINT8,8,2,1x32x32x32x1,rtl,,,,,,15,0,0,23,0,0,0,0
2,StreamingFIFO_rtl_64,StreamingFIFO_rtl,FIFO,,,,,,,,,,,auto,,,,,,,,,,,,,,,,,,,UINT8,8,2,1x32x32x32x1,rtl,,,,,,14,0,0,21,0,0,0,0
2,StreamingDataWidthConverter_rtl_18,StreamingDataWidthConverter_rtl,DWC,,,,,,,,,,,,,,,,,,,,,,,,,,,,,,,,,,,,,,,,16,0,0,142,0,0,0,0
2,Thresholding_rtl_20,Thresholding_rtl,Thresholding,,,1,,UINT8,UINT8,INT8,8,8,,,,32,255,999999,0,,,,,,,,,,,,,,,,,,,,,,,,64,0,9,283,0,0,0,0
2,StreamingFIFO_rtl_65,StreamingFIFO_rtl,FIFO,,,,,,,,,,,auto,,,,,,,,,,,,,,,,,,,UINT8,8,2,1x32x32x2x16,rtl,,,,,,13,0,0,21,0,0,0,0
2,StreamingFIFO_rtl_66,StreamingFIFO_rtl,FIFO,,,,,,,,,,,auto,,,,,,,,,,,,,,,,,,,INT8,8,8579,1x32x32x32x1,vivado,,,,,,14,0,0,21,0,0,0,0
2,MVAU_rtl_9,MVAU_rtl,MVAU,8,32,2,16,INT8,UINT8,INT20,8,8,dsp,auto,internal_decoupled,,,,,,,,,,,,,,,,,,,,,,,,,,,,665,200,0,683,0,0,0,16
2,StreamingFIFO_rtl_67,StreamingFIFO_rtl,FIFO,,,,,,,,,,,auto,,,,,,,,,,,,,,,,,,,INT20,20,2,1x32x32x4x2,rtl,,,,,,13,0,0,21,0,0,0,0
2,StreamingDataWidthConverter_rtl_19,StreamingDataWidthConverter_rtl,DWC,,,,,,,,,,,,,,,,,,,,,,,,,,,,,,,,,,,,,,,,43,0,0,84,0,0,0,0
2,StreamingFIFO_rtl_68,StreamingFIFO_rtl,FIFO,,,,,,,,,,,auto,,,,,,,,,,,,,,,,,,,INT20,20,2,1x32x32x8x1,rtl,,,,,,132,0,0,261,0,0,0,0
2,Thresholding_rtl_21,Thresholding_rtl,Thresholding,,,1,,INT20,INT20,UINT8,20,20,,,,8,255,1024,0,,,,,,,,,,,,,,,,,,,,,,,,243,0,9,597,1,0,0,0
2,StreamingFIFO_rtl_69,StreamingFIFO_rtl,FIFO,,,,,,,,,,,auto,,,,,,,,,,,,,,,,,,,UINT8,8,2,1x32x32x8x1,rtl,,,,,,93,0,0,71,2,0,0,0
2,StreamingDataWidthConverter_rtl_20,StreamingDataWidthConverter_rtl,DWC,,,,,,,,,,,,,,,,,,,,,,,,,,,,,,,,,,,,,,,,13,0,0,77,0,0,0,0
2,StreamingFIFO_rtl_70,StreamingFIFO_rtl,FIFO,,,,,,,,,,,auto,,,,,,,,,,,,,,,,,,,UINT8,8,32,1x32x32x1x8,rtl,,,,,,109,0,64,22,0,0,0,0
2,FMPadding_rtl_3,FMPadding_rtl,FMPadding,,,,8,,UINT8,,,8,,,,8,,,,,32,32,,,,,,,,,,,,,,,,,,,8x8x8x8,1,85,0,0,143,0,0,0,0
2,StreamingFIFO_rtl_71,StreamingFIFO_rtl,FIFO,,,,,,,,,,,auto,,,,,,,,,,,,,,,,,,,UINT8,8,2,1x48x48x1x8,rtl,,,,,,92,0,40,22,0,0,0,0
2,ConvolutionInputGenerator_rtl_3,ConvolutionInputGenerator_rtl,SWU,,,,8,,UINT8,UINT8,,8,,distributed,,,,,,8,48,48,32,32,3,3,1,1,8,8,0,1,,,,,,,,,,,1516,888,192,1454,0,0,0,0
2,StreamingFIFO_rtl_72,StreamingFIFO_rtl,FIFO,,,,,,,,,,,auto,,,,,,,,,,,,,,,,,,,UINT8,8,72,1x32x32x1x72,rtl,,,,,,46,0,0,85,0,0,0,0
2,StreamingDataWidthConverter_rtl_21,StreamingDataWidthConverter_rtl,DWC,,,,,,,,,,,,,,,,,,,,,,,,,,,,,,,,,,,,,,,,582,0,0,1156,0,0,0,0
2,StreamingFIFO_rtl_73,StreamingFIFO_rtl,FIFO,,,,,,,,,,,auto,,,,,,,,,,,,,,,,,,,UINT8,8,396,1x32x32x2x36,vivado,,,,,,26,0,0,45,0,0,0,0
2,MVAU_rtl_10,MVAU_rtl,MVAU,8,72,2,36,INT8,UINT8,INT20,8,8,dsp,auto,internal_decoupled,,,,,,,,,,,,,,,,,,,,,,,,,,,,1325,455,0,1378,0,0,0,36
2,StreamingFIFO_rtl_74,StreamingFIFO_rtl,FIFO,,,,,,,,,,,auto,,,,,,,,,,,,,,,,,,,INT20,20,2,1x32x32x4x2,rtl,,,,,,13,0,0,21,0,0,0,0
2,StreamingDataWidthConverter_rtl_22,StreamingDataWidthConverter_rtl,DWC,,,,,,,,,,,,,,,,,,,,,,,,,,,,,,,,,,,,,,,,44,0,0,84,0,0,0,0
2,StreamingFIFO_rtl_75,StreamingFIFO_rtl,FIFO,,,,,,,,,,,auto,,,,,,,,,,,,,,,,,,,INT20,20,2,1x32x32x8x1,rtl,,,,,,151,0,64,75,0,0,0,0
2,Thresholding_rtl_22,Thresholding_rtl,Thresholding,,,1,,INT20,INT20,UINT8,20,20,,,,8,255,1024,0,,,,,,,,,,,,,,,,,,,,,,,,344,0,9,612,1,0,0,0
2,StreamingFIFO_rtl_76,StreamingFIFO_rtl,FIFO,,,,,,,,,,,auto,,,,,,,,,,,,,,,,,,,UINT8,8,2,1x32x32x8x1,rtl,,,,,,70,0,0,133,0,0,0,0
2,StreamingDataWidthConverter_rtl_23,StreamingDataWidthConverter_rtl,DWC,,,,,,,,,,,,,,,,,,,,,,,,,,,,,,,,,,,,,,,,14,0,0,77,0,0,0,0
2,StreamingFIFO_rtl_77,StreamingFIFO_rtl,FIFO,,,,,,,,,,,auto,,,,,,,,,,,,,,,,,,,UINT8,8,198,1x32x32x1x8,rtl,,,,,,2912,0,1728,614,0,0,0,0
2,MVAU_rtl_11,MVAU_rtl,MVAU,32,8,1,8,INT8,UINT8,INT18,8,8,dsp,auto,internal_decoupled,,,,,,,,,,,,,,,,,,,,,,,,,,,,155,72,0,232,0,0,0,8
2,StreamingFIFO_rtl_78,StreamingFIFO_rtl,FIFO,,,,,,,,,,,auto,,,,,,,,,,,,,,,,,,,INT18,18,2,1x32x32x32x1,rtl,,,,,,2648,0,2304,410,0,0,0,0
2,Thresholding_rtl_23,Thresholding_rtl,Thresholding,,,1,,INT18,INT18,INT8,18,18,,,,32,255,1024,0,,,,,,,,,,,,,,,,,,,,,,,,195,0,9,541,3,1,0,0
2,StreamingFIFO_rtl_79,StreamingFIFO_rtl,FIFO,,,,,,,,,,,auto,,,,,,,,,,,,,,,,,,,INT8,8,2,1x32x32x32x1,rtl,,,,,,2067,0,1440,316,0,0,0,0
2,AddStreams_hls_3,AddStreams_hls,AddStreams,,,1,,,INT8,,,8,,,,32,,,,,,,,,,,,,,,,,,,,,,,,,,,70,0,0,92,0,0,0,0
2,StreamingFIFO_rtl_80,StreamingFIFO_rtl,FIFO,,,,,,,,,,,auto,,,,,,,,,,,,,,,,,,,INT9,9,2,1x32x32x32x1,rtl,,,,,,46,0,0,85,0,0,0,0
2,Thresholding_rtl_24,Thresholding_rtl,Thresholding,,,1,,INT10,INT9,INT8,10,9,,,,32,255,999999,0,,,,,,,,,,,,,,,,,,,,,,,,80,0,9,306,0,0,0,0
2,StreamingFIFO_rtl_81,StreamingFIFO_rtl,FIFO,,,,,,,,,,,auto,,,,,,,,,,,,,,,,,,,INT8,8,2,1x32x32x32x1,rtl,,,,,,26,0,0,45,0,0,0,0
2,Thresholding_rtl_25,Thresholding_rtl,Thresholding,,,1,,INT9,INT8,UINT8,9,8,,,,32,255,999999,0,,,,,,,,,,,,,,,,,,,,,,,,70,0,15,174,0,0,0,0
2,StreamingFIFO_rtl_82,StreamingFIFO_rtl,FIFO,,,,,,,,,,,auto,,,,,,,,,,,,,,,,,,,UINT8,8,2,1x32x32x32x1,rtl,,,,,,14,0,0,21,0,0,0,0
2,DuplicateStreams_hls_4,DuplicateStreams_hls,DuplicateStreams,,,1,,,UINT8,,,8,,,,32,,,,,,,,,,,,,,,,,,,,,,,,,,,69,0,0,89,0,0,0,0
2,StreamingFIFO_rtl_83,StreamingFIFO_rtl,FIFO,,,,,,,,,,,auto,,,,,,,,,,,,,,,,,,,UINT8,8,2,1x32x32x32x1,rtl,,,,,,610,0,448,334,0,0,0,0
2,StreamingFIFO_rtl_84,StreamingFIFO_rtl,FIFO,,,,,,,,,,,auto,,,,,,,,,,,,,,,,,,,UINT8,8,2,1x32x32x32x1,rtl,,,,,,25,0,0,41,0,0,0,0
2,StreamingDataWidthConverter_rtl_24,StreamingDataWidthConverter_rtl,DWC,,,,,,,,,,,,,,,,,,,,,,,,,,,,,,,,,,,,,,,,16,0,0,142,0,0,0,0
2,Thresholding_rtl_26,Thresholding_rtl,Thresholding,,,1,,UINT8,UINT8,INT8,8,8,,,,32,255,999999,0,,,,,,,,,,,,,,,,,,,,,,,,64,0,9,283,0,0,0,0
2,StreamingFIFO_rtl_85,StreamingFIFO_rtl,FIFO,,,,,,,,,,,auto,,,,,,,,,,,,,,,,,,,UINT8,8,2,1x32x32x2x16,rtl,,,,,,13,0,0,21,0,0,0,0
2,StreamingFIFO_rtl_86,StreamingFIFO_rtl,FIFO,,,,,,,,,,,auto,,,,,,,,,,,,,,,,,,,INT8,8,1179,1x32x32x32x1,vivado,,,,,,15,0,0,23,0,0,0,0
2,MVAU_rtl_12,MVAU_rtl,MVAU,8,32,2,16,INT8,UINT8,INT20,8,8,dsp,auto,internal_decoupled,,,,,,,,,,,,,,,,,,,,,,,,,,,,665,202,0,686,0,0,0,16
2,StreamingFIFO_rtl_87,StreamingFIFO_rtl,FIFO,,,,,,,,,,,auto,,,,,,,,,,,,,,,,,,,INT20,20,2,1x32x32x4x2,rtl,,,,,,14,0,0,21,0,0,0,0
2,StreamingDataWidthConverter_rtl_25,StreamingDataWidthConverter_rtl,DWC,,,,,,,,,,,,,,,,,,,,,,,,,,,,,,,,,,,,,,,,45,0,0,84,0,0,0,0
2,StreamingFIFO_rtl_88,StreamingFIFO_rtl,FIFO,,,,,,,,,,,auto,,,,,,,,,,,,,,,,,,,INT20,20,2,1x32x32x8x1,rtl,,,,,,13,0,0,21,0,0,0,0
2,Thresholding_rtl_27,Thresholding_rtl,Thresholding,,,1,,INT20,INT20,UINT8,20,20,,,,8,255,1024,0,,,,,,,,,,,,,,,,,,,,,,,,244,0,9,597,1,0,0,0
2,StreamingFIFO_rtl_89,StreamingFIFO_rtl,FIFO,,,,,,,,,,,auto,,,,,,,,,,,,,,,,,,,UINT8,8,2,1x32x32x8x1,rtl,,,,,,14,0,0,21,0,0,0,0
2,StreamingDataWidthConverter_rtl_26,StreamingDataWidthConverter_rtl,DWC,,,,,,,,,,,,,,,,,,,,,,,,,,,,,,,,,,,,,,,,14,0,0,77,0,0,0,0
2,StreamingFIFO_rtl_90,StreamingFIFO_rtl,FIFO,,,,,,,,,,,auto,,,,,,,,,,,,,,,,,,,UINT8,8,2,1x32x32x1x8,rtl,,,,,,13,0,0,21,0,0,0,0
2,FMPadding_rtl_4,FMPadding_rtl,FMPadding,,,,8,,UINT8,,,8,,,,8,,,,,32,32,,,,,,,,,,,,,,,,,,,1x1x1x1,1,90,0,0,143,0,0,0,0
2,StreamingFIFO_rtl_91,StreamingFIFO_rtl,FIFO,,,,,,,,,,,auto,,,,,,,,,,,,,,,,,,,UINT8,8,2,1x34x34x1x8,rtl,,,,,,132,0,0,261,0,0,0,0
2,ConvolutionInputGenerator_rtl_4,ConvolutionInputGenerator_rtl,SWU,,,,8,,UINT8,UINT8,,8,,distributed,,,,,,8,34,34,32,32,3,3,1,1,1,1,0,1,,,,,,,,,,,181,80,0,768,0,0,0,0
2,StreamingFIFO_rtl_92,StreamingFIFO_rtl,FIFO,,,,,,,,,,,auto,,,,,,,,,,,,,,,,,,,UINT8,8,32,1x32x32x1x72,rtl,,,,,,73,0,0,59,0,1,0,0
2,StreamingDataWidthConverter_rtl_27,StreamingDataWidthConverter_rtl,DWC,,,,,,,,,,,,,,,,,,,,,,,,,,,,,,,,,,,,,,,,437,0,0,1156,0,0,0,0
2,StreamingFIFO_rtl_93,StreamingFIFO_rtl,FIFO,,,,,,,,,,,auto,,,,,,,,,,,,,,,,,,,UINT8,8,50,1x32x32x2x36,rtl,,,,,,91,0,40,22,0,0,0,0
2,MVAU_rtl_13,MVAU_rtl,MVAU,8,72,2,36,INT8,UINT8,INT20,8,8,dsp,auto,internal_decoupled,,,,,,,,,,,,,,,,,,,,,,,,,,,,1321,454,0,1376,0,0,0,36
2,StreamingFIFO_rtl_94,StreamingFIFO_rtl,FIFO,,,,,,,,,,,auto,,,,,,,,,,,,,,,,,,,INT20,20,2,1x32x32x4x2,rtl,,,,,,46,0,0,85,0,0,0,0
2,StreamingDataWidthConverter_rtl_28,StreamingDataWidthConverter_rtl,DWC,,,,,,,,,,,,,,,,,,,,,,,,,,,,,,,,,,,,,,,,45,0,0,84,0,0,0,0
2,StreamingFIFO_rtl_95,StreamingFIFO_rtl,FIFO,,,,,,,,,,,auto,,,,,,,,,,,,,,,,,,,INT20,20,2,1x32x32x8x1,rtl,,,,,,26,0,0,45,0,0,0,0
2,Thresholding_rtl_28,Thresholding_rtl,Thresholding,,,1,,INT20,INT20,UINT4,20,20,,,,8,15,999999,0,,,,,,,,,,,,,,,,,,,,,,,,98,0,5,278,0,0,0,0
2,StreamingFIFO_rtl_96,StreamingFIFO_rtl,FIFO,,,,,,,,,,,auto,,,,,,,,,,,,,,,,,,,UINT4,4,2,1x32x32x8x1,rtl,,,,,,13,0,0,21,0,0,0,0
2,StreamingDataWidthConverter_rtl_29,StreamingDataWidthConverter_rtl,DWC,,,,,,,,,,,,,,,,,,,,,,,,,,,,,,,,,,,,,,,,10,0,0,41,0,0,0,0
2,StreamingFIFO_rtl_97,StreamingFIFO_rtl,FIFO,,,,,,,,,,,auto,,,,,,,,,,,,,,,,,,,UINT4,4,32,1x32x32x1x8,rtl,,,,,,71,0,0,133,0,0,0,0
2,MVAU_rtl_14,MVAU_rtl,MVAU,32,8,1,8,INT8,UINT4,INT14,8,4,dsp,auto,internal_decoupled,,,,,,,,,,,,,,,,,,,,,,,,,,,,131,52,0,184,0,0,0,8
2,StreamingFIFO_rtl_98,StreamingFIFO_rtl,FIFO,,,,,,,,,,,auto,,,,,,,,,,,,,,,,,,,INT14,14,2,1x32x32x32x1,rtl,,,,,,72,0,0,133,0,0,0,0
2,Thresholding_rtl_29,Thresholding_rtl,Thresholding,,,1,,INT14,INT14,INT8,14,14,,,,32,255,1024,0,,,,,,,,,,,,,,,,,,,,,,,,154,0,9,461,3,1,0,0
2,StreamingFIFO_rtl_99,StreamingFIFO_rtl,FIFO,,,,,,,,,,,auto,,,,,,,,,,,,,,,,,,,INT8,8,2,1x32x32x32x1,rtl,,,,,,1194,0,576,602,0,0,0,0
2,AddStreams_hls_4,AddStreams_hls,AddStreams,,,1,,,INT8,,,8,,,,32,,,,,,,,,,,,,,,,,,,,,,,,,,,71,0,0,92,0,0,0,0
2,StreamingFIFO_rtl_100,StreamingFIFO_rtl,FIFO,,,,,,,,,,,auto,,,,,,,,,,,,,,,,,,,INT9,9,2,1x32x32x32x1,rtl,,,,,,901,0,576,307,0,0,0,0
3,StreamingFIFO_rtl_0,StreamingFIFO_rtl,FIFO,,,,,,,,,,,auto,,,,,,,,,,,,,,,,,,,INT9,9,2,1x32x32x32x1,rtl,,,,,,16,0,0,23,0,0,0,0
3,Thresholding_rtl_0,Thresholding_rtl,Thresholding,,,1,,INT10,INT9,INT8,10,9,,,,32,255,999999,0,,,,,,,,,,,,,,,,,,,,,,,,80,0,9,306,0,0,0,0
3,StreamingFIFO_rtl_1,StreamingFIFO_rtl,FIFO,,,,,,,,,,,auto,,,,,,,,,,,,,,,,,,,INT8,8,2,1x32x32x32x1,rtl,,,,,,15,0,0,21,0,0,0,0
3,Thresholding_rtl_1,Thresholding_rtl,Thresholding,,,1,,INT9,INT8,UINT8,9,8,,,,32,255,999999,0,,,,,,,,,,,,,,,,,,,,,,,,70,0,15,174,0,0,0,0
3,StreamingFIFO_rtl_2,StreamingFIFO_rtl,FIFO,,,,,,,,,,,auto,,,,,,,,,,,,,,,,,,,UINT8,8,2,1x32x32x32x1,rtl,,,,,,14,0,0,21,0,0,0,0
3,DuplicateStreams_hls_0,DuplicateStreams_hls,DuplicateStreams,,,1,,,UINT8,,,8,,,,32,,,,,,,,,,,,,,,,,,,,,,,,,,,76,0,0,89,0,0,0,0
3,StreamingFIFO_rtl_3,StreamingFIFO_rtl,FIFO,,,,,,,,,,,auto,,,,,,,,,,,,,,,,,,,UINT8,8,2,1x32x32x32x1,rtl,,,,,,16,0,0,21,0,0,0,0
3,StreamingFIFO_rtl_4,StreamingFIFO_rtl,FIFO,,,,,,,,,,,auto,,,,,,,,,,,,,,,,,,,UINT8,8,2,1x32x32x32x1,rtl,,,,,,15,0,0,21,0,0,0,0
3,StreamingDataWidthConverter_rtl_0,StreamingDataWidthConverter_rtl,DWC,,,,,,,,,,,,,,,,,,,,,,,,,,,,,,,,,,,,,,,,16,0,0,142,0,0,0,0
3,Thresholding_rtl_2,Thresholding_rtl,Thresholding,,,1,,UINT8,UINT8,INT8,8,8,,,,32,255,999999,0,,,,,,,,,,,,,,,,,,,,,,,,64,0,9,283,0,0,0,0
3,StreamingFIFO_rtl_5,StreamingFIFO_rtl,FIFO,,,,,,,,,,,auto,,,,,,,,,,,,,,,,,,,UINT8,8,2,1x32x32x2x16,rtl,,,,,,132,0,0,261,0,0,0,0
3,StreamingFIFO_rtl_6,StreamingFIFO_rtl,FIFO,,,,,,,,,,,auto,,,,,,,,,,,,,,,,,,,INT8,8,2235,1x32x32x32x1,vivado,,,,,,80,0,0,63,0,1,0,0
3,MVAU_rtl_0,MVAU_rtl,MVAU,8,32,2,16,INT4,UINT8,INT16,4,8,dsp,auto,internal_decoupled,,,,,,,,,,,,,,,,,,,,,,,,,,,,543,137,0,541,0,0,0,16
3,StreamingFIFO_rtl_7,StreamingFIFO_rtl,FIFO,,,,,,,,,,,auto,,,,,,,,,,,,,,,,,,,INT16,16,2,1x32x32x4x2,rtl,,,,,,115,0,48,22,0,0,0,0
3,StreamingDataWidthConverter_rtl_1,StreamingDataWidthConverter_rtl,DWC,,,,,,,,,,,,,,,,,,,,,,,,,,,,,,,,,,,,,,,,37,0,0,68,0,0,0,0
3,StreamingFIFO_rtl_8,StreamingFIFO_rtl,FIFO,,,,,,,,,,,auto,,,,,,,,,,,,,,,,,,,INT16,16,2,1x32x32x8x1,rtl,,,,,,37,0,0,69,0,0,0,0
3,Thresholding_rtl_3,Thresholding_rtl,Thresholding,,,1,,INT16,INT16,UINT8,16,16,,,,8,255,1024,0,,,,,,,,,,,,,,,,,,,,,,,,199,0,9,523,0,1,0,0
3,StreamingFIFO_rtl_9,StreamingFIFO_rtl,FIFO,,,,,,,,,,,auto,,,,,,,,,,,,,,,,,,,UINT8,8,2,1x32x32x8x1,rtl,,,,,,22,0,0,37,0,0,0,0
3,StreamingDataWidthConverter_rtl_2,StreamingDataWidthConverter_rtl,DWC,,,,,,,,,,,,,,,,,,,,,,,,,,,,,,,,,,,,,,,,14,0,0,77,0,0,0,0
3,StreamingFIFO_rtl_10,StreamingFIFO_rtl,FIFO,,,,,,,,,,,auto,,,,,,,,,,,,,,,,,,,UINT8,8,32,1x32x32x1x8,rtl,,,,,,13,0,0,21,0,0,0,0
3,FMPadding_rtl_0,FMPadding_rtl,FMPadding,,,,8,,UINT8,,,8,,,,8,,,,,32,32,,,,,,,,,,,,,,,,,,,2x2x2x2,1,85,0,0,143,0,0,0,0
3,StreamingFIFO_rtl_11,StreamingFIFO_rtl,FIFO,,,,,,,,,,,auto,,,,,,,,,,,,,,,,,,,UINT8,8,2,1x36x36x1x8,rtl,,,,,,153,0,64,75,0,0,0,0
3,ConvolutionInputGenerator_rtl_0,ConvolutionInputGenerator_rtl,SWU,,,,8,,UINT8,UINT8,,8,,distributed,,,,,,8,36,36,32,32,3,3,1,1,2,2,0,1,,,,,,,,,,,542,296,0,1293,0,0,0,0
3,StreamingFIFO_rtl_12,StreamingFIFO_rtl,FIFO,,,,,,,,,,,auto,,,,,,,,,,,,,,,,,,,UINT8,8,32,1x32x32x1x72,rtl,,,,,,70,0,0,133,0,0,0,0
3,StreamingDataWidthConverter_rtl_3,StreamingDataWidthConverter_rtl,DWC,,,,,,,,,,,,,,,,,,,,,,,,,,,,,,,,,,,,,,,,437,0,0,1156,0,0,0,0
3,StreamingFIFO_rtl_13,StreamingFIFO_rtl,FIFO,,,,,,,,,,,auto,,,,,,,,,,,,,,,,,,,UINT8,8,100,1x32x32x2x36,rtl,,,,,,1193,0,576,601,0,0,0,0
3,MVAU_rtl_1,MVAU_rtl,MVAU,8,72,2,36,INT8,UINT8,INT20,8,8,dsp,auto,internal_decoupled,,,,,,,,,,,,,,,,,,,,,,,,,,,,1321,455,0,1298,0,0,0,36
3,StreamingFIFO_rtl_14,StreamingFIFO_rtl,FIFO,,,,,,,,,,,auto,,,,,,,,,,,,,,,,,,,INT20,20,2,1x32x32x4x2,rtl,,,,,,1475,0,1152,303,0,0,0,0
3,StreamingDataWidthConverter_rtl_4,StreamingDataWidthConverter_rtl,DWC,,,,,,,,,,,,,,,,,,,,,,,,,,,,,,,,,,,,,,,,46,0,0,84,0,0,0,0
3,StreamingFIFO_rtl_15,StreamingFIFO_rtl,FIFO,,,,,,,,,,,auto,,,,,,,,,,,,,,,,,,,INT20,20,2,1x32x32x8x1,rtl,,,,,,47,0,0,85,0,0,0,0
3,Thresholding_rtl_4,Thresholding_rtl,Thresholding,,,1,,INT20,INT20,UINT4,20,20,,,,8,15,1024,0,,,,,,,,,,,,,,,,,,,,,,,,95,0,5,276,0,0,0,0
3,StreamingFIFO_rtl_16,StreamingFIFO_rtl,FIFO,,,,,,,,,,,auto,,,,,,,,,,,,,,,,,,,UINT4,4,2,1x32x32x8x1,rtl,,,,,,26,0,0,45,0,0,0,0
3,StreamingDataWidthConverter_rtl_5,StreamingDataWidthConverter_rtl,DWC,,,,,,,,,,,,,,,,,,,,,,,,,,,,,,,,,,,,,,,,9,0,0,41,0,0,0,0
3,StreamingFIFO_rtl_17,StreamingFIFO_rtl,FIFO,,,,,,,,,,,auto,,,,,,,,,,,,,,,,,,,UINT4,4,49,1x32x32x1x8,rtl,,,,,,9,0,0,13,0,0,0,0
3,MVAU_rtl_2,MVAU_rtl,MVAU,32,8,1,8,INT8,UINT4,INT14,8,4,dsp,auto,internal_decoupled,,,,,,,,,,,,,,,,,,,,,,,,,,,,128,52,0,184,0,0,0,8
3,StreamingFIFO_rtl_18,StreamingFIFO_rtl,FIFO,,,,,,,,,,,auto,,,,,,,,,,,,,,,,,,,INT14,14,2,1x32x32x32x1,rtl,,,,,,123,0,64,44,0,0,0,0
3,Thresholding_rtl_5,Thresholding_rtl,Thresholding,,,1,,INT14,INT14,INT8,14,14,,,,32,255,1024,0,,,,,,,,,,,,,,,,,,,,,,,,155,0,9,461,3,1,0,0
3,StreamingFIFO_rtl_19,StreamingFIFO_rtl,FIFO,,,,,,,,,,,auto,,,,,,,,,,,,,,,,,,,INT8,8,2,1x32x32x32x1,rtl,,,,,,20,0,0,33,0,0,0,0
3,AddStreams_hls_0,AddStreams_hls,AddStreams,,,1,,,INT8,,,8,,,,32,,,,,,,,,,,,,,,,,,,,,,,,,,,74,0,0,92,0,0,0,0
3,StreamingFIFO_rtl_20,StreamingFIFO_rtl,FIFO,,,,,,,,,,,auto,,,,,,,,,,,,,,,,,,,INT9,9,2,1x32x32x32x1,rtl,,,,,,15,0,0,21,0,0,0,0
3,Thresholding_rtl_6,Thresholding_rtl,Thresholding,,,1,,INT10,INT9,INT8,10,9,,,,32,255,999999,0,,,,,,,,,,,,,,,,,,,,,,,,80,0,9,306,0,0,0,0
3,StreamingFIFO_rtl_21,StreamingFIFO_rtl,FIFO,,,,,,,,,,,auto,,,,,,,,,,,,,,,,,,,INT8,8,2,1x32x32x32x1,rtl,,,,,,17,0,0,23,0,0,0,0
3,Thresholding_rtl_7,Thresholding_rtl,Thresholding,,,1,,INT9,INT8,UINT8,9,8,,,,32,255,999999,0,,,,,,,,,,,,,,,,,,,,,,,,70,0,15,174,0,0,0,0
3,StreamingFIFO_rtl_22,StreamingFIFO_rtl,FIFO,,,,,,,,,,,auto,,,,,,,,,,,,,,,,,,,UINT8,8,2,1x32x32x32x1,rtl,,,,,,15,0,0,21,0,0,0,0
3,DuplicateStreams_hls_1,DuplicateStreams_hls,DuplicateStreams,,,1,,,UINT8,,,8,,,,32,,,,,,,,,,,,,,,,,,,,,,,,,,,69,0,0,89,0,0,0,0
3,StreamingFIFO_rtl_23,StreamingFIFO_rtl,FIFO,,,,,,,,,,,auto,,,,,,,,,,,,,,,,,,,UINT8,8,2,1x32x32x32x1,rtl,,,,,,14,0,0,21,0,0,0,0
3,StreamingFIFO_rtl_24,StreamingFIFO_rtl,FIFO,,,,,,,,,,,auto,,,,,,,,,,,,,,,,,,,UINT8,8,2,1x32x32x32x1,rtl,,,,,,14,0,0,21,0,0,0,0
3,StreamingDataWidthConverter_rtl_6,StreamingDataWidthConverter_rtl,DWC,,,,,,,,,,,,,,,,,,,,,,,,,,,,,,,,,,,,,,,,16,0,0,142,0,0,0,0
3,Thresholding_rtl_8,Thresholding_rtl,Thresholding,,,1,,UINT8,UINT8,INT8,8,8,,,,32,255,999999,0,,,,,,,,,,,,,,,,,,,,,,,,64,0,9,283,0,0,0,0
3,StreamingFIFO_rtl_25,StreamingFIFO_rtl,FIFO,,,,,,,,,,,auto,,,,,,,,,,,,,,,,,,,UINT8,8,2,1x32x32x2x16,rtl,,,,,,13,0,0,21,0,0,0,0
3,StreamingFIFO_rtl_26,StreamingFIFO_rtl,FIFO,,,,,,,,,,,auto,,,,,,,,,,,,,,,,,,,INT8,8,4351,1x32x32x32x1,vivado,,,,,,132,0,0,261,0,0,0,0
3,MVAU_rtl_3,MVAU_rtl,MVAU,8,32,2,16,INT8,UINT8,INT21,8,8,dsp,auto,internal_decoupled,,,,,,,,,,,,,,,,,,,,,,,,,,,,679,202,0,750,0,0,0,16
3,StreamingFIFO_rtl_27,StreamingFIFO_rtl,FIFO,,,,,,,,,,,auto,,,,,,,,,,,,,,,,,,,INT21,21,2,1x32x32x4x2,rtl,,,,,,82,0,0,67,1,0,0,0
3,StreamingDataWidthConverter_rtl_7,StreamingDataWidthConverter_rtl,DWC,,,,,,,,,,,,,,,,,,,,,,,,,,,,,,,,,,,,,,,,46,0,0,88,0,0,0,0
3,StreamingFIFO_rtl_28,StreamingFIFO_rtl,FIFO,,,,,,,,,,,auto,,,,,,,,,,,,,,,,,,,INT21,21,2,1x32x32x8x1,rtl,,,,,,109,0,64,22,0,0,0,0
3,Thresholding_rtl_9,Thresholding_rtl,Thresholding,,,1,,INT21,INT21,UINT6,21,21,,,,8,63,999999,0,,,,,,,,,,,,,,,,,,,,,,,,208,0,7,461,0,0,0,0
3,StreamingFIFO_rtl_29,StreamingFIFO_rtl,FIFO,,,,,,,,,,,auto,,,,,,,,,,,,,,,,,,,UINT6,6,2,1x32x32x8x1,rtl,,,,,,47,0,0,89,0,0,0,0
3,StreamingDataWidthConverter_rtl_8,StreamingDataWidthConverter_rtl,DWC,,,,,,,,,,,,,,,,,,,,,,,,,,,,,,,,,,,,,,,,12,0,0,59,0,0,0,0
3,StreamingFIFO_rtl_30,StreamingFIFO_rtl,FIFO,,,,,,,,,,,auto,,,,,,,,,,,,,,,,,,,UINT6,6,32,1x32x32x1x8,rtl,,,,,,27,0,0,47,0,0,0,0
3,FMPadding_rtl_1,FMPadding_rtl,FMPadding,,,,8,,UINT6,,,6,,,,8,,,,,32,32,,,,,,,,,,,,,,,,,,,4x4x4x4,1,71,0,0,111,0,0,0,0
3,StreamingFIFO_rtl_31,StreamingFIFO_rtl,FIFO,,,,,,,,,,,auto,,,,,,,,,,,,,,,,,,,UINT6,6,2,1x40x40x1x8,rtl,,,,,,12,0,0,17,0,0,0,0
3,ConvolutionInputGenerator_rtl_1,ConvolutionInputGenerator_rtl,SWU,,,,8,,UINT6,UINT6,,6,,distributed,,,,,,8,40,40,32,32,3,3,1,1,4,4,0,1,,,,,,,,,,,558,336,0,1667,0,0,0,0
3,StreamingFIFO_rtl_32,StreamingFIFO_rtl,FIFO,,,,,,,,,,,auto,,,,,,,,,,,,,,,,,,,UINT6,6,52,1x32x32x1x72,rtl,,,,,,120,0,48,59,0,0,0,0
3,StreamingDataWidthConverter_rtl_9,StreamingDataWidthConverter_rtl,DWC,,,,,,,,,,,,,,,,,,,,,,,,,,,,,,,,,,,,,,,,328,0,0,868,0,0,0,0
3,StreamingFIFO_rtl_33,StreamingFIFO_rtl,FIFO,,,,,,,,,,,auto,,,,,,,,,,,,,,,,,,,UINT6,6,198,1x32x32x2x36,rtl,,,,,,54,0,0,101,0,0,0,0
3,MVAU_rtl_4,MVAU_rtl,MVAU,8,72,2,36,INT8,UINT6,INT18,8,6,dsp,auto,internal_decoupled,,,,,,,,,,,,,,,,,,,,,,,,,,,,1226,411,0,1210,0,0,0,36
3,StreamingFIFO_rtl_34,StreamingFIFO_rtl,FIFO,,,,,,,,,,,auto,,,,,,,,,,,,,,,,,,,INT18,18,2,1x32x32x4x2,rtl,,,,,,1339,0,864,465,0,0,0,0
3,StreamingDataWidthConverter_rtl_10,StreamingDataWidthConverter_rtl,DWC,,,,,,,,,,,,,,,,,,,,,,,,,,,,,,,,,,,,,,,,39,0,0,76,0,0,0,0
3,StreamingFIFO_rtl_35,StreamingFIFO_rtl,FIFO,,,,,,,,,,,auto,,,,,,,,,,,,,,,,,,,INT18,18,2,1x32x32x8x1,rtl,,,,,,2002,0,1512,254,0,0,0,0
3,Thresholding_rtl_10,Thresholding_rtl,Thresholding,,,1,,INT18,INT18,UINT8,18,18,,,,8,255,1024,0,,,,,,,,,,,,,,,,,,,,,,,,318,0,9,549,0,1,0,0
3,StreamingFIFO_rtl_36,StreamingFIFO_rtl,FIFO,,,,,,,,,,,auto,,,,,,,,,,,,,,,,,,,UINT8,8,2,1x32x32x8x1,rtl,,,,,,41,0,0,77,0,0,0,0
3,StreamingDataWidthConverter_rtl_11,StreamingDataWidthConverter_rtl,DWC,,,,,,,,,,,,,,,,,,,,,,,,,,,,,,,,,,,,,,,,14,0,0,77,0,0,0,0
3,StreamingFIFO_rtl_37,StreamingFIFO_rtl,FIFO,,,,,,,,,,,auto,,,,,,,,,,,,,,,,,,,UINT8,8,99,1x32x32x1x8,rtl,,,,,,24,0,0,41,0,0,0,0
3,MVAU_rtl_5,MVAU_rtl,MVAU,32,8,1,8,INT8,UINT8,INT18,8,8,dsp,auto,internal_decoupled,,,,,,,,,,,,,,,,,,,,,,,,,,,,155,72,0,232,0,0,0,8
3,StreamingFIFO_rtl_38,StreamingFIFO_rtl,FIFO,,,,,,,,,,,auto,,,,,,,,,,,,,,,,,,,INT18,18,2,1x32x32x32x1,rtl,,,,,,13,0,0,21,0,0,0,0
3,Thresholding_rtl_11,Thresholding_rtl,Thresholding,,,1,,INT18,INT18,INT8,18,18,,,,32,255,1024,0,,,,,,,,,,,,,,,,,,,,,,,,196,0,9,539,3,1,0,0
3,StreamingFIFO_rtl_39,StreamingFIFO_rtl,FIFO,,,,,,,,,,,auto,,,,,,,,,,,,,,,,,,,INT8,8,2,1x32x32x32x1,rtl,,,,,,351,0,256,333,0,0,0,0
3,AddStreams_hls_1,AddStreams_hls,AddStreams,,,1,,,INT8,,,8,,,,32,,,,,,,,,,,,,,,,,,,,,,,,,,,69,0,0,92,0,0,0,0
3,StreamingFIFO_rtl_40,StreamingFIFO_rtl,FIFO,,,,,,,,,,,auto,,,,,,,,,,,,,,,,,,,INT9,9,2,1x32x32x32x1,rtl,,,,,,25,0,0,41,0,0,0,0
3,Thresholding_rtl_12,Thresholding_rtl,Thresholding,,,1,,INT10,INT9,INT8,10,9,,,,32,255,999999,0,,,,,,,,,,,,,,,,,,,,,,,,80,0,9,306,0,0,0,0
3,StreamingFIFO_rtl_41,StreamingFIFO_rtl,FIFO,,,,,,,,,,,auto,,,,,,,,,,,,,,,,,,,INT8,8,2,1x32x32x32x1,rtl,,,,,,13,0,0,21,0,0,0,0
3,Thresholding_rtl_13,Thresholding_rtl,Thresholding,,,1,,INT9,INT8,UINT8,9,8,,,,32,255,999999,0,,,,,,,,,,,,,,,,,,,,,,,,70,0,15,174,0,0,0,0
3,StreamingFIFO_rtl_42,StreamingFIFO_rtl,FIFO,,,,,,,,,,,auto,,,,,,,,,,,,,,,,,,,UINT8,8,2,1x32x32x32x1,rtl,,,,,,15,0,0,23,0,0,0,0
3,DuplicateStreams_hls_2,DuplicateStreams_hls,DuplicateStreams,,,1,,,UINT8,,,8,,,,32,,,,,,,,,,,,,,,,,,,,,,,,,,,70,0,0,89,0,0,0,0
3,StreamingFIFO_rtl_43,StreamingFIFO_rtl,FIFO,,,,,,,,,,,auto,,,,,,,,,,,,,,,,,,,UINT8,8,2,1x32x32x32x1,rtl,,,,,,14,0,0,21,0,0,0,0
3,StreamingFIFO_rtl_44,StreamingFIFO_rtl,FIFO,,,,,,,,,,,auto,,,,,,,,,,,,,,,,,,,UINT8,8,2,1x32x32x32x1,rtl,,,,,,13,0,0,21,0,0,0,0
3,StreamingDataWidthConverter_rtl_12,StreamingDataWidthConverter_rtl,DWC,,,,,,,,,,,,,,,,,,,,,,,,,,,,,,,,,,,,,,,,16,0,0,142,0,0,0,0
3,Thresholding_rtl_14,Thresholding_rtl,Thresholding,,,1,,UINT8,UINT8,INT8,8,8,,,,32,255,999999,0,,,,,,,,,,,,,,,,,,,,,,,,64,0,9,283,0,0,0,0
3,StreamingFIFO_rtl_45,StreamingFIFO_rtl,FIFO,,,,,,,,,,,auto,,,,,,,,,,,,,,,,,,,UINT8,8,2,1x32x32x2x16,rtl,,,,,,14,0,0,21,0,0,0,0
3,StreamingFIFO_rtl_46,StreamingFIFO_rtl,FIFO,,,,,,,,,,,auto,,,,,,,,,,,,,,,,,,,INT8,8,8579,1x32x32x32x1,vivado,,,,,,13,0,0,21,0,0,0,0
3,MVAU_rtl_6,MVAU_rtl,MVAU,8,32,2,16,INT8,UINT8,INT19,8,8,dsp,auto,internal_decoupled,,,,,,,,,,,,,,,,,,,,,,,,,,,,653,202,0,731,0,0,0,16
3,StreamingFIFO_rtl_47,StreamingFIFO_rtl,FIFO,,,,,,,,,,,auto,,,,,,,,,,,,,,,,,,,INT19,19,2,1x32x32x4x2,rtl,,,,,,132,0,0,261,0,0,0,0
3,StreamingDataWidthConverter_rtl_13,StreamingDataWidthConverter_rtl,DWC,,,,,,,,,,,,,,,,,,,,,,,,,,,,,,,,,,,,,,,,44,0,0,80,0,0,0,0
3,StreamingFIFO_rtl_48,StreamingFIFO_rtl,FIFO,,,,,,,,,,,auto,,,,,,,,,,,,,,,,,,,INT19,19,2,1x32x32x8x1,rtl,,,,,,91,0,0,71,2,0,0,0
3,Thresholding_rtl_15,Thresholding_rtl,Thresholding,,,1,,INT19,INT19,UINT8,19,19,,,,8,255,1024,0,,,,,,,,,,,,,,,,,,,,,,,,237,0,9,575,1,0,0,0
3,StreamingFIFO_rtl_49,StreamingFIFO_rtl,FIFO,,,,,,,,,,,auto,,,,,,,,,,,,,,,,,,,UINT8,8,2,1x32x32x8x1,rtl,,,,,,110,0,64,22,0,0,0,0
3,StreamingDataWidthConverter_rtl_14,StreamingDataWidthConverter_rtl,DWC,,,,,,,,,,,,,,,,,,,,,,,,,,,,,,,,,,,,,,,,13,0,0,77,0,0,0,0
3,StreamingFIFO_rtl_50,StreamingFIFO_rtl,FIFO,,,,,,,,,,,auto,,,,,,,,,,,,,,,,,,,UINT8,8,32,1x32x32x1x8,rtl,,,,,,92,0,40,22,0,0,0,0
3,FMPadding_rtl_2,FMPadding_rtl,FMPadding,,,,8,,UINT8,,,8,,,,8,,,,,32,32,,,,,,,,,,,,,,,,,,,8x8x8x8,1,85,0,0,143,0,0,0,0
3,StreamingFIFO_rtl_51,StreamingFIFO_rtl,FIFO,,,,,,,,,,,auto,,,,,,,,,,,,,,,,,,,UINT8,8,2,1x48x48x1x8,rtl,,,,,,42,0,0,81,0,0,0,0
3,ConvolutionInputGenerator_rtl_2,ConvolutionInputGenerator_rtl,SWU,,,,8,,UINT8,UINT8,,8,,distributed,,,,,,8,48,48,32,32,3,3,1,1,8,8,0,1,,,,,,,,,,,1518,888,192,1460,0,0,0,0
3,StreamingFIFO_rtl_52,StreamingFIFO_rtl,FIFO,,,,,,,,,,,auto,,,,,,,,,,,,,,,,,,,UINT8,8,72,1x32x32x1x72,rtl,,,,,,25,0,0,43,0,0,0,0
3,StreamingDataWidthConverter_rtl_15,StreamingDataWidthConverter_rtl,DWC,,,,,,,,,,,,,,,,,,,,,,,,,,,,,,,,,,,,,,,,582,0,0,1156,0,0,0,0
3,StreamingFIFO_rtl_53,StreamingFIFO_rtl,FIFO,,,,,,,,,,,auto,,,,,,,,,,,,,,,,,,,UINT8,8,396,1x32x32x2x36,vivado,,,,,,13,0,0,21,0,0,0,0
3,MVAU_rtl_7,MVAU_rtl,MVAU,8,72,2,36,INT4,UINT8,INT16,4,8,dsp,auto,internal_decoupled,,,,,,,,,,,,,,,,,,,,,,,,,,,,1062,310,0,977,0,0,0,36
3,StreamingFIFO_rtl_54,StreamingFIFO_rtl,FIFO,,,,,,,,,,,auto,,,,,,,,,,,,,,,,,,,INT16,16,2,1x32x32x4x2,rtl,,,,,,153,0,64,75,0,0,0,0
3,StreamingDataWidthConverter_rtl_16,StreamingDataWidthConverter_rtl,DWC,,,,,,,,,,,,,,,,,,,,,,,,,,,,,,,,,,,,,,,,37,0,0,68,0,0,0,0
3,StreamingFIFO_rtl_55,StreamingFIFO_rtl,FIFO,,,,,,,,,,,auto,,,,,,,,,,,,,,,,,,,INT16,16,2,1x32x32x8x1,rtl,,,,,,70,0,0,133,0,0,0,0
3,Thresholding_rtl_16,Thresholding_rtl,Thresholding,,,1,,INT16,INT16,UINT8,16,16,,,,8,255,1024,0,,,,,,,,,,,,,,,,,,,,,,,,276,0,9,509,0,1,0,0
3,StreamingFIFO_rtl_56,StreamingFIFO_rtl,FIFO,,,,,,,,,,,auto,,,,,,,,,,,,,,,,,,,UINT8,8,2,1x32x32x8x1,rtl,,,,,,2912,0,1728,608,0,0,0,0
3,StreamingDataWidthConverter_rtl_17,StreamingDataWidthConverter_rtl,DWC,,,,,,,,,,,,,,,,,,,,,,,,,,,,,,,,,,,,,,,,14,0,0,77,0,0,0,0
3,StreamingFIFO_rtl_57,StreamingFIFO_rtl,FIFO,,,,,,,,,,,auto,,,,,,,,,,,,,,,,,,,UINT8,8,198,1x32x32x1x8,rtl,,,,,,2647,0,2304,405,0,0,0,0
3,MVAU_rtl_8,MVAU_rtl,MVAU,32,8,1,8,INT8,UINT8,INT19,8,8,dsp,auto,internal_decoupled,,,,,,,,,,,,,,,,,,,,,,,,,,,,162,72,0,236,0,0,0,8
3,StreamingFIFO_rtl_58,StreamingFIFO_rtl,FIFO,,,,,,,,,,,auto,,,,,,,,,,,,,,,,,,,INT19,19,2,1x32x32x32x1,rtl,,,,,,2122,0,1440,372,0,0,0,0
3,Thresholding_rtl_17,Thresholding_rtl,Thresholding,,,1,,INT19,INT19,INT8,19,19,,,,32,255,1024,0,,,,,,,,,,,,,,,,,,,,,,,,208,0,9,561,4,2,0,0
3,StreamingFIFO_rtl_59,StreamingFIFO_rtl,FIFO,,,,,,,,,,,auto,,,,,,,,,,,,,,,,,,,INT8,8,2,1x32x32x32x1,rtl,,,,,,38,0,0,69,0,0,0,0
3,AddStreams_hls_2,AddStreams_hls,AddStreams,,,1,,,INT8,,,8,,,,32,,,,,,,,,,,,,,,,,,,,,,,,,,,70,0,0,92,0,0,0,0
3,StreamingFIFO_rtl_60,StreamingFIFO_rtl,FIFO,,,,,,,,,,,auto,,,,,,,,,,,,,,,,,,,INT9,9,2,1x32x32x32x1,rtl,,,,,,22,0,0,37,0,0,0,0
3,Thresholding_rtl_18,Thresholding_rtl,Thresholding,,,1,,INT10,INT9,INT8,10,9,,,,32,255,999999,0,,,,,,,,,,,,,,,,,,,,,,,,80,0,9,306,0,0,0,0
3,StreamingFIFO_rtl_61,StreamingFIFO_rtl,FIFO,,,,,,,,,,,auto,,,,,,,,,,,,,,,,,,,INT8,8,2,1x32x32x32x1,rtl,,,,,,13,0,0,21,0,0,0,0
3,Thresholding_rtl_19,Thresholding_rtl,Thresholding,,,1,,INT9,INT8,UINT6,9,8,,,,32,63,999999,0,,,,,,,,,,,,,,,,,,,,,,,,57,0,11,130,0,0,0,0
3,StreamingFIFO_rtl_62,StreamingFIFO_rtl,FIFO,,,,,,,,,,,auto,,,,,,,,,,,,,,,,,,,UINT6,6,2,1x32x32x32x1,rtl,,,,,,629,0,448,701,0,0,0,0
3,DuplicateStreams_hls_3,DuplicateStreams_hls,DuplicateStreams,,,1,,,UINT6,,,6,,,,32,,,,,,,,,,,,,,,,,,,,,,,,,,,64,0,0,75,0,0,0,0
3,StreamingFIFO_rtl_63,StreamingFIFO_rtl,FIFO,,,,,,,,,,,auto,,,,,,,,,,,,,,,,,,,UINT6,6,2,1x32x32x32x1,rtl,,,,,,26,0,0,43,0,0,0,0
3,StreamingFIFO_rtl_64,StreamingFIFO_rtl,FIFO,,,,,,,,,,,auto,,,,,,,,,,,,,,,,,,,UINT6,6,2,1x32x32x32x1,rtl,,,,,,13,0,0,21,0,0,0,0
3,StreamingDataWidthConverter_rtl_18,StreamingDataWidthConverter_rtl,DWC,,,,,,,,,,,,,,,,,,,,,,,,,,,,,,,,,,,,,,,,14,0,0,108,0,0,0,0
3,Thresholding_rtl_20,Thresholding_rtl,Thresholding,,,1,,UINT6,UINT6,INT8,6,6,,,,32,255,999999,0,,,,,,,,,,,,,,,,,,,,,,,,57,0,14,185,0,0,0,0
3,StreamingFIFO_rtl_65,StreamingFIFO_rtl,FIFO,,,,,,,,,,,auto,,,,,,,,,,,,,,,,,,,UINT6,6,2,1x32x32x2x16,rtl,,,,,,15,0,0,23,0,0,0,0
3,StreamingFIFO_rtl_66,StreamingFIFO_rtl,FIFO,,,,,,,,,,,auto,,,,,,,,,,,,,,,,,,,INT8,8,1179,1x32x32x32x1,vivado,,,,,,14,0,0,21,0,0,0,0
3,MVAU_rtl_9,MVAU_rtl,MVAU,8,32,2,16,INT8,UINT6,INT18,8,6,dsp,auto,internal_decoupled,,,,,,,,,,,,,,,,,,,,,,,,,,,,615,183,0,633,0,0,0,16
3,StreamingFIFO_rtl_67,StreamingFIFO_rtl,FIFO,,,,,,,,,,,auto,,,,,,,,,,,,,,,,,,,INT18,18,2,1x32x32x4x2,rtl,,,,,,11,0,0,17,0,0,0,0
3,StreamingDataWidthConverter_rtl_19,StreamingDataWidthConverter_rtl,DWC,,,,,,,,,,,,,,,,,,,,,,,,,,,,,,,,,,,,,,,,41,0,0,76,0,0,0,0
3,StreamingFIFO_rtl_68,StreamingFIFO_rtl,FIFO,,,,,,,,,,,auto,,,,,,,,,,,,,,,,,,,INT18,18,2,1x32x32x8x1,rtl,,,,,,12,0,0,17,0,0,0,0
3,Thresholding_rtl_21,Thresholding_rtl,Thresholding,,,1,,INT18,INT18,UINT8,18,18,,,,8,255,1024,0,,,,,,,,,,,,,,,,,,,,,,,,226,0,9,553,0,1,0,0
3,StreamingFIFO_rtl_69,StreamingFIFO_rtl,FIFO,,,,,,,,,,,auto,,,,,,,,,,,,,,,,,,,UINT8,8,2,1x32x32x8x1,rtl,,,,,,11,0,0,17,0,0,0,0
3,StreamingDataWidthConverter_rtl_20,StreamingDataWidthConverter_rtl,DWC,,,,,,,,,,,,,,,,,,,,,,,,,,,,,,,,,,,,,,,,14,0,0,77,0,0,0,0
3,StreamingFIFO_rtl_70,StreamingFIFO_rtl,FIFO,,,,,,,,,,,auto,,,,,,,,,,,,,,,,,,,UINT8,8,2,1x32x32x1x8,rtl,,,,,,100,0,0,197,0,0,0,0
3,FMPadding_rtl_3,FMPadding_rtl,FMPadding,,,,8,,UINT8,,,8,,,,8,,,,,32,32,,,,,,,,,,,,,,,,,,,1x1x1x1,1,88,0,0,143,0,0,0,0
3,StreamingFIFO_rtl_71,StreamingFIFO_rtl,FIFO,,,,,,,,,,,auto,,,,,,,,,,,,,,,,,,,UINT8,8,2,1x34x34x1x8,rtl,,,,,,71,0,0,59,0,1,0,0
3,ConvolutionInputGenerator_rtl_3,ConvolutionInputGenerator_rtl,SWU,,,,8,,UINT8,UINT8,,8,,distributed,,,,,,8,34,34,32,32,3,3,1,1,1,1,0,1,,,,,,,,,,,186,80,0,771,0,0,0,0
3,StreamingFIFO_rtl_72,StreamingFIFO_rtl,FIFO,,,,,,,,,,,auto,,,,,,,,,,,,,,,,,,,UINT8,8,32,1x32x32x1x72,rtl,,,,,,90,0,40,22,0,0,0,0
3,StreamingDataWidthConverter_rtl_21,StreamingDataWidthConverter_rtl,DWC,,,,,,,,,,,,,,,,,,,,,,,,,,,,,,,,,,,,,,,,437,0,0,1156,0,0,0,0
3,StreamingFIFO_rtl_73,StreamingFIFO_rtl,FIFO,,,,,,,,,,,auto,,,,,,,,,,,,,,,,,,,UINT8,8,50,1x32x32x2x36,rtl,,,,,,42,0,0,77,0,0,0,0
3,MVAU_rtl_10,MVAU_rtl,MVAU,8,72,2,36,INT8,UINT8,INT20,8,8,dsp,auto,internal_decoupled,,,,,,,,,,,,,,,,,,,,,,,,,,,,1320,456,0,1286,0,0,0,36
3,StreamingFIFO_rtl_74,StreamingFIFO_rtl,FIFO,,,,,,,,,,,auto,,,,,,,,,,,,,,,,,,,INT20,20,2,1x32x32x4x2,rtl,,,,,,24,0,0,41,0,0,0,0
3,StreamingDataWidthConverter_rtl_22,StreamingDataWidthConverter_rtl,DWC,,,,,,,,,,,,,,,,,,,,,,,,,,,,,,,,,,,,,,,,45,0,0,84,0,0,0,0
3,StreamingFIFO_rtl_75,StreamingFIFO_rtl,FIFO,,,,,,,,,,,auto,,,,,,,,,,,,,,,,,,,INT20,20,2,1x32x32x8x1,rtl,,,,,,13,0,0,21,0,0,0,0
3,Thresholding_rtl_22,Thresholding_rtl,Thresholding,,,1,,INT20,INT20,UINT4,20,20,,,,8,15,999999,0,,,,,,,,,,,,,,,,,,,,,,,,97,0,5,278,0,0,0,0
3,StreamingFIFO_rtl_76,StreamingFIFO_rtl,FIFO,,,,,,,,,,,auto,,,,,,,,,,,,,,,,,,,UINT4,4,2,1x32x32x8x1,rtl,,,,,,71,0,0,133,0,0,0,0
3,StreamingDataWidthConverter_rtl_23,StreamingDataWidthConverter_rtl,DWC,,,,,,,,,,,,,,,,,,,,,,,,,,,,,,,,,,,,,,,,9,0,0,41,0,0,0,0
3,StreamingFIFO_rtl_77,StreamingFIFO_rtl,FIFO,,,,,,,,,,,auto,,,,,,,,,,,,,,,,,,,UINT4,4,32,1x32x32x1x8,rtl,,,,,,70,0,0,133,0,0,0,0
3,MVAU_rtl_11,MVAU_rtl,MVAU,32,8,1,8,INT8,UINT4,INT14,8,4,dsp,auto,internal_decoupled,,,,,,,,,,,,,,,,,,,,,,,,,,,,132,52,0,184,0,0,0,8
3,StreamingFIFO_rtl_78,StreamingFIFO_rtl,FIFO,,,,,,,,,,,auto,,,,,,,,,,,,,,,,,,,INT14,14,2,1x32x32x32x1,rtl,,,,,,1205,0,576,621,0,0,0,0
3,Thresholding_rtl_23,Thresholding_rtl,Thresholding,,,1,,INT14,INT14,INT8,14,14,,,,32,255,1024,0,,,,,,,,,,,,,,,,,,,,,,,,153,0,9,461,3,1,0,0
3,StreamingFIFO_rtl_79,StreamingFIFO_rtl,FIFO,,,,,,,,,,,auto,,,,,,,,,,,,,,,,,,,INT8,8,2,1x32x32x32x1,rtl,,,,,,904,0,576,311,0,0,0,0
3,AddStreams_hls_3,AddStreams_hls,AddStreams,,,1,,,INT8,,,8,,,,32,,,,,,,,,,,,,,,,,,,,,,,,,,,69,0,0,92,0,0,0,0
3,StreamingFIFO_rtl_80,StreamingFIFO_rtl,FIFO,,,,,,,,,,,auto,,,,,,,,,,,,,,,,,,,INT9,9,2,1x32x32x32x1,rtl,,,,,,46,0,0,85,0,0,0,0
4,StreamingFIFO_rtl_0,StreamingFIFO_rtl,FIFO,,,,,,,,,,,auto,,,,,,,,,,,,,,,,,,,INT9,9,2,1x32x32x32x1,rtl,,,,,,15,0,0,23,0,0,0,0
4,Thresholding_rtl_0,Thresholding_rtl,Thresholding,,,1,,INT10,INT9,INT8,10,9,,,,32,255,999999,0,,,,,,,,,,,,,,,,,,,,,,,,79,0,9,306,0,0,0,0
4,StreamingFIFO_rtl_1,StreamingFIFO_rtl,FIFO,,,,,,,,,,,auto,,,,,,,,,,,,,,,,,,,INT8,8,2,1x32x32x32x1,rtl,,,,,,14,0,0,21,0,0,0,0
4,Thresholding_rtl_1,Thresholding_rtl,Thresholding,,,1,,INT9,INT8,UINT6,9,8,,,,32,63,999999,0,,,,,,,,,,,,,,,,,,,,,,,,57,0,11,130,0,0,0,0
4,StreamingFIFO_rtl_2,StreamingFIFO_rtl,FIFO,,,,,,,,,,,auto,,,,,,,,,,,,,,,,,,,UINT6,6,2,1x32x32x32x1,rtl,,,,,,11,0,0,17,0,0,0,0
4,DuplicateStreams_hls_0,DuplicateStreams_hls,DuplicateStreams,,,1,,,UINT6,,,6,,,,32,,,,,,,,,,,,,,,,,,,,,,,,,,,65,0,0,75,0,0,0,0
4,StreamingFIFO_rtl_3,StreamingFIFO_rtl,FIFO,,,,,,,,,,,auto,,,,,,,,,,,,,,,,,,,UINT6,6,2,1x32x32x32x1,rtl,,,,,,12,0,0,17,0,0,0,0
4,StreamingFIFO_rtl_4,StreamingFIFO_rtl,FIFO,,,,,,,,,,,auto,,,,,,,,,,,,,,,,,,,UINT6,6,2,1x32x32x32x1,rtl,,,,,,11,0,0,17,0,0,0,0
4,StreamingDataWidthConverter_rtl_0,StreamingDataWidthConverter_rtl,DWC,,,,,,,,,,,,,,,,,,,,,,,,,,,,,,,,,,,,,,,,14,0,0,108,0,0,0,0
4,Thresholding_rtl_2,Thresholding_rtl,Thresholding,,,1,,UINT6,UINT6,INT8,6,6,,,,32,255,999999,0,,,,,,,,,,,,,,,,,,,,,,,,57,0,14,185,0,0,0,0
4,StreamingFIFO_rtl_5,StreamingFIFO_rtl,FIFO,,,,,,,,,,,auto,,,,,,,,,,,,,,,,,,,UINT6,6,2,1x32x32x2x16,rtl,,,,,,100,0,0,197,0,0,0,0
4,StreamingFIFO_rtl_6,StreamingFIFO_rtl,FIFO,,,,,,,,,,,auto,,,,,,,,,,,,,,,,,,,INT8,8,2243,1x32x32x32x1,vivado,,,,,,77,0,0,63,0,1,0,0
4,MVAU_rtl_0,MVAU_rtl,MVAU,8,32,2,16,INT8,UINT6,INT18,8,6,dsp,auto,internal_decoupled,,,,,,,,,,,,,,,,,,,,,,,,,,,,609,183,0,623,0,0,0,16
4,StreamingFIFO_rtl_7,StreamingFIFO_rtl,FIFO,,,,,,,,,,,auto,,,,,,,,,,,,,,,,,,,INT18,18,2,1x32x32x4x2,rtl,,,,,,108,0,56,22,0,0,0,0
4,StreamingDataWidthConverter_rtl_1,StreamingDataWidthConverter_rtl,DWC,,,,,,,,,,,,,,,,,,,,,,,,,,,,,,,,,,,,,,,,37,0,0,76,0,0,0,0
4,StreamingFIFO_rtl_8,StreamingFIFO_rtl,FIFO,,,,,,,,,,,auto,,,,,,,,,,,,,,,,,,,INT18,18,2,1x32x32x8x1,rtl,,,,,,41,0,0,77,0,0,0,0
4,Thresholding_rtl_3,Thresholding_rtl,Thresholding,,,1,,INT18,INT18,UINT8,18,18,,,,8,255,1024,0,,,,,,,,,,,,,,,,,,,,,,,,223,0,9,553,0,1,0,0
4,StreamingFIFO_rtl_9,StreamingFIFO_rtl,FIFO,,,,,,,,,,,auto,,,,,,,,,,,,,,,,,,,UINT8,8,2,1x32x32x8x1,rtl,,,,,,24,0,0,41,0,0,0,0
4,StreamingDataWidthConverter_rtl_2,StreamingDataWidthConverter_rtl,DWC,,,,,,,,,,,,,,,,,,,,,,,,,,,,,,,,,,,,,,,,14,0,0,77,0,0,0,0
4,StreamingFIFO_rtl_10,StreamingFIFO_rtl,FIFO,,,,,,,,,,,auto,,,,,,,,,,,,,,,,,,,UINT8,8,32,1x32x32x1x8,rtl,,,,,,14,0,0,21,0,0,0,0
4,FMPadding_rtl_0,FMPadding_rtl,FMPadding,,,,8,,UINT8,,,8,,,,8,,,,,32,32,,,,,,,,,,,,,,,,,,,2x2x2x2,1,85,0,0,143,0,0,0,0
4,StreamingFIFO_rtl_11,StreamingFIFO_rtl,FIFO,,,,,,,,,,,auto,,,,,,,,,,,,,,,,,,,UINT8,8,2,1x36x36x1x8,rtl,,,,,,151,0,64,75,0,0,0,0
4,ConvolutionInputGenerator_rtl_0,ConvolutionInputGenerator_rtl,SWU,,,,8,,UINT8,UINT8,,8,,distributed,,,,,,8,36,36,32,32,3,3,1,1,2,2,0,1,,,,,,,,,,,541,296,0,1290,0,0,0,0
4,StreamingFIFO_rtl_12,StreamingFIFO_rtl,FIFO,,,,,,,,,,,auto,,,,,,,,,,,,,,,,,,,UINT8,8,32,1x32x32x1x72,rtl,,,,,,70,0,0,133,0,0,0,0
4,StreamingDataWidthConverter_rtl_3,StreamingDataWidthConverter_rtl,DWC,,,,,,,,,,,,,,,,,,,,,,,,,,,,,,,,,,,,,,,,438,0,0,1156,0,0,0,0
4,StreamingFIFO_rtl_13,StreamingFIFO_rtl,FIFO,,,,,,,,,,,auto,,,,,,,,,,,,,,,,,,,UINT8,8,100,1x32x32x2x36,rtl,,,,,,1198,0,576,604,0,0,0,0
4,MVAU_rtl_1,MVAU_rtl,MVAU,8,72,2,36,INT8,UINT8,INT20,8,8,dsp,auto,internal_decoupled,,,,,,,,,,,,,,,,,,,,,,,,,,,,1314,455,0,1378,0,0,0,36
4,StreamingFIFO_rtl_14,StreamingFIFO_rtl,FIFO,,,,,,,,,,,auto,,,,,,,,,,,,,,,,,,,INT20,20,2,1x32x32x4x2,rtl,,,,,,1482,0,1152,311,0,0,0,0
4,StreamingDataWidthConverter_rtl_4,StreamingDataWidthConverter_rtl,DWC,,,,,,,,,,,,,,,,,,,,,,,,,,,,,,,,,,,,,,,,44,0,0,84,0,0,0,0
4,StreamingFIFO_rtl_15,StreamingFIFO_rtl,FIFO,,,,,,,,,,,auto,,,,,,,,,,,,,,,,,,,INT20,20,2,1x32x32x8x1,rtl,,,,,,46,0,0,85,0,0,0,0
4,Thresholding_rtl_4,Thresholding_rtl,Thresholding,,,1,,INT20,INT20,UINT8,20,20,,,,8,255,1024,0,,,,,,,,,,,,,,,,,,,,,,,,352,0,9,596,1,0,0,0
4,StreamingFIFO_rtl_16,StreamingFIFO_rtl,FIFO,,,,,,,,,,,auto,,,,,,,,,,,,,,,,,,,UINT8,8,2,1x32x32x8x1,rtl,,,,,,26,0,0,45,0,0,0,0
4,StreamingDataWidthConverter_rtl_5,StreamingDataWidthConverter_rtl,DWC,,,,,,,,,,,,,,,,,,,,,,,,,,,,,,,,,,,,,,,,13,0,0,77,0,0,0,0
4,StreamingFIFO_rtl_17,StreamingFIFO_rtl,FIFO,,,,,,,,,,,auto,,,,,,,,,,,,,,,,,,,UINT8,8,49,1x32x32x1x8,rtl,,,,,,14,0,0,21,0,0,0,0
4,MVAU_rtl_2,MVAU_rtl,MVAU,32,8,1,8,INT8,UINT8,INT18,8,8,dsp,auto,internal_decoupled,,,,,,,,,,,,,,,,,,,,,,,,,,,,155,72,0,232,0,0,0,8
4,StreamingFIFO_rtl_18,StreamingFIFO_rtl,FIFO,,,,,,,,,,,auto,,,,,,,,,,,,,,,,,,,INT18,18,2,1x32x32x32x1,rtl,,,,,,221,0,128,76,0,0,0,0
4,Thresholding_rtl_5,Thresholding_rtl,Thresholding,,,1,,INT18,INT18,INT8,18,18,,,,32,255,1024,0,,,,,,,,,,,,,,,,,,,,,,,,195,0,9,541,3,1,0,0
4,StreamingFIFO_rtl_19,StreamingFIFO_rtl,FIFO,,,,,,,,,,,auto,,,,,,,,,,,,,,,,,,,INT8,8,2,1x32x32x32x1,rtl,,,,,,25,0,0,41,0,0,0,0
4,AddStreams_hls_0,AddStreams_hls,AddStreams,,,1,,,INT8,,,8,,,,32,,,,,,,,,,,,,,,,,,,,,,,,,,,70,0,0,92,0,0,0,0
4,StreamingFIFO_rtl_20,StreamingFIFO_rtl,FIFO,,,,,,,,,,,auto,,,,,,,,,,,,,,,,,,,INT9,9,2,1x32x32x32x1,rtl,,,,,,13,0,0,21,0,0,0,0
4,Thresholding_rtl_6,Thresholding_rtl,Thresholding,,,1,,INT10,INT9,INT8,10,9,,,,32,255,999999,0,,,,,,,,,,,,,,,,,,,,,,,,79,0,9,306,0,0,0,0
4,StreamingFIFO_rtl_21,StreamingFIFO_rtl,FIFO,,,,,,,,,,,auto,,,,,,,,,,,,,,,,,,,INT8,8,2,1x32x32x32x1,rtl,,,,,,15,0,0,23,0,0,0,0
4,Thresholding_rtl_7,Thresholding_rtl,Thresholding,,,1,,INT9,INT8,UINT8,9,8,,,,32,255,999999,0,,,,,,,,,,,,,,,,,,,,,,,,70,0,15,174,0,0,0,0
4,StreamingFIFO_rtl_22,StreamingFIFO_rtl,FIFO,,,,,,,,,,,auto,,,,,,,,,,,,,,,,,,,UINT8,8,2,1x32x32x32x1,rtl,,,,,,14,0,0,21,0,0,0,0
4,DuplicateStreams_hls_1,DuplicateStreams_hls,DuplicateStreams,,,1,,,UINT8,,,8,,,,32,,,,,,,,,,,,,,,,,,,,,,,,,,,69,0,0,89,0,0,0,0
4,StreamingFIFO_rtl_23,StreamingFIFO_rtl,FIFO,,,,,,,,,,,auto,,,,,,,,,,,,,,,,,,,UINT8,8,2,1x32x32x32x1,rtl,,,,,,13,0,0,21,0,0,0,0
4,StreamingFIFO_rtl_24,StreamingFIFO_rtl,FIFO,,,,,,,,,,,auto,,,,,,,,,,,,,,,,,,,UINT8,8,2,1x32x32x32x1,rtl,,,,,,14,0,0,21,0,0,0,0
4,StreamingDataWidthConverter_rtl_6,StreamingDataWidthConverter_rtl,DWC,,,,,,,,,,,,,,,,,,,,,,,,,,,,,,,,,,,,,,,,16,0,0,142,0,0,0,0
4,Thresholding_rtl_8,Thresholding_rtl,Thresholding,,,1,,UINT8,UINT8,INT8,8,8,,,,32,255,999999,0,,,,,,,,,,,,,,,,,,,,,,,,64,0,9,283,0,0,0,0
4,StreamingFIFO_rtl_25,StreamingFIFO_rtl,FIFO,,,,,,,,,,,auto,,,,,,,,,,,,,,,,,,,UINT8,8,2,1x32x32x2x16,rtl,,,,,,13,0,0,21,0,0,0,0
4,StreamingFIFO_rtl_26,StreamingFIFO_rtl,FIFO,,,,,,,,,,,auto,,,,,,,,,,,,,,,,,,,INT8,8,4355,1x32x32x32x1,vivado,,,,,,133,0,0,261,0,0,0,0
4,MVAU_rtl_3,MVAU_rtl,MVAU,8,32,2,16,INT8,UINT8,INT20,8,8,dsp,auto,internal_decoupled,,,,,,,,,,,,,,,,,,,,,,,,,,,,663,202,0,672,0,0,0,16
4,StreamingFIFO_rtl_27,StreamingFIFO_rtl,FIFO,,,,,,,,,,,auto,,,,,,,,,,,,,,,,,,,INT20,20,2,1x32x32x4x2,rtl,,,,,,81,0,0,67,1,0,0,0
4,StreamingDataWidthConverter_rtl_7,StreamingDataWidthConverter_rtl,DWC,,,,,,,,,,,,,,,,,,,,,,,,,,,,,,,,,,,,,,,,45,0,0,84,0,0,0,0
4,StreamingFIFO_rtl_28,StreamingFIFO_rtl,FIFO,,,,,,,,,,,auto,,,,,,,,,,,,,,,,,,,INT20,20,2,1x32x32x8x1,rtl,,,,,,110,0,64,22,0,0,0,0
4,Thresholding_rtl_9,Thresholding_rtl,Thresholding,,,1,,INT20,INT20,UINT8,20,20,,,,8,255,1024,0,,,,,,,,,,,,,,,,,,,,,,,,243,0,9,596,1,0,0,0
4,StreamingFIFO_rtl_29,StreamingFIFO_rtl,FIFO,,,,,,,,,,,auto,,,,,,,,,,,,,,,,,,,UINT8,8,2,1x32x32x8x1,rtl,,,,,,19,0,0,32,0,0,0,0
4,StreamingDataWidthConverter_rtl_8,StreamingDataWidthConverter_rtl,DWC,,,,,,,,,,,,,,,,,,,,,,,,,,,,,,,,,,,,,,,,14,0,0,77,0,0,0,0
4,StreamingFIFO_rtl_30,StreamingFIFO_rtl,FIFO,,,,,,,,,,,auto,,,,,,,,,,,,,,,,,,,UINT8,8,32,1x32x32x1x8,rtl,,,,,,46,0,0,85,0,0,0,0
4,FMPadding_rtl_1,FMPadding_rtl,FMPadding,,,,8,,UINT8,,,8,,,,8,,,,,32,32,,,,,,,,,,,,,,,,,,,4x4x4x4,1,87,0,0,143,0,0,0,0
4,StreamingFIFO_rtl_31,StreamingFIFO_rtl,FIFO,,,,,,,,,,,auto,,,,,,,,,,,,,,,,,,,UINT8,8,2,1x40x40x1x8,rtl,,,,,,26,0,0,45,0,0,0,0
4,ConvolutionInputGenerator_rtl_1,ConvolutionInputGenerator_rtl,SWU,,,,8,,UINT8,UINT8,,8,,distributed,,,,,,8,40,40,32,32,3,3,1,1,4,4,0,1,,,,,,,,,,,710,444,0,2204,0,0,0,0
4,StreamingFIFO_rtl_32,StreamingFIFO_rtl,FIFO,,,,,,,,,,,auto,,,,,,,,,,,,,,,,,,,UINT8,8,52,1x32x32x1x72,rtl,,,,,,13,0,0,21,0,0,0,0
4,StreamingDataWidthConverter_rtl_9,StreamingDataWidthConverter_rtl,DWC,,,,,,,,,,,,,,,,,,,,,,,,,,,,,,,,,,,,,,,,439,0,0,1156,0,0,0,0
4,StreamingFIFO_rtl_33,StreamingFIFO_rtl,FIFO,,,,,,,,,,,auto,,,,,,,,,,,,,,,,,,,UINT8,8,198,1x32x32x2x36,rtl,,,,,,153,0,64,75,0,0,0,0
4,MVAU_rtl_4,MVAU_rtl,MVAU,8,72,2,36,INT8,UINT8,INT20,8,8,dsp,auto,internal_decoupled,,,,,,,,,,,,,,,,,,,,,,,,,,,,1315,454,0,1376,0,0,0,36
4,StreamingFIFO_rtl_34,StreamingFIFO_rtl,FIFO,,,,,,,,,,,auto,,,,,,,,,,,,,,,,,,,INT20,20,2,1x32x32x4x2,rtl,,,,,,70,0,0,133,0,0,0,0
4,StreamingDataWidthConverter_rtl_10,StreamingDataWidthConverter_rtl,DWC,,,,,,,,,,,,,,,,,,,,,,,,,,,,,,,,,,,,,,,,45,0,0,84,0,0,0,0
4,StreamingFIFO_rtl_35,StreamingFIFO_rtl,FIFO,,,,,,,,,,,auto,,,,,,,,,,,,,,,,,,,INT20,20,2,1x32x32x8x1,rtl,,,,,,1783,0,1152,611,0,0,0,0
4,Thresholding_rtl_10,Thresholding_rtl,Thresholding,,,1,,INT20,INT20,UINT8,20,20,,,,8,255,1024,0,,,,,,,,,,,,,,,,,,,,,,,,235,0,9,597,1,0,0,0
4,StreamingFIFO_rtl_36,StreamingFIFO_rtl,FIFO,,,,,,,,,,,auto,,,,,,,,,,,,,,,,,,,UINT8,8,2,1x32x32x8x1,rtl,,,,,,2661,0,2016,335,0,0,0,0
4,StreamingDataWidthConverter_rtl_11,StreamingDataWidthConverter_rtl,DWC,,,,,,,,,,,,,,,,,,,,,,,,,,,,,,,,,,,,,,,,14,0,0,77,0,0,0,0
4,StreamingFIFO_rtl_37,StreamingFIFO_rtl,FIFO,,,,,,,,,,,auto,,,,,,,,,,,,,,,,,,,UINT8,8,99,1x32x32x1x8,rtl,,,,,,46,0,0,85,0,0,0,0
4,MVAU_rtl_5,MVAU_rtl,MVAU,32,8,1,8,INT4,UINT8,INT14,4,8,dsp,auto,internal_decoupled,,,,,,,,,,,,,,,,,,,,,,,,,,,,136,56,0,184,0,0,0,8
4,StreamingFIFO_rtl_38,StreamingFIFO_rtl,FIFO,,,,,,,,,,,auto,,,,,,,,,,,,,,,,,,,INT14,14,2,1x32x32x32x1,rtl,,,,,,26,0,0,45,0,0,0,0
4,Thresholding_rtl_11,Thresholding_rtl,Thresholding,,,1,,INT14,INT14,INT8,14,14,,,,32,255,1024,0,,,,,,,,,,,,,,,,,,,,,,,,158,0,9,461,3,1,0,0
4,StreamingFIFO_rtl_39,StreamingFIFO_rtl,FIFO,,,,,,,,,,,auto,,,,,,,,,,,,,,,,,,,INT8,8,2,1x32x32x32x1,rtl,,,,,,14,0,0,21,0,0,0,0
4,AddStreams_hls_1,AddStreams_hls,AddStreams,,,1,,,INT8,,,8,,,,32,,,,,,,,,,,,,,,,,,,,,,,,,,,69,0,0,92,0,0,0,0
4,StreamingFIFO_rtl_40,StreamingFIFO_rtl,FIFO,,,,,,,,,,,auto,,,,,,,,,,,,,,,,,,,INT9,9,2,1x32x32x32x1,rtl,,,,,,357,0,256,83,0,0,0,0
4,Thresholding_rtl_12,Thresholding_rtl,Thresholding,,,1,,INT10,INT9,INT8,10,9,,,,32,255,999999,0,,,,,,,,,,,,,,,,,,,,,,,,80,0,9,306,0,0,0,0
4,StreamingFIFO_rtl_41,StreamingFIFO_rtl,FIFO,,,,,,,,,,,auto,,,,,,,,,,,,,,,,,,,INT8,8,2,1x32x32x32x1,rtl,,,,,,21,0,0,33,0,0,0,0
4,Thresholding_rtl_13,Thresholding_rtl,Thresholding,,,1,,INT9,INT8,UINT8,9,8,,,,32,255,999999,0,,,,,,,,,,,,,,,,,,,,,,,,70,0,15,174,0,0,0,0
4,StreamingFIFO_rtl_42,StreamingFIFO_rtl,FIFO,,,,,,,,,,,auto,,,,,,,,,,,,,,,,,,,UINT8,8,2,1x32x32x32x1,rtl,,,,,,13,0,0,21,0,0,0,0
4,DuplicateStreams_hls_2,DuplicateStreams_hls,DuplicateStreams,,,1,,,UINT8,,,8,,,,32,,,,,,,,,,,,,,,,,,,,,,,,,,,68,0,0,89,0,0,0,0
4,StreamingFIFO_rtl_43,StreamingFIFO_rtl,FIFO,,,,,,,,,,,auto,,,,,,,,,,,,,,,,,,,UINT8,8,2,1x32x32x32x1,rtl,,,,,,15,0,0,23,0,0,0,0
4,StreamingFIFO_rtl_44,StreamingFIFO_rtl,FIFO,,,,,,,,,,,auto,,,,,,,,,,,,,,,,,,,UINT8,8,2,1x32x32x32x1,rtl,,,,,,14,0,0,21,0,0,0,0
4,StreamingDataWidthConverter_rtl_12,StreamingDataWidthConverter_rtl,DWC,,,,,,,,,,,,,,,,,,,,,,,,,,,,,,,,,,,,,,,,16,0,0,142,0,0,0,0
4,Thresholding_rtl_14,Thresholding_rtl,Thresholding,,,1,,UINT8,UINT8,INT8,8,8,,,,32,255,999999,0,,,,,,,,,,,,,,,,,,,,,,,,64,0,9,283,0,0,0,0
4,StreamingFIFO_rtl_45,StreamingFIFO_rtl,FIFO,,,,,,,,,,,auto,,,,,,,,,,,,,,,,,,,UINT8,8,2,1x32x32x2x16,rtl,,,,,,13,0,0,21,0,0,0,0
4,StreamingFIFO_rtl_46,StreamingFIFO_rtl,FIFO,,,,,,,,,,,auto,,,,,,,,,,,,,,,,,,,INT8,8,8575,1x32x32x32x1,vivado,,,,,,14,0,0,21,0,0,0,0
4,MVAU_rtl_6,MVAU_rtl,MVAU,8,32,2,16,INT8,UINT8,INT19,8,8,dsp,auto,internal_decoupled,,,,,,,,,,,,,,,,,,,,,,,,,,,,647,200,0,661,0,0,0,16
4,StreamingFIFO_rtl_47,StreamingFIFO_rtl,FIFO,,,,,,,,,,,auto,,,,,,,,,,,,,,,,,,,INT19,19,2,1x32x32x4x2,rtl,,,,,,13,0,0,21,0,0,0,0
4,StreamingDataWidthConverter_rtl_13,StreamingDataWidthConverter_rtl,DWC,,,,,,,,,,,,,,,,,,,,,,,,,,,,,,,,,,,,,,,,42,0,0,80,0,0,0,0
4,StreamingFIFO_rtl_48,StreamingFIFO_rtl,FIFO,,,,,,,,,,,auto,,,,,,,,,,,,,,,,,,,INT19,19,2,1x32x32x8x1,rtl,,,,,,132,0,0,261,0,0,0,0
4,Thresholding_rtl_15,Thresholding_rtl,Thresholding,,,1,,INT19,INT19,UINT8,19,19,,,,8,255,1024,0,,,,,,,,,,,,,,,,,,,,,,,,235,0,9,575,1,0,0,0
4,StreamingFIFO_rtl_49,StreamingFIFO_rtl,FIFO,,,,,,,,,,,auto,,,,,,,,,,,,,,,,,,,UINT8,8,2,1x32x32x8x1,rtl,,,,,,92,0,0,71,2,0,0,0
4,StreamingDataWidthConverter_rtl_14,StreamingDataWidthConverter_rtl,DWC,,,,,,,,,,,,,,,,,,,,,,,,,,,,,,,,,,,,,,,,14,0,0,77,0,0,0,0
4,StreamingFIFO_rtl_50,StreamingFIFO_rtl,FIFO,,,,,,,,,,,auto,,,,,,,,,,,,,,,,,,,UINT8,8,32,1x32x32x1x8,rtl,,,,,,110,0,64,22,0,0,0,0
4,FMPadding_rtl_2,FMPadding_rtl,FMPadding,,,,8,,UINT8,,,8,,,,8,,,,,32,32,,,,,,,,,,,,,,,,,,,8x8x8x8,1,83,0,0,143,0,0,0,0
4,StreamingFIFO_rtl_51,StreamingFIFO_rtl,FIFO,,,,,,,,,,,auto,,,,,,,,,,,,,,,,,,,UINT8,8,2,1x48x48x1x8,rtl,,,,,,72,0,32,21,0,0,0,0
4,ConvolutionInputGenerator_rtl_2,ConvolutionInputGenerator_rtl,SWU,,,,8,,UINT8,UINT8,,8,,distributed,,,,,,8,48,48,32,32,3,3,1,1,8,8,0,1,,,,,,,,,,,1510,888,192,1464,0,0,0,0
4,StreamingFIFO_rtl_52,StreamingFIFO_rtl,FIFO,,,,,,,,,,,auto,,,,,,,,,,,,,,,,,,,UINT8,8,72,1x32x32x1x72,rtl,,,,,,44,0,0,81,0,0,0,0
4,StreamingDataWidthConverter_rtl_15,StreamingDataWidthConverter_rtl,DWC,,,,,,,,,,,,,,,,,,,,,,,,,,,,,,,,,,,,,,,,437,0,0,1156,0,0,0,0
4,StreamingFIFO_rtl_53,StreamingFIFO_rtl,FIFO,,,,,,,,,,,auto,,,,,,,,,,,,,,,,,,,UINT8,8,396,1x32x32x2x36,vivado,,,,,,25,0,0,43,0,0,0,0
4,MVAU_rtl_7,MVAU_rtl,MVAU,8,72,2,36,INT8,UINT8,INT20,8,8,dsp,auto,internal_decoupled,,,,,,,,,,,,,,,,,,,,,,,,,,,,1316,455,0,1378,0,0,0,36
4,StreamingFIFO_rtl_54,StreamingFIFO_rtl,FIFO,,,,,,,,,,,auto,,,,,,,,,,,,,,,,,,,INT20,20,2,1x32x32x4x2,rtl,,,,,,13,0,0,21,0,0,0,0
4,StreamingDataWidthConverter_rtl_16,StreamingDataWidthConverter_rtl,DWC,,,,,,,,,,,,,,,,,,,,,,,,,,,,,,,,,,,,,,,,44,0,0,84,0,0,0,0
4,StreamingFIFO_rtl_55,StreamingFIFO_rtl,FIFO,,,,,,,,,,,auto,,,,,,,,,,,,,,,,,,,INT20,20,2,1x32x32x8x1,rtl,,,,,,153,0,64,75,0,0,0,0
4,Thresholding_rtl_16,Thresholding_rtl,Thresholding,,,1,,INT20,INT20,UINT6,20,20,,,,8,63,999999,0,,,,,,,,,,,,,,,,,,,,,,,,183,0,7,443,0,0,0,0
4,StreamingFIFO_rtl_56,StreamingFIFO_rtl,FIFO,,,,,,,,,,,auto,,,,,,,,,,,,,,,,,,,UINT6,6,2,1x32x32x8x1,rtl,,,,,,70,0,0,133,0,0,0,0
4,StreamingDataWidthConverter_rtl_17,StreamingDataWidthConverter_rtl,DWC,,,,,,,,,,,,,,,,,,,,,,,,,,,,,,,,,,,,,,,,12,0,0,59,0,0,0,0
4,StreamingFIFO_rtl_57,StreamingFIFO_rtl,FIFO,,,,,,,,,,,auto,,,,,,,,,,,,,,,,,,,UINT6,6,198,1x32x32x1x8,rtl,,,,,,3005,0,1728,675,0,0,0,0
4,MVAU_rtl_8,MVAU_rtl,MVAU,32,8,1,8,INT8,UINT6,INT16,8,6,dsp,auto,internal_decoupled,,,,,,,,,,,,,,,,,,,,,,,,,,,,149,60,0,208,0,0,0,8
4,StreamingFIFO_rtl_58,StreamingFIFO_rtl,FIFO,,,,,,,,,,,auto,,,,,,,,,,,,,,,,,,,INT16,16,2,1x32x32x32x1,rtl,,,,,,2663,0,2304,343,0,0,0,0
4,Thresholding_rtl_17,Thresholding_rtl,Thresholding,,,1,,INT16,INT16,INT8,16,16,,,,32,255,1024,0,,,,,,,,,,,,,,,,,,,,,,,,177,0,9,501,3,1,0,0
4,StreamingFIFO_rtl_59,StreamingFIFO_rtl,FIFO,,,,,,,,,,,auto,,,,,,,,,,,,,,,,,,,INT8,8,2,1x32x32x32x1,rtl,,,,,,2066,0,1440,316,0,0,0,0
4,AddStreams_hls_2,AddStreams_hls,AddStreams,,,1,,,INT8,,,8,,,,32,,,,,,,,,,,,,,,,,,,,,,,,,,,68,0,0,92,0,0,0,0
4,StreamingFIFO_rtl_60,StreamingFIFO_rtl,FIFO,,,,,,,,,,,auto,,,,,,,,,,,,,,,,,,,INT9,9,2,1x32x32x32x1,rtl,,,,,,46,0,0,85,0,0,0,0
4,Thresholding_rtl_18,Thresholding_rtl,Thresholding,,,1,,INT10,INT9,INT8,10,9,,,,32,255,999999,0,,,,,,,,,,,,,,,,,,,,,,,,79,0,9,321,0,0,0,0
4,StreamingFIFO_rtl_61,StreamingFIFO_rtl,FIFO,,,,,,,,,,,auto,,,,,,,,,,,,,,,,,,,INT8,8,2,1x32x32x32x1,rtl,,,,,,26,0,0,45,0,0,0,0
4,Thresholding_rtl_19,Thresholding_rtl,Thresholding,,,1,,INT9,INT8,UINT8,9,8,,,,32,255,999999,0,,,,,,,,,,,,,,,,,,,,,,,,70,0,15,174,0,0,0,0
4,StreamingFIFO_rtl_62,StreamingFIFO_rtl,FIFO,,,,,,,,,,,auto,,,,,,,,,,,,,,,,,,,UINT8,8,2,1x32x32x32x1,rtl,,,,,,11,0,0,17,0,0,0,0
4,DuplicateStreams_hls_3,DuplicateStreams_hls,DuplicateStreams,,,1,,,UINT8,,,8,,,,32,,,,,,,,,,,,,,,,,,,,,,,,,,,69,0,0,89,0,0,0,0
4,StreamingFIFO_rtl_63,StreamingFIFO_rtl,FIFO,,,,,,,,,,,auto,,,,,,,,,,,,,,,,,,,UINT8,8,2,1x32x32x32x1,rtl,,,,,,469,0,336,66,0,0,0,0
4,StreamingFIFO_rtl_64,StreamingFIFO_rtl,FIFO,,,,,,,,,,,auto,,,,,,,,,,,,,,,,,,,UINT8,8,2,1x32x32x32x1,rtl,,,,,,23,0,0,37,0,0,0,0
4,StreamingDataWidthConverter_rtl_18,StreamingDataWidthConverter_rtl,DWC,,,,,,,,,,,,,,,,,,,,,,,,,,,,,,,,,,,,,,,,16,0,0,142,0,0,0,0
4,Thresholding_rtl_20,Thresholding_rtl,Thresholding,,,1,,UINT8,UINT8,INT8,8,8,,,,32,255,999999,0,,,,,,,,,,,,,,,,,,,,,,,,64,0,9,283,0,0,0,0
4,StreamingFIFO_rtl_65,StreamingFIFO_rtl,FIFO,,,,,,,,,,,auto,,,,,,,,,,,,,,,,,,,UINT8,8,2,1x32x32x2x16,rtl,,,,,,13,0,0,21,0,0,0,0
4,StreamingFIFO_rtl_66,StreamingFIFO_rtl,FIFO,,,,,,,,,,,auto,,,,,,,,,,,,,,,,,,,INT8,8,1175,1x32x32x32x1,vivado,,,,,,15,0,0,23,0,0,0,0
4,MVAU_rtl_9,MVAU_rtl,MVAU,8,32,2,16,INT8,UINT8,INT21,8,8,dsp,auto,internal_decoupled,,,,,,,,,,,,,,,,,,,,,,,,,,,,674,201,0,677,0,0,0,16
4,StreamingFIFO_rtl_67,StreamingFIFO_rtl,FIFO,,,,,,,,,,,auto,,,,,,,,,,,,,,,,,,,INT21,21,2,1x32x32x4x2,rtl,,,,,,14,0,0,21,0,0,0,0
4,StreamingDataWidthConverter_rtl_19,StreamingDataWidthConverter_rtl,DWC,,,,,,,,,,,,,,,,,,,,,,,,,,,,,,,,,,,,,,,,45,0,0,88,0,0,0,0
4,StreamingFIFO_rtl_68,StreamingFIFO_rtl,FIFO,,,,,,,,,,,auto,,,,,,,,,,,,,,,,,,,INT21,21,2,1x32x32x8x1,rtl,,,,,,13,0,0,21,0,0,0,0
4,Thresholding_rtl_21,Thresholding_rtl,Thresholding,,,1,,INT21,INT21,UINT6,21,21,,,,8,63,1024,0,,,,,,,,,,,,,,,,,,,,,,,,212,0,7,461,0,0,0,0
4,StreamingFIFO_rtl_69,StreamingFIFO_rtl,FIFO,,,,,,,,,,,auto,,,,,,,,,,,,,,,,,,,UINT6,6,2,1x32x32x8x1,rtl,,,,,,14,0,0,21,0,0,0,0
4,StreamingDataWidthConverter_rtl_20,StreamingDataWidthConverter_rtl,DWC,,,,,,,,,,,,,,,,,,,,,,,,,,,,,,,,,,,,,,,,12,0,0,59,0,0,0,0
4,StreamingFIFO_rtl_70,StreamingFIFO_rtl,FIFO,,,,,,,,,,,auto,,,,,,,,,,,,,,,,,,,UINT6,6,2,1x32x32x1x8,rtl,,,,,,13,0,0,21,0,0,0,0
4,FMPadding_rtl_3,FMPadding_rtl,FMPadding,,,,8,,UINT6,,,6,,,,8,,,,,32,32,,,,,,,,,,,,,,,,,,,1x1x1x1,1,72,0,0,111,0,0,0,0
4,StreamingFIFO_rtl_71,StreamingFIFO_rtl,FIFO,,,,,,,,,,,auto,,,,,,,,,,,,,,,,,,,UINT6,6,2,1x34x34x1x8,rtl,,,,,,132,0,0,261,0,0,0,0
4,ConvolutionInputGenerator_rtl_3,ConvolutionInputGenerator_rtl,SWU,,,,8,,UINT6,UINT6,,6,,distributed,,,,,,8,34,34,32,32,3,3,1,1,1,1,0,1,,,,,,,,,,,155,56,0,592,0,0,0,0
4,StreamingFIFO_rtl_72,StreamingFIFO_rtl,FIFO,,,,,,,,,,,auto,,,,,,,,,,,,,,,,,,,UINT6,6,32,1x32x32x1x72,rtl,,,,,,69,0,0,59,0,1,0,0
4,StreamingDataWidthConverter_rtl_21,StreamingDataWidthConverter_rtl,DWC,,,,,,,,,,,,,,,,,,,,,,,,,,,,,,,,,,,,,,,,437,0,0,868,0,0,0,0
4,StreamingFIFO_rtl_73,StreamingFIFO_rtl,FIFO,,,,,,,,,,,auto,,,,,,,,,,,,,,,,,,,UINT6,6,50,1x32x32x2x36,rtl,,,,,,90,0,40,22,0,0,0,0
4,MVAU_rtl_10,MVAU_rtl,MVAU,8,72,2,36,INT8,UINT6,INT19,8,6,dsp,auto,internal_decoupled,,,,,,,,,,,,,,,,,,,,,,,,,,,,1232,411,0,1192,0,0,0,36
4,StreamingFIFO_rtl_74,StreamingFIFO_rtl,FIFO,,,,,,,,,,,auto,,,,,,,,,,,,,,,,,,,INT19,19,2,1x32x32x4x2,rtl,,,,,,47,0,0,89,0,0,0,0
4,StreamingDataWidthConverter_rtl_22,StreamingDataWidthConverter_rtl,DWC,,,,,,,,,,,,,,,,,,,,,,,,,,,,,,,,,,,,,,,,43,0,0,80,0,0,0,0
4,StreamingFIFO_rtl_75,StreamingFIFO_rtl,FIFO,,,,,,,,,,,auto,,,,,,,,,,,,,,,,,,,INT19,19,2,1x32x32x8x1,rtl,,,,,,27,0,0,47,0,0,0,0
4,Thresholding_rtl_22,Thresholding_rtl,Thresholding,,,1,,INT19,INT19,UINT4,19,19,,,,8,15,999999,0,,,,,,,,,,,,,,,,,,,,,,,,93,0,5,267,0,0,0,0
4,StreamingFIFO_rtl_76,StreamingFIFO_rtl,FIFO,,,,,,,,,,,auto,,,,,,,,,,,,,,,,,,,UINT4,4,2,1x32x32x8x1,rtl,,,,,,11,0,0,17,0,0,0,0
4,StreamingDataWidthConverter_rtl_23,StreamingDataWidthConverter_rtl,DWC,,,,,,,,,,,,,,,,,,,,,,,,,,,,,,,,,,,,,,,,9,0,0,41,0,0,0,0
4,StreamingFIFO_rtl_77,StreamingFIFO_rtl,FIFO,,,,,,,,,,,auto,,,,,,,,,,,,,,,,,,,UINT4,4,32,1x32x32x1x8,rtl,,,,,,53,0,0,101,0,0,0,0
4,MVAU_rtl_11,MVAU_rtl,MVAU,32,8,1,8,INT4,UINT4,INT9,4,4,dsp,auto,internal_decoupled,,,,,,,,,,,,,,,,,,,,,,,,,,,,111,36,0,213,0,0,0,8
4,StreamingFIFO_rtl_78,StreamingFIFO_rtl,FIFO,,,,,,,,,,,auto,,,,,,,,,,,,,,,,,,,INT9,9,2,1x32x32x32x1,rtl,,,,,,54,0,0,101,0,0,0,0
4,Thresholding_rtl_23,Thresholding_rtl,Thresholding,,,1,,INT9,INT9,INT8,9,9,,,,32,255,1024,0,,,,,,,,,,,,,,,,,,,,,,,,117,0,9,361,1,2,0,0
4,StreamingFIFO_rtl_79,StreamingFIFO_rtl,FIFO,,,,,,,,,,,auto,,,,,,,,,,,,,,,,,,,INT8,8,2,1x32x32x32x1,rtl,,,,,,894,0,432,457,0,0,0,0
4,AddStreams_hls_3,AddStreams_hls,AddStreams,,,1,,,INT8,,,8,,,,32,,,,,,,,,,,,,,,,,,,,,,,,,,,71,0,0,92,0,0,0,0
4,StreamingFIFO_rtl_80,StreamingFIFO_rtl,FIFO,,,,,,,,,,,auto,,,,,,,,,,,,,,,,,,,INT9,9,2,1x32x32x32x1,rtl,,,,,,684,0,432,245,0,0,0,0
4,Thresholding_rtl_24,Thresholding_rtl,Thresholding,,,1,,INT10,INT9,INT8,10,9,,,,32,255,999999,0,,,,,,,,,,,,,,,,,,,,,,,,80,0,9,306,0,0,0,0
4,StreamingFIFO_rtl_81,StreamingFIFO_rtl,FIFO,,,,,,,,,,,auto,,,,,,,,,,,,,,,,,,,INT8,8,2,1x32x32x32x1,rtl,,,,,,44,0,0,81,0,0,0,0
4,Thresholding_rtl_25,Thresholding_rtl,Thresholding,,,1,,INT9,INT8,UINT6,9,8,,,,32,63,999999,0,,,,,,,,,,,,,,,,,,,,,,,,57,0,11,130,0,0,0,0
4,StreamingFIFO_rtl_82,StreamingFIFO_rtl,FIFO,,,,,,,,,,,auto,,,,,,,,,,,,,,,,,,,UINT6,6,2,1x32x32x32x1,rtl,,,,,,25,0,0,43,0,0,0,0
4,DuplicateStreams_hls_4,DuplicateStreams_hls,DuplicateStreams,,,1,,,UINT6,,,6,,,,32,,,,,,,,,,,,,,,,,,,,,,,,,,,64,0,0,75,0,0,0,0
4,StreamingFIFO_rtl_83,StreamingFIFO_rtl,FIFO,,,,,,,,,,,auto,,,,,,,,,,,,,,,,,,,UINT6,6,2,1x32x32x32x1,rtl,,,,,,10,0,0,13,0,0,0,0
4,StreamingFIFO_rtl_84,StreamingFIFO_rtl,FIFO,,,,,,,,,,,auto,,,,,,,,,,,,,,,,,,,UINT6,6,2,1x32x32x32x1,rtl,,,,,,89,0,32,43,0,0,0,0
4,StreamingDataWidthConverter_rtl_24,StreamingDataWidthConverter_rtl,DWC,,,,,,,,,,,,,,,,,,,,,,,,,,,,,,,,,,,,,,,,13,0,0,108,0,0,0,0
4,Thresholding_rtl_26,Thresholding_rtl,Thresholding,,,1,,UINT6,UINT6,INT8,6,6,,,,32,255,999999,0,,,,,,,,,,,,,,,,,,,,,,,,57,0,14,185,0,0,0,0
4,StreamingFIFO_rtl_85,StreamingFIFO_rtl,FIFO,,,,,,,,,,,auto,,,,,,,,,,,,,,,,,,,UINT6,6,2,1x32x32x2x16,rtl,,,,,,15,0,0,23,0,0,0,0
4,StreamingFIFO_rtl_86,StreamingFIFO_rtl,FIFO,,,,,,,,,,,auto,,,,,,,,,,,,,,,,,,,INT8,8,2243,1x32x32x32x1,vivado,,,,,,13,0,0,21,0,0,0,0
4,MVAU_rtl_12,MVAU_rtl,MVAU,8,32,2,16,INT8,UINT6,INT18,8,6,dsp,auto,internal_decoupled,,,,,,,,,,,,,,,,,,,,,,,,,,,,610,182,0,620,0,0,0,16
4,StreamingFIFO_rtl_87,StreamingFIFO_rtl,FIFO,,,,,,,,,,,auto,,,,,,,,,,,,,,,,,,,INT18,18,2,1x32x32x4x2,rtl,,,,,,15,0,0,23,0,0,0,0
4,StreamingDataWidthConverter_rtl_25,StreamingDataWidthConverter_rtl,DWC,,,,,,,,,,,,,,,,,,,,,,,,,,,,,,,,,,,,,,,,40,0,0,76,0,0,0,0
4,StreamingFIFO_rtl_88,StreamingFIFO_rtl,FIFO,,,,,,,,,,,auto,,,,,,,,,,,,,,,,,,,INT18,18,2,1x32x32x8x1,rtl,,,,,,14,0,0,21,0,0,0,0
4,Thresholding_rtl_27,Thresholding_rtl,Thresholding,,,1,,INT18,INT18,UINT8,18,18,,,,8,255,1024,0,,,,,,,,,,,,,,,,,,,,,,,,225,0,9,553,0,1,0,0
4,StreamingFIFO_rtl_89,StreamingFIFO_rtl,FIFO,,,,,,,,,,,auto,,,,,,,,,,,,,,,,,,,UINT8,8,2,1x32x32x8x1,rtl,,,,,,11,0,0,17,0,0,0,0
4,StreamingDataWidthConverter_rtl_26,StreamingDataWidthConverter_rtl,DWC,,,,,,,,,,,,,,,,,,,,,,,,,,,,,,,,,,,,,,,,14,0,0,77,0,0,0,0
4,StreamingFIFO_rtl_90,StreamingFIFO_rtl,FIFO,,,,,,,,,,,auto,,,,,,,,,,,,,,,,,,,UINT8,8,32,1x32x32x1x8,rtl,,,,,,12,0,0,17,0,0,0,0
4,FMPadding_rtl_4,FMPadding_rtl,FMPadding,,,,8,,UINT8,,,8,,,,8,,,,,32,32,,,,,,,,,,,,,,,,,,,2x2x2x2,1,89,0,0,143,0,0,0,0
4,StreamingFIFO_rtl_91,StreamingFIFO_rtl,FIFO,,,,,,,,,,,auto,,,,,,,,,,,,,,,,,,,UINT8,8,2,1x36x36x1x8,rtl,,,,,,11,0,0,17,0,0,0,0
4,ConvolutionInputGenerator_rtl_4,ConvolutionInputGenerator_rtl,SWU,,,,8,,UINT8,UINT8,,8,,distributed,,,,,,8,36,36,32,32,3,3,1,1,2,2,0,1,,,,,,,,,,,541,296,0,1290,0,0,0,0
4,StreamingFIFO_rtl_92,StreamingFIFO_rtl,FIFO,,,,,,,,,,,auto,,,,,,,,,,,,,,,,,,,UINT8,8,32,1x32x32x1x72,rtl,,,,,,101,0,0,197,0,0,0,0
4,StreamingDataWidthConverter_rtl_27,StreamingDataWidthConverter_rtl,DWC,,,,,,,,,,,,,,,,,,,,,,,,,,,,,,,,,,,,,,,,437,0,0,1156,0,0,0,0
4,StreamingFIFO_rtl_93,StreamingFIFO_rtl,FIFO,,,,,,,,,,,auto,,,,,,,,,,,,,,,,,,,UINT8,8,100,1x32x32x2x36,rtl,,,,,,76,0,0,63,0,1,0,0
4,MVAU_rtl_13,MVAU_rtl,MVAU,8,72,2,36,INT8,UINT8,INT20,8,8,dsp,auto,internal_decoupled,,,,,,,,,,,,,,,,,,,,,,,,,,,,1315,454,0,1376,0,0,0,36
4,StreamingFIFO_rtl_94,StreamingFIFO_rtl,FIFO,,,,,,,,,,,auto,,,,,,,,,,,,,,,,,,,INT20,20,2,1x32x32x4x2,rtl,,,,,,108,0,56,22,0,0,0,0
4,StreamingDataWidthConverter_rtl_28,StreamingDataWidthConverter_rtl,DWC,,,,,,,,,,,,,,,,,,,,,,,,,,,,,,,,,,,,,,,,44,0,0,84,0,0,0,0
4,StreamingFIFO_rtl_95,StreamingFIFO_rtl,FIFO,,,,,,,,,,,auto,,,,,,,,,,,,,,,,,,,INT20,20,2,1x32x32x8x1,rtl,,,,,,42,0,0,77,0,0,0,0
4,Thresholding_rtl_28,Thresholding_rtl,Thresholding,,,1,,INT20,INT20,UINT8,20,20,,,,8,255,1024,0,,,,,,,,,,,,,,,,,,,,,,,,224,0,9,593,1,0,0,0
4,StreamingFIFO_rtl_96,StreamingFIFO_rtl,FIFO,,,,,,,,,,,auto,,,,,,,,,,,,,,,,,,,UINT8,8,2,1x32x32x8x1,rtl,,,,,,24,0,0,41,0,0,0,0
4,StreamingDataWidthConverter_rtl_29,StreamingDataWidthConverter_rtl,DWC,,,,,,,,,,,,,,,,,,,,,,,,,,,,,,,,,,,,,,,,14,0,0,77,0,0,0,0
4,StreamingFIFO_rtl_97,StreamingFIFO_rtl,FIFO,,,,,,,,,,,auto,,,,,,,,,,,,,,,,,,,UINT8,8,49,1x32x32x1x8,rtl,,,,,,13,0,0,21,0,0,0,0
4,MVAU_rtl_14,MVAU_rtl,MVAU,32,8,1,8,INT8,UINT8,INT18,8,8,dsp,auto,internal_decoupled,,,,,,,,,,,,,,,,,,,,,,,,,,,,155,72,0,232,0,0,0,8
4,StreamingFIFO_rtl_98,StreamingFIFO_rtl,FIFO,,,,,,,,,,,auto,,,,,,,,,,,,,,,,,,,INT18,18,2,1x32x32x32x1,rtl,,,,,,149,0,64,75,0,0,0,0
4,Thresholding_rtl_29,Thresholding_rtl,Thresholding,,,1,,INT18,INT18,INT8,18,18,,,,32,255,1024,0,,,,,,,,,,,,,,,,,,,,,,,,198,0,9,541,3,1,0,0
4,StreamingFIFO_rtl_99,StreamingFIFO_rtl,FIFO,,,,,,,,,,,auto,,,,,,,,,,,,,,,,,,,INT8,8,2,1x32x32x32x1,rtl,,,,,,71,0,0,133,0,0,0,0
4,AddStreams_hls_4,AddStreams_hls,AddStreams,,,1,,,INT8,,,8,,,,32,,,,,,,,,,,,,,,,,,,,,,,,,,,72,0,0,92,0,0,0,0
4,StreamingFIFO_rtl_100,StreamingFIFO_rtl,FIFO,,,,,,,,,,,auto,,,,,,,,,,,,,,,,,,,INT9,9,2,1x32x32x32x1,rtl,,,,,,1202,0,576,609,0,0,0,0
5,StreamingFIFO_rtl_0,StreamingFIFO_rtl,FIFO,,,,,,,,,,,auto,,,,,,,,,,,,,,,,,,,INT9,9,2,1x32x32x32x1,rtl,,,,,,15,0,0,23,0,0,0,0
5,Thresholding_rtl_0,Thresholding_rtl,Thresholding,,,1,,INT10,INT9,INT8,10,9,,,,32,255,999999,0,,,,,,,,,,,,,,,,,,,,,,,,80,0,9,306,0,0,0,0
5,StreamingFIFO_rtl_1,StreamingFIFO_rtl,FIFO,,,,,,,,,,,auto,,,,,,,,,,,,,,,,,,,INT8,8,2,1x32x32x32x1,rtl,,,,,,14,0,0,21,0,0,0,0
5,Thresholding_rtl_1,Thresholding_rtl,Thresholding,,,1,,INT9,INT8,UINT8,9,8,,,,32,255,999999,0,,,,,,,,,,,,,,,,,,,,,,,,70,0,15,174,0,0,0,0
5,StreamingFIFO_rtl_2,StreamingFIFO_rtl,FIFO,,,,,,,,,,,auto,,,,,,,,,,,,,,,,,,,UINT8,8,2,1x32x32x32x1,rtl,,,,,,13,0,0,21,0,0,0,0
5,DuplicateStreams_hls_0,DuplicateStreams_hls,DuplicateStreams,,,1,,,UINT8,,,8,,,,32,,,,,,,,,,,,,,,,,,,,,,,,,,,68,0,0,89,0,0,0,0
5,StreamingFIFO_rtl_3,StreamingFIFO_rtl,FIFO,,,,,,,,,,,auto,,,,,,,,,,,,,,,,,,,UINT8,8,2,1x32x32x32x1,rtl,,,,,,14,0,0,21,0,0,0,0
5,StreamingFIFO_rtl_4,StreamingFIFO_rtl,FIFO,,,,,,,,,,,auto,,,,,,,,,,,,,,,,,,,UINT8,8,2,1x32x32x32x1,rtl,,,,,,13,0,0,21,0,0,0,0
5,StreamingDataWidthConverter_rtl_0,StreamingDataWidthConverter_rtl,DWC,,,,,,,,,,,,,,,,,,,,,,,,,,,,,,,,,,,,,,,,16,0,0,142,0,0,0,0
5,Thresholding_rtl_2,Thresholding_rtl,Thresholding,,,1,,UINT8,UINT8,INT8,8,8,,,,32,255,999999,0,,,,,,,,,,,,,,,,,,,,,,,,64,0,9,283,0,0,0,0
5,StreamingFIFO_rtl_5,StreamingFIFO_rtl,FIFO,,,,,,,,,,,auto,,,,,,,,,,,,,,,,,,,UINT8,8,2,1x32x32x2x16,rtl,,,,,,132,0,0,261,0,0,0,0
5,StreamingFIFO_rtl_6,StreamingFIFO_rtl,FIFO,,,,,,,,,,,auto,,,,,,,,,,,,,,,,,,,INT8,8,4347,1x32x32x32x1,vivado,,,,,,85,0,0,67,1,0,0,0
5,MVAU_rtl_0,MVAU_rtl,MVAU,8,32,2,16,INT8,UINT8,INT20,8,8,dsp,auto,internal_decoupled,,,,,,,,,,,,,,,,,,,,,,,,,,,,662,201,0,684,0,0,0,16
5,StreamingFIFO_rtl_7,StreamingFIFO_rtl,FIFO,,,,,,,,,,,auto,,,,,,,,,,,,,,,,,,,INT20,20,2,1x32x32x4x2,rtl,,,,,,106,0,64,22,0,0,0,0
5,StreamingDataWidthConverter_rtl_1,StreamingDataWidthConverter_rtl,DWC,,,,,,,,,,,,,,,,,,,,,,,,,,,,,,,,,,,,,,,,43,0,0,84,0,0,0,0
5,StreamingFIFO_rtl_8,StreamingFIFO_rtl,FIFO,,,,,,,,,,,auto,,,,,,,,,,,,,,,,,,,INT20,20,2,1x32x32x8x1,rtl,,,,,,45,0,0,85,0,0,0,0
5,Thresholding_rtl_3,Thresholding_rtl,Thresholding,,,1,,INT20,INT20,UINT4,20,20,,,,8,15,999999,0,,,,,,,,,,,,,,,,,,,,,,,,103,0,5,278,0,0,0,0
5,StreamingFIFO_rtl_9,StreamingFIFO_rtl,FIFO,,,,,,,,,,,auto,,,,,,,,,,,,,,,,,,,UINT4,4,2,1x32x32x8x1,rtl,,,,,,26,0,0,45,0,0,0,0
5,StreamingDataWidthConverter_rtl_2,StreamingDataWidthConverter_rtl,DWC,,,,,,,,,,,,,,,,,,,,,,,,,,,,,,,,,,,,,,,,9,0,0,41,0,0,0,0
5,StreamingFIFO_rtl_10,StreamingFIFO_rtl,FIFO,,,,,,,,,,,auto,,,,,,,,,,,,,,,,,,,UINT4,4,32,1x32x32x1x8,rtl,,,,,,10,0,0,13,0,0,0,0
5,FMPadding_rtl_0,FMPadding_rtl,FMPadding,,,,8,,UINT4,,,4,,,,8,,,,,32,32,,,,,,,,,,,,,,,,,,,4x4x4x4,1,54,0,0,79,0,0,0,0
5,StreamingFIFO_rtl_11,StreamingFIFO_rtl,FIFO,,,,,,,,,,,auto,,,,,,,,,,,,,,,,,,,UINT4,4,2,1x40x40x1x8,rtl,,,,,,88,0,32,43,0,0,0,0
5,ConvolutionInputGenerator_rtl_0,ConvolutionInputGenerator_rtl,SWU,,,,8,,UINT4,UINT4,,4,,distributed,,,,,,8,40,40,32,32,3,3,1,1,4,4,0,1,,,,,,,,,,,429,240,0,1139,0,0,0,0
5,StreamingFIFO_rtl_12,StreamingFIFO_rtl,FIFO,,,,,,,,,,,auto,,,,,,,,,,,,,,,,,,,UINT4,4,52,1x32x32x1x72,rtl,,,,,,38,0,0,69,0,0,0,0
5,StreamingDataWidthConverter_rtl_3,StreamingDataWidthConverter_rtl,DWC,,,,,,,,,,,,,,,,,,,,,,,,,,,,,,,,,,,,,,,,220,0,0,580,0,0,0,0
5,StreamingFIFO_rtl_13,StreamingFIFO_rtl,FIFO,,,,,,,,,,,auto,,,,,,,,,,,,,,,,,,,UINT4,4,198,1x32x32x2x36,rtl,,,,,,899,0,576,312,0,0,0,0
5,MVAU_rtl_1,MVAU_rtl,MVAU,8,72,2,36,INT8,UINT4,INT16,8,4,dsp,auto,internal_decoupled,,,,,,,,,,,,,,,,,,,,,,,,,,,,1120,372,0,1125,0,0,0,36
5,StreamingFIFO_rtl_14,StreamingFIFO_rtl,FIFO,,,,,,,,,,,auto,,,,,,,,,,,,,,,,,,,INT16,16,2,1x32x32x4x2,rtl,,,,,,1347,0,1008,174,0,0,0,0
5,StreamingDataWidthConverter_rtl_4,StreamingDataWidthConverter_rtl,DWC,,,,,,,,,,,,,,,,,,,,,,,,,,,,,,,,,,,,,,,,37,0,0,68,0,0,0,0
5,StreamingFIFO_rtl_15,StreamingFIFO_rtl,FIFO,,,,,,,,,,,auto,,,,,,,,,,,,,,,,,,,INT16,16,2,1x32x32x8x1,rtl,,,,,,37,0,0,69,0,0,0,0
5,Thresholding_rtl_4,Thresholding_rtl,Thresholding,,,1,,INT16,INT16,UINT8,16,16,,,,8,255,1024,0,,,,,,,,,,,,,,,,,,,,,,,,276,0,9,509,0,1,0,0
5,StreamingFIFO_rtl_16,StreamingFIFO_rtl,FIFO,,,,,,,,,,,auto,,,,,,,,,,,,,,,,,,,UINT8,8,2,1x32x32x8x1,rtl,,,,,,22,0,0,37,0,0,0,0
5,StreamingDataWidthConverter_rtl_5,StreamingDataWidthConverter_rtl,DWC,,,,,,,,,,,,,,,,,,,,,,,,,,,,,,,,,,,,,,,,14,0,0,77,0,0,0,0
5,StreamingFIFO_rtl_17,StreamingFIFO_rtl,FIFO,,,,,,,,,,,auto,,,,,,,,,,,,,,,,,,,UINT8,8,99,1x32x32x1x8,rtl,,,,,,13,0,0,21,0,0,0,0
5,MVAU_rtl_2,MVAU_rtl,MVAU,32,8,1,8,INT4,UINT8,INT14,4,8,dsp,auto,internal_decoupled,,,,,,,,,,,,,,,,,,,,,,,,,,,,134,56,0,184,0,0,0,8
5,StreamingFIFO_rtl_18,StreamingFIFO_rtl,FIFO,,,,,,,,,,,auto,,,,,,,,,,,,,,,,,,,INT14,14,2,1x32x32x32x1,rtl,,,,,,354,0,256,80,0,0,0,0
5,Thresholding_rtl_5,Thresholding_rtl,Thresholding,,,1,,INT14,INT14,INT8,14,14,,,,32,255,1024,0,,,,,,,,,,,,,,,,,,,,,,,,158,0,9,461,3,1,0,0
5,StreamingFIFO_rtl_19,StreamingFIFO_rtl,FIFO,,,,,,,,,,,auto,,,,,,,,,,,,,,,,,,,INT8,8,2,1x32x32x32x1,rtl,,,,,,21,0,0,33,0,0,0,0
5,AddStreams_hls_0,AddStreams_hls,AddStreams,,,1,,,INT8,,,8,,,,32,,,,,,,,,,,,,,,,,,,,,,,,,,,70,0,0,92,0,0,0,0
5,StreamingFIFO_rtl_20,StreamingFIFO_rtl,FIFO,,,,,,,,,,,auto,,,,,,,,,,,,,,,,,,,INT9,9,2,1x32x32x32x1,rtl,,,,,,13,0,0,21,0,0,0,0
5,Thresholding_rtl_6,Thresholding_rtl,Thresholding,,,1,,INT10,INT9,INT8,10,9,,,,32,255,999999,0,,,,,,,,,,,,,,,,,,,,,,,,80,0,9,306,0,0,0,0
5,StreamingFIFO_rtl_21,StreamingFIFO_rtl,FIFO,,,,,,,,,,,auto,,,,,,,,,,,,,,,,,,,INT8,8,2,1x32x32x32x1,rtl,,,,,,15,0,0,23,0,0,0,0
5,Thresholding_rtl_7,Thresholding_rtl,Thresholding,,,1,,INT9,INT8,UINT8,9,8,,,,32,255,999999,0,,,,,,,,,,,,,,,,,,,,,,,,70,0,15,174,0,0,0,0
5,StreamingFIFO_rtl_22,StreamingFIFO_rtl,FIFO,,,,,,,,,,,auto,,,,,,,,,,,,,,,,,,,UINT8,8,2,1x32x32x32x1,rtl,,,,,,14,0,0,21,0,0,0,0
5,DuplicateStreams_hls_1,DuplicateStreams_hls,DuplicateStreams,,,1,,,UINT8,,,8,,,,32,,,,,,,,,,,,,,,,,,,,,,,,,,,82,0,0,89,0,0,0,0
5,StreamingFIFO_rtl_23,StreamingFIFO_rtl,FIFO,,,,,,,,,,,auto,,,,,,,,,,,,,,,,,,,UINT8,8,2,1x32x32x32x1,rtl,,,,,,15,0,0,21,0,0,0,0
5,StreamingFIFO_rtl_24,StreamingFIFO_rtl,FIFO,,,,,,,,,,,auto,,,,,,,,,,,,,,,,,,,UINT8,8,2,1x32x32x32x1,rtl,,,,,,16,0,0,21,0,0,0,0
5,StreamingDataWidthConverter_rtl_6,StreamingDataWidthConverter_rtl,DWC,,,,,,,,,,,,,,,,,,,,,,,,,,,,,,,,,,,,,,,,16,0,0,142,0,0,0,0
5,Thresholding_rtl_8,Thresholding_rtl,Thresholding,,,1,,UINT8,UINT8,INT8,8,8,,,,32,255,999999,0,,,,,,,,,,,,,,,,,,,,,,,,64,0,9,283,0,0,0,0
5,StreamingFIFO_rtl_25,StreamingFIFO_rtl,FIFO,,,,,,,,,,,auto,,,,,,,,,,,,,,,,,,,UINT8,8,2,1x32x32x2x16,rtl,,,,,,15,0,0,21,0,0,0,0
5,StreamingFIFO_rtl_26,StreamingFIFO_rtl,FIFO,,,,,,,,,,,auto,,,,,,,,,,,,,,,,,,,INT8,8,8571,1x32x32x32x1,vivado,,,,,,132,0,0,261,0,0,0,0
5,MVAU_rtl_3,MVAU_rtl,MVAU,8,32,2,16,INT8,UINT8,INT20,8,8,dsp,auto,internal_decoupled,,,,,,,,,,,,,,,,,,,,,,,,,,,,662,202,0,685,0,0,0,16
5,StreamingFIFO_rtl_27,StreamingFIFO_rtl,FIFO,,,,,,,,,,,auto,,,,,,,,,,,,,,,,,,,INT20,20,2,1x32x32x4x2,rtl,,,,,,96,0,0,71,2,0,0,0
5,StreamingDataWidthConverter_rtl_7,StreamingDataWidthConverter_rtl,DWC,,,,,,,,,,,,,,,,,,,,,,,,,,,,,,,,,,,,,,,,45,0,0,84,0,0,0,0
5,StreamingFIFO_rtl_28,StreamingFIFO_rtl,FIFO,,,,,,,,,,,auto,,,,,,,,,,,,,,,,,,,INT20,20,2,1x32x32x8x1,rtl,,,,,,109,0,64,22,0,0,0,0
5,Thresholding_rtl_9,Thresholding_rtl,Thresholding,,,1,,INT20,INT20,UINT4,20,20,,,,8,15,999999,0,,,,,,,,,,,,,,,,,,,,,,,,100,0,5,278,0,0,0,0
5,StreamingFIFO_rtl_29,StreamingFIFO_rtl,FIFO,,,,,,,,,,,auto,,,,,,,,,,,,,,,,,,,UINT4,4,2,1x32x32x8x1,rtl,,,,,,77,0,32,21,0,0,0,0
5,StreamingDataWidthConverter_rtl_8,StreamingDataWidthConverter_rtl,DWC,,,,,,,,,,,,,,,,,,,,,,,,,,,,,,,,,,,,,,,,9,0,0,41,0,0,0,0
5,StreamingFIFO_rtl_30,StreamingFIFO_rtl,FIFO,,,,,,,,,,,auto,,,,,,,,,,,,,,,,,,,UINT4,4,32,1x32x32x1x8,rtl,,,,,,45,0,0,85,0,0,0,0
5,FMPadding_rtl_1,FMPadding_rtl,FMPadding,,,,8,,UINT4,,,4,,,,8,,,,,32,32,,,,,,,,,,,,,,,,,,,8x8x8x8,1,55,0,0,79,0,0,0,0
5,StreamingFIFO_rtl_31,StreamingFIFO_rtl,FIFO,,,,,,,,,,,auto,,,,,,,,,,,,,,,,,,,UINT4,4,2,1x48x48x1x8,rtl,,,,,,26,0,0,45,0,0,0,0
5,ConvolutionInputGenerator_rtl_1,ConvolutionInputGenerator_rtl,SWU,,,,8,,UINT4,UINT4,,4,,distributed,,,,,,8,48,48,32,32,3,3,1,1,8,8,0,1,,,,,,,,,,,852,480,96,772,0,0,0,0
5,StreamingFIFO_rtl_32,StreamingFIFO_rtl,FIFO,,,,,,,,,,,auto,,,,,,,,,,,,,,,,,,,UINT4,4,72,1x32x32x1x72,rtl,,,,,,9,0,0,13,0,0,0,0
5,StreamingDataWidthConverter_rtl_9,StreamingDataWidthConverter_rtl,DWC,,,,,,,,,,,,,,,,,,,,,,,,,,,,,,,,,,,,,,,,220,0,0,580,0,0,0,0
5,StreamingFIFO_rtl_33,StreamingFIFO_rtl,FIFO,,,,,,,,,,,auto,,,,,,,,,,,,,,,,,,,UINT4,4,396,1x32x32x2x36,vivado,,,,,,88,0,32,43,0,0,0,0
5,MVAU_rtl_4,MVAU_rtl,MVAU,8,72,2,36,INT8,UINT4,INT16,8,4,dsp,auto,internal_decoupled,,,,,,,,,,,,,,,,,,,,,,,,,,,,1113,368,0,1087,0,0,0,36
5,StreamingFIFO_rtl_34,StreamingFIFO_rtl,FIFO,,,,,,,,,,,auto,,,,,,,,,,,,,,,,,,,INT16,16,2,1x32x32x4x2,rtl,,,,,,39,0,0,69,0,0,0,0
5,StreamingDataWidthConverter_rtl_10,StreamingDataWidthConverter_rtl,DWC,,,,,,,,,,,,,,,,,,,,,,,,,,,,,,,,,,,,,,,,37,0,0,68,0,0,0,0
5,StreamingFIFO_rtl_35,StreamingFIFO_rtl,FIFO,,,,,,,,,,,auto,,,,,,,,,,,,,,,,,,,INT16,16,2,1x32x32x8x1,rtl,,,,,,1479,0,864,310,0,0,0,0
5,Thresholding_rtl_10,Thresholding_rtl,Thresholding,,,1,,INT16,INT16,UINT8,16,16,,,,8,255,1024,0,,,,,,,,,,,,,,,,,,,,,,,,280,0,9,520,0,1,0,0
5,StreamingFIFO_rtl_36,StreamingFIFO_rtl,FIFO,,,,,,,,,,,auto,,,,,,,,,,,,,,,,,,,UINT8,8,2,1x32x32x8x1,rtl,,,,,,1349,0,1152,177,0,0,0,0
5,StreamingDataWidthConverter_rtl_11,StreamingDataWidthConverter_rtl,DWC,,,,,,,,,,,,,,,,,,,,,,,,,,,,,,,,,,,,,,,,14,0,0,77,0,0,0,0
5,StreamingFIFO_rtl_37,StreamingFIFO_rtl,FIFO,,,,,,,,,,,auto,,,,,,,,,,,,,,,,,,,UINT8,8,198,1x32x32x1x8,rtl,,,,,,1060,0,720,175,0,0,0,0
5,MVAU_rtl_5,MVAU_rtl,MVAU,32,8,1,8,INT4,UINT8,INT15,4,8,dsp,auto,internal_decoupled,,,,,,,,,,,,,,,,,,,,,,,,,,,,141,56,0,188,0,0,0,8
5,StreamingFIFO_rtl_38,StreamingFIFO_rtl,FIFO,,,,,,,,,,,auto,,,,,,,,,,,,,,,,,,,INT15,15,2,1x32x32x32x1,rtl,,,,,,37,0,0,69,0,0,0,0
5,Thresholding_rtl_11,Thresholding_rtl,Thresholding,,,1,,INT15,INT15,INT8,15,15,,,,32,255,1024,0,,,,,,,,,,,,,,,,,,,,,,,,172,0,9,481,3,1,0,0
5,StreamingFIFO_rtl_39,StreamingFIFO_rtl,FIFO,,,,,,,,,,,auto,,,,,,,,,,,,,,,,,,,INT8,8,2,1x32x32x32x1,rtl,,,,,,22,0,0,37,0,0,0,0
5,AddStreams_hls_1,AddStreams_hls,AddStreams,,,1,,,INT8,,,8,,,,32,,,,,,,,,,,,,,,,,,,,,,,,,,,81,0,0,92,0,0,0,0
5,StreamingFIFO_rtl_40,StreamingFIFO_rtl,FIFO,,,,,,,,,,,auto,,,,,,,,,,,,,,,,,,,INT9,9,2,1x32x32x32x1,rtl,,,,,,14,0,0,21,0,0,0,0
5,Thresholding_rtl_12,Thresholding_rtl,Thresholding,,,1,,INT10,INT9,INT8,10,9,,,,32,255,999999,0,,,,,,,,,,,,,,,,,,,,,,,,79,0,9,306,0,0,0,0
5,StreamingFIFO_rtl_41,StreamingFIFO_rtl,FIFO,,,,,,,,,,,auto,,,,,,,,,,,,,,,,,,,INT8,8,2,1x32x32x32x1,rtl,,,,,,616,0,448,84,0,0,0,0
5,Thresholding_rtl_13,Thresholding_rtl,Thresholding,,,1,,INT9,INT8,UINT8,9,8,,,,32,255,999999,0,,,,,,,,,,,,,,,,,,,,,,,,70,0,15,174,0,0,0,0
5,StreamingFIFO_rtl_42,StreamingFIFO_rtl,FIFO,,,,,,,,,,,auto,,,,,,,,,,,,,,,,,,,UINT8,8,2,1x32x32x32x1,rtl,,,,,,22,0,0,35,0,0,0,0
5,DuplicateStreams_hls_2,DuplicateStreams_hls,DuplicateStreams,,,1,,,UINT8,,,8,,,,32,,,,,,,,,,,,,,,,,,,,,,,,,,,69,0,0,95,0,0,0,0
5,StreamingFIFO_rtl_43,StreamingFIFO_rtl,FIFO,,,,,,,,,,,auto,,,,,,,,,,,,,,,,,,,UINT8,8,2,1x32x32x32x1,rtl,,,,,,15,0,0,21,0,0,0,0
5,StreamingFIFO_rtl_44,StreamingFIFO_rtl,FIFO,,,,,,,,,,,auto,,,,,,,,,,,,,,,,,,,UINT8,8,2,1x32x32x32x1,rtl,,,,,,17,0,0,23,0,0,0,0
5,StreamingDataWidthConverter_rtl_12,StreamingDataWidthConverter_rtl,DWC,,,,,,,,,,,,,,,,,,,,,,,,,,,,,,,,,,,,,,,,16,0,0,142,0,0,0,0
5,StreamingDataWidthConverter_rtl_13,StreamingDataWidthConverter_rtl,DWC,,,,,,,,,,,,,,,,,,,,,,,,,,,,,,,,,,,,,,,,16,0,0,142,0,0,0,0
5,StreamingFIFO_rtl_45,StreamingFIFO_rtl,FIFO,,,,,,,,,,,auto,,,,,,,,,,,,,,,,,,,UINT8,8,2,1x32x32x2x16,rtl,,,,,,14,0,0,21,0,0,0,0
5,StreamingFIFO_rtl_46,StreamingFIFO_rtl,FIFO,,,,,,,,,,,auto,,,,,,,,,,,,,,,,,,,UINT8,8,2,1x32x32x2x16,rtl,,,,,,13,0,0,21,0,0,0,0
5,MVAU_rtl_6,MVAU_rtl,MVAU,16,32,2,16,INT8,UINT8,INT21,8,8,dsp,auto,internal_decoupled,,,,,,,,,,,,,,,,,,,,,,,,,,,,676,202,0,683,0,0,0,16
5,MVAU_rtl_7,MVAU_rtl,MVAU,8,32,2,16,INT8,UINT8,INT21,8,8,dsp,auto,internal_decoupled,,,,,,,,,,,,,,,,,,,,,,,,,,,,675,201,0,678,0,0,0,16
5,StreamingFIFO_rtl_47,StreamingFIFO_rtl,FIFO,,,,,,,,,,,auto,,,,,,,,,,,,,,,,,,,INT21,21,2,1x32x32x8x2,rtl,,,,,,13,0,0,21,0,0,0,0
5,StreamingFIFO_rtl_48,StreamingFIFO_rtl,FIFO,,,,,,,,,,,auto,,,,,,,,,,,,,,,,,,,INT21,21,2,1x32x32x4x2,rtl,,,,,,13,0,0,21,0,0,0,0
5,StreamingDataWidthConverter_rtl_14,StreamingDataWidthConverter_rtl,DWC,,,,,,,,,,,,,,,,,,,,,,,,,,,,,,,,,,,,,,,,47,0,0,88,0,0,0,0
5,StreamingDataWidthConverter_rtl_15,StreamingDataWidthConverter_rtl,DWC,,,,,,,,,,,,,,,,,,,,,,,,,,,,,,,,,,,,,,,,47,0,0,88,0,0,0,0
5,StreamingFIFO_rtl_49,StreamingFIFO_rtl,FIFO,,,,,,,,,,,auto,,,,,,,,,,,,,,,,,,,INT21,21,2,1x32x32x16x1,rtl,,,,,,133,0,0,261,0,0,0,0
5,StreamingFIFO_rtl_50,StreamingFIFO_rtl,FIFO,,,,,,,,,,,auto,,,,,,,,,,,,,,,,,,,INT21,21,2,1x32x32x8x1,rtl,,,,,,132,0,0,261,0,0,0,0
5,Thresholding_rtl_14,Thresholding_rtl,Thresholding,,,1,,INT21,INT21,UINT4,21,21,,,,8,15,999999,0,,,,,,,,,,,,,,,,,,,,,,,,105,0,5,289,0,0,0,0
5,Thresholding_rtl_15,Thresholding_rtl,Thresholding,,,1,,INT21,INT21,INT8,21,21,,,,16,255,1024,0,,,,,,,,,,,,,,,,,,,,,,,,244,0,9,612,2,1,0,0
5,StreamingFIFO_rtl_51,StreamingFIFO_rtl,FIFO,,,,,,,,,,,auto,,,,,,,,,,,,,,,,,,,UINT4,4,121,1x32x32x8x1,rtl,,,,,,47,0,0,89,0,0,0,0
5,StreamingFIFO_rtl_52,StreamingFIFO_rtl,FIFO,,,,,,,,,,,auto,,,,,,,,,,,,,,,,,,,INT8,8,2,1x32x32x16x1,rtl,,,,,,47,0,0,89,0,0,0,0
5,StreamingDataWidthConverter_rtl_16,StreamingDataWidthConverter_rtl,DWC,,,,,,,,,,,,,,,,,,,,,,,,,,,,,,,,,,,,,,,,16,0,0,142,0,0,0,0
5,FMPadding_Pixel_hls_0,FMPadding_Pixel_hls,FMPadding,,,,1,,UINT4,,,4,,,,8,,,,,32,32,,,,,2,2,,,,,,,,,,,,,,1,250,0,0,126,0,0,0,0
5,StreamingFIFO_rtl_53,StreamingFIFO_rtl,FIFO,,,,,,,,,,,auto,,,,,,,,,,,,,,,,,,,INT8,8,2,1x32x32x1x16,rtl,,,,,,27,0,0,47,0,0,0,0
5,StreamingFIFO_rtl_54,StreamingFIFO_rtl,FIFO,,,,,,,,,,,auto,,,,,,,,,,,,,,,,,,,UINT4,4,2,1x63x63x8x1,rtl,,,,,,27,0,0,47,0,0,0,0
5,StreamingDataWidthConverter_rtl_17,StreamingDataWidthConverter_rtl,DWC,,,,,,,,,,,,,,,,,,,,,,,,,,,,,,,,,,,,,,,,9,0,0,41,0,0,0,0
5,UpsampleNearestNeighbour_hls_0,UpsampleNearestNeighbour_hls,Upsample,,,,,,INT8,,,8,,,,16,,,,,,,,,,,,,,,,,,,,,,,,,,,406,74,0,689,0,0,0,0
5,StreamingFIFO_rtl_55,StreamingFIFO_rtl,FIFO,,,,,,,,,,,auto,,,,,,,,,,,,,,,,,,,INT8,8,32,1x64x64x16,rtl,,,,,,51,0,16,17,0,0,0,0
5,StreamingFIFO_rtl_56,StreamingFIFO_rtl,FIFO,,,,,,,,,,,auto,,,,,,,,,,,,,,,,,,,UINT4,4,32,1x63x63x1x8,rtl,,,,,,14,0,0,21,0,0,0,0
5,FMPadding_rtl_2,FMPadding_rtl,FMPadding,,,,8,,UINT4,,,4,,,,8,,,,,63,63,,,,,,,,,,,,,,,,,,,1x1x1x1,1,63,0,0,81,0,0,0,0
5,FMPadding_rtl_3,FMPadding_rtl,FMPadding,,,,16,,INT8,,,8,,,,16,,,,,64,64,,,,,,,,,,,,,,,,,,,1x1x1x1,1,168,0,0,273,0,0,0,0
5,StreamingFIFO_rtl_57,StreamingFIFO_rtl,FIFO,,,,,,,,,,,auto,,,,,,,,,,,,,,,,,,,UINT4,4,2,1x65x65x1x8,rtl,,,,,,133,0,0,261,0,0,0,0
5,StreamingFIFO_rtl_58,StreamingFIFO_rtl,FIFO,,,,,,,,,,,auto,,,,,,,,,,,,,,,,,,,INT8,8,2,1x66x66x1x16,rtl,,,,,,9,0,0,13,0,0,0,0
5,ConvolutionInputGenerator_rtl_2,ConvolutionInputGenerator_rtl,SWU,,,,8,,UINT4,UINT4,,4,,distributed,,,,,,8,65,65,64,64,2,2,1,1,1,1,0,1,,,,,,,,,,,153,40,0,222,0,0,0,0
5,ConvolutionInputGenerator_rtl_3,ConvolutionInputGenerator_rtl,SWU,,,,16,,INT8,INT8,,8,,distributed,,,,,,16,66,66,64,64,3,3,1,1,1,1,0,1,,,,,,,,,,,425,296,0,1482,0,0,0,0
5,StreamingFIFO_rtl_59,StreamingFIFO_rtl,FIFO,,,,,,,,,,,auto,,,,,,,,,,,,,,,,,,,UINT4,4,33,1x64x64x1x32,rtl,,,,,,153,0,128,139,0,0,0,0
5,StreamingFIFO_rtl_60,StreamingFIFO_rtl,FIFO,,,,,,,,,,,auto,,,,,,,,,,,,,,,,,,,INT8,8,79,1x64x64x1x144,rtl,,,,,,88,0,32,43,0,0,0,0
5,StreamingDataWidthConverter_rtl_18,StreamingDataWidthConverter_rtl,DWC,,,,,,,,,,,,,,,,,,,,,,,,,,,,,,,,,,,,,,,,100,0,0,260,0,0,0,0
5,StreamingDataWidthConverter_rtl_19,StreamingDataWidthConverter_rtl,DWC,,,,,,,,,,,,,,,,,,,,,,,,,,,,,,,,,,,,,,,,1156,0,0,2309,0,0,0,0
5,StreamingFIFO_rtl_61,StreamingFIFO_rtl,FIFO,,,,,,,,,,,auto,,,,,,,,,,,,,,,,,,,UINT4,4,110,1x64x64x2x16,rtl,,,,,,38,0,0,69,0,0,0,0
5,StreamingFIFO_rtl_62,StreamingFIFO_rtl,FIFO,,,,,,,,,,,auto,,,,,,,,,,,,,,,,,,,INT8,8,8192,1x64x64x2x72,vivado,,,,,,134,0,0,261,0,0,0,0
5,MVAU_rtl_8,MVAU_rtl,MVAU,16,144,2,72,INT8,INT8,INT20,8,8,dsp,auto,internal_decoupled,,,,,,,,,,,,,,,,,,,,,,,,,,,,2573,906,0,2447,0,0,0,72
5,MVAU_rtl_9,MVAU_rtl,MVAU,8,32,2,16,INT8,UINT4,INT15,8,4,dsp,auto,internal_decoupled,,,,,,,,,,,,,,,,,,,,,,,,,,,,561,168,0,581,0,0,0,16
5,StreamingFIFO_rtl_63,StreamingFIFO_rtl,FIFO,,,,,,,,,,,auto,,,,,,,,,,,,,,,,,,,INT20,20,2,1x64x64x8x2,rtl,,,,,,283,0,128,140,0,0,0,0
5,StreamingFIFO_rtl_64,StreamingFIFO_rtl,FIFO,,,,,,,,,,,auto,,,,,,,,,,,,,,,,,,,INT15,15,2,1x64x64x4x2,rtl,,,,,,5812,0,3456,1225,0,0,0,0
5,StreamingDataWidthConverter_rtl_20,StreamingDataWidthConverter_rtl,DWC,,,,,,,,,,,,,,,,,,,,,,,,,,,,,,,,,,,,,,,,44,0,0,84,0,0,0,0
5,StreamingDataWidthConverter_rtl_21,StreamingDataWidthConverter_rtl,DWC,,,,,,,,,,,,,,,,,,,,,,,,,,,,,,,,,,,,,,,,34,0,0,64,0,0,0,0
5,StreamingFIFO_rtl_65,StreamingFIFO_rtl,FIFO,,,,,,,,,,,auto,,,,,,,,,,,,,,,,,,,INT20,20,2,1x64x64x16x1,rtl,,,,,,355,0,256,81,0,0,0,0
5,StreamingFIFO_rtl_66,StreamingFIFO_rtl,FIFO,,,,,,,,,,,auto,,,,,,,,,,,,,,,,,,,INT15,15,2,1x64x64x8x1,rtl,,,,,,104,0,0,71,128,0,0,0
5,Thresholding_rtl_16,Thresholding_rtl,Thresholding,,,1,,INT20,INT20,UINT8,20,20,,,,16,255,1024,0,,,,,,,,,,,,,,,,,,,,,,,,228,0,9,591,2,1,0,0
5,Thresholding_rtl_17,Thresholding_rtl,Thresholding,,,1,,INT15,INT15,UINT4,15,15,,,,8,15,999999,0,,,,,,,,,,,,,,,,,,,,,,,,98,0,5,207,0,0,0,0
5,StreamingFIFO_rtl_67,StreamingFIFO_rtl,FIFO,,,,,,,,,,,auto,,,,,,,,,,,,,,,,,,,UINT8,8,2,1x64x64x16x1,rtl,,,,,,46,0,0,85,0,0,0,0
5,StreamingFIFO_rtl_68,StreamingFIFO_rtl,FIFO,,,,,,,,,,,auto,,,,,,,,,,,,,,,,,,,UINT4,4,2,1x64x64x8x1,rtl,,,,,,35,0,0,65,0,0,0,0
5,StreamingDataWidthConverter_rtl_22,StreamingDataWidthConverter_rtl,DWC,,,,,,,,,,,,,,,,,,,,,,,,,,,,,,,,,,,,,,,,9,0,0,41,0,0,0,0
5,Thresholding_rtl_18,Thresholding_rtl,Thresholding,,,1,,UINT8,UINT8,INT8,8,8,,,,16,255,0,0,,,,,,,,,,,,,,,,,,,,,,,,66,0,13,261,0,5,0,0
5,StreamingFIFO_rtl_69,StreamingFIFO_rtl,FIFO,,,,,,,,,,,auto,,,,,,,,,,,,,,,,,,,UINT4,4,4064,1x64x64x1x8,vivado,,,,,,26,0,0,45,0,0,0,0
5,StreamingFIFO_rtl_70,StreamingFIFO_rtl,FIFO,,,,,,,,,,,auto,,,,,,,,,,,,,,,,,,,INT8,8,2,1x64x64x16x1,rtl,,,,,,21,0,0,35,0,0,0,0
5,MVAU_rtl_10,MVAU_rtl,MVAU,16,8,1,8,INT8,UINT4,INT15,8,4,dsp,auto,internal_decoupled,,,,,,,,,,,,,,,,,,,,,,,,,,,,133,52,0,185,0,0,0,8
5,StreamingFIFO_rtl_71,StreamingFIFO_rtl,FIFO,,,,,,,,,,,auto,,,,,,,,,,,,,,,,,,,INT15,15,2,1x64x64x16x1,rtl,,,,,,14,0,0,21,0,0,0,0
5,Thresholding_rtl_19,Thresholding_rtl,Thresholding,,,1,,INT15,INT15,INT8,15,15,,,,16,255,1024,0,,,,,,,,,,,,,,,,,,,,,,,,172,0,9,486,1,1,0,0
5,StreamingFIFO_rtl_72,StreamingFIFO_rtl,FIFO,,,,,,,,,,,auto,,,,,,,,,,,,,,,,,,,INT8,8,1037,1x64x64x16x1,vivado,,,,,,10,0,0,13,0,0,0,0
5,AddStreams_hls_2,AddStreams_hls,AddStreams,,,1,,,INT8,,,8,,,,16,,,,,,,,,,,,,,,,,,,,,,,,,,,68,0,0,93,0,0,0,0
5,StreamingFIFO_rtl_73,StreamingFIFO_rtl,FIFO,,,,,,,,,,,auto,,,,,,,,,,,,,,,,,,,INT9,9,2,1x64x64x16x1,rtl,,,,,,80,0,0,63,2,0,0,0
6,StreamingFIFO_rtl_0,StreamingFIFO_rtl,FIFO,,,,,,,,,,,auto,,,,,,,,,,,,,,,,,,,INT9,9,2,1x64x64x16x1,rtl,,,,,,15,0,0,23,0,0,0,0
6,Thresholding_rtl_0,Thresholding_rtl,Thresholding,,,1,,INT10,INT9,INT8,10,9,,,,16,255,999999,0,,,,,,,,,,,,,,,,,,,,,,,,79,0,9,305,0,0,0,0
6,StreamingFIFO_rtl_1,StreamingFIFO_rtl,FIFO,,,,,,,,,,,auto,,,,,,,,,,,,,,,,,,,INT8,8,2,1x64x64x16x1,rtl,,,,,,14,0,0,21,0,0,0,0
6,Thresholding_rtl_1,Thresholding_rtl,Thresholding,,,1,,INT9,INT8,UINT8,9,8,,,,16,255,999999,0,,,,,,,,,,,,,,,,,,,,,,,,70,0,15,174,0,0,0,0
6,StreamingFIFO_rtl_2,StreamingFIFO_rtl,FIFO,,,,,,,,,,,auto,,,,,,,,,,,,,,,,,,,UINT8,8,2,1x64x64x16x1,rtl,,,,,,13,0,0,21,0,0,0,0
6,DuplicateStreams_hls_0,DuplicateStreams_hls,DuplicateStreams,,,1,,,UINT8,,,8,,,,16,,,,,,,,,,,,,,,,,,,,,,,,,,,65,0,0,90,0,0,0,0
6,StreamingFIFO_rtl_3,StreamingFIFO_rtl,FIFO,,,,,,,,,,,auto,,,,,,,,,,,,,,,,,,,UINT8,8,2,1x64x64x16x1,rtl,,,,,,14,0,0,21,0,0,0,0
6,StreamingFIFO_rtl_4,StreamingFIFO_rtl,FIFO,,,,,,,,,,,auto,,,,,,,,,,,,,,,,,,,UINT8,8,2,1x64x64x16x1,rtl,,,,,,13,0,0,21,0,0,0,0
6,StreamingDataWidthConverter_rtl_0,StreamingDataWidthConverter_rtl,DWC,,,,,,,,,,,,,,,,,,,,,,,,,,,,,,,,,,,,,,,,13,0,0,77,0,0,0,0
6,Thresholding_rtl_2,Thresholding_rtl,Thresholding,,,1,,UINT8,UINT8,INT8,8,8,,,,16,255,999999,0,,,,,,,,,,,,,,,,,,,,,,,,64,0,9,281,0,0,0,0
6,StreamingFIFO_rtl_5,StreamingFIFO_rtl,FIFO,,,,,,,,,,,auto,,,,,,,,,,,,,,,,,,,UINT8,8,2,1x64x64x2x8,rtl,,,,,,69,0,0,133,0,0,0,0
6,StreamingFIFO_rtl_6,StreamingFIFO_rtl,FIFO,,,,,,,,,,,auto,,,,,,,,,,,,,,,,,,,INT8,8,1147,1x64x64x16x1,vivado,,,,,,71,0,0,59,0,1,0,0
6,MVAU_rtl_0,MVAU_rtl,MVAU,4,16,2,8,INT8,UINT8,INT18,8,8,dsp,auto,internal_decoupled,,,,,,,,,,,,,,,,,,,,,,,,,,,,341,97,0,397,0,0,0,8
6,StreamingFIFO_rtl_7,StreamingFIFO_rtl,FIFO,,,,,,,,,,,auto,,,,,,,,,,,,,,,,,,,INT18,18,2,1x64x64x2x2,rtl,,,,,,70,0,32,21,0,0,0,0
6,StreamingDataWidthConverter_rtl_1,StreamingDataWidthConverter_rtl,DWC,,,,,,,,,,,,,,,,,,,,,,,,,,,,,,,,,,,,,,,,40,0,0,76,0,0,0,0
6,StreamingFIFO_rtl_8,StreamingFIFO_rtl,FIFO,,,,,,,,,,,auto,,,,,,,,,,,,,,,,,,,INT18,18,2,1x64x64x4x1,rtl,,,,,,42,0,0,77,0,0,0,0
6,Thresholding_rtl_3,Thresholding_rtl,Thresholding,,,1,,INT18,INT18,UINT8,18,18,,,,4,255,1024,0,,,,,,,,,,,,,,,,,,,,,,,,225,0,9,556,0,0,0,0
6,StreamingFIFO_rtl_9,StreamingFIFO_rtl,FIFO,,,,,,,,,,,auto,,,,,,,,,,,,,,,,,,,UINT8,8,2,1x64x64x4x1,rtl,,,,,,24,0,0,41,0,0,0,0
6,StreamingDataWidthConverter_rtl_2,StreamingDataWidthConverter_rtl,DWC,,,,,,,,,,,,,,,,,,,,,,,,,,,,,,,,,,,,,,,,10,0,0,44,0,0,0,0
6,StreamingFIFO_rtl_10,StreamingFIFO_rtl,FIFO,,,,,,,,,,,auto,,,,,,,,,,,,,,,,,,,UINT8,8,32,1x64x64x1x4,rtl,,,,,,13,0,0,21,0,0,0,0
6,FMPadding_rtl_0,FMPadding_rtl,FMPadding,,,,4,,UINT8,,,8,,,,4,,,,,64,64,,,,,,,,,,,,,,,,,,,1x1x1x1,1,73,0,0,81,0,0,0,0
6,StreamingFIFO_rtl_11,StreamingFIFO_rtl,FIFO,,,,,,,,,,,auto,,,,,,,,,,,,,,,,,,,UINT8,8,2,1x66x66x1x4,rtl,,,,,,89,0,32,43,0,0,0,0
6,ConvolutionInputGenerator_rtl_0,ConvolutionInputGenerator_rtl,SWU,,,,4,,UINT8,UINT8,,8,,distributed,,,,,,4,66,66,64,64,3,3,1,1,1,1,0,1,,,,,,,,,,,199,80,0,426,0,0,0,0
6,StreamingFIFO_rtl_12,StreamingFIFO_rtl,FIFO,,,,,,,,,,,auto,,,,,,,,,,,,,,,,,,,UINT8,8,32,1x64x64x1x36,rtl,,,,,,37,0,0,69,0,0,0,0
6,StreamingDataWidthConverter_rtl_3,StreamingDataWidthConverter_rtl,DWC,,,,,,,,,,,,,,,,,,,,,,,,,,,,,,,,,,,,,,,,221,0,0,580,0,0,0,0
6,StreamingFIFO_rtl_13,StreamingFIFO_rtl,FIFO,,,,,,,,,,,auto,,,,,,,,,,,,,,,,,,,UINT8,8,66,1x64x64x2x18,rtl,,,,,,609,0,288,308,0,0,0,0
6,MVAU_rtl_1,MVAU_rtl,MVAU,4,36,2,18,INT8,UINT8,INT19,8,8,dsp,auto,internal_decoupled,,,,,,,,,,,,,,,,,,,,,,,,,,,,752,214,0,693,0,0,0,18
6,StreamingFIFO_rtl_14,StreamingFIFO_rtl,FIFO,,,,,,,,,,,auto,,,,,,,,,,,,,,,,,,,INT19,19,2,1x64x64x2x2,rtl,,,,,,753,0,432,158,0,0,0,0
6,StreamingDataWidthConverter_rtl_4,StreamingDataWidthConverter_rtl,DWC,,,,,,,,,,,,,,,,,,,,,,,,,,,,,,,,,,,,,,,,41,0,0,80,0,0,0,0
6,StreamingFIFO_rtl_15,StreamingFIFO_rtl,FIFO,,,,,,,,,,,auto,,,,,,,,,,,,,,,,,,,INT19,19,2,1x64x64x4x1,rtl,,,,,,43,0,0,81,0,0,0,0
6,Thresholding_rtl_4,Thresholding_rtl,Thresholding,,,1,,INT19,INT19,UINT8,19,19,,,,4,255,999999,0,,,,,,,,,,,,,,,,,,,,,,,,236,0,9,576,0,0,0,0
6,StreamingFIFO_rtl_16,StreamingFIFO_rtl,FIFO,,,,,,,,,,,auto,,,,,,,,,,,,,,,,,,,UINT8,8,2,1x64x64x4x1,rtl,,,,,,25,0,0,43,0,0,0,0
6,StreamingDataWidthConverter_rtl_5,StreamingDataWidthConverter_rtl,DWC,,,,,,,,,,,,,,,,,,,,,,,,,,,,,,,,,,,,,,,,11,0,0,44,0,0,0,0
6,StreamingFIFO_rtl_17,StreamingFIFO_rtl,FIFO,,,,,,,,,,,auto,,,,,,,,,,,,,,,,,,,UINT8,8,48,1x64x64x1x4,rtl,,,,,,13,0,0,21,0,0,0,0
6,MVAU_rtl_2,MVAU_rtl,MVAU,16,4,1,4,INT8,UINT8,INT21,8,8,dsp,auto,internal_decoupled,,,,,,,,,,,,,,,,,,,,,,,,,,,,120,36,0,177,0,0,0,4
6,StreamingFIFO_rtl_18,StreamingFIFO_rtl,FIFO,,,,,,,,,,,auto,,,,,,,,,,,,,,,,,,,INT21,21,2,1x64x64x16x1,rtl,,,,,,124,0,64,44,0,0,0,0
6,Thresholding_rtl_5,Thresholding_rtl,Thresholding,,,1,,INT21,INT21,INT8,21,21,,,,16,255,1024,0,,,,,,,,,,,,,,,,,,,,,,,,238,0,9,612,2,1,0,0
6,StreamingFIFO_rtl_19,StreamingFIFO_rtl,FIFO,,,,,,,,,,,auto,,,,,,,,,,,,,,,,,,,INT8,8,2,1x64x64x16x1,rtl,,,,,,27,0,0,47,0,0,0,0
6,AddStreams_hls_0,AddStreams_hls,AddStreams,,,1,,,INT8,,,8,,,,16,,,,,,,,,,,,,,,,,,,,,,,,,,,66,0,0,93,0,0,0,0
6,StreamingFIFO_rtl_20,StreamingFIFO_rtl,FIFO,,,,,,,,,,,auto,,,,,,,,,,,,,,,,,,,INT9,9,2,1x64x64x16x1,rtl,,,,,,13,0,0,21,0,0,0,0
6,Thresholding_rtl_6,Thresholding_rtl,Thresholding,,,1,,INT10,INT9,INT8,10,9,,,,16,255,999999,0,,,,,,,,,,,,,,,,,,,,,,,,79,0,9,305,0,0,0,0
6,StreamingFIFO_rtl_21,StreamingFIFO_rtl,FIFO,,,,,,,,,,,auto,,,,,,,,,,,,,,,,,,,INT8,8,2,1x64x64x16x1,rtl,,,,,,15,0,0,23,0,0,0,0
6,Thresholding_rtl_7,Thresholding_rtl,Thresholding,,,1,,INT9,INT8,UINT8,9,8,,,,16,255,999999,0,,,,,,,,,,,,,,,,,,,,,,,,70,0,15,174,0,0,0,0
6,StreamingFIFO_rtl_22,StreamingFIFO_rtl,FIFO,,,,,,,,,,,auto,,,,,,,,,,,,,,,,,,,UINT8,8,2,1x64x64x16x1,rtl,,,,,,14,0,0,21,0,0,0,0
6,DuplicateStreams_hls_1,DuplicateStreams_hls,DuplicateStreams,,,1,,,UINT8,,,8,,,,16,,,,,,,,,,,,,,,,,,,,,,,,,,,66,0,0,90,0,0,0,0
6,StreamingFIFO_rtl_23,StreamingFIFO_rtl,FIFO,,,,,,,,,,,auto,,,,,,,,,,,,,,,,,,,UINT8,8,2,1x64x64x16x1,rtl,,,,,,13,0,0,21,0,0,0,0
6,StreamingFIFO_rtl_24,StreamingFIFO_rtl,FIFO,,,,,,,,,,,auto,,,,,,,,,,,,,,,,,,,UINT8,8,2,1x64x64x16x1,rtl,,,,,,14,0,0,21,0,0,0,0
6,StreamingDataWidthConverter_rtl_6,StreamingDataWidthConverter_rtl,DWC,,,,,,,,,,,,,,,,,,,,,,,,,,,,,,,,,,,,,,,,14,0,0,77,0,0,0,0
6,Thresholding_rtl_8,Thresholding_rtl,Thresholding,,,1,,UINT8,UINT8,INT8,8,8,,,,16,255,999999,0,,,,,,,,,,,,,,,,,,,,,,,,64,0,9,281,0,0,0,0
6,StreamingFIFO_rtl_25,StreamingFIFO_rtl,FIFO,,,,,,,,,,,auto,,,,,,,,,,,,,,,,,,,UINT8,8,2,1x64x64x2x8,rtl,,,,,,13,0,0,21,0,0,0,0
6,StreamingFIFO_rtl_26,StreamingFIFO_rtl,FIFO,,,,,,,,,,,auto,,,,,,,,,,,,,,,,,,,INT8,8,1139,1x64x64x16x1,vivado,,,,,,69,0,0,133,0,0,0,0
6,MVAU_rtl_3,MVAU_rtl,MVAU,4,16,2,8,INT8,UINT8,INT18,8,8,dsp,auto,internal_decoupled,,,,,,,,,,,,,,,,,,,,,,,,,,,,341,98,0,397,0,0,0,8
6,StreamingFIFO_rtl_27,StreamingFIFO_rtl,FIFO,,,,,,,,,,,auto,,,,,,,,,,,,,,,,,,,INT18,18,2,1x64x64x2x2,rtl,,,,,,70,0,0,59,0,1,0,0
6,StreamingDataWidthConverter_rtl_7,StreamingDataWidthConverter_rtl,DWC,,,,,,,,,,,,,,,,,,,,,,,,,,,,,,,,,,,,,,,,39,0,0,76,0,0,0,0
6,StreamingFIFO_rtl_28,StreamingFIFO_rtl,FIFO,,,,,,,,,,,auto,,,,,,,,,,,,,,,,,,,INT18,18,2,1x64x64x4x1,rtl,,,,,,71,0,32,21,0,0,0,0
6,Thresholding_rtl_9,Thresholding_rtl,Thresholding,,,1,,INT18,INT18,UINT8,18,18,,,,4,255,999999,0,,,,,,,,,,,,,,,,,,,,,,,,223,0,9,571,0,0,0,0
6,StreamingFIFO_rtl_29,StreamingFIFO_rtl,FIFO,,,,,,,,,,,auto,,,,,,,,,,,,,,,,,,,UINT8,8,2,1x64x64x4x1,rtl,,,,,,41,0,0,77,0,0,0,0
6,StreamingDataWidthConverter_rtl_8,StreamingDataWidthConverter_rtl,DWC,,,,,,,,,,,,,,,,,,,,,,,,,,,,,,,,,,,,,,,,10,0,0,44,0,0,0,0
6,StreamingFIFO_rtl_30,StreamingFIFO_rtl,FIFO,,,,,,,,,,,auto,,,,,,,,,,,,,,,,,,,UINT8,8,32,1x64x64x1x4,rtl,,,,,,24,0,0,41,0,0,0,0
6,FMPadding_rtl_1,FMPadding_rtl,FMPadding,,,,4,,UINT8,,,8,,,,4,,,,,64,64,,,,,,,,,,,,,,,,,,,1x1x1x1,1,75,0,0,81,0,0,0,0
6,StreamingFIFO_rtl_31,StreamingFIFO_rtl,FIFO,,,,,,,,,,,auto,,,,,,,,,,,,,,,,,,,UINT8,8,2,1x66x66x1x4,rtl,,,,,,13,0,0,21,0,0,0,0
6,ConvolutionInputGenerator_rtl_1,ConvolutionInputGenerator_rtl,SWU,,,,4,,UINT8,UINT8,,8,,distributed,,,,,,4,66,66,64,64,3,3,1,1,1,1,0,1,,,,,,,,,,,199,80,0,426,0,0,0,0
6,StreamingFIFO_rtl_32,StreamingFIFO_rtl,FIFO,,,,,,,,,,,auto,,,,,,,,,,,,,,,,,,,UINT8,8,32,1x64x64x1x36,rtl,,,,,,89,0,32,43,0,0,0,0
6,StreamingDataWidthConverter_rtl_9,StreamingDataWidthConverter_rtl,DWC,,,,,,,,,,,,,,,,,,,,,,,,,,,,,,,,,,,,,,,,220,0,0,580,0,0,0,0
6,StreamingFIFO_rtl_33,StreamingFIFO_rtl,FIFO,,,,,,,,,,,auto,,,,,,,,,,,,,,,,,,,UINT8,8,66,1x64x64x2x18,rtl,,,,,,38,0,0,69,0,0,0,0
6,MVAU_rtl_4,MVAU_rtl,MVAU,4,36,2,18,INT8,UINT8,INT19,8,8,dsp,auto,internal_decoupled,,,,,,,,,,,,,,,,,,,,,,,,,,,,747,211,0,685,0,0,0,18
6,StreamingFIFO_rtl_34,StreamingFIFO_rtl,FIFO,,,,,,,,,,,auto,,,,,,,,,,,,,,,,,,,INT19,19,2,1x64x64x2x2,rtl,,,,,,606,0,288,304,0,0,0,0
6,StreamingDataWidthConverter_rtl_10,StreamingDataWidthConverter_rtl,DWC,,,,,,,,,,,,,,,,,,,,,,,,,,,,,,,,,,,,,,,,43,0,0,80,0,0,0,0
6,StreamingFIFO_rtl_35,StreamingFIFO_rtl,FIFO,,,,,,,,,,,auto,,,,,,,,,,,,,,,,,,,INT19,19,2,1x64x64x4x1,rtl,,,,,,753,0,432,158,0,0,0,0
6,Thresholding_rtl_10,Thresholding_rtl,Thresholding,,,1,,INT19,INT19,UINT4,19,19,,,,4,15,999999,0,,,,,,,,,,,,,,,,,,,,,,,,97,0,5,259,0,0,0,0
6,StreamingFIFO_rtl_36,StreamingFIFO_rtl,FIFO,,,,,,,,,,,auto,,,,,,,,,,,,,,,,,,,UINT4,4,2,1x64x64x4x1,rtl,,,,,,44,0,0,81,0,0,0,0
6,StreamingDataWidthConverter_rtl_11,StreamingDataWidthConverter_rtl,DWC,,,,,,,,,,,,,,,,,,,,,,,,,,,,,,,,,,,,,,,,9,0,0,24,0,0,0,0
6,StreamingFIFO_rtl_37,StreamingFIFO_rtl,FIFO,,,,,,,,,,,auto,,,,,,,,,,,,,,,,,,,UINT4,4,48,1x64x64x1x4,rtl,,,,,,25,0,0,43,0,0,0,0
6,MVAU_rtl_5,MVAU_rtl,MVAU,16,4,1,4,INT8,UINT4,INT15,8,4,dsp,auto,internal_decoupled,,,,,,,,,,,,,,,,,,,,,,,,,,,,92,26,0,137,0,0,0,4
6,StreamingFIFO_rtl_38,StreamingFIFO_rtl,FIFO,,,,,,,,,,,auto,,,,,,,,,,,,,,,,,,,INT15,15,2,1x64x64x16x1,rtl,,,,,,9,0,0,13,0,0,0,0
6,Thresholding_rtl_11,Thresholding_rtl,Thresholding,,,1,,INT15,INT15,INT8,15,15,,,,16,255,1024,0,,,,,,,,,,,,,,,,,,,,,,,,183,0,9,486,1,1,0,0
6,StreamingFIFO_rtl_39,StreamingFIFO_rtl,FIFO,,,,,,,,,,,auto,,,,,,,,,,,,,,,,,,,INT8,8,2,1x64x64x16x1,rtl,,,,,,76,0,32,28,0,0,0,0
6,AddStreams_hls_1,AddStreams_hls,AddStreams,,,1,,,INT8,,,8,,,,16,,,,,,,,,,,,,,,,,,,,,,,,,,,73,0,0,93,0,0,0,0
6,StreamingFIFO_rtl_40,StreamingFIFO_rtl,FIFO,,,,,,,,,,,auto,,,,,,,,,,,,,,,,,,,INT9,9,2,1x64x64x16x1,rtl,,,,,,23,0,0,35,0,0,0,0
6,Thresholding_rtl_12,Thresholding_rtl,Thresholding,,,1,,INT10,INT9,INT8,10,9,,,,16,255,999999,0,,,,,,,,,,,,,,,,,,,,,,,,78,0,9,305,0,0,0,0
6,StreamingFIFO_rtl_41,StreamingFIFO_rtl,FIFO,,,,,,,,,,,auto,,,,,,,,,,,,,,,,,,,INT8,8,2,1x64x64x16x1,rtl,,,,,,15,0,0,21,0,0,0,0
6,Thresholding_rtl_13,Thresholding_rtl,Thresholding,,,1,,INT9,INT8,UINT8,9,8,,,,16,255,999999,0,,,,,,,,,,,,,,,,,,,,,,,,69,0,15,174,0,0,0,0
6,StreamingFIFO_rtl_42,StreamingFIFO_rtl,FIFO,,,,,,,,,,,auto,,,,,,,,,,,,,,,,,,,UINT8,8,2,1x64x64x16x1,rtl,,,,,,17,0,0,23,0,0,0,0
6,DuplicateStreams_hls_2,DuplicateStreams_hls,DuplicateStreams,,,1,,,UINT8,,,8,,,,16,,,,,,,,,,,,,,,,,,,,,,,,,,,65,0,0,90,0,0,0,0
6,StreamingFIFO_rtl_43,StreamingFIFO_rtl,FIFO,,,,,,,,,,,auto,,,,,,,,,,,,,,,,,,,UINT8,8,2,1x64x64x16x1,rtl,,,,,,16,0,0,21,0,0,0,0
6,StreamingFIFO_rtl_44,StreamingFIFO_rtl,FIFO,,,,,,,,,,,auto,,,,,,,,,,,,,,,,,,,UINT8,8,2,1x64x64x16x1,rtl,,,,,,13,0,0,21,0,0,0,0
6,StreamingDataWidthConverter_rtl_12,StreamingDataWidthConverter_rtl,DWC,,,,,,,,,,,,,,,,,,,,,,,,,,,,,,,,,,,,,,,,14,0,0,77,0,0,0,0
6,StreamingDataWidthConverter_rtl_13,StreamingDataWidthConverter_rtl,DWC,,,,,,,,,,,,,,,,,,,,,,,,,,,,,,,,,,,,,,,,14,0,0,77,0,0,0,0
6,StreamingFIFO_rtl_45,StreamingFIFO_rtl,FIFO,,,,,,,,,,,auto,,,,,,,,,,,,,,,,,,,UINT8,8,2,1x64x64x2x8,rtl,,,,,,13,0,0,21,0,0,0,0
6,StreamingFIFO_rtl_46,StreamingFIFO_rtl,FIFO,,,,,,,,,,,auto,,,,,,,,,,,,,,,,,,,UINT8,8,2,1x64x64x2x8,rtl,,,,,,13,0,0,21,0,0,0,0
6,MVAU_rtl_6,MVAU_rtl,MVAU,4,16,2,8,INT8,UINT8,INT18,8,8,dsp,auto,internal_decoupled,,,,,,,,,,,,,,,,,,,,,,,,,,,,342,97,0,397,0,0,0,8
6,MVAU_rtl_7,MVAU_rtl,MVAU,4,16,2,8,INT8,UINT8,INT18,8,8,dsp,auto,internal_decoupled,,,,,,,,,,,,,,,,,,,,,,,,,,,,335,92,0,386,0,0,0,8
6,StreamingFIFO_rtl_47,StreamingFIFO_rtl,FIFO,,,,,,,,,,,auto,,,,,,,,,,,,,,,,,,,INT18,18,2,1x64x64x2x2,rtl,,,,,,69,0,0,133,0,0,0,0
6,StreamingFIFO_rtl_48,StreamingFIFO_rtl,FIFO,,,,,,,,,,,auto,,,,,,,,,,,,,,,,,,,INT18,18,2,1x64x64x2x2,rtl,,,,,,69,0,0,133,0,0,0,0
6,StreamingDataWidthConverter_rtl_14,StreamingDataWidthConverter_rtl,DWC,,,,,,,,,,,,,,,,,,,,,,,,,,,,,,,,,,,,,,,,40,0,0,76,0,0,0,0
6,StreamingDataWidthConverter_rtl_15,StreamingDataWidthConverter_rtl,DWC,,,,,,,,,,,,,,,,,,,,,,,,,,,,,,,,,,,,,,,,41,0,0,76,0,0,0,0
6,StreamingFIFO_rtl_49,StreamingFIFO_rtl,FIFO,,,,,,,,,,,auto,,,,,,,,,,,,,,,,,,,INT18,18,2,1x64x64x4x1,rtl,,,,,,41,0,0,77,0,0,0,0
6,StreamingFIFO_rtl_50,StreamingFIFO_rtl,FIFO,,,,,,,,,,,auto,,,,,,,,,,,,,,,,,,,INT18,18,2,1x64x64x4x1,rtl,,,,,,41,0,0,77,0,0,0,0
6,Thresholding_rtl_14,Thresholding_rtl,Thresholding,,,1,,INT18,INT18,INT8,18,18,,,,4,255,1024,0,,,,,,,,,,,,,,,,,,,,,,,,231,0,9,556,0,0,0,0
6,Thresholding_rtl_15,Thresholding_rtl,Thresholding,,,1,,INT18,INT18,UINT8,18,18,,,,4,255,999999,0,,,,,,,,,,,,,,,,,,,,,,,,228,0,9,554,0,0,0,0
6,StreamingFIFO_rtl_51,StreamingFIFO_rtl,FIFO,,,,,,,,,,,auto,,,,,,,,,,,,,,,,,,,INT8,8,2,1x64x64x4x1,rtl,,,,,,24,0,0,41,0,0,0,0
6,StreamingFIFO_rtl_52,StreamingFIFO_rtl,FIFO,,,,,,,,,,,auto,,,,,,,,,,,,,,,,,,,UINT8,8,125,1x64x64x4x1,rtl,,,,,,24,0,0,41,0,0,0,0
6,StreamingDataWidthConverter_rtl_16,StreamingDataWidthConverter_rtl,DWC,,,,,,,,,,,,,,,,,,,,,,,,,,,,,,,,,,,,,,,,11,0,0,44,0,0,0,0
6,FMPadding_Pixel_hls_0,FMPadding_Pixel_hls,FMPadding,,,,1,,UINT8,,,8,,,,4,,,,,64,64,,,,,2,2,,,,,,,,,,,,,,1,300,0,0,147,0,0,0,0
6,StreamingFIFO_rtl_53,StreamingFIFO_rtl,FIFO,,,,,,,,,,,auto,,,,,,,,,,,,,,,,,,,INT8,8,32,1x64x64x1x4,rtl,,,,,,13,0,0,21,0,0,0,0
6,StreamingFIFO_rtl_54,StreamingFIFO_rtl,FIFO,,,,,,,,,,,auto,,,,,,,,,,,,,,,,,,,UINT8,8,2,1x127x127x4x1,rtl,,,,,,68,0,32,21,0,0,0,0
6,StreamingDataWidthConverter_rtl_17,StreamingDataWidthConverter_rtl,DWC,,,,,,,,,,,,,,,,,,,,,,,,,,,,,,,,,,,,,,,,11,0,0,44,0,0,0,0
6,UpsampleNearestNeighbour_hls_0,UpsampleNearestNeighbour_hls,Upsample,,,,,,INT8,,,8,,,,4,,,,,,,,,,,,,,,,,,,,,,,,,,,185,40,0,214,0,0,0,0
6,StreamingFIFO_rtl_55,StreamingFIFO_rtl,FIFO,,,,,,,,,,,auto,,,,,,,,,,,,,,,,,,,INT8,8,32,1x128x128x4,rtl,,,,,,89,0,32,43,0,0,0,0
6,StreamingFIFO_rtl_56,StreamingFIFO_rtl,FIFO,,,,,,,,,,,auto,,,,,,,,,,,,,,,,,,,UINT8,8,32,1x127x127x1x4,rtl,,,,,,13,0,0,21,0,0,0,0
6,FMPadding_rtl_2,FMPadding_rtl,FMPadding,,,,4,,UINT8,,,8,,,,4,,,,,127,127,,,,,,,,,,,,,,,,,,,1x1x1x1,1,67,0,0,83,0,0,0,0
6,FMPadding_rtl_3,FMPadding_rtl,FMPadding,,,,4,,INT8,,,8,,,,4,,,,,128,128,,,,,,,,,,,,,,,,,,,1x1x1x1,1,77,0,0,83,0,0,0,0
6,StreamingFIFO_rtl_57,StreamingFIFO_rtl,FIFO,,,,,,,,,,,auto,,,,,,,,,,,,,,,,,,,UINT8,8,2,1x129x129x1x4,rtl,,,,,,56,0,32,43,0,0,0,0
6,StreamingFIFO_rtl_58,StreamingFIFO_rtl,FIFO,,,,,,,,,,,auto,,,,,,,,,,,,,,,,,,,INT8,8,2,1x130x130x1x4,rtl,,,,,,88,0,32,43,0,0,0,0
6,ConvolutionInputGenerator_rtl_2,ConvolutionInputGenerator_rtl,SWU,,,,4,,UINT8,UINT8,,8,,distributed,,,,,,4,129,129,128,128,2,2,1,1,1,1,0,1,,,,,,,,,,,247,80,0,263,0,0,0,0
6,ConvolutionInputGenerator_rtl_3,ConvolutionInputGenerator_rtl,SWU,,,,4,,INT8,INT8,,8,,distributed,,,,,,4,130,130,128,128,3,3,1,1,1,1,0,1,,,,,,,,,,,364,160,0,502,0,0,0,0
6,StreamingFIFO_rtl_59,StreamingFIFO_rtl,FIFO,,,,,,,,,,,auto,,,,,,,,,,,,,,,,,,,UINT8,8,65,1x128x128x1x16,rtl,,,,,,38,0,0,69,0,0,0,0
6,StreamingFIFO_rtl_60,StreamingFIFO_rtl,FIFO,,,,,,,,,,,auto,,,,,,,,,,,,,,,,,,,INT8,8,159,1x128x128x1x36,rtl,,,,,,38,0,0,69,0,0,0,0
6,StreamingDataWidthConverter_rtl_18,StreamingDataWidthConverter_rtl,DWC,,,,,,,,,,,,,,,,,,,,,,,,,,,,,,,,,,,,,,,,101,0,0,260,0,0,0,0
6,StreamingDataWidthConverter_rtl_19,StreamingDataWidthConverter_rtl,DWC,,,,,,,,,,,,,,,,,,,,,,,,,,,,,,,,,,,,,,,,220,0,0,580,0,0,0,0
6,StreamingFIFO_rtl_61,StreamingFIFO_rtl,FIFO,,,,,,,,,,,auto,,,,,,,,,,,,,,,,,,,UINT8,8,171,1x128x128x2x8,rtl,,,,,,420,0,256,145,0,0,0,0
6,StreamingFIFO_rtl_62,StreamingFIFO_rtl,FIFO,,,,,,,,,,,auto,,,,,,,,,,,,,,,,,,,INT8,8,322,1x128x128x2x18,vivado,,,,,,2085,0,1440,338,0,0,0,0
6,MVAU_rtl_8,MVAU_rtl,MVAU,4,36,2,18,INT8,INT8,INT19,8,8,dsp,auto,internal_decoupled,,,,,,,,,,,,,,,,,,,,,,,,,,,,337,90,0,383,0,0,0,8
6,MVAU_rtl_9,MVAU_rtl,MVAU,4,16,2,8,INT8,UINT8,INT18,8,8,dsp,auto,internal_decoupled,,,,,,,,,,,,,,,,,,,,,,,,,,,,749,210,0,684,0,0,0,18
6,StreamingFIFO_rtl_63,StreamingFIFO_rtl,FIFO,,,,,,,,,,,auto,,,,,,,,,,,,,,,,,,,INT19,19,2,1x128x128x2x2,rtl,,,,,,557,0,384,89,0,0,0,0
6,StreamingFIFO_rtl_64,StreamingFIFO_rtl,FIFO,,,,,,,,,,,auto,,,,,,,,,,,,,,,,,,,INT18,18,2,1x128x128x2x2,rtl,,,,,,1349,0,1152,177,0,0,0,0
6,StreamingDataWidthConverter_rtl_20,StreamingDataWidthConverter_rtl,DWC,,,,,,,,,,,,,,,,,,,,,,,,,,,,,,,,,,,,,,,,41,0,0,76,0,0,0,0
6,StreamingDataWidthConverter_rtl_21,StreamingDataWidthConverter_rtl,DWC,,,,,,,,,,,,,,,,,,,,,,,,,,,,,,,,,,,,,,,,44,0,0,80,0,0,0,0
6,StreamingFIFO_rtl_65,StreamingFIFO_rtl,FIFO,,,,,,,,,,,auto,,,,,,,,,,,,,,,,,,,INT19,19,2,1x128x128x4x1,rtl,,,,,,753,0,432,158,0,0,0,0
6,StreamingFIFO_rtl_66,StreamingFIFO_rtl,FIFO,,,,,,,,,,,auto,,,,,,,,,,,,,,,,,,,INT18,18,2,1x128x128x4x1,rtl,,,,,,41,0,0,77,0,0,0,0
6,Thresholding_rtl_16,Thresholding_rtl,Thresholding,,,1,,INT19,INT19,UINT8,19,19,,,,4,255,1024,0,,,,,,,,,,,,,,,,,,,,,,,,283,0,9,548,0,0,0,0
6,Thresholding_rtl_17,Thresholding_rtl,Thresholding,,,1,,INT18,INT18,UINT8,18,18,,,,4,255,1024,0,,,,,,,,,,,,,,,,,,,,,,,,342,0,9,579,0,0,0,0
6,StreamingFIFO_rtl_67,StreamingFIFO_rtl,FIFO,,,,,,,,,,,auto,,,,,,,,,,,,,,,,,,,UINT8,8,2,1x128x128x4x1,rtl,,,,,,42,0,0,81,0,0,0,0
6,StreamingFIFO_rtl_68,StreamingFIFO_rtl,FIFO,,,,,,,,,,,auto,,,,,,,,,,,,,,,,,,,UINT8,8,2,1x128x128x4x1,rtl,,,,,,24,0,0,41,0,0,0,0
6,StreamingDataWidthConverter_rtl_22,StreamingDataWidthConverter_rtl,DWC,,,,,,,,,,,,,,,,,,,,,,,,,,,,,,,,,,,,,,,,11,0,0,44,0,0,0,0
6,Thresholding_rtl_18,Thresholding_rtl,Thresholding,,,1,,UINT8,UINT8,INT8,8,8,,,,4,255,0,0,,,,,,,,,,,,,,,,,,,,,,,,67,0,11,249,0,3,0,0
6,StreamingFIFO_rtl_69,StreamingFIFO_rtl,FIFO,,,,,,,,,,,auto,,,,,,,,,,,,,,,,,,,UINT8,8,2,1x128x128x1x4,rtl,,,,,,25,0,0,43,0,0,0,0
6,StreamingFIFO_rtl_70,StreamingFIFO_rtl,FIFO,,,,,,,,,,,auto,,,,,,,,,,,,,,,,,,,INT8,8,2,1x128x128x4x1,rtl,,,,,,13,0,0,21,0,0,0,0
6,MVAU_rtl_10,MVAU_rtl,MVAU,4,4,1,4,INT8,UINT8,INT17,8,8,dsp,auto,internal_decoupled,,,,,,,,,,,,,,,,,,,,,,,,,,,,99,32,0,147,0,0,0,4
6,StreamingFIFO_rtl_71,StreamingFIFO_rtl,FIFO,,,,,,,,,,,auto,,,,,,,,,,,,,,,,,,,INT17,17,2,1x128x128x4x1,rtl,,,,,,14,0,0,21,0,0,0,0
6,Thresholding_rtl_19,Thresholding_rtl,Thresholding,,,1,,INT17,INT17,INT8,17,17,,,,4,255,999999,0,,,,,,,,,,,,,,,,,,,,,,,,221,0,9,530,0,0,0,0
6,StreamingFIFO_rtl_72,StreamingFIFO_rtl,FIFO,,,,,,,,,,,auto,,,,,,,,,,,,,,,,,,,INT8,8,756,1x128x128x4x1,vivado,,,,,,37,0,0,69,0,0,0,0
6,AddStreams_hls_2,AddStreams_hls,AddStreams,,,1,,,INT8,,,8,,,,4,,,,,,,,,,,,,,,,,,,,,,,,,,,66,0,0,93,0,0,0,0
6,StreamingFIFO_rtl_73,StreamingFIFO_rtl,FIFO,,,,,,,,,,,auto,,,,,,,,,,,,,,,,,,,INT9,9,2,1x128x128x4x1,rtl,,,,,,13,0,0,21,0,0,0,0
7,StreamingFIFO_rtl_0,StreamingFIFO_rtl,FIFO,,,,,,,,,,,auto,,,,,,,,,,,,,,,,,,,INT9,9,2,1x128x128x4x1,rtl,,,,,,16,0,0,23,0,0,0,0
7,Thresholding_rtl_0,Thresholding_rtl,Thresholding,,,1,,INT10,INT9,INT8,10,9,,,,4,255,999999,0,,,,,,,,,,,,,,,,,,,,,,,,78,0,9,302,0,0,0,0
7,StreamingFIFO_rtl_1,StreamingFIFO_rtl,FIFO,,,,,,,,,,,auto,,,,,,,,,,,,,,,,,,,INT8,8,2,1x128x128x4x1,rtl,,,,,,15,0,0,21,0,0,0,0
7,Thresholding_rtl_1,Thresholding_rtl,Thresholding,,,1,,INT9,INT8,UINT8,9,8,,,,4,255,999999,0,,,,,,,,,,,,,,,,,,,,,,,,70,0,15,174,0,0,0,0
7,StreamingFIFO_rtl_2,StreamingFIFO_rtl,FIFO,,,,,,,,,,,auto,,,,,,,,,,,,,,,,,,,UINT8,8,2,1x128x128x4x1,rtl,,,,,,14,0,0,21,0,0,0,0
7,DuplicateStreams_hls_0,DuplicateStreams_hls,DuplicateStreams,,,1,,,UINT8,,,8,,,,4,,,,,,,,,,,,,,,,,,,,,,,,,,,65,0,0,90,0,0,0,0
7,StreamingFIFO_rtl_3,StreamingFIFO_rtl,FIFO,,,,,,,,,,,auto,,,,,,,,,,,,,,,,,,,UINT8,8,7531,1x128x128x4x1,vivado,,,,,,84,0,0,67,1,0,0,0
7,StreamingFIFO_rtl_4,StreamingFIFO_rtl,FIFO,,,,,,,,,,,auto,,,,,,,,,,,,,,,,,,,UINT8,8,2,1x128x128x4x1,rtl,,,,,,15,0,0,21,0,0,0,0
7,StreamingDataWidthConverter_rtl_0,StreamingDataWidthConverter_rtl,DWC,,,,,,,,,,,,,,,,,,,,,,,,,,,,,,,,,,,,,,,,13,0,0,44,0,0,0,0
7,Thresholding_rtl_2,Thresholding_rtl,Thresholding,,,1,,UINT8,UINT8,INT8,8,8,,,,4,255,999999,0,,,,,,,,,,,,,,,,,,,,,,,,63,0,9,276,0,0,0,0
7,StreamingFIFO_rtl_5,StreamingFIFO_rtl,FIFO,,,,,,,,,,,auto,,,,,,,,,,,,,,,,,,,UINT8,8,2,1x128x128x1x4,rtl,,,,,,80,0,0,63,0,1,0,0
7,StreamingFIFO_rtl_6,StreamingFIFO_rtl,FIFO,,,,,,,,,,,auto,,,,,,,,,,,,,,,,,,,INT8,8,65536,1x128x128x4x1,vivado,,,,,,70,0,0,59,0,1,0,0
7,MVAU_rtl_0,MVAU_rtl,MVAU,1,4,1,4,UINT7,UINT8,UINT19,7,8,dsp,auto,internal_decoupled,,,,,,,,,,,,,,,,,,,,,,,,,,,,60,0,0,85,0,0,0,4
7,StreamingFIFO_rtl_7,StreamingFIFO_rtl,FIFO,,,,,,,,,,,auto,,,,,,,,,,,,,,,,,,,UINT19,19,2,1x128x128x1x1,rtl,,,,,,40,0,0,69,0,0,0,0
7,Thresholding_rtl_3,Thresholding_rtl,Thresholding,,,1,,UINT19,UINT19,UINT8,19,19,,,,1,255,999999,0,,,,,,,,,,,,,,,,,,,,,,,,131,0,9,455,0,2,0,0
7,StreamingFIFO_rtl_8,StreamingFIFO_rtl,FIFO,,,,,,,,,,,auto,,,,,,,,,,,,,,,,,,,UINT8,8,1745,1x128x128x1x1,vivado,,,,,,111,0,64,22,0,0,0,0
7,FMPadding_rtl_0,FMPadding_rtl,FMPadding,,,,1,,UINT8,,,8,,,,1,,,,,128,128,,,,,,,,,,,,,,,,,,,1x1x1x1,1,49,0,0,35,0,0,0,0
7,StreamingFIFO_rtl_9,StreamingFIFO_rtl,FIFO,,,,,,,,,,,auto,,,,,,,,,,,,,,,,,,,UINT8,8,16900,1x130x130x1x1,vivado,,,,,,73,0,32,21,0,0,0,0
7,ConvolutionInputGenerator_rtl_0,ConvolutionInputGenerator_rtl,SWU,,,,1,,UINT8,UINT8,,8,,distributed,,,,,,1,130,130,128,128,3,3,1,1,1,1,1,0,,,,,,,,,,,279,50,0,107,0,0,0,0
7,StreamingFIFO_rtl_10,StreamingFIFO_rtl,FIFO,,,,,,,,,,,auto,,,,,,,,,,,,,,,,,,,UINT8,8,2,1x128x128x9x1,rtl,,,,,,26,0,0,43,0,0,0,0
7,StreamingDataWidthConverter_rtl_1,StreamingDataWidthConverter_rtl,DWC,,,,,,,,,,,,,,,,,,,,,,,,,,,,,,,,,,,,,,,,16,0,0,86,0,0,0,0
7,StreamingFIFO_rtl_11,StreamingFIFO_rtl,FIFO,,,,,,,,,,,auto,,,,,,,,,,,,,,,,,,,UINT8,8,2,1x128x128x1x9,rtl,,,,,,80,0,0,79,8,0,0,0
7,VVAU_hls_0,VVAU_hls,VVAU,1,9,1,9,INT4,UINT8,INT12,4,8,dsp,auto,internal_decoupled,,,,,,,,,,,,,,,,,,,,,,,,,,,,130,0,0,257,0,0,0,11
7,StreamingFIFO_rtl_12,StreamingFIFO_rtl,FIFO,,,,,,,,,,,auto,,,,,,,,,,,,,,,,,,,INT12,12,2,1x128x128x1x1,rtl,,,,,,69,0,0,59,0,1,0,0
7,Thresholding_rtl_4,Thresholding_rtl,Thresholding,,,1,,INT12,INT12,UINT8,12,12,,,,1,255,999999,0,,,,,,,,,,,,,,,,,,,,,,,,97,0,9,331,0,1,0,0
7,StreamingFIFO_rtl_13,StreamingFIFO_rtl,FIFO,,,,,,,,,,,auto,,,,,,,,,,,,,,,,,,,UINT8,8,2,1x128x128x1x1,rtl,,,,,,81,0,0,79,8,0,0,0
7,MVAU_rtl_1,MVAU_rtl,MVAU,4,1,1,1,INT8,UINT8,INT19,8,8,dsp,auto,internal_decoupled,,,,,,,,,,,,,,,,,,,,,,,,,,,,48,12,0,114,0,0,0,1
7,StreamingFIFO_rtl_14,StreamingFIFO_rtl,FIFO,,,,,,,,,,,auto,,,,,,,,,,,,,,,,,,,INT19,19,2,1x128x128x4x1,rtl,,,,,,66,0,0,55,0,1,0,0
7,Thresholding_rtl_5,Thresholding_rtl,Thresholding,,,1,,INT19,INT19,INT8,19,19,,,,4,255,1024,0,,,,,,,,,,,,,,,,,,,,,,,,238,0,9,580,0,0,0,0
7,StreamingFIFO_rtl_15,StreamingFIFO_rtl,FIFO,,,,,,,,,,,auto,,,,,,,,,,,,,,,,,,,INT8,8,2,1x128x128x4x1,rtl,,,,,,108,0,56,22,0,0,0,0
7,AddStreams_hls_0,AddStreams_hls,AddStreams,,,1,,,INT8,,,8,,,,4,,,,,,,,,,,,,,,,,,,,,,,,,,,69,0,0,93,0,0,0,0
7,StreamingFIFO_rtl_16,StreamingFIFO_rtl,FIFO,,,,,,,,,,,auto,,,,,,,,,,,,,,,,,,,INT9,9,2,1x128x128x4x1,rtl,,,,,,100,0,0,75,4,0,0,0
7,Thresholding_rtl_6,Thresholding_rtl,Thresholding,,,1,,INT10,INT9,INT8,10,9,,,,4,255,999999,0,,,,,,,,,,,,,,,,,,,,,,,,78,0,9,302,0,0,0,0
7,StreamingFIFO_rtl_17,StreamingFIFO_rtl,FIFO,,,,,,,,,,,auto,,,,,,,,,,,,,,,,,,,INT8,8,2,1x128x128x4x1,rtl,,,,,,66,0,0,55,0,1,0,0
7,Thresholding_rtl_7,Thresholding_rtl,Thresholding,,,1,,INT9,INT8,UINT8,9,8,,,,4,255,999999,0,,,,,,,,,,,,,,,,,,,,,,,,69,0,15,189,0,0,0,0
7,StreamingFIFO_rtl_18,StreamingFIFO_rtl,FIFO,,,,,,,,,,,auto,,,,,,,,,,,,,,,,,,,UINT8,8,56718,1x128x128x4x1,vivado,,,,,,27,0,0,40,0,0,0,0
7,FMPadding_Pixel_hls_0,FMPadding_Pixel_hls,FMPadding,,,,1,,UINT8,,,8,,,,4,,,,,128,128,,,,,2,2,,,,,,,,,,,,,,1,264,0,0,150,0,0,0,0
7,StreamingFIFO_rtl_19,StreamingFIFO_rtl,FIFO,,,,,,,,,,,auto,,,,,,,,,,,,,,,,,,,UINT8,8,2,1x255x255x4x1,rtl,,,,,,15,0,0,21,0,0,0,0
7,StreamingDataWidthConverter_rtl_2,StreamingDataWidthConverter_rtl,DWC,,,,,,,,,,,,,,,,,,,,,,,,,,,,,,,,,,,,,,,,13,0,0,44,0,0,0,0
7,StreamingFIFO_rtl_20,StreamingFIFO_rtl,FIFO,,,,,,,,,,,auto,,,,,,,,,,,,,,,,,,,UINT8,8,128,1x255x255x1x4,rtl,,,,,,78,0,0,149,0,0,0,0
7,FMPadding_rtl_1,FMPadding_rtl,FMPadding,,,,4,,UINT8,,,8,,,,4,,,,,255,255,,,,,,,,,,,,,,,,,,,1x1x1x1,1,75,0,0,85,0,0,0,0
7,StreamingFIFO_rtl_21,StreamingFIFO_rtl,FIFO,,,,,,,,,,,auto,,,,,,,,,,,,,,,,,,,UINT8,8,2,1x257x257x1x4,rtl,,,,,,19,0,0,29,0,0,0,0
7,ConvolutionInputGenerator_rtl_1,ConvolutionInputGenerator_rtl,SWU,,,,4,,UINT8,UINT8,,8,,distributed,,,,,,4,257,257,256,256,2,2,1,1,1,1,0,1,,,,,,,,,,,325,160,0,336,0,0,0,0
7,StreamingFIFO_rtl_22,StreamingFIFO_rtl,FIFO,,,,,,,,,,,auto,,,,,,,,,,,,,,,,,,,UINT8,8,26954,1x256x256x1x16,vivado,,,,,,14,0,0,21,0,0,0,0
7,MVAU_rtl_2,MVAU_rtl,MVAU,5,16,1,16,INT8,UINT8,INT19,8,8,dsp,auto,internal_decoupled,,,,,,,,,,,,,,,,,,,,,,,,,,,,304,137,0,355,0,0,0,16
7,StreamingFIFO_rtl_23,StreamingFIFO_rtl,FIFO,,,,,,,,,,,auto,,,,,,,,,,,,,,,,,,,INT19,19,2,1x256x256x5x1,rtl,,,,,,27,0,0,43,0,0,0,0
7,StreamingFIFO_rtl_24,StreamingFIFO_rtl,FIFO,,,,,,,,,,,auto,,,,,,,,,,,,,,,,,,,INT20,20,2,1x256x256x5x1,rtl,,,,,,14,0,0,21,0,0,0,0
