stem,view,dice_f1,precision,recall_sensitivity,accuracy
test_1,6x6 only,0.5427898155063263,0.5467176102807146,0.5389180552379149,0.969654083251916
test_1,5x5 only,0.5865461617660528,0.5879587155956559,0.585140378908257,0.9724273681640253
test_1,OR (6x6 | 5x5),0.5516069375715741,0.49070698087995485,0.6297648938591306,0.9657783508300413
test_1,confidence blend,0.5647798010352174,0.5760056959765325,0.553983108878619,0.9714622497558223
test_10,6x6 only,0.7912015215410604,0.862992694145519,0.7304374379718066,0.9807357788085563
test_10,5x5 only,0.8088453302582734,0.8780509611078425,0.7497518894566381,0.9822921752929312
test_10,OR (6x6 | 5x5),0.8288647157956072,0.831731877930024,0.8260172532248065,0.98295593261715
test_10,confidence blend,0.8124238733248833,0.8676610875024996,0.7637987632637881,0.982376098632775
test_100,6x6 only,0.4099948421110608,0.6500090859519353,0.29943077180621175,0.960727691650354
test_100,5x5 only,0.586436544413945,0.6668088737194253,0.5233550979402951,0.9663619995116819
test_100,OR (6x6 | 5x5),0.5926621084146254,0.6357012750449279,0.5550811987271429,0.9652290344237913
test_100,confidence blend,0.5702088733035675,0.7256499805966555,0.4696132596681151,0.9677391052245724
test_101,6x6 only,0.8616462346754266,0.8158163265295717,0.9129317727648973,0.9921646118163684
test_101,5x5 only,0.7995468563151868,0.7150737363495271,0.9066514416201732,0.9878501892089466
test_101,OR (6x6 | 5x5),0.7903453136006634,0.6714228696860193,0.9604624607465595,0.9863815307616811
test_101,confidence blend,0.873496747058636,0.8094020216772507,0.9486154724508299,0.992656707763634
test_102,6x6 only,0.6218608371099382,0.6499303427134857,0.5961155123942774,0.9458923339843389
test_102,5x5 only,0.6479128343000855,0.7258719086869208,0.5850753897262535,0.952541351318323
test_102,OR (6x6 | 5x5),0.6835600988648085,0.6442464266326017,0.727983644262342,0.9496955871581668
test_102,confidence blend,0.6673832923831217,0.6683754549645418,0.6663940710448932,0.9504241943359012
test_103,6x6 only,0.3263843972335308,0.3282297608322543,0.32455966752392185,0.9483528137206669
test_103,5x5 only,0.3273583545579666,0.31822853405557483,0.33702750841051154,0.9466056823730107
test_103,OR (6x6 | 5x5),0.35402199698065384,0.3137854576035524,0.40609538887749247,0.9428672790526984
test_103,confidence blend,0.3483348773707405,0.34336249158863463,0.3534533940230027,0.9490165710448857
test_104,6x6 only,0.7738704529190612,0.8387212215187417,0.7183285655897851,0.9843254089355092
test_104,5x5 only,0.8143950995401662,0.8138135074466294,0.8149775234973283,0.9861297607421499
test_104,OR (6x6 | 5x5),0.8202317419102744,0.7746798655882529,0.8714752758470867,0.9857368469237905
test_104,confidence blend,0.841842570447727,0.8570823629040258,0.8271352676738586,0.988395690917931
test_105,6x6 only,0.5207637868872032,0.5547126872742701,0.49073064340198747,0.958927154540979
test_105,5x5 only,0.517180837722339,0.6432493137002205,0.43243016525422995,0.9632835388183226
test_105,OR (6x6 | 5x5),0.5426588866107307,0.5119392992631764,0.5773005620329021,0.9557495117187135
test_105,confidence blend,0.4947448882092037,0.5746310065469152,0.4343595335958104,0.9596557617187134
test_106,6x6 only,0.626692294835105,0.8819240268130284,0.48603279538499833,0.9659194946288694
test_106,5x5 only,0.6056282203723323,0.7795122946630144,0.495171430422908,0.9620437622069945
test_106,OR (6x6 | 5x5),0.6668158257819045,0.7851246926582498,0.5794931622265995,0.9659156799316038
test_106,confidence blend,0.6384736906061333,0.8512637718720552,0.5107913669061437,0.96595382690426
test_107,6x6 only,0.426979028905699,0.5206173692685542,0.36188951160870797,0.9768600463866814
test_107,5x5 only,0.4317021443716662,0.42368177613255675,0.44003202561979177,0.9724006652831659
test_107,OR (6x6 | 5x5),0.44794908062203115,0.4011399620007585,0.5071257005596363,0.9702224731444942
test_107,confidence blend,0.42675561164659986,0.48824257425641865,0.379023218574253,0.9757423400878533
test_108,6x6 only,0.5273846153842097,0.49231653023051514,0.567831704488044,0.9765624999999627
test_108,5x5 only,0.5422978951598456,0.4554667267194511,0.6700347854883717,0.9739532470702753
test_108,OR (6x6 | 5x5),0.4962388201146145,0.38622533652924,0.6938876925613817,0.9675559997558224
test_108,confidence blend,0.5678955096989196,0.5323094755135724,0.6085804207377694,0.9786720275878532
test_109,6x6 only,0.6330567167900212,0.5781855482099633,0.6994347166680003,0.9775657653808221
test_109,5x5 only,0.6435749698508351,0.6259611625171042,0.6622087412096206,0.9797058105468376
test_109,OR (6x6 | 5x5),0.6478538709491332,0.5491850431442481,0.7897421756503658,0.9762458801269158
test_109,confidence blend,0.64850719638358,0.570233239200324,0.751688956292911,0.977455139160119
test_11,6x6 only,0.4415048379455844,0.48730395817738065,0.403574962889409,0.9370269775390268
test_11,5x5 only,0.4306140729189428,0.4644007155631739,0.4014101929735271,0.9345283508300425
test_11,OR (6x6 | 5x5),0.4945366248480967,0.46423531965675446,0.5290697674415332,0.9332962036132456
test_11,confidence blend,0.4621949248422621,0.4841199972909297,0.44216971796113175,0.9365348815917611
test_110,6x6 only,0.5267326732670107,0.5613967766685067,0.49610037300723847,0.9699134826659785
test_110,5x5 only,0.49090121317131125,0.4712488301960369,0.5122640443082261,0.9641418457030881
test_110,OR (6x6 | 5x5),0.5051848953235643,0.4452875743722986,0.5837006894986054,0.9614105224609008
test_110,confidence blend,0.5456939373986799,0.5798778936649963,0.515315926302119,0.9710426330566035
test_111,6x6 only,0.30723092302531685,0.3946917808207914,0.2515002727764112,0.9762077331542596
test_111,5x5 only,0.41171436721459376,0.43144679154955873,0.3937079468987203,0.9763984680175408
test_111,OR (6x6 | 5x5),0.39911346006274045,0.37564184852314564,0.4257137661385239,0.9731101989745722
test_111,confidence blend,0.38280739934669983,0.4765646166337671,0.3198763411523552,0.9783630371093376
test_112,6x6 only,0.6778785671716362,0.7655151787038051,0.6082461977179084,0.9814414978026968
test_112,5x5 only,0.6908610604436185,0.7339302418806175,0.6525665399231789,0.9812507629394156
test_112,OR (6x6 | 5x5),0.7081184446887013,0.6910982920476291,0.7259980988584529,0.9807853698730095
test_112,confidence blend,0.7182564750469246,0.7667925546253482,0.6754990494288551,0.982986450195275
test_113,6x6 only,0.6376559687127459,0.6683148991533269,0.6096866096858858,0.9777336120605096
test_113,5x5 only,0.6032926829264614,0.6202357071205865,0.5872507122500151,0.9751815795898066
test_113,OR (6x6 | 5x5),0.6469819132705126,0.5978654852994383,0.7048907882232848,0.9752807617187128
test_113,confidence blend,0.6456032088857478,0.6722786274249167,0.6209639126298421,0.9780921936034783
test_114,6x6 only,0.5688342120676778,0.5196218337490905,0.6283433994816346,0.9663085937499631
test_114,5x5 only,0.535073684210301,0.4388727724820839,0.6852890422770865,0.9578781127929321
test_114,OR (6x6 | 5x5),0.5466389357608811,0.4296465363022456,0.7511863675574296,0.9559288024901978
test_114,confidence blend,0.5899954934652591,0.5067347886665841,0.70599654874816,0.9652938842773069
test_115,6x6 only,0.3998181818178183,0.5115143056512875,0.328159976122477,0.9748153686523066
test_115,5x5 only,0.29363872237604577,0.36662198391339,0.244888822563431,0.9698829650878535
test_115,OR (6x6 | 5x5),0.390486105549459,0.421361908053195,0.36382629458235516,0.970966339111291
test_115,confidence blend,0.37268328311843996,0.48000940733659453,0.30458140575987974,0.9737892150878534
test_116,6x6 only,0.3970094598715311,0.4030983733533647,0.3911017586045527,0.9698486328124629
test_116,5x5 only,0.3761915833524171,0.3883199999993787,0.3647978355623556,0.9692955017089474
test_116,OR (6x6 | 5x5),0.376895854398144,0.32515538109221986,0.4482188486390377,0.9623870849609008
test_116,confidence blend,0.4107322353665733,0.42292993630505904,0.39921839771471634,0.9709281921386348
test_117,6x6 only,0.46746486205077176,0.5227008149004392,0.4227871939732365,0.9609756469726195
test_117,5x5 only,0.5487220447281606,0.5839354016143392,0.517514124293298,0.9655151367187131
test_117,OR (6x6 | 5x5),0.5587138035172505,0.5287491593808601,0.5922787193968058,0.9620971679687133
test_117,confidence blend,0.5334120657412984,0.5586477015042685,0.5103578154420806,0.9638290405273069
test_118,6x6 only,0.5823820071557485,0.5630971993400937,0.6030345800977364,0.9813003540038687
test_118,5x5 only,0.5241962214115643,0.49421874999922777,0.5580451658423464,0.978096008300744
test_118,OR (6x6 | 5x5),0.5320939764323119,0.45465916197566647,0.6413196894836957,0.9756126403808221
test_118,confidence blend,0.5752678728257726,0.5727527107370186,0.5778052222996157,0.9815521240234
test_119,6x6 only,0.6517332549936459,0.5929440064137472,0.7234632316961952,0.9819107055663687
test_119,5x5 only,0.6755646817243506,0.6138877782212263,0.7510190771225321,0.9831237792968375
test_119,OR (6x6 | 5x5),0.6176470588231292,0.5124153498865823,0.7772705038304626,0.977485656738244
test_119,confidence blend,0.7088684550492371,0.6638200967824313,0.7604761128309792,0.985385894775353
test_12,6x6 only,0.5425211390800442,0.5544298768364037,0.5311132254985136,0.9820442199706656
test_12,5x5 only,0.4680887665573128,0.42709150839675547,0.5177925784956845,0.9764099121093377
test_12,OR (6x6 | 5x5),0.4765314859496563,0.40318756585826765,0.5824928639379972,0.9743461608886347
test_12,confidence blend,0.5282946479948893,0.53258557338903,0.5240723120827325,0.9812393188476187
test_120,6x6 only,0.46220952094422635,0.45763216679008545,0.4668793679725511,0.9727210998534784
test_120,5x5 only,0.4714407502127938,0.44275420336209936,0.5041020966263992,0.9716186523437129
test_120,OR (6x6 | 5x5),0.4475515626974266,0.383456201213808,0.537374658157798,0.9666900634765255
test_120,confidence blend,0.4657494569149415,0.4449363586048078,0.4886052871460216,0.9718551635741817
test_121,6x6 only,0.631207866905417,0.5964235624116451,0.6703008012601205,0.9772529602050408
test_121,5x5 only,0.6588480583785126,0.6536522301219733,0.6641271509251752,0.9800262451171501
test_121,OR (6x6 | 5x5),0.6149929585090375,0.523274034472741,0.74569814790392,0.9728851318359003
test_121,confidence blend,0.6799610263068009,0.6725777435098014,0.6875082096404999,0.9812049865722281
test_122,6x6 only,0.5828245828237921,0.5424242424228727,0.6297273526806516,0.9882698059081654
test_122,5x5 only,0.5208630164863415,0.39890880748184115,0.750219876866754,0.9820404052734
test_122,OR (6x6 | 5x5),0.5068959002451285,0.373937282229444,0.7865728525336072,0.9800872802734001
test_122,confidence blend,0.6190783529100051,0.553044280441529,0.7030196423315654,0.9887428283691029
test_123,6x6 only,0.4705770690959846,0.5147425249158747,0.4333916083908507,0.9787216186523063
test_123,5x5 only,0.43736410770995365,0.4192048733561731,0.45716783216703294,0.9743347167968378
test_123,OR (6x6 | 5x5),0.4502641856187684,0.40059953672107834,0.5139860139851155,0.9726142883300409
test_123,confidence blend,0.4668465690049471,0.5201890034353089,0.4234265734258332,0.9788970947265251
test_124,6x6 only,0.5611472343455236,0.6184959748668579,0.5135311379193727,0.9624099731444945
test_124,5x5 only,0.527727793227332,0.5295469468150611,0.5259210955326655,0.955947875976526
test_124,OR (6x6 | 5x5),0.5608222230206056,0.5015103798441407,0.6360449951087087,0.9533805847167605
test_124,confidence blend,0.5975032285834707,0.6330961503369521,0.5656993805016581,0.9643325805663694
test_125,6x6 only,0.6294888043932154,0.596381684276983,0.6664877437812373,0.9832725524901968
test_125,5x5 only,0.4706669640861992,0.40267175572467856,0.566290928608756,0.9728431701659784
test_125,OR (6x6 | 5x5),0.5083126063617566,0.40076375270884423,0.6947575594906159,0.9713439941405879
test_125,confidence blend,0.5845852964702777,0.580918727914168,0.5882984433698546,0.9821739196776968
test_126,6x6 only,0.6322853517550734,0.7202415365833363,0.5634737159510687,0.9502525329589481
test_126,5x5 only,0.5304419295692829,0.7148943421943464,0.4216504171271376,0.9433364868163702
test_126,OR (6x6 | 5x5),0.6628776864308698,0.699235960068764,0.6301135792538797,0.9513511657714481
test_126,confidence blend,0.6472640626327838,0.7430153044606037,0.5733742084628739,0.9525642395019167
test_127,6x6 only,0.7039795701209278,0.6981112166289984,0.7099474192502307,0.9787750244140251
test_127,5x5 only,0.6739481330029732,0.6758389985964434,0.6720678184347332,0.9768829345702752
test_127,OR (6x6 | 5x5),0.7042145959616705,0.6341987620352182,0.7916085416881729,0.9763603210448846
test_127,confidence blend,0.720400340715119,0.7148441627039462,0.7260435669055413,0.9799652099609001
test_128,6x6 only,0.32655393052997794,0.24425262798030573,0.49250387730399364,0.955032348632776
test_128,5x5 only,0.45254084394083766,0.3190587237648795,0.7780458383581285,0.9583282470702759
test_128,OR (6x6 | 5x5),0.4244027074273054,0.28680479825500615,0.81578493882334,0.9510154724120731
test_128,confidence blend,0.3833017077796841,0.27610296909387494,0.6265724625183068,0.955368041992151
test_129,6x6 only,0.5939284640811602,0.5682515337412418,0.622035676808768,0.9845390319823842
test_129,5x5 only,0.5111791446326086,0.4580977718648851,0.5781741867773805,0.9799003601073845
test_129,OR (6x6 | 5x5),0.5121455845312274,0.41781548250209727,0.6614900314781501,0.9770927429198846
test_129,confidence blend,0.5721951704257455,0.5434126085304957,0.6041972717720794,0.9835777282714468
test_13,6x6 only,0.49948377981823644,0.4879498885226797,0.511576135351167,0.9648628234862913
test_13,5x5 only,0.5446357313872165,0.5581911661596656,0.5317230632229165,0.9695281982421504
test_13,OR (6x6 | 5x5),0.5411626999607193,0.4815972222218041,0.6175422974169439,0.9641113281249631
test_13,confidence blend,0.5301021517058627,0.5178343949039088,0.5429652715933404,0.967010498046838
test_130,6x6 only,0.6525103105079748,0.7018109832093982,0.6096815286620321,0.9611091613769164
test_130,5x5 only,0.6427430518579339,0.7258879179020877,0.5766878980888046,0.9616050720214476
test_130,OR (6x6 | 5x5),0.6967972392078777,0.663955232490675,0.7330573248402974,0.9617919921874633
test_130,confidence blend,0.7044615437698132,0.7686168210219346,0.6501910828021336,0.9673271179198849
test_131,6x6 only,0.6331135531130893,0.6742081447953281,0.5967407816591677,0.9808959960937126
test_131,5x5 only,0.5768829415010883,0.5192265193364428,0.6489435160880418,0.9737052917480097
test_131,OR (6x6 | 5x5),0.575050709938824,0.48567621585563364,0.7047369147898015,0.9712295532226192
test_131,confidence blend,0.6420802420221551,0.6710328214383152,0.6155227178557996,0.981044769287072
test_132,6x6 only,0.4330098202489904,0.5398825719597024,0.36145733461135043,0.9623374938964476
test_132,5x5 only,0.48087739032593874,0.5816326530604332,0.4098753595393961,0.9647903442382444
test_132,OR (6x6 | 5x5),0.5004145734768081,0.5092822396500454,0.49185043144727525,0.9609260559081664
test_132,confidence blend,0.4827114782110608,0.594666666665832,0.406232023010157,0.9653587341308225
test_133,6x6 only,0.6195235083278011,0.6347533051061653,0.6050074122874279,0.9655799865722288
test_133,5x5 only,0.7013912168954486,0.7139566626849394,0.6892604183819063,0.9728164672851191
test_133,OR (6x6 | 5x5),0.6658675674691562,0.5956202482288676,0.7549003459061481,0.9649085998534788
test_133,confidence blend,0.6856389314273075,0.7090445187394782,0.6637292044138826,0.9718093872069942
test_134,6x6 only,0.7231670880253257,0.7944703951511243,0.6636085626904317,0.9816207885741812
test_134,5x5 only,0.6927292243372166,0.7460452664872887,0.6465253611719428,0.9792518615722282
test_134,OR (6x6 | 5x5),0.7352941176466846,0.7104926738118689,0.7618896973523548,0.9801559448241813
test_134,confidence blend,0.761216946260585,0.8260923228822191,0.7057893071805275,0.9839820861816031
test_135,6x6 only,0.5435921133698832,0.7297353184434869,0.43311242022529073,0.977394104003869
test_135,5x5 only,0.4915178571424914,0.6241496598627662,0.4053755522822713,0.9739303588866816
test_135,OR (6x6 | 5x5),0.5564912753482743,0.6168782673627828,0.5068728522330549,0.9748878479003534
test_135,confidence blend,0.5567854435173943,0.7282824276066476,0.45066273932198003,0.977699279785119
test_136,6x6 only,0.6856860158305691,0.7284512964247924,0.6476635514008603,0.9854583740233999
test_136,5x5 only,0.6917389906776826,0.7144754316057197,0.6704049844226317,0.9853668212890249
test_136,OR (6x6 | 5x5),0.677100014557667,0.6355561628851659,0.7244548286593078,0.98307800292965
test_136,confidence blend,0.7091752235833809,0.7570721357836686,0.6669781931453785,0.9866027832030874
test_137,6x6 only,0.5496904024765674,0.5458458227649329,0.5535895237348557,0.955612182617151
test_137,5x5 only,0.5820728772771648,0.6485684190360542,0.5279445007400982,0.9628982543944945
test_137,OR (6x6 | 5x5),0.5776050190941838,0.5133644463297694,0.6602229324182242,0.9527435302734011
test_137,confidence blend,0.5869967171047934,0.5688999414858331,0.606282640891257,0.9582481384276977
test_138,6x6 only,0.6497438642093052,0.6401024404931605,0.6596801738850183,0.9825248718261343
test_138,5x5 only,0.5534258033034408,0.5021502656204122,0.616363918645216,0.9755592346191033
test_138,OR (6x6 | 5x5),0.594333102971292,0.49915576192433603,0.7343580189400181,0.9753684997558221
test_138,confidence blend,0.6278074866305364,0.6179876673174644,0.6379444185675548,0.9814147949218375
test_139,6x6 only,0.6832126852804665,0.5833529550263911,0.8243220761922736,0.9824714660644156
test_139,5x5 only,0.6924968432241028,0.5765825586536336,0.8667443021113513,0.9823493957519156
test_139,OR (6x6 | 5x5),0.626546228640109,0.4788918205800537,0.9058392946250111,0.9752388000487909
test_139,confidence blend,0.744256391789165,0.6562103124197914,0.8595907502897029,0.986454010009728
test_14,6x6 only,0.6367740361147897,0.7658107116643201,0.5449514461725541,0.9772872924804314
test_14,5x5 only,0.6287081339709159,0.7358252834933,0.5488148689563027,0.9763183593749627
test_14,OR (6x6 | 5x5),0.7086141533273438,0.7147105682414076,0.7026208624822986,0.9788894653319938
test_14,confidence blend,0.6797315114463144,0.7977211984796768,0.5921478542334841,0.9796142578124626
test_140,6x6 only,0.44019646886971964,0.49596171103650627,0.3957040572782919,0.9839134216308218
test_140,5x5 only,0.42553720034725434,0.44366744366629457,0.4088305489250386,0.9823570251464468
test_140,OR (6x6 | 5x5),0.4580438857641878,0.4257019881114456,0.4957040572780532,0.9812507629394156
test_140,confidence blend,0.4623472203962908,0.5144779175182379,0.4198090692114086,0.9843940734862905
test_141,6x6 only,0.7025192683764508,0.6636600738962577,0.7462121212112094,0.9802703857421501
test_141,5x5 only,0.6354761269668522,0.5639617460462418,0.7277614858251127,0.9739341735839472
test_141,OR (6x6 | 5x5),0.6436046511624789,0.5332369942192251,0.8115835777116183,0.9719390869140254
test_141,confidence blend,0.7086497288034778,0.6650948451391435,0.758308895404743,0.9805335998534782
test_142,6x6 only,0.2942812053804056,0.42713787085421656,0.22446406052937695,0.9641761779784788
test_142,5x5 only,0.21520222105483963,0.3114682884441541,0.16439298406492675,0.9601020812987915
test_142,OR (6x6 | 5x5),0.3077846708022762,0.36805998723617095,0.26447323168604325,0.9604148864745727
test_142,confidence blend,0.28798411122122985,0.4315476190466311,0.2160953800295585,0.9644432067870725
test_143,6x6 only,0.7066248561105439,0.6898395721919787,0.7242473555730478,0.9718055725097285
test_143,5x5 only,0.6671865380666254,0.6731262939953017,0.6613506916186644,0.9690666198730099
test_143,OR (6x6 | 5x5),0.7155242006245075,0.6291586939073951,0.8293734743687311,0.9690818786620724
test_143,confidence blend,0.7424533374296249,0.7030840849573006,0.786493083807334,0.9744186401366816
test_144,6x6 only,0.6258644536649228,0.725450901802638,0.5503192459708621,0.9752349853515253
test_144,5x5 only,0.672773005552336,0.6326312031411704,0.7183541096577294,0.9736976623534784
test_144,OR (6x6 | 5x5),0.6713530978471504,0.5897514575018489,0.7791628661185981,0.9712867736816035
test_144,confidence blend,0.7120622568089536,0.7627648489049869,0.6676801459403388,0.9796752929687126
test_145,6x6 only,0.4596941896021653,0.5907876120097614,0.37621383521836393,0.9663009643554319
test_145,5x5 only,0.4501685122770521,0.5643579296807539,0.3744118530379673,0.9651489257812131
test_145,OR (6x6 | 5x5),0.5098265290076465,0.5349758029030631,0.4869356291916238,0.9643211364745725
test_145,confidence blend,0.45654399807236246,0.5730269126087496,0.37941735909462465,0.9655799865722288
test_146,6x6 only,0.27529800748257605,0.16480883425339637,0.8352692713789057,0.9682273864745724
test_146,5x5 only,0.3152187618203061,0.2070564850087675,0.6599788806723338,0.9792823791503532
test_146,OR (6x6 | 5x5),0.2623929609550928,0.15413013382542304,0.881731784578238,0.96418380737301
test_146,confidence blend,0.27262813522332635,0.16206243143496352,0.857972544874034,0.9669227600097287
test_147,6x6 only,0.5452102549202755,0.6197473788486586,0.48667747163663744,0.9522247314452761
test_147,5x5 only,0.5351159922006545,0.6927673603949177,0.435915721231484,0.9554328918456666
test_147,OR (6x6 | 5x5),0.6016131687240818,0.6111705685614641,0.5923500810368931,0.9538383483886355
test_147,confidence blend,0.5793908444280214,0.662385321100365,0.5148784440839449,0.9560127258300416
test_148,6x6 only,0.6671774000475618,0.736702971343199,0.6096429821485739,0.9734840393066034
test_148,5x5 only,0.6182249644040729,0.6754822650895296,0.5699159957992912,0.9693145751952755
test_148,OR (6x6 | 5x5),0.6571604071601188,0.6590109116502472,0.6553202660127272,0.9701919555663692
test_148,confidence blend,0.6531717747680431,0.7146719351141575,0.6014175708780176,0.972156524658166
test_149,6x6 only,0.5888895130030956,0.6832638164746048,0.5174217747502542,0.9720802307128535
test_149,5x5 only,0.6027304140935803,0.707258707789541,0.5251209159998764,0.9732475280761347
test_149,OR (6x6 | 5x5),0.6019745001733383,0.60512667065569,0.5988549995058742,0.9693946838378537
test_149,confidence blend,0.6336541265671428,0.774451097803287,0.5361760931788212,0.9760398864745721
test_15,6x6 only,0.5777235913954735,0.6381300500180105,0.5277645186944666,0.9815025329589468
test_15,5x5 only,0.6205290301109461,0.6501655917715702,0.5934765314230812,0.9825973510741812
test_15,OR (6x6 | 5x5),0.6019007391758924,0.5722070844678443,0.6348448687340734,0.9798660278319938
test_15,confidence blend,0.6473065450073282,0.7214942303917045,0.586953062847117,0.9846649169921499
test_150,6x6 only,0.7435855353135447,0.7861191440134262,0.7054183101511805,0.9642410278319944
test_150,5x5 only,0.7609756097558891,0.806178144233651,0.7205729707282953,0.9667282104491818
test_150,OR (6x6 | 5x5),0.7829671011791973,0.7505593373633785,0.8182997716416761,0.9666557312011349
test_150,confidence blend,0.7805659931153848,0.7905157272868217,0.7708636080544058,0.9681434631347287
test_151,6x6 only,0.7644838722225732,0.8015011829968168,0.7307349003267399,0.9769096374511346
test_151,5x5 only,0.7608212273937293,0.7581240768088935,0.7635376376072868,0.975379943847619
test_151,OR (6x6 | 5x5),0.7708274894807956,0.7291058636238199,0.8176138054144468,0.9750671386718378
test_151,confidence blend,0.7863254334819465,0.8006939090201999,0.772463552513558,0.9784698486327751
test_152,6x6 only,0.4412232182589858,0.34499900576621095,0.6118850290943186,0.966472625732385
test_152,5x5 only,0.4641041749954514,0.34321675958747827,0.7164521248444429,0.9642066955566038
test_152,OR (6x6 | 5x5),0.44105571847485775,0.30509162215139285,0.7956268735658691,0.956375122070276
test_152,confidence blend,0.4926326440267548,0.38404653914377435,0.6868277199776286,0.9693946838378537
test_153,6x6 only,0.38143168331677196,0.463490324935262,0.3240587109121582,0.9685859680175412
test_153,5x5 only,0.37305455117090625,0.48557397176082345,0.30287172941888596,0.9695739746093379
test_153,OR (6x6 | 5x5),0.4026343154243309,0.44066767829978654,0.3706445437136303,0.9671287536620724
test_153,confidence blend,0.3979179614664404,0.508437562039888,0.32686662412210993,0.9704360961913692
test_154,6x6 only,0.8484089200696263,0.8711088242849613,0.8268620268610173,0.9907684326171496
test_154,5x5 only,0.8218771267705117,0.8330615828410473,0.8109890109880208,0.9890174865722279
test_154,OR (6x6 | 5x5),0.8421667055797092,0.8067546410190037,0.8808302808292053,0.9896850585937123
test_154,confidence blend,0.8571251855511769,0.8685134118815887,0.8460317460307131,0.9911880493163684
test_155,6x6 only,0.458568418190158,0.4457512884889048,0.4721444568862372,0.9696159362792598
test_155,5x5 only,0.5498789654729583,0.5045592705161275,0.6041433370652237,0.9730453491210566
test_155,OR (6x6 | 5x5),0.5334908047913315,0.4458963993603028,0.6639137737952633,0.9683570861816037
test_155,confidence blend,0.5191217668900129,0.4855575868367025,0.5576707726755912,0.9718437194823848
test_156,6x6 only,0.7380825372189815,0.7401283796919469,0.7360479736911344,0.979396820068322
test_156,5x5 only,0.7276898164804211,0.6801479862098039,0.782377405937922,0.976905822753869
test_156,OR (6x6 | 5x5),0.7165486155824354,0.6441803025620221,0.8072347422373467,0.9748115539550409
test_156,confidence blend,0.7637036685488283,0.749720462168515,0.7782183963625319,0.9810066223144157
test_157,6x6 only,0.3851779619696001,0.422131545710267,0.3541734594062975,0.9470863342284794
test_157,5x5 only,0.3763785425942085,0.3844911147008039,0.3686012389954608,0.9428367614745734
test_157,OR (6x6 | 5x5),0.42553348866436425,0.3894793852817077,0.4689435930873256,0.9407463073730109
test_157,confidence blend,0.3898557508189482,0.4078162556748795,0.3734104988585153,0.945301055908167
test_158,6x6 only,0.6847717683155468,0.6053988062932645,0.7880981811746635,0.9843254089355092
test_158,5x5 only,0.6272817789574329,0.5025526483721521,0.8343634116178097,0.9785804748534782
test_158,OR (6x6 | 5x5),0.6187262240761942,0.4740949694400807,0.8903408087570364,0.976295471191369
test_158,confidence blend,0.6986539296564636,0.5919068056399854,0.8523750662178132,0.9841156005858999
test_159,6x6 only,0.6479678876062981,0.6618491184905064,0.6346569687432331,0.9732360839843378
test_159,5x5 only,0.6493579006138799,0.6165400247388084,0.6858659327691312,0.9712524414062129
test_159,OR (6x6 | 5x5),0.6222012524660624,0.5519786910193668,0.7128956162760832,0.9664001464843381
test_159,confidence blend,0.6734523282683417,0.6738167863813108,0.6730882642022085,0.9746665954589472
test_16,6x6 only,0.5939833272920667,0.6275080410466726,0.5638590696386404,0.978633880615197
test_16,5x5 only,0.6110006626901185,0.5892126789358523,0.6344618772355706,0.977607727050744
test_16,OR (6x6 | 5x5),0.6231136820921636,0.5736281546647677,0.6819432975492954,0.9771347045898064
test_16,confidence blend,0.6079239745645951,0.6174591909146665,0.5986787778687054,0.9785957336425407
test_160,6x6 only,0.5567026939824514,0.5562540296573883,0.5571520826597398,0.9790344238280876
test_160,5x5 only,0.5518110236216127,0.5385797725168482,0.5657087504027031,0.9782867431640251
test_160,OR (6x6 | 5x5),0.527923028654725,0.46459688305256525,0.6112366806577152,0.9741706848144159
test_160,confidence blend,0.573367808661463,0.5739242963432968,0.5728123990949745,0.9798583984374626
test_161,6x6 only,0.462980769230491,0.46561102381183894,0.4603800645387111,0.9659118652343381
test_161,5x5 only,0.4545873674502051,0.3977945131787719,0.5302975977046369,0.959384918212854
test_161,OR (6x6 | 5x5),0.47309501411078403,0.3900566198709454,0.6010517509255395,0.9572677612304322
test_161,confidence blend,0.4841372803393772,0.47782563147424295,0.4906179036685901,0.9666290283202755
test_162,6x6 only,0.26955317442942667,0.3341767576353982,0.22587344246246535,0.9617729187011351
test_162,5x5 only,0.2833876221496596,0.29082026227784674,0.2763254336668992,0.9563598632812135
test_162,OR (6x6 | 5x5),0.2771395591709574,0.2519236534423384,0.3079648179815441,0.9498329162597293
test_162,confidence blend,0.31085492048037305,0.3602124577492995,0.2733935988269321,0.9621467590331664
test_163,6x6 only,0.49724134008276133,0.5515457413242252,0.4526719138354881,0.9662818908691038
test_163,5x5 only,0.4989752993201925,0.5205941931121757,0.4790803645396861,0.9645614624023069
test_163,OR (6x6 | 5x5),0.5626362735378777,0.5394336754080773,0.5879246064616943,0.9663314819335569
test_163,confidence blend,0.4837787863503761,0.5270418752282664,0.447079536039305,0.96485519409176
test_164,6x6 only,0.5611934965154893,0.6644806431126201,0.48569661357586874,0.9812622070312125
test_164,5x5 only,0.5272172290990951,0.5836305612904381,0.4807484150294097,0.9787292480468376
test_164,OR (6x6 | 5x5),0.5581395348832671,0.588578288457231,0.5306942941077305,0.9792709350585563
test_164,confidence blend,0.5444503830388878,0.6421517125433029,0.47255296118683693,0.9804916381835563
test_165,6x6 only,0.6777548866887705,0.8753894080985523,0.552922849880665,0.9755363464355096
test_165,5x5 only,0.6794559480305118,0.8917010789917521,0.5488234811834477,0.9759063720702752
test_165,OR (6x6 | 5x5),0.7890917088186544,0.8512051622690726,0.7354267442807777,0.9817085266112906
test_165,confidence blend,0.753692234396973,0.8995792107347894,0.6485201278997716,0.9802780151366813
test_166,6x6 only,0.4758153846151894,0.4664950526904782,0.4855157401201561,0.9512596130370731
test_166,5x5 only,0.5675892142028265,0.6056980056974305,0.5339919624911805,0.9629287719726195
test_166,OR (6x6 | 5x5),0.49697284849366824,0.44662527538524155,0.5601138647014734,0.9483375549316044
test_166,confidence blend,0.5069332199062072,0.5152170153894905,0.4989115874074858,0.9557800292968385
test_167,6x6 only,0.7042185505844213,0.7792961294749375,0.6423357664229534,0.9672889709472287
test_167,5x5 only,0.6742631751942316,0.8034641831309918,0.5808582934806312,0.9659767150878538
test_167,OR (6x6 | 5x5),0.7514703092389959,0.755243421888423,0.7477347092872214,0.9700164794921504
test_167,confidence blend,0.7378092845587467,0.8141566036296695,0.6745532343313148,0.970935821533166
test_168,6x6 only,0.5052890064218877,0.6124084249070229,0.4300643086809806,0.9800186157226188
test_168,5x5 only,0.5728415758586983,0.5984238178623495,0.5493569131823965,0.9805603027343376
test_168,OR (6x6 | 5x5),0.6150117508808643,0.5661168199018847,0.673151125400847,0.9800033569335563
test_168,confidence blend,0.6034482758615326,0.6746820349748118,0.5458199356904408,0.9829788208007437
test_169,6x6 only,0.6329352957508286,0.5853708650086445,0.6889130697609854,0.9747886657714472
test_169,5x5 only,0.5613058996427874,0.4959651238284983,0.6464756377697418,0.9681167602538693
test_169,OR (6x6 | 5x5),0.5859835947615551,0.48568702290037713,0.7384838592664266,0.9670753479003537
test_169,confidence blend,0.6024696707102456,0.5456685960948242,0.6724700761689366,0.9720001220702754
test_17,6x6 only,0.4174495395773254,0.3772696704768371,0.4672079950021503,0.9761085510253533
test_17,5x5 only,0.5070567986226273,0.43215490684988683,0.613366645845069,0.9781494140624627
test_17,OR (6x6 | 5x5),0.4979265626174335,0.39030732860473955,0.687486987298173,0.9745979309081659
test_17,confidence blend,0.5071270473656422,0.44115834873622745,0.5962939829260956,0.9787635803222282
test_170,6x6 only,0.6142675806039024,0.5398482820164748,0.7124852767953916,0.9710197448730098
test_170,5x5 only,0.6503768422060149,0.5489020338703923,0.797879858656304,0.972217559814416
test_170,OR (6x6 | 5x5),0.6297513321489211,0.5054169636489626,0.8352179034147994,0.9681930541991818
test_170,confidence blend,0.6263995002639823,0.5290155019880456,0.7677267373371404,0.9703407287597285
test_171,6x6 only,0.5336417330963059,0.5392320534219205,0.528166135229721,0.9569282531737916
test_171,5x5 only,0.5788179428472064,0.6011448701007475,0.5580900989284947,0.9621047973632445
test_171,OR (6x6 | 5x5),0.5932849234306589,0.5294155385895108,0.674679094104591,0.9568405151366822
test_171,confidence blend,0.5919881913975186,0.5937654219439104,0.5902215681460303,0.9620399475097289
test_172,6x6 only,0.5470475785893442,0.5134569377985312,0.5853409090902438,0.9674606323241818
test_172,5x5 only,0.6110970035547161,0.6923187571911791,0.5469318181811966,0.976631164550744
test_172,OR (6x6 | 5x5),0.6113193403295486,0.520089285713871,0.7413636363627938,0.968353271484338
test_172,confidence blend,0.5951317440398518,0.53294382022424,0.6737499999992344,0.9692268371581662
test_173,6x6 only,0.5190267784287074,0.504870481275341,0.5339998473627917,0.9505310058593387
test_173,5x5 only,0.38015138772060547,0.45257166947675737,0.3277112111727637,0.9465827941894169
test_173,OR (6x6 | 5x5),0.5250782082572364,0.4777305141996261,0.5828436235972045,0.9472999572753544
test_173,confidence blend,0.5286744571713029,0.5343832839540508,0.5230863161104151,0.9533805847167605
test_174,6x6 only,0.5539921646524986,0.6411648253396506,0.48768640404114844,0.9383316040038704
test_174,5x5 only,0.6953684913558799,0.737923890524077,0.6574537329379426,0.9547615051269167
test_174,OR (6x6 | 5x5),0.702889846675451,0.6822421360640626,0.7248263467233085,0.9518775939941043
test_174,confidence blend,0.6727787792941868,0.7160006577861557,0.6344780686838128,0.9515304565429324
test_175,6x6 only,0.554472829426497,0.5730357466879213,0.537074829931516,0.9612808227538695
test_175,5x5 only,0.6585930058508375,0.705745115193248,0.6173469387749853,0.9712867736816035
test_175,OR (6x6 | 5x5),0.6444619010209566,0.5988321167878841,0.6976190476184544,0.9654693603515256
test_175,confidence blend,0.6159219661794029,0.6170521464533437,0.6147959183668241,0.9656028747558225
test_176,6x6 only,0.6318978750906391,0.6138450671057107,0.6510447015727536,0.9652404785155881
test_176,5x5 only,0.6492166899330506,0.6076950998180706,0.6968284358605703,0.9654922485351194
test_176,OR (6x6 | 5x5),0.6166608330414363,0.5320408286522124,0.7332889369843225,0.9582214355468384
test_176,confidence blend,0.6385232494740094,0.5999268203435053,0.6824273703482207,0.9645919799804319
test_177,6x6 only,0.4894528858460013,0.46308583464932795,0.5190037771476405,0.965007781982385
test_177,5x5 only,0.45963376713091114,0.44872948054817996,0.4710812086868849,0.9642028808593381
test_177,OR (6x6 | 5x5),0.4908690330474953,0.4193926210989547,0.5917138810191316,0.960330963134729
test_177,confidence blend,0.5069193224229073,0.4935703902488051,0.5210103871570809,0.9672431945800412
test_178,6x6 only,0.3689138576772118,0.2942054958175203,0.49447791164410404,0.987144470214806
test_178,5x5 only,0.24390243902405975,0.16703786191505746,0.4518072289133946,0.9787139892577751
test_178,OR (6x6 | 5x5),0.29424753050517805,0.19144110086164912,0.6355421686715084,0.9768333435058221
test_178,confidence blend,0.3897763578267842,0.30148270181136333,0.5512048192743414,0.9868850708007436
test_179,6x6 only,0.48264808362335704,0.48017193566211847,0.48514990193263496,0.9716796874999629
test_179,5x5 only,0.44385696396240165,0.44085129905964504,0.4469038946477348,0.9695053100585567
test_179,OR (6x6 | 5x5),0.4683155804293986,0.4104863382208983,0.5451106752584126,0.9662971496581663
test_179,confidence blend,0.48861866982984453,0.5189793668286046,0.4616138974496195,0.9736900329589472
test_18,6x6 only,0.546918971372589,0.6772410478234144,0.45865885416592017,0.9821891784667593
test_18,5x5 only,0.5233611010498701,0.5897959183661433,0.4703776041659011,0.9799194335937126
test_18,OR (6x6 | 5x5),0.547043352845892,0.5713273081684009,0.5247395833324793,0.9796333312987907
test_18,confidence blend,0.5468387336361091,0.6364815215028389,0.47932942708255316,0.9813804626464468
test_180,6x6 only,0.5181225554100155,0.3844070419802971,0.7944822071139765,0.9859008789062124
test_180,5x5 only,0.46097591728601567,0.3366482504597852,0.7309076369422994,0.9836921691894156
test_180,OR (6x6 | 5x5),0.4727618243238252,0.32118777793670755,0.895241903235125,0.9809494018554313
test_180,confidence blend,0.5459992510291525,0.3969147005437443,0.8744502199085388,0.9861259460448842
test_181,6x6 only,0.5530410878206504,0.6709946396656687,0.4703573814291329,0.9652671813964475
test_181,5x5 only,0.4785898942418432,0.5474782234642999,0.4251002004004466,0.9576835632323853
test_181,OR (6x6 | 5x5),0.5541624019103744,0.5663354253830488,0.542501670006227,0.9601211547851196
test_181,confidence blend,0.5486708460900284,0.6563190326698566,0.4713593854371481,0.9645729064941038
test_182,6x6 only,0.4527325315870715,0.44308700834194553,0.4628073451588459,0.9862861633300405
test_182,5x5 only,0.46087086637668584,0.4438040345808536,0.47930283224251696,0.9862556457519155
test_182,OR (6x6 | 5x5),0.47377239334904786,0.404311482621196,0.5720510426374975,0.9844245910644155
test_182,confidence blend,0.4804977993618448,0.46889810426401396,0.4926859632726652,0.9869422912597279
test_183,6x6 only,0.592356370521405,0.7102401720627192,0.5080341880337538,0.9687919616698849
test_183,5x5 only,0.6089607122118207,0.7017172167699579,0.5378632478627882,0.9691696166991818
test_183,OR (6x6 | 5x5),0.6420789426680469,0.672213911742079,0.6145299145293892,0.969421386718713
test_183,confidence blend,0.6347916563441337,0.7551573735697805,0.5475213675208995,0.971881866455041
test_184,6x6 only,0.6746325825385425,0.6544426494340432,0.6961079130503512,0.9701881408691035
test_184,5x5 only,0.7219124852167925,0.7099775691611614,0.7342555202330662,0.9748840332030878
test_184,OR (6x6 | 5x5),0.6939870352430169,0.6126422416624266,0.8002405704950595,0.9686660766601193
test_184,confidence blend,0.6918485943141621,0.6370670330460357,0.7569378812606263,0.9700622558593379
test_185,6x6 only,0.5525478740665027,0.49725435214336106,0.6216768916146338,0.9737052917480097
test_185,5x5 only,0.6341093501170592,0.6593597224402155,0.6107215892483046,0.9815940856933218
test_185,OR (6x6 | 5x5),0.5865716256607343,0.48360189573413875,0.7452527023068285,0.9725646972655878
test_185,confidence blend,0.6232340140605134,0.5753492397075345,0.679813029505288,0.9785346984862907
test_186,6x6 only,0.6180014174340056,0.4880779133544295,0.842186594551203,0.9794387817382438
test_186,5x5 only,0.5281167743476142,0.3825288153216201,0.8526173459516079,0.9699096679687129
test_186,OR (6x6 | 5x5),0.5215442371263957,0.3673243883185735,0.8989762410645181,0.9674263000487912
test_186,confidence blend,0.5968871066399803,0.4604656040263627,0.8481746185032873,0.9773750305175408
test_187,6x6 only,0.5181295941685601,0.5013148458038473,0.536111466188756,0.9702415466308223
test_187,5x5 only,0.5854611776963357,0.596892017531416,0.5744599258589104,0.9757232666015252
test_187,OR (6x6 | 5x5),0.5554243466650124,0.46413248669944723,0.6914227278528807,0.9669685363769162
test_187,confidence blend,0.5962259511951588,0.5742363248868407,0.6199667646674933,0.9749412536620722
test_188,6x6 only,0.44256728778431254,0.3611298824160547,0.5714285714273494,0.9743232727050409
test_188,5x5 only,0.36315212282597276,0.28652657601942333,0.49572284003315714,0.9689865112304318
test_188,OR (6x6 | 5x5),0.4215431728910049,0.3060415659736046,0.6770744225819566,0.9668540954589474
test_188,confidence blend,0.40940348632623585,0.32694763729204734,0.5474764756190174,0.9718246459960567
test_189,6x6 only,0.3822008418518447,0.3043186823706748,0.5136576693057804,0.960807800292932
test_189,5x5 only,0.4196363636361093,0.3356928148934978,0.559560368513723,0.9634704589843383
test_189,OR (6x6 | 5x5),0.39631981599060134,0.28692441355322407,0.6405366090178753,0.953945159912073
test_189,confidence blend,0.4064013734745193,0.3274056510567799,0.5356392435743726,0.9630699157714476
test_19,6x6 only,0.3112851616599115,0.39958312898430653,0.2549479777827936,0.9449882507323858
test_19,5x5 only,0.36291012838784453,0.4627137140772854,0.2985214738322002,0.9488906860351201
test_19,OR (6x6 | 5x5),0.4299281526135808,0.4552689112370308,0.40725964171132967,0.9473342895507451
test_19,confidence blend,0.3629336349922874,0.4565397841806515,0.3011812563558623,0.9484405517577763
test_190,6x6 only,0.6116585539590338,0.6724092926120172,0.5609756097554867,0.9750442504882441
test_190,5x5 only,0.6663342198577868,0.6783619133566353,0.6547256097553846,0.977027893066369
test_190,OR (6x6 | 5x5),0.646083880747526,0.6027720158395221,0.6961019163755486,0.9732818603515253
test_190,confidence blend,0.6781425140108212,0.714165261381939,0.64557926829198,0.9785308837890251
test_191,6x6 only,0.5494676996819857,0.540105193950756,0.5591605218371422,0.9691658020019162
test_191,5x5 only,0.5475999196623079,0.4912170074763614,0.6186046511620888,0.9656295776366819
test_191,OR (6x6 | 5x5),0.5295867466017438,0.4438478060751428,0.6563811684621027,0.9607887268066039
test_191,confidence blend,0.561924982306842,0.5401925894907471,0.5854792966527674,0.9693031311034787
test_192,6x6 only,0.46682198636597905,0.7064507704343003,0.3485824742263549,0.9764289855956658
test_192,5x5 only,0.49190790973292914,0.5993334567661557,0.4171391752571944,0.9744911193847284
test_192,OR (6x6 | 5x5),0.5533223660678397,0.6217649895505196,0.49845360824678037,0.9761772155761346
test_192,confidence blend,0.5012004304987986,0.700856679785365,0.3900773195871262,0.9770164489745721
test_193,6x6 only,0.5941129673821844,0.573579109062099,0.6161716171606993,0.9805374145507438
test_193,5x5 only,0.5794740516635021,0.5467720685103985,0.6163366336623493,0.9793205261230095
test_193,OR (6x6 | 5x5),0.5526765750358065,0.45943581893673796,0.6933993399328492,0.9740524291991816
test_193,confidence blend,0.650632490012774,0.6563129617181728,0.6450495049494306,0.9839859008788687
test_194,6x6 only,0.41311998498408653,0.5187978786086991,0.34320910650214936,0.9522895812987917
test_194,5x5 only,0.5002470244776553,0.5899989405651128,0.43419616404145156,0.9575538635253541
test_194,OR (6x6 | 5x5),0.5181556895921474,0.538856613622515,0.4989864338059418,0.9545936584472292
test_194,confidence blend,0.47608877333063604,0.5884986225888561,0.3997349134567287,0.956954956054651
test_195,6x6 only,0.7631409222828268,0.7083738681428509,0.8270860637825888,0.9775848388671502
test_195,5x5 only,0.717762216117647,0.6440772114979557,0.8104849279154124,0.9721717834472285
test_195,OR (6x6 | 5x5),0.7257440845717387,0.6109053989485124,0.8937527304491972,0.970508575439416
test_195,confidence blend,0.7604371412843932,0.6912027442287635,0.8450851900385801,0.976753234863244
test_196,6x6 only,0.7991283239543201,0.769292049497706,0.8313723239391428,0.9722213745116817
test_196,5x5 only,0.8140254958295032,0.7918701834360187,0.8374562360093913,0.9745674133300409
test_196,OR (6x6 | 5x5),0.8086703864645269,0.7324855599027704,0.9025426160816722,0.9716148376464473
test_196,confidence blend,0.8278346295536014,0.7890958276970195,0.8705733800144231,0.9759330749511346
test_197,6x6 only,0.724334348919907,0.7463827463817276,0.7035512094689866,0.9841232299804311
test_197,5x5 only,0.6085224128386229,0.5338900757423443,0.7074112197623426,0.9730148315429316
test_197,OR (6x6 | 5x5),0.633992340337111,0.5303030303025711,0.788085434893479,0.9730224609374628
test_197,confidence blend,0.7277929509684433,0.7357349460942207,0.7200205867206382,0.9840316772460561
test_198,6x6 only,0.6962297804288724,0.6639296187675496,0.7318334626315854,0.9811592102050406
test_198,5x5 only,0.662625231318574,0.654151442609734,0.6713214378062176,0.9798316955566032
test_198,OR (6x6 | 5x5),0.6750503565786514,0.5829807240238993,0.8016550297377791,0.9772300720214471
test_198,confidence blend,0.703754693366268,0.6819063788495247,0.7270493922928277,0.9819412231444937
test_199,6x6 only,0.6196362984857925,0.8190645352269755,0.49830703839745094,0.9676055908202755
test_199,5x5 only,0.6458598167708561,0.8247872816829099,0.5307254520563859,0.9691810607909787
test_199,OR (6x6 | 5x5),0.6777502067821846,0.7956112243899449,0.5903032922695841,0.9702758789062129
test_199,confidence blend,0.645291815102852,0.8283649503152344,0.5284921835598815,0.9692344665526974
test_2,6x6 only,0.3667253964256439,0.30541871921150254,0.4588253818289107,0.9616088867187133
test_2,5x5 only,0.37015145917963044,0.34869153674784426,0.3944260746332949,0.9674797058105099
test_2,OR (6x6 | 5x5),0.39393610084742775,0.300754998755247,0.5707762557068639,0.9574508666991822
test_2,confidence blend,0.3765717636325646,0.32118248499630897,0.45504644937733424,0.9634971618651976
test_20,6x6 only,0.6880025224653487,0.6525770112644277,0.7274949988878333,0.9773521423339471
test_20,5x5 only,0.6541326711596543,0.6012109920814147,0.7172705045557709,0.9739646911620722
test_20,OR (6x6 | 5x5),0.6689889246156355,0.5592056144538157,0.8324072015994305,0.9717254638671504
test_20,confidence blend,0.744434642727028,0.698238099872775,0.797177150476998,0.9812126159667593
test_200,6x6 only,0.5277695716393915,0.5520704573543325,0.5055178268247696,0.9512176513671512
test_200,5x5 only,0.523932455880264,0.6520594121977751,0.4378890775322312,0.9570884704589478
test_200,OR (6x6 | 5x5),0.5916619455458421,0.5593220338979527,0.6279711375207782,0.9532585144042605
test_200,confidence blend,0.5671514418801098,0.5701723028522412,0.5641624221840944,0.9535636901855105
test_201,6x6 only,0.3486145364860375,0.7295081967190968,0.2290316431564725,0.9657440185546506
test_201,5x5 only,0.3255101415525917,0.45580916423467344,0.2531452535262551,0.958011627197229
test_201,OR (6x6 | 5x5),0.41156892000435463,0.5171618113635461,0.341784216545614,0.9608840942382445
test_201,confidence blend,0.3656540435564116,0.67142129393614,0.25123903926777424,0.9651107788085569
test_202,6x6 only,0.6364671283556416,0.7884592784101675,0.5336037540757705,0.9707641601562129
test_202,5x5 only,0.6892940798233181,0.8156521739121568,0.5968344865977914,0.9741935729980097
test_202,OR (6x6 | 5x5),0.7046523345647024,0.7463310504307157,0.6673824862795932,0.9731674194335566
test_202,confidence blend,0.6927255002085824,0.8319580731480464,0.5934144595557198,0.9747505187987909
test_203,6x6 only,0.7517134241063914,0.6590818043420726,0.8746411483244289,0.9792709350585563
test_203,5x5 only,0.7717101211246296,0.7459073320758548,0.7993620414664546,0.9830322265624625
test_203,OR (6x6 | 5x5),0.7420927723837143,0.6244734931004905,0.9143009037736157,0.9771995544433221
test_203,confidence blend,0.7776113815046903,0.6944746301089237,0.883359914937923,0.9818725585937125
test_204,6x6 only,0.6765210103239451,0.6886148596240975,0.6648446274798466,0.9676094055175412
test_204,5x5 only,0.6790673498178217,0.6734663819127524,0.6847622613248335,0.9670257568359005
test_204,OR (6x6 | 5x5),0.6904426921438699,0.6131450488141486,0.7900411830769074,0.963909149169885
test_204,confidence blend,0.7063177570090817,0.7052631578942102,0.707375514787939,0.9700317382812129
test_205,6x6 only,0.4969573269832192,0.48964695367161504,0.5044892947582653,0.9492301940917606
test_205,5x5 only,0.5864116357837871,0.6099137931029427,0.5646535185322963,0.9604072570800415
test_205,OR (6x6 | 5x5),0.5291866028706446,0.45280855941893505,0.6365589747520247,0.9436950683593389
test_205,confidence blend,0.5636138520989894,0.5513874614589991,0.5763947509779936,0.9556312561034791
test_206,6x6 only,0.5840926459346398,0.612652608212341,0.5580768366652908,0.9730110168456659
test_206,5x5 only,0.6138867836526474,0.6381044721844162,0.5914401258137593,0.9747352600097284
test_206,OR (6x6 | 5x5),0.5986914420305686,0.5605214152694692,0.6424399011450882,0.970752716064416
test_206,confidence blend,0.6283400809712965,0.6475917978056179,0.6101999550655918,0.9754867553710564
test_207,6x6 only,0.6759243186942799,0.7618364418928371,0.6074251247913816,0.978633880615197
test_207,5x5 only,0.5481140162877475,0.565318302386643,0.5319259567382155,0.9678268432616818
test_207,OR (6x6 | 5x5),0.6289940542366563,0.5876614578623541,0.6765806988345708,0.970722198486291
test_207,confidence blend,0.6676728391474617,0.755616870318282,0.5980657237930552,0.9781608581542596
test_208,6x6 only,0.5266192977034543,0.6468504932956852,0.4440778047930739,0.9473915100097294
test_208,5x5 only,0.5557527942141499,0.6430092803889829,0.48934815329368453,0.9484481811523076
test_208,OR (6x6 | 5x5),0.5792343178956986,0.6001986590510304,0.5596850758361933,0.9464187622069951
test_208,confidence blend,0.5512035228286756,0.6438239616361329,0.48188028250522064,0.9482917785644169
test_209,6x6 only,0.8404644063088762,0.8994158994150089,0.7887654106608883,0.9868431091308217
test_209,5x5 only,0.80635634931758,0.8763117677016032,0.746744226427551,0.9842414855956655
test_209,OR (6x6 | 5x5),0.8425428719899348,0.8405045792285808,0.8445910748386485,0.9861297607421499
test_209,confidence blend,0.8319710995706335,0.8668485932051689,0.7997916304907103,0.9858055114745717
test_21,6x6 only,0.5934902607698791,0.6775315080390011,0.527997290584186,0.9755592346191033
test_21,5x5 only,0.5160929816715936,0.5109537508292642,0.5213366448402332,0.9669647216796505
test_21,OR (6x6 | 5x5),0.5792076734772547,0.5194909938161847,0.6544366674185431,0.9678688049316037
test_21,confidence blend,0.564313286016334,0.6290949472506537,0.5116279069761666,0.9733047485351191
test_210,6x6 only,0.29675669567165963,0.4970660609492768,0.21151832460715947,0.9525222778319948
test_210,5x5 only,0.3011758755845864,0.6999706141619161,0.19186467982264044,0.9578323364257447
test_210,OR (6x6 | 5x5),0.367676978454605,0.5217648800702964,0.28385018123215155,0.953762054443323
test_210,confidence blend,0.2826330367138413,0.5265700483080225,0.19315344341506793,0.9535636901855105
test_211,6x6 only,0.24595584949492985,0.18192635684525554,0.379533857398456,0.935630798339808
test_211,5x5 only,0.17318052698590794,0.1342750816434007,0.24382843745656624,0.935600280761683
test_211,OR (6x6 | 5x5),0.23746340721581663,0.1639197984462713,0.43069921390093685,0.9234886169433241
test_211,confidence blend,0.21849620120503951,0.15986198964912154,0.3450558543644393,0.9317245483398081
test_212,6x6 only,0.28322562517541217,0.2900302114799453,0.27673301304011433,0.9610748291015258
test_212,5x5 only,0.3432516396269636,0.34527777777729823,0.3412491420722838,0.9637107849120725
test_212,OR (6x6 | 5x5),0.36134502584333505,0.3131669015499163,0.42704186684910495,0.9580497741698852
test_212,confidence blend,0.3262814732605075,0.3297812675261781,0.32285518188013335,0.9629478454589476
test_213,6x6 only,0.38014598540118233,0.41918866709526853,0.34775641025594584,0.9676055908202755
test_213,5x5 only,0.43376865671608067,0.518973214284749,0.37259615384565625,0.9722137451171504
test_213,OR (6x6 | 5x5),0.423293121960195,0.4015578190528441,0.44751602564042803,0.9651679992675413
test_213,confidence blend,0.42074096568446645,0.4875087966212394,0.3700587606832665,0.9708938598632442
test_214,6x6 only,0.22058593138011354,0.3458326510555988,0.16193835301321732,0.9430656433105109
test_214,5x5 only,0.3417572729942493,0.47302060737462986,0.2675203189692781,0.9487304687499638
test_214,OR (6x6 | 5x5),0.3686449601952872,0.4090101878676427,0.33553136022056773,0.9428215026855109
test_214,confidence blend,0.28911615038768385,0.4064453396299397,0.2243520932370615,0.9451103210448858
test_215,6x6 only,0.5506257110347453,0.5573896353156288,0.5440239790173398,0.9819183349609
test_215,5x5 only,0.29418197725252165,0.3533893851803642,0.25196702884928446,0.975379943847619
test_215,OR (6x6 | 5x5),0.48655025955601183,0.41933297179986534,0.5794304983128898,0.9750976562499628
test_215,confidence blend,0.5237177015035444,0.5395311879210578,0.5088047958027186,0.981155395507775
test_216,6x6 only,0.5375629740350232,0.6815948336365554,0.4437842778789362,0.9681358337401974
test_216,5x5 only,0.5160882555731349,0.6947710396028856,0.41051188299779656,0.9678726196288693
test_216,OR (6x6 | 5x5),0.5586847464359218,0.6117698248660809,0.5140767824492558,0.966106414794885
test_216,confidence blend,0.5200068497057366,0.6923544611632583,0.41636197440546946,0.9679222106933224
test_217,6x6 only,0.7352198852769655,0.7582426250191211,0.7135540380042209,0.9735870361327753
test_217,5x5 only,0.7530850389588215,0.7564976406256037,0.7497030878854292,0.9747352600097284
test_217,OR (6x6 | 5x5),0.7416693001858415,0.7037382554803067,0.7839222090255463,0.9719352722167598
test_217,confidence blend,0.7639129452516138,0.7751795812312584,0.7529691211395836,0.976081848144494
test_218,6x6 only,0.38641774213733465,0.5452616690230813,0.29924315932437484,0.962638854980432
test_218,5x5 only,0.48514347161668164,0.5820996876265353,0.4158742480104639,0.9652976989745725
test_218,OR (6x6 | 5x5),0.5095634095631447,0.5486903962384724,0.47564525519068923,0.9640045166015256
test_218,confidence blend,0.44234586466138803,0.5818958695986993,0.35678245682092297,0.9646339416503538
test_219,6x6 only,0.40298864315576627,0.3951471105375745,0.4111477009386374,0.9618988037109008
test_219,5x5 only,0.3380741996003522,0.3355358000957045,0.34065129893847945,0.9582786560058227
test_219,OR (6x6 | 5x5),0.43215874801798587,0.37211555398945556,0.5153067447243379,0.9576454162597291
test_219,confidence blend,0.42547136250419454,0.4139840775350017,0.4376143432120531,0.963035583496057
test_22,6x6 only,0.7533527102132714,0.8031966945734443,0.7093335893982049,0.9815483093261343
test_22,5x5 only,0.7191575693166268,0.7235614307924537,0.7148069905889045,0.977821350097619
test_22,OR (6x6 | 5x5),0.7288349077819484,0.6855958023013832,0.7778951411553889,0.9770050048827752
test_22,confidence blend,0.7740159086269763,0.8251793868223253,0.7288265796036788,0.9830932617187125
test_220,6x6 only,0.5338655254709349,0.4761100917427698,0.6075676688202607,0.9567871093749635
test_220,5x5 only,0.4417239514943841,0.3758296641911179,0.535637351315411,0.9448547363280889
test_220,OR (6x6 | 5x5),0.4698620433769117,0.3671586715865223,0.6523367987256229,0.940044403076136
test_220,confidence blend,0.5279917002511759,0.459955506117589,0.6196497143386535,0.9548759460448855
test_221,6x6 only,0.7206741711260624,0.7797670549079668,0.6699067985587112,0.9653549194335569
test_221,5x5 only,0.7793114491590779,0.8857746068718071,0.6956944365025469,0.9737129211425409
test_221,OR (6x6 | 5x5),0.7707654605735129,0.7773319376594688,0.7643089942245044,0.9696693420409785
test_221,confidence blend,0.7872307739574194,0.8507769956163828,0.7325175824799974,0.9735832214355097
test_222,6x6 only,0.5535175036346306,0.5784921098765885,0.5306100568237047,0.9695434570312129
test_222,5x5 only,0.5729207178173382,0.5945571955712701,0.5528036882164117,0.9706764221191035
test_222,OR (6x6 | 5x5),0.5736188733366766,0.5324091076014208,0.621743325827574,0.9671134948730099
test_222,confidence blend,0.585924532477268,0.6053504058527434,0.567706658088809,0.9714508056640254
test_223,6x6 only,0.6069240422231464,0.5561417748913987,0.667912266449498,0.9593734741210571
test_223,5x5 only,0.639945112483068,0.5760254826753065,0.7198212835087572,0.9619636535644164
test_223,OR (6x6 | 5x5),0.6213119072706068,0.5224277328604926,0.7663688058482807,0.956130981445276
test_223,confidence blend,0.6316767965675253,0.564112388249959,0.7176279447597744,0.9607009887694946
test_224,6x6 only,0.5169994944386638,0.6766189727891186,0.41831569259067425,0.9416885375976203
test_224,5x5 only,0.5098076079461961,0.6583313101880243,0.4159635935979874,0.9403228759765266
test_224,OR (6x6 | 5x5),0.6004118891237337,0.6587480916026511,0.5515672137850633,0.9452285766601202
test_224,confidence blend,0.5492723236308124,0.691805825242181,0.45543795060568826,0.9442367553710577
test_225,6x6 only,0.4848222565684792,0.7806091976890691,0.3515961262550649,0.9682121276855099
test_225,5x5 only,0.446977585356252,0.5747709654678298,0.36567431850756305,0.9615058898925414
test_225,OR (6x6 | 5x5),0.4924934063702107,0.566907986921337,0.43534791965527675,0.9618301391601195
test_225,confidence blend,0.4793869549717955,0.7101372756059308,0.3618185078906368,0.9665679931640256
test_226,6x6 only,0.43585506904258475,0.6018578878738562,0.34162812210884214,0.9635314941405883
test_226,5x5 only,0.5007483870965157,0.566374781085153,0.4487511563363101,0.9631004333495726
test_226,OR (6x6 | 5x5),0.5096272408230533,0.5228688205522354,0.4970397779828889,0.9605560302734009
test_226,confidence blend,0.5072618179776217,0.6440267691860401,0.41840888066566284,0.9664802551269163
test_227,6x6 only,0.4980408704561764,0.7215090385112902,0.38026418741640344,0.9364700317382455
test_227,5x5 only,0.6146762423257806,0.8288168684101297,0.48847056657592464,0.9492416381835574
test_227,OR (6x6 | 5x5),0.6336680386963182,0.7361720272899999,0.5562203709667436,0.9466972351073857
test_227,confidence blend,0.5404296474310424,0.74390834274589,0.4243567910892326,0.9401817321776985
test_228,6x6 only,0.7768505326000563,0.827431709783455,0.732097186699831,0.9874534606933216
test_228,5x5 only,0.7457997541314398,0.8003518029891522,0.6982097186691839,0.9858016967773061
test_228,OR (6x6 | 5x5),0.7589197224970522,0.7359442575675925,0.7833759590782822,0.9851531982421499
test_228,confidence blend,0.809327077935152,0.8944435845830453,0.739002557543812,0.9896125793456654
test_229,6x6 only,0.5899064171120529,0.8272791188178729,0.4583820283077143,0.9625549316405883
test_229,5x5 only,0.5609251369443858,0.7478091528716349,0.44877288663780757,0.9587211608886352
test_229,OR (6x6 | 5x5),0.616215804892662,0.7442330668130279,0.5257758732628711,0.9615211486816039
test_229,confidence blend,0.5983693436605795,0.8040096406652015,0.4764965588881466,0.9624176025390258
test_23,6x6 only,0.4489549535950736,0.39890050951944367,0.5133735979283635,0.9721412658691035
test_23,5x5 only,0.4313835770525651,0.3639814924660529,0.529421915443435,0.969146728515588
test_23,OR (6x6 | 5x5),0.4071768168437813,0.30295628737446056,0.6207075064700247,0.9600448608398071
test_23,confidence blend,0.43978904189830076,0.38207967417540784,0.518032786884352,0.9708251953124629
test_230,6x6 only,0.6155784169637751,0.657989228006443,0.5783037475339464,0.9720611572265254
test_230,5x5 only,0.5536083020063781,0.5976906367890731,0.515581854042884,0.9678382873534787
test_230,OR (6x6 | 5x5),0.6379391100699587,0.6074933095445071,0.6715976331354323,0.9705123901366817
test_230,confidence blend,0.6433308769340755,0.6898848498524611,0.6026627218928967,0.9741516113280878
test_231,6x6 only,0.5766319555940288,0.6417849484318985,0.523488255871628,0.96479415893551
test_231,5x5 only,0.5264017975689274,0.6803062301997356,0.4292853573209817,0.9646224975585569
test_231,OR (6x6 | 5x5),0.6080666190013003,0.6141364370056799,0.602115608861734,0.9644508361816038
test_231,confidence blend,0.5768007742289614,0.6456205509123639,0.5212393803094109,0.9649696350097288
test_232,6x6 only,0.469015097052143,0.364836148081462,0.6564701147098884,0.9718246459960567
test_232,5x5 only,0.5030837004401593,0.39602358108843366,0.6894747434077491,0.9741821289062128
test_232,OR (6x6 | 5x5),0.46811895728768316,0.3363228699548612,0.7697725900568128,0.9668426513671505
test_232,confidence blend,0.5267236967167311,0.413642627468519,0.7248943449371607,0.9753074645995721
test_233,6x6 only,0.5363764788978738,0.4780453257786606,0.6109211584869157,0.9599380493163696
test_233,5x5 only,0.5308496052193603,0.5009369144280352,0.5645615446494724,0.9621467590331664
test_233,OR (6x6 | 5x5),0.5268011065226609,0.4380292019465044,0.6606999195488126,0.9549751281737916
test_233,confidence blend,0.5348368908575939,0.4818189147782941,0.6009654062745364,0.9603462219237915
test_234,6x6 only,0.5465111310513411,0.6876344086014111,0.4534496206477675,0.9595146179198852
test_234,5x5 only,0.6435144434661745,0.7384078596999922,0.5702332836980994,0.9660110473632444
test_234,OR (6x6 | 5x5),0.6513381906049678,0.6733535200600504,0.6307168687508823,0.9636726379394163
test_234,confidence blend,0.6128953573458765,0.7182467841822598,0.5344962064805115,0.9636764526366819
test_235,6x6 only,0.39362135724455183,0.52465027841841,0.31496127191168777,0.9545974731444948
test_235,5x5 only,0.5176074844946297,0.7282946309706726,0.4014675907049315,0.9649887084960569
test_235,OR (6x6 | 5x5),0.5298733725697655,0.5846698809400918,0.4844679983689486,0.9597778320312134
test_235,confidence blend,0.4689517137851043,0.6069948186520635,0.38206278026874674,0.9595146179198852
test_236,6x6 only,0.5339271355226486,0.41527951505781263,0.7474887426381235,0.9712562561034785
test_236,5x5 only,0.5556787386052255,0.43117950678605316,0.7812608243838218,0.9724807739257441
test_236,OR (6x6 | 5x5),0.5272467589537864,0.38608205953307634,0.8311395912697763,0.9671707153319943
test_236,confidence blend,0.5635730281160963,0.43972044263207166,0.7845514374769925,0.9732360839843378
test_237,6x6 only,0.608716475095421,0.6697404821490321,0.5578843410506332,0.9750671386718378
test_237,5x5 only,0.5873780561239387,0.6508741492050569,0.5351695380220177,0.9738616943359003
test_237,OR (6x6 | 5x5),0.6270786340027136,0.600703517587336,0.6558762207827763,0.9728813171386347
test_237,confidence blend,0.6254176463305127,0.7169811320744546,0.5545923406117035,0.976905822753869
test_238,6x6 only,0.4421734291202649,0.5476190476176751,0.370778890208093,0.978969573974572
test_238,5x5 only,0.34163701067584484,0.3695223055657925,0.3176650263018536,0.9724769592284784
test_238,OR (6x6 | 5x5),0.3977110157364507,0.3740469427412557,0.4245715255380544,0.9710922241210567
test_238,confidence blend,0.4034225019665584,0.4797660818702228,0.34804004751340906,0.9768600463866814
test_239,6x6 only,0.6459350761270857,0.6276343335650696,0.6653351087429127,0.9811935424804312
test_239,5x5 only,0.5861166500494852,0.5062977715572113,0.6958129900862615,0.9746627807616816
test_239,OR (6x6 | 5x5),0.5888965359023922,0.48084667977851375,0.7595798194988023,0.9726562499999628
test_239,confidence blend,0.6412565445021701,0.6070578905622429,0.6795383932524345,0.9803962707519157
test_24,6x6 only,0.5284137703833566,0.6056258259380676,0.4686632578517624,0.978157043456994
test_24,5x5 only,0.49595890928280384,0.5134501094768322,0.4796201607005411,0.9745445251464472
test_24,OR (6x6 | 5x5),0.5140143153384747,0.4740868706805601,0.5612856099334386,0.9722862243651973
test_24,confidence blend,0.5549721037081105,0.6329777278670542,0.49408327246092903,0.9793090820312126
test_240,6x6 only,0.4405425826645412,0.5480261391097054,0.3683070629284272,0.9406852722167609
test_240,5x5 only,0.41960310612582585,0.4921071804415995,0.3657201299480413,0.9358482360839486
test_240,OR (6x6 | 5x5),0.5186835382877328,0.5122623797227691,0.525267717482538,0.9381866455077766
test_240,confidence blend,0.48281200520724715,0.5814899567755051,0.41276621345180314,0.943927764892542
test_241,6x6 only,0.6446819454759989,0.5703306704413283,0.7413249211346723,0.9762840270995721
test_241,5x5 only,0.7132675751179011,0.6298459369644246,0.8221608832796764,0.9808158874511345
test_241,OR (6x6 | 5x5),0.652427184465686,0.5336900183911272,0.8391167192417993,0.9740524291991816
test_241,confidence blend,0.6815422661866672,0.5953456402193682,0.7969242902197727,0.9783859252929313
test_242,6x6 only,0.6196413622943033,0.53483419531447,0.7364121897573186,0.9670677185058224
test_242,5x5 only,0.6452412571931627,0.5588528487074926,0.763221279714354,0.9694290161132443
test_242,OR (6x6 | 5x5),0.6343455582060432,0.5166644710838383,0.8214472719647905,0.9655036926269163
test_242,confidence blend,0.6519760263166815,0.5722195855081694,0.7575662373015419,0.970539093017541
test_243,6x6 only,0.4492169431041768,0.6756112104935885,0.33646802613310584,0.9682044982909787
test_243,5x5 only,0.4935226019842244,0.8120181405877279,0.3544842605421159,0.9719619750976192
test_243,OR (6x6 | 5x5),0.5311923877487177,0.6652763295089151,0.44209067511340117,0.969928741455041
test_243,confidence blend,0.4865608029143558,0.7961754780634507,0.3503266679861905,0.9715080261230098
test_244,6x6 only,0.40996220302348135,0.3441359773367205,0.5069270572516994,0.9666519165038693
test_244,5x5 only,0.3866028708131505,0.31288723667873514,0.5057586379560912,0.9633216857909789
test_244,OR (6x6 | 5x5),0.40156618874854516,0.30652250351590493,0.5820397262550793,0.9603538513183227
test_244,confidence blend,0.3971027975278111,0.3298741444023737,0.4987481221824424,0.9653892517089475
test_245,6x6 only,0.30054054054026974,0.4449186449708058,0.2269079036862646,0.9703826904296504
test_245,5x5 only,0.27137933798166913,0.3302770191175765,0.23030880152328892,0.9653205871581663
test_245,OR (6x6 | 5x5),0.3284237360144962,0.34249003101411535,0.3154672833623786,0.9638214111327756
test_245,confidence blend,0.3155046450795386,0.46814775160474265,0.23792681267822346,0.9710502624511348
test_246,6x6 only,0.6988722619818375,0.6922663802355614,0.7056054302597924,0.9788131713866813
test_246,5x5 only,0.6706708975517505,0.6950904392756693,0.6479089117575564,0.9778289794921502
test_246,OR (6x6 | 5x5),0.6749276759881027,0.6030501464754411,0.7662579373759948,0.9742813110351191
test_246,confidence blend,0.7018183768702988,0.6879798086016531,0.7162250930581167,0.9787940979003532
test_247,6x6 only,0.5683555918031561,0.5649574381834567,0.5717948717942853,0.9676971435546505
test_247,5x5 only,0.5804084870114117,0.561696411436805,0.6004102564096405,0.967712402343713
test_247,OR (6x6 | 5x5),0.5612472160353847,0.4960629921255936,0.6461538461531834,0.962425231933557
test_247,confidence blend,0.5728395061725566,0.5523809523804263,0.5948717948711847,0.9670028686523068
test_248,6x6 only,0.8300286532946533,0.7510110961311303,0.9276290508506114,0.9886856079101185
test_248,5x5 only,0.7543708180440565,0.6517482517476441,0.8953503266288007,0.9826354980468375
test_248,OR (6x6 | 5x5),0.7357919293191364,0.6006482982166931,0.9494043806827854,0.9796943664550407
test_248,confidence blend,0.8329506314576159,0.7547071673767245,0.9292942231318954,0.9888992309569935
test_249,6x6 only,0.715374763675846,0.7861930294895627,0.6562604900966137,0.9821968078612906
test_249,5x5 only,0.6248087632332019,0.6894921663956112,0.5712207675947507,0.9766120910644158
test_249,OR (6x6 | 5x5),0.7029928432006598,0.6819185863041107,0.7254112118152339,0.9791030883788688
test_249,confidence blend,0.7487999999995392,0.8319431149995461,0.6807653575017558,0.9844284057616811
test_25,6x6 only,0.5195432586734082,0.4454904914324557,0.6231235185664694,0.966613769531213
test_25,5x5 only,0.5193905055280712,0.44600850259759467,0.6216750065833268,0.9666709899901974
test_25,OR (6x6 | 5x5),0.5170404030423209,0.41368953525101665,0.689228338160799,0.962699890136682
test_25,confidence blend,0.534908933217403,0.4545789570661004,0.6497234658932713,0.9672698974609005
test_250,6x6 only,0.6185383244203531,0.6382817571947216,0.5999796582581367,0.9722442626952754
test_250,5x5 only,0.5880718467795037,0.5741135438862874,0.6027257933272958,0.9683303833007443
test_250,OR (6x6 | 5x5),0.5925617540935366,0.5434413711178148,0.651444263628304,0.9664001464843381
test_250,confidence blend,0.6223415029366911,0.6197055264213194,0.6249999999993643,0.9715499877929317
test_251,6x6 only,0.6054604611680539,0.7109634551483207,0.5272234540520729,0.9787216186523063
test_251,5x5 only,0.6008527386024264,0.6426266311201871,0.5641783690557228,0.9767875671386346
test_251,OR (6x6 | 5x5),0.6082098329801174,0.581926626152845,0.6369795516129133,0.9745864868163691
test_251,confidence blend,0.629755897994934,0.7052535125218308,0.5688593249561852,0.9792861938476188
test_252,6x6 only,0.2356313391149231,0.2487199379359989,0.2238514173994919,0.9603271484374634
test_252,5x5 only,0.31473166559738097,0.3213973799121959,0.30833682446542615,0.9633216857909789
test_252,OR (6x6 | 5x5),0.30731177606159066,0.2705257567708226,0.3556765814825364,0.9561996459960572
test_252,confidence blend,0.2753285767928837,0.29785505362317544,0.25596983661464046,0.9631919860839476
test_253,6x6 only,0.4201715840129523,0.44572697003230694,0.397387690480116,0.9788589477538688
test_253,5x5 only,0.3985039102342753,0.3492773059151404,0.4638828418751952,0.9730072021484003
test_253,OR (6x6 | 5x5),0.4427398109403047,0.36381000891332765,0.5654066890944678,0.9725646972655878
test_253,confidence blend,0.4368107738846132,0.4308817866761054,0.44290520482793805,0.9779853820800408
test_254,6x6 only,0.5855655706485383,0.5282295006868253,0.6568641412698256,0.9501876831054324
test_254,5x5 only,0.6509547436473271,0.6894108280249288,0.6165622329816174,0.9645767211913694
test_254,OR (6x6 | 5x5),0.6159551480463074,0.5220770220767637,0.7509968669889269,0.9498291015624637
test_254,confidence blend,0.6229800855672311,0.5486581729463005,0.7205924238103669,0.953273773193323
test_255,6x6 only,0.614363446918298,0.6486838888430864,0.5834921565748544,0.9618797302245726
test_255,5x5 only,0.6660027032792679,0.6469043670531738,0.6862630112881642,0.9641799926757444
test_255,OR (6x6 | 5x5),0.6683086495768648,0.5989544002320075,0.7558275912617242,0.9609565734862914
test_255,confidence blend,0.6850550913256359,0.6911369740370851,0.679079313883097,0.9675064086913693
test_256,6x6 only,0.6827261165551861,0.5983477576703405,0.7948092666768947,0.9838218688964468
test_256,5x5 only,0.6844053678847104,0.6141176470579736,0.7728618707528778,0.9843902587890249
test_256,OR (6x6 | 5x5),0.6467982279496263,0.5261548542093194,0.8392266155707382,0.9799270629882438
test_256,confidence blend,0.6958268243690428,0.6072448714611696,0.8146664344176717,0.9844017028808217
test_257,6x6 only,0.6803584764743461,0.7015787447040787,0.660384197171692,0.9869384765624623
test_257,5x5 only,0.746065504040199,0.7030623697279091,0.7946719826009521,0.9886131286620716
test_257,OR (6x6 | 5x5),0.7018008887497452,0.615816117115042,0.8156940920608632,0.9854087829589467
test_257,confidence blend,0.7808143800433044,0.7903824730768838,0.7714751721624293,0.9908828735351184
test_258,6x6 only,0.22837022132787943,0.7688900468974235,0.13409979096603922,0.923927307128871
test_258,5x5 only,0.40084690776204596,0.8065136732158767,0.26669999091144836,0.9330711364745737
test_258,OR (6x6 | 5x5),0.44531753188186096,0.7643157196542512,0.3141870398980668,0.9342956542968394
test_258,confidence blend,0.2899571004288894,0.750711980252989,0.17967826956276484,0.9261283874511365
test_259,6x6 only,0.6985981308406114,0.678966789666933,0.7193984962395197,0.9842529296874624
test_259,5x5 only,0.5726585080864813,0.48444490687703207,0.7001503759387968,0.9734916687011347
test_259,OR (6x6 | 5x5),0.5798013245029913,0.45797733217048125,0.7899248120288873,0.9709548950194942
test_259,confidence blend,0.7149779735677569,0.6985652797694425,0.7321804511267186,0.9851913452148061
test_26,6x6 only,0.3763001051766082,0.33731405824358407,0.4254756871024697,0.979640960693322
test_26,5x5 only,0.4528062380991451,0.34465148378144284,0.6598837209284887,0.9769783020019158
test_26,OR (6x6 | 5x5),0.43865414710450806,0.3115829257444291,0.7407505285392687,0.9726333618163691
test_26,confidence blend,0.4976292616837913,0.43437130468972335,0.5824524312881013,0.9830245971679312
test_260,6x6 only,0.6227659694420574,0.5951508620683241,0.6530684639935519,0.9744758605956659
test_260,5x5 only,0.6800750557050076,0.6745376294048219,0.6857041504071352,0.9791870117187126
test_260,OR (6x6 | 5x5),0.6399171628264873,0.569165592189566,0.7307555870867556,0.9734687805175409
test_260,confidence blend,0.6556526642229176,0.6266436732047568,0.6874778290165691,0.9767036437987908
test_261,6x6 only,0.6617170042523882,0.5663869693971293,0.7956318252716318,0.9820976257323843
test_261,5x5 only,0.6735249621780078,0.5975036907789592,0.7717108684333998,0.983535766601525
test_261,OR (6x6 | 5x5),0.6508843903418852,0.5317582417576574,0.8387935517406158,0.9801979064941032
test_261,confidence blend,0.672003557927009,0.5870240870233269,0.7857514300558402,0.9831199645995718
test_262,6x6 only,0.6035809523804925,0.5722334585371681,0.6385619861347114,0.9801521301269157
test_262,5x5 only,0.5388209121241833,0.49890140071340444,0.585684346283112,0.9762763977050408
test_262,OR (6x6 | 5x5),0.5513126491643123,0.46819051908516135,0.6703208125089951,0.9741821289062128
test_262,confidence blend,0.5793352383812759,0.5429175475679452,0.6209898436230518,0.9786605834960563
test_263,6x6 only,0.7243312697110592,0.6617223348621686,0.8000258031211457,0.9819946289062125
test_263,5x5 only,0.7180506048029462,0.6562700277711426,0.7926719133004868,0.9815940856933218
test_263,OR (6x6 | 5x5),0.6835509138377631,0.5741731730848546,0.844407173266876,0.9768829345702752
test_263,confidence blend,0.7639541892701844,0.716936305011068,0.8175719262020158,0.9850616455077749
test_264,6x6 only,0.6704767214939734,0.6248917373976919,0.7232357658372862,0.9729461669921503
test_264,5x5 only,0.6718588258487347,0.6609446222474435,0.6831395348830361,0.9746055603026972
test_264,OR (6x6 | 5x5),0.6641611418433917,0.5738051805906065,0.788291900560557,0.9696617126464473
test_264,confidence blend,0.6766486436523514,0.6277115664917879,0.7338612670401625,0.9733085632323847
test_265,6x6 only,0.5465307464645293,0.5772837790889592,0.5188885419910726,0.9789581298827751
test_265,5x5 only,0.5479989183338643,0.4833055091813936,0.6326881049006671,0.9744949340819941
test_265,OR (6x6 | 5x5),0.5831218274107974,0.49123369681367196,0.7172962847319431,0.9749374389648066
test_265,confidence blend,0.5920795060980333,0.5718440954034731,0.613799562908814,0.9793319702148063
test_266,6x6 only,0.5983383685796084,0.6580827379952516,0.5485389835195285,0.9797134399413688
test_266,5x5 only,0.5295999999996148,0.5576657987432108,0.5042237917179002,0.9753265380859002
test_266,OR (6x6 | 5x5),0.5343952726568602,0.4983229516045779,0.5760974934211659,0.9723472595214473
test_266,confidence blend,0.597896377093418,0.6834698966856368,0.5313668466963976,0.980312347412072
test_267,6x6 only,0.43022305266795485,0.35498169204017155,0.5459395376391644,0.9813880920409781
test_267,5x5 only,0.4568462037632956,0.35967302452254823,0.6259632483680322,0.9808425903319938
test_267,OR (6x6 | 5x5),0.42838757124432025,0.31050106609766726,0.6905749851787476,0.9762802124023064
test_267,confidence blend,0.4793028322434591,0.39087338694522,0.6194427978641984,0.9826774597167593
test_268,6x6 only,0.6709356477557837,0.5599328681206961,0.8368316831672121,0.9762802124023064
test_268,5x5 only,0.667765606720904,0.5590775532004638,0.8289108910880146,0.9761657714843377
test_268,OR (6x6 | 5x5),0.638505747126131,0.50101465614393,0.8799999999988383,0.9712066650390254
test_268,confidence blend,0.6984822573745733,0.5867827960845947,0.8627062706259239,0.9784774780273063
test_269,6x6 only,0.5799345043164156,0.5589990817257128,0.6024990721259402,0.9730873107909784
test_269,5x5 only,0.5644615564108246,0.5340545314046428,0.598540145984661,0.9715194702148067
test_269,OR (6x6 | 5x5),0.5672708441219226,0.48784180992207365,0.6775949523683316,0.9681243896484005
test_269,confidence blend,0.5845718329791315,0.5585484052737985,0.6131386861306283,0.9731292724609003
test_27,6x6 only,0.4685466377437524,0.399876581301656,0.565691837624668,0.9663543701171506
test_27,5x5 only,0.49966048576625766,0.3897490221639588,0.6959115379009226,0.9634590148925414
test_27,OR (6x6 | 5x5),0.46731532212333865,0.34596824952769706,0.7197730248789178,0.9569778442382447
test_27,confidence blend,0.507108172935993,0.4240704500974324,0.6305834424550697,0.9678611755370724
test_270,6x6 only,0.7334923043569332,0.8091639563795588,0.6707636190621911,0.9765510559081658
test_270,5x5 only,0.7186446322271495,0.7563967753235572,0.6844818016012334,0.9742164611816034
test_270,OR (6x6 | 5x5),0.7318268015167778,0.7292339185885133,0.734438188882139,0.9741058349609003
test_270,confidence blend,0.7307692307689163,0.7987397724059072,0.6734596780583034,0.9761276245116814
test_271,6x6 only,0.7614512471649573,0.6866139585595875,0.8545978961641422,0.9879608154296498
test_271,5x5 only,0.6520551595492292,0.5367993857622717,0.8303359348475902,0.9800758361816032
test_271,OR (6x6 | 5x5),0.6205190102591306,0.481547396028024,0.8722429589398164,0.9760131835937127
test_271,confidence blend,0.7307803468202811,0.6364208406737523,0.8579911774671565,0.9857864379882436
test_272,6x6 only,0.5406609728920155,0.5049710982647284,0.5817794352674966,0.985843658447228
test_272,5x5 only,0.4241193787428442,0.3426275217314374,0.5564730953634617,0.978359222412072
test_272,OR (6x6 | 5x5),0.43062636562233186,0.3271092669428394,0.6299946723478157,0.976142883300744
test_272,confidence blend,0.5277743715505484,0.48897977732222453,0.5732551944577164,0.9853096008300405
test_273,6x6 only,0.3927793544979233,0.5940900469196425,0.2933694848408709,0.9298095703124645
test_273,5x5 only,0.49545267851889474,0.6118397217588495,0.4162681784567827,0.9343948364257456
test_273,OR (6x6 | 5x5),0.5289668490503893,0.5800929466435789,0.4861227508008449,0.9330062866210581
test_273,confidence blend,0.4447782180747652,0.6322340328875876,0.3430613754003731,0.9337234497069956
test_274,6x6 only,0.7865257075311665,0.7673286354890874,0.8067079741368445,0.9875984191894154
test_274,5x5 only,0.6573881373564923,0.6355633802808909,0.6807650862059795,0.9799041748046501
test_274,OR (6x6 | 5x5),0.7426386669705873,0.6442574257419363,0.8764816810333022,0.9827957153319937
test_274,confidence blend,0.794633642930344,0.7623762376228188,0.8297413793092272,0.9878540039062123
test_275,6x6 only,0.6449238578676111,0.5378916172729277,0.8051330798466332,0.9786529541015251
test_275,5x5 only,0.6197235023037666,0.5061728395056647,0.7989543726223084,0.9763908386230096
test_275,OR (6x6 | 5x5),0.5859038052079566,0.44698042482261807,0.8501267427109472,0.9710655212401973
test_275,confidence blend,0.6738360655733286,0.5748489594981261,0.8140050697072022,0.9810256958007438
test_276,6x6 only,0.3600397285214699,0.33379373848935884,0.3907653611203903,0.9705047607421504
test_276,5x5 only,0.2952254911938356,0.3406154568937265,0.26051024074692686,0.9735908508300409
test_276,OR (6x6 | 5x5),0.3870486421960705,0.33095177341116233,0.46604383758450224,0.968658447265588
test_276,confidence blend,0.3009133964814776,0.2842761265575515,0.31961911606122956,0.9684677124023068
test_277,6x6 only,0.67269396208353,0.7339011036753854,0.6209102271887207,0.9686508178710568
test_277,5x5 only,0.6176063303657299,0.6685797498709366,0.5738548636125477,0.9631309509276976
test_277,OR (6x6 | 5x5),0.6710281031266325,0.6432231962234368,0.7013454893017415,0.9643211364745725
test_277,confidence blend,0.6944769939845736,0.7407716023658522,0.6536284096752786,0.9701614379882442
test_278,6x6 only,0.4760370912637989,0.698010591096754,0.3611789972596007,0.9590454101562134
test_278,5x5 only,0.4323286052007327,0.6453462726060206,0.32503888024859284,0.9560317993163697
test_278,OR (6x6 | 5x5),0.5449133251617295,0.6663098169353748,0.46093460712400136,0.9603424072265259
test_278,confidence blend,0.46357486982312346,0.6759863752474085,0.3527364289414554,0.957950592040979
test_279,6x6 only,0.6566828376570848,0.6919031039331122,0.6248745567668261,0.9627456665038695
test_279,5x5 only,0.6933258434853444,0.7294621749403594,0.6606007894556362,0.9666786193847287
test_279,OR (6x6 | 5x5),0.6900551615443057,0.6524019549406053,0.7323208670631348,0.9624900817870726
test_279,confidence blend,0.6768154700676552,0.6941416414651563,0.6603331772257575,0.9640426635741819
test_28,6x6 only,0.2592289468015252,0.27789065386010536,0.24291596028074358,0.9343986511230112
test_28,5x5 only,0.35587808417979877,0.44404201376259317,0.2969241947200315,0.9492111206054324
test_28,OR (6x6 | 5x5),0.3580284245538411,0.3366266259148933,0.3823363203355273,0.9352111816405893
test_28,confidence blend,0.31155120913281575,0.3158811815463691,0.307338338580522,0.9358177185058236
test_280,6x6 only,0.5907836644587535,0.5980446927365949,0.5836968375128357,0.9773712158202752
test_280,5x5 only,0.6154020385047477,0.5263463773726014,0.7407306434013894,0.9740905761718378
test_280,OR (6x6 | 5x5),0.6047260451827553,0.48846379729802125,0.793620501634687,0.970966339111291
test_280,confidence blend,0.6327206990053433,0.567015876443928,0.7156488549608565,0.9767494201659783
test_281,6x6 only,0.23970037453166254,0.2666239384709716,0.21771555671828116,0.9597320556640259
test_281,5x5 only,0.345482947148955,0.34373785778999644,0.34724584587158547,0.9616394042968383
test_281,OR (6x6 | 5x5),0.3713761888390218,0.33034349199844015,0.42404814863218104,0.9581451416015259
test_281,confidence blend,0.3375183651660628,0.3447005865497958,0.33062933403070704,0.9621582031249633
test_282,6x6 only,0.47927286717299256,0.39626242544700097,0.6062781360255428,0.9586944580077759
test_282,5x5 only,0.4792470156104319,0.38485362436370113,0.634992091494543,0.9567337036132447
test_282,OR (6x6 | 5x5),0.44014308426055637,0.32684021014088493,0.6736829297959925,0.9462661743163701
test_282,confidence blend,0.49121315192720555,0.40149818518773533,0.6325587054378481,0.9589157104491821
test_283,6x6 only,0.7277636594661352,0.6540730871713675,0.8201670644386514,0.9607696533202758
test_283,5x5 only,0.7457035974458568,0.7053690203795533,0.7909307875890269,0.9655113220214475
test_283,OR (6x6 | 5x5),0.7344990453218937,0.6343516750561385,0.8721957040567588,0.9596862792968384
test_283,confidence blend,0.7471031131519339,0.6760896878318952,0.8347852028634637,0.9638671874999631
test_284,6x6 only,0.7095583207980927,0.6946452476563659,0.7251257685847888,0.9837951660155875
test_284,5x5 only,0.7265752735500398,0.6605305282407266,0.8072945779753951,0.983413696289025
test_284,OR (6x6 | 5x5),0.7114228456909634,0.6151885830778642,0.8433482392386202,0.9813232421874625
test_284,confidence blend,0.7554622400100023,0.7120593692013456,0.8044997205131296,0.985782623290978
test_285,6x6 only,0.7299567866439247,0.8242211177107381,0.6550411869547401,0.9616203308105101
test_285,5x5 only,0.7394182101338397,0.8746628067630273,0.6403969362682979,0.9642562866210569
test_285,OR (6x6 | 5x5),0.7696115194238364,0.7999272462709557,0.7415097066329103,0.9648437499999631
test_285,confidence blend,0.7559669805098621,0.8352954889842433,0.6903993448621367,0.964702606201135
test_286,6x6 only,0.4461345149127398,0.4531774821974296,0.43930711122630983,0.9680519104003537
test_286,5x5 only,0.366447712608053,0.3309186351702562,0.4105235738468214,0.9584236145019165
test_286,OR (6x6 | 5x5),0.4133210746754452,0.33999999999971425,0.5269601458706343,0.9561843872069947
test_286,confidence blend,0.4331116038430201,0.4473282442741883,0.41977077363842175,0.9678153991698849
test_287,6x6 only,0.5345917249510957,0.6316208681787503,0.4634039444843486,0.9789314270019157
test_287,5x5 only,0.5343065693426756,0.5339168490145384,0.5346968590204022,0.9756622314452752
test_287,OR (6x6 | 5x5),0.5416934344079778,0.48343079921971854,0.6159240321393485,0.9727859497069941
test_287,confidence blend,0.5779558434911107,0.6938190749064801,0.49525200876479875,0.9811134338378531
test_288,6x6 only,0.6924896028698585,0.7118189438378679,0.6741822800878466,0.9856147766112905
test_288,5x5 only,0.6626797880388624,0.6332465277768616,0.6949825341367181,0.9830017089843375
test_288,OR (6x6 | 5x5),0.6912053947733273,0.6198034769455533,0.7812003810721162,0.983230590820275
test_288,confidence blend,0.6944729165018572,0.6897415818313395,0.6992696093986992,0.9852180480956655
test_289,6x6 only,0.6380545874610808,0.5749064991880778,0.7167869083224381,0.9647407531737913
test_289,5x5 only,0.6314776428780606,0.5450479233223354,0.7504838993482751,0.9620208740234008
test_289,OR (6x6 | 5x5),0.6260470143202425,0.5080583269375573,0.8154143938053708,0.9577636718749635
test_289,confidence blend,0.6513830996587149,0.5720846645363604,0.7562027098356887,0.9649047851562131
test_29,6x6 only,0.737031075894059,0.6989550311134214,0.779494565928009,0.9837951660155875
test_29,5x5 only,0.7628104861410481,0.7304097771378739,0.7982191960183341,0.985538482665978
test_29,OR (6x6 | 5x5),0.7294978840210857,0.6475784343581606,0.8351446903223319,0.9819564819335562
test_29,confidence blend,0.7702841054512604,0.753222375171126,0.7881367028927745,0.9863052368163686
test_290,6x6 only,0.7339346110480183,0.7069256756748227,0.7630893461829082,0.9837951660155875
test_290,5x5 only,0.6857698467166061,0.6113603915963579,0.7808022922625933,0.9790420532226188
test_290,OR (6x6 | 5x5),0.6691602570853076,0.561836518046212,0.8271685334711811,0.9760437011718377
test_290,confidence blend,0.7499842678240828,0.725557043710306,0.7761135712415003,0.9848442077636342
test_291,6x6 only,0.5842102422963767,0.5852524597247429,0.5831717302299254,0.9706077575683223
test_291,5x5 only,0.5733737567147633,0.566235949153728,0.580693815987308,0.9694023132323849
test_291,OR (6x6 | 5x5),0.6028649514651763,0.5357621440531526,0.6891833656532114,0.9678497314452755
test_291,confidence blend,0.5756886797437869,0.5652580209733513,0.5865115276873664,0.9693870544433224
test_292,6x6 only,0.7560335001730729,0.8541993281065462,0.67810472041899,0.9812202453612906
test_292,5x5 only,0.7375383888491672,0.787111738603482,0.6938394523951517,0.9788093566894157
test_292,OR (6x6 | 5x5),0.7776232287226038,0.760823339286586,0.7951817939365319,0.9804840087890251
test_292,confidence blend,0.7949673360751053,0.8723449447739248,0.7301982398428924,0.9838371276855093
test_293,6x6 only,0.6977634993199692,0.6680468472723671,0.7302469934039438,0.981338500976525
test_293,5x5 only,0.6436950146623276,0.6641452344922787,0.6244665718341854,0.9796066284179313
test_293,OR (6x6 | 5x5),0.6926092143380715,0.6176291793306812,0.7883098409404005,0.9793586730956657
test_293,confidence blend,0.7000060543678028,0.6581284152997972,0.7475753265217282,0.9810981750487907
test_294,6x6 only,0.7248050822981664,0.8303559613592294,0.6430621028892775,0.9818229675292593
test_294,5x5 only,0.7113562135242751,0.7448144410800035,0.6807747489232621,0.9794349670409782
test_294,OR (6x6 | 5x5),0.7380318480932646,0.7238151542016712,0.7528182004501405,0.9801063537597282
test_294,confidence blend,0.7644554011649684,0.8432632880088464,0.699118671858271,0.983963012695275
test_295,6x6 only,0.6435125870007121,0.7367586425620546,0.5712178029135235,0.960727691650354
test_295,5x5 only,0.6502577506713678,0.7940420250015124,0.5505624884732584,0.963249206542932
test_295,OR (6x6 | 5x5),0.6694360523663553,0.6857953446381547,0.6538390606745842,0.9599304199218384
test_295,confidence blend,0.6442842993269428,0.7248693513674109,0.5798241839303007,0.960269927978479
test_296,6x6 only,0.435595820851585,0.5219751357021153,0.37374623871567986,0.9705314636230098
test_296,5x5 only,0.47291118193122283,0.5284917931239881,0.42790872617799913,0.9709777832030879
test_296,OR (6x6 | 5x5),0.5046284713531994,0.5034947578625768,0.505767301905083,0.9697875976562129
test_296,confidence blend,0.45895913377543907,0.5182205395164565,0.41186058174471935,0.9704551696776973
test_297,6x6 only,0.59929393706812,0.6397299777161883,0.5636657619676828,0.9502067565917606
test_297,5x5 only,0.6580423145549776,0.7340584346337286,0.5962926603911785,0.9590606689452759
test_297,OR (6x6 | 5x5),0.6687473095133801,0.6260641781267311,0.7176762718711568,0.9530334472655886
test_297,confidence blend,0.6403569598116795,0.6699470098406068,0.6132701969159708,0.954494476318323
test_298,6x6 only,0.27024128686306376,0.2739130434778355,0.26666666666626354,0.9636573791503539
test_298,5x5 only,0.32911744266829107,0.3045659163983221,0.35797430083090254,0.9631729125976195
test_298,OR (6x6 | 5x5),0.3006677701042745,0.24151843022167474,0.39818594104248195,0.9532585144042605
test_298,confidence blend,0.3067165392744294,0.33186697166930873,0.2851095993948827,0.9674758911132443
test_299,6x6 only,0.46198028849261663,0.569520437720358,0.38860217415132464,0.9685554504394162
test_299,5x5 only,0.465184461275064,0.5241569167232978,0.4181398923900097,0.9665985107421505
test_299,OR (6x6 | 5x5),0.4987783026548847,0.49334049409184383,0.5043373229378452,0.9647865295409788
test_299,confidence blend,0.5021344717179148,0.6395921835163304,0.4133084440535705,0.9715270996093379
test_3,6x6 only,0.5950816729489876,0.5948040763595559,0.5953595287690573,0.9569740295409791
test_3,5x5 only,0.5054619225965569,0.5531551532742266,0.4653401336107569,0.9516448974609012
test_3,OR (6x6 | 5x5),0.5892299441620905,0.5253121835974095,0.6708569786648438,0.9503288269042606
test_3,confidence blend,0.5707068910311393,0.5653369044258773,0.5761798721352085,0.9539680480956667
test_30,6x6 only,0.6534825682520405,0.649601563674147,0.6574102251973087,0.9650421142577756
test_30,5x5 only,0.515821594281438,0.5724093144071134,0.4694157029819922,0.9558143615722291
test_30,OR (6x6 | 5x5),0.6475285694614321,0.5912748302737042,0.7156116859398085,0.9609374999999633
test_30,confidence blend,0.6709375942113842,0.6647252090795513,0.6772671941565145,0.9666900634765255
test_300,6x6 only,0.6443103341002648,0.6719439397863068,0.6188598063814762,0.9781913757323846
test_300,5x5 only,0.6310964860731982,0.6207374869950054,0.6418070993179851,0.976051330566369
test_300,OR (6x6 | 5x5),0.6160639192595584,0.5498733226981797,0.7003705031663674,0.9721374511718379
test_300,confidence blend,0.6623118796025217,0.7134381898444903,0.6180231863264992,0.979885101318322
test_31,6x6 only,0.39451467369437865,0.5696594427237234,0.3017423983598895,0.9482917785644169
test_31,5x5 only,0.3153754232223086,0.581207561019304,0.21639904338898774,0.9475479125976201
test_31,OR (6x6 | 5x5),0.44600418667633457,0.5584909539467943,0.3712333447213042,0.9485130310058232
test_31,confidence blend,0.3583246667295271,0.5813775118874346,0.2589682268532566,0.9482192993163701
test_32,6x6 only,0.7090312435903777,0.6818988756652758,0.7384122463504889,0.967529296874963
test_32,5x5 only,0.7287841597117563,0.6743791641425352,0.7927376290489193,0.9683876037597287
test_32,OR (6x6 | 5x5),0.7172497349687363,0.6241433842906567,0.8430046279808878,0.9643898010253538
test_32,confidence blend,0.7428813725168,0.6854460093892587,0.8108223567099958,0.969928741455041
test_33,6x6 only,0.4531381255244772,0.4862219933028941,0.4242696629203949,0.9826164245605093
test_33,5x5 only,0.4428812047949639,0.39606592238101,0.5022471910101073,0.9785499572753532
test_33,OR (6x6 | 5x5),0.4357196401795017,0.373674059787249,0.5224719101111854,0.977027893066369
test_33,confidence blend,0.45171409365846765,0.45040214477111173,0.4530337078641505,0.9813308715819937
test_34,6x6 only,0.6963533733530182,0.7542701863339397,0.6466966217329894,0.9870719909667591
test_34,5x5 only,0.747048358401466,0.726600597765099,0.7686803128627581,0.9880676269530873
test_34,OR (6x6 | 5x5),0.727924902693484,0.6722582464044654,0.7936428690284679,0.9864006042480092
test_34,confidence blend,0.7592856543969486,0.7651233524826544,0.7535363621222274,0.9890480041503529
test_35,6x6 only,0.5100401606422399,0.42737733391182436,0.6323482171528552,0.9711456298827754
test_35,5x5 only,0.49354266902982175,0.40731452455547823,0.6260841631856311,0.9694824218749629
test_35,OR (6x6 | 5x5),0.5113049095604483,0.3845344129551542,0.7627690330858292,0.9653701782226194
test_35,confidence blend,0.5127503420820296,0.41839220462807714,0.6620623193050722,0.9701156616210567
test_36,6x6 only,0.7099402141773142,0.6749531542777327,0.7487527716175877,0.9831581115722281
test_36,5x5 only,0.6977313031243823,0.6243843712371409,0.7906042128592148,0.9811439514159781
test_36,OR (6x6 | 5x5),0.6707050311286832,0.5633656835950595,0.8285753880254593,0.9776039123534783
test_36,confidence blend,0.7413232809042367,0.6980416156662202,0.7903270509966874,0.9848175048827749
test_37,6x6 only,0.48097491411131066,0.39713123528109917,0.6096959737048321,0.9694557189941037
test_37,5x5 only,0.3737723531079343,0.28551604509949213,0.5410024650771718,0.957920074462854
test_37,OR (6x6 | 5x5),0.4274786845308514,0.30380886426571757,0.7209531635156599,0.9551734924316041
test_37,confidence blend,0.4558379466529593,0.36927938028705604,0.595398520952185,0.9670028686523068
test_38,6x6 only,0.5418083734018166,0.6313200327949832,0.4745275267045249,0.9701919555663692
test_38,5x5 only,0.5127106540985849,0.47781721384163456,0.5531018898926118,0.9609527587890258
test_38,OR (6x6 | 5x5),0.5734005165767991,0.48778906418810764,0.6954601479039693,0.9615669250487914
test_38,confidence blend,0.5953528678976356,0.6297696803017878,0.5645028759238244,0.9715003967284785
test_39,6x6 only,0.8276646706581869,0.8420860241247202,0.8137289532546641,0.9890213012694935
test_39,5x5 only,0.8320427527533907,0.7749111223963687,0.8982691628389281,0.9882507324218373
test_39,OR (6x6 | 5x5),0.8020472522355363,0.7149308755753779,0.9133403979737272,0.9853935241698842
test_39,confidence blend,0.8650680640195563,0.8378199470423237,0.8941481219817565,0.9909629821776965
test_4,6x6 only,0.6788648958529148,0.7082336523118936,0.651834862384723,0.9743576049804316
test_4,5x5 only,0.6093168999370757,0.559416954353234,0.6689908256874596,0.9643287658691038
test_4,OR (6x6 | 5x5),0.615748590355027,0.5399349975793237,0.7163302752287005,0.9628257751464476
test_4,confidence blend,0.6640557402428781,0.659282032732924,0.6688990825681936,0.9718589782714473
test_40,6x6 only,0.6220772532186705,0.5879413291792653,0.660421374935729,0.958011627197229
test_40,5x5 only,0.6516688061615367,0.5820673049357438,0.7401764234156593,0.9585952758788696
test_40,OR (6x6 | 5x5),0.6403347683413192,0.5453846153843357,0.7753153021792116,0.9544258117675417
test_40,confidence blend,0.6604813946575558,0.6036210018101366,0.7291681854627621,0.9607734680175414
test_41,6x6 only,0.70774154830919,0.7844789356972883,0.644679300290762,0.9832801818847281
test_41,5x5 only,0.7103563103558372,0.7862302815851596,0.6478377065103889,0.9834098815917593
test_41,OR (6x6 | 5x5),0.6983934525609589,0.6970833837580817,0.6997084548096456,0.9810218811034782
test_41,confidence blend,0.7335682341775758,0.829451425067684,0.6575558794938562,0.9850006103515249
test_42,6x6 only,0.3224461431546886,0.3979416809596957,0.2710280373827818,0.9702453613280879
test_42,5x5 only,0.2880886426590581,0.30448926480106625,0.27336448598090923,0.9647064208984006
test_42,OR (6x6 | 5x5),0.3466571834990422,0.3379090404876069,0.35587032710228406,0.9649581909179319
test_42,confidence blend,0.3230985682360977,0.372874880610558,0.28504672897154637,0.9687995910644162
test_43,6x6 only,0.7423699195562827,0.7799936688820639,0.7082087836280132,0.9673805236816037
test_43,5x5 only,0.7418328676936345,0.714956011729824,0.7708093814665608,0.964397430419885
test_43,OR (6x6 | 5x5),0.7457948353468778,0.6879036565819997,0.814325132213834,0.9631614685058226
test_43,confidence blend,0.7552962143204015,0.7553613522677195,0.7552310876059121,0.9675254821776974
test_44,6x6 only,0.56351039260908,0.5877494838252174,0.5411913814944208,0.9848594665526967
test_44,5x5 only,0.5543159130939965,0.5164113785548571,0.5982256020266198,0.9826278686523062
test_44,OR (6x6 | 5x5),0.5673397717290892,0.4854266826915784,0.6825095057019803,0.9812011718749625
test_44,confidence blend,0.5801558441552414,0.5708444080953367,0.5897760878737014,0.9845848083495717
test_45,6x6 only,0.706007281553041,0.6411057030024417,0.7855294250019291,0.977821350097619
test_45,5x5 only,0.6583438993462116,0.5809450038724666,0.7595364014844609,0.9732742309569941
test_45,OR (6x6 | 5x5),0.6524297232509686,0.5324370465211747,0.8422414763127689,0.9695777893066035
test_45,confidence blend,0.7211803210552645,0.6698513800418163,0.7810284685486879,0.9795265197753532
test_46,6x6 only,0.6417397093084202,0.6811918501935211,0.6066072364964796,0.9753646850585564
test_46,5x5 only,0.5551253687313076,0.4951895403334469,0.6315679077077802,0.9631805419921508
test_46,OR (6x6 | 5x5),0.5769379097567909,0.4877553977680859,0.7060304142625001,0.9623374938964476
test_46,confidence blend,0.6244985150832988,0.6205218471726852,0.6285264813837141,0.9725074768066034
test_47,6x6 only,0.6567614125751641,0.6030732726961171,0.7209427973251024,0.9574356079101197
test_47,5x5 only,0.5942539850888747,0.5521739130431581,0.6432768285266135,0.9503822326659793
test_47,OR (6x6 | 5x5),0.6334157810332328,0.5300218340608942,0.7869251029912967,0.9485511779784794
test_47,confidence blend,0.6594356154448429,0.596632223497569,0.7370162760851374,0.9570007324218385
test_48,6x6 only,0.549148343139951,0.635009310986055,0.4837407245738937,0.9722328186034785
test_48,5x5 only,0.6118446353027741,0.741379310343676,0.5208424268872535,0.9768981933593377
test_48,OR (6x6 | 5x5),0.6219292989810872,0.6208809135392921,0.6229812309028557,0.9735221862792597
test_48,confidence blend,0.610067526089251,0.6973056413125214,0.5422304670443668,0.9757690429687127
test_49,6x6 only,0.5433308999892881,0.5845394367770845,0.5075499269356964,0.9665908813476193
test_49,5x5 only,0.616442936989148,0.6047994000744237,0.6285435947387934,0.9693717956542599
test_49,OR (6x6 | 5x5),0.6112217508006705,0.5500662354862074,0.6876765708712248,0.9657440185546506
test_49,confidence blend,0.5972331240185453,0.6015416543130728,0.5929858743296706,0.9686813354491818
test_5,6x6 only,0.6809852808646132,0.672899970316603,0.6892672544835979,0.9837951660155875
test_5,5x5 only,0.7347108584102519,0.6754207037217295,0.8054119793237984,0.9854049682616811
test_5,OR (6x6 | 5x5),0.7069923743048293,0.6148830935244886,0.8315597446019587,0.9827041625976187
test_5,confidence blend,0.7540415704382548,0.7177796097819211,0.7941623593785434,0.9869995117187123
test_50,6x6 only,0.321815190092386,0.3507645837259755,0.29727999999952437,0.9701271057128535
test_50,5x5 only,0.32820607857641937,0.38991633641481743,0.28335999999954664,0.9723434448241817
test_50,OR (6x6 | 5x5),0.3129560104835921,0.28079318672901893,0.3534399999994345,0.9630012512206664
test_50,confidence blend,0.32178981656067046,0.346565731166273,0.30031999999951947,0.9698181152343379
test_51,6x6 only,0.6407914764075664,0.6859869646174511,0.6011831905338625,0.9747924804687128
test_51,5x5 only,0.6591408591405299,0.6458496476109574,0.6729906160743849,0.9739685058593378
test_51,OR (6x6 | 5x5),0.6824426779393087,0.620954929341399,0.7574459404317039,0.9736366271972284
test_51,confidence blend,0.6818780629179101,0.7053308623125418,0.6599347205215627,0.9769706726073846
test_52,6x6 only,0.5467286967784307,0.6099868593947306,0.49535801942109126,0.9706382751464473
test_52,5x5 only,0.5245223449999866,0.5353333333327385,0.5141393661289999,0.9666786193847287
test_52,OR (6x6 | 5x5),0.5616397955168296,0.5206415747739719,0.6096467826266037,0.9659805297851194
test_52,confidence blend,0.5915950777800142,0.648593610792098,0.5438053569517193,0.9731597900390253
test_53,6x6 only,0.8115003434398923,0.8386573369832282,0.7860469537108772,0.9853439331054311
test_53,5x5 only,0.7177436329190077,0.8039608629013273,0.648227354813565,0.9795379638671501
test_53,OR (6x6 | 5x5),0.8108132300940738,0.7661986127552307,0.8609447771116234,0.9838752746581656
test_53,confidence blend,0.8391158233536048,0.8357533471611958,0.8425054652591555,0.9870338439941029
test_54,6x6 only,0.5690203835896753,0.5140237743761059,0.637195415582551,0.9617691040038695
test_54,5x5 only,0.5649124394766437,0.5327756913617849,0.601174997591639,0.9633216857909789
test_54,OR (6x6 | 5x5),0.5943403500653117,0.49553198328479875,0.7423673312137702,0.9598617553710571
test_54,confidence blend,0.5963389480918716,0.5383660485681291,0.6683039583928841,0.9641647338866819
test_55,6x6 only,0.667402501838974,0.6038615179750269,0.7458881578932034,0.9862060546874624
test_55,5x5 only,0.6898271562467195,0.592904656318414,0.8246299342088309,0.986240386962853
test_55,OR (6x6 | 5x5),0.6961896565208542,0.5619552860925073,0.914679276313909,0.9851875305175405
test_55,confidence blend,0.7216981132068925,0.6457792207781724,0.8178453947351607,0.9882965087890248
test_56,6x6 only,0.5362079086394491,0.5479930191966099,0.5249190262245064,0.9668464660644162
test_56,5x5 only,0.46797575757553067,0.4365840419753604,0.5042315327546711,0.9581413269042602
test_56,OR (6x6 | 5x5),0.5040514356171816,0.43563979599571007,0.5979521471104399,0.9570388793944947
test_56,confidence blend,0.5149238578677588,0.5007404482174935,0.5299341761565877,0.9635467529296508
test_57,6x6 only,0.6628500968815723,0.6532986111099769,0.6726850196627231,0.9853973388671499
test_57,5x5 only,0.5519837822179612,0.4638598199069556,0.681444404718124,0.9763946533202752
test_57,OR (6x6 | 5x5),0.5627796788624883,0.4453238908556078,0.7643904183039607,0.9746551513671503
test_57,confidence blend,0.6658450414915242,0.616086361562086,0.7243475151935568,0.9844856262206655
test_58,6x6 only,0.1919704028499644,0.3156827399722495,0.1379208505609983,0.9550094604491822
test_58,5x5 only,0.3625834067730312,0.5027932960885078,0.28352037802689156,0.9613723754882445
test_58,OR (6x6 | 5x5),0.37225179356608873,0.4514454111697285,0.316696200039066,0.9586105346679321
test_58,confidence blend,0.2822157434400504,0.41273450824253793,0.21441228588283676,0.9577369689941041
test_59,6x6 only,0.7888338586219462,0.849454545453859,0.7362891363726719,0.9785308837890251
test_59,5x5 only,0.8034914259227547,0.8955660783461941,0.7285844365057584,0.9805908203124626
test_59,OR (6x6 | 5x5),0.8138930967320155,0.8389471336152584,0.7902920781671287,0.9803161621093376
test_59,confidence blend,0.8034201084049151,0.8828118446431651,0.7371296490854261,0.9803543090819938
test_6,6x6 only,0.5012687878193923,0.46412434483963116,0.5448758752381233,0.9610137939452758
test_6,5x5 only,0.538594121209047,0.4801096254459927,0.6133036282616027,0.9622154235839476
test_6,OR (6x6 | 5x5),0.5495226479368509,0.45522960072437096,0.6930829620192095,0.959140777587854
test_6,confidence blend,0.5490477557658393,0.500087168758281,0.6086356885204661,0.9640502929687131
test_60,6x6 only,0.7069123859666278,0.7479917076953252,0.6701102727792569,0.9817390441894156
test_60,5x5 only,0.7562025181954225,0.6971982758613859,0.8261172373757096,0.9824943542480093
test_60,OR (6x6 | 5x5),0.7579500917791546,0.661843701264372,0.8867092280895104,0.9813880920409781
test_60,confidence blend,0.79127725856653,0.7726769911495877,0.8107951247814151,0.9859428405761342
test_61,6x6 only,0.414509480626204,0.496739774747092,0.3556372895736941,0.9729080200194941
test_61,5x5 only,0.39334895985907314,0.4078687528476259,0.37982741547548476,0.9684066772460568
test_61,OR (6x6 | 5x5),0.4241071428568644,0.3956878598549606,0.4569246003671567,0.9665374755859006
test_61,confidence blend,0.41890225100183553,0.4602744367263082,0.38435422266178476,0.9712448120116817
test_62,6x6 only,0.5680541222334716,0.751516990290502,0.4565898617508715,0.9568901062011353
test_62,5x5 only,0.618730450781741,0.7712844036690171,0.5165591397846289,0.9604759216308227
test_62,OR (6x6 | 5x5),0.6400246347553152,0.7221278567011101,0.574685099846037,0.9598655700683227
test_62,confidence blend,0.640914436930079,0.797493826030552,0.5357296466970595,0.962730407714807
test_63,6x6 only,0.5719390033812467,0.7015182344643895,0.48276604911624,0.9744071960448847
test_63,5x5 only,0.5111900332597603,0.5362507392069352,0.4883670831532869,0.9669227600097287
test_63,OR (6x6 | 5x5),0.5698210755737393,0.5381522259449132,0.6054502369661724,0.9676246643066037
test_63,confidence blend,0.5563133640549577,0.6475468459438599,0.487613097802146,0.9724540710448847
test_64,6x6 only,0.5279308097858374,0.47333758232369516,0.596759073254859,0.9696006774901973
test_64,5x5 only,0.4717085594062276,0.40207645115582624,0.5705102450775806,0.9636001586913695
test_64,OR (6x6 | 5x5),0.5152133857873038,0.4100998890118835,0.692781572250311,0.9628639221191039
test_64,confidence blend,0.53674302562909,0.46543416265073706,0.6338556314441759,0.9688339233398068
test_65,6x6 only,0.6238662486935741,0.7000938086297372,0.5626083678849886,0.9656715393066038
test_65,5x5 only,0.6763237979303403,0.7323374340942598,0.628269883150676,0.9695701599120723
test_65,OR (6x6 | 5x5),0.6982755409882311,0.6900765606590915,0.7066716924231385,0.9690971374511349
test_65,confidence blend,0.684912897554465,0.7286406528940502,0.646136449302189,0.9699172973632442
test_66,6x6 only,0.32359952324163327,0.48166765227533515,0.24364343404091587,0.9740219116210566
test_66,5x5 only,0.29284941313552576,0.33020461798323597,0.2630870475616765,0.9675941467284787
test_66,OR (6x6 | 5x5),0.4034774855101772,0.4009155345534541,0.4060723900681931,0.9693756103515255
test_66,confidence blend,0.2897170075648737,0.38572494404281094,0.2319772659284595,0.9709892272948848
test_67,6x6 only,0.4880110401927824,0.46706290242617293,0.5109264944906792,0.9773559570312127
test_67,5x5 only,0.39881036680328646,0.32801397786799297,0.5085786526990995,0.9676132202148068
test_67,OR (6x6 | 5x5),0.41284576303053827,0.3162598500861846,0.5943651796991253,0.9642906188964475
test_67,confidence blend,0.49161434591855885,0.46929392446556767,0.5161639877180492,0.9774513244628533
test_68,6x6 only,0.48450571462207814,0.4770301624124396,0.4922192961449698,0.9666213989257443
test_68,5x5 only,0.5109787046229113,0.47390503479280194,0.5543452238442012,0.9661865234374631
test_68,OR (6x6 | 5x5),0.5019558603368417,0.42070752044003823,0.6220971989458677,0.9606590270995727
test_68,confidence blend,0.5022691173130801,0.47735604916920704,0.5299257840549079,0.9665298461913694
test_69,6x6 only,0.4730554143359519,0.6484320557468696,0.37234893957508536,0.9841842651366811
test_69,5x5 only,0.4533333333328754,0.4577723378203636,0.4489795918358364,0.9793548583984001
test_69,OR (6x6 | 5x5),0.48971381548826026,0.45091766290545393,0.53581432572922,0.9787101745605095
test_69,confidence blend,0.5892771661074805,0.7331745086339095,0.49259703881454064,0.9869079589843374
test_7,6x6 only,0.4859927450721183,0.4057505655692872,0.6057964698184726,0.9551353454589478
test_7,5x5 only,0.5568154402892367,0.49969689096691805,0.6286772717360768,0.9649620056151975
test_7,OR (6x6 | 5x5),0.5141053765921895,0.3974412377266305,0.7277184571794206,0.9518394470214481
test_7,confidence blend,0.5615413047493247,0.4874859618157488,0.6621268250156219,0.9637985229491819
test_70,6x6 only,0.6349206349199846,0.6628180457544092,0.609276729558551,0.9864006042480092
test_70,5x5 only,0.5455632419501703,0.48240447062304426,0.6277515723258102,0.979701995849572
test_70,OR (6x6 | 5x5),0.5820433436528002,0.48008171603615923,0.7389937106903715,0.9794006347655876
test_70,confidence blend,0.640221754921965,0.6231857089679509,0.6582154088037377,0.9856414794921499
test_71,6x6 only,0.6046062789496882,0.5811997526276051,0.6299772087402735,0.9765548706054314
test_71,5x5 only,0.6614713579525086,0.5841207888243795,0.7624346427124783,0.9777946472167596
test_71,OR (6x6 | 5x5),0.6305914776337552,0.52143044964456,0.7975599946362816,0.9734115600585566
test_71,confidence blend,0.6803161366602275,0.6348432055741755,0.7328060061660641,0.980403900146447
test_72,6x6 only,0.5609608152364903,0.6687879664429599,0.4830756372743772,0.9861946105956655
test_72,5x5 only,0.5069833938188639,0.5351752960284765,0.4816130380265742,0.9828987121581656
test_72,OR (6x6 | 5x5),0.5244286840026354,0.49608647036806547,0.5562055996645294,0.981582641601525
test_72,confidence blend,0.5587375803617081,0.6341204563527882,0.49937317174989687,0.985599517822228
test_73,6x6 only,0.4064790108608341,0.4867248672482344,0.3489482513870506,0.9397544860839485
test_73,5x5 only,0.5214779632602775,0.5683617539581544,0.481739579300244,0.9477310180663701
test_73,OR (6x6 | 5x5),0.5279475426532569,0.5209825354940816,0.535101303393641,0.9434280395507452
test_73,confidence blend,0.4616004099859208,0.5334179357017483,0.40682668731422966,0.9438934326171514
test_74,6x6 only,0.41405764047230553,0.3534513274330027,0.4997497497484991,0.9784393310546501
test_74,5x5 only,0.33056096266118334,0.25568026279735057,0.46746746746629764,0.9711380004882442
test_74,OR (6x6 | 5x5),0.36451512316778567,0.26471920289825096,0.5850850850836209,0.968902587890588
test_74,confidence blend,0.3971865949520095,0.33850493652972763,0.4804804804792781,0.9777679443359002
test_75,6x6 only,0.39171452009828067,0.34000284819115634,0.46197755417911956,0.9434280395507452
test_75,5x5 only,0.35901386748829006,0.32192201412317933,0.40576625386957643,0.942871093749964
test_75,OR (6x6 | 5x5),0.3947937671859231,0.31784638998741493,0.5208978328168334,0.9370307922362924
test_75,confidence blend,0.3797415415497554,0.3344383057087776,0.4392414860676865,0.9434242248534795
test_76,6x6 only,0.4377075522223484,0.44297484822106903,0.432564048273486,0.979976654052697
test_76,5x5 only,0.5419542317466927,0.4744792494824702,0.6318018208752239,0.9807586669921501
test_76,OR (6x6 | 5x5),0.48853454821527065,0.38084527050978945,0.681134871902009,0.9743041992187128
test_76,confidence blend,0.5756118414015436,0.5811394044009902,0.5701884395499255,0.9848518371581655
test_77,6x6 only,0.43870303654120496,0.6862018998539909,0.32241470610460515,0.9583969116210571
test_77,5x5 only,0.47795823665872733,0.5531576330178486,0.4207579998483843,0.9536514282226198
test_77,OR (6x6 | 5x5),0.5109819121444965,0.5479262273785194,0.47870489446971876,0.9537963867187136
test_77,confidence blend,0.4749585082493044,0.6694647034530488,0.36803086466421964,0.9589691162109009
test_78,6x6 only,0.6573249559279224,0.6536317871263452,0.6610600963717964,0.9710807800292598
test_78,5x5 only,0.6795809080322796,0.6965444826262919,0.6634239476309997,0.9737510681151972
test_78,OR (6x6 | 5x5),0.6991532458904619,0.6432444817836681,0.7657059732696011,0.9723510742187129
test_78,confidence blend,0.6872781198037625,0.6794917362709441,0.6952450222741201,0.9734535217284784
test_79,6x6 only,0.6050852193346716,0.516652352323202,0.7300431499450781,0.9730415344237909
test_79,5x5 only,0.6991457701842385,0.5912014167204853,0.8553128371078003,0.9791755676269157
test_79,OR (6x6 | 5x5),0.6303633552374225,0.49118975903577466,0.8795846817679618,0.9708175659179317
test_79,confidence blend,0.662631411277125,0.5465055176033048,0.8414239482189302,0.9757614135741814
test_8,6x6 only,0.41804838271246636,0.45621737066865653,0.38577305106813903,0.9591636657714477
test_8,5x5 only,0.5268186753525913,0.5739973973730343,0.48680646132187533,0.9667510986327755
test_8,OR (6x6 | 5x5),0.48005325471899574,0.45625451916083126,0.506471355472553,0.958286285400354
test_8,confidence blend,0.47977728752995075,0.5034726050044058,0.45821209992930845,0.9622192382812133
test_80,6x6 only,0.5358965634567302,0.5375426621155822,0.5342605156033461,0.9583740234374634
test_80,5x5 only,0.5586272640607789,0.5463315768135011,0.5714891451826903,0.9593772888183227
test_80,OR (6x6 | 5x5),0.5625165813907286,0.5085314876992335,0.6293249660781637,0.9559669494628541
test_80,confidence blend,0.5446772841573576,0.5384487901884832,0.5510515603794512,0.9585571289062134
test_81,6x6 only,0.5501335591891653,0.5216854071413299,0.5818632855559787,0.9736595153808222
test_81,5x5 only,0.59176863181276,0.5364104862194303,0.6598676956992009,0.9748001098632441
test_81,OR (6x6 | 5x5),0.5878651685389955,0.49620637329239736,0.7210584343981242,0.9720153808593379
test_81,confidence blend,0.5846608427539923,0.5475216554372623,0.6272050716639648,0.9753341674804314
test_82,6x6 only,0.5637627493012644,0.5296630859368534,0.6025552006657373,0.9743843078612909
test_82,5x5 only,0.46856180793856855,0.43897112351317763,0.5024302180245765,0.9686927795409787
test_82,OR (6x6 | 5x5),0.5250711138376234,0.4387583892613359,0.6536592139971481,0.9675178527831662
test_82,confidence blend,0.5364826633327611,0.50975243810889,0.566171365087396,0.9731254577636347
test_83,6x6 only,0.3909606917402838,0.6588592883950316,0.2779453914615493,0.9562034606933228
test_83,5x5 only,0.4450409855709481,0.6105484677093114,0.3501282244679815,0.9558372497558228
test_83,OR (6x6 | 5x5),0.5027346313714711,0.5986245701775569,0.4333232765119676,0.9566459655761353
test_83,confidence blend,0.45455465587021526,0.6907105505987532,0.33873887464147023,0.9588851928710571
test_84,6x6 only,0.46568949172284274,0.523528447285582,0.41935907538689343,0.9720497131347285
test_84,5x5 only,0.45242126650832887,0.4670675430003257,0.43866561597000436,0.9691581726073849
test_84,OR (6x6 | 5x5),0.500408214532123,0.4794800818383927,0.5232466509055381,0.969654083251916
test_84,confidence blend,0.48695283218974117,0.5275011490722729,0.452193328079259,0.9723243713378535
test_85,6x6 only,0.4001570783425616,0.37942162095025517,0.42328994738241027,0.96503829956051
test_85,5x5 only,0.3892721217885411,0.3411507191991441,0.4531985599550634,0.9608230590819945
test_85,OR (6x6 | 5x5),0.4072010729390244,0.32448207826346226,0.546524508445657,0.956161499023401
test_85,confidence blend,0.39783406983232844,0.3613340870544247,0.44253669343610835,0.9630928039550414
test_86,6x6 only,0.6036076662905279,0.6251021599525685,0.583542234331789,0.9731750488280878
test_86,5x5 only,0.6174886471641052,0.5988937826481625,0.6372752043589784,0.9723663330077754
test_86,OR (6x6 | 5x5),0.64205754463843,0.557743309490832,0.7564032697539439,0.9704818725585567
test_86,confidence blend,0.6642265044672924,0.6561735616285693,0.6724795640319645,0.976203918456994
test_87,6x6 only,0.26298200514105013,0.26017293997899243,0.2658523908517,0.978126525878869
test_87,5x5 only,0.27832062708012634,0.23714547117980395,0.3367983367974616,0.9743614196776972
test_87,OR (6x6 | 5x5),0.29833720030906963,0.23753078817697426,0.4009875259864839,0.9723129272460567
test_87,confidence blend,0.2660403016438793,0.2537137467572419,0.279625779625053,0.9773521423339471
test_88,6x6 only,0.26995073891605154,0.46501305482907307,0.19017618793359295,0.9632530212401976
test_88,5x5 only,0.22494464944632844,0.36415770609231984,0.16273358248781342,0.9599380493163696
test_88,OR (6x6 | 5x5),0.31274231067439084,0.39600720013026347,0.2584089695672628,0.9594268798827759
test_88,confidence blend,0.262302449254541,0.4392875062708498,0.1869727709554864,0.9624290466308226
test_89,6x6 only,0.503188545301105,0.6105109489042182,0.4279574293896562,0.9684982299804318
test_89,5x5 only,0.4513130374154942,0.5220430107519866,0.3974621367167443,0.9639739990234006
test_89,OR (6x6 | 5x5),0.5114852978132639,0.5026178010466239,0.5206713057710595,0.9629249572753539
test_89,confidence blend,0.5066487739413769,0.6271519178486452,0.42498976667987615,0.969146728515588
test_9,6x6 only,0.566085753803283,0.5483974702534586,0.5849531214262692,0.970081329345666
test_9,5x5 only,0.6836002208720268,0.7375877134903515,0.6369769037266899,0.9803276062011345
test_9,OR (6x6 | 5x5),0.6451548650529603,0.5714537755817118,0.7406814543782978,0.9728164672851191
test_9,confidence blend,0.6404363482309677,0.5964687315046394,0.6914017836717454,0.9740982055663691
test_90,6x6 only,0.644781298511257,0.7458540192238873,0.5678327301965679,0.9703216552734004
test_90,5x5 only,0.7246093749996784,0.8086792826703569,0.6563731403291866,0.9763336181640252
test_90,OR (6x6 | 5x5),0.7252871703604896,0.7295955732763205,0.7210293526331153,0.9740905761718378
test_90,confidence blend,0.6985546247663967,0.7588645794032828,0.6471250502608387,0.9735069274901972
test_91,6x6 only,0.5147361206301279,0.7188322565189786,0.4009075136788991,0.9783935546874626
test_91,5x5 only,0.48347418626015937,0.6480484522192731,0.3855598558649599,0.9764518737792596
test_91,OR (6x6 | 5x5),0.6041026374093316,0.6503539550620955,0.5639930601887575,0.9788703918456657
test_91,confidence blend,0.5200283587375752,0.7739382748594726,0.3915654610965013,0.9793395996093376
test_92,6x6 only,0.30773537370504084,0.4097912524840711,0.2463768115938348,0.971698760986291
test_92,5x5 only,0.3624967354397471,0.43429286608169737,0.31107126848900185,0.972064971923791
test_92,OR (6x6 | 5x5),0.387082170074408,0.3910060975603796,0.38323621694250226,0.9690132141112912
test_92,confidence blend,0.3564265341794494,0.46384099616747165,0.28940684296983504,0.9733161926269159
test_93,6x6 only,0.6402671755720827,0.6777777777767997,0.6066907775760699,0.9798660278319938
test_93,5x5 only,0.6300706871294465,0.6214043461868843,0.638982175147715,0.9778404235839471
test_93,OR (6x6 | 5x5),0.6533256880730198,0.5874407094240178,0.7358563678626506,0.976936340331994
test_93,confidence blend,0.6582917912923507,0.678077502395347,0.639628003099148,0.9803886413573845
test_94,6x6 only,0.4259109311737442,0.4396522902032102,0.4130025125621655,0.9729537963866816
test_94,5x5 only,0.48029411764670565,0.4516039823002605,0.5128768844213052,0.9730377197265253
test_94,OR (6x6 | 5x5),0.4773684925917647,0.4208003834167016,0.5515075376875762,0.9706649780273067
test_94,confidence blend,0.4790904135188232,0.47520469643059604,0.4830402010042666,0.9744834899901972
test_95,6x6 only,0.6751656293913495,0.7920395666500328,0.5883484954508499,0.9753112792968377
test_95,5x5 only,0.6085534719735278,0.7316623663831777,0.5209062281311049,0.9707756042480098
test_95,OR (6x6 | 5x5),0.6794859680616652,0.7387507704944125,0.629023792861591,0.9741210937499628
test_95,confidence blend,0.682834141706744,0.7970117894236056,0.5972708187538512,0.9758033752441033
test_96,6x6 only,0.7120762881635451,0.6423304900959342,0.7988133764818433,0.9862937927245717
test_96,5x5 only,0.6410158923270922,0.5554091448141317,0.7578209277224779,0.9819908142089468
test_96,OR (6x6 | 5x5),0.622777249897772,0.5002180549493019,0.8248831355612641,0.9787979125976188
test_96,confidence blend,0.7260844702224278,0.6653690672246364,0.7989931679237703,0.9872093200683216
test_97,6x6 only,0.7417629179326798,0.759114097299043,0.7251872102689585,0.9837951660155875
test_97,5x5 only,0.6777453402196958,0.6421959782948801,0.7174610721493908,0.9781036376952752
test_97,OR (6x6 | 5x5),0.71622176591339,0.6303424595639013,0.829192915724677,0.9789123535155876
test_97,confidence blend,0.7582011213164987,0.7609242188426183,0.7554974444303393,0.9845352172851186
test_98,6x6 only,0.7893026743307595,0.8178522099433394,0.7626791176931852,0.9903526306151965
test_98,5x5 only,0.6797212080976769,0.7012497859943482,0.6594751247775568,0.9852752685546499
test_98,OR (6x6 | 5x5),0.7426487009597686,0.6906674051499714,0.8030912896461068,0.9868125915526967
test_98,confidence blend,0.7879092355348003,0.8208304256789588,0.7575269682808605,0.990337371826134
test_99,6x6 only,0.8148056449611197,0.7430571235033381,0.901890929020414,0.9885864257812123
test_99,5x5 only,0.7063008742835657,0.6306665230961228,0.802548643462863,0.9814186096191031
test_99,OR (6x6 | 5x5),0.725965858040946,0.5908973586848568,0.9410797478748409,0.980220794677697
test_99,confidence blend,0.8122581450500485,0.7458734525438492,0.891614140859288,0.9885253906249623
