arm,stage,klass,producer,consumer,width_bits,in_milp_list,in_sim,depth_milp,depth_sim,bram18_milp,bram18_sim,lut_milp,lut_sim,mem_sim
ratchet_1pct,down1,other intra-block,down1.add,down1.thr_out,7,False,True,,2,,0,,15,srl
ratchet_1pct,down1,dup output,down1.dup,down1.dwc,6,False,True,,16,,0,,14,srl
ratchet_1pct,down1,dup output,down1.dup,down1.swg_r,6,False,True,,816,,1,,0,bram
ratchet_1pct,down1,window prefetch (in front of FMPad),down1.dwc,down1.fmpad,12,True,True,134,2,1,0,0,20,srl
ratchet_1pct,down1,DWC side,down1.dwc,down1.maxpool,24,False,True,,16,,0,,32,srl
ratchet_1pct,down1,DWC side,down1.dwc,down1.mvau_s,6,False,True,,16,,0,,14,srl
ratchet_1pct,down1,DWC side,down1.dwc,down1.thr_e,15,False,True,,2,,0,,23,srl
ratchet_1pct,down1,DWC side,down1.dwc,down1.thr_m,18,False,True,,16,,0,,26,srl
ratchet_1pct,down1,DWC side,down1.dwc,down1.thr_r,17,False,True,,2,,0,,25,srl
ratchet_1pct,down1,DWC side,down1.dwc,down1.thr_s,17,False,True,,16,,0,,25,srl
ratchet_1pct,down1,other intra-block,down1.fmpad,down1.swg_m,12,False,True,,234,,1,,0,bram
ratchet_1pct,down1,DWC side,down1.maxpool,down1.dwc,24,False,True,,16,,0,,32,srl
ratchet_1pct,down1,DWC side,down1.mvau_e,down1.dwc,30,False,True,,2,,0,,38,srl
ratchet_1pct,down1,DWC side,down1.mvau_m,down1.dwc,72,False,True,,16,,0,,80,srl
ratchet_1pct,down1,DWC side,down1.mvau_r,down1.dwc,34,False,True,,2,,0,,42,srl
ratchet_1pct,down1,DWC side,down1.mvau_s,down1.dwc,34,False,True,,16,,0,,42,srl
ratchet_1pct,down1,other intra-block,down1.swg_m,down1.mvau_m,12,False,True,,16,,0,,20,srl
ratchet_1pct,down1,other intra-block,down1.swg_r,down1.mvau_r,6,False,True,,16,,0,,14,srl
ratchet_1pct,down1,other intra-block,down1.thr_e,down1.add,6,False,True,,2,,0,,14,srl
ratchet_1pct,down1,other intra-block,down1.thr_m,down1.mvau_e,6,False,True,,16,,0,,14,srl
ratchet_1pct,down1,DWC side,down1.thr_r,down1.dwc,6,False,True,,2,,0,,14,srl
ratchet_1pct,down1,skip FIFO,down1.thr_s,down1.add,6,True,True,1280,1104,1,1,0,0,bram
ratchet_1pct,down2,other intra-block,down2.add,down2.thr_out,7,False,True,,2,,0,,15,srl
ratchet_1pct,down2,dup output,down2.dup,down2.dwc,6,False,True,,8,,0,,14,srl
ratchet_1pct,down2,dup output,down2.dup,down2.swg_r,6,False,True,,1704,,1,,0,bram
ratchet_1pct,down2,DWC side,down2.dwc,down2.maxpool,96,False,True,,8,,0,,104,srl
ratchet_1pct,down2,DWC side,down2.dwc,down2.mvau_s,12,False,True,,8,,0,,20,srl
ratchet_1pct,down2,DWC side,down2.dwc,down2.thr_e,16,False,True,,2,,0,,24,srl
ratchet_1pct,down2,DWC side,down2.dwc,down2.thr_m,19,False,True,,8,,0,,27,srl
ratchet_1pct,down2,DWC side,down2.dwc,down2.thr_r,19,False,True,,2,,0,,27,srl
ratchet_1pct,down2,DWC side,down2.dwc,down2.thr_s,19,False,True,,8,,0,,27,srl
ratchet_1pct,down2,other intra-block,down2.fmpad,down2.swg_m,6,False,True,,488,,1,,0,bram
ratchet_1pct,down2,DWC side,down2.maxpool,down2.dwc,96,False,True,,8,,0,,104,srl
ratchet_1pct,down2,DWC side,down2.mvau_e,down2.dwc,32,False,True,,2,,0,,40,srl
ratchet_1pct,down2,DWC side,down2.mvau_m,down2.dwc,38,False,True,,8,,0,,46,srl
ratchet_1pct,down2,DWC side,down2.mvau_r,down2.dwc,76,False,True,,2,,0,,84,srl
ratchet_1pct,down2,DWC side,down2.mvau_s,down2.dwc,38,False,True,,8,,0,,46,srl
ratchet_1pct,down2,other intra-block,down2.swg_m,down2.mvau_m,6,False,True,,8,,0,,14,srl
ratchet_1pct,down2,other intra-block,down2.swg_r,down2.mvau_r,6,False,True,,8,,0,,14,srl
ratchet_1pct,down2,other intra-block,down2.thr_e,down2.add,6,False,True,,2,,0,,14,srl
ratchet_1pct,down2,other intra-block,down2.thr_m,down2.mvau_e,6,False,True,,8,,0,,14,srl
ratchet_1pct,down2,window prefetch (in front of FMPad),down2.thr_r,down2.fmpad,6,True,True,274,2,1,0,0,14,srl
ratchet_1pct,down2,skip FIFO,down2.thr_s,down2.add,6,True,True,1344,1218,1,1,0,0,bram
ratchet_1pct,final,DWC side,final.bias,final.dwc,18,False,True,,2,,0,,26,srl
ratchet_1pct,final,DWC side,final.dwc,final.bias,17,False,True,,2,,0,,25,srl
ratchet_1pct,final,DWC side,final.dwc,final.label_select,90,False,True,,2,,0,,98,srl
ratchet_1pct,final,DWC side,final.dwc,final.mvau_f,48,False,True,,2,,0,,56,srl
ratchet_1pct,final,other intra-block,final.fmpad_u,final.swg_u,24,False,True,,2,,0,,32,srl
ratchet_1pct,final,window prefetch (in front of FMPad),final.fmpadpix,final.fmpad_u,24,False,True,,4,,0,,32,srl
ratchet_1pct,final,DWC side,final.mvau_f,final.dwc,85,False,True,,2,,0,,93,srl
ratchet_1pct,final,DWC side,final.swg_u,final.dwc,96,False,True,,2,,0,,104,srl
ratchet_1pct,initial,DWC side,initial.concat,initial.dwc,24,False,True,,2,,0,,32,srl
ratchet_1pct,initial,window prefetch (in front of FMPad),initial.dup,initial.fmpad,6,True,True,260,260,1,1,0,0,bram
ratchet_1pct,initial,dup output,initial.dup,initial.thr_m,6,False,True,,2,,0,,14,srl
ratchet_1pct,initial,DWC side,initial.dwc,initial.concat,24,False,True,,2,,0,,32,srl
ratchet_1pct,initial,DWC side,initial.dwc,initial.thr_act,6,False,True,,2,,0,,14,srl
ratchet_1pct,initial,DWC side,initial.dwc,initial.thr_c,16,False,True,,2,,0,,24,srl
ratchet_1pct,initial,other intra-block,initial.fmpad,initial.swg,6,False,True,,2,,0,,14,srl
ratchet_1pct,initial,skip FIFO,initial.maxpool,initial.concat,6,False,True,,130,,1,,0,bram
ratchet_1pct,initial,DWC side,initial.mvau_c,initial.dwc,48,False,True,,2,,0,,56,srl
ratchet_1pct,initial,other intra-block,initial.swg,initial.mvau_c,6,False,True,,2,,0,,14,srl
ratchet_1pct,initial,DWC side,initial.thr_c,initial.dwc,6,False,True,,4,,0,,14,srl
ratchet_1pct,initial,other intra-block,initial.thr_in,initial.dup,6,False,True,,2,,0,,14,srl
ratchet_1pct,initial,other intra-block,initial.thr_m,initial.maxpool,6,False,True,,2,,0,,14,srl
ratchet_1pct,regular1.0,other intra-block,regular1.0.add,regular1.0.thr_out,7,False,True,,2,,0,,15,srl
ratchet_1pct,regular1.0,dup output,regular1.0.dup,regular1.0.mvau_r,6,False,True,,2,,0,,14,srl
ratchet_1pct,regular1.0,dup output,regular1.0.dup,regular1.0.thr_s,6,False,True,,2,,0,,14,srl
ratchet_1pct,regular1.0,window prefetch (in front of FMPad),regular1.0.dwc,regular1.0.fmpad,12,True,True,134,134,1,1,0,0,bram
ratchet_1pct,regular1.0,DWC side,regular1.0.dwc,regular1.0.thr_e,15,False,True,,2,,0,,23,srl
ratchet_1pct,regular1.0,DWC side,regular1.0.dwc,regular1.0.thr_m,18,False,True,,2,,0,,26,srl
ratchet_1pct,regular1.0,DWC side,regular1.0.dwc,regular1.0.thr_r,17,False,True,,2,,0,,25,srl
ratchet_1pct,regular1.0,other intra-block,regular1.0.fmpad,regular1.0.swg,12,False,True,,2,,0,,20,srl
ratchet_1pct,regular1.0,DWC side,regular1.0.mvau_e,regular1.0.dwc,30,False,True,,2,,0,,38,srl
ratchet_1pct,regular1.0,DWC side,regular1.0.mvau_m,regular1.0.dwc,72,False,True,,2,,0,,80,srl
ratchet_1pct,regular1.0,DWC side,regular1.0.mvau_r,regular1.0.dwc,34,False,True,,2,,0,,42,srl
ratchet_1pct,regular1.0,other intra-block,regular1.0.swg,regular1.0.mvau_m,12,False,True,,2,,0,,20,srl
ratchet_1pct,regular1.0,other intra-block,regular1.0.thr_e,regular1.0.add,6,False,True,,2,,0,,14,srl
ratchet_1pct,regular1.0,other intra-block,regular1.0.thr_m,regular1.0.mvau_e,6,False,True,,2,,0,,14,srl
ratchet_1pct,regular1.0,DWC side,regular1.0.thr_r,regular1.0.dwc,6,False,True,,2,,0,,14,srl
ratchet_1pct,regular1.0,skip FIFO,regular1.0.thr_s,regular1.0.add,6,True,True,1152,1168,1,1,0,0,bram
ratchet_1pct,regular1.1,other intra-block,regular1.1.add,regular1.1.thr_out,7,False,True,,2,,0,,15,srl
ratchet_1pct,regular1.1,dup output,regular1.1.dup,regular1.1.mvau_r,6,False,True,,2,,0,,14,srl
ratchet_1pct,regular1.1,dup output,regular1.1.dup,regular1.1.thr_s,6,False,True,,2,,0,,14,srl
ratchet_1pct,regular1.1,window prefetch (in front of FMPad),regular1.1.dwc,regular1.1.fmpad,12,True,True,134,134,1,1,0,0,bram
ratchet_1pct,regular1.1,DWC side,regular1.1.dwc,regular1.1.thr_e,15,False,True,,2,,0,,23,srl
ratchet_1pct,regular1.1,DWC side,regular1.1.dwc,regular1.1.thr_m,18,False,True,,2,,0,,26,srl
ratchet_1pct,regular1.1,DWC side,regular1.1.dwc,regular1.1.thr_r,17,False,True,,2,,0,,25,srl
ratchet_1pct,regular1.1,other intra-block,regular1.1.fmpad,regular1.1.swg,12,False,True,,2,,0,,20,srl
ratchet_1pct,regular1.1,DWC side,regular1.1.mvau_e,regular1.1.dwc,30,False,True,,2,,0,,38,srl
ratchet_1pct,regular1.1,DWC side,regular1.1.mvau_m,regular1.1.dwc,72,False,True,,2,,0,,80,srl
ratchet_1pct,regular1.1,DWC side,regular1.1.mvau_r,regular1.1.dwc,34,False,True,,2,,0,,42,srl
ratchet_1pct,regular1.1,other intra-block,regular1.1.swg,regular1.1.mvau_m,12,False,True,,2,,0,,20,srl
ratchet_1pct,regular1.1,other intra-block,regular1.1.thr_e,regular1.1.add,6,False,True,,2,,0,,14,srl
ratchet_1pct,regular1.1,other intra-block,regular1.1.thr_m,regular1.1.mvau_e,6,False,True,,2,,0,,14,srl
ratchet_1pct,regular1.1,DWC side,regular1.1.thr_r,regular1.1.dwc,6,False,True,,2,,0,,14,srl
ratchet_1pct,regular1.1,skip FIFO,regular1.1.thr_s,regular1.1.add,6,True,True,1152,1168,1,1,0,0,bram
ratchet_1pct,regular1.2,other intra-block,regular1.2.add,regular1.2.thr_out,7,False,True,,2,,0,,15,srl
ratchet_1pct,regular1.2,dup output,regular1.2.dup,regular1.2.mvau_r,6,False,True,,2,,0,,14,srl
ratchet_1pct,regular1.2,dup output,regular1.2.dup,regular1.2.thr_s,6,False,True,,2,,0,,14,srl
ratchet_1pct,regular1.2,window prefetch (in front of FMPad),regular1.2.dwc,regular1.2.fmpad,12,True,True,134,134,1,1,0,0,bram
ratchet_1pct,regular1.2,DWC side,regular1.2.dwc,regular1.2.thr_e,15,False,True,,2,,0,,23,srl
ratchet_1pct,regular1.2,DWC side,regular1.2.dwc,regular1.2.thr_m,18,False,True,,2,,0,,26,srl
ratchet_1pct,regular1.2,DWC side,regular1.2.dwc,regular1.2.thr_r,17,False,True,,2,,0,,25,srl
ratchet_1pct,regular1.2,other intra-block,regular1.2.fmpad,regular1.2.swg,12,False,True,,2,,0,,20,srl
ratchet_1pct,regular1.2,DWC side,regular1.2.mvau_e,regular1.2.dwc,30,False,True,,2,,0,,38,srl
ratchet_1pct,regular1.2,DWC side,regular1.2.mvau_m,regular1.2.dwc,72,False,True,,2,,0,,80,srl
ratchet_1pct,regular1.2,DWC side,regular1.2.mvau_r,regular1.2.dwc,34,False,True,,2,,0,,42,srl
ratchet_1pct,regular1.2,other intra-block,regular1.2.swg,regular1.2.mvau_m,12,False,True,,2,,0,,20,srl
ratchet_1pct,regular1.2,other intra-block,regular1.2.thr_e,regular1.2.add,6,False,True,,2,,0,,14,srl
ratchet_1pct,regular1.2,other intra-block,regular1.2.thr_m,regular1.2.mvau_e,6,False,True,,2,,0,,14,srl
ratchet_1pct,regular1.2,DWC side,regular1.2.thr_r,regular1.2.dwc,6,False,True,,2,,0,,14,srl
ratchet_1pct,regular1.2,skip FIFO,regular1.2.thr_s,regular1.2.add,6,True,True,1152,1168,1,1,0,0,bram
ratchet_1pct,regular1.3,other intra-block,regular1.3.add,regular1.3.thr_out,7,False,True,,2,,0,,15,srl
ratchet_1pct,regular1.3,dup output,regular1.3.dup,regular1.3.mvau_r,6,False,True,,2,,0,,14,srl
ratchet_1pct,regular1.3,dup output,regular1.3.dup,regular1.3.thr_s,6,False,True,,2,,0,,14,srl
ratchet_1pct,regular1.3,window prefetch (in front of FMPad),regular1.3.dwc,regular1.3.fmpad,12,True,True,134,134,1,1,0,0,bram
ratchet_1pct,regular1.3,DWC side,regular1.3.dwc,regular1.3.thr_e,15,False,True,,2,,0,,23,srl
ratchet_1pct,regular1.3,DWC side,regular1.3.dwc,regular1.3.thr_m,18,False,True,,2,,0,,26,srl
ratchet_1pct,regular1.3,DWC side,regular1.3.dwc,regular1.3.thr_r,17,False,True,,2,,0,,25,srl
ratchet_1pct,regular1.3,other intra-block,regular1.3.fmpad,regular1.3.swg,12,False,True,,2,,0,,20,srl
ratchet_1pct,regular1.3,DWC side,regular1.3.mvau_e,regular1.3.dwc,30,False,True,,2,,0,,38,srl
ratchet_1pct,regular1.3,DWC side,regular1.3.mvau_m,regular1.3.dwc,72,False,True,,2,,0,,80,srl
ratchet_1pct,regular1.3,DWC side,regular1.3.mvau_r,regular1.3.dwc,34,False,True,,2,,0,,42,srl
ratchet_1pct,regular1.3,other intra-block,regular1.3.swg,regular1.3.mvau_m,12,False,True,,2,,0,,20,srl
ratchet_1pct,regular1.3,other intra-block,regular1.3.thr_e,regular1.3.add,6,False,True,,2,,0,,14,srl
ratchet_1pct,regular1.3,other intra-block,regular1.3.thr_m,regular1.3.mvau_e,6,False,True,,2,,0,,14,srl
ratchet_1pct,regular1.3,DWC side,regular1.3.thr_r,regular1.3.dwc,6,False,True,,2,,0,,14,srl
ratchet_1pct,regular1.3,skip FIFO,regular1.3.thr_s,regular1.3.add,6,True,True,1152,1168,1,1,0,0,bram
ratchet_1pct,regular4.0,other intra-block,regular4.0.add,regular4.0.thr_out,7,False,True,,2,,0,,15,srl
ratchet_1pct,regular4.0,dup output,regular4.0.dup,regular4.0.mvau_r,6,False,True,,2,,0,,14,srl
ratchet_1pct,regular4.0,dup output,regular4.0.dup,regular4.0.thr_s,6,False,True,,2,,0,,14,srl
ratchet_1pct,regular4.0,window prefetch (in front of FMPad),regular4.0.dwc,regular4.0.fmpad,12,True,True,134,134,1,1,0,0,bram
ratchet_1pct,regular4.0,DWC side,regular4.0.dwc,regular4.0.thr_e,15,False,True,,2,,0,,23,srl
ratchet_1pct,regular4.0,DWC side,regular4.0.dwc,regular4.0.thr_m,18,False,True,,2,,0,,26,srl
ratchet_1pct,regular4.0,DWC side,regular4.0.dwc,regular4.0.thr_r,17,False,True,,2,,0,,25,srl
ratchet_1pct,regular4.0,other intra-block,regular4.0.fmpad,regular4.0.swg,12,False,True,,2,,0,,20,srl
ratchet_1pct,regular4.0,DWC side,regular4.0.mvau_e,regular4.0.dwc,30,False,True,,2,,0,,38,srl
ratchet_1pct,regular4.0,DWC side,regular4.0.mvau_m,regular4.0.dwc,72,False,True,,2,,0,,80,srl
ratchet_1pct,regular4.0,DWC side,regular4.0.mvau_r,regular4.0.dwc,34,False,True,,2,,0,,42,srl
ratchet_1pct,regular4.0,other intra-block,regular4.0.swg,regular4.0.mvau_m,12,False,True,,2,,0,,20,srl
ratchet_1pct,regular4.0,other intra-block,regular4.0.thr_e,regular4.0.add,6,False,True,,2,,0,,14,srl
ratchet_1pct,regular4.0,other intra-block,regular4.0.thr_m,regular4.0.mvau_e,6,False,True,,2,,0,,14,srl
ratchet_1pct,regular4.0,DWC side,regular4.0.thr_r,regular4.0.dwc,6,False,True,,2,,0,,14,srl
ratchet_1pct,regular4.0,skip FIFO,regular4.0.thr_s,regular4.0.add,6,True,True,1152,1168,1,1,0,0,bram
ratchet_1pct,regular4.1,other intra-block,regular4.1.add,regular4.1.thr_out,7,False,True,,2,,0,,15,srl
ratchet_1pct,regular4.1,dup output,regular4.1.dup,regular4.1.mvau_r,6,False,True,,2,,0,,14,srl
ratchet_1pct,regular4.1,dup output,regular4.1.dup,regular4.1.thr_s,6,False,True,,2,,0,,14,srl
ratchet_1pct,regular4.1,window prefetch (in front of FMPad),regular4.1.dwc,regular4.1.fmpad,12,True,True,134,134,1,1,0,0,bram
ratchet_1pct,regular4.1,DWC side,regular4.1.dwc,regular4.1.thr_e,15,False,True,,2,,0,,23,srl
ratchet_1pct,regular4.1,DWC side,regular4.1.dwc,regular4.1.thr_m,18,False,True,,2,,0,,26,srl
ratchet_1pct,regular4.1,DWC side,regular4.1.dwc,regular4.1.thr_r,17,False,True,,2,,0,,25,srl
ratchet_1pct,regular4.1,other intra-block,regular4.1.fmpad,regular4.1.swg,12,False,True,,2,,0,,20,srl
ratchet_1pct,regular4.1,DWC side,regular4.1.mvau_e,regular4.1.dwc,30,False,True,,2,,0,,38,srl
ratchet_1pct,regular4.1,DWC side,regular4.1.mvau_m,regular4.1.dwc,72,False,True,,2,,0,,80,srl
ratchet_1pct,regular4.1,DWC side,regular4.1.mvau_r,regular4.1.dwc,34,False,True,,2,,0,,42,srl
ratchet_1pct,regular4.1,other intra-block,regular4.1.swg,regular4.1.mvau_m,12,False,True,,2,,0,,20,srl
ratchet_1pct,regular4.1,other intra-block,regular4.1.thr_e,regular4.1.add,6,False,True,,2,,0,,14,srl
ratchet_1pct,regular4.1,other intra-block,regular4.1.thr_m,regular4.1.mvau_e,6,False,True,,2,,0,,14,srl
ratchet_1pct,regular4.1,DWC side,regular4.1.thr_r,regular4.1.dwc,6,False,True,,2,,0,,14,srl
ratchet_1pct,regular4.1,skip FIFO,regular4.1.thr_s,regular4.1.add,6,True,True,1152,1168,1,1,0,0,bram
ratchet_1pct,regular5.0,other intra-block,regular5.0.add,regular5.0.thr_out,7,False,True,,2,,0,,15,srl
ratchet_1pct,regular5.0,dup output,regular5.0.dup,regular5.0.mvau_r,6,False,True,,2,,0,,14,srl
ratchet_1pct,regular5.0,dup output,regular5.0.dup,regular5.0.thr_s,6,False,True,,2,,0,,14,srl
ratchet_1pct,regular5.0,other intra-block,regular5.0.fmpad,regular5.0.swg,6,False,True,,2,,0,,14,srl
ratchet_1pct,regular5.0,other intra-block,regular5.0.mvau_e,regular5.0.thr_e,13,False,True,,2,,0,,21,srl
ratchet_1pct,regular5.0,other intra-block,regular5.0.mvau_m,regular5.0.thr_m,16,False,True,,2,,0,,24,srl
ratchet_1pct,regular5.0,other intra-block,regular5.0.mvau_r,regular5.0.thr_r,15,False,True,,2,,0,,23,srl
ratchet_1pct,regular5.0,other intra-block,regular5.0.swg,regular5.0.mvau_m,6,False,True,,2,,0,,14,srl
ratchet_1pct,regular5.0,other intra-block,regular5.0.thr_e,regular5.0.add,6,False,True,,2,,0,,14,srl
ratchet_1pct,regular5.0,other intra-block,regular5.0.thr_m,regular5.0.mvau_e,6,False,True,,2,,0,,14,srl
ratchet_1pct,regular5.0,window prefetch (in front of FMPad),regular5.0.thr_r,regular5.0.fmpad,6,True,True,132,132,1,1,0,0,bram
ratchet_1pct,regular5.0,skip FIFO,regular5.0.thr_s,regular5.0.add,6,True,True,568,693,1,1,0,0,bram
ratchet_1pct,stage2.0,other intra-block,stage2.0.add,stage2.0.thr_out,7,False,True,,2,,0,,15,srl
ratchet_1pct,stage2.0,dup output,stage2.0.dup,stage2.0.mvau_r,6,False,True,,2,,0,,14,srl
ratchet_1pct,stage2.0,dup output,stage2.0.dup,stage2.0.thr_s,6,False,True,,2,,0,,14,srl
ratchet_1pct,stage2.0,DWC side,stage2.0.dwc,stage2.0.thr_e,16,False,True,,2,,0,,24,srl
ratchet_1pct,stage2.0,DWC side,stage2.0.dwc,stage2.0.thr_m,19,False,True,,2,,0,,27,srl
ratchet_1pct,stage2.0,DWC side,stage2.0.dwc,stage2.0.thr_r,18,False,True,,2,,0,,26,srl
ratchet_1pct,stage2.0,other intra-block,stage2.0.fmpad,stage2.0.swg,6,False,True,,2,,0,,14,srl
ratchet_1pct,stage2.0,DWC side,stage2.0.mvau_e,stage2.0.dwc,32,False,True,,2,,0,,40,srl
ratchet_1pct,stage2.0,DWC side,stage2.0.mvau_m,stage2.0.dwc,38,False,True,,2,,0,,46,srl
ratchet_1pct,stage2.0,DWC side,stage2.0.mvau_r,stage2.0.dwc,36,False,True,,2,,0,,44,srl
ratchet_1pct,stage2.0,other intra-block,stage2.0.swg,stage2.0.mvau_m,6,False,True,,2,,0,,14,srl
ratchet_1pct,stage2.0,other intra-block,stage2.0.thr_e,stage2.0.add,6,False,True,,2,,0,,14,srl
ratchet_1pct,stage2.0,other intra-block,stage2.0.thr_m,stage2.0.mvau_e,6,False,True,,2,,0,,14,srl
ratchet_1pct,stage2.0,window prefetch (in front of FMPad),stage2.0.thr_r,stage2.0.fmpad,6,True,True,538,538,1,1,0,0,bram
ratchet_1pct,stage2.0,skip FIFO,stage2.0.thr_s,stage2.0.add,6,True,True,2336,2440,2,2,0,0,bram
ratchet_1pct,stage2.1,other intra-block,stage2.1.add,stage2.1.thr_out,7,False,True,,2,,0,,15,srl
ratchet_1pct,stage2.1,dup output,stage2.1.dup,stage2.1.mvau_r,6,False,True,,2,,0,,14,srl
ratchet_1pct,stage2.1,dup output,stage2.1.dup,stage2.1.thr_s,6,False,True,,2,,0,,14,srl
ratchet_1pct,stage2.1,DWC side,stage2.1.dwc,stage2.1.thr_e,16,False,True,,2,,0,,24,srl
ratchet_1pct,stage2.1,DWC side,stage2.1.dwc,stage2.1.thr_m,19,False,True,,2,,0,,27,srl
ratchet_1pct,stage2.1,DWC side,stage2.1.dwc,stage2.1.thr_r,18,False,True,,2,,0,,26,srl
ratchet_1pct,stage2.1,other intra-block,stage2.1.fmpad,stage2.1.swg,6,False,True,,2,,0,,14,srl
ratchet_1pct,stage2.1,DWC side,stage2.1.mvau_e,stage2.1.dwc,32,False,True,,2,,0,,40,srl
ratchet_1pct,stage2.1,DWC side,stage2.1.mvau_m,stage2.1.dwc,38,False,True,,2,,0,,46,srl
ratchet_1pct,stage2.1,DWC side,stage2.1.mvau_r,stage2.1.dwc,36,False,True,,2,,0,,44,srl
ratchet_1pct,stage2.1,other intra-block,stage2.1.swg,stage2.1.mvau_m,6,False,True,,2,,0,,14,srl
ratchet_1pct,stage2.1,other intra-block,stage2.1.thr_e,stage2.1.add,6,False,True,,2,,0,,14,srl
ratchet_1pct,stage2.1,other intra-block,stage2.1.thr_m,stage2.1.mvau_e,6,False,True,,2,,0,,14,srl
ratchet_1pct,stage2.1,window prefetch (in front of FMPad),stage2.1.thr_r,stage2.1.fmpad,6,True,True,1066,1066,1,1,0,0,bram
ratchet_1pct,stage2.1,skip FIFO,stage2.1.thr_s,stage2.1.add,6,True,True,4640,4734,3,3,0,0,bram
ratchet_1pct,stage2.2,other intra-block,stage2.2.add,stage2.2.thr_out,7,False,True,,2,,0,,15,srl
ratchet_1pct,stage2.2,dup output,stage2.2.dup,stage2.2.mvau_r,6,False,True,,32,,0,,14,srl
ratchet_1pct,stage2.2,dup output,stage2.2.dup,stage2.2.thr_s,6,False,True,,32,,0,,14,srl
ratchet_1pct,stage2.2,DWC side,stage2.2.dwc,stage2.2.thr_e,16,False,True,,2,,0,,24,srl
ratchet_1pct,stage2.2,DWC side,stage2.2.dwc,stage2.2.thr_m,19,False,True,,32,,0,,27,srl
ratchet_1pct,stage2.2,DWC side,stage2.2.dwc,stage2.2.thr_r,18,False,True,,2,,0,,26,srl
ratchet_1pct,stage2.2,other intra-block,stage2.2.fmpad,stage2.2.swg,6,False,True,,6364,,3,,0,bram
ratchet_1pct,stage2.2,DWC side,stage2.2.mvau_e,stage2.2.dwc,32,False,True,,2,,0,,40,srl
ratchet_1pct,stage2.2,DWC side,stage2.2.mvau_m,stage2.2.dwc,38,False,True,,32,,0,,46,srl
ratchet_1pct,stage2.2,DWC side,stage2.2.mvau_r,stage2.2.dwc,36,False,True,,2,,0,,44,srl
ratchet_1pct,stage2.2,other intra-block,stage2.2.swg,stage2.2.mvau_m,6,False,True,,32,,0,,14,srl
ratchet_1pct,stage2.2,other intra-block,stage2.2.thr_e,stage2.2.add,6,False,True,,2,,0,,14,srl
ratchet_1pct,stage2.2,other intra-block,stage2.2.thr_m,stage2.2.mvau_e,6,False,True,,32,,0,,14,srl
ratchet_1pct,stage2.2,window prefetch (in front of FMPad),stage2.2.thr_r,stage2.2.fmpad,6,True,True,2122,392,2,1,0,0,bram
ratchet_1pct,stage2.2,skip FIFO,stage2.2.thr_s,stage2.2.add,6,True,True,9216,9414,6,6,0,0,bram
ratchet_1pct,stage2.3,other intra-block,stage2.3.add,stage2.3.thr_out,7,False,True,,2,,0,,15,srl
ratchet_1pct,stage2.3,dup output,stage2.3.dup,stage2.3.dwc,6,False,True,,32,,0,,14,srl
ratchet_1pct,stage2.3,dup output,stage2.3.dup,stage2.3.mvau_r,6,False,True,,32,,0,,14,srl
ratchet_1pct,stage2.3,DWC side,stage2.3.dwc,stage2.3.add,6,False,True,,32,,0,,14,srl
ratchet_1pct,stage2.3,DWC side,stage2.3.dwc,stage2.3.thr_e,16,False,True,,2,,0,,24,srl
ratchet_1pct,stage2.3,DWC side,stage2.3.dwc,stage2.3.thr_m,19,False,True,,32,,0,,27,srl
ratchet_1pct,stage2.3,DWC side,stage2.3.dwc,stage2.3.thr_r,18,False,True,,2,,0,,26,srl
ratchet_1pct,stage2.3,DWC side,stage2.3.dwc,stage2.3.thr_s,48,False,True,,32,,0,,56,srl
ratchet_1pct,stage2.3,other intra-block,stage2.3.fmpad,stage2.3.swg,6,False,True,,17646,,12,,0,bram
ratchet_1pct,stage2.3,DWC side,stage2.3.mvau_e,stage2.3.dwc,32,False,True,,2,,0,,40,srl
ratchet_1pct,stage2.3,DWC side,stage2.3.mvau_m,stage2.3.dwc,38,False,True,,32,,0,,46,srl
ratchet_1pct,stage2.3,DWC side,stage2.3.mvau_r,stage2.3.dwc,36,False,True,,2,,0,,44,srl
ratchet_1pct,stage2.3,other intra-block,stage2.3.swg,stage2.3.mvau_m,6,False,True,,32,,0,,14,srl
ratchet_1pct,stage2.3,other intra-block,stage2.3.thr_e,stage2.3.add,6,False,True,,2,,0,,14,srl
ratchet_1pct,stage2.3,other intra-block,stage2.3.thr_m,stage2.3.mvau_e,6,False,True,,32,,0,,14,srl
ratchet_1pct,stage2.3,window prefetch (in front of FMPad),stage2.3.thr_r,stage2.3.fmpad,6,True,True,4234,1040,3,1,0,0,bram
ratchet_1pct,stage2.3,skip FIFO,stage2.3.thr_s,stage2.3.add,48,True,False,2296,,0,,0,,
ratchet_1pct,stage2.3,skip FIFO,stage2.3.thr_s,stage2.3.dwc,48,False,True,,2393,,0,,0,uram
ratchet_1pct,stage2.4,other intra-block,stage2.4.add,stage2.4.thr_out,7,False,True,,2,,0,,15,srl
ratchet_1pct,stage2.4,dup output,stage2.4.dup,stage2.4.mvau_r,6,False,True,,2,,0,,14,srl
ratchet_1pct,stage2.4,dup output,stage2.4.dup,stage2.4.thr_s,6,False,True,,2,,0,,14,srl
ratchet_1pct,stage2.4,DWC side,stage2.4.dwc,stage2.4.thr_e,16,False,True,,2,,0,,24,srl
ratchet_1pct,stage2.4,DWC side,stage2.4.dwc,stage2.4.thr_m,19,False,True,,2,,0,,27,srl
ratchet_1pct,stage2.4,DWC side,stage2.4.dwc,stage2.4.thr_r,18,False,True,,2,,0,,26,srl
ratchet_1pct,stage2.4,other intra-block,stage2.4.fmpad,stage2.4.swg,6,False,True,,2,,0,,14,srl
ratchet_1pct,stage2.4,DWC side,stage2.4.mvau_e,stage2.4.dwc,32,False,True,,2,,0,,40,srl
ratchet_1pct,stage2.4,DWC side,stage2.4.mvau_m,stage2.4.dwc,38,False,True,,2,,0,,46,srl
ratchet_1pct,stage2.4,DWC side,stage2.4.mvau_r,stage2.4.dwc,36,False,True,,2,,0,,44,srl
ratchet_1pct,stage2.4,other intra-block,stage2.4.swg,stage2.4.mvau_m,6,False,True,,2,,0,,14,srl
ratchet_1pct,stage2.4,other intra-block,stage2.4.thr_e,stage2.4.add,6,False,True,,2,,0,,14,srl
ratchet_1pct,stage2.4,other intra-block,stage2.4.thr_m,stage2.4.mvau_e,6,False,True,,2,,0,,14,srl
ratchet_1pct,stage2.4,window prefetch (in front of FMPad),stage2.4.thr_r,stage2.4.fmpad,6,True,True,538,538,1,1,0,0,bram
ratchet_1pct,stage2.4,skip FIFO,stage2.4.thr_s,stage2.4.add,6,True,True,2336,2440,2,2,0,0,bram
ratchet_1pct,stage2.5,other intra-block,stage2.5.add,stage2.5.thr_out,7,False,True,,2,,0,,15,srl
ratchet_1pct,stage2.5,dup output,stage2.5.dup,stage2.5.mvau_r,6,False,True,,2,,0,,14,srl
ratchet_1pct,stage2.5,dup output,stage2.5.dup,stage2.5.thr_s,6,False,True,,2,,0,,14,srl
ratchet_1pct,stage2.5,DWC side,stage2.5.dwc,stage2.5.thr_e,16,False,True,,2,,0,,24,srl
ratchet_1pct,stage2.5,DWC side,stage2.5.dwc,stage2.5.thr_m,19,False,True,,2,,0,,27,srl
ratchet_1pct,stage2.5,DWC side,stage2.5.dwc,stage2.5.thr_r,18,False,True,,2,,0,,26,srl
ratchet_1pct,stage2.5,other intra-block,stage2.5.fmpad,stage2.5.swg,6,False,True,,2,,0,,14,srl
ratchet_1pct,stage2.5,DWC side,stage2.5.mvau_e,stage2.5.dwc,32,False,True,,2,,0,,40,srl
ratchet_1pct,stage2.5,DWC side,stage2.5.mvau_m,stage2.5.dwc,38,False,True,,2,,0,,46,srl
ratchet_1pct,stage2.5,DWC side,stage2.5.mvau_r,stage2.5.dwc,36,False,True,,2,,0,,44,srl
ratchet_1pct,stage2.5,other intra-block,stage2.5.swg,stage2.5.mvau_m,6,False,True,,2,,0,,14,srl
ratchet_1pct,stage2.5,other intra-block,stage2.5.thr_e,stage2.5.add,6,False,True,,2,,0,,14,srl
ratchet_1pct,stage2.5,other intra-block,stage2.5.thr_m,stage2.5.mvau_e,6,False,True,,2,,0,,14,srl
ratchet_1pct,stage2.5,window prefetch (in front of FMPad),stage2.5.thr_r,stage2.5.fmpad,6,True,True,1066,1066,1,1,0,0,bram
ratchet_1pct,stage2.5,skip FIFO,stage2.5.thr_s,stage2.5.add,6,True,True,4640,4734,3,3,0,0,bram
ratchet_1pct,stage2.6,other intra-block,stage2.6.add,stage2.6.thr_out,7,False,True,,2,,0,,15,srl
ratchet_1pct,stage2.6,dup output,stage2.6.dup,stage2.6.mvau_r,6,False,True,,32,,0,,14,srl
ratchet_1pct,stage2.6,dup output,stage2.6.dup,stage2.6.thr_s,6,False,True,,32,,0,,14,srl
ratchet_1pct,stage2.6,DWC side,stage2.6.dwc,stage2.6.thr_e,16,False,True,,2,,0,,24,srl
ratchet_1pct,stage2.6,DWC side,stage2.6.dwc,stage2.6.thr_m,19,False,True,,32,,0,,27,srl
ratchet_1pct,stage2.6,DWC side,stage2.6.dwc,stage2.6.thr_r,18,False,True,,2,,0,,26,srl
ratchet_1pct,stage2.6,other intra-block,stage2.6.fmpad,stage2.6.swg,6,False,True,,6364,,3,,0,bram
ratchet_1pct,stage2.6,DWC side,stage2.6.mvau_e,stage2.6.dwc,32,False,True,,2,,0,,40,srl
ratchet_1pct,stage2.6,DWC side,stage2.6.mvau_m,stage2.6.dwc,38,False,True,,32,,0,,46,srl
ratchet_1pct,stage2.6,DWC side,stage2.6.mvau_r,stage2.6.dwc,36,False,True,,2,,0,,44,srl
ratchet_1pct,stage2.6,other intra-block,stage2.6.swg,stage2.6.mvau_m,6,False,True,,32,,0,,14,srl
ratchet_1pct,stage2.6,other intra-block,stage2.6.thr_e,stage2.6.add,6,False,True,,2,,0,,14,srl
ratchet_1pct,stage2.6,other intra-block,stage2.6.thr_m,stage2.6.mvau_e,6,False,True,,32,,0,,14,srl
ratchet_1pct,stage2.6,window prefetch (in front of FMPad),stage2.6.thr_r,stage2.6.fmpad,6,True,True,2122,392,2,1,0,0,bram
ratchet_1pct,stage2.6,skip FIFO,stage2.6.thr_s,stage2.6.add,6,True,True,9216,9414,6,6,0,0,bram
ratchet_1pct,stage2.7,other intra-block,stage2.7.add,stage2.7.thr_out,7,False,True,,2,,0,,15,srl
ratchet_1pct,stage2.7,dup output,stage2.7.dup,stage2.7.dwc,6,False,True,,32,,0,,14,srl
ratchet_1pct,stage2.7,dup output,stage2.7.dup,stage2.7.mvau_r,6,False,True,,32,,0,,14,srl
ratchet_1pct,stage2.7,DWC side,stage2.7.dwc,stage2.7.add,6,False,True,,32,,0,,14,srl
ratchet_1pct,stage2.7,DWC side,stage2.7.dwc,stage2.7.thr_e,16,False,True,,2,,0,,24,srl
ratchet_1pct,stage2.7,DWC side,stage2.7.dwc,stage2.7.thr_m,19,False,True,,32,,0,,27,srl
ratchet_1pct,stage2.7,DWC side,stage2.7.dwc,stage2.7.thr_r,18,False,True,,2,,0,,26,srl
ratchet_1pct,stage2.7,DWC side,stage2.7.dwc,stage2.7.thr_s,48,False,True,,32,,0,,56,srl
ratchet_1pct,stage2.7,other intra-block,stage2.7.fmpad,stage2.7.swg,6,False,True,,17646,,12,,0,bram
ratchet_1pct,stage2.7,DWC side,stage2.7.mvau_e,stage2.7.dwc,32,False,True,,2,,0,,40,srl
ratchet_1pct,stage2.7,DWC side,stage2.7.mvau_m,stage2.7.dwc,38,False,True,,32,,0,,46,srl
ratchet_1pct,stage2.7,DWC side,stage2.7.mvau_r,stage2.7.dwc,36,False,True,,2,,0,,44,srl
ratchet_1pct,stage2.7,other intra-block,stage2.7.swg,stage2.7.mvau_m,6,False,True,,32,,0,,14,srl
ratchet_1pct,stage2.7,other intra-block,stage2.7.thr_e,stage2.7.add,6,False,True,,2,,0,,14,srl
ratchet_1pct,stage2.7,other intra-block,stage2.7.thr_m,stage2.7.mvau_e,6,False,True,,32,,0,,14,srl
ratchet_1pct,stage2.7,window prefetch (in front of FMPad),stage2.7.thr_r,stage2.7.fmpad,6,True,True,4234,1040,3,1,0,0,bram
ratchet_1pct,stage2.7,skip FIFO,stage2.7.thr_s,stage2.7.add,48,True,False,2296,,0,,0,,
ratchet_1pct,stage2.7,skip FIFO,stage2.7.thr_s,stage2.7.dwc,48,False,True,,2393,,0,,0,uram
ratchet_1pct,stage3.0,other intra-block,stage3.0.add,stage3.0.thr_out,7,False,True,,2,,0,,15,srl
ratchet_1pct,stage3.0,dup output,stage3.0.dup,stage3.0.mvau_r,6,False,True,,2,,0,,14,srl
ratchet_1pct,stage3.0,dup output,stage3.0.dup,stage3.0.thr_s,6,False,True,,2,,0,,14,srl
ratchet_1pct,stage3.0,DWC side,stage3.0.dwc,stage3.0.thr_e,16,False,True,,2,,0,,24,srl
ratchet_1pct,stage3.0,DWC side,stage3.0.dwc,stage3.0.thr_m,19,False,True,,2,,0,,27,srl
ratchet_1pct,stage3.0,DWC side,stage3.0.dwc,stage3.0.thr_r,18,False,True,,2,,0,,26,srl
ratchet_1pct,stage3.0,other intra-block,stage3.0.fmpad,stage3.0.swg,6,False,True,,2,,0,,14,srl
ratchet_1pct,stage3.0,DWC side,stage3.0.mvau_e,stage3.0.dwc,32,False,True,,2,,0,,40,srl
ratchet_1pct,stage3.0,DWC side,stage3.0.mvau_m,stage3.0.dwc,38,False,True,,2,,0,,46,srl
ratchet_1pct,stage3.0,DWC side,stage3.0.mvau_r,stage3.0.dwc,36,False,True,,2,,0,,44,srl
ratchet_1pct,stage3.0,other intra-block,stage3.0.swg,stage3.0.mvau_m,6,False,True,,2,,0,,14,srl
ratchet_1pct,stage3.0,other intra-block,stage3.0.thr_e,stage3.0.add,6,False,True,,2,,0,,14,srl
ratchet_1pct,stage3.0,other intra-block,stage3.0.thr_m,stage3.0.mvau_e,6,False,True,,2,,0,,14,srl
ratchet_1pct,stage3.0,window prefetch (in front of FMPad),stage3.0.thr_r,stage3.0.fmpad,6,True,True,538,538,1,1,0,0,bram
ratchet_1pct,stage3.0,skip FIFO,stage3.0.thr_s,stage3.0.add,6,True,True,2336,2440,2,2,0,0,bram
ratchet_1pct,stage3.1,other intra-block,stage3.1.add,stage3.1.thr_out,7,False,True,,2,,0,,15,srl
ratchet_1pct,stage3.1,dup output,stage3.1.dup,stage3.1.mvau_r,6,False,True,,2,,0,,14,srl
ratchet_1pct,stage3.1,dup output,stage3.1.dup,stage3.1.thr_s,6,False,True,,2,,0,,14,srl
ratchet_1pct,stage3.1,DWC side,stage3.1.dwc,stage3.1.thr_e,16,False,True,,2,,0,,24,srl
ratchet_1pct,stage3.1,DWC side,stage3.1.dwc,stage3.1.thr_m,19,False,True,,2,,0,,27,srl
ratchet_1pct,stage3.1,DWC side,stage3.1.dwc,stage3.1.thr_r,18,False,True,,2,,0,,26,srl
ratchet_1pct,stage3.1,other intra-block,stage3.1.fmpad,stage3.1.swg,6,False,True,,2,,0,,14,srl
ratchet_1pct,stage3.1,DWC side,stage3.1.mvau_e,stage3.1.dwc,32,False,True,,2,,0,,40,srl
ratchet_1pct,stage3.1,DWC side,stage3.1.mvau_m,stage3.1.dwc,38,False,True,,2,,0,,46,srl
ratchet_1pct,stage3.1,DWC side,stage3.1.mvau_r,stage3.1.dwc,36,False,True,,2,,0,,44,srl
ratchet_1pct,stage3.1,other intra-block,stage3.1.swg,stage3.1.mvau_m,6,False,True,,2,,0,,14,srl
ratchet_1pct,stage3.1,other intra-block,stage3.1.thr_e,stage3.1.add,6,False,True,,2,,0,,14,srl
ratchet_1pct,stage3.1,other intra-block,stage3.1.thr_m,stage3.1.mvau_e,6,False,True,,2,,0,,14,srl
ratchet_1pct,stage3.1,window prefetch (in front of FMPad),stage3.1.thr_r,stage3.1.fmpad,6,True,True,1066,1066,1,1,0,0,bram
ratchet_1pct,stage3.1,skip FIFO,stage3.1.thr_s,stage3.1.add,6,True,True,4640,4734,3,3,0,0,bram
ratchet_1pct,stage3.2,other intra-block,stage3.2.add,stage3.2.thr_out,7,False,True,,2,,0,,15,srl
ratchet_1pct,stage3.2,dup output,stage3.2.dup,stage3.2.mvau_r,6,False,True,,32,,0,,14,srl
ratchet_1pct,stage3.2,dup output,stage3.2.dup,stage3.2.thr_s,6,False,True,,32,,0,,14,srl
ratchet_1pct,stage3.2,DWC side,stage3.2.dwc,stage3.2.thr_e,16,False,True,,2,,0,,24,srl
ratchet_1pct,stage3.2,DWC side,stage3.2.dwc,stage3.2.thr_m,19,False,True,,32,,0,,27,srl
ratchet_1pct,stage3.2,DWC side,stage3.2.dwc,stage3.2.thr_r,18,False,True,,2,,0,,26,srl
ratchet_1pct,stage3.2,other intra-block,stage3.2.fmpad,stage3.2.swg,6,False,True,,6364,,3,,0,bram
ratchet_1pct,stage3.2,DWC side,stage3.2.mvau_e,stage3.2.dwc,32,False,True,,2,,0,,40,srl
ratchet_1pct,stage3.2,DWC side,stage3.2.mvau_m,stage3.2.dwc,38,False,True,,32,,0,,46,srl
ratchet_1pct,stage3.2,DWC side,stage3.2.mvau_r,stage3.2.dwc,36,False,True,,2,,0,,44,srl
ratchet_1pct,stage3.2,other intra-block,stage3.2.swg,stage3.2.mvau_m,6,False,True,,32,,0,,14,srl
ratchet_1pct,stage3.2,other intra-block,stage3.2.thr_e,stage3.2.add,6,False,True,,2,,0,,14,srl
ratchet_1pct,stage3.2,other intra-block,stage3.2.thr_m,stage3.2.mvau_e,6,False,True,,32,,0,,14,srl
ratchet_1pct,stage3.2,window prefetch (in front of FMPad),stage3.2.thr_r,stage3.2.fmpad,6,True,True,2122,392,2,1,0,0,bram
ratchet_1pct,stage3.2,skip FIFO,stage3.2.thr_s,stage3.2.add,6,True,True,9216,9414,6,6,0,0,bram
ratchet_1pct,stage3.3,other intra-block,stage3.3.add,stage3.3.thr_out,7,False,True,,2,,0,,15,srl
ratchet_1pct,stage3.3,dup output,stage3.3.dup,stage3.3.dwc,6,False,True,,32,,0,,14,srl
ratchet_1pct,stage3.3,dup output,stage3.3.dup,stage3.3.mvau_r,6,False,True,,32,,0,,14,srl
ratchet_1pct,stage3.3,DWC side,stage3.3.dwc,stage3.3.add,6,False,True,,32,,0,,14,srl
ratchet_1pct,stage3.3,DWC side,stage3.3.dwc,stage3.3.thr_e,16,False,True,,2,,0,,24,srl
ratchet_1pct,stage3.3,DWC side,stage3.3.dwc,stage3.3.thr_m,19,False,True,,32,,0,,27,srl
ratchet_1pct,stage3.3,DWC side,stage3.3.dwc,stage3.3.thr_r,18,False,True,,2,,0,,26,srl
ratchet_1pct,stage3.3,DWC side,stage3.3.dwc,stage3.3.thr_s,48,False,True,,32,,0,,56,srl
ratchet_1pct,stage3.3,other intra-block,stage3.3.fmpad,stage3.3.swg,6,False,True,,17646,,12,,0,bram
ratchet_1pct,stage3.3,DWC side,stage3.3.mvau_e,stage3.3.dwc,32,False,True,,2,,0,,40,srl
ratchet_1pct,stage3.3,DWC side,stage3.3.mvau_m,stage3.3.dwc,38,False,True,,32,,0,,46,srl
ratchet_1pct,stage3.3,DWC side,stage3.3.mvau_r,stage3.3.dwc,36,False,True,,2,,0,,44,srl
ratchet_1pct,stage3.3,other intra-block,stage3.3.swg,stage3.3.mvau_m,6,False,True,,32,,0,,14,srl
ratchet_1pct,stage3.3,other intra-block,stage3.3.thr_e,stage3.3.add,6,False,True,,2,,0,,14,srl
ratchet_1pct,stage3.3,other intra-block,stage3.3.thr_m,stage3.3.mvau_e,6,False,True,,32,,0,,14,srl
ratchet_1pct,stage3.3,window prefetch (in front of FMPad),stage3.3.thr_r,stage3.3.fmpad,6,True,True,4234,1040,3,1,0,0,bram
ratchet_1pct,stage3.3,skip FIFO,stage3.3.thr_s,stage3.3.add,48,True,False,2296,,0,,0,,
ratchet_1pct,stage3.3,skip FIFO,stage3.3.thr_s,stage3.3.dwc,48,False,True,,2393,,0,,0,uram
ratchet_1pct,stage3.4,other intra-block,stage3.4.add,stage3.4.thr_out,7,False,True,,2,,0,,15,srl
ratchet_1pct,stage3.4,dup output,stage3.4.dup,stage3.4.mvau_r,6,False,True,,2,,0,,14,srl
ratchet_1pct,stage3.4,dup output,stage3.4.dup,stage3.4.thr_s,6,False,True,,2,,0,,14,srl
ratchet_1pct,stage3.4,DWC side,stage3.4.dwc,stage3.4.thr_e,16,False,True,,2,,0,,24,srl
ratchet_1pct,stage3.4,DWC side,stage3.4.dwc,stage3.4.thr_m,19,False,True,,2,,0,,27,srl
ratchet_1pct,stage3.4,DWC side,stage3.4.dwc,stage3.4.thr_r,18,False,True,,2,,0,,26,srl
ratchet_1pct,stage3.4,other intra-block,stage3.4.fmpad,stage3.4.swg,6,False,True,,2,,0,,14,srl
ratchet_1pct,stage3.4,DWC side,stage3.4.mvau_e,stage3.4.dwc,32,False,True,,2,,0,,40,srl
ratchet_1pct,stage3.4,DWC side,stage3.4.mvau_m,stage3.4.dwc,38,False,True,,2,,0,,46,srl
ratchet_1pct,stage3.4,DWC side,stage3.4.mvau_r,stage3.4.dwc,36,False,True,,2,,0,,44,srl
ratchet_1pct,stage3.4,other intra-block,stage3.4.swg,stage3.4.mvau_m,6,False,True,,2,,0,,14,srl
ratchet_1pct,stage3.4,other intra-block,stage3.4.thr_e,stage3.4.add,6,False,True,,2,,0,,14,srl
ratchet_1pct,stage3.4,other intra-block,stage3.4.thr_m,stage3.4.mvau_e,6,False,True,,2,,0,,14,srl
ratchet_1pct,stage3.4,window prefetch (in front of FMPad),stage3.4.thr_r,stage3.4.fmpad,6,True,True,538,538,1,1,0,0,bram
ratchet_1pct,stage3.4,skip FIFO,stage3.4.thr_s,stage3.4.add,6,True,True,2336,2440,2,2,0,0,bram
ratchet_1pct,stage3.5,other intra-block,stage3.5.add,stage3.5.thr_out,7,False,True,,2,,0,,15,srl
ratchet_1pct,stage3.5,dup output,stage3.5.dup,stage3.5.mvau_r,6,False,True,,2,,0,,14,srl
ratchet_1pct,stage3.5,dup output,stage3.5.dup,stage3.5.thr_s,6,False,True,,2,,0,,14,srl
ratchet_1pct,stage3.5,DWC side,stage3.5.dwc,stage3.5.thr_e,16,False,True,,2,,0,,24,srl
ratchet_1pct,stage3.5,DWC side,stage3.5.dwc,stage3.5.thr_m,19,False,True,,2,,0,,27,srl
ratchet_1pct,stage3.5,DWC side,stage3.5.dwc,stage3.5.thr_r,18,False,True,,2,,0,,26,srl
ratchet_1pct,stage3.5,other intra-block,stage3.5.fmpad,stage3.5.swg,6,False,True,,2,,0,,14,srl
ratchet_1pct,stage3.5,DWC side,stage3.5.mvau_e,stage3.5.dwc,32,False,True,,2,,0,,40,srl
ratchet_1pct,stage3.5,DWC side,stage3.5.mvau_m,stage3.5.dwc,38,False,True,,2,,0,,46,srl
ratchet_1pct,stage3.5,DWC side,stage3.5.mvau_r,stage3.5.dwc,36,False,True,,2,,0,,44,srl
ratchet_1pct,stage3.5,other intra-block,stage3.5.swg,stage3.5.mvau_m,6,False,True,,2,,0,,14,srl
ratchet_1pct,stage3.5,other intra-block,stage3.5.thr_e,stage3.5.add,6,False,True,,2,,0,,14,srl
ratchet_1pct,stage3.5,other intra-block,stage3.5.thr_m,stage3.5.mvau_e,6,False,True,,2,,0,,14,srl
ratchet_1pct,stage3.5,window prefetch (in front of FMPad),stage3.5.thr_r,stage3.5.fmpad,6,True,True,1066,1066,1,1,0,0,bram
ratchet_1pct,stage3.5,skip FIFO,stage3.5.thr_s,stage3.5.add,6,True,True,4640,4734,3,3,0,0,bram
ratchet_1pct,stage3.6,other intra-block,stage3.6.add,stage3.6.thr_out,7,False,True,,2,,0,,15,srl
ratchet_1pct,stage3.6,dup output,stage3.6.dup,stage3.6.mvau_r,6,False,True,,32,,0,,14,srl
ratchet_1pct,stage3.6,dup output,stage3.6.dup,stage3.6.thr_s,6,False,True,,32,,0,,14,srl
ratchet_1pct,stage3.6,DWC side,stage3.6.dwc,stage3.6.thr_e,16,False,True,,2,,0,,24,srl
ratchet_1pct,stage3.6,DWC side,stage3.6.dwc,stage3.6.thr_m,19,False,True,,32,,0,,27,srl
ratchet_1pct,stage3.6,DWC side,stage3.6.dwc,stage3.6.thr_r,18,False,True,,2,,0,,26,srl
ratchet_1pct,stage3.6,other intra-block,stage3.6.fmpad,stage3.6.swg,6,False,True,,6364,,3,,0,bram
ratchet_1pct,stage3.6,DWC side,stage3.6.mvau_e,stage3.6.dwc,32,False,True,,2,,0,,40,srl
ratchet_1pct,stage3.6,DWC side,stage3.6.mvau_m,stage3.6.dwc,38,False,True,,32,,0,,46,srl
ratchet_1pct,stage3.6,DWC side,stage3.6.mvau_r,stage3.6.dwc,36,False,True,,2,,0,,44,srl
ratchet_1pct,stage3.6,other intra-block,stage3.6.swg,stage3.6.mvau_m,6,False,True,,32,,0,,14,srl
ratchet_1pct,stage3.6,other intra-block,stage3.6.thr_e,stage3.6.add,6,False,True,,2,,0,,14,srl
ratchet_1pct,stage3.6,other intra-block,stage3.6.thr_m,stage3.6.mvau_e,6,False,True,,32,,0,,14,srl
ratchet_1pct,stage3.6,window prefetch (in front of FMPad),stage3.6.thr_r,stage3.6.fmpad,6,True,True,2122,392,2,1,0,0,bram
ratchet_1pct,stage3.6,skip FIFO,stage3.6.thr_s,stage3.6.add,6,True,True,9216,9414,6,6,0,0,bram
ratchet_1pct,stage3.7,other intra-block,stage3.7.add,stage3.7.thr_out,7,False,True,,2,,0,,15,srl
ratchet_1pct,stage3.7,dup output,stage3.7.dup,stage3.7.dwc,6,False,True,,32,,0,,14,srl
ratchet_1pct,stage3.7,dup output,stage3.7.dup,stage3.7.mvau_r,6,False,True,,32,,0,,14,srl
ratchet_1pct,stage3.7,DWC side,stage3.7.dwc,stage3.7.add,6,False,True,,32,,0,,14,srl
ratchet_1pct,stage3.7,DWC side,stage3.7.dwc,stage3.7.thr_e,16,False,True,,2,,0,,24,srl
ratchet_1pct,stage3.7,DWC side,stage3.7.dwc,stage3.7.thr_m,19,False,True,,32,,0,,27,srl
ratchet_1pct,stage3.7,DWC side,stage3.7.dwc,stage3.7.thr_r,18,False,True,,2,,0,,26,srl
ratchet_1pct,stage3.7,DWC side,stage3.7.dwc,stage3.7.thr_s,48,False,True,,32,,0,,56,srl
ratchet_1pct,stage3.7,other intra-block,stage3.7.fmpad,stage3.7.swg,6,False,True,,17646,,12,,0,bram
ratchet_1pct,stage3.7,DWC side,stage3.7.mvau_e,stage3.7.dwc,32,False,True,,2,,0,,40,srl
ratchet_1pct,stage3.7,DWC side,stage3.7.mvau_m,stage3.7.dwc,38,False,True,,32,,0,,46,srl
ratchet_1pct,stage3.7,DWC side,stage3.7.mvau_r,stage3.7.dwc,36,False,True,,2,,0,,44,srl
ratchet_1pct,stage3.7,other intra-block,stage3.7.swg,stage3.7.mvau_m,6,False,True,,32,,0,,14,srl
ratchet_1pct,stage3.7,other intra-block,stage3.7.thr_e,stage3.7.add,6,False,True,,2,,0,,14,srl
ratchet_1pct,stage3.7,other intra-block,stage3.7.thr_m,stage3.7.mvau_e,6,False,True,,32,,0,,14,srl
ratchet_1pct,stage3.7,window prefetch (in front of FMPad),stage3.7.thr_r,stage3.7.fmpad,6,True,True,4234,1040,3,1,0,0,bram
ratchet_1pct,stage3.7,skip FIFO,stage3.7.thr_s,stage3.7.add,48,True,False,2296,,0,,0,,
ratchet_1pct,stage3.7,skip FIFO,stage3.7.thr_s,stage3.7.dwc,48,False,True,,2393,,0,,0,uram
ratchet_1pct,up4,other intra-block,up4.add,up4.thr_out,7,False,True,,2,,0,,15,srl
ratchet_1pct,up4,dup output,up4.dup,up4.mvau_p,6,False,True,,8,,0,,14,srl
ratchet_1pct,up4,dup output,up4.dup,up4.mvau_r,6,False,True,,8,,0,,14,srl
ratchet_1pct,up4,DWC side,up4.dwc,up4.thr_e,16,False,True,,2,,0,,24,srl
ratchet_1pct,up4,DWC side,up4.dwc,up4.thr_p,18,False,True,,6,,0,,26,srl
ratchet_1pct,up4,DWC side,up4.dwc,up4.thr_r,18,False,True,,8,,0,,26,srl
ratchet_1pct,up4,DWC side,up4.dwc,up4.thr_s,6,False,True,,8,,0,,14,srl
ratchet_1pct,up4,DWC side,up4.dwc,up4.thr_u,18,False,True,,2,,0,,26,srl
ratchet_1pct,up4,DWC side,up4.dwc,up4.upnn,96,False,True,,8,,0,,104,srl
ratchet_1pct,up4,other intra-block,up4.fmpad_u,up4.swg_u,6,False,True,,8,,0,,14,srl
ratchet_1pct,up4,window prefetch (in front of FMPad),up4.fmpadpix,up4.fmpad_u,6,False,True,,72,,1,,0,bram
ratchet_1pct,up4,DWC side,up4.mvau_e,up4.dwc,64,False,True,,2,,0,,72,srl
ratchet_1pct,up4,DWC side,up4.mvau_p,up4.dwc,72,False,True,,2,,0,,80,srl
ratchet_1pct,up4,DWC side,up4.mvau_r,up4.dwc,36,False,True,,8,,0,,44,srl
ratchet_1pct,up4,DWC side,up4.mvau_u,up4.dwc,144,False,True,,2,,0,,152,srl
ratchet_1pct,up4,other intra-block,up4.swg_u,up4.mvau_u,6,False,True,,2,,0,,14,srl
ratchet_1pct,up4,skip FIFO,up4.thr_e,up4.add,6,True,True,512,512,1,1,0,0,bram
ratchet_1pct,up4,DWC side,up4.thr_p,up4.dwc,6,False,True,,8,,0,,14,srl
ratchet_1pct,up4,window prefetch (in front of FMPad),up4.thr_r,up4.fmpadpix,6,False,True,,72,,1,,0,bram
ratchet_1pct,up4,other intra-block,up4.thr_s,up4.add,6,True,True,1536,368,1,1,0,0,bram
ratchet_1pct,up4,other intra-block,up4.thr_u,up4.mvau_e,6,False,True,,2,,0,,14,srl
ratchet_1pct,up4,DWC side,up4.upnn,up4.dwc,96,False,True,,8,,0,,104,srl
ratchet_1pct,up5,other intra-block,up5.add,up5.thr_out,7,False,True,,2,,0,,15,srl
ratchet_1pct,up5,dup output,up5.dup,up5.mvau_p,6,False,True,,16,,0,,14,srl
ratchet_1pct,up5,dup output,up5.dup,up5.mvau_r,6,False,True,,16,,0,,14,srl
ratchet_1pct,up5,window prefetch (in front of FMPad),up5.dwc,up5.fmpadpix,12,False,True,,48,,0,,32,srl
ratchet_1pct,up5,DWC side,up5.dwc,up5.thr_e,15,False,True,,2,,0,,23,srl
ratchet_1pct,up5,DWC side,up5.dwc,up5.thr_p,17,False,True,,16,,0,,25,srl
ratchet_1pct,up5,DWC side,up5.dwc,up5.thr_r,17,False,True,,16,,0,,25,srl
ratchet_1pct,up5,DWC side,up5.dwc,up5.thr_s,6,False,True,,16,,0,,14,srl
ratchet_1pct,up5,DWC side,up5.dwc,up5.thr_u,17,False,True,,2,,0,,25,srl
ratchet_1pct,up5,DWC side,up5.dwc,up5.upnn,24,False,True,,16,,0,,32,srl
ratchet_1pct,up5,other intra-block,up5.fmpad_u,up5.swg_u,12,False,True,,16,,0,,20,srl
ratchet_1pct,up5,window prefetch (in front of FMPad),up5.fmpadpix,up5.fmpad_u,12,False,True,,48,,0,,32,srl
ratchet_1pct,up5,DWC side,up5.mvau_e,up5.dwc,30,False,True,,2,,0,,38,srl
ratchet_1pct,up5,DWC side,up5.mvau_p,up5.dwc,34,False,True,,16,,0,,42,srl
ratchet_1pct,up5,DWC side,up5.mvau_r,up5.dwc,34,False,True,,16,,0,,42,srl
ratchet_1pct,up5,DWC side,up5.mvau_u,up5.dwc,68,False,True,,2,,0,,76,srl
ratchet_1pct,up5,other intra-block,up5.swg_u,up5.mvau_u,12,False,True,,2,,0,,20,srl
ratchet_1pct,up5,skip FIFO,up5.thr_e,up5.add,6,True,True,256,256,1,1,0,0,bram
ratchet_1pct,up5,DWC side,up5.thr_p,up5.dwc,6,False,True,,16,,0,,14,srl
ratchet_1pct,up5,DWC side,up5.thr_r,up5.dwc,6,False,True,,16,,0,,14,srl
ratchet_1pct,up5,other intra-block,up5.thr_s,up5.add,6,True,True,768,166,1,1,0,0,bram
ratchet_1pct,up5,other intra-block,up5.thr_u,up5.mvau_e,6,False,True,,2,,0,,14,srl
ratchet_1pct,up5,DWC side,up5.upnn,up5.dwc,24,False,True,,16,,0,,32,srl
ratchet_25pct,down1,other intra-block,down1.add,down1.thr_out,7,False,True,,2,,0,,15,srl
ratchet_25pct,down1,dup output,down1.dup,down1.dwc,6,False,True,,4,,0,,14,srl
ratchet_25pct,down1,dup output,down1.dup,down1.swg_r,6,False,True,,238,,1,,0,bram
ratchet_25pct,down1,DWC side,down1.dwc,down1.maxpool,24,False,True,,4,,0,,32,srl
ratchet_25pct,down1,DWC side,down1.dwc,down1.mvau_s,6,False,True,,4,,0,,14,srl
ratchet_25pct,down1,DWC side,down1.dwc,down1.thr_e,15,False,True,,2,,0,,23,srl
ratchet_25pct,down1,DWC side,down1.dwc,down1.thr_m,18,False,True,,2,,0,,26,srl
ratchet_25pct,down1,DWC side,down1.dwc,down1.thr_r,17,False,True,,2,,0,,25,srl
ratchet_25pct,down1,DWC side,down1.dwc,down1.thr_s,17,False,True,,4,,0,,25,srl
ratchet_25pct,down1,other intra-block,down1.fmpad,down1.swg_m,6,False,True,,532,,1,,0,bram
ratchet_25pct,down1,DWC side,down1.maxpool,down1.dwc,24,False,True,,4,,0,,32,srl
ratchet_25pct,down1,DWC side,down1.mvau_e,down1.dwc,30,False,True,,2,,0,,38,srl
ratchet_25pct,down1,DWC side,down1.mvau_m,down1.dwc,72,False,True,,2,,0,,80,srl
ratchet_25pct,down1,DWC side,down1.mvau_r,down1.dwc,34,False,True,,2,,0,,42,srl
ratchet_25pct,down1,DWC side,down1.mvau_s,down1.dwc,34,False,True,,4,,0,,42,srl
ratchet_25pct,down1,other intra-block,down1.swg_m,down1.mvau_m,6,False,True,,2,,0,,14,srl
ratchet_25pct,down1,other intra-block,down1.swg_r,down1.mvau_r,6,False,True,,4,,0,,14,srl
ratchet_25pct,down1,other intra-block,down1.thr_e,down1.add,6,False,True,,2,,0,,14,srl
ratchet_25pct,down1,other intra-block,down1.thr_m,down1.mvau_e,6,False,True,,2,,0,,14,srl
ratchet_25pct,down1,window prefetch (in front of FMPad),down1.thr_r,down1.fmpad,6,True,True,266,66,1,1,0,0,bram
ratchet_25pct,down1,skip FIFO,down1.thr_s,down1.add,6,True,True,1280,1360,1,1,0,0,bram
ratchet_25pct,down2,other intra-block,down2.add,down2.thr_out,7,False,True,,2,,0,,15,srl
ratchet_25pct,down2,dup output,down2.dup,down2.dwc,6,False,True,,2,,0,,14,srl
ratchet_25pct,down2,dup output,down2.dup,down2.swg_r,6,False,True,,479,,1,,0,bram
ratchet_25pct,down2,DWC side,down2.dwc,down2.maxpool,96,False,True,,2,,0,,104,srl
ratchet_25pct,down2,DWC side,down2.dwc,down2.mvau_s,12,False,True,,2,,0,,20,srl
ratchet_25pct,down2,DWC side,down2.dwc,down2.thr_e,16,False,True,,2,,0,,24,srl
ratchet_25pct,down2,DWC side,down2.dwc,down2.thr_m,19,False,True,,2,,0,,27,srl
ratchet_25pct,down2,DWC side,down2.dwc,down2.thr_r,19,False,True,,2,,0,,27,srl
ratchet_25pct,down2,DWC side,down2.dwc,down2.thr_s,19,False,True,,2,,0,,27,srl
ratchet_25pct,down2,other intra-block,down2.fmpad,down2.swg_m,6,False,True,,2,,0,,14,srl
ratchet_25pct,down2,DWC side,down2.maxpool,down2.dwc,96,False,True,,2,,0,,104,srl
ratchet_25pct,down2,DWC side,down2.mvau_e,down2.dwc,32,False,True,,2,,0,,40,srl
ratchet_25pct,down2,DWC side,down2.mvau_m,down2.dwc,76,False,True,,2,,0,,84,srl
ratchet_25pct,down2,DWC side,down2.mvau_r,down2.dwc,76,False,True,,2,,0,,84,srl
ratchet_25pct,down2,DWC side,down2.mvau_s,down2.dwc,38,False,True,,2,,0,,46,srl
ratchet_25pct,down2,other intra-block,down2.swg_m,down2.mvau_m,6,False,True,,2,,0,,14,srl
ratchet_25pct,down2,other intra-block,down2.swg_r,down2.mvau_r,6,False,True,,2,,0,,14,srl
ratchet_25pct,down2,other intra-block,down2.thr_e,down2.add,6,False,True,,2,,0,,14,srl
ratchet_25pct,down2,other intra-block,down2.thr_m,down2.mvau_e,6,False,True,,2,,0,,14,srl
ratchet_25pct,down2,window prefetch (in front of FMPad),down2.thr_r,down2.fmpad,6,True,True,274,274,1,1,0,0,bram
ratchet_25pct,down2,skip FIFO,down2.thr_s,down2.add,6,True,True,1344,1370,1,1,0,0,bram
ratchet_25pct,final,DWC side,final.bias,final.dwc,18,False,True,,2,,0,,26,srl
ratchet_25pct,final,DWC side,final.dwc,final.bias,17,False,True,,2,,0,,25,srl
ratchet_25pct,final,DWC side,final.dwc,final.label_select,90,False,True,,2,,0,,98,srl
ratchet_25pct,final,DWC side,final.dwc,final.mvau_f,48,False,True,,2,,0,,56,srl
ratchet_25pct,final,other intra-block,final.fmpad_u,final.swg_u,24,False,True,,2,,0,,32,srl
ratchet_25pct,final,window prefetch (in front of FMPad),final.fmpadpix,final.fmpad_u,24,False,True,,4,,0,,32,srl
ratchet_25pct,final,DWC side,final.mvau_f,final.dwc,85,False,True,,2,,0,,93,srl
ratchet_25pct,final,DWC side,final.swg_u,final.dwc,96,False,True,,2,,0,,104,srl
ratchet_25pct,initial,DWC side,initial.concat,initial.dwc,24,False,True,,2,,0,,32,srl
ratchet_25pct,initial,window prefetch (in front of FMPad),initial.dup,initial.fmpad,6,True,True,260,260,1,1,0,0,bram
ratchet_25pct,initial,dup output,initial.dup,initial.thr_m,6,False,True,,2,,0,,14,srl
ratchet_25pct,initial,DWC side,initial.dwc,initial.concat,24,False,True,,2,,0,,32,srl
ratchet_25pct,initial,DWC side,initial.dwc,initial.thr_act,6,False,True,,2,,0,,14,srl
ratchet_25pct,initial,DWC side,initial.dwc,initial.thr_c,16,False,True,,2,,0,,24,srl
ratchet_25pct,initial,other intra-block,initial.fmpad,initial.swg,6,False,True,,2,,0,,14,srl
ratchet_25pct,initial,skip FIFO,initial.maxpool,initial.concat,6,False,True,,130,,1,,0,bram
ratchet_25pct,initial,DWC side,initial.mvau_c,initial.dwc,48,False,True,,2,,0,,56,srl
ratchet_25pct,initial,other intra-block,initial.swg,initial.mvau_c,6,False,True,,2,,0,,14,srl
ratchet_25pct,initial,DWC side,initial.thr_c,initial.dwc,6,False,True,,4,,0,,14,srl
ratchet_25pct,initial,other intra-block,initial.thr_in,initial.dup,6,False,True,,2,,0,,14,srl
ratchet_25pct,initial,other intra-block,initial.thr_m,initial.maxpool,6,False,True,,2,,0,,14,srl
ratchet_25pct,regular1.0,other intra-block,regular1.0.add,regular1.0.thr_out,7,False,True,,2,,0,,15,srl
ratchet_25pct,regular1.0,dup output,regular1.0.dup,regular1.0.mvau_r,6,False,True,,2,,0,,14,srl
ratchet_25pct,regular1.0,dup output,regular1.0.dup,regular1.0.thr_s,6,False,True,,2,,0,,14,srl
ratchet_25pct,regular1.0,DWC side,regular1.0.dwc,regular1.0.thr_e,15,False,True,,2,,0,,23,srl
ratchet_25pct,regular1.0,DWC side,regular1.0.dwc,regular1.0.thr_m,18,False,True,,2,,0,,26,srl
ratchet_25pct,regular1.0,DWC side,regular1.0.dwc,regular1.0.thr_r,17,False,True,,2,,0,,25,srl
ratchet_25pct,regular1.0,other intra-block,regular1.0.fmpad,regular1.0.swg,6,False,True,,2,,0,,14,srl
ratchet_25pct,regular1.0,DWC side,regular1.0.mvau_e,regular1.0.dwc,30,False,True,,2,,0,,38,srl
ratchet_25pct,regular1.0,DWC side,regular1.0.mvau_m,regular1.0.dwc,72,False,True,,2,,0,,80,srl
ratchet_25pct,regular1.0,DWC side,regular1.0.mvau_r,regular1.0.dwc,34,False,True,,2,,0,,42,srl
ratchet_25pct,regular1.0,other intra-block,regular1.0.swg,regular1.0.mvau_m,6,False,True,,2,,0,,14,srl
ratchet_25pct,regular1.0,other intra-block,regular1.0.thr_e,regular1.0.add,6,False,True,,2,,0,,14,srl
ratchet_25pct,regular1.0,other intra-block,regular1.0.thr_m,regular1.0.mvau_e,6,False,True,,2,,0,,14,srl
ratchet_25pct,regular1.0,window prefetch (in front of FMPad),regular1.0.thr_r,regular1.0.fmpad,6,True,True,266,266,1,1,0,0,bram
ratchet_25pct,regular1.0,skip FIFO,regular1.0.thr_s,regular1.0.add,6,True,True,1152,1308,1,1,0,0,bram
ratchet_25pct,regular1.1,other intra-block,regular1.1.add,regular1.1.thr_out,7,False,True,,2,,0,,15,srl
ratchet_25pct,regular1.1,dup output,regular1.1.dup,regular1.1.mvau_r,6,False,True,,2,,0,,14,srl
ratchet_25pct,regular1.1,dup output,regular1.1.dup,regular1.1.thr_s,6,False,True,,2,,0,,14,srl
ratchet_25pct,regular1.1,DWC side,regular1.1.dwc,regular1.1.thr_e,15,False,True,,2,,0,,23,srl
ratchet_25pct,regular1.1,DWC side,regular1.1.dwc,regular1.1.thr_m,18,False,True,,2,,0,,26,srl
ratchet_25pct,regular1.1,DWC side,regular1.1.dwc,regular1.1.thr_r,17,False,True,,2,,0,,25,srl
ratchet_25pct,regular1.1,other intra-block,regular1.1.fmpad,regular1.1.swg,6,False,True,,2,,0,,14,srl
ratchet_25pct,regular1.1,DWC side,regular1.1.mvau_e,regular1.1.dwc,30,False,True,,2,,0,,38,srl
ratchet_25pct,regular1.1,DWC side,regular1.1.mvau_m,regular1.1.dwc,72,False,True,,2,,0,,80,srl
ratchet_25pct,regular1.1,DWC side,regular1.1.mvau_r,regular1.1.dwc,34,False,True,,2,,0,,42,srl
ratchet_25pct,regular1.1,other intra-block,regular1.1.swg,regular1.1.mvau_m,6,False,True,,2,,0,,14,srl
ratchet_25pct,regular1.1,other intra-block,regular1.1.thr_e,regular1.1.add,6,False,True,,2,,0,,14,srl
ratchet_25pct,regular1.1,other intra-block,regular1.1.thr_m,regular1.1.mvau_e,6,False,True,,2,,0,,14,srl
ratchet_25pct,regular1.1,window prefetch (in front of FMPad),regular1.1.thr_r,regular1.1.fmpad,6,True,True,266,266,1,1,0,0,bram
ratchet_25pct,regular1.1,skip FIFO,regular1.1.thr_s,regular1.1.add,6,True,True,1152,1308,1,1,0,0,bram
ratchet_25pct,regular1.2,other intra-block,regular1.2.add,regular1.2.thr_out,7,False,True,,2,,0,,15,srl
ratchet_25pct,regular1.2,dup output,regular1.2.dup,regular1.2.mvau_r,6,False,True,,2,,0,,14,srl
ratchet_25pct,regular1.2,dup output,regular1.2.dup,regular1.2.thr_s,6,False,True,,2,,0,,14,srl
ratchet_25pct,regular1.2,DWC side,regular1.2.dwc,regular1.2.thr_e,15,False,True,,2,,0,,23,srl
ratchet_25pct,regular1.2,DWC side,regular1.2.dwc,regular1.2.thr_m,18,False,True,,2,,0,,26,srl
ratchet_25pct,regular1.2,DWC side,regular1.2.dwc,regular1.2.thr_r,17,False,True,,2,,0,,25,srl
ratchet_25pct,regular1.2,other intra-block,regular1.2.fmpad,regular1.2.swg,6,False,True,,2,,0,,14,srl
ratchet_25pct,regular1.2,DWC side,regular1.2.mvau_e,regular1.2.dwc,30,False,True,,2,,0,,38,srl
ratchet_25pct,regular1.2,DWC side,regular1.2.mvau_m,regular1.2.dwc,72,False,True,,2,,0,,80,srl
ratchet_25pct,regular1.2,DWC side,regular1.2.mvau_r,regular1.2.dwc,34,False,True,,2,,0,,42,srl
ratchet_25pct,regular1.2,other intra-block,regular1.2.swg,regular1.2.mvau_m,6,False,True,,2,,0,,14,srl
ratchet_25pct,regular1.2,other intra-block,regular1.2.thr_e,regular1.2.add,6,False,True,,2,,0,,14,srl
ratchet_25pct,regular1.2,other intra-block,regular1.2.thr_m,regular1.2.mvau_e,6,False,True,,2,,0,,14,srl
ratchet_25pct,regular1.2,window prefetch (in front of FMPad),regular1.2.thr_r,regular1.2.fmpad,6,True,True,266,266,1,1,0,0,bram
ratchet_25pct,regular1.2,skip FIFO,regular1.2.thr_s,regular1.2.add,6,True,True,1152,1308,1,1,0,0,bram
ratchet_25pct,regular1.3,other intra-block,regular1.3.add,regular1.3.thr_out,7,False,True,,2,,0,,15,srl
ratchet_25pct,regular1.3,dup output,regular1.3.dup,regular1.3.mvau_r,6,False,True,,2,,0,,14,srl
ratchet_25pct,regular1.3,dup output,regular1.3.dup,regular1.3.thr_s,6,False,True,,2,,0,,14,srl
ratchet_25pct,regular1.3,DWC side,regular1.3.dwc,regular1.3.thr_e,15,False,True,,2,,0,,23,srl
ratchet_25pct,regular1.3,DWC side,regular1.3.dwc,regular1.3.thr_m,18,False,True,,2,,0,,26,srl
ratchet_25pct,regular1.3,DWC side,regular1.3.dwc,regular1.3.thr_r,17,False,True,,2,,0,,25,srl
ratchet_25pct,regular1.3,other intra-block,regular1.3.fmpad,regular1.3.swg,6,False,True,,2,,0,,14,srl
ratchet_25pct,regular1.3,DWC side,regular1.3.mvau_e,regular1.3.dwc,30,False,True,,2,,0,,38,srl
ratchet_25pct,regular1.3,DWC side,regular1.3.mvau_m,regular1.3.dwc,72,False,True,,2,,0,,80,srl
ratchet_25pct,regular1.3,DWC side,regular1.3.mvau_r,regular1.3.dwc,34,False,True,,2,,0,,42,srl
ratchet_25pct,regular1.3,other intra-block,regular1.3.swg,regular1.3.mvau_m,6,False,True,,2,,0,,14,srl
ratchet_25pct,regular1.3,other intra-block,regular1.3.thr_e,regular1.3.add,6,False,True,,2,,0,,14,srl
ratchet_25pct,regular1.3,other intra-block,regular1.3.thr_m,regular1.3.mvau_e,6,False,True,,2,,0,,14,srl
ratchet_25pct,regular1.3,window prefetch (in front of FMPad),regular1.3.thr_r,regular1.3.fmpad,6,True,True,266,266,1,1,0,0,bram
ratchet_25pct,regular1.3,skip FIFO,regular1.3.thr_s,regular1.3.add,6,True,True,1152,1308,1,1,0,0,bram
ratchet_25pct,regular4.0,other intra-block,regular4.0.add,regular4.0.thr_out,7,False,True,,2,,0,,15,srl
ratchet_25pct,regular4.0,dup output,regular4.0.dup,regular4.0.mvau_r,6,False,True,,2,,0,,14,srl
ratchet_25pct,regular4.0,dup output,regular4.0.dup,regular4.0.thr_s,6,False,True,,2,,0,,14,srl
ratchet_25pct,regular4.0,DWC side,regular4.0.dwc,regular4.0.thr_e,15,False,True,,2,,0,,23,srl
ratchet_25pct,regular4.0,DWC side,regular4.0.dwc,regular4.0.thr_m,18,False,True,,2,,0,,26,srl
ratchet_25pct,regular4.0,DWC side,regular4.0.dwc,regular4.0.thr_r,17,False,True,,2,,0,,25,srl
ratchet_25pct,regular4.0,other intra-block,regular4.0.fmpad,regular4.0.swg,6,False,True,,2,,0,,14,srl
ratchet_25pct,regular4.0,DWC side,regular4.0.mvau_e,regular4.0.dwc,30,False,True,,2,,0,,38,srl
ratchet_25pct,regular4.0,DWC side,regular4.0.mvau_m,regular4.0.dwc,72,False,True,,2,,0,,80,srl
ratchet_25pct,regular4.0,DWC side,regular4.0.mvau_r,regular4.0.dwc,34,False,True,,2,,0,,42,srl
ratchet_25pct,regular4.0,other intra-block,regular4.0.swg,regular4.0.mvau_m,6,False,True,,2,,0,,14,srl
ratchet_25pct,regular4.0,other intra-block,regular4.0.thr_e,regular4.0.add,6,False,True,,2,,0,,14,srl
ratchet_25pct,regular4.0,other intra-block,regular4.0.thr_m,regular4.0.mvau_e,6,False,True,,2,,0,,14,srl
ratchet_25pct,regular4.0,window prefetch (in front of FMPad),regular4.0.thr_r,regular4.0.fmpad,6,True,True,266,266,1,1,0,0,bram
ratchet_25pct,regular4.0,skip FIFO,regular4.0.thr_s,regular4.0.add,6,True,True,1152,1308,1,1,0,0,bram
ratchet_25pct,regular4.1,other intra-block,regular4.1.add,regular4.1.thr_out,7,False,True,,2,,0,,15,srl
ratchet_25pct,regular4.1,dup output,regular4.1.dup,regular4.1.mvau_r,6,False,True,,2,,0,,14,srl
ratchet_25pct,regular4.1,dup output,regular4.1.dup,regular4.1.thr_s,6,False,True,,2,,0,,14,srl
ratchet_25pct,regular4.1,DWC side,regular4.1.dwc,regular4.1.thr_e,15,False,True,,2,,0,,23,srl
ratchet_25pct,regular4.1,DWC side,regular4.1.dwc,regular4.1.thr_m,18,False,True,,2,,0,,26,srl
ratchet_25pct,regular4.1,DWC side,regular4.1.dwc,regular4.1.thr_r,17,False,True,,2,,0,,25,srl
ratchet_25pct,regular4.1,other intra-block,regular4.1.fmpad,regular4.1.swg,6,False,True,,2,,0,,14,srl
ratchet_25pct,regular4.1,DWC side,regular4.1.mvau_e,regular4.1.dwc,30,False,True,,2,,0,,38,srl
ratchet_25pct,regular4.1,DWC side,regular4.1.mvau_m,regular4.1.dwc,72,False,True,,2,,0,,80,srl
ratchet_25pct,regular4.1,DWC side,regular4.1.mvau_r,regular4.1.dwc,34,False,True,,2,,0,,42,srl
ratchet_25pct,regular4.1,other intra-block,regular4.1.swg,regular4.1.mvau_m,6,False,True,,2,,0,,14,srl
ratchet_25pct,regular4.1,other intra-block,regular4.1.thr_e,regular4.1.add,6,False,True,,2,,0,,14,srl
ratchet_25pct,regular4.1,other intra-block,regular4.1.thr_m,regular4.1.mvau_e,6,False,True,,2,,0,,14,srl
ratchet_25pct,regular4.1,window prefetch (in front of FMPad),regular4.1.thr_r,regular4.1.fmpad,6,True,True,266,266,1,1,0,0,bram
ratchet_25pct,regular4.1,skip FIFO,regular4.1.thr_s,regular4.1.add,6,True,True,1152,1308,1,1,0,0,bram
ratchet_25pct,regular5.0,other intra-block,regular5.0.add,regular5.0.thr_out,7,False,True,,2,,0,,15,srl
ratchet_25pct,regular5.0,dup output,regular5.0.dup,regular5.0.mvau_r,6,False,True,,2,,0,,14,srl
ratchet_25pct,regular5.0,dup output,regular5.0.dup,regular5.0.thr_s,6,False,True,,2,,0,,14,srl
ratchet_25pct,regular5.0,other intra-block,regular5.0.fmpad,regular5.0.swg,6,False,True,,2,,0,,14,srl
ratchet_25pct,regular5.0,other intra-block,regular5.0.mvau_e,regular5.0.thr_e,13,False,True,,2,,0,,21,srl
ratchet_25pct,regular5.0,other intra-block,regular5.0.mvau_m,regular5.0.thr_m,16,False,True,,2,,0,,24,srl
ratchet_25pct,regular5.0,other intra-block,regular5.0.mvau_r,regular5.0.thr_r,15,False,True,,2,,0,,23,srl
ratchet_25pct,regular5.0,other intra-block,regular5.0.swg,regular5.0.mvau_m,6,False,True,,2,,0,,14,srl
ratchet_25pct,regular5.0,other intra-block,regular5.0.thr_e,regular5.0.add,6,False,True,,2,,0,,14,srl
ratchet_25pct,regular5.0,other intra-block,regular5.0.thr_m,regular5.0.mvau_e,6,False,True,,2,,0,,14,srl
ratchet_25pct,regular5.0,window prefetch (in front of FMPad),regular5.0.thr_r,regular5.0.fmpad,6,True,True,132,132,1,1,0,0,bram
ratchet_25pct,regular5.0,skip FIFO,regular5.0.thr_s,regular5.0.add,6,True,True,568,693,1,1,0,0,bram
ratchet_25pct,stage2.0,other intra-block,stage2.0.add,stage2.0.thr_out,7,False,True,,2,,0,,15,srl
ratchet_25pct,stage2.0,dup output,stage2.0.dup,stage2.0.mvau_r,6,False,True,,2,,0,,14,srl
ratchet_25pct,stage2.0,dup output,stage2.0.dup,stage2.0.thr_s,6,False,True,,2,,0,,14,srl
ratchet_25pct,stage2.0,DWC side,stage2.0.dwc,stage2.0.thr_e,16,False,True,,2,,0,,24,srl
ratchet_25pct,stage2.0,DWC side,stage2.0.dwc,stage2.0.thr_m,19,False,True,,2,,0,,27,srl
ratchet_25pct,stage2.0,DWC side,stage2.0.dwc,stage2.0.thr_r,18,False,True,,2,,0,,26,srl
ratchet_25pct,stage2.0,other intra-block,stage2.0.fmpad,stage2.0.swg,6,False,True,,2,,0,,14,srl
ratchet_25pct,stage2.0,DWC side,stage2.0.mvau_e,stage2.0.dwc,32,False,True,,2,,0,,40,srl
ratchet_25pct,stage2.0,DWC side,stage2.0.mvau_m,stage2.0.dwc,76,False,True,,2,,0,,84,srl
ratchet_25pct,stage2.0,DWC side,stage2.0.mvau_r,stage2.0.dwc,36,False,True,,2,,0,,44,srl
ratchet_25pct,stage2.0,other intra-block,stage2.0.swg,stage2.0.mvau_m,6,False,True,,2,,0,,14,srl
ratchet_25pct,stage2.0,other intra-block,stage2.0.thr_e,stage2.0.add,6,False,True,,2,,0,,14,srl
ratchet_25pct,stage2.0,other intra-block,stage2.0.thr_m,stage2.0.mvau_e,6,False,True,,2,,0,,14,srl
ratchet_25pct,stage2.0,window prefetch (in front of FMPad),stage2.0.thr_r,stage2.0.fmpad,6,True,True,538,538,1,1,0,0,bram
ratchet_25pct,stage2.0,skip FIFO,stage2.0.thr_s,stage2.0.add,6,True,True,2336,2480,2,2,0,0,bram
ratchet_25pct,stage2.1,other intra-block,stage2.1.add,stage2.1.thr_out,7,False,True,,2,,0,,15,srl
ratchet_25pct,stage2.1,dup output,stage2.1.dup,stage2.1.mvau_r,6,False,True,,2,,0,,14,srl
ratchet_25pct,stage2.1,dup output,stage2.1.dup,stage2.1.thr_s,6,False,True,,2,,0,,14,srl
ratchet_25pct,stage2.1,DWC side,stage2.1.dwc,stage2.1.thr_e,16,False,True,,2,,0,,24,srl
ratchet_25pct,stage2.1,DWC side,stage2.1.dwc,stage2.1.thr_m,19,False,True,,2,,0,,27,srl
ratchet_25pct,stage2.1,DWC side,stage2.1.dwc,stage2.1.thr_r,18,False,True,,2,,0,,26,srl
ratchet_25pct,stage2.1,other intra-block,stage2.1.fmpad,stage2.1.swg,6,False,True,,2,,0,,14,srl
ratchet_25pct,stage2.1,DWC side,stage2.1.mvau_e,stage2.1.dwc,32,False,True,,2,,0,,40,srl
ratchet_25pct,stage2.1,DWC side,stage2.1.mvau_m,stage2.1.dwc,76,False,True,,2,,0,,84,srl
ratchet_25pct,stage2.1,DWC side,stage2.1.mvau_r,stage2.1.dwc,36,False,True,,2,,0,,44,srl
ratchet_25pct,stage2.1,other intra-block,stage2.1.swg,stage2.1.mvau_m,6,False,True,,2,,0,,14,srl
ratchet_25pct,stage2.1,other intra-block,stage2.1.thr_e,stage2.1.add,6,False,True,,2,,0,,14,srl
ratchet_25pct,stage2.1,other intra-block,stage2.1.thr_m,stage2.1.mvau_e,6,False,True,,2,,0,,14,srl
ratchet_25pct,stage2.1,window prefetch (in front of FMPad),stage2.1.thr_r,stage2.1.fmpad,6,True,True,1066,1066,1,1,0,0,bram
ratchet_25pct,stage2.1,skip FIFO,stage2.1.thr_s,stage2.1.add,6,True,True,4640,4912,3,3,0,0,bram
ratchet_25pct,stage2.2,other intra-block,stage2.2.add,stage2.2.thr_out,7,False,True,,2,,0,,15,srl
ratchet_25pct,stage2.2,dup output,stage2.2.dup,stage2.2.mvau_r,6,False,True,,16,,0,,14,srl
ratchet_25pct,stage2.2,dup output,stage2.2.dup,stage2.2.thr_s,6,False,True,,16,,0,,14,srl
ratchet_25pct,stage2.2,DWC side,stage2.2.dwc,stage2.2.thr_e,16,False,True,,2,,0,,24,srl
ratchet_25pct,stage2.2,DWC side,stage2.2.dwc,stage2.2.thr_m,19,False,True,,2,,0,,27,srl
ratchet_25pct,stage2.2,DWC side,stage2.2.dwc,stage2.2.thr_r,18,False,True,,2,,0,,26,srl
ratchet_25pct,stage2.2,other intra-block,stage2.2.fmpad,stage2.2.swg,6,False,True,,7042,,3,,0,bram
ratchet_25pct,stage2.2,DWC side,stage2.2.mvau_e,stage2.2.dwc,32,False,True,,2,,0,,40,srl
ratchet_25pct,stage2.2,DWC side,stage2.2.mvau_m,stage2.2.dwc,76,False,True,,2,,0,,84,srl
ratchet_25pct,stage2.2,DWC side,stage2.2.mvau_r,stage2.2.dwc,36,False,True,,2,,0,,44,srl
ratchet_25pct,stage2.2,other intra-block,stage2.2.swg,stage2.2.mvau_m,6,False,True,,16,,0,,14,srl
ratchet_25pct,stage2.2,other intra-block,stage2.2.thr_e,stage2.2.add,6,False,True,,2,,0,,14,srl
ratchet_25pct,stage2.2,other intra-block,stage2.2.thr_m,stage2.2.mvau_e,6,False,True,,4,,0,,14,srl
ratchet_25pct,stage2.2,window prefetch (in front of FMPad),stage2.2.thr_r,stage2.2.fmpad,6,True,True,2122,344,2,1,0,0,bram
ratchet_25pct,stage2.2,skip FIFO,stage2.2.thr_s,stage2.2.add,6,True,True,9216,10570,6,6,0,0,bram
ratchet_25pct,stage2.3,other intra-block,stage2.3.add,stage2.3.thr_out,7,False,True,,2,,0,,15,srl
ratchet_25pct,stage2.3,dup output,stage2.3.dup,stage2.3.dwc,6,False,True,,16,,0,,14,srl
ratchet_25pct,stage2.3,dup output,stage2.3.dup,stage2.3.mvau_r,6,False,True,,16,,0,,14,srl
ratchet_25pct,stage2.3,DWC side,stage2.3.dwc,stage2.3.add,6,False,True,,16,,0,,14,srl
ratchet_25pct,stage2.3,DWC side,stage2.3.dwc,stage2.3.thr_e,16,False,True,,2,,0,,24,srl
ratchet_25pct,stage2.3,DWC side,stage2.3.dwc,stage2.3.thr_m,19,False,True,,2,,0,,27,srl
ratchet_25pct,stage2.3,DWC side,stage2.3.dwc,stage2.3.thr_r,18,False,True,,2,,0,,26,srl
ratchet_25pct,stage2.3,DWC side,stage2.3.dwc,stage2.3.thr_s,48,False,True,,16,,0,,56,srl
ratchet_25pct,stage2.3,other intra-block,stage2.3.fmpad,stage2.3.swg,6,False,True,,18750,,12,,0,bram
ratchet_25pct,stage2.3,DWC side,stage2.3.mvau_e,stage2.3.dwc,32,False,True,,2,,0,,40,srl
ratchet_25pct,stage2.3,DWC side,stage2.3.mvau_m,stage2.3.dwc,76,False,True,,2,,0,,84,srl
ratchet_25pct,stage2.3,DWC side,stage2.3.mvau_r,stage2.3.dwc,36,False,True,,2,,0,,44,srl
ratchet_25pct,stage2.3,other intra-block,stage2.3.swg,stage2.3.mvau_m,6,False,True,,16,,0,,14,srl
ratchet_25pct,stage2.3,other intra-block,stage2.3.thr_e,stage2.3.add,6,False,True,,2,,0,,14,srl
ratchet_25pct,stage2.3,other intra-block,stage2.3.thr_m,stage2.3.mvau_e,6,False,True,,4,,0,,14,srl
ratchet_25pct,stage2.3,window prefetch (in front of FMPad),stage2.3.thr_r,stage2.3.fmpad,6,True,True,4234,1040,3,1,0,0,bram
ratchet_25pct,stage2.3,skip FIFO,stage2.3.thr_s,stage2.3.add,48,True,False,2296,,0,,0,,
ratchet_25pct,stage2.3,skip FIFO,stage2.3.thr_s,stage2.3.dwc,48,False,True,,2639,,0,,0,uram
ratchet_25pct,stage2.4,other intra-block,stage2.4.add,stage2.4.thr_out,7,False,True,,2,,0,,15,srl
ratchet_25pct,stage2.4,dup output,stage2.4.dup,stage2.4.mvau_r,6,False,True,,2,,0,,14,srl
ratchet_25pct,stage2.4,dup output,stage2.4.dup,stage2.4.thr_s,6,False,True,,2,,0,,14,srl
ratchet_25pct,stage2.4,DWC side,stage2.4.dwc,stage2.4.thr_e,16,False,True,,2,,0,,24,srl
ratchet_25pct,stage2.4,DWC side,stage2.4.dwc,stage2.4.thr_m,19,False,True,,2,,0,,27,srl
ratchet_25pct,stage2.4,DWC side,stage2.4.dwc,stage2.4.thr_r,18,False,True,,2,,0,,26,srl
ratchet_25pct,stage2.4,other intra-block,stage2.4.fmpad,stage2.4.swg,6,False,True,,2,,0,,14,srl
ratchet_25pct,stage2.4,DWC side,stage2.4.mvau_e,stage2.4.dwc,32,False,True,,2,,0,,40,srl
ratchet_25pct,stage2.4,DWC side,stage2.4.mvau_m,stage2.4.dwc,76,False,True,,2,,0,,84,srl
ratchet_25pct,stage2.4,DWC side,stage2.4.mvau_r,stage2.4.dwc,36,False,True,,2,,0,,44,srl
ratchet_25pct,stage2.4,other intra-block,stage2.4.swg,stage2.4.mvau_m,6,False,True,,2,,0,,14,srl
ratchet_25pct,stage2.4,other intra-block,stage2.4.thr_e,stage2.4.add,6,False,True,,2,,0,,14,srl
ratchet_25pct,stage2.4,other intra-block,stage2.4.thr_m,stage2.4.mvau_e,6,False,True,,2,,0,,14,srl
ratchet_25pct,stage2.4,window prefetch (in front of FMPad),stage2.4.thr_r,stage2.4.fmpad,6,True,True,538,538,1,1,0,0,bram
ratchet_25pct,stage2.4,skip FIFO,stage2.4.thr_s,stage2.4.add,6,True,True,2336,2480,2,2,0,0,bram
ratchet_25pct,stage2.5,other intra-block,stage2.5.add,stage2.5.thr_out,7,False,True,,2,,0,,15,srl
ratchet_25pct,stage2.5,dup output,stage2.5.dup,stage2.5.mvau_r,6,False,True,,2,,0,,14,srl
ratchet_25pct,stage2.5,dup output,stage2.5.dup,stage2.5.thr_s,6,False,True,,2,,0,,14,srl
ratchet_25pct,stage2.5,DWC side,stage2.5.dwc,stage2.5.thr_e,16,False,True,,2,,0,,24,srl
ratchet_25pct,stage2.5,DWC side,stage2.5.dwc,stage2.5.thr_m,19,False,True,,2,,0,,27,srl
ratchet_25pct,stage2.5,DWC side,stage2.5.dwc,stage2.5.thr_r,18,False,True,,2,,0,,26,srl
ratchet_25pct,stage2.5,other intra-block,stage2.5.fmpad,stage2.5.swg,6,False,True,,2,,0,,14,srl
ratchet_25pct,stage2.5,DWC side,stage2.5.mvau_e,stage2.5.dwc,32,False,True,,2,,0,,40,srl
ratchet_25pct,stage2.5,DWC side,stage2.5.mvau_m,stage2.5.dwc,76,False,True,,2,,0,,84,srl
ratchet_25pct,stage2.5,DWC side,stage2.5.mvau_r,stage2.5.dwc,36,False,True,,2,,0,,44,srl
ratchet_25pct,stage2.5,other intra-block,stage2.5.swg,stage2.5.mvau_m,6,False,True,,2,,0,,14,srl
ratchet_25pct,stage2.5,other intra-block,stage2.5.thr_e,stage2.5.add,6,False,True,,2,,0,,14,srl
ratchet_25pct,stage2.5,other intra-block,stage2.5.thr_m,stage2.5.mvau_e,6,False,True,,2,,0,,14,srl
ratchet_25pct,stage2.5,window prefetch (in front of FMPad),stage2.5.thr_r,stage2.5.fmpad,6,True,True,1066,1066,1,1,0,0,bram
ratchet_25pct,stage2.5,skip FIFO,stage2.5.thr_s,stage2.5.add,6,True,True,4640,4912,3,3,0,0,bram
ratchet_25pct,stage2.6,other intra-block,stage2.6.add,stage2.6.thr_out,7,False,True,,2,,0,,15,srl
ratchet_25pct,stage2.6,dup output,stage2.6.dup,stage2.6.mvau_r,6,False,True,,16,,0,,14,srl
ratchet_25pct,stage2.6,dup output,stage2.6.dup,stage2.6.thr_s,6,False,True,,16,,0,,14,srl
ratchet_25pct,stage2.6,DWC side,stage2.6.dwc,stage2.6.thr_e,16,False,True,,2,,0,,24,srl
ratchet_25pct,stage2.6,DWC side,stage2.6.dwc,stage2.6.thr_m,19,False,True,,2,,0,,27,srl
ratchet_25pct,stage2.6,DWC side,stage2.6.dwc,stage2.6.thr_r,18,False,True,,2,,0,,26,srl
ratchet_25pct,stage2.6,other intra-block,stage2.6.fmpad,stage2.6.swg,6,False,True,,7042,,3,,0,bram
ratchet_25pct,stage2.6,DWC side,stage2.6.mvau_e,stage2.6.dwc,32,False,True,,2,,0,,40,srl
ratchet_25pct,stage2.6,DWC side,stage2.6.mvau_m,stage2.6.dwc,76,False,True,,2,,0,,84,srl
ratchet_25pct,stage2.6,DWC side,stage2.6.mvau_r,stage2.6.dwc,36,False,True,,2,,0,,44,srl
ratchet_25pct,stage2.6,other intra-block,stage2.6.swg,stage2.6.mvau_m,6,False,True,,16,,0,,14,srl
ratchet_25pct,stage2.6,other intra-block,stage2.6.thr_e,stage2.6.add,6,False,True,,2,,0,,14,srl
ratchet_25pct,stage2.6,other intra-block,stage2.6.thr_m,stage2.6.mvau_e,6,False,True,,4,,0,,14,srl
ratchet_25pct,stage2.6,window prefetch (in front of FMPad),stage2.6.thr_r,stage2.6.fmpad,6,True,True,2122,344,2,1,0,0,bram
ratchet_25pct,stage2.6,skip FIFO,stage2.6.thr_s,stage2.6.add,6,True,True,9216,10570,6,6,0,0,bram
ratchet_25pct,stage2.7,other intra-block,stage2.7.add,stage2.7.thr_out,7,False,True,,2,,0,,15,srl
ratchet_25pct,stage2.7,dup output,stage2.7.dup,stage2.7.dwc,6,False,True,,16,,0,,14,srl
ratchet_25pct,stage2.7,dup output,stage2.7.dup,stage2.7.mvau_r,6,False,True,,16,,0,,14,srl
ratchet_25pct,stage2.7,DWC side,stage2.7.dwc,stage2.7.add,6,False,True,,16,,0,,14,srl
ratchet_25pct,stage2.7,DWC side,stage2.7.dwc,stage2.7.thr_e,16,False,True,,2,,0,,24,srl
ratchet_25pct,stage2.7,DWC side,stage2.7.dwc,stage2.7.thr_m,19,False,True,,2,,0,,27,srl
ratchet_25pct,stage2.7,DWC side,stage2.7.dwc,stage2.7.thr_r,18,False,True,,2,,0,,26,srl
ratchet_25pct,stage2.7,DWC side,stage2.7.dwc,stage2.7.thr_s,48,False,True,,16,,0,,56,srl
ratchet_25pct,stage2.7,other intra-block,stage2.7.fmpad,stage2.7.swg,6,False,True,,18750,,12,,0,bram
ratchet_25pct,stage2.7,DWC side,stage2.7.mvau_e,stage2.7.dwc,32,False,True,,2,,0,,40,srl
ratchet_25pct,stage2.7,DWC side,stage2.7.mvau_m,stage2.7.dwc,76,False,True,,2,,0,,84,srl
ratchet_25pct,stage2.7,DWC side,stage2.7.mvau_r,stage2.7.dwc,36,False,True,,2,,0,,44,srl
ratchet_25pct,stage2.7,other intra-block,stage2.7.swg,stage2.7.mvau_m,6,False,True,,16,,0,,14,srl
ratchet_25pct,stage2.7,other intra-block,stage2.7.thr_e,stage2.7.add,6,False,True,,2,,0,,14,srl
ratchet_25pct,stage2.7,other intra-block,stage2.7.thr_m,stage2.7.mvau_e,6,False,True,,4,,0,,14,srl
ratchet_25pct,stage2.7,window prefetch (in front of FMPad),stage2.7.thr_r,stage2.7.fmpad,6,True,True,4234,1040,3,1,0,0,bram
ratchet_25pct,stage2.7,skip FIFO,stage2.7.thr_s,stage2.7.add,48,True,False,2296,,0,,0,,
ratchet_25pct,stage2.7,skip FIFO,stage2.7.thr_s,stage2.7.dwc,48,False,True,,2639,,0,,0,uram
ratchet_25pct,stage3.0,other intra-block,stage3.0.add,stage3.0.thr_out,7,False,True,,2,,0,,15,srl
ratchet_25pct,stage3.0,dup output,stage3.0.dup,stage3.0.mvau_r,6,False,True,,2,,0,,14,srl
ratchet_25pct,stage3.0,dup output,stage3.0.dup,stage3.0.thr_s,6,False,True,,2,,0,,14,srl
ratchet_25pct,stage3.0,DWC side,stage3.0.dwc,stage3.0.thr_e,16,False,True,,2,,0,,24,srl
ratchet_25pct,stage3.0,DWC side,stage3.0.dwc,stage3.0.thr_m,19,False,True,,2,,0,,27,srl
ratchet_25pct,stage3.0,DWC side,stage3.0.dwc,stage3.0.thr_r,18,False,True,,2,,0,,26,srl
ratchet_25pct,stage3.0,other intra-block,stage3.0.fmpad,stage3.0.swg,6,False,True,,2,,0,,14,srl
ratchet_25pct,stage3.0,DWC side,stage3.0.mvau_e,stage3.0.dwc,32,False,True,,2,,0,,40,srl
ratchet_25pct,stage3.0,DWC side,stage3.0.mvau_m,stage3.0.dwc,76,False,True,,2,,0,,84,srl
ratchet_25pct,stage3.0,DWC side,stage3.0.mvau_r,stage3.0.dwc,36,False,True,,2,,0,,44,srl
ratchet_25pct,stage3.0,other intra-block,stage3.0.swg,stage3.0.mvau_m,6,False,True,,2,,0,,14,srl
ratchet_25pct,stage3.0,other intra-block,stage3.0.thr_e,stage3.0.add,6,False,True,,2,,0,,14,srl
ratchet_25pct,stage3.0,other intra-block,stage3.0.thr_m,stage3.0.mvau_e,6,False,True,,2,,0,,14,srl
ratchet_25pct,stage3.0,window prefetch (in front of FMPad),stage3.0.thr_r,stage3.0.fmpad,6,True,True,538,538,1,1,0,0,bram
ratchet_25pct,stage3.0,skip FIFO,stage3.0.thr_s,stage3.0.add,6,True,True,2336,2480,2,2,0,0,bram
ratchet_25pct,stage3.1,other intra-block,stage3.1.add,stage3.1.thr_out,7,False,True,,2,,0,,15,srl
ratchet_25pct,stage3.1,dup output,stage3.1.dup,stage3.1.mvau_r,6,False,True,,2,,0,,14,srl
ratchet_25pct,stage3.1,dup output,stage3.1.dup,stage3.1.thr_s,6,False,True,,2,,0,,14,srl
ratchet_25pct,stage3.1,DWC side,stage3.1.dwc,stage3.1.thr_e,16,False,True,,2,,0,,24,srl
ratchet_25pct,stage3.1,DWC side,stage3.1.dwc,stage3.1.thr_m,19,False,True,,2,,0,,27,srl
ratchet_25pct,stage3.1,DWC side,stage3.1.dwc,stage3.1.thr_r,18,False,True,,2,,0,,26,srl
ratchet_25pct,stage3.1,other intra-block,stage3.1.fmpad,stage3.1.swg,6,False,True,,2,,0,,14,srl
ratchet_25pct,stage3.1,DWC side,stage3.1.mvau_e,stage3.1.dwc,32,False,True,,2,,0,,40,srl
ratchet_25pct,stage3.1,DWC side,stage3.1.mvau_m,stage3.1.dwc,76,False,True,,2,,0,,84,srl
ratchet_25pct,stage3.1,DWC side,stage3.1.mvau_r,stage3.1.dwc,36,False,True,,2,,0,,44,srl
ratchet_25pct,stage3.1,other intra-block,stage3.1.swg,stage3.1.mvau_m,6,False,True,,2,,0,,14,srl
ratchet_25pct,stage3.1,other intra-block,stage3.1.thr_e,stage3.1.add,6,False,True,,2,,0,,14,srl
ratchet_25pct,stage3.1,other intra-block,stage3.1.thr_m,stage3.1.mvau_e,6,False,True,,2,,0,,14,srl
ratchet_25pct,stage3.1,window prefetch (in front of FMPad),stage3.1.thr_r,stage3.1.fmpad,6,True,True,1066,1066,1,1,0,0,bram
ratchet_25pct,stage3.1,skip FIFO,stage3.1.thr_s,stage3.1.add,6,True,True,4640,4912,3,3,0,0,bram
ratchet_25pct,stage3.2,other intra-block,stage3.2.add,stage3.2.thr_out,7,False,True,,2,,0,,15,srl
ratchet_25pct,stage3.2,dup output,stage3.2.dup,stage3.2.mvau_r,6,False,True,,16,,0,,14,srl
ratchet_25pct,stage3.2,dup output,stage3.2.dup,stage3.2.thr_s,6,False,True,,16,,0,,14,srl
ratchet_25pct,stage3.2,DWC side,stage3.2.dwc,stage3.2.thr_e,16,False,True,,2,,0,,24,srl
ratchet_25pct,stage3.2,DWC side,stage3.2.dwc,stage3.2.thr_m,19,False,True,,2,,0,,27,srl
ratchet_25pct,stage3.2,DWC side,stage3.2.dwc,stage3.2.thr_r,18,False,True,,2,,0,,26,srl
ratchet_25pct,stage3.2,other intra-block,stage3.2.fmpad,stage3.2.swg,6,False,True,,7042,,3,,0,bram
ratchet_25pct,stage3.2,DWC side,stage3.2.mvau_e,stage3.2.dwc,32,False,True,,2,,0,,40,srl
ratchet_25pct,stage3.2,DWC side,stage3.2.mvau_m,stage3.2.dwc,76,False,True,,2,,0,,84,srl
ratchet_25pct,stage3.2,DWC side,stage3.2.mvau_r,stage3.2.dwc,36,False,True,,2,,0,,44,srl
ratchet_25pct,stage3.2,other intra-block,stage3.2.swg,stage3.2.mvau_m,6,False,True,,16,,0,,14,srl
ratchet_25pct,stage3.2,other intra-block,stage3.2.thr_e,stage3.2.add,6,False,True,,2,,0,,14,srl
ratchet_25pct,stage3.2,other intra-block,stage3.2.thr_m,stage3.2.mvau_e,6,False,True,,4,,0,,14,srl
ratchet_25pct,stage3.2,window prefetch (in front of FMPad),stage3.2.thr_r,stage3.2.fmpad,6,True,True,2122,344,2,1,0,0,bram
ratchet_25pct,stage3.2,skip FIFO,stage3.2.thr_s,stage3.2.add,6,True,True,9216,10570,6,6,0,0,bram
ratchet_25pct,stage3.3,other intra-block,stage3.3.add,stage3.3.thr_out,7,False,True,,2,,0,,15,srl
ratchet_25pct,stage3.3,dup output,stage3.3.dup,stage3.3.dwc,6,False,True,,16,,0,,14,srl
ratchet_25pct,stage3.3,dup output,stage3.3.dup,stage3.3.mvau_r,6,False,True,,16,,0,,14,srl
ratchet_25pct,stage3.3,DWC side,stage3.3.dwc,stage3.3.add,6,False,True,,16,,0,,14,srl
ratchet_25pct,stage3.3,DWC side,stage3.3.dwc,stage3.3.thr_e,16,False,True,,2,,0,,24,srl
ratchet_25pct,stage3.3,DWC side,stage3.3.dwc,stage3.3.thr_m,19,False,True,,2,,0,,27,srl
ratchet_25pct,stage3.3,DWC side,stage3.3.dwc,stage3.3.thr_r,18,False,True,,2,,0,,26,srl
ratchet_25pct,stage3.3,DWC side,stage3.3.dwc,stage3.3.thr_s,48,False,True,,16,,0,,56,srl
ratchet_25pct,stage3.3,other intra-block,stage3.3.fmpad,stage3.3.swg,6,False,True,,18750,,12,,0,bram
ratchet_25pct,stage3.3,DWC side,stage3.3.mvau_e,stage3.3.dwc,32,False,True,,2,,0,,40,srl
ratchet_25pct,stage3.3,DWC side,stage3.3.mvau_m,stage3.3.dwc,76,False,True,,2,,0,,84,srl
ratchet_25pct,stage3.3,DWC side,stage3.3.mvau_r,stage3.3.dwc,36,False,True,,2,,0,,44,srl
ratchet_25pct,stage3.3,other intra-block,stage3.3.swg,stage3.3.mvau_m,6,False,True,,16,,0,,14,srl
ratchet_25pct,stage3.3,other intra-block,stage3.3.thr_e,stage3.3.add,6,False,True,,2,,0,,14,srl
ratchet_25pct,stage3.3,other intra-block,stage3.3.thr_m,stage3.3.mvau_e,6,False,True,,4,,0,,14,srl
ratchet_25pct,stage3.3,window prefetch (in front of FMPad),stage3.3.thr_r,stage3.3.fmpad,6,True,True,4234,1040,3,1,0,0,bram
ratchet_25pct,stage3.3,skip FIFO,stage3.3.thr_s,stage3.3.add,48,True,False,2296,,0,,0,,
ratchet_25pct,stage3.3,skip FIFO,stage3.3.thr_s,stage3.3.dwc,48,False,True,,2639,,0,,0,uram
ratchet_25pct,stage3.4,other intra-block,stage3.4.add,stage3.4.thr_out,7,False,True,,2,,0,,15,srl
ratchet_25pct,stage3.4,dup output,stage3.4.dup,stage3.4.mvau_r,6,False,True,,2,,0,,14,srl
ratchet_25pct,stage3.4,dup output,stage3.4.dup,stage3.4.thr_s,6,False,True,,2,,0,,14,srl
ratchet_25pct,stage3.4,DWC side,stage3.4.dwc,stage3.4.thr_e,16,False,True,,2,,0,,24,srl
ratchet_25pct,stage3.4,DWC side,stage3.4.dwc,stage3.4.thr_m,19,False,True,,2,,0,,27,srl
ratchet_25pct,stage3.4,DWC side,stage3.4.dwc,stage3.4.thr_r,18,False,True,,2,,0,,26,srl
ratchet_25pct,stage3.4,other intra-block,stage3.4.fmpad,stage3.4.swg,6,False,True,,2,,0,,14,srl
ratchet_25pct,stage3.4,DWC side,stage3.4.mvau_e,stage3.4.dwc,32,False,True,,2,,0,,40,srl
ratchet_25pct,stage3.4,DWC side,stage3.4.mvau_m,stage3.4.dwc,76,False,True,,2,,0,,84,srl
ratchet_25pct,stage3.4,DWC side,stage3.4.mvau_r,stage3.4.dwc,36,False,True,,2,,0,,44,srl
ratchet_25pct,stage3.4,other intra-block,stage3.4.swg,stage3.4.mvau_m,6,False,True,,2,,0,,14,srl
ratchet_25pct,stage3.4,other intra-block,stage3.4.thr_e,stage3.4.add,6,False,True,,2,,0,,14,srl
ratchet_25pct,stage3.4,other intra-block,stage3.4.thr_m,stage3.4.mvau_e,6,False,True,,2,,0,,14,srl
ratchet_25pct,stage3.4,window prefetch (in front of FMPad),stage3.4.thr_r,stage3.4.fmpad,6,True,True,538,538,1,1,0,0,bram
ratchet_25pct,stage3.4,skip FIFO,stage3.4.thr_s,stage3.4.add,6,True,True,2336,2480,2,2,0,0,bram
ratchet_25pct,stage3.5,other intra-block,stage3.5.add,stage3.5.thr_out,7,False,True,,2,,0,,15,srl
ratchet_25pct,stage3.5,dup output,stage3.5.dup,stage3.5.mvau_r,6,False,True,,2,,0,,14,srl
ratchet_25pct,stage3.5,dup output,stage3.5.dup,stage3.5.thr_s,6,False,True,,2,,0,,14,srl
ratchet_25pct,stage3.5,DWC side,stage3.5.dwc,stage3.5.thr_e,16,False,True,,2,,0,,24,srl
ratchet_25pct,stage3.5,DWC side,stage3.5.dwc,stage3.5.thr_m,19,False,True,,2,,0,,27,srl
ratchet_25pct,stage3.5,DWC side,stage3.5.dwc,stage3.5.thr_r,18,False,True,,2,,0,,26,srl
ratchet_25pct,stage3.5,other intra-block,stage3.5.fmpad,stage3.5.swg,6,False,True,,2,,0,,14,srl
ratchet_25pct,stage3.5,DWC side,stage3.5.mvau_e,stage3.5.dwc,32,False,True,,2,,0,,40,srl
ratchet_25pct,stage3.5,DWC side,stage3.5.mvau_m,stage3.5.dwc,76,False,True,,2,,0,,84,srl
ratchet_25pct,stage3.5,DWC side,stage3.5.mvau_r,stage3.5.dwc,36,False,True,,2,,0,,44,srl
ratchet_25pct,stage3.5,other intra-block,stage3.5.swg,stage3.5.mvau_m,6,False,True,,2,,0,,14,srl
ratchet_25pct,stage3.5,other intra-block,stage3.5.thr_e,stage3.5.add,6,False,True,,2,,0,,14,srl
ratchet_25pct,stage3.5,other intra-block,stage3.5.thr_m,stage3.5.mvau_e,6,False,True,,2,,0,,14,srl
ratchet_25pct,stage3.5,window prefetch (in front of FMPad),stage3.5.thr_r,stage3.5.fmpad,6,True,True,1066,1066,1,1,0,0,bram
ratchet_25pct,stage3.5,skip FIFO,stage3.5.thr_s,stage3.5.add,6,True,True,4640,4912,3,3,0,0,bram
ratchet_25pct,stage3.6,other intra-block,stage3.6.add,stage3.6.thr_out,7,False,True,,2,,0,,15,srl
ratchet_25pct,stage3.6,dup output,stage3.6.dup,stage3.6.mvau_r,6,False,True,,16,,0,,14,srl
ratchet_25pct,stage3.6,dup output,stage3.6.dup,stage3.6.thr_s,6,False,True,,16,,0,,14,srl
ratchet_25pct,stage3.6,DWC side,stage3.6.dwc,stage3.6.thr_e,16,False,True,,2,,0,,24,srl
ratchet_25pct,stage3.6,DWC side,stage3.6.dwc,stage3.6.thr_m,19,False,True,,2,,0,,27,srl
ratchet_25pct,stage3.6,DWC side,stage3.6.dwc,stage3.6.thr_r,18,False,True,,2,,0,,26,srl
ratchet_25pct,stage3.6,other intra-block,stage3.6.fmpad,stage3.6.swg,6,False,True,,7042,,3,,0,bram
ratchet_25pct,stage3.6,DWC side,stage3.6.mvau_e,stage3.6.dwc,32,False,True,,2,,0,,40,srl
ratchet_25pct,stage3.6,DWC side,stage3.6.mvau_m,stage3.6.dwc,76,False,True,,2,,0,,84,srl
ratchet_25pct,stage3.6,DWC side,stage3.6.mvau_r,stage3.6.dwc,36,False,True,,2,,0,,44,srl
ratchet_25pct,stage3.6,other intra-block,stage3.6.swg,stage3.6.mvau_m,6,False,True,,16,,0,,14,srl
ratchet_25pct,stage3.6,other intra-block,stage3.6.thr_e,stage3.6.add,6,False,True,,2,,0,,14,srl
ratchet_25pct,stage3.6,other intra-block,stage3.6.thr_m,stage3.6.mvau_e,6,False,True,,4,,0,,14,srl
ratchet_25pct,stage3.6,window prefetch (in front of FMPad),stage3.6.thr_r,stage3.6.fmpad,6,True,True,2122,344,2,1,0,0,bram
ratchet_25pct,stage3.6,skip FIFO,stage3.6.thr_s,stage3.6.add,6,True,True,9216,10570,6,6,0,0,bram
ratchet_25pct,stage3.7,other intra-block,stage3.7.add,stage3.7.thr_out,7,False,True,,2,,0,,15,srl
ratchet_25pct,stage3.7,dup output,stage3.7.dup,stage3.7.dwc,6,False,True,,16,,0,,14,srl
ratchet_25pct,stage3.7,dup output,stage3.7.dup,stage3.7.mvau_r,6,False,True,,16,,0,,14,srl
ratchet_25pct,stage3.7,DWC side,stage3.7.dwc,stage3.7.add,6,False,True,,16,,0,,14,srl
ratchet_25pct,stage3.7,DWC side,stage3.7.dwc,stage3.7.thr_e,16,False,True,,2,,0,,24,srl
ratchet_25pct,stage3.7,DWC side,stage3.7.dwc,stage3.7.thr_m,19,False,True,,2,,0,,27,srl
ratchet_25pct,stage3.7,DWC side,stage3.7.dwc,stage3.7.thr_r,18,False,True,,2,,0,,26,srl
ratchet_25pct,stage3.7,DWC side,stage3.7.dwc,stage3.7.thr_s,48,False,True,,16,,0,,56,srl
ratchet_25pct,stage3.7,other intra-block,stage3.7.fmpad,stage3.7.swg,6,False,True,,18750,,12,,0,bram
ratchet_25pct,stage3.7,DWC side,stage3.7.mvau_e,stage3.7.dwc,32,False,True,,2,,0,,40,srl
ratchet_25pct,stage3.7,DWC side,stage3.7.mvau_m,stage3.7.dwc,76,False,True,,2,,0,,84,srl
ratchet_25pct,stage3.7,DWC side,stage3.7.mvau_r,stage3.7.dwc,36,False,True,,2,,0,,44,srl
ratchet_25pct,stage3.7,other intra-block,stage3.7.swg,stage3.7.mvau_m,6,False,True,,16,,0,,14,srl
ratchet_25pct,stage3.7,other intra-block,stage3.7.thr_e,stage3.7.add,6,False,True,,2,,0,,14,srl
ratchet_25pct,stage3.7,other intra-block,stage3.7.thr_m,stage3.7.mvau_e,6,False,True,,4,,0,,14,srl
ratchet_25pct,stage3.7,window prefetch (in front of FMPad),stage3.7.thr_r,stage3.7.fmpad,6,True,True,4234,1040,3,1,0,0,bram
ratchet_25pct,stage3.7,skip FIFO,stage3.7.thr_s,stage3.7.add,48,True,False,2296,,0,,0,,
ratchet_25pct,stage3.7,skip FIFO,stage3.7.thr_s,stage3.7.dwc,48,False,True,,2639,,0,,0,uram
ratchet_25pct,up4,other intra-block,up4.add,up4.thr_out,7,False,True,,2,,0,,15,srl
ratchet_25pct,up4,dup output,up4.dup,up4.mvau_p,6,False,True,,8,,0,,14,srl
ratchet_25pct,up4,dup output,up4.dup,up4.mvau_r,6,False,True,,8,,0,,14,srl
ratchet_25pct,up4,DWC side,up4.dwc,up4.thr_e,16,False,True,,2,,0,,24,srl
ratchet_25pct,up4,DWC side,up4.dwc,up4.thr_p,18,False,True,,6,,0,,26,srl
ratchet_25pct,up4,DWC side,up4.dwc,up4.thr_r,18,False,True,,8,,0,,26,srl
ratchet_25pct,up4,DWC side,up4.dwc,up4.thr_s,6,False,True,,8,,0,,14,srl
ratchet_25pct,up4,DWC side,up4.dwc,up4.thr_u,18,False,True,,2,,0,,26,srl
ratchet_25pct,up4,DWC side,up4.dwc,up4.upnn,96,False,True,,8,,0,,104,srl
ratchet_25pct,up4,other intra-block,up4.fmpad_u,up4.swg_u,6,False,True,,8,,0,,14,srl
ratchet_25pct,up4,window prefetch (in front of FMPad),up4.fmpadpix,up4.fmpad_u,6,False,True,,72,,1,,0,bram
ratchet_25pct,up4,DWC side,up4.mvau_e,up4.dwc,64,False,True,,2,,0,,72,srl
ratchet_25pct,up4,DWC side,up4.mvau_p,up4.dwc,72,False,True,,2,,0,,80,srl
ratchet_25pct,up4,DWC side,up4.mvau_r,up4.dwc,36,False,True,,8,,0,,44,srl
ratchet_25pct,up4,DWC side,up4.mvau_u,up4.dwc,144,False,True,,2,,0,,152,srl
ratchet_25pct,up4,other intra-block,up4.swg_u,up4.mvau_u,6,False,True,,2,,0,,14,srl
ratchet_25pct,up4,skip FIFO,up4.thr_e,up4.add,6,True,True,512,512,1,1,0,0,bram
ratchet_25pct,up4,DWC side,up4.thr_p,up4.dwc,6,False,True,,8,,0,,14,srl
ratchet_25pct,up4,window prefetch (in front of FMPad),up4.thr_r,up4.fmpadpix,6,False,True,,72,,1,,0,bram
ratchet_25pct,up4,other intra-block,up4.thr_s,up4.add,6,True,True,1536,368,1,1,0,0,bram
ratchet_25pct,up4,other intra-block,up4.thr_u,up4.mvau_e,6,False,True,,2,,0,,14,srl
ratchet_25pct,up4,DWC side,up4.upnn,up4.dwc,96,False,True,,8,,0,,104,srl
ratchet_25pct,up5,other intra-block,up5.add,up5.thr_out,7,False,True,,2,,0,,15,srl
ratchet_25pct,up5,dup output,up5.dup,up5.mvau_p,6,False,True,,16,,0,,14,srl
ratchet_25pct,up5,dup output,up5.dup,up5.mvau_r,6,False,True,,16,,0,,14,srl
ratchet_25pct,up5,window prefetch (in front of FMPad),up5.dwc,up5.fmpadpix,12,False,True,,48,,0,,32,srl
ratchet_25pct,up5,DWC side,up5.dwc,up5.thr_e,15,False,True,,2,,0,,23,srl
ratchet_25pct,up5,DWC side,up5.dwc,up5.thr_p,17,False,True,,16,,0,,25,srl
ratchet_25pct,up5,DWC side,up5.dwc,up5.thr_r,17,False,True,,16,,0,,25,srl
ratchet_25pct,up5,DWC side,up5.dwc,up5.thr_s,6,False,True,,16,,0,,14,srl
ratchet_25pct,up5,DWC side,up5.dwc,up5.thr_u,17,False,True,,2,,0,,25,srl
ratchet_25pct,up5,DWC side,up5.dwc,up5.upnn,24,False,True,,16,,0,,32,srl
ratchet_25pct,up5,other intra-block,up5.fmpad_u,up5.swg_u,12,False,True,,16,,0,,20,srl
ratchet_25pct,up5,window prefetch (in front of FMPad),up5.fmpadpix,up5.fmpad_u,12,False,True,,48,,0,,32,srl
ratchet_25pct,up5,DWC side,up5.mvau_e,up5.dwc,30,False,True,,2,,0,,38,srl
ratchet_25pct,up5,DWC side,up5.mvau_p,up5.dwc,34,False,True,,16,,0,,42,srl
ratchet_25pct,up5,DWC side,up5.mvau_r,up5.dwc,34,False,True,,16,,0,,42,srl
ratchet_25pct,up5,DWC side,up5.mvau_u,up5.dwc,68,False,True,,2,,0,,76,srl
ratchet_25pct,up5,other intra-block,up5.swg_u,up5.mvau_u,12,False,True,,2,,0,,20,srl
ratchet_25pct,up5,skip FIFO,up5.thr_e,up5.add,6,True,True,256,256,1,1,0,0,bram
ratchet_25pct,up5,DWC side,up5.thr_p,up5.dwc,6,False,True,,16,,0,,14,srl
ratchet_25pct,up5,DWC side,up5.thr_r,up5.dwc,6,False,True,,16,,0,,14,srl
ratchet_25pct,up5,other intra-block,up5.thr_s,up5.add,6,True,True,768,166,1,1,0,0,bram
ratchet_25pct,up5,other intra-block,up5.thr_u,up5.mvau_e,6,False,True,,2,,0,,14,srl
ratchet_25pct,up5,DWC side,up5.upnn,up5.dwc,24,False,True,,16,,0,,32,srl
ratchet_100pct,down1,other intra-block,down1.add,down1.thr_out,7,False,True,,2,,0,,15,srl
ratchet_100pct,down1,dup output,down1.dup,down1.dwc,6,False,True,,2,,0,,14,srl
ratchet_100pct,down1,dup output,down1.dup,down1.swg_r,6,False,True,,40,,0,,20,srl
ratchet_100pct,down1,DWC side,down1.dwc,down1.maxpool,24,False,True,,2,,0,,32,srl
ratchet_100pct,down1,DWC side,down1.dwc,down1.mvau_s,6,False,True,,2,,0,,14,srl
ratchet_100pct,down1,DWC side,down1.dwc,down1.thr_m,18,False,True,,2,,0,,26,srl
ratchet_100pct,down1,other intra-block,down1.fmpad,down1.swg_m,6,False,True,,2,,0,,14,srl
ratchet_100pct,down1,DWC side,down1.maxpool,down1.dwc,24,False,True,,2,,0,,32,srl
ratchet_100pct,down1,other intra-block,down1.mvau_e,down1.thr_e,15,False,True,,2,,0,,23,srl
ratchet_100pct,down1,DWC side,down1.mvau_m,down1.dwc,36,False,True,,2,,0,,44,srl
ratchet_100pct,down1,other intra-block,down1.mvau_r,down1.thr_r,17,False,True,,2,,0,,25,srl
ratchet_100pct,down1,other intra-block,down1.mvau_s,down1.thr_s,17,False,True,,2,,0,,25,srl
ratchet_100pct,down1,other intra-block,down1.swg_m,down1.mvau_m,6,False,True,,2,,0,,14,srl
ratchet_100pct,down1,other intra-block,down1.swg_r,down1.mvau_r,6,False,True,,2,,0,,14,srl
ratchet_100pct,down1,other intra-block,down1.thr_e,down1.add,6,False,True,,2,,0,,14,srl
ratchet_100pct,down1,other intra-block,down1.thr_m,down1.mvau_e,6,False,True,,2,,0,,14,srl
ratchet_100pct,down1,window prefetch (in front of FMPad),down1.thr_r,down1.fmpad,6,True,True,266,266,1,1,0,0,bram
ratchet_100pct,down1,skip FIFO,down1.thr_s,down1.add,6,True,True,1280,1310,1,1,0,0,bram
ratchet_100pct,down2,other intra-block,down2.add,down2.thr_out,7,False,True,,2,,0,,15,srl
ratchet_100pct,down2,dup output,down2.dup,down2.dwc,6,False,True,,2,,0,,14,srl
ratchet_100pct,down2,dup output,down2.dup,down2.swg_r,6,False,True,,273,,1,,0,bram
ratchet_100pct,down2,DWC side,down2.dwc,down2.maxpool,96,False,True,,2,,0,,104,srl
ratchet_100pct,down2,DWC side,down2.dwc,down2.mvau_s,6,False,True,,2,,0,,14,srl
ratchet_100pct,down2,DWC side,down2.dwc,down2.thr_m,19,False,True,,2,,0,,27,srl
ratchet_100pct,down2,DWC side,down2.dwc,down2.thr_r,19,False,True,,2,,0,,27,srl
ratchet_100pct,down2,DWC side,down2.dwc,down2.thr_s,19,False,True,,2,,0,,27,srl
ratchet_100pct,down2,other intra-block,down2.fmpad,down2.swg_m,6,False,True,,2,,0,,14,srl
ratchet_100pct,down2,DWC side,down2.maxpool,down2.dwc,96,False,True,,2,,0,,104,srl
ratchet_100pct,down2,other intra-block,down2.mvau_e,down2.thr_e,16,False,True,,2,,0,,24,srl
ratchet_100pct,down2,DWC side,down2.mvau_m,down2.dwc,38,False,True,,2,,0,,46,srl
ratchet_100pct,down2,DWC side,down2.mvau_r,down2.dwc,38,False,True,,2,,0,,46,srl
ratchet_100pct,down2,DWC side,down2.mvau_s,down2.dwc,38,False,True,,2,,0,,46,srl
ratchet_100pct,down2,other intra-block,down2.swg_m,down2.mvau_m,6,False,True,,2,,0,,14,srl
ratchet_100pct,down2,other intra-block,down2.swg_r,down2.mvau_r,6,False,True,,2,,0,,14,srl
ratchet_100pct,down2,other intra-block,down2.thr_e,down2.add,6,False,True,,2,,0,,14,srl
ratchet_100pct,down2,other intra-block,down2.thr_m,down2.mvau_e,6,False,True,,2,,0,,14,srl
ratchet_100pct,down2,window prefetch (in front of FMPad),down2.thr_r,down2.fmpad,6,True,True,274,274,1,1,0,0,bram
ratchet_100pct,down2,skip FIFO,down2.thr_s,down2.add,6,True,True,1344,1296,1,1,0,0,bram
ratchet_100pct,final,DWC side,final.bias,final.dwc,18,False,True,,2,,0,,26,srl
ratchet_100pct,final,DWC side,final.dwc,final.bias,17,False,True,,2,,0,,25,srl
ratchet_100pct,final,DWC side,final.dwc,final.label_select,90,False,True,,2,,0,,98,srl
ratchet_100pct,final,DWC side,final.dwc,final.mvau_f,48,False,True,,2,,0,,56,srl
ratchet_100pct,final,other intra-block,final.fmpad_u,final.swg_u,24,False,True,,2,,0,,32,srl
ratchet_100pct,final,window prefetch (in front of FMPad),final.fmpadpix,final.fmpad_u,24,False,True,,4,,0,,32,srl
ratchet_100pct,final,DWC side,final.mvau_f,final.dwc,85,False,True,,2,,0,,93,srl
ratchet_100pct,final,DWC side,final.swg_u,final.dwc,96,False,True,,2,,0,,104,srl
ratchet_100pct,initial,DWC side,initial.concat,initial.dwc,24,False,True,,2,,0,,32,srl
ratchet_100pct,initial,window prefetch (in front of FMPad),initial.dup,initial.fmpad,6,True,True,260,260,1,1,0,0,bram
ratchet_100pct,initial,dup output,initial.dup,initial.thr_m,6,False,True,,2,,0,,14,srl
ratchet_100pct,initial,DWC side,initial.dwc,initial.concat,24,False,True,,2,,0,,32,srl
ratchet_100pct,initial,DWC side,initial.dwc,initial.thr_act,6,False,True,,2,,0,,14,srl
ratchet_100pct,initial,DWC side,initial.dwc,initial.thr_c,16,False,True,,2,,0,,24,srl
ratchet_100pct,initial,other intra-block,initial.fmpad,initial.swg,6,False,True,,2,,0,,14,srl
ratchet_100pct,initial,skip FIFO,initial.maxpool,initial.concat,6,False,True,,130,,1,,0,bram
ratchet_100pct,initial,DWC side,initial.mvau_c,initial.dwc,48,False,True,,2,,0,,56,srl
ratchet_100pct,initial,other intra-block,initial.swg,initial.mvau_c,6,False,True,,2,,0,,14,srl
ratchet_100pct,initial,DWC side,initial.thr_c,initial.dwc,6,False,True,,4,,0,,14,srl
ratchet_100pct,initial,other intra-block,initial.thr_in,initial.dup,6,False,True,,2,,0,,14,srl
ratchet_100pct,initial,other intra-block,initial.thr_m,initial.maxpool,6,False,True,,2,,0,,14,srl
ratchet_100pct,regular1.0,other intra-block,regular1.0.add,regular1.0.thr_out,7,False,True,,2,,0,,15,srl
ratchet_100pct,regular1.0,dup output,regular1.0.dup,regular1.0.mvau_r,6,False,True,,2,,0,,14,srl
ratchet_100pct,regular1.0,dup output,regular1.0.dup,regular1.0.thr_s,6,False,True,,2,,0,,14,srl
ratchet_100pct,regular1.0,DWC side,regular1.0.dwc,regular1.0.thr_m,18,False,True,,2,,0,,26,srl
ratchet_100pct,regular1.0,other intra-block,regular1.0.fmpad,regular1.0.swg,6,False,True,,2,,0,,14,srl
ratchet_100pct,regular1.0,other intra-block,regular1.0.mvau_e,regular1.0.thr_e,15,False,True,,2,,0,,23,srl
ratchet_100pct,regular1.0,DWC side,regular1.0.mvau_m,regular1.0.dwc,36,False,True,,2,,0,,44,srl
ratchet_100pct,regular1.0,other intra-block,regular1.0.mvau_r,regular1.0.thr_r,17,False,True,,2,,0,,25,srl
ratchet_100pct,regular1.0,other intra-block,regular1.0.swg,regular1.0.mvau_m,6,False,True,,2,,0,,14,srl
ratchet_100pct,regular1.0,other intra-block,regular1.0.thr_e,regular1.0.add,6,False,True,,2,,0,,14,srl
ratchet_100pct,regular1.0,other intra-block,regular1.0.thr_m,regular1.0.mvau_e,6,False,True,,2,,0,,14,srl
ratchet_100pct,regular1.0,window prefetch (in front of FMPad),regular1.0.thr_r,regular1.0.fmpad,6,True,True,266,266,1,1,0,0,bram
ratchet_100pct,regular1.0,skip FIFO,regular1.0.thr_s,regular1.0.add,6,True,True,1152,1212,1,1,0,0,bram
ratchet_100pct,regular1.1,other intra-block,regular1.1.add,regular1.1.thr_out,7,False,True,,2,,0,,15,srl
ratchet_100pct,regular1.1,dup output,regular1.1.dup,regular1.1.mvau_r,6,False,True,,2,,0,,14,srl
ratchet_100pct,regular1.1,dup output,regular1.1.dup,regular1.1.thr_s,6,False,True,,2,,0,,14,srl
ratchet_100pct,regular1.1,DWC side,regular1.1.dwc,regular1.1.thr_m,18,False,True,,2,,0,,26,srl
ratchet_100pct,regular1.1,other intra-block,regular1.1.fmpad,regular1.1.swg,6,False,True,,2,,0,,14,srl
ratchet_100pct,regular1.1,other intra-block,regular1.1.mvau_e,regular1.1.thr_e,15,False,True,,2,,0,,23,srl
ratchet_100pct,regular1.1,DWC side,regular1.1.mvau_m,regular1.1.dwc,36,False,True,,2,,0,,44,srl
ratchet_100pct,regular1.1,other intra-block,regular1.1.mvau_r,regular1.1.thr_r,17,False,True,,2,,0,,25,srl
ratchet_100pct,regular1.1,other intra-block,regular1.1.swg,regular1.1.mvau_m,6,False,True,,2,,0,,14,srl
ratchet_100pct,regular1.1,other intra-block,regular1.1.thr_e,regular1.1.add,6,False,True,,2,,0,,14,srl
ratchet_100pct,regular1.1,other intra-block,regular1.1.thr_m,regular1.1.mvau_e,6,False,True,,2,,0,,14,srl
ratchet_100pct,regular1.1,window prefetch (in front of FMPad),regular1.1.thr_r,regular1.1.fmpad,6,True,True,266,266,1,1,0,0,bram
ratchet_100pct,regular1.1,skip FIFO,regular1.1.thr_s,regular1.1.add,6,True,True,1152,1212,1,1,0,0,bram
ratchet_100pct,regular1.2,other intra-block,regular1.2.add,regular1.2.thr_out,7,False,True,,2,,0,,15,srl
ratchet_100pct,regular1.2,dup output,regular1.2.dup,regular1.2.mvau_r,6,False,True,,2,,0,,14,srl
ratchet_100pct,regular1.2,dup output,regular1.2.dup,regular1.2.thr_s,6,False,True,,2,,0,,14,srl
ratchet_100pct,regular1.2,DWC side,regular1.2.dwc,regular1.2.thr_m,18,False,True,,2,,0,,26,srl
ratchet_100pct,regular1.2,other intra-block,regular1.2.fmpad,regular1.2.swg,6,False,True,,2,,0,,14,srl
ratchet_100pct,regular1.2,other intra-block,regular1.2.mvau_e,regular1.2.thr_e,15,False,True,,2,,0,,23,srl
ratchet_100pct,regular1.2,DWC side,regular1.2.mvau_m,regular1.2.dwc,36,False,True,,2,,0,,44,srl
ratchet_100pct,regular1.2,other intra-block,regular1.2.mvau_r,regular1.2.thr_r,17,False,True,,2,,0,,25,srl
ratchet_100pct,regular1.2,other intra-block,regular1.2.swg,regular1.2.mvau_m,6,False,True,,2,,0,,14,srl
ratchet_100pct,regular1.2,other intra-block,regular1.2.thr_e,regular1.2.add,6,False,True,,2,,0,,14,srl
ratchet_100pct,regular1.2,other intra-block,regular1.2.thr_m,regular1.2.mvau_e,6,False,True,,2,,0,,14,srl
ratchet_100pct,regular1.2,window prefetch (in front of FMPad),regular1.2.thr_r,regular1.2.fmpad,6,True,True,266,266,1,1,0,0,bram
ratchet_100pct,regular1.2,skip FIFO,regular1.2.thr_s,regular1.2.add,6,True,True,1152,1212,1,1,0,0,bram
ratchet_100pct,regular1.3,other intra-block,regular1.3.add,regular1.3.thr_out,7,False,True,,2,,0,,15,srl
ratchet_100pct,regular1.3,dup output,regular1.3.dup,regular1.3.mvau_r,6,False,True,,2,,0,,14,srl
ratchet_100pct,regular1.3,dup output,regular1.3.dup,regular1.3.thr_s,6,False,True,,2,,0,,14,srl
ratchet_100pct,regular1.3,DWC side,regular1.3.dwc,regular1.3.thr_m,18,False,True,,2,,0,,26,srl
ratchet_100pct,regular1.3,other intra-block,regular1.3.fmpad,regular1.3.swg,6,False,True,,2,,0,,14,srl
ratchet_100pct,regular1.3,other intra-block,regular1.3.mvau_e,regular1.3.thr_e,15,False,True,,2,,0,,23,srl
ratchet_100pct,regular1.3,DWC side,regular1.3.mvau_m,regular1.3.dwc,36,False,True,,2,,0,,44,srl
ratchet_100pct,regular1.3,other intra-block,regular1.3.mvau_r,regular1.3.thr_r,17,False,True,,2,,0,,25,srl
ratchet_100pct,regular1.3,other intra-block,regular1.3.swg,regular1.3.mvau_m,6,False,True,,2,,0,,14,srl
ratchet_100pct,regular1.3,other intra-block,regular1.3.thr_e,regular1.3.add,6,False,True,,2,,0,,14,srl
ratchet_100pct,regular1.3,other intra-block,regular1.3.thr_m,regular1.3.mvau_e,6,False,True,,2,,0,,14,srl
ratchet_100pct,regular1.3,window prefetch (in front of FMPad),regular1.3.thr_r,regular1.3.fmpad,6,True,True,266,266,1,1,0,0,bram
ratchet_100pct,regular1.3,skip FIFO,regular1.3.thr_s,regular1.3.add,6,True,True,1152,1212,1,1,0,0,bram
ratchet_100pct,regular4.0,other intra-block,regular4.0.add,regular4.0.thr_out,7,False,True,,2,,0,,15,srl
ratchet_100pct,regular4.0,dup output,regular4.0.dup,regular4.0.mvau_r,6,False,True,,2,,0,,14,srl
ratchet_100pct,regular4.0,dup output,regular4.0.dup,regular4.0.thr_s,6,False,True,,2,,0,,14,srl
ratchet_100pct,regular4.0,DWC side,regular4.0.dwc,regular4.0.thr_m,18,False,True,,2,,0,,26,srl
ratchet_100pct,regular4.0,other intra-block,regular4.0.fmpad,regular4.0.swg,6,False,True,,2,,0,,14,srl
ratchet_100pct,regular4.0,other intra-block,regular4.0.mvau_e,regular4.0.thr_e,15,False,True,,2,,0,,23,srl
ratchet_100pct,regular4.0,DWC side,regular4.0.mvau_m,regular4.0.dwc,36,False,True,,2,,0,,44,srl
ratchet_100pct,regular4.0,other intra-block,regular4.0.mvau_r,regular4.0.thr_r,17,False,True,,2,,0,,25,srl
ratchet_100pct,regular4.0,other intra-block,regular4.0.swg,regular4.0.mvau_m,6,False,True,,2,,0,,14,srl
ratchet_100pct,regular4.0,other intra-block,regular4.0.thr_e,regular4.0.add,6,False,True,,2,,0,,14,srl
ratchet_100pct,regular4.0,other intra-block,regular4.0.thr_m,regular4.0.mvau_e,6,False,True,,2,,0,,14,srl
ratchet_100pct,regular4.0,window prefetch (in front of FMPad),regular4.0.thr_r,regular4.0.fmpad,6,True,True,266,266,1,1,0,0,bram
ratchet_100pct,regular4.0,skip FIFO,regular4.0.thr_s,regular4.0.add,6,True,True,1152,1212,1,1,0,0,bram
ratchet_100pct,regular4.1,other intra-block,regular4.1.add,regular4.1.thr_out,7,False,True,,2,,0,,15,srl
ratchet_100pct,regular4.1,dup output,regular4.1.dup,regular4.1.mvau_r,6,False,True,,2,,0,,14,srl
ratchet_100pct,regular4.1,dup output,regular4.1.dup,regular4.1.thr_s,6,False,True,,2,,0,,14,srl
ratchet_100pct,regular4.1,DWC side,regular4.1.dwc,regular4.1.thr_m,18,False,True,,2,,0,,26,srl
ratchet_100pct,regular4.1,other intra-block,regular4.1.fmpad,regular4.1.swg,6,False,True,,2,,0,,14,srl
ratchet_100pct,regular4.1,other intra-block,regular4.1.mvau_e,regular4.1.thr_e,15,False,True,,2,,0,,23,srl
ratchet_100pct,regular4.1,DWC side,regular4.1.mvau_m,regular4.1.dwc,36,False,True,,2,,0,,44,srl
ratchet_100pct,regular4.1,other intra-block,regular4.1.mvau_r,regular4.1.thr_r,17,False,True,,2,,0,,25,srl
ratchet_100pct,regular4.1,other intra-block,regular4.1.swg,regular4.1.mvau_m,6,False,True,,2,,0,,14,srl
ratchet_100pct,regular4.1,other intra-block,regular4.1.thr_e,regular4.1.add,6,False,True,,2,,0,,14,srl
ratchet_100pct,regular4.1,other intra-block,regular4.1.thr_m,regular4.1.mvau_e,6,False,True,,2,,0,,14,srl
ratchet_100pct,regular4.1,window prefetch (in front of FMPad),regular4.1.thr_r,regular4.1.fmpad,6,True,True,266,266,1,1,0,0,bram
ratchet_100pct,regular4.1,skip FIFO,regular4.1.thr_s,regular4.1.add,6,True,True,1152,1212,1,1,0,0,bram
ratchet_100pct,regular5.0,other intra-block,regular5.0.add,regular5.0.thr_out,7,False,True,,2,,0,,15,srl
ratchet_100pct,regular5.0,dup output,regular5.0.dup,regular5.0.mvau_r,6,False,True,,2,,0,,14,srl
ratchet_100pct,regular5.0,dup output,regular5.0.dup,regular5.0.thr_s,6,False,True,,2,,0,,14,srl
ratchet_100pct,regular5.0,other intra-block,regular5.0.fmpad,regular5.0.swg,6,False,True,,2,,0,,14,srl
ratchet_100pct,regular5.0,other intra-block,regular5.0.mvau_e,regular5.0.thr_e,13,False,True,,2,,0,,21,srl
ratchet_100pct,regular5.0,other intra-block,regular5.0.mvau_m,regular5.0.thr_m,16,False,True,,2,,0,,24,srl
ratchet_100pct,regular5.0,other intra-block,regular5.0.mvau_r,regular5.0.thr_r,15,False,True,,2,,0,,23,srl
ratchet_100pct,regular5.0,other intra-block,regular5.0.swg,regular5.0.mvau_m,6,False,True,,2,,0,,14,srl
ratchet_100pct,regular5.0,other intra-block,regular5.0.thr_e,regular5.0.add,6,False,True,,2,,0,,14,srl
ratchet_100pct,regular5.0,other intra-block,regular5.0.thr_m,regular5.0.mvau_e,6,False,True,,2,,0,,14,srl
ratchet_100pct,regular5.0,window prefetch (in front of FMPad),regular5.0.thr_r,regular5.0.fmpad,6,True,True,132,132,1,1,0,0,bram
ratchet_100pct,regular5.0,skip FIFO,regular5.0.thr_s,regular5.0.add,6,True,True,568,693,1,1,0,0,bram
ratchet_100pct,stage2.0,other intra-block,stage2.0.add,stage2.0.thr_out,7,False,True,,2,,0,,15,srl
ratchet_100pct,stage2.0,dup output,stage2.0.dup,stage2.0.mvau_r,6,False,True,,2,,0,,14,srl
ratchet_100pct,stage2.0,dup output,stage2.0.dup,stage2.0.thr_s,6,False,True,,2,,0,,14,srl
ratchet_100pct,stage2.0,DWC side,stage2.0.dwc,stage2.0.thr_m,19,False,True,,2,,0,,27,srl
ratchet_100pct,stage2.0,other intra-block,stage2.0.fmpad,stage2.0.swg,6,False,True,,2,,0,,14,srl
ratchet_100pct,stage2.0,other intra-block,stage2.0.mvau_e,stage2.0.thr_e,16,False,True,,2,,0,,24,srl
ratchet_100pct,stage2.0,DWC side,stage2.0.mvau_m,stage2.0.dwc,38,False,True,,2,,0,,46,srl
ratchet_100pct,stage2.0,other intra-block,stage2.0.mvau_r,stage2.0.thr_r,18,False,True,,2,,0,,26,srl
ratchet_100pct,stage2.0,other intra-block,stage2.0.swg,stage2.0.mvau_m,6,False,True,,2,,0,,14,srl
ratchet_100pct,stage2.0,other intra-block,stage2.0.thr_e,stage2.0.add,6,False,True,,2,,0,,14,srl
ratchet_100pct,stage2.0,other intra-block,stage2.0.thr_m,stage2.0.mvau_e,6,False,True,,2,,0,,14,srl
ratchet_100pct,stage2.0,window prefetch (in front of FMPad),stage2.0.thr_r,stage2.0.fmpad,6,True,True,538,538,1,1,0,0,bram
ratchet_100pct,stage2.0,skip FIFO,stage2.0.thr_s,stage2.0.add,6,True,True,2336,2339,2,2,0,0,bram
ratchet_100pct,stage2.1,other intra-block,stage2.1.add,stage2.1.thr_out,7,False,True,,2,,0,,15,srl
ratchet_100pct,stage2.1,dup output,stage2.1.dup,stage2.1.mvau_r,6,False,True,,2,,0,,14,srl
ratchet_100pct,stage2.1,dup output,stage2.1.dup,stage2.1.thr_s,6,False,True,,2,,0,,14,srl
ratchet_100pct,stage2.1,DWC side,stage2.1.dwc,stage2.1.thr_m,19,False,True,,2,,0,,27,srl
ratchet_100pct,stage2.1,other intra-block,stage2.1.fmpad,stage2.1.swg,6,False,True,,2,,0,,14,srl
ratchet_100pct,stage2.1,other intra-block,stage2.1.mvau_e,stage2.1.thr_e,16,False,True,,2,,0,,24,srl
ratchet_100pct,stage2.1,DWC side,stage2.1.mvau_m,stage2.1.dwc,38,False,True,,2,,0,,46,srl
ratchet_100pct,stage2.1,other intra-block,stage2.1.mvau_r,stage2.1.thr_r,18,False,True,,2,,0,,26,srl
ratchet_100pct,stage2.1,other intra-block,stage2.1.swg,stage2.1.mvau_m,6,False,True,,2,,0,,14,srl
ratchet_100pct,stage2.1,other intra-block,stage2.1.thr_e,stage2.1.add,6,False,True,,2,,0,,14,srl
ratchet_100pct,stage2.1,other intra-block,stage2.1.thr_m,stage2.1.mvau_e,6,False,True,,2,,0,,14,srl
ratchet_100pct,stage2.1,window prefetch (in front of FMPad),stage2.1.thr_r,stage2.1.fmpad,6,True,True,1066,1066,1,1,0,0,bram
ratchet_100pct,stage2.1,skip FIFO,stage2.1.thr_s,stage2.1.add,6,True,True,4640,4611,3,3,0,0,bram
ratchet_100pct,stage2.2,other intra-block,stage2.2.add,stage2.2.thr_out,7,False,True,,32,,0,,15,srl
ratchet_100pct,stage2.2,dup output,stage2.2.dup,stage2.2.mvau_r,6,False,True,,32,,0,,14,srl
ratchet_100pct,stage2.2,dup output,stage2.2.dup,stage2.2.thr_s,6,False,True,,32,,0,,14,srl
ratchet_100pct,stage2.2,DWC side,stage2.2.dwc,stage2.2.thr_m,19,False,True,,32,,0,,27,srl
ratchet_100pct,stage2.2,other intra-block,stage2.2.fmpad,stage2.2.swg,6,False,True,,24592,,12,,0,bram
ratchet_100pct,stage2.2,other intra-block,stage2.2.mvau_e,stage2.2.thr_e,16,False,True,,32,,0,,24,srl
ratchet_100pct,stage2.2,DWC side,stage2.2.mvau_m,stage2.2.dwc,38,False,True,,32,,0,,46,srl
ratchet_100pct,stage2.2,other intra-block,stage2.2.mvau_r,stage2.2.thr_r,18,False,True,,32,,0,,26,srl
ratchet_100pct,stage2.2,other intra-block,stage2.2.swg,stage2.2.mvau_m,6,False,True,,32,,0,,14,srl
ratchet_100pct,stage2.2,other intra-block,stage2.2.thr_e,stage2.2.add,6,False,True,,32,,0,,14,srl
ratchet_100pct,stage2.2,other intra-block,stage2.2.thr_m,stage2.2.mvau_e,6,False,True,,32,,0,,14,srl
ratchet_100pct,stage2.2,window prefetch (in front of FMPad),stage2.2.thr_r,stage2.2.fmpad,6,True,True,2122,16976,2,12,0,0,bram
ratchet_100pct,stage2.2,skip FIFO,stage2.2.thr_s,stage2.2.add,6,True,True,9216,9243,6,6,0,0,bram
ratchet_100pct,stage2.3,other intra-block,stage2.3.add,stage2.3.thr_out,7,False,True,,2,,0,,15,srl
ratchet_100pct,stage2.3,dup output,stage2.3.dup,stage2.3.dwc,6,False,True,,2,,0,,14,srl
ratchet_100pct,stage2.3,dup output,stage2.3.dup,stage2.3.mvau_r,6,False,True,,2,,0,,14,srl
ratchet_100pct,stage2.3,DWC side,stage2.3.dwc,stage2.3.add,6,False,True,,2,,0,,14,srl
ratchet_100pct,stage2.3,DWC side,stage2.3.dwc,stage2.3.thr_m,19,False,True,,2,,0,,27,srl
ratchet_100pct,stage2.3,DWC side,stage2.3.dwc,stage2.3.thr_s,48,False,True,,2,,0,,56,srl
ratchet_100pct,stage2.3,other intra-block,stage2.3.fmpad,stage2.3.swg,6,False,True,,2,,0,,14,srl
ratchet_100pct,stage2.3,other intra-block,stage2.3.mvau_e,stage2.3.thr_e,16,False,True,,2,,0,,24,srl
ratchet_100pct,stage2.3,DWC side,stage2.3.mvau_m,stage2.3.dwc,38,False,True,,2,,0,,46,srl
ratchet_100pct,stage2.3,other intra-block,stage2.3.mvau_r,stage2.3.thr_r,18,False,True,,2,,0,,26,srl
ratchet_100pct,stage2.3,other intra-block,stage2.3.swg,stage2.3.mvau_m,6,False,True,,2,,0,,14,srl
ratchet_100pct,stage2.3,other intra-block,stage2.3.thr_e,stage2.3.add,6,False,True,,2,,0,,14,srl
ratchet_100pct,stage2.3,other intra-block,stage2.3.thr_m,stage2.3.mvau_e,6,False,True,,2,,0,,14,srl
ratchet_100pct,stage2.3,window prefetch (in front of FMPad),stage2.3.thr_r,stage2.3.fmpad,6,True,True,4234,4234,3,3,0,0,bram
ratchet_100pct,stage2.3,skip FIFO,stage2.3.thr_s,stage2.3.add,48,True,False,2296,,0,,0,,
ratchet_100pct,stage2.3,skip FIFO,stage2.3.thr_s,stage2.3.dwc,48,False,True,,2377,,0,,0,uram
ratchet_100pct,stage2.4,other intra-block,stage2.4.add,stage2.4.thr_out,7,False,True,,2,,0,,15,srl
ratchet_100pct,stage2.4,dup output,stage2.4.dup,stage2.4.mvau_r,6,False,True,,2,,0,,14,srl
ratchet_100pct,stage2.4,dup output,stage2.4.dup,stage2.4.thr_s,6,False,True,,2,,0,,14,srl
ratchet_100pct,stage2.4,DWC side,stage2.4.dwc,stage2.4.thr_m,19,False,True,,2,,0,,27,srl
ratchet_100pct,stage2.4,other intra-block,stage2.4.fmpad,stage2.4.swg,6,False,True,,2,,0,,14,srl
ratchet_100pct,stage2.4,other intra-block,stage2.4.mvau_e,stage2.4.thr_e,16,False,True,,2,,0,,24,srl
ratchet_100pct,stage2.4,DWC side,stage2.4.mvau_m,stage2.4.dwc,38,False,True,,2,,0,,46,srl
ratchet_100pct,stage2.4,other intra-block,stage2.4.mvau_r,stage2.4.thr_r,18,False,True,,2,,0,,26,srl
ratchet_100pct,stage2.4,other intra-block,stage2.4.swg,stage2.4.mvau_m,6,False,True,,2,,0,,14,srl
ratchet_100pct,stage2.4,other intra-block,stage2.4.thr_e,stage2.4.add,6,False,True,,2,,0,,14,srl
ratchet_100pct,stage2.4,other intra-block,stage2.4.thr_m,stage2.4.mvau_e,6,False,True,,2,,0,,14,srl
ratchet_100pct,stage2.4,window prefetch (in front of FMPad),stage2.4.thr_r,stage2.4.fmpad,6,True,True,538,538,1,1,0,0,bram
ratchet_100pct,stage2.4,skip FIFO,stage2.4.thr_s,stage2.4.add,6,True,True,2336,2339,2,2,0,0,bram
ratchet_100pct,stage2.5,other intra-block,stage2.5.add,stage2.5.thr_out,7,False,True,,2,,0,,15,srl
ratchet_100pct,stage2.5,dup output,stage2.5.dup,stage2.5.mvau_r,6,False,True,,2,,0,,14,srl
ratchet_100pct,stage2.5,dup output,stage2.5.dup,stage2.5.thr_s,6,False,True,,2,,0,,14,srl
ratchet_100pct,stage2.5,DWC side,stage2.5.dwc,stage2.5.thr_m,19,False,True,,2,,0,,27,srl
ratchet_100pct,stage2.5,other intra-block,stage2.5.fmpad,stage2.5.swg,6,False,True,,2,,0,,14,srl
ratchet_100pct,stage2.5,other intra-block,stage2.5.mvau_e,stage2.5.thr_e,16,False,True,,2,,0,,24,srl
ratchet_100pct,stage2.5,DWC side,stage2.5.mvau_m,stage2.5.dwc,38,False,True,,2,,0,,46,srl
ratchet_100pct,stage2.5,other intra-block,stage2.5.mvau_r,stage2.5.thr_r,18,False,True,,2,,0,,26,srl
ratchet_100pct,stage2.5,other intra-block,stage2.5.swg,stage2.5.mvau_m,6,False,True,,2,,0,,14,srl
ratchet_100pct,stage2.5,other intra-block,stage2.5.thr_e,stage2.5.add,6,False,True,,2,,0,,14,srl
ratchet_100pct,stage2.5,other intra-block,stage2.5.thr_m,stage2.5.mvau_e,6,False,True,,2,,0,,14,srl
ratchet_100pct,stage2.5,window prefetch (in front of FMPad),stage2.5.thr_r,stage2.5.fmpad,6,True,True,1066,1066,1,1,0,0,bram
ratchet_100pct,stage2.5,skip FIFO,stage2.5.thr_s,stage2.5.add,6,True,True,4640,4611,3,3,0,0,bram
ratchet_100pct,stage2.6,other intra-block,stage2.6.add,stage2.6.thr_out,7,False,True,,32,,0,,15,srl
ratchet_100pct,stage2.6,dup output,stage2.6.dup,stage2.6.mvau_r,6,False,True,,32,,0,,14,srl
ratchet_100pct,stage2.6,dup output,stage2.6.dup,stage2.6.thr_s,6,False,True,,32,,0,,14,srl
ratchet_100pct,stage2.6,DWC side,stage2.6.dwc,stage2.6.thr_m,19,False,True,,32,,0,,27,srl
ratchet_100pct,stage2.6,other intra-block,stage2.6.fmpad,stage2.6.swg,6,False,True,,24592,,12,,0,bram
ratchet_100pct,stage2.6,other intra-block,stage2.6.mvau_e,stage2.6.thr_e,16,False,True,,32,,0,,24,srl
ratchet_100pct,stage2.6,DWC side,stage2.6.mvau_m,stage2.6.dwc,38,False,True,,32,,0,,46,srl
ratchet_100pct,stage2.6,other intra-block,stage2.6.mvau_r,stage2.6.thr_r,18,False,True,,32,,0,,26,srl
ratchet_100pct,stage2.6,other intra-block,stage2.6.swg,stage2.6.mvau_m,6,False,True,,32,,0,,14,srl
ratchet_100pct,stage2.6,other intra-block,stage2.6.thr_e,stage2.6.add,6,False,True,,32,,0,,14,srl
ratchet_100pct,stage2.6,other intra-block,stage2.6.thr_m,stage2.6.mvau_e,6,False,True,,32,,0,,14,srl
ratchet_100pct,stage2.6,window prefetch (in front of FMPad),stage2.6.thr_r,stage2.6.fmpad,6,True,True,2122,16976,2,12,0,0,bram
ratchet_100pct,stage2.6,skip FIFO,stage2.6.thr_s,stage2.6.add,6,True,True,9216,9243,6,6,0,0,bram
ratchet_100pct,stage2.7,other intra-block,stage2.7.add,stage2.7.thr_out,7,False,True,,2,,0,,15,srl
ratchet_100pct,stage2.7,dup output,stage2.7.dup,stage2.7.dwc,6,False,True,,2,,0,,14,srl
ratchet_100pct,stage2.7,dup output,stage2.7.dup,stage2.7.mvau_r,6,False,True,,2,,0,,14,srl
ratchet_100pct,stage2.7,DWC side,stage2.7.dwc,stage2.7.add,6,False,True,,2,,0,,14,srl
ratchet_100pct,stage2.7,DWC side,stage2.7.dwc,stage2.7.thr_m,19,False,True,,2,,0,,27,srl
ratchet_100pct,stage2.7,DWC side,stage2.7.dwc,stage2.7.thr_s,48,False,True,,2,,0,,56,srl
ratchet_100pct,stage2.7,other intra-block,stage2.7.fmpad,stage2.7.swg,6,False,True,,2,,0,,14,srl
ratchet_100pct,stage2.7,other intra-block,stage2.7.mvau_e,stage2.7.thr_e,16,False,True,,2,,0,,24,srl
ratchet_100pct,stage2.7,DWC side,stage2.7.mvau_m,stage2.7.dwc,38,False,True,,2,,0,,46,srl
ratchet_100pct,stage2.7,other intra-block,stage2.7.mvau_r,stage2.7.thr_r,18,False,True,,2,,0,,26,srl
ratchet_100pct,stage2.7,other intra-block,stage2.7.swg,stage2.7.mvau_m,6,False,True,,2,,0,,14,srl
ratchet_100pct,stage2.7,other intra-block,stage2.7.thr_e,stage2.7.add,6,False,True,,2,,0,,14,srl
ratchet_100pct,stage2.7,other intra-block,stage2.7.thr_m,stage2.7.mvau_e,6,False,True,,2,,0,,14,srl
ratchet_100pct,stage2.7,window prefetch (in front of FMPad),stage2.7.thr_r,stage2.7.fmpad,6,True,True,4234,4234,3,3,0,0,bram
ratchet_100pct,stage2.7,skip FIFO,stage2.7.thr_s,stage2.7.add,48,True,False,2296,,0,,0,,
ratchet_100pct,stage2.7,skip FIFO,stage2.7.thr_s,stage2.7.dwc,48,False,True,,2377,,0,,0,uram
ratchet_100pct,stage3.0,other intra-block,stage3.0.add,stage3.0.thr_out,7,False,True,,2,,0,,15,srl
ratchet_100pct,stage3.0,dup output,stage3.0.dup,stage3.0.mvau_r,6,False,True,,2,,0,,14,srl
ratchet_100pct,stage3.0,dup output,stage3.0.dup,stage3.0.thr_s,6,False,True,,2,,0,,14,srl
ratchet_100pct,stage3.0,DWC side,stage3.0.dwc,stage3.0.thr_m,19,False,True,,2,,0,,27,srl
ratchet_100pct,stage3.0,other intra-block,stage3.0.fmpad,stage3.0.swg,6,False,True,,2,,0,,14,srl
ratchet_100pct,stage3.0,other intra-block,stage3.0.mvau_e,stage3.0.thr_e,16,False,True,,2,,0,,24,srl
ratchet_100pct,stage3.0,DWC side,stage3.0.mvau_m,stage3.0.dwc,38,False,True,,2,,0,,46,srl
ratchet_100pct,stage3.0,other intra-block,stage3.0.mvau_r,stage3.0.thr_r,18,False,True,,2,,0,,26,srl
ratchet_100pct,stage3.0,other intra-block,stage3.0.swg,stage3.0.mvau_m,6,False,True,,2,,0,,14,srl
ratchet_100pct,stage3.0,other intra-block,stage3.0.thr_e,stage3.0.add,6,False,True,,2,,0,,14,srl
ratchet_100pct,stage3.0,other intra-block,stage3.0.thr_m,stage3.0.mvau_e,6,False,True,,2,,0,,14,srl
ratchet_100pct,stage3.0,window prefetch (in front of FMPad),stage3.0.thr_r,stage3.0.fmpad,6,True,True,538,538,1,1,0,0,bram
ratchet_100pct,stage3.0,skip FIFO,stage3.0.thr_s,stage3.0.add,6,True,True,2336,2339,2,2,0,0,bram
ratchet_100pct,stage3.1,other intra-block,stage3.1.add,stage3.1.thr_out,7,False,True,,2,,0,,15,srl
ratchet_100pct,stage3.1,dup output,stage3.1.dup,stage3.1.mvau_r,6,False,True,,2,,0,,14,srl
ratchet_100pct,stage3.1,dup output,stage3.1.dup,stage3.1.thr_s,6,False,True,,2,,0,,14,srl
ratchet_100pct,stage3.1,DWC side,stage3.1.dwc,stage3.1.thr_m,19,False,True,,2,,0,,27,srl
ratchet_100pct,stage3.1,other intra-block,stage3.1.fmpad,stage3.1.swg,6,False,True,,2,,0,,14,srl
ratchet_100pct,stage3.1,other intra-block,stage3.1.mvau_e,stage3.1.thr_e,16,False,True,,2,,0,,24,srl
ratchet_100pct,stage3.1,DWC side,stage3.1.mvau_m,stage3.1.dwc,38,False,True,,2,,0,,46,srl
ratchet_100pct,stage3.1,other intra-block,stage3.1.mvau_r,stage3.1.thr_r,18,False,True,,2,,0,,26,srl
ratchet_100pct,stage3.1,other intra-block,stage3.1.swg,stage3.1.mvau_m,6,False,True,,2,,0,,14,srl
ratchet_100pct,stage3.1,other intra-block,stage3.1.thr_e,stage3.1.add,6,False,True,,2,,0,,14,srl
ratchet_100pct,stage3.1,other intra-block,stage3.1.thr_m,stage3.1.mvau_e,6,False,True,,2,,0,,14,srl
ratchet_100pct,stage3.1,window prefetch (in front of FMPad),stage3.1.thr_r,stage3.1.fmpad,6,True,True,1066,1066,1,1,0,0,bram
ratchet_100pct,stage3.1,skip FIFO,stage3.1.thr_s,stage3.1.add,6,True,True,4640,4611,3,3,0,0,bram
ratchet_100pct,stage3.2,other intra-block,stage3.2.add,stage3.2.thr_out,7,False,True,,32,,0,,15,srl
ratchet_100pct,stage3.2,dup output,stage3.2.dup,stage3.2.mvau_r,6,False,True,,32,,0,,14,srl
ratchet_100pct,stage3.2,dup output,stage3.2.dup,stage3.2.thr_s,6,False,True,,32,,0,,14,srl
ratchet_100pct,stage3.2,DWC side,stage3.2.dwc,stage3.2.thr_m,19,False,True,,32,,0,,27,srl
ratchet_100pct,stage3.2,other intra-block,stage3.2.fmpad,stage3.2.swg,6,False,True,,24592,,12,,0,bram
ratchet_100pct,stage3.2,other intra-block,stage3.2.mvau_e,stage3.2.thr_e,16,False,True,,32,,0,,24,srl
ratchet_100pct,stage3.2,DWC side,stage3.2.mvau_m,stage3.2.dwc,38,False,True,,32,,0,,46,srl
ratchet_100pct,stage3.2,other intra-block,stage3.2.mvau_r,stage3.2.thr_r,18,False,True,,32,,0,,26,srl
ratchet_100pct,stage3.2,other intra-block,stage3.2.swg,stage3.2.mvau_m,6,False,True,,32,,0,,14,srl
ratchet_100pct,stage3.2,other intra-block,stage3.2.thr_e,stage3.2.add,6,False,True,,32,,0,,14,srl
ratchet_100pct,stage3.2,other intra-block,stage3.2.thr_m,stage3.2.mvau_e,6,False,True,,32,,0,,14,srl
ratchet_100pct,stage3.2,window prefetch (in front of FMPad),stage3.2.thr_r,stage3.2.fmpad,6,True,True,2122,16976,2,12,0,0,bram
ratchet_100pct,stage3.2,skip FIFO,stage3.2.thr_s,stage3.2.add,6,True,True,9216,9243,6,6,0,0,bram
ratchet_100pct,stage3.3,other intra-block,stage3.3.add,stage3.3.thr_out,7,False,True,,2,,0,,15,srl
ratchet_100pct,stage3.3,dup output,stage3.3.dup,stage3.3.dwc,6,False,True,,2,,0,,14,srl
ratchet_100pct,stage3.3,dup output,stage3.3.dup,stage3.3.mvau_r,6,False,True,,2,,0,,14,srl
ratchet_100pct,stage3.3,DWC side,stage3.3.dwc,stage3.3.add,6,False,True,,2,,0,,14,srl
ratchet_100pct,stage3.3,DWC side,stage3.3.dwc,stage3.3.thr_m,19,False,True,,2,,0,,27,srl
ratchet_100pct,stage3.3,DWC side,stage3.3.dwc,stage3.3.thr_s,48,False,True,,2,,0,,56,srl
ratchet_100pct,stage3.3,other intra-block,stage3.3.fmpad,stage3.3.swg,6,False,True,,2,,0,,14,srl
ratchet_100pct,stage3.3,other intra-block,stage3.3.mvau_e,stage3.3.thr_e,16,False,True,,2,,0,,24,srl
ratchet_100pct,stage3.3,DWC side,stage3.3.mvau_m,stage3.3.dwc,38,False,True,,2,,0,,46,srl
ratchet_100pct,stage3.3,other intra-block,stage3.3.mvau_r,stage3.3.thr_r,18,False,True,,2,,0,,26,srl
ratchet_100pct,stage3.3,other intra-block,stage3.3.swg,stage3.3.mvau_m,6,False,True,,2,,0,,14,srl
ratchet_100pct,stage3.3,other intra-block,stage3.3.thr_e,stage3.3.add,6,False,True,,2,,0,,14,srl
ratchet_100pct,stage3.3,other intra-block,stage3.3.thr_m,stage3.3.mvau_e,6,False,True,,2,,0,,14,srl
ratchet_100pct,stage3.3,window prefetch (in front of FMPad),stage3.3.thr_r,stage3.3.fmpad,6,True,True,4234,4234,3,3,0,0,bram
ratchet_100pct,stage3.3,skip FIFO,stage3.3.thr_s,stage3.3.add,48,True,False,2296,,0,,0,,
ratchet_100pct,stage3.3,skip FIFO,stage3.3.thr_s,stage3.3.dwc,48,False,True,,2377,,0,,0,uram
ratchet_100pct,stage3.4,other intra-block,stage3.4.add,stage3.4.thr_out,7,False,True,,2,,0,,15,srl
ratchet_100pct,stage3.4,dup output,stage3.4.dup,stage3.4.mvau_r,6,False,True,,2,,0,,14,srl
ratchet_100pct,stage3.4,dup output,stage3.4.dup,stage3.4.thr_s,6,False,True,,2,,0,,14,srl
ratchet_100pct,stage3.4,DWC side,stage3.4.dwc,stage3.4.thr_m,19,False,True,,2,,0,,27,srl
ratchet_100pct,stage3.4,other intra-block,stage3.4.fmpad,stage3.4.swg,6,False,True,,2,,0,,14,srl
ratchet_100pct,stage3.4,other intra-block,stage3.4.mvau_e,stage3.4.thr_e,16,False,True,,2,,0,,24,srl
ratchet_100pct,stage3.4,DWC side,stage3.4.mvau_m,stage3.4.dwc,38,False,True,,2,,0,,46,srl
ratchet_100pct,stage3.4,other intra-block,stage3.4.mvau_r,stage3.4.thr_r,18,False,True,,2,,0,,26,srl
ratchet_100pct,stage3.4,other intra-block,stage3.4.swg,stage3.4.mvau_m,6,False,True,,2,,0,,14,srl
ratchet_100pct,stage3.4,other intra-block,stage3.4.thr_e,stage3.4.add,6,False,True,,2,,0,,14,srl
ratchet_100pct,stage3.4,other intra-block,stage3.4.thr_m,stage3.4.mvau_e,6,False,True,,2,,0,,14,srl
ratchet_100pct,stage3.4,window prefetch (in front of FMPad),stage3.4.thr_r,stage3.4.fmpad,6,True,True,538,538,1,1,0,0,bram
ratchet_100pct,stage3.4,skip FIFO,stage3.4.thr_s,stage3.4.add,6,True,True,2336,2339,2,2,0,0,bram
ratchet_100pct,stage3.5,other intra-block,stage3.5.add,stage3.5.thr_out,7,False,True,,2,,0,,15,srl
ratchet_100pct,stage3.5,dup output,stage3.5.dup,stage3.5.mvau_r,6,False,True,,2,,0,,14,srl
ratchet_100pct,stage3.5,dup output,stage3.5.dup,stage3.5.thr_s,6,False,True,,2,,0,,14,srl
ratchet_100pct,stage3.5,DWC side,stage3.5.dwc,stage3.5.thr_m,19,False,True,,2,,0,,27,srl
ratchet_100pct,stage3.5,other intra-block,stage3.5.fmpad,stage3.5.swg,6,False,True,,2,,0,,14,srl
ratchet_100pct,stage3.5,other intra-block,stage3.5.mvau_e,stage3.5.thr_e,16,False,True,,2,,0,,24,srl
ratchet_100pct,stage3.5,DWC side,stage3.5.mvau_m,stage3.5.dwc,38,False,True,,2,,0,,46,srl
ratchet_100pct,stage3.5,other intra-block,stage3.5.mvau_r,stage3.5.thr_r,18,False,True,,2,,0,,26,srl
ratchet_100pct,stage3.5,other intra-block,stage3.5.swg,stage3.5.mvau_m,6,False,True,,2,,0,,14,srl
ratchet_100pct,stage3.5,other intra-block,stage3.5.thr_e,stage3.5.add,6,False,True,,2,,0,,14,srl
ratchet_100pct,stage3.5,other intra-block,stage3.5.thr_m,stage3.5.mvau_e,6,False,True,,2,,0,,14,srl
ratchet_100pct,stage3.5,window prefetch (in front of FMPad),stage3.5.thr_r,stage3.5.fmpad,6,True,True,1066,1066,1,1,0,0,bram
ratchet_100pct,stage3.5,skip FIFO,stage3.5.thr_s,stage3.5.add,6,True,True,4640,4611,3,3,0,0,bram
ratchet_100pct,stage3.6,other intra-block,stage3.6.add,stage3.6.thr_out,7,False,True,,32,,0,,15,srl
ratchet_100pct,stage3.6,dup output,stage3.6.dup,stage3.6.mvau_r,6,False,True,,32,,0,,14,srl
ratchet_100pct,stage3.6,dup output,stage3.6.dup,stage3.6.thr_s,6,False,True,,32,,0,,14,srl
ratchet_100pct,stage3.6,DWC side,stage3.6.dwc,stage3.6.thr_m,19,False,True,,32,,0,,27,srl
ratchet_100pct,stage3.6,other intra-block,stage3.6.fmpad,stage3.6.swg,6,False,True,,24592,,12,,0,bram
ratchet_100pct,stage3.6,other intra-block,stage3.6.mvau_e,stage3.6.thr_e,16,False,True,,32,,0,,24,srl
ratchet_100pct,stage3.6,DWC side,stage3.6.mvau_m,stage3.6.dwc,38,False,True,,32,,0,,46,srl
ratchet_100pct,stage3.6,other intra-block,stage3.6.mvau_r,stage3.6.thr_r,18,False,True,,32,,0,,26,srl
ratchet_100pct,stage3.6,other intra-block,stage3.6.swg,stage3.6.mvau_m,6,False,True,,32,,0,,14,srl
ratchet_100pct,stage3.6,other intra-block,stage3.6.thr_e,stage3.6.add,6,False,True,,32,,0,,14,srl
ratchet_100pct,stage3.6,other intra-block,stage3.6.thr_m,stage3.6.mvau_e,6,False,True,,32,,0,,14,srl
ratchet_100pct,stage3.6,window prefetch (in front of FMPad),stage3.6.thr_r,stage3.6.fmpad,6,True,True,2122,16976,2,12,0,0,bram
ratchet_100pct,stage3.6,skip FIFO,stage3.6.thr_s,stage3.6.add,6,True,True,9216,9243,6,6,0,0,bram
ratchet_100pct,stage3.7,other intra-block,stage3.7.add,stage3.7.thr_out,7,False,True,,2,,0,,15,srl
ratchet_100pct,stage3.7,dup output,stage3.7.dup,stage3.7.dwc,6,False,True,,2,,0,,14,srl
ratchet_100pct,stage3.7,dup output,stage3.7.dup,stage3.7.mvau_r,6,False,True,,2,,0,,14,srl
ratchet_100pct,stage3.7,DWC side,stage3.7.dwc,stage3.7.add,6,False,True,,2,,0,,14,srl
ratchet_100pct,stage3.7,DWC side,stage3.7.dwc,stage3.7.thr_m,19,False,True,,2,,0,,27,srl
ratchet_100pct,stage3.7,DWC side,stage3.7.dwc,stage3.7.thr_s,48,False,True,,2,,0,,56,srl
ratchet_100pct,stage3.7,other intra-block,stage3.7.fmpad,stage3.7.swg,6,False,True,,2,,0,,14,srl
ratchet_100pct,stage3.7,other intra-block,stage3.7.mvau_e,stage3.7.thr_e,16,False,True,,2,,0,,24,srl
ratchet_100pct,stage3.7,DWC side,stage3.7.mvau_m,stage3.7.dwc,38,False,True,,2,,0,,46,srl
ratchet_100pct,stage3.7,other intra-block,stage3.7.mvau_r,stage3.7.thr_r,18,False,True,,2,,0,,26,srl
ratchet_100pct,stage3.7,other intra-block,stage3.7.swg,stage3.7.mvau_m,6,False,True,,2,,0,,14,srl
ratchet_100pct,stage3.7,other intra-block,stage3.7.thr_e,stage3.7.add,6,False,True,,2,,0,,14,srl
ratchet_100pct,stage3.7,other intra-block,stage3.7.thr_m,stage3.7.mvau_e,6,False,True,,2,,0,,14,srl
ratchet_100pct,stage3.7,window prefetch (in front of FMPad),stage3.7.thr_r,stage3.7.fmpad,6,True,True,4234,4234,3,3,0,0,bram
ratchet_100pct,stage3.7,skip FIFO,stage3.7.thr_s,stage3.7.add,48,True,False,2296,,0,,0,,
ratchet_100pct,stage3.7,skip FIFO,stage3.7.thr_s,stage3.7.dwc,48,False,True,,2377,,0,,0,uram
ratchet_100pct,up4,other intra-block,up4.add,up4.thr_out,7,False,True,,2,,0,,15,srl
ratchet_100pct,up4,dup output,up4.dup,up4.mvau_p,6,False,True,,16,,0,,14,srl
ratchet_100pct,up4,dup output,up4.dup,up4.mvau_r,6,False,True,,16,,0,,14,srl
ratchet_100pct,up4,DWC side,up4.dwc,up4.thr_e,16,False,True,,2,,0,,24,srl
ratchet_100pct,up4,DWC side,up4.dwc,up4.thr_p,18,False,True,,2,,0,,26,srl
ratchet_100pct,up4,DWC side,up4.dwc,up4.thr_s,6,False,True,,16,,0,,14,srl
ratchet_100pct,up4,DWC side,up4.dwc,up4.thr_u,18,False,True,,2,,0,,26,srl
ratchet_100pct,up4,DWC side,up4.dwc,up4.upnn,96,False,True,,5,,0,,104,srl
ratchet_100pct,up4,other intra-block,up4.fmpad_u,up4.swg_u,6,False,True,,16,,0,,14,srl
ratchet_100pct,up4,window prefetch (in front of FMPad),up4.fmpadpix,up4.fmpad_u,6,False,True,,144,,1,,0,bram
ratchet_100pct,up4,DWC side,up4.mvau_e,up4.dwc,32,False,True,,2,,0,,40,srl
ratchet_100pct,up4,DWC side,up4.mvau_p,up4.dwc,36,False,True,,2,,0,,44,srl
ratchet_100pct,up4,other intra-block,up4.mvau_r,up4.thr_r,18,False,True,,2,,0,,26,srl
ratchet_100pct,up4,DWC side,up4.mvau_u,up4.dwc,72,False,True,,2,,0,,80,srl
ratchet_100pct,up4,other intra-block,up4.swg_u,up4.mvau_u,6,False,True,,16,,0,,14,srl
ratchet_100pct,up4,skip FIFO,up4.thr_e,up4.add,6,True,True,512,512,1,1,0,0,bram
ratchet_100pct,up4,DWC side,up4.thr_p,up4.dwc,6,False,True,,2,,0,,14,srl
ratchet_100pct,up4,window prefetch (in front of FMPad),up4.thr_r,up4.fmpadpix,6,False,True,,117,,1,,0,bram
ratchet_100pct,up4,other intra-block,up4.thr_s,up4.add,6,True,True,1536,761,1,1,0,0,bram
ratchet_100pct,up4,other intra-block,up4.thr_u,up4.mvau_e,6,False,True,,4,,0,,14,srl
ratchet_100pct,up4,DWC side,up4.upnn,up4.dwc,96,False,True,,16,,0,,104,srl
ratchet_100pct,up5,other intra-block,up5.add,up5.thr_out,7,False,True,,2,,0,,15,srl
ratchet_100pct,up5,dup output,up5.dup,up5.mvau_p,6,False,True,,32,,0,,14,srl
ratchet_100pct,up5,dup output,up5.dup,up5.mvau_r,6,False,True,,32,,0,,14,srl
ratchet_100pct,up5,DWC side,up5.dwc,up5.thr_s,6,False,True,,32,,0,,14,srl
ratchet_100pct,up5,DWC side,up5.dwc,up5.thr_u,17,False,True,,2,,0,,25,srl
ratchet_100pct,up5,DWC side,up5.dwc,up5.upnn,24,False,True,,10,,0,,32,srl
ratchet_100pct,up5,other intra-block,up5.fmpad_u,up5.swg_u,6,False,True,,32,,0,,14,srl
ratchet_100pct,up5,window prefetch (in front of FMPad),up5.fmpadpix,up5.fmpad_u,6,False,True,,80,,1,,0,bram
ratchet_100pct,up5,other intra-block,up5.mvau_e,up5.thr_e,15,False,True,,2,,0,,23,srl
ratchet_100pct,up5,other intra-block,up5.mvau_p,up5.thr_p,17,False,True,,2,,0,,25,srl
ratchet_100pct,up5,other intra-block,up5.mvau_r,up5.thr_r,17,False,True,,32,,0,,25,srl
ratchet_100pct,up5,DWC side,up5.mvau_u,up5.dwc,68,False,True,,2,,0,,76,srl
ratchet_100pct,up5,other intra-block,up5.swg_u,up5.mvau_u,6,False,True,,2,,0,,14,srl
ratchet_100pct,up5,skip FIFO,up5.thr_e,up5.add,6,True,True,256,256,1,1,0,0,bram
ratchet_100pct,up5,DWC side,up5.thr_p,up5.dwc,6,False,True,,2,,0,,14,srl
ratchet_100pct,up5,window prefetch (in front of FMPad),up5.thr_r,up5.fmpadpix,6,False,True,,80,,1,,0,bram
ratchet_100pct,up5,other intra-block,up5.thr_s,up5.add,6,True,True,768,355,1,1,0,0,bram
ratchet_100pct,up5,other intra-block,up5.thr_u,up5.mvau_e,6,False,True,,2,,0,,14,srl
ratchet_100pct,up5,DWC side,up5.upnn,up5.dwc,24,False,True,,32,,0,,32,srl
ratchet_200pct,down1,other intra-block,down1.add,down1.thr_out,7,False,True,,2,,0,,15,srl
ratchet_200pct,down1,dup output,down1.dup,down1.dwc,6,False,True,,2,,0,,14,srl
ratchet_200pct,down1,dup output,down1.dup,down1.swg_r,6,False,True,,40,,0,,20,srl
ratchet_200pct,down1,DWC side,down1.dwc,down1.maxpool,24,False,True,,2,,0,,32,srl
ratchet_200pct,down1,DWC side,down1.dwc,down1.mvau_s,6,False,True,,2,,0,,14,srl
ratchet_200pct,down1,DWC side,down1.dwc,down1.thr_m,18,False,True,,2,,0,,26,srl
ratchet_200pct,down1,other intra-block,down1.fmpad,down1.swg_m,6,False,True,,2,,0,,14,srl
ratchet_200pct,down1,DWC side,down1.maxpool,down1.dwc,24,False,True,,2,,0,,32,srl
ratchet_200pct,down1,other intra-block,down1.mvau_e,down1.thr_e,15,False,True,,2,,0,,23,srl
ratchet_200pct,down1,DWC side,down1.mvau_m,down1.dwc,36,False,True,,2,,0,,44,srl
ratchet_200pct,down1,other intra-block,down1.mvau_r,down1.thr_r,17,False,True,,2,,0,,25,srl
ratchet_200pct,down1,other intra-block,down1.mvau_s,down1.thr_s,17,False,True,,2,,0,,25,srl
ratchet_200pct,down1,other intra-block,down1.swg_m,down1.mvau_m,6,False,True,,2,,0,,14,srl
ratchet_200pct,down1,other intra-block,down1.swg_r,down1.mvau_r,6,False,True,,2,,0,,14,srl
ratchet_200pct,down1,other intra-block,down1.thr_e,down1.add,6,False,True,,2,,0,,14,srl
ratchet_200pct,down1,other intra-block,down1.thr_m,down1.mvau_e,6,False,True,,2,,0,,14,srl
ratchet_200pct,down1,window prefetch (in front of FMPad),down1.thr_r,down1.fmpad,6,True,True,266,266,1,1,0,0,bram
ratchet_200pct,down1,skip FIFO,down1.thr_s,down1.add,6,True,True,1280,1310,1,1,0,0,bram
ratchet_200pct,down2,other intra-block,down2.add,down2.thr_out,7,False,True,,2,,0,,15,srl
ratchet_200pct,down2,dup output,down2.dup,down2.dwc,6,False,True,,2,,0,,14,srl
ratchet_200pct,down2,dup output,down2.dup,down2.swg_r,6,False,True,,273,,1,,0,bram
ratchet_200pct,down2,DWC side,down2.dwc,down2.maxpool,96,False,True,,2,,0,,104,srl
ratchet_200pct,down2,DWC side,down2.dwc,down2.mvau_s,6,False,True,,2,,0,,14,srl
ratchet_200pct,down2,DWC side,down2.dwc,down2.thr_m,19,False,True,,2,,0,,27,srl
ratchet_200pct,down2,DWC side,down2.dwc,down2.thr_r,19,False,True,,2,,0,,27,srl
ratchet_200pct,down2,DWC side,down2.dwc,down2.thr_s,19,False,True,,2,,0,,27,srl
ratchet_200pct,down2,other intra-block,down2.fmpad,down2.swg_m,6,False,True,,2,,0,,14,srl
ratchet_200pct,down2,DWC side,down2.maxpool,down2.dwc,96,False,True,,2,,0,,104,srl
ratchet_200pct,down2,other intra-block,down2.mvau_e,down2.thr_e,16,False,True,,2,,0,,24,srl
ratchet_200pct,down2,DWC side,down2.mvau_m,down2.dwc,38,False,True,,2,,0,,46,srl
ratchet_200pct,down2,DWC side,down2.mvau_r,down2.dwc,38,False,True,,2,,0,,46,srl
ratchet_200pct,down2,DWC side,down2.mvau_s,down2.dwc,38,False,True,,2,,0,,46,srl
ratchet_200pct,down2,other intra-block,down2.swg_m,down2.mvau_m,6,False,True,,2,,0,,14,srl
ratchet_200pct,down2,other intra-block,down2.swg_r,down2.mvau_r,6,False,True,,2,,0,,14,srl
ratchet_200pct,down2,other intra-block,down2.thr_e,down2.add,6,False,True,,2,,0,,14,srl
ratchet_200pct,down2,other intra-block,down2.thr_m,down2.mvau_e,6,False,True,,2,,0,,14,srl
ratchet_200pct,down2,window prefetch (in front of FMPad),down2.thr_r,down2.fmpad,6,True,True,274,274,1,1,0,0,bram
ratchet_200pct,down2,skip FIFO,down2.thr_s,down2.add,6,True,True,1344,1296,1,1,0,0,bram
ratchet_200pct,final,other intra-block,final.bias,final.label_select,18,False,True,,2,,0,,26,srl
ratchet_200pct,final,DWC side,final.dwc,final.bias,17,False,True,,2,,0,,25,srl
ratchet_200pct,final,DWC side,final.dwc,final.mvau_f,48,False,True,,2,,0,,56,srl
ratchet_200pct,final,other intra-block,final.fmpad_u,final.swg_u,24,False,True,,2,,0,,32,srl
ratchet_200pct,final,window prefetch (in front of FMPad),final.fmpadpix,final.fmpad_u,24,False,True,,4,,0,,32,srl
ratchet_200pct,final,DWC side,final.mvau_f,final.dwc,85,False,True,,2,,0,,93,srl
ratchet_200pct,final,DWC side,final.swg_u,final.dwc,96,False,True,,2,,0,,104,srl
ratchet_200pct,initial,DWC side,initial.concat,initial.dwc,24,False,True,,2,,0,,32,srl
ratchet_200pct,initial,window prefetch (in front of FMPad),initial.dup,initial.fmpad,6,True,True,260,260,1,1,0,0,bram
ratchet_200pct,initial,dup output,initial.dup,initial.thr_m,6,False,True,,2,,0,,14,srl
ratchet_200pct,initial,DWC side,initial.dwc,initial.concat,24,False,True,,2,,0,,32,srl
ratchet_200pct,initial,DWC side,initial.dwc,initial.thr_act,6,False,True,,2,,0,,14,srl
ratchet_200pct,initial,DWC side,initial.dwc,initial.thr_c,16,False,True,,2,,0,,24,srl
ratchet_200pct,initial,other intra-block,initial.fmpad,initial.swg,6,False,True,,2,,0,,14,srl
ratchet_200pct,initial,skip FIFO,initial.maxpool,initial.concat,6,False,True,,130,,1,,0,bram
ratchet_200pct,initial,DWC side,initial.mvau_c,initial.dwc,48,False,True,,2,,0,,56,srl
ratchet_200pct,initial,other intra-block,initial.swg,initial.mvau_c,6,False,True,,2,,0,,14,srl
ratchet_200pct,initial,DWC side,initial.thr_c,initial.dwc,6,False,True,,4,,0,,14,srl
ratchet_200pct,initial,other intra-block,initial.thr_in,initial.dup,6,False,True,,2,,0,,14,srl
ratchet_200pct,initial,other intra-block,initial.thr_m,initial.maxpool,6,False,True,,2,,0,,14,srl
ratchet_200pct,regular1.0,other intra-block,regular1.0.add,regular1.0.thr_out,7,False,True,,2,,0,,15,srl
ratchet_200pct,regular1.0,dup output,regular1.0.dup,regular1.0.mvau_r,6,False,True,,2,,0,,14,srl
ratchet_200pct,regular1.0,dup output,regular1.0.dup,regular1.0.thr_s,6,False,True,,2,,0,,14,srl
ratchet_200pct,regular1.0,DWC side,regular1.0.dwc,regular1.0.thr_m,18,False,True,,2,,0,,26,srl
ratchet_200pct,regular1.0,other intra-block,regular1.0.fmpad,regular1.0.swg,6,False,True,,2,,0,,14,srl
ratchet_200pct,regular1.0,other intra-block,regular1.0.mvau_e,regular1.0.thr_e,15,False,True,,2,,0,,23,srl
ratchet_200pct,regular1.0,DWC side,regular1.0.mvau_m,regular1.0.dwc,36,False,True,,2,,0,,44,srl
ratchet_200pct,regular1.0,other intra-block,regular1.0.mvau_r,regular1.0.thr_r,17,False,True,,2,,0,,25,srl
ratchet_200pct,regular1.0,other intra-block,regular1.0.swg,regular1.0.mvau_m,6,False,True,,2,,0,,14,srl
ratchet_200pct,regular1.0,other intra-block,regular1.0.thr_e,regular1.0.add,6,False,True,,2,,0,,14,srl
ratchet_200pct,regular1.0,other intra-block,regular1.0.thr_m,regular1.0.mvau_e,6,False,True,,2,,0,,14,srl
ratchet_200pct,regular1.0,window prefetch (in front of FMPad),regular1.0.thr_r,regular1.0.fmpad,6,True,True,266,266,1,1,0,0,bram
ratchet_200pct,regular1.0,skip FIFO,regular1.0.thr_s,regular1.0.add,6,True,True,1152,1212,1,1,0,0,bram
ratchet_200pct,regular1.1,other intra-block,regular1.1.add,regular1.1.thr_out,7,False,True,,2,,0,,15,srl
ratchet_200pct,regular1.1,dup output,regular1.1.dup,regular1.1.mvau_r,6,False,True,,2,,0,,14,srl
ratchet_200pct,regular1.1,dup output,regular1.1.dup,regular1.1.thr_s,6,False,True,,2,,0,,14,srl
ratchet_200pct,regular1.1,DWC side,regular1.1.dwc,regular1.1.thr_m,18,False,True,,2,,0,,26,srl
ratchet_200pct,regular1.1,other intra-block,regular1.1.fmpad,regular1.1.swg,6,False,True,,2,,0,,14,srl
ratchet_200pct,regular1.1,other intra-block,regular1.1.mvau_e,regular1.1.thr_e,15,False,True,,2,,0,,23,srl
ratchet_200pct,regular1.1,DWC side,regular1.1.mvau_m,regular1.1.dwc,36,False,True,,2,,0,,44,srl
ratchet_200pct,regular1.1,other intra-block,regular1.1.mvau_r,regular1.1.thr_r,17,False,True,,2,,0,,25,srl
ratchet_200pct,regular1.1,other intra-block,regular1.1.swg,regular1.1.mvau_m,6,False,True,,2,,0,,14,srl
ratchet_200pct,regular1.1,other intra-block,regular1.1.thr_e,regular1.1.add,6,False,True,,2,,0,,14,srl
ratchet_200pct,regular1.1,other intra-block,regular1.1.thr_m,regular1.1.mvau_e,6,False,True,,2,,0,,14,srl
ratchet_200pct,regular1.1,window prefetch (in front of FMPad),regular1.1.thr_r,regular1.1.fmpad,6,True,True,266,266,1,1,0,0,bram
ratchet_200pct,regular1.1,skip FIFO,regular1.1.thr_s,regular1.1.add,6,True,True,1152,1212,1,1,0,0,bram
ratchet_200pct,regular1.2,other intra-block,regular1.2.add,regular1.2.thr_out,7,False,True,,2,,0,,15,srl
ratchet_200pct,regular1.2,dup output,regular1.2.dup,regular1.2.mvau_r,6,False,True,,2,,0,,14,srl
ratchet_200pct,regular1.2,dup output,regular1.2.dup,regular1.2.thr_s,6,False,True,,2,,0,,14,srl
ratchet_200pct,regular1.2,DWC side,regular1.2.dwc,regular1.2.thr_m,18,False,True,,2,,0,,26,srl
ratchet_200pct,regular1.2,other intra-block,regular1.2.fmpad,regular1.2.swg,6,False,True,,2,,0,,14,srl
ratchet_200pct,regular1.2,other intra-block,regular1.2.mvau_e,regular1.2.thr_e,15,False,True,,2,,0,,23,srl
ratchet_200pct,regular1.2,DWC side,regular1.2.mvau_m,regular1.2.dwc,36,False,True,,2,,0,,44,srl
ratchet_200pct,regular1.2,other intra-block,regular1.2.mvau_r,regular1.2.thr_r,17,False,True,,2,,0,,25,srl
ratchet_200pct,regular1.2,other intra-block,regular1.2.swg,regular1.2.mvau_m,6,False,True,,2,,0,,14,srl
ratchet_200pct,regular1.2,other intra-block,regular1.2.thr_e,regular1.2.add,6,False,True,,2,,0,,14,srl
ratchet_200pct,regular1.2,other intra-block,regular1.2.thr_m,regular1.2.mvau_e,6,False,True,,2,,0,,14,srl
ratchet_200pct,regular1.2,window prefetch (in front of FMPad),regular1.2.thr_r,regular1.2.fmpad,6,True,True,266,266,1,1,0,0,bram
ratchet_200pct,regular1.2,skip FIFO,regular1.2.thr_s,regular1.2.add,6,True,True,1152,1212,1,1,0,0,bram
ratchet_200pct,regular1.3,other intra-block,regular1.3.add,regular1.3.thr_out,7,False,True,,2,,0,,15,srl
ratchet_200pct,regular1.3,dup output,regular1.3.dup,regular1.3.mvau_r,6,False,True,,2,,0,,14,srl
ratchet_200pct,regular1.3,dup output,regular1.3.dup,regular1.3.thr_s,6,False,True,,2,,0,,14,srl
ratchet_200pct,regular1.3,DWC side,regular1.3.dwc,regular1.3.thr_m,18,False,True,,2,,0,,26,srl
ratchet_200pct,regular1.3,other intra-block,regular1.3.fmpad,regular1.3.swg,6,False,True,,2,,0,,14,srl
ratchet_200pct,regular1.3,other intra-block,regular1.3.mvau_e,regular1.3.thr_e,15,False,True,,2,,0,,23,srl
ratchet_200pct,regular1.3,DWC side,regular1.3.mvau_m,regular1.3.dwc,36,False,True,,2,,0,,44,srl
ratchet_200pct,regular1.3,other intra-block,regular1.3.mvau_r,regular1.3.thr_r,17,False,True,,2,,0,,25,srl
ratchet_200pct,regular1.3,other intra-block,regular1.3.swg,regular1.3.mvau_m,6,False,True,,2,,0,,14,srl
ratchet_200pct,regular1.3,other intra-block,regular1.3.thr_e,regular1.3.add,6,False,True,,2,,0,,14,srl
ratchet_200pct,regular1.3,other intra-block,regular1.3.thr_m,regular1.3.mvau_e,6,False,True,,2,,0,,14,srl
ratchet_200pct,regular1.3,window prefetch (in front of FMPad),regular1.3.thr_r,regular1.3.fmpad,6,True,True,266,266,1,1,0,0,bram
ratchet_200pct,regular1.3,skip FIFO,regular1.3.thr_s,regular1.3.add,6,True,True,1152,1212,1,1,0,0,bram
ratchet_200pct,regular4.0,other intra-block,regular4.0.add,regular4.0.thr_out,7,False,True,,2,,0,,15,srl
ratchet_200pct,regular4.0,dup output,regular4.0.dup,regular4.0.mvau_r,6,False,True,,2,,0,,14,srl
ratchet_200pct,regular4.0,dup output,regular4.0.dup,regular4.0.thr_s,6,False,True,,2,,0,,14,srl
ratchet_200pct,regular4.0,DWC side,regular4.0.dwc,regular4.0.thr_m,18,False,True,,2,,0,,26,srl
ratchet_200pct,regular4.0,other intra-block,regular4.0.fmpad,regular4.0.swg,6,False,True,,2,,0,,14,srl
ratchet_200pct,regular4.0,other intra-block,regular4.0.mvau_e,regular4.0.thr_e,15,False,True,,2,,0,,23,srl
ratchet_200pct,regular4.0,DWC side,regular4.0.mvau_m,regular4.0.dwc,36,False,True,,2,,0,,44,srl
ratchet_200pct,regular4.0,other intra-block,regular4.0.mvau_r,regular4.0.thr_r,17,False,True,,2,,0,,25,srl
ratchet_200pct,regular4.0,other intra-block,regular4.0.swg,regular4.0.mvau_m,6,False,True,,2,,0,,14,srl
ratchet_200pct,regular4.0,other intra-block,regular4.0.thr_e,regular4.0.add,6,False,True,,2,,0,,14,srl
ratchet_200pct,regular4.0,other intra-block,regular4.0.thr_m,regular4.0.mvau_e,6,False,True,,2,,0,,14,srl
ratchet_200pct,regular4.0,window prefetch (in front of FMPad),regular4.0.thr_r,regular4.0.fmpad,6,True,True,266,266,1,1,0,0,bram
ratchet_200pct,regular4.0,skip FIFO,regular4.0.thr_s,regular4.0.add,6,True,True,1152,1212,1,1,0,0,bram
ratchet_200pct,regular4.1,other intra-block,regular4.1.add,regular4.1.thr_out,7,False,True,,2,,0,,15,srl
ratchet_200pct,regular4.1,dup output,regular4.1.dup,regular4.1.mvau_r,6,False,True,,2,,0,,14,srl
ratchet_200pct,regular4.1,dup output,regular4.1.dup,regular4.1.thr_s,6,False,True,,2,,0,,14,srl
ratchet_200pct,regular4.1,DWC side,regular4.1.dwc,regular4.1.thr_m,18,False,True,,2,,0,,26,srl
ratchet_200pct,regular4.1,other intra-block,regular4.1.fmpad,regular4.1.swg,6,False,True,,2,,0,,14,srl
ratchet_200pct,regular4.1,other intra-block,regular4.1.mvau_e,regular4.1.thr_e,15,False,True,,2,,0,,23,srl
ratchet_200pct,regular4.1,DWC side,regular4.1.mvau_m,regular4.1.dwc,36,False,True,,2,,0,,44,srl
ratchet_200pct,regular4.1,other intra-block,regular4.1.mvau_r,regular4.1.thr_r,17,False,True,,2,,0,,25,srl
ratchet_200pct,regular4.1,other intra-block,regular4.1.swg,regular4.1.mvau_m,6,False,True,,2,,0,,14,srl
ratchet_200pct,regular4.1,other intra-block,regular4.1.thr_e,regular4.1.add,6,False,True,,2,,0,,14,srl
ratchet_200pct,regular4.1,other intra-block,regular4.1.thr_m,regular4.1.mvau_e,6,False,True,,2,,0,,14,srl
ratchet_200pct,regular4.1,window prefetch (in front of FMPad),regular4.1.thr_r,regular4.1.fmpad,6,True,True,266,266,1,1,0,0,bram
ratchet_200pct,regular4.1,skip FIFO,regular4.1.thr_s,regular4.1.add,6,True,True,1152,1212,1,1,0,0,bram
ratchet_200pct,regular5.0,other intra-block,regular5.0.add,regular5.0.thr_out,7,False,True,,2,,0,,15,srl
ratchet_200pct,regular5.0,dup output,regular5.0.dup,regular5.0.mvau_r,6,False,True,,2,,0,,14,srl
ratchet_200pct,regular5.0,dup output,regular5.0.dup,regular5.0.thr_s,6,False,True,,2,,0,,14,srl
ratchet_200pct,regular5.0,other intra-block,regular5.0.fmpad,regular5.0.swg,6,False,True,,2,,0,,14,srl
ratchet_200pct,regular5.0,other intra-block,regular5.0.mvau_e,regular5.0.thr_e,13,False,True,,2,,0,,21,srl
ratchet_200pct,regular5.0,other intra-block,regular5.0.mvau_m,regular5.0.thr_m,16,False,True,,2,,0,,24,srl
ratchet_200pct,regular5.0,other intra-block,regular5.0.mvau_r,regular5.0.thr_r,15,False,True,,2,,0,,23,srl
ratchet_200pct,regular5.0,other intra-block,regular5.0.swg,regular5.0.mvau_m,6,False,True,,2,,0,,14,srl
ratchet_200pct,regular5.0,other intra-block,regular5.0.thr_e,regular5.0.add,6,False,True,,2,,0,,14,srl
ratchet_200pct,regular5.0,other intra-block,regular5.0.thr_m,regular5.0.mvau_e,6,False,True,,2,,0,,14,srl
ratchet_200pct,regular5.0,window prefetch (in front of FMPad),regular5.0.thr_r,regular5.0.fmpad,6,True,True,132,132,1,1,0,0,bram
ratchet_200pct,regular5.0,skip FIFO,regular5.0.thr_s,regular5.0.add,6,True,True,568,584,1,1,0,0,bram
ratchet_200pct,stage2.0,other intra-block,stage2.0.add,stage2.0.thr_out,7,False,True,,2,,0,,15,srl
ratchet_200pct,stage2.0,dup output,stage2.0.dup,stage2.0.mvau_r,6,False,True,,2,,0,,14,srl
ratchet_200pct,stage2.0,dup output,stage2.0.dup,stage2.0.thr_s,6,False,True,,2,,0,,14,srl
ratchet_200pct,stage2.0,DWC side,stage2.0.dwc,stage2.0.thr_m,19,False,True,,2,,0,,27,srl
ratchet_200pct,stage2.0,other intra-block,stage2.0.fmpad,stage2.0.swg,6,False,True,,2,,0,,14,srl
ratchet_200pct,stage2.0,other intra-block,stage2.0.mvau_e,stage2.0.thr_e,16,False,True,,2,,0,,24,srl
ratchet_200pct,stage2.0,DWC side,stage2.0.mvau_m,stage2.0.dwc,38,False,True,,2,,0,,46,srl
ratchet_200pct,stage2.0,other intra-block,stage2.0.mvau_r,stage2.0.thr_r,18,False,True,,2,,0,,26,srl
ratchet_200pct,stage2.0,other intra-block,stage2.0.swg,stage2.0.mvau_m,6,False,True,,2,,0,,14,srl
ratchet_200pct,stage2.0,other intra-block,stage2.0.thr_e,stage2.0.add,6,False,True,,2,,0,,14,srl
ratchet_200pct,stage2.0,other intra-block,stage2.0.thr_m,stage2.0.mvau_e,6,False,True,,2,,0,,14,srl
ratchet_200pct,stage2.0,window prefetch (in front of FMPad),stage2.0.thr_r,stage2.0.fmpad,6,True,True,538,538,1,1,0,0,bram
ratchet_200pct,stage2.0,skip FIFO,stage2.0.thr_s,stage2.0.add,6,True,True,2336,2339,2,2,0,0,bram
ratchet_200pct,stage2.1,other intra-block,stage2.1.add,stage2.1.thr_out,7,False,True,,2,,0,,15,srl
ratchet_200pct,stage2.1,dup output,stage2.1.dup,stage2.1.mvau_r,6,False,True,,2,,0,,14,srl
ratchet_200pct,stage2.1,dup output,stage2.1.dup,stage2.1.thr_s,6,False,True,,2,,0,,14,srl
ratchet_200pct,stage2.1,DWC side,stage2.1.dwc,stage2.1.thr_m,19,False,True,,2,,0,,27,srl
ratchet_200pct,stage2.1,other intra-block,stage2.1.fmpad,stage2.1.swg,6,False,True,,2,,0,,14,srl
ratchet_200pct,stage2.1,other intra-block,stage2.1.mvau_e,stage2.1.thr_e,16,False,True,,2,,0,,24,srl
ratchet_200pct,stage2.1,DWC side,stage2.1.mvau_m,stage2.1.dwc,38,False,True,,2,,0,,46,srl
ratchet_200pct,stage2.1,other intra-block,stage2.1.mvau_r,stage2.1.thr_r,18,False,True,,2,,0,,26,srl
ratchet_200pct,stage2.1,other intra-block,stage2.1.swg,stage2.1.mvau_m,6,False,True,,2,,0,,14,srl
ratchet_200pct,stage2.1,other intra-block,stage2.1.thr_e,stage2.1.add,6,False,True,,2,,0,,14,srl
ratchet_200pct,stage2.1,other intra-block,stage2.1.thr_m,stage2.1.mvau_e,6,False,True,,2,,0,,14,srl
ratchet_200pct,stage2.1,window prefetch (in front of FMPad),stage2.1.thr_r,stage2.1.fmpad,6,True,True,1066,1066,1,1,0,0,bram
ratchet_200pct,stage2.1,skip FIFO,stage2.1.thr_s,stage2.1.add,6,True,True,4640,4611,3,3,0,0,bram
ratchet_200pct,stage2.2,other intra-block,stage2.2.add,stage2.2.thr_out,7,False,True,,32,,0,,15,srl
ratchet_200pct,stage2.2,dup output,stage2.2.dup,stage2.2.mvau_r,6,False,True,,32,,0,,14,srl
ratchet_200pct,stage2.2,dup output,stage2.2.dup,stage2.2.thr_s,6,False,True,,32,,0,,14,srl
ratchet_200pct,stage2.2,DWC side,stage2.2.dwc,stage2.2.thr_m,19,False,True,,32,,0,,27,srl
ratchet_200pct,stage2.2,other intra-block,stage2.2.fmpad,stage2.2.swg,6,False,True,,24592,,12,,0,bram
ratchet_200pct,stage2.2,other intra-block,stage2.2.mvau_e,stage2.2.thr_e,16,False,True,,32,,0,,24,srl
ratchet_200pct,stage2.2,DWC side,stage2.2.mvau_m,stage2.2.dwc,38,False,True,,32,,0,,46,srl
ratchet_200pct,stage2.2,other intra-block,stage2.2.mvau_r,stage2.2.thr_r,18,False,True,,32,,0,,26,srl
ratchet_200pct,stage2.2,other intra-block,stage2.2.swg,stage2.2.mvau_m,6,False,True,,32,,0,,14,srl
ratchet_200pct,stage2.2,other intra-block,stage2.2.thr_e,stage2.2.add,6,False,True,,32,,0,,14,srl
ratchet_200pct,stage2.2,other intra-block,stage2.2.thr_m,stage2.2.mvau_e,6,False,True,,32,,0,,14,srl
ratchet_200pct,stage2.2,window prefetch (in front of FMPad),stage2.2.thr_r,stage2.2.fmpad,6,True,True,2122,16976,2,12,0,0,bram
ratchet_200pct,stage2.2,skip FIFO,stage2.2.thr_s,stage2.2.add,6,True,True,9216,9243,6,6,0,0,bram
ratchet_200pct,stage2.3,other intra-block,stage2.3.add,stage2.3.thr_out,7,False,True,,2,,0,,15,srl
ratchet_200pct,stage2.3,dup output,stage2.3.dup,stage2.3.dwc,6,False,True,,2,,0,,14,srl
ratchet_200pct,stage2.3,dup output,stage2.3.dup,stage2.3.mvau_r,6,False,True,,2,,0,,14,srl
ratchet_200pct,stage2.3,DWC side,stage2.3.dwc,stage2.3.add,6,False,True,,2,,0,,14,srl
ratchet_200pct,stage2.3,DWC side,stage2.3.dwc,stage2.3.thr_m,19,False,True,,2,,0,,27,srl
ratchet_200pct,stage2.3,DWC side,stage2.3.dwc,stage2.3.thr_s,48,False,True,,2,,0,,56,srl
ratchet_200pct,stage2.3,other intra-block,stage2.3.fmpad,stage2.3.swg,6,False,True,,2,,0,,14,srl
ratchet_200pct,stage2.3,other intra-block,stage2.3.mvau_e,stage2.3.thr_e,16,False,True,,2,,0,,24,srl
ratchet_200pct,stage2.3,DWC side,stage2.3.mvau_m,stage2.3.dwc,38,False,True,,2,,0,,46,srl
ratchet_200pct,stage2.3,other intra-block,stage2.3.mvau_r,stage2.3.thr_r,18,False,True,,2,,0,,26,srl
ratchet_200pct,stage2.3,other intra-block,stage2.3.swg,stage2.3.mvau_m,6,False,True,,2,,0,,14,srl
ratchet_200pct,stage2.3,other intra-block,stage2.3.thr_e,stage2.3.add,6,False,True,,2,,0,,14,srl
ratchet_200pct,stage2.3,other intra-block,stage2.3.thr_m,stage2.3.mvau_e,6,False,True,,2,,0,,14,srl
ratchet_200pct,stage2.3,window prefetch (in front of FMPad),stage2.3.thr_r,stage2.3.fmpad,6,True,True,4234,4234,3,3,0,0,bram
ratchet_200pct,stage2.3,skip FIFO,stage2.3.thr_s,stage2.3.add,48,True,False,2296,,0,,0,,
ratchet_200pct,stage2.3,skip FIFO,stage2.3.thr_s,stage2.3.dwc,48,False,True,,2377,,0,,0,uram
ratchet_200pct,stage2.4,other intra-block,stage2.4.add,stage2.4.thr_out,7,False,True,,2,,0,,15,srl
ratchet_200pct,stage2.4,dup output,stage2.4.dup,stage2.4.mvau_r,6,False,True,,2,,0,,14,srl
ratchet_200pct,stage2.4,dup output,stage2.4.dup,stage2.4.thr_s,6,False,True,,2,,0,,14,srl
ratchet_200pct,stage2.4,DWC side,stage2.4.dwc,stage2.4.thr_m,19,False,True,,2,,0,,27,srl
ratchet_200pct,stage2.4,other intra-block,stage2.4.fmpad,stage2.4.swg,6,False,True,,2,,0,,14,srl
ratchet_200pct,stage2.4,other intra-block,stage2.4.mvau_e,stage2.4.thr_e,16,False,True,,2,,0,,24,srl
ratchet_200pct,stage2.4,DWC side,stage2.4.mvau_m,stage2.4.dwc,38,False,True,,2,,0,,46,srl
ratchet_200pct,stage2.4,other intra-block,stage2.4.mvau_r,stage2.4.thr_r,18,False,True,,2,,0,,26,srl
ratchet_200pct,stage2.4,other intra-block,stage2.4.swg,stage2.4.mvau_m,6,False,True,,2,,0,,14,srl
ratchet_200pct,stage2.4,other intra-block,stage2.4.thr_e,stage2.4.add,6,False,True,,2,,0,,14,srl
ratchet_200pct,stage2.4,other intra-block,stage2.4.thr_m,stage2.4.mvau_e,6,False,True,,2,,0,,14,srl
ratchet_200pct,stage2.4,window prefetch (in front of FMPad),stage2.4.thr_r,stage2.4.fmpad,6,True,True,538,538,1,1,0,0,bram
ratchet_200pct,stage2.4,skip FIFO,stage2.4.thr_s,stage2.4.add,6,True,True,2336,2339,2,2,0,0,bram
ratchet_200pct,stage2.5,other intra-block,stage2.5.add,stage2.5.thr_out,7,False,True,,2,,0,,15,srl
ratchet_200pct,stage2.5,dup output,stage2.5.dup,stage2.5.mvau_r,6,False,True,,2,,0,,14,srl
ratchet_200pct,stage2.5,dup output,stage2.5.dup,stage2.5.thr_s,6,False,True,,2,,0,,14,srl
ratchet_200pct,stage2.5,DWC side,stage2.5.dwc,stage2.5.thr_m,19,False,True,,2,,0,,27,srl
ratchet_200pct,stage2.5,other intra-block,stage2.5.fmpad,stage2.5.swg,6,False,True,,2,,0,,14,srl
ratchet_200pct,stage2.5,other intra-block,stage2.5.mvau_e,stage2.5.thr_e,16,False,True,,2,,0,,24,srl
ratchet_200pct,stage2.5,DWC side,stage2.5.mvau_m,stage2.5.dwc,38,False,True,,2,,0,,46,srl
ratchet_200pct,stage2.5,other intra-block,stage2.5.mvau_r,stage2.5.thr_r,18,False,True,,2,,0,,26,srl
ratchet_200pct,stage2.5,other intra-block,stage2.5.swg,stage2.5.mvau_m,6,False,True,,2,,0,,14,srl
ratchet_200pct,stage2.5,other intra-block,stage2.5.thr_e,stage2.5.add,6,False,True,,2,,0,,14,srl
ratchet_200pct,stage2.5,other intra-block,stage2.5.thr_m,stage2.5.mvau_e,6,False,True,,2,,0,,14,srl
ratchet_200pct,stage2.5,window prefetch (in front of FMPad),stage2.5.thr_r,stage2.5.fmpad,6,True,True,1066,1066,1,1,0,0,bram
ratchet_200pct,stage2.5,skip FIFO,stage2.5.thr_s,stage2.5.add,6,True,True,4640,4611,3,3,0,0,bram
ratchet_200pct,stage2.6,other intra-block,stage2.6.add,stage2.6.thr_out,7,False,True,,32,,0,,15,srl
ratchet_200pct,stage2.6,dup output,stage2.6.dup,stage2.6.mvau_r,6,False,True,,32,,0,,14,srl
ratchet_200pct,stage2.6,dup output,stage2.6.dup,stage2.6.thr_s,6,False,True,,32,,0,,14,srl
ratchet_200pct,stage2.6,DWC side,stage2.6.dwc,stage2.6.thr_m,19,False,True,,32,,0,,27,srl
ratchet_200pct,stage2.6,other intra-block,stage2.6.fmpad,stage2.6.swg,6,False,True,,24592,,12,,0,bram
ratchet_200pct,stage2.6,other intra-block,stage2.6.mvau_e,stage2.6.thr_e,16,False,True,,32,,0,,24,srl
ratchet_200pct,stage2.6,DWC side,stage2.6.mvau_m,stage2.6.dwc,38,False,True,,32,,0,,46,srl
ratchet_200pct,stage2.6,other intra-block,stage2.6.mvau_r,stage2.6.thr_r,18,False,True,,32,,0,,26,srl
ratchet_200pct,stage2.6,other intra-block,stage2.6.swg,stage2.6.mvau_m,6,False,True,,32,,0,,14,srl
ratchet_200pct,stage2.6,other intra-block,stage2.6.thr_e,stage2.6.add,6,False,True,,32,,0,,14,srl
ratchet_200pct,stage2.6,other intra-block,stage2.6.thr_m,stage2.6.mvau_e,6,False,True,,32,,0,,14,srl
ratchet_200pct,stage2.6,window prefetch (in front of FMPad),stage2.6.thr_r,stage2.6.fmpad,6,True,True,2122,16976,2,12,0,0,bram
ratchet_200pct,stage2.6,skip FIFO,stage2.6.thr_s,stage2.6.add,6,True,True,9216,9243,6,6,0,0,bram
ratchet_200pct,stage2.7,other intra-block,stage2.7.add,stage2.7.thr_out,7,False,True,,2,,0,,15,srl
ratchet_200pct,stage2.7,dup output,stage2.7.dup,stage2.7.dwc,6,False,True,,2,,0,,14,srl
ratchet_200pct,stage2.7,dup output,stage2.7.dup,stage2.7.mvau_r,6,False,True,,2,,0,,14,srl
ratchet_200pct,stage2.7,DWC side,stage2.7.dwc,stage2.7.add,6,False,True,,2,,0,,14,srl
ratchet_200pct,stage2.7,DWC side,stage2.7.dwc,stage2.7.thr_m,19,False,True,,2,,0,,27,srl
ratchet_200pct,stage2.7,DWC side,stage2.7.dwc,stage2.7.thr_s,48,False,True,,2,,0,,56,srl
ratchet_200pct,stage2.7,other intra-block,stage2.7.fmpad,stage2.7.swg,6,False,True,,2,,0,,14,srl
ratchet_200pct,stage2.7,other intra-block,stage2.7.mvau_e,stage2.7.thr_e,16,False,True,,2,,0,,24,srl
ratchet_200pct,stage2.7,DWC side,stage2.7.mvau_m,stage2.7.dwc,38,False,True,,2,,0,,46,srl
ratchet_200pct,stage2.7,other intra-block,stage2.7.mvau_r,stage2.7.thr_r,18,False,True,,2,,0,,26,srl
ratchet_200pct,stage2.7,other intra-block,stage2.7.swg,stage2.7.mvau_m,6,False,True,,2,,0,,14,srl
ratchet_200pct,stage2.7,other intra-block,stage2.7.thr_e,stage2.7.add,6,False,True,,2,,0,,14,srl
ratchet_200pct,stage2.7,other intra-block,stage2.7.thr_m,stage2.7.mvau_e,6,False,True,,2,,0,,14,srl
ratchet_200pct,stage2.7,window prefetch (in front of FMPad),stage2.7.thr_r,stage2.7.fmpad,6,True,True,4234,4234,3,3,0,0,bram
ratchet_200pct,stage2.7,skip FIFO,stage2.7.thr_s,stage2.7.add,48,True,False,2296,,0,,0,,
ratchet_200pct,stage2.7,skip FIFO,stage2.7.thr_s,stage2.7.dwc,48,False,True,,2377,,0,,0,uram
ratchet_200pct,stage3.0,other intra-block,stage3.0.add,stage3.0.thr_out,7,False,True,,2,,0,,15,srl
ratchet_200pct,stage3.0,dup output,stage3.0.dup,stage3.0.mvau_r,6,False,True,,2,,0,,14,srl
ratchet_200pct,stage3.0,dup output,stage3.0.dup,stage3.0.thr_s,6,False,True,,2,,0,,14,srl
ratchet_200pct,stage3.0,DWC side,stage3.0.dwc,stage3.0.thr_m,19,False,True,,2,,0,,27,srl
ratchet_200pct,stage3.0,other intra-block,stage3.0.fmpad,stage3.0.swg,6,False,True,,2,,0,,14,srl
ratchet_200pct,stage3.0,other intra-block,stage3.0.mvau_e,stage3.0.thr_e,16,False,True,,2,,0,,24,srl
ratchet_200pct,stage3.0,DWC side,stage3.0.mvau_m,stage3.0.dwc,38,False,True,,2,,0,,46,srl
ratchet_200pct,stage3.0,other intra-block,stage3.0.mvau_r,stage3.0.thr_r,18,False,True,,2,,0,,26,srl
ratchet_200pct,stage3.0,other intra-block,stage3.0.swg,stage3.0.mvau_m,6,False,True,,2,,0,,14,srl
ratchet_200pct,stage3.0,other intra-block,stage3.0.thr_e,stage3.0.add,6,False,True,,2,,0,,14,srl
ratchet_200pct,stage3.0,other intra-block,stage3.0.thr_m,stage3.0.mvau_e,6,False,True,,2,,0,,14,srl
ratchet_200pct,stage3.0,window prefetch (in front of FMPad),stage3.0.thr_r,stage3.0.fmpad,6,True,True,538,538,1,1,0,0,bram
ratchet_200pct,stage3.0,skip FIFO,stage3.0.thr_s,stage3.0.add,6,True,True,2336,2339,2,2,0,0,bram
ratchet_200pct,stage3.1,other intra-block,stage3.1.add,stage3.1.thr_out,7,False,True,,2,,0,,15,srl
ratchet_200pct,stage3.1,dup output,stage3.1.dup,stage3.1.mvau_r,6,False,True,,2,,0,,14,srl
ratchet_200pct,stage3.1,dup output,stage3.1.dup,stage3.1.thr_s,6,False,True,,2,,0,,14,srl
ratchet_200pct,stage3.1,DWC side,stage3.1.dwc,stage3.1.thr_m,19,False,True,,2,,0,,27,srl
ratchet_200pct,stage3.1,other intra-block,stage3.1.fmpad,stage3.1.swg,6,False,True,,2,,0,,14,srl
ratchet_200pct,stage3.1,other intra-block,stage3.1.mvau_e,stage3.1.thr_e,16,False,True,,2,,0,,24,srl
ratchet_200pct,stage3.1,DWC side,stage3.1.mvau_m,stage3.1.dwc,38,False,True,,2,,0,,46,srl
ratchet_200pct,stage3.1,other intra-block,stage3.1.mvau_r,stage3.1.thr_r,18,False,True,,2,,0,,26,srl
ratchet_200pct,stage3.1,other intra-block,stage3.1.swg,stage3.1.mvau_m,6,False,True,,2,,0,,14,srl
ratchet_200pct,stage3.1,other intra-block,stage3.1.thr_e,stage3.1.add,6,False,True,,2,,0,,14,srl
ratchet_200pct,stage3.1,other intra-block,stage3.1.thr_m,stage3.1.mvau_e,6,False,True,,2,,0,,14,srl
ratchet_200pct,stage3.1,window prefetch (in front of FMPad),stage3.1.thr_r,stage3.1.fmpad,6,True,True,1066,1066,1,1,0,0,bram
ratchet_200pct,stage3.1,skip FIFO,stage3.1.thr_s,stage3.1.add,6,True,True,4640,4611,3,3,0,0,bram
ratchet_200pct,stage3.2,other intra-block,stage3.2.add,stage3.2.thr_out,7,False,True,,32,,0,,15,srl
ratchet_200pct,stage3.2,dup output,stage3.2.dup,stage3.2.mvau_r,6,False,True,,32,,0,,14,srl
ratchet_200pct,stage3.2,dup output,stage3.2.dup,stage3.2.thr_s,6,False,True,,32,,0,,14,srl
ratchet_200pct,stage3.2,DWC side,stage3.2.dwc,stage3.2.thr_m,19,False,True,,32,,0,,27,srl
ratchet_200pct,stage3.2,other intra-block,stage3.2.fmpad,stage3.2.swg,6,False,True,,24592,,12,,0,bram
ratchet_200pct,stage3.2,other intra-block,stage3.2.mvau_e,stage3.2.thr_e,16,False,True,,32,,0,,24,srl
ratchet_200pct,stage3.2,DWC side,stage3.2.mvau_m,stage3.2.dwc,38,False,True,,32,,0,,46,srl
ratchet_200pct,stage3.2,other intra-block,stage3.2.mvau_r,stage3.2.thr_r,18,False,True,,32,,0,,26,srl
ratchet_200pct,stage3.2,other intra-block,stage3.2.swg,stage3.2.mvau_m,6,False,True,,32,,0,,14,srl
ratchet_200pct,stage3.2,other intra-block,stage3.2.thr_e,stage3.2.add,6,False,True,,32,,0,,14,srl
ratchet_200pct,stage3.2,other intra-block,stage3.2.thr_m,stage3.2.mvau_e,6,False,True,,32,,0,,14,srl
ratchet_200pct,stage3.2,window prefetch (in front of FMPad),stage3.2.thr_r,stage3.2.fmpad,6,True,True,2122,16976,2,12,0,0,bram
ratchet_200pct,stage3.2,skip FIFO,stage3.2.thr_s,stage3.2.add,6,True,True,9216,9243,6,6,0,0,bram
ratchet_200pct,stage3.3,other intra-block,stage3.3.add,stage3.3.thr_out,7,False,True,,2,,0,,15,srl
ratchet_200pct,stage3.3,dup output,stage3.3.dup,stage3.3.dwc,6,False,True,,2,,0,,14,srl
ratchet_200pct,stage3.3,dup output,stage3.3.dup,stage3.3.mvau_r,6,False,True,,2,,0,,14,srl
ratchet_200pct,stage3.3,DWC side,stage3.3.dwc,stage3.3.add,6,False,True,,2,,0,,14,srl
ratchet_200pct,stage3.3,DWC side,stage3.3.dwc,stage3.3.thr_m,19,False,True,,2,,0,,27,srl
ratchet_200pct,stage3.3,DWC side,stage3.3.dwc,stage3.3.thr_s,48,False,True,,2,,0,,56,srl
ratchet_200pct,stage3.3,other intra-block,stage3.3.fmpad,stage3.3.swg,6,False,True,,2,,0,,14,srl
ratchet_200pct,stage3.3,other intra-block,stage3.3.mvau_e,stage3.3.thr_e,16,False,True,,2,,0,,24,srl
ratchet_200pct,stage3.3,DWC side,stage3.3.mvau_m,stage3.3.dwc,38,False,True,,2,,0,,46,srl
ratchet_200pct,stage3.3,other intra-block,stage3.3.mvau_r,stage3.3.thr_r,18,False,True,,2,,0,,26,srl
ratchet_200pct,stage3.3,other intra-block,stage3.3.swg,stage3.3.mvau_m,6,False,True,,2,,0,,14,srl
ratchet_200pct,stage3.3,other intra-block,stage3.3.thr_e,stage3.3.add,6,False,True,,2,,0,,14,srl
ratchet_200pct,stage3.3,other intra-block,stage3.3.thr_m,stage3.3.mvau_e,6,False,True,,2,,0,,14,srl
ratchet_200pct,stage3.3,window prefetch (in front of FMPad),stage3.3.thr_r,stage3.3.fmpad,6,True,True,4234,4234,3,3,0,0,bram
ratchet_200pct,stage3.3,skip FIFO,stage3.3.thr_s,stage3.3.add,48,True,False,2296,,0,,0,,
ratchet_200pct,stage3.3,skip FIFO,stage3.3.thr_s,stage3.3.dwc,48,False,True,,2377,,0,,0,uram
ratchet_200pct,stage3.4,other intra-block,stage3.4.add,stage3.4.thr_out,7,False,True,,2,,0,,15,srl
ratchet_200pct,stage3.4,dup output,stage3.4.dup,stage3.4.mvau_r,6,False,True,,2,,0,,14,srl
ratchet_200pct,stage3.4,dup output,stage3.4.dup,stage3.4.thr_s,6,False,True,,2,,0,,14,srl
ratchet_200pct,stage3.4,DWC side,stage3.4.dwc,stage3.4.thr_m,19,False,True,,2,,0,,27,srl
ratchet_200pct,stage3.4,other intra-block,stage3.4.fmpad,stage3.4.swg,6,False,True,,2,,0,,14,srl
ratchet_200pct,stage3.4,other intra-block,stage3.4.mvau_e,stage3.4.thr_e,16,False,True,,2,,0,,24,srl
ratchet_200pct,stage3.4,DWC side,stage3.4.mvau_m,stage3.4.dwc,38,False,True,,2,,0,,46,srl
ratchet_200pct,stage3.4,other intra-block,stage3.4.mvau_r,stage3.4.thr_r,18,False,True,,2,,0,,26,srl
ratchet_200pct,stage3.4,other intra-block,stage3.4.swg,stage3.4.mvau_m,6,False,True,,2,,0,,14,srl
ratchet_200pct,stage3.4,other intra-block,stage3.4.thr_e,stage3.4.add,6,False,True,,2,,0,,14,srl
ratchet_200pct,stage3.4,other intra-block,stage3.4.thr_m,stage3.4.mvau_e,6,False,True,,2,,0,,14,srl
ratchet_200pct,stage3.4,window prefetch (in front of FMPad),stage3.4.thr_r,stage3.4.fmpad,6,True,True,538,538,1,1,0,0,bram
ratchet_200pct,stage3.4,skip FIFO,stage3.4.thr_s,stage3.4.add,6,True,True,2336,2339,2,2,0,0,bram
ratchet_200pct,stage3.5,other intra-block,stage3.5.add,stage3.5.thr_out,7,False,True,,2,,0,,15,srl
ratchet_200pct,stage3.5,dup output,stage3.5.dup,stage3.5.mvau_r,6,False,True,,2,,0,,14,srl
ratchet_200pct,stage3.5,dup output,stage3.5.dup,stage3.5.thr_s,6,False,True,,2,,0,,14,srl
ratchet_200pct,stage3.5,DWC side,stage3.5.dwc,stage3.5.thr_m,19,False,True,,2,,0,,27,srl
ratchet_200pct,stage3.5,other intra-block,stage3.5.fmpad,stage3.5.swg,6,False,True,,2,,0,,14,srl
ratchet_200pct,stage3.5,other intra-block,stage3.5.mvau_e,stage3.5.thr_e,16,False,True,,2,,0,,24,srl
ratchet_200pct,stage3.5,DWC side,stage3.5.mvau_m,stage3.5.dwc,38,False,True,,2,,0,,46,srl
ratchet_200pct,stage3.5,other intra-block,stage3.5.mvau_r,stage3.5.thr_r,18,False,True,,2,,0,,26,srl
ratchet_200pct,stage3.5,other intra-block,stage3.5.swg,stage3.5.mvau_m,6,False,True,,2,,0,,14,srl
ratchet_200pct,stage3.5,other intra-block,stage3.5.thr_e,stage3.5.add,6,False,True,,2,,0,,14,srl
ratchet_200pct,stage3.5,other intra-block,stage3.5.thr_m,stage3.5.mvau_e,6,False,True,,2,,0,,14,srl
ratchet_200pct,stage3.5,window prefetch (in front of FMPad),stage3.5.thr_r,stage3.5.fmpad,6,True,True,1066,1066,1,1,0,0,bram
ratchet_200pct,stage3.5,skip FIFO,stage3.5.thr_s,stage3.5.add,6,True,True,4640,4611,3,3,0,0,bram
ratchet_200pct,stage3.6,other intra-block,stage3.6.add,stage3.6.thr_out,7,False,True,,32,,0,,15,srl
ratchet_200pct,stage3.6,dup output,stage3.6.dup,stage3.6.mvau_r,6,False,True,,32,,0,,14,srl
ratchet_200pct,stage3.6,dup output,stage3.6.dup,stage3.6.thr_s,6,False,True,,32,,0,,14,srl
ratchet_200pct,stage3.6,DWC side,stage3.6.dwc,stage3.6.thr_m,19,False,True,,32,,0,,27,srl
ratchet_200pct,stage3.6,other intra-block,stage3.6.fmpad,stage3.6.swg,6,False,True,,24592,,12,,0,bram
ratchet_200pct,stage3.6,other intra-block,stage3.6.mvau_e,stage3.6.thr_e,16,False,True,,32,,0,,24,srl
ratchet_200pct,stage3.6,DWC side,stage3.6.mvau_m,stage3.6.dwc,38,False,True,,32,,0,,46,srl
ratchet_200pct,stage3.6,other intra-block,stage3.6.mvau_r,stage3.6.thr_r,18,False,True,,32,,0,,26,srl
ratchet_200pct,stage3.6,other intra-block,stage3.6.swg,stage3.6.mvau_m,6,False,True,,32,,0,,14,srl
ratchet_200pct,stage3.6,other intra-block,stage3.6.thr_e,stage3.6.add,6,False,True,,32,,0,,14,srl
ratchet_200pct,stage3.6,other intra-block,stage3.6.thr_m,stage3.6.mvau_e,6,False,True,,32,,0,,14,srl
ratchet_200pct,stage3.6,window prefetch (in front of FMPad),stage3.6.thr_r,stage3.6.fmpad,6,True,True,2122,16976,2,12,0,0,bram
ratchet_200pct,stage3.6,skip FIFO,stage3.6.thr_s,stage3.6.add,6,True,True,9216,9243,6,6,0,0,bram
ratchet_200pct,stage3.7,other intra-block,stage3.7.add,stage3.7.thr_out,7,False,True,,2,,0,,15,srl
ratchet_200pct,stage3.7,dup output,stage3.7.dup,stage3.7.dwc,6,False,True,,2,,0,,14,srl
ratchet_200pct,stage3.7,dup output,stage3.7.dup,stage3.7.mvau_r,6,False,True,,2,,0,,14,srl
ratchet_200pct,stage3.7,DWC side,stage3.7.dwc,stage3.7.add,6,False,True,,2,,0,,14,srl
ratchet_200pct,stage3.7,DWC side,stage3.7.dwc,stage3.7.thr_m,19,False,True,,2,,0,,27,srl
ratchet_200pct,stage3.7,DWC side,stage3.7.dwc,stage3.7.thr_s,48,False,True,,2,,0,,56,srl
ratchet_200pct,stage3.7,other intra-block,stage3.7.fmpad,stage3.7.swg,6,False,True,,2,,0,,14,srl
ratchet_200pct,stage3.7,other intra-block,stage3.7.mvau_e,stage3.7.thr_e,16,False,True,,2,,0,,24,srl
ratchet_200pct,stage3.7,DWC side,stage3.7.mvau_m,stage3.7.dwc,38,False,True,,2,,0,,46,srl
ratchet_200pct,stage3.7,other intra-block,stage3.7.mvau_r,stage3.7.thr_r,18,False,True,,2,,0,,26,srl
ratchet_200pct,stage3.7,other intra-block,stage3.7.swg,stage3.7.mvau_m,6,False,True,,2,,0,,14,srl
ratchet_200pct,stage3.7,other intra-block,stage3.7.thr_e,stage3.7.add,6,False,True,,2,,0,,14,srl
ratchet_200pct,stage3.7,other intra-block,stage3.7.thr_m,stage3.7.mvau_e,6,False,True,,2,,0,,14,srl
ratchet_200pct,stage3.7,window prefetch (in front of FMPad),stage3.7.thr_r,stage3.7.fmpad,6,True,True,4234,4234,3,3,0,0,bram
ratchet_200pct,stage3.7,skip FIFO,stage3.7.thr_s,stage3.7.add,48,True,False,2296,,0,,0,,
ratchet_200pct,stage3.7,skip FIFO,stage3.7.thr_s,stage3.7.dwc,48,False,True,,2377,,0,,0,uram
ratchet_200pct,up4,other intra-block,up4.add,up4.thr_out,7,False,True,,2,,0,,15,srl
ratchet_200pct,up4,dup output,up4.dup,up4.mvau_p,6,False,True,,16,,0,,14,srl
ratchet_200pct,up4,dup output,up4.dup,up4.mvau_r,6,False,True,,16,,0,,14,srl
ratchet_200pct,up4,DWC side,up4.dwc,up4.thr_e,16,False,True,,2,,0,,24,srl
ratchet_200pct,up4,DWC side,up4.dwc,up4.thr_p,18,False,True,,2,,0,,26,srl
ratchet_200pct,up4,DWC side,up4.dwc,up4.thr_s,6,False,True,,16,,0,,14,srl
ratchet_200pct,up4,DWC side,up4.dwc,up4.thr_u,18,False,True,,2,,0,,26,srl
ratchet_200pct,up4,DWC side,up4.dwc,up4.upnn,96,False,True,,5,,0,,104,srl
ratchet_200pct,up4,other intra-block,up4.fmpad_u,up4.swg_u,6,False,True,,16,,0,,14,srl
ratchet_200pct,up4,window prefetch (in front of FMPad),up4.fmpadpix,up4.fmpad_u,6,False,True,,144,,1,,0,bram
ratchet_200pct,up4,DWC side,up4.mvau_e,up4.dwc,32,False,True,,2,,0,,40,srl
ratchet_200pct,up4,DWC side,up4.mvau_p,up4.dwc,36,False,True,,2,,0,,44,srl
ratchet_200pct,up4,other intra-block,up4.mvau_r,up4.thr_r,18,False,True,,2,,0,,26,srl
ratchet_200pct,up4,DWC side,up4.mvau_u,up4.dwc,72,False,True,,2,,0,,80,srl
ratchet_200pct,up4,other intra-block,up4.swg_u,up4.mvau_u,6,False,True,,16,,0,,14,srl
ratchet_200pct,up4,skip FIFO,up4.thr_e,up4.add,6,True,True,512,512,1,1,0,0,bram
ratchet_200pct,up4,DWC side,up4.thr_p,up4.dwc,6,False,True,,2,,0,,14,srl
ratchet_200pct,up4,window prefetch (in front of FMPad),up4.thr_r,up4.fmpadpix,6,False,True,,117,,1,,0,bram
ratchet_200pct,up4,other intra-block,up4.thr_s,up4.add,6,True,True,1536,761,1,1,0,0,bram
ratchet_200pct,up4,other intra-block,up4.thr_u,up4.mvau_e,6,False,True,,4,,0,,14,srl
ratchet_200pct,up4,DWC side,up4.upnn,up4.dwc,96,False,True,,16,,0,,104,srl
ratchet_200pct,up5,other intra-block,up5.add,up5.thr_out,7,False,True,,2,,0,,15,srl
ratchet_200pct,up5,dup output,up5.dup,up5.mvau_p,6,False,True,,32,,0,,14,srl
ratchet_200pct,up5,dup output,up5.dup,up5.mvau_r,6,False,True,,32,,0,,14,srl
ratchet_200pct,up5,DWC side,up5.dwc,up5.thr_s,6,False,True,,32,,0,,14,srl
ratchet_200pct,up5,DWC side,up5.dwc,up5.thr_u,17,False,True,,2,,0,,25,srl
ratchet_200pct,up5,DWC side,up5.dwc,up5.upnn,24,False,True,,10,,0,,32,srl
ratchet_200pct,up5,other intra-block,up5.fmpad_u,up5.swg_u,6,False,True,,32,,0,,14,srl
ratchet_200pct,up5,window prefetch (in front of FMPad),up5.fmpadpix,up5.fmpad_u,6,False,True,,80,,1,,0,bram
ratchet_200pct,up5,other intra-block,up5.mvau_e,up5.thr_e,15,False,True,,2,,0,,23,srl
ratchet_200pct,up5,other intra-block,up5.mvau_p,up5.thr_p,17,False,True,,2,,0,,25,srl
ratchet_200pct,up5,other intra-block,up5.mvau_r,up5.thr_r,17,False,True,,32,,0,,25,srl
ratchet_200pct,up5,DWC side,up5.mvau_u,up5.dwc,68,False,True,,2,,0,,76,srl
ratchet_200pct,up5,other intra-block,up5.swg_u,up5.mvau_u,6,False,True,,2,,0,,14,srl
ratchet_200pct,up5,skip FIFO,up5.thr_e,up5.add,6,True,True,256,256,1,1,0,0,bram
ratchet_200pct,up5,DWC side,up5.thr_p,up5.dwc,6,False,True,,2,,0,,14,srl
ratchet_200pct,up5,window prefetch (in front of FMPad),up5.thr_r,up5.fmpadpix,6,False,True,,80,,1,,0,bram
ratchet_200pct,up5,other intra-block,up5.thr_s,up5.add,6,True,True,768,355,1,1,0,0,bram
ratchet_200pct,up5,other intra-block,up5.thr_u,up5.mvau_e,6,False,True,,2,,0,,14,srl
ratchet_200pct,up5,DWC side,up5.upnn,up5.dwc,24,False,True,,32,,0,,32,srl
ratchet_off,down1,other intra-block,down1.add,down1.thr_out,7,False,True,,2,,0,,15,srl
ratchet_off,down1,dup output,down1.dup,down1.dwc,6,False,True,,2,,0,,14,srl
ratchet_off,down1,dup output,down1.dup,down1.swg_r,6,False,True,,40,,0,,20,srl
ratchet_off,down1,DWC side,down1.dwc,down1.maxpool,24,False,True,,2,,0,,32,srl
ratchet_off,down1,DWC side,down1.dwc,down1.mvau_s,6,False,True,,2,,0,,14,srl
ratchet_off,down1,DWC side,down1.dwc,down1.thr_m,18,False,True,,2,,0,,26,srl
ratchet_off,down1,other intra-block,down1.fmpad,down1.swg_m,6,False,True,,2,,0,,14,srl
ratchet_off,down1,DWC side,down1.maxpool,down1.dwc,24,False,True,,2,,0,,32,srl
ratchet_off,down1,other intra-block,down1.mvau_e,down1.thr_e,15,False,True,,2,,0,,23,srl
ratchet_off,down1,DWC side,down1.mvau_m,down1.dwc,36,False,True,,2,,0,,44,srl
ratchet_off,down1,other intra-block,down1.mvau_r,down1.thr_r,17,False,True,,2,,0,,25,srl
ratchet_off,down1,other intra-block,down1.mvau_s,down1.thr_s,17,False,True,,2,,0,,25,srl
ratchet_off,down1,other intra-block,down1.swg_m,down1.mvau_m,6,False,True,,2,,0,,14,srl
ratchet_off,down1,other intra-block,down1.swg_r,down1.mvau_r,6,False,True,,2,,0,,14,srl
ratchet_off,down1,other intra-block,down1.thr_e,down1.add,6,False,True,,2,,0,,14,srl
ratchet_off,down1,other intra-block,down1.thr_m,down1.mvau_e,6,False,True,,2,,0,,14,srl
ratchet_off,down1,window prefetch (in front of FMPad),down1.thr_r,down1.fmpad,6,True,True,266,266,1,1,0,0,bram
ratchet_off,down1,skip FIFO,down1.thr_s,down1.add,6,True,True,1280,1310,1,1,0,0,bram
ratchet_off,down2,other intra-block,down2.add,down2.thr_out,7,False,True,,2,,0,,15,srl
ratchet_off,down2,dup output,down2.dup,down2.dwc,6,False,True,,2,,0,,14,srl
ratchet_off,down2,dup output,down2.dup,down2.swg_r,6,False,True,,273,,1,,0,bram
ratchet_off,down2,DWC side,down2.dwc,down2.maxpool,96,False,True,,2,,0,,104,srl
ratchet_off,down2,DWC side,down2.dwc,down2.mvau_s,6,False,True,,2,,0,,14,srl
ratchet_off,down2,DWC side,down2.dwc,down2.thr_m,19,False,True,,2,,0,,27,srl
ratchet_off,down2,DWC side,down2.dwc,down2.thr_r,19,False,True,,2,,0,,27,srl
ratchet_off,down2,DWC side,down2.dwc,down2.thr_s,19,False,True,,2,,0,,27,srl
ratchet_off,down2,other intra-block,down2.fmpad,down2.swg_m,6,False,True,,2,,0,,14,srl
ratchet_off,down2,DWC side,down2.maxpool,down2.dwc,96,False,True,,2,,0,,104,srl
ratchet_off,down2,other intra-block,down2.mvau_e,down2.thr_e,16,False,True,,2,,0,,24,srl
ratchet_off,down2,DWC side,down2.mvau_m,down2.dwc,38,False,True,,2,,0,,46,srl
ratchet_off,down2,DWC side,down2.mvau_r,down2.dwc,38,False,True,,2,,0,,46,srl
ratchet_off,down2,DWC side,down2.mvau_s,down2.dwc,38,False,True,,2,,0,,46,srl
ratchet_off,down2,other intra-block,down2.swg_m,down2.mvau_m,6,False,True,,2,,0,,14,srl
ratchet_off,down2,other intra-block,down2.swg_r,down2.mvau_r,6,False,True,,2,,0,,14,srl
ratchet_off,down2,other intra-block,down2.thr_e,down2.add,6,False,True,,2,,0,,14,srl
ratchet_off,down2,other intra-block,down2.thr_m,down2.mvau_e,6,False,True,,2,,0,,14,srl
ratchet_off,down2,window prefetch (in front of FMPad),down2.thr_r,down2.fmpad,6,True,True,274,274,1,1,0,0,bram
ratchet_off,down2,skip FIFO,down2.thr_s,down2.add,6,True,True,1344,1296,1,1,0,0,bram
ratchet_off,final,other intra-block,final.bias,final.label_select,18,False,True,,2,,0,,26,srl
ratchet_off,final,DWC side,final.dwc,final.bias,17,False,True,,2,,0,,25,srl
ratchet_off,final,other intra-block,final.fmpad_u,final.swg_u,24,False,True,,2,,0,,32,srl
ratchet_off,final,window prefetch (in front of FMPad),final.fmpadpix,final.fmpad_u,24,False,True,,4,,0,,32,srl
ratchet_off,final,DWC side,final.mvau_f,final.dwc,85,False,True,,2,,0,,93,srl
ratchet_off,final,other intra-block,final.swg_u,final.mvau_f,24,False,True,,2,,0,,32,srl
ratchet_off,initial,DWC side,initial.concat,initial.dwc,24,False,True,,2,,0,,32,srl
ratchet_off,initial,window prefetch (in front of FMPad),initial.dup,initial.fmpad,6,True,True,260,260,1,1,0,0,bram
ratchet_off,initial,dup output,initial.dup,initial.thr_m,6,False,True,,2,,0,,14,srl
ratchet_off,initial,DWC side,initial.dwc,initial.concat,24,False,True,,2,,0,,32,srl
ratchet_off,initial,DWC side,initial.dwc,initial.thr_act,6,False,True,,2,,0,,14,srl
ratchet_off,initial,DWC side,initial.dwc,initial.thr_c,16,False,True,,2,,0,,24,srl
ratchet_off,initial,other intra-block,initial.fmpad,initial.swg,6,False,True,,2,,0,,14,srl
ratchet_off,initial,skip FIFO,initial.maxpool,initial.concat,6,False,True,,130,,1,,0,bram
ratchet_off,initial,DWC side,initial.mvau_c,initial.dwc,48,False,True,,2,,0,,56,srl
ratchet_off,initial,other intra-block,initial.swg,initial.mvau_c,6,False,True,,2,,0,,14,srl
ratchet_off,initial,DWC side,initial.thr_c,initial.dwc,6,False,True,,4,,0,,14,srl
ratchet_off,initial,other intra-block,initial.thr_in,initial.dup,6,False,True,,2,,0,,14,srl
ratchet_off,initial,other intra-block,initial.thr_m,initial.maxpool,6,False,True,,2,,0,,14,srl
ratchet_off,regular1.0,other intra-block,regular1.0.add,regular1.0.thr_out,7,False,True,,2,,0,,15,srl
ratchet_off,regular1.0,dup output,regular1.0.dup,regular1.0.mvau_r,6,False,True,,2,,0,,14,srl
ratchet_off,regular1.0,dup output,regular1.0.dup,regular1.0.thr_s,6,False,True,,2,,0,,14,srl
ratchet_off,regular1.0,DWC side,regular1.0.dwc,regular1.0.thr_m,18,False,True,,2,,0,,26,srl
ratchet_off,regular1.0,other intra-block,regular1.0.fmpad,regular1.0.swg,6,False,True,,2,,0,,14,srl
ratchet_off,regular1.0,other intra-block,regular1.0.mvau_e,regular1.0.thr_e,15,False,True,,2,,0,,23,srl
ratchet_off,regular1.0,DWC side,regular1.0.mvau_m,regular1.0.dwc,36,False,True,,2,,0,,44,srl
ratchet_off,regular1.0,other intra-block,regular1.0.mvau_r,regular1.0.thr_r,17,False,True,,2,,0,,25,srl
ratchet_off,regular1.0,other intra-block,regular1.0.swg,regular1.0.mvau_m,6,False,True,,2,,0,,14,srl
ratchet_off,regular1.0,other intra-block,regular1.0.thr_e,regular1.0.add,6,False,True,,2,,0,,14,srl
ratchet_off,regular1.0,other intra-block,regular1.0.thr_m,regular1.0.mvau_e,6,False,True,,2,,0,,14,srl
ratchet_off,regular1.0,window prefetch (in front of FMPad),regular1.0.thr_r,regular1.0.fmpad,6,True,True,266,266,1,1,0,0,bram
ratchet_off,regular1.0,skip FIFO,regular1.0.thr_s,regular1.0.add,6,True,True,1152,1212,1,1,0,0,bram
ratchet_off,regular1.1,other intra-block,regular1.1.add,regular1.1.thr_out,7,False,True,,2,,0,,15,srl
ratchet_off,regular1.1,dup output,regular1.1.dup,regular1.1.mvau_r,6,False,True,,2,,0,,14,srl
ratchet_off,regular1.1,dup output,regular1.1.dup,regular1.1.thr_s,6,False,True,,2,,0,,14,srl
ratchet_off,regular1.1,DWC side,regular1.1.dwc,regular1.1.thr_m,18,False,True,,2,,0,,26,srl
ratchet_off,regular1.1,other intra-block,regular1.1.fmpad,regular1.1.swg,6,False,True,,2,,0,,14,srl
ratchet_off,regular1.1,other intra-block,regular1.1.mvau_e,regular1.1.thr_e,15,False,True,,2,,0,,23,srl
ratchet_off,regular1.1,DWC side,regular1.1.mvau_m,regular1.1.dwc,36,False,True,,2,,0,,44,srl
ratchet_off,regular1.1,other intra-block,regular1.1.mvau_r,regular1.1.thr_r,17,False,True,,2,,0,,25,srl
ratchet_off,regular1.1,other intra-block,regular1.1.swg,regular1.1.mvau_m,6,False,True,,2,,0,,14,srl
ratchet_off,regular1.1,other intra-block,regular1.1.thr_e,regular1.1.add,6,False,True,,2,,0,,14,srl
ratchet_off,regular1.1,other intra-block,regular1.1.thr_m,regular1.1.mvau_e,6,False,True,,2,,0,,14,srl
ratchet_off,regular1.1,window prefetch (in front of FMPad),regular1.1.thr_r,regular1.1.fmpad,6,True,True,266,266,1,1,0,0,bram
ratchet_off,regular1.1,skip FIFO,regular1.1.thr_s,regular1.1.add,6,True,True,1152,1212,1,1,0,0,bram
ratchet_off,regular1.2,other intra-block,regular1.2.add,regular1.2.thr_out,7,False,True,,2,,0,,15,srl
ratchet_off,regular1.2,dup output,regular1.2.dup,regular1.2.mvau_r,6,False,True,,2,,0,,14,srl
ratchet_off,regular1.2,dup output,regular1.2.dup,regular1.2.thr_s,6,False,True,,2,,0,,14,srl
ratchet_off,regular1.2,DWC side,regular1.2.dwc,regular1.2.thr_m,18,False,True,,2,,0,,26,srl
ratchet_off,regular1.2,other intra-block,regular1.2.fmpad,regular1.2.swg,6,False,True,,2,,0,,14,srl
ratchet_off,regular1.2,other intra-block,regular1.2.mvau_e,regular1.2.thr_e,15,False,True,,2,,0,,23,srl
ratchet_off,regular1.2,DWC side,regular1.2.mvau_m,regular1.2.dwc,36,False,True,,2,,0,,44,srl
ratchet_off,regular1.2,other intra-block,regular1.2.mvau_r,regular1.2.thr_r,17,False,True,,2,,0,,25,srl
ratchet_off,regular1.2,other intra-block,regular1.2.swg,regular1.2.mvau_m,6,False,True,,2,,0,,14,srl
ratchet_off,regular1.2,other intra-block,regular1.2.thr_e,regular1.2.add,6,False,True,,2,,0,,14,srl
ratchet_off,regular1.2,other intra-block,regular1.2.thr_m,regular1.2.mvau_e,6,False,True,,2,,0,,14,srl
ratchet_off,regular1.2,window prefetch (in front of FMPad),regular1.2.thr_r,regular1.2.fmpad,6,True,True,266,266,1,1,0,0,bram
ratchet_off,regular1.2,skip FIFO,regular1.2.thr_s,regular1.2.add,6,True,True,1152,1212,1,1,0,0,bram
ratchet_off,regular1.3,other intra-block,regular1.3.add,regular1.3.thr_out,7,False,True,,2,,0,,15,srl
ratchet_off,regular1.3,dup output,regular1.3.dup,regular1.3.mvau_r,6,False,True,,2,,0,,14,srl
ratchet_off,regular1.3,dup output,regular1.3.dup,regular1.3.thr_s,6,False,True,,2,,0,,14,srl
ratchet_off,regular1.3,DWC side,regular1.3.dwc,regular1.3.thr_m,18,False,True,,2,,0,,26,srl
ratchet_off,regular1.3,other intra-block,regular1.3.fmpad,regular1.3.swg,6,False,True,,2,,0,,14,srl
ratchet_off,regular1.3,other intra-block,regular1.3.mvau_e,regular1.3.thr_e,15,False,True,,2,,0,,23,srl
ratchet_off,regular1.3,DWC side,regular1.3.mvau_m,regular1.3.dwc,36,False,True,,2,,0,,44,srl
ratchet_off,regular1.3,other intra-block,regular1.3.mvau_r,regular1.3.thr_r,17,False,True,,2,,0,,25,srl
ratchet_off,regular1.3,other intra-block,regular1.3.swg,regular1.3.mvau_m,6,False,True,,2,,0,,14,srl
ratchet_off,regular1.3,other intra-block,regular1.3.thr_e,regular1.3.add,6,False,True,,2,,0,,14,srl
ratchet_off,regular1.3,other intra-block,regular1.3.thr_m,regular1.3.mvau_e,6,False,True,,2,,0,,14,srl
ratchet_off,regular1.3,window prefetch (in front of FMPad),regular1.3.thr_r,regular1.3.fmpad,6,True,True,266,266,1,1,0,0,bram
ratchet_off,regular1.3,skip FIFO,regular1.3.thr_s,regular1.3.add,6,True,True,1152,1212,1,1,0,0,bram
ratchet_off,regular4.0,other intra-block,regular4.0.add,regular4.0.thr_out,7,False,True,,2,,0,,15,srl
ratchet_off,regular4.0,dup output,regular4.0.dup,regular4.0.mvau_r,6,False,True,,2,,0,,14,srl
ratchet_off,regular4.0,dup output,regular4.0.dup,regular4.0.thr_s,6,False,True,,2,,0,,14,srl
ratchet_off,regular4.0,DWC side,regular4.0.dwc,regular4.0.thr_m,18,False,True,,2,,0,,26,srl
ratchet_off,regular4.0,other intra-block,regular4.0.fmpad,regular4.0.swg,6,False,True,,2,,0,,14,srl
ratchet_off,regular4.0,other intra-block,regular4.0.mvau_e,regular4.0.thr_e,15,False,True,,2,,0,,23,srl
ratchet_off,regular4.0,DWC side,regular4.0.mvau_m,regular4.0.dwc,36,False,True,,2,,0,,44,srl
ratchet_off,regular4.0,other intra-block,regular4.0.mvau_r,regular4.0.thr_r,17,False,True,,2,,0,,25,srl
ratchet_off,regular4.0,other intra-block,regular4.0.swg,regular4.0.mvau_m,6,False,True,,2,,0,,14,srl
ratchet_off,regular4.0,other intra-block,regular4.0.thr_e,regular4.0.add,6,False,True,,2,,0,,14,srl
ratchet_off,regular4.0,other intra-block,regular4.0.thr_m,regular4.0.mvau_e,6,False,True,,2,,0,,14,srl
ratchet_off,regular4.0,window prefetch (in front of FMPad),regular4.0.thr_r,regular4.0.fmpad,6,True,True,266,266,1,1,0,0,bram
ratchet_off,regular4.0,skip FIFO,regular4.0.thr_s,regular4.0.add,6,True,True,1152,1212,1,1,0,0,bram
ratchet_off,regular4.1,other intra-block,regular4.1.add,regular4.1.thr_out,7,False,True,,2,,0,,15,srl
ratchet_off,regular4.1,dup output,regular4.1.dup,regular4.1.mvau_r,6,False,True,,2,,0,,14,srl
ratchet_off,regular4.1,dup output,regular4.1.dup,regular4.1.thr_s,6,False,True,,2,,0,,14,srl
ratchet_off,regular4.1,DWC side,regular4.1.dwc,regular4.1.thr_m,18,False,True,,2,,0,,26,srl
ratchet_off,regular4.1,other intra-block,regular4.1.fmpad,regular4.1.swg,6,False,True,,2,,0,,14,srl
ratchet_off,regular4.1,other intra-block,regular4.1.mvau_e,regular4.1.thr_e,15,False,True,,2,,0,,23,srl
ratchet_off,regular4.1,DWC side,regular4.1.mvau_m,regular4.1.dwc,36,False,True,,2,,0,,44,srl
ratchet_off,regular4.1,other intra-block,regular4.1.mvau_r,regular4.1.thr_r,17,False,True,,2,,0,,25,srl
ratchet_off,regular4.1,other intra-block,regular4.1.swg,regular4.1.mvau_m,6,False,True,,2,,0,,14,srl
ratchet_off,regular4.1,other intra-block,regular4.1.thr_e,regular4.1.add,6,False,True,,2,,0,,14,srl
ratchet_off,regular4.1,other intra-block,regular4.1.thr_m,regular4.1.mvau_e,6,False,True,,2,,0,,14,srl
ratchet_off,regular4.1,window prefetch (in front of FMPad),regular4.1.thr_r,regular4.1.fmpad,6,True,True,266,266,1,1,0,0,bram
ratchet_off,regular4.1,skip FIFO,regular4.1.thr_s,regular4.1.add,6,True,True,1152,1212,1,1,0,0,bram
ratchet_off,regular5.0,other intra-block,regular5.0.add,regular5.0.thr_out,7,False,True,,2,,0,,15,srl
ratchet_off,regular5.0,dup output,regular5.0.dup,regular5.0.mvau_r,6,False,True,,2,,0,,14,srl
ratchet_off,regular5.0,dup output,regular5.0.dup,regular5.0.thr_s,6,False,True,,2,,0,,14,srl
ratchet_off,regular5.0,other intra-block,regular5.0.fmpad,regular5.0.swg,6,False,True,,2,,0,,14,srl
ratchet_off,regular5.0,other intra-block,regular5.0.mvau_e,regular5.0.thr_e,13,False,True,,2,,0,,21,srl
ratchet_off,regular5.0,other intra-block,regular5.0.mvau_m,regular5.0.thr_m,16,False,True,,2,,0,,24,srl
ratchet_off,regular5.0,other intra-block,regular5.0.mvau_r,regular5.0.thr_r,15,False,True,,2,,0,,23,srl
ratchet_off,regular5.0,other intra-block,regular5.0.swg,regular5.0.mvau_m,6,False,True,,2,,0,,14,srl
ratchet_off,regular5.0,other intra-block,regular5.0.thr_e,regular5.0.add,6,False,True,,2,,0,,14,srl
ratchet_off,regular5.0,other intra-block,regular5.0.thr_m,regular5.0.mvau_e,6,False,True,,2,,0,,14,srl
ratchet_off,regular5.0,window prefetch (in front of FMPad),regular5.0.thr_r,regular5.0.fmpad,6,True,True,132,132,1,1,0,0,bram
ratchet_off,regular5.0,skip FIFO,regular5.0.thr_s,regular5.0.add,6,True,True,568,584,1,1,0,0,bram
ratchet_off,stage2.0,other intra-block,stage2.0.add,stage2.0.thr_out,7,False,True,,2,,0,,15,srl
ratchet_off,stage2.0,dup output,stage2.0.dup,stage2.0.mvau_r,6,False,True,,2,,0,,14,srl
ratchet_off,stage2.0,dup output,stage2.0.dup,stage2.0.thr_s,6,False,True,,2,,0,,14,srl
ratchet_off,stage2.0,DWC side,stage2.0.dwc,stage2.0.thr_m,19,False,True,,2,,0,,27,srl
ratchet_off,stage2.0,other intra-block,stage2.0.fmpad,stage2.0.swg,6,False,True,,2,,0,,14,srl
ratchet_off,stage2.0,other intra-block,stage2.0.mvau_e,stage2.0.thr_e,16,False,True,,2,,0,,24,srl
ratchet_off,stage2.0,DWC side,stage2.0.mvau_m,stage2.0.dwc,38,False,True,,2,,0,,46,srl
ratchet_off,stage2.0,other intra-block,stage2.0.mvau_r,stage2.0.thr_r,18,False,True,,2,,0,,26,srl
ratchet_off,stage2.0,other intra-block,stage2.0.swg,stage2.0.mvau_m,6,False,True,,2,,0,,14,srl
ratchet_off,stage2.0,other intra-block,stage2.0.thr_e,stage2.0.add,6,False,True,,2,,0,,14,srl
ratchet_off,stage2.0,other intra-block,stage2.0.thr_m,stage2.0.mvau_e,6,False,True,,2,,0,,14,srl
ratchet_off,stage2.0,window prefetch (in front of FMPad),stage2.0.thr_r,stage2.0.fmpad,6,True,True,538,538,1,1,0,0,bram
ratchet_off,stage2.0,skip FIFO,stage2.0.thr_s,stage2.0.add,6,True,True,2336,2339,2,2,0,0,bram
ratchet_off,stage2.1,other intra-block,stage2.1.add,stage2.1.thr_out,7,False,True,,2,,0,,15,srl
ratchet_off,stage2.1,dup output,stage2.1.dup,stage2.1.mvau_r,6,False,True,,2,,0,,14,srl
ratchet_off,stage2.1,dup output,stage2.1.dup,stage2.1.thr_s,6,False,True,,2,,0,,14,srl
ratchet_off,stage2.1,DWC side,stage2.1.dwc,stage2.1.thr_m,19,False,True,,2,,0,,27,srl
ratchet_off,stage2.1,other intra-block,stage2.1.fmpad,stage2.1.swg,6,False,True,,2,,0,,14,srl
ratchet_off,stage2.1,other intra-block,stage2.1.mvau_e,stage2.1.thr_e,16,False,True,,2,,0,,24,srl
ratchet_off,stage2.1,DWC side,stage2.1.mvau_m,stage2.1.dwc,38,False,True,,2,,0,,46,srl
ratchet_off,stage2.1,other intra-block,stage2.1.mvau_r,stage2.1.thr_r,18,False,True,,2,,0,,26,srl
ratchet_off,stage2.1,other intra-block,stage2.1.swg,stage2.1.mvau_m,6,False,True,,2,,0,,14,srl
ratchet_off,stage2.1,other intra-block,stage2.1.thr_e,stage2.1.add,6,False,True,,2,,0,,14,srl
ratchet_off,stage2.1,other intra-block,stage2.1.thr_m,stage2.1.mvau_e,6,False,True,,2,,0,,14,srl
ratchet_off,stage2.1,window prefetch (in front of FMPad),stage2.1.thr_r,stage2.1.fmpad,6,True,True,1066,1066,1,1,0,0,bram
ratchet_off,stage2.1,skip FIFO,stage2.1.thr_s,stage2.1.add,6,True,True,4640,4611,3,3,0,0,bram
ratchet_off,stage2.2,other intra-block,stage2.2.add,stage2.2.thr_out,7,False,True,,32,,0,,15,srl
ratchet_off,stage2.2,dup output,stage2.2.dup,stage2.2.mvau_r,6,False,True,,32,,0,,14,srl
ratchet_off,stage2.2,dup output,stage2.2.dup,stage2.2.thr_s,6,False,True,,32,,0,,14,srl
ratchet_off,stage2.2,DWC side,stage2.2.dwc,stage2.2.thr_m,19,False,True,,32,,0,,27,srl
ratchet_off,stage2.2,other intra-block,stage2.2.fmpad,stage2.2.swg,6,False,True,,24592,,12,,0,bram
ratchet_off,stage2.2,other intra-block,stage2.2.mvau_e,stage2.2.thr_e,16,False,True,,32,,0,,24,srl
ratchet_off,stage2.2,DWC side,stage2.2.mvau_m,stage2.2.dwc,38,False,True,,32,,0,,46,srl
ratchet_off,stage2.2,other intra-block,stage2.2.mvau_r,stage2.2.thr_r,18,False,True,,32,,0,,26,srl
ratchet_off,stage2.2,other intra-block,stage2.2.swg,stage2.2.mvau_m,6,False,True,,32,,0,,14,srl
ratchet_off,stage2.2,other intra-block,stage2.2.thr_e,stage2.2.add,6,False,True,,32,,0,,14,srl
ratchet_off,stage2.2,other intra-block,stage2.2.thr_m,stage2.2.mvau_e,6,False,True,,32,,0,,14,srl
ratchet_off,stage2.2,window prefetch (in front of FMPad),stage2.2.thr_r,stage2.2.fmpad,6,True,True,2122,16976,2,12,0,0,bram
ratchet_off,stage2.2,skip FIFO,stage2.2.thr_s,stage2.2.add,6,True,True,9216,9243,6,6,0,0,bram
ratchet_off,stage2.3,other intra-block,stage2.3.add,stage2.3.thr_out,7,False,True,,2,,0,,15,srl
ratchet_off,stage2.3,dup output,stage2.3.dup,stage2.3.dwc,6,False,True,,2,,0,,14,srl
ratchet_off,stage2.3,dup output,stage2.3.dup,stage2.3.mvau_r,6,False,True,,2,,0,,14,srl
ratchet_off,stage2.3,DWC side,stage2.3.dwc,stage2.3.add,6,False,True,,2,,0,,14,srl
ratchet_off,stage2.3,DWC side,stage2.3.dwc,stage2.3.thr_m,19,False,True,,2,,0,,27,srl
ratchet_off,stage2.3,DWC side,stage2.3.dwc,stage2.3.thr_s,48,False,True,,2,,0,,56,srl
ratchet_off,stage2.3,other intra-block,stage2.3.fmpad,stage2.3.swg,6,False,True,,2,,0,,14,srl
ratchet_off,stage2.3,other intra-block,stage2.3.mvau_e,stage2.3.thr_e,16,False,True,,2,,0,,24,srl
ratchet_off,stage2.3,DWC side,stage2.3.mvau_m,stage2.3.dwc,38,False,True,,2,,0,,46,srl
ratchet_off,stage2.3,other intra-block,stage2.3.mvau_r,stage2.3.thr_r,18,False,True,,2,,0,,26,srl
ratchet_off,stage2.3,other intra-block,stage2.3.swg,stage2.3.mvau_m,6,False,True,,2,,0,,14,srl
ratchet_off,stage2.3,other intra-block,stage2.3.thr_e,stage2.3.add,6,False,True,,2,,0,,14,srl
ratchet_off,stage2.3,other intra-block,stage2.3.thr_m,stage2.3.mvau_e,6,False,True,,2,,0,,14,srl
ratchet_off,stage2.3,window prefetch (in front of FMPad),stage2.3.thr_r,stage2.3.fmpad,6,True,True,4234,4234,3,3,0,0,bram
ratchet_off,stage2.3,skip FIFO,stage2.3.thr_s,stage2.3.add,48,True,False,2296,,0,,0,,
ratchet_off,stage2.3,skip FIFO,stage2.3.thr_s,stage2.3.dwc,48,False,True,,2377,,0,,0,uram
ratchet_off,stage2.4,other intra-block,stage2.4.add,stage2.4.thr_out,7,False,True,,2,,0,,15,srl
ratchet_off,stage2.4,dup output,stage2.4.dup,stage2.4.mvau_r,6,False,True,,2,,0,,14,srl
ratchet_off,stage2.4,dup output,stage2.4.dup,stage2.4.thr_s,6,False,True,,2,,0,,14,srl
ratchet_off,stage2.4,DWC side,stage2.4.dwc,stage2.4.thr_m,19,False,True,,2,,0,,27,srl
ratchet_off,stage2.4,other intra-block,stage2.4.fmpad,stage2.4.swg,6,False,True,,2,,0,,14,srl
ratchet_off,stage2.4,other intra-block,stage2.4.mvau_e,stage2.4.thr_e,16,False,True,,2,,0,,24,srl
ratchet_off,stage2.4,DWC side,stage2.4.mvau_m,stage2.4.dwc,38,False,True,,2,,0,,46,srl
ratchet_off,stage2.4,other intra-block,stage2.4.mvau_r,stage2.4.thr_r,18,False,True,,2,,0,,26,srl
ratchet_off,stage2.4,other intra-block,stage2.4.swg,stage2.4.mvau_m,6,False,True,,2,,0,,14,srl
ratchet_off,stage2.4,other intra-block,stage2.4.thr_e,stage2.4.add,6,False,True,,2,,0,,14,srl
ratchet_off,stage2.4,other intra-block,stage2.4.thr_m,stage2.4.mvau_e,6,False,True,,2,,0,,14,srl
ratchet_off,stage2.4,window prefetch (in front of FMPad),stage2.4.thr_r,stage2.4.fmpad,6,True,True,538,538,1,1,0,0,bram
ratchet_off,stage2.4,skip FIFO,stage2.4.thr_s,stage2.4.add,6,True,True,2336,2339,2,2,0,0,bram
ratchet_off,stage2.5,other intra-block,stage2.5.add,stage2.5.thr_out,7,False,True,,2,,0,,15,srl
ratchet_off,stage2.5,dup output,stage2.5.dup,stage2.5.mvau_r,6,False,True,,2,,0,,14,srl
ratchet_off,stage2.5,dup output,stage2.5.dup,stage2.5.thr_s,6,False,True,,2,,0,,14,srl
ratchet_off,stage2.5,DWC side,stage2.5.dwc,stage2.5.thr_m,19,False,True,,2,,0,,27,srl
ratchet_off,stage2.5,other intra-block,stage2.5.fmpad,stage2.5.swg,6,False,True,,2,,0,,14,srl
ratchet_off,stage2.5,other intra-block,stage2.5.mvau_e,stage2.5.thr_e,16,False,True,,2,,0,,24,srl
ratchet_off,stage2.5,DWC side,stage2.5.mvau_m,stage2.5.dwc,38,False,True,,2,,0,,46,srl
ratchet_off,stage2.5,other intra-block,stage2.5.mvau_r,stage2.5.thr_r,18,False,True,,2,,0,,26,srl
ratchet_off,stage2.5,other intra-block,stage2.5.swg,stage2.5.mvau_m,6,False,True,,2,,0,,14,srl
ratchet_off,stage2.5,other intra-block,stage2.5.thr_e,stage2.5.add,6,False,True,,2,,0,,14,srl
ratchet_off,stage2.5,other intra-block,stage2.5.thr_m,stage2.5.mvau_e,6,False,True,,2,,0,,14,srl
ratchet_off,stage2.5,window prefetch (in front of FMPad),stage2.5.thr_r,stage2.5.fmpad,6,True,True,1066,1066,1,1,0,0,bram
ratchet_off,stage2.5,skip FIFO,stage2.5.thr_s,stage2.5.add,6,True,True,4640,4611,3,3,0,0,bram
ratchet_off,stage2.6,other intra-block,stage2.6.add,stage2.6.thr_out,7,False,True,,32,,0,,15,srl
ratchet_off,stage2.6,dup output,stage2.6.dup,stage2.6.mvau_r,6,False,True,,32,,0,,14,srl
ratchet_off,stage2.6,dup output,stage2.6.dup,stage2.6.thr_s,6,False,True,,32,,0,,14,srl
ratchet_off,stage2.6,DWC side,stage2.6.dwc,stage2.6.thr_m,19,False,True,,32,,0,,27,srl
ratchet_off,stage2.6,other intra-block,stage2.6.fmpad,stage2.6.swg,6,False,True,,24592,,12,,0,bram
ratchet_off,stage2.6,other intra-block,stage2.6.mvau_e,stage2.6.thr_e,16,False,True,,32,,0,,24,srl
ratchet_off,stage2.6,DWC side,stage2.6.mvau_m,stage2.6.dwc,38,False,True,,32,,0,,46,srl
ratchet_off,stage2.6,other intra-block,stage2.6.mvau_r,stage2.6.thr_r,18,False,True,,32,,0,,26,srl
ratchet_off,stage2.6,other intra-block,stage2.6.swg,stage2.6.mvau_m,6,False,True,,32,,0,,14,srl
ratchet_off,stage2.6,other intra-block,stage2.6.thr_e,stage2.6.add,6,False,True,,32,,0,,14,srl
ratchet_off,stage2.6,other intra-block,stage2.6.thr_m,stage2.6.mvau_e,6,False,True,,32,,0,,14,srl
ratchet_off,stage2.6,window prefetch (in front of FMPad),stage2.6.thr_r,stage2.6.fmpad,6,True,True,2122,16976,2,12,0,0,bram
ratchet_off,stage2.6,skip FIFO,stage2.6.thr_s,stage2.6.add,6,True,True,9216,9243,6,6,0,0,bram
ratchet_off,stage2.7,other intra-block,stage2.7.add,stage2.7.thr_out,7,False,True,,2,,0,,15,srl
ratchet_off,stage2.7,dup output,stage2.7.dup,stage2.7.dwc,6,False,True,,2,,0,,14,srl
ratchet_off,stage2.7,dup output,stage2.7.dup,stage2.7.mvau_r,6,False,True,,2,,0,,14,srl
ratchet_off,stage2.7,DWC side,stage2.7.dwc,stage2.7.add,6,False,True,,2,,0,,14,srl
ratchet_off,stage2.7,DWC side,stage2.7.dwc,stage2.7.thr_m,19,False,True,,2,,0,,27,srl
ratchet_off,stage2.7,DWC side,stage2.7.dwc,stage2.7.thr_s,48,False,True,,2,,0,,56,srl
ratchet_off,stage2.7,other intra-block,stage2.7.fmpad,stage2.7.swg,6,False,True,,2,,0,,14,srl
ratchet_off,stage2.7,other intra-block,stage2.7.mvau_e,stage2.7.thr_e,16,False,True,,2,,0,,24,srl
ratchet_off,stage2.7,DWC side,stage2.7.mvau_m,stage2.7.dwc,38,False,True,,2,,0,,46,srl
ratchet_off,stage2.7,other intra-block,stage2.7.mvau_r,stage2.7.thr_r,18,False,True,,2,,0,,26,srl
ratchet_off,stage2.7,other intra-block,stage2.7.swg,stage2.7.mvau_m,6,False,True,,2,,0,,14,srl
ratchet_off,stage2.7,other intra-block,stage2.7.thr_e,stage2.7.add,6,False,True,,2,,0,,14,srl
ratchet_off,stage2.7,other intra-block,stage2.7.thr_m,stage2.7.mvau_e,6,False,True,,2,,0,,14,srl
ratchet_off,stage2.7,window prefetch (in front of FMPad),stage2.7.thr_r,stage2.7.fmpad,6,True,True,4234,4234,3,3,0,0,bram
ratchet_off,stage2.7,skip FIFO,stage2.7.thr_s,stage2.7.add,48,True,False,2296,,0,,0,,
ratchet_off,stage2.7,skip FIFO,stage2.7.thr_s,stage2.7.dwc,48,False,True,,2377,,0,,0,uram
ratchet_off,stage3.0,other intra-block,stage3.0.add,stage3.0.thr_out,7,False,True,,2,,0,,15,srl
ratchet_off,stage3.0,dup output,stage3.0.dup,stage3.0.mvau_r,6,False,True,,2,,0,,14,srl
ratchet_off,stage3.0,dup output,stage3.0.dup,stage3.0.thr_s,6,False,True,,2,,0,,14,srl
ratchet_off,stage3.0,DWC side,stage3.0.dwc,stage3.0.thr_m,19,False,True,,2,,0,,27,srl
ratchet_off,stage3.0,other intra-block,stage3.0.fmpad,stage3.0.swg,6,False,True,,2,,0,,14,srl
ratchet_off,stage3.0,other intra-block,stage3.0.mvau_e,stage3.0.thr_e,16,False,True,,2,,0,,24,srl
ratchet_off,stage3.0,DWC side,stage3.0.mvau_m,stage3.0.dwc,38,False,True,,2,,0,,46,srl
ratchet_off,stage3.0,other intra-block,stage3.0.mvau_r,stage3.0.thr_r,18,False,True,,2,,0,,26,srl
ratchet_off,stage3.0,other intra-block,stage3.0.swg,stage3.0.mvau_m,6,False,True,,2,,0,,14,srl
ratchet_off,stage3.0,other intra-block,stage3.0.thr_e,stage3.0.add,6,False,True,,2,,0,,14,srl
ratchet_off,stage3.0,other intra-block,stage3.0.thr_m,stage3.0.mvau_e,6,False,True,,2,,0,,14,srl
ratchet_off,stage3.0,window prefetch (in front of FMPad),stage3.0.thr_r,stage3.0.fmpad,6,True,True,538,538,1,1,0,0,bram
ratchet_off,stage3.0,skip FIFO,stage3.0.thr_s,stage3.0.add,6,True,True,2336,2339,2,2,0,0,bram
ratchet_off,stage3.1,other intra-block,stage3.1.add,stage3.1.thr_out,7,False,True,,2,,0,,15,srl
ratchet_off,stage3.1,dup output,stage3.1.dup,stage3.1.mvau_r,6,False,True,,2,,0,,14,srl
ratchet_off,stage3.1,dup output,stage3.1.dup,stage3.1.thr_s,6,False,True,,2,,0,,14,srl
ratchet_off,stage3.1,DWC side,stage3.1.dwc,stage3.1.thr_m,19,False,True,,2,,0,,27,srl
ratchet_off,stage3.1,other intra-block,stage3.1.fmpad,stage3.1.swg,6,False,True,,2,,0,,14,srl
ratchet_off,stage3.1,other intra-block,stage3.1.mvau_e,stage3.1.thr_e,16,False,True,,2,,0,,24,srl
ratchet_off,stage3.1,DWC side,stage3.1.mvau_m,stage3.1.dwc,38,False,True,,2,,0,,46,srl
ratchet_off,stage3.1,other intra-block,stage3.1.mvau_r,stage3.1.thr_r,18,False,True,,2,,0,,26,srl
ratchet_off,stage3.1,other intra-block,stage3.1.swg,stage3.1.mvau_m,6,False,True,,2,,0,,14,srl
ratchet_off,stage3.1,other intra-block,stage3.1.thr_e,stage3.1.add,6,False,True,,2,,0,,14,srl
ratchet_off,stage3.1,other intra-block,stage3.1.thr_m,stage3.1.mvau_e,6,False,True,,2,,0,,14,srl
ratchet_off,stage3.1,window prefetch (in front of FMPad),stage3.1.thr_r,stage3.1.fmpad,6,True,True,1066,1066,1,1,0,0,bram
ratchet_off,stage3.1,skip FIFO,stage3.1.thr_s,stage3.1.add,6,True,True,4640,4611,3,3,0,0,bram
ratchet_off,stage3.2,other intra-block,stage3.2.add,stage3.2.thr_out,7,False,True,,32,,0,,15,srl
ratchet_off,stage3.2,dup output,stage3.2.dup,stage3.2.mvau_r,6,False,True,,32,,0,,14,srl
ratchet_off,stage3.2,dup output,stage3.2.dup,stage3.2.thr_s,6,False,True,,32,,0,,14,srl
ratchet_off,stage3.2,DWC side,stage3.2.dwc,stage3.2.thr_m,19,False,True,,32,,0,,27,srl
ratchet_off,stage3.2,other intra-block,stage3.2.fmpad,stage3.2.swg,6,False,True,,24592,,12,,0,bram
ratchet_off,stage3.2,other intra-block,stage3.2.mvau_e,stage3.2.thr_e,16,False,True,,32,,0,,24,srl
ratchet_off,stage3.2,DWC side,stage3.2.mvau_m,stage3.2.dwc,38,False,True,,32,,0,,46,srl
ratchet_off,stage3.2,other intra-block,stage3.2.mvau_r,stage3.2.thr_r,18,False,True,,32,,0,,26,srl
ratchet_off,stage3.2,other intra-block,stage3.2.swg,stage3.2.mvau_m,6,False,True,,32,,0,,14,srl
ratchet_off,stage3.2,other intra-block,stage3.2.thr_e,stage3.2.add,6,False,True,,32,,0,,14,srl
ratchet_off,stage3.2,other intra-block,stage3.2.thr_m,stage3.2.mvau_e,6,False,True,,32,,0,,14,srl
ratchet_off,stage3.2,window prefetch (in front of FMPad),stage3.2.thr_r,stage3.2.fmpad,6,True,True,2122,16976,2,12,0,0,bram
ratchet_off,stage3.2,skip FIFO,stage3.2.thr_s,stage3.2.add,6,True,True,9216,9243,6,6,0,0,bram
ratchet_off,stage3.3,other intra-block,stage3.3.add,stage3.3.thr_out,7,False,True,,2,,0,,15,srl
ratchet_off,stage3.3,dup output,stage3.3.dup,stage3.3.dwc,6,False,True,,2,,0,,14,srl
ratchet_off,stage3.3,dup output,stage3.3.dup,stage3.3.mvau_r,6,False,True,,2,,0,,14,srl
ratchet_off,stage3.3,DWC side,stage3.3.dwc,stage3.3.add,6,False,True,,2,,0,,14,srl
ratchet_off,stage3.3,DWC side,stage3.3.dwc,stage3.3.thr_m,19,False,True,,2,,0,,27,srl
ratchet_off,stage3.3,DWC side,stage3.3.dwc,stage3.3.thr_s,48,False,True,,2,,0,,56,srl
ratchet_off,stage3.3,other intra-block,stage3.3.fmpad,stage3.3.swg,6,False,True,,2,,0,,14,srl
ratchet_off,stage3.3,other intra-block,stage3.3.mvau_e,stage3.3.thr_e,16,False,True,,2,,0,,24,srl
ratchet_off,stage3.3,DWC side,stage3.3.mvau_m,stage3.3.dwc,38,False,True,,2,,0,,46,srl
ratchet_off,stage3.3,other intra-block,stage3.3.mvau_r,stage3.3.thr_r,18,False,True,,2,,0,,26,srl
ratchet_off,stage3.3,other intra-block,stage3.3.swg,stage3.3.mvau_m,6,False,True,,2,,0,,14,srl
ratchet_off,stage3.3,other intra-block,stage3.3.thr_e,stage3.3.add,6,False,True,,2,,0,,14,srl
ratchet_off,stage3.3,other intra-block,stage3.3.thr_m,stage3.3.mvau_e,6,False,True,,2,,0,,14,srl
ratchet_off,stage3.3,window prefetch (in front of FMPad),stage3.3.thr_r,stage3.3.fmpad,6,True,True,4234,4234,3,3,0,0,bram
ratchet_off,stage3.3,skip FIFO,stage3.3.thr_s,stage3.3.add,48,True,False,2296,,0,,0,,
ratchet_off,stage3.3,skip FIFO,stage3.3.thr_s,stage3.3.dwc,48,False,True,,2377,,0,,0,uram
ratchet_off,stage3.4,other intra-block,stage3.4.add,stage3.4.thr_out,7,False,True,,2,,0,,15,srl
ratchet_off,stage3.4,dup output,stage3.4.dup,stage3.4.mvau_r,6,False,True,,2,,0,,14,srl
ratchet_off,stage3.4,dup output,stage3.4.dup,stage3.4.thr_s,6,False,True,,2,,0,,14,srl
ratchet_off,stage3.4,DWC side,stage3.4.dwc,stage3.4.thr_m,19,False,True,,2,,0,,27,srl
ratchet_off,stage3.4,other intra-block,stage3.4.fmpad,stage3.4.swg,6,False,True,,2,,0,,14,srl
ratchet_off,stage3.4,other intra-block,stage3.4.mvau_e,stage3.4.thr_e,16,False,True,,2,,0,,24,srl
ratchet_off,stage3.4,DWC side,stage3.4.mvau_m,stage3.4.dwc,38,False,True,,2,,0,,46,srl
ratchet_off,stage3.4,other intra-block,stage3.4.mvau_r,stage3.4.thr_r,18,False,True,,2,,0,,26,srl
ratchet_off,stage3.4,other intra-block,stage3.4.swg,stage3.4.mvau_m,6,False,True,,2,,0,,14,srl
ratchet_off,stage3.4,other intra-block,stage3.4.thr_e,stage3.4.add,6,False,True,,2,,0,,14,srl
ratchet_off,stage3.4,other intra-block,stage3.4.thr_m,stage3.4.mvau_e,6,False,True,,2,,0,,14,srl
ratchet_off,stage3.4,window prefetch (in front of FMPad),stage3.4.thr_r,stage3.4.fmpad,6,True,True,538,538,1,1,0,0,bram
ratchet_off,stage3.4,skip FIFO,stage3.4.thr_s,stage3.4.add,6,True,True,2336,2339,2,2,0,0,bram
ratchet_off,stage3.5,other intra-block,stage3.5.add,stage3.5.thr_out,7,False,True,,2,,0,,15,srl
ratchet_off,stage3.5,dup output,stage3.5.dup,stage3.5.mvau_r,6,False,True,,2,,0,,14,srl
ratchet_off,stage3.5,dup output,stage3.5.dup,stage3.5.thr_s,6,False,True,,2,,0,,14,srl
ratchet_off,stage3.5,DWC side,stage3.5.dwc,stage3.5.thr_m,19,False,True,,2,,0,,27,srl
ratchet_off,stage3.5,other intra-block,stage3.5.fmpad,stage3.5.swg,6,False,True,,2,,0,,14,srl
ratchet_off,stage3.5,other intra-block,stage3.5.mvau_e,stage3.5.thr_e,16,False,True,,2,,0,,24,srl
ratchet_off,stage3.5,DWC side,stage3.5.mvau_m,stage3.5.dwc,38,False,True,,2,,0,,46,srl
ratchet_off,stage3.5,other intra-block,stage3.5.mvau_r,stage3.5.thr_r,18,False,True,,2,,0,,26,srl
ratchet_off,stage3.5,other intra-block,stage3.5.swg,stage3.5.mvau_m,6,False,True,,2,,0,,14,srl
ratchet_off,stage3.5,other intra-block,stage3.5.thr_e,stage3.5.add,6,False,True,,2,,0,,14,srl
ratchet_off,stage3.5,other intra-block,stage3.5.thr_m,stage3.5.mvau_e,6,False,True,,2,,0,,14,srl
ratchet_off,stage3.5,window prefetch (in front of FMPad),stage3.5.thr_r,stage3.5.fmpad,6,True,True,1066,1066,1,1,0,0,bram
ratchet_off,stage3.5,skip FIFO,stage3.5.thr_s,stage3.5.add,6,True,True,4640,4611,3,3,0,0,bram
ratchet_off,stage3.6,other intra-block,stage3.6.add,stage3.6.thr_out,7,False,True,,32,,0,,15,srl
ratchet_off,stage3.6,dup output,stage3.6.dup,stage3.6.mvau_r,6,False,True,,32,,0,,14,srl
ratchet_off,stage3.6,dup output,stage3.6.dup,stage3.6.thr_s,6,False,True,,32,,0,,14,srl
ratchet_off,stage3.6,DWC side,stage3.6.dwc,stage3.6.thr_m,19,False,True,,32,,0,,27,srl
ratchet_off,stage3.6,other intra-block,stage3.6.fmpad,stage3.6.swg,6,False,True,,24592,,12,,0,bram
ratchet_off,stage3.6,other intra-block,stage3.6.mvau_e,stage3.6.thr_e,16,False,True,,32,,0,,24,srl
ratchet_off,stage3.6,DWC side,stage3.6.mvau_m,stage3.6.dwc,38,False,True,,32,,0,,46,srl
ratchet_off,stage3.6,other intra-block,stage3.6.mvau_r,stage3.6.thr_r,18,False,True,,32,,0,,26,srl
ratchet_off,stage3.6,other intra-block,stage3.6.swg,stage3.6.mvau_m,6,False,True,,32,,0,,14,srl
ratchet_off,stage3.6,other intra-block,stage3.6.thr_e,stage3.6.add,6,False,True,,32,,0,,14,srl
ratchet_off,stage3.6,other intra-block,stage3.6.thr_m,stage3.6.mvau_e,6,False,True,,32,,0,,14,srl
ratchet_off,stage3.6,window prefetch (in front of FMPad),stage3.6.thr_r,stage3.6.fmpad,6,True,True,2122,16976,2,12,0,0,bram
ratchet_off,stage3.6,skip FIFO,stage3.6.thr_s,stage3.6.add,6,True,True,9216,9243,6,6,0,0,bram
ratchet_off,stage3.7,other intra-block,stage3.7.add,stage3.7.thr_out,7,False,True,,2,,0,,15,srl
ratchet_off,stage3.7,dup output,stage3.7.dup,stage3.7.dwc,6,False,True,,2,,0,,14,srl
ratchet_off,stage3.7,dup output,stage3.7.dup,stage3.7.mvau_r,6,False,True,,2,,0,,14,srl
ratchet_off,stage3.7,DWC side,stage3.7.dwc,stage3.7.add,6,False,True,,2,,0,,14,srl
ratchet_off,stage3.7,DWC side,stage3.7.dwc,stage3.7.thr_m,19,False,True,,2,,0,,27,srl
ratchet_off,stage3.7,DWC side,stage3.7.dwc,stage3.7.thr_s,48,False,True,,2,,0,,56,srl
ratchet_off,stage3.7,other intra-block,stage3.7.fmpad,stage3.7.swg,6,False,True,,2,,0,,14,srl
ratchet_off,stage3.7,other intra-block,stage3.7.mvau_e,stage3.7.thr_e,16,False,True,,2,,0,,24,srl
ratchet_off,stage3.7,DWC side,stage3.7.mvau_m,stage3.7.dwc,38,False,True,,2,,0,,46,srl
ratchet_off,stage3.7,other intra-block,stage3.7.mvau_r,stage3.7.thr_r,18,False,True,,2,,0,,26,srl
ratchet_off,stage3.7,other intra-block,stage3.7.swg,stage3.7.mvau_m,6,False,True,,2,,0,,14,srl
ratchet_off,stage3.7,other intra-block,stage3.7.thr_e,stage3.7.add,6,False,True,,2,,0,,14,srl
ratchet_off,stage3.7,other intra-block,stage3.7.thr_m,stage3.7.mvau_e,6,False,True,,2,,0,,14,srl
ratchet_off,stage3.7,window prefetch (in front of FMPad),stage3.7.thr_r,stage3.7.fmpad,6,True,True,4234,4234,3,3,0,0,bram
ratchet_off,stage3.7,skip FIFO,stage3.7.thr_s,stage3.7.add,48,True,False,2296,,0,,0,,
ratchet_off,stage3.7,skip FIFO,stage3.7.thr_s,stage3.7.dwc,48,False,True,,2377,,0,,0,uram
ratchet_off,up4,other intra-block,up4.add,up4.thr_out,7,False,True,,2,,0,,15,srl
ratchet_off,up4,dup output,up4.dup,up4.mvau_p,6,False,True,,16,,0,,14,srl
ratchet_off,up4,dup output,up4.dup,up4.mvau_r,6,False,True,,16,,0,,14,srl
ratchet_off,up4,DWC side,up4.dwc,up4.thr_e,16,False,True,,2,,0,,24,srl
ratchet_off,up4,DWC side,up4.dwc,up4.thr_p,18,False,True,,2,,0,,26,srl
ratchet_off,up4,DWC side,up4.dwc,up4.thr_s,6,False,True,,16,,0,,14,srl
ratchet_off,up4,DWC side,up4.dwc,up4.thr_u,18,False,True,,2,,0,,26,srl
ratchet_off,up4,DWC side,up4.dwc,up4.upnn,96,False,True,,5,,0,,104,srl
ratchet_off,up4,other intra-block,up4.fmpad_u,up4.swg_u,6,False,True,,16,,0,,14,srl
ratchet_off,up4,window prefetch (in front of FMPad),up4.fmpadpix,up4.fmpad_u,6,False,True,,144,,1,,0,bram
ratchet_off,up4,DWC side,up4.mvau_e,up4.dwc,32,False,True,,2,,0,,40,srl
ratchet_off,up4,DWC side,up4.mvau_p,up4.dwc,36,False,True,,2,,0,,44,srl
ratchet_off,up4,other intra-block,up4.mvau_r,up4.thr_r,18,False,True,,2,,0,,26,srl
ratchet_off,up4,DWC side,up4.mvau_u,up4.dwc,72,False,True,,2,,0,,80,srl
ratchet_off,up4,other intra-block,up4.swg_u,up4.mvau_u,6,False,True,,16,,0,,14,srl
ratchet_off,up4,skip FIFO,up4.thr_e,up4.add,6,True,True,512,512,1,1,0,0,bram
ratchet_off,up4,DWC side,up4.thr_p,up4.dwc,6,False,True,,2,,0,,14,srl
ratchet_off,up4,window prefetch (in front of FMPad),up4.thr_r,up4.fmpadpix,6,False,True,,117,,1,,0,bram
ratchet_off,up4,other intra-block,up4.thr_s,up4.add,6,True,True,1536,761,1,1,0,0,bram
ratchet_off,up4,other intra-block,up4.thr_u,up4.mvau_e,6,False,True,,4,,0,,14,srl
ratchet_off,up4,DWC side,up4.upnn,up4.dwc,96,False,True,,16,,0,,104,srl
ratchet_off,up5,other intra-block,up5.add,up5.thr_out,7,False,True,,2,,0,,15,srl
ratchet_off,up5,dup output,up5.dup,up5.mvau_p,6,False,True,,32,,0,,14,srl
ratchet_off,up5,dup output,up5.dup,up5.mvau_r,6,False,True,,32,,0,,14,srl
ratchet_off,up5,DWC side,up5.dwc,up5.thr_s,6,False,True,,32,,0,,14,srl
ratchet_off,up5,DWC side,up5.dwc,up5.thr_u,17,False,True,,2,,0,,25,srl
ratchet_off,up5,DWC side,up5.dwc,up5.upnn,24,False,True,,10,,0,,32,srl
ratchet_off,up5,other intra-block,up5.fmpad_u,up5.swg_u,6,False,True,,32,,0,,14,srl
ratchet_off,up5,window prefetch (in front of FMPad),up5.fmpadpix,up5.fmpad_u,6,False,True,,80,,1,,0,bram
ratchet_off,up5,other intra-block,up5.mvau_e,up5.thr_e,15,False,True,,2,,0,,23,srl
ratchet_off,up5,other intra-block,up5.mvau_p,up5.thr_p,17,False,True,,2,,0,,25,srl
ratchet_off,up5,other intra-block,up5.mvau_r,up5.thr_r,17,False,True,,32,,0,,25,srl
ratchet_off,up5,DWC side,up5.mvau_u,up5.dwc,68,False,True,,2,,0,,76,srl
ratchet_off,up5,other intra-block,up5.swg_u,up5.mvau_u,6,False,True,,2,,0,,14,srl
ratchet_off,up5,skip FIFO,up5.thr_e,up5.add,6,True,True,256,256,1,1,0,0,bram
ratchet_off,up5,DWC side,up5.thr_p,up5.dwc,6,False,True,,2,,0,,14,srl
ratchet_off,up5,window prefetch (in front of FMPad),up5.thr_r,up5.fmpadpix,6,False,True,,80,,1,,0,bram
ratchet_off,up5,other intra-block,up5.thr_s,up5.add,6,True,True,768,355,1,1,0,0,bram
ratchet_off,up5,other intra-block,up5.thr_u,up5.mvau_e,6,False,True,,2,,0,,14,srl
ratchet_off,up5,DWC side,up5.upnn,up5.dwc,24,False,True,,32,,0,,32,srl
